timestamp_ms,gpu_index,gpu_util_pct,mem_util_pct,power_w
1782672130043,0,0,0,70.10
1782672130043,1,0,0,68.54
1782672130043,2,0,0,69.09
1782672130043,3,0,0,70.20
1782672130043,4,0,0,68.94
1782672130043,5,0,0,69.43
1782672130043,6,0,0,69.01
1782672130043,7,0,0,69.93
1782672130288,0,0,0,70.12
1782672130288,1,0,0,68.54
1782672130288,2,0,0,69.09
1782672130288,3,0,0,70.16
1782672130288,4,0,0,68.93
1782672130288,5,0,0,69.43
1782672130288,6,0,0,68.97
1782672130288,7,0,0,69.93
1782672130531,0,0,0,70.12
1782672130531,1,0,0,68.54
1782672130531,2,0,0,69.09
1782672130531,3,0,0,70.16
1782672130531,4,0,0,68.92
1782672130531,5,0,0,69.44
1782672130531,6,0,0,68.99
1782672130531,7,0,0,69.92
1782672130774,0,0,0,70.12
1782672130774,1,0,0,68.49
1782672130774,2,0,0,69.11
1782672130774,3,0,0,70.14
1782672130774,4,0,0,68.92
1782672130774,5,0,0,69.41
1782672130774,6,0,0,69.03
1782672130774,7,0,0,69.90
1782672131016,0,0,0,70.10
1782672131016,1,0,0,68.49
1782672131016,2,0,0,69.14
1782672131016,3,0,0,70.18
1782672131016,4,0,0,68.92
1782672131016,5,0,0,69.43
1782672131016,6,0,0,68.97
1782672131016,7,0,0,69.89
1782672131275,0,0,0,70.09
1782672131275,1,0,0,68.46
1782672131275,2,0,0,69.15
1782672131275,3,0,0,70.19
1782672131275,4,0,0,68.90
1782672131275,5,0,0,69.41
1782672131275,6,0,0,69.02
1782672131275,7,0,0,69.88
1782672131516,0,0,0,70.07
1782672131516,1,0,0,68.46
1782672131516,2,0,0,69.11
1782672131516,3,0,0,70.18
1782672131516,4,0,0,68.91
1782672131516,5,0,0,69.43
1782672131516,6,0,0,68.98
1782672131516,7,0,0,69.87
1782672131758,0,0,0,70.08
1782672131758,1,0,0,68.45
1782672131758,2,0,0,69.10
1782672131758,3,0,0,70.21
1782672131758,4,0,0,68.92
1782672131758,5,0,0,69.44
1782672131758,6,0,0,68.98
1782672131758,7,0,0,69.88
1782672131999,0,0,0,70.10
1782672131999,1,0,0,68.47
1782672131999,2,0,0,69.11
1782672131999,3,0,0,70.21
1782672131999,4,0,0,68.92
1782672131999,5,0,0,69.41
1782672131999,6,0,0,69.00
1782672131999,7,0,0,69.85
1782672132305,0,0,0,70.12
1782672132305,1,0,0,68.48
1782672132305,2,0,0,69.13
1782672132305,3,0,0,70.24
1782672132305,4,0,0,68.93
1782672132305,5,0,0,69.42
1782672132305,6,0,0,69.02
1782672132305,7,0,0,69.87
1782672133205,0,0,0,70.13
1782672133205,1,0,0,70.73
1782672133205,2,0,0,69.16
1782672133205,3,0,0,70.23
1782672133205,4,0,0,68.94
1782672133205,5,0,0,69.42
1782672133205,6,0,0,69.04
1782672133205,7,0,0,69.86
1782672133870,0,0,0,70.07
1782672133870,1,0,0,71.68
1782672133870,2,0,0,69.18
1782672133870,3,0,0,70.27
1782672133870,4,0,0,68.95
1782672133870,5,0,0,69.46
1782672133870,6,0,0,68.98
1782672133870,7,0,0,69.86
1782672134661,0,0,0,70.08
1782672134661,1,0,0,70.69
1782672134661,2,0,0,69.19
1782672134661,3,0,0,70.30
1782672134661,4,0,0,68.96
1782672134661,5,0,0,69.50
1782672134661,6,0,0,68.99
1782672134661,7,0,0,69.92
1782672135142,0,0,0,70.07
1782672135142,1,0,0,70.08
1782672135142,2,0,0,69.18
1782672135142,3,0,0,70.29
1782672135142,4,0,0,68.97
1782672135142,5,0,0,69.48
1782672135142,6,0,0,68.97
1782672135142,7,0,0,69.90
1782672135387,0,0,0,70.08
1782672135387,1,0,0,69.15
1782672135387,2,0,0,69.16
1782672135387,3,0,0,70.28
1782672135387,4,0,0,68.98
1782672135387,5,0,0,69.48
1782672135387,6,0,0,68.99
1782672135387,7,0,0,69.91
1782672135630,0,0,0,70.10
1782672135630,1,0,0,68.53
1782672135630,2,0,0,69.12
1782672135630,3,0,0,70.30
1782672135630,4,0,0,68.96
1782672135630,5,0,0,69.46
1782672135630,6,0,0,68.95
1782672135630,7,0,0,69.90
1782672135875,0,0,0,70.09
1782672135875,1,0,0,68.54
1782672135875,2,0,0,69.08
1782672135875,3,0,0,70.27
1782672135875,4,0,0,68.94
1782672135875,5,0,0,69.45
1782672135875,6,0,0,68.99
1782672135875,7,0,0,69.91
1782672136118,0,0,0,70.10
1782672136118,1,0,0,68.54
1782672136118,2,0,0,69.05
1782672136118,3,0,0,70.23
1782672136118,4,0,0,68.95
1782672136118,5,0,0,69.44
1782672136118,6,0,0,68.91
1782672136118,7,0,0,69.92
1782672136427,0,0,0,70.10
1782672136427,1,0,0,68.53
1782672136427,2,0,0,69.03
1782672136427,3,0,0,70.22
1782672136427,4,0,0,68.95
1782672136427,5,0,0,69.41
1782672136427,6,0,0,68.96
1782672136427,7,0,0,69.91
1782672136675,0,0,0,70.11
1782672136675,1,0,0,68.52
1782672136675,2,0,0,69.05
1782672136675,3,0,0,70.21
1782672136675,4,0,0,68.96
1782672136675,5,0,0,69.41
1782672136675,6,0,0,68.92
1782672136675,7,0,0,69.90
1782672136920,0,0,0,70.12
1782672136920,1,0,0,68.51
1782672136920,2,0,0,69.05
1782672136920,3,0,0,70.19
1782672136920,4,0,0,68.93
1782672136920,5,0,0,69.43
1782672136920,6,0,0,68.93
1782672136920,7,0,0,69.90
1782672137165,0,0,0,70.11
1782672137165,1,0,0,68.47
1782672137165,2,0,0,69.08
1782672137165,3,0,0,70.19
1782672137165,4,0,0,68.92
1782672137165,5,0,0,69.44
1782672137165,6,0,0,68.95
1782672137165,7,0,0,69.89
1782672137414,0,0,0,70.12
1782672137414,1,0,0,68.46
1782672137414,2,0,0,69.12
1782672137414,3,0,0,70.18
1782672137414,4,0,0,68.88
1782672137414,5,0,0,69.47
1782672137414,6,0,0,68.98
1782672137414,7,0,0,69.91
1782672137660,0,0,0,70.10
1782672137660,1,0,0,68.45
1782672137660,2,0,0,69.12
1782672137660,3,0,0,70.19
1782672137660,4,0,0,68.86
1782672137660,5,0,0,69.44
1782672137660,6,0,0,68.96
1782672137660,7,0,0,69.88
1782672137904,0,0,0,70.09
1782672137904,1,0,0,68.43
1782672137904,2,0,0,69.16
1782672137904,3,0,0,70.15
1782672137904,4,0,0,68.88
1782672137904,5,0,0,69.44
1782672137904,6,0,0,69.04
1782672137904,7,0,0,69.86
1782672138156,0,0,0,70.10
1782672138156,1,0,0,68.47
1782672138156,2,0,0,69.15
1782672138156,3,0,0,70.15
1782672138156,4,0,0,68.88
1782672138156,5,0,0,69.43
1782672138156,6,0,0,68.98
1782672138156,7,0,0,69.82
1782672138446,0,0,0,70.10
1782672138446,1,0,0,68.50
1782672138446,2,0,0,69.12
1782672138446,3,0,0,70.21
1782672138446,4,0,0,68.91
1782672138446,5,0,0,69.43
1782672138446,6,0,0,68.96
1782672138446,7,0,0,69.82
1782672139152,0,0,0,70.09
1782672139152,1,0,0,68.48
1782672139152,2,0,0,69.12
1782672139152,3,0,0,70.25
1782672139152,4,0,0,68.93
1782672139152,5,0,0,69.43
1782672139152,6,0,0,68.98
1782672139152,7,0,0,69.82
1782672139411,0,0,0,70.10
1782672139411,1,0,0,68.47
1782672139411,2,0,0,69.09
1782672139411,3,0,0,70.21
1782672139411,4,0,0,68.90
1782672139411,5,0,0,69.44
1782672139411,6,0,0,68.94
1782672139411,7,0,0,69.83
1782672139654,0,0,0,70.11
1782672139654,1,0,0,68.45
1782672139654,2,0,0,69.08
1782672139654,3,0,0,70.22
1782672139654,4,0,0,68.93
1782672139654,5,0,0,69.45
1782672139654,6,0,0,68.93
1782672139654,7,0,0,69.84
1782672139899,0,0,0,70.13
1782672139899,1,0,0,68.47
1782672139899,2,0,0,69.09
1782672139899,3,0,0,70.24
1782672139899,4,0,0,68.95
1782672139899,5,0,0,69.47
1782672139899,6,0,0,69.00
1782672139899,7,0,0,69.85
1782672140144,0,0,0,70.14
1782672140144,1,0,0,68.49
1782672140144,2,0,0,69.09
1782672140144,3,0,0,70.20
1782672140144,4,0,0,68.93
1782672140144,5,0,0,69.46
1782672140144,6,0,0,68.96
1782672140144,7,0,0,69.86
1782672140390,0,0,0,70.13
1782672140390,1,0,0,68.51
1782672140390,2,0,0,69.11
1782672140390,3,0,0,70.20
1782672140390,4,0,0,68.96
1782672140390,5,0,0,69.45
1782672140390,6,0,0,69.03
1782672140390,7,0,0,69.85
1782672140635,0,0,0,70.11
1782672140635,1,0,0,68.53
1782672140635,2,0,0,69.14
1782672140635,3,0,0,70.22
1782672140635,4,0,0,68.93
1782672140635,5,0,0,69.44
1782672140635,6,0,0,69.04
1782672140635,7,0,0,69.84
1782672140880,0,0,0,70.08
1782672140880,1,0,0,68.52
1782672140880,2,0,0,69.13
1782672140880,3,0,0,70.21
1782672140880,4,0,0,68.94
1782672140880,5,0,0,69.44
1782672140880,6,0,0,68.98
1782672140880,7,0,0,69.86
1782672141126,0,0,0,70.05
1782672141126,1,0,0,68.51
1782672141126,2,0,0,69.14
1782672141126,3,0,0,70.20
1782672141126,4,0,0,68.97
1782672141126,5,0,0,69.46
1782672141126,6,0,0,68.98
1782672141126,7,0,0,69.86
1782672141369,0,0,0,70.03
1782672141369,1,0,0,68.50
1782672141369,2,0,0,69.16
1782672141369,3,0,0,70.22
1782672141369,4,0,0,68.95
1782672141369,5,0,0,69.44
1782672141369,6,0,0,68.91
1782672141369,7,0,0,69.86
1782672141684,0,0,0,70.04
1782672141684,1,0,0,68.49
1782672141684,2,0,0,69.12
1782672141684,3,0,0,70.21
1782672141684,4,0,0,68.97
1782672141684,5,0,0,69.43
1782672141684,6,0,0,68.96
1782672141684,7,0,0,69.86
1782672141929,0,0,0,70.03
1782672141929,1,0,0,68.48
1782672141929,2,0,0,69.12
1782672141929,3,0,0,70.22
1782672141929,4,0,0,68.97
1782672141929,5,0,0,69.41
1782672141929,6,0,0,68.95
1782672141929,7,0,0,69.86
1782672142173,0,0,0,70.03
1782672142173,1,0,0,68.51
1782672142173,2,0,0,69.10
1782672142173,3,0,0,70.24
1782672142173,4,0,0,68.96
1782672142173,5,0,0,69.40
1782672142173,6,0,0,68.92
1782672142173,7,0,0,69.86
1782672142417,0,0,0,70.03
1782672142417,1,0,0,68.50
1782672142417,2,0,0,69.08
1782672142417,3,0,0,70.22
1782672142417,4,0,0,68.98
1782672142417,5,0,0,69.40
1782672142417,6,0,0,69.00
1782672142417,7,0,0,69.86
1782672142661,0,0,0,70.06
1782672142661,1,0,0,68.52
1782672142661,2,0,0,69.06
1782672142661,3,0,0,70.23
1782672142661,4,0,0,68.96
1782672142661,5,0,0,69.39
1782672142661,6,0,0,68.96
1782672142661,7,0,0,69.88
1782672142910,0,0,0,70.06
1782672142910,1,0,0,68.55
1782672142910,2,0,0,69.04
1782672142910,3,0,0,70.21
1782672142910,4,0,0,68.96
1782672142910,5,0,0,69.39
1782672142910,6,0,0,68.95
1782672142910,7,0,0,69.86
1782672143170,0,0,0,70.07
1782672143170,1,0,0,68.50
1782672143170,2,0,0,69.04
1782672143170,3,0,0,70.19
1782672143170,4,0,0,68.92
1782672143170,5,0,0,69.38
1782672143170,6,0,0,68.87
1782672143170,7,0,0,69.87
1782672143443,0,0,0,70.08
1782672143443,1,0,0,68.48
1782672143443,2,0,0,69.03
1782672143443,3,0,0,70.17
1782672143443,4,0,0,68.88
1782672143443,5,0,0,69.38
1782672143443,6,0,0,68.90
1782672143443,7,0,0,69.86
1782672143719,0,0,0,70.11
1782672143719,1,0,0,68.45
1782672143719,2,0,0,69.05
1782672143719,3,0,0,70.16
1782672143719,4,0,0,68.88
1782672143719,5,0,0,69.39
1782672143719,6,0,0,68.89
1782672143719,7,0,0,69.84
1782672143972,0,0,0,70.11
1782672143972,1,0,0,68.44
1782672143972,2,0,0,69.07
1782672143972,3,0,0,70.18
1782672143972,4,0,0,68.86
1782672143972,5,0,0,69.38
1782672143972,6,0,0,68.89
1782672143972,7,0,0,69.83
1782672144220,0,0,0,70.11
1782672144220,1,0,0,68.44
1782672144220,2,0,0,69.07
1782672144220,3,0,0,70.18
1782672144220,4,0,0,68.84
1782672144220,5,0,0,69.39
1782672144220,6,0,0,68.96
1782672144220,7,0,0,69.83
1782672144469,0,0,0,70.12
1782672144469,1,0,0,68.47
1782672144469,2,0,0,69.09
1782672144469,3,0,0,70.17
1782672144469,4,0,0,68.84
1782672144469,5,0,0,69.41
1782672144469,6,0,0,68.92
1782672144469,7,0,0,69.83
1782672144718,0,0,0,70.07
1782672144718,1,0,0,68.48
1782672144718,2,0,0,69.09
1782672144718,3,0,0,70.19
1782672144718,4,0,0,68.82
1782672144718,5,0,0,69.42
1782672144718,6,0,0,68.99
1782672144718,7,0,0,69.83
1782672144965,0,0,0,70.06
1782672144965,1,0,0,68.48
1782672144965,2,0,0,69.10
1782672144965,3,0,0,70.17
1782672144965,4,0,0,68.85
1782672144965,5,0,0,69.43
1782672144965,6,0,0,69.01
1782672144965,7,0,0,69.83
1782672145214,0,0,0,70.06
1782672145214,1,0,0,68.48
1782672145214,2,0,0,69.13
1782672145214,3,0,0,70.15
1782672145214,4,0,0,68.85
1782672145214,5,0,0,69.43
1782672145214,6,0,0,68.96
1782672145214,7,0,0,69.82
1782672145461,0,0,0,70.04
1782672145461,1,0,0,68.48
1782672145461,2,0,0,69.14
1782672145461,3,0,0,70.18
1782672145461,4,0,0,68.86
1782672145461,5,0,0,69.43
1782672145461,6,0,0,69.00
1782672145461,7,0,0,69.82
1782672145707,0,0,0,70.04
1782672145707,1,0,0,68.45
1782672145707,2,0,0,69.14
1782672145707,3,0,0,70.16
1782672145707,4,0,0,68.87
1782672145707,5,0,0,69.40
1782672145707,6,0,0,68.95
1782672145707,7,0,0,69.81
1782672145954,0,0,0,70.04
1782672145954,1,0,0,68.45
1782672145954,2,0,0,69.12
1782672145954,3,0,0,70.14
1782672145954,4,0,0,68.89
1782672145954,5,0,0,69.40
1782672145954,6,0,0,68.93
1782672145954,7,0,0,69.82
1782672146200,0,0,0,70.05
1782672146200,1,0,0,68.45
1782672146200,2,0,0,69.12
1782672146200,3,0,0,70.17
1782672146200,4,0,0,68.93
1782672146200,5,0,0,69.40
1782672146200,6,0,0,68.96
1782672146200,7,0,0,69.83
1782672146447,0,0,0,70.05
1782672146447,1,0,0,68.47
1782672146447,2,0,0,69.10
1782672146447,3,0,0,70.15
1782672146447,4,0,0,68.94
1782672146447,5,0,0,69.41
1782672146447,6,0,0,68.94
1782672146447,7,0,0,69.82
1782672146695,0,0,0,70.05
1782672146695,1,0,0,68.46
1782672146695,2,0,0,69.08
1782672146695,3,0,0,70.16
1782672146695,4,0,0,68.94
1782672146695,5,0,0,69.45
1782672146695,6,0,0,69.00
1782672146695,7,0,0,69.81
1782672146974,0,0,0,70.03
1782672146974,1,0,0,68.47
1782672146974,2,0,0,69.04
1782672146974,3,0,0,70.21
1782672146974,4,0,0,68.93
1782672146974,5,0,0,69.44
1782672146974,6,0,0,68.97
1782672146974,7,0,0,69.83
1782672147360,0,0,0,70.02
1782672147360,1,0,0,68.47
1782672147360,2,0,0,69.02
1782672147360,3,0,0,70.21
1782672147360,4,0,0,68.90
1782672147360,5,0,0,69.45
1782672147360,6,0,0,68.95
1782672147360,7,0,0,69.84
1782672147607,0,0,0,70.04
1782672147607,1,0,0,68.47
1782672147607,2,0,0,69.00
1782672147607,3,0,0,70.19
1782672147607,4,0,0,68.91
1782672147607,5,0,0,69.43
1782672147607,6,0,0,68.99
1782672147607,7,0,0,69.83
1782672147856,0,0,0,70.03
1782672147856,1,0,0,68.49
1782672147856,2,0,0,69.00
1782672147856,3,0,0,70.23
1782672147856,4,0,0,68.94
1782672147856,5,0,0,69.42
1782672147856,6,0,0,68.98
1782672147856,7,0,0,69.85
1782672148105,0,0,0,70.03
1782672148105,1,0,0,68.50
1782672148105,2,0,0,69.00
1782672148105,3,0,0,70.21
1782672148105,4,0,0,68.93
1782672148105,5,0,0,69.41
1782672148105,6,0,0,68.95
1782672148105,7,0,0,69.83
1782672148352,0,0,0,70.03
1782672148352,1,0,0,68.52
1782672148352,2,0,0,69.03
1782672148352,3,0,0,70.21
1782672148352,4,0,0,68.95
1782672148352,5,0,0,69.39
1782672148352,6,0,0,68.97
1782672148352,7,0,0,69.82
1782672148598,0,0,0,70.00
1782672148598,1,0,0,68.52
1782672148598,2,0,0,69.06
1782672148598,3,0,0,70.21
1782672148598,4,0,0,68.93
1782672148598,5,0,0,69.39
1782672148598,6,0,0,68.90
1782672148598,7,0,0,69.84
1782672148845,0,0,0,70.01
1782672148845,1,0,0,68.52
1782672148845,2,0,0,69.07
1782672148845,3,0,0,70.19
1782672148845,4,0,0,68.93
1782672148845,5,0,0,69.40
1782672148845,6,0,0,68.92
1782672148845,7,0,0,69.84
1782672149092,0,0,0,70.01
1782672149092,1,0,0,68.49
1782672149092,2,0,0,69.10
1782672149092,3,0,0,70.17
1782672149092,4,0,0,68.89
1782672149092,5,0,0,69.39
1782672149092,6,0,0,68.89
1782672149092,7,0,0,69.86
1782672149340,0,0,0,70.02
1782672149340,1,0,0,68.46
1782672149340,2,0,0,69.10
1782672149340,3,0,0,70.13
1782672149340,4,0,0,68.89
1782672149340,5,0,0,69.39
1782672149340,6,0,0,68.88
1782672149340,7,0,0,69.88
1782672149588,0,0,0,70.03
1782672149588,1,0,0,68.46
1782672149588,2,0,0,69.09
1782672149588,3,0,0,70.13
1782672149588,4,0,0,68.88
1782672149588,5,0,0,69.39
1782672149588,6,0,0,68.94
1782672149588,7,0,0,69.88
1782672149834,0,0,0,70.06
1782672149834,1,0,0,68.45
1782672149834,2,0,0,69.07
1782672149834,3,0,0,70.12
1782672149834,4,0,0,68.86
1782672149834,5,0,0,69.36
1782672149834,6,0,0,68.92
1782672149834,7,0,0,69.87
1782672150081,0,0,0,70.06
1782672150081,1,0,0,68.50
1782672150081,2,0,0,69.04
1782672150081,3,0,0,70.09
1782672150081,4,0,0,68.88
1782672150081,5,0,0,69.38
1782672150081,6,0,0,68.97
1782672150081,7,0,0,69.83
1782672150414,0,0,0,70.04
1782672150414,1,0,0,68.50
1782672150414,2,0,0,69.03
1782672150414,3,0,0,70.14
1782672150414,4,0,0,68.85
1782672150414,5,0,0,69.41
1782672150414,6,0,0,68.88
1782672150414,7,0,0,69.81
1782672151145,0,0,0,70.06
1782672151145,1,0,0,68.47
1782672151145,2,0,0,69.04
1782672151145,3,0,0,70.19
1782672151145,4,0,0,68.86
1782672151145,5,0,0,69.40
1782672151145,6,0,0,68.88
1782672151145,7,0,0,69.83
1782672151395,0,0,0,70.04
1782672151395,1,0,0,68.42
1782672151395,2,0,0,69.07
1782672151395,3,0,0,70.19
1782672151395,4,0,0,68.87
1782672151395,5,0,0,69.36
1782672151395,6,0,0,68.97
1782672151395,7,0,0,69.84
1782672151641,0,0,0,70.06
1782672151641,1,0,0,68.40
1782672151641,2,0,0,69.10
1782672151641,3,0,0,70.17
1782672151641,4,0,0,68.86
1782672151641,5,0,0,69.37
1782672151641,6,0,0,68.93
1782672151641,7,0,0,69.81
1782672151888,0,0,0,70.04
1782672151888,1,0,0,68.41
1782672151888,2,0,0,69.12
1782672151888,3,0,0,70.18
1782672151888,4,0,0,68.87
1782672151888,5,0,0,69.36
1782672151888,6,0,0,69.00
1782672151888,7,0,0,69.81
1782672152134,0,0,0,70.02
1782672152134,1,0,0,68.40
1782672152134,2,0,0,69.12
1782672152134,3,0,0,70.20
1782672152134,4,0,0,68.86
1782672152134,5,0,0,69.39
1782672152134,6,0,0,69.01
1782672152134,7,0,0,69.81
1782672152381,0,0,0,70.01
1782672152381,1,0,0,68.43
1782672152381,2,0,0,69.15
1782672152381,3,0,0,70.19
1782672152381,4,0,0,68.86
1782672152381,5,0,0,69.41
1782672152381,6,0,0,68.94
1782672152381,7,0,0,69.80
1782672152716,0,0,0,70.01
1782672152716,1,0,0,68.43
1782672152716,2,0,0,69.13
1782672152716,3,0,0,70.22
1782672152716,4,0,0,68.89
1782672152716,5,0,0,69.41
1782672152716,6,0,0,69.00
1782672152716,7,0,0,69.82
1782672153047,0,0,0,69.98
1782672153047,1,0,0,68.43
1782672153047,2,0,0,69.13
1782672153047,3,0,0,70.21
1782672153047,4,0,0,68.89
1782672153047,5,0,0,69.40
1782672153047,6,0,0,69.00
1782672153047,7,0,0,69.81
1782672153293,0,0,0,69.97
1782672153293,1,0,0,68.44
1782672153293,2,0,0,69.10
1782672153293,3,0,0,70.18
1782672153293,4,0,0,68.88
1782672153293,5,0,0,69.40
1782672153293,6,0,0,68.96
1782672153293,7,0,0,69.82
1782672153541,0,0,0,69.98
1782672153541,1,0,0,68.44
1782672153541,2,0,0,69.05
1782672153541,3,0,0,70.19
1782672153541,4,0,0,68.88
1782672153541,5,0,0,69.39
1782672153541,6,0,0,68.98
1782672153541,7,0,0,69.83
1782672153789,0,0,0,69.97
1782672153789,1,0,0,68.45
1782672153789,2,0,0,69.03
1782672153789,3,0,0,70.15
1782672153789,4,0,0,68.87
1782672153789,5,0,0,69.40
1782672153789,6,0,0,68.89
1782672153789,7,0,0,69.84
1782672154036,0,0,0,70.00
1782672154036,1,0,0,68.47
1782672154036,2,0,0,69.02
1782672154036,3,0,0,70.17
1782672154036,4,0,0,68.89
1782672154036,5,0,0,69.40
1782672154036,6,0,0,68.88
1782672154036,7,0,0,69.84
1782672154285,0,0,0,70.04
1782672154285,1,0,0,68.50
1782672154285,2,0,0,69.00
1782672154285,3,0,0,70.19
1782672154285,4,0,0,68.90
1782672154285,5,0,0,69.39
1782672154285,6,0,0,68.89
1782672154285,7,0,0,69.83
1782672154531,0,0,0,70.03
1782672154531,1,0,0,68.50
1782672154531,2,0,0,69.01
1782672154531,3,0,0,70.23
1782672154531,4,0,0,68.89
1782672154531,5,0,0,69.40
1782672154531,6,0,0,68.84
1782672154531,7,0,0,69.83
1782672154778,0,0,0,70.05
1782672154778,1,0,0,68.52
1782672154778,2,0,0,69.01
1782672154778,3,0,0,70.21
1782672154778,4,0,0,68.89
1782672154778,5,0,0,69.37
1782672154778,6,0,0,68.90
1782672154778,7,0,0,69.81
1782672155025,0,0,0,70.06
1782672155025,1,0,0,68.51
1782672155025,2,0,0,69.03
1782672155025,3,0,0,70.19
1782672155025,4,0,0,68.88
1782672155025,5,0,0,69.37
1782672155025,6,0,0,68.87
1782672155025,7,0,0,69.82
1782672155273,0,0,0,70.04
1782672155273,1,0,0,68.50
1782672155273,2,0,0,69.07
1782672155273,3,0,0,70.16
1782672155273,4,0,0,68.86
1782672155273,5,0,0,69.34
1782672155273,6,0,0,68.90
1782672155273,7,0,0,69.80
1782672155574,0,0,0,70.02
1782672155574,1,0,0,68.47
1782672155574,2,0,0,69.08
1782672155574,3,0,0,70.15
1782672155574,4,0,0,68.86
1782672155574,5,0,0,69.33
1782672155574,6,0,0,68.85
1782672155574,7,0,0,69.81
1782672155886,0,0,0,70.03
1782672155886,1,0,0,68.46
1782672155886,2,0,0,69.09
1782672155886,3,0,0,70.14
1782672155886,4,0,0,68.85
1782672155886,5,0,0,69.33
1782672155886,6,0,0,68.89
1782672155886,7,0,0,69.80
1782672156132,0,0,0,70.01
1782672156132,1,0,0,68.46
1782672156132,2,0,0,69.07
1782672156132,3,0,0,70.17
1782672156132,4,0,0,68.86
1782672156132,5,0,0,69.34
1782672156132,6,0,0,68.87
1782672156132,7,0,0,69.80
1782672156381,0,0,0,70.01
1782672156381,1,0,0,68.49
1782672156381,2,0,0,69.06
1782672156381,3,0,0,70.18
1782672156381,4,0,0,68.87
1782672156381,5,0,0,69.34
1782672156381,6,0,0,68.95
1782672156381,7,0,0,69.78
1782672156629,0,0,0,70.01
1782672156629,1,0,0,68.51
1782672156629,2,0,0,69.03
1782672156629,3,0,0,70.18
1782672156629,4,0,0,68.89
1782672156629,5,0,0,69.34
1782672156629,6,0,0,68.93
1782672156629,7,0,0,69.77
1782672156877,0,0,0,70.00
1782672156877,1,0,0,68.50
1782672156877,2,0,0,69.00
1782672156877,3,0,0,70.18
1782672156877,4,0,0,68.89
1782672156877,5,0,0,69.38
1782672156877,6,0,0,68.93
1782672156877,7,0,0,69.78
1782672157125,0,0,0,70.01
1782672157125,1,0,0,68.49
1782672157125,2,0,0,68.98
1782672157125,3,0,0,70.17
1782672157125,4,0,0,68.84
1782672157125,5,0,0,69.37
1782672157125,6,0,0,68.97
1782672157125,7,0,0,69.76
1782672157373,0,0,0,70.02
1782672157373,1,0,0,68.46
1782672157373,2,0,0,68.96
1782672157373,3,0,0,70.15
1782672157373,4,0,0,68.84
1782672157373,5,0,0,69.38
1782672157373,6,0,0,68.99
1782672157373,7,0,0,69.80
1782672157622,0,0,0,70.02
1782672157622,1,0,0,68.43
1782672157622,2,0,0,68.99
1782672157622,3,0,0,70.15
1782672157622,4,0,0,68.83
1782672157622,5,0,0,69.40
1782672157622,6,0,0,68.93
1782672157622,7,0,0,69.80
1782672157873,0,0,0,70.07
1782672157873,1,0,0,68.43
1782672157873,2,0,0,69.00
1782672157873,3,0,0,70.18
1782672157873,4,0,0,68.85
1782672157873,5,0,0,69.37
1782672157873,6,0,0,68.96
1782672157873,7,0,0,69.78
1782672158121,0,0,0,70.08
1782672158121,1,0,0,68.41
1782672158121,2,0,0,69.04
1782672158121,3,0,0,70.17
1782672158121,4,0,0,68.89
1782672158121,5,0,0,69.36
1782672158121,6,0,0,68.89
1782672158121,7,0,0,69.78
1782672158403,0,0,0,70.09
1782672158403,1,0,0,68.40
1782672158403,2,0,0,69.07
1782672158403,3,0,0,70.18
1782672158403,4,0,0,68.88
1782672158403,5,0,0,69.38
1782672158403,6,0,0,68.93
1782672158403,7,0,0,69.76
1782672158652,0,0,0,70.07
1782672158652,1,0,0,68.42
1782672158652,2,0,0,69.11
1782672158652,3,0,0,70.17
1782672158652,4,0,0,68.89
1782672158652,5,0,0,69.38
1782672158652,6,0,0,68.92
1782672158652,7,0,0,69.76
1782672158901,0,0,0,70.02
1782672158901,1,0,0,68.42
1782672158901,2,0,0,69.11
1782672158901,3,0,0,70.15
1782672158901,4,0,0,68.89
1782672158901,5,0,0,69.37
1782672158901,6,0,0,68.99
1782672158901,7,0,0,69.78
1782672159149,0,0,0,69.98
1782672159149,1,0,0,68.43
1782672159149,2,0,0,69.11
1782672159149,3,0,0,70.15
1782672159149,4,0,0,68.85
1782672159149,5,0,0,69.39
1782672159149,6,0,0,68.98
1782672159149,7,0,0,69.79
1782672159397,0,0,0,69.96
1782672159397,1,0,0,68.46
1782672159397,2,0,0,69.10
1782672159397,3,0,0,70.15
1782672159397,4,0,0,68.86
1782672159397,5,0,0,69.37
1782672159397,6,0,0,68.91
1782672159397,7,0,0,69.78
1782672159642,0,0,0,69.96
1782672159642,1,0,0,68.47
1782672159642,2,0,0,69.08
1782672159642,3,0,0,70.15
1782672159642,4,0,0,68.87
1782672159642,5,0,0,69.38
1782672159642,6,0,0,68.94
1782672159642,7,0,0,69.78
1782672159889,0,0,0,69.95
1782672159889,1,0,0,68.48
1782672159889,2,0,0,69.05
1782672159889,3,0,0,70.14
1782672159889,4,0,0,68.89
1782672159889,5,0,0,69.36
1782672159889,6,0,0,68.86
1782672159889,7,0,0,69.78
1782672160135,0,0,0,69.95
1782672160135,1,0,0,68.49
1782672160135,2,0,0,69.01
1782672160135,3,0,0,70.18
1782672160135,4,0,0,68.92
1782672160135,5,0,0,69.36
1782672160135,6,0,0,68.93
1782672160135,7,0,0,69.80
1782672160441,0,0,0,69.97
1782672160441,1,0,0,68.52
1782672160441,2,0,0,68.96
1782672160441,3,0,0,70.14
1782672160441,4,0,0,68.93
1782672160441,5,0,0,69.36
1782672160441,6,0,0,68.90
1782672160441,7,0,0,69.84
1782672160724,0,0,0,69.97
1782672160724,1,0,0,68.51
1782672160724,2,0,0,68.94
1782672160724,3,0,0,70.15
1782672160724,4,0,0,68.92
1782672160724,5,0,0,69.35
1782672160724,6,0,0,68.93
1782672160724,7,0,0,69.82
1782672160972,0,0,0,69.99
1782672160972,1,0,0,68.52
1782672160972,2,0,0,68.98
1782672160972,3,0,0,70.17
1782672160972,4,0,0,68.90
1782672160972,5,0,0,69.37
1782672160972,6,0,0,68.92
1782672160972,7,0,0,69.82
1782672161220,0,0,0,70.00
1782672161220,1,0,0,68.50
1782672161220,2,0,0,68.98
1782672161220,3,0,0,70.15
1782672161220,4,0,0,68.87
1782672161220,5,0,0,69.38
1782672161220,6,0,0,68.89
1782672161220,7,0,0,69.82
1782672161468,0,0,0,70.00
1782672161468,1,0,0,68.50
1782672161468,2,0,0,69.03
1782672161468,3,0,0,70.16
1782672161468,4,0,0,68.89
1782672161468,5,0,0,69.37
1782672161468,6,0,0,68.89
1782672161468,7,0,0,69.80
1782672161714,0,0,0,70.00
1782672161714,1,0,0,68.48
1782672161714,2,0,0,69.04
1782672161714,3,0,0,70.15
1782672161714,4,0,0,68.86
1782672161714,5,0,0,69.37
1782672161714,6,0,0,68.82
1782672161714,7,0,0,69.82
1782672161961,0,0,0,70.02
1782672161961,1,0,0,68.47
1782672161961,2,0,0,69.05
1782672161961,3,0,0,70.15
1782672161961,4,0,0,68.92
1782672161961,5,0,0,69.34
1782672161961,6,0,0,68.83
1782672161961,7,0,0,69.81
1782672162209,0,0,0,70.05
1782672162209,1,0,0,68.46
1782672162209,2,0,0,69.05
1782672162209,3,0,0,70.15
1782672162209,4,0,0,68.88
1782672162209,5,0,0,69.33
1782672162209,6,0,0,68.85
1782672162209,7,0,0,69.81
1782672162457,0,0,0,70.06
1782672162457,1,0,0,68.47
1782672162457,2,0,0,69.03
1782672162457,3,0,0,70.11
1782672162457,4,0,0,68.88
1782672162457,5,0,0,69.30
1782672162457,6,0,0,68.91
1782672162457,7,0,0,69.79
1782672162730,0,0,0,70.03
1782672162730,1,0,0,68.49
1782672162730,2,0,0,69.01
1782672162730,3,0,0,70.15
1782672162730,4,0,0,68.88
1782672162730,5,0,0,69.27
1782672162730,6,0,0,68.92
1782672162730,7,0,0,69.76
1782672162977,0,0,0,70.03
1782672162977,1,0,0,68.49
1782672162977,2,0,0,69.00
1782672162977,3,0,0,70.11
1782672162977,4,0,0,68.85
1782672162977,5,0,0,69.29
1782672162977,6,0,0,68.89
1782672162977,7,0,0,69.77
1782672163223,0,0,0,70.00
1782672163223,1,0,0,68.49
1782672163223,2,0,0,69.00
1782672163223,3,0,0,70.07
1782672163223,4,0,0,68.85
1782672163223,5,0,0,69.28
1782672163223,6,0,0,68.94
1782672163223,7,0,0,69.75
1782672163472,0,0,0,69.96
1782672163472,1,0,0,68.44
1782672163472,2,0,0,68.99
1782672163472,3,0,0,70.10
1782672163472,4,0,0,68.86
1782672163472,5,0,0,69.29
1782672163472,6,0,0,68.86
1782672163472,7,0,0,69.75
1782672163784,0,0,0,69.96
1782672163784,1,0,0,68.40
1782672163784,2,0,0,69.03
1782672163784,3,0,0,70.11
1782672163784,4,0,0,68.88
1782672163784,5,0,0,69.34
1782672163784,6,0,0,68.96
1782672163784,7,0,0,69.75
1782672164616,0,0,0,69.99
1782672164616,1,0,0,68.42
1782672164616,2,0,0,69.06
1782672164616,3,0,0,70.09
1782672164616,4,0,0,68.90
1782672164616,5,0,0,69.35
1782672164616,6,0,0,68.88
1782672164616,7,0,0,69.75
1782672164865,0,0,0,69.98
1782672164865,1,0,0,68.43
1782672164865,2,0,0,69.08
1782672164865,3,0,0,70.12
1782672164865,4,0,0,68.87
1782672164865,5,0,0,69.38
1782672164865,6,0,0,68.90
1782672164865,7,0,0,69.75
1782672165112,0,0,0,69.97
1782672165112,1,0,0,68.44
1782672165112,2,0,0,69.09
1782672165112,3,0,0,70.13
1782672165112,4,0,0,68.86
1782672165112,5,0,0,69.37
1782672165112,6,0,0,68.90
1782672165112,7,0,0,69.76
1782672165361,0,0,0,69.96
1782672165361,1,0,0,68.44
1782672165361,2,0,0,69.09
1782672165361,3,0,0,70.14
1782672165361,4,0,0,68.88
1782672165361,5,0,0,69.39
1782672165361,6,0,0,68.87
1782672165361,7,0,0,69.77
1782672165612,0,0,0,69.94
1782672165612,1,0,0,68.45
1782672165612,2,0,0,69.06
1782672165612,3,0,0,70.15
1782672165612,4,0,0,68.83
1782672165612,5,0,0,69.39
1782672165612,6,0,0,68.94
1782672165612,7,0,0,69.78
1782672165860,0,0,0,69.96
1782672165860,1,0,0,68.47
1782672165860,2,0,0,69.04
1782672165860,3,0,0,70.18
1782672165860,4,0,0,68.84
1782672165860,5,0,0,69.39
1782672165860,6,0,0,68.92
1782672165860,7,0,0,69.80
1782672166139,0,0,0,69.97
1782672166139,1,0,0,68.46
1782672166139,2,0,0,69.03
1782672166139,3,0,0,70.17
1782672166139,4,0,0,68.86
1782672166139,5,0,0,69.38
1782672166139,6,0,0,68.85
1782672166139,7,0,0,69.78
1782672166476,0,0,0,69.96
1782672166476,1,0,0,68.47
1782672166476,2,0,0,69.02
1782672166476,3,0,0,70.19
1782672166476,4,0,0,68.85
1782672166476,5,0,0,69.39
1782672166476,6,0,0,68.83
1782672166476,7,0,0,69.79
1782672166724,0,0,0,69.97
1782672166724,1,0,0,68.46
1782672166724,2,0,0,69.00
1782672166724,3,0,0,70.19
1782672166724,4,0,0,68.85
1782672166724,5,0,0,69.39
1782672166724,6,0,0,68.83
1782672166724,7,0,0,69.80
1782672166972,0,0,0,69.96
1782672166972,1,0,0,68.47
1782672166972,2,0,0,68.98
1782672166972,3,0,0,70.15
1782672166972,4,0,0,68.87
1782672166972,5,0,0,69.38
1782672166972,6,0,0,68.81
1782672166972,7,0,0,69.79
1782672167218,0,0,0,69.97
1782672167218,1,0,0,68.46
1782672167218,2,0,0,68.94
1782672167218,3,0,0,70.15
1782672167218,4,0,0,68.85
1782672167218,5,0,0,69.38
1782672167218,6,0,0,68.86
1782672167218,7,0,0,69.80
1782672167466,0,0,0,69.97
1782672167466,1,0,0,68.46
1782672167466,2,0,0,68.94
1782672167466,3,0,0,70.12
1782672167466,4,0,0,68.89
1782672167466,5,0,0,69.37
1782672167466,6,0,0,68.85
1782672167466,7,0,0,69.79
1782672167716,0,0,0,69.96
1782672167716,1,0,0,68.46
1782672167716,2,0,0,68.94
1782672167716,3,0,0,70.11
1782672167716,4,0,0,68.93
1782672167716,5,0,0,69.36
1782672167716,6,0,0,68.88
1782672167716,7,0,0,69.79
1782672167963,0,0,0,69.96
1782672167963,1,0,0,68.43
1782672167963,2,0,0,68.94
1782672167963,3,0,0,70.10
1782672167963,4,0,0,68.93
1782672167963,5,0,0,69.34
1782672167963,6,0,0,68.88
1782672167963,7,0,0,69.79
1782672168211,0,0,0,69.97
1782672168211,1,0,0,68.44
1782672168211,2,0,0,68.97
1782672168211,3,0,0,70.09
1782672168211,4,0,0,68.93
1782672168211,5,0,0,69.31
1782672168211,6,0,0,68.84
1782672168211,7,0,0,69.78
1782672168459,0,0,0,69.97
1782672168459,1,0,0,68.45
1782672168459,2,0,0,68.99
1782672168459,3,0,0,70.13
1782672168459,4,0,0,68.90
1782672168459,5,0,0,69.30
1782672168459,6,0,0,68.84
1782672168459,7,0,0,69.79
1782672168814,0,0,0,69.98
1782672168814,1,0,0,68.49
1782672168814,2,0,0,68.98
1782672168814,3,0,0,70.09
1782672168814,4,0,0,68.87
1782672168814,5,0,0,69.32
1782672168814,6,0,0,68.91
1782672168814,7,0,0,69.77
1782672169130,0,0,0,70.01
1782672169130,1,0,0,68.49
1782672169130,2,0,0,69.00
1782672169130,3,0,0,70.09
1782672169130,4,0,0,68.86
1782672169130,5,0,0,69.34
1782672169130,6,0,0,68.85
1782672169130,7,0,0,69.77
1782672169399,0,0,0,70.03
1782672169399,1,0,0,68.47
1782672169399,2,0,0,68.99
1782672169399,3,0,0,70.09
1782672169399,4,0,0,68.86
1782672169399,5,0,0,69.31
1782672169399,6,0,0,68.89
1782672169399,7,0,0,69.77
1782672169648,0,0,0,70.03
1782672169648,1,0,0,68.45
1782672169648,2,0,0,68.98
1782672169648,3,0,0,70.07
1782672169648,4,0,0,68.86
1782672169648,5,0,0,69.35
1782672169648,6,0,0,68.83
1782672169648,7,0,0,69.79
1782672169899,0,0,0,70.03
1782672169899,1,0,0,68.42
1782672169899,2,0,0,68.99
1782672169899,3,0,0,70.08
1782672169899,4,0,0,68.82
1782672169899,5,0,0,69.31
1782672169899,6,0,0,68.91
1782672169899,7,0,0,69.77
1782672170218,0,0,0,70.02
1782672170218,1,0,0,68.39
1782672170218,2,0,0,68.96
1782672170218,3,0,0,70.11
1782672170218,4,0,0,68.81
1782672170218,5,0,0,69.31
1782672170218,6,0,0,68.91
1782672170218,7,0,0,69.77
1782672170467,0,0,0,70.03
1782672170467,1,0,0,68.39
1782672170467,2,0,0,68.97
1782672170467,3,0,0,70.12
1782672170467,4,0,0,68.83
1782672170467,5,0,0,69.32
1782672170467,6,0,0,68.94
1782672170467,7,0,0,69.74
1782672170718,0,0,0,70.01
1782672170718,1,0,0,68.39
1782672170718,2,0,0,68.95
1782672170718,3,0,0,70.17
1782672170718,4,0,0,68.81
1782672170718,5,0,0,69.30
1782672170718,6,0,0,68.87
1782672170718,7,0,0,69.75
1782672170969,0,0,0,69.99
1782672170969,1,0,0,68.40
1782672170969,2,0,0,68.99
1782672170969,3,0,0,70.17
1782672170969,4,0,0,68.82
1782672170969,5,0,0,69.31
1782672170969,6,0,0,68.90
1782672170969,7,0,0,69.75
1782672171219,0,0,0,69.96
1782672171219,1,0,0,68.43
1782672171219,2,0,0,68.99
1782672171219,3,0,0,70.15
1782672171219,4,0,0,68.83
1782672171219,5,0,0,69.29
1782672171219,6,0,0,68.86
1782672171219,7,0,0,69.74
1782672171470,0,0,0,69.94
1782672171470,1,0,0,68.43
1782672171470,2,0,0,69.02
1782672171470,3,0,0,70.14
1782672171470,4,0,0,68.80
1782672171470,5,0,0,69.30
1782672171470,6,0,0,68.86
1782672171470,7,0,0,69.77
1782672171719,0,0,0,69.93
1782672171719,1,0,0,68.46
1782672171719,2,0,0,69.04
1782672171719,3,0,0,70.15
1782672171719,4,0,0,68.82
1782672171719,5,0,0,69.33
1782672171719,6,0,0,68.93
1782672171719,7,0,0,69.74
1782672171968,0,0,0,69.92
1782672171968,1,0,0,68.46
1782672171968,2,0,0,69.04
1782672171968,3,0,0,70.15
1782672171968,4,0,0,68.83
1782672171968,5,0,0,69.32
1782672171968,6,0,0,68.89
1782672171968,7,0,0,69.75
1782672172215,0,0,0,69.94
1782672172215,1,0,0,68.44
1782672172215,2,0,0,69.04
1782672172215,3,0,0,70.16
1782672172215,4,0,0,68.82
1782672172215,5,0,0,69.32
1782672172215,6,0,0,68.94
1782672172215,7,0,0,69.78
1782672172463,0,0,0,69.94
1782672172463,1,0,0,68.44
1782672172463,2,0,0,69.01
1782672172463,3,0,0,70.17
1782672172463,4,0,0,68.84
1782672172463,5,0,0,69.33
1782672172463,6,0,0,68.95
1782672172463,7,0,0,69.77
1782672172712,0,0,0,69.92
1782672172712,1,0,0,68.45
1782672172712,2,0,0,68.98
1782672172712,3,0,0,70.13
1782672172712,4,0,0,68.84
1782672172712,5,0,0,69.34
1782672172712,6,0,0,68.88
1782672172712,7,0,0,69.80
1782672172961,0,0,0,69.95
1782672172961,1,0,0,68.43
1782672172961,2,0,0,68.97
1782672172961,3,0,0,70.12
1782672172961,4,0,0,68.86
1782672172961,5,0,0,69.34
1782672172961,6,0,0,68.89
1782672172961,7,0,0,69.78
1782672173210,0,0,0,69.96
1782672173210,1,0,0,68.45
1782672173210,2,0,0,68.93
1782672173210,3,0,0,70.11
1782672173210,4,0,0,68.83
1782672173210,5,0,0,69.35
1782672173210,6,0,0,68.83
1782672173210,7,0,0,69.79
1782672173861,0,0,0,69.99
1782672173861,1,0,0,68.48
1782672173861,2,0,0,69.01
1782672173861,3,0,0,70.09
1782672173861,4,0,0,68.82
1782672173861,5,0,0,69.35
1782672173861,6,0,0,68.80
1782672173861,7,0,0,69.77
1782672175094,0,0,0,69.97
1782672175094,1,0,0,68.48
1782672175094,2,0,0,69.00
1782672175094,3,0,0,70.10
1782672175094,4,0,0,68.79
1782672175094,5,0,0,69.33
1782672175094,6,0,0,68.81
1782672175094,7,0,0,69.78
1782672175342,0,0,0,69.95
1782672175342,1,0,0,68.46
1782672175342,2,0,0,69.01
1782672175342,3,0,0,70.11
1782672175342,4,0,0,68.80
1782672175342,5,0,0,69.30
1782672175342,6,0,0,68.85
1782672175342,7,0,0,69.76
1782672175588,0,0,0,69.93
1782672175588,1,0,0,68.43
1782672175588,2,0,0,68.98
1782672175588,3,0,0,70.12
1782672175588,4,0,0,68.80
1782672175588,5,0,0,69.29
1782672175588,6,0,0,68.89
1782672175588,7,0,0,69.74
1782672175868,0,0,0,69.92
1782672175868,1,0,0,68.42
1782672175868,2,0,0,68.96
1782672175868,3,0,0,70.15
1782672175868,4,0,0,68.76
1782672175868,5,0,0,69.32
1782672175868,6,0,0,68.90
1782672175868,7,0,0,69.74
1782672176118,0,0,0,69.91
1782672176118,1,0,0,68.39
1782672176118,2,0,0,68.94
1782672176118,3,0,0,70.14
1782672176118,4,0,0,68.77
1782672176118,5,0,0,69.28
1782672176118,6,0,0,68.83
1782672176118,7,0,0,69.72
1782672176368,0,0,0,69.92
1782672176368,1,0,0,68.42
1782672176368,2,0,0,68.95
1782672176368,3,0,0,70.14
1782672176368,4,0,0,68.78
1782672176368,5,0,0,69.32
1782672176368,6,0,0,68.86
1782672176368,7,0,0,69.73
1782672176617,0,0,0,69.96
1782672176617,1,0,0,68.41
1782672176617,2,0,0,68.96
1782672176617,3,0,0,70.14
1782672176617,4,0,0,68.76
1782672176617,5,0,0,69.33
1782672176617,6,0,0,68.80
1782672176617,7,0,0,69.72
1782672176866,0,0,0,69.96
1782672176866,1,0,0,68.39
1782672176866,2,0,0,68.98
1782672176866,3,0,0,70.11
1782672176866,4,0,0,68.77
1782672176866,5,0,0,69.30
1782672176866,6,0,0,68.81
1782672176866,7,0,0,69.71
1782672177113,0,0,0,69.98
1782672177113,1,0,0,68.40
1782672177113,2,0,0,69.04
1782672177113,3,0,0,70.13
1782672177113,4,0,0,68.78
1782672177113,5,0,0,69.32
1782672177113,6,0,0,68.92
1782672177113,7,0,0,69.74
1782672177743,0,0,0,69.95
1782672177743,1,0,0,68.43
1782672177743,2,0,0,69.06
1782672177743,3,0,0,70.11
1782672177743,4,0,0,68.79
1782672177743,5,0,0,69.33
1782672177743,6,0,0,68.92
1782672177743,7,0,0,69.76
1782672178409,0,0,0,69.92
1782672178409,1,0,0,68.41
1782672178409,2,0,0,69.04
1782672178409,3,0,0,70.15
1782672178409,4,0,0,68.81
1782672178409,5,0,0,69.34
1782672178409,6,0,0,68.89
1782672178409,7,0,0,69.78
1782672179200,0,0,0,69.90
1782672179200,1,0,0,68.40
1782672179200,2,0,0,68.99
1782672179200,3,0,0,70.14
1782672179200,4,0,0,68.81
1782672179200,5,0,0,69.34
1782672179200,6,0,0,68.82
1782672179200,7,0,0,69.76
1782672179449,0,0,0,69.90
1782672179449,1,0,0,68.43
1782672179449,2,0,0,68.96
1782672179449,3,0,0,70.16
1782672179449,4,0,0,68.81
1782672179449,5,0,0,69.33
1782672179449,6,0,0,68.84
1782672179449,7,0,0,69.77
1782672180025,0,0,0,69.95
1782672180025,1,0,0,68.44
1782672180025,2,0,0,68.96
1782672180025,3,0,0,70.07
1782672180025,4,0,0,68.78
1782672180025,5,0,0,69.28
1782672180025,6,0,0,68.86
1782672180025,7,0,0,69.75
1782672182785,0,0,0,69.87
1782672182785,1,0,0,68.37
1782672182785,2,0,0,68.97
1782672182785,3,0,0,70.13
1782672182785,4,0,0,68.81
1782672182785,5,0,0,69.29
1782672182785,6,0,0,68.90
1782672182785,7,0,0,69.71
1782672184457,0,0,0,69.89
1782672184457,1,0,0,68.37
1782672184457,2,0,0,68.94
1782672184457,3,0,0,70.13
1782672184457,4,0,0,68.78
1782672184457,5,0,0,69.30
1782672184457,6,0,0,68.92
1782672184457,7,0,0,69.75
1782672184706,0,0,0,69.90
1782672184706,1,0,0,68.36
1782672184706,2,0,0,68.94
1782672184706,3,0,0,70.14
1782672184706,4,0,0,68.80
1782672184706,5,0,0,69.31
1782672184706,6,0,0,68.92
1782672184706,7,0,0,69.75
1782672184956,0,0,0,69.91
1782672184956,1,0,0,68.40
1782672184956,2,0,0,68.93
1782672184956,3,0,0,70.12
1782672184956,4,0,0,68.82
1782672184956,5,0,0,69.30
1782672184956,6,0,0,68.84
1782672184956,7,0,0,69.75
1782672185205,0,0,0,69.93
1782672185205,1,0,0,68.41
1782672185205,2,0,0,68.94
1782672185205,3,0,0,70.09
1782672185205,4,0,0,68.80
1782672185205,5,0,0,69.32
1782672185205,6,0,0,68.88
1782672185205,7,0,0,69.73
1782672185455,0,0,0,69.94
1782672185455,1,0,0,68.40
1782672185455,2,0,0,68.94
1782672185455,3,0,0,70.13
1782672185455,4,0,0,68.82
1782672185455,5,0,0,69.32
1782672185455,6,0,0,68.80
1782672185455,7,0,0,69.74
1782672185705,0,0,0,69.96
1782672185705,1,0,0,68.41
1782672185705,2,0,0,68.93
1782672185705,3,0,0,70.10
1782672185705,4,0,0,68.81
1782672185705,5,0,0,69.31
1782672185705,6,0,0,68.80
1782672185705,7,0,0,69.76
1782672185956,0,0,0,69.95
1782672185956,1,0,0,68.43
1782672185956,2,0,0,68.92
1782672185956,3,0,0,70.07
1782672185956,4,0,0,68.78
1782672185956,5,0,0,69.34
1782672185956,6,0,0,68.82
1782672185956,7,0,0,69.76
1782672186206,0,0,0,69.94
1782672186206,1,0,0,68.41
1782672186206,2,0,0,68.92
1782672186206,3,0,0,70.08
1782672186206,4,0,0,68.79
1782672186206,5,0,0,69.34
1782672186206,6,0,0,68.79
1782672186206,7,0,0,69.76
1782672186457,0,0,0,69.95
1782672186457,1,0,0,68.43
1782672186457,2,0,0,68.94
1782672186457,3,0,0,70.07
1782672186457,4,0,0,68.75
1782672186457,5,0,0,69.35
1782672186457,6,0,0,68.84
1782672186457,7,0,0,69.75
1782672186706,0,0,0,69.94
1782672186706,1,0,0,68.44
1782672186706,2,0,0,68.95
1782672186706,3,0,0,70.05
1782672186706,4,0,0,68.78
1782672186706,5,0,0,69.34
1782672186706,6,0,0,68.80
1782672186706,7,0,0,69.75
1782672186954,0,0,0,69.96
1782672186954,1,0,0,68.44
1782672186954,2,0,0,68.98
1782672186954,3,0,0,70.06
1782672186954,4,0,0,68.77
1782672186954,5,0,0,69.35
1782672186954,6,0,0,68.82
1782672186954,7,0,0,69.76
1782672187203,0,0,0,69.95
1782672187203,1,0,0,68.45
1782672187203,2,0,0,68.99
1782672187203,3,0,0,70.06
1782672187203,4,0,0,68.75
1782672187203,5,0,0,69.31
1782672187203,6,0,0,68.84
1782672187203,7,0,0,69.77
1782672187452,0,0,0,69.93
1782672187452,1,0,0,68.44
1782672187452,2,0,0,68.98
1782672187452,3,0,0,70.07
1782672187452,4,0,0,68.76
1782672187452,5,0,0,69.27
1782672187452,6,0,0,68.78
1782672187452,7,0,0,69.75
1782672187700,0,0,0,69.95
1782672187700,1,0,0,68.42
1782672187700,2,0,0,68.93
1782672187700,3,0,0,70.07
1782672187700,4,0,0,68.74
1782672187700,5,0,0,69.29
1782672187700,6,0,0,68.81
1782672187700,7,0,0,69.73
1782672187949,0,0,0,69.92
1782672187949,1,0,0,68.40
1782672187949,2,0,0,68.91
1782672187949,3,0,0,70.11
1782672187949,4,0,0,68.74
1782672187949,5,0,0,69.28
1782672187949,6,0,0,68.76
1782672187949,7,0,0,69.72
1782672188197,0,0,0,69.90
1782672188197,1,0,0,68.38
1782672188197,2,0,0,68.90
1782672188197,3,0,0,70.11
1782672188197,4,0,0,68.72
1782672188197,5,0,0,69.28
1782672188197,6,0,0,68.77
1782672188197,7,0,0,69.70
1782672188446,0,0,0,69.89
1782672188446,1,0,0,68.39
1782672188446,2,0,0,68.89
1782672188446,3,0,0,70.10
1782672188446,4,0,0,68.73
1782672188446,5,0,0,69.29
1782672188446,6,0,0,68.81
1782672188446,7,0,0,69.72
1782672188694,0,0,0,69.88
1782672188694,1,0,0,68.37
1782672188694,2,0,0,68.89
1782672188694,3,0,0,70.10
1782672188694,4,0,0,68.73
1782672188694,5,0,0,69.30
1782672188694,6,0,0,68.79
1782672188694,7,0,0,69.72
1782672188943,0,0,0,69.86
1782672188943,1,0,0,68.38
1782672188943,2,0,0,68.91
1782672188943,3,0,0,70.10
1782672188943,4,0,0,68.75
1782672188943,5,0,0,69.28
1782672188943,6,0,0,68.79
1782672188943,7,0,0,69.70
1782672189192,0,0,0,69.89
1782672189192,1,0,0,68.38
1782672189192,2,0,0,68.95
1782672189192,3,0,0,70.10
1782672189192,4,0,0,68.74
1782672189192,5,0,0,69.28
1782672189192,6,0,0,68.87
1782672189192,7,0,0,69.72
1782672189441,0,0,0,69.91
1782672189441,1,0,0,68.38
1782672189441,2,0,0,68.98
1782672189441,3,0,0,70.08
1782672189441,4,0,0,68.75
1782672189441,5,0,0,69.30
1782672189441,6,0,0,68.85
1782672189441,7,0,0,69.69
1782672189689,0,0,0,69.93
1782672189689,1,0,0,68.38
1782672189689,2,0,0,69.01
1782672189689,3,0,0,70.13
1782672189689,4,0,0,68.74
1782672189689,5,0,0,69.30
1782672189689,6,0,0,68.89
1782672189689,7,0,0,69.69
1782672189989,0,0,0,69.96
1782672189989,1,0,0,68.36
1782672189989,2,0,0,69.00
1782672189989,3,0,0,70.10
1782672189989,4,0,0,68.74
1782672189989,5,0,0,69.31
1782672189989,6,0,0,68.82
1782672189989,7,0,0,69.70
1782672190240,0,0,0,69.96
1782672190240,1,0,0,68.37
1782672190240,2,0,0,68.97
1782672190240,3,0,0,70.11
1782672190240,4,0,0,68.75
1782672190240,5,0,0,69.32
1782672190240,6,0,0,68.84
1782672190240,7,0,0,69.66
1782672190491,0,0,0,69.95
1782672190491,1,0,0,68.36
1782672190491,2,0,0,68.93
1782672190491,3,0,0,70.11
1782672190491,4,0,0,68.74
1782672190491,5,0,0,69.31
1782672190491,6,0,0,68.83
1782672190491,7,0,0,69.68
1782672190741,0,0,0,69.94
1782672190741,1,0,0,68.37
1782672190741,2,0,0,68.92
1782672190741,3,0,0,70.10
1782672190741,4,0,0,68.75
1782672190741,5,0,0,69.31
1782672190741,6,0,0,68.81
1782672190741,7,0,0,69.67
1782672190992,0,0,0,69.91
1782672190992,1,0,0,68.38
1782672190992,2,0,0,68.91
1782672190992,3,0,0,70.10
1782672190992,4,0,0,68.77
1782672190992,5,0,0,69.29
1782672190992,6,0,0,68.85
1782672190992,7,0,0,69.68
1782672191246,0,0,0,69.91
1782672191246,1,0,0,68.40
1782672191246,2,0,0,68.94
1782672191246,3,0,0,70.11
1782672191246,4,0,0,68.76
1782672191246,5,0,0,69.30
1782672191246,6,0,0,68.86
1782672191246,7,0,0,69.70
1782672191496,0,0,0,69.90
1782672191496,1,0,0,68.41
1782672191496,2,0,0,68.93
1782672191496,3,0,0,70.09
1782672191496,4,0,0,68.76
1782672191496,5,0,0,69.31
1782672191496,6,0,0,68.86
1782672191496,7,0,0,69.70
1782672191746,0,0,0,69.89
1782672191746,1,0,0,68.41
1782672191746,2,0,0,68.94
1782672191746,3,0,0,70.09
1782672191746,4,0,0,68.78
1782672191746,5,0,0,69.31
1782672191746,6,0,0,68.78
1782672191746,7,0,0,69.72
1782672191996,0,0,0,69.87
1782672191996,1,0,0,68.42
1782672191996,2,0,0,68.96
1782672191996,3,0,0,70.11
1782672191996,4,0,0,68.75
1782672191996,5,0,0,69.31
1782672191996,6,0,0,68.82
1782672191996,7,0,0,69.73
1782672192247,0,0,0,69.87
1782672192247,1,0,0,68.41
1782672192247,2,0,0,68.96
1782672192247,3,0,0,70.09
1782672192247,4,0,0,68.77
1782672192247,5,0,0,69.32
1782672192247,6,0,0,68.76
1782672192247,7,0,0,69.72
1782672192496,0,0,0,69.88
1782672192496,1,0,0,68.42
1782672192496,2,0,0,68.97
1782672192496,3,0,0,70.07
1782672192496,4,0,0,68.79
1782672192496,5,0,0,69.33
1782672192496,6,0,0,68.75
1782672192496,7,0,0,69.72
1782672192771,0,0,0,69.89
1782672192771,1,0,0,68.44
1782672192771,2,0,0,68.95
1782672192771,3,0,0,70.05
1782672192771,4,0,0,68.77
1782672192771,5,0,0,69.33
1782672192771,6,0,0,68.81
1782672192771,7,0,0,69.73
1782672193023,0,0,0,69.90
1782672193023,1,0,0,68.45
1782672193023,2,0,0,68.94
1782672193023,3,0,0,70.05
1782672193023,4,0,0,68.80
1782672193023,5,0,0,69.36
1782672193023,6,0,0,68.76
1782672193023,7,0,0,69.72
1782672193274,0,0,0,69.90
1782672193274,1,0,0,68.46
1782672193274,2,0,0,68.93
1782672193274,3,0,0,70.06
1782672193274,4,0,0,68.77
1782672193274,5,0,0,69.35
1782672193274,6,0,0,68.80
1782672193274,7,0,0,69.71
1782672193523,0,0,0,69.91
1782672193523,1,0,0,68.43
1782672193523,2,0,0,68.92
1782672193523,3,0,0,70.05
1782672193523,4,0,0,68.73
1782672193523,5,0,0,69.36
1782672193523,6,0,0,68.81
1782672193523,7,0,0,69.72
1782672193772,0,0,0,69.93
1782672193772,1,0,0,68.41
1782672193772,2,0,0,68.89
1782672193772,3,0,0,70.07
1782672193772,4,0,0,68.76
1782672193772,5,0,0,69.37
1782672193772,6,0,0,68.77
1782672193772,7,0,0,69.71
1782672194020,0,0,0,69.93
1782672194020,1,0,0,68.37
1782672194020,2,0,0,68.87
1782672194020,3,0,0,70.10
1782672194020,4,0,0,68.72
1782672194020,5,0,0,69.36
1782672194020,6,0,0,68.81
1782672194020,7,0,0,69.71
1782672194270,0,0,0,69.94
1782672194270,1,0,0,68.37
1782672194270,2,0,0,68.86
1782672194270,3,0,0,70.06
1782672194270,4,0,0,68.75
1782672194270,5,0,0,69.35
1782672194270,6,0,0,68.77
1782672194270,7,0,0,69.73
1782672194518,0,0,0,69.93
1782672194518,1,0,0,68.40
1782672194518,2,0,0,68.86
1782672194518,3,0,0,70.08
1782672194518,4,0,0,68.75
1782672194518,5,0,0,69.32
1782672194518,6,0,0,68.78
1782672194518,7,0,0,69.71
1782672194769,0,0,0,69.93
1782672194769,1,0,0,68.42
1782672194769,2,0,0,68.89
1782672194769,3,0,0,70.09
1782672194769,4,0,0,68.71
1782672194769,5,0,0,69.29
1782672194769,6,0,0,68.79
1782672194769,7,0,0,69.71
1782672195018,0,0,0,69.94
1782672195018,1,0,0,68.46
1782672195018,2,0,0,68.93
1782672195018,3,0,0,70.05
1782672195018,4,0,0,68.71
1782672195018,5,0,0,69.25
1782672195018,6,0,0,68.76
1782672195018,7,0,0,69.70
1782672195266,0,0,0,69.93
1782672195266,1,0,0,68.44
1782672195266,2,0,0,68.97
1782672195266,3,0,0,70.10
1782672195266,4,0,0,68.71
1782672195266,5,0,0,69.23
1782672195266,6,0,0,68.85
1782672195266,7,0,0,69.70
1782672195589,0,0,0,69.94
1782672195589,1,0,0,68.40
1782672195589,2,0,0,68.98
1782672195589,3,0,0,70.09
1782672195589,4,0,0,68.70
1782672195589,5,0,0,69.25
1782672195589,6,0,0,68.81
1782672195589,7,0,0,69.71
1782672195837,0,0,0,69.92
1782672195837,1,0,0,68.38
1782672195837,2,0,0,68.96
1782672195837,3,0,0,70.07
1782672195837,4,0,0,68.73
1782672195837,5,0,0,69.25
1782672195837,6,0,0,68.84
1782672195837,7,0,0,69.70
1782672196084,0,0,0,69.89
1782672196084,1,0,0,68.36
1782672196084,2,0,0,68.93
1782672196084,3,0,0,70.11
1782672196084,4,0,0,68.73
1782672196084,5,0,0,69.27
1782672196084,6,0,0,68.79
1782672196084,7,0,0,69.69
1782672196335,0,0,0,79.45
1782672196335,1,0,0,80.74
1782672196335,2,0,0,80.12
1782672196335,3,0,0,80.86
1782672196335,4,0,0,81.32
1782672196335,5,0,0,81.21
1782672196335,6,0,0,68.82
1782672196335,7,0,0,69.66
1782672196688,0,21,0,93.32
1782672196688,1,0,0,90.15
1782672196688,2,25,0,89.21
1782672196688,3,0,0,95.21
1782672196688,4,29,0,91.88
1782672196688,5,3,0,90.76
1782672196688,6,0,0,68.89
1782672196688,7,0,0,69.65
1782672196909,0,0,0,102.47
1782672196909,1,0,0,98.71
1782672196909,2,0,0,103.43
1782672196909,3,5,0,105.53
1782672196909,4,0,0,101.19
1782672196909,5,6,0,105.15
1782672196909,6,0,0,68.87
1782672196909,7,0,0,69.65
1782672197358,0,0,0,116.70
1782672197358,1,0,0,114.27
1782672197358,2,0,0,114.93
1782672197358,3,0,0,118.97
1782672197358,4,0,0,118.60
1782672197358,5,0,0,118.12
1782672197358,6,0,0,68.81
1782672197358,7,0,0,69.67
1782672198124,0,0,0,116.71
1782672198124,1,0,0,114.42
1782672198124,2,0,0,114.94
1782672198124,3,0,0,119.06
1782672198124,4,0,0,118.58
1782672198124,5,0,0,118.19
1782672198124,6,0,0,68.84
1782672198124,7,0,0,69.70
1782672198540,0,0,0,116.76
1782672198540,1,0,0,114.48
1782672198540,2,0,0,114.97
1782672198540,3,0,0,119.09
1782672198540,4,0,0,118.63
1782672198540,5,0,0,118.28
1782672198540,6,0,0,68.80
1782672198540,7,0,0,69.70
1782672198952,0,0,0,117.92
1782672198952,1,6,2,117.00
1782672198952,2,0,0,116.75
1782672198952,3,5,2,120.85
1782672198952,4,0,0,119.54
1782672198952,5,0,0,118.95
1782672198952,6,0,0,68.75
1782672198952,7,0,0,69.68
1782672199220,0,0,0,118.33
1782672199220,1,0,0,116.81
1782672199220,2,0,0,117.24
1782672199220,3,0,0,120.87
1782672199220,4,0,0,120.57
1782672199220,5,0,0,120.17
1782672199220,6,0,0,68.71
1782672199220,7,0,0,69.70
1782672199550,0,5,0,123.51
1782672199550,1,95,3,122.93
1782672199550,2,27,0,123.28
1782672199550,3,100,1,126.48
1782672199550,4,56,0,127.33
1782672199550,5,95,2,125.81
1782672199550,6,0,0,68.72
1782672199550,7,0,0,69.69
1782672199781,0,96,2,130.91
1782672199781,1,100,2,127.75
1782672199781,2,64,1,126.97
1782672199781,3,100,2,129.97
1782672199781,4,44,1,131.87
1782672199781,5,100,2,130.61
1782672199781,6,0,0,68.78
1782672199781,7,0,0,69.70
1782672200017,0,47,2,133.39
1782672200017,1,100,0,128.96
1782672200017,2,61,2,133.18
1782672200017,3,77,1,136.10
1782672200017,4,84,2,137.30
1782672200017,5,100,0,136.43
1782672200017,6,0,0,68.75
1782672200017,7,0,0,69.70
1782672200253,0,27,0,138.25
1782672200253,1,96,3,136.45
1782672200253,2,28,0,136.77
1782672200253,3,94,3,140.21
1782672200253,4,43,2,141.01
1782672200253,5,94,2,140.19
1782672200253,6,0,0,68.76
1782672200253,7,0,0,69.67
1782672200490,0,69,1,140.59
1782672200490,1,100,2,137.73
1782672200490,2,51,1,138.04
1782672200490,3,100,2,143.60
1782672200490,4,30,1,142.67
1782672200490,5,94,3,142.18
1782672200490,6,0,0,68.81
1782672200490,7,0,0,69.68
1782672200726,0,100,1,140.79
1782672200726,1,100,0,137.72
1782672200726,2,93,2,137.97
1782672200726,3,100,0,144.12
1782672200726,4,73,2,142.30
1782672200726,5,100,2,142.50
1782672200726,6,0,0,68.76
1782672200726,7,0,0,69.67
1782672200974,0,27,0,140.21
1782672200974,1,78,1,138.43
1782672200974,2,80,2,137.16
1782672200974,3,70,2,144.67
1782672200974,4,100,1,143.44
1782672200974,5,94,0,142.52
1782672200974,6,0,0,68.84
1782672200974,7,0,0,69.67
1782672201246,0,48,1,140.21
1782672201246,1,100,2,139.62
1782672201246,2,31,1,138.30
1782672201246,3,97,2,144.52
1782672201246,4,29,0,144.49
1782672201246,5,71,2,143.59
1782672201246,6,0,0,68.81
1782672201246,7,0,0,69.67
1782672201492,0,85,2,140.32
1782672201492,1,100,2,139.26
1782672201492,2,71,2,138.98
1782672201492,3,100,0,144.34
1782672201492,4,50,1,144.95
1782672201492,5,95,2,143.51
1782672201492,6,0,0,68.79
1782672201492,7,0,0,69.67
1782672201734,0,87,2,140.71
1782672201734,1,100,0,140.32
1782672201734,2,100,1,139.29
1782672201734,3,87,2,145.21
1782672201734,4,90,2,145.59
1782672201734,5,100,0,142.84
1782672201734,6,0,0,68.82
1782672201734,7,0,0,69.64
1782672201975,0,27,0,140.96
1782672201975,1,95,2,138.65
1782672201975,2,61,2,139.47
1782672201975,3,95,3,145.81
1782672201975,4,84,2,144.97
1782672201975,5,96,2,142.99
1782672201975,6,0,0,68.75
1782672201975,7,0,0,69.64
1782672202211,0,71,2,141.58
1782672202211,1,95,3,138.28
1782672202211,2,54,2,138.52
1782672202211,3,100,2,144.17
1782672202211,4,43,2,144.29
1782672202211,5,97,3,141.37
1782672202211,6,0,0,68.77
1782672202211,7,0,0,69.67
1782672202446,0,100,1,141.19
1782672202446,1,100,0,137.63
1782672202446,2,97,2,139.56
1782672202446,3,100,2,143.98
1782672202446,4,77,2,143.65
1782672202446,5,100,2,141.54
1782672202446,6,0,0,68.81
1782672202446,7,0,0,69.67
1782672202682,0,60,2,142.26
1782672202682,1,95,2,137.30
1782672202682,2,78,2,138.57
1782672202682,3,100,0,143.25
1782672202682,4,100,1,142.95
1782672202682,5,100,2,141.11
1782672202682,6,0,0,68.75
1782672202682,7,0,0,69.68
1782672202915,0,28,0,141.62
1782672202915,1,94,3,136.80
1782672202915,2,32,2,139.75
1782672202915,3,98,2,143.07
1782672202915,4,57,2,141.71
1782672202915,5,97,2,141.36
1782672202915,6,0,0,68.76
1782672202915,7,0,0,69.68
1782672203146,0,54,1,141.52
1782672203146,1,100,2,137.21
1782672203146,2,40,1,139.30
1782672203146,3,100,2,142.60
1782672203146,4,28,0,142.54
1782672203146,5,100,2,140.89
1782672203146,6,0,0,68.80
1782672203146,7,0,0,69.65
1782672203385,0,79,2,141.18
1782672203385,1,100,2,137.27
1782672203385,2,80,2,139.32
1782672203385,3,100,0,144.42
1782672203385,4,58,1,142.70
1782672203385,5,100,2,141.18
1782672203385,6,0,0,68.79
1782672203385,7,0,0,69.66
1782672203623,0,36,2,141.04
1782672203623,1,98,0,138.59
1782672203623,2,54,2,139.04
1782672203623,3,92,2,143.56
1782672203623,4,77,2,143.20
1782672203623,5,100,0,143.23
1782672203623,6,0,0,68.77
1782672203623,7,0,0,69.67
1782672203859,0,35,1,140.98
1782672203859,1,98,3,139.19
1782672203859,2,28,0,139.35
1782672203859,3,94,3,143.79
1782672203859,4,32,2,142.81
1782672203859,5,95,2,143.87
1782672203859,6,0,0,68.79
1782672203859,7,0,0,69.69
1782672204096,0,77,2,140.83
1782672204096,1,100,2,139.52
1782672204096,2,61,2,139.39
1782672204096,3,100,2,142.84
1782672204096,4,42,1,142.73
1782672204096,5,100,2,144.33
1782672204096,6,0,0,68.78
1782672204096,7,0,0,69.70
1782672204340,0,98,2,141.89
1782672204340,1,100,0,139.52
1782672204340,2,100,2,139.36
1782672204340,3,82,0,143.19
1782672204340,4,80,2,141.96
1782672204340,5,100,2,143.88
1782672204340,6,0,0,68.75
1782672204340,7,0,0,69.70
1782672204589,0,27,0,141.94
1782672204589,1,66,2,139.03
1782672204589,2,75,2,140.08
1782672204589,3,69,2,143.15
1782672204589,4,95,2,143.24
1782672204589,5,84,0,144.51
1782672204589,6,0,0,68.81
1782672204589,7,0,0,69.69
1782672204836,0,42,1,142.50
1782672204836,1,70,3,139.39
1782672204836,2,27,0,140.39
1782672204836,3,81,2,143.98
1782672204836,4,26,0,143.76
1782672204836,5,72,2,143.85
1782672204836,6,0,0,68.79
1782672204836,7,0,0,69.68
1782672205083,0,76,2,143.15
1782672205083,1,100,2,138.88
1782672205083,2,59,2,141.23
1782672205083,3,100,2,144.45
1782672205083,4,41,1,144.00
1782672205083,5,85,3,144.10
1782672205083,6,0,0,68.80
1782672205083,7,0,0,69.71
1782672205327,0,100,2,142.22
1782672205327,1,100,0,138.61
1782672205327,2,92,2,141.19
1782672205327,3,89,1,145.28
1782672205327,4,73,2,144.50
1782672205327,5,100,2,144.72
1782672205327,6,0,0,68.83
1782672205327,7,0,0,69.71
1782672205580,0,28,2,142.81
1782672205580,1,82,1,139.48
1782672205580,2,82,2,141.30
1782672205580,3,72,2,145.93
1782672205580,4,100,1,143.47
1782672205580,5,97,0,143.98
1782672205580,6,0,0,68.78
1782672205580,7,0,0,69.72
1782672205830,0,33,1,143.32
1782672205830,1,77,2,138.96
1782672205830,2,28,0,141.32
1782672205830,3,81,2,145.76
1782672205830,4,33,2,143.49
1782672205830,5,75,2,145.05
1782672205830,6,0,0,68.80
1782672205830,7,0,0,69.71
1782672206077,0,72,2,142.94
1782672206077,1,100,2,140.40
1782672206077,2,55,1,140.71
1782672206077,3,100,2,145.88
1782672206077,4,35,1,144.04
1782672206077,5,83,3,144.88
1782672206077,6,0,0,68.76
1782672206077,7,0,0,69.72
1782672206333,0,100,1,142.98
1782672206333,1,100,0,140.17
1782672206333,2,92,2,140.96
1782672206333,3,94,0,144.90
1782672206333,4,73,2,143.81
1782672206333,5,100,2,144.65
1782672206333,6,0,0,68.76
1782672206333,7,0,0,69.71
1782672206584,0,35,0,140.86
1782672206584,1,70,4,139.91
1782672206584,2,82,2,140.64
1782672206584,3,65,5,141.67
1782672206584,4,100,1,143.13
1782672206584,5,88,3,144.76
1782672206584,6,0,0,68.78
1782672206584,7,0,0,69.69
1782672206833,0,10,0,136.14
1782672206833,1,100,0,135.39
1782672206833,2,18,0,132.64
1782672206833,3,100,0,137.45
1782672206833,4,27,0,135.35
1782672206833,5,100,0,136.94
1782672206833,6,0,0,68.75
1782672206833,7,0,0,69.71
1782672207066,0,35,0,130.29
1782672207066,1,100,9,131.59
1782672207066,2,31,0,131.29
1782672207066,3,100,0,135.49
1782672207066,4,21,0,134.56
1782672207066,5,100,0,136.28
1782672207066,6,0,0,68.80
1782672207066,7,0,0,69.68
1782672207309,0,95,8,134.74
1782672207309,1,100,0,133.21
1782672207309,2,100,0,131.98
1782672207309,3,100,0,137.58
1782672207309,4,100,0,135.44
1782672207309,5,100,0,137.24
1782672207309,6,0,0,68.79
1782672207309,7,0,0,69.69
1782672207543,0,100,0,134.61
1782672207543,1,100,0,132.58
1782672207543,2,100,0,134.30
1782672207543,3,100,0,138.54
1782672207543,4,100,0,138.04
1782672207543,5,100,0,138.57
1782672207543,6,0,0,68.74
1782672207543,7,0,0,69.67
1782672207776,0,100,1,146.47
1782672207776,1,100,3,142.72
1782672207776,2,100,0,139.93
1782672207776,3,100,0,146.11
1782672207776,4,100,0,144.42
1782672207776,5,98,9,147.48
1782672207776,6,0,0,68.83
1782672207776,7,0,0,69.65
1782672208018,0,0,0,147.19
1782672208018,1,0,0,142.77
1782672208018,2,0,0,142.73
1782672208018,3,0,0,145.57
1782672208018,4,93,8,148.67
1782672208018,5,0,0,143.51
1782672208018,6,0,0,68.81
1782672208018,7,0,0,69.64
1782672208245,0,0,0,139.22
1782672208245,1,0,0,135.84
1782672208245,2,0,0,135.64
1782672208245,3,0,0,137.11
1782672208245,4,0,0,139.58
1782672208245,5,0,0,137.31
1782672208245,6,0,0,68.80
1782672208245,7,0,0,69.65
1782672208471,0,0,0,133.08
1782672208471,1,0,0,126.24
1782672208471,2,0,0,129.74
1782672208471,3,0,0,130.90
1782672208471,4,0,0,133.34
1782672208471,5,0,0,130.87
1782672208471,6,0,0,68.76
1782672208471,7,0,0,69.66
1782672208694,0,0,0,123.51
1782672208694,1,0,0,120.43
1782672208694,2,0,0,123.71
1782672208694,3,0,0,125.15
1782672208694,4,0,0,127.23
1782672208694,5,0,0,125.14
1782672208694,6,0,0,68.82
1782672208694,7,0,0,69.66
1782672208919,0,0,0,117.06
1782672208919,1,0,0,114.67
1782672208919,2,0,0,115.34
1782672208919,3,0,0,119.41
1782672208919,4,0,0,119.00
1782672208919,5,0,0,118.61
1782672208919,6,0,0,68.82
1782672208919,7,0,0,69.66
1782672209143,0,0,0,117.06
1782672209143,1,0,0,114.65
1782672209143,2,0,0,115.34
1782672209143,3,0,0,119.42
1782672209143,4,0,0,118.93
1782672209143,5,0,0,118.60
1782672209143,6,0,0,68.79
1782672209143,7,0,0,69.66
1782672209368,0,0,0,117.06
1782672209368,1,0,0,114.65
1782672209368,2,0,0,115.36
1782672209368,3,0,0,119.43
1782672209368,4,0,0,118.94
1782672209368,5,0,0,118.61
1782672209368,6,0,0,68.76
1782672209368,7,0,0,69.66
1782672209592,0,0,0,117.06
1782672209592,1,0,0,114.63
1782672209592,2,0,0,115.35
1782672209592,3,0,0,119.42
1782672209592,4,0,0,118.93
1782672209592,5,0,0,118.63
1782672209592,6,0,0,68.83
1782672209592,7,0,0,69.66
1782672209816,0,0,0,117.06
1782672209816,1,0,0,114.63
1782672209816,2,0,0,115.38
1782672209816,3,0,0,119.46
1782672209816,4,0,0,118.94
1782672209816,5,0,0,118.64
1782672209816,6,0,0,68.81
1782672209816,7,0,0,69.65
1782672210041,0,0,0,117.09
1782672210041,1,0,0,114.64
1782672210041,2,0,0,115.38
1782672210041,3,0,0,119.49
1782672210041,4,0,0,118.96
1782672210041,5,0,0,118.63
1782672210041,6,0,0,68.76
1782672210041,7,0,0,69.65
1782672210265,0,0,0,117.09
1782672210265,1,0,0,114.64
1782672210265,2,0,0,115.37
1782672210265,3,0,0,119.47
1782672210265,4,0,0,118.96
1782672210265,5,0,0,118.62
1782672210265,6,0,0,68.73
1782672210265,7,0,0,69.66
1782672210488,0,0,0,117.11
1782672210488,1,0,0,114.66
1782672210488,2,0,0,115.36
1782672210488,3,0,0,119.48
1782672210488,4,0,0,119.00
1782672210488,5,0,0,118.65
1782672210488,6,0,0,68.78
1782672210488,7,0,0,69.66
1782672210713,0,0,0,117.12
1782672210713,1,0,0,114.66
1782672210713,2,0,0,115.35
1782672210713,3,0,0,119.47
1782672210713,4,0,0,118.99
1782672210713,5,0,0,118.66
1782672210713,6,0,0,68.76
1782672210713,7,0,0,69.68
1782672210938,0,0,0,117.12
1782672210938,1,0,0,114.69
1782672210938,2,0,0,115.32
1782672210938,3,0,0,119.45
1782672210938,4,0,0,119.02
1782672210938,5,0,0,118.66
1782672210938,6,0,0,68.75
1782672210938,7,0,0,69.68
1782672211162,0,0,0,117.12
1782672211162,1,0,0,114.71
1782672211162,2,0,0,115.30
1782672211162,3,0,0,119.45
1782672211162,4,0,0,119.00
1782672211162,5,0,0,118.67
1782672211162,6,0,0,68.80
1782672211162,7,0,0,69.67
1782672211505,0,0,0,117.10
1782672211505,1,0,0,114.72
1782672211505,2,0,0,115.29
1782672211505,3,0,0,119.44
1782672211505,4,0,0,119.01
1782672211505,5,0,0,118.68
1782672211505,6,0,0,68.74
1782672211505,7,0,0,69.67
1782672211729,0,0,0,117.08
1782672211729,1,0,0,114.73
1782672211729,2,0,0,115.31
1782672211729,3,0,0,119.47
1782672211729,4,0,0,119.03
1782672211729,5,0,0,118.65
1782672211729,6,0,0,68.76
1782672211729,7,0,0,69.68
1782672211952,0,0,0,117.08
1782672211952,1,0,0,114.73
1782672211952,2,0,0,115.32
1782672211952,3,0,0,119.47
1782672211952,4,0,0,119.01
1782672211952,5,0,0,118.68
1782672211952,6,0,0,68.79
1782672211952,7,0,0,69.70
1782672212210,0,0,0,117.07
1782672212210,1,0,0,114.74
1782672212210,2,0,0,115.34
1782672212210,3,0,0,119.47
1782672212210,4,0,0,119.05
1782672212210,5,0,0,118.68
1782672212210,6,0,0,68.71
1782672212210,7,0,0,69.71
1782672212434,0,0,0,117.09
1782672212434,1,0,0,114.75
1782672212434,2,0,0,115.37
1782672212434,3,0,0,119.49
1782672212434,4,0,0,119.03
1782672212434,5,0,0,118.68
1782672212434,6,0,0,68.73
1782672212434,7,0,0,69.69
1782672212658,0,0,0,117.11
1782672212658,1,0,0,114.78
1782672212658,2,0,0,115.39
1782672212658,3,0,0,119.50
1782672212658,4,0,0,119.03
1782672212658,5,0,0,118.71
1782672212658,6,0,0,68.74
1782672212658,7,0,0,69.68
1782672212884,0,0,0,117.11
1782672212884,1,0,0,114.78
1782672212884,2,0,0,115.40
1782672212884,3,0,0,119.49
1782672212884,4,0,0,119.04
1782672212884,5,0,0,118.72
1782672212884,6,0,0,68.69
1782672212884,7,0,0,69.67
1782672213107,0,0,0,117.10
1782672213107,1,0,0,114.76
1782672213107,2,0,0,115.39
1782672213107,3,0,0,119.47
1782672213107,4,0,0,119.01
1782672213107,5,0,0,118.71
1782672213107,6,0,0,68.72
1782672213107,7,0,0,69.65
1782672213331,0,0,0,117.13
1782672213331,1,0,0,114.73
1782672213331,2,0,0,115.40
1782672213331,3,0,0,119.50
1782672213331,4,0,0,119.04
1782672213331,5,0,0,118.70
1782672213331,6,0,0,68.74
1782672213331,7,0,0,69.66
1782672213556,0,0,0,117.14
1782672213556,1,0,0,114.70
1782672213556,2,0,0,115.39
1782672213556,3,0,0,119.49
1782672213556,4,0,0,119.00
1782672213556,5,0,0,118.68
1782672213556,6,0,0,68.79
1782672213556,7,0,0,69.63
1782672213780,0,0,0,117.15
1782672213780,1,0,0,114.67
1782672213780,2,0,0,115.37
1782672213780,3,0,0,119.46
1782672213780,4,0,0,119.01
1782672213780,5,0,0,118.66
1782672213780,6,0,0,68.73
1782672213780,7,0,0,69.64
1782672214004,0,0,0,117.15
1782672214004,1,0,0,114.66
1782672214004,2,0,0,115.35
1782672214004,3,0,0,119.53
1782672214004,4,0,0,118.98
1782672214004,5,0,0,118.66
1782672214004,6,0,0,68.74
1782672214004,7,0,0,69.65
1782672214227,0,0,0,117.15
1782672214227,1,0,0,114.66
1782672214227,2,0,0,115.34
1782672214227,3,0,0,119.53
1782672214227,4,0,0,119.00
1782672214227,5,0,0,118.66
1782672214227,6,0,0,68.79
1782672214227,7,0,0,69.65
1782672214451,0,0,0,117.16
1782672214451,1,0,0,114.67
1782672214451,2,0,0,115.34
1782672214451,3,0,0,119.51
1782672214451,4,0,0,119.01
1782672214451,5,0,0,118.69
1782672214451,6,0,0,68.82
1782672214451,7,0,0,69.66
1782672214842,0,0,0,117.16
1782672214842,1,0,0,114.69
1782672214842,2,0,0,115.36
1782672214842,3,0,0,119.54
1782672214842,4,0,0,119.03
1782672214842,5,0,0,118.69
1782672214842,6,0,0,68.83
1782672214842,7,0,0,69.66
1782672215066,0,0,0,117.14
1782672215066,1,0,0,114.71
1782672215066,2,0,0,115.38
1782672215066,3,0,0,119.52
1782672215066,4,0,0,119.03
1782672215066,5,0,0,118.68
1782672215066,6,0,0,68.86
1782672215066,7,0,0,69.65
1782672215290,0,0,0,117.15
1782672215290,1,0,0,114.72
1782672215290,2,0,0,115.42
1782672215290,3,0,0,119.53
1782672215290,4,0,0,119.06
1782672215290,5,0,0,118.67
1782672215290,6,0,0,68.81
1782672215290,7,0,0,69.67
1782672215514,0,0,0,117.15
1782672215514,1,0,0,114.71
1782672215514,2,0,0,115.44
1782672215514,3,0,0,119.53
1782672215514,4,0,0,119.08
1782672215514,5,0,0,118.65
1782672215514,6,0,0,68.85
1782672215514,7,0,0,69.66
1782672215738,0,0,0,117.13
1782672215738,1,0,0,114.70
1782672215738,2,0,0,115.48
1782672215738,3,0,0,119.57
1782672215738,4,0,0,119.10
1782672215738,5,0,0,118.68
1782672215738,6,0,0,68.86
1782672215738,7,0,0,69.66
1782672215962,0,0,0,117.12
1782672215962,1,0,0,114.68
1782672215962,2,0,0,115.49
1782672215962,3,0,0,119.57
1782672215962,4,0,0,119.06
1782672215962,5,0,0,118.66
1782672215962,6,0,0,68.84
1782672215962,7,0,0,69.65
1782672216189,0,0,0,117.10
1782672216189,1,0,0,114.69
1782672216189,2,0,0,115.49
1782672216189,3,0,0,119.56
1782672216189,4,0,0,119.09
1782672216189,5,0,0,118.69
1782672216189,6,0,0,68.81
1782672216189,7,0,0,69.68
1782672216462,0,0,0,117.11
1782672216462,1,0,0,114.70
1782672216462,2,0,0,115.47
1782672216462,3,0,0,119.58
1782672216462,4,0,0,119.09
1782672216462,5,0,0,118.72
1782672216462,6,0,0,68.82
1782672216462,7,0,0,69.69
1782672216685,0,0,0,117.11
1782672216685,1,0,0,114.71
1782672216685,2,0,0,115.45
1782672216685,3,0,0,119.57
1782672216685,4,0,0,119.10
1782672216685,5,0,0,118.73
1782672216685,6,0,0,68.84
1782672216685,7,0,0,69.67
1782672216909,0,0,0,117.13
1782672216909,1,0,0,114.73
1782672216909,2,0,0,115.43
1782672216909,3,0,0,119.57
1782672216909,4,0,0,119.12
1782672216909,5,0,0,118.74
1782672216909,6,0,0,68.83
1782672216909,7,0,0,69.67
1782672217132,0,0,0,117.15
1782672217132,1,0,0,114.73
1782672217132,2,0,0,115.41
1782672217132,3,0,0,119.59
1782672217132,4,0,0,119.12
1782672217132,5,0,0,118.75
1782672217132,6,0,0,68.86
1782672217132,7,0,0,69.66
1782672217356,0,0,0,117.16
1782672217356,1,0,0,114.74
1782672217356,2,0,0,115.40
1782672217356,3,0,0,119.57
1782672217356,4,0,0,119.14
1782672217356,5,0,0,118.76
1782672217356,6,0,0,68.85
1782672217356,7,0,0,69.67
1782672217579,0,0,0,117.18
1782672217579,1,0,0,114.76
1782672217579,2,0,0,115.41
1782672217579,3,0,0,119.59
1782672217579,4,0,0,119.12
1782672217579,5,0,0,118.75
1782672217579,6,0,0,68.82
1782672217579,7,0,0,69.68
1782672217828,0,0,0,117.20
1782672217828,1,0,0,114.75
1782672217828,2,0,0,115.39
1782672217828,3,0,0,119.56
1782672217828,4,0,0,119.13
1782672217828,5,0,0,118.76
1782672217828,6,0,0,68.78
1782672217828,7,0,0,69.68
1782672218054,0,0,0,117.20
1782672218054,1,0,0,114.77
1782672218054,2,0,0,115.42
1782672218054,3,0,0,119.54
1782672218054,4,0,0,119.12
1782672218054,5,0,0,118.75
1782672218054,6,0,0,68.77
1782672218054,7,0,0,69.70
1782672218277,0,0,0,117.22
1782672218277,1,0,0,114.77
1782672218277,2,0,0,115.43
1782672218277,3,0,0,119.56
1782672218277,4,0,0,119.11
1782672218277,5,0,0,118.76
1782672218277,6,0,0,68.78
1782672218277,7,0,0,69.69
1782672218502,0,0,0,117.24
1782672218502,1,0,0,114.76
1782672218502,2,0,0,115.42
1782672218502,3,0,0,119.55
1782672218502,4,0,0,119.13
1782672218502,5,0,0,118.75
1782672218502,6,0,0,68.79
1782672218502,7,0,0,69.69
1782672218726,0,0,0,117.25
1782672218726,1,0,0,114.77
1782672218726,2,0,0,115.45
1782672218726,3,0,0,119.58
1782672218726,4,0,0,119.11
1782672218726,5,0,0,118.76
1782672218726,6,0,0,68.75
1782672218726,7,0,0,69.68
1782672218952,0,0,0,117.24
1782672218952,1,0,0,114.76
1782672218952,2,0,0,115.44
1782672218952,3,0,0,119.58
1782672218952,4,0,0,119.11
1782672218952,5,0,0,118.77
1782672218952,6,0,0,68.79
1782672218952,7,0,0,69.68
1782672219177,0,0,0,117.23
1782672219177,1,0,0,114.76
1782672219177,2,0,0,115.45
1782672219177,3,0,0,119.61
1782672219177,4,0,0,119.10
1782672219177,5,0,0,118.79
1782672219177,6,0,0,68.78
1782672219177,7,0,0,69.69
1782672219402,0,0,0,117.19
1782672219402,1,0,0,114.76
1782672219402,2,0,0,115.46
1782672219402,3,0,0,119.59
1782672219402,4,0,0,119.10
1782672219402,5,0,0,118.81
1782672219402,6,0,0,68.73
1782672219402,7,0,0,69.67
1782672219696,0,0,0,117.17
1782672219696,1,0,0,114.75
1782672219696,2,0,0,115.46
1782672219696,3,0,0,119.59
1782672219696,4,0,0,119.10
1782672219696,5,0,0,118.80
1782672219696,6,0,0,68.72
1782672219696,7,0,0,69.68
1782672219953,0,0,0,117.16
1782672219953,1,0,0,114.75
1782672219953,2,0,0,115.47
1782672219953,3,0,0,119.62
1782672219953,4,0,0,119.12
1782672219953,5,0,0,118.81
1782672219953,6,0,0,68.71
1782672219953,7,0,0,69.66
1782672220177,0,0,0,117.16
1782672220177,1,0,0,114.74
1782672220177,2,0,0,115.46
1782672220177,3,0,0,119.62
1782672220177,4,0,0,119.13
1782672220177,5,0,0,118.77
1782672220177,6,0,0,68.75
1782672220177,7,0,0,69.64
1782672220403,0,0,0,117.18
1782672220403,1,0,0,114.75
1782672220403,2,0,0,115.46
1782672220403,3,0,0,119.62
1782672220403,4,0,0,119.12
1782672220403,5,0,0,118.77
1782672220403,6,0,0,68.80
1782672220403,7,0,0,69.65
1782672220630,0,0,0,117.20
1782672220630,1,0,0,114.77
1782672220630,2,0,0,115.44
1782672220630,3,0,0,119.66
1782672220630,4,0,0,119.13
1782672220630,5,0,0,118.75
1782672220630,6,0,0,68.75
1782672220630,7,0,0,69.64
1782672220855,0,0,0,117.20
1782672220855,1,0,0,114.77
1782672220855,2,0,0,115.44
1782672220855,3,0,0,119.65
1782672220855,4,0,0,119.12
1782672220855,5,0,0,118.75
1782672220855,6,0,0,68.77
1782672220855,7,0,0,69.63
1782672221079,0,0,0,117.20
1782672221079,1,0,0,114.79
1782672221079,2,0,0,115.45
1782672221079,3,0,0,119.65
1782672221079,4,0,0,119.14
1782672221079,5,0,0,118.75
1782672221079,6,0,0,68.79
1782672221079,7,0,0,69.65
1782672221304,0,0,0,117.21
1782672221304,1,0,0,114.79
1782672221304,2,0,0,115.45
1782672221304,3,0,0,119.65
1782672221304,4,0,0,119.15
1782672221304,5,0,0,118.76
1782672221304,6,0,0,68.81
1782672221304,7,0,0,69.61
1782672221529,0,0,0,117.21
1782672221529,1,0,0,114.78
1782672221529,2,0,0,115.48
1782672221529,3,0,0,119.65
1782672221529,4,0,0,119.17
1782672221529,5,0,0,118.77
1782672221529,6,0,0,68.74
1782672221529,7,0,0,69.63
1782672221753,0,0,0,117.21
1782672221753,1,0,0,114.77
1782672221753,2,0,0,115.51
1782672221753,3,0,0,119.64
1782672221753,4,0,0,119.18
1782672221753,5,0,0,118.77
1782672221753,6,0,0,68.74
1782672221753,7,0,0,69.62
1782672222014,0,0,0,117.23
1782672222014,1,0,0,114.75
1782672222014,2,0,0,115.54
1782672222014,3,0,0,119.64
1782672222014,4,0,0,119.16
1782672222014,5,0,0,118.70
1782672222014,6,0,0,68.75
1782672222014,7,0,0,69.62
1782672222251,0,0,0,117.29
1782672222251,1,0,0,114.70
1782672222251,2,0,0,115.59
1782672222251,3,0,0,119.67
1782672222251,4,0,0,119.19
1782672222251,5,0,0,118.53
1782672222251,6,0,0,68.82
1782672222251,7,0,0,69.68
1782672222836,0,0,0,117.29
1782672222836,1,0,0,114.75
1782672222836,2,0,0,115.57
1782672222836,3,0,0,119.68
1782672222836,4,0,0,119.20
1782672222836,5,0,0,118.38
1782672222836,6,0,0,68.80
1782672222836,7,0,0,69.71
1782672223145,0,0,0,117.28
1782672223145,1,0,0,114.78
1782672223145,2,0,0,115.56
1782672223145,3,0,0,119.67
1782672223145,4,0,0,119.20
1782672223145,5,0,0,118.38
1782672223145,6,0,0,68.76
1782672223145,7,0,0,69.73
1782672223395,0,0,0,117.26
1782672223395,1,0,0,114.80
1782672223395,2,0,0,115.53
1782672223395,3,0,0,119.66
1782672223395,4,0,0,119.21
1782672223395,5,0,0,118.35
1782672223395,6,0,0,68.76
1782672223395,7,0,0,69.73
1782672223620,0,0,0,117.24
1782672223620,1,0,0,114.85
1782672223620,2,0,0,115.51
1782672223620,3,0,0,119.67
1782672223620,4,0,0,119.19
1782672223620,5,0,0,118.32
1782672223620,6,0,0,68.80
1782672223620,7,0,0,69.73
1782672223846,0,0,0,117.25
1782672223846,1,0,0,114.85
1782672223846,2,0,0,115.49
1782672223846,3,0,0,119.69
1782672223846,4,0,0,119.19
1782672223846,5,0,0,118.34
1782672223846,6,0,0,68.75
1782672223846,7,0,0,69.72
1782672224071,0,0,0,117.24
1782672224071,1,0,0,114.85
1782672224071,2,0,0,115.48
1782672224071,3,0,0,119.69
1782672224071,4,0,0,119.18
1782672224071,5,0,0,118.36
1782672224071,6,0,0,68.72
1782672224071,7,0,0,69.70
1782672224296,0,0,0,117.24
1782672224296,1,0,0,114.84
1782672224296,2,0,0,115.49
1782672224296,3,0,0,119.69
1782672224296,4,0,0,119.23
1782672224296,5,0,0,118.35
1782672224296,6,0,0,68.71
1782672224296,7,0,0,69.69
1782672224521,0,0,0,117.22
1782672224521,1,0,0,114.84
1782672224521,2,0,0,115.51
1782672224521,3,0,0,119.67
1782672224521,4,0,0,119.22
1782672224521,5,0,0,118.38
1782672224521,6,0,0,68.72
1782672224521,7,0,0,69.67
1782672224746,0,0,0,117.23
1782672224746,1,0,0,114.85
1782672224746,2,0,0,115.52
1782672224746,3,0,0,119.69
1782672224746,4,0,0,119.22
1782672224746,5,0,0,118.39
1782672224746,6,0,0,68.70
1782672224746,7,0,0,69.67
1782672224969,0,0,0,117.22
1782672224969,1,0,0,114.85
1782672224969,2,0,0,115.53
1782672224969,3,0,0,119.67
1782672224969,4,0,0,119.23
1782672224969,5,0,0,118.41
1782672224969,6,0,0,68.68
1782672224969,7,0,0,69.67
1782672225195,0,0,0,117.27
1782672225195,1,0,0,114.86
1782672225195,2,0,0,115.56
1782672225195,3,0,0,119.65
1782672225195,4,0,0,119.21
1782672225195,5,0,0,118.40
1782672225195,6,0,0,68.69
1782672225195,7,0,0,69.66
1782672225422,0,0,0,117.33
1782672225422,1,0,0,114.87
1782672225422,2,0,0,115.58
1782672225422,3,0,0,119.66
1782672225422,4,0,0,119.21
1782672225422,5,0,0,118.44
1782672225422,6,0,0,68.71
1782672225422,7,0,0,69.69
1782672225649,0,0,0,117.33
1782672225649,1,0,0,114.88
1782672225649,2,0,0,115.55
1782672225649,3,0,0,119.64
1782672225649,4,0,0,119.20
1782672225649,5,0,0,118.42
1782672225649,6,0,0,68.70
1782672225649,7,0,0,69.67
1782672225876,0,0,0,117.36
1782672225876,1,0,0,114.84
1782672225876,2,0,0,115.57
1782672225876,3,0,0,119.67
1782672225876,4,0,0,119.22
1782672225876,5,0,0,118.39
1782672225876,6,0,0,68.70
1782672225876,7,0,0,69.67
1782672226101,0,0,0,117.34
1782672226101,1,0,0,114.83
1782672226101,2,0,0,115.55
1782672226101,3,0,0,119.66
1782672226101,4,0,0,119.23
1782672226101,5,0,0,118.42
1782672226101,6,0,0,68.76
1782672226101,7,0,0,69.69
1782672226462,0,0,0,117.34
1782672226462,1,0,0,114.85
1782672226462,2,0,0,115.53
1782672226462,3,0,0,119.66
1782672226462,4,0,0,119.22
1782672226462,5,0,0,118.40
1782672226462,6,0,0,68.79
1782672226462,7,0,0,69.67
1782672226722,0,0,0,117.32
1782672226722,1,0,0,114.83
1782672226722,2,0,0,115.53
1782672226722,3,0,0,119.66
1782672226722,4,0,0,119.25
1782672226722,5,0,0,118.40
1782672226722,6,0,0,68.72
1782672226722,7,0,0,69.68
1782672226944,0,0,0,117.32
1782672226944,1,0,0,114.87
1782672226944,2,0,0,115.49
1782672226944,3,0,0,119.69
1782672226944,4,0,0,119.24
1782672226944,5,0,0,118.40
1782672226944,6,0,0,68.76
1782672226944,7,0,0,69.65
1782672227169,0,0,0,117.30
1782672227169,1,0,0,114.89
1782672227169,2,0,0,115.52
1782672227169,3,0,0,119.71
1782672227169,4,0,0,119.25
1782672227169,5,0,0,118.38
1782672227169,6,0,0,68.78
1782672227169,7,0,0,69.64
1782672227393,0,0,0,117.30
1782672227393,1,0,0,114.90
1782672227393,2,0,0,115.54
1782672227393,3,0,0,119.73
1782672227393,4,0,0,119.26
1782672227393,5,0,0,118.38
1782672227393,6,0,0,68.79
1782672227393,7,0,0,69.64
1782672227616,0,0,0,117.30
1782672227616,1,0,0,114.89
1782672227616,2,0,0,115.55
1782672227616,3,0,0,119.71
1782672227616,4,0,0,119.25
1782672227616,5,0,0,118.39
1782672227616,6,0,0,68.74
1782672227616,7,0,0,69.62
1782672227840,0,0,0,117.28
1782672227840,1,0,0,114.87
1782672227840,2,0,0,115.59
1782672227840,3,0,0,119.74
1782672227840,4,0,0,119.30
1782672227840,5,0,0,118.39
1782672227840,6,0,0,68.76
1782672227840,7,0,0,69.64
1782672228066,0,0,0,117.29
1782672228066,1,0,0,114.84
1782672228066,2,0,0,115.60
1782672228066,3,0,0,119.73
1782672228066,4,0,0,119.30
1782672228066,5,0,0,118.40
1782672228066,6,0,0,68.82
1782672228066,7,0,0,69.65
1782672228290,0,0,0,117.30
1782672228290,1,0,0,114.81
1782672228290,2,0,0,115.65
1782672228290,3,0,0,119.73
1782672228290,4,0,0,119.32
1782672228290,5,0,0,118.39
1782672228290,6,0,0,68.82
1782672228290,7,0,0,69.65
1782672228515,0,0,0,117.33
1782672228515,1,0,0,114.82
1782672228515,2,0,0,115.65
1782672228515,3,0,0,119.75
1782672228515,4,0,0,119.28
1782672228515,5,0,0,118.32
1782672228515,6,0,0,68.85
1782672228515,7,0,0,69.66
1782672228737,0,0,0,117.35
1782672228737,1,0,0,114.83
1782672228737,2,0,0,115.67
1782672228737,3,0,0,119.74
1782672228737,4,0,0,119.31
1782672228737,5,0,0,118.40
1782672228737,6,0,0,68.77
1782672228737,7,0,0,69.65
1782672229057,0,0,0,117.35
1782672229057,1,0,0,114.86
1782672229057,2,0,0,115.67
1782672229057,3,0,0,119.72
1782672229057,4,0,0,119.31
1782672229057,5,0,0,118.36
1782672229057,6,0,0,68.83
1782672229057,7,0,0,69.67
1782672229376,0,0,0,117.36
1782672229376,1,0,0,114.87
1782672229376,2,0,0,115.66
1782672229376,3,0,0,119.74
1782672229376,4,0,0,119.33
1782672229376,5,0,0,118.42
1782672229376,6,0,0,68.80
1782672229376,7,0,0,69.69
1782672229635,0,0,0,117.33
1782672229635,1,0,0,114.89
1782672229635,2,0,0,115.61
1782672229635,3,0,0,119.71
1782672229635,4,0,0,119.35
1782672229635,5,0,0,118.39
1782672229635,6,0,0,68.76
1782672229635,7,0,0,69.69
1782672230091,0,0,0,117.35
1782672230091,1,0,0,114.90
1782672230091,2,0,0,115.59
1782672230091,3,0,0,119.72
1782672230091,4,0,0,119.33
1782672230091,5,0,0,118.41
1782672230091,6,0,0,68.71
1782672230091,7,0,0,69.67
1782672230393,0,0,0,117.34
1782672230393,1,0,0,114.89
1782672230393,2,0,0,115.58
1782672230393,3,0,0,119.70
1782672230393,4,0,0,119.31
1782672230393,5,0,0,118.42
1782672230393,6,0,0,68.69
1782672230393,7,0,0,69.66
1782672230617,0,0,0,117.35
1782672230617,1,0,0,114.89
1782672230617,2,0,0,115.57
1782672230617,3,0,0,119.72
1782672230617,4,0,0,119.34
1782672230617,5,0,0,118.42
1782672230617,6,0,0,68.71
1782672230617,7,0,0,69.67
1782672230843,0,0,0,117.33
1782672230843,1,0,0,114.92
1782672230843,2,0,0,115.57
1782672230843,3,0,0,119.71
1782672230843,4,0,0,119.30
1782672230843,5,0,0,118.43
1782672230843,6,0,0,68.74
1782672230843,7,0,0,69.68
1782672231068,0,0,0,117.36
1782672231068,1,0,0,114.90
1782672231068,2,0,0,115.57
1782672231068,3,0,0,119.70
1782672231068,4,0,0,119.33
1782672231068,5,0,0,118.42
1782672231068,6,0,0,68.67
1782672231068,7,0,0,69.68
1782672231291,0,0,0,117.35
1782672231291,1,0,0,114.92
1782672231291,2,0,0,115.57
1782672231291,3,0,0,119.72
1782672231291,4,0,0,119.30
1782672231291,5,0,0,118.44
1782672231291,6,0,0,68.68
1782672231291,7,0,0,69.69
1782672231515,0,0,0,117.36
1782672231515,1,0,0,114.94
1782672231515,2,0,0,115.60
1782672231515,3,0,0,119.71
1782672231515,4,0,0,119.30
1782672231515,5,0,0,118.46
1782672231515,6,0,0,68.71
1782672231515,7,0,0,69.67
1782672231739,0,0,0,117.37
1782672231739,1,0,0,114.91
1782672231739,2,0,0,115.62
1782672231739,3,0,0,119.71
1782672231739,4,0,0,119.31
1782672231739,5,0,0,118.47
1782672231739,6,0,0,68.74
1782672231739,7,0,0,69.66
1782672231962,0,0,0,117.40
1782672231962,1,0,0,114.91
1782672231962,2,0,0,115.61
1782672231962,3,0,0,119.71
1782672231962,4,0,0,119.29
1782672231962,5,0,0,118.46
1782672231962,6,0,0,68.71
1782672231962,7,0,0,69.67
1782672232186,0,0,0,117.39
1782672232186,1,0,0,114.89
1782672232186,2,0,0,115.65
1782672232186,3,0,0,119.71
1782672232186,4,0,0,119.31
1782672232186,5,0,0,118.48
1782672232186,6,0,0,68.73
1782672232186,7,0,0,69.65
1782672232414,0,0,0,117.42
1782672232414,1,0,0,114.88
1782672232414,2,0,0,115.65
1782672232414,3,0,0,119.68
1782672232414,4,0,0,119.32
1782672232414,5,0,0,118.47
1782672232414,6,0,0,68.74
1782672232414,7,0,0,69.64
1782672232637,0,0,0,117.42
1782672232637,1,0,0,114.89
1782672232637,2,0,0,115.68
1782672232637,3,0,0,119.69
1782672232637,4,0,0,119.35
1782672232637,5,0,0,118.47
1782672232637,6,0,0,68.78
1782672232637,7,0,0,69.64
1782672232862,0,0,0,117.43
1782672232862,1,0,0,114.93
1782672232862,2,0,0,115.66
1782672232862,3,0,0,119.71
1782672232862,4,0,0,119.32
1782672232862,5,0,0,118.44
1782672232862,6,0,0,68.71
1782672232862,7,0,0,69.62
1782672233086,0,0,0,117.42
1782672233086,1,0,0,114.95
1782672233086,2,0,0,115.66
1782672233086,3,0,0,119.72
1782672233086,4,0,0,119.33
1782672233086,5,0,0,118.45
1782672233086,6,0,0,68.74
1782672233086,7,0,0,69.62
1782672233310,0,0,0,117.41
1782672233310,1,0,0,114.95
1782672233310,2,0,0,115.63
1782672233310,3,0,0,119.71
1782672233310,4,0,0,119.33
1782672233310,5,0,0,118.43
1782672233310,6,0,0,68.75
1782672233310,7,0,0,69.63
1782672233537,0,0,0,117.40
1782672233537,1,0,0,114.94
1782672233537,2,0,0,115.60
1782672233537,3,0,0,119.75
1782672233537,4,0,0,119.33
1782672233537,5,0,0,118.41
1782672233537,6,0,0,68.77
1782672233537,7,0,0,69.65
1782672233762,0,0,0,117.40
1782672233762,1,0,0,114.93
1782672233762,2,0,0,115.60
1782672233762,3,0,0,119.77
1782672233762,4,0,0,119.35
1782672233762,5,0,0,118.42
1782672233762,6,0,0,68.75
1782672233762,7,0,0,69.66
1782672233988,0,0,0,117.37
1782672233988,1,0,0,114.89
1782672233988,2,0,0,115.59
1782672233988,3,0,0,119.75
1782672233988,4,0,0,119.36
1782672233988,5,0,0,118.42
1782672233988,6,0,0,68.76
1782672233988,7,0,0,69.67
1782672234215,0,0,0,117.36
1782672234215,1,0,0,114.87
1782672234215,2,0,0,115.64
1782672234215,3,0,0,119.79
1782672234215,4,0,0,119.37
1782672234215,5,0,0,118.43
1782672234215,6,0,0,68.79
1782672234215,7,0,0,69.64
1782672234475,0,0,0,117.36
1782672234475,1,0,0,114.85
1782672234475,2,0,0,115.67
1782672234475,3,0,0,119.80
1782672234475,4,0,0,119.36
1782672234475,5,0,0,118.44
1782672234475,6,0,0,68.74
1782672234475,7,0,0,69.65
1782672234700,0,0,0,117.36
1782672234700,1,0,0,114.86
1782672234700,2,0,0,115.68
1782672234700,3,0,0,119.78
1782672234700,4,0,0,119.38
1782672234700,5,0,0,118.43
1782672234700,6,0,0,68.74
1782672234700,7,0,0,69.65
1782672234925,0,0,0,117.36
1782672234925,1,0,0,114.86
1782672234925,2,0,0,115.76
1782672234925,3,0,0,119.77
1782672234925,4,0,0,119.35
1782672234925,5,0,0,118.46
1782672234925,6,0,0,68.76
1782672234925,7,0,0,69.65
1782672235149,0,0,0,117.39
1782672235149,1,0,0,114.92
1782672235149,2,0,0,115.76
1782672235149,3,0,0,119.79
1782672235149,4,0,0,119.37
1782672235149,5,0,0,118.46
1782672235149,6,0,0,68.80
1782672235149,7,0,0,69.70
1782672235373,0,0,0,117.41
1782672235373,1,0,0,114.91
1782672235373,2,0,0,115.77
1782672235373,3,0,0,119.78
1782672235373,4,0,0,119.39
1782672235373,5,0,0,118.46
1782672235373,6,0,0,68.75
1782672235373,7,0,0,69.69
1782672235597,0,0,0,117.43
1782672235597,1,0,0,114.94
1782672235597,2,0,0,115.78
1782672235597,3,0,0,119.74
1782672235597,4,0,0,119.39
1782672235597,5,0,0,118.47
1782672235597,6,0,0,68.75
1782672235597,7,0,0,69.66
1782672235823,0,0,0,117.45
1782672235823,1,0,0,114.93
1782672235823,2,0,0,115.78
1782672235823,3,0,0,119.74
1782672235823,4,0,0,119.43
1782672235823,5,0,0,118.48
1782672235823,6,0,0,68.79
1782672235823,7,0,0,69.66
1782672236047,0,0,0,117.43
1782672236047,1,0,0,114.91
1782672236047,2,0,0,115.74
1782672236047,3,0,0,119.75
1782672236047,4,0,0,119.44
1782672236047,5,0,0,118.48
1782672236047,6,0,0,68.79
1782672236047,7,0,0,69.64
1782672236269,0,0,0,117.41
1782672236269,1,0,0,114.91
1782672236269,2,0,0,115.72
1782672236269,3,0,0,119.73
1782672236269,4,0,0,119.45
1782672236269,5,0,0,118.46
1782672236269,6,0,0,68.73
1782672236269,7,0,0,69.64
1782672236493,0,0,0,117.41
1782672236493,1,0,0,114.92
1782672236493,2,0,0,115.70
1782672236493,3,0,0,119.73
1782672236493,4,0,0,119.42
1782672236493,5,0,0,118.48
1782672236493,6,0,0,68.76
1782672236493,7,0,0,69.66
1782672236717,0,0,0,117.39
1782672236717,1,0,0,114.93
1782672236717,2,0,0,115.69
1782672236717,3,0,0,119.73
1782672236717,4,0,0,119.43
1782672236717,5,0,0,118.50
1782672236717,6,0,0,68.78
1782672236717,7,0,0,69.69
1782672236941,0,0,0,117.40
1782672236941,1,0,0,114.94
1782672236941,2,0,0,115.64
1782672236941,3,0,0,119.76
1782672236941,4,0,0,119.41
1782672236941,5,0,0,118.49
1782672236941,6,0,0,68.81
1782672236941,7,0,0,69.69
1782672237167,0,0,0,117.40
1782672237167,1,0,0,114.98
1782672237167,2,0,0,115.64
1782672237167,3,0,0,119.74
1782672237167,4,0,0,119.40
1782672237167,5,0,0,118.49
1782672237167,6,0,0,68.74
1782672237167,7,0,0,69.69
1782672237391,0,0,0,117.44
1782672237391,1,0,0,115.02
1782672237391,2,0,0,115.66
1782672237391,3,0,0,119.72
1782672237391,4,0,0,119.39
1782672237391,5,0,0,118.50
1782672237391,6,0,0,68.74
1782672237391,7,0,0,69.69
1782672237756,0,0,0,117.46
1782672237756,1,0,0,115.01
1782672237756,2,0,0,115.66
1782672237756,3,0,0,119.78
1782672237756,4,0,0,119.38
1782672237756,5,0,0,118.50
1782672237756,6,0,0,68.78
1782672237756,7,0,0,69.70
1782672238000,0,0,0,117.46
1782672238000,1,0,0,115.00
1782672238000,2,0,0,115.68
1782672238000,3,0,0,119.77
1782672238000,4,0,0,119.41
1782672238000,5,0,0,118.51
1782672238000,6,0,0,68.75
1782672238000,7,0,0,69.69
1782672238224,0,0,0,117.47
1782672238224,1,0,0,114.98
1782672238224,2,0,0,115.70
1782672238224,3,0,0,119.81
1782672238224,4,0,0,119.40
1782672238224,5,0,0,118.54
1782672238224,6,0,0,68.74
1782672238224,7,0,0,69.68
1782672238448,0,0,0,117.48
1782672238448,1,0,0,114.96
1782672238448,2,0,0,115.71
1782672238448,3,0,0,119.87
1782672238448,4,0,0,119.41
1782672238448,5,0,0,118.52
1782672238448,6,0,0,68.72
1782672238448,7,0,0,69.67
1782672238671,0,0,0,117.46
1782672238671,1,0,0,114.95
1782672238671,2,0,0,115.70
1782672238671,3,0,0,119.85
1782672238671,4,0,0,119.42
1782672238671,5,0,0,118.55
1782672238671,6,0,0,68.79
1782672238671,7,0,0,69.67
1782672238896,0,0,0,117.50
1782672238896,1,0,0,114.96
1782672238896,2,0,0,115.74
1782672238896,3,0,0,119.83
1782672238896,4,0,0,119.40
1782672238896,5,0,0,118.56
1782672238896,6,0,0,68.79
1782672238896,7,0,0,69.65
1782672239121,0,0,0,117.50
1782672239121,1,0,0,114.99
1782672239121,2,0,0,115.76
1782672239121,3,0,0,119.82
1782672239121,4,0,0,119.40
1782672239121,5,0,0,118.54
1782672239121,6,0,0,68.76
1782672239121,7,0,0,69.66
1782672239347,0,0,0,117.47
1782672239347,1,0,0,115.01
1782672239347,2,0,0,115.78
1782672239347,3,0,0,119.83
1782672239347,4,0,0,119.38
1782672239347,5,0,0,118.54
1782672239347,6,0,0,68.73
1782672239347,7,0,0,69.65
1782672239572,0,0,0,117.47
1782672239572,1,0,0,115.00
1782672239572,2,0,0,115.78
1782672239572,3,0,0,119.79
1782672239572,4,0,0,119.41
1782672239572,5,0,0,118.53
1782672239572,6,0,0,68.82
1782672239572,7,0,0,69.66
1782672239829,0,0,0,117.45
1782672239829,1,0,0,115.00
1782672239829,2,0,0,115.76
1782672239829,3,0,0,119.82
1782672239829,4,0,0,119.42
1782672239829,5,0,0,118.50
1782672239829,6,0,0,68.75
1782672239829,7,0,0,69.67
1782672240133,0,0,0,117.45
1782672240133,1,0,0,114.95
1782672240133,2,0,0,115.72
1782672240133,3,0,0,119.85
1782672240133,4,0,0,119.41
1782672240133,5,0,0,118.49
1782672240133,6,0,0,68.80
1782672240133,7,0,0,69.67
1782672240398,0,0,0,117.44
1782672240398,1,0,0,114.92
1782672240398,2,0,0,115.71
1782672240398,3,0,0,119.85
1782672240398,4,0,0,119.44
1782672240398,5,0,0,118.48
1782672240398,6,0,0,68.74
1782672240398,7,0,0,69.66
1782672240655,0,0,0,117.46
1782672240655,1,0,0,114.89
1782672240655,2,0,0,115.68
1782672240655,3,0,0,119.88
1782672240655,4,0,0,119.43
1782672240655,5,0,0,118.49
1782672240655,6,0,0,68.78
1782672240655,7,0,0,69.66
1782672240884,0,0,0,117.46
1782672240884,1,0,0,114.89
1782672240884,2,0,0,115.72
1782672240884,3,0,0,119.89
1782672240884,4,0,0,119.42
1782672240884,5,0,0,118.51
1782672240884,6,0,0,68.78
1782672240884,7,0,0,69.67
1782672241107,0,0,0,117.46
1782672241107,1,0,0,114.91
1782672241107,2,0,0,115.73
1782672241107,3,0,0,119.88
1782672241107,4,0,0,119.44
1782672241107,5,0,0,118.52
1782672241107,6,0,0,68.75
1782672241107,7,0,0,69.68
1782672241331,0,0,0,117.48
1782672241331,1,0,0,114.92
1782672241331,2,0,0,115.76
1782672241331,3,0,0,119.86
1782672241331,4,0,0,119.45
1782672241331,5,0,0,118.50
1782672241331,6,0,0,68.75
1782672241331,7,0,0,69.69
1782672241575,0,0,0,117.48
1782672241575,1,0,0,114.94
1782672241575,2,0,0,115.79
1782672241575,3,0,0,119.89
1782672241575,4,0,0,119.50
1782672241575,5,0,0,118.50
1782672241575,6,0,0,68.79
1782672241575,7,0,0,69.67
1782672241798,0,0,0,117.51
1782672241798,1,0,0,114.98
1782672241798,2,0,0,115.79
1782672241798,3,0,0,119.86
1782672241798,4,0,0,119.47
1782672241798,5,0,0,118.50
1782672241798,6,0,0,68.77
1782672241798,7,0,0,69.67
1782672242025,0,0,0,117.51
1782672242025,1,0,0,114.97
1782672242025,2,0,0,115.82
1782672242025,3,0,0,119.85
1782672242025,4,0,0,119.52
1782672242025,5,0,0,118.51
1782672242025,6,0,0,68.75
1782672242025,7,0,0,69.65
1782672242250,0,0,0,117.51
1782672242250,1,0,0,114.97
1782672242250,2,0,0,115.83
1782672242250,3,0,0,119.84
1782672242250,4,0,0,119.50
1782672242250,5,0,0,118.54
1782672242250,6,0,0,68.75
1782672242250,7,0,0,69.66
1782672242474,0,0,0,117.50
1782672242474,1,0,0,114.96
1782672242474,2,0,0,115.86
1782672242474,3,0,0,119.83
1782672242474,4,0,0,119.47
1782672242474,5,0,0,118.55
1782672242474,6,0,0,68.79
1782672242474,7,0,0,69.68
1782672242698,0,0,0,117.50
1782672242698,1,0,0,114.94
1782672242698,2,0,0,115.87
1782672242698,3,0,0,119.80
1782672242698,4,0,0,119.48
1782672242698,5,0,0,118.57
1782672242698,6,0,0,68.74
1782672242698,7,0,0,69.69
1782672242923,0,0,0,117.49
1782672242923,1,0,0,114.94
1782672242923,2,0,0,115.85
1782672242923,3,0,0,119.78
1782672242923,4,0,0,119.47
1782672242923,5,0,0,118.54
1782672242923,6,0,0,68.71
1782672242923,7,0,0,69.68
1782672243149,0,0,0,117.49
1782672243149,1,0,0,114.95
1782672243149,2,0,0,115.83
1782672243149,3,0,0,119.76
1782672243149,4,0,0,119.46
1782672243149,5,0,0,118.57
1782672243149,6,0,0,68.72
1782672243149,7,0,0,69.67
1782672243374,0,0,0,117.47
1782672243374,1,0,0,115.00
1782672243374,2,0,0,115.79
1782672243374,3,0,0,119.78
1782672243374,4,0,0,119.46
1782672243374,5,0,0,118.56
1782672243374,6,0,0,68.70
1782672243374,7,0,0,69.69
1782672243602,0,0,0,117.47
1782672243602,1,0,0,115.01
1782672243602,2,0,0,115.78
1782672243602,3,0,0,119.78
1782672243602,4,0,0,119.47
1782672243602,5,0,0,118.55
1782672243602,6,0,0,68.68
1782672243602,7,0,0,69.64
1782672243920,0,0,0,117.47
1782672243920,1,0,0,115.01
1782672243920,2,0,0,115.76
1782672243920,3,0,0,119.82
1782672243920,4,0,0,119.48
1782672243920,5,0,0,118.59
1782672243920,6,0,0,68.78
1782672243920,7,0,0,69.67
1782672244199,0,0,0,117.46
1782672244199,1,0,0,115.00
1782672244199,2,0,0,115.74
1782672244199,3,0,0,119.83
1782672244199,4,0,0,119.48
1782672244199,5,0,0,118.58
1782672244199,6,0,0,68.71
1782672244199,7,0,0,69.66
1782672244430,0,0,0,117.50
1782672244430,1,0,0,114.96
1782672244430,2,0,0,115.72
1782672244430,3,0,0,119.80
1782672244430,4,0,0,119.49
1782672244430,5,0,0,118.58
1782672244430,6,0,0,68.75
1782672244430,7,0,0,69.67
1782672244655,0,0,0,117.51
1782672244655,1,0,0,114.95
1782672244655,2,0,0,115.69
1782672244655,3,0,0,119.82
1782672244655,4,0,0,119.49
1782672244655,5,0,0,118.57
1782672244655,6,0,0,68.77
1782672244655,7,0,0,69.68
1782672245047,0,0,0,117.54
1782672245047,1,0,0,114.96
1782672245047,2,0,0,115.72
1782672245047,3,0,0,119.81
1782672245047,4,0,0,119.49
1782672245047,5,0,0,118.58
1782672245047,6,0,0,68.78
1782672245047,7,0,0,69.65
1782672245273,0,0,0,117.55
1782672245273,1,0,0,114.99
1782672245273,2,0,0,115.74
1782672245273,3,0,0,119.82
1782672245273,4,0,0,119.48
1782672245273,5,0,0,118.54
1782672245273,6,0,0,68.75
1782672245273,7,0,0,69.65
1782672245500,0,0,0,117.59
1782672245500,1,0,0,115.01
1782672245500,2,0,0,115.75
1782672245500,3,0,0,119.85
1782672245500,4,0,0,119.49
1782672245500,5,0,0,118.55
1782672245500,6,0,0,68.79
1782672245500,7,0,0,69.67
1782672245742,0,0,0,117.60
1782672245742,1,0,0,115.02
1782672245742,2,0,0,115.77
1782672245742,3,0,0,119.84
1782672245742,4,0,0,119.46
1782672245742,5,0,0,118.55
1782672245742,6,0,0,68.80
1782672245742,7,0,0,69.67
1782672245968,0,0,0,117.59
1782672245968,1,0,0,115.01
1782672245968,2,0,0,115.82
1782672245968,3,0,0,119.85
1782672245968,4,0,0,119.49
1782672245968,5,0,0,118.55
1782672245968,6,0,0,68.77
1782672245968,7,0,0,69.67
1782672246196,0,0,0,117.59
1782672246196,1,0,0,114.99
1782672246196,2,0,0,115.83
1782672246196,3,0,0,119.83
1782672246196,4,0,0,119.47
1782672246196,5,0,0,118.55
1782672246196,6,0,0,68.74
1782672246196,7,0,0,69.65
1782672246421,0,0,0,117.56
1782672246421,1,0,0,114.96
1782672246421,2,0,0,115.86
1782672246421,3,0,0,119.89
1782672246421,4,0,0,119.49
1782672246421,5,0,0,118.56
1782672246421,6,0,0,68.80
1782672246421,7,0,0,69.66
1782672246645,0,0,0,117.53
1782672246645,1,0,0,114.96
1782672246645,2,0,0,115.88
1782672246645,3,0,0,119.88
1782672246645,4,0,0,119.49
1782672246645,5,0,0,118.55
1782672246645,6,0,0,68.81
1782672246645,7,0,0,69.65
1782672246870,0,0,0,117.51
1782672246870,1,0,0,114.94
1782672246870,2,0,0,115.89
1782672246870,3,0,0,119.88
1782672246870,4,0,0,119.50
1782672246870,5,0,0,118.57
1782672246870,6,0,0,68.78
1782672246870,7,0,0,69.67
1782672247093,0,0,0,117.51
1782672247093,1,0,0,114.93
1782672247093,2,0,0,115.86
1782672247093,3,0,0,119.86
1782672247093,4,0,0,119.51
1782672247093,5,0,0,118.56
1782672247093,6,0,0,68.76
1782672247093,7,0,0,69.66
1782672247317,0,0,0,117.51
1782672247317,1,0,0,114.95
1782672247317,2,0,0,115.86
1782672247317,3,0,0,119.88
1782672247317,4,0,0,119.51
1782672247317,5,0,0,118.57
1782672247317,6,0,0,68.81
1782672247317,7,0,0,69.65
1782672247601,0,0,0,117.51
1782672247601,1,0,0,114.95
1782672247601,2,0,0,115.85
1782672247601,3,0,0,119.89
1782672247601,4,0,0,119.52
1782672247601,5,0,0,118.57
1782672247601,6,0,0,68.75
1782672247601,7,0,0,69.65
1782672247830,0,0,0,117.52
1782672247830,1,0,0,114.99
1782672247830,2,0,0,115.83
1782672247830,3,0,0,119.90
1782672247830,4,0,0,119.54
1782672247830,5,0,0,118.55
1782672247830,6,0,0,68.80
1782672247830,7,0,0,69.63
1782672248055,0,0,0,117.54
1782672248055,1,0,0,115.01
1782672248055,2,0,0,115.84
1782672248055,3,0,0,119.94
1782672248055,4,0,0,119.54
1782672248055,5,0,0,118.56
1782672248055,6,0,0,68.75
1782672248055,7,0,0,69.65
1782672248350,0,0,0,117.55
1782672248350,1,0,0,115.03
1782672248350,2,0,0,115.82
1782672248350,3,0,0,119.91
1782672248350,4,0,0,119.58
1782672248350,5,0,0,118.60
1782672248350,6,0,0,68.75
1782672248350,7,0,0,69.67
1782672248611,0,0,0,117.57
1782672248611,1,0,0,115.03
1782672248611,2,0,0,115.81
1782672248611,3,0,0,119.88
1782672248611,4,0,0,119.57
1782672248611,5,0,0,118.62
1782672248611,6,0,0,68.79
1782672248611,7,0,0,69.66
1782672248835,0,0,0,117.56
1782672248835,1,0,0,115.01
1782672248835,2,0,0,115.79
1782672248835,3,0,0,119.85
1782672248835,4,0,0,119.58
1782672248835,5,0,0,118.64
1782672248835,6,0,0,68.74
1782672248835,7,0,0,69.66
1782672249057,0,0,0,117.58
1782672249057,1,0,0,115.01
1782672249057,2,0,0,115.80
1782672249057,3,0,0,119.85
1782672249057,4,0,0,119.57
1782672249057,5,0,0,118.64
1782672249057,6,0,0,68.74
1782672249057,7,0,0,69.65
1782672249282,0,0,0,117.57
1782672249282,1,0,0,115.01
1782672249282,2,0,0,115.82
1782672249282,3,0,0,119.84
1782672249282,4,0,0,119.57
1782672249282,5,0,0,118.60
1782672249282,6,0,0,68.75
1782672249282,7,0,0,69.65
1782672249505,0,0,0,117.57
1782672249505,1,0,0,115.01
1782672249505,2,0,0,115.83
1782672249505,3,0,0,119.84
1782672249505,4,0,0,119.57
1782672249505,5,0,0,118.59
1782672249505,6,0,0,68.74
1782672249505,7,0,0,69.69
1782672249731,0,0,0,117.57
1782672249731,1,0,0,115.01
1782672249731,2,0,0,115.82
1782672249731,3,0,0,119.86
1782672249731,4,0,0,119.56
1782672249731,5,0,0,118.61
1782672249731,6,0,0,68.70
1782672249731,7,0,0,69.67
1782672249955,0,0,0,117.57
1782672249955,1,0,0,115.04
1782672249955,2,0,0,115.84
1782672249955,3,0,0,119.88
1782672249955,4,0,0,119.56
1782672249955,5,0,0,118.60
1782672249955,6,0,0,68.71
1782672249955,7,0,0,69.68
1782672250180,0,0,0,117.56
1782672250180,1,0,0,115.04
1782672250180,2,0,0,115.82
1782672250180,3,0,0,119.86
1782672250180,4,0,0,119.55
1782672250180,5,0,0,118.62
1782672250180,6,0,0,68.71
1782672250180,7,0,0,69.67
1782672250406,0,0,0,117.54
1782672250406,1,0,0,115.04
1782672250406,2,0,0,115.82
1782672250406,3,0,0,119.86
1782672250406,4,0,0,119.50
1782672250406,5,0,0,118.62
1782672250406,6,0,0,68.70
1782672250406,7,0,0,69.65
1782672250630,0,0,0,117.54
1782672250630,1,0,0,115.03
1782672250630,2,0,0,115.83
1782672250630,3,0,0,119.86
1782672250630,4,0,0,119.53
1782672250630,5,0,0,118.61
1782672250630,6,0,0,68.69
1782672250630,7,0,0,69.64
1782672250854,0,0,0,117.52
1782672250854,1,0,0,115.01
1782672250854,2,0,0,115.85
1782672250854,3,0,0,119.87
1782672250854,4,0,0,119.52
1782672250854,5,0,0,118.60
1782672250854,6,0,0,68.68
1782672250854,7,0,0,69.64
1782672251081,0,0,0,117.53
1782672251081,1,0,0,114.99
1782672251081,2,0,0,115.88
1782672251081,3,0,0,119.88
1782672251081,4,0,0,119.53
1782672251081,5,0,0,118.61
1782672251081,6,0,0,68.70
1782672251081,7,0,0,69.66
1782672251319,0,0,0,117.55
1782672251319,1,0,0,114.98
1782672251319,2,0,0,115.88
1782672251319,3,0,0,119.90
1782672251319,4,0,0,119.55
1782672251319,5,0,0,118.64
1782672251319,6,0,0,68.69
1782672251319,7,0,0,69.65
1782672251544,0,0,0,117.56
1782672251544,1,0,0,114.98
1782672251544,2,0,0,115.88
1782672251544,3,0,0,119.90
1782672251544,4,0,0,119.55
1782672251544,5,0,0,118.64
1782672251544,6,0,0,68.68
1782672251544,7,0,0,69.64
1782672251768,0,0,0,117.59
1782672251768,1,0,0,115.00
1782672251768,2,0,0,115.86
1782672251768,3,0,0,119.89
1782672251768,4,0,0,119.54
1782672251768,5,0,0,118.65
1782672251768,6,0,0,68.70
1782672251768,7,0,0,69.65
1782672251993,0,0,0,117.62
1782672251993,1,0,0,115.04
1782672251993,2,0,0,115.85
1782672251993,3,0,0,119.87
1782672251993,4,0,0,119.54
1782672251993,5,0,0,118.67
1782672251993,6,0,0,68.72
1782672251993,7,0,0,69.63
1782672252218,0,0,0,117.60
1782672252218,1,0,0,115.06
1782672252218,2,0,0,115.85
1782672252218,3,0,0,119.89
1782672252218,4,0,0,119.56
1782672252218,5,0,0,118.63
1782672252218,6,0,0,68.68
1782672252218,7,0,0,69.64
1782672252444,0,0,0,117.61
1782672252444,1,0,0,115.08
1782672252444,2,0,0,115.82
1782672252444,3,0,0,119.89
1782672252444,4,0,0,119.57
1782672252444,5,0,0,118.61
1782672252444,6,0,0,68.70
1782672252444,7,0,0,69.65
1782672252697,0,0,0,117.60
1782672252697,1,0,0,115.08
1782672252697,2,0,0,115.81
1782672252697,3,0,0,119.90
1782672252697,4,0,0,119.55
1782672252697,5,0,0,118.63
1782672252697,6,0,0,68.72
1782672252697,7,0,0,69.64
1782672252921,0,0,0,117.57
1782672252921,1,0,0,115.05
1782672252921,2,0,0,115.84
1782672252921,3,0,0,119.93
1782672252921,4,0,0,119.58
1782672252921,5,0,0,118.63
1782672252921,6,0,0,68.73
1782672252921,7,0,0,69.64
1782672253146,0,0,0,117.57
1782672253146,1,0,0,115.04
1782672253146,2,0,0,115.85
1782672253146,3,0,0,119.92
1782672253146,4,0,0,119.57
1782672253146,5,0,0,118.62
1782672253146,6,0,0,68.74
1782672253146,7,0,0,69.62
1782672253372,0,0,0,117.56
1782672253372,1,0,0,114.99
1782672253372,2,0,0,115.89
1782672253372,3,0,0,119.89
1782672253372,4,0,0,119.62
1782672253372,5,0,0,118.63
1782672253372,6,0,0,68.74
1782672253372,7,0,0,69.60
1782672253599,0,0,0,117.54
1782672253599,1,0,0,114.97
1782672253599,2,0,0,115.92
1782672253599,3,0,0,119.90
1782672253599,4,0,0,119.59
1782672253599,5,0,0,118.62
1782672253599,6,0,0,68.75
1782672253599,7,0,0,69.61
1782672253826,0,0,0,117.53
1782672253826,1,0,0,114.96
1782672253826,2,0,0,115.96
1782672253826,3,0,0,119.92
1782672253826,4,0,0,119.62
1782672253826,5,0,0,118.58
1782672253826,6,0,0,68.73
1782672253826,7,0,0,69.62
1782672254052,0,0,0,117.54
1782672254052,1,0,0,114.96
1782672254052,2,0,0,115.95
1782672254052,3,0,0,119.89
1782672254052,4,0,0,119.63
1782672254052,5,0,0,118.58
1782672254052,6,0,0,68.74
1782672254052,7,0,0,69.62
1782672254282,0,0,0,117.55
1782672254282,1,0,0,114.97
1782672254282,2,0,0,115.97
1782672254282,3,0,0,119.89
1782672254282,4,0,0,119.60
1782672254282,5,0,0,118.57
1782672254282,6,0,0,68.76
1782672254282,7,0,0,69.65
1782672254509,0,0,0,117.58
1782672254509,1,0,0,115.00
1782672254509,2,0,0,115.96
1782672254509,3,0,0,119.88
1782672254509,4,0,0,119.53
1782672254509,5,0,0,118.60
1782672254509,6,0,0,68.78
1782672254509,7,0,0,69.64
1782672254735,0,0,0,117.63
1782672254735,1,0,0,115.02
1782672254735,2,0,0,115.96
1782672254735,3,0,0,119.85
1782672254735,4,0,0,119.51
1782672254735,5,0,0,118.59
1782672254735,6,0,0,68.74
1782672254735,7,0,0,69.63
1782672254960,0,0,0,117.63
1782672254960,1,0,0,115.03
1782672254960,2,0,0,115.94
1782672254960,3,0,0,119.87
1782672254960,4,0,0,119.54
1782672254960,5,0,0,118.61
1782672254960,6,0,0,68.74
1782672254960,7,0,0,69.64
1782672255185,0,0,0,117.62
1782672255185,1,0,0,115.04
1782672255185,2,0,0,115.93
1782672255185,3,0,0,119.86
1782672255185,4,0,0,119.51
1782672255185,5,0,0,118.60
1782672255185,6,0,0,68.77
1782672255185,7,0,0,69.64
1782672255410,0,0,0,117.65
1782672255410,1,0,0,115.04
1782672255410,2,0,0,115.91
1782672255410,3,0,0,119.90
1782672255410,4,0,0,119.54
1782672255410,5,0,0,118.61
1782672255410,6,0,0,68.73
1782672255410,7,0,0,69.67
1782672255635,0,0,0,117.66
1782672255635,1,0,0,115.04
1782672255635,2,0,0,115.89
1782672255635,3,0,0,119.88
1782672255635,4,0,0,119.58
1782672255635,5,0,0,118.60
1782672255635,6,0,0,68.71
1782672255635,7,0,0,69.69
1782672255859,0,0,0,117.65
1782672255859,1,0,0,115.06
1782672255859,2,0,0,115.88
1782672255859,3,0,0,119.87
1782672255859,4,0,0,119.60
1782672255859,5,0,0,118.60
1782672255859,6,0,0,68.70
1782672255859,7,0,0,69.67
1782672256086,0,0,0,117.66
1782672256086,1,0,0,115.07
1782672256086,2,0,0,115.88
1782672256086,3,0,0,119.88
1782672256086,4,0,0,119.57
1782672256086,5,0,0,118.62
1782672256086,6,0,0,68.69
1782672256086,7,0,0,69.66
1782672256310,0,0,0,117.63
1782672256310,1,0,0,115.07
1782672256310,2,0,0,115.88
1782672256310,3,0,0,119.90
1782672256310,4,0,0,119.58
1782672256310,5,0,0,118.61
1782672256310,6,0,0,68.67
1782672256310,7,0,0,69.66
1782672256534,0,0,0,117.63
1782672256534,1,0,0,115.08
1782672256534,2,0,0,115.90
1782672256534,3,0,0,119.92
1782672256534,4,0,0,119.60
1782672256534,5,0,0,118.63
1782672256534,6,0,0,68.67
1782672256534,7,0,0,69.65
1782672256791,0,0,0,117.60
1782672256791,1,0,0,115.09
1782672256791,2,0,0,115.88
1782672256791,3,0,0,119.90
1782672256791,4,0,0,119.56
1782672256791,5,0,0,118.64
1782672256791,6,0,0,68.70
1782672256791,7,0,0,69.67
1782672257015,0,0,0,117.59
1782672257015,1,0,0,115.07
1782672257015,2,0,0,115.88
1782672257015,3,0,0,119.92
1782672257015,4,0,0,119.58
1782672257015,5,0,0,118.68
1782672257015,6,0,0,68.71
1782672257015,7,0,0,69.67
1782672257239,0,0,0,117.60
1782672257239,1,0,0,115.08
1782672257239,2,0,0,115.89
1782672257239,3,0,0,119.90
1782672257239,4,0,0,119.58
1782672257239,5,0,0,118.69
1782672257239,6,0,0,68.70
1782672257239,7,0,0,69.68
1782672257462,0,0,0,117.61
1782672257462,1,0,0,115.07
1782672257462,2,0,0,115.88
1782672257462,3,0,0,119.87
1782672257462,4,0,0,119.57
1782672257462,5,0,0,118.71
1782672257462,6,0,0,68.72
1782672257462,7,0,0,69.66
1782672257686,0,0,0,117.61
1782672257686,1,0,0,115.05
1782672257686,2,0,0,115.89
1782672257686,3,0,0,119.90
1782672257686,4,0,0,119.56
1782672257686,5,0,0,118.70
1782672257686,6,0,0,68.73
1782672257686,7,0,0,69.65
1782672257938,0,0,0,117.62
1782672257938,1,0,0,115.02
1782672257938,2,0,0,115.92
1782672257938,3,0,0,119.88
1782672257938,4,0,0,119.55
1782672257938,5,0,0,118.69
1782672257938,6,0,0,68.70
1782672257938,7,0,0,69.63
1782672258162,0,0,0,117.65
1782672258162,1,0,0,115.04
1782672258162,2,0,0,115.95
1782672258162,3,0,0,119.88
1782672258162,4,0,0,119.57
1782672258162,5,0,0,118.68
1782672258162,6,0,0,68.70
1782672258162,7,0,0,69.63
1782672258386,0,0,0,117.65
1782672258386,1,0,0,115.06
1782672258386,2,0,0,115.95
1782672258386,3,0,0,119.89
1782672258386,4,0,0,119.54
1782672258386,5,0,0,118.68
1782672258386,6,0,0,68.70
1782672258386,7,0,0,69.63
1782672258615,0,0,0,117.66
1782672258615,1,0,0,115.06
1782672258615,2,0,0,115.96
1782672258615,3,0,0,119.92
1782672258615,4,0,0,119.56
1782672258615,5,0,0,118.65
1782672258615,6,0,0,68.73
1782672258615,7,0,0,69.64
1782672258840,0,0,0,117.64
1782672258840,1,0,0,115.08
1782672258840,2,0,0,115.96
1782672258840,3,0,0,119.90
1782672258840,4,0,0,119.56
1782672258840,5,0,0,118.65
1782672258840,6,0,0,68.71
1782672258840,7,0,0,69.64
1782672259066,0,0,0,117.62
1782672259066,1,0,0,115.09
1782672259066,2,0,0,115.94
1782672259066,3,0,0,119.91
1782672259066,4,0,0,119.59
1782672259066,5,0,0,118.65
1782672259066,6,0,0,68.72
1782672259066,7,0,0,69.61
1782672259303,0,0,0,117.60
1782672259303,1,0,0,115.07
1782672259303,2,0,0,115.94
1782672259303,3,0,0,119.93
1782672259303,4,0,0,119.62
1782672259303,5,0,0,118.65
1782672259303,6,0,0,68.74
1782672259303,7,0,0,69.62
1782672259528,0,0,0,117.59
1782672259528,1,0,0,115.05
1782672259528,2,0,0,115.92
1782672259528,3,0,0,119.93
1782672259528,4,0,0,119.61
1782672259528,5,0,0,118.66
1782672259528,6,0,0,68.75
1782672259528,7,0,0,69.61
1782672259753,0,0,0,117.58
1782672259753,1,0,0,115.04
1782672259753,2,0,0,115.92
1782672259753,3,0,0,119.93
1782672259753,4,0,0,119.64
1782672259753,5,0,0,118.66
1782672259753,6,0,0,68.74
1782672259753,7,0,0,69.62
1782672259977,0,0,0,117.60
1782672259977,1,0,0,115.02
1782672259977,2,0,0,115.90
1782672259977,3,0,0,119.94
1782672259977,4,0,0,119.63
1782672259977,5,0,0,118.65
1782672259977,6,0,0,68.76
1782672259977,7,0,0,69.63
1782672260202,0,0,0,117.57
1782672260202,1,0,0,115.00
1782672260202,2,0,0,115.90
1782672260202,3,0,0,119.95
1782672260202,4,0,0,119.64
1782672260202,5,0,0,118.64
1782672260202,6,0,0,68.80
1782672260202,7,0,0,69.67
1782672260427,0,0,0,117.58
1782672260427,1,0,0,114.99
1782672260427,2,0,0,115.90
1782672260427,3,0,0,119.93
1782672260427,4,0,0,119.63
1782672260427,5,0,0,118.63
1782672260427,6,0,0,68.77
1782672260427,7,0,0,69.68
1782672260651,0,0,0,117.59
1782672260651,1,0,0,114.98
1782672260651,2,0,0,115.92
1782672260651,3,0,0,119.92
1782672260651,4,0,0,119.65
1782672260651,5,0,0,118.62
1782672260651,6,0,0,68.77
1782672260651,7,0,0,69.68
1782672260875,0,0,0,117.61
1782672260875,1,0,0,115.00
1782672260875,2,0,0,115.93
1782672260875,3,0,0,119.92
1782672260875,4,0,0,119.67
1782672260875,5,0,0,118.62
1782672260875,6,0,0,68.76
1782672260875,7,0,0,69.67
1782672261100,0,0,0,117.65
1782672261100,1,0,0,115.04
1782672261100,2,0,0,115.92
1782672261100,3,0,0,119.91
1782672261100,4,0,0,119.67
1782672261100,5,0,0,118.60
1782672261100,6,0,0,68.80
1782672261100,7,0,0,69.68
1782672261324,0,0,0,117.67
1782672261324,1,0,0,115.05
1782672261324,2,0,0,115.96
1782672261324,3,0,0,119.89
1782672261324,4,0,0,119.67
1782672261324,5,0,0,118.64
1782672261324,6,0,0,68.73
1782672261324,7,0,0,69.67
1782672261548,0,0,0,117.68
1782672261548,1,0,0,115.06
1782672261548,2,0,0,115.96
1782672261548,3,0,0,119.87
1782672261548,4,0,0,119.68
1782672261548,5,0,0,118.63
1782672261548,6,0,0,68.77
1782672261548,7,0,0,69.69
1782672261844,0,0,0,117.71
1782672261844,1,0,0,115.05
1782672261844,2,0,0,116.02
1782672261844,3,0,0,119.88
1782672261844,4,0,0,119.68
1782672261844,5,0,0,118.65
1782672261844,6,0,0,68.76
1782672261844,7,0,0,69.69
1782672262108,0,0,0,117.70
1782672262108,1,0,0,115.03
1782672262108,2,0,0,116.05
1782672262108,3,0,0,119.87
1782672262108,4,0,0,119.66
1782672262108,5,0,0,118.64
1782672262108,6,0,0,68.74
1782672262108,7,0,0,69.68
1782672262359,0,0,0,117.70
1782672262359,1,0,0,115.06
1782672262359,2,0,0,116.05
1782672262359,3,0,0,119.85
1782672262359,4,0,0,119.67
1782672262359,5,0,0,118.65
1782672262359,6,0,0,68.77
1782672262359,7,0,0,69.68
1782672262583,0,0,0,117.69
1782672262583,1,0,0,115.06
1782672262583,2,0,0,116.05
1782672262583,3,0,0,119.89
1782672262583,4,0,0,119.66
1782672262583,5,0,0,118.63
1782672262583,6,0,0,68.77
1782672262583,7,0,0,69.66
1782672262806,0,0,0,117.67
1782672262806,1,0,0,115.07
1782672262806,2,0,0,116.03
1782672262806,3,0,0,119.89
1782672262806,4,0,0,119.65
1782672262806,5,0,0,118.65
1782672262806,6,0,0,68.72
1782672262806,7,0,0,69.66
1782672263042,0,0,0,117.66
1782672263042,1,0,0,115.10
1782672263042,2,0,0,116.00
1782672263042,3,0,0,119.89
1782672263042,4,0,0,119.65
1782672263042,5,0,0,118.65
1782672263042,6,0,0,68.75
1782672263042,7,0,0,69.66
1782672263309,0,0,0,117.64
1782672263309,1,0,0,115.11
1782672263309,2,0,0,116.00
1782672263309,3,0,0,119.93
1782672263309,4,0,0,119.63
1782672263309,5,0,0,118.65
1782672263309,6,0,0,68.68
1782672263309,7,0,0,69.68
1782672263536,0,0,0,117.66
1782672263536,1,0,0,115.10
1782672263536,2,0,0,115.96
1782672263536,3,0,0,119.92
1782672263536,4,0,0,119.64
1782672263536,5,0,0,118.65
1782672263536,6,0,0,68.72
1782672263536,7,0,0,69.67
1782672263793,0,0,0,117.67
1782672263793,1,0,0,115.10
1782672263793,2,0,0,115.93
1782672263793,3,0,0,119.89
1782672263793,4,0,0,119.64
1782672263793,5,0,0,118.64
1782672263793,6,0,0,68.76
1782672263793,7,0,0,69.68
1782672264016,0,0,0,117.67
1782672264016,1,0,0,115.08
1782672264016,2,0,0,115.92
1782672264016,3,0,0,119.93
1782672264016,4,0,0,119.64
1782672264016,5,0,0,118.66
1782672264016,6,0,0,68.71
1782672264016,7,0,0,69.67
1782672264239,0,0,0,117.70
1782672264239,1,0,0,115.05
1782672264239,2,0,0,115.89
1782672264239,3,0,0,119.91
1782672264239,4,0,0,119.63
1782672264239,5,0,0,118.68
1782672264239,6,0,0,68.72
1782672264239,7,0,0,69.68
1782672264464,0,0,0,117.70
1782672264464,1,0,0,115.04
1782672264464,2,0,0,115.88
1782672264464,3,0,0,119.92
1782672264464,4,0,0,119.61
1782672264464,5,0,0,118.71
1782672264464,6,0,0,68.73
1782672264464,7,0,0,69.67
1782672264687,0,0,0,117.72
1782672264687,1,0,0,115.04
1782672264687,2,0,0,115.91
1782672264687,3,0,0,119.90
1782672264687,4,0,0,119.63
1782672264687,5,0,0,118.72
1782672264687,6,0,0,68.77
1782672264687,7,0,0,69.66
1782672264911,0,0,0,117.71
1782672264911,1,0,0,115.04
1782672264911,2,0,0,115.92
1782672264911,3,0,0,119.94
1782672264911,4,0,0,119.64
1782672264911,5,0,0,118.71
1782672264911,6,0,0,68.70
1782672264911,7,0,0,69.66
1782672265163,0,0,0,117.72
1782672265163,1,0,0,115.06
1782672265163,2,0,0,115.93
1782672265163,3,0,0,119.93
1782672265163,4,0,0,119.68
1782672265163,5,0,0,118.69
1782672265163,6,0,0,68.72
1782672265163,7,0,0,69.63
1782672265389,0,0,0,117.70
1782672265389,1,0,0,115.07
1782672265389,2,0,0,115.96
1782672265389,3,0,0,119.93
1782672265389,4,0,0,119.67
1782672265389,5,0,0,118.69
1782672265389,6,0,0,68.76
1782672265389,7,0,0,69.63
1782672265613,0,0,0,117.67
1782672265613,1,0,0,115.06
1782672265613,2,0,0,115.97
1782672265613,3,0,0,119.97
1782672265613,4,0,0,119.69
1782672265613,5,0,0,118.69
1782672265613,6,0,0,68.71
1782672265613,7,0,0,69.63
1782672265837,0,0,0,117.67
1782672265837,1,0,0,115.07
1782672265837,2,0,0,115.97
1782672265837,3,0,0,119.98
1782672265837,4,0,0,119.66
1782672265837,5,0,0,118.67
1782672265837,6,0,0,68.73
1782672265837,7,0,0,69.62
1782672266061,0,0,0,117.65
1782672266061,1,0,0,115.07
1782672266061,2,0,0,116.00
1782672266061,3,0,0,119.97
1782672266061,4,0,0,119.66
1782672266061,5,0,0,118.66
1782672266061,6,0,0,68.75
1782672266061,7,0,0,69.62
1782672266285,0,0,0,117.64
1782672266285,1,0,0,115.05
1782672266285,2,0,0,116.01
1782672266285,3,0,0,119.95
1782672266285,4,0,0,119.67
1782672266285,5,0,0,118.65
1782672266285,6,0,0,68.80
1782672266285,7,0,0,69.63
1782672266510,0,0,0,117.64
1782672266510,1,0,0,115.04
1782672266510,2,0,0,116.01
1782672266510,3,0,0,119.97
1782672266510,4,0,0,119.67
1782672266510,5,0,0,118.65
1782672266510,6,0,0,68.75
1782672266510,7,0,0,69.62
1782672266737,0,0,0,117.64
1782672266737,1,0,0,115.05
1782672266737,2,0,0,116.05
1782672266737,3,0,0,119.94
1782672266737,4,0,0,119.70
1782672266737,5,0,0,118.64
1782672266737,6,0,0,68.76
1782672266737,7,0,0,69.64
1782672266962,0,0,0,117.63
1782672266962,1,0,0,115.03
1782672266962,2,0,0,116.06
1782672266962,3,0,0,119.92
1782672266962,4,0,0,119.69
1782672266962,5,0,0,118.64
1782672266962,6,0,0,68.77
1782672266962,7,0,0,69.62
1782672267187,0,0,0,117.66
1782672267187,1,0,0,115.01
1782672267187,2,0,0,116.07
1782672267187,3,0,0,119.93
1782672267187,4,0,0,119.73
1782672267187,5,0,0,118.63
1782672267187,6,0,0,68.81
1782672267187,7,0,0,69.64
1782672267413,0,0,0,117.68
1782672267413,1,0,0,115.03
1782672267413,2,0,0,116.09
1782672267413,3,0,0,119.92
1782672267413,4,0,0,119.74
1782672267413,5,0,0,118.65
1782672267413,6,0,0,68.80
1782672267413,7,0,0,69.65
1782672267785,0,0,0,117.71
1782672267785,1,0,0,115.04
1782672267785,2,0,0,116.07
1782672267785,3,0,0,119.93
1782672267785,4,0,0,119.72
1782672267785,5,0,0,118.64
1782672267785,6,0,0,68.76
1782672267785,7,0,0,69.64
1782672268009,0,0,0,117.74
1782672268009,1,0,0,115.07
1782672268009,2,0,0,116.07
1782672268009,3,0,0,119.95
1782672268009,4,0,0,119.73
1782672268009,5,0,0,118.68
1782672268009,6,0,0,68.88
1782672268009,7,0,0,69.65
1782672268253,0,0,0,117.75
1782672268253,1,0,0,115.09
1782672268253,2,0,0,116.04
1782672268253,3,0,0,119.95
1782672268253,4,0,0,119.74
1782672268253,5,0,0,118.70
1782672268253,6,3,0,78.06
1782672268253,7,0,0,69.67
1782672268477,0,0,0,117.75
1782672268477,1,0,0,115.10
1782672268477,2,0,0,116.04
1782672268477,3,0,0,119.95
1782672268477,4,0,0,119.72
1782672268477,5,0,0,118.71
1782672268477,6,0,0,87.62
1782672268477,7,0,0,69.67
1782672268700,0,0,0,117.74
1782672268700,1,0,0,115.08
1782672268700,2,0,0,116.00
1782672268700,3,0,0,119.95
1782672268700,4,0,0,119.72
1782672268700,5,0,0,118.73
1782672268700,6,3,0,101.85
1782672268700,7,0,0,69.68
1782672268960,0,0,0,117.71
1782672268960,1,0,0,115.07
1782672268960,2,0,0,115.99
1782672268960,3,0,0,119.93
1782672268960,4,0,0,119.68
1782672268960,5,0,0,118.71
1782672268960,6,0,0,110.51
1782672268960,7,0,0,69.67
1782672269182,0,0,0,117.68
1782672269182,1,0,0,115.05
1782672269182,2,0,0,115.99
1782672269182,3,0,0,119.94
1782672269182,4,0,0,119.70
1782672269182,5,0,0,118.70
1782672269182,6,0,0,115.99
1782672269182,7,0,0,71.80
1782672269428,0,0,0,117.70
1782672269428,1,0,0,115.07
1782672269428,2,0,0,115.99
1782672269428,3,0,0,119.93
1782672269428,4,0,0,119.67
1782672269428,5,0,0,118.70
1782672269428,6,15,2,117.00
1782672269428,7,1,0,81.42
1782672269650,0,0,0,117.67
1782672269650,1,0,0,115.08
1782672269650,2,0,0,116.00
1782672269650,3,0,0,119.93
1782672269650,4,0,0,119.66
1782672269650,5,0,0,118.70
1782672269650,6,15,1,117.26
1782672269650,7,0,0,90.59
1782672269870,0,0,0,117.69
1782672269870,1,0,0,115.10
1782672269870,2,0,0,116.01
1782672269870,3,0,0,119.95
1782672269870,4,0,0,119.67
1782672269870,5,0,0,118.73
1782672269870,6,23,0,117.36
1782672269870,7,0,0,100.00
1782672270090,0,0,0,117.69
1782672270090,1,0,0,115.10
1782672270090,2,0,0,116.00
1782672270090,3,0,0,119.93
1782672270090,4,0,0,119.68
1782672270090,5,0,0,118.72
1782672270090,6,23,0,117.58
1782672270090,7,1,0,114.27
1782672270309,0,0,0,117.74
1782672270309,1,0,0,115.10
1782672270309,2,0,0,115.99
1782672270309,3,0,0,119.93
1782672270309,4,0,0,119.69
1782672270309,5,0,0,118.73
1782672270309,6,24,0,117.47
1782672270309,7,0,0,117.88
1782672270533,0,0,0,117.75
1782672270533,1,0,0,115.10
1782672270533,2,0,0,116.02
1782672270533,3,0,0,119.96
1782672270533,4,0,0,119.69
1782672270533,5,0,0,118.73
1782672270533,6,20,0,116.95
1782672270533,7,14,2,118.56
1782672270753,0,0,0,117.75
1782672270753,1,0,0,115.08
1782672270753,2,0,0,116.01
1782672270753,3,0,0,119.98
1782672270753,4,0,0,119.70
1782672270753,5,0,0,118.73
1782672270753,6,24,0,116.93
1782672270753,7,11,1,118.84
1782672270972,0,0,0,117.77
1782672270972,1,0,0,115.06
1782672270972,2,0,0,116.03
1782672270972,3,0,0,119.96
1782672270972,4,0,0,119.70
1782672270972,5,0,0,118.74
1782672270972,6,23,0,116.91
1782672270972,7,23,0,118.89
1782672271190,0,0,0,117.74
1782672271190,1,0,0,115.05
1782672271190,2,0,0,116.05
1782672271190,3,0,0,119.97
1782672271190,4,0,0,119.69
1782672271190,5,0,0,118.73
1782672271190,6,27,0,116.81
1782672271190,7,23,0,119.15
1782672271410,0,0,0,117.70
1782672271410,1,0,0,115.04
1782672271410,2,0,0,116.04
1782672271410,3,0,0,119.96
1782672271410,4,0,0,119.69
1782672271410,5,0,0,118.72
1782672271410,6,26,0,116.88
1782672271410,7,17,0,119.10
1782672271629,0,0,0,117.70
1782672271629,1,0,0,115.05
1782672271629,2,0,0,116.04
1782672271629,3,0,0,119.95
1782672271629,4,0,0,119.71
1782672271629,5,0,0,118.72
1782672271629,6,26,0,117.01
1782672271629,7,27,0,118.66
1782672271849,0,0,0,117.68
1782672271849,1,0,0,115.07
1782672271849,2,0,0,116.07
1782672271849,3,0,0,119.91
1782672271849,4,0,0,119.71
1782672271849,5,0,0,118.71
1782672271849,6,7,0,116.97
1782672271849,7,26,0,118.70
1782672272070,0,0,0,117.66
1782672272070,1,0,0,115.08
1782672272070,2,0,0,116.07
1782672272070,3,0,0,119.96
1782672272070,4,0,0,119.73
1782672272070,5,0,0,118.72
1782672272070,6,28,0,117.02
1782672272070,7,27,0,118.75
1782672272291,0,0,0,117.66
1782672272291,1,0,0,115.11
1782672272291,2,0,0,116.07
1782672272291,3,0,0,119.97
1782672272291,4,0,0,119.72
1782672272291,5,0,0,118.73
1782672272291,6,28,0,117.01
1782672272291,7,11,0,118.49
1782672272509,0,0,0,117.66
1782672272509,1,0,0,115.11
1782672272509,2,0,0,116.08
1782672272509,3,0,0,119.92
1782672272509,4,0,0,119.73
1782672272509,5,0,0,118.73
1782672272509,6,15,0,116.88
1782672272509,7,19,0,118.40
1782672272729,0,0,0,117.70
1782672272729,1,0,0,115.10
1782672272729,2,0,0,116.08
1782672272729,3,0,0,119.97
1782672272729,4,0,0,119.72
1782672272729,5,0,0,118.73
1782672272729,6,0,0,116.67
1782672272729,7,19,0,118.21
1782672272949,0,0,0,117.71
1782672272949,1,0,0,115.10
1782672272949,2,0,0,116.04
1782672272949,3,0,0,119.97
1782672272949,4,0,0,119.74
1782672272949,5,0,0,118.73
1782672272949,6,0,0,116.44
1782672272949,7,19,0,118.04
1782672273170,0,0,0,117.72
1782672273170,1,0,0,115.07
1782672273170,2,0,0,116.03
1782672273170,3,0,0,119.98
1782672273170,4,0,0,119.75
1782672273170,5,0,0,118.73
1782672273170,6,0,0,116.22
1782672273170,7,20,0,117.92
1782672273419,0,0,0,117.74
1782672273419,1,0,0,115.05
1782672273419,2,0,0,116.02
1782672273419,3,0,0,120.00
1782672273419,4,0,0,119.77
1782672273419,5,0,0,118.71
1782672273419,6,0,0,116.13
1782672273419,7,19,0,117.95
1782672273637,0,0,0,117.75
1782672273637,1,0,0,115.05
1782672273637,2,0,0,116.01
1782672273637,3,0,0,120.00
1782672273637,4,0,0,119.76
1782672273637,5,0,0,118.68
1782672273637,6,0,0,116.09
1782672273637,7,19,0,117.95
1782672273854,0,0,0,117.72
1782672273854,1,0,0,115.05
1782672273854,2,0,0,116.03
1782672273854,3,0,0,119.98
1782672273854,4,0,0,119.79
1782672273854,5,0,0,118.67
1782672273854,6,0,0,116.04
1782672273854,7,4,0,117.90
1782672274070,0,0,0,117.72
1782672274070,1,0,0,115.04
1782672274070,2,0,0,116.04
1782672274070,3,0,0,119.93
1782672274070,4,0,0,119.80
1782672274070,5,0,0,118.66
1782672274070,6,0,0,116.01
1782672274070,7,0,0,117.78
1782672274286,0,0,0,117.72
1782672274286,1,0,0,115.05
1782672274286,2,0,0,116.06
1782672274286,3,0,0,119.91
1782672274286,4,0,0,119.77
1782672274286,5,0,0,118.67
1782672274286,6,0,0,115.99
1782672274286,7,0,0,117.62
1782672274501,0,0,0,117.71
1782672274501,1,0,0,115.06
1782672274501,2,0,0,116.06
1782672274501,3,0,0,119.89
1782672274501,4,0,0,119.78
1782672274501,5,0,0,118.69
1782672274501,6,0,0,116.03
1782672274501,7,0,0,117.38
1782672274717,0,0,0,117.70
1782672274717,1,0,0,115.07
1782672274717,2,0,0,116.08
1782672274717,3,0,0,119.96
1782672274717,4,0,0,119.77
1782672274717,5,0,0,118.71
1782672274717,6,0,0,116.05
1782672274717,7,0,0,117.20
1782672274933,0,0,0,117.71
1782672274933,1,0,0,115.09
1782672274933,2,0,0,116.08
1782672274933,3,0,0,119.94
1782672274933,4,0,0,119.76
1782672274933,5,0,0,118.71
1782672274933,6,0,0,115.96
1782672274933,7,0,0,117.18
1782672275148,0,0,0,117.71
1782672275148,1,0,0,115.09
1782672275148,2,0,0,116.10
1782672275148,3,0,0,119.93
1782672275148,4,0,0,119.74
1782672275148,5,0,0,118.70
1782672275148,6,0,0,116.00
1782672275148,7,0,0,117.18
1782672275364,0,0,0,117.70
1782672275364,1,0,0,115.09
1782672275364,2,0,0,116.09
1782672275364,3,0,0,119.97
1782672275364,4,0,0,119.77
1782672275364,5,0,0,118.67
1782672275364,6,0,0,116.04
1782672275364,7,0,0,117.18
1782672275578,0,0,0,117.69
1782672275578,1,0,0,115.09
1782672275578,2,0,0,116.04
1782672275578,3,0,0,119.99
1782672275578,4,0,0,119.68
1782672275578,5,0,0,118.67
1782672275578,6,0,0,116.06
1782672275578,7,0,0,117.15
1782672275793,0,0,0,117.71
1782672275793,1,0,0,115.08
1782672275793,2,0,0,116.09
1782672275793,3,0,0,119.95
1782672275793,4,0,0,119.68
1782672275793,5,0,0,118.67
1782672275793,6,0,0,116.08
1782672275793,7,0,0,117.16
1782672276008,0,0,0,117.72
1782672276008,1,0,0,115.07
1782672276008,2,0,0,116.07
1782672276008,3,0,0,119.93
1782672276008,4,0,0,119.64
1782672276008,5,0,0,118.69
1782672276008,6,0,0,116.07
1782672276008,7,0,0,117.14
1782672276222,0,0,0,117.73
1782672276222,1,0,0,115.09
1782672276222,2,0,0,116.06
1782672276222,3,0,0,119.99
1782672276222,4,0,0,119.67
1782672276222,5,0,0,118.69
1782672276222,6,0,0,116.06
1782672276222,7,0,0,117.14
1782672276437,0,0,0,117.76
1782672276437,1,0,0,115.11
1782672276437,2,0,0,116.09
1782672276437,3,0,0,119.97
1782672276437,4,0,0,119.66
1782672276437,5,0,0,118.73
1782672276437,6,0,0,116.09
1782672276437,7,0,0,117.15
1782672276652,0,0,0,117.78
1782672276652,1,0,0,115.12
1782672276652,2,0,0,116.12
1782672276652,3,0,0,119.96
1782672276652,4,0,0,119.74
1782672276652,5,0,0,118.73
1782672276652,6,0,0,116.09
1782672276652,7,0,0,117.17
1782672276867,0,0,0,117.81
1782672276867,1,0,0,115.13
1782672276867,2,0,0,116.09
1782672276867,3,0,0,119.98
1782672276867,4,0,0,119.75
1782672276867,5,0,0,118.75
1782672276867,6,0,0,116.09
1782672276867,7,0,0,117.17
1782672277082,0,0,0,117.81
1782672277082,1,0,0,115.14
1782672277082,2,0,0,116.07
1782672277082,3,0,0,120.02
1782672277082,4,0,0,119.74
1782672277082,5,0,0,118.74
1782672277082,6,0,0,116.07
1782672277082,7,0,0,117.21
1782672277297,0,0,0,117.82
1782672277297,1,0,0,115.13
1782672277297,2,0,0,116.04
1782672277297,3,0,0,120.01
1782672277297,4,0,0,119.76
1782672277297,5,0,0,118.73
1782672277297,6,0,0,116.05
1782672277297,7,0,0,117.19
1782672277511,0,0,0,117.79
1782672277511,1,0,0,115.10
1782672277511,2,0,0,116.02
1782672277511,3,0,0,120.00
1782672277511,4,0,0,119.73
1782672277511,5,0,0,118.74
1782672277511,6,0,0,116.07
1782672277511,7,0,0,117.18
1782672277727,0,0,0,117.75
1782672277727,1,0,0,115.08
1782672277727,2,0,0,116.01
1782672277727,3,0,0,120.01
1782672277727,4,0,0,119.74
1782672277727,5,0,0,118.75
1782672277727,6,0,0,116.13
1782672277727,7,0,0,117.18
1782672277942,0,0,0,117.73
1782672277942,1,0,0,115.05
1782672277942,2,0,0,116.01
1782672277942,3,0,0,119.98
1782672277942,4,0,0,119.73
1782672277942,5,0,0,118.74
1782672277942,6,0,0,116.10
1782672277942,7,0,0,117.15
1782672278159,0,0,0,117.73
1782672278159,1,0,0,115.03
1782672278159,2,0,0,116.04
1782672278159,3,0,0,119.98
1782672278159,4,0,0,119.75
1782672278159,5,0,0,118.76
1782672278159,6,0,0,116.09
1782672278159,7,0,0,117.16
1782672278375,0,0,0,117.72
1782672278375,1,0,0,115.04
1782672278375,2,0,0,116.05
1782672278375,3,0,0,119.96
1782672278375,4,0,0,119.72
1782672278375,5,0,0,118.75
1782672278375,6,0,0,116.11
1782672278375,7,0,0,117.18
1782672278589,0,0,0,117.71
1782672278589,1,0,0,115.03
1782672278589,2,0,0,116.06
1782672278589,3,0,0,120.00
1782672278589,4,0,0,119.75
1782672278589,5,0,0,118.77
1782672278589,6,0,0,116.17
1782672278589,7,0,0,117.20
1782672278807,0,0,0,117.73
1782672278807,1,0,0,115.07
1782672278807,2,0,0,116.06
1782672278807,3,0,0,120.00
1782672278807,4,0,0,119.75
1782672278807,5,0,0,118.78
1782672278807,6,0,0,116.20
1782672278807,7,0,0,117.21
1782672279033,0,0,0,117.73
1782672279033,1,0,0,115.09
1782672279033,2,0,0,116.09
1782672279033,3,0,0,120.00
1782672279033,4,0,0,119.78
1782672279033,5,0,0,118.79
1782672279033,6,0,0,116.16
1782672279033,7,0,0,117.23
1782672279251,0,0,0,117.74
1782672279251,1,0,0,115.09
1782672279251,2,0,0,116.12
1782672279251,3,0,0,120.02
1782672279251,4,0,0,119.78
1782672279251,5,0,0,118.77
1782672279251,6,0,0,116.21
1782672279251,7,0,0,117.26
1782672279469,0,0,0,117.74
1782672279469,1,0,0,115.10
1782672279469,2,0,0,116.13
1782672279469,3,0,0,120.03
1782672279469,4,0,0,119.82
1782672279469,5,0,0,118.77
1782672279469,6,0,0,116.23
1782672279469,7,0,0,117.27
1782672279686,0,0,0,117.75
1782672279686,1,0,0,115.11
1782672279686,2,0,0,116.16
1782672279686,3,0,0,120.00
1782672279686,4,0,0,119.83
1782672279686,5,0,0,118.78
1782672279686,6,0,0,116.26
1782672279686,7,0,0,117.27
1782672279902,0,0,0,117.75
1782672279902,1,0,0,115.10
1782672279902,2,0,0,116.17
1782672279902,3,0,0,120.00
1782672279902,4,0,0,119.85
1782672279902,5,0,0,118.73
1782672279902,6,0,0,119.34
1782672279902,7,0,0,117.29
1782672280117,0,0,0,117.75
1782672280117,1,0,0,115.09
1782672280117,2,0,0,116.16
1782672280117,3,0,0,119.98
1782672280117,4,0,0,119.84
1782672280117,5,0,0,118.71
1782672280117,6,4,3,119.91
1782672280117,7,0,0,117.30
1782672280336,0,0,0,117.75
1782672280336,1,0,0,115.10
1782672280336,2,0,0,116.16
1782672280336,3,0,0,119.98
1782672280336,4,0,0,119.87
1782672280336,5,0,0,118.71
1782672280336,6,0,0,130.96
1782672280336,7,0,0,117.29
1782672280552,0,0,0,117.74
1782672280552,1,0,0,115.09
1782672280552,2,0,0,116.19
1782672280552,3,0,0,119.97
1782672280552,4,0,0,119.83
1782672280552,5,0,0,118.70
1782672280552,6,0,0,130.99
1782672280552,7,0,0,117.32
1782672280768,0,0,0,117.74
1782672280768,1,0,0,115.07
1782672280768,2,0,0,116.17
1782672280768,3,0,0,119.96
1782672280768,4,0,0,119.82
1782672280768,5,0,0,118.71
1782672280768,6,40,33,143.09
1782672280768,7,0,0,117.32
1782672280986,0,0,0,117.76
1782672280986,1,0,0,115.08
1782672280986,2,0,0,116.17
1782672280986,3,0,0,120.00
1782672280986,4,0,0,119.80
1782672280986,5,0,0,118.71
1782672280986,6,0,0,140.58
1782672280986,7,0,0,117.33
1782672281203,0,0,0,117.75
1782672281203,1,0,0,115.09
1782672281203,2,0,0,116.16
1782672281203,3,0,0,119.96
1782672281203,4,0,0,119.80
1782672281203,5,0,0,118.72
1782672281203,6,0,0,140.14
1782672281203,7,0,0,117.34
1782672281419,0,0,0,117.76
1782672281419,1,0,0,115.08
1782672281419,2,0,0,116.14
1782672281419,3,0,0,119.96
1782672281419,4,0,0,119.79
1782672281419,5,0,0,118.73
1782672281419,6,0,0,137.06
1782672281419,7,0,0,117.33
1782672281637,0,0,0,117.77
1782672281637,1,0,0,115.11
1782672281637,2,0,0,116.12
1782672281637,3,0,0,119.95
1782672281637,4,0,0,119.78
1782672281637,5,0,0,118.74
1782672281637,6,0,0,137.91
1782672281637,7,28,20,127.36
1782672281855,0,0,0,117.77
1782672281855,1,0,0,115.12
1782672281855,2,0,0,116.08
1782672281855,3,0,0,119.97
1782672281855,4,0,0,119.76
1782672281855,5,0,0,118.74
1782672281855,6,0,0,124.61
1782672281855,7,0,0,127.87
1782672282071,0,0,0,117.78
1782672282071,1,0,0,115.13
1782672282071,2,0,0,116.07
1782672282071,3,0,0,119.98
1782672282071,4,0,0,119.77
1782672282071,5,0,0,118.75
1782672282071,6,0,0,124.56
1782672282071,7,0,0,127.89
1782672282286,0,0,0,117.76
1782672282286,1,0,0,115.14
1782672282286,2,0,0,116.07
1782672282286,3,0,0,119.98
1782672282286,4,0,0,119.80
1782672282286,5,0,0,118.76
1782672282286,6,0,0,124.53
1782672282286,7,0,0,127.69
1782672282502,0,0,0,117.77
1782672282502,1,0,0,115.13
1782672282502,2,0,0,116.04
1782672282502,3,0,0,119.97
1782672282502,4,0,0,119.78
1782672282502,5,0,0,118.75
1782672282502,6,0,0,120.42
1782672282502,7,0,0,127.95
1782672282730,0,0,0,117.78
1782672282730,1,0,0,115.13
1782672282730,2,0,0,116.03
1782672282730,3,0,0,120.00
1782672282730,4,0,0,119.82
1782672282730,5,0,0,118.76
1782672282730,6,0,0,116.29
1782672282730,7,0,0,117.45
1782672282949,0,0,0,117.78
1782672282949,1,0,0,115.14
1782672282949,2,0,0,116.06
1782672282949,3,0,0,120.00
1782672282949,4,0,0,119.80
1782672282949,5,0,0,118.76
1782672282949,6,0,0,116.27
1782672282949,7,0,0,117.45
1782672283166,0,0,0,117.80
1782672283166,1,0,0,115.12
1782672283166,2,0,0,116.07
1782672283166,3,0,0,119.98
1782672283166,4,0,0,119.80
1782672283166,5,0,0,118.76
1782672283166,6,0,0,116.27
1782672283166,7,0,0,117.45
1782672283384,0,0,0,117.82
1782672283384,1,0,0,115.14
1782672283384,2,0,0,116.07
1782672283384,3,0,0,120.00
1782672283384,4,0,0,119.78
1782672283384,5,0,0,118.77
1782672283384,6,0,0,116.27
1782672283384,7,0,0,117.43
1782672283606,0,0,0,117.79
1782672283606,1,0,0,115.16
1782672283606,2,0,0,116.09
1782672283606,3,0,0,120.00
1782672283606,4,0,0,119.79
1782672283606,5,0,0,118.75
1782672283606,6,95,95,171.43
1782672283606,7,51,45,173.64
1782672283824,0,0,0,117.76
1782672283824,1,0,0,115.15
1782672283824,2,0,0,116.10
1782672283824,3,0,0,119.97
1782672283824,4,0,0,119.77
1782672283824,5,0,0,118.77
1782672283824,6,0,0,172.49
1782672283824,7,0,0,172.67
1782672284041,0,0,0,117.75
1782672284041,1,0,0,115.13
1782672284041,2,0,0,116.10
1782672284041,3,0,0,120.00
1782672284041,4,0,0,119.77
1782672284041,5,0,0,118.75
1782672284041,6,0,0,173.67
1782672284041,7,0,0,173.86
1782672284257,0,0,0,117.73
1782672284257,1,0,0,115.11
1782672284257,2,0,0,116.11
1782672284257,3,0,0,120.04
1782672284257,4,0,0,119.79
1782672284257,5,0,0,118.75
1782672284257,6,0,0,172.57
1782672284257,7,0,0,172.81
1782672284507,0,0,0,117.76
1782672284507,1,0,0,115.10
1782672284507,2,0,0,116.15
1782672284507,3,0,0,120.04
1782672284507,4,0,0,119.78
1782672284507,5,0,0,118.75
1782672284507,6,0,0,164.59
1782672284507,7,0,0,144.04
1782672284722,0,0,0,117.79
1782672284722,1,0,0,115.07
1782672284722,2,0,0,116.15
1782672284722,3,0,0,120.07
1782672284722,4,0,0,119.80
1782672284722,5,0,0,118.77
1782672284722,6,0,0,116.48
1782672284722,7,0,0,117.71
1782672284938,0,0,0,117.81
1782672284938,1,0,0,115.05
1782672284938,2,0,0,116.17
1782672284938,3,0,0,120.09
1782672284938,4,0,0,119.79
1782672284938,5,0,0,118.76
1782672284938,6,88,92,155.00
1782672284938,7,0,0,137.27
1782672285171,0,0,0,117.80
1782672285171,1,0,0,115.07
1782672285171,2,0,0,116.16
1782672285171,3,0,0,120.06
1782672285171,4,0,0,119.79
1782672285171,5,0,0,118.74
1782672285171,6,0,0,164.96
1782672285171,7,74,77,164.90
1782672285387,0,0,0,117.80
1782672285387,1,0,0,115.06
1782672285387,2,0,0,116.16
1782672285387,3,0,0,120.02
1782672285387,4,0,0,119.78
1782672285387,5,0,0,118.79
1782672285387,6,0,0,166.00
1782672285387,7,0,0,164.96
1782672285604,0,0,0,117.79
1782672285604,1,0,0,115.09
1782672285604,2,0,0,116.16
1782672285604,3,0,0,120.04
1782672285604,4,0,0,119.79
1782672285604,5,0,0,118.76
1782672285604,6,0,0,165.11
1782672285604,7,26,19,172.58
1782672285833,0,0,0,117.76
1782672285833,1,0,0,115.11
1782672285833,2,0,0,116.17
1782672285833,3,0,0,119.98
1782672285833,4,0,0,119.78
1782672285833,5,0,0,118.73
1782672285833,6,88,91,266.66
1782672285833,7,79,70,242.13
1782672286054,0,0,0,117.78
1782672286054,1,0,0,115.14
1782672286054,2,0,0,116.17
1782672286054,3,0,0,120.01
1782672286054,4,0,0,119.81
1782672286054,5,0,0,118.72
1782672286054,6,100,48,292.81
1782672286054,7,70,53,296.30
1782672286271,0,0,0,117.76
1782672286271,1,0,0,115.15
1782672286271,2,0,0,116.15
1782672286271,3,0,0,120.02
1782672286271,4,0,0,119.81
1782672286271,5,0,0,118.72
1782672286271,6,0,0,296.11
1782672286271,7,0,0,296.98
1782672286487,0,0,0,117.76
1782672286487,1,0,0,115.17
1782672286487,2,0,0,116.13
1782672286487,3,0,0,120.01
1782672286487,4,0,0,119.81
1782672286487,5,0,0,118.70
1782672286487,6,0,0,292.40
1782672286487,7,0,0,293.60
1782672286702,0,0,0,117.78
1782672286702,1,0,0,115.16
1782672286702,2,0,0,116.12
1782672286702,3,0,0,120.01
1782672286702,4,0,0,119.82
1782672286702,5,0,0,118.74
1782672286702,6,0,0,277.24
1782672286702,7,0,0,262.20
1782672286918,0,0,0,117.77
1782672286918,1,0,0,115.14
1782672286918,2,0,0,116.13
1782672286918,3,0,0,120.03
1782672286918,4,0,0,119.84
1782672286918,5,0,0,118.72
1782672286918,6,0,0,207.40
1782672286918,7,0,0,163.18
1782672287133,0,0,0,117.78
1782672287133,1,0,0,115.13
1782672287133,2,0,0,116.12
1782672287133,3,0,0,119.99
1782672287133,4,0,0,119.82
1782672287133,5,0,0,118.77
1782672287133,6,0,0,115.80
1782672287133,7,0,0,117.68
1782672287349,0,0,0,117.79
1782672287349,1,0,0,115.12
1782672287349,2,0,0,116.13
1782672287349,3,0,0,120.02
1782672287349,4,0,0,119.83
1782672287349,5,0,0,118.77
1782672287349,6,0,0,115.97
1782672287349,7,0,0,117.70
1782672287565,0,0,0,117.80
1782672287565,1,0,0,115.12
1782672287565,2,0,0,116.14
1782672287565,3,0,0,120.02
1782672287565,4,0,0,119.87
1782672287565,5,0,0,118.75
1782672287565,6,0,0,115.96
1782672287565,7,0,0,117.57
1782672287782,0,0,0,117.79
1782672287782,1,0,0,115.12
1782672287782,2,0,0,116.11
1782672287782,3,0,0,120.00
1782672287782,4,0,0,119.83
1782672287782,5,0,0,118.74
1782672287782,6,0,0,115.89
1782672287782,7,0,0,117.48
1782672287998,0,0,0,117.82
1782672287998,1,0,0,115.13
1782672287998,2,0,0,116.11
1782672287998,3,0,0,119.97
1782672287998,4,0,0,119.82
1782672287998,5,0,0,118.74
1782672287998,6,0,0,115.84
1782672287998,7,0,0,117.39
1782672288213,0,0,0,117.83
1782672288213,1,0,0,115.14
1782672288213,2,0,0,116.11
1782672288213,3,0,0,120.00
1782672288213,4,0,0,119.81
1782672288213,5,0,0,118.72
1782672288213,6,0,0,115.79
1782672288213,7,0,0,117.33
1782672288430,0,0,0,117.84
1782672288430,1,0,0,115.15
1782672288430,2,0,0,116.11
1782672288430,3,0,0,120.01
1782672288430,4,0,0,119.82
1782672288430,5,0,0,118.75
1782672288430,6,0,0,115.84
1782672288430,7,0,0,117.32
1782672288644,0,0,0,117.84
1782672288644,1,0,0,115.16
1782672288644,2,0,0,116.14
1782672288644,3,0,0,120.00
1782672288644,4,0,0,119.79
1782672288644,5,0,0,118.77
1782672288644,6,0,0,115.85
1782672288644,7,0,0,117.30
1782672288860,0,0,0,117.85
1782672288860,1,0,0,115.16
1782672288860,2,0,0,116.14
1782672288860,3,0,0,120.03
1782672288860,4,0,0,119.80
1782672288860,5,0,0,118.75
1782672288860,6,0,0,115.80
1782672288860,7,0,0,117.27
1782672289075,0,0,0,117.85
1782672289075,1,0,0,115.15
1782672289075,2,0,0,116.15
1782672289075,3,0,0,120.01
1782672289075,4,0,0,119.77
1782672289075,5,0,0,118.81
1782672289075,6,0,0,115.80
1782672289075,7,0,0,117.26
1782672289298,0,0,0,117.82
1782672289298,1,0,0,115.14
1782672289298,2,0,0,116.19
1782672289298,3,0,0,120.03
1782672289298,4,0,0,119.79
1782672289298,5,0,0,118.80
1782672289298,6,0,0,115.79
1782672289298,7,0,0,117.25
1782672289514,0,0,0,117.81
1782672289514,1,0,0,115.13
1782672289514,2,0,0,116.19
1782672289514,3,0,0,120.00
1782672289514,4,0,0,119.76
1782672289514,5,0,0,118.78
1782672289514,6,0,0,115.80
1782672289514,7,0,0,117.25
1782672289730,0,0,0,117.81
1782672289730,1,0,0,115.12
1782672289730,2,0,0,116.18
1782672289730,3,0,0,120.05
1782672289730,4,0,0,119.79
1782672289730,5,0,0,118.80
1782672289730,6,0,0,115.84
1782672289730,7,0,0,117.22
1782672289982,0,0,0,117.79
1782672289982,1,0,0,115.15
1782672289982,2,0,0,116.19
1782672289982,3,0,0,120.05
1782672289982,4,0,0,119.81
1782672289982,5,0,0,118.81
1782672289982,6,0,0,115.82
1782672289982,7,0,0,117.20
1782672290199,0,0,0,117.80
1782672290199,1,0,0,115.16
1782672290199,2,0,0,116.18
1782672290199,3,0,0,120.03
1782672290199,4,0,0,119.80
1782672290199,5,0,0,118.81
1782672290199,6,0,0,115.79
1782672290199,7,0,0,117.16
1782672290417,0,0,0,117.79
1782672290417,1,0,0,115.17
1782672290417,2,0,0,116.17
1782672290417,3,0,0,120.05
1782672290417,4,0,0,119.81
1782672290417,5,0,0,118.81
1782672290417,6,0,0,115.80
1782672290417,7,0,0,117.17
1782672290634,0,0,0,117.78
1782672290634,1,0,0,115.18
1782672290634,2,0,0,116.17
1782672290634,3,0,0,120.06
1782672290634,4,0,0,119.81
1782672290634,5,0,0,118.81
1782672290634,6,0,0,115.83
1782672290634,7,0,0,117.15
1782672290851,0,0,0,117.78
1782672290851,1,0,0,115.16
1782672290851,2,0,0,116.17
1782672290851,3,0,0,120.07
1782672290851,4,0,0,119.82
1782672290851,5,0,0,118.79
1782672290851,6,0,0,115.80
1782672290851,7,0,0,117.16
1782672291067,0,0,0,117.77
1782672291067,1,0,0,115.13
1782672291067,2,0,0,116.16
1782672291067,3,0,0,120.05
1782672291067,4,0,0,119.79
1782672291067,5,0,0,118.79
1782672291067,6,0,0,115.81
1782672291067,7,0,0,117.16
1782672291284,0,0,0,117.76
1782672291284,1,0,0,115.10
1782672291284,2,0,0,116.15
1782672291284,3,0,0,120.07
1782672291284,4,0,0,119.83
1782672291284,5,0,0,118.78
1782672291284,6,0,0,115.81
1782672291284,7,0,0,117.18
1782672291502,0,0,0,117.78
1782672291502,1,0,0,115.09
1782672291502,2,0,0,116.16
1782672291502,3,0,0,120.05
1782672291502,4,0,0,119.80
1782672291502,5,0,0,118.80
1782672291502,6,0,0,115.86
1782672291502,7,0,0,117.18
1782672291719,0,0,0,117.78
1782672291719,1,0,0,115.10
1782672291719,2,0,0,116.15
1782672291719,3,0,0,120.02
1782672291719,4,0,0,119.83
1782672291719,5,0,0,118.77
1782672291719,6,0,0,115.88
1782672291719,7,0,0,117.18
1782672291935,0,0,0,117.80
1782672291935,1,0,0,115.10
1782672291935,2,0,0,116.15
1782672291935,3,0,0,120.04
1782672291935,4,0,0,119.80
1782672291935,5,0,0,118.79
1782672291935,6,0,0,115.82
1782672291935,7,0,0,117.18
1782672292151,0,0,0,117.81
1782672292151,1,0,0,115.09
1782672292151,2,0,0,116.18
1782672292151,3,0,0,120.01
1782672292151,4,0,0,119.83
1782672292151,5,0,0,118.80
1782672292151,6,0,0,115.83
1782672292151,7,0,0,117.17
1782672292368,0,0,0,117.79
1782672292368,1,0,0,115.09
1782672292368,2,0,0,116.19
1782672292368,3,0,0,120.00
1782672292368,4,0,0,119.86
1782672292368,5,0,0,118.79
1782672292368,6,0,0,115.86
1782672292368,7,0,0,117.18
1782672292585,0,0,0,117.80
1782672292585,1,0,0,115.10
1782672292585,2,0,0,116.19
1782672292585,3,0,0,120.02
1782672292585,4,0,0,119.87
1782672292585,5,0,0,118.81
1782672292585,6,5,3,119.87
1782672292585,7,0,0,122.09
1782672292804,0,0,0,117.80
1782672292804,1,0,0,115.09
1782672292804,2,0,0,116.19
1782672292804,3,0,0,120.00
1782672292804,4,0,0,119.87
1782672292804,5,0,0,118.79
1782672292804,6,0,0,119.88
1782672292804,7,0,0,122.25
1782672293023,0,0,0,117.82
1782672293023,1,0,0,115.10
1782672293023,2,0,0,116.20
1782672293023,3,0,0,119.98
1782672293023,4,0,0,119.88
1782672293023,5,0,0,118.79
1782672293023,6,0,0,119.82
1782672293023,7,0,0,122.28
1782672293241,0,0,0,117.81
1782672293241,1,0,0,115.11
1782672293241,2,0,0,116.21
1782672293241,3,0,0,120.00
1782672293241,4,0,0,119.88
1782672293241,5,0,0,118.75
1782672293241,6,0,0,119.89
1782672293241,7,1,0,122.52
1782672293463,0,0,0,117.85
1782672293463,1,0,0,115.15
1782672293463,2,0,0,116.23
1782672293463,3,0,0,119.99
1782672293463,4,0,0,119.85
1782672293463,5,0,0,118.75
1782672293463,6,15,8,147.54
1782672293463,7,13,7,149.68
1782672293681,0,0,0,117.84
1782672293681,1,0,0,115.15
1782672293681,2,0,0,116.24
1782672293681,3,0,0,119.98
1782672293681,4,0,0,119.87
1782672293681,5,0,0,118.75
1782672293681,6,0,0,143.96
1782672293681,7,0,0,145.39
1782672293898,0,0,0,117.85
1782672293898,1,0,0,115.18
1782672293898,2,0,0,116.24
1782672293898,3,0,0,120.00
1782672293898,4,0,0,119.88
1782672293898,5,0,0,118.77
1782672293898,6,0,0,144.54
1782672293898,7,0,0,144.88
1782672294116,0,0,0,117.87
1782672294116,1,0,0,115.17
1782672294116,2,0,0,116.24
1782672294116,3,0,0,119.99
1782672294116,4,0,0,119.86
1782672294116,5,0,0,118.76
1782672294116,6,0,0,144.50
1782672294116,7,0,0,144.91
1782672294336,0,0,0,117.88
1782672294336,1,0,0,115.17
1782672294336,2,0,0,116.23
1782672294336,3,0,0,119.96
1782672294336,4,0,0,119.88
1782672294336,5,0,0,118.77
1782672294336,6,0,0,137.35
1782672294336,7,0,0,131.07
1782672294555,0,0,0,117.87
1782672294555,1,0,0,115.17
1782672294555,2,0,0,116.21
1782672294555,3,0,0,120.00
1782672294555,4,0,0,119.85
1782672294555,5,0,0,118.79
1782672294555,6,0,0,115.93
1782672294555,7,0,0,122.86
1782672294786,0,0,0,117.87
1782672294786,1,0,0,115.19
1782672294786,2,0,0,116.19
1782672294786,3,0,0,120.03
1782672294786,4,0,0,119.82
1782672294786,5,0,0,118.78
1782672294786,6,100,28,125.26
1782672294786,7,100,38,225.92
1782672295009,0,0,0,117.83
1782672295009,1,0,0,115.21
1782672295009,2,0,0,116.18
1782672295009,3,0,0,120.02
1782672295009,4,0,0,119.82
1782672295009,5,0,0,118.79
1782672295009,6,63,30,224.50
1782672295009,7,0,0,225.93
1782672295229,0,0,0,117.81
1782672295229,1,0,0,115.21
1782672295229,2,0,0,116.18
1782672295229,3,0,0,120.04
1782672295229,4,0,0,119.81
1782672295229,5,0,0,118.78
1782672295229,6,0,0,230.40
1782672295229,7,22,15,233.44
1782672295452,0,0,0,117.82
1782672295452,1,0,0,115.22
1782672295452,2,0,0,116.18
1782672295452,3,0,0,120.07
1782672295452,4,0,0,119.78
1782672295452,5,0,0,118.72
1782672295452,6,21,14,264.80
1782672295452,7,25,17,266.55
1782672295691,0,0,0,117.79
1782672295691,1,0,0,115.22
1782672295691,2,0,0,116.19
1782672295691,3,0,0,120.07
1782672295691,4,0,0,119.78
1782672295691,5,0,0,118.72
1782672295691,6,21,14,285.58
1782672295691,7,27,19,204.66
1782672295915,0,0,0,117.78
1782672295915,1,0,0,115.20
1782672295915,2,0,0,116.22
1782672295915,3,0,0,120.04
1782672295915,4,0,0,119.84
1782672295915,5,0,0,118.71
1782672295915,6,17,12,250.52
1782672295915,7,24,18,216.57
1782672296138,0,0,0,117.80
1782672296138,1,0,0,115.16
1782672296138,2,0,0,116.24
1782672296138,3,0,0,120.08
1782672296138,4,0,0,119.82
1782672296138,5,0,0,118.68
1782672296138,6,19,15,234.26
1782672296138,7,22,17,233.89
1782672296361,0,0,0,117.82
1782672296361,1,0,0,115.13
1782672296361,2,0,0,116.23
1782672296361,3,0,0,120.07
1782672296361,4,0,0,119.82
1782672296361,5,0,0,118.73
1782672296361,6,19,15,228.62
1782672296361,7,21,16,223.78
1782672296583,0,0,0,117.81
1782672296583,1,0,0,115.11
1782672296583,2,0,0,116.22
1782672296583,3,0,0,120.05
1782672296583,4,0,0,119.86
1782672296583,5,0,0,118.74
1782672296583,6,20,16,216.66
1782672296583,7,14,11,214.23
1782672296805,0,0,0,117.82
1782672296805,1,0,0,115.09
1782672296805,2,0,0,116.21
1782672296805,3,0,0,120.07
1782672296805,4,0,0,119.81
1782672296805,5,0,0,118.75
1782672296805,6,19,16,209.73
1782672296805,7,13,10,189.78
1782672297027,0,0,0,117.82
1782672297027,1,0,0,115.12
1782672297027,2,0,0,116.18
1782672297027,3,0,0,120.09
1782672297027,4,0,0,119.79
1782672297027,5,0,0,118.77
1782672297027,6,19,15,187.66
1782672297027,7,12,10,178.72
1782672297251,0,0,0,117.83
1782672297251,1,0,0,115.12
1782672297251,2,0,0,116.17
1782672297251,3,0,0,120.06
1782672297251,4,0,0,119.82
1782672297251,5,0,0,118.80
1782672297251,6,18,15,181.72
1782672297251,7,13,10,168.76
1782672297474,0,0,0,117.81
1782672297474,1,0,0,115.18
1782672297474,2,0,0,116.16
1782672297474,3,0,0,120.03
1782672297474,4,0,0,119.81
1782672297474,5,0,0,118.85
1782672297474,6,48,26,214.01
1782672297474,7,57,32,213.70
1782672297697,0,0,0,117.82
1782672297697,1,0,0,115.19
1782672297697,2,0,0,116.16
1782672297697,3,0,0,120.10
1782672297697,4,0,0,119.75
1782672297697,5,0,0,118.88
1782672297697,6,43,25,242.53
1782672297697,7,49,30,249.89
1782672297924,0,0,0,117.78
1782672297924,1,0,0,115.18
1782672297924,2,0,0,116.16
1782672297924,3,0,0,120.05
1782672297924,4,0,0,119.85
1782672297924,5,0,0,118.84
1782672297924,6,31,22,262.31
1782672297924,7,39,26,271.81
1782672298150,0,0,0,117.77
1782672298150,1,0,0,115.17
1782672298150,2,0,0,116.16
1782672298150,3,0,0,120.05
1782672298150,4,0,0,119.86
1782672298150,5,0,0,118.87
1782672298150,6,27,20,271.69
1782672298150,7,33,23,287.17
1782672298376,0,0,0,117.74
1782672298376,1,0,0,115.13
1782672298376,2,0,0,116.19
1782672298376,3,0,0,120.08
1782672298376,4,0,0,119.85
1782672298376,5,0,0,118.81
1782672298376,6,26,20,255.13
1782672298376,7,22,16,278.93
1782672298601,0,0,0,117.75
1782672298601,1,0,0,115.10
1782672298601,2,0,0,116.19
1782672298601,3,0,0,120.08
1782672298601,4,0,0,119.94
1782672298601,5,0,0,118.78
1782672298601,6,9,8,214.82
1782672298601,7,0,0,229.43
1782672298820,0,0,0,117.80
1782672298820,1,0,0,115.12
1782672298820,2,0,0,116.20
1782672298820,3,0,0,120.04
1782672298820,4,0,0,119.96
1782672298820,5,0,0,118.79
1782672298820,6,0,0,183.76
1782672298820,7,0,0,199.09
1782672299039,0,0,0,117.82
1782672299039,1,0,0,115.13
1782672299039,2,0,0,116.23
1782672299039,3,0,0,120.02
1782672299039,4,0,0,119.95
1782672299039,5,0,0,118.80
1782672299039,6,0,0,167.92
1782672299039,7,0,0,172.05
1782672299262,0,0,0,117.84
1782672299262,1,0,0,115.12
1782672299262,2,0,0,116.24
1782672299262,3,0,0,120.00
1782672299262,4,0,0,119.94
1782672299262,5,0,0,118.79
1782672299262,6,0,0,154.02
1782672299262,7,0,0,165.57
1782672299481,0,0,0,117.84
1782672299481,1,0,0,115.14
1782672299481,2,0,0,116.26
1782672299481,3,0,0,120.01
1782672299481,4,0,0,119.93
1782672299481,5,0,0,118.78
1782672299481,6,0,0,138.14
1782672299481,7,0,0,143.74
1782672299702,0,0,0,117.84
1782672299702,1,0,0,115.15
1782672299702,2,0,0,116.27
1782672299702,3,0,0,119.99
1782672299702,4,0,0,119.91
1782672299702,5,0,0,118.79
1782672299702,6,0,0,135.41
1782672299702,7,0,0,136.27
1782672299921,0,0,0,117.87
1782672299921,1,0,0,115.13
1782672299921,2,0,0,116.31
1782672299921,3,0,0,119.97
1782672299921,4,0,0,119.92
1782672299921,5,0,0,118.79
1782672299921,6,0,0,136.22
1782672299921,7,0,0,137.15
1782672300141,0,0,0,117.90
1782672300141,1,0,0,115.15
1782672300141,2,0,0,116.28
1782672300141,3,0,0,120.01
1782672300141,4,0,0,119.91
1782672300141,5,0,0,118.79
1782672300141,6,0,0,117.76
1782672300141,7,0,0,123.49
1782672300358,0,0,0,117.90
1782672300358,1,0,0,115.14
1782672300358,2,0,0,116.28
1782672300358,3,0,0,120.01
1782672300358,4,0,0,119.90
1782672300358,5,0,0,118.77
1782672300358,6,0,0,117.69
1782672300358,7,0,0,120.71
1782672300576,0,0,0,117.92
1782672300576,1,0,0,115.16
1782672300576,2,0,0,116.27
1782672300576,3,0,0,119.99
1782672300576,4,0,0,119.90
1782672300576,5,0,0,118.79
1782672300576,6,0,0,117.66
1782672300576,7,0,0,120.68
1782672300793,0,0,0,117.91
1782672300793,1,0,0,115.16
1782672300793,2,0,0,116.26
1782672300793,3,0,0,120.01
1782672300793,4,0,0,119.91
1782672300793,5,0,0,118.76
1782672300793,6,0,0,117.61
1782672300793,7,0,0,120.60
1782672301039,0,0,0,117.92
1782672301039,1,0,0,115.16
1782672301039,2,0,0,116.25
1782672301039,3,0,0,120.05
1782672301039,4,0,0,119.88
1782672301039,5,0,0,118.75
1782672301039,6,0,0,117.66
1782672301039,7,0,0,120.57
1782672301257,0,0,0,117.87
1782672301257,1,0,0,115.16
1782672301257,2,0,0,116.25
1782672301257,3,0,0,120.06
1782672301257,4,0,0,119.88
1782672301257,5,0,0,118.78
1782672301257,6,0,0,117.64
1782672301257,7,0,0,120.53
1782672301477,0,0,0,117.86
1782672301477,1,0,0,115.14
1782672301477,2,0,0,116.22
1782672301477,3,0,0,120.09
1782672301477,4,0,0,119.90
1782672301477,5,0,0,118.74
1782672301477,6,0,0,117.61
1782672301477,7,0,0,120.51
1782672301695,0,0,0,117.84
1782672301695,1,0,0,115.15
1782672301695,2,0,0,116.23
1782672301695,3,0,0,120.11
1782672301695,4,0,0,119.88
1782672301695,5,0,0,118.75
1782672301695,6,0,0,117.60
1782672301695,7,0,0,120.52
1782672301913,0,0,0,117.85
1782672301913,1,0,0,115.13
1782672301913,2,0,0,116.23
1782672301913,3,0,0,120.12
1782672301913,4,0,0,119.86
1782672301913,5,0,0,118.78
1782672301913,6,0,0,117.60
1782672301913,7,0,0,120.50
1782672302132,0,0,0,117.87
1782672302132,1,0,0,115.17
1782672302132,2,0,0,116.23
1782672302132,3,0,0,120.06
1782672302132,4,0,0,119.87
1782672302132,5,0,0,118.80
1782672302132,6,0,0,117.64
1782672302132,7,0,0,120.47
1782672302350,0,0,0,117.88
1782672302350,1,0,0,115.18
1782672302350,2,0,0,116.23
1782672302350,3,0,0,120.04
1782672302350,4,0,0,119.85
1782672302350,5,0,0,118.81
1782672302350,6,0,0,117.61
1782672302350,7,0,0,120.47
1782672302569,0,0,0,117.90
1782672302569,1,0,0,115.20
1782672302569,2,0,0,116.23
1782672302569,3,0,0,120.06
1782672302569,4,0,0,119.84
1782672302569,5,0,0,118.82
1782672302569,6,0,0,117.58
1782672302569,7,0,0,120.46
1782672302788,0,0,0,117.90
1782672302788,1,0,0,115.20
1782672302788,2,0,0,116.22
1782672302788,3,0,0,120.06
1782672302788,4,0,0,119.88
1782672302788,5,0,0,118.80
1782672302788,6,0,0,117.58
1782672302788,7,0,0,120.41
1782672303006,0,0,0,117.89
1782672303006,1,0,0,115.18
1782672303006,2,0,0,116.21
1782672303006,3,0,0,120.04
1782672303006,4,0,0,119.87
1782672303006,5,0,0,118.79
1782672303006,6,0,0,117.61
1782672303006,7,0,0,120.38
1782672303224,0,0,0,117.88
1782672303224,1,0,0,115.15
1782672303224,2,0,0,116.21
1782672303224,3,0,0,120.08
1782672303224,4,0,0,119.89
1782672303224,5,0,0,118.79
1782672303224,6,0,0,117.63
1782672303224,7,0,0,120.38
1782672303444,0,0,0,117.86
1782672303444,1,0,0,115.13
1782672303444,2,0,0,116.19
1782672303444,3,0,0,120.10
1782672303444,4,0,0,119.90
1782672303444,5,0,0,118.78
1782672303444,6,0,0,117.60
1782672303444,7,0,0,120.38
1782672303664,0,0,0,117.85
1782672303664,1,0,0,115.12
1782672303664,2,0,0,116.20
1782672303664,3,0,0,120.10
1782672303664,4,0,0,119.92
1782672303664,5,0,0,118.82
1782672303664,6,0,0,117.61
1782672303664,7,0,0,120.36
1782672303885,0,0,0,117.81
1782672303885,1,0,0,115.12
1782672303885,2,0,0,116.21
1782672303885,3,0,0,120.12
1782672303885,4,0,0,119.90
1782672303885,5,0,0,118.82
1782672303885,6,0,0,117.63
1782672303885,7,0,0,120.35
1782672304103,0,0,0,117.83
1782672304103,1,0,0,115.12
1782672304103,2,0,0,116.23
1782672304103,3,0,0,120.13
1782672304103,4,0,0,119.92
1782672304103,5,0,0,118.85
1782672304103,6,0,0,117.65
1782672304103,7,0,0,120.35
1782672304321,0,0,0,117.83
1782672304321,1,0,0,115.11
1782672304321,2,0,0,116.24
1782672304321,3,0,0,120.11
1782672304321,4,0,0,119.92
1782672304321,5,0,0,118.84
1782672304321,6,0,0,117.67
1782672304321,7,0,0,120.33
1782672304537,0,0,0,117.83
1782672304537,1,0,0,115.13
1782672304537,2,0,0,116.25
1782672304537,3,0,0,120.09
1782672304537,4,0,0,119.93
1782672304537,5,0,0,118.84
1782672304537,6,0,0,117.61
1782672304537,7,0,0,120.33
1782672304754,0,0,0,117.86
1782672304754,1,0,0,115.12
1782672304754,2,0,0,116.24
1782672304754,3,0,0,120.09
1782672304754,4,0,0,119.95
1782672304754,5,0,0,118.84
1782672304754,6,0,0,117.62
1782672304754,7,0,0,120.23
1782672304996,0,0,0,117.85
1782672304996,1,0,0,115.14
1782672304996,2,0,0,116.27
1782672304996,3,0,0,120.07
1782672304996,4,0,0,119.96
1782672304996,5,0,0,118.83
1782672304996,6,0,0,117.64
1782672304996,7,0,0,120.03
1782672305221,0,0,0,117.86
1782672305221,1,0,0,115.16
1782672305221,2,0,0,116.27
1782672305221,3,0,0,120.06
1782672305221,4,0,0,119.94
1782672305221,5,0,0,118.80
1782672305221,6,0,0,117.64
1782672305221,7,0,0,119.91
1782672305495,0,0,0,118.27
1782672305495,1,0,0,115.32
1782672305495,2,0,0,116.39
1782672305495,3,0,0,120.44
1782672305495,4,0,0,120.37
1782672305495,5,0,0,119.08
1782672305495,6,0,0,117.99
1782672305495,7,0,0,120.54
1782672305902,0,0,0,118.35
1782672305902,1,0,0,115.32
1782672305902,2,0,0,116.40
1782672305902,3,0,0,120.46
1782672305902,4,0,0,120.37
1782672305902,5,0,0,119.09
1782672305902,6,0,0,118.01
1782672305902,7,0,0,120.58
1782672306287,0,0,0,118.37
1782672306287,1,0,0,115.18
1782672306287,2,0,0,116.42
1782672306287,3,0,0,120.45
1782672306287,4,0,0,120.11
1782672306287,5,0,0,119.10
1782672306287,6,0,0,118.01
1782672306287,7,0,0,120.57
1782672306507,0,0,0,118.00
1782672306507,1,0,0,115.17
1782672306507,2,0,0,116.35
1782672306507,3,0,0,120.09
1782672306507,4,0,0,119.95
1782672306507,5,0,0,118.83
1782672306507,6,0,0,117.64
1782672306507,7,0,0,119.74
1782672306736,0,0,0,117.98
1782672306736,1,0,0,115.16
1782672306736,2,0,0,116.32
1782672306736,3,0,0,120.07
1782672306736,4,0,0,119.93
1782672306736,5,0,0,118.86
1782672306736,6,0,0,117.57
1782672306736,7,0,0,119.72
1782672306958,0,0,0,117.96
1782672306958,1,0,0,115.17
1782672306958,2,0,0,116.32
1782672306958,3,0,0,120.06
1782672306958,4,0,0,119.94
1782672306958,5,0,0,118.83
1782672306958,6,3,0,117.59
1782672306958,7,0,0,119.73
1782672307183,0,0,0,117.91
1782672307183,1,0,0,115.17
1782672307183,2,0,0,116.31
1782672307183,3,0,0,120.14
1782672307183,4,0,0,119.94
1782672307183,5,0,0,118.89
1782672307183,6,0,0,117.66
1782672307183,7,0,0,119.64
1782672307554,0,0,0,117.90
1782672307554,1,0,0,115.18
1782672307554,2,0,0,116.26
1782672307554,3,0,0,120.10
1782672307554,4,0,0,119.91
1782672307554,5,0,0,118.86
1782672307554,6,0,0,117.67
1782672307554,7,0,0,119.50
1782672307798,0,57,39,140.45
1782672307798,1,53,18,136.49
1782672307798,2,32,12,133.33
1782672307798,3,54,38,135.99
1782672307798,4,47,28,140.15
1782672307798,5,52,33,139.62
1782672307798,6,0,0,117.92
1782672307798,7,0,0,119.32
1782672308044,0,68,40,159.75
1782672308044,1,77,40,155.77
1782672308044,2,0,0,158.57
1782672308044,3,99,30,163.89
1782672308044,4,74,29,163.36
1782672308044,5,83,43,163.31
1782672308044,6,100,1,125.45
1782672308044,7,100,0,124.70
1782672308275,0,0,0,159.01
1782672308275,1,0,0,156.60
1782672308275,2,0,0,159.50
1782672308275,3,0,0,164.81
1782672308275,4,0,0,162.46
1782672308275,5,0,0,163.39
1782672308275,6,93,2,136.30
1782672308275,7,100,0,135.23
1782672308556,0,0,0,159.89
1782672308556,1,0,0,156.65
1782672308556,2,0,0,159.56
1782672308556,3,0,0,164.83
1782672308556,4,0,0,162.48
1782672308556,5,0,0,162.60
1782672308556,6,3,0,140.75
1782672308556,7,0,0,140.71
1782672308835,0,0,0,140.23
1782672308835,1,0,0,136.36
1782672308835,2,0,0,142.15
1782672308835,3,0,0,136.37
1782672308835,4,0,0,143.10
1782672308835,5,0,0,131.02
1782672308835,6,100,2,145.75
1782672308835,7,100,0,144.05
1782672309063,0,0,0,118.13
1782672309063,1,0,0,115.35
1782672309063,2,0,0,116.42
1782672309063,3,0,0,120.23
1782672309063,4,0,0,119.86
1782672309063,5,0,0,119.11
1782672309063,6,96,5,147.71
1782672309063,7,100,1,147.00
1782672309291,0,0,0,118.06
1782672309291,1,0,0,115.32
1782672309291,2,0,0,116.32
1782672309291,3,0,0,120.18
1782672309291,4,0,0,119.96
1782672309291,5,0,0,119.01
1782672309291,6,92,4,148.20
1782672309291,7,100,1,147.66
1782672309522,0,0,0,118.00
1782672309522,1,0,0,115.31
1782672309522,2,0,0,116.29
1782672309522,3,0,0,120.17
1782672309522,4,0,0,119.97
1782672309522,5,0,0,118.99
1782672309522,6,100,1,151.09
1782672309522,7,100,1,148.90
1782672309749,0,0,0,117.95
1782672309749,1,0,0,115.28
1782672309749,2,0,0,116.28
1782672309749,3,0,0,120.17
1782672309749,4,0,0,119.97
1782672309749,5,0,0,118.97
1782672309749,6,0,0,152.49
1782672309749,7,74,6,152.57
1782672309973,0,0,0,117.96
1782672309973,1,0,0,115.26
1782672309973,2,0,0,116.26
1782672309973,3,0,0,120.15
1782672309973,4,0,0,119.96
1782672309973,5,0,0,118.97
1782672309973,6,0,0,144.22
1782672309973,7,0,0,145.47
1782672310195,0,0,0,117.95
1782672310195,1,0,0,115.21
1782672310195,2,0,0,116.26
1782672310195,3,0,0,120.14
1782672310195,4,0,0,120.00
1782672310195,5,0,0,118.94
1782672310195,6,5,1,137.12
1782672310195,7,0,0,137.94
1782672310419,0,20,3,119.75
1782672310419,1,2,0,117.08
1782672310419,2,0,0,117.86
1782672310419,3,27,4,122.12
1782672310419,4,3,0,121.35
1782672310419,5,9,1,120.87
1782672310419,6,11,2,126.32
1782672310419,7,0,0,127.80
1782672310659,0,0,0,119.93
1782672310659,1,0,0,117.09
1782672310659,2,0,0,118.44
1782672310659,3,0,0,122.07
1782672310659,4,0,0,122.10
1782672310659,5,0,0,120.90
1782672310659,6,0,0,118.17
1782672310659,7,0,0,119.19
1782672310986,0,0,0,119.95
1782672310986,1,0,0,117.09
1782672310986,2,0,0,118.49
1782672310986,3,0,0,122.04
1782672310986,4,0,0,122.10
1782672310986,5,0,0,120.86
1782672310986,6,0,0,117.67
1782672310986,7,0,0,118.96
1782672311382,0,0,0,119.79
1782672311382,1,0,0,115.17
1782672311382,2,0,0,117.47
1782672311382,3,0,0,121.26
1782672311382,4,0,0,120.78
1782672311382,5,0,0,119.98
1782672311382,6,0,0,117.22
1782672311382,7,0,0,118.40
1782672311600,0,0,0,117.98
1782672311600,1,0,0,115.14
1782672311600,2,0,0,116.35
1782672311600,3,0,0,120.12
1782672311600,4,0,0,120.01
1782672311600,5,0,0,118.93
1782672311600,6,0,0,117.10
1782672311600,7,0,0,118.41
1782672311817,0,0,0,117.98
1782672311817,1,0,0,115.14
1782672311817,2,0,0,116.35
1782672311817,3,0,0,120.12
1782672311817,4,0,0,120.01
1782672311817,5,0,0,118.91
1782672311817,6,0,0,117.11
1782672311817,7,0,0,118.40
1782672312065,0,0,0,117.98
1782672312065,1,0,0,115.13
1782672312065,2,0,0,116.36
1782672312065,3,0,0,120.11
1782672312065,4,0,0,119.99
1782672312065,5,0,0,118.90
1782672312065,6,0,0,117.11
1782672312065,7,0,0,118.38
1782672312284,0,0,0,117.97
1782672312284,1,0,0,115.16
1782672312284,2,0,0,116.36
1782672312284,3,0,0,120.09
1782672312284,4,0,0,119.99
1782672312284,5,0,0,118.89
1782672312284,6,0,0,117.07
1782672312284,7,0,0,118.40
1782672312586,0,0,0,117.98
1782672312586,1,0,0,115.19
1782672312586,2,0,0,116.36
1782672312586,3,0,0,120.04
1782672312586,4,0,0,119.97
1782672312586,5,0,0,118.88
1782672312586,6,0,0,117.04
1782672312586,7,0,0,118.43
1782672312947,0,0,0,117.96
1782672312947,1,0,0,115.21
1782672312947,2,0,0,116.34
1782672312947,3,0,0,120.06
1782672312947,4,0,0,119.96
1782672312947,5,0,0,118.84
1782672312947,6,0,0,117.04
1782672312947,7,0,0,118.45
1782672313299,0,0,0,117.97
1782672313299,1,0,0,115.21
1782672313299,2,0,0,116.33
1782672313299,3,0,0,120.05
1782672313299,4,0,0,119.96
1782672313299,5,0,0,118.84
1782672313299,6,0,0,117.06
1782672313299,7,0,0,118.43
1782672313518,0,0,0,117.94
1782672313518,1,0,0,115.20
1782672313518,2,0,0,116.31
1782672313518,3,0,0,120.06
1782672313518,4,0,0,119.97
1782672313518,5,0,0,118.86
1782672313518,6,0,0,117.10
1782672313518,7,0,0,118.42
1782672313737,0,0,0,117.91
1782672313737,1,0,0,115.17
1782672313737,2,0,0,116.30
1782672313737,3,0,0,120.11
1782672313737,4,0,0,119.95
1782672313737,5,0,0,118.83
1782672313737,6,0,0,117.03
1782672313737,7,0,0,118.42
1782672313956,0,0,0,117.93
1782672313956,1,0,0,115.18
1782672313956,2,0,0,116.28
1782672313956,3,0,0,120.09
1782672313956,4,0,0,119.95
1782672313956,5,0,0,118.85
1782672313956,6,0,0,117.03
1782672313956,7,0,0,118.41
1782672314175,0,0,0,117.95
1782672314175,1,0,0,115.18
1782672314175,2,0,0,116.26
1782672314175,3,0,0,120.07
1782672314175,4,0,0,119.92
1782672314175,5,0,0,118.81
1782672314175,6,0,0,117.04
1782672314175,7,0,0,118.41
1782672314394,0,0,0,117.94
1782672314394,1,0,0,115.19
1782672314394,2,0,0,116.26
1782672314394,3,0,0,120.09
1782672314394,4,0,0,119.93
1782672314394,5,0,0,118.82
1782672314394,6,0,0,117.05
1782672314394,7,0,0,118.42
1782672314613,0,0,0,118.01
1782672314613,1,0,0,115.22
1782672314613,2,0,0,116.24
1782672314613,3,0,0,120.08
1782672314613,4,0,0,119.90
1782672314613,5,0,0,118.82
1782672314613,6,0,0,117.06
1782672314613,7,0,0,118.42
1782672314834,0,0,0,117.99
1782672314834,1,0,0,115.19
1782672314834,2,0,0,116.22
1782672314834,3,0,0,120.08
1782672314834,4,0,0,119.91
1782672314834,5,0,0,118.84
1782672314834,6,0,0,116.98
1782672314834,7,0,0,118.41
1782672315052,0,0,0,117.99
1782672315052,1,0,0,115.18
1782672315052,2,0,0,116.21
1782672315052,3,0,0,120.08
1782672315052,4,0,0,119.89
1782672315052,5,0,0,118.86
1782672315052,6,0,0,117.02
1782672315052,7,0,0,118.39
1782672315271,0,0,0,117.97
1782672315271,1,0,0,115.16
1782672315271,2,0,0,116.21
1782672315271,3,0,0,120.12
1782672315271,4,0,0,119.90
1782672315271,5,0,0,118.86
1782672315271,6,0,0,117.06
1782672315271,7,0,0,118.38
1782672315491,0,0,0,117.94
1782672315491,1,0,0,115.15
1782672315491,2,0,0,116.19
1782672315491,3,0,0,120.09
1782672315491,4,0,0,119.91
1782672315491,5,0,0,118.86
1782672315491,6,0,0,117.10
1782672315491,7,0,0,118.37
1782672315737,0,0,0,117.93
1782672315737,1,0,0,115.15
1782672315737,2,0,0,116.21
1782672315737,3,0,0,120.09
1782672315737,4,0,0,119.93
1782672315737,5,0,0,118.88
1782672315737,6,0,0,117.14
1782672315737,7,0,0,118.35
1782672316060,0,0,0,117.93
1782672316060,1,0,0,115.15
1782672316060,2,0,0,116.22
1782672316060,3,0,0,120.12
1782672316060,4,0,0,119.98
1782672316060,5,0,0,118.87
1782672316060,6,0,0,117.13
1782672316060,7,0,0,118.36
1782672316300,0,0,0,117.94
1782672316300,1,0,0,115.18
1782672316300,2,0,0,116.23
1782672316300,3,0,0,120.09
1782672316300,4,0,0,119.99
1782672316300,5,0,0,118.89
1782672316300,6,0,0,118.82
1782672316300,7,6,5,120.09
1782672316520,0,0,0,117.96
1782672316520,1,0,0,115.20
1782672316520,2,0,0,116.25
1782672316520,3,0,0,120.07
1782672316520,4,0,0,120.00
1782672316520,5,0,0,118.90
1782672316520,6,0,0,118.74
1782672316520,7,0,0,120.15
1782672316741,0,0,0,117.96
1782672316741,1,0,0,115.22
1782672316741,2,0,0,116.27
1782672316741,3,0,0,120.10
1782672316741,4,0,0,119.93
1782672316741,5,0,0,118.85
1782672316741,6,100,79,275.78
1782672316741,7,6,5,132.62
1782672317132,0,0,0,118.00
1782672317132,1,0,0,115.23
1782672317132,2,0,0,116.33
1782672317132,3,0,0,120.09
1782672317132,4,0,0,119.88
1782672317132,5,0,0,118.88
1782672317132,6,87,75,513.76
1782672317132,7,98,76,423.80
1782672317601,0,0,0,117.98
1782672317601,1,0,0,115.21
1782672317601,2,0,0,116.33
1782672317601,3,0,0,120.09
1782672317601,4,0,0,119.86
1782672317601,5,0,0,118.90
1782672317601,6,100,87,563.13
1782672317601,7,93,82,528.00
1782672317838,0,0,0,117.99
1782672317838,1,0,0,115.19
1782672317838,2,0,0,116.34
1782672317838,3,0,0,120.06
1782672317838,4,0,0,119.89
1782672317838,5,0,0,118.89
1782672317838,6,36,32,468.69
1782672317838,7,36,32,555.25
1782672318059,0,0,0,117.97
1782672318059,1,0,0,115.15
1782672318059,2,0,0,116.37
1782672318059,3,0,0,120.04
1782672318059,4,0,0,119.89
1782672318059,5,0,0,118.87
1782672318059,6,0,0,354.06
1782672318059,7,0,0,441.33
1782672318278,0,0,0,117.93
1782672318278,1,0,0,115.13
1782672318278,2,0,0,116.34
1782672318278,3,0,0,120.01
1782672318278,4,0,0,119.90
1782672318278,5,0,0,118.87
1782672318278,6,0,0,261.95
1782672318278,7,0,0,315.46
1782672318499,0,0,0,117.92
1782672318499,1,0,0,115.11
1782672318499,2,0,0,116.35
1782672318499,3,0,0,120.06
1782672318499,4,0,0,119.97
1782672318499,5,0,0,118.80
1782672318499,6,0,0,198.16
1782672318499,7,0,0,229.34
1782672318717,0,0,0,117.93
1782672318717,1,0,0,115.11
1782672318717,2,0,0,116.34
1782672318717,3,0,0,120.07
1782672318717,4,0,0,119.93
1782672318717,5,0,0,118.85
1782672318717,6,0,0,130.21
1782672318717,7,0,0,131.68
1782672318938,0,0,0,117.90
1782672318938,1,0,0,115.14
1782672318938,2,0,0,116.34
1782672318938,3,0,0,120.05
1782672318938,4,0,0,119.98
1782672318938,5,0,0,118.84
1782672318938,6,0,0,118.45
1782672318938,7,0,0,120.10
1782672319158,0,0,0,117.91
1782672319158,1,0,0,115.16
1782672319158,2,0,0,116.31
1782672319158,3,0,0,120.10
1782672319158,4,0,0,119.99
1782672319158,5,0,0,118.84
1782672319158,6,0,0,118.31
1782672319158,7,0,0,119.47
1782672319386,0,0,0,117.93
1782672319386,1,0,0,115.17
1782672319386,2,0,0,116.28
1782672319386,3,0,0,120.08
1782672319386,4,0,0,119.97
1782672319386,5,0,0,118.85
1782672319386,6,0,0,118.23
1782672319386,7,0,0,119.20
1782672319605,0,0,0,117.94
1782672319605,1,0,0,115.17
1782672319605,2,0,0,116.28
1782672319605,3,0,0,120.04
1782672319605,4,0,0,119.96
1782672319605,5,0,0,118.84
1782672319605,6,0,0,118.18
1782672319605,7,0,0,119.11
1782672319823,0,0,0,117.99
1782672319823,1,0,0,115.18
1782672319823,2,0,0,116.27
1782672319823,3,0,0,120.07
1782672319823,4,0,0,119.97
1782672319823,5,0,0,118.85
1782672319823,6,0,0,118.18
1782672319823,7,0,0,118.99
1782672320041,0,0,0,118.02
1782672320041,1,0,0,115.17
1782672320041,2,0,0,116.25
1782672320041,3,0,0,120.10
1782672320041,4,0,0,119.96
1782672320041,5,0,0,118.83
1782672320041,6,0,0,118.10
1782672320041,7,0,0,118.94
1782672320258,0,0,0,118.04
1782672320258,1,0,0,115.17
1782672320258,2,0,0,116.25
1782672320258,3,0,0,120.09
1782672320258,4,0,0,119.95
1782672320258,5,0,0,118.86
1782672320258,6,0,0,118.05
1782672320258,7,0,0,118.88
1782672320477,0,0,0,118.16
1782672320477,1,0,0,115.17
1782672320477,2,0,0,116.24
1782672320477,3,0,0,120.23
1782672320477,4,0,0,119.99
1782672320477,5,0,0,119.07
1782672320477,6,0,0,118.42
1782672320477,7,0,0,119.14
1782672320770,0,0,0,123.28
1782672320770,1,0,0,120.05
1782672320770,2,42,6,121.21
1782672320770,3,0,0,125.36
1782672320770,4,0,0,124.40
1782672320770,5,0,0,123.70
1782672320770,6,34,5,127.30
1782672320770,7,100,15,128.16
1782672321650,0,0,0,123.59
1782672321650,1,0,0,120.60
1782672321650,2,0,0,121.77
1782672321650,3,0,0,125.73
1782672321650,4,4,1,125.66
1782672321650,5,0,0,124.46
1782672321650,6,0,0,127.93
1782672321650,7,0,0,128.52
1782672321858,0,0,0,123.56
1782672321858,1,0,0,120.55
1782672321858,2,0,0,121.74
1782672321858,3,0,0,125.72
1782672321858,4,0,0,125.67
1782672321858,5,0,0,124.50
1782672321858,6,0,0,127.71
1782672321858,7,0,0,128.27
1782672322067,0,0,0,122.21
1782672322067,1,0,0,119.37
1782672322067,2,0,0,121.76
1782672322067,3,0,0,124.51
1782672322067,4,0,0,125.65
1782672322067,5,0,0,123.48
1782672322067,6,0,0,127.82
1782672322067,7,0,0,128.23
1782672322276,0,0,0,122.21
1782672322276,1,0,0,119.41
1782672322276,2,0,0,120.54
1782672322276,3,0,0,124.52
1782672322276,4,0,0,125.63
1782672322276,5,0,0,123.27
1782672322276,6,0,0,122.71
1782672322276,7,0,0,128.22
1782672322483,0,0,0,122.17
1782672322483,1,0,0,112.07
1782672322483,2,0,0,120.39
1782672322483,3,0,0,124.52
1782672322483,4,0,0,124.32
1782672322483,5,0,0,123.26
1782672322483,6,0,0,122.41
1782672322483,7,0,0,122.90
