timestamp_ms,gpu_index,gpu_util_pct,mem_util_pct,power_w
1782642029826,0,0,0,71.68
1782642029826,1,0,0,70.17
1782642029826,2,0,0,66.69
1782642029826,3,0,0,73.17
1782642029826,4,0,0,73.37
1782642029826,5,0,0,72.00
1782642029826,6,0,0,68.55
1782642029826,7,0,0,71.59
1782642030070,0,0,0,71.69
1782642030070,1,0,0,70.18
1782642030070,2,0,0,66.68
1782642030070,3,0,0,73.14
1782642030070,4,0,0,73.36
1782642030070,5,0,0,71.97
1782642030070,6,0,0,68.44
1782642030070,7,0,0,71.59
1782642030316,0,0,0,71.69
1782642030316,1,0,0,70.19
1782642030316,2,0,0,66.70
1782642030316,3,0,0,73.16
1782642030316,4,0,0,73.35
1782642030316,5,0,0,72.01
1782642030316,6,0,0,68.40
1782642030316,7,0,0,71.60
1782642030561,0,0,0,71.69
1782642030561,1,0,0,70.18
1782642030561,2,0,0,66.70
1782642030561,3,0,0,73.18
1782642030561,4,0,0,73.35
1782642030561,5,0,0,72.00
1782642030561,6,0,0,68.54
1782642030561,7,0,0,71.61
1782642030804,0,0,0,71.68
1782642030804,1,0,0,70.23
1782642030804,2,0,0,66.69
1782642030804,3,0,0,73.19
1782642030804,4,0,0,73.38
1782642030804,5,0,0,71.99
1782642030804,6,0,0,68.39
1782642030804,7,0,0,71.62
1782642031049,0,0,0,71.68
1782642031049,1,0,0,70.22
1782642031049,2,0,0,66.67
1782642031049,3,0,0,73.19
1782642031049,4,0,0,73.41
1782642031049,5,0,0,72.03
1782642031049,6,0,0,68.51
1782642031049,7,0,0,71.61
1782642031295,0,0,0,71.66
1782642031295,1,0,0,70.25
1782642031295,2,0,0,66.66
1782642031295,3,0,0,73.17
1782642031295,4,0,0,73.40
1782642031295,5,0,0,72.05
1782642031295,6,0,0,68.39
1782642031295,7,0,0,71.61
1782642031540,0,0,0,71.66
1782642031540,1,0,0,70.26
1782642031540,2,0,0,66.66
1782642031540,3,0,0,73.13
1782642031540,4,0,0,73.39
1782642031540,5,0,0,72.01
1782642031540,6,0,0,68.42
1782642031540,7,0,0,71.60
1782642031785,0,0,0,71.66
1782642031785,1,0,0,70.23
1782642031785,2,0,0,66.64
1782642031785,3,0,0,73.12
1782642031785,4,0,0,73.36
1782642031785,5,0,0,72.06
1782642031785,6,0,0,68.49
1782642031785,7,0,0,71.62
1782642032550,0,0,0,71.60
1782642032550,1,0,0,70.28
1782642032550,2,0,0,66.64
1782642032550,3,0,0,73.13
1782642032550,4,0,0,73.35
1782642032550,5,0,0,72.06
1782642032550,6,0,0,68.40
1782642032550,7,0,0,71.60
1782642033397,0,0,0,71.64
1782642033397,1,0,0,70.23
1782642033397,2,0,0,66.64
1782642033397,3,0,0,73.14
1782642033397,4,0,0,73.38
1782642033397,5,0,0,72.08
1782642033397,6,0,0,68.54
1782642033397,7,0,0,71.55
1782642034796,0,0,0,71.62
1782642034796,1,0,0,70.24
1782642034796,2,0,0,66.62
1782642034796,3,0,0,73.16
1782642034796,4,0,0,73.33
1782642034796,5,0,0,72.01
1782642034796,6,0,0,68.56
1782642034796,7,0,0,71.62
1782642035041,0,0,0,71.60
1782642035041,1,0,0,70.25
1782642035041,2,0,0,66.63
1782642035041,3,0,0,73.14
1782642035041,4,0,0,73.34
1782642035041,5,0,0,72.00
1782642035041,6,0,0,68.55
1782642035041,7,0,0,71.61
1782642035285,0,0,0,71.60
1782642035285,1,0,0,70.23
1782642035285,2,0,0,66.65
1782642035285,3,0,0,73.16
1782642035285,4,0,0,73.33
1782642035285,5,0,0,72.03
1782642035285,6,0,0,68.44
1782642035285,7,0,0,71.60
1782642035530,0,0,0,71.61
1782642035530,1,0,0,70.21
1782642035530,2,0,0,66.67
1782642035530,3,0,0,73.17
1782642035530,4,0,0,73.35
1782642035530,5,0,0,72.01
1782642035530,6,0,0,68.54
1782642035530,7,0,0,71.58
1782642035775,0,0,0,71.62
1782642035775,1,0,0,70.22
1782642035775,2,0,0,66.67
1782642035775,3,0,0,73.16
1782642035775,4,0,0,73.33
1782642035775,5,0,0,72.02
1782642035775,6,0,0,68.40
1782642035775,7,0,0,71.59
1782642036021,0,0,0,71.62
1782642036021,1,0,0,70.21
1782642036021,2,0,0,66.67
1782642036021,3,0,0,73.15
1782642036021,4,0,0,73.32
1782642036021,5,0,0,72.02
1782642036021,6,0,0,68.54
1782642036021,7,0,0,71.59
1782642036266,0,0,0,71.66
1782642036266,1,0,0,70.20
1782642036266,2,0,0,66.68
1782642036266,3,0,0,73.16
1782642036266,4,0,0,73.34
1782642036266,5,0,0,72.03
1782642036266,6,0,0,68.49
1782642036266,7,0,0,71.57
1782642036512,0,0,0,71.64
1782642036512,1,0,0,70.22
1782642036512,2,0,0,66.67
1782642036512,3,0,0,73.16
1782642036512,4,0,0,73.33
1782642036512,5,0,0,72.04
1782642036512,6,0,0,68.49
1782642036512,7,0,0,71.59
1782642036758,0,0,0,71.64
1782642036758,1,0,0,70.20
1782642036758,2,0,0,66.66
1782642036758,3,0,0,73.17
1782642036758,4,0,0,73.35
1782642036758,5,0,0,72.08
1782642036758,6,0,0,68.57
1782642036758,7,0,0,71.59
1782642037002,0,0,0,71.60
1782642037002,1,0,0,70.19
1782642037002,2,0,0,66.67
1782642037002,3,0,0,73.18
1782642037002,4,0,0,73.36
1782642037002,5,0,0,72.05
1782642037002,6,0,0,68.42
1782642037002,7,0,0,71.57
1782642037246,0,0,0,71.60
1782642037246,1,0,0,70.21
1782642037246,2,0,0,66.63
1782642037246,3,0,0,73.20
1782642037246,4,0,0,73.36
1782642037246,5,0,0,72.01
1782642037246,6,0,0,68.46
1782642037246,7,0,0,71.60
1782642037533,0,0,0,71.55
1782642037533,1,0,0,70.20
1782642037533,2,0,0,66.64
1782642037533,3,0,0,73.19
1782642037533,4,0,0,73.35
1782642037533,5,0,0,72.05
1782642037533,6,0,0,68.50
1782642037533,7,0,0,71.59
1782642037872,0,0,0,71.61
1782642037872,1,0,0,70.22
1782642037872,2,0,0,66.62
1782642037872,3,0,0,73.13
1782642037872,4,0,0,73.36
1782642037872,5,0,0,72.03
1782642037872,6,0,0,68.48
1782642037872,7,0,0,71.61
1782642038663,0,0,0,71.61
1782642038663,1,0,0,70.24
1782642038663,2,0,0,66.62
1782642038663,3,0,0,73.13
1782642038663,4,0,0,73.36
1782642038663,5,0,0,72.03
1782642038663,6,0,0,68.38
1782642038663,7,0,0,71.60
1782642038907,0,0,0,71.61
1782642038907,1,0,0,70.21
1782642038907,2,0,0,66.63
1782642038907,3,0,0,73.12
1782642038907,4,0,0,73.35
1782642038907,5,0,0,72.08
1782642038907,6,0,0,68.50
1782642038907,7,0,0,71.59
1782642039152,0,0,0,71.57
1782642039152,1,0,0,70.21
1782642039152,2,0,0,66.62
1782642039152,3,0,0,73.10
1782642039152,4,0,0,73.33
1782642039152,5,0,0,72.06
1782642039152,6,0,0,68.52
1782642039152,7,0,0,71.59
1782642039396,0,0,0,71.55
1782642039396,1,0,0,70.23
1782642039396,2,0,0,66.63
1782642039396,3,0,0,73.11
1782642039396,4,0,0,73.33
1782642039396,5,0,0,72.02
1782642039396,6,0,0,68.42
1782642039396,7,0,0,71.58
1782642039642,0,0,0,71.57
1782642039642,1,0,0,70.23
1782642039642,2,0,0,66.63
1782642039642,3,0,0,73.12
1782642039642,4,0,0,73.34
1782642039642,5,0,0,72.08
1782642039642,6,0,0,68.54
1782642039642,7,0,0,71.58
1782642039887,0,0,0,71.58
1782642039887,1,0,0,70.25
1782642039887,2,0,0,66.61
1782642039887,3,0,0,73.12
1782642039887,4,0,0,73.32
1782642039887,5,0,0,72.05
1782642039887,6,0,0,68.40
1782642039887,7,0,0,71.58
1782642040133,0,0,0,71.61
1782642040133,1,0,0,70.21
1782642040133,2,0,0,66.62
1782642040133,3,0,0,73.16
1782642040133,4,0,0,73.30
1782642040133,5,0,0,72.04
1782642040133,6,0,0,68.47
1782642040133,7,0,0,71.56
1782642040376,0,0,0,71.65
1782642040376,1,0,0,70.22
1782642040376,2,0,0,66.62
1782642040376,3,0,0,73.13
1782642040376,4,0,0,73.32
1782642040376,5,0,0,72.07
1782642040376,6,0,0,68.50
1782642040376,7,0,0,71.55
1782642040619,0,0,0,71.64
1782642040619,1,0,0,70.21
1782642040619,2,0,0,66.60
1782642040619,3,0,0,73.14
1782642040619,4,0,0,73.31
1782642040619,5,0,0,72.04
1782642040619,6,0,0,68.46
1782642040619,7,0,0,71.56
1782642040863,0,0,0,71.64
1782642040863,1,0,0,70.20
1782642040863,2,0,0,66.61
1782642040863,3,0,0,73.15
1782642040863,4,0,0,73.31
1782642040863,5,0,0,71.99
1782642040863,6,0,0,68.57
1782642040863,7,0,0,71.55
1782642041107,0,0,0,71.62
1782642041107,1,0,0,70.19
1782642041107,2,0,0,66.62
1782642041107,3,0,0,73.14
1782642041107,4,0,0,73.34
1782642041107,5,0,0,72.04
1782642041107,6,0,0,68.40
1782642041107,7,0,0,71.55
1782642041350,0,0,0,71.61
1782642041350,1,0,0,70.15
1782642041350,2,0,0,66.62
1782642041350,3,0,0,73.14
1782642041350,4,0,0,73.33
1782642041350,5,0,0,72.00
1782642041350,6,0,0,68.52
1782642041350,7,0,0,71.56
1782642041595,0,0,0,71.60
1782642041595,1,0,0,70.18
1782642041595,2,0,0,66.64
1782642041595,3,0,0,73.14
1782642041595,4,0,0,73.34
1782642041595,5,0,0,71.94
1782642041595,6,0,0,68.46
1782642041595,7,0,0,71.56
1782642041841,0,0,0,71.59
1782642041841,1,0,0,70.18
1782642041841,2,0,0,66.64
1782642041841,3,0,0,73.14
1782642041841,4,0,0,73.34
1782642041841,5,0,0,71.98
1782642041841,6,0,0,68.40
1782642041841,7,0,0,71.57
1782642042090,0,0,0,71.62
1782642042090,1,0,0,70.20
1782642042090,2,0,0,66.64
1782642042090,3,0,0,73.12
1782642042090,4,0,0,73.34
1782642042090,5,0,0,71.98
1782642042090,6,0,0,68.55
1782642042090,7,0,0,71.56
1782642042347,0,0,0,71.64
1782642042347,1,0,0,70.19
1782642042347,2,0,0,66.64
1782642042347,3,0,0,73.14
1782642042347,4,0,0,73.34
1782642042347,5,0,0,71.97
1782642042347,6,0,0,68.42
1782642042347,7,0,0,71.56
1782642042614,0,0,0,71.63
1782642042614,1,0,0,70.20
1782642042614,2,0,0,66.65
1782642042614,3,0,0,73.15
1782642042614,4,0,0,73.34
1782642042614,5,0,0,71.97
1782642042614,6,0,0,68.41
1782642042614,7,0,0,71.58
1782642042884,0,0,0,71.64
1782642042884,1,0,0,70.17
1782642042884,2,0,0,66.64
1782642042884,3,0,0,73.12
1782642042884,4,0,0,73.33
1782642042884,5,0,0,71.97
1782642042884,6,0,0,68.53
1782642042884,7,0,0,71.57
1782642043144,0,0,0,71.58
1782642043144,1,0,0,70.17
1782642043144,2,0,0,66.62
1782642043144,3,0,0,73.14
1782642043144,4,0,0,73.34
1782642043144,5,0,0,71.96
1782642043144,6,0,0,68.40
1782642043144,7,0,0,71.58
1782642043394,0,0,0,71.59
1782642043394,1,0,0,70.20
1782642043394,2,0,0,66.63
1782642043394,3,0,0,73.16
1782642043394,4,0,0,73.34
1782642043394,5,0,0,71.95
1782642043394,6,0,0,68.50
1782642043394,7,0,0,71.59
1782642043645,0,0,0,71.54
1782642043645,1,0,0,70.20
1782642043645,2,0,0,66.62
1782642043645,3,0,0,73.14
1782642043645,4,0,0,73.36
1782642043645,5,0,0,71.98
1782642043645,6,0,0,68.46
1782642043645,7,0,0,71.57
1782642043944,0,0,0,71.54
1782642043944,1,0,0,70.22
1782642043944,2,0,0,66.63
1782642043944,3,0,0,73.16
1782642043944,4,0,0,73.35
1782642043944,5,0,0,72.03
1782642043944,6,0,0,68.36
1782642043944,7,0,0,71.58
1782642044192,0,0,0,71.55
1782642044192,1,0,0,70.20
1782642044192,2,0,0,66.62
1782642044192,3,0,0,73.15
1782642044192,4,0,0,73.35
1782642044192,5,0,0,72.01
1782642044192,6,0,0,68.49
1782642044192,7,0,0,71.57
1782642044441,0,0,0,71.54
1782642044441,1,0,0,70.22
1782642044441,2,0,0,66.62
1782642044441,3,0,0,73.11
1782642044441,4,0,0,73.34
1782642044441,5,0,0,71.96
1782642044441,6,0,0,68.43
1782642044441,7,0,0,71.56
1782642044689,0,0,0,71.56
1782642044689,1,0,0,70.23
1782642044689,2,0,0,66.61
1782642044689,3,0,0,73.12
1782642044689,4,0,0,73.33
1782642044689,5,0,0,72.04
1782642044689,6,0,0,68.42
1782642044689,7,0,0,71.55
1782642044936,0,0,0,71.57
1782642044936,1,0,0,70.21
1782642044936,2,0,0,66.61
1782642044936,3,0,0,73.11
1782642044936,4,0,0,73.34
1782642044936,5,0,0,72.01
1782642044936,6,0,0,68.49
1782642044936,7,0,0,71.55
1782642045185,0,0,0,71.53
1782642045185,1,0,0,70.22
1782642045185,2,0,0,66.62
1782642045185,3,0,0,73.12
1782642045185,4,0,0,73.35
1782642045185,5,0,0,71.96
1782642045185,6,0,0,68.38
1782642045185,7,0,0,71.55
1782642045434,0,0,0,71.50
1782642045434,1,0,0,70.19
1782642045434,2,0,0,66.61
1782642045434,3,0,0,73.11
1782642045434,4,0,0,73.38
1782642045434,5,0,0,72.04
1782642045434,6,0,0,68.48
1782642045434,7,0,0,71.56
1782642045683,0,0,0,71.51
1782642045683,1,0,0,70.19
1782642045683,2,0,0,66.61
1782642045683,3,0,0,73.10
1782642045683,4,0,0,73.35
1782642045683,5,0,0,72.02
1782642045683,6,0,0,68.43
1782642045683,7,0,0,71.57
1782642045932,0,0,0,71.52
1782642045932,1,0,0,70.22
1782642045932,2,0,0,66.59
1782642045932,3,0,0,73.13
1782642045932,4,0,0,73.35
1782642045932,5,0,0,72.00
1782642045932,6,0,0,68.41
1782642045932,7,0,0,71.56
1782642046182,0,0,0,71.56
1782642046182,1,0,0,70.22
1782642046182,2,0,0,66.59
1782642046182,3,0,0,73.14
1782642046182,4,0,0,73.32
1782642046182,5,0,0,72.03
1782642046182,6,0,0,68.53
1782642046182,7,0,0,71.56
1782642046563,0,0,0,71.59
1782642046563,1,0,0,70.23
1782642046563,2,0,0,66.60
1782642046563,3,0,0,73.15
1782642046563,4,0,0,73.30
1782642046563,5,0,0,72.00
1782642046563,6,0,0,68.54
1782642046563,7,0,0,71.54
1782642046811,0,0,0,71.61
1782642046811,1,0,0,70.22
1782642046811,2,0,0,66.60
1782642046811,3,0,0,73.13
1782642046811,4,0,0,73.32
1782642046811,5,0,0,72.04
1782642046811,6,0,0,68.44
1782642046811,7,0,0,71.52
1782642047061,0,0,0,71.62
1782642047061,1,0,0,70.20
1782642047061,2,0,0,66.62
1782642047061,3,0,0,73.12
1782642047061,4,0,0,73.30
1782642047061,5,0,0,72.02
1782642047061,6,0,0,68.53
1782642047061,7,0,0,71.54
1782642047310,0,0,0,71.62
1782642047310,1,0,0,70.17
1782642047310,2,0,0,66.62
1782642047310,3,0,0,73.12
1782642047310,4,0,0,73.31
1782642047310,5,0,0,71.98
1782642047310,6,0,0,68.38
1782642047310,7,0,0,71.52
1782642047560,0,0,0,71.60
1782642047560,1,0,0,70.14
1782642047560,2,0,0,66.62
1782642047560,3,0,0,73.12
1782642047560,4,0,0,73.30
1782642047560,5,0,0,72.02
1782642047560,6,0,0,68.41
1782642047560,7,0,0,71.53
1782642047808,0,0,0,71.58
1782642047808,1,0,0,70.17
1782642047808,2,0,0,66.63
1782642047808,3,0,0,73.14
1782642047808,4,0,0,73.27
1782642047808,5,0,0,71.99
1782642047808,6,0,0,68.46
1782642047808,7,0,0,71.55
1782642048058,0,0,0,71.55
1782642048058,1,0,0,70.16
1782642048058,2,0,0,66.60
1782642048058,3,0,0,73.15
1782642048058,4,0,0,73.28
1782642048058,5,0,0,71.95
1782642048058,6,0,0,68.40
1782642048058,7,0,0,71.55
1782642048308,0,0,0,71.57
1782642048308,1,0,0,70.15
1782642048308,2,0,0,66.63
1782642048308,3,0,0,73.13
1782642048308,4,0,0,73.28
1782642048308,5,0,0,71.99
1782642048308,6,0,0,68.55
1782642048308,7,0,0,71.57
1782642048558,0,0,0,71.58
1782642048558,1,0,0,70.16
1782642048558,2,0,0,66.63
1782642048558,3,0,0,73.12
1782642048558,4,0,0,73.30
1782642048558,5,0,0,71.96
1782642048558,6,0,0,68.46
1782642048558,7,0,0,71.57
1782642048807,0,0,0,71.58
1782642048807,1,0,0,70.17
1782642048807,2,0,0,66.62
1782642048807,3,0,0,73.14
1782642048807,4,0,0,73.29
1782642048807,5,0,0,71.91
1782642048807,6,0,0,68.45
1782642048807,7,0,0,71.56
1782642049056,0,0,0,71.58
1782642049056,1,0,0,70.19
1782642049056,2,0,0,66.65
1782642049056,3,0,0,73.14
1782642049056,4,0,0,73.28
1782642049056,5,0,0,71.90
1782642049056,6,0,0,68.50
1782642049056,7,0,0,71.56
1782642049304,0,0,0,71.54
1782642049304,1,0,0,70.17
1782642049304,2,0,0,66.61
1782642049304,3,0,0,73.12
1782642049304,4,0,0,73.28
1782642049304,5,0,0,71.95
1782642049304,6,0,0,68.49
1782642049304,7,0,0,71.55
1782642049727,0,0,0,71.51
1782642049727,1,0,0,70.17
1782642049727,2,0,0,66.55
1782642049727,3,0,0,73.12
1782642049727,4,0,0,73.32
1782642049727,5,0,0,71.97
1782642049727,6,0,0,68.41
1782642049727,7,0,0,71.56
1782642050465,0,0,0,71.53
1782642050465,1,0,0,70.18
1782642050465,2,0,0,66.58
1782642050465,3,0,0,73.09
1782642050465,4,0,0,73.34
1782642050465,5,0,0,72.00
1782642050465,6,0,0,68.43
1782642050465,7,0,0,71.55
1782642050714,0,0,0,71.56
1782642050714,1,0,0,70.20
1782642050714,2,0,0,66.57
1782642050714,3,0,0,73.11
1782642050714,4,0,0,73.32
1782642050714,5,0,0,71.99
1782642050714,6,0,0,68.47
1782642050714,7,0,0,71.57
1782642050963,0,0,0,71.55
1782642050963,1,0,0,70.18
1782642050963,2,0,0,66.60
1782642050963,3,0,0,73.09
1782642050963,4,0,0,73.34
1782642050963,5,0,0,71.95
1782642050963,6,0,0,68.35
1782642050963,7,0,0,71.57
1782642051213,0,0,0,71.54
1782642051213,1,0,0,70.20
1782642051213,2,0,0,66.60
1782642051213,3,0,0,73.09
1782642051213,4,0,0,73.33
1782642051213,5,0,0,71.94
1782642051213,6,0,0,68.46
1782642051213,7,0,0,71.57
1782642051465,0,0,0,71.53
1782642051465,1,0,0,70.21
1782642051465,2,0,0,66.58
1782642051465,3,0,0,73.11
1782642051465,4,0,0,73.31
1782642051465,5,0,0,71.98
1782642051465,6,0,0,68.38
1782642051465,7,0,0,71.57
1782642051715,0,0,0,71.50
1782642051715,1,0,0,70.22
1782642051715,2,0,0,66.57
1782642051715,3,0,0,73.13
1782642051715,4,0,0,73.34
1782642051715,5,0,0,71.99
1782642051715,6,0,0,68.38
1782642051715,7,0,0,71.55
1782642052034,0,0,0,71.50
1782642052034,1,0,0,70.24
1782642052034,2,0,0,66.57
1782642052034,3,0,0,73.11
1782642052034,4,0,0,73.35
1782642052034,5,0,0,71.99
1782642052034,6,0,0,68.41
1782642052034,7,0,0,71.54
1782642052323,0,0,0,71.51
1782642052323,1,0,0,70.24
1782642052323,2,0,0,66.57
1782642052323,3,0,0,73.11
1782642052323,4,0,0,73.34
1782642052323,5,0,0,71.97
1782642052323,6,0,0,68.48
1782642052323,7,0,0,71.53
1782642052572,0,0,0,71.52
1782642052572,1,0,0,70.25
1782642052572,2,0,0,66.57
1782642052572,3,0,0,73.13
1782642052572,4,0,0,73.30
1782642052572,5,0,0,72.04
1782642052572,6,0,0,68.37
1782642052572,7,0,0,71.52
1782642052822,0,0,0,71.55
1782642052822,1,0,0,70.19
1782642052822,2,0,0,66.57
1782642052822,3,0,0,73.10
1782642052822,4,0,0,73.28
1782642052822,5,0,0,72.00
1782642052822,6,0,0,68.53
1782642052822,7,0,0,71.52
1782642053071,0,0,0,71.58
1782642053071,1,0,0,70.21
1782642053071,2,0,0,66.59
1782642053071,3,0,0,73.12
1782642053071,4,0,0,73.26
1782642053071,5,0,0,71.96
1782642053071,6,0,0,68.38
1782642053071,7,0,0,71.52
1782642053319,0,0,0,71.59
1782642053319,1,0,0,70.17
1782642053319,2,0,0,66.59
1782642053319,3,0,0,73.14
1782642053319,4,0,0,73.25
1782642053319,5,0,0,71.99
1782642053319,6,0,0,68.45
1782642053319,7,0,0,71.52
1782642053568,0,0,0,71.59
1782642053568,1,0,0,70.15
1782642053568,2,0,0,66.60
1782642053568,3,0,0,73.12
1782642053568,4,0,0,73.22
1782642053568,5,0,0,71.99
1782642053568,6,0,0,68.43
1782642053568,7,0,0,71.54
1782642053814,0,0,0,71.59
1782642053814,1,0,0,70.15
1782642053814,2,0,0,66.61
1782642053814,3,0,0,73.14
1782642053814,4,0,0,73.24
1782642053814,5,0,0,71.95
1782642053814,6,0,0,68.35
1782642053814,7,0,0,71.53
1782642054064,0,0,0,71.56
1782642054064,1,0,0,70.14
1782642054064,2,0,0,66.60
1782642054064,3,0,0,73.14
1782642054064,4,0,0,73.26
1782642054064,5,0,0,71.98
1782642054064,6,0,0,68.51
1782642054064,7,0,0,71.54
1782642054314,0,0,0,71.55
1782642054314,1,0,0,70.17
1782642054314,2,0,0,66.60
1782642054314,3,0,0,73.14
1782642054314,4,0,0,73.28
1782642054314,5,0,0,71.98
1782642054314,6,0,0,68.52
1782642054314,7,0,0,71.55
1782642054645,0,0,0,71.57
1782642054645,1,0,0,70.17
1782642054645,2,0,0,66.61
1782642054645,3,0,0,73.14
1782642054645,4,0,0,73.27
1782642054645,5,0,0,71.95
1782642054645,6,0,0,68.40
1782642054645,7,0,0,71.55
1782642054954,0,0,0,71.56
1782642054954,1,0,0,70.17
1782642054954,2,0,0,66.61
1782642054954,3,0,0,73.16
1782642054954,4,0,0,73.29
1782642054954,5,0,0,71.98
1782642054954,6,0,0,68.49
1782642054954,7,0,0,71.52
1782642055256,0,0,0,71.53
1782642055256,1,0,0,70.15
1782642055256,2,0,0,66.59
1782642055256,3,0,0,73.14
1782642055256,4,0,0,73.31
1782642055256,5,0,0,71.93
1782642055256,6,0,0,68.49
1782642055256,7,0,0,71.53
1782642055507,0,0,0,71.54
1782642055507,1,0,0,70.15
1782642055507,2,0,0,66.62
1782642055507,3,0,0,73.15
1782642055507,4,0,0,73.29
1782642055507,5,0,0,71.92
1782642055507,6,0,0,68.39
1782642055507,7,0,0,71.54
1782642055757,0,0,0,71.48
1782642055757,1,0,0,70.14
1782642055757,2,0,0,66.58
1782642055757,3,0,0,73.16
1782642055757,4,0,0,73.32
1782642055757,5,0,0,71.96
1782642055757,6,0,0,68.47
1782642055757,7,0,0,71.52
1782642056007,0,0,0,71.48
1782642056007,1,0,0,70.14
1782642056007,2,0,0,66.57
1782642056007,3,0,0,73.16
1782642056007,4,0,0,73.31
1782642056007,5,0,0,71.98
1782642056007,6,0,0,68.46
1782642056007,7,0,0,71.53
1782642056256,0,0,0,71.46
1782642056256,1,0,0,70.15
1782642056256,2,0,0,66.58
1782642056256,3,0,0,73.14
1782642056256,4,0,0,73.31
1782642056256,5,0,0,71.96
1782642056256,6,0,0,68.36
1782642056256,7,0,0,71.54
1782642056505,0,0,0,71.48
1782642056505,1,0,0,70.15
1782642056505,2,0,0,66.56
1782642056505,3,0,0,73.11
1782642056505,4,0,0,73.34
1782642056505,5,0,0,72.00
1782642056505,6,0,0,68.47
1782642056505,7,0,0,71.52
1782642056756,0,0,0,71.47
1782642056756,1,0,0,70.19
1782642056756,2,0,0,66.58
1782642056756,3,0,0,73.10
1782642056756,4,0,0,73.31
1782642056756,5,0,0,71.99
1782642056756,6,0,0,68.34
1782642056756,7,0,0,71.55
1782642057005,0,0,0,71.51
1782642057005,1,0,0,70.24
1782642057005,2,0,0,66.58
1782642057005,3,0,0,73.08
1782642057005,4,0,0,73.30
1782642057005,5,0,0,71.96
1782642057005,6,0,0,68.37
1782642057005,7,0,0,71.56
1782642057255,0,0,0,71.53
1782642057255,1,0,0,70.25
1782642057255,2,0,0,66.57
1782642057255,3,0,0,73.07
1782642057255,4,0,0,73.31
1782642057255,5,0,0,72.01
1782642057255,6,0,0,68.43
1782642057255,7,0,0,71.57
1782642057504,0,0,0,71.55
1782642057504,1,0,0,70.28
1782642057504,2,0,0,66.58
1782642057504,3,0,0,73.09
1782642057504,4,0,0,73.30
1782642057504,5,0,0,72.02
1782642057504,6,0,0,68.35
1782642057504,7,0,0,71.57
1782642057754,0,0,0,71.54
1782642057754,1,0,0,70.28
1782642057754,2,0,0,66.57
1782642057754,3,0,0,73.07
1782642057754,4,0,0,73.31
1782642057754,5,0,0,71.98
1782642057754,6,0,0,68.50
1782642057754,7,0,0,71.55
1782642058004,0,0,0,71.54
1782642058004,1,0,0,70.30
1782642058004,2,0,0,66.57
1782642058004,3,0,0,73.07
1782642058004,4,0,0,73.32
1782642058004,5,0,0,71.97
1782642058004,6,0,0,68.43
1782642058004,7,0,0,71.56
1782642058254,0,0,0,71.49
1782642058254,1,0,0,70.29
1782642058254,2,0,0,66.57
1782642058254,3,0,0,73.10
1782642058254,4,0,0,73.31
1782642058254,5,0,0,72.01
1782642058254,6,0,0,68.44
1782642058254,7,0,0,71.54
1782642058503,0,0,0,71.50
1782642058503,1,0,0,70.27
1782642058503,2,0,0,66.55
1782642058503,3,0,0,73.10
1782642058503,4,0,0,73.31
1782642058503,5,0,0,71.97
1782642058503,6,0,0,68.50
1782642058503,7,0,0,71.52
1782642058753,0,0,0,71.50
1782642058753,1,0,0,70.27
1782642058753,2,0,0,66.56
1782642058753,3,0,0,73.11
1782642058753,4,0,0,73.28
1782642058753,5,0,0,71.99
1782642058753,6,0,0,68.38
1782642058753,7,0,0,71.52
1782642059001,0,0,0,71.54
1782642059001,1,0,0,70.26
1782642059001,2,0,0,66.57
1782642059001,3,0,0,73.11
1782642059001,4,0,0,73.28
1782642059001,5,0,0,72.03
1782642059001,6,0,0,68.48
1782642059001,7,0,0,71.51
1782642059266,0,0,0,71.58
1782642059266,1,0,0,70.25
1782642059266,2,0,0,66.59
1782642059266,3,0,0,73.11
1782642059266,4,0,0,73.27
1782642059266,5,0,0,72.01
1782642059266,6,0,0,68.50
1782642059266,7,0,0,71.51
1782642059632,0,0,0,71.60
1782642059632,1,0,0,70.25
1782642059632,2,0,0,66.61
1782642059632,3,0,0,73.10
1782642059632,4,0,0,73.26
1782642059632,5,0,0,72.00
1782642059632,6,0,0,68.37
1782642059632,7,0,0,71.53
1782642059905,0,0,0,71.60
1782642059905,1,0,0,70.24
1782642059905,2,0,0,66.60
1782642059905,3,0,0,73.08
1782642059905,4,0,0,73.25
1782642059905,5,0,0,71.97
1782642059905,6,0,0,68.39
1782642059905,7,0,0,71.51
1782642060155,0,0,0,71.59
1782642060155,1,0,0,70.25
1782642060155,2,0,0,66.60
1782642060155,3,0,0,73.11
1782642060155,4,0,0,73.22
1782642060155,5,0,0,72.00
1782642060155,6,0,0,68.46
1782642060155,7,0,0,71.52
1782642060405,0,0,0,71.56
1782642060405,1,0,0,70.25
1782642060405,2,0,0,66.60
1782642060405,3,0,0,73.12
1782642060405,4,0,0,73.21
1782642060405,5,0,0,71.98
1782642060405,6,0,0,68.33
1782642060405,7,0,0,71.52
1782642060655,0,0,0,71.53
1782642060655,1,0,0,70.25
1782642060655,2,0,0,66.60
1782642060655,3,0,0,73.09
1782642060655,4,0,0,73.21
1782642060655,5,0,0,71.93
1782642060655,6,0,0,68.41
1782642060655,7,0,0,71.52
1782642060967,0,0,0,71.50
1782642060967,1,0,0,70.24
1782642060967,2,0,0,66.62
1782642060967,3,0,0,73.10
1782642060967,4,0,0,73.23
1782642060967,5,0,0,71.90
1782642060967,6,0,0,68.44
1782642060967,7,0,0,71.53
1782642061217,0,0,0,71.51
1782642061217,1,0,0,70.22
1782642061217,2,0,0,66.62
1782642061217,3,0,0,73.13
1782642061217,4,0,0,73.24
1782642061217,5,0,0,71.96
1782642061217,6,0,0,68.34
1782642061217,7,0,0,71.51
1782642061466,0,0,0,71.50
1782642061466,1,0,0,70.26
1782642061466,2,0,0,66.60
1782642061466,3,0,0,73.13
1782642061466,4,0,0,73.27
1782642061466,5,0,0,71.98
1782642061466,6,0,0,68.50
1782642061466,7,0,0,71.51
1782642061714,0,0,0,71.53
1782642061714,1,0,0,70.28
1782642061714,2,0,0,66.57
1782642061714,3,0,0,73.12
1782642061714,4,0,0,73.30
1782642061714,5,0,0,71.99
1782642061714,6,0,0,68.38
1782642061714,7,0,0,71.51
1782642061965,0,0,0,71.52
1782642061965,1,0,0,70.26
1782642061965,2,0,0,66.52
1782642061965,3,0,0,73.13
1782642061965,4,0,0,73.31
1782642061965,5,0,0,71.97
1782642061965,6,0,0,68.42
1782642061965,7,0,0,71.51
1782642062215,0,0,0,71.49
1782642062215,1,0,0,70.29
1782642062215,2,0,0,66.47
1782642062215,3,0,0,73.10
1782642062215,4,0,0,73.32
1782642062215,5,0,0,72.00
1782642062215,6,0,0,68.46
1782642062215,7,0,0,71.52
1782642062463,0,0,0,71.49
1782642062463,1,0,0,70.29
1782642062463,2,0,0,66.43
1782642062463,3,0,0,73.12
1782642062463,4,0,0,73.32
1782642062463,5,0,0,71.98
1782642062463,6,0,0,68.34
1782642062463,7,0,0,71.53
1782642062955,0,0,0,71.50
1782642062955,1,0,0,70.30
1782642062955,2,0,0,66.39
1782642062955,3,0,0,73.09
1782642062955,4,0,0,73.28
1782642062955,5,0,0,72.00
1782642062955,6,0,0,68.41
1782642062955,7,0,0,71.56
1782642063463,0,0,0,71.53
1782642063463,1,0,0,70.29
1782642063463,2,0,0,66.36
1782642063463,3,0,0,73.06
1782642063463,4,0,0,73.28
1782642063463,5,0,0,71.97
1782642063463,6,0,0,68.47
1782642063463,7,0,0,71.55
1782642063713,0,0,0,71.54
1782642063713,1,0,0,70.28
1782642063713,2,0,0,66.36
1782642063713,3,0,0,73.06
1782642063713,4,0,0,73.28
1782642063713,5,0,0,72.03
1782642063713,6,0,0,68.34
1782642063713,7,0,0,71.56
1782642063969,0,0,0,71.51
1782642063969,1,0,0,70.29
1782642063969,2,0,0,66.37
1782642063969,3,0,0,73.08
1782642063969,4,0,0,73.27
1782642063969,5,0,0,72.03
1782642063969,6,0,0,68.45
1782642063969,7,0,0,71.54
1782642064216,0,0,0,71.50
1782642064216,1,0,0,70.27
1782642064216,2,0,0,66.37
1782642064216,3,0,0,73.05
1782642064216,4,0,0,73.27
1782642064216,5,0,0,71.97
1782642064216,6,0,0,68.37
1782642064216,7,0,0,71.53
1782642064466,0,0,0,71.47
1782642064466,1,0,0,70.25
1782642064466,2,0,0,66.39
1782642064466,3,0,0,73.05
1782642064466,4,0,0,73.27
1782642064466,5,0,0,71.97
1782642064466,6,0,0,68.38
1782642064466,7,0,0,71.52
1782642064716,0,0,0,71.48
1782642064716,1,0,0,70.27
1782642064716,2,0,0,66.39
1782642064716,3,0,0,73.08
1782642064716,4,0,0,73.26
1782642064716,5,0,0,71.99
1782642064716,6,0,0,68.50
1782642064716,7,0,0,71.51
1782642065021,0,0,0,71.48
1782642065021,1,0,0,70.24
1782642065021,2,0,0,66.41
1782642065021,3,0,0,73.08
1782642065021,4,0,0,73.26
1782642065021,5,0,0,71.96
1782642065021,6,0,0,68.48
1782642065021,7,0,0,71.50
1782642065279,0,0,0,71.53
1782642065279,1,0,0,70.27
1782642065279,2,0,0,66.39
1782642065279,3,0,0,73.07
1782642065279,4,0,0,73.24
1782642065279,5,0,0,71.94
1782642065279,6,0,0,68.43
1782642065279,7,0,0,71.50
1782642065527,0,0,0,71.54
1782642065527,1,0,0,70.24
1782642065527,2,0,0,66.39
1782642065527,3,0,0,73.09
1782642065527,4,0,0,73.25
1782642065527,5,0,0,71.99
1782642065527,6,0,0,68.52
1782642065527,7,0,0,71.50
1782642065775,0,0,0,71.54
1782642065775,1,0,0,70.24
1782642065775,2,0,0,66.40
1782642065775,3,0,0,73.11
1782642065775,4,0,0,73.25
1782642065775,5,0,0,71.95
1782642065775,6,0,0,68.36
1782642065775,7,0,0,71.52
1782642066021,0,0,0,71.56
1782642066021,1,0,0,70.25
1782642066021,2,0,0,66.40
1782642066021,3,0,0,73.12
1782642066021,4,0,0,73.24
1782642066021,5,0,0,71.90
1782642066021,6,0,0,68.50
1782642066021,7,0,0,71.52
1782642066268,0,0,0,71.52
1782642066268,1,0,0,70.25
1782642066268,2,0,0,66.43
1782642066268,3,0,0,73.09
1782642066268,4,0,0,73.25
1782642066268,5,0,0,71.91
1782642066268,6,0,0,68.50
1782642066268,7,0,0,71.52
1782642066579,0,0,0,71.53
1782642066579,1,0,0,70.23
1782642066579,2,0,0,66.46
1782642066579,3,0,0,73.08
1782642066579,4,0,0,73.23
1782642066579,5,0,0,71.94
1782642066579,6,0,0,68.35
1782642066579,7,0,0,71.53
1782642066828,0,0,0,71.50
1782642066828,1,0,0,70.23
1782642066828,2,0,0,66.45
1782642066828,3,0,0,73.10
1782642066828,4,0,0,73.23
1782642066828,5,0,0,71.94
1782642066828,6,0,0,68.48
1782642066828,7,0,0,71.51
1782642067078,0,0,0,71.47
1782642067078,1,0,0,70.23
1782642067078,2,0,0,66.47
1782642067078,3,0,0,73.10
1782642067078,4,0,0,73.23
1782642067078,5,0,0,71.95
1782642067078,6,0,0,68.51
1782642067078,7,0,0,71.48
1782642067422,0,0,0,71.46
1782642067422,1,0,0,70.23
1782642067422,2,0,0,66.44
1782642067422,3,0,0,73.12
1782642067422,4,0,0,73.25
1782642067422,5,0,0,71.97
1782642067422,6,0,0,68.37
1782642067422,7,0,0,71.50
1782642067765,0,0,0,71.49
1782642067765,1,0,0,70.24
1782642067765,2,0,0,66.44
1782642067765,3,0,0,73.11
1782642067765,4,0,0,73.23
1782642067765,5,0,0,71.95
1782642067765,6,0,0,68.34
1782642067765,7,0,0,71.52
1782642068016,0,0,0,71.49
1782642068016,1,0,0,70.24
1782642068016,2,0,0,66.43
1782642068016,3,0,0,73.11
1782642068016,4,0,0,73.22
1782642068016,5,0,0,72.00
1782642068016,6,0,0,68.44
1782642068016,7,0,0,71.52
1782642068266,0,0,0,71.48
1782642068266,1,0,0,70.25
1782642068266,2,0,0,66.45
1782642068266,3,0,0,73.09
1782642068266,4,0,0,73.24
1782642068266,5,0,0,71.97
1782642068266,6,0,0,68.31
1782642068266,7,0,0,71.54
1782642068517,0,0,0,71.48
1782642068517,1,0,0,70.27
1782642068517,2,0,0,66.50
1782642068517,3,0,0,73.07
1782642068517,4,0,0,73.25
1782642068517,5,0,0,71.93
1782642068517,6,0,0,68.45
1782642068517,7,0,0,71.53
1782642068765,0,0,0,71.48
1782642068765,1,0,0,70.26
1782642068765,2,0,0,66.53
1782642068765,3,0,0,73.08
1782642068765,4,0,0,73.27
1782642068765,5,0,0,71.94
1782642068765,6,0,0,68.44
1782642068765,7,0,0,71.53
1782642069014,0,0,0,71.45
1782642069014,1,0,0,70.28
1782642069014,2,0,0,66.56
1782642069014,3,0,0,73.04
1782642069014,4,0,0,73.30
1782642069014,5,0,0,71.98
1782642069014,6,0,0,68.40
1782642069014,7,0,0,71.54
1782642069265,0,0,0,71.47
1782642069265,1,0,0,70.33
1782642069265,2,0,0,66.55
1782642069265,3,0,0,73.02
1782642069265,4,0,0,73.27
1782642069265,5,0,0,71.96
1782642069265,6,0,0,68.48
1782642069265,7,0,0,71.52
1782642069515,0,0,0,71.48
1782642069515,1,0,0,70.29
1782642069515,2,0,0,66.53
1782642069515,3,0,0,73.04
1782642069515,4,0,0,73.28
1782642069515,5,0,0,71.94
1782642069515,6,0,0,68.34
1782642069515,7,0,0,71.53
1782642069764,0,0,0,71.49
1782642069764,1,0,0,70.28
1782642069764,2,0,0,66.53
1782642069764,3,0,0,73.05
1782642069764,4,0,0,73.29
1782642069764,5,0,0,71.97
1782642069764,6,0,0,68.41
1782642069764,7,0,0,71.53
1782642070015,0,0,0,71.50
1782642070015,1,0,0,70.25
1782642070015,2,0,0,66.53
1782642070015,3,0,0,73.07
1782642070015,4,0,0,73.27
1782642070015,5,0,0,71.96
1782642070015,6,0,0,68.38
1782642070015,7,0,0,71.51
1782642070264,0,0,0,71.50
1782642070264,1,0,0,70.24
1782642070264,2,0,0,66.53
1782642070264,3,0,0,73.08
1782642070264,4,0,0,73.29
1782642070264,5,0,0,71.94
1782642070264,6,0,0,68.32
1782642070264,7,0,0,71.52
1782642070513,0,0,0,71.49
1782642070513,1,0,0,70.26
1782642070513,2,0,0,66.53
1782642070513,3,0,0,73.09
1782642070513,4,0,0,73.27
1782642070513,5,0,0,71.99
1782642070513,6,0,0,68.45
1782642070513,7,0,0,71.51
1782642070763,0,0,0,71.48
1782642070763,1,0,0,70.29
1782642070763,2,0,0,66.53
1782642070763,3,0,0,73.08
1782642070763,4,0,0,73.26
1782642070763,5,0,0,71.97
1782642070763,6,0,0,68.34
1782642070763,7,0,0,71.50
1782642071011,0,0,0,71.47
1782642071011,1,0,0,70.28
1782642071011,2,0,0,66.52
1782642071011,3,0,0,73.08
1782642071011,4,0,0,73.23
1782642071011,5,0,0,71.93
1782642071011,6,0,0,68.43
1782642071011,7,0,0,71.50
1782642071259,0,0,0,71.48
1782642071259,1,0,0,70.26
1782642071259,2,0,0,66.54
1782642071259,3,0,0,73.08
1782642071259,4,0,0,73.23
1782642071259,5,0,0,71.93
1782642071259,6,0,0,68.46
1782642071259,7,0,0,71.49
1782642071507,0,0,0,71.48
1782642071507,1,0,0,70.26
1782642071507,2,0,0,66.55
1782642071507,3,0,0,73.07
1782642071507,4,0,0,73.22
1782642071507,5,0,0,71.96
1782642071507,6,0,0,68.37
1782642071507,7,0,0,71.50
1782642071758,0,0,0,71.54
1782642071758,1,0,0,70.26
1782642071758,2,0,0,66.59
1782642071758,3,0,0,73.10
1782642071758,4,0,0,73.22
1782642071758,5,0,0,71.96
1782642071758,6,0,0,68.36
1782642071758,7,0,0,71.51
1782642072305,0,0,0,71.47
1782642072305,1,0,0,70.24
1782642072305,2,0,0,66.61
1782642072305,3,0,0,73.11
1782642072305,4,0,0,73.25
1782642072305,5,0,0,71.99
1782642072305,6,0,0,68.51
1782642072305,7,0,0,71.50
1782642073244,0,0,0,71.45
1782642073244,1,0,0,70.22
1782642073244,2,0,0,66.61
1782642073244,3,0,0,73.13
1782642073244,4,0,0,73.27
1782642073244,5,0,0,71.96
1782642073244,6,0,0,68.40
1782642073244,7,0,0,71.50
1782642073493,0,0,0,71.44
1782642073493,1,0,0,70.24
1782642073493,2,0,0,66.60
1782642073493,3,0,0,73.11
1782642073493,4,0,0,73.25
1782642073493,5,0,0,71.92
1782642073493,6,0,0,68.43
1782642073493,7,0,0,71.50
1782642073742,0,0,0,71.43
1782642073742,1,0,0,70.22
1782642073742,2,0,0,66.59
1782642073742,3,0,0,73.12
1782642073742,4,0,0,73.23
1782642073742,5,0,0,71.94
1782642073742,6,0,0,68.46
1782642073742,7,0,0,71.47
1782642073991,0,0,0,71.45
1782642073991,1,0,0,70.22
1782642073991,2,0,0,66.57
1782642073991,3,0,0,73.12
1782642073991,4,0,0,73.26
1782642073991,5,0,0,71.96
1782642073991,6,0,0,68.32
1782642073991,7,0,0,71.49
1782642074239,0,0,0,71.46
1782642074239,1,0,0,70.24
1782642074239,2,0,0,66.57
1782642074239,3,0,0,73.10
1782642074239,4,0,0,73.24
1782642074239,5,0,0,71.97
1782642074239,6,0,0,68.43
1782642074239,7,0,0,71.49
1782642074493,0,0,0,71.46
1782642074493,1,0,0,70.25
1782642074493,2,0,0,66.54
1782642074493,3,0,0,73.11
1782642074493,4,0,0,73.23
1782642074493,5,0,0,71.96
1782642074493,6,0,0,68.34
1782642074493,7,0,0,71.51
1782642074741,0,0,0,71.46
1782642074741,1,0,0,70.25
1782642074741,2,0,0,66.53
1782642074741,3,0,0,73.11
1782642074741,4,0,0,73.25
1782642074741,5,0,0,71.97
1782642074741,6,0,0,68.35
1782642074741,7,0,0,71.53
1782642074989,0,0,0,71.44
1782642074989,1,0,0,70.24
1782642074989,2,0,0,66.54
1782642074989,3,0,0,73.07
1782642074989,4,0,0,73.26
1782642074989,5,0,0,71.96
1782642074989,6,0,0,68.41
1782642074989,7,0,0,71.52
1782642075239,0,0,0,71.43
1782642075239,1,0,0,70.25
1782642075239,2,0,0,66.55
1782642075239,3,0,0,73.05
1782642075239,4,0,0,73.26
1782642075239,5,0,0,71.94
1782642075239,6,0,0,68.32
1782642075239,7,0,0,71.52
1782642075544,0,0,0,71.49
1782642075544,1,0,0,70.25
1782642075544,2,0,0,66.56
1782642075544,3,0,0,73.06
1782642075544,4,0,0,73.26
1782642075544,5,0,0,71.98
1782642075544,6,0,0,68.49
1782642075544,7,0,0,71.55
1782642076189,0,0,0,71.45
1782642076189,1,0,0,70.28
1782642076189,2,0,0,66.55
1782642076189,3,0,0,73.07
1782642076189,4,0,0,73.25
1782642076189,5,0,0,71.96
1782642076189,6,0,0,68.40
1782642076189,7,0,0,71.51
1782642076821,0,0,0,71.44
1782642076821,1,0,0,70.27
1782642076821,2,0,0,66.55
1782642076821,3,0,0,73.08
1782642076821,4,0,0,73.25
1782642076821,5,0,0,71.95
1782642076821,6,0,0,68.45
1782642076821,7,0,0,71.50
1782642077070,0,0,0,71.44
1782642077070,1,0,0,70.29
1782642077070,2,0,0,66.54
1782642077070,3,0,0,73.08
1782642077070,4,0,0,73.23
1782642077070,5,0,0,71.94
1782642077070,6,0,0,68.46
1782642077070,7,0,0,71.49
1782642077321,0,0,0,71.46
1782642077321,1,0,0,70.24
1782642077321,2,0,0,66.53
1782642077321,3,0,0,73.08
1782642077321,4,0,0,73.22
1782642077321,5,0,0,71.97
1782642077321,6,0,0,68.46
1782642077321,7,0,0,71.49
1782642077861,0,0,0,71.44
1782642077861,1,0,0,70.23
1782642077861,2,0,0,66.59
1782642077861,3,0,0,73.10
1782642077861,4,0,0,73.23
1782642077861,5,0,0,71.97
1782642077861,6,0,0,68.43
1782642077861,7,0,0,71.51
1782642080615,0,0,0,71.46
1782642080615,1,0,0,70.22
1782642080615,2,0,0,66.57
1782642080615,3,0,0,73.05
1782642080615,4,0,0,73.23
1782642080615,5,0,0,71.94
1782642080615,6,0,0,68.30
1782642080615,7,0,0,71.50
1782642080867,0,0,0,71.46
1782642080867,1,0,0,70.21
1782642080867,2,0,0,66.57
1782642080867,3,0,0,73.04
1782642080867,4,0,0,73.25
1782642080867,5,0,0,71.98
1782642080867,6,0,0,68.41
1782642080867,7,0,0,71.50
1782642081117,0,0,0,71.46
1782642081117,1,0,0,70.20
1782642081117,2,0,0,66.53
1782642081117,3,0,0,73.06
1782642081117,4,0,0,73.25
1782642081117,5,0,0,71.98
1782642081117,6,0,0,68.32
1782642081117,7,0,0,71.51
1782642081369,0,0,0,71.46
1782642081369,1,0,0,70.19
1782642081369,2,0,0,66.53
1782642081369,3,0,0,73.03
1782642081369,4,0,0,73.26
1782642081369,5,0,0,71.94
1782642081369,6,0,0,68.35
1782642081369,7,0,0,71.51
1782642081620,0,0,0,71.47
1782642081620,1,0,0,70.24
1782642081620,2,0,0,66.51
1782642081620,3,0,0,73.06
1782642081620,4,0,0,73.26
1782642081620,5,0,0,71.94
1782642081620,6,0,0,68.45
1782642081620,7,0,0,71.50
1782642081871,0,0,0,71.47
1782642081871,1,0,0,70.25
1782642081871,2,0,0,66.49
1782642081871,3,0,0,73.06
1782642081871,4,0,0,73.23
1782642081871,5,0,0,71.96
1782642081871,6,0,0,68.33
1782642081871,7,0,0,71.50
1782642082120,0,0,0,71.47
1782642082120,1,0,0,70.25
1782642082120,2,0,0,66.50
1782642082120,3,0,0,73.05
1782642082120,4,0,0,73.24
1782642082120,5,0,0,71.94
1782642082120,6,0,0,68.46
1782642082120,7,0,0,71.51
1782642082371,0,0,0,71.48
1782642082371,1,0,0,70.26
1782642082371,2,0,0,66.50
1782642082371,3,0,0,73.06
1782642082371,4,0,0,73.22
1782642082371,5,0,0,71.94
1782642082371,6,0,0,68.41
1782642082371,7,0,0,71.50
1782642082621,0,0,0,71.47
1782642082621,1,0,0,70.24
1782642082621,2,0,0,66.47
1782642082621,3,0,0,73.08
1782642082621,4,0,0,73.24
1782642082621,5,0,0,71.96
1782642082621,6,0,0,68.39
1782642082621,7,0,0,71.50
1782642082872,0,0,0,71.45
1782642082872,1,0,0,70.25
1782642082872,2,0,0,66.49
1782642082872,3,0,0,73.05
1782642082872,4,0,0,73.24
1782642082872,5,0,0,71.93
1782642082872,6,0,0,68.47
1782642082872,7,0,0,71.50
1782642083121,0,0,0,71.46
1782642083121,1,0,0,70.28
1782642083121,2,0,0,66.50
1782642083121,3,0,0,73.04
1782642083121,4,0,0,73.22
1782642083121,5,0,0,71.94
1782642083121,6,0,0,68.32
1782642083121,7,0,0,71.50
1782642083373,0,0,0,71.44
1782642083373,1,0,0,70.24
1782642083373,2,0,0,66.51
1782642083373,3,0,0,73.04
1782642083373,4,0,0,73.19
1782642083373,5,0,0,71.95
1782642083373,6,0,0,68.43
1782642083373,7,0,0,71.49
1782642083624,0,0,0,71.46
1782642083624,1,0,0,70.22
1782642083624,2,0,0,66.54
1782642083624,3,0,0,73.03
1782642083624,4,0,0,73.19
1782642083624,5,0,0,71.97
1782642083624,6,0,0,68.38
1782642083624,7,0,0,71.47
1782642083875,0,0,0,71.49
1782642083875,1,0,0,70.20
1782642083875,2,0,0,66.54
1782642083875,3,0,0,73.07
1782642083875,4,0,0,73.19
1782642083875,5,0,0,71.92
1782642083875,6,0,0,68.35
1782642083875,7,0,0,71.47
1782642084125,0,0,0,71.51
1782642084125,1,0,0,70.20
1782642084125,2,0,0,66.54
1782642084125,3,0,0,73.11
1782642084125,4,0,0,73.19
1782642084125,5,0,0,71.89
1782642084125,6,0,0,68.50
1782642084125,7,0,0,71.46
1782642084375,0,0,0,71.53
1782642084375,1,0,0,70.22
1782642084375,2,0,0,66.55
1782642084375,3,0,0,73.09
1782642084375,4,0,0,73.22
1782642084375,5,0,0,71.91
1782642084375,6,0,0,68.37
1782642084375,7,0,0,71.45
1782642084624,0,0,0,71.52
1782642084624,1,0,0,70.20
1782642084624,2,0,0,66.55
1782642084624,3,0,0,73.11
1782642084624,4,0,0,73.20
1782642084624,5,0,0,71.90
1782642084624,6,0,0,68.49
1782642084624,7,0,0,71.46
1782642084873,0,0,0,71.50
1782642084873,1,0,0,70.18
1782642084873,2,0,0,66.57
1782642084873,3,0,0,73.11
1782642084873,4,0,0,73.20
1782642084873,5,0,0,71.90
1782642084873,6,0,0,68.46
1782642084873,7,0,0,71.45
1782642085123,0,0,0,71.46
1782642085123,1,0,0,70.17
1782642085123,2,0,0,66.58
1782642085123,3,0,0,73.11
1782642085123,4,0,0,73.19
1782642085123,5,0,0,71.95
1782642085123,6,0,0,68.38
1782642085123,7,0,0,71.43
1782642085371,0,0,0,71.44
1782642085371,1,0,0,70.17
1782642085371,2,0,0,66.56
1782642085371,3,0,0,73.12
1782642085371,4,0,0,73.20
1782642085371,5,0,0,71.92
1782642085371,6,0,0,68.49
1782642085371,7,0,0,71.43
1782642085620,0,0,0,71.42
1782642085620,1,0,0,70.20
1782642085620,2,0,0,66.57
1782642085620,3,0,0,73.11
1782642085620,4,0,0,73.20
1782642085620,5,0,0,71.90
1782642085620,6,0,0,68.34
1782642085620,7,0,0,71.44
1782642085870,0,0,0,71.42
1782642085870,1,0,0,70.20
1782642085870,2,0,0,66.57
1782642085870,3,0,0,73.10
1782642085870,4,0,0,73.22
1782642085870,5,0,0,71.90
1782642085870,6,0,0,68.42
1782642085870,7,0,0,71.44
1782642086180,0,0,0,71.44
1782642086180,1,0,0,70.22
1782642086180,2,0,0,66.57
1782642086180,3,0,0,73.08
1782642086180,4,0,0,73.25
1782642086180,5,0,0,71.95
1782642086180,6,0,0,68.46
1782642086180,7,0,0,71.46
1782642086429,0,0,0,71.46
1782642086429,1,0,0,70.21
1782642086429,2,0,0,66.57
1782642086429,3,0,0,73.08
1782642086429,4,0,0,73.25
1782642086429,5,0,0,71.94
1782642086429,6,0,0,68.31
1782642086429,7,0,0,71.48
1782642086677,0,0,0,71.48
1782642086677,1,0,0,70.19
1782642086677,2,0,0,66.59
1782642086677,3,0,0,73.07
1782642086677,4,0,0,73.25
1782642086677,5,0,0,71.93
1782642086677,6,0,0,68.38
1782642086677,7,0,0,71.49
1782642086926,0,0,0,71.46
1782642086926,1,0,0,70.22
1782642086926,2,0,0,66.57
1782642086926,3,0,0,73.04
1782642086926,4,0,0,73.24
1782642086926,5,0,0,71.95
1782642086926,6,0,0,68.33
1782642086926,7,0,0,71.49
1782642087177,0,0,0,71.47
1782642087177,1,0,0,70.23
1782642087177,2,0,0,66.57
1782642087177,3,0,0,73.05
1782642087177,4,0,0,73.22
1782642087177,5,0,0,71.97
1782642087177,6,0,0,68.32
1782642087177,7,0,0,71.49
1782642087426,0,0,0,71.44
1782642087426,1,0,0,70.23
1782642087426,2,0,0,66.56
1782642087426,3,0,0,73.06
1782642087426,4,0,0,73.21
1782642087426,5,0,0,71.95
1782642087426,6,0,0,68.42
1782642087426,7,0,0,71.50
1782642087675,0,0,0,71.46
1782642087675,1,0,0,70.22
1782642087675,2,0,0,66.53
1782642087675,3,0,0,73.06
1782642087675,4,0,0,73.22
1782642087675,5,0,0,71.99
1782642087675,6,0,0,68.31
1782642087675,7,0,0,71.48
1782642087923,0,0,0,71.48
1782642087923,1,0,0,70.22
1782642087923,2,0,0,66.55
1782642087923,3,0,0,73.06
1782642087923,4,0,0,73.23
1782642087923,5,0,0,71.98
1782642087923,6,0,0,68.42
1782642087923,7,0,0,71.50
1782642088172,0,0,0,71.45
1782642088172,1,0,0,70.20
1782642088172,2,0,0,66.54
1782642088172,3,0,0,73.04
1782642088172,4,0,0,73.23
1782642088172,5,0,0,71.95
1782642088172,6,0,0,68.39
1782642088172,7,0,0,71.52
1782642088420,0,0,0,71.46
1782642088420,1,0,0,70.21
1782642088420,2,0,0,66.51
1782642088420,3,0,0,73.01
1782642088420,4,0,0,73.23
1782642088420,5,0,0,71.93
1782642088420,6,0,0,68.34
1782642088420,7,0,0,71.50
1782642088670,0,0,0,71.43
1782642088670,1,0,0,70.22
1782642088670,2,0,0,66.52
1782642088670,3,0,0,72.99
1782642088670,4,0,0,73.20
1782642088670,5,0,0,71.94
1782642088670,6,0,0,68.43
1782642088670,7,0,0,71.51
1782642088920,0,0,0,71.41
1782642088920,1,0,0,70.18
1782642088920,2,0,0,66.50
1782642088920,3,0,0,72.93
1782642088920,4,0,0,73.20
1782642088920,5,0,0,71.94
1782642088920,6,0,0,68.29
1782642088920,7,0,0,71.50
1782642089170,0,0,0,71.42
1782642089170,1,0,0,70.21
1782642089170,2,0,0,66.51
1782642089170,3,0,0,72.91
1782642089170,4,0,0,73.19
1782642089170,5,0,0,71.93
1782642089170,6,0,0,68.36
1782642089170,7,0,0,71.50
1782642089419,0,0,0,71.43
1782642089419,1,0,0,70.21
1782642089419,2,0,0,66.53
1782642089419,3,0,0,72.87
1782642089419,4,0,0,73.18
1782642089419,5,0,0,71.96
1782642089419,6,0,0,68.36
1782642089419,7,0,0,71.50
1782642089671,0,0,0,71.45
1782642089671,1,0,0,70.22
1782642089671,2,0,0,66.52
1782642089671,3,0,0,72.89
1782642089671,4,0,0,73.20
1782642089671,5,0,0,72.00
1782642089671,6,0,0,68.33
1782642089671,7,0,0,71.50
1782642089949,0,0,0,71.48
1782642089949,1,0,0,70.22
1782642089949,2,0,0,66.52
1782642089949,3,0,0,72.90
1782642089949,4,0,0,73.18
1782642089949,5,0,0,71.93
1782642089949,6,0,0,68.44
1782642089949,7,0,0,71.47
1782642090199,0,0,0,71.56
1782642090199,1,0,0,70.22
1782642090199,2,0,0,66.53
1782642090199,3,0,0,72.91
1782642090199,4,0,0,73.17
1782642090199,5,0,0,71.88
1782642090199,6,0,0,68.37
1782642090199,7,0,0,71.46
1782642090447,0,0,0,71.61
1782642090447,1,0,0,70.22
1782642090447,2,0,0,66.53
1782642090447,3,0,0,72.93
1782642090447,4,0,0,73.18
1782642090447,5,0,0,71.94
1782642090447,6,0,0,68.35
1782642090447,7,0,0,71.44
1782642090697,0,0,0,71.66
1782642090697,1,0,0,70.21
1782642090697,2,0,0,66.54
1782642090697,3,0,0,72.91
1782642090697,4,0,0,73.18
1782642090697,5,0,0,71.90
1782642090697,6,0,0,68.44
1782642090697,7,0,0,71.46
1782642090947,0,0,0,71.66
1782642090947,1,0,0,70.21
1782642090947,2,0,0,66.55
1782642090947,3,0,0,72.92
1782642090947,4,0,0,73.19
1782642090947,5,0,0,71.87
1782642090947,6,0,0,68.34
1782642090947,7,0,0,71.46
1782642091197,0,0,0,71.64
1782642091197,1,0,0,70.20
1782642091197,2,0,0,66.55
1782642091197,3,0,0,72.91
1782642091197,4,0,0,73.20
1782642091197,5,0,0,71.92
1782642091197,6,0,0,68.50
1782642091197,7,0,0,71.45
1782642091447,0,0,0,82.95
1782642091447,1,0,0,78.76
1782642091447,2,1,0,79.02
1782642091447,3,0,0,84.19
1782642091447,4,0,0,73.23
1782642091447,5,0,0,71.89
1782642091447,6,0,0,68.48
1782642091447,7,0,0,71.46
1782642091890,0,24,0,97.83
1782642091890,1,0,0,92.93
1782642091890,2,17,0,88.41
1782642091890,3,1,0,93.28
1782642091890,4,0,0,73.25
1782642091890,5,0,0,71.92
1782642091890,6,0,0,68.42
1782642091890,7,0,0,71.48
1782642092122,0,0,0,107.81
1782642092122,1,0,0,102.34
1782642092122,2,4,0,97.78
1782642092122,3,0,0,107.61
1782642092122,4,0,0,73.25
1782642092122,5,0,0,71.91
1782642092122,6,0,0,68.37
1782642092122,7,0,0,71.48
1782642092412,0,0,0,122.36
1782642092412,1,0,0,118.39
1782642092412,2,0,0,114.35
1782642092412,3,0,0,119.27
1782642092412,4,0,0,73.23
1782642092412,5,0,0,71.94
1782642092412,6,0,0,68.36
1782642092412,7,0,0,71.49
1782642093133,0,0,0,122.39
1782642093133,1,1,0,118.58
1782642093133,2,1,0,114.34
1782642093133,3,0,0,119.35
1782642093133,4,0,0,73.23
1782642093133,5,0,0,71.94
1782642093133,6,0,0,68.40
1782642093133,7,0,0,71.51
1782642093496,0,0,0,122.44
1782642093496,1,0,0,118.54
1782642093496,2,0,0,114.36
1782642093496,3,0,0,119.43
1782642093496,4,0,0,73.25
1782642093496,5,0,0,71.96
1782642093496,6,0,0,68.37
1782642093496,7,0,0,71.51
1782642093860,0,1,0,124.31
1782642093860,1,0,0,120.36
1782642093860,2,0,0,116.12
1782642093860,3,0,0,121.92
1782642093860,4,0,0,73.24
1782642093860,5,0,0,71.97
1782642093860,6,0,0,68.39
1782642093860,7,0,0,71.50
1782642094264,0,0,0,124.30
1782642094264,1,0,0,120.31
1782642094264,2,0,0,116.13
1782642094264,3,0,0,121.87
1782642094264,4,0,0,73.25
1782642094264,5,0,0,71.95
1782642094264,6,0,0,68.38
1782642094264,7,0,0,71.49
1782642094617,0,19,2,130.86
1782642094617,1,4,2,125.59
1782642094617,2,26,3,121.89
1782642094617,3,4,2,126.00
1782642094617,4,0,0,73.23
1782642094617,5,0,0,71.94
1782642094617,6,0,0,68.32
1782642094617,7,0,0,71.48
1782642094855,0,25,0,132.22
1782642094855,1,97,4,131.26
1782642094855,2,47,4,127.38
1782642094855,3,97,5,132.03
1782642094855,4,0,0,73.21
1782642094855,5,0,0,71.92
1782642094855,6,0,0,68.37
1782642094855,7,0,0,71.49
1782642095094,0,28,3,138.43
1782642095094,1,98,4,135.43
1782642095094,2,45,4,132.48
1782642095094,3,98,5,137.67
1782642095094,4,0,0,73.21
1782642095094,5,0,0,71.95
1782642095094,6,0,0,68.28
1782642095094,7,0,0,71.50
1782642095334,0,28,3,143.09
1782642095334,1,93,1,138.84
1782642095334,2,29,0,136.68
1782642095334,3,92,1,145.99
1782642095334,4,0,0,73.20
1782642095334,5,0,0,71.93
1782642095334,6,0,0,68.45
1782642095334,7,0,0,71.48
1782642095573,0,25,0,144.95
1782642095573,1,100,3,142.24
1782642095573,2,41,1,138.07
1782642095573,3,100,4,146.81
1782642095573,4,0,0,73.17
1782642095573,5,0,0,71.93
1782642095573,6,0,0,68.37
1782642095573,7,0,0,71.46
1782642095819,0,28,3,146.05
1782642095819,1,70,4,142.57
1782642095819,2,49,4,139.06
1782642095819,3,64,3,147.35
1782642095819,4,0,0,73.17
1782642095819,5,0,0,71.95
1782642095819,6,0,0,68.41
1782642095819,7,0,0,71.45
1782642096060,0,28,3,145.28
1782642096060,1,100,0,143.64
1782642096060,2,28,0,138.68
1782642096060,3,100,1,145.08
1782642096060,4,0,0,73.18
1782642096060,5,0,0,71.92
1782642096060,6,0,0,68.45
1782642096060,7,0,0,71.43
1782642096301,0,24,1,146.36
1782642096301,1,98,4,145.37
1782642096301,2,46,4,140.03
1782642096301,3,98,5,146.77
1782642096301,4,0,0,73.17
1782642096301,5,0,0,71.90
1782642096301,6,0,0,68.30
1782642096301,7,0,0,71.43
1782642096539,0,29,3,144.52
1782642096539,1,98,4,142.59
1782642096539,2,47,4,139.35
1782642096539,3,98,5,145.18
1782642096539,4,0,0,73.18
1782642096539,5,0,0,71.93
1782642096539,6,0,0,68.43
1782642096539,7,0,0,71.44
1782642096778,0,29,3,144.99
1782642096778,1,100,0,143.98
1782642096778,2,29,0,138.59
1782642096778,3,100,0,147.44
1782642096778,4,0,0,73.19
1782642096778,5,0,0,71.89
1782642096778,6,0,0,68.31
1782642096778,7,0,0,71.43
1782642097015,0,25,0,144.30
1782642097015,1,99,4,141.35
1782642097015,2,43,2,136.69
1782642097015,3,100,4,145.31
1782642097015,4,0,0,73.19
1782642097015,5,0,0,71.86
1782642097015,6,0,0,68.43
1782642097015,7,0,0,71.44
1782642097256,0,29,3,143.84
1782642097256,1,98,3,141.62
1782642097256,2,38,3,135.44
1782642097256,3,98,3,146.60
1782642097256,4,0,0,73.17
1782642097256,5,0,0,71.89
1782642097256,6,0,0,68.44
1782642097256,7,0,0,71.47
1782642097543,0,25,0,145.23
1782642097543,1,100,0,143.51
1782642097543,2,31,2,136.68
1782642097543,3,100,1,146.22
1782642097543,4,0,0,73.19
1782642097543,5,0,0,71.91
1782642097543,6,0,0,68.34
1782642097543,7,0,0,71.47
1782642097779,0,29,3,144.23
1782642097779,1,98,4,142.91
1782642097779,2,45,4,137.85
1782642097779,3,98,5,144.35
1782642097779,4,0,0,73.18
1782642097779,5,0,0,71.91
1782642097779,6,0,0,68.46
1782642097779,7,0,0,71.47
1782642098018,0,31,3,145.30
1782642098018,1,98,4,144.23
1782642098018,2,48,4,138.99
1782642098018,3,98,3,145.24
1782642098018,4,0,0,73.18
1782642098018,5,0,0,71.91
1782642098018,6,0,0,68.29
1782642098018,7,0,0,71.48
1782642098255,0,26,1,143.71
1782642098255,1,96,4,144.83
1782642098255,2,46,4,139.30
1782642098255,3,96,5,145.79
1782642098255,4,0,0,73.22
1782642098255,5,0,0,71.93
1782642098255,6,0,0,68.44
1782642098255,7,0,0,71.46
1782642098493,0,29,3,143.18
1782642098493,1,98,4,143.94
1782642098493,2,46,4,138.34
1782642098493,3,98,5,146.32
1782642098493,4,0,0,73.22
1782642098493,5,0,0,71.89
1782642098493,6,0,0,68.32
1782642098493,7,0,0,71.47
1782642098731,0,31,3,142.90
1782642098731,1,95,4,141.96
1782642098731,2,36,0,137.43
1782642098731,3,94,4,143.55
1782642098731,4,0,0,73.21
1782642098731,5,0,0,71.92
1782642098731,6,0,0,68.29
1782642098731,7,0,0,71.48
1782642098970,0,29,0,139.17
1782642098970,1,100,0,135.76
1782642098970,2,12,0,130.36
1782642098970,3,100,0,138.58
1782642098970,4,0,0,73.24
1782642098970,5,0,0,71.93
1782642098970,6,0,0,68.40
1782642098970,7,0,0,71.48
1782642099209,0,31,0,134.01
1782642099209,1,100,0,132.18
1782642099209,2,36,0,130.38
1782642099209,3,100,0,133.49
1782642099209,4,0,0,73.22
1782642099209,5,0,0,71.93
1782642099209,6,0,0,68.27
1782642099209,7,0,0,71.47
1782642099453,0,12,0,138.32
1782642099453,1,100,6,136.86
1782642099453,2,0,0,129.44
1782642099453,3,0,0,136.19
1782642099453,4,0,0,73.24
1782642099453,5,0,0,71.94
1782642099453,6,0,0,68.42
1782642099453,7,0,0,71.49
1782642099687,0,0,0,133.67
1782642099687,1,0,0,129.41
1782642099687,2,32,5,126.55
1782642099687,3,0,0,131.18
1782642099687,4,0,0,73.22
1782642099687,5,0,0,71.93
1782642099687,6,0,0,68.32
1782642099687,7,0,0,71.51
1782642099925,0,32,5,133.81
1782642099925,1,0,0,128.95
1782642099925,2,0,0,126.32
1782642099925,3,0,0,130.22
1782642099925,4,0,0,73.21
1782642099925,5,0,0,71.94
1782642099925,6,0,0,68.37
1782642099925,7,0,0,71.50
1782642100158,0,0,0,133.59
1782642100158,1,0,0,128.04
1782642100158,2,0,0,123.65
1782642100158,3,0,0,129.82
1782642100158,4,0,0,73.22
1782642100158,5,0,0,71.95
1782642100158,6,0,0,68.30
1782642100158,7,0,0,71.52
1782642100392,0,0,0,123.73
1782642100392,1,0,0,118.70
1782642100392,2,0,0,115.42
1782642100392,3,0,0,119.71
1782642100392,4,0,0,73.17
1782642100392,5,0,0,71.93
1782642100392,6,0,0,68.29
1782642100392,7,0,0,71.51
1782642100627,0,0,0,123.73
1782642100627,1,0,0,118.74
1782642100627,2,0,0,115.39
1782642100627,3,0,0,119.47
1782642100627,4,0,0,73.17
1782642100627,5,0,0,71.92
1782642100627,6,0,0,68.40
1782642100627,7,0,0,71.51
1782642100864,0,0,0,122.75
1782642100864,1,0,0,118.75
1782642100864,2,0,0,114.43
1782642100864,3,0,0,119.47
1782642100864,4,0,0,73.17
1782642100864,5,0,0,71.92
1782642100864,6,0,0,68.33
1782642100864,7,0,0,71.50
1782642101099,0,0,0,122.71
1782642101099,1,0,0,118.75
1782642101099,2,0,0,114.44
1782642101099,3,0,0,119.48
1782642101099,4,0,0,73.19
1782642101099,5,0,0,71.96
1782642101099,6,0,0,68.44
1782642101099,7,0,0,71.51
1782642101335,0,0,0,122.71
1782642101335,1,0,0,118.75
1782642101335,2,0,0,114.43
1782642101335,3,0,0,119.50
1782642101335,4,0,0,73.19
1782642101335,5,0,0,71.92
1782642101335,6,0,0,68.30
1782642101335,7,0,0,71.48
1782642101570,0,0,0,122.74
1782642101570,1,0,0,118.73
1782642101570,2,0,0,114.45
1782642101570,3,0,0,119.52
1782642101570,4,0,0,73.21
1782642101570,5,0,0,71.96
1782642101570,6,0,0,68.35
1782642101570,7,0,0,71.47
1782642101804,0,0,0,122.77
1782642101804,1,0,0,118.74
1782642101804,2,0,0,114.46
1782642101804,3,0,0,119.53
1782642101804,4,0,0,73.20
1782642101804,5,0,0,71.98
1782642101804,6,0,0,68.37
1782642101804,7,0,0,71.44
1782642102039,0,0,0,122.79
1782642102039,1,0,0,118.70
1782642102039,2,0,0,114.45
1782642102039,3,0,0,119.50
1782642102039,4,0,0,73.18
1782642102039,5,0,0,71.89
1782642102039,6,0,0,68.36
1782642102039,7,0,0,71.43
1782642102273,0,0,0,122.79
1782642102273,1,0,0,118.69
1782642102273,2,0,0,114.43
1782642102273,3,0,0,119.51
1782642102273,4,0,0,73.16
1782642102273,5,0,0,71.94
1782642102273,6,0,0,68.43
1782642102273,7,0,0,71.43
1782642102509,0,0,0,122.82
1782642102509,1,0,0,118.71
1782642102509,2,0,0,114.46
1782642102509,3,0,0,119.53
1782642102509,4,0,0,73.17
1782642102509,5,0,0,71.92
1782642102509,6,0,0,68.30
1782642102509,7,0,0,71.41
1782642102742,0,0,0,122.80
1782642102742,1,0,0,118.75
1782642102742,2,0,0,114.47
1782642102742,3,0,0,119.56
1782642102742,4,0,0,73.16
1782642102742,5,0,0,71.87
1782642102742,6,0,0,68.44
1782642102742,7,0,0,71.44
1782642103014,0,0,0,122.81
1782642103014,1,0,0,118.76
1782642103014,2,0,0,114.47
1782642103014,3,0,0,119.58
1782642103014,4,0,0,73.17
1782642103014,5,0,0,71.89
1782642103014,6,0,0,68.32
1782642103014,7,0,0,71.43
1782642103248,0,0,0,122.83
1782642103248,1,0,0,118.75
1782642103248,2,0,0,114.51
1782642103248,3,0,0,119.59
1782642103248,4,0,0,73.16
1782642103248,5,0,0,71.91
1782642103248,6,0,0,68.33
1782642103248,7,0,0,71.44
1782642103559,0,0,0,122.81
1782642103559,1,0,0,118.75
1782642103559,2,0,0,114.50
1782642103559,3,0,0,119.56
1782642103559,4,0,0,73.17
1782642103559,5,0,0,71.91
1782642103559,6,0,0,68.43
1782642103559,7,0,0,71.45
1782642103793,0,0,0,122.80
1782642103793,1,0,0,118.72
1782642103793,2,0,0,114.48
1782642103793,3,0,0,119.56
1782642103793,4,0,0,73.17
1782642103793,5,0,0,71.89
1782642103793,6,0,0,68.32
1782642103793,7,0,0,71.44
1782642104026,0,0,0,122.82
1782642104026,1,0,0,118.74
1782642104026,2,0,0,114.48
1782642104026,3,0,0,119.57
1782642104026,4,0,0,73.17
1782642104026,5,0,0,71.93
1782642104026,6,0,0,68.44
1782642104026,7,0,0,71.44
1782642104260,0,0,0,122.79
1782642104260,1,0,0,118.75
1782642104260,2,0,0,114.47
1782642104260,3,0,0,119.57
1782642104260,4,0,0,73.16
1782642104260,5,0,0,71.93
1782642104260,6,0,0,68.30
1782642104260,7,0,0,71.44
1782642104494,0,0,0,122.79
1782642104494,1,0,0,118.76
1782642104494,2,0,0,114.49
1782642104494,3,0,0,119.57
1782642104494,4,0,0,73.18
1782642104494,5,0,0,71.92
1782642104494,6,0,0,68.38
1782642104494,7,0,0,71.44
1782642104728,0,0,0,122.77
1782642104728,1,0,0,118.76
1782642104728,2,0,0,114.51
1782642104728,3,0,0,119.55
1782642104728,4,0,0,73.18
1782642104728,5,0,0,71.96
1782642104728,6,0,0,68.38
1782642104728,7,0,0,71.45
1782642104963,0,0,0,122.76
1782642104963,1,0,0,118.78
1782642104963,2,0,0,114.50
1782642104963,3,0,0,119.53
1782642104963,4,0,0,73.19
1782642104963,5,0,0,71.93
1782642104963,6,0,0,68.35
1782642104963,7,0,0,71.45
1782642105198,0,0,0,122.77
1782642105198,1,0,0,118.82
1782642105198,2,0,0,114.51
1782642105198,3,0,0,119.53
1782642105198,4,0,0,73.20
1782642105198,5,0,0,71.93
1782642105198,6,0,0,68.42
1782642105198,7,0,0,71.46
1782642105431,0,0,0,122.79
1782642105431,1,0,0,118.78
1782642105431,2,0,0,114.51
1782642105431,3,0,0,119.53
1782642105431,4,0,0,73.19
1782642105431,5,0,0,71.97
1782642105431,6,0,0,68.26
1782642105431,7,0,0,71.46
1782642105666,0,0,0,122.80
1782642105666,1,0,0,118.77
1782642105666,2,0,0,114.48
1782642105666,3,0,0,119.52
1782642105666,4,0,0,73.20
1782642105666,5,0,0,71.94
1782642105666,6,0,0,68.41
1782642105666,7,0,0,71.47
1782642105900,0,0,0,122.85
1782642105900,1,0,0,118.81
1782642105900,2,0,0,114.48
1782642105900,3,0,0,119.52
1782642105900,4,0,0,73.22
1782642105900,5,0,0,71.94
1782642105900,6,0,0,68.29
1782642105900,7,0,0,71.50
1782642106134,0,0,0,122.84
1782642106134,1,0,0,118.81
1782642106134,2,0,0,114.49
1782642106134,3,0,0,119.51
1782642106134,4,0,0,73.20
1782642106134,5,0,0,71.93
1782642106134,6,0,0,68.37
1782642106134,7,0,0,71.50
1782642106369,0,0,0,122.83
1782642106369,1,0,0,118.86
1782642106369,2,0,0,114.50
1782642106369,3,0,0,119.53
1782642106369,4,0,0,73.22
1782642106369,5,0,0,71.92
1782642106369,6,0,0,68.26
1782642106369,7,0,0,71.50
1782642106938,0,0,0,122.81
1782642106938,1,0,0,118.85
1782642106938,2,0,0,114.50
1782642106938,3,0,0,119.54
1782642106938,4,0,0,73.20
1782642106938,5,0,0,71.94
1782642106938,6,0,0,68.38
1782642106938,7,0,0,71.48
1782642107173,0,0,0,122.81
1782642107173,1,0,0,118.86
1782642107173,2,0,0,114.50
1782642107173,3,0,0,119.55
1782642107173,4,0,0,73.20
1782642107173,5,0,0,71.99
1782642107173,6,0,0,68.30
1782642107173,7,0,0,71.47
1782642107407,0,0,0,122.82
1782642107407,1,0,0,118.85
1782642107407,2,0,0,114.50
1782642107407,3,0,0,119.56
1782642107407,4,0,0,73.17
1782642107407,5,0,0,71.95
1782642107407,6,0,0,68.32
1782642107407,7,0,0,71.44
1782642107641,0,0,0,122.82
1782642107641,1,0,0,118.82
1782642107641,2,0,0,114.50
1782642107641,3,0,0,119.55
1782642107641,4,0,0,73.18
1782642107641,5,0,0,71.94
1782642107641,6,0,0,68.41
1782642107641,7,0,0,71.44
1782642107873,0,0,0,122.84
1782642107873,1,0,0,118.83
1782642107873,2,0,0,114.49
1782642107873,3,0,0,119.59
1782642107873,4,0,0,73.19
1782642107873,5,0,0,71.96
1782642107873,6,0,0,68.36
1782642107873,7,0,0,71.45
1782642108107,0,0,0,122.88
1782642108107,1,0,0,118.83
1782642108107,2,0,0,114.49
1782642108107,3,0,0,119.60
1782642108107,4,0,0,73.17
1782642108107,5,0,0,71.91
1782642108107,6,0,0,68.45
1782642108107,7,0,0,71.43
1782642108343,0,0,0,122.93
1782642108343,1,0,0,118.83
1782642108343,2,0,0,114.52
1782642108343,3,0,0,119.62
1782642108343,4,0,0,73.18
1782642108343,5,0,0,71.91
1782642108343,6,0,0,68.39
1782642108343,7,0,0,71.43
1782642108690,0,0,0,122.95
1782642108690,1,0,0,118.80
1782642108690,2,0,0,114.54
1782642108690,3,0,0,119.64
1782642108690,4,0,0,73.17
1782642108690,5,0,0,71.92
1782642108690,6,0,0,68.39
1782642108690,7,0,0,71.43
1782642108923,0,0,0,122.96
1782642108923,1,0,0,118.78
1782642108923,2,0,0,114.55
1782642108923,3,0,0,119.63
1782642108923,4,0,0,73.17
1782642108923,5,0,0,71.91
1782642108923,6,0,0,68.44
1782642108923,7,0,0,71.44
1782642109156,0,0,0,122.95
1782642109156,1,0,0,118.82
1782642109156,2,0,0,114.54
1782642109156,3,0,0,119.61
1782642109156,4,0,0,73.18
1782642109156,5,0,0,71.91
1782642109156,6,0,0,68.31
1782642109156,7,0,0,71.42
1782642109389,0,0,0,122.95
1782642109389,1,0,0,118.83
1782642109389,2,0,0,114.54
1782642109389,3,0,0,119.61
1782642109389,4,0,0,73.18
1782642109389,5,0,0,71.92
1782642109389,6,0,0,68.43
1782642109389,7,0,0,71.42
1782642109621,0,0,0,122.94
1782642109621,1,0,0,118.84
1782642109621,2,0,0,114.55
1782642109621,3,0,0,119.59
1782642109621,4,0,0,73.18
1782642109621,5,0,0,71.90
1782642109621,6,0,0,68.33
1782642109621,7,0,0,71.43
1782642109852,0,0,0,122.95
1782642109852,1,0,0,118.85
1782642109852,2,0,0,114.57
1782642109852,3,0,0,119.61
1782642109852,4,0,0,73.19
1782642109852,5,0,0,71.88
1782642109852,6,0,0,68.42
1782642109852,7,0,0,71.43
1782642110086,0,0,0,122.94
1782642110086,1,0,0,118.87
1782642110086,2,0,0,114.57
1782642110086,3,0,0,119.62
1782642110086,4,0,0,73.18
1782642110086,5,0,0,71.91
1782642110086,6,0,0,68.32
1782642110086,7,0,0,71.44
1782642110319,0,0,0,122.94
1782642110319,1,0,0,118.87
1782642110319,2,0,0,114.60
1782642110319,3,0,0,119.60
1782642110319,4,0,0,73.19
1782642110319,5,0,0,71.88
1782642110319,6,0,0,68.32
1782642110319,7,0,0,71.44
1782642110552,0,0,0,122.93
1782642110552,1,0,0,118.87
1782642110552,2,0,0,114.61
1782642110552,3,0,0,119.60
1782642110552,4,0,0,73.19
1782642110552,5,0,0,71.88
1782642110552,6,0,0,68.42
1782642110552,7,0,0,71.45
1782642110785,0,0,0,122.93
1782642110785,1,0,0,118.87
1782642110785,2,0,0,114.60
1782642110785,3,0,0,119.59
1782642110785,4,0,0,73.19
1782642110785,5,0,0,71.92
1782642110785,6,0,0,68.29
1782642110785,7,0,0,71.44
1782642111021,0,0,0,122.90
1782642111021,1,0,0,118.86
1782642111021,2,0,0,114.59
1782642111021,3,0,0,119.57
1782642111021,4,0,0,73.19
1782642111021,5,0,0,71.92
1782642111021,6,0,0,68.41
1782642111021,7,0,0,71.46
1782642111256,0,0,0,122.88
1782642111256,1,0,0,118.87
1782642111256,2,0,0,114.57
1782642111256,3,0,0,119.60
1782642111256,4,0,0,73.22
1782642111256,5,0,0,71.91
1782642111256,6,0,0,68.27
1782642111256,7,0,0,71.46
1782642111490,0,0,0,122.88
1782642111490,1,0,0,118.90
1782642111490,2,0,0,114.57
1782642111490,3,0,0,119.57
1782642111490,4,0,0,73.22
1782642111490,5,0,0,71.95
1782642111490,6,0,0,68.39
1782642111490,7,0,0,71.46
1782642111725,0,0,0,122.90
1782642111725,1,0,0,118.91
1782642111725,2,0,0,114.57
1782642111725,3,0,0,119.57
1782642111725,4,0,0,73.21
1782642111725,5,0,0,71.95
1782642111725,6,0,0,68.35
1782642111725,7,0,0,71.49
1782642111995,0,0,0,122.89
1782642111995,1,0,0,118.89
1782642111995,2,0,0,114.57
1782642111995,3,0,0,119.59
1782642111995,4,0,0,73.21
1782642111995,5,0,0,71.92
1782642111995,6,0,0,68.25
1782642111995,7,0,0,71.49
1782642112262,0,0,0,122.94
1782642112262,1,0,0,118.91
1782642112262,2,0,0,114.57
1782642112262,3,0,0,119.57
1782642112262,4,0,0,73.19
1782642112262,5,0,0,71.94
1782642112262,6,0,0,68.39
1782642112262,7,0,0,71.49
1782642112500,0,0,0,122.95
1782642112500,1,0,0,118.92
1782642112500,2,0,0,114.57
1782642112500,3,0,0,119.60
1782642112500,4,0,0,73.18
1782642112500,5,0,0,71.95
1782642112500,6,0,0,68.25
1782642112500,7,0,0,71.50
1782642112735,0,0,0,122.97
1782642112735,1,0,0,118.92
1782642112735,2,0,0,114.56
1782642112735,3,0,0,119.62
1782642112735,4,0,0,73.19
1782642112735,5,0,0,71.90
1782642112735,6,0,0,68.36
1782642112735,7,0,0,71.47
1782642112971,0,0,0,122.99
1782642112971,1,0,0,118.93
1782642112971,2,0,0,114.55
1782642112971,3,0,0,119.61
1782642112971,4,0,0,73.17
1782642112971,5,0,0,71.90
1782642112971,6,0,0,68.31
1782642112971,7,0,0,71.49
1782642113207,0,0,0,122.99
1782642113207,1,0,0,118.92
1782642113207,2,0,0,114.55
1782642113207,3,0,0,119.62
1782642113207,4,0,0,73.17
1782642113207,5,0,0,71.93
1782642113207,6,0,0,68.38
1782642113207,7,0,0,71.50
1782642113440,0,0,0,123.01
1782642113440,1,0,0,118.94
1782642113440,2,0,0,114.55
1782642113440,3,0,0,119.61
1782642113440,4,0,0,73.15
1782642113440,5,0,0,71.92
1782642113440,6,0,0,68.39
1782642113440,7,0,0,71.50
1782642113674,0,0,0,123.00
1782642113674,1,0,0,118.94
1782642113674,2,0,0,114.55
1782642113674,3,0,0,119.64
1782642113674,4,0,0,73.16
1782642113674,5,0,0,71.91
1782642113674,6,0,0,68.29
1782642113674,7,0,0,71.50
1782642113907,0,0,0,122.98
1782642113907,1,0,0,118.92
1782642113907,2,0,0,114.57
1782642113907,3,0,0,119.62
1782642113907,4,0,0,73.16
1782642113907,5,0,0,71.91
1782642113907,6,0,0,68.41
1782642113907,7,0,0,71.48
1782642114141,0,0,0,123.00
1782642114141,1,0,0,118.91
1782642114141,2,0,0,114.56
1782642114141,3,0,0,119.67
1782642114141,4,0,0,73.16
1782642114141,5,0,0,71.89
1782642114141,6,0,0,68.32
1782642114141,7,0,0,71.46
1782642114415,0,0,0,123.07
1782642114415,1,0,0,118.94
1782642114415,2,0,0,114.61
1782642114415,3,0,0,119.68
1782642114415,4,0,0,73.17
1782642114415,5,0,0,71.86
1782642114415,6,0,0,68.44
1782642114415,7,0,0,71.42
1782642115186,0,0,0,123.04
1782642115186,1,0,0,118.92
1782642115186,2,0,0,114.60
1782642115186,3,0,0,119.70
1782642115186,4,0,0,73.15
1782642115186,5,0,0,71.94
1782642115186,6,0,0,68.44
1782642115186,7,0,0,71.46
1782642116290,0,0,0,123.03
1782642116290,1,0,0,118.94
1782642116290,2,0,0,114.64
1782642116290,3,0,0,119.69
1782642116290,4,0,0,73.14
1782642116290,5,0,0,71.90
1782642116290,6,0,0,68.33
1782642116290,7,0,0,71.46
1782642116523,0,0,0,123.04
1782642116523,1,0,0,118.96
1782642116523,2,0,0,114.61
1782642116523,3,0,0,119.69
1782642116523,4,0,0,73.17
1782642116523,5,0,0,71.92
1782642116523,6,0,0,68.35
1782642116523,7,0,0,71.48
1782642116756,0,0,0,123.03
1782642116756,1,0,0,118.92
1782642116756,2,0,0,114.63
1782642116756,3,0,0,119.69
1782642116756,4,0,0,73.18
1782642116756,5,0,0,71.91
1782642116756,6,0,0,68.42
1782642116756,7,0,0,71.46
1782642116989,0,0,0,123.02
1782642116989,1,0,0,118.93
1782642116989,2,0,0,114.65
1782642116989,3,0,0,119.70
1782642116989,4,0,0,73.20
1782642116989,5,0,0,71.89
1782642116989,6,0,0,68.32
1782642116989,7,0,0,71.47
1782642117224,0,0,0,123.00
1782642117224,1,0,0,118.95
1782642117224,2,0,0,114.60
1782642117224,3,0,0,119.69
1782642117224,4,0,0,73.21
1782642117224,5,0,0,71.91
1782642117224,6,0,0,68.42
1782642117224,7,0,0,71.45
1782642117458,0,0,0,122.99
1782642117458,1,0,0,118.95
1782642117458,2,0,0,114.62
1782642117458,3,0,0,119.67
1782642117458,4,0,0,73.21
1782642117458,5,0,0,71.94
1782642117458,6,0,0,68.26
1782642117458,7,0,0,71.47
1782642117691,0,0,0,123.01
1782642117691,1,0,0,118.94
1782642117691,2,0,0,114.63
1782642117691,3,0,0,119.68
1782642117691,4,0,0,73.20
1782642117691,5,0,0,71.90
1782642117691,6,0,0,68.41
1782642117691,7,0,0,71.47
1782642117925,0,0,0,123.00
1782642117925,1,0,0,118.98
1782642117925,2,0,0,114.64
1782642117925,3,0,0,119.66
1782642117925,4,0,0,73.21
1782642117925,5,0,0,71.94
1782642117925,6,0,0,68.28
1782642117925,7,0,0,71.46
1782642118572,0,0,0,123.08
1782642118572,1,0,0,119.03
1782642118572,2,0,0,114.62
1782642118572,3,0,0,119.68
1782642118572,4,0,0,73.22
1782642118572,5,0,0,71.95
1782642118572,6,0,0,68.29
1782642118572,7,0,0,71.49
1782642118989,0,0,0,123.10
1782642118989,1,0,0,119.03
1782642118989,2,0,0,114.61
1782642118989,3,0,0,119.68
1782642118989,4,0,0,73.24
1782642118989,5,0,0,71.94
1782642118989,6,0,0,68.38
1782642118989,7,0,0,71.49
1782642119223,0,0,0,123.10
1782642119223,1,0,0,119.01
1782642119223,2,0,0,114.61
1782642119223,3,0,0,119.69
1782642119223,4,0,0,73.23
1782642119223,5,0,0,71.93
1782642119223,6,0,0,68.39
1782642119223,7,0,0,71.49
1782642119456,0,0,0,123.10
1782642119456,1,0,0,119.03
1782642119456,2,0,0,114.60
1782642119456,3,0,0,119.66
1782642119456,4,0,0,73.21
1782642119456,5,0,0,71.92
1782642119456,6,0,0,68.30
1782642119456,7,0,0,71.50
1782642119692,0,0,0,123.08
1782642119692,1,0,0,119.03
1782642119692,2,0,0,114.61
1782642119692,3,0,0,119.69
1782642119692,4,0,0,73.19
1782642119692,5,0,0,71.89
1782642119692,6,0,0,68.43
1782642119692,7,0,0,71.48
1782642119987,0,0,0,123.07
1782642119987,1,0,0,119.02
1782642119987,2,0,0,114.59
1782642119987,3,0,0,119.71
1782642119987,4,0,0,73.15
1782642119987,5,0,0,71.95
1782642119987,6,0,0,68.30
1782642119987,7,0,0,71.48
1782642120221,0,0,0,123.09
1782642120221,1,0,0,119.00
1782642120221,2,0,0,114.60
1782642120221,3,0,0,119.71
1782642120221,4,0,0,73.13
1782642120221,5,0,0,71.91
1782642120221,6,0,0,68.34
1782642120221,7,0,0,71.47
1782642120453,0,0,0,123.08
1782642120453,1,0,0,118.99
1782642120453,2,0,0,114.61
1782642120453,3,0,0,119.72
1782642120453,4,0,0,73.14
1782642120453,5,0,0,71.87
1782642120453,6,0,0,68.37
1782642120453,7,0,0,71.45
1782642120687,0,0,0,123.11
1782642120687,1,0,0,118.97
1782642120687,2,0,0,114.59
1782642120687,3,0,0,119.72
1782642120687,4,0,0,73.16
1782642120687,5,0,0,71.89
1782642120687,6,0,0,68.28
1782642120687,7,0,0,71.45
1782642120993,0,0,0,123.15
1782642120993,1,0,0,118.97
1782642120993,2,0,0,114.64
1782642120993,3,0,0,119.74
1782642120993,4,0,0,73.18
1782642120993,5,0,0,71.86
1782642120993,6,0,0,68.28
1782642120993,7,0,0,71.45
1782642121423,0,0,0,123.22
1782642121423,1,0,0,118.98
1782642121423,2,0,0,114.67
1782642121423,3,0,0,119.76
1782642121423,4,0,0,73.18
1782642121423,5,0,0,71.88
1782642121423,6,0,0,68.32
1782642121423,7,0,0,71.46
1782642121834,0,0,0,123.17
1782642121834,1,0,0,119.02
1782642121834,2,0,0,114.70
1782642121834,3,0,0,119.77
1782642121834,4,0,0,73.21
1782642121834,5,0,0,71.93
1782642121834,6,0,0,68.34
1782642121834,7,0,0,71.44
1782642122302,0,0,0,123.13
1782642122302,1,0,0,118.99
1782642122302,2,0,0,114.69
1782642122302,3,0,0,119.77
1782642122302,4,0,0,73.22
1782642122302,5,0,0,71.96
1782642122302,6,0,0,68.44
1782642122302,7,0,0,71.46
1782642123310,0,0,0,123.18
1782642123310,1,0,0,119.02
1782642123310,2,0,0,114.73
1782642123310,3,0,0,119.75
1782642123310,4,0,0,73.22
1782642123310,5,0,0,71.96
1782642123310,6,0,0,68.40
1782642123310,7,0,0,71.49
1782642124140,0,0,0,123.17
1782642124140,1,0,0,119.02
1782642124140,2,0,0,114.72
1782642124140,3,0,0,119.74
1782642124140,4,0,0,73.19
1782642124140,5,0,0,71.96
1782642124140,6,0,0,68.30
1782642124140,7,0,0,71.49
1782642124375,0,0,0,123.19
1782642124375,1,0,0,119.05
1782642124375,2,0,0,114.70
1782642124375,3,0,0,119.71
1782642124375,4,0,0,73.18
1782642124375,5,0,0,71.93
1782642124375,6,0,0,68.39
1782642124375,7,0,0,71.50
1782642124611,0,0,0,123.18
1782642124611,1,0,0,119.06
1782642124611,2,0,0,114.71
1782642124611,3,0,0,119.72
1782642124611,4,0,0,73.17
1782642124611,5,0,0,71.97
1782642124611,6,0,0,68.33
1782642124611,7,0,0,71.48
1782642124847,0,0,0,123.21
1782642124847,1,0,0,119.04
1782642124847,2,0,0,114.68
1782642124847,3,0,0,119.72
1782642124847,4,0,0,73.19
1782642124847,5,0,0,71.97
1782642124847,6,0,0,68.28
1782642124847,7,0,0,71.49
1782642125083,0,0,0,123.20
1782642125083,1,0,0,119.03
1782642125083,2,0,0,114.65
1782642125083,3,0,0,119.71
1782642125083,4,0,0,73.21
1782642125083,5,0,0,71.95
1782642125083,6,0,0,68.32
1782642125083,7,0,0,71.47
1782642125317,0,0,0,123.21
1782642125317,1,0,0,119.04
1782642125317,2,0,0,114.66
1782642125317,3,0,0,119.73
1782642125317,4,0,0,73.20
1782642125317,5,0,0,71.97
1782642125317,6,0,0,68.25
1782642125317,7,0,0,71.47
1782642125581,0,0,0,123.17
1782642125581,1,0,0,119.06
1782642125581,2,0,0,114.62
1782642125581,3,0,0,119.75
1782642125581,4,0,0,73.20
1782642125581,5,0,0,71.96
1782642125581,6,0,0,68.39
1782642125581,7,0,0,71.47
1782642125816,0,0,0,123.18
1782642125816,1,0,0,119.05
1782642125816,2,0,0,114.63
1782642125816,3,0,0,119.75
1782642125816,4,0,0,73.18
1782642125816,5,0,0,71.94
1782642125816,6,0,0,68.31
1782642125816,7,0,0,71.46
1782642126052,0,0,0,123.17
1782642126052,1,0,0,119.08
1782642126052,2,0,0,114.65
1782642126052,3,0,0,119.79
1782642126052,4,0,0,73.16
1782642126052,5,0,0,71.97
1782642126052,6,0,0,68.36
1782642126052,7,0,0,71.46
1782642126289,0,0,0,123.16
1782642126289,1,0,0,119.08
1782642126289,2,0,0,114.65
1782642126289,3,0,0,119.77
1782642126289,4,0,0,73.14
1782642126289,5,0,0,71.94
1782642126289,6,0,0,68.42
1782642126289,7,0,0,71.45
1782642126523,0,0,0,123.15
1782642126523,1,0,0,119.06
1782642126523,2,0,0,114.65
1782642126523,3,0,0,119.77
1782642126523,4,0,0,73.12
1782642126523,5,0,0,71.91
1782642126523,6,0,0,68.31
1782642126523,7,0,0,71.47
1782642126757,0,0,0,123.16
1782642126757,1,0,0,119.02
1782642126757,2,0,0,114.70
1782642126757,3,0,0,119.75
1782642126757,4,0,0,73.16
1782642126757,5,0,0,71.95
1782642126757,6,0,0,68.41
1782642126757,7,0,0,71.48
1782642126993,0,0,0,123.17
1782642126993,1,0,0,119.01
1782642126993,2,0,0,114.70
1782642126993,3,0,0,119.74
1782642126993,4,0,0,73.14
1782642126993,5,0,0,71.91
1782642126993,6,0,0,68.32
1782642126993,7,0,0,71.47
1782642127231,0,0,0,123.21
1782642127231,1,0,0,119.01
1782642127231,2,0,0,114.74
1782642127231,3,0,0,119.77
1782642127231,4,0,0,73.16
1782642127231,5,0,0,71.88
1782642127231,6,0,0,68.44
1782642127231,7,0,0,71.48
1782642127467,0,0,0,123.20
1782642127467,1,0,0,119.02
1782642127467,2,0,0,114.76
1782642127467,3,0,0,119.75
1782642127467,4,0,0,73.15
1782642127467,5,0,0,71.94
1782642127467,6,0,0,68.31
1782642127467,7,0,0,71.49
1782642127703,0,0,0,123.24
1782642127703,1,0,0,119.01
1782642127703,2,0,0,114.76
1782642127703,3,0,0,119.75
1782642127703,4,0,0,73.15
1782642127703,5,0,0,71.92
1782642127703,6,0,0,68.36
1782642127703,7,0,0,71.48
1782642127939,0,0,0,123.23
1782642127939,1,0,0,119.03
1782642127939,2,0,0,114.74
1782642127939,3,0,0,119.79
1782642127939,4,0,0,73.16
1782642127939,5,0,0,71.90
1782642127939,6,0,0,68.36
1782642127939,7,0,0,71.46
1782642128176,0,0,0,123.26
1782642128176,1,0,0,119.04
1782642128176,2,0,0,114.74
1782642128176,3,0,0,119.81
1782642128176,4,0,0,73.16
1782642128176,5,0,0,71.96
1782642128176,6,0,0,68.35
1782642128176,7,0,0,71.49
1782642128412,0,0,0,123.28
1782642128412,1,0,0,119.06
1782642128412,2,0,0,114.75
1782642128412,3,0,0,119.80
1782642128412,4,0,0,73.18
1782642128412,5,0,0,71.91
1782642128412,6,0,0,68.44
1782642128412,7,0,0,71.46
1782642128648,0,0,0,123.29
1782642128648,1,0,0,119.02
1782642128648,2,0,0,114.74
1782642128648,3,0,0,119.82
1782642128648,4,0,0,73.17
1782642128648,5,0,0,71.89
1782642128648,6,0,0,68.29
1782642128648,7,0,0,71.47
1782642128884,0,0,0,123.27
1782642128884,1,0,0,119.04
1782642128884,2,0,0,114.73
1782642128884,3,0,0,119.79
1782642128884,4,0,0,73.19
1782642128884,5,0,0,71.94
1782642128884,6,0,0,68.38
1782642128884,7,0,0,71.46
1782642129121,0,0,0,123.28
1782642129121,1,0,0,119.06
1782642129121,2,0,0,114.76
1782642129121,3,0,0,119.81
1782642129121,4,0,0,73.19
1782642129121,5,0,0,71.92
1782642129121,6,0,0,68.29
1782642129121,7,0,0,71.44
1782642129357,0,0,0,123.24
1782642129357,1,0,0,119.06
1782642129357,2,0,0,114.75
1782642129357,3,0,0,119.80
1782642129357,4,0,0,73.19
1782642129357,5,0,0,71.92
1782642129357,6,0,0,68.39
1782642129357,7,0,0,71.46
1782642129592,0,0,0,123.26
1782642129592,1,0,0,119.08
1782642129592,2,0,0,114.74
1782642129592,3,0,0,119.78
1782642129592,4,0,0,73.20
1782642129592,5,0,0,71.94
1782642129592,6,0,0,68.38
1782642129592,7,0,0,71.43
1782642129825,0,0,0,123.27
1782642129825,1,0,0,119.06
1782642129825,2,0,0,114.75
1782642129825,3,0,0,119.81
1782642129825,4,0,0,73.19
1782642129825,5,0,0,71.95
1782642129825,6,0,0,68.27
1782642129825,7,0,0,71.45
1782642130059,0,0,0,123.28
1782642130059,1,0,0,119.09
1782642130059,2,0,0,114.76
1782642130059,3,0,0,119.75
1782642130059,4,0,0,73.21
1782642130059,5,0,0,71.93
1782642130059,6,0,0,68.36
1782642130059,7,0,0,71.44
1782642130295,0,0,0,123.25
1782642130295,1,0,0,119.12
1782642130295,2,0,0,114.78
1782642130295,3,0,0,119.77
1782642130295,4,0,0,73.21
1782642130295,5,0,0,71.96
1782642130295,6,0,0,68.25
1782642130295,7,0,0,71.45
1782642130529,0,0,0,123.25
1782642130529,1,0,0,119.10
1782642130529,2,0,0,114.77
1782642130529,3,0,0,119.79
1782642130529,4,0,0,73.17
1782642130529,5,0,0,71.98
1782642130529,6,0,0,68.37
1782642130529,7,0,0,71.47
1782642130909,0,0,0,123.25
1782642130909,1,0,0,119.08
1782642130909,2,0,0,114.75
1782642130909,3,0,0,119.81
1782642130909,4,0,0,73.19
1782642130909,5,0,0,71.98
1782642130909,6,0,0,68.28
1782642130909,7,0,0,71.52
1782642131383,0,0,0,123.38
1782642131383,1,0,0,119.11
1782642131383,2,0,0,114.75
1782642131383,3,0,0,119.81
1782642131383,4,0,0,73.20
1782642131383,5,0,0,71.98
1782642131383,6,0,0,68.35
1782642131383,7,0,0,71.50
1782642131865,0,0,0,123.37
1782642131865,1,0,0,119.14
1782642131865,2,0,0,114.76
1782642131865,3,0,0,119.82
1782642131865,4,0,0,73.18
1782642131865,5,0,0,71.92
1782642131865,6,0,0,68.36
1782642131865,7,0,0,71.50
1782642132100,0,0,0,123.36
1782642132100,1,0,0,119.11
1782642132100,2,0,0,114.74
1782642132100,3,0,0,119.82
1782642132100,4,0,0,73.16
1782642132100,5,0,0,71.97
1782642132100,6,0,0,68.41
1782642132100,7,0,0,71.49
1782642132335,0,0,0,123.35
1782642132335,1,0,0,119.10
1782642132335,2,0,0,114.76
1782642132335,3,0,0,119.81
1782642132335,4,0,0,73.16
1782642132335,5,0,0,71.92
1782642132335,6,0,0,68.26
1782642132335,7,0,0,71.47
1782642132568,0,0,0,123.32
1782642132568,1,0,0,119.11
1782642132568,2,0,0,114.75
1782642132568,3,0,0,119.81
1782642132568,4,0,0,73.14
1782642132568,5,0,0,71.87
1782642132568,6,0,0,68.40
1782642132568,7,0,0,71.45
1782642132802,0,0,0,123.28
1782642132802,1,0,0,119.09
1782642132802,2,0,0,114.75
1782642132802,3,0,0,119.81
1782642132802,4,0,0,73.12
1782642132802,5,0,0,71.92
1782642132802,6,0,0,68.30
1782642132802,7,0,0,71.45
1782642133036,0,0,0,123.29
1782642133036,1,0,0,119.08
1782642133036,2,0,0,114.77
1782642133036,3,0,0,119.84
1782642133036,4,0,0,73.13
1782642133036,5,0,0,71.90
1782642133036,6,0,0,68.42
1782642133036,7,0,0,71.44
1782642133314,0,0,0,123.30
1782642133314,1,0,0,119.06
1782642133314,2,0,0,114.76
1782642133314,3,0,0,119.85
1782642133314,4,0,0,73.14
1782642133314,5,0,0,71.93
1782642133314,6,0,0,68.45
1782642133314,7,0,0,71.44
1782642133639,0,0,0,123.32
1782642133639,1,0,0,119.07
1782642133639,2,0,0,114.77
1782642133639,3,0,0,119.85
1782642133639,4,0,0,73.14
1782642133639,5,0,0,71.93
1782642133639,6,0,0,68.42
1782642133639,7,0,0,71.44
1782642134032,0,0,0,123.35
1782642134032,1,0,0,119.10
1782642134032,2,0,0,114.79
1782642134032,3,0,0,119.84
1782642134032,4,0,0,73.14
1782642134032,5,0,0,71.94
1782642134032,6,0,0,68.38
1782642134032,7,0,0,71.43
1782642134383,0,0,0,123.38
1782642134383,1,0,0,119.11
1782642134383,2,0,0,114.81
1782642134383,3,0,0,119.87
1782642134383,4,0,0,73.18
1782642134383,5,0,0,71.91
1782642134383,6,0,0,68.30
1782642134383,7,0,0,71.43
1782642134646,0,0,0,123.36
1782642134646,1,0,0,119.12
1782642134646,2,0,0,114.82
1782642134646,3,0,0,119.86
1782642134646,4,0,0,73.18
1782642134646,5,0,0,71.90
1782642134646,6,0,0,68.45
1782642134646,7,0,0,71.42
1782642134917,0,0,0,123.36
1782642134917,1,0,0,119.09
1782642134917,2,0,0,114.81
1782642134917,3,0,0,119.86
1782642134917,4,0,0,73.16
1782642134917,5,0,0,71.93
1782642134917,6,0,0,68.33
1782642134917,7,0,0,71.43
1782642135152,0,0,0,123.37
1782642135152,1,0,0,119.11
1782642135152,2,0,0,114.80
1782642135152,3,0,0,119.87
1782642135152,4,0,0,73.17
1782642135152,5,0,0,71.94
1782642135152,6,0,0,68.41
1782642135152,7,0,0,71.42
1782642135387,0,0,0,123.35
1782642135387,1,0,0,119.12
1782642135387,2,0,0,114.81
1782642135387,3,0,0,119.83
1782642135387,4,0,0,73.17
1782642135387,5,0,0,71.89
1782642135387,6,0,0,68.34
1782642135387,7,0,0,71.43
1782642135622,0,0,0,123.36
1782642135622,1,0,0,119.15
1782642135622,2,0,0,114.83
1782642135622,3,0,0,119.80
1782642135622,4,0,0,73.16
1782642135622,5,0,0,71.94
1782642135622,6,0,0,68.30
1782642135622,7,0,0,71.45
1782642135916,0,0,0,123.37
1782642135916,1,0,0,119.15
1782642135916,2,0,0,114.82
1782642135916,3,0,0,119.79
1782642135916,4,0,0,73.18
1782642135916,5,0,0,71.94
1782642135916,6,0,0,68.42
1782642135916,7,0,0,71.45
1782642136150,0,0,0,123.35
1782642136150,1,0,0,119.14
1782642136150,2,0,0,114.83
1782642136150,3,0,0,119.78
1782642136150,4,0,0,73.17
1782642136150,5,0,0,71.93
1782642136150,6,0,0,68.27
1782642136150,7,0,0,71.47
1782642136386,0,0,0,123.36
1782642136386,1,0,0,119.16
1782642136386,2,0,0,114.74
1782642136386,3,0,0,119.80
1782642136386,4,0,0,73.21
1782642136386,5,0,0,71.96
1782642136386,6,0,0,68.38
1782642136386,7,0,0,71.48
1782642136623,0,0,0,123.34
1782642136623,1,0,0,119.16
1782642136623,2,0,0,114.64
1782642136623,3,0,0,119.81
1782642136623,4,0,0,73.21
1782642136623,5,0,0,71.99
1782642136623,6,0,0,68.33
1782642136623,7,0,0,71.47
1782642136859,0,0,0,123.32
1782642136859,1,0,0,119.16
1782642136859,2,0,0,114.52
1782642136859,3,0,0,119.81
1782642136859,4,0,0,73.20
1782642136859,5,0,0,71.98
1782642136859,6,0,0,68.28
1782642136859,7,0,0,71.48
1782642137114,0,0,0,123.32
1782642137114,1,0,0,119.16
1782642137114,2,0,0,114.42
1782642137114,3,0,0,119.83
1782642137114,4,0,0,73.22
1782642137114,5,0,0,71.97
1782642137114,6,0,0,68.40
1782642137114,7,0,0,71.47
1782642137364,0,0,0,123.33
1782642137364,1,0,0,119.16
1782642137364,2,0,0,114.32
1782642137364,3,0,0,119.82
1782642137364,4,0,0,73.17
1782642137364,5,0,0,72.00
1782642137364,6,0,0,68.26
1782642137364,7,0,0,71.45
1782642138046,0,0,0,123.38
1782642138046,1,0,0,119.13
1782642138046,2,0,0,114.32
1782642138046,3,0,0,119.85
1782642138046,4,0,0,73.14
1782642138046,5,0,0,71.94
1782642138046,6,0,0,68.40
1782642138046,7,0,0,71.46
1782642138616,0,0,0,123.38
1782642138616,1,0,0,119.13
1782642138616,2,0,0,114.39
1782642138616,3,0,0,119.87
1782642138616,4,0,0,73.15
1782642138616,5,0,0,71.90
1782642138616,6,0,0,68.43
1782642138616,7,0,0,71.44
1782642139409,0,0,0,123.38
1782642139409,1,0,0,119.14
1782642139409,2,0,0,114.39
1782642139409,3,0,0,119.88
1782642139409,4,0,0,73.14
1782642139409,5,0,0,71.89
1782642139409,6,0,0,68.34
1782642139409,7,0,0,71.46
1782642139645,0,0,0,123.39
1782642139645,1,0,0,119.11
1782642139645,2,0,0,114.39
1782642139645,3,0,0,119.88
1782642139645,4,0,0,73.15
1782642139645,5,0,0,71.86
1782642139645,6,0,0,68.45
1782642139645,7,0,0,71.45
1782642139878,0,0,0,123.40
1782642139878,1,0,0,119.12
1782642139878,2,0,0,114.38
1782642139878,3,0,0,119.85
1782642139878,4,0,0,73.16
1782642139878,5,0,0,71.92
1782642139878,6,0,0,68.29
1782642139878,7,0,0,71.44
1782642140114,0,0,0,123.42
1782642140114,1,0,0,119.15
1782642140114,2,0,0,114.35
1782642140114,3,0,0,119.86
1782642140114,4,0,0,73.15
1782642140114,5,0,0,71.92
1782642140114,6,0,0,68.44
1782642140114,7,0,0,71.46
1782642140348,0,0,0,123.40
1782642140348,1,0,0,119.14
1782642140348,2,0,0,114.37
1782642140348,3,0,0,119.87
1782642140348,4,0,0,73.14
1782642140348,5,0,0,71.91
1782642140348,6,0,0,68.35
1782642140348,7,0,0,71.43
1782642140584,0,0,0,123.43
1782642140584,1,0,0,119.14
1782642140584,2,0,0,114.38
1782642140584,3,0,0,119.86
1782642140584,4,0,0,73.15
1782642140584,5,0,0,71.95
1782642140584,6,0,0,68.32
1782642140584,7,0,0,71.44
1782642140816,0,0,0,123.39
1782642140816,1,0,0,119.15
1782642140816,2,0,0,114.36
1782642140816,3,0,0,119.89
1782642140816,4,0,0,73.17
1782642140816,5,0,0,71.95
1782642140816,6,0,0,68.32
1782642140816,7,0,0,71.44
1782642141051,0,0,0,123.40
1782642141051,1,0,0,119.17
1782642141051,2,0,0,114.40
1782642141051,3,0,0,119.87
1782642141051,4,0,0,73.18
1782642141051,5,0,0,71.93
1782642141051,6,0,0,68.27
1782642141051,7,0,0,71.43
1782642141329,0,0,0,123.38
1782642141329,1,0,0,119.16
1782642141329,2,0,0,114.40
1782642141329,3,0,0,119.84
1782642141329,4,0,0,73.19
1782642141329,5,0,0,71.95
1782642141329,6,0,0,68.39
1782642141329,7,0,0,71.43
1782642141649,0,0,0,123.36
1782642141649,1,0,0,119.18
1782642141649,2,0,0,114.40
1782642141649,3,0,0,119.85
1782642141649,4,0,0,73.18
1782642141649,5,0,0,71.97
1782642141649,6,0,0,68.41
1782642141649,7,0,0,71.45
1782642141925,0,0,0,123.37
1782642141925,1,0,0,119.19
1782642141925,2,0,0,114.43
1782642141925,3,0,0,119.87
1782642141925,4,0,0,73.19
1782642141925,5,0,0,71.93
1782642141925,6,0,0,68.27
1782642141925,7,0,0,71.43
1782642142205,0,0,0,123.38
1782642142205,1,0,0,119.20
1782642142205,2,0,0,114.41
1782642142205,3,0,0,119.84
1782642142205,4,0,0,73.18
1782642142205,5,0,0,71.96
1782642142205,6,0,0,68.37
1782642142205,7,0,0,71.46
1782642142439,0,0,0,123.40
1782642142439,1,0,0,119.19
1782642142439,2,0,0,114.41
1782642142439,3,0,0,119.85
1782642142439,4,0,0,73.17
1782642142439,5,0,0,71.95
1782642142439,6,0,0,68.38
1782642142439,7,0,0,71.46
1782642142767,0,0,0,123.40
1782642142767,1,0,0,119.19
1782642142767,2,0,0,114.40
1782642142767,3,0,0,119.85
1782642142767,4,0,0,73.15
1782642142767,5,0,0,71.95
1782642142767,6,0,0,68.36
1782642142767,7,0,0,71.49
1782642143102,0,0,0,123.42
1782642143102,1,0,0,119.18
1782642143102,2,0,0,114.43
1782642143102,3,0,0,119.85
1782642143102,4,0,0,73.18
1782642143102,5,0,0,71.97
1782642143102,6,0,0,68.30
1782642143102,7,0,0,71.49
1782642143353,0,0,0,123.40
1782642143353,1,0,0,119.19
1782642143353,2,0,0,114.40
1782642143353,3,0,0,119.82
1782642143353,4,0,0,73.18
1782642143353,5,0,0,71.98
1782642143353,6,0,0,68.40
1782642143353,7,0,0,71.50
1782642143619,0,0,0,123.38
1782642143619,1,0,0,119.22
1782642143619,2,0,0,114.39
1782642143619,3,0,0,119.86
1782642143619,4,0,0,73.19
1782642143619,5,0,0,71.97
1782642143619,6,0,0,68.29
1782642143619,7,0,0,71.49
1782642143852,0,0,0,123.37
1782642143852,1,0,0,119.20
1782642143852,2,0,0,114.41
1782642143852,3,0,0,119.87
1782642143852,4,0,0,73.21
1782642143852,5,0,0,71.95
1782642143852,6,0,0,68.36
1782642143852,7,0,0,71.47
1782642144110,0,0,0,123.36
1782642144110,1,0,0,119.19
1782642144110,2,0,0,114.39
1782642144110,3,0,0,119.89
1782642144110,4,0,0,73.18
1782642144110,5,0,0,71.97
1782642144110,6,0,0,68.33
1782642144110,7,0,0,71.47
1782642144344,0,0,0,123.39
1782642144344,1,0,0,119.18
1782642144344,2,0,0,114.39
1782642144344,3,0,0,119.87
1782642144344,4,0,0,73.16
1782642144344,5,0,0,71.92
1782642144344,6,0,0,68.28
1782642144344,7,0,0,71.46
1782642144578,0,0,0,123.42
1782642144578,1,0,0,119.18
1782642144578,2,0,0,114.39
1782642144578,3,0,0,119.87
1782642144578,4,0,0,73.17
1782642144578,5,0,0,71.92
1782642144578,6,0,0,68.41
1782642144578,7,0,0,71.46
1782642144814,0,0,0,123.44
1782642144814,1,0,0,119.17
1782642144814,2,0,0,114.38
1782642144814,3,0,0,119.89
1782642144814,4,0,0,73.15
1782642144814,5,0,0,71.93
1782642144814,6,0,0,68.29
1782642144814,7,0,0,71.47
1782642145050,0,0,0,123.48
1782642145050,1,0,0,119.15
1782642145050,2,0,0,114.38
1782642145050,3,0,0,119.91
1782642145050,4,0,0,73.13
1782642145050,5,0,0,71.90
1782642145050,6,0,0,68.41
1782642145050,7,0,0,71.47
1782642145293,0,0,0,123.49
1782642145293,1,0,0,119.14
1782642145293,2,0,0,114.39
1782642145293,3,0,0,119.94
1782642145293,4,0,0,73.16
1782642145293,5,0,0,71.86
1782642145293,6,0,0,68.32
1782642145293,7,0,0,71.45
1782642145528,0,0,0,123.51
1782642145528,1,0,0,119.15
1782642145528,2,0,0,114.41
1782642145528,3,0,0,119.92
1782642145528,4,0,0,73.15
1782642145528,5,0,0,71.93
1782642145528,6,0,0,68.31
1782642145528,7,0,0,71.46
1782642145764,0,0,0,123.50
1782642145764,1,0,0,119.15
1782642145764,2,0,0,114.43
1782642145764,3,0,0,119.93
1782642145764,4,0,0,73.16
1782642145764,5,0,0,71.91
1782642145764,6,0,0,68.40
1782642145764,7,0,0,71.45
1782642145999,0,0,0,123.49
1782642145999,1,0,0,119.13
1782642145999,2,0,0,114.46
1782642145999,3,0,0,119.90
1782642145999,4,0,0,73.17
1782642145999,5,0,0,71.88
1782642145999,6,0,0,68.33
1782642145999,7,0,0,71.44
1782642146234,0,0,0,123.47
1782642146234,1,0,0,119.14
1782642146234,2,0,0,114.45
1782642146234,3,0,0,119.90
1782642146234,4,0,0,73.17
1782642146234,5,0,0,71.94
1782642146234,6,0,0,68.45
1782642146234,7,0,0,71.42
1782642146467,0,0,0,123.47
1782642146467,1,0,0,119.17
1782642146467,2,0,0,114.45
1782642146467,3,0,0,119.88
1782642146467,4,0,0,73.16
1782642146467,5,0,0,71.91
1782642146467,6,0,0,68.29
1782642146467,7,0,0,71.43
1782642146702,0,0,0,123.46
1782642146702,1,0,0,119.17
1782642146702,2,0,0,114.45
1782642146702,3,0,0,119.87
1782642146702,4,0,0,73.15
1782642146702,5,0,0,71.89
1782642146702,6,0,0,68.44
1782642146702,7,0,0,71.42
1782642146937,0,0,0,123.43
1782642146937,1,0,0,119.15
1782642146937,2,0,0,114.44
1782642146937,3,0,0,119.93
1782642146937,4,0,0,73.15
1782642146937,5,0,0,71.93
1782642146937,6,0,0,68.33
1782642146937,7,0,0,71.42
1782642147171,0,0,0,123.41
1782642147171,1,0,0,119.15
1782642147171,2,0,0,114.43
1782642147171,3,0,0,119.93
1782642147171,4,0,0,73.14
1782642147171,5,0,0,71.89
1782642147171,6,0,0,68.36
1782642147171,7,0,0,71.43
1782642147408,0,0,0,123.40
1782642147408,1,0,0,119.17
1782642147408,2,0,0,114.46
1782642147408,3,0,0,119.93
1782642147408,4,0,0,73.15
1782642147408,5,0,0,71.89
1782642147408,6,0,0,68.30
1782642147408,7,0,0,71.43
1782642147645,0,0,0,123.41
1782642147645,1,0,0,119.16
1782642147645,2,0,0,114.45
1782642147645,3,0,0,119.90
1782642147645,4,0,0,73.14
1782642147645,5,0,0,71.92
1782642147645,6,0,0,68.27
1782642147645,7,0,0,71.46
1782642147879,0,0,0,123.42
1782642147879,1,0,0,119.19
1782642147879,2,0,0,114.45
1782642147879,3,0,0,119.87
1782642147879,4,0,0,73.17
1782642147879,5,0,0,71.93
1782642147879,6,0,0,68.39
1782642147879,7,0,0,71.46
1782642148156,0,0,0,123.44
1782642148156,1,0,0,119.21
1782642148156,2,0,0,114.50
1782642148156,3,0,0,119.86
1782642148156,4,0,0,73.20
1782642148156,5,0,0,71.89
1782642148156,6,0,0,68.24
1782642148156,7,0,0,71.48
1782642148388,0,0,0,123.46
1782642148388,1,0,0,119.19
1782642148388,2,0,0,114.47
1782642148388,3,0,0,119.86
1782642148388,4,0,0,73.21
1782642148388,5,0,0,71.95
1782642148388,6,0,0,68.35
1782642148388,7,0,0,71.48
1782642148624,0,0,0,123.45
1782642148624,1,0,0,119.21
1782642148624,2,0,0,114.47
1782642148624,3,0,0,119.86
1782642148624,4,0,0,73.23
1782642148624,5,0,0,71.95
1782642148624,6,0,0,68.33
1782642148624,7,0,0,71.46
1782642148874,0,0,0,123.45
1782642148874,1,0,0,119.21
1782642148874,2,0,0,114.48
1782642148874,3,0,0,119.88
1782642148874,4,0,0,73.22
1782642148874,5,0,0,71.93
1782642148874,6,0,0,68.26
1782642148874,7,0,0,71.50
1782642149108,0,0,0,123.45
1782642149108,1,0,0,119.20
1782642149108,2,0,0,114.43
1782642149108,3,0,0,119.85
1782642149108,4,0,0,73.20
1782642149108,5,0,0,71.98
1782642149108,6,0,0,68.33
1782642149108,7,0,0,71.50
1782642149343,0,0,0,123.46
1782642149343,1,0,0,119.21
1782642149343,2,0,0,114.43
1782642149343,3,0,0,119.83
1782642149343,4,0,0,73.18
1782642149343,5,0,0,71.95
1782642149343,6,0,0,68.25
1782642149343,7,0,0,71.49
1782642149578,0,0,0,123.45
1782642149578,1,0,0,119.23
1782642149578,2,0,0,114.43
1782642149578,3,0,0,119.85
1782642149578,4,0,0,73.17
1782642149578,5,0,0,71.94
1782642149578,6,0,0,68.39
1782642149578,7,0,0,71.49
1782642149822,0,0,0,123.49
1782642149822,1,0,0,119.22
1782642149822,2,0,0,114.41
1782642149822,3,0,0,119.85
1782642149822,4,0,0,73.15
1782642149822,5,0,0,71.96
1782642149822,6,0,0,68.26
1782642149822,7,0,0,71.47
1782642150059,0,0,0,123.49
1782642150059,1,0,0,119.22
1782642150059,2,0,0,114.42
1782642150059,3,0,0,119.88
1782642150059,4,0,0,73.16
1782642150059,5,0,0,71.93
1782642150059,6,0,0,68.35
1782642150059,7,0,0,71.46
1782642150297,0,0,0,123.48
1782642150297,1,0,0,119.21
1782642150297,2,0,0,114.41
1782642150297,3,0,0,119.91
1782642150297,4,0,0,73.14
1782642150297,5,0,0,71.89
1782642150297,6,0,0,68.32
1782642150297,7,0,0,71.47
1782642150532,0,0,0,123.47
1782642150532,1,0,0,119.21
1782642150532,2,0,0,114.38
1782642150532,3,0,0,119.91
1782642150532,4,0,0,73.13
1782642150532,5,0,0,71.93
1782642150532,6,0,0,68.28
1782642150532,7,0,0,71.45
1782642150769,0,0,0,123.46
1782642150769,1,0,0,119.20
1782642150769,2,0,0,114.41
1782642150769,3,0,0,119.92
1782642150769,4,0,0,73.14
1782642150769,5,0,0,71.90
1782642150769,6,0,0,68.40
1782642150769,7,0,0,71.45
1782642151005,0,0,0,123.48
1782642151005,1,0,0,119.18
1782642151005,2,0,0,114.42
1782642151005,3,0,0,119.92
1782642151005,4,0,0,73.16
1782642151005,5,0,0,71.89
1782642151005,6,0,0,68.28
1782642151005,7,0,0,71.45
1782642151240,0,0,0,123.50
1782642151240,1,0,0,119.19
1782642151240,2,0,0,114.42
1782642151240,3,0,0,119.92
1782642151240,4,0,0,73.14
1782642151240,5,0,0,71.92
1782642151240,6,0,0,68.40
1782642151240,7,0,0,71.44
1782642151475,0,0,0,123.51
1782642151475,1,0,0,119.21
1782642151475,2,0,0,114.45
1782642151475,3,0,0,119.94
1782642151475,4,0,0,73.15
1782642151475,5,0,0,71.90
1782642151475,6,0,0,68.26
1782642151475,7,0,0,71.45
1782642151710,0,0,0,123.54
1782642151710,1,0,0,119.20
1782642151710,2,0,0,114.45
1782642151710,3,0,0,119.93
1782642151710,4,0,0,73.16
1782642151710,5,0,0,71.87
1782642151710,6,0,0,68.41
1782642151710,7,0,0,71.47
1782642151946,0,0,0,123.53
1782642151946,1,0,0,119.19
1782642151946,2,0,0,114.44
1782642151946,3,0,0,119.92
1782642151946,4,0,0,73.14
1782642151946,5,0,0,71.91
1782642151946,6,0,0,68.37
1782642151946,7,0,0,71.44
1782642152215,0,0,0,123.52
1782642152215,1,0,0,119.19
1782642152215,2,0,0,114.42
1782642152215,3,0,0,119.95
1782642152215,4,0,0,73.15
1782642152215,5,0,0,71.90
1782642152215,6,0,0,68.27
1782642152215,7,0,0,71.44
1782642152483,0,0,0,123.55
1782642152483,1,0,0,119.19
1782642152483,2,0,0,114.44
1782642152483,3,0,0,119.95
1782642152483,4,0,0,73.18
1782642152483,5,0,0,71.86
1782642152483,6,0,0,68.43
1782642152483,7,0,0,71.44
1782642152718,0,0,0,123.51
1782642152718,1,0,0,119.19
1782642152718,2,0,0,114.46
1782642152718,3,0,0,119.94
1782642152718,4,0,0,73.17
1782642152718,5,0,0,71.89
1782642152718,6,0,0,68.27
1782642152718,7,0,0,71.42
1782642152954,0,0,0,123.51
1782642152954,1,0,0,119.20
1782642152954,2,0,0,114.46
1782642152954,3,0,0,119.95
1782642152954,4,0,0,73.17
1782642152954,5,0,0,71.93
1782642152954,6,0,0,68.35
1782642152954,7,0,0,71.43
1782642153190,0,0,0,123.50
1782642153190,1,0,0,119.23
1782642153190,2,0,0,114.51
1782642153190,3,0,0,119.94
1782642153190,4,0,0,73.17
1782642153190,5,0,0,71.91
1782642153190,6,0,0,68.30
1782642153190,7,0,0,71.44
1782642153426,0,0,0,123.49
1782642153426,1,0,0,119.23
1782642153426,2,0,0,114.49
1782642153426,3,0,0,119.89
1782642153426,4,0,0,73.16
1782642153426,5,0,0,71.93
1782642153426,6,0,0,68.30
1782642153426,7,0,0,71.42
1782642153792,0,0,0,123.49
1782642153792,1,0,0,119.23
1782642153792,2,0,0,114.48
1782642153792,3,0,0,119.91
1782642153792,4,0,0,73.17
1782642153792,5,0,0,71.94
1782642153792,6,0,0,68.41
1782642153792,7,0,0,71.42
1782642154034,0,0,0,123.50
1782642154034,1,0,0,119.23
1782642154034,2,0,0,114.50
1782642154034,3,0,0,119.91
1782642154034,4,0,0,73.17
1782642154034,5,0,0,71.97
1782642154034,6,0,0,68.38
1782642154034,7,0,0,71.42
1782642154269,0,0,0,123.49
1782642154269,1,0,0,119.24
1782642154269,2,0,0,114.50
1782642154269,3,0,0,119.89
1782642154269,4,0,0,73.18
1782642154269,5,0,0,71.95
1782642154269,6,0,0,68.30
1782642154269,7,0,0,71.42
1782642154503,0,0,0,123.49
1782642154503,1,0,0,119.24
1782642154503,2,0,0,114.51
1782642154503,3,0,0,119.90
1782642154503,4,0,0,73.20
1782642154503,5,0,0,71.91
1782642154503,6,0,0,68.33
1782642154503,7,0,0,71.44
1782642154738,0,0,0,123.49
1782642154738,1,0,0,119.23
1782642154738,2,0,0,114.50
1782642154738,3,0,0,119.89
1782642154738,4,0,0,73.19
1782642154738,5,0,0,71.95
1782642154738,6,0,0,68.24
1782642154738,7,0,0,71.44
1782642154972,0,0,0,123.49
1782642154972,1,0,0,119.24
1782642154972,2,0,0,114.49
1782642154972,3,0,0,119.90
1782642154972,4,0,0,73.19
1782642154972,5,0,0,71.91
1782642154972,6,0,0,68.36
1782642154972,7,0,0,71.46
1782642155208,0,0,0,123.47
1782642155208,1,0,0,119.22
1782642155208,2,0,0,114.48
1782642155208,3,0,0,119.91
1782642155208,4,0,0,73.19
1782642155208,5,0,0,71.90
1782642155208,6,0,0,68.21
1782642155208,7,0,0,71.47
1782642155443,0,0,0,123.47
1782642155443,1,0,0,119.23
1782642155443,2,0,0,114.46
1782642155443,3,0,0,119.91
1782642155443,4,0,0,73.21
1782642155443,5,0,0,71.95
1782642155443,6,0,0,68.30
1782642155443,7,0,0,71.49
1782642155679,0,0,0,123.50
1782642155679,1,0,0,119.26
1782642155679,2,0,0,114.46
1782642155679,3,0,0,119.93
1782642155679,4,0,0,73.21
1782642155679,5,0,0,71.96
1782642155679,6,0,0,68.28
1782642155679,7,0,0,71.48
1782642155953,0,0,0,123.51
1782642155953,1,0,0,119.30
1782642155953,2,0,0,114.46
1782642155953,3,0,0,119.93
1782642155953,4,0,0,73.18
1782642155953,5,0,0,71.93
1782642155953,6,0,0,68.27
1782642155953,7,0,0,71.47
1782642156303,0,0,0,123.57
1782642156303,1,0,0,119.31
1782642156303,2,0,0,114.46
1782642156303,3,0,0,119.94
1782642156303,4,0,0,73.17
1782642156303,5,0,0,71.88
1782642156303,6,0,0,68.26
1782642156303,7,0,0,71.45
1782642156621,0,0,0,123.57
1782642156621,1,0,0,119.29
1782642156621,2,0,0,114.46
1782642156621,3,0,0,119.96
1782642156621,4,0,0,73.17
1782642156621,5,0,0,71.88
1782642156621,6,0,0,68.37
1782642156621,7,0,0,71.47
1782642156854,0,0,0,123.58
1782642156854,1,0,0,119.26
1782642156854,2,0,0,114.48
1782642156854,3,0,0,119.96
1782642156854,4,0,0,73.15
1782642156854,5,0,0,71.89
1782642156854,6,0,0,68.25
1782642156854,7,0,0,71.47
1782642157089,0,0,0,123.58
1782642157089,1,0,0,119.21
1782642157089,2,0,0,114.49
1782642157089,3,0,0,119.95
1782642157089,4,0,0,73.17
1782642157089,5,0,0,71.86
1782642157089,6,0,0,68.40
1782642157089,7,0,0,71.46
1782642157323,0,0,0,123.58
1782642157323,1,0,0,119.21
1782642157323,2,0,0,114.47
1782642157323,3,0,0,119.94
1782642157323,4,0,0,73.12
1782642157323,5,0,0,71.89
1782642157323,6,0,0,68.37
1782642157323,7,0,0,71.48
1782642157691,0,0,0,123.58
1782642157691,1,0,0,119.23
1782642157691,2,0,0,114.47
1782642157691,3,0,0,119.95
1782642157691,4,0,0,73.11
1782642157691,5,0,0,71.87
1782642157691,6,0,0,68.34
1782642157691,7,0,0,71.46
1782642158012,0,0,0,123.57
1782642158012,1,0,0,119.25
1782642158012,2,0,0,114.42
1782642158012,3,0,0,119.97
1782642158012,4,0,0,73.13
1782642158012,5,0,0,71.88
1782642158012,6,0,0,68.27
1782642158012,7,0,0,71.43
1782642158307,0,0,0,123.58
1782642158307,1,0,0,119.25
1782642158307,2,0,0,114.42
1782642158307,3,0,0,119.97
1782642158307,4,0,0,73.16
1782642158307,5,0,0,71.93
1782642158307,6,0,0,68.42
1782642158307,7,0,0,71.41
1782642158544,0,0,0,123.57
1782642158544,1,0,0,119.25
1782642158544,2,0,0,114.43
1782642158544,3,0,0,119.97
1782642158544,4,0,0,73.17
1782642158544,5,0,0,71.93
1782642158544,6,0,0,68.31
1782642158544,7,0,0,71.40
1782642158780,0,0,0,123.62
1782642158780,1,0,0,119.26
1782642158780,2,0,0,114.42
1782642158780,3,0,0,119.98
1782642158780,4,0,0,73.17
1782642158780,5,0,0,71.92
1782642158780,6,0,0,68.38
1782642158780,7,0,0,71.37
1782642159015,0,0,0,123.59
1782642159015,1,0,0,119.25
1782642159015,2,0,0,114.46
1782642159015,3,0,0,119.98
1782642159015,4,0,0,73.14
1782642159015,5,0,0,71.96
1782642159015,6,0,0,68.30
1782642159015,7,0,0,71.40
1782642159250,0,0,0,123.60
1782642159250,1,0,0,119.25
1782642159250,2,0,0,114.49
1782642159250,3,0,0,119.97
1782642159250,4,0,0,73.16
1782642159250,5,0,0,71.92
1782642159250,6,0,0,68.28
1782642159250,7,0,0,71.39
1782642159502,0,0,0,123.59
1782642159502,1,0,0,119.25
1782642159502,2,0,0,114.51
1782642159502,3,0,0,119.99
1782642159502,4,0,0,73.18
1782642159502,5,0,0,71.90
1782642159502,6,0,0,68.43
1782642159502,7,0,0,71.42
1782642159771,0,0,0,123.56
1782642159771,1,0,0,119.25
1782642159771,2,0,0,114.51
1782642159771,3,0,0,119.96
1782642159771,4,0,0,73.17
1782642159771,5,0,0,71.95
1782642159771,6,0,0,68.29
1782642159771,7,0,0,71.43
1782642160007,0,0,0,123.56
1782642160007,1,0,0,119.25
1782642160007,2,0,0,114.52
1782642160007,3,0,0,119.96
1782642160007,4,0,0,73.18
1782642160007,5,0,0,71.94
1782642160007,6,0,0,68.41
1782642160007,7,0,0,71.42
1782642160243,0,0,0,123.57
1782642160243,1,0,0,119.29
1782642160243,2,0,0,114.51
1782642160243,3,0,0,119.92
1782642160243,4,0,0,73.20
1782642160243,5,0,0,71.92
1782642160243,6,0,0,68.35
1782642160243,7,0,0,71.45
1782642160479,0,0,0,123.53
1782642160479,1,0,0,119.29
1782642160479,2,0,0,114.49
1782642160479,3,0,0,119.90
1782642160479,4,0,0,73.19
1782642160479,5,0,0,71.97
1782642160479,6,0,0,68.32
1782642160479,7,0,0,71.45
1782642160715,0,0,0,123.55
1782642160715,1,0,0,119.28
1782642160715,2,0,0,114.50
1782642160715,3,0,0,119.90
1782642160715,4,0,0,73.19
1782642160715,5,0,0,71.97
1782642160715,6,0,0,68.28
1782642160715,7,0,0,71.46
1782642160949,0,0,0,123.54
1782642160949,1,0,0,119.27
1782642160949,2,0,0,114.49
1782642160949,3,0,0,119.90
1782642160949,4,0,0,73.18
1782642160949,5,0,0,71.96
1782642160949,6,0,0,68.24
1782642160949,7,0,0,71.47
1782642161186,0,0,0,123.54
1782642161186,1,0,0,119.23
1782642161186,2,0,0,114.47
1782642161186,3,0,0,119.91
1782642161186,4,0,0,73.17
1782642161186,5,0,0,72.00
1782642161186,6,0,0,68.38
1782642161186,7,0,0,71.48
1782642161423,0,0,0,123.56
1782642161423,1,0,0,119.27
1782642161423,2,0,0,114.49
1782642161423,3,0,0,119.91
1782642161423,4,0,0,73.17
1782642161423,5,0,0,71.97
1782642161423,6,0,0,68.24
1782642161423,7,0,0,71.48
1782642161659,0,0,0,123.53
1782642161659,1,0,0,119.27
1782642161659,2,0,0,114.47
1782642161659,3,0,0,119.92
1782642161659,4,0,0,73.17
1782642161659,5,0,0,71.90
1782642161659,6,0,0,68.37
1782642161659,7,0,0,71.47
1782642161895,0,0,0,123.53
1782642161895,1,0,0,119.29
1782642161895,2,0,0,114.49
1782642161895,3,0,0,119.93
1782642161895,4,0,0,73.17
1782642161895,5,0,0,71.93
1782642161895,6,0,0,68.27
1782642161895,7,0,0,71.46
1782642162168,0,0,0,123.53
1782642162168,1,0,0,119.27
1782642162168,2,0,0,114.51
1782642162168,3,0,0,119.94
1782642162168,4,0,0,73.16
1782642162168,5,0,0,71.91
1782642162168,6,0,0,68.35
1782642162168,7,0,0,71.46
1782642162624,0,0,0,123.58
1782642162624,1,0,0,119.28
1782642162624,2,0,0,114.52
1782642162624,3,0,0,119.97
1782642162624,4,0,0,73.17
1782642162624,5,0,0,71.91
1782642162624,6,0,0,68.30
1782642162624,7,0,0,71.45
1782642162860,0,0,0,123.61
1782642162860,1,0,0,119.26
1782642162860,2,0,0,114.50
1782642162860,3,0,0,120.00
1782642162860,4,0,0,76.62
1782642162860,5,0,0,71.90
1782642162860,6,0,0,72.07
1782642162860,7,0,0,71.44
1782642163142,0,0,0,123.63
1782642163142,1,0,0,119.26
1782642163142,2,0,0,114.50
1782642163142,3,0,0,119.97
1782642163142,4,0,0,90.79
1782642163142,5,0,0,71.88
1782642163142,6,0,0,90.48
1782642163142,7,0,0,71.45
1782642163508,0,0,0,123.67
1782642163508,1,0,0,119.25
1782642163508,2,0,0,114.50
1782642163508,3,0,0,120.00
1782642163508,4,3,0,109.75
1782642163508,5,0,0,71.88
1782642163508,6,3,0,103.52
1782642163508,7,0,0,71.43
1782642163796,0,0,0,123.65
1782642163796,1,0,0,119.25
1782642163796,2,0,0,114.50
1782642163796,3,0,0,120.00
1782642163796,4,0,0,119.24
1782642163796,5,0,0,71.89
1782642163796,6,0,0,113.49
1782642163796,7,0,0,71.43
1782642164023,0,0,0,123.66
1782642164023,1,0,0,119.25
1782642164023,2,0,0,114.52
1782642164023,3,0,0,120.02
1782642164023,4,0,0,121.61
1782642164023,5,0,0,71.91
1782642164023,6,0,0,114.67
1782642164023,7,0,0,82.15
1782642164310,0,0,0,123.63
1782642164310,1,0,0,119.24
1782642164310,2,0,0,114.53
1782642164310,3,0,0,119.99
1782642164310,4,9,1,122.36
1782642164310,5,3,0,80.79
1782642164310,6,4,1,115.13
1782642164310,7,0,0,91.58
1782642164536,0,0,0,123.63
1782642164536,1,0,0,119.25
1782642164536,2,0,0,114.53
1782642164536,3,0,0,119.99
1782642164536,4,7,1,122.59
1782642164536,5,0,0,94.35
1782642164536,6,8,1,115.55
1782642164536,7,0,0,101.61
1782642164757,0,0,0,123.61
1782642164757,1,0,0,119.24
1782642164757,2,0,0,114.56
1782642164757,3,0,0,120.00
1782642164757,4,22,0,122.80
1782642164757,5,0,0,104.02
1782642164757,6,20,0,115.65
1782642164757,7,4,0,111.30
1782642165007,0,0,0,123.61
1782642165007,1,0,0,119.23
1782642165007,2,0,0,114.57
1782642165007,3,0,0,119.96
1782642165007,4,24,0,123.06
1782642165007,5,4,0,112.55
1782642165007,6,20,0,115.95
1782642165007,7,0,0,119.63
1782642165228,0,0,0,123.59
1782642165228,1,0,0,119.24
1782642165228,2,0,0,114.55
1782642165228,3,0,0,119.98
1782642165228,4,13,0,122.63
1782642165228,5,2,0,118.30
1782642165228,6,15,0,115.52
1782642165228,7,0,0,120.01
1782642165460,0,0,0,123.57
1782642165460,1,0,0,119.24
1782642165460,2,0,0,114.54
1782642165460,3,0,0,119.93
1782642165460,4,20,0,122.40
1782642165460,5,13,2,119.19
1782642165460,6,23,0,115.22
1782642165460,7,12,2,120.72
1782642165688,0,0,0,123.56
1782642165688,1,0,0,119.27
1782642165688,2,0,0,114.55
1782642165688,3,0,0,119.95
1782642165688,4,21,0,122.36
1782642165688,5,23,0,119.46
1782642165688,6,28,0,115.28
1782642165688,7,25,0,121.06
1782642165913,0,0,0,123.56
1782642165913,1,0,0,119.27
1782642165913,2,0,0,114.54
1782642165913,3,0,0,119.93
1782642165913,4,23,0,122.31
1782642165913,5,21,0,119.49
1782642165913,6,27,0,115.22
1782642165913,7,21,0,121.24
1782642166138,0,0,0,123.55
1782642166138,1,0,0,119.28
1782642166138,2,0,0,114.53
1782642166138,3,0,0,119.92
1782642166138,4,20,0,122.33
1782642166138,5,21,0,119.76
1782642166138,6,13,0,115.26
1782642166138,7,26,0,121.47
1782642166363,0,0,0,123.57
1782642166363,1,0,0,119.28
1782642166363,2,0,0,114.56
1782642166363,3,0,0,119.93
1782642166363,4,23,0,122.33
1782642166363,5,22,0,119.32
1782642166363,6,26,0,115.30
1782642166363,7,22,0,120.86
1782642166587,0,0,0,123.55
1782642166587,1,0,0,119.28
1782642166587,2,0,0,114.57
1782642166587,3,0,0,119.91
1782642166587,4,24,0,122.36
1782642166587,5,4,0,118.89
1782642166587,6,26,0,115.39
1782642166587,7,22,0,120.58
1782642166811,0,0,0,123.57
1782642166811,1,0,0,119.28
1782642166811,2,0,0,114.57
1782642166811,3,0,0,119.92
1782642166811,4,23,0,122.31
1782642166811,5,25,0,118.99
1782642166811,6,26,0,115.22
1782642166811,7,24,0,120.59
1782642167035,0,0,0,123.57
1782642167035,1,0,0,119.29
1782642167035,2,0,0,114.57
1782642167035,3,0,0,119.91
1782642167035,4,23,0,122.35
1782642167035,5,26,0,119.08
1782642167035,6,26,0,115.40
1782642167035,7,23,0,120.57
1782642167259,0,0,0,123.57
1782642167259,1,0,0,119.29
1782642167259,2,0,0,114.56
1782642167259,3,0,0,119.92
1782642167259,4,22,0,122.35
1782642167259,5,26,0,119.08
1782642167259,6,26,0,115.21
1782642167259,7,18,0,120.59
1782642167483,0,0,0,123.51
1782642167483,1,0,0,119.28
1782642167483,2,0,0,114.53
1782642167483,3,0,0,119.95
1782642167483,4,18,0,122.22
1782642167483,5,23,0,119.22
1782642167483,6,0,0,115.12
1782642167483,7,19,0,120.61
1782642167706,0,0,0,123.52
1782642167706,1,0,0,119.30
1782642167706,2,0,0,114.53
1782642167706,3,0,0,119.94
1782642167706,4,0,0,122.10
1782642167706,5,23,0,119.19
1782642167706,6,0,0,114.85
1782642167706,7,20,0,120.61
1782642167929,0,0,0,123.54
1782642167929,1,0,0,119.30
1782642167929,2,0,0,114.54
1782642167929,3,0,0,119.94
1782642167929,4,0,0,121.93
1782642167929,5,12,0,119.14
1782642167929,6,0,0,114.80
1782642167929,7,16,0,120.54
1782642168153,0,0,0,123.56
1782642168153,1,0,0,119.29
1782642168153,2,0,0,114.53
1782642168153,3,0,0,119.92
1782642168153,4,0,0,121.77
1782642168153,5,21,0,119.15
1782642168153,6,0,0,114.49
1782642168153,7,21,0,120.62
1782642168377,0,0,0,123.59
1782642168377,1,0,0,119.31
1782642168377,2,0,0,114.54
1782642168377,3,0,0,119.92
1782642168377,4,0,0,121.49
1782642168377,5,21,0,119.11
1782642168377,6,0,0,114.41
1782642168377,7,21,0,120.64
1782642168601,0,0,0,123.64
1782642168601,1,0,0,119.30
1782642168601,2,0,0,114.54
1782642168601,3,0,0,119.92
1782642168601,4,0,0,121.50
1782642168601,5,21,0,119.06
1782642168601,6,0,0,114.44
1782642168601,7,16,0,120.55
1782642168821,0,0,0,123.63
1782642168821,1,0,0,119.29
1782642168821,2,0,0,114.51
1782642168821,3,0,0,119.95
1782642168821,4,0,0,121.47
1782642168821,5,0,0,118.77
1782642168821,6,0,0,114.41
1782642168821,7,0,0,120.46
1782642169042,0,0,0,123.62
1782642169042,1,0,0,119.29
1782642169042,2,0,0,114.51
1782642169042,3,0,0,119.95
1782642169042,4,0,0,121.46
1782642169042,5,0,0,118.56
1782642169042,6,0,0,114.39
1782642169042,7,0,0,120.30
1782642169262,0,0,0,123.63
1782642169262,1,0,0,119.29
1782642169262,2,0,0,114.53
1782642169262,3,0,0,119.97
1782642169262,4,0,0,121.45
1782642169262,5,0,0,118.40
1782642169262,6,0,0,114.32
1782642169262,7,0,0,120.12
1782642169483,0,0,0,123.63
1782642169483,1,0,0,119.29
1782642169483,2,0,0,114.52
1782642169483,3,0,0,119.97
1782642169483,4,0,0,121.46
1782642169483,5,0,0,118.18
1782642169483,6,0,0,114.46
1782642169483,7,0,0,119.92
1782642169701,0,0,0,123.67
1782642169701,1,0,0,119.26
1782642169701,2,0,0,114.54
1782642169701,3,0,0,119.96
1782642169701,4,0,0,121.47
1782642169701,5,0,0,118.17
1782642169701,6,0,0,114.33
1782642169701,7,0,0,119.84
1782642169919,0,0,0,123.66
1782642169919,1,0,0,119.27
1782642169919,2,0,0,114.53
1782642169919,3,0,0,119.97
1782642169919,4,0,0,121.47
1782642169919,5,0,0,118.14
1782642169919,6,0,0,114.48
1782642169919,7,0,0,119.85
1782642170137,0,0,0,123.72
1782642170137,1,0,0,119.27
1782642170137,2,0,0,114.55
1782642170137,3,0,0,119.98
1782642170137,4,0,0,121.50
1782642170137,5,0,0,118.12
1782642170137,6,0,0,114.35
1782642170137,7,0,0,119.83
1782642170357,0,0,0,123.69
1782642170357,1,0,0,119.26
1782642170357,2,0,0,114.53
1782642170357,3,0,0,119.99
1782642170357,4,0,0,121.49
1782642170357,5,0,0,118.19
1782642170357,6,0,0,114.51
1782642170357,7,0,0,119.80
1782642170591,0,0,0,123.69
1782642170591,1,0,0,119.26
1782642170591,2,0,0,114.53
1782642170591,3,0,0,119.99
1782642170591,4,0,0,121.47
1782642170591,5,0,0,118.18
1782642170591,6,0,0,114.36
1782642170591,7,0,0,119.80
1782642170808,0,0,0,123.66
1782642170808,1,0,0,119.27
1782642170808,2,0,0,114.53
1782642170808,3,0,0,120.01
1782642170808,4,0,0,121.45
1782642170808,5,0,0,118.21
1782642170808,6,0,0,114.53
1782642170808,7,0,0,119.80
1782642171027,0,0,0,123.64
1782642171027,1,0,0,119.25
1782642171027,2,0,0,114.53
1782642171027,3,0,0,120.01
1782642171027,4,0,0,121.48
1782642171027,5,0,0,118.24
1782642171027,6,0,0,114.37
1782642171027,7,0,0,119.78
1782642171244,0,0,0,123.65
1782642171244,1,0,0,119.29
1782642171244,2,0,0,114.55
1782642171244,3,0,0,120.01
1782642171244,4,0,0,121.48
1782642171244,5,0,0,118.19
1782642171244,6,0,0,114.53
1782642171244,7,0,0,119.79
1782642171461,0,0,0,123.66
1782642171461,1,0,0,119.29
1782642171461,2,0,0,114.56
1782642171461,3,0,0,119.96
1782642171461,4,0,0,121.49
1782642171461,5,0,0,118.24
1782642171461,6,0,0,114.42
1782642171461,7,0,0,119.79
1782642171677,0,0,0,123.65
1782642171677,1,0,0,119.30
1782642171677,2,0,0,114.56
1782642171677,3,0,0,119.97
1782642171677,4,0,0,121.55
1782642171677,5,0,0,118.23
1782642171677,6,0,0,114.42
1782642171677,7,0,0,119.80
1782642171895,0,0,0,123.63
1782642171895,1,0,0,119.28
1782642171895,2,0,0,114.57
1782642171895,3,0,0,119.94
1782642171895,4,0,0,121.56
1782642171895,5,0,0,118.24
1782642171895,6,0,0,114.40
1782642171895,7,0,0,119.82
1782642172113,0,0,0,123.65
1782642172113,1,0,0,119.30
1782642172113,2,0,0,114.58
1782642172113,3,0,0,119.96
1782642172113,4,0,0,121.56
1782642172113,5,0,0,118.25
1782642172113,6,0,0,114.46
1782642172113,7,0,0,119.83
1782642172330,0,0,0,123.63
1782642172330,1,0,0,119.28
1782642172330,2,0,0,114.58
1782642172330,3,0,0,119.93
1782642172330,4,0,0,121.55
1782642172330,5,0,0,118.27
1782642172330,6,0,0,114.38
1782642172330,7,0,0,119.85
1782642172548,0,0,0,123.65
1782642172548,1,0,0,119.29
1782642172548,2,0,0,114.57
1782642172548,3,0,0,119.96
1782642172548,4,0,0,121.57
1782642172548,5,0,0,118.26
1782642172548,6,0,0,114.44
1782642172548,7,0,0,119.85
1782642172766,0,0,0,123.67
1782642172766,1,0,0,119.32
1782642172766,2,0,0,114.58
1782642172766,3,0,0,119.96
1782642172766,4,0,0,121.56
1782642172766,5,0,0,118.26
1782642172766,6,0,0,114.48
1782642172766,7,0,0,119.89
1782642172985,0,0,0,123.69
1782642172985,1,0,0,119.30
1782642172985,2,0,0,114.58
1782642172985,3,0,0,119.97
1782642172985,4,0,0,121.60
1782642172985,5,0,0,118.23
1782642172985,6,0,0,114.37
1782642172985,7,0,0,119.89
1782642173204,0,0,0,123.67
1782642173204,1,0,0,119.29
1782642173204,2,0,0,114.58
1782642173204,3,0,0,119.96
1782642173204,4,0,0,121.59
1782642173204,5,0,0,118.27
1782642173204,6,0,0,114.46
1782642173204,7,0,0,119.91
1782642173421,0,0,0,123.66
1782642173421,1,0,0,119.33
1782642173421,2,0,0,114.60
1782642173421,3,0,0,119.96
1782642173421,4,0,0,121.59
1782642173421,5,0,0,118.23
1782642173421,6,0,0,114.40
1782642173421,7,0,0,119.91
1782642173639,0,0,0,123.64
1782642173639,1,0,0,119.33
1782642173639,2,0,0,114.60
1782642173639,3,0,0,119.95
1782642173639,4,0,0,121.58
1782642173639,5,0,0,118.24
1782642173639,6,0,0,114.47
1782642173639,7,0,0,119.92
1782642173858,0,0,0,123.59
1782642173858,1,0,0,119.28
1782642173858,2,0,0,114.57
1782642173858,3,0,0,119.97
1782642173858,4,0,0,121.60
1782642173858,5,0,0,118.28
1782642173858,6,0,0,114.37
1782642173858,7,0,0,119.92
1782642174077,0,0,0,123.54
1782642174077,1,0,0,119.32
1782642174077,2,0,0,114.58
1782642174077,3,0,0,119.99
1782642174077,4,0,0,121.61
1782642174077,5,0,0,118.23
1782642174077,6,0,0,114.53
1782642174077,7,0,0,119.92
1782642174294,0,0,0,123.57
1782642174294,1,0,0,119.34
1782642174294,2,0,0,114.58
1782642174294,3,0,0,120.01
1782642174294,4,0,0,121.59
1782642174294,5,0,0,118.29
1782642174294,6,0,0,114.39
1782642174294,7,0,0,119.95
1782642174511,0,0,0,123.61
1782642174511,1,0,0,119.34
1782642174511,2,0,0,114.57
1782642174511,3,0,0,120.01
1782642174511,4,0,0,121.57
1782642174511,5,0,0,118.24
1782642174511,6,0,0,114.54
1782642174511,7,0,0,119.93
1782642174730,0,0,0,123.61
1782642174730,1,0,0,119.34
1782642174730,2,0,0,114.57
1782642174730,3,0,0,120.00
1782642174730,4,0,0,121.57
1782642174730,5,0,0,118.21
1782642174730,6,0,0,114.44
1782642174730,7,0,0,119.93
1782642174949,0,0,0,123.71
1782642174949,1,0,0,119.36
1782642174949,2,0,0,114.57
1782642174949,3,0,0,119.99
1782642174949,4,0,0,121.58
1782642174949,5,0,0,118.26
1782642174949,6,0,0,118.27
1782642174949,7,0,0,119.92
1782642175169,0,0,0,123.67
1782642175169,1,0,0,119.30
1782642175169,2,0,0,114.58
1782642175169,3,0,0,119.98
1782642175169,4,33,26,136.25
1782642175169,5,0,0,118.21
1782642175169,6,2,2,128.53
1782642175169,7,0,0,119.93
1782642175392,0,0,0,123.69
1782642175392,1,0,0,119.27
1782642175392,2,0,0,114.56
1782642175392,3,0,0,119.97
1782642175392,4,0,0,136.59
1782642175392,5,0,0,118.27
1782642175392,6,0,0,128.96
1782642175392,7,0,0,119.91
1782642175611,0,0,0,123.67
1782642175611,1,0,0,119.29
1782642175611,2,0,0,114.56
1782642175611,3,0,0,120.01
1782642175611,4,0,0,136.33
1782642175611,5,0,0,118.25
1782642175611,6,0,0,128.88
1782642175611,7,0,0,119.92
1782642175831,0,0,0,123.67
1782642175831,1,0,0,119.26
1782642175831,2,0,0,114.54
1782642175831,3,0,0,120.02
1782642175831,4,29,22,150.20
1782642175831,5,0,0,118.26
1782642175831,6,40,32,139.02
1782642175831,7,0,0,119.95
1782642176091,0,0,0,123.67
1782642176091,1,0,0,119.27
1782642176091,2,0,0,114.56
1782642176091,3,0,0,120.01
1782642176091,4,0,0,146.08
1782642176091,5,0,0,131.38
1782642176091,6,0,0,138.62
1782642176091,7,0,0,119.95
1782642176310,0,0,0,123.69
1782642176310,1,0,0,119.29
1782642176310,2,0,0,114.54
1782642176310,3,0,0,120.04
1782642176310,4,0,0,135.02
1782642176310,5,0,0,131.41
1782642176310,6,0,0,128.14
1782642176310,7,0,0,119.97
1782642176527,0,0,0,123.68
1782642176527,1,0,0,119.27
1782642176527,2,0,0,114.55
1782642176527,3,0,0,120.03
1782642176527,4,0,0,143.36
1782642176527,5,2,1,141.41
1782642176527,6,0,0,137.27
1782642176527,7,3,2,123.30
1782642176747,0,0,0,123.70
1782642176747,1,0,0,119.29
1782642176747,2,0,0,114.54
1782642176747,3,0,0,120.05
1782642176747,4,0,0,138.02
1782642176747,5,0,0,141.05
1782642176747,6,0,0,136.78
1782642176747,7,0,0,130.46
1782642176965,0,0,0,123.69
1782642176965,1,0,0,119.29
1782642176965,2,0,0,114.56
1782642176965,3,0,0,120.05
1782642176965,4,0,0,129.60
1782642176965,5,0,0,128.36
1782642176965,6,0,0,123.64
1782642176965,7,0,0,130.49
1782642177185,0,0,0,123.69
1782642177185,1,0,0,119.29
1782642177185,2,0,0,114.57
1782642177185,3,0,0,120.03
1782642177185,4,0,0,129.57
1782642177185,5,0,0,128.28
1782642177185,6,0,0,123.65
1782642177185,7,0,0,130.72
1782642177403,0,0,0,123.69
1782642177403,1,0,0,119.29
1782642177403,2,0,0,114.57
1782642177403,3,0,0,120.04
1782642177403,4,0,0,129.58
1782642177403,5,0,0,128.27
1782642177403,6,0,0,123.62
1782642177403,7,0,0,130.54
1782642177624,0,0,0,123.71
1782642177624,1,0,0,119.31
1782642177624,2,0,0,114.61
1782642177624,3,0,0,120.01
1782642177624,4,0,0,121.68
1782642177624,5,0,0,118.49
1782642177624,6,0,0,114.60
1782642177624,7,0,0,120.11
1782642177843,0,0,0,123.71
1782642177843,1,0,0,119.31
1782642177843,2,0,0,114.58
1782642177843,3,0,0,120.01
1782642177843,4,0,0,121.69
1782642177843,5,0,0,118.51
1782642177843,6,0,0,114.76
1782642177843,7,0,0,120.07
1782642178063,0,0,0,123.72
1782642178063,1,0,0,119.32
1782642178063,2,0,0,114.61
1782642178063,3,0,0,119.97
1782642178063,4,0,0,121.70
1782642178063,5,0,0,118.49
1782642178063,6,0,0,114.64
1782642178063,7,0,0,120.08
1782642178282,0,0,0,123.70
1782642178282,1,0,0,119.33
1782642178282,2,0,0,114.60
1782642178282,3,0,0,119.99
1782642178282,4,0,0,121.72
1782642178282,5,0,0,118.47
1782642178282,6,0,0,114.72
1782642178282,7,0,0,120.09
1782642178502,0,0,0,123.67
1782642178502,1,0,0,119.32
1782642178502,2,0,0,114.58
1782642178502,3,0,0,119.97
1782642178502,4,1,0,170.81
1782642178502,5,20,21,127.15
1782642178502,6,0,0,161.07
1782642178502,7,95,100,168.41
1782642178741,0,0,0,123.65
1782642178741,1,0,0,119.32
1782642178741,2,0,0,114.56
1782642178741,3,0,0,119.97
1782642178741,4,43,38,178.73
1782642178741,5,25,19,174.97
1782642178741,6,67,62,171.09
1782642178741,7,0,0,175.45
1782642178961,0,0,0,123.62
1782642178961,1,0,0,119.30
1782642178961,2,0,0,114.57
1782642178961,3,0,0,119.98
1782642178961,4,0,0,179.93
1782642178961,5,0,0,173.99
1782642178961,6,0,0,171.44
1782642178961,7,0,0,176.65
1782642179180,0,0,0,123.64
1782642179180,1,0,0,119.31
1782642179180,2,0,0,114.60
1782642179180,3,0,0,119.94
1782642179180,4,0,0,179.97
1782642179180,5,0,0,175.13
1782642179180,6,0,0,170.45
1782642179180,7,0,0,176.68
1782642179400,0,0,0,123.65
1782642179400,1,0,0,119.36
1782642179400,2,0,0,114.57
1782642179400,3,0,0,119.95
1782642179400,4,0,0,176.23
1782642179400,5,0,0,175.14
1782642179400,6,0,0,170.21
1782642179400,7,0,0,171.53
1782642179619,0,0,0,123.68
1782642179619,1,0,0,119.36
1782642179619,2,0,0,114.58
1782642179619,3,0,0,119.94
1782642179619,4,0,0,121.92
1782642179619,5,0,0,118.71
1782642179619,6,0,0,115.77
1782642179619,7,0,0,120.42
1782642179854,0,0,0,123.69
1782642179854,1,0,0,119.35
1782642179854,2,0,0,114.57
1782642179854,3,0,0,119.95
1782642179854,4,0,0,121.79
1782642179854,5,0,0,118.62
1782642179854,6,0,0,149.15
1782642179854,7,0,0,120.27
1782642180099,0,0,0,123.69
1782642180099,1,0,0,119.34
1782642180099,2,0,0,114.53
1782642180099,3,0,0,119.96
1782642180099,4,83,86,173.04
1782642180099,5,33,34,165.42
1782642180099,6,83,87,166.15
1782642180099,7,0,0,170.74
1782642180319,0,0,0,123.66
1782642180319,1,0,0,119.33
1782642180319,2,0,0,114.52
1782642180319,3,0,0,119.97
1782642180319,4,0,0,172.12
1782642180319,5,0,0,165.41
1782642180319,6,0,0,165.37
1782642180319,7,0,0,169.84
1782642180538,0,0,0,123.65
1782642180538,1,0,0,119.30
1782642180538,2,0,0,114.53
1782642180538,3,0,0,119.99
1782642180538,4,0,0,172.17
1782642180538,5,0,0,165.48
1782642180538,6,0,0,165.40
1782642180538,7,0,0,170.92
1782642180773,0,0,0,123.63
1782642180773,1,0,0,119.29
1782642180773,2,0,0,114.53
1782642180773,3,0,0,119.95
1782642180773,4,88,92,237.91
1782642180773,5,33,26,213.11
1782642180773,6,79,72,257.02
1782642180773,7,72,68,233.69
1782642181013,0,0,0,123.64
1782642181013,1,0,0,119.30
1782642181013,2,0,0,114.53
1782642181013,3,0,0,119.95
1782642181013,4,93,50,299.70
1782642181013,5,81,83,288.00
1782642181013,6,85,56,290.88
1782642181013,7,96,48,295.67
1782642181242,0,0,0,123.65
1782642181242,1,0,0,119.27
1782642181242,2,0,0,114.54
1782642181242,3,0,0,119.95
1782642181242,4,0,0,306.11
1782642181242,5,0,0,293.70
1782642181242,6,0,0,294.49
1782642181242,7,6,5,298.74
1782642181461,0,0,0,123.67
1782642181461,1,0,0,119.26
1782642181461,2,0,0,114.56
1782642181461,3,0,0,119.99
1782642181461,4,0,0,301.91
1782642181461,5,0,0,297.24
1782642181461,6,0,0,294.26
1782642181461,7,0,0,298.53
1782642181692,0,0,0,123.67
1782642181692,1,0,0,119.27
1782642181692,2,0,0,114.54
1782642181692,3,0,0,120.00
1782642181692,4,0,0,275.57
1782642181692,5,0,0,283.94
1782642181692,6,0,0,241.94
1782642181692,7,0,0,267.76
1782642181911,0,0,0,123.71
1782642181911,1,0,0,119.29
1782642181911,2,0,0,114.54
1782642181911,3,0,0,120.02
1782642181911,4,0,0,191.12
1782642181911,5,0,0,220.21
1782642181911,6,0,0,148.35
1782642181911,7,0,0,177.94
1782642182129,0,0,0,123.71
1782642182129,1,0,0,119.28
1782642182129,2,0,0,114.56
1782642182129,3,0,0,120.05
1782642182129,4,0,0,120.00
1782642182129,5,0,0,118.79
1782642182129,6,0,0,115.37
1782642182129,7,0,0,120.14
1782642182347,0,0,0,123.75
1782642182347,1,0,0,119.31
1782642182347,2,0,0,114.58
1782642182347,3,0,0,120.05
1782642182347,4,0,0,120.01
1782642182347,5,0,0,118.78
1782642182347,6,0,0,115.43
1782642182347,7,0,0,120.14
1782642182565,0,0,0,123.73
1782642182565,1,0,0,119.31
1782642182565,2,0,0,114.56
1782642182565,3,0,0,120.03
1782642182565,4,0,0,119.99
1782642182565,5,0,0,118.68
1782642182565,6,0,0,115.22
1782642182565,7,0,0,120.03
1782642182783,0,0,0,123.73
1782642182783,1,0,0,119.31
1782642182783,2,0,0,114.57
1782642182783,3,0,0,120.05
1782642182783,4,0,0,119.95
1782642182783,5,0,0,118.65
1782642182783,6,0,0,115.35
1782642182783,7,0,0,119.94
1782642183003,0,0,0,123.73
1782642183003,1,0,0,119.31
1782642183003,2,0,0,114.57
1782642183003,3,0,0,120.02
1782642183003,4,0,0,119.97
1782642183003,5,0,0,118.59
1782642183003,6,0,0,115.16
1782642183003,7,0,0,119.91
1782642183222,0,0,0,123.71
1782642183222,1,0,0,119.31
1782642183222,2,0,0,114.58
1782642183222,3,0,0,120.04
1782642183222,4,0,0,119.95
1782642183222,5,0,0,118.62
1782642183222,6,0,0,115.30
1782642183222,7,0,0,119.88
1782642183441,0,0,0,123.68
1782642183441,1,0,0,119.29
1782642183441,2,0,0,114.57
1782642183441,3,0,0,120.03
1782642183441,4,0,0,119.94
1782642183441,5,0,0,118.60
1782642183441,6,0,0,115.14
1782642183441,7,0,0,119.87
1782642183658,0,0,0,123.68
1782642183658,1,0,0,119.31
1782642183658,2,0,0,114.58
1782642183658,3,0,0,120.01
1782642183658,4,0,0,119.95
1782642183658,5,0,0,118.58
1782642183658,6,0,0,115.22
1782642183658,7,0,0,119.85
1782642183877,0,0,0,123.69
1782642183877,1,0,0,119.32
1782642183877,2,0,0,114.59
1782642183877,3,0,0,120.02
1782642183877,4,0,0,119.99
1782642183877,5,0,0,118.59
1782642183877,6,0,0,115.15
1782642183877,7,0,0,119.86
1782642184104,0,0,0,123.67
1782642184104,1,0,0,119.33
1782642184104,2,0,0,114.57
1782642184104,3,0,0,120.01
1782642184104,4,0,0,119.98
1782642184104,5,0,0,118.55
1782642184104,6,0,0,115.20
1782642184104,7,0,0,119.84
1782642184323,0,0,0,123.67
1782642184323,1,0,0,119.33
1782642184323,2,0,0,114.59
1782642184323,3,0,0,119.99
1782642184323,4,0,0,119.99
1782642184323,5,0,0,118.61
1782642184323,6,0,0,115.14
1782642184323,7,0,0,119.83
1782642184542,0,0,0,123.68
1782642184542,1,0,0,119.34
1782642184542,2,0,0,114.59
1782642184542,3,0,0,119.97
1782642184542,4,0,0,119.97
1782642184542,5,0,0,118.57
1782642184542,6,0,0,115.22
1782642184542,7,0,0,119.84
1782642184762,0,0,0,123.67
1782642184762,1,0,0,119.33
1782642184762,2,0,0,114.60
1782642184762,3,0,0,119.98
1782642184762,4,0,0,119.95
1782642184762,5,0,0,118.54
1782642184762,6,0,0,115.20
1782642184762,7,0,0,119.84
1782642184981,0,0,0,123.68
1782642184981,1,0,0,119.32
1782642184981,2,0,0,114.60
1782642184981,3,0,0,119.98
1782642184981,4,0,0,119.93
1782642184981,5,0,0,118.59
1782642184981,6,0,0,115.09
1782642184981,7,0,0,119.83
1782642185200,0,0,0,123.68
1782642185200,1,0,0,119.34
1782642185200,2,0,0,114.61
1782642185200,3,0,0,120.00
1782642185200,4,0,0,119.93
1782642185200,5,0,0,118.54
1782642185200,6,0,0,115.18
1782642185200,7,0,0,119.82
1782642185418,0,0,0,123.65
1782642185418,1,0,0,119.36
1782642185418,2,0,0,114.63
1782642185418,3,0,0,120.00
1782642185418,4,0,0,119.95
1782642185418,5,0,0,118.59
1782642185418,6,0,0,115.11
1782642185418,7,0,0,119.82
1782642185636,0,0,0,123.67
1782642185636,1,0,0,119.33
1782642185636,2,0,0,114.61
1782642185636,3,0,0,120.04
1782642185636,4,0,0,119.95
1782642185636,5,0,0,118.57
1782642185636,6,0,0,115.18
1782642185636,7,0,0,119.80
1782642185854,0,0,0,123.65
1782642185854,1,0,0,119.36
1782642185854,2,0,0,114.60
1782642185854,3,0,0,120.01
1782642185854,4,0,0,119.98
1782642185854,5,0,0,118.50
1782642185854,6,0,0,115.08
1782642185854,7,0,0,119.81
1782642186072,0,0,0,123.67
1782642186072,1,0,0,119.37
1782642186072,2,0,0,114.61
1782642186072,3,0,0,120.03
1782642186072,4,0,0,120.00
1782642186072,5,0,0,118.57
1782642186072,6,0,0,115.22
1782642186072,7,0,0,119.81
1782642186292,0,0,0,123.67
1782642186292,1,0,0,119.35
1782642186292,2,0,0,114.60
1782642186292,3,0,0,120.04
1782642186292,4,0,0,120.00
1782642186292,5,0,0,118.51
1782642186292,6,0,0,115.06
1782642186292,7,0,0,119.83
1782642186512,0,0,0,123.71
1782642186512,1,0,0,119.34
1782642186512,2,0,0,114.59
1782642186512,3,0,0,120.03
1782642186512,4,0,0,119.98
1782642186512,5,0,0,118.57
1782642186512,6,0,0,115.22
1782642186512,7,0,0,119.84
1782642186732,0,0,0,123.69
1782642186732,1,0,0,119.35
1782642186732,2,0,0,114.60
1782642186732,3,0,0,120.04
1782642186732,4,0,0,119.98
1782642186732,5,0,0,118.54
1782642186732,6,0,0,115.07
1782642186732,7,0,0,119.84
1782642186952,0,0,0,123.73
1782642186952,1,0,0,119.37
1782642186952,2,0,0,114.57
1782642186952,3,0,0,120.04
1782642186952,4,0,0,119.93
1782642186952,5,0,0,118.49
1782642186952,6,0,0,115.17
1782642186952,7,0,0,119.84
1782642187214,0,0,0,123.72
1782642187214,1,0,0,119.31
1782642187214,2,0,0,114.56
1782642187214,3,0,0,120.03
1782642187214,4,0,0,119.92
1782642187214,5,0,0,118.53
1782642187214,6,0,0,115.12
1782642187214,7,0,0,119.82
1782642187433,0,0,0,123.72
1782642187433,1,0,0,119.32
1782642187433,2,0,0,114.56
1782642187433,3,0,0,120.05
1782642187433,4,0,0,119.91
1782642187433,5,0,0,118.52
1782642187433,6,0,0,115.18
1782642187433,7,0,0,119.82
1782642187655,0,0,0,123.73
1782642187655,1,0,0,119.35
1782642187655,2,0,0,114.55
1782642187655,3,0,0,120.07
1782642187655,4,21,10,125.27
1782642187655,5,0,0,123.06
1782642187655,6,21,10,120.55
1782642187655,7,0,0,124.21
1782642187873,0,0,0,123.70
1782642187873,1,0,0,119.32
1782642187873,2,0,0,114.58
1782642187873,3,0,0,120.06
1782642187873,4,0,0,125.24
1782642187873,5,0,0,123.12
1782642187873,6,0,0,120.32
1782642187873,7,0,0,124.51
1782642188094,0,0,0,123.71
1782642188094,1,0,0,119.32
1782642188094,2,0,0,114.58
1782642188094,3,0,0,120.08
1782642188094,4,0,0,125.28
1782642188094,5,0,0,123.10
1782642188094,6,0,0,120.57
1782642188094,7,0,0,124.64
1782642188316,0,0,0,123.71
1782642188316,1,0,0,119.34
1782642188316,2,0,0,114.58
1782642188316,3,0,0,120.06
1782642188316,4,0,0,125.29
1782642188316,5,0,0,123.14
1782642188316,6,0,0,120.56
1782642188316,7,0,0,124.55
1782642188537,0,0,0,123.71
1782642188537,1,0,0,119.33
1782642188537,2,0,0,114.59
1782642188537,3,0,0,120.09
1782642188537,4,0,0,125.29
1782642188537,5,9,4,144.59
1782642188537,6,0,0,118.35
1782642188537,7,0,0,124.54
1782642188768,0,0,0,123.72
1782642188768,1,0,0,119.33
1782642188768,2,0,0,114.58
1782642188768,3,0,0,120.05
1782642188768,4,5,1,154.07
1782642188768,5,13,7,147.36
1782642188768,6,0,0,142.72
1782642188768,7,41,24,151.37
1782642188989,0,0,0,123.79
1782642188989,1,0,0,119.35
1782642188989,2,0,0,114.56
1782642188989,3,0,0,120.08
1782642188989,4,0,0,155.13
1782642188989,5,0,0,147.43
1782642188989,6,0,0,142.35
1782642188989,7,0,0,151.78
1782642189209,0,0,0,123.77
1782642189209,1,0,0,119.36
1782642189209,2,0,0,114.56
1782642189209,3,0,0,120.05
1782642189209,4,0,0,154.98
1782642189209,5,0,0,148.04
1782642189209,6,0,0,142.09
1782642189209,7,0,0,152.44
1782642189430,0,0,0,123.79
1782642189430,1,0,0,119.34
1782642189430,2,0,0,114.60
1782642189430,3,0,0,120.06
1782642189430,4,0,0,155.02
1782642189430,5,1,0,147.33
1782642189430,6,0,0,142.80
1782642189430,7,0,0,151.82
1782642189651,0,0,0,123.77
1782642189651,1,0,0,119.36
1782642189651,2,0,0,114.58
1782642189651,3,0,0,120.04
1782642189651,4,0,0,146.16
1782642189651,5,0,0,118.77
1782642189651,6,0,0,130.77
1782642189651,7,0,0,145.82
1782642189872,0,0,0,123.75
1782642189872,1,0,0,119.36
1782642189872,2,0,0,114.61
1782642189872,3,0,0,120.02
1782642189872,4,1,0,120.07
1782642189872,5,0,0,118.70
1782642189872,6,0,0,115.24
1782642189872,7,0,0,119.97
1782642190124,0,0,0,123.74
1782642190124,1,0,0,119.36
1782642190124,2,0,0,114.64
1782642190124,3,0,0,120.03
1782642190124,4,22,8,122.54
1782642190124,5,100,44,224.87
1782642190124,6,100,30,148.19
1782642190124,7,6,1,127.58
1782642190418,0,0,0,123.72
1782642190418,1,0,0,119.35
1782642190418,2,0,0,114.64
1782642190418,3,0,0,120.00
1782642190418,4,100,40,191.17
1782642190418,5,0,0,225.44
1782642190418,6,59,28,226.43
1782642190418,7,100,43,225.87
1782642190645,0,0,0,123.72
1782642190645,1,0,0,119.36
1782642190645,2,0,0,114.63
1782642190645,3,0,0,119.96
1782642190645,4,0,0,230.88
1782642190645,5,17,12,269.64
1782642190645,6,0,0,226.76
1782642190645,7,0,0,226.37
1782642190872,0,0,0,123.73
1782642190872,1,0,0,119.33
1782642190872,2,0,0,114.67
1782642190872,3,0,0,119.96
1782642190872,4,0,0,256.52
1782642190872,5,18,12,296.82
1782642190872,6,32,21,272.21
1782642190872,7,0,0,244.95
1782642191106,0,0,0,123.71
1782642191106,1,0,0,119.32
1782642191106,2,0,0,114.65
1782642191106,3,0,0,119.90
1782642191106,4,27,18,283.68
1782642191106,5,23,17,268.51
1782642191106,6,20,13,296.23
1782642191106,7,20,14,299.08
1782642191342,0,0,0,123.76
1782642191342,1,0,0,119.31
1782642191342,2,0,0,114.63
1782642191342,3,0,0,119.95
1782642191342,4,18,12,303.37
1782642191342,5,22,17,242.24
1782642191342,6,17,12,233.78
1782642191342,7,17,12,270.11
1782642191574,0,0,0,123.74
1782642191574,1,0,0,119.33
1782642191574,2,0,0,114.65
1782642191574,3,0,0,119.99
1782642191574,4,18,14,232.81
1782642191574,5,21,16,227.91
1782642191574,6,21,17,242.70
1782642191574,7,24,18,239.22
1782642191807,0,0,0,123.75
1782642191807,1,0,0,119.33
1782642191807,2,0,0,114.64
1782642191807,3,0,0,119.98
1782642191807,4,21,16,250.27
1782642191807,5,14,11,210.98
1782642191807,6,15,11,219.60
1782642191807,7,17,13,238.47
1782642192039,0,0,0,123.75
1782642192039,1,0,0,119.31
1782642192039,2,0,0,114.61
1782642192039,3,0,0,119.99
1782642192039,4,21,16,228.16
1782642192039,5,19,15,187.67
1782642192039,6,18,14,214.72
1782642192039,7,14,11,220.71
1782642192272,0,0,0,123.70
1782642192272,1,0,0,119.36
1782642192272,2,0,0,114.64
1782642192272,3,0,0,119.97
1782642192272,4,20,16,204.04
1782642192272,5,18,15,176.89
1782642192272,6,13,10,188.41
1782642192272,7,14,11,203.52
1782642192506,0,0,0,123.70
1782642192506,1,0,0,119.36
1782642192506,2,0,0,114.64
1782642192506,3,0,0,119.98
1782642192506,4,18,14,190.64
1782642192506,5,30,18,189.44
1782642192506,6,13,10,174.86
1782642192506,7,12,10,183.23
1782642192781,0,0,0,123.69
1782642192781,1,0,0,119.35
1782642192781,2,0,0,114.61
1782642192781,3,0,0,120.00
1782642192781,4,18,15,177.91
1782642192781,5,47,27,213.69
1782642192781,6,54,30,206.56
1782642192781,7,18,15,197.26
1782642193020,0,0,0,123.68
1782642193020,1,0,0,119.37
1782642193020,2,0,0,114.62
1782642193020,3,0,0,119.99
1782642193020,4,57,32,209.27
1782642193020,5,30,20,258.99
1782642193020,6,46,27,243.83
1782642193020,7,58,32,231.24
1782642193255,0,0,0,123.72
1782642193255,1,0,0,119.36
1782642193255,2,0,0,114.62
1782642193255,3,0,0,119.98
1782642193255,4,42,25,235.30
1782642193255,5,29,21,272.68
1782642193255,6,26,17,269.79
1782642193255,7,42,26,255.00
1782642193492,0,0,0,123.72
1782642193492,1,0,0,119.36
1782642193492,2,0,0,114.63
1782642193492,3,0,0,120.01
1782642193492,4,33,22,268.26
1782642193492,5,33,24,280.05
1782642193492,6,37,26,290.51
1782642193492,7,31,22,278.97
1782642193730,0,0,0,123.73
1782642193730,1,0,0,119.34
1782642193730,2,0,0,114.61
1782642193730,3,0,0,120.01
1782642193730,4,36,25,288.03
1782642193730,5,25,20,243.76
1782642193730,6,27,20,291.70
1782642193730,7,21,16,289.11
1782642193961,0,0,0,123.74
1782642193961,1,0,0,119.36
1782642193961,2,0,0,114.61
1782642193961,3,0,0,119.97
1782642193961,4,28,21,284.51
1782642193961,5,6,5,206.55
1782642193961,6,12,10,227.44
1782642193961,7,31,25,254.35
1782642194189,0,0,0,123.79
1782642194189,1,0,0,119.31
1782642194189,2,0,0,114.61
1782642194189,3,0,0,119.98
1782642194189,4,11,9,238.43
1782642194189,5,0,0,176.57
1782642194189,6,0,0,199.08
1782642194189,7,0,0,194.27
1782642194414,0,0,0,123.77
1782642194414,1,0,0,119.34
1782642194414,2,0,0,114.59
1782642194414,3,0,0,120.00
1782642194414,4,0,0,207.78
1782642194414,5,39,19,167.91
1782642194414,6,0,0,183.35
1782642194414,7,0,0,165.76
1782642194639,0,0,0,123.80
1782642194639,1,0,0,119.32
1782642194639,2,0,0,114.58
1782642194639,3,0,0,119.99
1782642194639,4,0,0,173.79
1782642194639,5,0,0,143.71
1782642194639,6,0,0,163.24
1782642194639,7,27,15,164.75
1782642194864,0,0,0,123.80
1782642194864,1,0,0,119.36
1782642194864,2,0,0,114.61
1782642194864,3,0,0,120.04
1782642194864,4,4,3,167.37
1782642194864,5,0,0,138.47
1782642194864,6,0,0,133.76
1782642194864,7,0,0,146.93
1782642195087,0,0,0,123.80
1782642195087,1,0,0,119.35
1782642195087,2,0,0,114.60
1782642195087,3,0,0,120.05
1782642195087,4,0,0,140.16
1782642195087,5,0,0,138.64
1782642195087,6,0,0,132.09
1782642195087,7,0,0,137.80
1782642195310,0,0,0,123.78
1782642195310,1,0,0,119.34
1782642195310,2,0,0,114.61
1782642195310,3,0,0,120.07
1782642195310,4,0,0,139.60
1782642195310,5,0,0,126.27
1782642195310,6,0,0,132.23
1782642195310,7,0,0,137.65
1782642195532,0,0,0,123.78
1782642195532,1,0,0,119.35
1782642195532,2,0,0,114.60
1782642195532,3,0,0,120.10
1782642195532,4,0,0,139.83
1782642195532,5,0,0,119.60
1782642195532,6,0,0,115.72
1782642195532,7,0,0,123.48
1782642195754,0,0,0,123.76
1782642195754,1,0,0,119.36
1782642195754,2,0,0,114.61
1782642195754,3,0,0,120.10
1782642195754,4,0,0,122.87
1782642195754,5,0,0,119.64
1782642195754,6,0,0,115.62
1782642195754,7,0,0,120.44
1782642195975,0,0,0,123.75
1782642195975,1,0,0,119.36
1782642195975,2,0,0,114.60
1782642195975,3,0,0,120.07
1782642195975,4,0,0,121.61
1782642195975,5,0,0,119.57
1782642195975,6,0,0,115.74
1782642195975,7,0,0,120.39
1782642196197,0,0,0,123.72
1782642196197,1,0,0,119.35
1782642196197,2,0,0,114.59
1782642196197,3,0,0,120.06
1782642196197,4,0,0,121.62
1782642196197,5,0,0,119.62
1782642196197,6,0,0,115.56
1782642196197,7,0,0,120.35
1782642196418,0,0,0,123.72
1782642196418,1,0,0,119.35
1782642196418,2,0,0,114.62
1782642196418,3,0,0,120.03
1782642196418,4,0,0,121.62
1782642196418,5,0,0,119.57
1782642196418,6,0,0,115.68
1782642196418,7,0,0,120.32
1782642196642,0,0,0,123.71
1782642196642,1,0,0,119.36
1782642196642,2,0,0,114.60
1782642196642,3,0,0,120.03
1782642196642,4,0,0,121.59
1782642196642,5,0,0,119.52
1782642196642,6,0,0,115.50
1782642196642,7,0,0,120.32
1782642196864,0,0,0,123.73
1782642196864,1,0,0,119.37
1782642196864,2,0,0,114.60
1782642196864,3,0,0,120.00
1782642196864,4,0,0,121.61
1782642196864,5,0,0,119.54
1782642196864,6,0,0,115.51
1782642196864,7,0,0,120.29
1782642197087,0,0,0,123.73
1782642197087,1,0,0,119.37
1782642197087,2,0,0,114.59
1782642197087,3,0,0,120.03
1782642197087,4,0,0,121.59
1782642197087,5,0,0,119.50
1782642197087,6,0,0,115.55
1782642197087,7,0,0,120.29
1782642197310,0,0,0,123.74
1782642197310,1,0,0,119.40
1782642197310,2,0,0,114.59
1782642197310,3,0,0,120.01
1782642197310,4,0,0,121.60
1782642197310,5,0,0,119.53
1782642197310,6,0,0,115.48
1782642197310,7,0,0,120.28
1782642197532,0,0,0,123.75
1782642197532,1,0,0,119.40
1782642197532,2,0,0,114.59
1782642197532,3,0,0,120.04
1782642197532,4,0,0,121.57
1782642197532,5,0,0,119.49
1782642197532,6,0,0,115.52
1782642197532,7,0,0,120.27
1782642197751,0,0,0,123.73
1782642197751,1,0,0,119.38
1782642197751,2,0,0,114.61
1782642197751,3,0,0,120.03
1782642197751,4,0,0,121.57
1782642197751,5,0,0,119.41
1782642197751,6,0,0,115.51
1782642197751,7,0,0,120.27
1782642197973,0,0,0,123.73
1782642197973,1,0,0,119.38
1782642197973,2,0,0,114.65
1782642197973,3,0,0,120.01
1782642197973,4,0,0,121.55
1782642197973,5,0,0,119.46
1782642197973,6,0,0,115.56
1782642197973,7,0,0,120.27
1782642198193,0,0,0,123.73
1782642198193,1,0,0,119.39
1782642198193,2,0,0,114.62
1782642198193,3,0,0,120.04
1782642198193,4,0,0,121.51
1782642198193,5,0,0,119.40
1782642198193,6,0,0,115.40
1782642198193,7,0,0,120.27
1782642198439,0,0,0,123.75
1782642198439,1,0,0,119.39
1782642198439,2,0,0,114.63
1782642198439,3,0,0,120.03
1782642198439,4,0,0,121.54
1782642198439,5,0,0,119.40
1782642198439,6,0,0,115.55
1782642198439,7,0,0,120.26
1782642198661,0,0,0,123.75
1782642198661,1,0,0,119.37
1782642198661,2,0,0,114.64
1782642198661,3,0,0,120.01
1782642198661,4,0,0,121.51
1782642198661,5,0,0,119.44
1782642198661,6,0,0,115.44
1782642198661,7,0,0,120.25
1782642198884,0,0,0,123.77
1782642198884,1,0,0,119.38
1782642198884,2,0,0,114.62
1782642198884,3,0,0,120.03
1782642198884,4,0,0,121.54
1782642198884,5,0,0,119.39
1782642198884,6,0,0,115.50
1782642198884,7,0,0,120.23
1782642199106,0,0,0,123.75
1782642199106,1,0,0,119.38
1782642199106,2,0,0,114.62
1782642199106,3,0,0,120.02
1782642199106,4,0,0,121.54
1782642199106,5,0,0,119.45
1782642199106,6,0,0,115.44
1782642199106,7,0,0,120.25
1782642199329,0,0,0,123.75
1782642199329,1,0,0,119.36
1782642199329,2,0,0,114.63
1782642199329,3,0,0,120.04
1782642199329,4,0,0,121.51
1782642199329,5,0,0,119.38
1782642199329,6,0,0,115.49
1782642199329,7,0,0,120.21
1782642199552,0,0,0,123.74
1782642199552,1,0,0,119.34
1782642199552,2,0,0,114.62
1782642199552,3,0,0,120.05
1782642199552,4,0,0,121.49
1782642199552,5,0,0,119.32
1782642199552,6,0,0,115.46
1782642199552,7,0,0,120.22
1782642199773,0,0,0,123.73
1782642199773,1,0,0,119.34
1782642199773,2,0,0,114.61
1782642199773,3,0,0,120.03
1782642199773,4,0,0,121.50
1782642199773,5,0,0,119.38
1782642199773,6,0,0,115.41
1782642199773,7,0,0,120.21
1782642199993,0,0,0,123.73
1782642199993,1,0,0,119.33
1782642199993,2,0,0,114.60
1782642199993,3,0,0,120.07
1782642199993,4,0,0,121.49
1782642199993,5,0,0,119.30
1782642199993,6,0,0,115.56
1782642199993,7,0,0,120.19
1782642200214,0,0,0,123.75
1782642200214,1,0,0,119.33
1782642200214,2,0,0,114.59
1782642200214,3,0,0,120.08
1782642200214,4,0,0,121.47
1782642200214,5,0,0,119.38
1782642200214,6,0,0,115.44
1782642200214,7,0,0,120.17
1782642200434,0,0,0,123.74
1782642200434,1,0,0,119.33
1782642200434,2,0,0,114.61
1782642200434,3,0,0,120.07
1782642200434,4,0,0,121.47
1782642200434,5,0,0,119.36
1782642200434,6,0,0,115.55
1782642200434,7,0,0,120.16
1782642200666,0,0,0,123.78
1782642200666,1,0,0,119.33
1782642200666,2,0,0,114.63
1782642200666,3,0,0,120.12
1782642200666,4,0,0,121.47
1782642200666,5,0,0,119.31
1782642200666,6,0,0,115.43
1782642200666,7,0,0,120.17
1782642200890,0,0,0,123.80
1782642200890,1,0,0,119.34
1782642200890,2,0,0,114.63
1782642200890,3,0,0,120.11
1782642200890,4,0,0,121.49
1782642200890,5,0,0,119.37
1782642200890,6,0,0,115.57
1782642200890,7,0,0,120.14
1782642201229,0,0,0,124.81
1782642201229,1,0,0,119.64
1782642201229,2,0,0,115.09
1782642201229,3,0,0,120.26
1782642201229,4,0,0,121.90
1782642201229,5,0,0,119.84
1782642201229,6,0,0,115.68
1782642201229,7,0,0,120.69
1782642201723,0,0,0,123.80
1782642201723,1,0,0,119.45
1782642201723,2,0,0,114.75
1782642201723,3,0,0,120.12
1782642201723,4,1,0,121.57
1782642201723,5,0,0,119.47
1782642201723,6,1,0,115.50
1782642201723,7,0,0,120.26
1782642202860,0,0,0,123.82
1782642202860,1,0,0,119.47
1782642202860,2,0,0,114.76
1782642202860,3,0,0,120.12
1782642202860,4,0,0,121.58
1782642202860,5,0,0,119.41
1782642202860,6,0,0,115.50
1782642202860,7,0,0,120.29
1782642203435,0,1,0,123.88
1782642203435,1,0,0,119.46
1782642203435,2,0,0,114.76
1782642203435,3,0,0,120.12
1782642203435,4,1,0,121.63
1782642203435,5,0,0,119.50
1782642203435,6,1,0,115.76
1782642203435,7,1,0,120.33
1782642203845,0,0,0,123.88
1782642203845,1,0,0,119.43
1782642203845,2,0,0,114.73
1782642203845,3,0,0,120.11
1782642203845,4,0,0,121.58
1782642203845,5,0,0,119.50
1782642203845,6,0,0,115.72
1782642203845,7,0,0,120.29
1782642204250,0,0,0,123.87
1782642204250,1,0,0,119.46
1782642204250,2,0,0,119.69
1782642204250,3,1,0,124.75
1782642204250,4,0,0,122.05
1782642204250,5,1,0,119.59
1782642204250,6,0,0,115.96
1782642204250,7,0,0,120.27
1782642204519,0,81,34,164.05
1782642204519,1,76,39,155.09
1782642204519,2,63,45,155.53
1782642204519,3,90,45,163.29
1782642204519,4,14,6,128.41
1782642204519,5,0,0,127.70
1782642204519,6,23,10,121.13
1782642204519,7,22,9,127.05
1782642204886,0,100,0,164.40
1782642204886,1,100,0,156.57
1782642204886,2,0,0,155.67
1782642204886,3,0,0,162.83
1782642204886,4,0,0,128.44
1782642204886,5,0,0,127.72
1782642204886,6,0,0,121.14
1782642204886,7,0,0,127.10
1782642205359,0,3,0,172.34
1782642205359,1,61,21,160.09
1782642205359,2,0,0,142.71
1782642205359,3,0,0,149.90
1782642205359,4,0,0,143.29
1782642205359,5,52,30,143.05
1782642205359,6,10,7,136.22
1782642205359,7,24,13,141.15
1782642205639,0,0,0,139.85
1782642205639,1,0,0,130.03
1782642205639,2,0,0,115.08
1782642205639,3,0,0,120.54
1782642205639,4,5,1,136.76
1782642205639,5,5,1,135.20
1782642205639,6,0,0,130.76
1782642205639,7,0,0,134.62
1782642205868,0,0,0,139.56
1782642205868,1,0,0,129.55
1782642205868,2,0,0,114.85
1782642205868,3,0,0,120.27
1782642205868,4,0,0,136.63
1782642205868,5,0,0,134.98
1782642205868,6,5,1,131.36
1782642205868,7,15,2,134.86
1782642206141,0,0,0,140.56
1782642206141,1,50,8,130.78
1782642206141,2,52,8,116.79
1782642206141,3,47,7,122.16
1782642206141,4,11,2,136.67
1782642206141,5,0,0,135.25
1782642206141,6,11,2,131.28
1782642206141,7,0,0,135.11
1782642206369,0,0,0,125.75
1782642206369,1,0,0,122.20
1782642206369,2,0,0,116.70
1782642206369,3,0,0,122.10
1782642206369,4,0,0,121.76
1782642206369,5,0,0,120.02
1782642206369,6,0,0,116.17
1782642206369,7,0,0,120.89
1782642206633,0,0,0,125.67
1782642206633,1,0,0,122.16
1782642206633,2,0,0,116.74
1782642206633,3,0,0,122.10
1782642206633,4,0,0,121.83
1782642206633,5,0,0,119.68
1782642206633,6,0,0,115.98
1782642206633,7,0,0,120.67
1782642207181,0,0,0,123.91
1782642207181,1,0,0,120.10
1782642207181,2,0,0,114.70
1782642207181,3,0,0,120.21
1782642207181,4,0,0,121.57
1782642207181,5,0,0,119.43
1782642207181,6,0,0,115.54
1782642207181,7,0,0,120.18
1782642207734,0,0,0,123.91
1782642207734,1,0,0,120.09
1782642207734,2,0,0,114.68
1782642207734,3,0,0,120.23
1782642207734,4,0,0,121.57
1782642207734,5,0,0,119.42
1782642207734,6,0,0,115.60
1782642207734,7,0,0,120.18
1782642207959,0,0,0,123.89
1782642207959,1,0,0,120.04
1782642207959,2,0,0,114.68
1782642207959,3,0,0,120.20
1782642207959,4,0,0,121.59
1782642207959,5,0,0,119.37
1782642207959,6,0,0,115.48
1782642207959,7,0,0,120.20
1782642208187,0,0,0,123.91
1782642208187,1,0,0,120.03
1782642208187,2,0,0,114.71
1782642208187,3,0,0,120.17
1782642208187,4,0,0,121.59
1782642208187,5,0,0,119.42
1782642208187,6,0,0,115.63
1782642208187,7,0,0,120.22
1782642208412,0,0,0,123.92
1782642208412,1,0,0,120.04
1782642208412,2,0,0,114.69
1782642208412,3,0,0,120.14
1782642208412,4,0,0,121.63
1782642208412,5,0,0,119.39
1782642208412,6,0,0,115.46
1782642208412,7,0,0,120.21
1782642208636,0,0,0,123.91
1782642208636,1,0,0,120.04
1782642208636,2,0,0,114.68
1782642208636,3,0,0,120.15
1782642208636,4,0,0,121.61
1782642208636,5,0,0,119.34
1782642208636,6,0,0,115.61
1782642208636,7,0,0,120.20
1782642208863,0,0,0,123.90
1782642208863,1,0,0,120.04
1782642208863,2,0,0,114.70
1782642208863,3,0,0,120.14
1782642208863,4,0,0,121.63
1782642208863,5,0,0,119.41
1782642208863,6,0,0,115.52
1782642208863,7,0,0,120.21
1782642209090,0,0,0,123.88
1782642209090,1,0,0,120.10
1782642209090,2,0,0,114.71
1782642209090,3,0,0,120.12
1782642209090,4,0,0,121.61
1782642209090,5,0,0,119.36
1782642209090,6,0,0,115.50
1782642209090,7,0,0,120.18
1782642209317,0,0,0,123.84
1782642209317,1,0,0,120.09
1782642209317,2,0,0,114.71
1782642209317,3,0,0,120.14
1782642209317,4,0,0,121.59
1782642209317,5,0,0,119.41
1782642209317,6,0,0,115.48
1782642209317,7,0,0,120.18
1782642210022,0,0,0,123.86
1782642210022,1,0,0,120.07
1782642210022,2,0,0,114.73
1782642210022,3,0,0,120.13
1782642210022,4,0,0,121.60
1782642210022,5,0,0,119.41
1782642210022,6,0,0,115.43
1782642210022,7,0,0,120.24
1782642210639,0,0,0,123.88
1782642210639,1,0,0,120.07
1782642210639,2,0,0,114.71
1782642210639,3,0,0,120.09
1782642210639,4,0,0,121.57
1782642210639,5,0,0,119.33
1782642210639,6,0,0,115.46
1782642210639,7,0,0,120.24
1782642211100,0,0,0,123.89
1782642211100,1,0,0,120.05
1782642211100,2,0,0,114.73
1782642211100,3,0,0,120.09
1782642211100,4,0,0,121.59
1782642211100,5,0,0,119.39
1782642211100,6,0,0,115.57
1782642211100,7,0,0,120.22
1782642211326,0,0,0,123.87
1782642211326,1,0,0,120.07
1782642211326,2,0,0,114.72
1782642211326,3,0,0,120.09
1782642211326,4,0,0,121.61
1782642211326,5,0,0,119.33
1782642211326,6,0,0,115.46
1782642211326,7,0,0,120.21
1782642211551,0,0,0,123.86
1782642211551,1,0,0,120.03
1782642211551,2,0,0,114.72
1782642211551,3,0,0,120.08
1782642211551,4,0,0,121.60
1782642211551,5,0,0,119.32
1782642211551,6,0,0,115.58
1782642211551,7,0,0,120.19
1782642211777,0,0,0,123.85
1782642211777,1,0,0,120.00
1782642211777,2,0,0,114.67
1782642211777,3,0,0,120.08
1782642211777,4,0,0,121.57
1782642211777,5,0,0,119.36
1782642211777,6,0,0,115.58
1782642211777,7,0,0,120.18
1782642212003,0,0,0,123.85
1782642212003,1,0,0,120.00
1782642212003,2,0,0,114.65
1782642212003,3,0,0,120.11
1782642212003,4,0,0,121.55
1782642212003,5,0,0,119.32
1782642212003,6,0,0,115.46
1782642212003,7,0,0,120.19
1782642212228,0,0,0,123.84
1782642212228,1,0,0,120.00
1782642212228,2,0,0,114.66
1782642212228,3,0,0,120.12
1782642212228,4,0,0,121.52
1782642212228,5,0,0,119.33
1782642212228,6,0,0,115.56
1782642212228,7,0,0,120.17
1782642212455,0,0,0,123.85
1782642212455,1,0,0,120.02
1782642212455,2,0,0,114.65
1782642212455,3,0,0,120.40
1782642212455,4,0,0,121.52
1782642212455,5,0,0,119.35
1782642212455,6,0,0,115.48
1782642212455,7,0,0,120.18
1782642212680,0,0,0,123.84
1782642212680,1,0,0,120.03
1782642212680,2,0,0,114.64
1782642212680,3,0,0,120.16
1782642212680,4,0,0,121.55
1782642212680,5,0,0,119.29
1782642212680,6,0,0,115.59
1782642212680,7,0,0,120.17
1782642212907,0,0,0,123.87
1782642212907,1,0,0,120.01
1782642212907,2,0,0,114.67
1782642212907,3,0,0,120.13
1782642212907,4,0,0,121.53
1782642212907,5,0,0,119.35
1782642212907,6,0,0,115.46
1782642212907,7,0,0,120.15
1782642213133,0,0,0,123.87
1782642213133,1,0,0,119.99
1782642213133,2,0,0,114.65
1782642213133,3,0,0,120.14
1782642213133,4,0,0,121.52
1782642213133,5,0,0,119.34
1782642213133,6,0,0,115.62
1782642213133,7,0,0,120.16
1782642213359,0,0,0,123.90
1782642213359,1,0,0,120.03
1782642213359,2,0,0,114.66
1782642213359,3,0,0,120.14
1782642213359,4,0,0,121.53
1782642213359,5,0,0,119.35
1782642213359,6,0,0,115.63
1782642213359,7,0,0,120.17
1782642213770,0,0,0,123.94
1782642213770,1,0,0,120.03
1782642213770,2,0,0,114.69
1782642213770,3,0,0,120.15
1782642213770,4,0,0,121.57
1782642213770,5,0,0,119.44
1782642213770,6,0,0,115.55
1782642213770,7,0,0,120.19
1782642214227,0,0,0,123.96
1782642214227,1,0,0,120.07
1782642214227,2,0,0,114.71
1782642214227,3,0,0,120.15
1782642214227,4,0,0,121.60
1782642214227,5,0,0,119.42
1782642214227,6,0,0,115.55
1782642214227,7,0,0,120.19
1782642214458,0,0,0,123.93
1782642214458,1,0,0,120.05
1782642214458,2,0,0,114.74
1782642214458,3,0,0,120.13
1782642214458,4,0,0,121.60
1782642214458,5,0,0,119.79
1782642214458,6,0,0,117.65
1782642214458,7,0,0,120.21
1782642214689,0,0,0,123.91
1782642214689,1,0,0,120.04
1782642214689,2,0,0,114.72
1782642214689,3,0,0,120.14
1782642214689,4,0,0,123.65
1782642214689,5,0,0,120.82
1782642214689,6,7,5,117.92
1782642214689,7,7,5,123.41
1782642214915,0,0,0,123.88
1782642214915,1,0,0,120.05
1782642214915,2,0,0,114.69
1782642214915,3,0,0,120.11
1782642214915,4,6,5,157.57
1782642214915,5,45,25,152.23
1782642214915,6,0,0,117.72
1782642214915,7,0,0,123.48
1782642215145,0,0,0,123.76
1782642215145,1,0,0,120.08
1782642215145,2,0,0,114.71
1782642215145,3,0,0,120.03
1782642215145,4,85,73,530.49
1782642215145,5,95,83,558.92
1782642215145,6,85,72,508.40
1782642215145,7,66,55,501.79
1782642216140,0,0,0,123.91
1782642216140,1,0,0,120.08
1782642216140,2,0,0,114.72
1782642216140,3,0,0,120.07
1782642216140,4,100,88,437.25
1782642216140,5,0,0,276.76
1782642216140,6,0,0,342.99
1782642216140,7,0,0,347.85
1782642216714,0,0,0,123.88
1782642216714,1,0,0,120.01
1782642216714,2,0,0,114.73
1782642216714,3,0,0,120.07
1782642216714,4,100,88,436.93
1782642216714,5,0,0,209.74
1782642216714,6,0,0,249.08
1782642216714,7,0,0,217.94
1782642216950,0,0,0,123.88
1782642216950,1,0,0,120.00
1782642216950,2,0,0,114.74
1782642216950,3,0,0,120.07
1782642216950,4,100,88,436.94
1782642216950,5,0,0,123.27
1782642216950,6,0,0,184.93
1782642216950,7,0,0,149.47
1782642217184,0,0,0,123.87
1782642217184,1,0,0,120.00
1782642217184,2,0,0,114.73
1782642217184,3,0,0,120.07
1782642217184,4,100,88,437.49
1782642217184,5,0,0,121.14
1782642217184,6,0,0,117.91
1782642217184,7,0,0,122.75
1782642217419,0,0,0,123.84
1782642217419,1,0,0,120.01
1782642217419,2,0,0,114.71
1782642217419,3,0,0,120.07
1782642217419,4,100,88,438.24
1782642217419,5,0,0,120.87
1782642217419,6,0,0,116.96
1782642217419,7,0,0,121.59
1782642217654,0,0,0,123.88
1782642217654,1,0,0,120.05
1782642217654,2,0,0,114.70
1782642217654,3,0,0,120.07
1782642217654,4,35,31,410.49
1782642217654,5,0,0,120.80
1782642217654,6,0,0,116.93
1782642217654,7,0,0,121.48
1782642217880,0,0,0,123.86
1782642217880,1,0,0,120.02
1782642217880,2,0,0,114.70
1782642217880,3,0,0,120.07
1782642217880,4,0,0,348.38
1782642217880,5,0,0,120.75
1782642217880,6,0,0,116.76
1782642217880,7,0,0,121.39
1782642218106,0,0,0,123.91
1782642218106,1,0,0,120.01
1782642218106,2,0,0,114.67
1782642218106,3,0,0,120.10
1782642218106,4,0,0,257.29
1782642218106,5,0,0,120.72
1782642218106,6,0,0,116.62
1782642218106,7,0,0,121.29
1782642218331,0,0,0,123.94
1782642218331,1,0,0,120.02
1782642218331,2,0,0,114.67
1782642218331,3,0,0,120.10
1782642218331,4,0,0,190.18
1782642218331,5,0,0,120.72
1782642218331,6,0,0,116.65
1782642218331,7,0,0,121.25
1782642218558,0,0,0,123.94
1782642218558,1,0,0,120.00
1782642218558,2,0,0,114.68
1782642218558,3,0,0,120.09
1782642218558,4,0,0,127.36
1782642218558,5,0,0,120.67
1782642218558,6,0,0,116.56
1782642218558,7,0,0,121.21
1782642218782,0,0,0,123.95
1782642218782,1,0,0,120.00
1782642218782,2,0,0,114.64
1782642218782,3,0,0,120.11
1782642218782,4,0,0,122.70
1782642218782,5,0,0,120.66
1782642218782,6,0,0,116.66
1782642218782,7,0,0,121.18
1782642219005,0,0,0,123.95
1782642219005,1,0,0,120.01
1782642219005,2,0,0,114.65
1782642219005,3,0,0,120.11
1782642219005,4,0,0,122.47
1782642219005,5,0,0,120.62
1782642219005,6,0,0,116.50
1782642219005,7,0,0,121.15
1782642219229,0,0,0,123.93
1782642219229,1,0,0,120.02
1782642219229,2,0,0,114.67
1782642219229,3,0,0,120.12
1782642219229,4,0,0,122.44
1782642219229,5,0,0,120.60
1782642219229,6,0,0,116.63
1782642219229,7,0,0,121.13
1782642219451,0,0,0,123.92
1782642219451,1,0,0,120.00
1782642219451,2,0,0,114.64
1782642219451,3,0,0,120.11
1782642219451,4,0,0,122.41
1782642219451,5,0,0,120.62
1782642219451,6,0,0,116.48
1782642219451,7,0,0,121.11
1782642219674,0,0,0,123.91
1782642219674,1,0,0,120.03
1782642219674,2,0,0,114.65
1782642219674,3,0,0,120.16
1782642219674,4,0,0,122.38
1782642219674,5,0,0,120.56
1782642219674,6,0,0,116.52
1782642219674,7,0,0,121.07
1782642219896,0,0,0,123.88
1782642219896,1,0,0,120.03
1782642219896,2,0,0,114.70
1782642219896,3,0,0,120.18
1782642219896,4,0,0,122.35
1782642219896,5,0,0,120.59
1782642219896,6,0,0,116.53
1782642219896,7,0,0,121.03
1782642220120,0,0,0,123.88
1782642220120,1,0,0,120.04
1782642220120,2,0,0,114.68
1782642220120,3,0,0,120.17
1782642220120,4,0,0,122.34
1782642220120,5,0,0,120.57
1782642220120,6,0,0,116.50
1782642220120,7,0,0,121.04
1782642220344,0,0,0,123.88
1782642220344,1,0,0,120.03
1782642220344,2,0,0,114.68
1782642220344,3,0,0,120.18
1782642220344,4,0,0,122.30
1782642220344,5,0,0,120.54
1782642220344,6,0,0,116.50
1782642220344,7,0,0,121.01
1782642220568,0,0,0,123.88
1782642220568,1,0,0,120.03
1782642220568,2,0,0,114.68
1782642220568,3,0,0,120.14
1782642220568,4,0,0,122.31
1782642220568,5,0,0,120.58
1782642220568,6,0,0,116.39
1782642220568,7,0,0,121.01
1782642220793,0,0,0,123.90
1782642220793,1,0,0,120.03
1782642220793,2,0,0,114.69
1782642220793,3,0,0,120.10
1782642220793,4,0,0,122.30
1782642220793,5,0,0,120.52
1782642220793,6,0,0,116.53
1782642220793,7,0,0,121.01
1782642221017,0,0,0,123.90
1782642221017,1,0,0,120.03
1782642221017,2,0,0,114.68
1782642221017,3,0,0,120.07
1782642221017,4,0,0,122.33
1782642221017,5,0,0,120.53
1782642221017,6,0,0,116.36
1782642221017,7,0,0,121.01
1782642221242,0,0,0,123.90
1782642221242,1,0,0,120.04
1782642221242,2,0,0,114.70
1782642221242,3,0,0,120.09
1782642221242,4,0,0,122.35
1782642221242,5,0,0,120.53
1782642221242,6,0,0,116.51
1782642221242,7,0,0,121.00
1782642221466,0,0,0,123.88
1782642221466,1,0,0,120.04
1782642221466,2,0,0,114.71
1782642221466,3,0,0,120.07
1782642221466,4,0,0,122.34
1782642221466,5,0,0,120.45
1782642221466,6,0,0,116.39
1782642221466,7,0,0,121.00
1782642221690,0,0,0,123.85
1782642221690,1,0,0,120.07
1782642221690,2,0,0,114.69
1782642221690,3,0,0,120.08
1782642221690,4,0,0,122.31
1782642221690,5,0,0,120.53
1782642221690,6,0,0,116.45
1782642221690,7,0,0,121.00
1782642221913,0,0,0,123.84
1782642221913,1,0,0,120.04
1782642221913,2,0,0,114.69
1782642221913,3,0,0,120.08
1782642221913,4,0,0,122.30
1782642221913,5,0,0,120.49
1782642221913,6,0,0,116.39
1782642221913,7,0,0,120.98
1782642222179,0,0,0,123.84
1782642222179,1,0,0,120.04
1782642222179,2,0,0,114.71
1782642222179,3,0,0,120.08
1782642222179,4,0,0,122.29
1782642222179,5,0,0,120.42
1782642222179,6,0,0,116.33
1782642222179,7,0,0,120.98
1782642222402,0,0,0,123.82
1782642222402,1,0,0,120.08
1782642222402,2,0,0,114.71
1782642222402,3,0,0,120.11
1782642222402,4,0,0,122.28
1782642222402,5,0,0,120.48
1782642222402,6,0,0,116.45
1782642222402,7,0,0,120.98
1782642222626,0,0,0,123.84
1782642222626,1,0,0,120.06
1782642222626,2,0,0,114.70
1782642222626,3,0,0,120.11
1782642222626,4,0,0,122.27
1782642222626,5,0,0,120.41
1782642222626,6,0,0,116.31
1782642222626,7,0,0,120.99
1782642222850,0,0,0,123.85
1782642222850,1,0,0,120.07
1782642222850,2,0,0,114.72
1782642222850,3,0,0,120.13
1782642222850,4,0,0,122.28
1782642222850,5,0,0,120.43
1782642222850,6,0,0,116.43
1782642222850,7,0,0,120.98
1782642223075,0,0,0,123.86
1782642223075,1,0,0,120.05
1782642223075,2,0,0,114.69
1782642223075,3,0,0,120.11
1782642223075,4,0,0,122.26
1782642223075,5,0,0,120.44
1782642223075,6,0,0,116.34
1782642223075,7,0,0,120.95
1782642223301,0,0,0,123.87
1782642223301,1,0,0,120.06
1782642223301,2,0,0,114.68
1782642223301,3,0,0,120.09
1782642223301,4,0,0,122.27
1782642223301,5,0,0,120.39
1782642223301,6,0,0,116.44
1782642223301,7,0,0,120.96
1782642223526,0,0,0,123.92
1782642223526,1,0,0,120.06
1782642223526,2,0,0,114.67
1782642223526,3,0,0,120.12
1782642223526,4,0,0,122.23
1782642223526,5,0,0,120.45
1782642223526,6,0,0,116.37
1782642223526,7,0,0,120.97
1782642223750,0,0,0,123.90
1782642223750,1,0,0,120.04
1782642223750,2,0,0,114.66
1782642223750,3,0,0,120.12
1782642223750,4,0,0,122.22
1782642223750,5,0,0,120.41
1782642223750,6,0,0,116.46
1782642223750,7,0,0,120.95
1782642223974,0,0,0,123.89
1782642223974,1,0,0,120.05
1782642223974,2,0,0,114.68
1782642223974,3,0,0,120.15
1782642223974,4,0,0,122.20
1782642223974,5,0,0,120.38
1782642223974,6,0,0,116.43
1782642223974,7,0,0,120.97
1782642224198,0,0,0,123.89
1782642224198,1,0,0,120.04
1782642224198,2,0,0,114.67
1782642224198,3,0,0,120.16
1782642224198,4,0,0,122.14
1782642224198,5,0,0,120.41
1782642224198,6,0,0,116.33
1782642224198,7,0,0,120.94
1782642224426,0,0,0,123.86
1782642224426,1,0,0,120.01
1782642224426,2,0,0,114.66
1782642224426,3,0,0,120.16
1782642224426,4,0,0,122.14
1782642224426,5,0,0,120.36
1782642224426,6,0,0,116.43
1782642224426,7,0,0,120.93
1782642224650,0,0,0,123.84
1782642224650,1,0,0,120.01
1782642224650,2,0,0,114.68
1782642224650,3,0,0,120.13
1782642224650,4,0,0,122.16
1782642224650,5,0,0,120.43
1782642224650,6,0,0,116.31
1782642224650,7,0,0,120.93
1782642224875,0,0,0,123.82
1782642224875,1,0,0,120.00
1782642224875,2,0,0,114.67
1782642224875,3,0,0,120.11
1782642224875,4,0,0,122.15
1782642224875,5,0,0,120.43
1782642224875,6,0,0,116.47
1782642224875,7,0,0,120.89
1782642225099,0,0,0,123.84
1782642225099,1,0,0,120.02
1782642225099,2,0,0,114.67
1782642225099,3,0,0,120.11
1782642225099,4,0,0,122.17
1782642225099,5,0,0,120.38
1782642225099,6,0,0,116.35
1782642225099,7,0,0,120.90
1782642225324,0,0,0,123.83
1782642225324,1,0,0,120.04
1782642225324,2,0,0,114.67
1782642225324,3,0,0,120.10
1782642225324,4,0,0,122.18
1782642225324,5,0,0,120.43
1782642225324,6,0,0,116.51
1782642225324,7,0,0,120.88
1782642225547,0,0,0,123.90
1782642225547,1,0,0,120.05
1782642225547,2,0,0,114.66
1782642225547,3,0,0,120.12
1782642225547,4,0,0,122.17
1782642225547,5,0,0,120.41
1782642225547,6,0,0,116.35
1782642225547,7,0,0,120.88
1782642225770,0,0,0,123.89
1782642225770,1,0,0,120.05
1782642225770,2,0,0,114.66
1782642225770,3,0,0,120.15
1782642225770,4,0,0,122.17
1782642225770,5,0,0,120.43
1782642225770,6,0,0,116.39
1782642225770,7,0,0,120.87
1782642225994,0,0,0,123.89
1782642225994,1,0,0,120.07
1782642225994,2,0,0,114.68
1782642225994,3,0,0,120.12
1782642225994,4,0,0,122.15
1782642225994,5,0,0,120.41
1782642225994,6,0,0,116.45
1782642225994,7,0,0,120.86
1782642226218,0,0,0,123.90
1782642226218,1,0,0,120.08
1782642226218,2,0,0,114.68
1782642226218,3,0,0,120.14
1782642226218,4,0,0,122.16
1782642226218,5,0,0,120.38
1782642226218,6,0,0,116.38
1782642226218,7,0,0,120.88
1782642226441,0,0,0,123.93
1782642226441,1,0,0,120.05
1782642226441,2,0,0,114.66
1782642226441,3,0,0,120.11
1782642226441,4,0,0,122.15
1782642226441,5,0,0,120.43
1782642226441,6,0,0,116.42
1782642226441,7,0,0,120.88
1782642226667,0,0,0,124.25
1782642226667,1,0,0,120.25
1782642226667,2,0,0,115.28
1782642226667,3,0,0,120.64
1782642226667,4,0,0,122.96
1782642226667,5,0,0,120.86
1782642226667,6,0,0,117.14
1782642226667,7,0,0,121.31
1782642226919,0,0,0,130.08
1782642226919,1,1,0,125.84
1782642226919,2,1,0,120.59
1782642226919,3,0,0,125.56
1782642226919,4,1,0,132.21
1782642226919,5,0,0,130.25
1782642226919,6,0,0,126.03
1782642226919,7,100,15,130.65
1782642228116,0,0,0,130.04
1782642228116,1,0,0,125.85
1782642228116,2,0,0,120.56
1782642228116,3,0,0,125.57
1782642228116,4,0,0,132.15
1782642228116,5,0,0,130.05
1782642228116,6,0,0,126.16
1782642228116,7,0,0,130.53
1782642228325,0,0,0,130.04
1782642228325,1,0,0,124.58
1782642228325,2,0,0,119.67
1782642228325,3,0,0,125.57
1782642228325,4,0,0,132.04
1782642228325,5,0,0,129.97
1782642228325,6,0,0,125.88
1782642228325,7,0,0,130.41
1782642228534,0,0,0,130.03
1782642228534,1,0,0,119.18
1782642228534,2,0,0,118.72
1782642228534,3,0,0,125.60
1782642228534,4,0,0,130.54
1782642228534,5,0,0,125.38
1782642228534,6,0,0,121.60
1782642228534,7,0,0,130.52
1782642228753,0,0,0,130.04
1782642228753,1,0,0,103.94
1782642228753,2,0,0,104.30
1782642228753,3,0,0,118.67
1782642228753,4,0,0,126.56
1782642228753,5,0,0,124.65
1782642228753,6,0,0,120.64
1782642228753,7,0,0,125.14
