timestamp_ms,gpu_index,gpu_util_pct,mem_util_pct,power_w
1784841299976,0,0,0,77.62
1784841299976,1,0,0,69.61
1784841300267,0,0,0,77.62
1784841300267,1,0,0,69.60
1784841300404,0,0,0,77.64
1784841300404,1,0,0,69.60
1784841300540,0,0,0,77.63
1784841300540,1,0,0,69.60
1784841300675,0,0,0,77.64
1784841300675,1,0,0,69.63
1784841300810,0,0,0,77.63
1784841300810,1,0,0,69.60
1784841300946,0,0,0,77.64
1784841300946,1,0,0,69.58
1784841301081,0,0,0,77.63
1784841301081,1,0,0,69.60
1784841301217,0,0,0,77.65
1784841301217,1,0,0,69.61
1784841301352,0,0,0,77.66
1784841301352,1,0,0,69.62
1784841301488,0,0,0,77.66
1784841301488,1,0,0,69.63
1784841301623,0,0,0,77.65
1784841301623,1,0,0,69.63
1784841301760,0,0,0,77.65
1784841301760,1,0,0,69.60
1784841301896,0,0,0,77.65
1784841301896,1,0,0,69.63
1784841302032,0,0,0,77.65
1784841302032,1,0,0,69.61
1784841302167,0,0,0,77.64
1784841302167,1,0,0,69.64
1784841302411,0,0,0,77.66
1784841302411,1,0,0,69.64
1784841302630,0,0,0,77.64
1784841302630,1,0,0,69.66
1784841302766,0,0,0,77.64
1784841302766,1,0,0,69.66
1784841302906,0,0,0,77.65
1784841302906,1,0,0,69.65
1784841303043,0,0,0,77.66
1784841303043,1,0,0,69.67
1784841303177,0,0,0,77.66
1784841303177,1,0,0,69.67
1784841303314,0,0,0,77.64
1784841303314,1,0,0,69.65
1784841303450,0,0,0,77.61
1784841303450,1,0,0,69.67
1784841303586,0,0,0,77.61
1784841303586,1,0,0,69.66
1784841303720,0,0,0,77.63
1784841303720,1,0,0,69.66
1784841303855,0,0,0,77.63
1784841303855,1,0,0,69.67
1784841303990,0,0,0,77.62
1784841303990,1,0,0,69.65
1784841304125,0,0,0,77.61
1784841304125,1,0,0,69.63
1784841304261,0,0,0,77.60
1784841304261,1,0,0,69.67
1784841304397,0,0,0,77.61
1784841304397,1,0,0,69.66
1784841304533,0,0,0,77.60
1784841304533,1,0,0,69.65
1784841304668,0,0,0,77.59
1784841304668,1,0,0,69.67
1784841304804,0,0,0,77.60
1784841304804,1,0,0,69.69
1784841304938,0,0,0,77.60
1784841304938,1,0,0,69.70
1784841305073,0,0,0,77.60
1784841305073,1,0,0,69.73
1784841305210,0,0,0,77.61
1784841305210,1,0,0,69.72
1784841305345,0,0,0,77.61
1784841305345,1,0,0,69.70
1784841305481,0,0,0,77.62
1784841305481,1,0,0,69.68
1784841305732,0,0,0,77.61
1784841305732,1,0,0,69.67
1784841305867,0,0,0,77.60
1784841305867,1,0,0,69.70
1784841306001,0,0,0,77.61
1784841306001,1,0,0,69.65
1784841306138,0,0,0,77.58
1784841306138,1,0,0,69.64
1784841306272,0,0,0,77.60
1784841306272,1,0,0,69.67
1784841306408,0,0,0,77.60
1784841306408,1,0,0,69.64
1784841306545,0,0,0,77.59
1784841306545,1,0,0,69.63
1784841306681,0,0,0,77.60
1784841306681,1,0,0,69.64
1784841306818,0,0,0,77.61
1784841306818,1,0,0,69.61
1784841306952,0,0,0,77.62
1784841306952,1,0,0,69.61
1784841307087,0,0,0,77.62
1784841307087,1,0,0,69.65
1784841307222,0,0,0,77.63
1784841307222,1,0,0,69.64
1784841307357,0,0,0,77.61
1784841307357,1,0,0,69.65
1784841307491,0,0,0,77.62
1784841307491,1,0,0,69.64
1784841307626,0,0,0,77.61
1784841307626,1,0,0,69.65
1784841307761,0,0,0,77.62
1784841307761,1,0,0,69.65
1784841307895,0,0,0,77.62
1784841307895,1,0,0,69.64
1784841308030,0,0,0,77.64
1784841308030,1,0,0,69.66
1784841308165,0,0,0,77.62
1784841308165,1,0,0,69.65
1784841308300,0,0,0,77.63
1784841308300,1,0,0,69.58
1784841308435,0,0,0,77.65
1784841308435,1,0,0,69.63
1784841308571,0,0,0,77.67
1784841308571,1,0,0,69.64
1784841308707,0,0,0,77.67
1784841308707,1,0,0,69.61
1784841308841,0,0,0,77.68
1784841308841,1,0,0,69.65
1784841308976,0,0,0,77.68
1784841308976,1,0,0,69.62
1784841309111,0,0,0,77.69
1784841309111,1,0,0,69.60
1784841309247,0,0,0,77.69
1784841309247,1,0,0,69.64
1784841309381,0,0,0,77.69
1784841309381,1,0,0,69.61
1784841309516,0,0,0,77.68
1784841309516,1,0,0,69.61
1784841309652,0,0,0,77.63
1784841309652,1,0,0,69.64
1784841309787,0,0,0,77.61
1784841309787,1,0,0,69.66
1784841309923,0,0,0,77.59
1784841309923,1,0,0,69.65
1784841310059,0,0,0,77.58
1784841310059,1,0,0,69.67
1784841310196,0,0,0,77.57
1784841310196,1,0,0,69.69
1784841310330,0,0,0,77.54
1784841310330,1,0,0,69.68
1784841310467,0,0,0,77.56
1784841310467,1,0,0,69.70
1784841310603,0,0,0,77.57
1784841310603,1,0,0,69.71
1784841310738,0,0,0,77.57
1784841310738,1,0,0,69.70
1784841310874,0,0,0,77.58
1784841310874,1,0,0,69.68
1784841311011,0,0,0,77.57
1784841311011,1,0,0,69.69
1784841311147,0,0,0,77.58
1784841311147,1,0,0,69.69
1784841311284,0,0,0,77.58
1784841311284,1,0,0,69.70
1784841311420,0,0,0,77.60
1784841311420,1,0,0,69.68
1784841311556,0,0,0,77.59
1784841311556,1,0,0,69.68
1784841311692,0,0,0,77.60
1784841311692,1,0,0,69.70
1784841311828,0,0,0,77.60
1784841311828,1,0,0,69.66
1784841311966,0,0,0,77.62
1784841311966,1,0,0,69.64
1784841312104,0,0,0,77.63
1784841312104,1,0,0,69.69
1784841312242,0,0,0,77.60
1784841312242,1,0,0,69.65
1784841312380,0,0,0,77.61
1784841312380,1,0,0,69.65
1784841312518,0,0,0,77.61
1784841312518,1,0,0,69.64
1784841312654,0,0,0,77.60
1784841312654,1,0,0,69.61
1784841312790,0,0,0,77.62
1784841312790,1,0,0,69.64
1784841312928,0,0,0,77.62
1784841312928,1,0,0,69.65
1784841313065,0,0,0,77.62
1784841313065,1,0,0,69.59
1784841313202,0,0,0,77.65
1784841313202,1,0,0,69.63
1784841313337,0,0,0,77.65
1784841313337,1,0,0,69.61
1784841313563,0,0,0,77.66
1784841313563,1,0,0,69.63
1784841313699,0,0,0,77.66
1784841313699,1,0,0,69.65
1784841313840,0,0,0,77.67
1784841313840,1,0,0,69.61
1784841313985,0,0,0,77.67
1784841313985,1,0,0,69.62
1784841314146,0,0,0,77.67
1784841314146,1,0,0,69.66
1784841314300,0,0,0,77.68
1784841314300,1,0,0,69.65
1784841314468,0,0,0,77.68
1784841314468,1,0,0,69.66
1784841314649,0,0,0,77.70
1784841314649,1,0,0,69.62
1784841314807,0,0,0,77.69
1784841314807,1,0,0,69.69
1784841314948,0,0,0,77.68
1784841314948,1,0,0,69.67
1784841315087,0,0,0,77.68
1784841315087,1,0,0,69.67
1784841315224,0,0,0,77.67
1784841315224,1,0,0,69.69
1784841315361,0,0,0,77.66
1784841315361,1,0,0,69.67
1784841315498,0,0,0,77.65
1784841315498,1,0,0,69.65
1784841315635,0,0,0,77.62
1784841315635,1,0,0,69.67
1784841315773,0,0,0,77.62
1784841315773,1,0,0,69.67
1784841315911,0,0,0,77.62
1784841315911,1,0,0,69.62
1784841316048,0,0,0,77.61
1784841316048,1,0,0,69.64
1784841316185,0,0,0,77.62
1784841316185,1,0,0,69.64
1784841316324,0,0,0,77.63
1784841316324,1,0,0,69.65
1784841316461,0,0,0,77.62
1784841316461,1,0,0,69.67
1784841316599,0,0,0,77.62
1784841316599,1,0,0,69.68
1784841316736,0,0,0,77.62
1784841316736,1,0,0,69.64
1784841316875,0,0,0,77.63
1784841316875,1,0,0,69.68
1784841317012,0,0,0,77.64
1784841317012,1,0,0,69.65
1784841317149,0,0,0,77.60
1784841317149,1,0,0,69.64
1784841317286,0,0,0,77.61
1784841317286,1,0,0,69.66
1784841317423,0,0,0,77.62
1784841317423,1,0,0,69.62
1784841317561,0,0,0,77.61
1784841317561,1,0,0,69.63
1784841317698,0,0,0,77.63
1784841317698,1,0,0,69.68
1784841317834,0,0,0,77.63
1784841317834,1,0,0,69.64
1784841317971,0,0,0,77.62
1784841317971,1,0,0,69.66
1784841318108,0,0,0,77.62
1784841318108,1,0,0,69.69
1784841318244,0,0,0,77.64
1784841318244,1,0,0,69.66
1784841318381,0,0,0,77.64
1784841318381,1,0,0,69.68
1784841318518,0,0,0,77.64
1784841318518,1,0,0,69.69
1784841318655,0,0,0,77.64
1784841318655,1,0,0,69.67
1784841318792,0,0,0,77.64
1784841318792,1,0,0,69.66
1784841318929,0,0,0,77.65
1784841318929,1,0,0,69.68
1784841319065,0,0,0,77.66
1784841319065,1,0,0,69.69
1784841319202,0,0,0,77.66
1784841319202,1,0,0,69.68
1784841319337,0,0,0,77.67
1784841319337,1,0,0,69.70
1784841319474,0,0,0,77.66
1784841319474,1,0,0,69.69
1784841319610,0,0,0,77.67
1784841319610,1,0,0,69.71
1784841319747,0,0,0,77.68
1784841319747,1,0,0,69.72
1784841319884,0,0,0,77.68
1784841319884,1,0,0,69.69
1784841320021,0,0,0,77.69
1784841320021,1,0,0,69.68
1784841320158,0,0,0,77.69
1784841320158,1,0,0,69.68
1784841320295,0,0,0,77.67
1784841320295,1,0,0,69.69
1784841320432,0,0,0,77.67
1784841320432,1,0,0,69.66
1784841320568,0,0,0,77.64
1784841320568,1,0,0,69.67
1784841320706,0,0,0,77.62
1784841320706,1,0,0,69.68
1784841320842,0,0,0,77.62
1784841320842,1,0,0,69.70
1784841320979,0,0,0,77.60
1784841320979,1,0,0,69.70
1784841321116,0,0,0,77.59
1784841321116,1,0,0,69.65
1784841321357,0,0,0,77.59
1784841321357,1,0,0,69.67
1784841321494,0,0,0,77.59
1784841321494,1,0,0,69.63
1784841321631,0,0,0,77.61
1784841321631,1,0,0,69.64
1784841321769,0,0,0,77.64
1784841321769,1,0,0,69.65
1784841321906,0,0,0,77.65
1784841321906,1,0,0,69.65
1784841322042,0,0,0,77.67
1784841322042,1,0,0,69.66
1784841322179,0,0,0,77.68
1784841322179,1,0,0,69.67
1784841322315,0,0,0,77.67
1784841322315,1,0,0,69.69
1784841322451,0,0,0,77.68
1784841322451,1,0,0,69.71
1784841322588,0,0,0,77.67
1784841322588,1,0,0,69.74
1784841322724,0,0,0,77.64
1784841322724,1,0,0,69.74
1784841322883,0,0,0,77.62
1784841322883,1,0,0,69.74
1784841323028,0,0,0,77.61
1784841323028,1,0,0,69.78
1784841323164,0,0,0,77.58
1784841323164,1,0,0,69.78
1784841323299,0,0,0,77.58
1784841323299,1,0,0,69.78
1784841323435,0,0,0,77.56
1784841323435,1,0,0,69.74
1784841323570,0,0,0,77.55
1784841323570,1,0,0,69.72
1784841323706,0,0,0,77.55
1784841323706,1,0,0,69.74
1784841323842,0,0,0,77.53
1784841323842,1,0,0,69.69
1784841323978,0,0,0,77.54
1784841323978,1,0,0,69.69
1784841324115,0,0,0,77.54
1784841324115,1,0,0,69.70
1784841324251,0,0,0,77.56
1784841324251,1,0,0,69.68
1784841324388,0,0,0,77.57
1784841324388,1,0,0,69.68
1784841324524,0,0,0,77.58
1784841324524,1,0,0,69.71
1784841324662,0,0,0,77.59
1784841324662,1,0,0,69.66
1784841324799,0,0,0,77.60
1784841324799,1,0,0,69.69
1784841324936,0,0,0,77.61
1784841324936,1,0,0,69.72
1784841325074,0,0,0,77.61
1784841325074,1,0,0,69.71
1784841325211,0,0,0,77.61
1784841325211,1,0,0,69.73
1784841325348,0,0,0,77.61
1784841325348,1,0,0,69.72
1784841325485,0,0,0,77.61
1784841325485,1,0,0,69.68
1784841325622,0,0,0,77.61
1784841325622,1,0,0,69.70
1784841325760,0,0,0,77.63
1784841325760,1,0,0,69.68
1784841325896,0,0,0,77.62
1784841325896,1,0,0,69.63
1784841326032,0,0,0,77.63
1784841326032,1,0,0,69.62
1784841326169,0,0,0,77.65
1784841326169,1,0,0,69.63
1784841326306,0,0,0,77.65
1784841326306,1,0,0,69.63
1784841326443,0,0,0,77.65
1784841326443,1,0,0,69.62
1784841326579,0,0,0,77.65
1784841326579,1,0,0,69.64
1784841326715,0,0,0,77.64
1784841326715,1,0,0,69.63
1784841326854,0,0,0,77.65
1784841326854,1,0,0,69.66
1784841326991,0,0,0,77.66
1784841326991,1,0,0,69.64
1784841327128,0,0,0,77.65
1784841327128,1,0,0,69.64
1784841327267,0,0,0,77.65
1784841327267,1,0,0,69.65
1784841327404,0,0,0,77.66
1784841327404,1,0,0,69.66
1784841327541,0,0,0,77.67
1784841327541,1,0,0,69.71
1784841327679,0,0,0,77.69
1784841327679,1,0,0,69.71
1784841327818,0,0,0,77.69
1784841327818,1,0,0,69.69
1784841327954,0,0,0,77.68
1784841327954,1,0,0,69.69
1784841328091,0,0,0,77.70
1784841328091,1,0,0,69.72
1784841328227,0,0,0,77.69
1784841328227,1,0,0,69.72
1784841328364,0,0,0,77.67
1784841328364,1,0,0,69.70
1784841328501,0,0,0,77.65
1784841328501,1,0,0,69.72
1784841328636,0,0,0,77.63
1784841328636,1,0,0,69.65
1784841328773,0,0,0,77.61
1784841328773,1,0,0,69.67
1784841328910,0,0,0,77.61
1784841328910,1,0,0,69.71
1784841329046,0,0,0,77.59
1784841329046,1,0,0,69.72
1784841329183,0,0,0,77.61
1784841329183,1,0,0,69.72
1784841329319,0,0,0,77.61
1784841329319,1,0,0,69.73
1784841329456,0,0,0,77.61
1784841329456,1,0,0,69.72
1784841329602,0,0,0,77.63
1784841329602,1,0,0,69.73
1784841329739,0,0,0,77.64
1784841329739,1,0,0,69.71
1784841329876,0,0,0,77.64
1784841329876,1,0,0,69.70
1784841330013,0,0,0,77.65
1784841330013,1,0,0,69.68
1784841330150,0,0,0,77.63
1784841330150,1,0,0,69.67
1784841330286,0,0,0,77.64
1784841330286,1,0,0,69.68
1784841330421,0,0,0,77.65
1784841330421,1,0,0,69.68
1784841330560,0,0,0,77.66
1784841330560,1,0,0,69.69
1784841330697,0,0,0,77.66
1784841330697,1,0,0,69.71
1784841330834,0,0,0,77.66
1784841330834,1,0,0,69.71
1784841330971,0,0,0,77.64
1784841330971,1,0,0,69.72
1784841331109,0,0,0,77.65
1784841331109,1,0,0,69.73
1784841331247,0,0,0,77.65
1784841331247,1,0,0,69.68
1784841331384,0,0,0,77.64
1784841331384,1,0,0,69.66
1784841331520,0,0,0,77.64
1784841331520,1,0,0,69.65
1784841331657,0,0,0,77.62
1784841331657,1,0,0,69.63
1784841331794,0,0,0,77.61
1784841331794,1,0,0,69.64
1784841331932,0,0,0,77.63
1784841331932,1,0,0,69.61
1784841332070,0,0,0,77.65
1784841332070,1,0,0,69.59
1784841332206,0,0,0,77.64
1784841332206,1,0,0,69.57
1784841332343,0,0,0,77.66
1784841332343,1,0,0,69.63
1784841332480,0,0,0,77.65
1784841332480,1,0,0,69.63
1784841332616,0,0,0,77.66
1784841332616,1,0,0,69.67
1784841332754,0,0,0,77.68
1784841332754,1,0,0,69.64
1784841332952,0,0,0,77.67
1784841332952,1,0,0,69.63
1784841333090,0,0,0,77.67
1784841333090,1,0,0,69.69
1784841333227,0,0,0,77.66
1784841333227,1,0,0,69.71
1784841333364,0,0,0,77.65
1784841333364,1,0,0,69.71
1784841333501,0,0,0,77.66
1784841333501,1,0,0,69.70
1784841333638,0,0,0,77.66
1784841333638,1,0,0,69.70
1784841333776,0,0,0,77.63
1784841333776,1,0,0,69.70
1784841333912,0,0,0,77.63
1784841333912,1,0,0,69.69
1784841334049,0,0,0,77.62
1784841334049,1,0,0,69.72
1784841334186,0,0,0,77.63
1784841334186,1,0,0,69.72
1784841334323,0,0,0,77.63
1784841334323,1,0,0,69.72
1784841334461,0,0,0,77.59
1784841334461,1,0,0,69.68
1784841334599,0,0,0,77.60
1784841334599,1,0,0,69.68
1784841334736,0,0,0,77.61
1784841334736,1,0,0,69.69
1784841334874,0,0,0,77.60
1784841334874,1,0,0,69.70
1784841335012,0,0,0,77.60
1784841335012,1,0,0,69.70
1784841335151,0,0,0,77.61
1784841335151,1,0,0,69.68
1784841335287,0,0,0,77.60
1784841335287,1,0,0,69.66
1784841335424,0,0,0,77.61
1784841335424,1,0,0,69.70
1784841335561,0,0,0,77.63
1784841335561,1,0,0,69.71
1784841335697,0,0,0,77.62
1784841335697,1,0,0,69.68
1784841335833,0,0,0,77.63
1784841335833,1,0,0,69.71
1784841335970,0,0,0,77.65
1784841335970,1,0,0,69.71
1784841336106,0,0,0,77.66
1784841336106,1,0,0,69.68
1784841336243,0,0,0,77.66
1784841336243,1,0,0,69.70
1784841336379,0,0,0,77.64
1784841336379,1,0,0,69.70
1784841336516,0,0,0,77.65
1784841336516,1,0,0,69.69
1784841336653,0,0,0,77.64
1784841336653,1,0,0,69.73
1784841336794,0,0,0,77.63
1784841336794,1,0,0,69.73
1784841336931,0,0,0,77.61
1784841336931,1,0,0,69.74
1784841337070,0,0,0,77.58
1784841337070,1,0,0,69.76
1784841337209,0,0,0,77.58
1784841337209,1,0,0,69.75
1784841337346,0,0,0,77.59
1784841337346,1,0,0,69.75
1784841337485,0,0,0,77.57
1784841337485,1,0,0,69.73
1784841337623,0,0,0,77.58
1784841337623,1,0,0,69.67
1784841337760,0,0,0,77.59
1784841337760,1,0,0,69.67
1784841337897,0,0,0,77.60
1784841337897,1,0,0,69.68
1784841338034,0,0,0,77.61
1784841338034,1,0,0,69.63
1784841338171,0,0,0,77.60
1784841338171,1,0,0,69.63
1784841338308,0,0,0,77.58
1784841338308,1,0,0,69.67
1784841338445,0,0,0,77.61
1784841338445,1,0,0,69.66
1784841338583,0,0,0,77.61
1784841338583,1,0,0,69.67
1784841338720,0,0,0,77.62
1784841338720,1,0,0,69.69
1784841338858,0,0,0,77.64
1784841338858,1,0,0,69.65
1784841338996,0,0,0,77.64
1784841338996,1,0,0,69.68
1784841339133,0,0,0,77.64
1784841339133,1,0,0,69.69
1784841339271,0,0,0,77.68
1784841339271,1,0,0,69.67
1784841339408,0,0,0,77.67
1784841339408,1,0,0,69.66
1784841339544,0,0,0,77.67
1784841339544,1,0,0,69.67
1784841339680,0,0,0,77.66
1784841339680,1,0,0,69.62
1784841339818,0,0,0,77.66
1784841339818,1,0,0,69.68
1784841339955,0,0,0,77.67
1784841339955,1,0,0,69.65
1784841340091,0,0,0,77.68
1784841340091,1,0,0,69.63
1784841340229,0,0,0,77.68
1784841340229,1,0,0,69.67
1784841340365,0,0,0,77.69
1784841340365,1,0,0,69.67
1784841340506,0,0,0,77.69
1784841340506,1,0,0,69.64
1784841340642,0,0,0,77.68
1784841340642,1,0,0,69.65
1784841340779,0,0,0,77.71
1784841340779,1,0,0,69.66
1784841340916,0,0,0,77.71
1784841340916,1,0,0,69.66
1784841341052,0,0,0,77.73
1784841341052,1,0,0,69.67
1784841341188,0,0,0,77.74
1784841341188,1,0,0,69.67
1784841341325,0,0,0,77.73
1784841341325,1,0,0,69.64
1784841341461,0,0,0,77.72
1784841341461,1,0,0,69.64
1784841341598,0,0,0,77.71
1784841341598,1,0,0,69.63
1784841341735,0,0,0,77.69
1784841341735,1,0,0,69.64
1784841341871,0,0,0,77.66
1784841341871,1,0,0,69.63
1784841342007,0,0,0,77.64
1784841342007,1,0,0,69.63
1784841342143,0,0,0,77.62
1784841342143,1,0,0,69.68
1784841342279,0,0,0,77.57
1784841342279,1,0,0,69.66
1784841342415,0,0,0,77.57
1784841342415,1,0,0,69.66
1784841342551,0,0,0,77.58
1784841342551,1,0,0,69.70
1784841342687,0,0,0,77.59
1784841342687,1,0,0,69.66
1784841342823,0,0,0,77.59
1784841342823,1,0,0,69.71
1784841342960,0,0,0,77.61
1784841342960,1,0,0,69.68
1784841343097,0,0,0,77.61
1784841343097,1,0,0,69.67
1784841343233,0,0,0,77.62
1784841343233,1,0,0,69.69
1784841343370,0,0,0,77.64
1784841343370,1,0,0,69.68
1784841343506,0,0,0,77.64
1784841343506,1,0,0,69.67
1784841343642,0,0,0,77.64
1784841343642,1,0,0,69.70
1784841343778,0,0,0,77.66
1784841343778,1,0,0,69.70
1784841343915,0,0,0,77.66
1784841343915,1,0,0,69.67
1784841344050,0,0,0,77.65
1784841344050,1,0,0,69.69
1784841344187,0,0,0,77.66
1784841344187,1,0,0,69.69
1784841344323,0,0,0,77.66
1784841344323,1,0,0,69.67
1784841344461,0,0,0,77.68
1784841344461,1,0,0,69.68
1784841344749,0,0,0,77.67
1784841344749,1,0,0,69.65
1784841344887,0,0,0,77.67
1784841344887,1,0,0,69.66
1784841345023,0,0,0,77.67
1784841345023,1,0,0,69.65
1784841345157,0,0,0,77.65
1784841345157,1,0,0,69.66
1784841345294,0,0,0,77.66
1784841345294,1,0,0,69.65
1784841345430,0,0,0,77.66
1784841345430,1,0,0,69.60
1784841345566,0,0,0,77.66
1784841345566,1,0,0,69.60
1784841345704,0,0,0,77.66
1784841345704,1,0,0,69.61
1784841345842,0,0,0,77.66
1784841345842,1,0,0,69.63
1784841345978,0,0,0,77.65
1784841345978,1,0,0,69.64
1784841346115,0,0,0,77.66
1784841346115,1,0,0,69.64
1784841346251,0,0,0,77.67
1784841346251,1,0,0,69.59
1784841346388,0,0,0,77.67
1784841346388,1,0,0,69.61
1784841346523,0,0,0,77.68
1784841346523,1,0,0,69.64
1784841346659,0,0,0,77.68
1784841346659,1,0,0,69.61
1784841346797,0,0,0,77.68
1784841346797,1,0,0,69.62
1784841346934,0,0,0,77.70
1784841346934,1,0,0,69.65
1784841347070,0,0,0,77.68
1784841347070,1,0,0,69.65
1784841347207,0,0,0,77.68
1784841347207,1,0,0,69.65
1784841347343,0,0,0,77.69
1784841347343,1,0,0,69.70
1784841347480,0,0,0,77.66
1784841347480,1,0,0,69.68
1784841347617,0,0,0,77.66
1784841347617,1,0,0,69.68
1784841347756,0,0,0,77.63
1784841347756,1,0,0,69.70
1784841347893,0,0,0,77.61
1784841347893,1,0,0,69.71
1784841348030,0,0,0,77.60
1784841348030,1,0,0,69.69
1784841348167,0,0,0,77.61
1784841348167,1,0,0,69.70
1784841348306,0,0,0,77.60
1784841348306,1,0,0,69.70
1784841348444,0,0,0,77.60
1784841348444,1,0,0,69.65
1784841348582,0,0,0,77.61
1784841348582,1,0,0,69.65
1784841348720,0,0,0,77.61
1784841348720,1,0,0,69.66
1784841348858,0,0,0,77.61
1784841348858,1,0,0,69.62
1784841348996,0,0,0,77.63
1784841348996,1,0,0,69.66
1784841349133,0,0,0,77.63
1784841349133,1,0,0,69.66
1784841349271,0,0,0,77.64
1784841349271,1,0,0,69.64
1784841349409,0,0,0,77.61
1784841349409,1,0,0,69.67
1784841349547,0,0,0,77.59
1784841349547,1,0,0,69.68
1784841349684,0,0,0,77.59
1784841349684,1,0,0,69.66
1784841349821,0,0,0,77.60
1784841349821,1,0,0,69.69
1784841349958,0,0,0,77.60
1784841349958,1,0,0,69.67
1784841350094,0,0,0,77.60
1784841350094,1,0,0,69.66
1784841350230,0,0,0,77.59
1784841350230,1,0,0,69.68
1784841350367,0,0,0,77.63
1784841350367,1,0,0,69.66
1784841350504,0,0,0,77.65
1784841350504,1,0,0,69.62
1784841350641,0,0,0,77.64
1784841350641,1,0,0,69.67
1784841350779,0,0,0,77.65
1784841350779,1,0,0,69.64
1784841350916,0,0,0,112.61
1784841350916,1,0,0,69.62
1784841351749,0,0,0,119.18
1784841351749,1,0,0,69.61
1784841351884,0,0,0,129.72
1784841351884,1,0,0,69.63
1784841352019,0,4,0,132.53
1784841352019,1,0,0,69.65
1784841352154,0,6,0,131.87
1784841352154,1,0,0,69.64
1784841352289,0,6,0,131.45
1784841352289,1,0,0,69.67
1784841352424,0,1,0,131.53
1784841352424,1,0,0,69.61
1784841352559,0,23,2,131.38
1784841352559,1,0,0,69.63
1784841352695,0,23,2,131.16
1784841352695,1,0,0,69.64
1784841352831,0,25,2,131.32
1784841352831,1,0,0,69.62
1784841352967,0,25,2,131.76
1784841352967,1,0,0,69.62
1784841353102,0,25,2,131.97
1784841353102,1,0,0,69.65
1784841353237,0,25,2,132.32
1784841353237,1,0,0,69.67
1784841353372,0,25,2,133.25
1784841353372,1,0,0,69.68
1784841353507,0,25,2,133.30
1784841353507,1,0,0,69.72
1784841353642,0,25,2,133.41
1784841353642,1,0,0,69.74
1784841353778,0,26,2,133.66
1784841353778,1,0,0,69.72
1784841353914,0,26,2,133.52
1784841353914,1,0,0,69.71
1784841354049,0,25,2,133.72
1784841354049,1,0,0,69.71
1784841354185,0,29,2,134.13
1784841354185,1,0,0,69.71
1784841354320,0,29,2,133.90
1784841354320,1,0,0,69.72
1784841354456,0,3,3,132.87
1784841354456,1,0,0,69.67
1784841354591,0,0,0,132.36
1784841354591,1,0,0,69.66
1784841354726,0,0,0,131.95
1784841354726,1,0,0,69.68
1784841354862,0,0,0,131.49
1784841354862,1,0,0,69.70
1784841354997,0,0,0,130.88
1784841354997,1,0,0,69.69
1784841355132,0,0,0,130.34
1784841355132,1,0,0,69.70
1784841355267,0,0,0,129.45
1784841355267,1,0,0,69.69
1784841355400,0,0,0,129.42
1784841355400,1,0,0,69.68
1784841355535,0,0,0,129.41
1784841355535,1,0,0,69.71
1784841355671,0,0,0,129.42
1784841355671,1,0,0,69.69
1784841355805,0,0,0,129.33
1784841355805,1,0,0,69.69
1784841355940,0,0,0,129.35
1784841355940,1,0,0,69.69
1784841356076,0,0,0,129.36
1784841356076,1,0,0,69.68
1784841356210,0,0,0,129.37
1784841356210,1,0,0,69.70
1784841356343,0,0,0,129.38
1784841356343,1,0,0,69.67
1784841356478,0,0,0,129.40
1784841356478,1,0,0,69.72
1784841356614,0,0,0,129.40
1784841356614,1,0,0,69.71
1784841356749,0,0,0,129.42
1784841356749,1,0,0,69.68
1784841356883,0,0,0,129.45
1784841356883,1,0,0,69.70
1784841357017,0,0,0,129.45
1784841357017,1,0,0,69.70
1784841357150,0,0,0,129.48
1784841357150,1,0,0,69.68
1784841357284,0,0,0,129.50
1784841357284,1,0,0,69.68
1784841357419,0,0,0,129.50
1784841357419,1,0,0,69.68
1784841357553,0,0,0,129.52
1784841357553,1,0,0,69.67
1784841357687,0,0,0,129.53
1784841357687,1,0,0,69.68
1784841357822,0,0,0,129.54
1784841357822,1,0,0,69.68
1784841357956,0,0,0,129.58
1784841357956,1,0,0,69.67
1784841358089,0,0,0,129.57
1784841358089,1,0,0,69.68
1784841358223,0,0,0,129.56
1784841358223,1,0,0,69.66
1784841358358,0,0,0,129.60
1784841358358,1,0,0,69.68
1784841358492,0,0,0,129.60
1784841358492,1,0,0,69.68
1784841358625,0,0,0,129.58
1784841358625,1,0,0,69.67
1784841358759,0,0,0,129.60
1784841358759,1,0,0,69.67
1784841358893,0,0,0,129.59
1784841358893,1,0,0,69.65
1784841359027,0,0,0,129.59
1784841359027,1,0,0,69.67
1784841359161,0,0,0,129.61
1784841359161,1,0,0,69.67
1784841359294,0,0,0,129.59
1784841359294,1,0,0,69.67
1784841359428,0,0,0,129.60
1784841359428,1,0,0,69.65
1784841359561,0,0,0,129.64
1784841359561,1,0,0,69.67
1784841359695,0,0,0,129.63
1784841359695,1,0,0,69.69
1784841359829,0,0,0,129.65
1784841359829,1,0,0,69.67
1784841359964,0,0,0,129.64
1784841359964,1,0,0,69.68
1784841360099,0,0,0,129.63
1784841360099,1,0,0,69.71
1784841360233,0,0,0,129.64
1784841360233,1,0,0,69.71
1784841360367,0,0,0,129.64
1784841360367,1,0,0,69.73
1784841360509,0,0,0,129.61
1784841360509,1,0,0,69.73
1784841360641,0,0,0,129.62
1784841360641,1,0,0,69.70
1784841360775,0,0,0,129.61
1784841360775,1,0,0,69.74
1784841360909,0,0,0,129.60
1784841360909,1,0,0,69.76
1784841361043,0,0,0,129.61
1784841361043,1,0,0,69.76
1784841361177,0,0,0,129.63
1784841361177,1,0,0,69.71
1784841361343,0,0,0,129.63
1784841361343,1,0,0,69.70
1784841361478,0,0,0,129.66
1784841361478,1,0,0,69.71
1784841361612,0,0,0,129.67
1784841361612,1,0,0,69.73
1784841361747,0,0,0,129.68
1784841361747,1,0,0,69.75
1784841361882,0,0,0,129.69
1784841361882,1,0,0,69.73
1784841362017,0,0,0,129.69
1784841362017,1,0,0,69.75
1784841362150,0,0,0,129.68
1784841362150,1,0,0,69.77
1784841362285,0,0,0,129.67
1784841362285,1,0,0,69.81
1784841362419,0,0,0,129.66
1784841362419,1,0,0,69.79
1784841362555,0,0,0,129.66
1784841362555,1,0,0,69.80
1784841362690,0,0,0,129.65
1784841362690,1,0,0,69.77
1784841362826,0,0,0,129.66
1784841362826,1,0,0,69.79
1784841362967,0,0,0,129.70
1784841362967,1,0,0,69.74
1784841363101,0,0,0,129.71
1784841363101,1,0,0,69.71
1784841363235,0,0,0,129.71
1784841363235,1,0,0,69.70
1784841363369,0,0,0,129.72
1784841363369,1,0,0,69.68
1784841363503,0,0,0,129.73
1784841363503,1,0,0,69.71
1784841363637,0,0,0,129.74
1784841363637,1,0,0,69.68
1784841363771,0,0,0,129.73
1784841363771,1,0,0,69.70
1784841363906,0,0,0,129.71
1784841363906,1,0,0,69.68
1784841364040,0,0,0,129.72
1784841364040,1,0,0,69.68
1784841364173,0,0,0,129.73
1784841364173,1,0,0,69.66
1784841364307,0,0,0,129.73
1784841364307,1,0,0,69.68
1784841364440,0,0,0,129.74
1784841364440,1,0,0,69.67
1784841364574,0,0,0,129.72
1784841364574,1,0,0,69.66
1784841364708,0,0,0,129.72
1784841364708,1,0,0,69.68
1784841364842,0,0,0,129.74
1784841364842,1,0,0,69.70
1784841364976,0,0,0,129.74
1784841364976,1,0,0,69.70
1784841365111,0,0,0,129.75
1784841365111,1,0,0,69.75
1784841365247,0,0,0,129.75
1784841365247,1,0,0,69.70
1784841365382,0,0,0,129.75
1784841365382,1,0,0,69.69
1784841365517,0,0,0,129.76
1784841365517,1,0,0,69.70
1784841365652,0,0,0,129.77
1784841365652,1,0,0,69.68
1784841365786,0,0,0,129.80
1784841365786,1,0,0,69.68
1784841365922,0,0,0,129.81
1784841365922,1,0,0,69.70
1784841366057,0,0,0,129.83
1784841366057,1,0,0,69.71
1784841366193,0,0,0,129.84
1784841366193,1,0,0,69.75
1784841366328,0,0,0,129.86
1784841366328,1,0,0,69.76
1784841366463,0,0,0,129.86
1784841366463,1,0,0,69.76
1784841366599,0,0,0,129.88
1784841366599,1,0,0,69.76
1784841366734,0,0,0,129.88
1784841366734,1,0,0,69.77
1784841366870,0,0,0,129.88
1784841366870,1,0,0,69.71
1784841367005,0,0,0,129.89
1784841367005,1,0,0,69.70
1784841367140,0,0,0,129.91
1784841367140,1,0,0,69.72
1784841367275,0,0,0,129.91
1784841367275,1,0,0,69.67
1784841367411,0,0,0,129.91
1784841367411,1,0,0,69.68
1784841367546,0,0,0,129.90
1784841367546,1,0,0,69.68
1784841367681,0,0,0,129.88
1784841367681,1,0,0,69.68
1784841367815,0,0,0,129.88
1784841367815,1,0,0,69.68
1784841367950,0,0,0,129.88
1784841367950,1,0,0,69.67
1784841368085,0,0,0,129.84
1784841368085,1,0,0,69.68
1784841368220,0,0,0,129.84
1784841368220,1,0,0,69.71
1784841368355,0,0,0,129.85
1784841368355,1,0,0,69.72
1784841368490,0,0,0,129.84
1784841368490,1,0,0,69.69
1784841368625,0,0,0,129.85
1784841368625,1,0,0,69.68
1784841368760,0,0,0,129.86
1784841368760,1,0,0,69.69
1784841368895,0,0,0,129.86
1784841368895,1,0,0,69.72
1784841369031,0,0,0,129.88
1784841369031,1,0,0,69.72
1784841369166,0,0,0,129.86
1784841369166,1,0,0,69.71
1784841369302,0,0,0,129.88
1784841369302,1,0,0,69.71
1784841369437,0,0,0,129.89
1784841369437,1,0,0,69.74
1784841369572,0,0,0,129.90
1784841369572,1,0,0,69.74
1784841369706,0,0,0,129.92
1784841369706,1,0,0,69.74
1784841369842,0,0,0,129.92
1784841369842,1,0,0,69.69
1784841369977,0,0,0,129.92
1784841369977,1,0,0,69.69
1784841370112,0,0,0,129.94
1784841370112,1,0,0,69.67
1784841370246,0,0,0,129.95
1784841370246,1,0,0,69.65
1784841370381,0,0,0,129.95
1784841370381,1,0,0,69.66
1784841370517,0,0,0,129.95
1784841370517,1,0,0,69.66
1784841370652,0,0,0,129.97
1784841370652,1,0,0,69.68
1784841370787,0,0,0,129.97
1784841370787,1,0,0,69.67
1784841370922,0,0,0,129.98
1784841370922,1,0,0,69.73
1784841371058,0,0,0,129.97
1784841371058,1,0,0,69.74
1784841371194,0,0,0,129.99
1784841371194,1,0,0,69.74
1784841371330,0,0,0,130.00
1784841371330,1,0,0,69.74
1784841371466,0,0,0,130.00
1784841371466,1,0,0,69.75
1784841371602,0,0,0,129.99
1784841371602,1,0,0,69.73
1784841371737,0,0,0,130.00
1784841371737,1,0,0,69.74
1784841371872,0,0,0,129.99
1784841371872,1,0,0,69.73
1784841372007,0,0,0,130.01
1784841372007,1,0,0,69.73
1784841372141,0,0,0,130.02
1784841372141,1,0,0,69.73
1784841372274,0,0,0,130.00
1784841372274,1,0,0,69.74
1784841372408,0,0,0,130.01
1784841372408,1,0,0,69.74
1784841372544,0,0,0,130.01
1784841372544,1,0,0,69.74
1784841372678,0,0,0,130.00
1784841372678,1,0,0,69.75
1784841372814,0,0,0,130.00
1784841372814,1,0,0,69.73
1784841372948,0,0,0,130.00
1784841372948,1,0,0,69.71
1784841373082,0,0,0,129.99
1784841373082,1,0,0,69.73
1784841373216,0,0,0,129.99
1784841373216,1,0,0,69.69
1784841373350,0,0,0,129.99
1784841373350,1,0,0,69.71
1784841373488,0,0,0,129.99
1784841373488,1,0,0,69.70
1784841373623,0,0,0,129.99
1784841373623,1,0,0,69.71
1784841373757,0,0,0,129.99
1784841373757,1,0,0,69.72
1784841373891,0,0,0,129.99
1784841373891,1,0,0,69.73
1784841374025,0,0,0,129.99
1784841374025,1,0,0,69.69
1784841374162,0,0,0,129.99
1784841374162,1,0,0,69.66
1784841374296,0,0,0,129.99
1784841374296,1,0,0,69.70
1784841374429,0,0,0,129.99
1784841374429,1,0,0,69.70
1784841374564,0,0,0,130.00
1784841374564,1,0,0,69.71
1784841374699,0,0,0,129.99
1784841374699,1,0,0,69.70
1784841374834,0,0,0,130.01
1784841374834,1,0,0,69.67
1784841374968,0,0,0,130.01
1784841374968,1,0,0,69.67
1784841375125,0,0,0,130.02
1784841375125,1,0,0,69.73
1784841375259,0,0,0,130.03
1784841375259,1,0,0,69.71
1784841375393,0,0,0,130.03
1784841375393,1,0,0,69.72
1784841375527,0,0,0,130.02
1784841375527,1,0,0,69.69
1784841375661,0,0,0,130.04
1784841375661,1,0,0,69.70
1784841375795,0,0,0,130.04
1784841375795,1,0,0,69.73
1784841375929,0,0,0,130.03
1784841375929,1,0,0,69.75
1784841376063,0,0,0,130.01
1784841376063,1,0,0,69.73
1784841376198,0,0,0,130.01
1784841376198,1,0,0,69.70
1784841376333,0,0,0,130.01
1784841376333,1,0,0,69.68
1784841376467,0,0,0,130.01
1784841376467,1,0,0,69.69
1784841376602,0,0,0,130.01
1784841376602,1,0,0,69.68
1784841376737,0,0,0,130.03
1784841376737,1,0,0,69.67
1784841376872,0,0,0,130.05
1784841376872,1,0,0,69.63
1784841377005,0,0,0,130.06
1784841377005,1,0,0,69.64
1784841377139,0,0,0,130.07
1784841377139,1,0,0,69.63
1784841377273,0,0,0,130.07
1784841377273,1,0,0,69.69
1784841377407,0,0,0,130.07
1784841377407,1,0,0,69.65
1784841377541,0,0,0,130.07
1784841377541,1,0,0,69.64
1784841377676,0,0,0,130.08
1784841377676,1,0,0,69.65
1784841377810,0,0,0,130.08
1784841377810,1,0,0,69.72
1784841377944,0,0,0,130.08
1784841377944,1,0,0,69.71
1784841378079,0,0,0,130.10
1784841378079,1,0,0,69.67
1784841378212,0,0,0,130.11
1784841378212,1,0,0,69.67
1784841378346,0,0,0,130.11
1784841378346,1,0,0,69.66
1784841378479,0,0,0,130.16
1784841378479,1,0,0,69.69
1784841378613,0,0,0,130.17
1784841378613,1,0,0,69.67
1784841378749,0,0,0,130.17
1784841378749,1,0,0,69.66
1784841378883,0,0,0,130.21
1784841378883,1,0,0,69.66
1784841379022,0,0,0,130.19
1784841379022,1,0,0,69.70
1784841379156,0,0,0,130.20
1784841379156,1,0,0,69.70
1784841379291,0,0,0,130.22
1784841379291,1,0,0,69.72
1784841379425,0,0,0,130.22
1784841379425,1,0,0,69.74
1784841379561,0,0,0,130.17
1784841379561,1,0,0,69.71
1784841379695,0,0,0,130.15
1784841379695,1,0,0,69.76
1784841379830,0,0,0,130.13
1784841379830,1,0,0,69.75
1784841379964,0,0,0,130.12
1784841379964,1,0,0,69.76
1784841380099,0,0,0,130.11
1784841380099,1,0,0,69.76
1784841380233,0,0,0,130.10
1784841380233,1,0,0,69.74
1784841380368,0,0,0,130.07
1784841380368,1,0,0,69.76
1784841380502,0,0,0,130.06
1784841380502,1,0,0,69.76
1784841380637,0,0,0,130.08
1784841380637,1,0,0,69.76
1784841380772,0,0,0,130.08
1784841380772,1,0,0,69.75
1784841380906,0,0,0,130.09
1784841380906,1,0,0,69.76
1784841381041,0,0,0,130.08
1784841381041,1,0,0,69.78
1784841381175,0,0,0,130.11
1784841381175,1,0,0,69.78
1784841381310,0,0,0,130.11
1784841381310,1,0,0,69.76
1784841381446,0,0,0,130.12
1784841381446,1,0,0,69.77
1784841381581,0,0,0,130.13
1784841381581,1,0,0,69.75
1784841381716,0,0,0,130.14
1784841381716,1,0,0,69.76
1784841381851,0,0,0,130.15
1784841381851,1,0,0,69.74
1784841381986,0,0,0,130.15
1784841381986,1,0,0,69.74
1784841382120,0,0,0,130.15
1784841382120,1,0,0,69.74
1784841382255,0,0,0,130.15
1784841382255,1,0,0,69.76
1784841382389,0,0,0,130.15
1784841382389,1,0,0,69.76
1784841382524,0,0,0,130.15
1784841382524,1,0,0,69.75
1784841382660,0,0,0,130.17
1784841382660,1,0,0,69.75
1784841382795,0,0,0,130.18
1784841382795,1,0,0,69.74
1784841382930,0,0,0,130.17
1784841382930,1,0,0,69.69
1784841383064,0,0,0,130.18
1784841383064,1,0,0,69.67
1784841383198,0,0,0,130.18
1784841383198,1,0,0,69.66
1784841383333,0,0,0,130.17
1784841383333,1,0,0,69.65
1784841383468,0,0,0,130.18
1784841383468,1,0,0,69.62
1784841383602,0,0,0,130.18
1784841383602,1,0,0,69.64
1784841383736,0,0,0,130.17
1784841383736,1,0,0,69.64
1784841383871,0,0,0,130.19
1784841383871,1,0,0,69.67
1784841384006,0,0,0,130.19
1784841384006,1,0,0,69.66
1784841384140,0,0,0,130.19
1784841384140,1,0,0,69.66
1784841384273,0,0,0,130.23
1784841384273,1,0,0,69.66
1784841384407,0,0,0,130.24
1784841384407,1,0,0,69.71
1784841384541,0,0,0,130.24
1784841384541,1,0,0,69.71
1784841384675,0,0,0,130.24
1784841384675,1,0,0,69.66
1784841384808,0,0,0,130.25
1784841384808,1,0,0,69.68
1784841384942,0,0,0,130.25
1784841384942,1,0,0,69.69
1784841385076,0,0,0,130.25
1784841385076,1,0,0,69.69
1784841385211,0,0,0,130.24
1784841385211,1,0,0,69.67
1784841385345,0,0,0,130.24
1784841385345,1,0,0,69.68
1784841385479,0,0,0,130.26
1784841385479,1,0,0,69.64
1784841385613,0,0,0,130.25
1784841385613,1,0,0,69.67
1784841385747,0,0,0,130.26
1784841385747,1,0,0,69.68
1784841385881,0,0,0,130.26
1784841385881,1,0,0,69.64
1784841386015,0,0,0,130.27
1784841386015,1,0,0,69.67
1784841386151,0,0,0,130.28
1784841386151,1,0,0,69.65
1784841386284,0,0,0,130.31
1784841386284,1,0,0,69.62
1784841386417,0,0,0,130.32
1784841386417,1,0,0,69.67
1784841386551,0,0,0,130.32
1784841386551,1,0,0,69.69
1784841386685,0,0,0,130.31
1784841386685,1,0,0,69.67
1784841386819,0,0,0,130.30
1784841386819,1,0,0,69.65
1784841386953,0,0,0,130.30
1784841386953,1,0,0,69.67
1784841387087,0,0,0,130.28
1784841387087,1,0,0,69.67
1784841387221,0,0,0,130.29
1784841387221,1,0,0,69.74
1784841387355,0,0,0,130.28
1784841387355,1,0,0,69.74
1784841387489,0,0,0,130.26
1784841387489,1,0,0,69.74
1784841387623,0,0,0,130.26
1784841387623,1,0,0,69.76
1784841387756,0,0,0,130.26
1784841387756,1,0,0,69.73
1784841387889,0,0,0,130.28
1784841387889,1,0,0,69.74
1784841388024,0,0,0,130.30
1784841388024,1,0,0,69.74
1784841388158,0,0,0,130.30
1784841388158,1,0,0,69.73
1784841388292,0,0,0,130.33
1784841388292,1,0,0,69.68
1784841388426,0,0,0,130.32
1784841388426,1,0,0,69.66
1784841388561,0,0,0,130.32
1784841388561,1,0,0,69.65
1784841388694,0,0,0,130.35
1784841388694,1,0,0,69.63
1784841388828,0,0,0,130.35
1784841388828,1,0,0,69.66
1784841388962,0,0,0,130.36
1784841388962,1,0,0,69.65
1784841389096,0,0,0,130.36
1784841389096,1,0,0,69.62
1784841389230,0,0,0,130.34
1784841389230,1,0,0,69.64
1784841389364,0,0,0,130.33
1784841389364,1,0,0,69.63
1784841389500,0,0,0,130.33
1784841389500,1,0,0,69.61
1784841389636,0,0,0,130.34
1784841389636,1,0,0,69.62
1784841389771,0,0,0,130.34
1784841389771,1,0,0,69.62
1784841389905,0,0,0,130.34
1784841389905,1,0,0,69.61
1784841390039,0,0,0,130.32
1784841390039,1,0,0,69.63
1784841390174,0,0,0,130.34
1784841390174,1,0,0,69.64
1784841390308,0,0,0,130.34
1784841390308,1,0,0,69.61
1784841390442,0,0,0,130.34
1784841390442,1,0,0,69.65
1784841390577,0,0,0,130.34
1784841390577,1,0,0,69.64
1784841390711,0,0,0,130.33
1784841390711,1,0,0,69.66
1784841390845,0,0,0,130.33
1784841390845,1,0,0,69.69
1784841390979,0,0,0,130.33
1784841390979,1,0,0,69.69
1784841391114,0,0,0,130.34
1784841391114,1,0,0,69.69
1784841391249,0,0,0,130.33
1784841391249,1,0,0,69.74
1784841391384,0,0,0,130.34
1784841391384,1,0,0,69.75
1784841391533,0,0,0,130.32
1784841391533,1,0,0,69.77
1784841391667,0,0,0,130.34
1784841391667,1,0,0,69.75
1784841391803,0,0,0,130.34
1784841391803,1,0,0,69.76
1784841391937,0,0,0,130.33
1784841391937,1,0,0,69.76
1784841392071,0,0,0,130.34
1784841392071,1,0,0,69.76
1784841392206,0,0,0,130.32
1784841392206,1,0,0,69.78
1784841392340,0,0,0,130.32
1784841392340,1,0,0,69.78
1784841392472,0,0,0,130.32
1784841392472,1,0,0,69.78
1784841392606,0,0,0,130.32
1784841392606,1,0,0,69.77
1784841392740,0,0,0,130.31
1784841392740,1,0,0,69.77
1784841392873,0,0,0,130.34
1784841392873,1,0,0,69.80
1784841393011,0,0,0,130.34
1784841393011,1,0,0,69.79
1784841393144,0,0,0,130.34
1784841393144,1,0,0,69.81
1784841393277,0,0,0,130.36
1784841393277,1,0,0,69.78
1784841393410,0,0,0,130.37
1784841393410,1,0,0,69.78
1784841393544,0,0,0,130.38
1784841393544,1,0,0,69.80
1784841393678,0,0,0,130.38
1784841393678,1,0,0,69.80
1784841393811,0,0,0,130.36
1784841393811,1,0,0,69.81
1784841393946,0,0,0,130.35
1784841393946,1,0,0,69.81
1784841394081,0,0,0,130.31
1784841394081,1,0,0,69.80
1784841394216,0,0,0,130.30
1784841394216,1,0,0,69.74
1784841394351,0,0,0,130.30
1784841394351,1,0,0,69.73
1784841394486,0,0,0,130.29
1784841394486,1,0,0,69.73
1784841394621,0,0,0,130.30
1784841394621,1,0,0,69.72
1784841394756,0,0,0,130.30
1784841394756,1,0,0,69.73
1784841394892,0,0,0,130.32
1784841394892,1,0,0,69.70
1784841395027,0,0,0,130.34
1784841395027,1,0,0,69.69
1784841395162,0,0,0,130.34
1784841395162,1,0,0,69.70
1784841395297,0,0,0,130.36
1784841395297,1,0,0,69.72
1784841395434,0,0,0,130.37
1784841395434,1,0,0,69.71
1784841395568,0,0,0,130.37
1784841395568,1,0,0,69.71
1784841395702,0,0,0,130.38
1784841395702,1,0,0,69.67
1784841395836,0,0,0,130.39
1784841395836,1,0,0,69.66
1784841395969,0,0,0,130.38
1784841395969,1,0,0,69.66
1784841396103,0,0,0,130.40
1784841396103,1,0,0,69.65
1784841396236,0,0,0,130.41
1784841396236,1,0,0,69.68
1784841396369,0,0,0,130.41
1784841396369,1,0,0,69.67
1784841396503,0,0,0,130.42
1784841396503,1,0,0,69.67
1784841396638,0,0,0,130.43
1784841396638,1,0,0,69.72
1784841396771,0,0,0,130.43
1784841396771,1,0,0,69.73
1784841396905,0,0,0,130.43
1784841396905,1,0,0,69.72
1784841397039,0,0,0,130.44
1784841397039,1,0,0,69.75
1784841397175,0,0,0,130.44
1784841397175,1,0,0,69.75
1784841397309,0,0,0,130.45
1784841397309,1,0,0,69.77
1784841397442,0,0,0,130.44
1784841397442,1,0,0,69.77
1784841397576,0,0,0,130.44
1784841397576,1,0,0,69.77
1784841397709,0,0,0,130.45
1784841397709,1,0,0,69.78
1784841397844,0,0,0,130.45
1784841397844,1,0,0,69.76
1784841397977,0,0,0,130.46
1784841397977,1,0,0,69.74
1784841398111,0,0,0,130.46
1784841398111,1,0,0,69.73
1784841398244,0,0,0,130.47
1784841398244,1,0,0,69.72
1784841398378,0,0,0,130.45
1784841398378,1,0,0,69.72
1784841398511,0,0,0,130.44
1784841398511,1,0,0,69.72
1784841398645,0,0,0,130.44
1784841398645,1,0,0,69.75
1784841398779,0,0,0,130.43
1784841398779,1,0,0,69.75
1784841398913,0,0,0,130.42
1784841398913,1,0,0,69.76
1784841399047,0,0,0,130.40
1784841399047,1,0,0,69.74
1784841399182,0,0,0,130.42
1784841399182,1,0,0,69.72
1784841399314,0,0,0,130.42
1784841399314,1,0,0,69.73
1784841399448,0,0,0,130.43
1784841399448,1,0,0,69.71
1784841399582,0,0,0,130.43
1784841399582,1,0,0,69.71
1784841399716,0,0,0,130.43
1784841399716,1,0,0,69.72
1784841399850,0,0,0,130.45
1784841399850,1,0,0,69.71
1784841399984,0,0,0,130.48
1784841399984,1,0,0,69.72
1784841400118,0,0,0,130.46
1784841400118,1,0,0,69.77
1784841400251,0,0,0,130.46
1784841400251,1,0,0,69.78
1784841400385,0,0,0,130.46
1784841400385,1,0,0,69.78
1784841400519,0,0,0,130.46
1784841400519,1,0,0,69.78
1784841400653,0,0,0,130.44
1784841400653,1,0,0,69.79
1784841400786,0,0,0,130.42
1784841400786,1,0,0,69.77
1784841400922,0,0,0,130.40
1784841400922,1,0,0,69.75
1784841401056,0,0,0,130.40
1784841401056,1,0,0,69.71
1784841401191,0,0,0,130.39
1784841401191,1,0,0,69.71
1784841401325,0,0,0,130.38
1784841401325,1,0,0,69.71
1784841401459,0,0,0,130.40
1784841401459,1,0,0,69.70
1784841401593,0,0,0,130.42
1784841401593,1,0,0,69.69
1784841401727,0,0,0,130.43
1784841401727,1,0,0,69.69
1784841401860,0,0,0,130.44
1784841401860,1,0,0,69.67
1784841401994,0,0,0,130.44
1784841401994,1,0,0,69.67
1784841402128,0,0,0,130.45
1784841402128,1,0,0,69.71
1784841402263,0,0,0,130.47
1784841402263,1,0,0,69.71
1784841402397,0,0,0,130.48
1784841402397,1,0,0,69.71
1784841402530,0,0,0,130.48
1784841402530,1,0,0,69.69
1784841402664,0,0,0,130.50
1784841402664,1,0,0,69.69
1784841402798,0,0,0,130.52
1784841402798,1,0,0,69.69
1784841402933,0,0,0,130.54
1784841402933,1,0,0,69.73
1784841403066,0,0,0,130.53
1784841403066,1,0,0,69.67
1784841403200,0,0,0,130.54
1784841403200,1,0,0,69.67
1784841403333,0,0,0,130.54
1784841403333,1,0,0,69.68
1784841403467,0,0,0,130.52
1784841403467,1,0,0,69.71
1784841403601,0,0,0,130.53
1784841403601,1,0,0,69.71
1784841403734,0,0,0,130.53
1784841403734,1,0,0,69.72
1784841403870,0,0,0,130.51
1784841403870,1,0,0,69.73
1784841404003,0,0,0,130.52
1784841404003,1,0,0,69.71
1784841404137,0,0,0,130.54
1784841404137,1,0,0,69.72
1784841404270,0,0,0,130.53
1784841404270,1,0,0,69.71
1784841404403,0,0,0,130.54
1784841404403,1,0,0,69.71
1784841404537,0,0,0,130.55
1784841404537,1,0,0,69.71
1784841404671,0,0,0,130.54
1784841404671,1,0,0,69.66
1784841404805,0,0,0,130.55
1784841404805,1,0,0,69.66
1784841404939,0,0,0,130.53
1784841404939,1,0,0,69.68
1784841405073,0,0,0,130.52
1784841405073,1,0,0,69.68
1784841405206,0,0,0,130.52
1784841405206,1,0,0,69.68
1784841405340,0,0,0,130.52
1784841405340,1,0,0,69.71
1784841405474,0,0,0,130.51
1784841405474,1,0,0,69.72
1784841405608,0,0,0,130.50
1784841405608,1,0,0,69.70
1784841405741,0,0,0,130.48
1784841405741,1,0,0,69.69
1784841405875,0,0,0,130.50
1784841405875,1,0,0,69.69
1784841406008,0,0,0,130.52
1784841406008,1,0,0,69.74
1784841406143,0,0,0,130.51
1784841406143,1,0,0,69.73
1784841406277,0,0,0,130.52
1784841406277,1,0,0,69.71
1784841406410,0,0,0,130.52
1784841406410,1,0,0,69.69
1784841406545,0,0,0,130.53
1784841406545,1,0,0,69.71
1784841406679,0,0,0,130.56
1784841406679,1,0,0,69.74
1784841406813,0,0,0,130.56
1784841406813,1,0,0,69.74
1784841406947,0,0,0,130.54
1784841406947,1,0,0,69.72
1784841407082,0,0,0,130.54
1784841407082,1,0,0,69.72
1784841407216,0,0,0,130.53
1784841407216,1,0,0,69.74
1784841407350,0,0,0,130.52
1784841407350,1,0,0,69.73
1784841407483,0,0,0,130.51
1784841407483,1,0,0,69.73
1784841407617,0,0,0,130.48
1784841407617,1,0,0,69.73
1784841407751,0,0,0,130.48
1784841407751,1,0,0,69.73
1784841407886,0,0,0,130.50
1784841407886,1,0,0,69.74
1784841408020,0,0,0,130.48
1784841408020,1,0,0,69.71
1784841408154,0,0,0,130.49
1784841408154,1,0,0,69.72
1784841408289,0,0,0,130.50
1784841408289,1,0,0,69.71
1784841408424,0,0,0,130.50
1784841408424,1,0,0,69.73
1784841408558,0,0,0,130.51
1784841408558,1,0,0,69.71
1784841408693,0,0,0,130.52
1784841408693,1,0,0,69.74
1784841408829,0,0,0,130.52
1784841408829,1,0,0,69.73
1784841408964,0,0,0,130.52
1784841408964,1,0,0,69.73
1784841409098,0,0,0,130.54
1784841409098,1,0,0,69.74
1784841409232,0,0,0,130.54
1784841409232,1,0,0,69.75
1784841409365,0,0,0,130.56
1784841409365,1,0,0,69.74
1784841409500,0,0,0,130.57
1784841409500,1,0,0,69.72
1784841409633,0,0,0,130.58
1784841409633,1,0,0,69.71
1784841409767,0,0,0,130.62
1784841409767,1,0,0,69.72
1784841409902,0,0,0,130.63
1784841409902,1,0,0,69.72
1784841410037,0,0,0,130.63
1784841410037,1,0,0,69.73
1784841410171,0,0,0,130.65
1784841410171,1,0,0,69.73
1784841410306,0,0,0,130.66
1784841410306,1,0,0,69.69
1784841410439,0,0,0,130.67
1784841410439,1,0,0,69.71
1784841410573,0,0,0,130.63
1784841410573,1,0,0,69.70
1784841410707,0,0,0,130.63
1784841410707,1,0,0,69.70
1784841410840,0,0,0,130.62
1784841410840,1,0,0,69.67
1784841410974,0,0,0,130.61
1784841410974,1,0,0,69.68
1784841411109,0,0,0,130.60
1784841411109,1,0,0,69.65
1784841411243,0,0,0,130.61
1784841411243,1,0,0,69.66
1784841411377,0,0,0,130.59
1784841411377,1,0,0,69.66
1784841411510,0,0,0,130.59
1784841411510,1,0,0,69.67
1784841411645,0,0,0,130.59
1784841411645,1,0,0,69.64
1784841411785,0,0,0,130.58
1784841411785,1,0,0,69.65
1784841411918,0,0,0,130.57
1784841411918,1,0,0,69.68
1784841412052,0,0,0,130.57
1784841412052,1,0,0,69.69
1784841412186,0,0,0,130.55
1784841412186,1,0,0,69.67
1784841412320,0,0,0,130.56
1784841412320,1,0,0,69.69
1784841412454,0,0,0,130.56
1784841412454,1,0,0,69.69
1784841412588,0,0,0,130.57
1784841412588,1,0,0,69.72
1784841412724,0,0,0,130.58
1784841412724,1,0,0,69.73
1784841412858,0,0,0,130.57
1784841412858,1,0,0,69.74
1784841412993,0,0,0,130.58
1784841412993,1,0,0,69.75
1784841413127,0,0,0,130.60
1784841413127,1,0,0,69.76
1784841413261,0,0,0,130.59
1784841413261,1,0,0,69.76
1784841413394,0,0,0,130.60
1784841413394,1,0,0,69.78
1784841413528,0,0,0,130.60
1784841413528,1,0,0,69.70
1784841413662,0,0,0,130.58
1784841413662,1,0,0,69.72
1784841413796,0,0,0,130.58
1784841413796,1,0,0,69.70
1784841413930,0,0,0,130.57
1784841413930,1,0,0,69.68
1784841414064,0,0,0,130.56
1784841414064,1,0,0,69.66
1784841414198,0,0,0,130.56
1784841414198,1,0,0,69.65
1784841414332,0,0,0,130.54
1784841414332,1,0,0,69.62
1784841414467,0,0,0,130.54
1784841414467,1,0,0,69.65
1784841414602,0,0,0,130.54
1784841414602,1,0,0,69.65
1784841414736,0,0,0,130.54
1784841414736,1,0,0,69.61
1784841414871,0,0,0,130.57
1784841414871,1,0,0,69.64
1784841415005,0,0,0,130.58
1784841415005,1,0,0,69.63
1784841415140,0,0,0,130.58
1784841415140,1,0,0,69.64
1784841415274,0,0,0,130.58
1784841415274,1,0,0,69.65
1784841415408,0,0,0,130.59
1784841415408,1,0,0,69.64
1784841415541,0,0,0,130.60
1784841415541,1,0,0,69.63
1784841415686,0,0,0,130.59
1784841415686,1,0,0,69.66
1784841415821,0,0,0,130.60
1784841415821,1,0,0,69.68
1784841415956,0,0,0,130.60
1784841415956,1,0,0,69.67
1784841416091,0,0,0,130.62
1784841416091,1,0,0,74.34
1784841416313,0,0,0,130.64
1784841416313,1,0,0,79.56
1784841416446,0,0,0,130.64
1784841416446,1,2,0,89.83
1784841416580,0,0,0,130.66
1784841416580,1,0,0,94.81
1784841416712,0,0,0,130.67
1784841416712,1,0,0,99.78
1784841416845,0,0,0,130.68
1784841416845,1,0,0,109.75
1784841416978,0,0,0,130.70
1784841416978,1,2,0,114.75
1784841417110,0,0,0,130.70
1784841417110,1,2,0,118.78
1784841417242,0,0,0,130.70
1784841417242,1,0,0,119.62
1784841417376,0,0,0,130.73
1784841417376,1,2,0,119.71
1784841417509,0,0,0,130.72
1784841417509,1,2,0,119.90
1784841417642,0,0,0,130.70
1784841417642,1,5,1,120.11
1784841417774,0,0,0,130.72
1784841417774,1,25,0,120.25
1784841417907,0,0,0,130.72
1784841417907,1,25,0,120.34
1784841418040,0,0,0,130.71
1784841418040,1,24,0,120.55
1784841418172,0,0,0,130.70
1784841418172,1,25,0,120.63
1784841418304,0,0,0,130.69
1784841418304,1,25,0,120.62
1784841418436,0,0,0,130.66
1784841418436,1,0,0,120.47
1784841418569,0,0,0,130.66
1784841418569,1,20,0,120.47
1784841418702,0,0,0,130.64
1784841418702,1,20,0,120.47
1784841418834,0,0,0,130.64
1784841418834,1,20,0,120.33
1784841418968,0,0,0,130.63
1784841418968,1,0,0,120.23
1784841419100,0,0,0,130.62
1784841419100,1,0,0,120.16
1784841419233,0,0,0,130.62
1784841419233,1,0,0,120.04
1784841419366,0,0,0,130.63
1784841419366,1,0,0,120.02
1784841419499,0,0,0,130.64
1784841419499,1,0,0,119.94
1784841419633,0,0,0,130.66
1784841419633,1,0,0,119.74
1784841419767,0,0,0,130.67
1784841419767,1,0,0,119.68
1784841419900,0,0,0,130.64
1784841419900,1,0,0,119.65
1784841420033,0,0,0,130.65
1784841420033,1,0,0,119.65
1784841420164,0,0,0,130.64
1784841420164,1,0,0,119.65
1784841420295,0,0,0,130.62
1784841420295,1,0,0,119.64
1784841420427,0,0,0,130.62
1784841420427,1,0,0,119.64
1784841420558,0,0,0,130.62
1784841420558,1,0,0,119.62
1784841420691,0,0,0,130.60
1784841420691,1,0,0,119.63
1784841420823,0,0,0,130.61
1784841420823,1,0,0,119.60
1784841420956,0,0,0,130.62
1784841420956,1,0,0,119.62
1784841421088,0,0,0,130.60
1784841421088,1,0,0,119.61
1784841421221,0,0,0,130.60
1784841421221,1,0,0,119.64
1784841421354,0,0,0,130.62
1784841421354,1,0,0,119.66
1784841421486,0,0,0,130.61
1784841421486,1,0,0,119.65
1784841421618,0,0,0,130.62
1784841421618,1,0,0,119.67
1784841421750,0,0,0,130.63
1784841421750,1,0,0,119.69
1784841421882,0,0,0,130.61
1784841421882,1,0,0,119.71
1784841422013,0,0,0,130.62
1784841422013,1,0,0,119.71
1784841422144,0,0,0,130.63
1784841422144,1,0,0,119.71
1784841422276,0,0,0,130.63
1784841422276,1,0,0,119.73
1784841422408,0,0,0,130.63
1784841422408,1,0,0,119.74
1784841422539,0,0,0,130.65
1784841422539,1,0,0,119.76
1784841422671,0,0,0,130.65
1784841422671,1,0,0,119.77
1784841422802,0,0,0,130.65
1784841422802,1,0,0,119.78
1784841422939,0,0,0,130.68
1784841422939,1,0,0,119.79
1784841423072,0,0,0,130.70
1784841423072,1,0,0,119.80
1784841423204,0,0,0,130.71
1784841423204,1,0,0,119.81
1784841423335,0,0,0,130.73
1784841423335,1,0,0,119.81
1784841423468,0,0,0,130.74
1784841423468,1,0,0,119.81
1784841423599,0,0,0,130.73
1784841423599,1,0,0,119.79
1784841423731,0,0,0,130.76
1784841423731,1,0,0,119.80
1784841423862,0,0,0,130.77
1784841423862,1,0,0,119.80
1784841423994,0,0,0,130.76
1784841423994,1,0,0,119.79
1784841424125,0,0,0,130.78
1784841424125,1,0,0,119.79
1784841424256,0,0,0,130.78
1784841424256,1,0,0,119.80
1784841424387,0,0,0,130.76
1784841424387,1,0,0,119.81
1784841424518,0,0,0,130.76
1784841424518,1,0,0,119.79
1784841424648,0,0,0,130.76
1784841424648,1,0,0,119.78
1784841424780,0,0,0,130.74
1784841424780,1,0,0,119.80
1784841424911,0,0,0,130.73
1784841424911,1,0,0,119.81
1784841425043,0,0,0,130.71
1784841425043,1,0,0,119.86
1784841425175,0,0,0,130.68
1784841425175,1,0,0,119.86
1784841425307,0,0,0,130.68
1784841425307,1,0,0,119.86
1784841425439,0,0,0,130.68
1784841425439,1,0,0,119.88
1784841425570,0,0,0,130.68
1784841425570,1,0,0,119.88
1784841425703,0,0,0,130.67
1784841425703,1,0,0,119.90
1784841425835,0,0,0,130.68
1784841425835,1,0,0,119.90
1784841425967,0,0,0,130.68
1784841425967,1,0,0,119.90
1784841426099,0,0,0,130.69
1784841426099,1,0,0,119.89
1784841426232,0,0,0,130.70
1784841426232,1,0,0,119.87
1784841426364,0,0,0,130.71
1784841426364,1,0,0,119.86
1784841426496,0,0,0,130.69
1784841426496,1,0,0,119.88
1784841426628,0,0,0,130.69
1784841426628,1,0,0,119.85
1784841426760,0,0,0,130.69
1784841426760,1,0,0,119.85
1784841426892,0,0,0,130.66
1784841426892,1,0,0,119.85
1784841427024,0,0,0,130.66
1784841427024,1,0,0,119.85
1784841427157,0,0,0,130.67
1784841427157,1,0,0,119.86
1784841427288,0,0,0,130.67
1784841427288,1,0,0,119.86
1784841427422,0,0,0,130.68
1784841427422,1,0,0,119.79
1784841427556,0,0,0,130.68
1784841427556,1,0,0,119.83
1784841427689,0,0,0,130.70
1784841427689,1,0,0,122.97
1784841427821,0,0,0,130.70
1784841427821,1,0,0,123.08
1784841427954,0,0,0,130.71
1784841427954,1,0,0,130.47
1784841428087,0,0,0,130.71
1784841428087,1,0,0,130.68
1784841428220,0,0,0,130.69
1784841428220,1,0,0,130.48
1784841428352,0,0,0,130.68
1784841428352,1,0,0,130.73
1784841428484,0,0,0,130.68
1784841428484,1,0,0,137.73
1784841428616,0,0,0,130.68
1784841428616,1,32,26,139.99
1784841428748,0,0,0,130.69
1784841428748,1,0,0,136.41
1784841428879,0,0,0,130.69
1784841428879,1,0,0,136.44
1784841429012,0,0,0,130.69
1784841429012,1,0,0,129.88
1784841429143,0,0,0,130.69
1784841429143,1,0,0,132.45
1784841429276,0,0,0,130.74
1784841429276,1,0,0,135.48
1784841429407,0,0,0,130.75
1784841429407,1,0,0,135.20
1784841429539,0,0,0,130.75
1784841429539,1,0,0,126.22
1784841429670,0,0,0,130.76
1784841429670,1,0,0,126.24
1784841429803,0,0,0,130.76
1784841429803,1,0,0,126.37
1784841429933,0,0,0,130.76
1784841429933,1,0,0,126.37
1784841430066,0,0,0,130.78
1784841430066,1,0,0,126.37
1784841430198,0,0,0,130.79
1784841430198,1,0,0,126.24
1784841430331,0,0,0,130.78
1784841430331,1,0,0,120.00
1784841430463,0,0,0,130.80
1784841430463,1,0,0,120.00
1784841430596,0,0,0,130.79
1784841430596,1,0,0,119.97
1784841430728,0,0,0,130.78
1784841430728,1,0,0,119.99
1784841430859,0,0,0,130.79
1784841430859,1,0,0,120.01
1784841430991,0,0,0,130.78
1784841430991,1,0,0,133.83
1784841431124,0,0,0,130.77
1784841431124,1,3,2,148.17
1784841431256,0,0,0,130.76
1784841431256,1,3,2,148.30
1784841431388,0,0,0,130.73
1784841431388,1,0,0,148.40
1784841431520,0,0,0,130.73
1784841431520,1,0,0,147.91
1784841431651,0,0,0,130.73
1784841431651,1,0,0,148.61
1784841431783,0,0,0,130.72
1784841431783,1,0,0,148.14
1784841431915,0,0,0,130.73
1784841431915,1,0,0,148.77
1784841432047,0,0,0,130.74
1784841432047,1,0,0,120.95
1784841432180,0,0,0,130.73
1784841432180,1,0,0,120.83
1784841432312,0,0,0,130.74
1784841432312,1,0,0,120.80
1784841432444,0,0,0,130.73
1784841432444,1,0,0,141.98
1784841432577,0,0,0,130.72
1784841432577,1,50,52,142.37
1784841432709,0,0,0,130.73
1784841432709,1,50,52,142.41
1784841432841,0,0,0,130.72
1784841432841,1,0,0,142.43
1784841432974,0,0,0,130.72
1784841432974,1,0,0,142.86
1784841433105,0,0,0,130.72
1784841433105,1,0,0,142.43
1784841433238,0,0,0,130.71
1784841433238,1,0,0,167.64
1784841433373,0,0,0,130.71
1784841433373,1,81,74,222.32
1784841433506,0,0,0,130.72
1784841433506,1,81,74,203.50
1784841433637,0,0,0,130.72
1784841433637,1,0,0,202.57
1784841433769,0,0,0,130.73
1784841433769,1,0,0,200.96
1784841433900,0,0,0,130.73
1784841433900,1,0,0,200.99
1784841434032,0,0,0,130.72
1784841434032,1,0,0,202.63
1784841434164,0,0,0,130.71
1784841434164,1,0,0,201.06
1784841434295,0,0,0,130.72
1784841434295,1,0,0,184.24
1784841434425,0,0,0,130.73
1784841434425,1,0,0,120.81
1784841434557,0,0,0,130.72
1784841434557,1,0,0,120.89
1784841434689,0,0,0,130.71
1784841434689,1,0,0,120.96
1784841434821,0,0,0,130.71
1784841434821,1,0,0,121.02
1784841434954,0,0,0,130.70
1784841434954,1,0,0,120.98
1784841435087,0,0,0,130.70
1784841435087,1,0,0,120.95
1784841435219,0,0,0,130.71
1784841435219,1,0,0,120.95
1784841435352,0,0,0,130.71
1784841435352,1,0,0,120.94
1784841435484,0,0,0,130.75
1784841435484,1,0,0,120.97
1784841435615,0,0,0,130.76
1784841435615,1,0,0,120.96
1784841435749,0,0,0,130.76
1784841435749,1,0,0,120.95
1784841435880,0,0,0,130.79
1784841435880,1,0,0,120.93
1784841436012,0,0,0,130.81
1784841436012,1,0,0,120.92
1784841436144,0,0,0,130.82
1784841436144,1,0,0,120.93
1784841436277,0,0,0,130.82
1784841436277,1,0,0,120.93
1784841436408,0,0,0,130.82
1784841436408,1,0,0,120.93
1784841436541,0,0,0,130.80
1784841436541,1,0,0,120.93
1784841436672,0,0,0,130.82
1784841436672,1,0,0,120.91
1784841436804,0,0,0,130.82
1784841436804,1,0,0,120.93
1784841436937,0,0,0,130.82
1784841436937,1,0,0,120.94
1784841437068,0,0,0,130.83
1784841437068,1,0,0,120.95
1784841437201,0,0,0,130.83
1784841437201,1,0,0,120.94
1784841437334,0,0,0,130.83
1784841437334,1,0,0,120.92
1784841437466,0,0,0,130.81
1784841437466,1,0,0,120.95
1784841437598,0,0,0,130.81
1784841437598,1,0,0,120.93
1784841437730,0,0,0,130.79
1784841437730,1,0,0,120.95
1784841437862,0,0,0,130.79
1784841437862,1,0,0,120.94
1784841437994,0,0,0,130.76
1784841437994,1,0,0,120.94
1784841438126,0,0,0,130.76
1784841438126,1,0,0,120.96
1784841438257,0,0,0,130.76
1784841438257,1,0,0,120.95
1784841438389,0,0,0,130.75
1784841438389,1,0,0,120.98
1784841438521,0,0,0,130.76
1784841438521,1,0,0,120.96
1784841438654,0,0,0,130.77
1784841438654,1,0,0,120.96
1784841438786,0,0,0,130.76
1784841438786,1,0,0,120.97
1784841438920,0,0,0,130.77
1784841438920,1,0,0,120.95
1784841439051,0,0,0,130.79
1784841439051,1,0,0,120.95
1784841439183,0,0,0,130.77
1784841439183,1,0,0,120.94
1784841439315,0,0,0,130.77
1784841439315,1,0,0,120.94
1784841439446,0,0,0,130.78
1784841439446,1,0,0,120.92
1784841439578,0,0,0,130.76
1784841439578,1,0,0,120.90
1784841439711,0,0,0,130.76
1784841439711,1,0,0,120.90
1784841439842,0,0,0,130.76
1784841439842,1,0,0,125.27
1784841439975,0,0,0,130.75
1784841439975,1,8,4,125.29
1784841440108,0,0,0,130.76
1784841440108,1,8,4,125.31
1784841440240,0,0,0,130.75
1784841440240,1,0,0,125.37
1784841440373,0,0,0,130.75
1784841440373,1,0,0,125.33
1784841440506,0,0,0,130.75
1784841440506,1,0,0,125.42
1784841440640,0,0,0,130.76
1784841440640,1,0,0,125.43
1784841440772,0,0,0,130.76
1784841440772,1,0,0,125.42
1784841440905,0,0,0,130.77
1784841440905,1,0,0,124.26
1784841441037,0,0,0,130.77
1784841441037,1,22,10,132.47
1784841441174,0,0,0,130.77
1784841441174,1,0,0,132.27
1784841441307,0,0,0,130.78
1784841441307,1,0,0,132.53
1784841441440,0,0,0,130.79
1784841441440,1,0,0,132.29
1784841441573,0,0,0,130.80
1784841441573,1,0,0,132.30
1784841441707,0,0,0,130.80
1784841441707,1,0,0,132.53
1784841441840,0,0,0,130.82
1784841441840,1,0,0,130.35
1784841441973,0,0,0,130.82
1784841441973,1,1,0,121.19
1784841442106,0,0,0,130.83
1784841442106,1,1,0,121.07
1784841442239,0,0,0,130.85
1784841442239,1,0,0,121.04
1784841442372,0,0,0,130.86
1784841442372,1,0,0,122.43
1784841442525,0,0,0,130.86
1784841442525,1,100,35,176.05
1784841442658,0,0,0,130.89
1784841442658,1,100,35,176.98
1784841442791,0,0,0,130.88
1784841442791,1,0,0,177.25
1784841442925,0,0,0,130.88
1784841442925,1,0,0,179.25
1784841443059,0,0,0,130.89
1784841443059,1,0,0,187.57
1784841443192,0,0,0,130.86
1784841443192,1,14,6,191.18
1784841443324,0,0,0,130.87
1784841443324,1,12,6,202.71
1784841443457,0,0,0,130.87
1784841443457,1,12,6,200.72
1784841443590,0,0,0,130.84
1784841443590,1,11,5,161.90
1784841443723,0,0,0,130.85
1784841443723,1,11,5,165.61
1784841443856,0,0,0,130.85
1784841443856,1,13,6,177.57
1784841443988,0,0,0,130.81
1784841443988,1,13,7,177.58
1784841444120,0,0,0,130.82
1784841444120,1,13,7,175.67
1784841444252,0,0,0,130.81
1784841444252,1,9,5,169.47
1784841444389,0,0,0,130.78
1784841444389,1,9,5,167.20
1784841444522,0,0,0,130.79
1784841444522,1,9,5,164.67
1784841444656,0,0,0,130.79
1784841444656,1,11,6,156.10
1784841444789,0,0,0,130.78
1784841444789,1,8,4,151.50
1784841444921,0,0,0,130.80
1784841444921,1,8,4,148.12
1784841445054,0,0,0,130.80
1784841445054,1,8,4,144.26
1784841445186,0,0,0,130.79
1784841445186,1,10,5,149.33
1784841445320,0,0,0,130.81
1784841445320,1,10,5,155.67
1784841445452,0,0,0,130.81
1784841445452,1,27,10,169.43
1784841445585,0,0,0,130.81
1784841445585,1,25,10,173.68
1784841445718,0,0,0,130.82
1784841445718,1,25,10,180.07
1784841445851,0,0,0,130.82
1784841445851,1,22,9,188.52
1784841445985,0,0,0,130.82
1784841445985,1,16,7,191.16
1784841446117,0,0,0,130.83
1784841446117,1,16,7,193.30
1784841446250,0,0,0,130.83
1784841446250,1,15,7,185.90
1784841446384,0,0,0,130.80
1784841446384,1,14,7,181.11
1784841446517,0,0,0,130.80
1784841446517,1,14,7,172.69
1784841446649,0,0,0,130.79
1784841446649,1,15,8,160.68
1784841446781,0,0,0,130.76
1784841446781,1,0,0,154.41
1784841446914,0,0,0,130.77
1784841446914,1,0,0,149.54
1784841447047,0,0,0,130.77
1784841447047,1,0,0,140.76
1784841447182,0,0,0,130.77
1784841447182,1,13,8,147.15
1784841447315,0,0,0,130.79
1784841447315,1,13,8,143.86
1784841447448,0,0,0,130.79
1784841447448,1,0,0,137.57
1784841447581,0,0,0,130.80
1784841447581,1,0,0,135.05
1784841447714,0,0,0,130.82
1784841447714,1,0,0,135.01
1784841447847,0,0,0,130.83
1784841447847,1,0,0,135.05
1784841447980,0,0,0,130.82
1784841447980,1,0,0,134.82
1784841448113,0,0,0,130.84
1784841448113,1,0,0,135.05
1784841448247,0,0,0,130.84
1784841448247,1,0,0,123.86
1784841448379,0,0,0,130.87
1784841448379,1,0,0,123.83
1784841448513,0,0,0,130.89
1784841448513,1,0,0,123.82
1784841448646,0,0,0,130.89
1784841448646,1,0,0,123.79
1784841448778,0,0,0,130.88
1784841448778,1,0,0,123.78
1784841448909,0,0,0,130.89
1784841448909,1,0,0,123.78
1784841449040,0,0,0,130.88
1784841449040,1,0,0,123.75
1784841449173,0,0,0,130.88
1784841449173,1,0,0,123.75
1784841449305,0,0,0,130.89
1784841449305,1,0,0,123.75
1784841449438,0,0,0,130.88
1784841449438,1,0,0,123.74
1784841449572,0,0,0,130.86
1784841449572,1,0,0,123.74
1784841449705,0,0,0,130.87
1784841449705,1,0,0,123.76
1784841449839,0,0,0,130.85
1784841449839,1,0,0,123.74
1784841449971,0,0,0,130.86
1784841449971,1,0,0,123.73
1784841450102,0,0,0,130.87
1784841450102,1,0,0,123.74
1784841450232,0,0,0,130.85
1784841450232,1,0,0,123.74
1784841450364,0,0,0,130.83
1784841450364,1,0,0,123.74
1784841450503,0,0,0,130.81
1784841450503,1,0,0,123.73
1784841450634,0,0,0,130.80
1784841450634,1,0,0,123.74
1784841450765,0,0,0,130.80
1784841450765,1,0,0,123.73
1784841450899,0,0,0,130.80
1784841450899,1,0,0,123.71
1784841451032,0,0,0,130.78
1784841451032,1,0,0,123.71
1784841451165,0,0,0,130.79
1784841451165,1,0,0,123.72
1784841451298,0,0,0,130.82
1784841451298,1,0,0,123.73
1784841451431,0,0,0,130.82
1784841451431,1,0,0,123.72
1784841451565,0,0,0,130.84
1784841451565,1,0,0,123.71
1784841451699,0,0,0,130.85
1784841451699,1,0,0,123.72
1784841451833,0,0,0,130.85
1784841451833,1,0,0,123.72
1784841451966,0,0,0,130.86
1784841451966,1,0,0,123.70
1784841452098,0,0,0,130.85
1784841452098,1,0,0,123.71
1784841452232,0,0,0,130.85
1784841452232,1,0,0,123.68
1784841452365,0,0,0,130.84
1784841452365,1,0,0,123.70
1784841452497,0,0,0,130.81
1784841452497,1,0,0,123.70
1784841452630,0,0,0,130.79
1784841452630,1,0,0,123.69
1784841452763,0,0,0,130.79
1784841452763,1,0,0,123.68
1784841452896,0,0,0,130.79
1784841452896,1,0,0,123.68
1784841453051,0,0,0,130.79
1784841453051,1,0,0,123.69
1784841453184,0,1,2,130.94
1784841453184,1,0,0,123.68
1784841453347,0,1,2,130.95
1784841453347,1,4,0,123.94
1784841453480,0,0,0,130.97
1784841453480,1,4,0,123.96
1784841453613,0,0,0,130.99
1784841453613,1,0,0,123.97
1784841453746,0,0,0,131.00
1784841453746,1,0,0,123.98
1784841453880,0,0,0,131.02
1784841453880,1,0,0,124.01
1784841454013,0,0,0,131.03
1784841454013,1,0,0,124.00
1784841454147,0,0,0,131.04
1784841454147,1,0,0,124.01
1784841454281,0,0,0,130.90
1784841454281,1,0,0,123.97
1784841454415,0,0,0,130.92
1784841454415,1,0,0,123.75
1784841454548,0,0,0,130.93
1784841454548,1,0,0,123.77
1784841454682,0,0,0,130.96
1784841454682,1,0,0,123.85
1784841454820,0,1,0,130.99
1784841454820,1,1,0,123.96
1784841454977,0,4,3,131.96
1784841454977,1,2,0,124.07
1784841455112,0,4,3,138.47
1784841455112,1,2,0,128.40
1784841455249,0,99,6,143.43
1784841455249,1,26,15,134.85
1784841455383,0,0,0,145.00
1784841455383,1,0,0,143.57
1784841455517,0,0,0,145.01
1784841455517,1,0,0,143.59
1784841455651,0,0,0,145.29
1784841455651,1,0,0,143.18
1784841455785,0,1,0,145.36
1784841455785,1,5,1,143.26
1784841455922,0,1,0,145.93
1784841455922,1,5,1,144.05
1784841456056,0,0,0,145.78
1784841456056,1,0,0,143.63
1784841456190,0,0,0,135.02
1784841456190,1,0,0,135.47
1784841456323,0,0,0,131.98
1784841456323,1,0,0,124.61
1784841456456,0,0,0,131.91
1784841456456,1,0,0,124.44
1784841456590,0,0,0,131.86
1784841456590,1,0,0,124.42
1784841456724,0,0,0,131.85
1784841456724,1,0,0,124.40
1784841456858,0,0,0,131.83
1784841456858,1,0,0,124.14
1784841456992,0,0,0,130.84
1784841456992,1,0,0,123.75
1784841457126,0,0,0,130.84
1784841457126,1,0,0,123.73
1784841457260,0,0,0,130.85
1784841457260,1,0,0,123.74
1784841457395,0,0,0,130.87
1784841457395,1,0,0,123.71
1784841457529,0,0,0,130.89
1784841457529,1,0,0,123.74
1784841457670,0,0,0,130.90
1784841457670,1,0,0,123.73
1784841457804,0,0,0,130.91
1784841457804,1,0,0,123.73
1784841457947,0,0,0,130.91
1784841457947,1,0,0,123.73
1784841458081,0,0,0,130.91
1784841458081,1,0,0,123.72
1784841458214,0,0,0,130.91
1784841458214,1,0,0,123.73
1784841458347,0,0,0,130.89
1784841458347,1,0,0,123.72
1784841458480,0,0,0,130.85
1784841458480,1,0,0,123.71
1784841458613,0,0,0,130.83
1784841458613,1,0,0,123.73
1784841458746,0,0,0,130.81
1784841458746,1,0,0,123.72
1784841458879,0,0,0,130.77
1784841458879,1,0,0,123.70
1784841459011,0,0,0,130.76
1784841459011,1,0,0,123.69
1784841459148,0,0,0,130.78
1784841459148,1,0,0,123.70
1784841459280,0,0,0,130.79
1784841459280,1,0,0,123.72
1784841459414,0,0,0,130.80
1784841459414,1,0,0,123.71
1784841459586,0,0,0,130.86
1784841459586,1,0,0,123.73
1784841459720,0,0,0,130.88
1784841459720,1,0,0,123.73
1784841459854,0,0,0,130.90
1784841459854,1,0,0,123.73
1784841459988,0,0,0,130.89
1784841459988,1,0,0,123.76
1784841460121,0,0,0,130.89
1784841460121,1,0,0,123.76
1784841460253,0,0,0,130.89
1784841460253,1,0,0,123.78
1784841460386,0,0,0,130.89
1784841460386,1,0,0,123.74
1784841460519,0,0,0,130.87
1784841460519,1,0,0,123.72
1784841460653,0,0,0,130.87
1784841460653,1,0,0,123.74
1784841460787,0,0,0,130.87
1784841460787,1,0,0,123.73
1784841460921,0,0,0,130.88
1784841460921,1,0,0,123.74
1784841461053,0,0,0,130.89
1784841461053,1,0,0,123.74
1784841461186,0,0,0,130.87
1784841461186,1,0,0,123.72
1784841461320,0,0,0,130.87
1784841461320,1,0,0,123.75
1784841461454,0,0,0,130.87
1784841461454,1,0,0,123.75
1784841461588,0,0,0,130.86
1784841461588,1,0,0,123.77
1784841461722,0,0,0,130.87
1784841461722,1,0,0,123.76
1784841461855,0,0,0,130.87
1784841461855,1,0,0,123.78
1784841461988,0,0,0,130.86
1784841461988,1,0,0,123.77
1784841462122,0,0,0,130.87
1784841462122,1,0,0,123.77
1784841462256,0,0,0,130.89
1784841462256,1,0,0,123.78
1784841462392,0,0,0,130.90
1784841462392,1,0,0,123.78
1784841462530,0,0,0,130.90
1784841462530,1,0,0,123.79
1784841462666,0,0,0,130.90
1784841462666,1,0,0,123.78
1784841462799,0,0,0,130.87
1784841462799,1,0,0,123.76
1784841462932,0,0,0,130.86
1784841462932,1,6,3,126.32
1784841463065,0,0,0,130.85
1784841463065,1,6,3,126.32
1784841463199,0,0,0,130.84
1784841463199,1,0,0,137.78
1784841463333,0,0,0,130.84
1784841463333,1,50,31,160.08
1784841463468,0,0,0,130.82
1784841463468,1,81,49,237.51
1784841463605,0,0,0,130.81
1784841463605,1,81,49,276.24
1784841463744,0,0,0,130.83
1784841463744,1,81,49,302.95
1784841463886,0,0,0,130.84
1784841463886,1,83,41,388.47
1784841464021,0,0,0,130.86
1784841464021,1,83,41,455.65
1784841464155,0,0,0,130.85
1784841464155,1,99,49,517.64
1784841464307,0,0,0,130.87
1784841464307,1,91,58,563.78
1784841464442,0,0,0,130.86
1784841464442,1,91,58,571.39
1784841464579,0,0,0,130.85
1784841464579,1,84,50,585.66
1784841464715,0,0,0,130.83
1784841464715,1,93,54,606.96
1784841464851,0,0,0,130.83
1784841464851,1,93,54,627.88
1784841464987,0,0,0,130.77
1784841464987,1,82,45,624.15
1784841465123,0,0,0,130.77
1784841465123,1,93,49,612.88
1784841465259,0,0,0,130.76
1784841465259,1,93,49,616.02
1784841465397,0,0,0,130.76
1784841465397,1,90,53,619.78
1784841465532,0,0,0,130.78
1784841465532,1,95,55,619.93
1784841465668,0,0,0,130.77
1784841465668,1,88,55,627.00
1784841465804,0,0,0,130.80
1784841465804,1,88,55,619.22
1784841465943,0,0,0,130.80
1784841465943,1,99,62,615.69
1784841466079,0,0,0,130.83
1784841466079,1,91,57,608.96
1784841466217,0,0,0,130.85
1784841466217,1,91,57,625.08
1784841466354,0,0,0,130.84
1784841466354,1,94,54,627.16
1784841466490,0,0,0,130.83
1784841466490,1,93,62,623.34
1784841466627,0,0,0,130.82
1784841466627,1,93,62,622.41
1784841466763,0,0,0,130.82
1784841466763,1,100,67,609.32
1784841466899,0,0,0,130.82
1784841466899,1,94,60,610.86
1784841467035,0,0,0,130.82
1784841467035,1,94,60,608.54
1784841467172,0,0,0,130.80
1784841467172,1,98,62,590.64
1784841467309,0,0,0,130.79
1784841467309,1,100,70,581.48
1784841467445,0,0,0,130.79
1784841467445,1,100,70,584.38
1784841467581,0,0,0,130.79
1784841467581,1,93,56,575.59
1784841467717,0,0,0,130.78
1784841467717,1,100,70,571.08
1784841467854,0,0,0,130.79
1784841467854,1,100,70,560.18
1784841467991,0,0,0,130.80
1784841467991,1,97,65,536.35
1784841468128,0,0,0,130.82
1784841468128,1,99,67,528.30
1784841468264,0,0,0,130.80
1784841468264,1,99,67,519.05
1784841468400,0,0,0,130.82
1784841468400,1,99,63,527.56
1784841468536,0,0,0,130.83
1784841468536,1,98,66,515.99
1784841468672,0,0,0,130.82
1784841468672,1,97,61,520.08
1784841468809,0,0,0,130.85
1784841468809,1,97,61,518.25
1784841468945,0,0,0,130.84
1784841468945,1,100,65,527.17
1784841469081,0,0,0,130.83
1784841469081,1,100,65,535.45
1784841469217,0,0,0,130.83
1784841469217,1,100,65,538.35
1784841469352,0,0,0,130.84
1784841469352,1,98,65,528.76
1784841469489,0,0,0,130.85
1784841469489,1,96,58,535.44
1784841469626,0,0,0,130.85
1784841469626,1,96,58,532.85
1784841469763,0,0,0,130.85
1784841469763,1,100,67,533.98
1784841469901,0,0,0,130.89
1784841469901,1,95,59,534.36
1784841470037,0,0,0,130.88
1784841470037,1,95,59,519.03
1784841470174,0,0,0,130.89
1784841470174,1,100,67,522.58
1784841470310,0,0,0,130.89
1784841470310,1,100,67,517.40
1784841470447,0,0,0,130.89
1784841470447,1,100,67,517.05
1784841470582,0,0,0,130.84
1784841470582,1,98,67,501.59
1784841470719,0,0,0,130.82
1784841470719,1,100,68,493.94
1784841470856,0,0,0,130.81
1784841470856,1,100,68,491.38
1784841470992,0,0,0,130.79
1784841470992,1,98,59,509.42
1784841471128,0,0,0,130.80
1784841471128,1,94,59,508.63
1784841471264,0,0,0,130.78
1784841471264,1,94,59,521.33
1784841471400,0,0,0,130.79
1784841471400,1,100,57,541.50
1784841471536,0,0,0,130.82
1784841471536,1,92,62,544.99
1784841471673,0,0,0,130.87
1784841471673,1,98,62,564.08
1784841471810,0,0,0,130.87
1784841471810,1,98,62,567.17
1784841471945,0,0,0,130.87
1784841471945,1,97,58,563.85
1784841472081,0,0,0,130.87
1784841472081,1,98,62,568.28
1784841472217,0,0,0,130.87
1784841472217,1,98,62,558.65
1784841472352,0,0,0,130.86
1784841472352,1,92,53,553.87
1784841472489,0,0,0,130.85
1784841472489,1,93,55,569.11
1784841472627,0,0,0,130.83
1784841472627,1,93,55,567.06
1784841472764,0,0,0,130.84
1784841472764,1,99,65,564.55
1784841472900,0,0,0,130.84
1784841472900,1,97,63,553.53
1784841473037,0,0,0,130.83
1784841473037,1,97,63,548.90
1784841473173,0,0,0,130.85
1784841473173,1,93,58,544.89
1784841473309,0,0,0,130.86
1784841473309,1,97,60,543.50
1784841473446,0,0,0,130.86
1784841473446,1,97,60,534.64
1784841473583,0,0,0,130.84
1784841473583,1,96,59,520.06
1784841473719,0,0,0,130.84
1784841473719,1,100,67,513.84
1784841473854,0,0,0,130.82
1784841473854,1,100,67,510.30
1784841473991,0,0,0,130.82
1784841473991,1,99,65,508.98
1784841474127,0,0,0,130.81
1784841474127,1,85,52,519.60
1784841474263,0,0,0,130.80
1784841474263,1,85,52,532.16
1784841474399,0,0,0,130.80
1784841474399,1,100,61,528.82
1784841474536,0,0,0,130.82
1784841474536,1,94,57,524.57
1784841474673,0,0,0,130.82
1784841474673,1,96,58,535.19
1784841474808,0,0,0,130.82
1784841474808,1,96,58,536.96
1784841474944,0,0,0,130.81
1784841474944,1,95,59,535.52
1784841475080,0,0,0,130.83
1784841475080,1,99,64,539.21
1784841475215,0,0,0,130.84
1784841475215,1,99,64,521.85
1784841475352,0,0,0,130.83
1784841475352,1,100,67,520.67
1784841475489,0,0,0,130.82
1784841475489,1,100,66,515.72
1784841475625,0,0,0,130.84
1784841475625,1,100,66,517.29
1784841475762,0,0,0,130.86
1784841475762,1,96,60,519.30
1784841475899,0,0,0,130.89
1784841475899,1,100,67,519.84
1784841476036,0,0,0,130.92
1784841476036,1,100,67,510.96
1784841476172,0,0,0,130.92
1784841476172,1,100,66,504.46
1784841476309,0,0,0,130.94
1784841476309,1,94,59,505.13
1784841476446,0,0,0,130.96
1784841476446,1,94,59,501.06
1784841476583,0,0,0,130.91
1784841476583,1,99,62,502.32
1784841476720,0,0,0,130.92
1784841476720,1,98,64,490.83
1784841476857,0,0,0,130.90
1784841476857,1,98,64,489.80
1784841476993,0,0,0,130.87
1784841476993,1,99,66,495.76
1784841477130,0,0,0,130.85
1784841477130,1,97,60,507.59
1784841477266,0,0,0,130.85
1784841477266,1,97,60,515.67
1784841477402,0,0,0,130.79
1784841477402,1,95,55,530.64
1784841477539,0,0,0,130.83
1784841477539,1,98,58,534.40
1784841477675,0,0,0,130.85
1784841477675,1,89,54,549.87
1784841477812,0,0,0,130.85
1784841477812,1,89,54,557.83
1784841477948,0,0,0,130.87
1784841477948,1,99,64,560.70
1784841478086,0,0,0,130.87
1784841478086,1,96,59,552.65
1784841478224,0,0,0,130.87
1784841478224,1,96,59,546.60
1784841478361,0,0,0,130.90
1784841478361,1,98,62,536.71
1784841478498,0,0,0,130.88
1784841478498,1,99,64,532.82
1784841478634,0,0,0,130.87
1784841478634,1,99,64,535.20
1784841478770,0,0,0,130.88
1784841478770,1,98,55,544.88
1784841478906,0,0,0,130.87
1784841478906,1,100,67,532.95
1784841479043,0,0,0,130.86
1784841479043,1,100,67,539.12
1784841479179,0,0,0,130.87
1784841479179,1,94,56,539.54
1784841479317,0,0,0,130.86
1784841479317,1,95,56,551.36
1784841479452,0,0,0,130.87
1784841479452,1,95,56,552.99
1784841479588,0,0,0,130.87
1784841479588,1,99,65,545.61
1784841479725,0,0,0,130.87
1784841479725,1,96,60,539.90
1784841479863,0,0,0,130.86
1784841479863,1,96,60,540.10
1784841480000,0,0,0,130.87
1784841480000,1,98,57,560.71
1784841480137,0,0,0,130.85
1784841480137,1,97,61,554.41
1784841480273,0,0,0,130.85
1784841480273,1,99,63,547.92
1784841480410,0,0,0,130.86
1784841480410,1,99,63,557.34
1784841480548,0,0,0,130.85
1784841480548,1,98,61,556.20
1784841480684,0,0,0,130.86
1784841480684,1,97,60,544.61
1784841480823,0,0,0,130.86
1784841480823,1,97,60,540.74
1784841480960,0,0,0,130.85
1784841480960,1,100,67,524.52
1784841481097,0,0,0,130.86
1784841481097,1,100,61,528.43
1784841481233,0,0,0,130.89
1784841481233,1,100,61,540.44
1784841481370,0,0,0,130.89
1784841481370,1,99,58,544.59
1784841481506,0,0,0,130.89
1784841481506,1,100,58,551.97
1784841481643,0,0,0,130.89
1784841481643,1,100,58,561.17
1784841481779,0,0,0,130.89
1784841481779,1,95,58,575.77
1784841481916,0,0,0,130.92
1784841481916,1,98,61,587.09
1784841482052,0,0,0,130.93
1784841482052,1,98,61,590.38
1784841482188,0,0,0,130.93
1784841482188,1,99,62,569.23
1784841482325,0,0,0,130.97
1784841482325,1,97,54,578.46
1784841482462,0,0,0,130.97
1784841482462,1,97,54,568.69
1784841482598,0,0,0,130.97
1784841482598,1,100,65,561.58
1784841482735,0,0,0,130.97
1784841482735,1,99,63,553.32
1784841482870,0,0,0,130.97
1784841482870,1,100,67,545.08
1784841483013,0,0,0,130.93
1784841483013,1,100,67,544.28
1784841483149,0,0,0,130.93
1784841483149,1,99,58,542.80
1784841483286,0,0,0,130.87
1784841483286,1,96,61,523.78
1784841483423,0,0,0,130.89
1784841483423,1,96,61,513.94
1784841483560,0,0,0,130.88
1784841483560,1,99,65,514.22
1784841483696,0,0,0,130.86
1784841483696,1,100,65,525.52
1784841483833,0,0,0,130.86
1784841483833,1,100,65,527.35
1784841483969,0,0,0,130.86
1784841483969,1,100,56,546.97
1784841484105,0,0,0,130.86
1784841484105,1,98,64,541.68
1784841484243,0,0,0,130.87
1784841484243,1,98,64,547.31
1784841484379,0,0,0,130.87
1784841484379,1,100,67,552.57
1784841484516,0,0,0,130.84
1784841484516,1,93,57,552.47
1784841484652,0,0,0,130.84
1784841484652,1,93,57,539.77
1784841484788,0,0,0,130.83
1784841484788,1,100,66,544.29
1784841484925,0,0,0,130.82
1784841484925,1,100,63,527.33
1784841485062,0,0,0,130.83
1784841485062,1,100,63,522.20
1784841485198,0,0,0,130.79
1784841485198,1,92,49,536.89
1784841485333,0,0,0,130.79
1784841485333,1,95,56,548.32
1784841485469,0,0,0,130.79
1784841485469,1,95,56,554.58
1784841485606,0,0,0,130.79
1784841485606,1,99,62,554.37
1784841485743,0,0,0,130.78
1784841485743,1,100,67,547.86
1784841485879,0,0,0,130.78
1784841485879,1,96,61,556.22
1784841486015,0,0,0,130.75
1784841486015,1,96,61,554.44
1784841486152,0,0,0,130.77
1784841486152,1,100,68,543.04
1784841486287,0,0,0,130.77
1784841486287,1,100,64,531.28
1784841486423,0,0,0,130.77
1784841486423,1,100,64,522.36
1784841486559,0,0,0,130.77
1784841486559,1,98,61,522.12
1784841486696,0,0,0,130.76
1784841486696,1,97,59,532.73
1784841486833,0,0,0,130.74
1784841486833,1,97,59,534.91
1784841486969,0,0,0,130.73
1784841486969,1,99,64,528.47
1784841487106,0,0,0,130.73
1784841487106,1,100,64,529.73
1784841487241,0,0,0,130.71
1784841487241,1,100,64,537.16
1784841487379,0,0,0,130.70
1784841487379,1,100,64,544.45
1784841487516,0,0,0,130.71
1784841487516,1,98,64,543.64
1784841487654,0,0,0,130.71
1784841487654,1,98,64,535.07
1784841487789,0,0,0,130.74
1784841487789,1,99,66,526.05
1784841487926,0,0,0,130.73
1784841487926,1,98,63,523.64
1784841488064,0,0,0,130.74
1784841488064,1,98,63,525.54
1784841488200,0,0,0,130.75
1784841488200,1,100,65,508.17
1784841488336,0,0,0,130.76
1784841488336,1,99,64,503.48
1784841488473,0,0,0,130.76
1784841488473,1,99,64,500.42
1784841488610,0,0,0,130.75
1784841488610,1,97,62,503.44
1784841488746,0,0,0,130.73
1784841488746,1,98,58,509.95
1784841488883,0,0,0,130.73
1784841488883,1,100,67,510.99
1784841489020,0,0,0,130.71
1784841489020,1,100,67,510.89
1784841489157,0,0,0,130.70
1784841489157,1,96,58,513.71
1784841489293,0,0,0,130.67
1784841489293,1,98,59,523.66
1784841489431,0,0,0,130.67
1784841489431,1,98,59,533.40
1784841489568,0,0,0,130.66
1784841489568,1,90,56,536.20
1784841489704,0,0,0,130.64
1784841489704,1,100,57,556.73
1784841489839,0,0,0,130.63
1784841489839,1,100,57,560.64
1784841489975,0,0,0,130.62
1784841489975,1,97,58,574.34
1784841490111,0,0,0,130.64
1784841490111,1,98,65,581.27
1784841490248,0,0,0,130.62
1784841490248,1,98,65,582.76
1784841490385,0,0,0,130.60
1784841490385,1,100,65,580.79
1784841490521,0,0,0,130.62
1784841490521,1,100,64,589.46
1784841490657,0,0,0,130.61
1784841490657,1,100,64,583.18
1784841490793,0,0,0,130.59
1784841490793,1,100,67,561.20
1784841490930,0,0,0,130.60
1784841490930,1,100,69,551.81
1784841491067,0,0,0,130.60
1784841491067,1,100,69,543.73
1784841491203,0,0,0,130.59
1784841491203,1,100,68,543.71
1784841491339,0,0,0,130.59
1784841491339,1,98,59,546.19
1784841491476,0,0,0,130.58
1784841491476,1,98,59,545.87
1784841491614,0,0,0,130.57
1784841491614,1,100,56,537.86
1784841491751,0,0,0,130.57
1784841491751,1,96,61,540.57
1784841491887,0,0,0,130.56
1784841491887,1,99,65,547.65
1784841492023,0,0,0,130.55
1784841492023,1,99,65,540.69
1784841492160,0,0,0,130.55
1784841492160,1,100,61,547.97
1784841492296,0,0,0,130.54
1784841492296,1,98,64,542.31
1784841492432,0,0,0,130.56
1784841492432,1,98,64,537.08
1784841492567,0,0,0,130.59
1784841492567,1,95,60,523.87
1784841492704,0,0,0,130.59
1784841492704,1,100,64,527.26
1784841492841,0,0,0,130.60
1784841492841,1,100,64,532.65
1784841492978,0,0,0,130.60
1784841492978,1,98,58,538.39
1784841493115,0,0,0,130.61
1784841493115,1,97,61,542.00
1784841493252,0,0,0,130.61
1784841493252,1,97,61,541.46
1784841493387,0,0,0,130.63
1784841493387,1,100,66,549.77
1784841493523,0,0,0,130.63
1784841493523,1,97,61,549.03
1784841493660,0,0,0,130.61
1784841493660,1,97,61,549.01
1784841493797,0,0,0,130.63
1784841493797,1,99,64,540.02
1784841493934,0,0,0,130.64
1784841493934,1,100,68,526.79
1784841494070,0,0,0,130.64
1784841494070,1,100,68,523.28
1784841494206,0,0,0,130.66
1784841494206,1,100,69,526.71
1784841494343,0,0,0,130.66
1784841494343,1,100,67,515.02
1784841494478,0,0,0,130.66
1784841494478,1,100,67,515.71
1784841494614,0,0,0,130.68
1784841494614,1,98,66,505.54
1784841494751,0,0,0,130.67
1784841494751,1,100,63,512.57
1784841494888,0,0,0,130.65
1784841494888,1,100,65,517.53
1784841495025,0,0,0,130.64
1784841495025,1,100,65,514.74
1784841495162,0,0,0,130.62
1784841495162,1,100,65,515.52
1784841495298,0,0,0,130.60
1784841495298,1,100,65,502.53
1784841495433,0,0,0,130.58
1784841495433,1,100,65,498.51
1784841495569,0,0,0,130.57
1784841495569,1,100,69,494.39
1784841495706,0,0,0,130.58
1784841495706,1,99,65,484.84
1784841495843,0,0,0,130.58
1784841495843,1,99,65,475.76
1784841495980,0,0,0,130.58
1784841495980,1,100,66,475.61
1784841496116,0,0,0,130.58
1784841496116,1,99,66,468.95
1784841496253,0,0,0,130.59
1784841496253,1,99,66,471.09
1784841496389,0,0,0,130.60
1784841496389,1,100,69,457.22
1784841496526,0,0,0,130.59
1784841496526,1,100,69,457.57
1784841496663,0,0,0,130.58
1784841496663,1,100,69,455.51
1784841496801,0,0,0,130.56
1784841496801,1,100,70,449.57
1784841496937,0,0,0,130.55
1784841496937,1,98,65,443.25
1784841497073,0,0,0,130.56
1784841497073,1,98,65,446.05
1784841497208,0,0,0,130.54
1784841497208,1,100,69,439.17
1784841497344,0,0,0,130.54
1784841497344,1,100,67,444.64
1784841497481,0,0,0,130.54
1784841497481,1,100,67,445.96
1784841497617,0,0,0,130.54
1784841497617,1,100,68,451.81
1784841497753,0,0,0,130.53
1784841497753,1,100,66,449.57
1784841497889,0,0,0,130.55
1784841497889,1,100,69,443.46
1784841498025,0,0,0,130.55
1784841498025,1,100,69,438.36
1784841498160,0,0,0,130.55
1784841498160,1,100,68,437.79
1784841498297,0,0,0,130.54
1784841498297,1,100,68,428.07
1784841498434,0,0,0,130.54
1784841498434,1,100,68,423.50
1784841498570,0,0,0,130.55
1784841498570,1,100,67,420.84
1784841498707,0,0,0,130.56
1784841498707,1,100,67,408.40
1784841498843,0,0,0,130.58
1784841498843,1,100,67,407.11
1784841498978,0,0,0,130.61
1784841498978,1,100,67,404.01
1784841499114,0,0,0,130.62
1784841499114,1,100,67,400.92
1784841499251,0,0,0,130.64
1784841499251,1,100,67,399.85
1784841499386,0,0,0,130.65
1784841499386,1,100,67,397.96
1784841499523,0,0,0,130.65
1784841499523,1,100,67,397.29
1784841499658,0,0,0,130.65
1784841499658,1,100,67,397.24
1784841499794,0,0,0,130.65
1784841499794,1,100,67,397.14
1784841499931,0,0,0,130.63
1784841499931,1,100,67,397.25
1784841500067,0,0,0,130.64
1784841500067,1,100,67,397.17
1784841500203,0,0,0,130.62
1784841500203,1,100,67,397.32
1784841500339,0,0,0,130.64
1784841500339,1,100,67,397.50
1784841500475,0,0,0,130.66
1784841500475,1,100,67,397.20
1784841500610,0,0,0,130.66
1784841500610,1,100,67,395.92
1784841500746,0,0,0,130.67
1784841500746,1,100,67,395.59
1784841500882,0,0,0,130.69
1784841500882,1,100,67,394.81
1784841501017,0,0,0,130.66
1784841501017,1,100,67,392.15
1784841501152,0,0,0,130.66
1784841501152,1,100,67,390.80
1784841501288,0,0,0,130.65
1784841501288,1,100,66,387.67
1784841501424,0,0,0,130.63
1784841501424,1,100,66,386.59
1784841501559,0,0,0,130.62
1784841501559,1,100,66,385.34
1784841501694,0,0,0,130.59
1784841501694,1,100,66,383.33
1784841501829,0,0,0,130.58
1784841501829,1,100,66,381.87
1784841501965,0,0,0,130.59
1784841501965,1,100,66,381.06
1784841502101,0,0,0,130.59
1784841502101,1,100,66,380.68
1784841502237,0,0,0,130.59
1784841502237,1,100,66,379.98
1784841502373,0,0,0,130.59
1784841502373,1,100,66,380.29
1784841502509,0,0,0,130.60
1784841502509,1,100,66,382.96
1784841502645,0,0,0,130.62
1784841502645,1,100,66,383.17
1784841502781,0,0,0,130.66
1784841502781,1,100,66,381.74
1784841502916,0,0,0,130.69
1784841502916,1,100,66,380.24
1784841503052,0,0,0,130.68
1784841503052,1,100,66,382.09
1784841503186,0,0,0,130.66
1784841503186,1,100,66,383.85
1784841503323,0,0,0,130.69
1784841503323,1,100,66,383.48
1784841503459,0,0,0,130.68
1784841503459,1,100,66,382.55
1784841503595,0,0,0,130.65
1784841503595,1,100,66,373.47
1784841503728,0,0,0,130.63
1784841503728,1,0,0,350.78
1784841503860,0,0,0,130.61
1784841503860,1,0,0,328.74
1784841503996,0,0,0,130.61
1784841503996,1,19,13,309.89
1784841504132,0,0,0,130.61
1784841504132,1,100,66,307.69
1784841504269,0,0,0,130.61
1784841504269,1,100,66,308.14
1784841504406,0,0,0,130.59
1784841504406,1,100,66,307.87
1784841504541,0,0,0,130.59
1784841504541,1,100,66,305.97
1784841504678,0,0,0,130.59
1784841504678,1,100,66,316.35
1784841504814,0,0,0,130.63
1784841504814,1,100,66,364.33
1784841504950,0,0,0,130.62
1784841504950,1,100,66,373.58
1784841505086,0,0,0,130.63
1784841505086,1,100,66,374.50
1784841505221,0,0,0,130.62
1784841505221,1,100,66,375.36
1784841505358,0,0,0,130.61
1784841505358,1,100,66,375.33
1784841505493,0,0,0,130.64
1784841505493,1,100,66,374.33
1784841505631,0,0,0,130.65
1784841505631,1,100,66,375.01
1784841505767,0,0,0,130.63
1784841505767,1,100,66,375.07
1784841505904,0,0,0,130.64
1784841505904,1,100,66,374.23
1784841506040,0,0,0,130.65
1784841506040,1,100,66,374.11
1784841506176,0,0,0,130.66
1784841506176,1,100,66,373.82
1784841506313,0,0,0,130.65
1784841506313,1,100,66,373.76
1784841506449,0,0,0,130.65
1784841506449,1,100,66,374.03
1784841506585,0,0,0,130.65
1784841506585,1,100,66,374.63
1784841506720,0,0,0,130.67
1784841506720,1,100,66,374.60
1784841506855,0,0,0,130.66
1784841506855,1,100,66,374.97
1784841506991,0,0,0,130.64
1784841506991,1,100,66,375.55
1784841507127,0,0,0,130.64
1784841507127,1,100,66,375.30
1784841507263,0,0,0,130.65
1784841507263,1,100,66,375.91
1784841507400,0,0,0,130.66
1784841507400,1,100,66,374.05
1784841507533,0,0,0,130.65
1784841507533,1,35,23,350.92
1784841507667,0,0,0,130.64
1784841507667,1,35,23,327.96
1784841507800,0,0,0,130.65
1784841507800,1,0,0,279.90
1784841507933,0,0,0,130.65
1784841507933,1,0,0,255.80
1784841508067,0,0,0,130.66
1784841508067,1,0,0,231.71
1784841508201,0,0,0,130.66
1784841508201,1,0,0,179.53
1784841508335,0,0,0,130.70
1784841508335,1,0,0,159.36
1784841508468,0,0,0,130.69
1784841508468,1,0,0,132.63
1784841508601,0,0,0,130.71
1784841508601,1,0,0,130.42
1784841508734,0,0,0,130.72
1784841508734,1,0,0,130.13
1784841508866,0,0,0,130.71
1784841508866,1,0,0,129.83
1784841508999,0,0,0,130.71
1784841508999,1,0,0,129.61
1784841509132,0,0,0,130.70
1784841509132,1,0,0,129.56
1784841509264,0,0,0,130.70
1784841509264,1,0,0,129.47
1784841509397,0,0,0,130.67
1784841509397,1,0,0,129.32
1784841509529,0,0,0,130.66
1784841509529,1,0,0,129.28
1784841509661,0,0,0,130.66
1784841509661,1,0,0,129.23
1784841509794,0,1,0,131.50
1784841509794,1,0,0,129.14
1784841509934,0,1,0,131.93
1784841509934,1,0,0,129.12
1784841510070,0,44,24,159.13
1784841510070,1,0,0,129.09
1784841510205,0,95,52,275.61
1784841510205,1,0,0,129.00
1784841510338,0,95,52,283.12
1784841510338,1,0,0,128.99
1784841510490,0,0,0,285.17
1784841510490,1,0,0,128.93
1784841510623,0,0,0,285.26
1784841510623,1,0,0,128.90
1784841510756,0,0,0,285.00
1784841510756,1,0,0,128.88
1784841510888,0,0,0,284.64
1784841510888,1,0,0,128.85
1784841511020,0,2,2,267.20
1784841511020,1,0,0,128.80
1784841511154,0,2,2,210.69
1784841511154,1,0,0,128.77
1784841511287,0,0,0,155.28
1784841511287,1,0,0,128.75
1784841511423,0,62,40,171.92
1784841511423,1,0,0,128.69
1784841511558,0,62,40,230.46
1784841511558,1,0,0,128.68
1784841511693,0,98,59,342.79
1784841511693,1,0,0,128.62
1784841511827,0,98,58,397.23
1784841511827,1,0,0,128.62
1784841511965,0,98,58,456.18
1784841511965,1,0,0,128.60
1784841512101,0,98,59,551.96
1784841512101,1,0,0,128.56
1784841512236,0,95,52,613.26
1784841512236,1,0,0,128.57
1784841512371,0,95,52,673.68
1784841512371,1,0,0,128.54
1784841512507,0,93,47,678.95
1784841512507,1,0,0,128.49
1784841512641,0,98,60,678.63
1784841512641,1,0,0,128.48
1784841512777,0,98,60,673.60
1784841512777,1,0,0,128.46
1784841512912,0,98,60,670.87
1784841512912,1,0,0,128.43
1784841513062,0,98,60,673.21
1784841513062,1,0,0,128.41
1784841513197,0,94,52,680.72
1784841513197,1,0,0,128.35
1784841513331,0,94,52,679.43
1784841513331,1,0,0,128.35
1784841513467,0,93,53,681.03
1784841513467,1,0,0,128.33
1784841513601,0,98,59,685.47
1784841513601,1,0,0,128.27
1784841513736,0,98,59,691.58
1784841513736,1,0,0,128.25
1784841513871,0,98,58,691.87
1784841513871,1,0,0,128.24
1784841514005,0,98,58,691.94
1784841514005,1,0,0,128.19
1784841514141,0,98,58,690.24
1784841514141,1,0,0,128.16
1784841514276,0,94,52,692.13
1784841514276,1,0,0,128.14
1784841514409,0,93,49,688.14
1784841514409,1,0,0,128.10
1784841514545,0,93,49,689.82
1784841514545,1,0,0,128.07
1784841514682,0,98,59,690.15
1784841514682,1,0,0,128.06
1784841514817,0,98,58,689.58
1784841514817,1,0,0,128.01
1784841514953,0,98,58,690.60
1784841514953,1,0,0,128.01
1784841515086,0,98,58,691.32
1784841515086,1,0,0,127.97
1784841515222,0,95,51,688.49
1784841515222,1,0,0,127.93
1784841515359,0,95,51,688.65
1784841515359,1,0,0,127.93
1784841515493,0,93,49,671.71
1784841515493,1,0,0,127.90
1784841515628,0,98,59,665.40
1784841515628,1,0,0,127.88
1784841515762,0,98,59,657.98
1784841515762,1,0,0,127.89
1784841515897,0,98,58,649.18
1784841515897,1,0,0,127.81
1784841516032,0,98,59,641.60
1784841516032,1,0,0,127.82
1784841516167,0,98,59,640.07
1784841516167,1,0,0,127.83
1784841516301,0,94,52,639.08
1784841516301,1,0,0,127.77
1784841516435,0,98,52,652.20
1784841516435,1,0,0,127.76
1784841516571,0,98,52,662.62
1784841516571,1,0,0,127.75
1784841516706,0,98,59,674.72
1784841516706,1,0,0,127.69
1784841516841,0,98,59,680.19
1784841516841,1,0,0,127.69
1784841516977,0,98,59,685.98
1784841516977,1,0,0,127.69
1784841517111,0,98,58,698.91
1784841517111,1,0,0,127.61
1784841517246,0,94,52,703.19
1784841517246,1,0,0,127.61
1784841517380,0,94,52,692.62
1784841517380,1,0,0,127.59
1784841517515,0,98,53,694.76
1784841517515,1,0,0,127.55
1784841517651,0,98,58,700.44
1784841517651,1,0,0,127.55
1784841517787,0,98,58,699.10
1784841517787,1,0,0,127.52
1784841517920,0,98,58,698.28
1784841517920,1,0,0,127.49
1784841518054,0,98,57,696.27
1784841518054,1,0,0,127.48
1784841518189,0,98,57,692.21
1784841518189,1,0,0,127.44
1784841518323,0,95,52,663.12
1784841518323,1,0,0,127.43
1784841518456,0,0,0,614.26
1784841518456,1,0,0,127.43
1784841518590,0,0,0,562.88
1784841518590,1,0,0,127.41
1784841518722,0,0,0,461.52
1784841518722,1,0,0,127.41
1784841518857,0,92,51,458.73
1784841518857,1,0,0,127.42
1784841518992,0,98,59,460.71
1784841518992,1,0,0,127.37
1784841519129,0,98,59,458.59
1784841519129,1,0,0,127.39
1784841519264,0,98,60,453.93
1784841519264,1,0,0,127.40
1784841519399,0,98,59,528.09
1784841519399,1,0,0,127.36
1784841519534,0,98,59,585.30
1784841519534,1,0,0,127.35
1784841519669,0,94,53,632.55
1784841519669,1,0,0,127.33
1784841519802,0,94,53,676.76
1784841519802,1,0,0,127.29
1784841519938,0,94,53,680.89
1784841519938,1,0,0,127.29
1784841520074,0,98,61,681.64
1784841520074,1,0,0,127.25
1784841520209,0,98,61,688.82
1784841520209,1,0,0,127.21
1784841520345,0,98,61,685.28
1784841520345,1,0,0,127.19
1784841520480,0,98,59,683.63
1784841520480,1,0,0,127.17
1784841520615,0,94,52,686.75
1784841520615,1,0,0,127.14
1784841520749,0,94,52,683.45
1784841520749,1,0,0,127.13
1784841520885,0,98,50,684.36
1784841520885,1,0,0,127.08
1784841521020,0,98,58,684.04
1784841521020,1,0,0,127.06
1784841521156,0,98,58,686.53
1784841521156,1,0,0,127.05
1784841521293,0,98,58,685.44
1784841521293,1,0,0,127.00
1784841521428,0,98,58,687.50
1784841521428,1,0,0,127.00
1784841521561,0,98,58,689.16
1784841521561,1,0,0,126.96
1784841521696,0,95,52,684.23
1784841521696,1,0,0,126.90
1784841521832,0,98,51,695.19
1784841521832,1,0,0,126.89
1784841521967,0,98,51,692.29
1784841521967,1,0,0,126.85
1784841522101,0,97,58,692.71
1784841522101,1,0,0,126.79
1784841522237,0,98,58,690.37
1784841522237,1,0,0,126.76
1784841522371,0,98,58,692.33
1784841522371,1,0,0,126.72
1784841522507,0,98,57,690.67
1784841522507,1,0,0,126.68
1784841522641,0,94,52,685.84
1784841522641,1,0,0,126.66
1784841522777,0,94,52,681.81
1784841522777,1,0,0,126.63
1784841522912,0,98,51,687.20
1784841522912,1,0,0,126.60
1784841523048,0,97,59,687.38
1784841523048,1,0,0,126.60
1784841523183,0,97,59,688.86
1784841523183,1,0,0,126.56
1784841523318,0,98,59,689.20
1784841523318,1,0,0,126.50
1784841523453,0,98,57,688.46
1784841523453,1,0,0,126.47
1784841523588,0,98,57,695.73
1784841523588,1,0,0,126.43
1784841523724,0,95,52,691.99
1784841523724,1,0,0,126.40
1784841523859,0,98,51,694.65
1784841523859,1,0,0,126.37
1784841523992,0,98,51,694.13
1784841523992,1,0,0,126.33
1784841524128,0,98,58,692.98
1784841524128,1,0,0,126.30
1784841524263,0,98,57,695.95
1784841524263,1,0,0,126.29
1784841524398,0,98,58,691.39
1784841524398,1,0,0,126.27
1784841524532,0,98,58,689.29
1784841524532,1,0,0,126.25
1784841524667,0,95,51,688.43
1784841524667,1,0,0,126.24
1784841524801,0,93,49,685.35
1784841524801,1,0,0,126.19
1784841524938,0,93,49,685.34
1784841524938,1,0,0,126.18
1784841525072,0,98,57,688.78
1784841525072,1,0,0,126.13
1784841525208,0,98,58,689.24
1784841525208,1,0,0,126.10
1784841525343,0,98,58,687.18
1784841525343,1,0,0,126.08
1784841525478,0,98,55,686.19
1784841525478,1,0,0,126.02
1784841525614,0,95,51,687.65
1784841525614,1,0,0,125.97
1784841525748,0,95,51,684.85
1784841525748,1,0,0,125.94
1784841525883,0,93,48,687.97
1784841525883,1,0,0,125.91
1784841526017,0,98,57,685.88
1784841526017,1,0,0,125.85
1784841526153,0,98,57,681.02
1784841526153,1,0,0,125.83
1784841526288,0,98,57,681.13
1784841526288,1,0,0,125.83
1784841526423,0,98,57,685.01
1784841526423,1,0,0,125.80
1784841526559,0,98,57,688.51
1784841526559,1,0,0,125.79
1784841526694,0,95,51,691.41
1784841526694,1,0,0,125.74
1784841526828,0,93,46,685.65
1784841526828,1,0,0,125.72
1784841526963,0,93,46,684.66
1784841526963,1,0,0,125.71
1784841527097,0,98,57,688.96
1784841527097,1,0,0,125.68
1784841527233,0,98,58,690.23
1784841527233,1,0,0,125.64
1784841527369,0,98,58,688.91
1784841527369,1,0,0,125.61
1784841527503,0,98,58,688.18
1784841527503,1,0,0,125.56
1784841527639,0,95,53,685.06
1784841527639,1,0,0,125.55
1784841527775,0,95,53,687.68
1784841527775,1,0,0,125.52
1784841527910,0,93,50,690.48
1784841527910,1,0,0,125.47
1784841528047,0,98,59,689.50
1784841528047,1,0,0,125.44
1784841528184,0,98,59,692.72
1784841528184,1,0,0,125.41
1784841528317,0,98,60,690.35
1784841528317,1,0,0,125.35
1784841528453,0,98,57,686.50
1784841528453,1,0,0,125.32
1784841528587,0,98,57,684.56
1784841528587,1,0,0,125.28
1784841528723,0,95,52,680.92
1784841528723,1,0,0,125.22
1784841528857,0,93,46,686.57
1784841528857,1,0,0,125.20
1784841528992,0,93,46,686.76
1784841528992,1,0,0,125.12
1784841529128,0,98,59,683.04
1784841529128,1,0,0,125.10
1784841529263,0,98,59,678.98
1784841529263,1,0,0,125.06
1784841529397,0,98,59,685.15
1784841529397,1,0,0,125.03
1784841529531,0,98,59,692.26
1784841529531,1,0,0,125.01
1784841529667,0,94,51,690.98
1784841529667,1,0,0,124.97
1784841529802,0,93,46,683.12
1784841529802,1,0,0,124.93
1784841529936,0,93,46,680.09
1784841529936,1,0,0,124.91
1784841530072,0,98,58,681.13
1784841530072,1,0,0,124.88
1784841530206,0,98,58,679.13
1784841530206,1,0,0,124.85
1784841530341,0,98,58,673.70
1784841530341,1,0,0,124.81
1784841530475,0,98,58,673.70
1784841530475,1,0,0,124.76
1784841530610,0,95,52,668.92
1784841530610,1,0,0,124.73
1784841530746,0,95,52,668.23
1784841530746,1,0,0,124.71
1784841530881,0,92,50,674.03
1784841530881,1,0,0,124.67
1784841531018,0,98,60,676.34
1784841531018,1,0,0,124.64
1784841531154,0,98,60,676.80
1784841531154,1,0,0,124.60
1784841531288,0,98,60,676.94
1784841531288,1,0,0,124.58
1784841531424,0,98,60,672.43
1784841531424,1,0,0,124.56
1784841531560,0,98,60,675.09
1784841531560,1,0,0,124.53
1784841531697,0,95,53,679.08
1784841531697,1,0,0,124.49
1784841531830,0,98,54,687.02
1784841531830,1,0,0,124.47
1784841531964,0,98,54,692.08
1784841531964,1,0,0,124.42
1784841532098,0,98,60,693.47
1784841532098,1,0,0,124.38
1784841532233,0,98,60,688.31
1784841532233,1,0,0,124.35
1784841532368,0,98,60,691.52
1784841532368,1,0,0,124.30
1784841532504,0,98,59,694.50
1784841532504,1,0,0,124.28
1784841532640,0,94,52,694.14
1784841532640,1,0,0,124.26
1784841532776,0,94,52,684.35
1784841532776,1,0,0,124.24
1784841532910,0,98,53,680.51
1784841532910,1,0,0,124.21
1784841533045,0,98,59,683.19
1784841533045,1,0,0,124.18
1784841533180,0,98,59,679.98
1784841533180,1,0,0,124.17
1784841533314,0,98,59,682.91
1784841533314,1,0,0,124.15
1784841533449,0,97,60,683.80
1784841533449,1,0,0,124.11
1784841533583,0,97,60,684.48
1784841533583,1,0,0,124.08
1784841533718,0,95,50,684.31
1784841533718,1,0,0,124.06
1784841533854,0,98,54,692.06
1784841533854,1,0,0,124.03
1784841533992,0,98,54,690.37
1784841533992,1,0,0,124.03
1784841534126,0,98,58,693.17
1784841534126,1,0,0,123.98
1784841534262,0,98,58,690.56
1784841534262,1,0,0,123.95
1784841534397,0,98,58,690.53
1784841534397,1,0,0,123.94
1784841534532,0,92,55,692.27
1784841534532,1,0,0,123.92
1784841534668,0,94,52,668.19
1784841534668,1,0,0,123.87
1784841534835,0,100,51,659.83
1784841534835,1,0,0,123.85
1784841534970,0,100,51,659.77
1784841534970,1,0,0,123.83
1784841535106,0,98,58,663.72
1784841535106,1,0,0,123.80
1784841535242,0,98,60,663.61
1784841535242,1,0,0,123.77
1784841535378,0,98,60,667.71
1784841535378,1,0,0,123.74
1784841535514,0,98,59,669.35
1784841535514,1,0,0,123.72
1784841535649,0,95,52,670.28
1784841535649,1,0,0,123.68
1784841535784,0,95,52,696.28
1784841535784,1,0,0,123.66
1784841535919,0,93,45,690.36
1784841535919,1,0,0,123.62
1784841536058,0,98,58,690.91
1784841536058,1,0,0,123.59
1784841536194,0,98,58,688.68
1784841536194,1,0,0,123.56
1784841536329,0,98,59,689.33
1784841536329,1,0,0,123.47
1784841536465,0,98,59,687.12
1784841536465,1,0,0,123.40
1784841536599,0,98,59,684.54
1784841536599,1,0,0,123.27
1784841536734,0,95,52,689.94
1784841536734,1,0,0,123.21
1784841536868,0,93,44,688.42
1784841536868,1,0,0,123.15
1784841537001,0,98,58,692.60
1784841537001,1,0,0,123.04
1784841537138,0,98,58,690.34
1784841537138,1,0,0,122.97
1784841537273,0,98,59,690.74
1784841537273,1,0,0,122.92
1784841537409,0,98,58,687.93
1784841537409,1,0,0,122.91
1784841537545,0,98,58,691.11
1784841537545,1,0,0,122.87
1784841537682,0,95,52,693.60
1784841537682,1,0,0,122.87
1784841537818,0,93,45,691.14
1784841537818,1,0,0,122.84
1784841537954,0,93,45,690.29
1784841537954,1,0,0,122.81
1784841538090,0,98,58,691.60
1784841538090,1,0,0,122.80
1784841538226,0,98,59,693.86
1784841538226,1,0,0,122.76
1784841538361,0,98,59,692.64
1784841538361,1,0,0,122.74
1784841538494,0,98,58,689.63
1784841538494,1,0,0,122.77
1784841538629,0,94,51,688.20
1784841538629,1,0,0,122.75
1784841538765,0,94,51,688.62
1784841538765,1,0,0,122.72
1784841538898,0,93,44,686.27
1784841538898,1,0,0,122.74
1784841539034,0,98,57,684.10
1784841539034,1,0,0,122.71
1784841539169,0,98,57,684.21
1784841539169,1,0,0,122.67
1784841539304,0,98,58,679.21
1784841539304,1,0,0,122.66
1784841539441,0,98,57,683.81
1784841539441,1,0,0,122.61
1784841539575,0,98,57,684.21
1784841539575,1,0,0,122.57
1784841539709,0,94,51,690.12
1784841539709,1,0,0,122.55
1784841539844,0,93,45,692.40
1784841539844,1,0,0,122.52
1784841539982,0,93,45,693.83
1784841539982,1,0,0,122.49
1784841540116,0,98,56,689.68
1784841540116,1,0,0,122.44
1784841540252,0,98,55,691.97
1784841540252,1,0,0,122.41
1784841540387,0,98,55,689.48
1784841540387,1,0,0,122.40
1784841540521,0,98,54,677.16
1784841540521,1,0,0,122.40
1784841540656,0,91,50,675.65
1784841540656,1,0,0,122.37
1784841540791,0,91,50,672.67
1784841540791,1,0,0,122.37
1784841540926,0,92,47,667.93
1784841540926,1,0,0,122.33
1784841541060,0,98,60,666.86
1784841541060,1,0,0,122.37
1784841541195,0,98,60,663.56
1784841541195,1,0,0,122.33
1784841541331,0,98,59,663.49
1784841541331,1,0,0,122.31
1784841541466,0,98,59,668.00
1784841541466,1,0,0,122.29
1784841541603,0,98,59,671.95
1784841541603,1,0,0,122.29
1784841541737,0,94,51,678.76
1784841541737,1,0,0,122.26
1784841541873,0,92,45,677.85
1784841541873,1,0,0,122.26
1784841542008,0,98,57,678.86
1784841542008,1,0,0,122.21
1784841542143,0,98,57,684.42
1784841542143,1,0,0,122.18
1784841542278,0,98,57,682.30
1784841542278,1,0,0,122.20
1784841542413,0,98,57,688.86
1784841542413,1,0,0,122.16
1784841542549,0,98,57,689.34
1784841542549,1,0,0,122.13
1784841542685,0,95,52,690.04
1784841542685,1,0,0,122.13
1784841542820,0,92,44,683.56
1784841542820,1,0,0,122.08
1784841542963,0,92,44,688.05
1784841542963,1,0,0,122.07
1784841543100,0,97,58,685.27
1784841543100,1,0,0,122.19
1784841543235,0,98,57,687.38
1784841543235,1,0,0,122.19
1784841543371,0,98,57,681.90
1784841543371,1,0,0,122.20
1784841543507,0,98,57,683.53
1784841543507,1,0,0,122.16
1784841543643,0,95,51,683.22
1784841543643,1,0,0,122.15
1784841543780,0,95,51,683.15
1784841543780,1,0,0,122.15
1784841543914,0,92,45,681.30
1784841543914,1,0,0,122.13
1784841544050,0,98,59,677.82
1784841544050,1,0,0,122.03
1784841544184,0,98,59,672.50
1784841544184,1,0,0,122.00
1784841544318,0,98,59,667.63
1784841544318,1,0,0,121.98
1784841544453,0,98,59,665.40
1784841544453,1,0,0,121.97
1784841544588,0,98,59,662.56
1784841544588,1,0,0,121.97
1784841544724,0,95,53,662.82
1784841544724,1,0,0,121.98
1784841544858,0,92,46,664.35
1784841544858,1,0,0,121.95
1784841544993,0,92,46,662.11
1784841544993,1,0,0,121.94
1784841545128,0,98,59,673.97
1784841545128,1,0,0,121.93
1784841545264,0,98,60,677.03
1784841545264,1,0,0,121.92
1784841545398,0,98,60,682.78
1784841545398,1,0,0,121.86
1784841545533,0,98,60,682.37
1784841545533,1,0,0,121.88
1784841545669,0,95,52,683.34
1784841545669,1,0,0,121.88
1784841545804,0,95,52,681.73
1784841545804,1,0,0,121.86
1784841545939,0,93,44,685.96
1784841545939,1,0,0,121.86
1784841546074,0,98,59,676.49
1784841546074,1,0,0,121.85
1784841546210,0,98,60,672.71
1784841546210,1,0,0,121.84
1784841546345,0,98,60,670.83
1784841546345,1,0,0,121.83
1784841546480,0,98,60,668.87
1784841546480,1,0,0,121.82
1784841546614,0,95,51,670.17
1784841546614,1,0,0,121.79
1784841546748,0,95,51,678.19
1784841546748,1,0,0,121.79
1784841546883,0,93,46,678.56
1784841546883,1,0,0,121.78
1784841547019,0,98,58,682.41
1784841547019,1,0,0,121.78
1784841547156,0,98,58,682.51
1784841547156,1,0,0,121.76
1784841547292,0,98,59,684.11
1784841547292,1,0,0,121.75
1784841547427,0,98,58,684.57
1784841547427,1,0,0,121.75
1784841547564,0,98,58,687.73
1784841547564,1,0,0,121.72
1784841547699,0,95,52,688.07
1784841547699,1,0,0,121.71
1784841547835,0,93,47,678.88
1784841547835,1,0,0,121.69
1784841547971,0,93,47,677.40
1784841547971,1,0,0,121.68
1784841548106,0,98,59,681.98
1784841548106,1,0,0,121.65
1784841548243,0,98,59,685.21
1784841548243,1,0,0,121.62
1784841548378,0,98,59,684.93
1784841548378,1,0,0,121.61
1784841548512,0,97,59,684.58
1784841548512,1,0,0,121.60
1784841548647,0,95,51,682.71
1784841548647,1,0,0,121.57
1784841548781,0,95,51,672.54
1784841548781,1,0,0,121.56
1784841548916,0,93,49,686.52
1784841548916,1,0,0,121.54
1784841549052,0,98,58,686.63
1784841549052,1,0,0,121.52
1784841549187,0,98,58,690.92
1784841549187,1,0,0,121.52
1784841549322,0,98,57,689.82
1784841549322,1,0,0,121.51
1784841549458,0,98,58,689.60
1784841549458,1,0,0,121.50
1784841549593,0,98,58,689.46
1784841549593,1,0,0,121.49
1784841549728,0,95,52,641.25
1784841549728,1,0,0,121.59
1784841549862,0,0,0,587.92
1784841549862,1,0,0,121.60
1784841549996,0,0,0,532.85
1784841549996,1,0,0,121.58
1784841550128,0,0,0,473.31
1784841550128,1,0,0,121.56
1784841550263,0,92,50,474.11
1784841550263,1,0,0,121.69
1784841550400,0,92,50,484.08
1784841550400,1,0,0,121.68
1784841550536,0,98,58,485.02
1784841550536,1,0,0,121.65
1784841550672,0,98,58,486.56
1784841550672,1,0,0,121.57
1784841550808,0,98,58,594.48
1784841550808,1,0,0,121.53
1784841550944,0,97,58,635.30
1784841550944,1,0,0,121.54
1784841551080,0,94,50,683.57
1784841551080,1,0,0,121.54
1784841551216,0,93,48,687.17
1784841551216,1,0,0,121.41
1784841551351,0,93,48,685.46
1784841551351,1,0,0,121.39
1784841551488,0,98,55,686.26
1784841551488,1,0,0,121.42
1784841551623,0,98,56,682.46
1784841551623,1,0,0,121.40
1784841551757,0,98,56,685.76
1784841551757,1,0,0,121.40
1784841551892,0,98,56,684.41
1784841551892,1,0,0,121.41
1784841552026,0,95,51,693.58
1784841552026,1,0,0,121.48
1784841552160,0,95,51,690.79
1784841552160,1,0,0,121.49
1784841552294,0,93,46,688.20
1784841552294,1,0,0,121.47
1784841552430,0,98,58,682.39
1784841552430,1,0,0,121.44
1784841552565,0,98,58,677.43
1784841552565,1,0,0,121.46
1784841552700,0,98,59,675.31
1784841552700,1,0,0,121.54
1784841552836,0,98,58,666.22
1784841552836,1,0,0,121.54
1784841552974,0,98,58,665.85
1784841552974,1,0,0,121.56
1784841553109,0,95,52,667.03
1784841553109,1,0,0,121.55
1784841553246,0,93,48,679.53
1784841553246,1,0,0,121.54
1784841553382,0,93,48,687.09
1784841553382,1,0,0,121.57
1784841553526,0,98,58,692.12
1784841553526,1,0,0,121.65
1784841553661,0,98,56,694.20
1784841553661,1,0,0,121.53
1784841553797,0,98,56,695.50
1784841553797,1,0,0,121.63
1784841553932,0,98,57,696.07
1784841553932,1,0,0,121.61
1784841554068,0,94,52,692.52
1784841554068,1,0,0,121.48
1784841554203,0,94,52,700.54
1784841554203,1,0,0,121.58
1784841554338,0,93,46,684.77
1784841554338,1,0,0,121.56
1784841554473,0,98,60,682.36
1784841554473,1,0,0,121.43
1784841554609,0,98,60,681.60
1784841554609,1,0,0,121.42
1784841554745,0,98,61,676.64
1784841554745,1,0,0,121.41
1784841554880,0,98,61,676.43
1784841554880,1,0,0,121.28
1784841555018,0,95,52,686.41
1784841555018,1,0,0,121.29
1784841555154,0,95,52,681.14
1784841555154,1,0,0,121.25
1784841555290,0,93,48,686.66
1784841555290,1,0,0,121.14
1784841555425,0,98,58,694.97
1784841555425,1,0,0,121.14
1784841555561,0,98,58,693.82
1784841555561,1,0,0,121.13
1784841555698,0,98,57,696.86
1784841555698,1,0,0,121.24
1784841555832,0,98,58,696.07
1784841555832,1,0,0,121.24
1784841555967,0,98,58,694.82
1784841555967,1,0,0,121.24
1784841556103,0,95,52,690.30
1784841556103,1,0,0,121.25
1784841556238,0,93,48,682.70
1784841556238,1,0,0,121.24
1784841556374,0,93,48,680.77
1784841556374,1,0,0,121.24
1784841556511,0,98,59,684.66
1784841556511,1,0,0,121.26
1784841556648,0,98,59,684.12
1784841556648,1,0,0,121.15
1784841556783,0,98,59,685.14
1784841556783,1,0,0,121.12
1784841556918,0,98,56,684.98
1784841556918,1,0,0,121.12
1784841557053,0,94,51,682.40
1784841557053,1,0,0,121.11
1784841557188,0,94,51,685.21
1784841557188,1,0,0,121.10
1784841557324,0,93,46,684.98
1784841557324,1,0,0,121.09
1784841557460,0,98,59,680.59
1784841557460,1,0,0,121.08
1784841557595,0,98,59,680.74
1784841557595,1,0,0,121.08
1784841557730,0,98,59,678.82
1784841557730,1,0,0,121.06
1784841557865,0,98,59,680.18
1784841557865,1,0,0,121.07
1784841558001,0,98,59,683.70
1784841558001,1,0,0,121.07
1784841558136,0,95,52,683.63
1784841558136,1,0,0,121.07
1784841558268,0,93,46,682.50
1784841558268,1,0,0,121.07
1784841558402,0,93,46,684.40
1784841558402,1,0,0,121.04
1784841558536,0,98,58,687.01
1784841558536,1,0,0,121.06
1784841558672,0,98,58,690.46
1784841558672,1,0,0,121.07
1784841558809,0,98,58,690.02
1784841558809,1,0,0,121.16
1784841558946,0,98,58,689.23
1784841558946,1,0,0,121.21
1784841559082,0,95,54,688.10
1784841559082,1,0,0,121.20
1784841559216,0,93,50,687.68
1784841559216,1,0,0,121.30
1784841559352,0,93,50,687.80
1784841559352,1,0,0,121.32
1784841559488,0,98,60,686.56
1784841559488,1,0,0,121.34
1784841559626,0,98,60,689.70
1784841559626,1,0,0,121.33
1784841559763,0,98,60,689.91
1784841559763,1,0,0,121.33
1784841559899,0,98,58,690.74
1784841559899,1,0,0,121.18
1784841560034,0,95,51,685.11
1784841560034,1,0,0,121.17
1784841560168,0,95,51,684.55
1784841560168,1,0,0,121.18
1784841560302,0,93,45,692.12
1784841560302,1,0,0,121.16
1784841560437,0,98,57,689.18
1784841560437,1,0,0,121.17
1784841560571,0,98,57,688.31
1784841560571,1,0,0,121.14
1784841560708,0,98,57,688.23
1784841560708,1,0,0,121.11
1784841560844,0,98,58,688.53
1784841560844,1,0,0,121.11
1784841560978,0,98,58,690.54
1784841560978,1,0,0,121.10
1784841561114,0,95,51,693.98
1784841561114,1,0,0,121.21
1784841561247,0,93,46,694.05
1784841561247,1,0,0,121.08
1784841561384,0,93,46,693.87
1784841561384,1,0,0,121.06
1784841561521,0,98,57,692.77
1784841561521,1,0,0,121.16
1784841561659,0,98,57,693.37
1784841561659,1,0,0,121.15
1784841561794,0,98,57,694.44
1784841561794,1,0,0,121.17
1784841561930,0,98,57,691.14
1784841561930,1,0,0,121.17
1784841562066,0,95,52,687.01
1784841562066,1,0,0,121.17
1784841562201,0,95,52,685.42
1784841562201,1,0,0,121.18
1784841562335,0,93,46,685.97
1784841562335,1,0,0,121.18
1784841562469,0,98,57,690.86
1784841562469,1,0,0,121.18
1784841562606,0,98,57,687.64
1784841562606,1,0,0,121.15
1784841562742,0,98,59,687.79
1784841562742,1,0,0,121.14
1784841562877,0,98,57,686.65
1784841562877,1,0,0,121.28
1784841563014,0,98,57,690.56
1784841563014,1,0,0,121.15
1784841563149,0,94,51,690.95
1784841563149,1,0,0,121.14
1784841563284,0,93,45,682.90
1784841563284,1,0,0,121.15
1784841563419,0,98,59,681.22
1784841563419,1,0,0,121.03
1784841563555,0,98,59,680.97
1784841563555,1,0,0,121.02
1784841563691,0,98,59,679.88
1784841563691,1,0,0,121.03
1784841563827,0,98,59,680.87
1784841563827,1,0,0,120.90
1784841563961,0,98,59,683.60
1784841563961,1,0,0,120.88
1784841564097,0,95,52,687.21
1784841564097,1,0,0,120.90
1784841564232,0,93,46,685.78
1784841564232,1,0,0,121.02
1784841564368,0,93,46,683.96
1784841564368,1,0,0,121.02
1784841564502,0,98,58,689.36
1784841564502,1,0,0,121.02
1784841564638,0,98,59,688.92
1784841564638,1,0,0,121.12
1784841564773,0,98,59,693.32
1784841564773,1,0,0,121.16
1784841564909,0,98,58,689.59
1784841564909,1,0,0,121.24
1784841565046,0,95,52,685.56
1784841565046,1,0,0,121.24
1784841565182,0,95,52,680.45
1784841565182,1,0,0,121.27
1784841565316,0,93,48,689.40
1784841565316,1,0,0,121.25
1784841565450,0,98,59,691.82
1784841565450,1,0,0,121.26
1784841565587,0,98,59,692.02
1784841565587,1,0,0,121.25
1784841565723,0,98,60,691.32
1784841565723,1,0,0,121.09
1784841565860,0,98,58,692.07
1784841565860,1,0,0,121.12
1784841565996,0,98,58,694.34
1784841565996,1,0,0,121.12
1784841566130,0,95,52,685.30
1784841566130,1,0,0,121.12
1784841566264,0,93,45,691.91
1784841566264,1,0,0,121.11
1784841566399,0,93,45,693.81
1784841566399,1,0,0,121.09
1784841566535,0,98,59,692.83
1784841566535,1,0,0,121.12
1784841566671,0,98,58,691.98
1784841566671,1,0,0,121.14
1784841566806,0,98,58,692.17
1784841566806,1,0,0,121.02
1784841566941,0,98,57,689.83
1784841566941,1,0,0,120.98
1784841567076,0,95,50,691.89
1784841567076,1,0,0,120.94
1784841567209,0,95,50,695.13
1784841567209,1,0,0,120.82
1784841567344,0,93,45,693.80
1784841567344,1,0,0,120.79
1784841567479,0,98,55,696.05
1784841567479,1,0,0,120.77
1784841567615,0,98,55,694.54
1784841567615,1,0,0,120.74
1784841567749,0,98,56,694.51
1784841567749,1,0,0,120.73
1784841567887,0,98,56,692.80
1784841567887,1,0,0,120.71
1784841568023,0,95,51,687.27
1784841568023,1,0,0,120.73
1784841568157,0,95,51,691.58
1784841568157,1,0,0,120.72
1784841568290,0,92,43,681.67
1784841568290,1,0,0,120.83
1784841568426,0,98,59,669.26
1784841568426,1,0,0,120.83
1784841568562,0,98,59,663.86
1784841568562,1,0,0,120.82
1784841568696,0,98,58,662.27
1784841568696,1,0,0,120.96
1784841568831,0,98,59,656.30
1784841568831,1,0,0,120.95
1784841568967,0,98,59,662.40
1784841568967,1,0,0,120.97
1784841569103,0,94,52,665.14
1784841569103,1,0,0,121.09
1784841569238,0,93,46,667.82
1784841569238,1,0,0,121.00
1784841569372,0,93,46,671.78
1784841569372,1,0,0,120.99
1784841569509,0,98,59,676.51
1784841569509,1,0,0,121.10
1784841569643,0,98,59,683.77
1784841569643,1,0,0,120.99
1784841569780,0,98,59,686.68
1784841569780,1,0,0,120.97
1784841569928,0,98,59,685.83
1784841569928,1,0,0,121.10
1784841570063,0,95,51,686.45
1784841570063,1,0,0,120.99
1784841570198,0,95,51,685.10
1784841570198,1,0,0,120.97
1784841570333,0,93,46,685.90
1784841570333,1,0,0,121.08
1784841570481,0,98,58,683.59
1784841570481,1,0,0,121.08
1784841570615,0,98,58,682.79
1784841570615,1,0,0,121.23
1784841570751,0,98,59,679.78
1784841570751,1,0,0,121.25
1784841570887,0,98,58,669.42
1784841570887,1,0,0,121.25
1784841571022,0,95,52,674.46
1784841571022,1,0,0,121.37
1784841571157,0,95,52,674.28
1784841571157,1,0,0,121.38
1784841571292,0,93,49,681.11
1784841571292,1,0,0,121.25
1784841571427,0,98,58,690.30
1784841571427,1,0,0,121.24
1784841571562,0,98,58,694.78
1784841571562,1,0,0,121.20
1784841571698,0,98,58,698.66
1784841571698,1,0,0,121.08
1784841571832,0,98,58,691.59
1784841571832,1,0,0,120.94
1784841571969,0,98,58,694.47
1784841571969,1,0,0,120.93
1784841572105,0,94,51,693.55
1784841572105,1,0,0,120.93
1784841572241,0,93,49,687.10
1784841572241,1,0,0,120.91
1784841572377,0,93,49,682.53
1784841572377,1,0,0,120.91
1784841572512,0,98,60,680.93
1784841572512,1,0,0,120.91
1784841572649,0,98,60,671.89
1784841572649,1,0,0,120.91
1784841572784,0,98,60,673.94
1784841572784,1,0,0,120.92
1784841572920,0,98,60,677.56
1784841572920,1,0,0,120.99
1784841573063,0,95,52,680.27
1784841573063,1,0,0,120.87
1784841573196,0,95,52,681.73
1784841573196,1,0,0,120.87
1784841573332,0,99,54,695.44
1784841573332,1,0,0,120.98
1784841573469,0,98,57,698.30
1784841573469,1,0,0,120.99
1784841573606,0,98,57,699.37
1784841573606,1,0,0,121.08
1784841573741,0,98,58,697.33
1784841573741,1,0,0,121.09
1784841573876,0,98,57,697.84
1784841573876,1,0,0,121.10
1784841574011,0,98,57,695.14
1784841574011,1,0,0,121.06
1784841574147,0,95,51,687.82
1784841574147,1,0,0,121.08
1784841574283,0,92,49,684.61
1784841574283,1,0,0,120.98
1784841574420,0,92,49,678.59
1784841574420,1,0,0,120.96
1784841574556,0,98,60,678.37
1784841574556,1,0,0,120.95
1784841574692,0,98,59,679.47
1784841574692,1,0,0,120.97
1784841574828,0,98,58,686.98
1784841574828,1,0,0,120.84
1784841574963,0,98,58,693.38
1784841574963,1,0,0,120.86
1784841575097,0,95,53,694.96
1784841575097,1,0,0,120.96
1784841575234,0,93,52,689.96
1784841575234,1,0,0,120.97
1784841575380,0,93,52,689.49
1784841575380,1,0,0,120.99
1784841575517,0,98,59,691.84
1784841575517,1,0,0,120.97
1784841575652,0,98,58,697.25
1784841575652,1,0,0,120.86
1784841575788,0,98,58,693.73
1784841575788,1,0,0,120.82
1784841575923,0,98,59,689.21
1784841575923,1,0,0,120.94
1784841576059,0,94,52,685.36
1784841576059,1,0,0,120.83
1784841576194,0,94,52,687.05
1784841576194,1,0,0,120.81
1784841576330,0,93,48,684.10
1784841576330,1,0,0,120.95
1784841576465,0,98,60,676.93
1784841576465,1,0,0,120.82
1784841576601,0,98,60,673.72
1784841576601,1,0,0,120.80
1784841576735,0,98,60,669.89
1784841576735,1,0,0,120.80
1784841576870,0,98,60,666.36
1784841576870,1,0,0,120.79
1784841577010,0,98,60,634.92
1784841577010,1,0,0,120.79
1784841577144,0,89,90,559.45
1784841577144,1,2,2,124.91
1784841577278,0,95,14,519.45
1784841577278,1,2,2,138.87
1784841577414,0,95,14,461.13
1784841577414,1,21,16,140.33
1784841577549,0,0,0,362.91
1784841577549,1,0,0,140.42
1784841577684,0,0,0,308.47
1784841577684,1,0,0,140.51
1784841577818,0,0,0,258.53
1784841577818,1,5,1,140.83
1784841577956,0,40,6,185.52
1784841577956,1,34,19,170.42
1784841578092,0,0,0,161.17
1784841578092,1,34,19,212.30
1784841578229,0,0,0,144.78
1784841578229,1,100,62,300.85
1784841578365,0,0,0,144.02
1784841578365,1,100,50,360.13
1784841578501,0,0,0,143.53
1784841578501,1,100,50,407.46
1784841578638,0,0,0,142.79
1784841578638,1,99,50,529.13
1784841578776,0,0,0,142.51
1784841578776,1,100,52,578.85
1784841578913,0,0,0,140.29
1784841578913,1,100,53,676.98
1784841579049,0,0,0,139.00
1784841579049,1,100,53,677.91
1784841579185,0,0,0,138.73
1784841579185,1,98,60,687.74
1784841579322,0,0,0,138.43
1784841579322,1,99,53,679.79
1784841579458,0,0,0,137.99
1784841579458,1,99,53,681.05
1784841579595,0,0,0,137.76
1784841579595,1,98,54,677.59
1784841579731,0,0,0,137.39
1784841579731,1,99,52,674.74
1784841579867,0,0,0,137.17
1784841579867,1,99,52,668.81
1784841580003,0,0,0,136.99
1784841580003,1,93,55,673.38
1784841580139,0,0,0,136.70
1784841580139,1,100,69,665.28
1784841580277,0,0,0,136.62
1784841580277,1,100,69,662.61
1784841580414,0,0,0,136.53
1784841580414,1,95,54,651.37
1784841580552,0,0,0,136.32
1784841580552,1,97,63,632.23
1784841580689,0,0,0,136.24
1784841580689,1,97,63,615.03
1784841580834,0,0,0,136.05
1784841580834,1,99,66,607.89
1784841580970,0,0,0,135.97
1784841580970,1,96,60,607.36
1784841581108,0,0,0,135.88
1784841581108,1,95,56,595.72
1784841581244,0,0,0,135.73
1784841581244,1,95,56,595.50
1784841581381,0,0,0,135.64
1784841581381,1,96,60,588.49
1784841581517,0,0,0,135.56
1784841581517,1,100,64,577.96
1784841581652,0,0,0,135.45
1784841581652,1,100,64,576.79
1784841581789,0,0,0,135.37
1784841581789,1,95,59,572.54
1784841581925,0,0,0,135.25
1784841581925,1,98,63,548.77
1784841582062,0,0,0,135.19
1784841582062,1,98,63,551.15
1784841582199,0,0,0,135.15
1784841582199,1,93,55,548.67
1784841582336,0,0,0,135.02
1784841582336,1,94,52,539.05
1784841582473,0,0,0,134.94
1784841582473,1,94,52,538.53
1784841582609,0,0,0,134.89
1784841582609,1,99,65,546.42
1784841582745,0,0,0,134.77
1784841582745,1,100,63,547.64
1784841582881,0,0,0,134.72
1784841582881,1,100,63,564.81
1784841583017,0,0,0,134.64
1784841583017,1,100,56,562.58
1784841583152,0,0,0,134.52
1784841583152,1,100,58,561.59
1784841583289,0,0,0,134.49
1784841583289,1,100,58,561.57
1784841583425,0,0,0,134.42
1784841583425,1,100,66,556.42
1784841583561,0,0,0,134.36
1784841583561,1,96,60,555.28
1784841583697,0,0,0,134.32
1784841583697,1,96,60,544.62
1784841583835,0,0,0,134.24
1784841583835,1,98,61,542.01
1784841583970,0,0,0,134.21
1784841583970,1,95,55,542.65
1784841584106,0,0,0,134.16
1784841584106,1,95,55,537.75
1784841584244,0,0,0,134.05
1784841584244,1,91,54,536.40
1784841584380,0,0,0,134.00
1784841584380,1,97,63,539.17
1784841584516,0,0,0,133.94
1784841584516,1,91,52,552.02
1784841584654,0,0,0,133.87
1784841584654,1,91,52,545.90
1784841584790,0,0,0,133.83
1784841584790,1,97,61,540.69
1784841584925,0,0,0,133.79
1784841584925,1,95,58,526.60
1784841585062,0,0,0,133.76
1784841585062,1,95,58,519.08
1784841585198,0,0,0,133.74
1784841585198,1,100,67,521.38
1784841585336,0,0,0,133.69
1784841585336,1,98,60,525.02
1784841585473,0,0,0,133.67
1784841585473,1,98,60,522.53
1784841585611,0,0,0,133.63
1784841585611,1,92,54,505.89
1784841585747,0,0,0,133.57
1784841585747,1,100,65,517.52
1784841585884,0,0,0,133.52
1784841585884,1,100,65,517.26
1784841586019,0,0,0,133.49
1784841586019,1,100,63,520.33
1784841586155,0,0,0,133.44
1784841586155,1,96,59,515.50
1784841586299,0,0,0,133.41
1784841586299,1,96,59,509.84
1784841586435,0,0,0,133.37
1784841586435,1,98,65,525.99
1784841586572,0,0,0,133.33
1784841586572,1,89,48,527.58
1784841586708,0,0,0,133.30
1784841586708,1,96,56,538.79
1784841586844,0,0,0,133.26
1784841586844,1,96,56,547.12
1784841586981,0,0,0,133.24
1784841586981,1,100,64,556.20
1784841587118,0,0,0,133.20
1784841587118,1,92,52,560.62
1784841587254,0,0,0,133.16
1784841587254,1,92,52,559.15
1784841587390,0,0,0,133.13
1784841587390,1,99,64,557.18
1784841587526,0,0,0,133.07
1784841587526,1,99,59,541.99
1784841587663,0,0,0,133.05
1784841587663,1,99,59,536.18
1784841587800,0,0,0,133.02
1784841587800,1,99,64,535.67
1784841587937,0,0,0,132.96
1784841587937,1,99,63,516.95
1784841588073,0,0,0,132.98
1784841588073,1,99,63,506.08
1784841588208,0,0,0,132.96
1784841588208,1,96,61,524.55
1784841588345,0,0,0,132.90
1784841588345,1,100,64,530.03
1784841588481,0,0,0,132.91
1784841588481,1,100,64,535.28
1784841588617,0,0,0,132.90
1784841588617,1,99,65,541.72
1784841588754,0,0,0,132.91
1784841588754,1,89,53,537.36
1784841588889,0,0,0,132.90
1784841588889,1,89,53,547.20
1784841589026,0,0,0,132.86
1784841589026,1,96,60,553.19
1784841589162,0,0,0,132.84
1784841589162,1,94,54,548.22
1784841589297,0,0,0,132.85
1784841589297,1,94,54,553.32
1784841589434,0,0,0,132.82
1784841589434,1,97,61,546.76
1784841589571,0,0,0,132.81
1784841589571,1,100,65,554.46
1784841589707,0,0,0,132.81
1784841589707,1,100,65,537.98
1784841589843,0,0,0,132.78
1784841589843,1,100,67,522.97
1784841589979,0,0,0,132.78
1784841589979,1,97,63,518.37
1784841590115,0,0,0,132.77
1784841590115,1,97,62,495.93
1784841590251,0,0,0,132.76
1784841590251,1,97,62,485.61
1784841590388,0,0,0,132.76
1784841590388,1,99,65,490.51
1784841590525,0,0,0,132.74
1784841590525,1,98,63,495.20
1784841590663,0,0,0,132.73
1784841590663,1,98,63,494.95
1784841590800,0,0,0,132.73
1784841590800,1,99,64,503.41
1784841590936,0,0,0,132.73
1784841590936,1,90,52,532.33
1784841591072,0,0,0,132.71
1784841591072,1,90,52,546.98
1784841591209,0,0,0,132.71
1784841591209,1,99,59,574.13
1784841591347,0,0,0,132.70
1784841591347,1,100,67,570.66
1784841591484,0,0,0,132.69
1784841591484,1,100,67,579.53
1784841591622,0,0,0,132.71
1784841591622,1,95,55,579.35
1784841591765,0,0,0,132.70
1784841591765,1,98,63,579.12
1784841591902,0,0,0,132.70
1784841591902,1,98,63,579.39
1784841592039,0,0,0,132.67
1784841592039,1,100,56,571.07
1784841592176,0,0,0,132.67
1784841592176,1,100,64,571.20
1784841592313,0,0,0,132.66
1784841592313,1,84,46,579.26
1784841592450,0,0,0,132.64
1784841592450,1,84,46,578.79
1784841592588,0,0,0,132.60
1784841592588,1,96,57,589.28
1784841592724,0,0,0,132.59
1784841592724,1,100,66,587.10
1784841592862,0,0,0,132.61
1784841592862,1,100,66,590.15
1784841592999,0,0,0,132.60
1784841592999,1,97,59,588.59
1784841593136,0,0,0,132.58
1784841593136,1,99,62,595.77
1784841593273,0,0,0,132.56
1784841593273,1,99,62,587.81
1784841593410,0,0,0,132.55
1784841593410,1,97,59,602.07
1784841593548,0,0,0,132.54
1784841593548,1,93,59,587.04
1784841593685,0,0,0,132.53
1784841593685,1,93,59,594.83
1784841593821,0,0,0,132.52
1784841593821,1,96,62,593.04
1784841593965,0,0,0,132.52
1784841593965,1,93,57,574.61
1784841594102,0,0,0,132.51
1784841594102,1,93,57,565.21
1784841594241,0,0,0,132.48
1784841594241,1,99,64,545.28
1784841594378,0,0,0,132.48
1784841594378,1,98,64,541.79
1784841594515,0,0,0,132.46
1784841594515,1,93,55,538.60
1784841594652,0,0,0,132.42
1784841594652,1,93,55,538.75
1784841594789,0,0,0,132.41
1784841594789,1,94,57,526.64
1784841594926,0,0,0,132.39
1784841594926,1,95,52,546.08
1784841595063,0,0,0,132.37
1784841595063,1,95,52,562.57
1784841595200,0,0,0,132.36
1784841595200,1,91,51,580.34
1784841595338,0,0,0,132.37
1784841595338,1,95,61,594.31
1784841595476,0,0,0,132.39
1784841595476,1,95,61,597.87
1784841595613,0,0,0,132.41
1784841595613,1,93,55,610.25
1784841595750,0,0,0,132.40
1784841595750,1,99,60,615.55
1784841595886,0,0,0,132.38
1784841595886,1,99,60,615.74
1784841596023,0,0,0,132.38
1784841596023,1,99,59,606.67
1784841596160,0,0,0,132.40
1784841596160,1,97,62,581.27
1784841596294,0,0,0,132.39
1784841596294,1,97,62,581.51
1784841596430,0,0,0,132.39
1784841596430,1,92,56,577.99
1784841596567,0,0,0,132.38
1784841596567,1,98,62,573.56
1784841596703,0,0,0,132.40
1784841596703,1,98,62,556.33
1784841596841,0,0,0,132.40
1784841596841,1,89,51,568.45
1784841596975,0,0,0,132.40
1784841596975,1,93,56,569.70
1784841597112,0,0,0,132.42
1784841597112,1,98,61,584.01
1784841597249,0,0,0,132.41
1784841597249,1,98,61,578.45
1784841597386,0,0,0,132.38
1784841597386,1,100,67,577.58
1784841597523,0,0,0,132.38
1784841597523,1,99,62,579.22
1784841597660,0,0,0,132.38
1784841597660,1,99,62,582.55
1784841597796,0,0,0,132.38
1784841597796,1,96,57,575.87
1784841597933,0,0,0,132.40
1784841597933,1,96,59,569.44
1784841598070,0,0,0,132.38
1784841598070,1,96,59,566.84
1784841598207,0,0,0,132.38
1784841598207,1,98,62,567.13
1784841598343,0,0,0,132.41
1784841598343,1,97,58,589.58
1784841598481,0,0,0,132.39
1784841598481,1,97,58,588.66
1784841598617,0,0,0,132.39
1784841598617,1,100,68,583.43
1784841598753,0,0,0,132.37
1784841598753,1,100,70,573.56
1784841598889,0,0,0,132.35
1784841598889,1,100,70,568.12
1784841599026,0,0,0,132.35
1784841599026,1,100,69,561.28
1784841599163,0,0,0,132.31
1784841599163,1,94,58,558.92
1784841599304,0,0,0,132.30
1784841599304,1,94,58,558.26
1784841599440,0,0,0,132.27
1784841599440,1,89,47,561.37
1784841599578,0,0,0,132.28
1784841599578,1,99,63,562.03
1784841599715,0,0,0,132.26
1784841599715,1,93,55,567.76
1784841599851,0,0,0,132.26
1784841599851,1,93,55,563.13
1784841599988,0,0,0,132.25
1784841599988,1,96,61,568.94
1784841600125,0,0,0,132.24
1784841600125,1,97,52,576.20
1784841600261,0,0,0,132.25
1784841600261,1,97,52,585.19
1784841600398,0,0,0,132.23
1784841600398,1,99,55,572.05
1784841600536,0,0,0,132.21
1784841600536,1,95,58,563.64
1784841600672,0,0,0,132.20
1784841600672,1,95,58,566.34
1784841600810,0,0,0,132.20
1784841600810,1,98,57,576.34
1784841600947,0,0,0,132.20
1784841600947,1,95,52,608.30
1784841601083,0,0,0,132.20
1784841601083,1,95,52,614.67
1784841601219,0,0,0,132.21
1784841601219,1,100,61,595.41
1784841601356,0,0,0,132.17
1784841601356,1,98,59,595.96
1784841601490,0,0,0,132.17
1784841601490,1,98,59,607.86
1784841601626,0,0,0,132.17
1784841601626,1,92,51,627.86
1784841601762,0,0,0,132.14
1784841601762,1,100,53,622.95
1784841601898,0,0,0,132.15
1784841601898,1,100,53,610.68
1784841602035,0,0,0,132.14
1784841602035,1,89,55,574.31
1784841602170,0,0,0,132.12
1784841602170,1,88,55,577.51
1784841602305,0,0,0,132.14
1784841602305,1,88,55,579.52
1784841602442,0,0,0,132.13
1784841602442,1,99,61,572.20
1784841602578,0,0,0,132.14
1784841602578,1,93,59,555.57
1784841602714,0,0,0,132.14
1784841602714,1,96,61,525.35
1784841602850,0,0,0,132.12
1784841602850,1,96,61,519.44
1784841603001,0,0,0,132.11
1784841603001,1,100,68,514.42
1784841603138,0,0,0,132.11
1784841603138,1,100,67,519.12
1784841603274,0,0,0,132.10
1784841603274,1,100,67,508.34
1784841603411,0,0,0,132.10
1784841603411,1,100,66,502.97
1784841603549,0,0,0,132.10
1784841603549,1,100,68,494.15
1784841603686,0,0,0,132.08
1784841603686,1,100,68,493.44
1784841603824,0,0,0,132.08
1784841603824,1,98,63,507.09
1784841603959,0,0,0,132.10
1784841603959,1,95,61,508.36
1784841604096,0,0,0,132.10
1784841604096,1,95,61,518.12
1784841604233,0,0,0,132.10
1784841604233,1,98,60,498.65
1784841604369,0,0,0,132.10
1784841604369,1,100,70,491.73
1784841604504,0,0,0,132.08
1784841604504,1,100,70,491.61
1784841604642,0,0,0,132.09
1784841604642,1,100,69,494.35
1784841604779,0,0,0,132.09
1784841604779,1,100,67,481.03
1784841604916,0,0,0,132.08
1784841604916,1,98,66,477.93
1784841605053,0,0,0,132.07
1784841605053,1,98,66,465.30
1784841605190,0,0,0,132.04
1784841605190,1,100,70,464.39
1784841605327,0,0,0,132.02
1784841605327,1,100,70,463.60
1784841605463,0,0,0,132.00
1784841605463,1,100,70,461.55
1784841605601,0,0,0,132.01
1784841605601,1,98,66,457.23
1784841605737,0,0,0,132.00
1784841605737,1,98,65,459.88
1784841605874,0,0,0,132.03
1784841605874,1,98,65,458.75
1784841606011,0,0,0,132.01
1784841606011,1,100,70,450.65
1784841606147,0,0,0,132.01
1784841606147,1,100,69,448.11
1784841606283,0,0,0,132.02
1784841606283,1,100,69,447.00
1784841606419,0,0,0,132.02
1784841606419,1,100,70,445.83
1784841606556,0,0,0,131.90
1784841606556,1,100,68,442.45
1784841606691,0,0,0,131.89
1784841606691,1,100,68,438.67
1784841606829,0,0,0,131.87
1784841606829,1,100,68,432.73
1784841606965,0,0,0,131.85
1784841606965,1,100,68,430.15
1784841607101,0,0,0,131.85
1784841607101,1,100,68,430.45
1784841607236,0,0,0,131.85
1784841607236,1,100,68,428.52
1784841607372,0,0,0,131.85
1784841607372,1,100,68,429.15
1784841607507,0,0,0,131.92
1784841607507,1,100,68,430.82
1784841607645,0,0,0,131.90
1784841607645,1,100,68,424.82
1784841607782,0,0,0,131.90
1784841607782,1,100,68,421.00
1784841607919,0,0,0,131.89
1784841607919,1,100,69,421.34
1784841608056,0,0,0,131.87
1784841608056,1,100,69,419.57
1784841608192,0,0,0,131.87
1784841608192,1,100,68,417.27
1784841608327,0,0,0,131.85
1784841608327,1,100,68,410.07
1784841608464,0,0,0,131.85
1784841608464,1,100,68,404.41
1784841608601,0,0,0,131.88
1784841608601,1,99,64,410.16
1784841608736,0,0,0,131.86
1784841608736,1,100,67,411.02
1784841608871,0,0,0,131.87
1784841608871,1,100,67,409.32
1784841609007,0,0,0,131.88
1784841609007,1,100,67,405.47
1784841609143,0,0,0,131.84
1784841609143,1,100,67,404.45
1784841609278,0,0,0,131.87
1784841609278,1,100,67,404.23
1784841609414,0,0,0,131.86
1784841609414,1,100,67,404.14
1784841609550,0,0,0,131.84
1784841609550,1,100,67,397.33
1784841609686,0,0,0,131.82
1784841609686,1,100,67,397.56
1784841609824,0,0,0,131.83
1784841609824,1,100,68,398.37
1784841609963,0,0,0,131.83
1784841609963,1,100,68,398.94
1784841610100,0,0,0,131.85
1784841610100,1,100,68,399.70
1784841610236,0,0,0,131.86
1784841610236,1,100,68,399.40
1784841610372,0,0,0,131.85
1784841610372,1,100,68,399.88
1784841610509,0,0,0,131.86
1784841610509,1,100,68,407.93
1784841610644,0,0,0,131.90
1784841610644,1,100,67,408.20
1784841610780,0,0,0,131.90
1784841610780,1,100,68,408.85
1784841610915,0,0,0,131.90
1784841610915,1,100,68,407.72
1784841611051,0,0,0,131.90
1784841611051,1,100,67,406.76
1784841611187,0,0,0,131.88
1784841611187,1,100,67,407.40
1784841611324,0,0,0,131.87
1784841611324,1,100,67,406.11
1784841611462,0,0,0,131.86
1784841611462,1,100,67,398.29
1784841611599,0,0,0,131.86
1784841611599,1,100,67,398.25
1784841611735,0,0,0,131.83
1784841611735,1,100,67,398.90
1784841611871,0,0,0,131.83
1784841611871,1,100,67,400.01
1784841612007,0,0,0,131.83
1784841612007,1,100,67,400.81
1784841612142,0,0,0,131.82
1784841612142,1,100,67,399.01
1784841612278,0,0,0,131.83
1784841612278,1,100,67,398.77
1784841612415,0,0,0,131.83
1784841612415,1,100,67,398.68
1784841612551,0,0,0,131.82
1784841612551,1,100,67,397.84
1784841612688,0,0,0,131.84
1784841612688,1,100,67,396.39
1784841612824,0,0,0,131.84
1784841612824,1,100,67,393.50
1784841612961,0,0,0,131.83
1784841612961,1,100,67,392.67
1784841613097,0,0,0,131.82
1784841613097,1,100,67,391.66
1784841613232,0,0,0,131.81
1784841613232,1,100,67,391.23
1784841613368,0,0,0,131.78
1784841613368,1,100,67,391.40
1784841613503,0,0,0,131.77
1784841613503,1,100,67,391.21
1784841613641,0,0,0,131.76
1784841613641,1,100,67,390.42
1784841613777,0,0,0,131.75
1784841613777,1,100,67,389.80
1784841613912,0,0,0,131.75
1784841613912,1,100,67,389.42
1784841614046,0,0,0,131.77
1784841614046,1,100,67,388.56
1784841614183,0,0,0,131.77
1784841614183,1,100,67,387.81
1784841614319,0,0,0,131.77
1784841614319,1,100,67,387.79
1784841614455,0,0,0,131.77
1784841614455,1,100,67,386.95
1784841614591,0,0,0,131.76
1784841614591,1,100,67,387.03
1784841614728,0,0,0,131.76
1784841614728,1,100,67,387.73
1784841614864,0,0,0,131.74
1784841614864,1,100,67,387.43
1784841614999,0,0,0,131.74
1784841614999,1,100,67,387.46
1784841615136,0,0,0,131.71
1784841615136,1,100,67,386.70
1784841615272,0,0,0,131.74
1784841615272,1,100,67,386.02
1784841615408,0,0,0,131.74
1784841615408,1,100,67,385.81
1784841615544,0,0,0,131.74
1784841615544,1,100,67,384.72
1784841615679,0,0,0,131.76
1784841615679,1,100,67,383.61
1784841615815,0,0,0,131.77
1784841615815,1,100,67,383.38
1784841615951,0,0,0,131.77
1784841615951,1,100,67,382.39
1784841616087,0,0,0,131.77
1784841616087,1,100,67,381.85
1784841616224,0,0,0,131.78
1784841616224,1,100,67,383.10
1784841616360,0,0,0,131.76
1784841616360,1,100,67,383.01
1784841616496,0,0,0,131.76
1784841616496,1,100,67,383.03
1784841616632,0,0,0,131.74
1784841616632,1,100,67,381.46
1784841616770,0,0,0,131.73
1784841616770,1,100,66,381.08
1784841616906,0,0,0,131.73
1784841616906,1,100,66,380.88
1784841617041,0,0,0,131.73
1784841617041,1,100,66,380.48
1784841617176,0,0,0,131.74
1784841617176,1,100,66,379.48
1784841617312,0,0,0,131.74
1784841617312,1,100,66,379.02
1784841617447,0,0,0,131.72
1784841617447,1,100,66,378.41
1784841617583,0,0,0,131.72
1784841617583,1,100,66,378.90
1784841617718,0,0,0,131.73
1784841617718,1,100,66,378.56
1784841617853,0,0,0,131.74
1784841617853,1,100,66,377.59
1784841617990,0,0,0,131.74
1784841617990,1,100,66,377.26
1784841618126,0,0,0,131.74
1784841618126,1,100,66,376.87
1784841618261,0,0,0,131.72
1784841618261,1,100,66,376.38
1784841618395,0,0,0,131.73
1784841618395,1,100,66,376.05
1784841618531,0,0,0,131.74
1784841618531,1,100,66,375.61
1784841618667,0,0,0,131.74
1784841618667,1,100,66,363.68
1784841618801,0,0,0,131.72
1784841618801,1,12,8,340.51
1784841618933,0,0,0,131.71
1784841618933,1,0,0,293.00
1784841619065,0,0,0,131.70
1784841619065,1,0,0,269.07
1784841619199,0,0,0,131.69
1784841619199,1,0,0,242.52
1784841619332,0,0,0,131.72
1784841619332,1,0,0,196.76
1784841619464,0,0,0,131.71
1784841619464,1,0,0,172.00
1784841619598,0,0,0,131.71
1784841619598,1,0,0,147.79
1784841619731,0,0,0,131.71
1784841619731,1,0,0,130.20
1784841619863,0,0,0,131.69
1784841619863,1,0,0,129.66
1784841619997,0,0,0,131.70
1784841619997,1,0,0,129.34
1784841620130,0,0,0,131.70
1784841620130,1,0,0,128.94
1784841620263,0,0,0,131.69
1784841620263,1,0,0,128.85
1784841620397,0,0,0,131.70
1784841620397,1,0,0,128.81
1784841620530,0,0,0,131.70
1784841620530,1,0,0,128.68
1784841620669,0,39,22,184.10
1784841620669,1,0,0,128.65
1784841620804,0,39,22,245.24
1784841620804,1,0,0,128.62
1784841620939,0,94,52,360.23
1784841620939,1,0,0,128.52
1784841621074,0,97,58,407.89
1784841621074,1,0,0,128.50
1784841621210,0,97,58,463.99
1784841621210,1,0,0,128.48
1784841621344,0,98,58,579.20
1784841621344,1,0,0,128.37
1784841621480,0,98,59,645.47
1784841621480,1,0,0,128.37
1784841621617,0,98,59,682.95
1784841621617,1,0,0,128.35
1784841621752,0,89,51,683.24
1784841621752,1,0,0,128.26
1784841621887,0,96,50,677.81
1784841621887,1,0,0,128.24
1784841622024,0,96,50,681.70
1784841622024,1,0,0,128.16
1784841622159,0,98,59,678.57
1784841622159,1,0,0,128.15
1784841622295,0,98,60,672.16
1784841622295,1,0,0,128.15
1784841622431,0,98,60,673.83
1784841622431,1,0,0,128.09
1784841622567,0,98,59,675.29
1784841622567,1,0,0,128.08
1784841622703,0,88,51,677.62
1784841622703,1,0,0,128.08
1784841622839,0,91,50,685.99
1784841622839,1,0,0,128.01
1784841622974,0,91,50,693.58
1784841622974,1,0,0,128.00
1784841623110,0,98,58,698.16
1784841623110,1,0,0,127.99
1784841623245,0,98,57,699.34
1784841623245,1,0,0,127.93
1784841623380,0,98,57,699.01
1784841623380,1,0,0,127.92
1784841623515,0,98,57,695.71
1784841623515,1,0,0,127.91
1784841623651,0,88,51,702.12
1784841623651,1,0,0,127.82
1784841623786,0,88,51,702.00
1784841623786,1,0,0,127.82
1784841623921,0,90,48,698.48
1784841623921,1,0,0,127.82
1784841624055,0,98,59,695.67
1784841624055,1,0,0,127.75
1784841624190,0,98,59,697.08
1784841624190,1,0,0,127.75
1784841624324,0,98,59,700.69
1784841624324,1,0,0,127.69
1784841624457,0,98,59,701.89
1784841624457,1,0,0,127.64
1784841624594,0,98,59,697.81
1784841624594,1,0,0,127.64
1784841624729,0,88,51,692.39
1784841624729,1,0,0,127.60
1784841624865,0,96,44,664.07
1784841624865,1,0,0,127.54
1784841625000,0,96,44,665.07
1784841625000,1,0,0,127.54
1784841625135,0,98,58,668.62
1784841625135,1,0,0,127.49
1784841625269,0,98,59,669.02
1784841625269,1,0,0,127.46
1784841625404,0,98,59,670.19
1784841625404,1,0,0,127.47
1784841625540,0,98,57,687.34
1784841625540,1,0,0,127.41
1784841625676,0,90,54,684.98
1784841625676,1,0,0,127.40
1784841625813,0,90,54,687.70
1784841625813,1,0,0,127.40
1784841625948,0,95,51,700.80
1784841625948,1,0,0,127.34
1784841626083,0,98,53,699.56
1784841626083,1,0,0,127.33
1784841626218,0,98,53,697.33
1784841626218,1,0,0,127.34
1784841626354,0,98,57,696.34
1784841626354,1,0,0,127.29
1784841626490,0,98,56,694.17
1784841626490,1,0,0,127.28
1784841626625,0,98,56,690.48
1784841626625,1,0,0,127.26
1784841626760,0,98,57,693.09
1784841626760,1,0,0,127.23
1784841626895,0,95,53,699.94
1784841626895,1,0,0,127.21
1784841627030,0,95,53,693.40
1784841627030,1,0,0,127.17
1784841627164,0,98,53,694.46
1784841627164,1,0,0,127.15
1784841627299,0,98,58,698.33
1784841627299,1,0,0,127.14
1784841627434,0,98,58,695.86
1784841627434,1,0,0,127.10
1784841627568,0,98,59,692.12
1784841627568,1,0,0,127.09
1784841627703,0,98,56,689.07
1784841627703,1,0,0,127.09
1784841627838,0,95,53,687.07
1784841627838,1,0,0,127.06
1784841627976,0,95,53,688.62
1784841627976,1,0,0,127.08
1784841628111,0,99,56,692.91
1784841628111,1,0,0,127.07
1784841628246,0,98,60,689.33
1784841628246,1,0,0,127.01
1784841628382,0,98,60,688.16
1784841628382,1,0,0,127.01
1784841628517,0,98,60,687.83
1784841628517,1,0,0,126.99
1784841628651,0,98,59,696.78
1784841628651,1,0,0,126.94
1784841628786,0,98,59,695.09
1784841628786,1,0,0,126.93
1784841628921,0,94,51,692.71
1784841628921,1,0,0,126.90
1784841629055,0,93,49,689.73
1784841629055,1,0,0,126.85
1784841629190,0,93,49,688.35
1784841629190,1,0,0,126.85
1784841629324,0,98,59,689.46
1784841629324,1,0,0,126.81
1784841629460,0,98,59,688.29
1784841629460,1,0,0,126.77
1784841629595,0,98,59,687.52
1784841629595,1,0,0,126.78
1784841629729,0,98,59,682.85
1784841629729,1,0,0,126.73
1784841629863,0,95,53,689.47
1784841629863,1,0,0,126.70
1784841629997,0,95,53,691.16
1784841629997,1,0,0,126.69
1784841630132,0,92,51,692.71
1784841630132,1,0,0,126.65
1784841630267,0,98,58,695.21
1784841630267,1,0,0,126.59
1784841630402,0,98,58,696.62
1784841630402,1,0,0,126.58
1784841630536,0,98,60,695.24
1784841630536,1,0,0,126.53
1784841630671,0,98,57,699.30
1784841630671,1,0,0,126.51
1784841630808,0,98,57,699.53
1784841630808,1,0,0,126.49
1784841630943,0,95,51,690.28
1784841630943,1,0,0,126.42
1784841631078,0,93,49,694.83
1784841631078,1,0,0,126.39
1784841631213,0,93,49,690.21
1784841631213,1,0,0,126.37
1784841631348,0,97,57,691.03
1784841631348,1,0,0,126.35
1784841631483,0,98,56,691.18
1784841631483,1,0,0,126.33
1784841631619,0,98,56,688.51
1784841631619,1,0,0,126.32
1784841631756,0,98,57,681.69
1784841631756,1,0,0,126.27
1784841631892,0,95,51,683.55
1784841631892,1,0,0,126.24
1784841632029,0,95,51,684.03
1784841632029,1,0,0,126.22
1784841632164,0,93,48,688.56
1784841632164,1,0,0,126.18
1784841632299,0,98,58,685.47
1784841632299,1,0,0,126.15
1784841632435,0,98,58,684.28
1784841632435,1,0,0,126.11
1784841632571,0,98,58,686.04
1784841632571,1,0,0,126.10
1784841632705,0,98,58,686.69
1784841632705,1,0,0,126.08
1784841632841,0,95,52,689.48
1784841632841,1,0,0,126.02
1784841632976,0,95,52,690.76
1784841632976,1,0,0,126.00
1784841633109,0,93,50,693.34
1784841633109,1,0,0,125.97
1784841633243,0,98,54,686.52
1784841633243,1,0,0,125.93
1784841633378,0,98,54,686.49
1784841633378,1,0,0,125.85
1784841633513,0,98,56,684.35
1784841633513,1,0,0,125.76
1784841633648,0,98,57,687.10
1784841633648,1,0,0,125.62
1784841633782,0,98,57,684.78
1784841633782,1,0,0,125.57
1784841633917,0,94,52,687.95
1784841633917,1,0,0,125.50
1784841634051,0,93,46,685.05
1784841634051,1,0,0,125.38
1784841634187,0,93,46,689.95
1784841634187,1,0,0,125.30
1784841634325,0,98,60,692.65
1784841634325,1,0,0,125.25
1784841634460,0,98,59,691.21
1784841634460,1,0,0,125.21
1784841634596,0,98,59,689.22
1784841634596,1,0,0,125.20
1784841634733,0,98,59,684.83
1784841634733,1,0,0,125.13
1784841634869,0,95,53,688.59
1784841634869,1,0,0,125.10
1784841635005,0,95,53,685.36
1784841635005,1,0,0,125.07
1784841635142,0,93,51,690.79
1784841635142,1,0,0,125.04
1784841635277,0,98,59,691.33
1784841635277,1,0,0,125.00
1784841635412,0,98,59,690.81
1784841635412,1,0,0,124.98
1784841635549,0,98,58,692.39
1784841635549,1,0,0,124.93
1784841635685,0,98,59,691.02
1784841635685,1,0,0,124.91
1784841635821,0,98,59,687.05
1784841635821,1,0,0,124.91
1784841635956,0,95,51,687.73
1784841635956,1,0,0,124.84
1784841636092,0,92,46,688.98
1784841636092,1,0,0,124.81
1784841636226,0,92,46,687.52
1784841636226,1,0,0,124.77
1784841636362,0,98,56,692.08
1784841636362,1,0,0,124.73
1784841636497,0,98,56,689.34
1784841636497,1,0,0,124.69
1784841636632,0,98,56,689.44
1784841636632,1,0,0,124.66
1784841636768,0,98,55,684.96
1784841636768,1,0,0,124.63
1784841636903,0,95,50,685.36
1784841636903,1,0,0,124.59
1784841637038,0,95,50,687.43
1784841637038,1,0,0,124.55
1784841637173,0,92,44,682.07
1784841637173,1,0,0,124.50
1784841637309,0,98,56,678.79
1784841637309,1,0,0,124.47
1784841637447,0,98,54,674.82
1784841637447,1,0,0,124.43
1784841637582,0,98,54,672.64
1784841637582,1,0,0,124.38
1784841637717,0,98,53,670.21
1784841637717,1,0,0,124.34
1784841637852,0,88,50,669.96
1784841637852,1,0,0,124.34
1784841637987,0,88,50,666.91
1784841637987,1,0,0,124.29
1784841638121,0,90,47,673.00
1784841638121,1,0,0,124.27
1784841638256,0,98,57,677.37
1784841638256,1,0,0,124.23
1784841638391,0,98,57,681.35
1784841638391,1,0,0,124.19
1784841638529,0,98,57,681.44
1784841638529,1,0,0,124.16
1784841638665,0,98,56,687.68
1784841638665,1,0,0,124.14
1784841638801,0,98,56,686.05
1784841638801,1,0,0,124.10
1784841638936,0,89,51,686.13
1784841638936,1,0,0,124.07
1784841639072,0,96,50,686.18
1784841639072,1,0,0,124.03
1784841639207,0,96,50,680.55
1784841639207,1,0,0,124.01
1784841639343,0,98,57,681.47
1784841639343,1,0,0,123.98
1784841639477,0,98,58,678.83
1784841639477,1,0,0,123.95
1784841639614,0,98,58,682.18
1784841639614,1,0,0,123.93
1784841639749,0,98,57,690.56
1784841639749,1,0,0,123.90
1784841639884,0,89,52,696.20
1784841639884,1,0,0,123.87
1784841640019,0,89,52,691.52
1784841640019,1,0,0,123.86
1784841640152,0,95,50,687.90
1784841640152,1,0,0,123.83
1784841640285,0,98,57,685.30
1784841640285,1,0,0,123.80
1784841640420,0,98,57,687.49
1784841640420,1,0,0,123.79
1784841640555,0,98,56,691.59
1784841640555,1,0,0,123.76
1784841640691,0,98,56,689.92
1784841640691,1,0,0,123.73
1784841640826,0,98,56,686.10
1784841640826,1,0,0,123.71
1784841640962,0,90,52,683.98
1784841640962,1,0,0,123.71
1784841641096,0,95,51,686.33
1784841641096,1,0,0,123.66
1784841641233,0,95,51,683.09
1784841641233,1,0,0,123.65
1784841641368,0,98,57,685.75
1784841641368,1,0,0,123.63
1784841641504,0,98,57,684.84
1784841641504,1,0,0,123.59
1784841641638,0,98,57,681.08
1784841641638,1,0,0,123.56
1784841641773,0,98,57,688.84
1784841641773,1,0,0,123.53
1784841641907,0,90,52,685.28
1784841641907,1,0,0,123.49
1784841642042,0,90,52,688.93
1784841642042,1,0,0,123.45
1784841642177,0,95,52,694.50
1784841642177,1,0,0,123.42
1784841642311,0,98,59,689.88
1784841642311,1,0,0,123.38
1784841642447,0,98,59,688.51
1784841642447,1,0,0,123.36
1784841642583,0,98,59,687.76
1784841642583,1,0,0,123.32
1784841642717,0,98,59,688.53
1784841642717,1,0,0,123.29
1784841642853,0,89,53,694.24
1784841642853,1,0,0,123.26
1784841642988,0,89,53,690.70
1784841642988,1,0,0,123.25
1784841643121,0,95,50,689.70
1784841643121,1,0,0,123.22
1784841643256,0,98,56,687.34
1784841643256,1,0,0,123.16
1784841643391,0,98,56,688.73
1784841643391,1,0,0,123.14
1784841643526,0,98,56,691.80
1784841643526,1,0,0,123.11
1784841643661,0,98,56,695.45
1784841643661,1,0,0,123.06
1784841643797,0,98,56,697.13
1784841643797,1,0,0,123.06
1784841643932,0,85,50,689.27
1784841643932,1,0,0,123.01
1784841644068,0,95,52,693.58
1784841644068,1,0,0,122.98
1784841644204,0,95,52,695.92
1784841644204,1,0,0,122.98
1784841644339,0,98,55,699.46
1784841644339,1,0,0,122.92
1784841644475,0,98,59,692.32
1784841644475,1,0,0,122.90
1784841644610,0,98,59,692.68
1784841644610,1,0,0,122.93
1784841644745,0,98,59,690.06
1784841644745,1,0,0,122.89
1784841644881,0,96,58,689.46
1784841644881,1,0,0,122.86
1784841645016,0,96,58,687.79
1784841645016,1,0,0,122.89
1784841645151,0,95,51,683.69
1784841645151,1,0,0,122.86
1784841645288,0,98,53,679.26
1784841645288,1,0,0,122.85
1784841645423,0,98,53,682.57
1784841645423,1,0,0,122.88
1784841645558,0,98,59,679.85
1784841645558,1,0,0,122.83
1784841645692,0,98,59,678.71
1784841645692,1,0,0,122.81
1784841645827,0,98,59,681.76
1784841645827,1,0,0,122.82
1784841645963,0,92,55,686.26
1784841645963,1,0,0,122.77
1784841646098,0,94,52,684.97
1784841646098,1,0,0,122.77
1784841646234,0,94,52,693.96
1784841646234,1,0,0,122.75
1784841646377,0,98,54,695.40
1784841646377,1,0,0,122.75
1784841646511,0,98,57,696.24
1784841646511,1,0,0,122.74
1784841646646,0,98,57,693.51
1784841646646,1,0,0,122.70
1784841646781,0,98,56,693.71
1784841646781,1,0,0,122.70
1784841646915,0,98,56,693.98
1784841646915,1,0,0,122.69
1784841647052,0,95,54,693.23
1784841647052,1,0,0,122.64
1784841647188,0,95,54,694.50
1784841647188,1,0,0,122.61
1784841647323,0,98,54,693.51
1784841647323,1,0,0,122.61
1784841647460,0,98,61,696.02
1784841647460,1,0,0,122.59
1784841647596,0,98,61,695.94
1784841647596,1,0,0,122.59
1784841647731,0,98,60,697.27
1784841647731,1,0,0,122.56
1784841647866,0,98,58,692.63
1784841647866,1,0,0,122.55
1784841648002,0,98,58,691.26
1784841648002,1,0,0,122.56
1784841648137,0,95,51,691.33
1784841648137,1,0,0,122.55
1784841648273,0,98,51,693.32
1784841648273,1,0,0,122.53
1784841648410,0,98,51,697.60
1784841648410,1,0,0,122.53
1784841648545,0,98,56,695.51
1784841648545,1,0,0,122.50
1784841648679,0,98,57,694.61
1784841648679,1,0,0,122.48
1784841648814,0,98,57,693.32
1784841648814,1,0,0,122.45
1784841648949,0,98,55,690.77
1784841648949,1,0,0,122.42
1784841649084,0,77,42,645.72
1784841649084,1,0,0,122.40
1784841649217,0,77,42,594.06
1784841649217,1,0,0,122.40
1784841649352,0,0,0,482.62
1784841649352,1,0,0,122.36
1784841649486,0,12,7,465.28
1784841649486,1,0,0,122.32
1784841649621,0,12,7,469.61
1784841649621,1,0,0,122.25
1784841649756,0,93,50,461.48
1784841649756,1,0,0,122.15
1784841649892,0,98,58,472.45
1784841649892,1,0,0,122.09
1784841650027,0,98,58,471.41
1784841650027,1,0,0,122.04
1784841650161,0,98,60,566.78
1784841650161,1,0,0,121.96
1784841650296,0,98,59,617.66
1784841650296,1,0,0,121.90
1784841650429,0,98,59,684.04
1784841650429,1,0,0,121.85
1784841650562,0,94,50,688.30
1784841650562,1,0,0,121.82
1784841650697,0,93,45,686.20
1784841650697,1,0,0,121.86
1784841650831,0,93,45,683.52
1784841650831,1,0,0,121.80
1784841650966,0,98,58,685.91
1784841650966,1,0,0,121.79
1784841651101,0,98,57,681.29
1784841651101,1,0,0,121.76
1784841651236,0,98,57,680.43
1784841651236,1,0,0,121.73
1784841651369,0,98,57,679.52
1784841651369,1,0,0,121.73
1784841651504,0,95,51,685.26
1784841651504,1,0,0,121.72
1784841651639,0,95,51,683.82
1784841651639,1,0,0,121.72
1784841651774,0,93,45,683.75
1784841651774,1,0,0,121.72
1784841651908,0,98,58,683.75
1784841651908,1,0,0,121.71
1784841652044,0,98,58,682.02
1784841652044,1,0,0,121.73
1784841652178,0,98,58,685.72
1784841652178,1,0,0,121.72
1784841652314,0,98,58,684.70
1784841652314,1,0,0,121.70
1784841652451,0,95,52,682.43
1784841652451,1,0,0,121.70
1784841652587,0,95,52,685.07
1784841652587,1,0,0,121.67
1784841652724,0,93,48,689.49
1784841652724,1,0,0,121.64
1784841652862,0,98,58,686.79
1784841652862,1,0,0,121.63
1784841652997,0,98,58,687.02
1784841652997,1,0,0,121.61
1784841653132,0,98,57,687.73
1784841653132,1,0,0,121.60
1784841653267,0,98,54,681.17
1784841653267,1,0,0,121.60
1784841653402,0,98,54,671.12
1784841653402,1,0,0,121.58
1784841653538,0,95,52,671.27
1784841653538,1,0,0,121.60
1784841653673,0,92,44,675.33
1784841653673,1,0,0,121.59
1784841653809,0,92,44,677.38
1784841653809,1,0,0,121.57
1784841653944,0,98,56,678.24
1784841653944,1,0,0,121.55
1784841654079,0,98,55,680.44
1784841654079,1,0,0,121.53
1784841654215,0,98,55,684.90
1784841654215,1,0,0,121.52
1784841654350,0,98,54,683.83
1784841654350,1,0,0,121.48
1784841654484,0,88,50,681.80
1784841654484,1,0,0,121.46
1784841654620,0,88,50,682.83
1784841654620,1,0,0,121.46
1784841654756,0,93,49,673.49
1784841654756,1,0,0,121.45
1784841654892,0,98,60,675.56
1784841654892,1,0,0,121.46
1784841655028,0,98,60,670.56
1784841655028,1,0,0,121.43
1784841655164,0,98,61,664.03
1784841655164,1,0,0,121.42
1784841655298,0,98,60,670.46
1784841655298,1,0,0,121.42
1784841655434,0,98,60,682.45
1784841655434,1,0,0,121.43
1784841655569,0,88,51,689.84
1784841655569,1,0,0,121.40
1784841655703,0,91,48,691.40
1784841655703,1,0,0,121.42
1784841655839,0,91,48,696.84
1784841655839,1,0,0,121.39
1784841655975,0,98,59,698.91
1784841655975,1,0,0,121.36
1784841656111,0,98,58,698.80
1784841656111,1,0,0,121.38
1784841656246,0,98,58,702.06
1784841656246,1,0,0,121.33
1784841656381,0,98,58,694.32
1784841656381,1,0,0,121.32
1784841656517,0,89,51,689.51
1784841656517,1,0,0,121.31
1784841656652,0,89,51,689.60
1784841656652,1,0,0,121.25
1784841656788,0,91,48,690.84
1784841656788,1,0,0,121.24
1784841656923,0,98,58,693.21
1784841656923,1,0,0,121.23
1784841657058,0,98,60,691.21
1784841657058,1,0,0,121.20
1784841657193,0,98,60,691.36
1784841657193,1,0,0,121.20
1784841657328,0,98,58,693.51
1784841657328,1,0,0,121.21
1784841657463,0,88,51,694.45
1784841657463,1,0,0,121.19
1784841657599,0,88,51,692.99
1784841657599,1,0,0,121.22
1784841657735,0,96,50,690.68
1784841657735,1,0,0,121.20
1784841657871,0,98,59,684.41
1784841657871,1,0,0,121.20
1784841658007,0,98,59,683.47
1784841658007,1,0,0,121.21
1784841658143,0,98,60,683.62
1784841658143,1,0,0,121.19
1784841658278,0,98,59,680.04
1784841658278,1,0,0,121.21
1784841658414,0,98,59,681.31
1784841658414,1,0,0,121.22
1784841658550,0,87,49,683.19
1784841658550,1,0,0,121.18
1784841658685,0,91,47,684.69
1784841658685,1,0,0,121.19
1784841658820,0,91,47,691.05
1784841658820,1,0,0,121.19
1784841658954,0,98,56,692.87
1784841658954,1,0,0,121.18
1784841659089,0,98,57,691.22
1784841659089,1,0,0,121.20
1784841659223,0,98,57,689.27
1784841659223,1,0,0,121.18
1784841659357,0,98,56,688.87
1784841659357,1,0,0,121.14
1784841659492,0,89,52,688.31
1784841659492,1,0,0,121.16
1784841659628,0,89,52,693.35
1784841659628,1,0,0,121.16
1784841659763,0,96,51,696.48
1784841659763,1,0,0,121.18
1784841659900,0,98,59,691.90
1784841659900,1,0,0,121.16
1784841660035,0,98,59,693.08
1784841660035,1,0,0,121.14
1784841660170,0,98,59,696.81
1784841660170,1,0,0,121.14
1784841660305,0,98,60,696.74
1784841660305,1,0,0,121.12
1784841660439,0,98,60,694.26
1784841660439,1,0,0,121.10
1784841660574,0,86,50,689.93
1784841660574,1,0,0,121.11
1784841660711,0,96,50,688.94
1784841660711,1,0,0,121.08
1784841660847,0,96,50,685.12
1784841660847,1,0,0,121.08
1784841660982,0,98,57,689.11
1784841660982,1,0,0,121.07
1784841661116,0,98,57,688.75
1784841661116,1,0,0,121.05
1784841661253,0,98,57,689.31
1784841661253,1,0,0,121.05
1784841661389,0,98,57,693.09
1784841661389,1,0,0,121.03
1784841661524,0,89,51,700.29
1784841661524,1,0,0,121.02
1784841661658,0,95,52,693.76
1784841661658,1,0,0,121.01
1784841661793,0,95,52,697.31
1784841661793,1,0,0,121.00
1784841661930,0,98,57,692.83
1784841661930,1,0,0,120.99
1784841662064,0,98,56,694.89
1784841662064,1,0,0,120.98
1784841662199,0,98,56,697.30
1784841662199,1,0,0,120.98
1784841662334,0,98,55,696.49
1784841662334,1,0,0,120.97
1784841662468,0,90,50,684.04
1784841662468,1,0,0,120.94
1784841662603,0,90,50,681.30
1784841662603,1,0,0,120.96
1784841662738,0,95,51,684.53
1784841662738,1,0,0,120.94
1784841662873,0,98,58,681.39
1784841662873,1,0,0,120.93
1784841663013,0,98,58,678.44
1784841663013,1,0,0,120.92
1784841663148,0,98,58,677.97
1784841663148,1,0,0,120.87
1784841663283,0,98,58,676.16
1784841663283,1,0,0,120.88
1784841663418,0,98,58,681.04
1784841663418,1,0,0,120.89
1784841663553,0,90,54,685.14
1784841663553,1,0,0,120.84
1784841663688,0,95,52,683.87
1784841663688,1,0,0,120.83
1784841663822,0,95,52,684.27
1784841663822,1,0,0,120.85
1784841663957,0,98,58,684.03
1784841663957,1,0,0,120.83
1784841664093,0,98,58,685.05
1784841664093,1,0,0,120.81
1784841664228,0,98,58,680.07
1784841664228,1,0,0,120.84
1784841664363,0,98,59,682.54
1784841664363,1,0,0,120.85
1784841664498,0,90,54,682.11
1784841664498,1,0,0,120.86
1784841664632,0,90,54,684.59
1784841664632,1,0,0,120.83
1784841664768,0,95,52,684.99
1784841664768,1,0,0,120.84
1784841664904,0,98,55,685.04
1784841664904,1,0,0,120.83
1784841665040,0,98,55,679.40
1784841665040,1,0,0,120.82
1784841665178,0,98,59,679.19
1784841665178,1,0,0,120.82
1784841665314,0,98,59,680.48
1784841665314,1,0,0,120.80
1784841665449,0,98,59,676.05
1784841665449,1,0,0,120.77
1784841665584,0,90,56,681.07
1784841665584,1,0,0,120.78
1784841665719,0,95,52,680.64
1784841665719,1,0,0,120.77
1784841665854,0,95,52,683.99
1784841665854,1,0,0,120.76
1784841665990,0,98,56,688.99
1784841665990,1,0,0,120.75
1784841666126,0,98,57,683.64
1784841666126,1,0,0,120.75
1784841666261,0,98,56,685.41
1784841666261,1,0,0,120.75
1784841666396,0,98,56,687.98
1784841666396,1,0,0,120.73
1784841666530,0,98,57,687.77
1784841666530,1,0,0,120.73
1784841666665,0,95,51,690.86
1784841666665,1,0,0,120.74
1784841666802,0,95,51,687.18
1784841666802,1,0,0,120.74
1784841666937,0,98,51,687.03
1784841666937,1,0,0,120.73
1784841667075,0,98,58,691.17
1784841667075,1,0,0,120.71
1784841667208,0,98,58,692.34
1784841667208,1,0,0,120.69
1784841667342,0,98,59,690.72
1784841667342,1,0,0,120.72
1784841667478,0,98,57,692.31
1784841667478,1,0,0,120.70
1784841667614,0,98,57,693.22
1784841667614,1,0,0,120.70
1784841667748,0,95,51,692.34
1784841667748,1,0,0,120.66
1784841667883,0,98,51,695.20
1784841667883,1,0,0,120.64
1784841668018,0,98,51,695.81
1784841668018,1,0,0,120.64
1784841668163,0,98,58,695.05
1784841668163,1,0,0,120.62
1784841668297,0,98,57,694.28
1784841668297,1,0,0,120.61
1784841668433,0,98,57,692.13
1784841668433,1,0,0,120.62
1784841668569,0,98,57,686.15
1784841668569,1,0,0,120.58
1784841668705,0,95,51,691.11
1784841668705,1,0,0,120.57
1784841668841,0,95,51,689.08
1784841668841,1,0,0,120.58
1784841668976,0,98,52,691.63
1784841668976,1,0,0,120.54
1784841669111,0,98,57,690.70
1784841669111,1,0,0,120.55
1784841669246,0,98,57,689.08
1784841669246,1,0,0,120.54
1784841669381,0,98,57,691.95
1784841669381,1,0,0,120.53
1784841669516,0,98,56,694.59
1784841669516,1,0,0,120.53
1784841669651,0,98,56,694.84
1784841669651,1,0,0,120.52
1784841669785,0,95,50,695.43
1784841669785,1,0,0,120.53
1784841669919,0,93,50,691.89
1784841669919,1,0,0,120.55
1784841670053,0,93,50,688.99
1784841670053,1,0,0,120.55
1784841670188,0,98,58,688.89
1784841670188,1,0,0,120.55
1784841670323,0,98,59,690.25
1784841670323,1,0,0,120.53
1784841670458,0,98,59,688.86
1784841670458,1,0,0,120.51
1784841670592,0,98,58,686.38
1784841670592,1,0,0,120.51
1784841670727,0,95,51,692.03
1784841670727,1,0,0,120.50
1784841670865,0,93,48,684.32
1784841670865,1,0,0,120.47
1784841670998,0,93,48,687.64
1784841670998,1,0,0,120.49
1784841671133,0,98,57,686.75
1784841671133,1,0,0,120.48
1784841671268,0,98,57,684.77
1784841671268,1,0,0,120.51
1784841671406,0,98,57,684.28
1784841671406,1,0,0,120.51
1784841671541,0,98,56,680.61
1784841671541,1,0,0,120.51
1784841671675,0,95,50,681.56
1784841671675,1,0,0,120.52
1784841671810,0,95,50,683.57
1784841671810,1,0,0,120.53
1784841671946,0,93,47,687.24
1784841671946,1,0,0,120.52
1784841672080,0,98,56,685.16
1784841672080,1,0,0,120.51
1784841672214,0,98,56,687.07
1784841672214,1,0,0,120.50
1784841672350,0,98,56,690.29
1784841672350,1,0,0,120.53
1784841672486,0,98,57,688.49
1784841672486,1,0,0,120.52
1784841672621,0,98,57,687.28
1784841672621,1,0,0,120.53
1784841672755,0,95,51,691.61
1784841672755,1,0,0,120.51
1784841672889,0,93,45,688.73
1784841672889,1,0,0,120.48
1784841673025,0,93,45,689.06
1784841673025,1,0,0,120.50
1784841673159,0,98,56,691.54
1784841673159,1,0,0,120.48
1784841673294,0,98,56,689.84
1784841673294,1,0,0,120.48
1784841673429,0,98,56,688.65
1784841673429,1,0,0,120.48
1784841673565,0,98,56,687.51
1784841673565,1,0,0,120.46
1784841673701,0,95,50,686.99
1784841673701,1,0,0,120.47
1784841673837,0,95,50,686.47
1784841673837,1,0,0,120.48
1784841673973,0,92,43,682.88
1784841673973,1,0,0,120.48
1784841674109,0,98,56,682.66
1784841674109,1,0,0,120.48
1784841674244,0,98,56,682.79
1784841674244,1,0,0,120.48
1784841674380,0,98,56,686.75
1784841674380,1,0,0,120.47
1784841674515,0,98,56,691.85
1784841674515,1,0,0,120.48
1784841674650,0,98,56,688.27
1784841674650,1,0,0,120.45
1784841674786,0,90,50,684.61
1784841674786,1,0,0,120.43
1784841674922,0,91,46,681.51
1784841674922,1,0,0,120.45
1784841675058,0,91,46,683.15
1784841675058,1,0,0,120.41
1784841675193,0,98,58,679.72
1784841675193,1,0,0,120.39
1784841675329,0,98,59,683.91
1784841675329,1,0,0,120.39
1784841675465,0,98,58,681.10
1784841675465,1,0,0,120.37
1784841675600,0,98,58,680.25
1784841675600,1,0,0,120.39
1784841675736,0,88,49,685.09
1784841675736,1,0,0,120.40
1784841675871,0,92,49,687.27
1784841675871,1,0,0,120.38
1784841676006,0,92,49,686.32
1784841676006,1,0,0,120.37
1784841676142,0,98,59,686.98
1784841676142,1,0,0,120.37
1784841676278,0,98,59,685.53
1784841676278,1,0,0,120.36
1784841676414,0,98,59,687.67
1784841676414,1,0,0,120.36
1784841676552,0,98,58,688.98
1784841676552,1,0,0,120.33
1784841676688,0,87,50,694.81
1784841676688,1,0,0,120.31
1784841676823,0,87,50,686.40
1784841676823,1,0,0,120.29
1784841676958,0,95,40,681.16
1784841676958,1,0,0,120.29
1784841677095,0,98,59,680.12
1784841677095,1,0,0,120.28
1784841677231,0,98,59,681.56
1784841677231,1,0,0,120.28
1784841677367,0,98,59,682.85
1784841677367,1,0,0,120.28
1784841677503,0,98,59,684.63
1784841677503,1,0,0,120.28
1784841677637,0,98,59,685.81
1784841677637,1,0,0,120.31
1784841677772,0,89,53,677.02
1784841677772,1,0,0,120.31
1784841677906,0,95,51,690.82
1784841677906,1,0,0,120.32
1784841678041,0,95,51,691.33
1784841678041,1,0,0,120.34
1784841678176,0,98,59,688.61
1784841678176,1,0,0,120.34
1784841678311,0,98,58,692.09
1784841678311,1,0,0,120.35
1784841678447,0,98,58,688.66
1784841678447,1,0,0,120.35
1784841678582,0,98,60,685.79
1784841678582,1,0,0,120.34
1784841678718,0,89,53,684.63
1784841678718,1,0,0,120.35
1784841678854,0,89,53,689.47
1784841678854,1,0,0,120.32
1784841678988,0,95,52,691.67
1784841678988,1,0,0,120.33
1784841679124,0,98,58,691.93
1784841679124,1,0,0,120.35
1784841679260,0,98,58,688.46
1784841679260,1,0,0,120.34
1784841679395,0,98,59,688.58
1784841679395,1,0,0,120.32
1784841679530,0,98,59,686.40
1784841679530,1,0,0,120.32
1784841679663,0,98,59,691.56
1784841679663,1,0,0,120.33
1784841679799,0,89,53,689.92
1784841679799,1,0,0,120.32
1784841679933,0,95,51,690.40
1784841679933,1,0,0,120.32
1784841680068,0,98,57,688.82
1784841680068,1,0,0,120.30
1784841680206,0,98,57,690.15
1784841680206,1,0,0,120.27
1784841680341,0,98,57,690.05
1784841680341,1,0,0,120.26
1784841680476,0,98,58,685.73
1784841680476,1,0,0,120.27
1784841680611,0,98,58,684.92
1784841680611,1,0,0,120.27
1784841680746,0,90,53,683.42
1784841680746,1,0,0,120.26
1784841680881,0,95,52,687.45
1784841680881,1,0,0,120.26
1784841681017,0,95,52,690.12
1784841681017,1,0,0,120.27
1784841681153,0,98,58,693.11
1784841681153,1,0,0,120.32
1784841681289,0,98,58,694.61
1784841681289,1,0,0,120.29
1784841681424,0,98,58,694.47
1784841681424,1,0,0,120.29
1784841681560,0,98,58,694.40
1784841681560,1,0,0,120.28
1784841681694,0,90,54,692.48
1784841681694,1,0,0,120.26
1784841681829,0,90,54,688.72
1784841681829,1,0,0,120.25
1784841681966,0,95,52,688.51
1784841681966,1,0,0,120.24
1784841682102,0,98,57,689.13
1784841682102,1,0,0,120.23
1784841682238,0,98,57,691.79
1784841682238,1,0,0,120.17
1784841682373,0,98,57,687.76
1784841682373,1,0,0,120.16
1784841682508,0,98,57,689.48
1784841682508,1,0,0,120.18
1784841682643,0,98,57,685.58
1784841682643,1,0,0,120.16
1784841682778,0,97,55,684.47
1784841682778,1,0,0,120.18
1784841682913,0,95,51,687.20
1784841682913,1,0,0,120.18
1784841683047,0,95,51,681.59
1784841683047,1,0,0,120.14
1784841683183,0,98,52,682.09
1784841683183,1,0,0,120.18
1784841683317,0,98,56,683.47
1784841683317,1,0,0,120.19
1784841683453,0,98,56,682.93
1784841683453,1,0,0,120.20
1784841683589,0,98,57,685.01
1784841683589,1,0,0,120.21
1784841683722,0,98,54,685.81
1784841683722,1,0,0,120.19
1784841683860,0,98,54,682.49
1784841683860,1,0,0,120.19
1784841683994,0,94,51,683.55
1784841683994,1,0,0,120.20
1784841684130,0,98,53,683.80
1784841684130,1,0,0,120.18
1784841684264,0,98,53,678.69
1784841684264,1,0,0,120.18
1784841684398,0,98,59,683.34
1784841684398,1,0,0,120.15
1784841684537,0,98,59,682.08
1784841684537,1,0,0,120.12
1784841684673,0,98,58,687.71
1784841684673,1,0,0,120.15
1784841684808,0,98,58,689.42
1784841684808,1,0,0,120.14
1784841684943,0,95,52,694.91
1784841684943,1,0,0,120.13
1784841685078,0,98,52,694.92
1784841685078,1,0,0,120.14
1784841685214,0,98,52,697.31
1784841685214,1,0,0,120.12
1784841685348,0,98,58,695.55
1784841685348,1,0,0,120.15
1784841685482,0,98,58,694.55
1784841685482,1,0,0,120.15
1784841685618,0,98,58,692.21
1784841685618,1,0,0,120.16
1784841685755,0,98,56,693.07
1784841685755,1,0,0,120.16
1784841685890,0,89,49,645.39
1784841685890,1,0,0,120.14
1784841686023,0,89,49,594.26
1784841686023,1,0,0,120.16
1784841686156,0,0,0,536.39
1784841686156,1,0,0,120.14
1784841686289,0,0,0,471.50
1784841686289,1,0,0,120.12
1784841686422,0,0,0,468.24
1784841686422,1,0,0,120.12
1784841686558,0,92,48,460.36
1784841686558,1,0,0,120.09
1784841686693,0,98,57,472.71
1784841686693,1,0,0,120.11
1784841686829,0,98,57,464.51
1784841686829,1,0,0,120.11
1784841686963,0,98,57,515.70
1784841686963,1,0,0,120.10
1784841687098,0,98,56,627.00
1784841687098,1,0,0,120.14
1784841687239,0,98,56,659.09
1784841687239,1,0,0,120.96
1784841687376,0,81,82,581.78
1784841687376,1,2,2,134.03
1784841687510,0,67,7,533.84
1784841687510,1,2,2,140.92
1784841687643,0,67,7,476.21
1784841687643,1,8,7,140.95
1784841687777,0,0,0,370.52
1784841687777,1,0,0,140.95
1784841687910,0,0,0,314.11
1784841687910,1,0,0,140.69
1784841688051,0,0,0,258.68
1784841688051,1,5,1,154.99
1784841688188,0,72,11,169.46
1784841688188,1,50,28,190.29
1784841688323,0,0,0,157.74
1784841688323,1,50,28,234.83
1784841688459,0,0,0,146.55
1784841688459,1,98,60,325.23
1784841688595,0,0,0,143.56
1784841688595,1,99,48,388.05
1784841688732,0,0,0,143.07
1784841688732,1,99,48,433.54
1784841688869,0,0,0,142.28
1784841688869,1,93,52,546.73
1784841689005,0,0,0,140.27
1784841689005,1,100,48,603.46
1784841689140,0,0,0,139.13
1784841689140,1,99,57,679.09
1784841689277,0,0,0,138.76
1784841689277,1,99,57,681.09
1784841689414,0,0,0,138.59
1784841689414,1,97,47,694.41
1784841689552,0,0,0,138.46
1784841689552,1,90,54,670.56
1784841689689,0,0,0,138.20
1784841689689,1,90,54,676.81
1784841689826,0,0,0,138.09
1784841689826,1,100,60,677.74
1784841689964,0,0,0,137.99
1784841689964,1,100,50,670.90
1784841690099,0,0,0,137.78
1784841690099,1,100,50,667.96
1784841690235,0,0,0,137.65
1784841690235,1,96,59,664.36
1784841690371,0,0,0,137.49
1784841690371,1,100,60,660.78
1784841690517,0,0,0,137.38
1784841690517,1,100,60,668.97
1784841690654,0,0,0,137.30
1784841690654,1,99,53,676.04
1784841690790,0,0,0,137.14
1784841690790,1,97,53,659.19
1784841690926,0,0,0,137.08
1784841690926,1,97,53,644.84
1784841691062,0,0,0,136.99
1784841691062,1,94,59,642.47
1784841691199,0,0,0,136.86
1784841691199,1,100,70,632.99
1784841691334,0,0,0,136.79
1784841691334,1,100,70,633.93
1784841691469,0,0,0,136.66
1784841691469,1,99,61,620.32
1784841691606,0,0,0,136.61
1784841691606,1,99,63,607.99
1784841691743,0,0,0,136.56
1784841691743,1,99,62,598.07
1784841691880,0,0,0,136.46
1784841691880,1,99,62,587.57
1784841692016,0,0,0,136.39
1784841692016,1,98,64,579.03
1784841692153,0,0,0,136.30
1784841692153,1,99,65,565.84
1784841692287,0,0,0,136.19
1784841692287,1,99,65,564.56
1784841692424,0,0,0,136.14
1784841692424,1,100,55,558.62
1784841692559,0,0,0,136.08
1784841692559,1,100,66,546.40
1784841692697,0,0,0,135.99
1784841692697,1,100,66,541.60
1784841692834,0,0,0,135.85
1784841692834,1,100,65,531.09
1784841692973,0,0,0,135.55
1784841692973,1,100,68,517.08
1784841693112,0,0,0,135.46
1784841693112,1,100,68,507.28
1784841693250,0,0,0,135.34
1784841693250,1,100,65,503.89
1784841693386,0,0,0,135.11
1784841693386,1,100,66,489.63
1784841693521,0,0,0,135.02
1784841693521,1,100,66,491.91
1784841693658,0,0,0,134.90
1784841693658,1,100,66,486.31
1784841693794,0,0,0,134.68
1784841693794,1,100,69,496.93
1784841693931,0,0,0,134.71
1784841693931,1,100,69,501.46
1784841694067,0,0,0,134.70
1784841694067,1,97,61,515.10
1784841694203,0,0,0,134.64
1784841694203,1,98,60,513.05
1784841694340,0,0,0,134.60
1784841694340,1,98,60,526.97
1784841694476,0,0,0,134.55
1784841694476,1,100,68,533.11
1784841694612,0,0,0,134.55
1784841694612,1,96,59,531.31
1784841694748,0,0,0,134.53
1784841694748,1,94,59,541.69
1784841694884,0,0,0,134.47
1784841694884,1,94,59,536.94
1784841695019,0,0,0,134.42
1784841695019,1,96,58,538.71
1784841695157,0,0,0,134.40
1784841695157,1,98,57,539.48
1784841695294,0,0,0,134.37
1784841695294,1,98,57,533.28
1784841695431,0,0,0,134.35
1784841695431,1,99,61,533.84
1784841695567,0,0,0,134.34
1784841695567,1,97,60,536.26
1784841695704,0,0,0,134.27
1784841695704,1,97,60,523.81
1784841695840,0,0,0,134.26
1784841695840,1,95,46,536.24
1784841695978,0,0,0,134.24
1784841695978,1,96,57,534.22
1784841696114,0,0,0,134.21
1784841696114,1,96,57,549.97
1784841696251,0,0,0,134.17
1784841696251,1,94,57,558.98
1784841696388,0,0,0,134.12
1784841696388,1,97,56,581.26
1784841696525,0,0,0,134.11
1784841696525,1,97,56,583.40
1784841696663,0,0,0,134.09
1784841696663,1,95,58,592.33
1784841696799,0,0,0,134.08
1784841696799,1,97,61,580.78
1784841696936,0,0,0,134.04
1784841696936,1,97,61,585.70
1784841697073,0,0,0,134.02
1784841697073,1,97,61,581.32
1784841697210,0,0,0,134.00
1784841697210,1,99,66,574.48
1784841697345,0,0,0,133.99
1784841697345,1,97,63,545.09
1784841697482,0,0,0,133.96
1784841697482,1,97,63,542.30
1784841697618,0,0,0,133.93
1784841697618,1,99,64,535.23
1784841697754,0,0,0,133.93
1784841697754,1,99,59,552.15
1784841697891,0,0,0,133.89
1784841697891,1,99,59,548.12
1784841698028,0,0,0,133.88
1784841698028,1,95,58,545.70
1784841698164,0,0,0,133.85
1784841698164,1,99,61,530.88
1784841698301,0,0,0,133.85
1784841698301,1,99,61,532.50
1784841698436,0,0,0,133.83
1784841698436,1,98,62,542.35
1784841698571,0,0,0,133.82
1784841698571,1,95,50,564.78
1784841698708,0,0,0,133.80
1784841698708,1,95,50,563.97
1784841698844,0,0,0,133.78
1784841698844,1,100,58,574.65
1784841698981,0,0,0,133.74
1784841698981,1,100,67,564.46
1784841699117,0,0,0,133.74
1784841699117,1,100,67,574.39
1784841699254,0,0,0,133.72
1784841699254,1,98,63,574.79
1784841699391,0,0,0,133.69
1784841699391,1,97,52,586.82
1784841699528,0,0,0,133.66
1784841699528,1,97,52,584.68
1784841699664,0,0,0,133.65
1784841699664,1,99,63,568.94
1784841699801,0,0,0,133.63
1784841699801,1,100,66,555.23
1784841699938,0,0,0,133.63
1784841699938,1,100,66,564.20
1784841700074,0,0,0,133.62
1784841700074,1,97,59,578.77
1784841700211,0,0,0,133.63
1784841700211,1,96,55,581.34
1784841700348,0,0,0,133.63
1784841700348,1,91,50,571.35
1784841700484,0,0,0,133.62
1784841700484,1,91,50,577.59
1784841700620,0,0,0,133.63
1784841700620,1,99,55,589.95
1784841700756,0,0,0,133.62
1784841700756,1,92,51,605.53
1784841700892,0,0,0,133.60
1784841700892,1,92,51,605.80
1784841701028,0,0,0,133.61
1784841701028,1,93,57,607.26
1784841701164,0,0,0,133.62
1784841701164,1,99,67,592.10
1784841701299,0,0,0,133.60
1784841701299,1,99,67,597.92
1784841701435,0,0,0,133.61
1784841701435,1,100,62,603.47
1784841701571,0,0,0,133.58
1784841701571,1,95,57,575.45
1784841701708,0,0,0,133.58
1784841701708,1,95,57,563.21
1784841701843,0,0,0,133.58
1784841701843,1,95,58,557.84
1784841701980,0,0,0,133.55
1784841701980,1,98,64,534.45
1784841702116,0,0,0,133.52
1784841702116,1,98,64,542.38
1784841702252,0,0,0,133.50
1784841702252,1,99,67,535.75
1784841702388,0,0,0,133.49
1784841702388,1,100,61,530.04
1784841702524,0,0,0,133.49
1784841702524,1,100,61,532.78
1784841702659,0,0,0,133.49
1784841702659,1,100,67,525.27
1784841702796,0,0,0,133.48
1784841702796,1,100,67,512.27
1784841702934,0,0,0,133.47
1784841702934,1,100,67,516.04
1784841703071,0,0,0,133.45
1784841703071,1,100,67,496.16
1784841703208,0,0,0,133.46
1784841703208,1,96,61,496.18
1784841703346,0,0,0,133.43
1784841703346,1,96,61,495.28
1784841703483,0,0,0,133.41
1784841703483,1,100,65,495.97
1784841703621,0,0,0,133.40
1784841703621,1,97,58,504.04
1784841703758,0,0,0,133.40
1784841703758,1,98,61,521.02
1784841703895,0,0,0,133.40
1784841703895,1,98,61,511.99
1784841704031,0,0,0,133.37
1784841704031,1,99,64,516.11
1784841704168,0,0,0,133.37
1784841704168,1,96,56,527.12
1784841704303,0,0,0,133.32
1784841704303,1,96,56,542.02
1784841704440,0,0,0,133.32
1784841704440,1,100,63,544.60
1784841704577,0,0,0,133.31
1784841704577,1,100,67,537.94
1784841704713,0,0,0,133.31
1784841704713,1,100,67,529.73
1784841704850,0,0,0,133.31
1784841704850,1,99,68,527.16
1784841704987,0,0,0,133.30
1784841704987,1,98,57,536.24
1784841705124,0,0,0,133.29
1784841705124,1,98,57,546.86
1784841705260,0,0,0,133.29
1784841705260,1,97,60,521.81
1784841705396,0,0,0,133.28
1784841705396,1,95,56,520.75
1784841705533,0,0,0,133.29
1784841705533,1,95,56,522.04
1784841705669,0,0,0,133.27
1784841705669,1,93,58,538.63
1784841705806,0,0,0,133.24
1784841705806,1,98,61,545.50
1784841705941,0,0,0,133.22
1784841705941,1,98,61,557.61
1784841706076,0,0,0,133.24
1784841706076,1,96,52,552.02
1784841706212,0,0,0,133.24
1784841706212,1,91,50,561.34
1784841706348,0,0,0,133.22
1784841706348,1,100,65,564.51
1784841706484,0,0,0,133.23
1784841706484,1,100,65,569.03
1784841706620,0,0,0,133.22
1784841706620,1,100,56,580.94
1784841706757,0,0,0,133.23
1784841706757,1,100,56,606.75
1784841706893,0,0,0,133.23
1784841706893,1,100,56,597.40
1784841707028,0,0,0,133.21
1784841707028,1,99,63,583.81
1784841707163,0,0,0,133.20
1784841707163,1,100,65,585.08
1784841707299,0,0,0,133.21
1784841707299,1,100,65,586.73
1784841707435,0,0,0,133.20
1784841707435,1,95,59,596.29
1784841707572,0,0,0,133.20
1784841707572,1,100,66,575.25
1784841707708,0,0,0,133.21
1784841707708,1,100,66,564.00
1784841707846,0,0,0,133.19
1784841707846,1,96,57,547.72
1784841707983,0,0,0,133.19
1784841707983,1,99,64,542.95
1784841708119,0,0,0,133.18
1784841708119,1,99,64,543.31
1784841708256,0,0,0,133.18
1784841708256,1,97,61,554.55
1784841708393,0,0,0,133.16
1784841708393,1,100,58,556.37
1784841708530,0,0,0,133.14
1784841708530,1,100,58,561.42
1784841708665,0,0,0,133.15
1784841708665,1,98,57,582.75
1784841708802,0,0,0,133.14
1784841708802,1,99,61,586.21
1784841708937,0,0,0,133.15
1784841708937,1,99,61,595.92
1784841709073,0,0,0,133.15
1784841709073,1,97,62,588.75
1784841709210,0,0,0,133.14
1784841709210,1,100,68,582.92
1784841709346,0,0,0,133.15
1784841709346,1,100,68,569.21
1784841709481,0,0,0,133.15
1784841709481,1,100,66,563.65
1784841709619,0,0,0,133.13
1784841709619,1,100,65,549.83
1784841709756,0,0,0,133.11
1784841709756,1,97,61,528.51
1784841709893,0,0,0,133.09
1784841709893,1,97,61,526.54
1784841710030,0,0,0,133.07
1784841710030,1,97,59,519.93
1784841710165,0,0,0,133.06
1784841710165,1,100,64,532.81
1784841710302,0,0,0,133.03
1784841710302,1,100,64,539.90
1784841710439,0,0,0,133.02
1784841710439,1,99,63,539.84
1784841710577,0,0,0,133.04
1784841710577,1,99,64,530.31
1784841710715,0,0,0,133.02
1784841710715,1,99,64,542.74
1784841710851,0,0,0,133.01
1784841710851,1,96,56,553.62
1784841710988,0,0,0,132.98
1784841710988,1,99,62,555.23
1784841711125,0,0,0,132.97
1784841711125,1,99,62,550.66
1784841711262,0,0,0,132.98
1784841711262,1,91,56,551.42
1784841711399,0,0,0,132.93
1784841711399,1,96,57,554.11
1784841711536,0,0,0,132.93
1784841711536,1,96,57,559.41
1784841711672,0,0,0,132.93
1784841711672,1,99,59,562.61
1784841711807,0,0,0,132.93
1784841711807,1,92,47,566.20
1784841711942,0,0,0,132.93
1784841711942,1,92,47,572.39
1784841712078,0,0,0,132.92
1784841712078,1,92,55,581.99
1784841712214,0,0,0,132.91
1784841712214,1,93,57,594.75
1784841712352,0,0,0,132.92
1784841712352,1,98,56,611.47
1784841712489,0,0,0,132.89
1784841712489,1,98,56,616.65
1784841712627,0,0,0,132.89
1784841712627,1,100,68,606.41
1784841712763,0,0,0,132.89
1784841712763,1,97,61,601.31
1784841712900,0,0,0,132.90
1784841712900,1,97,61,617.03
1784841713037,0,0,0,132.90
1784841713037,1,100,62,619.65
1784841713174,0,0,0,132.89
1784841713174,1,97,59,609.71
1784841713311,0,0,0,132.86
1784841713311,1,97,59,603.40
1784841713448,0,0,0,132.85
1784841713448,1,100,58,609.38
1784841713583,0,0,0,132.85
1784841713583,1,99,63,617.27
1784841713719,0,0,0,132.83
1784841713719,1,99,63,620.77
1784841713856,0,0,0,132.82
1784841713856,1,100,59,605.43
1784841713993,0,0,0,132.80
1784841713993,1,100,67,598.09
1784841714130,0,0,0,132.81
1784841714130,1,100,67,596.50
1784841714266,0,0,0,132.79
1784841714266,1,99,64,579.20
1784841714401,0,0,0,132.81
1784841714401,1,98,58,579.60
1784841714537,0,0,0,132.80
1784841714537,1,98,58,571.13
1784841714672,0,0,0,132.79
1784841714672,1,100,62,565.38
1784841714809,0,0,0,132.80
1784841714809,1,99,63,546.43
1784841714945,0,0,0,132.78
1784841714945,1,99,63,547.26
1784841715080,0,0,0,132.77
1784841715080,1,100,69,535.46
1784841715215,0,0,0,132.77
1784841715215,1,98,66,536.14
1784841715352,0,0,0,132.74
1784841715352,1,100,66,526.43
1784841715489,0,0,0,132.74
1784841715489,1,100,66,520.71
1784841715626,0,0,0,132.71
1784841715626,1,100,66,516.45
1784841715761,0,0,0,132.70
1784841715761,1,100,67,498.38
1784841715899,0,0,0,132.66
1784841715899,1,100,67,504.36
1784841716036,0,0,0,132.65
1784841716036,1,100,65,500.56
1784841716172,0,0,0,132.63
1784841716172,1,100,69,487.27
1784841716308,0,0,0,132.65
1784841716308,1,100,69,479.48
1784841716443,0,0,0,132.64
1784841716443,1,100,69,470.80
1784841716579,0,0,0,132.64
1784841716579,1,100,68,464.24
1784841716716,0,0,0,132.67
1784841716716,1,100,68,461.55
1784841716852,0,0,0,132.67
1784841716852,1,100,69,447.01
1784841716988,0,0,0,132.68
1784841716988,1,95,62,446.00
1784841717125,0,0,0,132.64
1784841717125,1,95,62,446.84
1784841717260,0,0,0,132.62
1784841717260,1,100,68,445.37
1784841717396,0,0,0,132.58
1784841717396,1,100,69,443.61
1784841717533,0,0,0,132.56
1784841717533,1,100,69,437.32
1784841717668,0,0,0,132.54
1784841717668,1,100,68,435.20
1784841717806,0,0,0,132.50
1784841717806,1,100,69,435.82
1784841717942,0,0,0,132.48
1784841717942,1,100,69,438.97
1784841718079,0,0,0,132.45
1784841718079,1,100,67,439.40
1784841718215,0,0,0,132.45
1784841718215,1,100,69,439.46
1784841718353,0,0,0,132.44
1784841718353,1,100,69,436.26
1784841718490,0,0,0,132.43
1784841718490,1,100,68,434.64
1784841718626,0,0,0,132.42
1784841718626,1,100,68,434.67
1784841718762,0,0,0,132.44
1784841718762,1,100,68,437.15
1784841718898,0,0,0,132.43
1784841718898,1,100,68,434.17
1784841719034,0,0,0,132.44
1784841719034,1,100,68,431.03
1784841719170,0,0,0,132.45
1784841719170,1,100,68,426.14
1784841719306,0,0,0,132.44
1784841719306,1,100,68,423.57
1784841719442,0,0,0,132.46
1784841719442,1,100,68,421.40
1784841719578,0,0,0,132.44
1784841719578,1,100,68,416.95
1784841719715,0,0,0,132.43
1784841719715,1,100,68,409.44
1784841719852,0,0,0,132.42
1784841719852,1,100,68,408.31
1784841719987,0,0,0,132.39
1784841719987,1,100,68,407.59
1784841720124,0,0,0,132.36
1784841720124,1,100,68,410.16
1784841720260,0,0,0,132.36
1784841720260,1,100,68,409.61
1784841720396,0,0,0,132.36
1784841720396,1,100,68,408.92
1784841720533,0,0,0,132.35
1784841720533,1,100,68,409.69
1784841720668,0,0,0,132.35
1784841720668,1,100,67,408.96
1784841720805,0,0,0,132.37
1784841720805,1,100,67,408.48
1784841720941,0,0,0,132.38
1784841720941,1,100,67,407.54
1784841721078,0,0,0,132.42
1784841721078,1,100,67,401.38
1784841721215,0,0,0,132.40
1784841721215,1,100,67,401.73
1784841721351,0,0,0,132.40
1784841721351,1,100,67,400.45
1784841721488,0,0,0,132.38
1784841721488,1,100,67,398.53
1784841721625,0,0,0,132.36
1784841721625,1,100,67,398.43
1784841721760,0,0,0,132.34
1784841721760,1,100,67,397.36
1784841721897,0,0,0,132.32
1784841721897,1,100,67,397.15
1784841722034,0,0,0,132.30
1784841722034,1,100,67,396.17
1784841722170,0,0,0,132.27
1784841722170,1,100,67,395.48
1784841722305,0,0,0,132.28
1784841722305,1,100,67,395.46
1784841722440,0,0,0,132.29
1784841722440,1,100,67,395.74
1784841722576,0,0,0,132.30
1784841722576,1,100,67,395.88
1784841722712,0,0,0,132.32
1784841722712,1,100,67,395.98
1784841722848,0,0,0,132.31
1784841722848,1,100,67,396.18
1784841722986,0,0,0,132.31
1784841722986,1,100,67,395.22
1784841723124,0,0,0,132.31
1784841723124,1,100,67,395.00
1784841723260,0,0,0,132.32
1784841723260,1,100,67,393.80
1784841723395,0,0,0,132.27
1784841723395,1,100,67,392.89
1784841723531,0,0,0,132.27
1784841723531,1,100,67,392.46
1784841723667,0,0,0,132.25
1784841723667,1,100,67,391.33
1784841723803,0,0,0,132.23
1784841723803,1,100,67,390.62
1784841723939,0,0,0,132.23
1784841723939,1,100,67,390.89
1784841724074,0,0,0,132.23
1784841724074,1,100,67,390.89
1784841724211,0,0,0,132.22
1784841724211,1,100,67,391.11
1784841724347,0,0,0,132.22
1784841724347,1,100,67,391.07
1784841724482,0,0,0,132.21
1784841724482,1,100,67,390.40
1784841724617,0,0,0,132.23
1784841724617,1,100,67,390.45
1784841724753,0,0,0,132.23
1784841724753,1,100,67,390.78
1784841724890,0,0,0,132.23
1784841724890,1,100,67,391.15
1784841725026,0,0,0,132.24
1784841725026,1,100,67,391.33
1784841725163,0,0,0,132.23
1784841725163,1,100,67,391.39
1784841725299,0,0,0,132.21
1784841725299,1,100,67,391.38
1784841725436,0,0,0,132.20
1784841725436,1,100,67,392.08
1784841725572,0,0,0,132.20
1784841725572,1,100,67,392.65
1784841725709,0,0,0,132.16
1784841725709,1,100,67,392.44
1784841725846,0,0,0,132.16
1784841725846,1,100,67,392.60
1784841725980,0,0,0,132.13
1784841725980,1,100,68,392.33
1784841726116,0,0,0,132.12
1784841726116,1,100,68,392.31
1784841726253,0,0,0,132.13
1784841726253,1,100,68,392.16
1784841726387,0,0,0,132.14
1784841726387,1,100,68,392.94
1784841726524,0,0,0,132.15
1784841726524,1,100,68,392.81
1784841726662,0,0,0,132.17
1784841726662,1,100,68,393.24
1784841726798,0,0,0,132.17
1784841726798,1,100,68,393.51
1784841726934,0,0,0,132.17
1784841726934,1,100,68,393.92
1784841727069,0,0,0,132.19
1784841727069,1,100,68,394.54
1784841727208,0,0,0,132.18
1784841727208,1,100,68,394.74
1784841727344,0,0,0,132.20
1784841727344,1,100,68,394.66
1784841727480,0,0,0,132.18
1784841727480,1,100,68,395.11
1784841727618,0,0,0,132.17
1784841727618,1,100,68,395.19
1784841727754,0,0,0,132.16
1784841727754,1,100,68,395.42
1784841727890,0,0,0,132.18
1784841727890,1,100,68,395.75
1784841728026,0,0,0,132.16
1784841728026,1,100,68,396.03
1784841728162,0,0,0,132.15
1784841728162,1,100,68,396.35
1784841728300,0,0,0,132.15
1784841728300,1,100,68,396.44
1784841728435,0,0,0,132.14
1784841728435,1,100,68,396.35
1784841728570,0,0,0,132.14
1784841728570,1,100,68,396.58
1784841728707,0,0,0,132.13
1784841728707,1,100,68,396.78
1784841728844,0,0,0,132.13
1784841728844,1,100,67,396.65
1784841728980,0,0,0,132.15
1784841728980,1,100,67,396.09
1784841729116,0,0,0,132.15
1784841729116,1,100,67,395.86
1784841729251,0,0,0,132.16
1784841729251,1,100,67,395.41
1784841729388,0,0,0,132.16
1784841729388,1,100,66,393.30
1784841729524,0,0,0,132.17
1784841729524,1,100,66,391.54
1784841729660,0,0,0,132.19
1784841729660,1,100,66,389.15
1784841729792,0,0,0,132.16
1784841729792,1,0,0,343.81
1784841729925,0,0,0,132.15
1784841729925,1,0,0,319.48
1784841730057,0,0,0,132.15
1784841730057,1,0,0,293.76
1784841730190,0,0,0,132.13
1784841730190,1,0,0,241.88
1784841730323,0,0,0,132.11
1784841730323,1,0,0,216.38
1784841730457,0,0,0,132.12
1784841730457,1,0,0,187.66
1784841730590,0,0,0,132.12
1784841730590,1,0,0,143.23
1784841730723,0,0,0,132.12
1784841730723,1,0,0,131.46
1784841730857,0,0,0,132.11
1784841730857,1,0,0,130.67
1784841730989,0,0,0,132.09
1784841730989,1,0,0,129.88
1784841731122,0,0,0,132.08
1784841731122,1,0,0,129.80
1784841731255,0,0,0,144.90
1784841731255,1,0,0,129.70
1784841731392,0,38,21,272.52
1784841731392,1,0,0,129.54
1784841731527,0,94,50,325.00
1784841731527,1,0,0,129.50
1784841731663,0,94,50,373.82
1784841731663,1,0,0,129.38
1784841731798,0,97,56,495.88
1784841731798,1,0,0,129.32
1784841731934,0,98,57,549.80
1784841731934,1,0,0,129.31
1784841732069,0,98,57,597.60
1784841732069,1,0,0,129.19
1784841732206,0,98,57,695.40
1784841732206,1,0,0,129.15
1784841732341,0,95,52,694.45
1784841732341,1,0,0,129.12
1784841732476,0,95,52,688.10
1784841732476,1,0,0,129.00
1784841732612,0,93,49,684.09
1784841732612,1,0,0,128.93
1784841732746,0,98,59,684.32
1784841732746,1,0,0,128.92
1784841732881,0,98,60,678.88
1784841732881,1,0,0,128.84
1784841733016,0,98,60,679.30
1784841733016,1,0,0,128.80
1784841733151,0,98,60,674.71
1784841733151,1,0,0,128.80
1784841733285,0,94,52,671.73
1784841733285,1,0,0,128.72
1784841733421,0,94,52,674.21
1784841733421,1,0,0,128.70
1784841733555,0,93,50,670.33
1784841733555,1,0,0,128.66
1784841733699,0,98,57,683.26
1784841733699,1,0,0,128.63
1784841733834,0,98,57,686.61
1784841733834,1,0,0,128.60
1784841733970,0,98,56,691.51
1784841733970,1,0,0,128.60
1784841734106,0,98,57,693.04
1784841734106,1,0,0,128.56
1784841734244,0,98,57,695.83
1784841734244,1,0,0,128.55
1784841734379,0,95,51,692.20
1784841734379,1,0,0,128.52
1784841734514,0,93,45,694.51
1784841734514,1,0,0,128.48
1784841734650,0,93,45,684.62
1784841734650,1,0,0,128.48
1784841734785,0,98,58,673.34
1784841734785,1,0,0,128.44
1784841734919,0,98,58,665.41
1784841734919,1,0,0,128.39
1784841735054,0,98,58,663.14
1784841735054,1,0,0,128.37
1784841735188,0,98,58,656.41
1784841735188,1,0,0,128.33
1784841735322,0,95,52,657.51
1784841735322,1,0,0,128.31
1784841735457,0,95,52,659.90
1784841735457,1,0,0,128.28
1784841735605,0,92,29,645.08
1784841735605,1,0,0,128.24
1784841735740,0,98,58,651.78
1784841735740,1,0,0,128.22
1784841735875,0,98,58,654.47
1784841735875,1,0,0,128.06
1784841736010,0,98,59,665.11
1784841736010,1,0,0,127.91
1784841736144,0,98,59,671.83
1784841736144,1,0,0,127.83
1784841736280,0,98,59,670.60
1784841736280,1,0,0,127.69
1784841736414,0,88,51,669.56
1784841736414,1,0,0,127.59
1784841736549,0,95,49,687.28
1784841736549,1,0,0,127.52
1784841736685,0,97,59,677.49
1784841736685,1,0,0,127.36
1784841736820,0,97,59,679.69
1784841736820,1,0,0,127.25
1784841736956,0,98,59,678.78
1784841736956,1,0,0,127.30
1784841737091,0,98,59,677.21
1784841737091,1,0,0,127.33
1784841737227,0,98,59,678.15
1784841737227,1,0,0,127.28
1784841737363,0,88,52,681.67
1784841737363,1,0,0,127.24
1784841737499,0,95,52,683.21
1784841737499,1,0,0,127.23
1784841737633,0,95,52,685.31
1784841737633,1,0,0,127.19
1784841737767,0,98,59,684.76
1784841737767,1,0,0,127.16
1784841737902,0,98,58,688.88
1784841737902,1,0,0,127.14
1784841738038,0,98,58,689.05
1784841738038,1,0,0,127.11
1784841738173,0,98,59,688.09
1784841738173,1,0,0,127.11
1784841738308,0,89,51,686.35
1784841738308,1,0,0,127.10
1784841738443,0,89,51,685.52
1784841738443,1,0,0,127.07
1784841738578,0,96,49,684.69
1784841738578,1,0,0,127.03
1784841738714,0,98,58,690.42
1784841738714,1,0,0,127.01
1784841738849,0,98,58,684.28
1784841738849,1,0,0,127.00
1784841738984,0,98,58,678.14
1784841738984,1,0,0,126.95
1784841739118,0,98,58,670.56
1784841739118,1,0,0,126.91
1784841739254,0,98,58,673.09
1784841739254,1,0,0,126.88
1784841739388,0,89,52,675.93
1784841739388,1,0,0,126.84
1784841739523,0,96,50,677.28
1784841739523,1,0,0,126.81
1784841739657,0,96,50,673.40
1784841739657,1,0,0,126.79
1784841739792,0,98,60,661.99
1784841739792,1,0,0,126.74
1784841739927,0,98,60,653.59
1784841739927,1,0,0,126.71
1784841740062,0,98,60,648.66
1784841740062,1,0,0,126.68
1784841740197,0,98,60,639.01
1784841740197,1,0,0,126.67
1784841740331,0,89,51,635.14
1784841740331,1,0,0,126.64
1784841740466,0,89,51,635.38
1784841740466,1,0,0,126.62
1784841740601,0,91,49,641.88
1784841740601,1,0,0,126.62
1784841740737,0,98,58,649.12
1784841740737,1,0,0,126.59
1784841740872,0,98,58,657.98
1784841740872,1,0,0,126.56
1784841741007,0,98,58,670.09
1784841741007,1,0,0,126.53
1784841741141,0,98,58,681.30
1784841741141,1,0,0,126.50
1784841741274,0,98,58,680.18
1784841741274,1,0,0,126.46
1784841741408,0,88,50,690.44
1784841741408,1,0,0,126.43
1784841741543,0,91,47,682.07
1784841741543,1,0,0,126.40
1784841741678,0,91,47,679.95
1784841741678,1,0,0,126.34
1784841741813,0,98,59,682.26
1784841741813,1,0,0,126.33
1784841741948,0,98,59,681.89
1784841741948,1,0,0,126.29
1784841742083,0,98,59,684.90
1784841742083,1,0,0,126.25
1784841742220,0,98,59,683.42
1784841742220,1,0,0,126.23
1784841742356,0,89,50,681.76
1784841742356,1,0,0,126.19
1784841742491,0,96,43,677.88
1784841742491,1,0,0,126.17
1784841742627,0,96,43,683.31
1784841742627,1,0,0,126.14
1784841742762,0,98,57,683.97
1784841742762,1,0,0,126.11
1784841742897,0,98,56,686.95
1784841742897,1,0,0,126.08
1784841743032,0,98,56,689.62
1784841743032,1,0,0,126.05
1784841743168,0,98,57,689.22
1784841743168,1,0,0,126.04
1784841743303,0,75,44,685.65
1784841743303,1,0,0,126.04
1784841743436,0,75,44,640.13
1784841743436,1,0,0,126.01
1784841743569,0,0,0,576.98
1784841743569,1,0,0,125.97
1784841743703,0,0,0,481.32
1784841743703,1,0,0,125.97
1784841743839,0,0,0,475.57
1784841743839,1,0,0,125.94
1784841743975,0,95,51,475.95
1784841743975,1,0,0,125.87
1784841744111,0,98,58,467.12
1784841744111,1,0,0,125.85
1784841744248,0,98,58,472.42
1784841744248,1,0,0,125.82
1784841744383,0,98,58,478.58
1784841744383,1,0,0,125.75
1784841744518,0,98,58,592.46
1784841744518,1,0,0,125.74
1784841744657,0,98,58,642.37
1784841744657,1,0,0,125.72
1784841744792,0,89,52,687.39
1784841744792,1,0,0,125.65
1784841744929,0,95,52,689.59
1784841744929,1,0,0,125.63
1784841745065,0,95,52,683.75
1784841745065,1,0,0,125.57
1784841745201,0,98,60,680.97
1784841745201,1,0,0,125.55
1784841745335,0,98,60,679.08
1784841745335,1,0,0,125.52
1784841745469,0,98,60,677.15
1784841745469,1,0,0,125.44
1784841745603,0,98,60,677.61
1784841745603,1,0,0,125.42
1784841745738,0,89,54,684.71
1784841745738,1,0,0,125.39
1784841745873,0,89,54,687.65
1784841745873,1,0,0,125.34
1784841746008,0,95,53,685.54
1784841746008,1,0,0,125.31
1784841746143,0,98,59,690.65
1784841746143,1,0,0,125.29
1784841746276,0,98,59,686.19
1784841746276,1,0,0,125.21
1784841746411,0,98,59,690.14
1784841746411,1,0,0,125.20
1784841746546,0,98,60,689.58
1784841746546,1,0,0,125.17
1784841746681,0,98,60,692.85
1784841746681,1,0,0,125.12
1784841746815,0,89,53,695.50
1784841746815,1,0,0,125.11
1784841746951,0,95,52,692.86
1784841746951,1,0,0,125.08
1784841747085,0,95,52,690.17
1784841747085,1,0,0,125.04
1784841747220,0,98,59,691.49
1784841747220,1,0,0,125.01
1784841747355,0,98,58,690.80
1784841747355,1,0,0,124.98
1784841747491,0,98,59,696.79
1784841747491,1,0,0,124.98
1784841747626,0,98,59,695.48
1784841747626,1,0,0,124.95
1784841747759,0,90,52,692.10
1784841747759,1,0,0,124.92
1784841747893,0,94,50,691.34
1784841747893,1,0,0,124.88
1784841748028,0,94,50,689.51
1784841748028,1,0,0,124.85
1784841748163,0,98,57,687.70
1784841748163,1,0,0,124.82
1784841748298,0,98,57,691.36
1784841748298,1,0,0,124.82
1784841748433,0,98,57,686.79
1784841748433,1,0,0,124.79
1784841748569,0,98,57,685.66
1784841748569,1,0,0,124.76
1784841748704,0,90,52,690.37
1784841748704,1,0,0,124.73
1784841748839,0,90,52,688.66
1784841748839,1,0,0,124.69
1784841748974,0,95,51,689.08
1784841748974,1,0,0,124.67
1784841749109,0,98,58,697.18
1784841749109,1,0,0,124.63
1784841749244,0,98,58,695.75
1784841749244,1,0,0,124.60
1784841749381,0,98,59,692.08
1784841749381,1,0,0,124.57
1784841749516,0,98,58,695.92
1784841749516,1,0,0,124.53
1784841749652,0,98,58,694.91
1784841749652,1,0,0,124.50
1784841749787,0,90,54,694.17
1784841749787,1,0,0,124.50
1784841749922,0,95,52,696.99
1784841749922,1,0,0,124.46
1784841750057,0,95,52,696.34
1784841750057,1,0,0,124.43
1784841750194,0,98,56,690.60
1784841750194,1,0,0,124.42
1784841750329,0,98,59,692.41
1784841750329,1,0,0,124.38
1784841750465,0,98,59,694.67
1784841750465,1,0,0,124.36
1784841750601,0,98,58,691.14
1784841750601,1,0,0,124.33
1784841750738,0,95,57,685.58
1784841750738,1,0,0,124.30
1784841750873,0,95,57,684.19
1784841750873,1,0,0,124.27
1784841751008,0,95,51,684.41
1784841751008,1,0,0,124.23
1784841751143,0,98,52,673.23
1784841751143,1,0,0,124.20
1784841751279,0,98,52,673.02
1784841751279,1,0,0,124.04
1784841751414,0,98,58,668.04
1784841751414,1,0,0,123.93
1784841751549,0,98,57,667.79
1784841751549,1,0,0,123.87
1784841751684,0,98,57,673.32
1784841751684,1,0,0,123.74
1784841751819,0,98,58,676.60
1784841751819,1,0,0,123.67
1784841751955,0,95,52,679.68
1784841751955,1,0,0,123.60
1784841752091,0,98,53,684.30
1784841752091,1,0,0,123.45
1784841752225,0,98,53,688.68
1784841752225,1,0,0,123.40
1784841752360,0,98,57,688.95
1784841752360,1,0,0,123.42
1784841752495,0,98,58,687.96
1784841752495,1,0,0,123.38
1784841752631,0,98,58,686.43
1784841752631,1,0,0,123.34
1784841752766,0,98,56,693.98
1784841752766,1,0,0,123.30
1784841752900,0,94,52,683.16
1784841752900,1,0,0,123.28
1784841753045,0,94,52,683.43
1784841753045,1,0,0,123.26
1784841753180,0,98,52,690.94
1784841753180,1,0,0,123.16
1784841753314,0,98,59,689.68
1784841753314,1,0,0,123.16
1784841753449,0,98,59,689.48
1784841753449,1,0,0,123.18
1784841753584,0,98,58,694.01
1784841753584,1,0,0,123.12
1784841753720,0,98,58,689.38
1784841753720,1,0,0,123.11
1784841753856,0,98,58,689.51
1784841753856,1,0,0,123.07
1784841753992,0,95,51,685.84
1784841753992,1,0,0,123.03
1784841754127,0,98,52,688.49
1784841754127,1,0,0,123.02
1784841754262,0,98,52,685.75
1784841754262,1,0,0,123.00
1784841754397,0,98,56,690.77
1784841754397,1,0,0,122.95
1784841754532,0,98,56,687.96
1784841754532,1,0,0,122.93
1784841754668,0,98,56,688.52
1784841754668,1,0,0,122.88
1784841754803,0,97,56,687.17
1784841754803,1,0,0,122.86
1784841754939,0,94,50,689.92
1784841754939,1,0,0,122.85
1784841755074,0,94,50,689.40
1784841755074,1,0,0,122.82
1784841755209,0,93,46,676.61
1784841755209,1,0,0,122.79
1784841755344,0,98,57,678.70
1784841755344,1,0,0,122.75
1784841755479,0,98,57,677.72
1784841755479,1,0,0,122.72
1784841755614,0,98,58,681.96
1784841755614,1,0,0,122.74
1784841755748,0,98,56,681.74
1784841755748,1,0,0,122.72
1784841755884,0,98,56,682.40
1784841755884,1,0,0,122.67
1784841756019,0,95,51,679.41
1784841756019,1,0,0,122.64
1784841756155,0,93,45,684.92
1784841756155,1,0,0,122.61
1784841756291,0,98,58,679.87
1784841756291,1,0,0,122.62
1784841756427,0,98,58,673.05
1784841756427,1,0,0,122.60
1784841756562,0,98,59,672.34
1784841756562,1,0,0,122.56
1784841756698,0,98,58,663.16
1784841756698,1,0,0,122.53
1784841756834,0,98,58,665.76
1784841756834,1,0,0,122.50
1784841756970,0,94,52,665.22
1784841756970,1,0,0,122.48
1784841757105,0,93,48,672.80
1784841757105,1,0,0,122.46
1784841757241,0,93,48,678.48
1784841757241,1,0,0,122.41
1784841757377,0,98,58,680.84
1784841757377,1,0,0,122.38
1784841757514,0,98,57,685.61
1784841757514,1,0,0,122.38
1784841757649,0,98,57,687.31
1784841757649,1,0,0,122.35
1784841757784,0,98,55,683.90
1784841757784,1,0,0,122.32
1784841757919,0,95,52,676.84
1784841757919,1,0,0,122.31
1784841758054,0,95,52,675.11
1784841758054,1,0,0,122.29
1784841758197,0,97,40,663.44
1784841758197,1,0,0,122.28
1784841758333,0,98,59,665.49
1784841758333,1,0,0,122.27
1784841758468,0,98,59,663.50
1784841758468,1,0,0,122.22
1784841758602,0,98,58,677.42
1784841758602,1,0,0,122.22
1784841758736,0,98,58,684.33
1784841758736,1,0,0,122.20
1784841758871,0,98,58,689.91
1784841758871,1,0,0,122.17
1784841759007,0,88,51,687.48
1784841759007,1,0,0,122.14
1784841759142,0,95,49,692.59
1784841759142,1,0,0,122.11
1784841759276,0,95,49,686.42
1784841759276,1,0,0,122.11
1784841759411,0,98,59,686.97
1784841759411,1,0,0,122.09
1784841759546,0,98,58,687.66
1784841759546,1,0,0,122.08
1784841759680,0,98,58,683.03
1784841759680,1,0,0,122.06
1784841759816,0,98,59,683.87
1784841759816,1,0,0,122.04
1784841759951,0,89,51,686.08
1784841759951,1,0,0,122.03
1784841760086,0,89,51,684.32
1784841760086,1,0,0,122.03
1784841760220,0,95,50,683.32
1784841760220,1,0,0,122.00
1784841760355,0,98,59,684.99
1784841760355,1,0,0,121.98
1784841760490,0,98,59,678.96
1784841760490,1,0,0,121.93
1784841760627,0,98,59,678.99
1784841760627,1,0,0,121.92
1784841760763,0,98,59,683.73
1784841760763,1,0,0,121.91
1784841760898,0,89,53,684.45
1784841760898,1,0,0,121.88
1784841761037,0,89,53,687.56
1784841761037,1,0,0,121.88
1784841761172,0,95,50,689.61
1784841761172,1,0,0,121.88
1784841761306,0,98,58,685.52
1784841761306,1,0,0,121.87
1784841761441,0,98,58,685.28
1784841761441,1,0,0,121.88
1784841761576,0,98,58,687.84
1784841761576,1,0,0,121.84
1784841761712,0,98,57,687.71
1784841761712,1,0,0,121.83
1784841761846,0,98,57,691.15
1784841761846,1,0,0,121.82
1784841761981,0,89,52,692.96
1784841761981,1,0,0,121.80
1784841762116,0,95,51,688.15
1784841762116,1,0,0,121.77
1784841762250,0,95,51,694.93
1784841762250,1,0,0,121.77
1784841762384,0,98,57,703.61
1784841762384,1,0,0,121.73
1784841762519,0,98,57,700.63
1784841762519,1,0,0,121.74
1784841762653,0,98,57,701.43
1784841762653,1,0,0,121.74
1784841762789,0,98,56,699.55
1784841762789,1,0,0,121.72
1784841762923,0,90,51,686.16
1784841762923,1,0,0,121.72
1784841763059,0,90,51,682.67
1784841763059,1,0,0,121.73
1784841763194,0,94,51,683.46
1784841763194,1,0,0,121.66
1784841763329,0,98,57,676.90
1784841763329,1,0,0,121.66
1784841763464,0,98,57,675.87
1784841763464,1,0,0,121.66
1784841763599,0,98,57,674.84
1784841763599,1,0,0,121.61
1784841763734,0,98,58,671.11
1784841763734,1,0,0,121.60
1784841763870,0,98,58,676.19
1784841763870,1,0,0,121.55
1784841764007,0,90,54,685.27
1784841764007,1,0,0,121.54
1784841764143,0,94,51,683.71
1784841764143,1,0,0,121.54
1784841764280,0,94,51,682.31
1784841764280,1,0,0,121.50
1784841764414,0,98,56,680.07
1784841764414,1,0,0,121.50
1784841764551,0,98,58,679.74
1784841764551,1,0,0,121.50
1784841764687,0,98,58,680.64
1784841764687,1,0,0,121.46
1784841764823,0,98,59,681.62
1784841764823,1,0,0,121.44
1784841764958,0,90,55,675.23
1784841764958,1,0,0,121.46
1784841765093,0,90,55,707.31
1784841765093,1,0,0,121.41
1784841765228,0,94,51,680.54
1784841765228,1,0,0,121.42
1784841765363,0,98,57,677.19
1784841765363,1,0,0,121.40
1784841765499,0,98,58,687.45
1784841765499,1,0,0,121.34
1784841765634,0,98,58,685.90
1784841765634,1,0,0,121.34
1784841765769,0,98,58,691.05
1784841765769,1,0,0,121.31
1784841765904,0,90,54,690.52
1784841765904,1,0,0,121.31
1784841766039,0,90,54,691.89
1784841766039,1,0,0,121.29
1784841766174,0,95,51,693.29
1784841766174,1,0,0,121.27
1784841766308,0,98,55,695.95
1784841766308,1,0,0,121.25
1784841766443,0,98,55,693.65
1784841766443,1,0,0,121.26
1784841766580,0,98,57,690.99
1784841766580,1,0,0,121.26
1784841766715,0,98,57,694.86
1784841766715,1,0,0,121.23
1784841766851,0,98,57,692.94
1784841766851,1,0,0,121.23
1784841766986,0,95,55,689.97
1784841766986,1,0,0,121.25
1784841767121,0,94,52,684.39
1784841767121,1,0,0,121.23
1784841767261,0,94,52,683.95
1784841767261,1,0,0,121.21
1784841767398,0,99,53,679.93
1784841767398,1,0,0,121.21
1784841767535,0,98,58,680.55
1784841767535,1,0,0,121.21
1784841767669,0,98,58,680.33
1784841767669,1,0,0,121.21
1784841767804,0,98,59,681.45
1784841767804,1,0,0,121.20
1784841767940,0,98,57,679.67
1784841767940,1,0,0,121.18
1784841768074,0,98,57,682.27
1784841768074,1,0,0,121.18
1784841768210,0,94,51,683.95
1784841768210,1,0,0,121.20
1784841768343,0,97,50,677.48
1784841768343,1,0,0,121.19
1784841768479,0,97,50,679.31
1784841768479,1,0,0,121.17
1784841768615,0,98,58,673.79
1784841768615,1,0,0,121.16
1784841768752,0,98,59,676.62
1784841768752,1,0,0,121.14
1784841768889,0,98,59,676.77
1784841768889,1,0,0,121.12
1784841769025,0,98,59,684.03
1784841769025,1,0,0,121.12
1784841769162,0,94,52,684.88
1784841769162,1,0,0,121.08
1784841769297,0,93,49,692.58
1784841769297,1,0,0,121.07
1784841769433,0,93,49,692.43
1784841769433,1,0,0,121.06
1784841769569,0,98,57,691.27
1784841769569,1,0,0,121.07
1784841769705,0,98,57,694.45
1784841769705,1,0,0,121.07
1784841769840,0,98,57,690.89
1784841769840,1,0,0,121.05
1784841769976,0,98,58,694.16
1784841769976,1,0,0,121.05
1784841770112,0,94,52,684.66
1784841770112,1,0,0,121.04
1784841770247,0,94,52,689.53
1784841770247,1,0,0,121.01
1784841770383,0,93,47,683.98
1784841770383,1,0,0,121.01
1784841770518,0,98,57,684.80
1784841770518,1,0,0,120.98
1784841770653,0,98,57,686.61
1784841770653,1,0,0,120.94
1784841770787,0,98,58,685.61
1784841770787,1,0,0,120.95
1784841770924,0,98,57,686.04
1784841770924,1,0,0,120.92
1784841771060,0,98,57,685.28
1784841771060,1,0,0,120.91
1784841771196,0,94,52,683.66
1784841771196,1,0,0,120.89
1784841771331,0,93,45,685.17
1784841771331,1,0,0,120.92
1784841771466,0,93,45,686.77
1784841771466,1,0,0,120.89
1784841771601,0,97,57,683.75
1784841771601,1,0,0,120.89
1784841771737,0,98,56,682.46
1784841771737,1,0,0,120.87
1784841771873,0,98,56,686.27
1784841771873,1,0,0,120.85
1784841772009,0,98,58,691.11
1784841772009,1,0,0,120.84
1784841772143,0,95,52,693.59
1784841772143,1,0,0,120.86
1784841772278,0,95,52,686.25
1784841772278,1,0,0,120.84
1784841772411,0,92,47,687.50
1784841772411,1,0,0,120.85
1784841772548,0,98,59,687.20
1784841772548,1,0,0,120.84
1784841772683,0,98,59,687.18
1784841772683,1,0,0,120.83
1784841772819,0,98,59,687.34
1784841772819,1,0,0,120.84
1784841772956,0,98,58,691.31
1784841772956,1,0,0,120.85
1784841773091,0,98,58,688.90
1784841773091,1,0,0,120.78
1784841773226,0,94,51,688.99
1784841773226,1,0,0,120.80
1784841773360,0,91,46,692.94
1784841773360,1,0,0,120.80
1784841773497,0,91,46,690.99
1784841773497,1,0,0,120.77
1784841773634,0,98,56,686.57
1784841773634,1,0,0,120.77
1784841773770,0,98,57,684.69
1784841773770,1,0,0,120.77
1784841773904,0,98,58,683.39
1784841773904,1,0,0,120.75
1784841774040,0,98,58,682.59
1784841774040,1,0,0,120.77
1784841774176,0,88,51,686.12
1784841774176,1,0,0,120.74
1784841774311,0,90,48,686.97
1784841774311,1,0,0,120.74
1784841774446,0,90,48,686.75
1784841774446,1,0,0,120.76
1784841774581,0,98,58,689.35
1784841774581,1,0,0,120.74
1784841774718,0,98,58,688.42
1784841774718,1,0,0,120.74
1784841774853,0,98,58,687.00
1784841774853,1,0,0,120.74
1784841774990,0,98,59,688.03
1784841774990,1,0,0,120.69
1784841775127,0,35,21,640.04
1784841775127,1,0,0,120.73
1784841775260,0,35,21,589.58
1784841775260,1,0,0,120.71
1784841775394,0,0,0,534.78
1784841775394,1,0,0,120.71
1784841775528,0,40,23,467.10
1784841775528,1,0,0,120.73
1784841775663,0,40,23,472.01
1784841775663,1,0,0,120.71
1784841775798,0,94,52,469.14
1784841775798,1,0,0,120.72
1784841775934,0,98,59,463.44
1784841775934,1,0,0,120.73
1784841776069,0,98,59,463.26
1784841776069,1,0,0,120.74
1784841776205,0,98,59,570.85
1784841776205,1,0,0,120.71
1784841776342,0,98,59,616.92
1784841776342,1,0,0,120.69
1784841776480,0,98,59,666.14
1784841776480,1,0,0,120.68
1784841776616,0,89,52,683.15
1784841776616,1,0,0,120.67
1784841776750,0,94,52,686.70
1784841776750,1,0,0,120.65
1784841776887,0,94,52,677.97
1784841776887,1,0,0,120.63
1784841777022,0,98,59,681.23
1784841777022,1,0,0,120.58
1784841777158,0,98,60,677.20
1784841777158,1,0,0,120.52
1784841777293,0,98,60,679.62
1784841777293,1,0,0,120.38
1784841777427,0,98,60,680.83
1784841777427,1,0,0,120.32
1784841777561,0,89,53,684.73
1784841777561,1,0,0,120.26
1784841777697,0,89,53,681.59
1784841777697,1,0,0,120.12
1784841777830,0,94,52,681.99
1784841777830,1,0,0,120.04
1784841777965,0,98,59,685.73
1784841777965,1,0,0,119.98
1784841778102,0,98,60,685.15
1784841778102,1,0,0,119.93
1784841778237,0,98,60,683.35
1784841778237,1,0,0,119.92
1784841778372,0,98,60,682.10
1784841778372,1,0,0,119.90
1784841778508,0,89,53,685.87
1784841778508,1,0,0,119.89
1784841778642,0,89,53,686.68
1784841778642,1,0,0,119.89
1784841778778,0,94,52,686.74
1784841778778,1,0,0,119.91
1784841778913,0,98,58,691.53
1784841778913,1,0,0,119.90
1784841779052,0,98,58,691.36
1784841779052,1,0,0,119.91
1784841779189,0,98,60,691.47
1784841779189,1,0,0,119.87
1784841779323,0,98,58,693.79
1784841779323,1,0,0,119.87
1784841779459,0,98,58,691.96
1784841779459,1,0,0,119.90
1784841779595,0,89,54,693.99
1784841779595,1,0,0,119.90
1784841779731,0,94,52,695.71
1784841779731,1,0,0,119.89
1784841779865,0,94,52,689.75
1784841779865,1,0,0,119.89
1784841780000,0,98,59,686.97
1784841780000,1,0,0,119.86
1784841780136,0,98,58,694.29
1784841780136,1,0,0,119.88
1784841780271,0,98,58,691.19
1784841780271,1,0,0,119.88
1784841780406,0,98,59,691.98
1784841780406,1,0,0,119.89
1784841780541,0,91,53,688.53
1784841780541,1,0,0,119.88
1784841780676,0,91,53,686.12
1784841780676,1,0,0,119.89
1784841780811,0,95,52,688.92
1784841780811,1,0,0,119.89
1784841780947,0,98,59,691.52
1784841780947,1,0,0,119.88
1784841781083,0,98,59,683.79
1784841781083,1,0,0,119.89
1784841781219,0,98,59,684.45
1784841781219,1,0,0,119.89
1784841781354,0,98,59,682.50
1784841781354,1,0,0,119.87
1784841781489,0,98,59,684.72
1784841781489,1,0,0,119.86
1784841781626,0,90,54,687.48
1784841781626,1,0,0,119.84
1784841781762,0,95,51,690.76
1784841781762,1,0,0,119.82
1784841781896,0,95,51,686.04
1784841781896,1,0,0,119.83
1784841782033,0,98,57,689.85
1784841782033,1,0,0,119.85
1784841782168,0,98,57,690.25
1784841782168,1,0,0,119.85
1784841782303,0,98,57,693.77
1784841782303,1,0,0,119.88
1784841782439,0,98,58,688.81
1784841782439,1,0,0,119.86
1784841782575,0,90,52,686.04
1784841782575,1,0,0,119.89
1784841782710,0,95,50,683.95
1784841782710,1,0,0,119.87
1784841782851,0,95,50,681.06
1784841782851,1,0,0,119.88
1784841782987,0,98,56,679.33
1784841782987,1,0,0,119.86
1784841783123,0,98,56,679.73
1784841783123,1,0,0,119.83
1784841783258,0,98,56,681.04
1784841783258,1,0,0,119.81
1784841783392,0,98,57,679.36
1784841783392,1,0,0,119.79
1784841783528,0,94,54,685.38
1784841783528,1,0,0,119.81
1784841783664,0,94,54,687.52
1784841783664,1,0,0,119.80
1784841783799,0,94,50,685.34
1784841783799,1,0,0,119.76
1784841783934,0,98,51,685.32
1784841783934,1,0,0,119.77
1784841784068,0,98,51,684.37
1784841784068,1,0,0,119.76
1784841784203,0,98,56,683.78
1784841784203,1,0,0,119.75
1784841784339,0,98,57,680.71
1784841784339,1,0,0,119.76
1784841784474,0,98,57,680.37
1784841784474,1,0,0,119.74
1784841784608,0,98,56,679.83
1784841784608,1,0,0,119.76
1784841784744,0,94,52,680.11
1784841784744,1,0,0,119.76
1784841784880,0,94,52,682.31
1784841784880,1,0,0,119.74
1784841785015,0,98,52,688.19
1784841785015,1,0,0,119.76
1784841785152,0,98,57,688.31
1784841785152,1,0,0,119.77
1784841785287,0,98,57,688.06
1784841785287,1,0,0,119.75
1784841785422,0,98,58,691.04
1784841785422,1,0,0,119.75
1784841785559,0,98,55,692.43
1784841785559,1,0,0,119.74
1784841785694,0,98,55,682.18
1784841785694,1,0,0,119.73
1784841785829,0,94,50,689.67
1784841785829,1,0,0,119.74
1784841785964,0,93,52,693.08
1784841785964,1,0,0,119.72
1784841786099,0,93,52,694.01
1784841786099,1,0,0,119.70
1784841786235,0,98,56,690.34
1784841786235,1,0,0,119.70
1784841786368,0,98,58,689.35
1784841786368,1,0,0,119.69
1784841786503,0,98,58,689.25
1784841786503,1,0,0,119.69
1784841786639,0,98,56,696.96
1784841786639,1,0,0,119.69
1784841786774,0,94,51,697.26
1784841786774,1,0,0,119.66
1784841786910,0,93,46,695.29
1784841786910,1,0,0,119.67
1784841787045,0,93,46,693.95
1784841787045,1,0,0,119.68
1784841787182,0,98,58,693.58
1784841787182,1,0,0,119.68
1784841787317,0,98,57,698.22
1784841787317,1,0,0,119.67
1784841787454,0,98,57,698.81
1784841787454,1,0,0,119.69
1784841787591,0,98,57,697.97
1784841787591,1,0,0,119.69
1784841787726,0,94,50,700.26
1784841787726,1,0,0,119.68
1784841787860,0,94,50,700.00
1784841787860,1,0,0,119.69
1784841787994,0,92,45,693.91
1784841787994,1,0,0,119.68
1784841788129,0,98,58,690.10
1784841788129,1,0,0,119.67
1784841788265,0,98,58,692.21
1784841788265,1,0,0,119.67
1784841788402,0,98,58,686.82
1784841788402,1,0,0,119.66
1784841788538,0,98,58,689.75
1784841788538,1,0,0,119.66
1784841788672,0,98,58,688.10
1784841788672,1,0,0,119.67
1784841788807,0,94,50,690.68
1784841788807,1,0,0,119.65
1784841788942,0,92,44,684.34
1784841788942,1,0,0,119.68
1784841789077,0,92,44,688.09
1784841789077,1,0,0,119.66
1784841789212,0,98,58,684.22
1784841789212,1,0,0,119.65
1784841789348,0,98,57,687.78
1784841789348,1,0,0,119.66
1784841789484,0,98,57,685.37
1784841789484,1,0,0,119.62
1784841789620,0,98,58,683.25
1784841789620,1,0,0,119.63
1784841789755,0,95,51,686.02
1784841789755,1,0,0,119.63
1784841789891,0,95,51,689.91
1784841789891,1,0,0,119.61
1784841790027,0,92,44,695.39
1784841790027,1,0,0,119.63
1784841790161,0,98,58,693.26
1784841790161,1,0,0,119.61
1784841790298,0,98,58,693.99
1784841790298,1,0,0,119.60
1784841790433,0,98,58,694.09
1784841790433,1,0,0,119.60
1784841790569,0,98,59,695.31
1784841790569,1,0,0,119.60
1784841790705,0,98,59,695.36
1784841790705,1,0,0,119.58
1784841790841,0,94,52,691.65
1784841790841,1,0,0,119.55
1784841790978,0,91,48,693.43
1784841790978,1,0,0,119.54
1784841791114,0,98,59,694.24
1784841791114,1,0,0,119.53
1784841791249,0,98,59,691.21
1784841791249,1,0,0,119.51
1784841791384,0,98,59,691.62
1784841791384,1,0,0,119.53
1784841791518,0,98,59,691.38
1784841791518,1,0,0,119.51
1784841791654,0,98,59,691.91
1784841791654,1,0,0,119.50
1784841791789,0,94,52,696.63
1784841791789,1,0,0,119.54
1784841791923,0,92,45,687.86
1784841791923,1,0,0,119.54
1784841792059,0,92,45,690.17
1784841792059,1,0,0,119.53
1784841792193,0,98,59,684.88
1784841792193,1,0,0,119.54
1784841792329,0,98,59,683.85
1784841792329,1,0,0,119.54
1784841792465,0,98,59,683.85
1784841792465,1,0,0,119.57
1784841792600,0,98,59,683.52
1784841792600,1,0,0,119.56
1784841792736,0,94,50,680.79
1784841792736,1,0,0,119.54
1784841792869,0,94,50,686.92
1784841792869,1,0,0,119.54
1784841793005,0,93,45,685.21
1784841793005,1,0,0,119.52
1784841793139,0,98,57,689.90
1784841793139,1,0,0,119.51
1784841793274,0,98,57,689.15
1784841793274,1,0,0,119.54
1784841793410,0,98,56,691.38
1784841793410,1,0,0,119.50
1784841793545,0,98,57,690.98
1784841793545,1,0,0,119.51
1784841793682,0,98,57,686.64
1784841793682,1,0,0,119.49
1784841793818,0,94,52,687.72
1784841793818,1,0,0,119.49
1784841793952,0,92,46,685.49
1784841793952,1,0,0,119.51
1784841794088,0,92,46,682.59
1784841794088,1,0,0,119.50
1784841794224,0,98,59,683.22
1784841794224,1,0,0,119.50
1784841794358,0,98,60,683.60
1784841794358,1,0,0,119.49
1784841794493,0,98,60,682.07
1784841794493,1,0,0,119.49
1784841794629,0,98,60,688.46
1784841794629,1,0,0,119.49
1784841794766,0,94,52,692.43
1784841794766,1,0,0,119.50
1784841794902,0,94,52,687.66
1784841794902,1,0,0,119.51
1784841795041,0,92,45,690.47
1784841795041,1,0,0,119.48
1784841795176,0,98,56,685.22
1784841795176,1,0,0,119.50
1784841795312,0,98,56,681.10
1784841795312,1,0,0,119.51
1784841795447,0,98,56,677.59
1784841795447,1,0,0,119.50
1784841795581,0,98,55,673.57
1784841795581,1,0,0,119.49
1784841795717,0,88,50,663.89
1784841795717,1,0,0,119.47
1784841795852,0,88,50,666.24
1784841795852,1,0,0,119.45
1784841795985,0,92,48,670.68
1784841795985,1,0,0,119.47
1784841796119,0,98,58,667.95
1784841796119,1,0,0,119.45
1784841796254,0,98,58,672.78
1784841796254,1,0,0,119.43
1784841796389,0,98,59,673.72
1784841796389,1,0,0,119.44
1784841796523,0,98,58,683.99
1784841796523,1,0,0,119.44
1784841796658,0,98,58,691.17
1784841796658,1,0,0,119.41
1784841796793,0,89,51,691.23
1784841796793,1,0,0,119.40
1784841796931,0,96,48,685.16
1784841796931,1,0,0,119.41
1784841797065,0,96,48,697.76
1784841797065,1,0,0,119.39
1784841797200,0,98,57,697.47
1784841797200,1,0,0,119.41
1784841797335,0,98,57,698.16
1784841797335,1,0,0,119.41
1784841797471,0,98,57,700.04
1784841797471,1,0,0,119.38
1784841797607,0,98,57,695.09
1784841797607,1,0,0,119.41
1784841797742,0,89,50,690.30
1784841797742,1,0,0,119.40
1784841797877,0,89,50,689.42
1784841797877,1,0,0,119.39
1784841798014,0,95,49,687.79
1784841798014,1,0,0,119.41
1784841798150,0,98,57,683.43
1784841798150,1,0,0,119.43
1784841798286,0,98,57,685.47
1784841798286,1,0,0,119.40
1784841798424,0,98,56,679.80
1784841798424,1,0,0,119.42
1784841798560,0,98,55,682.41
1784841798560,1,0,0,119.42
1784841798698,0,98,55,675.64
1784841798698,1,0,0,119.41
1784841798838,0,98,64,642.24
1784841798838,1,0,0,119.41
1784841798973,0,27,17,595.65
1784841798973,1,0,0,121.93
1784841799108,0,27,17,558.77
1784841799108,1,54,31,139.87
1784841799241,0,0,0,448.95
1784841799241,1,0,0,139.84
1784841799376,0,0,0,399.05
1784841799376,1,0,0,140.27
1784841799511,0,0,0,345.55
1784841799511,1,0,0,139.97
1784841799646,0,0,0,236.18
1784841799646,1,12,2,140.20
1784841799782,0,34,5,196.27
1784841799782,1,82,47,198.01
1784841799918,0,0,0,155.12
1784841799918,1,82,47,243.61
1784841800054,0,0,0,145.00
1784841800054,1,79,41,281.67
1784841800189,0,0,0,143.90
1784841800189,1,99,51,392.86
1784841800325,0,0,0,142.89
1784841800325,1,99,51,458.42
1784841800460,0,0,0,142.52
1784841800460,1,100,49,513.11
1784841800598,0,0,0,142.20
1784841800598,1,92,50,634.23
1784841800735,0,0,0,139.34
1784841800735,1,92,50,654.98
1784841800872,0,0,0,139.17
1784841800872,1,87,51,680.17
1784841801009,0,0,0,138.92
1784841801009,1,99,56,685.42
1784841801146,0,0,0,138.58
1784841801146,1,99,56,674.04
1784841801284,0,0,0,138.42
1784841801284,1,96,50,677.95
1784841801420,0,0,0,138.15
1784841801420,1,100,51,668.60
1784841801555,0,0,0,137.96
1784841801555,1,100,51,669.30
1784841801691,0,0,0,137.77
1784841801691,1,95,60,656.05
1784841801828,0,0,0,137.36
1784841801828,1,99,65,655.55
1784841801964,0,0,0,137.22
1784841801964,1,99,65,660.11
1784841802101,0,0,0,137.06
1784841802101,1,98,62,655.26
1784841802237,0,0,0,136.72
1784841802237,1,92,60,639.70
1784841802372,0,0,0,136.51
1784841802372,1,92,60,636.12
1784841802508,0,0,0,136.37
1784841802508,1,96,65,625.61
1784841802644,0,0,0,136.18
1784841802644,1,90,53,618.14
1784841802779,0,0,0,136.10
1784841802779,1,100,64,615.52
1784841802916,0,0,0,135.96
1784841802916,1,100,64,598.65
1784841803051,0,0,0,135.87
1784841803051,1,100,68,588.71
1784841803188,0,0,0,135.80
1784841803188,1,95,61,572.70
1784841803323,0,0,0,135.62
1784841803323,1,95,61,563.59
1784841803459,0,0,0,135.57
1784841803459,1,95,57,567.48
1784841803596,0,0,0,135.52
1784841803596,1,98,65,560.56
1784841803733,0,0,0,135.37
1784841803733,1,98,65,544.73
1784841803869,0,0,0,135.29
1784841803869,1,100,70,541.30
1784841804005,0,0,0,135.23
1784841804005,1,100,57,550.63
1784841804141,0,0,0,135.13
1784841804141,1,100,57,551.45
1784841804277,0,0,0,135.05
1784841804277,1,100,68,547.62
1784841804415,0,0,0,134.96
1784841804415,1,91,59,545.79
1784841804552,0,0,0,134.88
1784841804552,1,91,59,538.99
1784841804688,0,0,0,134.84
1784841804688,1,100,65,556.46
1784841804824,0,0,0,134.74
1784841804824,1,94,59,563.49
1784841804961,0,0,0,134.69
1784841804961,1,94,59,564.31
1784841805099,0,0,0,134.63
1784841805099,1,100,54,580.03
1784841805236,0,0,0,134.56
1784841805236,1,100,70,579.76
1784841805372,0,0,0,134.51
1784841805372,1,100,70,569.47
1784841805509,0,0,0,134.46
1784841805509,1,100,69,563.83
1784841805645,0,0,0,134.38
1784841805645,1,98,60,558.08
1784841805781,0,0,0,134.32
1784841805781,1,97,60,554.75
1784841805918,0,0,0,134.22
1784841805918,1,97,60,551.66
1784841806054,0,0,0,134.18
1784841806054,1,97,58,542.63
1784841806191,0,0,0,134.14
1784841806191,1,98,61,546.14
1784841806327,0,0,0,134.07
1784841806327,1,98,61,559.84
1784841806463,0,0,0,134.07
1784841806463,1,100,62,569.87
1784841806601,0,0,0,134.04
1784841806601,1,99,64,565.98
1784841806738,0,0,0,133.99
1784841806738,1,99,64,570.76
1784841806875,0,0,0,133.95
1784841806875,1,100,68,562.80
1784841807012,0,0,0,133.92
1784841807012,1,98,62,546.49
1784841807150,0,0,0,133.87
1784841807150,1,98,62,544.60
1784841807286,0,0,0,133.84
1784841807286,1,92,54,528.21
1784841807423,0,0,0,133.74
1784841807423,1,99,60,526.73
1784841807560,0,0,0,133.71
1784841807560,1,99,60,528.96
1784841807695,0,0,0,133.71
1784841807695,1,99,60,536.30
1784841807833,0,0,0,133.66
1784841807833,1,100,65,539.76
1784841807969,0,0,0,133.65
1784841807969,1,100,65,549.46
1784841808105,0,0,0,133.62
1784841808105,1,99,65,545.56
1784841808241,0,0,0,133.57
1784841808241,1,98,64,540.13
1784841808376,0,0,0,133.55
1784841808376,1,98,64,552.27
1784841808511,0,0,0,133.53
1784841808511,1,99,66,543.28
1784841808646,0,0,0,133.48
1784841808646,1,94,59,537.51
1784841808784,0,0,0,133.45
1784841808784,1,100,69,527.57
1784841808920,0,0,0,133.40
1784841808920,1,100,69,516.59
1784841809057,0,0,0,133.39
1784841809057,1,98,65,514.85
1784841809194,0,0,0,133.38
1784841809194,1,100,66,516.85
1784841809331,0,0,0,133.32
1784841809331,1,100,66,501.61
1784841809469,0,0,0,133.32
1784841809469,1,99,65,506.02
1784841809608,0,0,0,133.30
1784841809608,1,97,62,512.52
1784841809744,0,0,0,133.24
1784841809744,1,97,62,516.82
1784841809881,0,0,0,133.24
1784841809881,1,100,64,517.72
1784841810017,0,0,0,133.22
1784841810017,1,91,51,529.32
1784841810158,0,0,0,133.21
1784841810158,1,91,51,524.20
1784841810296,0,0,0,133.19
1784841810296,1,95,60,535.38
1784841810432,0,0,0,133.16
1784841810432,1,93,58,528.91
1784841810569,0,0,0,133.14
1784841810569,1,93,58,518.03
1784841810704,0,0,0,133.15
1784841810704,1,100,67,520.63
1784841810841,0,0,0,133.14
1784841810841,1,99,65,521.10
1784841810978,0,0,0,133.12
1784841810978,1,99,65,521.17
1784841811115,0,0,0,133.12
1784841811115,1,99,67,506.85
1784841811251,0,0,0,133.10
1784841811251,1,99,67,504.20
1784841811387,0,0,0,133.11
1784841811387,1,95,49,534.52
1784841811523,0,0,0,133.07
1784841811523,1,95,49,543.31
1784841811662,0,0,0,133.07
1784841811662,1,94,60,540.26
1784841811798,0,0,0,133.07
1784841811798,1,100,65,555.45
1784841811935,0,0,0,133.05
1784841811935,1,100,65,550.85
1784841812072,0,0,0,133.04
1784841812072,1,99,63,559.70
1784841812208,0,0,0,133.03
1784841812208,1,100,67,565.13
1784841812344,0,0,0,132.99
1784841812344,1,100,67,552.03
1784841812480,0,0,0,132.98
1784841812480,1,92,56,541.07
1784841812615,0,0,0,132.98
1784841812615,1,98,61,527.90
1784841812750,0,0,0,132.96
1784841812750,1,98,61,522.56
1784841812886,0,0,0,132.97
1784841812886,1,96,57,534.47
1784841813025,0,0,0,132.96
1784841813025,1,90,55,536.95
1784841813161,0,0,0,132.95
1784841813161,1,90,55,527.11
1784841813299,0,0,0,132.96
1784841813299,1,97,63,556.14
1784841813435,0,0,0,132.97
1784841813435,1,100,61,546.12
1784841813571,0,0,0,132.98
1784841813571,1,100,61,551.30
1784841813707,0,0,0,132.98
1784841813707,1,96,62,542.15
1784841813844,0,0,0,132.96
1784841813844,1,97,63,531.28
1784841813979,0,0,0,132.96
1784841813979,1,97,63,519.71
1784841814114,0,0,0,132.94
1784841814114,1,98,63,508.74
1784841814251,0,0,0,132.92
1784841814251,1,100,67,501.30
1784841814387,0,0,0,132.91
1784841814387,1,97,66,477.45
1784841814525,0,0,0,132.90
1784841814525,1,97,66,471.64
1784841814663,0,0,0,132.88
1784841814663,1,97,64,467.71
1784841814800,0,0,0,132.88
1784841814800,1,99,60,480.67
1784841814938,0,0,0,132.85
1784841814938,1,99,60,487.23
1784841815075,0,0,0,132.85
1784841815075,1,96,61,489.68
1784841815212,0,0,0,132.84
1784841815212,1,100,64,510.21
1784841815349,0,0,0,132.82
1784841815349,1,100,64,510.32
1784841815486,0,0,0,132.79
1784841815486,1,99,61,534.43
1784841815626,0,0,0,132.79
1784841815626,1,92,52,548.76
1784841815762,0,0,0,132.78
1784841815762,1,92,52,542.22
1784841815900,0,0,0,132.77
1784841815900,1,99,60,544.09
1784841816037,0,0,0,132.76
1784841816037,1,95,54,550.07
1784841816173,0,0,0,132.74
1784841816173,1,95,54,556.97
1784841816310,0,0,0,132.76
1784841816310,1,95,59,551.56
1784841816446,0,0,0,132.74
1784841816446,1,93,63,539.18
1784841816584,0,0,0,132.75
1784841816584,1,93,63,530.55
1784841816722,0,0,0,132.73
1784841816722,1,94,53,534.84
1784841816859,0,0,0,132.70
1784841816859,1,99,60,534.21
1784841816995,0,0,0,132.72
1784841816995,1,96,59,537.79
1784841817131,0,0,0,132.71
1784841817131,1,96,59,545.24
1784841817267,0,0,0,132.72
1784841817267,1,93,46,559.82
1784841817403,0,0,0,132.73
1784841817403,1,100,62,588.15
1784841817539,0,0,0,132.72
1784841817539,1,100,62,590.46
1784841817676,0,0,0,132.72
1784841817676,1,100,61,599.96
1784841817813,0,0,0,132.73
1784841817813,1,100,59,611.51
1784841817949,0,0,0,132.75
1784841817949,1,100,59,615.20
1784841818085,0,0,0,132.74
1784841818085,1,99,61,603.02
1784841818222,0,0,0,132.72
1784841818222,1,93,59,588.13
1784841818359,0,0,0,132.71
1784841818359,1,93,59,588.73
1784841818496,0,0,0,132.70
1784841818496,1,93,51,593.57
1784841818633,0,0,0,132.71
1784841818633,1,98,52,611.05
1784841818770,0,0,0,132.71
1784841818770,1,98,52,615.91
1784841818908,0,0,0,132.71
1784841818908,1,100,62,614.00
1784841819045,0,0,0,132.71
1784841819045,1,98,57,622.79
1784841819181,0,0,0,132.70
1784841819181,1,98,57,624.48
1784841819315,0,0,0,132.72
1784841819315,1,99,64,624.23
1784841819452,0,0,0,132.69
1784841819452,1,98,59,629.80
1784841819591,0,0,0,132.69
1784841819591,1,98,56,597.88
1784841819729,0,0,0,132.66
1784841819729,1,98,56,591.43
1784841819864,0,0,0,132.65
1784841819864,1,100,52,604.67
1784841820003,0,0,0,132.63
1784841820003,1,100,61,601.18
1784841820140,0,0,0,132.64
1784841820140,1,100,61,608.97
1784841820276,0,0,0,132.63
1784841820276,1,98,57,608.77
1784841820413,0,0,0,132.62
1784841820413,1,100,66,586.96
1784841820551,0,0,0,132.62
1784841820551,1,100,66,588.84
1784841820688,0,0,0,132.61
1784841820688,1,99,65,573.09
1784841820826,0,0,0,132.61
1784841820826,1,99,64,560.11
1784841820963,0,0,0,132.59
1784841820963,1,99,64,550.40
1784841821099,0,0,0,132.59
1784841821099,1,100,66,525.06
1784841821235,0,0,0,132.56
1784841821235,1,99,63,515.11
1784841821372,0,0,0,132.55
1784841821372,1,99,63,514.80
1784841821509,0,0,0,132.56
1784841821509,1,98,61,513.17
1784841821646,0,0,0,132.52
1784841821646,1,92,53,513.97
1784841821783,0,0,0,132.52
1784841821783,1,92,53,516.65
1784841821919,0,0,0,132.50
1784841821919,1,100,65,533.64
1784841822055,0,0,0,132.48
1784841822055,1,99,62,541.60
1784841822193,0,0,0,132.47
1784841822193,1,100,66,551.54
1784841822330,0,0,0,132.45
1784841822330,1,100,66,567.90
1784841822467,0,0,0,132.43
1784841822467,1,97,53,574.50
1784841822603,0,0,0,132.42
1784841822603,1,100,54,591.71
1784841822741,0,0,0,132.44
1784841822741,1,100,54,591.38
1784841822878,0,0,0,132.45
1784841822878,1,100,64,597.96
1784841823015,0,0,0,132.46
1784841823015,1,90,56,590.83
1784841823152,0,0,0,132.47
1784841823152,1,90,56,589.70
1784841823288,0,0,0,132.47
1784841823288,1,94,61,568.16
1784841823427,0,0,0,132.49
1784841823427,1,100,66,563.44
1784841823564,0,0,0,132.48
1784841823564,1,100,66,549.32
1784841823701,0,0,0,132.48
1784841823701,1,100,67,541.37
1784841823837,0,0,0,132.47
1784841823837,1,100,67,524.79
1784841823973,0,0,0,132.47
1784841823973,1,100,67,528.21
1784841824110,0,0,0,132.49
1784841824110,1,99,64,525.84
1784841824247,0,0,0,132.50
1784841824247,1,100,64,528.14
1784841824383,0,0,0,132.51
1784841824383,1,100,64,515.12
1784841824519,0,0,0,132.50
1784841824519,1,100,67,519.34
1784841824658,0,0,0,132.49
1784841824658,1,97,62,523.83
1784841824794,0,0,0,132.48
1784841824794,1,100,67,539.87
1784841824930,0,0,0,132.46
1784841824930,1,100,67,544.92
1784841825067,0,0,0,132.45
1784841825067,1,99,59,556.93
1784841825204,0,0,0,132.42
1784841825204,1,93,51,571.26
1784841825342,0,0,0,132.39
1784841825342,1,93,51,585.04
1784841825478,0,0,0,132.38
1784841825478,1,98,56,599.21
1784841825614,0,0,0,132.37
1784841825614,1,99,61,591.10
1784841825750,0,0,0,132.40
1784841825750,1,99,61,601.84
1784841825887,0,0,0,132.40
1784841825887,1,93,55,603.66
1784841826025,0,0,0,132.41
1784841826025,1,98,59,599.91
1784841826161,0,0,0,132.40
1784841826161,1,98,59,584.32
1784841826297,0,0,0,132.40
1784841826297,1,97,62,594.98
1784841826432,0,0,0,132.41
1784841826432,1,91,54,585.94
1784841826578,0,0,0,132.39
1784841826578,1,91,54,574.48
1784841826714,0,0,0,132.40
1784841826714,1,92,56,560.56
1784841826850,0,0,0,132.38
1784841826850,1,97,60,573.87
1784841826986,0,0,0,132.40
1784841826986,1,97,60,570.24
1784841827123,0,0,0,132.38
1784841827123,1,100,58,578.51
1784841827259,0,0,0,132.38
1784841827259,1,96,56,569.68
1784841827395,0,0,0,132.39
1784841827395,1,97,62,558.16
1784841827532,0,0,0,132.37
1784841827532,1,97,62,554.08
1784841827668,0,0,0,132.36
1784841827668,1,92,54,557.55
1784841827804,0,0,0,132.34
1784841827804,1,97,55,561.30
1784841827940,0,0,0,132.30
1784841827940,1,97,55,556.53
1784841828076,0,0,0,132.30
1784841828076,1,94,60,548.15
1784841828212,0,0,0,132.28
1784841828212,1,100,62,542.20
1784841828348,0,0,0,132.29
1784841828348,1,100,62,535.83
1784841828483,0,0,0,132.28
1784841828483,1,99,63,529.75
1784841828619,0,0,0,132.29
1784841828619,1,87,49,527.76
1784841828757,0,0,0,132.28
1784841828757,1,87,49,518.02
1784841828894,0,0,0,132.27
1784841828894,1,95,60,498.25
1784841829030,0,0,0,132.25
1784841829030,1,97,65,491.49
1784841829167,0,0,0,132.23
1784841829167,1,97,65,492.76
1784841829304,0,0,0,132.20
1784841829304,1,97,63,482.71
1784841829440,0,0,0,132.19
1784841829440,1,100,70,481.16
1784841829576,0,0,0,132.21
1784841829576,1,100,70,474.63
1784841829712,0,0,0,132.21
1784841829712,1,100,69,475.35
1784841829850,0,0,0,132.18
1784841829850,1,95,59,475.31
1784841829987,0,0,0,132.20
1784841829987,1,95,59,477.31
1784841830123,0,0,0,132.20
1784841830123,1,100,70,478.85
1784841830259,0,0,0,132.23
1784841830259,1,100,70,466.40
1784841830396,0,0,0,132.24
1784841830396,1,98,65,468.85
1784841830532,0,0,0,132.21
1784841830532,1,98,65,467.51
1784841830669,0,0,0,132.19
1784841830669,1,100,67,466.56
1784841830805,0,0,0,132.20
1784841830805,1,100,70,455.11
1784841830941,0,0,0,132.18
1784841830941,1,100,70,452.29
1784841831077,0,0,0,132.17
1784841831077,1,100,69,450.07
1784841831213,0,0,0,132.17
1784841831213,1,94,62,442.49
1784841831349,0,0,0,132.14
1784841831349,1,94,62,443.44
1784841831486,0,0,0,132.12
1784841831486,1,96,62,437.08
1784841831623,0,0,0,132.15
1784841831623,1,100,65,424.11
1784841831760,0,0,0,132.14
1784841831760,1,100,65,420.42
1784841831897,0,0,0,132.15
1784841831897,1,100,67,417.49
1784841832035,0,0,0,132.14
1784841832035,1,100,67,411.77
1784841832172,0,0,0,132.13
1784841832172,1,100,67,409.89
1784841832309,0,0,0,132.13
1784841832309,1,100,67,407.31
1784841832445,0,0,0,132.12
1784841832445,1,100,67,400.22
1784841832583,0,0,0,132.12
1784841832583,1,100,67,400.58
1784841832719,0,0,0,132.10
1784841832719,1,100,67,397.86
1784841832855,0,0,0,132.10
1784841832855,1,100,67,396.55
1784841832989,0,0,0,132.10
1784841832989,1,100,67,391.43
1784841833125,0,0,0,132.05
1784841833125,1,100,67,389.92
1784841833259,0,0,0,132.05
1784841833259,1,100,67,390.47
1784841833395,0,0,0,132.03
1784841833395,1,100,67,391.23
1784841833532,0,0,0,132.03
1784841833532,1,100,67,391.36
1784841833668,0,0,0,132.03
1784841833668,1,100,67,391.23
1784841833803,0,0,0,132.02
1784841833803,1,100,67,392.09
1784841833938,0,0,0,132.00
1784841833938,1,100,67,391.72
1784841834075,0,0,0,131.99
1784841834075,1,100,67,391.21
1784841834212,0,0,0,132.00
1784841834212,1,100,67,390.52
1784841834349,0,0,0,131.99
1784841834349,1,100,67,389.72
1784841834487,0,0,0,131.98
1784841834487,1,100,66,388.25
1784841834624,0,0,0,131.97
1784841834624,1,100,67,386.37
1784841834760,0,0,0,131.97
1784841834760,1,100,67,385.72
1784841834896,0,0,0,131.97
1784841834896,1,100,67,383.52
1784841835032,0,0,0,132.00
1784841835032,1,100,67,383.69
1784841835167,0,0,0,131.99
1784841835167,1,100,67,383.49
1784841835303,0,0,0,131.98
1784841835303,1,100,67,383.04
1784841835438,0,0,0,131.99
1784841835438,1,100,67,383.09
1784841835573,0,0,0,131.95
1784841835573,1,100,67,382.72
1784841835710,0,0,0,131.94
1784841835710,1,100,67,381.44
1784841835846,0,0,0,131.93
1784841835846,1,100,66,381.00
1784841835981,0,0,0,131.91
1784841835981,1,100,66,380.23
1784841836117,0,0,0,131.90
1784841836117,1,100,66,378.00
1784841836252,0,0,0,131.93
1784841836252,1,100,66,377.27
1784841836387,0,0,0,131.93
1784841836387,1,100,66,377.00
1784841836524,0,0,0,131.93
1784841836524,1,100,66,375.47
1784841836659,0,0,0,131.93
1784841836659,1,100,66,375.45
1784841836795,0,0,0,131.93
1784841836795,1,100,66,374.40
1784841836928,0,0,0,131.93
1784841836928,1,80,53,335.55
1784841837061,0,0,0,131.93
1784841837061,1,0,0,311.76
1784841837194,0,0,0,131.91
1784841837194,1,0,0,289.17
1784841837328,0,0,0,131.89
1784841837328,1,0,0,240.53
1784841837464,0,0,0,131.91
1784841837464,1,0,0,216.68
1784841837597,0,0,0,131.91
1784841837597,1,0,0,165.09
1784841837730,0,0,0,131.91
1784841837730,1,0,0,145.89
1784841837862,0,0,0,131.93
1784841837862,1,0,0,132.48
1784841837997,0,0,0,131.92
1784841837997,1,0,0,131.23
1784841838130,0,0,0,131.94
1784841838130,1,0,0,131.06
1784841838263,0,0,0,131.96
1784841838263,1,0,0,131.03
1784841838396,0,0,0,131.97
1784841838396,1,0,0,131.05
1784841838529,0,0,0,131.96
1784841838529,1,0,0,130.69
1784841838662,0,0,0,131.96
1784841838662,1,0,0,130.40
1784841838796,0,15,9,167.28
1784841838796,1,0,0,129.88
1784841838931,0,95,51,287.65
1784841838931,1,0,0,129.64
1784841839066,0,95,51,340.11
1784841839066,1,0,0,129.33
1784841839201,0,98,56,396.21
1784841839201,1,0,0,128.85
1784841839335,0,98,56,513.81
1784841839335,1,0,0,128.65
1784841839469,0,98,56,571.78
1784841839469,1,0,0,128.36
1784841839605,0,98,57,627.73
1784841839605,1,0,0,128.30
1784841839741,0,91,51,692.51
1784841839741,1,0,0,128.26
1784841839876,0,91,51,687.12
1784841839876,1,0,0,128.23
1784841840011,0,95,51,689.72
1784841840011,1,0,0,128.18
1784841840145,0,98,56,686.00
1784841840145,1,0,0,128.14
1784841840280,0,98,56,687.89
1784841840280,1,0,0,128.09
1784841840416,0,98,57,682.89
1784841840416,1,0,0,128.02
1784841840550,0,98,56,684.24
1784841840550,1,0,0,128.00
1784841840684,0,98,56,685.79
1784841840684,1,0,0,127.96
1784841840819,0,90,53,692.57
1784841840819,1,0,0,127.91
1784841840954,0,95,51,693.91
1784841840954,1,0,0,127.92
1784841841089,0,95,51,686.74
1784841841089,1,0,0,127.89
1784841841225,0,98,56,681.93
1784841841225,1,0,0,127.88
1784841841362,0,98,57,686.52
1784841841362,1,0,0,127.87
1784841841498,0,98,57,686.94
1784841841498,1,0,0,127.79
1784841841636,0,97,58,686.90
1784841841636,1,0,0,127.77
1784841841771,0,91,54,686.43
1784841841771,1,0,0,127.75
1784841841906,0,91,54,686.06
1784841841906,1,0,0,127.69
1784841842041,0,95,52,661.75
1784841842041,1,0,0,127.66
1784841842176,0,92,43,666.89
1784841842176,1,0,0,127.63
1784841842310,0,92,43,662.70
1784841842310,1,0,0,127.58
1784841842446,0,98,58,666.89
1784841842446,1,0,0,127.57
1784841842580,0,98,57,667.03
1784841842580,1,0,0,127.56
1784841842715,0,98,57,665.29
1784841842715,1,0,0,127.53
1784841842849,0,97,58,668.45
1784841842849,1,0,0,127.52
1784841842983,0,95,52,672.47
1784841842983,1,0,0,127.50
1784841843124,0,95,52,692.75
1784841843124,1,0,0,127.48
1784841843260,0,93,47,694.40
1784841843260,1,0,0,127.46
1784841843396,0,98,58,692.82
1784841843396,1,0,0,127.42
1784841843532,0,97,57,688.51
1784841843532,1,0,0,127.41
1784841843668,0,97,57,691.25
1784841843668,1,0,0,127.38
1784841843802,0,98,59,689.20
1784841843802,1,0,0,127.35
1784841843934,0,95,52,683.11
1784841843934,1,0,0,127.34
1784841844069,0,95,52,689.20
1784841844069,1,0,0,127.32
1784841844205,0,93,46,689.03
1784841844205,1,0,0,127.28
1784841844340,0,98,57,686.46
1784841844340,1,0,0,127.26
1784841844477,0,98,57,688.11
1784841844477,1,0,0,127.25
1784841844613,0,98,57,684.11
1784841844613,1,0,0,127.19
1784841844749,0,98,57,683.16
1784841844749,1,0,0,127.17
1784841844884,0,98,57,681.63
1784841844884,1,0,0,127.15
1784841845019,0,95,52,684.18
1784841845019,1,0,0,127.11
1784841845153,0,92,46,682.73
1784841845153,1,0,0,127.09
1784841845289,0,92,46,687.37
1784841845289,1,0,0,127.09
1784841845424,0,98,57,686.42
1784841845424,1,0,0,127.05
1784841845561,0,98,58,688.56
1784841845561,1,0,0,127.03
1784841845699,0,98,58,688.95
1784841845699,1,0,0,127.00
1784841845835,0,98,56,689.90
1784841845835,1,0,0,126.99
1784841845971,0,93,50,689.34
1784841845971,1,0,0,126.97
1784841846108,0,93,50,688.11
1784841846108,1,0,0,126.93
1784841846243,0,92,46,691.14
1784841846243,1,0,0,126.92
1784841846379,0,98,55,691.07
1784841846379,1,0,0,126.89
1784841846515,0,98,55,694.29
1784841846515,1,0,0,126.87
1784841846651,0,98,56,690.74
1784841846651,1,0,0,126.86
1784841846786,0,98,56,689.66
1784841846786,1,0,0,126.83
1784841846921,0,98,56,686.97
1784841846921,1,0,0,126.82
1784841847057,0,88,50,683.45
1784841847057,1,0,0,126.79
1784841847192,0,90,47,686.49
1784841847192,1,0,0,126.76
1784841847327,0,90,47,684.13
1784841847327,1,0,0,126.73
1784841847463,0,98,57,683.70
1784841847463,1,0,0,126.69
1784841847599,0,98,56,685.80
1784841847599,1,0,0,126.63
1784841847733,0,98,57,685.80
1784841847733,1,0,0,126.61
1784841847868,0,98,57,687.34
1784841847868,1,0,0,126.58
1784841848005,0,89,50,688.14
1784841848005,1,0,0,126.52
1784841848140,0,96,50,687.55
1784841848140,1,0,0,126.50
1784841848274,0,96,50,680.36
1784841848274,1,0,0,126.45
1784841848409,0,98,56,679.70
1784841848409,1,0,0,126.43
1784841848543,0,98,54,678.48
1784841848543,1,0,0,126.42
1784841848678,0,98,54,681.20
1784841848678,1,0,0,126.37
1784841848814,0,98,56,683.08
1784841848814,1,0,0,126.33
1784841848947,0,90,52,688.61
1784841848947,1,0,0,126.30
1784841849083,0,90,52,686.20
1784841849083,1,0,0,126.26
1784841849218,0,95,50,693.66
1784841849218,1,0,0,126.24
1784841849353,0,98,57,693.20
1784841849353,1,0,0,126.20
1784841849487,0,98,57,688.32
1784841849487,1,0,0,126.15
1784841849623,0,98,57,687.60
1784841849623,1,0,0,126.14
1784841849757,0,98,57,688.92
1784841849757,1,0,0,126.11
1784841849893,0,98,57,690.63
1784841849893,1,0,0,126.07
1784841850028,0,89,53,689.07
1784841850028,1,0,0,126.09
1784841850162,0,95,53,698.60
1784841850162,1,0,0,126.04
1784841850296,0,95,53,691.60
1784841850296,1,0,0,126.01
1784841850432,0,98,58,688.89
1784841850432,1,0,0,126.03
1784841850567,0,98,57,694.77
1784841850567,1,0,0,125.98
1784841850702,0,98,57,691.04
1784841850702,1,0,0,125.98
1784841850836,0,98,58,688.00
1784841850836,1,0,0,125.97
1784841850970,0,95,56,687.31
1784841850970,1,0,0,125.94
1784841851105,0,95,56,684.32
1784841851105,1,0,0,125.91
1784841851239,0,95,52,682.48
1784841851239,1,0,0,125.88
1784841851374,0,98,54,684.60
1784841851374,1,0,0,125.84
1784841851510,0,98,54,685.36
1784841851510,1,0,0,125.81
1784841851645,0,98,59,681.88
1784841851645,1,0,0,125.79
1784841851781,0,98,58,681.33
1784841851781,1,0,0,125.75
1784841851917,0,98,58,683.35
1784841851917,1,0,0,125.73
1784841852051,0,98,58,687.14
1784841852051,1,0,0,125.71
1784841852185,0,95,51,690.25
1784841852185,1,0,0,125.69
1784841852320,0,95,51,690.30
1784841852320,1,0,0,125.66
1784841852457,0,99,52,688.47
1784841852457,1,0,0,125.64
1784841852593,0,98,58,688.90
1784841852593,1,0,0,125.62
1784841852731,0,98,58,690.30
1784841852731,1,0,0,125.57
1784841852866,0,98,59,690.45
1784841852866,1,0,0,125.53
1784841852999,0,98,57,690.61
1784841852999,1,0,0,125.47
1784841853135,0,95,52,690.56
1784841853135,1,0,0,125.44
1784841853270,0,95,52,689.84
1784841853270,1,0,0,125.40
1784841853404,0,99,52,690.27
1784841853404,1,0,0,125.35
1784841853540,0,98,59,686.36
1784841853540,1,0,0,125.33
1784841853677,0,98,59,683.39
1784841853677,1,0,0,125.31
1784841853819,0,98,60,685.56
1784841853819,1,0,0,125.26
1784841853955,0,96,59,679.99
1784841853955,1,0,0,125.25
1784841854090,0,96,59,675.58
1784841854090,1,0,0,125.22
1784841854224,0,94,50,679.59
1784841854224,1,0,0,125.02
1784841854358,0,98,52,682.36
1784841854358,1,0,0,124.93
1784841854495,0,98,52,686.00
1784841854495,1,0,0,124.87
1784841854631,0,98,55,690.66
1784841854631,1,0,0,124.71
1784841854767,0,98,56,688.52
1784841854767,1,0,0,124.64
1784841854902,0,98,56,687.30
1784841854902,1,0,0,124.51
1784841855037,0,98,56,684.39
1784841855037,1,0,0,124.43
1784841855173,0,94,52,686.35
1784841855173,1,0,0,124.36
1784841855309,0,94,52,687.41
1784841855309,1,0,0,124.43
1784841855443,0,98,52,688.94
1784841855443,1,0,0,124.42
1784841855577,0,98,56,689.95
1784841855577,1,0,0,124.39
1784841855713,0,98,56,689.22
1784841855713,1,0,0,124.38
1784841855848,0,98,56,688.65
1784841855848,1,0,0,124.35
1784841855982,0,98,56,688.09
1784841855982,1,0,0,124.32
1784841856118,0,98,56,686.28
1784841856118,1,0,0,124.29
1784841856253,0,94,52,683.84
1784841856253,1,0,0,124.25
1784841856388,0,93,48,682.78
1784841856388,1,0,0,124.23
1784841856523,0,93,48,683.02
1784841856523,1,0,0,124.15
1784841856658,0,98,59,678.95
1784841856658,1,0,0,124.13
1784841856793,0,98,59,681.14
1784841856793,1,0,0,124.07
1784841856930,0,98,59,682.41
1784841856930,1,0,0,124.05
1784841857065,0,98,58,688.63
1784841857065,1,0,0,124.02
1784841857199,0,94,50,690.10
1784841857199,1,0,0,123.96
1784841857335,0,93,53,694.61
1784841857335,1,0,0,123.92
1784841857468,0,93,53,693.16
1784841857468,1,0,0,123.91
1784841857604,0,98,57,696.98
1784841857604,1,0,0,123.88
1784841857740,0,98,56,697.99
1784841857740,1,0,0,123.83
1784841857875,0,98,56,699.56
1784841857875,1,0,0,123.82
1784841858010,0,98,57,704.44
1784841858010,1,0,0,123.75
1784841858147,0,94,50,701.53
1784841858147,1,0,0,123.72
1784841858282,0,94,50,700.96
1784841858282,1,0,0,123.71
1784841858418,0,93,46,693.23
1784841858418,1,0,0,123.66
1784841858553,0,98,56,691.84
1784841858553,1,0,0,123.62
1784841858690,0,98,56,694.32
1784841858690,1,0,0,123.61
1784841858826,0,98,57,690.42
1784841858826,1,0,0,123.57
1784841858961,0,98,56,689.05
1784841858961,1,0,0,123.55
1784841859095,0,98,56,685.58
1784841859095,1,0,0,123.55
1784841859229,0,95,50,688.87
1784841859229,1,0,0,123.50
1784841859364,0,93,45,685.44
1784841859364,1,0,0,123.47
1784841859500,0,93,45,687.60
1784841859500,1,0,0,123.45
1784841859635,0,98,57,684.92
1784841859635,1,0,0,123.42
1784841859771,0,98,57,685.49
1784841859771,1,0,0,123.41
1784841859906,0,98,57,687.80
1784841859906,1,0,0,123.38
1784841860041,0,98,56,687.03
1784841860041,1,0,0,123.36
1784841860176,0,95,51,688.55
1784841860176,1,0,0,123.35
1784841860312,0,95,51,689.66
1784841860312,1,0,0,123.30
1784841860449,0,92,44,693.97
1784841860449,1,0,0,123.27
1784841860585,0,98,57,686.51
1784841860585,1,0,0,123.27
1784841860719,0,98,57,685.83
1784841860719,1,0,0,123.19
1784841860853,0,98,57,685.61
1784841860853,1,0,0,123.16
1784841860987,0,98,57,684.86
1784841860987,1,0,0,123.16
1784841861123,0,98,57,687.90
1784841861123,1,0,0,123.08
1784841861258,0,94,51,690.02
1784841861258,1,0,0,123.06
1784841861392,0,92,44,689.62
1784841861392,1,0,0,123.06
1784841861528,0,92,44,689.32
1784841861528,1,0,0,123.02
1784841861663,0,98,56,695.00
1784841861663,1,0,0,123.02
1784841861799,0,98,57,693.20
1784841861799,1,0,0,122.97
1784841861935,0,98,57,695.20
1784841861935,1,0,0,122.95
1784841862070,0,98,56,696.75
1784841862070,1,0,0,122.94
1784841862205,0,95,53,692.34
1784841862205,1,0,0,122.89
1784841862339,0,11,6,627.15
1784841862339,1,0,0,122.88
1784841862472,0,11,6,573.02
1784841862472,1,0,0,122.88
1784841862606,0,0,0,515.59
1784841862606,1,0,0,122.81
1784841862741,0,69,30,456.54
1784841862741,1,0,0,122.79
1784841862879,0,69,30,456.85
1784841862879,1,0,0,122.79
1784841863015,0,98,59,461.14
1784841863015,1,0,0,122.78
1784841863150,0,98,59,462.28
1784841863150,1,0,0,122.76
1784841863286,0,98,59,485.56
1784841863286,1,0,0,122.78
1784841863422,0,98,59,527.97
1784841863422,1,0,0,122.71
1784841863558,0,89,51,633.71
1784841863558,1,0,0,122.69
1784841863695,0,89,51,687.29
1784841863695,1,0,0,122.71
1784841863829,0,93,47,689.30
1784841863829,1,0,0,122.66
1784841863966,0,98,57,681.04
1784841863966,1,0,0,122.62
1784841864100,0,98,57,684.33
1784841864100,1,0,0,122.58
1784841864235,0,98,57,682.27
1784841864235,1,0,0,122.56
1784841864372,0,98,57,683.72
1784841864372,1,0,0,122.56
1784841864508,0,98,57,684.18
1784841864508,1,0,0,122.46
1784841864643,0,88,51,688.92
1784841864643,1,0,0,122.50
1784841864780,0,96,48,688.38
1784841864780,1,0,0,122.43
1784841864915,0,96,48,698.76
1784841864915,1,0,0,122.41
1784841865051,0,98,55,696.84
1784841865051,1,0,0,122.44
1784841865188,0,98,56,694.06
1784841865188,1,0,0,122.38
1784841865323,0,98,56,692.57
1784841865323,1,0,0,122.35
1784841865459,0,98,56,688.22
1784841865459,1,0,0,122.40
1784841865595,0,90,51,683.60
1784841865595,1,0,0,122.41
1784841865730,0,90,51,680.95
1784841865730,1,0,0,122.36
1784841865866,0,95,50,678.74
1784841865866,1,0,0,122.36
1784841866002,0,98,56,677.55
1784841866002,1,0,0,122.32
1784841866136,0,98,55,674.96
1784841866136,1,0,0,122.34
1784841866273,0,98,55,675.20
1784841866273,1,0,0,122.32
1784841866408,0,98,55,676.27
1784841866408,1,0,0,122.28
1784841866544,0,91,53,681.99
1784841866544,1,0,0,122.29
1784841866680,0,91,53,682.37
1784841866680,1,0,0,122.27
1784841866816,0,94,51,683.49
1784841866816,1,0,0,122.24
1784841866950,0,98,52,678.78
1784841866950,1,0,0,122.22
1784841867087,0,98,52,683.80
1784841867087,1,0,0,122.19
1784841867222,0,98,57,685.49
1784841867222,1,0,0,122.13
1784841867358,0,98,57,686.23
1784841867358,1,0,0,122.11
1784841867494,0,98,57,688.32
1784841867494,1,0,0,122.09
1784841867629,0,98,57,688.91
1784841867629,1,0,0,122.19
1784841867764,0,95,51,693.54
1784841867764,1,0,0,122.15
1784841867900,0,95,51,694.87
1784841867900,1,0,0,122.13
1784841868037,0,98,51,685.06
1784841868037,1,0,0,122.15
1784841868174,0,98,58,685.00
1784841868174,1,0,0,122.13
1784841868309,0,98,58,682.36
1784841868309,1,0,0,122.13
1784841868444,0,98,58,677.36
1784841868444,1,0,0,122.14
1784841868578,0,98,58,676.26
1784841868578,1,0,0,122.13
1784841868713,0,98,58,676.67
1784841868713,1,0,0,122.12
1784841868848,0,95,51,677.19
1784841868848,1,0,0,122.11
1784841868983,0,98,52,676.68
1784841868983,1,0,0,122.09
1784841869119,0,98,52,682.67
1784841869119,1,0,0,122.07
1784841869255,0,98,57,687.15
1784841869255,1,0,0,122.08
1784841869389,0,98,57,686.04
1784841869389,1,0,0,122.17
1784841869524,0,98,57,683.26
1784841869524,1,0,0,122.18
1784841869661,0,98,56,680.51
1784841869661,1,0,0,122.16
1784841869796,0,94,51,675.20
1784841869796,1,0,0,122.15
1784841869930,0,94,51,681.64
1784841869930,1,0,0,122.13
1784841870066,0,98,52,687.40
1784841870066,1,0,0,122.13
1784841870209,0,98,57,685.54
1784841870209,1,0,0,122.25
1784841870344,0,98,57,686.19
1784841870344,1,0,0,122.12
1784841870495,0,98,57,684.32
1784841870495,1,0,0,122.11
1784841870631,0,98,55,684.13
1784841870631,1,0,0,121.99
1784841870764,0,95,51,684.07
1784841870764,1,0,0,122.07
1784841870898,0,95,51,686.41
1784841870898,1,0,0,122.08
1784841871034,0,93,49,686.06
1784841871034,1,0,0,122.05
1784841871172,0,98,55,686.89
1784841871172,1,0,0,121.92
1784841871309,0,98,55,692.15
1784841871309,1,0,0,121.90
1784841871446,0,98,57,690.74
1784841871446,1,0,0,121.88
1784841871581,0,98,56,692.73
1784841871581,1,0,0,121.86
1784841871717,0,98,56,688.51
1784841871717,1,0,0,121.74
1784841871850,0,95,51,691.25
1784841871850,1,0,0,121.72
1784841871985,0,93,46,686.17
1784841871985,1,0,0,121.71
1784841872120,0,93,46,681.84
1784841872120,1,0,0,121.70
1784841872255,0,98,59,679.76
1784841872255,1,0,0,121.65
1784841872392,0,98,59,677.02
1784841872392,1,0,0,121.65
1784841872528,0,98,59,682.15
1784841872528,1,0,0,121.65
1784841872666,0,98,59,687.49
1784841872666,1,0,0,121.64
1784841872800,0,95,52,690.54
1784841872800,1,0,0,121.74
1784841872942,0,93,46,686.22
1784841872942,1,0,0,121.74
1784841873082,0,93,46,686.77
1784841873082,1,0,0,121.66
1784841873216,0,98,57,691.05
1784841873216,1,0,0,121.61
1784841873352,0,98,56,692.74
1784841873352,1,0,0,121.59
1784841873488,0,98,56,689.36
1784841873488,1,0,0,121.54
1784841873622,0,98,56,687.71
1784841873622,1,0,0,121.42
1784841873757,0,95,52,691.83
1784841873757,1,0,0,121.29
1784841873891,0,95,52,692.91
1784841873891,1,0,0,121.23
1784841874025,0,93,44,687.20
1784841874025,1,0,0,121.20
1784841874160,0,98,58,688.93
1784841874160,1,0,0,121.17
1784841874294,0,98,58,689.25
1784841874294,1,0,0,121.19
1784841874429,0,98,58,688.92
1784841874429,1,0,0,121.15
1784841874563,0,98,58,690.08
1784841874563,1,0,0,121.15
1784841874698,0,98,58,691.56
1784841874698,1,0,0,121.17
1784841874832,0,95,52,691.71
1784841874832,1,0,0,121.11
1784841874966,0,93,45,698.16
1784841874966,1,0,0,121.08
1784841875101,0,93,45,697.51
1784841875101,1,0,0,121.09
1784841875236,0,98,57,697.42
1784841875236,1,0,0,121.07
1784841875371,0,98,58,696.38
1784841875371,1,0,0,121.06
1784841875507,0,98,58,696.57
1784841875507,1,0,0,121.04
1784841875643,0,98,56,699.71
1784841875643,1,0,0,121.03
1784841875779,0,95,52,698.09
1784841875779,1,0,0,121.02
1784841875915,0,95,52,692.67
1784841875915,1,0,0,121.01
1784841876053,0,92,46,688.74
1784841876053,1,0,0,121.00
1784841876188,0,98,58,688.87
1784841876188,1,0,0,121.01
1784841876324,0,98,58,690.80
1784841876324,1,0,0,121.00
1784841876460,0,98,57,688.15
1784841876460,1,0,0,121.00
1784841876594,0,98,57,689.20
1784841876594,1,0,0,121.00
1784841876730,0,98,57,684.24
1784841876730,1,0,0,121.00
1784841876865,0,94,52,681.48
1784841876865,1,0,0,121.02
1784841877000,0,93,47,687.90
1784841877000,1,0,0,121.02
1784841877136,0,93,47,692.89
1784841877136,1,0,0,121.00
1784841877271,0,98,58,689.30
1784841877271,1,0,0,121.01
1784841877407,0,98,58,691.59
1784841877407,1,0,0,120.98
1784841877543,0,98,57,689.41
1784841877543,1,0,0,120.98
1784841877678,0,98,57,693.99
1784841877678,1,0,0,120.96
1784841877812,0,95,52,691.66
1784841877812,1,0,0,120.94
1784841877948,0,92,45,692.66
1784841877948,1,0,0,120.95
1784841878083,0,92,45,690.29
1784841878083,1,0,0,120.92
1784841878218,0,98,57,689.11
1784841878218,1,0,0,120.93
1784841878354,0,98,55,688.23
1784841878354,1,0,0,120.91
1784841878490,0,98,55,680.91
1784841878490,1,0,0,120.88
1784841878625,0,98,54,676.36
1784841878625,1,0,0,120.89
1784841878760,0,89,50,670.35
1784841878760,1,0,0,120.87
1784841878894,0,89,50,665.24
1784841878894,1,0,0,120.85
1784841879028,0,91,46,669.80
1784841879028,1,0,0,120.86
1784841879162,0,98,56,673.87
1784841879162,1,0,0,120.84
1784841879298,0,98,56,676.15
1784841879298,1,0,0,120.82
1784841879432,0,98,56,679.41
1784841879432,1,0,0,120.86
1784841879567,0,98,56,685.95
1784841879567,1,0,0,120.86
1784841879705,0,98,56,686.81
1784841879705,1,0,0,120.82
1784841879841,0,90,51,683.76
1784841879841,1,0,0,120.82
1784841879975,0,96,52,684.24
1784841879975,1,0,0,120.83
1784841880109,0,96,52,680.66
1784841880109,1,0,0,120.79
1784841880244,0,98,58,680.42
1784841880244,1,0,0,120.77
1784841880379,0,98,56,680.48
1784841880379,1,0,0,120.79
1784841880515,0,98,56,684.30
1784841880515,1,0,0,120.77
1784841880650,0,98,58,690.28
1784841880650,1,0,0,120.78
1784841880784,0,90,53,691.77
1784841880784,1,0,0,120.79
1784841880919,0,90,53,691.84
1784841880919,1,0,0,120.76
1784841881056,0,95,50,687.78
1784841881056,1,0,0,120.78
1784841881191,0,98,57,687.35
1784841881191,1,0,0,120.76
1784841881326,0,98,57,686.19
1784841881326,1,0,0,120.70
1784841881461,0,98,56,680.68
1784841881461,1,0,0,120.73
1784841881598,0,98,57,682.32
1784841881598,1,0,0,120.73
1784841881734,0,98,57,688.05
1784841881734,1,0,0,120.69
1784841881869,0,90,53,688.38
1784841881869,1,0,0,120.70
1784841882004,0,94,52,693.36
1784841882004,1,0,0,120.69
1784841882140,0,94,52,691.62
1784841882140,1,0,0,120.67
1784841882274,0,98,57,687.92
1784841882274,1,0,0,120.69
1784841882409,0,98,56,683.33
1784841882409,1,0,0,120.66
1784841882545,0,98,56,681.75
1784841882545,1,0,0,120.66
1784841882680,0,98,56,680.21
1784841882680,1,0,0,120.67
1784841882814,0,98,57,685.27
1784841882814,1,0,0,120.64
1784841882950,0,95,52,681.48
1784841882950,1,0,0,120.66
1784841883083,0,95,52,686.70
1784841883083,1,0,0,120.66
1784841883219,0,98,52,684.65
1784841883219,1,0,0,120.66
1784841883357,0,98,58,692.66
1784841883357,1,0,0,120.68
1784841883491,0,98,58,697.06
1784841883491,1,0,0,120.67
1784841883627,0,98,57,694.42
1784841883627,1,0,0,120.66
1784841883762,0,98,57,688.14
1784841883762,1,0,0,120.68
1784841883897,0,98,57,689.66
1784841883897,1,0,0,120.68
1784841884031,0,95,51,691.42
1784841884031,1,0,0,120.68
1784841884166,0,98,51,685.92
1784841884166,1,0,0,120.68
1784841884301,0,98,51,687.82
1784841884301,1,0,0,120.70
1784841884436,0,98,58,683.97
1784841884436,1,0,0,120.68
1784841884575,0,98,57,689.24
1784841884575,1,0,0,120.68
1784841884710,0,98,57,686.83
1784841884710,1,0,0,120.69
1784841884846,0,98,58,685.52
1784841884846,1,0,0,120.69
1784841884982,0,95,52,689.95
1784841884982,1,0,0,120.68
1784841885135,0,95,52,678.62
1784841885135,1,0,0,120.67
1784841885272,0,99,45,688.58
1784841885272,1,0,0,120.65
1784841885408,0,98,57,693.04
1784841885408,1,0,0,120.67
1784841885543,0,98,57,691.35
1784841885543,1,0,0,120.64
1784841885679,0,98,59,692.14
1784841885679,1,0,0,120.61
1784841885815,0,98,56,693.87
1784841885815,1,0,0,120.59
1784841885950,0,94,50,679.02
1784841885950,1,0,0,120.61
1784841886086,0,94,50,693.97
1784841886086,1,0,0,120.58
1784841886220,0,92,43,680.42
1784841886220,1,0,0,120.55
1784841886354,0,98,56,673.73
1784841886354,1,0,0,120.56
1784841886490,0,98,56,676.48
1784841886490,1,0,0,120.53
1784841886624,0,98,55,677.38
1784841886624,1,0,0,120.51
1784841886761,0,98,54,673.46
1784841886761,1,0,0,120.51
1784841886897,0,98,54,671.20
1784841886897,1,0,0,120.52
1784841887033,0,89,49,672.01
1784841887033,1,0,0,120.51
1784841887167,0,95,49,670.36
1784841887167,1,0,0,120.50
1784841887304,0,95,49,670.61
1784841887304,1,0,0,120.52
1784841887440,0,98,57,669.70
1784841887440,1,0,0,120.51
1784841887575,0,98,57,672.62
1784841887575,1,0,0,120.49
1784841887711,0,98,57,673.08
1784841887711,1,0,0,120.53
1784841887848,0,98,57,681.60
1784841887848,1,0,0,120.51
1784841887984,0,89,50,687.01
1784841887984,1,0,0,120.50
1784841888118,0,89,50,685.46
1784841888118,1,0,0,120.52
1784841888251,0,95,49,691.38
1784841888251,1,0,0,120.50
1784841888387,0,98,57,690.84
1784841888387,1,0,0,120.50
1784841888522,0,98,57,685.31
1784841888522,1,0,0,120.52
1784841888656,0,98,58,683.87
1784841888656,1,0,0,120.51
1784841888793,0,98,58,681.67
1784841888793,1,0,0,120.51
1784841888928,0,98,58,681.80
1784841888928,1,0,0,120.50
1784841889063,0,89,51,684.67
1784841889063,1,0,0,120.51
1784841889198,0,95,50,685.03
1784841889198,1,0,0,120.51
1784841889334,0,95,50,681.70
1784841889334,1,0,0,120.51
1784841889469,0,98,57,685.00
1784841889469,1,0,0,120.51
1784841889604,0,98,56,685.65
1784841889604,1,0,0,120.47
1784841889741,0,98,56,681.76
1784841889741,1,0,0,120.48
1784841889876,0,98,58,681.77
1784841889876,1,0,0,120.48
1784841890010,0,89,51,683.65
1784841890010,1,0,0,120.47
1784841890145,0,89,51,681.46
1784841890145,1,0,0,120.47
1784841890280,0,95,51,689.10
1784841890280,1,0,0,120.46
1784841890417,0,98,58,690.21
1784841890417,1,0,0,120.44
1784841890553,0,98,58,688.46
1784841890553,1,0,0,120.44
1784841890688,0,98,58,691.19
1784841890688,1,0,0,120.44
1784841890823,0,98,57,691.14
1784841890823,1,0,0,120.42
1784841890960,0,90,53,690.57
1784841890960,1,0,0,120.39
1784841891095,0,90,53,692.36
1784841891095,1,0,0,120.39
1784841891229,0,95,51,692.14
1784841891229,1,0,0,120.42
1784841891364,0,98,57,687.19
1784841891364,1,0,0,120.41
1784841891499,0,98,57,691.63
1784841891499,1,0,0,120.40
1784841891635,0,98,57,688.10
1784841891635,1,0,0,120.41
1784841891769,0,98,56,688.86
1784841891769,1,0,0,120.38
1784841891904,0,98,56,690.32
1784841891904,1,0,0,120.38
1784841892042,0,90,53,689.43
1784841892042,1,0,0,120.40
1784841892176,0,95,52,688.62
1784841892176,1,0,0,120.41
1784841892312,0,95,52,693.06
1784841892312,1,0,0,120.42
1784841892446,0,98,59,690.89
1784841892446,1,0,0,120.41
1784841892580,0,98,57,694.97
1784841892580,1,0,0,120.38
1784841892716,0,98,57,693.82
1784841892716,1,0,0,120.40
1784841892851,0,98,58,693.82
1784841892851,1,0,0,120.40
1784841892984,0,90,54,689.75
1784841892984,1,0,0,120.38
1784841893119,0,90,54,692.35
1784841893119,1,0,0,120.33
1784841893255,0,95,51,686.27
1784841893255,1,0,0,120.36
1784841893390,0,98,56,685.62
1784841893390,1,0,0,120.35
1784841893528,0,98,56,685.93
1784841893528,1,0,0,120.33
1784841893665,0,98,57,683.75
1784841893665,1,0,0,120.34
1784841893800,0,98,58,685.53
1784841893800,1,0,0,120.32
1784841893936,0,98,58,687.54
1784841893936,1,0,0,120.33
1784841894072,0,91,53,686.68
1784841894072,1,0,0,120.33
1784841894207,0,95,51,681.24
1784841894207,1,0,0,120.32
1784841894343,0,95,51,687.76
1784841894343,1,0,0,120.33
1784841894478,0,98,53,685.27
1784841894478,1,0,0,120.31
1784841894613,0,98,55,680.26
1784841894613,1,0,0,120.30
1784841894749,0,98,55,677.47
1784841894749,1,0,0,120.32
1784841894884,0,98,55,670.71
1784841894884,1,0,0,120.32
1784841895020,0,98,54,665.02
1784841895020,1,0,0,120.27
1784841895155,0,94,51,665.98
1784841895155,1,0,0,120.27
1784841895290,0,94,51,667.37
1784841895290,1,0,0,120.27
1784841895426,0,93,48,657.27
1784841895426,1,0,0,120.29
1784841895562,0,98,59,663.67
1784841895562,1,0,0,120.27
1784841895697,0,98,59,664.89
1784841895697,1,0,0,120.27
1784841895833,0,97,59,669.18
1784841895833,1,0,0,120.27
1784841895968,0,98,60,674.87
1784841895968,1,0,0,120.27
1784841896104,0,98,60,679.34
1784841896104,1,0,0,120.30
1784841896239,0,94,52,678.83
1784841896239,1,0,0,120.28
1784841896374,0,93,48,689.24
1784841896374,1,0,0,120.29
1784841896510,0,93,48,687.67
1784841896510,1,0,0,120.28
1784841896644,0,98,57,688.38
1784841896644,1,0,0,120.26
1784841896780,0,98,58,686.03
1784841896780,1,0,0,120.28
1784841896914,0,98,58,685.30
1784841896914,1,0,0,120.27
1784841897050,0,98,56,687.48
1784841897050,1,0,0,120.26
1784841897184,0,94,50,668.94
1784841897184,1,0,0,120.27
1784841897317,0,94,50,618.78
1784841897317,1,0,0,120.25
1784841897453,0,0,0,511.82
1784841897453,1,0,0,120.28
1784841897586,0,0,0,466.35
1784841897586,1,0,0,120.28
1784841897722,0,0,0,460.23
1784841897722,1,0,0,120.25
1784841897858,0,92,46,457.42
1784841897858,1,0,0,120.25
1784841897994,0,98,57,464.87
1784841897994,1,0,0,120.25
1784841898130,0,98,57,468.23
1784841898130,1,0,0,120.21
1784841898266,0,98,57,532.32
1784841898266,1,0,0,120.24
1784841898400,0,98,56,587.19
1784841898400,1,0,0,120.21
1784841898535,0,98,56,646.22
1784841898535,1,0,0,120.19
1784841898673,0,94,50,690.76
1784841898673,1,0,0,120.19
1784841898809,0,92,46,694.24
1784841898809,1,0,0,120.20
1784841898946,0,92,46,695.11
1784841898946,1,0,0,120.21
1784841899082,0,98,55,684.19
1784841899082,1,0,0,120.19
1784841899216,0,98,54,681.53
1784841899216,1,0,0,120.17
1784841899351,0,98,54,680.06
1784841899351,1,0,0,120.17
1784841899486,0,98,54,671.08
1784841899486,1,0,0,120.17
1784841899621,0,88,51,668.99
1784841899621,1,0,0,120.17
1784841899757,0,92,52,664.24
1784841899757,1,0,0,120.14
1784841899893,0,92,52,662.91
1784841899893,1,0,0,120.16
1784841900029,0,98,60,665.78
1784841900029,1,0,0,120.15
1784841900164,0,98,59,675.32
1784841900164,1,0,0,120.14
1784841900300,0,98,59,677.01
1784841900300,1,0,0,120.18
1784841900435,0,98,59,681.47
1784841900435,1,0,0,120.18
1784841900569,0,89,52,686.99
1784841900569,1,0,0,120.17
1784841900704,0,89,52,686.73
1784841900704,1,0,0,120.18
1784841900841,0,95,49,686.65
1784841900841,1,0,0,120.15
1784841900975,0,98,57,697.50
1784841900975,1,0,0,120.15
1784841901113,0,98,57,695.50
1784841901113,1,0,0,120.17
1784841901249,0,98,55,698.03
1784841901249,1,0,0,120.16
1784841901385,0,98,57,696.62
1784841901385,1,0,0,120.18
1784841901521,0,98,57,699.10
1784841901521,1,0,0,120.18
1784841901657,0,90,52,699.15
1784841901657,1,0,0,120.16
1784841901794,0,95,51,699.83
1784841901794,1,0,0,120.19
1784841901929,0,95,51,692.35
1784841901929,1,0,0,120.19
1784841902064,0,98,57,687.43
1784841902064,1,0,0,120.18
1784841902199,0,98,56,687.66
1784841902199,1,0,0,120.19
1784841902334,0,98,56,687.67
1784841902334,1,0,0,120.17
1784841902468,0,98,56,686.48
1784841902468,1,0,0,120.18
1784841902602,0,90,52,686.04
1784841902602,1,0,0,120.16
1784841902736,0,90,52,685.97
1784841902736,1,0,0,120.18
1784841902872,0,95,52,681.23
1784841902872,1,0,0,120.17
1784841903009,0,98,55,682.66
1784841903009,1,0,0,120.17
1784841903145,0,98,55,679.77
1784841903145,1,0,0,120.15
1784841903280,0,98,58,679.47
1784841903280,1,0,0,120.15
1784841903415,0,98,57,680.98
1784841903415,1,0,0,120.15
1784841903551,0,98,57,684.35
1784841903551,1,0,0,120.16
1784841903686,0,94,57,680.38
1784841903686,1,0,0,120.15
1784841903822,0,95,51,678.80
1784841903822,1,0,0,120.17
1784841903959,0,98,51,680.51
1784841903959,1,0,0,120.18
1784841904094,0,98,51,680.68
1784841904094,1,0,0,120.16
1784841904228,0,98,55,683.04
1784841904228,1,0,0,120.17
1784841904363,0,98,56,682.46
1784841904363,1,0,0,120.16
1784841904497,0,98,56,679.95
1784841904497,1,0,0,120.17
1784841904633,0,98,56,679.57
1784841904633,1,0,0,120.14
1784841904769,0,95,51,685.22
1784841904769,1,0,0,120.14
1784841904905,0,95,51,688.38
1784841904905,1,0,0,120.16
1784841905041,0,97,52,689.63
1784841905041,1,0,0,120.11
1784841905176,0,98,58,687.84
1784841905176,1,0,0,120.11
1784841905311,0,98,58,687.56
1784841905311,1,0,0,120.10
1784841905446,0,98,58,688.43
1784841905446,1,0,0,120.10
1784841905581,0,98,57,692.79
1784841905581,1,0,0,120.11
1784841905716,0,98,57,694.29
1784841905716,1,0,0,120.10
1784841905851,0,95,51,688.81
1784841905851,1,0,0,120.10
1784841905986,0,93,48,688.19
1784841905986,1,0,0,120.09
1784841906122,0,93,48,688.46
1784841906122,1,0,0,120.10
1784841906257,0,98,57,693.56
1784841906257,1,0,0,120.11
1784841906392,0,98,57,691.01
1784841906392,1,0,0,120.10
1784841906527,0,98,57,690.71
1784841906527,1,0,0,120.10
1784841906660,0,98,56,683.30
1784841906660,1,0,0,120.09
1784841906796,0,95,51,687.95
1784841906796,1,0,0,120.08
1784841906932,0,95,51,686.56
1784841906932,1,0,0,120.10
1784841907067,0,93,47,682.36
1784841907067,1,0,0,120.09
1784841907202,0,97,56,677.57
1784841907202,1,0,0,120.07
1784841907338,0,97,56,680.14
1784841907338,1,0,0,120.07
1784841907474,0,98,56,686.53
1784841907474,1,0,0,120.07
1784841907610,0,98,56,690.92
1784841907610,1,0,0,120.08
1784841907751,0,98,56,666.97
1784841907751,1,0,0,120.08
1784841907889,0,77,78,579.77
1784841907889,1,2,2,130.32
1784841908022,0,65,7,530.24
1784841908022,1,7,7,139.53
1784841908156,0,65,7,475.54
1784841908156,1,7,7,139.94
1784841908288,0,0,0,360.05
1784841908288,1,0,0,139.96
1784841908422,0,0,0,310.24
1784841908422,1,0,0,140.12
1784841908557,0,84,13,202.43
1784841908557,1,0,0,156.41
1784841908694,0,84,13,167.88
1784841908694,1,61,33,193.21
1784841908831,0,0,0,158.64
1784841908831,1,95,54,282.99
1784841908967,0,0,0,144.79
1784841908967,1,95,54,335.68
1784841909104,0,0,0,144.25
1784841909104,1,100,47,394.24
1784841909240,0,0,0,143.78
1784841909240,1,100,51,506.91
1784841909378,0,0,0,143.04
1784841909378,1,100,51,572.27
1784841909515,0,0,0,140.62
1784841909515,1,100,48,670.41
1784841909652,0,0,0,139.87
1784841909652,1,100,55,678.84
1784841909791,0,0,0,139.46
1784841909791,1,100,55,692.09
1784841909928,0,0,0,139.26
1784841909928,1,100,52,679.19
1784841910065,0,0,0,138.91
1784841910065,1,100,60,668.26
1784841910202,0,0,0,138.77
1784841910202,1,100,60,668.10
1784841910339,0,0,0,138.64
1784841910339,1,96,55,643.64
1784841910476,0,0,0,138.38
1784841910476,1,89,53,641.31
1784841910612,0,0,0,138.25
1784841910612,1,100,52,650.78
1784841910750,0,0,0,138.13
1784841910750,1,100,52,644.38
1784841910887,0,0,0,137.91
1784841910887,1,91,50,638.86
1784841911024,0,0,0,137.79
1784841911024,1,96,58,652.30
1784841911160,0,0,0,137.57
1784841911160,1,96,58,639.51
1784841911298,0,0,0,137.49
1784841911298,1,100,69,641.54
1784841911434,0,0,0,137.41
1784841911434,1,95,62,626.06
1784841911570,0,0,0,137.24
1784841911570,1,95,62,617.43
1784841911707,0,0,0,137.16
1784841911707,1,97,60,602.38
1784841911844,0,0,0,137.02
1784841911844,1,100,65,597.48
1784841911980,0,0,0,136.72
1784841911980,1,100,65,584.42
1784841912117,0,0,0,136.56
1784841912117,1,100,66,562.01
1784841912253,0,0,0,136.40
1784841912253,1,100,68,546.38
1784841912391,0,0,0,136.09
1784841912391,1,100,68,550.86
1784841912527,0,0,0,135.92
1784841912527,1,94,57,557.21
1784841912664,0,0,0,135.66
1784841912664,1,98,59,568.63
1784841912801,0,0,0,135.52
1784841912801,1,98,59,565.35
1784841912937,0,0,0,135.49
1784841912937,1,100,63,565.55
1784841913073,0,0,0,135.35
1784841913073,1,95,62,572.15
1784841913209,0,0,0,135.28
1784841913209,1,95,62,572.27
1784841913346,0,0,0,135.22
1784841913346,1,97,60,567.60
1784841913483,0,0,0,135.10
1784841913483,1,98,59,558.45
1784841913618,0,0,0,135.02
1784841913618,1,94,55,541.20
1784841913755,0,0,0,134.93
1784841913755,1,94,55,537.08
1784841913902,0,0,0,134.86
1784841913902,1,95,57,524.49
1784841914038,0,0,0,134.80
1784841914038,1,96,65,520.01
1784841914174,0,0,0,134.70
1784841914174,1,96,65,527.88
1784841914312,0,0,0,134.65
1784841914312,1,95,56,543.16
1784841914449,0,0,0,134.61
1784841914449,1,98,53,558.08
1784841914586,0,0,0,134.51
1784841914586,1,98,53,559.55
1784841914723,0,0,0,134.46
1784841914723,1,95,61,570.93
1784841914859,0,0,0,134.35
1784841914859,1,89,53,591.54
1784841914996,0,0,0,134.30
1784841914996,1,89,53,598.71
1784841915132,0,0,0,134.25
1784841915132,1,100,61,595.40
1784841915268,0,0,0,134.20
1784841915268,1,99,65,580.53
1784841915404,0,0,0,134.14
1784841915404,1,99,65,574.86
1784841915541,0,0,0,134.10
1784841915541,1,94,57,573.39
1784841915678,0,0,0,134.01
1784841915678,1,98,60,582.70
1784841915816,0,0,0,133.95
1784841915816,1,98,61,573.91
1784841915954,0,0,0,133.93
1784841915954,1,98,61,577.74
1784841916091,0,0,0,133.83
1784841916091,1,99,56,579.98
1784841916228,0,0,0,133.79
1784841916228,1,100,54,596.35
1784841916364,0,0,0,133.71
1784841916364,1,100,54,605.95
1784841916501,0,0,0,133.68
1784841916501,1,96,59,605.83
1784841916638,0,0,0,133.64
1784841916638,1,100,67,594.86
1784841916775,0,0,0,133.59
1784841916775,1,100,67,598.70
1784841916913,0,0,0,133.56
1784841916913,1,97,60,600.16
1784841917050,0,0,0,133.52
1784841917050,1,98,65,588.17
1784841917187,0,0,0,133.46
1784841917187,1,98,65,582.15
1784841917324,0,0,0,133.42
1784841917324,1,94,55,569.29
1784841917462,0,0,0,133.40
1784841917462,1,99,64,565.52
1784841917599,0,0,0,133.37
1784841917599,1,99,64,557.64
1784841917735,0,0,0,133.36
1784841917735,1,98,62,578.98
1784841917872,0,0,0,133.30
1784841917872,1,100,60,581.93
1784841918009,0,0,0,133.28
1784841918009,1,100,60,587.34
1784841918147,0,0,0,133.25
1784841918147,1,98,58,593.36
1784841918284,0,0,0,133.20
1784841918284,1,98,60,590.90
1784841918421,0,0,0,133.18
1784841918421,1,85,54,579.79
1784841918557,0,0,0,133.09
1784841918557,1,85,54,581.56
1784841918697,0,0,0,133.07
1784841918697,1,97,63,563.93
1784841918833,0,0,0,133.03
1784841918833,1,96,60,556.04
1784841918970,0,0,0,132.97
1784841918970,1,96,60,563.51
1784841919106,0,0,0,132.95
1784841919106,1,89,51,571.41
1784841919241,0,0,0,132.93
1784841919241,1,99,58,579.05
1784841919384,0,0,0,132.90
1784841919384,1,99,58,590.61
1784841919520,0,0,0,132.90
1784841919520,1,95,52,611.78
1784841919657,0,0,0,132.93
1784841919657,1,100,62,616.51
1784841919793,0,0,0,132.89
1784841919793,1,100,62,628.19
1784841919931,0,0,0,132.88
1784841919931,1,99,58,631.72
1784841920067,0,0,0,132.84
1784841920067,1,100,55,625.73
1784841920204,0,0,0,132.82
1784841920204,1,100,55,620.09
1784841920340,0,0,0,132.79
1784841920340,1,98,64,612.50
1784841920476,0,0,0,132.76
1784841920476,1,100,62,603.89
1784841920615,0,0,0,132.73
1784841920615,1,100,62,595.06
1784841920752,0,0,0,132.70
1784841920752,1,91,55,574.78
1784841920890,0,0,0,132.70
1784841920890,1,98,62,569.48
1784841921027,0,0,0,132.68
1784841921027,1,99,64,550.30
1784841921164,0,0,0,132.71
1784841921164,1,99,64,546.19
1784841921301,0,0,0,132.71
1784841921301,1,99,66,532.08
1784841921438,0,0,0,132.70
1784841921438,1,96,57,536.24
1784841921575,0,0,0,132.72
1784841921575,1,96,57,540.20
1784841921712,0,0,0,132.69
1784841921712,1,100,59,548.46
1784841921849,0,0,0,132.68
1784841921849,1,99,53,560.22
1784841921986,0,0,0,132.64
1784841921986,1,99,53,565.22
1784841922123,0,0,0,132.60
1784841922123,1,94,53,582.00
1784841922261,0,0,0,132.57
1784841922261,1,96,55,586.29
1784841922398,0,0,0,132.57
1784841922398,1,96,55,589.92
1784841922534,0,0,0,132.56
1784841922534,1,98,61,588.99
1784841922670,0,0,0,132.56
1784841922670,1,96,59,592.88
1784841922811,0,0,0,132.58
1784841922811,1,96,59,583.91
1784841922948,0,0,0,132.57
1784841922948,1,98,65,580.30
1784841923085,0,0,0,132.59
1784841923085,1,87,57,584.34
1784841923222,0,0,0,132.56
1784841923222,1,100,62,590.20
1784841923357,0,0,0,132.55
1784841923357,1,100,62,590.58
1784841923494,0,0,0,132.53
1784841923494,1,97,52,605.56
1784841923629,0,0,0,132.52
1784841923629,1,100,55,609.84
1784841923767,0,0,0,132.49
1784841923767,1,100,55,603.16
1784841923903,0,0,0,132.49
1784841923903,1,99,64,617.22
1784841924040,0,0,0,132.50
1784841924040,1,98,59,615.20
1784841924177,0,0,0,132.49
1784841924177,1,98,59,617.49
1784841924313,0,0,0,132.51
1784841924313,1,94,55,625.17
1784841924449,0,0,0,132.50
1784841924449,1,100,61,616.63
1784841924586,0,0,0,132.48
1784841924586,1,100,61,603.07
1784841924723,0,0,0,132.47
1784841924723,1,98,63,613.66
1784841924870,0,0,0,132.45
1784841924870,1,99,62,600.90
1784841925007,0,0,0,132.45
1784841925007,1,99,62,598.59
1784841925144,0,0,0,132.45
1784841925144,1,92,54,589.74
1784841925280,0,0,0,132.43
1784841925280,1,100,68,570.88
1784841925418,0,0,0,132.42
1784841925418,1,100,68,561.62
1784841925553,0,0,0,132.41
1784841925553,1,99,64,554.33
1784841925691,0,0,0,132.39
1784841925691,1,100,64,548.42
1784841925829,0,0,0,132.38
1784841925829,1,99,64,538.34
1784841925965,0,0,0,132.38
1784841925965,1,99,64,540.10
1784841926103,0,0,0,132.38
1784841926103,1,100,65,532.02
1784841926239,0,0,0,132.38
1784841926239,1,99,63,540.99
1784841926380,0,0,0,132.39
1784841926380,1,99,63,542.21
1784841926518,0,0,0,132.38
1784841926518,1,93,62,533.35
1784841926655,0,0,0,132.39
1784841926655,1,96,55,535.88
1784841926793,0,0,0,132.39
1784841926793,1,96,55,534.83
1784841926929,0,0,0,132.38
1784841926929,1,100,68,539.57
1784841927064,0,0,0,132.38
1784841927064,1,100,56,540.87
1784841927200,0,0,0,132.35
1784841927200,1,100,56,533.82
1784841927337,0,0,0,132.35
1784841927337,1,97,61,525.63
1784841927473,0,0,0,132.36
1784841927473,1,96,52,544.83
1784841927608,0,0,0,132.37
1784841927608,1,96,52,558.24
1784841927743,0,0,0,132.34
1784841927743,1,96,54,571.29
1784841927879,0,0,0,132.35
1784841927879,1,96,54,592.40
1784841928015,0,0,0,132.33
1784841928015,1,96,54,592.05
1784841928152,0,0,0,132.34
1784841928152,1,100,57,608.66
1784841928288,0,0,0,132.36
1784841928288,1,94,57,608.70
1784841928425,0,0,0,132.36
1784841928425,1,95,57,606.46
1784841928562,0,0,0,132.34
1784841928562,1,95,57,591.29
1784841928698,0,0,0,132.35
1784841928698,1,94,58,589.62
1784841928834,0,0,0,132.36
1784841928834,1,97,58,583.44
1784841928971,0,0,0,132.35
1784841928971,1,97,58,578.95
1784841929109,0,0,0,132.36
1784841929109,1,98,57,572.97
1784841929246,0,0,0,132.34
1784841929246,1,99,56,590.81
1784841929383,0,0,0,132.35
1784841929383,1,99,56,592.76
1784841929520,0,0,0,132.35
1784841929520,1,100,66,597.01
1784841929657,0,0,0,132.35
1784841929657,1,100,69,597.10
1784841929793,0,0,0,132.36
1784841929793,1,100,69,591.27
1784841929930,0,0,0,132.36
1784841929930,1,100,65,584.63
1784841930067,0,0,0,132.34
1784841930067,1,95,60,576.63
1784841930205,0,0,0,132.32
1784841930205,1,95,60,575.37
1784841930342,0,0,0,132.32
1784841930342,1,98,63,550.34
1784841930498,0,0,0,132.29
1784841930498,1,98,59,553.70
1784841930635,0,0,0,132.28
1784841930635,1,100,63,563.28
1784841930771,0,0,0,132.28
1784841930771,1,100,63,562.16
1784841930908,0,0,0,132.28
1784841930908,1,100,63,568.22
1784841931045,0,0,0,132.29
1784841931045,1,99,63,558.65
1784841931181,0,0,0,132.31
1784841931181,1,99,63,555.44
1784841931318,0,0,0,132.32
1784841931318,1,97,64,550.34
1784841931454,0,0,0,132.33
1784841931454,1,100,62,561.58
1784841931592,0,0,0,132.30
1784841931592,1,100,62,565.87
1784841931728,0,0,0,132.31
1784841931728,1,100,64,567.17
1784841931866,0,0,0,132.29
1784841931866,1,99,64,563.09
1784841932003,0,0,0,132.30
1784841932003,1,99,64,573.53
1784841932139,0,0,0,132.28
1784841932139,1,100,60,582.98
1784841932276,0,0,0,132.26
1784841932276,1,99,63,581.01
1784841932412,0,0,0,132.23
1784841932412,1,99,63,578.19
1784841932548,0,0,0,132.23
1784841932548,1,96,58,564.62
1784841932683,0,0,0,132.23
1784841932683,1,99,63,558.91
1784841932820,0,0,0,132.20
1784841932820,1,99,63,551.71
1784841932959,0,0,0,132.21
1784841932959,1,99,66,571.63
1784841933097,0,0,0,132.18
1784841933097,1,100,61,570.75
1784841933234,0,0,0,132.18
1784841933234,1,95,59,578.51
1784841933372,0,0,0,132.22
1784841933372,1,95,59,570.97
1784841933510,0,0,0,132.21
1784841933510,1,100,66,566.59
1784841933644,0,0,0,132.22
1784841933644,1,95,56,565.12
1784841933781,0,0,0,132.21
1784841933781,1,95,56,561.34
1784841933917,0,0,0,132.20
1784841933917,1,96,60,546.35
1784841934053,0,0,0,132.21
1784841934053,1,100,68,518.67
1784841934189,0,0,0,132.19
1784841934189,1,100,68,501.30
1784841934325,0,0,0,132.17
1784841934325,1,100,68,493.25
1784841934462,0,0,0,132.15
1784841934462,1,98,66,494.88
1784841934599,0,0,0,132.17
1784841934599,1,98,66,488.65
1784841934736,0,0,0,132.17
1784841934736,1,99,65,478.50
1784841934872,0,0,0,132.15
1784841934872,1,99,65,468.52
1784841935008,0,0,0,132.17
1784841935008,1,99,65,463.13
1784841935144,0,0,0,132.17
1784841935144,1,100,68,461.70
1784841935280,0,0,0,132.20
1784841935280,1,96,64,460.97
1784841935415,0,0,0,132.21
1784841935415,1,96,64,456.24
1784841935551,0,0,0,132.20
1784841935551,1,100,70,445.63
1784841935687,0,0,0,132.21
1784841935687,1,100,69,444.33
1784841935825,0,0,0,132.22
1784841935825,1,100,69,437.80
1784841935962,0,0,0,132.24
1784841935962,1,100,69,438.97
1784841936099,0,0,0,132.21
1784841936099,1,100,68,438.12
1784841936235,0,0,0,132.20
1784841936235,1,100,69,434.96
1784841936371,0,0,0,132.21
1784841936371,1,100,69,434.99
1784841936509,0,0,0,132.22
1784841936509,1,100,69,433.67
1784841936645,0,0,0,132.22
1784841936645,1,100,69,431.35
1784841936782,0,0,0,132.18
1784841936782,1,100,69,429.60
1784841936917,0,0,0,132.17
1784841936917,1,100,69,428.38
1784841937053,0,0,0,132.19
1784841937053,1,100,68,424.87
1784841937189,0,0,0,132.17
1784841937189,1,100,68,422.29
1784841937324,0,0,0,132.16
1784841937324,1,100,68,419.46
1784841937460,0,0,0,132.14
1784841937460,1,100,68,415.51
1784841937597,0,0,0,132.12
1784841937597,1,100,68,412.09
1784841937733,0,0,0,132.10
1784841937733,1,100,68,407.81
1784841937869,0,0,0,132.09
1784841937869,1,100,68,408.81
1784841938005,0,0,0,132.08
1784841938005,1,100,68,408.33
1784841938140,0,0,0,132.10
1784841938140,1,100,68,407.15
1784841938276,0,0,0,132.12
1784841938276,1,100,67,406.16
1784841938412,0,0,0,132.11
1784841938412,1,100,67,405.39
1784841938550,0,0,0,132.09
1784841938550,1,100,67,406.31
1784841938686,0,0,0,132.09
1784841938686,1,100,68,406.44
1784841938821,0,0,0,132.07
1784841938821,1,100,68,407.14
1784841938958,0,0,0,132.10
1784841938958,1,100,67,402.99
1784841939095,0,0,0,132.08
1784841939095,1,100,67,402.77
1784841939231,0,0,0,132.06
1784841939231,1,100,67,402.49
1784841939367,0,0,0,132.06
1784841939367,1,100,67,402.02
1784841939505,0,0,0,132.07
1784841939505,1,100,67,400.84
1784841939643,0,0,0,132.08
1784841939643,1,100,67,399.15
1784841939781,0,0,0,132.09
1784841939781,1,100,67,397.94
1784841939917,0,0,0,132.07
1784841939917,1,100,67,397.38
1784841940054,0,0,0,132.07
1784841940054,1,100,67,397.14
1784841940189,0,0,0,132.05
1784841940189,1,100,67,397.76
1784841940326,0,0,0,132.06
1784841940326,1,100,67,397.42
1784841940461,0,0,0,132.06
1784841940461,1,100,67,398.37
1784841940598,0,0,0,132.03
1784841940598,1,100,67,398.01
1784841940734,0,0,0,132.03
1784841940734,1,100,67,396.84
1784841940869,0,0,0,132.03
1784841940869,1,100,67,396.13
1784841941007,0,0,0,132.04
1784841941007,1,100,67,395.59
1784841941144,0,0,0,132.04
1784841941144,1,100,67,393.56
1784841941284,0,0,0,132.05
1784841941284,1,100,67,393.08
1784841941419,0,0,0,132.04
1784841941419,1,100,67,391.55
1784841941554,0,0,0,132.03
1784841941554,1,100,67,389.84
1784841941688,0,0,0,132.04
1784841941688,1,100,67,389.40
1784841941824,0,0,0,132.04
1784841941824,1,100,67,388.67
1784841941958,0,0,0,132.03
1784841941958,1,100,67,386.95
1784841942094,0,0,0,132.02
1784841942094,1,100,66,385.91
1784841942230,0,0,0,132.00
1784841942230,1,100,66,383.52
1784841942367,0,0,0,132.00
1784841942367,1,100,66,382.52
1784841942503,0,0,0,132.01
1784841942503,1,100,66,380.20
1784841942639,0,0,0,131.99
1784841942639,1,100,66,380.73
1784841942775,0,0,0,132.00
1784841942775,1,100,66,381.61
1784841942911,0,0,0,132.02
1784841942911,1,100,66,379.53
1784841943048,0,0,0,132.02
1784841943048,1,100,67,378.73
1784841943184,0,0,0,132.05
1784841943184,1,100,67,380.50
1784841943319,0,0,0,132.06
1784841943319,1,100,67,380.31
1784841943454,0,0,0,132.05
1784841943454,1,100,66,382.28
1784841943591,0,0,0,132.08
1784841943591,1,100,66,381.54
1784841943727,0,0,0,132.04
1784841943727,1,100,66,380.95
1784841943864,0,0,0,132.04
1784841943864,1,100,67,380.18
1784841944000,0,0,0,131.99
1784841944000,1,100,67,381.55
1784841944136,0,0,0,131.98
1784841944136,1,100,67,380.72
1784841944272,0,0,0,131.96
1784841944272,1,100,67,381.43
1784841944408,0,0,0,131.94
1784841944408,1,100,67,381.11
1784841944544,0,0,0,131.94
1784841944544,1,100,67,381.62
1784841944681,0,0,0,131.96
1784841944681,1,100,67,381.50
1784841944817,0,0,0,131.95
1784841944817,1,100,67,382.20
1784841944952,0,0,0,131.93
1784841944952,1,100,67,381.82
1784841945088,0,0,0,131.94
1784841945088,1,100,67,381.47
1784841945224,0,0,0,131.94
1784841945224,1,100,67,381.17
1784841945359,0,0,0,131.94
1784841945359,1,100,67,381.04
1784841945495,0,0,0,131.94
1784841945495,1,100,67,381.53
1784841945630,0,0,0,131.94
1784841945630,1,100,67,381.83
1784841945768,0,0,0,131.91
1784841945768,1,100,67,382.26
1784841945904,0,0,0,131.93
1784841945904,1,100,67,382.21
1784841946041,0,0,0,131.94
1784841946041,1,100,67,382.80
1784841946177,0,0,0,131.95
1784841946177,1,100,67,383.36
1784841946312,0,0,0,131.94
1784841946312,1,100,67,382.35
1784841946449,0,0,0,131.93
1784841946449,1,100,66,381.11
1784841946584,0,0,0,131.91
1784841946584,1,100,66,379.98
1784841946720,0,0,0,131.92
1784841946720,1,100,66,379.52
1784841946857,0,0,0,131.93
1784841946857,1,100,66,362.29
1784841946992,0,0,0,131.92
1784841946992,1,100,66,337.58
1784841947126,0,0,0,131.92
1784841947126,1,0,0,313.73
1784841947259,0,0,0,131.93
1784841947259,1,0,0,264.19
1784841947393,0,0,0,131.94
1784841947393,1,0,0,240.40
1784841947527,0,0,0,131.95
1784841947527,1,0,0,213.38
1784841947661,0,0,0,131.96
1784841947661,1,0,0,164.67
1784841947795,0,0,0,131.94
1784841947795,1,0,0,140.46
1784841947927,0,0,0,131.94
1784841947927,1,0,0,131.85
1784841948059,0,0,0,131.95
1784841948059,1,0,0,130.93
1784841948192,0,0,0,131.92
1784841948192,1,0,0,130.81
1784841948326,0,0,0,131.92
1784841948326,1,0,0,130.63
1784841948467,0,0,0,206.31
1784841948467,1,0,0,130.54
1784841948603,0,95,51,262.73
1784841948603,1,0,0,130.50
1784841948738,0,95,51,308.05
1784841948738,1,0,0,130.53
1784841948873,0,95,48,414.30
1784841948873,1,0,0,130.39
1784841949008,0,98,57,472.18
1784841949008,1,0,0,130.38
1784841949143,0,98,57,529.61
1784841949143,1,0,0,130.38
1784841949276,0,97,57,643.16
1784841949276,1,0,0,130.37
1784841949412,0,98,57,678.21
1784841949412,1,0,0,130.38
1784841949548,0,98,57,678.59
1784841949548,1,0,0,130.36
1784841949682,0,84,46,583.27
1784841949682,1,0,0,130.30
1784841949815,0,0,0,532.01
1784841949815,1,0,0,130.32
1784841949948,0,0,0,472.87
1784841949948,1,0,0,130.30
1784841950083,0,0,0,460.96
1784841950083,1,0,0,130.31
1784841950218,0,93,47,451.04
1784841950218,1,0,0,130.36
1784841950354,0,93,47,454.02
1784841950354,1,0,0,130.29
1784841950489,0,98,59,457.07
1784841950489,1,0,0,130.24
1784841950624,0,98,59,506.06
1784841950624,1,0,0,130.25
1784841950759,0,98,59,551.25
1784841950759,1,0,0,130.17
1784841950894,0,98,59,667.66
1784841950894,1,0,0,130.14
1784841951030,0,95,51,681.24
1784841951030,1,0,0,130.14
1784841951164,0,95,51,689.59
1784841951164,1,0,0,130.08
1784841951299,0,93,49,701.22
1784841951299,1,0,0,130.06
1784841951435,0,98,55,702.87
1784841951435,1,0,0,130.06
1784841951570,0,98,55,701.12
1784841951570,1,0,0,130.03
1784841951705,0,98,55,699.72
1784841951705,1,0,0,130.01
1784841951840,0,98,57,697.95
1784841951840,1,0,0,130.00
1784841951975,0,94,51,698.69
1784841951975,1,0,0,129.97
1784841952110,0,94,51,690.27
1784841952110,1,0,0,129.96
1784841952246,0,93,45,683.16
1784841952246,1,0,0,129.93
1784841952380,0,98,56,681.14
1784841952380,1,0,0,129.88
1784841952516,0,98,56,681.67
1784841952516,1,0,0,129.89
1784841952651,0,98,56,680.78
1784841952651,1,0,0,129.82
1784841952786,0,98,56,683.17
1784841952786,1,0,0,129.80
1784841952921,0,98,56,683.16
1784841952921,1,0,0,129.78
1784841953055,0,95,51,679.15
1784841953055,1,0,0,129.75
1784841953189,0,91,43,683.08
1784841953189,1,0,0,129.72
1784841953325,0,91,43,685.40
1784841953325,1,0,0,129.72
1784841953461,0,98,58,684.93
1784841953461,1,0,0,129.68
1784841953597,0,98,58,684.84
1784841953597,1,0,0,129.69
1784841953732,0,98,58,686.01
1784841953732,1,0,0,129.68
1784841953868,0,98,57,683.57
1784841953868,1,0,0,129.65
1784841954003,0,95,54,692.67
1784841954003,1,0,0,129.63
1784841954137,0,95,54,691.05
1784841954137,1,0,0,129.60
1784841954272,0,92,46,687.51
1784841954272,1,0,0,129.56
1784841954407,0,98,59,687.72
1784841954407,1,0,0,129.54
1784841954543,0,98,59,693.46
1784841954543,1,0,0,129.51
1784841954677,0,98,58,691.26
1784841954677,1,0,0,129.50
1784841954812,0,98,58,688.82
1784841954812,1,0,0,129.48
1784841954946,0,98,58,684.53
1784841954946,1,0,0,129.45
1784841955081,0,88,48,691.46
1784841955081,1,0,0,129.44
1784841955215,0,92,47,691.89
1784841955215,1,0,0,129.40
1784841955353,0,92,47,695.69
1784841955353,1,0,0,128.99
1784841955490,0,98,58,687.71
1784841955490,1,0,0,128.78
1784841955626,0,98,58,688.18
1784841955626,1,0,0,128.55
1784841955762,0,98,58,690.58
1784841955762,1,0,0,128.06
1784841955898,0,98,58,692.96
1784841955898,1,0,0,127.78
1784841956033,0,89,49,690.42
1784841956033,1,0,0,127.33
1784841956168,0,89,49,685.54
1784841956168,1,0,0,127.10
1784841956303,0,99,53,680.76
1784841956303,1,0,0,126.96
1784841956438,0,98,58,683.94
1784841956438,1,0,0,126.91
1784841956574,0,98,58,681.13
1784841956574,1,0,0,126.86
1784841956712,0,98,58,681.80
1784841956712,1,0,0,126.84
1784841956845,0,98,58,681.37
1784841956845,1,0,0,126.78
1784841956978,0,87,49,691.61
1784841956978,1,0,0,126.72
1784841957113,0,87,49,687.03
1784841957113,1,0,0,126.71
1784841957249,0,98,53,690.57
1784841957249,1,0,0,126.68
1784841957384,0,98,58,693.67
1784841957384,1,0,0,126.64
1784841957519,0,98,58,693.01
1784841957519,1,0,0,126.63
1784841957655,0,98,58,694.42
1784841957655,1,0,0,126.58
1784841957790,0,98,59,692.64
1784841957790,1,0,0,126.54
1784841957925,0,98,59,689.01
1784841957925,1,0,0,126.52
1784841958060,0,94,52,682.97
1784841958060,1,0,0,126.50
1784841958241,0,90,41,670.60
1784841958241,1,0,0,126.43
1784841958376,0,98,57,674.97
1784841958376,1,0,0,126.41
1784841958511,0,98,57,678.46
1784841958511,1,0,0,126.41
1784841958648,0,98,58,676.25
1784841958648,1,0,0,126.35
1784841958785,0,98,57,680.14
1784841958785,1,0,0,126.35
1784841958920,0,98,57,683.15
1784841958920,1,0,0,126.32
1784841959056,0,94,52,677.85
1784841959056,1,0,0,126.27
1784841959190,0,92,43,691.43
1784841959190,1,0,0,126.25
1784841959326,0,92,43,676.28
1784841959326,1,0,0,126.24
1784841959461,0,98,60,671.07
1784841959461,1,0,0,126.18
1784841959597,0,98,60,664.37
1784841959597,1,0,0,126.16
1784841959732,0,98,60,664.47
1784841959732,1,0,0,126.09
1784841959868,0,98,60,661.64
1784841959868,1,0,0,126.09
1784841960003,0,94,52,664.15
1784841960003,1,0,0,126.03
1784841960139,0,94,52,674.64
1784841960139,1,0,0,126.00
1784841960273,0,92,46,682.52
1784841960273,1,0,0,125.98
1784841960410,0,98,59,684.09
1784841960410,1,0,0,125.94
1784841960545,0,98,59,685.16
1784841960545,1,0,0,125.90
1784841960679,0,98,59,690.68
1784841960679,1,0,0,125.89
1784841960816,0,98,60,691.25
1784841960816,1,0,0,125.84
1784841960951,0,98,60,686.15
1784841960951,1,0,0,125.79
1784841961086,0,95,52,684.62
1784841961086,1,0,0,125.78
1784841961220,0,93,45,684.46
1784841961220,1,0,0,125.71
1784841961356,0,93,45,691.58
1784841961356,1,0,0,125.66
1784841961491,0,98,57,687.86
1784841961491,1,0,0,125.64
1784841961627,0,98,58,690.40
1784841961627,1,0,0,125.59
1784841961762,0,98,58,686.93
1784841961762,1,0,0,125.55
1784841961898,0,98,58,690.10
1784841961898,1,0,0,125.50
1784841962034,0,95,52,689.04
1784841962034,1,0,0,125.45
1784841962168,0,95,52,687.61
1784841962168,1,0,0,125.42
1784841962303,0,93,45,683.62
1784841962303,1,0,0,125.36
1784841962439,0,98,58,683.13
1784841962439,1,0,0,125.28
1784841962575,0,98,59,683.44
1784841962575,1,0,0,125.26
1784841962710,0,98,59,680.66
1784841962710,1,0,0,125.20
1784841962844,0,98,59,677.74
1784841962844,1,0,0,125.18
1784841962979,0,94,51,677.00
1784841962979,1,0,0,125.14
1784841963122,0,94,51,677.17
1784841963122,1,0,0,125.08
1784841963257,0,93,47,675.64
1784841963257,1,0,0,125.05
1784841963392,0,98,59,679.53
1784841963392,1,0,0,125.03
1784841963527,0,98,59,687.72
1784841963527,1,0,0,125.00
1784841963661,0,98,59,686.95
1784841963661,1,0,0,124.96
1784841963799,0,98,58,689.90
1784841963799,1,0,0,124.90
1784841963935,0,98,58,686.99
1784841963935,1,0,0,124.85
1784841964071,0,94,51,685.00
1784841964071,1,0,0,124.83
1784841964205,0,93,45,684.98
1784841964205,1,0,0,124.79
1784841964340,0,93,45,689.36
1784841964340,1,0,0,124.73
1784841964475,0,98,57,686.71
1784841964475,1,0,0,124.71
1784841964610,0,98,56,687.29
1784841964610,1,0,0,124.66
1784841964745,0,98,56,689.05
1784841964745,1,0,0,124.65
1784841964881,0,98,56,692.89
1784841964881,1,0,0,124.63
1784841965017,0,95,53,696.52
1784841965017,1,0,0,124.58
1784841965154,0,95,53,692.92
1784841965154,1,0,0,124.56
1784841965287,0,93,46,692.41
1784841965287,1,0,0,124.53
1784841965423,0,98,60,688.75
1784841965423,1,0,0,124.50
1784841965558,0,98,60,693.07
1784841965558,1,0,0,124.48
1784841965693,0,98,59,694.78
1784841965693,1,0,0,124.43
1784841965829,0,98,59,696.32
1784841965829,1,0,0,124.41
1784841965965,0,98,59,691.91
1784841965965,1,0,0,124.36
1784841966101,0,94,52,695.55
1784841966101,1,0,0,124.34
1784841966243,0,95,45,685.82
1784841966243,1,0,0,124.32
1784841966380,0,98,60,687.44
1784841966380,1,0,0,124.28
1784841966518,0,98,60,687.56
1784841966518,1,0,0,124.25
1784841966654,0,98,58,689.68
1784841966654,1,0,0,124.23
1784841966789,0,97,59,686.87
1784841966789,1,0,0,124.20
1784841966925,0,97,59,695.03
1784841966925,1,0,0,124.18
1784841967060,0,94,51,688.13
1784841967060,1,0,0,124.12
1784841967195,0,91,45,701.43
1784841967195,1,0,0,124.09
1784841967330,0,91,45,692.34
1784841967330,1,0,0,124.08
1784841967466,0,98,56,690.66
1784841967466,1,0,0,124.07
1784841967601,0,98,55,683.87
1784841967601,1,0,0,124.03
1784841967738,0,98,55,684.80
1784841967738,1,0,0,123.99
1784841967873,0,98,55,687.92
1784841967873,1,0,0,123.98
1784841968010,0,89,50,688.78
1784841968010,1,0,0,123.95
1784841968147,0,89,50,686.97
1784841968147,1,0,0,123.86
1784841968283,0,96,48,686.63
1784841968283,1,0,0,123.81
1784841968417,0,98,58,684.37
1784841968417,1,0,0,123.72
1784841968552,0,98,58,681.77
1784841968552,1,0,0,123.62
1784841968688,0,98,58,676.47
1784841968688,1,0,0,123.56
1784841968823,0,98,58,671.22
1784841968823,1,0,0,123.49
1784841968958,0,98,58,669.19
1784841968958,1,0,0,123.34
1784841969094,0,88,51,670.31
1784841969094,1,0,0,123.27
1784841969230,0,96,50,675.50
1784841969230,1,0,0,123.27
1784841969365,0,96,50,680.51
1784841969365,1,0,0,123.26
1784841969500,0,98,56,687.67
1784841969500,1,0,0,123.25
1784841969636,0,98,54,684.25
1784841969636,1,0,0,123.17
1784841969771,0,98,54,683.21
1784841969771,1,0,0,123.14
1784841969906,0,98,55,674.62
1784841969906,1,0,0,123.14
1784841970041,0,90,51,669.16
1784841970041,1,0,0,123.12
1784841970177,0,90,51,666.84
1784841970177,1,0,0,123.07
1784841970311,0,95,53,664.94
1784841970311,1,0,0,123.05
1784841970447,0,98,58,664.97
1784841970447,1,0,0,123.03
1784841970581,0,98,57,670.73
1784841970581,1,0,0,123.00
1784841970717,0,98,57,679.65
1784841970717,1,0,0,123.00
1784841970853,0,98,57,683.41
1784841970853,1,0,0,122.99
1784841970990,0,90,54,690.03
1784841970990,1,0,0,122.95
1784841971124,0,90,54,693.19
1784841971124,1,0,0,122.96
1784841971259,0,94,51,688.28
1784841971259,1,0,0,122.94
1784841971392,0,98,56,686.40
1784841971392,1,0,0,122.90
1784841971528,0,98,56,685.07
1784841971528,1,0,0,122.89
1784841971663,0,98,57,683.90
1784841971663,1,0,0,122.86
1784841971798,0,98,56,686.58
1784841971798,1,0,0,122.83
1784841971932,0,98,56,688.09
1784841971932,1,0,0,122.84
1784841972068,0,98,57,688.15
1784841972068,1,0,0,122.79
1784841972204,0,95,52,694.91
1784841972204,1,0,0,122.78
1784841972339,0,95,52,692.26
1784841972339,1,0,0,122.77
1784841972474,0,98,52,687.13
1784841972474,1,0,0,122.75
1784841972609,0,98,58,689.84
1784841972609,1,0,0,122.75
1784841972746,0,98,58,686.45
1784841972746,1,0,0,122.72
1784841972881,0,98,58,683.97
1784841972881,1,0,0,122.71
1784841973015,0,98,59,684.77
1784841973015,1,0,0,122.70
1784841973149,0,98,59,687.60
1784841973149,1,0,0,122.68
1784841973285,0,95,51,687.90
1784841973285,1,0,0,122.67
1784841973419,0,98,51,689.75
1784841973419,1,0,0,122.65
1784841973556,0,98,51,687.26
1784841973556,1,0,0,122.60
1784841973692,0,98,55,688.38
1784841973692,1,0,0,122.58
1784841973827,0,98,55,687.85
1784841973827,1,0,0,122.60
1784841973962,0,98,55,689.21
1784841973962,1,0,0,122.55
1784841974097,0,98,55,689.57
1784841974097,1,0,0,122.54
1784841974232,0,94,50,683.59
1784841974232,1,0,0,122.56
1784841974367,0,94,50,684.79
1784841974367,1,0,0,122.51
1784841974503,0,93,48,688.60
1784841974503,1,0,0,122.46
1784841974637,0,98,56,689.66
1784841974637,1,0,0,122.44
1784841974773,0,98,56,688.98
1784841974773,1,0,0,122.42
1784841974910,0,98,56,688.88
1784841974910,1,0,0,122.44
1784841975045,0,98,56,684.20
1784841975045,1,0,0,122.41
1784841975181,0,98,56,682.58
1784841975181,1,0,0,122.38
1784841975315,0,94,51,690.47
1784841975315,1,0,0,122.36
1784841975452,0,93,43,686.73
1784841975452,1,0,0,122.38
1784841975588,0,98,59,679.15
1784841975588,1,0,0,122.38
1784841975723,0,98,59,669.71
1784841975723,1,0,0,122.36
1784841975858,0,98,59,668.72
1784841975858,1,0,0,122.33
1784841975994,0,98,59,664.80
1784841975994,1,0,0,122.27
1784841976129,0,98,59,666.39
1784841976129,1,0,0,122.29
1784841976264,0,95,51,665.34
1784841976264,1,0,0,122.27
1784841976399,0,93,46,673.65
1784841976399,1,0,0,122.23
1784841976534,0,93,46,685.23
1784841976534,1,0,0,122.22
1784841976670,0,98,58,684.28
1784841976670,1,0,0,122.22
1784841976805,0,98,57,692.05
1784841976805,1,0,0,122.19
1784841976941,0,98,57,692.79
1784841976941,1,0,0,122.17
1784841977077,0,98,57,693.45
1784841977077,1,0,0,122.16
1784841977212,0,95,52,689.95
1784841977212,1,0,0,122.15
1784841977352,0,95,52,689.34
1784841977352,1,0,0,122.14
1784841977487,0,93,46,688.06
1784841977487,1,0,0,122.15
1784841977622,0,98,57,690.33
1784841977622,1,0,0,122.13
1784841977757,0,98,57,693.47
1784841977757,1,0,0,122.11
1784841977893,0,98,58,690.64
1784841977893,1,0,0,122.11
1784841978029,0,98,57,687.70
1784841978029,1,0,0,122.08
1784841978164,0,98,57,686.34
1784841978164,1,0,0,122.03
1784841978299,0,94,51,685.00
1784841978299,1,0,0,122.04
1784841978433,0,93,44,683.20
1784841978433,1,0,0,122.00
1784841978570,0,93,44,674.75
1784841978570,1,0,0,121.98
1784841978705,0,98,58,674.98
1784841978705,1,0,0,121.97
1784841978841,0,98,58,673.86
1784841978841,1,0,0,121.95
1784841978978,0,98,58,679.10
1784841978978,1,0,0,121.97
1784841979113,0,98,57,690.15
1784841979113,1,0,0,121.95
1784841979248,0,95,51,695.57
1784841979248,1,0,0,121.95
1784841979384,0,91,44,686.13
1784841979384,1,0,0,121.93
1784841979521,0,91,44,696.28
1784841979521,1,0,0,121.95
1784841979655,0,98,58,695.94
1784841979655,1,0,0,121.93
1784841979790,0,98,58,692.72
1784841979790,1,0,0,121.90
1784841979926,0,98,58,690.63
1784841979926,1,0,0,121.89
1784841980062,0,97,58,685.12
1784841980062,1,0,0,121.86
1784841980196,0,94,51,685.30
1784841980196,1,0,0,121.85
1784841980332,0,94,51,686.03
1784841980332,1,0,0,121.85
1784841980467,0,91,46,688.57
1784841980467,1,0,0,121.81
1784841980602,0,98,57,681.23
1784841980602,1,0,0,121.79
1784841980737,0,98,57,684.94
1784841980737,1,0,0,121.77
1784841980874,0,98,56,681.18
1784841980874,1,0,0,121.77
1784841981010,0,98,55,679.88
1784841981010,1,0,0,121.76
1784841981145,0,98,55,674.14
1784841981145,1,0,0,121.79
1784841981280,0,89,50,672.58
1784841981280,1,0,0,121.76
1784841981415,0,95,49,673.53
1784841981415,1,0,0,121.76
1784841981550,0,95,49,668.94
1784841981550,1,0,0,121.75
1784841981687,0,98,57,668.36
1784841981687,1,0,0,121.74
1784841981822,0,98,55,671.15
1784841981822,1,0,0,121.73
1784841981957,0,98,55,678.28
1784841981957,1,0,0,121.72
1784841982093,0,98,54,674.63
1784841982093,1,0,0,121.71
1784841982229,0,91,51,669.01
1784841982229,1,0,0,121.67
1784841982362,0,91,51,669.31
1784841982362,1,0,0,121.63
1784841982497,0,95,51,675.74
1784841982497,1,0,0,121.64
1784841982632,0,98,58,673.14
1784841982632,1,0,0,121.63
1784841982767,0,98,58,671.59
1784841982767,1,0,0,121.60
1784841982902,0,98,59,664.93
1784841982902,1,0,0,121.61
1784841983039,0,98,59,662.38
1784841983039,1,0,0,121.57
1784841983175,0,98,59,667.61
1784841983175,1,0,0,121.56
1784841983310,0,90,55,682.48
1784841983310,1,0,0,121.57
1784841983445,0,95,52,683.98
1784841983445,1,0,0,121.53
1784841983580,0,95,52,686.20
1784841983580,1,0,0,121.51
1784841983715,0,98,59,688.42
1784841983715,1,0,0,121.53
1784841983849,0,98,59,692.27
1784841983849,1,0,0,121.50
1784841983985,0,98,58,693.66
1784841983985,1,0,0,121.49
1784841984124,0,98,58,691.42
1784841984124,1,0,0,121.50
1784841984260,0,90,54,689.42
1784841984260,1,0,0,121.47
1784841984393,0,0,0,606.37
1784841984393,1,0,0,121.47
1784841984527,0,0,0,560.15
1784841984527,1,0,0,121.50
1784841984661,0,0,0,513.78
1784841984661,1,0,0,121.47
1784841984795,0,95,51,465.36
1784841984795,1,0,0,121.55
1784841984932,0,95,51,459.65
1784841984932,1,0,0,121.62
1784841985067,0,98,56,458.31
1784841985067,1,0,0,121.61
1784841985203,0,98,57,467.27
1784841985203,1,0,0,121.60
1784841985338,0,98,57,477.64
1784841985338,1,0,0,121.57
1784841985475,0,98,57,533.01
1784841985475,1,0,0,121.56
1784841985610,0,91,54,649.68
1784841985610,1,0,0,121.57
1784841985744,0,91,54,692.90
1784841985744,1,0,0,121.49
1784841985880,0,95,52,694.72
1784841985880,1,0,0,121.41
1784841986015,0,98,56,684.66
1784841986015,1,0,0,121.41
1784841986151,0,98,56,681.25
1784841986151,1,0,0,121.41
1784841986287,0,98,58,684.49
1784841986287,1,0,0,121.43
1784841986422,0,98,59,683.46
1784841986422,1,0,0,121.38
1784841986557,0,98,59,683.49
1784841986557,1,0,0,121.42
1784841986693,0,90,55,687.48
1784841986693,1,0,0,121.48
1784841986829,0,95,50,686.76
1784841986829,1,0,0,121.46
1784841986963,0,95,50,687.97
1784841986963,1,0,0,121.47
1784841987099,0,98,55,684.91
1784841987099,1,0,0,121.48
1784841987235,0,98,57,684.61
1784841987235,1,0,0,121.47
1784841987371,0,98,57,685.66
1784841987371,1,0,0,121.50
1784841987507,0,98,58,683.30
1784841987507,1,0,0,121.50
1784841987642,0,91,54,685.60
1784841987642,1,0,0,121.49
1784841987778,0,91,54,685.12
1784841987778,1,0,0,121.47
1784841987913,0,94,50,681.83
1784841987913,1,0,0,121.46
1784841988048,0,98,52,684.82
1784841988048,1,0,0,121.58
1784841988185,0,98,52,688.60
1784841988185,1,0,0,121.56
1784841988322,0,98,57,686.17
1784841988322,1,0,0,121.54
1784841988457,0,98,56,688.88
1784841988457,1,0,0,121.49
1784841988594,0,98,57,686.14
1784841988594,1,0,0,121.44
1784841988729,0,98,57,686.20
1784841988729,1,0,0,121.35
1784841988863,0,94,51,686.71
1784841988863,1,0,0,121.45
1784841988999,0,98,53,685.88
1784841988999,1,0,0,121.40
1784841989134,0,98,53,684.75
1784841989134,1,0,0,121.32
1784841989269,0,98,59,684.68
1784841989269,1,0,0,121.31
1784841989403,0,98,59,680.35
1784841989403,1,0,0,121.29
1784841989539,0,98,59,674.38
1784841989539,1,0,0,121.36
1784841989674,0,92,56,674.19
1784841989674,1,0,0,121.40
1784841989809,0,94,52,677.44
1784841989809,1,0,0,121.34
1784841989945,0,94,52,675.10
1784841989945,1,0,0,121.28
1784841990081,0,98,56,686.23
1784841990081,1,0,0,121.26
1784841990216,0,98,60,687.33
1784841990216,1,0,0,121.24
1784841990353,0,98,60,689.36
1784841990353,1,0,0,121.24
1784841990506,0,98,60,692.20
1784841990506,1,0,0,121.25
1784841990642,0,90,55,690.71
1784841990642,1,0,0,121.12
1784841990777,0,90,55,691.41
1784841990777,1,0,0,121.09
1784841990911,0,95,52,676.67
1784841990911,1,0,0,121.09
1784841991046,0,99,55,669.00
1784841991046,1,0,0,121.08
1784841991182,0,99,55,670.36
1784841991182,1,0,0,121.09
1784841991317,0,98,60,665.72
1784841991317,1,0,0,121.08
1784841991451,0,98,60,667.05
1784841991451,1,0,0,121.05
1784841991587,0,98,60,663.66
1784841991587,1,0,0,121.06
1784841991723,0,98,60,667.75
1784841991723,1,0,0,121.06
1784841991859,0,94,52,665.58
1784841991859,1,0,0,121.06
1784841991993,0,98,52,688.79
1784841991993,1,0,0,121.06
1784841992130,0,98,52,689.16
1784841992130,1,0,0,121.07
1784841992265,0,98,59,692.12
1784841992265,1,0,0,121.07
1784841992401,0,98,58,693.05
1784841992401,1,0,0,121.07
1784841992536,0,98,58,694.89
1784841992536,1,0,0,121.07
1784841992671,0,98,58,694.73
1784841992671,1,0,0,121.05
1784841992806,0,95,51,692.26
1784841992806,1,0,0,121.05
1784841992950,0,95,51,689.36
1784841992950,1,0,0,121.02
1784841993093,0,98,52,691.67
1784841993093,1,0,0,121.04
1784841993228,0,98,56,693.79
1784841993228,1,0,0,121.03
1784841993364,0,98,56,688.43
1784841993364,1,0,0,121.04
1784841993500,0,98,57,692.44
1784841993500,1,0,0,121.05
1784841993636,0,98,56,692.09
1784841993636,1,0,0,121.02
1784841993770,0,98,56,692.60
1784841993770,1,0,0,121.04
1784841993906,0,94,51,693.08
1784841993906,1,0,0,121.04
1784841994042,0,93,49,687.89
1784841994042,1,0,0,121.03
1784841994177,0,93,49,686.78
1784841994177,1,0,0,121.07
1784841994311,0,98,58,690.34
1784841994311,1,0,0,121.14
1784841994446,0,98,58,693.00
1784841994446,1,0,0,121.12
1784841994581,0,98,58,690.88
1784841994581,1,0,0,121.16
1784841994714,0,98,57,686.46
1784841994714,1,0,0,121.21
1784841994850,0,95,51,689.46
1784841994850,1,0,0,121.20
1784841994985,0,95,51,691.25
1784841994985,1,0,0,121.17
1784841995120,0,92,49,693.57
1784841995120,1,0,0,121.18
1784841995256,0,98,58,691.50
1784841995256,1,0,0,121.15
1784841995390,0,98,58,688.57
1784841995390,1,0,0,121.14
1784841995527,0,98,58,686.94
1784841995527,1,0,0,121.15
1784841995662,0,98,58,689.87
1784841995662,1,0,0,121.02
1784841995798,0,95,51,691.13
1784841995798,1,0,0,121.01
1784841995934,0,95,51,689.58
1784841995934,1,0,0,121.04
1784841996068,0,93,48,692.25
1784841996068,1,0,0,121.15
1784841996203,0,98,55,693.36
1784841996203,1,0,0,121.09
1784841996339,0,98,55,694.76
1784841996339,1,0,0,121.03
1784841996474,0,98,55,692.25
1784841996474,1,0,0,121.02
1784841996609,0,98,57,689.52
1784841996609,1,0,0,121.02
1784841996746,0,98,57,687.66
1784841996746,1,0,0,121.06
1784841996881,0,94,51,684.83
1784841996881,1,0,0,121.14
1784841997017,0,93,47,692.60
1784841997017,1,0,0,121.10
1784841997153,0,93,47,695.67
1784841997153,1,0,0,121.04
1784841997289,0,98,58,696.35
1784841997289,1,0,0,121.13
1784841997424,0,98,57,695.17
1784841997424,1,0,0,121.13
1784841997559,0,98,57,695.28
1784841997559,1,0,0,121.18
1784841997696,0,98,58,696.91
1784841997696,1,0,0,121.27
1784841997832,0,94,52,698.29
1784841997832,1,0,0,121.26
1784841997967,0,94,52,700.00
1784841997967,1,0,0,121.27
1784841998103,0,93,47,683.54
1784841998103,1,0,0,121.29
1784841998239,0,98,59,685.72
1784841998239,1,0,0,121.22
1784841998374,0,98,59,683.01
1784841998374,1,0,0,121.12
1784841998509,0,98,59,686.40
1784841998509,1,0,0,121.12
1784841998649,0,98,60,686.46
1784841998649,1,0,0,121.10
1784841998785,0,98,60,686.96
1784841998785,1,0,0,121.04
1784841998920,0,94,51,682.93
1784841998920,1,0,0,120.97
1784841999055,0,93,45,685.68
1784841999055,1,0,0,120.96
1784841999190,0,93,45,692.30
1784841999190,1,0,0,120.94
1784841999326,0,98,54,687.40
1784841999326,1,0,0,120.93
1784841999462,0,98,54,683.31
1784841999462,1,0,0,120.94
1784841999597,0,98,54,673.63
1784841999597,1,0,0,120.89
1784841999732,0,98,54,670.02
1784841999732,1,0,0,120.79
1784841999868,0,89,48,667.32
1784841999868,1,0,0,120.79
1784842000003,0,91,46,666.49
1784842000003,1,0,0,120.78
1784842000138,0,91,46,657.46
1784842000138,1,0,0,120.78
1784842000273,0,98,57,662.06
1784842000273,1,0,0,120.80
1784842000407,0,98,56,671.75
1784842000407,1,0,0,120.76
1784842000541,0,98,56,674.41
1784842000541,1,0,0,120.78
1784842000677,0,98,57,678.92
1784842000677,1,0,0,120.76
1784842000814,0,88,50,686.07
1784842000814,1,0,0,120.80
1784842000949,0,88,50,688.41
1784842000949,1,0,0,120.84
1784842001084,0,90,45,687.30
1784842001084,1,0,0,120.83
1784842001220,0,98,58,693.74
1784842001220,1,0,0,120.80
1784842001353,0,98,58,689.48
1784842001353,1,0,0,120.82
1784842001489,0,98,58,688.09
1784842001489,1,0,0,120.83
1784842001627,0,98,59,688.30
1784842001627,1,0,0,120.81
1784842001761,0,98,59,689.59
1784842001761,1,0,0,120.75
1784842001896,0,88,50,688.66
1784842001896,1,0,0,120.67
1784842002032,0,90,47,690.11
1784842002032,1,0,0,120.64
1784842002167,0,90,47,691.47
1784842002167,1,0,0,120.73
1784842002302,0,98,56,690.94
1784842002302,1,0,0,120.82
1784842002436,0,98,57,689.13
1784842002436,1,0,0,120.77
1784842002571,0,98,57,688.44
1784842002571,1,0,0,120.79
1784842002707,0,98,56,687.58
1784842002707,1,0,0,120.78
1784842002840,0,89,51,688.16
1784842002840,1,0,0,120.80
1784842002975,0,89,51,686.38
1784842002975,1,0,0,120.81
1784842003110,0,95,51,688.26
1784842003110,1,0,0,120.80
1784842003246,0,98,59,691.43
1784842003246,1,0,0,120.66
1784842003383,0,98,59,688.11
1784842003383,1,0,0,120.67
1784842003519,0,98,59,689.69
1784842003519,1,0,0,120.67
1784842003655,0,98,60,689.56
1784842003655,1,0,0,120.68
1784842003790,0,98,60,690.68
1784842003790,1,0,0,120.71
1784842003926,0,88,52,694.27
1784842003926,1,0,0,120.78
1784842004062,0,95,50,692.58
1784842004062,1,0,0,120.80
1784842004197,0,98,59,689.70
1784842004197,1,0,0,120.76
1784842004333,0,98,59,690.31
1784842004333,1,0,0,120.77
1784842004468,0,98,59,691.12
1784842004468,1,0,0,120.89
1784842004604,0,98,60,692.32
1784842004604,1,0,0,120.89
1784842004740,0,98,60,693.08
1784842004740,1,0,0,120.89
1784842004876,0,89,53,692.86
1784842004876,1,0,0,120.89
1784842005011,0,96,51,694.31
1784842005011,1,0,0,120.90
1784842005146,0,96,51,692.86
1784842005146,1,0,0,120.96
1784842005283,0,98,61,690.04
1784842005283,1,0,0,121.04
1784842005418,0,98,61,687.51
1784842005418,1,0,0,121.03
1784842005552,0,98,61,683.44
1784842005552,1,0,0,120.97
1784842005686,0,98,60,685.45
1784842005686,1,0,0,121.04
1784842005820,0,88,52,689.17
1784842005820,1,0,0,120.98
1784842005955,0,88,52,686.48
1784842005955,1,0,0,120.93
1784842006092,0,95,50,682.93
1784842006092,1,0,0,121.03
1784842006228,0,98,59,679.69
1784842006228,1,0,0,121.04
1784842006363,0,98,59,684.99
1784842006363,1,0,0,121.05
1784842006497,0,98,59,689.32
1784842006497,1,0,0,121.13
1784842006632,0,98,59,688.23
1784842006632,1,0,0,121.06
1784842006767,0,98,59,686.30
1784842006767,1,0,0,121.03
1784842006902,0,89,51,680.97
1784842006902,1,0,0,121.13
1784842007036,0,90,47,682.66
1784842007036,1,0,0,121.11
1784842007171,0,90,47,686.49
1784842007171,1,0,0,121.03
1784842007308,0,98,57,686.65
1784842007308,1,0,0,120.95
1784842007441,0,98,57,690.78
1784842007441,1,0,0,120.94
1784842007577,0,98,57,685.64
1784842007577,1,0,0,120.99
1784842007712,0,98,57,686.82
1784842007712,1,0,0,121.05
1784842007846,0,89,50,684.58
1784842007846,1,0,0,121.04
1784842007981,0,89,50,685.00
1784842007981,1,0,0,121.03
1784842008115,0,95,49,684.39
1784842008115,1,0,0,121.00
1784842008250,0,98,58,683.07
1784842008250,1,0,0,121.10
1784842008386,0,98,58,681.23
1784842008386,1,0,0,121.11
1784842008521,0,98,59,681.32
1784842008521,1,0,0,121.13
1784842008659,0,98,59,680.55
1784842008659,1,0,0,121.10
1784842008796,0,98,59,683.21
1784842008796,1,0,0,121.07
1784842008930,0,88,51,693.87
1784842008930,1,0,0,121.08
1784842009066,0,96,49,691.51
1784842009066,1,0,0,121.10
1784842009202,0,98,58,692.98
1784842009202,1,0,0,121.08
1784842009338,0,98,58,695.89
1784842009338,1,0,0,121.11
1784842009473,0,98,56,692.44
1784842009473,1,0,0,121.11
1784842009609,0,98,56,696.33
1784842009609,1,0,0,121.14
1784842009747,0,98,56,694.99
1784842009747,1,0,0,121.14
1784842009885,0,89,52,693.36
1784842009885,1,0,0,121.14
1784842010021,0,95,51,691.74
1784842010021,1,0,0,121.17
1784842010155,0,95,51,685.70
1784842010155,1,0,0,121.16
1784842010289,0,98,58,682.24
1784842010289,1,0,0,121.16
1784842010426,0,98,59,684.80
1784842010426,1,0,0,121.10
1784842010561,0,98,59,685.63
1784842010561,1,0,0,121.04
1784842010697,0,98,58,684.28
1784842010697,1,0,0,121.03
1784842010833,0,89,53,687.28
1784842010833,1,0,0,121.03
1784842010968,0,89,53,690.90
1784842010968,1,0,0,121.02
1784842011104,0,95,52,689.97
1784842011104,1,0,0,121.01
1784842011240,0,98,59,691.36
1784842011240,1,0,0,121.00
1784842011376,0,98,59,693.69
1784842011376,1,0,0,121.05
1784842011512,0,98,58,693.36
1784842011512,1,0,0,121.11
1784842011648,0,98,59,693.21
1784842011648,1,0,0,121.13
1784842011784,0,98,59,695.61
1784842011784,1,0,0,121.09
1784842011920,0,89,52,695.21
1784842011920,1,0,0,121.05
1784842012055,0,95,51,694.93
1784842012055,1,0,0,120.99
1784842012192,0,95,51,699.71
1784842012192,1,0,0,120.94
1784842012328,0,98,58,696.92
1784842012328,1,0,0,120.90
1784842012464,0,98,58,696.98
1784842012464,1,0,0,120.84
1784842012600,0,98,59,694.74
1784842012600,1,0,0,120.82
1784842012736,0,98,59,695.05
1784842012736,1,0,0,120.77
1784842012870,0,89,52,695.82
1784842012870,1,0,0,120.78
1784842013007,0,94,51,691.61
1784842013007,1,0,0,120.78
1784842013142,0,94,51,693.34
1784842013142,1,0,0,120.80
1784842013278,0,98,59,692.44
1784842013278,1,0,0,120.78
1784842013415,0,98,59,694.67
1784842013415,1,0,0,120.78
1784842013552,0,98,59,694.57
1784842013552,1,0,0,120.78
1784842013688,0,98,58,696.21
1784842013688,1,0,0,120.77
1784842013826,0,89,53,694.52
1784842013826,1,0,0,120.75
1784842013962,0,89,53,689.66
1784842013962,1,0,0,120.72
1784842014097,0,95,51,687.59
1784842014097,1,0,0,120.73
1784842014233,0,98,59,685.54
1784842014233,1,0,0,120.72
1784842014369,0,98,59,686.81
1784842014369,1,0,0,120.72
1784842014505,0,98,58,688.25
1784842014505,1,0,0,120.72
1784842014641,0,98,58,687.89
1784842014641,1,0,0,120.71
1784842014777,0,98,58,690.81
1784842014777,1,0,0,120.68
1784842014912,0,90,52,688.12
1784842014912,1,0,0,120.68
1784842015048,0,95,50,690.74
1784842015048,1,0,0,120.68
1784842015183,0,95,50,692.82
1784842015183,1,0,0,120.68
1784842015320,0,98,56,694.10
1784842015320,1,0,0,120.67
1784842015454,0,98,57,690.81
1784842015454,1,0,0,120.65
1784842015589,0,98,57,692.72
1784842015589,1,0,0,120.65
1784842015724,0,98,56,691.24
1784842015724,1,0,0,120.65
1784842015860,0,89,52,691.66
1784842015860,1,0,0,120.66
1784842015996,0,89,52,695.42
1784842015996,1,0,0,120.65
1784842016131,0,95,50,695.85
1784842016131,1,0,0,120.66
1784842016269,0,98,57,696.49
1784842016269,1,0,0,120.70
1784842016406,0,98,57,694.17
1784842016406,1,0,0,120.69
1784842016543,0,98,57,693.17
1784842016543,1,0,0,120.71
1784842016679,0,98,55,689.14
1784842016679,1,0,0,120.72
1784842016815,0,98,57,680.12
1784842016815,1,0,0,120.74
1784842016955,0,98,57,652.69
1784842016955,1,0,0,120.71
1784842017091,0,9,8,601.93
1784842017091,1,2,2,121.54
1784842017225,0,0,0,498.96
1784842017225,1,2,2,121.49
1784842017359,0,0,0,443.68
1784842017359,1,0,0,121.35
1784842017496,0,12,9,397.13
1784842017496,1,55,31,130.93
1784842017630,0,0,0,298.08
1784842017630,1,55,31,141.02
1784842017764,0,0,0,244.38
1784842017764,1,0,0,140.96
1784842017898,0,0,0,195.28
1784842017898,1,0,0,140.53
1784842018032,0,0,0,156.62
1784842018032,1,0,0,140.50
1784842018169,0,0,0,157.99
1784842018169,1,13,2,147.75
1784842018305,0,40,6,157.31
1784842018305,1,70,40,176.62
1784842018443,0,0,0,153.33
1784842018443,1,70,40,220.93
1784842018581,0,0,0,142.74
1784842018581,1,82,45,311.13
1784842018738,0,0,0,142.46
1784842018738,1,72,43,344.71
1784842018875,0,0,0,142.17
1784842018875,1,100,50,471.09
1784842019012,0,0,0,141.71
1784842019012,1,100,50,520.41
1784842019148,0,0,0,139.46
1784842019148,1,98,56,630.04
1784842019285,0,0,0,138.79
1784842019285,1,91,46,665.53
1784842019421,0,0,0,138.48
1784842019421,1,91,46,680.41
1784842019558,0,0,0,138.37
1784842019558,1,91,54,669.46
1784842019696,0,0,0,138.29
1784842019696,1,100,63,682.93
1784842019832,0,0,0,138.05
1784842019832,1,100,63,690.22
1784842019968,0,0,0,137.95
1784842019968,1,96,49,678.67
1784842020104,0,0,0,137.72
1784842020104,1,98,65,672.64
1784842020241,0,0,0,137.62
1784842020241,1,98,65,664.95
1784842020378,0,0,0,137.55
1784842020378,1,98,59,658.30
1784842020516,0,0,0,137.38
1784842020516,1,95,60,660.75
1784842020652,0,0,0,137.27
1784842020652,1,98,63,656.37
1784842020789,0,0,0,137.20
1784842020789,1,98,63,646.78
1784842020925,0,0,0,137.05
1784842020925,1,100,48,650.74
1784842021062,0,0,0,137.00
1784842021062,1,91,60,641.13
1784842021200,0,0,0,136.94
1784842021200,1,91,60,643.33
1784842021337,0,0,0,136.79
1784842021337,1,100,63,640.89
1784842021474,0,0,0,136.74
1784842021474,1,100,68,616.73
1784842021610,0,0,0,136.57
1784842021610,1,100,68,618.35
1784842021746,0,0,0,136.49
1784842021746,1,93,54,609.65
1784842021885,0,0,0,136.40
1784842021885,1,100,70,587.73
1784842022023,0,0,0,136.27
1784842022023,1,100,70,587.83
1784842022161,0,0,0,136.17
1784842022161,1,98,66,572.64
1784842022299,0,0,0,136.12
1784842022299,1,88,52,573.37
1784842022436,0,0,0,135.98
1784842022436,1,88,52,584.55
1784842022573,0,0,0,135.92
1784842022573,1,100,60,586.06
1784842022710,0,0,0,135.83
1784842022710,1,100,66,575.87
1784842022849,0,0,0,135.77
1784842022849,1,94,53,592.14
1784842022986,0,0,0,135.71
1784842022986,1,94,53,584.36
1784842023130,0,0,0,135.62
1784842023130,1,96,62,584.87
1784842023266,0,0,0,135.59
1784842023266,1,98,64,582.02
1784842023405,0,0,0,135.47
1784842023405,1,98,64,559.85
1784842023543,0,0,0,135.41
1784842023543,1,98,64,553.77
1784842023679,0,0,0,135.36
1784842023679,1,90,54,546.71
1784842023816,0,0,0,135.29
1784842023816,1,90,54,560.64
1784842023954,0,0,0,135.24
1784842023954,1,96,57,569.31
1784842024091,0,0,0,135.18
1784842024091,1,99,64,564.35
1784842024228,0,0,0,134.97
1784842024228,1,99,64,555.10
1784842024365,0,0,0,134.86
1784842024365,1,100,62,565.85
1784842024500,0,0,0,134.74
1784842024500,1,85,48,571.07
1784842024638,0,0,0,134.49
1784842024638,1,85,48,571.94
1784842024775,0,0,0,134.38
1784842024775,1,100,62,563.86
1784842024911,0,0,0,134.19
1784842024911,1,100,67,552.77
1784842025048,0,0,0,134.10
1784842025048,1,100,67,543.10
1784842025185,0,0,0,134.01
1784842025185,1,95,59,542.67
1784842025322,0,0,0,133.94
1784842025322,1,97,62,527.03
1784842025459,0,0,0,133.92
1784842025459,1,98,64,510.63
1784842025598,0,0,0,133.91
1784842025598,1,98,64,506.26
1784842025736,0,0,0,133.84
1784842025736,1,100,67,496.00
1784842025873,0,0,0,133.81
1784842025873,1,94,53,515.41
1784842026010,0,0,0,133.72
1784842026010,1,94,53,523.40
1784842026147,0,0,0,133.69
1784842026147,1,93,59,520.52
1784842026282,0,0,0,133.70
1784842026282,1,96,60,539.41
1784842026418,0,0,0,133.66
1784842026418,1,96,60,547.84
1784842026556,0,0,0,133.65
1784842026556,1,99,60,563.06
1784842026692,0,0,0,133.64
1784842026692,1,95,56,579.29
1784842026830,0,0,0,133.63
1784842026830,1,95,56,570.16
1784842026967,0,0,0,133.60
1784842026967,1,98,62,553.97
1784842027104,0,0,0,133.57
1784842027104,1,99,57,565.30
1784842027241,0,0,0,133.54
1784842027241,1,99,57,555.63
1784842027378,0,0,0,133.53
1784842027378,1,90,56,550.81
1784842027515,0,0,0,133.49
1784842027515,1,100,67,539.47
1784842027652,0,0,0,133.45
1784842027652,1,88,48,548.52
1784842027790,0,0,0,133.41
1784842027790,1,88,48,560.12
1784842027928,0,0,0,133.37
1784842027928,1,99,64,559.97
1784842028063,0,0,0,133.37
1784842028063,1,97,60,569.17
1784842028200,0,0,0,133.34
1784842028200,1,97,60,591.76
1784842028337,0,0,0,133.30
1784842028337,1,89,48,612.05
1784842028473,0,0,0,133.27
1784842028473,1,90,55,615.02
1784842028610,0,0,0,133.30
1784842028610,1,90,55,613.81
1784842028747,0,0,0,133.31
1784842028747,1,92,57,606.94
1784842028884,0,0,0,133.27
1784842028884,1,78,39,615.94
1784842029021,0,0,0,133.25
1784842029021,1,78,39,606.55
1784842029158,0,0,0,133.25
1784842029158,1,99,64,605.80
1784842029294,0,0,0,133.24
1784842029294,1,99,57,597.13
1784842029431,0,0,0,133.22
1784842029431,1,99,57,608.58
1784842029568,0,0,0,133.20
1784842029568,1,84,44,610.62
1784842029704,0,0,0,133.16
1784842029704,1,85,47,614.08
1784842029842,0,0,0,133.17
1784842029842,1,85,47,606.98
1784842029978,0,0,0,133.16
1784842029978,1,100,67,589.29
1784842030114,0,0,0,133.14
1784842030114,1,88,50,596.01
1784842030251,0,0,0,133.12
1784842030251,1,100,65,590.58
1784842030388,0,0,0,133.12
1784842030388,1,100,65,584.78
1784842030524,0,0,0,133.12
1784842030524,1,91,51,588.14
1784842030661,0,0,0,133.11
1784842030661,1,96,61,571.57
1784842030797,0,0,0,133.10
1784842030797,1,96,61,581.22
1784842030933,0,0,0,133.07
1784842030933,1,97,60,585.32
1784842031069,0,0,0,133.04
1784842031069,1,94,56,582.05
1784842031206,0,0,0,133.02
1784842031206,1,94,56,564.35
1784842031343,0,0,0,133.01
1784842031343,1,97,64,567.06
1784842031479,0,0,0,133.01
1784842031479,1,89,50,564.69
1784842031617,0,0,0,132.97
1784842031617,1,89,50,564.86
1784842031753,0,0,0,132.96
1784842031753,1,94,56,574.95
1784842031889,0,0,0,132.95
1784842031889,1,95,52,588.99
1784842032027,0,0,0,132.96
1784842032027,1,95,52,573.47
1784842032164,0,0,0,132.97
1784842032164,1,97,53,575.93
1784842032300,0,0,0,132.98
1784842032300,1,94,61,576.07
1784842032438,0,0,0,132.95
1784842032438,1,94,61,580.29
1784842032576,0,0,0,132.96
1784842032576,1,88,54,567.05
1784842032712,0,0,0,132.95
1784842032712,1,96,56,571.53
1784842032850,0,0,0,132.94
1784842032850,1,96,56,574.26
1784842032987,0,0,0,132.93
1784842032987,1,90,53,566.42
1784842033125,0,0,0,132.93
1784842033125,1,91,52,563.46
1784842033263,0,0,0,132.90
1784842033263,1,91,54,586.81
1784842033400,0,0,0,132.91
1784842033400,1,91,54,598.44
1784842033537,0,0,0,132.89
1784842033537,1,100,56,610.87
1784842033673,0,0,0,132.89
1784842033673,1,99,67,598.44
1784842033809,0,0,0,132.88
1784842033809,1,99,67,592.77
1784842033946,0,0,0,132.87
1784842033946,1,100,58,599.15
1784842034082,0,0,0,132.88
1784842034082,1,98,63,610.62
1784842034219,0,0,0,132.88
1784842034219,1,98,63,592.66
1784842034355,0,0,0,132.86
1784842034355,1,98,65,573.92
1784842034492,0,0,0,132.84
1784842034492,1,99,60,564.72
1784842034630,0,0,0,132.83
1784842034630,1,99,60,568.63
1784842034767,0,0,0,132.83
1784842034767,1,98,61,569.41
1784842034903,0,0,0,132.84
1784842034903,1,97,64,559.32
1784842035040,0,0,0,132.85
1784842035040,1,97,64,542.61
1784842035177,0,0,0,132.82
1784842035177,1,100,68,523.80
1784842035313,0,0,0,132.83
1784842035313,1,98,61,524.74
1784842035450,0,0,0,132.84
1784842035450,1,98,61,516.84
1784842035586,0,0,0,132.82
1784842035586,1,100,67,493.25
1784842035723,0,0,0,132.80
1784842035723,1,99,67,484.93
1784842035859,0,0,0,132.79
1784842035859,1,93,55,487.73
1784842035997,0,0,0,132.79
1784842035997,1,93,55,499.30
1784842036135,0,0,0,132.77
1784842036135,1,92,51,518.67
1784842036271,0,0,0,132.79
1784842036271,1,98,61,521.80
1784842036408,0,0,0,132.76
1784842036408,1,98,61,524.09
1784842036545,0,0,0,132.75
1784842036545,1,96,60,532.38
1784842036682,0,0,0,132.72
1784842036682,1,96,57,539.21
1784842036821,0,0,0,132.72
1784842036821,1,96,57,537.38
1784842036960,0,0,0,132.71
1784842036960,1,97,58,527.12
1784842037096,0,0,0,132.69
1784842037096,1,98,63,520.39
1784842037232,0,0,0,132.66
1784842037232,1,98,63,510.98
1784842037368,0,0,0,132.65
1784842037368,1,90,59,499.75
1784842037506,0,0,0,132.67
1784842037506,1,96,61,506.29
1784842037642,0,0,0,132.68
1784842037642,1,96,61,517.70
1784842037779,0,0,0,132.66
1784842037779,1,96,61,527.53
1784842037916,0,0,0,132.64
1784842037916,1,100,65,520.65
1784842038052,0,0,0,132.64
1784842038052,1,100,65,517.47
1784842038189,0,0,0,132.62
1784842038189,1,96,56,539.18
1784842038325,0,0,0,132.61
1784842038325,1,100,61,550.28
1784842038462,0,0,0,132.59
1784842038462,1,97,61,552.17
1784842038597,0,0,0,132.57
1784842038597,1,97,61,541.17
1784842038736,0,0,0,132.57
1784842038736,1,94,60,538.39
1784842038872,0,0,0,132.58
1784842038872,1,98,63,539.16
1784842039010,0,0,0,132.58
1784842039010,1,98,63,544.53
1784842039145,0,0,0,132.59
1784842039145,1,88,49,544.50
1784842039282,0,0,0,132.59
1784842039282,1,92,55,535.18
1784842039419,0,0,0,132.58
1784842039419,1,92,55,554.39
1784842039554,0,0,0,132.59
1784842039554,1,99,57,565.83
1784842039691,0,0,0,132.58
1784842039691,1,98,54,607.25
1784842039826,0,0,0,132.54
1784842039826,1,98,54,608.06
1784842039962,0,0,0,132.53
1784842039962,1,95,55,623.65
1784842040099,0,0,0,132.52
1784842040099,1,93,58,616.48
1784842040236,0,0,0,132.50
1784842040236,1,93,58,630.91
1784842040372,0,0,0,132.51
1784842040372,1,98,56,627.64
1784842040513,0,0,0,132.50
1784842040513,1,94,57,621.24
1784842040660,0,0,0,132.51
1784842040660,1,83,47,593.17
1784842040795,0,0,0,132.54
1784842040795,1,83,47,595.18
1784842040931,0,0,0,132.53
1784842040931,1,97,58,596.03
1784842041068,0,0,0,132.52
1784842041068,1,97,63,584.81
1784842041204,0,0,0,132.52
1784842041204,1,97,63,580.54
1784842041339,0,0,0,132.48
1784842041339,1,93,53,584.38
1784842041475,0,0,0,132.49
1784842041475,1,97,63,570.62
1784842041610,0,0,0,132.49
1784842041610,1,97,63,582.42
1784842041747,0,0,0,132.47
1784842041747,1,98,64,569.86
1784842041883,0,0,0,132.43
1784842041883,1,94,55,567.12
1784842042021,0,0,0,132.45
1784842042021,1,94,55,565.36
1784842042158,0,0,0,132.43
1784842042158,1,100,65,556.63
1784842042295,0,0,0,132.43
1784842042295,1,100,68,535.26
1784842042432,0,0,0,132.41
1784842042432,1,100,68,520.98
1784842042569,0,0,0,132.40
1784842042569,1,100,69,506.17
1784842042703,0,0,0,132.39
1784842042703,1,100,69,502.36
1784842042839,0,0,0,132.40
1784842042839,1,100,69,488.46
1784842042975,0,0,0,132.39
1784842042975,1,100,69,468.41
1784842043110,0,0,0,132.39
1784842043110,1,100,69,467.52
1784842043246,0,0,0,132.38
1784842043246,1,100,69,456.84
1784842043383,0,0,0,132.40
1784842043383,1,99,68,458.82
1784842043520,0,0,0,132.37
1784842043520,1,100,70,456.61
1784842043656,0,0,0,132.36
1784842043656,1,100,70,455.32
1784842043792,0,0,0,132.35
1784842043792,1,96,64,447.73
1784842043928,0,0,0,132.34
1784842043928,1,100,69,446.42
1784842044063,0,0,0,132.34
1784842044063,1,97,65,445.99
1784842044199,0,0,0,132.33
1784842044199,1,97,65,444.09
1784842044336,0,0,0,132.35
1784842044336,1,97,65,447.19
1784842044473,0,0,0,132.36
1784842044473,1,99,64,446.21
1784842044609,0,0,0,132.36
1784842044609,1,99,64,446.05
1784842044746,0,0,0,132.37
1784842044746,1,100,68,444.84
1784842044882,0,0,0,132.36
1784842044882,1,100,69,443.77
1784842045019,0,0,0,132.34
1784842045019,1,100,69,443.91
1784842045156,0,0,0,132.33
1784842045156,1,100,68,437.63
1784842045294,0,0,0,132.31
1784842045294,1,94,61,430.82
1784842045431,0,0,0,132.28
1784842045431,1,94,61,425.93
1784842045567,0,0,0,132.28
1784842045567,1,100,67,415.45
1784842045703,0,0,0,132.29
1784842045703,1,100,67,411.99
1784842045840,0,0,0,132.29
1784842045840,1,100,67,407.03
1784842045978,0,0,0,132.31
1784842045978,1,100,67,399.26
1784842046114,0,0,0,132.31
1784842046114,1,100,67,396.90
1784842046251,0,0,0,132.33
1784842046251,1,100,67,395.90
1784842046387,0,0,0,132.34
1784842046387,1,100,67,389.66
1784842046523,0,0,0,132.33
1784842046523,1,100,67,389.50
1784842046659,0,0,0,132.34
1784842046659,1,100,67,388.30
1784842046794,0,0,0,132.33
1784842046794,1,100,67,387.10
1784842046930,0,0,0,132.33
1784842046930,1,100,67,387.50
1784842047066,0,0,0,132.31
1784842047066,1,100,67,387.37
1784842047200,0,0,0,132.31
1784842047200,1,100,67,387.58
1784842047336,0,0,0,132.29
1784842047336,1,100,67,387.28
1784842047471,0,0,0,132.27
1784842047471,1,100,67,387.01
1784842047608,0,0,0,132.29
1784842047608,1,100,67,387.73
1784842047742,0,0,0,132.28
1784842047742,1,100,67,388.14
1784842047876,0,0,0,132.27
1784842047876,1,100,67,388.41
1784842048015,0,0,0,132.30
1784842048015,1,100,67,388.93
1784842048151,0,0,0,132.29
1784842048151,1,100,67,388.75
1784842048285,0,0,0,132.28
1784842048285,1,100,67,389.59
1784842048420,0,0,0,132.27
1784842048420,1,100,67,390.26
1784842048555,0,0,0,132.25
1784842048555,1,100,67,390.70
1784842048691,0,0,0,132.24
1784842048691,1,100,67,389.54
1784842048826,0,0,0,132.21
1784842048826,1,100,67,389.01
1784842048962,0,0,0,132.20
1784842048962,1,100,67,388.89
1784842049097,0,0,0,132.19
1784842049097,1,100,67,387.94
1784842049232,0,0,0,132.19
1784842049232,1,100,67,387.79
1784842049367,0,0,0,132.18
1784842049367,1,100,67,386.01
1784842049503,0,0,0,132.18
1784842049503,1,100,67,385.29
1784842049640,0,0,0,132.18
1784842049640,1,100,67,384.43
1784842049775,0,0,0,132.17
1784842049775,1,100,67,383.55
1784842049912,0,0,0,132.16
1784842049912,1,100,67,383.74
1784842050048,0,0,0,132.15
1784842050048,1,100,67,384.58
1784842050184,0,0,0,132.15
1784842050184,1,100,67,384.84
1784842050320,0,0,0,132.15
1784842050320,1,100,67,384.80
1784842050456,0,0,0,132.15
1784842050456,1,100,67,386.38
1784842050591,0,0,0,132.17
1784842050591,1,100,67,387.01
1784842050726,0,0,0,132.18
1784842050726,1,100,67,386.04
1784842050860,0,0,0,132.18
1784842050860,1,100,67,387.38
1784842050996,0,0,0,132.18
1784842050996,1,100,67,385.97
1784842051131,0,0,0,132.17
1784842051131,1,100,67,384.45
1784842051266,0,0,0,132.16
1784842051266,1,100,67,383.83
1784842051402,0,0,0,132.16
1784842051402,1,100,67,382.22
1784842051538,0,0,0,132.16
1784842051538,1,100,67,381.04
1784842051672,0,0,0,132.16
1784842051672,1,100,66,381.79
1784842051808,0,0,0,132.15
1784842051808,1,100,66,380.23
1784842051944,0,0,0,132.14
1784842051944,1,100,66,380.32
1784842052079,0,0,0,132.14
1784842052079,1,100,66,378.59
1784842052214,0,0,0,132.16
1784842052214,1,100,66,377.48
1784842052348,0,0,0,132.15
1784842052348,1,100,66,377.00
1784842052484,0,0,0,132.16
1784842052484,1,100,66,375.44
1784842052618,0,0,0,132.15
1784842052618,1,100,66,374.21
1784842052754,0,0,0,132.15
1784842052754,1,100,66,374.05
1784842052889,0,0,0,132.15
1784842052889,1,100,66,374.05
1784842053025,0,0,0,132.15
1784842053025,1,100,66,373.80
1784842053167,0,0,0,132.14
1784842053167,1,100,66,374.25
1784842053302,0,0,0,132.13
1784842053302,1,100,66,373.93
1784842053438,0,0,0,132.11
1784842053438,1,100,66,374.08
1784842053573,0,0,0,132.11
1784842053573,1,100,66,374.72
1784842053708,0,0,0,132.09
1784842053708,1,100,66,374.71
1784842053844,0,0,0,132.10
1784842053844,1,100,66,375.22
1784842053980,0,0,0,132.11
1784842053980,1,100,66,375.75
1784842054116,0,0,0,132.11
1784842054116,1,100,66,375.94
1784842054251,0,0,0,132.13
1784842054251,1,100,66,375.96
1784842054386,0,0,0,132.13
1784842054386,1,100,66,376.99
1784842054521,0,0,0,132.13
1784842054521,1,100,66,376.91
1784842054656,0,0,0,132.12
1784842054656,1,100,66,377.11
1784842054792,0,0,0,132.11
1784842054792,1,100,66,377.44
1784842054927,0,0,0,132.10
1784842054927,1,100,66,378.09
1784842055063,0,0,0,132.08
1784842055063,1,100,66,376.90
1784842055199,0,0,0,132.07
1784842055199,1,100,66,377.67
1784842055334,0,0,0,132.03
1784842055334,1,100,66,377.35
1784842055469,0,0,0,132.05
1784842055469,1,100,66,376.97
1784842055605,0,0,0,132.07
1784842055605,1,100,66,377.40
1784842055741,0,0,0,132.06
1784842055741,1,100,66,376.85
1784842055876,0,0,0,132.04
1784842055876,1,100,66,375.98
1784842056012,0,0,0,132.02
1784842056012,1,100,66,376.79
1784842056147,0,0,0,132.02
1784842056147,1,100,66,376.55
1784842056281,0,0,0,132.03
1784842056281,1,100,66,374.73
1784842056418,0,0,0,132.01
1784842056418,1,100,66,374.44
1784842056553,0,0,0,132.02
1784842056553,1,100,66,375.09
1784842056688,0,0,0,132.02
1784842056688,1,100,66,375.65
1784842056823,0,0,0,132.02
1784842056823,1,100,66,375.94
1784842056960,0,0,0,132.02
1784842056960,1,100,66,375.71
1784842057094,0,0,0,132.02
1784842057094,1,100,66,375.66
1784842057230,0,0,0,132.03
1784842057230,1,100,66,376.07
1784842057365,0,0,0,132.01
1784842057365,1,100,66,376.17
1784842057500,0,0,0,132.00
1784842057500,1,100,66,375.87
1784842057635,0,0,0,131.96
1784842057635,1,100,66,375.08
1784842057769,0,0,0,131.97
1784842057769,1,17,11,331.31
1784842057902,0,0,0,131.97
1784842057902,1,0,0,307.51
1784842058037,0,0,0,131.97
1784842058037,1,0,0,283.56
1784842058170,0,0,0,131.97
1784842058170,1,0,0,232.51
1784842058304,0,0,0,131.97
1784842058304,1,0,0,211.23
1784842058436,0,0,0,131.99
1784842058436,1,0,0,184.02
1784842058570,0,0,0,132.02
1784842058570,1,0,0,132.47
1784842058704,0,0,0,132.02
1784842058704,1,0,0,131.11
1784842058838,0,0,0,132.04
1784842058838,1,0,0,130.60
1784842058971,0,0,0,132.05
1784842058971,1,0,0,130.44
1784842059103,0,0,0,132.06
1784842059103,1,0,0,130.35
1784842059236,0,0,0,132.08
1784842059236,1,0,0,130.32
1784842059369,0,0,0,132.09
1784842059369,1,0,0,130.13
1784842059502,0,0,0,132.09
1784842059502,1,0,0,130.11
1784842059641,0,65,37,186.40
1784842059641,1,0,0,130.14
1784842059777,0,65,37,244.10
1784842059777,1,0,0,130.06
1784842059912,0,90,49,354.91
1784842059912,1,0,0,130.06
1784842060047,0,98,59,405.40
1784842060047,1,0,0,130.00
1784842060182,0,98,59,469.91
1784842060182,1,0,0,130.05
1784842060317,0,98,59,584.71
1784842060317,1,0,0,130.01
1784842060451,0,98,59,641.06
1784842060451,1,0,0,130.03
1784842060587,0,98,59,690.94
1784842060587,1,0,0,130.00
1784842060722,0,92,51,696.93
1784842060722,1,0,0,130.06
1784842060857,0,92,45,690.47
1784842060857,1,0,0,130.04
1784842060992,0,92,45,690.24
1784842060992,1,0,0,130.00
1784842061128,0,98,59,692.27
1784842061128,1,0,0,129.98
1784842061263,0,98,59,694.48
1784842061263,1,0,0,129.93
1784842061399,0,98,59,694.85
1784842061399,1,0,0,129.90
1784842061534,0,98,59,694.14
1784842061534,1,0,0,129.89
1784842061669,0,95,52,692.06
1784842061669,1,0,0,129.85
1784842061804,0,95,52,687.26
1784842061804,1,0,0,129.83
1784842061938,0,93,44,688.38
1784842061938,1,0,0,129.82
1784842062074,0,98,57,688.34
1784842062074,1,0,0,129.76
1784842062209,0,98,57,684.57
1784842062209,1,0,0,129.76
1784842062347,0,98,57,685.99
1784842062347,1,0,0,129.74
1784842062484,0,98,58,684.18
1784842062484,1,0,0,129.68
1784842062618,0,95,51,682.98
1784842062618,1,0,0,129.65
1784842062752,0,95,51,683.54
1784842062752,1,0,0,129.63
1784842062886,0,93,44,681.67
1784842062886,1,0,0,129.59
1784842063021,0,98,59,670.70
1784842063021,1,0,0,129.57
1784842063157,0,98,59,671.17
1784842063157,1,0,0,129.54
1784842063290,0,98,59,663.50
1784842063290,1,0,0,129.51
1784842063424,0,98,59,657.57
1784842063424,1,0,0,129.51
1784842063561,0,98,59,659.74
1784842063561,1,0,0,129.49
1784842063696,0,94,51,661.06
1784842063696,1,0,0,129.47
1784842063833,0,93,46,672.36
1784842063833,1,0,0,129.46
1784842063968,0,93,46,676.73
1784842063968,1,0,0,129.45
1784842064104,0,98,59,680.65
1784842064104,1,0,0,129.45
1784842064238,0,98,59,686.79
1784842064238,1,0,0,129.45
1784842064373,0,98,59,689.89
1784842064373,1,0,0,129.39
1784842064507,0,98,59,693.36
1784842064507,1,0,0,129.38
1784842064643,0,95,52,700.70
1784842064643,1,0,0,129.37
1784842064778,0,95,52,692.12
1784842064778,1,0,0,129.31
1784842064913,0,93,48,678.24
1784842064913,1,0,0,129.29
1784842065049,0,98,59,673.70
1784842065049,1,0,0,129.26
1784842065184,0,98,59,667.53
1784842065184,1,0,0,129.19
1784842065321,0,98,60,659.60
1784842065321,1,0,0,129.18
1784842065456,0,98,59,651.41
1784842065456,1,0,0,129.18
1784842065590,0,98,59,652.42
1784842065590,1,0,0,129.11
1784842065723,0,94,52,649.67
1784842065723,1,0,0,129.11
1784842065857,0,98,53,667.30
1784842065857,1,0,0,129.09
1784842065996,0,98,53,671.07
1784842065996,1,0,0,129.06
1784842066130,0,97,59,685.06
1784842066130,1,0,0,129.05
1784842066264,0,98,59,689.40
1784842066264,1,0,0,129.02
1784842066399,0,98,59,693.61
1784842066399,1,0,0,129.02
1784842066534,0,98,58,696.53
1784842066534,1,0,0,129.03
1784842066669,0,94,51,697.52
1784842066669,1,0,0,129.04
1784842066803,0,94,51,690.41
1784842066803,1,0,0,129.04
1784842066937,0,98,52,684.02
1784842066937,1,0,0,129.04
1784842067071,0,98,58,684.42
1784842067071,1,0,0,129.03
1784842067207,0,98,58,681.31
1784842067207,1,0,0,129.02
1784842067342,0,98,58,682.49
1784842067342,1,0,0,129.02
1784842067477,0,93,56,680.50
1784842067477,1,0,0,129.00
1784842067612,0,93,56,686.72
1784842067612,1,0,0,128.97
1784842067748,0,95,52,680.84
1784842067748,1,0,0,128.95
1784842067884,0,98,56,690.86
1784842067884,1,0,0,128.93
1784842068019,0,98,59,690.41
1784842068019,1,0,0,128.91
1784842068154,0,98,59,690.78
1784842068154,1,0,0,128.90
1784842068289,0,97,58,688.29
1784842068289,1,0,0,128.88
1784842068424,0,90,55,689.60
1784842068424,1,0,0,128.85
1784842068559,0,90,55,686.08
1784842068559,1,0,0,128.82
1784842068695,0,95,53,684.86
1784842068695,1,0,0,128.78
1784842068830,0,97,58,686.57
1784842068830,1,0,0,128.77
1784842068965,0,97,58,687.45
1784842068965,1,0,0,128.75
1784842069101,0,97,59,684.20
1784842069101,1,0,0,128.76
1784842069236,0,98,59,685.11
1784842069236,1,0,0,128.74
1784842069372,0,98,59,685.50
1784842069372,1,0,0,128.73
1784842069508,0,90,54,685.02
1784842069508,1,0,0,128.73
1784842069643,0,95,51,684.86
1784842069643,1,0,0,128.69
1784842069780,0,95,51,682.28
1784842069780,1,0,0,128.69
1784842069916,0,98,59,680.77
1784842069916,1,0,0,128.68
1784842070053,0,98,59,684.49
1784842070053,1,0,0,128.64
1784842070189,0,98,59,678.70
1784842070189,1,0,0,128.60
1784842070324,0,98,58,682.62
1784842070324,1,0,0,128.57
1784842070460,0,90,54,683.37
1784842070460,1,0,0,128.52
1784842070595,0,90,54,682.27
1784842070595,1,0,0,128.50
1784842070730,0,95,51,684.66
1784842070730,1,0,0,128.47
1784842070864,0,98,58,685.92
1784842070864,1,0,0,128.40
1784842070997,0,98,58,687.12
1784842070997,1,0,0,128.38
1784842071133,0,98,58,689.62
1784842071133,1,0,0,128.37
1784842071268,0,98,58,685.18
1784842071268,1,0,0,128.33
1784842071404,0,98,58,686.23
1784842071404,1,0,0,128.32
1784842071537,0,57,34,589.09
1784842071537,1,0,0,128.28
1784842071670,0,0,0,543.03
1784842071670,1,0,0,128.25
1784842071805,0,0,0,485.21
1784842071805,1,0,0,128.26
1784842071940,0,9,5,465.23
1784842071940,1,0,0,128.24
1784842072078,0,95,53,465.73
1784842072078,1,0,0,128.15
1784842072214,0,95,53,463.31
1784842072214,1,0,0,128.10
1784842072348,0,98,59,464.94
1784842072348,1,0,0,128.06
1784842072485,0,98,59,509.21
1784842072485,1,0,0,128.02
1784842072622,0,98,59,618.11
1784842072622,1,0,0,127.97
1784842072761,0,98,59,667.92
1784842072761,1,0,0,127.94
1784842072895,0,90,52,694.51
1784842072895,1,0,0,127.85
1784842073031,0,95,52,695.82
1784842073031,1,0,0,127.81
1784842073166,0,95,52,691.41
1784842073166,1,0,0,127.79
1784842073301,0,98,59,692.41
1784842073301,1,0,0,127.80
1784842073436,0,98,58,691.36
1784842073436,1,0,0,127.75
1784842073571,0,98,58,690.02
1784842073571,1,0,0,127.72
1784842073706,0,98,58,693.12
1784842073706,1,0,0,127.72
1784842073842,0,90,53,699.01
1784842073842,1,0,0,127.69
1784842073978,0,90,53,694.72
1784842073978,1,0,0,127.66
1784842074113,0,95,51,689.07
1784842074113,1,0,0,127.64
1784842074248,0,97,54,660.88
1784842074248,1,0,0,127.60
1784842074383,0,97,54,661.02
1784842074383,1,0,0,127.57
1784842074519,0,98,58,662.40
1784842074519,1,0,0,127.55
1784842074655,0,98,58,660.68
1784842074655,1,0,0,127.51
1784842074791,0,98,58,661.09
1784842074791,1,0,0,127.46
1784842074924,0,98,58,662.27
1784842074924,1,0,0,127.44
1784842075060,0,94,52,664.36
1784842075060,1,0,0,127.43
1784842075194,0,94,52,689.16
1784842075194,1,0,0,127.39
1784842075329,0,97,52,684.79
1784842075329,1,0,0,127.36
1784842075466,0,98,57,684.57
1784842075466,1,0,0,127.32
1784842075600,0,98,57,684.90
1784842075600,1,0,0,127.27
1784842075736,0,98,57,683.42
1784842075736,1,0,0,127.25
1784842075872,0,98,59,682.07
1784842075872,1,0,0,127.20
1784842076008,0,98,59,679.38
1784842076008,1,0,0,127.20
1784842076143,0,93,51,683.96
1784842076143,1,0,0,127.16
1784842076279,0,92,48,688.27
1784842076279,1,0,0,127.11
1784842076414,0,92,48,686.75
1784842076414,1,0,0,127.10
1784842076549,0,98,60,688.67
1784842076549,1,0,0,127.10
1784842076684,0,98,60,685.93
1784842076684,1,0,0,127.04
1784842076819,0,98,60,688.33
1784842076819,1,0,0,127.02
1784842076955,0,98,59,693.47
1784842076955,1,0,0,126.99
1784842077090,0,94,52,698.16
1784842077090,1,0,0,126.94
1784842077225,0,98,53,697.25
1784842077225,1,0,0,126.90
1784842077360,0,98,53,693.73
1784842077360,1,0,0,126.89
1784842077498,0,98,60,695.14
1784842077498,1,0,0,126.83
1784842077635,0,98,59,693.03
1784842077635,1,0,0,126.69
1784842077771,0,98,59,690.19
1784842077771,1,0,0,126.43
1784842077909,0,96,59,690.53
1784842077909,1,0,0,126.31
1784842078044,0,94,52,688.08
1784842078044,1,0,0,126.17
1784842078178,0,94,52,684.72
1784842078178,1,0,0,125.91
1784842078314,0,98,56,687.08
1784842078314,1,0,0,125.80
1784842078450,0,98,60,687.80
1784842078450,1,0,0,125.67
1784842078585,0,98,60,691.11
1784842078585,1,0,0,125.54
1784842078720,0,98,59,688.62
1784842078720,1,0,0,125.52
1784842078857,0,92,56,687.92
1784842078857,1,0,0,125.50
1784842078992,0,92,56,688.33
1784842078992,1,0,0,125.47
1784842079127,0,94,52,678.44
1784842079127,1,0,0,125.46
1784842079264,0,98,55,675.26
1784842079264,1,0,0,125.46
1784842079400,0,98,55,676.54
1784842079400,1,0,0,125.41
1784842079535,0,98,59,675.09
1784842079535,1,0,0,125.38
1784842079670,0,98,59,678.04
1784842079670,1,0,0,125.34
1784842079806,0,98,59,678.60
1784842079806,1,0,0,125.33
1784842079942,0,92,56,680.80
1784842079942,1,0,0,125.31
1784842080076,0,94,51,682.18
1784842080076,1,0,0,125.28
1784842080211,0,94,51,687.38
1784842080211,1,0,0,125.23
1784842080346,0,98,54,690.51
1784842080346,1,0,0,125.21
1784842080496,0,98,59,692.86
1784842080496,1,0,0,125.19
1784842080632,0,98,57,695.81
1784842080632,1,0,0,125.15
1784842080767,0,98,57,694.35
1784842080767,1,0,0,125.13
1784842080903,0,97,58,691.76
1784842080903,1,0,0,125.09
1784842081037,0,95,53,691.52
1784842081037,1,0,0,125.07
1784842081173,0,95,53,688.67
1784842081173,1,0,0,125.08
1784842081308,0,98,55,679.32
1784842081308,1,0,0,125.05
1784842081444,0,98,60,680.26
1784842081444,1,0,0,125.02
1784842081579,0,98,60,678.49
1784842081579,1,0,0,125.00
1784842081714,0,98,60,674.71
1784842081714,1,0,0,124.99
1784842081849,0,91,57,682.67
1784842081849,1,0,0,124.97
1784842081984,0,91,57,684.72
1784842081984,1,0,0,124.87
1784842082118,0,94,51,680.82
1784842082118,1,0,0,124.79
1784842082255,0,98,54,689.25
1784842082255,1,0,0,124.73
1784842082389,0,98,54,686.64
1784842082389,1,0,0,124.60
1784842082525,0,98,58,688.66
1784842082525,1,0,0,124.52
1784842082661,0,98,56,689.99
1784842082661,1,0,0,124.47
1784842082796,0,98,56,688.52
1784842082796,1,0,0,124.32
1784842082932,0,98,58,688.47
1784842082932,1,0,0,124.26
1784842083067,0,95,52,693.09
1784842083067,1,0,0,124.26
1784842083201,0,95,52,692.69
1784842083201,1,0,0,124.19
1784842083337,0,98,53,689.13
1784842083337,1,0,0,124.18
1784842083472,0,98,59,688.05
1784842083472,1,0,0,124.17
1784842083608,0,98,59,687.95
1784842083608,1,0,0,124.14
1784842083743,0,98,59,688.49
1784842083743,1,0,0,124.14
1784842083878,0,91,56,691.43
1784842083878,1,0,0,124.08
1784842084013,0,91,56,690.39
1784842084013,1,0,0,124.07
1784842084148,0,95,52,690.56
1784842084148,1,0,0,124.02
1784842084284,0,98,58,690.92
1784842084284,1,0,0,123.99
1784842084419,0,98,58,693.47
1784842084419,1,0,0,123.98
1784842084554,0,98,59,694.42
1784842084554,1,0,0,123.94
1784842084690,0,98,59,696.96
1784842084690,1,0,0,123.91
1784842084825,0,98,59,692.83
1784842084825,1,0,0,123.83
1784842084960,0,90,54,687.64
1784842084960,1,0,0,123.69
1784842085095,0,95,52,679.71
1784842085095,1,0,0,123.41
1784842085230,0,98,60,684.35
1784842085230,1,0,0,123.27
1784842085365,0,98,60,683.32
1784842085365,1,0,0,123.11
1784842085500,0,98,59,682.96
1784842085500,1,0,0,122.84
1784842085636,0,98,59,682.96
1784842085636,1,0,0,122.73
1784842085773,0,98,59,681.48
1784842085773,1,0,0,122.53
1784842085908,0,89,53,682.37
1784842085908,1,0,0,122.51
1784842086043,0,95,52,686.09
1784842086043,1,0,0,122.51
1784842086177,0,95,52,692.46
1784842086177,1,0,0,122.49
1784842086312,0,98,59,689.85
1784842086312,1,0,0,122.49
1784842086445,0,98,59,690.15
1784842086445,1,0,0,122.48
1784842086582,0,98,59,691.72
1784842086582,1,0,0,122.41
1784842086716,0,98,60,687.46
1784842086716,1,0,0,122.42
1784842086853,0,88,52,688.91
1784842086853,1,0,0,122.40
1784842086990,0,88,52,687.84
1784842086990,1,0,0,122.35
1784842087143,0,93,48,670.32
1784842087143,1,0,0,122.33
1784842087279,0,98,59,673.90
1784842087279,1,0,0,122.29
1784842087413,0,98,59,668.33
1784842087413,1,0,0,122.31
1784842087549,0,98,60,666.60
1784842087549,1,0,0,122.30
1784842087684,0,98,60,672.00
1784842087684,1,0,0,122.29
1784842087820,0,98,60,668.94
1784842087820,1,0,0,122.28
1784842087957,0,89,53,677.13
1784842087957,1,0,0,122.28
1784842088091,0,95,51,681.95
1784842088091,1,0,0,122.24
1784842088226,0,95,51,693.65
1784842088226,1,0,0,122.26
1784842088361,0,98,59,696.90
1784842088361,1,0,0,122.34
1784842088496,0,98,58,696.05
1784842088496,1,0,0,122.31
1784842088630,0,98,59,697.10
1784842088630,1,0,0,122.31
1784842088766,0,98,59,693.79
1784842088766,1,0,0,122.30
1784842088909,0,88,51,695.48
1784842088909,1,0,0,122.26
1784842089044,0,96,50,691.77
1784842089044,1,0,0,122.28
1784842089180,0,96,50,693.47
1784842089180,1,0,0,122.24
1784842089314,0,98,59,696.02
1784842089314,1,0,0,122.10
1784842089450,0,98,58,698.46
1784842089450,1,0,0,122.09
1784842089586,0,98,58,701.02
1784842089586,1,0,0,122.05
1784842089724,0,98,57,701.26
1784842089724,1,0,0,122.04
1784842089858,0,88,50,693.89
1784842089858,1,0,0,122.03
1784842089995,0,88,50,691.31
1784842089995,1,0,0,122.02
1784842090129,0,95,48,693.79
1784842090129,1,0,0,121.99
1784842090264,0,98,58,690.55
1784842090264,1,0,0,121.97
1784842090398,0,98,58,690.32
1784842090398,1,0,0,121.95
1784842090535,0,98,57,690.78
1784842090535,1,0,0,121.93
1784842090671,0,98,58,690.52
1784842090671,1,0,0,121.92
1784842090807,0,98,58,692.85
1784842090807,1,0,0,121.86
1784842090943,0,89,52,691.65
1784842090943,1,0,0,121.85
1784842091078,0,96,50,690.55
1784842091078,1,0,0,121.82
1784842091213,0,96,50,693.30
1784842091213,1,0,0,121.82
1784842091349,0,98,59,690.08
1784842091349,1,0,0,121.79
1784842091484,0,98,58,690.08
1784842091484,1,0,0,121.77
1784842091620,0,98,58,690.06
1784842091620,1,0,0,121.75
1784842091757,0,98,59,686.04
1784842091757,1,0,0,121.74
1784842091892,0,88,52,690.52
1784842091892,1,0,0,121.73
1784842092027,0,88,52,694.16
1784842092027,1,0,0,121.73
1784842092162,0,96,50,695.41
1784842092162,1,0,0,121.70
1784842092297,0,98,57,694.42
1784842092297,1,0,0,121.69
1784842092432,0,98,58,692.43
1784842092432,1,0,0,121.68
1784842092568,0,98,58,693.03
1784842092568,1,0,0,121.66
1784842092702,0,98,58,692.52
1784842092702,1,0,0,121.68
1784842092839,0,89,51,689.65
1784842092839,1,0,0,121.68
1784842092974,0,89,51,686.54
1784842092974,1,0,0,121.67
1784842093109,0,94,50,687.97
1784842093109,1,0,0,121.64
1784842093244,0,98,57,685.12
1784842093244,1,0,0,121.64
1784842093380,0,98,57,686.14
1784842093380,1,0,0,121.67
1784842093514,0,98,58,684.56
1784842093514,1,0,0,121.66
1784842093650,0,98,57,685.23
1784842093650,1,0,0,121.63
1784842093786,0,98,57,683.86
1784842093786,1,0,0,121.63
1784842093921,0,89,53,688.19
1784842093921,1,0,0,121.61
1784842094056,0,95,51,682.47
1784842094056,1,0,0,121.62
1784842094191,0,95,51,677.96
1784842094191,1,0,0,121.62
1784842094329,0,98,59,680.44
1784842094329,1,0,0,121.60
1784842094465,0,98,60,679.11
1784842094465,1,0,0,121.58
1784842094600,0,98,60,680.48
1784842094600,1,0,0,121.57
1784842094736,0,98,59,678.56
1784842094736,1,0,0,121.55
1784842094871,0,89,52,680.84
1784842094871,1,0,0,121.54
1784842095007,0,89,52,681.93
1784842095007,1,0,0,121.52
1784842095142,0,96,49,690.58
1784842095142,1,0,0,121.53
1784842095278,0,98,57,687.33
1784842095278,1,0,0,121.52
1784842095413,0,98,57,688.64
1784842095413,1,0,0,121.52
1784842095549,0,98,58,689.09
1784842095549,1,0,0,121.50
1784842095685,0,98,57,691.10
1784842095685,1,0,0,121.49
1784842095822,0,98,57,688.62
1784842095822,1,0,0,121.52
1784842095957,0,89,52,692.39
1784842095957,1,0,0,121.52
1784842096090,0,96,50,697.80
1784842096090,1,0,0,121.47
1784842096225,0,96,50,694.58
1784842096225,1,0,0,121.47
1784842096362,0,98,59,696.19
1784842096362,1,0,0,121.48
1784842096496,0,98,60,690.83
1784842096496,1,0,0,121.42
1784842096630,0,98,60,693.12
1784842096630,1,0,0,121.43
1784842096767,0,98,59,687.86
1784842096767,1,0,0,121.42
1784842096902,0,88,51,688.97
1784842096902,1,0,0,121.37
1784842097036,0,90,48,682.37
1784842097036,1,0,0,121.38
1784842097172,0,90,48,684.31
1784842097172,1,0,0,121.36
1784842097307,0,98,60,681.48
1784842097307,1,0,0,121.31
1784842097441,0,98,60,680.06
1784842097441,1,0,0,121.32
1784842097577,0,98,60,681.08
1784842097577,1,0,0,121.26
1784842097713,0,98,60,678.17
1784842097713,1,0,0,121.26
1784842097848,0,92,53,683.43
1784842097848,1,0,0,121.26
1784842097983,0,92,53,688.41
1784842097983,1,0,0,121.24
1784842098118,0,92,47,686.01
1784842098118,1,0,0,121.23
1784842098254,0,98,59,692.06
1784842098254,1,0,0,121.23
1784842098388,0,98,59,692.29
1784842098388,1,0,0,121.23
1784842098523,0,98,58,697.29
1784842098523,1,0,0,121.23
1784842098658,0,98,59,697.23
1784842098658,1,0,0,121.22
1784842098796,0,98,59,696.09
1784842098796,1,0,0,121.23
1784842098931,0,92,51,691.07
1784842098931,1,0,0,121.22
1784842099065,0,91,47,685.99
1784842099065,1,0,0,121.24
1784842099200,0,91,47,684.24
1784842099200,1,0,0,121.26
1784842099336,0,98,58,686.11
1784842099336,1,0,0,121.24
1784842099471,0,98,59,683.08
1784842099471,1,0,0,121.21
1784842099607,0,98,59,685.77
1784842099607,1,0,0,121.23
1784842099742,0,98,57,689.83
1784842099742,1,0,0,121.20
1784842099877,0,88,50,693.04
1784842099877,1,0,0,121.20
1784842100012,0,88,50,696.23
1784842100012,1,0,0,121.19
1784842100146,0,91,48,688.90
1784842100146,1,0,0,121.17
1784842100281,0,98,58,688.07
1784842100281,1,0,0,121.17
1784842100414,0,98,58,687.50
1784842100414,1,0,0,121.17
1784842100548,0,98,59,689.52
1784842100548,1,0,0,121.14
1784842100685,0,98,58,686.88
1784842100685,1,0,0,121.14
1784842100819,0,98,58,686.98
1784842100819,1,0,0,121.13
1784842100954,0,92,50,688.17
1784842100954,1,0,0,121.14
1784842101089,0,91,45,687.17
1784842101089,1,0,0,121.09
1784842101224,0,91,45,691.98
1784842101224,1,0,0,121.09
1784842101361,0,98,60,687.67
1784842101361,1,0,0,121.10
1784842101497,0,98,59,685.79
1784842101497,1,0,0,121.08
1784842101632,0,98,59,682.68
1784842101632,1,0,0,121.10
1784842101766,0,98,60,683.01
1784842101766,1,0,0,121.08
1784842101902,0,95,52,682.63
1784842101902,1,0,0,121.05
1784842102038,0,92,46,683.67
1784842102038,1,0,0,121.08
1784842102172,0,92,46,680.94
1784842102172,1,0,0,121.07
1784842102307,0,98,59,686.50
1784842102307,1,0,0,121.06
1784842102444,0,98,59,689.22
1784842102444,1,0,0,121.09
1784842102579,0,98,59,687.84
1784842102579,1,0,0,121.04
1784842102714,0,98,59,691.03
1784842102714,1,0,0,121.03
1784842102849,0,95,52,686.41
1784842102849,1,0,0,121.07
1784842102984,0,95,52,678.36
1784842102984,1,0,0,121.05
1784842103120,0,93,45,681.64
1784842103120,1,0,0,121.02
1784842103254,0,98,60,684.45
1784842103254,1,0,0,121.01
1784842103388,0,98,60,682.57
1784842103388,1,0,0,121.11
1784842103523,0,98,59,684.38
1784842103523,1,0,0,121.11
1784842103658,0,98,59,678.21
1784842103658,1,0,0,121.12
1784842103794,0,98,59,686.03
1784842103794,1,0,0,121.06
1784842103930,0,95,52,688.26
1784842103930,1,0,0,121.06
1784842104064,0,93,52,691.70
1784842104064,1,0,0,121.03
1784842104201,0,93,52,694.84
1784842104201,1,0,0,121.06
1784842104336,0,98,59,696.03
1784842104336,1,0,0,120.92
1784842104472,0,98,59,696.83
1784842104472,1,0,0,120.91
1784842104608,0,98,59,695.93
1784842104608,1,0,0,120.90
1784842104743,0,98,59,692.57
1784842104743,1,0,0,120.88
1784842104879,0,94,52,690.42
1784842104879,1,0,0,120.90
1784842105013,0,94,52,689.73
1784842105013,1,0,0,120.91
1784842105149,0,98,53,690.81
1784842105149,1,0,0,120.89
1784842105288,0,98,59,686.60
1784842105288,1,0,0,120.89
1784842105424,0,98,59,689.70
1784842105424,1,0,0,120.89
1784842105560,0,98,59,688.01
1784842105560,1,0,0,120.88
1784842105696,0,98,58,686.48
1784842105696,1,0,0,120.87
1784842105832,0,98,58,692.13
1784842105832,1,0,0,120.88
1784842105967,0,95,53,691.40
1784842105967,1,0,0,120.88
1784842106102,0,99,54,696.04
1784842106102,1,0,0,120.87
1784842106237,0,98,60,693.63
1784842106237,1,0,0,120.87
1784842106371,0,98,60,693.58
1784842106371,1,0,0,120.86
1784842106507,0,98,59,690.11
1784842106507,1,0,0,120.87
1784842106643,0,98,58,691.98
1784842106643,1,0,0,120.88
1784842106778,0,98,58,687.09
1784842106778,1,0,0,120.89
1784842106914,0,95,52,683.97
1784842106914,1,0,0,120.89
1784842107048,0,98,53,681.96
1784842107048,1,0,0,120.88
1784842107183,0,98,53,685.96
1784842107183,1,0,0,121.03
1784842107317,0,98,59,686.28
1784842107317,1,0,0,121.03
1784842107454,0,98,58,686.84
1784842107454,1,0,0,121.03
1784842107588,0,98,58,685.12
1784842107588,1,0,0,121.00
1784842107724,0,92,56,675.79
1784842107724,1,0,0,121.00
1784842107857,0,0,0,571.59
1784842107857,1,0,0,121.02
1784842107991,0,0,0,520.90
1784842107991,1,0,0,121.00
1784842108125,0,0,0,473.54
1784842108125,1,0,0,120.87
1784842108262,0,95,53,475.55
1784842108262,1,0,0,120.83
1784842108396,0,95,53,464.77
1784842108396,1,0,0,120.84
1784842108531,0,98,56,468.23
1784842108531,1,0,0,120.82
1784842108667,0,98,59,479.77
1784842108667,1,0,0,120.82
1784842108802,0,98,59,548.40
1784842108802,1,0,0,120.82
1784842108937,0,98,60,590.99
1784842108937,1,0,0,120.83
1784842109070,0,93,56,683.56
1784842109070,1,0,0,120.82
1784842109206,0,93,56,689.75
1784842109206,1,0,0,120.82
1784842109340,0,94,51,690.65
1784842109340,1,0,0,120.81
1784842109475,0,98,54,692.99
1784842109475,1,0,0,120.79
1784842109610,0,98,54,691.50
1784842109610,1,0,0,120.77
1784842109745,0,98,58,694.28
1784842109745,1,0,0,120.74
1784842109880,0,98,58,696.74
1784842109880,1,0,0,120.73
1784842110014,0,98,58,697.54
1784842110014,1,0,0,120.72
1784842110150,0,91,54,691.46
1784842110150,1,0,0,120.70
1784842110285,0,95,52,687.09
1784842110285,1,0,0,120.68
1784842110421,0,95,52,685.56
1784842110421,1,0,0,120.68
1784842110556,0,98,55,684.70
1784842110556,1,0,0,120.67
1784842110692,0,98,58,682.00
1784842110692,1,0,0,120.68
1784842110828,0,98,58,681.85
1784842110828,1,0,0,120.68
1784842110961,0,98,59,682.12
1784842110961,1,0,0,120.77
1784842111096,0,91,55,684.67
1784842111096,1,0,0,120.77
1784842111230,0,91,55,687.72
1784842111230,1,0,0,120.80
1784842111365,0,95,53,696.55
1784842111365,1,0,0,120.82
1784842111502,0,98,57,695.59
1784842111502,1,0,0,120.81
1784842111637,0,98,57,691.88
1784842111637,1,0,0,120.82
1784842111772,0,98,56,692.53
1784842111772,1,0,0,120.79
1784842111909,0,98,57,688.17
1784842111909,1,0,0,120.69
1784842112041,0,97,58,687.34
1784842112041,1,0,0,120.68
1784842112177,0,97,58,684.79
1784842112177,1,0,0,120.66
1784842112313,0,94,53,683.25
1784842112313,1,0,0,120.67
1784842112448,0,98,57,684.34
1784842112448,1,0,0,120.67
1784842112582,0,98,57,683.79
1784842112582,1,0,0,120.68
1784842112718,0,98,60,689.55
1784842112718,1,0,0,120.70
1784842112854,0,98,59,686.41
1784842112854,1,0,0,120.70
1784842112989,0,98,59,686.25
1784842112989,1,0,0,120.68
1784842113131,0,91,56,692.59
1784842113131,1,0,0,120.69
1784842113267,0,95,53,686.87
1784842113267,1,0,0,120.68
1784842113401,0,95,53,684.10
1784842113401,1,0,0,120.68
1784842113536,0,98,60,681.70
1784842113536,1,0,0,120.77
1784842113671,0,98,60,680.70
1784842113671,1,0,0,120.78
1784842113806,0,98,60,683.47
1784842113806,1,0,0,120.78
1784842113941,0,98,60,682.64
1784842113941,1,0,0,120.88
1784842114076,0,90,55,683.29
1784842114076,1,0,0,120.93
1784842114211,0,90,55,683.90
1784842114211,1,0,0,120.91
1784842114347,0,95,51,685.60
1784842114347,1,0,0,121.01
1784842114483,0,98,59,685.94
1784842114483,1,0,0,120.94
1784842114619,0,98,59,684.03
1784842114619,1,0,0,120.91
1784842114755,0,98,59,680.78
1784842114755,1,0,0,121.05
1784842114892,0,98,60,681.84
1784842114892,1,0,0,120.94
1784842115027,0,98,60,677.32
1784842115027,1,0,0,120.89
1784842115163,0,89,54,677.32
1784842115163,1,0,0,121.03
1784842115299,0,94,52,678.26
1784842115299,1,0,0,120.93
1784842115437,0,94,52,686.49
1784842115437,1,0,0,120.91
1784842115572,0,98,59,687.79
1784842115572,1,0,0,120.91
1784842115708,0,98,58,691.75
1784842115708,1,0,0,120.78
1784842115843,0,98,58,690.36
1784842115843,1,0,0,120.74
1784842115980,0,98,58,684.08
1784842115980,1,0,0,120.72
1784842116116,0,90,53,689.85
1784842116116,1,0,0,120.61
1784842116260,0,95,52,692.92
1784842116260,1,0,0,120.59
1784842116395,0,95,52,686.67
1784842116395,1,0,0,120.54
1784842116531,0,98,59,684.18
1784842116531,1,0,0,120.64
1784842116667,0,98,59,679.89
1784842116667,1,0,0,120.68
1784842116803,0,98,59,678.27
1784842116803,1,0,0,120.67
1784842116938,0,98,60,677.82
1784842116938,1,0,0,120.66
1784842117075,0,89,52,680.94
1784842117075,1,0,0,120.64
1784842117210,0,89,52,681.24
1784842117210,1,0,0,120.74
1784842117344,0,96,50,676.26
1784842117344,1,0,0,120.76
1784842117479,0,98,58,680.11
1784842117479,1,0,0,120.77
1784842117615,0,98,58,678.24
1784842117615,1,0,0,120.75
1784842117751,0,98,59,682.63
1784842117751,1,0,0,120.73
1784842117887,0,98,59,686.72
1784842117887,1,0,0,120.75
1784842118025,0,98,59,686.28
1784842118025,1,0,0,120.77
1784842118160,0,87,50,683.40
1784842118160,1,0,0,120.77
1784842118295,0,91,48,678.08
1784842118295,1,0,0,120.91
1784842118430,0,91,48,681.76
1784842118430,1,0,0,120.92
1784842118564,0,98,59,685.97
1784842118564,1,0,0,120.81
1784842118700,0,98,59,687.22
1784842118700,1,0,0,120.91
1784842118835,0,98,59,686.83
1784842118835,1,0,0,120.94
1784842118971,0,98,59,684.84
1784842118971,1,0,0,121.02
1784842119107,0,94,52,683.18
1784842119107,1,0,0,121.07
1784842119242,0,94,52,682.83
1784842119242,1,0,0,121.05
1784842119378,0,92,46,684.76
1784842119378,1,0,0,121.04
1784842119513,0,98,60,682.07
1784842119513,1,0,0,121.18
1784842119650,0,98,60,680.05
1784842119650,1,0,0,121.20
1784842119785,0,98,60,684.62
1784842119785,1,0,0,121.05
1784842119920,0,98,60,683.41
1784842119920,1,0,0,121.07
1784842120056,0,95,53,683.76
1784842120056,1,0,0,121.07
1784842120191,0,95,53,683.28
1784842120191,1,0,0,120.93
1784842120327,0,93,46,687.66
1784842120327,1,0,0,120.96
1784842120462,0,98,58,690.57
1784842120462,1,0,0,120.96
1784842120598,0,98,58,688.01
1784842120598,1,0,0,120.80
1784842120735,0,98,59,690.60
1784842120735,1,0,0,120.81
1784842120870,0,98,58,688.15
1784842120870,1,0,0,120.81
1784842121005,0,98,58,691.92
1784842121005,1,0,0,120.66
1784842121140,0,95,54,695.66
1784842121140,1,0,0,120.63
1784842121275,0,92,45,689.38
1784842121275,1,0,0,120.63
1784842121408,0,92,45,688.13
1784842121408,1,0,0,120.48
1784842121544,0,98,58,694.32
1784842121544,1,0,0,120.47
1784842121683,0,98,58,692.00
1784842121683,1,0,0,120.56
1784842121818,0,98,58,691.13
1784842121818,1,0,0,120.58
1784842121955,0,98,57,682.41
1784842121955,1,0,0,120.58
1784842122092,0,91,51,678.80
1784842122092,1,0,0,120.70
1784842122226,0,91,51,677.31
1784842122226,1,0,0,120.73
1784842122362,0,92,47,682.97
1784842122362,1,0,0,120.72
1784842122497,0,98,59,679.84
1784842122497,1,0,0,120.86
1784842122632,0,98,59,677.72
1784842122632,1,0,0,120.87
1784842122767,0,98,59,681.14
1784842122767,1,0,0,120.88
1784842122903,0,98,60,683.04
1784842122903,1,0,0,120.86
1784842123039,0,98,60,684.88
1784842123039,1,0,0,120.84
1784842123174,0,90,50,688.99
1784842123174,1,0,0,120.72
1784842123309,0,92,47,684.81
1784842123309,1,0,0,120.70
1784842123444,0,92,47,681.64
1784842123444,1,0,0,120.70
1784842123579,0,98,59,684.99
1784842123579,1,0,0,120.58
1784842123714,0,98,59,680.77
1784842123714,1,0,0,120.46
1784842123849,0,98,55,673.86
1784842123849,1,0,0,120.41
1784842123986,0,98,55,671.44
1784842123986,1,0,0,120.40
1784842124127,0,99,91,642.55
1784842124127,1,0,0,120.68
1784842124264,0,83,24,559.46
1784842124264,1,0,0,133.08
1784842124397,0,83,24,506.33
1784842124397,1,40,27,140.95
1784842124530,0,0,0,443.97
1784842124530,1,0,0,141.01
1784842124664,0,0,0,342.35
1784842124664,1,0,0,140.57
1784842124796,0,0,0,286.15
1784842124796,1,0,0,141.34
1784842124935,0,42,6,242.83
1784842124935,1,30,16,163.83
1784842125072,0,0,0,162.94
1784842125072,1,30,16,201.54
1784842125209,0,0,0,152.26
1784842125209,1,100,63,299.05
1784842125346,0,0,0,144.16
1784842125346,1,97,48,352.11
1784842125483,0,0,0,143.63
1784842125483,1,99,47,464.09
1784842125620,0,0,0,143.16
1784842125620,1,99,47,531.34
1784842125756,0,0,0,142.45
1784842125756,1,100,49,591.15
1784842125893,0,0,0,139.84
1784842125893,1,100,48,684.34
1784842126030,0,0,0,139.62
1784842126030,1,100,48,689.46
1784842126167,0,0,0,139.19
1784842126167,1,100,47,700.94
1784842126303,0,0,0,139.00
1784842126303,1,99,53,684.14
1784842126440,0,0,0,138.81
1784842126440,1,99,53,677.89
1784842126577,0,0,0,138.53
1784842126577,1,99,66,663.97
1784842126714,0,0,0,138.39
1784842126714,1,99,63,654.82
1784842126850,0,0,0,138.13
1784842126850,1,99,63,647.49
1784842126988,0,0,0,138.02
1784842126988,1,98,68,642.62
1784842127123,0,0,0,137.93
1784842127123,1,91,49,645.49
1784842127262,0,0,0,137.69
1784842127262,1,91,49,634.66
1784842127399,0,0,0,137.59
1784842127399,1,97,63,637.76
1784842127535,0,0,0,137.48
1784842127535,1,91,53,635.24
1784842127671,0,0,0,137.33
1784842127671,1,91,53,630.05
1784842127806,0,0,0,137.25
1784842127806,1,93,56,624.91
1784842127943,0,0,0,137.17
1784842127943,1,95,53,629.36
1784842128079,0,0,0,137.02
1784842128079,1,95,53,622.70
1784842128214,0,0,0,136.94
1784842128214,1,96,60,605.33
1784842128350,0,0,0,136.77
1784842128350,1,95,64,590.35
1784842128486,0,0,0,136.68
1784842128486,1,98,63,562.69
1784842128623,0,0,0,136.61
1784842128623,1,98,63,552.90
1784842128759,0,0,0,136.45
1784842128759,1,94,59,537.08
1784842128895,0,0,0,136.39
1784842128895,1,98,57,522.51
1784842129033,0,0,0,136.32
1784842129033,1,98,57,515.14
1784842129168,0,0,0,136.16
1784842129168,1,94,50,526.04
1784842129305,0,0,0,136.09
1784842129305,1,100,60,546.86
1784842129441,0,0,0,136.04
1784842129441,1,100,60,557.43
1784842129577,0,0,0,135.91
1784842129577,1,98,55,572.78
1784842129714,0,0,0,135.87
1784842129714,1,98,55,607.47
1784842129850,0,0,0,135.72
1784842129850,1,98,55,612.27
1784842129987,0,0,0,135.67
1784842129987,1,97,61,619.20
1784842130125,0,0,0,135.63
1784842130125,1,97,62,607.81
1784842130262,0,0,0,135.52
1784842130262,1,97,62,609.27
1784842130399,0,0,0,135.49
1784842130399,1,100,59,607.79
1784842130534,0,0,0,135.43
1784842130534,1,94,53,613.54
1784842130671,0,0,0,135.32
1784842130671,1,94,53,610.08
1784842130809,0,0,0,135.27
1784842130809,1,97,57,598.68
1784842130945,0,0,0,135.23
1784842130945,1,96,58,604.21
1784842131081,0,0,0,135.12
1784842131081,1,96,58,602.81
1784842131218,0,0,0,135.06
1784842131218,1,95,57,601.38
1784842131355,0,0,0,134.99
1784842131355,1,92,57,593.41
1784842131491,0,0,0,134.95
1784842131491,1,98,59,579.50
1784842131627,0,0,0,134.93
1784842131627,1,98,59,557.75
1784842131763,0,0,0,134.85
1784842131763,1,91,55,548.13
1784842131900,0,0,0,134.82
1784842131900,1,99,67,526.60
1784842132038,0,0,0,134.79
1784842132038,1,99,67,520.71
1784842132175,0,0,0,134.70
1784842132175,1,100,68,519.22
1784842132311,0,0,0,134.65
1784842132311,1,96,60,517.59
1784842132448,0,0,0,134.58
1784842132448,1,96,60,517.13
1784842132585,0,0,0,134.53
1784842132585,1,95,53,534.98
1784842132722,0,0,0,134.49
1784842132722,1,96,60,536.60
1784842132860,0,0,0,134.43
1784842132860,1,96,60,555.37
1784842132996,0,0,0,134.38
1784842132996,1,96,59,568.27
1784842133132,0,0,0,134.29
1784842133132,1,93,52,570.28
1784842133269,0,0,0,134.08
1784842133269,1,93,52,578.75
1784842133406,0,0,0,133.97
1784842133406,1,100,64,568.16
1784842133543,0,0,0,133.87
1784842133543,1,97,61,560.85
1784842133679,0,0,0,133.63
1784842133679,1,97,61,551.35
1784842133816,0,0,0,133.52
1784842133816,1,89,50,551.54
1784842133953,0,0,0,133.30
1784842133953,1,100,65,547.41
1784842134090,0,0,0,133.26
1784842134090,1,99,65,525.37
1784842134228,0,0,0,133.22
1784842134228,1,99,65,517.16
1784842134365,0,0,0,133.18
1784842134365,1,100,64,519.97
1784842134502,0,0,0,133.16
1784842134502,1,82,45,526.02
1784842134637,0,0,0,133.14
1784842134637,1,82,45,525.89
1784842134773,0,0,0,133.10
1784842134773,1,94,54,528.30
1784842134910,0,0,0,133.08
1784842134910,1,95,58,523.63
1784842135046,0,0,0,133.07
1784842135046,1,95,58,540.67
1784842135183,0,0,0,133.02
1784842135183,1,100,61,547.91
1784842135321,0,0,0,133.01
1784842135321,1,93,61,542.13
1784842135457,0,0,0,132.94
1784842135457,1,93,61,536.95
1784842135593,0,0,0,132.93
1784842135593,1,90,56,533.06
1784842135730,0,0,0,132.90
1784842135730,1,100,69,519.29
1784842135866,0,0,0,132.90
1784842135866,1,100,69,519.40
1784842136002,0,0,0,132.90
1784842136002,1,92,60,512.07
1784842136139,0,0,0,132.88
1784842136139,1,95,60,510.90
1784842136275,0,0,0,132.87
1784842136275,1,95,60,505.13
1784842136412,0,0,0,132.86
1784842136412,1,100,69,513.60
1784842136548,0,0,0,132.84
1784842136548,1,84,42,517.74
1784842136685,0,0,0,132.83
1784842136685,1,84,42,518.97
1784842136822,0,0,0,132.84
1784842136822,1,84,51,524.83
1784842136957,0,0,0,132.84
1784842136957,1,89,55,524.18
1784842137094,0,0,0,132.85
1784842137094,1,100,68,520.27
1784842137230,0,0,0,132.84
1784842137230,1,100,68,528.97
1784842137367,0,0,0,132.83
1784842137367,1,91,57,529.96
1784842137503,0,0,0,132.82
1784842137503,1,97,61,518.62
1784842137641,0,0,0,132.81
1784842137641,1,97,61,519.02
1784842137778,0,0,0,132.81
1784842137778,1,87,51,518.69
1784842137918,0,0,0,132.79
1784842137918,1,97,66,519.44
1784842138055,0,0,0,132.75
1784842138055,1,97,66,525.84
1784842138192,0,0,0,132.73
1784842138192,1,95,60,552.76
1784842138329,0,0,0,132.72
1784842138329,1,100,63,554.24
1784842138467,0,0,0,132.73
1784842138467,1,100,63,564.09
1784842138603,0,0,0,132.72
1784842138603,1,95,56,579.28
1784842138741,0,0,0,132.71
1784842138741,1,91,54,582.92
1784842138878,0,0,0,132.66
1784842138878,1,91,54,575.71
1784842139015,0,0,0,132.65
1784842139015,1,93,57,606.34
1784842139151,0,0,0,132.63
1784842139151,1,95,58,597.35
1784842139288,0,0,0,132.64
1784842139288,1,95,58,586.08
1784842139424,0,0,0,132.65
1784842139424,1,91,53,584.80
1784842139562,0,0,0,132.62
1784842139562,1,100,62,584.38
1784842139698,0,0,0,132.62
1784842139698,1,92,61,578.29
1784842139835,0,0,0,132.59
1784842139835,1,92,61,589.70
1784842139972,0,0,0,132.57
1784842139972,1,87,51,587.80
1784842140111,0,0,0,132.56
1784842140111,1,95,60,584.45
1784842140247,0,0,0,132.55
1784842140247,1,95,60,584.30
1784842140384,0,0,0,132.53
1784842140384,1,90,56,579.94
1784842140520,0,0,0,132.50
1784842140520,1,100,68,567.74
1784842140656,0,0,0,132.49
1784842140656,1,100,68,559.13
1784842140793,0,0,0,132.49
1784842140793,1,89,51,557.17
1784842140930,0,0,0,132.49
1784842140930,1,94,61,548.71
1784842141066,0,0,0,132.50
1784842141066,1,94,61,544.74
1784842141203,0,0,0,132.50
1784842141203,1,82,46,527.04
1784842141341,0,0,0,132.51
1784842141341,1,99,65,524.86
1784842141477,0,0,0,132.50
1784842141477,1,99,65,527.31
1784842141613,0,0,0,132.48
1784842141613,1,89,58,528.03
1784842141750,0,0,0,132.46
1784842141750,1,100,68,516.07
1784842141886,0,0,0,132.49
1784842141886,1,100,68,511.57
1784842142024,0,0,0,132.47
1784842142024,1,94,61,505.36
1784842142160,0,0,0,132.47
1784842142160,1,87,49,515.97
1784842142296,0,0,0,132.48
1784842142296,1,94,60,518.81
1784842142431,0,0,0,132.44
1784842142431,1,94,60,509.57
1784842142566,0,0,0,132.45
1784842142566,1,96,62,512.53
1784842142703,0,0,0,132.45
1784842142703,1,98,58,524.12
1784842142840,0,0,0,132.45
1784842142840,1,98,58,520.20
1784842142977,0,0,0,132.44
1784842142977,1,100,67,523.24
1784842143118,0,0,0,132.46
1784842143118,1,93,60,507.29
1784842143255,0,0,0,132.45
1784842143255,1,93,60,497.53
1784842143391,0,0,0,132.44
1784842143391,1,97,67,495.47
1784842143528,0,0,0,132.45
1784842143528,1,87,52,501.81
1784842143662,0,0,0,132.46
1784842143662,1,87,52,503.71
1784842143799,0,0,0,132.47
1784842143799,1,89,48,509.61
1784842143935,0,0,0,132.46
1784842143935,1,91,56,509.52
1784842144070,0,0,0,132.44
1784842144070,1,91,56,511.58
1784842144206,0,0,0,132.43
1784842144206,1,95,62,519.47
1784842144344,0,0,0,132.42
1784842144344,1,100,65,531.38
1784842144481,0,0,0,132.38
1784842144481,1,100,65,538.87
1784842144618,0,0,0,132.38
1784842144618,1,93,57,523.59
1784842144755,0,0,0,132.35
1784842144755,1,98,66,526.20
1784842144892,0,0,0,132.32
1784842144892,1,95,57,536.27
1784842145028,0,0,0,132.32
1784842145028,1,95,57,538.10
1784842145165,0,0,0,132.34
1784842145165,1,99,60,544.74
1784842145301,0,0,0,132.35
1784842145301,1,99,65,544.51
1784842145436,0,0,0,132.39
1784842145436,1,99,65,563.07
1784842145572,0,0,0,132.37
1784842145572,1,90,50,560.44
1784842145708,0,0,0,132.39
1784842145708,1,98,66,561.56
1784842145844,0,0,0,132.41
1784842145844,1,98,66,567.49
1784842145981,0,0,0,132.41
1784842145981,1,97,58,564.32
1784842146117,0,0,0,132.40
1784842146117,1,97,60,566.81
1784842146252,0,0,0,132.38
1784842146252,1,97,60,569.14
1784842146388,0,0,0,132.37
1784842146388,1,94,54,584.14
1784842146523,0,0,0,132.37
1784842146523,1,97,61,556.54
1784842146660,0,0,0,132.34
1784842146660,1,97,61,553.95
1784842146796,0,0,0,132.32
1784842146796,1,100,65,559.42
1784842146932,0,0,0,132.30
1784842146932,1,96,63,545.36
1784842147068,0,0,0,132.31
1784842147068,1,96,63,556.68
1784842147205,0,0,0,132.31
1784842147205,1,99,66,538.26
1784842147341,0,0,0,132.31
1784842147341,1,97,61,535.44
1784842147477,0,0,0,132.30
1784842147477,1,97,61,543.15
1784842147613,0,0,0,132.30
1784842147613,1,100,64,535.87
1784842147751,0,0,0,132.31
1784842147751,1,100,60,562.05
1784842147889,0,0,0,132.32
1784842147889,1,100,60,556.97
1784842148024,0,0,0,132.32
1784842148024,1,98,64,548.63
1784842148160,0,0,0,132.27
1784842148160,1,96,57,563.66
1784842148297,0,0,0,132.26
1784842148297,1,97,59,571.84
1784842148433,0,0,0,132.25
1784842148433,1,97,59,561.62
1784842148570,0,0,0,132.25
1784842148570,1,100,61,569.69
1784842148705,0,0,0,132.25
1784842148705,1,98,64,550.33
1784842148842,0,0,0,132.25
1784842148842,1,98,64,552.29
1784842148978,0,0,0,132.26
1784842148978,1,96,55,565.15
1784842149113,0,0,0,132.25
1784842149113,1,88,49,567.26
1784842149250,0,0,0,132.25
1784842149250,1,88,49,566.30
1784842149386,0,0,0,132.26
1784842149386,1,96,62,564.43
1784842149523,0,0,0,132.26
1784842149523,1,93,60,565.34
1784842149660,0,0,0,132.26
1784842149660,1,93,60,565.99
1784842149798,0,0,0,132.24
1784842149798,1,95,58,566.49
1784842149934,0,0,0,132.24
1784842149934,1,100,66,547.59
1784842150071,0,0,0,132.24
1784842150071,1,100,66,547.87
1784842150209,0,0,0,132.26
1784842150209,1,96,58,527.34
1784842150346,0,0,0,132.26
1784842150346,1,100,65,534.50
1784842150483,0,0,0,132.25
1784842150483,1,100,65,530.16
1784842150621,0,0,0,132.28
1784842150621,1,100,64,508.38
1784842150756,0,0,0,132.29
1784842150756,1,100,67,500.55
1784842150891,0,0,0,132.31
1784842150891,1,100,67,495.25
1784842151028,0,0,0,132.33
1784842151028,1,87,55,483.70
1784842151165,0,0,0,132.32
1784842151165,1,100,69,478.16
1784842151299,0,0,0,132.34
1784842151299,1,100,69,458.19
1784842151436,0,0,0,132.31
1784842151436,1,100,69,446.63
1784842151572,0,0,0,132.28
1784842151572,1,100,67,444.95
1784842151708,0,0,0,132.26
1784842151708,1,100,69,450.67
1784842151844,0,0,0,132.28
1784842151844,1,100,69,444.59
1784842151981,0,0,0,132.26
1784842151981,1,100,69,444.64
1784842152117,0,0,0,132.24
1784842152117,1,100,69,443.69
1784842152252,0,0,0,132.24
1784842152252,1,100,69,448.48
1784842152389,0,0,0,132.26
1784842152389,1,100,69,446.56
1784842152524,0,0,0,132.28
1784842152524,1,100,70,445.09
1784842152661,0,0,0,132.27
1784842152661,1,100,70,443.18
1784842152796,0,0,0,132.24
1784842152796,1,100,68,439.10
1784842152933,0,0,0,132.24
1784842152933,1,100,67,436.76
1784842153070,0,0,0,132.23
1784842153070,1,100,67,432.56
1784842153207,0,0,0,132.21
1784842153207,1,100,67,419.76
1784842153342,0,0,0,132.19
1784842153342,1,100,67,417.56
1784842153479,0,0,0,132.15
1784842153479,1,100,67,418.80
1784842153616,0,0,0,132.15
1784842153616,1,100,67,414.80
1784842153753,0,0,0,132.17
1784842153753,1,98,65,408.73
1784842153890,0,0,0,132.16
1784842153890,1,98,65,404.61
1784842154027,0,0,0,132.16
1784842154027,1,100,67,401.64
1784842154163,0,0,0,132.14
1784842154163,1,100,67,400.35
1784842154300,0,0,0,132.14
1784842154300,1,100,67,397.99
1784842154436,0,0,0,132.15
1784842154436,1,100,67,392.18
1784842154575,0,0,0,132.16
1784842154575,1,100,66,392.05
1784842154714,0,0,0,132.15
1784842154714,1,100,66,385.38
1784842154851,0,0,0,132.16
1784842154851,1,100,66,384.13
1784842154989,0,0,0,132.16
1784842154989,1,100,66,383.50
1784842155126,0,0,0,132.16
1784842155126,1,100,66,382.22
1784842155262,0,0,0,132.18
1784842155262,1,100,66,381.58
1784842155398,0,0,0,132.15
1784842155398,1,100,66,382.45
1784842155534,0,0,0,132.16
1784842155534,1,100,66,382.36
1784842155670,0,0,0,132.18
1784842155670,1,100,66,382.18
1784842155806,0,0,0,132.18
1784842155806,1,100,66,382.29
1784842155942,0,0,0,132.15
1784842155942,1,100,66,382.06
1784842156077,0,0,0,132.15
1784842156077,1,100,66,382.90
1784842156213,0,0,0,132.14
1784842156213,1,100,66,383.89
1784842156348,0,0,0,132.15
1784842156348,1,100,67,383.53
1784842156484,0,0,0,132.16
1784842156484,1,100,67,383.12
1784842156620,0,0,0,132.17
1784842156620,1,100,66,382.46
1784842156756,0,0,0,132.15
1784842156756,1,100,66,382.37
1784842156892,0,0,0,132.18
1784842156892,1,100,66,381.37
1784842157028,0,0,0,132.18
1784842157028,1,100,66,380.55
1784842157164,0,0,0,132.18
1784842157164,1,100,66,380.41
1784842157300,0,0,0,132.18
1784842157300,1,100,66,378.84
1784842157436,0,0,0,132.18
1784842157436,1,100,66,377.61
1784842157571,0,0,0,132.13
1784842157571,1,100,66,377.95
1784842157707,0,0,0,132.10
1784842157707,1,100,66,376.83
1784842157842,0,0,0,132.11
1784842157842,1,100,66,376.70
1784842157976,0,0,0,132.10
1784842157976,1,100,66,377.01
1784842158113,0,0,0,132.10
1784842158113,1,100,66,377.00
1784842158250,0,0,0,132.10
1784842158250,1,100,66,377.33
1784842158385,0,0,0,132.10
1784842158385,1,100,66,376.29
1784842158520,0,0,0,132.12
1784842158520,1,100,66,376.61
1784842158657,0,0,0,132.13
1784842158657,1,100,66,375.85
1784842158793,0,0,0,132.15
1784842158793,1,100,66,377.40
1784842158929,0,0,0,132.14
1784842158929,1,100,66,378.22
1784842159065,0,0,0,132.11
1784842159065,1,100,66,378.74
1784842159200,0,0,0,132.13
1784842159200,1,100,66,377.95
1784842159336,0,0,0,132.11
1784842159336,1,100,66,378.21
1784842159471,0,0,0,132.09
1784842159471,1,100,66,378.64
1784842159608,0,0,0,132.09
1784842159608,1,100,66,379.06
1784842159743,0,0,0,132.07
1784842159743,1,100,66,379.05
1784842159878,0,0,0,132.06
1784842159878,1,100,66,379.20
1784842160015,0,0,0,132.09
1784842160015,1,100,66,379.09
1784842160150,0,0,0,132.08
1784842160150,1,100,66,377.48
1784842160284,0,0,0,132.08
1784842160284,1,100,66,376.18
1784842160421,0,0,0,132.07
1784842160421,1,100,67,373.66
1784842160555,0,0,0,132.04
1784842160555,1,100,67,371.93
1784842160690,0,0,0,132.03
1784842160690,1,100,67,370.52
1784842160826,0,0,0,132.04
1784842160826,1,100,67,370.28
1784842160962,0,0,0,132.01
1784842160962,1,100,67,369.35
1784842161097,0,0,0,132.01
1784842161097,1,100,67,367.47
1784842161234,0,0,0,132.01
1784842161234,1,100,67,367.37
1784842161369,0,0,0,132.02
1784842161369,1,100,67,369.05
1784842161506,0,0,0,132.02
1784842161506,1,100,67,371.36
1784842161641,0,0,0,132.03
1784842161641,1,100,67,374.36
1784842161777,0,0,0,132.01
1784842161777,1,100,67,374.55
1784842161913,0,0,0,132.02
1784842161913,1,100,67,375.11
1784842162049,0,0,0,132.02
1784842162049,1,100,67,378.09
1784842162185,0,0,0,132.01
1784842162185,1,100,67,378.68
1784842162321,0,0,0,132.00
1784842162321,1,100,67,380.41
1784842162458,0,0,0,131.99
1784842162458,1,100,67,379.92
1784842162593,0,0,0,131.98
1784842162593,1,100,67,381.22
1784842162729,0,0,0,131.99
1784842162729,1,100,67,381.11
1784842162865,0,0,0,131.99
1784842162865,1,100,67,380.56
1784842163002,0,0,0,131.99
1784842163002,1,100,67,380.47
1784842163138,0,0,0,131.99
1784842163138,1,100,67,381.86
1784842163273,0,0,0,131.99
1784842163273,1,100,67,381.78
1784842163409,0,0,0,131.99
1784842163409,1,100,67,382.71
1784842163545,0,0,0,131.99
1784842163545,1,100,67,382.65
1784842163680,0,0,0,132.00
1784842163680,1,100,67,382.73
1784842163816,0,0,0,132.01
1784842163816,1,100,67,383.32
1784842163952,0,0,0,132.03
1784842163952,1,100,67,383.88
1784842164088,0,0,0,132.01
1784842164088,1,100,67,383.77
1784842164225,0,0,0,132.00
1784842164225,1,100,67,383.10
1784842164361,0,0,0,132.01
1784842164361,1,100,67,383.07
1784842164496,0,0,0,132.01
1784842164496,1,100,67,382.96
1784842164632,0,0,0,132.01
1784842164632,1,100,67,383.52
1784842164769,0,0,0,131.99
1784842164769,1,100,67,383.04
1784842164904,0,0,0,131.99
1784842164904,1,100,67,382.39
1784842165041,0,0,0,131.99
1784842165041,1,100,67,382.82
1784842165176,0,0,0,132.02
1784842165176,1,100,67,382.51
1784842165313,0,0,0,132.00
1784842165313,1,100,67,383.08
1784842165449,0,0,0,131.99
1784842165449,1,100,67,383.35
1784842165585,0,0,0,131.98
1784842165585,1,100,67,383.75
1784842165721,0,0,0,131.98
1784842165721,1,100,67,382.77
1784842165857,0,0,0,131.95
1784842165857,1,100,67,383.10
1784842165993,0,0,0,131.96
1784842165993,1,100,67,382.29
1784842166127,0,0,0,131.95
1784842166127,1,31,21,355.24
1784842166261,0,0,0,131.93
1784842166261,1,31,21,330.99
1784842166396,0,0,0,131.94
1784842166396,1,0,0,306.13
1784842166532,0,0,0,131.94
1784842166532,1,0,0,256.47
1784842166665,0,0,0,131.95
1784842166665,1,0,0,228.42
1784842166798,0,0,0,131.94
1784842166798,1,0,0,207.05
1784842166932,0,0,0,131.93
1784842166932,1,0,0,157.82
1784842167065,0,0,0,131.91
1784842167065,1,0,0,133.68
1784842167197,0,0,0,131.90
1784842167197,1,0,0,130.40
1784842167330,0,0,0,131.91
1784842167330,1,0,0,129.46
1784842167465,0,0,0,131.89
1784842167465,1,0,0,129.25
1784842167599,0,0,0,131.89
1784842167599,1,0,0,128.87
1784842167734,0,0,0,131.88
1784842167734,1,0,0,128.71
1784842167867,0,0,0,131.93
1784842167867,1,0,0,128.65
1784842168000,0,0,0,149.55
1784842168000,1,0,0,128.57
1784842168136,0,64,36,211.87
1784842168136,1,0,0,128.48
1784842168272,0,92,50,326.83
1784842168272,1,0,0,128.42
1784842168407,0,92,50,382.88
1784842168407,1,0,0,128.34
1784842168543,0,98,59,438.45
1784842168543,1,0,0,128.29
1784842168679,0,98,59,551.41
1784842168679,1,0,0,128.27
1784842168815,0,98,59,609.26
1784842168815,1,0,0,128.20
1784842168951,0,98,59,663.22
1784842168951,1,0,0,128.19
1784842169086,0,93,51,694.40
1784842169086,1,0,0,128.14
1784842169221,0,93,51,692.90
1784842169221,1,0,0,128.11
1784842169359,0,92,46,690.81
1784842169359,1,0,0,128.09
1784842169493,0,98,57,689.67
1784842169493,1,0,0,128.06
1784842169629,0,98,57,691.35
1784842169629,1,0,0,128.03
1784842169765,0,98,57,689.49
1784842169765,1,0,0,127.99
1784842169901,0,98,58,691.82
1784842169901,1,0,0,127.97
1784842170037,0,98,58,690.97
1784842170037,1,0,0,127.92
1784842170170,0,91,49,683.17
1784842170170,1,0,0,127.90
1784842170304,0,92,46,683.36
1784842170304,1,0,0,127.82
1784842170439,0,92,46,683.77
1784842170439,1,0,0,127.80
1784842170575,0,98,57,685.52
1784842170575,1,0,0,127.78
1784842170712,0,98,58,683.90
1784842170712,1,0,0,127.73
1784842170846,0,98,58,685.42
1784842170846,1,0,0,127.71
1784842170982,0,98,57,685.73
1784842170982,1,0,0,127.70
1784842171116,0,88,50,690.78
1784842171116,1,0,0,127.66
1784842171251,0,88,50,694.35
1784842171251,1,0,0,127.64
1784842171387,0,91,48,681.84
1784842171387,1,0,0,127.64
1784842171522,0,98,60,676.83
1784842171522,1,0,0,127.61
1784842171659,0,98,60,675.15
1784842171659,1,0,0,127.58
1784842171796,0,98,60,671.46
1784842171796,1,0,0,127.57
1784842171932,0,98,60,676.24
1784842171932,1,0,0,127.56
1784842172067,0,94,52,672.22
1784842172067,1,0,0,127.53
1784842172203,0,94,52,666.47
1784842172203,1,0,0,127.51
1784842172337,0,92,48,682.80
1784842172337,1,0,0,127.49
1784842172473,0,98,60,684.54
1784842172473,1,0,0,127.48
1784842172608,0,98,60,688.78
1784842172608,1,0,0,127.46
1784842172744,0,98,60,685.73
1784842172744,1,0,0,127.47
1784842172879,0,98,59,686.84
1784842172879,1,0,0,127.44
1784842173013,0,98,59,688.08
1784842173013,1,0,0,127.42
1784842173152,0,94,52,686.87
1784842173152,1,0,0,127.39
1784842173287,0,92,45,676.23
1784842173287,1,0,0,127.37
1784842173422,0,92,45,680.81
1784842173422,1,0,0,127.33
1784842173558,0,98,57,686.11
1784842173558,1,0,0,127.29
1784842173695,0,98,57,688.19
1784842173695,1,0,0,127.27
1784842173830,0,98,57,686.18
1784842173830,1,0,0,127.21
1784842173966,0,98,57,681.96
1784842173966,1,0,0,127.19
1784842174101,0,92,51,684.99
1784842174101,1,0,0,127.16
1784842174235,0,92,51,681.72
1784842174235,1,0,0,127.13
1784842174370,0,91,46,689.30
1784842174370,1,0,0,127.11
1784842174505,0,98,58,683.33
1784842174505,1,0,0,127.07
1784842174640,0,98,58,684.16
1784842174640,1,0,0,127.04
1784842174777,0,98,59,686.40
1784842174777,1,0,0,127.03
1784842174913,0,98,59,688.80
1784842174913,1,0,0,127.00
1784842175049,0,98,59,691.84
1784842175049,1,0,0,126.98
1784842175184,0,94,52,684.21
1784842175184,1,0,0,126.94
1784842175330,0,98,32,662.57
1784842175330,1,0,0,126.93
1784842175466,0,98,60,656.03
1784842175466,1,0,0,126.92
1784842175602,0,98,60,653.13
1784842175602,1,0,0,126.90
1784842175737,0,98,59,649.47
1784842175737,1,0,0,126.87
1784842175874,0,98,59,645.12
1784842175874,1,0,0,126.84
1784842176010,0,98,59,643.27
1784842176010,1,0,0,126.81
1784842176146,0,88,52,645.43
1784842176146,1,0,0,126.80
1784842176280,0,91,49,677.08
1784842176280,1,0,0,126.77
1784842176422,0,91,49,682.08
1784842176422,1,0,0,126.73
1784842176558,0,98,58,688.24
1784842176558,1,0,0,126.70
1784842176693,0,98,58,690.43
1784842176693,1,0,0,126.65
1784842176829,0,98,58,690.90
1784842176829,1,0,0,126.60
1784842176963,0,98,57,688.24
1784842176963,1,0,0,126.57
1784842177099,0,89,51,690.05
1784842177099,1,0,0,126.53
1784842177234,0,89,51,688.10
1784842177234,1,0,0,126.49
1784842177369,0,96,50,687.43
1784842177369,1,0,0,126.46
1784842177504,0,98,59,685.66
1784842177504,1,0,0,126.43
1784842177639,0,98,59,687.59
1784842177639,1,0,0,126.42
1784842177772,0,98,59,689.62
1784842177772,1,0,0,126.38
1784842177909,0,98,59,690.98
1784842177909,1,0,0,126.37
1784842178045,0,98,59,693.15
1784842178045,1,0,0,126.33
1784842178181,0,88,50,694.09
1784842178181,1,0,0,126.29
1784842178316,0,91,47,690.09
1784842178316,1,0,0,126.24
1784842178451,0,91,47,689.85
1784842178451,1,0,0,126.21
1784842178588,0,98,56,689.45
1784842178588,1,0,0,126.15
1784842178722,0,98,56,690.65
1784842178722,1,0,0,126.12
1784842178859,0,98,56,687.44
1784842178859,1,0,0,126.10
1784842178995,0,98,56,687.19
1784842178995,1,0,0,126.03
1784842179133,0,89,52,691.43
1784842179133,1,0,0,125.99
1784842179267,0,96,53,690.27
1784842179267,1,0,0,125.83
1784842179402,0,96,53,692.82
1784842179402,1,0,0,125.69
1784842179535,0,98,61,688.87
1784842179535,1,0,0,125.54
1784842179670,0,98,60,693.13
1784842179670,1,0,0,125.46
1784842179805,0,98,60,693.67
1784842179805,1,0,0,125.31
1784842179943,0,98,61,696.17
1784842179943,1,0,0,125.24
1784842180078,0,89,51,696.14
1784842180078,1,0,0,125.16
1784842180214,0,89,51,692.10
1784842180214,1,0,0,125.18
1784842180348,0,96,49,690.45
1784842180348,1,0,0,125.23
1784842180484,0,98,58,684.12
1784842180484,1,0,0,125.19
1784842180620,0,98,58,682.34
1784842180620,1,0,0,125.14
1784842180754,0,98,58,678.82
1784842180754,1,0,0,125.07
1784842180888,0,98,58,677.95
1784842180888,1,0,0,125.04
1784842181024,0,98,58,678.82
1784842181024,1,0,0,124.97
1784842181158,0,88,51,682.80
1784842181158,1,0,0,124.95
1784842181293,0,92,47,682.07
1784842181293,1,0,0,124.91
1784842181429,0,92,47,685.33
1784842181429,1,0,0,124.85
1784842181563,0,98,58,682.20
1784842181563,1,0,0,124.83
1784842181699,0,98,58,688.22
1784842181699,1,0,0,124.81
1784842181834,0,98,58,682.04
1784842181834,1,0,0,124.80
1784842181969,0,98,58,684.45
1784842181969,1,0,0,124.78
1784842182106,0,89,50,682.83
1784842182106,1,0,0,124.73
1784842182242,0,89,50,684.11
1784842182242,1,0,0,124.70
1784842182378,0,91,49,688.66
1784842182378,1,0,0,124.67
1784842182513,0,98,58,686.14
1784842182513,1,0,0,124.62
1784842182649,0,98,58,691.30
1784842182649,1,0,0,124.62
1784842182784,0,98,57,688.87
1784842182784,1,0,0,124.58
1784842182919,0,98,58,690.99
1784842182919,1,0,0,124.54
1784842183055,0,98,58,690.19
1784842183055,1,0,0,124.53
1784842183191,0,89,51,690.28
1784842183191,1,0,0,124.52
1784842183328,0,91,50,696.27
1784842183328,1,0,0,124.46
1784842183463,0,91,50,698.75
1784842183463,1,0,0,124.43
1784842183597,0,98,56,703.93
1784842183597,1,0,0,124.42
1784842183733,0,98,57,702.71
1784842183733,1,0,0,124.37
1784842183869,0,98,58,702.43
1784842183869,1,0,0,124.35
1784842184003,0,98,58,700.72
1784842184003,1,0,0,124.32
1784842184136,0,89,51,698.25
1784842184136,1,0,0,124.25
1784842184271,0,96,50,690.04
1784842184271,1,0,0,124.22
1784842184406,0,96,50,685.54
1784842184406,1,0,0,124.17
1784842184541,0,98,58,685.35
1784842184541,1,0,0,124.18
1784842184674,0,98,59,685.57
1784842184674,1,0,0,124.17
1784842184810,0,98,59,687.60
1784842184810,1,0,0,124.12
1784842184947,0,98,58,688.61
1784842184947,1,0,0,124.10
1784842185083,0,89,52,691.10
1784842185083,1,0,0,124.06
1784842185217,0,89,52,691.22
1784842185217,1,0,0,124.03
1784842185352,0,96,51,691.40
1784842185352,1,0,0,123.98
1784842185486,0,98,58,690.45
1784842185486,1,0,0,123.86
1784842185621,0,98,58,689.79
1784842185621,1,0,0,123.83
1784842185756,0,98,58,688.02
1784842185756,1,0,0,123.84
1784842185892,0,98,57,689.97
1784842185892,1,0,0,123.75
1784842186027,0,98,57,693.35
1784842186027,1,0,0,123.72
1784842186162,0,89,52,695.72
1784842186162,1,0,0,123.75
1784842186300,0,95,51,686.63
1784842186300,1,0,0,123.66
1784842186435,0,95,51,679.13
1784842186435,1,0,0,123.68
1784842186569,0,98,59,674.10
1784842186569,1,0,0,123.67
1784842186705,0,98,60,673.09
1784842186705,1,0,0,123.61
1784842186840,0,98,60,665.40
1784842186840,1,0,0,123.55
1784842186975,0,98,60,667.59
1784842186975,1,0,0,123.53
1784842187111,0,89,52,666.92
1784842187111,1,0,0,123.48
1784842187246,0,89,52,670.79
1784842187246,1,0,0,123.46
1784842187381,0,96,49,680.85
1784842187381,1,0,0,123.44
1784842187516,0,98,59,681.22
1784842187516,1,0,0,123.41
1784842187652,0,98,59,684.46
1784842187652,1,0,0,123.39
1784842187787,0,98,58,687.51
1784842187787,1,0,0,123.37
1784842187921,0,98,58,687.43
1784842187921,1,0,0,123.32
1784842188056,0,98,58,685.64
1784842188056,1,0,0,123.32
1784842188190,0,88,51,689.70
1784842188190,1,0,0,123.29
1784842188325,0,96,51,685.34
1784842188325,1,0,0,123.23
1784842188462,0,96,51,686.64
1784842188462,1,0,0,123.23
1784842188598,0,98,58,690.16
1784842188598,1,0,0,123.19
1784842188733,0,98,58,691.83
1784842188733,1,0,0,123.15
1784842188868,0,98,57,695.30
1784842188868,1,0,0,123.14
1784842189004,0,98,57,697.85
1784842189004,1,0,0,123.13
1784842189140,0,89,51,695.74
1784842189140,1,0,0,123.11
1784842189276,0,94,48,684.47
1784842189276,1,0,0,123.09
1784842189412,0,94,48,690.97
1784842189412,1,0,0,123.03
1784842189546,0,98,58,688.63
1784842189546,1,0,0,123.03
1784842189682,0,98,58,692.18
1784842189682,1,0,0,123.02
1784842189817,0,98,58,689.58
1784842189817,1,0,0,123.00
1784842189952,0,98,59,689.25
1784842189952,1,0,0,122.96
1784842190087,0,89,52,688.27
1784842190087,1,0,0,122.94
1784842190223,0,89,52,688.16
1784842190223,1,0,0,122.93
1784842190357,0,94,52,694.38
1784842190357,1,0,0,122.89
1784842190493,0,98,59,689.27
1784842190493,1,0,0,122.88
1784842190629,0,98,59,687.63
1784842190629,1,0,0,122.86
1784842190764,0,98,60,688.37
1784842190764,1,0,0,122.83
1784842190900,0,98,60,687.16
1784842190900,1,0,0,122.81
1784842191034,0,98,60,688.82
1784842191034,1,0,0,122.78
1784842191169,0,89,53,689.70
1784842191169,1,0,0,122.78
1784842191307,0,95,52,678.24
1784842191307,1,0,0,122.75
1784842191443,0,95,52,674.01
1784842191443,1,0,0,122.75
1784842191578,0,98,59,678.85
1784842191578,1,0,0,122.71
1784842191715,0,98,58,676.34
1784842191715,1,0,0,122.70
1784842191851,0,98,58,676.53
1784842191851,1,0,0,122.69
1784842191986,0,98,59,683.22
1784842191986,1,0,0,122.64
1784842192123,0,91,55,684.36
1784842192123,1,0,0,122.61
1784842192259,0,91,55,681.96
1784842192259,1,0,0,122.56
1784842192393,0,95,52,691.78
1784842192393,1,0,0,122.54
1784842192530,0,98,57,687.43
1784842192530,1,0,0,122.51
1784842192665,0,98,57,682.29
1784842192665,1,0,0,122.47
1784842192801,0,98,60,680.11
1784842192801,1,0,0,122.46
1784842192937,0,98,60,679.15
1784842192937,1,0,0,122.44
1784842193074,0,90,56,669.53
1784842193074,1,0,0,122.42
1784842193210,0,90,56,673.79
1784842193210,1,0,0,122.44
1784842193346,0,94,52,675.01
1784842193346,1,0,0,122.40
1784842193482,0,98,59,680.17
1784842193482,1,0,0,122.39
1784842193617,0,98,59,683.45
1784842193617,1,0,0,122.38
1784842193752,0,98,59,680.85
1784842193752,1,0,0,122.36
1784842193887,0,98,59,684.96
1784842193887,1,0,0,122.31
1784842194025,0,98,59,685.65
1784842194025,1,0,0,122.18
1784842194161,0,85,53,685.39
1784842194161,1,0,0,122.11
1784842194296,0,95,52,674.28
1784842194296,1,0,0,122.07
1784842194431,0,95,52,677.42
1784842194431,1,0,0,121.97
1784842194567,0,98,56,679.82
1784842194567,1,0,0,121.91
1784842194703,0,98,58,682.79
1784842194703,1,0,0,121.85
1784842194841,0,98,58,679.83
1784842194841,1,0,0,121.79
1784842194977,0,98,58,690.37
1784842194977,1,0,0,121.80
1784842195113,0,98,57,683.75
1784842195113,1,0,0,121.76
1784842195250,0,98,57,687.45
1784842195250,1,0,0,121.75
1784842195385,0,95,54,698.71
1784842195385,1,0,0,121.75
1784842195521,0,92,52,698.36
1784842195521,1,0,0,121.71
1784842195657,0,92,52,694.24
1784842195657,1,0,0,121.71
1784842195792,0,98,57,691.23
1784842195792,1,0,0,121.69
1784842195927,0,98,57,687.94
1784842195927,1,0,0,121.70
1784842196065,0,98,57,682.60
1784842196065,1,0,0,121.68
1784842196201,0,98,56,677.17
1784842196201,1,0,0,121.68
1784842196336,0,95,54,662.66
1784842196336,1,0,0,121.65
1784842196471,0,0,0,553.98
1784842196471,1,0,0,121.66
1784842196605,0,0,0,497.59
1784842196605,1,0,0,121.66
1784842196739,0,0,0,452.88
1784842196739,1,0,0,121.61
1784842196879,0,96,37,438.68
1784842196879,1,0,0,121.62
1784842197015,0,96,37,446.31
1784842197015,1,0,0,121.60
1784842197150,0,98,59,458.94
1784842197150,1,0,0,121.57
1784842197285,0,98,59,475.17
1784842197285,1,0,0,121.59
1784842197422,0,98,59,534.41
1784842197422,1,0,0,121.57
1784842197560,0,98,59,590.66
1784842197560,1,0,0,121.57
1784842197695,0,87,51,686.99
1784842197695,1,0,0,121.57
1784842197830,0,87,51,689.36
1784842197830,1,0,0,121.54
1784842197965,0,95,49,694.84
1784842197965,1,0,0,121.55
1784842198103,0,98,60,675.90
1784842198103,1,0,0,121.56
1784842198243,0,98,60,673.64
1784842198243,1,0,0,121.53
1784842198378,0,98,60,668.43
1784842198378,1,0,0,121.53
1784842198513,0,98,61,668.01
1784842198513,1,0,0,121.51
1784842198649,0,98,61,667.84
1784842198649,1,0,0,121.49
1784842198784,0,90,55,674.70
1784842198784,1,0,0,121.47
1784842198920,0,95,54,680.48
1784842198920,1,0,0,121.44
1784842199055,0,95,54,681.34
1784842199055,1,0,0,121.43
1784842199191,0,98,60,686.35
1784842199191,1,0,0,121.42
1784842199327,0,98,60,689.51
1784842199327,1,0,0,121.38
1784842199461,0,98,60,691.84
1784842199461,1,0,0,121.37
1784842199597,0,98,59,689.61
1784842199597,1,0,0,121.36
1784842199734,0,95,54,691.45
1784842199734,1,0,0,121.32
1784842199869,0,95,54,686.96
1784842199869,1,0,0,121.31
1784842200005,0,94,53,683.13
1784842200005,1,0,0,121.28
1784842200141,0,98,59,685.37
1784842200141,1,0,0,121.26
1784842200277,0,98,59,685.45
1784842200277,1,0,0,121.27
1784842200413,0,98,59,688.87
1784842200413,1,0,0,121.24
1784842200548,0,98,60,688.08
1784842200548,1,0,0,121.24
1784842200685,0,88,50,685.64
1784842200685,1,0,0,121.25
1784842200821,0,88,50,687.98
1784842200821,1,0,0,121.24
1784842200956,0,91,48,685.59
1784842200956,1,0,0,121.26
1784842201092,0,98,60,686.69
1784842201092,1,0,0,121.25
1784842201227,0,98,60,686.65
1784842201227,1,0,0,121.25
1784842201360,0,98,59,685.77
1784842201360,1,0,0,121.24
1784842201496,0,98,60,688.30
1784842201496,1,0,0,121.22
1784842201631,0,98,60,687.94
1784842201631,1,0,0,121.22
1784842201769,0,88,52,687.93
1784842201769,1,0,0,121.23
1784842201905,0,95,51,690.67
1784842201905,1,0,0,121.22
1784842202039,0,95,51,686.49
1784842202039,1,0,0,121.19
1784842202175,0,98,60,682.03
1784842202175,1,0,0,121.19
1784842202313,0,98,61,682.12
1784842202313,1,0,0,121.20
1784842202449,0,98,61,675.55
1784842202449,1,0,0,121.20
1784842202585,0,98,61,679.55
1784842202585,1,0,0,121.19
1784842202719,0,88,52,683.19
1784842202719,1,0,0,121.19
1784842202855,0,88,52,682.61
1784842202855,1,0,0,121.18
1784842202990,0,96,50,683.75
1784842202990,1,0,0,121.18
1784842203132,0,98,60,685.28
1784842203132,1,0,0,121.19
1784842203267,0,98,60,684.67
1784842203267,1,0,0,121.18
1784842203402,0,98,60,682.48
1784842203402,1,0,0,121.16
1784842203538,0,98,60,682.34
1784842203538,1,0,0,121.15
1784842203674,0,98,60,680.14
1784842203674,1,0,0,121.13
1784842203809,0,89,52,679.57
1784842203809,1,0,0,121.13
1784842203944,0,96,50,681.57
1784842203944,1,0,0,121.12
1784842204080,0,98,59,690.97
1784842204080,1,0,0,121.10
1784842204216,0,98,59,691.00
1784842204216,1,0,0,121.11
1784842204352,0,98,59,688.89
1784842204352,1,0,0,121.10
1784842204487,0,98,58,692.89
1784842204487,1,0,0,121.09
1784842204622,0,98,58,692.06
1784842204622,1,0,0,121.09
1784842204756,0,89,53,691.95
1784842204756,1,0,0,121.07
1784842204892,0,95,51,689.88
1784842204892,1,0,0,121.06
1784842205028,0,95,51,688.96
1784842205028,1,0,0,121.05
1784842205163,0,98,58,692.61
1784842205163,1,0,0,121.04
1784842205296,0,98,58,694.61
1784842205296,1,0,0,121.01
1784842205431,0,98,58,695.03
1784842205431,1,0,0,121.01
1784842205567,0,98,57,694.55
1784842205567,1,0,0,121.01
1784842205702,0,91,53,683.57
1784842205702,1,0,0,121.00
1784842205839,0,91,53,681.46
1784842205839,1,0,0,121.00
1784842205974,0,95,52,680.33
1784842205974,1,0,0,120.99
1784842206110,0,98,58,684.60
1784842206110,1,0,0,120.96
1784842206249,0,98,58,684.14
1784842206249,1,0,0,120.96
1784842206386,0,98,59,683.65
1784842206386,1,0,0,120.96
1784842206522,0,98,58,687.80
1784842206522,1,0,0,120.92
1784842206658,0,98,58,692.67
1784842206658,1,0,0,120.92
1784842206793,0,91,55,699.95
1784842206793,1,0,0,120.93
1784842206928,0,95,52,699.89
1784842206928,1,0,0,120.87
1784842207063,0,95,52,695.69
1784842207063,1,0,0,120.89
1784842207197,0,98,58,679.66
1784842207197,1,0,0,120.91
1784842207332,0,98,61,675.40
1784842207332,1,0,0,120.87
1784842207468,0,98,61,671.24
1784842207468,1,0,0,120.87
1784842207605,0,98,61,660.59
1784842207605,1,0,0,120.89
1784842207740,0,90,55,661.35
1784842207740,1,0,0,120.85
1784842207875,0,90,55,664.55
1784842207875,1,0,0,120.86
1784842208010,0,95,51,666.72
1784842208010,1,0,0,120.83
1784842208147,0,98,59,674.55
1784842208147,1,0,0,120.84
1784842208282,0,98,58,684.28
1784842208282,1,0,0,120.84
1784842208415,0,98,58,686.58
1784842208415,1,0,0,120.84
1784842208550,0,98,58,691.96
1784842208550,1,0,0,120.82
1784842208686,0,90,54,688.82
1784842208686,1,0,0,120.82
1784842208822,0,90,54,689.40
1784842208822,1,0,0,120.82
1784842208957,0,95,51,685.08
1784842208957,1,0,0,120.84
1784842209093,0,98,58,683.79
1784842209093,1,0,0,120.84
1784842209229,0,98,58,685.36
1784842209229,1,0,0,120.82
1784842209364,0,98,56,685.35
1784842209364,1,0,0,120.85
1784842209498,0,98,58,684.47
1784842209498,1,0,0,120.82
1784842209633,0,98,58,685.55
1784842209633,1,0,0,120.86
1784842209770,0,90,52,684.26
1784842209770,1,0,0,120.84
1784842209906,0,95,52,681.47
1784842209906,1,0,0,120.82
1784842210042,0,95,52,685.67
1784842210042,1,0,0,120.82
1784842210178,0,98,58,688.88
1784842210178,1,0,0,120.80
1784842210314,0,98,59,686.65
1784842210314,1,0,0,120.79
1784842210449,0,98,59,685.87
1784842210449,1,0,0,120.78
1784842210586,0,98,58,690.74
1784842210586,1,0,0,120.75
1784842210719,0,90,54,692.11
1784842210719,1,0,0,120.75
1784842210857,0,90,54,690.24
1784842210857,1,0,0,120.75
1784842210992,0,95,52,692.71
1784842210992,1,0,0,120.74
1784842211128,0,98,57,686.62
1784842211128,1,0,0,120.74
1784842211264,0,98,57,685.51
1784842211264,1,0,0,120.73
1784842211400,0,98,59,684.84
1784842211400,1,0,0,120.74
1784842211537,0,98,60,684.26
1784842211537,1,0,0,120.72
1784842211672,0,98,60,680.58
1784842211672,1,0,0,120.71
1784842211809,0,90,55,682.37
1784842211809,1,0,0,120.73
1784842211945,0,95,52,682.34
1784842211945,1,0,0,120.73
1784842212080,0,98,59,689.32
1784842212080,1,0,0,120.73
1784842212215,0,98,59,687.45
1784842212215,1,0,0,120.72
1784842212350,0,98,59,689.69
1784842212350,1,0,0,120.71
1784842212486,0,98,59,687.88
1784842212486,1,0,0,120.74
1784842212620,0,98,59,689.30
1784842212620,1,0,0,120.71
1784842212757,0,89,53,689.61
1784842212757,1,0,0,120.70
1784842212893,0,95,52,692.60
1784842212893,1,0,0,120.69
1784842213029,0,95,52,688.04
1784842213029,1,0,0,120.63
1784842213164,0,98,58,688.22
1784842213164,1,0,0,120.62
1784842213299,0,98,58,690.62
1784842213299,1,0,0,120.65
1784842213434,0,98,58,693.28
1784842213434,1,0,0,120.61
1784842213571,0,98,58,693.82
1784842213571,1,0,0,120.61
1784842213706,0,89,53,693.83
1784842213706,1,0,0,120.59
1784842213842,0,89,53,690.37
1784842213842,1,0,0,120.59
1784842213979,0,95,52,683.39
1784842213979,1,0,0,120.60
1784842214115,0,98,59,677.91
1784842214115,1,0,0,120.58
1784842214249,0,98,59,676.23
1784842214249,1,0,0,120.58
1784842214385,0,98,60,676.18
1784842214385,1,0,0,120.56
1784842214520,0,98,59,672.14
1784842214520,1,0,0,120.57
1784842214656,0,98,59,673.73
1784842214656,1,0,0,120.58
1784842214793,0,89,53,678.35
1784842214793,1,0,0,120.54
1784842214929,0,95,51,679.86
1784842214929,1,0,0,120.54
1784842215065,0,95,51,683.95
1784842215065,1,0,0,120.53
1784842215201,0,98,58,688.99
1784842215201,1,0,0,120.53
1784842215336,0,98,57,692.89
1784842215336,1,0,0,120.54
1784842215472,0,98,57,690.17
1784842215472,1,0,0,120.53
1784842215607,0,98,58,690.32
1784842215607,1,0,0,120.53
1784842215744,0,89,52,688.12
1784842215744,1,0,0,120.54
1784842215880,0,95,52,688.06
1784842215880,1,0,0,120.53
1784842216015,0,95,52,690.08
1784842216015,1,0,0,120.54
1784842216152,0,98,58,692.20
1784842216152,1,0,0,120.53
1784842216288,0,98,57,689.86
1784842216288,1,0,0,120.52
1784842216424,0,98,57,689.40
1784842216424,1,0,0,120.53
1784842216559,0,98,56,691.06
1784842216559,1,0,0,120.51
1784842216696,0,90,53,693.22
1784842216696,1,0,0,120.52
1784842216831,0,90,53,694.22
1784842216831,1,0,0,120.51
1784842216967,0,95,51,695.09
1784842216967,1,0,0,120.50
1784842217102,0,98,58,686.15
1784842217102,1,0,0,120.51
1784842217239,0,98,58,691.27
1784842217239,1,0,0,120.49
1784842217374,0,98,58,688.18
1784842217374,1,0,0,120.50
1784842217510,0,98,58,691.61
1784842217510,1,0,0,120.48
1784842217646,0,98,58,689.84
1784842217646,1,0,0,120.46
1784842217779,0,90,53,689.71
1784842217779,1,0,0,120.48
1784842217917,0,95,52,685.37
1784842217917,1,0,0,120.44
1784842218053,0,95,52,687.12
1784842218053,1,0,0,120.45
1784842218191,0,98,58,690.41
1784842218191,1,0,0,120.48
1784842218327,0,98,59,687.79
1784842218327,1,0,0,120.45
1784842218462,0,98,59,686.86
1784842218462,1,0,0,120.47
1784842218598,0,98,58,688.93
1784842218598,1,0,0,120.46
1784842218735,0,90,54,689.71
1784842218735,1,0,0,120.43
1784842218870,0,90,54,686.67
1784842218870,1,0,0,120.45
1784842219006,0,95,52,683.27
1784842219006,1,0,0,120.43
1784842219142,0,98,59,681.00
1784842219142,1,0,0,120.39
1784842219278,0,98,59,681.13
1784842219278,1,0,0,120.40
1784842219413,0,98,60,685.15
1784842219413,1,0,0,120.39
1784842219548,0,98,59,685.31
1784842219548,1,0,0,120.37
1784842219685,0,90,53,684.08
1784842219685,1,0,0,120.39
1784842219822,0,90,53,687.71
1784842219822,1,0,0,120.36
1784842219958,0,95,50,688.80
1784842219958,1,0,0,120.38
1784842220099,0,98,57,695.32
1784842220099,1,0,0,120.38
1784842220236,0,98,57,692.54
1784842220236,1,0,0,120.33
1784842220372,0,98,57,694.03
1784842220372,1,0,0,120.37
1784842220508,0,98,57,691.58
1784842220508,1,0,0,120.35
1784842220643,0,98,57,690.18
1784842220643,1,0,0,120.33
1784842220779,0,89,52,688.37
1784842220779,1,0,0,120.32
1784842220917,0,95,51,683.42
1784842220917,1,0,0,120.29
1784842221052,0,95,51,690.67
1784842221052,1,0,0,120.29
1784842221187,0,98,57,692.36
1784842221187,1,0,0,120.27
1784842221323,0,98,57,695.22
1784842221323,1,0,0,120.30
1784842221458,0,98,57,695.43
1784842221458,1,0,0,120.29
1784842221593,0,98,57,695.24
1784842221593,1,0,0,120.31
1784842221729,0,89,52,694.87
1784842221729,1,0,0,120.32
1784842221865,0,89,52,698.96
1784842221865,1,0,0,120.33
1784842222000,0,95,52,692.86
1784842222000,1,0,0,120.33
1784842222135,0,98,58,692.91
1784842222135,1,0,0,120.34
1784842222270,0,98,58,694.65
1784842222270,1,0,0,120.33
1784842222406,0,98,58,694.32
1784842222406,1,0,0,120.33
1784842222541,0,98,57,699.49
1784842222541,1,0,0,120.33
1784842222676,0,98,57,698.23
1784842222676,1,0,0,120.33
1784842222812,0,90,53,701.67
1784842222812,1,0,0,120.34
1784842222948,0,95,52,699.89
1784842222948,1,0,0,120.33
1784842223082,0,95,52,695.41
1784842223082,1,0,0,120.33
1784842223218,0,98,59,691.41
1784842223218,1,0,0,120.32
1784842223353,0,98,59,688.04
1784842223353,1,0,0,120.31
1784842223488,0,98,58,688.68
1784842223488,1,0,0,120.34
1784842223623,0,98,58,688.44
1784842223623,1,0,0,120.31
1784842223759,0,90,53,686.25
1784842223759,1,0,0,120.32
1784842223894,0,95,51,682.58
1784842223894,1,0,0,120.32
1784842224028,0,95,51,684.20
1784842224028,1,0,0,120.30
1784842224164,0,98,57,692.38
1784842224164,1,0,0,120.30
1784842224299,0,98,57,693.52
1784842224299,1,0,0,120.29
1784842224434,0,98,57,692.71
1784842224434,1,0,0,120.25
1784842224569,0,98,57,690.15
1784842224569,1,0,0,120.25
1784842224706,0,90,51,685.42
1784842224706,1,0,0,120.22
1784842224843,0,90,51,685.33
1784842224843,1,0,0,120.22
1784842224979,0,95,51,684.82
1784842224979,1,0,0,120.20
1784842225114,0,98,59,686.82
1784842225114,1,0,0,120.19
1784842225250,0,98,59,686.01
1784842225250,1,0,0,120.19
1784842225386,0,98,59,687.15
1784842225386,1,0,0,120.18
1784842225523,0,98,59,686.34
1784842225523,1,0,0,120.20
1784842225660,0,98,59,687.96
1784842225660,1,0,0,120.20
1784842225795,0,90,53,687.30
1784842225795,1,0,0,120.19
1784842225931,0,95,52,689.82
1784842225931,1,0,0,120.20
1784842226066,0,95,52,688.68
1784842226066,1,0,0,120.19
1784842226202,0,98,60,680.95
1784842226202,1,0,0,120.17
1784842226339,0,98,60,679.70
1784842226339,1,0,0,120.19
1784842226475,0,98,60,675.50
1784842226475,1,0,0,120.17
1784842226611,0,98,60,673.59
1784842226611,1,0,0,120.17
1784842226747,0,90,53,678.25
1784842226747,1,0,0,120.17
1784842226883,0,90,53,681.90
1784842226883,1,0,0,120.16
1784842227017,0,95,51,687.66
1784842227017,1,0,0,120.18
1784842227153,0,98,56,694.51
1784842227153,1,0,0,120.17
1784842227287,0,98,56,694.78
1784842227287,1,0,0,120.17
1784842227421,0,98,57,697.54
1784842227421,1,0,0,120.16
1784842227557,0,98,55,692.09
1784842227557,1,0,0,120.17
1784842227692,0,91,52,685.82
1784842227692,1,0,0,120.17
1784842227827,0,91,52,681.68
1784842227827,1,0,0,120.15
1784842227961,0,9,5,628.89
1784842227961,1,0,0,120.14
1784842228095,0,0,0,519.17
1784842228095,1,0,0,120.13
1784842228229,0,0,0,460.02
1784842228229,1,0,0,120.14
1784842228365,0,77,43,458.62
1784842228365,1,0,0,120.15
1784842228500,0,98,58,454.32
1784842228500,1,0,0,120.17
1784842228636,0,98,58,461.19
1784842228636,1,0,0,120.16
1784842228771,0,98,60,472.28
1784842228771,1,0,0,120.18
1784842228906,0,98,59,521.59
1784842228906,1,0,0,120.18
1784842229041,0,98,59,565.71
1784842229041,1,0,0,120.19
1784842229180,0,90,56,612.93
1784842229180,1,0,0,120.16
1784842229315,0,95,51,684.04
1784842229315,1,0,0,120.16
1784842229451,0,95,51,681.78
1784842229451,1,0,0,120.18
1784842229586,0,98,57,687.11
1784842229586,1,0,0,120.17
1784842229722,0,98,58,685.96
1784842229722,1,0,0,120.16
1784842229859,0,98,58,689.03
1784842229859,1,0,0,120.14
1784842229995,0,98,57,688.30
1784842229995,1,0,0,120.15
1784842230131,0,90,54,688.70
1784842230131,1,0,0,120.15
1784842230266,0,90,54,688.92
1784842230266,1,0,0,120.13
1784842230401,0,95,52,687.73
1784842230401,1,0,0,120.15
1784842230539,0,98,58,680.84
1784842230539,1,0,0,120.09
1784842230674,0,98,58,680.51
1784842230674,1,0,0,120.09
1784842230810,0,98,60,680.84
1784842230810,1,0,0,120.11
1784842230945,0,98,60,678.13
1784842230945,1,0,0,120.10
1784842231080,0,98,60,681.65
1784842231080,1,0,0,120.11
1784842231215,0,89,54,685.06
1784842231215,1,0,0,120.11
1784842231350,0,95,52,686.47
1784842231350,1,0,0,120.09
1784842231485,0,95,52,682.41
1784842231485,1,0,0,120.08
1784842231620,0,98,59,687.20
1784842231620,1,0,0,120.07
1784842231756,0,98,58,692.40
1784842231756,1,0,0,120.06
1784842231891,0,98,59,689.93
1784842231891,1,0,0,120.08
1784842232032,0,98,59,676.22
1784842232032,1,0,0,120.06
1784842232168,0,98,61,678.20
1784842232168,1,0,0,120.06
1784842232307,0,18,16,602.30
1784842232307,1,0,0,120.06
1784842232443,0,18,16,566.41
1784842232443,1,2,2,140.91
1784842232577,0,0,0,519.66
1784842232577,1,24,17,141.43
1784842232708,0,0,0,408.61
1784842232708,1,24,17,141.41
1784842232841,0,0,0,353.91
1784842232841,1,0,0,141.46
1784842232974,0,0,0,292.85
1784842232974,1,0,0,142.30
1784842233116,0,0,0,204.01
1784842233116,1,0,0,155.04
1784842233253,0,0,0,169.18
1784842233253,1,59,33,226.58
1784842233390,0,0,0,146.66
1784842233390,1,76,43,263.16
1784842233528,0,0,0,143.64
1784842233528,1,100,49,377.72
1784842233664,0,0,0,143.13
1784842233664,1,100,49,437.83
1784842233799,0,0,0,142.31
1784842233799,1,100,50,495.48
1784842233936,0,0,0,141.98
1784842233936,1,100,50,611.90
1784842234074,0,0,0,139.73
1784842234074,1,100,50,660.06
1784842234210,0,0,0,138.93
1784842234210,1,100,54,679.84
1784842234347,0,0,0,138.76
1784842234347,1,100,55,693.25
1784842234483,0,0,0,138.60
1784842234483,1,100,55,682.36
1784842234619,0,0,0,138.26
1784842234619,1,97,64,658.34
1784842234755,0,0,0,138.13
1784842234755,1,100,59,654.61
1784842234893,0,0,0,137.87
1784842234893,1,100,59,646.92
1784842235030,0,0,0,137.75
1784842235030,1,94,54,637.03
1784842235166,0,0,0,137.69
1784842235166,1,93,54,634.53
1784842235302,0,0,0,137.47
1784842235302,1,93,54,644.64
1784842235439,0,0,0,137.37
1784842235439,1,97,51,631.49
1784842235575,0,0,0,137.29
1784842235575,1,86,45,636.62
1784842235711,0,0,0,137.10
1784842235711,1,86,45,639.33
1784842235846,0,0,0,137.04
1784842235846,1,91,53,643.91
1784842235983,0,0,0,136.97
1784842235983,1,91,55,622.88
1784842236120,0,0,0,136.66
1784842236120,1,91,55,610.57
1784842236255,0,0,0,136.53
1784842236255,1,98,64,601.53
1784842236391,0,0,0,136.24
1784842236391,1,95,63,600.12
1784842236527,0,0,0,136.10
1784842236527,1,100,68,585.47
1784842236663,0,0,0,135.94
1784842236663,1,100,68,574.88
1784842236800,0,0,0,135.66
1784842236800,1,82,43,578.44
1784842236935,0,0,0,135.53
1784842236935,1,94,54,563.73
1784842237072,0,0,0,135.39
1784842237072,1,94,54,565.56
1784842237207,0,0,0,135.26
1784842237207,1,97,60,570.49
1784842237343,0,0,0,135.20
1784842237343,1,99,61,571.78
1784842237480,0,0,0,135.14
1784842237480,1,99,61,578.20
1784842237617,0,0,0,135.01
1784842237617,1,96,52,578.95
1784842237754,0,0,0,134.95
1784842237754,1,98,58,582.63
1784842237890,0,0,0,134.83
1784842237890,1,98,58,574.78
1784842238027,0,0,0,134.80
1784842238027,1,96,60,577.91
1784842238164,0,0,0,134.76
1784842238164,1,94,56,589.76
1784842238301,0,0,0,134.63
1784842238301,1,94,56,599.79
1784842238436,0,0,0,134.58
1784842238436,1,98,58,578.82
1784842238570,0,0,0,134.54
1784842238570,1,97,55,588.76
1784842238706,0,0,0,134.46
1784842238706,1,97,55,581.65
1784842238843,0,0,0,134.42
1784842238843,1,92,58,579.63
1784842238981,0,0,0,134.37
1784842238981,1,95,49,590.15
1784842239118,0,0,0,134.29
1784842239118,1,95,49,587.15
1784842239255,0,0,0,134.26
1784842239255,1,96,60,567.74
1784842239391,0,0,0,134.20
1784842239391,1,98,65,570.82
1784842239528,0,0,0,134.15
1784842239528,1,88,51,558.13
1784842239666,0,0,0,134.11
1784842239666,1,88,51,563.15
1784842239803,0,0,0,134.02
1784842239803,1,95,55,563.52
1784842239941,0,0,0,134.01
1784842239941,1,97,62,555.02
1784842240077,0,0,0,133.97
1784842240077,1,97,62,552.50
1784842240213,0,0,0,133.94
1784842240213,1,91,58,547.23
1784842240351,0,0,0,133.89
1784842240351,1,93,56,555.28
1784842240489,0,0,0,133.89
1784842240489,1,93,56,551.35
1784842240625,0,0,0,133.87
1784842240625,1,100,66,538.88
1784842240762,0,0,0,133.86
1784842240762,1,92,59,540.02
1784842240899,0,0,0,133.82
1784842240899,1,92,59,526.86
1784842241036,0,0,0,133.81
1784842241036,1,100,69,529.14
1784842241171,0,0,0,133.79
1784842241171,1,100,63,542.79
1784842241308,0,0,0,133.74
1784842241308,1,100,63,532.28
1784842241445,0,0,0,133.74
1784842241445,1,97,54,535.00
1784842241583,0,0,0,133.72
1784842241583,1,100,67,533.66
1784842241720,0,0,0,133.68
1784842241720,1,100,67,524.01
1784842241856,0,0,0,133.67
1784842241856,1,100,68,543.17
1784842241992,0,0,0,133.65
1784842241992,1,99,64,534.56
1784842242129,0,0,0,133.62
1784842242129,1,100,68,516.81
1784842242266,0,0,0,133.60
1784842242266,1,100,68,522.19
1784842242403,0,0,0,133.53
1784842242403,1,95,58,518.37
1784842242540,0,0,0,133.52
1784842242540,1,99,58,552.69
1784842242677,0,0,0,133.53
1784842242677,1,99,58,577.61
1784842242812,0,0,0,133.48
1784842242812,1,94,52,567.36
1784842242948,0,0,0,133.46
1784842242948,1,99,65,559.64
1784842243084,0,0,0,133.44
1784842243084,1,99,65,574.59
1784842243222,0,0,0,133.40
1784842243222,1,98,64,550.21
1784842243361,0,0,0,133.40
1784842243361,1,74,43,551.81
1784842243498,0,0,0,133.37
1784842243498,1,74,43,556.04
1784842243634,0,0,0,133.36
1784842243634,1,95,57,532.75
1784842243772,0,0,0,133.32
1784842243772,1,98,62,537.81
1784842243908,0,0,0,133.34
1784842243908,1,98,62,537.27
1784842244045,0,0,0,133.32
1784842244045,1,97,58,553.33
1784842244182,0,0,0,133.32
1784842244182,1,98,62,562.10
1784842244318,0,0,0,133.29
1784842244318,1,98,62,582.72
1784842244455,0,0,0,133.27
1784842244455,1,100,62,573.30
1784842244591,0,0,0,133.26
1784842244591,1,94,57,576.76
1784842244728,0,0,0,133.26
1784842244728,1,89,52,575.82
1784842244864,0,0,0,133.23
1784842244864,1,89,52,594.76
1784842245002,0,0,0,133.18
1784842245002,1,100,54,584.33
1784842245141,0,0,0,133.17
1784842245141,1,99,62,592.26
1784842245278,0,0,0,133.18
1784842245278,1,99,62,584.21
1784842245414,0,0,0,133.14
1784842245414,1,99,61,599.13
1784842245550,0,0,0,133.12
1784842245550,1,100,66,594.81
1784842245687,0,0,0,133.10
1784842245687,1,100,66,603.21
1784842245824,0,0,0,133.10
1784842245824,1,97,57,586.46
1784842245962,0,0,0,133.09
1784842245962,1,100,63,587.36
1784842246099,0,0,0,133.09
1784842246099,1,100,63,586.41
1784842246236,0,0,0,133.08
1784842246236,1,98,55,593.20
1784842246372,0,0,0,133.09
1784842246372,1,96,61,577.12
1784842246509,0,0,0,133.11
1784842246509,1,96,61,577.37
1784842246646,0,0,0,133.11
1784842246646,1,100,69,545.21
1784842246782,0,0,0,133.10
1784842246782,1,93,57,553.72
1784842246918,0,0,0,133.10
1784842246918,1,93,57,558.07
1784842247055,0,0,0,133.12
1784842247055,1,98,62,556.07
1784842247193,0,0,0,133.08
1784842247193,1,97,59,544.84
1784842247330,0,0,0,133.09
1784842247330,1,95,58,549.61
1784842247470,0,0,0,133.08
1784842247470,1,95,58,545.09
1784842247606,0,0,0,133.08
1784842247606,1,82,49,557.69
1784842247742,0,0,0,133.10
1784842247742,1,100,58,568.77
1784842247878,0,0,0,133.08
1784842247878,1,100,58,576.68
1784842248015,0,0,0,133.05
1784842248015,1,85,47,592.94
1784842248151,0,0,0,133.05
1784842248151,1,94,56,596.66
1784842248286,0,0,0,133.05
1784842248286,1,94,56,584.85
1784842248424,0,0,0,133.01
1784842248424,1,95,57,610.33
1784842248560,0,0,0,133.01
1784842248560,1,99,51,619.33
1784842248697,0,0,0,132.98
1784842248697,1,99,51,636.40
1784842248834,0,0,0,132.98
1784842248834,1,100,55,619.62
1784842248971,0,0,0,132.98
1784842248971,1,77,45,629.71
1784842249108,0,0,0,132.97
1784842249108,1,77,45,632.02
1784842249245,0,0,0,132.97
1784842249245,1,95,60,624.95
1784842249382,0,0,0,132.97
1784842249382,1,85,55,618.10
1784842249518,0,0,0,132.94
1784842249518,1,85,55,605.67
1784842249654,0,0,0,132.93
1784842249654,1,89,53,606.34
1784842249790,0,0,0,132.93
1784842249790,1,89,53,609.30
1784842249926,0,0,0,132.91
1784842249926,1,89,53,597.53
1784842250064,0,0,0,132.92
1784842250064,1,95,58,593.35
1784842250201,0,0,0,132.93
1784842250201,1,98,62,600.31
1784842250338,0,0,0,132.94
1784842250338,1,100,66,589.01
1784842250475,0,0,0,132.94
1784842250475,1,100,66,591.24
1784842250613,0,0,0,132.94
1784842250613,1,98,61,580.77
1784842250749,0,0,0,132.94
1784842250749,1,98,64,570.11
1784842250885,0,0,0,132.94
1784842250885,1,98,64,564.89
1784842251021,0,0,0,132.90
1784842251021,1,99,64,566.82
1784842251158,0,0,0,132.90
1784842251158,1,100,68,551.37
1784842251295,0,0,0,132.85
1784842251295,1,100,68,550.28
1784842251431,0,0,0,132.83
1784842251431,1,99,64,545.57
1784842251568,0,0,0,132.84
1784842251568,1,99,65,536.70
1784842251704,0,0,0,132.80
1784842251704,1,99,65,529.28
1784842251840,0,0,0,132.77
1784842251840,1,97,65,518.17
1784842251977,0,0,0,132.77
1784842251977,1,97,63,509.50
1784842252113,0,0,0,132.74
1784842252113,1,97,63,506.57
1784842252250,0,0,0,132.73
1784842252250,1,100,69,502.77
1784842252389,0,0,0,132.70
1784842252389,1,99,67,489.47
1784842252526,0,0,0,132.75
1784842252526,1,94,56,516.79
1784842252665,0,0,0,132.72
1784842252665,1,94,56,528.68
1784842252800,0,0,0,132.74
1784842252800,1,96,51,537.64
1784842252938,0,0,0,132.74
1784842252938,1,97,59,553.80
1784842253074,0,0,0,132.74
1784842253074,1,97,59,571.04
1784842253211,0,0,0,132.77
1784842253211,1,98,56,571.95
1784842253348,0,0,0,132.76
1784842253348,1,94,54,593.14
1784842253485,0,0,0,132.70
1784842253485,1,94,54,610.88
1784842253623,0,0,0,132.63
1784842253623,1,99,56,596.21
1784842253761,0,0,0,132.64
1784842253761,1,90,52,598.24
1784842253897,0,0,0,132.60
1784842253897,1,90,52,601.60
1784842254035,0,0,0,132.60
1784842254035,1,97,57,606.00
1784842254172,0,0,0,132.60
1784842254172,1,89,56,611.97
1784842254308,0,0,0,132.57
1784842254308,1,89,56,609.52
1784842254445,0,0,0,132.60
1784842254445,1,99,65,604.42
1784842254582,0,0,0,132.65
1784842254582,1,96,51,616.37
1784842254720,0,0,0,132.61
1784842254720,1,96,51,609.10
1784842254857,0,0,0,132.59
1784842254857,1,97,61,616.00
1784842254995,0,0,0,132.58
1784842254995,1,90,55,608.71
1784842255133,0,0,0,132.56
1784842255133,1,93,59,599.08
1784842255269,0,0,0,132.55
1784842255269,1,93,59,598.33
1784842255406,0,0,0,132.54
1784842255406,1,96,59,598.44
1784842255542,0,0,0,132.52
1784842255542,1,100,68,576.92
1784842255678,0,0,0,132.53
1784842255678,1,100,68,566.25
1784842255816,0,0,0,132.57
1784842255816,1,100,69,543.12
1784842255954,0,0,0,132.58
1784842255954,1,99,61,536.29
1784842256089,0,0,0,132.61
1784842256089,1,99,61,543.28
1784842256225,0,0,0,132.58
1784842256225,1,97,58,543.73
1784842256363,0,0,0,132.58
1784842256363,1,100,68,526.57
1784842256499,0,0,0,132.56
1784842256499,1,100,68,523.62
1784842256637,0,0,0,132.55
1784842256637,1,91,56,530.89
1784842256774,0,0,0,132.55
1784842256774,1,96,61,534.96
1784842256911,0,0,0,132.49
1784842256911,1,96,61,540.68
1784842257048,0,0,0,132.47
1784842257048,1,97,56,538.60
1784842257183,0,0,0,132.45
1784842257183,1,100,68,538.82
1784842257320,0,0,0,132.43
1784842257320,1,100,68,540.17
1784842257455,0,0,0,132.42
1784842257455,1,97,63,545.29
1784842257592,0,0,0,132.41
1784842257592,1,97,64,531.07
1784842257729,0,0,0,132.38
1784842257729,1,97,64,531.71
1784842257867,0,0,0,132.36
1784842257867,1,99,59,516.48
1784842258003,0,0,0,132.40
1784842258003,1,99,64,498.15
1784842258139,0,0,0,132.38
1784842258139,1,96,59,498.07
1784842258276,0,0,0,132.40
1784842258276,1,96,59,493.39
1784842258413,0,0,0,132.40
1784842258413,1,99,67,499.64
1784842258555,0,0,0,132.40
1784842258555,1,100,69,482.85
1784842258691,0,0,0,132.41
1784842258691,1,100,69,470.02
1784842258827,0,0,0,132.42
1784842258827,1,100,70,470.47
1784842258965,0,0,0,132.43
1784842258965,1,100,69,465.44
1784842259101,0,0,0,132.42
1784842259101,1,100,69,448.29
1784842259238,0,0,0,132.40
1784842259238,1,100,68,446.99
1784842259376,0,0,0,132.40
1784842259376,1,100,68,437.10
1784842259513,0,0,0,132.41
1784842259513,1,100,68,433.47
1784842259649,0,0,0,132.40
1784842259649,1,100,68,427.38
1784842259786,0,0,0,132.38
1784842259786,1,100,68,417.99
1784842259923,0,0,0,132.40
1784842259923,1,100,68,415.11
1784842260059,0,0,0,132.38
1784842260059,1,100,68,409.90
1784842260196,0,0,0,132.41
1784842260196,1,100,68,406.12
1784842260332,0,0,0,132.42
1784842260332,1,100,68,401.93
1784842260470,0,0,0,132.40
1784842260470,1,100,67,402.04
1784842260606,0,0,0,132.39
1784842260606,1,100,67,401.16
1784842260743,0,0,0,132.38
1784842260743,1,100,67,400.09
1784842260879,0,0,0,132.38
1784842260879,1,100,67,399.67
1784842261016,0,0,0,132.35
1784842261016,1,100,67,399.05
1784842261151,0,0,0,132.36
1784842261151,1,100,67,397.39
1784842261288,0,0,0,132.33
1784842261288,1,100,67,398.48
1784842261424,0,0,0,132.31
1784842261424,1,100,68,398.19
1784842261560,0,0,0,132.34
1784842261560,1,100,67,397.58
1784842261697,0,0,0,132.34
1784842261697,1,100,67,397.49
1784842261834,0,0,0,132.36
1784842261834,1,100,67,399.38
1784842261971,0,0,0,132.39
1784842261971,1,100,67,398.46
1784842262107,0,0,0,132.37
1784842262107,1,100,67,397.91
1784842262243,0,0,0,132.39
1784842262243,1,100,67,396.14
1784842262381,0,0,0,132.39
1784842262381,1,100,67,395.39
1784842262518,0,0,0,132.39
1784842262518,1,100,67,394.32
1784842262653,0,0,0,132.38
1784842262653,1,100,67,392.70
1784842262790,0,0,0,132.35
1784842262790,1,100,67,388.78
1784842262926,0,0,0,132.30
1784842262926,1,100,67,389.10
1784842263062,0,0,0,132.31
1784842263062,1,100,67,388.89
1784842263201,0,0,0,132.30
1784842263201,1,100,67,388.19
1784842263336,0,0,0,132.29
1784842263336,1,100,67,388.39
1784842263473,0,0,0,132.29
1784842263473,1,100,67,388.27
1784842263610,0,0,0,132.26
1784842263610,1,100,67,388.32
1784842263746,0,0,0,132.26
1784842263746,1,100,66,392.72
1784842263882,0,0,0,132.27
1784842263882,1,100,66,391.95
1784842264018,0,0,0,132.24
1784842264018,1,100,67,392.40
1784842264154,0,0,0,132.24
1784842264154,1,100,67,391.17
1784842264291,0,0,0,132.25
1784842264291,1,100,67,390.27
1784842264428,0,0,0,132.20
1784842264428,1,100,67,389.83
1784842264564,0,0,0,132.22
1784842264564,1,100,67,390.26
1784842264700,0,0,0,132.24
1784842264700,1,100,67,390.06
1784842264837,0,0,0,132.23
1784842264837,1,100,67,385.59
1784842264974,0,0,0,132.24
1784842264974,1,100,67,385.04
1784842265110,0,0,0,132.21
1784842265110,1,100,67,385.35
1784842265246,0,0,0,132.21
1784842265246,1,100,66,384.06
1784842265383,0,0,0,132.19
1784842265383,1,100,66,382.91
1784842265519,0,0,0,132.20
1784842265519,1,100,66,382.84
1784842265655,0,0,0,132.18
1784842265655,1,100,66,381.27
1784842265791,0,0,0,132.18
1784842265791,1,100,66,380.84
1784842265926,0,0,0,132.19
1784842265926,1,100,66,379.90
1784842266062,0,0,0,132.18
1784842266062,1,100,66,378.85
1784842266197,0,0,0,132.20
1784842266197,1,100,66,379.67
1784842266333,0,0,0,132.18
1784842266333,1,100,66,380.08
1784842266469,0,0,0,132.19
1784842266469,1,100,66,379.46
1784842266606,0,0,0,132.18
1784842266606,1,100,67,380.30
1784842266741,0,0,0,132.19
1784842266741,1,100,67,379.96
1784842266876,0,0,0,132.19
1784842266876,1,100,67,380.84
1784842267013,0,0,0,132.17
1784842267013,1,100,67,381.56
1784842267150,0,0,0,132.17
1784842267150,1,100,67,380.67
1784842267285,0,0,0,132.18
1784842267285,1,100,67,381.24
1784842267421,0,0,0,132.19
1784842267421,1,100,67,381.17
1784842267557,0,0,0,132.21
1784842267557,1,100,67,381.09
1784842267692,0,0,0,132.20
1784842267692,1,100,67,380.94
1784842267829,0,0,0,132.20
1784842267829,1,100,67,381.17
1784842267963,0,0,0,132.21
1784842267963,1,100,67,380.94
1784842268099,0,0,0,132.20
1784842268099,1,100,67,381.51
1784842268236,0,0,0,132.21
1784842268236,1,100,67,381.00
1784842268372,0,0,0,132.19
1784842268372,1,100,67,381.46
1784842268507,0,0,0,132.19
1784842268507,1,100,67,381.57
1784842268642,0,0,0,132.19
1784842268642,1,100,67,380.48
1784842268779,0,0,0,132.18
1784842268779,1,100,66,380.39
1784842268916,0,0,0,132.15
1784842268916,1,100,66,379.51
1784842269054,0,0,0,132.15
1784842269054,1,100,66,377.28
1784842269190,0,0,0,132.15
1784842269190,1,100,66,376.36
1784842269327,0,0,0,132.12
1784842269327,1,100,66,375.78
1784842269463,0,0,0,132.12
1784842269463,1,100,66,373.82
1784842269599,0,0,0,132.12
1784842269599,1,100,66,372.93
1784842269735,0,0,0,132.13
1784842269735,1,100,66,373.53
1784842269872,0,0,0,132.15
1784842269872,1,100,66,373.61
1784842270008,0,0,0,132.12
1784842270008,1,100,66,373.79
1784842270143,0,0,0,132.12
1784842270143,1,100,66,361.79
1784842270277,0,0,0,132.13
1784842270277,1,100,66,338.02
1784842270410,0,0,0,132.12
1784842270410,1,0,0,314.93
1784842270543,0,0,0,132.13
1784842270543,1,0,0,267.58
1784842270676,0,0,0,132.12
1784842270676,1,0,0,240.94
1784842270809,0,0,0,132.09
1784842270809,1,0,0,219.79
1784842270943,0,0,0,132.10
1784842270943,1,0,0,168.02
1784842271076,0,0,0,132.11
1784842271076,1,0,0,148.06
1784842271209,0,0,0,132.12
1784842271209,1,0,0,131.87
1784842271342,0,0,0,132.12
1784842271342,1,0,0,130.85
1784842271475,0,0,0,132.11
1784842271475,1,0,0,130.85
1784842271609,0,0,0,132.08
1784842271609,1,0,0,130.76
1784842271745,0,52,29,165.73
1784842271745,1,0,0,130.65
1784842271881,0,52,29,226.62
1784842271881,1,0,0,130.65
1784842272014,0,96,49,331.77
1784842272014,1,0,0,130.60
1784842272149,0,98,58,388.72
1784842272149,1,0,0,130.51
1784842272287,0,98,58,446.91
1784842272287,1,0,0,130.45
1784842272423,0,98,58,559.53
1784842272423,1,0,0,130.44
1784842272557,0,98,58,618.02
1784842272557,1,0,0,130.38
1784842272693,0,98,58,672.64
1784842272693,1,0,0,130.40
1784842272831,0,88,50,692.39
1784842272831,1,0,0,130.38
1784842272969,0,90,49,685.08
1784842272969,1,0,0,130.34
1784842273104,0,98,60,686.26
1784842273104,1,0,0,130.25
1784842273241,0,98,60,684.01
1784842273241,1,0,0,130.16
1784842273378,0,98,60,684.59
1784842273378,1,0,0,130.20
1784842273514,0,98,60,678.24
1784842273514,1,0,0,130.18
1784842273649,0,98,60,675.67
1784842273649,1,0,0,130.15
1784842273785,0,94,52,679.29
1784842273785,1,0,0,130.13
1784842273922,0,92,46,670.18
1784842273922,1,0,0,130.09
1784842274058,0,92,46,669.62
1784842274058,1,0,0,130.07
1784842274195,0,98,59,673.37
1784842274195,1,0,0,130.11
1784842274331,0,98,59,677.57
1784842274331,1,0,0,130.08
1784842274466,0,98,59,678.52
1784842274466,1,0,0,130.02
1784842274602,0,98,58,682.28
1784842274602,1,0,0,129.99
1784842274737,0,94,53,685.39
1784842274737,1,0,0,129.95
1784842274876,0,94,53,690.69
1784842274876,1,0,0,129.94
1784842275011,0,92,45,689.16
1784842275011,1,0,0,129.93
1784842275147,0,98,57,690.88
1784842275147,1,0,0,129.87
1784842275283,0,98,57,687.99
1784842275283,1,0,0,129.86
1784842275419,0,98,56,682.02
1784842275419,1,0,0,129.82
1784842275554,0,98,55,678.10
1784842275554,1,0,0,129.82
1784842275689,0,98,55,674.21
1784842275689,1,0,0,129.82
1784842275823,0,89,50,665.22
1784842275823,1,0,0,129.78
1784842275958,0,90,47,672.37
1784842275958,1,0,0,129.72
1784842276094,0,90,47,674.18
1784842276094,1,0,0,129.73
1784842276230,0,98,59,673.10
1784842276230,1,0,0,129.69
1784842276366,0,98,59,675.55
1784842276366,1,0,0,129.68
1784842276503,0,98,59,681.56
1784842276503,1,0,0,129.66
1784842276638,0,98,59,687.19
1784842276638,1,0,0,129.59
1784842276774,0,88,51,688.77
1784842276774,1,0,0,129.57
1784842276909,0,91,48,685.37
1784842276909,1,0,0,129.57
1784842277045,0,91,48,681.57
1784842277045,1,0,0,129.52
1784842277181,0,98,59,681.76
1784842277181,1,0,0,129.51
1784842277317,0,98,59,683.18
1784842277317,1,0,0,129.49
1784842277453,0,98,59,688.47
1784842277453,1,0,0,129.47
1784842277588,0,98,59,688.16
1784842277588,1,0,0,129.44
1784842277724,0,87,50,691.46
1784842277724,1,0,0,129.43
1784842277860,0,97,38,668.85
1784842277860,1,0,0,129.40
1784842278042,0,97,38,660.77
1784842278042,1,0,0,129.39
1784842278179,0,98,59,661.77
1784842278179,1,0,0,129.36
1784842278315,0,98,59,657.16
1784842278315,1,0,0,129.37
1784842278450,0,98,59,656.88
1784842278450,1,0,0,129.32
1784842278585,0,98,59,653.78
1784842278585,1,0,0,129.30
1784842278721,0,89,53,652.58
1784842278721,1,0,0,129.29
1784842278856,0,89,53,654.34
1784842278856,1,0,0,129.25
1784842278990,0,95,52,680.08
1784842278990,1,0,0,129.23
1784842279127,0,97,58,681.68
1784842279127,1,0,0,129.23
1784842279263,0,97,58,685.57
1784842279263,1,0,0,129.17
1784842279398,0,98,60,683.65
1784842279398,1,0,0,129.16
1784842279534,0,98,59,684.87
1784842279534,1,0,0,129.16
1784842279669,0,98,59,685.77
1784842279669,1,0,0,129.12
1784842279804,0,89,52,685.45
1784842279804,1,0,0,129.13
1784842279940,0,96,50,680.99
1784842279940,1,0,0,128.91
1784842280076,0,96,50,685.98
1784842280076,1,0,0,128.78
1784842280211,0,98,59,683.99
1784842280211,1,0,0,128.66
1784842280347,0,98,59,683.30
1784842280347,1,0,0,128.39
1784842280482,0,98,59,684.06
1784842280482,1,0,0,128.28
1784842280617,0,98,60,677.25
1784842280617,1,0,0,128.14
1784842280753,0,88,51,687.39
1784842280753,1,0,0,127.84
1784842280888,0,88,51,686.90
1784842280888,1,0,0,127.76
1784842281023,0,90,49,688.43
1784842281023,1,0,0,127.75
1784842281158,0,98,60,689.72
1784842281158,1,0,0,127.69
1784842281292,0,98,60,686.09
1784842281292,1,0,0,127.65
1784842281429,0,98,60,684.13
1784842281429,1,0,0,127.65
1784842281564,0,98,59,685.68
1784842281564,1,0,0,127.60
1784842281700,0,98,59,685.69
1784842281700,1,0,0,127.59
1784842281835,0,88,51,683.16
1784842281835,1,0,0,127.56
1784842281971,0,91,49,683.49
1784842281971,1,0,0,127.51
1784842282106,0,98,59,687.41
1784842282106,1,0,0,127.49
1784842282242,0,98,59,693.34
1784842282242,1,0,0,127.43
1784842282376,0,98,59,691.89
1784842282376,1,0,0,127.40
1784842282513,0,98,58,695.03
1784842282513,1,0,0,127.41
1784842282647,0,98,58,694.70
1784842282647,1,0,0,127.34
1784842282783,0,75,44,678.86
1784842282783,1,0,0,127.35
1784842282916,0,0,0,572.46
1784842282916,1,0,0,127.34
1784842283049,0,0,0,519.06
1784842283049,1,0,0,127.27
1784842283183,0,0,0,479.26
1784842283183,1,0,0,127.26
1784842283319,0,92,48,470.35
1784842283319,1,0,0,127.26
1784842283454,0,92,48,463.26
1784842283454,1,0,0,127.20
1784842283590,0,98,58,465.01
1784842283590,1,0,0,127.16
1784842283725,0,98,59,477.71
1784842283725,1,0,0,127.15
1784842283861,0,98,59,533.97
1784842283861,1,0,0,127.08
1784842283996,0,98,59,587.41
1784842283996,1,0,0,127.03
1784842284133,0,89,50,683.30
1784842284133,1,0,0,127.01
1784842284268,0,89,50,682.05
1784842284268,1,0,0,126.94
1784842284403,0,91,48,686.59
1784842284403,1,0,0,126.91
1784842284539,0,98,57,686.58
1784842284539,1,0,0,126.87
1784842284675,0,98,57,684.34
1784842284675,1,0,0,126.85
1784842284811,0,98,58,685.41
1784842284811,1,0,0,126.83
1784842284946,0,98,56,685.94
1784842284946,1,0,0,126.79
1784842285082,0,98,56,692.78
1784842285082,1,0,0,126.79
1784842285219,0,88,51,692.72
1784842285219,1,0,0,126.75
1784842285356,0,96,50,689.55
1784842285356,1,0,0,126.72
1784842285493,0,96,50,688.16
1784842285493,1,0,0,126.69
1784842285629,0,98,59,685.53
1784842285629,1,0,0,126.69
1784842285765,0,98,58,690.54
1784842285765,1,0,0,126.64
1784842285901,0,98,58,685.96
1784842285901,1,0,0,126.62
1784842286040,0,98,59,686.29
1784842286040,1,0,0,126.58
1784842286178,0,89,52,684.51
1784842286178,1,0,0,126.58
1784842286312,0,96,50,680.65
1784842286312,1,0,0,126.54
1784842286447,0,96,50,676.94
1784842286447,1,0,0,126.49
1784842286584,0,98,59,682.12
1784842286584,1,0,0,126.48
1784842286720,0,98,58,680.09
1784842286720,1,0,0,126.48
1784842286858,0,98,58,680.67
1784842286858,1,0,0,126.40
1784842286995,0,98,58,684.29
1784842286995,1,0,0,126.38
1784842287134,0,89,53,687.59
1784842287134,1,0,0,126.36
1784842287271,0,89,53,689.57
1784842287271,1,0,0,126.29
1784842287407,0,95,52,689.45
1784842287407,1,0,0,126.29
1784842287544,0,98,58,692.20
1784842287544,1,0,0,126.23
1784842287678,0,98,58,686.01
1784842287678,1,0,0,126.19
1784842287814,0,98,59,690.36
1784842287814,1,0,0,126.20
1784842287949,0,98,58,686.61
1784842287949,1,0,0,126.15
1784842288084,0,98,58,681.91
1784842288084,1,0,0,126.11
1784842288220,0,90,53,679.90
1784842288220,1,0,0,126.11
1784842288356,0,95,52,685.47
1784842288356,1,0,0,126.02
1784842288491,0,95,52,686.83
1784842288491,1,0,0,125.99
1784842288627,0,98,58,685.37
1784842288627,1,0,0,126.01
1784842288762,0,98,56,683.41
1784842288762,1,0,0,125.93
1784842288898,0,98,56,678.47
1784842288898,1,0,0,125.93
1784842289032,0,98,55,674.21
1784842289032,1,0,0,125.91
1784842289168,0,96,56,670.50
1784842289168,1,0,0,125.86
1784842289303,0,96,56,670.02
1784842289303,1,0,0,125.86
1784842289440,0,95,52,669.87
1784842289440,1,0,0,125.82
1784842289575,0,99,54,663.57
1784842289575,1,0,0,125.76
1784842289711,0,98,60,664.20
1784842289711,1,0,0,125.76
1784842289845,0,98,60,666.72
1784842289845,1,0,0,125.70
1784842289981,0,98,59,672.90
1784842289981,1,0,0,125.67
1784842290117,0,94,58,677.27
1784842290117,1,0,0,125.67
1784842290252,0,94,58,683.58
1784842290252,1,0,0,125.60
1784842290387,0,95,52,686.26
1784842290387,1,0,0,125.59
1784842290522,0,98,55,700.33
1784842290522,1,0,0,125.59
1784842290659,0,98,55,698.99
1784842290659,1,0,0,125.55
1784842290797,0,98,59,700.18
1784842290797,1,0,0,125.54
1784842290932,0,98,57,702.24
1784842290932,1,0,0,125.55
1784842291066,0,98,57,706.06
1784842291066,1,0,0,125.50
1784842291201,0,98,58,704.97
1784842291201,1,0,0,125.49
1784842291341,0,95,51,697.40
1784842291341,1,0,0,125.46
1784842291477,0,95,51,695.68
1784842291477,1,0,0,125.43
1784842291614,0,99,51,689.13
1784842291614,1,0,0,125.41
1784842291749,0,98,56,692.68
1784842291749,1,0,0,125.36
1784842291886,0,98,56,694.55
1784842291886,1,0,0,125.32
1784842292023,0,98,57,690.38
1784842292023,1,0,0,125.32
1784842292162,0,98,56,687.28
1784842292162,1,0,0,125.28
1784842292297,0,98,56,683.63
1784842292297,1,0,0,125.25
1784842292433,0,95,51,686.82
1784842292433,1,0,0,125.25
1784842292567,0,94,49,682.08
1784842292567,1,0,0,125.21
1784842292703,0,94,49,684.73
1784842292703,1,0,0,125.20
1784842292839,0,98,57,678.86
1784842292839,1,0,0,125.19
1784842292975,0,98,58,678.48
1784842292975,1,0,0,125.15
1784842293119,0,98,57,688.03
1784842293119,1,0,0,125.11
1784842293254,0,98,57,690.31
1784842293254,1,0,0,125.07
1784842293390,0,95,51,687.09
1784842293390,1,0,0,125.06
1784842293524,0,92,49,692.95
1784842293524,1,0,0,125.05
1784842293658,0,92,49,691.57
1784842293658,1,0,0,125.01
1784842293797,0,98,57,689.55
1784842293797,1,0,0,124.98
1784842293932,0,98,57,689.61
1784842293932,1,0,0,124.96
1784842294068,0,98,57,687.96
1784842294068,1,0,0,124.93
1784842294203,0,98,56,688.49
1784842294203,1,0,0,124.94
1784842294338,0,95,51,689.35
1784842294338,1,0,0,124.92
1784842294474,0,95,51,688.88
1784842294474,1,0,0,124.88
1784842294611,0,93,47,688.27
1784842294611,1,0,0,124.86
1784842294750,0,98,56,688.52
1784842294750,1,0,0,124.79
1784842294885,0,98,56,684.19
1784842294885,1,0,0,124.78
1784842295021,0,98,57,687.29
1784842295021,1,0,0,124.76
1784842295157,0,98,56,688.46
1784842295157,1,0,0,124.67
1784842295292,0,98,56,693.54
1784842295292,1,0,0,124.65
1784842295429,0,95,51,688.90
1784842295429,1,0,0,124.66
1784842295564,0,93,46,690.71
1784842295564,1,0,0,124.53
1784842295700,0,93,46,684.44
1784842295700,1,0,0,124.50
1784842295835,0,98,59,677.21
1784842295835,1,0,0,124.45
1784842295972,0,98,58,677.83
1784842295972,1,0,0,124.31
1784842296109,0,98,58,671.96
1784842296109,1,0,0,124.28
1784842296244,0,98,59,670.30
1784842296244,1,0,0,124.14
1784842296379,0,95,52,669.40
1784842296379,1,0,0,124.07
1784842296517,0,98,48,674.29
1784842296517,1,0,0,124.01
1784842296652,0,98,48,682.09
1784842296652,1,0,0,123.99
1784842296791,0,98,58,682.98
1784842296791,1,0,0,123.97
1784842296928,0,98,57,692.56
1784842296928,1,0,0,123.96
1784842297063,0,98,57,689.85
1784842297063,1,0,0,123.89
1784842297199,0,98,58,689.98
1784842297199,1,0,0,123.90
1784842297334,0,94,51,684.06
1784842297334,1,0,0,123.88
1784842297471,0,94,51,688.51
1784842297471,1,0,0,123.85
1784842297608,0,93,46,684.39
1784842297608,1,0,0,123.85
1784842297744,0,98,59,683.72
1784842297744,1,0,0,123.81
1784842297879,0,98,59,681.05
1784842297879,1,0,0,123.79
1784842298013,0,98,59,682.21
1784842298013,1,0,0,123.80
1784842298149,0,98,59,685.41
1784842298149,1,0,0,123.75
1784842298284,0,98,59,686.18
1784842298284,1,0,0,123.74
1784842298419,0,95,52,689.56
1784842298419,1,0,0,123.75
1784842298553,0,92,46,694.94
1784842298553,1,0,0,123.70
1784842298688,0,92,46,695.87
1784842298688,1,0,0,123.68
1784842298825,0,98,59,697.25
1784842298825,1,0,0,123.67
1784842298961,0,98,58,694.99
1784842298961,1,0,0,123.62
1784842299095,0,98,58,694.98
1784842299095,1,0,0,123.63
1784842299232,0,98,58,696.25
1784842299232,1,0,0,123.60
1784842299369,0,95,53,695.01
1784842299369,1,0,0,123.56
1784842299505,0,95,53,692.33
1784842299505,1,0,0,123.56
1784842299641,0,93,48,687.56
1784842299641,1,0,0,123.54
1784842299776,0,98,57,690.53
1784842299776,1,0,0,123.53
1784842299911,0,98,57,685.93
1784842299911,1,0,0,123.51
1784842300048,0,98,58,688.83
1784842300048,1,0,0,123.47
1784842300184,0,98,56,683.72
1784842300184,1,0,0,123.45
1784842300320,0,95,52,677.83
1784842300320,1,0,0,123.45
1784842300456,0,95,52,682.70
1784842300456,1,0,0,123.42
1784842300601,0,97,40,673.06
1784842300601,1,0,0,123.41
1784842300736,0,98,59,672.42
1784842300736,1,0,0,123.39
1784842300871,0,98,59,673.08
1784842300871,1,0,0,123.40
1784842301007,0,98,58,678.78
1784842301007,1,0,0,123.39
1784842301145,0,98,59,685.62
1784842301145,1,0,0,123.35
1784842301281,0,98,59,689.85
1784842301281,1,0,0,123.33
1784842301416,0,88,50,689.56
1784842301416,1,0,0,123.31
1784842301551,0,90,46,698.63
1784842301551,1,0,0,123.27
1784842301686,0,90,46,697.90
1784842301686,1,0,0,123.26
1784842301821,0,98,55,692.36
1784842301821,1,0,0,123.25
1784842301957,0,98,56,692.31
1784842301957,1,0,0,123.19
1784842302094,0,98,56,689.58
1784842302094,1,0,0,123.18
1784842302233,0,98,57,687.47
1784842302233,1,0,0,123.15
1784842302368,0,89,51,687.55
1784842302368,1,0,0,123.14
1784842302504,0,89,51,686.50
1784842302504,1,0,0,123.12
1784842302639,0,95,50,673.73
1784842302639,1,0,0,123.09
1784842302775,0,98,58,673.81
1784842302775,1,0,0,123.08
1784842302912,0,98,58,677.54
1784842302912,1,0,0,123.05
1784842303047,0,98,58,673.67
1784842303047,1,0,0,123.02
1784842303182,0,98,58,674.62
1784842303182,1,0,0,123.01
1784842303315,0,89,52,672.16
1784842303315,1,0,0,122.99
1784842303451,0,89,52,673.41
1784842303451,1,0,0,122.97
1784842303585,0,95,50,671.55
1784842303585,1,0,0,122.97
1784842303720,0,98,58,690.49
1784842303720,1,0,0,122.95
1784842303857,0,98,58,687.12
1784842303857,1,0,0,122.94
1784842303991,0,98,59,688.12
1784842303991,1,0,0,122.94
1784842304127,0,98,58,684.76
1784842304127,1,0,0,122.91
1784842304265,0,98,58,686.48
1784842304265,1,0,0,122.91
1784842304400,0,89,52,686.97
1784842304400,1,0,0,122.88
1784842304535,0,95,52,679.69
1784842304535,1,0,0,122.86
1784842304670,0,95,52,686.73
1784842304670,1,0,0,122.84
1784842304806,0,98,58,686.97
1784842304806,1,0,0,122.85
1784842304942,0,98,57,685.83
1784842304942,1,0,0,122.88
1784842305079,0,98,57,684.28
1784842305079,1,0,0,122.85
1784842305215,0,98,58,684.25
1784842305215,1,0,0,122.84
1784842305352,0,89,52,682.15
1784842305352,1,0,0,122.87
1784842305488,0,89,52,679.26
1784842305488,1,0,0,122.85
1784842305624,0,95,52,680.62
1784842305624,1,0,0,122.83
1784842305759,0,98,59,680.82
1784842305759,1,0,0,122.81
1784842305895,0,98,59,682.60
1784842305895,1,0,0,122.79
1784842306030,0,98,60,681.87
1784842306030,1,0,0,122.78
1784842306166,0,98,59,682.46
1784842306166,1,0,0,122.77
1784842306302,0,98,59,684.00
1784842306302,1,0,0,122.74
1784842306438,0,90,53,690.97
1784842306438,1,0,0,122.71
1784842306573,0,95,52,688.78
1784842306573,1,0,0,122.70
1784842306708,0,95,52,688.65
1784842306708,1,0,0,122.71
1784842306843,0,98,58,694.95
1784842306843,1,0,0,122.68
1784842306979,0,98,58,692.74
1784842306979,1,0,0,122.66
1784842307113,0,98,58,690.82
1784842307113,1,0,0,122.69
1784842307249,0,98,57,691.64
1784842307249,1,0,0,122.67
1784842307383,0,91,52,685.88
1784842307383,1,0,0,122.65
1784842307519,0,95,51,689.37
1784842307519,1,0,0,122.65
1784842307652,0,95,51,691.82
1784842307652,1,0,0,122.64
1784842307788,0,98,56,691.80
1784842307788,1,0,0,122.64
1784842307924,0,98,56,692.94
1784842307924,1,0,0,122.63
1784842308059,0,98,56,694.39
1784842308059,1,0,0,122.56
1784842308194,0,98,56,698.21
1784842308194,1,0,0,122.55
1784842308329,0,96,53,689.03
1784842308329,1,0,0,122.56
1784842308465,0,96,53,687.82
1784842308465,1,0,0,122.49
1784842308602,0,95,52,686.80
1784842308602,1,0,0,122.49
1784842308738,0,98,55,680.92
1784842308738,1,0,0,122.47
1784842308872,0,98,55,678.93
1784842308872,1,0,0,122.45
1784842309008,0,98,57,678.95
1784842309008,1,0,0,122.46
1784842309146,0,98,59,678.68
1784842309146,1,0,0,122.40
1784842309282,0,98,59,681.38
1784842309282,1,0,0,122.40
1784842309419,0,98,55,683.76
1784842309419,1,0,0,122.40
1784842309554,0,95,52,679.02
1784842309554,1,0,0,122.36
1784842309689,0,95,52,679.64
1784842309689,1,0,0,122.35
1784842309824,0,99,53,684.95
1784842309824,1,0,0,122.35
1784842309959,0,98,58,681.86
1784842309959,1,0,0,122.31
1784842310094,0,98,58,681.97
1784842310094,1,0,0,122.33
1784842310231,0,98,59,682.70
1784842310231,1,0,0,122.31
1784842310368,0,98,59,686.49
1784842310368,1,0,0,122.29
1784842310504,0,98,59,685.42
1784842310504,1,0,0,122.30
1784842310641,0,95,50,683.94
1784842310641,1,0,0,122.29
1784842310777,0,97,51,684.77
1784842310777,1,0,0,122.29
1784842310915,0,97,51,686.18
1784842310915,1,0,0,122.28
1784842311052,0,98,57,683.76
1784842311052,1,0,0,122.26
1784842311186,0,98,57,683.26
1784842311186,1,0,0,122.27
1784842311321,0,98,57,688.20
1784842311321,1,0,0,122.26
1784842311457,0,98,57,687.91
1784842311457,1,0,0,122.25
1784842311593,0,95,51,688.97
1784842311593,1,0,0,122.26
1784842311725,0,93,48,684.71
1784842311725,1,0,0,122.24
1784842311862,0,93,48,682.35
1784842311862,1,0,0,122.24
1784842311997,0,98,58,679.73
1784842311997,1,0,0,122.24
1784842312132,0,98,58,676.30
1784842312132,1,0,0,122.22
1784842312270,0,98,58,672.04
1784842312270,1,0,0,122.22
1784842312406,0,98,58,670.51
1784842312406,1,0,0,122.20
1784842312542,0,94,52,676.45
1784842312542,1,0,0,122.17
1784842312677,0,94,52,673.46
1784842312677,1,0,0,122.17
1784842312814,0,98,54,683.55
1784842312814,1,0,0,122.16
1784842312949,0,98,60,683.82
1784842312949,1,0,0,122.17
1784842313083,0,98,60,685.93
1784842313083,1,0,0,122.15
1784842313219,0,98,60,687.47
1784842313219,1,0,0,122.13
1784842313355,0,98,61,686.41
1784842313355,1,0,0,122.15
1784842313490,0,98,61,686.23
1784842313490,1,0,0,122.16
1784842313625,0,95,51,684.16
1784842313625,1,0,0,122.13
1784842313760,0,98,53,681.44
1784842313760,1,0,0,122.13
1784842313895,0,98,53,686.99
1784842313895,1,0,0,122.12
1784842314029,0,98,58,686.68
1784842314029,1,0,0,122.12
1784842314163,0,98,58,686.56
1784842314163,1,0,0,122.10
1784842314298,0,98,58,686.75
1784842314298,1,0,0,122.09
1784842314432,0,92,54,690.78
1784842314432,1,0,0,122.07
1784842314567,0,95,53,687.48
1784842314567,1,0,0,122.06
1784842314704,0,95,53,688.50
1784842314704,1,0,0,122.06
1784842314839,0,98,54,690.63
1784842314839,1,0,0,122.05
1784842314976,0,98,59,693.90
1784842314976,1,0,0,122.01
1784842315113,0,98,59,693.06
1784842315113,1,0,0,121.99
1784842315247,0,98,59,691.81
1784842315247,1,0,0,122.02
1784842315384,0,91,55,692.60
1784842315384,1,0,0,122.00
1784842315519,0,91,55,687.89
1784842315519,1,0,0,122.00
1784842315654,0,95,51,688.31
1784842315654,1,0,0,122.01
1784842315791,0,98,54,690.47
1784842315791,1,0,0,122.00
1784842315927,0,98,58,692.80
1784842315927,1,0,0,122.02
1784842316063,0,98,58,691.05
1784842316063,1,0,0,122.01
1784842316199,0,98,58,692.04
1784842316199,1,0,0,121.99
1784842316336,0,91,53,692.00
1784842316336,1,0,0,122.00
1784842316472,0,91,53,693.37
1784842316472,1,0,0,121.98
1784842316607,0,95,52,690.74
1784842316607,1,0,0,121.99
1784842316743,0,98,55,687.62
1784842316743,1,0,0,122.00
1784842316879,0,98,55,686.70
1784842316879,1,0,0,121.86
1784842317016,0,98,59,682.59
1784842317016,1,0,0,121.82
1784842317150,0,98,59,681.41
1784842317150,1,0,0,121.68
1784842317288,0,98,59,684.61
1784842317288,1,0,0,121.62
1784842317424,0,91,56,694.06
1784842317424,1,0,0,121.55
1784842317560,0,95,51,693.12
1784842317560,1,0,0,121.42
1784842317698,0,95,51,693.01
1784842317698,1,0,0,121.37
1784842317834,0,98,54,692.08
1784842317834,1,0,0,121.33
1784842317969,0,98,57,696.87
1784842317969,1,0,0,121.32
1784842318106,0,98,57,695.11
1784842318106,1,0,0,121.31
1784842318242,0,98,58,694.61
1784842318242,1,0,0,121.30
1784842318378,0,91,54,692.12
1784842318378,1,0,0,121.29
1784842318515,0,91,54,686.88
1784842318515,1,0,0,121.29
1784842318650,0,95,52,687.27
1784842318650,1,0,0,121.25
1784842318786,0,98,54,689.08
1784842318786,1,0,0,121.27
1784842318921,0,98,59,687.11
1784842318921,1,0,0,121.25
1784842319058,0,98,59,686.60
1784842319058,1,0,0,121.21
1784842319193,0,98,57,689.33
1784842319193,1,0,0,121.23
1784842319329,0,93,56,686.85
1784842319329,1,0,0,121.22
1784842319465,0,93,56,658.41
1784842319465,1,0,0,121.21
1784842319600,0,0,0,603.44
1784842319600,1,0,0,121.22
1784842319735,0,0,0,503.52
1784842319735,1,0,0,121.20
1784842319869,0,0,0,477.65
1784842319869,1,0,0,121.21
1784842320005,0,94,52,477.50
1784842320005,1,0,0,121.22
1784842320140,0,98,54,468.96
1784842320140,1,0,0,121.21
1784842320278,0,98,54,473.32
1784842320278,1,0,0,121.21
1784842320415,0,98,58,472.61
1784842320415,1,0,0,121.21
1784842320551,0,98,59,559.64
1784842320551,1,0,0,121.36
1784842320687,0,98,59,603.98
1784842320687,1,0,0,121.41
1784842320821,0,96,59,692.03
1784842320821,1,0,0,121.47
1784842320956,0,95,52,687.42
1784842320956,1,0,0,121.59
1784842321090,0,95,52,679.75
1784842321090,1,0,0,121.63
1784842321225,0,99,53,679.35
1784842321225,1,0,0,121.71
1784842321360,0,98,59,679.69
1784842321360,1,0,0,121.83
1784842321494,0,98,59,678.87
1784842321494,1,0,0,121.81
1784842321629,0,98,59,680.47
1784842321629,1,0,0,121.78
1784842321765,0,98,60,682.44
1784842321765,1,0,0,121.74
1784842321901,0,98,60,683.83
1784842321901,1,0,0,121.76
1784842322035,0,95,53,677.85
1784842322035,1,0,0,121.78
1784842322170,0,99,53,679.80
1784842322170,1,0,0,121.73
1784842322305,0,99,53,675.38
1784842322305,1,0,0,121.75
1784842322441,0,98,60,669.99
1784842322441,1,0,0,121.77
1784842322576,0,98,60,665.86
1784842322576,1,0,0,121.73
1784842322712,0,98,60,663.26
1784842322712,1,0,0,121.76
1784842322848,0,96,60,665.82
1784842322848,1,0,0,121.76
1784842322984,0,95,52,667.94
1784842322984,1,0,0,121.74
1784842323126,0,98,55,690.02
1784842323126,1,0,0,121.75
1784842323263,0,98,55,689.47
1784842323263,1,0,0,121.72
1784842323399,0,98,58,691.30
1784842323399,1,0,0,121.71
1784842323536,0,98,55,688.69
1784842323536,1,0,0,121.73
1784842323671,0,98,55,688.22
1784842323671,1,0,0,121.72
1784842323807,0,98,54,681.91
1784842323807,1,0,0,121.74
1784842323943,0,94,52,677.36
1784842323943,1,0,0,121.72
1784842324081,0,94,52,678.91
1784842324081,1,0,0,121.71
1784842324216,0,99,52,679.17
1784842324216,1,0,0,121.72
1784842324352,0,98,59,682.65
1784842324352,1,0,0,121.73
1784842324488,0,98,59,684.09
1784842324488,1,0,0,121.72
1784842324623,0,98,57,691.23
1784842324623,1,0,0,121.72
1784842324760,0,98,56,698.86
1784842324760,1,0,0,121.71
1784842324895,0,98,56,697.67
1784842324895,1,0,0,121.71
1784842325031,0,94,52,698.43
1784842325031,1,0,0,121.71
1784842325167,0,93,52,700.08
1784842325167,1,0,0,121.70
1784842325303,0,93,52,699.54
1784842325303,1,0,0,121.69
1784842325439,0,98,58,696.72
1784842325439,1,0,0,121.67
1784842325575,0,98,56,696.03
1784842325575,1,0,0,121.67
1784842325710,0,98,56,692.86
1784842325710,1,0,0,121.67
1784842325846,0,98,55,685.97
1784842325846,1,0,0,121.65
1784842325981,0,94,50,688.49
1784842325981,1,0,0,121.66
1784842326117,0,94,50,689.73
1784842326117,1,0,0,121.66
1784842326251,0,93,45,673.74
1784842326251,1,0,0,121.68
1784842326388,0,98,57,678.82
1784842326388,1,0,0,121.67
1784842326525,0,98,58,679.39
1784842326525,1,0,0,121.65
1784842326662,0,98,58,685.62
1784842326662,1,0,0,121.63
1784842326798,0,98,56,687.96
1784842326798,1,0,0,121.63
1784842326935,0,94,52,691.36
1784842326935,1,0,0,121.63
1784842327071,0,94,52,693.72
1784842327071,1,0,0,121.62
1784842327205,0,93,46,697.41
1784842327205,1,0,0,121.59
1784842327343,0,98,57,697.07
1784842327343,1,0,0,121.59
1784842327478,0,98,57,699.62
1784842327478,1,0,0,121.59
1784842327614,0,98,56,700.32
1784842327614,1,0,0,121.59
1784842327750,0,98,57,700.89
1784842327750,1,0,0,121.62
1784842327885,0,98,57,699.57
1784842327885,1,0,0,121.59
1784842328020,0,95,52,700.99
1784842328020,1,0,0,121.58
1784842328155,0,92,45,690.19
1784842328155,1,0,0,121.58
1784842328293,0,92,45,685.25
1784842328293,1,0,0,121.58
1784842328429,0,98,59,687.41
1784842328429,1,0,0,121.57
1784842328566,0,98,59,685.59
1784842328566,1,0,0,121.57
1784842328701,0,98,59,685.86
1784842328701,1,0,0,121.56
1784842328837,0,98,58,692.32
1784842328837,1,0,0,121.57
1784842328972,0,94,52,692.90
1784842328972,1,0,0,121.59
1784842329108,0,94,52,691.83
1784842329108,1,0,0,121.59
1784842329244,0,92,43,690.78
1784842329244,1,0,0,121.59
1784842329380,0,98,58,685.80
1784842329380,1,0,0,121.60
1784842329524,0,98,58,684.80
1784842329524,1,0,0,121.59
1784842329659,0,98,58,686.86
1784842329659,1,0,0,121.59
1784842329793,0,98,58,685.44
1784842329793,1,0,0,121.61
1784842329929,0,94,52,682.06
1784842329929,1,0,0,121.62
1784842330065,0,94,52,684.06
1784842330065,1,0,0,121.59
1784842330199,0,91,45,693.93
1784842330199,1,0,0,121.59
1784842330336,0,98,58,690.14
1784842330336,1,0,0,121.59
1784842330471,0,98,58,688.22
1784842330471,1,0,0,121.60
1784842330607,0,98,59,687.72
1784842330607,1,0,0,121.58
1784842330743,0,98,59,688.67
1784842330743,1,0,0,121.59
1784842330878,0,98,59,689.88
1784842330878,1,0,0,121.60
1784842331015,0,94,52,688.24
1784842331015,1,0,0,121.60
1784842331150,0,92,45,679.74
1784842331150,1,0,0,121.61
1784842331285,0,92,45,677.50
1784842331285,1,0,0,121.60
1784842331422,0,98,60,674.10
1784842331422,1,0,0,121.62
1784842331558,0,98,60,669.65
1784842331558,1,0,0,121.63
1784842331694,0,98,60,672.23
1784842331694,1,0,0,121.62
1784842331829,0,98,60,665.67
1784842331829,1,0,0,121.66
1784842331965,0,94,52,663.91
1784842331965,1,0,0,121.62
1784842332099,0,94,52,669.29
1784842332099,1,0,0,121.60
1784842332236,0,92,47,687.66
1784842332236,1,0,0,121.62
1784842332373,0,98,57,692.78
1784842332373,1,0,0,121.59
1784842332509,0,98,57,691.78
1784842332509,1,0,0,121.58
1784842332645,0,98,58,692.27
1784842332645,1,0,0,121.59
1784842332781,0,98,56,690.12
1784842332781,1,0,0,121.53
1784842332917,0,98,56,684.17
1784842332917,1,0,0,121.54
1784842333053,0,91,51,679.62
1784842333053,1,0,0,121.53
1784842333190,0,91,47,680.08
1784842333190,1,0,0,121.51
1784842333326,0,91,47,679.34
1784842333326,1,0,0,121.52
1784842333462,0,98,58,680.13
1784842333462,1,0,0,121.48
1784842333597,0,98,57,683.04
1784842333597,1,0,0,121.49
1784842333733,0,98,58,687.38
1784842333733,1,0,0,121.47
1784842333867,0,98,58,689.44
1784842333867,1,0,0,121.46
1784842334003,0,90,50,685.96
1784842334003,1,0,0,121.48
1784842334138,0,91,48,690.64
1784842334138,1,0,0,121.46
1784842334272,0,91,48,687.68
1784842334272,1,0,0,121.47
1784842334407,0,98,57,689.27
1784842334407,1,0,0,121.47
1784842334542,0,98,58,688.37
1784842334542,1,0,0,121.47
1784842334678,0,98,58,687.68
1784842334678,1,0,0,121.50
1784842334815,0,98,57,688.26
1784842334815,1,0,0,121.48
1784842334951,0,89,51,689.18
1784842334951,1,0,0,121.47
1784842335087,0,89,51,684.86
1784842335087,1,0,0,121.47
1784842335223,0,90,49,687.13
1784842335223,1,0,0,121.45
1784842335359,0,98,58,684.66
1784842335359,1,0,0,121.46
1784842335494,0,98,58,683.41
1784842335494,1,0,0,121.46
1784842335630,0,98,58,681.81
1784842335630,1,0,0,121.45
1784842335764,0,98,58,686.40
1784842335764,1,0,0,121.44
1784842335899,0,98,58,691.58
1784842335899,1,0,0,121.42
1784842336035,0,89,52,689.90
1784842336035,1,0,0,121.44
1784842336170,0,95,50,685.80
1784842336170,1,0,0,121.44
1784842336306,0,95,50,686.26
1784842336306,1,0,0,121.43
1784842336441,0,98,59,678.10
1784842336441,1,0,0,121.46
1784842336577,0,98,60,680.33
1784842336577,1,0,0,121.46
1784842336713,0,98,60,677.35
1784842336713,1,0,0,121.45
1784842336848,0,98,59,674.55
1784842336848,1,0,0,121.48
1784842336984,0,89,52,681.74
1784842336984,1,0,0,121.48
1784842337119,0,89,52,680.68
1784842337119,1,0,0,121.50
1784842337253,0,95,49,678.37
1784842337253,1,0,0,121.50
1784842337389,0,98,57,683.49
1784842337389,1,0,0,121.51
1784842337524,0,98,57,688.13
1784842337524,1,0,0,121.50
1784842337657,0,98,56,687.34
1784842337657,1,0,0,121.49
1784842337793,0,98,57,686.14
1784842337793,1,0,0,121.47
1784842337929,0,98,57,679.42
1784842337929,1,0,0,121.48
1784842338064,0,87,50,676.00
1784842338064,1,0,0,121.49
1784842338198,0,95,50,676.14
1784842338198,1,0,0,121.49
1784842338333,0,98,58,680.54
1784842338333,1,0,0,121.47
1784842338469,0,98,58,679.49
1784842338469,1,0,0,121.50
1784842338603,0,98,58,677.89
1784842338603,1,0,0,121.52
1784842338741,0,98,58,682.22
1784842338741,1,0,0,121.51
1784842338876,0,98,58,685.68
1784842338876,1,0,0,121.51
1784842339017,0,99,79,672.36
1784842339017,1,0,0,121.51
1784842339155,0,58,23,588.97
1784842339155,1,56,35,140.88
1784842339291,0,58,23,542.25
1784842339291,1,56,35,143.37
1784842339425,0,0,0,484.24
1784842339425,1,0,0,142.90
1784842339560,0,0,0,372.27
1784842339560,1,0,0,142.79
1784842339694,0,0,0,323.54
1784842339694,1,0,0,142.98
1784842339828,0,0,0,266.84
1784842339828,1,0,0,142.93
1784842339964,0,84,13,176.91
1784842339964,1,67,37,177.27
1784842340101,0,84,13,162.02
1784842340101,1,67,37,217.38
1784842340247,0,0,0,145.26
1784842340247,1,55,32,226.60
1784842340383,0,0,0,144.64
1784842340383,1,100,48,338.90
1784842340521,0,0,0,144.15
1784842340521,1,100,48,382.57
1784842340658,0,0,0,143.38
1784842340658,1,100,51,493.62
1784842340795,0,0,0,143.06
1784842340795,1,97,52,556.16
1784842340932,0,0,0,139.86
1784842340932,1,97,52,615.67
1784842341068,0,0,0,139.65
1784842341068,1,100,49,655.34
1784842341204,0,0,0,139.50
1784842341204,1,100,62,676.48
1784842341340,0,0,0,139.14
1784842341340,1,100,62,681.78
1784842341477,0,0,0,139.02
1784842341477,1,100,50,676.45
1784842341615,0,0,0,138.85
1784842341615,1,86,51,671.00
1784842341752,0,0,0,138.60
1784842341752,1,86,51,670.05
1784842341889,0,0,0,138.49
1784842341889,1,88,53,657.15
1784842342025,0,0,0,138.40
1784842342025,1,92,58,646.26
1784842342164,0,0,0,138.19
1784842342164,1,87,50,653.88
1784842342301,0,0,0,138.08
1784842342301,1,87,50,645.38
1784842342442,0,0,0,137.85
1784842342442,1,97,60,639.13
1784842342580,0,0,0,137.71
1784842342580,1,91,56,633.50
1784842342716,0,0,0,137.56
1784842342716,1,91,56,629.67
1784842342854,0,0,0,137.23
1784842342854,1,100,65,607.39
1784842342992,0,0,0,137.05
1784842342992,1,95,57,605.36
1784842343129,0,0,0,136.88
1784842343129,1,95,57,595.29
1784842343267,0,0,0,136.61
1784842343267,1,86,49,581.85
1784842343404,0,0,0,136.42
1784842343404,1,100,66,566.58
1784842343541,0,0,0,136.16
1784842343541,1,100,66,557.73
1784842343678,0,0,0,136.10
1784842343678,1,97,62,538.29
1784842343814,0,0,0,136.04
1784842343814,1,97,57,546.12
1784842343953,0,0,0,135.88
1784842343953,1,97,57,552.05
1784842344089,0,0,0,135.80
1784842344089,1,90,45,561.25
1784842344227,0,0,0,135.74
1784842344227,1,92,55,558.16
1784842344364,0,0,0,135.61
1784842344364,1,94,60,551.95
1784842344502,0,0,0,135.57
1784842344502,1,94,60,574.84
1784842344638,0,0,0,135.47
1784842344638,1,100,51,590.31
1784842344784,0,0,0,135.42
1784842344784,1,94,54,594.07
1784842344933,0,0,0,135.33
1784842344933,1,94,54,586.95
1784842345071,0,0,0,135.26
1784842345071,1,76,42,595.98
1784842345209,0,0,0,135.22
1784842345209,1,94,57,602.30
1784842345345,0,0,0,135.14
1784842345345,1,94,57,610.64
1784842345482,0,0,0,135.09
1784842345482,1,96,57,632.64
1784842345619,0,0,0,135.05
1784842345619,1,96,53,628.59
1784842345758,0,0,0,134.94
1784842345758,1,96,54,636.39
1784842345895,0,0,0,134.90
1784842345895,1,96,54,639.89
1784842346032,0,0,0,134.82
1784842346032,1,98,55,635.84
1784842346170,0,0,0,134.78
1784842346170,1,90,56,625.94
1784842346305,0,0,0,134.74
1784842346305,1,90,56,633.19
1784842346442,0,0,0,134.64
1784842346442,1,96,58,626.93
1784842346578,0,0,0,134.60
1784842346578,1,98,63,614.23
1784842346715,0,0,0,134.55
1784842346715,1,98,63,611.69
1784842346851,0,0,0,134.47
1784842346851,1,87,54,595.83
1784842346987,0,0,0,134.43
1784842346987,1,98,61,574.90
1784842347124,0,0,0,134.37
1784842347124,1,98,61,577.79
1784842347259,0,0,0,134.28
1784842347259,1,94,57,576.36
1784842347397,0,0,0,134.24
1784842347397,1,100,62,573.61
1784842347533,0,0,0,134.14
1784842347533,1,100,62,566.19
1784842347669,0,0,0,134.11
1784842347669,1,95,58,572.72
1784842347807,0,0,0,134.09
1784842347807,1,99,64,567.26
1784842347944,0,0,0,134.03
1784842347944,1,99,64,570.77
1784842348081,0,0,0,134.02
1784842348081,1,99,52,584.35
1784842348218,0,0,0,133.99
1784842348218,1,99,61,578.32
1784842348357,0,0,0,133.97
1784842348357,1,99,61,558.14
1784842348495,0,0,0,133.94
1784842348495,1,100,66,545.94
1784842348631,0,0,0,133.92
1784842348631,1,100,64,547.66
1784842348773,0,0,0,133.88
1784842348773,1,94,54,536.52
1784842348910,0,0,0,133.85
1784842348910,1,94,54,529.75
1784842349047,0,0,0,133.81
1784842349047,1,99,62,509.22
1784842349186,0,0,0,133.79
1784842349186,1,99,68,503.40
1784842349322,0,0,0,133.79
1784842349322,1,99,68,499.95
1784842349458,0,0,0,133.75
1784842349458,1,99,67,518.61
1784842349594,0,0,0,133.75
1784842349594,1,99,62,518.19
1784842349730,0,0,0,133.71
1784842349730,1,99,62,527.61
1784842349868,0,0,0,133.67
1784842349868,1,100,56,544.91
1784842350005,0,0,0,133.68
1784842350005,1,100,65,540.28
1784842350141,0,0,0,133.64
1784842350141,1,100,65,521.19
1784842350278,0,0,0,133.61
1784842350278,1,100,66,521.53
1784842350414,0,0,0,133.60
1784842350414,1,100,64,523.71
1784842350552,0,0,0,133.58
1784842350552,1,100,64,512.77
1784842350688,0,0,0,133.55
1784842350688,1,96,58,509.15
1784842350824,0,0,0,133.57
1784842350824,1,96,50,511.20
1784842350962,0,0,0,133.51
1784842350962,1,99,62,520.30
1784842351099,0,0,0,133.51
1784842351099,1,99,62,533.10
1784842351236,0,0,0,133.50
1784842351236,1,88,50,542.18
1784842351377,0,0,0,133.49
1784842351377,1,94,57,565.21
1784842351514,0,0,0,133.49
1784842351514,1,94,57,582.05
1784842351651,0,0,0,133.48
1784842351651,1,96,48,603.28
1784842351787,0,0,0,133.46
1784842351787,1,97,57,591.96
1784842351924,0,0,0,133.45
1784842351924,1,97,57,597.80
1784842352063,0,0,0,133.44
1784842352063,1,98,64,589.70
1784842352199,0,0,0,133.43
1784842352199,1,93,56,589.53
1784842352363,0,0,0,133.44
1784842352363,1,98,62,578.23
1784842352500,0,0,0,133.42
1784842352500,1,98,62,558.07
1784842352636,0,0,0,133.41
1784842352636,1,98,60,543.87
1784842352773,0,0,0,133.41
1784842352773,1,100,68,524.15
1784842352911,0,0,0,133.39
1784842352911,1,100,68,529.41
1784842353050,0,0,0,133.37
1784842353050,1,97,59,533.48
1784842353192,0,0,0,133.36
1784842353192,1,91,55,544.06
1784842353328,0,0,0,133.34
1784842353328,1,91,55,569.29
1784842353464,0,0,0,133.29
1784842353464,1,96,55,590.48
1784842353601,0,0,0,133.28
1784842353601,1,98,54,607.21
1784842353738,0,0,0,133.26
1784842353738,1,98,54,604.61
1784842353875,0,0,0,133.25
1784842353875,1,97,63,610.01
1784842354011,0,0,0,133.26
1784842354011,1,96,61,611.99
1784842354146,0,0,0,133.22
1784842354146,1,96,61,614.08
1784842354282,0,0,0,133.24
1784842354282,1,98,65,595.06
1784842354418,0,0,0,133.22
1784842354418,1,94,58,590.64
1784842354554,0,0,0,133.19
1784842354554,1,94,58,590.32
1784842354691,0,0,0,133.18
1784842354691,1,96,59,578.07
1784842354829,0,0,0,133.18
1784842354829,1,95,57,583.94
1784842354966,0,0,0,133.17
1784842354966,1,100,69,548.99
1784842355103,0,0,0,133.15
1784842355103,1,100,69,538.13
1784842355240,0,0,0,133.12
1784842355240,1,99,63,537.03
1784842355378,0,0,0,133.15
1784842355378,1,100,55,546.08
1784842355515,0,0,0,133.15
1784842355515,1,100,55,546.20
1784842355652,0,0,0,133.13
1784842355652,1,97,65,536.06
1784842355789,0,0,0,133.12
1784842355789,1,96,58,529.11
1784842355926,0,0,0,133.11
1784842355926,1,96,58,555.03
1784842356063,0,0,0,133.09
1784842356063,1,97,55,573.46
1784842356201,0,0,0,133.09
1784842356201,1,89,56,585.41
1784842356337,0,0,0,133.07
1784842356337,1,89,56,600.40
1784842356474,0,0,0,133.06
1784842356474,1,100,68,572.94
1784842356610,0,0,0,133.05
1784842356610,1,98,55,591.66
1784842356746,0,0,0,133.05
1784842356746,1,98,55,607.62
1784842356887,0,0,0,133.05
1784842356887,1,100,62,598.15
1784842357023,0,0,0,133.06
1784842357023,1,97,58,599.58
1784842357159,0,0,0,133.08
1784842357159,1,97,58,602.32
1784842357296,0,0,0,133.07
1784842357296,1,95,55,598.59
1784842357433,0,0,0,133.08
1784842357433,1,100,63,604.11
1784842357570,0,0,0,133.07
1784842357570,1,100,52,608.05
1784842357706,0,0,0,133.08
1784842357706,1,100,52,595.92
1784842357842,0,0,0,133.05
1784842357842,1,98,65,595.53
1784842357979,0,0,0,133.02
1784842357979,1,97,61,579.18
1784842358116,0,0,0,133.02
1784842358116,1,97,61,572.36
1784842358252,0,0,0,133.02
1784842358252,1,100,67,563.75
1784842358389,0,0,0,133.01
1784842358389,1,98,65,540.72
1784842358526,0,0,0,132.99
1784842358526,1,98,65,557.99
1784842358663,0,0,0,133.00
1784842358663,1,97,58,541.57
1784842358801,0,0,0,132.99
1784842358801,1,93,50,555.00
1784842358936,0,0,0,132.97
1784842358936,1,93,50,568.68
1784842359073,0,0,0,132.98
1784842359073,1,99,61,585.68
1784842359211,0,0,0,132.94
1784842359211,1,100,58,599.28
1784842359348,0,0,0,132.93
1784842359348,1,100,58,600.20
1784842359483,0,0,0,132.90
1784842359483,1,100,69,582.92
1784842359619,0,0,0,132.88
1784842359619,1,99,63,585.67
1784842359754,0,0,0,132.85
1784842359754,1,99,63,589.36
1784842359890,0,0,0,132.86
1784842359890,1,98,59,584.13
1784842360028,0,0,0,132.85
1784842360028,1,99,62,586.20
1784842360166,0,0,0,132.85
1784842360166,1,100,66,550.42
1784842360301,0,0,0,132.88
1784842360301,1,100,66,553.06
1784842360438,0,0,0,132.86
1784842360438,1,100,65,554.64
1784842360576,0,0,0,132.87
1784842360576,1,96,62,542.65
1784842360712,0,0,0,132.87
1784842360712,1,96,62,540.53
1784842360848,0,0,0,132.85
1784842360848,1,92,55,530.02
1784842360984,0,0,0,132.84
1784842360984,1,96,57,520.94
1784842361123,0,0,0,132.81
1784842361123,1,96,57,523.58
1784842361260,0,0,0,132.79
1784842361260,1,95,58,527.68
1784842361398,0,0,0,132.75
1784842361398,1,100,65,533.33
1784842361535,0,0,0,132.75
1784842361535,1,100,65,537.02
1784842361672,0,0,0,132.73
1784842361672,1,100,65,525.79
1784842361809,0,0,0,132.71
1784842361809,1,91,54,524.96
1784842361946,0,0,0,132.69
1784842361946,1,91,54,519.98
1784842362083,0,0,0,132.69
1784842362083,1,97,60,511.42
1784842362220,0,0,0,132.69
1784842362220,1,96,63,503.28
1784842362357,0,0,0,132.68
1784842362357,1,96,63,485.87
1784842362493,0,0,0,132.68
1784842362493,1,98,64,478.96
1784842362630,0,0,0,132.69
1784842362630,1,100,68,482.02
1784842362768,0,0,0,132.68
1784842362768,1,96,64,469.68
1784842362905,0,0,0,132.69
1784842362905,1,96,64,468.66
1784842363041,0,0,0,132.68
1784842363041,1,100,69,460.32
1784842363176,0,0,0,132.69
1784842363176,1,98,64,455.82
1784842363313,0,0,0,132.67
1784842363313,1,98,64,455.69
1784842363450,0,0,0,132.63
1784842363450,1,100,68,450.93
1784842363587,0,0,0,132.60
1784842363587,1,100,68,442.81
1784842363724,0,0,0,132.59
1784842363724,1,100,68,440.60
1784842363861,0,0,0,132.57
1784842363861,1,100,68,435.25
1784842363996,0,0,0,132.55
1784842363996,1,93,61,433.51
1784842364134,0,0,0,132.56
1784842364134,1,93,61,427.70
1784842364270,0,0,0,132.54
1784842364270,1,100,67,417.02
1784842364405,0,0,0,132.56
1784842364405,1,98,62,421.58
1784842364542,0,0,0,132.57
1784842364542,1,98,62,418.55
1784842364678,0,0,0,132.58
1784842364678,1,100,67,411.95
1784842364814,0,0,0,132.56
1784842364814,1,100,67,409.69
1784842364952,0,0,0,132.53
1784842364952,1,100,67,410.44
1784842365090,0,0,0,132.51
1784842365090,1,94,61,405.35
1784842365225,0,0,0,132.50
1784842365225,1,100,67,403.45
1784842365361,0,0,0,132.51
1784842365361,1,100,67,402.83
1784842365497,0,0,0,132.49
1784842365497,1,100,67,397.27
1784842365634,0,0,0,132.49
1784842365634,1,100,67,397.76
1784842365770,0,0,0,132.51
1784842365770,1,100,67,395.76
1784842365906,0,0,0,132.52
1784842365906,1,100,67,392.94
1784842366043,0,0,0,132.56
1784842366043,1,100,67,390.52
1784842366179,0,0,0,132.54
1784842366179,1,100,67,390.81
1784842366315,0,0,0,132.54
1784842366315,1,100,67,389.66
1784842366450,0,0,0,132.52
1784842366450,1,100,67,388.97
1784842366585,0,0,0,132.53
1784842366585,1,100,67,388.42
1784842366721,0,0,0,132.52
1784842366721,1,100,67,388.53
1784842366858,0,0,0,132.50
1784842366858,1,100,67,388.04
1784842366994,0,0,0,132.48
1784842366994,1,100,67,388.13
1784842367131,0,0,0,132.47
1784842367131,1,100,67,387.60
1784842367266,0,0,0,132.48
1784842367266,1,100,67,387.74
1784842367402,0,0,0,132.49
1784842367402,1,100,67,387.66
1784842367537,0,0,0,132.47
1784842367537,1,100,67,388.01
1784842367672,0,0,0,132.45
1784842367672,1,100,67,387.79
1784842367808,0,0,0,132.43
1784842367808,1,100,67,387.87
1784842367944,0,0,0,132.43
1784842367944,1,100,67,387.89
1784842368078,0,0,0,132.42
1784842368078,1,100,67,387.89
1784842368215,0,0,0,132.40
1784842368215,1,100,67,387.69
1784842368350,0,0,0,132.37
1784842368350,1,100,67,387.62
1784842368487,0,0,0,132.38
1784842368487,1,100,67,386.15
1784842368623,0,0,0,132.38
1784842368623,1,100,67,385.45
1784842368759,0,0,0,132.42
1784842368759,1,100,67,385.04
1784842368895,0,0,0,132.40
1784842368895,1,100,67,384.41
1784842369032,0,0,0,132.39
1784842369032,1,100,67,383.69
1784842369167,0,0,0,132.38
1784842369167,1,100,67,383.62
1784842369302,0,0,0,132.36
1784842369302,1,100,67,382.19
1784842369437,0,0,0,132.36
1784842369437,1,100,67,381.94
1784842369572,0,0,0,132.34
1784842369572,1,100,67,382.40
1784842369708,0,0,0,132.32
1784842369708,1,100,67,383.09
1784842369846,0,0,0,132.34
1784842369846,1,100,67,382.90
1784842369982,0,0,0,132.35
1784842369982,1,100,67,382.54
1784842370118,0,0,0,132.35
1784842370118,1,100,67,381.24
1784842370254,0,0,0,132.35
1784842370254,1,100,67,382.95
1784842370389,0,0,0,132.36
1784842370389,1,100,67,382.08
1784842370526,0,0,0,132.37
1784842370526,1,100,67,383.39
1784842370661,0,0,0,132.39
1784842370661,1,100,67,383.00
1784842370798,0,0,0,132.38
1784842370798,1,100,67,383.16
1784842370934,0,0,0,132.37
1784842370934,1,100,67,383.35
1784842371069,0,0,0,132.35
1784842371069,1,100,67,384.47
1784842371206,0,0,0,132.35
1784842371206,1,100,67,383.52
1784842371341,0,0,0,132.33
1784842371341,1,100,67,384.64
1784842371476,0,0,0,132.34
1784842371476,1,100,67,384.59
1784842371610,0,0,0,132.35
1784842371610,1,100,67,384.13
1784842371746,0,0,0,132.35
1784842371746,1,100,67,384.63
1784842371883,0,0,0,132.36
1784842371883,1,100,66,382.37
1784842372020,0,0,0,132.38
1784842372020,1,100,66,382.09
1784842372155,0,0,0,132.37
1784842372155,1,100,66,381.03
1784842372291,0,0,0,132.41
1784842372291,1,100,66,378.94
1784842372428,0,0,0,132.41
1784842372428,1,100,66,377.61
1784842372565,0,0,0,132.37
1784842372565,1,100,66,376.99
1784842372701,0,0,0,132.36
1784842372701,1,100,66,374.96
1784842372837,0,0,0,132.35
1784842372837,1,100,66,375.19
1784842372971,0,0,0,132.31
1784842372971,1,100,66,341.22
1784842373105,0,0,0,132.30
1784842373105,1,0,0,317.34
1784842373238,0,0,0,132.30
1784842373238,1,0,0,294.43
1784842373372,0,0,0,132.29
1784842373372,1,0,0,243.98
1784842373506,0,0,0,132.31
1784842373506,1,0,0,222.20
1784842373640,0,0,0,132.33
1784842373640,1,0,0,197.63
1784842373774,0,0,0,132.31
1784842373774,1,0,0,149.85
1784842373907,0,0,0,132.33
1784842373907,1,0,0,130.34
1784842374040,0,0,0,132.32
1784842374040,1,0,0,129.51
1784842374173,0,0,0,132.32
1784842374173,1,0,0,128.64
1784842374307,0,0,0,132.31
1784842374307,1,0,0,128.52
1784842374439,0,0,0,132.29
1784842374439,1,0,0,128.46
1784842374572,0,0,0,132.25
1784842374572,1,0,0,128.32
1784842374705,0,0,0,132.25
1784842374705,1,0,0,128.26
1784842374838,0,0,0,132.26
1784842374838,1,0,0,128.21
1784842374972,0,0,0,132.24
1784842374972,1,0,0,128.11
1784842375107,0,0,0,132.24
1784842375107,1,0,0,128.05
1784842375241,0,0,0,153.94
1784842375241,1,0,0,128.02
1784842375377,0,74,41,212.81
1784842375377,1,0,0,127.94
1784842375513,0,74,41,270.88
1784842375513,1,0,0,127.90
1784842375648,0,92,50,373.53
1784842375648,1,0,0,127.87
1784842375783,0,98,58,433.64
1784842375783,1,0,0,127.80
1784842375919,0,98,58,489.45
1784842375919,1,0,0,127.79
1784842376056,0,98,58,604.85
1784842376056,1,0,0,127.76
1784842376193,0,98,57,661.73
1784842376193,1,0,0,127.73
1784842376328,0,98,57,692.43
1784842376328,1,0,0,127.73
1784842376464,0,91,53,695.05
1784842376464,1,0,0,127.71
1784842376599,0,92,48,696.09
1784842376599,1,0,0,127.68
1784842376735,0,92,48,701.01
1784842376735,1,0,0,127.65
1784842376871,0,98,61,701.93
1784842376871,1,0,0,127.56
1784842377006,0,98,59,700.52
1784842377006,1,0,0,127.56
1784842377142,0,98,59,700.61
1784842377142,1,0,0,127.56
1784842377278,0,98,58,697.96
1784842377278,1,0,0,127.49
1784842377412,0,94,51,692.76
1784842377412,1,0,0,127.48
1784842377548,0,92,46,690.18
1784842377548,1,0,0,127.47
1784842377682,0,92,46,690.01
1784842377682,1,0,0,127.40
1784842377819,0,98,57,688.22
1784842377819,1,0,0,127.42
1784842377956,0,98,57,689.19
1784842377956,1,0,0,127.39
1784842378093,0,98,57,688.11
1784842378093,1,0,0,127.35
1784842378230,0,98,58,688.03
1784842378230,1,0,0,127.34
1784842378366,0,92,51,693.98
1784842378366,1,0,0,127.32
1784842378502,0,92,51,691.68
1784842378502,1,0,0,127.25
1784842378646,0,97,34,663.53
1784842378646,1,0,0,127.24
1784842378783,0,98,59,665.31
1784842378783,1,0,0,127.16
1784842378918,0,98,59,662.98
1784842378918,1,0,0,127.17
1784842379053,0,98,58,663.95
1784842379053,1,0,0,127.17
1784842379188,0,98,58,665.76
1784842379188,1,0,0,127.09
1784842379326,0,98,58,663.78
1784842379326,1,0,0,127.08
1784842379461,0,89,52,660.62
1784842379461,1,0,0,127.07
1784842379595,0,95,49,686.79
1784842379595,1,0,0,127.06
1784842379729,0,95,49,688.53
1784842379729,1,0,0,127.05
1784842379865,0,98,57,690.10
1784842379865,1,0,0,127.03
1784842379999,0,98,57,690.52
1784842379999,1,0,0,126.99
1784842380134,0,98,57,689.25
1784842380134,1,0,0,127.00
1784842380269,0,98,57,690.48
1784842380269,1,0,0,126.98
1784842380404,0,89,51,686.97
1784842380404,1,0,0,126.97
1784842380538,0,89,51,690.61
1784842380538,1,0,0,126.97
1784842380672,0,95,51,693.56
1784842380672,1,0,0,126.94
1784842380807,0,98,58,687.57
1784842380807,1,0,0,126.96
1784842380942,0,98,58,690.91
1784842380942,1,0,0,126.96
1784842381078,0,98,58,691.26
1784842381078,1,0,0,126.91
1784842381213,0,98,58,689.70
1784842381213,1,0,0,126.92
1784842381347,0,89,53,690.75
1784842381347,1,0,0,126.92
1784842381483,0,89,53,687.75
1784842381483,1,0,0,126.85
1784842381617,0,95,50,685.37
1784842381617,1,0,0,126.82
1784842381754,0,98,59,687.28
1784842381754,1,0,0,126.79
1784842381889,0,98,59,685.82
1784842381889,1,0,0,126.75
1784842382025,0,98,59,684.61
1784842382025,1,0,0,126.76
1784842382159,0,98,59,683.77
1784842382159,1,0,0,126.74
1784842382296,0,98,59,684.13
1784842382296,1,0,0,126.70
1784842382433,0,89,52,691.08
1784842382433,1,0,0,126.68
1784842382568,0,91,47,695.21
1784842382568,1,0,0,126.66
1784842382706,0,91,47,696.39
1784842382706,1,0,0,126.62
1784842382841,0,98,58,698.43
1784842382841,1,0,0,126.62
1784842382978,0,98,58,700.55
1784842382978,1,0,0,126.58
1784842383121,0,98,58,700.45
1784842383121,1,0,0,126.55
1784842383260,0,98,58,695.50
1784842383260,1,0,0,126.54
1784842383396,0,88,50,691.98
1784842383396,1,0,0,126.50
1784842383532,0,88,50,686.52
1784842383532,1,0,0,126.48
1784842383667,0,90,47,688.48
1784842383667,1,0,0,126.47
1784842383803,0,98,57,688.05
1784842383803,1,0,0,126.39
1784842383938,0,98,57,686.58
1784842383938,1,0,0,126.38
1784842384073,0,98,58,686.41
1784842384073,1,0,0,126.35
1784842384209,0,98,58,688.40
1784842384209,1,0,0,126.33
1784842384344,0,98,58,687.02
1784842384344,1,0,0,126.29
1784842384480,0,88,50,687.12
1784842384480,1,0,0,126.15
1784842384615,0,90,47,687.92
1784842384615,1,0,0,126.09
1784842384751,0,98,56,688.64
1784842384751,1,0,0,126.04
1784842384886,0,98,56,690.19
1784842384886,1,0,0,125.88
1784842385020,0,98,57,687.03
1784842385020,1,0,0,125.82
1784842385157,0,98,56,686.58
1784842385157,1,0,0,125.75
1784842385294,0,98,56,687.68
1784842385294,1,0,0,125.60
1784842385431,0,89,50,685.27
1784842385431,1,0,0,125.58
1784842385567,0,96,49,688.18
1784842385567,1,0,0,125.56
1784842385702,0,96,49,684.61
1784842385702,1,0,0,125.52
1784842385837,0,98,59,679.80
1784842385837,1,0,0,125.49
1784842385972,0,98,59,676.59
1784842385972,1,0,0,125.45
1784842386107,0,98,59,674.66
1784842386107,1,0,0,125.44
1784842386243,0,98,59,671.24
1784842386243,1,0,0,125.40
1784842386379,0,88,51,679.13
1784842386379,1,0,0,125.34
1784842386514,0,88,51,680.98
1784842386514,1,0,0,125.33
1784842386649,0,94,44,674.16
1784842386649,1,0,0,125.30
1784842386784,0,98,60,679.54
1784842386784,1,0,0,125.30
1784842386919,0,98,60,678.14
1784842386919,1,0,0,125.26
1784842387057,0,98,60,683.69
1784842387057,1,0,0,125.24
1784842387194,0,98,60,689.91
1784842387194,1,0,0,125.20
1784842387331,0,98,60,694.28
1784842387331,1,0,0,125.19
1784842387467,0,88,50,686.42
1784842387467,1,0,0,125.17
1784842387604,0,90,47,687.75
1784842387604,1,0,0,125.13
1784842387740,0,90,47,692.21
1784842387740,1,0,0,125.10
1784842387875,0,98,58,693.80
1784842387875,1,0,0,125.04
1784842388012,0,98,57,694.37
1784842388012,1,0,0,125.02
1784842388148,0,98,57,694.18
1784842388148,1,0,0,125.01
1784842388284,0,98,58,693.29
1784842388284,1,0,0,124.96
1784842388419,0,88,50,689.12
1784842388419,1,0,0,124.93
1784842388554,0,90,48,692.97
1784842388554,1,0,0,124.88
1784842388690,0,90,48,693.10
1784842388690,1,0,0,124.83
1784842388826,0,98,57,692.34
1784842388826,1,0,0,124.81
1784842388959,0,98,57,690.88
1784842388959,1,0,0,124.79
1784842389095,0,98,57,691.28
1784842389095,1,0,0,124.74
1784842389229,0,98,58,690.14
1784842389229,1,0,0,124.74
1784842389363,0,88,51,689.14
1784842389363,1,0,0,124.71
1784842389497,0,88,51,690.85
1784842389497,1,0,0,124.70
1784842389632,0,91,48,692.49
1784842389632,1,0,0,124.68
1784842389767,0,98,58,693.48
1784842389767,1,0,0,124.65
1784842389902,0,98,58,690.46
1784842389902,1,0,0,124.65
1784842390038,0,98,59,691.60
1784842390038,1,0,0,124.61
1784842390174,0,98,59,690.46
1784842390174,1,0,0,124.56
1784842390310,0,98,59,691.22
1784842390310,1,0,0,124.51
1784842390445,0,88,50,688.65
1784842390445,1,0,0,124.49
1784842390579,0,90,47,687.64
1784842390579,1,0,0,124.41
1784842390715,0,90,47,686.16
1784842390715,1,0,0,124.39
1784842390851,0,98,58,686.84
1784842390851,1,0,0,124.34
1784842390988,0,98,58,688.20
1784842390988,1,0,0,124.27
1784842391123,0,98,58,684.46
1784842391123,1,0,0,124.24
1784842391259,0,98,58,686.83
1784842391259,1,0,0,124.22
1784842391395,0,88,50,687.41
1784842391395,1,0,0,124.17
1784842391530,0,88,50,687.25
1784842391530,1,0,0,124.13
1784842391664,0,90,49,681.65
1784842391664,1,0,0,124.10
1784842391801,0,98,60,680.43
1784842391801,1,0,0,124.05
1784842391936,0,98,60,685.18
1784842391936,1,0,0,124.02
1784842392073,0,98,60,683.15
1784842392073,1,0,0,123.96
1784842392209,0,98,60,679.78
1784842392209,1,0,0,123.94
1784842392346,0,98,60,681.71
1784842392346,1,0,0,123.89
1784842392482,0,91,50,684.59
1784842392482,1,0,0,123.85
1784842392615,0,91,46,687.04
1784842392615,1,0,0,123.83
1784842392752,0,98,57,688.01
1784842392752,1,0,0,123.82
1784842392887,0,98,57,686.85
1784842392887,1,0,0,123.80
1784842393024,0,98,57,689.71
1784842393024,1,0,0,123.78
1784842393161,0,98,58,691.23
1784842393161,1,0,0,123.77
1784842393297,0,98,58,689.79
1784842393297,1,0,0,123.74
1784842393431,0,94,53,685.93
1784842393431,1,0,0,123.71
1784842393567,0,91,49,692.17
1784842393567,1,0,0,123.70
1784842393703,0,91,49,692.33
1784842393703,1,0,0,123.67
1784842393838,0,98,57,696.10
1784842393838,1,0,0,123.62
1784842393972,0,98,58,691.94
1784842393972,1,0,0,123.63
1784842394107,0,98,58,693.45
1784842394107,1,0,0,123.59
1784842394242,0,98,58,691.57
1784842394242,1,0,0,123.56
1784842394378,0,88,50,691.31
1784842394378,1,0,0,123.54
1784842394514,0,88,50,691.40
1784842394514,1,0,0,123.52
1784842394651,0,90,49,690.20
1784842394651,1,0,0,123.50
1784842394787,0,98,57,687.56
1784842394787,1,0,0,123.48
1784842394923,0,98,57,689.57
1784842394923,1,0,0,123.45
1784842395059,0,98,57,689.57
1784842395059,1,0,0,123.45
1784842395196,0,98,58,690.47
1784842395196,1,0,0,123.43
1784842395331,0,98,58,691.96
1784842395331,1,0,0,123.40
1784842395467,0,88,50,694.87
1784842395467,1,0,0,123.39
1784842395603,0,90,48,694.96
1784842395603,1,0,0,123.34
1784842395740,0,90,48,695.29
1784842395740,1,0,0,123.30
1784842395876,0,98,58,697.71
1784842395876,1,0,0,123.29
1784842396012,0,98,57,696.13
1784842396012,1,0,0,123.26
1784842396149,0,98,57,697.09
1784842396149,1,0,0,123.25
1784842396285,0,98,58,693.25
1784842396285,1,0,0,123.21
1784842396420,0,88,50,693.50
1784842396420,1,0,0,123.20
1784842396555,0,90,48,692.90
1784842396555,1,0,0,123.18
1784842396691,0,90,48,691.32
1784842396691,1,0,0,123.14
1784842396827,0,98,58,690.69
1784842396827,1,0,0,123.12
1784842396963,0,98,57,690.02
1784842396963,1,0,0,123.10
1784842397099,0,98,57,691.04
1784842397099,1,0,0,123.04
1784842397234,0,98,58,690.45
1784842397234,1,0,0,123.02
1784842397369,0,88,50,692.55
1784842397369,1,0,0,123.00
1784842397504,0,88,50,689.18
1784842397504,1,0,0,122.96
1784842397639,0,90,47,688.74
1784842397639,1,0,0,122.93
1784842397774,0,98,57,692.78
1784842397774,1,0,0,122.90
1784842397910,0,98,57,691.31
1784842397910,1,0,0,122.89
1784842398045,0,98,58,691.92
1784842398045,1,0,0,122.87
1784842398181,0,98,57,691.68
1784842398181,1,0,0,122.83
1784842398314,0,98,57,691.63
1784842398314,1,0,0,122.81
1784842398450,0,88,51,687.41
1784842398450,1,0,0,122.79
1784842398585,0,94,49,685.58
1784842398585,1,0,0,122.75
1784842398723,0,94,49,683.79
1784842398723,1,0,0,122.73
1784842398861,0,98,59,689.26
1784842398861,1,0,0,122.73
1784842398997,0,98,58,688.58
1784842398997,1,0,0,122.71
1784842399134,0,98,58,686.29
1784842399134,1,0,0,122.68
1784842399268,0,98,59,685.23
1784842399268,1,0,0,122.69
1784842399405,0,89,51,685.68
1784842399405,1,0,0,122.75
1784842399541,0,89,51,680.02
1784842399541,1,0,0,122.69
1784842399677,0,95,49,678.70
1784842399677,1,0,0,122.59
1784842399813,0,98,56,680.89
1784842399813,1,0,0,122.60
1784842399949,0,98,56,680.13
1784842399949,1,0,0,122.53
1784842400085,0,98,57,680.37
1784842400085,1,0,0,122.42
1784842400221,0,98,56,684.88
1784842400221,1,0,0,122.41
1784842400357,0,90,51,687.14
1784842400357,1,0,0,122.30
1784842400493,0,90,51,690.30
1784842400493,1,0,0,122.22
1784842400628,0,94,50,688.63
1784842400628,1,0,0,122.23
1784842400763,0,98,56,696.91
1784842400763,1,0,0,122.21
1784842400899,0,98,56,694.10
1784842400899,1,0,0,122.17
1784842401036,0,98,56,694.89
1784842401036,1,0,0,122.20
1784842401172,0,98,55,688.82
1784842401172,1,0,0,122.18
1784842401307,0,98,55,685.37
1784842401307,1,0,0,122.16
1784842401443,0,90,50,679.53
1784842401443,1,0,0,122.17
1784842401578,0,93,51,682.69
1784842401578,1,0,0,122.12
1784842401713,0,93,51,666.54
1784842401713,1,0,0,122.10
1784842401849,0,98,52,662.06
1784842401849,1,0,0,122.11
1784842401985,0,98,59,666.67
1784842401985,1,0,0,122.07
1784842402120,0,98,59,665.57
1784842402120,1,0,0,122.07
1784842402256,0,98,60,672.08
1784842402256,1,0,0,122.05
1784842402392,0,93,58,678.62
1784842402392,1,0,0,122.00
1784842402528,0,93,58,679.62
1784842402528,1,0,0,122.01
1784842402664,0,94,52,685.22
1784842402664,1,0,0,122.00
1784842402802,0,98,54,685.93
1784842402802,1,0,0,121.97
1784842402936,0,98,54,686.52
1784842402936,1,0,0,121.96
1784842403074,0,98,57,685.39
1784842403074,1,0,0,121.96
1784842403211,0,98,58,682.90
1784842403211,1,0,0,121.94
1784842403347,0,98,58,685.90
1784842403347,1,0,0,121.93
1784842403483,0,98,57,687.76
1784842403483,1,0,0,121.90
1784842403617,0,95,52,684.56
1784842403617,1,0,0,121.91
1784842403754,0,95,52,675.86
1784842403754,1,0,0,121.89
1784842403889,0,99,50,675.79
1784842403889,1,0,0,121.86
1784842404025,0,98,58,678.23
1784842404025,1,0,0,121.84
1784842404164,0,98,58,681.35
1784842404164,1,0,0,121.81
1784842404300,0,98,58,683.19
1784842404300,1,0,0,121.79
1784842404437,0,98,58,681.42
1784842404437,1,0,0,121.79
1784842404572,0,95,54,677.81
1784842404572,1,0,0,121.76
1784842404708,0,95,54,690.71
1784842404708,1,0,0,121.74
1784842404845,0,92,48,687.83
1784842404845,1,0,0,121.74
1784842404980,0,98,59,687.07
1784842404980,1,0,0,121.71
1784842405115,0,98,59,686.93
1784842405115,1,0,0,121.69
1784842405250,0,98,59,685.64
1784842405250,1,0,0,121.68
1784842405387,0,98,60,683.61
1784842405387,1,0,0,121.67
1784842405523,0,98,60,680.61
1784842405523,1,0,0,121.64
1784842405659,0,95,54,687.09
1784842405659,1,0,0,121.66
1784842405808,0,96,36,674.44
1784842405808,1,0,0,121.64
1784842405943,0,96,36,676.34
1784842405943,1,0,0,121.62
1784842406078,0,98,60,672.91
1784842406078,1,0,0,121.65
1784842406213,0,98,60,672.02
1784842406213,1,0,0,121.64
1784842406349,0,98,60,674.20
1784842406349,1,0,0,121.61
1784842406486,0,98,60,679.39
1784842406486,1,0,0,121.63
1784842406621,0,88,53,681.48
1784842406621,1,0,0,121.62
1784842406757,0,88,53,679.50
1784842406757,1,0,0,121.61
1784842406892,0,96,49,691.16
1784842406892,1,0,0,121.61
1784842407028,0,98,61,687.35
1784842407028,1,0,0,121.60
1784842407164,0,98,60,692.69
1784842407164,1,0,0,121.60
1784842407299,0,98,60,688.69
1784842407299,1,0,0,121.61
1784842407434,0,98,61,688.46
1784842407434,1,0,0,121.61
1784842407570,0,88,52,687.31
1784842407570,1,0,0,121.61
1784842407705,0,88,52,693.19
1784842407705,1,0,0,121.57
1784842407839,0,61,32,646.40
1784842407839,1,0,0,121.57
1784842407973,0,0,0,523.82
1784842407973,1,0,0,121.56
1784842408107,0,0,0,474.09
1784842408107,1,0,0,121.52
1784842408244,0,27,15,466.24
1784842408244,1,0,0,121.52
1784842408379,0,98,59,464.11
1784842408379,1,0,0,121.48
1784842408516,0,98,59,469.76
1784842408516,1,0,0,121.47
1784842408652,0,98,59,470.69
1784842408652,1,0,0,121.51
1784842408788,0,98,60,535.35
1784842408788,1,0,0,121.46
1784842408924,0,98,60,587.76
1784842408924,1,0,0,121.48
1784842409059,0,89,53,694.45
1784842409059,1,0,0,121.47
1784842409194,0,95,51,695.04
1784842409194,1,0,0,121.44
1784842409330,0,95,51,697.03
1784842409330,1,0,0,121.44
1784842409466,0,98,59,690.04
1784842409466,1,0,0,121.42
1784842409602,0,98,60,690.24
1784842409602,1,0,0,121.37
1784842409737,0,98,60,690.24
1784842409737,1,0,0,121.36
1784842409871,0,98,60,683.42
1784842409871,1,0,0,121.38
1784842410005,0,90,53,681.97
1784842410005,1,0,0,121.34
1784842410140,0,90,53,687.17
1784842410140,1,0,0,121.31
1784842410274,0,95,51,690.32
1784842410274,1,0,0,121.33
1784842410410,0,98,58,686.25
1784842410410,1,0,0,121.48
1784842410546,0,98,58,691.33
1784842410546,1,0,0,121.48
1784842410683,0,98,58,687.49
1784842410683,1,0,0,121.58
1784842410818,0,98,58,691.99
1784842410818,1,0,0,121.60
1784842410953,0,98,58,689.55
1784842410953,1,0,0,121.60
1784842411089,0,89,52,686.35
1784842411089,1,0,0,121.61
1784842411224,0,95,51,683.12
1784842411224,1,0,0,121.60
1784842411358,0,95,51,680.80
1784842411358,1,0,0,121.48
1784842411496,0,98,58,685.95
1784842411496,1,0,0,121.44
1784842411631,0,98,57,684.26
1784842411631,1,0,0,121.44
1784842411767,0,98,58,680.96
1784842411767,1,0,0,121.32
1784842411902,0,98,58,680.51
1784842411902,1,0,0,121.25
1784842412037,0,89,52,680.50
1784842412037,1,0,0,121.24
1784842412172,0,95,52,683.00
1784842412172,1,0,0,121.22
1784842412309,0,95,52,690.93
1784842412309,1,0,0,121.19
1784842412444,0,98,60,688.78
1784842412444,1,0,0,121.19
1784842412580,0,98,58,689.98
1784842412580,1,0,0,121.19
1784842412715,0,98,58,691.59
1784842412715,1,0,0,121.16
1784842412850,0,98,59,694.02
1784842412850,1,0,0,121.20
1784842412986,0,89,53,698.25
1784842412986,1,0,0,121.19
1784842413128,0,89,53,698.80
1784842413128,1,0,0,121.17
1784842413263,0,95,53,692.47
1784842413263,1,0,0,121.19
1784842413398,0,98,59,693.55
1784842413398,1,0,0,121.20
1784842413533,0,98,59,693.58
1784842413533,1,0,0,121.18
1784842413668,0,98,58,693.97
1784842413668,1,0,0,121.20
1784842413804,0,98,59,692.69
1784842413804,1,0,0,121.15
1784842413939,0,98,59,690.58
1784842413939,1,0,0,121.14
1784842414076,0,89,52,687.32
1784842414076,1,0,0,121.15
1784842414210,0,95,51,690.20
1784842414210,1,0,0,121.12
1784842414347,0,95,51,685.65
1784842414347,1,0,0,121.12
1784842414483,0,98,58,688.10
1784842414483,1,0,0,121.11
1784842414618,0,98,58,683.69
1784842414618,1,0,0,121.11
1784842414754,0,98,58,685.40
1784842414754,1,0,0,121.13
1784842414890,0,98,58,687.59
1784842414890,1,0,0,121.11
1784842415026,0,90,53,683.34
1784842415026,1,0,0,121.12
1784842415161,0,90,53,683.45
1784842415161,1,0,0,121.13
1784842415295,0,95,51,686.75
1784842415295,1,0,0,121.08
1784842415430,0,98,57,685.09
1784842415430,1,0,0,121.07
1784842415567,0,98,58,685.81
1784842415567,1,0,0,121.09
1784842415703,0,98,58,689.02
1784842415703,1,0,0,121.05
1784842415839,0,98,57,685.65
1784842415839,1,0,0,121.07
1784842415974,0,90,54,687.35
1784842415974,1,0,0,121.16
1784842416110,0,90,54,687.33
1784842416110,1,0,0,121.16
1784842416245,0,95,51,687.50
1784842416245,1,0,0,121.17
1784842416381,0,98,57,685.90
1784842416381,1,0,0,121.17
1784842416516,0,98,57,687.70
1784842416516,1,0,0,121.14
1784842416652,0,98,57,684.94
1784842416652,1,0,0,121.14
1784842416787,0,98,57,685.06
1784842416787,1,0,0,121.11
1784842416931,0,98,57,691.83
1784842416931,1,0,0,121.03
1784842417066,0,90,54,691.60
1784842417066,1,0,0,121.02
1784842417201,0,95,52,689.29
1784842417201,1,0,0,121.01
1784842417336,0,95,52,690.25
1784842417336,1,0,0,121.01
1784842417470,0,98,57,692.75
1784842417470,1,0,0,120.99
1784842417606,0,98,59,692.91
1784842417606,1,0,0,121.00
1784842417741,0,98,59,693.42
1784842417741,1,0,0,121.01
1784842417875,0,98,59,688.71
1784842417875,1,0,0,121.01
1784842418010,0,90,55,690.93
1784842418010,1,0,0,121.12
1784842418145,0,90,55,692.30
1784842418145,1,0,0,121.12
1784842418280,0,94,53,688.93
1784842418280,1,0,0,121.10
1784842418416,0,98,59,688.58
1784842418416,1,0,0,121.12
1784842418552,0,98,59,684.82
1784842418552,1,0,0,121.22
1784842418688,0,98,58,683.47
1784842418688,1,0,0,121.25
1784842418823,0,98,59,682.57
1784842418823,1,0,0,121.27
1784842418959,0,98,59,681.60
1784842418959,1,0,0,121.26
1784842419094,0,95,57,676.87
1784842419094,1,0,0,121.27
1784842419229,0,95,51,685.42
1784842419229,1,0,0,121.27
1784842419364,0,95,51,692.48
1784842419364,1,0,0,121.28
1784842419501,0,98,54,690.35
1784842419501,1,0,0,121.14
1784842419636,0,98,58,694.04
1784842419636,1,0,0,121.11
1784842419774,0,98,57,691.15
1784842419774,1,0,0,121.11
1784842419910,0,98,57,691.02
1784842419910,1,0,0,121.00
1784842420045,0,96,57,690.34
1784842420045,1,0,0,120.96
1784842420179,0,95,52,686.57
1784842420179,1,0,0,121.08
1784842420314,0,95,52,683.05
1784842420314,1,0,0,121.10
1784842420449,0,98,54,680.40
1784842420449,1,0,0,121.12
1784842420584,0,98,57,686.22
1784842420584,1,0,0,121.10
1784842420719,0,98,57,686.38
1784842420719,1,0,0,121.22
1784842420855,0,98,58,684.49
1784842420855,1,0,0,121.22
1784842420990,0,98,57,683.20
1784842420990,1,0,0,121.22
1784842421126,0,98,57,681.73
1784842421126,1,0,0,121.22
1784842421261,0,94,50,683.47
1784842421261,1,0,0,121.21
1784842421396,0,96,50,680.03
1784842421396,1,0,0,121.32
1784842421530,0,96,50,681.78
1784842421530,1,0,0,121.31
1784842421665,0,98,57,678.03
1784842421665,1,0,0,121.32
1784842421801,0,98,58,681.12
1784842421801,1,0,0,121.19
1784842421937,0,98,58,684.62
1784842421937,1,0,0,121.19
1784842422073,0,98,56,693.22
1784842422073,1,0,0,121.17
1784842422208,0,94,52,692.38
1784842422208,1,0,0,121.07
1784842422343,0,94,52,698.07
1784842422343,1,0,0,120.94
1784842422477,0,93,50,700.46
1784842422477,1,0,0,120.90
1784842422614,0,98,58,699.37
1784842422614,1,0,0,120.88
1784842422749,0,98,58,699.58
1784842422749,1,0,0,120.84
1784842422886,0,98,59,699.37
1784842422886,1,0,0,120.82
1784842423020,0,98,57,698.83
1784842423020,1,0,0,120.81
1784842423156,0,98,57,694.97
1784842423156,1,0,0,120.79
1784842423291,0,95,52,689.73
1784842423291,1,0,0,120.75
1784842423426,0,93,50,692.35
1784842423426,1,0,0,120.77
1784842423562,0,93,50,687.89
1784842423562,1,0,0,120.77
1784842423700,0,98,59,692.17
1784842423700,1,0,0,120.74
1784842423836,0,98,59,691.00
1784842423836,1,0,0,120.77
1784842423970,0,98,58,686.86
1784842423970,1,0,0,120.78
1784842424107,0,98,58,690.71
1784842424107,1,0,0,120.77
1784842424242,0,95,52,692.91
1784842424242,1,0,0,120.80
1784842424377,0,93,50,702.18
1784842424377,1,0,0,120.78
1784842424513,0,93,50,700.95
1784842424513,1,0,0,120.88
1784842424648,0,98,58,704.46
1784842424648,1,0,0,120.91
1784842424784,0,98,57,702.87
1784842424784,1,0,0,120.88
1784842424919,0,98,57,701.98
1784842424919,1,0,0,120.96
1784842425056,0,98,58,701.66
1784842425056,1,0,0,121.02
1784842425193,0,94,51,696.85
1784842425193,1,0,0,120.99
1784842425329,0,94,51,692.60
1784842425329,1,0,0,121.00
1784842425465,0,93,48,688.11
1784842425465,1,0,0,120.97
1784842425601,0,98,58,686.94
1784842425601,1,0,0,120.97
1784842425738,0,98,58,687.01
1784842425738,1,0,0,121.00
1784842425874,0,98,58,686.10
1784842425874,1,0,0,120.98
1784842426010,0,98,58,688.05
1784842426010,1,0,0,121.01
1784842426145,0,98,58,693.74
1784842426145,1,0,0,120.98
1784842426280,0,95,53,687.12
1784842426280,1,0,0,120.99
1784842426416,0,93,49,689.29
1784842426416,1,0,0,121.02
1784842426551,0,93,49,690.15
1784842426551,1,0,0,120.91
1784842426687,0,98,59,688.15
1784842426687,1,0,0,120.87
1784842426822,0,98,58,691.82
1784842426822,1,0,0,120.86
1784842426957,0,98,58,691.85
1784842426957,1,0,0,120.73
1784842427093,0,98,59,687.88
1784842427093,1,0,0,120.68
1784842427228,0,94,50,690.81
1784842427228,1,0,0,120.68
1784842427361,0,94,50,689.25
1784842427361,1,0,0,120.66
1784842427497,0,93,47,688.42
1784842427497,1,0,0,120.66
1784842427632,0,98,58,686.92
1784842427632,1,0,0,120.67
1784842427767,0,98,58,688.22
1784842427767,1,0,0,120.67
1784842427902,0,98,57,685.24
1784842427902,1,0,0,120.70
1784842428039,0,98,58,686.46
1784842428039,1,0,0,120.69
1784842428174,0,94,50,682.80
1784842428174,1,0,0,120.71
1784842428308,0,94,50,683.75
1784842428308,1,0,0,120.70
1784842428446,0,93,47,685.47
1784842428446,1,0,0,120.68
1784842428582,0,98,57,687.08
1784842428582,1,0,0,120.68
1784842428718,0,98,57,685.15
1784842428718,1,0,0,120.66
1784842428853,0,98,57,687.03
1784842428853,1,0,0,120.67
1784842428989,0,98,57,687.91
1784842428989,1,0,0,120.62
1784842429126,0,98,57,690.08
1784842429126,1,0,0,120.62
1784842429262,0,95,51,688.50
1784842429262,1,0,0,120.62
1784842429397,0,93,46,682.81
1784842429397,1,0,0,120.61
1784842429533,0,93,46,685.60
1784842429533,1,0,0,120.59
1784842429668,0,98,58,684.39
1784842429668,1,0,0,120.59
1784842429804,0,98,58,685.72
1784842429804,1,0,0,120.58
1784842429940,0,98,58,683.36
1784842429940,1,0,0,120.56
1784842430075,0,98,58,682.45
1784842430075,1,0,0,120.57
1784842430211,0,94,52,681.82
1784842430211,1,0,0,120.59
1784842430345,0,94,52,685.19
1784842430345,1,0,0,120.68
1784842430481,0,93,50,679.50
1784842430481,1,0,0,120.72
1784842430617,0,98,60,678.87
1784842430617,1,0,0,120.71
1784842430753,0,98,60,676.03
1784842430753,1,0,0,120.69
1784842430889,0,97,60,671.08
1784842430889,1,0,0,120.74
1784842431022,0,98,60,672.85
1784842431022,1,0,0,120.73
1784842431158,0,98,60,669.06
1784842431158,1,0,0,120.72
1784842431291,0,94,51,675.78
1784842431291,1,0,0,120.64
1784842431427,0,99,52,678.66
1784842431427,1,0,0,120.61
1784842431564,0,99,52,682.54
1784842431564,1,0,0,120.59
1784842431699,0,98,57,686.55
1784842431699,1,0,0,120.71
1784842431835,0,98,58,687.95
1784842431835,1,0,0,120.72
1784842431970,0,98,58,692.67
1784842431970,1,0,0,120.71
1784842432106,0,98,57,690.21
1784842432106,1,0,0,120.68
1784842432242,0,94,51,688.10
1784842432242,1,0,0,120.70
1784842432376,0,99,50,688.83
1784842432376,1,0,0,120.69
1784842432512,0,99,50,689.55
1784842432512,1,0,0,120.65
1784842432648,0,98,58,688.70
1784842432648,1,0,0,120.60
1784842432782,0,98,56,689.93
1784842432782,1,0,0,120.57
1784842432918,0,98,56,687.63
1784842432918,1,0,0,120.52
1784842433052,0,98,58,690.01
1784842433052,1,0,0,120.47
1784842433187,0,94,51,699.09
1784842433187,1,0,0,120.46
1784842433321,0,94,51,691.22
1784842433321,1,0,0,120.51
1784842433456,0,98,58,689.57
1784842433456,1,0,0,120.48
1784842433591,0,98,59,689.03
1784842433591,1,0,0,120.51
1784842433726,0,98,59,693.47
1784842433726,1,0,0,120.53
1784842433861,0,98,57,692.10
1784842433861,1,0,0,120.50
1784842433997,0,98,58,689.54
1784842433997,1,0,0,120.51
1784842434131,0,98,58,685.57
1784842434131,1,0,0,120.54
1784842434266,0,94,51,689.28
1784842434266,1,0,0,120.51
1784842434404,0,99,52,690.66
1784842434404,1,0,0,120.65
1784842434541,0,99,52,688.30
1784842434541,1,0,0,120.65
1784842434677,0,98,58,691.08
1784842434677,1,0,0,120.65
1784842434814,0,98,58,688.89
1784842434814,1,0,0,120.66
1784842434949,0,98,58,691.10
1784842434949,1,0,0,120.67
1784842435085,0,98,57,692.89
1784842435085,1,0,0,120.80
1784842435220,0,94,51,689.08
1784842435220,1,0,0,120.80
1784842435357,0,94,51,694.26
1784842435357,1,0,0,120.79
1784842435494,0,98,58,693.55
1784842435494,1,0,0,120.64
1784842435630,0,98,57,695.60
1784842435630,1,0,0,120.62
1784842435768,0,98,57,691.45
1784842435768,1,0,0,120.64
1784842435904,0,98,57,693.48
1784842435904,1,0,0,120.75
1784842436040,0,88,50,694.89
1784842436040,1,0,0,120.65
1784842436175,0,94,51,687.20
1784842436175,1,0,0,120.62
1784842436310,0,94,51,687.49
1784842436310,1,0,0,120.71
1784842436446,0,99,52,686.83
1784842436446,1,0,0,120.70
1784842436583,0,98,56,688.97
1784842436583,1,0,0,120.82
1784842436718,0,98,56,690.69
1784842436718,1,0,0,120.82
1784842436855,0,98,58,688.12
1784842436855,1,0,0,120.71
1784842436990,0,88,50,686.46
1784842436990,1,0,0,120.67
1784842437125,0,88,50,686.03
1784842437125,1,0,0,120.68
1784842437260,0,90,46,689.73
1784842437260,1,0,0,120.69
1784842437396,0,98,58,686.46
1784842437396,1,0,0,120.68
1784842437533,0,98,58,686.41
1784842437533,1,0,0,120.70
1784842437669,0,98,59,683.30
1784842437669,1,0,0,120.59
1784842437804,0,98,58,684.97
1784842437804,1,0,0,120.53
1784842437938,0,98,58,685.39
1784842437938,1,0,0,120.53
1784842438078,0,99,90,641.56
1784842438078,1,0,0,120.52
1784842438214,0,76,25,601.97
1784842438214,1,33,17,130.19
1784842438350,0,76,25,557.27
1784842438350,1,33,17,139.90
1784842438483,0,0,0,447.96
1784842438483,1,0,0,139.98
1784842438617,0,0,0,388.52
1784842438617,1,0,0,140.02
1784842438755,0,0,0,333.66
1784842438755,1,0,0,140.04
1784842438894,0,29,4,232.41
1784842438894,1,8,1,154.28
1784842439032,0,0,0,187.60
1784842439032,1,73,41,184.86
1784842439167,0,0,0,161.77
1784842439167,1,73,41,226.91
1784842439303,0,0,0,145.57
1784842439303,1,82,43,325.26
1784842439441,0,0,0,144.23
1784842439441,1,99,50,390.25
1784842439577,0,0,0,143.25
1784842439577,1,99,50,448.76
1784842439715,0,0,0,142.87
1784842439715,1,100,49,570.43
1784842439852,0,0,0,142.12
1784842439852,1,100,47,630.21
1784842439989,0,0,0,139.41
1784842439989,1,100,51,695.59
1784842440125,0,0,0,139.18
1784842440125,1,100,51,698.01
1784842440262,0,0,0,139.01
1784842440262,1,96,56,697.20
1784842440400,0,0,0,138.66
1784842440400,1,98,61,683.85
1784842440537,0,0,0,138.53
1784842440537,1,98,61,680.04
1784842440675,0,0,0,138.23
1784842440675,1,97,60,676.83
1784842440812,0,0,0,138.14
1784842440812,1,92,59,661.32
1784842440949,0,0,0,138.00
1784842440949,1,92,59,657.46
1784842441085,0,0,0,137.80
1784842441085,1,93,49,671.75
1784842441222,0,0,0,137.70
1784842441222,1,98,55,678.98
1784842441359,0,0,0,137.60
1784842441359,1,98,55,672.51
1784842441496,0,0,0,137.39
1784842441496,1,96,58,669.23
1784842441633,0,0,0,137.31
1784842441633,1,96,54,673.04
1784842441770,0,0,0,137.24
1784842441770,1,96,54,672.07
1784842441908,0,0,0,136.96
1784842441908,1,98,58,647.95
1784842442046,0,0,0,136.82
1784842442046,1,80,50,628.51
1784842442183,0,0,0,136.51
1784842442183,1,80,50,629.73
1784842442319,0,0,0,136.36
1784842442319,1,100,59,592.72
1784842442456,0,0,0,136.21
1784842442456,1,98,63,576.93
1784842442593,0,0,0,135.91
1784842442593,1,100,61,550.25
1784842442730,0,0,0,135.73
1784842442730,1,100,61,550.24
1784842442866,0,0,0,135.62
1784842442866,1,99,55,558.17
1784842443003,0,0,0,135.48
1784842443003,1,94,53,581.56
1784842443168,0,0,0,135.43
1784842443168,1,94,53,576.67
1784842443304,0,0,0,135.33
1784842443304,1,93,59,600.98
1784842443442,0,0,0,135.27
1784842443442,1,100,54,628.07
1784842443580,0,0,0,135.17
1784842443580,1,100,54,617.43
1784842443717,0,0,0,135.10
1784842443717,1,98,55,641.13
1784842443854,0,0,0,135.04
1784842443854,1,95,64,625.47
1784842443992,0,0,0,134.94
1784842443992,1,100,68,608.17
1784842444128,0,0,0,134.90
1784842444128,1,100,68,617.98
1784842444265,0,0,0,134.83
1784842444265,1,87,48,616.26
1784842444402,0,0,0,134.72
1784842444402,1,92,51,614.14
1784842444540,0,0,0,134.65
1784842444540,1,92,51,615.05
1784842444676,0,0,0,134.57
1784842444676,1,100,59,602.48
1784842444813,0,0,0,134.51
1784842444813,1,98,63,599.35
1784842444948,0,0,0,134.48
1784842444948,1,98,63,613.72
1784842445086,0,0,0,134.34
1784842445086,1,96,56,611.11
1784842445224,0,0,0,134.31
1784842445224,1,100,64,600.23
1784842445361,0,0,0,134.26
1784842445361,1,100,64,580.62
1784842445498,0,0,0,134.18
1784842445498,1,100,69,552.00
1784842445636,0,0,0,134.14
1784842445636,1,93,60,546.34
1784842445773,0,0,0,134.06
1784842445773,1,93,60,536.91
1784842445910,0,0,0,133.94
1784842445910,1,96,62,554.24
1784842446046,0,0,0,133.90
1784842446046,1,100,49,567.66
1784842446181,0,0,0,133.85
1784842446181,1,100,49,574.18
1784842446318,0,0,0,133.81
1784842446318,1,99,61,582.77
1784842446455,0,0,0,133.77
1784842446455,1,97,50,595.21
1784842446591,0,0,0,133.69
1784842446591,1,93,53,609.83
1784842446729,0,0,0,133.69
1784842446729,1,93,53,619.85
1784842446864,0,0,0,133.72
1784842446864,1,97,58,622.81
1784842447002,0,0,0,133.67
1784842447002,1,99,58,599.03
1784842447139,0,0,0,133.63
1784842447139,1,99,58,593.18
1784842447276,0,0,0,133.53
1784842447276,1,98,56,595.44
1784842447413,0,0,0,133.52
1784842447413,1,98,55,592.19
1784842447549,0,0,0,133.52
1784842447549,1,98,55,588.83
1784842447688,0,0,0,133.48
1784842447688,1,100,65,574.72
1784842447825,0,0,0,133.45
1784842447825,1,95,61,561.61
1784842447962,0,0,0,133.43
1784842447962,1,95,61,557.60
1784842448100,0,0,0,133.40
1784842448100,1,99,63,540.81
1784842448236,0,0,0,133.40
1784842448236,1,94,55,548.40
1784842448372,0,0,0,133.40
1784842448372,1,94,55,549.91
1784842448508,0,0,0,133.35
1784842448508,1,96,54,571.34
1784842448644,0,0,0,133.33
1784842448644,1,99,61,570.39
1784842448782,0,0,0,133.30
1784842448782,1,99,61,574.47
1784842448918,0,0,0,133.28
1784842448918,1,99,62,586.32
1784842449056,0,0,0,133.26
1784842449056,1,97,64,588.44
1784842449192,0,0,0,133.24
1784842449192,1,95,59,584.52
1784842449359,0,0,0,133.22
1784842449359,1,95,59,569.08
1784842449496,0,0,0,133.19
1784842449496,1,94,57,552.18
1784842449634,0,0,0,133.17
1784842449634,1,100,56,555.75
1784842449770,0,0,0,133.16
1784842449770,1,100,56,557.12
1784842449907,0,0,0,133.15
1784842449907,1,87,51,550.47
1784842450045,0,0,0,133.13
1784842450045,1,99,69,555.53
1784842450182,0,0,0,133.11
1784842450182,1,99,69,561.43
1784842450319,0,0,0,133.10
1784842450319,1,98,60,585.24
1784842450456,0,0,0,133.09
1784842450456,1,98,55,595.69
1784842450594,0,0,0,133.04
1784842450594,1,100,60,597.83
1784842450732,0,0,0,133.04
1784842450732,1,100,60,599.27
1784842450870,0,0,0,133.04
1784842450870,1,100,67,598.41
1784842451009,0,0,0,133.02
1784842451009,1,94,49,629.71
1784842451147,0,0,0,133.02
1784842451147,1,94,49,627.87
1784842451285,0,0,0,133.02
1784842451285,1,99,56,624.28
1784842451423,0,0,0,133.03
1784842451423,1,100,65,603.48
1784842451559,0,0,0,133.01
1784842451559,1,100,65,597.86
1784842451696,0,0,0,132.98
1784842451696,1,99,59,611.39
1784842451832,0,0,0,132.96
1784842451832,1,90,49,630.27
1784842451969,0,0,0,132.94
1784842451969,1,90,49,625.15
1784842452106,0,0,0,132.91
1784842452106,1,98,60,617.21
1784842452243,0,0,0,132.86
1784842452243,1,99,56,617.13
1784842452381,0,0,0,132.85
1784842452381,1,99,56,622.97
1784842452519,0,0,0,132.82
1784842452519,1,90,53,633.80
1784842452655,0,0,0,132.85
1784842452655,1,87,52,623.40
1784842452792,0,0,0,132.85
1784842452792,1,100,52,616.97
1784842452931,0,0,0,132.85
1784842452931,1,100,52,602.40
1784842453068,0,0,0,132.86
1784842453068,1,100,67,596.03
1784842453205,0,0,0,132.84
1784842453205,1,92,57,585.67
1784842453342,0,0,0,132.84
1784842453342,1,92,57,587.54
1784842453479,0,0,0,132.83
1784842453479,1,98,55,581.72
1784842453617,0,0,0,132.82
1784842453617,1,98,61,576.18
1784842453755,0,0,0,132.79
1784842453755,1,98,61,571.87
1784842453891,0,0,0,132.77
1784842453891,1,99,64,575.12
1784842454029,0,0,0,132.75
1784842454029,1,91,52,589.72
1784842454166,0,0,0,132.74
1784842454166,1,91,52,596.26
1784842454303,0,0,0,132.72
1784842454303,1,95,58,580.97
1784842454439,0,0,0,132.71
1784842454439,1,90,56,578.68
1784842454574,0,0,0,132.71
1784842454574,1,90,56,577.93
1784842454709,0,0,0,132.69
1784842454709,1,96,49,585.02
1784842454845,0,0,0,132.69
1784842454845,1,100,56,585.52
1784842454982,0,0,0,132.71
1784842454982,1,100,56,579.11
1784842455122,0,0,0,132.71
1784842455122,1,99,62,567.66
1784842455260,0,0,0,132.71
1784842455260,1,97,60,577.80
1784842455397,0,0,0,132.69
1784842455397,1,80,52,573.50
1784842455535,0,0,0,132.69
1784842455535,1,80,52,588.24
1784842455673,0,0,0,132.68
1784842455673,1,100,56,573.14
1784842455810,0,0,0,132.70
1784842455810,1,100,66,561.82
1784842455947,0,0,0,132.68
1784842455947,1,100,66,567.07
1784842456084,0,0,0,132.68
1784842456084,1,92,51,571.95
1784842456221,0,0,0,132.70
1784842456221,1,97,59,560.07
1784842456358,0,0,0,132.68
1784842456358,1,97,59,554.94
1784842456494,0,0,0,132.67
1784842456494,1,98,65,562.29
1784842456630,0,0,0,132.68
1784842456630,1,93,59,558.42
1784842456768,0,0,0,132.69
1784842456768,1,93,59,568.19
1784842456906,0,0,0,132.66
1784842456906,1,89,54,564.56
1784842457042,0,0,0,132.65
1784842457042,1,99,53,562.67
1784842457180,0,0,0,132.61
1784842457180,1,99,53,569.76
1784842457318,0,0,0,132.62
1784842457318,1,99,62,567.95
1784842457455,0,0,0,132.65
1784842457455,1,98,64,564.27
1784842457592,0,0,0,132.61
1784842457592,1,98,64,553.31
1784842457728,0,0,0,132.60
1784842457728,1,95,59,569.03
1784842457865,0,0,0,132.60
1784842457865,1,90,51,568.72
1784842458002,0,0,0,132.58
1784842458002,1,92,55,561.05
1784842458139,0,0,0,132.59
1784842458139,1,92,55,572.91
1784842458276,0,0,0,132.57
1784842458276,1,100,55,567.50
1784842458413,0,0,0,132.53
1784842458413,1,98,54,587.87
1784842458551,0,0,0,132.51
1784842458551,1,98,54,613.21
1784842458686,0,0,0,132.48
1784842458686,1,100,57,618.56
1784842458824,0,0,0,132.49
1784842458824,1,98,66,612.09
1784842458960,0,0,0,132.48
1784842458960,1,98,66,618.14
1784842459096,0,0,0,132.46
1784842459096,1,100,56,616.76
1784842459233,0,0,0,132.45
1784842459233,1,94,58,612.55
1784842459370,0,0,0,132.44
1784842459370,1,94,58,594.21
1784842459507,0,0,0,132.39
1784842459507,1,97,59,568.70
1784842459643,0,0,0,132.40
1784842459643,1,91,49,564.44
1784842459780,0,0,0,132.37
1784842459780,1,91,49,566.27
1784842459916,0,0,0,132.35
1784842459916,1,100,66,534.41
1784842460053,0,0,0,132.37
1784842460053,1,100,68,524.76
1784842460189,0,0,0,132.36
1784842460189,1,100,68,508.32
1784842460327,0,0,0,132.38
1784842460327,1,100,68,499.43
1784842460465,0,0,0,132.38
1784842460465,1,98,61,500.59
1784842460611,0,0,0,132.37
1784842460611,1,96,64,478.11
1784842460748,0,0,0,132.36
1784842460748,1,96,64,474.93
1784842460885,0,0,0,132.36
1784842460885,1,100,69,470.79
1784842461021,0,0,0,132.35
1784842461021,1,100,70,462.77
1784842461157,0,0,0,132.35
1784842461157,1,100,70,460.11
1784842461294,0,0,0,132.35
1784842461294,1,100,69,450.29
1784842461432,0,0,0,132.34
1784842461432,1,100,68,441.18
1784842461568,0,0,0,132.33
1784842461568,1,100,68,440.10
1784842461705,0,0,0,132.29
1784842461705,1,100,68,427.83
1784842461842,0,0,0,132.28
1784842461842,1,99,63,430.67
1784842461978,0,0,0,132.29
1784842461978,1,99,63,425.91
1784842462115,0,0,0,132.25
1784842462115,1,100,68,418.45
1784842462251,0,0,0,132.23
1784842462251,1,100,67,414.27
1784842462388,0,0,0,132.23
1784842462388,1,100,67,412.84
1784842462526,0,0,0,132.23
1784842462526,1,100,66,408.88
1784842462662,0,0,0,132.21
1784842462662,1,100,67,405.43
1784842462800,0,0,0,132.24
1784842462800,1,100,67,406.93
1784842462937,0,0,0,132.23
1784842462937,1,100,67,407.13
1784842463072,0,0,0,132.23
1784842463072,1,100,67,406.46
1784842463209,0,0,0,132.24
1784842463209,1,100,67,406.40
1784842463345,0,0,0,132.23
1784842463345,1,100,67,405.21
1784842463483,0,0,0,132.22
1784842463483,1,100,67,402.87
1784842463619,0,0,0,132.21
1784842463619,1,100,67,401.83
1784842463755,0,0,0,132.21
1784842463755,1,100,67,394.83
1784842463892,0,0,0,132.18
1784842463892,1,100,66,394.39
1784842464029,0,0,0,132.16
1784842464029,1,100,67,391.04
1784842464165,0,0,0,132.15
1784842464165,1,100,67,389.36
1784842464301,0,0,0,132.13
1784842464301,1,100,67,387.79
1784842464437,0,0,0,132.13
1784842464437,1,100,67,387.50
1784842464572,0,0,0,132.14
1784842464572,1,100,67,387.03
1784842464709,0,0,0,132.13
1784842464709,1,100,67,382.25
1784842464845,0,0,0,132.13
1784842464845,1,100,67,382.47
1784842464982,0,0,0,132.09
1784842464982,1,100,67,383.11
1784842465117,0,0,0,132.10
1784842465117,1,100,67,383.01
1784842465253,0,0,0,132.10
1784842465253,1,100,66,381.28
1784842465391,0,0,0,132.07
1784842465391,1,100,66,380.96
1784842465526,0,0,0,132.06
1784842465526,1,100,66,379.75
1784842465663,0,0,0,132.04
1784842465663,1,100,66,378.81
1784842465801,0,0,0,132.05
1784842465801,1,100,66,377.26
1784842465939,0,0,0,132.04
1784842465939,1,100,66,376.10
1784842466082,0,0,0,132.04
1784842466082,1,100,66,374.98
1784842466217,0,0,0,132.03
1784842466217,1,100,66,374.42
1784842466353,0,0,0,132.03
1784842466353,1,100,66,375.13
1784842466490,0,0,0,131.99
1784842466490,1,100,66,374.17
1784842466627,0,0,0,131.99
1784842466627,1,100,66,373.50
1784842466763,0,0,0,131.99
1784842466763,1,100,66,373.19
1784842466899,0,0,0,132.00
1784842466899,1,100,66,372.93
1784842467036,0,0,0,131.99
1784842467036,1,100,66,372.70
1784842467174,0,0,0,132.01
1784842467174,1,100,66,372.86
1784842467310,0,0,0,132.02
1784842467310,1,100,66,372.61
1784842467445,0,0,0,132.02
1784842467445,1,100,66,373.14
1784842467582,0,0,0,132.05
1784842467582,1,100,66,372.76
1784842467718,0,0,0,132.03
1784842467718,1,100,66,372.80
1784842467853,0,0,0,132.04
1784842467853,1,100,66,372.90
1784842467990,0,0,0,132.02
1784842467990,1,100,66,372.90
1784842468127,0,0,0,132.00
1784842468127,1,100,66,372.58
1784842468263,0,0,0,131.99
1784842468263,1,100,66,372.40
1784842468399,0,0,0,131.99
1784842468399,1,100,66,371.99
1784842468535,0,0,0,131.97
1784842468535,1,100,66,372.35
1784842468671,0,0,0,131.97
1784842468671,1,100,66,371.92
1784842468808,0,0,0,131.99
1784842468808,1,100,66,371.94
1784842468943,0,0,0,132.00
1784842468943,1,100,66,371.66
1784842469079,0,0,0,132.00
1784842469079,1,100,66,371.02
1784842469216,0,0,0,131.99
1784842469216,1,100,66,371.10
1784842469352,0,0,0,132.00
1784842469352,1,100,66,371.93
1784842469489,0,0,0,132.01
1784842469489,1,100,66,371.55
1784842469625,0,0,0,132.02
1784842469625,1,100,66,371.35
1784842469761,0,0,0,132.02
1784842469761,1,100,66,372.05
1784842469897,0,0,0,131.97
1784842469897,1,100,66,371.76
1784842470033,0,0,0,131.97
1784842470033,1,100,66,372.70
1784842470170,0,0,0,131.97
1784842470170,1,100,66,372.81
1784842470307,0,0,0,131.98
1784842470307,1,100,66,371.69
1784842470443,0,0,0,131.98
1784842470443,1,100,66,372.50
1784842470579,0,0,0,131.98
1784842470579,1,100,66,372.99
1784842470716,0,0,0,131.98
1784842470716,1,100,66,372.69
1784842470852,0,0,0,131.99
1784842470852,1,100,66,372.92
1784842470988,0,0,0,132.00
1784842470988,1,100,66,373.15
1784842471125,0,0,0,131.99
1784842471125,1,100,66,374.00
1784842471262,0,0,0,131.99
1784842471262,1,100,66,374.10
1784842471398,0,0,0,132.00
1784842471398,1,100,66,374.75
1784842471539,0,0,0,131.98
1784842471539,1,100,66,374.55
1784842471676,0,0,0,131.96
1784842471676,1,100,66,374.37
1784842471813,0,0,0,131.90
1784842471813,1,100,66,374.62
1784842471949,0,0,0,131.87
1784842471949,1,100,66,374.19
1784842472086,0,0,0,131.87
1784842472086,1,100,66,373.89
1784842472224,0,0,0,131.85
1784842472224,1,100,66,373.99
1784842472361,0,0,0,131.85
1784842472361,1,100,66,373.75
1784842472498,0,0,0,131.85
1784842472498,1,100,66,373.78
1784842472635,0,0,0,131.86
1784842472635,1,100,66,374.10
1784842472769,0,0,0,131.87
1784842472769,1,100,66,352.77
1784842472903,0,0,0,131.91
1784842472903,1,0,0,305.22
1784842473037,0,0,0,131.92
1784842473037,1,0,0,282.07
1784842473176,0,0,0,131.90
1784842473176,1,0,0,257.92
1784842473310,0,0,0,131.93
1784842473310,1,0,0,210.57
1784842473444,0,0,0,131.94
1784842473444,1,0,0,186.24
1784842473578,0,0,0,131.91
1784842473578,1,0,0,161.98
1784842473711,0,0,0,131.92
1784842473711,1,0,0,129.69
1784842473845,0,0,0,131.91
1784842473845,1,0,0,128.98
1784842473978,0,0,0,131.90
1784842473978,1,0,0,128.69
1784842474111,0,0,0,131.91
1784842474111,1,0,0,128.46
1784842474244,0,0,0,131.91
1784842474244,1,0,0,128.36
1784842474377,0,0,0,131.90
1784842474377,1,0,0,128.29
1784842474510,0,0,0,131.89
1784842474510,1,0,0,128.19
1784842474649,0,42,23,159.53
1784842474649,1,0,0,128.12
1784842474784,0,95,50,274.35
1784842474784,1,0,0,128.07
1784842474918,0,95,50,323.97
1784842474918,1,0,0,127.98
1784842475055,0,98,55,382.12
1784842475055,1,0,0,127.92
1784842475192,0,98,56,495.46
1784842475192,1,0,0,127.89
1784842475327,0,98,56,553.61
1784842475327,1,0,0,127.85
1784842475464,0,98,56,612.98
1784842475464,1,0,0,127.79
1784842475599,0,90,50,689.54
1784842475599,1,0,0,127.72
1784842475736,0,90,50,686.20
1784842475736,1,0,0,127.73
1784842475871,0,94,52,684.56
1784842475871,1,0,0,127.70
1784842476007,0,98,59,690.40
1784842476007,1,0,0,127.67
1784842476142,0,98,59,684.67
1784842476142,1,0,0,127.66
1784842476278,0,98,58,688.99
1784842476278,1,0,0,127.63
1784842476414,0,98,59,684.84
1784842476414,1,0,0,127.60
1784842476548,0,98,59,685.89
1784842476548,1,0,0,127.59
1784842476683,0,90,53,689.76
1784842476683,1,0,0,127.58
1784842476819,0,95,52,686.02
1784842476819,1,0,0,127.54
1784842476953,0,95,52,685.08
1784842476953,1,0,0,127.51
1784842477088,0,98,59,687.13
1784842477088,1,0,0,127.49
1784842477226,0,98,59,687.38
1784842477226,1,0,0,127.46
1784842477362,0,98,59,686.85
1784842477362,1,0,0,127.44
1784842477498,0,98,59,687.64
1784842477498,1,0,0,127.42
1784842477634,0,90,53,689.72
1784842477634,1,0,0,127.38
1784842477768,0,90,53,687.76
1784842477768,1,0,0,127.36
1784842477903,0,95,51,691.51
1784842477903,1,0,0,127.31
1784842478038,0,98,59,692.79
1784842478038,1,0,0,127.32
1784842478174,0,98,59,689.49
1784842478174,1,0,0,127.29
1784842478308,0,98,60,689.35
1784842478308,1,0,0,127.26
1784842478443,0,98,60,687.95
1784842478443,1,0,0,127.24
1784842478578,0,98,60,690.05
1784842478578,1,0,0,127.25
1784842478714,0,90,53,690.38
1784842478714,1,0,0,127.19
1784842478850,0,94,52,693.37
1784842478850,1,0,0,127.19
1784842478985,0,98,58,691.82
1784842478985,1,0,0,127.19
1784842479120,0,98,58,689.39
1784842479120,1,0,0,127.18
1784842479256,0,98,58,692.15
1784842479256,1,0,0,127.15
1784842479392,0,98,57,690.47
1784842479392,1,0,0,127.14
1784842479527,0,98,57,691.12
1784842479527,1,0,0,127.12
1784842479662,0,90,54,693.74
1784842479662,1,0,0,127.10
1784842479797,0,95,51,692.58
1784842479797,1,0,0,127.10
1784842479931,0,95,51,689.12
1784842479931,1,0,0,127.07
1784842480068,0,98,57,679.04
1784842480068,1,0,0,127.01
1784842480204,0,98,57,684.04
1784842480204,1,0,0,127.00
1784842480340,0,98,57,684.34
1784842480340,1,0,0,126.98
1784842480476,0,98,58,684.07
1784842480476,1,0,0,126.95
1784842480611,0,90,53,683.36
1784842480611,1,0,0,126.93
1784842480746,0,90,53,683.77
1784842480746,1,0,0,126.91
1784842480882,0,95,52,682.17
1784842480882,1,0,0,126.88
1784842481019,0,98,58,691.69
1784842481019,1,0,0,126.84
1784842481156,0,98,58,690.02
1784842481156,1,0,0,126.82
1784842481292,0,98,58,684.68
1784842481292,1,0,0,126.79
1784842481428,0,98,57,689.54
1784842481428,1,0,0,126.75
1784842481565,0,98,57,684.78
1784842481565,1,0,0,126.70
1784842481702,0,90,54,685.60
1784842481702,1,0,0,126.68
1784842481838,0,94,52,688.79
1784842481838,1,0,0,126.65
1784842481974,0,94,52,693.51
1784842481974,1,0,0,126.61
1784842482108,0,98,57,690.76
1784842482108,1,0,0,126.47
1784842482244,0,98,56,694.94
1784842482244,1,0,0,126.41
1784842482380,0,98,56,694.73
1784842482380,1,0,0,126.34
1784842482514,0,98,59,691.21
1784842482514,1,0,0,126.25
1784842482649,0,94,55,687.48
1784842482649,1,0,0,126.18
1784842482785,0,94,55,689.32
1784842482785,1,0,0,126.11
1784842482920,0,95,52,682.53
1784842482920,1,0,0,126.03
1784842483055,0,98,54,684.42
1784842483055,1,0,0,126.03
1784842483190,0,98,58,685.26
1784842483190,1,0,0,126.01
1784842483327,0,98,58,682.62
1784842483327,1,0,0,125.98
1784842483465,0,98,57,682.95
1784842483465,1,0,0,125.94
1784842483600,0,98,57,693.72
1784842483600,1,0,0,125.92
1784842483736,0,98,57,692.05
1784842483736,1,0,0,125.86
1784842483870,0,95,52,693.84
1784842483870,1,0,0,125.83
1784842484005,0,98,54,693.48
1784842484005,1,0,0,125.80
1784842484141,0,98,54,691.62
1784842484141,1,0,0,125.77
1784842484277,0,98,58,692.21
1784842484277,1,0,0,125.75
1784842484412,0,98,57,698.88
1784842484412,1,0,0,125.73
1784842484548,0,98,57,697.90
1784842484548,1,0,0,125.69
1784842484683,0,98,57,697.57
1784842484683,1,0,0,125.70
1784842484818,0,94,53,696.30
1784842484818,1,0,0,125.65
1784842484954,0,94,53,701.92
1784842484954,1,0,0,125.62
1784842485088,0,92,30,667.35
1784842485088,1,0,0,125.62
1784842485224,0,98,57,668.40
1784842485224,1,0,0,125.56
1784842485360,0,98,57,671.77
1784842485360,1,0,0,125.53
1784842485495,0,98,57,671.11
1784842485495,1,0,0,125.52
1784842485631,0,98,58,673.49
1784842485631,1,0,0,125.45
1784842485767,0,98,58,673.06
1784842485767,1,0,0,125.43
1784842485902,0,91,51,666.27
1784842485902,1,0,0,125.42
1784842486038,0,91,48,689.94
1784842486038,1,0,0,125.38
1784842486174,0,91,48,687.15
1784842486174,1,0,0,125.35
1784842486309,0,98,58,689.62
1784842486309,1,0,0,125.29
1784842486444,0,98,58,686.29
1784842486444,1,0,0,125.28
1784842486581,0,98,58,686.56
1784842486581,1,0,0,125.24
1784842486717,0,98,58,692.06
1784842486717,1,0,0,125.20
1784842486854,0,88,51,686.43
1784842486854,1,0,0,125.17
1784842486988,0,88,51,685.13
1784842486988,1,0,0,125.16
1784842487125,0,91,48,693.50
1784842487125,1,0,0,125.09
1784842487261,0,98,57,694.56
1784842487261,1,0,0,125.06
1784842487396,0,98,57,688.43
1784842487396,1,0,0,125.02
1784842487532,0,98,57,687.19
1784842487532,1,0,0,124.95
1784842487667,0,98,58,689.18
1784842487667,1,0,0,124.94
1784842487802,0,89,51,688.72
1784842487802,1,0,0,124.94
1784842487936,0,89,51,690.03
1784842487936,1,0,0,124.87
1784842488071,0,96,49,697.05
1784842488071,1,0,0,124.86
1784842488206,0,98,56,688.64
1784842488206,1,0,0,124.81
1784842488341,0,98,56,688.31
1784842488341,1,0,0,124.80
1784842488476,0,98,57,688.16
1784842488476,1,0,0,124.79
1784842488610,0,98,56,687.51
1784842488610,1,0,0,124.72
1784842488747,0,98,56,686.33
1784842488747,1,0,0,124.69
1784842488883,0,89,52,687.88
1784842488883,1,0,0,124.68
1784842489018,0,95,53,699.18
1784842489018,1,0,0,124.61
1784842489155,0,95,53,692.20
1784842489155,1,0,0,124.61
1784842489289,0,98,59,689.41
1784842489289,1,0,0,124.60
1784842489425,0,98,58,693.00
1784842489425,1,0,0,124.55
1784842489560,0,98,58,696.44
1784842489560,1,0,0,124.55
1784842489697,0,98,59,692.76
1784842489697,1,0,0,124.55
1784842489833,0,90,53,688.56
1784842489833,1,0,0,124.49
1784842489969,0,90,53,685.62
1784842489969,1,0,0,124.51
1784842490104,0,95,52,633.32
1784842490104,1,0,0,124.50
1784842490238,0,0,0,581.42
1784842490238,1,0,0,124.45
1784842490372,0,0,0,535.49
1784842490372,1,0,0,124.46
1784842490505,0,0,0,459.59
1784842490505,1,0,0,124.42
1784842490641,0,98,58,461.10
1784842490641,1,0,0,124.40
1784842490776,0,98,58,464.26
1784842490776,1,0,0,124.41
1784842490911,0,98,57,479.05
1784842490911,1,0,0,124.36
1784842491048,0,98,58,485.37
1784842491048,1,0,0,124.37
1784842491183,0,98,58,533.30
1784842491183,1,0,0,124.35
1784842491318,0,90,54,639.68
1784842491318,1,0,0,124.30
1784842491453,0,95,49,693.62
1784842491453,1,0,0,124.28
1784842491587,0,95,49,689.05
1784842491587,1,0,0,124.28
1784842491722,0,98,57,683.47
1784842491722,1,0,0,124.25
1784842491859,0,98,58,682.44
1784842491859,1,0,0,124.24
1784842491994,0,98,58,681.33
1784842491994,1,0,0,124.22
1784842492129,0,98,58,681.85
1784842492129,1,0,0,124.18
1784842492265,0,91,55,681.56
1784842492265,1,0,0,124.17
1784842492400,0,95,52,692.63
1784842492400,1,0,0,124.14
1784842492536,0,95,52,689.93
1784842492536,1,0,0,124.09
1784842492672,0,98,54,690.57
1784842492672,1,0,0,124.09
1784842492808,0,98,57,689.98
1784842492808,1,0,0,124.03
1784842492945,0,98,57,684.56
1784842492945,1,0,0,124.01
1784842493081,0,98,58,686.17
1784842493081,1,0,0,124.00
1784842493215,0,98,57,686.29
1784842493215,1,0,0,123.97
1784842493357,0,98,57,687.00
1784842493357,1,0,0,123.98
1784842493492,0,95,53,689.75
1784842493492,1,0,0,123.94
1784842493628,0,98,52,695.51
1784842493628,1,0,0,123.92
1784842493763,0,98,52,695.43
1784842493763,1,0,0,123.91
1784842493899,0,98,58,694.91
1784842493899,1,0,0,123.89
1784842494035,0,98,57,694.17
1784842494035,1,0,0,123.86
1784842494171,0,98,57,691.49
1784842494171,1,0,0,123.86
1784842494307,0,98,57,692.98
1784842494307,1,0,0,123.84
1784842494443,0,95,52,688.75
1784842494443,1,0,0,123.85
1784842494579,0,95,52,692.46
1784842494579,1,0,0,123.82
1784842494716,0,92,50,693.96
1784842494716,1,0,0,123.77
1784842494852,0,98,58,697.33
1784842494852,1,0,0,123.76
1784842494988,0,98,58,695.20
1784842494988,1,0,0,123.74
1784842495124,0,98,58,700.29
1784842495124,1,0,0,123.68
1784842495260,0,98,55,696.46
1784842495260,1,0,0,123.68
1784842495396,0,94,51,695.72
1784842495396,1,0,0,123.67
1784842495531,0,94,51,695.67
1784842495531,1,0,0,123.67
1784842495665,0,93,46,696.12
1784842495665,1,0,0,123.65
1784842495801,0,98,55,696.64
1784842495801,1,0,0,123.64
1784842495937,0,98,55,697.59
1784842495937,1,0,0,123.64
1784842496072,0,98,56,695.58
1784842496072,1,0,0,123.63
1784842496206,0,98,55,693.57
1784842496206,1,0,0,123.62
1784842496341,0,98,55,690.32
1784842496341,1,0,0,123.62
1784842496476,0,95,51,685.22
1784842496476,1,0,0,123.60
1784842496612,0,92,44,688.79
1784842496612,1,0,0,123.58
1784842496749,0,92,44,681.14
1784842496749,1,0,0,123.57
1784842496886,0,98,58,682.96
1784842496886,1,0,0,123.54
1784842497022,0,98,59,683.21
1784842497022,1,0,0,123.54
1784842497160,0,98,59,680.77
1784842497160,1,0,0,123.52
1784842497296,0,98,59,690.11
1784842497296,1,0,0,123.48
1784842497432,0,94,51,691.33
1784842497432,1,0,0,123.45
1784842497567,0,94,51,689.44
1784842497567,1,0,0,123.43
1784842497701,0,92,43,686.78
1784842497701,1,0,0,123.41
1784842497838,0,98,56,684.52
1784842497838,1,0,0,123.38
1784842497975,0,98,56,688.80
1784842497975,1,0,0,123.35
1784842498111,0,98,56,687.73
1784842498111,1,0,0,123.35
1784842498247,0,98,58,689.86
1784842498247,1,0,0,123.33
1784842498383,0,98,58,687.18
1784842498383,1,0,0,123.31
1784842498519,0,93,51,684.00
1784842498519,1,0,0,123.30
1784842498653,0,91,47,686.43
1784842498653,1,0,0,123.29
1784842498789,0,91,47,680.80
1784842498789,1,0,0,123.29
1784842498925,0,98,58,681.49
1784842498925,1,0,0,123.27
1784842499060,0,98,59,680.37
1784842499060,1,0,0,123.24
1784842499194,0,98,59,681.22
1784842499194,1,0,0,123.23
1784842499330,0,98,59,682.83
1784842499330,1,0,0,123.18
1784842499466,0,93,51,684.52
1784842499466,1,0,0,123.15
1784842499602,0,91,47,682.17
1784842499602,1,0,0,123.13
1784842499736,0,91,47,680.82
1784842499736,1,0,0,123.10
1784842499873,0,98,58,682.98
1784842499873,1,0,0,123.09
1784842500010,0,98,59,680.40
1784842500010,1,0,0,123.07
1784842500145,0,98,59,680.77
1784842500145,1,0,0,123.04
1784842500281,0,98,58,679.21
1784842500281,1,0,0,123.02
1784842500417,0,94,51,681.88
1784842500417,1,0,0,122.99
1784842500552,0,94,51,681.58
1784842500552,1,0,0,122.98
1784842500686,0,91,46,678.40
1784842500686,1,0,0,122.98
1784842500820,0,98,57,677.02
1784842500820,1,0,0,122.93
1784842500959,0,98,57,678.88
1784842500959,1,0,0,122.92
1784842501095,0,98,56,682.17
1784842501095,1,0,0,122.92
1784842501230,0,98,57,682.68
1784842501230,1,0,0,122.88
1784842501365,0,98,57,682.50
1784842501365,1,0,0,122.89
1784842501501,0,89,50,683.40
1784842501501,1,0,0,122.89
1784842501636,0,93,47,688.94
1784842501636,1,0,0,122.85
1784842501772,0,93,47,686.52
1784842501772,1,0,0,122.86
1784842501907,0,98,57,685.04
1784842501907,1,0,0,122.82
1784842502043,0,98,56,682.17
1784842502043,1,0,0,122.82
1784842502178,0,98,56,681.54
1784842502178,1,0,0,122.80
1784842502314,0,98,53,670.18
1784842502314,1,0,0,122.80
1784842502449,0,90,51,667.06
1784842502449,1,0,0,122.75
1784842502584,0,90,51,666.17
1784842502584,1,0,0,122.74
1784842502718,0,95,51,667.01
1784842502718,1,0,0,122.73
1784842502854,0,98,58,663.94
1784842502854,1,0,0,122.71
1784842502988,0,98,58,665.03
1784842502988,1,0,0,122.73
1784842503125,0,98,57,666.60
1784842503125,1,0,0,122.67
1784842503259,0,98,57,669.95
1784842503259,1,0,0,122.64
1784842503395,0,98,57,678.19
1784842503395,1,0,0,122.65
1784842503530,0,90,52,680.32
1784842503530,1,0,0,122.60
1784842503665,0,95,50,680.44
1784842503665,1,0,0,122.59
1784842503799,0,98,55,686.23
1784842503799,1,0,0,122.58
1784842503935,0,98,55,685.91
1784842503935,1,0,0,122.53
1784842504069,0,98,54,680.91
1784842504069,1,0,0,122.55
1784842504203,0,98,54,677.15
1784842504203,1,0,0,122.55
1784842504339,0,98,54,672.76
1784842504339,1,0,0,122.52
1784842504474,0,98,54,675.74
1784842504474,1,0,0,122.55
1784842504610,0,95,50,664.88
1784842504610,1,0,0,122.52
1784842504744,0,95,50,669.13
1784842504744,1,0,0,122.51
1784842504880,0,93,49,663.12
1784842504880,1,0,0,122.49
1784842505015,0,98,56,668.08
1784842505015,1,0,0,122.48
1784842505150,0,98,56,672.74
1784842505150,1,0,0,122.45
1784842505287,0,98,57,673.33
1784842505287,1,0,0,122.42
1784842505422,0,98,57,680.14
1784842505422,1,0,0,122.38
1784842505556,0,98,57,684.53
1784842505556,1,0,0,122.40
1784842505691,0,95,52,685.16
1784842505691,1,0,0,122.38
1784842505831,0,93,48,684.03
1784842505831,1,0,0,122.32
1784842505968,0,93,48,685.88
1784842505968,1,0,0,122.31
1784842506105,0,98,57,679.99
1784842506105,1,0,0,122.26
1784842506243,0,98,58,681.82
1784842506243,1,0,0,122.25
1784842506379,0,98,58,683.87
1784842506379,1,0,0,122.25
1784842506514,0,98,58,684.20
1784842506514,1,0,0,122.18
1784842506649,0,95,52,686.59
1784842506649,1,0,0,122.18
1784842506786,0,95,52,688.11
1784842506786,1,0,0,122.20
1784842506923,0,93,46,684.04
1784842506923,1,0,0,122.17
1784842507060,0,98,57,685.40
1784842507060,1,0,0,122.18
1784842507196,0,98,57,690.02
1784842507196,1,0,0,122.16
1784842507331,0,98,58,686.15
1784842507331,1,0,0,122.14
1784842507466,0,98,57,687.93
1784842507466,1,0,0,122.14
1784842507602,0,95,52,686.30
1784842507602,1,0,0,122.14
1784842507737,0,95,52,686.45
1784842507737,1,0,0,122.11
1784842507873,0,93,45,686.64
1784842507873,1,0,0,122.12
1784842508008,0,98,56,686.81
1784842508008,1,0,0,122.11
1784842508143,0,98,56,689.46
1784842508143,1,0,0,122.10
1784842508278,0,98,56,688.44
1784842508278,1,0,0,122.09
1784842508414,0,98,58,688.75
1784842508414,1,0,0,122.09
1784842508549,0,98,58,687.34
1784842508549,1,0,0,122.07
1784842508684,0,95,52,684.38
1784842508684,1,0,0,122.06
1784842508820,0,93,44,688.67
1784842508820,1,0,0,122.06
1784842508956,0,93,44,689.16
1784842508956,1,0,0,122.05
1784842509092,0,98,57,691.46
1784842509092,1,0,0,122.03
1784842509226,0,98,55,681.21
1784842509226,1,0,0,122.03
1784842509362,0,98,55,683.92
1784842509362,1,0,0,122.01
1784842509497,0,98,56,685.72
1784842509497,1,0,0,122.01
1784842509630,0,88,50,690.55
1784842509630,1,0,0,122.00
1784842509766,0,88,50,692.21
1784842509766,1,0,0,122.00
1784842509902,0,91,49,694.44
1784842509902,1,0,0,122.00
1784842510038,0,98,57,693.44
1784842510038,1,0,0,121.96
1784842510173,0,98,57,695.05
1784842510173,1,0,0,121.95
1784842510308,0,98,57,697.49
1784842510308,1,0,0,121.99
1784842510444,0,98,56,697.22
1784842510444,1,0,0,121.97
1784842510581,0,98,56,700.64
1784842510581,1,0,0,121.96
1784842510716,0,88,51,697.11
1784842510716,1,0,0,121.96
1784842510852,0,96,49,696.05
1784842510852,1,0,0,121.93
1784842510988,0,96,49,695.24
1784842510988,1,0,0,121.93
1784842511123,0,98,58,696.71
1784842511123,1,0,0,121.91
1784842511260,0,98,57,696.31
1784842511260,1,0,0,121.90
1784842511395,0,98,57,698.22
1784842511395,1,0,0,121.89
1784842511530,0,98,57,693.18
1784842511530,1,0,0,121.86
1784842511664,0,89,52,688.78
1784842511664,1,0,0,121.84
1784842511799,0,89,52,687.79
1784842511799,1,0,0,121.85
1784842511935,0,96,50,683.53
1784842511935,1,0,0,121.81
1784842512070,0,98,58,683.23
1784842512070,1,0,0,121.83
1784842512206,0,98,57,686.35
1784842512206,1,0,0,121.83
1784842512341,0,98,57,681.97
1784842512341,1,0,0,121.80
1784842512477,0,98,57,682.11
1784842512477,1,0,0,121.79
1784842512614,0,90,52,680.38
1784842512614,1,0,0,121.75
1784842512751,0,90,52,681.35
1784842512751,1,0,0,121.76
1784842512886,0,95,50,680.46
1784842512886,1,0,0,121.74
1784842513023,0,98,56,683.75
1784842513023,1,0,0,121.73
1784842513159,0,98,56,681.71
1784842513159,1,0,0,121.72
1784842513293,0,98,54,677.65
1784842513293,1,0,0,121.71
1784842513429,0,98,55,680.71
1784842513429,1,0,0,121.71
1784842513565,0,98,55,684.57
1784842513565,1,0,0,121.71
1784842513701,0,93,53,681.30
1784842513701,1,0,0,121.70
1784842513837,0,95,51,675.46
1784842513837,1,0,0,121.68
1784842513971,0,95,51,680.73
1784842513971,1,0,0,121.66
1784842514106,0,98,53,682.27
1784842514106,1,0,0,121.65
1784842514241,0,98,57,684.31
1784842514241,1,0,0,121.64
1784842514376,0,98,57,685.46
1784842514376,1,0,0,121.64
1784842514513,0,98,57,686.49
1784842514513,1,0,0,121.64
1784842514649,0,98,56,690.20
1784842514649,1,0,0,121.65
1784842514785,0,98,56,684.74
1784842514785,1,0,0,121.66
1784842514920,0,95,51,691.82
1784842514920,1,0,0,121.67
1784842515055,0,98,52,689.34
1784842515055,1,0,0,121.64
1784842515194,0,98,52,687.32
1784842515194,1,0,0,121.65
1784842515330,0,98,57,685.80
1784842515330,1,0,0,121.64
1784842515466,0,98,57,688.21
1784842515466,1,0,0,121.61
1784842515602,0,98,57,681.67
1784842515602,1,0,0,121.62
1784842515739,0,98,58,690.84
1784842515739,1,0,0,121.61
1784842515874,0,95,52,688.30
1784842515874,1,0,0,121.59
1784842516012,0,98,52,686.07
1784842516012,1,0,0,121.63
1784842516148,0,98,52,685.34
1784842516148,1,0,0,121.59
1784842516283,0,98,59,685.22
1784842516283,1,0,0,121.60
1784842516418,0,98,59,680.54
1784842516418,1,0,0,121.61
1784842516555,0,98,59,681.45
1784842516555,1,0,0,121.61
1784842516690,0,98,59,684.47
1784842516690,1,0,0,121.63
1784842516829,0,95,54,684.61
1784842516829,1,0,0,121.60
1784842516964,0,95,54,685.04
1784842516964,1,0,0,121.56
1784842517099,0,99,54,692.87
1784842517099,1,0,0,121.57
1784842517235,0,98,60,691.30
1784842517235,1,0,0,121.56
1784842517370,0,98,60,689.98
1784842517370,1,0,0,121.55
1784842517507,0,98,57,688.72
1784842517507,1,0,0,121.56
1784842517642,0,98,59,689.68
1784842517642,1,0,0,121.51
1784842517778,0,98,59,689.66
1784842517778,1,0,0,121.52
1784842517913,0,95,52,689.95
1784842517913,1,0,0,121.53
1784842518047,0,93,49,682.86
1784842518047,1,0,0,121.51
1784842518183,0,93,49,684.85
1784842518183,1,0,0,121.52
1784842518319,0,98,57,689.09
1784842518319,1,0,0,121.50
1784842518455,0,98,59,692.47
1784842518455,1,0,0,121.50
1784842518590,0,98,59,689.75
1784842518590,1,0,0,121.50
1784842518724,0,98,56,682.00
1784842518724,1,0,0,121.47
1784842518861,0,95,52,684.06
1784842518861,1,0,0,121.47
1784842518996,0,95,52,685.53
1784842518996,1,0,0,121.45
1784842519132,0,93,49,686.40
1784842519132,1,0,0,121.40
1784842519268,0,98,60,685.14
1784842519268,1,0,0,121.43
1784842519405,0,98,59,686.26
1784842519405,1,0,0,121.39
1784842519541,0,98,59,689.47
1784842519541,1,0,0,121.34
1784842519676,0,98,59,690.54
1784842519676,1,0,0,121.34
1784842519813,0,95,52,693.33
1784842519813,1,0,0,121.32
1784842519949,0,95,52,691.18
1784842519949,1,0,0,121.33
1784842520084,0,93,50,692.72
1784842520084,1,0,0,121.32
1784842520219,0,98,58,693.31
1784842520219,1,0,0,121.30
1784842520354,0,98,58,690.83
1784842520354,1,0,0,121.31
1784842520489,0,98,57,694.18
1784842520489,1,0,0,121.32
1784842520626,0,98,57,690.73
1784842520626,1,0,0,121.35
1784842520761,0,98,57,692.60
1784842520761,1,0,0,121.35
1784842520897,0,95,53,692.43
1784842520897,1,0,0,121.34
1784842521031,0,93,48,685.35
1784842521031,1,0,0,121.35
1784842521166,0,93,48,688.34
1784842521166,1,0,0,121.35
1784842521302,0,98,59,687.83
1784842521302,1,0,0,121.36
1784842521438,0,98,59,691.75
1784842521438,1,0,0,121.35
1784842521573,0,98,59,690.16
1784842521573,1,0,0,121.33
1784842521706,0,98,58,686.11
1784842521706,1,0,0,121.35
1784842521842,0,95,52,690.94
1784842521842,1,0,0,121.35
1784842521976,0,95,52,651.88
1784842521976,1,0,0,121.34
1784842522110,0,0,0,555.68
1784842522110,1,0,0,121.37
1784842522245,0,0,0,500.16
1784842522245,1,0,0,121.32
1784842522380,0,0,0,468.21
1784842522380,1,0,0,121.32
1784842522516,0,91,46,467.58
1784842522516,1,0,0,121.33
1784842522652,0,98,58,469.82
1784842522652,1,0,0,121.34
1784842522787,0,98,58,477.79
1784842522787,1,0,0,121.35
1784842522924,0,98,58,508.18
1784842522924,1,0,0,121.32
1784842523060,0,98,58,573.21
1784842523060,1,0,0,121.31
1784842523195,0,98,58,624.18
1784842523195,1,0,0,121.32
1784842523331,0,94,51,699.07
1784842523331,1,0,0,121.33
1784842523470,0,92,44,689.98
1784842523470,1,0,0,121.33
1784842523605,0,92,44,687.98
1784842523605,1,0,0,121.33
1784842523742,0,98,58,684.96
1784842523742,1,0,0,121.32
1784842523878,0,98,58,686.45
1784842523878,1,0,0,121.33
1784842524015,0,98,58,685.50
1784842524015,1,0,0,121.34
1784842524152,0,98,58,684.99
1784842524152,1,0,0,121.33
1784842524289,0,94,51,692.95
1784842524289,1,0,0,121.32
1784842524424,0,92,42,691.35
1784842524424,1,0,0,121.32
1784842524562,0,92,42,693.65
1784842524562,1,0,0,121.30
1784842524697,0,98,57,695.18
1784842524697,1,0,0,121.28
1784842524834,0,98,57,693.95
1784842524834,1,0,0,121.25
1784842524969,0,98,57,691.32
1784842524969,1,0,0,121.24
1784842525104,0,98,56,691.29
1784842525104,1,0,0,121.22
1784842525241,0,93,52,685.89
1784842525241,1,0,0,121.23
1784842525376,0,93,52,687.36
1784842525376,1,0,0,121.21
1784842525512,0,91,48,692.92
1784842525512,1,0,0,121.21
1784842525648,0,98,55,686.77
1784842525648,1,0,0,121.21
1784842525785,0,98,55,681.74
1784842525785,1,0,0,121.21
1784842525920,0,98,56,681.09
1784842525920,1,0,0,121.21
1784842526054,0,98,55,677.99
1784842526054,1,0,0,121.21
1784842526189,0,98,55,678.97
1784842526189,1,0,0,121.19
1784842526325,0,89,51,668.42
1784842526325,1,0,0,121.19
1784842526461,0,96,53,678.54
1784842526461,1,0,0,121.19
1784842526596,0,96,53,676.66
1784842526596,1,0,0,121.20
1784842526733,0,98,59,685.07
1784842526733,1,0,0,121.16
1784842526870,0,98,59,689.12
1784842526870,1,0,0,121.18
1784842527005,0,98,59,691.58
1784842527005,1,0,0,121.19
1784842527139,0,98,58,695.10
1784842527139,1,0,0,121.17
1784842527275,0,89,53,699.78
1784842527275,1,0,0,121.17
1784842527411,0,96,53,697.43
1784842527411,1,0,0,121.16
1784842527549,0,96,53,691.18
1784842527549,1,0,0,121.17
1784842527686,0,98,59,690.60
1784842527686,1,0,0,121.18
1784842527824,0,98,58,694.16
1784842527824,1,0,0,121.15
1784842527961,0,98,58,693.62
1784842527961,1,0,0,121.15
1784842528097,0,98,58,692.92
1784842528097,1,0,0,121.17
1784842528232,0,90,53,685.65
1784842528232,1,0,0,121.17
1784842528369,0,90,53,680.34
1784842528369,1,0,0,121.21
1784842528504,0,95,52,681.54
1784842528504,1,0,0,121.32
1784842528639,0,98,59,679.09
1784842528639,1,0,0,121.43
1784842528776,0,98,59,680.72
1784842528776,1,0,0,121.51
1784842528911,0,98,59,675.52
1784842528911,1,0,0,121.62
1784842529048,0,98,59,678.75
1784842529048,1,0,0,121.67
1784842529182,0,98,59,680.69
1784842529182,1,0,0,121.74
1784842529317,0,90,54,683.85
1784842529317,1,0,0,121.85
1784842529453,0,95,52,688.96
1784842529453,1,0,0,121.77
1784842529589,0,95,52,685.62
1784842529589,1,0,0,121.76
1784842529725,0,98,58,686.98
1784842529725,1,0,0,121.81
1784842529862,0,98,59,688.24
1784842529862,1,0,0,121.79
1784842529999,0,98,59,688.77
1784842529999,1,0,0,121.77
1784842530134,0,98,58,688.81
1784842530134,1,0,0,121.80
1784842530268,0,90,53,690.25
1784842530268,1,0,0,121.80
1784842530404,0,90,53,690.57
1784842530404,1,0,0,121.80
1784842530539,0,95,53,693.58
1784842530539,1,0,0,121.82
1784842530676,0,98,58,694.81
1784842530676,1,0,0,121.83
1784842530812,0,98,58,693.35
1784842530812,1,0,0,121.84
1784842530950,0,98,58,691.28
1784842530950,1,0,0,121.85
1784842531087,0,98,58,690.85
1784842531087,1,0,0,121.82
1784842531222,0,90,53,686.47
1784842531222,1,0,0,121.85
1784842531357,0,90,53,689.56
1784842531357,1,0,0,121.82
1784842531493,0,95,52,685.28
1784842531493,1,0,0,121.80
1784842531628,0,98,59,688.70
1784842531628,1,0,0,121.77
1784842531763,0,98,59,688.87
1784842531763,1,0,0,121.77
1784842531900,0,98,59,687.96
1784842531900,1,0,0,121.76
1784842532037,0,98,59,684.59
1784842532037,1,0,0,121.74
1784842532171,0,98,59,685.67
1784842532171,1,0,0,121.72
1784842532307,0,90,55,689.17
1784842532307,1,0,0,121.73
1784842532443,0,95,53,693.35
1784842532443,1,0,0,121.72
1784842532578,0,95,53,688.43
1784842532578,1,0,0,121.72
1784842532714,0,98,59,690.39
1784842532714,1,0,0,121.70
1784842532851,0,98,60,688.55
1784842532851,1,0,0,121.71
1784842532986,0,98,60,695.43
1784842532986,1,0,0,121.72
1784842533121,0,98,59,692.99
1784842533121,1,0,0,121.73
1784842533258,0,90,53,693.11
1784842533258,1,0,0,121.74
1784842533395,0,90,53,693.71
1784842533395,1,0,0,121.72
1784842533531,0,95,52,691.72
1784842533531,1,0,0,121.73
1784842533666,0,98,58,693.12
1784842533666,1,0,0,121.74
1784842533803,0,98,58,693.66
1784842533803,1,0,0,121.71
1784842533940,0,98,58,692.44
1784842533940,1,0,0,121.72
1784842534076,0,98,57,693.13
1784842534076,1,0,0,121.71
1784842534212,0,98,57,689.50
1784842534212,1,0,0,121.69
1784842534349,0,90,54,690.50
1784842534349,1,0,0,121.69
1784842534485,0,95,53,697.39
1784842534485,1,0,0,121.68
1784842534620,0,98,58,684.65
1784842534620,1,0,0,121.70
1784842534757,0,98,58,684.64
1784842534757,1,0,0,121.72
1784842534891,0,98,58,689.47
1784842534891,1,0,0,121.70
1784842535028,0,98,59,688.98
1784842535028,1,0,0,121.72
1784842535165,0,98,59,689.91
1784842535165,1,0,0,121.72
1784842535300,0,90,53,686.79
1784842535300,1,0,0,121.72
1784842535437,0,94,51,673.64
1784842535437,1,0,0,121.71
1784842535573,0,94,51,682.29
1784842535573,1,0,0,121.72
1784842535709,0,98,58,683.50
1784842535709,1,0,0,121.73
1784842535845,0,98,57,682.68
1784842535845,1,0,0,121.70
1784842535980,0,98,57,680.76
1784842535980,1,0,0,121.70
1784842536118,0,98,58,681.88
1784842536118,1,0,0,121.70
1784842536255,0,96,55,679.82
1784842536255,1,0,0,121.70
1784842536390,0,96,55,677.67
1784842536390,1,0,0,121.72
1784842536526,0,95,53,678.99
1784842536526,1,0,0,121.71
1784842536663,0,98,54,671.28
1784842536663,1,0,0,121.71
1784842536798,0,98,54,670.93
1784842536798,1,0,0,121.72
1784842536934,0,98,59,670.24
1784842536934,1,0,0,121.69
1784842537069,0,98,59,671.98
1784842537069,1,0,0,121.70
1784842537205,0,98,59,671.92
1784842537205,1,0,0,121.69
1784842537340,0,92,57,686.37
1784842537340,1,0,0,121.65
1784842537476,0,95,53,690.56
1784842537476,1,0,0,121.67
1784842537611,0,95,53,688.48
1784842537611,1,0,0,121.63
1784842537747,0,98,55,695.17
1784842537747,1,0,0,121.61
1784842537884,0,98,60,694.67
1784842537884,1,0,0,121.60
1784842538019,0,98,59,693.41
1784842538019,1,0,0,121.57
1784842538152,0,98,59,696.35
1784842538152,1,0,0,121.58
1784842538289,0,91,56,696.19
1784842538289,1,0,0,121.57
1784842538425,0,94,52,690.04
1784842538425,1,0,0,121.57
1784842538561,0,94,52,690.56
1784842538561,1,0,0,121.57
1784842538697,0,98,55,693.35
1784842538697,1,0,0,121.58
1784842538834,0,98,58,696.45
1784842538834,1,0,0,121.58
1784842538971,0,98,58,693.05
1784842538971,1,0,0,121.57
1784842539106,0,98,57,694.49
1784842539106,1,0,0,121.59
1784842539243,0,98,56,686.65
1784842539243,1,0,0,121.59
1784842539379,0,98,56,689.13
1784842539379,1,0,0,121.59
1784842539514,0,95,53,689.47
1784842539514,1,0,0,121.59
1784842539650,0,99,51,693.52
1784842539650,1,0,0,121.58
1784842539786,0,99,51,692.22
1784842539786,1,0,0,121.58
1784842539924,0,98,58,693.12
1784842539924,1,0,0,121.60
1784842540061,0,98,57,694.51
1784842540061,1,0,0,121.58
1784842540198,0,98,57,696.96
1784842540198,1,0,0,121.60
1784842540331,0,98,58,700.52
1784842540331,1,0,0,121.59
1784842540468,0,95,52,697.91
1784842540468,1,0,0,121.57
1784842540602,0,95,52,692.85
1784842540602,1,0,0,121.59
1784842540739,0,94,49,683.96
1784842540739,1,0,0,121.58
1784842540876,0,98,58,686.24
1784842540876,1,0,0,121.58
1784842541012,0,98,58,687.33
1784842541012,1,0,0,121.55
1784842541148,0,98,59,678.46
1784842541148,1,0,0,121.57
1784842541286,0,99,58,678.39
1784842541286,1,0,0,121.57
1784842541427,0,53,54,617.74
1784842541427,1,0,0,121.82
1784842541564,0,53,54,581.21
1784842541564,1,0,0,133.78
1784842541698,0,56,5,542.14
1784842541698,1,63,37,141.75
1784842541832,0,0,0,424.69
1784842541832,1,0,0,141.69
1784842541964,0,0,0,374.78
1784842541964,1,0,0,141.26
1784842542096,0,0,0,320.20
1784842542096,1,0,0,141.19
1784842542231,0,64,10,222.02
1784842542231,1,23,8,166.57
1784842542368,0,64,10,180.86
1784842542368,1,23,8,207.28
1784842542502,0,0,0,160.93
1784842542502,1,100,63,256.58
1784842542638,0,0,0,144.64
1784842542638,1,84,43,352.16
1784842542774,0,0,0,144.02
1784842542774,1,84,43,417.36
1784842542911,0,0,0,143.50
1784842542911,1,100,49,476.60
1784842543047,0,0,0,142.74
1784842543047,1,100,50,589.29
1784842543199,0,0,0,141.41
1784842543199,1,100,50,652.24
1784842543336,0,0,0,139.64
1784842543336,1,98,51,692.43
1784842543473,0,0,0,139.40
1784842543473,1,100,45,693.18
1784842543610,0,0,0,139.12
1784842543610,1,100,45,689.58
1784842543747,0,0,0,138.58
1784842543747,1,99,55,676.83
1784842543883,0,0,0,138.34
1784842543883,1,98,64,661.94
1784842544019,0,0,0,137.84
1784842544019,1,83,54,644.90
1784842544155,0,0,0,137.63
1784842544155,1,83,54,635.90
1784842544292,0,0,0,137.47
1784842544292,1,99,58,636.76
1784842544428,0,0,0,137.09
1784842544428,1,95,59,633.91
1784842544565,0,0,0,137.01
1784842544565,1,95,59,632.46
1784842544702,0,0,0,136.96
1784842544702,1,91,52,638.30
1784842544840,0,0,0,136.78
1784842544840,1,96,59,641.11
1784842544978,0,0,0,136.70
1784842544978,1,96,59,632.11
1784842545114,0,0,0,136.63
1784842545114,1,96,61,636.34
1784842545252,0,0,0,136.49
1784842545252,1,91,52,636.41
1784842545389,0,0,0,136.40
1784842545389,1,91,52,617.71
1784842545526,0,0,0,136.21
1784842545526,1,86,51,615.79
1784842545662,0,0,0,136.15
1784842545662,1,97,58,605.43
1784842545799,0,0,0,136.06
1784842545799,1,97,58,607.83
1784842545935,0,0,0,135.91
1784842545935,1,96,55,623.33
1784842546072,0,0,0,135.85
1784842546072,1,96,57,618.58
1784842546207,0,0,0,135.77
1784842546207,1,96,57,614.44
1784842546343,0,0,0,135.61
1784842546343,1,95,60,605.77
1784842546481,0,0,0,135.53
1784842546481,1,100,65,607.96
1784842546617,0,0,0,135.46
1784842546617,1,100,65,622.79
1784842546754,0,0,0,135.41
1784842546754,1,88,50,623.65
1784842546890,0,0,0,135.35
1784842546890,1,100,55,610.95
1784842547026,0,0,0,135.24
1784842547026,1,100,53,628.64
1784842547163,0,0,0,135.18
1784842547163,1,100,53,621.79
1784842547299,0,0,0,135.14
1784842547299,1,91,54,629.07
1784842547435,0,0,0,135.03
1784842547435,1,100,61,613.63
1784842547574,0,0,0,134.96
1784842547574,1,100,61,605.38
1784842547709,0,0,0,134.90
1784842547709,1,91,51,591.50
1784842547846,0,0,0,134.83
1784842547846,1,90,55,587.60
1784842547982,0,0,0,134.77
1784842547982,1,90,55,571.62
1784842548118,0,0,0,134.71
1784842548118,1,85,48,577.52
1784842548256,0,0,0,134.66
1784842548256,1,99,57,599.52
1784842548392,0,0,0,134.62
1784842548392,1,99,57,596.79
1784842548530,0,0,0,134.53
1784842548530,1,98,60,600.85
1784842548666,0,0,0,134.51
1784842548666,1,96,59,598.56
1784842548803,0,0,0,134.48
1784842548803,1,96,59,617.48
1784842548940,0,0,0,134.39
1784842548940,1,99,57,603.15
1784842549076,0,0,0,134.35
1784842549076,1,97,58,600.95
1784842549212,0,0,0,134.30
1784842549212,1,97,58,590.84
1784842549350,0,0,0,134.22
1784842549350,1,98,64,562.45
1784842549486,0,0,0,134.19
1784842549486,1,93,54,569.19
1784842549625,0,0,0,134.12
1784842549625,1,96,57,583.51
1784842549761,0,0,0,134.07
1784842549761,1,96,57,566.70
1784842549900,0,0,0,134.03
1784842549900,1,97,59,567.05
1784842550036,0,0,0,133.94
1784842550036,1,94,57,564.61
1784842550172,0,0,0,133.90
1784842550172,1,94,57,579.55
1784842550308,0,0,0,133.88
1784842550308,1,97,53,591.93
1784842550443,0,0,0,133.83
1784842550443,1,100,51,612.64
1784842550579,0,0,0,133.81
1784842550579,1,100,51,620.19
1784842550714,0,0,0,133.77
1784842550714,1,96,59,604.93
1784842550853,0,0,0,133.73
1784842550853,1,100,67,599.58
1784842550988,0,0,0,133.72
1784842550988,1,100,67,587.43
1784842551124,0,0,0,133.67
1784842551124,1,95,62,571.95
1784842551261,0,0,0,133.66
1784842551261,1,94,57,565.91
1784842551397,0,0,0,133.64
1784842551397,1,94,57,537.83
1784842551534,0,0,0,133.63
1784842551534,1,99,63,528.99
1784842551671,0,0,0,133.62
1784842551671,1,96,59,533.43
1784842551808,0,0,0,133.62
1784842551808,1,96,59,536.38
1784842551945,0,0,0,133.57
1784842551945,1,100,66,536.98
1784842552081,0,0,0,133.56
1784842552081,1,93,53,533.61
1784842552219,0,0,0,133.53
1784842552219,1,93,53,536.22
1784842552356,0,0,0,133.52
1784842552356,1,92,53,528.64
1784842552493,0,0,0,133.51
1784842552493,1,94,60,522.22
1784842552630,0,0,0,133.47
1784842552630,1,94,55,520.91
1784842552766,0,0,0,133.45
1784842552766,1,94,55,521.94
1784842552904,0,0,0,133.43
1784842552904,1,94,58,524.94
1784842553040,0,0,0,133.42
1784842553040,1,95,54,533.08
1784842553177,0,0,0,133.41
1784842553177,1,95,54,532.51
1784842553315,0,0,0,133.41
1784842553315,1,93,57,531.15
1784842553451,0,0,0,133.36
1784842553451,1,100,55,559.03
1784842553587,0,0,0,133.34
1784842553587,1,100,55,567.84
1784842553725,0,0,0,133.31
1784842553725,1,93,54,574.46
1784842553863,0,0,0,133.29
1784842553863,1,99,59,589.77
1784842553999,0,0,0,133.29
1784842553999,1,99,59,598.52
1784842554136,0,0,0,133.27
1784842554136,1,86,50,601.11
1784842554272,0,0,0,133.26
1784842554272,1,93,54,608.78
1784842554408,0,0,0,133.26
1784842554408,1,93,54,616.29
1784842554545,0,0,0,133.28
1784842554545,1,96,58,608.87
1784842554681,0,0,0,133.28
1784842554681,1,99,60,614.94
1784842554817,0,0,0,133.28
1784842554817,1,99,60,611.26
1784842554953,0,0,0,133.31
1784842554953,1,94,60,601.10
1784842555091,0,0,0,133.28
1784842555091,1,98,62,601.78
1784842555229,0,0,0,133.27
1784842555229,1,98,63,588.30
1784842555365,0,0,0,133.25
1784842555365,1,98,63,584.10
1784842555502,0,0,0,133.24
1784842555502,1,94,58,580.53
1784842555638,0,0,0,133.21
1784842555638,1,96,62,562.27
1784842555774,0,0,0,133.23
1784842555774,1,96,62,565.87
1784842555911,0,0,0,133.20
1784842555911,1,99,59,572.54
1784842556048,0,0,0,133.18
1784842556048,1,95,62,550.47
1784842556184,0,0,0,133.15
1784842556184,1,95,62,544.29
1784842556321,0,0,0,133.09
1784842556321,1,95,53,554.38
1784842556458,0,0,0,133.10
1784842556458,1,98,64,543.51
1784842556595,0,0,0,133.06
1784842556595,1,98,64,544.93
1784842556732,0,0,0,133.04
1784842556732,1,98,65,554.40
1784842556869,0,0,0,133.04
1784842556869,1,99,51,551.12
1784842557006,0,0,0,133.03
1784842557006,1,99,51,555.50
1784842557143,0,0,0,133.04
1784842557143,1,97,60,567.35
1784842557280,0,0,0,133.05
1784842557280,1,100,67,556.37
1784842557417,0,0,0,133.08
1784842557417,1,100,67,551.81
1784842557554,0,0,0,133.03
1784842557554,1,97,62,553.61
1784842557690,0,0,0,133.03
1784842557690,1,100,62,571.16
1784842557826,0,0,0,133.02
1784842557826,1,97,62,551.09
1784842557964,0,0,0,133.03
1784842557964,1,97,62,547.86
1784842558101,0,0,0,133.03
1784842558101,1,98,61,537.46
1784842558239,0,0,0,133.01
1784842558239,1,99,67,540.07
1784842558376,0,0,0,132.99
1784842558376,1,99,67,542.20
1784842558514,0,0,0,133.00
1784842558514,1,96,61,538.80
1784842558650,0,0,0,132.98
1784842558650,1,94,56,525.87
1784842558786,0,0,0,132.99
1784842558786,1,94,56,525.53
1784842558923,0,0,0,132.95
1784842558923,1,93,56,542.49
1784842559060,0,0,0,132.93
1784842559060,1,97,58,541.87
1784842559196,0,0,0,132.92
1784842559196,1,97,58,561.57
1784842559333,0,0,0,132.92
1784842559333,1,95,53,583.48
1784842559471,0,0,0,132.90
1784842559471,1,97,49,593.94
1784842559608,0,0,0,132.94
1784842559608,1,97,49,600.35
1784842559744,0,0,0,132.91
1784842559744,1,96,55,594.34
1784842559882,0,0,0,132.91
1784842559882,1,100,64,592.20
1784842560019,0,0,0,132.91
1784842560019,1,100,64,572.17
1784842560156,0,0,0,132.92
1784842560156,1,100,64,581.85
1784842560294,0,0,0,132.91
1784842560294,1,98,51,572.56
1784842560431,0,0,0,132.93
1784842560431,1,94,50,575.60
1784842560568,0,0,0,132.92
1784842560568,1,94,50,572.67
1784842560703,0,0,0,132.92
1784842560703,1,88,50,588.97
1784842560840,0,0,0,132.93
1784842560840,1,100,59,605.01
1784842560976,0,0,0,132.93
1784842560976,1,100,59,616.66
1784842561113,0,0,0,132.91
1784842561113,1,94,52,631.75
1784842561249,0,0,0,132.89
1784842561249,1,97,58,624.24
1784842561384,0,0,0,132.88
1784842561384,1,97,58,632.11
1784842561520,0,0,0,132.88
1784842561520,1,97,59,607.73
1784842561658,0,0,0,132.86
1784842561658,1,100,69,590.52
1784842561793,0,0,0,132.83
1784842561793,1,100,69,587.73
1784842561929,0,0,0,132.76
1784842561929,1,100,64,583.57
1784842562066,0,0,0,132.77
1784842562066,1,100,62,560.15
1784842562202,0,0,0,132.78
1784842562202,1,100,62,567.50
1784842562339,0,0,0,132.79
1784842562339,1,97,63,545.11
1784842562476,0,0,0,132.77
1784842562476,1,99,64,544.52
1784842562612,0,0,0,132.79
1784842562612,1,99,64,541.24
1784842562749,0,0,0,132.81
1784842562749,1,100,66,511.02
1784842562886,0,0,0,132.80
1784842562886,1,98,65,510.17
1784842563024,0,0,0,132.85
1784842563024,1,100,67,491.38
1784842563169,0,0,0,132.83
1784842563169,1,100,67,481.38
1784842563307,0,0,0,132.82
1784842563307,1,100,69,468.97
1784842563444,0,0,0,132.79
1784842563444,1,100,69,449.44
1784842563581,0,0,0,132.77
1784842563581,1,100,69,444.47
1784842563718,0,0,0,132.77
1784842563718,1,100,69,443.22
1784842563855,0,0,0,132.73
1784842563855,1,100,68,438.67
1784842563991,0,0,0,132.72
1784842563991,1,100,68,437.08
1784842564129,0,0,0,132.70
1784842564129,1,100,67,433.45
1784842564265,0,0,0,132.70
1784842564265,1,100,68,432.34
1784842564402,0,0,0,132.70
1784842564402,1,100,68,431.66
1784842564539,0,0,0,132.69
1784842564539,1,100,68,433.99
1784842564676,0,0,0,132.69
1784842564676,1,98,64,430.39
1784842564813,0,0,0,132.70
1784842564813,1,98,64,421.94
1784842564949,0,0,0,132.72
1784842564949,1,100,67,413.77
1784842565087,0,0,0,132.72
1784842565087,1,100,67,413.42
1784842565223,0,0,0,132.71
1784842565223,1,100,67,411.26
1784842565358,0,0,0,132.71
1784842565358,1,100,67,408.06
1784842565495,0,0,0,132.69
1784842565495,1,100,67,406.73
1784842565632,0,0,0,132.68
1784842565632,1,100,67,401.20
1784842565770,0,0,0,132.66
1784842565770,1,100,67,402.09
1784842565906,0,0,0,132.65
1784842565906,1,100,67,402.45
1784842566043,0,0,0,132.63
1784842566043,1,100,67,400.97
1784842566180,0,0,0,132.62
1784842566180,1,100,67,401.48
1784842566316,0,0,0,132.65
1784842566316,1,100,67,403.48
1784842566453,0,0,0,132.65
1784842566453,1,100,66,403.52
1784842566589,0,0,0,132.66
1784842566589,1,100,66,403.79
1784842566772,0,0,0,132.66
1784842566772,1,100,68,392.94
1784842566910,0,0,0,132.67
1784842566910,1,100,67,391.96
1784842567046,0,0,0,132.65
1784842567046,1,96,62,393.89
1784842567183,0,0,0,132.64
1784842567183,1,96,62,392.81
1784842567318,0,0,0,132.64
1784842567318,1,100,67,390.52
1784842567455,0,0,0,132.61
1784842567455,1,100,68,391.30
1784842567591,0,0,0,132.61
1784842567591,1,100,68,392.19
1784842567727,0,0,0,132.60
1784842567727,1,100,67,394.25
1784842567866,0,0,0,132.61
1784842567866,1,100,67,399.22
1784842568002,0,0,0,132.63
1784842568002,1,100,67,395.93
1784842568137,0,0,0,132.62
1784842568137,1,100,67,394.64
1784842568273,0,0,0,132.64
1784842568273,1,100,66,392.34
1784842568408,0,0,0,132.62
1784842568408,1,100,66,391.28
1784842568544,0,0,0,132.61
1784842568544,1,100,66,385.46
1784842568681,0,0,0,132.59
1784842568681,1,100,66,385.31
1784842568820,0,0,0,132.59
1784842568820,1,100,66,384.79
1784842568957,0,0,0,132.54
1784842568957,1,100,66,382.95
1784842569093,0,0,0,132.53
1784842569093,1,100,67,382.46
1784842569230,0,0,0,132.48
1784842569230,1,100,67,382.25
1784842569367,0,0,0,132.48
1784842569367,1,100,67,381.50
1784842569503,0,0,0,132.50
1784842569503,1,100,67,382.14
1784842569640,0,0,0,132.51
1784842569640,1,100,67,381.63
1784842569777,0,0,0,132.51
1784842569777,1,100,67,382.24
1784842569913,0,0,0,132.50
1784842569913,1,100,67,382.30
1784842570052,0,0,0,132.49
1784842570052,1,100,67,383.32
1784842570189,0,0,0,132.50
1784842570189,1,100,67,382.53
1784842570325,0,0,0,132.48
1784842570325,1,100,66,381.98
1784842570462,0,0,0,132.47
1784842570462,1,100,66,380.98
1784842570598,0,0,0,132.46
1784842570598,1,100,66,379.24
1784842570734,0,0,0,132.44
1784842570734,1,100,66,378.08
1784842570871,0,0,0,132.44
1784842570871,1,100,66,377.61
1784842571008,0,0,0,132.42
1784842571008,1,100,66,377.14
1784842571144,0,0,0,132.41
1784842571144,1,100,66,377.22
1784842571281,0,0,0,132.40
1784842571281,1,100,66,376.64
1784842571418,0,0,0,132.41
1784842571418,1,100,66,377.18
1784842571553,0,0,0,132.38
1784842571553,1,100,66,378.42
1784842571689,0,0,0,132.38
1784842571689,1,100,66,378.79
1784842571825,0,0,0,132.40
1784842571825,1,100,66,377.36
1784842571961,0,0,0,132.40
1784842571961,1,100,66,379.17
1784842572097,0,0,0,132.41
1784842572097,1,100,66,377.93
1784842572234,0,0,0,132.40
1784842572234,1,100,66,374.93
1784842572370,0,0,0,132.40
1784842572370,1,100,66,373.11
1784842572506,0,0,0,132.40
1784842572506,1,100,66,373.49
1784842572644,0,0,0,132.40
1784842572644,1,100,66,373.07
1784842572780,0,0,0,132.40
1784842572780,1,100,66,375.80
1784842572916,0,0,0,132.38
1784842572916,1,100,66,373.46
1784842573052,0,0,0,132.38
1784842573052,1,100,66,373.94
1784842573189,0,0,0,132.38
1784842573189,1,100,66,376.62
1784842573325,0,0,0,132.37
1784842573325,1,100,67,378.95
1784842573462,0,0,0,132.37
1784842573462,1,100,66,379.06
1784842573597,0,0,0,132.34
1784842573597,1,100,66,377.95
1784842573733,0,0,0,132.36
1784842573733,1,100,67,378.15
1784842573869,0,0,0,132.36
1784842573869,1,100,67,378.82
1784842574006,0,0,0,132.36
1784842574006,1,100,67,377.79
1784842574141,0,0,0,132.38
1784842574141,1,100,67,377.76
1784842574277,0,0,0,132.38
1784842574277,1,100,67,377.66
1784842574415,0,0,0,132.39
1784842574415,1,100,67,378.27
1784842574551,0,0,0,132.40
1784842574551,1,100,67,378.13
1784842574687,0,0,0,132.40
1784842574687,1,100,67,378.58
1784842574824,0,0,0,132.39
1784842574824,1,100,67,378.71
1784842574960,0,0,0,132.38
1784842574960,1,100,67,380.16
1784842575095,0,0,0,132.37
1784842575095,1,100,67,379.91
1784842575232,0,0,0,132.36
1784842575232,1,100,67,380.27
1784842575368,0,0,0,132.35
1784842575368,1,100,67,380.20
1784842575505,0,0,0,132.35
1784842575505,1,100,67,380.72
1784842575641,0,0,0,132.33
1784842575641,1,100,67,381.13
1784842575777,0,0,0,132.32
1784842575777,1,100,67,380.97
1784842575911,0,0,0,132.32
1784842575911,1,100,67,381.48
1784842576048,0,0,0,132.32
1784842576048,1,100,66,379.88
1784842576186,0,0,0,132.31
1784842576186,1,100,66,379.06
1784842576323,0,0,0,132.28
1784842576323,1,100,66,378.48
1784842576459,0,0,0,132.29
1784842576459,1,100,66,377.04
1784842576595,0,0,0,132.27
1784842576595,1,100,66,376.16
1784842576732,0,0,0,132.27
1784842576732,1,100,66,375.78
1784842576869,0,0,0,132.26
1784842576869,1,100,66,374.33
1784842577005,0,0,0,132.26
1784842577005,1,100,66,374.08
1784842577140,0,0,0,132.24
1784842577140,1,96,63,330.83
1784842577275,0,0,0,132.26
1784842577275,1,0,0,307.24
1784842577409,0,0,0,132.24
1784842577409,1,0,0,281.50
1784842577543,0,0,0,132.25
1784842577543,1,0,0,235.73
1784842577676,0,0,0,132.25
1784842577676,1,0,0,211.67
1784842577809,0,0,0,132.26
1784842577809,1,0,0,183.95
1784842577943,0,0,0,132.25
1784842577943,1,0,0,135.01
1784842578076,0,0,0,132.26
1784842578076,1,0,0,131.35
1784842578211,0,0,0,132.26
1784842578211,1,0,0,130.76
1784842578344,0,0,0,132.27
1784842578344,1,0,0,130.33
1784842578476,0,0,0,132.27
1784842578476,1,0,0,130.21
1784842578611,0,0,0,132.26
1784842578611,1,0,0,129.92
1784842578744,0,0,0,132.25
1784842578744,1,0,0,129.38
1784842578879,0,0,0,132.26
1784842578879,1,0,0,129.13
1784842579015,0,0,0,160.90
1784842579015,1,0,0,128.87
1784842579152,0,95,52,279.35
1784842579152,1,0,0,128.37
1784842579289,0,93,46,322.12
1784842579289,1,0,0,128.08
1784842579425,0,98,58,431.54
1784842579425,1,0,0,127.89
1784842579562,0,98,58,489.23
1784842579562,1,0,0,127.66
1784842579697,0,98,58,541.88
1784842579697,1,0,0,127.65
1784842579832,0,98,58,652.87
1784842579832,1,0,0,127.61
1784842579967,0,98,58,675.68
1784842579967,1,0,0,127.57
1784842580102,0,94,51,672.11
1784842580102,1,0,0,127.55
1784842580237,0,92,46,679.88
1784842580237,1,0,0,127.48
1784842580372,0,92,46,683.73
1784842580372,1,0,0,127.47
1784842580509,0,98,57,686.08
1784842580509,1,0,0,127.48
1784842580645,0,98,57,689.93
1784842580645,1,0,0,127.39
1784842580780,0,98,57,689.20
1784842580780,1,0,0,127.36
1784842580916,0,98,56,691.75
1784842580916,1,0,0,127.35
1784842581050,0,94,51,697.16
1784842581050,1,0,0,127.26
1784842581185,0,94,51,692.72
1784842581185,1,0,0,127.26
1784842581320,0,93,45,687.12
1784842581320,1,0,0,127.24
1784842581458,0,98,58,686.41
1784842581458,1,0,0,127.15
1784842581594,0,98,58,685.12
1784842581594,1,0,0,127.13
1784842581730,0,97,58,685.56
1784842581730,1,0,0,127.14
1784842581867,0,98,58,684.65
1784842581867,1,0,0,127.10
1784842582002,0,98,58,682.31
1784842582002,1,0,0,127.08
1784842582138,0,94,51,677.24
1784842582138,1,0,0,127.03
1784842582272,0,92,46,687.62
1784842582272,1,0,0,127.05
1784842582408,0,92,46,688.23
1784842582408,1,0,0,127.04
1784842582543,0,98,59,692.79
1784842582543,1,0,0,126.98
1784842582678,0,98,58,689.30
1784842582678,1,0,0,127.01
1784842582815,0,98,58,688.79
1784842582815,1,0,0,126.99
1784842582952,0,98,57,694.08
1784842582952,1,0,0,126.92
1784842583088,0,95,52,693.79
1784842583088,1,0,0,126.94
1784842583222,0,95,52,686.50
1784842583222,1,0,0,126.90
1784842583357,0,93,47,683.77
1784842583357,1,0,0,126.84
1784842583494,0,98,59,686.53
1784842583494,1,0,0,126.84
1784842583631,0,98,59,685.26
1784842583631,1,0,0,126.81
1784842583766,0,98,59,684.46
1784842583766,1,0,0,126.75
1784842583903,0,98,59,678.34
1784842583903,1,0,0,126.75
1784842584039,0,94,51,679.68
1784842584039,1,0,0,126.72
1784842584174,0,94,51,678.68
1784842584174,1,0,0,126.71
1784842584309,0,92,48,686.37
1784842584309,1,0,0,126.73
1784842584445,0,98,59,686.04
1784842584445,1,0,0,126.69
1784842584580,0,98,59,687.89
1784842584580,1,0,0,126.69
1784842584717,0,98,58,684.21
1784842584717,1,0,0,126.71
1784842584852,0,98,58,689.32
1784842584852,1,0,0,126.69
1784842584989,0,98,58,693.40
1784842584989,1,0,0,126.67
1784842585126,0,94,51,699.57
1784842585126,1,0,0,126.67
1784842585262,0,92,49,696.89
1784842585262,1,0,0,126.63
1784842585397,0,92,49,697.03
1784842585397,1,0,0,126.60
1784842585534,0,98,57,698.10
1784842585534,1,0,0,126.56
1784842585671,0,98,58,701.89
1784842585671,1,0,0,126.51
1784842585806,0,98,58,700.60
1784842585806,1,0,0,126.51
1784842585942,0,98,56,696.16
1784842585942,1,0,0,126.44
1784842586079,0,94,51,693.31
1784842586079,1,0,0,126.41
1784842586214,0,94,51,692.14
1784842586214,1,0,0,126.39
1784842586351,0,92,49,693.54
1784842586351,1,0,0,126.36
1784842586489,0,98,56,690.97
1784842586489,1,0,0,126.35
1784842586624,0,98,56,690.19
1784842586624,1,0,0,126.37
1784842586760,0,98,56,691.36
1784842586760,1,0,0,126.29
1784842586896,0,98,56,691.48
1784842586896,1,0,0,126.28
1784842587032,0,94,51,694.88
1784842587032,1,0,0,126.28
1784842587168,0,94,51,690.19
1784842587168,1,0,0,126.24
1784842587302,0,93,47,685.01
1784842587302,1,0,0,126.22
1784842587438,0,98,57,688.03
1784842587438,1,0,0,126.20
1784842587576,0,98,57,688.57
1784842587576,1,0,0,126.17
1784842587712,0,98,57,687.63
1784842587712,1,0,0,126.17
1784842587848,0,98,58,686.26
1784842587848,1,0,0,126.13
1784842587983,0,98,58,685.43
1784842587983,1,0,0,126.11
1784842588119,0,94,52,680.84
1784842588119,1,0,0,126.12
1784842588254,0,93,49,689.73
1784842588254,1,0,0,126.09
1784842588390,0,93,49,686.27
1784842588390,1,0,0,126.07
1784842588525,0,98,57,686.66
1784842588525,1,0,0,126.06
1784842588660,0,98,58,684.33
1784842588660,1,0,0,126.00
1784842588795,0,98,58,685.23
1784842588795,1,0,0,126.00
1784842588931,0,98,56,679.32
1784842588931,1,0,0,126.00
1784842589067,0,94,51,678.76
1784842589067,1,0,0,125.89
1784842589203,0,94,51,682.81
1784842589203,1,0,0,125.86
1784842589338,0,93,47,688.66
1784842589338,1,0,0,125.78
1784842589474,0,98,58,686.47
1784842589474,1,0,0,125.76
1784842589608,0,98,58,689.40
1784842589608,1,0,0,125.75
1784842589744,0,98,57,690.69
1784842589744,1,0,0,125.68
1784842589883,0,97,57,693.49
1784842589883,1,0,0,125.67
1784842590018,0,97,57,696.06
1784842590018,1,0,0,125.65
1784842590156,0,94,51,691.85
1784842590156,1,0,0,125.62
1784842590291,0,92,45,693.91
1784842590291,1,0,0,125.62
1784842590429,0,92,45,692.11
1784842590429,1,0,0,125.60
1784842590565,0,98,57,689.88
1784842590565,1,0,0,125.55
1784842590702,0,98,57,692.95
1784842590702,1,0,0,125.55
1784842590837,0,98,57,693.45
1784842590837,1,0,0,125.50
1784842590971,0,98,57,696.18
1784842590971,1,0,0,125.49
1784842591107,0,94,52,694.47
1784842591107,1,0,0,125.45
1784842591294,0,92,25,674.18
1784842591294,1,0,0,125.43
1784842591429,0,92,25,676.78
1784842591429,1,0,0,125.43
1784842591566,0,98,57,677.92
1784842591566,1,0,0,125.39
1784842591702,0,98,57,677.49
1784842591702,1,0,0,125.39
1784842591840,0,98,58,679.04
1784842591840,1,0,0,125.35
1784842591975,0,98,58,677.32
1784842591975,1,0,0,125.29
1784842592111,0,88,50,678.60
1784842592111,1,0,0,125.27
1784842592247,0,91,46,696.31
1784842592247,1,0,0,125.22
1784842592384,0,91,46,689.37
1784842592384,1,0,0,125.19
1784842592520,0,98,58,689.00
1784842592520,1,0,0,125.18
1784842592655,0,98,58,684.57
1784842592655,1,0,0,125.14
1784842592791,0,98,58,680.32
1784842592791,1,0,0,125.10
1784842592926,0,98,58,682.03
1784842592926,1,0,0,125.12
1784842593063,0,87,49,678.97
1784842593063,1,0,0,125.07
1784842593212,0,87,49,681.38
1784842593212,1,0,0,125.07
1784842593346,0,90,47,672.39
1784842593346,1,0,0,125.02
1784842593481,0,98,58,676.22
1784842593481,1,0,0,124.99
1784842593617,0,98,58,675.83
1784842593617,1,0,0,124.96
1784842593756,0,98,59,676.31
1784842593756,1,0,0,124.90
1784842593892,0,98,59,674.30
1784842593892,1,0,0,124.89
1784842594028,0,98,59,676.19
1784842594028,1,0,0,124.84
1784842594164,0,94,51,674.35
1784842594164,1,0,0,124.79
1784842594300,0,91,45,675.44
1784842594300,1,0,0,124.77
1784842594436,0,98,57,680.70
1784842594436,1,0,0,124.75
1784842594572,0,98,57,683.52
1784842594572,1,0,0,124.71
1784842594709,0,98,57,683.09
1784842594709,1,0,0,124.68
1784842594845,0,97,58,685.30
1784842594845,1,0,0,124.59
1784842594982,0,97,58,682.43
1784842594982,1,0,0,124.43
1784842595119,0,93,51,686.19
1784842595119,1,0,0,124.32
1784842595256,0,91,46,690.43
1784842595256,1,0,0,124.22
1784842595392,0,91,46,691.01
1784842595392,1,0,0,124.15
1784842595529,0,98,58,692.33
1784842595529,1,0,0,124.09
1784842595665,0,98,57,694.58
1784842595665,1,0,0,123.93
1784842595801,0,98,57,695.20
1784842595801,1,0,0,123.86
1784842595937,0,98,58,693.57
1784842595937,1,0,0,123.82
1784842596074,0,89,49,691.09
1784842596074,1,0,0,123.90
1784842596209,0,89,49,687.53
1784842596209,1,0,0,123.88
1784842596345,0,91,46,684.18
1784842596345,1,0,0,123.81
1784842596481,0,98,60,682.12
1784842596481,1,0,0,123.80
1784842596619,0,98,60,683.83
1784842596619,1,0,0,123.78
1784842596754,0,98,60,678.54
1784842596754,1,0,0,123.75
1784842596891,0,98,60,675.89
1784842596891,1,0,0,123.74
1784842597026,0,98,60,679.06
1784842597026,1,0,0,123.71
1784842597162,0,94,52,681.77
1784842597162,1,0,0,123.61
1784842597298,0,97,46,678.06
1784842597298,1,0,0,123.61
1784842597433,0,97,46,679.44
1784842597433,1,0,0,123.57
1784842597569,0,98,59,681.77
1784842597569,1,0,0,123.51
1784842597704,0,98,59,683.67
1784842597704,1,0,0,123.54
1784842597839,0,98,58,685.83
1784842597839,1,0,0,123.51
1784842597974,0,98,58,687.28
1784842597974,1,0,0,123.46
1784842598110,0,95,52,689.91
1784842598110,1,0,0,123.49
1784842598246,0,92,44,686.38
1784842598246,1,0,0,123.47
1784842598382,0,92,44,684.34
1784842598382,1,0,0,123.46
1784842598519,0,98,59,687.01
1784842598519,1,0,0,123.45
1784842598654,0,97,59,689.22
1784842598654,1,0,0,123.38
1784842598792,0,97,59,686.75
1784842598792,1,0,0,123.38
1784842598929,0,98,59,686.40
1784842598929,1,0,0,123.39
1784842599065,0,94,52,681.82
1784842599065,1,0,0,123.34
1784842599201,0,94,52,683.03
1784842599201,1,0,0,123.34
1784842599337,0,92,43,686.50
1784842599337,1,0,0,123.33
1784842599475,0,98,58,685.31
1784842599475,1,0,0,123.29
1784842599611,0,98,58,685.07
1784842599611,1,0,0,123.28
1784842599746,0,98,58,684.60
1784842599746,1,0,0,123.24
1784842599882,0,98,58,686.70
1784842599882,1,0,0,123.19
1784842600018,0,98,58,687.19
1784842600018,1,0,0,123.18
1784842600153,0,94,52,689.89
1784842600153,1,0,0,123.15
1784842600289,0,92,44,690.14
1784842600289,1,0,0,123.12
1784842600425,0,92,44,688.10
1784842600425,1,0,0,123.13
1784842600562,0,98,60,688.40
1784842600562,1,0,0,123.10
1784842600698,0,98,60,682.47
1784842600698,1,0,0,123.08
1784842600835,0,98,60,682.65
1784842600835,1,0,0,123.08
1784842600971,0,98,60,686.11
1784842600971,1,0,0,123.03
1784842601107,0,94,52,683.28
1784842601107,1,0,0,123.03
1784842601242,0,93,46,689.21
1784842601242,1,0,0,122.96
1784842601379,0,93,46,690.92
1784842601379,1,0,0,122.95
1784842601515,0,98,58,691.83
1784842601515,1,0,0,122.93
1784842601651,0,98,58,693.84
1784842601651,1,0,0,122.87
1784842601787,0,98,58,690.10
1784842601787,1,0,0,122.86
1784842601922,0,98,58,691.69
1784842601922,1,0,0,122.84
1784842602057,0,94,52,688.32
1784842602057,1,0,0,122.78
1784842602192,0,94,52,682.35
1784842602192,1,0,0,122.75
1784842602327,0,93,47,685.51
1784842602327,1,0,0,122.75
1784842602465,0,98,59,686.74
1784842602465,1,0,0,122.71
1784842602601,0,98,59,687.16
1784842602601,1,0,0,122.67
1784842602736,0,98,60,689.86
1784842602736,1,0,0,122.67
1784842602872,0,98,59,685.98
1784842602872,1,0,0,122.61
1784842603006,0,98,59,693.21
1784842603006,1,0,0,122.61
1784842603142,0,94,50,688.38
1784842603142,1,0,0,122.57
1784842603276,0,93,46,687.40
1784842603276,1,0,0,122.54
1784842603410,0,93,46,687.48
1784842603410,1,0,0,122.53
1784842603545,0,98,57,685.59
1784842603545,1,0,0,122.51
1784842603682,0,98,57,684.73
1784842603682,1,0,0,122.48
1784842603817,0,98,57,683.01
1784842603817,1,0,0,122.48
1784842603953,0,98,56,682.63
1784842603953,1,0,0,122.48
1784842604089,0,94,50,685.71
1784842604089,1,0,0,122.48
1784842604224,0,94,50,682.31
1784842604224,1,0,0,122.47
1784842604360,0,92,45,691.80
1784842604360,1,0,0,122.46
1784842604497,0,98,56,689.67
1784842604497,1,0,0,122.43
1784842604632,0,98,56,686.21
1784842604632,1,0,0,122.42
1784842604767,0,98,57,692.21
1784842604767,1,0,0,122.41
1784842604903,0,98,57,689.00
1784842604903,1,0,0,122.36
1784842605039,0,94,51,689.23
1784842605039,1,0,0,122.33
1784842605177,0,94,51,694.70
1784842605177,1,0,0,122.34
1784842605314,0,92,45,685.47
1784842605314,1,0,0,122.30
1784842605450,0,98,58,680.55
1784842605450,1,0,0,122.27
1784842605587,0,98,58,681.08
1784842605587,1,0,0,122.26
1784842605724,0,98,58,680.41
1784842605724,1,0,0,122.22
1784842605860,0,98,59,677.47
1784842605860,1,0,0,122.21
1784842605995,0,98,59,675.61
1784842605995,1,0,0,122.19
1784842606131,0,94,51,679.20
1784842606131,1,0,0,122.16
1784842606266,0,92,45,685.85
1784842606266,1,0,0,122.17
1784842606402,0,92,45,687.06
1784842606402,1,0,0,122.14
1784842606538,0,98,58,691.58
1784842606538,1,0,0,122.14
1784842606675,0,98,57,687.60
1784842606675,1,0,0,122.16
1784842606810,0,98,57,693.42
1784842606810,1,0,0,122.13
1784842606947,0,98,57,696.18
1784842606947,1,0,0,122.12
1784842607082,0,95,53,695.03
1784842607082,1,0,0,122.09
1784842607218,0,95,53,683.73
1784842607218,1,0,0,122.08
1784842607353,0,98,39,681.58
1784842607353,1,0,0,122.07
1784842607489,0,98,59,682.88
1784842607489,1,0,0,122.06
1784842607626,0,98,59,680.13
1784842607626,1,0,0,122.06
1784842607762,0,98,59,686.93
1784842607762,1,0,0,122.04
1784842607897,0,98,59,685.08
1784842607897,1,0,0,122.01
1784842608033,0,98,59,680.42
1784842608033,1,0,0,122.00
1784842608167,0,94,51,686.29
1784842608167,1,0,0,121.99
1784842608301,0,92,43,689.64
1784842608301,1,0,0,121.96
1784842608436,0,92,43,685.40
1784842608436,1,0,0,121.95
1784842608571,0,98,57,686.71
1784842608571,1,0,0,121.92
1784842608707,0,98,57,682.61
1784842608707,1,0,0,121.90
1784842608842,0,98,57,684.88
1784842608842,1,0,0,121.86
1784842608978,0,98,57,688.79
1784842608978,1,0,0,121.85
1784842609113,0,95,52,693.00
1784842609113,1,0,0,121.84
1784842609248,0,27,14,633.16
1784842609248,1,0,0,121.83
1784842609383,0,27,14,577.20
1784842609383,1,0,0,121.81
1784842609518,0,0,0,518.39
1784842609518,1,0,0,121.81
1784842609651,0,33,16,467.68
1784842609651,1,0,0,121.78
1784842609788,0,33,16,468.08
1784842609788,1,0,0,121.78
1784842609924,0,98,59,464.73
1784842609924,1,0,0,121.78
1784842610060,0,98,58,466.35
1784842610060,1,0,0,121.73
1784842610197,0,98,58,476.70
1784842610197,1,0,0,121.72
1784842610333,0,98,59,534.11
1784842610333,1,0,0,121.74
1784842610469,0,87,51,637.38
1784842610469,1,0,0,121.68
1784842610604,0,87,51,688.48
1784842610604,1,0,0,121.70
1784842610740,0,90,49,692.77
1784842610740,1,0,0,121.70
1784842610876,0,98,60,694.28
1784842610876,1,0,0,121.66
1784842611011,0,98,60,696.71
1784842611011,1,0,0,121.68
1784842611146,0,98,59,697.45
1784842611146,1,0,0,121.67
1784842611281,0,98,59,697.37
1784842611281,1,0,0,121.67
1784842611417,0,98,59,697.14
1784842611417,1,0,0,121.67
1784842611552,0,87,51,697.53
1784842611552,1,0,0,121.65
1784842611688,0,90,49,697.03
1784842611688,1,0,0,121.65
1784842611823,0,90,49,695.15
1784842611823,1,0,0,121.64
1784842611960,0,98,60,695.50
1784842611960,1,0,0,121.61
1784842612097,0,98,58,693.60
1784842612097,1,0,0,121.60
1784842612232,0,98,58,694.37
1784842612232,1,0,0,121.59
1784842612366,0,98,59,692.15
1784842612366,1,0,0,121.59
1784842612502,0,88,50,693.39
1784842612502,1,0,0,121.58
1784842612637,0,88,50,695.36
1784842612637,1,0,0,121.56
1784842612774,0,91,48,694.58
1784842612774,1,0,0,121.55
1784842612909,0,98,58,696.95
1784842612909,1,0,0,121.55
1784842613045,0,98,56,698.88
1784842613045,1,0,0,121.54
1784842613181,0,98,56,697.26
1784842613181,1,0,0,121.52
1784842613317,0,98,57,697.13
1784842613317,1,0,0,121.49
1784842613451,0,88,49,693.84
1784842613451,1,0,0,121.49
1784842613588,0,88,49,693.60
1784842613588,1,0,0,121.50
1784842613724,0,90,46,692.60
1784842613724,1,0,0,121.47
1784842613859,0,98,56,695.51
1784842613859,1,0,0,121.48
1784842613995,0,98,56,692.71
1784842613995,1,0,0,121.46
1784842614130,0,98,57,692.17
1784842614130,1,0,0,121.44
1784842614265,0,98,56,694.77
1784842614265,1,0,0,121.44
1784842614401,0,98,56,697.15
1784842614401,1,0,0,121.43
1784842614536,0,88,50,697.06
1784842614536,1,0,0,121.41
1784842614672,0,96,48,695.13
1784842614672,1,0,0,121.39
1784842614807,0,96,48,690.09
1784842614807,1,0,0,121.36
1784842614944,0,98,58,689.15
1784842614944,1,0,0,121.38
1784842615080,0,98,58,685.78
1784842615080,1,0,0,121.34
1784842615218,0,98,58,687.05
1784842615218,1,0,0,121.34
1784842615355,0,98,58,682.74
1784842615355,1,0,0,121.33
1784842615490,0,88,51,682.08
1784842615490,1,0,0,121.31
1784842615625,0,88,51,689.87
1784842615625,1,0,0,121.30
1784842615760,0,91,49,689.15
1784842615760,1,0,0,121.28
1784842615897,0,98,58,694.99
1784842615897,1,0,0,121.27
1784842616033,0,98,58,690.68
1784842616033,1,0,0,121.24
1784842616168,0,98,59,694.02
1784842616168,1,0,0,121.23
1784842616303,0,98,59,691.06
1784842616303,1,0,0,121.29
1784842616439,0,98,59,692.32
1784842616439,1,0,0,121.38
1784842616575,0,88,51,685.29
1784842616575,1,0,0,121.35
1784842616711,0,90,47,686.00
1784842616711,1,0,0,121.35
1784842616847,0,98,58,689.96
1784842616847,1,0,0,121.41
1784842616983,0,98,58,691.14
1784842616983,1,0,0,121.47
1784842617119,0,98,59,689.82
1784842617119,1,0,0,121.46
1784842617255,0,98,58,693.25
1784842617255,1,0,0,121.39
1784842617390,0,98,58,693.22
1784842617390,1,0,0,121.31
1784842617525,0,88,53,691.83
1784842617525,1,0,0,121.29
1784842617660,0,95,54,685.61
1784842617660,1,0,0,121.30
1784842617794,0,95,54,680.84
1784842617794,1,0,0,121.30
1784842617930,0,98,62,680.15
1784842617930,1,0,0,121.30
1784842618065,0,98,61,681.51
1784842618065,1,0,0,121.31
1784842618200,0,98,61,683.08
1784842618200,1,0,0,121.33
1784842618335,0,98,61,681.18
1784842618335,1,0,0,121.37
1784842618470,0,88,52,684.11
1784842618470,1,0,0,121.45
1784842618607,0,88,52,683.29
1784842618607,1,0,0,121.42
1784842618741,0,90,48,688.70
1784842618741,1,0,0,121.36
1784842618879,0,98,57,690.68
1784842618879,1,0,0,121.25
1784842619015,0,98,57,683.81
1784842619015,1,0,0,121.13
1784842619150,0,98,56,678.01
1784842619150,1,0,0,121.04
1784842619287,0,98,56,676.74
1784842619287,1,0,0,120.98
1784842619424,0,98,56,673.18
1784842619424,1,0,0,120.85
1784842619560,0,90,51,668.41
1784842619560,1,0,0,120.79
1784842619695,0,94,51,668.88
1784842619695,1,0,0,120.77
1784842619832,0,94,51,669.85
1784842619832,1,0,0,120.75
1784842619968,0,98,60,676.89
1784842619968,1,0,0,120.74
1784842620104,0,98,59,675.27
1784842620104,1,0,0,120.73
1784842620240,0,98,59,679.56
1784842620240,1,0,0,120.73
1784842620375,0,98,59,678.27
1784842620375,1,0,0,120.74
1784842620509,0,88,52,687.53
1784842620509,1,0,0,120.73
1784842620645,0,88,52,684.46
1784842620645,1,0,0,120.74
1784842620782,0,95,50,687.15
1784842620782,1,0,0,120.71
1784842620917,0,98,58,688.19
1784842620917,1,0,0,120.71
1784842621054,0,98,58,691.39
1784842621054,1,0,0,120.71
1784842621190,0,98,58,686.52
1784842621190,1,0,0,120.68
1784842621325,0,98,59,687.07
1784842621325,1,0,0,120.66
1784842621461,0,88,52,690.51
1784842621461,1,0,0,120.63
1784842621597,0,88,52,694.51
1784842621597,1,0,0,120.60
1784842621734,0,96,50,693.07
1784842621734,1,0,0,120.62
1784842621870,0,98,58,692.61
1784842621870,1,0,0,120.60
1784842622006,0,98,58,696.88
1784842622006,1,0,0,120.60
1784842622142,0,98,57,693.55
1784842622142,1,0,0,120.59
1784842622276,0,98,57,695.46
1784842622276,1,0,0,120.58
1784842622413,0,98,57,689.66
1784842622413,1,0,0,120.61
1784842622548,0,89,50,689.01
1784842622548,1,0,0,120.58
1784842622685,0,96,50,688.67
1784842622685,1,0,0,120.57
1784842622819,0,96,50,690.85
1784842622819,1,0,0,120.57
1784842622962,0,98,60,684.89
1784842622962,1,0,0,120.54
1784842623097,0,98,60,685.28
1784842623097,1,0,0,120.55
1784842623251,0,98,60,686.33
1784842623251,1,0,0,120.54
1784842623387,0,98,60,691.34
1784842623387,1,0,0,120.52
1784842623523,0,87,50,690.66
1784842623523,1,0,0,120.50
1784842623660,0,90,49,684.20
1784842623660,1,0,0,120.51
1784842623795,0,90,49,687.08
1784842623795,1,0,0,120.53
1784842623929,0,98,59,687.86
1784842623929,1,0,0,120.54
1784842624064,0,98,58,687.45
1784842624064,1,0,0,120.51
1784842624200,0,98,58,687.80
1784842624200,1,0,0,120.51
1784842624336,0,98,58,689.64
1784842624336,1,0,0,120.52
1784842624470,0,87,50,691.60
1784842624470,1,0,0,120.54
1784842624606,0,87,50,695.70
1784842624606,1,0,0,120.54
1784842624740,0,91,47,690.64
1784842624740,1,0,0,120.53
1784842624876,0,98,58,688.09
1784842624876,1,0,0,120.50
1784842625011,0,98,58,684.12
1784842625011,1,0,0,120.48
1784842625147,0,98,58,687.28
1784842625147,1,0,0,120.48
1784842625282,0,98,59,682.35
1784842625282,1,0,0,120.50
1784842625417,0,98,59,682.86
1784842625417,1,0,0,120.49
1784842625553,0,94,51,682.88
1784842625553,1,0,0,120.46
1784842625689,0,91,45,683.79
1784842625689,1,0,0,120.47
1784842625825,0,91,45,686.76
1784842625825,1,0,0,120.49
1784842625961,0,98,59,686.94
1784842625961,1,0,0,120.52
1784842626096,0,98,58,682.12
1784842626096,1,0,0,120.51
1784842626231,0,98,58,687.12
1784842626231,1,0,0,120.50
1784842626368,0,98,59,684.78
1784842626368,1,0,0,120.49
1784842626505,0,95,51,686.16
1784842626505,1,0,0,120.47
1784842626640,0,95,51,684.27
1784842626640,1,0,0,120.48
1784842626776,0,92,44,692.55
1784842626776,1,0,0,120.44
1784842626911,0,98,57,691.59
1784842626911,1,0,0,120.43
1784842627049,0,98,57,694.28
1784842627049,1,0,0,120.43
1784842627186,0,98,57,689.04
1784842627186,1,0,0,120.42
1784842627323,0,98,58,690.00
1784842627323,1,0,0,120.43
1784842627458,0,94,52,690.86
1784842627458,1,0,0,120.42
1784842627594,0,94,52,683.40
1784842627594,1,0,0,120.40
1784842627730,0,92,45,689.57
1784842627730,1,0,0,120.40
1784842627864,0,98,60,689.42
1784842627864,1,0,0,120.41
1784842627998,0,98,60,688.03
1784842627998,1,0,0,120.40
1784842628133,0,98,59,691.00
1784842628133,1,0,0,120.41
1784842628269,0,98,60,690.02
1784842628269,1,0,0,120.36
1784842628404,0,98,60,696.93
1784842628404,1,0,0,120.37
1784842628539,0,94,51,696.68
1784842628539,1,0,0,120.36
1784842628675,0,92,44,688.84
1784842628675,1,0,0,120.38
1784842628814,0,92,44,683.69
1784842628814,1,0,0,120.38
1784842628950,0,98,59,673.56
1784842628950,1,0,0,120.36
1784842629086,0,98,60,668.79
1784842629086,1,0,0,120.37
1784842629222,0,98,60,664.38
1784842629222,1,0,0,120.38
1784842629359,0,98,60,666.92
1784842629359,1,0,0,120.36
1784842629493,0,94,52,667.73
1784842629493,1,0,0,120.38
1784842629629,0,94,52,670.79
1784842629629,1,0,0,120.35
1784842629764,0,93,51,675.71
1784842629764,1,0,0,120.31
1784842629900,0,98,59,677.54
1784842629900,1,0,0,120.33
1784842630033,0,98,59,682.73
1784842630033,1,0,0,120.31
1784842630173,0,98,60,686.89
1784842630173,1,0,0,120.33
1784842630308,0,98,60,691.94
1784842630308,1,0,0,120.33
1784842630443,0,98,60,690.17
1784842630443,1,0,0,120.33
1784842630579,0,94,52,677.02
1784842630579,1,0,0,120.35
1784842630715,0,99,50,682.62
1784842630715,1,0,0,120.37
1784842630851,0,99,50,689.34
1784842630851,1,0,0,120.36
1784842630987,0,98,59,689.18
1784842630987,1,0,0,120.38
1784842631123,0,98,59,692.61
1784842631123,1,0,0,120.36
1784842631259,0,98,60,688.38
1784842631259,1,0,0,120.34
1784842631394,0,98,60,685.66
1784842631394,1,0,0,120.36
1784842631530,0,95,51,689.21
1784842631530,1,0,0,120.34
1784842631666,0,98,52,692.63
1784842631666,1,0,0,120.31
1784842631801,0,98,52,695.03
1784842631801,1,0,0,120.31
1784842631937,0,98,56,691.92
1784842631937,1,0,0,120.31
1784842632073,0,98,58,689.55
1784842632073,1,0,0,120.33
1784842632207,0,98,58,690.97
1784842632207,1,0,0,120.33
1784842632343,0,98,56,690.47
1784842632343,1,0,0,120.34
1784842632478,0,94,51,683.48
1784842632478,1,0,0,120.35
1784842632614,0,94,51,689.54
1784842632614,1,0,0,120.33
1784842632752,0,99,50,686.64
1784842632752,1,0,0,120.35
1784842632888,0,98,58,687.22
1784842632888,1,0,0,120.34
1784842633024,0,98,58,690.22
1784842633024,1,0,0,120.32
1784842633160,0,98,57,692.32
1784842633160,1,0,0,120.28
1784842633296,0,98,57,692.32
1784842633296,1,0,0,120.26
1784842633432,0,98,57,694.23
1784842633432,1,0,0,120.25
1784842633568,0,94,52,693.84
1784842633568,1,0,0,120.24
1784842633703,0,99,52,691.83
1784842633703,1,0,0,120.23
1784842633840,0,99,52,692.54
1784842633840,1,0,0,120.22
1784842633975,0,98,60,691.46
1784842633975,1,0,0,120.19
1784842634108,0,98,58,691.35
1784842634108,1,0,0,120.18
1784842634247,0,98,58,689.04
1784842634247,1,0,0,120.20
1784842634382,0,98,59,691.91
1784842634382,1,0,0,120.16
1784842634516,0,95,52,692.23
1784842634516,1,0,0,120.18
1784842634652,0,99,51,691.35
1784842634652,1,0,0,120.16
1784842634789,0,99,51,693.51
1784842634789,1,0,0,120.16
1784842634924,0,98,57,691.62
1784842634924,1,0,0,120.17
1784842635061,0,98,57,691.16
1784842635061,1,0,0,120.19
1784842635197,0,98,57,694.41
1784842635197,1,0,0,120.18
1784842635332,0,98,56,696.04
1784842635332,1,0,0,120.19
1784842635468,0,94,51,693.73
1784842635468,1,0,0,120.18
1784842635610,0,94,51,693.12
1784842635610,1,0,0,120.20
1784842635746,0,92,49,689.65
1784842635746,1,0,0,120.17
1784842635881,0,98,58,692.30
1784842635881,1,0,0,120.20
1784842636017,0,98,58,693.92
1784842636017,1,0,0,120.22
1784842636153,0,98,57,691.88
1784842636153,1,0,0,120.35
1784842636289,0,98,57,691.39
1784842636289,1,0,0,120.39
1784842636425,0,98,57,688.17
1784842636425,1,0,0,120.35
1784842636561,0,94,51,687.89
1784842636561,1,0,0,120.33
1784842636698,0,92,48,694.09
1784842636698,1,0,0,120.34
1784842636834,0,92,48,695.99
1784842636834,1,0,0,120.34
1784842636970,0,98,57,690.44
1784842636970,1,0,0,120.33
1784842637107,0,98,56,691.60
1784842637107,1,0,0,120.27
1784842637242,0,98,56,692.14
1784842637242,1,0,0,120.21
1784842637376,0,98,55,693.76
1784842637376,1,0,0,120.15
1784842637513,0,95,51,690.28
1784842637513,1,0,0,120.20
1784842637648,0,95,51,691.30
1784842637648,1,0,0,120.22
1784842637784,0,93,45,685.90
1784842637784,1,0,0,120.26
1784842637919,0,98,59,688.33
1784842637919,1,0,0,120.32
1784842638055,0,98,57,690.11
1784842638055,1,0,0,120.43
1784842638191,0,98,57,687.66
1784842638191,1,0,0,120.49
1784842638326,0,98,57,687.06
1784842638326,1,0,0,120.56
1784842638461,0,94,51,689.18
1784842638461,1,0,0,120.68
1784842638597,0,94,51,689.86
1784842638597,1,0,0,120.75
1784842638732,0,92,45,691.47
1784842638732,1,0,0,120.79
1784842638869,0,98,58,692.91
1784842638869,1,0,0,120.77
1784842639006,0,98,58,692.41
1784842639006,1,0,0,120.79
1784842639141,0,98,56,692.10
1784842639141,1,0,0,120.77
1784842639277,0,98,58,684.01
1784842639277,1,0,0,120.78
1784842639413,0,98,58,693.24
1784842639413,1,0,0,120.79
1784842639548,0,94,51,694.97
1784842639548,1,0,0,120.78
1784842639684,0,93,46,694.11
1784842639684,1,0,0,120.76
1784842639820,0,93,46,692.96
1784842639820,1,0,0,120.78
1784842639956,0,98,59,694.40
1784842639956,1,0,0,120.72
1784842640093,0,98,58,692.28
1784842640093,1,0,0,120.67
1784842640229,0,98,58,696.17
1784842640229,1,0,0,120.59
1784842640366,0,98,58,699.78
1784842640366,1,0,0,120.47
1784842640501,0,94,52,687.14
1784842640501,1,0,0,120.37
1784842640636,0,94,52,638.44
1784842640636,1,0,0,120.28
1784842640770,0,0,0,532.14
1784842640770,1,0,0,120.15
1784842640904,0,0,0,483.21
1784842640904,1,0,0,120.05
1784842641042,0,0,0,479.17
1784842641042,1,0,0,120.01
1784842641179,0,91,48,482.22
1784842641179,1,0,0,120.00
1784842641314,0,98,59,479.48
1784842641314,1,0,0,119.99
1784842641449,0,98,59,475.70
1784842641449,1,0,0,119.98
1784842641586,0,98,58,534.59
1784842641586,1,0,0,119.98
1784842641721,0,99,57,582.79
1784842641721,1,0,0,120.00
1784842641862,0,81,83,630.83
1784842641862,1,2,2,120.43
1784842642001,0,81,83,587.52
1784842642001,1,2,2,136.50
1784842642135,0,68,9,536.43
1784842642135,1,10,9,140.92
1784842642270,0,0,0,425.55
1784842642270,1,0,0,140.97
1784842642405,0,0,0,370.71
1784842642405,1,0,0,140.57
1784842642539,0,0,0,314.06
1784842642539,1,5,1,140.79
1784842642676,0,60,9,213.57
1784842642676,1,47,27,162.36
1784842642813,0,60,9,174.44
1784842642813,1,47,27,199.90
1784842642951,0,0,0,158.82
1784842642951,1,96,57,287.90
1784842643090,0,0,0,143.44
1784842643090,1,100,47,352.04
1784842643227,0,0,0,142.96
1784842643227,1,100,47,395.12
1784842643365,0,0,0,142.16
1784842643365,1,100,49,526.35
1784842643502,0,0,0,141.86
1784842643502,1,100,49,588.39
1784842643639,0,0,0,140.78
1784842643639,1,100,49,637.58
1784842643776,0,0,0,138.83
1784842643776,1,100,46,686.34
1784842643913,0,0,0,138.62
1784842643913,1,96,51,699.68
1784842644050,0,0,0,138.46
1784842644050,1,97,66,678.67
1784842644187,0,0,0,138.19
1784842644187,1,97,66,690.59
1784842644324,0,0,0,138.09
1784842644324,1,96,62,675.91
1784842644461,0,0,0,137.86
1784842644461,1,100,60,657.65
1784842644599,0,0,0,137.74
1784842644599,1,100,60,648.11
1784842644736,0,0,0,137.64
1784842644736,1,100,63,643.59
1784842644873,0,0,0,137.43
1784842644873,1,100,54,652.47
1784842645011,0,0,0,137.35
1784842645011,1,100,54,649.10
1784842645149,0,0,0,137.25
1784842645149,1,97,50,655.46
1784842645286,0,0,0,137.09
1784842645286,1,89,53,643.19
1784842645422,0,0,0,137.01
1784842645422,1,89,53,637.70
1784842645559,0,0,0,136.83
1784842645559,1,96,62,623.72
1784842645696,0,0,0,136.75
1784842645696,1,94,60,613.10
1784842645834,0,0,0,136.71
1784842645834,1,94,60,602.91
1784842645972,0,0,0,136.55
1784842645972,1,97,60,597.41
1784842646109,0,0,0,136.50
1784842646109,1,96,54,595.10
1784842646246,0,0,0,136.43
1784842646246,1,96,54,585.23
1784842646383,0,0,0,136.31
1784842646383,1,91,54,605.85
1784842646529,0,0,0,136.25
1784842646529,1,99,59,612.64
1784842646666,0,0,0,136.12
1784842646666,1,100,66,613.58
1784842646803,0,0,0,136.03
1784842646803,1,100,66,609.30
1784842646949,0,0,0,135.84
1784842646949,1,100,66,590.69
1784842647095,0,0,0,135.69
1784842647095,1,100,53,597.03
1784842647232,0,0,0,135.56
1784842647232,1,100,53,593.32
1784842647369,0,0,0,135.30
1784842647369,1,96,52,599.88
1784842647506,0,0,0,135.16
1784842647506,1,100,68,586.47
1784842647643,0,0,0,135.05
1784842647643,1,100,68,583.36
1784842647780,0,0,0,134.82
1784842647780,1,91,52,596.78
1784842647918,0,0,0,134.70
1784842647918,1,98,63,600.15
1784842648056,0,0,0,134.62
1784842648056,1,86,56,577.59
1784842648193,0,0,0,134.51
1784842648193,1,86,56,583.03
1784842648329,0,0,0,134.43
1784842648329,1,91,46,575.12
1784842648466,0,0,0,134.38
1784842648466,1,96,53,596.38
1784842648604,0,0,0,134.32
1784842648604,1,96,53,603.34
1784842648741,0,0,0,134.28
1784842648741,1,84,48,596.49
1784842648879,0,0,0,134.19
1784842648879,1,94,53,608.24
1784842649017,0,0,0,134.15
1784842649017,1,94,53,603.80
1784842649154,0,0,0,134.11
1784842649154,1,96,59,602.02
1784842649291,0,0,0,134.07
1784842649291,1,97,63,585.70
1784842649428,0,0,0,134.02
1784842649428,1,97,63,566.57
1784842649565,0,0,0,133.94
1784842649565,1,98,60,555.09
1784842649703,0,0,0,133.92
1784842649703,1,95,59,550.29
1784842649840,0,0,0,133.89
1784842649840,1,95,59,548.64
1784842649977,0,0,0,133.82
1784842649977,1,98,62,533.09
1784842650115,0,0,0,133.81
1784842650115,1,98,64,531.32
1784842650251,0,0,0,133.78
1784842650251,1,98,64,543.26
1784842650389,0,0,0,133.75
1784842650389,1,87,50,549.18
1784842650526,0,0,0,133.73
1784842650526,1,100,47,571.69
1784842650664,0,0,0,133.68
1784842650664,1,96,59,564.26
1784842650801,0,0,0,133.65
1784842650801,1,96,59,583.39
1784842650938,0,0,0,133.65
1784842650938,1,100,66,577.72
1784842651075,0,0,0,133.59
1784842651075,1,98,64,578.20
1784842651211,0,0,0,133.57
1784842651211,1,98,64,594.16
1784842651348,0,0,0,133.57
1784842651348,1,99,56,592.64
1784842651485,0,0,0,133.51
1784842651485,1,93,52,571.85
1784842651622,0,0,0,133.50
1784842651622,1,93,52,573.18
1784842651758,0,0,0,133.45
1784842651758,1,96,58,556.42
1784842651894,0,0,0,133.44
1784842651894,1,94,52,569.37
1784842652033,0,0,0,133.40
1784842652033,1,94,52,587.17
1784842652170,0,0,0,133.35
1784842652170,1,97,57,566.49
1784842652305,0,0,0,133.35
1784842652305,1,93,54,567.94
1784842652444,0,0,0,133.34
1784842652444,1,93,54,564.70
1784842652581,0,0,0,133.32
1784842652581,1,98,56,567.78
1784842652718,0,0,0,133.32
1784842652718,1,97,56,573.67
1784842652855,0,0,0,133.33
1784842652855,1,100,66,567.03
1784842652991,0,0,0,133.29
1784842652991,1,100,66,552.84
1784842653126,0,0,0,133.29
1784842653126,1,99,64,550.42
1784842653263,0,0,0,133.26
1784842653263,1,98,62,543.53
1784842653401,0,0,0,133.23
1784842653401,1,98,62,549.60
1784842653559,0,0,0,133.20
1784842653559,1,65,39,541.92
1784842653696,0,0,0,133.22
1784842653696,1,99,64,529.80
1784842653834,0,0,0,133.21
1784842653834,1,99,64,527.79
1784842653970,0,0,0,133.17
1784842653970,1,88,47,558.91
1784842654107,0,0,0,133.16
1784842654107,1,96,58,566.86
1784842654244,0,0,0,133.14
1784842654244,1,96,58,567.05
1784842654381,0,0,0,133.12
1784842654381,1,96,61,566.41
1784842654518,0,0,0,133.10
1784842654518,1,92,55,576.01
1784842654654,0,0,0,133.08
1784842654654,1,92,55,582.32
1784842654791,0,0,0,133.02
1784842654791,1,99,56,600.42
1784842654928,0,0,0,133.01
1784842654928,1,100,65,582.74
1784842655066,0,0,0,133.01
1784842655066,1,100,53,600.99
1784842655202,0,0,0,133.00
1784842655202,1,100,53,611.69
1784842655340,0,0,0,133.01
1784842655340,1,98,61,616.23
1784842655476,0,0,0,132.99
1784842655476,1,98,61,624.31
1784842655613,0,0,0,133.01
1784842655613,1,98,61,628.44
1784842655749,0,0,0,132.99
1784842655749,1,100,62,619.98
1784842655885,0,0,0,133.03
1784842655885,1,99,50,628.25
1784842656021,0,0,0,133.03
1784842656021,1,99,50,626.58
1784842656159,0,0,0,133.01
1784842656159,1,100,61,600.74
1784842656296,0,0,0,133.02
1784842656296,1,96,56,611.97
1784842656432,0,0,0,133.00
1784842656432,1,96,56,616.00
1784842656569,0,0,0,132.96
1784842656569,1,97,61,609.18
1784842656706,0,0,0,132.94
1784842656706,1,93,56,609.24
1784842656842,0,0,0,132.93
1784842656842,1,93,56,601.90
1784842656980,0,0,0,132.89
1784842656980,1,98,60,584.15
1784842657117,0,0,0,132.87
1784842657117,1,97,60,576.94
1784842657254,0,0,0,132.90
1784842657254,1,97,60,557.65
1784842657392,0,0,0,132.91
1784842657392,1,100,63,531.43
1784842657530,0,0,0,132.92
1784842657530,1,97,61,531.02
1784842657665,0,0,0,132.91
1784842657665,1,86,39,539.84
1784842657801,0,0,0,132.91
1784842657801,1,86,39,554.35
1784842657939,0,0,0,132.90
1784842657939,1,100,61,549.12
1784842658077,0,0,0,132.88
1784842658077,1,92,54,552.11
1784842658213,0,0,0,132.86
1784842658213,1,92,54,554.99
1784842658350,0,0,0,132.85
1784842658350,1,88,48,570.85
1784842658487,0,0,0,132.85
1784842658487,1,90,51,589.76
1784842658624,0,0,0,132.83
1784842658624,1,90,51,585.40
1784842658761,0,0,0,132.84
1784842658761,1,95,58,565.91
1784842658897,0,0,0,132.83
1784842658897,1,96,60,563.88
1784842659034,0,0,0,132.85
1784842659034,1,96,60,565.98
1784842659172,0,0,0,132.84
1784842659172,1,93,54,576.59
1784842659307,0,0,0,132.82
1784842659307,1,90,54,558.97
1784842659444,0,0,0,132.80
1784842659444,1,90,54,543.75
1784842659582,0,0,0,132.77
1784842659582,1,100,67,529.12
1784842659719,0,0,0,132.76
1784842659719,1,100,67,522.88
1784842659855,0,0,0,132.75
1784842659855,1,100,67,520.13
1784842659992,0,0,0,132.74
1784842659992,1,99,56,539.61
1784842660129,0,0,0,132.73
1784842660129,1,68,39,527.00
1784842660265,0,0,0,132.77
1784842660265,1,100,62,531.43
1784842660402,0,0,0,132.79
1784842660402,1,100,62,547.77
1784842660538,0,0,0,132.77
1784842660538,1,98,64,551.10
1784842660675,0,0,0,132.78
1784842660675,1,94,61,551.32
1784842660812,0,0,0,132.76
1784842660812,1,94,61,547.94
1784842660951,0,0,0,132.75
1784842660951,1,93,62,526.63
1784842661088,0,0,0,132.71
1784842661088,1,99,55,545.94
1784842661225,0,0,0,132.70
1784842661225,1,99,55,552.84
1784842661362,0,0,0,132.65
1784842661362,1,90,52,549.33
1784842661498,0,0,0,132.65
1784842661498,1,93,58,557.04
1784842661635,0,0,0,132.64
1784842661635,1,93,58,577.36
1784842661773,0,0,0,132.63
1784842661773,1,99,61,576.09
1784842661909,0,0,0,132.61
1784842661909,1,82,47,579.90
1784842662047,0,0,0,132.60
1784842662047,1,82,47,572.26
1784842662184,0,0,0,132.60
1784842662184,1,96,60,561.21
1784842662321,0,0,0,132.60
1784842662321,1,93,52,570.20
1784842662458,0,0,0,132.60
1784842662458,1,93,52,565.59
1784842662595,0,0,0,132.58
1784842662595,1,90,53,553.02
1784842662731,0,0,0,132.57
1784842662731,1,86,55,538.22
1784842662868,0,0,0,132.58
1784842662868,1,90,51,559.35
1784842663005,0,0,0,132.57
1784842663005,1,90,51,557.53
1784842663142,0,0,0,132.55
1784842663142,1,96,63,553.74
1784842663278,0,0,0,132.54
1784842663278,1,87,56,535.68
1784842663416,0,0,0,132.53
1784842663416,1,87,56,543.12
1784842663552,0,0,0,132.54
1784842663552,1,94,55,544.69
1784842663689,0,0,0,132.51
1784842663689,1,98,55,567.58
1784842663827,0,0,0,132.53
1784842663827,1,98,55,560.34
1784842663964,0,0,0,132.51
1784842663964,1,97,62,540.21
1784842664101,0,0,0,132.52
1784842664101,1,97,62,543.43
1784842664238,0,0,0,132.52
1784842664238,1,97,62,542.06
1784842664375,0,0,0,132.50
1784842664375,1,96,59,526.03
1784842664512,0,0,0,132.52
1784842664512,1,97,63,508.86
1784842664648,0,0,0,132.51
1784842664648,1,97,63,506.05
1784842664785,0,0,0,132.52
1784842664785,1,100,69,472.92
1784842664921,0,0,0,132.50
1784842664921,1,100,68,467.40
1784842665057,0,0,0,132.50
1784842665057,1,100,68,461.71
1784842665194,0,0,0,132.50
1784842665194,1,100,68,438.84
1784842665331,0,0,0,132.49
1784842665331,1,100,67,428.38
1784842665469,0,0,0,132.50
1784842665469,1,100,67,419.23
1784842665604,0,0,0,132.50
1784842665604,1,100,67,409.44
1784842665741,0,0,0,132.50
1784842665741,1,100,67,405.89
1784842665879,0,0,0,132.49
1784842665879,1,100,67,401.00
1784842666015,0,0,0,132.50
1784842666015,1,100,67,397.37
1784842666153,0,0,0,132.50
1784842666153,1,100,67,393.99
1784842666288,0,0,0,132.49
1784842666288,1,100,67,393.43
1784842666424,0,0,0,132.47
1784842666424,1,100,67,392.23
1784842666561,0,0,0,132.46
1784842666561,1,100,67,389.37
1784842666698,0,0,0,132.43
1784842666698,1,100,67,387.47
1784842666833,0,0,0,132.43
1784842666833,1,100,67,385.48
1784842666969,0,0,0,132.41
1784842666969,1,100,67,384.14
1784842667107,0,0,0,132.40
1784842667107,1,100,67,385.87
1784842667243,0,0,0,132.38
1784842667243,1,100,67,385.04
1784842667380,0,0,0,132.38
1784842667380,1,100,67,383.58
1784842667517,0,0,0,132.35
1784842667517,1,100,66,383.29
1784842667653,0,0,0,132.34
1784842667653,1,100,66,382.53
1784842667789,0,0,0,132.36
1784842667789,1,100,66,380.77
1784842667925,0,0,0,132.36
1784842667925,1,100,66,381.61
1784842668060,0,0,0,132.37
1784842668060,1,100,66,382.10
1784842668196,0,0,0,132.39
1784842668196,1,100,67,378.90
1784842668333,0,0,0,132.39
1784842668333,1,100,67,377.41
1784842668468,0,0,0,132.42
1784842668468,1,100,67,376.82
1784842668605,0,0,0,132.42
1784842668605,1,100,67,377.80
1784842668740,0,0,0,132.39
1784842668740,1,100,67,377.70
1784842668875,0,0,0,132.34
1784842668875,1,100,67,378.13
1784842669012,0,0,0,132.33
1784842669012,1,100,67,376.97
1784842669148,0,0,0,132.31
1784842669148,1,100,67,377.69
1784842669284,0,0,0,132.29
1784842669284,1,100,67,379.78
1784842669420,0,0,0,132.28
1784842669420,1,100,67,378.50
1784842669557,0,0,0,132.29
1784842669557,1,100,67,379.69
1784842669693,0,0,0,132.30
1784842669693,1,100,67,380.40
1784842669830,0,0,0,132.29
1784842669830,1,100,67,379.48
1784842669965,0,0,0,132.29
1784842669965,1,100,67,379.87
1784842670102,0,0,0,132.30
1784842670102,1,100,67,380.17
1784842670239,0,0,0,132.30
1784842670239,1,100,67,380.68
1784842670374,0,0,0,132.27
1784842670374,1,100,67,380.61
1784842670511,0,0,0,132.26
1784842670511,1,100,66,380.06
1784842670646,0,0,0,132.24
1784842670646,1,100,66,379.32
1784842670782,0,0,0,132.25
1784842670782,1,100,66,377.61
1784842670919,0,0,0,132.26
1784842670919,1,100,66,375.87
1784842671055,0,0,0,132.25
1784842671055,1,100,66,375.92
1784842671190,0,0,0,132.24
1784842671190,1,100,66,374.75
1784842671327,0,0,0,132.27
1784842671327,1,100,66,373.23
1784842671463,0,0,0,132.26
1784842671463,1,100,66,372.20
1784842671599,0,0,0,132.27
1784842671599,1,100,66,372.62
1784842671735,0,0,0,132.27
1784842671735,1,100,66,372.37
1784842671871,0,0,0,132.25
1784842671871,1,6,4,350.09
1784842672005,0,0,0,132.26
1784842672005,1,6,4,326.97
1784842672139,0,0,0,132.25
1784842672139,1,0,0,300.82
1784842672272,0,0,0,132.24
1784842672272,1,0,0,255.43
1784842672407,0,0,0,132.24
1784842672407,1,0,0,232.46
1784842672540,0,0,0,132.24
1784842672540,1,0,0,208.31
1784842672674,0,0,0,132.24
1784842672674,1,0,0,160.96
1784842672807,0,0,0,132.25
1784842672807,1,0,0,132.70
1784842672940,0,0,0,132.26
1784842672940,1,0,0,130.70
1784842673073,0,0,0,132.28
1784842673073,1,0,0,130.11
1784842673206,0,0,0,132.29
1784842673206,1,0,0,130.06
1784842673339,0,0,0,132.49
1784842673339,1,0,0,130.02
1784842673475,0,94,52,247.64
1784842673475,1,0,0,129.89
1784842673610,0,94,52,298.57
1784842673610,1,0,0,129.83
1784842673746,0,94,47,348.54
1784842673746,1,0,0,129.79
1784842673882,0,98,59,458.27
1784842673882,1,0,0,129.68
1784842674017,0,98,59,515.23
1784842674017,1,0,0,129.66
1784842674153,0,98,59,560.18
1784842674153,1,0,0,129.64
1784842674288,0,98,58,678.04
1784842674288,1,0,0,129.54
1784842674424,0,98,58,679.12
1784842674424,1,0,0,129.54
1784842674560,0,94,52,674.36
1784842674560,1,0,0,129.52
1784842674694,0,93,48,671.79
1784842674694,1,0,0,129.44
1784842674830,0,93,48,670.20
1784842674830,1,0,0,129.42
1784842674967,0,98,60,667.28
1784842674967,1,0,0,129.35
1784842675104,0,98,60,666.24
1784842675104,1,0,0,129.32
1784842675240,0,98,60,661.72
1784842675240,1,0,0,129.32
1784842675375,0,98,60,663.51
1784842675375,1,0,0,129.26
1784842675512,0,94,52,668.79
1784842675512,1,0,0,129.24
1784842675648,0,94,52,667.61
1784842675648,1,0,0,129.25
1784842675784,0,98,53,675.52
1784842675784,1,0,0,129.10
1784842675921,0,98,60,678.89
1784842675921,1,0,0,129.07
1784842676056,0,98,60,678.64
1784842676056,1,0,0,129.06
1784842676192,0,97,60,683.64
1784842676192,1,0,0,129.00
1784842676327,0,93,58,684.92
1784842676327,1,0,0,129.01
1784842676463,0,94,52,667.57
1784842676463,1,0,0,128.95
1784842676640,0,94,52,650.31
1784842676640,1,0,0,128.92
1784842676775,0,92,47,656.29
1784842676775,1,0,0,129.01
1784842676910,0,98,59,657.92
1784842676910,1,0,0,129.00
1784842677046,0,98,59,662.73
1784842677046,1,0,0,128.98
1784842677181,0,98,58,663.14
1784842677181,1,0,0,128.96
1784842677316,0,98,59,664.47
1784842677316,1,0,0,128.93
1784842677452,0,98,59,666.11
1784842677452,1,0,0,128.92
1784842677587,0,94,52,691.65
1784842677587,1,0,0,128.88
1784842677723,0,92,49,693.74
1784842677723,1,0,0,128.85
1784842677860,0,92,49,685.95
1784842677860,1,0,0,128.84
1784842677995,0,98,59,681.15
1784842677995,1,0,0,128.79
1784842678131,0,98,60,680.76
1784842678131,1,0,0,128.79
1784842678266,0,98,60,678.91
1784842678266,1,0,0,128.66
1784842678402,0,98,59,676.93
1784842678402,1,0,0,128.65
1784842678538,0,95,52,680.94
1784842678538,1,0,0,128.62
1784842678671,0,98,53,685.46
1784842678671,1,0,0,128.59
1784842678807,0,98,53,687.78
1784842678807,1,0,0,128.56
1784842678944,0,98,59,688.55
1784842678944,1,0,0,128.57
1784842679081,0,98,60,690.33
1784842679081,1,0,0,128.51
1784842679215,0,98,60,689.36
1784842679215,1,0,0,128.57
1784842679351,0,98,58,693.19
1784842679351,1,0,0,128.59
1784842679486,0,95,52,690.62
1784842679486,1,0,0,128.55
1784842679621,0,95,52,681.79
1784842679621,1,0,0,128.53
1784842679757,0,99,53,678.49
1784842679757,1,0,0,128.52
1784842679892,0,98,60,673.68
1784842679892,1,0,0,128.48
1784842680028,0,98,60,674.72
1784842680028,1,0,0,128.47
1784842680164,0,98,60,671.78
1784842680164,1,0,0,128.45
1784842680297,0,91,57,674.06
1784842680297,1,0,0,128.40
1784842680431,0,91,57,676.35
1784842680431,1,0,0,128.39
1784842680566,0,94,52,671.35
1784842680566,1,0,0,128.36
1784842680703,0,98,58,675.75
1784842680703,1,0,0,128.32
1784842680839,0,98,58,672.00
1784842680839,1,0,0,128.29
1784842680975,0,98,60,672.83
1784842680975,1,0,0,128.15
1784842681109,0,98,60,676.27
1784842681109,1,0,0,128.11
1784842681245,0,98,60,670.44
1784842681245,1,0,0,128.04
1784842681381,0,90,55,671.32
1784842681381,1,0,0,127.93
1784842681519,0,95,52,668.27
1784842681519,1,0,0,127.87
1784842681654,0,95,52,674.61
1784842681654,1,0,0,127.78
1784842681790,0,98,59,681.05
1784842681790,1,0,0,127.64
1784842681925,0,98,59,681.90
1784842681925,1,0,0,127.63
1784842682062,0,98,59,685.24
1784842682062,1,0,0,127.62
1784842682199,0,98,57,677.26
1784842682199,1,0,0,127.54
1784842682334,0,89,54,680.33
1784842682334,1,0,0,127.53
1784842682469,0,89,54,680.16
1784842682469,1,0,0,127.47
1784842682605,0,95,52,687.14
1784842682605,1,0,0,127.45
1784842682741,0,98,59,682.62
1784842682741,1,0,0,127.46
1784842682875,0,98,59,682.24
1784842682875,1,0,0,127.43
1784842683012,0,98,59,680.84
1784842683012,1,0,0,127.40
1784842683149,0,98,60,683.18
1784842683149,1,0,0,127.42
1784842683285,0,89,53,687.78
1784842683285,1,0,0,127.39
1784842683420,0,89,53,686.35
1784842683420,1,0,0,127.38
1784842683555,0,95,51,680.74
1784842683555,1,0,0,127.38
1784842683689,0,98,59,681.24
1784842683689,1,0,0,127.28
1784842683825,0,98,59,679.56
1784842683825,1,0,0,127.27
1784842683963,0,98,60,681.24
1784842683963,1,0,0,127.27
1784842684098,0,98,58,681.68
1784842684098,1,0,0,127.18
1784842684234,0,98,58,681.32
1784842684234,1,0,0,127.17
1784842684370,0,89,52,689.53
1784842684370,1,0,0,127.06
1784842684506,0,96,50,691.80
1784842684506,1,0,0,127.02
1784842684641,0,96,50,692.66
1784842684641,1,0,0,127.03
1784842684779,0,98,60,688.93
1784842684779,1,0,0,126.96
1784842684913,0,98,60,686.79
1784842684913,1,0,0,126.91
1784842685048,0,98,60,680.57
1784842685048,1,0,0,126.91
1784842685184,0,98,60,684.56
1784842685184,1,0,0,126.82
1784842685319,0,88,51,681.27
1784842685319,1,0,0,126.84
1784842685455,0,88,51,676.22
1784842685455,1,0,0,126.86
1784842685591,0,91,48,670.77
1784842685591,1,0,0,126.77
1784842685727,0,98,59,672.37
1784842685727,1,0,0,126.76
1784842685863,0,98,59,668.46
1784842685863,1,0,0,126.75
1784842685998,0,98,59,667.72
1784842685998,1,0,0,126.72
1784842686133,0,98,60,669.22
1784842686133,1,0,0,126.69
1784842686268,0,98,60,671.04
1784842686268,1,0,0,126.65
1784842686405,0,95,53,661.02
1784842686405,1,0,0,126.61
1784842686542,0,96,46,666.40
1784842686542,1,0,0,126.59
1784842686679,0,98,58,678.60
1784842686679,1,0,0,126.56
1784842686817,0,98,58,683.53
1784842686817,1,0,0,126.54
1784842686952,0,98,59,684.91
1784842686952,1,0,0,126.53
1784842687087,0,98,57,687.85
1784842687087,1,0,0,126.50
1784842687223,0,98,57,688.05
1784842687223,1,0,0,126.48
1784842687358,0,88,50,685.49
1784842687358,1,0,0,126.47
1784842687490,0,91,47,685.47
1784842687490,1,0,0,126.44
1784842687627,0,91,47,680.03
1784842687627,1,0,0,126.40
1784842687763,0,98,59,678.35
1784842687763,1,0,0,126.38
1784842687897,0,98,59,675.96
1784842687897,1,0,0,126.31
1784842688032,0,98,59,671.00
1784842688032,1,0,0,126.29
1784842688167,0,98,59,673.98
1784842688167,1,0,0,126.27
1784842688303,0,95,52,672.51
1784842688303,1,0,0,126.21
1784842688437,0,95,52,631.40
1784842688437,1,0,0,126.18
1784842688571,0,0,0,590.34
1784842688571,1,0,0,126.15
1784842688705,0,0,0,485.18
1784842688705,1,0,0,126.13
1784842688841,0,0,0,470.68
1784842688841,1,0,0,126.12
1784842688976,0,80,42,472.33
1784842688976,1,0,0,126.08
1784842689113,0,98,59,471.45
1784842689113,1,0,0,126.04
1784842689249,0,98,59,477.49
1784842689249,1,0,0,126.05
1784842689385,0,98,59,510.97
1784842689385,1,0,0,126.02
1784842689521,0,98,59,558.99
1784842689521,1,0,0,125.99
1784842689657,0,98,59,621.98
1784842689657,1,0,0,126.00
1784842689792,0,95,54,690.06
1784842689792,1,0,0,125.94
1784842689927,0,93,46,687.26
1784842689927,1,0,0,125.95
1784842690062,0,93,46,687.49
1784842690062,1,0,0,125.93
1784842690204,0,98,61,683.44
1784842690204,1,0,0,125.86
1784842690341,0,98,62,681.71
1784842690341,1,0,0,125.85
1784842690477,0,98,62,678.69
1784842690477,1,0,0,125.79
1784842690612,0,98,62,683.66
1784842690612,1,0,0,125.76
1784842690748,0,95,52,688.08
1784842690748,1,0,0,125.74
1784842690882,0,98,57,688.26
1784842690882,1,0,0,125.70
1784842691018,0,98,57,689.37
1784842691018,1,0,0,125.68
1784842691153,0,98,58,690.47
1784842691153,1,0,0,125.66
1784842691288,0,98,58,695.15
1784842691288,1,0,0,125.59
1784842691425,0,98,58,692.58
1784842691425,1,0,0,125.54
1784842691561,0,98,58,693.09
1784842691561,1,0,0,125.56
1784842691697,0,95,53,692.24
1784842691697,1,0,0,125.51
1784842691832,0,95,53,689.45
1784842691832,1,0,0,125.46
1784842691967,0,93,45,696.46
1784842691967,1,0,0,125.42
1784842692104,0,98,59,697.88
1784842692104,1,0,0,125.41
1784842692239,0,98,59,697.16
1784842692239,1,0,0,125.39
1784842692374,0,98,58,695.26
1784842692374,1,0,0,125.36
1784842692510,0,98,57,696.40
1784842692510,1,0,0,125.33
1784842692645,0,98,57,695.58
1784842692645,1,0,0,125.31
1784842692780,0,95,51,686.29
1784842692780,1,0,0,125.27
1784842692917,0,98,58,682.66
1784842692917,1,0,0,125.28
1784842693052,0,98,58,684.25
1784842693052,1,0,0,125.27
1784842693188,0,98,59,679.60
1784842693188,1,0,0,125.23
1784842693323,0,98,59,685.06
1784842693323,1,0,0,125.22
1784842693458,0,98,59,682.59
1784842693458,1,0,0,125.21
1784842693593,0,89,53,679.10
1784842693593,1,0,0,125.20
1784842693728,0,96,50,679.91
1784842693728,1,0,0,125.18
1784842693864,0,96,50,681.63
1784842693864,1,0,0,125.16
1784842693998,0,98,57,687.99
1784842693998,1,0,0,125.12
1784842694133,0,98,59,683.07
1784842694133,1,0,0,125.11
1784842694269,0,98,59,687.01
1784842694269,1,0,0,125.06
1784842694404,0,98,57,686.89
1784842694404,1,0,0,125.04
1784842694541,0,89,52,688.67
1784842694541,1,0,0,125.00
1784842694676,0,95,50,688.44
1784842694676,1,0,0,124.96
1784842694811,0,95,50,683.11
1784842694811,1,0,0,124.96
1784842694947,0,98,58,677.04
1784842694947,1,0,0,124.94
1784842695083,0,98,58,678.91
1784842695083,1,0,0,124.89
1784842695218,0,98,58,676.64
1784842695218,1,0,0,124.89
1784842695354,0,98,58,676.63
1784842695354,1,0,0,124.87
1784842695490,0,89,52,672.59
1784842695490,1,0,0,124.85
1784842695624,0,89,52,670.59
1784842695624,1,0,0,124.85
1784842695760,0,95,52,672.39
1784842695760,1,0,0,124.84
1784842695896,0,93,49,683.89
1784842695896,1,0,0,124.84
1784842696031,0,93,49,680.51
1784842696031,1,0,0,124.82
1784842696169,0,98,58,680.18
1784842696169,1,0,0,124.78
1784842696306,0,98,57,682.71
1784842696306,1,0,0,124.77
1784842696442,0,98,57,683.56
1784842696442,1,0,0,124.73
1784842696577,0,89,52,684.18
1784842696577,1,0,0,124.72
1784842696713,0,95,52,685.22
1784842696713,1,0,0,124.68
1784842696849,0,95,52,685.36
1784842696849,1,0,0,124.65
1784842696984,0,98,58,687.73
1784842696984,1,0,0,124.54
1784842697121,0,98,58,688.76
1784842697121,1,0,0,124.53
1784842697256,0,98,58,687.13
1784842697256,1,0,0,124.52
1784842697392,0,98,59,685.42
1784842697392,1,0,0,124.51
1784842697528,0,89,52,685.25
1784842697528,1,0,0,124.47
1784842697665,0,89,52,687.20
1784842697665,1,0,0,124.46
1784842697800,0,95,51,690.26
1784842697800,1,0,0,124.41
1784842697935,0,98,58,693.47
1784842697935,1,0,0,124.38
1784842698071,0,98,58,689.71
1784842698071,1,0,0,124.41
1784842698207,0,98,57,694.46
1784842698207,1,0,0,124.38
1784842698344,0,98,57,693.98
1784842698344,1,0,0,124.34
1784842698481,0,90,52,691.90
1784842698481,1,0,0,124.31
1784842698616,0,90,52,693.98
1784842698616,1,0,0,124.28
1784842698752,0,95,52,694.46
1784842698752,1,0,0,124.29
1784842698887,0,98,59,688.99
1784842698887,1,0,0,124.24
1784842699023,0,98,59,688.68
1784842699023,1,0,0,124.23
1784842699158,0,98,59,688.64
1784842699158,1,0,0,124.24
1784842699293,0,98,59,686.32
1784842699293,1,0,0,124.24
1784842699429,0,98,59,687.64
1784842699429,1,0,0,124.21
1784842699563,0,88,53,690.05
1784842699563,1,0,0,124.24
1784842699698,0,95,52,689.66
1784842699698,1,0,0,124.19
1784842699853,0,95,52,679.58
1784842699853,1,0,0,124.20
1784842699989,0,98,61,677.63
1784842699989,1,0,0,124.20
1784842700124,0,98,61,675.22
1784842700124,1,0,0,124.18
1784842700260,0,98,61,675.58
1784842700260,1,0,0,124.19
1784842700394,0,98,60,672.22
1784842700394,1,0,0,124.18
1784842700530,0,90,54,675.47
1784842700530,1,0,0,124.17
1784842700665,0,90,54,673.56
1784842700665,1,0,0,124.17
1784842700800,0,95,52,685.01
1784842700800,1,0,0,124.13
1784842700936,0,98,58,687.57
1784842700936,1,0,0,124.12
1784842701071,0,98,58,689.01
1784842701071,1,0,0,124.10
1784842701205,0,98,58,690.07
1784842701205,1,0,0,124.07
1784842701340,0,98,59,687.80
1784842701340,1,0,0,124.06
1784842701476,0,98,59,692.02
1784842701476,1,0,0,124.01
1784842701612,0,89,52,691.01
1784842701612,1,0,0,124.00
1784842701747,0,95,51,690.58
1784842701747,1,0,0,124.00
1784842701883,0,98,59,671.78
1784842701883,1,0,0,123.98
1784842702018,0,98,59,671.73
1784842702018,1,0,0,123.98
1784842702152,0,98,59,666.13
1784842702152,1,0,0,123.93
1784842702288,0,98,59,664.83
1784842702288,1,0,0,123.91
1784842702423,0,98,59,659.62
1784842702423,1,0,0,123.92
1784842702558,0,89,52,659.37
1784842702558,1,0,0,123.93
1784842702693,0,96,49,662.83
1784842702693,1,0,0,123.90
1784842702829,0,96,49,669.67
1784842702829,1,0,0,123.91
1784842702964,0,98,59,676.11
1784842702964,1,0,0,123.87
1784842703099,0,98,58,686.37
1784842703099,1,0,0,123.88
1784842703234,0,98,58,687.90
1784842703234,1,0,0,123.88
1784842703370,0,98,57,688.92
1784842703370,1,0,0,123.86
1784842703505,0,88,53,694.79
1784842703505,1,0,0,123.83
1784842703641,0,88,53,696.12
1784842703641,1,0,0,123.82
1784842703777,0,95,51,692.83
1784842703777,1,0,0,123.76
1784842703913,0,98,61,693.84
1784842703913,1,0,0,123.76
1784842704049,0,98,61,691.45
1784842704049,1,0,0,123.74
1784842704185,0,98,60,694.76
1784842704185,1,0,0,123.68
1784842704320,0,98,61,693.51
1784842704320,1,0,0,123.67
1784842704455,0,98,61,692.84
1784842704455,1,0,0,123.67
1784842704591,0,89,53,691.06
1784842704591,1,0,0,123.64
1784842704727,0,96,52,691.04
1784842704727,1,0,0,123.64
1784842704863,0,96,52,689.92
1784842704863,1,0,0,123.61
1784842705001,0,98,62,681.03
1784842705001,1,0,0,123.62
1784842705137,0,98,62,673.34
1784842705137,1,0,0,123.61
1784842705272,0,98,62,674.36
1784842705272,1,0,0,123.60
1784842705408,0,98,63,673.91
1784842705408,1,0,0,123.61
1784842705543,0,89,54,678.31
1784842705543,1,0,0,123.58
1784842705678,0,89,54,676.09
1784842705678,1,0,0,123.57
1784842705820,0,95,51,665.08
1784842705820,1,0,0,123.57
1784842705958,0,98,61,671.61
1784842705958,1,0,0,123.55
1784842706094,0,98,61,675.99
1784842706094,1,0,0,123.56
1784842706229,0,98,61,678.47
1784842706229,1,0,0,123.53
1784842706363,0,98,61,682.12
1784842706363,1,0,0,123.54
1784842706501,0,90,56,680.68
1784842706501,1,0,0,123.54
1784842706637,0,90,56,681.48
1784842706637,1,0,0,123.54
1784842706772,0,95,50,674.71
1784842706772,1,0,0,123.54
1784842706908,0,98,57,686.34
1784842706908,1,0,0,123.53
1784842707043,0,98,57,687.33
1784842707043,1,0,0,123.53
1784842707178,0,98,58,685.87
1784842707178,1,0,0,123.54
1784842707314,0,98,58,686.11
1784842707314,1,0,0,123.51
1784842707449,0,98,58,684.02
1784842707449,1,0,0,123.51
1784842707585,0,90,53,683.26
1784842707585,1,0,0,123.48
1784842707720,0,95,51,684.69
1784842707720,1,0,0,123.45
1784842707855,0,95,51,683.35
1784842707855,1,0,0,123.46
1784842707992,0,98,59,681.63
1784842707992,1,0,0,123.46
1784842708126,0,98,59,685.16
1784842708126,1,0,0,123.45
1784842708262,0,98,59,682.48
1784842708262,1,0,0,123.44
1784842708397,0,98,59,682.74
1784842708397,1,0,0,123.42
1784842708533,0,90,54,682.56
1784842708533,1,0,0,123.43
1784842708668,0,90,54,684.73
1784842708668,1,0,0,123.42
1784842708804,0,95,51,681.75
1784842708804,1,0,0,123.40
1784842708940,0,98,58,680.28
1784842708940,1,0,0,123.40
1784842709076,0,98,58,688.11
1784842709076,1,0,0,123.37
1784842709211,0,98,58,687.34
1784842709211,1,0,0,123.35
1784842709348,0,98,57,689.52
1784842709348,1,0,0,123.34
1784842709484,0,90,53,685.06
1784842709484,1,0,0,123.27
1784842709620,0,90,53,680.73
1784842709620,1,0,0,123.27
1784842709755,0,95,51,684.31
1784842709755,1,0,0,123.29
1784842709890,0,98,58,688.38
1784842709890,1,0,0,123.26
1784842710026,0,98,58,680.65
1784842710026,1,0,0,123.25
1784842710161,0,98,57,681.55
1784842710161,1,0,0,123.24
1784842710297,0,98,58,676.46
1784842710297,1,0,0,123.23
1784842710433,0,98,58,680.00
1784842710433,1,0,0,123.26
1784842710567,0,90,54,682.31
1784842710567,1,0,0,123.28
1784842710701,0,94,52,691.08
1784842710701,1,0,0,123.24
1784842710836,0,94,52,688.56
1784842710836,1,0,0,123.22
1784842710972,0,98,60,685.80
1784842710972,1,0,0,123.24
1784842711108,0,98,61,687.65
1784842711108,1,0,0,123.20
1784842711243,0,98,61,690.05
1784842711243,1,0,0,123.19
1784842711378,0,98,61,691.93
1784842711378,1,0,0,123.17
1784842711515,0,89,54,692.81
1784842711515,1,0,0,123.13
1784842711650,0,89,54,690.21
1784842711650,1,0,0,123.12
1784842711786,0,95,50,676.48
1784842711786,1,0,0,123.14
1784842711920,0,98,58,679.30
1784842711920,1,0,0,123.13
1784842712066,0,98,58,678.90
1784842712066,1,0,0,123.11
1784842712201,0,98,58,678.60
1784842712201,1,0,0,123.13
1784842712336,0,98,58,681.99
1784842712336,1,0,0,123.13
1784842712471,0,98,58,678.23
1784842712471,1,0,0,123.14
1784842712607,0,89,51,679.93
1784842712607,1,0,0,123.15
1784842712743,0,95,49,681.81
1784842712743,1,0,0,123.12
1784842712877,0,95,49,684.71
1784842712877,1,0,0,123.14
1784842713016,0,98,58,688.17
1784842713016,1,0,0,123.11
1784842713151,0,98,58,692.55
1784842713151,1,0,0,123.11
1784842713286,0,98,58,689.12
1784842713286,1,0,0,123.11
1784842713422,0,98,58,690.91
1784842713422,1,0,0,123.10
1784842713558,0,89,51,688.43
1784842713558,1,0,0,123.10
1784842713693,0,96,49,684.56
1784842713693,1,0,0,123.12
1784842713828,0,96,49,680.83
1784842713828,1,0,0,123.13
1784842713962,0,98,60,675.59
1784842713962,1,0,0,123.13
1784842714098,0,98,60,673.62
1784842714098,1,0,0,123.11
1784842714234,0,98,60,674.03
1784842714234,1,0,0,123.10
1784842714371,0,98,60,672.61
1784842714371,1,0,0,123.10
1784842714507,0,88,51,680.03
1784842714507,1,0,0,123.08
1784842714642,0,88,51,684.35
1784842714642,1,0,0,123.08
1784842714777,0,91,48,681.43
1784842714777,1,0,0,123.02
1784842714913,0,98,60,687.32
1784842714913,1,0,0,123.03
1784842715048,0,98,60,686.22
1784842715048,1,0,0,123.00
1784842715185,0,98,60,688.55
1784842715185,1,0,0,122.97
1784842715320,0,98,60,690.14
1784842715320,1,0,0,122.96
1784842715456,0,98,60,687.56
1784842715456,1,0,0,122.96
1784842715592,0,95,51,691.94
1784842715592,1,0,0,122.93
1784842715730,0,92,44,682.35
1784842715730,1,0,0,122.94
1784842715867,0,92,44,693.76
1784842715867,1,0,0,122.94
1784842716004,0,98,58,695.89
1784842716004,1,0,0,122.95
1784842716140,0,98,56,697.36
1784842716140,1,0,0,122.97
1784842716275,0,98,56,697.91
1784842716275,1,0,0,122.99
1784842716411,0,98,57,689.24
1784842716411,1,0,0,123.00
1784842716547,0,89,48,689.01
1784842716547,1,0,0,122.98
1784842716683,0,89,48,682.16
1784842716683,1,0,0,122.98
1784842716818,0,91,46,684.09
1784842716818,1,0,0,122.99
1784842716956,0,98,58,687.54
1784842716956,1,0,0,122.98
1784842717091,0,98,58,684.27
1784842717091,1,0,0,122.96
1784842717227,0,98,58,684.33
1784842717227,1,0,0,122.92
1784842717362,0,98,58,684.81
1784842717362,1,0,0,122.90
1784842717505,0,90,50,686.19
1784842717505,1,0,0,122.92
1784842717641,0,90,50,690.82
1784842717641,1,0,0,122.90
1784842717775,0,91,46,688.51
1784842717775,1,0,0,122.89
1784842717910,0,98,59,688.02
1784842717910,1,0,0,122.87
1784842718046,0,98,59,692.67
1784842718046,1,0,0,122.88
1784842718181,0,98,59,690.37
1784842718181,1,0,0,122.88
1784842718316,0,98,59,694.27
1784842718316,1,0,0,122.87
1784842718452,0,98,59,694.01
1784842718452,1,0,0,122.89
1784842718587,0,95,52,698.13
1784842718587,1,0,0,122.84
1784842718721,0,92,43,695.61
1784842718721,1,0,0,122.72
1784842718857,0,92,43,696.30
1784842718857,1,0,0,122.63
1784842718993,0,98,60,692.08
1784842718993,1,0,0,122.42
1784842719130,0,98,59,689.79
1784842719130,1,0,0,122.34
1784842719266,0,98,59,687.75
1784842719266,1,0,0,122.22
1784842719402,0,98,59,684.58
1784842719402,1,0,0,121.99
1784842719538,0,95,52,682.70
1784842719538,1,0,0,121.89
1784842719673,0,95,52,680.48
1784842719673,1,0,0,121.81
1784842719808,0,93,46,685.00
1784842719808,1,0,0,121.77
1784842719944,0,98,59,685.18
1784842719944,1,0,0,121.76
1784842720079,0,98,59,689.60
1784842720079,1,0,0,121.72
1784842720215,0,98,59,691.23
1784842720215,1,0,0,121.70
1784842720351,0,98,57,691.74
1784842720351,1,0,0,121.72
1784842720488,0,94,50,690.85
1784842720488,1,0,0,121.71
1784842720626,0,94,50,691.26
1784842720626,1,0,0,121.71
1784842720761,0,93,46,686.43
1784842720761,1,0,0,121.71
1784842720898,0,98,58,684.20
1784842720898,1,0,0,121.72
1784842721034,0,98,58,685.25
1784842721034,1,0,0,121.72
1784842721170,0,98,58,683.34
1784842721170,1,0,0,121.69
1784842721306,0,98,58,687.15
1784842721306,1,0,0,121.68
1784842721444,0,98,58,688.22
1784842721444,1,0,0,121.67
1784842721581,0,95,52,689.82
1784842721581,1,0,0,121.68
1784842721716,0,93,47,681.04
1784842721716,1,0,0,121.68
1784842721852,0,93,47,679.24
1784842721852,1,0,0,121.67
1784842721989,0,98,60,677.38
1784842721989,1,0,0,121.67
1784842722126,0,98,60,681.13
1784842722126,1,0,0,121.69
1784842722262,0,98,60,677.98
1784842722262,1,0,0,121.67
1784842722398,0,98,60,679.02
1784842722398,1,0,0,121.72
1784842722533,0,95,52,678.73
1784842722533,1,0,0,121.71
1784842722670,0,95,52,679.54
1784842722670,1,0,0,121.69
1784842722807,0,94,49,685.39
1784842722807,1,0,0,121.69
1784842722943,0,98,58,684.22
1784842722943,1,0,0,121.69
1784842723077,0,98,58,686.32
1784842723077,1,0,0,121.68
1784842723212,0,98,58,686.38
1784842723212,1,0,0,121.68
1784842723349,0,98,59,685.15
1784842723349,1,0,0,121.66
1784842723485,0,98,59,682.62
1784842723485,1,0,0,121.64
1784842723620,0,94,52,680.95
1784842723620,1,0,0,121.61
1784842723756,0,99,53,683.44
1784842723756,1,0,0,121.62
1784842723892,0,98,59,680.25
1784842723892,1,0,0,121.60
1784842724028,0,98,59,681.69
1784842724028,1,0,0,121.57
1784842724166,0,98,60,680.24
1784842724166,1,0,0,121.57
1784842724301,0,94,58,672.21
1784842724301,1,0,0,121.57
1784842724437,0,94,58,679.79
1784842724437,1,0,0,121.59
1784842724572,0,95,52,681.88
1784842724572,1,0,0,121.60
1784842724707,0,98,55,689.57
1784842724707,1,0,0,121.58
1784842724843,0,98,55,688.52
1784842724843,1,0,0,121.57
1784842724981,0,98,58,691.97
1784842724981,1,0,0,121.56
1784842725117,0,98,58,694.30
1784842725117,1,0,0,121.58
1784842725253,0,98,58,692.39
1784842725253,1,0,0,121.56
1784842725388,0,92,54,687.35
1784842725388,1,0,0,121.55
1784842725524,0,49,27,663.05
1784842725524,1,0,0,121.55
1784842725658,0,49,27,612.47
1784842725658,1,0,0,121.53
1784842725792,0,0,0,500.40
1784842725792,1,0,0,121.51
1784842725927,0,36,20,472.82
1784842725927,1,0,0,121.52
1784842726064,0,36,20,464.61
1784842726064,1,0,0,121.52
1784842726198,0,98,55,465.11
1784842726198,1,0,0,121.52
1784842726334,0,98,59,472.63
1784842726334,1,0,0,121.52
1784842726468,0,98,59,471.36
1784842726468,1,0,0,121.51
1784842726603,0,98,58,554.52
1784842726603,1,0,0,121.52
1784842726739,0,92,56,606.22
1784842726739,1,0,0,121.52
1784842726874,0,92,56,651.17
1784842726874,1,0,0,121.52
1784842727010,0,95,52,685.10
1784842727010,1,0,0,121.53
1784842727146,0,98,54,692.46
1784842727146,1,0,0,121.53
1784842727283,0,98,54,690.59
1784842727283,1,0,0,121.54
1784842727418,0,98,57,691.07
1784842727418,1,0,0,121.51
1784842727553,0,98,58,689.32
1784842727553,1,0,0,121.54
1784842727691,0,98,56,690.13
1784842727691,1,0,0,121.54
1784842727828,0,98,56,695.98
1784842727828,1,0,0,121.53
1784842727963,0,95,52,697.19
1784842727963,1,0,0,121.56
1784842728097,0,99,51,692.97
1784842728097,1,0,0,121.54
1784842728234,0,99,51,691.68
1784842728234,1,0,0,121.55
1784842728369,0,98,58,694.05
1784842728369,1,0,0,121.55
1784842728504,0,98,59,693.57
1784842728504,1,0,0,121.55
1784842728639,0,98,59,696.09
1784842728639,1,0,0,121.56
1784842728775,0,98,60,692.26
1784842728775,1,0,0,121.55
1784842728911,0,94,52,696.54
1784842728911,1,0,0,121.53
1784842729048,0,94,52,695.20
1784842729048,1,0,0,121.53
1784842729185,0,98,53,696.95
1784842729185,1,0,0,121.50
1784842729320,0,98,58,696.57
1784842729320,1,0,0,121.50
1784842729455,0,98,58,695.02
1784842729455,1,0,0,121.50
1784842729591,0,98,58,690.81
1784842729591,1,0,0,121.47
1784842729728,0,97,58,687.32
1784842729728,1,0,0,121.46
1784842729865,0,97,58,687.81
1784842729865,1,0,0,121.47
1784842730000,0,95,52,684.48
1784842730000,1,0,0,121.45
1784842730135,0,98,55,687.32
1784842730135,1,0,0,121.44
1784842730271,0,98,55,687.07
1784842730271,1,0,0,121.43
1784842730408,0,98,59,687.53
1784842730408,1,0,0,121.44
1784842730544,0,98,58,687.53
1784842730544,1,0,0,121.42
1784842730680,0,98,58,687.87
1784842730680,1,0,0,121.43
1784842730815,0,98,59,688.19
1784842730815,1,0,0,121.42
1784842730951,0,94,52,690.41
1784842730951,1,0,0,121.41
1784842731085,0,94,52,690.85
1784842731085,1,0,0,121.42
1784842731221,0,98,54,690.56
1784842731221,1,0,0,121.43
1784842731356,0,98,59,689.29
1784842731356,1,0,0,121.43
1784842731491,0,98,59,692.23
1784842731491,1,0,0,121.44
1784842731625,0,98,58,689.52
1784842731625,1,0,0,121.43
1784842731762,0,93,56,688.71
1784842731762,1,0,0,121.44
1784842731896,0,94,52,694.71
1784842731896,1,0,0,121.45
1784842732032,0,94,52,688.22
1784842732032,1,0,0,121.44
1784842732167,0,98,55,694.81
1784842732167,1,0,0,121.46
1784842732302,0,98,59,694.74
1784842732302,1,0,0,121.44
1784842732436,0,98,59,690.98
1784842732436,1,0,0,121.44
1784842732571,0,98,60,690.73
1784842732571,1,0,0,121.47
1784842732707,0,90,56,686.12
1784842732707,1,0,0,121.46
1784842732844,0,90,56,690.02
1784842732844,1,0,0,121.46
1784842732979,0,94,52,687.30
1784842732979,1,0,0,121.44
1784842733114,0,98,59,684.39
1784842733114,1,0,0,121.47
1784842733249,0,98,59,686.07
1784842733249,1,0,0,121.48
1784842733384,0,98,59,683.47
1784842733384,1,0,0,121.48
1784842733520,0,98,60,680.62
1784842733520,1,0,0,121.46
1784842733656,0,98,60,682.10
1784842733656,1,0,0,121.47
1784842733789,0,90,55,683.77
1784842733789,1,0,0,121.48
1784842733924,0,95,52,684.80
1784842733924,1,0,0,121.49
1784842734060,0,95,52,680.59
1784842734060,1,0,0,121.49
1784842734196,0,98,59,678.35
1784842734196,1,0,0,121.50
1784842734331,0,98,59,677.87
1784842734331,1,0,0,121.51
1784842734466,0,98,59,677.70
1784842734466,1,0,0,121.50
1784842734601,0,98,60,676.54
1784842734601,1,0,0,121.51
1784842734735,0,89,54,678.02
1784842734735,1,0,0,121.50
1784842734870,0,89,54,675.68
1784842734870,1,0,0,121.51
1784842735006,0,94,51,672.11
1784842735006,1,0,0,121.51
1784842735142,0,98,60,678.23
1784842735142,1,0,0,121.51
1784842735277,0,98,60,680.45
1784842735277,1,0,0,121.51
1784842735412,0,98,59,682.92
1784842735412,1,0,0,121.51
1784842735548,0,98,59,685.22
1784842735548,1,0,0,121.53
1784842735685,0,98,59,683.36
1784842735685,1,0,0,121.51
1784842735820,0,88,53,683.72
1784842735820,1,0,0,121.51
1784842735956,0,95,51,684.56
1784842735956,1,0,0,121.51
1784842736092,0,95,51,694.62
1784842736092,1,0,0,121.49
1784842736228,0,98,61,695.18
1784842736228,1,0,0,121.49
1784842736362,0,98,60,697.75
1784842736362,1,0,0,121.48
1784842736498,0,98,60,696.76
1784842736498,1,0,0,121.44
1784842736635,0,98,60,694.34
1784842736635,1,0,0,121.45
1784842736774,0,99,86,681.29
1784842736774,1,0,0,121.45
1784842736909,0,70,26,596.92
1784842736909,1,24,13,131.46
1784842737044,0,70,26,554.46
1784842737044,1,24,13,143.55
1784842737178,0,0,0,497.76
1784842737178,1,0,0,143.67
1784842737310,0,0,0,388.46
1784842737310,1,0,0,144.05
1784842737443,0,0,0,333.23
1784842737443,1,0,0,143.99
1784842737578,0,6,1,279.22
1784842737578,1,5,1,153.22
1784842737715,0,0,0,186.76
1784842737715,1,72,41,186.82
1784842737853,0,0,0,162.78
1784842737853,1,72,41,228.60
1784842737989,0,0,0,151.78
1784842737989,1,94,52,326.15
1784842738125,0,0,0,144.84
1784842738125,1,100,49,386.24
1784842738262,0,0,0,144.36
1784842738262,1,100,49,446.17
1784842738398,0,0,0,143.54
1784842738398,1,100,50,560.48
1784842738535,0,0,0,142.87
1784842738535,1,94,49,611.02
1784842738672,0,0,0,140.37
1784842738672,1,94,49,660.99
1784842738819,0,0,0,139.90
1784842738819,1,98,50,692.57
1784842738973,0,0,0,139.71
1784842738973,1,75,46,676.56
1784842739110,0,0,0,139.36
1784842739110,1,100,50,674.84
1784842739248,0,0,0,139.20
1784842739248,1,100,50,662.17
1784842739385,0,0,0,139.08
1784842739385,1,96,66,655.61
1784842739523,0,0,0,138.81
1784842739523,1,98,58,652.23
1784842739660,0,0,0,138.70
1784842739660,1,98,58,654.04
1784842739798,0,0,0,138.48
1784842739798,1,100,54,663.90
1784842739936,0,0,0,138.36
1784842739936,1,100,59,681.17
1784842740074,0,0,0,138.26
1784842740074,1,100,59,662.75
1784842740211,0,0,0,138.05
1784842740211,1,95,51,662.37
1784842740349,0,0,0,137.96
1784842740349,1,98,52,664.89
1784842740506,0,0,0,137.78
1784842740506,1,95,58,651.21
1784842740643,0,0,0,137.63
1784842740643,1,95,58,648.82
1784842740780,0,0,0,137.46
1784842740780,1,97,58,639.97
1784842740917,0,0,0,137.15
1784842740917,1,93,54,631.21
1784842741054,0,0,0,136.99
1784842741054,1,93,54,625.72
1784842741191,0,0,0,136.85
1784842741191,1,91,50,628.50
1784842741329,0,0,0,136.51
1784842741329,1,99,55,614.35
1784842741467,0,0,0,136.35
1784842741467,1,99,55,608.76
1784842741605,0,0,0,136.12
1784842741605,1,89,56,600.03
1784842741742,0,0,0,136.05
1784842741742,1,99,54,598.27
1784842741880,0,0,0,135.99
1784842741880,1,99,54,589.61
1784842742018,0,0,0,135.83
1784842742018,1,91,54,591.27
1784842742155,0,0,0,135.76
1784842742155,1,91,55,585.50
1784842742293,0,0,0,135.69
1784842742293,1,98,59,568.38
1784842742431,0,0,0,135.58
1784842742431,1,98,59,581.80
1784842742568,0,0,0,135.52
1784842742568,1,99,52,599.51
1784842742705,0,0,0,135.40
1784842742705,1,87,45,599.84
1784842742843,0,0,0,135.36
1784842742843,1,87,45,599.61
1784842742980,0,0,0,135.33
1784842742980,1,91,56,596.56
1784842743117,0,0,0,135.22
1784842743117,1,92,55,604.63
1784842743266,0,0,0,135.19
1784842743266,1,92,55,611.52
1784842743403,0,0,0,135.12
1784842743403,1,90,48,602.61
1784842743540,0,0,0,135.07
1784842743540,1,90,46,601.43
1784842743676,0,0,0,135.04
1784842743676,1,90,46,591.33
1784842743812,0,0,0,134.94
1784842743812,1,84,49,587.75
1784842743949,0,0,0,134.89
1784842743949,1,98,57,587.06
1784842744086,0,0,0,134.85
1784842744086,1,100,53,605.64
1784842744285,0,0,0,134.79
1784842744285,1,82,49,574.52
1784842744422,0,0,0,134.69
1784842744422,1,82,49,582.34
1784842744560,0,0,0,134.66
1784842744560,1,95,59,569.57
1784842744696,0,0,0,134.60
1784842744696,1,90,51,584.85
1784842744832,0,0,0,134.55
1784842744832,1,90,51,578.68
1784842744969,0,0,0,134.51
1784842744969,1,99,52,590.83
1784842745105,0,0,0,134.41
1784842745105,1,100,54,590.62
1784842745242,0,0,0,134.36
1784842745242,1,100,54,597.49
1784842745379,0,0,0,134.31
1784842745379,1,99,65,594.36
1784842745516,0,0,0,134.26
1784842745516,1,98,62,574.70
1784842745653,0,0,0,134.23
1784842745653,1,98,62,579.16
1784842745788,0,0,0,134.21
1784842745788,1,98,54,575.77
1784842745926,0,0,0,134.17
1784842745926,1,100,64,561.43
1784842746063,0,0,0,134.16
1784842746063,1,100,64,552.51
1784842746200,0,0,0,134.11
1784842746200,1,97,52,585.83
1784842746339,0,0,0,134.09
1784842746339,1,99,58,586.06
1784842746477,0,0,0,134.06
1784842746477,1,99,58,587.16
1784842746615,0,0,0,134.01
1784842746615,1,94,54,606.42
1784842746752,0,0,0,133.98
1784842746752,1,96,52,598.58
1784842746889,0,0,0,133.94
1784842746889,1,100,53,608.21
1784842747026,0,0,0,133.90
1784842747026,1,100,53,596.33
1784842747165,0,0,0,133.87
1784842747165,1,99,59,593.75
1784842747302,0,0,0,133.85
1784842747302,1,93,50,604.87
1784842747440,0,0,0,133.86
1784842747440,1,93,50,626.83
1784842747578,0,0,0,133.85
1784842747578,1,98,62,623.94
1784842747716,0,0,0,133.82
1784842747716,1,98,53,624.67
1784842747852,0,0,0,133.82
1784842747852,1,98,53,628.86
1784842747990,0,0,0,133.81
1784842747990,1,90,52,641.94
1784842748127,0,0,0,133.77
1784842748127,1,99,54,641.53
1784842748263,0,0,0,133.76
1784842748263,1,99,54,639.61
1784842748402,0,0,0,133.75
1784842748402,1,95,55,626.44
1784842748538,0,0,0,133.74
1784842748538,1,96,55,634.79
1784842748676,0,0,0,133.72
1784842748676,1,96,55,646.65
1784842748813,0,0,0,133.71
1784842748813,1,95,54,642.34
1784842748951,0,0,0,133.71
1784842748951,1,97,57,650.21
1784842749088,0,0,0,133.71
1784842749088,1,99,63,639.90
1784842749225,0,0,0,133.69
1784842749225,1,99,63,626.58
1784842749361,0,0,0,133.68
1784842749361,1,92,57,624.52
1784842749498,0,0,0,133.63
1784842749498,1,97,62,613.68
1784842749635,0,0,0,133.62
1784842749635,1,97,62,594.09
1784842749772,0,0,0,133.61
1784842749772,1,46,25,578.83
1784842749909,0,0,0,133.59
1784842749909,1,100,62,547.22
1784842750046,0,0,0,133.59
1784842750046,1,100,62,544.73
1784842750184,0,0,0,133.57
1784842750184,1,95,61,512.93
1784842750321,0,0,0,133.55
1784842750321,1,100,66,501.97
1784842750457,0,0,0,133.55
1784842750457,1,100,66,486.87
1784842750595,0,0,0,133.54
1784842750595,1,100,69,467.77
1784842750732,0,0,0,133.54
1784842750732,1,99,66,473.26
1784842750869,0,0,0,133.50
1784842750869,1,99,66,473.25
1784842751006,0,0,0,133.46
1784842751006,1,100,65,455.94
1784842751143,0,0,0,133.46
1784842751143,1,100,66,458.57
1784842751280,0,0,0,133.46
1784842751280,1,100,66,461.46
1784842751416,0,0,0,133.42
1784842751416,1,100,65,492.04
1784842751552,0,0,0,133.41
1784842751552,1,97,57,498.77
1784842751689,0,0,0,133.39
1784842751689,1,96,61,505.76
1784842751825,0,0,0,133.38
1784842751825,1,96,61,507.73
1784842751962,0,0,0,133.39
1784842751962,1,93,58,519.61
1784842752098,0,0,0,133.34
1784842752098,1,99,58,532.23
1784842752236,0,0,0,133.34
1784842752236,1,99,58,544.91
1784842752374,0,0,0,133.34
1784842752374,1,96,57,548.50
1784842752512,0,0,0,133.32
1784842752512,1,98,64,522.81
1784842752649,0,0,0,133.32
1784842752649,1,98,64,525.46
1784842752785,0,0,0,133.29
1784842752785,1,98,64,537.54
1784842752923,0,0,0,133.27
1784842752923,1,99,61,531.86
1784842753061,0,0,0,133.28
1784842753061,1,99,61,523.84
1784842753198,0,0,0,133.29
1784842753198,1,100,66,532.66
1784842753335,0,0,0,133.28
1784842753335,1,100,54,534.71
1784842753472,0,0,0,133.29
1784842753472,1,100,54,562.53
1784842753609,0,0,0,133.28
1784842753609,1,100,63,561.18
1784842753745,0,0,0,133.29
1784842753745,1,93,57,557.90
1784842753881,0,0,0,133.31
1784842753881,1,93,57,552.12
1784842754020,0,0,0,133.29
1784842754020,1,100,51,584.86
1784842754157,0,0,0,133.28
1784842754157,1,95,57,585.99
1784842754296,0,0,0,133.28
1784842754296,1,100,67,550.52
1784842754434,0,0,0,133.26
1784842754434,1,100,67,529.26
1784842754570,0,0,0,133.27
1784842754570,1,98,54,540.17
1784842754707,0,0,0,133.26
1784842754707,1,100,66,545.81
1784842754844,0,0,0,133.25
1784842754844,1,100,66,556.25
1784842754981,0,0,0,133.25
1784842754981,1,100,55,549.32
1784842755116,0,0,0,133.25
1784842755116,1,94,52,557.86
1784842755252,0,0,0,133.23
1784842755252,1,94,52,568.21
1784842755390,0,0,0,133.22
1784842755390,1,97,56,575.27
1784842755527,0,0,0,133.21
1784842755527,1,100,65,573.18
1784842755663,0,0,0,133.21
1784842755663,1,100,65,574.12
1784842755801,0,0,0,133.18
1784842755801,1,100,60,585.41
1784842755937,0,0,0,133.16
1784842755937,1,100,53,582.58
1784842756072,0,0,0,133.15
1784842756072,1,100,53,586.70
1784842756209,0,0,0,133.18
1784842756209,1,99,59,594.81
1784842756347,0,0,0,133.17
1784842756347,1,98,61,585.41
1784842756485,0,0,0,133.17
1784842756485,1,98,61,573.54
1784842756623,0,0,0,133.16
1784842756623,1,91,59,566.52
1784842756760,0,0,0,133.16
1784842756760,1,100,65,570.08
1784842756897,0,0,0,133.16
1784842756897,1,100,47,577.85
1784842757036,0,0,0,133.14
1784842757036,1,100,47,569.60
1784842757172,0,0,0,133.13
1784842757172,1,100,63,571.38
1784842757311,0,0,0,133.10
1784842757311,1,98,64,570.15
1784842757449,0,0,0,133.10
1784842757449,1,98,64,572.72
1784842757588,0,0,0,133.10
1784842757588,1,93,56,579.63
1784842757728,0,0,0,133.07
1784842757728,1,100,66,574.16
1784842757864,0,0,0,133.08
1784842757864,1,100,66,572.91
1784842758002,0,0,0,133.06
1784842758002,1,99,53,540.12
1784842758139,0,0,0,133.04
1784842758139,1,99,65,535.93
1784842758277,0,0,0,133.07
1784842758277,1,99,65,538.00
1784842758414,0,0,0,133.04
1784842758414,1,95,56,538.22
1784842758551,0,0,0,133.04
1784842758551,1,98,65,529.38
1784842758689,0,0,0,133.05
1784842758689,1,90,59,522.08
1784842758828,0,0,0,133.04
1784842758828,1,90,59,492.83
1784842758965,0,0,0,132.98
1784842758965,1,100,69,487.62
1784842759102,0,0,0,132.94
1784842759102,1,95,58,478.80
1784842759240,0,0,0,132.91
1784842759240,1,95,58,459.94
1784842759377,0,0,0,132.91
1784842759377,1,100,68,457.29
1784842759514,0,0,0,132.89
1784842759514,1,96,63,445.40
1784842759651,0,0,0,132.88
1784842759651,1,96,63,435.58
1784842759787,0,0,0,132.86
1784842759787,1,100,68,435.46
1784842759924,0,0,0,132.90
1784842759924,1,100,68,427.80
1784842760060,0,0,0,132.94
1784842760060,1,100,68,422.70
1784842760197,0,0,0,132.97
1784842760197,1,100,67,422.33
1784842760334,0,0,0,132.93
1784842760334,1,96,62,415.30
1784842760471,0,0,0,132.92
1784842760471,1,96,62,411.88
1784842760607,0,0,0,132.92
1784842760607,1,100,67,403.17
1784842760743,0,0,0,132.91
1784842760743,1,100,67,400.19
1784842760878,0,0,0,132.89
1784842760878,1,100,67,399.57
1784842761014,0,0,0,132.85
1784842761014,1,100,67,398.60
1784842761150,0,0,0,132.85
1784842761150,1,100,67,398.77
1784842761286,0,0,0,132.86
1784842761286,1,100,67,394.67
1784842761422,0,0,0,132.88
1784842761422,1,100,67,395.91
1784842761558,0,0,0,132.86
1784842761558,1,100,67,395.21
1784842761695,0,0,0,132.87
1784842761695,1,44,29,379.05
1784842761833,0,0,0,132.89
1784842761833,1,44,29,377.13
1784842761969,0,0,0,132.88
1784842761969,1,100,67,375.39
1784842762107,0,0,0,132.88
1784842762107,1,96,61,376.68
1784842762244,0,0,0,132.87
1784842762244,1,96,61,374.57
1784842762381,0,0,0,132.86
1784842762381,1,100,66,371.43
1784842762519,0,0,0,132.83
1784842762519,1,100,67,370.06
1784842762655,0,0,0,132.79
1784842762655,1,100,67,370.66
1784842762792,0,0,0,132.77
1784842762792,1,100,67,382.00
1784842762929,0,0,0,132.75
1784842762929,1,100,67,381.96
1784842763065,0,0,0,132.77
1784842763065,1,100,67,382.65
1784842763201,0,0,0,132.74
1784842763201,1,100,67,379.17
1784842763337,0,0,0,132.74
1784842763337,1,100,67,380.96
1784842763473,0,0,0,132.74
1784842763473,1,100,67,381.35
1784842763609,0,0,0,132.75
1784842763609,1,100,67,380.51
1784842763747,0,0,0,132.74
1784842763747,1,100,67,379.25
1784842763883,0,0,0,132.71
1784842763883,1,100,67,379.30
1784842764020,0,0,0,132.68
1784842764020,1,100,66,377.62
1784842764157,0,0,0,132.66
1784842764157,1,100,66,377.27
1784842764293,0,0,0,132.64
1784842764293,1,100,66,375.37
1784842764430,0,0,0,132.61
1784842764430,1,100,66,375.42
1784842764566,0,0,0,132.59
1784842764566,1,100,66,374.16
1784842764702,0,0,0,132.60
1784842764702,1,100,66,373.99
1784842764838,0,0,0,132.62
1784842764838,1,100,66,373.75
1784842764974,0,0,0,132.59
1784842764974,1,100,66,374.43
1784842765111,0,0,0,132.60
1784842765111,1,100,66,373.92
1784842765247,0,0,0,132.60
1784842765247,1,100,66,373.95
1784842765382,0,0,0,132.59
1784842765382,1,100,66,374.01
1784842765519,0,0,0,132.58
1784842765519,1,100,66,373.07
1784842765655,0,0,0,132.58
1784842765655,1,100,66,373.13
1784842765790,0,0,0,132.57
1784842765790,1,100,66,373.55
1784842765927,0,0,0,132.56
1784842765927,1,100,66,373.93
1784842766064,0,0,0,132.55
1784842766064,1,100,66,373.85
1784842766201,0,0,0,132.53
1784842766201,1,100,66,374.05
1784842766338,0,0,0,132.52
1784842766338,1,100,66,374.47
1784842766474,0,0,0,132.53
1784842766474,1,100,66,374.68
1784842766613,0,0,0,132.51
1784842766613,1,100,66,373.95
1784842766749,0,0,0,132.50
1784842766749,1,100,66,373.67
1784842766886,0,0,0,132.51
1784842766886,1,100,66,373.75
1784842767022,0,0,0,132.46
1784842767022,1,100,66,374.34
1784842767158,0,0,0,132.45
1784842767158,1,100,66,374.23
1784842767294,0,0,0,132.46
1784842767294,1,40,27,348.53
1784842767429,0,0,0,132.46
1784842767429,1,40,27,324.67
1784842767563,0,0,0,132.47
1784842767563,1,0,0,301.92
1784842767697,0,0,0,132.47
1784842767697,1,0,0,254.38
1784842767831,0,0,0,132.46
1784842767831,1,0,0,230.11
1784842767965,0,0,0,132.49
1784842767965,1,0,0,205.91
1784842768098,0,0,0,132.51
1784842768098,1,0,0,157.50
1784842768231,0,0,0,132.49
1784842768231,1,0,0,133.51
1784842768364,0,0,0,132.48
1784842768364,1,0,0,128.84
1784842768497,0,0,0,132.48
1784842768497,1,0,0,127.84
1784842768631,0,0,0,132.46
1784842768631,1,0,0,127.75
1784842768763,0,0,0,140.44
1784842768763,1,0,0,127.67
1784842768899,0,0,0,201.51
1784842768899,1,0,0,127.51
1784842769034,0,95,53,311.55
1784842769034,1,0,0,127.45
1784842769168,0,98,54,369.56
1784842769168,1,0,0,127.39
1784842769303,0,98,54,482.71
1784842769303,1,0,0,127.31
1784842769439,0,98,57,540.97
1784842769439,1,0,0,127.27
1784842769574,0,98,58,599.45
1784842769574,1,0,0,127.24
1784842769710,0,91,53,699.28
1784842769710,1,0,0,127.16
1784842769846,0,91,53,698.46
1784842769846,1,0,0,127.12
1784842769981,0,95,52,695.85
1784842769981,1,0,0,127.10
1784842770115,0,98,58,682.53
1784842770115,1,0,0,127.04
1784842770250,0,98,58,685.45
1784842770250,1,0,0,127.01
1784842770385,0,98,60,679.46
1784842770385,1,0,0,126.99
1784842770520,0,98,60,673.03
1784842770520,1,0,0,126.93
1784842770656,0,98,60,670.31
1784842770656,1,0,0,126.89
1784842770791,0,90,55,673.39
1784842770791,1,0,0,126.88
1784842770927,0,41,22,629.59
1784842770927,1,0,0,126.83
1784842771060,0,41,22,586.06
1784842771060,1,0,0,126.79
1784842771194,0,0,0,535.77
1784842771194,1,0,0,126.76
1784842771328,0,38,21,466.83
1784842771328,1,0,0,126.71
1784842771462,0,38,21,454.36
1784842771462,1,0,0,126.68
1784842771598,0,98,58,460.14
1784842771598,1,0,0,126.67
1784842771734,0,98,59,470.93
1784842771734,1,0,0,126.64
1784842771870,0,98,59,468.23
1784842771870,1,0,0,126.63
1784842772006,0,98,58,566.13
1784842772006,1,0,0,126.60
1784842772142,0,90,54,608.49
1784842772142,1,0,0,126.57
1784842772277,0,90,54,672.40
1784842772277,1,0,0,126.56
1784842772412,0,95,51,689.70
1784842772412,1,0,0,126.55
1784842772548,0,98,59,689.08
1784842772548,1,0,0,126.50
1784842772683,0,98,59,684.77
1784842772683,1,0,0,126.50
1784842772820,0,98,59,681.87
1784842772820,1,0,0,126.50
1784842772963,0,98,60,684.27
1784842772963,1,0,0,126.50
1784842773099,0,98,60,683.31
1784842773099,1,0,0,126.50
1784842773244,0,90,54,683.66
1784842773244,1,0,0,126.48
1784842773379,0,95,52,691.39
1784842773379,1,0,0,126.45
1784842773514,0,98,59,686.56
1784842773514,1,0,0,126.45
1784842773651,0,98,59,685.57
1784842773651,1,0,0,126.43
1784842773787,0,98,60,684.98
1784842773787,1,0,0,126.41
1784842773921,0,98,60,683.98
1784842773921,1,0,0,126.36
1784842774056,0,98,60,680.33
1784842774056,1,0,0,126.33
1784842774193,0,89,53,681.36
1784842774193,1,0,0,126.31
1784842774329,0,96,50,671.68
1784842774329,1,0,0,126.29
1784842774488,0,96,50,654.91
1784842774488,1,0,0,126.26
1784842774624,0,98,58,648.42
1784842774624,1,0,0,126.25
1784842774760,0,98,60,640.32
1784842774760,1,0,0,126.22
1784842774895,0,98,60,640.97
1784842774895,1,0,0,126.18
1784842775031,0,98,61,634.87
1784842775031,1,0,0,126.18
1784842775166,0,90,55,633.82
1784842775166,1,0,0,126.15
1784842775301,0,90,55,633.35
1784842775301,1,0,0,126.14
1784842775437,0,95,52,660.97
1784842775437,1,0,0,126.11
1784842775571,0,98,59,666.81
1784842775571,1,0,0,126.08
1784842775707,0,98,59,677.35
1784842775707,1,0,0,126.05
1784842775844,0,98,59,681.52
1784842775844,1,0,0,126.05
1784842775980,0,98,60,685.94
1784842775980,1,0,0,126.04
1784842776116,0,89,53,683.40
1784842776116,1,0,0,125.99
1784842776251,0,89,53,681.30
1784842776251,1,0,0,125.96
1784842776386,0,95,52,682.79
1784842776386,1,0,0,125.93
1784842776522,0,98,59,670.26
1784842776522,1,0,0,125.93
1784842776658,0,98,59,672.47
1784842776658,1,0,0,125.93
1784842776792,0,98,60,669.92
1784842776792,1,0,0,125.90
1784842776928,0,98,60,669.27
1784842776928,1,0,0,125.89
1784842777064,0,98,60,674.59
1784842777064,1,0,0,125.88
1784842777200,0,89,53,677.68
1784842777200,1,0,0,125.87
1784842777335,0,96,50,672.59
1784842777335,1,0,0,125.88
1784842777470,0,96,50,679.12
1784842777470,1,0,0,125.86
1784842777607,0,98,59,684.55
1784842777607,1,0,0,125.79
1784842777742,0,98,58,688.58
1784842777742,1,0,0,125.79
1784842777879,0,98,58,686.48
1784842777879,1,0,0,125.78
1784842778016,0,98,58,685.27
1784842778016,1,0,0,125.75
1784842778150,0,89,52,689.94
1784842778150,1,0,0,125.74
1784842778285,0,89,52,691.23
1784842778285,1,0,0,125.73
1784842778425,0,94,45,675.55
1784842778425,1,0,0,125.71
1784842778561,0,98,59,678.66
1784842778561,1,0,0,125.68
1784842778696,0,98,59,680.02
1784842778696,1,0,0,125.66
1784842778832,0,98,59,681.43
1784842778832,1,0,0,125.65
1784842778967,0,98,59,681.85
1784842778967,1,0,0,125.60
1784842779102,0,98,59,683.58
1784842779102,1,0,0,125.57
1784842779237,0,89,52,679.45
1784842779237,1,0,0,125.56
1784842779372,0,95,50,685.68
1784842779372,1,0,0,125.52
1784842779509,0,95,50,681.65
1784842779509,1,0,0,125.49
1784842779645,0,98,60,675.16
1784842779645,1,0,0,125.41
1784842779781,0,98,60,674.86
1784842779781,1,0,0,125.28
1784842779916,0,98,61,665.06
1784842779916,1,0,0,125.19
1784842780051,0,98,61,657.58
1784842780051,1,0,0,125.11
1784842780187,0,88,51,665.77
1784842780187,1,0,0,125.06
1784842780322,0,91,49,667.47
1784842780322,1,0,0,124.96
1784842780457,0,91,49,680.35
1784842780457,1,0,0,124.89
1784842780593,0,98,59,681.02
1784842780593,1,0,0,124.85
1784842780729,0,98,59,686.91
1784842780729,1,0,0,124.84
1784842780866,0,98,59,693.02
1784842780866,1,0,0,124.81
1784842781002,0,98,59,694.31
1784842781002,1,0,0,124.77
1784842781138,0,88,49,692.19
1784842781138,1,0,0,124.75
1784842781273,0,88,49,689.63
1784842781273,1,0,0,124.68
1784842781409,0,91,46,683.91
1784842781409,1,0,0,124.63
1784842781546,0,98,58,687.91
1784842781546,1,0,0,124.61
1784842781681,0,98,58,688.18
1784842781681,1,0,0,124.59
1784842781817,0,98,58,688.55
1784842781817,1,0,0,124.57
1784842781951,0,98,57,689.33
1784842781951,1,0,0,124.55
1784842782088,0,98,57,692.82
1784842782088,1,0,0,124.54
1784842782222,0,88,50,692.19
1784842782222,1,0,0,124.50
1784842782358,0,91,47,684.88
1784842782358,1,0,0,124.48
1784842782497,0,91,47,684.87
1784842782497,1,0,0,124.46
1784842782631,0,98,60,680.13
1784842782631,1,0,0,124.41
1784842782767,0,98,60,679.69
1784842782767,1,0,0,124.40
1784842782906,0,98,60,677.18
1784842782906,1,0,0,124.34
1784842783044,0,98,59,676.73
1784842783044,1,0,0,124.32
1784842783180,0,95,52,676.63
1784842783180,1,0,0,124.31
1784842783316,0,92,45,675.07
1784842783316,1,0,0,124.29
1784842783451,0,92,45,680.91
1784842783451,1,0,0,124.27
1784842783586,0,98,58,679.96
1784842783586,1,0,0,124.26
1784842783723,0,98,58,684.53
1784842783723,1,0,0,124.21
1784842783860,0,98,58,684.84
1784842783860,1,0,0,124.21
1784842783998,0,98,58,686.84
1784842783998,1,0,0,124.18
1784842784134,0,93,51,683.45
1784842784134,1,0,0,124.14
1784842784270,0,93,51,688.21
1784842784270,1,0,0,124.12
1784842784404,0,92,46,690.07
1784842784404,1,0,0,124.08
1784842784539,0,98,59,690.34
1784842784539,1,0,0,124.05
1784842784675,0,98,59,694.56
1784842784675,1,0,0,124.04
1784842784810,0,98,59,690.66
1784842784810,1,0,0,124.03
1784842784945,0,98,59,691.43
1784842784945,1,0,0,124.01
1784842785082,0,98,59,693.22
1784842785082,1,0,0,123.98
1784842785216,0,95,53,688.70
1784842785216,1,0,0,123.89
1784842785355,0,92,45,686.73
1784842785355,1,0,0,123.91
1784842785490,0,92,45,683.77
1784842785490,1,0,0,123.91
1784842785625,0,98,59,688.80
1784842785625,1,0,0,123.84
1784842785760,0,98,59,687.16
1784842785760,1,0,0,123.83
1784842785895,0,98,59,689.76
1784842785895,1,0,0,123.81
1784842786029,0,98,58,687.00
1784842786029,1,0,0,123.76
1784842786165,0,95,52,684.44
1784842786165,1,0,0,123.76
1784842786301,0,95,52,687.27
1784842786301,1,0,0,123.71
1784842786438,0,92,44,686.31
1784842786438,1,0,0,123.67
1784842786573,0,98,58,686.80
1784842786573,1,0,0,123.67
1784842786709,0,98,58,687.13
1784842786709,1,0,0,123.56
1784842786844,0,98,58,688.48
1784842786844,1,0,0,123.54
1784842786980,0,98,57,688.98
1784842786980,1,0,0,123.56
1784842787116,0,94,52,687.79
1784842787116,1,0,0,123.48
1784842787252,0,94,52,686.53
1784842787252,1,0,0,123.49
1784842787408,0,96,40,673.09
1784842787408,1,0,0,123.43
1784842787543,0,98,60,671.87
1784842787543,1,0,0,123.39
1784842787680,0,98,60,670.04
1784842787680,1,0,0,123.39
1784842787815,0,98,61,672.67
1784842787815,1,0,0,123.36
1784842787952,0,98,61,670.17
1784842787952,1,0,0,123.33
1784842788087,0,98,61,672.18
1784842788087,1,0,0,123.31
1784842788223,0,88,51,672.22
1784842788223,1,0,0,123.26
1784842788357,0,90,49,682.86
1784842788357,1,0,0,123.26
1784842788496,0,90,49,691.58
1784842788496,1,0,0,123.27
1784842788633,0,98,58,686.60
1784842788633,1,0,0,123.24
1784842788769,0,98,60,689.07
1784842788769,1,0,0,123.22
1784842788904,0,98,60,686.32
1784842788904,1,0,0,123.19
1784842789038,0,98,60,682.84
1784842789038,1,0,0,123.17
1784842789173,0,88,51,685.09
1784842789173,1,0,0,123.18
1784842789308,0,88,51,691.76
1784842789308,1,0,0,123.11
1784842789443,0,91,49,693.21
1784842789443,1,0,0,123.10
1784842789578,0,98,60,689.64
1784842789578,1,0,0,123.07
1784842789714,0,98,60,693.07
1784842789714,1,0,0,123.02
1784842789849,0,98,59,687.53
1784842789849,1,0,0,123.02
1784842789984,0,98,60,686.89
1784842789984,1,0,0,123.01
1784842790120,0,92,51,689.42
1784842790120,1,0,0,122.95
1784842790255,0,92,51,688.52
1784842790255,1,0,0,122.96
1784842790391,0,92,46,685.17
1784842790391,1,0,0,122.94
1784842790527,0,98,59,691.52
1784842790527,1,0,0,122.89
1784842790662,0,98,59,693.16
1784842790662,1,0,0,122.89
1784842790798,0,98,59,693.72
1784842790798,1,0,0,122.84
1784842790934,0,98,59,695.59
1784842790934,1,0,0,122.84
1784842791070,0,98,59,695.16
1784842791070,1,0,0,122.83
1784842791206,0,94,52,691.53
1784842791206,1,0,0,122.81
1784842791343,0,92,44,683.23
1784842791343,1,0,0,122.79
1784842791479,0,92,44,677.39
1784842791479,1,0,0,122.75
1784842791615,0,98,59,680.29
1784842791615,1,0,0,122.74
1784842791750,0,98,59,678.95
1784842791750,1,0,0,122.72
1784842791887,0,98,59,680.94
1784842791887,1,0,0,122.69
1784842792023,0,98,58,675.78
1784842792023,1,0,0,122.61
1784842792160,0,95,52,675.95
1784842792160,1,0,0,122.59
1784842792294,0,95,52,677.84
1784842792294,1,0,0,122.56
1784842792431,0,92,44,679.58
1784842792431,1,0,0,122.55
1784842792567,0,98,60,680.26
1784842792567,1,0,0,122.53
1784842792704,0,98,60,676.16
1784842792704,1,0,0,122.49
1784842792841,0,98,59,675.50
1784842792841,1,0,0,122.49
1784842792976,0,98,59,679.49
1784842792976,1,0,0,122.46
1784842793114,0,98,59,681.61
1784842793114,1,0,0,122.45
1784842793250,0,94,52,689.86
1784842793250,1,0,0,122.46
1784842793385,0,92,46,687.64
1784842793385,1,0,0,122.43
1784842793519,0,98,59,691.01
1784842793519,1,0,0,122.42
1784842793654,0,98,59,693.27
1784842793654,1,0,0,122.37
1784842793790,0,98,59,693.38
1784842793790,1,0,0,122.35
1784842793926,0,98,59,694.39
1784842793926,1,0,0,122.34
1784842794063,0,98,59,693.19
1784842794063,1,0,0,122.31
1784842794198,0,95,51,688.01
1784842794198,1,0,0,122.28
1784842794333,0,92,45,683.35
1784842794333,1,0,0,122.25
1784842794469,0,92,45,688.94
1784842794469,1,0,0,122.23
1784842794604,0,98,57,686.96
1784842794604,1,0,0,122.21
1784842794740,0,98,58,686.79
1784842794740,1,0,0,122.20
1784842794876,0,98,58,684.98
1784842794876,1,0,0,122.19
1784842795012,0,98,56,685.54
1784842795012,1,0,0,122.17
1784842795148,0,94,52,684.29
1784842795148,1,0,0,122.17
1784842795284,0,94,52,686.52
1784842795284,1,0,0,122.14
1784842795420,0,92,45,690.10
1784842795420,1,0,0,122.09
1784842795556,0,98,58,687.79
1784842795556,1,0,0,122.08
1784842795691,0,98,58,689.14
1784842795691,1,0,0,122.08
1784842795828,0,98,57,691.20
1784842795828,1,0,0,122.06
1784842795963,0,98,58,691.49
1784842795963,1,0,0,122.04
1784842796101,0,98,58,691.35
1784842796101,1,0,0,122.01
1784842796237,0,95,51,690.57
1784842796237,1,0,0,121.99
1784842796375,0,92,45,687.09
1784842796375,1,0,0,121.99
1784842796510,0,92,45,684.22
1784842796510,1,0,0,121.95
1784842796647,0,98,58,682.94
1784842796647,1,0,0,121.93
1784842796782,0,98,59,682.94
1784842796782,1,0,0,121.93
1784842796917,0,98,59,684.98
1784842796917,1,0,0,121.78
1784842797053,0,98,59,684.53
1784842797053,1,0,0,121.77
1784842797189,0,95,52,687.24
1784842797189,1,0,0,121.73
1784842797325,0,92,44,683.39
1784842797325,1,0,0,121.65
1784842797461,0,92,44,690.11
1784842797461,1,0,0,121.65
1784842797598,0,98,58,686.61
1784842797598,1,0,0,121.60
1784842797733,0,98,57,689.22
1784842797733,1,0,0,121.49
1784842797870,0,98,57,688.89
1784842797870,1,0,0,121.49
1784842798006,0,98,58,689.14
1784842798006,1,0,0,121.53
1784842798142,0,95,54,687.73
1784842798142,1,0,0,121.50
1784842798277,0,95,54,692.28
1784842798277,1,0,0,121.50
1784842798413,0,92,45,687.66
1784842798413,1,0,0,121.47
1784842798548,0,98,60,685.06
1784842798548,1,0,0,121.48
1784842798683,0,98,60,687.15
1784842798683,1,0,0,121.48
1784842798819,0,98,61,683.15
1784842798819,1,0,0,121.43
1784842798955,0,98,60,686.69
1784842798955,1,0,0,121.42
1784842799092,0,98,60,688.41
1784842799092,1,0,0,121.45
1784842799228,0,95,52,689.35
1784842799228,1,0,0,121.41
1784842799365,0,92,44,691.62
1784842799365,1,0,0,121.42
1784842799500,0,92,44,692.28
1784842799500,1,0,0,121.36
1784842799637,0,98,58,690.09
1784842799637,1,0,0,121.34
1784842799773,0,98,57,694.12
1784842799773,1,0,0,121.36
1784842799908,0,98,57,692.53
1784842799908,1,0,0,121.32
1784842800045,0,98,58,689.00
1784842800045,1,0,0,121.29
1784842800180,0,89,49,688.02
1784842800180,1,0,0,121.28
1784842800314,0,89,49,688.56
1784842800314,1,0,0,121.25
1784842800451,0,92,47,687.21
1784842800451,1,0,0,121.23
1784842800587,0,98,56,689.20
1784842800587,1,0,0,121.24
1784842800723,0,98,56,689.08
1784842800723,1,0,0,121.26
1784842800859,0,98,56,687.88
1784842800859,1,0,0,121.21
1784842800995,0,98,57,686.37
1784842800995,1,0,0,121.18
1784842801129,0,88,50,686.17
1784842801129,1,0,0,121.15
1784842801265,0,88,50,687.23
1784842801265,1,0,0,121.16
1784842801401,0,91,47,690.97
1784842801401,1,0,0,121.19
1784842801536,0,98,57,685.41
1784842801536,1,0,0,121.15
1784842801673,0,98,57,683.33
1784842801673,1,0,0,121.14
1784842801809,0,98,58,679.59
1784842801809,1,0,0,121.12
1784842801945,0,98,57,686.20
1784842801945,1,0,0,121.12
1784842802081,0,98,57,687.39
1784842802081,1,0,0,121.11
1784842802216,0,88,51,687.47
1784842802216,1,0,0,121.13
1784842802350,0,0,0,584.88
1784842802350,1,0,0,121.10
1784842802484,0,0,0,536.82
1784842802484,1,0,0,121.08
1784842802619,0,0,0,485.29
1784842802619,1,0,0,121.05
1784842802756,0,95,52,463.71
1784842802756,1,0,0,121.05
1784842802891,0,95,52,460.66
1784842802891,1,0,0,121.06
1784842803028,0,98,60,466.29
1784842803028,1,0,0,121.07
1784842803165,0,98,61,463.87
1784842803165,1,0,0,121.05
1784842803301,0,98,61,515.41
1784842803301,1,0,0,121.06
1784842803437,0,98,60,629.15
1784842803437,1,0,0,121.04
1784842803571,0,89,54,682.38
1784842803571,1,0,0,121.03
1784842803707,0,89,54,696.45
1784842803707,1,0,0,121.02
1784842803843,0,95,53,694.02
1784842803843,1,0,0,121.03
1784842803979,0,98,58,696.26
1784842803979,1,0,0,121.01
1784842804115,0,98,58,696.44
1784842804115,1,0,0,121.01
1784842804251,0,98,59,696.23
1784842804251,1,0,0,121.01
1784842804386,0,98,59,694.10
1784842804386,1,0,0,121.01
1784842804521,0,98,59,689.76
1784842804521,1,0,0,121.00
1784842804656,0,90,54,681.38
1784842804656,1,0,0,121.02
1784842804792,0,95,51,689.45
1784842804792,1,0,0,120.99
1784842804929,0,98,58,688.04
1784842804929,1,0,0,120.96
1784842805065,0,98,58,686.01
1784842805065,1,0,0,120.97
1784842805200,0,98,58,685.13
1784842805200,1,0,0,120.93
1784842805336,0,98,57,685.82
1784842805336,1,0,0,120.92
1784842805473,0,98,57,685.17
1784842805473,1,0,0,120.93
1784842805608,0,90,55,691.71
1784842805608,1,0,0,120.90
1784842805744,0,95,51,692.02
1784842805744,1,0,0,120.90
1784842805879,0,95,51,682.93
1784842805879,1,0,0,120.91
1784842806014,0,98,55,678.19
1784842806014,1,0,0,120.87
1784842806149,0,98,59,673.12
1784842806149,1,0,0,120.87
1784842806286,0,98,59,669.57
1784842806286,1,0,0,120.85
1784842806420,0,98,59,669.35
1784842806420,1,0,0,120.82
1784842806555,0,90,55,667.85
1784842806555,1,0,0,120.82
1784842806691,0,90,55,669.46
1784842806691,1,0,0,120.79
1784842806827,0,94,52,682.16
1784842806827,1,0,0,120.78
1784842806963,0,98,58,687.12
1784842806963,1,0,0,120.79
1784842807100,0,98,58,692.71
1784842807100,1,0,0,120.76
1784842807235,0,98,58,697.73
1784842807235,1,0,0,120.77
1784842807371,0,98,57,696.08
1784842807371,1,0,0,120.76
1784842807506,0,98,57,695.60
1784842807506,1,0,0,120.75
1784842807642,0,90,54,698.87
1784842807642,1,0,0,120.75
1784842807778,0,95,53,696.27
1784842807778,1,0,0,120.74
1784842807912,0,95,53,690.47
1784842807912,1,0,0,120.75
1784842808048,0,98,58,685.07
1784842808048,1,0,0,120.74
1784842808183,0,98,60,688.77
1784842808183,1,0,0,120.72
1784842808318,0,98,60,686.03
1784842808318,1,0,0,120.72
1784842808452,0,98,60,691.53
1784842808452,1,0,0,120.73
1784842808586,0,91,56,688.86
1784842808586,1,0,0,120.74
1784842808722,0,91,56,686.55
1784842808722,1,0,0,120.70
1784842808858,0,95,51,686.32
1784842808858,1,0,0,120.68
1784842808994,0,98,55,686.17
1784842808994,1,0,0,120.69
1784842809130,0,98,58,681.53
1784842809130,1,0,0,120.67
1784842809265,0,98,58,680.22
1784842809265,1,0,0,120.65
1784842809400,0,98,58,678.82
1784842809400,1,0,0,120.66
1784842809537,0,91,55,680.57
1784842809537,1,0,0,120.61
1784842809672,0,91,55,683.56
1784842809672,1,0,0,120.60
1784842809809,0,95,52,689.05
1784842809809,1,0,0,120.62
1784842809943,0,98,55,695.42
1784842809943,1,0,0,120.61
1784842810077,0,98,55,696.62
1784842810077,1,0,0,120.61
1784842810214,0,98,56,695.01
1784842810214,1,0,0,120.62
1784842810352,0,98,56,695.64
1784842810352,1,0,0,120.62
1784842810488,0,98,56,690.85
1784842810488,1,0,0,120.65
1784842810624,0,98,54,682.66
1784842810624,1,0,0,120.64
1784842810759,0,95,52,668.81
1784842810759,1,0,0,120.64
1784842810895,0,95,52,671.18
1784842810895,1,0,0,120.64
1784842811031,0,99,50,668.28
1784842811031,1,0,0,120.66
1784842811166,0,98,58,669.10
1784842811166,1,0,0,120.67
1784842811301,0,98,58,669.13
1784842811301,1,0,0,120.65
1784842811438,0,98,58,677.60
1784842811438,1,0,0,120.67
1784842811574,0,98,58,681.41
1784842811574,1,0,0,120.68
1784842811709,0,98,58,689.65
1784842811709,1,0,0,120.66
1784842811845,0,95,52,691.37
1784842811845,1,0,0,120.66
1784842811981,0,97,51,697.42
1784842811981,1,0,0,120.66
1784842812115,0,97,51,696.86
1784842812115,1,0,0,120.67
1784842812249,0,98,57,697.90
1784842812249,1,0,0,120.66
1784842812385,0,98,58,694.97
1784842812385,1,0,0,120.64
1784842812520,0,98,58,690.62
1784842812520,1,0,0,120.62
1784842812658,0,98,56,684.78
1784842812658,1,0,0,120.63
1784842812794,0,95,52,685.15
1784842812794,1,0,0,120.61
1784842812929,0,95,52,685.63
1784842812929,1,0,0,120.58
1784842813065,0,93,50,682.54
1784842813065,1,0,0,120.59
1784842813201,0,98,60,680.36
1784842813201,1,0,0,120.55
1784842813338,0,98,60,677.11
1784842813338,1,0,0,120.54
1784842813474,0,98,60,676.12
1784842813474,1,0,0,120.54
1784842813610,0,98,60,674.02
1784842813610,1,0,0,120.51
1784842813748,0,95,52,681.95
1784842813748,1,0,0,120.51
1784842813883,0,95,52,680.61
1784842813883,1,0,0,120.50
1784842814019,0,98,52,683.10
1784842814019,1,0,0,120.51
1784842814156,0,98,59,684.73
1784842814156,1,0,0,120.49
1784842814290,0,98,59,686.44
1784842814290,1,0,0,120.50
1784842814426,0,98,60,687.08
1784842814426,1,0,0,120.50
1784842814562,0,97,60,686.03
1784842814562,1,0,0,120.51
1784842814697,0,97,60,683.58
1784842814697,1,0,0,120.52
1784842814833,0,94,52,681.91
1784842814833,1,0,0,120.50
1784842814969,0,98,54,685.00
1784842814969,1,0,0,120.50
1784842815106,0,98,54,690.19
1784842815106,1,0,0,120.49
1784842815242,0,98,58,689.49
1784842815242,1,0,0,120.50
1784842815379,0,98,57,688.11
1784842815379,1,0,0,120.50
1784842815515,0,98,57,689.39
1784842815515,1,0,0,120.48
1784842815651,0,98,57,695.98
1784842815651,1,0,0,120.49
1784842815787,0,95,52,696.01
1784842815787,1,0,0,120.51
1784842815922,0,95,52,693.76
1784842815922,1,0,0,120.51
1784842816057,0,98,52,691.83
1784842816057,1,0,0,120.51
1784842816192,0,98,58,696.81
1784842816192,1,0,0,120.51
1784842816328,0,98,58,696.16
1784842816328,1,0,0,120.49
1784842816462,0,98,59,700.53
1784842816462,1,0,0,120.51
1784842816596,0,98,57,699.70
1784842816596,1,0,0,120.50
1784842816732,0,94,51,694.36
1784842816732,1,0,0,120.50
1784842816867,0,94,51,691.23
1784842816867,1,0,0,120.49
1784842817002,0,98,51,688.54
1784842817002,1,0,0,120.47
1784842817137,0,98,58,683.64
1784842817137,1,0,0,120.51
1784842817273,0,98,58,683.52
1784842817273,1,0,0,120.48
1784842817408,0,98,59,683.00
1784842817408,1,0,0,120.49
1784842817544,0,98,59,683.90
1784842817544,1,0,0,120.48
1784842817681,0,98,59,689.09
1784842817681,1,0,0,120.46
1784842817816,0,95,52,690.94
1784842817816,1,0,0,120.46
1784842817951,0,98,53,691.68
1784842817951,1,0,0,120.47
1784842818087,0,98,53,694.86
1784842818087,1,0,0,120.47
1784842818223,0,98,60,689.69
1784842818223,1,0,0,120.47
1784842818358,0,98,60,687.69
1784842818358,1,0,0,120.43
1784842818495,0,98,60,688.84
1784842818495,1,0,0,120.46
1784842818633,0,91,56,689.45
1784842818633,1,0,0,120.45
1784842818769,0,95,52,691.36
1784842818769,1,0,0,120.44
1784842818904,0,95,52,685.33
1784842818904,1,0,0,120.44
1784842819038,0,98,56,685.98
1784842819038,1,0,0,120.37
1784842819175,0,98,59,687.82
1784842819175,1,0,0,120.39
1784842819310,0,98,59,683.81
1784842819310,1,0,0,120.39
1784842819446,0,98,59,684.24
1784842819446,1,0,0,120.36
1784842819582,0,90,55,683.18
1784842819582,1,0,0,120.37
1784842819717,0,90,55,682.75
1784842819717,1,0,0,120.34
1784842819851,0,94,52,681.80
1784842819851,1,0,0,120.33
1784842819987,0,98,60,685.14
1784842819987,1,0,0,120.35
1784842820124,0,98,60,682.10
1784842820124,1,0,0,120.35
1784842820260,0,98,61,683.84
1784842820260,1,0,0,120.35
1784842820397,0,98,61,681.26
1784842820397,1,0,0,120.35
1784842820533,0,89,55,680.04
1784842820533,1,0,0,120.34
1784842820670,0,89,55,678.43
1784842820670,1,0,0,120.37
1784842820805,0,95,53,673.56
1784842820805,1,0,0,120.33
1784842820941,0,98,61,678.93
1784842820941,1,0,0,120.33
1784842821076,0,98,61,680.78
1784842821076,1,0,0,120.32
1784842821213,0,98,61,676.72
1784842821213,1,0,0,120.33
1784842821353,0,98,61,675.09
1784842821353,1,0,0,120.33
1784842821489,0,98,61,673.92
1784842821489,1,0,0,120.32
1784842821624,0,89,53,679.10
1784842821624,1,0,0,120.30
1784842821761,0,96,50,679.40
1784842821761,1,0,0,120.30
1784842821896,0,96,50,678.38
1784842821896,1,0,0,120.29
1784842822032,0,98,60,681.89
1784842822032,1,0,0,120.29
1784842822169,0,98,60,683.65
1784842822169,1,0,0,120.28
1784842822305,0,98,60,685.96
1784842822305,1,0,0,120.28
1784842822442,0,98,60,690.21
1784842822442,1,0,0,120.26
1784842822577,0,88,51,688.82
1784842822577,1,0,0,120.25
1784842822713,0,88,51,686.07
1784842822713,1,0,0,120.28
1784842822849,0,91,49,678.03
1784842822849,1,0,0,120.28
1784842822983,0,98,60,676.88
1784842822983,1,0,0,120.27
1784842823119,0,98,60,675.67
1784842823119,1,0,0,120.27
1784842823255,0,98,60,672.35
1784842823255,1,0,0,120.27
1784842823390,0,98,60,670.71
1784842823390,1,0,0,120.26
1784842823527,0,98,60,669.65
1784842823527,1,0,0,120.26
1784842823662,0,92,52,678.70
1784842823662,1,0,0,120.27
1784842823796,0,92,47,681.32
1784842823796,1,0,0,120.26
1784842823932,0,92,47,686.03
1784842823932,1,0,0,120.25
1784842824067,0,98,60,689.64
1784842824067,1,0,0,120.28
1784842824202,0,98,59,692.43
1784842824202,1,0,0,120.28
1784842824338,0,98,59,694.70
1784842824338,1,0,0,120.28
1784842824473,0,98,59,692.42
1784842824473,1,0,0,120.30
1784842824610,0,94,52,687.72
1784842824610,1,0,0,120.27
1784842824746,0,92,44,684.74
1784842824746,1,0,0,120.30
1784842824882,0,92,44,684.84
1784842824882,1,0,0,120.29
1784842825019,0,98,58,685.66
1784842825019,1,0,0,120.32
1784842825155,0,98,58,688.33
1784842825155,1,0,0,120.32
1784842825292,0,98,58,684.35
1784842825292,1,0,0,120.31
1784842825426,0,98,59,685.99
1784842825426,1,0,0,120.29
1784842825561,0,94,52,687.93
1784842825561,1,0,0,120.27
1784842825694,0,94,52,689.98
1784842825694,1,0,0,120.27
1784842825829,0,92,44,692.48
1784842825829,1,0,0,120.28
1784842825965,0,98,59,691.48
1784842825965,1,0,0,120.25
1784842826100,0,98,59,693.34
1784842826100,1,0,0,120.21
1784842826237,0,98,58,691.94
1784842826237,1,0,0,120.20
1784842826373,0,98,57,689.21
1784842826373,1,0,0,120.18
1784842826508,0,98,57,688.47
1784842826508,1,0,0,120.19
1784842826643,0,95,52,687.59
1784842826643,1,0,0,120.18
1784842826779,0,92,45,689.14
1784842826779,1,0,0,120.18
1784842826915,0,92,45,687.79
1784842826915,1,0,0,120.17
1784842827050,0,98,59,688.89
1784842827050,1,0,0,120.18
1784842827187,0,98,60,689.68
1784842827187,1,0,0,120.18
1784842827322,0,98,60,692.81
1784842827322,1,0,0,120.18
1784842827458,0,98,59,695.05
1784842827458,1,0,0,120.18
1784842827593,0,94,52,694.32
1784842827593,1,0,0,120.17
1784842827729,0,94,52,692.81
1784842827729,1,0,0,120.14
1784842827866,0,93,45,687.80
1784842827866,1,0,0,120.17
1784842828003,0,98,60,681.67
1784842828003,1,0,0,120.18
1784842828138,0,98,60,676.57
1784842828138,1,0,0,120.18
1784842828274,0,98,60,674.23
1784842828274,1,0,0,120.19
1784842828410,0,98,61,668.62
1784842828410,1,0,0,120.19
1784842828545,0,94,52,676.39
1784842828545,1,0,0,120.20
1784842828680,0,94,52,666.49
1784842828680,1,0,0,120.21
1784842828817,0,92,52,682.29
1784842828817,1,0,0,120.21
1784842828953,0,98,59,688.40
1784842828953,1,0,0,120.22
1784842829089,0,98,59,687.63
1784842829089,1,0,0,120.22
1784842829225,0,98,60,688.58
1784842829225,1,0,0,120.20
1784842829361,0,98,57,690.25
1784842829361,1,0,0,120.21
1784842829496,0,98,57,689.41
1784842829496,1,0,0,120.19
1784842829631,0,94,52,690.69
1784842829631,1,0,0,120.23
1784842829766,0,93,49,679.99
1784842829766,1,0,0,120.20
1784842829902,0,93,49,683.39
1784842829902,1,0,0,120.18
1784842830040,0,98,60,680.93
1784842830040,1,0,0,120.16
1784842830177,0,98,60,679.90
1784842830177,1,0,0,120.14
1784842830313,0,98,60,682.77
1784842830313,1,0,0,120.18
1784842830449,0,98,60,687.44
1784842830449,1,0,0,120.19
1784842830584,0,94,52,683.76
1784842830584,1,0,0,120.16
1784842830719,0,94,52,675.00
1784842830719,1,0,0,120.17
1784842830854,0,99,52,682.45
1784842830854,1,0,0,120.18
1784842830990,0,98,59,684.21
1784842830990,1,0,0,120.18
1784842831126,0,98,59,683.34
1784842831126,1,0,0,120.21
1784842831261,0,98,58,681.96
1784842831261,1,0,0,120.19
1784842831396,0,93,57,679.77
1784842831396,1,0,0,120.17
1784842831532,0,93,57,677.03
1784842831532,1,0,0,120.15
1784842831668,0,95,52,674.47
1784842831668,1,0,0,120.13
1784842831803,0,98,50,674.77
1784842831803,1,0,0,120.14
1784842831938,0,98,50,673.69
1784842831938,1,0,0,120.12
1784842832072,0,98,58,679.29
1784842832072,1,0,0,120.13
1784842832207,0,98,58,680.14
1784842832207,1,0,0,120.09
1784842832345,0,99,60,674.98
1784842832345,1,0,0,120.06
1784842832485,0,99,60,654.81
1784842832485,1,0,0,120.07
1784842832619,0,49,50,607.78
1784842832619,1,0,0,132.71
1784842832754,0,41,5,531.54
1784842832754,1,61,39,139.32
1784842832888,0,41,5,477.51
1784842832888,1,61,39,138.99
1784842833022,0,0,0,420.55
1784842833022,1,0,0,139.00
1784842833156,0,0,0,304.43
1784842833156,1,0,0,139.22
1784842833291,0,0,0,264.09
1784842833291,1,0,0,139.49
1784842833427,0,75,11,210.79
1784842833427,1,13,2,189.40
1784842833565,0,0,0,161.10
1784842833565,1,97,60,229.15
1784842833703,0,0,0,148.16
1784842833703,1,97,60,266.88
1784842833841,0,0,0,144.03
1784842833841,1,100,51,389.84
1784842833977,0,0,0,143.55
1784842833977,1,100,47,451.06
1784842834114,0,0,0,143.15
1784842834114,1,99,49,565.48
1784842834251,0,0,0,142.10
1784842834251,1,99,49,627.80
1784842834388,0,0,0,139.82
1784842834388,1,100,49,677.42
1784842834525,0,0,0,139.58
1784842834525,1,100,43,688.80
1784842834663,0,0,0,139.21
1784842834663,1,100,43,695.42
1784842834799,0,0,0,139.04
1784842834799,1,97,50,693.05
1784842834935,0,0,0,138.84
1784842834935,1,98,62,678.52
1784842835073,0,0,0,138.46
1784842835073,1,98,62,678.78
1784842835210,0,0,0,138.36
1784842835210,1,100,61,674.64
1784842835347,0,0,0,138.08
1784842835347,1,100,61,674.06
1784842835484,0,0,0,137.99
1784842835484,1,100,61,671.06
1784842835620,0,0,0,137.88
1784842835620,1,95,59,676.92
1784842835757,0,0,0,137.61
1784842835757,1,98,59,664.95
1784842835894,0,0,0,137.47
1784842835894,1,98,59,669.41
1784842836032,0,0,0,137.32
1784842836032,1,87,47,661.76
1784842836170,0,0,0,137.00
1784842836170,1,99,52,643.40
1784842836310,0,0,0,136.82
1784842836310,1,92,53,627.43
1784842836447,0,0,0,136.48
1784842836447,1,92,53,627.00
1784842836584,0,0,0,136.28
1784842836584,1,89,49,622.62
1784842836722,0,0,0,136.16
1784842836722,1,98,60,619.23
1784842836860,0,0,0,135.88
1784842836860,1,98,60,614.29
1784842836997,0,0,0,135.82
1784842836997,1,100,62,612.50
1784842837134,0,0,0,135.74
1784842837134,1,96,58,592.87
1784842837272,0,0,0,135.60
1784842837272,1,96,58,590.19
1784842837410,0,0,0,135.53
1784842837410,1,98,63,566.04
1784842837605,0,0,0,135.41
1784842837605,1,68,41,537.73
1784842837744,0,0,0,135.26
1784842837744,1,98,57,525.88
1784842837881,0,0,0,135.19
1784842837881,1,98,57,533.19
1784842838018,0,0,0,135.12
1784842838018,1,100,55,546.51
1784842838154,0,0,0,135.03
1784842838154,1,97,56,568.27
1784842838290,0,0,0,134.97
1784842838290,1,97,56,573.34
1784842838427,0,0,0,134.94
1784842838427,1,95,55,576.90
1784842838564,0,0,0,134.82
1784842838564,1,97,58,602.83
1784842838702,0,0,0,134.79
1784842838702,1,97,58,604.46
1784842838839,0,0,0,134.74
1784842838839,1,98,61,619.56
1784842838976,0,0,0,134.63
1784842838976,1,95,55,601.20
1784842839114,0,0,0,134.58
1784842839114,1,98,64,583.23
1784842839250,0,0,0,134.46
1784842839250,1,98,64,599.83
1784842839388,0,0,0,134.41
1784842839388,1,100,59,598.98
1784842839526,0,0,0,134.34
1784842839526,1,100,55,623.27
1784842839663,0,0,0,134.26
1784842839663,1,100,55,635.19
1784842839800,0,0,0,134.21
1784842839800,1,100,55,628.69
1784842839937,0,0,0,134.16
1784842839937,1,97,58,628.38
1784842840074,0,0,0,134.08
1784842840074,1,97,58,618.14
1784842840210,0,0,0,134.03
1784842840210,1,96,62,604.93
1784842840349,0,0,0,133.95
1784842840349,1,100,57,615.91
1784842840487,0,0,0,133.92
1784842840487,1,100,57,604.84
1784842840624,0,0,0,133.91
1784842840624,1,96,58,578.23
1784842840760,0,0,0,133.84
1784842840760,1,100,64,578.28
1784842840898,0,0,0,133.81
1784842840898,1,100,64,575.84
1784842841035,0,0,0,133.76
1784842841035,1,98,55,600.89
1784842841172,0,0,0,133.69
1784842841172,1,100,51,618.13
1784842841309,0,0,0,133.66
1784842841309,1,100,51,633.45
1784842841446,0,0,0,133.58
1784842841446,1,99,50,621.30
1784842841584,0,0,0,133.53
1784842841584,1,98,63,631.66
1784842841721,0,0,0,133.51
1784842841721,1,96,60,630.84
1784842841860,0,0,0,133.45
1784842841860,1,96,60,623.77
1784842841996,0,0,0,133.42
1784842841996,1,95,56,629.09
1784842842132,0,0,0,133.41
1784842842132,1,97,49,625.64
1784842842269,0,0,0,133.34
1784842842269,1,97,49,622.66
1784842842405,0,0,0,133.31
1784842842405,1,94,54,622.28
1784842842542,0,0,0,133.27
1784842842542,1,92,49,630.82
1784842842679,0,0,0,133.23
1784842842679,1,92,49,636.69
1784842842817,0,0,0,133.18
1784842842817,1,100,63,646.51
1784842842956,0,0,0,133.16
1784842842956,1,95,58,635.67
1784842843094,0,0,0,133.12
1784842843094,1,95,58,624.68
1784842843233,0,0,0,133.10
1784842843233,1,97,62,614.45
1784842843380,0,0,0,133.04
1784842843380,1,94,53,598.46
1784842843523,0,0,0,133.03
1784842843523,1,98,58,583.27
1784842843660,0,0,0,133.00
1784842843660,1,98,58,577.51
1784842843796,0,0,0,133.00
1784842843796,1,98,62,576.64
1784842843933,0,0,0,132.98
1784842843933,1,100,66,568.12
1784842844072,0,0,0,132.91
1784842844072,1,100,66,563.82
1784842844209,0,0,0,132.90
1784842844209,1,94,52,566.35
1784842844346,0,0,0,132.87
1784842844346,1,88,54,553.29
1784842844483,0,0,0,132.86
1784842844483,1,88,54,585.46
1784842844621,0,0,0,132.85
1784842844621,1,97,51,573.02
1784842844758,0,0,0,132.82
1784842844758,1,94,56,590.45
1784842844895,0,0,0,132.80
1784842844895,1,94,56,603.35
1784842845031,0,0,0,132.82
1784842845031,1,100,55,619.88
1784842845169,0,0,0,132.82
1784842845169,1,95,59,609.55
1784842845306,0,0,0,132.80
1784842845306,1,95,59,619.97
1784842845443,0,0,0,132.81
1784842845443,1,100,63,605.73
1784842845582,0,0,0,132.79
1784842845582,1,95,61,603.87
1784842845718,0,0,0,132.78
1784842845718,1,99,53,605.81
1784842845854,0,0,0,132.75
1784842845854,1,99,53,602.81
1784842845991,0,0,0,132.72
1784842845991,1,93,55,585.67
1784842846127,0,0,0,132.71
1784842846127,1,94,54,582.41
1784842846263,0,0,0,132.70
1784842846263,1,94,54,592.91
1784842846400,0,0,0,132.68
1784842846400,1,100,50,595.97
1784842846537,0,0,0,132.65
1784842846537,1,97,61,598.92
1784842846675,0,0,0,132.66
1784842846675,1,97,61,596.64
1784842846812,0,0,0,132.66
1784842846812,1,91,49,591.31
1784842846949,0,0,0,132.65
1784842846949,1,99,64,587.04
1784842847087,0,0,0,132.64
1784842847087,1,99,64,584.81
1784842847224,0,0,0,132.64
1784842847224,1,97,61,556.43
1784842847362,0,0,0,132.61
1784842847362,1,100,66,553.21
1784842847499,0,0,0,132.61
1784842847499,1,100,66,544.80
1784842847638,0,0,0,132.60
1784842847638,1,97,60,560.53
1784842847775,0,0,0,132.57
1784842847775,1,98,53,556.31
1784842847913,0,0,0,132.59
1784842847913,1,98,53,560.85
1784842848052,0,0,0,132.60
1784842848052,1,93,51,567.42
1784842848188,0,0,0,132.61
1784842848188,1,96,47,577.63
1784842848326,0,0,0,132.60
1784842848326,1,99,64,592.35
1784842848462,0,0,0,132.56
1784842848462,1,99,64,605.02
1784842848598,0,0,0,132.56
1784842848598,1,93,55,609.41
1784842848735,0,0,0,132.55
1784842848735,1,96,51,604.05
1784842848871,0,0,0,132.55
1784842848871,1,96,51,615.22
1784842849008,0,0,0,132.52
1784842849008,1,94,52,622.99
1784842849145,0,0,0,132.52
1784842849145,1,100,60,634.10
1784842849282,0,0,0,132.49
1784842849282,1,100,60,632.26
1784842849418,0,0,0,132.51
1784842849418,1,100,66,632.91
1784842849556,0,0,0,132.48
1784842849556,1,88,50,617.17
1784842849693,0,0,0,132.48
1784842849693,1,88,50,605.25
1784842849829,0,0,0,132.46
1784842849829,1,86,54,584.74
1784842850026,0,0,0,132.44
1784842850026,1,76,43,561.60
1784842850162,0,0,0,132.41
1784842850162,1,93,49,546.52
1784842850298,0,0,0,132.40
1784842850298,1,93,49,564.34
1784842850434,0,0,0,132.39
1784842850434,1,99,62,556.15
1784842850570,0,0,0,132.41
1784842850570,1,97,61,576.04
1784842850706,0,0,0,132.39
1784842850706,1,97,61,590.16
1784842850844,0,0,0,132.36
1784842850844,1,98,58,607.50
1784842850982,0,0,0,132.36
1784842850982,1,100,63,618.53
1784842851120,0,0,0,132.35
1784842851120,1,90,53,606.36
1784842851258,0,0,0,132.38
1784842851258,1,90,53,589.71
1784842851395,0,0,0,132.39
1784842851395,1,97,60,590.78
1784842851530,0,0,0,132.39
1784842851530,1,96,52,599.15
1784842851668,0,0,0,132.36
1784842851668,1,96,52,591.19
1784842851806,0,0,0,132.37
1784842851806,1,92,56,582.50
1784842851944,0,0,0,132.35
1784842851944,1,88,50,582.37
1784842852081,0,0,0,132.36
1784842852081,1,88,50,576.83
1784842852217,0,0,0,132.34
1784842852217,1,99,66,573.69
1784842852354,0,0,0,132.32
1784842852354,1,100,66,563.15
1784842852491,0,0,0,132.32
1784842852491,1,100,66,546.10
1784842852628,0,0,0,132.31
1784842852628,1,100,65,532.77
1784842852764,0,0,0,132.31
1784842852764,1,94,55,539.09
1784842852901,0,0,0,132.29
1784842852901,1,94,55,539.58
1784842853036,0,0,0,132.33
1784842853036,1,100,68,524.58
1784842853173,0,0,0,132.32
1784842853173,1,100,69,510.82
1784842853309,0,0,0,132.33
1784842853309,1,100,69,502.04
1784842853446,0,0,0,132.35
1784842853446,1,100,68,491.23
1784842853583,0,0,0,132.36
1784842853583,1,100,69,492.82
1784842853722,0,0,0,132.36
1784842853722,1,100,68,460.42
1784842853859,0,0,0,132.34
1784842853859,1,100,68,452.89
1784842853996,0,0,0,132.32
1784842853996,1,98,66,443.51
1784842854131,0,0,0,132.30
1784842854131,1,100,68,436.82
1784842854269,0,0,0,132.30
1784842854269,1,100,68,429.75
1784842854405,0,0,0,132.29
1784842854405,1,100,68,429.02
1784842854542,0,0,0,132.28
1784842854542,1,100,68,424.85
1784842854678,0,0,0,132.31
1784842854678,1,100,68,422.81
1784842854814,0,0,0,132.29
1784842854814,1,100,68,418.90
1784842854952,0,0,0,132.31
1784842854952,1,100,67,410.64
1784842855088,0,0,0,132.30
1784842855088,1,100,67,409.42
1784842855224,0,0,0,132.29
1784842855224,1,100,67,410.22
1784842855362,0,0,0,132.28
1784842855362,1,100,67,406.35
1784842855498,0,0,0,132.26
1784842855498,1,100,67,404.64
1784842855635,0,0,0,132.25
1784842855635,1,100,67,400.24
1784842855771,0,0,0,132.24
1784842855771,1,100,67,398.93
1784842855908,0,0,0,132.22
1784842855908,1,100,67,397.74
1784842856045,0,0,0,132.21
1784842856045,1,100,67,394.97
1784842856182,0,0,0,132.20
1784842856182,1,100,67,392.36
1784842856319,0,0,0,132.18
1784842856319,1,100,67,388.00
1784842856455,0,0,0,132.17
1784842856455,1,100,66,387.23
1784842856592,0,0,0,132.17
1784842856592,1,100,67,383.01
1784842856728,0,0,0,132.15
1784842856728,1,100,67,382.81
1784842856866,0,0,0,132.15
1784842856866,1,100,67,382.44
1784842857001,0,0,0,132.15
1784842857001,1,100,67,382.46
1784842857138,0,0,0,132.15
1784842857138,1,100,67,382.70
1784842857274,0,0,0,132.16
1784842857274,1,100,67,382.74
1784842857410,0,0,0,132.17
1784842857410,1,100,67,383.23
1784842857547,0,0,0,132.15
1784842857547,1,100,67,383.60
1784842857682,0,0,0,132.15
1784842857682,1,100,67,383.51
1784842857819,0,0,0,132.15
1784842857819,1,100,67,383.05
1784842857957,0,0,0,132.12
1784842857957,1,100,67,382.59
1784842858093,0,0,0,132.13
1784842858093,1,100,67,382.55
1784842858230,0,0,0,132.13
1784842858230,1,100,67,382.69
1784842858366,0,0,0,132.11
1784842858366,1,100,67,382.29
1784842858502,0,0,0,132.13
1784842858502,1,100,67,381.95
1784842858638,0,0,0,132.13
1784842858638,1,100,67,381.98
1784842858774,0,0,0,132.14
1784842858774,1,100,67,382.51
1784842858911,0,0,0,132.15
1784842858911,1,100,67,383.25
1784842859047,0,0,0,132.16
1784842859047,1,100,67,383.95
1784842859183,0,0,0,132.15
1784842859183,1,100,67,388.70
1784842859320,0,0,0,132.16
1784842859320,1,100,67,388.28
1784842859457,0,0,0,132.15
1784842859457,1,100,67,388.32
1784842859594,0,0,0,132.14
1784842859594,1,100,67,388.17
1784842859730,0,0,0,132.13
1784842859730,1,100,67,388.26
1784842859866,0,0,0,132.08
1784842859866,1,100,67,387.56
1784842860003,0,0,0,132.08
1784842860003,1,100,66,386.43
1784842860138,0,0,0,132.08
1784842860138,1,100,66,379.18
1784842860275,0,0,0,132.08
1784842860275,1,100,66,377.80
1784842860411,0,0,0,132.08
1784842860411,1,100,66,377.65
1784842860547,0,0,0,132.07
1784842860547,1,100,66,376.32
1784842860683,0,0,0,132.07
1784842860683,1,100,66,374.66
1784842860820,0,0,0,132.10
1784842860820,1,100,66,373.74
1784842860955,0,0,0,132.10
1784842860955,1,100,66,372.49
1784842861092,0,0,0,132.11
1784842861092,1,100,66,372.81
1784842861228,0,0,0,132.10
1784842861228,1,100,66,372.52
1784842861365,0,0,0,132.09
1784842861365,1,100,66,372.21
1784842861500,0,0,0,132.07
1784842861500,1,100,66,371.72
1784842861636,0,0,0,132.06
1784842861636,1,100,66,371.75
1784842861773,0,0,0,132.07
1784842861773,1,100,66,371.41
1784842861907,0,0,0,132.06
1784842861907,1,100,66,371.23
1784842862041,0,0,0,132.08
1784842862041,1,100,66,340.62
1784842862175,0,0,0,132.07
1784842862175,1,0,0,316.91
1784842862309,0,0,0,132.07
1784842862309,1,0,0,291.70
1784842862442,0,0,0,132.07
1784842862442,1,0,0,243.38
1784842862576,0,0,0,132.08
1784842862576,1,0,0,222.19
1784842862711,0,0,0,132.08
1784842862711,1,0,0,198.62
1784842862845,0,0,0,132.09
1784842862845,1,0,0,146.51
1784842862979,0,0,0,132.08
1784842862979,1,0,0,130.83
1784842863113,0,0,0,132.09
1784842863113,1,0,0,130.21
1784842863259,0,0,0,132.07
1784842863259,1,0,0,130.01
1784842863392,0,0,0,132.07
1784842863392,1,0,0,129.89
1784842863526,0,0,0,132.07
1784842863526,1,0,0,129.73
1784842863659,0,0,0,132.03
1784842863659,1,0,0,129.64
1784842863792,0,0,0,132.02
1784842863792,1,0,0,129.58
1784842863925,0,0,0,132.00
1784842863925,1,0,0,129.49
1784842864058,0,0,0,131.98
1784842864058,1,0,0,129.41
1784842864191,0,0,0,131.96
1784842864191,1,0,0,129.36
1784842864323,0,0,0,141.83
1784842864323,1,0,0,129.31
1784842864459,0,53,30,264.56
1784842864459,1,0,0,129.25
1784842864595,0,96,51,316.43
1784842864595,1,0,0,129.22
1784842864731,0,96,51,362.78
1784842864731,1,0,0,129.17
1784842864865,0,98,59,471.01
1784842864865,1,0,0,129.12
1784842865001,0,98,60,524.93
1784842865001,1,0,0,129.10
1784842865136,0,98,60,635.92
1784842865136,1,0,0,129.05
1784842865284,0,98,60,681.12
1784842865284,1,0,0,129.01
1784842865419,0,88,50,680.50
1784842865419,1,0,0,128.97
1784842865553,0,91,48,669.17
1784842865553,1,0,0,128.96
1784842865690,0,91,48,673.59
1784842865690,1,0,0,128.95
1784842865826,0,97,59,676.81
1784842865826,1,0,0,128.90
1784842865962,0,97,58,679.74
1784842865962,1,0,0,128.88
1784842866098,0,97,58,677.81
1784842866098,1,0,0,128.85
1784842866233,0,98,59,680.50
1784842866233,1,0,0,128.83
1784842866371,0,94,52,675.28
1784842866371,1,0,0,128.82
1784842866506,0,94,52,666.88
1784842866506,1,0,0,128.79
1784842866644,0,98,33,648.20
1784842866644,1,0,0,128.75
1784842866779,0,98,58,653.57
1784842866779,1,0,0,128.74
1784842866915,0,98,58,657.82
1784842866915,1,0,0,128.74
1784842867050,0,98,58,663.04
1784842867050,1,0,0,128.74
1784842867185,0,98,57,662.04
1784842867185,1,0,0,128.73
1784842867320,0,98,57,661.24
1784842867320,1,0,0,128.70
1784842867455,0,88,52,662.61
1784842867455,1,0,0,128.69
1784842867591,0,95,51,685.26
1784842867591,1,0,0,128.69
1784842867728,0,95,51,688.05
1784842867728,1,0,0,128.67
1784842867863,0,98,59,685.30
1784842867863,1,0,0,128.64
1784842867999,0,98,60,690.26
1784842867999,1,0,0,128.64
1784842868134,0,98,60,683.80
1784842868134,1,0,0,128.60
1784842868269,0,98,60,686.61
1784842868269,1,0,0,128.56
1784842868406,0,89,52,690.71
1784842868406,1,0,0,128.57
1784842868542,0,89,52,688.46
1784842868542,1,0,0,128.54
1784842868677,0,96,50,689.15
1784842868677,1,0,0,128.50
1784842868813,0,98,60,682.69
1784842868813,1,0,0,128.51
1784842868949,0,98,60,679.16
1784842868949,1,0,0,128.50
1784842869085,0,98,60,680.84
1784842869085,1,0,0,128.48
1784842869221,0,98,60,676.54
1784842869221,1,0,0,128.48
1784842869356,0,89,51,674.11
1784842869356,1,0,0,128.44
1784842869491,0,89,51,680.98
1784842869491,1,0,0,128.43
1784842869625,0,90,49,680.99
1784842869625,1,0,0,128.44
1784842869760,0,98,59,689.20
1784842869760,1,0,0,128.38
1784842869894,0,98,59,689.87
1784842869894,1,0,0,128.36
1784842870030,0,98,58,690.90
1784842870030,1,0,0,128.31
1784842870164,0,98,57,695.78
1784842870164,1,0,0,128.28
1784842870300,0,98,57,698.43
1784842870300,1,0,0,128.29
1784842870434,0,88,51,697.87
1784842870434,1,0,0,128.27
1784842870569,0,91,48,687.69
1784842870569,1,0,0,128.23
1784842870704,0,91,48,685.68
1784842870704,1,0,0,128.24
1784842870839,0,98,60,685.42
1784842870839,1,0,0,128.21
1784842870975,0,98,60,684.00
1784842870975,1,0,0,128.19
1784842871111,0,98,60,680.16
1784842871111,1,0,0,128.20
1784842871246,0,98,60,681.12
1784842871246,1,0,0,128.10
1784842871382,0,95,52,675.13
1784842871382,1,0,0,128.08
1784842871518,0,95,52,671.09
1784842871518,1,0,0,128.07
1784842871654,0,92,44,672.26
1784842871654,1,0,0,128.03
1784842871789,0,98,61,667.87
1784842871789,1,0,0,128.01
1784842871924,0,98,61,672.15
1784842871924,1,0,0,127.86
1784842872060,0,98,60,671.89
1784842872060,1,0,0,127.81
1784842872196,0,98,60,662.53
1784842872196,1,0,0,127.77
1784842872331,0,98,60,666.09
1784842872331,1,0,0,127.62
1784842872466,0,95,51,666.83
1784842872466,1,0,0,127.57
1784842872602,0,93,46,677.31
1784842872602,1,0,0,127.50
1784842872737,0,93,46,676.31
1784842872737,1,0,0,127.38
1784842872874,0,98,59,681.30
1784842872874,1,0,0,127.40
1784842873009,0,98,58,683.19
1784842873009,1,0,0,127.39
1784842873144,0,98,58,683.47
1784842873144,1,0,0,127.31
1784842873278,0,98,57,688.88
1784842873278,1,0,0,127.31
1784842873415,0,95,51,687.16
1784842873415,1,0,0,127.30
1784842873548,0,95,51,680.74
1784842873548,1,0,0,127.23
1784842873685,0,93,46,684.69
1784842873685,1,0,0,127.19
1784842873820,0,98,58,685.24
1784842873820,1,0,0,127.19
1784842873955,0,98,59,688.42
1784842873955,1,0,0,127.12
1784842874090,0,98,59,684.58
1784842874090,1,0,0,127.12
1784842874225,0,98,59,681.85
1784842874225,1,0,0,127.08
1784842874361,0,94,52,681.56
1784842874361,1,0,0,127.07
1784842874497,0,94,52,680.22
1784842874497,1,0,0,127.07
1784842874633,0,93,49,690.14
1784842874633,1,0,0,127.02
1784842874767,0,98,58,685.71
1784842874767,1,0,0,127.01
1784842874902,0,98,58,690.68
1784842874902,1,0,0,126.98
1784842875038,0,98,58,686.13
1784842875038,1,0,0,126.94
1784842875173,0,98,58,686.24
1784842875173,1,0,0,126.93
1784842875308,0,98,58,689.04
1784842875308,1,0,0,126.91
1784842875443,0,95,53,693.02
1784842875443,1,0,0,126.86
1784842875579,0,92,50,695.92
1784842875579,1,0,0,126.81
1784842875715,0,92,50,698.14
1784842875715,1,0,0,126.81
1784842875848,0,98,58,699.91
1784842875848,1,0,0,126.78
1784842875985,0,98,58,696.34
1784842875985,1,0,0,126.75
1784842876122,0,98,58,698.87
1784842876122,1,0,0,126.72
1784842876258,0,98,57,694.10
1784842876258,1,0,0,126.64
1784842876392,0,95,52,689.21
1784842876392,1,0,0,126.63
1784842876528,0,95,52,689.63
1784842876528,1,0,0,126.56
1784842876664,0,93,51,688.51
1784842876664,1,0,0,126.52
1784842876801,0,98,59,688.61
1784842876801,1,0,0,126.49
1784842876936,0,98,59,688.17
1784842876936,1,0,0,126.40
1784842877070,0,98,59,692.65
1784842877070,1,0,0,126.37
1784842877205,0,98,58,692.47
1784842877205,1,0,0,126.35
1784842877341,0,98,58,694.15
1784842877341,1,0,0,126.31
1784842877476,0,95,52,690.04
1784842877476,1,0,0,126.27
1784842877612,0,98,54,691.03
1784842877612,1,0,0,126.25
1784842877747,0,98,54,684.74
1784842877747,1,0,0,126.22
1784842877883,0,98,60,681.00
1784842877883,1,0,0,126.21
1784842878018,0,98,60,679.30
1784842878018,1,0,0,126.18
1784842878153,0,98,60,682.03
1784842878153,1,0,0,126.16
1784842878288,0,94,59,685.47
1784842878288,1,0,0,126.14
1784842878424,0,95,53,691.85
1784842878424,1,0,0,126.10
1784842878558,0,98,55,684.79
1784842878558,1,0,0,126.09
1784842878694,0,98,55,690.45
1784842878694,1,0,0,126.05
1784842878831,0,98,60,687.62
1784842878831,1,0,0,126.01
1784842878966,0,98,60,689.38
1784842878966,1,0,0,125.99
1784842879102,0,98,60,693.43
1784842879102,1,0,0,125.96
1784842879239,0,90,55,695.38
1784842879239,1,0,0,125.91
1784842879372,0,27,15,616.74
1784842879372,1,0,0,125.90
1784842879507,0,27,15,574.47
1784842879507,1,0,0,125.87
1784842879640,0,0,0,519.56
1784842879640,1,0,0,125.85
1784842879776,0,51,28,473.45
1784842879776,1,0,0,125.82
1784842879914,0,51,28,460.11
1784842879914,1,0,0,125.81
1784842880050,0,98,56,461.96
1784842880050,1,0,0,125.79
1784842880189,0,98,60,461.23
1784842880189,1,0,0,125.75
1784842880325,0,98,60,474.58
1784842880325,1,0,0,125.71
1784842880462,0,98,60,586.25
1784842880462,1,0,0,125.70
1784842880597,0,91,56,629.54
1784842880597,1,0,0,125.67
1784842880732,0,91,56,686.19
1784842880732,1,0,0,125.62
1784842880868,0,95,52,686.88
1784842880868,1,0,0,125.59
1784842881004,0,98,56,682.13
1784842881004,1,0,0,125.57
1784842881141,0,98,56,684.50
1784842881141,1,0,0,125.55
1784842881276,0,98,58,683.15
1784842881276,1,0,0,125.51
1784842881411,0,98,59,686.62
1784842881411,1,0,0,125.51
1784842881545,0,98,59,683.90
1784842881545,1,0,0,125.47
1784842881691,0,90,55,688.89
1784842881691,1,0,0,125.43
1784842881826,0,95,52,691.46
1784842881826,1,0,0,125.42
1784842881963,0,98,59,697.29
1784842881963,1,0,0,125.38
1784842882098,0,98,59,694.08
1784842882098,1,0,0,125.35
1784842882233,0,98,59,693.96
1784842882233,1,0,0,125.31
1784842882369,0,98,59,691.57
1784842882369,1,0,0,125.28
1784842882504,0,98,59,686.01
1784842882504,1,0,0,125.25
1784842882640,0,90,55,690.39
1784842882640,1,0,0,125.22
1784842882773,0,95,52,678.87
1784842882773,1,0,0,125.18
1784842882909,0,95,52,687.08
1784842882909,1,0,0,125.16
1784842883045,0,98,58,687.67
1784842883045,1,0,0,125.12
1784842883180,0,98,58,690.02
1784842883180,1,0,0,125.08
1784842883315,0,98,58,694.08
1784842883315,1,0,0,125.07
1784842883450,0,98,58,690.13
1784842883450,1,0,0,125.03
1784842883585,0,86,51,684.65
1784842883585,1,0,0,125.02
1784842883720,0,86,51,682.52
1784842883720,1,0,0,125.02
1784842883853,0,95,53,682.99
1784842883853,1,0,0,124.98
1784842883988,0,98,59,686.67
1784842883988,1,0,0,124.97
1784842884124,0,98,59,682.99
1784842884124,1,0,0,124.97
1784842884260,0,98,60,686.46
1784842884260,1,0,0,124.95
1784842884395,0,98,60,686.84
1784842884395,1,0,0,124.93
1784842884530,0,98,60,686.39
1784842884530,1,0,0,124.91
1784842884666,0,91,54,682.82
1784842884666,1,0,0,124.89
1784842884802,0,95,52,679.60
1784842884802,1,0,0,124.89
1784842884938,0,95,52,684.56
1784842884938,1,0,0,124.84
1784842885073,0,98,59,682.63
1784842885073,1,0,0,124.83
1784842885209,0,98,60,678.90
1784842885209,1,0,0,124.82
1784842885345,0,98,60,682.15
1784842885345,1,0,0,124.77
1784842885480,0,98,59,681.66
1784842885480,1,0,0,124.75
1784842885615,0,90,54,688.40
1784842885615,1,0,0,124.76
1784842885750,0,90,54,688.28
1784842885750,1,0,0,124.73
1784842885886,0,94,52,668.56
1784842885886,1,0,0,124.74
1784842886021,0,98,59,671.13
1784842886021,1,0,0,124.72
1784842886156,0,98,59,665.39
1784842886156,1,0,0,124.71
1784842886291,0,98,60,659.61
1784842886291,1,0,0,124.70
1784842886427,0,98,60,659.58
1784842886427,1,0,0,124.66
1784842886564,0,88,54,655.42
1784842886564,1,0,0,124.64
1784842886698,0,88,54,654.17
1784842886698,1,0,0,124.63
1784842886832,0,95,52,669.56
1784842886832,1,0,0,124.59
1784842886970,0,98,58,682.31
1784842886970,1,0,0,124.58
1784842887107,0,98,58,686.41
1784842887107,1,0,0,124.57
1784842887242,0,98,57,683.87
1784842887242,1,0,0,124.53
1784842887379,0,98,56,680.77
1784842887379,1,0,0,124.53
1784842887515,0,98,56,687.68
1784842887515,1,0,0,124.51
1784842887650,0,90,53,683.60
1784842887650,1,0,0,124.49
1784842887786,0,95,52,686.88
1784842887786,1,0,0,124.46
1784842887923,0,95,52,681.43
1784842887923,1,0,0,124.47
1784842888058,0,98,58,684.83
1784842888058,1,0,0,124.41
1784842888194,0,98,57,687.24
1784842888194,1,0,0,124.39
1784842888330,0,98,57,692.48
1784842888330,1,0,0,124.40
1784842888465,0,98,57,689.98
1784842888465,1,0,0,124.41
1784842888601,0,90,52,685.50
1784842888601,1,0,0,124.32
1784842888736,0,90,52,682.31
1784842888736,1,0,0,124.07
1784842888873,0,94,51,681.24
1784842888873,1,0,0,123.92
1784842889009,0,98,58,683.15
1784842889009,1,0,0,123.81
1784842889144,0,98,58,677.86
1784842889144,1,0,0,123.58
1784842889280,0,98,59,679.32
1784842889280,1,0,0,123.43
1784842889415,0,98,58,677.59
1784842889415,1,0,0,123.32
1784842889550,0,98,58,680.24
1784842889550,1,0,0,123.13
1784842889686,0,90,54,689.29
1784842889686,1,0,0,123.11
1784842889822,0,95,52,688.36
1784842889822,1,0,0,123.10
1784842889956,0,95,52,692.72
1784842889956,1,0,0,123.11
1784842890091,0,98,59,690.84
1784842890091,1,0,0,123.13
1784842890228,0,98,60,688.34
1784842890228,1,0,0,123.10
1784842890363,0,98,60,689.70
1784842890363,1,0,0,123.08
1784842890509,0,98,60,686.74
1784842890509,1,0,0,123.09
1784842890644,0,90,53,696.08
1784842890644,1,0,0,123.09
1784842890780,0,95,53,693.06
1784842890780,1,0,0,123.06
1784842890918,0,95,53,692.41
1784842890918,1,0,0,123.03
1784842891053,0,98,60,690.00
1784842891053,1,0,0,122.98
1784842891189,0,98,60,688.38
1784842891189,1,0,0,122.98
1784842891324,0,98,60,686.57
1784842891324,1,0,0,122.96
1784842891460,0,98,60,684.30
1784842891460,1,0,0,122.92
1784842891595,0,89,52,683.03
1784842891595,1,0,0,122.90
1784842891731,0,89,52,681.48
1784842891731,1,0,0,122.89
1784842891866,0,96,50,675.03
1784842891866,1,0,0,122.90
1784842892004,0,98,60,677.10
1784842892004,1,0,0,122.89
1784842892141,0,98,60,669.12
1784842892141,1,0,0,122.87
1784842892277,0,98,60,663.90
1784842892277,1,0,0,122.85
1784842892412,0,98,60,666.42
1784842892412,1,0,0,122.84
1784842892547,0,98,60,664.89
1784842892547,1,0,0,122.87
1784842892682,0,88,49,668.61
1784842892682,1,0,0,122.85
1784842892819,0,90,48,663.34
1784842892819,1,0,0,122.82
1784842892959,0,90,48,671.61
1784842892959,1,0,0,122.83
1784842893097,0,98,58,679.88
1784842893097,1,0,0,122.83
1784842893232,0,98,57,682.45
1784842893232,1,0,0,122.80
1784842893368,0,98,56,690.36
1784842893368,1,0,0,122.81
1784842893503,0,98,56,689.81
1784842893503,1,0,0,122.78
1784842893639,0,88,50,689.29
1784842893639,1,0,0,122.77
1784842893774,0,91,48,692.36
1784842893774,1,0,0,122.76
1784842893909,0,91,48,696.14
1784842893909,1,0,0,122.74
1784842894046,0,98,57,695.02
1784842894046,1,0,0,122.71
1784842894181,0,98,57,694.12
1784842894181,1,0,0,122.70
1784842894316,0,98,57,694.85
1784842894316,1,0,0,122.69
1784842894451,0,98,57,695.00
1784842894451,1,0,0,122.67
1784842894586,0,89,51,699.52
1784842894586,1,0,0,122.64
1784842894722,0,89,51,698.90
1784842894722,1,0,0,122.65
1784842894857,0,91,47,695.68
1784842894857,1,0,0,122.64
1784842894992,0,98,59,692.05
1784842894992,1,0,0,122.61
1784842895128,0,98,59,690.79
1784842895128,1,0,0,122.63
1784842895263,0,98,59,687.52
1784842895263,1,0,0,122.62
1784842895400,0,98,60,690.14
1784842895400,1,0,0,122.60
1784842895535,0,98,60,691.14
1784842895535,1,0,0,122.61
1784842895671,0,87,50,680.76
1784842895671,1,0,0,122.58
1784842895828,0,95,39,663.45
1784842895828,1,0,0,122.59
1784842895963,0,98,60,660.90
1784842895963,1,0,0,122.55
1784842896099,0,98,60,657.57
1784842896099,1,0,0,122.54
1784842896236,0,98,60,657.49
1784842896236,1,0,0,122.54
1784842896371,0,98,60,656.12
1784842896371,1,0,0,122.49
1784842896506,0,98,60,655.90
1784842896506,1,0,0,122.50
1784842896642,0,88,52,660.56
1784842896642,1,0,0,122.50
1784842896777,0,91,48,682.15
1784842896777,1,0,0,122.44
1784842896912,0,91,48,690.27
1784842896912,1,0,0,122.45
1784842897048,0,98,60,687.61
1784842897048,1,0,0,122.40
1784842897184,0,98,59,693.67
1784842897184,1,0,0,122.38
1784842897320,0,98,59,697.38
1784842897320,1,0,0,122.40
1784842897455,0,98,60,694.71
1784842897455,1,0,0,122.38
1784842897591,0,87,50,690.54
1784842897591,1,0,0,122.39
1784842897727,0,87,50,686.68
1784842897727,1,0,0,122.39
1784842897863,0,91,48,684.37
1784842897863,1,0,0,122.38
1784842897998,0,98,59,688.21
1784842897998,1,0,0,122.39
1784842898133,0,98,59,683.93
1784842898133,1,0,0,122.37
1784842898268,0,98,60,688.34
1784842898268,1,0,0,122.37
1784842898404,0,98,59,688.76
1784842898404,1,0,0,122.35
1784842898539,0,98,59,688.61
1784842898539,1,0,0,122.34
1784842898673,0,91,50,684.90
1784842898673,1,0,0,122.36
1784842898808,0,91,46,684.98
1784842898808,1,0,0,122.34
1784842898943,0,91,46,686.90
1784842898943,1,0,0,122.33
1784842899079,0,98,56,688.05
1784842899079,1,0,0,122.32
1784842899215,0,98,56,687.45
1784842899215,1,0,0,122.31
1784842899350,0,98,56,687.08
1784842899350,1,0,0,122.30
1784842899486,0,98,56,683.80
1784842899486,1,0,0,122.29
1784842899621,0,88,50,687.07
1784842899621,1,0,0,122.23
1784842899758,0,88,50,693.01
1784842899758,1,0,0,122.18
1784842899893,0,91,49,697.89
1784842899893,1,0,0,122.21
1784842900030,0,98,60,696.68
1784842900030,1,0,0,122.19
1784842900165,0,98,58,693.23
1784842900165,1,0,0,122.22
1784842900300,0,98,58,694.47
1784842900300,1,0,0,122.19
1784842900435,0,98,59,694.91
1784842900435,1,0,0,122.19
1784842900570,0,88,50,694.39
1784842900570,1,0,0,122.20
1784842900706,0,88,50,691.87
1784842900706,1,0,0,122.28
1784842900842,0,91,48,685.53
1784842900842,1,0,0,122.24
1784842900976,0,98,60,680.41
1784842900976,1,0,0,122.19
1784842901111,0,98,60,676.43
1784842901111,1,0,0,122.15
1784842901247,0,98,60,679.40
1784842901247,1,0,0,122.14
1784842901384,0,98,60,675.28
1784842901384,1,0,0,122.12
1784842901517,0,98,60,676.57
1784842901517,1,0,0,122.11
1784842901653,0,94,52,683.37
1784842901653,1,0,0,122.09
1784842901787,0,92,45,686.25
1784842901787,1,0,0,122.10
1784842901922,0,92,45,692.79
1784842901922,1,0,0,122.09
1784842902058,0,98,59,694.82
1784842902058,1,0,0,122.06
1784842902193,0,98,60,696.95
1784842902193,1,0,0,122.05
1784842902329,0,98,60,698.90
1784842902329,1,0,0,122.03
1784842902466,0,98,59,695.06
1784842902466,1,0,0,122.01
1784842902601,0,95,52,694.63
1784842902601,1,0,0,121.99
1784842902735,0,95,52,686.28
1784842902735,1,0,0,122.00
1784842902872,0,92,45,694.53
1784842902872,1,0,0,122.00
1784842903009,0,98,59,695.14
1784842903009,1,0,0,122.00
1784842903145,0,98,59,696.73
1784842903145,1,0,0,121.97
1784842903282,0,98,59,697.58
1784842903282,1,0,0,121.99
1784842903418,0,98,59,692.10
1784842903418,1,0,0,121.99
1784842903559,0,98,59,697.20
1784842903559,1,0,0,121.99
1784842903693,0,95,54,691.22
1784842903693,1,0,0,122.00
1784842903829,0,93,50,686.53
1784842903829,1,0,0,121.97
1784842903963,0,93,50,690.15
1784842903963,1,0,0,121.98
1784842904099,0,98,60,688.01
1784842904099,1,0,0,121.98
1784842904235,0,98,61,692.09
1784842904235,1,0,0,121.99
1784842904372,0,98,59,691.08
1784842904372,1,0,0,122.01
1784842904508,0,98,59,693.34
1784842904508,1,0,0,121.97
1784842904643,0,94,51,694.16
1784842904643,1,0,0,121.96
1784842904778,0,93,44,684.74
1784842904778,1,0,0,121.97
1784842904914,0,93,44,684.39
1784842904914,1,0,0,121.95
1784842905049,0,98,58,680.90
1784842905049,1,0,0,121.94
1784842905185,0,98,59,680.57
1784842905185,1,0,0,121.92
1784842905321,0,98,59,675.90
1784842905321,1,0,0,121.90
1784842905456,0,98,58,674.72
1784842905456,1,0,0,121.88
1784842905590,0,95,52,681.30
1784842905590,1,0,0,121.85
1784842905723,0,95,52,685.63
1784842905723,1,0,0,121.86
1784842905858,0,93,46,696.87
1784842905858,1,0,0,121.85
1784842905993,0,98,58,695.26
1784842905993,1,0,0,121.85
1784842906127,0,98,58,698.77
1784842906127,1,0,0,121.88
1784842906262,0,98,57,695.30
1784842906262,1,0,0,121.88
1784842906400,0,98,58,695.34
1784842906400,1,0,0,121.90
1784842906537,0,98,58,695.72
1784842906537,1,0,0,121.92
1784842906672,0,95,53,692.16
1784842906672,1,0,0,121.91
1784842906808,0,92,48,688.49
1784842906808,1,0,0,121.92
1784842906944,0,92,48,692.16
1784842906944,1,0,0,121.91
1784842907079,0,98,58,688.78
1784842907079,1,0,0,121.87
1784842907217,0,98,59,691.14
1784842907217,1,0,0,121.88
1784842907352,0,98,59,693.26
1784842907352,1,0,0,121.82
1784842907489,0,98,58,690.46
1784842907489,1,0,0,121.83
1784842907625,0,94,52,690.06
1784842907625,1,0,0,121.85
1784842907762,0,94,52,687.90
1784842907762,1,0,0,121.81
1784842907899,0,92,46,684.59
1784842907899,1,0,0,121.80
1784842908035,0,98,59,683.48
1784842908035,1,0,0,121.81
1784842908170,0,98,59,689.36
1784842908170,1,0,0,121.79
1784842908305,0,98,59,688.07
1784842908305,1,0,0,121.80
1784842908440,0,98,59,687.82
1784842908440,1,0,0,121.79
1784842908576,0,95,52,690.27
1784842908576,1,0,0,121.78
1784842908711,0,95,52,686.43
1784842908711,1,0,0,121.77
1784842908847,0,93,45,694.59
1784842908847,1,0,0,121.76
1784842908983,0,98,60,687.27
1784842908983,1,0,0,121.74
1784842909120,0,98,60,683.63
1784842909120,1,0,0,121.72
1784842909256,0,98,60,679.85
1784842909256,1,0,0,121.71
1784842909393,0,98,60,679.21
1784842909393,1,0,0,121.70
1784842909528,0,98,60,678.41
1784842909528,1,0,0,121.68
1784842909665,0,94,51,678.12
1784842909665,1,0,0,121.68
1784842909800,0,93,50,674.83
1784842909800,1,0,0,121.69
1784842909937,0,93,50,679.66
1784842909937,1,0,0,121.67
1784842910073,0,98,59,682.31
1784842910073,1,0,0,121.67
1784842910208,0,98,59,682.26
1784842910208,1,0,0,121.68
1784842910347,0,98,59,683.04
1784842910347,1,0,0,121.70
1784842910481,0,98,60,689.85
1784842910481,1,0,0,121.69
1784842910617,0,94,52,692.59
1784842910617,1,0,0,121.68
1784842910752,0,94,52,692.33
1784842910752,1,0,0,121.67
1784842910888,0,98,51,695.85
1784842910888,1,0,0,121.66
1784842911024,0,98,59,694.63
1784842911024,1,0,0,121.65
1784842911161,0,98,59,695.82
1784842911161,1,0,0,121.66
1784842911296,0,98,59,696.43
1784842911296,1,0,0,121.65
1784842911431,0,95,59,695.93
1784842911431,1,0,0,121.63
1784842911566,0,95,59,692.30
1784842911566,1,0,0,121.65
1784842911701,0,95,52,687.69
1784842911701,1,0,0,121.67
1784842911837,0,98,55,687.98
1784842911837,1,0,0,121.67
1784842911973,0,98,60,686.04
1784842911973,1,0,0,121.68
1784842912109,0,98,60,683.84
1784842912109,1,0,0,121.67
1784842912245,0,98,59,685.75
1784842912245,1,0,0,121.67
1784842912380,0,90,55,690.12
1784842912380,1,0,0,121.67
1784842912515,0,90,55,692.00
1784842912515,1,0,0,121.65
1784842912651,0,94,52,693.27
1784842912651,1,0,0,121.65
1784842912786,0,98,59,692.70
1784842912786,1,0,0,121.65
1784842912921,0,98,59,691.21
1784842912921,1,0,0,121.64
1784842913057,0,98,59,693.07
1784842913057,1,0,0,121.66
1784842913192,0,98,60,691.55
1784842913192,1,0,0,121.68
1784842913330,0,98,60,688.44
1784842913330,1,0,0,121.67
1784842913466,0,90,54,682.83
1784842913466,1,0,0,121.69
1784842913601,0,0,0,572.77
1784842913601,1,0,0,121.69
1784842913734,0,0,0,525.84
1784842913734,1,0,0,121.67
1784842913867,0,0,0,476.78
1784842913867,1,0,0,121.70
1784842914004,0,95,53,472.89
1784842914004,1,0,0,121.68
1784842914139,0,95,53,470.63
1784842914139,1,0,0,121.68
1784842914276,0,98,60,464.50
1784842914276,1,0,0,121.68
1784842914411,0,98,60,466.51
1784842914411,1,0,0,121.67
1784842914545,0,98,60,512.36
1784842914545,1,0,0,121.68
1784842914680,0,98,60,611.21
1784842914680,1,0,0,121.66
1784842914817,0,89,53,665.72
1784842914817,1,0,0,121.65
1784842914953,0,89,53,673.38
1784842914953,1,0,0,121.64
1784842915089,0,96,50,667.06
1784842915089,1,0,0,121.61
1784842915224,0,98,60,670.25
1784842915224,1,0,0,121.61
1784842915360,0,98,60,668.34
1784842915360,1,0,0,121.60
1784842915497,0,98,60,670.65
1784842915497,1,0,0,121.58
1784842915635,0,98,60,674.12
1784842915635,1,0,0,121.56
1784842915770,0,98,60,675.82
1784842915770,1,0,0,121.58
1784842915907,0,88,52,673.67
1784842915907,1,0,0,121.56
1784842916042,0,91,49,668.57
1784842916042,1,0,0,121.56
1784842916180,0,98,60,672.26
1784842916180,1,0,0,121.54
1784842916315,0,98,60,673.80
1784842916315,1,0,0,121.54
1784842916452,0,98,60,674.75
1784842916452,1,0,0,121.52
1784842916589,0,98,61,674.90
1784842916589,1,0,0,121.53
1784842916724,0,98,61,677.16
1784842916724,1,0,0,121.54
1784842916860,0,94,52,680.43
1784842916860,1,0,0,121.53
1784842916999,0,92,45,679.09
1784842916999,1,0,0,121.54
1784842917134,0,92,45,679.13
1784842917134,1,0,0,121.55
1784842917270,0,98,60,680.52
1784842917270,1,0,0,121.51
1784842917406,0,98,59,684.27
1784842917406,1,0,0,121.52
1784842917542,0,98,59,685.08
1784842917542,1,0,0,121.53
1784842917677,0,98,59,681.72
1784842917677,1,0,0,121.50
1784842917812,0,95,52,677.51
1784842917812,1,0,0,121.51
1784842917948,0,95,52,674.87
1784842917948,1,0,0,121.48
1784842918083,0,92,43,676.87
1784842918083,1,0,0,121.50
1784842918221,0,98,59,675.60
1784842918221,1,0,0,121.50
1784842918357,0,98,59,674.72
1784842918357,1,0,0,121.47
1784842918494,0,98,59,669.88
1784842918494,1,0,0,121.49
1784842918628,0,98,59,668.22
1784842918628,1,0,0,121.48
1784842918763,0,98,59,669.84
1784842918763,1,0,0,121.47
1784842918898,0,95,52,668.54
1784842918898,1,0,0,121.50
1784842919034,0,93,46,670.06
1784842919034,1,0,0,121.49
1784842919169,0,93,46,676.86
1784842919169,1,0,0,121.51
1784842919304,0,98,59,682.07
1784842919304,1,0,0,121.49
1784842919442,0,98,59,681.84
1784842919442,1,0,0,121.51
1784842919579,0,98,59,682.75
1784842919579,1,0,0,121.51
1784842919715,0,98,59,681.85
1784842919715,1,0,0,121.50
1784842919852,0,94,52,682.65
1784842919852,1,0,0,121.52
1784842919995,0,92,49,683.25
1784842919995,1,0,0,121.51
1784842920131,0,92,49,681.39
1784842920131,1,0,0,121.50
1784842920268,0,98,59,682.93
1784842920268,1,0,0,121.49
1784842920405,0,98,59,684.89
1784842920405,1,0,0,121.47
1784842920541,0,98,59,686.47
1784842920541,1,0,0,121.50
1784842920677,0,98,59,686.83
1784842920677,1,0,0,121.50
1784842920813,0,95,52,686.83
1784842920813,1,0,0,121.49
1784842920949,0,95,52,684.11
1784842920949,1,0,0,121.48
1784842921084,0,98,52,685.90
1784842921084,1,0,0,121.49
1784842921220,0,98,60,685.94
1784842921220,1,0,0,121.48
1784842921356,0,98,60,683.73
1784842921356,1,0,0,121.52
1784842921492,0,98,60,683.27
1784842921492,1,0,0,121.50
1784842921628,0,95,59,685.54
1784842921628,1,0,0,121.49
1784842921764,0,95,59,686.69
1784842921764,1,0,0,121.47
1784842921898,0,95,51,689.53
1784842921898,1,0,0,121.46
1784842922031,0,98,54,691.19
1784842922031,1,0,0,121.47
1784842922169,0,98,54,692.59
1784842922169,1,0,0,121.47
1784842922304,0,98,59,696.39
1784842922304,1,0,0,121.49
1784842922440,0,98,58,694.12
1784842922440,1,0,0,121.46
1784842922576,0,93,55,694.96
1784842922576,1,0,0,121.48
1784842922711,0,93,55,695.43
1784842922711,1,0,0,121.47
1784842922849,0,95,51,691.92
1784842922849,1,0,0,121.50
1784842922984,0,98,56,693.27
1784842922984,1,0,0,121.50
1784842923121,0,98,56,697.02
1784842923121,1,0,0,121.49
1784842923264,0,98,59,692.49
1784842923264,1,0,0,121.49
1784842923401,0,98,59,689.70
1784842923401,1,0,0,121.50
1784842923537,0,98,59,685.58
1784842923537,1,0,0,121.49
1784842923671,0,90,54,690.73
1784842923671,1,0,0,121.48
1784842923807,0,95,51,686.49
1784842923807,1,0,0,121.47
1784842923942,0,95,51,690.97
1784842923942,1,0,0,121.46
1784842924077,0,98,58,689.74
1784842924077,1,0,0,121.47
1784842924213,0,98,57,693.03
1784842924213,1,0,0,121.48
1784842924350,0,98,57,690.13
1784842924350,1,0,0,121.46
1784842924485,0,98,58,691.82
1784842924485,1,0,0,121.46
1784842924621,0,95,52,692.84
1784842924621,1,0,0,121.47
1784842924756,0,95,52,686.33
1784842924756,1,0,0,121.46
1784842924891,0,92,44,681.33
1784842924891,1,0,0,121.43
1784842925028,0,98,59,683.98
1784842925028,1,0,0,121.43
1784842925164,0,98,59,686.38
1784842925164,1,0,0,121.41
1784842925299,0,98,59,688.12
1784842925299,1,0,0,121.43
1784842925442,0,98,59,686.30
1784842925442,1,0,0,121.42
1784842925577,0,95,51,684.79
1784842925577,1,0,0,121.42
1784842925712,0,95,51,684.52
1784842925712,1,0,0,121.44
1784842925846,0,93,45,684.29
1784842925846,1,0,0,121.43
1784842925981,0,98,59,685.85
1784842925981,1,0,0,121.45
1784842926117,0,98,59,682.59
1784842926117,1,0,0,121.47
1784842926252,0,98,59,685.37
1784842926252,1,0,0,121.45
1784842926387,0,98,59,682.77
1784842926387,1,0,0,121.46
1784842926523,0,98,59,683.21
1784842926523,1,0,0,121.44
1784842926659,0,95,53,688.21
1784842926659,1,0,0,121.44
1784842926793,0,93,50,686.72
1784842926793,1,0,0,121.47
1784842926930,0,93,50,683.11
1784842926930,1,0,0,121.45
1784842927066,0,98,59,686.02
1784842927066,1,0,0,121.43
1784842927200,0,98,60,684.89
1784842927200,1,0,0,121.42
1784842927335,0,98,60,690.31
1784842927335,1,0,0,121.40
1784842927472,0,98,59,687.90
1784842927472,1,0,0,121.40
1784842927608,0,95,53,689.00
1784842927608,1,0,0,121.39
1784842927744,0,95,53,691.02
1784842927744,1,0,0,121.39
1784842927879,0,93,48,693.41
1784842927879,1,0,0,121.37
1784842928014,0,98,58,693.20
1784842928014,1,0,0,121.36
1784842928149,0,98,58,693.56
1784842928149,1,0,0,121.37
1784842928285,0,98,58,693.91
1784842928285,1,0,0,121.35
1784842928421,0,98,59,693.07
1784842928421,1,0,0,121.37
1784842928558,0,98,59,688.21
1784842928558,1,0,0,121.36
1784842928691,0,68,69,606.99
1784842928691,1,0,0,122.08
1784842928828,0,43,21,568.96
1784842928828,1,67,39,136.95
1784842928961,0,43,21,523.04
1784842928961,1,0,0,139.91
1784842929095,0,0,0,411.62
1784842929095,1,0,0,139.49
1784842929230,0,0,0,354.17
1784842929230,1,0,0,139.81
1784842929365,0,0,0,298.84
1784842929365,1,12,2,140.40
1784842929504,0,82,13,199.19
1784842929504,1,12,2,166.01
1784842929642,0,0,0,164.36
1784842929642,1,94,57,207.03
1784842929779,0,0,0,146.80
1784842929779,1,100,51,299.57
1784842929917,0,0,0,144.54
1784842929917,1,100,51,350.93
1784842930054,0,0,0,144.00
1784842930054,1,100,48,474.27
1784842930190,0,0,0,143.13
1784842930190,1,100,49,524.90
1784842930326,0,0,0,142.82
1784842930326,1,100,49,586.19
1784842930464,0,0,0,140.52
1784842930464,1,100,49,681.86
1784842930600,0,0,0,139.43
1784842930600,1,100,45,682.80
1784842930737,0,0,0,139.20
1784842930737,1,100,45,686.67
1784842930875,0,0,0,139.05
1784842930875,1,99,63,673.46
1784842931012,0,0,0,138.73
1784842931012,1,98,50,672.50
1784842931148,0,0,0,138.60
1784842931148,1,98,50,658.60
1784842931285,0,0,0,138.32
1784842931285,1,100,54,653.09
1784842931421,0,0,0,138.21
1784842931421,1,79,44,635.59
1784842931559,0,0,0,138.08
1784842931559,1,91,54,644.41
1784842931696,0,0,0,137.88
1784842931696,1,91,54,655.08
1784842931833,0,0,0,137.78
1784842931833,1,100,54,655.45
1784842931971,0,0,0,137.67
1784842931971,1,96,55,642.39
1784842932108,0,0,0,137.50
1784842932108,1,96,55,640.03
1784842932244,0,0,0,137.43
1784842932244,1,99,51,640.01
1784842932390,0,0,0,137.24
1784842932390,1,57,29,629.02
1784842932529,0,0,0,137.16
1784842932529,1,57,29,624.97
1784842932665,0,0,0,137.11
1784842932665,1,100,53,633.49
1784842932803,0,0,0,136.94
1784842932803,1,96,56,616.15
1784842932940,0,0,0,136.89
1784842932940,1,96,56,613.44
1784842933077,0,0,0,136.83
1784842933077,1,100,63,615.84
1784842933213,0,0,0,136.66
1784842933213,1,96,55,602.38
1784842933350,0,0,0,136.60
1784842933350,1,96,55,613.56
1784842933489,0,0,0,136.48
1784842933489,1,94,49,626.96
1784842933627,0,0,0,136.41
1784842933627,1,91,51,613.94
1784842933764,0,0,0,136.35
1784842933764,1,98,53,618.42
1784842933901,0,0,0,136.09
1784842933901,1,98,53,621.21
1784842934038,0,0,0,135.93
1784842934038,1,95,62,602.82
1784842934177,0,0,0,135.65
1784842934177,1,95,53,616.02
1784842934314,0,0,0,135.48
1784842934314,1,95,53,616.38
1784842934452,0,0,0,135.37
1784842934452,1,98,63,611.41
1784842934591,0,0,0,135.07
1784842934591,1,87,45,616.01
1784842934728,0,0,0,134.98
1784842934728,1,87,45,613.24
1784842934866,0,0,0,134.89
1784842934866,1,95,57,612.66
1784842935004,0,0,0,134.77
1784842935004,1,88,53,618.15
1784842935140,0,0,0,134.75
1784842935140,1,88,53,609.95
1784842935277,0,0,0,134.71
1784842935277,1,93,55,608.70
1784842935415,0,0,0,134.63
1784842935415,1,100,64,608.48
1784842935551,0,0,0,134.57
1784842935551,1,100,64,608.28
1784842935689,0,0,0,134.49
1784842935689,1,97,50,602.41
1784842935825,0,0,0,134.44
1784842935825,1,88,53,595.46
1784842935961,0,0,0,134.40
1784842935961,1,98,61,603.28
1784842936097,0,0,0,134.31
1784842936097,1,98,61,607.58
1784842936234,0,0,0,134.27
1784842936234,1,96,50,628.17
1784842936372,0,0,0,134.23
1784842936372,1,99,53,647.83
1784842936508,0,0,0,134.18
1784842936508,1,99,53,644.31
1784842936644,0,0,0,134.14
1784842936644,1,97,59,637.28
1784842936780,0,0,0,134.10
1784842936780,1,87,50,645.67
1784842936917,0,0,0,134.09
1784842936917,1,87,50,633.41
1784842937053,0,0,0,134.05
1784842937053,1,91,55,626.29
1784842937190,0,0,0,133.99
1784842937190,1,95,57,606.95
1784842937326,0,0,0,133.95
1784842937326,1,95,57,583.43
1784842937463,0,0,0,133.93
1784842937463,1,91,56,543.73
1784842937600,0,0,0,133.87
1784842937600,1,94,58,539.49
1784842937737,0,0,0,133.83
1784842937737,1,94,58,536.71
1784842937876,0,0,0,133.79
1784842937876,1,89,51,543.75
1784842938012,0,0,0,133.74
1784842938012,1,93,55,542.33
1784842938149,0,0,0,133.75
1784842938149,1,93,55,540.46
1784842938288,0,0,0,133.71
1784842938288,1,100,61,567.20
1784842938424,0,0,0,133.70
1784842938424,1,100,55,579.05
1784842938561,0,0,0,133.67
1784842938561,1,97,59,598.34
1784842938697,0,0,0,133.66
1784842938697,1,97,59,610.73
1784842938834,0,0,0,133.63
1784842938834,1,98,56,618.83
1784842938971,0,0,0,133.63
1784842938971,1,97,55,628.59
1784842939108,0,0,0,133.57
1784842939108,1,97,55,622.28
1784842939246,0,0,0,133.58
1784842939246,1,97,59,628.39
1784842939383,0,0,0,133.57
1784842939383,1,53,32,584.86
1784842939521,0,0,0,133.57
1784842939521,1,53,32,572.40
1784842939657,0,0,0,133.57
1784842939657,1,98,57,556.39
1784842939794,0,0,0,133.52
1784842939794,1,98,62,545.43
1784842939932,0,0,0,133.51
1784842939932,1,98,62,536.26
1784842940069,0,0,0,133.49
1784842940069,1,90,49,539.49
1784842940206,0,0,0,133.45
1784842940206,1,90,49,547.33
1784842940342,0,0,0,133.41
1784842940342,1,90,49,554.80
1784842940479,0,0,0,133.38
1784842940479,1,90,52,605.79
1784842940615,0,0,0,133.36
1784842940615,1,100,56,600.49
1784842940752,0,0,0,133.34
1784842940752,1,100,56,610.11
1784842940889,0,0,0,133.30
1784842940889,1,94,52,621.53
1784842941027,0,0,0,133.29
1784842941027,1,94,57,618.47
1784842941163,0,0,0,133.28
1784842941163,1,99,56,610.04
1784842941301,0,0,0,133.24
1784842941301,1,99,56,593.99
1784842941437,0,0,0,133.21
1784842941437,1,92,49,600.27
1784842941573,0,0,0,133.21
1784842941573,1,100,58,604.62
1784842941711,0,0,0,133.18
1784842941711,1,100,58,595.25
1784842941858,0,0,0,133.19
1784842941858,1,100,66,600.60
1784842941995,0,0,0,133.17
1784842941995,1,100,54,616.93
1784842942132,0,0,0,133.18
1784842942132,1,100,54,623.97
1784842942270,0,0,0,133.16
1784842942270,1,98,60,618.34
1784842942407,0,0,0,133.18
1784842942407,1,92,51,622.92
1784842942548,0,0,0,133.18
1784842942548,1,92,51,604.06
1784842942685,0,0,0,133.19
1784842942685,1,100,58,614.16
1784842942822,0,0,0,133.17
1784842942822,1,100,63,621.35
1784842942959,0,0,0,133.14
1784842942959,1,92,49,614.98
1784842943096,0,0,0,133.16
1784842943096,1,92,49,609.51
1784842943232,0,0,0,133.15
1784842943232,1,91,51,611.25
1784842943370,0,0,0,133.15
1784842943370,1,89,49,604.28
1784842943507,0,0,0,133.12
1784842943507,1,89,49,596.65
1784842943644,0,0,0,133.13
1784842943644,1,97,58,590.51
1784842943783,0,0,0,133.10
1784842943783,1,97,53,603.48
1784842943920,0,0,0,133.14
1784842943920,1,97,53,612.09
1784842944056,0,0,0,133.14
1784842944056,1,95,54,603.38
1784842944194,0,0,0,133.11
1784842944194,1,94,53,610.48
1784842944330,0,0,0,133.11
1784842944330,1,94,53,621.08
1784842944467,0,0,0,133.10
1784842944467,1,99,58,632.96
1784842944606,0,0,0,133.10
1784842944606,1,100,67,620.07
1784842944743,0,0,0,133.10
1784842944743,1,100,67,623.58
1784842944879,0,0,0,133.09
1784842944879,1,98,58,607.32
1784842945015,0,0,0,133.05
1784842945015,1,98,54,617.58
1784842945151,0,0,0,133.05
1784842945151,1,98,54,608.52
1784842945286,0,0,0,133.04
1784842945286,1,100,58,597.44
1784842945422,0,0,0,133.04
1784842945422,1,98,58,592.53
1784842945560,0,0,0,133.06
1784842945560,1,100,68,569.40
1784842945697,0,0,0,133.03
1784842945697,1,100,68,555.97
1784842945834,0,0,0,133.05
1784842945834,1,99,64,548.95
1784842945972,0,0,0,133.05
1784842945972,1,100,62,518.35
1784842946108,0,0,0,133.05
1784842946108,1,100,62,505.08
1784842946245,0,0,0,133.07
1784842946245,1,100,66,493.00
1784842946381,0,0,0,133.04
1784842946381,1,97,65,471.71
1784842946518,0,0,0,133.05
1784842946518,1,97,65,474.48
1784842946654,0,0,0,133.03
1784842946654,1,100,69,468.31
1784842946789,0,0,0,133.02
1784842946789,1,100,69,459.72
1784842946924,0,0,0,132.99
1784842946924,1,100,69,459.98
1784842947062,0,0,0,132.99
1784842947062,1,100,67,453.51
1784842947199,0,0,0,132.94
1784842947199,1,100,67,448.30
1784842947337,0,0,0,132.93
1784842947337,1,100,67,453.98
1784842947475,0,0,0,132.96
1784842947475,1,94,58,449.75
1784842947612,0,0,0,132.93
1784842947612,1,100,69,450.97
1784842947749,0,0,0,132.92
1784842947749,1,100,69,450.67
1784842947886,0,0,0,132.93
1784842947886,1,100,69,444.35
1784842948023,0,0,0,132.91
1784842948023,1,100,65,450.66
1784842948160,0,0,0,132.92
1784842948160,1,100,68,440.78
1784842948298,0,0,0,132.89
1784842948298,1,100,68,432.93
1784842948434,0,0,0,132.86
1784842948434,1,100,67,423.50
1784842948571,0,0,0,132.87
1784842948571,1,100,67,415.95
1784842948707,0,0,0,132.85
1784842948707,1,100,67,412.30
1784842948844,0,0,0,132.81
1784842948844,1,100,67,408.39
1784842948980,0,0,0,132.82
1784842948980,1,100,67,393.77
1784842949115,0,0,0,132.81
1784842949115,1,100,67,392.35
1784842949252,0,0,0,132.83
1784842949252,1,100,67,391.45
1784842949388,0,0,0,132.83
1784842949388,1,100,67,386.14
1784842949526,0,0,0,132.82
1784842949526,1,100,67,386.89
1784842949662,0,0,0,132.83
1784842949662,1,100,67,386.47
1784842949798,0,0,0,132.83
1784842949798,1,100,67,386.21
1784842949935,0,0,0,132.83
1784842949935,1,100,67,386.16
1784842950069,0,0,0,132.83
1784842950069,1,100,67,385.87
1784842950206,0,0,0,132.81
1784842950206,1,100,67,386.09
1784842950343,0,0,0,132.80
1784842950343,1,100,67,386.28
1784842950499,0,0,0,132.83
1784842950499,1,100,67,386.34
1784842950636,0,0,0,132.83
1784842950636,1,100,67,386.63
1784842950771,0,0,0,132.82
1784842950771,1,100,67,387.42
1784842950908,0,0,0,132.83
1784842950908,1,100,67,387.80
1784842951046,0,0,0,132.81
1784842951046,1,100,67,387.96
1784842951182,0,0,0,132.83
1784842951182,1,100,67,388.15
1784842951319,0,0,0,132.83
1784842951319,1,100,67,387.96
1784842951456,0,0,0,132.83
1784842951456,1,100,67,387.80
1784842951593,0,0,0,132.82
1784842951593,1,100,67,387.37
1784842951730,0,0,0,132.80
1784842951730,1,100,67,387.13
1784842951867,0,0,0,132.80
1784842951867,1,100,67,386.65
1784842952004,0,0,0,132.78
1784842952004,1,100,67,385.28
1784842952141,0,0,0,132.78
1784842952141,1,100,67,384.70
1784842952277,0,0,0,132.77
1784842952277,1,100,67,383.46
1784842952415,0,0,0,132.73
1784842952415,1,100,67,383.35
1784842952552,0,0,0,132.74
1784842952552,1,100,67,382.51
1784842952689,0,0,0,132.72
1784842952689,1,100,67,381.69
1784842952829,0,0,0,132.73
1784842952829,1,100,67,381.41
1784842952970,0,0,0,132.72
1784842952970,1,100,67,381.18
1784842953106,0,0,0,132.70
1784842953106,1,100,67,381.15
1784842953242,0,0,0,132.71
1784842953242,1,100,67,380.79
1784842953379,0,0,0,132.71
1784842953379,1,100,66,379.14
1784842953515,0,0,0,132.70
1784842953515,1,100,66,378.23
1784842953652,0,0,0,132.67
1784842953652,1,100,66,377.66
1784842953788,0,0,0,132.67
1784842953788,1,100,66,375.79
1784842953923,0,0,0,132.64
1784842953923,1,100,66,374.85
1784842954059,0,0,0,132.63
1784842954059,1,100,66,373.86
1784842954194,0,0,0,132.60
1784842954194,1,100,66,372.59
1784842954329,0,0,0,132.59
1784842954329,1,100,66,371.85
1784842954464,0,0,0,132.58
1784842954464,1,100,66,371.79
1784842954599,0,0,0,132.59
1784842954599,1,100,66,371.32
1784842954734,0,0,0,132.60
1784842954734,1,100,66,371.37
1784842954870,0,0,0,132.60
1784842954870,1,100,66,371.90
1784842955007,0,0,0,132.61
1784842955007,1,100,66,372.54
1784842955143,0,0,0,132.61
1784842955143,1,100,66,373.05
1784842955279,0,0,0,132.61
1784842955279,1,100,66,373.36
1784842955414,0,0,0,132.60
1784842955414,1,100,66,373.23
1784842955550,0,0,0,132.59
1784842955550,1,100,66,373.39
1784842955686,0,0,0,132.55
1784842955686,1,100,66,373.46
1784842955822,0,0,0,132.55
1784842955822,1,100,66,373.18
1784842955959,0,0,0,132.54
1784842955959,1,100,66,373.42
1784842956095,0,0,0,132.50
1784842956095,1,100,66,373.43
1784842956230,0,0,0,132.50
1784842956230,1,100,66,373.88
1784842956365,0,0,0,132.51
1784842956365,1,100,66,372.80
1784842956501,0,0,0,132.51
1784842956501,1,100,66,373.78
1784842956637,0,0,0,132.51
1784842956637,1,100,66,373.67
1784842956774,0,0,0,132.52
1784842956774,1,100,66,374.87
1784842956910,0,0,0,132.52
1784842956910,1,100,66,375.30
1784842957046,0,0,0,132.55
1784842957046,1,100,66,375.34
1784842957182,0,0,0,132.57
1784842957182,1,100,66,373.03
1784842957318,0,0,0,132.54
1784842957318,1,100,66,372.48
1784842957452,0,0,0,132.54
1784842957452,1,100,66,373.46
1784842957588,0,0,0,132.55
1784842957588,1,100,66,373.12
1784842957724,0,0,0,132.54
1784842957724,1,100,66,373.04
1784842957860,0,0,0,132.52
1784842957860,1,100,66,373.23
1784842957996,0,0,0,132.53
1784842957996,1,100,66,372.54
1784842958131,0,0,0,132.52
1784842958131,1,100,66,373.13
1784842958268,0,0,0,132.52
1784842958268,1,100,66,374.20
1784842958405,0,0,0,132.53
1784842958405,1,100,66,373.70
1784842958544,0,0,0,132.51
1784842958544,1,100,66,373.36
1784842958680,0,0,0,132.51
1784842958680,1,100,66,373.33
1784842958816,0,0,0,132.50
1784842958816,1,100,66,372.84
1784842958953,0,0,0,132.48
1784842958953,1,100,66,372.02
1784842959089,0,0,0,132.46
1784842959089,1,100,66,372.11
1784842959226,0,0,0,132.47
1784842959226,1,100,66,372.63
1784842959363,0,0,0,132.46
1784842959363,1,100,66,372.83
1784842959497,0,0,0,132.44
1784842959497,1,100,66,354.63
1784842959632,0,0,0,132.47
1784842959632,1,0,0,331.19
1784842959766,0,0,0,132.45
1784842959766,1,0,0,281.67
1784842959899,0,0,0,132.46
1784842959899,1,0,0,259.52
1784842960033,0,0,0,132.46
1784842960033,1,0,0,233.21
1784842960167,0,0,0,132.45
1784842960167,1,0,0,188.10
1784842960301,0,0,0,132.45
1784842960301,1,0,0,164.33
1784842960434,0,0,0,132.46
1784842960434,1,0,0,140.25
1784842960568,0,0,0,132.44
1784842960568,1,0,0,130.03
1784842960701,0,0,0,132.45
1784842960701,1,0,0,129.84
1784842960833,0,0,0,132.45
1784842960833,1,0,0,129.73
1784842960966,0,0,0,132.45
1784842960966,1,0,0,129.55
1784842961099,0,0,0,132.44
1784842961099,1,0,0,129.47
1784842961234,0,0,0,132.44
1784842961234,1,0,0,129.40
1784842961367,0,0,0,138.01
1784842961367,1,0,0,129.31
1784842961503,0,94,52,252.94
1784842961503,1,0,0,129.26
1784842961639,0,93,47,303.17
1784842961639,1,0,0,129.22
1784842961774,0,93,47,359.49
1784842961774,1,0,0,129.11
1784842961910,0,98,57,475.51
1784842961910,1,0,0,129.09
1784842962045,0,98,57,532.44
1784842962045,1,0,0,129.04
1784842962182,0,98,57,591.46
1784842962182,1,0,0,128.99
1784842962318,0,98,57,691.14
1784842962318,1,0,0,128.98
1784842962455,0,95,51,690.48
1784842962455,1,0,0,128.95
1784842962591,0,92,50,682.24
1784842962591,1,0,0,128.91
1784842962728,0,92,50,685.24
1784842962728,1,0,0,128.90
1784842962863,0,98,59,684.06
1784842962863,1,0,0,128.90
1784842962999,0,98,59,685.39
1784842962999,1,0,0,128.83
1784842963134,0,98,59,684.33
1784842963134,1,0,0,128.83
1784842963269,0,92,56,680.99
1784842963269,1,0,0,128.77
1784842963403,0,94,51,689.46
1784842963403,1,0,0,128.74
1784842963540,0,94,51,673.52
1784842963540,1,0,0,128.76
1784842963675,0,92,51,670.17
1784842963675,1,0,0,128.74
1784842963811,0,98,60,664.44
1784842963811,1,0,0,128.73
1784842963955,0,98,60,661.38
1784842963955,1,0,0,128.76
1784842964092,0,98,60,655.90
1784842964092,1,0,0,128.74
1784842964227,0,92,57,647.31
1784842964227,1,0,0,128.77
1784842964364,0,92,57,651.01
1784842964364,1,0,0,128.81
1784842964501,0,95,52,661.36
1784842964501,1,0,0,128.76
1784842964637,0,98,57,677.11
1784842964637,1,0,0,128.75
1784842964772,0,98,57,682.31
1784842964772,1,0,0,128.73
1784842964908,0,98,58,682.24
1784842964908,1,0,0,128.71
1784842965043,0,98,56,685.59
1784842965043,1,0,0,128.69
1784842965178,0,98,56,682.13
1784842965178,1,0,0,128.62
1784842965312,0,90,52,683.64
1784842965312,1,0,0,128.61
1784842965447,0,95,52,682.35
1784842965447,1,0,0,128.59
1784842965582,0,95,52,674.80
1784842965582,1,0,0,128.57
1784842965717,0,98,59,672.61
1784842965717,1,0,0,128.56
1784842965853,0,98,60,674.08
1784842965853,1,0,0,128.58
1784842965988,0,98,60,669.95
1784842965988,1,0,0,128.52
1784842966123,0,98,60,672.98
1784842966123,1,0,0,128.51
1784842966257,0,88,52,678.65
1784842966257,1,0,0,128.52
1784842966394,0,95,40,658.66
1784842966394,1,0,0,128.49
1784842966557,0,95,40,658.62
1784842966557,1,0,0,128.48
1784842966693,0,98,58,665.34
1784842966693,1,0,0,128.41
1784842966830,0,98,58,665.08
1784842966830,1,0,0,128.38
1784842966965,0,98,58,668.59
1784842966965,1,0,0,128.38
1784842967100,0,98,59,676.42
1784842967100,1,0,0,128.33
1784842967235,0,89,53,675.85
1784842967235,1,0,0,128.32
1784842967371,0,89,53,675.48
1784842967371,1,0,0,128.28
1784842967506,0,95,50,686.59
1784842967506,1,0,0,128.27
1784842967642,0,98,58,687.92
1784842967642,1,0,0,128.26
1784842967777,0,98,58,686.21
1784842967777,1,0,0,128.24
1784842967912,0,98,58,685.46
1784842967912,1,0,0,128.23
1784842968047,0,98,59,685.27
1784842968047,1,0,0,128.23
1784842968184,0,98,59,684.59
1784842968184,1,0,0,128.22
1784842968318,0,89,52,688.83
1784842968318,1,0,0,128.20
1784842968453,0,95,50,690.07
1784842968453,1,0,0,128.19
1784842968590,0,98,60,690.31
1784842968590,1,0,0,128.15
1784842968728,0,98,60,686.59
1784842968728,1,0,0,128.15
1784842968863,0,98,60,689.77
1784842968863,1,0,0,128.11
1784842968998,0,98,59,687.12
1784842968998,1,0,0,128.07
1784842969134,0,98,59,677.47
1784842969134,1,0,0,128.07
1784842969269,0,87,50,677.50
1784842969269,1,0,0,128.03
1784842969415,0,91,48,673.11
1784842969415,1,0,0,127.99
1784842969552,0,91,48,686.72
1784842969552,1,0,0,127.97
1784842969689,0,98,60,691.56
1784842969689,1,0,0,127.97
1784842969825,0,98,59,689.98
1784842969825,1,0,0,127.94
1784842969962,0,98,59,689.62
1784842969962,1,0,0,127.90
1784842970098,0,98,59,691.22
1784842970098,1,0,0,127.86
1784842970235,0,94,54,696.54
1784842970235,1,0,0,127.82
1784842970368,0,94,54,698.86
1784842970368,1,0,0,127.80
1784842970503,0,92,45,689.18
1784842970503,1,0,0,127.78
1784842970642,0,98,59,693.10
1784842970642,1,0,0,127.75
1784842970778,0,98,59,691.12
1784842970778,1,0,0,127.71
1784842970915,0,97,59,696.62
1784842970915,1,0,0,127.69
1784842971051,0,98,60,694.15
1784842971051,1,0,0,127.68
1784842971187,0,98,60,689.48
1784842971187,1,0,0,127.65
1784842971322,0,95,54,693.44
1784842971322,1,0,0,127.63
1784842971497,0,97,32,672.97
1784842971497,1,0,0,127.57
1784842971634,0,98,59,671.03
1784842971634,1,0,0,127.55
1784842971770,0,98,59,671.94
1784842971770,1,0,0,127.47
1784842971905,0,98,58,670.38
1784842971905,1,0,0,127.46
1784842972040,0,98,58,673.31
1784842972040,1,0,0,127.44
1784842972175,0,98,58,683.37
1784842972175,1,0,0,127.36
1784842972312,0,89,53,670.95
1784842972312,1,0,0,127.34
1784842972447,0,96,50,694.80
1784842972447,1,0,0,127.31
1784842972583,0,96,50,682.25
1784842972583,1,0,0,127.27
1784842972719,0,98,60,679.11
1784842972719,1,0,0,127.26
1784842972855,0,98,60,678.26
1784842972855,1,0,0,127.25
1784842972990,0,98,60,680.53
1784842972990,1,0,0,127.21
1784842973123,0,98,61,677.46
1784842973123,1,0,0,127.19
1784842973259,0,89,52,680.11
1784842973259,1,0,0,127.17
1784842973395,0,94,46,690.16
1784842973395,1,0,0,127.14
1784842973538,0,94,46,686.18
1784842973538,1,0,0,127.11
1784842973674,0,98,60,684.08
1784842973674,1,0,0,127.07
1784842973810,0,98,60,683.51
1784842973810,1,0,0,127.03
1784842973945,0,98,60,683.18
1784842973945,1,0,0,126.99
1784842974080,0,98,60,684.28
1784842974080,1,0,0,126.93
1784842974216,0,88,52,679.81
1784842974216,1,0,0,126.90
1784842974352,0,88,52,679.41
1784842974352,1,0,0,126.86
1784842974488,0,94,49,679.28
1784842974488,1,0,0,126.86
1784842974624,0,98,58,688.03
1784842974624,1,0,0,126.82
1784842974761,0,98,58,686.74
1784842974761,1,0,0,126.79
1784842974898,0,98,55,682.99
1784842974898,1,0,0,126.78
1784842975032,0,98,56,684.87
1784842975032,1,0,0,126.76
1784842975167,0,98,56,681.54
1784842975167,1,0,0,126.73
1784842975303,0,89,52,682.95
1784842975303,1,0,0,126.71
1784842975440,0,95,51,685.54
1784842975440,1,0,0,126.68
1784842975575,0,95,51,693.05
1784842975575,1,0,0,126.67
1784842975711,0,98,58,698.85
1784842975711,1,0,0,126.64
1784842975848,0,98,59,700.45
1784842975848,1,0,0,126.62
1784842975984,0,98,59,703.35
1784842975984,1,0,0,126.59
1784842976122,0,98,57,700.35
1784842976122,1,0,0,126.55
1784842976259,0,89,52,697.77
1784842976259,1,0,0,126.54
1784842976395,0,95,51,698.01
1784842976395,1,0,0,126.48
1784842976531,0,95,51,695.39
1784842976531,1,0,0,126.44
1784842976667,0,98,57,693.59
1784842976667,1,0,0,126.42
1784842976803,0,98,58,697.71
1784842976803,1,0,0,126.36
1784842976938,0,98,58,693.80
1784842976938,1,0,0,126.34
1784842977073,0,98,57,692.97
1784842977073,1,0,0,126.30
1784842977208,0,90,52,688.96
1784842977208,1,0,0,126.28
1784842977344,0,90,52,688.72
1784842977344,1,0,0,126.26
1784842977479,0,95,52,678.26
1784842977479,1,0,0,126.21
1784842977615,0,98,59,681.68
1784842977615,1,0,0,126.18
1784842977751,0,98,59,677.02
1784842977751,1,0,0,126.17
1784842977887,0,98,60,675.81
1784842977887,1,0,0,126.12
1784842978023,0,98,60,677.07
1784842978023,1,0,0,126.09
1784842978160,0,98,60,683.98
1784842978160,1,0,0,126.08
1784842978296,0,89,53,692.48
1784842978296,1,0,0,126.00
1784842978431,0,95,52,698.87
1784842978431,1,0,0,125.98
1784842978597,0,98,56,662.42
1784842978597,1,0,0,125.94
1784842978733,0,98,56,664.57
1784842978733,1,0,0,125.90
1784842978869,0,98,60,664.56
1784842978869,1,0,0,125.87
1784842979003,0,98,60,665.47
1784842979003,1,0,0,125.85
1784842979138,0,98,60,667.71
1784842979138,1,0,0,125.82
1784842979275,0,90,56,666.02
1784842979275,1,0,0,125.82
1784842979410,0,94,52,667.44
1784842979410,1,0,0,125.80
1784842979545,0,94,52,698.04
1784842979545,1,0,0,125.78
1784842979681,0,98,58,706.58
1784842979681,1,0,0,125.73
1784842979817,0,98,60,706.68
1784842979817,1,0,0,125.70
1784842979952,0,98,60,705.23
1784842979952,1,0,0,125.70
1784842980088,0,98,58,709.71
1784842980088,1,0,0,125.63
1784842980226,0,90,54,701.19
1784842980226,1,0,0,125.58
1784842980363,0,90,54,697.50
1784842980363,1,0,0,125.55
1784842980510,0,95,52,689.22
1784842980510,1,0,0,125.43
1784842980646,0,98,57,687.93
1784842980646,1,0,0,125.37
1784842980781,0,98,57,686.51
1784842980781,1,0,0,125.26
1784842980918,0,98,57,688.96
1784842980918,1,0,0,125.18
1784842981052,0,98,58,686.48
1784842981052,1,0,0,125.13
1784842981188,0,98,58,685.08
1784842981188,1,0,0,125.02
1784842981324,0,97,57,683.72
1784842981324,1,0,0,124.93
1784842981461,0,94,52,686.82
1784842981461,1,0,0,124.91
1784842981598,0,98,55,679.85
1784842981598,1,0,0,124.92
1784842981733,0,98,55,682.50
1784842981733,1,0,0,124.91
1784842981868,0,98,59,684.87
1784842981868,1,0,0,124.90
1784842982006,0,98,58,683.17
1784842982006,1,0,0,124.86
1784842982143,0,98,58,687.54
1784842982143,1,0,0,124.83
1784842982277,0,98,59,688.11
1784842982277,1,0,0,124.82
1784842982413,0,95,53,695.69
1784842982413,1,0,0,124.80
1784842982549,0,95,53,690.13
1784842982549,1,0,0,124.80
1784842982684,0,98,54,694.55
1784842982684,1,0,0,124.75
1784842982820,0,98,58,694.95
1784842982820,1,0,0,124.71
1784842982961,0,98,58,695.18
1784842982961,1,0,0,124.70
1784842983098,0,98,59,692.03
1784842983098,1,0,0,124.69
1784842983239,0,98,58,694.25
1784842983239,1,0,0,124.69
1784842983375,0,98,58,695.18
1784842983375,1,0,0,124.67
1784842983512,0,95,53,691.01
1784842983512,1,0,0,124.64
1784842983648,0,98,53,697.81
1784842983648,1,0,0,124.61
1784842983784,0,98,53,694.65
1784842983784,1,0,0,124.62
1784842983919,0,98,59,693.04
1784842983919,1,0,0,124.62
1784842984054,0,98,60,690.59
1784842984054,1,0,0,124.60
1784842984189,0,98,60,692.18
1784842984189,1,0,0,124.57
1784842984327,0,98,60,692.74
1784842984327,1,0,0,124.57
1784842984462,0,95,53,693.89
1784842984462,1,0,0,124.56
1784842984597,0,95,53,692.86
1784842984597,1,0,0,124.51
1784842984732,0,98,55,696.21
1784842984732,1,0,0,124.51
1784842984868,0,98,60,694.86
1784842984868,1,0,0,124.49
1784842985004,0,98,59,701.44
1784842985004,1,0,0,124.45
1784842985140,0,98,59,697.46
1784842985140,1,0,0,124.46
1784842985274,0,93,56,696.72
1784842985274,1,0,0,124.39
1784842985409,0,94,53,697.61
1784842985409,1,0,0,124.37
1784842985544,0,94,53,679.82
1784842985544,1,0,0,124.37
1784842985680,0,92,51,676.91
1784842985680,1,0,0,124.32
1784842985817,0,98,60,675.19
1784842985817,1,0,0,124.32
1784842985951,0,98,60,675.31
1784842985951,1,0,0,124.30
1784842986088,0,98,60,674.89
1784842986088,1,0,0,124.26
1784842986223,0,98,60,683.93
1784842986223,1,0,0,124.27
1784842986357,0,98,60,680.47
1784842986357,1,0,0,124.26
1784842986494,0,95,53,681.12
1784842986494,1,0,0,124.22
1784842986630,0,92,51,702.15
1784842986630,1,0,0,124.21
1784842986765,0,92,51,698.55
1784842986765,1,0,0,124.19
1784842986903,0,98,59,701.02
1784842986903,1,0,0,124.16
1784842987039,0,98,59,696.71
1784842987039,1,0,0,124.14
1784842987175,0,98,59,697.53
1784842987175,1,0,0,124.12
1784842987311,0,98,58,689.79
1784842987311,1,0,0,124.14
1784842987446,0,95,52,684.65
1784842987446,1,0,0,124.13
1784842987582,0,95,52,690.59
1784842987582,1,0,0,124.11
1784842987716,0,92,50,688.38
1784842987716,1,0,0,124.12
1784842987853,0,98,60,686.26
1784842987853,1,0,0,124.09
1784842987988,0,98,60,686.52
1784842987988,1,0,0,124.07
1784842988123,0,98,59,686.30
1784842988123,1,0,0,124.04
1784842988257,0,98,59,688.62
1784842988257,1,0,0,124.02
1784842988393,0,98,59,689.46
1784842988393,1,0,0,124.01
1784842988531,0,95,53,686.35
1784842988531,1,0,0,123.99
1784842988667,0,93,50,689.67
1784842988667,1,0,0,123.98
1784842988803,0,98,60,690.33
1784842988803,1,0,0,123.95
1784842988940,0,98,60,691.63
1784842988940,1,0,0,123.94
1784842989074,0,98,59,689.22
1784842989074,1,0,0,123.95
1784842989209,0,98,58,688.90
1784842989209,1,0,0,123.93
1784842989344,0,98,58,688.81
1784842989344,1,0,0,123.88
1784842989480,0,95,53,694.46
1784842989480,1,0,0,123.88
1784842989615,0,93,50,699.16
1784842989615,1,0,0,123.88
1784842989750,0,93,50,699.38
1784842989750,1,0,0,123.87
1784842989886,0,98,60,698.89
1784842989886,1,0,0,123.86
1784842990022,0,98,59,696.66
1784842990022,1,0,0,123.85
1784842990159,0,98,59,699.70
1784842990159,1,0,0,123.86
1784842990293,0,98,58,699.20
1784842990293,1,0,0,123.88
1784842990428,0,95,53,694.35
1784842990428,1,0,0,123.85
1784842990562,0,95,53,690.16
1784842990562,1,0,0,123.85
1784842990699,0,92,50,688.90
1784842990699,1,0,0,123.82
1784842990834,0,98,60,689.55
1784842990834,1,0,0,123.81
1784842990971,0,98,60,689.23
1784842990971,1,0,0,123.78
1784842991108,0,98,61,689.45
1784842991108,1,0,0,123.75
1784842991249,0,98,60,687.98
1784842991249,1,0,0,123.74
1784842991386,0,98,60,689.83
1784842991386,1,0,0,123.74
1784842991519,0,26,14,599.09
1784842991519,1,0,0,123.72
1784842991654,0,0,0,552.35
1784842991654,1,0,0,123.72
1784842991787,0,0,0,493.80
1784842991787,1,0,0,123.69
1784842991922,0,48,28,471.40
1784842991922,1,0,0,123.67
1784842992057,0,93,49,460.19
1784842992057,1,0,0,123.68
1784842992192,0,93,49,458.96
1784842992192,1,0,0,123.62
1784842992328,0,98,58,466.34
1784842992328,1,0,0,123.64
1784842992464,0,98,59,505.69
1784842992464,1,0,0,123.60
1784842992599,0,98,59,575.41
1784842992599,1,0,0,123.59
1784842992735,0,98,59,680.68
1784842992735,1,0,0,123.58
1784842992871,0,95,53,692.91
1784842992871,1,0,0,123.56
1784842993005,0,93,45,689.53
1784842993005,1,0,0,123.56
1784842993142,0,93,45,688.68
1784842993142,1,0,0,123.59
1784842993277,0,98,60,686.34
1784842993277,1,0,0,123.56
1784842993412,0,98,59,689.43
1784842993412,1,0,0,123.54
1784842993547,0,98,59,687.60
1784842993547,1,0,0,123.54
1784842993682,0,98,59,689.81
1784842993682,1,0,0,123.50
1784842993818,0,95,53,699.85
1784842993818,1,0,0,123.52
1784842993952,0,95,53,698.38
1784842993952,1,0,0,123.51
1784842994087,0,93,46,699.31
1784842994087,1,0,0,123.50
1784842994222,0,98,61,698.81
1784842994222,1,0,0,123.50
1784842994357,0,98,61,699.22
1784842994357,1,0,0,123.49
1784842994494,0,98,60,698.84
1784842994494,1,0,0,123.52
1784842994630,0,98,59,696.05
1784842994630,1,0,0,123.52
1784842994766,0,98,59,695.30
1784842994766,1,0,0,123.53
1784842994902,0,95,53,689.95
1784842994902,1,0,0,123.51
1784842995039,0,93,47,691.96
1784842995039,1,0,0,123.48
1784842995175,0,93,47,692.72
1784842995175,1,0,0,123.48
1784842995311,0,98,59,688.69
1784842995311,1,0,0,123.46
1784842995446,0,98,58,690.08
1784842995446,1,0,0,123.43
1784842995582,0,98,58,690.36
1784842995582,1,0,0,123.42
1784842995719,0,98,59,682.83
1784842995719,1,0,0,123.40
1784842995854,0,95,53,681.08
1784842995854,1,0,0,123.39
1784842995990,0,95,53,686.22
1784842995990,1,0,0,123.40
1784842996126,0,93,46,682.64
1784842996126,1,0,0,123.38
1784842996262,0,98,59,686.91
1784842996262,1,0,0,123.39
1784842996398,0,98,59,685.57
1784842996398,1,0,0,123.39
1784842996534,0,98,59,685.63
1784842996534,1,0,0,123.40
1784842996669,0,98,59,685.01
1784842996669,1,0,0,123.38
1784842996805,0,95,53,693.93
1784842996805,1,0,0,123.35
1784842996941,0,95,53,698.86
1784842996941,1,0,0,123.38
1784842997076,0,93,47,700.14
1784842997076,1,0,0,123.34
1784842997211,0,98,58,701.84
1784842997211,1,0,0,123.32
1784842997347,0,98,58,702.61
1784842997347,1,0,0,123.34
1784842997483,0,98,59,703.06
1784842997483,1,0,0,123.27
1784842997620,0,98,56,699.03
1784842997620,1,0,0,123.29
1784842997758,0,98,56,694.32
1784842997758,1,0,0,123.29
1784842997895,0,95,53,692.34
1784842997895,1,0,0,123.25
1784842998030,0,92,46,691.92
1784842998030,1,0,0,123.23
1784842998166,0,92,46,687.52
1784842998166,1,0,0,123.24
1784842998303,0,98,61,685.62
1784842998303,1,0,0,123.20
1784842998439,0,98,61,685.65
1784842998439,1,0,0,123.21
1784842998575,0,98,61,684.26
1784842998575,1,0,0,123.18
1784842998711,0,98,61,693.31
1784842998711,1,0,0,123.18
1784842998847,0,95,53,690.57
1784842998847,1,0,0,123.18
1784842998981,0,95,53,688.01
1784842998981,1,0,0,123.18
1784842999115,0,93,46,689.63
1784842999115,1,0,0,123.17
