timestamp_ms,gpu_index,gpu_util_pct,mem_util_pct,power_w
1784851427004,0,0,0,74.21
1784851427004,1,0,0,73.94
1784851427214,0,0,0,74.17
1784851427214,1,0,0,73.79
1784851427349,0,0,0,74.19
1784851427349,1,0,0,73.48
1784851427484,0,0,0,74.15
1784851427484,1,0,0,72.96
1784851427619,0,0,0,74.16
1784851427619,1,0,0,72.71
1784851427754,0,0,0,74.19
1784851427754,1,0,0,72.08
1784851427890,0,0,0,74.14
1784851427890,1,0,0,71.83
1784851428025,0,0,0,74.19
1784851428025,1,0,0,71.58
1784851428160,0,0,0,74.18
1784851428160,1,0,0,71.13
1784851428294,0,0,0,74.16
1784851428294,1,0,0,71.17
1784851428428,0,0,0,74.18
1784851428428,1,0,0,71.17
1784851428563,0,0,0,74.17
1784851428563,1,0,0,71.12
1784851428699,0,0,0,74.16
1784851428699,1,0,0,71.16
1784851428834,0,0,0,74.15
1784851428834,1,0,0,71.17
1784851428969,0,0,0,74.12
1784851428969,1,0,0,71.14
1784851429104,0,0,0,74.16
1784851429104,1,0,0,71.18
1784851429414,0,0,0,74.19
1784851429414,1,0,0,71.21
1784851429629,0,0,0,74.15
1784851429629,1,0,0,71.56
1784851429764,0,0,0,74.18
1784851429764,1,0,0,71.88
1784851429898,0,0,0,74.20
1784851429898,1,0,0,72.22
1784851430031,0,0,0,74.18
1784851430031,1,0,0,72.78
1784851430166,0,0,0,74.21
1784851430166,1,0,0,73.14
1784851430301,0,0,0,74.19
1784851430301,1,0,0,73.40
1784851430435,0,0,0,74.18
1784851430435,1,0,0,74.01
1784851430568,0,0,0,74.21
1784851430568,1,0,0,74.29
1784851430703,0,0,0,74.21
1784851430703,1,0,0,74.31
1784851430836,0,0,0,74.22
1784851430836,1,0,0,74.27
1784851430971,0,0,0,74.22
1784851430971,1,0,0,74.29
1784851431106,0,0,0,74.21
1784851431106,1,0,0,74.28
1784851431240,0,0,0,74.24
1784851431240,1,0,0,74.28
1784851431375,0,0,0,74.21
1784851431375,1,0,0,74.23
1784851431510,0,0,0,74.15
1784851431510,1,0,0,73.90
1784851431645,0,0,0,74.20
1784851431645,1,0,0,73.30
1784851431779,0,0,0,74.19
1784851431779,1,0,0,73.04
1784851431913,0,0,0,74.14
1784851431913,1,0,0,72.36
1784851432048,0,0,0,74.18
1784851432048,1,0,0,72.14
1784851432184,0,0,0,74.14
1784851432184,1,0,0,71.84
1784851432321,0,0,0,74.19
1784851432321,1,0,0,71.20
1784851432455,0,0,0,74.18
1784851432455,1,0,0,71.25
1784851432676,0,0,0,74.24
1784851432676,1,0,0,71.20
1784851432809,0,0,0,74.23
1784851432809,1,0,0,71.18
1784851432943,0,0,0,74.21
1784851432943,1,0,0,71.23
1784851433077,0,0,0,74.25
1784851433077,1,0,0,71.20
1784851433213,0,0,0,74.22
1784851433213,1,0,0,71.16
1784851433348,0,0,0,74.18
1784851433348,1,0,0,71.21
1784851433484,0,0,0,74.21
1784851433484,1,0,0,71.15
1784851433619,0,0,0,74.15
1784851433619,1,0,0,71.17
1784851433754,0,0,0,74.18
1784851433754,1,0,0,71.19
1784851433889,0,0,0,74.17
1784851433889,1,0,0,71.15
1784851434023,0,0,0,74.11
1784851434023,1,0,0,71.18
1784851434157,0,0,0,74.15
1784851434157,1,0,0,71.20
1784851434291,0,0,0,74.12
1784851434291,1,0,0,71.15
1784851434424,0,0,0,74.13
1784851434424,1,0,0,71.19
1784851434558,0,0,0,74.16
1784851434558,1,0,0,71.20
1784851434693,0,0,0,74.12
1784851434693,1,0,0,71.16
1784851434827,0,0,0,74.15
1784851434827,1,0,0,71.19
1784851434962,0,0,0,74.13
1784851434962,1,0,0,71.21
1784851435097,0,0,0,74.11
1784851435097,1,0,0,71.16
1784851435232,0,0,0,74.16
1784851435232,1,0,0,71.20
1784851435367,0,0,0,74.11
1784851435367,1,0,0,71.19
1784851435502,0,0,0,74.14
1784851435502,1,0,0,71.14
1784851435637,0,0,0,74.17
1784851435637,1,0,0,71.19
1784851435770,0,0,0,74.12
1784851435770,1,0,0,71.21
1784851435903,0,0,0,74.17
1784851435903,1,0,0,71.16
1784851436038,0,0,0,74.17
1784851436038,1,0,0,71.22
1784851436172,0,0,0,74.13
1784851436172,1,0,0,71.21
1784851436306,0,0,0,74.15
1784851436306,1,0,0,71.17
1784851436440,0,0,0,74.15
1784851436440,1,0,0,71.21
1784851436573,0,0,0,74.15
1784851436573,1,0,0,71.21
1784851436708,0,0,0,74.15
1784851436708,1,0,0,71.17
1784851436844,0,0,0,74.12
1784851436844,1,0,0,71.22
1784851436978,0,0,0,74.16
1784851436978,1,0,0,71.19
1784851437113,0,0,0,74.16
1784851437113,1,0,0,71.15
1784851437248,0,0,0,74.14
1784851437248,1,0,0,71.22
1784851437382,0,0,0,74.17
1784851437382,1,0,0,71.21
1784851437517,0,0,0,74.17
1784851437517,1,0,0,71.16
1784851437653,0,0,0,74.20
1784851437653,1,0,0,71.22
1784851437790,0,0,0,74.19
1784851437790,1,0,0,71.18
1784851437926,0,0,0,74.15
1784851437926,1,0,0,71.18
1784851438063,0,0,0,74.21
1784851438063,1,0,0,71.22
1784851438198,0,0,0,74.19
1784851438198,1,0,0,71.20
1784851438333,0,0,0,74.17
1784851438333,1,0,0,71.19
1784851438468,0,0,0,74.21
1784851438468,1,0,0,71.22
1784851438607,0,0,0,74.19
1784851438607,1,0,0,71.20
1784851438743,0,0,0,74.19
1784851438743,1,0,0,71.20
1784851438880,0,0,0,74.19
1784851438880,1,0,0,71.22
1784851439016,0,0,0,74.14
1784851439016,1,0,0,71.18
1784851439153,0,0,0,74.19
1784851439153,1,0,0,71.21
1784851439290,0,0,0,74.17
1784851439290,1,0,0,71.24
1784851439427,0,0,0,74.16
1784851439427,1,0,0,71.18
1784851439564,0,0,0,74.18
1784851439564,1,0,0,71.22
1784851439701,0,0,0,74.13
1784851439701,1,0,0,71.22
1784851439837,0,0,0,74.19
1784851439837,1,0,0,71.17
1784851439971,0,0,0,74.18
1784851439971,1,0,0,71.21
1784851440186,0,0,0,74.18
1784851440186,1,0,0,71.18
1784851440321,0,0,0,74.18
1784851440321,1,0,0,71.19
1784851440459,0,0,0,74.14
1784851440459,1,0,0,71.21
1784851440606,0,0,0,74.15
1784851440606,1,0,0,71.14
1784851440772,0,0,0,74.11
1784851440772,1,0,0,71.18
1784851440928,0,0,0,74.16
1784851440928,1,0,0,71.15
1784851441096,0,0,0,74.12
1784851441096,1,0,0,71.19
1784851441296,0,0,0,74.15
1784851441296,1,0,0,71.17
1784851441452,0,0,0,74.11
1784851441452,1,0,0,71.16
1784851441604,0,0,0,74.15
1784851441604,1,0,0,71.22
1784851441743,0,0,0,74.15
1784851441743,1,0,0,71.18
1784851441880,0,0,0,74.12
1784851441880,1,0,0,71.19
1784851442018,0,0,0,74.15
1784851442018,1,0,0,71.23
1784851442155,0,0,0,74.14
1784851442155,1,0,0,71.18
1784851442291,0,0,0,74.16
1784851442291,1,0,0,71.19
1784851442428,0,0,0,74.17
1784851442428,1,0,0,71.20
1784851442565,0,0,0,74.15
1784851442565,1,0,0,71.16
1784851442702,0,0,0,74.19
1784851442702,1,0,0,71.18
1784851442840,0,0,0,74.18
1784851442840,1,0,0,71.17
1784851442982,0,0,0,74.17
1784851442982,1,0,0,71.13
1784851443119,0,0,0,74.20
1784851443119,1,0,0,71.18
1784851443256,0,0,0,74.19
1784851443256,1,0,0,71.19
1784851443393,0,0,0,74.20
1784851443393,1,0,0,71.16
1784851443531,0,0,0,74.19
1784851443531,1,0,0,71.24
1784851443668,0,0,0,74.15
1784851443668,1,0,0,71.21
1784851443807,0,0,0,74.18
1784851443807,1,0,0,71.19
1784851443944,0,0,0,74.18
1784851443944,1,0,0,71.30
1784851444080,0,0,0,74.17
1784851444080,1,0,0,71.24
1784851444219,0,0,0,74.17
1784851444219,1,0,0,71.22
1784851444355,0,0,0,74.15
1784851444355,1,0,0,71.25
1784851444494,0,0,0,74.18
1784851444494,1,0,0,71.20
1784851444630,0,0,0,74.18
1784851444630,1,0,0,71.24
1784851444767,0,0,0,74.19
1784851444767,1,0,0,71.25
1784851444905,0,0,0,74.22
1784851444905,1,0,0,71.18
1784851445041,0,0,0,74.22
1784851445041,1,0,0,71.19
1784851445178,0,0,0,74.23
1784851445178,1,0,0,71.21
1784851445320,0,0,0,74.24
1784851445320,1,0,0,71.18
1784851445456,0,0,0,74.21
1784851445456,1,0,0,71.20
1784851445594,0,0,0,74.23
1784851445594,1,0,0,71.21
1784851445731,0,0,0,74.22
1784851445731,1,0,0,71.18
1784851445867,0,0,0,74.21
1784851445867,1,0,0,71.22
1784851446003,0,0,0,74.20
1784851446003,1,0,0,71.23
1784851446140,0,0,0,74.20
1784851446140,1,0,0,71.21
1784851446277,0,0,0,74.21
1784851446277,1,0,0,71.22
1784851446413,0,0,0,74.18
1784851446413,1,0,0,71.21
1784851446551,0,0,0,74.14
1784851446551,1,0,0,71.19
1784851446688,0,0,0,74.19
1784851446688,1,0,0,71.22
1784851446826,0,0,0,74.17
1784851446826,1,0,0,71.20
1784851446964,0,0,0,74.17
1784851446964,1,0,0,71.17
1784851447101,0,0,0,74.15
1784851447101,1,0,0,71.21
1784851447237,0,0,0,74.11
1784851447237,1,0,0,71.15
1784851447375,0,0,0,74.17
1784851447375,1,0,0,71.18
1784851447512,0,0,0,74.16
1784851447512,1,0,0,71.24
1784851447649,0,0,0,74.18
1784851447649,1,0,0,71.20
1784851447924,0,0,0,74.13
1784851447924,1,0,0,71.23
1784851448061,0,0,0,74.18
1784851448061,1,0,0,71.26
1784851448198,0,0,0,74.17
1784851448198,1,0,0,71.21
1784851448335,0,0,0,74.17
1784851448335,1,0,0,71.22
1784851448472,0,0,0,74.22
1784851448472,1,0,0,71.21
1784851448610,0,0,0,74.17
1784851448610,1,0,0,71.18
1784851448747,0,0,0,74.22
1784851448747,1,0,0,71.19
1784851448885,0,0,0,74.22
1784851448885,1,0,0,71.21
1784851449022,0,0,0,74.18
1784851449022,1,0,0,71.17
1784851449159,0,0,0,74.23
1784851449159,1,0,0,71.21
1784851449296,0,0,0,74.18
1784851449296,1,0,0,71.23
1784851449434,0,0,0,74.20
1784851449434,1,0,0,71.20
1784851449575,0,0,0,74.21
1784851449575,1,0,0,71.25
1784851449712,0,0,0,74.17
1784851449712,1,0,0,71.22
1784851449849,0,0,0,74.22
1784851449849,1,0,0,71.18
1784851449985,0,0,0,74.22
1784851449985,1,0,0,71.23
1784851450121,0,0,0,74.19
1784851450121,1,0,0,71.21
1784851450257,0,0,0,74.21
1784851450257,1,0,0,71.18
1784851450394,0,0,0,74.21
1784851450394,1,0,0,71.22
1784851450531,0,0,0,74.22
1784851450531,1,0,0,71.21
1784851450667,0,0,0,74.22
1784851450667,1,0,0,71.24
1784851450806,0,0,0,74.18
1784851450806,1,0,0,71.24
1784851450943,0,0,0,74.22
1784851450943,1,0,0,71.21
1784851451080,0,0,0,74.22
1784851451080,1,0,0,71.24
1784851451217,0,0,0,74.22
1784851451217,1,0,0,71.21
1784851451354,0,0,0,74.22
1784851451354,1,0,0,71.18
1784851451491,0,0,0,74.20
1784851451491,1,0,0,71.24
1784851451630,0,0,0,74.20
1784851451630,1,0,0,71.22
1784851451767,0,0,0,74.18
1784851451767,1,0,0,71.21
1784851451905,0,0,0,74.18
1784851451905,1,0,0,71.22
1784851452043,0,0,0,74.19
1784851452043,1,0,0,71.21
1784851452180,0,0,0,74.17
1784851452180,1,0,0,71.20
1784851452317,0,0,0,74.19
1784851452317,1,0,0,71.23
1784851452454,0,0,0,74.18
1784851452454,1,0,0,71.22
1784851452592,0,0,0,74.18
1784851452592,1,0,0,71.18
1784851452729,0,0,0,74.19
1784851452729,1,0,0,71.22
1784851452867,0,0,0,74.18
1784851452867,1,0,0,71.18
1784851453004,0,0,0,74.19
1784851453004,1,0,0,71.18
1784851453142,0,0,0,74.20
1784851453142,1,0,0,71.21
1784851453280,0,0,0,74.17
1784851453280,1,0,0,71.16
1784851453417,0,0,0,74.19
1784851453417,1,0,0,71.19
1784851453554,0,0,0,74.17
1784851453554,1,0,0,71.20
1784851453691,0,0,0,74.14
1784851453691,1,0,0,71.15
1784851453828,0,0,0,74.19
1784851453828,1,0,0,71.16
1784851453966,0,0,0,74.18
1784851453966,1,0,0,71.18
1784851454105,0,0,0,74.17
1784851454105,1,0,0,71.17
1784851454242,0,0,0,74.17
1784851454242,1,0,0,71.20
1784851454379,0,0,0,74.13
1784851454379,1,0,0,71.18
1784851454516,0,0,0,74.17
1784851454516,1,0,0,71.16
1784851454653,0,0,0,74.16
1784851454653,1,0,0,71.18
1784851454789,0,0,0,74.11
1784851454789,1,0,0,71.16
1784851454926,0,0,0,74.14
1784851454926,1,0,0,71.14
1784851455063,0,0,0,74.14
1784851455063,1,0,0,71.15
1784851455199,0,0,0,74.18
1784851455199,1,0,0,71.15
1784851455337,0,0,0,74.17
1784851455337,1,0,0,71.15
1784851455475,0,0,0,74.15
1784851455475,1,0,0,71.20
1784851455613,0,0,0,74.19
1784851455613,1,0,0,71.17
1784851455750,0,0,0,74.18
1784851455750,1,0,0,71.17
1784851455887,0,0,0,74.19
1784851455887,1,0,0,71.21
1784851456022,0,0,0,74.21
1784851456022,1,0,0,71.18
1784851456158,0,0,0,74.17
1784851456158,1,0,0,71.19
1784851456295,0,0,0,74.20
1784851456295,1,0,0,71.22
1784851456432,0,0,0,74.21
1784851456432,1,0,0,71.20
1784851456568,0,0,0,74.18
1784851456568,1,0,0,71.27
1784851456707,0,0,0,74.22
1784851456707,1,0,0,71.27
1784851456845,0,0,0,74.15
1784851456845,1,0,0,71.24
1784851456982,0,0,0,74.19
1784851456982,1,0,0,71.29
1784851457120,0,0,0,74.20
1784851457120,1,0,0,71.29
1784851457258,0,0,0,74.16
1784851457258,1,0,0,71.25
1784851457396,0,0,0,74.22
1784851457396,1,0,0,71.31
1784851457533,0,0,0,74.19
1784851457533,1,0,0,71.28
1784851457670,0,0,0,74.18
1784851457670,1,0,0,71.23
1784851457807,0,0,0,74.21
1784851457807,1,0,0,71.27
1784851457944,0,0,0,74.17
1784851457944,1,0,0,71.25
1784851458082,0,0,0,74.20
1784851458082,1,0,0,71.23
1784851458220,0,0,0,74.19
1784851458220,1,0,0,71.23
1784851458358,0,0,0,74.17
1784851458358,1,0,0,71.21
1784851458496,0,0,0,74.21
1784851458496,1,0,0,71.21
1784851458633,0,0,0,74.15
1784851458633,1,0,0,71.22
1784851458770,0,0,0,74.19
1784851458770,1,0,0,71.17
1784851458909,0,0,0,74.19
1784851458909,1,0,0,71.16
1784851459093,0,0,0,74.19
1784851459093,1,0,0,71.16
1784851459231,0,0,0,74.19
1784851459231,1,0,0,71.18
1784851459368,0,0,0,74.17
1784851459368,1,0,0,71.13
1784851459506,0,0,0,74.19
1784851459506,1,0,0,71.15
1784851459645,0,0,0,74.18
1784851459645,1,0,0,71.18
1784851459782,0,0,0,74.19
1784851459782,1,0,0,71.14
1784851459920,0,0,0,74.21
1784851459920,1,0,0,71.15
1784851460056,0,0,0,74.19
1784851460056,1,0,0,71.20
1784851460193,0,0,0,74.22
1784851460193,1,0,0,71.17
1784851460330,0,0,0,74.20
1784851460330,1,0,0,71.19
1784851460467,0,0,0,74.21
1784851460467,1,0,0,71.22
1784851460609,0,0,0,74.24
1784851460609,1,0,0,71.18
1784851460760,0,0,0,74.22
1784851460760,1,0,0,71.23
1784851460896,0,0,0,74.22
1784851460896,1,0,0,71.22
1784851461033,0,0,0,74.21
1784851461033,1,0,0,71.18
1784851461170,0,0,0,74.19
1784851461170,1,0,0,71.25
1784851461307,0,0,0,74.22
1784851461307,1,0,0,71.23
1784851461444,0,0,0,74.21
1784851461444,1,0,0,71.20
1784851461581,0,0,0,74.20
1784851461581,1,0,0,71.23
1784851461720,0,0,0,74.20
1784851461720,1,0,0,71.24
1784851461857,0,0,0,74.20
1784851461857,1,0,0,71.21
1784851461992,0,0,0,74.22
1784851461992,1,0,0,71.24
1784851462128,0,0,0,74.20
1784851462128,1,0,0,71.25
1784851462266,0,0,0,74.22
1784851462266,1,0,0,71.18
1784851462404,0,0,0,74.22
1784851462404,1,0,0,71.24
1784851462541,0,0,0,74.21
1784851462541,1,0,0,71.19
1784851462678,0,0,0,74.25
1784851462678,1,0,0,71.20
1784851462815,0,0,0,74.22
1784851462815,1,0,0,71.26
1784851462952,0,0,0,74.19
1784851462952,1,0,0,71.20
1784851463089,0,0,0,74.22
1784851463089,1,0,0,71.20
1784851463227,0,0,0,74.19
1784851463227,1,0,0,71.26
1784851463364,0,0,0,74.16
1784851463364,1,0,0,71.23
1784851463503,0,0,0,74.20
1784851463503,1,0,0,71.26
1784851463641,0,0,0,74.14
1784851463641,1,0,0,71.27
1784851463779,0,0,0,74.21
1784851463779,1,0,0,71.24
1784851463917,0,0,0,74.19
1784851463917,1,0,0,71.26
1784851464053,0,0,0,74.17
1784851464053,1,0,0,71.25
1784851464190,0,0,0,74.21
1784851464190,1,0,0,71.21
1784851464327,0,0,0,74.17
1784851464327,1,0,0,71.23
1784851464463,0,0,0,74.17
1784851464463,1,0,0,71.20
1784851464600,0,0,0,74.20
1784851464600,1,0,0,71.18
1784851464738,0,0,0,74.16
1784851464738,1,0,0,71.23
1784851464876,0,0,0,74.18
1784851464876,1,0,0,71.18
1784851465013,0,0,0,74.17
1784851465013,1,0,0,71.17
1784851465150,0,0,0,74.13
1784851465150,1,0,0,71.23
1784851465287,0,0,0,74.19
1784851465287,1,0,0,71.18
1784851465424,0,0,0,74.13
1784851465424,1,0,0,71.16
1784851465561,0,0,0,74.15
1784851465561,1,0,0,71.22
1784851465699,0,0,0,74.16
1784851465699,1,0,0,71.19
1784851465836,0,0,0,74.13
1784851465836,1,0,0,71.17
1784851465972,0,0,0,74.17
1784851465972,1,0,0,71.19
1784851466109,0,0,0,74.16
1784851466109,1,0,0,71.15
1784851466247,0,0,0,74.15
1784851466247,1,0,0,71.19
1784851466385,0,0,0,74.15
1784851466385,1,0,0,71.20
1784851466522,0,0,0,74.13
1784851466522,1,0,0,71.18
1784851466660,0,0,0,74.17
1784851466660,1,0,0,71.19
1784851466798,0,0,0,74.14
1784851466798,1,0,0,71.19
1784851466935,0,0,0,74.15
1784851466935,1,0,0,71.15
1784851467071,0,0,0,74.15
1784851467071,1,0,0,71.21
1784851467208,0,0,0,74.12
1784851467208,1,0,0,71.21
1784851467345,0,0,0,74.18
1784851467345,1,0,0,71.17
1784851467482,0,0,0,74.16
1784851467482,1,0,0,71.20
1784851467619,0,0,0,74.15
1784851467619,1,0,0,71.18
1784851467757,0,0,0,74.19
1784851467757,1,0,0,71.18
1784851467895,0,0,0,74.16
1784851467895,1,0,0,71.21
1784851468032,0,0,0,74.18
1784851468032,1,0,0,71.22
1784851468169,0,0,0,74.19
1784851468169,1,0,0,71.21
1784851468306,0,0,0,74.15
1784851468306,1,0,0,71.24
1784851468443,0,0,0,74.19
1784851468443,1,0,0,71.18
1784851468580,0,0,0,74.19
1784851468580,1,0,0,71.22
1784851468716,0,0,0,74.20
1784851468716,1,0,0,71.26
1784851468853,0,0,0,74.22
1784851468853,1,0,0,71.20
1784851468990,0,0,0,74.19
1784851468990,1,0,0,71.22
1784851469128,0,0,0,74.23
1784851469128,1,0,0,71.26
1784851469266,0,0,0,74.22
1784851469266,1,0,0,71.19
1784851469404,0,0,0,74.20
1784851469404,1,0,0,71.22
1784851469540,0,0,0,74.23
1784851469540,1,0,0,71.21
1784851469691,0,0,0,74.17
1784851469691,1,0,0,71.20
1784851469829,0,0,0,74.20
1784851469829,1,0,0,71.23
1784851469966,0,0,0,74.21
1784851469966,1,0,0,71.22
1784851470104,0,0,0,74.18
1784851470104,1,0,0,71.20
1784851470241,0,0,0,74.22
1784851470241,1,0,0,71.26
1784851470390,0,0,0,74.18
1784851470390,1,0,0,71.25
1784851470585,0,0,0,74.23
1784851470585,1,0,0,71.25
1784851470722,0,0,0,74.22
1784851470722,1,0,0,71.21
1784851470859,0,0,0,74.23
1784851470859,1,0,0,71.25
1784851470996,0,0,0,74.24
1784851470996,1,0,0,71.23
1784851471132,0,0,0,74.22
1784851471132,1,0,0,71.20
1784851471268,0,0,0,74.24
1784851471268,1,0,0,71.25
1784851471404,0,0,0,74.23
1784851471404,1,0,0,71.23
1784851471541,0,0,0,74.18
1784851471541,1,0,0,71.18
1784851471678,0,0,0,74.21
1784851471678,1,0,0,71.21
1784851471816,0,0,0,74.19
1784851471816,1,0,0,71.14
1784851471953,0,0,0,74.17
1784851471953,1,0,0,71.15
1784851472089,0,0,0,74.17
1784851472089,1,0,0,71.20
1784851472225,0,0,0,74.13
1784851472225,1,0,0,71.14
1784851472362,0,0,0,74.17
1784851472362,1,0,0,71.16
1784851472498,0,0,0,74.16
1784851472498,1,0,0,71.20
1784851472635,0,0,0,74.13
1784851472635,1,0,0,71.15
1784851472771,0,0,0,74.18
1784851472771,1,0,0,71.17
1784851472910,0,0,0,74.17
1784851472910,1,0,0,71.19
1784851473047,0,0,0,74.19
1784851473047,1,0,0,71.14
1784851473184,0,0,0,74.18
1784851473184,1,0,0,71.18
1784851473320,0,0,0,74.15
1784851473320,1,0,0,71.17
1784851473455,0,0,0,74.21
1784851473455,1,0,0,71.14
1784851473591,0,0,0,74.18
1784851473591,1,0,0,71.18
1784851473728,0,0,0,74.16
1784851473728,1,0,0,71.18
1784851473865,0,0,0,74.19
1784851473865,1,0,0,71.16
1784851474003,0,0,0,74.16
1784851474003,1,0,0,71.20
1784851474141,0,0,0,74.22
1784851474141,1,0,0,71.20
1784851474279,0,0,0,74.21
1784851474279,1,0,0,71.18
1784851474417,0,0,0,74.22
1784851474417,1,0,0,71.24
1784851474571,0,0,0,74.23
1784851474571,1,0,0,71.20
1784851474709,0,0,0,74.22
1784851474709,1,0,0,71.24
1784851474846,0,0,0,74.25
1784851474846,1,0,0,71.24
1784851474983,0,0,0,74.24
1784851474983,1,0,0,71.20
1784851475124,0,0,0,74.18
1784851475124,1,0,0,71.25
1784851475261,0,0,0,74.23
1784851475261,1,0,0,71.25
1784851475398,0,0,0,74.21
1784851475398,1,0,0,71.22
1784851475535,0,0,0,74.18
1784851475535,1,0,0,71.25
1784851475672,0,0,0,74.21
1784851475672,1,0,0,71.23
1784851475809,0,0,0,74.18
1784851475809,1,0,0,71.20
1784851475945,0,0,0,74.23
1784851475945,1,0,0,71.25
1784851476083,0,0,0,74.22
1784851476083,1,0,0,71.23
1784851476222,0,0,0,74.19
1784851476222,1,0,0,71.20
1784851476359,0,0,0,74.23
1784851476359,1,0,0,71.26
1784851476496,0,0,0,74.20
1784851476496,1,0,0,71.25
1784851476633,0,0,0,74.21
1784851476633,1,0,0,71.25
1784851476770,0,0,0,76.66
1784851476770,1,0,0,71.28
1784851476915,0,0,0,81.52
1784851476915,1,0,0,71.19
1784851477050,0,0,0,90.64
1784851477050,1,0,0,71.21
1784851477185,0,0,0,95.62
1784851477185,1,0,0,71.25
1784851477324,0,12,0,100.52
1784851477324,1,0,0,71.16
1784851477459,0,29,2,110.37
1784851477459,1,0,0,71.16
1784851477595,0,29,2,116.41
1784851477595,1,0,0,71.19
1784851477730,0,28,2,120.61
1784851477730,1,0,0,71.11
1784851477866,0,29,2,124.41
1784851477866,1,0,0,71.14
1784851478009,0,29,2,125.11
1784851478009,1,0,0,71.14
1784851478146,0,28,2,126.00
1784851478146,1,0,0,71.13
1784851478281,0,29,2,126.24
1784851478281,1,0,0,71.16
1784851478418,0,29,2,125.82
1784851478418,1,0,0,71.16
1784851478555,0,28,2,125.93
1784851478555,1,0,0,71.15
1784851478691,0,28,2,126.06
1784851478691,1,0,0,71.18
1784851478827,0,28,2,126.07
1784851478827,1,0,0,71.18
1784851478962,0,28,2,125.73
1784851478962,1,0,0,71.16
1784851479096,0,17,3,126.17
1784851479096,1,0,0,71.20
1784851479231,0,17,3,125.68
1784851479231,1,0,0,71.14
1784851479367,0,0,0,125.04
1784851479367,1,0,0,71.14
1784851479502,0,0,0,124.36
1784851479502,1,0,0,71.18
1784851479637,0,0,0,123.75
1784851479637,1,0,0,71.14
1784851479773,0,0,0,122.84
1784851479773,1,0,0,71.13
1784851479909,0,0,0,122.15
1784851479909,1,0,0,71.17
1784851480045,0,0,0,121.02
1784851480045,1,0,0,71.13
1784851480181,0,0,0,121.07
1784851480181,1,0,0,71.12
1784851480315,0,0,0,121.00
1784851480315,1,0,0,71.16
1784851480450,0,0,0,120.96
1784851480450,1,0,0,71.12
1784851480584,0,0,0,121.00
1784851480584,1,0,0,71.12
1784851480718,0,0,0,121.00
1784851480718,1,0,0,71.16
1784851480852,0,0,0,121.01
1784851480852,1,0,0,71.14
1784851480987,0,0,0,121.04
1784851480987,1,0,0,71.17
1784851481122,0,0,0,121.04
1784851481122,1,0,0,71.21
1784851481257,0,0,0,121.07
1784851481257,1,0,0,71.18
1784851481392,0,0,0,121.06
1784851481392,1,0,0,71.19
1784851481526,0,0,0,121.02
1784851481526,1,0,0,71.21
1784851481660,0,0,0,121.08
1784851481660,1,0,0,71.20
1784851481795,0,0,0,121.07
1784851481795,1,0,0,71.22
1784851481931,0,0,0,121.04
1784851481931,1,0,0,71.24
1784851482066,0,0,0,121.10
1784851482066,1,0,0,71.19
1784851482201,0,0,0,121.08
1784851482201,1,0,0,71.21
1784851482336,0,0,0,121.10
1784851482336,1,0,0,71.22
1784851482471,0,0,0,121.11
1784851482471,1,0,0,71.21
1784851482607,0,0,0,121.08
1784851482607,1,0,0,71.24
1784851482741,0,0,0,121.14
1784851482741,1,0,0,71.23
1784851482876,0,0,0,121.12
1784851482876,1,0,0,71.19
1784851483010,0,0,0,121.12
1784851483010,1,0,0,71.24
1784851483144,0,0,0,121.13
1784851483144,1,0,0,71.23
1784851483278,0,0,0,121.11
1784851483278,1,0,0,71.21
1784851483412,0,0,0,121.15
1784851483412,1,0,0,71.25
1784851483548,0,0,0,121.15
1784851483548,1,0,0,71.21
1784851483683,0,0,0,121.15
1784851483683,1,0,0,71.18
1784851483819,0,0,0,121.18
1784851483819,1,0,0,71.21
1784851483953,0,0,0,121.13
1784851483953,1,0,0,71.17
1784851484088,0,0,0,121.16
1784851484088,1,0,0,71.14
1784851484223,0,0,0,121.17
1784851484223,1,0,0,71.18
1784851484358,0,0,0,121.12
1784851484358,1,0,0,71.15
1784851484492,0,0,0,121.17
1784851484492,1,0,0,71.12
1784851484629,0,0,0,121.15
1784851484629,1,0,0,71.15
1784851484764,0,0,0,121.15
1784851484764,1,0,0,71.13
1784851484898,0,0,0,121.17
1784851484898,1,0,0,71.14
1784851485032,0,0,0,121.15
1784851485032,1,0,0,71.17
1784851485166,0,0,0,121.17
1784851485166,1,0,0,71.15
1784851485300,0,0,0,121.17
1784851485300,1,0,0,71.16
1784851485435,0,0,0,121.16
1784851485435,1,0,0,71.16
1784851485635,0,0,0,121.18
1784851485635,1,0,0,71.21
1784851485769,0,0,0,121.14
1784851485769,1,0,0,71.21
1784851485904,0,0,0,121.18
1784851485904,1,0,0,71.15
1784851486041,0,0,0,121.18
1784851486041,1,0,0,71.17
1784851486176,0,0,0,121.17
1784851486176,1,0,0,71.19
1784851486311,0,0,0,121.19
1784851486311,1,0,0,71.13
1784851486445,0,0,0,121.17
1784851486445,1,0,0,71.17
1784851486579,0,0,0,121.21
1784851486579,1,0,0,71.17
1784851486714,0,0,0,121.22
1784851486714,1,0,0,71.16
1784851486848,0,0,0,121.21
1784851486848,1,0,0,71.18
1784851486983,0,0,0,121.25
1784851486983,1,0,0,71.16
1784851487140,0,0,0,121.24
1784851487140,1,0,0,71.19
1784851487279,0,0,0,121.28
1784851487279,1,0,0,71.23
1784851487412,0,0,0,121.30
1784851487412,1,0,0,71.17
1784851487546,0,0,0,121.28
1784851487546,1,0,0,71.19
1784851487680,0,0,0,121.31
1784851487680,1,0,0,71.20
1784851487814,0,0,0,121.29
1784851487814,1,0,0,71.19
1784851487948,0,0,0,121.28
1784851487948,1,0,0,71.19
1784851488083,0,0,0,121.30
1784851488083,1,0,0,71.21
1784851488217,0,0,0,121.28
1784851488217,1,0,0,71.17
1784851488352,0,0,0,121.29
1784851488352,1,0,0,71.19
1784851488486,0,0,0,121.28
1784851488486,1,0,0,71.21
1784851488620,0,0,0,121.24
1784851488620,1,0,0,71.20
1784851488754,0,0,0,121.32
1784851488754,1,0,0,71.23
1784851488888,0,0,0,121.29
1784851488888,1,0,0,71.23
1784851489022,0,0,0,121.26
1784851489022,1,0,0,71.22
1784851489158,0,0,0,121.30
1784851489158,1,0,0,71.24
1784851489292,0,0,0,121.29
1784851489292,1,0,0,71.21
1784851489428,0,0,0,121.32
1784851489428,1,0,0,71.20
1784851489564,0,0,0,121.34
1784851489564,1,0,0,71.23
1784851489699,0,0,0,121.32
1784851489699,1,0,0,71.18
1784851489833,0,0,0,121.34
1784851489833,1,0,0,71.14
1784851489967,0,0,0,121.34
1784851489967,1,0,0,71.17
1784851490104,0,0,0,121.33
1784851490104,1,0,0,71.15
1784851490246,0,0,0,121.35
1784851490246,1,0,0,71.14
1784851490382,0,0,0,121.30
1784851490382,1,0,0,71.17
1784851490518,0,0,0,121.32
1784851490518,1,0,0,71.13
1784851490654,0,0,0,121.31
1784851490654,1,0,0,71.12
1784851490790,0,0,0,121.31
1784851490790,1,0,0,71.16
1784851490925,0,0,0,121.36
1784851490925,1,0,0,71.13
1784851491060,0,0,0,121.32
1784851491060,1,0,0,71.14
1784851491196,0,0,0,121.36
1784851491196,1,0,0,71.16
1784851491332,0,0,0,121.36
1784851491332,1,0,0,71.13
1784851491466,0,0,0,121.34
1784851491466,1,0,0,71.14
1784851491602,0,0,0,121.38
1784851491602,1,0,0,71.16
1784851491736,0,0,0,121.38
1784851491736,1,0,0,71.15
1784851491870,0,0,0,121.38
1784851491870,1,0,0,71.15
1784851492004,0,0,0,121.40
1784851492004,1,0,0,71.17
1784851492142,0,0,0,121.34
1784851492142,1,0,0,71.13
1784851492276,0,0,0,121.40
1784851492276,1,0,0,71.17
1784851492411,0,0,0,121.40
1784851492411,1,0,0,71.19
1784851492547,0,0,0,121.39
1784851492547,1,0,0,71.16
1784851492681,0,0,0,121.42
1784851492681,1,0,0,71.19
1784851492816,0,0,0,121.40
1784851492816,1,0,0,71.18
1784851492952,0,0,0,121.42
1784851492952,1,0,0,71.13
1784851493087,0,0,0,121.44
1784851493087,1,0,0,71.19
1784851493223,0,0,0,121.43
1784851493223,1,0,0,71.18
1784851493360,0,0,0,121.49
1784851493360,1,0,0,71.14
1784851493495,0,0,0,121.49
1784851493495,1,0,0,71.19
1784851493630,0,0,0,121.47
1784851493630,1,0,0,71.18
1784851493764,0,0,0,121.52
1784851493764,1,0,0,71.17
1784851493899,0,0,0,121.49
1784851493899,1,0,0,71.23
1784851494033,0,0,0,121.49
1784851494033,1,0,0,71.19
1784851494169,0,0,0,121.48
1784851494169,1,0,0,71.21
1784851494304,0,0,0,121.46
1784851494304,1,0,0,71.25
1784851494439,0,0,0,121.48
1784851494439,1,0,0,71.21
1784851494574,0,0,0,121.46
1784851494574,1,0,0,71.20
1784851494709,0,0,0,121.47
1784851494709,1,0,0,71.23
1784851494844,0,0,0,121.47
1784851494844,1,0,0,71.20
1784851494978,0,0,0,121.45
1784851494978,1,0,0,71.21
1784851495113,0,0,0,121.50
1784851495113,1,0,0,71.23
1784851495249,0,0,0,121.47
1784851495249,1,0,0,71.20
1784851495387,0,0,0,121.47
1784851495387,1,0,0,71.26
1784851495523,0,0,0,121.51
1784851495523,1,0,0,71.25
1784851495660,0,0,0,121.45
1784851495660,1,0,0,71.21
1784851495796,0,0,0,121.51
1784851495796,1,0,0,71.26
1784851495931,0,0,0,121.51
1784851495931,1,0,0,71.23
1784851496066,0,0,0,121.50
1784851496066,1,0,0,71.21
1784851496200,0,0,0,121.53
1784851496200,1,0,0,71.22
1784851496335,0,0,0,121.53
1784851496335,1,0,0,71.19
1784851496470,0,0,0,121.53
1784851496470,1,0,0,71.15
1784851496605,0,0,0,121.53
1784851496605,1,0,0,71.19
1784851496740,0,0,0,121.50
1784851496740,1,0,0,71.16
1784851496875,0,0,0,121.53
1784851496875,1,0,0,71.12
1784851497009,0,0,0,121.54
1784851497009,1,0,0,71.17
1784851497144,0,0,0,121.52
1784851497144,1,0,0,71.14
1784851497278,0,0,0,121.52
1784851497278,1,0,0,71.13
1784851497411,0,0,0,121.50
1784851497411,1,0,0,71.16
1784851497546,0,0,0,121.53
1784851497546,1,0,0,71.16
1784851497681,0,0,0,121.52
1784851497681,1,0,0,71.12
1784851497815,0,0,0,121.50
1784851497815,1,0,0,71.16
1784851497950,0,0,0,121.51
1784851497950,1,0,0,71.15
1784851498084,0,0,0,121.51
1784851498084,1,0,0,71.12
1784851498218,0,0,0,121.50
1784851498218,1,0,0,71.17
1784851498352,0,0,0,121.52
1784851498352,1,0,0,71.15
1784851498486,0,0,0,121.50
1784851498486,1,0,0,71.18
1784851498622,0,0,0,121.53
1784851498622,1,0,0,71.20
1784851498757,0,0,0,121.52
1784851498757,1,0,0,71.16
1784851498891,0,0,0,121.56
1784851498891,1,0,0,71.17
1784851499093,0,0,0,121.56
1784851499093,1,0,0,71.18
1784851499227,0,0,0,121.55
1784851499227,1,0,0,71.21
1784851499362,0,0,0,121.60
1784851499362,1,0,0,71.17
1784851499496,0,0,0,121.60
1784851499496,1,0,0,71.17
1784851499630,0,0,0,121.58
1784851499630,1,0,0,71.19
1784851499764,0,0,0,121.64
1784851499764,1,0,0,71.16
1784851499898,0,0,0,121.61
1784851499898,1,0,0,71.17
1784851500034,0,0,0,121.62
1784851500034,1,0,0,71.20
1784851500169,0,0,0,121.61
1784851500169,1,0,0,71.19
1784851500304,0,0,0,121.57
1784851500304,1,0,0,71.21
1784851500440,0,0,0,121.60
1784851500440,1,0,0,71.24
1784851500575,0,0,0,121.58
1784851500575,1,0,0,71.22
1784851500710,0,0,0,121.59
1784851500710,1,0,0,71.24
1784851500846,0,0,0,121.60
1784851500846,1,0,0,71.25
1784851500981,0,0,0,121.58
1784851500981,1,0,0,71.23
1784851501115,0,0,0,121.62
1784851501115,1,0,0,71.27
1784851501250,0,0,0,121.61
1784851501250,1,0,0,71.24
1784851501385,0,0,0,121.63
1784851501385,1,0,0,71.20
1784851501520,0,0,0,121.64
1784851501520,1,0,0,71.22
1784851501654,0,0,0,121.61
1784851501654,1,0,0,71.22
1784851501788,0,0,0,121.65
1784851501788,1,0,0,71.19
1784851501922,0,0,0,121.63
1784851501922,1,0,0,71.22
1784851502056,0,0,0,121.63
1784851502056,1,0,0,71.22
1784851502191,0,0,0,121.65
1784851502191,1,0,0,71.20
1784851502325,0,0,0,121.64
1784851502325,1,0,0,71.24
1784851502461,0,0,0,121.64
1784851502461,1,0,0,71.20
1784851502596,0,0,0,121.64
1784851502596,1,0,0,71.18
1784851502731,0,0,0,121.61
1784851502731,1,0,0,71.23
1784851502865,0,0,0,121.62
1784851502865,1,0,0,71.16
1784851503007,0,0,0,121.61
1784851503007,1,0,0,71.13
1784851503142,0,0,0,121.57
1784851503142,1,0,0,71.15
1784851503277,0,0,0,121.61
1784851503277,1,0,0,71.11
1784851503411,0,0,0,121.60
1784851503411,1,0,0,71.14
1784851503545,0,0,0,121.63
1784851503545,1,0,0,71.16
1784851503679,0,0,0,121.63
1784851503679,1,0,0,71.14
1784851503813,0,0,0,121.61
1784851503813,1,0,0,71.14
1784851503945,0,0,0,121.65
1784851503945,1,0,0,71.20
1784851504080,0,0,0,121.65
1784851504080,1,0,0,71.18
1784851504214,0,0,0,121.66
1784851504214,1,0,0,71.18
1784851504348,0,0,0,121.69
1784851504348,1,0,0,71.20
1784851504488,0,0,0,121.66
1784851504488,1,0,0,71.17
1784851504623,0,0,0,121.70
1784851504623,1,0,0,71.18
1784851504759,0,0,0,121.70
1784851504759,1,0,0,71.20
1784851504894,0,0,0,121.69
1784851504894,1,0,0,71.18
1784851505029,0,0,0,121.74
1784851505029,1,0,0,71.19
1784851505166,0,0,0,121.70
1784851505166,1,0,0,71.19
1784851505302,0,0,0,121.72
1784851505302,1,0,0,71.16
1784851505436,0,0,0,121.72
1784851505436,1,0,0,71.17
1784851505571,0,0,0,121.71
1784851505571,1,0,0,71.17
1784851505707,0,0,0,121.73
1784851505707,1,0,0,71.15
1784851505841,0,0,0,121.73
1784851505841,1,0,0,71.20
1784851505976,0,0,0,121.73
1784851505976,1,0,0,71.16
1784851506110,0,0,0,121.72
1784851506110,1,0,0,71.15
1784851506244,0,0,0,121.71
1784851506244,1,0,0,71.21
1784851506379,0,0,0,121.75
1784851506379,1,0,0,71.18
1784851506514,0,0,0,121.75
1784851506514,1,0,0,71.16
1784851506649,0,0,0,121.77
1784851506649,1,0,0,71.20
1784851506785,0,0,0,121.78
1784851506785,1,0,0,71.15
1784851506919,0,0,0,121.78
1784851506919,1,0,0,71.14
1784851507054,0,0,0,121.81
1784851507054,1,0,0,71.19
1784851507189,0,0,0,121.80
1784851507189,1,0,0,71.14
1784851507323,0,0,0,121.76
1784851507323,1,0,0,71.15
1784851507457,0,0,0,121.79
1784851507457,1,0,0,71.20
1784851507593,0,0,0,121.78
1784851507593,1,0,0,71.18
1784851507728,0,0,0,121.77
1784851507728,1,0,0,71.17
1784851507863,0,0,0,121.78
1784851507863,1,0,0,71.21
1784851507997,0,0,0,121.75
1784851507997,1,0,0,71.21
1784851508132,0,0,0,121.78
1784851508132,1,0,0,71.21
1784851508267,0,0,0,121.79
1784851508267,1,0,0,71.24
1784851508401,0,0,0,121.77
1784851508401,1,0,0,71.20
1784851508535,0,0,0,121.79
1784851508535,1,0,0,71.21
1784851508669,0,0,0,121.76
1784851508669,1,0,0,71.22
1784851508803,0,0,0,121.77
1784851508803,1,0,0,71.18
1784851508937,0,0,0,121.77
1784851508937,1,0,0,71.18
1784851509071,0,0,0,121.74
1784851509071,1,0,0,71.18
1784851509205,0,0,0,121.77
1784851509205,1,0,0,71.14
1784851509340,0,0,0,121.76
1784851509340,1,0,0,71.17
1784851509475,0,0,0,121.76
1784851509475,1,0,0,71.14
1784851509609,0,0,0,121.77
1784851509609,1,0,0,71.12
1784851509744,0,0,0,121.75
1784851509744,1,0,0,71.14
1784851509878,0,0,0,121.81
1784851509878,1,0,0,71.13
1784851510012,0,0,0,121.81
1784851510012,1,0,0,71.10
1784851510147,0,0,0,121.80
1784851510147,1,0,0,71.16
1784851510282,0,0,0,121.81
1784851510282,1,0,0,71.14
1784851510417,0,0,0,121.80
1784851510417,1,0,0,71.13
1784851510555,0,0,0,121.81
1784851510555,1,0,0,71.21
1784851510690,0,0,0,121.80
1784851510690,1,0,0,71.18
1784851510824,0,0,0,121.76
1784851510824,1,0,0,71.17
1784851510961,0,0,0,121.79
1784851510961,1,0,0,71.20
1784851511095,0,0,0,121.78
1784851511095,1,0,0,71.17
1784851511231,0,0,0,121.76
1784851511231,1,0,0,71.16
1784851511367,0,0,0,121.78
1784851511367,1,0,0,71.20
1784851511501,0,0,0,121.76
1784851511501,1,0,0,71.18
1784851511637,0,0,0,121.79
1784851511637,1,0,0,71.16
1784851511771,0,0,0,121.82
1784851511771,1,0,0,71.19
1784851511906,0,0,0,121.81
1784851511906,1,0,0,71.15
1784851512040,0,0,0,121.83
1784851512040,1,0,0,71.17
1784851512175,0,0,0,121.81
1784851512175,1,0,0,71.21
1784851512309,0,0,0,121.84
1784851512309,1,0,0,71.16
1784851512443,0,0,0,121.85
1784851512443,1,0,0,71.21
1784851512578,0,0,0,121.82
1784851512578,1,0,0,71.20
1784851512714,0,0,0,121.87
1784851512714,1,0,0,71.18
1784851512848,0,0,0,121.83
1784851512848,1,0,0,71.22
1784851512983,0,0,0,121.86
1784851512983,1,0,0,71.22
1784851513118,0,0,0,121.87
1784851513118,1,0,0,71.18
1784851513253,0,0,0,121.87
1784851513253,1,0,0,71.21
1784851513387,0,0,0,121.91
1784851513387,1,0,0,71.19
1784851513521,0,0,0,121.90
1784851513521,1,0,0,71.16
1784851513655,0,0,0,121.90
1784851513655,1,0,0,71.22
1784851513789,0,0,0,121.91
1784851513789,1,0,0,71.20
1784851513924,0,0,0,121.90
1784851513924,1,0,0,71.16
1784851514058,0,0,0,121.90
1784851514058,1,0,0,71.23
1784851514192,0,0,0,121.89
1784851514192,1,0,0,71.21
1784851514327,0,0,0,121.88
1784851514327,1,0,0,71.18
1784851514463,0,0,0,121.89
1784851514463,1,0,0,71.25
1784851514599,0,0,0,121.89
1784851514599,1,0,0,71.25
1784851514748,0,0,0,121.88
1784851514748,1,0,0,71.23
1784851514883,0,0,0,121.89
1784851514883,1,0,0,71.19
1784851515018,0,0,0,121.87
1784851515018,1,0,0,71.24
1784851515152,0,0,0,121.90
1784851515152,1,0,0,71.21
1784851515286,0,0,0,121.86
1784851515286,1,0,0,71.18
1784851515420,0,0,0,121.83
1784851515420,1,0,0,71.25
1784851515555,0,0,0,121.84
1784851515555,1,0,0,71.20
1784851515688,0,0,0,121.81
1784851515688,1,0,0,71.16
1784851515824,0,0,0,121.84
1784851515824,1,0,0,71.20
1784851515960,0,0,0,121.82
1784851515960,1,0,0,71.15
1784851516095,0,0,0,121.81
1784851516095,1,0,0,71.17
1784851516229,0,0,0,121.85
1784851516229,1,0,0,71.19
1784851516363,0,0,0,121.83
1784851516363,1,0,0,71.14
1784851516498,0,0,0,121.87
1784851516498,1,0,0,71.17
1784851516633,0,0,0,121.88
1784851516633,1,0,0,71.20
1784851516767,0,0,0,121.86
1784851516767,1,0,0,71.17
1784851516902,0,0,0,121.90
1784851516902,1,0,0,71.19
1784851517036,0,0,0,121.90
1784851517036,1,0,0,71.21
1784851517171,0,0,0,121.89
1784851517171,1,0,0,71.18
1784851517305,0,0,0,121.90
1784851517305,1,0,0,71.21
1784851517440,0,0,0,121.89
1784851517440,1,0,0,71.21
1784851517575,0,0,0,121.89
1784851517575,1,0,0,71.16
1784851517711,0,0,0,121.88
1784851517711,1,0,0,71.18
1784851517846,0,0,0,121.87
1784851517846,1,0,0,71.18
1784851517981,0,0,0,121.88
1784851517981,1,0,0,71.15
1784851518116,0,0,0,121.89
1784851518116,1,0,0,71.18
1784851518251,0,0,0,121.91
1784851518251,1,0,0,71.18
1784851518386,0,0,0,121.91
1784851518386,1,0,0,71.16
1784851518521,0,0,0,121.90
1784851518521,1,0,0,71.20
1784851518657,0,0,0,121.95
1784851518657,1,0,0,71.20
1784851518792,0,0,0,121.93
1784851518792,1,0,0,71.20
1784851518929,0,0,0,121.92
1784851518929,1,0,0,71.23
1784851519064,0,0,0,121.95
1784851519064,1,0,0,71.22
1784851519198,0,0,0,121.93
1784851519198,1,0,0,71.19
1784851519333,0,0,0,121.96
1784851519333,1,0,0,71.23
1784851519467,0,0,0,121.96
1784851519467,1,0,0,71.21
1784851519602,0,0,0,121.95
1784851519602,1,0,0,71.19
1784851519737,0,0,0,121.99
1784851519737,1,0,0,71.22
1784851519871,0,0,0,121.98
1784851519871,1,0,0,71.19
1784851520004,0,0,0,122.01
1784851520004,1,0,0,71.19
1784851520140,0,0,0,122.00
1784851520140,1,0,0,71.22
1784851520275,0,0,0,121.97
1784851520275,1,0,0,71.19
1784851520414,0,0,0,121.98
1784851520414,1,0,0,71.21
1784851520548,0,0,0,121.97
1784851520548,1,0,0,71.25
1784851520683,0,0,0,121.98
1784851520683,1,0,0,71.20
1784851520819,0,0,0,121.97
1784851520819,1,0,0,71.23
1784851520954,0,0,0,121.95
1784851520954,1,0,0,71.24
1784851521088,0,0,0,121.96
1784851521088,1,0,0,71.21
1784851521222,0,0,0,121.95
1784851521222,1,0,0,71.23
1784851521356,0,0,0,121.95
1784851521356,1,0,0,71.25
1784851521490,0,0,0,121.94
1784851521490,1,0,0,71.20
1784851521625,0,0,0,121.92
1784851521625,1,0,0,71.21
1784851521760,0,0,0,121.94
1784851521760,1,0,0,71.22
1784851521894,0,0,0,121.94
1784851521894,1,0,0,71.15
1784851522029,0,0,0,121.90
1784851522029,1,0,0,71.17
1784851522165,0,0,0,121.97
1784851522165,1,0,0,71.18
1784851522299,0,0,0,121.95
1784851522299,1,0,0,71.13
1784851522435,0,0,0,121.96
1784851522435,1,0,0,71.15
1784851522569,0,0,0,121.98
1784851522569,1,0,0,71.16
1784851522705,0,0,0,121.95
1784851522705,1,0,0,71.14
1784851522840,0,0,0,121.99
1784851522840,1,0,0,71.19
1784851522974,0,0,0,121.97
1784851522974,1,0,0,71.19
1784851523108,0,0,0,121.97
1784851523108,1,0,0,71.16
1784851523241,0,0,0,121.98
1784851523241,1,0,0,71.18
1784851523376,0,0,0,121.94
1784851523376,1,0,0,71.18
1784851523510,0,0,0,121.96
1784851523510,1,0,0,71.15
1784851523645,0,0,0,121.97
1784851523645,1,0,0,71.19
1784851523780,0,0,0,121.96
1784851523780,1,0,0,71.16
1784851523915,0,0,0,121.98
1784851523915,1,0,0,71.15
1784851524050,0,0,0,121.96
1784851524050,1,0,0,71.19
1784851524184,0,0,0,121.99
1784851524184,1,0,0,71.18
1784851524318,0,0,0,122.00
1784851524318,1,0,0,71.16
1784851524452,0,0,0,122.02
1784851524452,1,0,0,71.20
1784851524587,0,0,0,122.04
1784851524587,1,0,0,71.18
1784851524723,0,0,0,122.02
1784851524723,1,0,0,71.20
1784851524858,0,0,0,122.06
1784851524858,1,0,0,71.22
1784851524994,0,0,0,122.05
1784851524994,1,0,0,71.20
1784851525131,0,0,0,122.03
1784851525131,1,0,0,71.21
1784851525266,0,0,0,122.06
1784851525266,1,0,0,71.26
1784851525403,0,0,0,122.06
1784851525403,1,0,0,71.21
1784851525538,0,0,0,122.00
1784851525538,1,0,0,71.25
1784851525675,0,0,0,122.03
1784851525675,1,0,0,71.28
1784851525810,0,0,0,122.01
1784851525810,1,0,0,71.23
1784851525945,0,0,0,122.01
1784851525945,1,0,0,71.27
1784851526082,0,0,0,122.03
1784851526082,1,0,0,71.28
1784851526217,0,0,0,122.00
1784851526217,1,0,0,71.23
1784851526352,0,0,0,122.01
1784851526352,1,0,0,71.26
1784851526486,0,0,0,122.02
1784851526486,1,0,0,71.26
1784851526621,0,0,0,122.03
1784851526621,1,0,0,71.19
1784851526756,0,0,0,122.04
1784851526756,1,0,0,71.20
1784851526896,0,0,0,122.01
1784851526896,1,0,0,71.23
1784851527031,0,0,0,122.04
1784851527031,1,0,0,71.19
1784851527165,0,0,0,122.01
1784851527165,1,0,0,71.21
1784851527300,0,0,0,122.04
1784851527300,1,0,0,71.21
1784851527434,0,0,0,122.04
1784851527434,1,0,0,71.20
1784851527569,0,0,0,122.03
1784851527569,1,0,0,71.22
1784851527703,0,0,0,122.06
1784851527703,1,0,0,71.20
1784851527839,0,0,0,122.06
1784851527839,1,0,0,71.19
1784851527973,0,0,0,122.04
1784851527973,1,0,0,71.22
1784851528107,0,0,0,122.05
1784851528107,1,0,0,71.17
1784851528242,0,0,0,122.05
1784851528242,1,0,0,71.16
1784851528377,0,0,0,122.05
1784851528377,1,0,0,71.18
1784851528511,0,0,0,122.06
1784851528511,1,0,0,71.15
1784851528646,0,0,0,122.03
1784851528646,1,0,0,71.14
1784851528780,0,0,0,122.06
1784851528780,1,0,0,71.18
1784851528914,0,0,0,122.05
1784851528914,1,0,0,71.14
1784851529048,0,0,0,122.04
1784851529048,1,0,0,71.14
1784851529183,0,0,0,122.05
1784851529183,1,0,0,71.18
1784851529320,0,0,0,122.03
1784851529320,1,0,0,71.14
1784851529455,0,0,0,122.06
1784851529455,1,0,0,71.17
1784851529590,0,0,0,122.05
1784851529590,1,0,0,71.21
1784851529725,0,0,0,122.05
1784851529725,1,0,0,71.14
1784851529859,0,0,0,122.07
1784851529859,1,0,0,71.15
1784851529994,0,0,0,122.05
1784851529994,1,0,0,71.18
1784851530128,0,0,0,122.07
1784851530128,1,0,0,71.12
1784851530264,0,0,0,122.07
1784851530264,1,0,0,71.13
1784851530399,0,0,0,122.08
1784851530399,1,0,0,71.16
1784851530533,0,0,0,122.10
1784851530533,1,0,0,71.14
1784851530668,0,0,0,122.07
1784851530668,1,0,0,71.16
1784851530802,0,0,0,122.11
1784851530802,1,0,0,71.19
1784851530936,0,0,0,122.10
1784851530936,1,0,0,71.19
1784851531070,0,0,0,122.09
1784851531070,1,0,0,71.22
1784851531205,0,0,0,122.11
1784851531205,1,0,0,71.21
1784851531340,0,0,0,122.11
1784851531340,1,0,0,71.19
1784851531475,0,0,0,122.10
1784851531475,1,0,0,71.20
1784851531611,0,0,0,122.09
1784851531611,1,0,0,71.23
1784851531746,0,0,0,122.08
1784851531746,1,0,0,71.19
1784851531881,0,0,0,122.10
1784851531881,1,0,0,71.22
1784851532015,0,0,0,122.10
1784851532015,1,0,0,71.19
1784851532149,0,0,0,122.11
1784851532149,1,0,0,71.17
1784851532284,0,0,0,122.10
1784851532284,1,0,0,71.21
1784851532418,0,0,0,122.09
1784851532418,1,0,0,71.21
1784851532553,0,0,0,122.13
1784851532553,1,0,0,71.19
1784851532687,0,0,0,122.12
1784851532687,1,0,0,71.22
1784851532823,0,0,0,122.11
1784851532823,1,0,0,71.20
1784851532959,0,0,0,122.12
1784851532959,1,0,0,71.19
1784851533093,0,0,0,122.11
1784851533093,1,0,0,71.25
1784851533228,0,0,0,122.12
1784851533228,1,0,0,71.22
1784851533363,0,0,0,122.12
1784851533363,1,0,0,71.21
1784851533498,0,0,0,122.09
1784851533498,1,0,0,71.26
1784851533633,0,0,0,122.13
1784851533633,1,0,0,71.23
1784851533766,0,0,0,122.10
1784851533766,1,0,0,71.23
1784851533900,0,0,0,122.11
1784851533900,1,0,0,71.26
1784851534034,0,0,0,122.12
1784851534034,1,0,0,71.20
1784851534168,0,0,0,122.09
1784851534168,1,0,0,71.20
1784851534302,0,0,0,122.12
1784851534302,1,0,0,71.21
1784851534437,0,0,0,122.12
1784851534437,1,0,0,71.17
1784851534575,0,0,0,122.11
1784851534575,1,0,0,71.16
1784851534710,0,0,0,122.11
1784851534710,1,0,0,71.16
1784851534844,0,0,0,122.12
1784851534844,1,0,0,71.14
1784851534978,0,0,0,122.14
1784851534978,1,0,0,71.16
1784851535111,0,0,0,122.12
1784851535111,1,0,0,71.14
1784851535245,0,0,0,122.11
1784851535245,1,0,0,71.09
1784851535379,0,0,0,122.14
1784851535379,1,0,0,71.11
1784851535514,0,0,0,122.13
1784851535514,1,0,0,71.11
1784851535649,0,0,0,122.10
1784851535649,1,0,0,71.10
1784851535782,0,0,0,122.11
1784851535782,1,0,0,71.13
1784851535916,0,0,0,122.10
1784851535916,1,0,0,71.15
1784851536051,0,0,0,122.12
1784851536051,1,0,0,71.13
1784851536185,0,0,0,122.12
1784851536185,1,0,0,71.18
1784851536319,0,0,0,122.10
1784851536319,1,0,0,71.17
1784851536454,0,0,0,122.12
1784851536454,1,0,0,71.16
1784851536588,0,0,0,122.10
1784851536588,1,0,0,71.20
1784851536722,0,0,0,122.15
1784851536722,1,0,0,71.18
1784851536857,0,0,0,122.13
1784851536857,1,0,0,71.16
1784851536991,0,0,0,122.13
1784851536991,1,0,0,71.19
1784851537125,0,0,0,122.15
1784851537125,1,0,0,71.16
1784851537259,0,0,0,122.14
1784851537259,1,0,0,71.16
1784851537394,0,0,0,122.17
1784851537394,1,0,0,71.21
1784851537529,0,0,0,122.17
1784851537529,1,0,0,71.18
1784851537664,0,0,0,122.15
1784851537664,1,0,0,71.17
1784851537798,0,0,0,122.18
1784851537798,1,0,0,71.22
1784851537933,0,0,0,122.16
1784851537933,1,0,0,71.19
1784851538067,0,0,0,122.15
1784851538067,1,0,0,71.20
1784851538201,0,0,0,122.16
1784851538201,1,0,0,71.24
1784851538335,0,0,0,122.15
1784851538335,1,0,0,71.18
1784851538469,0,0,0,122.17
1784851538469,1,0,0,71.18
1784851538603,0,0,0,122.17
1784851538603,1,0,0,71.21
1784851538756,0,0,0,122.17
1784851538756,1,0,0,71.19
1784851538891,0,0,0,122.17
1784851538891,1,0,0,71.19
1784851539026,0,0,0,122.18
1784851539026,1,0,0,72.01
1784851539173,0,0,0,122.21
1784851539173,1,0,0,77.18
1784851539305,0,0,0,122.20
1784851539305,1,0,0,87.32
1784851539437,0,0,0,122.17
1784851539437,1,0,0,92.75
1784851539570,0,0,0,122.19
1784851539570,1,0,0,97.85
1784851539705,0,0,0,122.16
1784851539705,1,1,0,107.51
1784851539838,0,0,0,122.19
1784851539838,1,1,0,113.34
1784851539970,0,0,0,122.18
1784851539970,1,0,0,117.52
1784851540102,0,0,0,122.16
1784851540102,1,0,0,122.89
1784851540236,0,0,0,122.18
1784851540236,1,7,1,122.94
1784851540369,0,0,0,122.13
1784851540369,1,8,0,123.00
1784851540502,0,0,0,122.15
1784851540502,1,8,0,123.12
1784851540635,0,0,0,122.16
1784851540635,1,18,0,123.25
1784851540768,0,0,0,122.12
1784851540768,1,19,0,123.28
1784851540900,0,0,0,122.15
1784851540900,1,19,0,123.39
1784851541033,0,0,0,122.15
1784851541033,1,19,0,123.53
1784851541166,0,0,0,122.15
1784851541166,1,11,0,123.35
1784851541298,0,0,0,122.16
1784851541298,1,11,0,123.27
1784851541430,0,0,0,122.17
1784851541430,1,0,0,123.22
1784851541563,0,0,0,122.17
1784851541563,1,24,0,123.27
1784851541695,0,0,0,122.17
1784851541695,1,24,0,123.33
1784851541829,0,0,0,122.16
1784851541829,1,15,0,123.18
1784851541962,0,0,0,122.19
1784851541962,1,0,0,123.10
1784851542095,0,0,0,122.18
1784851542095,1,0,0,123.04
1784851542228,0,0,0,122.19
1784851542228,1,0,0,122.98
1784851542361,0,0,0,122.19
1784851542361,1,0,0,122.97
1784851542493,0,0,0,122.18
1784851542493,1,0,0,122.91
1784851542627,0,0,0,122.22
1784851542627,1,0,0,122.65
1784851542759,0,0,0,122.21
1784851542759,1,0,0,122.61
1784851542891,0,0,0,122.22
1784851542891,1,0,0,122.65
1784851543022,0,0,0,122.23
1784851543022,1,0,0,122.61
1784851543155,0,0,0,122.21
1784851543155,1,0,0,122.62
1784851543287,0,0,0,122.23
1784851543287,1,0,0,122.67
1784851543419,0,0,0,122.23
1784851543419,1,0,0,122.62
1784851543550,0,0,0,122.23
1784851543550,1,0,0,122.64
1784851543682,0,0,0,122.24
1784851543682,1,0,0,122.69
1784851543814,0,0,0,122.23
1784851543814,1,0,0,122.64
1784851543945,0,0,0,122.22
1784851543945,1,0,0,122.68
1784851544077,0,0,0,122.21
1784851544077,1,0,0,122.72
1784851544208,0,0,0,122.21
1784851544208,1,0,0,122.68
1784851544338,0,0,0,122.22
1784851544338,1,0,0,122.70
1784851544470,0,0,0,122.22
1784851544470,1,0,0,122.75
1784851544602,0,0,0,122.22
1784851544602,1,0,0,122.74
1784851544733,0,0,0,122.24
1784851544733,1,0,0,122.75
1784851544866,0,0,0,122.22
1784851544866,1,0,0,122.79
1784851544999,0,0,0,122.25
1784851544999,1,0,0,122.75
1784851545130,0,0,0,122.27
1784851545130,1,0,0,122.79
1784851545261,0,0,0,122.24
1784851545261,1,0,0,122.83
1784851545394,0,0,0,122.28
1784851545394,1,0,0,122.82
1784851545525,0,0,0,122.26
1784851545525,1,0,0,122.83
1784851545657,0,0,0,122.26
1784851545657,1,0,0,122.86
1784851545788,0,0,0,122.26
1784851545788,1,0,0,122.83
1784851545920,0,0,0,122.24
1784851545920,1,0,0,122.86
1784851546052,0,0,0,122.24
1784851546052,1,0,0,122.90
1784851546184,0,0,0,122.24
1784851546184,1,0,0,122.84
1784851546316,0,0,0,122.20
1784851546316,1,0,0,122.87
1784851546447,0,0,0,122.21
1784851546447,1,0,0,122.88
1784851546579,0,0,0,122.20
1784851546579,1,0,0,122.85
1784851546713,0,0,0,122.18
1784851546713,1,0,0,122.88
1784851546845,0,0,0,122.20
1784851546845,1,0,0,122.88
1784851546977,0,0,0,122.16
1784851546977,1,0,0,122.82
1784851547108,0,0,0,122.19
1784851547108,1,0,0,122.85
1784851547240,0,0,0,122.20
1784851547240,1,0,0,122.82
1784851547371,0,0,0,122.22
1784851547371,1,0,0,122.79
1784851547501,0,0,0,122.22
1784851547501,1,0,0,122.79
1784851547633,0,0,0,122.23
1784851547633,1,0,0,122.80
1784851547764,0,0,0,122.25
1784851547764,1,0,0,122.77
1784851547896,0,0,0,122.24
1784851547896,1,0,0,122.81
1784851548028,0,0,0,122.23
1784851548028,1,0,0,122.81
1784851548160,0,0,0,122.25
1784851548160,1,0,0,122.79
1784851548291,0,0,0,122.25
1784851548291,1,0,0,122.83
1784851548423,0,0,0,122.23
1784851548423,1,0,0,122.85
1784851548555,0,0,0,122.26
1784851548555,1,0,0,122.83
1784851548689,0,0,0,122.23
1784851548689,1,0,0,122.87
1784851548822,0,0,0,122.26
1784851548822,1,0,0,122.86
1784851548954,0,0,0,122.26
1784851548954,1,0,0,122.84
1784851549087,0,0,0,122.24
1784851549087,1,0,0,122.88
1784851549220,0,0,0,122.28
1784851549220,1,0,0,122.88
1784851549351,0,0,0,122.27
1784851549351,1,0,0,122.86
1784851549483,0,0,0,122.26
1784851549483,1,0,0,122.91
1784851549614,0,0,0,122.26
1784851549614,1,0,0,122.91
1784851549746,0,0,0,122.28
1784851549746,1,0,0,122.90
1784851549878,0,0,0,122.28
1784851549878,1,0,0,123.10
1784851550010,0,0,0,122.29
1784851550010,1,0,0,123.11
1784851550141,0,0,0,122.29
1784851550141,1,15,13,126.20
1784851550273,0,0,0,122.29
1784851550273,1,15,13,126.33
1784851550404,0,0,0,122.28
1784851550404,1,0,0,133.01
1784851550538,0,0,0,122.30
1784851550538,1,25,21,134.60
1784851550670,0,0,0,122.32
1784851550670,1,25,21,134.62
1784851550802,0,0,0,122.29
1784851550802,1,0,0,134.65
1784851550934,0,0,0,122.32
1784851550934,1,0,0,134.49
1784851551067,0,0,0,122.31
1784851551067,1,0,0,142.76
1784851551199,0,0,0,122.32
1784851551199,1,0,0,139.98
1784851551332,0,0,0,122.34
1784851551332,1,0,0,139.92
1784851551464,0,0,0,122.30
1784851551464,1,0,0,137.81
1784851551597,0,0,0,122.34
1784851551597,1,0,0,131.74
1784851551730,0,0,0,122.32
1784851551730,1,19,15,138.13
1784851551863,0,0,0,122.32
1784851551863,1,19,15,137.90
1784851551995,0,0,0,122.31
1784851551995,1,0,0,137.89
1784851552126,0,0,0,122.30
1784851552126,1,0,0,129.48
1784851552258,0,0,0,122.29
1784851552258,1,0,0,129.51
1784851552390,0,0,0,122.28
1784851552390,1,0,0,129.49
1784851552522,0,0,0,122.27
1784851552522,1,0,0,129.49
1784851552654,0,0,0,122.26
1784851552654,1,0,0,129.63
1784851552786,0,0,0,122.26
1784851552786,1,0,0,123.22
1784851552918,0,0,0,122.24
1784851552918,1,0,0,123.17
1784851553050,0,0,0,122.27
1784851553050,1,0,0,123.18
1784851553183,0,0,0,122.22
1784851553183,1,0,0,123.15
1784851553315,0,0,0,122.24
1784851553315,1,0,0,123.14
1784851553447,0,0,0,122.25
1784851553447,1,0,0,137.93
1784851553579,0,0,0,122.25
1784851553579,1,56,53,149.39
1784851553711,0,0,0,122.28
1784851553711,1,0,0,150.04
1784851553843,0,0,0,122.26
1784851553843,1,0,0,150.08
1784851553976,0,0,0,122.27
1784851553976,1,0,0,150.05
1784851554108,0,0,0,122.26
1784851554108,1,0,0,149.57
1784851554239,0,0,0,122.27
1784851554239,1,0,0,149.56
1784851554370,0,0,0,122.27
1784851554370,1,0,0,149.53
1784851554501,0,0,0,122.27
1784851554501,1,0,0,142.94
1784851554631,0,0,0,122.26
1784851554631,1,0,0,123.33
1784851554762,0,0,0,122.27
1784851554762,1,0,0,123.24
1784851554895,0,0,0,122.27
1784851554895,1,0,0,123.24
1784851555028,0,0,0,122.28
1784851555028,1,50,52,144.05
1784851555160,0,0,0,122.29
1784851555160,1,0,0,144.07
1784851555292,0,0,0,122.28
1784851555292,1,0,0,144.10
1784851555423,0,0,0,122.29
1784851555423,1,0,0,144.17
1784851555555,0,0,0,122.30
1784851555555,1,0,0,143.72
1784851555687,0,0,0,122.32
1784851555687,1,0,0,146.62
1784851555821,0,0,0,122.32
1784851555821,1,71,69,225.90
1784851555953,0,0,0,122.32
1784851555953,1,1,0,205.37
1784851556085,0,0,0,122.33
1784851556085,1,1,0,203.46
1784851556216,0,0,0,122.32
1784851556216,1,0,0,203.21
1784851556348,0,0,0,122.31
1784851556348,1,0,0,203.15
1784851556480,0,0,0,122.33
1784851556480,1,0,0,203.15
1784851556611,0,0,0,122.32
1784851556611,1,0,0,201.71
1784851556742,0,0,0,122.32
1784851556742,1,0,0,174.01
1784851556876,0,0,0,122.33
1784851556876,1,0,0,123.70
1784851557008,0,0,0,122.31
1784851557008,1,0,0,122.75
1784851557140,0,0,0,122.33
1784851557140,1,0,0,122.80
1784851557272,0,0,0,122.33
1784851557272,1,0,0,122.85
1784851557403,0,0,0,122.32
1784851557403,1,0,0,122.83
1784851557535,0,0,0,122.34
1784851557535,1,0,0,122.78
1784851557667,0,0,0,122.29
1784851557667,1,0,0,122.81
1784851557798,0,0,0,122.30
1784851557798,1,0,0,122.79
1784851557929,0,0,0,122.31
1784851557929,1,0,0,122.76
1784851558061,0,0,0,122.30
1784851558061,1,0,0,122.79
1784851558193,0,0,0,122.32
1784851558193,1,0,0,122.78
1784851558325,0,0,0,122.31
1784851558325,1,0,0,122.75
1784851558457,0,0,0,122.31
1784851558457,1,0,0,122.76
1784851558588,0,0,0,122.31
1784851558588,1,0,0,122.75
1784851558720,0,0,0,122.30
1784851558720,1,0,0,122.74
1784851558851,0,0,0,122.32
1784851558851,1,0,0,122.75
1784851558983,0,0,0,122.30
1784851558983,1,0,0,122.75
1784851559115,0,0,0,122.29
1784851559115,1,0,0,122.71
1784851559249,0,0,0,122.31
1784851559249,1,0,0,122.72
1784851559382,0,0,0,122.31
1784851559382,1,0,0,122.72
1784851559515,0,0,0,122.30
1784851559515,1,0,0,122.72
1784851559649,0,0,0,122.30
1784851559649,1,0,0,122.75
1784851559781,0,0,0,122.28
1784851559781,1,0,0,122.72
1784851559913,0,0,0,122.29
1784851559913,1,0,0,122.70
1784851560046,0,0,0,122.29
1784851560046,1,0,0,122.71
1784851560178,0,0,0,122.30
1784851560178,1,0,0,122.69
1784851560310,0,0,0,122.29
1784851560310,1,0,0,122.74
1784851560441,0,0,0,122.27
1784851560441,1,0,0,122.71
1784851560574,0,0,0,122.30
1784851560574,1,0,0,122.69
1784851560707,0,0,0,122.30
1784851560707,1,0,0,122.74
1784851560840,0,0,0,122.27
1784851560840,1,0,0,122.73
1784851560972,0,0,0,122.31
1784851560972,1,0,0,122.71
1784851561104,0,0,0,122.31
1784851561104,1,0,0,122.70
1784851561236,0,0,0,122.29
1784851561236,1,0,0,122.72
1784851561369,0,0,0,122.31
1784851561369,1,0,0,122.69
1784851561501,0,0,0,122.31
1784851561501,1,0,0,122.69
1784851561634,0,0,0,122.34
1784851561634,1,0,0,122.72
1784851561767,0,0,0,122.33
1784851561767,1,0,0,122.68
1784851561901,0,0,0,122.35
1784851561901,1,0,0,122.71
1784851562034,0,0,0,122.35
1784851562034,1,0,0,122.71
1784851562167,0,0,0,122.33
1784851562167,1,0,0,122.70
1784851562299,0,0,0,122.37
1784851562299,1,0,0,122.70
1784851562431,0,0,0,122.37
1784851562431,1,21,10,127.84
1784851562565,0,0,0,122.36
1784851562565,1,0,0,127.67
1784851562698,0,0,0,122.38
1784851562698,1,0,0,127.65
1784851562830,0,0,0,122.36
1784851562830,1,0,0,127.61
1784851562965,0,0,0,122.38
1784851562965,1,0,0,127.52
1784851563098,0,0,0,122.37
1784851563098,1,0,0,127.41
1784851563232,0,0,0,122.36
1784851563232,1,13,4,144.26
1784851563364,0,0,0,122.37
1784851563364,1,2,1,140.44
1784851563496,0,0,0,122.38
1784851563496,1,2,1,139.87
1784851563629,0,0,0,122.37
1784851563629,1,0,0,140.48
1784851563761,0,0,0,122.39
1784851563761,1,0,0,140.26
1784851563894,0,0,0,122.37
1784851563894,1,0,0,140.46
1784851564027,0,0,0,122.39
1784851564027,1,0,0,140.74
1784851564160,0,0,0,122.35
1784851564160,1,0,0,138.43
1784851564292,0,0,0,122.36
1784851564292,1,44,22,129.87
1784851564443,0,0,0,122.35
1784851564443,1,44,22,167.92
1784851564583,0,0,0,122.33
1784851564583,1,41,23,179.85
1784851564715,0,0,0,122.35
1784851564715,1,0,0,180.21
1784851564847,0,0,0,122.35
1784851564847,1,0,0,191.15
1784851564979,0,0,0,122.36
1784851564979,1,20,9,194.29
1784851565110,0,0,0,122.36
1784851565110,1,16,8,206.44
1784851565242,0,0,0,122.36
1784851565242,1,16,8,209.96
1784851565374,0,0,0,122.38
1784851565374,1,14,7,210.25
1784851565507,0,0,0,122.38
1784851565507,1,14,7,190.56
1784851565640,0,0,0,122.37
1784851565640,1,15,8,173.38
1784851565773,0,0,0,122.40
1784851565773,1,9,5,176.95
1784851565907,0,0,0,122.39
1784851565907,1,9,5,172.13
1784851566041,0,0,0,122.39
1784851566041,1,11,6,168.02
1784851566173,0,0,0,122.40
1784851566173,1,9,5,163.85
1784851566306,0,0,0,122.40
1784851566306,1,9,5,158.53
1784851566441,0,0,0,122.39
1784851566441,1,9,4,155.52
1784851566575,0,0,0,122.39
1784851566575,1,8,4,153.81
1784851566709,0,0,0,122.37
1784851566709,1,8,4,148.04
1784851566842,0,0,0,122.37
1784851566842,1,10,5,146.73
1784851566975,0,0,0,122.34
1784851566975,1,8,4,147.27
1784851567108,0,0,0,122.35
1784851567108,1,8,4,155.86
1784851567242,0,0,0,122.34
1784851567242,1,26,10,169.38
1784851567375,0,0,0,122.35
1784851567375,1,22,9,174.48
1784851567508,0,0,0,122.38
1784851567508,1,21,9,183.66
1784851567644,0,0,0,122.37
1784851567644,1,21,9,187.38
1784851567778,0,0,0,122.38
1784851567778,1,17,8,190.63
1784851567911,0,0,0,122.37
1784851567911,1,16,8,194.09
1784851568044,0,0,0,122.37
1784851568044,1,16,8,185.80
1784851568177,0,0,0,122.41
1784851568177,1,16,8,180.01
1784851568312,0,0,0,122.42
1784851568312,1,15,8,168.19
1784851568446,0,0,0,122.42
1784851568446,1,15,8,161.79
1784851568579,0,0,0,122.40
1784851568579,1,0,0,155.24
1784851568712,0,0,0,122.40
1784851568712,1,0,0,145.16
1784851568846,0,0,0,122.40
1784851568846,1,0,0,153.39
1784851568979,0,0,0,122.41
1784851568979,1,0,0,148.45
1784851569112,0,0,0,122.41
1784851569112,1,0,0,142.16
1784851569246,0,0,0,122.41
1784851569246,1,0,0,139.60
1784851569379,0,0,0,122.38
1784851569379,1,0,0,137.79
1784851569512,0,0,0,122.40
1784851569512,1,0,0,136.77
1784851569645,0,0,0,122.40
1784851569645,1,0,0,137.04
1784851569778,0,0,0,122.40
1784851569778,1,0,0,136.81
1784851569910,0,0,0,122.43
1784851569910,1,0,0,124.72
1784851570042,0,0,0,122.41
1784851570042,1,0,0,124.75
1784851570174,0,0,0,122.41
1784851570174,1,0,0,124.76
1784851570307,0,0,0,122.41
1784851570307,1,0,0,124.71
1784851570439,0,0,0,122.40
1784851570439,1,0,0,124.75
1784851570572,0,0,0,122.40
1784851570572,1,0,0,124.75
1784851570704,0,0,0,122.41
1784851570704,1,0,0,124.70
1784851570839,0,0,0,122.39
1784851570839,1,0,0,124.73
1784851570972,0,0,0,122.41
1784851570972,1,0,0,124.74
1784851571105,0,0,0,122.41
1784851571105,1,0,0,124.69
1784851571238,0,0,0,122.37
1784851571238,1,0,0,124.70
1784851571371,0,0,0,122.34
1784851571371,1,0,0,124.68
1784851571505,0,0,0,122.32
1784851571505,1,0,0,124.64
1784851571638,0,0,0,122.34
1784851571638,1,0,0,124.69
1784851571771,0,0,0,122.32
1784851571771,1,0,0,124.64
1784851571904,0,0,0,122.34
1784851571904,1,0,0,124.61
1784851572036,0,0,0,122.32
1784851572036,1,0,0,124.66
1784851572169,0,0,0,122.33
1784851572169,1,0,0,124.62
1784851572302,0,0,0,122.38
1784851572302,1,0,0,124.60
1784851572437,0,0,0,122.36
1784851572437,1,0,0,124.64
1784851572570,0,0,0,122.37
1784851572570,1,0,0,124.58
1784851572704,0,0,0,122.37
1784851572704,1,0,0,124.55
1784851572837,0,0,0,122.34
1784851572837,1,0,0,124.61
1784851572971,0,0,0,122.36
1784851572971,1,0,0,124.55
1784851573105,0,0,0,122.36
1784851573105,1,0,0,124.53
1784851573238,0,0,0,122.36
1784851573238,1,0,0,124.57
1784851573373,0,0,0,122.37
1784851573373,1,0,0,124.53
1784851573505,0,0,0,122.37
1784851573505,1,0,0,124.54
1784851573639,0,0,0,122.37
1784851573639,1,0,0,124.57
1784851573773,0,0,0,122.39
1784851573773,1,0,0,124.56
1784851573906,0,0,0,122.39
1784851573906,1,0,0,124.56
1784851574039,0,0,0,122.41
1784851574039,1,0,0,124.59
1784851574170,0,0,0,122.39
1784851574170,1,0,0,124.54
1784851574303,0,0,0,122.41
1784851574303,1,0,0,124.56
1784851574437,0,0,0,122.41
1784851574437,1,0,0,124.57
1784851574570,0,0,0,122.41
1784851574570,1,0,0,124.54
1784851574705,0,1,2,122.41
1784851574705,1,0,0,124.61
1784851574872,0,0,0,122.99
1784851574872,1,0,0,124.98
1784851575007,0,0,0,123.02
1784851575007,1,4,2,125.05
1784851575140,0,0,0,123.01
1784851575140,1,0,0,125.09
1784851575273,0,0,0,123.03
1784851575273,1,0,0,125.05
1784851575407,0,0,0,123.05
1784851575407,1,0,0,125.04
1784851575541,0,0,0,123.05
1784851575541,1,0,0,125.11
1784851575674,0,0,0,123.08
1784851575674,1,0,0,125.06
1784851575809,0,0,0,122.49
1784851575809,1,0,0,125.00
1784851575941,0,0,0,122.47
1784851575941,1,0,0,124.55
1784851576073,0,0,0,122.47
1784851576073,1,0,0,124.53
1784851576208,0,0,0,122.47
1784851576208,1,7,0,124.65
1784851576352,0,0,0,122.59
1784851576352,1,1,0,124.76
1784851576511,0,0,0,122.58
1784851576511,1,2,0,124.90
1784851576647,0,0,0,125.36
1784851576647,1,2,0,130.01
1784851576783,0,18,13,137.52
1784851576783,1,27,16,138.01
1784851576916,0,0,0,138.28
1784851576916,1,0,0,144.72
1784851577049,0,0,0,138.06
1784851577049,1,0,0,144.39
1784851577184,0,0,0,138.23
1784851577184,1,0,0,144.78
1784851577321,0,33,5,139.52
1784851577321,1,17,3,145.27
1784851577457,0,33,5,122.88
1784851577457,1,17,3,144.90
1784851577592,0,0,0,136.91
1784851577592,1,0,0,144.79
1784851577726,0,0,0,130.28
1784851577726,1,0,0,134.25
1784851577860,0,0,0,124.24
1784851577860,1,0,0,125.36
1784851577996,0,0,0,124.19
1784851577996,1,0,0,125.31
1784851578131,0,0,0,124.21
1784851578131,1,0,0,125.27
1784851578266,0,0,0,123.23
1784851578266,1,0,0,125.01
1784851578401,0,0,0,123.13
1784851578401,1,0,0,124.57
1784851578536,0,0,0,123.12
1784851578536,1,0,0,124.57
1784851578671,0,0,0,123.10
1784851578671,1,0,0,124.59
1784851578805,0,0,0,123.13
1784851578805,1,0,0,124.56
1784851578940,0,0,0,123.12
1784851578940,1,0,0,124.58
1784851579074,0,0,0,123.10
1784851579074,1,0,0,124.59
1784851579227,0,0,0,123.10
1784851579227,1,0,0,124.59
1784851579367,0,0,0,123.14
1784851579367,1,0,0,124.58
1784851579500,0,0,0,123.15
1784851579500,1,0,0,124.59
1784851579633,0,0,0,123.16
1784851579633,1,0,0,124.58
1784851579767,0,0,0,123.14
1784851579767,1,0,0,124.60
1784851579899,0,0,0,123.14
1784851579899,1,0,0,124.60
1784851580032,0,0,0,123.14
1784851580032,1,0,0,124.58
1784851580165,0,0,0,123.12
1784851580165,1,0,0,124.62
1784851580297,0,0,0,123.11
1784851580297,1,0,0,124.60
1784851580430,0,0,0,123.13
1784851580430,1,0,0,124.57
1784851580563,0,0,0,123.14
1784851580563,1,0,0,124.59
1784851580727,0,0,0,123.16
1784851580727,1,0,0,124.56
1784851580861,0,0,0,123.20
1784851580861,1,0,0,124.57
1784851580996,0,0,0,123.19
1784851580996,1,0,0,124.60
1784851581131,0,0,0,123.17
1784851581131,1,0,0,124.53
1784851581265,0,0,0,123.22
1784851581265,1,0,0,124.58
1784851581399,0,0,0,123.20
1784851581399,1,0,0,124.60
1784851581532,0,0,0,123.21
1784851581532,1,0,0,124.54
1784851581667,0,0,0,123.18
1784851581667,1,0,0,124.57
1784851581801,0,0,0,123.17
1784851581801,1,0,0,124.56
1784851581934,0,0,0,123.20
1784851581934,1,0,0,124.54
1784851582067,0,0,0,123.18
1784851582067,1,0,0,124.58
1784851582201,0,0,0,123.21
1784851582201,1,0,0,124.61
1784851582334,0,0,0,123.18
1784851582334,1,0,0,124.56
1784851582468,0,0,0,123.17
1784851582468,1,0,0,124.60
1784851582602,0,0,0,123.18
1784851582602,1,0,0,124.61
1784851582736,0,0,0,123.17
1784851582736,1,0,0,124.60
1784851582871,0,0,0,123.17
1784851582871,1,0,0,124.64
1784851583005,0,0,0,123.18
1784851583005,1,0,0,124.61
1784851583139,0,0,0,123.17
1784851583139,1,0,0,124.59
1784851583273,0,0,0,123.18
1784851583273,1,0,0,124.63
1784851583406,0,0,0,123.17
1784851583406,1,0,0,124.60
1784851583539,0,0,0,123.16
1784851583539,1,0,0,124.60
1784851583673,0,0,0,123.18
1784851583673,1,0,0,124.62
1784851583807,0,0,0,123.19
1784851583807,1,0,0,124.59
1784851583940,0,0,0,123.18
1784851583940,1,0,0,124.60
1784851584075,0,0,0,123.17
1784851584075,1,0,0,126.52
1784851584209,0,0,0,123.17
1784851584209,1,0,0,126.56
1784851584341,0,0,0,123.18
1784851584341,1,0,0,126.58
1784851584474,0,0,0,123.16
1784851584474,1,0,0,126.61
1784851584607,0,0,0,123.16
1784851584607,1,0,0,126.60
1784851584741,0,0,0,123.14
1784851584741,1,20,12,156.31
1784851584878,0,0,0,123.10
1784851584878,1,20,12,197.72
1784851585015,0,0,0,123.11
1784851585015,1,83,50,260.49
1784851585155,0,0,0,123.10
1784851585155,1,70,41,293.24
1784851585293,0,0,0,123.09
1784851585293,1,70,41,341.17
1784851585430,0,0,0,123.10
1784851585430,1,89,44,459.81
1784851585566,0,0,0,123.12
1784851585566,1,100,48,526.35
1784851585704,0,0,0,123.13
1784851585704,1,100,48,548.49
1784851585839,0,0,0,123.13
1784851585839,1,69,40,588.15
1784851585976,0,0,0,123.14
1784851585976,1,91,58,598.59
1784851586113,0,0,0,123.13
1784851586113,1,79,46,624.04
1784851586250,0,0,0,123.10
1784851586250,1,79,46,640.86
1784851586385,0,0,0,123.13
1784851586385,1,99,50,632.98
1784851586525,0,0,0,123.11
1784851586525,1,83,47,613.98
1784851586666,0,0,0,123.13
1784851586666,1,83,47,634.84
1784851586803,0,0,0,123.13
1784851586803,1,97,56,642.17
1784851586939,0,0,0,123.10
1784851586939,1,70,39,635.32
1784851587076,0,0,0,123.16
1784851587076,1,70,39,633.62
1784851587213,0,0,0,123.16
1784851587213,1,94,52,634.08
1784851587349,0,0,0,123.15
1784851587349,1,98,62,632.52
1784851587486,0,0,0,123.17
1784851587486,1,98,62,623.23
1784851587622,0,0,0,123.16
1784851587622,1,92,56,621.94
1784851587758,0,0,0,123.17
1784851587758,1,92,53,630.46
1784851587895,0,0,0,123.16
1784851587895,1,92,53,626.86
1784851588031,0,0,0,123.15
1784851588031,1,100,72,640.77
1784851588167,0,0,0,123.15
1784851588167,1,100,67,630.31
1784851588303,0,0,0,123.14
1784851588303,1,100,67,633.23
1784851588439,0,0,0,123.20
1784851588439,1,100,63,627.77
1784851588575,0,0,0,123.16
1784851588575,1,87,57,614.86
1784851588711,0,0,0,123.20
1784851588711,1,87,57,620.46
1784851588846,0,0,0,123.20
1784851588846,1,99,68,611.76
1784851588984,0,0,0,123.19
1784851588984,1,99,70,605.80
1784851589120,0,0,0,123.19
1784851589120,1,100,71,584.88
1784851589256,0,0,0,123.18
1784851589256,1,100,71,574.42
1784851589392,0,0,0,123.17
1784851589392,1,100,71,562.19
1784851589527,0,0,0,123.16
1784851589527,1,97,65,546.27
1784851589662,0,0,0,123.17
1784851589662,1,97,65,535.82
1784851589799,0,0,0,123.18
1784851589799,1,99,65,531.70
1784851589934,0,0,0,123.21
1784851589934,1,93,60,528.15
1784851590071,0,0,0,123.20
1784851590071,1,93,60,529.29
1784851590206,0,0,0,123.20
1784851590206,1,100,70,529.89
1784851590341,0,0,0,123.18
1784851590341,1,94,59,530.37
1784851590500,0,0,0,123.22
1784851590500,1,94,59,525.81
1784851590636,0,0,0,123.20
1784851590636,1,100,69,528.14
1784851590772,0,0,0,123.17
1784851590772,1,94,56,535.25
1784851590907,0,0,0,123.16
1784851590907,1,94,56,529.34
1784851591042,0,0,0,123.18
1784851591042,1,90,53,546.23
1784851591179,0,0,0,123.19
1784851591179,1,100,67,550.05
1784851591316,0,0,0,123.21
1784851591316,1,95,63,553.35
1784851591453,0,0,0,123.21
1784851591453,1,95,63,558.12
1784851591590,0,0,0,123.18
1784851591590,1,99,67,561.59
1784851591727,0,0,0,123.19
1784851591727,1,99,57,567.06
1784851591864,0,0,0,123.21
1784851591864,1,99,57,566.40
1784851591999,0,0,0,123.17
1784851591999,1,97,60,569.29
1784851592136,0,0,0,123.21
1784851592136,1,92,60,556.65
1784851592273,0,0,0,123.22
1784851592273,1,92,60,552.43
1784851592410,0,0,0,123.19
1784851592410,1,98,68,552.91
1784851592547,0,0,0,123.21
1784851592547,1,99,63,559.11
1784851592682,0,0,0,123.18
1784851592682,1,99,63,553.23
1784851592819,0,0,0,123.17
1784851592819,1,100,67,533.85
1784851592956,0,0,0,123.18
1784851592956,1,97,63,531.56
1784851593092,0,0,0,123.18
1784851593092,1,97,63,524.52
1784851593229,0,0,0,123.17
1784851593229,1,100,67,518.52
1784851593366,0,0,0,123.17
1784851593366,1,100,69,519.78
1784851593503,0,0,0,123.18
1784851593503,1,100,69,507.70
1784851593640,0,0,0,123.16
1784851593640,1,100,70,504.67
1784851593776,0,0,0,123.15
1784851593776,1,100,67,505.17
1784851593912,0,0,0,123.12
1784851593912,1,100,67,513.66
1784851594048,0,0,0,123.12
1784851594048,1,95,56,516.83
1784851594186,0,0,0,123.12
1784851594186,1,100,66,520.07
1784851594321,0,0,0,123.09
1784851594321,1,98,64,533.06
1784851594458,0,0,0,123.10
1784851594458,1,98,64,539.94
1784851594595,0,0,0,123.14
1784851594595,1,98,56,552.33
1784851594733,0,0,0,123.14
1784851594733,1,99,66,559.02
1784851594869,0,0,0,123.23
1784851594869,1,99,66,552.23
1784851595005,0,0,0,123.24
1784851595005,1,98,65,545.23
1784851595142,0,0,0,123.24
1784851595142,1,91,56,553.25
1784851595279,0,0,0,123.28
1784851595279,1,91,56,545.59
1784851595415,0,0,0,123.26
1784851595415,1,94,60,551.04
1784851595553,0,0,0,123.29
1784851595553,1,99,61,555.03
1784851595689,0,0,0,123.28
1784851595689,1,99,61,548.30
1784851595825,0,0,0,123.23
1784851595825,1,95,59,557.92
1784851595960,0,0,0,123.21
1784851595960,1,97,60,555.63
1784851596096,0,0,0,123.20
1784851596096,1,97,60,552.86
1784851596232,0,0,0,123.20
1784851596232,1,100,66,544.65
1784851596370,0,0,0,123.19
1784851596370,1,97,61,540.65
1784851596506,0,0,0,123.14
1784851596506,1,97,61,529.35
1784851596640,0,0,0,123.11
1784851596640,1,99,64,542.66
1784851596777,0,0,0,123.12
1784851596777,1,98,61,536.54
1784851596914,0,0,0,123.14
1784851596914,1,98,61,531.07
1784851597050,0,0,0,123.13
1784851597050,1,95,59,536.84
1784851597187,0,0,0,123.14
1784851597187,1,97,61,548.85
1784851597323,0,0,0,123.15
1784851597323,1,95,58,557.60
1784851597460,0,0,0,123.13
1784851597460,1,95,58,566.19
1784851597598,0,0,0,123.22
1784851597598,1,100,64,551.54
1784851597734,0,0,0,123.22
1784851597734,1,98,61,564.33
1784851597869,0,0,0,123.24
1784851597869,1,98,61,571.18
1784851598005,0,0,0,123.23
1784851598005,1,90,54,573.30
1784851598140,0,0,0,123.20
1784851598140,1,96,58,574.11
1784851598275,0,0,0,123.22
1784851598275,1,96,58,570.60
1784851598410,0,0,0,123.23
1784851598410,1,100,65,573.41
1784851598545,0,0,0,123.21
1784851598545,1,100,67,566.97
1784851598679,0,0,0,123.20
1784851598679,1,100,67,567.13
1784851598815,0,0,0,123.21
1784851598815,1,99,62,553.77
1784851598952,0,0,0,123.21
1784851598952,1,100,65,544.19
1784851599088,0,0,0,123.20
1784851599088,1,100,65,547.80
1784851599225,0,0,0,123.20
1784851599225,1,98,63,547.14
1784851599362,0,0,0,123.21
1784851599362,1,99,63,545.86
1784851599497,0,0,0,123.20
1784851599497,1,99,63,541.53
1784851599634,0,0,0,123.19
1784851599634,1,99,64,526.32
1784851599769,0,0,0,123.19
1784851599769,1,80,47,530.02
1784851599905,0,0,0,123.20
1784851599905,1,80,47,539.50
1784851600041,0,0,0,123.19
1784851600041,1,94,57,548.94
1784851600178,0,0,0,123.19
1784851600178,1,97,55,550.48
1784851600315,0,0,0,123.19
1784851600315,1,97,55,560.56
1784851600452,0,0,0,123.19
1784851600452,1,96,60,574.57
1784851600588,0,0,0,123.22
1784851600588,1,95,53,588.91
1784851600724,0,0,0,123.23
1784851600724,1,96,60,591.38
1784851600861,0,0,0,123.23
1784851600861,1,96,60,599.19
1784851600998,0,0,0,123.24
1784851600998,1,98,54,608.58
1784851601134,0,0,0,123.21
1784851601134,1,98,61,589.41
1784851601270,0,0,0,123.25
1784851601270,1,98,61,580.51
1784851601407,0,0,0,123.25
1784851601407,1,93,58,570.80
1784851601543,0,0,0,123.22
1784851601543,1,96,60,574.42
1784851601679,0,0,0,123.25
1784851601679,1,96,60,575.08
1784851601815,0,0,0,123.23
1784851601815,1,99,64,576.99
1784851601951,0,0,0,123.21
1784851601951,1,97,63,560.14
1784851602087,0,0,0,123.26
1784851602087,1,97,63,562.21
1784851602224,0,0,0,123.23
1784851602224,1,100,69,559.28
1784851602361,0,0,0,123.24
1784851602361,1,98,62,570.98
1784851602498,0,0,0,123.24
1784851602498,1,98,62,560.27
1784851602636,0,0,0,123.22
1784851602636,1,100,68,549.09
1784851602773,0,0,0,123.20
1784851602773,1,100,67,545.41
1784851602910,0,0,0,123.19
1784851602910,1,100,67,546.89
1784851603046,0,0,0,123.22
1784851603046,1,99,63,543.08
1784851603183,0,0,0,123.23
1784851603183,1,100,66,538.02
1784851603319,0,0,0,123.22
1784851603319,1,100,66,542.40
1784851603455,0,0,0,123.23
1784851603455,1,100,64,533.27
1784851603591,0,0,0,123.19
1784851603591,1,96,56,544.96
1784851603727,0,0,0,123.21
1784851603727,1,100,62,549.71
1784851603864,0,0,0,123.20
1784851603864,1,100,62,547.70
1784851604000,0,0,0,123.18
1784851604000,1,100,66,554.51
1784851604135,0,0,0,123.16
1784851604135,1,99,59,568.89
1784851604270,0,0,0,123.16
1784851604270,1,99,59,559.97
1784851604406,0,0,0,123.16
1784851604406,1,100,64,567.74
1784851604542,0,0,0,123.16
1784851604542,1,98,60,565.01
1784851604679,0,0,0,123.18
1784851604679,1,98,60,572.90
1784851604816,0,0,0,123.17
1784851604816,1,99,64,565.19
1784851604952,0,0,0,123.18
1784851604952,1,98,63,552.39
1784851605087,0,0,0,123.19
1784851605087,1,98,63,543.59
1784851605223,0,0,0,123.15
1784851605223,1,97,64,540.03
1784851605360,0,0,0,123.13
1784851605360,1,99,65,536.91
1784851605496,0,0,0,123.18
1784851605496,1,99,65,538.28
1784851605633,0,0,0,123.18
1784851605633,1,99,63,519.75
1784851605769,0,0,0,123.23
1784851605769,1,100,66,514.27
1784851605905,0,0,0,123.24
1784851605905,1,100,66,513.44
1784851606043,0,0,0,123.25
1784851606043,1,100,61,516.19
1784851606179,0,0,0,123.26
1784851606179,1,99,67,509.61
1784851606316,0,0,0,123.29
1784851606316,1,99,67,510.27
1784851606453,0,0,0,123.28
1784851606453,1,90,53,517.99
1784851606589,0,0,0,123.27
1784851606589,1,95,59,516.97
1784851606726,0,0,0,123.26
1784851606726,1,99,64,530.68
1784851606862,0,0,0,123.24
1784851606862,1,99,64,539.67
1784851606998,0,0,0,123.18
1784851606998,1,95,56,556.63
1784851607133,0,0,0,123.19
1784851607133,1,85,48,569.98
1784851607269,0,0,0,123.19
1784851607269,1,85,48,580.73
1784851607405,0,0,0,123.19
1784851607405,1,94,59,579.03
1784851607543,0,0,0,123.20
1784851607543,1,94,61,576.80
1784851607678,0,0,0,123.21
1784851607678,1,94,61,583.47
1784851607814,0,0,0,123.21
1784851607814,1,98,61,584.17
1784851607950,0,0,0,123.21
1784851607950,1,94,58,576.17
1784851608087,0,0,0,123.22
1784851608087,1,94,58,579.64
1784851608223,0,0,0,123.23
1784851608223,1,100,65,564.58
1784851608359,0,0,0,123.21
1784851608359,1,90,50,576.25
1784851608495,0,0,0,123.20
1784851608495,1,90,50,574.71
1784851608631,0,0,0,123.21
1784851608631,1,99,67,577.65
1784851608768,0,0,0,123.15
1784851608768,1,98,62,569.11
1784851608905,0,0,0,123.17
1784851608905,1,98,62,569.50
1784851609041,0,0,0,123.17
1784851609041,1,95,54,560.98
1784851609178,0,0,0,123.17
1784851609178,1,100,67,558.09
1784851609315,0,0,0,123.17
1784851609315,1,100,67,559.86
1784851609453,0,0,0,123.15
1784851609453,1,96,58,557.71
1784851609590,0,0,0,123.08
1784851609590,1,99,64,557.08
1784851609727,0,0,0,123.06
1784851609727,1,99,57,576.19
1784851609864,0,0,0,123.11
1784851609864,1,99,57,576.41
1784851609999,0,0,0,123.09
1784851609999,1,95,59,565.72
1784851610135,0,0,0,123.04
1784851610135,1,98,62,578.56
1784851610271,0,0,0,123.03
1784851610271,1,98,62,586.46
1784851610408,0,0,0,123.03
1784851610408,1,91,54,573.64
1784851610545,0,0,0,123.07
1784851610545,1,100,63,592.00
1784851610683,0,0,0,123.13
1784851610683,1,100,63,570.87
1784851610820,0,0,0,123.12
1784851610820,1,98,61,569.88
1784851610956,0,0,0,123.12
1784851610956,1,96,59,577.02
1784851611093,0,0,0,123.14
1784851611093,1,96,59,580.04
1784851611229,0,0,0,123.16
1784851611229,1,96,54,579.67
1784851611366,0,0,0,123.17
1784851611366,1,93,58,582.59
1784851611502,0,0,0,123.16
1784851611502,1,93,58,580.33
1784851611640,0,0,0,123.15
1784851611640,1,94,60,582.54
1784851611775,0,0,0,123.16
1784851611775,1,97,53,575.73
1784851611911,0,0,0,123.15
1784851611911,1,97,53,571.59
1784851612048,0,0,0,123.13
1784851612048,1,99,61,561.15
1784851612186,0,0,0,123.15
1784851612186,1,100,69,550.96
1784851612325,0,0,0,123.14
1784851612325,1,100,69,551.04
1784851612462,0,0,0,123.17
1784851612462,1,98,61,546.38
1784851612599,0,0,0,123.16
1784851612599,1,100,64,544.77
1784851612734,0,0,0,123.15
1784851612734,1,100,63,530.02
1784851612871,0,0,0,123.14
1784851612871,1,100,63,523.91
1784851613008,0,0,0,123.17
1784851613008,1,100,67,517.74
1784851613145,0,0,0,123.17
1784851613145,1,99,65,512.34
1784851613281,0,0,0,123.14
1784851613281,1,99,65,517.95
1784851613417,0,0,0,123.12
1784851613417,1,95,57,513.89
1784851613554,0,0,0,123.13
1784851613554,1,100,67,507.08
1784851613690,0,0,0,123.13
1784851613690,1,100,67,515.40
1784851613825,0,0,0,123.14
1784851613825,1,99,63,533.47
1784851613961,0,0,0,123.15
1784851613961,1,98,57,542.77
1784851614096,0,0,0,123.09
1784851614096,1,98,57,546.45
1784851614232,0,0,0,123.09
1784851614232,1,100,63,549.50
1784851614370,0,0,0,123.10
1784851614370,1,100,67,548.34
1784851614509,0,0,0,123.10
1784851614509,1,100,67,560.31
1784851614647,0,0,0,123.14
1784851614647,1,94,54,560.46
1784851614784,0,0,0,123.15
1784851614784,1,99,64,550.82
1784851614920,0,0,0,123.12
1784851614920,1,99,64,546.09
1784851615057,0,0,0,123.12
1784851615057,1,95,57,557.05
1784851615193,0,0,0,123.11
1784851615193,1,94,58,561.38
1784851615330,0,0,0,123.11
1784851615330,1,98,64,555.09
1784851615467,0,0,0,123.08
1784851615467,1,98,64,546.34
1784851615605,0,0,0,123.04
1784851615605,1,100,67,537.01
1784851615742,0,0,0,123.05
1784851615742,1,100,66,539.08
1784851615880,0,0,0,123.04
1784851615880,1,100,66,540.58
1784851616017,0,0,0,123.07
1784851616017,1,97,57,536.59
1784851616152,0,0,0,123.06
1784851616152,1,96,55,530.71
1784851616288,0,0,0,123.03
1784851616288,1,96,55,527.41
1784851616425,0,0,0,123.05
1784851616425,1,99,62,531.93
1784851616561,0,0,0,123.06
1784851616561,1,97,61,537.99
1784851616697,0,0,0,123.05
1784851616697,1,97,61,544.42
1784851616835,0,0,0,123.04
1784851616835,1,94,56,549.33
1784851616971,0,0,0,123.01
1784851616971,1,100,63,537.51
1784851617107,0,0,0,123.01
1784851617107,1,100,63,530.84
1784851617242,0,0,0,123.00
1784851617242,1,100,64,539.97
1784851617378,0,0,0,123.03
1784851617378,1,96,59,533.35
1784851617514,0,0,0,123.01
1784851617514,1,96,59,529.27
1784851617650,0,0,0,123.00
1784851617650,1,100,61,527.60
1784851617787,0,0,0,122.99
1784851617787,1,96,61,532.84
1784851617924,0,0,0,123.00
1784851617924,1,96,61,528.09
1784851618060,0,0,0,122.98
1784851618060,1,97,60,557.00
1784851618195,0,0,0,122.93
1784851618195,1,97,62,558.17
1784851618333,0,0,0,122.92
1784851618333,1,95,56,573.21
1784851618469,0,0,0,122.95
1784851618469,1,95,56,580.41
1784851618610,0,0,0,122.96
1784851618610,1,95,57,584.69
1784851618745,0,0,0,122.97
1784851618745,1,93,57,593.73
1784851618881,0,0,0,122.99
1784851618881,1,93,57,592.64
1784851619017,0,0,0,123.02
1784851619017,1,100,63,587.53
1784851619153,0,0,0,123.03
1784851619153,1,91,53,579.37
1784851619290,0,0,0,123.10
1784851619290,1,91,53,570.00
1784851619427,0,0,0,123.11
1784851619427,1,100,66,557.19
1784851619563,0,0,0,123.09
1784851619563,1,89,54,548.79
1784851619701,0,0,0,123.08
1784851619701,1,89,54,536.73
1784851619837,0,0,0,123.06
1784851619837,1,95,60,535.17
1784851619974,0,0,0,123.04
1784851619974,1,99,59,541.82
1784851620111,0,0,0,123.07
1784851620111,1,99,59,539.57
1784851620249,0,0,0,123.04
1784851620249,1,100,65,531.21
1784851620385,0,0,0,123.00
1784851620385,1,96,57,541.99
1784851620523,0,0,0,123.00
1784851620523,1,96,57,542.75
1784851620659,0,0,0,123.00
1784851620659,1,100,66,540.45
1784851620795,0,0,0,123.00
1784851620795,1,97,61,537.73
1784851620933,0,0,0,123.01
1784851620933,1,100,64,526.28
1784851621070,0,0,0,123.02
1784851621070,1,100,64,520.83
1784851621208,0,0,0,123.02
1784851621208,1,100,67,517.83
1784851621344,0,0,0,123.02
1784851621344,1,96,60,508.46
1784851621480,0,0,0,123.03
1784851621480,1,96,60,497.46
1784851621617,0,0,0,123.01
1784851621617,1,99,65,496.10
1784851621754,0,0,0,122.97
1784851621754,1,96,62,508.60
1784851621890,0,0,0,122.97
1784851621890,1,96,62,508.59
1784851622026,0,1,0,123.19
1784851622026,1,98,64,509.89
1784851622163,0,1,0,123.32
1784851622163,1,96,61,511.68
1784851622303,0,28,15,201.66
1784851622303,1,96,61,517.41
1784851622441,0,95,55,263.04
1784851622441,1,95,60,537.68
1784851622578,0,0,0,277.24
1784851622578,1,96,58,550.07
1784851622714,0,0,0,280.44
1784851622714,1,96,58,550.51
1784851622850,0,0,0,280.58
1784851622850,1,96,60,554.22
1784851622991,0,0,0,277.58
1784851622991,1,99,65,550.89
1784851623128,0,0,0,277.55
1784851623128,1,99,65,557.74
1784851623264,0,0,0,262.22
1784851623264,1,100,65,563.18
1784851623400,0,0,0,156.24
1784851623400,1,96,54,566.97
1784851623538,0,0,0,125.34
1784851623538,1,94,58,552.58
1784851623676,0,38,24,201.14
1784851623676,1,94,58,553.78
1784851623816,0,98,60,253.09
1784851623816,1,98,62,548.50
1784851623956,0,98,60,315.72
1784851623956,1,100,68,531.63
1784851624094,0,98,59,429.26
1784851624094,1,100,68,533.45
1784851624234,0,98,59,488.09
1784851624234,1,95,60,525.67
1784851624374,0,87,50,591.11
1784851624374,1,98,63,509.84
1784851624517,0,87,50,647.81
1784851624517,1,98,63,515.52
1784851624656,0,91,50,673.80
1784851624656,1,95,58,513.86
1784851624796,0,98,59,684.14
1784851624796,1,94,57,523.69
1784851624935,0,98,59,679.26
1784851624935,1,96,59,539.36
1784851625075,0,98,59,683.80
1784851625075,1,96,59,548.37
1784851625215,0,98,59,683.10
1784851625215,1,96,57,553.75
1784851625353,0,98,59,673.39
1784851625353,1,97,59,570.38
1784851625491,0,85,48,683.02
1784851625491,1,97,59,566.65
1784851625630,0,91,50,681.22
1784851625630,1,88,52,573.05
1784851625770,0,98,60,668.16
1784851625770,1,92,53,572.07
1784851625909,0,98,60,672.83
1784851625909,1,92,53,574.61
1784851626050,0,98,59,671.80
1784851626050,1,95,58,557.42
1784851626188,0,98,60,671.02
1784851626188,1,98,65,552.51
1784851626327,0,98,60,672.78
1784851626327,1,98,65,544.34
1784851626466,0,87,51,678.68
1784851626466,1,96,57,549.23
1784851626605,0,91,50,679.97
1784851626605,1,100,65,539.53
1784851626745,0,91,50,692.19
1784851626745,1,97,62,538.11
1784851626885,0,98,59,696.79
1784851626885,1,97,62,531.82
1784851627024,0,98,59,696.11
1784851627024,1,98,62,535.90
1784851627164,0,98,59,699.31
1784851627164,1,91,52,551.82
1784851627304,0,98,59,695.60
1784851627304,1,91,52,556.97
1784851627443,0,83,47,689.35
1784851627443,1,99,60,548.44
1784851627582,0,91,48,679.73
1784851627582,1,100,68,551.30
1784851627720,0,91,48,674.86
1784851627720,1,100,68,559.20
1784851627860,0,98,58,673.06
1784851627860,1,95,51,570.22
1784851627999,0,98,58,677.31
1784851627999,1,99,61,566.82
1784851628142,0,98,58,671.49
1784851628142,1,99,62,563.23
1784851628282,0,98,58,680.49
1784851628282,1,99,62,560.22
1784851628422,0,88,51,684.07
1784851628422,1,98,61,557.46
1784851628561,0,88,51,688.93
1784851628561,1,98,61,562.21
1784851628701,0,91,49,689.10
1784851628701,1,98,61,567.97
1784851628840,0,98,60,688.27
1784851628840,1,100,64,548.38
1784851628979,0,98,59,686.19
1784851628979,1,99,65,545.06
1784851629118,0,98,59,683.18
1784851629118,1,99,65,541.90
1784851629256,0,98,59,682.70
1784851629256,1,100,65,531.40
1784851629395,0,88,52,684.21
1784851629395,1,100,68,531.03
1784851629534,0,88,52,679.94
1784851629534,1,95,55,541.62
1784851629672,0,91,49,678.17
1784851629672,1,95,55,534.29
1784851629811,0,98,60,680.32
1784851629811,1,98,60,542.60
1784851629951,0,98,60,683.23
1784851629951,1,100,69,542.50
1784851630090,0,98,59,687.90
1784851630090,1,100,69,557.66
1784851630229,0,98,59,691.02
1784851630229,1,100,63,558.52
1784851630369,0,98,59,689.21
1784851630369,1,100,66,558.42
1784851630513,0,84,49,692.56
1784851630513,1,100,66,557.49
1784851630649,0,50,27,672.98
1784851630649,1,97,63,552.55
1784851630786,0,0,0,565.18
1784851630786,1,98,61,548.01
1784851630924,0,0,0,525.58
1784851630924,1,98,61,552.75
1784851631064,0,98,56,522.72
1784851631064,1,97,59,548.84
1784851631203,0,98,58,519.34
1784851631203,1,100,67,549.73
1784851631342,0,98,58,514.02
1784851631342,1,99,66,542.90
1784851631482,0,98,58,515.22
1784851631482,1,99,66,535.83
1784851631621,0,97,57,532.02
1784851631621,1,97,61,545.44
1784851631761,0,97,57,589.63
1784851631761,1,97,60,546.59
1784851631901,0,95,53,677.68
1784851631901,1,97,60,545.23
1784851632039,0,98,53,678.66
1784851632039,1,97,59,550.99
1784851632179,0,98,59,680.63
1784851632179,1,100,59,549.03
1784851632319,0,98,59,685.92
1784851632319,1,100,59,548.11
1784851632458,0,98,60,680.64
1784851632458,1,100,65,552.72
1784851632597,0,98,58,687.21
1784851632597,1,100,59,547.66
1784851632742,0,98,58,687.99
1784851632742,1,94,56,544.39
1784851632882,0,94,52,683.30
1784851632882,1,94,56,540.41
1784851633021,0,98,51,686.28
1784851633021,1,97,63,545.63
1784851633162,0,98,51,684.91
1784851633162,1,98,61,525.63
1784851633301,0,97,58,680.00
1784851633301,1,98,61,528.14
1784851633442,0,98,57,682.63
1784851633442,1,100,66,530.55
1784851633581,0,98,57,677.92
1784851633581,1,100,59,532.58
1784851633721,0,98,57,676.95
1784851633721,1,100,59,550.01
1784851633861,0,95,54,675.40
1784851633861,1,97,60,571.50
1784851634001,0,98,53,672.82
1784851634001,1,99,53,572.30
1784851634141,0,98,53,672.03
1784851634141,1,100,54,597.69
1784851634280,0,98,60,667.11
1784851634280,1,100,54,599.90
1784851634419,0,98,60,668.19
1784851634419,1,99,58,622.97
1784851634558,0,98,60,668.81
1784851634558,1,96,55,632.88
1784851634697,0,93,59,670.55
1784851634697,1,96,55,636.56
1784851634836,0,95,54,674.37
1784851634836,1,95,57,614.14
1784851634975,0,98,57,675.03
1784851634975,1,99,67,610.93
1784851635115,0,98,57,675.34
1784851635115,1,99,67,600.19
1784851635252,0,98,60,676.09
1784851635252,1,100,68,596.77
1784851635391,0,98,60,675.71
1784851635391,1,96,57,583.31
1784851635531,0,98,60,677.48
1784851635531,1,96,57,586.23
1784851635671,0,91,56,669.72
1784851635671,1,99,60,570.95
1784851635811,0,92,51,670.37
1784851635811,1,95,56,577.09
1784851635951,0,92,51,668.78
1784851635951,1,100,67,574.12
1784851636090,0,97,57,679.92
1784851636090,1,100,67,569.51
1784851636230,0,98,56,683.08
1784851636230,1,85,50,582.62
1784851636369,0,98,56,689.68
1784851636369,1,99,59,595.49
1784851636509,0,98,57,684.13
1784851636509,1,99,59,597.82
1784851636648,0,96,56,683.27
1784851636648,1,96,52,612.76
1784851636788,0,95,52,678.95
1784851636788,1,98,64,608.24
1784851636927,0,95,52,678.87
1784851636927,1,98,64,607.79
1784851637067,0,98,55,682.68
1784851637067,1,94,61,604.20
1784851637206,0,98,58,672.44
1784851637206,1,96,63,599.88
1784851637347,0,98,58,673.80
1784851637347,1,98,64,578.72
1784851637487,0,98,58,670.48
1784851637487,1,98,64,566.02
1784851637625,0,94,56,671.62
1784851637625,1,97,61,559.61
1784851637765,0,94,56,682.49
1784851637765,1,98,61,547.21
1784851637903,0,95,54,686.83
1784851637903,1,98,61,545.68
1784851638044,0,98,57,681.37
1784851638044,1,99,65,539.76
1784851638184,0,98,60,680.61
1784851638184,1,100,65,535.85
1784851638323,0,98,60,672.83
1784851638323,1,100,65,541.41
1784851638462,0,98,60,674.34
1784851638462,1,99,59,573.37
1784851638601,0,90,57,671.23
1784851638601,1,100,57,568.22
1784851638741,0,90,57,668.59
1784851638741,1,97,61,579.77
1784851638880,0,95,52,663.53
1784851638880,1,97,61,587.70
1784851639022,0,98,58,669.26
1784851639022,1,99,63,600.53
1784851639161,0,98,58,670.78
1784851639161,1,100,68,598.81
1784851639301,0,98,58,677.55
1784851639301,1,100,68,596.25
1784851639441,0,98,58,672.31
1784851639441,1,97,63,561.59
1784851639581,0,90,54,684.63
1784851639581,1,99,65,557.40
1784851639719,0,90,54,689.54
1784851639719,1,99,65,552.60
1784851639859,0,95,54,694.91
1784851639859,1,97,63,535.35
1784851639999,0,98,58,686.58
1784851639999,1,100,66,524.66
1784851640139,0,98,58,691.38
1784851640139,1,100,67,516.60
1784851640280,0,98,58,693.09
1784851640280,1,100,67,508.72
1784851640420,0,98,58,697.94
1784851640420,1,100,63,507.44
1784851640559,0,98,58,699.28
1784851640559,1,99,63,516.66
1784851640699,0,91,54,688.41
1784851640699,1,99,63,517.68
1784851640838,0,95,52,686.77
1784851640838,1,100,66,521.30
1784851640977,0,98,57,689.61
1784851640977,1,99,65,531.83
1784851641115,0,98,57,684.26
1784851641115,1,99,65,544.68
1784851641254,0,97,57,682.05
1784851641254,1,100,61,555.82
1784851641391,0,98,58,683.40
1784851641391,1,100,65,566.43
1784851641532,0,98,58,681.81
1784851641532,1,100,65,565.30
1784851641672,0,90,54,683.93
1784851641672,1,100,63,561.50
1784851641816,0,92,52,684.45
1784851641816,1,100,64,571.14
1784851641954,0,92,52,684.74
1784851641954,1,99,63,562.80
1784851642093,0,98,60,688.53
1784851642093,1,99,63,555.35
1784851642233,0,98,60,690.83
1784851642233,1,97,58,559.27
1784851642373,0,98,60,685.84
1784851642373,1,97,60,567.19
1784851642513,0,98,60,690.96
1784851642513,1,97,60,568.60
1784851642652,0,90,55,689.19
1784851642652,1,98,62,576.33
1784851642792,0,95,52,691.14
1784851642792,1,99,58,578.99
1784851642932,0,95,52,683.63
1784851642932,1,99,58,582.45
1784851643070,0,97,58,677.13
1784851643070,1,100,63,580.72
1784851643209,0,98,58,675.79
1784851643209,1,97,60,583.80
1784851643351,0,98,58,676.03
1784851643351,1,96,60,585.00
1784851643492,0,98,59,664.20
1784851643492,1,96,60,575.65
1784851643631,0,90,54,661.28
1784851643631,1,100,67,572.59
1784851643770,0,90,54,659.05
1784851643770,1,100,57,587.79
1784851643908,0,95,52,662.72
1784851643908,1,100,57,599.72
1784851644047,0,98,58,672.22
1784851644047,1,100,60,596.71
1784851644186,0,98,58,669.40
1784851644186,1,100,66,587.85
1784851644326,0,98,58,672.44
1784851644326,1,100,66,592.42
1784851644466,0,98,58,669.38
1784851644466,1,100,67,588.29
1784851644606,0,90,53,679.57
1784851644606,1,97,62,584.08
1784851644745,0,90,53,678.43
1784851644745,1,100,63,557.30
1784851644884,0,95,52,680.72
1784851644884,1,100,63,548.53
1784851645024,0,98,57,682.21
1784851645024,1,94,60,554.18
1784851645163,0,98,57,683.83
1784851645163,1,94,60,562.19
1784851645302,0,98,56,685.75
1784851645302,1,94,60,558.45
1784851645442,0,98,56,690.95
1784851645442,1,93,61,556.86
1784851645583,0,90,54,693.04
1784851645583,1,97,59,569.68
1784851645724,0,90,54,697.32
1784851645724,1,97,59,579.06
1784851645863,0,95,52,697.72
1784851645863,1,99,62,570.85
1784851646002,0,98,58,706.91
1784851646002,1,97,61,580.19
1784851646141,0,98,58,708.57
1784851646141,1,97,54,587.76
1784851646281,0,97,58,708.14
1784851646281,1,97,54,589.34
1784851646421,0,98,57,705.73
1784851646421,1,98,61,596.01
1784851646560,0,98,57,703.10
1784851646560,1,100,69,584.12
1784851646709,0,89,53,696.45
1784851646709,1,100,69,574.33
1784851646849,0,94,53,690.36
1784851646849,1,99,67,571.43
1784851646987,0,98,61,678.56
1784851646987,1,96,62,553.55
1784851647127,0,98,61,671.38
1784851647127,1,96,62,546.77
1784851647267,0,97,60,668.18
1784851647267,1,94,65,533.79
1784851647406,0,97,61,658.39
1784851647406,1,100,68,513.02
1784851647545,0,97,61,658.75
1784851647545,1,99,64,508.96
1784851647684,0,88,54,656.89
1784851647684,1,99,64,506.32
1784851647823,0,94,53,662.72
1784851647823,1,100,66,505.37
1784851647963,0,94,53,655.05
1784851647963,1,100,69,498.45
1784851648103,0,97,60,655.11
1784851648103,1,100,69,499.82
1784851648242,0,97,61,653.51
1784851648242,1,99,63,491.80
1784851648383,0,98,61,653.18
1784851648383,1,100,68,501.86
1784851648524,0,98,61,654.56
1784851648524,1,100,68,499.84
1784851648664,0,83,51,655.76
1784851648664,1,99,65,510.83
1784851648803,0,94,49,654.92
1784851648803,1,95,57,509.72
1784851648970,0,94,49,634.28
1784851648970,1,98,62,522.68
1784851649110,0,98,58,640.70
1784851649110,1,98,62,514.54
1784851649248,0,98,60,649.45
1784851649248,1,100,68,519.26
1784851649387,0,98,61,657.27
1784851649387,1,100,69,513.99
1784851649527,0,98,61,659.20
1784851649527,1,100,69,518.26
1784851649666,0,98,60,667.81
1784851649666,1,100,67,523.85
1784851649806,0,94,52,665.44
1784851649806,1,100,58,518.32
1784851649943,0,94,52,689.65
1784851649943,1,100,68,512.15
1784851650083,0,98,51,689.90
1784851650083,1,100,68,509.53
1784851650221,0,98,58,685.93
1784851650221,1,100,70,510.07
1784851650359,0,98,58,685.99
1784851650359,1,96,63,512.75
1784851650515,0,98,57,690.66
1784851650515,1,96,63,504.42
1784851650655,0,98,58,685.66
1784851650655,1,100,68,485.01
1784851650794,0,94,52,688.41
1784851650794,1,100,68,485.08
1784851650932,0,94,52,696.56
1784851650932,1,100,68,486.35
1784851651072,0,98,53,696.34
1784851651072,1,100,69,495.52
1784851651213,0,98,57,698.01
1784851651213,1,86,51,501.15
1784851651352,0,98,57,692.98
1784851651352,1,100,68,501.52
1784851651491,0,97,58,692.10
1784851651491,1,100,68,504.56
1784851651631,0,98,57,696.88
1784851651631,1,99,66,505.57
1784851651772,0,98,57,694.27
1784851651772,1,96,64,512.40
1784851651912,0,94,53,690.20
1784851651912,1,96,64,513.08
1784851652049,0,92,50,684.51
1784851652049,1,98,66,499.86
1784851652193,0,98,60,683.10
1784851652193,1,98,65,497.39
1784851652333,0,98,60,689.63
1784851652333,1,98,65,501.33
1784851652472,0,97,60,691.55
1784851652472,1,100,65,520.92
1784851652611,0,98,59,689.52
1784851652611,1,96,52,533.94
1784851652753,0,98,59,691.46
1784851652753,1,99,67,531.73
1784851652893,0,94,52,683.62
1784851652893,1,99,67,536.24
1784851653032,0,93,49,684.20
1784851653032,1,99,63,536.91
1784851653171,0,93,49,687.35
1784851653171,1,100,68,529.78
1784851653311,0,98,57,686.32
1784851653311,1,100,68,528.53
1784851653449,0,98,58,681.63
1784851653449,1,100,66,517.94
1784851653589,0,93,54,675.64
1784851653589,1,99,66,507.95
1784851653728,0,93,54,669.30
1784851653728,1,99,66,521.14
1784851653866,0,94,52,670.41
1784851653866,1,97,60,512.58
1784851654005,0,92,49,678.09
1784851654005,1,100,68,516.02
1784851654145,0,92,49,677.32
1784851654145,1,100,67,519.23
1784851654284,0,98,58,663.63
1784851654284,1,100,67,530.85
1784851654422,0,98,59,664.90
1784851654422,1,98,56,538.38
1784851654566,0,98,59,661.22
1784851654566,1,100,66,536.16
1784851654703,0,97,58,669.04
1784851654703,1,100,66,533.13
1784851654840,0,94,52,669.18
1784851654840,1,100,67,534.50
1784851654979,0,94,52,662.14
1784851654979,1,95,56,548.60
1784851655118,0,92,54,677.30
1784851655118,1,95,56,550.24
1784851655255,0,98,59,685.49
1784851655255,1,100,66,533.45
1784851655392,0,97,58,684.55
1784851655392,1,100,66,532.45
1784851655531,0,97,58,691.76
1784851655531,1,100,66,521.14
1784851655671,0,98,58,688.89
1784851655671,1,100,70,512.95
1784851655809,0,94,54,689.06
1784851655809,1,100,69,515.09
1784851655947,0,94,54,689.21
1784851655947,1,100,63,511.74
1784851656086,0,92,49,687.23
1784851656086,1,100,63,509.07
1784851656226,0,98,61,682.96
1784851656226,1,99,62,507.05
1784851656365,0,98,61,688.61
1784851656365,1,100,67,504.50
1784851656504,0,98,60,684.34
1784851656504,1,100,67,507.86
1784851656644,0,97,60,686.93
1784851656644,1,100,68,515.21
1784851656782,0,97,60,690.52
1784851656782,1,100,69,515.84
1784851656921,0,94,55,692.72
1784851656921,1,100,69,519.73
1784851657059,0,92,48,692.41
1784851657059,1,100,62,517.46
1784851657198,0,98,61,695.20
1784851657198,1,97,65,522.89
1784851657336,0,98,61,691.20
1784851657336,1,97,65,533.87
1784851657475,0,98,60,693.03
1784851657475,1,100,65,542.38
1784851657619,0,98,61,692.74
1784851657619,1,98,62,537.24
1784851657759,0,98,61,691.08
1784851657759,1,100,69,545.43
1784851657899,0,94,52,686.01
1784851657899,1,100,69,543.01
1784851658038,0,92,46,681.70
1784851658038,1,91,57,549.82
1784851658177,0,92,46,683.40
1784851658177,1,99,55,569.48
1784851658315,0,98,58,682.10
1784851658315,1,99,55,585.43
1784851658453,0,98,58,683.48
1784851658453,1,99,54,604.57
1784851658602,0,98,58,686.15
1784851658602,1,92,55,608.28
1784851658742,0,98,58,686.61
1784851658742,1,92,55,620.87
1784851658882,0,94,52,690.60
1784851658882,1,100,61,622.00
1784851659020,0,92,46,695.98
1784851659020,1,100,68,616.48
1784851659160,0,92,46,695.09
1784851659160,1,100,66,606.49
1784851659299,0,98,59,696.23
1784851659299,1,100,66,599.23
1784851659439,0,98,58,697.22
1784851659439,1,97,65,584.09
1784851659579,0,98,58,694.56
1784851659579,1,100,58,601.39
1784851659720,0,98,59,693.60
1784851659720,1,100,58,594.41
1784851659859,0,94,52,687.21
1784851659859,1,92,50,604.37
1784851660000,0,92,46,677.88
1784851660000,1,94,62,610.82
1784851660140,0,92,46,672.77
1784851660140,1,94,62,625.57
1784851660280,0,98,58,675.93
1784851660280,1,100,59,629.53
1784851660418,0,98,58,669.38
1784851660418,1,99,60,626.30
1784851660558,0,98,58,671.68
1784851660558,1,96,62,606.19
1784851660697,0,98,59,671.80
1784851660697,1,96,62,603.51
1784851660836,0,94,55,673.41
1784851660836,1,94,60,592.15
1784851660975,0,94,55,674.48
1784851660975,1,100,60,593.44
1784851661113,0,92,48,674.45
1784851661113,1,100,60,572.33
1784851661252,0,98,61,673.96
1784851661252,1,100,68,543.94
1784851661392,0,97,62,676.19
1784851661392,1,100,66,542.91
1784851661532,0,97,62,671.74
1784851661532,1,100,66,543.72
1784851661671,0,97,61,670.41
1784851661671,1,100,63,528.22
1784851661819,0,88,49,670.77
1784851661819,1,100,66,528.39
1784851661957,0,88,49,629.49
1784851661957,1,100,63,522.09
1784851662094,0,0,0,539.95
1784851662094,1,100,63,526.13
1784851662232,0,43,24,521.20
1784851662232,1,98,54,534.88
1784851662370,0,43,24,513.85
1784851662370,1,100,53,569.03
1784851662508,0,97,57,516.83
1784851662508,1,100,53,574.43
1784851662645,0,98,58,518.66
1784851662645,1,98,62,577.90
1784851662783,0,98,58,526.10
1784851662783,1,100,67,580.52
1784851662923,0,98,57,568.84
1784851662923,1,100,67,585.24
1784851663060,0,89,54,611.30
1784851663060,1,91,54,594.09
1784851663199,0,94,53,691.58
1784851663199,1,94,54,601.88
1784851663336,0,94,53,686.18
1784851663336,1,94,54,582.70
1784851663475,0,98,60,680.00
1784851663475,1,99,62,574.61
1784851663624,0,98,61,673.46
1784851663624,1,95,59,575.88
1784851663763,0,98,61,672.97
1784851663763,1,99,60,579.97
1784851663903,0,98,60,663.89
1784851663903,1,99,60,584.03
1784851664044,0,89,54,661.24
1784851664044,1,99,64,573.55
1784851664183,0,89,54,664.65
1784851664183,1,99,63,559.84
1784851664321,0,94,53,670.36
1784851664321,1,99,63,555.72
1784851664460,0,98,60,675.94
1784851664460,1,93,58,557.74
1784851664600,0,98,60,675.75
1784851664600,1,100,59,565.33
1784851664739,0,98,60,672.92
1784851664739,1,100,59,566.27
1784851664879,0,98,60,672.97
1784851664879,1,99,62,549.96
1784851665018,0,88,54,675.65
1784851665018,1,100,67,560.45
1784851665157,0,88,54,677.42
1784851665157,1,98,60,558.26
1784851665296,0,95,52,669.85
1784851665296,1,98,60,558.66
1784851665435,0,92,55,668.06
1784851665435,1,100,65,557.71
1784851665574,0,92,55,674.09
1784851665574,1,96,61,536.35
1784851665714,0,98,59,679.20
1784851665714,1,96,61,528.01
1784851665854,0,97,59,680.39
1784851665854,1,95,59,526.53
1784851665994,0,89,53,680.96
1784851665994,1,92,55,519.53
1784851666133,0,89,53,676.83
1784851666133,1,92,55,520.79
1784851666272,0,94,53,674.61
1784851666272,1,96,59,542.66
1784851666413,0,98,59,682.38
1784851666413,1,97,54,558.93
1784851666553,0,98,59,678.26
1784851666553,1,98,62,559.88
1784851666693,0,98,59,678.17
1784851666693,1,98,62,572.01
1784851666832,0,97,60,675.90
1784851666832,1,99,61,575.63
1784851666970,0,97,60,679.92
1784851666970,1,100,61,590.97
1784851667109,0,89,53,687.95
1784851667109,1,100,61,607.74
1784851667248,0,94,51,688.03
1784851667248,1,100,59,608.72
1784851667388,0,98,58,676.11
1784851667388,1,96,59,581.86
1784851667528,0,98,58,677.30
1784851667528,1,96,59,585.10
1784851667668,0,98,58,673.13
1784851667668,1,95,58,597.65
1784851667808,0,98,58,668.72
1784851667808,1,97,57,594.80
1784851667949,0,98,58,667.12
1784851667949,1,97,57,599.98
1784851668087,0,89,53,659.58
1784851668087,1,97,55,590.37
1784851668226,0,95,52,657.26
1784851668226,1,99,62,598.27
1784851668363,0,95,52,660.27
1784851668363,1,96,62,602.94
1784851668501,0,98,58,675.12
1784851668501,1,96,62,614.66
1784851668641,0,98,58,671.03
1784851668641,1,97,54,614.29
1784851668781,0,98,58,677.57
1784851668781,1,100,66,614.92
1784851668922,0,98,58,677.39
1784851668922,1,100,66,610.73
1784851669061,0,89,52,678.49
1784851669061,1,100,69,613.35
1784851669201,0,95,51,686.70
1784851669201,1,99,65,603.74
1784851669339,0,95,51,699.36
1784851669339,1,99,65,603.35
1784851669478,0,98,57,700.63
1784851669478,1,100,66,583.69
1784851669617,0,98,58,701.11
1784851669617,1,99,65,571.90
1784851669758,0,98,58,705.33
1784851669758,1,99,64,555.55
1784851669896,0,98,57,702.31
1784851669896,1,99,64,551.13
1784851670034,0,89,52,701.42
1784851670034,1,100,65,549.71
1784851670173,0,89,52,699.61
1784851670173,1,100,65,539.17
1784851670311,0,95,51,688.52
1784851670311,1,100,65,532.75
1784851670449,0,98,58,686.36
1784851670449,1,100,68,521.45
1784851670590,0,98,58,680.80
1784851670590,1,100,67,513.40
1784851670730,0,98,58,680.14
1784851670730,1,100,67,512.80
1784851670868,0,98,58,675.41
1784851670868,1,100,64,518.83
1784851671007,0,89,52,679.23
1784851671007,1,100,66,512.86
1784851671146,0,89,52,682.05
1784851671146,1,100,66,516.77
1784851671286,0,95,53,682.05
1784851671286,1,100,61,528.89
1784851671424,0,98,60,681.05
1784851671424,1,100,65,546.17
1784851671563,0,98,60,686.19
1784851671563,1,100,61,558.15
1784851671701,0,98,60,685.60
1784851671701,1,100,61,566.86
1784851671841,0,97,60,690.72
1784851671841,1,98,61,563.06
1784851671982,0,97,60,688.51
1784851671982,1,91,59,566.73
1784851672121,0,88,53,691.25
1784851672121,1,91,59,562.74
1784851672261,0,93,52,680.24
1784851672261,1,96,61,544.34
1784851672400,0,98,59,686.26
1784851672400,1,100,64,546.71
1784851672538,0,98,59,686.39
1784851672538,1,100,64,533.61
1784851672676,0,98,59,684.25
1784851672676,1,97,60,532.25
1784851672816,0,98,59,688.51
1784851672816,1,99,64,525.73
1784851672955,0,98,59,689.00
1784851672955,1,98,62,522.06
1784851673094,0,88,52,684.16
1784851673094,1,98,62,524.20
1784851673232,0,96,50,686.90
1784851673232,1,98,63,527.75
1784851673372,0,96,50,684.54
1784851673372,1,88,55,526.44
1784851673512,0,98,58,683.91
1784851673512,1,88,55,523.60
1784851673652,0,98,58,686.50
1784851673652,1,100,67,509.54
1784851673791,0,97,57,682.94
1784851673791,1,100,67,522.88
1784851673931,0,97,57,686.40
1784851673931,1,100,67,530.93
1784851674072,0,89,52,688.59
1784851674072,1,92,50,564.10
1784851674211,0,96,49,677.72
1784851674211,1,99,55,571.45
1784851674349,0,96,49,686.46
1784851674349,1,99,55,588.39
1784851674488,0,98,57,687.89
1784851674488,1,96,55,602.21
1784851674627,0,97,56,683.02
1784851674627,1,99,59,606.77
1784851674767,0,97,56,687.04
1784851674767,1,99,57,616.40
1784851674907,0,98,57,683.89
1784851674907,1,99,57,612.06
1784851675046,0,89,53,683.04
1784851675046,1,88,52,603.53
1784851675186,0,89,53,685.26
1784851675186,1,100,65,580.87
1784851675326,0,95,53,682.46
1784851675326,1,100,65,571.50
1784851675466,0,97,59,680.93
1784851675466,1,99,66,553.25
1784851675607,0,98,58,689.27
1784851675607,1,100,67,550.32
1784851675747,0,98,58,687.03
1784851675747,1,100,67,541.46
1784851675886,0,98,59,683.65
1784851675886,1,98,63,534.99
1784851676024,0,90,53,679.30
1784851676024,1,100,69,528.80
1784851676163,0,90,53,675.65
1784851676163,1,100,66,525.53
1784851676303,0,94,51,680.73
1784851676303,1,100,66,520.74
1784851676443,0,98,57,684.30
1784851676443,1,100,65,520.06
1784851676582,0,98,57,683.41
1784851676582,1,100,57,533.79
1784851676721,0,98,58,675.78
1784851676721,1,100,57,533.76
1784851676861,0,98,57,679.79
1784851676861,1,99,63,529.68
1784851677001,0,89,53,684.91
1784851677001,1,98,60,529.73
1784851677140,0,89,53,691.00
1784851677140,1,98,60,523.52
1784851677280,0,95,52,695.41
1784851677280,1,100,66,533.18
1784851677421,0,97,58,681.00
1784851677421,1,100,65,535.35
1784851677560,0,97,58,673.59
1784851677560,1,100,63,531.94
1784851677700,0,98,59,668.42
1784851677700,1,100,63,535.32
1784851677839,0,98,59,659.44
1784851677839,1,100,63,542.39
1784851677978,0,98,59,657.03
1784851677978,1,100,61,552.96
1784851678117,0,89,54,651.26
1784851678117,1,100,61,563.49
1784851678257,0,94,53,649.34
1784851678257,1,100,65,573.11
1784851678397,0,98,59,660.10
1784851678397,1,100,63,570.64
1784851678537,0,98,59,665.10
1784851678537,1,100,63,572.50
1784851678675,0,98,59,674.41
1784851678675,1,95,59,577.99
1784851678815,0,98,59,681.78
1784851678815,1,99,64,577.24
1784851678955,0,98,59,685.01
1784851678955,1,99,64,572.85
1784851679094,0,89,53,685.66
1784851679094,1,97,56,561.16
1784851679234,0,94,53,683.49
1784851679234,1,100,67,566.66
1784851679373,0,94,53,682.16
1784851679373,1,93,54,561.42
1784851679522,0,98,59,677.90
1784851679522,1,93,54,573.22
1784851679661,0,98,59,676.29
1784851679661,1,100,53,571.93
1784851679800,0,98,60,675.30
1784851679800,1,100,61,573.50
1784851679940,0,98,60,676.88
1784851679940,1,100,61,563.06
1784851680079,0,89,53,680.31
1784851680079,1,100,68,585.60
1784851680218,0,95,52,679.81
1784851680218,1,96,64,586.80
1784851680356,0,95,52,677.34
1784851680356,1,99,55,591.93
1784851680511,0,98,59,686.28
1784851680511,1,99,55,587.39
1784851680650,0,98,58,682.76
1784851680650,1,98,59,581.70
1784851680789,0,98,58,688.07
1784851680789,1,99,64,568.67
1784851680929,0,98,59,682.03
1784851680929,1,99,64,575.66
1784851681069,0,89,53,679.98
1784851681069,1,99,64,551.07
1784851681208,0,95,51,682.68
1784851681208,1,100,67,549.98
1784851681346,0,95,51,686.50
1784851681346,1,100,67,533.38
1784851681485,0,98,58,691.11
1784851681485,1,96,60,507.15
1784851681625,0,98,58,684.99
1784851681625,1,100,67,500.40
1784851681764,0,98,58,685.62
1784851681764,1,100,69,492.98
1784851681903,0,98,57,682.78
1784851681903,1,100,69,485.56
1784851682040,0,88,52,683.01
1784851682040,1,100,69,474.33
1784851682180,0,88,52,682.00
1784851682180,1,100,68,463.91
1784851682317,0,95,52,691.09
1784851682317,1,100,68,457.52
1784851682456,0,98,59,693.78
1784851682456,1,100,69,456.99
1784851682596,0,98,59,697.30
1784851682596,1,99,68,458.24
1784851682735,0,97,59,697.64
1784851682735,1,99,68,459.76
1784851682875,0,98,58,696.73
1784851682875,1,100,69,491.47
1784851683018,0,88,52,699.55
1784851683018,1,100,55,495.58
1784851683158,0,88,52,697.01
1784851683158,1,100,55,503.00
1784851683297,0,95,51,682.64
1784851683297,1,100,64,517.91
1784851683435,0,98,58,679.80
1784851683435,1,98,60,529.42
1784851683575,0,98,58,675.69
1784851683575,1,100,63,550.01
1784851683715,0,98,58,668.69
1784851683715,1,100,63,552.63
1784851683855,0,98,58,663.30
1784851683855,1,100,65,552.26
1784851683994,0,98,58,662.61
1784851683994,1,96,61,549.41
1784851684132,0,89,53,660.91
1784851684132,1,96,61,557.10
1784851684272,0,95,51,658.81
1784851684272,1,99,58,560.96
1784851684410,0,98,60,665.72
1784851684410,1,100,67,558.32
1784851684557,0,98,60,667.11
1784851684557,1,100,67,556.24
1784851684697,0,98,60,668.47
1784851684697,1,99,62,554.78
1784851684837,0,97,60,674.16
1784851684837,1,100,67,550.71
1784851684987,0,97,60,677.56
1784851684987,1,100,56,558.64
1784851685126,0,88,52,677.92
1784851685126,1,100,56,556.25
1784851685266,0,95,51,671.38
1784851685266,1,97,59,550.87
1784851685405,0,98,59,672.33
1784851685405,1,100,63,547.05
1784851685544,0,98,59,673.00
1784851685544,1,100,63,549.70
1784851685684,0,97,59,667.85
1784851685684,1,95,58,546.98
1784851685823,0,98,59,668.73
1784851685823,1,99,63,550.18
1784851685963,0,98,59,665.28
1784851685963,1,100,68,533.63
1784851686102,0,88,51,672.55
1784851686102,1,100,68,529.47
1784851686242,0,90,50,668.49
1784851686242,1,100,68,534.52
1784851686380,0,90,50,677.77
1784851686380,1,96,63,525.27
1784851686520,0,98,59,675.55
1784851686520,1,96,63,524.32
1784851686658,0,98,58,681.21
1784851686658,1,97,64,522.90
1784851686798,0,97,58,684.94
1784851686798,1,99,62,526.76
1784851686939,0,97,58,686.84
1784851686939,1,99,62,542.61
1784851687080,0,87,51,691.61
1784851687080,1,93,52,551.92
1784851687218,0,90,50,687.82
1784851687218,1,98,59,562.38
1784851687358,0,90,50,687.63
1784851687358,1,98,59,580.10
1784851687499,0,98,60,689.72
1784851687499,1,100,56,587.78
1784851687640,0,98,60,683.49
1784851687640,1,99,59,593.48
1784851687780,0,98,60,683.97
1784851687780,1,100,64,601.40
1784851687919,0,98,60,669.78
1784851687919,1,100,64,606.07
1784851688058,0,80,47,671.67
1784851688058,1,100,59,600.58
1784851688197,0,80,47,669.21
1784851688197,1,100,66,594.51
1784851688336,0,91,50,667.39
1784851688336,1,100,66,575.92
1784851688475,0,98,60,665.49
1784851688475,1,100,69,567.02
1784851688615,0,98,60,664.35
1784851688615,1,99,62,578.77
1784851688757,0,98,60,661.42
1784851688757,1,99,62,569.61
1784851688896,0,97,60,658.51
1784851688896,1,99,64,542.03
1784851689034,0,62,58,620.39
1784851689034,1,100,68,548.86
1784851689174,0,62,58,587.63
1784851689174,1,87,49,524.04
1784851689310,0,29,17,506.45
1784851689310,1,87,49,500.11
1784851689443,0,0,0,457.56
1784851689443,1,45,31,463.81
1784851689575,0,0,0,404.04
1784851689575,1,0,0,367.73
1784851689708,0,0,0,289.51
1784851689708,1,0,0,331.23
1784851689844,0,79,12,237.49
1784851689844,1,7,1,332.97
1784851689981,0,79,12,186.57
1784851689981,1,100,63,314.14
1784851690116,0,0,0,152.68
1784851690116,1,100,63,277.36
1784851690252,0,0,0,142.33
1784851690252,1,100,66,323.77
1784851690387,0,0,0,136.43
1784851690387,1,97,46,421.22
1784851690521,0,0,0,135.51
1784851690521,1,97,46,479.22
1784851690656,0,0,0,135.14
1784851690656,1,100,47,538.32
1784851690790,0,0,0,134.15
1784851690790,1,100,47,613.52
1784851690926,0,0,0,132.01
1784851690926,1,100,47,622.64
1784851691063,0,0,0,131.85
1784851691063,1,96,59,635.90
1784851691200,0,0,0,131.48
1784851691200,1,98,61,644.79
1784851691338,0,0,0,131.35
1784851691338,1,98,61,625.16
1784851691474,0,0,0,131.20
1784851691474,1,98,61,589.51
1784851691612,0,0,0,130.91
1784851691612,1,92,55,573.98
1784851691749,0,0,0,130.67
1784851691749,1,92,55,552.88
1784851691886,0,0,0,130.52
1784851691886,1,99,65,537.53
1784851692024,0,0,0,130.14
1784851692024,1,100,68,532.71
1784851692161,0,0,0,130.00
1784851692161,1,100,68,528.04
1784851692296,0,0,0,129.84
1784851692296,1,100,65,517.68
1784851692433,0,0,0,129.57
1784851692433,1,100,65,517.41
1784851692567,0,0,0,129.38
1784851692567,1,100,65,503.30
1784851692704,0,0,0,129.19
1784851692704,1,100,65,508.00
1784851692839,0,0,0,129.06
1784851692839,1,98,59,505.81
1784851692977,0,0,0,129.03
1784851692977,1,99,60,512.36
1784851693113,0,0,0,128.83
1784851693113,1,99,60,508.38
1784851693250,0,0,0,128.78
1784851693250,1,97,64,516.57
1784851693391,0,0,0,147.77
1784851693391,1,92,54,531.20
1784851693529,0,87,50,260.22
1784851693529,1,92,54,540.49
1784851693667,0,92,51,312.47
1784851693667,1,100,62,538.57
1784851693807,0,98,60,414.88
1784851693807,1,97,63,551.77
1784851693949,0,98,60,477.08
1784851693949,1,97,63,549.37
1784851694087,0,98,60,531.91
1784851694087,1,100,65,581.14
1784851694228,0,98,60,642.40
1784851694228,1,99,55,585.80
1784851694368,0,98,60,676.06
1784851694368,1,100,57,589.98
1784851694508,0,94,54,685.26
1784851694508,1,100,57,586.25
1784851694648,0,92,49,682.27
1784851694648,1,100,61,578.29
1784851694788,0,92,49,685.30
1784851694788,1,97,60,584.49
1784851694928,0,98,60,690.48
1784851694928,1,97,60,592.20
1784851695066,0,98,59,694.99
1784851695066,1,97,58,574.22
1784851695206,0,97,59,697.70
1784851695206,1,99,61,575.14
1784851695346,0,97,59,695.16
1784851695346,1,99,61,577.77
1784851695486,0,94,53,688.78
1784851695486,1,97,52,597.93
1784851695625,0,92,48,682.64
1784851695625,1,96,55,615.88
1784851695764,0,92,48,683.20
1784851695764,1,99,60,609.50
1784851695911,0,98,59,680.73
1784851695911,1,99,60,612.31
1784851696051,0,98,59,679.86
1784851696051,1,99,59,610.66
1784851696188,0,98,59,681.25
1784851696188,1,100,57,608.74
1784851696328,0,98,59,681.32
1784851696328,1,100,57,593.13
1784851696468,0,94,53,682.19
1784851696468,1,100,68,583.06
1784851696608,0,92,47,678.89
1784851696608,1,100,66,571.00
1784851696748,0,92,47,669.08
1784851696748,1,100,66,559.10
1784851696888,0,97,60,666.09
1784851696888,1,96,63,560.65
1784851697027,0,98,61,652.59
1784851697027,1,98,59,555.04
1784851697166,0,98,61,647.81
1784851697166,1,100,67,529.67
1784851697307,0,98,61,641.73
1784851697307,1,100,67,532.50
1784851697447,0,94,54,642.61
1784851697447,1,100,66,525.11
1784851697588,0,94,54,631.33
1784851697588,1,99,63,525.15
1784851697728,0,98,38,638.60
1784851697728,1,99,63,524.86
1784851697867,0,98,59,648.45
1784851697867,1,100,67,512.84
1784851698007,0,98,60,655.05
1784851698007,1,96,57,517.06
1784851698145,0,98,60,663.84
1784851698145,1,96,57,515.04
1784851698285,0,98,59,668.98
1784851698285,1,100,68,510.85
1784851698424,0,94,52,672.74
1784851698424,1,100,65,510.31
1784851698564,0,94,52,682.31
1784851698564,1,99,57,523.97
1784851698720,0,92,44,679.01
1784851698720,1,99,57,533.75
1784851698859,0,97,57,679.18
1784851698859,1,100,62,545.55
1784851698998,0,97,57,681.87
1784851698998,1,100,69,533.71
1784851699136,0,98,59,686.65
1784851699136,1,100,69,539.76
1784851699276,0,98,57,685.64
1784851699276,1,100,68,534.02
1784851699414,0,94,53,684.76
1784851699414,1,100,68,540.53
1784851699554,0,94,53,684.21
1784851699554,1,100,68,531.43
1784851699692,0,92,47,684.17
1784851699692,1,99,64,513.36
1784851699831,0,97,60,684.44
1784851699831,1,95,63,513.95
1784851699970,0,97,60,679.22
1784851699970,1,100,55,550.53
1784851700111,0,98,60,678.31
1784851700111,1,100,55,560.97
1784851700250,0,98,60,678.47
1784851700250,1,100,59,573.52
1784851700389,0,98,60,676.99
1784851700389,1,100,66,576.16
1784851700528,0,95,54,687.06
1784851700528,1,100,66,578.03
1784851700667,0,92,45,692.09
1784851700667,1,100,69,584.94
1784851700807,0,98,59,696.73
1784851700807,1,99,62,586.24
1784851700946,0,98,59,695.44
1784851700946,1,99,62,576.34
1784851701086,0,98,60,698.62
1784851701086,1,98,58,563.47
1784851701225,0,98,59,695.35
1784851701225,1,100,65,554.79
1784851701371,0,98,59,696.40
1784851701371,1,100,67,548.73
1784851701510,0,94,53,690.35
1784851701510,1,100,67,548.69
1784851701649,0,91,47,681.39
1784851701649,1,100,66,546.02
1784851701789,0,91,47,674.87
1784851701789,1,100,60,537.40
1784851701929,0,97,60,673.98
1784851701929,1,100,60,522.43
1784851702068,0,97,60,673.25
1784851702068,1,100,64,506.10
1784851702207,0,98,60,666.82
1784851702207,1,96,59,511.26
1784851702347,0,98,60,667.83
1784851702347,1,96,59,510.82
1784851702486,0,94,54,666.46
1784851702486,1,100,65,517.56
1784851702624,0,92,47,675.61
1784851702624,1,100,64,522.03
1784851702765,0,92,47,676.78
1784851702765,1,100,64,523.11
1784851702905,0,97,60,678.66
1784851702905,1,99,64,527.44
1784851703044,0,98,60,675.40
1784851703044,1,99,61,535.10
1784851703184,0,98,60,680.95
1784851703184,1,100,61,551.80
1784851703324,0,98,60,684.09
1784851703324,1,100,61,546.01
1784851703465,0,94,52,687.22
1784851703465,1,100,68,533.37
1784851703605,0,93,46,681.37
1784851703605,1,100,68,533.37
1784851703746,0,93,46,687.54
1784851703746,1,100,68,528.75
1784851703884,0,98,56,690.05
1784851703884,1,99,62,523.40
1784851704024,0,98,56,693.46
1784851704024,1,100,67,518.48
1784851704163,0,98,56,690.48
1784851704163,1,100,67,504.12
1784851704302,0,98,58,688.37
1784851704302,1,99,64,493.98
1784851704441,0,94,52,677.34
1784851704441,1,100,69,490.91
1784851704580,0,94,52,682.51
1784851704580,1,100,68,486.35
1784851704718,0,92,46,689.98
1784851704718,1,100,68,490.83
1784851704858,0,98,56,690.81
1784851704858,1,100,66,488.23
1784851704998,0,98,56,687.48
1784851704998,1,99,62,488.61
1784851705138,0,98,57,688.17
1784851705138,1,99,62,493.33
1784851705276,0,98,55,685.16
1784851705276,1,97,59,501.61
1784851705416,0,92,51,689.90
1784851705416,1,99,56,512.21
1784851705555,0,92,51,680.06
1784851705555,1,99,56,513.39
1784851705693,0,91,47,679.14
1784851705693,1,100,66,513.68
1784851705831,0,98,58,668.23
1784851705831,1,99,63,513.83
1784851705970,0,98,58,664.97
1784851705970,1,99,63,516.03
1784851706109,0,98,58,654.55
1784851706109,1,100,62,516.81
1784851706247,0,98,58,661.95
1784851706247,1,98,61,522.64
1784851706385,0,98,58,668.44
1784851706385,1,98,59,530.09
1784851706526,0,95,52,671.89
1784851706526,1,98,59,529.87
1784851706666,0,92,48,666.58
1784851706666,1,100,66,531.53
1784851706806,0,92,48,666.15
1784851706806,1,100,62,543.62
1784851706946,0,97,58,671.52
1784851706946,1,100,62,550.84
1784851707085,0,98,58,669.05
1784851707085,1,98,63,558.21
1784851707224,0,98,58,674.57
1784851707224,1,99,54,568.01
1784851707364,0,98,58,671.59
1784851707364,1,99,54,570.95
1784851707504,0,95,54,667.58
1784851707504,1,100,64,567.39
1784851707644,0,92,47,667.05
1784851707644,1,98,60,577.08
1784851707783,0,92,47,674.24
1784851707783,1,100,57,582.58
1784851707923,0,97,58,675.98
1784851707923,1,100,57,583.89
1784851708062,0,98,59,679.38
1784851708062,1,100,56,597.65
1784851708202,0,98,59,684.46
1784851708202,1,99,62,579.29
1784851708341,0,98,58,684.31
1784851708341,1,99,62,571.90
1784851708480,0,95,52,685.89
1784851708480,1,96,62,572.54
1784851708618,0,92,45,681.97
1784851708618,1,97,58,575.61
1784851708759,0,92,45,683.22
1784851708759,1,97,58,569.97
1784851708898,0,98,57,678.14
1784851708898,1,100,62,567.49
1784851709037,0,98,56,684.92
1784851709037,1,100,61,568.11
1784851709178,0,98,56,685.34
1784851709178,1,100,58,578.74
1784851709317,0,98,57,685.77
1784851709317,1,100,58,583.26
1784851709457,0,88,53,688.86
1784851709457,1,100,65,584.24
1784851709597,0,88,53,687.10
1784851709597,1,100,68,568.84
1784851709736,0,91,48,689.65
1784851709736,1,100,68,579.52
1784851709875,0,97,59,691.75
1784851709875,1,98,57,586.37
1784851710014,0,98,58,694.21
1784851710014,1,99,59,587.47
1784851710153,0,98,58,692.98
1784851710153,1,99,59,601.42
1784851710292,0,98,59,692.75
1784851710292,1,100,59,594.66
1784851710429,0,89,51,684.80
1784851710429,1,98,61,596.74
1784851710567,0,89,51,684.35
1784851710567,1,98,61,608.52
1784851710705,0,90,47,689.25
1784851710705,1,100,65,607.12
1784851710843,0,98,58,692.48
1784851710843,1,99,66,592.02
1784851710983,0,98,58,686.65
1784851710983,1,99,61,574.85
1784851711123,0,98,58,684.48
1784851711123,1,99,61,559.46
1784851711264,0,98,58,681.48
1784851711264,1,100,66,539.03
1784851711404,0,98,58,685.05
1784851711404,1,93,55,541.02
1784851711545,0,89,51,690.29
1784851711545,1,93,55,524.49
1784851711685,0,90,49,688.60
1784851711685,1,99,53,541.32
1784851711824,0,98,58,687.84
1784851711824,1,98,59,547.16
1784851711964,0,98,58,690.16
1784851711964,1,98,59,558.40
1784851712103,0,98,58,688.92
1784851712103,1,97,63,556.38
1784851712245,0,97,58,690.54
1784851712245,1,99,66,560.29
1784851712383,0,97,58,691.12
1784851712383,1,96,61,564.90
1784851712521,0,88,51,683.76
1784851712521,1,96,61,578.98
1784851712660,0,90,48,681.33
1784851712660,1,100,55,583.41
1784851712801,0,90,48,678.74
1784851712801,1,100,63,574.80
1784851712940,0,98,57,680.38
1784851712940,1,100,63,583.42
1784851713078,0,98,58,681.94
1784851713078,1,94,58,588.20
1784851713218,0,98,58,678.84
1784851713218,1,96,59,594.46
1784851713358,0,98,58,679.18
1784851713358,1,96,59,601.23
1784851713497,0,88,51,679.41
1784851713497,1,100,65,606.11
1784851713635,0,90,48,679.71
1784851713635,1,98,56,603.81
1784851713775,0,90,48,683.60
1784851713775,1,98,65,604.05
1784851713914,0,98,57,684.91
1784851713914,1,98,65,587.45
1784851714052,0,98,57,682.34
1784851714052,1,99,64,584.59
1784851714192,0,98,57,689.72
1784851714192,1,100,67,582.42
1784851714331,0,98,57,681.18
1784851714331,1,100,67,580.49
1784851714470,0,89,51,679.35
1784851714470,1,99,65,568.22
1784851714632,0,90,47,684.85
1784851714632,1,97,60,554.65
1784851714771,0,90,47,683.27
1784851714771,1,97,60,554.78
1784851714911,0,98,57,686.43
1784851714911,1,99,63,567.46
1784851715049,0,98,58,685.03
1784851715049,1,100,64,567.38
1784851715189,0,98,58,685.61
1784851715189,1,95,60,561.46
1784851715328,0,98,57,690.22
1784851715328,1,95,60,559.73
1784851715468,0,89,52,692.73
1784851715468,1,100,66,560.28
1784851715607,0,89,52,691.92
1784851715607,1,100,67,555.66
1784851715748,0,94,49,682.66
1784851715748,1,100,67,558.28
1784851715887,0,97,57,681.40
1784851715887,1,95,57,553.20
1784851716027,0,98,58,685.64
1784851716027,1,100,68,543.60
1784851716167,0,98,58,684.40
1784851716167,1,100,68,539.54
1784851716305,0,97,57,682.84
1784851716305,1,97,62,531.73
1784851716445,0,89,52,680.32
1784851716445,1,94,56,536.41
1784851716584,0,89,52,678.00
1784851716584,1,94,52,551.09
1784851716724,0,96,50,681.24
1784851716724,1,94,52,545.93
1784851716862,0,98,58,680.89
1784851716862,1,95,57,553.45
1784851717002,0,98,58,680.73
1784851717002,1,100,67,551.54
1784851717139,0,98,58,681.34
1784851717139,1,100,67,573.89
1784851717279,0,97,59,683.17
1784851717279,1,100,64,574.19
1784851717420,0,89,52,690.67
1784851717420,1,100,67,568.90
1784851717558,0,89,52,695.70
1784851717558,1,100,67,564.06
1784851717697,0,96,51,696.21
1784851717697,1,96,62,558.84
1784851717837,0,97,59,692.71
1784851717837,1,100,68,546.38
1784851717975,0,97,59,694.56
1784851717975,1,100,68,549.36
1784851718114,0,96,57,694.34
1784851718114,1,89,55,539.72
1784851718252,0,97,58,694.75
1784851718252,1,100,68,535.15
1784851718390,0,97,58,693.14
1784851718390,1,98,60,545.48
1784851718530,0,89,52,691.68
1784851718530,1,98,60,545.11
1784851718668,0,96,51,689.32
1784851718668,1,96,62,549.85
1784851718808,0,96,51,690.79
1784851718808,1,100,68,538.59
1784851718946,0,97,59,689.42
1784851718946,1,100,68,532.32
1784851719086,0,98,58,686.26
1784851719086,1,100,69,523.57
1784851719225,0,98,58,689.86
1784851719225,1,100,69,521.84
1784851719364,0,98,58,682.40
1784851719364,1,100,69,524.91
1784851719506,0,89,52,687.37
1784851719506,1,98,61,515.98
1784851719647,0,90,47,689.02
1784851719647,1,98,60,522.57
1784851719786,0,90,47,697.66
1784851719786,1,100,62,548.11
1784851719926,0,98,57,698.70
1784851719926,1,100,62,545.68
1784851720066,0,98,57,699.69
1784851720066,1,98,60,555.93
1784851720206,0,98,57,696.43
1784851720206,1,97,59,572.28
1784851720347,0,97,56,691.72
1784851720347,1,97,59,578.12
1784851720485,0,89,51,688.55
1784851720485,1,96,58,598.51
1784851720625,0,95,49,681.84
1784851720625,1,94,53,605.40
1784851720765,0,95,49,683.10
1784851720765,1,94,53,605.06
1784851720904,0,98,59,672.65
1784851720904,1,100,66,617.85
1784851721044,0,98,59,668.57
1784851721044,1,99,54,626.13
1784851721184,0,98,59,666.00
1784851721184,1,96,54,627.88
1784851721322,0,98,59,664.93
1784851721322,1,96,54,633.17
1784851721462,0,88,52,674.41
1784851721462,1,100,64,630.28
1784851721601,0,88,52,668.74
1784851721601,1,100,69,601.39
1784851721738,0,31,17,569.39
1784851721738,1,100,69,589.99
1784851721875,0,0,0,523.67
1784851721875,1,98,65,586.78
1784851722012,0,0,0,514.87
1784851722012,1,100,65,568.32
1784851722150,0,92,51,515.81
1784851722150,1,100,65,570.15
1784851722289,0,98,58,520.60
1784851722289,1,100,69,538.66
1784851722430,0,98,58,520.88
1784851722430,1,96,65,532.15
1784851722570,0,98,58,527.48
1784851722570,1,96,65,520.50
1784851722708,0,98,59,572.05
1784851722708,1,100,66,511.22
1784851722848,0,94,52,687.50
1784851722848,1,100,68,506.44
1784851722987,0,94,52,685.46
1784851722987,1,91,57,499.09
1784851723128,0,93,49,683.21
1784851723128,1,91,57,492.06
1784851723277,0,98,59,681.86
1784851723277,1,99,58,504.30
1784851723417,0,98,59,677.91
1784851723417,1,100,61,523.95
1784851723557,0,98,59,674.47
1784851723557,1,100,61,527.12
1784851723698,0,97,59,667.20
1784851723698,1,100,62,538.47
1784851723839,0,94,52,668.49
1784851723839,1,100,65,541.31
1784851723978,0,94,52,671.09
1784851723978,1,100,65,538.22
1784851724118,0,98,52,686.68
1784851724118,1,99,63,556.59
1784851724258,0,98,58,685.26
1784851724258,1,96,58,552.18
1784851724398,0,98,58,688.66
1784851724398,1,100,63,533.31
1784851724538,0,98,57,683.47
1784851724538,1,100,63,535.70
1784851724676,0,98,56,679.84
1784851724676,1,99,64,527.66
1784851724816,0,98,56,683.74
1784851724816,1,98,62,531.35
1784851724956,0,94,53,682.68
1784851724956,1,98,62,536.43
1784851725096,0,92,51,677.93
1784851725096,1,99,62,520.66
1784851725234,0,97,59,671.64
1784851725234,1,100,68,513.33
1784851725373,0,97,59,672.67
1784851725373,1,100,68,521.62
1784851725512,0,98,59,671.82
1784851725512,1,100,68,513.64
1784851725651,0,98,59,679.47
1784851725651,1,100,63,521.66
1784851725788,0,98,59,687.59
1784851725788,1,100,67,532.23
1784851725925,0,94,52,679.55
1784851725925,1,100,67,528.95
1784851726065,0,95,52,679.15
1784851726065,1,97,56,535.37
1784851726202,0,95,52,683.17
1784851726202,1,100,64,553.65
1784851726343,0,98,58,683.11
1784851726343,1,100,64,549.95
1784851726482,0,98,58,686.08
1784851726482,1,100,65,571.84
1784851726623,0,98,56,678.01
1784851726623,1,100,69,560.26
1784851726761,0,98,56,677.62
1784851726761,1,100,69,547.08
1784851726898,0,94,52,680.06
1784851726898,1,100,67,536.57
1784851727038,0,93,50,681.09
1784851727038,1,98,65,529.72
1784851727178,0,93,50,676.64
1784851727178,1,98,65,510.22
1784851727318,0,98,59,676.07
1784851727318,1,100,68,513.73
1784851727458,0,98,59,675.04
1784851727458,1,100,60,511.92
1784851727598,0,98,59,679.61
1784851727598,1,99,64,498.39
1784851727738,0,98,59,685.75
1784851727738,1,99,64,498.60
1784851727877,0,94,53,688.15
1784851727877,1,100,66,502.95
1784851728014,0,94,53,687.51
1784851728014,1,98,62,510.08
1784851728152,0,98,53,700.28
1784851728152,1,98,62,515.96
1784851728291,0,98,58,697.15
1784851728291,1,100,67,521.11
1784851728430,0,98,58,698.79
1784851728430,1,99,60,521.41
1784851728569,0,98,58,695.68
1784851728569,1,99,60,532.51
1784851728710,0,98,57,695.76
1784851728710,1,93,54,542.25
1784851728849,0,94,52,695.72
1784851728849,1,93,52,553.12
1784851728988,0,94,52,694.90
1784851728988,1,99,61,552.84
1784851729128,0,92,49,689.28
1784851729128,1,99,61,552.79
1784851729268,0,98,58,691.94
1784851729268,1,96,59,557.40
1784851729408,0,98,58,694.47
1784851729408,1,100,66,549.40
1784851729548,0,97,58,692.91
1784851729548,1,100,66,545.67
1784851729687,0,98,58,692.51
1784851729687,1,100,68,533.58
1784851729826,0,94,52,687.13
1784851729826,1,100,65,527.37
1784851729966,0,94,52,684.20
1784851729966,1,100,65,538.10
1784851730106,0,92,50,686.57
1784851730106,1,100,64,537.73
1784851730246,0,98,60,671.68
1784851730246,1,99,64,537.39
1784851730386,0,98,60,669.44
1784851730386,1,100,65,538.63
1784851730526,0,98,59,661.51
1784851730526,1,100,65,539.88
1784851730667,0,98,60,661.53
1784851730667,1,96,64,540.92
1784851730807,0,98,60,663.35
1784851730807,1,87,50,551.35
1784851730947,0,94,53,670.93
1784851730947,1,87,50,553.07
1784851731086,0,92,51,670.23
1784851731086,1,100,61,563.76
1784851731226,0,98,58,687.96
1784851731226,1,100,64,572.33
1784851731365,0,98,58,686.31
1784851731365,1,100,64,586.55
1784851731505,0,98,58,692.70
1784851731505,1,99,61,588.72
1784851731645,0,98,57,690.77
1784851731645,1,100,65,587.85
1784851731785,0,98,57,689.02
1784851731785,1,99,63,582.30
1784851731925,0,94,52,683.00
1784851731925,1,99,63,571.49
1784851732064,0,92,51,684.95
1784851732064,1,100,57,574.40
1784851732204,0,92,51,679.69
1784851732204,1,100,68,566.53
1784851732345,0,97,59,685.96
1784851732345,1,100,68,546.37
1784851732486,0,98,58,684.72
1784851732486,1,100,66,536.95
1784851732626,0,98,58,685.09
1784851732626,1,99,65,539.48
1784851732766,0,98,58,683.33
1784851732766,1,99,65,537.94
1784851732907,0,94,52,685.31
1784851732907,1,97,57,546.86
1784851733045,0,92,50,683.87
1784851733045,1,93,53,538.12
1784851733186,0,92,50,683.27
1784851733186,1,100,68,527.63
1784851733324,0,98,60,673.56
1784851733324,1,100,68,532.96
1784851733464,0,98,59,674.58
1784851733464,1,100,69,527.99
1784851733603,0,98,59,673.65
1784851733603,1,97,63,538.16
1784851733741,0,98,59,676.69
1784851733741,1,97,63,544.19
1784851733879,0,94,53,680.34
1784851733879,1,95,62,528.53
1784851734017,0,94,53,683.97
1784851734017,1,100,57,547.70
1784851734157,0,98,55,689.84
1784851734157,1,100,57,548.42
1784851734296,0,98,59,688.31
1784851734296,1,98,59,549.42
1784851734435,0,98,59,692.22
1784851734435,1,100,65,554.07
1784851734574,0,98,59,693.78
1784851734574,1,100,65,550.71
1784851734715,0,98,58,697.94
1784851734715,1,100,62,560.13
1784851734856,0,95,53,699.04
1784851734856,1,100,65,568.57
1784851734998,0,95,53,690.53
1784851734998,1,90,55,547.93
1784851735137,0,98,53,692.93
1784851735137,1,90,55,545.71
1784851735278,0,98,58,695.21
1784851735278,1,100,62,544.43
1784851735417,0,98,58,692.78
1784851735417,1,100,64,563.95
1784851735555,0,98,58,693.14
1784851735555,1,100,64,584.65
1784851735692,0,98,56,691.36
1784851735692,1,100,66,563.99
1784851735831,0,94,52,685.79
1784851735831,1,100,66,563.43
1784851735968,0,94,52,687.35
1784851735968,1,100,66,557.66
1784851736107,0,98,50,693.03
1784851736107,1,92,59,556.39
1784851736247,0,98,57,687.33
1784851736247,1,100,64,548.53
1784851736387,0,98,57,690.01
1784851736387,1,96,55,560.46
1784851736528,0,98,57,694.01
1784851736528,1,96,55,542.05
1784851736667,0,98,56,694.62
1784851736667,1,100,68,541.38
1784851736807,0,98,56,696.52
1784851736807,1,98,64,538.63
1784851736947,0,94,51,692.24
1784851736947,1,98,64,546.21
1784851737086,0,93,49,687.04
1784851737086,1,89,51,554.87
1784851737226,0,98,58,686.79
1784851737226,1,100,66,552.97
1784851737367,0,98,58,687.51
1784851737367,1,100,66,545.49
1784851737507,0,98,57,683.02
1784851737507,1,99,65,535.72
1784851737647,0,98,57,681.63
1784851737647,1,91,54,550.54
1784851737787,0,98,57,681.37
1784851737787,1,97,62,557.18
1784851737926,0,94,53,680.64
1784851737926,1,97,62,559.68
1784851738066,0,92,50,681.56
1784851738066,1,95,62,559.35
1784851738206,0,92,50,681.77
1784851738206,1,98,55,584.94
1784851738347,0,97,59,682.19
1784851738347,1,98,55,586.81
1784851738486,0,98,59,681.47
1784851738486,1,90,51,582.88
1784851738627,0,98,58,685.35
1784851738627,1,100,68,568.76
1784851738767,0,98,58,685.99
1784851738767,1,100,68,568.49
1784851738908,0,94,52,683.07
1784851738908,1,97,56,571.22
1784851739048,0,92,50,680.18
1784851739048,1,97,59,576.01
1784851739188,0,92,50,677.37
1784851739188,1,98,57,567.94
1784851739328,0,97,58,675.95
1784851739328,1,98,57,563.71
1784851739468,0,98,57,674.57
1784851739468,1,98,60,560.43
1784851739607,0,98,57,671.46
1784851739607,1,95,58,577.03
1784851739748,0,97,57,669.57
1784851739748,1,95,58,570.18
1784851739886,0,90,51,674.16
1784851739886,1,83,50,559.56
1784851740026,0,93,50,679.08
1784851740026,1,95,56,565.09
1784851740166,0,93,50,680.53
1784851740166,1,95,56,562.39
1784851740306,0,97,58,681.17
1784851740306,1,100,63,562.30
1784851740446,0,98,58,687.64
1784851740446,1,97,59,560.44
1784851740585,0,98,58,690.42
1784851740585,1,97,59,560.18
1784851740723,0,98,58,691.96
1784851740723,1,99,55,582.07
1784851740862,0,94,52,686.67
1784851740862,1,97,58,589.58
1784851741001,0,94,52,681.97
1784851741001,1,98,60,588.84
1784851741139,0,92,50,684.60
1784851741139,1,98,60,585.24
1784851741278,0,98,59,686.22
1784851741278,1,99,57,594.70
1784851741418,0,98,59,681.36
1784851741418,1,99,63,603.36
1784851741557,0,98,59,676.43
1784851741557,1,99,63,600.96
1784851741697,0,98,58,675.99
1784851741697,1,100,58,598.76
1784851741837,0,94,52,683.40
1784851741837,1,99,66,593.08
1784851741977,0,94,52,684.17
1784851741977,1,99,66,603.46
1784851742116,0,92,49,681.89
1784851742116,1,91,52,613.73
1784851742254,0,98,58,684.01
1784851742254,1,94,53,612.33
1784851742395,0,98,58,682.40
1784851742395,1,92,54,608.14
1784851742534,0,98,58,685.66
1784851742534,1,92,54,607.59
1784851742675,0,98,58,683.64
1784851742675,1,99,66,603.08
1784851742814,0,98,58,684.62
1784851742814,1,100,68,595.47
1784851742955,0,94,52,677.41
1784851742955,1,100,68,594.80
1784851743096,0,95,51,683.53
1784851743096,1,97,63,575.08
1784851743236,0,98,58,672.92
1784851743236,1,98,57,569.11
1784851743376,0,98,58,674.55
1784851743376,1,98,57,577.45
1784851743517,0,98,58,670.19
1784851743517,1,100,66,561.31
1784851743656,0,98,58,662.91
1784851743656,1,100,64,561.59
1784851743796,0,98,58,661.58
1784851743796,1,98,67,568.66
1784851743934,0,94,52,668.28
1784851743934,1,98,67,558.45
1784851744074,0,98,52,670.64
1784851744074,1,100,68,555.17
1784851744214,0,98,52,670.78
1784851744214,1,100,68,537.61
1784851744351,0,98,59,685.79
1784851744351,1,100,68,536.23
1784851744493,0,98,57,685.19
1784851744493,1,97,58,541.36
1784851744640,0,98,56,689.47
1784851744640,1,96,59,540.18
1784851744779,0,98,56,688.37
1784851744779,1,96,59,528.58
1784851744920,0,94,51,686.10
1784851744920,1,100,69,533.49
1784851745058,0,98,52,688.97
1784851745058,1,94,60,532.28
1784851745198,0,98,52,693.14
1784851745198,1,98,61,543.15
1784851745342,0,98,56,687.51
1784851745342,1,98,61,542.78
1784851745482,0,98,57,689.22
1784851745482,1,100,68,521.20
1784851745623,0,98,57,684.54
1784851745623,1,99,59,542.36
1784851745766,0,98,54,680.99
1784851745766,1,99,59,546.52
1784851745906,0,94,51,682.34
1784851745906,1,98,67,552.63
1784851746045,0,93,49,674.30
1784851746045,1,99,64,559.64
1784851746185,0,93,49,662.46
1784851746185,1,99,64,573.80
1784851746326,0,98,59,655.86
1784851746326,1,98,61,578.28
1784851746466,0,98,59,651.11
1784851746466,1,100,63,590.06
1784851746604,0,98,59,651.64
1784851746604,1,100,66,580.67
1784851746744,0,98,59,664.97
1784851746744,1,100,66,582.45
1784851746883,0,95,53,667.80
1784851746883,1,100,53,607.16
1784851747021,0,95,53,663.42
1784851747021,1,100,61,602.91
1784851747158,0,95,52,677.11
1784851747158,1,100,61,603.63
1784851747297,0,98,58,682.98
1784851747297,1,97,63,599.84
1784851747437,0,98,59,689.12
1784851747437,1,100,62,604.93
1784851747577,0,98,59,684.47
1784851747577,1,100,62,613.44
1784851747717,0,98,55,678.54
1784851747717,1,98,60,622.80
1784851747855,0,94,51,671.82
1784851747855,1,100,49,616.77
1784851747994,0,94,51,675.53
1784851747994,1,97,59,620.15
1784851748134,0,93,50,677.20
1784851748134,1,97,59,613.65
1784851748275,0,97,56,675.92
1784851748275,1,84,54,605.61
1784851748415,0,97,56,677.56
1784851748415,1,97,60,596.29
1784851748554,0,98,57,684.69
1784851748554,1,97,60,594.52
1784851748694,0,98,56,693.19
1784851748694,1,97,57,604.60
1784851748837,0,94,52,704.18
1784851748837,1,99,56,603.13
1784851748977,0,94,52,698.42
1784851748977,1,99,56,614.42
1784851749116,0,92,46,690.75
1784851749116,1,99,60,610.81
1784851749254,0,98,58,690.63
1784851749254,1,99,55,633.87
1784851749394,0,98,58,685.61
1784851749394,1,99,59,639.17
1784851749535,0,98,58,683.21
1784851749535,1,99,59,642.13
1784851749676,0,98,58,681.26
1784851749676,1,97,62,637.73
1784851749817,0,98,58,680.96
1784851749817,1,94,63,607.51
1784851749956,0,94,53,674.67
1784851749956,1,94,63,592.64
1784851750093,0,93,49,677.85
1784851750093,1,96,66,577.88
1784851750231,0,98,60,674.78
1784851750231,1,99,62,564.83
1784851750370,0,98,60,681.97
1784851750370,1,99,62,567.84
1784851750511,0,98,60,684.78
1784851750511,1,100,70,542.38
1784851750651,0,98,60,676.30
1784851750651,1,100,69,535.22
1784851750792,0,98,60,676.81
1784851750792,1,98,63,529.09
1784851750932,0,94,52,681.18
1784851750932,1,98,63,530.74
1784851751070,0,92,52,688.22
1784851751070,1,100,66,529.81
1784851751207,0,92,52,685.40
1784851751207,1,95,54,547.43
1784851751346,0,98,57,688.71
1784851751346,1,95,54,557.43
1784851751484,0,98,57,690.13
1784851751484,1,96,61,564.13
1784851751623,0,98,57,691.58
1784851751623,1,99,63,568.77
1784851751764,0,98,58,691.55
1784851751764,1,99,63,574.08
1784851751904,0,94,53,692.25
1784851751904,1,99,64,574.99
1784851752042,0,92,50,686.12
1784851752042,1,96,58,581.97
1784851752184,0,92,50,687.43
1784851752184,1,96,58,566.34
1784851752322,0,98,60,685.68
1784851752322,1,98,64,545.70
1784851752461,0,98,60,681.01
1784851752461,1,87,55,535.52
1784851752600,0,98,60,681.47
1784851752600,1,100,65,541.20
1784851752738,0,98,60,690.08
1784851752738,1,100,65,541.17
1784851752877,0,94,52,689.44
1784851752877,1,96,52,554.07
1784851753015,0,94,52,682.02
1784851753015,1,100,63,548.19
1784851753156,0,92,50,678.64
1784851753156,1,100,63,548.28
1784851753296,0,98,58,678.33
1784851753296,1,96,54,563.33
1784851753435,0,98,58,668.39
1784851753435,1,99,59,576.24
1784851753573,0,98,58,667.42
1784851753573,1,99,59,572.46
1784851753715,0,98,58,662.24
1784851753715,1,94,60,575.41
1784851753854,0,94,54,662.34
1784851753854,1,98,54,565.31
1784851753994,0,94,54,666.97
1784851753994,1,100,66,554.56
1784851754133,0,98,55,682.80
1784851754133,1,100,66,556.13
1784851754274,0,98,59,686.86
1784851754274,1,100,68,541.25
1784851754412,0,98,59,695.30
1784851754412,1,100,61,545.42
1784851754552,0,98,59,696.21
1784851754552,1,100,61,552.67
1784851754691,0,98,59,694.25
1784851754691,1,100,67,540.18
1784851754832,0,94,53,687.07
1784851754832,1,98,63,539.78
1784851754972,0,94,53,685.40
1784851754972,1,98,63,536.21
1784851755113,0,98,54,684.51
1784851755113,1,96,61,543.49
1784851755253,0,98,60,684.94
1784851755253,1,98,62,559.23
1784851755392,0,98,60,684.45
1784851755392,1,98,62,551.25
1784851755533,0,98,59,683.48
1784851755533,1,100,68,548.33
1784851755672,0,98,58,686.40
1784851755672,1,99,60,560.73
1784851755812,0,98,58,690.64
1784851755812,1,100,66,577.70
1784851755952,0,95,52,689.69
1784851755952,1,100,66,602.01
1784851756092,0,98,52,683.67
1784851756092,1,100,68,595.66
1784851756230,0,98,52,681.19
1784851756230,1,94,51,607.74
1784851756370,0,98,58,678.01
1784851756370,1,94,51,598.11
1784851756510,0,98,58,681.04
1784851756510,1,100,68,607.27
1784851756651,0,98,58,686.40
1784851756651,1,99,61,597.34
1784851756802,0,98,58,682.09
1784851756802,1,94,61,580.77
1784851756944,0,94,53,679.95
1784851756944,1,94,61,573.61
1784851757086,0,98,54,680.76
1784851757086,1,100,61,584.32
1784851757226,0,98,54,687.26
1784851757226,1,100,64,567.55
1784851757367,0,98,60,683.49
1784851757367,1,100,64,564.59
1784851757507,0,98,60,688.00
1784851757507,1,99,65,550.78
1784851757647,0,96,60,681.49
1784851757647,1,100,66,551.76
1784851757787,0,96,60,680.31
1784851757787,1,100,66,541.53
1784851757926,0,95,52,688.08
1784851757926,1,99,64,540.23
1784851758066,0,98,52,679.26
1784851758066,1,96,64,524.29
1784851758205,0,98,52,676.90
1784851758205,1,100,62,519.68
1784851758344,0,98,58,675.76
1784851758344,1,100,62,521.80
1784851758484,0,98,58,673.61
1784851758484,1,100,68,514.36
1784851758624,0,98,58,669.52
1784851758624,1,100,67,508.66
1784851758764,0,97,58,665.54
1784851758764,1,100,67,514.62
1784851758901,0,55,31,610.21
1784851758901,1,97,63,509.63
1784851759037,0,0,0,515.31
1784851759037,1,98,61,517.20
1784851759175,0,0,0,512.97
1784851759175,1,98,61,525.85
1784851759313,0,90,51,501.99
1784851759313,1,100,67,509.74
1784851759452,0,98,59,501.85
1784851759452,1,100,68,516.50
1784851759591,0,98,59,510.94
1784851759591,1,100,68,523.42
1784851759729,0,98,60,516.06
1784851759729,1,100,54,531.71
1784851759867,0,98,59,574.66
1784851759867,1,100,62,539.91
1784851760007,0,98,59,616.12
1784851760007,1,100,59,558.63
1784851760146,0,87,50,690.02
1784851760146,1,100,59,548.58
1784851760282,0,91,50,686.19
1784851760282,1,100,64,560.89
1784851760423,0,91,50,689.83
1784851760423,1,100,62,569.20
1784851760562,0,98,59,689.14
1784851760562,1,100,62,570.95
1784851760701,0,98,59,688.42
1784851760701,1,100,66,557.40
1784851760840,0,98,58,691.58
1784851760840,1,100,69,550.04
1784851760979,0,98,58,691.75
1784851760979,1,100,69,531.42
1784851761117,0,87,51,689.98
1784851761117,1,99,66,522.44
1784851761254,0,91,49,682.03
1784851761254,1,100,69,511.97
1784851761394,0,91,49,677.14
1784851761394,1,100,69,509.21
1784851761534,0,97,61,672.87
1784851761534,1,100,67,491.80
1784851761673,0,98,60,668.54
1784851761673,1,99,64,496.24
1784851761812,0,98,60,655.99
1784851761812,1,97,61,501.79
1784851761950,0,99,61,642.29
1784851761950,1,97,61,508.24
1784851762093,0,99,92,611.21
1784851762093,1,100,66,503.69
1784851762231,0,99,92,561.45
1784851762231,1,53,30,460.77
1784851762366,0,66,26,483.79
1784851762366,1,53,30,429.27
1784851762501,0,0,0,423.24
1784851762501,1,0,0,357.56
1784851762636,0,0,0,318.07
1784851762636,1,0,0,316.16
1784851762770,0,0,0,280.14
1784851762770,1,0,0,278.59
1784851762903,0,66,10,220.75
1784851762903,1,0,0,196.10
1784851763036,0,66,10,183.70
1784851763036,1,0,0,163.93
1784851763168,0,0,0,148.47
1784851763168,1,0,0,182.52
1784851763303,0,0,0,137.28
1784851763303,1,100,48,287.16
1784851763437,0,0,0,135.37
1784851763437,1,100,46,346.75
1784851763571,0,0,0,134.94
1784851763571,1,100,46,406.15
1784851763705,0,0,0,134.56
1784851763705,1,100,46,527.39
1784851763839,0,0,0,131.79
1784851763839,1,100,57,563.55
1784851763975,0,0,0,131.58
1784851763975,1,100,57,609.49
1784851764111,0,0,0,131.40
1784851764111,1,100,66,653.40
1784851764247,0,0,0,131.10
1784851764247,1,100,69,623.42
1784851764382,0,0,0,130.96
1784851764382,1,100,69,595.96
1784851764519,0,0,0,130.79
1784851764519,1,98,64,551.61
1784851764656,0,0,0,130.56
1784851764656,1,100,68,529.29
1784851764793,0,0,0,130.45
1784851764793,1,100,68,508.71
1784851764929,0,0,0,130.31
1784851764929,1,87,49,512.40
1784851765065,0,0,0,130.08
1784851765065,1,98,65,515.09
1784851765201,0,0,0,129.96
1784851765201,1,98,65,520.61
1784851765336,0,0,0,129.77
1784851765336,1,100,68,532.78
1784851765474,0,0,0,129.70
1784851765474,1,98,60,539.48
1784851765611,0,0,0,129.63
1784851765611,1,100,69,544.24
1784851765749,0,0,0,129.44
1784851765749,1,100,69,536.91
1784851765886,0,0,0,129.45
1784851765886,1,94,58,534.52
1784851766023,0,0,0,129.40
1784851766023,1,98,64,535.79
1784851766160,0,0,0,148.80
1784851766160,1,98,64,533.23
1784851766300,0,68,39,204.67
1784851766300,1,100,63,536.77
1784851766438,0,92,52,316.24
1784851766438,1,100,69,510.68
1784851766579,0,92,52,372.14
1784851766579,1,100,69,507.22
1784851766717,0,98,59,419.37
1784851766717,1,100,69,509.91
1784851766857,0,98,59,538.53
1784851766857,1,98,63,502.14
1784851767004,0,98,59,594.19
1784851767004,1,87,47,521.00
1784851767143,0,98,59,684.49
1784851767143,1,87,47,528.20
1784851767283,0,88,50,687.28
1784851767283,1,100,60,537.31
1784851767423,0,88,50,693.12
1784851767423,1,100,62,571.35
1784851767563,0,91,47,683.30
1784851767563,1,100,62,579.04
1784851767704,0,98,60,682.75
1784851767704,1,98,62,594.41
1784851767846,0,98,60,678.13
1784851767846,1,100,67,600.62
1784851767986,0,98,60,681.62
1784851767986,1,100,67,600.38
1784851768126,0,98,60,676.57
1784851768126,1,98,60,588.38
1784851768264,0,95,54,681.77
1784851768264,1,98,59,596.04
1784851768403,0,95,54,672.73
1784851768403,1,100,66,567.28
1784851768544,0,97,42,663.84
1784851768544,1,100,66,567.65
1784851768684,0,98,60,670.16
1784851768684,1,100,66,556.16
1784851768823,0,98,60,667.91
1784851768823,1,100,69,543.19
1784851768963,0,98,60,671.93
1784851768963,1,100,69,534.90
1784851769103,0,98,60,670.74
1784851769103,1,99,61,519.18
1784851769243,0,87,51,669.09
1784851769243,1,97,63,512.27
1784851769383,0,87,51,669.71
1784851769383,1,97,63,515.07
1784851769522,0,90,48,678.41
1784851769522,1,100,62,516.57
1784851769663,0,98,60,676.24
1784851769663,1,100,66,521.56
1784851769801,0,98,60,676.49
1784851769801,1,100,66,525.99
1784851769942,0,98,60,673.26
1784851769942,1,97,64,523.67
1784851770082,0,98,60,672.72
1784851770082,1,98,62,522.14
1784851770223,0,98,60,677.54
1784851770223,1,96,59,535.24
1784851770363,0,94,52,671.68
1784851770363,1,96,59,543.15
1784851770515,0,92,46,685.44
1784851770515,1,98,61,546.82
1784851770654,0,98,57,692.76
1784851770654,1,100,62,555.39
1784851770794,0,98,57,692.45
1784851770794,1,100,62,549.01
1784851770935,0,98,58,697.79
1784851770935,1,100,65,550.19
1784851771075,0,98,57,701.00
1784851771075,1,100,68,548.72
1784851771214,0,98,57,702.21
1784851771214,1,99,66,540.01
1784851771353,0,94,52,690.40
1784851771353,1,99,66,529.73
1784851771492,0,92,45,679.24
1784851771492,1,96,62,522.27
1784851771631,0,92,45,677.10
1784851771631,1,100,69,500.37
1784851771771,0,98,58,679.85
1784851771771,1,100,69,498.77
1784851771910,0,98,58,679.95
1784851771910,1,98,65,500.38
1784851772049,0,98,58,680.23
1784851772049,1,100,66,499.00
1784851772189,0,98,58,678.30
1784851772189,1,100,66,492.41
1784851772328,0,95,54,677.29
1784851772328,1,98,65,486.15
1784851772498,0,97,41,683.60
1784851772498,1,100,69,484.07
1784851772638,0,98,58,680.52
1784851772638,1,100,66,491.37
1784851772778,0,98,58,682.21
1784851772778,1,100,66,491.36
1784851772918,0,98,58,684.04
1784851772918,1,100,67,486.26
1784851773056,0,98,58,682.54
1784851773056,1,100,69,488.79
1784851773195,0,98,58,682.10
1784851773195,1,100,69,486.93
1784851773334,0,89,51,683.09
1784851773334,1,99,65,489.45
1784851773472,0,90,49,685.46
1784851773472,1,100,67,488.66
1784851773612,0,90,49,682.66
1784851773612,1,100,68,484.32
1784851773751,0,98,59,674.61
1784851773751,1,100,68,481.53
1784851773890,0,98,58,669.93
1784851773890,1,100,68,476.00
1784851774029,0,98,58,663.70
1784851774029,1,100,72,477.50
1784851774169,0,98,59,664.07
1784851774169,1,100,72,481.90
1784851774308,0,88,53,662.02
1784851774308,1,97,64,480.65
1784851774447,0,91,51,662.40
1784851774447,1,100,68,480.99
1784851774590,0,91,51,660.22
1784851774590,1,100,68,479.25
1784851774731,0,98,60,667.60
1784851774731,1,100,69,475.27
1784851774871,0,98,60,669.09
1784851774871,1,100,69,475.30
1784851775010,0,98,60,671.36
1784851775010,1,99,66,473.12
1784851775149,0,98,60,636.37
1784851775149,1,99,66,465.81
1784851775286,0,0,0,578.64
1784851775286,1,100,69,467.45
1784851775424,0,0,0,511.51
1784851775424,1,97,65,467.51
1784851775565,0,0,0,514.17
1784851775565,1,97,65,468.52
1784851775706,0,95,53,519.76
1784851775706,1,99,69,485.11
1784851775847,0,98,55,510.59
1784851775847,1,100,60,507.02
1784851775984,0,98,55,511.23
1784851775984,1,100,60,519.73
1784851776124,0,98,59,515.28
1784851776124,1,100,58,550.59
1784851776264,0,98,60,609.66
1784851776264,1,100,64,556.62
1784851776405,0,98,60,662.14
1784851776405,1,100,64,567.84
1784851776544,0,91,55,687.20
1784851776544,1,100,59,588.75
1784851776684,0,95,52,677.90
1784851776684,1,99,64,601.12
1784851776823,0,95,52,680.48
1784851776823,1,100,65,590.25
1784851776962,0,98,56,684.32
1784851776962,1,100,65,585.38
1784851777101,0,98,58,683.91
1784851777101,1,97,60,585.80
1784851777239,0,98,58,681.86
1784851777239,1,96,59,585.52
1784851777378,0,98,59,686.71
1784851777378,1,96,59,589.28
1784851777516,0,91,55,685.92
1784851777516,1,100,65,581.59
1784851777656,0,95,52,680.23
1784851777656,1,100,63,584.56
1784851777794,0,95,52,683.90
1784851777794,1,100,63,572.41
1784851777933,0,98,56,683.87
1784851777933,1,100,66,558.62
1784851778075,0,98,57,683.63
1784851778075,1,100,67,546.95
1784851778215,0,98,57,683.96
1784851778215,1,98,65,536.51
1784851778357,0,98,57,684.46
1784851778357,1,98,65,525.88
1784851778501,0,91,54,682.94
1784851778501,1,95,60,526.99
1784851778641,0,91,54,679.10
1784851778641,1,100,63,524.19
1784851778779,0,95,51,681.97
1784851778779,1,100,63,533.12
1784851778918,0,98,54,684.88
1784851778918,1,97,58,546.91
1784851779057,0,98,58,679.02
1784851779057,1,99,58,550.97
1784851779196,0,98,58,683.52
1784851779196,1,99,58,551.23
1784851779336,0,98,56,683.81
1784851779336,1,100,65,551.78
1784851779474,0,98,58,677.63
1784851779474,1,99,64,549.32
1784851779614,0,98,58,679.89
1784851779614,1,100,66,535.72
1784851779755,0,94,53,687.56
1784851779755,1,100,66,524.77
1784851779893,0,98,56,686.03
1784851779893,1,98,62,523.56
1784851780033,0,98,56,684.10
1784851780033,1,99,59,521.70
1784851780172,0,97,59,680.95
1784851780172,1,99,59,525.97
1784851780311,0,98,59,676.85
1784851780311,1,99,67,520.15
1784851780448,0,91,56,685.95
1784851780448,1,100,64,523.44
1784851780588,0,91,56,684.40
1784851780588,1,100,64,526.60
1784851780727,0,94,52,677.19
1784851780727,1,99,58,549.92
1784851780866,0,98,56,670.64
1784851780866,1,89,56,548.17
1784851781005,0,98,56,679.95
1784851781005,1,89,56,570.77
1784851781145,0,98,58,676.45
1784851781145,1,100,57,562.19
1784851781285,0,98,58,680.90
1784851781285,1,100,68,571.52
1784851781423,0,98,58,674.95
1784851781423,1,100,65,566.53
1784851781563,0,91,55,680.68
1784851781563,1,100,65,573.50
1784851781701,0,95,52,679.52
1784851781701,1,100,66,561.55
1784851781840,0,95,52,676.32
1784851781840,1,99,64,557.33
1784851781980,0,97,57,671.52
1784851781980,1,99,64,536.85
1784851782119,0,98,58,671.06
1784851782119,1,99,61,523.95
1784851782259,0,98,59,664.38
1784851782259,1,100,68,521.24
1784851782399,0,98,59,658.90
1784851782399,1,100,68,533.32
1784851782538,0,86,52,658.98
1784851782538,1,80,52,528.47
1784851782677,0,94,52,657.25
1784851782677,1,98,56,540.24
1784851782816,0,94,52,668.81
1784851782816,1,100,68,541.45
1784851782958,0,98,58,666.21
1784851782958,1,100,68,542.55
1784851783098,0,98,58,669.23
1784851783098,1,97,58,545.46
1784851783238,0,98,58,661.00
1784851783238,1,100,51,585.15
1784851783377,0,98,58,664.57
1784851783377,1,100,51,588.74
1784851783517,0,90,54,674.19
1784851783517,1,100,63,588.22
1784851783656,0,95,52,672.70
1784851783656,1,100,62,576.99
1784851783797,0,95,52,666.28
1784851783797,1,100,62,573.65
1784851783937,0,98,58,667.76
1784851783937,1,100,64,575.57
1784851784078,0,98,58,666.24
1784851784078,1,97,59,573.66
1784851784218,0,98,58,673.77
1784851784218,1,100,63,557.53
1784851784359,0,98,58,665.58
1784851784359,1,100,63,551.06
1784851784500,0,89,53,664.65
1784851784500,1,100,53,564.17
1784851784640,0,89,53,660.93
1784851784640,1,98,64,564.67
1784851784780,0,95,52,675.14
1784851784780,1,98,64,574.67
1784851784920,0,98,57,677.90
1784851784920,1,99,58,598.97
1784851785059,0,98,58,683.78
1784851785059,1,100,60,604.70
1784851785197,0,98,58,684.82
1784851785197,1,100,60,599.21
1784851785336,0,98,57,689.19
1784851785336,1,100,67,595.05
1784851785475,0,90,53,694.66
1784851785475,1,97,59,581.35
1784851785614,0,90,53,693.18
1784851785614,1,99,61,583.40
1784851785753,0,94,51,682.68
1784851785753,1,99,61,580.93
1784851785893,0,98,57,680.98
1784851785893,1,100,68,570.21
1784851786031,0,98,57,687.73
1784851786031,1,99,59,564.19
1784851786171,0,98,57,688.33
1784851786171,1,99,59,568.55
1784851786309,0,98,57,686.99
1784851786309,1,100,69,569.78
1784851786449,0,90,53,683.47
1784851786449,1,100,62,568.13
1784851786588,0,90,53,683.11
1784851786588,1,100,62,562.76
1784851786730,0,94,53,681.68
1784851786730,1,100,67,564.31
1784851786870,0,98,59,684.26
1784851786870,1,100,61,574.75
1784851787009,0,98,59,679.54
1784851787009,1,100,61,576.45
1784851787148,0,98,60,675.50
1784851787148,1,100,64,575.61
1784851787289,0,98,60,676.25
1784851787289,1,94,55,580.65
1784851787428,0,98,60,677.54
1784851787428,1,100,59,575.71
1784851787569,0,90,55,690.94
1784851787569,1,100,59,580.15
1784851787708,0,95,52,688.04
1784851787708,1,100,61,582.18
1784851787849,0,98,57,687.36
1784851787849,1,100,64,581.02
1784851787988,0,98,57,692.24
1784851787988,1,100,64,572.69
1784851788126,0,98,57,690.04
1784851788126,1,100,64,568.69
1784851788266,0,98,58,692.82
1784851788266,1,100,62,569.66
1784851788404,0,98,58,690.11
1784851788404,1,100,62,585.32
1784851788543,0,90,53,685.81
1784851788543,1,100,59,578.18
1784851788682,0,94,52,679.90
1784851788682,1,100,69,565.65
1784851788823,0,94,52,683.53
1784851788823,1,100,68,548.49
1784851788963,0,98,58,682.58
1784851788963,1,100,68,554.38
1784851789103,0,98,58,683.83
1784851789103,1,98,62,548.21
1784851789243,0,98,58,685.46
1784851789243,1,95,52,567.62
1784851789383,0,98,58,676.55
1784851789383,1,95,52,562.16
1784851789523,0,91,54,684.53
1784851789523,1,94,61,556.26
1784851789664,0,94,52,691.69
1784851789664,1,100,63,556.18
1784851789804,0,94,52,694.32
1784851789804,1,100,63,564.09
1784851789944,0,98,58,691.09
1784851789944,1,100,68,564.97
1784851790083,0,98,57,694.20
1784851790083,1,100,67,560.33
1784851790222,0,98,57,692.68
1784851790222,1,98,57,548.43
1784851790362,0,98,58,693.81
1784851790362,1,98,57,563.28
1784851790505,0,91,53,692.85
1784851790505,1,99,57,561.98
1784851790667,0,84,46,691.30
1784851790667,1,72,40,577.67
1784851790806,0,84,46,684.21
1784851790806,1,72,40,590.45
1784851790945,0,98,57,688.74
1784851790945,1,100,66,595.78
1784851791085,0,98,56,686.58
1784851791085,1,98,56,613.98
1784851791223,0,98,56,688.65
1784851791223,1,99,62,605.44
1784851791363,0,98,57,685.65
1784851791363,1,99,62,600.87
1784851791504,0,95,55,683.44
1784851791504,1,100,60,589.81
1784851791644,0,95,55,684.91
1784851791644,1,100,61,606.70
1784851791784,0,94,51,679.62
1784851791784,1,100,61,599.99
1784851791924,0,98,53,680.08
1784851791924,1,100,61,599.84
1784851792063,0,98,58,675.36
1784851792063,1,99,66,595.67
1784851792204,0,98,58,673.56
1784851792204,1,99,66,599.52
1784851792344,0,98,58,675.66
1784851792344,1,99,65,586.20
1784851792482,0,97,58,680.22
1784851792482,1,100,64,582.29
1784851792623,0,97,58,681.81
1784851792623,1,100,66,567.64
1784851792763,0,94,52,680.92
1784851792763,1,100,66,555.99
1784851792904,0,98,53,683.96
1784851792904,1,99,65,556.47
1784851793042,0,98,53,678.19
1784851793042,1,98,63,554.73
1784851793180,0,98,58,677.68
1784851793180,1,98,63,566.95
1784851793321,0,98,58,672.00
1784851793321,1,97,61,581.17
1784851793460,0,94,57,669.64
1784851793460,1,99,63,586.29
1784851793599,0,94,57,672.55
1784851793599,1,99,63,592.14
1784851793740,0,95,53,665.66
1784851793740,1,100,64,599.50
1784851793879,0,98,54,671.39
1784851793879,1,100,64,591.54
1784851794018,0,98,54,674.85
1784851794018,1,97,60,590.04
1784851794158,0,98,58,676.42
1784851794158,1,97,60,567.15
1784851794299,0,98,59,680.90
1784851794299,1,100,68,560.84
1784851794439,0,98,59,684.01
1784851794439,1,100,66,534.41
1784851794578,0,98,57,681.63
1784851794578,1,100,66,525.82
1784851794717,0,94,53,678.36
1784851794717,1,97,58,520.20
1784851794858,0,99,51,659.75
1784851794858,1,100,68,513.72
1784851794998,0,99,51,655.06
1784851794998,1,100,68,525.36
1784851795137,0,98,60,649.70
1784851795137,1,87,51,530.17
1784851795276,0,98,61,646.65
1784851795276,1,97,55,542.34
1784851795415,0,98,61,644.66
1784851795415,1,97,55,551.35
1784851795556,0,98,61,644.87
1784851795556,1,98,63,572.01
1784851795695,0,94,53,651.40
1784851795695,1,100,56,566.09
1784851795833,0,94,53,665.99
1784851795833,1,97,59,578.77
1784851795972,0,93,50,664.68
1784851795972,1,97,59,564.66
1784851796112,0,98,60,665.16
1784851796112,1,100,67,565.99
1784851796252,0,98,60,662.95
1784851796252,1,100,66,564.39
1784851796392,0,98,60,662.80
1784851796392,1,100,66,562.31
1784851796530,0,98,60,663.78
1784851796530,1,100,62,542.10
1784851796669,0,94,53,660.91
1784851796669,1,100,67,529.25
1784851796808,0,94,53,661.31
1784851796808,1,100,67,524.87
1784851796949,0,98,53,669.62
1784851796949,1,91,56,540.89
1784851797090,0,98,59,671.35
1784851797090,1,95,56,547.88
1784851797230,0,98,59,674.61
1784851797230,1,100,67,549.09
1784851797369,0,98,59,681.37
1784851797369,1,100,67,558.09
1784851797507,0,93,57,681.40
1784851797507,1,100,65,557.42
1784851797646,0,93,57,681.26
1784851797646,1,100,63,572.98
1784851797786,0,94,52,685.47
1784851797786,1,100,63,579.83
1784851797926,0,98,54,689.65
1784851797926,1,100,64,582.44
1784851798064,0,98,58,689.50
1784851798064,1,100,53,586.81
1784851798204,0,98,58,690.37
1784851798204,1,100,53,568.73
1784851798342,0,98,57,687.72
1784851798342,1,97,61,566.92
1784851798481,0,97,58,682.69
1784851798481,1,100,65,565.37
1784851798621,0,97,58,681.50
1784851798621,1,100,68,561.98
1784851798759,0,94,52,680.47
1784851798759,1,100,68,550.85
1784851798898,0,98,55,680.14
1784851798898,1,100,67,540.00
1784851799036,0,98,55,677.85
1784851799036,1,99,65,509.62
1784851799174,0,97,59,677.36
1784851799174,1,99,65,518.21
1784851799313,0,98,60,679.59
1784851799313,1,100,69,504.32
1784851799454,0,91,56,686.74
1784851799454,1,99,64,508.55
1784851799595,0,91,56,689.94
1784851799595,1,99,64,507.50
1784851799735,0,94,52,686.79
1784851799735,1,99,64,504.92
1784851799875,0,98,58,662.41
1784851799875,1,100,68,499.47
1784851800014,0,98,58,658.96
1784851800014,1,100,68,506.30
1784851800154,0,98,60,643.60
1784851800154,1,99,55,526.01
1784851800294,0,98,60,634.48
1784851800294,1,100,64,528.80
1784851800434,0,98,60,624.18
1784851800434,1,97,63,529.02
1784851800575,0,89,55,625.59
1784851800575,1,97,63,526.89
1784851800715,0,94,53,620.90
1784851800715,1,91,57,534.27
1784851800855,0,98,59,646.27
1784851800855,1,97,56,564.85
1784851800995,0,98,59,655.23
1784851800995,1,97,56,566.66
1784851801135,0,98,59,665.02
1784851801135,1,99,58,543.00
1784851801274,0,98,60,679.15
1784851801274,1,100,64,541.22
1784851801413,0,98,60,680.79
1784851801413,1,100,64,559.54
1784851801552,0,89,54,692.49
1784851801552,1,95,58,573.87
1784851801692,0,94,53,690.09
1784851801692,1,100,67,569.58
1784851801833,0,94,53,687.03
1784851801833,1,96,58,562.53
1784851801972,0,98,59,691.02
1784851801972,1,96,58,574.94
1784851802113,0,98,59,685.71
1784851802113,1,100,59,579.99
1784851802252,0,98,59,688.15
1784851802252,1,92,60,580.41
1784851802394,0,98,59,684.66
1784851802394,1,92,60,572.51
1784851802533,0,89,54,683.40
1784851802533,1,97,59,570.83
1784851802674,0,94,52,675.23
1784851802674,1,100,66,564.98
1784851802813,0,94,52,677.38
1784851802813,1,100,66,560.56
1784851802953,0,97,59,679.65
1784851802953,1,95,62,551.28
1784851803092,0,98,59,678.26
1784851803092,1,100,66,548.97
1784851803233,0,98,59,682.13
1784851803233,1,99,66,556.54
1784851803374,0,98,59,676.76
1784851803374,1,99,66,564.00
1784851803514,0,89,54,678.08
1784851803514,1,93,50,581.67
1784851803653,0,94,52,677.98
1784851803653,1,100,64,582.31
1784851803793,0,94,52,686.18
1784851803793,1,100,64,586.63
1784851803932,0,98,58,683.95
1784851803932,1,87,48,597.91
1784851804072,0,97,59,683.91
1784851804072,1,100,61,604.55
1784851804211,0,97,59,679.63
1784851804211,1,100,61,606.26
1784851804351,0,98,59,675.83
1784851804351,1,99,63,604.57
1784851804491,0,94,52,675.73
1784851804491,1,99,61,580.08
1784851804634,0,94,52,678.37
1784851804634,1,100,66,568.59
1784851804773,0,94,52,677.72
1784851804773,1,100,66,570.67
1784851804912,0,98,59,674.90
1784851804912,1,98,61,564.27
1784851805051,0,98,59,682.22
1784851805051,1,92,54,554.93
1784851805190,0,97,58,686.40
1784851805190,1,92,54,547.78
1784851805328,0,98,58,688.81
1784851805328,1,97,55,549.35
1784851805468,0,94,53,690.38
1784851805468,1,96,62,544.32
1784851805608,0,94,53,673.17
1784851805608,1,96,62,543.38
1784851805745,0,44,25,623.87
1784851805745,1,98,62,549.62
1784851805883,0,0,0,532.99
1784851805883,1,96,57,548.71
1784851806021,0,0,0,528.88
1784851806021,1,96,57,560.36
1784851806162,0,98,58,532.71
1784851806162,1,98,61,562.66
1784851806303,0,98,59,533.46
1784851806303,1,98,61,557.20
1784851806443,0,98,59,539.61
1784851806443,1,100,64,561.47
1784851806584,0,98,58,549.72
1784851806584,1,100,64,563.09
1784851806724,0,89,53,608.18
1784851806724,1,96,59,566.68
1784851806863,0,95,51,698.11
1784851806863,1,97,59,563.93
1784851807000,0,95,51,692.83
1784851807000,1,97,59,565.84
1784851807141,0,98,57,694.32
1784851807141,1,98,66,543.19
1784851807281,0,98,58,689.87
1784851807281,1,100,66,540.43
1784851807421,0,98,58,689.57
1784851807421,1,100,66,541.56
1784851807561,0,98,58,684.68
1784851807561,1,100,66,549.14
1784851807700,0,90,53,684.73
1784851807700,1,100,63,541.42
1784851807839,0,90,53,683.30
1784851807839,1,79,51,522.15
1784851807978,0,91,50,680.07
1784851807978,1,79,51,522.30
1784851808116,0,98,57,671.85
1784851808116,1,98,60,522.05
1784851808257,0,98,57,673.81
1784851808257,1,98,64,513.08
1784851808394,0,98,57,676.14
1784851808394,1,98,64,506.36
1784851808533,0,97,57,671.84
1784851808533,1,100,66,512.17
1784851808673,0,90,53,678.55
1784851808673,1,100,65,510.07
1784851808813,0,90,53,680.48
1784851808813,1,100,65,508.02
1784851808952,0,95,53,688.99
1784851808952,1,98,63,504.08
1784851809091,0,98,58,690.57
1784851809091,1,99,68,495.25
1784851809231,0,98,58,689.08
1784851809231,1,97,61,509.50
1784851809370,0,98,58,689.09
1784851809370,1,97,61,507.91
1784851809510,0,98,57,688.81
1784851809510,1,99,63,510.54
1784851809649,0,98,57,690.19
1784851809649,1,100,65,488.66
1784851809788,0,91,54,686.71
1784851809788,1,100,65,490.79
1784851809927,0,95,52,683.23
1784851809927,1,100,66,505.57
1784851810066,0,98,58,677.31
1784851810066,1,98,55,514.73
1784851810205,0,98,58,677.32
1784851810205,1,98,55,517.61
1784851810346,0,98,58,675.20
1784851810346,1,100,67,501.64
1784851810486,0,98,59,674.05
1784851810486,1,100,67,497.25
1784851810627,0,98,59,664.57
1784851810627,1,98,63,506.18
1784851810766,0,90,54,665.00
1784851810766,1,98,63,518.82
1784851810906,0,94,53,666.29
1784851810906,1,100,57,533.96
1784851811045,0,94,53,663.15
1784851811045,1,100,65,533.75
1784851811184,0,98,59,666.71
1784851811184,1,100,65,534.75
1784851811322,0,98,60,665.90
1784851811322,1,94,53,552.65
1784851811462,0,98,60,666.53
1784851811462,1,96,55,571.96
1784851811601,0,98,60,668.90
1784851811601,1,96,55,570.68
1784851811744,0,87,52,670.62
1784851811744,1,95,52,592.02
1784851811883,0,95,51,672.64
1784851811883,1,96,57,580.54
1784851812019,0,95,51,673.05
1784851812019,1,96,57,577.88
1784851812156,0,98,56,680.72
1784851812156,1,100,64,587.09
1784851812296,0,98,57,691.65
1784851812296,1,100,61,585.26
1784851812435,0,98,57,693.36
1784851812435,1,99,63,584.72
1784851812576,0,98,57,692.10
1784851812576,1,99,63,595.40
1784851812717,0,90,52,687.94
1784851812717,1,96,56,592.79
1784851812856,0,90,52,684.84
1784851812856,1,99,66,584.91
1784851812996,0,95,52,678.97
1784851812996,1,99,66,582.29
1784851813137,0,98,59,678.72
1784851813137,1,97,62,584.30
1784851813275,0,97,59,673.54
1784851813275,1,100,59,588.41
1784851813414,0,97,59,678.83
1784851813414,1,100,59,598.06
1784851813553,0,98,59,674.78
1784851813553,1,95,57,600.74
1784851813693,0,89,53,687.83
1784851813693,1,100,62,591.82
1784851813831,0,89,53,692.68
1784851813831,1,96,60,609.20
1784851813969,0,95,51,688.78
1784851813969,1,96,60,617.10
1784851814108,0,98,58,681.70
1784851814108,1,100,62,618.76
1784851814247,0,98,58,681.31
1784851814247,1,99,58,617.28
1784851814385,0,98,58,676.99
1784851814385,1,99,58,606.64
1784851814525,0,98,58,682.42
1784851814525,1,100,68,606.56
1784851814664,0,89,53,677.24
1784851814664,1,98,66,590.59
1784851814803,0,89,53,675.08
1784851814803,1,98,66,578.98
1784851814941,0,95,51,678.10
1784851814941,1,100,69,569.11
1784851815080,0,98,58,674.05
1784851815080,1,99,66,553.58
1784851815221,0,98,58,679.63
1784851815221,1,99,66,541.59
1784851815361,0,98,58,679.00
1784851815361,1,100,67,523.66
1784851815501,0,98,58,680.73
1784851815501,1,100,64,516.37
1784851815642,0,98,58,678.22
1784851815642,1,99,60,518.16
1784851815782,0,89,53,682.45
1784851815782,1,99,60,518.38
1784851815922,0,95,51,687.03
1784851815922,1,100,68,514.94
1784851816061,0,98,58,689.84
1784851816061,1,100,65,508.52
1784851816212,0,98,58,684.10
1784851816212,1,100,65,509.89
1784851816352,0,97,59,680.63
1784851816352,1,98,64,503.27
1784851816490,0,98,59,671.73
1784851816490,1,97,63,511.41
1784851816631,0,98,59,673.76
1784851816631,1,98,60,503.11
1784851816771,0,89,52,672.98
1784851816771,1,98,60,503.24
1784851816911,0,96,50,670.41
1784851816911,1,100,61,509.88
1784851817050,0,96,50,669.88
1784851817050,1,100,67,510.87
1784851817190,0,97,58,677.42
1784851817190,1,100,67,503.33
1784851817329,0,98,58,681.24
1784851817329,1,99,67,514.68
1784851817469,0,98,57,684.88
1784851817469,1,100,59,517.64
1784851817608,0,98,57,685.10
1784851817608,1,100,59,536.56
1784851817747,0,88,52,686.29
1784851817747,1,100,60,532.87
1784851817886,0,96,51,688.67
1784851817886,1,100,64,535.44
1784851818046,0,96,51,688.81
1784851818046,1,71,39,541.38
1784851818186,0,98,58,685.30
1784851818186,1,71,39,542.26
1784851818326,0,98,57,688.77
1784851818326,1,98,59,547.10
1784851818464,0,98,58,689.52
1784851818464,1,100,63,541.92
1784851818605,0,98,58,690.31
1784851818605,1,100,63,530.12
1784851818743,0,89,51,689.59
1784851818743,1,95,56,546.18
1784851818883,0,96,51,686.03
1784851818883,1,99,50,550.37
1784851819022,0,96,51,692.31
1784851819022,1,99,50,553.14
1784851819161,0,98,59,691.50
1784851819161,1,100,64,568.99
1784851819300,0,98,60,687.04
1784851819300,1,100,59,564.36
1784851819439,0,98,60,683.72
1784851819439,1,98,63,570.23
1784851819577,0,98,60,684.28
1784851819577,1,98,63,575.24
1784851819714,0,88,51,682.31
1784851819714,1,100,65,568.43
1784851819855,0,88,51,679.41
1784851819855,1,96,55,564.66
1784851819995,0,90,48,680.86
1784851819995,1,96,55,574.42
1784851820135,0,98,59,681.91
1784851820135,1,100,67,564.16
1784851820276,0,98,59,679.41
1784851820276,1,98,60,566.35
1784851820416,0,98,59,677.68
1784851820416,1,98,60,557.55
1784851820556,0,98,58,674.79
1784851820556,1,100,62,549.96
1784851820698,0,85,49,680.68
1784851820698,1,100,58,567.77
1784851820838,0,85,49,682.64
1784851820838,1,94,60,548.15
1784851820976,0,90,49,673.83
1784851820976,1,94,60,540.76
1784851821115,0,98,59,666.88
1784851821115,1,95,63,540.85
1784851821254,0,98,59,672.91
1784851821254,1,100,60,545.55
1784851821394,0,98,59,668.49
1784851821394,1,100,60,536.34
1784851821535,0,98,59,669.52
1784851821535,1,100,68,535.24
1784851821682,0,88,49,659.98
1784851821682,1,97,64,517.97
1784851821820,0,88,49,658.01
1784851821820,1,97,64,525.29
1784851821958,0,91,48,653.90
1784851821958,1,89,51,546.58
1784851822098,0,98,58,675.26
1784851822098,1,99,51,558.20
1784851822239,0,98,58,672.97
1784851822239,1,96,56,549.33
1784851822379,0,98,58,682.15
1784851822379,1,96,56,569.00
1784851822519,0,97,58,678.14
1784851822519,1,98,54,585.28
1784851822659,0,97,58,681.54
1784851822659,1,95,48,603.23
1784851822798,0,92,52,687.42
1784851822798,1,95,48,616.70
1784851822937,0,91,47,685.35
1784851822937,1,98,58,606.24
1784851823077,0,98,59,683.75
1784851823077,1,99,61,605.82
1784851823215,0,98,59,687.45
1784851823215,1,99,61,606.89
1784851823356,0,98,58,681.84
1784851823356,1,97,61,602.88
1784851823496,0,98,58,689.14
1784851823496,1,98,65,589.56
1784851823634,0,98,58,690.40
1784851823634,1,96,59,581.16
1784851823774,0,94,52,686.70
1784851823774,1,96,59,582.92
1784851823913,0,91,45,684.33
1784851823913,1,99,63,573.91
1784851824052,0,91,45,675.11
1784851824052,1,94,55,571.10
1784851824191,0,98,58,675.68
1784851824191,1,94,55,576.47
1784851824331,0,98,57,673.91
1784851824331,1,97,57,567.26
1784851824469,0,98,57,674.96
1784851824469,1,100,65,566.82
1784851824608,0,98,57,675.83
1784851824608,1,100,65,567.81
1784851824747,0,94,54,677.24
1784851824747,1,98,64,543.78
1784851824887,0,91,45,674.23
1784851824887,1,100,63,545.52
1784851825026,0,91,45,675.62
1784851825026,1,100,63,549.21
1784851825166,0,98,60,677.59
1784851825166,1,100,60,554.17
1784851825308,0,98,59,675.96
1784851825308,1,99,56,549.26
1784851825448,0,98,59,676.53
1784851825448,1,98,61,552.27
1784851825588,0,98,59,674.45
1784851825588,1,98,61,552.93
1784851825728,0,94,52,676.73
1784851825728,1,100,63,555.84
1784851825867,0,82,42,672.33
1784851825867,1,95,50,574.35
1784851826007,0,82,42,679.11
1784851826007,1,95,50,560.95
1784851826145,0,98,58,676.65
1784851826145,1,100,67,552.57
1784851826285,0,98,58,682.63
1784851826285,1,100,67,547.64
1784851826425,0,98,58,678.70
1784851826425,1,100,67,550.15
1784851826564,0,98,58,675.97
1784851826564,1,100,65,543.67
1784851826703,0,94,52,676.81
1784851826703,1,98,64,538.28
1784851826843,0,94,52,682.41
1784851826843,1,99,63,509.92
1784851826982,0,91,46,679.07
1784851826982,1,99,63,519.82
1784851827121,0,97,58,679.69
1784851827121,1,96,54,514.84
1784851827262,0,97,58,678.71
1784851827262,1,100,61,525.54
1784851827402,0,97,58,671.74
1784851827402,1,100,61,531.34
1784851827543,0,98,58,672.76
1784851827543,1,99,62,524.23
1784851827681,0,95,52,670.22
1784851827681,1,100,58,536.30
1784851827820,0,95,52,669.37
1784851827820,1,100,58,543.43
1784851827961,0,92,46,671.18
1784851827961,1,100,59,546.41
1784851828101,0,98,58,678.99
1784851828101,1,98,63,541.70
1784851828241,0,98,58,669.52
1784851828241,1,100,60,541.41
1784851828380,0,98,58,677.71
1784851828380,1,100,60,535.59
1784851828520,0,98,58,675.04
1784851828520,1,98,62,536.65
1784851828660,0,98,58,675.28
1784851828660,1,100,66,526.26
1784851828799,0,95,52,668.77
1784851828799,1,100,66,520.45
1784851828936,0,92,47,664.47
1784851828936,1,90,56,543.55
1784851829075,0,98,58,667.69
1784851829075,1,100,56,544.41
1784851829216,0,98,58,674.54
1784851829216,1,100,56,552.54
1784851829355,0,98,58,668.39
1784851829355,1,99,55,537.72
1784851829494,0,98,58,669.54
1784851829494,1,100,67,543.03
1784851829634,0,98,58,667.52
1784851829634,1,100,67,546.06
1784851829771,0,94,53,675.27
1784851829771,1,98,63,549.45
1784851829910,0,92,46,672.65
1784851829910,1,96,63,540.96
1784851830051,0,92,46,676.58
1784851830051,1,97,57,529.06
1784851830192,0,98,59,671.69
1784851830192,1,97,57,519.26
1784851830331,0,98,60,677.70
1784851830331,1,100,65,521.44
1784851830484,0,98,60,678.46
1784851830484,1,98,56,523.95
1784851830623,0,98,60,683.88
1784851830623,1,98,56,522.19
1784851830761,0,94,53,683.76
1784851830761,1,99,61,522.19
1784851830900,0,92,46,676.07
1784851830900,1,99,64,526.08
1784851831040,0,92,46,675.03
1784851831040,1,100,63,522.34
1784851831179,0,98,58,681.95
1784851831179,1,100,63,523.36
1784851831319,0,98,59,679.69
1784851831319,1,97,64,547.45
1784851831460,0,98,59,685.78
1784851831460,1,95,57,537.04
1784851831599,0,98,59,677.36
1784851831599,1,95,57,536.15
1784851831739,0,94,52,675.83
1784851831739,1,100,61,548.26
1784851831878,0,92,48,682.20
1784851831878,1,100,61,555.72
1784851832018,0,92,48,689.57
1784851832018,1,100,61,555.49
1784851832158,0,98,57,688.48
1784851832158,1,96,61,561.38
1784851832297,0,98,57,691.56
1784851832297,1,100,63,556.40
1784851832437,0,98,57,688.78
1784851832437,1,99,63,567.60
1784851832577,0,98,58,688.44
1784851832577,1,99,63,559.88
1784851832716,0,93,52,686.62
1784851832716,1,97,64,547.40
1784851832856,0,93,52,685.34
1784851832856,1,98,62,543.58
1784851833003,0,89,48,676.17
1784851833003,1,98,62,546.08
1784851833143,0,98,60,669.56
1784851833143,1,99,65,540.21
1784851833284,0,98,59,663.06
1784851833284,1,98,65,532.24
1784851833422,0,98,59,660.94
1784851833422,1,98,65,520.82
1784851833563,0,98,59,659.33
1784851833563,1,100,67,515.28
1784851833703,0,94,52,668.86
1784851833703,1,98,64,516.05
1784851833843,0,94,52,670.30
1784851833843,1,94,60,500.29
1784851833982,0,98,54,671.80
1784851833982,1,94,60,508.04
1784851834121,0,98,60,675.09
1784851834121,1,98,58,519.31
1784851834261,0,98,60,672.97
1784851834261,1,100,67,507.59
1784851834401,0,98,60,670.98
1784851834401,1,100,67,507.33
1784851834566,0,97,60,664.86
1784851834566,1,98,63,519.76
1784851834704,0,94,52,663.51
1784851834704,1,99,62,534.19
1784851834842,0,94,52,655.34
1784851834842,1,100,62,552.39
1784851834981,0,98,54,670.41
1784851834981,1,100,62,558.73
1784851835121,0,98,58,669.34
1784851835121,1,95,45,566.81
1784851835260,0,98,58,670.79
1784851835260,1,99,63,592.11
1784851835399,0,98,58,680.19
1784851835399,1,99,63,597.86
1784851835538,0,98,58,685.03
1784851835538,1,90,50,601.51
1784851835681,0,17,17,614.74
1784851835681,1,98,61,582.83
1784851835819,0,17,17,573.90
1784851835819,1,98,61,541.08
1784851835952,0,14,1,520.53
1784851835952,1,66,39,469.86
1784851836086,0,0,0,408.95
1784851836086,1,0,0,413.46
1784851836220,0,0,0,356.79
1784851836220,1,0,0,371.44
1784851836353,0,0,0,306.87
1784851836353,1,0,0,290.83
1784851836490,0,23,4,200.77
1784851836490,1,67,31,275.49
1784851836626,0,23,4,157.70
1784851836626,1,67,31,255.71
1784851836762,0,0,0,152.84
1784851836762,1,100,66,302.66
1784851836897,0,0,0,137.01
1784851836897,1,100,47,355.15
1784851837032,0,0,0,136.50
1784851837032,1,100,47,415.44
1784851837168,0,0,0,136.08
1784851837168,1,100,47,534.61
1784851837303,0,0,0,135.42
1784851837303,1,100,47,585.47
1784851837439,0,0,0,134.08
1784851837439,1,96,53,647.68
1784851837578,0,0,0,132.35
1784851837578,1,96,53,674.38
1784851837714,0,0,0,132.13
1784851837714,1,90,51,698.41
1784851837849,0,0,0,132.00
1784851837849,1,100,66,653.78
1784851837985,0,0,0,131.66
1784851837985,1,100,66,632.63
1784851838121,0,0,0,131.56
1784851838121,1,99,66,616.88
1784851838257,0,0,0,131.43
1784851838257,1,99,64,586.25
1784851838393,0,0,0,131.20
1784851838393,1,99,64,573.41
1784851838530,0,0,0,131.07
1784851838530,1,99,67,568.69
1784851838670,0,0,0,130.86
1784851838670,1,100,69,541.87
1784851838823,0,0,0,130.64
1784851838823,1,100,69,540.80
1784851838958,0,0,0,130.48
1784851838958,1,99,61,539.19
1784851839094,0,0,0,130.17
1784851839094,1,98,63,531.86
1784851839231,0,0,0,130.02
1784851839231,1,98,63,520.35
1784851839367,0,0,0,129.83
1784851839367,1,100,69,514.05
1784851839504,0,0,0,129.57
1784851839504,1,99,64,516.46
1784851839641,0,0,0,129.41
1784851839641,1,99,64,507.30
1784851839778,0,0,0,129.19
1784851839778,1,100,68,506.40
1784851839914,0,0,0,129.12
1784851839914,1,100,69,501.17
1784851840051,0,0,0,129.05
1784851840051,1,100,71,488.95
1784851840187,0,0,0,128.93
1784851840187,1,100,71,487.14
1784851840324,0,0,0,128.84
1784851840324,1,100,71,484.57
1784851840460,0,0,0,128.80
1784851840460,1,95,59,481.38
1784851840598,0,0,0,128.67
1784851840598,1,95,59,479.64
1784851840734,0,0,0,128.65
1784851840734,1,100,67,483.17
1784851840870,0,0,0,128.58
1784851840870,1,97,62,485.49
1784851841005,0,0,0,128.49
1784851841005,1,97,62,510.41
1784851841141,0,0,0,128.43
1784851841141,1,100,63,506.33
1784851841279,0,0,0,128.35
1784851841279,1,99,65,517.51
1784851841414,0,0,0,128.29
1784851841414,1,99,65,524.53
1784851841552,0,0,0,128.28
1784851841552,1,97,57,535.97
1784851841690,0,0,0,128.21
1784851841690,1,100,67,535.29
1784851841827,0,0,0,128.19
1784851841827,1,100,67,535.87
1784851841964,0,0,0,128.12
1784851841964,1,93,61,512.26
1784851842100,0,0,0,128.05
1784851842100,1,98,61,521.63
1784851842236,0,0,0,127.99
1784851842236,1,98,61,544.95
1784851842373,0,0,0,127.97
1784851842373,1,100,59,548.58
1784851842510,0,0,0,127.87
1784851842510,1,100,59,550.06
1784851842647,0,0,0,127.81
1784851842647,1,100,66,549.84
1784851842787,0,79,44,237.14
1784851842787,1,100,66,549.00
1784851842926,0,92,50,293.76
1784851842926,1,100,68,553.14
1784851843066,0,92,50,345.54
1784851843066,1,100,67,545.14
1784851843206,0,98,57,452.57
1784851843206,1,100,67,532.65
1784851843347,0,98,57,515.65
1784851843347,1,98,61,533.80
1784851843486,0,98,56,629.81
1784851843486,1,97,54,552.75
1784851843628,0,98,56,680.67
1784851843628,1,97,54,565.44
1784851843765,0,91,51,687.37
1784851843765,1,93,54,596.87
1784851843905,0,91,47,683.58
1784851843905,1,100,61,599.09
1784851844044,0,91,47,689.68
1784851844044,1,99,65,606.13
1784851844184,0,98,59,690.05
1784851844184,1,99,65,616.39
1784851844324,0,98,58,694.41
1784851844324,1,100,62,618.45
1784851844463,0,98,58,692.41
1784851844463,1,97,57,616.76
1784851844602,0,98,58,687.02
1784851844602,1,97,57,606.12
1784851844743,0,93,51,693.00
1784851844743,1,97,64,583.38
1784851844884,0,92,47,693.10
1784851844884,1,100,65,583.25
1784851845024,0,92,47,695.40
1784851845024,1,100,65,583.49
1784851845163,0,98,57,697.16
1784851845163,1,94,55,569.11
1784851845304,0,98,56,693.38
1784851845304,1,100,68,556.27
1784851845445,0,98,56,693.52
1784851845445,1,100,63,549.35
1784851845584,0,98,56,696.38
1784851845584,1,100,63,542.70
1784851845724,0,88,52,700.26
1784851845724,1,100,65,540.20
1784851845865,0,88,52,693.22
1784851845865,1,99,62,540.69
1784851846003,0,91,49,678.01
1784851846003,1,99,62,534.88
1784851846143,0,98,60,675.59
1784851846143,1,99,66,531.42
1784851846284,0,98,59,676.98
1784851846284,1,100,64,525.79
1784851846424,0,98,59,675.80
1784851846424,1,100,64,515.86
1784851846565,0,98,59,677.27
1784851846565,1,96,55,518.81
1784851846704,0,87,49,674.76
1784851846704,1,100,66,524.92
1784851846843,0,87,49,681.50
1784851846843,1,100,66,544.27
1784851846982,0,91,48,699.93
1784851846982,1,99,52,554.94
1784851847123,0,98,57,706.43
1784851847123,1,100,54,567.28
1784851847264,0,98,57,702.78
1784851847264,1,97,57,587.43
1784851847404,0,98,57,704.46
1784851847404,1,97,57,596.68
1784851847545,0,98,56,702.32
1784851847545,1,98,60,604.93
1784851847684,0,88,50,705.16
1784851847684,1,92,50,604.23
1784851847824,0,88,50,704.76
1784851847824,1,92,50,605.64
1784851847962,0,90,49,697.02
1784851847962,1,96,57,591.70
1784851848103,0,98,58,685.40
1784851848103,1,100,67,590.28
1784851848243,0,98,58,687.19
1784851848243,1,91,56,578.40
1784851848387,0,98,57,687.78
1784851848387,1,91,56,561.86
1784851848542,0,95,56,682.68
1784851848542,1,74,46,549.50
1784851848685,0,88,51,682.98
1784851848685,1,98,60,561.76
1784851848825,0,88,51,682.31
1784851848825,1,98,60,546.62
1784851848964,0,90,49,683.65
1784851848964,1,100,69,537.29
1784851849103,0,98,57,690.41
1784851849103,1,100,67,538.60
1784851849243,0,98,57,688.69
1784851849243,1,100,67,529.84
1784851849384,0,98,57,690.74
1784851849384,1,97,59,527.33
1784851849523,0,98,58,693.85
1784851849523,1,100,68,529.90
1784851849664,0,98,58,692.44
1784851849664,1,100,61,534.46
1784851849804,0,88,52,686.16
1784851849804,1,100,61,533.70
1784851849943,0,90,49,681.23
1784851849943,1,100,64,539.79
1784851850084,0,98,60,679.83
1784851850084,1,95,54,537.27
1784851850223,0,98,60,675.10
1784851850223,1,95,54,557.97
1784851850363,0,98,60,672.48
1784851850363,1,100,53,569.17
1784851850504,0,98,59,666.91
1784851850504,1,100,66,567.09
1784851850643,0,98,59,661.87
1784851850643,1,100,66,558.54
1784851850785,0,87,51,665.73
1784851850785,1,100,60,552.56
1784851850926,0,90,48,659.82
1784851850926,1,100,70,552.43
1784851851066,0,90,48,657.71
1784851851066,1,100,68,535.62
1784851851205,0,98,58,667.79
1784851851205,1,100,68,510.66
1784851851345,0,98,58,664.87
1784851851345,1,100,65,525.71
1784851851486,0,98,58,672.53
1784851851486,1,97,60,528.33
1784851851628,0,98,58,669.45
1784851851628,1,97,60,517.71
1784851851768,0,90,50,673.67
1784851851768,1,97,60,523.61
1784851851907,0,91,47,670.37
1784851851907,1,98,66,530.14
1784851852047,0,91,47,685.78
1784851852047,1,99,57,559.17
1784851852187,0,98,57,683.63
1784851852187,1,99,57,583.13
1784851852326,0,98,57,687.71
1784851852326,1,99,59,580.05
1784851852466,0,98,57,685.00
1784851852466,1,88,48,582.58
1784851852607,0,98,57,680.51
1784851852607,1,88,48,586.53
1784851852746,0,87,50,687.96
1784851852746,1,99,63,593.81
1784851852887,0,90,47,687.75
1784851852887,1,100,65,592.93
1784851853025,0,90,47,677.69
1784851853025,1,100,65,580.34
1784851853164,0,98,58,674.54
1784851853164,1,99,66,562.94
1784851853303,0,98,59,670.12
1784851853303,1,100,64,560.88
1784851853443,0,98,59,670.66
1784851853443,1,100,64,552.47
1784851853582,0,98,58,666.96
1784851853582,1,98,64,540.35
1784851853722,0,92,51,668.28
1784851853722,1,96,60,546.79
1784851853861,0,92,51,670.13
1784851853861,1,100,69,537.62
1784851853998,0,91,47,683.09
1784851853998,1,100,69,545.84
1784851854136,0,98,58,680.58
1784851854136,1,100,63,544.30
1784851854277,0,98,58,682.96
1784851854277,1,90,57,534.85
1784851854417,0,98,57,689.09
1784851854417,1,90,57,530.17
1784851854555,0,98,58,691.93
1784851854555,1,99,66,539.70
1784851854692,0,90,50,686.73
1784851854692,1,100,67,527.02
1784851854832,0,90,50,681.53
1784851854832,1,100,67,527.39
1784851854973,0,91,47,679.43
1784851854973,1,99,67,508.78
1784851855113,0,98,57,684.00
1784851855113,1,100,69,502.70
1784851855254,0,98,57,682.57
1784851855254,1,99,62,507.22
1784851855394,0,98,58,682.26
1784851855394,1,99,62,505.34
1784851855534,0,98,58,682.37
1784851855534,1,99,65,504.24
1784851855674,0,98,58,683.03
1784851855674,1,100,69,513.64
1784851855814,0,88,49,686.33
1784851855814,1,100,69,518.28
1784851855953,0,91,47,687.29
1784851855953,1,100,62,519.14
1784851856090,0,98,58,686.05
1784851856090,1,100,63,532.94
1784851856231,0,98,58,684.59
1784851856231,1,100,63,529.68
1784851856370,0,98,57,687.40
1784851856370,1,99,61,535.53
1784851856511,0,98,59,686.90
1784851856511,1,100,67,533.57
1784851856651,0,98,59,685.17
1784851856651,1,100,64,534.49
1784851856791,0,92,51,694.24
1784851856791,1,100,64,524.68
1784851856929,0,92,47,691.21
1784851856929,1,100,68,527.13
1784851857070,0,92,47,695.03
1784851857070,1,100,69,520.38
1784851857211,0,98,58,696.78
1784851857211,1,100,69,519.29
1784851857352,0,98,57,696.29
1784851857352,1,99,66,523.18
1784851857491,0,98,57,691.78
1784851857491,1,97,63,523.39
1784851857630,0,98,57,690.34
1784851857630,1,97,63,518.60
1784851857768,0,93,52,688.32
1784851857768,1,94,63,529.90
1784851857910,0,91,46,686.57
1784851857910,1,97,60,530.47
1784851858051,0,91,46,685.24
1784851858051,1,100,64,542.89
1784851858190,0,98,59,687.53
1784851858190,1,100,64,545.99
1784851858330,0,98,59,682.64
1784851858330,1,99,66,537.17
1784851858471,0,98,59,687.71
1784851858471,1,100,68,542.64
1784851858610,0,98,58,690.34
1784851858610,1,100,68,543.02
1784851858750,0,94,52,693.08
1784851858750,1,100,68,542.42
1784851858887,0,92,44,689.76
1784851858887,1,76,43,555.33
1784851859028,0,92,44,690.91
1784851859028,1,76,43,547.74
1784851859167,0,98,57,694.77
1784851859167,1,100,65,547.53
1784851859305,0,98,58,692.91
1784851859305,1,100,70,550.69
1784851859447,0,98,58,692.80
1784851859447,1,100,70,551.10
1784851859587,0,98,57,692.85
1784851859587,1,97,62,551.78
1784851859726,0,94,53,692.43
1784851859726,1,100,64,553.45
1784851859866,0,94,53,688.83
1784851859866,1,92,57,531.48
1784851860005,0,90,45,682.34
1784851860005,1,92,57,535.63
1784851860150,0,98,58,681.09
1784851860150,1,99,67,539.97
1784851860290,0,98,58,682.45
1784851860290,1,99,64,533.90
1784851860431,0,98,58,680.77
1784851860431,1,99,64,531.10
1784851860571,0,98,58,683.54
1784851860571,1,100,70,529.07
1784851860711,0,94,52,684.77
1784851860711,1,99,63,530.53
1784851860850,0,94,52,660.03
1784851860850,1,99,63,520.51
1784851860989,0,0,0,563.24
1784851860989,1,100,69,510.13
1784851861125,0,23,13,535.18
1784851861125,1,100,71,511.42
1784851861265,0,23,13,533.58
1784851861265,1,100,69,509.70
1784851861406,0,98,58,540.11
1784851861406,1,100,69,507.40
1784851861545,0,97,58,535.86
1784851861545,1,100,69,523.20
1784851861685,0,98,57,534.74
1784851861685,1,99,65,514.61
1784851861826,0,98,57,551.52
1784851861826,1,99,65,521.16
1784851861965,0,91,54,609.63
1784851861965,1,99,66,521.34
1784851862104,0,95,54,693.14
1784851862104,1,100,70,515.03
1784851862245,0,95,54,687.76
1784851862245,1,100,70,521.90
1784851862386,0,98,60,684.52
1784851862386,1,100,68,522.36
1784851862526,0,98,60,689.76
1784851862526,1,100,66,509.39
1784851862667,0,98,60,687.12
1784851862667,1,98,65,497.11
1784851862807,0,98,60,691.85
1784851862807,1,98,65,488.35
1784851862949,0,90,55,693.79
1784851862949,1,100,68,517.27
1784851863090,0,95,52,694.16
1784851863090,1,100,57,530.52
1784851863229,0,95,52,683.03
1784851863229,1,100,57,527.65
1784851863370,0,98,58,678.02
1784851863370,1,100,62,550.63
1784851863510,0,98,58,673.18
1784851863510,1,100,65,557.73
1784851863649,0,98,58,670.12
1784851863649,1,100,65,560.46
1784851863787,0,98,59,664.77
1784851863787,1,100,68,564.91
1784851863926,0,90,54,663.28
1784851863926,1,100,64,562.94
1784851864064,0,90,54,664.94
1784851864064,1,96,62,536.72
1784851864203,0,95,52,670.42
1784851864203,1,96,62,537.49
1784851864342,0,98,59,673.39
1784851864342,1,100,63,540.32
1784851864481,0,98,59,675.10
1784851864481,1,100,69,527.13
1784851864621,0,98,59,680.12
1784851864621,1,100,69,521.43
1784851864761,0,98,58,685.09
1784851864761,1,100,69,521.48
1784851864900,0,89,53,686.78
1784851864900,1,100,67,521.93
1784851865042,0,89,53,687.08
1784851865042,1,100,67,528.18
1784851865182,0,95,51,686.62
1784851865182,1,99,66,527.00
1784851865321,0,98,57,696.47
1784851865321,1,100,62,521.69
1784851865461,0,98,57,693.98
1784851865461,1,100,63,541.11
1784851865605,0,98,58,696.32
1784851865605,1,100,63,554.39
1784851865745,0,98,57,693.12
1784851865745,1,100,63,549.53
1784851865884,0,98,57,688.81
1784851865884,1,100,68,559.18
1784851866024,0,89,52,686.56
1784851866024,1,100,68,565.87
1784851866164,0,95,50,681.45
1784851866164,1,100,63,564.74
1784851866304,0,98,58,682.09
1784851866304,1,96,61,558.15
1784851866445,0,98,58,679.60
1784851866445,1,96,61,551.29
1784851866585,0,98,58,682.92
1784851866585,1,96,60,547.93
1784851866725,0,98,58,681.57
1784851866725,1,100,64,548.37
1784851866865,0,98,58,684.16
1784851866865,1,97,59,549.23
1784851867006,0,89,51,682.23
1784851867006,1,97,59,538.43
1784851867146,0,96,50,680.85
1784851867146,1,100,63,544.45
1784851867285,0,96,50,679.19
1784851867285,1,99,66,544.17
1784851867423,0,98,58,680.89
1784851867423,1,99,66,542.64
1784851867565,0,98,57,680.76
1784851867565,1,86,54,552.52
1784851867705,0,98,58,677.62
1784851867705,1,100,63,564.67
1784851867845,0,98,58,679.86
1784851867845,1,100,63,570.36
1784851867984,0,89,52,680.78
1784851867984,1,98,62,581.25
1784851868122,0,94,49,676.31
1784851868122,1,90,54,579.65
1784851868261,0,94,49,672.12
1784851868261,1,99,62,599.42
1784851868401,0,97,57,676.34
1784851868401,1,99,62,619.03
1784851868540,0,98,57,676.20
1784851868540,1,100,59,624.01
1784851868681,0,98,57,674.52
1784851868681,1,100,66,616.31
1784851868822,0,97,58,677.23
1784851868822,1,100,66,611.31
1784851868962,0,90,54,679.18
1784851868962,1,99,64,603.12
1784851869103,0,95,53,680.91
1784851869103,1,98,60,599.82
1784851869242,0,95,53,686.33
1784851869242,1,98,60,604.73
1784851869382,0,98,59,688.09
1784851869382,1,100,67,579.89
1784851869522,0,97,58,684.50
1784851869522,1,98,59,569.96
1784851869661,0,97,58,688.21
1784851869661,1,99,64,556.44
1784851869802,0,98,59,684.20
1784851869802,1,99,64,550.53
1784851869942,0,90,54,682.48
1784851869942,1,98,62,561.02
1784851870081,0,90,54,686.93
1784851870081,1,100,68,545.97
1784851870221,0,95,52,688.74
1784851870221,1,100,68,539.89
1784851870361,0,98,57,687.89
1784851870361,1,100,64,538.73
1784851870502,0,98,58,687.23
1784851870502,1,100,63,537.66
1784851870640,0,98,58,685.65
1784851870640,1,100,63,549.87
1784851870781,0,98,57,686.42
1784851870781,1,98,58,550.70
1784851870923,0,91,54,692.94
1784851870923,1,80,42,548.08
1784851871066,0,91,54,691.76
1784851871066,1,97,60,571.47
1784851871206,0,94,52,702.03
1784851871206,1,97,60,574.20
1784851871346,0,98,57,703.35
1784851871346,1,95,57,581.08
1784851871485,0,98,57,704.32
1784851871485,1,99,61,591.63
1784851871626,0,98,58,704.11
1784851871626,1,99,61,590.57
1784851871766,0,98,57,706.07
1784851871766,1,100,62,600.42
1784851871906,0,91,54,703.49
1784851871906,1,94,54,594.23
1784851872043,0,91,54,705.76
1784851872043,1,94,54,593.37
1784851872185,0,94,54,705.31
1784851872185,1,99,62,592.70
1784851872325,0,98,57,702.56
1784851872325,1,99,60,584.83
1784851872465,0,98,57,698.94
1784851872465,1,98,65,571.02
1784851872605,0,98,56,701.53
1784851872605,1,98,65,566.65
1784851872746,0,98,57,697.07
1784851872746,1,99,58,559.49
1784851872887,0,98,57,689.58
1784851872887,1,95,60,556.29
1784851873028,0,98,58,683.58
1784851873028,1,95,60,551.65
1784851873167,0,94,52,681.62
1784851873167,1,100,66,542.17
1784851873306,0,98,55,680.92
1784851873306,1,98,64,545.18
1784851873446,0,98,55,682.90
1784851873446,1,98,64,540.35
1784851873588,0,98,59,680.19
1784851873588,1,100,67,551.10
1784851873729,0,98,58,680.27
1784851873729,1,99,56,552.07
1784851873869,0,98,58,678.33
1784851873869,1,100,52,567.36
1784851874009,0,93,56,687.01
1784851874009,1,100,52,564.34
1784851874148,0,94,53,688.96
1784851874148,1,98,63,555.48
1784851874287,0,94,53,686.07
1784851874287,1,98,57,560.98
1784851874426,0,98,55,681.18
1784851874426,1,98,57,562.72
1784851874567,0,98,58,688.09
1784851874567,1,99,65,541.23
1784851874707,0,97,58,685.36
1784851874707,1,100,68,536.33
1784851874848,0,97,58,693.22
1784851874848,1,100,68,519.99
1784851874987,0,91,55,696.66
1784851874987,1,100,64,527.52
1784851875127,0,94,52,688.96
1784851875127,1,99,62,520.40
1784851875267,0,94,52,682.89
1784851875267,1,99,51,525.84
1784851875407,0,98,56,682.73
1784851875407,1,99,51,538.09
1784851875547,0,98,57,682.74
1784851875547,1,95,55,546.01
1784851875686,0,98,57,681.26
1784851875686,1,93,57,574.59
1784851875824,0,98,58,682.05
1784851875824,1,93,57,581.00
1784851875963,0,91,54,682.64
1784851875963,1,100,66,574.92
1784851876103,0,95,52,688.37
1784851876103,1,100,69,586.46
1784851876242,0,95,52,686.11
1784851876242,1,100,69,580.89
1784851876383,0,98,56,689.48
1784851876383,1,99,63,582.79
1784851876522,0,98,58,685.26
1784851876522,1,100,66,581.95
1784851876661,0,98,58,679.55
1784851876661,1,100,65,562.10
1784851876801,0,97,59,677.32
1784851876801,1,100,65,554.41
1784851876941,0,90,55,673.77
1784851876941,1,93,57,547.38
1784851877080,0,90,55,674.07
1784851877080,1,100,59,549.30
1784851877218,0,94,53,685.43
1784851877218,1,100,59,541.77
1784851877357,0,98,58,690.86
1784851877357,1,100,66,527.52
1784851877497,0,98,59,694.13
1784851877497,1,100,70,521.15
1784851877635,0,98,59,697.69
1784851877635,1,100,70,522.62
1784851877776,0,98,58,701.81
1784851877776,1,100,64,520.15
1784851877915,0,91,55,697.62
1784851877915,1,98,63,523.88
1784851878054,0,91,55,693.26
1784851878054,1,98,63,510.14
1784851878194,0,95,52,693.59
1784851878194,1,100,68,513.88
1784851878333,0,98,58,693.08
1784851878333,1,96,60,535.21
1784851878474,0,98,58,692.85
1784851878474,1,99,61,552.30
1784851878614,0,98,59,689.23
1784851878614,1,99,61,560.27
1784851878754,0,98,57,690.51
1784851878754,1,97,54,572.13
1784851878891,0,98,57,691.52
1784851878891,1,98,62,571.26
1784851879032,0,90,54,691.16
1784851879032,1,98,62,575.63
1784851879171,0,94,52,690.15
1784851879171,1,100,66,590.04
1784851879310,0,98,57,689.66
1784851879310,1,98,62,572.65
1784851879449,0,98,57,692.03
1784851879449,1,98,62,563.34
1784851879587,0,98,57,694.99
1784851879587,1,98,60,555.75
1784851879727,0,97,57,690.31
1784851879727,1,96,65,553.21
1784851879876,0,97,57,688.56
1784851879876,1,82,51,541.49
1784851880015,0,93,54,689.39
1784851880015,1,82,51,541.57
1784851880153,0,95,52,686.75
1784851880153,1,99,65,528.64
1784851880294,0,98,54,686.75
1784851880294,1,100,66,522.88
1784851880434,0,98,54,684.71
1784851880434,1,100,66,517.93
1784851880571,0,98,57,682.48
1784851880571,1,95,63,511.74
1784851880711,0,98,57,684.83
1784851880711,1,100,69,501.37
1784851880852,0,98,57,685.33
1784851880852,1,100,69,499.07
1784851880991,0,98,55,687.62
1784851880991,1,95,59,522.25
1784851881129,0,95,53,689.49
1784851881129,1,98,57,536.55
1784851881268,0,95,53,692.42
1784851881268,1,99,62,539.48
1784851881407,0,98,52,687.03
1784851881407,1,99,62,536.43
1784851881548,0,97,58,688.40
1784851881548,1,100,68,532.99
1784851881686,0,97,58,690.22
1784851881686,1,90,56,545.07
1784851881825,0,98,57,690.16
1784851881825,1,90,56,562.35
1784851881965,0,98,57,684.92
1784851881965,1,100,52,553.13
1784851882104,0,94,52,684.20
1784851882104,1,95,52,548.33
1784851882242,0,94,52,681.86
1784851882242,1,95,52,550.45
1784851882382,0,98,52,682.61
1784851882382,1,99,62,550.67
1784851882522,0,98,58,684.74
1784851882522,1,100,67,549.83
1784851882661,0,98,58,680.75
1784851882661,1,96,58,550.51
1784851882802,0,98,57,683.80
1784851882802,1,96,58,527.43
1784851882942,0,98,57,689.90
1784851882942,1,100,68,529.83
1784851883082,0,98,57,688.53
1784851883082,1,91,57,522.45
1784851883222,0,94,52,691.23
1784851883222,1,91,57,514.29
1784851883362,0,93,49,682.80
1784851883362,1,100,67,510.82
1784851883503,0,98,58,683.12
1784851883503,1,97,60,514.56
1784851883641,0,98,58,679.84
1784851883641,1,97,60,506.38
1784851883780,0,98,58,679.18
1784851883780,1,98,63,502.42
1784851883920,0,98,58,673.70
1784851883920,1,100,65,499.96
1784851884058,0,98,58,677.94
1784851884058,1,100,65,508.27
1784851884197,0,94,53,680.02
1784851884197,1,99,57,515.54
1784851884335,0,98,53,691.51
1784851884335,1,99,61,526.65
1784851884474,0,98,53,694.49
1784851884474,1,100,62,523.51
1784851884614,0,98,57,696.21
1784851884614,1,100,62,531.86
1784851884753,0,98,58,698.96
1784851884753,1,96,57,530.23
1784851884894,0,98,58,696.28
1784851884894,1,98,62,555.90
1784851885033,0,98,58,692.86
1784851885033,1,98,62,549.67
1784851885173,0,95,52,687.96
1784851885173,1,99,59,545.61
1784851885312,0,98,53,686.32
1784851885312,1,99,64,550.61
1784851885453,0,98,53,682.22
1784851885453,1,99,64,549.01
1784851885591,0,98,59,679.48
1784851885591,1,99,61,583.54
1784851885732,0,98,58,672.56
1784851885732,1,97,58,606.71
1784851885871,0,98,58,670.95
1784851885871,1,98,56,609.05
1784851886011,0,98,58,681.22
1784851886011,1,98,56,616.84
1784851886151,0,94,52,683.62
1784851886151,1,100,56,612.98
1784851886289,0,94,52,682.01
1784851886289,1,99,64,604.23
1784851886427,0,98,52,677.80
1784851886427,1,99,64,603.30
1784851886567,0,97,56,683.21
1784851886567,1,90,55,595.65
1784851886707,0,98,56,689.90
1784851886707,1,99,53,593.72
1784851886846,0,98,56,690.77
1784851886846,1,99,53,589.31
1784851886985,0,98,58,687.67
1784851886985,1,99,61,589.02
1784851887125,0,94,51,680.98
1784851887125,1,100,61,593.90
1784851887263,0,94,51,682.76
1784851887263,1,96,63,590.43
1784851887403,0,98,54,691.32
1784851887403,1,96,63,606.54
1784851887543,0,98,57,687.64
1784851887543,1,99,53,610.78
1784851887684,0,98,57,687.66
1784851887684,1,95,60,575.20
1784851887824,0,98,57,688.12
1784851887824,1,95,60,571.34
1784851887964,0,98,58,688.49
1784851887964,1,100,67,558.76
1784851888102,0,94,52,689.13
1784851888102,1,97,62,549.46
1784851888242,0,94,52,688.92
1784851888242,1,97,62,556.50
1784851888383,0,98,53,687.96
1784851888383,1,98,59,546.42
1784851888524,0,98,56,691.78
1784851888524,1,100,63,540.54
1784851888665,0,98,56,690.77
1784851888665,1,98,64,544.06
1784851888806,0,98,57,685.16
1784851888806,1,98,64,544.81
1784851888946,0,98,56,686.41
1784851888946,1,93,58,557.60
1784851889085,0,98,56,686.99
1784851889085,1,99,62,567.58
1784851889225,0,94,53,687.46
1784851889225,1,99,62,542.82
1784851889365,0,92,51,690.45
1784851889365,1,78,52,553.12
1784851889506,0,97,58,683.87
1784851889506,1,99,66,549.91
1784851889645,0,97,58,685.80
1784851889645,1,99,66,554.29
1784851889785,0,98,58,684.25
1784851889785,1,92,57,554.32
1784851889926,0,98,58,685.71
1784851889926,1,96,62,540.14
1784851890065,0,98,58,691.90
1784851890065,1,100,68,525.07
1784851890205,0,94,52,687.85
1784851890205,1,100,68,532.39
1784851890344,0,92,50,683.21
1784851890344,1,99,62,528.35
1784851890502,0,98,57,685.99
1784851890502,1,100,54,547.41
1784851890643,0,98,57,686.99
1784851890643,1,100,54,548.50
1784851890784,0,98,57,691.87
1784851890784,1,100,63,556.57
1784851890923,0,98,57,690.54
1784851890923,1,96,57,564.39
1784851891063,0,98,57,687.17
1784851891063,1,96,57,579.45
1784851891200,0,94,52,679.72
1784851891200,1,99,60,586.43
1784851891339,0,92,48,687.62
1784851891339,1,91,57,591.52
1784851891480,0,92,48,689.64
1784851891480,1,98,64,577.91
1784851891620,0,98,57,685.08
1784851891620,1,98,64,589.44
1784851891759,0,97,57,683.94
1784851891759,1,100,59,594.95
1784851891898,0,97,57,686.52
1784851891898,1,100,66,596.95
1784851892037,0,98,57,691.06
1784851892037,1,100,66,589.26
1784851892177,0,94,52,691.16
1784851892177,1,99,63,595.13
1784851892315,0,92,46,680.53
1784851892315,1,100,60,587.98
1784851892456,0,92,46,679.78
1784851892456,1,100,60,592.58
1784851892596,0,98,58,681.23
1784851892596,1,100,64,585.81
1784851892737,0,98,58,684.91
1784851892737,1,96,61,576.63
1784851892877,0,98,58,682.71
1784851892877,1,97,62,567.59
1784851893019,0,98,59,677.44
1784851893019,1,97,62,559.79
1784851893159,0,94,52,678.56
1784851893159,1,100,67,550.54
1784851893298,0,94,52,695.48
1784851893298,1,100,66,540.39
1784851893439,0,92,50,696.68
1784851893439,1,100,66,542.05
1784851893579,0,98,57,693.03
1784851893579,1,100,62,516.99
1784851893718,0,98,57,693.72
1784851893718,1,98,64,523.38
1784851893858,0,98,57,694.24
1784851893858,1,98,64,525.10
1784851893997,0,98,57,694.88
1784851893997,1,99,61,550.27
1784851894137,0,94,53,702.46
1784851894137,1,100,64,551.93
1784851894276,0,94,53,700.97
1784851894276,1,99,62,571.26
1784851894415,0,92,48,694.47
1784851894415,1,99,62,577.49
1784851894572,0,98,57,697.93
1784851894572,1,100,57,586.45
1784851894712,0,98,58,694.60
1784851894712,1,100,61,589.91
1784851894853,0,98,58,693.14
1784851894853,1,100,61,585.02
1784851894991,0,98,55,694.78
1784851894991,1,99,61,595.48
1784851895130,0,94,52,687.38
1784851895130,1,100,65,606.44
1784851895270,0,94,52,683.78
1784851895270,1,100,61,598.43
1784851895415,0,92,47,688.91
1784851895415,1,100,61,597.48
1784851895555,0,98,58,686.41
1784851895555,1,100,66,608.79
1784851895693,0,98,58,688.30
1784851895693,1,98,68,599.84
1784851895831,0,98,57,690.16
1784851895831,1,98,68,597.29
1784851895972,0,98,57,691.69
1784851895972,1,99,66,570.60
1784851896112,0,94,53,686.76
1784851896112,1,99,61,565.42
1784851896252,0,94,53,687.51
1784851896252,1,99,61,547.90
1784851896391,0,92,46,684.58
1784851896391,1,100,65,533.99
1784851896529,0,98,58,683.10
1784851896529,1,100,69,514.00
1784851896669,0,98,58,685.94
1784851896669,1,100,68,509.74
1784851896807,0,98,58,680.22
1784851896807,1,100,68,510.80
1784851896948,0,98,58,684.07
1784851896948,1,96,59,514.59
1784851897088,0,98,58,684.62
1784851897088,1,100,68,496.39
1784851897228,0,94,52,678.51
1784851897228,1,100,68,500.91
1784851897367,0,92,46,682.24
1784851897367,1,99,63,500.80
1784851897508,0,98,58,680.82
1784851897508,1,98,63,509.79
1784851897648,0,98,58,678.73
1784851897648,1,98,63,512.95
1784851897788,0,98,58,677.73
1784851897788,1,100,66,506.75
1784851897927,0,98,58,679.91
1784851897927,1,95,63,502.99
1784851898065,0,98,58,685.52
1784851898065,1,95,63,518.93
1784851898204,0,94,52,681.77
1784851898204,1,98,58,509.59
1784851898344,0,92,46,675.82
1784851898344,1,100,66,503.63
1784851898484,0,92,46,680.98
1784851898484,1,99,66,499.67
1784851898625,0,98,59,675.92
1784851898625,1,99,66,504.32
1784851898765,0,98,59,679.44
1784851898765,1,95,53,520.11
1784851898904,0,98,59,670.54
1784851898904,1,98,54,539.11
1784851899045,0,98,59,673.69
1784851899045,1,98,54,538.50
1784851899185,0,94,52,673.71
1784851899185,1,99,60,538.01
1784851899324,0,92,48,683.70
1784851899324,1,70,43,550.73
1784851899464,0,92,48,686.48
1784851899464,1,70,43,562.94
1784851899602,0,98,57,687.02
1784851899602,1,95,60,587.14
1784851899744,0,98,57,686.28
1784851899744,1,96,53,581.07
1784851899884,0,98,57,687.68
1784851899884,1,100,63,583.67
1784851900024,0,98,57,686.97
1784851900024,1,100,63,576.89
1784851900164,0,94,53,687.24
1784851900164,1,100,64,579.28
1784851900302,0,94,53,689.07
1784851900302,1,98,66,581.91
1784851900442,0,92,49,688.46
1784851900442,1,98,66,586.93
1784851900582,0,98,58,683.54
1784851900582,1,96,62,562.44
1784851900723,0,98,58,689.23
1784851900723,1,92,50,573.27
1784851900862,0,98,58,688.64
1784851900862,1,92,50,572.50
1784851901001,0,98,58,686.23
1784851901001,1,100,63,582.20
1784851901139,0,77,44,655.11
1784851901139,1,100,65,572.98
1784851901275,0,77,44,604.93
1784851901275,1,99,60,587.50
1784851901411,0,0,0,516.01
1784851901411,1,99,60,579.10
1784851901551,0,90,52,517.57
1784851901551,1,100,64,583.29
1784851901690,0,90,52,517.97
1784851901690,1,100,66,569.35
1784851901831,0,98,60,502.80
1784851901831,1,100,66,554.81
1784851901970,0,98,59,507.83
1784851901970,1,98,62,542.65
1784851902110,0,98,60,530.26
1784851902110,1,99,61,546.42
1784851902249,0,98,60,591.66
1784851902249,1,99,61,550.78
1784851902389,0,89,54,635.48
1784851902389,1,98,60,545.35
1784851902529,0,95,52,669.69
1784851902529,1,89,48,548.57
1784851902668,0,95,52,666.52
1784851902668,1,89,48,551.77
1784851902807,0,98,58,672.86
1784851902807,1,100,58,574.98
1784851902948,0,98,58,673.08
1784851902948,1,97,52,588.67
1784851903088,0,98,58,679.82
1784851903088,1,94,56,605.49
1784851903228,0,98,58,671.60
1784851903228,1,94,56,614.70
1784851903367,0,89,52,673.79
1784851903367,1,97,58,622.89
1784851903506,0,96,50,669.69
1784851903506,1,98,63,622.48
1784851903646,0,96,50,679.38
1784851903646,1,98,63,625.93
1784851903787,0,98,58,676.53
1784851903787,1,92,53,630.95
1784851903931,0,98,57,682.36
1784851903931,1,95,53,634.85
1784851904070,0,98,57,679.74
1784851904070,1,95,53,636.25
1784851904210,0,98,57,680.91
1784851904210,1,99,60,632.37
1784851904348,0,89,52,682.51
1784851904348,1,97,57,626.91
1784851904488,0,89,52,684.35
1784851904488,1,91,54,626.93
1784851904628,0,96,49,688.53
1784851904628,1,91,54,627.45
1784851904768,0,98,58,690.37
1784851904768,1,100,65,619.50
1784851904908,0,98,57,689.08
1784851904908,1,98,63,594.23
1784851905047,0,98,57,689.28
1784851905047,1,98,63,587.29
1784851905186,0,98,57,691.43
1784851905186,1,96,61,565.55
1784851905326,0,89,52,689.67
1784851905326,1,99,66,553.18
1784851905465,0,89,52,685.05
1784851905465,1,99,66,559.15
1784851905603,0,95,50,684.09
1784851905603,1,100,65,558.59
1784851905744,0,98,57,686.00
1784851905744,1,98,59,554.77
1784851905883,0,98,57,686.67
1784851905883,1,99,62,560.38
1784851906023,0,98,58,683.36
1784851906023,1,99,62,554.05
1784851906163,0,98,56,687.54
1784851906163,1,97,58,561.98
1784851906302,0,98,56,693.24
1784851906302,1,98,58,584.81
1784851906442,0,89,52,694.85
1784851906442,1,98,58,581.61
1784851906589,0,95,52,696.75
1784851906589,1,100,67,552.56
1784851906729,0,98,57,686.47
1784851906729,1,91,49,563.78
1784851906868,0,98,57,686.36
1784851906868,1,91,49,551.08
1784851907007,0,98,57,690.76
1784851907007,1,94,51,573.65
1784851907147,0,98,57,685.57
1784851907147,1,99,62,570.19
1784851907285,0,98,57,688.40
1784851907285,1,99,58,569.53
1784851907425,0,89,52,688.19
1784851907425,1,99,58,587.82
1784851907564,0,94,52,688.51
1784851907564,1,98,58,606.59
1784851907705,0,94,52,694.26
1784851907705,1,96,61,609.23
1784851907845,0,98,57,696.54
1784851907845,1,96,61,604.01
1784851907984,0,98,57,692.82
1784851907984,1,98,58,603.95
1784851908123,0,98,56,696.83
1784851908123,1,98,65,596.80
1784851908263,0,98,56,695.55
1784851908263,1,98,65,584.96
1784851908403,0,90,51,690.88
1784851908403,1,90,55,566.61
1784851908544,0,94,52,690.05
1784851908544,1,100,66,554.21
1784851908684,0,94,52,689.03
1784851908684,1,98,58,571.75
1784851908823,0,98,58,686.58
1784851908823,1,98,58,573.96
1784851908965,0,98,57,690.56
1784851908965,1,99,60,578.27
1784851909104,0,98,57,691.62
1784851909104,1,99,67,565.48
1784851909244,0,98,58,685.92
1784851909244,1,99,67,563.14
1784851909388,0,90,53,688.33
1784851909388,1,93,49,567.50
1784851909527,0,95,53,691.24
1784851909527,1,100,68,558.21
1784851909666,0,95,53,690.19
1784851909666,1,100,68,554.75
1784851909805,0,98,58,692.79
1784851909805,1,98,63,549.59
1784851909944,0,98,57,693.44
1784851909944,1,93,58,538.39
1784851910083,0,98,57,692.72
1784851910083,1,97,60,541.72
1784851910222,0,98,58,695.46
1784851910222,1,97,60,542.50
1784851910360,0,90,53,694.85
1784851910360,1,100,67,525.33
1784851910500,0,90,53,691.36
1784851910500,1,98,65,520.66
1784851910638,0,94,52,689.96
1784851910638,1,98,65,526.61
1784851910779,0,98,58,688.26
1784851910779,1,100,63,547.70
1784851910919,0,97,57,688.42
1784851910919,1,100,64,547.83
1784851911059,0,97,57,689.61
1784851911059,1,100,64,546.28
1784851911199,0,98,58,687.60
1784851911199,1,99,61,549.29
1784851911337,0,91,54,686.44
1784851911337,1,100,59,564.63
1784851911475,0,91,54,684.54
1784851911475,1,100,59,584.89
1784851911614,0,94,53,686.22
1784851911614,1,96,58,581.72
1784851911754,0,98,57,685.99
1784851911754,1,93,56,580.11
1784851911893,0,98,57,686.92
1784851911893,1,98,61,559.61
1784851912032,0,98,57,680.33
1784851912032,1,98,61,565.20
1784851912173,0,98,59,681.84
1784851912173,1,100,67,558.47
1784851912311,0,92,54,683.10
1784851912311,1,100,68,535.72
1784851912448,0,92,54,685.48
1784851912448,1,100,68,542.90
1784851912588,0,94,52,688.50
1784851912588,1,99,62,540.60
1784851912730,0,98,55,683.52
1784851912730,1,93,54,549.66
1784851912874,0,98,55,678.14
1784851912874,1,93,54,545.39
1784851913014,0,97,59,677.22
1784851913014,1,100,69,543.72
1784851913153,0,98,58,674.70
1784851913153,1,97,62,552.93
1784851913293,0,98,58,669.66
1784851913293,1,100,66,562.67
1784851913437,0,98,60,632.68
1784851913437,1,100,66,551.25
1784851913575,0,8,7,581.87
1784851913575,1,22,14,522.44
1784851913711,0,8,7,539.45
1784851913711,1,10,9,446.66
1784851913844,0,15,1,439.10
1784851913844,1,10,9,401.50
1784851913978,0,0,0,386.77
1784851913978,1,0,0,326.10
1784851914113,0,0,0,270.18
1784851914113,1,2,0,277.34
1784851914251,0,0,0,229.93
1784851914251,1,2,0,243.28
1784851914384,0,19,3,182.82
1784851914384,1,0,0,155.79
1784851914518,0,0,0,146.83
1784851914518,1,51,27,188.45
1784851914654,0,0,0,138.55
1784851914654,1,51,27,235.60
1784851914789,0,0,0,136.62
1784851914789,1,100,47,353.07
1784851914924,0,0,0,135.66
1784851914924,1,100,46,411.68
1784851915059,0,0,0,135.27
1784851915059,1,100,46,470.47
1784851915194,0,0,0,134.90
1784851915194,1,100,48,567.38
1784851915330,0,0,0,131.86
1784851915330,1,100,69,601.16
1784851915466,0,0,0,131.59
1784851915466,1,100,69,642.23
1784851915603,0,0,0,131.44
1784851915603,1,100,63,624.51
1784851915740,0,0,0,131.13
1784851915740,1,100,67,597.34
1784851915877,0,0,0,131.00
1784851915877,1,100,67,570.89
1784851916013,0,0,0,130.75
1784851916013,1,95,58,538.52
1784851916149,0,0,0,130.66
1784851916149,1,100,65,515.99
1784851916286,0,0,0,130.54
1784851916286,1,99,65,522.30
1784851916423,0,0,0,130.34
1784851916423,1,99,65,512.92
1784851916559,0,0,0,130.23
1784851916559,1,100,68,499.54
1784851916696,0,0,0,130.11
1784851916696,1,100,68,503.24
1784851916833,0,0,0,129.92
1784851916833,1,100,68,502.71
1784851916969,0,0,0,129.79
1784851916969,1,100,70,492.96
1784851917106,0,0,0,129.75
1784851917106,1,97,61,497.66
1784851917243,0,0,0,129.55
1784851917243,1,97,61,493.96
1784851917379,0,0,0,129.47
1784851917379,1,100,67,504.35
1784851917520,0,95,53,232.38
1784851917520,1,100,66,506.22
1784851917659,0,95,53,284.39
1784851917659,1,100,66,510.12
1784851917798,0,94,47,328.71
1784851917798,1,91,54,540.79
1784851917939,0,98,58,444.75
1784851917939,1,100,60,549.00
1784851918078,0,98,58,502.63
1784851918078,1,100,60,542.49
1784851918218,0,97,58,619.00
1784851918218,1,100,66,542.22
1784851918357,0,98,58,671.10
1784851918357,1,99,63,548.06
1784851918496,0,98,58,684.75
1784851918496,1,97,55,566.96
1784851918634,0,94,54,626.98
1784851918634,1,97,55,571.10
1784851918772,0,0,0,583.98
1784851918772,1,99,62,572.81
1784851918911,0,38,22,513.30
1784851918911,1,95,62,549.21
1784851919066,0,38,22,506.41
1784851919066,1,95,62,549.21
1784851919204,0,98,59,491.67
1784851919204,1,99,52,570.46
1784851919345,0,98,59,499.46
1784851919345,1,89,49,576.66
1784851919488,0,98,59,498.84
1784851919488,1,97,59,562.62
1784851919628,0,97,59,543.34
1784851919628,1,97,59,566.53
1784851919767,0,90,55,605.00
1784851919767,1,100,66,562.17
1784851919906,0,90,55,658.23
1784851919906,1,97,61,565.06
1784851920045,0,95,54,664.31
1784851920045,1,97,61,580.15
1784851920185,0,97,60,667.97
1784851920185,1,95,58,554.11
1784851920335,0,98,60,658.23
1784851920335,1,99,64,543.68
1784851920496,0,98,60,657.95
1784851920496,1,97,58,542.42
1784851920636,0,98,61,657.27
1784851920636,1,97,58,541.05
1784851920775,0,90,55,658.19
1784851920775,1,100,56,559.50
1784851920914,0,95,54,660.19
1784851920914,1,97,57,572.25
1784851921052,0,95,54,669.38
1784851921052,1,97,57,580.99
1784851921191,0,98,59,672.43
1784851921191,1,97,57,599.31
1784851921331,0,98,59,685.20
1784851921331,1,98,60,605.36
1784851921471,0,98,59,686.59
1784851921471,1,98,60,614.15
1784851921611,0,98,59,695.47
1784851921611,1,100,67,595.78
1784851921751,0,89,53,697.08
1784851921751,1,99,62,594.41
1784851921890,0,89,53,696.33
1784851921890,1,99,65,574.21
1784851922028,0,95,53,693.41
1784851922028,1,99,65,560.30
1784851922168,0,98,59,689.17
1784851922168,1,94,58,545.88
1784851922307,0,98,59,689.46
1784851922307,1,100,68,528.85
1784851922447,0,98,60,683.34
1784851922447,1,100,68,517.55
1784851922586,0,98,60,680.37
1784851922586,1,100,68,515.72
1784851922727,0,89,54,676.92
1784851922727,1,100,68,497.51
1784851922868,0,89,54,675.64
1784851922868,1,100,68,491.63
1784851923011,0,95,53,673.09
1784851923011,1,99,64,484.83
1784851923153,0,98,60,687.47
1784851923153,1,99,66,483.82
1784851923293,0,98,60,681.24
1784851923293,1,99,64,503.00
1784851923432,0,98,60,685.97
1784851923432,1,99,64,517.46
1784851923572,0,97,60,684.80
1784851923572,1,99,60,528.19
1784851923712,0,97,60,689.98
1784851923712,1,100,59,552.86
1784851923850,0,88,53,691.16
1784851923850,1,100,59,557.88
1784851923990,0,96,51,689.36
1784851923990,1,100,65,567.68
1784851924130,0,98,59,686.15
1784851924130,1,100,64,573.68
1784851924269,0,98,59,691.85
1784851924269,1,100,64,569.56
1784851924408,0,98,58,690.70
1784851924408,1,98,58,566.19
1784851924550,0,98,58,690.98
1784851924550,1,94,57,563.62
1784851924690,0,98,58,684.04
1784851924690,1,100,63,545.71
1784851924829,0,89,52,682.76
1784851924829,1,100,63,536.07
1784851924968,0,96,51,682.35
1784851924968,1,97,60,541.98
1784851925108,0,96,51,685.90
1784851925108,1,98,61,540.84
1784851925247,0,98,59,681.82
1784851925247,1,98,61,535.15
1784851925387,0,98,59,679.51
1784851925387,1,100,68,529.40
1784851925527,0,98,59,682.57
1784851925527,1,98,66,514.67
1784851925668,0,98,59,682.01
1784851925668,1,98,66,520.97
1784851925814,0,89,53,684.47
1784851925814,1,100,70,516.00
1784851925951,0,95,52,683.45
1784851925951,1,100,64,513.42
1784851926090,0,95,52,675.81
1784851926090,1,100,65,501.88
1784851926231,0,97,59,682.68
1784851926231,1,100,65,500.60
1784851926372,0,98,59,679.19
1784851926372,1,99,66,508.88
1784851926512,0,98,59,684.05
1784851926512,1,100,64,510.32
1784851926652,0,98,58,684.28
1784851926652,1,100,64,513.78
1784851926790,0,88,52,683.94
1784851926790,1,99,65,512.86
1784851926930,0,94,50,675.65
1784851926930,1,98,61,517.13
1784851927070,0,94,50,675.60
1784851927070,1,98,61,511.32
1784851927210,0,97,60,674.80
1784851927210,1,97,55,522.66
1784851927349,0,97,59,675.57
1784851927349,1,98,65,515.60
1784851927491,0,97,59,673.60
1784851927491,1,100,70,502.24
1784851927629,0,98,59,668.97
1784851927629,1,100,70,503.24
1784851927767,0,88,52,673.78
1784851927767,1,97,61,498.72
1784851927906,0,88,52,674.48
1784851927906,1,100,69,492.36
1784851928048,0,90,50,674.53
1784851928048,1,100,69,506.32
1784851928188,0,98,60,667.16
1784851928188,1,92,57,502.09
1784851928327,0,98,60,661.35
1784851928327,1,96,59,509.45
1784851928468,0,98,60,658.94
1784851928468,1,96,59,520.52
1784851928607,0,98,60,658.09
1784851928607,1,100,64,536.70
1784851928748,0,87,52,647.84
1784851928748,1,100,62,538.26
1784851928888,0,87,52,651.65
1784851928888,1,97,61,541.34
1784851929080,0,91,49,666.15
1784851929080,1,97,61,519.25
1784851929220,0,98,60,679.82
1784851929220,1,100,60,524.34
1784851929360,0,98,60,687.99
1784851929360,1,99,64,518.40
1784851929498,0,98,60,690.89
1784851929498,1,100,61,522.18
1784851929639,0,98,59,694.19
1784851929639,1,100,61,520.93
1784851929777,0,87,49,697.62
1784851929777,1,99,57,527.21
1784851929916,0,87,49,700.09
1784851929916,1,100,59,534.83
1784851930054,0,90,47,695.67
1784851930054,1,100,59,556.42
1784851930194,0,98,59,687.37
1784851930194,1,96,59,560.03
1784851930332,0,98,59,682.99
1784851930332,1,100,63,565.90
1784851930472,0,98,59,677.11
1784851930472,1,100,63,573.42
1784851930612,0,98,59,681.66
1784851930612,1,100,61,590.17
1784851930751,0,94,54,679.00
1784851930751,1,100,64,583.45
1784851930891,0,94,54,680.94
1784851930891,1,100,66,579.19
1784851931030,0,91,46,669.25
1784851931030,1,100,66,574.34
1784851931171,0,97,59,674.28
1784851931171,1,100,67,567.10
1784851931311,0,97,59,669.80
1784851931311,1,92,48,574.94
1784851931451,0,97,60,673.37
1784851931451,1,92,48,558.43
1784851931591,0,98,60,670.83
1784851931591,1,99,64,528.39
1784851931730,0,94,54,675.42
1784851931730,1,96,55,532.77
1784851931869,0,94,54,670.51
1784851931869,1,96,55,540.07
1784851932009,0,92,48,682.64
1784851932009,1,100,67,528.16
1784851932148,0,97,59,680.25
1784851932148,1,98,62,537.39
1784851932287,0,97,59,685.07
1784851932287,1,100,67,531.10
1784851932427,0,98,59,682.50
1784851932427,1,100,67,530.70
1784851932564,0,98,60,679.80
1784851932564,1,97,61,536.21
1784851932703,0,98,60,684.24
1784851932703,1,100,68,530.23
1784851932840,0,94,54,673.65
1784851932840,1,100,68,509.35
1784851932979,0,92,47,669.02
1784851932979,1,100,72,511.89
1784851933119,0,92,47,667.98
1784851933119,1,100,70,510.97
1784851933260,0,98,60,663.95
1784851933260,1,100,70,504.99
1784851933400,0,98,60,667.67
1784851933400,1,98,64,519.99
1784851933541,0,97,60,663.67
1784851933541,1,96,59,517.25
1784851933680,0,97,60,666.45
1784851933680,1,96,59,523.57
1784851933820,0,94,52,664.78
1784851933820,1,100,65,541.72
1784851933958,0,92,47,667.58
1784851933958,1,100,60,554.07
1784851934098,0,92,47,666.27
1784851934098,1,98,52,576.74
1784851934237,0,97,58,675.28
1784851934237,1,98,52,569.21
1784851934376,0,98,58,676.01
1784851934376,1,96,54,580.99
1784851934516,0,98,58,679.58
1784851934516,1,100,66,565.50
1784851934655,0,98,58,672.16
1784851934655,1,100,66,557.38
1784851934794,0,93,52,673.62
1784851934794,1,99,63,551.97
1784851934933,0,92,50,673.94
1784851934933,1,99,66,542.85
1784851935074,0,92,50,668.23
1784851935074,1,99,66,543.23
1784851935212,0,97,60,661.43
1784851935212,1,98,65,521.38
1784851935351,0,97,60,655.25
1784851935351,1,100,69,508.68
1784851935491,0,97,60,647.16
1784851935491,1,100,70,505.31
1784851935631,0,97,60,649.47
1784851935631,1,100,70,504.60
1784851935771,0,94,52,652.19
1784851935771,1,100,67,500.46
1784851935910,0,94,52,647.72
1784851935910,1,100,71,499.44
1784851936049,0,98,53,656.48
1784851936049,1,100,71,494.82
1784851936188,0,98,59,660.65
1784851936188,1,100,68,502.93
1784851936328,0,97,59,670.14
1784851936328,1,100,69,499.85
1784851936467,0,97,59,672.32
1784851936467,1,100,69,493.48
1784851936606,0,97,60,673.03
1784851936606,1,100,69,490.90
1784851936756,0,94,54,673.92
1784851936756,1,99,65,495.77
1784851936895,0,94,54,669.79
1784851936895,1,100,65,507.07
1784851937036,0,98,57,655.87
1784851937036,1,100,65,512.21
1784851937177,0,97,60,651.20
1784851937177,1,100,68,506.55
1784851937317,0,97,60,643.56
1784851937317,1,96,62,510.40
1784851937457,0,98,61,633.84
1784851937457,1,96,62,520.01
1784851937596,0,90,57,637.60
1784851937596,1,98,57,558.70
1784851937735,0,94,52,640.75
1784851937735,1,100,64,558.89
1784851937874,0,94,52,643.27
1784851937874,1,100,64,547.02
1784851938015,0,97,59,651.22
1784851938015,1,98,65,552.69
1784851938155,0,97,59,668.58
1784851938155,1,99,65,561.24
1784851938295,0,97,59,674.15
1784851938295,1,97,60,570.41
1784851938435,0,98,60,687.47
1784851938435,1,97,60,575.23
1784851938575,0,90,54,689.90
1784851938575,1,100,61,573.88
1784851938714,0,90,54,691.16
1784851938714,1,100,66,557.88
1784851938854,0,95,53,684.55
1784851938854,1,100,66,556.70
1784851938993,0,98,58,684.17
1784851938993,1,100,67,547.79
1784851939132,0,98,58,689.38
1784851939132,1,100,69,538.43
1784851939272,0,98,58,692.57
1784851939272,1,100,69,530.62
1784851939413,0,98,58,696.51
1784851939413,1,100,69,522.20
1784851939554,0,89,53,695.96
1784851939554,1,98,64,503.54
1784851939695,0,89,53,694.50
1784851939695,1,97,64,493.49
1784851939836,0,94,52,694.92
1784851939836,1,97,64,506.99
1784851939975,0,97,58,692.83
1784851939975,1,98,54,522.02
1784851940114,0,97,58,685.48
1784851940114,1,100,50,555.28
1784851940264,0,97,60,675.55
1784851940264,1,100,50,560.28
1784851940408,0,94,57,670.23
1784851940408,1,65,39,577.27
1784851940548,0,89,54,671.60
1784851940548,1,98,56,593.64
1784851940687,0,89,54,670.63
1784851940687,1,98,56,605.08
1784851940827,0,95,54,674.17
1784851940827,1,100,62,618.53
1784851940967,0,98,59,674.71
1784851940967,1,100,67,603.00
1784851941108,0,98,59,681.34
1784851941108,1,99,61,598.23
1784851941248,0,98,58,687.33
1784851941248,1,99,61,601.55
1784851941386,0,98,59,690.21
1784851941386,1,98,59,618.75
1784851941527,0,89,52,685.39
1784851941527,1,98,59,612.31
1784851941668,0,89,52,686.11
1784851941668,1,98,59,610.62
1784851941807,0,95,52,684.48
1784851941807,1,100,63,605.85
1784851941947,0,98,58,688.74
1784851941947,1,99,63,613.18
1784851942086,0,98,58,689.01
1784851942086,1,99,63,611.42
1784851942229,0,98,57,690.33
1784851942229,1,96,55,605.13
1784851942370,0,98,57,689.25
1784851942370,1,100,63,597.54
1784851942511,0,98,57,692.69
1784851942511,1,99,62,587.80
1784851942650,0,89,52,693.93
1784851942650,1,99,62,594.11
1784851942791,0,94,54,692.96
1784851942791,1,99,63,599.88
1784851942932,0,98,60,691.28
1784851942932,1,99,65,596.05
1784851943072,0,98,60,692.01
1784851943072,1,99,65,588.64
1784851943210,0,98,59,689.09
1784851943210,1,98,64,587.05
1784851943350,0,98,60,691.14
1784851943350,1,100,65,579.04
1784851943489,0,98,60,691.84
1784851943489,1,100,65,571.87
1784851943628,0,89,53,688.52
1784851943628,1,99,59,575.30
1784851943767,0,95,52,685.91
1784851943767,1,94,58,572.11
1784851943905,0,95,52,674.98
1784851943905,1,100,61,576.93
1784851944046,0,98,58,676.72
1784851944046,1,100,61,578.59
1784851944185,0,98,58,672.27
1784851944185,1,99,64,583.95
1784851944324,0,98,58,672.92
1784851944324,1,100,70,576.29
1784851944465,0,98,58,665.92
1784851944465,1,100,70,580.82
1784851944604,0,89,52,666.70
1784851944604,1,98,64,576.62
1784851944744,0,95,51,669.15
1784851944744,1,98,58,584.26
1784851944884,0,95,51,681.07
1784851944884,1,98,58,571.85
1784851945023,0,98,58,677.65
1784851945023,1,100,66,576.32
1784851945163,0,98,58,680.66
1784851945163,1,100,69,563.88
1784851945304,0,98,58,675.71
1784851945304,1,98,65,567.07
1784851945444,0,98,58,683.96
1784851945444,1,98,65,562.23
1784851945583,0,88,52,688.06
1784851945583,1,99,66,559.41
1784851945724,0,88,52,690.95
1784851945724,1,99,67,534.79
1784851945865,0,96,53,683.05
1784851945865,1,99,67,535.74
1784851946002,0,98,59,691.10
1784851946002,1,99,60,520.60
1784851946143,0,98,59,689.28
1784851946143,1,96,59,531.04
1784851946284,0,98,59,694.67
1784851946284,1,96,59,538.66
1784851946424,0,98,59,696.14
1784851946424,1,100,64,535.47
1784851946564,0,88,52,693.78
1784851946564,1,100,68,533.13
1784851946704,0,88,52,692.51
1784851946704,1,98,61,554.92
1784851946843,0,95,50,686.60
1784851946843,1,98,61,560.20
1784851946983,0,98,59,684.16
1784851946983,1,98,64,555.51
1784851947122,0,98,59,677.88
1784851947122,1,99,63,562.05
1784851947262,0,97,59,675.67
1784851947262,1,99,63,556.03
1784851947401,0,98,59,671.39
1784851947401,1,96,60,553.11
1784851947540,0,88,51,668.31
1784851947540,1,100,68,548.52
1784851947682,0,88,51,666.14
1784851947682,1,100,68,532.29
1784851947822,0,90,49,663.26
1784851947822,1,96,59,518.77
1784851947961,0,98,59,667.71
1784851947961,1,100,67,519.78
1784851948100,0,98,59,666.96
1784851948100,1,100,68,506.52
1784851948240,0,98,59,666.88
1784851948240,1,100,68,499.77
1784851948433,0,95,57,665.09
1784851948433,1,70,42,507.36
1784851948573,0,86,49,668.56
1784851948573,1,92,56,510.39
1784851948711,0,86,49,673.09
1784851948711,1,98,59,516.36
1784851948851,0,90,47,676.21
1784851948851,1,98,59,530.79
1784851948996,0,98,59,676.08
1784851948996,1,96,56,537.79
1784851949134,0,97,59,681.68
1784851949134,1,97,59,554.20
1784851949275,0,97,59,679.29
1784851949275,1,97,59,549.29
1784851949415,0,98,60,684.28
1784851949415,1,100,67,546.17
1784851949555,0,93,52,686.18
1784851949555,1,99,64,548.19
1784851949693,0,93,52,682.98
1784851949693,1,98,62,539.90
1784851949833,0,91,47,690.29
1784851949833,1,98,62,551.13
1784851949973,0,98,58,686.85
1784851949973,1,98,58,539.01
1784851950111,0,98,58,692.30
1784851950111,1,100,67,525.59
1784851950251,0,98,57,689.57
1784851950251,1,100,67,527.45
1784851950391,0,97,58,690.24
1784851950391,1,100,62,534.77
1784851950530,0,94,52,684.06
1784851950530,1,99,65,540.03
1784851950670,0,94,52,680.83
1784851950670,1,99,65,543.06
1784851950809,0,96,40,662.34
1784851950809,1,100,59,536.35
1784851950948,0,97,59,655.53
1784851950948,1,100,67,528.52
1784851951088,0,97,59,649.06
1784851951088,1,100,67,527.65
1784851951228,0,97,60,648.33
1784851951228,1,91,47,554.64
1784851951369,0,98,60,649.17
1784851951369,1,100,65,545.14
1784851951508,0,98,60,650.53
1784851951508,1,96,58,559.18
1784851951647,0,87,51,664.01
1784851951647,1,96,58,566.97
1784851951785,0,90,49,674.73
1784851951785,1,95,59,559.33
1784851951923,0,90,49,680.15
1784851951923,1,99,62,584.46
1784851952064,0,97,58,690.55
1784851952064,1,99,62,588.93
1784851952204,0,98,58,687.63
1784851952204,1,97,64,575.13
1784851952341,0,98,58,694.74
1784851952341,1,98,57,581.94
1784851952481,0,98,58,696.19
1784851952481,1,98,57,571.89
1784851952621,0,87,51,696.21
1784851952621,1,100,63,568.98
1784851952761,0,90,49,686.29
1784851952761,1,98,54,578.03
1784851952901,0,90,49,684.15
1784851952901,1,94,54,568.66
1784851953039,0,98,60,668.99
1784851953039,1,94,54,578.36
1784851953186,0,98,60,664.12
1784851953186,1,94,58,586.46
1784851953326,0,98,60,658.55
1784851953326,1,96,56,590.08
1784851953466,0,98,60,645.71
1784851953466,1,96,56,597.24
1784851953604,0,88,50,641.25
1784851953604,1,98,61,587.83
1784851953744,0,90,47,648.02
1784851953744,1,95,60,580.46
1784851953883,0,90,47,650.56
1784851953883,1,95,60,575.76
1784851954022,0,98,60,654.07
1784851954022,1,99,63,555.17
1784851954162,0,98,59,660.53
1784851954162,1,98,62,555.26
1784851954299,0,98,59,662.91
1784851954299,1,94,52,548.29
1784851954439,0,98,60,667.11
1784851954439,1,94,52,539.25
1784851954590,0,94,53,668.68
1784851954590,1,100,62,536.50
1784851954730,0,94,53,663.75
1784851954730,1,100,66,539.08
1784851954870,0,91,46,674.97
1784851954870,1,100,66,541.66
1784851955009,0,98,59,678.52
1784851955009,1,92,49,555.17
1784851955149,0,98,59,682.94
1784851955149,1,99,66,547.39
1784851955288,0,98,59,683.78
1784851955288,1,99,66,541.53
1784851955428,0,98,58,686.05
1784851955428,1,100,65,531.09
1784851955569,0,94,53,688.39
1784851955569,1,100,67,524.56
1784851955709,0,94,53,680.23
1784851955709,1,99,61,533.50
1784851955848,0,92,45,666.52
1784851955848,1,99,61,536.41
1784851955989,0,97,60,664.53
1784851955989,1,99,60,523.56
1784851956127,0,97,60,655.68
1784851956127,1,99,63,544.71
1784851956265,0,97,60,649.45
1784851956265,1,99,63,544.35
1784851956404,0,98,61,646.23
1784851956404,1,100,66,543.87
1784851956544,0,94,53,647.49
1784851956544,1,98,63,543.43
1784851956683,0,94,53,647.40
1784851956683,1,98,63,526.52
1784851956823,0,92,47,651.54
1784851956823,1,99,63,517.99
1784851956962,0,98,59,664.78
1784851956962,1,100,68,505.26
1784851957100,0,98,59,670.88
1784851957100,1,100,70,483.32
1784851957241,0,97,58,679.13
1784851957241,1,100,70,482.09
1784851957381,0,98,59,679.19
1784851957381,1,94,60,476.13
1784851957520,0,98,59,682.89
1784851957520,1,100,69,471.52
1784851957660,0,94,54,681.69
1784851957660,1,100,69,471.97
1784851957801,0,92,51,688.06
1784851957801,1,98,67,479.95
1784851957939,0,97,59,678.55
1784851957939,1,100,57,492.86
1784851958082,0,97,59,678.33
1784851958082,1,75,47,488.27
1784851958253,0,97,59,665.19
1784851958253,1,75,47,503.37
1784851958394,0,98,60,668.76
1784851958394,1,100,57,511.05
1784851958536,0,65,37,617.61
1784851958536,1,98,61,530.97
1784851958673,0,65,37,568.09
1784851958673,1,98,61,548.63
1784851958810,0,0,0,512.89
1784851958810,1,94,55,569.30
1784851958950,0,94,52,495.88
1784851958950,1,99,48,576.47
1784851959089,0,94,52,497.19
1784851959089,1,99,48,581.65
1784851959229,0,98,60,505.35
1784851959229,1,97,65,596.25
1784851959371,0,98,60,505.07
1784851959371,1,100,68,581.36
1784851959512,0,98,60,508.19
1784851959512,1,96,56,578.47
1784851959653,0,98,60,589.96
1784851959653,1,96,56,560.87
1784851959792,0,89,53,660.19
1784851959792,1,97,61,557.09
1784851959931,0,89,53,683.83
1784851959931,1,98,64,545.01
1784851960071,0,95,51,680.90
1784851960071,1,98,64,544.69
1784851960211,0,98,59,683.52
1784851960211,1,95,58,535.90
1784851960349,0,98,59,685.59
1784851960349,1,99,62,544.49
1784851960488,0,98,59,686.66
1784851960488,1,99,62,542.82
1784851960630,0,98,59,687.56
1784851960630,1,99,60,547.22
1784851960772,0,88,51,682.50
1784851960772,1,100,65,535.64
1784851960912,0,88,51,676.26
1784851960912,1,98,64,522.24
1784851961051,0,89,48,679.72
1784851961051,1,98,64,518.06
1784851961191,0,98,58,677.72
1784851961191,1,96,56,525.65
1784851961331,0,98,58,676.84
1784851961331,1,99,63,516.02
1784851961471,0,98,59,675.42
1784851961471,1,99,63,517.05
1784851961611,0,98,59,677.43
1784851961611,1,100,63,514.58
1784851961750,0,87,51,685.21
1784851961750,1,98,61,522.20
1784851961890,0,87,51,690.53
1784851961890,1,98,61,532.18
1784851962030,0,91,48,688.93
1784851962030,1,100,63,532.19
1784851962169,0,98,58,691.93
1784851962169,1,99,62,525.88
1784851962310,0,98,58,690.62
1784851962310,1,100,64,524.73
1784851962450,0,98,59,691.43
1784851962450,1,100,64,527.25
1784851962589,0,98,59,690.29
1784851962589,1,98,56,534.25
1784851962728,0,98,59,686.11
1784851962728,1,97,62,527.62
1784851962868,0,93,53,676.29
1784851962868,1,97,62,520.47
1784851963010,0,96,40,660.30
1784851963010,1,98,63,511.20
1784851963151,0,98,58,660.89
1784851963151,1,97,64,507.71
1784851963290,0,98,58,663.87
1784851963290,1,97,64,519.70
1784851963430,0,98,58,661.18
1784851963430,1,97,61,517.65
1784851963569,0,98,58,669.85
1784851963569,1,100,67,502.38
1784851963709,0,98,58,675.22
1784851963709,1,100,66,501.69
1784851963848,0,88,52,679.83
1784851963848,1,100,66,510.88
1784851963988,0,96,51,690.95
1784851963988,1,100,62,516.42
1784851964129,0,96,51,687.91
1784851964129,1,98,66,514.77
1784851964268,0,98,59,683.88
1784851964268,1,98,66,515.04
1784851964406,0,98,60,686.09
1784851964406,1,88,47,525.45
1784851964545,0,98,59,680.41
1784851964545,1,94,52,560.73
1784851964684,0,98,59,677.82
1784851964684,1,94,52,567.24
1784851964824,0,88,51,680.36
1784851964824,1,99,55,571.73
1784851964964,0,90,49,682.10
1784851964964,1,98,60,572.38
1784851965103,0,90,49,685.19
1784851965103,1,100,59,601.13
1784851965242,0,98,60,682.87
1784851965242,1,100,59,598.98
1784851965383,0,98,59,678.87
1784851965383,1,99,63,596.20
1784851965524,0,98,59,679.24
1784851965524,1,96,54,599.37
1784851965663,0,98,59,675.01
1784851965663,1,96,54,584.98
1784851965802,0,87,49,671.48
1784851965802,1,99,58,583.92
1784851965941,0,91,47,672.64
1784851965941,1,96,54,595.47
1784851966080,0,91,47,676.09
1784851966080,1,96,54,579.59
1784851966220,0,98,59,676.23
1784851966220,1,99,57,583.69
1784851966359,0,98,59,679.16
1784851966359,1,95,58,588.59
1784851966499,0,98,59,679.39
1784851966499,1,95,58,573.16
1784851966639,0,98,59,685.66
1784851966639,1,99,61,574.55
1784851966778,0,94,53,680.56
1784851966778,1,95,56,573.80
1784851966920,0,94,53,676.72
1784851966920,1,100,62,553.60
1784851967058,0,90,49,669.30
1784851967058,1,100,62,551.86
1784851967198,0,97,58,674.63
1784851967198,1,98,61,542.75
1784851967338,0,97,58,673.81
1784851967338,1,99,63,530.51
1784851967475,0,98,58,674.14
1784851967475,1,99,63,537.17
1784851967615,0,98,58,673.29
1784851967615,1,97,55,562.48
1784851967755,0,87,51,673.90
1784851967755,1,100,61,564.20
1784851967895,0,87,51,684.41
1784851967895,1,100,61,576.50
1784851968034,0,91,49,680.64
1784851968034,1,100,68,569.26
1784851968174,0,97,60,679.14
1784851968174,1,100,68,569.42
1784851968313,0,97,60,671.37
1784851968313,1,98,65,560.79
1784851968452,0,98,59,669.91
1784851968452,1,98,65,553.14
1784851968593,0,98,59,664.59
1784851968593,1,98,62,535.79
1784851968734,0,98,59,664.23
1784851968734,1,98,58,512.90
1784851968873,0,86,49,677.29
1784851968873,1,98,58,509.68
1784851969011,0,91,47,679.94
1784851969011,1,100,67,506.74
1784851969152,0,98,58,680.77
1784851969152,1,100,68,500.62
1784851969292,0,98,58,684.21
1784851969292,1,100,68,497.25
1784851969431,0,97,57,692.63
1784851969431,1,100,69,513.99
1784851969573,0,98,59,694.64
1784851969573,1,98,60,522.18
1784851969713,0,98,59,692.10
1784851969713,1,97,64,520.40
1784851969853,0,90,51,682.14
1784851969853,1,97,64,518.60
1784851969992,0,91,47,685.76
1784851969992,1,100,68,516.77
1784851970131,0,91,47,679.97
1784851970131,1,100,65,517.69
1784851970269,0,98,60,684.49
1784851970269,1,100,65,529.77
1784851970411,0,98,59,678.35
1784851970411,1,100,66,517.42
1784851970551,0,98,59,677.43
1784851970551,1,98,62,506.24
1784851970689,0,98,59,686.05
1784851970689,1,98,62,507.50
1784851970829,0,94,53,686.49
1784851970829,1,99,65,501.33
1784851970968,0,92,45,691.35
1784851970968,1,100,66,513.30
1784851971108,0,92,45,690.81
1784851971108,1,100,65,509.31
1784851971248,0,98,60,691.29
1784851971248,1,100,65,497.96
1784851971387,0,98,59,692.30
1784851971387,1,100,66,502.50
1784851971526,0,98,59,692.08
1784851971526,1,100,68,493.53
1784851971666,0,98,59,693.94
1784851971666,1,100,68,510.01
1784851971805,0,95,53,693.02
1784851971805,1,94,57,517.91
1784851971943,0,92,47,690.75
1784851971943,1,95,61,514.21
1784851972081,0,92,47,689.34
1784851972081,1,95,61,515.91
1784851972220,0,98,60,690.39
1784851972220,1,96,58,529.31
1784851972360,0,98,60,689.68
1784851972360,1,100,64,527.59
1784851972500,0,98,60,687.52
1784851972500,1,100,64,533.09
1784851972638,0,98,59,687.02
1784851972638,1,100,65,519.41
1784851972777,0,94,52,685.65
1784851972777,1,98,63,516.49
1784851972916,0,94,52,684.67
1784851972916,1,100,66,516.66
1784851973058,0,92,51,690.76
1784851973058,1,100,66,514.20
1784851973198,0,98,57,690.05
1784851973198,1,100,67,500.54
1784851973336,0,98,57,693.57
1784851973336,1,100,66,507.32
1784851973475,0,98,57,693.91
1784851973475,1,100,66,518.49
1784851973616,0,98,58,695.61
1784851973616,1,100,64,515.50
1784851973756,0,94,54,692.01
1784851973756,1,100,66,520.27
1784851973895,0,94,54,694.11
1784851973895,1,100,66,513.71
1784851974035,0,92,51,692.51
1784851974035,1,98,63,518.39
1784851974174,0,98,57,695.67
1784851974174,1,99,65,523.51
1784851974315,0,98,57,693.27
1784851974315,1,100,68,515.96
1784851974454,0,98,59,689.45
1784851974454,1,100,68,500.12
1784851974594,0,98,56,686.22
1784851974594,1,100,66,498.55
1784851974734,0,98,56,689.53
1784851974734,1,100,71,494.57
1784851974874,0,94,53,684.08
1784851974874,1,100,71,495.40
1784851975017,0,93,49,673.74
1784851975017,1,100,68,480.46
1784851975157,0,98,60,662.56
1784851975157,1,100,70,475.98
1784851975296,0,98,60,659.02
1784851975296,1,100,70,481.25
1784851975436,0,97,60,653.65
1784851975436,1,99,69,483.28
1784851975576,0,97,60,657.36
1784851975576,1,98,63,478.71
1784851975715,0,97,60,658.51
1784851975715,1,97,58,483.60
1784851975856,0,94,54,654.05
1784851975856,1,97,58,498.46
1784851975997,0,92,53,655.70
1784851975997,1,100,64,502.63
1784851976136,0,92,53,660.64
1784851976136,1,100,64,525.86
1784851976277,0,98,59,673.78
1784851976277,1,100,64,538.69
1784851976416,0,97,60,680.13
1784851976416,1,100,63,554.29
1784851976555,0,98,59,686.50
1784851976555,1,100,65,575.44
1784851976696,0,98,59,683.28
1784851976696,1,100,65,584.06
1784851976835,0,94,54,686.05
1784851976835,1,96,51,605.10
1784851976973,0,95,52,684.10
1784851976973,1,100,63,610.60
1784851977112,0,95,52,687.20
1784851977112,1,99,65,614.66
1784851977252,0,98,60,683.90
1784851977252,1,99,65,610.39
1784851977391,0,98,60,682.29
1784851977391,1,100,62,609.42
1784851977532,0,98,60,679.15
1784851977532,1,100,63,605.19
1784851977671,0,97,59,681.77
1784851977671,1,100,63,604.00
1784851977808,0,94,54,678.81
1784851977808,1,100,56,593.48
1784851977948,0,98,54,692.10
1784851977948,1,94,53,603.69
1784851978085,0,98,54,690.00
1784851978085,1,94,53,609.23
1784851978224,0,98,58,690.84
1784851978224,1,99,58,603.86
1784851978415,0,89,53,667.58
1784851978415,1,61,35,587.44
1784851978555,0,98,59,669.76
1784851978555,1,100,64,586.98
1784851978696,0,98,59,671.56
1784851978696,1,100,64,588.27
1784851978835,0,95,54,677.01
1784851978835,1,99,55,596.23
1784851978974,0,92,48,675.99
1784851978974,1,100,56,596.59
1784851979113,0,92,48,674.88
1784851979113,1,97,57,589.13
1784851979252,0,98,59,678.33
1784851979252,1,97,57,605.55
1784851979393,0,98,58,697.73
1784851979393,1,98,61,625.82
1784851979532,0,98,58,696.74
1784851979532,1,100,67,615.38
1784851979672,0,98,60,693.15
1784851979672,1,100,67,619.61
1784851979813,0,94,54,688.31
1784851979813,1,100,64,591.08
1784851979952,0,92,48,682.40
1784851979952,1,100,70,571.15
1784851980092,0,92,48,677.37
1784851980092,1,100,70,573.38
1784851980233,0,98,61,675.46
1784851980233,1,97,64,550.68
1784851980373,0,98,60,668.93
1784851980373,1,97,58,553.64
1784851980530,0,98,60,670.82
1784851980530,1,99,66,546.40
1784851980670,0,98,61,673.07
1784851980670,1,99,66,531.76
1784851980809,0,94,54,673.53
1784851980809,1,99,64,521.88
1784851980950,0,92,50,671.77
1784851980950,1,99,65,521.09
1784851981091,0,92,50,678.26
1784851981091,1,99,65,525.87
1784851981231,0,98,58,684.23
1784851981231,1,100,60,538.59
1784851981372,0,98,59,686.71
1784851981372,1,87,54,529.85
1784851981512,0,98,59,680.55
1784851981512,1,99,67,527.51
1784851981651,0,98,56,672.62
1784851981651,1,99,67,527.80
1784851981790,0,94,53,671.57
1784851981790,1,98,65,532.66
1784851981928,0,94,53,675.33
1784851981928,1,97,57,543.72
1784851982067,0,92,48,667.92
1784851982067,1,97,57,532.76
1784851982206,0,98,60,663.85
1784851982206,1,93,55,545.14
1784851982345,0,98,60,662.73
1784851982345,1,89,51,547.62
1784851982484,0,98,60,664.66
1784851982484,1,89,51,551.30
1784851982625,0,98,60,668.79
1784851982625,1,100,59,586.64
1784851982764,0,94,52,671.81
1784851982764,1,100,63,590.04
1784851982903,0,94,52,667.13
1784851982903,1,100,63,599.03
1784851983045,0,92,47,672.30
1784851983045,1,100,68,598.07
1784851983185,0,98,58,672.02
1784851983185,1,99,67,578.89
1784851983325,0,98,58,674.14
1784851983325,1,92,58,562.74
1784851983466,0,97,57,674.68
1784851983466,1,92,58,559.44
1784851983605,0,98,59,673.76
1784851983605,1,96,60,543.64
1784851983746,0,98,59,673.18
1784851983746,1,95,55,543.65
1784851983884,0,94,53,675.61
1784851983884,1,95,55,536.10
1784851984027,0,92,50,676.66
1784851984027,1,100,66,542.82
1784851984167,0,97,60,673.90
1784851984167,1,100,58,546.39
1784851984307,0,97,60,669.40
1784851984307,1,100,58,547.57
1784851984447,0,98,60,658.01
1784851984447,1,100,69,539.18
1784851984604,0,98,63,655.75
1784851984604,1,100,70,539.56
1784851984745,0,98,63,626.79
1784851984745,1,63,39,506.36
1784851984883,0,59,60,542.45
1784851984883,1,63,39,469.52
1784851985016,0,67,7,487.48
1784851985016,1,42,29,402.52
1784851985150,0,67,7,386.33
1784851985150,1,0,0,357.68
1784851985283,0,0,0,326.80
1784851985283,1,0,0,321.70
1784851985417,0,0,0,285.99
1784851985417,1,2,0,265.20
1784851985554,0,68,10,189.58
1784851985554,1,96,58,246.94
1784851985691,0,68,10,157.64
1784851985691,1,96,58,240.51
1784851985826,0,0,0,152.23
1784851985826,1,100,66,302.08
1784851985961,0,0,0,138.17
1784851985961,1,100,46,351.01
1784851986096,0,0,0,137.52
1784851986096,1,100,46,411.28
1784851986231,0,0,0,136.95
1784851986231,1,100,47,532.09
1784851986366,0,0,0,136.09
1784851986366,1,100,47,582.59
1784851986503,0,0,0,133.68
1784851986503,1,100,47,621.95
1784851986642,0,0,0,133.05
1784851986642,1,100,68,648.78
1784851986778,0,0,0,132.39
1784851986778,1,98,65,650.71
1784851986914,0,0,0,132.18
1784851986914,1,98,65,620.28
1784851987050,0,0,0,131.91
1784851987050,1,99,63,576.69
1784851987186,0,0,0,131.81
1784851987186,1,100,69,552.36
1784851987322,0,0,0,131.70
1784851987322,1,99,65,496.37
1784851987459,0,0,0,131.41
1784851987459,1,99,65,484.76
1784851987596,0,0,0,131.28
1784851987596,1,100,69,487.41
1784851987735,0,0,0,131.16
1784851987735,1,99,69,480.63
1784851987873,0,0,0,130.91
1784851987873,1,99,69,481.82
1784851988009,0,0,0,130.76
1784851988009,1,93,60,489.96
1784851988145,0,0,0,130.68
1784851988145,1,98,63,501.84
1784851988282,0,0,0,130.45
1784851988282,1,98,63,504.80
1784851988419,0,0,0,130.37
1784851988419,1,98,65,515.63
1784851988556,0,0,0,130.22
1784851988556,1,98,59,524.03
1784851988694,0,0,0,130.17
1784851988694,1,98,59,521.62
1784851988831,0,0,0,130.09
1784851988831,1,97,61,533.11
1784851988968,0,0,0,130.00
1784851988968,1,99,60,536.39
1784851989105,0,0,0,129.89
1784851989105,1,99,60,532.39
1784851989243,0,0,0,129.81
1784851989243,1,94,55,549.50
1784851989380,0,0,0,129.71
1784851989380,1,100,66,547.24
1784851989517,0,0,0,129.61
1784851989517,1,99,56,572.74
1784851989695,0,0,0,129.49
1784851989695,1,99,56,560.39
1784851989831,0,0,0,129.39
1784851989831,1,84,51,584.25
1784851989968,0,0,0,129.25
1784851989968,1,100,61,586.74
1784851990105,0,0,0,129.23
1784851990105,1,100,61,584.72
1784851990243,0,0,0,129.20
1784851990243,1,100,66,578.89
1784851990381,0,0,0,136.43
1784851990381,1,100,68,583.19
1784851990519,0,0,0,196.92
1784851990519,1,100,64,554.36
1784851990659,0,95,54,307.99
1784851990659,1,100,64,582.24
1784851990799,0,94,49,369.96
1784851990799,1,97,55,560.54
1784851990938,0,94,49,424.93
1784851990938,1,100,53,560.00
1784851991076,0,98,59,539.97
1784851991076,1,100,53,569.62
1784851991216,0,98,59,583.91
1784851991216,1,100,63,580.77
1784851991355,0,98,58,693.72
1784851991355,1,100,66,582.91
1784851991495,0,98,58,697.39
1784851991495,1,100,66,582.56
1784851991634,0,94,54,697.83
1784851991634,1,100,67,595.15
1784851991772,0,92,49,685.75
1784851991772,1,100,50,607.55
1784851991912,0,92,49,686.71
1784851991912,1,100,50,609.35
1784851992052,0,98,59,685.20
1784851992052,1,99,56,610.22
1784851992192,0,98,59,688.78
1784851992192,1,99,62,599.23
1784851992331,0,98,59,689.91
1784851992331,1,100,67,586.62
1784851992470,0,98,59,685.56
1784851992470,1,100,67,581.62
1784851992609,0,94,54,684.07
1784851992609,1,100,67,584.42
1784851992749,0,94,54,680.47
1784851992749,1,100,64,571.08
1784851992888,0,93,49,682.83
1784851992888,1,100,64,564.48
1784851993027,0,98,58,685.50
1784851993027,1,97,58,564.34
1784851993167,0,98,58,686.74
1784851993167,1,100,62,564.34
1784851993308,0,98,58,687.49
1784851993308,1,100,62,576.94
1784851993445,0,98,58,685.05
1784851993445,1,100,63,598.58
1784851993585,0,94,53,685.07
1784851993585,1,100,58,597.85
1784851993724,0,94,53,683.72
1784851993724,1,100,65,601.61
1784851993864,0,93,48,694.60
1784851993864,1,100,65,595.88
1784851994003,0,98,58,688.73
1784851994003,1,97,63,589.64
1784851994143,0,98,58,687.08
1784851994143,1,98,62,586.52
1784851994283,0,98,58,693.49
1784851994283,1,98,62,579.01
1784851994422,0,98,58,694.31
1784851994422,1,99,64,578.23
1784851994562,0,94,53,692.05
1784851994562,1,92,54,587.58
1784851994702,0,94,53,693.51
1784851994702,1,92,54,584.58
1784851994842,0,92,48,680.65
1784851994842,1,100,63,578.91
1784851994981,0,98,59,674.05
1784851994981,1,91,58,571.61
1784851995120,0,98,59,670.54
1784851995120,1,99,66,566.78
1784851995261,0,97,59,656.20
1784851995261,1,99,66,564.65
1784851995399,0,98,60,651.92
1784851995399,1,95,60,560.59
1784851995537,0,98,60,657.82
1784851995537,1,99,65,529.36
1784851995676,0,94,53,661.44
1784851995676,1,99,65,521.54
1784851995815,0,92,48,665.29
1784851995815,1,91,52,522.92
1784851995954,0,98,59,664.68
1784851995954,1,100,62,519.81
1784851996093,0,98,59,665.03
1784851996093,1,100,62,524.88
1784851996233,0,98,59,657.67
1784851996233,1,100,63,534.04
1784851996370,0,98,59,666.79
1784851996370,1,95,54,530.38
1784851996509,0,98,59,660.58
1784851996509,1,95,54,535.61
1784851996648,0,94,53,660.20
1784851996648,1,98,63,544.83
1784851996787,0,92,48,651.83
1784851996787,1,100,67,539.55
1784851996937,0,92,48,659.39
1784851996937,1,98,61,549.93
1784851997076,0,98,59,661.86
1784851997076,1,98,61,545.44
1784851997214,0,98,60,668.87
1784851997214,1,99,60,565.74
1784851997355,0,98,60,665.83
1784851997355,1,94,60,557.25
1784851997494,0,98,60,668.16
1784851997494,1,94,60,556.51
1784851997635,0,94,52,657.53
1784851997635,1,98,65,527.10
1784851997786,0,82,32,639.18
1784851997786,1,92,57,534.34
1784851997927,0,82,32,634.59
1784851997927,1,100,61,541.10
1784851998068,0,98,58,638.87
1784851998068,1,100,61,538.36
1784851998210,0,98,59,631.73
1784851998210,1,94,55,538.78
1784851998349,0,98,59,634.26
1784851998349,1,99,53,554.15
1784851998488,0,97,58,638.69
1784851998488,1,99,53,555.92
1784851998627,0,94,52,649.73
1784851998627,1,100,59,596.46
1784851998765,0,98,52,673.27
1784851998765,1,100,61,600.71
1784851998907,0,98,52,674.61
1784851998907,1,100,61,596.91
1784851999047,0,98,58,681.14
1784851999047,1,100,67,591.71
1784851999187,0,98,58,681.02
1784851999187,1,100,64,586.61
1784851999327,0,98,58,684.65
1784851999327,1,100,66,568.09
1784851999467,0,98,58,676.53
1784851999467,1,100,66,574.11
1784851999605,0,94,55,679.75
1784851999605,1,91,51,567.24
1784851999745,0,94,55,679.22
1784851999745,1,100,68,561.54
1784851999886,0,98,57,688.66
1784851999886,1,100,68,570.71
1784852000025,0,98,60,680.70
1784852000025,1,88,52,568.39
1784852000166,0,98,60,683.78
1784852000166,1,100,70,561.10
1784852000303,0,98,60,680.32
1784852000303,1,100,70,559.30
1784852000444,0,91,57,684.94
1784852000444,1,95,63,556.23
1784852000582,0,95,52,689.96
1784852000582,1,100,70,548.63
1784852000725,0,95,52,687.50
1784852000725,1,99,63,549.22
1784852000865,0,98,56,678.81
1784852000865,1,99,63,537.93
1784852001005,0,98,58,685.17
1784852001005,1,93,62,531.41
1784852001145,0,98,58,683.04
1784852001145,1,99,54,566.64
1784852001284,0,98,58,687.74
1784852001284,1,99,54,558.36
1784852001424,0,91,55,686.75
1784852001424,1,98,62,550.85
1784852001565,0,94,53,680.53
1784852001565,1,96,59,545.85
1784852001703,0,94,53,675.30
1784852001703,1,96,59,552.82
1784852001843,0,98,58,678.10
1784852001843,1,92,56,545.77
1784852001984,0,98,59,678.91
1784852001984,1,100,64,547.36
1784852002125,0,98,59,679.16
1784852002125,1,91,58,518.11
1784852002265,0,98,59,680.22
1784852002265,1,91,58,519.04
1784852002408,0,91,56,679.46
1784852002408,1,100,65,519.03
1784852002548,0,91,56,679.53
1784852002548,1,91,51,535.24
1784852002688,0,94,54,682.33
1784852002688,1,91,51,539.44
1784852002828,0,98,58,685.88
1784852002828,1,97,62,538.18
1784852002967,0,98,59,688.16
1784852002967,1,86,51,550.61
1784852003107,0,98,59,687.87
1784852003107,1,86,51,542.36
1784852003248,0,98,59,688.55
1784852003248,1,100,68,541.40
1784852003388,0,90,55,688.28
1784852003388,1,97,63,546.39
1784852003530,0,90,55,688.21
1784852003530,1,99,61,541.05
1784852003669,0,94,52,675.60
1784852003669,1,99,61,536.50
1784852003808,0,99,53,661.66
1784852003808,1,98,61,538.93
1784852003947,0,99,53,659.93
1784852003947,1,98,60,540.11
1784852004087,0,98,59,650.44
1784852004087,1,98,60,541.07
1784852004227,0,98,59,652.08
1784852004227,1,99,60,556.36
1784852004368,0,98,59,641.50
1784852004368,1,99,64,560.95
1784852004507,0,98,59,640.57
1784852004507,1,99,64,573.67
1784852004647,0,94,52,640.06
1784852004647,1,94,58,575.70
1784852004789,0,98,52,663.48
1784852004789,1,100,70,567.34
1784852004929,0,98,52,667.29
1784852004929,1,91,54,565.81
1784852005068,0,97,57,675.75
1784852005068,1,91,54,565.94
1784852005209,0,98,58,674.70
1784852005209,1,96,59,564.22
1784852005350,0,98,58,676.93
1784852005350,1,97,63,547.68
1784852005490,0,98,57,685.02
1784852005490,1,97,63,533.36
1784852005630,0,95,52,688.67
1784852005630,1,99,65,544.31
1784852005769,0,98,52,685.76
1784852005769,1,98,61,543.22
1784852005909,0,98,52,685.40
1784852005909,1,98,61,532.98
1784852006050,0,97,57,685.17
1784852006050,1,94,52,527.79
1784852006191,0,98,57,688.66
1784852006191,1,99,65,536.76
1784852006331,0,98,57,688.76
1784852006331,1,100,66,538.30
1784852006478,0,98,57,660.53
1784852006478,1,100,66,531.64
1784852006619,0,94,52,651.82
1784852006619,1,38,24,518.24
1784852006758,0,94,52,658.10
1784852006758,1,100,61,522.86
1784852006896,0,92,45,652.25
1784852006896,1,100,61,526.09
1784852007037,0,98,58,653.57
1784852007037,1,99,60,525.33
1784852007176,0,98,58,644.24
1784852007176,1,100,69,523.12
1784852007315,0,98,58,648.42
1784852007315,1,100,69,516.84
1784852007456,0,98,58,658.66
1784852007456,1,100,64,527.10
1784852007599,0,94,54,675.04
1784852007599,1,99,59,546.12
1784852007738,0,94,54,674.79
1784852007738,1,99,54,545.98
1784852007882,0,91,49,692.31
1784852007882,1,99,54,546.75
1784852008022,0,98,58,694.80
1784852008022,1,99,57,570.64
1784852008162,0,98,59,697.25
1784852008162,1,97,58,594.91
1784852008302,0,98,59,697.01
1784852008302,1,97,58,597.41
1784852008441,0,98,56,692.37
1784852008441,1,99,59,616.44
1784852008584,0,94,52,688.31
1784852008584,1,98,60,620.92
1784852008724,0,94,52,683.33
1784852008724,1,98,60,613.24
1784852008864,0,91,45,678.61
1784852008864,1,94,60,616.97
1784852009003,0,98,57,676.16
1784852009003,1,98,62,601.22
1784852009142,0,98,57,675.59
1784852009142,1,100,65,585.30
1784852009284,0,98,57,680.04
1784852009284,1,100,65,576.77
1784852009424,0,98,58,683.70
1784852009424,1,98,60,557.23
1784852009564,0,94,52,689.04
1784852009564,1,100,66,553.80
1784852009703,0,94,52,695.36
1784852009703,1,100,66,555.60
1784852009841,0,91,45,696.25
1784852009841,1,99,63,564.28
1784852009981,0,98,58,693.31
1784852009981,1,100,59,569.10
1784852010121,0,98,58,692.00
1784852010121,1,100,59,565.29
1784852010262,0,98,58,689.72
1784852010262,1,100,60,572.71
1784852010402,0,98,59,687.45
1784852010402,1,99,61,570.70
1784852010541,0,98,59,688.39
1784852010541,1,100,64,567.97
1784852010680,0,94,52,680.46
1784852010680,1,100,64,556.55
1784852010822,0,91,45,676.94
1784852010822,1,100,60,570.41
1784852010963,0,98,57,678.85
1784852010963,1,98,65,549.64
1784852011101,0,98,57,681.23
1784852011101,1,98,65,540.48
1784852011241,0,98,58,683.97
1784852011241,1,96,62,537.97
1784852011380,0,98,57,687.67
1784852011380,1,99,60,535.99
1784852011520,0,98,57,690.27
1784852011520,1,99,60,544.71
1784852011662,0,93,52,692.37
1784852011662,1,99,57,557.93
1784852011802,0,91,44,690.13
1784852011802,1,99,63,533.50
1784852011941,0,91,44,684.23
1784852011941,1,95,54,545.57
1784852012081,0,98,58,681.92
1784852012081,1,95,54,537.18
1784852012221,0,98,56,685.27
1784852012221,1,100,66,538.76
1784852012362,0,98,57,682.00
1784852012362,1,100,67,525.84
1784852012503,0,98,57,678.38
1784852012503,1,100,67,523.53
1784852012643,0,87,49,675.37
1784852012643,1,94,60,522.26
1784852012781,0,90,47,677.94
1784852012781,1,89,50,529.59
1784852012921,0,90,47,678.01
1784852012921,1,89,50,532.54
1784852013061,0,98,60,675.77
1784852013061,1,100,63,534.03
1784852013202,0,98,59,673.79
1784852013202,1,98,62,535.35
1784852013342,0,98,59,665.66
1784852013342,1,97,55,562.68
1784852013481,0,98,59,663.62
1784852013481,1,97,55,565.60
1784852013620,0,94,52,671.21
1784852013620,1,98,59,570.31
1784852013758,0,94,52,639.78
1784852013758,1,99,62,575.47
1784852013895,0,0,0,552.34
1784852013895,1,99,62,580.87
1784852014032,0,25,14,508.78
1784852014032,1,99,62,580.01
1784852014172,0,98,52,505.97
1784852014172,1,97,65,571.07
1784852014312,0,98,52,509.24
1784852014312,1,97,65,567.26
1784852014453,0,98,58,510.81
1784852014453,1,97,64,548.70
1784852014598,0,98,58,519.13
1784852014598,1,100,67,537.72
1784852014739,0,98,58,538.15
1784852014739,1,98,61,537.04
1784852014879,0,98,57,649.44
1784852014879,1,98,61,529.50
1784852015018,0,95,54,698.72
1784852015018,1,99,62,529.77
1784852015156,0,95,54,692.23
1784852015156,1,95,56,559.09
1784852015297,0,98,55,686.66
1784852015297,1,95,56,561.00
1784852015438,0,98,58,688.47
1784852015438,1,99,64,565.17
1784852015583,0,98,59,687.30
1784852015583,1,98,65,570.40
1784852015764,0,98,59,660.96
1784852015764,1,54,32,539.42
1784852015904,0,98,59,658.76
1784852015904,1,54,32,540.98
1784852016045,0,94,52,655.20
1784852016045,1,97,58,528.63
1784852016185,0,92,47,660.78
1784852016185,1,99,66,513.64
1784852016325,0,92,47,656.94
1784852016325,1,99,66,510.39
1784852016464,0,98,59,645.62
1784852016464,1,100,55,527.07
1784852016606,0,98,58,640.75
1784852016606,1,100,68,521.81
1784852016745,0,98,58,662.98
1784852016745,1,100,64,536.49
1784852016886,0,98,59,654.90
1784852016886,1,100,64,536.42
1784852017026,0,94,52,654.86
1784852017026,1,97,64,526.01
1784852017166,0,92,51,657.52
1784852017166,1,100,65,523.09
1784852017306,0,92,51,667.17
1784852017306,1,100,65,508.95
1784852017447,0,98,58,669.22
1784852017447,1,100,66,496.14
1784852017588,0,98,58,684.33
1784852017588,1,100,64,500.58
1784852017726,0,98,58,684.93
1784852017726,1,100,64,492.50
1784852017865,0,98,57,692.79
1784852017865,1,98,64,505.70
1784852018004,0,95,52,693.38
1784852018004,1,99,60,512.72
1784852018144,0,95,52,694.24
1784852018144,1,100,61,521.59
1784852018284,0,92,51,681.17
1784852018284,1,100,61,527.91
1784852018422,0,98,58,680.22
1784852018422,1,100,62,532.19
1784852018560,0,98,58,675.85
1784852018560,1,98,61,532.54
1784852018699,0,98,58,670.48
1784852018699,1,98,61,544.01
1784852018838,0,98,59,672.64
1784852018838,1,100,66,546.37
1784852018977,0,94,52,668.97
1784852018977,1,99,65,550.23
1784852019117,0,94,52,666.02
1784852019117,1,99,65,546.81
1784852019255,0,99,45,656.91
1784852019255,1,100,68,558.24
1784852019395,0,98,59,653.27
1784852019395,1,95,61,559.45
1784852019534,0,98,59,651.60
1784852019534,1,100,63,575.26
1784852019673,0,98,60,648.27
1784852019673,1,100,63,567.84
1784852019812,0,98,59,643.51
1784852019812,1,99,62,561.99
1784852019949,0,98,59,641.45
1784852019949,1,100,60,561.97
1784852020088,0,94,52,639.36
1784852020088,1,100,60,560.24
1784852020229,0,92,50,659.17
1784852020229,1,95,56,586.20
1784852020370,0,98,58,672.60
1784852020370,1,100,63,583.52
1784852020511,0,98,58,676.06
1784852020511,1,100,63,564.72
1784852020651,0,98,57,686.12
1784852020651,1,97,58,580.66
1784852020791,0,98,58,684.52
1784852020791,1,99,65,581.56
1784852020930,0,98,58,686.47
1784852020930,1,99,65,594.91
1784852021068,0,94,52,691.81
1784852021068,1,100,59,587.73
1784852021208,0,92,49,685.82
1784852021208,1,96,61,579.27
1784852021348,0,92,49,686.09
1784852021348,1,100,65,564.97
1784852021489,0,98,59,683.67
1784852021489,1,100,65,560.16
1784852021630,0,98,58,682.34
1784852021630,1,100,65,547.86
1784852021770,0,98,58,685.26
1784852021770,1,95,59,544.54
1784852021909,0,98,58,687.10
1784852021909,1,95,59,531.97
1784852022049,0,94,52,686.58
1784852022049,1,95,58,561.99
1784852022189,0,92,50,684.14
1784852022189,1,99,65,544.10
1784852022329,0,92,50,676.43
1784852022329,1,99,65,546.07
1784852022469,0,98,59,672.39
1784852022469,1,100,69,546.65
1784852022610,0,98,59,667.06
1784852022610,1,95,59,544.84
1784852022751,0,98,59,669.38
1784852022751,1,100,60,567.85
1784852022889,0,98,59,665.54
1784852022889,1,100,60,568.64
1784852023029,0,93,52,663.30
1784852023029,1,99,61,560.78
1784852023168,0,98,54,665.46
1784852023168,1,98,64,559.10
1784852023308,0,98,54,669.68
1784852023308,1,98,64,556.93
1784852023448,0,98,59,667.49
1784852023448,1,100,68,567.29
1784852023587,0,98,59,672.26
1784852023587,1,83,44,585.66
1784852023728,0,98,59,674.37
1784852023728,1,83,44,578.00
1784852023867,0,98,59,680.27
1784852023867,1,99,60,573.84
1784852024007,0,94,52,681.75
1784852024007,1,95,56,577.30
1784852024146,0,94,52,673.03
1784852024146,1,99,57,593.49
1784852024285,0,98,53,665.88
1784852024285,1,99,57,601.43
1784852024426,0,98,60,663.23
1784852024426,1,92,55,609.42
1784852024567,0,98,60,657.53
1784852024567,1,100,63,594.52
1784852024709,0,98,60,654.15
1784852024709,1,100,63,598.39
1784852024850,0,91,57,649.06
1784852024850,1,100,66,593.47
1784852024991,0,95,52,658.06
1784852024991,1,97,62,593.31
1784852025132,0,95,52,658.33
1784852025132,1,99,64,572.27
1784852025271,0,98,56,665.76
1784852025271,1,99,64,566.75
1784852025411,0,98,59,671.16
1784852025411,1,99,66,557.94
1784852025550,0,98,59,668.00
1784852025550,1,100,69,536.73
1784852025690,0,98,58,673.04
1784852025690,1,100,69,528.94
1784852025873,0,55,33,646.32
1784852025873,1,100,68,491.04
1784852026012,0,94,52,641.13
1784852026012,1,93,62,479.04
1784852026154,0,94,52,644.57
1784852026154,1,97,56,483.41
1784852026295,0,94,50,638.93
1784852026295,1,97,56,492.54
1784852026435,0,98,59,637.14
1784852026435,1,100,51,507.70
1784852026574,0,98,60,642.15
1784852026574,1,100,65,508.98
1784852026715,0,98,60,639.81
1784852026715,1,100,65,515.35
1784852026855,0,98,59,666.22
1784852026855,1,94,60,555.35
1784852026994,0,94,53,675.98
1784852026994,1,100,57,574.09
1784852027133,0,94,53,669.22
1784852027133,1,97,63,572.36
1784852027272,0,98,52,684.12
1784852027272,1,97,63,574.98
1784852027411,0,98,57,687.83
1784852027411,1,100,65,570.04
1784852027552,0,98,57,695.41
1784852027552,1,98,63,575.42
1784852027692,0,98,57,697.02
1784852027692,1,98,63,566.70
1784852027830,0,98,57,694.31
1784852027830,1,94,60,579.14
1784852027970,0,94,52,687.76
1784852027970,1,100,67,545.32
1784852028109,0,94,52,687.60
1784852028109,1,100,67,538.72
1784852028249,0,98,53,688.26
1784852028249,1,100,66,541.95
1784852028386,0,98,59,680.57
1784852028386,1,89,50,540.63
1784852028525,0,98,59,676.87
1784852028525,1,89,50,550.52
1784852028665,0,98,60,672.99
1784852028665,1,92,55,560.20
1784852028805,0,98,58,670.08
1784852028805,1,99,66,549.72
1784852028945,0,98,58,673.48
1784852028945,1,100,63,560.24
1784852029084,0,94,52,665.88
1784852029084,1,100,63,567.33
1784852029224,0,98,52,667.28
1784852029224,1,91,56,572.14
1784852029362,0,98,52,669.33
1784852029362,1,97,60,566.21
1784852029503,0,98,57,676.39
1784852029503,1,97,60,568.89
1784852029643,0,98,58,678.08
1784852029643,1,99,56,585.92
1784852029782,0,98,57,685.37
1784852029782,1,96,52,600.66
1784852029921,0,98,57,681.56
1784852029921,1,96,52,599.28
1784852030061,0,94,51,681.85
1784852030061,1,100,58,618.10
1784852030200,0,98,51,687.80
1784852030200,1,98,54,621.91
1784852030339,0,98,51,688.01
1784852030339,1,95,56,626.09
1784852030479,0,98,58,683.24
1784852030479,1,95,56,617.86
1784852030619,0,98,57,686.99
1784852030619,1,98,61,624.29
1784852030757,0,98,57,685.93
1784852030757,1,99,59,619.64
1784852030896,0,98,58,683.48
1784852030896,1,99,59,622.77
1784852031034,0,94,52,683.09
1784852031034,1,100,61,615.48
1784852031174,0,98,53,683.43
1784852031174,1,100,59,615.17
1784852031313,0,98,53,684.55
1784852031313,1,100,59,618.78
1784852031452,0,98,59,681.17
1784852031452,1,100,62,624.59
1784852031592,0,98,59,682.34
1784852031592,1,98,62,617.99
1784852031733,0,98,59,679.17
1784852031733,1,98,62,620.05
1784852031873,0,98,58,683.35
1784852031873,1,100,68,591.89
1784852032013,0,94,52,681.54
1784852032013,1,93,57,588.77
1784852032152,0,94,52,675.29
1784852032152,1,90,55,582.72
1784852032292,0,98,52,681.19
1784852032292,1,90,55,584.80
1784852032433,0,98,58,687.40
1784852032433,1,100,60,582.01
1784852032571,0,98,56,686.72
1784852032571,1,100,56,593.56
1784852032711,0,98,56,691.71
1784852032711,1,100,56,597.89
1784852032861,0,98,57,658.58
1784852032861,1,99,61,582.32
1784852033029,0,86,48,656.80
1784852033029,1,33,19,573.91
1784852033167,0,86,48,657.01
1784852033167,1,95,60,572.52
1784852033307,0,91,45,660.24
1784852033307,1,95,60,561.05
1784852033447,0,98,57,660.24
1784852033447,1,95,58,546.74
1784852033587,0,98,57,656.86
1784852033587,1,95,57,552.97
1784852033727,0,98,57,657.06
1784852033727,1,95,57,548.22
1784852033866,0,98,58,655.96
1784852033866,1,100,65,552.93
1784852034005,0,94,52,686.30
1784852034005,1,98,63,586.31
1784852034145,0,94,52,685.06
1784852034145,1,96,59,584.35
1784852034284,0,91,44,676.72
1784852034284,1,96,59,591.83
1784852034423,0,98,60,669.93
1784852034423,1,99,59,602.98
1784852034562,0,98,60,669.86
1784852034562,1,100,66,593.84
1784852034702,0,98,59,657.48
1784852034702,1,100,66,611.36
1784852034841,0,98,60,657.95
1784852034841,1,100,58,611.62
1784852034981,0,95,53,659.83
1784852034981,1,99,65,605.39
1784852035122,0,95,53,665.01
1784852035122,1,99,65,594.25
1784852035263,0,92,45,661.74
1784852035263,1,100,69,591.25
1784852035404,0,98,59,669.77
1784852035404,1,99,60,578.11
1784852035545,0,98,59,666.61
1784852035545,1,100,68,560.68
1784852035687,0,98,58,673.83
1784852035687,1,100,68,543.48
1784852035827,0,98,58,671.01
1784852035827,1,99,60,545.46
1784852035965,0,98,58,672.01
1784852035965,1,99,63,539.12
1784852036105,0,94,51,666.60
1784852036105,1,99,63,532.35
1784852036243,0,92,47,671.45
1784852036243,1,100,69,537.88
1784852036382,0,98,57,680.19
1784852036382,1,100,65,539.45
1784852036523,0,98,57,687.34
1784852036523,1,100,65,541.91
1784852036663,0,98,58,686.45
1784852036663,1,99,63,548.38
1784852036802,0,98,55,686.79
1784852036802,1,99,66,535.79
1784852036942,0,98,55,683.21
1784852036942,1,100,65,540.16
1784852037080,0,94,51,682.58
1784852037080,1,100,65,544.80
1784852037221,0,91,45,680.76
1784852037221,1,93,55,554.30
1784852037362,0,91,45,674.33
1784852037362,1,98,64,538.97
1784852037502,0,98,58,663.75
1784852037502,1,98,64,556.22
1784852037643,0,98,57,665.79
1784852037643,1,99,52,565.73
1784852037783,0,98,58,662.24
1784852037783,1,93,57,576.11
1784852037924,0,98,58,665.04
1784852037924,1,93,57,587.30
1784852038063,0,94,53,671.77
1784852038063,1,100,65,594.33
1784852038204,0,91,48,673.32
1784852038204,1,99,59,581.85
1784852038344,0,91,48,678.33
1784852038344,1,96,61,590.18
1784852038483,0,98,60,680.16
1784852038483,1,96,61,576.30
1784852038622,0,98,60,680.51
1784852038622,1,99,65,565.81
1784852038762,0,98,60,678.29
1784852038762,1,98,63,563.08
1784852038902,0,98,60,688.83
1784852038902,1,98,63,543.46
1784852039041,0,94,52,686.79
1784852039041,1,100,67,533.06
1784852039181,0,92,45,681.10
1784852039181,1,98,65,524.74
1784852039321,0,92,45,670.98
1784852039321,1,98,65,517.84
1784852039460,0,98,59,674.79
1784852039460,1,100,68,509.46
1784852039600,0,98,59,659.61
1784852039600,1,97,64,506.08
1784852039742,0,98,59,658.36
1784852039742,1,92,55,499.24
1784852039882,0,98,59,645.39
1784852039882,1,92,55,509.76
1784852040023,0,94,52,643.12
1784852040023,1,99,61,506.17
1784852040162,0,94,52,644.58
1784852040162,1,100,63,517.17
1784852040302,0,93,47,656.03
1784852040302,1,100,63,519.32
1784852040442,0,98,59,659.06
1784852040442,1,100,67,533.16
1784852040581,0,98,58,671.52
1784852040581,1,100,66,536.82
1784852040721,0,98,58,677.39
1784852040721,1,100,66,544.79
1784852040861,0,98,58,679.72
1784852040861,1,99,57,557.36
1784852041002,0,95,53,689.75
1784852041002,1,100,64,552.96
1784852041142,0,95,53,693.35
1784852041142,1,100,69,544.92
1784852041283,0,93,48,693.61
1784852041283,1,100,69,549.72
1784852041424,0,98,58,691.44
1784852041424,1,99,61,542.72
1784852041563,0,98,58,687.72
1784852041563,1,99,60,542.16
1784852041701,0,98,58,691.88
1784852041701,1,99,60,533.87
1784852041842,0,98,58,693.67
1784852041842,1,100,66,519.07
1784852041982,0,95,53,690.51
1784852041982,1,98,63,510.29
1784852042122,0,95,53,687.46
1784852042122,1,98,63,513.89
1784852042263,0,92,51,690.98
1784852042263,1,94,58,536.04
1784852042401,0,98,57,692.37
1784852042401,1,99,58,549.38
1784852042541,0,98,57,695.82
1784852042541,1,99,65,557.28
1784852042691,0,98,57,685.88
1784852042691,1,99,65,556.41
1784852042865,0,63,37,669.79
1784852042865,1,72,47,535.30
1784852043011,0,94,52,673.43
1784852043011,1,95,63,541.99
1784852043150,0,94,52,669.50
1784852043150,1,99,59,543.93
1784852043288,0,90,44,659.26
1784852043288,1,99,59,541.60
1784852043428,0,98,58,657.53
1784852043428,1,100,67,533.18
1784852043568,0,98,58,655.22
1784852043568,1,100,61,532.58
1784852043709,0,98,58,658.80
1784852043709,1,100,61,529.95
1784852043848,0,98,58,681.43
1784852043848,1,100,67,548.90
1784852043988,0,94,52,671.68
1784852043988,1,100,67,541.90
1784852044127,0,94,52,674.19
1784852044127,1,100,67,529.63
1784852044264,0,92,45,676.63
1784852044264,1,96,61,529.70
1784852044403,0,98,58,688.31
1784852044403,1,97,58,537.03
1784852044543,0,98,58,688.07
1784852044543,1,98,59,525.45
1784852044692,0,98,58,692.22
1784852044692,1,98,59,529.51
1784852044831,0,98,57,691.70
1784852044831,1,99,56,541.97
1784852044970,0,98,57,696.35
1784852044970,1,99,61,555.90
1784852045109,0,95,53,698.13
1784852045109,1,99,61,559.25
1784852045248,0,91,44,691.14
1784852045248,1,89,51,579.34
1784852045389,0,98,57,682.16
1784852045389,1,96,62,577.77
1784852045528,0,98,57,682.57
1784852045528,1,96,62,576.47
1784852045669,0,98,58,683.02
1784852045669,1,88,50,618.33
1784852045809,0,98,58,683.17
1784852045809,1,94,56,614.31
1784852045948,0,98,58,682.70
1784852045948,1,96,54,635.16
1784852046099,0,94,52,678.23
1784852046099,1,96,54,636.64
1784852046238,0,91,44,679.75
1784852046238,1,100,67,624.47
1784852046379,0,98,58,678.87
1784852046379,1,96,57,625.02
1784852046520,0,98,58,674.13
1784852046520,1,96,57,629.47
1784852046660,0,98,59,668.27
1784852046660,1,99,62,588.62
1784852046799,0,98,58,664.88
1784852046799,1,100,66,583.39
1784852046936,0,98,58,657.71
1784852046936,1,100,66,577.86
1784852047074,0,95,54,662.00
1784852047074,1,99,65,554.57
1784852047212,0,92,48,670.41
1784852047212,1,95,63,554.51
1784852047352,0,92,48,680.74
1784852047352,1,98,64,532.61
1784852047491,0,98,59,683.10
1784852047491,1,98,64,530.63
1784852047630,0,98,60,688.25
1784852047630,1,99,62,543.83
1784852047770,0,98,60,690.05
1784852047770,1,100,64,541.65
1784852047912,0,98,59,693.36
1784852047912,1,100,64,542.31
1784852048051,0,88,50,684.49
1784852048051,1,100,63,557.09
1784852048186,0,0,0,568.20
1784852048186,1,100,63,563.78
1784852048323,0,0,0,522.69
1784852048323,1,100,63,568.19
1784852048464,0,86,49,515.04
1784852048464,1,96,63,577.73
1784852048603,0,98,58,515.68
1784852048603,1,100,66,565.33
1784852048743,0,98,58,516.80
1784852048743,1,100,69,555.87
1784852048884,0,98,58,524.32
1784852048884,1,100,69,552.13
1784852049022,0,98,59,529.37
1784852049022,1,100,67,538.15
1784852049159,0,98,59,584.61
1784852049159,1,99,57,541.11
1784852049298,0,91,56,691.08
1784852049298,1,99,57,538.37
1784852049436,0,95,52,692.60
1784852049436,1,100,62,531.20
1784852049574,0,95,52,687.85
1784852049574,1,100,67,528.08
1784852049713,0,98,55,685.29
1784852049713,1,100,67,540.56
1784852049852,0,98,58,685.64
1784852049852,1,100,63,550.06
1784852049993,0,98,57,684.32
1784852049993,1,99,62,550.42
1784852050131,0,98,57,685.52
1784852050131,1,99,62,539.51
1784852050268,0,92,55,685.57
1784852050268,1,98,63,535.32
1784852050407,0,94,53,685.05
1784852050407,1,96,61,542.99
1784852050546,0,94,53,683.62
1784852050546,1,99,61,554.98
1784852050686,0,98,58,686.29
1784852050686,1,99,61,545.06
1784852050827,0,98,58,687.98
1784852050827,1,98,63,551.60
1784852050966,0,98,58,685.54
1784852050966,1,100,68,542.54
1784852051107,0,98,59,684.06
1784852051107,1,100,68,536.33
1784852051246,0,91,56,685.12
1784852051246,1,100,64,538.53
1784852051386,0,94,51,691.28
1784852051386,1,100,64,548.80
1784852051528,0,94,51,686.80
1784852051528,1,100,64,541.42
1784852051669,0,98,56,687.01
1784852051669,1,100,61,532.81
1784852051810,0,98,57,684.51
1784852051810,1,99,68,523.63
1784852051950,0,98,57,682.20
1784852051950,1,96,54,559.53
1784852052090,0,98,58,682.54
1784852052090,1,96,54,570.12
1784852052230,0,91,55,681.70
1784852052230,1,99,53,584.63
1784852052423,0,61,34,645.58
1784852052423,1,57,35,553.21
1784852052563,0,61,34,654.99
1784852052563,1,100,65,566.47
1784852052704,0,92,46,647.29
1784852052704,1,100,65,578.51
1784852052844,0,98,58,648.44
1784852052844,1,100,63,587.57
1784852052984,0,98,58,652.47
1784852052984,1,98,65,560.90
1784852053124,0,98,58,654.42
1784852053124,1,98,65,551.79
1784852053264,0,98,58,653.22
1784852053264,1,99,67,536.06
1784852053405,0,94,54,688.58
1784852053405,1,99,63,564.88
1784852053544,0,94,54,691.22
1784852053544,1,99,63,553.26
1784852053684,0,92,53,701.90
1784852053684,1,99,65,557.73
1784852053824,0,98,59,693.42
1784852053824,1,100,63,545.54
1784852053964,0,98,59,698.06
1784852053964,1,100,68,552.00
1784852054104,0,98,60,687.06
1784852054104,1,100,68,560.81
1784852054243,0,98,59,692.31
1784852054243,1,100,63,567.84
1784852054381,0,94,52,686.32
1784852054381,1,100,63,571.93
1784852054522,0,94,52,676.52
1784852054522,1,100,63,573.93
1784852054662,0,92,51,674.67
1784852054662,1,100,67,572.67
1784852054802,0,98,59,676.48
1784852054802,1,98,66,574.80
1784852054942,0,98,59,670.78
1784852054942,1,98,66,578.01
1784852055083,0,98,59,672.65
1784852055083,1,97,63,567.15
1784852055223,0,98,59,663.21
1784852055223,1,100,62,563.83
1784852055364,0,98,59,666.74
1784852055364,1,100,67,560.85
1784852055505,0,94,54,661.78
1784852055505,1,100,67,563.18
1784852055643,0,98,55,673.50
1784852055643,1,98,61,559.25
1784852055783,0,98,58,678.01
1784852055783,1,100,69,561.84
1784852055924,0,98,58,682.95
1784852055924,1,100,69,552.55
1784852056062,0,98,58,685.33
1784852056062,1,100,66,547.38
1784852056202,0,98,57,688.40
1784852056202,1,100,64,561.49
1784852056341,0,98,57,692.92
1784852056341,1,100,64,555.89
1784852056482,0,95,54,699.05
1784852056482,1,94,60,539.64
1784852056621,0,92,51,692.89
1784852056621,1,100,64,539.46
1784852056762,0,92,51,690.67
1784852056762,1,97,64,528.09
1784852056902,0,98,59,696.49
1784852056902,1,97,64,523.35
1784852057049,0,98,59,693.91
1784852057049,1,100,69,515.56
1784852057189,0,98,59,696.16
1784852057189,1,99,66,499.69
1784852057328,0,98,59,693.96
1784852057328,1,99,66,517.93
1784852057468,0,94,52,691.01
1784852057468,1,100,59,517.46
1784852057606,0,92,49,681.30
1784852057606,1,100,66,507.71
1784852057747,0,92,49,680.35
1784852057747,1,100,66,525.73
1784852057886,0,98,58,678.32
1784852057886,1,100,66,531.05
1784852058027,0,98,58,680.60
1784852058027,1,100,65,534.54
1784852058167,0,98,58,680.45
1784852058167,1,96,55,555.28
1784852058306,0,98,58,684.00
1784852058306,1,96,55,553.65
1784852058445,0,94,53,686.27
1784852058445,1,98,54,555.36
1784852058583,0,95,51,685.58
1784852058583,1,100,65,561.43
1784852058722,0,95,51,689.38
1784852058722,1,100,65,570.26
1784852058862,0,98,60,688.01
1784852058862,1,100,61,567.86
1784852059002,0,98,59,681.66
1784852059002,1,96,57,570.07
1784852059141,0,98,59,677.72
1784852059141,1,96,57,564.83
1784852059280,0,98,59,675.62
1784852059280,1,95,63,560.28
1784852059419,0,94,53,674.69
1784852059419,1,98,59,565.45
1784852059558,0,94,53,675.17
1784852059558,1,97,57,574.27
1784852059698,0,98,54,682.28
1784852059698,1,97,57,565.32
1784852059839,0,98,60,684.36
1784852059839,1,100,68,575.53
1784852059978,0,98,60,692.80
1784852059978,1,96,61,568.25
1784852060118,0,98,59,692.98
1784852060118,1,96,61,574.62
1784852060257,0,98,59,691.31
1784852060257,1,91,53,585.81
1784852060397,0,94,52,692.35
1784852060397,1,97,57,585.13
1784852060537,0,94,52,691.03
1784852060537,1,97,57,587.31
1784852060676,0,98,53,683.00
1784852060676,1,100,65,595.77
1784852060815,0,98,58,687.33
1784852060815,1,95,58,596.64
1784852060955,0,98,58,684.86
1784852060955,1,97,62,611.30
1784852061095,0,98,59,683.92
1784852061095,1,97,62,600.82
1784852061234,0,98,58,685.99
1784852061234,1,90,56,597.02
1784852061375,0,98,58,684.39
1784852061375,1,99,64,581.31
1784852061514,0,95,53,683.88
1784852061514,1,94,54,581.68
1784852061708,0,71,37,660.48
1784852061708,1,94,54,552.21
1784852061848,0,98,59,658.35
1784852061848,1,93,58,552.97
1784852061989,0,98,59,657.11
1784852061989,1,100,59,551.66
1784852062129,0,98,59,659.18
1784852062129,1,100,59,555.55
1784852062267,0,98,59,656.96
1784852062267,1,100,65,543.20
1784852062407,0,95,54,661.40
1784852062407,1,99,65,548.08
1784852062547,0,95,54,676.30
1784852062547,1,99,65,535.57
1784852062685,0,91,48,700.65
1784852062685,1,100,68,561.26
1784852062824,0,98,59,692.07
1784852062824,1,100,64,555.00
1784852062965,0,98,59,693.16
1784852062965,1,100,67,532.83
1784852063105,0,98,59,688.54
1784852063105,1,100,67,529.78
1784852063245,0,98,60,691.09
1784852063245,1,100,68,519.92
1784852063384,0,94,53,690.33
1784852063384,1,97,60,517.19
1784852063525,0,94,53,685.07
1784852063525,1,97,60,523.87
1784852063665,0,92,51,686.72
1784852063665,1,100,63,518.74
1784852063804,0,98,59,683.09
1784852063804,1,98,65,519.36
1784852063946,0,98,59,686.00
1784852063946,1,98,65,518.32
1784852064086,0,98,59,690.69
1784852064086,1,100,67,523.79
1784852064225,0,98,59,685.63
1784852064225,1,100,67,521.41
1784852064367,0,98,59,673.11
1784852064367,1,100,68,506.89
1784852064502,0,68,69,583.03
1784852064502,1,100,68,476.46
1784852064639,0,84,14,538.68
1784852064639,1,23,13,450.62
1784852064773,0,84,14,485.07
1784852064773,1,0,0,381.21
1784852064907,0,0,0,382.11
1784852064907,1,0,0,350.37
1784852065042,0,0,0,317.42
1784852065042,1,0,0,313.12
1784852065176,0,0,0,269.15
1784852065176,1,5,1,238.63
1784852065310,0,78,12,174.07
1784852065310,1,5,1,206.13
1784852065443,0,0,0,153.13
1784852065443,1,0,0,166.49
1784852065578,0,0,0,147.60
1784852065578,1,67,33,221.33
1784852065714,0,0,0,136.67
1784852065714,1,67,33,275.04
1784852065850,0,0,0,136.26
1784852065850,1,100,47,337.85
1784852065984,0,0,0,135.86
1784852065984,1,100,46,457.80
1784852066120,0,0,0,135.21
1784852066120,1,100,46,499.58
1784852066256,0,0,0,132.70
1784852066256,1,100,63,567.61
1784852066395,0,0,0,132.31
1784852066395,1,100,70,601.59
1784852066533,0,0,0,132.12
1784852066533,1,100,70,615.98
1784852066670,0,0,0,131.97
1784852066670,1,100,68,570.74
1784852066805,0,0,0,131.71
1784852066805,1,100,65,551.79
1784852066942,0,0,0,131.62
1784852066942,1,100,65,537.11
1784852067079,0,0,0,131.44
1784852067079,1,96,62,511.43
1784852067215,0,0,0,131.20
1784852067215,1,99,66,526.03
1784852067352,0,0,0,131.10
1784852067352,1,99,66,541.23
1784852067488,0,0,0,130.85
1784852067488,1,99,54,578.81
1784852067625,0,0,0,130.72
1784852067625,1,100,64,583.79
1784852067761,0,0,0,130.51
1784852067761,1,97,61,584.76
1784852067898,0,0,0,130.15
1784852067898,1,97,61,573.93
1784852068033,0,0,0,129.99
1784852068033,1,100,69,588.91
1784852068169,0,0,0,129.87
1784852068169,1,99,65,574.03
1784852068307,0,0,0,129.58
1784852068307,1,99,65,560.55
1784852068450,0,32,18,160.82
1784852068450,1,99,66,541.90
1784852068591,0,93,51,273.26
1784852068591,1,100,66,529.96
1784852068732,0,93,51,322.00
1784852068732,1,100,66,527.69
1784852068874,0,98,57,376.18
1784852068874,1,100,70,522.43
1784852069015,0,98,58,490.45
1784852069015,1,100,66,509.12
1784852069155,0,98,58,544.17
1784852069155,1,100,58,524.09
1784852069294,0,98,57,658.80
1784852069294,1,100,58,536.27
1784852069434,0,89,52,683.50
1784852069434,1,95,60,536.04
1784852069574,0,89,52,683.85
1784852069574,1,97,57,543.65
1784852069713,0,95,51,677.19
1784852069713,1,97,57,550.97
1784852069853,0,98,58,679.15
1784852069853,1,97,56,548.37
1784852069992,0,98,58,671.97
1784852069992,1,95,64,544.52
1784852070131,0,98,58,677.11
1784852070131,1,95,64,530.26
1784852070269,0,98,58,668.69
1784852070269,1,99,67,517.50
1784852070409,0,89,53,669.13
1784852070409,1,100,67,515.59
1784852070551,0,89,53,668.98
1784852070551,1,100,67,504.44
1784852070691,0,95,51,679.50
1784852070691,1,100,70,515.18
1784852070830,0,98,59,680.75
1784852070830,1,97,49,522.63
1784852070970,0,98,59,681.20
1784852070970,1,100,65,535.93
1784852071108,0,98,59,682.79
1784852071108,1,100,65,542.22
1784852071247,0,98,60,688.11
1784852071247,1,95,60,546.86
1784852071386,0,98,60,694.04
1784852071386,1,100,67,554.34
1784852071526,0,89,52,696.15
1784852071526,1,100,67,552.97
1784852071665,0,96,50,693.34
1784852071665,1,98,64,550.53
1784852071805,0,98,58,681.63
1784852071805,1,98,60,545.48
1784852071946,0,98,58,683.06
1784852071946,1,98,60,549.72
1784852072085,0,98,58,677.52
1784852072085,1,100,63,531.77
1784852072224,0,98,59,678.20
1784852072224,1,100,64,538.48
1784852072363,0,98,59,668.47
1784852072363,1,98,59,540.33
1784852072502,0,89,51,659.90
1784852072502,1,98,59,554.47
1784852072642,0,90,47,657.06
1784852072642,1,98,57,547.52
1784852072781,0,90,47,670.76
1784852072781,1,98,61,532.92
1784852072922,0,98,58,671.65
1784852072922,1,98,61,531.01
1784852073062,0,98,58,676.85
1784852073062,1,92,57,543.52
1784852073201,0,98,58,677.39
1784852073201,1,100,62,540.67
1784852073340,0,98,58,682.96
1784852073340,1,100,62,537.74
1784852073488,0,89,51,685.48
1784852073488,1,99,66,533.48
1784852073628,0,90,49,681.78
1784852073628,1,99,63,530.98
1784852073769,0,90,49,680.50
1784852073769,1,98,61,534.43
1784852073909,0,98,58,681.13
1784852073909,1,98,61,538.44
1784852074050,0,98,58,680.56
1784852074050,1,99,67,535.42
1784852074189,0,98,58,678.35
1784852074189,1,99,66,528.24
1784852074329,0,98,58,682.40
1784852074329,1,99,66,541.39
1784852074470,0,88,51,682.63
1784852074470,1,95,56,547.37
1784852074680,0,38,21,658.55
1784852074680,1,98,61,531.06
1784852074820,0,98,58,649.89
1784852074820,1,100,59,537.14
1784852074960,0,98,58,654.72
1784852074960,1,99,62,538.59
1784852075099,0,98,58,653.66
1784852075099,1,99,62,550.76
1784852075238,0,98,58,656.50
1784852075238,1,100,61,555.55
1784852075375,0,98,58,656.26
1784852075375,1,95,56,549.27
1784852075516,0,90,54,656.45
1784852075516,1,95,56,544.04
1784852075656,0,95,52,689.70
1784852075656,1,98,64,567.67
1784852075798,0,98,58,681.44
1784852075798,1,96,59,552.94
1784852075937,0,98,58,681.31
1784852075937,1,96,59,553.86
1784852076077,0,98,58,677.59
1784852076077,1,100,66,536.79
1784852076217,0,98,57,679.22
1784852076217,1,100,67,529.95
1784852076355,0,98,57,676.87
1784852076355,1,100,67,547.23
1784852076496,0,90,53,679.02
1784852076496,1,100,52,555.20
1784852076636,0,95,54,683.64
1784852076636,1,97,58,560.65
1784852076777,0,95,54,678.71
1784852076777,1,100,65,563.53
1784852076916,0,98,58,680.88
1784852076916,1,100,65,562.78
1784852077054,0,98,60,683.99
1784852077054,1,100,66,579.59
1784852077195,0,98,60,684.89
1784852077195,1,96,60,591.86
1784852077336,0,98,60,682.26
1784852077336,1,96,60,569.29
1784852077475,0,91,57,679.41
1784852077475,1,100,68,551.84
1784852077614,0,94,53,670.48
1784852077614,1,95,55,545.50
1784852077755,0,94,53,681.88
1784852077755,1,95,55,547.86
1784852077895,0,98,60,675.42
1784852077895,1,97,58,553.06
1784852078036,0,98,60,671.94
1784852078036,1,94,56,536.26
1784852078175,0,98,60,668.23
1784852078175,1,99,63,530.66
1784852078314,0,98,61,661.09
1784852078314,1,99,63,534.40
1784852078453,0,90,55,661.05
1784852078453,1,98,60,532.57
1784852078594,0,95,53,665.43
1784852078594,1,100,67,542.16
1784852078735,0,95,53,662.84
1784852078735,1,100,67,531.90
1784852078875,0,98,61,660.68
1784852078875,1,100,66,525.44
1784852079016,0,98,60,664.47
1784852079016,1,100,67,524.96
1784852079157,0,98,60,666.79
1784852079157,1,100,67,518.45
1784852079297,0,98,60,665.14
1784852079297,1,100,65,516.52
1784852079438,0,89,53,668.47
1784852079438,1,100,68,525.73
1784852079579,0,89,53,670.20
1784852079579,1,99,49,539.49
1784852079718,0,95,50,670.19
1784852079718,1,99,49,544.48
1784852079857,0,98,57,675.84
1784852079857,1,98,58,570.45
1784852079997,0,98,57,677.99
1784852079997,1,95,52,597.45
1784852080136,0,98,57,684.03
1784852080136,1,95,52,600.42
1784852080276,0,98,57,685.44
1784852080276,1,100,65,607.46
1784852080416,0,89,53,686.80
1784852080416,1,100,62,603.50
1784852080555,0,89,53,688.27
1784852080555,1,100,62,589.85
1784852080694,0,95,52,691.98
1784852080694,1,100,65,570.28
1784852080834,0,98,60,689.60
1784852080834,1,98,60,560.74
1784852080973,0,98,60,687.35
1784852080973,1,100,62,536.50
1784852081112,0,98,60,681.44
1784852081112,1,100,62,531.30
1784852081252,0,98,60,682.03
1784852081252,1,100,67,533.01
1784852081392,0,89,52,686.71
1784852081392,1,100,69,522.03
1784852081532,0,89,52,683.77
1784852081532,1,100,69,514.37
1784852081671,0,95,50,678.01
1784852081671,1,98,61,508.12
1784852081810,0,98,56,677.30
1784852081810,1,100,67,520.46
1784852081949,0,98,56,683.62
1784852081949,1,100,67,530.62
1784852082088,0,98,57,682.51
1784852082088,1,99,59,528.24
1784852082227,0,98,56,682.07
1784852082227,1,100,58,535.37
1784852082367,0,98,56,684.49
1784852082367,1,100,59,557.66
1784852082507,0,89,51,683.08
1784852082507,1,100,59,565.88
1784852082645,0,96,50,681.45
1784852082645,1,97,57,581.89
1784852082785,0,96,50,684.73
1784852082785,1,100,64,582.40
1784852082924,0,98,58,680.34
1784852082924,1,100,64,578.57
1784852083065,0,98,58,682.30
1784852083065,1,99,63,575.08
1784852083204,0,98,58,679.16
1784852083204,1,100,59,584.71
1784852083345,0,98,58,684.24
1784852083345,1,100,59,585.11
1784852083485,0,89,52,689.62
1784852083485,1,99,62,579.96
1784852083623,0,96,50,688.92
1784852083623,1,100,61,568.52
1784852083764,0,96,50,686.05
1784852083764,1,100,66,566.19
1784852083906,0,98,58,691.59
1784852083906,1,100,66,556.05
1784852084046,0,98,57,689.13
1784852084046,1,100,68,551.83
1784852084190,0,81,47,678.14
1784852084190,1,99,65,520.88
1784852084356,0,81,47,666.25
1784852084356,1,99,65,496.37
1784852084495,0,91,54,664.76
1784852084495,1,74,47,501.41
1784852084635,0,95,52,665.33
1784852084635,1,99,65,495.40
1784852084775,0,95,52,668.68
1784852084775,1,100,68,485.38
1784852084915,0,98,57,660.60
1784852084915,1,100,68,492.16
1784852085056,0,98,57,660.52
1784852085056,1,99,64,495.80
1784852085195,0,98,58,669.06
1784852085195,1,93,56,513.71
1784852085335,0,98,58,685.41
1784852085335,1,93,56,534.84
1784852085474,0,90,53,686.00
1784852085474,1,99,64,518.30
1784852085614,0,95,52,680.67
1784852085614,1,98,63,546.86
1784852085754,0,95,52,678.80
1784852085754,1,98,63,559.78
1784852085896,0,98,58,670.91
1784852085896,1,98,56,577.63
1784852086036,0,98,59,666.89
1784852086036,1,98,61,575.36
1784852086175,0,98,59,655.79
1784852086175,1,100,64,568.16
1784852086316,0,98,58,648.93
1784852086316,1,100,64,564.12
1784852086455,0,90,54,644.49
1784852086455,1,100,68,573.06
1784852086596,0,94,53,654.20
1784852086596,1,98,66,547.68
1784852086736,0,94,53,653.08
1784852086736,1,98,66,552.12
1784852086874,0,98,57,667.28
1784852086874,1,95,54,556.85
1784852087014,0,98,58,675.97
1784852087014,1,100,57,556.34
1784852087152,0,98,58,687.27
1784852087152,1,100,57,556.92
1784852087292,0,98,57,691.02
1784852087292,1,97,61,558.43
1784852087432,0,90,53,698.18
1784852087432,1,98,64,555.97
1784852087571,0,90,53,693.30
1784852087571,1,97,63,551.47
1784852087711,0,95,52,681.74
1784852087711,1,97,63,540.62
1784852087850,0,98,58,671.95
1784852087850,1,99,66,536.27
1784852087989,0,98,58,667.34
1784852087989,1,87,55,515.88
1784852088128,0,98,60,660.95
1784852088128,1,87,55,509.54
1784852088267,0,98,59,658.53
1784852088267,1,99,65,503.18
1784852088407,0,90,55,655.21
1784852088407,1,98,65,502.28
1784852088545,0,90,55,656.48
1784852088545,1,98,65,495.96
1784852088684,0,95,52,659.88
1784852088684,1,100,67,523.00
1784852088825,0,98,58,664.39
1784852088825,1,96,54,524.23
1784852088964,0,98,58,663.57
1784852088964,1,100,57,539.47
1784852089104,0,98,58,668.30
1784852089104,1,100,57,545.23
1784852089244,0,98,58,663.29
1784852089244,1,96,59,549.24
1784852089383,0,98,58,669.73
1784852089383,1,100,68,555.40
1784852089523,0,90,53,672.92
1784852089523,1,100,68,565.32
1784852089664,0,95,52,671.09
1784852089664,1,99,62,552.09
1784852089804,0,98,59,665.72
1784852089804,1,97,63,561.71
1784852089943,0,98,59,667.04
1784852089943,1,97,63,553.52
1784852090084,0,98,59,660.21
1784852090084,1,100,64,549.36
1784852090224,0,98,59,663.70
1784852090224,1,100,68,548.21
1784852090364,0,98,59,662.96
1784852090364,1,100,68,548.45
1784852090504,0,89,53,664.58
1784852090504,1,100,68,554.37
1784852090645,0,96,50,658.75
1784852090645,1,94,56,558.09
1784852090785,0,96,50,665.10
1784852090785,1,94,58,549.38
1784852090925,0,98,59,669.90
1784852090925,1,94,58,558.51
1784852091065,0,98,59,674.04
1784852091065,1,96,55,561.29
1784852091205,0,98,59,675.85
1784852091205,1,100,69,565.39
1784852091347,0,98,59,671.40
1784852091347,1,100,69,567.68
1784852091486,0,88,51,672.65
1784852091486,1,100,63,585.10
1784852091624,0,90,49,668.17
1784852091624,1,96,53,583.95
1784852091763,0,90,49,675.48
1784852091763,1,96,53,586.51
1784852091903,0,98,59,675.23
1784852091903,1,100,65,580.66
1784852092044,0,98,59,680.48
1784852092044,1,100,64,587.11
1784852092185,0,98,59,677.55
1784852092185,1,100,64,602.32
1784852092325,0,98,59,686.90
1784852092325,1,100,64,616.91
1784852092465,0,87,50,688.26
1784852092465,1,100,58,595.57
1784852092605,0,90,48,687.52
1784852092605,1,98,65,595.04
1784852092744,0,90,48,685.58
1784852092744,1,98,65,591.64
1784852092893,0,98,58,658.80
1784852092893,1,100,68,572.16
1784852093047,0,73,43,649.86
1784852093047,1,40,26,558.86
1784852093189,0,73,43,653.92
1784852093189,1,100,63,552.13
1784852093329,0,98,58,651.07
1784852093329,1,100,63,543.73
1784852093468,0,90,54,647.10
1784852093468,1,94,55,557.71
1784852093608,0,95,52,657.91
1784852093608,1,100,57,559.60
1784852093749,0,95,52,655.90
1784852093749,1,100,57,574.56
1784852093888,0,98,58,658.01
1784852093888,1,99,58,589.72
1784852094028,0,98,58,693.65
1784852094028,1,100,64,617.21
1784852094169,0,98,58,695.80
1784852094169,1,100,65,602.66
1784852094309,0,98,57,692.21
1784852094309,1,100,65,602.06
1784852094448,0,90,53,692.83
1784852094448,1,98,60,593.21
1784852094588,0,90,53,695.58
1784852094588,1,96,55,595.31
1784852094726,0,95,52,692.79
1784852094726,1,96,55,598.66
1784852094867,0,98,57,693.95
1784852094867,1,98,57,584.54
1784852095008,0,98,58,695.34
1784852095008,1,100,68,562.21
1784852095146,0,98,58,694.93
1784852095146,1,100,68,570.72
1784852095284,0,98,57,695.40
1784852095284,1,98,62,575.85
1784852095422,0,90,53,697.32
1784852095422,1,97,58,582.55
1784852095560,0,90,53,693.33
1784852095560,1,97,58,569.67
1784852095699,0,94,52,685.02
1784852095699,1,100,66,537.25
1784852095841,0,98,58,678.51
1784852095841,1,100,67,536.11
1784852095981,0,98,58,679.90
1784852095981,1,100,66,541.04
1784852096121,0,98,59,676.21
1784852096121,1,100,66,523.68
1784852096261,0,98,58,677.66
1784852096261,1,93,59,517.39
1784852096401,0,90,54,678.34
1784852096401,1,98,62,513.48
1784852096541,0,90,54,682.95
1784852096541,1,98,62,510.62
1784852096680,0,95,53,685.22
1784852096680,1,100,61,516.50
1784852096821,0,98,59,703.71
1784852096821,1,99,65,523.32
1784852096961,0,98,59,696.57
1784852096961,1,99,65,517.35
1784852097099,0,98,59,699.79
1784852097099,1,100,65,539.77
1784852097238,0,98,58,698.51
1784852097238,1,100,59,536.02
1784852097380,0,98,58,699.62
1784852097380,1,98,64,534.83
1784852097520,0,90,53,690.57
1784852097520,1,98,64,536.90
1784852097660,0,94,52,680.79
1784852097660,1,100,62,549.23
1784852097801,0,98,57,682.07
1784852097801,1,98,64,556.88
1784852097941,0,98,57,685.31
1784852097941,1,98,64,566.49
1784852098087,0,98,58,683.85
1784852098087,1,95,56,575.13
1784852098227,0,98,57,685.95
1784852098227,1,97,58,570.80
1784852098368,0,98,57,688.41
1784852098368,1,91,53,585.77
1784852098508,0,90,53,695.43
1784852098508,1,91,53,596.45
1784852098649,0,94,52,698.92
1784852098649,1,100,61,584.80
1784852098787,0,94,52,691.01
1784852098787,1,100,60,595.03
1784852098928,0,98,58,689.09
1784852098928,1,100,60,588.34
1784852099067,0,98,58,693.09
1784852099067,1,100,67,573.24
1784852099206,0,98,59,690.48
1784852099206,1,96,63,572.90
1784852099345,0,98,59,691.97
1784852099345,1,96,63,567.72
1784852099485,0,90,54,690.88
1784852099485,1,99,63,561.36
1784852099625,0,95,52,687.38
1784852099625,1,99,57,568.69
1784852099764,0,95,52,688.54
1784852099764,1,99,57,556.52
1784852099905,0,98,58,688.63
1784852099905,1,99,60,561.83
1784852100044,0,98,57,688.10
1784852100044,1,100,59,571.43
1784852100184,0,98,57,688.94
1784852100184,1,100,67,576.00
1784852100322,0,98,57,682.81
1784852100322,1,100,67,572.90
1784852100462,0,90,53,679.13
1784852100462,1,100,69,565.26
1784852100600,0,90,53,676.36
1784852100600,1,99,64,551.84
1784852100740,0,94,52,678.92
1784852100740,1,99,64,545.10
1784852100888,0,98,58,683.82
1784852100888,1,100,67,534.00
1784852101029,0,98,58,679.24
1784852101029,1,95,59,531.44
1784852101169,0,98,58,681.71
1784852101169,1,95,59,533.93
1784852101308,0,98,58,683.17
1784852101308,1,98,60,558.71
1784852101448,0,90,54,685.06
1784852101448,1,97,60,568.11
1784852101588,0,90,54,688.47
1784852101588,1,98,63,570.65
1784852101730,0,94,52,685.02
1784852101730,1,98,63,576.64
1784852101869,0,98,59,680.76
1784852101869,1,98,58,584.54
1784852102011,0,57,35,646.64
1784852102011,1,33,22,557.07
1784852102150,0,57,35,643.89
1784852102150,1,33,22,556.99
1784852102289,0,98,59,645.46
1784852102289,1,100,61,551.09
1784852102432,0,98,59,640.66
1784852102432,1,100,58,559.96
1784852102572,0,98,59,643.55
1784852102572,1,100,63,557.53
1784852102711,0,95,53,652.56
1784852102711,1,100,63,558.60
1784852102851,0,98,52,655.11
1784852102851,1,100,67,556.98
1784852102996,0,98,52,657.67
1784852102996,1,100,65,570.05
1784852103136,0,98,59,693.72
1784852103136,1,100,65,573.29
1784852103276,0,98,58,692.49
1784852103276,1,98,65,556.22
1784852103415,0,98,57,691.77
1784852103415,1,100,68,538.81
1784852103555,0,98,57,688.65
1784852103555,1,100,68,536.62
1784852103695,0,95,53,684.61
1784852103695,1,99,65,521.55
1784852103835,0,98,53,681.21
1784852103835,1,100,67,514.73
1784852103974,0,98,53,685.27
1784852103974,1,100,67,511.81
1784852104115,0,98,58,679.49
1784852104115,1,100,67,505.75
1784852104254,0,98,59,679.86
1784852104254,1,100,61,517.07
1784852104394,0,98,59,683.70
1784852104394,1,96,61,514.39
1784852104534,0,98,57,682.88
1784852104534,1,96,61,511.96
1784852104683,0,72,40,648.05
1784852104683,1,100,68,509.71
1784852104821,0,0,0,545.81
1784852104821,1,97,65,516.38
1784852104959,0,0,0,520.67
1784852104959,1,97,65,513.59
1784852105099,0,95,53,514.16
1784852105099,1,100,67,517.60
1784852105238,0,98,59,504.56
1784852105238,1,100,54,519.03
1784852105379,0,98,59,505.52
1784852105379,1,97,61,526.17
1784852105519,0,98,59,517.07
1784852105519,1,97,61,530.85
1784852105660,0,98,58,554.43
1784852105660,1,97,57,540.54
1784852105799,0,98,58,596.29
1784852105799,1,99,61,550.01
1784852105940,0,89,53,687.97
1784852105940,1,99,61,553.95
1784852106081,0,96,51,690.57
1784852106081,1,99,59,566.51
1784852106222,0,98,59,697.73
1784852106222,1,94,59,561.47
1784852106363,0,98,59,692.06
1784852106363,1,94,59,548.80
1784852106502,0,98,59,694.02
1784852106502,1,100,68,532.94
1784852106641,0,98,59,688.88
1784852106641,1,100,65,531.71
1784852106782,0,98,59,686.35
1784852106782,1,95,55,534.20
1784852106921,0,89,52,689.97
1784852106921,1,95,55,534.42
1784852107060,0,95,51,684.23
1784852107060,1,100,64,523.75
1784852107199,0,95,51,675.04
1784852107199,1,100,66,525.59
1784852107337,0,98,60,675.62
1784852107337,1,100,66,526.21
1784852107476,0,98,59,673.33
1784852107476,1,98,66,538.12
1784852107616,0,98,60,675.16
1784852107616,1,99,65,536.16
1784852107758,0,98,60,674.47
1784852107758,1,99,65,537.72
1784852107899,0,88,51,675.13
1784852107899,1,98,64,520.14
1784852108038,0,90,49,671.01
1784852108038,1,100,68,510.26
1784852108177,0,90,49,676.72
1784852108177,1,98,62,516.83
1784852108316,0,98,58,673.51
1784852108316,1,98,62,515.60
1784852108457,0,98,58,669.90
1784852108457,1,97,63,514.71
1784852108596,0,98,58,667.18
1784852108596,1,100,69,516.36
1784852108736,0,98,58,671.66
1784852108736,1,100,69,514.65
1784852108874,0,88,50,670.84
1784852108874,1,98,55,530.70
1784852109014,0,91,49,669.76
1784852109014,1,100,67,532.75
1784852109151,0,91,49,667.17
1784852109151,1,100,67,534.72
1784852109289,0,98,59,672.72
1784852109289,1,100,66,535.09
1784852109429,0,98,59,671.95
1784852109429,1,98,65,540.53
1784852109571,0,98,59,677.73
1784852109571,1,98,65,536.93
1784852109710,0,98,59,670.49
1784852109710,1,98,63,553.29
1784852109851,0,88,49,670.91
1784852109851,1,99,59,549.56
1784852109990,0,88,49,668.45
1784852109990,1,100,62,556.59
1784852110130,0,91,47,685.05
1784852110130,1,100,62,552.61
1784852110270,0,98,56,686.18
1784852110270,1,100,70,550.08
1784852110409,0,98,57,694.34
1784852110409,1,96,59,552.69
1784852110548,0,98,57,690.20
1784852110548,1,96,59,550.40
1784852110688,0,98,57,688.96
1784852110688,1,96,57,555.03
1784852110827,0,88,50,687.09
1784852110827,1,96,62,552.88
1784852110966,0,88,50,686.54
1784852110966,1,96,62,559.39
1784852111104,0,90,47,687.10
1784852111104,1,98,63,554.53
1784852111245,0,98,57,684.33
1784852111245,1,100,67,556.99
1784852111384,0,98,57,683.40
1784852111384,1,98,62,546.70
1784852111524,0,98,58,684.14
1784852111524,1,98,62,548.92
1784852111665,0,98,57,687.55
1784852111665,1,100,69,531.17
1784852111807,0,98,57,696.75
1784852111807,1,98,66,521.12
1784852111948,0,89,51,697.47
1784852111948,1,98,66,511.52
1784852112089,0,96,50,693.95
1784852112089,1,100,69,508.64
1784852112230,0,98,58,688.52
1784852112230,1,99,64,503.24
1784852112369,0,98,58,689.31
1784852112369,1,99,64,505.76
1784852112509,0,98,57,694.51
1784852112509,1,100,68,483.47
1784852112648,0,98,57,690.84
1784852112648,1,99,70,484.52
1784852112789,0,98,57,686.21
1784852112789,1,98,59,499.25
1784852112929,0,90,52,682.96
1784852112929,1,98,59,492.41
1784852113068,0,96,50,683.55
1784852113068,1,100,59,501.38
1784852113206,0,96,50,678.87
1784852113206,1,98,59,524.83
1784852113347,0,98,59,677.28
1784852113347,1,98,59,527.85
1784852113487,0,98,60,669.86
1784852113487,1,92,52,548.48
1784852113626,0,98,60,663.88
1784852113626,1,100,69,544.93
1784852113766,0,98,60,656.74
1784852113766,1,100,69,548.02
1784852113906,0,89,53,665.07
1784852113906,1,100,68,532.10
1784852114045,0,90,51,673.05
1784852114045,1,99,66,520.70
1784852114185,0,90,51,673.59
1784852114185,1,99,66,501.74
1784852114325,0,98,61,681.08
1784852114325,1,99,66,496.52
1784852114466,0,98,61,683.88
1784852114466,1,98,67,479.87
1784852114606,0,98,61,684.38
1784852114606,1,95,61,485.36
1784852114746,0,98,60,694.38
1784852114746,1,95,61,489.68
1784852114886,0,88,51,679.17
1784852114886,1,98,56,489.76
1784852115027,0,94,52,658.53
1784852115027,1,96,54,498.07
1784852115165,0,94,52,653.31
1784852115165,1,96,54,526.39
1784852115305,0,98,58,651.57
1784852115305,1,98,64,545.47
1784852115445,0,98,58,653.21
1784852115445,1,99,58,565.84
1784852115584,0,98,58,652.05
1784852115584,1,97,62,582.06
1784852115724,0,97,58,654.87
1784852115724,1,97,62,584.59
1784852115862,0,90,54,663.72
1784852115862,1,89,49,584.77
1784852116001,0,90,54,685.35
1784852116001,1,99,55,627.53
1784852116144,0,95,52,680.87
1784852116144,1,99,55,607.62
1784852116284,0,98,57,682.44
1784852116284,1,99,60,610.65
1784852116424,0,98,58,685.76
1784852116424,1,100,63,602.76
1784852116564,0,98,58,687.96
1784852116564,1,100,63,589.42
1784852116704,0,98,58,686.54
1784852116704,1,94,61,581.23
1784852116843,0,90,53,683.98
1784852116843,1,100,63,573.65
1784852116983,0,90,53,688.64
1784852116983,1,100,69,541.77
1784852117121,0,95,53,689.18
1784852117121,1,100,69,536.24
1784852117276,0,98,58,692.83
1784852117276,1,100,69,516.19
1784852117417,0,98,58,682.71
1784852117417,1,100,63,518.49
1784852117555,0,98,58,684.62
1784852117555,1,100,63,533.62
1784852117695,0,98,59,684.65
1784852117695,1,100,66,524.27
1784852117836,0,91,55,679.66
1784852117836,1,98,64,516.75
1784852117975,0,91,55,674.29
1784852117975,1,98,64,509.40
1784852118116,0,95,52,675.93
1784852118116,1,99,66,507.11
1784852118257,0,98,59,668.45
1784852118257,1,100,66,511.34
1784852118396,0,98,59,659.67
1784852118396,1,100,66,527.23
1784852118535,0,98,58,647.56
1784852118535,1,100,66,520.72
1784852118674,0,98,59,645.75
1784852118674,1,89,51,527.01
1784852118814,0,90,54,647.44
1784852118814,1,96,60,556.33
1784852118955,0,90,54,650.74
1784852118955,1,96,60,558.09
1784852119094,0,95,52,654.95
1784852119094,1,97,61,569.27
1784852119233,0,98,57,663.96
1784852119233,1,93,57,571.97
1784852119372,0,98,57,671.77
1784852119372,1,93,57,549.62
1784852119512,0,98,58,683.98
1784852119512,1,88,49,560.20
1784852119651,0,98,57,687.49
1784852119651,1,100,66,554.03
1784852119790,0,98,57,689.08
1784852119790,1,99,65,545.55
1784852119930,0,90,53,689.20
1784852119930,1,99,65,544.91
1784852120070,0,94,52,688.22
1784852120070,1,100,68,543.60
1784852120209,0,94,52,688.30
1784852120209,1,98,66,554.35
1784852120347,0,98,59,679.21
1784852120347,1,98,66,561.96
1784852120488,0,98,59,681.18
1784852120488,1,97,62,556.45
1784852120627,0,98,59,672.61
1784852120627,1,98,64,565.42
1784852120767,0,98,59,673.03
1784852120767,1,98,64,554.03
1784852120906,0,89,54,673.79
1784852120906,1,98,61,554.72
1784852121048,0,95,53,663.85
1784852121048,1,91,55,564.39
1784852121189,0,95,53,670.01
1784852121189,1,97,60,563.37
1784852121327,0,98,58,676.15
1784852121327,1,97,60,556.26
1784852121467,0,98,57,678.67
1784852121467,1,97,62,553.84
1784852121606,0,98,57,688.30
1784852121606,1,98,64,537.69
1784852121745,0,98,58,688.57
1784852121745,1,98,64,537.54
1784852121885,0,90,53,686.63
1784852121885,1,97,61,543.03
1784852122024,0,95,52,688.38
1784852122024,1,97,64,527.75
1784852122163,0,95,52,685.65
1784852122163,1,97,64,538.49
1784852122303,0,98,57,690.31
1784852122303,1,92,58,529.78
1784852122443,0,98,58,687.77
1784852122443,1,100,66,530.26
1784852122582,0,98,58,684.82
1784852122582,1,99,63,541.28
1784852122726,0,98,57,686.28
1784852122726,1,99,63,537.96
1784852122865,0,90,54,687.07
1784852122865,1,100,63,539.70
1784852123005,0,90,54,684.51
1784852123005,1,100,68,527.11
1784852123143,0,95,51,687.22
1784852123143,1,100,68,519.86
1784852123284,0,98,58,686.17
1784852123284,1,100,69,519.94
1784852123422,0,98,59,682.70
1784852123422,1,95,55,525.03
1784852123563,0,98,59,681.96
1784852123563,1,95,55,521.68
1784852123703,0,98,58,679.78
1784852123703,1,96,60,521.89
1784852123843,0,90,53,682.89
1784852123843,1,100,67,512.02
1784852123984,0,90,53,682.77
1784852123984,1,100,69,512.56
1784852124122,0,95,52,677.78
1784852124122,1,100,69,513.73
1784852124262,0,98,59,673.08
1784852124262,1,96,61,512.88
1784852124401,0,98,59,678.87
1784852124401,1,81,49,509.88
1784852124540,0,98,59,675.47
1784852124540,1,81,49,502.74
1784852124681,0,98,59,679.70
1784852124681,1,97,60,508.41
1784852124822,0,89,53,671.27
1784852124822,1,100,66,512.33
1784852124962,0,89,53,671.41
1784852124962,1,100,66,513.40
1784852125100,0,95,50,668.72
1784852125100,1,100,62,511.37
1784852125241,0,98,59,678.78
1784852125241,1,100,69,507.60
1784852125379,0,98,59,677.50
1784852125379,1,100,69,491.07
1784852125520,0,98,59,678.93
1784852125520,1,100,69,490.64
1784852125659,0,98,59,680.14
1784852125659,1,98,63,495.12
1784852125800,0,98,59,685.79
1784852125800,1,93,53,506.43
1784852126013,0,89,52,658.08
1784852126013,1,84,50,485.72
1784852126151,0,72,40,654.15
1784852126151,1,84,50,511.19
1784852126292,0,98,56,650.03
1784852126292,1,100,52,557.24
1784852126431,0,98,60,646.23
1784852126431,1,97,58,570.95
1784852126570,0,98,60,645.01
1784852126570,1,97,58,599.52
1784852126711,0,97,59,641.42
1784852126711,1,100,60,603.38
1784852126850,0,90,56,629.87
1784852126850,1,100,69,595.74
1784852126988,0,90,56,660.72
1784852126988,1,100,69,629.37
1784852127128,0,94,53,662.82
1784852127128,1,99,66,618.43
1784852127268,0,98,60,668.64
1784852127268,1,98,64,603.97
1784852127409,0,98,60,667.38
1784852127409,1,99,56,600.92
1784852127548,0,97,60,669.53
1784852127548,1,99,56,590.20
1784852127687,0,97,60,669.32
1784852127687,1,99,60,585.06
1784852127826,0,89,55,678.80
1784852127826,1,99,61,587.25
1784852127967,0,89,55,678.79
1784852127967,1,99,61,581.64
1784852128106,0,94,53,675.26
1784852128106,1,100,67,573.05
1784852128249,0,97,59,672.01
1784852128249,1,100,69,563.34
1784852128388,0,97,59,677.63
1784852128388,1,100,69,552.98
1784852128528,0,98,60,682.70
1784852128528,1,96,60,540.32
1784852128668,0,98,59,682.06
1784852128668,1,99,66,533.18
1784852128807,0,98,59,680.57
1784852128807,1,98,64,516.16
1784852128947,0,89,54,679.91
1784852128947,1,98,64,509.01
1784852129087,0,94,53,673.90
1784852129087,1,100,68,504.45
1784852129227,0,98,60,684.47
1784852129227,1,100,70,500.87
1784852129367,0,98,60,678.49
1784852129367,1,100,70,494.58
1784852129507,0,97,59,680.64
1784852129507,1,100,71,477.16
1784852129647,0,97,60,675.20
1784852129647,1,100,72,474.84
1784852129788,0,97,60,672.48
1784852129788,1,100,72,468.76
1784852129928,0,89,54,676.86
1784852129928,1,100,72,467.35
1784852130067,0,95,51,674.33
1784852130067,1,98,67,467.23
1784852130208,0,95,51,670.25
1784852130208,1,98,68,463.06
1784852130348,0,98,58,677.71
1784852130348,1,98,68,469.84
1784852130505,0,98,59,674.85
1784852130505,1,99,61,481.92
1784852130645,0,98,58,681.28
1784852130645,1,99,60,506.57
1784852130785,0,98,58,674.04
1784852130785,1,99,60,514.73
1784852130923,0,89,52,681.74
1784852130923,1,90,46,537.04
1784852131063,0,95,51,683.93
1784852131063,1,99,60,556.42
1784852131203,0,95,51,693.01
1784852131203,1,100,67,561.32
1784852131343,0,98,57,694.57
1784852131343,1,100,67,564.54
1784852131483,0,98,58,695.03
1784852131483,1,99,66,562.73
1784852131621,0,98,57,696.14
1784852131621,1,100,60,566.60
1784852131763,0,98,57,702.25
1784852131763,1,100,60,560.42
1784852131905,0,89,52,697.97
1784852131905,1,98,65,556.03
1784852132043,0,95,51,686.89
1784852132043,1,93,57,550.56
1784852132183,0,95,51,672.60
1784852132183,1,93,57,555.88
1784852132322,0,97,58,657.83
1784852132322,1,97,58,576.12
1784852132462,0,98,59,652.31
1784852132462,1,99,63,574.00
1784852132601,0,98,59,647.28
1784852132601,1,99,61,562.22
1784852132742,0,98,59,631.57
1784852132742,1,99,61,560.54
1784852132881,0,89,52,639.38
1784852132881,1,100,66,562.91
1784852133024,0,96,50,646.43
1784852133024,1,98,62,557.99
1784852133164,0,96,50,660.40
1784852133164,1,98,62,562.35
1784852133303,0,98,57,662.60
1784852133303,1,100,68,540.87
1784852133442,0,98,57,680.81
1784852133442,1,98,59,548.03
1784852133581,0,98,57,680.59
1784852133581,1,98,59,560.75
1784852133720,0,98,58,692.02
1784852133720,1,100,57,569.78
1784852133860,0,89,52,687.11
1784852133860,1,99,68,565.63
1784852134001,0,89,52,684.74
1784852134001,1,97,62,554.22
1784852134139,0,96,50,681.35
1784852134139,1,97,62,551.76
1784852134279,0,98,57,680.72
1784852134279,1,98,55,562.02
1784852134420,0,98,58,681.40
1784852134420,1,100,65,556.44
1784852134559,0,98,58,681.60
1784852134559,1,100,65,551.54
1784852134703,0,97,58,684.45
1784852134703,1,97,63,516.29
1784852134851,0,63,38,663.04
1784852134851,1,79,48,535.05
1784852134990,0,63,38,666.13
1784852134990,1,79,48,550.23
1784852135129,0,95,52,668.78
1784852135129,1,100,54,559.87
1784852135268,0,98,58,665.11
1784852135268,1,100,65,559.45
1784852135409,0,98,58,665.00
1784852135409,1,100,67,565.58
1784852135548,0,98,58,657.30
1784852135548,1,100,67,556.96
1784852135688,0,98,59,656.42
1784852135688,1,98,63,560.46
1784852135830,0,89,53,680.64
1784852135830,1,100,69,575.86
1784852135969,0,89,53,678.56
1784852135969,1,100,69,564.35
1784852136108,0,95,52,673.82
1784852136108,1,97,63,537.44
1784852136248,0,97,58,683.23
1784852136248,1,100,66,534.01
1784852136388,0,97,58,684.48
1784852136388,1,100,66,539.79
1784852136529,0,98,57,690.18
1784852136529,1,100,68,538.71
1784852136670,0,98,58,686.91
1784852136670,1,99,60,544.22
1784852136809,0,98,58,687.10
1784852136809,1,100,63,553.07
1784852136952,0,98,68,619.03
1784852136952,1,100,63,549.62
1784852137089,0,11,10,579.03
1784852137089,1,12,6,518.66
1784852137223,0,1,0,480.78
1784852137223,1,4,3,458.87
1784852137359,0,1,0,423.36
1784852137359,1,4,3,407.18
1784852137493,0,0,0,366.83
1784852137493,1,0,0,374.47
1784852137629,0,0,0,261.28
1784852137629,1,2,0,282.08
1784852137766,0,0,0,208.72
1784852137766,1,2,0,264.03
1784852137903,0,18,3,171.25
1784852137903,1,100,65,221.85
1784852138038,0,0,0,144.13
1784852138038,1,100,56,280.99
1784852138174,0,0,0,137.35
1784852138174,1,100,56,325.65
1784852138308,0,0,0,136.51
1784852138308,1,100,46,446.67
1784852138444,0,0,0,135.65
1784852138444,1,100,47,499.58
1784852138579,0,0,0,135.29
1784852138579,1,100,47,566.74
1784852138714,0,0,0,134.68
1784852138714,1,100,48,645.09
1784852138851,0,0,0,131.97
1784852138851,1,100,64,662.55
1784852138989,0,0,0,131.72
1784852138989,1,100,64,682.47
1784852139126,0,0,0,131.40
1784852139126,1,96,58,650.86
1784852139262,0,0,0,131.16
1784852139262,1,100,62,641.99
1784852139400,0,0,0,131.02
1784852139400,1,100,62,622.35
1784852139537,0,0,0,130.69
1784852139537,1,100,66,586.40
1784852139676,0,0,0,130.62
1784852139676,1,100,67,568.18
1784852139814,0,0,0,130.51
1784852139814,1,100,68,552.90
1784852139953,0,0,0,130.27
1784852139953,1,100,68,548.82
1784852140091,0,0,0,130.17
1784852140091,1,92,58,543.81
1784852140228,0,0,0,130.01
1784852140228,1,100,67,526.60
1784852140364,0,0,0,129.90
1784852140364,1,100,67,527.78
1784852140502,0,0,0,129.86
1784852140502,1,100,65,533.52
1784852140639,0,0,0,129.69
1784852140639,1,99,57,539.02
1784852140776,0,0,0,129.60
1784852140776,1,99,57,550.10
1784852140913,0,0,0,129.52
1784852140913,1,100,62,569.13
1784852141050,0,0,0,129.36
1784852141050,1,100,68,567.14
1784852141189,0,0,0,129.28
1784852141189,1,100,68,564.64
1784852141325,0,0,0,129.16
1784852141325,1,100,70,558.00
1784852141462,0,0,0,129.13
1784852141462,1,100,67,556.16
1784852141600,0,0,0,129.08
1784852141600,1,100,67,557.14
1784852141737,0,0,0,163.04
1784852141737,1,100,68,524.16
1784852141876,0,92,52,220.79
1784852141876,1,100,69,512.09
1784852142015,0,92,52,279.81
1784852142015,1,99,57,527.76
1784852142154,0,93,47,380.05
1784852142154,1,99,57,531.00
1784852142294,0,98,58,438.41
1784852142294,1,100,65,531.32
1784852142434,0,98,57,548.58
1784852142434,1,100,65,531.81
1784852142574,0,98,57,604.84
1784852142574,1,100,65,538.98
1784852142714,0,98,58,648.05
1784852142714,1,100,66,559.08
1784852142854,0,95,53,679.51
1784852142854,1,97,56,566.51
1784852142994,0,95,53,675.20
1784852142994,1,97,56,569.87
1784852143134,0,92,47,686.51
1784852143134,1,96,61,547.68
1784852143272,0,98,59,687.98
1784852143272,1,100,64,545.76
1784852143413,0,98,59,689.55
1784852143413,1,100,65,544.35
1784852143552,0,98,59,692.20
1784852143552,1,100,65,541.93
1784852143694,0,98,59,691.32
1784852143694,1,100,67,545.12
1784852143833,0,95,54,691.08
1784852143833,1,100,63,536.42
1784852143973,0,95,54,679.47
1784852143973,1,100,63,532.38
1784852144113,0,97,40,669.78
1784852144113,1,100,66,525.89
1784852144254,0,98,61,662.41
1784852144254,1,100,68,519.83
1784852144393,0,98,61,662.00
1784852144393,1,100,68,516.36
1784852144534,0,98,61,655.57
1784852144534,1,100,68,502.16
1784852144673,0,98,60,654.32
1784852144673,1,95,63,502.00
1784852144812,0,98,60,652.67
1784852144812,1,100,69,477.26
1784852144949,0,95,53,669.62
1784852144949,1,100,69,475.69
1784852145088,0,92,46,677.68
1784852145088,1,100,68,471.25
1784852145228,0,98,59,684.23
1784852145228,1,99,62,494.51
1784852145368,0,98,59,683.11
1784852145368,1,99,62,493.96
1784852145508,0,98,59,684.86
1784852145508,1,100,69,494.57
1784852145649,0,98,59,688.57
1784852145649,1,99,68,493.85
1784852145789,0,98,59,694.87
1784852145789,1,99,68,494.09
1784852145928,0,94,54,690.80
1784852145928,1,99,66,514.64
1784852146069,0,92,49,684.45
1784852146069,1,91,55,517.83
1784852146209,0,92,49,688.14
1784852146209,1,97,58,507.15
1784852146349,0,98,60,686.87
1784852146349,1,97,58,523.78
1784852146489,0,98,61,688.86
1784852146489,1,99,67,523.57
1784852146629,0,98,60,688.95
1784852146629,1,95,58,528.17
1784852146769,0,98,60,689.86
1784852146769,1,95,58,526.37
1784852146910,0,94,52,689.73
1784852146910,1,98,64,524.00
1784852147049,0,93,47,683.32
1784852147049,1,100,67,520.49
1784852147189,0,93,47,680.73
1784852147189,1,100,67,524.68
1784852147329,0,98,58,671.68
1784852147329,1,99,66,511.54
1784852147470,0,98,59,673.00
1784852147470,1,100,68,513.96
1784852147610,0,98,59,671.85
1784852147610,1,99,66,508.20
1784852147750,0,98,58,659.75
1784852147750,1,99,66,511.11
1784852147890,0,95,52,657.27
1784852147890,1,100,69,509.45
1784852148030,0,92,51,669.16
1784852148030,1,100,70,490.35
1784852148170,0,92,51,667.24
1784852148170,1,100,70,484.96
1784852148309,0,98,59,669.43
1784852148309,1,99,69,482.46
1784852148450,0,98,59,673.54
1784852148450,1,100,68,480.99
1784852148588,0,98,59,676.17
1784852148588,1,100,69,474.52
1784852148798,0,98,59,640.63
1784852148798,1,100,69,451.66
1784852148938,0,83,46,650.17
1784852148938,1,95,63,451.72
1784852149079,0,91,46,635.06
1784852149079,1,99,68,455.26
1784852149217,0,91,46,634.79
1784852149217,1,96,56,473.36
1784852149357,0,98,59,624.38
1784852149357,1,96,56,478.18
1784852149496,0,98,60,624.45
1784852149496,1,92,56,478.09
1784852149637,0,98,59,628.02
1784852149637,1,95,59,500.10
1784852149777,0,98,59,658.20
1784852149777,1,95,59,530.25
1784852149917,0,94,52,653.32
1784852149917,1,92,49,548.39
1784852150057,0,92,46,659.15
1784852150057,1,96,58,557.03
1784852150196,0,92,46,662.24
1784852150196,1,96,58,562.81
1784852150334,0,98,58,677.44
1784852150334,1,93,56,564.08
1784852150474,0,98,57,677.90
1784852150474,1,99,64,570.63
1784852150614,0,98,57,684.15
1784852150614,1,98,63,556.72
1784852150754,0,98,56,681.19
1784852150754,1,98,63,553.32
1784852150892,0,94,54,685.59
1784852150892,1,97,58,546.14
1784852151030,0,91,49,692.85
1784852151030,1,93,55,550.52
1784852151169,0,91,49,696.80
1784852151169,1,93,55,538.24
1784852151308,0,98,59,693.95
1784852151308,1,95,60,520.98
1784852151447,0,98,58,697.20
1784852151447,1,100,66,514.21
1784852151585,0,98,58,699.30
1784852151585,1,100,66,508.57
1784852151725,0,98,58,697.53
1784852151725,1,96,55,517.42
1784852151864,0,94,53,700.61
1784852151864,1,95,60,511.37
1784852152003,0,94,53,697.51
1784852152003,1,95,60,509.10
1784852152143,0,92,45,693.85
1784852152143,1,99,65,503.58
1784852152283,0,98,58,697.88
1784852152283,1,98,63,501.27
1784852152422,0,98,58,697.90
1784852152422,1,100,63,512.01
1784852152561,0,98,58,694.59
1784852152561,1,100,63,521.25
1784852152699,0,98,58,693.21
1784852152699,1,97,65,509.61
1784852152837,0,94,52,683.81
1784852152837,1,100,67,507.64
1784852152975,0,94,52,677.69
1784852152975,1,100,67,511.30
1784852153115,0,92,43,678.38
1784852153115,1,98,60,533.86
1784852153255,0,98,58,677.68
1784852153255,1,100,62,546.39
1784852153395,0,98,58,677.07
1784852153395,1,100,62,546.85
1784852153535,0,98,59,674.21
1784852153535,1,94,55,550.40
1784852153675,0,98,59,675.61
1784852153675,1,100,64,555.29
1784852153815,0,98,59,678.99
1784852153815,1,93,55,574.37
1784852153953,0,94,52,673.28
1784852153953,1,93,55,574.55
1784852154091,0,92,44,685.34
1784852154091,1,100,67,560.64
1784852154231,0,98,60,674.89
1784852154231,1,91,48,566.22
1784852154370,0,98,60,672.98
1784852154370,1,91,48,562.26
1784852154510,0,98,59,666.73
1784852154510,1,99,59,561.00
1784852154649,0,98,60,665.10
1784852154649,1,99,63,559.39
1784852154787,0,98,60,668.49
1784852154787,1,99,63,558.08
1784852154925,0,94,52,670.97
1784852154925,1,100,65,553.16
1784852155062,0,92,46,673.42
1784852155062,1,100,63,566.11
1784852155201,0,92,46,671.15
1784852155201,1,100,63,556.79
1784852155340,0,98,59,663.57
1784852155340,1,96,60,543.05
1784852155480,0,98,59,661.45
1784852155480,1,100,70,530.30
1784852155619,0,98,59,657.36
1784852155619,1,98,66,538.53
1784852155761,0,98,59,657.55
1784852155761,1,98,66,539.53
1784852155901,0,94,53,653.90
1784852155901,1,98,64,539.50
1784852156040,0,92,49,644.82
1784852156040,1,99,59,542.49
1784852156180,0,92,49,651.66
1784852156180,1,99,59,546.10
1784852156321,0,98,59,662.34
1784852156321,1,99,64,546.24
1784852156460,0,98,60,673.05
1784852156460,1,96,58,556.47
1784852156599,0,98,60,677.48
1784852156599,1,96,58,554.68
1784852156738,0,98,59,685.07
1784852156738,1,100,67,566.57
1784852156878,0,94,52,688.28
1784852156878,1,100,68,556.78
1784852157014,0,94,52,641.62
1784852157014,1,99,67,540.48
1784852157152,0,0,0,541.97
1784852157152,1,99,67,544.06
1784852157292,0,21,12,528.79
1784852157292,1,89,51,544.64
1784852157432,0,98,57,519.36
1784852157432,1,94,46,565.34
1784852157571,0,98,57,520.06
1784852157571,1,94,46,563.83
1784852157710,0,98,58,526.40
1784852157710,1,100,70,546.31
1784852157850,0,98,58,521.58
1784852157850,1,100,68,549.94
1784852157989,0,98,58,559.48
1784852157989,1,100,68,552.15
1784852158130,0,90,53,681.20
1784852158130,1,100,68,562.41
1784852158270,0,94,52,682.26
1784852158270,1,98,64,559.66
1784852158411,0,94,52,674.41
1784852158411,1,99,61,532.82
1784852158552,0,98,59,653.86
1784852158552,1,99,61,539.74
1784852158693,0,98,60,649.14
1784852158693,1,100,65,542.21
1784852158832,0,97,60,631.08
1784852158832,1,99,62,556.16
1784852158972,0,97,60,624.23
1784852158972,1,99,62,548.82
1784852159112,0,89,52,630.58
1784852159112,1,97,62,550.69
1784852159260,0,95,51,632.05
1784852159260,1,93,60,554.72
1784852159419,0,95,51,617.11
1784852159419,1,98,66,556.38
1784852159560,0,65,39,635.65
1784852159560,1,98,66,555.63
1784852159700,0,98,59,644.59
1784852159700,1,89,56,556.48
1784852159841,0,98,58,663.35
1784852159841,1,88,55,540.04
1784852159982,0,98,58,671.04
1784852159982,1,88,55,542.29
1784852160122,0,90,54,663.82
1784852160122,1,96,60,546.75
1784852160262,0,94,53,665.57
1784852160262,1,94,54,550.61
1784852160402,0,94,53,696.19
1784852160402,1,94,54,551.57
1784852160542,0,98,59,691.44
1784852160542,1,100,63,555.08
1784852160683,0,98,60,693.77
1784852160683,1,97,63,552.33
1784852160821,0,98,60,689.23
1784852160821,1,89,55,556.91
1784852160961,0,98,60,692.63
1784852160961,1,89,55,559.16
1784852161100,0,90,55,694.98
1784852161100,1,97,62,559.94
1784852161239,0,94,52,688.98
1784852161239,1,100,67,555.39
1784852161378,0,94,52,687.13
1784852161378,1,100,67,574.84
1784852161519,0,98,59,684.35
1784852161519,1,97,63,565.41
1784852161659,0,98,59,682.87
1784852161659,1,98,64,566.62
1784852161799,0,98,59,686.76
1784852161799,1,98,64,566.92
1784852161939,0,98,59,679.85
1784852161939,1,99,63,570.12
1784852162079,0,90,54,679.20
1784852162079,1,95,62,565.62
1784852162220,0,90,54,679.00
1784852162220,1,91,55,556.92
1784852162358,0,94,52,682.72
1784852162358,1,91,55,548.68
1784852162497,0,98,59,685.25
1784852162497,1,81,43,551.97
1784852162636,0,98,60,683.46
1784852162636,1,96,58,569.10
1784852162774,0,98,60,678.95
1784852162774,1,96,58,585.14
1784852162912,0,98,59,676.55
1784852162912,1,96,59,578.13
1784852163053,0,89,53,683.03
1784852163053,1,96,56,596.65
1784852163192,0,89,53,684.33
1784852163192,1,96,56,606.82
1784852163329,0,94,52,681.22
1784852163329,1,95,57,612.45
1784852163469,0,98,57,679.07
1784852163469,1,98,62,609.29
1784852163609,0,98,57,685.46
1784852163609,1,98,62,601.63
1784852163750,0,98,57,687.61
1784852163750,1,100,65,570.46
1784852163890,0,98,58,689.88
1784852163890,1,100,63,568.95
1784852164029,0,98,58,685.35
1784852164029,1,100,66,552.17
1784852164169,0,90,52,691.45
1784852164169,1,100,66,546.49
1784852164308,0,95,52,691.52
1784852164308,1,94,55,547.59
1784852164446,0,98,57,698.81
1784852164446,1,99,60,537.78
1784852164588,0,98,57,697.07
1784852164588,1,99,60,535.95
1784852164728,0,98,57,697.16
1784852164728,1,100,68,543.00
1784852164866,0,98,57,696.08
1784852164866,1,95,59,547.14
1784852165006,0,98,57,697.69
1784852165006,1,95,59,544.07
1784852165145,0,90,53,689.99
1784852165145,1,93,60,541.60
1784852165284,0,94,52,687.36
1784852165284,1,96,61,534.60
1784852165424,0,94,52,684.36
1784852165424,1,94,58,530.22
1784852165564,0,98,59,684.91
1784852165564,1,94,58,532.57
1784852165705,0,98,59,683.05
1784852165705,1,99,64,534.29
1784852165846,0,98,60,683.73
1784852165846,1,98,58,532.66
1784852165985,0,98,60,678.26
1784852165985,1,98,58,532.56
1784852166125,0,89,53,683.82
1784852166125,1,91,57,520.89
1784852166266,0,94,51,680.78
1784852166266,1,99,62,522.25
1784852166405,0,94,51,677.65
1784852166405,1,99,62,526.47
1784852166549,0,98,58,680.38
1784852166549,1,98,61,543.21
1784852166689,0,98,57,682.45
1784852166689,1,90,55,543.11
1784852166828,0,98,57,686.15
1784852166828,1,100,66,525.11
1784852166968,0,98,57,678.64
1784852166968,1,100,66,526.78
1784852167107,0,90,51,675.09
1784852167107,1,97,63,538.27
1784852167245,0,94,52,682.39
1784852167245,1,100,62,568.68
1784852167385,0,94,52,684.57
1784852167385,1,100,62,563.26
1784852167526,0,98,57,687.61
1784852167526,1,95,59,556.52
1784852167665,0,98,58,679.98
1784852167665,1,98,66,553.84
1784852167804,0,98,58,681.19
1784852167804,1,98,66,559.32
1784852167943,0,98,57,682.83
1784852167943,1,99,67,557.16
1784852168081,0,90,53,687.48
1784852168081,1,98,64,555.71
1784852168219,0,90,53,691.09
1784852168219,1,93,63,525.91
1784852168357,0,94,52,684.28
1784852168357,1,93,63,519.45
1784852168497,0,98,57,685.18
1784852168497,1,96,66,524.24
1784852168635,0,98,57,684.40
1784852168635,1,97,62,532.72
1784852168776,0,98,57,684.72
1784852168776,1,97,62,535.81
1784852168916,0,98,57,685.79
1784852168916,1,97,63,555.00
1784852169131,0,65,39,648.29
1784852169131,1,84,56,547.25
1784852169270,0,94,52,651.61
1784852169270,1,99,57,554.80
1784852169409,0,94,52,654.28
1784852169409,1,99,57,554.10
1784852169548,0,92,48,648.89
1784852169548,1,99,68,543.38
1784852169689,0,98,58,647.90
1784852169689,1,100,69,535.11
1784852169828,0,98,58,645.13
1784852169828,1,98,61,529.03
1784852169967,0,97,57,646.02
1784852169967,1,98,61,520.83
1784852170107,0,98,58,679.67
1784852170107,1,100,66,527.37
1784852170247,0,95,52,680.47
1784852170247,1,93,59,513.45
1784852170387,0,95,52,679.03
1784852170387,1,93,59,515.33
1784852170527,0,92,48,677.21
1784852170527,1,91,55,518.41
1784852170666,0,98,58,666.46
1784852170666,1,96,58,529.36
1784852170805,0,98,58,663.61
1784852170805,1,96,58,537.67
1784852170945,0,98,59,650.22
1784852170945,1,97,61,537.97
1784852171084,0,97,58,652.97
1784852171084,1,98,61,548.07
1784852171224,0,97,58,655.42
1784852171224,1,97,62,556.00
1784852171363,0,94,52,651.61
1784852171363,1,97,62,557.06
1784852171503,0,92,51,654.00
1784852171503,1,98,55,573.48
1784852171643,0,98,58,669.87
1784852171643,1,100,65,564.82
1784852171783,0,98,58,673.91
1784852171783,1,100,65,560.21
1784852171922,0,98,58,681.75
1784852171922,1,97,62,552.33
1784852172061,0,98,57,688.58
1784852172061,1,99,65,544.27
1784852172198,0,98,57,687.62
1784852172198,1,99,65,545.85
1784852172337,0,94,53,684.75
1784852172337,1,97,61,535.12
1784852172477,0,92,50,685.86
1784852172477,1,100,69,516.81
1784852172617,0,92,50,689.02
1784852172617,1,99,61,545.00
1784852172758,0,98,60,686.19
1784852172758,1,99,61,542.46
1784852172897,0,97,59,684.88
1784852172897,1,96,60,542.10
1784852173037,0,97,59,681.62
1784852173037,1,98,56,564.62
1784852173176,0,97,59,680.03
1784852173176,1,98,56,562.75
1784852173314,0,95,52,677.28
1784852173314,1,100,68,553.89
1784852173453,0,98,52,686.33
1784852173453,1,100,65,563.67
1784852173592,0,98,52,680.67
1784852173592,1,100,65,560.51
1784852173729,0,98,59,682.68
1784852173729,1,100,61,556.67
1784852173869,0,98,58,684.00
1784852173869,1,100,65,547.84
1784852174008,0,98,58,685.43
1784852174008,1,100,65,550.08
1784852174147,0,97,57,687.62
1784852174147,1,100,67,534.54
1784852174288,0,95,53,691.86
1784852174288,1,98,56,545.02
1784852174427,0,95,53,696.64
1784852174427,1,96,62,535.24
1784852174566,0,98,52,696.92
1784852174566,1,96,62,529.29
1784852174707,0,98,58,696.01
1784852174707,1,92,62,513.32
1784852174846,0,98,56,692.21
1784852174846,1,99,66,500.67
1784852174986,0,98,56,691.18
1784852174986,1,99,66,500.17
1784852175127,0,98,55,688.38
1784852175127,1,97,60,498.89
1784852175266,0,94,54,686.00
1784852175266,1,100,68,489.92
1784852175424,0,94,54,666.56
1784852175424,1,97,64,482.04
1784852175563,0,98,42,662.26
1784852175563,1,97,64,481.54
1784852175703,0,97,59,663.93
1784852175703,1,100,70,481.59
1784852175843,0,98,60,667.03
1784852175843,1,100,71,479.93
1784852175981,0,98,60,669.47
1784852175981,1,100,71,483.65
1784852176122,0,98,60,670.70
1784852176122,1,99,69,475.36
1784852176260,0,94,52,663.68
1784852176260,1,100,70,482.94
1784852176398,0,94,52,679.76
1784852176398,1,100,70,491.21
1784852176537,0,92,46,683.84
1784852176537,1,99,63,494.97
1784852176676,0,98,59,670.08
1784852176676,1,97,63,498.98
1784852176817,0,98,59,674.00
1784852176817,1,97,63,499.64
1784852176955,0,98,59,663.90
1784852176955,1,100,69,499.02
1784852177094,0,97,59,668.38
1784852177094,1,100,69,498.38
1784852177232,0,97,59,672.23
1784852177232,1,100,72,491.42
1784852177374,0,95,52,672.91
1784852177374,1,100,72,476.48
1784852177513,0,93,47,667.09
1784852177513,1,100,71,473.56
1784852177652,0,97,58,676.00
1784852177652,1,95,62,472.85
1784852177792,0,97,58,668.23
1784852177792,1,95,62,474.11
1784852177931,0,98,58,674.40
1784852177931,1,100,72,469.83
1784852178070,0,98,59,673.12
1784852178070,1,100,72,471.96
1784852178211,0,98,59,672.41
1784852178211,1,100,72,472.54
1784852178350,0,95,53,668.14
1784852178350,1,100,72,480.83
1784852178490,0,93,50,669.56
1784852178490,1,92,56,490.27
1784852178628,0,93,50,673.55
1784852178628,1,86,50,502.90
1784852178766,0,98,60,679.74
1784852178766,1,86,50,506.40
1784852178904,0,97,60,682.78
1784852178904,1,90,53,526.61
1784852179043,0,98,59,676.69
1784852179043,1,91,56,533.82
1784852179181,0,98,59,673.42
1784852179181,1,91,56,533.30
1784852179320,0,93,52,676.59
1784852179320,1,91,56,541.08
1784852179458,0,92,49,687.17
1784852179458,1,94,62,533.65
1784852179598,0,92,49,684.97
1784852179598,1,94,62,553.49
1784852179737,0,98,58,680.85
1784852179737,1,100,58,548.01
1784852179878,0,98,59,679.66
1784852179878,1,100,68,529.90
1784852180017,0,98,59,681.82
1784852180017,1,100,68,528.88
1784852180157,0,97,58,683.86
1784852180157,1,100,67,532.50
1784852180296,0,94,53,680.29
1784852180296,1,97,63,525.50
1784852180433,0,94,53,678.64
1784852180433,1,100,69,520.26
1784852180572,0,92,50,679.82
1784852180572,1,100,69,517.80
1784852180712,0,98,59,679.01
1784852180712,1,97,64,503.32
1784852180851,0,98,59,680.66
1784852180851,1,97,67,511.32
1784852180990,0,98,59,679.04
1784852180990,1,97,67,508.86
1784852181130,0,97,60,681.15
1784852181130,1,95,62,518.89
1784852181269,0,94,52,688.26
1784852181269,1,98,66,517.99
1784852181411,0,92,51,672.18
1784852181411,1,98,64,526.22
1784852181629,0,92,51,655.80
1784852181629,1,85,49,523.26
1784852181768,0,84,51,652.90
1784852181768,1,85,49,525.51
1784852181908,0,97,59,652.36
1784852181908,1,100,65,536.31
1784852182048,0,98,60,651.68
1784852182048,1,100,65,534.42
1784852182188,0,98,60,645.57
1784852182188,1,100,65,537.80
1784852182327,0,94,52,643.23
1784852182327,1,93,53,549.96
1784852182467,0,92,48,655.00
1784852182467,1,94,62,550.10
1784852182606,0,92,48,675.95
1784852182606,1,94,62,565.62
1784852182745,0,98,58,683.86
1784852182745,1,99,65,540.71
1784852182886,0,98,57,682.59
1784852182886,1,100,67,538.76
1784852183025,0,98,57,685.29
1784852183025,1,95,59,535.69
1784852183166,0,98,58,688.39
1784852183166,1,95,59,526.35
1784852183305,0,95,53,692.44
1784852183305,1,100,68,511.31
1784852183445,0,92,47,688.22
1784852183445,1,98,64,504.39
1784852183586,0,92,47,685.95
1784852183586,1,98,64,502.74
1784852183725,0,97,58,682.75
1784852183725,1,97,63,526.33
1784852183866,0,98,58,671.68
1784852183866,1,96,56,530.08
1784852184006,0,98,58,672.97
1784852184006,1,96,56,533.17
1784852184146,0,98,59,671.97
1784852184146,1,97,58,544.73
1784852184287,0,95,53,671.18
1784852184287,1,100,62,543.71
1784852184425,0,95,53,672.89
1784852184425,1,97,61,551.63
1784852184564,0,92,47,685.01
1784852184564,1,97,61,550.84
1784852184704,0,98,58,682.76
1784852184704,1,94,55,552.28
1784852184845,0,98,59,694.44
1784852184845,1,100,68,530.89
1784852184985,0,98,59,691.64
1784852184985,1,100,68,527.36
1784852185124,0,98,59,694.40
1784852185124,1,97,63,530.89
1784852185264,0,95,53,691.90
1784852185264,1,100,68,526.88
1784852185402,0,95,53,686.97
1784852185402,1,100,68,546.74
1784852185540,0,92,47,681.66
1784852185540,1,95,57,553.23
1784852185679,0,97,59,677.28
1784852185679,1,93,58,545.24
1784852185816,0,97,59,668.16
1784852185816,1,93,58,549.35
1784852185954,0,98,60,664.37
1784852185954,1,99,57,574.26
1784852186093,0,98,60,661.73
1784852186093,1,95,50,575.74
1784852186232,0,98,60,657.85
1784852186232,1,96,58,592.38
1784852186372,0,94,52,656.43
1784852186372,1,96,58,588.28
1784852186513,0,92,50,659.08
1784852186513,1,95,57,584.76
1784852186653,0,98,59,658.13
1784852186653,1,92,56,577.19
1784852186792,0,98,59,660.50
1784852186792,1,92,56,567.41
1784852186931,0,98,59,656.02
1784852186931,1,96,56,579.68
1784852187071,0,98,59,665.38
1784852187071,1,97,60,566.77
1784852187210,0,98,59,669.38
1784852187210,1,97,60,562.01
1784852187351,0,95,52,664.83
1784852187351,1,88,52,569.17
1784852187492,0,92,50,660.13
1784852187492,1,89,52,565.62
1784852187631,0,92,50,665.20
1784852187631,1,96,63,577.15
1784852187771,0,98,58,665.38
1784852187771,1,96,63,595.94
1784852187912,0,98,59,671.30
1784852187912,1,100,57,582.96
1784852188050,0,98,59,661.30
1784852188050,1,95,55,594.62
1784852188190,0,98,59,659.14
1784852188190,1,95,55,596.71
1784852188329,0,95,54,658.35
1784852188329,1,99,56,601.68
1784852188470,0,98,57,655.90
1784852188470,1,99,65,595.53
1784852188610,0,98,57,645.70
1784852188610,1,99,65,594.25
1784852188749,0,97,61,638.63
1784852188749,1,100,68,579.89
1784852188889,0,98,61,634.85
1784852188889,1,97,63,577.08
1784852189029,0,98,61,631.91
1784852189029,1,100,68,555.01
1784852189169,0,98,62,633.61
1784852189169,1,100,68,544.23
1784852189308,0,95,52,632.41
1784852189308,1,99,65,538.30
1784852189447,0,98,55,642.11
1784852189447,1,100,69,519.89
1784852189586,0,98,55,645.91
1784852189586,1,100,69,505.69
1784852189727,0,98,59,652.53
1784852189727,1,93,59,498.80
1784852189865,0,98,59,660.79
1784852189865,1,98,64,497.27
1784852190005,0,98,59,668.76
1784852190005,1,98,64,495.24
1784852190144,0,91,56,673.59
1784852190144,1,95,55,509.11
1784852190282,0,95,53,660.27
1784852190282,1,91,55,510.90
1784852190419,0,95,53,656.25
1784852190419,1,91,55,521.01
1784852190560,0,97,57,654.78
1784852190560,1,94,58,539.38
1784852190709,0,98,59,639.78
1784852190709,1,96,60,547.96
1784852190858,0,61,37,614.42
1784852190858,1,96,59,574.79
1784852190998,0,61,37,609.20
1784852190998,1,96,59,573.60
1784852191137,0,98,60,607.67
1784852191137,1,100,66,567.33
1784852191277,0,93,53,577.53
1784852191277,1,97,58,574.14
1784852191414,0,93,53,538.49
1784852191414,1,97,58,576.38
1784852191551,0,0,0,466.49
1784852191551,1,97,61,557.33
1784852191692,0,67,38,474.04
1784852191692,1,94,62,550.18
1784852191832,0,67,38,501.64
1784852191832,1,90,54,534.64
1784852191972,0,98,60,513.03
1784852191972,1,90,54,538.10
1784852192111,0,98,60,514.15
1784852192111,1,98,63,548.45
1784852192250,0,98,60,540.13
1784852192250,1,99,63,534.61
1784852192389,0,98,60,596.55
1784852192389,1,99,63,530.60
1784852192527,0,89,52,653.12
1784852192527,1,98,66,528.33
1784852192667,0,96,50,678.64
1784852192667,1,92,59,527.89
1784852192807,0,96,50,682.56
1784852192807,1,92,59,527.64
1784852192948,0,98,59,677.77
1784852192948,1,99,68,511.91
1784852193086,0,98,58,674.98
1784852193086,1,89,56,523.16
1784852193227,0,98,58,665.85
1784852193227,1,86,45,533.00
1784852193368,0,98,59,673.86
1784852193368,1,86,45,538.42
1784852193508,0,89,52,677.02
1784852193508,1,86,51,549.21
1784852193647,0,89,52,682.98
1784852193647,1,92,56,563.89
1784852193786,0,92,49,666.01
1784852193786,1,92,56,581.43
1784852193927,0,98,59,669.98
1784852193927,1,93,57,584.85
1784852194069,0,98,59,668.52
1784852194069,1,96,64,568.66
1784852194208,0,98,59,669.89
1784852194208,1,96,64,576.17
1784852194347,0,98,60,669.19
1784852194347,1,98,66,551.94
1784852194485,0,89,51,668.46
1784852194485,1,90,56,547.11
1784852194623,0,89,51,664.67
1784852194623,1,90,56,539.70
1784852194766,0,90,48,666.11
1784852194766,1,94,61,531.69
1784852194907,0,97,58,670.81
1784852194907,1,97,56,537.38
1784852195045,0,97,58,677.98
1784852195045,1,98,62,533.72
1784852195186,0,98,58,679.76
1784852195186,1,98,62,524.83
1784852195327,0,98,57,682.84
1784852195327,1,94,60,537.82
1784852195468,0,89,51,677.72
1784852195468,1,96,62,538.73
1784852195607,0,89,51,675.53
1784852195607,1,96,62,545.21
1784852195747,0,91,47,673.30
1784852195747,1,98,57,532.06
1784852195887,0,98,58,672.56
1784852195887,1,100,67,523.68
1784852196027,0,98,58,671.74
1784852196027,1,100,67,523.08
1784852196165,0,98,59,672.89
1784852196165,1,100,68,521.98
1784852196304,0,98,58,673.30
1784852196304,1,98,65,516.48
1784852196443,0,98,58,671.10
1784852196443,1,100,67,505.26
1784852196582,0,88,51,669.06
1784852196582,1,100,67,510.98
1784852196722,0,91,48,670.84
1784852196722,1,96,62,500.71
1784852196863,0,98,58,677.85
1784852196863,1,98,63,499.79
1784852197002,0,98,58,678.11
1784852197002,1,98,63,499.10
1784852197141,0,98,58,683.03
1784852197141,1,100,66,489.30
1784852197281,0,98,58,679.89
1784852197281,1,100,68,489.09
1784852197418,0,98,58,683.02
1784852197418,1,100,68,493.29
1784852197557,0,88,51,676.00
1784852197557,1,99,57,489.74
1784852197696,0,90,47,680.65
1784852197696,1,95,57,503.81
1784852197836,0,90,47,678.63
1784852197836,1,100,61,514.97
1784852197975,0,98,58,679.16
1784852197975,1,100,61,517.75
1784852198115,0,98,58,673.92
1784852198115,1,98,62,516.33
1784852198254,0,98,57,676.77
1784852198254,1,98,64,523.06
1784852198395,0,98,57,677.38
1784852198395,1,98,64,520.51
1784852198535,0,88,51,682.02
1784852198535,1,89,52,515.47
1784852198673,0,89,47,687.73
1784852198673,1,99,62,525.55
1784852198812,0,89,47,686.35
1784852198812,1,99,62,530.85
1784852198951,0,98,58,685.25
1784852198951,1,99,62,522.58
1784852199092,0,98,58,683.62
1784852199092,1,100,66,537.06
1784852199231,0,98,58,683.38
1784852199231,1,99,60,553.80
1784852199371,0,98,59,678.89
1784852199371,1,99,60,563.60
1784852199512,0,87,51,675.50
1784852199512,1,92,55,558.81
1784852199653,0,91,48,672.31
1784852199653,1,100,68,541.58
1784852199793,0,91,48,670.78
1784852199793,1,100,68,531.94
1784852199933,0,97,58,671.27
1784852199933,1,94,59,553.48
1784852200072,0,98,58,671.03
1784852200072,1,99,64,551.16
1784852200211,0,98,58,672.18
1784852200211,1,99,64,550.74
1784852200352,0,98,58,671.74
1784852200352,1,96,57,547.26
1784852200491,0,88,52,673.71
1784852200491,1,99,62,547.08
1784852200630,0,88,52,673.93
1784852200630,1,97,53,570.59
1784852200772,0,91,49,685.40
1784852200772,1,97,53,580.51
1784852200913,0,98,60,681.10
1784852200913,1,100,67,563.29
1784852201053,0,98,60,686.08
1784852201053,1,100,68,559.24
1784852201202,0,98,60,675.64
1784852201202,1,100,68,552.53
1784852201355,0,56,35,640.99
1784852201355,1,97,67,556.24
1784852201495,0,94,53,642.60
1784852201495,1,99,55,564.87
1784852201636,0,94,53,639.52
1784852201636,1,98,66,541.23
1784852201775,0,95,53,644.41
1784852201775,1,98,66,528.43
1784852201912,0,98,59,644.91
1784852201912,1,100,67,531.20
1784852202051,0,98,59,645.82
1784852202051,1,100,64,528.12
1784852202190,0,98,60,649.35
1784852202190,1,100,64,531.19
1784852202330,0,98,60,680.71
1784852202330,1,100,66,532.31
1784852202470,0,95,53,680.06
1784852202470,1,99,64,501.12
1784852202610,0,95,53,678.37
1784852202610,1,99,64,501.07
1784852202749,0,96,50,677.43
1784852202749,1,100,67,504.74
1784852202889,0,97,59,679.04
1784852202889,1,93,56,502.79
1784852203029,0,97,59,679.97
1784852203029,1,93,56,512.58
1784852203168,0,98,60,680.03
1784852203168,1,99,61,522.27
1784852203308,0,98,59,682.21
1784852203308,1,100,61,522.20
1784852203446,0,98,59,686.59
1784852203446,1,98,61,528.53
1784852203585,0,95,53,695.97
1784852203585,1,98,61,544.45
1784852203723,0,97,52,685.93
1784852203723,1,99,51,560.04
1784852203863,0,98,60,683.28
1784852203863,1,94,62,566.59
1784852204002,0,98,60,680.62
1784852204002,1,94,62,567.90
1784852204142,0,98,59,681.47
1784852204142,1,96,60,585.59
1784852204281,0,98,60,675.69
1784852204281,1,99,54,605.42
1784852204420,0,98,60,674.68
1784852204420,1,99,54,612.61
1784852204560,0,94,52,665.73
1784852204560,1,95,58,603.96
1784852204699,0,98,52,661.73
1784852204699,1,96,59,596.84
1784852204840,0,98,52,664.20
1784852204840,1,94,55,601.76
1784852204980,0,98,58,671.17
1784852204980,1,94,55,589.08
1784852205120,0,97,58,672.30
1784852205120,1,100,67,589.27
1784852205260,0,98,59,680.85
1784852205260,1,99,62,565.92
1784852205397,0,98,59,684.81
1784852205397,1,99,62,556.06
1784852205536,0,94,53,688.55
1784852205536,1,93,58,567.70
1784852205676,0,98,54,690.59
1784852205676,1,99,59,570.22
1784852205815,0,98,54,688.57
1784852205815,1,99,59,572.41
1784852205954,0,98,60,674.20
1784852205954,1,100,66,575.83
1784852206094,0,98,60,668.24
1784852206094,1,92,57,569.65
1784852206233,0,98,60,660.79
1784852206233,1,95,62,555.54
1784852206375,0,91,56,653.08
1784852206375,1,95,62,563.74
1784852206514,0,94,53,650.10
1784852206514,1,99,65,556.99
1784852206656,0,98,58,664.59
1784852206656,1,96,63,535.86
1784852206796,0,98,58,669.58
1784852206796,1,96,63,538.45
1784852206937,0,98,58,674.76
1784852206937,1,98,48,544.75
1784852207077,0,98,58,688.08
1784852207077,1,97,62,548.03
1784852207216,0,98,58,688.68
1784852207216,1,97,62,559.81
1784852207356,0,90,53,689.57
1784852207356,1,97,54,587.27
1784852207496,0,95,52,686.59
1784852207496,1,100,61,590.43
1784852207635,0,95,52,682.07
1784852207635,1,100,66,585.87
1784852207775,0,98,58,672.81
1784852207775,1,100,66,582.22
1784852207912,0,98,59,667.54
1784852207912,1,95,59,581.12
1784852208051,0,98,59,663.60
1784852208051,1,94,62,573.18
1784852208191,0,98,59,656.67
1784852208191,1,94,62,561.95
1784852208331,0,90,54,656.20
1784852208331,1,97,63,556.19
1784852208470,0,95,53,664.95
1784852208470,1,95,58,553.28
1784852208609,0,95,53,662.82
1784852208609,1,95,58,558.06
1784852208750,0,98,58,664.58
1784852208750,1,98,58,587.82
1784852208889,0,98,59,671.10
1784852208889,1,100,59,577.62
1784852209029,0,98,59,672.28
1784852209029,1,100,59,584.04
1784852209168,0,97,58,680.35
1784852209168,1,99,60,610.99
1784852209308,0,90,54,676.69
1784852209308,1,95,57,608.02
1784852209448,0,90,54,677.10
1784852209448,1,97,60,606.45
1784852209597,0,95,53,676.15
1784852209597,1,97,60,613.29
1784852209755,0,53,32,646.79
1784852209755,1,81,44,592.11
1784852209894,0,98,59,649.48
1784852209894,1,100,52,596.47
1784852210034,0,98,59,652.18
1784852210034,1,100,52,590.74
1784852210172,0,98,59,647.20
1784852210172,1,99,60,580.60
1784852210312,0,98,59,652.27
1784852210312,1,97,65,579.37
1784852210451,0,98,59,647.67
1784852210451,1,95,61,574.13
1784852210591,0,94,53,660.77
1784852210591,1,95,61,571.64
1784852210730,0,98,52,685.52
1784852210730,1,99,62,584.81
1784852210869,0,97,59,681.18
1784852210869,1,100,69,553.22
1784852211008,0,97,59,679.11
1784852211008,1,100,69,556.33
1784852211148,0,97,60,677.74
1784852211148,1,97,63,571.96
1784852211288,0,96,59,679.53
1784852211288,1,100,62,570.24
1784852211429,0,96,59,676.64
1784852211429,1,100,62,564.12
1784852211569,0,94,51,672.19
1784852211569,1,95,60,588.41
1784852211710,0,97,55,680.28
1784852211710,1,100,62,577.14
1784852211851,0,97,55,684.65
1784852211851,1,96,57,605.91
1784852211990,0,98,59,675.40
1784852211990,1,96,57,604.68
1784852212130,0,97,59,679.65
1784852212130,1,95,60,592.86
1784852212272,0,97,59,668.45
1784852212272,1,89,51,591.93
1784852212412,0,97,59,658.25
1784852212412,1,89,51,605.23
1784852212547,0,25,25,616.22
1784852212547,1,100,61,525.72
1784852212685,0,28,2,513.29
1784852212685,1,56,33,503.14
1784852212819,0,28,2,458.36
1784852212819,1,56,33,458.04
1784852212952,0,0,0,416.34
1784852212952,1,0,0,364.99
1784852213084,0,0,0,294.57
1784852213084,1,0,0,325.70
1784852213217,0,0,0,258.52
1784852213217,1,0,0,282.38
1784852213351,0,1,0,206.26
1784852213351,1,5,1,219.69
1784852213488,0,0,0,153.11
1784852213488,1,93,52,217.77
1784852213623,0,0,0,140.67
1784852213623,1,93,52,276.61
1784852213757,0,0,0,136.85
1784852213757,1,100,49,383.98
1784852213893,0,0,0,135.93
1784852213893,1,100,46,437.85
1784852214028,0,0,0,135.57
1784852214028,1,100,46,502.89
1784852214161,0,0,0,135.02
1784852214161,1,100,47,624.63
1784852214296,0,0,0,134.58
1784852214296,1,100,44,678.23
1784852214431,0,0,0,132.42
1784852214431,1,100,44,683.59
1784852214566,0,0,0,132.10
1784852214566,1,100,47,679.21
1784852214702,0,0,0,131.93
1784852214702,1,100,62,676.68
1784852214840,0,0,0,131.80
1784852214840,1,98,63,644.10
1784852214977,0,0,0,131.53
1784852214977,1,98,63,622.30
1784852215113,0,0,0,131.39
1784852215113,1,95,60,603.16
1784852215250,0,0,0,131.31
1784852215250,1,96,64,575.84
1784852215387,0,0,0,131.07
1784852215387,1,96,64,571.60
1784852215522,0,0,0,130.98
1784852215522,1,100,68,577.52
1784852215658,0,0,0,130.81
1784852215658,1,97,62,548.95
1784852215795,0,0,0,130.55
1784852215795,1,97,62,543.15
1784852215932,0,0,0,130.34
1784852215932,1,87,53,540.33
1784852216068,0,0,0,130.02
1784852216068,1,96,61,534.95
1784852216203,0,0,0,129.86
1784852216203,1,96,61,532.62
1784852216340,0,0,0,129.72
1784852216340,1,97,63,516.25
1784852216477,0,0,0,129.40
1784852216477,1,100,68,519.52
1784852216613,0,0,0,129.27
1784852216613,1,100,68,538.03
1784852216750,0,0,0,129.16
1784852216750,1,96,59,533.36
1784852216887,0,0,0,129.00
1784852216887,1,97,54,546.43
1784852217025,0,0,0,128.96
1784852217025,1,97,54,552.78
1784852217162,0,0,0,128.79
1784852217162,1,97,63,568.26
1784852217300,0,0,0,128.73
1784852217300,1,91,50,562.25
1784852217437,0,0,0,128.66
1784852217437,1,91,50,570.06
1784852217572,0,0,0,136.35
1784852217572,1,98,66,543.84
1784852217712,0,94,54,197.14
1784852217712,1,94,58,546.82
1784852217850,0,94,54,258.09
1784852217850,1,99,65,523.47
1784852217990,0,93,48,371.07
1784852217990,1,99,65,531.21
1784852218128,0,98,57,430.40
1784852218128,1,90,54,537.67
1784852218269,0,97,58,544.11
1784852218269,1,100,59,540.96
1784852218407,0,97,58,604.05
1784852218407,1,100,59,554.81
1784852218547,0,98,57,652.16
1784852218547,1,100,58,558.27
1784852218689,0,95,52,702.82
1784852218689,1,99,60,571.07
1784852218829,0,95,52,699.68
1784852218829,1,99,60,578.66
1784852218967,0,91,45,684.19
1784852218967,1,95,50,588.02
1784852219105,0,97,58,680.15
1784852219105,1,96,55,596.96
1784852219245,0,97,58,681.09
1784852219245,1,100,65,599.20
1784852219395,0,98,57,661.30
1784852219395,1,100,65,570.79
1784852219547,0,72,42,643.28
1784852219547,1,34,16,584.01
1784852219685,0,90,53,643.15
1784852219685,1,100,58,579.46
1784852219823,0,90,53,641.39
1784852219823,1,100,58,574.82
1784852219962,0,94,52,652.68
1784852219962,1,100,63,580.44
1784852220101,0,98,56,658.36
1784852220101,1,100,63,564.21
1784852220241,0,98,56,659.52
1784852220241,1,100,68,556.97
1784852220382,0,98,57,663.94
1784852220382,1,100,68,565.89
1784852220523,0,98,56,686.68
1784852220523,1,100,67,564.53
1784852220662,0,91,52,678.89
1784852220662,1,97,64,540.54
1784852220802,0,91,52,679.55
1784852220802,1,97,64,534.30
1784852220941,0,95,52,678.35
1784852220941,1,98,64,517.35
1784852221081,0,98,59,672.43
1784852221081,1,93,61,518.34
1784852221218,0,98,59,661.69
1784852221218,1,93,61,524.38
1784852221357,0,97,58,664.51
1784852221357,1,100,64,520.46
1784852221498,0,98,59,665.44
1784852221498,1,100,67,525.26
1784852221637,0,98,59,670.11
1784852221637,1,100,67,523.92
1784852221776,0,90,54,677.54
1784852221776,1,98,66,522.52
1784852221916,0,94,52,681.11
1784852221916,1,100,67,534.62
1784852222055,0,94,52,676.46
1784852222055,1,98,58,554.87
1784852222194,0,98,59,676.04
1784852222194,1,98,58,545.08
1784852222333,0,98,59,670.74
1784852222333,1,100,69,537.03
1784852222474,0,98,59,671.23
1784852222474,1,97,62,538.13
1784852222613,0,98,59,667.48
1784852222613,1,97,62,547.40
1784852222752,0,90,54,666.30
1784852222752,1,96,61,545.25
1784852222893,0,95,52,664.11
1784852222893,1,100,68,533.68
1784852223033,0,95,52,665.89
1784852223033,1,100,68,511.47
1784852223172,0,98,57,669.50
1784852223172,1,90,58,513.87
1784852223312,0,98,57,677.24
1784852223312,1,99,65,514.54
1784852223449,0,98,57,677.96
1784852223449,1,86,48,530.89
1784852223589,0,98,58,679.81
1784852223589,1,86,48,530.27
1784852223729,0,90,53,679.55
1784852223729,1,100,60,542.77
1784852223868,0,95,53,682.93
1784852223868,1,97,61,557.82
1784852224008,0,95,53,682.13
1784852224008,1,97,61,563.37
1784852224146,0,98,59,683.91
1784852224146,1,100,69,557.16
1784852224284,0,98,59,686.10
1784852224284,1,96,63,555.44
1784852224424,0,98,59,684.49
1784852224424,1,96,63,562.51
1784852224565,0,97,59,688.56
1784852224565,1,97,53,556.80
1784852224708,0,90,54,688.76
1784852224708,1,96,57,559.33
1784852224847,0,90,54,687.56
1784852224847,1,83,48,558.85
1784852224988,0,95,53,683.32
1784852224988,1,83,48,560.11
1784852225129,0,98,59,683.97
1784852225129,1,96,57,561.92
1784852225269,0,98,59,681.73
1784852225269,1,100,68,558.61
1784852225408,0,98,59,682.81
1784852225408,1,100,68,546.97
1784852225548,0,97,60,682.58
1784852225548,1,100,68,536.22
1784852225689,0,90,54,682.90
1784852225689,1,96,61,519.15
1784852225829,0,90,54,682.78
1784852225829,1,96,61,523.22
1784852225968,0,95,52,682.58
1784852225968,1,93,59,509.00
1784852226107,0,98,60,681.97
1784852226107,1,95,61,507.31
1784852226247,0,98,60,680.91
1784852226247,1,98,58,534.34
1784852226386,0,98,60,676.83
1784852226386,1,98,58,534.73
1784852226527,0,98,60,678.55
1784852226527,1,93,57,530.33
1784852226679,0,89,54,678.47
1784852226679,1,100,68,535.77
1784852226819,0,89,54,682.53
1784852226819,1,100,68,541.53
1784852226960,0,96,51,689.97
1784852226960,1,94,60,541.97
1784852227101,0,98,60,687.45
1784852227101,1,95,60,560.44
1784852227242,0,98,60,685.56
1784852227242,1,95,60,533.52
1784852227382,0,98,59,680.19
1784852227382,1,100,65,542.20
1784852227523,0,98,59,679.50
1784852227523,1,96,53,557.33
1784852227661,0,98,59,672.92
1784852227661,1,93,56,554.53
1784852227800,0,89,52,671.36
1784852227800,1,93,56,554.16
1784852227940,0,90,48,669.04
1784852227940,1,94,61,557.90
1784852228081,0,98,57,678.34
1784852228081,1,100,63,556.38
1784852228221,0,98,57,685.77
1784852228221,1,100,63,560.53
1784852228361,0,98,58,684.90
1784852228361,1,100,64,590.93
1784852228502,0,98,57,692.61
1784852228502,1,94,55,587.94
1784852228643,0,98,57,697.35
1784852228643,1,94,55,554.34
1784852228871,0,94,52,645.88
1784852228871,1,68,46,594.52
1784852229011,0,94,52,646.84
1784852229011,1,68,46,588.09
1784852229153,0,98,53,633.90
1784852229153,1,99,64,588.56
1784852229293,0,98,57,637.09
1784852229293,1,96,63,567.81
1784852229432,0,98,57,632.27
1784852229432,1,96,63,554.81
1784852229574,0,97,57,634.62
1784852229574,1,100,70,539.34
1784852229714,0,98,57,636.73
1784852229714,1,97,61,532.53
1784852229853,0,98,57,677.60
1784852229853,1,98,58,553.24
1784852229993,0,95,53,682.01
1784852229993,1,98,58,545.65
1784852230134,0,98,53,684.22
1784852230134,1,100,68,535.56
1784852230273,0,98,56,685.71
1784852230273,1,98,64,523.65
1784852230412,0,98,56,688.59
1784852230412,1,98,64,525.79
1784852230552,0,98,57,690.07
1784852230552,1,98,63,506.34
1784852230692,0,98,57,684.92
1784852230692,1,100,69,506.18
1784852230831,0,98,57,679.95
1784852230831,1,100,69,504.23
1784852230970,0,94,53,675.72
1784852230970,1,97,58,493.83
1784852231110,0,98,53,683.06
1784852231110,1,100,65,494.67
1784852231248,0,98,53,686.12
1784852231248,1,98,66,493.58
1784852231387,0,98,59,684.64
1784852231387,1,98,66,488.17
1784852231527,0,98,58,685.61
1784852231527,1,100,71,494.52
1784852231668,0,98,58,688.12
1784852231668,1,100,70,490.57
1784852231808,0,98,58,691.81
1784852231808,1,100,70,482.66
1784852231947,0,94,53,693.41
1784852231947,1,100,69,500.74
1784852232085,0,92,51,691.51
1784852232085,1,98,57,510.05
1784852232224,0,92,51,687.14
1784852232224,1,98,57,508.83
1784852232365,0,98,58,686.23
1784852232365,1,98,64,518.70
1784852232505,0,98,58,691.95
1784852232505,1,96,59,518.05
1784852232645,0,98,58,690.15
1784852232645,1,96,59,550.49
1784852232785,0,98,58,688.90
1784852232785,1,94,57,560.91
1784852232924,0,94,54,689.01
1784852232924,1,99,59,567.31
1784852233063,0,94,54,688.83
1784852233063,1,95,61,559.07
1784852233204,0,92,51,688.55
1784852233204,1,95,61,562.38
1784852233342,0,98,60,690.03
1784852233342,1,100,68,558.45
1784852233480,0,98,60,681.85
1784852233480,1,94,58,576.33
1784852233620,0,98,60,683.96
1784852233620,1,94,58,578.73
1784852233762,0,98,59,681.98
1784852233762,1,98,62,560.21
1784852233902,0,95,52,680.80
1784852233902,1,95,58,544.12
1784852234042,0,95,52,687.64
1784852234042,1,95,58,539.86
1784852234182,0,92,49,687.22
1784852234182,1,99,67,543.21
1784852234320,0,98,59,680.38
1784852234320,1,95,59,559.35
1784852234462,0,98,59,685.40
1784852234462,1,94,62,533.19
1784852234602,0,98,59,676.54
1784852234602,1,94,62,537.15
1784852234744,0,98,59,680.90
1784852234744,1,95,60,530.85
1784852234883,0,94,52,686.01
1784852234883,1,95,60,537.96
1784852235024,0,94,52,681.66
1784852235024,1,95,60,537.58
1784852235163,0,92,51,678.03
1784852235163,1,97,64,532.36
1784852235304,0,98,59,680.79
1784852235304,1,94,61,519.22
1784852235444,0,98,59,677.11
1784852235444,1,94,61,519.17
1784852235584,0,98,59,683.02
1784852235584,1,100,66,509.20
1784852235724,0,98,58,674.49
1784852235724,1,97,63,510.76
1784852235864,0,98,58,674.53
1784852235864,1,100,66,503.06
1784852236001,0,94,54,678.55
1784852236001,1,100,66,523.21
1784852236139,0,98,54,690.11
1784852236139,1,100,59,526.61
1784852236278,0,98,58,699.48
1784852236278,1,95,61,532.30
1784852236418,0,98,58,699.78
1784852236418,1,95,61,538.72
1784852236559,0,98,58,700.88
1784852236559,1,97,61,546.15
1784852236699,0,98,55,694.99
1784852236699,1,91,57,556.54
1784852236839,0,98,55,688.69
1784852236839,1,91,57,553.24
1784852236980,0,94,52,677.36
1784852236980,1,100,67,538.36
1784852237119,0,92,51,675.95
1784852237119,1,98,61,539.93
1784852237258,0,92,51,675.26
1784852237258,1,98,56,544.17
1784852237398,0,98,57,675.15
1784852237398,1,98,56,541.86
1784852237536,0,98,57,678.10
1784852237536,1,96,62,536.89
1784852237676,0,98,57,685.87
1784852237676,1,99,65,522.67
1784852237818,0,98,57,691.70
1784852237818,1,99,65,532.57
1784852237957,0,94,51,693.66
1784852237957,1,92,51,549.08
1784852238097,0,93,47,688.95
1784852238097,1,98,58,544.28
1784852238236,0,93,47,681.91
1784852238236,1,98,58,539.13
1784852238375,0,98,57,683.68
1784852238375,1,100,64,529.58
1784852238515,0,98,57,679.41
1784852238515,1,98,63,538.84
1784852238656,0,98,57,676.78
1784852238656,1,100,64,551.10
1784852238796,0,98,57,685.46
1784852238796,1,100,64,548.48
1784852238937,0,95,54,688.74
1784852238937,1,95,58,545.31
1784852239077,0,92,49,685.16
1784852239077,1,95,62,544.21
1784852239216,0,92,49,684.65
1784852239216,1,95,62,549.09
1784852239354,0,98,60,683.01
1784852239354,1,96,59,555.11
1784852239580,0,33,20,646.10
1784852239580,1,78,48,506.92
1784852239720,0,97,59,644.78
1784852239720,1,91,48,519.33
1784852239861,0,97,59,645.39
1784852239861,1,98,61,513.73
1784852239997,0,8,6,531.40
1784852239997,1,98,61,506.14
1784852240135,0,0,0,494.85
1784852240135,1,99,64,508.80
1784852240276,0,95,53,483.59
1784852240276,1,99,61,518.15
1784852240416,0,95,53,479.05
1784852240416,1,99,61,514.44
1784852240557,0,98,52,512.84
1784852240557,1,99,62,543.57
1784852240696,0,97,58,515.28
1784852240696,1,88,52,536.10
1784852240837,0,97,58,515.93
1784852240837,1,88,52,534.98
1784852240978,0,98,58,609.70
1784852240978,1,97,58,544.08
1784852241117,0,98,58,674.67
1784852241117,1,98,65,541.98
1784852241256,0,98,58,686.29
1784852241256,1,95,56,542.93
1784852241394,0,95,52,674.68
1784852241394,1,95,56,554.87
1784852241535,0,98,53,679.52
1784852241535,1,99,61,550.39
1784852241675,0,97,57,681.09
1784852241675,1,96,60,570.06
1784852241814,0,97,57,679.15
1784852241814,1,96,60,573.79
1784852241954,0,98,55,677.47
1784852241954,1,99,65,563.64
1784852242091,0,98,55,675.41
1784852242091,1,95,56,576.61
1784852242229,0,98,55,668.77
1784852242229,1,95,56,580.69
1784852242369,0,94,54,670.59
1784852242369,1,97,61,552.31
1784852242509,0,92,53,671.69
1784852242509,1,100,66,553.94
1784852242649,0,92,53,673.07
1784852242649,1,100,66,547.78
1784852242791,0,98,59,675.95
1784852242791,1,94,55,540.09
1784852242931,0,98,59,678.48
1784852242931,1,100,64,548.96
1784852243077,0,98,58,686.38
1784852243077,1,100,67,534.10
1784852243218,0,98,58,691.47
1784852243218,1,100,67,521.71
1784852243357,0,94,52,694.27
1784852243357,1,98,65,515.52
1784852243498,0,92,47,692.14
1784852243498,1,99,67,514.42
1784852243639,0,92,47,688.98
1784852243639,1,99,67,511.68
1784852243781,0,98,57,692.22
1784852243781,1,96,62,505.65
1784852243921,0,98,58,692.41
1784852243921,1,96,63,491.58
1784852244061,0,98,58,690.46
1784852244061,1,95,57,510.40
1784852244202,0,97,57,688.31
1784852244202,1,95,57,519.05
1784852244340,0,94,52,688.86
1784852244340,1,99,61,525.45
1784852244480,0,92,45,686.83
1784852244480,1,98,65,541.55
1784852244621,0,92,45,693.16
1784852244621,1,98,65,548.89
1784852244761,0,98,58,691.63
1784852244761,1,98,62,557.51
1784852244902,0,98,58,689.40
1784852244902,1,96,59,559.52
1784852245042,0,98,58,691.76
1784852245042,1,96,59,552.62
1784852245180,0,98,58,691.18
1784852245180,1,99,64,535.24
1784852245320,0,94,55,690.63
1784852245320,1,100,67,535.45
1784852245460,0,94,55,692.85
1784852245460,1,100,68,519.29
1784852245602,0,93,50,689.30
1784852245602,1,100,68,515.60
1784852245742,0,98,61,685.44
1784852245742,1,98,62,517.38
1784852245882,0,98,61,684.41
1784852245882,1,95,56,518.77
1784852246024,0,98,61,676.47
1784852246024,1,95,56,522.82
1784852246163,0,98,61,679.33
1784852246163,1,91,56,530.10
1784852246303,0,95,53,683.47
1784852246303,1,97,62,524.33
1784852246444,0,95,53,685.95
1784852246444,1,97,62,526.31
1784852246583,0,92,47,680.13
1784852246583,1,98,65,523.16
1784852246723,0,98,58,681.99
1784852246723,1,97,58,524.66
1784852246863,0,98,58,688.17
1784852246863,1,100,68,510.27
1784852247001,0,98,59,690.35
1784852247001,1,100,68,503.53
1784852247142,0,98,58,688.98
1784852247142,1,100,69,496.91
1784852247282,0,94,52,688.74
1784852247282,1,97,65,494.29
1784852247422,0,94,52,689.43
1784852247422,1,97,65,492.53
1784852247562,0,92,48,684.55
1784852247562,1,98,65,497.42
1784852247703,0,98,59,683.84
1784852247703,1,99,59,501.29
1784852247843,0,98,59,679.92
1784852247843,1,99,59,505.44
1784852247982,0,98,59,678.47
1784852247982,1,93,56,518.91
1784852248122,0,98,60,673.90
1784852248122,1,98,59,537.73
1784852248264,0,98,60,671.75
1784852248264,1,98,59,558.59
1784852248404,0,94,52,669.72
1784852248404,1,98,59,564.05
1784852248544,0,92,49,673.89
1784852248544,1,95,53,578.72
1784852248684,0,98,56,684.47
1784852248684,1,100,58,581.03
1784852248823,0,98,56,685.67
1784852248823,1,100,58,590.88
1784852248963,0,98,58,683.80
1784852248963,1,100,57,607.35
1784852249104,0,98,56,682.02
1784852249104,1,94,50,607.73
1784852249243,0,98,56,678.49
1784852249243,1,94,50,616.66
1784852249382,0,94,52,684.00
1784852249382,1,94,55,628.66
1784852249523,0,92,46,685.98
1784852249523,1,100,57,629.28
1784852249662,0,92,46,685.86
1784852249662,1,100,61,633.72
1784852249802,0,98,58,683.77
1784852249802,1,100,61,629.37
1784852249943,0,98,58,688.19
1784852249943,1,94,56,638.31
1784852250083,0,98,57,695.72
1784852250083,1,100,61,629.66
1784852250223,0,98,57,701.00
1784852250223,1,100,61,625.96
1784852250362,0,94,52,698.04
1784852250362,1,100,65,614.95
1784852250513,0,41,21,662.82
1784852250513,1,96,55,598.18
1784852250654,0,41,21,645.05
1784852250654,1,96,55,569.09
1784852250795,0,98,59,642.94
1784852250795,1,84,55,564.19
1784852250935,0,98,59,645.84
1784852250935,1,98,64,557.86
1784852251075,0,98,59,637.52
1784852251075,1,100,68,544.86
1784852251214,0,98,60,645.20
1784852251214,1,100,68,545.05
1784852251353,0,84,51,638.20
1784852251353,1,94,59,552.41
1784852251493,0,94,52,664.62
1784852251493,1,97,63,563.93
1784852251634,0,94,52,684.11
1784852251634,1,97,63,587.94
1784852251775,0,98,59,687.63
1784852251775,1,93,58,591.94
1784852251914,0,98,58,681.61
1784852251914,1,95,58,585.24
1784852252053,0,98,58,688.55
1784852252053,1,95,58,594.82
1784852252192,0,98,59,685.12
1784852252192,1,98,59,582.69
1784852252331,0,89,53,686.37
1784852252331,1,100,70,566.88
1784852252471,0,89,53,687.59
1784852252471,1,89,57,559.41
1784852252610,0,94,52,682.85
1784852252610,1,89,57,549.98
1784852252750,0,98,58,683.95
1784852252750,1,93,62,542.54
1784852252889,0,98,58,687.66
1784852252889,1,100,66,544.38
1784852253031,0,98,58,685.28
1784852253031,1,100,66,533.71
1784852253171,0,98,58,687.75
1784852253171,1,98,64,531.12
1784852253310,0,90,53,684.42
1784852253310,1,99,67,526.87
1784852253450,0,90,53,688.27
1784852253450,1,99,67,526.96
1784852253591,0,95,53,686.26
1784852253591,1,100,69,535.22
1784852253731,0,98,60,683.36
1784852253731,1,93,53,545.29
1784852253872,0,98,60,679.91
1784852253872,1,94,53,546.55
1784852254012,0,98,59,671.07
1784852254012,1,94,53,548.08
1784852254151,0,98,60,670.80
1784852254151,1,99,64,551.40
1784852254290,0,89,54,670.28
1784852254290,1,100,69,559.91
1784852254430,0,89,54,666.68
1784852254430,1,100,69,554.70
1784852254569,0,95,52,661.49
1784852254569,1,100,68,546.33
1784852254720,0,98,59,662.06
1784852254720,1,92,59,541.06
1784852254859,0,98,59,667.64
1784852254859,1,100,58,542.93
1784852254999,0,98,59,671.84
1784852254999,1,100,58,559.76
1784852255140,0,98,59,669.07
1784852255140,1,99,57,576.37
1784852255282,0,86,51,668.93
1784852255282,1,99,63,589.39
1784852255422,0,86,51,669.38
1784852255422,1,99,63,595.54
1784852255562,0,95,51,659.83
1784852255562,1,97,62,615.63
1784852255703,0,98,58,662.55
1784852255703,1,100,62,614.09
1784852255843,0,98,58,662.17
1784852255843,1,100,62,616.78
1784852255981,0,98,58,669.39
1784852255981,1,100,61,606.23
1784852256121,0,98,59,675.80
1784852256121,1,100,66,596.79
1784852256262,0,98,59,674.24
1784852256262,1,99,67,596.77
1784852256400,0,90,54,675.36
1784852256400,1,99,67,598.18
1784852256541,0,94,52,679.97
1784852256541,1,98,66,583.86
1784852256680,0,98,59,686.87
1784852256680,1,100,69,568.37
1784852256822,0,98,59,683.95
1784852256822,1,100,69,547.02
1784852256962,0,98,59,675.67
1784852256962,1,100,70,552.32
1784852257103,0,98,59,667.13
1784852257103,1,94,52,545.16
1784852257242,0,98,59,664.25
1784852257242,1,94,52,535.21
1784852257382,0,90,55,665.92
1784852257382,1,100,69,526.66
1784852257523,0,94,53,670.38
1784852257523,1,98,63,532.24
1784852257662,0,94,53,673.32
1784852257662,1,98,66,523.74
1784852257802,0,98,58,676.37
1784852257802,1,98,66,520.45
1784852257942,0,98,58,685.34
1784852257942,1,100,70,527.47
1784852258081,0,98,56,693.10
1784852258081,1,95,61,506.36
1784852258221,0,98,56,695.57
1784852258221,1,95,61,514.49
1784852258361,0,90,54,694.99
1784852258361,1,100,64,498.74
1784852258500,0,94,52,692.42
1784852258500,1,100,68,491.38
1784852258639,0,94,52,691.27
1784852258639,1,100,68,487.61
1784852258778,0,98,57,694.29
1784852258778,1,99,68,491.06
1784852258916,0,98,57,694.35
1784852258916,1,100,69,500.40
1784852259055,0,98,57,688.39
1784852259055,1,100,69,505.92
1784852259194,0,98,57,688.17
1784852259194,1,100,65,509.39
1784852259334,0,93,53,686.51
1784852259334,1,100,70,502.18
1784852259474,0,93,53,688.12
1784852259474,1,98,65,508.07
1784852259615,0,95,52,688.22
1784852259615,1,98,65,505.67
1784852259754,0,98,55,688.73
1784852259754,1,100,68,506.69
1784852259894,0,98,58,681.34
1784852259894,1,100,70,485.87
1784852260035,0,98,58,685.40
1784852260035,1,100,70,492.81
1784852260174,0,98,58,681.48
1784852260174,1,93,51,493.02
1784852260314,0,93,55,685.43
1784852260314,1,99,65,492.67
1784852260453,0,93,55,685.11
1784852260453,1,99,65,506.78
1784852260593,0,95,52,680.45
1784852260593,1,93,50,526.77
1784852260733,0,98,56,678.33
1784852260733,1,100,66,530.54
1784852260874,0,98,56,681.88
1784852260874,1,98,63,552.87
1784852261013,0,98,58,684.81
1784852261013,1,98,63,539.34
1784852261153,0,98,58,682.04
1784852261153,1,100,67,538.76
1784852261292,0,92,55,683.06
1784852261292,1,98,65,554.60
1784852261432,0,92,55,684.78
1784852261432,1,98,65,550.55
1784852261571,0,94,52,688.30
1784852261571,1,100,66,547.20
1784852261711,0,98,55,692.23
1784852261711,1,100,68,544.84
1784852261850,0,98,55,694.68
1784852261850,1,100,68,545.43
1784852261988,0,98,57,686.02
1784852261988,1,94,61,548.92
1784852262127,0,98,56,690.81
1784852262127,1,98,66,555.02
1784852262268,0,98,56,692.44
1784852262268,1,99,66,547.93
1784852262407,0,98,56,698.28
1784852262407,1,99,66,546.91
1784852262548,0,95,52,696.43
1784852262548,1,94,59,530.74
1784852262688,0,98,52,683.34
1784852262688,1,99,65,534.60
1784852262827,0,98,52,678.00
1784852262827,1,99,65,531.72
1784852262967,0,98,58,683.36
1784852262967,1,100,65,528.42
1784852263109,0,98,59,676.95
1784852263109,1,95,56,523.98
1784852263247,0,98,59,676.61
1784852263247,1,95,56,513.75
1784852263389,0,98,58,673.94
1784852263389,1,99,65,494.40
1784852263530,0,95,54,676.75
1784852263530,1,100,71,493.83
1784852263671,0,95,54,649.46
1784852263671,1,100,64,474.86
1784852263826,0,40,20,656.15
1784852263826,1,100,64,478.39
1784852263966,0,98,59,652.32
1784852263966,1,94,59,469.89
1784852264106,0,98,58,663.53
1784852264106,1,97,57,483.34
1784852264249,0,98,58,662.01
1784852264249,1,97,57,482.11
1784852264390,0,98,59,659.74
1784852264390,1,100,66,495.15
1784852264530,0,94,52,658.95
1784852264530,1,93,54,502.06
1784852264671,0,94,52,666.98
1784852264671,1,100,60,536.97
1784852264812,0,92,44,697.46
1784852264812,1,100,60,555.20
1784852264952,0,98,57,695.84
1784852264952,1,93,53,563.55
1784852265092,0,98,57,692.40
1784852265092,1,100,51,571.97
1784852265233,0,98,57,693.77
1784852265233,1,100,51,575.88
1784852265372,0,98,57,694.30
1784852265372,1,95,60,608.30
1784852265513,0,94,52,692.92
1784852265513,1,100,59,617.77
1784852265652,0,94,52,692.08
1784852265652,1,100,59,618.52
1784852265793,0,91,44,687.61
1784852265793,1,99,60,625.21
1784852265932,0,98,57,689.75
1784852265932,1,96,55,637.38
1784852266072,0,98,57,691.34
1784852266072,1,95,55,633.07
1784852266211,0,98,57,683.92
1784852266211,1,95,55,639.55
1784852266351,0,98,57,685.62
1784852266351,1,97,64,623.46
1784852266492,0,95,54,686.32
1784852266492,1,97,58,617.03
1784852266633,0,95,54,679.39
1784852266633,1,97,58,610.72
1784852266772,0,91,48,680.86
1784852266772,1,94,59,598.41
1784852266912,0,98,60,683.28
1784852266912,1,95,60,585.75
1784852267050,0,98,60,685.06
1784852267050,1,95,60,577.68
1784852267189,0,98,59,686.87
1784852267189,1,88,54,576.53
1784852267328,0,98,59,687.52
1784852267328,1,98,61,584.01
1784852267468,0,98,59,688.69
1784852267468,1,99,59,581.48
1784852267608,0,95,52,689.58
1784852267608,1,99,59,571.41
1784852267748,0,90,45,688.42
1784852267748,1,98,65,575.37
1784852267887,0,98,57,692.56
1784852267887,1,94,59,583.51
1784852268028,0,98,57,689.14
1784852268028,1,94,59,582.71
1784852268169,0,98,56,687.01
1784852268169,1,99,62,580.25
1784852268309,0,98,55,689.75
1784852268309,1,99,65,564.93
1784852268449,0,98,55,687.73
1784852268449,1,99,65,553.02
1784852268588,0,88,50,685.78
1784852268588,1,99,65,545.46
1784852268729,0,90,49,688.45
1784852268729,1,100,68,533.66
1784852268868,0,90,49,682.79
1784852268868,1,100,68,506.11
1784852269008,0,98,60,680.29
1784852269008,1,100,68,499.15
1784852269148,0,98,59,678.65
1784852269148,1,97,65,482.19
1784852269287,0,98,59,675.67
1784852269287,1,100,68,473.40
1784852269427,0,98,59,668.60
1784852269427,1,100,68,468.91
1784852269566,0,88,50,677.71
1784852269566,1,98,67,482.33
1784852269707,0,91,48,687.07
1784852269707,1,97,57,483.73
1784852269847,0,91,48,692.31
1784852269847,1,97,57,484.21
1784852269985,0,98,58,693.98
1784852269985,1,95,59,487.88
1784852270123,0,98,58,699.03
1784852270123,1,100,65,494.11
1784852270261,0,98,58,698.08
1784852270261,1,100,65,504.00
1784852270402,0,98,59,695.41
1784852270402,1,96,60,508.56
1784852270541,0,94,52,695.98
1784852270541,1,93,52,519.72
1784852270679,0,94,52,696.25
1784852270679,1,100,59,524.72
1784852270820,0,91,46,691.82
1784852270820,1,100,59,542.33
1784852270959,0,98,57,694.30
1784852270959,1,100,53,550.74
1784852271099,0,98,56,691.50
1784852271099,1,97,58,557.53
1784852271240,0,98,56,692.97
1784852271240,1,97,58,564.58
1784852271379,0,98,56,698.34
1784852271379,1,89,51,570.34
1784852271518,0,88,50,698.97
1784852271518,1,87,48,578.84
1784852271656,0,88,50,694.12
1784852271656,1,87,48,582.72
1784852271795,0,90,52,688.80
1784852271795,1,99,60,584.61
1784852271933,0,98,60,685.94
1784852271933,1,95,56,575.91
1784852272072,0,98,60,687.91
1784852272072,1,99,64,591.84
1784852272212,0,98,60,684.60
1784852272212,1,99,64,607.15
1784852272351,0,98,60,684.67
1784852272351,1,98,54,614.87
1784852272491,0,87,51,685.31
1784852272491,1,99,62,605.88
1784852272639,0,87,51,683.74
1784852272639,1,99,62,609.98
1784852272797,0,29,16,640.79
1784852272797,1,100,54,584.22
1784852272937,0,98,59,639.79
1784852272937,1,99,58,584.34
1784852273076,0,98,59,639.03
1784852273076,1,100,65,590.21
1784852273216,0,98,60,638.64
1784852273216,1,100,65,570.25
1784852273356,0,98,61,634.46
1784852273356,1,100,61,577.75
1784852273496,0,90,56,629.31
1784852273496,1,94,52,594.63
1784852273634,0,90,56,631.48
1784852273634,1,94,52,587.62
1784852273773,0,95,52,673.94
1784852273773,1,91,55,615.81
1784852273914,0,98,57,681.39
1784852273914,1,98,62,618.57
1784852274054,0,98,57,679.10
1784852274054,1,98,62,622.26
1784852274194,0,98,57,685.17
1784852274194,1,99,68,623.98
1784852274335,0,98,57,682.14
1784852274335,1,98,63,623.57
1784852274475,0,98,57,685.42
1784852274475,1,95,66,606.97
1784852274616,0,90,53,687.51
1784852274616,1,95,66,612.55
1784852274755,0,95,52,687.71
1784852274755,1,96,58,608.99
1784852274894,0,98,58,686.43
1784852274894,1,100,69,590.67
1784852275033,0,98,58,684.12
1784852275033,1,100,69,587.57
1784852275172,0,97,57,683.51
1784852275172,1,98,67,567.97
1784852275312,0,98,57,684.62
1784852275312,1,99,63,556.18
1784852275451,0,98,57,684.78
1784852275451,1,99,63,551.43
1784852275590,0,90,54,686.15
1784852275590,1,100,69,541.38
1784852275731,0,95,53,687.79
1784852275731,1,97,57,543.74
1784852275869,0,95,53,688.31
1784852275869,1,97,64,528.56
1784852276009,0,98,60,693.45
1784852276009,1,97,64,533.24
1784852276148,0,98,58,695.75
1784852276148,1,91,52,530.35
1784852276287,0,98,58,694.93
1784852276287,1,99,65,518.47
1784852276427,0,98,58,698.41
1784852276427,1,99,65,511.97
1784852276567,0,90,54,695.15
1784852276567,1,97,64,505.61
1784852276708,0,95,53,692.49
1784852276708,1,100,64,495.26
1784852276848,0,95,53,692.04
1784852276848,1,100,64,498.97
1784852276987,0,98,59,693.05
1784852276987,1,96,59,489.27
1784852277127,0,98,58,694.16
1784852277127,1,100,66,487.45
1784852277266,0,98,58,689.02
1784852277266,1,100,66,484.05
1784852277407,0,98,59,690.41
1784852277407,1,100,67,488.19
1784852277548,0,90,54,694.17
1784852277548,1,98,65,485.30
1784852277688,0,90,54,695.91
1784852277688,1,100,62,483.88
1784852277827,0,95,52,692.56
1784852277827,1,100,62,481.95
1784852277967,0,98,57,687.17
1784852277967,1,98,57,490.23
1784852278105,0,98,57,687.23
1784852278105,1,92,58,514.39
1784852278246,0,98,57,687.52
1784852278246,1,92,58,526.51
1784852278384,0,98,58,690.64
1784852278384,1,99,57,557.27
1784852278524,0,90,53,694.45
1784852278524,1,99,63,565.60
1784852278664,0,90,53,693.35
1784852278664,1,99,63,567.53
1784852278804,0,95,52,691.19
1784852278804,1,99,58,595.42
1784852278944,0,98,57,692.93
1784852278944,1,98,58,600.77
1784852279084,0,98,57,690.71
1784852279084,1,95,52,598.23
1784852279224,0,98,57,694.59
1784852279224,1,95,52,598.43
1784852279364,0,98,57,692.79
1784852279364,1,98,61,579.98
1784852279504,0,90,53,685.58
1784852279504,1,100,66,566.34
1784852279643,0,90,53,686.63
1784852279643,1,100,66,569.52
1784852279782,0,82,46,666.94
1784852279782,1,92,56,554.67
1784852279920,0,0,0,567.07
1784852279920,1,95,60,547.48
1784852280057,0,0,0,520.30
1784852280057,1,95,60,561.64
1784852280195,0,84,47,516.47
1784852280195,1,95,54,570.88
1784852280335,0,98,59,514.25
1784852280335,1,98,56,573.56
1784852280494,0,98,60,525.57
1784852280494,1,100,66,589.58
1784852280633,0,98,60,520.55
1784852280633,1,100,66,591.66
1784852280773,0,98,60,530.07
1784852280773,1,97,62,584.22
1784852280912,0,95,54,645.29
1784852280912,1,98,63,576.70
1784852281049,0,95,54,698.65
1784852281049,1,98,63,565.77
1784852281186,0,91,46,693.40
1784852281186,1,94,54,556.00
1784852281325,0,98,61,696.58
1784852281325,1,95,62,552.34
1784852281464,0,98,61,693.86
1784852281464,1,95,62,546.55
1784852281603,0,98,61,695.60
1784852281603,1,92,54,555.73
1784852281744,0,98,60,692.75
1784852281744,1,97,63,553.66
1784852281886,0,98,60,687.51
1784852281886,1,96,60,548.20
1784852282027,0,95,53,679.43
1784852282027,1,96,60,538.55
1784852282167,0,92,45,680.86
1784852282167,1,96,61,542.55
1784852282305,0,98,61,675.57
1784852282305,1,93,47,549.57
1784852282453,0,98,61,672.10
1784852282453,1,93,47,541.62
1784852282610,0,66,40,638.86
1784852282610,1,67,43,509.14
1784852282752,0,98,60,636.74
1784852282752,1,100,69,502.47
1784852282891,0,98,60,642.58
1784852282891,1,95,56,510.83
1784852283033,0,89,53,645.72
1784852283033,1,95,56,519.99
1784852283172,0,96,50,651.43
1784852283172,1,96,59,526.48
1784852283313,0,98,59,642.43
1784852283313,1,98,61,512.80
1784852283452,0,98,59,645.46
1784852283452,1,98,61,519.98
1784852283592,0,98,58,674.44
1784852283592,1,96,59,549.84
1784852283733,0,98,59,675.60
1784852283733,1,87,51,552.75
1784852283871,0,98,59,667.09
1784852283871,1,87,51,564.13
1784852284009,0,89,52,664.17
1784852284009,1,95,62,562.29
1784852284149,0,90,50,661.08
1784852284149,1,98,64,561.07
1784852284289,0,90,50,671.14
1784852284289,1,93,55,558.32
1784852284429,0,98,59,677.49
1784852284429,1,93,55,551.66
1784852284570,0,98,60,683.63
1784852284570,1,98,59,564.83
1784852284726,0,98,59,684.91
1784852284726,1,92,55,570.37
1784852284866,0,98,59,682.96
1784852284866,1,92,55,566.67
1784852285005,0,87,51,693.12
1784852285005,1,97,59,584.47
1784852285146,0,90,50,692.02
1784852285146,1,95,56,589.91
1784852285286,0,90,50,691.28
1784852285286,1,96,54,599.03
1784852285425,0,98,59,691.53
1784852285425,1,96,54,606.48
1784852285566,0,98,60,690.93
1784852285566,1,95,64,603.21
1784852285706,0,98,60,689.67
1784852285706,1,99,62,586.05
1784852285847,0,98,60,686.99
1784852285847,1,99,62,588.52
1784852285986,0,87,51,693.13
1784852285986,1,100,63,574.95
1784852286125,0,90,52,685.60
1784852286125,1,97,64,565.05
1784852286264,0,90,52,690.30
1784852286264,1,97,64,557.84
1784852286403,0,98,60,683.40
1784852286403,1,97,62,545.25
1784852286541,0,98,60,685.59
1784852286541,1,95,57,553.74
1784852286682,0,98,60,679.72
1784852286682,1,97,62,551.69
1784852286822,0,98,60,682.57
1784852286822,1,97,62,546.05
1784852286965,0,100,96,661.47
1784852286965,1,96,60,545.80
1784852287103,0,82,25,570.10
1784852287103,1,61,36,503.63
1784852287238,0,82,25,519.60
1784852287238,1,61,36,476.61
1784852287372,0,0,0,464.24
1784852287372,1,11,9,432.91
1784852287506,0,0,0,358.25
1784852287506,1,0,0,338.24
1784852287641,0,0,0,305.22
1784852287641,1,0,0,298.30
1784852287774,0,0,0,243.96
1784852287774,1,0,0,260.76
1784852287910,0,45,7,159.58
1784852287910,1,0,0,185.87
1784852288043,0,45,7,153.58
1784852288043,1,0,0,163.94
1784852288178,0,0,0,139.32
1784852288178,1,100,47,277.48
1784852288313,0,0,0,136.49
1784852288313,1,100,46,323.43
1784852288448,0,0,0,136.06
1784852288448,1,100,46,380.90
1784852288582,0,0,0,135.74
1784852288582,1,100,46,496.37
1784852288717,0,0,0,135.21
1784852288717,1,100,50,564.89
1784852288854,0,0,0,133.91
1784852288854,1,100,50,604.99
1784852288990,0,0,0,132.36
1784852288990,1,96,63,651.58
1784852289126,0,0,0,132.07
1784852289126,1,98,61,636.56
1784852289263,0,0,0,131.91
1784852289263,1,98,61,614.47
1784852289401,0,0,0,131.48
1784852289401,1,98,65,589.06
1784852289540,0,0,0,131.32
1784852289540,1,94,56,579.58
1784852289676,0,0,0,131.09
1784852289676,1,94,56,558.15
1784852289814,0,0,0,130.69
1784852289814,1,100,61,564.91
1784852289950,0,0,0,130.51
1784852289950,1,97,60,574.02
1784852290086,0,0,0,130.30
1784852290086,1,98,60,580.67
1784852290223,0,0,0,196.52
1784852290223,1,98,60,578.14
1784852290362,0,93,53,255.44
1784852290362,1,92,52,591.40
1784852290499,0,98,57,371.68
1784852290499,1,97,56,580.15
1784852290640,0,98,57,428.33
1784852290640,1,97,56,580.62
1784852290780,0,98,58,485.48
1784852290780,1,100,53,587.11
1784852290920,0,98,57,604.74
1784852290920,1,98,64,583.25
1784852291059,0,98,57,657.21
1784852291059,1,98,64,577.03
1784852291198,0,97,56,692.55
1784852291198,1,97,61,582.52
1784852291338,0,94,52,686.48
1784852291338,1,98,64,566.47
1784852291478,0,94,52,681.24
1784852291478,1,91,52,577.97
1784852291617,0,98,55,677.60
1784852291617,1,91,52,568.43
1784852291758,0,98,58,676.76
1784852291758,1,98,63,551.48
1784852291897,0,98,58,672.58
1784852291897,1,97,62,573.55
1784852292038,0,98,58,676.54
1784852292038,1,97,62,565.71
1784852292177,0,91,55,685.02
1784852292177,1,91,55,559.56
1784852292319,0,94,53,686.05
1784852292319,1,94,57,564.14
1784852292457,0,94,53,683.43
1784852292457,1,94,57,556.97
1784852292597,0,98,60,680.94
1784852292597,1,94,56,560.30
1784852292739,0,98,60,683.47
1784852292739,1,100,63,555.99
1784852292879,0,98,60,676.83
1784852292879,1,98,58,550.70
1784852293018,0,98,60,677.14
1784852293018,1,98,58,554.09
1784852293158,0,90,56,673.55
1784852293158,1,92,51,562.66
1784852293299,0,94,53,674.38
1784852293299,1,100,65,574.62
1784852293443,0,94,53,670.08
1784852293443,1,100,65,577.54
1784852293581,0,98,57,660.35
1784852293581,1,38,23,567.52
1784852293818,0,36,22,631.62
1784852293818,1,38,23,564.24
1784852293958,0,98,59,631.77
1784852293958,1,99,54,567.96
1784852294096,0,98,59,632.29
1784852294096,1,100,66,553.70
1784852294237,0,98,59,640.36
1784852294237,1,100,66,542.18
1784852294375,0,94,53,643.17
1784852294375,1,95,58,546.69
1784852294514,0,92,47,642.93
1784852294514,1,94,60,542.67
1784852294653,0,92,47,649.46
1784852294653,1,94,60,538.15
1784852294793,0,98,59,681.73
1784852294793,1,100,56,579.61
1784852294933,0,98,60,677.22
1784852294933,1,97,57,578.65
1784852295073,0,98,60,678.70
1784852295073,1,97,57,596.68
1784852295214,0,98,59,675.89
1784852295214,1,89,53,600.40
1784852295355,0,94,54,678.10
1784852295355,1,98,65,596.04
1784852295495,0,94,54,672.75
1784852295495,1,95,63,581.80
1784852295635,0,95,52,678.86
1784852295635,1,95,63,579.81
1784852295774,0,98,61,680.03
1784852295774,1,99,62,572.69
1784852295915,0,98,61,680.75
1784852295915,1,97,56,574.05
1784852296055,0,98,61,680.56
1784852296055,1,97,56,554.65
1784852296195,0,98,61,680.90
1784852296195,1,97,63,556.86
1784852296336,0,94,53,677.27
1784852296336,1,99,63,558.52
1784852296473,0,94,53,626.91
1784852296473,1,99,63,580.70
1784852296610,0,0,0,525.46
1784852296610,1,100,67,564.32
1784852296748,0,46,23,515.72
1784852296748,1,91,54,566.43
1784852296888,0,46,23,508.74
1784852296888,1,97,56,561.43
1784852297029,0,97,58,518.60
1784852297029,1,97,56,577.94
1784852297168,0,98,57,520.64
1784852297168,1,90,49,593.37
1784852297309,0,97,57,519.41
1784852297309,1,94,53,598.27
1784852297449,0,97,57,575.84
1784852297449,1,94,53,588.34
1784852297589,0,88,52,624.48
1784852297589,1,100,63,607.63
1784852297730,0,96,51,692.74
1784852297730,1,99,66,597.24
1784852297869,0,96,51,689.03
1784852297869,1,99,66,594.21
1784852298009,0,98,59,679.30
1784852298009,1,98,64,564.83
1784852298149,0,97,59,677.29
1784852298149,1,100,66,552.42
1784852298288,0,97,59,679.02
1784852298288,1,100,67,533.75
1784852298427,0,98,60,668.90
1784852298427,1,100,67,519.63
1784852298567,0,88,53,672.68
1784852298567,1,100,68,510.12
1784852298707,0,91,50,672.27
1784852298707,1,99,64,501.20
1784852298846,0,91,50,677.10
1784852298846,1,99,64,492.12
1784852298986,0,98,59,679.12
1784852298986,1,99,67,495.56
1784852299124,0,98,59,682.48
1784852299124,1,93,53,501.29
1784852299265,0,98,59,684.25
1784852299265,1,93,53,494.58
1784852299403,0,98,59,687.33
1784852299403,1,94,59,506.40
1784852299542,0,88,52,683.13
1784852299542,1,100,63,513.16
1784852299680,0,88,52,678.76
1784852299680,1,99,64,524.66
1784852299819,0,90,48,678.35
1784852299819,1,99,64,532.74
1784852299961,0,97,59,679.45
1784852299961,1,97,59,541.49
1784852300102,0,97,59,686.53
1784852300102,1,84,44,542.32
1784852300240,0,98,58,683.94
1784852300240,1,84,44,545.97
1784852300379,0,98,59,681.75
1784852300379,1,99,57,556.58
1784852300521,0,88,52,680.72
1784852300521,1,100,66,551.97
1784852300662,0,88,52,682.08
1784852300662,1,100,66,545.50
1784852300801,0,89,50,681.58
1784852300801,1,100,67,539.62
1784852300943,0,98,60,683.49
1784852300943,1,99,63,544.52
1784852301082,0,98,60,681.38
1784852301082,1,95,55,548.33
1784852301221,0,98,60,679.19
1784852301221,1,95,55,542.31
1784852301360,0,98,60,680.79
1784852301360,1,100,68,529.83
1784852301500,0,98,60,679.51
1784852301500,1,98,49,552.79
1784852301641,0,87,50,686.32
1784852301641,1,98,49,550.02
1784852301779,0,90,47,689.56
1784852301779,1,99,64,555.95
1784852301920,0,98,60,689.50
1784852301920,1,100,65,554.61
1784852302060,0,98,60,688.88
1784852302060,1,100,65,552.08
1784852302200,0,98,60,685.91
1784852302200,1,100,59,549.74
1784852302339,0,98,60,682.72
1784852302339,1,95,56,557.92
1784852302478,0,98,60,682.81
1784852302478,1,95,56,556.87
1784852302618,0,94,54,679.92
1784852302618,1,100,62,556.26
1784852302758,0,91,49,678.74
1784852302758,1,92,56,559.82
1784852302897,0,91,49,682.42
1784852302897,1,88,52,558.24
1784852303035,0,98,59,683.47
1784852303035,1,88,52,567.82
1784852303171,0,98,59,688.65
1784852303171,1,91,55,558.23
1784852303311,0,98,58,689.69
1784852303311,1,94,55,578.72
1784852303450,0,98,58,690.86
1784852303450,1,94,55,577.84
1784852303591,0,94,53,693.11
1784852303591,1,99,66,560.91
1784852303728,0,91,45,693.97
1784852303728,1,96,57,560.77
1784852303867,0,91,45,693.71
1784852303867,1,96,57,554.93
1784852304007,0,98,59,695.70
1784852304007,1,100,68,536.27
1784852304147,0,98,58,694.10
1784852304147,1,96,62,532.16
1784852304287,0,98,58,692.12
1784852304287,1,100,66,502.08
1784852304426,0,98,58,694.28
1784852304426,1,100,66,506.66
1784852304566,0,94,54,690.80
1784852304566,1,98,60,511.98
1784852304740,0,24,14,641.06
1784852304740,1,68,46,486.17
1784852304879,0,24,14,642.82
1784852304879,1,68,46,492.72
1784852305019,0,98,57,640.15
1784852305019,1,100,66,488.83
1784852305159,0,98,58,641.79
1784852305159,1,100,62,498.48
1784852305299,0,98,58,643.93
1784852305299,1,99,67,514.23
1784852305440,0,98,58,655.11
1784852305440,1,99,67,512.43
1784852305579,0,90,54,656.58
1784852305579,1,97,64,507.80
1784852305719,0,94,52,693.83
1784852305719,1,99,61,548.09
1784852305870,0,94,52,670.98
1784852305870,1,99,61,540.56
1784852306009,0,98,57,670.66
1784852306009,1,96,62,549.59
1784852306149,0,98,60,672.93
1784852306149,1,97,64,539.14
1784852306288,0,98,60,669.43
1784852306288,1,100,67,532.46
1784852306427,0,98,59,666.97
1784852306427,1,100,67,535.38
1784852306565,0,90,56,666.78
1784852306565,1,99,62,537.86
1784852306704,0,90,56,669.40
1784852306704,1,100,66,515.09
1784852306843,0,93,52,680.50
1784852306843,1,100,66,516.41
1784852306984,0,98,58,677.96
1784852306984,1,100,67,513.24
1784852307122,0,98,60,679.02
1784852307122,1,99,66,513.12
1784852307263,0,98,60,682.17
1784852307263,1,99,66,516.46
1784852307402,0,98,59,679.83
1784852307402,1,89,50,527.08
1784852307541,0,90,55,681.90
1784852307541,1,94,56,524.57
1784852307682,0,90,55,683.19
1784852307682,1,100,68,522.02
1784852307829,0,94,53,671.33
1784852307829,1,100,68,529.62
1784852307968,0,98,56,673.99
1784852307968,1,98,65,533.11
1784852308109,0,98,60,673.41
1784852308109,1,96,60,530.51
1784852308247,0,98,60,672.41
1784852308247,1,96,60,515.00
1784852308387,0,98,60,672.82
1784852308387,1,97,64,503.30
1784852308528,0,91,56,673.09
1784852308528,1,97,63,492.40
1784852308668,0,91,56,668.04
1784852308668,1,97,63,490.86
1784852308807,0,94,53,681.30
1784852308807,1,94,54,520.89
1784852308946,0,98,59,677.44
1784852308946,1,100,65,518.61
1784852309085,0,98,59,678.96
1784852309085,1,100,66,520.85
1784852309224,0,98,60,676.49
1784852309224,1,100,66,525.25
1784852309363,0,98,60,679.62
1784852309363,1,97,62,527.16
1784852309502,0,98,60,673.82
1784852309502,1,100,66,533.48
1784852309644,0,91,56,674.16
1784852309644,1,100,66,531.23
1784852309783,0,95,54,674.83
1784852309783,1,100,63,524.79
1784852309923,0,98,59,689.03
1784852309923,1,88,51,521.32
1784852310065,0,98,59,684.73
1784852310065,1,88,51,524.64
1784852310204,0,97,59,687.54
1784852310204,1,97,61,540.19
1784852310342,0,98,59,686.73
1784852310342,1,85,49,543.98
1784852310500,0,98,59,687.29
1784852310500,1,93,54,573.62
1784852310638,0,90,55,685.31
1784852310638,1,93,54,599.24
1784852310779,0,95,54,687.15
1784852310779,1,100,53,616.74
1784852310918,0,98,58,689.46
1784852310918,1,95,59,618.07
1784852311056,0,98,58,688.13
1784852311056,1,95,59,630.52
1784852311194,0,98,59,688.28
1784852311194,1,97,57,628.79
1784852311332,0,98,57,688.44
1784852311332,1,98,62,633.32
1784852311470,0,98,57,690.53
1784852311470,1,98,62,612.10
1784852311608,0,90,54,693.40
1784852311608,1,98,60,607.31
1784852311748,0,94,52,699.30
1784852311748,1,100,64,592.65
1784852311886,0,94,52,687.06
1784852311886,1,100,64,578.82
1784852312027,0,98,57,686.08
1784852312027,1,97,66,563.32
1784852312166,0,98,58,687.83
1784852312166,1,99,65,551.83
1784852312306,0,98,58,684.88
1784852312306,1,100,65,550.25
1784852312446,0,97,57,684.25
1784852312446,1,100,65,556.05
1784852312587,0,90,55,686.81
1784852312587,1,97,60,546.47
1784852312728,0,94,52,686.54
1784852312728,1,96,60,542.59
1784852312868,0,94,52,688.51
1784852312868,1,96,60,547.89
1784852313010,0,97,57,693.05
1784852313010,1,92,54,566.79
1784852313150,0,98,58,692.07
1784852313150,1,99,65,565.62
1784852313289,0,98,58,697.54
1784852313289,1,99,65,559.11
1784852313429,0,98,58,693.72
1784852313429,1,99,65,559.67
1784852313569,0,90,54,690.55
1784852313569,1,93,55,561.53
1784852313709,0,90,54,687.13
1784852313709,1,100,62,564.99
1784852313849,0,94,52,685.41
1784852313849,1,100,62,575.72
1784852313988,0,98,57,683.51
1784852313988,1,97,58,578.64
1784852314128,0,98,59,679.93
1784852314128,1,100,64,579.63
1784852314270,0,98,59,678.55
1784852314270,1,100,64,583.73
1784852314410,0,98,58,679.24
1784852314410,1,100,64,590.67
1784852314550,0,90,54,680.30
1784852314550,1,99,63,587.10
1784852314697,0,90,54,679.84
1784852314697,1,98,63,589.02
1784852314837,0,94,54,688.81
1784852314837,1,98,63,574.07
1784852314977,0,98,59,690.80
1784852314977,1,98,65,566.56
1784852315118,0,98,60,690.73
1784852315118,1,100,62,567.12
1784852315257,0,98,60,692.90
1784852315257,1,100,62,564.91
1784852315396,0,98,59,690.04
1784852315396,1,100,66,556.82
1784852315535,0,90,55,691.15
1784852315535,1,100,66,554.74
1784852315674,0,90,55,691.50
1784852315674,1,100,66,549.79
1784852315815,0,93,51,685.03
1784852315815,1,99,65,546.17
1784852315956,0,98,57,684.95
1784852315956,1,98,62,555.52
1784852316096,0,98,57,687.09
1784852316096,1,93,52,558.35
1784852316243,0,98,57,658.10
1784852316243,1,93,52,546.22
1784852316393,0,39,23,644.17
1784852316393,1,65,43,551.69
1784852316535,0,98,58,653.18
1784852316535,1,100,67,551.79
1784852316675,0,98,58,649.66
1784852316675,1,100,67,562.41
1784852316815,0,94,54,658.45
1784852316815,1,100,53,581.28
1784852316956,0,92,50,653.32
1784852316956,1,100,66,579.58
1784852317095,0,92,50,655.34
1784852317095,1,100,56,575.62
1784852317234,0,98,58,679.80
1784852317234,1,100,56,588.42
1784852317375,0,98,59,694.29
1784852317375,1,100,68,597.20
1784852317516,0,98,56,691.32
1784852317516,1,95,60,582.12
1784852317656,0,98,56,687.66
1784852317656,1,95,60,579.43
1784852317796,0,94,53,688.49
1784852317796,1,97,62,561.52
1784852317934,0,92,46,681.26
1784852317934,1,99,63,562.88
1784852318074,0,92,46,676.37
1784852318074,1,99,63,571.71
1784852318213,0,98,59,681.73
1784852318213,1,100,65,578.80
1784852318354,0,98,59,680.15
1784852318354,1,95,56,589.59
1784852318495,0,98,59,684.21
1784852318495,1,100,67,596.96
1784852318634,0,98,58,691.94
1784852318634,1,100,67,594.94
1784852318774,0,94,53,691.10
1784852318774,1,100,65,595.94
1784852318913,0,91,45,684.04
1784852318913,1,94,59,580.09
1784852319053,0,91,45,681.11
1784852319053,1,94,59,565.96
1784852319193,0,97,58,680.62
1784852319193,1,97,60,550.62
1784852319333,0,98,58,673.49
1784852319333,1,96,60,546.70
1784852319472,0,98,58,672.05
1784852319472,1,96,60,555.26
1784852319612,0,98,59,664.27
1784852319612,1,100,63,560.93
1784852319751,0,94,52,663.40
1784852319751,1,100,57,569.02
1784852319890,0,94,52,662.57
1784852319890,1,100,57,581.28
1784852320029,0,92,49,680.88
1784852320029,1,100,61,595.18
1784852320169,0,98,58,676.14
1784852320169,1,99,62,600.30
1784852320309,0,98,58,684.09
1784852320309,1,99,61,599.33
1784852320450,0,97,57,683.91
1784852320450,1,99,61,589.08
1784852320590,0,98,58,686.61
1784852320590,1,100,66,589.07
1784852320731,0,94,54,686.32
1784852320731,1,100,60,596.91
1784852320869,0,94,54,683.24
1784852320869,1,100,60,579.84
1784852321007,0,92,48,682.55
1784852321007,1,94,51,592.53
1784852321147,0,98,59,683.74
1784852321147,1,93,52,602.21
1784852321287,0,98,59,684.00
1784852321287,1,93,52,608.32
1784852321427,0,98,59,683.86
1784852321427,1,98,62,605.01
1784852321568,0,98,59,685.14
1784852321568,1,92,52,614.73
1784852321707,0,98,59,687.30
1784852321707,1,100,51,624.78
1784852321847,0,94,55,691.21
1784852321847,1,100,51,630.71
1784852321986,0,92,48,693.63
1784852321986,1,98,59,637.97
1784852322126,0,98,59,691.44
1784852322126,1,98,60,627.91
1784852322265,0,98,59,691.43
1784852322265,1,98,60,624.36
1784852322406,0,98,59,689.23
1784852322406,1,99,63,639.30
1784852322546,0,98,60,689.26
1784852322546,1,100,70,628.49
1784852322686,0,98,60,687.55
1784852322686,1,100,70,620.30
1784852322827,0,94,53,672.91
1784852322827,1,97,64,611.79
1784852322968,0,98,39,662.69
1784852322968,1,96,57,604.57
1784852323107,0,98,39,661.42
1784852323107,1,92,50,622.43
1784852323247,0,98,58,667.82
1784852323247,1,92,50,615.85
1784852323387,0,98,58,666.51
1784852323387,1,97,59,619.94
1784852323526,0,98,58,674.64
1784852323526,1,100,69,613.78
1784852323666,0,98,58,676.83
1784852323666,1,100,69,615.43
1784852323806,0,95,53,674.75
1784852323806,1,100,69,599.03
1784852323946,0,91,45,681.04
1784852323946,1,99,58,602.40
1784852324088,0,91,45,674.76
1784852324088,1,99,58,592.01
1784852324226,0,98,60,663.77
1784852324226,1,94,58,575.78
1784852324365,0,98,60,662.60
1784852324365,1,95,60,568.15
1784852324506,0,98,60,655.66
1784852324506,1,97,64,560.30
1784852324645,0,98,60,653.31
1784852324645,1,97,64,547.49
1784852324785,0,94,52,656.44
1784852324785,1,97,63,548.32
1784852324925,0,92,46,664.89
1784852324925,1,96,59,539.70
1784852325063,0,92,46,668.39
1784852325063,1,96,59,550.02
1784852325202,0,98,58,670.91
1784852325202,1,94,57,558.35
1784852325342,0,98,58,677.67
1784852325342,1,98,56,569.65
1784852325481,0,98,58,686.03
1784852325481,1,98,56,573.88
1784852325621,0,98,58,684.57
1784852325621,1,91,58,590.33
1784852325763,0,94,52,686.29
1784852325763,1,100,64,591.02
1784852325902,0,94,52,687.02
1784852325902,1,100,56,593.00
1784852326041,0,92,46,701.42
1784852326041,1,100,56,589.60
1784852326179,0,98,57,698.98
1784852326179,1,91,50,594.99
1784852326320,0,98,57,699.51
1784852326320,1,100,64,576.64
1784852326459,0,98,57,699.49
1784852326459,1,100,64,580.57
1784852326607,0,97,57,680.80
1784852326607,1,94,60,565.99
1784852326766,0,20,11,645.79
1784852326766,1,63,44,545.17
1784852326906,0,20,11,640.93
1784852326906,1,99,57,566.01
1784852327044,0,94,54,639.90
1784852327044,1,99,57,561.74
1784852327185,0,98,58,639.00
1784852327185,1,98,63,558.58
1784852327324,0,98,58,641.20
1784852327324,1,88,54,559.09
1784852327464,0,98,58,640.91
1784852327464,1,88,54,547.27
1784852327602,0,98,59,641.52
1784852327602,1,91,52,581.58
1784852327744,0,90,54,685.22
1784852327744,1,100,64,594.46
1784852327884,0,90,54,684.89
1784852327884,1,100,64,578.40
1784852328022,0,94,52,684.29
1784852328022,1,98,62,560.91
1784852328162,0,98,58,686.43
1784852328162,1,99,64,559.06
1784852328300,0,98,58,688.97
1784852328300,1,98,64,549.72
1784852328440,0,98,58,687.81
1784852328440,1,98,64,567.52
1784852328580,0,98,57,688.74
1784852328580,1,100,62,556.23
1784852328721,0,90,53,685.79
1784852328721,1,98,64,537.86
1784852328860,0,90,53,686.58
1784852328860,1,98,64,534.09
1784852329000,0,95,52,690.66
1784852329000,1,98,64,516.63
1784852329140,0,98,58,688.46
1784852329140,1,98,64,511.21
1784852329279,0,98,58,682.74
1784852329279,1,98,64,506.23
1784852329419,0,97,58,682.45
1784852329419,1,100,70,490.68
1784852329560,0,98,58,679.18
1784852329560,1,99,66,482.60
1784852329699,0,98,58,683.65
1784852329699,1,96,64,481.89
1784852329837,0,90,53,691.16
1784852329837,1,96,64,495.71
1784852329975,0,95,53,689.00
1784852329975,1,96,49,508.84
1784852330114,0,95,53,687.59
1784852330114,1,99,57,531.23
1784852330254,0,98,58,687.65
1784852330254,1,99,57,534.67
1784852330400,0,98,59,684.62
1784852330400,1,96,57,538.17
1784852330541,0,98,59,685.77
1784852330541,1,97,63,548.00
1784852330679,0,98,59,680.30
1784852330679,1,97,63,560.71
1784852330820,0,88,54,669.40
1784852330820,1,98,62,551.72
1784852330958,0,18,10,613.74
1784852330958,1,100,63,546.71
1784852331096,0,18,10,566.73
1784852331096,1,100,63,528.22
1784852331234,0,0,0,517.89
1784852331234,1,100,67,535.35
1784852331373,0,92,51,520.48
1784852331373,1,93,56,541.88
1784852331514,0,92,51,520.13
1784852331514,1,98,53,566.84
1784852331655,0,98,60,523.24
1784852331655,1,98,53,561.26
1784852331795,0,98,60,523.93
1784852331795,1,99,60,566.14
1784852331935,0,98,59,583.59
1784852331935,1,96,52,588.57
1784852332074,0,98,59,635.15
1784852332074,1,96,52,593.24
1784852332214,0,94,52,692.77
1784852332214,1,100,65,614.60
1784852332354,0,92,46,685.95
1784852332354,1,96,54,612.47
1784852332494,0,92,46,687.71
1784852332494,1,96,54,611.53
1784852332634,0,98,58,690.76
1784852332634,1,95,56,597.65
1784852332773,0,98,57,689.85
1784852332773,1,99,62,598.58
1784852332912,0,98,57,690.03
1784852332912,1,100,69,575.61
1784852333050,0,98,57,694.21
1784852333050,1,100,69,567.84
1784852333188,0,95,53,693.26
1784852333188,1,95,57,569.53
1784852333327,0,93,45,686.52
1784852333327,1,97,62,540.72
1784852333467,0,93,45,680.73
1784852333467,1,97,62,541.04
1784852333608,0,97,59,675.13
1784852333608,1,98,65,529.71
1784852333747,0,98,58,667.02
1784852333747,1,99,68,513.75
1784852333885,0,98,58,665.34
1784852333885,1,99,68,530.76
1784852334024,0,98,59,658.19
1784852334024,1,90,55,536.70
1784852334164,0,95,54,659.71
1784852334164,1,97,57,544.49
1784852334304,0,95,54,667.50
1784852334304,1,100,63,541.78
1784852334445,0,92,51,684.09
1784852334445,1,100,63,542.35
1784852334583,0,98,59,684.45
1784852334583,1,97,62,544.38
1784852334723,0,98,59,693.95
1784852334723,1,99,63,551.63
1784852334862,0,98,59,690.91
1784852334862,1,99,63,547.40
1784852335001,0,98,59,689.60
1784852335001,1,100,64,546.47
1784852335140,0,94,52,684.86
1784852335140,1,89,53,536.75
1784852335281,0,94,52,682.51
1784852335281,1,89,53,546.25
1784852335419,0,92,49,674.78
1784852335419,1,98,60,551.50
1784852335560,0,98,59,675.13
1784852335560,1,100,58,569.19
1784852335699,0,98,59,675.18
1784852335699,1,100,58,588.34
1784852335839,0,98,58,669.87
1784852335839,1,97,56,596.52
1784852335978,0,98,59,671.78
1784852335978,1,98,59,598.22
1784852336116,0,98,59,672.71
1784852336116,1,98,55,614.53
1784852336254,0,94,52,664.63
1784852336254,1,98,55,605.48
1784852336393,0,94,51,666.86
1784852336393,1,98,58,603.14
1784852336532,0,98,57,676.09
1784852336532,1,100,64,589.75
1784852336670,0,98,57,677.02
1784852336670,1,100,64,580.07
1784852336809,0,97,58,682.73
1784852336809,1,96,61,567.21
1784852336949,0,98,57,682.25
1784852336949,1,100,68,557.86
1784852337088,0,98,57,685.53
1784852337088,1,100,68,556.86
1784852337226,0,94,53,684.61
1784852337226,1,100,55,550.86
1784852337366,0,96,52,684.08
1784852337366,1,100,68,542.58
1784852337505,0,96,52,677.14
1784852337505,1,98,56,543.28
1784852337645,0,98,61,674.36
1784852337645,1,98,56,541.90
1784852337785,0,98,60,671.10
1784852337785,1,96,61,538.47
1784852337924,0,98,60,671.78
1784852337924,1,99,64,530.51
1784852338063,0,98,60,672.96
1784852338063,1,99,64,523.32
1784852338202,0,94,54,678.19
1784852338202,1,100,62,530.09
1784852338343,0,98,57,685.28
1784852338343,1,99,64,537.61
1784852338483,0,98,57,684.20
1784852338483,1,99,64,529.79
1784852338623,0,98,61,691.40
1784852338623,1,99,66,519.43
1784852338763,0,98,60,689.19
1784852338763,1,100,68,517.44
1784852338904,0,98,60,688.97
1784852338904,1,95,61,527.36
1784852339043,0,93,56,682.14
1784852339043,1,95,61,530.70
1784852339183,0,94,53,676.01
1784852339183,1,93,56,520.93
1784852339335,0,65,37,631.97
1784852339335,1,97,64,521.22
1784852339476,0,65,37,639.14
1784852339476,1,97,64,528.12
1784852339615,0,98,58,638.55
1784852339615,1,93,50,557.41
1784852339755,0,98,59,641.13
1784852339755,1,91,57,560.56
1784852339894,0,98,59,642.49
1784852339894,1,91,57,566.78
1784852340033,0,98,58,643.07
1784852340033,1,99,55,588.86
1784852340172,0,94,53,640.48
1784852340172,1,99,57,606.12
1784852340312,0,94,53,648.69
1784852340312,1,99,62,609.72
1784852340450,0,92,47,678.53
1784852340450,1,99,62,617.43
1784852340589,0,98,60,678.86
1784852340589,1,92,46,615.16
1784852340727,0,98,60,675.41
1784852340727,1,96,63,618.28
1784852340866,0,98,60,675.31
1784852340866,1,96,63,609.78
1784852341005,0,98,60,669.06
1784852341005,1,100,64,601.97
1784852341145,0,94,53,678.57
1784852341145,1,98,66,585.03
1784852341285,0,94,53,681.05
1784852341285,1,98,66,590.83
1784852341425,0,92,52,681.59
1784852341425,1,97,56,584.32
1784852341566,0,98,60,680.03
1784852341566,1,95,54,571.35
1784852341705,0,98,60,678.35
1784852341705,1,97,57,579.51
1784852341847,0,98,60,676.24
1784852341847,1,97,57,572.65
1784852341987,0,98,60,681.55
1784852341987,1,93,58,575.77
1784852342126,0,95,54,682.84
1784852342126,1,100,61,587.92
1784852342264,0,95,54,675.78
1784852342264,1,100,61,600.10
1784852342406,0,95,53,677.85
1784852342406,1,95,60,586.31
1784852342546,0,98,59,683.76
1784852342546,1,97,63,581.40
1784852342687,0,98,59,685.24
1784852342687,1,97,63,583.03
1784852342826,0,98,58,686.97
1784852342826,1,88,52,586.01
1784852342966,0,98,59,683.48
1784852342966,1,100,66,575.23
1784852343106,0,98,59,685.19
1784852343106,1,91,51,559.83
1784852343247,0,94,54,691.22
1784852343247,1,91,51,540.29
1784852343386,0,98,55,694.58
1784852343386,1,95,56,542.23
1784852343526,0,98,60,687.99
1784852343526,1,96,61,534.43
1784852343666,0,98,60,690.77
1784852343666,1,96,61,534.01
1784852343805,0,98,60,687.29
1784852343805,1,91,51,548.74
1784852343944,0,98,60,695.51
1784852343944,1,100,64,551.41
1784852344085,0,98,60,696.43
1784852344085,1,100,64,566.96
1784852344223,0,95,53,686.42
1784852344223,1,97,59,580.72
1784852344363,0,98,54,683.91
1784852344363,1,100,66,577.82
1784852344503,0,98,54,686.56
1784852344503,1,91,56,580.21
1784852344644,0,98,60,682.56
1784852344644,1,91,56,580.31
1784852344784,0,98,59,681.04
1784852344784,1,99,66,574.18
1784852344924,0,91,56,677.37
1784852344924,1,94,59,568.19
1784852345064,0,91,56,674.29
1784852345064,1,94,59,562.19
1784852345203,0,95,53,664.47
1784852345203,1,88,50,570.24
1784852345343,0,98,58,666.59
1784852345343,1,100,53,582.50
1784852345484,0,98,58,670.87
1784852345484,1,100,53,584.49
1784852345622,0,98,58,673.03
1784852345622,1,95,61,572.87
1784852345762,0,98,58,681.20
1784852345762,1,96,62,575.25
1784852345901,0,98,58,677.70
1784852345901,1,96,62,575.39
1784852346040,0,90,55,685.69
1784852346040,1,94,59,563.23
1784852346180,0,95,53,682.80
1784852346180,1,91,57,548.79
1784852346320,0,95,53,693.68
1784852346320,1,97,64,522.76
1784852346458,0,98,59,690.49
1784852346458,1,97,64,543.07
1784852346596,0,98,60,693.68
1784852346596,1,100,62,541.55
1784852346735,0,98,59,689.83
1784852346735,1,100,69,532.51
1784852346885,0,98,59,690.52
1784852346885,1,100,69,529.96
1784852347025,0,90,56,689.32
1784852347025,1,98,61,528.34
1784852347165,0,95,54,683.08
1784852347165,1,100,68,527.05
1784852347302,0,95,54,682.80
1784852347302,1,100,68,533.30
1784852347443,0,98,60,684.33
1784852347443,1,98,67,505.89
1784852347583,0,98,61,681.99
1784852347583,1,100,69,507.30
1784852347722,0,98,61,688.91
1784852347722,1,90,46,537.40
1784852347860,0,98,60,679.78
1784852347860,1,90,46,546.44
1784852348000,0,90,54,679.24
1784852348000,1,97,59,550.40
1784852348139,0,95,53,675.36
1784852348139,1,92,55,578.27
1784852348278,0,95,53,681.70
1784852348278,1,92,55,585.02
1784852348417,0,98,58,679.36
1784852348417,1,96,59,612.94
1784852348557,0,98,57,685.37
1784852348557,1,96,61,613.38
1784852348698,0,98,57,681.69
1784852348698,1,96,61,600.94
1784852348836,0,98,58,681.93
1784852348836,1,83,47,595.78
1784852348976,0,90,53,685.79
1784852348976,1,98,61,582.56
1784852349115,0,90,53,688.49
1784852349115,1,100,66,572.56
1784852349253,0,95,54,690.87
1784852349253,1,100,66,581.60
1784852349391,0,98,58,692.18
1784852349391,1,96,59,571.14
1784852349531,0,98,59,689.46
1784852349531,1,100,62,572.18
1784852349669,0,98,59,692.13
1784852349669,1,100,62,577.05
1784852349809,0,98,58,692.76
1784852349809,1,100,69,560.38
1784852349947,0,90,54,687.31
1784852349947,1,95,53,570.37
1784852350088,0,90,54,686.56
1784852350088,1,95,53,567.62
1784852350225,0,95,53,690.99
1784852350225,1,99,66,551.15
1784852350365,0,98,58,693.12
1784852350365,1,95,58,565.71
1784852350505,0,98,58,694.24
1784852350505,1,95,58,562.98
1784852350646,0,98,59,693.24
1784852350646,1,98,62,556.84
1784852350786,0,98,58,692.53
1784852350786,1,97,63,555.18
1784852350925,0,98,58,685.13
1784852350925,1,99,66,539.19
1784852351064,0,90,54,686.83
1784852351064,1,99,66,540.15
1784852351202,0,95,53,682.24
1784852351202,1,100,68,532.20
1784852351342,0,98,59,678.23
1784852351342,1,95,63,517.57
1784852351481,0,98,59,679.33
1784852351481,1,95,63,508.71
1784852351620,0,98,59,678.86
1784852351620,1,92,60,496.79
1784852351757,0,98,59,680.94
1784852351757,1,96,63,498.41
1784852351897,0,98,59,680.14
1784852351897,1,96,63,494.34
1784852352036,0,89,53,686.53
1784852352036,1,99,67,493.16
1784852352174,0,95,52,682.19
1784852352174,1,92,57,502.88
1784852352313,0,95,52,674.73
1784852352313,1,94,60,501.14
1784852352460,0,98,60,643.34
1784852352460,1,94,60,500.12
1784852352603,0,37,23,635.40
1784852352603,1,93,58,500.72
1784852352742,0,98,60,632.97
1784852352742,1,94,59,511.29
1784852352882,0,98,60,635.92
1784852352882,1,94,59,507.65
1784852353022,0,98,60,633.40
1784852353022,1,95,62,529.48
1784852353164,0,94,53,657.83
1784852353164,1,95,55,536.33
1784852353302,0,94,53,653.50
1784852353302,1,95,55,543.25
1784852353442,0,98,55,678.62
1784852353442,1,84,50,548.12
1784852353581,0,98,57,698.27
1784852353581,1,99,65,551.65
1784852353720,0,98,57,698.60
1784852353720,1,98,58,564.25
1784852353860,0,98,58,692.43
1784852353860,1,98,58,574.95
1784852353997,0,98,56,688.50
1784852353997,1,87,52,571.00
1784852354135,0,94,52,675.76
1784852354135,1,99,67,556.99
1784852354275,0,94,52,675.77
1784852354275,1,99,67,551.70
1784852354414,0,98,53,675.49
1784852354414,1,96,54,566.08
1784852354554,0,97,59,669.69
1784852354554,1,94,54,573.45
1784852354693,0,97,59,665.59
1784852354693,1,94,54,566.95
1784852354832,0,98,59,669.36
1784852354832,1,98,65,542.21
1784852354972,0,98,60,672.34
1784852354972,1,96,61,541.05
1784852355111,0,98,60,674.27
1784852355111,1,100,68,528.43
1784852355250,0,95,54,679.59
1784852355250,1,100,68,528.29
1784852355389,0,98,57,678.03
1784852355389,1,100,70,511.86
1784852355528,0,98,57,677.02
1784852355528,1,99,64,508.24
1784852355667,0,98,60,674.15
1784852355667,1,99,64,511.14
1784852355808,0,98,60,672.83
1784852355808,1,99,68,507.80
1784852355948,0,89,56,675.10
1784852355948,1,96,64,513.80
1784852356088,0,89,56,673.26
1784852356088,1,96,64,522.71
1784852356226,0,95,54,667.57
1784852356226,1,98,57,544.60
1784852356368,0,98,59,667.52
1784852356368,1,98,65,543.71
1784852356508,0,98,59,675.14
1784852356508,1,98,65,536.14
1784852356648,0,98,59,675.06
1784852356648,1,99,64,535.30
1784852356788,0,98,59,678.75
1784852356788,1,99,60,551.06
1784852356928,0,98,59,677.98
1784852356928,1,92,56,562.54
1784852357069,0,91,55,684.21
1784852357069,1,92,56,554.86
1784852357208,0,95,54,680.98
1784852357208,1,83,45,551.83
1784852357347,0,98,58,698.76
1784852357347,1,100,61,578.63
1784852357486,0,98,58,695.07
1784852357486,1,100,61,586.16
1784852357625,0,98,59,698.40
1784852357625,1,96,62,596.14
1784852357766,0,98,58,699.56
1784852357766,1,100,69,588.00
1784852357904,0,98,58,698.92
1784852357904,1,100,69,597.22
1784852358043,0,90,54,695.15
1784852358043,1,98,65,584.44
1784852358181,0,95,53,690.22
1784852358181,1,96,60,580.96
1784852358321,0,95,53,687.07
1784852358321,1,95,61,554.88
1784852358460,0,98,58,683.34
1784852358460,1,95,61,545.07
1784852358597,0,98,59,685.95
1784852358597,1,98,54,561.13
1784852358737,0,98,59,671.40
1784852358737,1,100,63,555.20
1784852358877,0,98,59,676.10
1784852358877,1,100,63,566.60
1784852359020,0,98,58,667.82
1784852359020,1,100,63,565.05
1784852359154,0,20,21,590.68
1784852359154,1,39,27,528.12
1784852359292,0,20,21,549.76
1784852359292,1,39,27,509.64
1784852359426,0,27,2,500.52
1784852359426,1,17,12,432.60
1784852359561,0,0,0,386.41
1784852359561,1,0,0,378.79
1784852359695,0,0,0,330.76
1784852359695,1,0,0,341.22
1784852359828,0,0,0,277.79
1784852359828,1,0,0,240.07
1784852359963,0,17,3,182.69
1784852359963,1,23,7,222.77
1784852360100,0,17,3,153.86
1784852360100,1,23,7,222.00
1784852360235,0,0,0,138.37
1784852360235,1,99,60,308.30
1784852360369,0,0,0,136.82
1784852360369,1,100,45,365.31
1784852360504,0,0,0,136.32
1784852360504,1,100,45,425.04
1784852360638,0,0,0,135.59
1784852360638,1,100,45,543.92
1784852360774,0,0,0,135.29
1784852360774,1,100,48,594.44
1784852360908,0,0,0,135.05
1784852360908,1,100,48,648.60
1784852361045,0,0,0,132.54
1784852361045,1,100,60,671.26
1784852361183,0,0,0,132.35
1784852361183,1,100,58,675.50
1784852361320,0,0,0,132.11
1784852361320,1,94,61,648.16
1784852361456,0,0,0,131.69
1784852361456,1,94,61,634.10
1784852361592,0,0,0,131.51
1784852361592,1,94,57,617.31
1784852361729,0,0,0,131.35
1784852361729,1,96,48,598.17
1784852361867,0,0,0,130.89
1784852361867,1,96,48,583.97
1784852362004,0,0,0,130.71
1784852362004,1,97,60,584.21
1784852362141,0,0,0,130.40
1784852362141,1,98,62,581.87
1784852362279,0,0,0,130.26
1784852362279,1,98,62,570.45
1784852362417,0,0,0,130.18
1784852362417,1,99,65,564.72
1784852362555,0,0,0,129.98
1784852362555,1,99,64,561.39
1784852362692,0,0,0,129.85
1784852362692,1,99,64,554.07
1784852362828,0,0,0,129.78
1784852362828,1,100,68,532.43
1784852362966,0,0,0,129.63
1784852362966,1,100,68,523.23
1784852363103,0,0,0,129.53
1784852363103,1,100,68,509.30
1784852363240,0,0,0,129.55
1784852363240,1,93,59,495.23
1784852363380,0,33,19,186.62
1784852363380,1,97,63,494.72
1784852363521,0,33,19,248.50
1784852363521,1,100,68,479.41
1784852363662,0,95,53,350.88
1784852363662,1,100,68,474.35
1784852363802,0,98,57,411.98
1784852363802,1,99,68,475.56
1784852363940,0,98,57,530.32
1784852363940,1,97,62,478.90
1784852364079,0,98,57,585.26
1784852364079,1,97,62,483.80
1784852364219,0,98,57,640.79
1784852364219,1,99,65,503.49
1784852364358,0,90,51,686.49
1784852364358,1,96,63,501.89
1784852364498,0,90,51,682.27
1784852364498,1,96,63,504.84
1784852364636,0,95,52,677.47
1784852364636,1,100,66,510.04
1784852364775,0,98,59,673.45
1784852364775,1,97,65,513.01
1784852364914,0,98,59,666.41
1784852364914,1,97,65,506.72
1784852365054,0,98,59,660.68
1784852365054,1,97,63,504.71
1784852365193,0,98,59,660.25
1784852365193,1,94,57,511.21
1784852365333,0,98,59,662.98
1784852365333,1,99,64,500.37
1784852365472,0,89,53,673.78
1784852365472,1,99,64,495.96
1784852365610,0,95,52,673.83
1784852365610,1,100,67,499.17
1784852365748,0,98,59,674.44
1784852365748,1,98,59,519.17
1784852365886,0,98,59,677.85
1784852365886,1,98,59,522.16
1784852366025,0,98,59,674.72
1784852366025,1,96,60,525.60
1784852366164,0,98,59,678.01
1784852366164,1,97,62,519.62
1784852366303,0,98,59,674.95
1784852366303,1,97,62,519.12
1784852366443,0,90,53,674.72
1784852366443,1,98,65,516.71
1784852366583,0,95,50,674.56
1784852366583,1,99,62,521.88
1784852366722,0,95,50,681.57
1784852366722,1,99,68,496.66
1784852366862,0,98,59,680.34
1784852366862,1,99,68,491.16
1784852367001,0,98,59,678.80
1784852367001,1,100,70,485.18
1784852367141,0,98,59,679.64
1784852367141,1,98,67,489.77
1784852367281,0,98,59,680.32
1784852367281,1,98,67,484.25
1784852367420,0,88,53,682.70
1784852367420,1,97,60,507.75
1784852367560,0,94,45,669.88
1784852367560,1,97,62,518.11
1784852367701,0,94,45,676.79
1784852367701,1,97,62,516.81
1784852367842,0,98,59,678.70
1784852367842,1,99,60,533.40
1784852367982,0,98,58,686.47
1784852367982,1,98,62,555.23
1784852368123,0,98,58,692.53
1784852368123,1,92,50,569.92
1784852368263,0,98,58,695.35
1784852368263,1,92,50,581.24
1784852368402,0,87,52,689.93
1784852368402,1,98,61,573.80
1784852368542,0,94,51,692.23
1784852368542,1,100,51,600.66
1784852368680,0,94,51,677.55
1784852368680,1,100,51,608.39
1784852368827,0,98,58,676.70
1784852368827,1,100,68,604.73
1784852368971,0,41,24,629.99
1784852368971,1,99,67,603.94
1784852369109,0,41,24,622.82
1784852369109,1,99,67,617.63
1784852369249,0,98,58,628.02
1784852369249,1,98,56,606.89
1784852369389,0,98,58,629.39
1784852369389,1,98,65,600.76
1784852369529,0,98,58,634.72
1784852369529,1,97,63,567.08
1784852369667,0,94,53,643.78
1784852369667,1,97,63,563.59
1784852369807,0,92,48,636.81
1784852369807,1,96,61,557.08
1784852369946,0,98,59,668.86
1784852369946,1,98,64,552.82
1784852370088,0,98,59,669.38
1784852370088,1,98,64,543.21
1784852370227,0,98,59,665.30
1784852370227,1,97,62,535.22
1784852370366,0,98,59,653.05
1784852370366,1,88,51,540.53
1784852370514,0,98,59,650.81
1784852370514,1,88,51,556.60
1784852370654,0,94,52,656.61
1784852370654,1,100,65,557.48
1784852370795,0,91,50,662.22
1784852370795,1,93,54,560.32
1784852370934,0,91,50,661.13
1784852370934,1,100,65,565.01
1784852371074,0,97,58,676.89
1784852371074,1,100,65,564.57
1784852371215,0,98,58,679.35
1784852371215,1,94,54,570.77
1784852371352,0,98,57,684.06
1784852371352,1,100,61,563.31
1784852371491,0,98,57,687.65
1784852371491,1,100,61,567.37
1784852371630,0,94,52,690.34
1784852371630,1,99,57,571.82
1784852371769,0,92,50,693.94
1784852371769,1,100,69,563.81
1784852371907,0,92,50,694.86
1784852371907,1,100,69,565.00
1784852372048,0,98,58,693.84
1784852372048,1,97,57,562.47
1784852372188,0,98,57,696.64
1784852372188,1,98,66,564.92
1784852372326,0,98,57,696.07
1784852372326,1,100,60,574.91
1784852372465,0,98,57,694.30
1784852372465,1,100,60,567.32
1784852372604,0,94,52,694.13
1784852372604,1,97,53,572.48
1784852372742,0,92,48,691.92
1784852372742,1,92,56,584.92
1784852372881,0,92,48,693.43
1784852372881,1,92,56,583.13
1784852373020,0,98,57,695.34
1784852373020,1,96,59,598.86
1784852373157,0,98,58,688.76
1784852373157,1,91,59,590.13
1784852373295,0,98,58,688.89
1784852373295,1,91,59,587.71
1784852373436,0,98,56,691.09
1784852373436,1,96,54,584.48
1784852373576,0,94,52,685.74
1784852373576,1,97,62,576.80
1784852373714,0,94,52,684.14
1784852373714,1,97,62,569.69
1784852373854,0,92,47,682.01
1784852373854,1,95,63,572.38
1784852373994,0,98,58,682.68
1784852373994,1,99,60,548.90
1784852374133,0,98,58,687.47
1784852374133,1,96,59,547.34
1784852374273,0,98,57,686.51
1784852374273,1,96,59,559.54
1784852374412,0,98,58,684.68
1784852374412,1,99,53,555.30
1784852374553,0,94,52,683.82
1784852374553,1,94,58,557.27
1784852374692,0,94,52,684.07
1784852374692,1,94,58,546.56
1784852374832,0,92,45,684.27
1784852374832,1,97,62,557.68
1784852374971,0,98,57,686.39
1784852374971,1,97,55,564.47
1784852375110,0,98,57,680.52
1784852375110,1,97,55,564.98
1784852375248,0,98,58,684.62
1784852375248,1,99,65,553.32
1784852375388,0,98,57,688.86
1784852375388,1,99,53,557.23
1784852375528,0,98,57,689.11
1784852375528,1,96,58,555.86
1784852375669,0,94,52,694.42
1784852375669,1,96,58,560.49
1784852375807,0,92,45,686.04
1784852375807,1,99,62,559.66
1784852375946,0,98,58,684.46
1784852375946,1,98,64,548.08
1784852376086,0,98,58,688.31
1784852376086,1,98,64,555.35
1784852376226,0,98,58,683.88
1784852376226,1,97,55,569.87
1784852376367,0,98,57,679.31
1784852376367,1,91,53,568.12
1784852376507,0,98,57,679.96
1784852376507,1,91,53,567.99
1784852376646,0,94,52,677.36
1784852376646,1,99,62,580.56
1784852376786,0,92,45,681.91
1784852376786,1,95,58,577.10
1784852376925,0,92,45,678.43
1784852376925,1,100,59,591.92
1784852377065,0,98,58,669.57
1784852377065,1,100,59,590.61
1784852377206,0,98,58,665.25
1784852377206,1,94,59,576.57
1784852377345,0,98,58,662.74
1784852377345,1,100,69,559.17
1784852377485,0,98,58,667.95
1784852377485,1,100,69,575.79
1784852377624,0,94,52,669.93
1784852377624,1,100,57,575.07
1784852377762,0,92,46,667.41
1784852377762,1,95,58,581.39
1784852377901,0,92,46,672.02
1784852377901,1,95,58,564.97
1784852378041,0,98,58,678.41
1784852378041,1,100,70,567.07
1784852378180,0,98,57,682.63
1784852378180,1,100,53,581.41
1784852378318,0,98,57,684.70
1784852378318,1,97,58,592.83
1784852378459,0,98,58,691.11
1784852378459,1,97,58,595.43
1784852378599,0,94,53,658.04
1784852378599,1,100,52,592.00
1784852378736,0,94,53,608.70
1784852378736,1,97,57,592.35
1784852378874,0,0,0,522.47
1784852378874,1,97,57,590.30
1784852379014,0,40,23,518.73
1784852379014,1,100,57,603.78
1784852379155,0,98,56,518.99
1784852379155,1,98,65,586.22
1784852379296,0,98,56,517.48
1784852379296,1,98,65,573.05
1784852379434,0,97,58,520.53
1784852379434,1,100,67,545.24
1784852379574,0,98,58,534.50
1784852379574,1,100,68,540.42
1784852379713,0,98,58,591.79
1784852379713,1,100,68,536.60
1784852379853,0,92,55,691.82
1784852379853,1,91,55,515.95
1784852379993,0,95,53,690.66
1784852379993,1,98,68,499.78
1784852380134,0,95,53,690.79
1784852380134,1,99,64,516.82
1784852380274,0,98,55,691.58
1784852380274,1,99,64,518.50
1784852380414,0,98,59,689.55
1784852380414,1,98,62,534.79
1784852380553,0,98,58,693.56
1784852380553,1,100,68,532.99
1784852380693,0,98,58,689.10
1784852380693,1,100,68,527.58
1784852380834,0,98,60,690.61
1784852380834,1,100,62,535.70
1784852380974,0,94,52,691.33
1784852380974,1,100,65,543.84
1784852381113,0,94,52,693.38
1784852381113,1,100,65,549.52
1784852381252,0,98,55,697.51
1784852381252,1,99,60,539.64
1784852381391,0,98,57,697.77
1784852381391,1,90,54,531.86
1784852381556,0,56,33,646.71
1784852381556,1,17,8,503.07
1784852381696,0,56,33,648.91
1784852381696,1,17,8,512.49
1784852381835,0,98,57,654.52
1784852381835,1,97,62,517.22
1784852381975,0,93,54,648.03
1784852381975,1,84,49,515.12
1784852382115,0,93,54,650.04
1784852382115,1,84,49,504.50
1784852382255,0,91,50,646.64
1784852382255,1,97,60,509.26
1784852382395,0,98,59,646.41
1784852382395,1,99,61,506.60
1784852382536,0,98,59,655.27
1784852382536,1,92,61,538.85
1784852382676,0,98,57,688.73
1784852382676,1,92,61,535.96
1784852382816,0,98,58,688.42
1784852382816,1,95,56,546.74
1784852382955,0,88,50,691.68
1784852382955,1,90,47,566.92
1784852383095,0,88,50,694.12
1784852383095,1,90,47,562.56
1784852383235,0,90,48,683.16
1784852383235,1,99,59,572.62
1784852383374,0,98,59,683.03
1784852383374,1,96,61,570.27
1784852383513,0,98,59,684.60
1784852383513,1,96,61,572.13
1784852383653,0,98,57,688.37
1784852383653,1,98,59,569.61
1784852383792,0,98,57,689.21
1784852383792,1,95,58,563.74
1784852383932,0,98,57,687.92
1784852383932,1,95,60,535.05
1784852384073,0,88,51,682.03
1784852384073,1,95,60,534.56
1784852384211,0,90,50,683.68
1784852384211,1,100,68,519.46
1784852384351,0,98,60,685.76
1784852384351,1,94,47,549.79
1784852384491,0,98,60,686.74
1784852384491,1,94,47,551.13
1784852384632,0,98,59,683.13
1784852384632,1,100,64,567.33
1784852384773,0,97,60,683.60
1784852384773,1,98,63,565.51
1784852384914,0,97,60,686.78
1784852384914,1,98,63,578.50
1784852385054,0,88,51,691.88
1784852385054,1,98,63,581.16
1784852385192,0,90,48,690.21
1784852385192,1,89,51,586.32
1784852385331,0,90,48,682.97
1784852385331,1,100,66,556.42
1784852385471,0,98,58,685.02
1784852385471,1,100,66,554.94
1784852385609,0,98,58,685.23
1784852385609,1,96,57,547.50
1784852385750,0,98,58,688.31
1784852385750,1,100,66,549.36
1784852385889,0,98,58,688.37
1784852385889,1,100,66,543.63
1784852386029,0,88,51,686.19
1784852386029,1,98,61,532.94
1784852386167,0,90,49,684.96
1784852386167,1,96,55,540.81
1784852386306,0,90,49,686.11
1784852386306,1,96,55,543.64
1784852386445,0,98,59,684.38
1784852386445,1,94,59,534.36
1784852386587,0,98,58,684.72
1784852386587,1,100,63,549.95
1784852386727,0,98,58,684.61
1784852386727,1,100,64,560.23
1784852386868,0,98,58,682.33
1784852386868,1,100,64,568.41
1784852387008,0,88,50,682.28
1784852387008,1,98,59,574.48
1784852387147,0,90,48,683.55
1784852387147,1,95,58,574.38
1784852387286,0,90,48,684.87
1784852387286,1,95,58,585.10
1784852387426,0,98,58,684.06
1784852387426,1,97,55,611.14
1784852387566,0,98,57,689.04
1784852387566,1,96,58,600.61
1784852387705,0,98,57,686.19
1784852387705,1,96,58,614.26
1784852387845,0,98,58,683.15
1784852387845,1,100,53,616.72
1784852387985,0,88,52,682.55
1784852387985,1,100,67,626.46
1784852388125,0,88,52,682.28
1784852388125,1,99,62,626.13
1784852388269,0,90,48,687.27
1784852388269,1,99,62,617.44
1784852388409,0,98,58,689.92
1784852388409,1,98,65,611.01
1784852388549,0,98,59,682.96
1784852388549,1,100,63,606.96
1784852388689,0,98,59,688.40
1784852388689,1,100,63,590.53
1784852388829,0,98,58,688.03
1784852388829,1,91,57,582.97
1784852388969,0,89,52,686.30
1784852388969,1,90,48,578.18
1784852389109,0,89,52,692.43
1784852389109,1,90,48,576.35
1784852389248,0,96,54,679.45
1784852389248,1,100,67,585.32
1784852389390,0,98,59,678.33
1784852389390,1,98,63,573.73
1784852389530,0,98,59,681.17
1784852389530,1,98,65,559.03
1784852389670,0,98,59,678.56
1784852389670,1,98,65,556.26
1784852389810,0,98,59,678.53
1784852389810,1,95,64,544.33
1784852389950,0,88,52,677.78
1784852389950,1,100,68,528.14
1784852390088,0,88,52,679.32
1784852390088,1,100,68,525.80
1784852390227,0,95,51,676.05
1784852390227,1,100,63,524.32
1784852390365,0,97,60,681.34
1784852390365,1,81,46,528.61
1784852390504,0,97,60,678.06
1784852390504,1,81,46,540.66
1784852390645,0,98,59,677.33
1784852390645,1,79,46,556.49
1784852390785,0,98,59,674.64
1784852390785,1,99,61,570.79
1784852390923,0,98,59,674.62
1784852390923,1,99,61,585.43
1784852391062,0,88,53,673.22
1784852391062,1,97,54,597.10
1784852391202,0,94,51,671.54
1784852391202,1,85,48,599.43
1784852391341,0,94,51,669.00
1784852391341,1,99,63,610.37
1784852391481,0,98,60,661.74
1784852391481,1,99,63,615.06
1784852391622,0,98,60,667.37
1784852391622,1,97,56,626.27
1784852391761,0,98,60,658.73
1784852391761,1,99,62,620.75
1784852391902,0,98,60,657.10
1784852391902,1,99,62,603.95
1784852392039,0,86,51,655.54
1784852392039,1,100,68,599.35
1784852392178,0,90,49,667.75
1784852392178,1,100,69,588.21
1784852392316,0,90,49,680.16
1784852392316,1,100,69,580.18
1784852392455,0,98,58,687.60
1784852392455,1,96,60,561.34
1784852392593,0,98,58,687.08
1784852392593,1,92,61,536.70
1784852392732,0,98,58,685.52
1784852392732,1,99,62,533.16
1784852392869,0,98,57,682.68
1784852392869,1,99,62,541.41
1784852393008,0,89,52,681.90
1784852393008,1,99,60,548.40
1784852393147,0,89,52,675.90
1784852393147,1,86,47,553.44
1784852393287,0,95,53,674.74
1784852393287,1,86,47,546.66
1784852393436,0,98,59,640.19
1784852393436,1,96,61,534.53
1784852393593,0,24,15,627.92
1784852393593,1,70,48,535.15
1784852393733,0,24,15,634.61
1784852393733,1,97,63,533.47
1784852393873,0,98,59,651.11
1784852393873,1,97,63,528.59
1784852394012,0,98,59,650.42
1784852394012,1,98,61,518.54
1784852394151,0,94,53,663.78
1784852394151,1,98,66,504.74
1784852394291,0,94,53,650.43
1784852394291,1,98,66,501.46
1784852394431,0,97,52,646.97
1784852394431,1,96,61,512.19
1784852394571,0,98,57,692.28
1784852394571,1,99,69,518.86
1784852394710,0,98,57,693.28
1784852394710,1,99,69,501.62
1784852394850,0,98,58,688.54
1784852394850,1,96,58,507.06
1784852394990,0,97,58,683.00
1784852394990,1,97,63,499.02
1784852395128,0,97,58,679.20
1784852395128,1,98,62,500.85
1784852395268,0,94,52,680.58
1784852395268,1,98,62,506.51
1784852395407,0,92,48,678.30
1784852395407,1,100,63,498.22
1784852395547,0,92,48,682.00
1784852395547,1,95,59,498.32
1784852395688,0,98,58,678.79
1784852395688,1,95,59,496.88
1784852395827,0,98,59,679.42
1784852395827,1,97,61,506.06
1784852395969,0,98,58,689.14
1784852395969,1,98,57,512.35
1784852396109,0,98,58,694.29
1784852396109,1,98,57,518.41
1784852396247,0,94,53,687.34
1784852396247,1,97,60,520.02
1784852396388,0,92,47,691.28
1784852396388,1,89,57,518.41
1784852396527,0,92,47,687.61
1784852396527,1,89,57,523.35
1784852396666,0,98,59,690.56
1784852396666,1,97,64,539.31
1784852396805,0,98,59,689.49
1784852396805,1,100,63,525.34
1784852396944,0,98,59,690.69
1784852396944,1,99,60,528.71
1784852397081,0,98,59,690.49
1784852397081,1,99,60,535.93
1784852397221,0,94,53,692.97
1784852397221,1,100,65,536.64
1784852397359,0,92,49,687.78
1784852397359,1,100,67,530.20
1784852397498,0,92,49,682.29
1784852397498,1,100,67,532.87
1784852397640,0,98,60,679.91
1784852397640,1,96,54,520.75
1784852397780,0,98,59,671.70
1784852397780,1,96,62,520.21
1784852397918,0,98,59,669.50
1784852397918,1,96,62,502.20
1784852398055,0,98,60,666.60
1784852398055,1,88,48,523.28
1784852398195,0,94,53,670.11
1784852398195,1,100,63,521.68
1784852398352,0,98,38,663.24
1784852398352,1,79,49,520.32
1784852398491,0,98,38,668.27
1784852398491,1,79,49,520.82
1784852398632,0,98,60,663.49
1784852398632,1,96,61,528.35
1784852398770,0,98,60,664.52
1784852398770,1,90,51,536.47
1784852398911,0,98,60,661.69
1784852398911,1,90,51,538.20
1784852399050,0,98,60,665.35
1784852399050,1,96,63,521.80
1784852399190,0,94,53,665.03
1784852399190,1,91,55,524.99
1784852399328,0,94,53,679.32
1784852399328,1,91,55,541.29
1784852399466,0,92,48,674.86
1784852399466,1,91,49,560.01
1784852399604,0,98,60,679.25
1784852399604,1,99,64,560.89
1784852399745,0,98,60,673.96
1784852399745,1,100,62,554.95
1784852399884,0,98,60,677.45
1784852399884,1,100,62,565.58
1784852400025,0,90,55,668.12
1784852400025,1,96,56,575.21
1784852400163,0,94,52,664.84
1784852400163,1,93,54,571.63
1784852400301,0,94,52,665.21
1784852400301,1,93,54,552.93
1784852400442,0,92,50,670.30
1784852400442,1,98,61,535.70
1784852400580,0,98,59,673.04
1784852400580,1,100,64,537.45
1784852400721,0,98,59,681.93
1784852400721,1,100,64,526.66
1784852400861,0,98,59,682.27
1784852400861,1,100,68,510.84
1784852401003,0,90,54,684.99
1784852401003,1,100,69,500.41
1784852401144,0,90,54,686.17
1784852401144,1,95,55,503.81
1784852401283,0,94,53,680.72
1784852401283,1,95,55,505.00
1784852401424,0,98,58,678.64
1784852401424,1,99,62,502.76
1784852401563,0,98,59,679.56
1784852401563,1,98,64,502.91
1784852401702,0,98,59,675.95
1784852401702,1,98,64,507.66
1784852401842,0,98,59,676.70
1784852401842,1,98,60,521.13
1784852401982,0,89,55,679.01
1784852401982,1,97,61,517.58
1784852402123,0,89,55,678.89
1784852402123,1,97,61,515.48
1784852402264,0,95,54,682.67
1784852402264,1,95,62,509.22
1784852402403,0,92,46,678.19
1784852402403,1,100,68,512.54
1784852402544,0,92,46,677.19
1784852402544,1,91,56,507.46
1784852402684,0,98,58,684.23
1784852402684,1,91,56,507.96
1784852402822,0,98,59,680.52
1784852402822,1,96,64,498.50
1784852402963,0,90,53,681.70
1784852402963,1,98,65,499.34
1784852403101,0,90,53,682.61
1784852403101,1,98,65,493.39
1784852403240,0,93,52,678.67
1784852403240,1,98,65,502.23
1784852403381,0,91,46,684.06
1784852403381,1,96,61,498.20
1784852403522,0,91,46,686.51
1784852403522,1,96,61,492.32
1784852403661,0,98,58,684.98
1784852403661,1,95,56,519.73
1784852403800,0,98,59,686.23
1784852403800,1,95,54,546.18
1784852403940,0,98,59,686.53
1784852403940,1,97,58,557.67
1784852404078,0,91,54,686.37
1784852404078,1,97,58,586.57
1784852404217,0,94,52,689.83
1784852404217,1,98,62,579.36
1784852404356,0,98,55,689.86
1784852404356,1,96,56,606.30
1784852404494,0,98,55,689.67
1784852404494,1,96,56,620.09
1784852404644,0,98,58,688.59
1784852404644,1,98,55,619.95
1784852404783,0,98,58,688.08
1784852404783,1,89,53,609.30
1784852404922,0,98,58,690.40
1784852404922,1,89,53,613.38
1784852405061,0,98,58,695.13
1784852405061,1,93,55,627.20
1784852405200,0,94,52,692.52
1784852405200,1,100,56,642.93
1784852405340,0,94,52,694.77
1784852405340,1,98,60,639.80
1784852405481,0,90,50,683.94
1784852405481,1,98,60,637.91
1784852405619,0,98,58,684.80
1784852405619,1,99,66,623.82
1784852405760,0,98,59,690.22
1784852405760,1,98,66,608.79
1784852405900,0,98,59,687.26
1784852405900,1,98,66,593.53
1784852406039,0,98,58,689.59
1784852406039,1,100,68,558.29
1784852406179,0,93,52,686.17
1784852406179,1,95,55,553.57
1784852406317,0,93,52,684.00
1784852406317,1,95,55,541.40
1784852406456,0,98,52,690.33
1784852406456,1,100,66,515.22
1784852406594,0,98,59,688.68
1784852406594,1,97,62,508.17
1784852406733,0,98,59,685.11
1784852406733,1,97,62,509.05
1784852406871,0,98,59,689.33
1784852406871,1,99,63,500.27
1784852407011,0,98,59,684.69
1784852407011,1,100,67,504.00
1784852407150,0,98,59,684.43
1784852407150,1,96,63,483.83
1784852407290,0,94,53,695.42
1784852407290,1,96,63,480.63
1784852407428,0,97,53,692.94
1784852407428,1,100,68,483.38
1784852407568,0,98,58,693.92
1784852407568,1,99,65,484.91
1784852407708,0,98,58,695.32
1784852407708,1,99,65,484.82
1784852407848,0,98,59,690.09
1784852407848,1,96,62,494.92
1784852407989,0,98,58,692.60
1784852407989,1,95,61,500.92
1784852408128,0,98,58,692.96
1784852408128,1,95,61,511.88
1784852408267,0,94,53,681.06
1784852408267,1,99,61,532.87
1784852408407,0,92,50,682.16
1784852408407,1,100,65,537.62
1784852408555,0,27,16,629.92
1784852408555,1,83,51,530.80
1784852408708,0,27,16,624.79
1784852408708,1,83,51,540.48
1784852408848,0,98,60,630.37
1784852408848,1,99,61,550.11
1784852408987,0,98,60,620.57
1784852408987,1,100,67,556.57
1784852409127,0,98,60,627.94
1784852409127,1,100,67,558.90
1784852409267,0,87,51,626.97
1784852409267,1,100,61,574.94
1784852409406,0,90,50,635.94
1784852409406,1,98,58,579.26
1784852409546,0,90,50,633.16
1784852409546,1,95,56,605.13
1784852409686,0,98,60,676.08
1784852409686,1,95,56,608.64
1784852409825,0,98,60,671.16
1784852409825,1,99,65,601.94
1784852409965,0,98,60,671.92
1784852409965,1,95,63,581.12
1784852410103,0,98,60,662.41
1784852410103,1,95,63,570.22
1784852410243,0,89,50,666.16
1784852410243,1,91,54,562.34
1784852410381,0,91,47,660.85
1784852410381,1,94,52,566.44
1784852410522,0,91,47,671.78
1784852410522,1,94,52,557.60
1784852410661,0,98,58,675.81
1784852410661,1,98,65,546.00
1784852410802,0,98,59,683.37
1784852410802,1,100,68,549.40
1784852410942,0,98,59,684.10
1784852410942,1,100,67,561.07
1784852411083,0,98,59,686.32
1784852411083,1,100,67,554.78
1784852411222,0,93,52,687.98
1784852411222,1,96,61,542.65
1784852411362,0,90,46,690.25
1784852411362,1,100,68,517.32
1784852411501,0,90,46,690.30
1784852411501,1,100,68,516.47
1784852411641,0,98,57,688.15
1784852411641,1,96,62,512.23
1784852411779,0,98,58,690.33
1784852411779,1,90,57,512.08
1784852411917,0,98,58,691.65
1784852411917,1,90,57,512.41
1784852412057,0,98,58,693.45
1784852412057,1,100,66,499.83
1784852412197,0,90,50,692.53
1784852412197,1,96,60,495.71
1784852412336,0,90,50,688.93
1784852412336,1,96,60,493.12
1784852412475,0,91,47,682.09
1784852412475,1,93,58,500.13
1784852412613,0,98,59,683.46
1784852412613,1,91,54,504.17
1784852412752,0,98,59,681.24
1784852412752,1,93,59,498.61
1784852412891,0,98,59,672.57
1784852412891,1,93,59,497.82
1784852413030,0,98,59,675.04
1784852413030,1,99,62,512.48
1784852413170,0,93,52,677.94
1784852413170,1,98,57,529.92
1784852413306,0,93,52,624.34
1784852413306,1,98,57,534.43
1784852413443,0,0,0,576.03
1784852413443,1,95,57,550.96
1784852413580,0,61,34,505.33
1784852413580,1,100,58,557.19
1784852413721,0,61,34,507.04
1784852413721,1,100,58,566.29
1784852413862,0,94,51,500.76
1784852413862,1,96,52,591.85
1784852414002,0,98,58,500.18
1784852414002,1,100,63,584.36
1784852414142,0,98,58,495.97
1784852414142,1,97,60,575.29
1784852414282,0,98,59,545.02
1784852414282,1,97,60,573.57
1784852414420,0,98,59,596.38
1784852414420,1,100,68,564.37
1784852414559,0,98,59,657.24
1784852414559,1,100,69,549.15
1784852414698,0,94,52,677.26
1784852414698,1,100,69,550.33
1784852414837,0,98,53,685.97
1784852414837,1,99,65,536.72
1784852414976,0,98,59,681.73
1784852414976,1,96,62,526.00
1784852415116,0,98,59,687.16
1784852415116,1,96,62,521.50
1784852415257,0,98,59,690.11
1784852415257,1,97,62,528.20
1784852415398,0,98,58,688.87
1784852415398,1,99,64,535.80
1784852415538,0,98,58,689.14
1784852415538,1,99,64,551.37
1784852415676,0,94,52,673.44
1784852415676,1,100,61,562.30
1784852415814,0,98,51,681.87
1784852415814,1,92,53,564.85
1784852415954,0,98,51,679.99
1784852415954,1,95,54,590.29
1784852416093,0,98,58,683.94
1784852416093,1,95,54,596.32
1784852416232,0,98,57,685.22
1784852416232,1,100,62,604.49
1784852416372,0,98,58,686.33
1784852416372,1,100,69,582.10
1784852416511,0,98,58,684.67
1784852416511,1,100,69,569.32
1784852416650,0,94,51,685.60
1784852416650,1,86,55,576.90
1784852416789,0,98,53,687.91
1784852416789,1,99,53,578.04
1784852416929,0,98,53,690.73
1784852416929,1,99,53,587.41
1784852417067,0,98,57,692.28
1784852417067,1,100,61,588.96
1784852417205,0,98,58,689.01
1784852417205,1,98,54,593.36
1784852417343,0,98,58,690.03
1784852417343,1,91,54,609.80
1784852417481,0,98,56,683.79
1784852417481,1,91,54,612.74
1784852417621,0,95,53,686.03
1784852417621,1,99,64,605.83
1784852417760,0,95,53,681.05
1784852417760,1,94,63,586.24
1784852417899,0,92,50,676.47
1784852417899,1,94,63,566.52
1784852418045,0,98,59,672.84
1784852418045,1,100,67,550.97
1784852418184,0,98,59,670.40
1784852418184,1,100,66,536.59
1784852418324,0,98,59,666.25
1784852418324,1,100,66,534.17
1784852418463,0,98,59,676.56
1784852418463,1,98,65,540.92
1784852418602,0,94,52,676.73
1784852418602,1,86,54,536.77
1784852418742,0,94,52,679.53
1784852418742,1,87,46,557.06
1784852418882,0,93,51,685.09
1784852418882,1,87,46,567.88
1784852419020,0,98,57,691.04
1784852419020,1,99,65,565.35
1784852419159,0,98,57,690.15
1784852419159,1,99,62,570.16
1784852419299,0,98,58,693.96
1784852419299,1,99,62,579.91
1784852419438,0,98,56,691.72
1784852419438,1,98,62,578.74
1784852419577,0,94,52,687.42
1784852419577,1,95,58,584.42
1784852419715,0,94,52,682.47
1784852419715,1,95,58,592.06
1784852419854,0,92,50,685.32
1784852419854,1,100,62,588.42
1784852419994,0,98,59,678.25
1784852419994,1,96,61,592.36
1784852420133,0,98,59,681.55
1784852420133,1,96,61,587.73
1784852420272,0,98,58,678.38
1784852420272,1,95,63,592.79
1784852420411,0,98,59,682.20
1784852420411,1,87,55,588.21
1784852420551,0,98,59,684.27
1784852420551,1,100,61,593.42
1784852420691,0,94,52,684.06
1784852420691,1,100,61,582.39
1784852420830,0,92,48,680.87
1784852420830,1,94,60,576.50
1784852420968,0,98,58,680.59
1784852420968,1,96,62,564.70
1784852421107,0,98,58,678.26
1784852421107,1,96,62,569.37
1784852421254,0,98,57,655.50
1784852421254,1,100,66,555.62
1784852421429,0,66,39,638.56
1784852421429,1,56,39,534.47
1784852421570,0,89,52,639.45
1784852421570,1,98,52,545.65
1784852421710,0,89,52,644.41
1784852421710,1,98,52,543.37
1784852421850,0,90,48,657.19
1784852421850,1,100,66,544.62
1784852421987,0,98,58,658.86
1784852421987,1,91,59,547.18
1784852422127,0,98,58,656.12
1784852422127,1,91,59,555.08
1784852422267,0,98,59,673.92
1784852422267,1,100,59,552.18
1784852422406,0,98,59,696.82
1784852422406,1,99,67,572.20
1784852422545,0,98,59,696.68
1784852422545,1,99,66,553.00
1784852422685,0,89,51,692.07
1784852422685,1,99,66,549.31
1784852422825,0,90,48,681.41
1784852422825,1,100,66,541.26
1784852422965,0,98,57,689.87
1784852422965,1,92,54,547.89
1784852423105,0,98,57,690.79
1784852423105,1,92,54,544.36
1784852423246,0,98,58,691.22
1784852423246,1,100,55,544.00
1784852423387,0,98,56,687.44
1784852423387,1,100,69,548.22
1784852423524,0,98,56,684.85
1784852423524,1,100,69,563.22
1784852423664,0,89,50,682.24
1784852423664,1,100,56,565.23
1784852423803,0,96,50,689.69
1784852423803,1,96,58,579.07
1784852423944,0,96,50,688.35
1784852423944,1,96,58,588.36
1784852424085,0,98,57,685.72
1784852424085,1,100,61,579.27
1784852424224,0,98,56,688.15
1784852424224,1,96,64,567.40
1784852424364,0,98,56,691.20
1784852424364,1,100,66,573.68
1784852424504,0,98,56,701.44
1784852424504,1,100,66,560.46
1784852424643,0,89,52,702.24
1784852424643,1,97,60,567.64
1784852424782,0,95,52,702.37
1784852424782,1,91,55,564.69
1784852424924,0,95,52,688.73
1784852424924,1,91,55,559.19
1784852425063,0,98,58,685.10
1784852425063,1,98,58,563.56
1784852425203,0,98,58,688.27
1784852425203,1,100,63,575.52
1784852425341,0,98,58,687.91
1784852425341,1,100,63,582.17
1784852425480,0,98,58,682.79
1784852425480,1,93,51,599.76
1784852425620,0,89,52,683.12
1784852425620,1,99,62,597.97
1784852425760,0,89,52,685.71
1784852425760,1,100,64,589.86
1784852425900,0,95,53,691.80
1784852425900,1,100,64,581.71
1784852426040,0,98,59,696.22
1784852426040,1,99,66,573.55
1784852426179,0,98,58,692.08
1784852426179,1,95,55,586.18
1784852426318,0,98,58,692.16
1784852426318,1,95,55,582.71
1784852426459,0,98,59,690.11
1784852426459,1,96,62,573.09
1784852426599,0,89,53,692.80
1784852426599,1,97,62,567.93
1784852426739,0,89,53,688.49
1784852426739,1,97,62,564.87
1784852426879,0,95,52,684.25
1784852426879,1,94,63,553.68
1784852427019,0,98,57,683.04
1784852427019,1,100,70,558.65
1784852427159,0,98,57,685.23
1784852427159,1,99,65,542.71
1784852427299,0,98,58,687.14
1784852427299,1,99,65,532.78
1784852427439,0,98,59,688.31
1784852427439,1,96,65,527.40
1784852427578,0,90,53,684.95
1784852427578,1,95,52,527.78
1784852427717,0,90,53,687.02
1784852427717,1,95,52,518.21
1784852427857,0,94,52,690.74
1784852427857,1,100,68,517.83
1784852427997,0,98,57,697.10
1784852427997,1,100,67,509.39
1784852428136,0,98,57,697.88
1784852428136,1,100,67,525.54
1784852428276,0,98,58,692.84
1784852428276,1,100,59,516.55
1784852428414,0,98,56,694.66
1784852428414,1,97,63,525.95
1784852428554,0,98,56,693.53
1784852428554,1,98,63,527.65
1784852428692,0,91,52,693.20
1784852428692,1,98,63,547.63
1784852428832,0,95,52,690.11
1784852428832,1,96,53,549.32
1784852428971,0,98,58,690.47
1784852428971,1,100,65,552.45
1784852429112,0,98,58,689.92
1784852429112,1,100,65,534.59
1784852429250,0,98,58,691.62
1784852429250,1,99,64,534.30
1784852429389,0,98,57,696.41
1784852429389,1,99,63,545.26
1784852429528,0,98,57,695.46
1784852429528,1,99,63,553.59
1784852429669,0,89,54,695.31
1784852429669,1,100,51,565.29
1784852429809,0,95,54,697.44
1784852429809,1,92,52,565.40
1784852429948,0,95,54,694.05
1784852429948,1,95,58,585.20
1784852430087,0,98,59,685.03
1784852430087,1,95,58,597.42
1784852430227,0,98,60,683.45
1784852430227,1,100,68,594.70
1784852430365,0,98,60,677.96
1784852430365,1,89,53,601.61
1784852430516,0,98,60,674.84
1784852430516,1,89,53,594.56
1784852430655,0,90,55,676.05
1784852430655,1,98,60,583.31
1784852430794,0,95,53,678.27
1784852430794,1,93,52,589.50
1784852430933,0,95,53,680.40
1784852430933,1,93,52,590.49
1784852431073,0,98,58,682.83
1784852431073,1,96,57,577.24
1784852431213,0,98,60,686.52
1784852431213,1,93,57,606.61
1784852431353,0,98,60,683.95
1784852431353,1,98,63,590.42
1784852431491,0,98,59,685.34
1784852431491,1,98,63,584.72
1784852431629,0,90,54,683.89
1784852431629,1,93,52,587.77
1784852431768,0,90,54,680.91
1784852431768,1,91,52,585.45
1784852431907,0,95,52,674.70
1784852431907,1,91,52,580.51
1784852432047,0,98,58,680.84
1784852432047,1,100,68,574.69
1784852432187,0,98,59,681.31
1784852432187,1,96,64,551.03
1784852432329,0,98,59,686.52
1784852432329,1,96,64,541.90
1784852432467,0,98,58,687.05
1784852432467,1,100,68,535.86
1784852432608,0,88,53,688.10
1784852432608,1,96,60,533.20
1784852432747,0,88,53,690.50
1784852432747,1,96,60,527.49
1784852432887,0,95,52,685.82
1784852432887,1,95,60,509.04
1784852433027,0,98,59,679.80
1784852433027,1,98,63,509.94
1784852433167,0,98,59,677.04
1784852433167,1,93,59,505.59
1784852433308,0,98,58,683.12
1784852433308,1,93,59,504.89
1784852433447,0,98,58,680.42
1784852433447,1,100,66,503.11
1784852433586,0,98,67,677.22
1784852433586,1,100,66,491.28
1784852433731,0,98,67,649.45
1784852433731,1,100,66,484.20
1784852433867,0,18,14,599.51
1784852433867,1,94,63,446.33
1784852434002,0,0,0,516.86
1784852434002,1,55,37,411.94
1784852434136,0,0,0,461.77
1784852434136,1,55,37,379.32
1784852434269,0,0,0,397.55
1784852434269,1,0,0,303.64
1784852434403,0,0,0,290.49
1784852434403,1,5,1,270.86
1784852434535,0,0,0,238.00
1784852434535,1,5,1,238.87
1784852434673,0,62,10,188.36
1784852434673,1,1,0,169.51
1784852434805,0,0,0,148.36
1784852434805,1,0,0,178.47
1784852434941,0,0,0,138.82
1784852434941,1,0,0,231.37
1784852435075,0,0,0,136.68
1784852435075,1,100,48,349.13
1784852435209,0,0,0,136.29
1784852435209,1,100,46,391.12
1784852435344,0,0,0,135.97
1784852435344,1,100,46,425.91
1784852435480,0,0,0,135.38
1784852435480,1,90,53,525.73
1784852435616,0,0,0,133.16
1784852435616,1,96,54,580.35
1784852435754,0,0,0,132.23
1784852435754,1,99,64,593.05
1784852436012,0,0,0,132.05
1784852436012,1,84,57,577.90
1784852436148,0,0,0,131.93
1784852436148,1,84,57,572.25
1784852436285,0,0,0,131.60
1784852436285,1,99,56,579.24
1784852436421,0,0,0,131.51
1784852436421,1,93,53,569.55
1784852436559,0,0,0,131.43
1784852436559,1,95,56,564.61
1784852436696,0,0,0,131.20
1784852436696,1,95,56,561.79
1784852436833,0,0,0,131.12
1784852436833,1,86,47,565.44
1784852436969,0,0,0,131.01
1784852436969,1,97,56,604.46
1784852437106,0,0,0,130.79
1784852437106,1,97,56,593.24
1784852437241,0,0,0,130.69
1784852437241,1,96,57,595.50
1784852437378,0,0,0,130.52
1784852437378,1,100,60,595.73
1784852437523,0,0,0,176.16
1784852437523,1,100,60,588.67
1784852437662,0,95,54,236.31
1784852437662,1,97,65,580.10
1784852437803,0,98,55,342.56
1784852437803,1,95,57,584.30
1784852437943,0,98,55,396.17
1784852437943,1,95,57,569.86
1784852438083,0,98,58,509.45
1784852438083,1,100,68,536.00
1784852438223,0,98,59,565.99
1784852438223,1,100,69,528.71
1784852438363,0,98,59,625.26
1784852438363,1,100,67,508.45
1784852438502,0,94,57,687.92
1784852438502,1,100,67,509.92
1784852438641,0,94,52,688.42
1784852438641,1,89,46,515.77
1784852438778,0,98,53,688.49
1784852438778,1,94,56,517.52
1784852438919,0,98,53,694.89
1784852438919,1,94,56,528.27
1784852439059,0,98,58,689.43
1784852439059,1,98,55,554.12
1784852439199,0,98,58,693.03
1784852439199,1,94,54,564.20
1784852439337,0,98,58,689.65
1784852439337,1,94,54,566.60
1784852439475,0,92,55,686.03
1784852439475,1,96,60,583.93
1784852439616,0,95,53,680.62
1784852439616,1,100,60,575.24
1784852439759,0,95,53,667.31
1784852439759,1,97,63,570.54
1784852439902,0,98,58,659.60
1784852439902,1,97,63,564.09
1784852440041,0,98,60,661.02
1784852440041,1,100,64,560.65
1784852440179,0,98,61,652.95
1784852440179,1,92,50,566.14
1784852440320,0,98,61,647.77
1784852440320,1,92,50,568.51
1784852440460,0,92,58,644.56
1784852440460,1,100,67,542.77
1784852440598,0,94,53,652.81
1784852440598,1,94,55,553.29
1784852440737,0,94,53,656.74
1784852440737,1,94,55,562.66
1784852440876,0,98,57,662.48
1784852440876,1,98,59,564.07
1784852441014,0,98,60,666.62
1784852441014,1,79,42,566.71
1784852441154,0,98,60,666.80
1784852441154,1,99,63,556.36
1784852441294,0,98,60,670.71
1784852441294,1,99,63,554.55
1784852441434,0,91,57,672.60
1784852441434,1,94,57,552.24
1784852441573,0,91,57,676.81
1784852441573,1,97,52,561.56
1784852441712,0,94,54,677.33
1784852441712,1,97,52,561.91
1784852441851,0,98,60,679.23
1784852441851,1,98,57,558.20
1784852441989,0,98,60,676.78
1784852441989,1,90,56,550.91
1784852442129,0,98,60,676.83
1784852442129,1,90,56,547.91
1784852442269,0,98,60,674.94
1784852442269,1,96,56,561.85
1784852442407,0,90,54,677.09
1784852442407,1,95,60,562.96
1784852442547,0,90,54,678.11
1784852442547,1,95,60,563.20
1784852442685,0,94,52,678.56
1784852442685,1,93,57,556.26
1784852442825,0,98,58,682.34
1784852442825,1,97,56,548.38
1784852442963,0,98,58,687.28
1784852442963,1,97,62,548.52
1784852443103,0,98,59,690.37
1784852443103,1,97,62,554.03
1784852443243,0,98,58,691.12
1784852443243,1,95,60,545.45
1784852443382,0,90,53,690.20
1784852443382,1,98,63,544.89
1784852443521,0,90,53,685.71
1784852443521,1,98,63,547.73
1784852443661,0,95,52,685.13
1784852443661,1,94,52,545.04
1784852443801,0,98,58,671.70
1784852443801,1,99,64,550.66
1784852443941,0,98,58,666.66
1784852443941,1,99,64,543.82
1784852444081,0,98,59,658.58
1784852444081,1,98,64,544.28
1784852444221,0,98,59,658.10
1784852444221,1,97,63,543.84
1784852444361,0,98,59,653.96
1784852444361,1,100,67,534.94
1784852444501,0,89,53,650.82
1784852444501,1,100,67,523.64
1784852444641,0,95,50,651.64
1784852444641,1,100,65,521.28
1784852444780,0,98,59,658.97
1784852444780,1,100,66,492.45
1784852444919,0,98,59,660.42
1784852444919,1,100,66,491.33
1784852445059,0,98,59,662.49
1784852445059,1,100,68,484.31
1784852445199,0,98,59,664.96
1784852445199,1,93,61,483.83
1784852445338,0,98,59,664.77
1784852445338,1,93,61,484.73
1784852445478,0,88,51,668.47
1784852445478,1,91,53,496.27
1784852445616,0,90,48,668.14
1784852445616,1,92,55,498.48
1784852445755,0,90,48,671.23
1784852445755,1,95,55,532.82
1784852445894,0,98,57,681.58
1784852445894,1,95,55,541.05
1784852446032,0,98,58,681.70
1784852446032,1,97,60,536.11
1784852446171,0,98,58,688.90
1784852446171,1,100,68,544.62
1784852446311,0,98,56,691.18
1784852446311,1,100,68,551.62
1784852446449,0,89,52,695.36
1784852446449,1,94,50,558.59
1784852446590,0,90,48,700.29
1784852446590,1,97,58,561.88
1784852446729,0,90,48,694.32
1784852446729,1,97,58,554.10
1784852446868,0,98,58,692.18
1784852446868,1,100,68,526.43
1784852447009,0,98,59,690.35
1784852447009,1,99,67,528.72
1784852447148,0,98,59,689.96
1784852447148,1,99,67,527.03
1784852447289,0,98,59,686.73
1784852447289,1,95,61,536.29
1784852447429,0,88,52,683.02
1784852447429,1,98,61,535.92
1784852447569,0,88,52,679.01
1784852447569,1,95,60,525.87
1784852447708,0,90,49,674.28
1784852447708,1,95,60,537.69
1784852447847,0,98,59,673.36
1784852447847,1,92,57,538.25
1784852447986,0,98,58,682.52
1784852447986,1,99,58,570.23
1784852448124,0,98,58,676.68
1784852448124,1,99,58,574.34
1784852448263,0,98,59,682.75
1784852448263,1,99,66,554.43
1784852448404,0,88,51,682.76
1784852448404,1,99,65,550.36
1784852448545,0,88,51,683.06
1784852448545,1,99,65,550.32
1784852448686,0,90,48,682.26
1784852448686,1,95,60,536.07
1784852448826,0,98,59,677.03
1784852448826,1,100,67,540.36
1784852448965,0,98,59,677.72
1784852448965,1,97,59,507.33
1784852449106,0,98,60,674.70
1784852449106,1,97,59,506.73
1784852449246,0,98,59,672.27
1784852449246,1,92,52,506.29
1784852449385,0,90,51,671.19
1784852449385,1,94,59,511.67
1784852449525,0,90,51,674.48
1784852449525,1,94,59,521.00
1784852449673,0,90,46,638.59
1784852449673,1,99,57,511.82
1784852449831,0,83,50,636.77
1784852449831,1,69,46,517.27
1784852449971,0,83,50,629.91
1784852449971,1,100,56,530.63
1784852450111,0,98,58,634.35
1784852450111,1,100,56,541.05
1784852450252,0,97,58,635.41
1784852450252,1,99,54,545.19
1784852450391,0,90,54,639.68
1784852450391,1,97,63,538.27
1784852450530,0,90,54,642.08
1784852450530,1,97,63,536.82
1784852450668,0,95,53,653.04
1784852450668,1,98,59,553.36
1784852450808,0,98,59,685.00
1784852450808,1,98,63,562.47
1784852450950,0,98,59,690.76
1784852450950,1,98,63,545.50
1784852451091,0,98,59,686.32
1784852451091,1,98,64,535.44
1784852451230,0,98,59,688.22
1784852451230,1,98,64,529.15
1784852451369,0,98,59,683.78
1784852451369,1,99,64,521.01
1784852451510,0,90,54,681.06
1784852451510,1,99,64,522.99
1784852451648,0,95,52,679.52
1784852451648,1,99,56,520.33
1784852451788,0,98,58,677.99
1784852451788,1,98,66,513.34
1784852451927,0,98,58,674.86
1784852451927,1,98,66,513.20
1784852452065,0,98,59,674.24
1784852452065,1,95,59,527.15
1784852452205,0,98,59,668.14
1784852452205,1,100,67,528.55
1784852452345,0,98,59,666.59
1784852452345,1,100,67,527.15
1784852452485,0,88,52,662.76
1784852452485,1,100,69,527.33
1784852452624,0,95,51,659.56
1784852452624,1,96,57,522.63
1784852452763,0,95,51,664.27
1784852452763,1,98,65,521.84
1784852452903,0,98,58,669.28
1784852452903,1,98,65,512.11
1784852453044,0,98,58,674.71
1784852453044,1,100,62,504.45
1784852453184,0,98,58,675.69
1784852453184,1,93,57,506.45
1784852453324,0,98,58,682.29
1784852453324,1,93,57,506.33
1784852453463,0,89,52,687.83
1784852453463,1,94,58,513.09
1784852453604,0,95,52,682.25
1784852453604,1,94,60,512.83
1784852453742,0,95,52,681.79
1784852453742,1,94,60,506.36
1784852453882,0,98,60,688.11
1784852453882,1,95,61,511.24
1784852454020,0,98,59,685.98
1784852454020,1,93,61,503.96
1784852454159,0,98,59,689.25
1784852454159,1,97,63,506.19
1784852454299,0,98,60,685.30
1784852454299,1,97,63,511.51
1784852454439,0,88,51,687.54
1784852454439,1,92,57,504.48
1784852454580,0,88,51,683.15
1784852454580,1,98,58,503.76
1784852454719,0,89,49,670.36
1784852454719,1,98,58,503.41
1784852454857,0,98,61,663.44
1784852454857,1,94,60,514.22
1784852454997,0,98,60,651.04
1784852454997,1,90,56,515.99
1784852455137,0,98,60,643.25
1784852455137,1,90,56,522.05
1784852455277,0,98,61,641.85
1784852455277,1,96,57,518.99
1784852455416,0,87,50,632.78
1784852455416,1,98,62,525.00
1784852455556,0,87,50,632.91
1784852455556,1,98,62,511.57
1784852455694,0,91,47,652.90
1784852455694,1,98,66,522.46
1784852455833,0,98,59,657.49
1784852455833,1,95,61,522.80
1784852455972,0,98,59,666.51
1784852455972,1,96,53,552.21
1784852456113,0,98,58,679.55
1784852456113,1,96,53,560.08
1784852456252,0,98,58,681.47
1784852456252,1,94,53,579.65
1784852456392,0,93,52,682.76
1784852456392,1,99,64,579.85
1784852456531,0,93,52,686.48
1784852456531,1,99,64,577.14
1784852456669,0,91,47,684.44
1784852456669,1,98,64,593.84
1784852456807,0,98,58,681.45
1784852456807,1,97,59,592.11
1784852456946,0,98,58,680.81
1784852456946,1,97,59,590.80
1784852457085,0,98,57,681.24
1784852457085,1,93,55,562.46
1784852457224,0,98,58,684.56
1784852457224,1,97,63,553.67
1784852457362,0,98,58,689.56
1784852457362,1,93,55,556.11
1784852457501,0,94,52,685.49
1784852457501,1,93,55,566.54
1784852457641,0,91,46,683.82
1784852457641,1,98,61,560.78
1784852457780,0,98,59,681.89
1784852457780,1,95,61,542.98
1784852457923,0,98,59,682.28
1784852457923,1,95,61,542.95
1784852458063,0,98,58,680.20
1784852458063,1,98,60,554.09
1784852458204,0,98,58,678.73
1784852458204,1,99,56,546.11
1784852458342,0,98,58,676.66
1784852458342,1,99,56,542.71
1784852458481,0,94,53,684.80
1784852458481,1,100,64,546.05
1784852458622,0,91,44,679.64
1784852458622,1,99,62,551.91
1784852458761,0,91,44,675.55
1784852458761,1,95,57,562.39
1784852458902,0,98,60,675.08
1784852458902,1,95,57,571.39
1784852459043,0,98,60,676.94
1784852459043,1,99,57,583.26
1784852459183,0,98,60,675.38
1784852459183,1,100,68,574.70
1784852459322,0,98,60,674.61
1784852459322,1,100,68,564.61
1784852459462,0,95,53,672.36
1784852459462,1,99,65,550.31
1784852459600,0,0,0,593.32
1784852459600,1,97,64,546.55
1784852459738,0,0,0,543.64
1784852459738,1,97,64,536.34
1784852459877,0,32,18,523.78
1784852459877,1,100,67,526.90
1784852460017,0,98,58,508.62
1784852460017,1,96,62,534.10
1784852460156,0,98,58,517.37
1784852460156,1,96,62,538.84
1784852460296,0,98,58,519.88
1784852460296,1,97,56,530.24
1784852460435,0,98,58,518.28
1784852460435,1,92,60,530.66
1784852460574,0,98,58,544.36
1784852460574,1,95,63,526.02
1784852460713,0,90,54,647.43
1784852460713,1,95,63,531.41
1784852460853,0,95,53,684.29
1784852460853,1,94,60,523.68
1784852460993,0,98,59,679.14
1784852460993,1,99,61,525.47
1784852461132,0,98,59,679.63
1784852461132,1,99,61,509.74
1784852461271,0,98,58,679.74
1784852461271,1,94,62,506.03
1784852461410,0,98,59,679.66
1784852461410,1,98,64,505.19
1784852461548,0,98,59,678.17
1784852461548,1,98,64,504.65
1784852461687,0,91,53,674.27
1784852461687,1,94,61,511.46
1784852461827,0,95,53,672.41
1784852461827,1,99,58,515.45
1784852461966,0,95,53,676.12
1784852461966,1,100,63,520.53
1784852462108,0,98,59,678.19
1784852462108,1,100,63,525.72
1784852462247,0,98,60,673.30
1784852462247,1,97,62,524.56
1784852462385,0,98,60,675.72
1784852462385,1,100,67,525.82
1784852462525,0,98,60,672.78
1784852462525,1,100,67,522.46
1784852462664,0,89,54,677.98
1784852462664,1,100,68,508.90
1784852462803,0,95,53,686.43
1784852462803,1,97,66,500.98
1784852462944,0,95,53,685.83
1784852462944,1,97,66,483.07
1784852463084,0,98,60,683.61
1784852463084,1,98,68,469.62
1784852463223,0,98,60,679.66
1784852463223,1,100,68,478.22
1784852463364,0,98,60,681.81
1784852463364,1,95,59,504.68
1784852463504,0,98,60,677.46
1784852463504,1,95,59,516.01
1784852463644,0,90,53,677.93
1784852463644,1,97,58,524.60
1784852463785,0,96,50,663.15
1784852463785,1,98,54,554.46
1784852463922,0,96,50,669.75
1784852463922,1,98,54,572.71
1784852464065,0,98,58,634.28
1784852464065,1,98,56,572.83
1784852464233,0,74,43,632.62
1784852464233,1,9,5,565.97
1784852464373,0,74,43,634.37
1784852464373,1,98,62,551.51
1784852464513,0,98,57,643.76
1784852464513,1,98,62,553.10
1784852464662,0,98,57,645.61
1784852464662,1,95,58,552.65
1784852464803,0,95,53,651.34
1784852464803,1,100,64,546.48
1784852464943,0,95,53,657.43
1784852464943,1,100,64,531.68
1784852465082,0,98,53,656.52
1784852465082,1,100,69,539.11
1784852465221,0,98,58,694.65
1784852465221,1,96,57,554.71
1784852465362,0,98,58,692.86
1784852465362,1,96,57,552.11
1784852465502,0,98,58,685.12
1784852465502,1,100,63,555.62
1784852465642,0,98,58,684.66
1784852465642,1,99,59,550.75
1784852465781,0,98,58,685.34
1784852465781,1,98,55,559.00
1784852465921,0,95,52,676.02
1784852465921,1,98,55,571.10
1784852466060,0,98,53,670.72
1784852466060,1,97,58,578.69
1784852466200,0,98,59,669.28
1784852466200,1,95,59,595.62
1784852466339,0,98,59,663.72
1784852466339,1,95,59,595.91
1784852466479,0,98,59,665.33
1784852466479,1,99,63,594.02
1784852466618,0,94,58,653.42
1784852466618,1,100,68,596.96
1784852466757,0,94,58,659.42
1784852466757,1,100,68,579.60
1784852466895,0,95,52,662.45
1784852466895,1,96,63,584.08
1784852467034,0,98,56,664.65
1784852467034,1,95,57,590.66
1784852467173,0,98,56,664.64
1784852467173,1,100,62,587.49
1784852467316,0,98,59,663.61
1784852467316,1,100,62,580.38
1784852467455,0,98,59,662.08
1784852467455,1,99,65,569.81
1784852467596,0,90,55,662.35
1784852467596,1,94,60,569.24
1784852467737,0,90,55,664.07
1784852467737,1,94,60,571.40
1784852467877,0,95,52,664.18
1784852467877,1,98,64,555.92
1784852468016,0,98,58,661.41
1784852468016,1,96,61,545.34
1784852468156,0,98,58,665.78
1784852468156,1,96,61,531.84
1784852468296,0,98,59,668.98
1784852468296,1,97,60,521.38
1784852468435,0,98,59,670.50
1784852468435,1,97,63,526.13
1784852468574,0,98,59,670.44
1784852468574,1,96,55,533.54
1784852468715,0,90,54,665.54
1784852468715,1,96,55,535.54
1784852468854,0,95,52,664.61
1784852468854,1,95,53,544.38
1784852468994,0,98,59,663.95
1784852468994,1,95,58,543.68
1784852469134,0,98,59,658.83
1784852469134,1,95,58,556.27
1784852469274,0,98,59,659.22
1784852469274,1,96,53,568.93
1784852469413,0,98,59,656.53
1784852469413,1,100,64,572.11
1784852469553,0,98,59,656.97
1784852469553,1,100,64,564.79
1784852469694,0,89,53,661.05
1784852469694,1,98,65,556.59
1784852469833,0,95,51,661.53
1784852469833,1,95,59,547.23
1784852469972,0,95,51,666.48
1784852469972,1,97,62,547.82
1784852470112,0,98,59,670.76
1784852470112,1,97,62,537.83
1784852470251,0,98,58,673.29
1784852470251,1,94,58,530.00
1784852470390,0,98,58,675.91
1784852470390,1,96,60,531.73
1784852470529,0,98,59,678.23
1784852470529,1,96,60,542.17
1784852470669,0,89,52,682.17
1784852470669,1,92,53,547.53
1784852470810,0,94,51,668.13
1784852470810,1,99,65,545.20
1784852470950,0,94,51,668.77
1784852470950,1,99,65,546.82
1784852471091,0,98,59,680.00
1784852471091,1,97,59,554.55
1784852471232,0,98,58,677.61
1784852471232,1,98,64,555.15
1784852471372,0,98,58,682.01
1784852471372,1,99,67,552.94
1784852471510,0,98,58,679.68
1784852471510,1,99,67,552.74
1784852471649,0,89,52,675.62
1784852471649,1,95,55,542.98
1784852471789,0,96,51,682.08
1784852471789,1,93,51,573.70
1784852471930,0,96,51,689.26
1784852471930,1,93,51,585.57
1784852472070,0,98,59,684.46
1784852472070,1,98,59,591.95
1784852472210,0,98,59,684.13
1784852472210,1,96,54,601.39
1784852472349,0,98,59,683.56
1784852472349,1,96,54,612.84
1784852472489,0,98,60,683.95
1784852472489,1,97,60,597.34
1784852472630,0,89,53,697.54
1784852472630,1,95,56,609.70
1784852472769,0,89,53,697.27
1784852472769,1,99,62,599.02
1784852472908,0,96,52,685.89
1784852472908,1,99,62,583.55
1784852473048,0,98,60,688.59
1784852473048,1,98,64,580.54
1784852473187,0,98,60,690.81
1784852473187,1,96,59,559.57
1784852473329,0,98,60,691.53
1784852473329,1,96,59,559.65
1784852473470,0,98,60,689.15
1784852473470,1,95,54,564.59
1784852473608,0,89,52,684.04
1784852473608,1,100,65,568.69
1784852473749,0,89,52,679.70
1784852473749,1,100,65,560.45
1784852473889,0,90,49,672.76
1784852473889,1,98,61,566.16
1784852474029,0,98,58,672.90
1784852474029,1,99,63,568.40
1784852474168,0,98,58,669.77
1784852474168,1,100,65,569.08
1784852474308,0,98,59,663.85
1784852474308,1,100,65,558.86
1784852474448,0,98,58,666.42
1784852474448,1,100,67,541.19
1784852474589,0,98,58,655.47
1784852474589,1,99,62,543.69
1784852474729,0,88,51,669.05
1784852474729,1,99,62,534.92
1784852474868,0,91,49,677.30
1784852474868,1,100,68,516.71
1784852475008,0,98,59,690.66
1784852475008,1,100,65,509.33
1784852475147,0,98,59,693.17
1784852475147,1,100,65,508.10
1784852475288,0,98,59,696.94
1784852475288,1,93,57,509.74
1784852475428,0,98,58,700.84
1784852475428,1,92,55,529.23
1784852475568,0,98,58,706.02
1784852475568,1,97,60,527.53
1784852475707,0,94,53,703.81
1784852475707,1,97,60,538.48
1784852475847,0,91,45,692.40
1784852475847,1,97,58,546.37
1784852475987,0,91,45,682.63
1784852475987,1,98,64,560.41
1784852476127,0,98,59,678.41
1784852476127,1,98,64,566.56
1784852476267,0,98,58,672.49
1784852476267,1,98,62,575.21
1784852476406,0,98,59,668.70
1784852476406,1,100,63,564.66
1784852476546,0,98,59,665.46
1784852476546,1,100,63,580.38
1784852476687,0,94,53,667.31
1784852476687,1,99,53,581.22
1784852476836,0,85,43,658.80
1784852476836,1,98,63,529.28
1784852477007,0,98,60,629.04
1784852477007,1,99,55,545.68
1784852477147,0,98,60,633.91
1784852477147,1,99,55,549.70
1784852477288,0,98,59,634.17
1784852477288,1,100,63,552.87
1784852477427,0,98,59,635.50
1784852477427,1,98,57,540.87
1784852477566,0,98,59,639.52
1784852477566,1,98,57,522.22
1784852477706,0,89,53,630.09
1784852477706,1,99,61,516.97
1784852477845,0,96,50,647.62
1784852477845,1,96,56,528.65
1784852477986,0,96,50,677.74
1784852477986,1,96,58,555.76
1784852478127,0,98,58,681.18
1784852478127,1,96,58,559.16
1784852478266,0,98,58,688.02
1784852478266,1,99,58,579.06
1784852478405,0,98,58,691.75
1784852478405,1,100,63,565.61
1784852478545,0,98,58,692.90
1784852478545,1,100,63,564.84
1784852478686,0,89,52,694.46
1784852478686,1,97,62,551.67
1784852478827,0,95,51,681.54
1784852478827,1,100,68,537.97
1784852478966,0,95,51,677.86
1784852478966,1,100,68,529.77
1784852479107,0,98,59,682.67
1784852479107,1,99,68,515.68
1784852479247,0,98,58,675.96
1784852479247,1,97,59,495.82
1784852479387,0,98,58,677.80
1784852479387,1,97,61,512.22
1784852479525,0,98,59,666.48
1784852479525,1,97,61,504.92
1784852479665,0,89,51,668.65
1784852479665,1,98,61,507.97
1784852479804,0,89,48,668.65
1784852479804,1,95,54,527.19
1784852479944,0,89,48,680.22
1784852479944,1,95,54,540.10
1784852480085,0,98,58,682.37
1784852480085,1,97,57,568.75
1784852480224,0,98,57,685.89
1784852480224,1,97,57,578.30
1784852480364,0,98,57,684.81
1784852480364,1,97,57,562.92
1784852480501,0,98,58,686.42
1784852480501,1,85,48,583.72
1784852480640,0,88,51,688.15
1784852480640,1,94,52,589.38
1784852480780,0,88,51,689.38
1784852480780,1,98,57,595.07
1784852480918,0,90,48,687.54
1784852480918,1,98,57,598.69
1784852481056,0,98,57,689.79
1784852481056,1,98,63,604.91
1784852481194,0,98,57,687.89
1784852481194,1,98,55,602.47
1784852481336,0,98,58,686.35
1784852481336,1,98,55,604.41
1784852481475,0,98,56,687.98
1784852481475,1,96,57,597.05
1784852481615,0,89,51,691.60
1784852481615,1,96,56,600.97
1784852481754,0,89,51,690.67
1784852481754,1,96,56,603.47
1784852481893,0,96,50,690.92
1784852481893,1,100,65,597.90
1784852482032,0,98,59,676.18
1784852482032,1,100,67,587.59
1784852482172,0,98,59,675.69
1784852482172,1,97,60,575.63
1784852482312,0,98,59,670.59
1784852482312,1,97,60,572.26
1784852482451,0,98,59,670.19
1784852482451,1,96,61,563.20
1784852482590,0,98,59,662.27
1784852482590,1,98,66,559.52
1784852482730,0,88,51,661.25
1784852482730,1,98,66,547.77
1784852482869,0,90,48,660.64
1784852482869,1,100,69,541.91
1784852483008,0,98,58,678.16
1784852483008,1,100,66,533.47
1784852483148,0,98,58,673.43
1784852483148,1,100,66,537.60
1784852483287,0,98,57,681.57
1784852483287,1,99,62,535.78
1784852483427,0,98,58,680.83
1784852483427,1,99,62,532.95
1784852483566,0,98,58,680.58
1784852483566,1,99,62,543.94
1784852483706,0,88,51,689.37
1784852483706,1,98,61,552.31
1784852483844,0,90,50,685.58
1784852483844,1,98,58,564.32
1784852483983,0,90,50,681.42
1784852483983,1,98,60,579.86
1784852484123,0,98,60,687.28
1784852484123,1,98,60,584.36
1784852484261,0,98,59,682.33
1784852484261,1,93,54,588.05
1784852484401,0,98,59,684.92
1784852484401,1,98,59,595.87
1784852484540,0,98,59,682.72
1784852484540,1,98,59,589.09
1784852484679,0,87,49,683.32
1784852484679,1,98,65,580.44
1784852484818,0,91,47,683.96
1784852484818,1,96,62,582.41
1784852484957,0,91,47,686.43
1784852484957,1,96,62,587.13
1784852485097,0,98,58,682.23
1784852485097,1,100,61,581.91
1784852485236,0,98,58,685.76
1784852485236,1,99,52,591.08
1784852485374,0,98,58,685.10
1784852485374,1,93,59,592.92
1784852485514,0,98,58,685.40
1784852485514,1,93,59,591.99
1784852485655,0,94,52,687.05
1784852485655,1,99,61,594.65
1784852485794,0,94,52,683.04
1784852485794,1,100,68,604.61
1784852485936,0,91,47,684.71
1784852485936,1,100,68,599.58
1784852486074,0,98,57,682.84
1784852486074,1,100,60,600.15
1784852486212,0,98,57,685.93
1784852486212,1,97,62,585.25
1784852486351,0,98,57,687.61
1784852486351,1,97,62,578.20
1784852486490,0,98,56,690.92
1784852486490,1,99,67,574.43
1784852486629,0,88,51,689.28
1784852486629,1,98,61,573.58
1784852486768,0,88,51,689.39
1784852486768,1,98,61,560.22
1784852486906,0,90,49,680.83
1784852486906,1,99,65,556.40
1784852487045,0,98,60,677.28
1784852487045,1,96,63,545.23
1784852487184,0,98,60,675.84
1784852487184,1,97,64,524.34
1784852487324,0,98,60,670.21
1784852487324,1,97,64,519.36
1784852487462,0,98,60,663.64
1784852487462,1,90,51,518.03
1784852487602,0,91,52,662.78
1784852487602,1,97,63,521.60
1784852487743,0,91,52,668.73
1784852487743,1,97,63,516.60
1784852487883,0,91,48,672.03
1784852487883,1,100,63,530.72
1784852488021,0,98,60,673.37
1784852488021,1,99,58,548.68
1784852488160,0,98,60,671.09
1784852488160,1,99,58,567.65
1784852488299,0,98,61,671.95
1784852488299,1,100,64,587.47
1784852488439,0,98,60,674.20
1784852488439,1,94,56,594.02
1784852488581,0,98,60,675.88
1784852488581,1,98,49,605.67
1784852488721,0,94,53,671.22
1784852488721,1,98,49,609.26
1784852488862,0,92,46,665.66
1784852488862,1,100,59,616.71
1784852489002,0,98,60,668.18
1784852489002,1,95,62,599.44
1784852489143,0,98,60,664.86
1784852489143,1,95,62,583.79
1784852489284,0,98,60,667.88
1784852489284,1,99,61,585.69
1784852489424,0,98,60,668.76
1784852489424,1,100,57,586.44
1784852489562,0,98,60,668.34
1784852489562,1,100,57,584.59
1784852489701,0,94,53,662.08
1784852489701,1,96,59,579.32
1784852489841,0,92,47,664.13
1784852489841,1,93,57,571.47
1784852489980,0,92,47,665.59
1784852489980,1,96,59,580.99
1784852490121,0,98,59,667.95
1784852490121,1,96,59,591.14
1784852490262,0,98,60,669.48
1784852490262,1,100,64,584.75
1784852490401,0,98,59,663.65
1784852490401,1,100,67,559.17
1784852490542,0,98,59,670.93
1784852490542,1,100,67,565.76
1784852490681,0,94,53,673.69
1784852490681,1,92,47,573.48
1784852490819,0,91,50,680.25
1784852490819,1,95,61,570.13
1784852490958,0,91,50,684.96
1784852490958,1,95,61,583.28
1784852491099,0,98,58,683.10
1784852491099,1,100,62,579.53
1784852491249,0,87,51,667.92
1784852491249,1,66,36,576.64
1784852491411,0,81,48,638.66
1784852491411,1,95,61,547.90
1784852491551,0,81,48,632.77
1784852491551,1,95,61,554.05
1784852491690,0,89,52,631.19
1784852491690,1,97,51,552.38
1784852491828,0,96,50,629.71
1784852491828,1,96,55,563.25
1784852491968,0,96,50,619.25
1784852491968,1,96,55,549.73
1784852492107,0,97,59,607.23
1784852492107,1,100,58,560.82
1784852492249,0,97,60,613.68
1784852492249,1,100,64,558.83
1784852492389,0,97,60,653.21
1784852492389,1,100,64,604.25
1784852492527,0,98,60,645.48
1784852492527,1,100,64,601.37
1784852492669,0,88,51,654.22
1784852492669,1,96,62,585.98
1784852492809,0,90,48,652.00
1784852492809,1,98,61,572.11
1784852492950,0,90,48,657.77
1784852492950,1,98,61,566.65
1784852493089,0,98,59,664.40
1784852493089,1,98,63,542.82
1784852493230,0,98,59,674.16
1784852493230,1,99,63,536.59
1784852493369,0,98,59,681.00
1784852493369,1,99,63,543.48
1784852493509,0,98,59,682.35
1784852493509,1,98,65,528.15
1784852493649,0,89,49,677.60
1784852493649,1,96,55,540.55
1784852493789,0,89,49,672.16
1784852493789,1,99,58,546.72
1784852493929,0,91,47,679.31
1784852493929,1,99,58,563.15
1784852494068,0,98,59,672.39
1784852494068,1,97,62,568.01
1784852494208,0,98,58,674.58
1784852494208,1,97,59,583.42
1784852494348,0,98,58,668.81
1784852494348,1,97,59,575.47
1784852494488,0,98,58,673.22
1784852494488,1,100,64,583.01
1784852494631,0,94,53,677.86
1784852494631,1,99,64,567.38
1784852494772,0,94,53,680.61
1784852494772,1,99,64,561.48
1784852494910,0,91,46,669.49
1784852494910,1,100,65,546.14
1784852495049,0,98,60,675.92
1784852495049,1,100,61,548.19
1784852495190,0,98,60,675.64
1784852495190,1,100,64,538.24
1784852495331,0,98,59,674.68
1784852495331,1,100,64,537.33
1784852495472,0,98,59,671.92
1784852495472,1,97,61,535.28
1784852495612,0,94,54,672.09
1784852495612,1,88,49,545.19
1784852495752,0,94,54,674.41
1784852495752,1,88,49,551.69
1784852495892,0,91,48,681.12
1784852495892,1,92,53,561.70
1784852496034,0,98,60,681.89
1784852496034,1,95,56,563.70
1784852496174,0,98,60,684.43
1784852496174,1,95,56,569.34
1784852496314,0,98,60,676.95
1784852496314,1,95,57,571.46
1784852496453,0,98,60,681.34
1784852496453,1,95,61,564.94
1784852496593,0,98,60,682.28
1784852496593,1,100,63,575.88
1784852496732,0,94,54,677.26
1784852496732,1,100,63,578.51
1784852496871,0,92,48,671.47
1784852496871,1,100,60,579.14
1784852497008,0,98,59,676.08
1784852497008,1,98,62,579.60
1784852497147,0,98,59,667.89
1784852497147,1,98,62,572.21
1784852497287,0,98,60,670.59
1784852497287,1,100,66,575.18
1784852497427,0,98,60,673.24
1784852497427,1,100,68,575.46
1784852497566,0,98,60,671.02
1784852497566,1,100,68,568.91
1784852497706,0,94,52,664.68
1784852497706,1,100,59,551.20
1784852497846,0,92,48,674.35
1784852497846,1,100,62,538.37
1784852497985,0,92,48,682.52
1784852497985,1,100,65,520.96
1784852498126,0,98,57,686.48
1784852498126,1,100,65,514.40
1784852498266,0,98,57,691.45
1784852498266,1,98,62,517.77
1784852498406,0,98,57,685.73
1784852498406,1,99,67,509.49
1784852498548,0,98,57,686.48
1784852498548,1,99,67,508.36
1784852498689,0,94,52,686.36
1784852498689,1,96,55,511.40
1784852498828,0,92,46,681.39
1784852498828,1,96,60,505.40
1784852498968,0,92,46,675.79
1784852498968,1,96,60,501.58
1784852499109,0,98,58,674.30
1784852499109,1,100,64,522.70
1784852499248,0,98,58,670.72
1784852499248,1,95,52,534.59
1784852499387,0,98,58,669.74
1784852499387,1,97,60,549.57
1784852499527,0,98,58,678.15
1784852499527,1,97,60,569.22
1784852499666,0,88,51,652.62
1784852499666,1,99,56,565.29
1784852499807,0,0,0,550.80
1784852499807,1,100,58,587.32
1784852499944,0,0,0,515.73
1784852499944,1,100,58,594.18
1784852500083,0,78,45,521.94
1784852500083,1,97,61,595.28
1784852500222,0,98,58,515.92
1784852500222,1,100,61,592.00
1784852500361,0,98,58,522.91
1784852500361,1,100,61,605.05
1784852500499,0,98,58,521.33
1784852500499,1,100,64,608.99
1784852500641,0,98,58,540.18
1784852500641,1,100,65,606.25
1784852500780,0,98,58,595.93
1784852500780,1,100,65,596.61
1784852500921,0,90,54,692.04
1784852500921,1,99,64,594.95
1784852501059,0,95,53,688.29
1784852501059,1,99,61,594.16
1784852501198,0,95,53,681.01
1784852501198,1,96,59,584.72
1784852501337,0,98,58,684.34
1784852501337,1,96,59,579.09
1784852501476,0,98,58,684.03
1784852501476,1,100,65,575.21
1784852501617,0,98,58,683.08
1784852501617,1,98,62,556.70
1784852501757,0,98,58,678.78
1784852501757,1,98,62,552.68
1784852501896,0,90,54,682.07
1784852501896,1,99,64,545.65
1784852502037,0,95,54,687.87
1784852502037,1,96,60,542.63
1784852502175,0,95,54,690.89
1784852502175,1,96,60,536.10
1784852502314,0,98,59,686.97
1784852502314,1,100,66,516.68
1784852502453,0,98,59,687.88
1784852502453,1,97,60,518.92
1784852502594,0,98,59,682.44
1784852502594,1,94,56,523.38
1784852502735,0,98,59,684.01
1784852502735,1,94,56,517.59
1784852502875,0,90,55,687.64
1784852502875,1,100,68,515.00
1784852503015,0,95,53,684.78
1784852503015,1,100,65,519.95
1784852503154,0,95,53,677.30
1784852503154,1,100,65,538.86
1784852503293,0,98,59,674.98
1784852503293,1,99,64,547.69
1784852503433,0,98,60,673.52
1784852503433,1,99,59,550.15
1784852503573,0,98,60,677.31
1784852503573,1,99,59,565.59
1784852503712,0,98,59,677.01
1784852503712,1,98,62,567.00
1784852503851,0,90,55,672.79
1784852503851,1,98,59,575.53
1784852503988,0,90,55,670.89
1784852503988,1,100,66,574.79
1784852504128,0,95,54,682.25
1784852504128,1,100,66,564.41
1784852504269,0,98,59,684.11
1784852504269,1,99,66,563.66
1784852504409,0,98,58,688.32
1784852504409,1,98,64,558.41
1784852504550,0,98,58,685.79
1784852504550,1,98,64,540.80
1784852504690,0,98,59,688.79
1784852504690,1,97,64,531.12
1784852504829,0,89,53,687.44
1784852504829,1,94,57,525.94
1784852504970,0,89,53,688.55
1784852504970,1,94,57,534.19
1784852505110,0,95,53,683.16
1784852505110,1,100,67,523.15
1784852505250,0,98,59,685.20
1784852505250,1,100,64,526.18
1784852505390,0,98,59,678.91
1784852505390,1,99,57,537.86
1784852505531,0,97,60,676.97
1784852505531,1,99,57,539.32
1784852505671,0,97,54,667.20
1784852505671,1,99,64,542.39
1784852505812,0,98,69,651.78
1784852505812,1,99,62,547.34
1784852505957,0,98,69,613.78
1784852505957,1,99,62,538.92
1784852506095,0,9,7,570.28
1784852506095,1,17,9,491.65
1784852506229,0,1,0,470.49
1784852506229,1,5,4,453.71
1784852506364,0,1,0,420.42
1784852506364,1,5,4,414.46
1784852506499,0,0,0,363.12
1784852506499,1,0,0,326.56
1784852506634,0,27,4,262.90
1784852506634,1,34,15,292.67
1784852506770,0,27,4,220.02
1784852506770,1,34,15,278.91
1784852506906,0,0,0,176.51
1784852506906,1,83,49,260.90
1784852507042,0,0,0,146.65
1784852507042,1,100,53,302.65
1784852507177,0,0,0,137.22
1784852507177,1,100,53,346.74
1784852507311,0,0,0,135.97
1784852507311,1,100,46,464.93
1784852507445,0,0,0,135.56
1784852507445,1,100,47,524.86
1784852507581,0,0,0,135.26
1784852507581,1,100,47,583.51
1784852507717,0,0,0,132.59
1784852507717,1,100,60,630.75
1784852507855,0,0,0,132.42
1784852507855,1,98,62,638.47
1784852507993,0,0,0,132.20
1784852507993,1,90,47,643.30
1784852508130,0,0,0,131.88
1784852508130,1,90,47,611.80
1784852508268,0,0,0,131.68
1784852508268,1,91,52,596.36
1784852508404,0,0,0,131.48
1784852508404,1,100,68,543.86
1784852508541,0,0,0,131.07
1784852508541,1,100,68,521.24
1784852508679,0,0,0,130.91
1784852508679,1,100,69,507.80
1784852508817,0,0,0,130.51
1784852508817,1,100,68,497.77
1784852508953,0,0,0,130.33
1784852508953,1,100,68,509.84
1784852509090,0,0,0,130.16
1784852509090,1,98,59,504.93
1784852509226,0,0,0,129.89
1784852509226,1,99,59,507.09
1784852509363,0,0,0,129.77
1784852509363,1,99,59,511.35
1784852509503,0,40,23,180.13
1784852509503,1,100,65,513.30
1784852509643,0,95,54,290.20
1784852509643,1,98,64,517.01
1784852509781,0,95,54,341.92
1784852509781,1,98,64,518.57
1784852509920,0,98,58,453.60
1784852509920,1,100,68,502.23
1784852510061,0,98,58,510.97
1784852510061,1,100,68,494.29
1784852510199,0,98,58,557.18
1784852510199,1,96,62,491.44
1784852510341,0,98,58,671.49
1784852510341,1,96,62,484.58
1784852510480,0,89,51,682.09
1784852510480,1,99,65,480.84
1784852510620,0,90,50,678.27
1784852510620,1,97,67,474.94
1784852510761,0,90,50,687.08
1784852510761,1,97,67,476.15
1784852510902,0,98,59,691.66
1784852510902,1,96,61,501.37
1784852511051,0,98,58,684.62
1784852511051,1,100,61,512.60
1784852511227,0,48,29,638.91
1784852511227,1,52,33,462.28
1784852511368,0,48,29,645.89
1784852511368,1,52,33,490.38
1784852511508,0,91,55,638.18
1784852511508,1,100,66,507.05
1784852511649,0,95,55,645.10
1784852511649,1,99,65,507.87
1784852511788,0,95,55,637.59
1784852511788,1,100,53,530.58
1784852511928,0,98,60,627.67
1784852511928,1,100,53,529.46
1784852512068,0,98,61,629.00
1784852512068,1,99,56,536.72
1784852512209,0,98,60,674.42
1784852512209,1,96,54,598.73
1784852512349,0,98,60,675.42
1784852512349,1,96,54,580.35
1784852512487,0,90,56,673.89
1784852512487,1,99,61,598.74
1784852512626,0,94,53,668.79
1784852512626,1,100,66,602.07
1784852512764,0,94,53,670.26
1784852512764,1,100,66,604.54
1784852512903,0,98,58,677.11
1784852512903,1,100,69,578.96
1784852513044,0,98,59,684.45
1784852513044,1,97,60,575.95
1784852513185,0,98,59,681.09
1784852513185,1,97,60,574.70
1784852513324,0,98,59,681.96
1784852513324,1,100,66,563.54
1784852513465,0,89,53,683.69
1784852513465,1,98,62,559.18
1784852513605,0,89,53,683.55
1784852513605,1,100,62,549.84
1784852513745,0,95,51,679.68
1784852513745,1,100,62,542.66
1784852513886,0,98,58,680.99
1784852513886,1,100,66,541.55
1784852514026,0,98,58,678.29
1784852514026,1,98,66,526.82
1784852514166,0,98,58,683.35
1784852514166,1,98,66,523.52
1784852514307,0,98,58,679.86
1784852514307,1,100,69,526.78
1784852514448,0,89,52,680.41
1784852514448,1,100,63,528.63
1784852514588,0,89,52,681.90
1784852514588,1,100,56,540.80
1784852514734,0,94,49,673.04
1784852514734,1,100,56,541.53
1784852514874,0,98,59,670.89
1784852514874,1,98,63,542.12
1784852515014,0,98,59,671.09
1784852515014,1,99,60,551.70
1784852515154,0,98,59,664.14
1784852515154,1,99,60,559.03
1784852515292,0,98,59,668.03
1784852515292,1,100,61,566.70
1784852515431,0,89,54,665.25
1784852515431,1,95,54,575.72
1784852515571,0,89,54,663.48
1784852515571,1,95,54,578.74
1784852515712,0,96,50,681.43
1784852515712,1,95,62,551.76
1784852515852,0,98,58,678.84
1784852515852,1,96,57,568.11
1784852515992,0,98,58,683.96
1784852515992,1,94,57,564.46
1784852516132,0,98,58,685.57
1784852516132,1,94,57,562.41
1784852516272,0,97,58,683.49
1784852516272,1,100,59,564.80
1784852516411,0,97,58,628.47
1784852516411,1,90,57,546.07
1784852516549,0,30,18,576.23
1784852516549,1,90,57,538.90
1784852516685,0,0,0,524.03
1784852516685,1,100,68,536.28
1784852516825,0,94,53,526.10
1784852516825,1,96,62,539.78
1784852516965,0,94,53,513.92
1784852516965,1,96,62,546.25
1784852517104,0,98,44,508.14
1784852517104,1,100,67,532.32
1784852517246,0,98,58,508.21
1784852517246,1,98,65,516.50
1784852517385,0,98,58,515.80
1784852517385,1,98,65,521.97
1784852517525,0,98,59,629.97
1784852517525,1,99,63,540.16
1784852517665,0,98,59,675.02
1784852517665,1,100,63,546.94
1784852517805,0,98,59,684.77
1784852517805,1,100,65,549.29
1784852517945,0,95,53,681.96
1784852517945,1,100,65,544.19
1784852518084,0,92,47,688.79
1784852518084,1,95,59,550.25
1784852518224,0,98,59,682.10
1784852518224,1,100,67,550.82
1784852518365,0,98,59,678.68
1784852518365,1,100,67,548.33
1784852518504,0,98,59,676.17
1784852518504,1,99,65,534.44
1784852518645,0,98,60,670.66
1784852518645,1,94,56,535.13
1784852518785,0,98,60,675.07
1784852518785,1,94,56,516.02
1784852518926,0,95,53,661.46
1784852518926,1,99,63,522.99
1784852519066,0,95,51,666.51
1784852519066,1,100,67,517.95
1784852519206,0,95,51,669.41
1784852519206,1,100,68,510.20
1784852519345,0,98,60,670.82
1784852519345,1,100,68,511.91
1784852519485,0,98,60,666.06
1784852519485,1,100,69,506.15
1784852519625,0,98,60,664.97
1784852519625,1,100,70,492.43
1784852519765,0,98,60,665.59
1784852519765,1,100,70,497.51
1784852519905,0,95,53,665.01
1784852519905,1,100,68,488.08
1784852520045,0,98,55,679.21
1784852520045,1,100,66,487.21
1784852520187,0,98,55,676.74
1784852520187,1,100,66,489.41
1784852520327,0,97,59,683.91
1784852520327,1,96,63,508.98
1784852520472,0,98,59,685.88
1784852520472,1,100,57,525.26
1784852520612,0,98,59,687.22
1784852520612,1,94,55,544.67
1784852520752,0,91,54,688.90
1784852520752,1,94,55,549.48
1784852520893,0,94,53,691.54
1784852520893,1,100,62,570.22
1784852521034,0,98,57,674.33
1784852521034,1,100,67,573.64
1784852521175,0,98,57,678.75
1784852521175,1,100,67,578.98
1784852521315,0,98,59,672.48
1784852521315,1,99,57,590.35
1784852521456,0,98,59,673.30
1784852521456,1,98,58,588.72
1784852521596,0,98,59,671.93
1784852521596,1,93,57,585.61
1784852521737,0,91,55,670.32
1784852521737,1,93,57,590.29
1784852521877,0,95,54,668.87
1784852521877,1,100,67,585.49
1784852522019,0,98,60,668.66
1784852522019,1,100,65,588.31
1784852522159,0,98,60,667.01
1784852522159,1,100,65,585.17
1784852522300,0,98,60,664.88
1784852522300,1,93,54,566.80
1784852522441,0,98,61,659.96
1784852522441,1,98,61,566.54
1784852522581,0,98,61,661.74
1784852522581,1,98,61,565.97
1784852522721,0,90,55,668.86
1784852522721,1,100,65,570.78
1784852522862,0,95,53,657.56
1784852522862,1,100,66,569.75
1784852523012,0,95,53,663.53
1784852523012,1,97,61,568.86
1784852523153,0,98,60,673.07
1784852523153,1,97,61,571.05
1784852523293,0,98,59,678.50
1784852523293,1,98,59,581.69
1784852523433,0,98,59,688.48
1784852523433,1,100,68,574.11
1784852523573,0,98,59,687.80
1784852523573,1,100,68,575.55
1784852523714,0,90,55,683.90
1784852523714,1,100,67,559.52
1784852523853,0,95,54,678.62
1784852523853,1,99,62,561.12
1784852523992,0,95,54,688.48
1784852523992,1,91,54,548.18
1784852524136,0,98,60,679.85
1784852524136,1,91,54,549.73
1784852524276,0,98,60,678.02
1784852524276,1,98,56,556.45
1784852524415,0,98,60,672.05
1784852524415,1,100,65,560.11
1784852524556,0,98,60,667.05
1784852524556,1,100,65,548.75
1784852524703,0,88,53,673.39
1784852524703,1,100,66,553.24
1784852524843,0,96,53,682.18
1784852524843,1,97,64,545.52
1784852524984,0,96,53,684.30
1784852524984,1,97,64,538.79
1784852525124,0,98,60,686.17
1784852525124,1,100,60,544.18
1784852525263,0,98,61,684.58
1784852525263,1,98,66,518.34
1784852525403,0,98,61,686.93
1784852525403,1,98,68,506.03
1784852525543,0,98,60,683.82
1784852525543,1,98,68,526.83
1784852525682,0,89,53,681.68
1784852525682,1,100,68,523.01
1784852525824,0,90,50,672.06
1784852525824,1,90,49,526.77
1784852525964,0,90,50,675.83
1784852525964,1,90,49,534.63
1784852526105,0,98,60,674.21
1784852526105,1,100,65,531.52
1784852526244,0,98,61,675.19
1784852526244,1,100,65,535.75
1784852526384,0,98,61,676.86
1784852526384,1,100,65,556.04
1784852526524,0,98,60,675.23
1784852526524,1,97,58,545.69
1784852526663,0,88,51,676.40
1784852526663,1,100,66,547.48
1784852526803,0,88,51,677.40
1784852526803,1,100,68,542.09
1784852526943,0,91,49,683.06
1784852526943,1,100,68,537.56
1784852527084,0,98,59,688.30
1784852527084,1,100,64,534.36
1784852527224,0,98,58,690.36
1784852527224,1,98,64,529.28
1784852527364,0,98,58,690.58
1784852527364,1,98,64,528.86
1784852527505,0,98,58,689.62
1784852527505,1,99,59,534.12
1784852527645,0,87,51,689.76
1784852527645,1,96,56,542.59
1784852527785,0,87,51,689.44
1784852527785,1,96,56,549.54
1784852527926,0,91,49,688.27
1784852527926,1,97,57,581.49
1784852528066,0,98,58,689.47
1784852528066,1,93,55,592.62
1784852528207,0,98,58,687.73
1784852528207,1,100,66,609.62
1784852528346,0,98,59,691.02
1784852528346,1,100,66,604.86
1784852528485,0,98,58,694.72
1784852528485,1,100,69,594.98
1784852528624,0,88,50,694.28
1784852528624,1,100,69,581.91
1784852528764,0,88,50,694.30
1784852528764,1,100,69,574.15
1784852528903,0,91,48,681.99
1784852528903,1,100,57,551.39
1784852529043,0,98,59,671.87
1784852529043,1,98,63,546.70
1784852529194,0,98,59,666.97
1784852529194,1,41,28,503.27
1784852529357,0,72,43,611.09
1784852529357,1,41,28,475.84
1784852529497,0,98,59,612.92
1784852529497,1,100,56,491.95
1784852529637,0,90,55,608.76
1784852529637,1,98,53,509.60
1784852529778,0,90,55,608.95
1784852529778,1,98,53,502.92
1784852529917,0,95,54,626.10
1784852529917,1,98,61,504.43
1784852530057,0,97,59,624.84
1784852530057,1,100,64,508.99
1784852530197,0,97,59,625.60
1784852530197,1,87,50,531.68
1784852530338,0,97,60,674.91
1784852530338,1,87,50,567.30
1784852530478,0,98,60,674.82
1784852530478,1,97,60,557.18
1784852530619,0,90,56,680.89
1784852530619,1,98,56,557.17
1784852530760,0,90,56,679.13
1784852530760,1,98,56,565.30
1784852530901,0,95,54,669.35
1784852530901,1,100,66,567.21
1784852531040,0,98,59,674.79
1784852531040,1,99,60,572.53
1784852531180,0,98,59,676.47
1784852531180,1,99,60,572.82
1784852531321,0,98,60,680.93
1784852531321,1,99,64,579.21
1784852531462,0,98,60,676.74
1784852531462,1,98,61,579.76
1784852531600,0,98,60,675.87
1784852531600,1,100,68,564.58
1784852531739,0,90,54,679.70
1784852531739,1,100,68,557.64
1784852531879,0,95,53,665.14
1784852531879,1,100,64,556.49
1784852532018,0,95,53,667.65
1784852532018,1,99,63,545.84
1784852532157,0,98,59,661.62
1784852532157,1,99,63,549.97
1784852532296,0,98,60,659.58
1784852532296,1,98,63,542.29
1784852532435,0,98,61,657.83
1784852532435,1,100,67,541.27
1784852532575,0,98,61,650.70
1784852532575,1,100,67,538.26
1784852532716,0,90,55,654.11
1784852532716,1,99,63,539.66
1784852532855,0,95,54,668.79
1784852532855,1,99,66,542.89
1784852533004,0,95,54,676.74
1784852533004,1,98,63,551.58
1784852533145,0,98,59,687.02
1784852533145,1,98,63,553.72
1784852533285,0,98,59,688.84
1784852533285,1,90,48,554.99
1784852533425,0,98,59,693.77
1784852533425,1,100,64,557.31
1784852533565,0,98,59,695.72
1784852533565,1,100,64,570.65
1784852533704,0,90,54,695.51
1784852533704,1,100,62,577.22
1784852533844,0,95,54,688.89
1784852533844,1,100,66,576.45
1784852533985,0,95,54,681.11
1784852533985,1,100,66,571.93
1784852534124,0,98,60,676.11
1784852534124,1,98,64,573.93
1784852534264,0,98,60,673.43
1784852534264,1,100,62,562.57
1784852534405,0,98,60,675.31
1784852534405,1,98,56,564.62
1784852534545,0,98,60,664.42
1784852534545,1,98,56,553.73
1784852534685,0,89,54,667.05
1784852534685,1,100,65,552.37
1784852534824,0,96,52,669.66
1784852534824,1,95,61,550.34
1784852534963,0,96,52,678.31
1784852534963,1,95,61,566.66
1784852535102,0,98,60,677.04
1784852535102,1,100,62,576.03
1784852535242,0,98,59,682.19
1784852535242,1,98,60,581.65
1784852535382,0,98,59,681.41
1784852535382,1,98,60,580.60
1784852535523,0,98,59,690.61
1784852535523,1,98,63,573.18
1784852535665,0,89,52,690.27
1784852535665,1,90,53,583.61
1784852535805,0,89,52,686.54
1784852535805,1,99,60,604.51
1784852535944,0,95,51,675.54
1784852535944,1,99,60,577.37
1784852536084,0,98,60,681.88
1784852536084,1,99,65,572.59
1784852536223,0,98,60,680.79
1784852536223,1,99,65,560.06
1784852536362,0,98,60,679.64
1784852536362,1,99,65,561.47
1784852536503,0,98,59,680.16
1784852536503,1,98,61,560.65
1784852536643,0,88,51,685.09
1784852536643,1,100,68,553.19
1784852536783,0,88,51,692.26
1784852536783,1,100,68,547.01
1784852536922,0,91,48,678.88
1784852536922,1,95,57,545.47
1784852537061,0,98,59,672.23
1784852537061,1,99,61,549.99
1784852537202,0,98,59,668.70
1784852537202,1,97,59,558.33
1784852537344,0,98,59,659.28
1784852537344,1,97,59,566.37
1784852537483,0,98,59,654.15
1784852537483,1,98,58,563.16
1784852537622,0,98,59,646.82
1784852537622,1,99,61,574.29
1784852537762,0,91,53,644.29
1784852537762,1,99,61,579.91
1784852537902,0,91,47,650.54
1784852537902,1,91,56,562.92
1784852538041,0,98,60,666.37
1784852538041,1,99,63,566.60
1784852538181,0,98,60,672.83
1784852538181,1,99,63,563.50
1784852538320,0,98,60,681.51
1784852538320,1,100,63,551.06
1784852538465,0,98,60,688.84
1784852538465,1,100,69,541.95
1784852538604,0,98,60,691.92
1784852538604,1,98,60,541.36
1784852538746,0,94,54,682.77
1784852538746,1,98,60,528.88
1784852538884,0,92,46,682.59
1784852538884,1,99,63,530.32
1784852539024,0,98,59,684.91
1784852539024,1,100,62,529.10
1784852539164,0,98,59,684.27
1784852539164,1,100,62,520.02
1784852539304,0,98,59,685.31
1784852539304,1,100,63,510.93
1784852539444,0,98,58,683.31
1784852539444,1,93,58,524.54
1784852539583,0,98,58,680.62
1784852539583,1,93,58,531.60
1784852539722,0,93,53,680.84
1784852539722,1,100,65,542.02
1784852539863,0,91,46,680.95
1784852539863,1,100,61,543.63
1784852540002,0,91,46,681.25
1784852540002,1,100,66,543.55
1784852540142,0,98,60,671.89
1784852540142,1,100,66,558.44
1784852540282,0,98,60,667.77
1784852540282,1,100,59,562.99
1784852540422,0,98,60,669.03
1784852540422,1,98,57,581.18
1784852540562,0,98,60,669.69
1784852540562,1,98,57,571.89
1784852540702,0,95,54,672.76
1784852540702,1,99,65,580.00
1784852540841,0,92,46,682.97
1784852540841,1,100,62,576.41
1784852540981,0,92,46,682.02
1784852540981,1,100,62,582.83
1784852541121,0,98,60,687.49
1784852541121,1,94,52,590.82
1784852541260,0,98,60,689.62
1784852541260,1,96,58,592.13
1784852541400,0,98,60,691.52
1784852541400,1,92,54,586.87
1784852541540,0,98,60,687.03
1784852541540,1,92,54,595.67
1784852541679,0,94,53,682.63
1784852541679,1,97,59,592.97
1784852541818,0,94,53,674.60
1784852541818,1,97,64,576.19
1784852541958,0,92,49,679.39
1784852541958,1,97,64,570.72
1784852542097,0,98,59,681.22
1784852542097,1,100,62,561.19
1784852542237,0,98,59,681.37
1784852542237,1,95,64,545.95
1784852542376,0,98,59,681.17
1784852542376,1,95,64,537.27
1784852542515,0,98,59,677.96
1784852542515,1,100,69,520.33
1784852542654,0,94,53,692.42
1784852542654,1,100,65,515.42
1784852542792,0,94,53,694.19
1784852542792,1,100,65,513.48
1784852542932,0,92,48,694.17
1784852542932,1,97,59,526.64
1784852543070,0,98,58,689.81
1784852543070,1,95,57,531.85
1784852543210,0,98,58,692.24
1784852543210,1,98,61,542.22
1784852543350,0,98,58,686.29
1784852543350,1,98,61,555.71
1784852543489,0,98,58,686.71
1784852543489,1,98,58,562.61
1784852543628,0,95,52,678.83
1784852543628,1,100,64,566.61
1784852543767,0,95,52,674.72
1784852543767,1,100,64,578.32
1784852543911,0,92,50,676.95
1784852543911,1,94,59,563.71
1784852544050,0,98,58,677.27
1784852544050,1,99,63,565.82
1784852544189,0,98,58,673.54
1784852544189,1,99,63,576.92
1784852544328,0,98,59,677.34
1784852544328,1,100,66,567.51
1784852544468,0,97,58,673.71
1784852544468,1,97,60,562.06
1784852544607,0,97,58,673.69
1784852544607,1,96,55,573.26
1784852544747,0,94,54,675.45
1784852544747,1,96,55,577.23
1784852544887,0,98,55,680.31
1784852544887,1,98,62,580.26
1784852545027,0,98,60,679.82
1784852545027,1,95,64,575.88
1784852545166,0,98,60,681.33
1784852545166,1,95,64,573.00
1784852545305,0,98,60,679.43
1784852545305,1,100,58,593.36
1784852545455,0,98,59,657.61
1784852545455,1,76,48,575.27
1784852545618,0,98,59,622.90
1784852545618,1,82,48,538.46
1784852545757,0,68,39,631.40
1784852545757,1,82,48,527.80
1784852545898,0,90,49,625.26
1784852545898,1,94,55,530.78
1784852546038,0,98,59,632.98
1784852546038,1,99,61,534.88
1784852546178,0,98,59,632.75
1784852546178,1,99,61,537.74
1784852546318,0,98,59,636.61
1784852546318,1,98,63,507.27
1784852546457,0,98,60,652.92
1784852546457,1,98,61,519.82
1784852546597,0,98,60,691.83
1784852546597,1,98,61,558.19
1784852546736,0,88,52,663.44
1784852546736,1,100,67,560.20
1784852546874,0,5,3,611.03
1784852546874,1,100,62,558.68
1784852547013,0,5,3,554.71
1784852547013,1,95,57,575.69
1784852547152,0,0,0,489.43
1784852547152,1,95,57,573.96
1784852547292,0,93,35,487.98
1784852547292,1,99,61,572.53
1784852547432,0,98,59,491.45
1784852547432,1,100,67,573.29
1784852547572,0,98,59,504.03
1784852547572,1,100,67,570.93
1784852547713,0,98,58,506.05
1784852547713,1,94,60,574.07
1784852547852,0,98,59,590.95
1784852547852,1,100,63,571.85
1784852547992,0,98,59,633.44
1784852547992,1,100,63,560.78
1784852548131,0,94,52,685.05
1784852548131,1,100,65,538.32
1784852548271,0,92,45,685.06
1784852548271,1,100,65,535.01
1784852548411,0,92,45,680.39
1784852548411,1,100,56,543.15
1784852548550,0,98,60,676.75
1784852548550,1,100,56,549.67
1784852548690,0,98,59,675.65
1784852548690,1,98,62,547.00
1784852548830,0,98,60,661.11
1784852548830,1,100,50,556.11
1784852548969,0,98,60,666.32
1784852548969,1,100,50,564.33
1784852549108,0,94,54,669.96
1784852549108,1,100,67,577.62
1784852549247,0,92,48,684.09
1784852549247,1,100,64,579.71
1784852549398,0,92,48,684.97
1784852549398,1,100,64,581.66
1784852549536,0,98,59,692.40
1784852549536,1,94,63,574.24
1784852549675,0,98,59,690.05
1784852549675,1,100,66,586.13
1784852549814,0,98,59,691.17
1784852549814,1,94,59,575.70
1784852549953,0,98,58,692.16
1784852549953,1,94,59,584.28
1784852550092,0,95,54,687.41
1784852550092,1,98,58,589.76
1784852550231,0,92,48,680.55
1784852550231,1,100,65,595.24
1784852550371,0,92,48,679.70
1784852550371,1,100,65,599.65
1784852550515,0,98,60,680.17
1784852550515,1,98,64,612.03
1784852550655,0,98,60,675.56
1784852550655,1,95,62,598.71
1784852550796,0,98,60,679.42
1784852550796,1,95,62,585.99
1784852550935,0,98,59,681.11
1784852550935,1,95,58,584.96
1784852551074,0,94,53,686.21
1784852551074,1,92,58,578.84
1784852551214,0,94,53,688.83
1784852551214,1,100,61,585.11
1784852551356,0,92,51,698.60
1784852551356,1,100,61,580.65
1784852551497,0,98,59,695.59
1784852551497,1,100,68,572.63
1784852551637,0,98,58,699.28
1784852551637,1,96,58,579.03
1784852551778,0,98,58,692.82
1784852551778,1,96,58,581.67
1784852551917,0,98,58,691.71
1784852551917,1,98,66,565.63
1784852552056,0,95,54,683.73
1784852552056,1,100,63,566.20
1784852552195,0,95,54,680.77
1784852552195,1,100,63,556.25
1784852552335,0,92,51,680.39
1784852552335,1,92,58,547.98
1784852552475,0,98,59,681.09
1784852552475,1,94,58,552.00
1784852552615,0,98,59,683.98
1784852552615,1,99,62,554.61
1784852552753,0,98,58,685.35
1784852552753,1,99,62,564.39
1784852552891,0,98,59,684.16
1784852552891,1,95,57,576.29
1784852553031,0,94,53,686.35
1784852553031,1,98,64,577.43
1784852553170,0,94,53,683.85
1784852553170,1,98,64,579.46
1784852553309,0,92,51,681.99
1784852553309,1,97,62,578.75
1784852553449,0,98,60,680.35
1784852553449,1,100,66,580.82
1784852553590,0,98,60,673.10
1784852553590,1,100,66,593.00
1784852553730,0,98,59,674.62
1784852553730,1,96,54,581.80
1784852553870,0,98,59,674.02
1784852553870,1,100,61,575.14
1784852554010,0,98,59,675.08
1784852554010,1,100,68,581.49
1784852554150,0,94,53,677.63
1784852554150,1,100,68,579.44
1784852554289,0,98,52,673.00
1784852554289,1,99,64,580.70
1784852554430,0,98,52,674.71
1784852554430,1,100,70,569.90
1784852554569,0,98,60,676.77
1784852554569,1,100,70,563.07
1784852554709,0,98,60,671.54
1784852554709,1,85,55,563.22
1784852554864,0,91,57,678.26
1784852554864,1,100,69,554.47
1784852555003,0,91,57,676.93
1784852555003,1,100,69,547.98
1784852555143,0,95,53,673.26
1784852555143,1,98,63,554.48
1784852555285,0,98,57,679.18
1784852555285,1,97,62,551.73
1784852555424,0,98,57,685.54
1784852555424,1,100,64,565.66
1784852555565,0,98,57,684.55
1784852555565,1,100,64,569.84
1784852555706,0,98,57,686.80
1784852555706,1,98,56,574.78
1784852555845,0,91,54,687.70
1784852555845,1,100,62,581.36
1784852555985,0,91,54,686.60
1784852555985,1,100,62,584.09
1784852556124,0,95,53,680.81
1784852556124,1,100,69,572.60
1784852556265,0,98,58,679.07
1784852556265,1,97,58,583.60
1784852556405,0,98,58,675.55
1784852556405,1,97,58,576.60
1784852556546,0,98,59,678.57
1784852556546,1,100,64,575.02
1784852556687,0,98,59,679.74
1784852556687,1,99,67,565.51
1784852556828,0,98,59,680.56
1784852556828,1,100,68,552.81
1784852556969,0,91,55,682.39
1784852556969,1,100,68,543.97
1784852557109,0,95,54,677.86
1784852557109,1,90,55,540.98
1784852557249,0,98,59,694.94
1784852557249,1,100,67,527.93
1784852557388,0,98,59,696.29
1784852557388,1,100,67,529.18
1784852557527,0,98,59,698.77
1784852557527,1,100,67,522.29
1784852557668,0,98,60,699.29
1784852557668,1,100,65,521.08
1784852557808,0,98,60,697.55
1784852557808,1,93,59,510.97
1784852557948,0,90,55,694.10
1784852557948,1,93,59,510.57
1784852558087,0,95,54,691.50
1784852558087,1,97,63,506.86
1784852558227,0,95,54,683.26
1784852558227,1,100,68,499.90
1784852558366,0,98,59,683.63
1784852558366,1,100,68,492.22
1784852558506,0,98,61,679.70
1784852558506,1,100,67,487.10
1784852558645,0,98,60,678.28
1784852558645,1,93,57,500.12
1784852558786,0,98,60,675.78
1784852558786,1,93,57,496.27
1784852558926,0,90,55,677.85
1784852558926,1,94,58,503.35
1784852559066,0,95,54,676.21
1784852559066,1,95,55,509.92
1784852559204,0,95,54,682.64
1784852559204,1,95,55,536.79
1784852559345,0,98,59,681.75
1784852559345,1,100,55,555.54
1784852559487,0,98,59,684.58
1784852559487,1,98,65,565.54
1784852559626,0,98,59,678.20
1784852559626,1,100,57,570.26
1784852559768,0,98,59,683.32
1784852559768,1,100,57,583.48
1784852559909,0,90,54,683.15
1784852559909,1,97,57,590.26
1784852560049,0,95,54,677.66
1784852560049,1,100,68,583.75
1784852560189,0,95,54,679.87
1784852560189,1,100,68,581.38
1784852560331,0,98,60,679.03
1784852560331,1,99,61,566.68
1784852560472,0,98,59,681.18
1784852560472,1,100,65,570.09
1784852560610,0,98,59,684.24
1784852560610,1,100,65,553.36
1784852560749,0,98,60,676.72
1784852560749,1,100,65,565.38
1784852560890,0,89,53,682.26
1784852560890,1,98,60,555.87
1784852561029,0,89,53,684.71
1784852561029,1,81,46,555.92
1784852561168,0,95,51,686.92
1784852561168,1,81,46,541.72
1784852561308,0,98,59,684.27
1784852561308,1,98,61,551.98
1784852561449,0,98,60,674.64
1784852561449,1,100,67,549.08
1784852561588,0,98,60,675.80
1784852561588,1,100,67,553.64
1784852561729,0,98,59,671.50
1784852561729,1,96,57,551.88
1784852561869,0,88,51,670.61
1784852561869,1,97,57,559.56
1784852562010,0,88,51,672.21
1784852562010,1,97,57,559.57
1784852562150,0,90,49,657.33
1784852562150,1,100,67,571.14
1784852562291,0,98,60,659.22
1784852562291,1,99,58,580.66
1784852562431,0,98,60,653.65
1784852562431,1,93,58,575.72
1784852562570,0,98,59,651.15
1784852562570,1,93,58,567.19
1784852562748,0,96,58,603.70
1784852562748,1,78,54,505.76
1784852562885,0,65,41,599.40
1784852562885,1,77,45,511.90
1784852563026,0,65,41,600.69
1784852563026,1,100,68,511.03
1784852563165,0,95,54,613.32
1784852563165,1,100,68,517.62
1784852563304,0,98,58,615.22
1784852563304,1,98,53,513.75
1784852563444,0,98,59,627.69
1784852563444,1,99,66,518.79
1784852563583,0,98,59,633.05
1784852563583,1,99,66,522.31
1784852563723,0,98,59,659.92
1784852563723,1,99,67,563.59
1784852563863,0,93,54,681.73
1784852563863,1,99,65,559.65
1784852564003,0,93,54,684.27
1784852564003,1,99,65,560.30
1784852564143,0,94,54,684.91
1784852564143,1,99,64,553.00
1784852564284,0,98,58,682.26
1784852564284,1,100,67,538.89
1784852564424,0,98,58,679.20
1784852564424,1,99,64,532.60
1784852564564,0,98,60,677.19
1784852564564,1,99,64,534.57
1784852564704,0,98,60,673.53
1784852564704,1,100,63,537.51
1784852564845,0,90,55,682.82
1784852564845,1,100,67,532.79
1784852564986,0,90,55,677.76
1784852564986,1,100,67,522.90
1784852565126,0,95,54,674.69
1784852565126,1,100,66,523.65
1784852565265,0,98,59,678.37
1784852565265,1,98,64,525.78
1784852565404,0,98,59,679.47
1784852565404,1,98,64,527.96
1784852565544,0,98,59,680.17
1784852565544,1,98,60,523.40
1784852565682,0,98,58,684.25
1784852565682,1,92,52,532.58
1784852565822,0,98,58,682.70
1784852565822,1,99,61,544.31
1784852565961,0,90,55,687.44
1784852565961,1,99,61,546.35
1784852566101,0,94,52,681.74
1784852566101,1,94,58,550.19
1784852566239,0,98,59,679.18
1784852566239,1,99,64,541.82
1784852566378,0,98,59,672.41
1784852566378,1,99,64,552.44
1784852566518,0,98,59,676.47
1784852566518,1,100,55,561.57
1784852566658,0,98,59,673.18
1784852566658,1,100,63,558.34
1784852566797,0,98,59,673.07
1784852566797,1,100,63,551.22
1784852566937,0,88,53,670.67
1784852566937,1,99,64,551.25
1784852567077,0,95,52,666.61
1784852567077,1,98,65,546.96
1784852567216,0,95,52,670.28
1784852567216,1,97,56,578.73
1784852567356,0,98,59,674.05
1784852567356,1,97,56,574.46
1784852567495,0,98,59,674.48
1784852567495,1,97,63,563.34
1784852567636,0,98,59,676.95
1784852567636,1,98,58,575.49
1784852567776,0,98,60,681.44
1784852567776,1,98,58,582.99
1784852567917,0,88,52,686.86
1784852567917,1,99,59,584.07
1784852568056,0,95,51,691.18
1784852568056,1,100,64,584.98
1784852568197,0,95,51,690.82
1784852568197,1,100,64,573.69
1784852568336,0,98,59,690.35
1784852568336,1,98,57,577.77
1784852568475,0,98,59,689.14
1784852568475,1,93,55,579.54
1784852568615,0,98,59,686.92
1784852568615,1,95,61,577.72
1784852568755,0,98,60,685.35
1784852568755,1,95,61,592.60
1784852568896,0,88,51,678.19
1784852568896,1,100,66,588.23
1784852569035,0,88,51,671.82
1784852569035,1,93,62,576.44
1784852569175,0,90,48,677.76
1784852569175,1,93,62,583.70
1784852569315,0,98,59,679.56
1784852569315,1,98,59,570.83
1784852569457,0,98,59,680.66
1784852569457,1,97,63,566.21
1784852569598,0,98,59,679.09
1784852569598,1,97,63,566.57
1784852569739,0,98,60,679.89
1784852569739,1,100,56,558.74
1784852569879,0,94,54,680.07
1784852569879,1,100,62,566.16
1784852570020,0,94,54,671.88
1784852570020,1,99,61,582.32
1784852570160,0,91,46,679.50
1784852570160,1,99,61,579.44
1784852570301,0,98,60,676.95
1784852570301,1,100,67,570.77
1784852570441,0,98,60,677.85
1784852570441,1,100,69,571.42
1784852570582,0,98,60,677.24
1784852570582,1,100,69,565.91
1784852570721,0,98,61,672.16
1784852570721,1,94,62,542.33
1784852570860,0,94,54,675.06
1784852570860,1,90,58,537.30
1784852571000,0,94,54,677.95
1784852571000,1,90,58,536.72
1784852571140,0,92,47,676.32
1784852571140,1,100,61,543.80
1784852571282,0,98,59,671.57
1784852571282,1,100,66,549.60
1784852571422,0,98,59,672.11
1784852571422,1,93,62,543.38
1784852571563,0,98,59,670.78
1784852571563,1,93,62,543.14
1784852571702,0,98,59,672.46
1784852571702,1,88,52,558.40
1784852571842,0,94,53,680.91
1784852571842,1,98,61,577.91
1784852571981,0,94,53,677.64
1784852571981,1,98,61,575.26
1784852572121,0,93,47,683.33
1784852572121,1,100,63,572.81
1784852572260,0,98,58,688.93
1784852572260,1,98,63,579.44
1784852572399,0,98,58,691.08
1784852572399,1,98,63,590.62
1784852572539,0,98,58,694.41
1784852572539,1,99,66,599.56
1784852572680,0,98,58,691.51
1784852572680,1,100,66,588.32
1784852572820,0,98,58,688.56
1784852572820,1,98,61,585.42
1784852572960,0,94,54,685.77
1784852572960,1,98,61,588.10
1784852573100,0,92,51,690.50
1784852573100,1,92,59,578.52
1784852573239,0,92,51,686.42
1784852573239,1,99,61,572.74
1784852573378,0,98,60,684.45
1784852573378,1,99,61,565.19
1784852573519,0,98,60,683.06
1784852573519,1,98,65,558.05
1784852573658,0,98,60,682.84
1784852573658,1,97,60,564.12
1784852573798,0,98,60,685.17
1784852573798,1,97,60,553.88
1784852573937,0,94,53,688.69
1784852573937,1,98,56,555.88
1784852574077,0,99,52,684.95
1784852574077,1,99,62,562.45
1784852574216,0,99,52,689.94
1784852574216,1,100,56,574.22
1784852574356,0,98,59,689.46
1784852574356,1,100,56,572.31
1784852574496,0,98,59,687.58
1784852574496,1,100,68,572.34
1784852574637,0,98,59,687.83
1784852574637,1,99,63,566.38
1784852574776,0,93,58,687.14
1784852574776,1,99,63,560.65
1784852574914,0,94,53,679.76
1784852574914,1,98,61,562.64
1784852575054,0,98,56,674.95
1784852575054,1,97,54,570.29
1784852575194,0,98,56,671.79
1784852575194,1,97,54,564.38
1784852575333,0,98,60,667.47
1784852575333,1,99,58,566.58
1784852575473,0,98,60,663.95
1784852575473,1,98,63,575.15
1784852575613,0,98,60,662.22
1784852575613,1,98,63,574.98
1784852575752,0,89,55,670.32
1784852575752,1,100,67,590.84
1784852575892,0,94,53,662.08
1784852575892,1,97,61,594.14
1784852576032,0,94,53,667.99
1784852576032,1,98,58,600.33
1784852576173,0,98,59,674.26
1784852576173,1,98,58,598.19
1784852576313,0,98,59,677.49
1784852576313,1,100,66,591.95
1784852576453,0,98,59,684.87
1784852576453,1,100,66,579.39
1784852576593,0,98,59,675.57
1784852576593,1,100,66,590.67
1784852576736,0,98,76,650.36
1784852576736,1,100,60,560.36
1784852576873,0,33,19,560.24
1784852576873,1,33,18,524.54
1784852577007,0,33,19,514.59
1784852577007,1,33,18,483.16
1784852577144,0,0,0,401.63
1784852577144,1,0,0,386.62
1784852577279,0,0,0,348.08
1784852577279,1,0,0,348.81
1784852577419,0,0,0,290.60
1784852577419,1,73,40,298.20
1784852577557,0,78,12,186.73
1784852577557,1,73,40,271.16
1784852577694,0,0,0,158.01
1784852577694,1,70,44,248.60
1784852577829,0,0,0,149.53
1784852577829,1,99,50,324.67
1784852577964,0,0,0,137.14
1784852577964,1,99,50,377.11
1784852578098,0,0,0,136.58
1784852578098,1,100,47,436.94
1784852578232,0,0,0,136.19
1784852578232,1,100,46,553.40
1784852578367,0,0,0,134.30
1784852578367,1,100,46,606.01
1784852578502,0,0,0,132.85
1784852578502,1,100,47,635.48
1784852578639,0,0,0,132.66
1784852578639,1,99,60,671.79
1784852578776,0,0,0,132.24
1784852578776,1,99,60,672.30
1784852578912,0,0,0,131.96
1784852578912,1,97,65,648.89
1784852579049,0,0,0,131.51
1784852579049,1,94,60,609.99
1784852579185,0,0,0,131.32
1784852579185,1,94,60,588.18
1784852579322,0,0,0,131.11
1784852579322,1,100,67,546.93
1784852579458,0,0,0,130.72
1784852579458,1,96,58,524.49
1784852579595,0,0,0,130.50
1784852579595,1,96,58,524.11
1784852579732,0,0,0,130.30
1784852579732,1,100,66,510.58
1784852579869,0,0,0,130.05
1784852579869,1,100,69,505.41
1784852580005,0,0,0,129.97
1784852580005,1,100,69,491.81
1784852580142,0,0,0,129.87
1784852580142,1,100,69,497.03
1784852580279,0,0,0,129.67
1784852580279,1,98,63,498.55
1784852580417,0,0,0,129.58
1784852580417,1,98,63,506.14
1784852580563,0,0,0,129.44
1784852580563,1,100,64,506.43
1784852580730,0,0,0,129.38
1784852580730,1,46,28,467.11
1784852580866,0,0,0,129.23
1784852580866,1,99,61,469.20
1784852581003,0,0,0,129.18
1784852581003,1,99,61,471.27
1784852581142,0,0,0,129.09
1784852581142,1,98,67,472.72
1784852581279,0,0,0,128.96
1784852581279,1,100,71,462.01
1784852581420,0,0,0,162.79
1784852581420,1,99,69,445.23
1784852581561,0,74,43,278.47
1784852581561,1,99,69,443.74
1784852581702,0,92,52,325.26
1784852581702,1,93,60,471.44
1784852581841,0,92,52,372.39
1784852581841,1,100,60,504.80
1784852581981,0,98,59,490.24
1784852581981,1,100,60,510.20
1784852582120,0,98,59,546.31
1784852582120,1,99,57,522.21
1784852582261,0,98,59,657.61
1784852582261,1,97,57,540.59
1784852582401,0,98,59,678.42
1784852582401,1,97,57,552.73
1784852582541,0,91,53,679.63
1784852582541,1,97,64,573.37
1784852582682,0,91,48,684.21
1784852582682,1,100,61,579.72
1784852582822,0,91,48,689.93
1784852582822,1,100,55,585.62
1784852582962,0,98,60,695.05
1784852582962,1,100,55,585.62
1784852583101,0,98,60,695.08
1784852583101,1,100,57,587.59
1784852583240,0,98,60,693.92
1784852583240,1,100,58,588.11
1784852583380,0,98,58,697.96
1784852583380,1,100,58,585.16
1784852583520,0,94,52,699.09
1784852583520,1,100,69,579.52
1784852583661,0,92,46,687.57
1784852583661,1,98,63,575.38
1784852583800,0,92,46,688.37
1784852583800,1,98,63,566.78
1784852583938,0,98,58,689.19
1784852583938,1,96,62,563.11
1784852584078,0,98,57,685.88
1784852584078,1,100,66,549.47
1784852584216,0,98,57,687.33
1784852584216,1,100,66,544.71
1784852584357,0,98,57,689.11
1784852584357,1,100,64,527.88
1784852584495,0,95,53,684.92
1784852584495,1,100,69,525.03
1784852584636,0,95,36,660.53
1784852584636,1,100,69,513.82
1784852584789,0,95,36,653.06
1784852584789,1,100,69,508.42
1784852584928,0,98,59,649.30
1784852584928,1,100,70,502.63
1784852585068,0,98,59,641.76
1784852585068,1,97,64,498.40
1784852585207,0,98,59,637.87
1784852585207,1,97,64,495.98
1784852585348,0,98,59,627.48
1784852585348,1,97,59,514.76
1784852585489,0,89,53,627.57
1784852585489,1,95,57,519.18
1784852585628,0,89,53,641.74
1784852585628,1,100,70,516.00
1784852585766,0,91,51,661.66
1784852585766,1,100,70,517.99
1784852585905,0,98,59,666.23
1784852585905,1,99,64,534.87
1784852586044,0,98,59,670.96
1784852586044,1,99,66,530.51
1784852586182,0,98,59,679.15
1784852586182,1,99,66,537.90
1784852586322,0,98,60,680.00
1784852586322,1,100,69,535.56
1784852586463,0,88,51,688.68
1784852586463,1,98,63,534.13
1784852586604,0,88,51,688.68
1784852586604,1,98,63,538.07
1784852586746,0,91,47,691.12
1784852586746,1,99,63,544.80
1784852586884,0,98,58,691.29
1784852586884,1,99,63,530.13
1784852587024,0,98,58,694.13
1784852587024,1,100,62,530.43
1784852587165,0,98,58,691.14
1784852587165,1,100,62,527.26
1784852587304,0,98,59,694.57
1784852587304,1,99,60,518.42
1784852587445,0,98,59,697.22
1784852587445,1,98,62,510.43
1784852587584,0,95,53,690.45
1784852587584,1,98,62,521.30
1784852587724,0,92,45,680.82
1784852587724,1,97,60,523.93
1784852587865,0,98,60,679.48
1784852587865,1,100,64,530.47
1784852588006,0,98,60,673.17
1784852588006,1,100,64,533.79
1784852588144,0,98,60,675.14
1784852588144,1,98,64,527.75
1784852588286,0,98,60,669.32
1784852588286,1,100,67,535.26
1784852588424,0,98,60,673.86
1784852588424,1,100,66,532.14
1784852588565,0,95,54,669.81
1784852588565,1,100,66,525.79
1784852588705,0,92,49,680.00
1784852588705,1,99,65,510.60
1784852588847,0,92,49,682.37
1784852588847,1,100,68,496.48
1784852588986,0,98,59,682.32
1784852588986,1,100,68,490.69
1784852589126,0,98,60,684.70
1784852589126,1,100,66,498.61
1784852589266,0,98,59,682.34
1784852589266,1,100,67,490.04
1784852589405,0,98,59,678.92
1784852589405,1,100,67,489.46
1784852589546,0,95,54,674.63
1784852589546,1,100,66,481.16
1784852589684,0,93,49,681.21
1784852589684,1,99,65,487.36
1784852589823,0,93,49,676.58
1784852589823,1,99,60,503.35
1784852589962,0,98,60,684.60
1784852589962,1,99,60,512.38
1784852590101,0,98,60,681.30
1784852590101,1,97,57,512.77
1784852590240,0,98,60,685.19
1784852590240,1,100,68,503.71
1784852590380,0,98,59,688.59
1784852590380,1,100,68,506.08
1784852590521,0,95,52,689.85
1784852590521,1,100,66,508.17
1784852590661,0,93,47,680.89
1784852590661,1,100,66,519.12
1784852590801,0,93,47,689.09
1784852590801,1,100,66,531.51
1784852590940,0,98,57,689.05
1784852590940,1,98,53,546.00
1784852591081,0,98,57,688.40
1784852591081,1,98,58,546.68
1784852591219,0,98,57,687.13
1784852591219,1,98,58,556.70
1784852591358,0,98,56,683.02
1784852591358,1,98,59,586.51
1784852591498,0,95,53,680.00
1784852591498,1,92,53,591.47
1784852591656,0,98,37,665.56
1784852591656,1,100,67,586.79
1784852591796,0,98,37,665.29
1784852591796,1,100,67,579.20
1784852591935,0,98,60,659.12
1784852591935,1,99,61,563.74
1784852592075,0,98,60,655.32
1784852592075,1,99,61,561.95
1784852592214,0,98,60,654.15
1784852592214,1,99,61,554.90
1784852592354,0,98,59,656.62
1784852592354,1,100,61,557.41
1784852592493,0,95,54,659.14
1784852592493,1,100,63,564.25
1784852592631,0,95,54,675.25
1784852592631,1,100,66,578.62
1784852592770,0,93,48,680.78
1784852592770,1,100,66,579.19
1784852592909,0,98,59,686.11
1784852592909,1,100,65,578.94
1784852593048,0,98,59,681.90
1784852593048,1,100,67,576.67
1784852593188,0,98,59,687.98
1784852593188,1,100,67,574.60
1784852593328,0,98,58,684.18
1784852593328,1,99,66,549.10
1784852593469,0,95,52,688.11
1784852593469,1,100,69,543.01
1784852593610,0,95,52,683.52
1784852593610,1,100,69,528.28
1784852593751,0,92,46,681.19
1784852593751,1,98,60,533.23
1784852593891,0,98,58,680.02
1784852593891,1,100,65,520.76
1784852594030,0,98,58,685.14
1784852594030,1,99,66,532.32
1784852594171,0,98,58,684.87
1784852594171,1,99,66,536.71
1784852594309,0,98,56,683.81
1784852594309,1,98,63,542.91
1784852594448,0,98,56,681.87
1784852594448,1,100,66,543.94
1784852594589,0,95,52,680.36
1784852594589,1,100,66,553.95
1784852594730,0,92,45,680.56
1784852594730,1,99,62,541.56
1784852594869,0,98,59,680.46
1784852594869,1,98,64,550.67
1784852595009,0,98,59,673.80
1784852595009,1,98,64,542.51
1784852595148,0,98,60,674.21
1784852595148,1,100,66,551.01
1784852595288,0,98,59,671.04
1784852595288,1,94,53,550.78
1784852595427,0,98,59,672.02
1784852595427,1,100,62,569.42
1784852595567,0,95,52,673.92
1784852595567,1,100,62,553.49
1784852595707,0,98,59,676.17
1784852595707,1,96,65,544.63
1784852595847,0,98,59,671.97
1784852595847,1,100,69,543.51
1784852595986,0,98,59,666.29
1784852595986,1,100,69,547.81
1784852596126,0,98,59,663.86
1784852596126,1,100,61,534.66
1784852596268,0,90,53,661.05
1784852596268,1,96,63,529.85
1784852596405,0,90,53,664.53
1784852596405,1,96,63,525.88
1784852596545,0,95,50,665.19
1784852596545,1,97,61,548.77
1784852596684,0,98,58,666.58
1784852596684,1,99,58,559.95
1784852596825,0,98,58,665.78
1784852596825,1,99,58,561.85
1784852596964,0,97,57,666.91
1784852596964,1,99,66,564.15
1784852597103,0,98,58,664.37
1784852597103,1,99,65,555.45
1784852597243,0,98,58,667.27
1784852597243,1,99,63,568.54
1784852597382,0,89,52,677.02
1784852597382,1,99,63,562.99
1784852597522,0,96,52,682.05
1784852597522,1,98,61,556.53
1784852597662,0,98,59,676.97
1784852597662,1,100,68,528.55
1784852597801,0,98,59,687.22
1784852597801,1,100,68,531.55
1784852597941,0,98,60,686.40
1784852597941,1,96,59,527.97
1784852598082,0,98,59,695.96
1784852598082,1,100,66,532.34
1784852598223,0,98,59,691.56
1784852598223,1,100,66,527.55
1784852598363,0,89,52,685.67
1784852598363,1,100,65,527.24
1784852598502,0,90,49,680.93
1784852598502,1,98,62,524.02
1784852598641,0,90,49,682.40
1784852598641,1,99,59,540.01
1784852598781,0,98,58,670.88
1784852598781,1,99,59,545.53
1784852598922,0,98,59,675.52
1784852598922,1,96,56,542.43
1784852599062,0,98,58,669.40
1784852599062,1,100,64,541.11
1784852599202,0,98,58,672.34
1784852599202,1,100,64,531.39
1784852599343,0,89,52,672.76
1784852599343,1,100,67,533.08
1784852599482,0,0,0,622.04
1784852599482,1,98,64,526.97
1784852599620,0,0,0,575.92
1784852599620,1,98,64,510.67
1784852599757,0,6,4,524.17
1784852599757,1,98,66,491.59
1784852599896,0,98,53,512.78
1784852599896,1,100,68,481.92
1784852600035,0,98,53,519.31
1784852600035,1,97,63,476.78
1784852600174,0,98,58,522.83
1784852600174,1,97,63,477.47
1784852600313,0,98,58,532.17
1784852600313,1,94,57,490.95
1784852600453,0,98,58,565.26
1784852600453,1,96,55,499.94
1784852600592,0,97,59,625.09
1784852600592,1,96,55,504.85
1784852600732,0,95,51,677.72
1784852600732,1,98,61,511.31
1784852600874,0,98,54,687.63
1784852600874,1,99,66,521.81
1784852601014,0,98,54,687.84
1784852601014,1,99,66,521.20
1784852601153,0,98,58,685.01
1784852601153,1,99,62,520.89
1784852601293,0,98,58,683.73
1784852601293,1,100,61,529.41
1784852601434,0,98,58,681.55
1784852601434,1,99,62,520.10
1784852601574,0,95,57,685.50
1784852601574,1,99,62,518.49
1784852601714,0,95,52,691.61
1784852601714,1,100,66,516.38
1784852601852,0,95,52,690.94
1784852601852,1,96,62,512.73
1784852601993,0,98,55,681.06
1784852601993,1,96,62,516.28
1784852602133,0,98,58,683.92
1784852602133,1,100,69,512.94
1784852602272,0,98,59,678.43
1784852602272,1,100,68,494.64
1784852602412,0,98,59,682.24
1784852602412,1,100,68,492.13
1784852602552,0,91,55,679.79
1784852602552,1,98,62,516.71
1784852602692,0,95,53,683.59
1784852602692,1,98,58,516.93
1784852602831,0,95,53,681.99
1784852602831,1,100,66,521.08
1784852602973,0,98,58,661.27
1784852602973,1,100,66,509.13
1784852603136,0,46,28,622.56
1784852603136,1,12,8,491.98
1784852603276,0,98,60,619.26
1784852603276,1,96,51,518.85
1784852603416,0,98,60,615.54
1784852603416,1,96,51,519.70
1784852603556,0,97,60,611.03
1784852603556,1,100,65,510.80
1784852603696,0,94,52,610.03
1784852603696,1,93,56,510.73
1784852603835,0,94,52,612.24
1784852603835,1,97,53,536.76
1784852603975,0,92,46,627.30
1784852603975,1,97,53,556.84
1784852604114,0,98,58,669.22
1784852604114,1,90,48,594.24
1784852604253,0,98,58,680.43
1784852604253,1,97,61,580.97
1784852604391,0,98,58,684.26
1784852604391,1,97,61,588.11
1784852604532,0,98,58,685.91
1784852604532,1,98,62,584.85
1784852604671,0,94,52,681.86
1784852604671,1,99,67,587.68
1784852604811,0,94,52,680.95
1784852604811,1,99,67,590.57
1784852604950,0,92,47,683.61
1784852604950,1,96,54,581.35
1784852605090,0,98,57,693.99
1784852605090,1,100,68,567.84
1784852605230,0,98,57,689.53
1784852605230,1,100,66,552.46
1784852605371,0,98,57,692.28
1784852605371,1,100,66,541.04
1784852605510,0,98,58,688.89
1784852605510,1,97,62,542.11
1784852605650,0,98,58,690.24
1784852605650,1,100,68,530.06
1784852605790,0,94,51,690.26
1784852605790,1,100,68,522.04
1784852605930,0,92,46,687.68
1784852605930,1,96,62,507.26
1784852606070,0,98,57,687.00
1784852606070,1,98,61,507.15
1784852606210,0,98,57,687.36
1784852606210,1,98,61,506.58
1784852606351,0,98,58,683.66
1784852606351,1,100,65,506.33
1784852606490,0,98,57,686.45
1784852606490,1,98,65,503.62
1784852606630,0,98,57,690.28
1784852606630,1,98,65,502.90
1784852606770,0,94,52,689.97
1784852606770,1,98,64,520.99
1784852606910,0,92,43,679.75
1784852606910,1,96,53,526.33
1784852607050,0,92,43,671.82
1784852607050,1,100,67,519.99
1784852607190,0,98,59,664.79
1784852607190,1,100,67,541.40
1784852607330,0,98,59,662.39
1784852607330,1,100,58,547.23
1784852607471,0,98,59,655.58
1784852607471,1,99,63,559.27
1784852607611,0,98,59,653.71
1784852607611,1,99,63,575.55
1784852607751,0,95,52,658.72
1784852607751,1,100,64,573.12
1784852607889,0,92,46,666.64
1784852607889,1,100,54,585.51
1784852608030,0,92,46,674.77
1784852608030,1,100,54,593.06
1784852608170,0,98,58,683.27
1784852608170,1,100,66,586.40
1784852608309,0,98,58,687.92
1784852608309,1,100,68,588.14
1784852608449,0,98,58,686.83
1784852608449,1,95,56,586.11
1784852608590,0,98,58,693.34
1784852608590,1,95,56,573.87
1784852608729,0,94,52,693.76
1784852608729,1,96,58,585.00
1784852608868,0,93,46,687.46
1784852608868,1,95,63,555.91
1784852609009,0,93,46,679.95
1784852609009,1,95,63,558.46
1784852609150,0,98,58,682.78
1784852609150,1,100,62,551.73
1784852609292,0,97,59,669.95
1784852609292,1,100,68,548.24
1784852609431,0,97,59,669.96
1784852609431,1,100,68,550.04
1784852609572,0,98,58,658.85
1784852609572,1,100,64,541.38
1784852609712,0,94,52,654.57
1784852609712,1,98,61,536.83
1784852609851,0,94,52,650.92
1784852609851,1,95,58,545.92
1784852609991,0,92,52,668.85
1784852609991,1,95,58,537.37
1784852610130,0,98,59,663.95
1784852610130,1,100,66,538.15
1784852610270,0,98,59,675.18
1784852610270,1,100,66,531.89
1784852610411,0,98,59,672.45
1784852610411,1,100,66,526.07
1784852610551,0,98,59,679.99
1784852610551,1,100,69,526.71
1784852610690,0,95,52,687.12
1784852610690,1,99,66,519.95
1784852610830,0,95,52,685.32
1784852610830,1,99,66,514.67
1784852610969,0,92,50,674.45
1784852610969,1,100,69,500.36
1784852611109,0,98,58,680.41
1784852611109,1,100,69,493.61
1784852611249,0,98,58,682.20
1784852611249,1,100,70,488.68
1784852611388,0,98,58,682.65
1784852611388,1,100,70,488.95
1784852611529,0,98,57,683.54
1784852611529,1,100,70,484.12
1784852611667,0,95,52,687.53
1784852611667,1,100,69,476.57
1784852611807,0,95,52,689.78
1784852611807,1,100,69,479.28
1784852611946,0,93,48,686.22
1784852611946,1,99,66,476.91
1784852612086,0,98,58,689.32
1784852612086,1,100,67,485.72
1784852612226,0,98,58,687.11
1784852612226,1,100,67,484.97
1784852612367,0,98,58,692.77
1784852612367,1,100,72,492.48
1784852612506,0,98,58,691.79
1784852612506,1,100,67,488.57
1784852612645,0,98,58,690.98
1784852612645,1,100,72,488.49
1784852612787,0,95,52,682.64
1784852612787,1,100,72,488.94
1784852612927,0,93,49,677.29
1784852612927,1,100,66,482.70
1784852613066,0,98,59,666.92
1784852613066,1,98,66,482.73
1784852613206,0,98,59,656.36
1784852613206,1,98,66,504.77
1784852613347,0,98,59,652.86
1784852613347,1,100,63,510.29
1784852613489,0,98,59,639.10
1784852613489,1,99,56,523.55
1784852613631,0,98,59,639.17
1784852613631,1,99,56,539.12
1784852613771,0,95,52,631.93
1784852613771,1,100,64,541.11
1784852613910,0,98,54,640.52
1784852613910,1,98,68,549.79
1784852614050,0,98,54,646.78
1784852614050,1,100,61,562.23
1784852614188,0,98,59,650.88
1784852614188,1,100,61,557.96
1784852614328,0,98,59,653.49
1784852614328,1,100,63,569.35
1784852614468,0,94,57,650.64
1784852614468,1,100,65,543.84
1784852614608,0,94,57,652.04
1784852614608,1,100,65,532.53
1784852614754,0,95,53,655.08
1784852614754,1,100,68,539.22
1784852614893,0,98,56,659.41
1784852614893,1,99,63,530.79
1784852615033,0,98,56,660.10
1784852615033,1,99,63,534.31
1784852615173,0,98,59,669.34
1784852615173,1,97,59,520.37
1784852615312,0,98,59,669.94
1784852615312,1,100,66,513.12
1784852615451,0,98,59,679.58
1784852615451,1,98,58,538.51
1784852615590,0,90,55,684.87
1784852615590,1,98,58,551.97
1784852615730,0,95,53,686.94
1784852615730,1,100,63,557.99
1784852615870,0,98,58,687.43
1784852615870,1,100,69,549.99
1784852616010,0,98,58,690.69
1784852616010,1,100,69,546.23
1784852616150,0,98,59,683.56
1784852616150,1,95,60,538.36
1784852616291,0,98,59,683.72
1784852616291,1,100,67,541.37
1784852616429,0,98,59,676.46
1784852616429,1,100,67,530.78
1784852616569,0,90,55,671.37
1784852616569,1,100,69,515.79
1784852616709,0,94,53,669.63
1784852616709,1,100,63,518.36
1784852616867,0,98,55,651.27
1784852616867,1,100,65,528.01
1784852617007,0,98,55,652.15
1784852617007,1,100,65,533.28
1784852617147,0,98,59,659.29
1784852617147,1,95,58,534.53
1784852617288,0,98,59,661.97
1784852617288,1,100,68,527.53
1784852617428,0,98,59,669.08
1784852617428,1,100,68,530.08
1784852617567,0,98,58,673.95
1784852617567,1,100,67,524.00
1784852617708,0,94,52,672.58
1784852617708,1,98,65,515.72
1784852617848,0,94,52,684.02
1784852617848,1,99,63,525.13
1784852617988,0,98,54,685.41
1784852617988,1,99,63,534.52
1784852618128,0,98,57,684.29
1784852618128,1,100,54,548.94
1784852618270,0,98,57,685.46
1784852618270,1,100,65,558.76
1784852618410,0,98,57,680.97
1784852618410,1,100,65,571.22
1784852618548,0,98,57,681.22
1784852618548,1,100,61,580.47
1784852618689,0,95,52,678.26
1784852618689,1,100,64,591.07
1784852618828,0,95,52,674.29
1784852618828,1,100,64,596.24
1784852618967,0,98,52,685.61
1784852618967,1,100,68,575.53
1784852619109,0,98,58,687.33
1784852619109,1,100,68,562.44
1784852619249,0,98,58,685.05
1784852619249,1,100,66,556.44
1784852619389,0,98,58,684.80
1784852619389,1,100,66,562.16
1784852619529,0,98,57,684.57
1784852619529,1,95,51,559.23
1784852619670,0,94,53,692.93
1784852619670,1,98,60,543.19
1784852619808,0,94,53,693.67
1784852619808,1,98,60,540.54
1784852619949,0,98,52,688.30
1784852619949,1,99,61,535.10
1784852620088,0,98,59,681.32
1784852620088,1,100,65,528.22
1784852620228,0,98,59,677.21
1784852620228,1,100,65,524.56
1784852620367,0,98,59,677.74
1784852620367,1,97,66,511.85
1784852620511,0,95,58,669.19
1784852620511,1,95,60,516.21
1784852620651,0,95,58,673.31
1784852620651,1,100,64,524.89
1784852620790,0,95,52,671.20
1784852620790,1,100,64,528.65
1784852620931,0,98,56,670.70
1784852620931,1,92,52,552.49
1784852621071,0,98,59,666.36
1784852621071,1,99,58,580.40
1784852621210,0,98,59,662.33
1784852621210,1,99,58,588.76
1784852621349,0,98,60,659.17
1784852621349,1,98,58,604.01
1784852621488,0,90,56,654.43
1784852621488,1,97,63,609.52
1784852621629,0,90,56,653.19
1784852621629,1,97,63,595.08
1784852621768,0,94,52,649.31
1784852621768,1,96,61,602.49
1784852621909,0,98,59,656.03
1784852621909,1,98,66,573.85
1784852622050,0,98,59,656.69
1784852622050,1,100,65,567.81
1784852622189,0,98,59,664.29
1784852622189,1,100,65,569.90
1784852622339,0,98,59,664.14
1784852622339,1,99,61,546.85
1784852622517,0,33,19,614.45
1784852622517,1,14,8,503.02
1784852622659,0,33,19,607.80
1784852622659,1,97,59,493.32
1784852622799,0,94,52,613.23
1784852622799,1,97,59,494.45
1784852622938,0,91,45,609.70
1784852622938,1,95,58,494.98
1784852623077,0,98,58,618.46
1784852623077,1,93,53,501.55
1784852623217,0,98,58,619.01
1784852623217,1,93,53,500.19
1784852623356,0,98,57,622.78
1784852623356,1,100,64,518.17
1784852623497,0,98,58,684.59
1784852623497,1,100,64,541.52
1784852623636,0,98,58,685.53
1784852623636,1,100,64,541.90
1784852623776,0,94,53,691.81
1784852623776,1,98,66,538.94
1784852623917,0,91,45,689.67
1784852623917,1,100,67,545.95
1784852624057,0,91,45,688.55
1784852624057,1,94,59,529.97
1784852624196,0,98,59,686.65
1784852624196,1,94,59,538.07
1784852624335,0,98,58,684.03
1784852624335,1,99,61,541.68
1784852624476,0,98,59,683.80
1784852624476,1,100,65,551.36
1784852624618,0,98,59,685.57
1784852624618,1,100,65,553.64
1784852624757,0,94,52,680.95
1784852624757,1,100,67,558.65
1784852624898,0,92,45,672.28
1784852624898,1,88,54,557.18
1784852625039,0,92,45,670.21
1784852625039,1,88,54,556.74
1784852625180,0,98,58,675.17
1784852625180,1,99,59,574.24
1784852625321,0,98,58,674.55
1784852625321,1,93,54,565.33
1784852625461,0,98,58,681.74
1784852625461,1,99,65,554.69
1784852625601,0,98,58,675.43
1784852625601,1,99,65,560.19
1784852625741,0,94,52,675.68
1784852625741,1,95,57,558.77
1784852625881,0,92,46,679.93
1784852625881,1,89,52,564.88
1784852626023,0,92,46,684.63
1784852626023,1,89,52,559.56
1784852626164,0,98,57,684.79
1784852626164,1,100,70,532.93
1784852626306,0,98,58,686.13
1784852626306,1,97,61,532.68
1784852626447,0,98,58,684.52
1784852626447,1,99,67,530.64
1784852626588,0,98,54,679.45
1784852626588,1,99,67,525.64
1784852626729,0,94,52,680.00
1784852626729,1,100,68,530.38
1784852626868,0,94,52,680.55
1784852626868,1,98,56,524.07
1784852627007,0,92,45,679.66
1784852627007,1,98,56,538.03
1784852627147,0,98,56,679.14
1784852627147,1,90,51,553.00
1784852627286,0,98,56,685.98
1784852627286,1,90,48,545.13
1784852627429,0,98,56,681.84
1784852627429,1,90,48,547.38
1784852627569,0,98,56,685.36
1784852627569,1,95,62,547.61
1784852627709,0,90,50,685.30
1784852627709,1,100,68,539.87
1784852627848,0,90,50,683.68
1784852627848,1,95,64,521.72
1784852627988,0,91,48,680.60
1784852627988,1,95,64,505.88
1784852628127,0,98,60,678.67
1784852628127,1,100,69,500.12
1784852628269,0,98,60,671.84
1784852628269,1,100,68,480.38
1784852628409,0,98,60,669.68
1784852628409,1,100,68,479.30
1784852628546,0,98,59,672.70
1784852628546,1,98,64,488.05
1784852628687,0,94,53,678.44
1784852628687,1,100,64,488.26
1784852628828,0,94,53,681.99
1784852628828,1,100,64,483.32
1784852628965,0,91,45,678.42
1784852628965,1,100,69,499.68
1784852629105,0,98,60,668.35
1784852629105,1,95,60,508.41
1784852629245,0,98,60,664.22
1784852629245,1,95,60,526.60
1784852629385,0,98,60,657.07
1784852629385,1,100,60,524.04
1784852629525,0,98,60,656.15
1784852629525,1,98,64,517.59
1784852629665,0,98,60,652.28
1784852629665,1,98,56,530.74
1784852629806,0,94,52,649.97
1784852629806,1,98,56,535.89
1784852629945,0,92,46,646.83
1784852629945,1,100,62,544.18
1784852630086,0,98,58,663.62
1784852630086,1,98,61,548.70
1784852630228,0,98,58,667.70
1784852630228,1,98,61,534.67
1784852630368,0,98,58,671.17
1784852630368,1,100,67,549.85
1784852630509,0,98,58,676.03
1784852630509,1,97,60,560.60
1784852630648,0,98,58,676.05
1784852630648,1,98,62,548.11
1784852630787,0,94,52,677.01
1784852630787,1,98,62,552.15
1784852630927,0,92,46,677.35
1784852630927,1,100,68,540.34
1784852631068,0,92,46,682.35
1784852631068,1,99,66,532.16
1784852631208,0,98,60,680.30
1784852631208,1,99,66,545.17
1784852631347,0,98,60,677.22
1784852631347,1,94,54,544.15
1784852631487,0,98,59,678.86
1784852631487,1,100,65,542.89
1784852631627,0,98,59,680.67
1784852631627,1,100,65,537.39
1784852631767,0,94,52,683.87
1784852631767,1,92,57,558.22
1784852631905,0,92,48,687.85
1784852631905,1,91,49,572.76
1784852632046,0,92,48,687.66
1784852632046,1,91,49,577.78
1784852632186,0,98,58,682.61
1784852632186,1,95,60,589.97
1784852632326,0,98,59,686.29
1784852632326,1,100,57,587.75
1784852632465,0,98,59,681.08
1784852632465,1,95,54,593.10
1784852632605,0,98,59,683.89
1784852632605,1,95,54,606.59
1784852632745,0,95,53,685.14
1784852632745,1,94,53,604.77
1784852632885,0,92,49,678.75
1784852632885,1,99,65,585.43
1784852633026,0,92,49,674.18
1784852633026,1,99,65,593.27
1784852633165,0,98,59,679.38
1784852633165,1,100,61,582.87
1784852633304,0,98,58,676.82
1784852633304,1,95,59,573.36
1784852633444,0,98,58,677.78
1784852633444,1,95,59,582.91
1784852633585,0,97,59,673.53
1784852633585,1,97,55,573.46
1784852633725,0,94,52,671.78
1784852633725,1,97,61,569.31
1784852633866,0,94,52,665.49
1784852633866,1,98,56,584.04
1784852634006,0,98,52,676.21
1784852634006,1,98,56,584.92
1784852634147,0,98,58,678.19
1784852634147,1,100,60,578.71
1784852634286,0,98,58,675.79
1784852634286,1,100,67,570.53
1784852634426,0,98,58,679.73
1784852634426,1,100,67,556.78
1784852634566,0,98,58,678.34
1784852634566,1,100,64,553.61
1784852634706,0,94,53,684.54
1784852634706,1,99,60,553.34
1784852634845,0,94,53,684.29
1784852634845,1,99,60,552.67
1784852634985,0,98,55,689.70
1784852634985,1,98,60,523.18
1784852635124,0,98,59,685.14
1784852635124,1,99,65,535.37
1784852635263,0,98,59,690.37
1784852635263,1,98,63,534.80
1784852635403,0,98,59,686.54
1784852635403,1,98,63,532.02
1784852635544,0,90,56,684.95
1784852635544,1,100,66,525.15
1784852635684,0,95,52,685.14
1784852635684,1,96,58,521.06
1784852635823,0,95,52,680.10
1784852635823,1,96,58,521.89
1784852635964,0,98,57,671.20
1784852635964,1,95,59,522.36
1784852636104,0,98,59,673.78
1784852636104,1,99,61,511.52
1784852636244,0,98,59,666.42
1784852636244,1,99,61,517.47
1784852636383,0,98,59,669.28
1784852636383,1,100,65,530.92
1784852636524,0,90,54,665.93
1784852636524,1,97,62,544.55
1784852636664,0,90,54,664.98
1784852636664,1,97,53,563.50
1784852636804,0,95,52,665.16
1784852636804,1,97,53,557.84
1784852636955,0,98,58,677.05
1784852636955,1,99,67,562.54
1784852637095,0,98,57,681.96
1784852637095,1,93,58,565.33
1784852637234,0,98,57,689.12
1784852637234,1,93,58,566.08
1784852637374,0,98,58,689.14
1784852637374,1,95,57,575.20
1784852637514,0,90,53,689.55
1784852637514,1,100,61,567.19
1784852637655,0,90,53,689.34
1784852637655,1,94,59,545.05
1784852637796,0,95,52,682.45
1784852637796,1,94,59,555.65
1784852637935,0,98,59,676.09
1784852637935,1,98,60,552.07
1784852638075,0,98,59,669.14
1784852638075,1,99,63,552.18
1784852638216,0,98,60,661.63
1784852638216,1,99,63,545.88
1784852638358,0,98,60,665.39
1784852638358,1,100,65,530.44
1784852638495,0,89,54,658.23
1784852638495,1,98,61,527.49
1784852638634,0,89,54,663.80
1784852638634,1,98,61,530.53
1784852638774,0,94,53,670.92
1784852638774,1,99,62,516.31
1784852638915,0,98,60,673.50
1784852638915,1,100,69,523.38
1784852639057,0,98,60,678.71
1784852639057,1,95,59,525.76
1784852639198,0,98,59,683.14
1784852639198,1,95,59,518.76
1784852639336,0,98,60,683.02
1784852639336,1,97,61,516.84
1784852639477,0,89,53,687.22
1784852639477,1,96,61,531.50
1784852639618,0,89,53,672.58
1784852639618,1,96,61,524.43
1784852639757,0,0,0,607.27
1784852639757,1,97,61,544.28
1784852639896,0,0,0,514.06
1784852639896,1,97,60,540.74
1784852640036,0,0,0,517.39
1784852640036,1,97,60,539.23
1784852640176,0,92,49,511.37
1784852640176,1,97,63,554.64
1784852640315,0,98,60,516.32
1784852640315,1,90,48,561.62
1784852640456,0,98,60,521.00
1784852640456,1,94,57,564.02
1784852640595,0,98,59,531.58
1784852640595,1,94,57,569.69
1784852640736,0,98,59,626.26
1784852640736,1,49,34,528.28
1784852641009,0,13,8,624.52
1784852641009,1,49,34,512.58
1784852641150,0,95,54,630.09
1784852641150,1,92,57,509.28
1784852641290,0,98,60,622.84
1784852641290,1,98,68,494.48
1784852641430,0,98,60,616.03
1784852641430,1,98,68,493.95
1784852641568,0,98,60,617.84
1784852641568,1,92,54,496.78
1784852641707,0,97,60,612.00
1784852641707,1,89,57,500.05
1784852641846,0,97,60,629.79
1784852641846,1,89,57,498.00
1784852641986,0,90,55,679.48
1784852641986,1,94,61,562.30
1784852642127,0,95,54,684.36
1784852642127,1,97,64,556.79
1784852642266,0,95,54,680.62
1784852642266,1,93,60,555.23
1784852642416,0,98,59,688.88
1784852642416,1,93,60,546.18
1784852642557,0,98,60,689.55
1784852642557,1,100,61,554.47
1784852642696,0,98,59,696.74
1784852642696,1,98,64,543.91
1784852642835,0,98,59,695.20
1784852642835,1,98,64,553.80
1784852642975,0,90,54,692.45
1784852642975,1,100,63,533.66
1784852643114,0,95,53,687.86
1784852643114,1,89,55,549.34
1784852643253,0,95,53,687.57
1784852643253,1,89,55,555.44
1784852643394,0,98,59,684.04
1784852643394,1,99,67,558.97
1784852643533,0,98,59,684.85
1784852643533,1,95,59,556.43
1784852643674,0,98,59,685.36
1784852643674,1,95,60,563.31
1784852643814,0,98,59,687.32
1784852643814,1,95,60,564.12
1784852643954,0,90,53,687.08
1784852643954,1,85,49,572.28
1784852644094,0,94,52,680.65
1784852644094,1,100,68,565.93
1784852644232,0,94,52,681.43
1784852644232,1,100,68,584.51
1784852644374,0,98,60,678.97
1784852644374,1,94,56,590.29
1784852644515,0,98,59,684.03
1784852644515,1,96,55,578.67
1784852644654,0,98,59,682.29
1784852644654,1,100,67,582.97
1784852644796,0,98,59,681.43
1784852644796,1,100,67,573.77
1784852644935,0,89,54,683.05
1784852644935,1,100,64,573.01
1784852645074,0,89,54,685.40
1784852645074,1,100,68,573.36
1784852645215,0,95,52,686.51
1784852645215,1,100,68,560.75
1784852645355,0,98,58,689.38
1784852645355,1,97,63,569.28
1784852645495,0,98,58,689.01
1784852645495,1,97,57,562.60
1784852645635,0,98,58,687.32
1784852645635,1,97,57,551.86
1784852645773,0,98,58,687.29
1784852645773,1,100,70,553.92
1784852645914,0,89,53,693.33
1784852645914,1,92,59,544.46
1784852646054,0,89,53,696.11
1784852646054,1,92,59,541.59
1784852646192,0,95,53,691.79
1784852646192,1,90,58,543.32
1784852646332,0,98,59,687.57
1784852646332,1,97,55,533.03
1784852646471,0,98,59,686.78
1784852646471,1,100,67,519.41
1784852646610,0,98,60,684.78
1784852646610,1,100,67,523.17
1784852646750,0,98,60,679.33
1784852646750,1,98,66,523.01
1784852646891,0,89,53,681.31
1784852646891,1,100,69,521.79
1784852647032,0,89,53,678.88
1784852647032,1,100,69,525.75
1784852647172,0,96,52,668.48
1784852647172,1,99,64,518.62
1784852647312,0,98,60,675.87
1784852647312,1,93,57,520.86
1784852647453,0,98,60,674.15
1784852647453,1,93,57,517.72
1784852647592,0,98,61,672.16
1784852647592,1,94,60,544.01
1784852647732,0,98,61,671.03
1784852647732,1,98,59,561.60
1784852647877,0,98,61,664.01
1784852647877,1,90,57,575.62
1784852648015,0,88,52,669.72
1784852648015,1,90,57,578.49
1784852648156,0,90,51,672.25
1784852648156,1,97,62,581.19
1784852648298,0,98,60,680.28
1784852648298,1,96,57,583.11
1784852648436,0,98,60,681.90
1784852648436,1,96,57,599.85
1784852648575,0,98,60,683.11
1784852648575,1,95,57,593.93
1784852648714,0,98,60,688.24
1784852648714,1,98,58,588.97
1784852648853,0,98,60,687.73
1784852648853,1,98,58,593.19
1784852648995,0,87,49,683.55
1784852648995,1,97,62,593.67
1784852649134,0,91,48,681.07
1784852649134,1,99,57,590.13
1784852649273,0,91,48,683.09
1784852649273,1,92,52,607.61
1784852649413,0,98,59,683.92
1784852649413,1,92,52,598.65
1784852649553,0,98,59,686.92
1784852649553,1,94,64,593.13
1784852649692,0,98,59,686.71
1784852649692,1,97,63,582.02
1784852649832,0,98,59,687.46
1784852649832,1,97,63,577.65
1784852649971,0,94,53,687.97
1784852649971,1,100,64,566.84
1784852650111,0,91,45,680.74
1784852650111,1,98,64,574.02
1784852650249,0,91,45,673.23
1784852650249,1,98,64,573.74
1784852650389,0,98,58,676.61
1784852650389,1,91,57,555.61
1784852650529,0,98,59,675.31
1784852650529,1,100,70,551.39
1784852650668,0,98,59,677.96
1784852650668,1,100,71,541.29
1784852650808,0,98,59,674.65
1784852650808,1,100,71,538.15
1784852650949,0,94,53,673.80
1784852650949,1,97,64,541.29
1784852651088,0,92,47,676.17
1784852651088,1,96,61,540.12
1784852651227,0,92,47,685.27
1784852651227,1,96,61,526.07
1784852651367,0,98,60,683.60
1784852651367,1,99,68,528.42
1784852651507,0,97,59,677.92
1784852651507,1,97,63,536.17
1784852651647,0,97,59,676.78
1784852651647,1,97,63,532.79
1784852651787,0,98,60,667.65
1784852651787,1,100,66,546.31
1784852651932,0,88,89,636.88
1784852651932,1,100,67,550.46
1784852652068,0,88,89,587.52
1784852652068,1,23,13,508.02
1784852652205,0,91,22,497.54
1784852652205,1,23,13,473.73
1784852652340,0,0,0,441.82
1784852652340,1,4,4,436.68
1784852652474,0,0,0,391.68
1784852652474,1,0,0,351.79
1784852652609,0,0,0,282.29
1784852652609,1,0,0,321.09
1784852652745,0,37,6,232.17
1784852652745,1,51,26,297.53
1784852652881,0,37,6,184.14
1784852652881,1,100,60,274.74
1784852653019,0,0,0,150.46
1784852653019,1,100,60,295.59
1784852653154,0,0,0,138.29
1784852653154,1,96,52,343.77
1784852653290,0,0,0,136.45
1784852653290,1,100,47,454.15
1784852653425,0,0,0,136.07
1784852653425,1,100,47,511.61
1784852653560,0,0,0,135.73
1784852653560,1,100,46,578.80
1784852653694,0,0,0,132.77
1784852653694,1,100,47,652.27
1784852653831,0,0,0,132.56
1784852653831,1,100,47,661.29
1784852653968,0,0,0,132.39
1784852653968,1,98,65,659.10
1784852654105,0,0,0,132.09
1784852654105,1,97,65,634.34
1784852654243,0,0,0,131.95
1784852654243,1,97,65,626.02
1784852654378,0,0,0,131.80
1784852654378,1,99,58,599.81
1784852654515,0,0,0,131.52
1784852654515,1,99,61,601.91
1784852654652,0,0,0,131.39
1784852654652,1,99,61,578.12
1784852654789,0,0,0,131.16
1784852654789,1,99,66,578.16
1784852654926,0,0,0,131.06
1784852654926,1,100,62,578.93
1784852655064,0,0,0,130.90
1784852655064,1,97,60,588.11
1784852655202,0,0,0,130.52
1784852655202,1,97,60,571.99
1784852655339,0,0,0,130.30
1784852655339,1,98,64,564.80
1784852655476,0,0,0,130.17
1784852655476,1,98,63,530.64
1784852655621,0,0,0,194.30
1784852655621,1,98,63,531.75
1784852655762,0,94,53,254.68
1784852655762,1,97,58,524.69
1784852655900,0,98,52,352.78
1784852655900,1,96,60,526.43
1784852656038,0,98,52,411.88
1784852656038,1,96,60,517.48
1784852656179,0,98,57,469.94
1784852656179,1,98,66,505.13
1784852656320,0,98,57,585.15
1784852656320,1,98,69,500.32
1784852656462,0,98,57,644.72
1784852656462,1,99,66,505.85
1784852656602,0,98,57,692.73
1784852656602,1,99,66,500.29
1784852656742,0,61,34,661.15
1784852656742,1,100,69,501.82
1784852656880,0,61,34,610.71
1784852656880,1,96,65,486.95
1784852657017,0,0,0,533.97
1784852657017,1,96,65,482.85
1784852657156,0,90,49,527.92
1784852657156,1,100,67,487.50
1784852657297,0,98,58,515.11
1784852657297,1,97,56,508.21
1784852657436,0,98,58,512.24
1784852657436,1,97,56,515.44
1784852657574,0,98,58,516.92
1784852657574,1,98,61,545.03
1784852657715,0,98,57,537.00
1784852657715,1,97,54,553.34
1784852657856,0,98,57,588.15
1784852657856,1,97,54,559.32
1784852657995,0,88,50,678.87
1784852657995,1,97,61,571.95
1784852658136,0,91,48,675.39
1784852658136,1,97,62,582.35
1784852658274,0,91,48,671.33
1784852658274,1,91,57,590.81
1784852658415,0,97,58,682.16
1784852658415,1,91,57,583.57
1784852658556,0,98,57,684.55
1784852658556,1,99,66,577.30
1784852658697,0,97,57,689.43
1784852658697,1,98,64,553.51
1784852658839,0,97,57,686.05
1784852658839,1,98,64,556.42
1784852658978,0,88,51,681.65
1784852658978,1,84,54,516.92
1784852659256,0,25,14,621.96
1784852659256,1,84,54,487.14
1784852659395,0,92,49,610.18
1784852659395,1,49,32,480.94
1784852659535,0,98,59,612.27
1784852659535,1,96,59,479.07
1784852659673,0,98,59,614.39
1784852659673,1,96,54,495.02
1784852659813,0,97,59,619.47
1784852659813,1,96,54,499.61
1784852659952,0,98,59,621.75
1784852659952,1,97,59,520.05
1784852660092,0,94,53,668.81
1784852660092,1,100,62,570.05
1784852660234,0,94,53,688.45
1784852660234,1,100,62,594.33
1784852660373,0,93,49,684.17
1784852660373,1,93,54,591.55
1784852660512,0,98,59,680.63
1784852660512,1,98,64,598.05
1784852660651,0,98,59,679.49
1784852660651,1,98,64,598.57
1784852660792,0,98,60,678.54
1784852660792,1,100,55,605.11
1784852660931,0,98,60,675.23
1784852660931,1,96,58,589.49
1784852661071,0,98,60,673.35
1784852661071,1,100,66,586.09
1784852661212,0,94,51,675.85
1784852661212,1,100,66,593.63
1784852661351,0,92,46,678.04
1784852661351,1,100,62,591.84
1784852661493,0,98,57,678.83
1784852661493,1,99,66,590.76
1784852661633,0,98,57,680.70
1784852661633,1,99,66,571.42
1784852661774,0,98,57,687.46
1784852661774,1,100,66,564.68
1784852661913,0,98,58,681.74
1784852661913,1,98,64,555.89
1784852662051,0,98,58,679.65
1784852662051,1,98,64,548.17
1784852662192,0,95,52,682.37
1784852662192,1,100,68,523.18
1784852662335,0,92,46,681.41
1784852662335,1,99,66,516.60
1784852662474,0,92,46,685.71
1784852662474,1,98,63,511.16
1784852662614,0,98,58,675.24
1784852662614,1,98,63,519.67
1784852662754,0,98,57,675.85
1784852662754,1,97,58,526.91
1784852662911,0,98,58,676.46
1784852662911,1,98,57,532.97
1784852663050,0,98,58,675.54
1784852663050,1,98,57,535.27
1784852663191,0,95,54,681.49
1784852663191,1,100,66,536.63
1784852663333,0,92,49,681.97
1784852663333,1,98,61,533.99
1784852663471,0,92,49,682.69
1784852663471,1,95,55,548.89
1784852663612,0,98,59,687.34
1784852663612,1,95,55,546.84
1784852663753,0,98,59,688.14
1784852663753,1,99,60,547.62
1784852663893,0,98,59,687.49
1784852663893,1,95,59,542.04
1784852664032,0,98,59,685.86
1784852664032,1,95,59,547.43
1784852664171,0,95,54,683.77
1784852664171,1,100,66,550.55
1784852664312,0,94,36,668.89
1784852664312,1,95,54,559.88
1784852664453,0,94,36,669.02
1784852664453,1,95,54,551.42
1784852664593,0,98,59,670.79
1784852664593,1,100,68,538.10
1784852664733,0,98,59,670.70
1784852664733,1,91,55,532.22
1784852664874,0,98,59,669.25
1784852664874,1,96,64,519.03
1784852665014,0,98,60,676.75
1784852665014,1,96,64,523.92
1784852665155,0,94,53,676.78
1784852665155,1,98,56,541.67
1784852665295,0,91,49,689.43
1784852665295,1,100,56,544.37
1784852665433,0,91,49,688.77
1784852665433,1,100,56,561.94
1784852665573,0,98,59,686.50
1784852665573,1,94,53,570.18
1784852665713,0,98,59,685.04
1784852665713,1,100,62,571.37
1784852665852,0,98,59,684.03
1784852665852,1,100,62,582.96
1784852665992,0,97,59,684.10
1784852665992,1,95,58,571.41
1784852666133,0,95,52,682.99
1784852666133,1,100,63,566.45
1784852666274,0,95,52,683.86
1784852666274,1,100,68,541.40
1784852666412,0,92,46,676.30
1784852666412,1,100,68,531.56
1784852666549,0,98,58,673.21
1784852666549,1,93,57,540.08
1784852666687,0,98,58,674.07
1784852666687,1,96,58,540.23
1784852666830,0,98,58,667.59
1784852666830,1,96,58,529.14
1784852666970,0,98,57,666.85
1784852666970,1,100,66,527.30
1784852667108,0,94,53,672.66
1784852667108,1,96,58,529.60
1784852667248,0,94,53,677.85
1784852667248,1,96,58,537.60
1784852667388,0,92,46,677.64
1784852667388,1,87,51,538.51
1784852667529,0,98,59,684.48
1784852667529,1,99,62,534.98
1784852667668,0,98,59,684.46
1784852667668,1,100,66,525.90
1784852667808,0,98,59,688.99
1784852667808,1,100,66,524.50
1784852667949,0,98,58,689.52
1784852667949,1,98,65,533.83
1784852668089,0,98,58,686.87
1784852668089,1,98,64,523.70
1784852668229,0,95,53,685.30
1784852668229,1,98,64,516.96
1784852668368,0,92,46,688.03
1784852668368,1,98,65,526.50
1784852668508,0,98,58,696.72
1784852668508,1,100,64,521.28
1784852668648,0,98,58,693.28
1784852668648,1,100,64,529.31
1784852668787,0,98,58,699.79
1784852668787,1,98,59,530.47
1784852668928,0,98,57,695.66
1784852668928,1,99,67,535.42
1784852669069,0,98,57,694.69
1784852669069,1,89,54,557.57
1784852669207,0,94,52,690.75
1784852669207,1,89,54,569.40
1784852669347,0,91,45,689.03
1784852669347,1,93,53,577.31
1784852669488,0,91,45,689.73
1784852669488,1,99,55,591.25
1784852669627,0,98,57,692.59
1784852669627,1,99,55,592.32
1784852669764,0,98,58,691.39
1784852669764,1,99,61,616.20
1784852669906,0,98,56,692.49
1784852669906,1,99,62,622.78
1784852670046,0,98,56,693.51
1784852670046,1,99,62,628.86
1784852670186,0,94,52,689.44
1784852670186,1,95,56,621.87
1784852670326,0,91,49,684.46
1784852670326,1,99,59,619.37
1784852670466,0,91,49,680.63
1784852670466,1,100,65,618.77
1784852670608,0,98,59,676.90
1784852670608,1,100,65,609.53
1784852670746,0,98,60,674.38
1784852670746,1,100,63,598.83
1784852670888,0,98,60,670.19
1784852670888,1,100,68,573.53
1784852671028,0,98,59,671.20
1784852671028,1,100,68,567.73
1784852671166,0,95,54,676.13
1784852671166,1,100,65,561.77
1784852671308,0,92,48,675.86
1784852671308,1,96,58,554.60
1784852671448,0,92,48,676.49
1784852671448,1,96,58,562.67
1784852671587,0,98,58,683.30
1784852671587,1,95,52,556.47
1784852671729,0,98,58,685.18
1784852671729,1,97,64,555.86
1784852671869,0,98,58,686.95
1784852671869,1,99,62,562.01
1784852672008,0,98,58,678.50
1784852672008,1,99,62,559.77
1784852672148,0,93,52,683.26
1784852672148,1,100,67,578.02
1784852672290,0,93,52,684.37
1784852672290,1,100,61,575.35
1784852672431,0,91,49,687.50
1784852672431,1,100,61,572.64
1784852672571,0,98,59,680.85
1784852672571,1,99,64,554.87
1784852672711,0,98,59,682.15
1784852672711,1,100,67,552.49
1784852672852,0,98,59,681.62
1784852672852,1,100,67,558.64
1784852672995,0,98,60,689.30
1784852672995,1,99,62,558.31
1784852673135,0,94,53,686.18
1784852673135,1,99,62,550.91
1784852673274,0,94,53,681.83
1784852673274,1,98,64,543.27
1784852673413,0,91,48,678.19
1784852673413,1,98,64,547.19
1784852673553,0,98,59,677.27
1784852673553,1,99,61,546.36
1784852673693,0,98,59,677.32
1784852673693,1,99,66,539.33
1784852673834,0,98,60,677.66
1784852673834,1,99,66,528.96
1784852673972,0,98,60,679.80
1784852673972,1,99,65,526.00
1784852674113,0,95,54,677.43
1784852674113,1,98,61,520.94
1784852674254,0,95,54,678.97
1784852674254,1,98,61,509.91
1784852674393,0,92,47,677.49
1784852674393,1,100,67,497.03
1784852674533,0,98,59,677.12
1784852674533,1,100,66,494.31
1784852674673,0,98,59,679.72
1784852674673,1,92,57,493.06
1784852674813,0,98,59,679.61
1784852674813,1,92,57,497.27
1784852674952,0,98,59,679.17
1784852674952,1,97,58,507.92
1784852675090,0,98,59,677.88
1784852675090,1,92,52,529.78
1784852675231,0,94,53,685.57
1784852675231,1,92,52,534.23
1784852675371,0,92,45,683.33
1784852675371,1,99,62,553.70
1784852675518,0,73,44,660.34
1784852675518,1,98,58,548.34
1784852675699,0,88,53,614.33
1784852675699,1,95,58,514.16
1784852675839,0,88,53,615.41
1784852675839,1,95,58,527.41
1784852675980,0,98,59,610.81
1784852675980,1,98,60,519.90
1784852676121,0,92,56,604.79
1784852676121,1,97,60,510.16
1784852676260,0,92,56,603.27
1784852676260,1,97,60,521.40
1784852676400,0,95,53,611.10
1784852676400,1,99,58,513.30
1784852676541,0,98,58,618.45
1784852676541,1,100,65,519.51
1784852676680,0,98,58,657.76
1784852676680,1,100,66,561.41
1784852676820,0,98,60,661.57
1784852676820,1,100,66,548.32
1784852676960,0,97,60,663.82
1784852676960,1,100,68,533.36
1784852677100,0,90,57,658.97
1784852677100,1,97,61,527.53
1784852677238,0,90,57,660.79
1784852677238,1,97,61,513.52
1784852677376,0,95,52,657.63
1784852677376,1,95,61,515.40
1784852677516,0,98,59,667.61
1784852677516,1,100,68,513.32
1784852677656,0,98,59,670.74
1784852677656,1,100,68,509.78
1784852677795,0,98,59,680.38
1784852677795,1,91,53,515.37
1784852677935,0,97,59,681.63
1784852677935,1,86,52,519.23
1784852678076,0,97,59,687.98
1784852678076,1,92,50,527.12
1784852678215,0,90,54,689.25
1784852678215,1,92,50,541.24
1784852678356,0,95,53,693.92
1784852678356,1,97,53,535.16
1784852678495,0,97,58,680.16
1784852678495,1,99,62,537.98
1784852678637,0,97,58,683.69
1784852678637,1,99,62,536.43
1784852678776,0,98,58,674.15
1784852678776,1,95,59,542.13
1784852678916,0,98,59,670.50
1784852678916,1,98,57,550.91
1784852679056,0,98,59,662.27
1784852679056,1,98,57,553.24
1784852679196,0,90,55,662.35
1784852679196,1,98,63,534.24
1784852679336,0,95,53,664.62
1784852679336,1,100,68,524.41
1784852679476,0,95,53,668.97
1784852679476,1,97,60,521.97
1784852679615,0,98,60,674.43
1784852679615,1,97,60,523.31
1784852679754,0,97,60,680.90
1784852679754,1,90,55,528.31
1784852679893,0,97,60,682.92
1784852679893,1,98,58,531.75
1784852680033,0,98,60,687.13
1784852680033,1,98,58,536.87
1784852680172,0,90,53,682.97
1784852680172,1,97,58,551.92
1784852680311,0,95,53,682.95
1784852680311,1,100,66,556.15
1784852680449,0,95,53,685.41
1784852680449,1,100,66,555.00
1784852680589,0,98,60,683.12
1784852680589,1,100,61,559.41
1784852680728,0,98,59,683.20
1784852680728,1,100,67,557.41
1784852680880,0,98,59,684.81
1784852680880,1,96,61,557.46
1784852681021,0,97,59,685.84
1784852681021,1,96,61,539.35
1784852681161,0,90,53,688.11
1784852681161,1,99,60,532.39
1784852681301,0,95,52,683.35
1784852681301,1,99,66,529.56
1784852681441,0,95,52,683.85
1784852681441,1,99,66,530.66
1784852681581,0,98,58,680.57
1784852681581,1,100,65,526.39
1784852681724,0,98,58,681.51
1784852681724,1,98,58,533.65
1784852681867,0,98,58,678.50
1784852681867,1,98,58,532.11
1784852682007,0,98,58,681.60
1784852682007,1,97,61,526.04
1784852682147,0,90,53,687.75
1784852682147,1,99,64,529.91
1784852682287,0,90,53,683.56
1784852682287,1,99,58,531.37
1784852682427,0,95,52,681.43
1784852682427,1,99,58,530.78
1784852682567,0,98,58,679.89
1784852682567,1,99,63,538.62
1784852682708,0,98,58,679.36
1784852682708,1,100,68,526.57
1784852682848,0,98,58,678.83
1784852682848,1,100,68,521.77
1784852682987,0,98,58,678.31
1784852682987,1,100,67,504.67
1784852683128,0,90,53,674.93
1784852683128,1,100,65,503.39
1784852683268,0,90,53,675.04
1784852683268,1,100,65,509.27
1784852683409,0,95,52,676.19
1784852683409,1,99,67,486.46
1784852683548,0,98,58,680.92
1784852683548,1,100,69,481.43
1784852683689,0,98,58,681.34
1784852683689,1,92,51,491.23
1784852683829,0,97,57,681.02
1784852683829,1,92,51,498.57
1784852683971,0,98,56,685.48
1784852683971,1,99,61,508.90
1784852684112,0,90,53,686.73
1784852684112,1,99,62,528.50
1784852684251,0,90,53,686.51
1784852684251,1,99,62,524.23
1784852684390,0,95,51,690.25
1784852684390,1,97,60,531.71
1784852684530,0,98,58,678.03
1784852684530,1,100,58,547.54
1784852684668,0,98,58,681.21
1784852684668,1,100,58,568.16
1784852684808,0,98,57,683.32
1784852684808,1,100,64,566.59
1784852684950,0,98,57,680.48
1784852684950,1,100,66,562.07
1784852685089,0,98,57,682.38
1784852685089,1,97,60,563.21
1784852685228,0,91,53,684.30
1784852685228,1,97,60,569.49
1784852685366,0,95,52,683.22
1784852685366,1,96,55,577.70
1784852685506,0,98,57,697.51
1784852685506,1,100,65,581.29
1784852685646,0,98,57,697.90
1784852685646,1,100,65,565.01
1784852685786,0,98,57,693.75
1784852685786,1,97,63,554.51
1784852685927,0,98,56,697.31
1784852685927,1,93,60,547.40
1784852686067,0,98,56,695.09
1784852686067,1,93,60,563.35
1784852686208,0,92,53,692.25
1784852686208,1,99,61,546.75
1784852686352,0,95,52,693.68
1784852686352,1,94,63,536.13
1784852686490,0,95,52,694.22
1784852686490,1,98,62,532.75
1784852686632,0,98,56,689.22
1784852686632,1,98,62,534.95
1784852686771,0,98,58,689.77
1784852686771,1,100,57,545.72
1784852686911,0,98,57,692.30
1784852686911,1,97,59,568.56
1784852687051,0,98,57,691.30
1784852687051,1,97,59,554.31
1784852687189,0,98,59,692.30
1784852687189,1,100,68,553.24
1784852687327,0,95,52,688.21
1784852687327,1,100,63,564.58
1784852687467,0,95,52,688.85
1784852687467,1,100,63,552.80
1784852687606,0,98,54,690.02
1784852687606,1,99,64,544.57
1784852687746,0,98,57,686.89
1784852687746,1,99,64,538.94
1784852687886,0,98,57,686.19
1784852687886,1,99,60,529.38
1784852688026,0,98,58,687.05
1784852688026,1,99,60,553.16
1784852688167,0,98,58,686.24
1784852688167,1,100,61,558.98
1784852688308,0,95,52,689.63
1784852688308,1,99,65,567.39
1784852688447,0,95,52,690.56
1784852688447,1,99,65,565.62
1784852688586,0,98,54,691.95
1784852688586,1,100,68,569.05
1784852688727,0,98,57,692.43
1784852688727,1,95,58,576.98
1784852688865,0,98,57,691.85
1784852688865,1,95,58,572.88
1784852689005,0,98,57,691.03
1784852689005,1,100,69,546.09
1784852689143,0,98,58,692.80
1784852689143,1,97,61,546.07
1784852689282,0,98,58,694.59
1784852689282,1,100,69,529.47
1784852689422,0,95,53,686.00
1784852689422,1,100,69,534.29
1784852689562,0,98,53,679.92
1784852689562,1,99,66,536.72
1784852689701,0,98,53,685.56
1784852689701,1,100,68,510.22
1784852689841,0,98,57,682.49
1784852689841,1,100,68,501.90
1784852689982,0,98,58,679.52
1784852689982,1,98,66,491.82
1784852690122,0,98,57,687.11
1784852690122,1,100,68,485.23
1784852690261,0,98,57,687.94
1784852690261,1,100,68,476.97
1784852690399,0,95,52,689.83
1784852690399,1,97,63,482.18
1784852690539,0,98,52,693.40
1784852690539,1,100,69,475.11
1784852690678,0,98,52,690.08
1784852690678,1,100,65,482.33
1784852690818,0,98,58,688.57
1784852690818,1,100,65,483.48
1784852690958,0,98,58,687.67
1784852690958,1,100,71,484.44
1784852691097,0,98,58,686.53
1784852691097,1,96,58,499.63
1784852691237,0,98,58,669.03
1784852691237,1,96,58,509.85
1784852691374,0,16,9,610.07
1784852691374,1,100,64,511.66
1784852691513,0,0,0,518.11
1784852691513,1,100,69,505.42
1784852691653,0,0,0,519.90
1784852691653,1,100,69,512.16
1784852691797,0,92,48,517.86
1784852691797,1,97,67,507.91
1784852691938,0,98,58,520.24
1784852691938,1,97,62,516.93
1784852692076,0,98,58,513.50
1784852692076,1,97,62,512.59
1784852692217,0,98,59,528.69
1784852692217,1,100,67,518.36
1784852692357,0,98,58,580.01
1784852692357,1,91,54,523.13
1784852692496,0,98,58,630.12
1784852692496,1,96,59,544.29
1784852692637,0,88,51,684.57
1784852692637,1,96,59,545.42
1784852692776,0,90,48,683.23
1784852692776,1,97,61,550.98
1784852692917,0,98,58,674.93
1784852692917,1,97,58,551.11
1784852693054,0,98,58,677.30
1784852693054,1,97,58,548.55
1784852693194,0,98,59,671.04
1784852693194,1,99,63,547.92
1784852693335,0,98,58,664.02
1784852693335,1,99,66,535.96
1784852693476,0,98,58,662.02
1784852693476,1,96,57,546.87
1784852693618,0,88,50,669.54
1784852693618,1,96,57,568.36
1784852693756,0,90,48,663.76
1784852693756,1,100,54,574.89
1784852693896,0,90,48,660.27
1784852693896,1,97,64,577.33
1784852694034,0,98,58,670.99
1784852694034,1,97,64,583.05
1784852694176,0,98,58,669.68
1784852694176,1,100,62,586.47
1784852694317,0,98,57,677.80
1784852694317,1,100,67,592.33
1784852694456,0,98,57,680.24
1784852694456,1,100,67,591.29
1784852694596,0,88,51,685.37
1784852694596,1,100,69,555.21
1784852694734,0,90,48,684.66
1784852694734,1,99,61,547.78
1784852694875,0,90,48,684.54
1784852694875,1,99,61,540.04
1784852695016,0,98,59,682.25
1784852695016,1,96,62,527.94
1784852695156,0,98,58,679.21
1784852695156,1,98,57,530.37
1784852695437,0,32,19,621.17
1784852695437,1,15,10,473.23
1784852695577,0,98,59,614.66
1784852695577,1,96,53,490.80
1784852695716,0,95,52,623.92
1784852695716,1,100,68,490.64
1784852695855,0,95,52,622.71
1784852695855,1,100,68,499.39
1784852695995,0,98,52,617.32
1784852695995,1,93,51,514.39
1784852696135,0,98,58,626.08
1784852696135,1,95,61,507.28
1784852696276,0,98,58,639.08
1784852696276,1,95,61,507.84
1784852696415,0,98,58,684.71
1784852696415,1,98,63,584.89
1784852696554,0,98,58,683.67
1784852696554,1,93,57,568.83
1784852696692,0,98,58,681.58
1784852696692,1,100,62,578.90
1784852696831,0,95,52,679.06
1784852696831,1,100,62,576.87
1784852696969,0,98,55,680.38
1784852696969,1,100,63,566.72
1784852697109,0,98,58,681.26
1784852697109,1,100,67,568.50
1784852697256,0,98,58,683.97
1784852697256,1,100,67,566.71
1784852697396,0,98,58,684.09
1784852697396,1,100,67,564.65
1784852697535,0,98,58,684.29
1784852697535,1,100,65,563.08
1784852697679,0,98,58,687.58
1784852697679,1,100,66,552.18
1784852697820,0,95,52,686.41
1784852697820,1,100,66,549.45
1784852697960,0,98,52,688.96
1784852697960,1,100,70,539.85
1784852698099,0,98,52,685.79
1784852698099,1,99,54,557.32
1784852698240,0,98,58,686.80
1784852698240,1,99,54,543.92
1784852698380,0,98,58,682.98
1784852698380,1,97,63,532.19
1784852698520,0,98,57,683.55
1784852698520,1,99,65,522.99
1784852698660,0,98,57,685.56
1784852698660,1,99,65,523.99
1784852698799,0,95,52,683.48
1784852698799,1,95,60,527.64
1784852698939,0,98,52,690.69
1784852698939,1,100,61,538.11
1784852699079,0,98,52,690.33
1784852699079,1,100,61,529.45
1784852699221,0,98,57,690.86
1784852699221,1,97,58,541.25
1784852699361,0,98,56,696.09
1784852699361,1,94,57,545.05
1784852699501,0,98,56,693.24
1784852699501,1,100,57,571.86
1784852699642,0,98,57,692.11
1784852699642,1,100,57,582.90
1784852699782,0,95,53,694.18
1784852699782,1,94,58,601.95
1784852699922,0,98,53,698.28
1784852699922,1,99,64,597.82
1784852700063,0,98,53,700.94
1784852700063,1,99,64,598.37
1784852700202,0,98,58,700.96
1784852700202,1,100,66,595.49
1784852700343,0,98,58,698.26
1784852700343,1,99,63,591.27
1784852700502,0,98,58,699.19
1784852700502,1,100,58,582.64
1784852700641,0,98,57,698.93
1784852700641,1,100,58,577.61
1784852700781,0,95,53,697.65
1784852700781,1,92,55,572.47
1784852700919,0,92,50,694.74
1784852700919,1,100,64,568.85
1784852701057,0,92,50,692.88
1784852701057,1,100,64,567.02
1784852701196,0,98,58,693.66
1784852701196,1,100,67,565.89
1784852701336,0,98,59,697.01
1784852701336,1,100,70,559.85
1784852701475,0,98,59,693.07
1784852701475,1,100,70,558.90
1784852701616,0,98,58,689.48
1784852701616,1,97,62,552.60
1784852701755,0,94,53,684.96
1784852701755,1,100,60,553.01
1784852701893,0,94,53,682.46
1784852701893,1,100,67,542.53
1784852702033,0,92,49,685.24
1784852702033,1,100,67,549.88
1784852702172,0,98,58,687.32
1784852702172,1,99,56,565.36
1784852702311,0,98,59,682.41
1784852702311,1,99,57,575.42
1784852702450,0,98,59,686.10
1784852702450,1,99,57,573.26
1784852702590,0,98,56,686.53
1784852702590,1,96,62,567.68
1784852702737,0,95,53,682.15
1784852702737,1,100,59,572.11
1784852702877,0,95,53,685.04
1784852702877,1,100,59,588.70
1784852703022,0,92,47,687.48
1784852703022,1,94,57,582.24
1784852703161,0,98,60,682.40
1784852703161,1,99,65,574.50
1784852703300,0,98,60,686.54
1784852703300,1,100,70,556.06
1784852703439,0,98,59,682.76
1784852703439,1,100,70,561.91
1784852703580,0,98,59,689.58
1784852703580,1,100,69,555.26
1784852703718,0,95,53,688.89
1784852703718,1,98,63,558.28
1784852703859,0,95,53,685.31
1784852703859,1,98,63,551.35
1784852703998,0,93,50,689.02
1784852703998,1,96,61,534.07
1784852704136,0,98,59,691.14
1784852704136,1,100,67,529.46
1784852704276,0,98,59,688.80
1784852704276,1,100,67,530.92
1784852704415,0,98,56,690.21
1784852704415,1,100,67,530.87
1784852704556,0,98,57,687.99
1784852704556,1,99,65,537.92
1784852704702,0,98,57,689.75
1784852704702,1,95,58,526.41
1784852704841,0,94,53,697.40
1784852704841,1,95,58,525.16
1784852704980,0,93,46,688.78
1784852704980,1,99,66,525.29
1784852705120,0,98,59,687.25
1784852705120,1,100,61,533.22
1784852705261,0,98,59,685.21
1784852705261,1,100,61,538.70
1784852705400,0,98,60,684.48
1784852705400,1,100,67,529.76
1784852705540,0,98,60,688.62
1784852705540,1,100,60,536.88
1784852705679,0,98,60,691.96
1784852705679,1,100,60,540.60
1784852705818,0,94,53,687.93
1784852705818,1,92,49,563.36
1784852705957,0,92,44,684.33
1784852705957,1,99,57,573.63
1784852706097,0,92,44,688.33
1784852706097,1,99,64,583.79
1784852706239,0,98,58,683.70
1784852706239,1,99,64,574.73
1784852706378,0,98,59,685.70
1784852706378,1,95,52,595.58
1784852706519,0,98,58,678.05
1784852706519,1,98,58,596.52
1784852706657,0,98,58,675.01
1784852706657,1,98,58,594.01
1784852706796,0,94,53,675.93
1784852706796,1,92,56,584.19
1784852706935,0,92,47,685.42
1784852706935,1,94,56,573.51
1784852707075,0,92,47,686.11
1784852707075,1,94,56,557.54
1784852707214,0,98,60,686.79
1784852707214,1,94,54,565.22
1784852707354,0,98,60,687.14
1784852707354,1,99,64,557.12
1784852707493,0,98,60,682.44
1784852707493,1,100,64,550.75
1784852707634,0,97,59,690.23
1784852707634,1,100,64,541.68
1784852707775,0,95,53,686.28
1784852707775,1,100,67,540.64
1784852707914,0,93,50,685.11
1784852707914,1,100,69,527.41
1784852708054,0,93,50,682.02
1784852708054,1,100,69,521.31
1784852708202,0,98,59,686.01
1784852708202,1,97,64,519.91
1784852708341,0,98,59,686.55
1784852708341,1,98,54,534.27
1784852708482,0,98,59,688.75
1784852708482,1,98,54,529.91
1784852708622,0,98,59,685.81
1784852708622,1,93,56,548.40
1784852708762,0,95,52,687.88
1784852708762,1,100,51,568.15
1784852708901,0,95,52,688.10
1784852708901,1,92,57,581.84
1784852709040,0,92,46,683.71
1784852709040,1,92,57,601.75
1784852709180,0,98,59,682.57
1784852709180,1,99,60,609.93
1784852709319,0,98,59,673.91
1784852709319,1,95,60,596.80
1784852709458,0,98,59,673.90
1784852709458,1,95,60,612.02
1784852709597,0,98,60,663.98
1784852709597,1,100,64,600.22
1784852709737,0,94,53,669.49
1784852709737,1,93,53,596.41
1784852709875,0,94,53,667.40
1784852709875,1,93,53,598.39
1784852710014,0,92,51,676.92
1784852710014,1,99,63,597.60
1784852710154,0,98,60,676.41
1784852710154,1,100,66,585.96
1784852710296,0,98,60,681.24
1784852710296,1,100,66,576.86
1784852710435,0,98,60,682.67
1784852710435,1,100,66,573.22
1784852710574,0,98,58,678.82
1784852710574,1,100,64,573.05
1784852710713,0,95,53,682.88
1784852710713,1,95,63,549.48
1784852710853,0,95,53,681.74
1784852710853,1,95,63,543.07
1784852710995,0,92,51,681.63
1784852710995,1,98,64,529.00
1784852711135,0,98,59,680.18
1784852711135,1,100,67,530.50
1784852711275,0,98,59,678.23
1784852711275,1,100,67,530.87
1784852711513,0,21,12,615.39
1784852711513,1,32,22,460.10
1784852711655,0,21,12,618.46
1784852711655,1,32,22,470.85
1784852711794,0,89,53,618.34
1784852711794,1,98,62,475.66
1784852711933,0,95,52,622.80
1784852711933,1,96,60,488.80
1784852712074,0,95,52,620.07
1784852712074,1,96,60,501.09
1784852712214,0,98,58,619.51
1784852712214,1,99,60,501.01
1784852712356,0,98,57,627.65
1784852712356,1,90,52,507.63
1784852712497,0,98,57,662.39
1784852712497,1,99,65,576.25
1784852712636,0,98,58,694.29
1784852712636,1,99,65,581.74
1784852712774,0,90,52,687.90
1784852712774,1,99,64,589.91
1784852712913,0,90,52,686.85
1784852712913,1,98,65,587.08
1784852713051,0,95,53,685.95
1784852713051,1,98,65,574.47
1784852713192,0,98,59,688.84
1784852713192,1,95,63,570.37
1784852713332,0,98,59,683.93
1784852713332,1,95,55,574.65
1784852713471,0,98,59,688.45
1784852713471,1,95,55,566.03
1784852713610,0,98,59,689.02
1784852713610,1,100,61,567.78
1784852713749,0,91,53,687.25
1784852713749,1,97,60,566.69
1784852713889,0,91,53,684.46
1784852713889,1,100,68,562.44
1784852714028,0,95,51,685.66
1784852714028,1,100,68,572.25
1784852714169,0,98,57,684.18
1784852714169,1,97,58,575.19
1784852714307,0,98,57,686.86
1784852714307,1,100,65,560.74
1784852714446,0,98,57,682.83
1784852714446,1,100,65,553.26
1784852714586,0,98,57,681.82
1784852714586,1,100,68,544.00
1784852714724,0,90,52,681.72
1784852714724,1,97,62,530.91
1784852714864,0,90,52,686.30
1784852714864,1,97,62,534.42
1784852715003,0,94,53,689.71
1784852715003,1,100,63,533.94
1784852715142,0,98,59,688.25
1784852715142,1,99,59,541.38
1784852715282,0,98,59,687.41
1784852715282,1,99,59,552.91
1784852715422,0,98,60,690.95
1784852715422,1,100,63,573.06
1784852715561,0,98,59,690.78
1784852715561,1,100,67,573.21
1784852715702,0,98,59,691.10
1784852715702,1,97,59,579.40
1784852715841,0,91,54,689.57
1784852715841,1,97,59,577.01
1784852715982,0,95,52,690.86
1784852715982,1,98,64,576.88
1784852716123,0,98,57,693.42
1784852716123,1,99,64,567.92
1784852716262,0,98,57,693.28
1784852716262,1,99,64,563.81
1784852716401,0,98,58,691.68
1784852716401,1,92,56,566.34
1784852716541,0,98,56,693.29
1784852716541,1,100,66,564.57
1784852716680,0,98,56,692.40
1784852716680,1,100,66,561.19
1784852716820,0,91,54,696.10
1784852716820,1,99,60,564.37
1784852716960,0,95,52,695.64
1784852716960,1,99,66,569.29
1784852717099,0,95,52,683.87
1784852717099,1,98,63,556.20
1784852717239,0,98,58,683.25
1784852717239,1,98,63,555.69
1784852717378,0,98,58,682.35
1784852717378,1,99,62,555.88
1784852717517,0,98,58,683.14
1784852717517,1,100,69,547.49
1784852717657,0,98,58,681.18
1784852717657,1,100,69,557.05
1784852717797,0,91,55,678.98
1784852717797,1,100,68,550.75
1784852717936,0,95,52,684.99
1784852717936,1,100,62,553.14
1784852718073,0,95,52,695.21
1784852718073,1,100,62,547.39
1784852718213,0,98,58,697.43
1784852718213,1,100,67,548.87
1784852718351,0,98,58,697.55
1784852718351,1,99,63,543.55
1784852718490,0,98,58,697.78
1784852718490,1,100,67,539.14
1784852718631,0,98,58,695.63
1784852718631,1,100,67,528.88
1784852718771,0,91,54,695.98
1784852718771,1,98,62,535.96
1784852718911,0,91,54,696.54
1784852718911,1,96,59,531.07
1784852719051,0,95,52,691.12
1784852719051,1,96,59,538.55
1784852719193,0,98,57,689.27
1784852719193,1,96,60,536.30
1784852719332,0,98,58,689.17
1784852719332,1,98,60,535.77
1784852719471,0,98,58,688.09
1784852719471,1,98,60,529.59
1784852719611,0,98,57,686.65
1784852719611,1,94,59,533.39
1784852719751,0,90,54,690.44
1784852719751,1,91,58,521.45
1784852719891,0,90,54,691.50
1784852719891,1,99,65,507.27
1784852720030,0,95,53,688.42
1784852720030,1,99,65,508.02
1784852720170,0,98,59,687.83
1784852720170,1,98,65,498.01
1784852720310,0,98,59,688.03
1784852720310,1,100,67,493.78
1784852720451,0,98,59,687.60
1784852720451,1,100,67,506.84
1784852720591,0,98,60,688.71
1784852720591,1,99,64,511.90
1784852720731,0,91,55,694.03
1784852720731,1,97,60,520.32
1784852720870,0,91,55,693.97
1784852720870,1,97,60,525.31
1784852721010,0,95,52,692.74
1784852721010,1,100,68,520.79
1784852721151,0,98,57,691.28
1784852721151,1,95,54,528.49
1784852721292,0,98,57,693.27
1784852721292,1,100,64,532.24
1784852721430,0,98,57,692.60
1784852721430,1,100,64,533.44
1784852721570,0,98,58,692.10
1784852721570,1,96,54,551.50
1784852721710,0,98,58,691.16
1784852721710,1,93,57,555.60
1784852721849,0,90,53,684.38
1784852721849,1,93,57,563.52
1784852721989,0,95,52,678.71
1784852721989,1,99,61,581.54
1784852722128,0,98,57,686.71
1784852722128,1,94,61,596.37
1784852722270,0,98,57,683.21
1784852722270,1,94,61,602.90
1784852722410,0,98,58,683.96
1784852722410,1,93,58,609.88
1784852722552,0,98,58,685.02
1784852722552,1,94,57,605.61
1784852722694,0,98,58,686.51
1784852722694,1,99,64,602.96
1784852722833,0,90,54,683.82
1784852722833,1,99,64,603.47
1784852722972,0,95,51,682.92
1784852722972,1,96,61,598.98
1784852723111,0,95,51,682.27
1784852723111,1,98,62,586.59
1784852723251,0,98,57,679.85
1784852723251,1,98,62,592.23
1784852723390,0,98,57,678.02
1784852723390,1,99,63,589.28
1784852723532,0,98,57,675.99
1784852723532,1,95,60,582.74
1784852723673,0,98,57,675.70
1784852723673,1,95,60,595.61
1784852723811,0,72,43,629.05
1784852723811,1,96,61,596.28
1784852723949,0,0,0,525.17
1784852723949,1,96,63,590.49
1784852724090,0,0,0,515.98
1784852724090,1,96,63,587.17
1784852724230,0,95,52,518.93
1784852724230,1,94,58,577.36
1784852724369,0,91,46,510.72
1784852724369,1,99,56,592.08
1784852724510,0,91,46,516.12
1784852724510,1,97,63,585.12
1784852724650,0,98,58,517.27
1784852724650,1,97,63,570.77
1784852724789,0,98,58,555.34
1784852724789,1,97,62,570.67
1784852724929,0,98,57,671.70
1784852724929,1,99,65,563.52
1784852725068,0,98,57,668.11
1784852725068,1,99,65,566.73
1784852725208,0,100,100,626.84
1784852725208,1,98,66,535.78
1784852725349,0,82,24,537.15
1784852725349,1,61,36,498.61
1784852725483,0,82,24,484.34
1784852725483,1,61,36,457.96
1784852725617,0,0,0,427.40
1784852725617,1,0,0,374.20
1784852725751,0,0,0,318.96
1784852725751,1,5,1,332.36
1784852725886,0,0,0,265.93
1784852725886,1,5,1,295.73
1784852726018,0,0,0,212.53
1784852726018,1,0,0,233.76
1784852726154,0,49,7,153.71
1784852726154,1,100,64,212.71
1784852726288,0,49,7,147.26
1784852726288,1,100,64,254.09
1784852726423,0,0,0,136.36
1784852726423,1,100,50,347.57
1784852726557,0,0,0,135.95
1784852726557,1,100,47,406.54
1784852726691,0,0,0,135.54
1784852726691,1,100,47,470.49
1784852726826,0,0,0,134.83
1784852726826,1,100,46,588.87
1784852726960,0,0,0,134.50
1784852726960,1,100,49,645.51
1784852727097,0,0,0,131.85
1784852727097,1,100,69,660.22
1784852727233,0,0,0,131.31
1784852727233,1,100,69,658.50
1784852727371,0,0,0,131.14
1784852727371,1,92,55,637.40
1784852727507,0,0,0,131.06
1784852727507,1,90,55,607.26
1784852727644,0,0,0,130.70
1784852727644,1,90,55,592.95
1784852727780,0,0,0,130.57
1784852727780,1,100,68,569.06
1784852727917,0,0,0,130.49
1784852727917,1,100,67,527.96
1784852728055,0,0,0,130.31
1784852728055,1,100,67,528.09
1784852728192,0,0,0,130.22
1784852728192,1,94,60,528.33
1784852728328,0,0,0,130.06
1784852728328,1,100,68,522.81
1784852728465,0,0,0,129.97
1784852728465,1,100,68,514.74
1784852728602,0,0,0,129.87
1784852728602,1,99,57,517.35
1784852728739,0,0,0,129.68
1784852728739,1,99,65,519.77
1784852728876,0,0,0,134.63
1784852728876,1,99,65,515.98
1784852729015,0,42,24,189.93
1784852729015,1,94,59,534.76
1784852729153,0,95,52,295.06
1784852729153,1,89,52,543.99
1784852729293,0,95,52,348.88
1784852729293,1,89,52,554.77
1784852729433,0,98,59,463.19
1784852729433,1,96,59,569.00
1784852729573,0,98,59,520.89
1784852729573,1,90,56,556.64
1784852729713,0,98,59,567.32
1784852729713,1,98,64,561.56
1784852729852,0,98,59,682.28
1784852729852,1,98,64,554.75
1784852729990,0,89,53,686.22
1784852729990,1,96,63,553.62
1784852730128,0,90,50,689.20
1784852730128,1,92,57,534.25
1784852730267,0,90,50,695.76
1784852730267,1,92,57,527.72
1784852730405,0,98,60,690.48
1784852730405,1,100,65,509.86
1784852730546,0,98,60,691.88
1784852730546,1,95,65,499.97
1784852730685,0,98,60,689.23
1784852730685,1,95,65,501.67
1784852730825,0,98,60,689.95
1784852730825,1,93,61,500.52
1784852730964,0,88,51,688.25
1784852730964,1,98,63,499.04
1784852731104,0,88,51,689.02
1784852731104,1,96,64,497.75
1784852731243,0,91,49,675.53
1784852731243,1,96,64,498.98
1784852731382,0,98,58,681.35
1784852731382,1,93,56,504.49
1784852731521,0,98,59,679.32
1784852731521,1,99,62,504.09
1784852731662,0,98,59,685.54
1784852731662,1,99,62,500.20
1784852731811,0,98,58,642.35
1784852731811,1,92,54,497.90
1784852731984,0,21,13,618.11
1784852731984,1,77,51,486.04
1784852732123,0,94,53,630.48
1784852732123,1,98,61,504.04
1784852732263,0,94,53,629.96
1784852732263,1,98,61,504.49
1784852732404,0,98,53,627.27
1784852732404,1,95,61,521.66
1784852732542,0,98,58,629.14
1784852732542,1,98,61,523.60
1784852732683,0,98,58,622.49
1784852732683,1,98,61,527.03
1784852732824,0,98,59,667.25
1784852732824,1,91,55,550.55
1784852732962,0,98,58,689.78
1784852732962,1,88,47,579.87
1784852733103,0,98,58,691.95
1784852733103,1,100,57,599.58
1784852733243,0,95,53,681.12
1784852733243,1,100,57,611.42
1784852733382,0,98,53,677.58
1784852733382,1,100,60,623.26
1784852733523,0,98,58,677.62
1784852733523,1,100,67,612.83
1784852733663,0,98,58,679.34
1784852733663,1,100,67,605.96
1784852733802,0,98,58,679.71
1784852733802,1,97,62,598.06
1784852733942,0,98,60,677.15
1784852733942,1,100,69,582.28
1784852734081,0,98,60,674.10
1784852734081,1,100,69,576.51
1784852734218,0,95,53,671.25
1784852734218,1,95,58,562.31
1784852734358,0,98,57,685.61
1784852734358,1,91,57,559.11
1784852734497,0,98,57,680.04
1784852734497,1,100,56,579.84
1784852734637,0,98,59,683.90
1784852734637,1,100,56,592.64
1784852734784,0,98,60,681.46
1784852734784,1,96,66,589.92
1784852734923,0,98,60,683.64
1784852734923,1,94,61,598.60
1784852735062,0,91,55,688.35
1784852735062,1,94,61,599.62
1784852735201,0,94,53,687.87
1784852735201,1,100,66,600.50
1784852735339,0,98,57,682.48
1784852735339,1,94,56,601.83
1784852735479,0,98,57,687.91
1784852735479,1,94,56,590.08
1784852735618,0,98,58,680.34
1784852735618,1,100,70,575.25
1784852735756,0,98,58,684.34
1784852735756,1,90,59,571.56
1784852735896,0,98,58,681.39
1784852735896,1,90,59,570.86
1784852736035,0,90,55,677.82
1784852736035,1,99,67,561.06
1784852736174,0,95,53,671.72
1784852736174,1,96,62,562.41
1784852736313,0,95,53,683.18
1784852736313,1,97,62,547.82
1784852736453,0,98,60,670.97
1784852736453,1,97,62,550.15
1784852736594,0,98,60,670.79
1784852736594,1,97,62,549.01
1784852736733,0,98,60,660.73
1784852736733,1,98,59,549.66
1784852736872,0,98,60,654.94
1784852736872,1,98,59,556.09
1784852737010,0,90,55,662.95
1784852737010,1,96,58,560.09
1784852737150,0,95,53,657.92
1784852737150,1,98,65,555.12
1784852737289,0,95,53,660.60
1784852737289,1,98,65,546.90
1784852737429,0,98,60,668.41
1784852737429,1,98,65,540.04
1784852737570,0,98,60,669.64
1784852737570,1,94,61,539.41
1784852737709,0,98,60,674.84
1784852737709,1,97,60,541.38
1784852737849,0,98,60,674.14
1784852737849,1,97,60,537.88
1784852737989,0,89,53,675.99
1784852737989,1,97,59,538.22
1784852738129,0,96,51,670.28
1784852738129,1,100,68,533.93
1784852738268,0,96,51,673.65
1784852738268,1,100,68,547.42
1784852738408,0,98,59,677.97
1784852738408,1,99,52,561.64
1784852738547,0,98,58,684.90
1784852738547,1,90,55,565.13
1784852738687,0,98,58,681.06
1784852738687,1,90,55,566.15
1784852738825,0,98,58,683.46
1784852738825,1,97,64,558.49
1784852738965,0,89,52,679.48
1784852738965,1,96,64,552.30
1784852739106,0,89,52,679.59
1784852739106,1,98,66,558.21
1784852739245,0,96,50,671.41
1784852739245,1,98,66,546.57
1784852739385,0,98,60,667.61
1784852739385,1,99,66,541.85
1784852739523,0,98,60,661.01
1784852739523,1,96,64,540.09
1784852739663,0,98,61,656.13
1784852739663,1,96,64,539.91
1784852739803,0,98,61,654.74
1784852739803,1,95,61,537.08
1784852739942,0,89,53,665.22
1784852739942,1,100,69,530.98
1784852740082,0,89,53,637.72
1784852740082,1,100,69,522.78
1784852740219,0,4,3,593.13
1784852740219,1,98,66,524.03
1784852740356,0,0,0,522.95
1784852740356,1,100,67,521.35
1784852740496,0,0,0,519.26
1784852740496,1,100,67,508.83
1784852740635,0,98,54,519.97
1784852740635,1,100,69,497.50
1784852740775,0,98,59,524.52
1784852740775,1,95,63,495.07
1784852740916,0,98,59,525.74
1784852740916,1,96,64,491.27
1784852741056,0,98,60,541.31
1784852741056,1,96,64,488.84
1784852741197,0,98,60,599.67
1784852741197,1,100,70,481.29
1784852741336,0,94,53,689.72
1784852741336,1,100,70,474.56
1784852741474,0,94,53,687.69
1784852741474,1,100,70,485.49
1784852741612,0,98,55,696.19
1784852741612,1,96,60,507.01
1784852741752,0,98,58,695.71
1784852741752,1,96,63,502.33
1784852741891,0,98,58,702.79
1784852741891,1,96,63,508.45
1784852742030,0,98,58,699.04
1784852742030,1,97,64,529.28
1784852742170,0,98,59,696.86
1784852742170,1,91,53,536.31
1784852742310,0,98,59,691.64
1784852742310,1,98,63,548.36
1784852742449,0,95,53,688.20
1784852742449,1,98,63,547.29
1784852742589,0,98,55,686.85
1784852742589,1,97,58,546.09
1784852742730,0,98,55,685.86
1784852742730,1,99,64,552.55
1784852742869,0,98,59,686.28
1784852742869,1,99,64,549.42
1784852743009,0,98,58,682.98
1784852743009,1,99,65,546.60
1784852743148,0,94,56,687.92
1784852743148,1,97,60,543.38
1784852743287,0,94,56,691.60
1784852743287,1,97,60,534.67
1784852743427,0,95,53,693.50
1784852743427,1,97,58,540.90
1784852743568,0,98,56,689.71
1784852743568,1,100,68,524.42
1784852743706,0,98,56,690.96
1784852743706,1,100,70,516.77
1784852743845,0,98,59,687.95
1784852743845,1,100,70,514.30
1784852743987,0,98,60,692.84
1784852743987,1,93,60,512.68
1784852744125,0,98,60,694.21
1784852744125,1,95,61,508.39
1784852744265,0,90,55,694.50
1784852744265,1,95,61,519.43
1784852744404,0,94,52,691.58
1784852744404,1,98,61,502.43
1784852744543,0,98,57,701.13
1784852744543,1,100,69,504.36
1784852744682,0,98,57,699.40
1784852744682,1,100,69,500.30
1784852744823,0,98,58,694.19
1784852744823,1,96,58,519.49
1784852744961,0,98,57,696.27
1784852744961,1,97,58,533.51
1784852745100,0,98,57,695.40
1784852745100,1,97,58,537.68
1784852745238,0,90,55,688.08
1784852745238,1,95,62,543.58
1784852745378,0,95,52,683.26
1784852745378,1,99,63,547.12
1784852745519,0,95,52,684.18
1784852745519,1,97,62,566.42
1784852745659,0,98,59,680.94
1784852745659,1,97,62,580.43
1784852745799,0,98,59,685.61
1784852745799,1,96,59,569.65
1784852745938,0,98,59,681.04
1784852745938,1,99,64,558.93
1784852746078,0,98,59,683.19
1784852746078,1,99,64,559.19
1784852746218,0,90,54,687.95
1784852746218,1,98,67,552.24
1784852746357,0,95,54,685.51
1784852746357,1,100,67,550.85
1784852746496,0,95,54,688.59
1784852746496,1,100,67,548.35
1784852746634,0,98,58,690.57
1784852746634,1,100,69,524.67
1784852746775,0,98,59,688.56
1784852746775,1,100,67,528.33
1784852746916,0,98,59,689.80
1784852746916,1,99,62,547.94
1784852747056,0,98,60,690.06
1784852747056,1,99,62,549.48
1784852747196,0,90,55,690.16
1784852747196,1,96,55,563.95
1784852747334,0,95,53,677.88
1784852747334,1,100,64,570.16
1784852747473,0,95,53,679.25
1784852747473,1,100,64,579.27
1784852747612,0,98,59,683.18
1784852747612,1,98,66,583.31
1784852747752,0,98,58,679.86
1784852747752,1,99,66,575.43
1784852747891,0,98,58,681.78
1784852747891,1,99,66,583.79
1784852748029,0,98,58,679.56
1784852748029,1,100,67,571.55
1784852748167,0,89,54,678.98
1784852748167,1,92,57,563.45
1784852748306,0,89,54,684.82
1784852748306,1,100,62,570.64
1784852748443,0,95,54,691.90
1784852748443,1,100,62,556.89
1784852748583,0,98,60,693.18
1784852748583,1,97,66,559.88
1784852748725,0,98,60,686.38
1784852748725,1,100,66,564.91
1784852748866,0,98,60,686.56
1784852748866,1,100,66,556.49
1784852749005,0,98,61,684.69
1784852749005,1,100,69,540.55
1784852749145,0,89,54,689.02
1784852749145,1,100,67,538.26
1784852749285,0,89,54,684.28
1784852749285,1,100,67,531.28
1784852749423,0,95,52,676.29
1784852749423,1,100,68,516.35
1784852749563,0,97,58,676.99
1784852749563,1,95,57,516.33
1784852749703,0,97,58,682.70
1784852749703,1,95,57,501.11
1784852749844,0,98,58,683.55
1784852749844,1,100,68,502.69
1784852749984,0,98,58,685.44
1784852749984,1,98,65,503.88
1784852750123,0,98,58,684.41
1784852750123,1,93,61,495.67
1784852750264,0,89,53,690.70
1784852750264,1,93,61,489.49
1784852750402,0,95,51,694.45
1784852750402,1,98,64,500.28
1784852750543,0,98,59,699.83
1784852750543,1,100,65,507.38
1784852750681,0,98,59,697.78
1784852750681,1,100,65,520.48
1784852750822,0,97,59,703.79
1784852750822,1,99,63,535.38
1784852750962,0,98,59,696.37
1784852750962,1,96,61,542.29
1784852751101,0,98,59,693.83
1784852751101,1,96,61,537.63
1784852751238,0,89,52,689.70
1784852751238,1,100,68,542.95
1784852751377,0,96,50,683.70
1784852751377,1,100,67,535.85
1784852751526,0,74,45,638.74
1784852751526,1,64,41,506.24
1784852751715,0,74,45,611.91
1784852751715,1,88,55,482.85
1784852751853,0,69,41,615.31
1784852751853,1,88,55,480.81
1784852751992,0,98,58,620.87
1784852751992,1,100,69,477.48
1784852752132,0,98,58,623.53
1784852752132,1,96,61,477.26
1784852752273,0,98,59,619.54
1784852752273,1,96,61,472.70
1784852752413,0,95,53,629.05
1784852752413,1,100,69,480.25
1784852752556,0,98,40,639.90
1784852752556,1,94,58,494.85
1784852752696,0,98,40,679.74
1784852752696,1,94,58,517.36
1784852752835,0,98,59,674.87
1784852752835,1,96,61,497.34
1784852752975,0,98,59,675.43
1784852752975,1,100,69,500.31
1784852753116,0,98,59,673.74
1784852753116,1,93,56,502.52
1784852753254,0,98,59,672.72
1784852753254,1,93,56,506.87
1784852753393,0,95,54,675.29
1784852753393,1,100,67,508.57
1784852753534,0,95,54,699.20
1784852753534,1,95,54,514.66
1784852753675,0,91,47,696.44
1784852753675,1,95,54,517.25
1784852753813,0,98,59,696.52
1784852753813,1,98,60,529.33
1784852753952,0,98,58,696.44
1784852753952,1,98,59,532.36
1784852754092,0,98,58,695.02
1784852754092,1,98,59,537.45
1784852754231,0,98,59,695.24
1784852754231,1,100,68,534.94
1784852754372,0,95,54,692.86
1784852754372,1,98,61,546.99
1784852754512,0,95,54,687.05
1784852754512,1,95,58,554.32
1784852754651,0,92,49,694.12
1784852754651,1,95,58,557.25
1784852754791,0,98,59,693.63
1784852754791,1,96,57,557.35
1784852754930,0,98,59,692.90
1784852754930,1,95,57,561.13
1784852755070,0,98,58,697.75
1784852755070,1,95,57,578.84
1784852755210,0,98,58,693.23
1784852755210,1,100,64,568.90
1784852755349,0,95,53,693.51
1784852755349,1,94,62,560.20
1784852755489,0,95,53,695.11
1784852755489,1,94,62,557.01
1784852755629,0,91,44,691.57
1784852755629,1,95,50,562.74
1784852755770,0,98,59,691.64
1784852755770,1,98,61,560.91
1784852755908,0,98,59,692.72
1784852755908,1,98,61,583.78
1784852756048,0,98,59,688.86
1784852756048,1,97,60,567.59
1784852756188,0,98,58,692.30
1784852756188,1,96,61,581.99
1784852756328,0,98,58,693.71
1784852756328,1,94,54,603.66
1784852756467,0,95,54,681.32
1784852756467,1,94,54,593.40
1784852756608,0,92,47,687.40
1784852756608,1,97,65,571.12
1784852756749,0,98,59,686.64
1784852756749,1,100,67,560.18
1784852756889,0,98,59,687.09
1784852756889,1,100,67,550.46
1784852757028,0,98,58,687.30
1784852757028,1,98,63,543.11
1784852757169,0,98,59,681.62
1784852757169,1,99,63,537.61
1784852757309,0,98,59,682.13
1784852757309,1,99,63,514.79
1784852757450,0,95,55,683.16
1784852757450,1,100,67,518.94
1784852757589,0,92,46,677.69
1784852757589,1,100,68,512.35
1784852757730,0,92,46,678.64
1784852757730,1,100,66,512.63
1784852757869,0,98,62,671.19
1784852757869,1,100,66,510.88
1784852758009,0,98,63,665.75
1784852758009,1,98,66,491.51
1784852758149,0,98,62,664.99
1784852758149,1,100,71,484.29
1784852758289,0,98,62,670.67
1784852758289,1,100,71,478.18
1784852758428,0,95,55,674.35
1784852758428,1,98,65,468.53
1784852758566,0,92,47,675.87
1784852758566,1,96,63,472.80
1784852758706,0,92,47,678.45
1784852758706,1,96,63,467.40
1784852758847,0,98,61,683.26
1784852758847,1,100,69,463.85
1784852758986,0,98,61,690.40
1784852758986,1,94,55,485.52
1784852759126,0,98,61,685.83
1784852759126,1,100,62,494.87
1784852759264,0,98,62,682.74
1784852759264,1,100,62,497.03
1784852759405,0,94,52,679.20
1784852759405,1,100,62,505.19
1784852759543,0,92,44,677.79
1784852759543,1,98,65,511.99
1784852759683,0,92,44,672.24
1784852759683,1,98,65,512.95
1784852759823,0,98,59,666.15
1784852759823,1,100,68,514.53
1784852759963,0,98,59,657.53
1784852759963,1,97,62,502.23
1784852760103,0,98,59,659.89
1784852760103,1,97,62,511.50
1784852760242,0,98,59,666.88
1784852760242,1,98,61,534.36
1784852760381,0,95,52,670.65
1784852760381,1,94,47,542.73
1784852760539,0,94,36,652.40
1784852760539,1,96,56,562.67
1784852760681,0,94,36,652.35
1784852760681,1,96,56,580.90
1784852760822,0,98,60,662.86
1784852760822,1,100,63,588.62
1784852760962,0,98,61,665.49
1784852760962,1,91,60,587.63
1784852761103,0,98,61,668.33
1784852761103,1,91,60,579.22
1784852761244,0,98,61,659.02
1784852761244,1,100,60,565.82
1784852761384,0,94,53,662.35
1784852761384,1,94,59,560.97
1784852761524,0,94,53,682.02
1784852761524,1,95,58,565.33
1784852761664,0,92,46,686.99
1784852761664,1,95,58,563.14
1784852761803,0,98,60,682.65
1784852761803,1,88,52,564.92
1784852761943,0,97,59,681.85
1784852761943,1,99,65,569.68
1784852762083,0,97,59,677.55
1784852762083,1,99,65,565.70
1784852762224,0,98,59,675.59
1784852762224,1,94,57,563.26
1784852762365,0,95,52,676.46
1784852762365,1,99,65,550.53
1784852762505,0,95,52,669.53
1784852762505,1,99,65,545.94
1784852762646,0,91,45,677.57
1784852762646,1,98,65,521.59
1784852762786,0,98,59,677.07
1784852762786,1,100,70,513.99
1784852762925,0,98,59,684.16
1784852762925,1,96,64,516.91
1784852763067,0,98,58,685.05
1784852763067,1,96,64,511.68
1784852763209,0,98,58,681.87
1784852763209,1,100,67,499.80
1784852763351,0,95,52,686.56
1784852763351,1,97,67,497.54
1784852763491,0,95,52,686.01
1784852763491,1,97,67,483.18
1784852763630,0,91,47,691.58
1784852763630,1,100,67,491.24
1784852763770,0,98,61,688.75
1784852763770,1,97,58,503.71
1784852763909,0,98,61,689.03
1784852763909,1,97,58,504.71
1784852764048,0,98,61,688.15
1784852764048,1,100,64,513.41
1784852764187,0,98,61,689.15
1784852764187,1,99,62,522.65
1784852764326,0,98,61,690.07
1784852764326,1,90,54,534.42
1784852764464,0,95,53,687.85
1784852764464,1,90,54,550.63
1784852764604,0,92,45,679.35
1784852764604,1,99,55,565.78
1784852764746,0,98,58,685.60
1784852764746,1,97,64,561.84
1784852764886,0,98,58,678.53
1784852764886,1,97,64,561.73
1784852765024,0,98,58,682.53
1784852765024,1,93,62,569.24
1784852765162,0,98,58,676.70
1784852765162,1,100,68,562.31
1784852765302,0,98,58,682.54
1784852765302,1,100,68,563.08
1784852765443,0,95,56,687.27
1784852765443,1,98,62,557.56
1784852765583,0,92,48,690.82
1784852765583,1,95,62,545.07
1784852765724,0,92,48,694.09
1784852765724,1,100,68,526.65
1784852765864,0,98,60,697.07
1784852765864,1,100,68,532.64
1784852766004,0,98,61,700.14
1784852766004,1,94,55,530.61
1784852766143,0,98,60,692.87
1784852766143,1,100,67,523.53
1784852766283,0,98,60,689.77
1784852766283,1,100,67,523.66
1784852766422,0,94,54,687.76
1784852766422,1,100,68,513.27
1784852766560,0,92,48,692.50
1784852766560,1,95,61,515.93
1784852766697,0,92,48,691.24
1784852766697,1,95,61,514.05
1784852766836,0,98,59,687.07
1784852766836,1,100,68,504.94
1784852766975,0,98,58,689.50
1784852766975,1,97,63,495.30
1784852767114,0,98,58,689.09
1784852767114,1,97,63,493.94
1784852767253,0,98,59,692.94
1784852767253,1,98,63,487.98
1784852767392,0,95,54,693.69
1784852767392,1,99,67,491.62
1784852767533,0,95,54,693.18
1784852767533,1,97,63,481.12
1784852767671,0,92,48,686.17
1784852767671,1,97,63,490.14
1784852767810,0,98,60,686.91
1784852767810,1,95,59,501.77
1784852767950,0,98,60,682.24
1784852767950,1,96,59,515.35
1784852768089,0,98,60,682.25
1784852768089,1,96,59,527.68
1784852768229,0,98,59,686.76
1784852768229,1,100,68,533.33
1784852768368,0,95,54,682.82
1784852768368,1,98,66,527.28
1784852768506,0,95,54,678.26
1784852768506,1,98,66,535.53
1784852768645,0,92,48,681.41
1784852768645,1,98,64,535.00
1784852768786,0,97,59,685.37
1784852768786,1,100,67,527.38
1784852768925,0,97,59,683.86
1784852768925,1,100,68,511.92
1784852769064,0,98,58,686.96
1784852769064,1,100,68,512.31
1784852769203,0,98,59,683.54
1784852769203,1,96,58,526.60
1784852769343,0,95,54,693.51
1784852769343,1,86,51,529.25
1784852769483,0,95,54,694.54
1784852769483,1,86,51,530.28
1784852769621,0,92,48,695.34
1784852769621,1,87,52,538.69
1784852769761,0,98,60,692.93
1784852769761,1,98,57,546.30
1784852769901,0,98,60,691.93
1784852769901,1,98,57,557.07
1784852770041,0,98,59,687.60
1784852770041,1,99,65,555.65
1784852770181,0,98,60,690.17
1784852770181,1,100,67,540.05
1784852770320,0,98,60,690.33
1784852770320,1,99,66,536.32
1784852770460,0,94,53,686.92
1784852770460,1,99,66,532.25
1784852770599,0,92,50,685.46
1784852770599,1,96,65,525.34
1784852770739,0,92,50,690.96
1784852770739,1,94,59,508.76
1784852770879,0,98,59,687.50
1784852770879,1,94,59,497.37
1784852771020,0,98,59,693.10
1784852771020,1,99,64,486.55
1784852771159,0,98,59,687.06
1784852771159,1,92,54,501.20
1784852771299,0,98,59,687.21
1784852771299,1,92,54,511.54
1784852771438,0,94,53,686.48
1784852771438,1,98,63,502.53
1784852771576,0,92,50,680.94
1784852771576,1,97,60,512.94
1784852771715,0,92,50,677.92
1784852771715,1,95,60,522.26
1784852771856,0,98,59,677.31
1784852771856,1,95,60,531.22
1784852772154,0,42,26,618.28
1784852772154,1,54,34,496.86
1784852772294,0,42,26,611.61
1784852772294,1,54,34,495.79
1784852772433,0,89,53,611.87
1784852772433,1,94,57,515.58
1784852772573,0,95,52,620.36
1784852772573,1,96,60,513.10
1784852772713,0,95,52,616.44
1784852772713,1,96,60,520.89
1784852772852,0,98,58,621.07
1784852772852,1,96,61,526.56
1784852772992,0,98,58,654.53
1784852772992,1,96,54,546.42
1784852773130,0,98,58,689.85
1784852773130,1,99,57,584.43
1784852773270,0,98,57,693.37
1784852773270,1,99,57,580.74
1784852773409,0,90,53,694.38
1784852773409,1,96,60,579.60
1784852773547,0,95,54,694.08
1784852773547,1,94,58,577.97
1784852773687,0,95,54,690.93
1784852773687,1,94,58,576.58
1784852773827,0,98,59,686.55
1784852773827,1,100,67,568.10
1784852773965,0,98,59,682.70
1784852773965,1,98,62,563.25
1784852774105,0,98,59,678.45
1784852774105,1,98,62,571.66
1784852774247,0,98,59,681.77
1784852774247,1,97,55,577.34
1784852774387,0,90,53,683.50
1784852774387,1,99,64,574.80
1784852774528,0,90,53,683.49
1784852774528,1,97,63,569.24
1784852774666,0,95,52,699.71
1784852774666,1,97,63,568.60
1784852774806,0,98,58,700.30
1784852774806,1,99,66,576.05
1784852774944,0,98,58,698.52
1784852774944,1,100,64,562.62
1784852775083,0,98,58,706.10
1784852775083,1,100,64,543.58
1784852775222,0,98,58,699.43
1784852775222,1,99,65,533.29
1784852775361,0,89,52,695.03
1784852775361,1,93,58,530.35
1784852775502,0,89,52,696.64
1784852775502,1,93,58,527.82
1784852775640,0,96,50,689.00
1784852775640,1,96,63,524.76
1784852775780,0,98,60,682.04
1784852775780,1,100,65,535.41
1784852775920,0,98,60,678.24
1784852775920,1,96,59,534.91
1784852776060,0,98,60,676.00
1784852776060,1,96,59,536.17
1784852776201,0,98,60,680.56
1784852776201,1,99,66,532.50
1784852776340,0,98,60,685.36
1784852776340,1,97,59,527.84
1784852776480,0,88,52,681.17
1784852776480,1,97,59,530.34
1784852776620,0,90,48,670.91
1784852776620,1,95,60,539.64
1784852776760,0,98,60,672.47
1784852776760,1,89,50,527.61
1784852776899,0,98,60,673.95
1784852776899,1,89,50,524.51
1784852777039,0,98,60,669.72
1784852777039,1,100,66,520.00
1784852777178,0,98,61,668.44
1784852777178,1,99,65,520.70
1784852777315,0,98,61,670.52
1784852777315,1,99,65,524.25
1784852777453,0,95,53,663.58
1784852777453,1,99,65,521.32
1784852777591,0,91,44,666.81
1784852777591,1,100,66,519.91
1784852777729,0,91,44,668.65
1784852777729,1,97,63,502.49
1784852777867,0,98,59,665.37
1784852777867,1,97,63,511.15
1784852778006,0,98,58,664.34
1784852778006,1,97,61,516.05
1784852778145,0,98,58,663.29
1784852778145,1,94,55,525.84
1784852778284,0,98,59,663.72
1784852778284,1,94,55,528.76
1784852778423,0,95,53,665.96
1784852778423,1,100,67,532.58
1784852778562,0,92,46,672.38
1784852778562,1,84,45,536.07
1784852778702,0,92,46,676.06
1784852778702,1,84,45,539.73
1784852778842,0,98,59,681.28
1784852778842,1,99,63,548.00
1784852778981,0,98,59,689.02
1784852778981,1,100,57,559.20
1784852779121,0,98,59,692.22
1784852779121,1,100,62,548.06
1784852779266,0,98,60,688.46
1784852779266,1,100,62,546.51
1784852779405,0,95,52,682.91
1784852779405,1,98,63,552.77
1784852779543,0,95,52,680.95
1784852779543,1,96,61,546.59
1784852779684,0,92,45,686.84
1784852779684,1,96,61,545.80
1784852779823,0,98,57,684.27
1784852779823,1,97,58,553.52
1784852779965,0,98,57,685.16
1784852779965,1,96,60,537.30
1784852780104,0,98,57,685.02
1784852780104,1,96,60,541.32
1784852780245,0,98,57,683.01
1784852780245,1,98,62,539.57
1784852780386,0,94,52,639.03
1784852780386,1,98,64,539.39
1784852780524,0,94,52,591.18
1784852780524,1,96,61,533.74
1784852780661,0,0,0,521.18
1784852780661,1,96,61,545.66
1784852780802,0,83,47,521.10
1784852780802,1,93,53,537.28
1784852780942,0,83,47,516.06
1784852780942,1,93,60,532.90
1784852781082,0,98,58,512.63
1784852781082,1,93,60,528.22
1784852781222,0,98,58,524.04
1784852781222,1,93,58,537.89
1784852781363,0,98,58,562.23
1784852781363,1,95,57,550.43
1784852781502,0,98,58,609.91
1784852781502,1,95,57,574.33
1784852781641,0,90,54,672.33
1784852781641,1,100,58,578.72
1784852781781,0,95,53,679.94
1784852781781,1,97,58,567.35
1784852781921,0,95,53,688.69
1784852781921,1,97,58,581.02
1784852782062,0,98,59,684.85
1784852782062,1,100,63,583.68
1784852782200,0,98,59,686.85
1784852782200,1,93,55,590.52
1784852782339,0,98,59,682.26
1784852782339,1,96,60,584.75
1784852782479,0,98,59,684.90
1784852782479,1,96,60,561.44
1784852782617,0,89,53,690.35
1784852782617,1,93,56,575.30
1784852782757,0,95,53,690.56
1784852782757,1,94,59,568.35
1784852782896,0,95,53,683.64
1784852782896,1,94,59,563.85
1784852783037,0,98,59,680.01
1784852783037,1,95,55,568.42
1784852783177,0,98,60,677.33
1784852783177,1,99,65,564.44
1784852783318,0,98,60,679.68
1784852783318,1,99,65,556.84
1784852783460,0,98,60,674.59
1784852783460,1,94,55,582.64
1784852783601,0,89,54,674.44
1784852783601,1,97,55,569.74
1784852783741,0,89,54,675.99
1784852783741,1,100,67,567.66
1784852783881,0,96,52,685.85
1784852783881,1,100,67,565.17
1784852784019,0,98,60,683.09
1784852784019,1,100,70,562.29
1784852784158,0,98,60,678.57
1784852784158,1,97,62,561.64
1784852784298,0,98,60,678.43
1784852784298,1,97,62,565.46
1784852784439,0,98,60,674.82
1784852784439,1,97,57,561.82
1784852784579,0,94,53,672.29
1784852784579,1,93,59,557.10
1784852784720,0,94,53,673.84
1784852784720,1,93,59,557.39
1784852784860,0,98,53,675.44
1784852784860,1,89,54,575.43
1784852785001,0,98,58,677.24
1784852785001,1,95,63,578.69
1784852785142,0,98,58,678.66
1784852785142,1,99,69,583.56
1784852785282,0,98,58,687.47
1784852785282,1,99,69,574.87
1784852785422,0,98,58,686.24
1784852785422,1,100,70,575.55
1784852785563,0,94,53,690.49
1784852785563,1,92,58,572.62
1784852785702,0,94,53,693.12
1784852785702,1,92,58,566.74
1784852785842,0,99,52,688.32
1784852785842,1,98,66,547.71
1784852785981,0,98,59,685.89
1784852785981,1,96,60,545.08
1784852786122,0,98,59,686.26
1784852786122,1,96,60,538.09
1784852786263,0,98,59,685.83
1784852786263,1,100,67,537.64
1784852786402,0,97,60,686.51
1784852786402,1,97,64,534.85
1784852786541,0,97,60,691.19
1784852786541,1,100,64,535.02
1784852786680,0,95,53,682.47
1784852786680,1,100,64,530.46
1784852786821,0,98,55,686.79
1784852786821,1,100,69,530.16
1784852786960,0,98,59,690.06
1784852786960,1,96,62,533.29
1784852787101,0,98,59,691.01
1784852787101,1,96,62,532.49
1784852787241,0,98,60,691.44
1784852787241,1,92,58,548.57
1784852787380,0,91,55,690.06
1784852787380,1,94,60,551.53
1784852787520,0,91,55,693.66
1784852787520,1,94,60,554.73
1784852787660,0,94,53,688.64
1784852787660,1,100,50,585.35
1784852787800,0,98,58,687.30
1784852787800,1,96,58,607.77
1784852787947,0,44,26,662.30
1784852787947,1,93,61,593.83
1784852788154,0,44,26,611.39
1784852788154,1,49,34,546.54
1784852788295,0,97,59,609.57
1784852788295,1,49,34,562.41
1784852788435,0,98,60,607.45
1784852788435,1,98,55,561.45
1784852788576,0,88,52,606.20
1784852788576,1,100,67,543.71
1784852788717,0,88,52,610.12
1784852788717,1,100,67,543.16
1784852788857,0,90,48,613.34
1784852788857,1,100,62,523.23
1784852788998,0,98,59,636.08
1784852788998,1,94,60,541.85
1784852789138,0,98,59,675.62
1784852789138,1,100,62,587.59
1784852789280,0,98,59,684.34
1784852789280,1,100,62,569.08
1784852789419,0,98,59,683.36
1784852789419,1,96,62,555.46
1784852789559,0,94,53,678.85
1784852789559,1,87,49,559.53
1784852789698,0,94,53,676.37
1784852789698,1,87,49,577.12
1784852789838,0,91,46,665.42
1784852789838,1,99,54,589.64
1784852789977,0,98,59,675.88
1784852789977,1,97,59,579.13
1784852790117,0,98,59,677.98
1784852790117,1,97,59,585.32
1784852790257,0,98,58,683.58
1784852790257,1,100,64,584.84
1784852790397,0,98,58,684.55
1784852790397,1,100,69,580.79
1784852790536,0,98,58,682.72
1784852790536,1,97,60,576.26
1784852790675,0,91,51,689.22
1784852790675,1,97,60,571.99
1784852790814,0,91,47,692.85
1784852790814,1,95,59,561.57
1784852790955,0,91,47,694.15
1784852790955,1,97,66,540.89
1784852791094,0,98,60,695.17
1784852791094,1,97,66,543.80
1784852791235,0,98,59,691.92
1784852791235,1,99,61,550.91
1784852791375,0,98,58,693.71
1784852791375,1,98,63,552.52
1784852791515,0,98,58,696.12
1784852791515,1,98,63,550.89
1784852791654,0,94,53,698.02
1784852791654,1,91,52,557.68
1784852791793,0,91,45,692.62
1784852791793,1,96,57,565.02
1784852791933,0,91,45,688.19
1784852791933,1,100,66,571.89
1784852792072,0,98,59,691.76
1784852792072,1,100,66,562.45
1784852792211,0,98,59,687.66
1784852792211,1,95,58,559.94
1784852792351,0,98,59,689.95
1784852792351,1,96,61,560.86
1784852792491,0,98,59,694.13
1784852792491,1,96,61,568.58
1784852792631,0,95,54,694.55
1784852792631,1,99,63,568.18
1784852792771,0,91,45,685.46
1784852792771,1,100,55,562.98
1784852792912,0,91,45,681.03
1784852792912,1,100,55,557.32
1784852793052,0,98,60,675.26
1784852793052,1,100,68,569.70
1784852793192,0,98,60,666.98
1784852793192,1,98,63,558.38
1784852793330,0,98,60,664.97
1784852793330,1,98,62,568.97
1784852793470,0,98,60,648.56
1784852793470,1,98,62,564.99
1784852793611,0,94,53,649.67
1784852793611,1,95,59,563.58
1784852793750,0,94,53,657.07
1784852793750,1,96,61,544.43
1784852793889,0,92,47,669.30
1784852793889,1,96,61,545.82
1784852794029,0,97,60,668.04
1784852794029,1,96,60,549.99
1784852794170,0,98,60,671.72
1784852794170,1,96,56,556.89
1784852794310,0,98,60,672.83
1784852794310,1,96,56,546.22
1784852794449,0,98,60,680.77
1784852794449,1,100,63,537.00
1784852794594,0,72,73,640.60
1784852794594,1,98,65,532.16
1784852794732,0,72,73,589.97
1784852794732,1,24,13,487.57
1784852794868,0,83,14,496.96
1784852794868,1,24,13,453.37
1784852795002,0,0,0,448.09
1784852795002,1,0,0,411.68
1784852795136,0,0,0,397.44
1784852795136,1,0,0,328.97
1784852795271,0,0,0,279.26
1784852795271,1,0,0,290.27
1784852795404,0,0,0,229.66
1784852795404,1,0,0,249.58
1784852795541,0,0,0,184.81
1784852795541,1,87,51,221.36
1784852795679,0,0,0,147.54
1784852795679,1,87,51,240.02
1784852795814,0,0,0,139.10
1784852795814,1,100,51,293.48
1784852795949,0,0,0,136.81
1784852795949,1,100,47,398.17
1784852796084,0,0,0,135.90
1784852796084,1,100,47,456.54
1784852796220,0,0,0,135.59
1784852796220,1,100,49,504.45
1784852796358,0,0,0,135.31
1784852796358,1,84,50,580.07
1784852796495,0,0,0,132.63
1784852796495,1,84,50,605.67
1784852796631,0,0,0,132.23
1784852796631,1,96,55,625.80
1784852796768,0,0,0,131.82
1784852796768,1,98,61,618.13
1784852796904,0,0,0,131.60
1784852796904,1,98,61,598.85
1784852797042,0,0,0,131.46
1784852797042,1,100,67,563.98
1784852797178,0,0,0,131.06
1784852797178,1,98,63,557.70
1784852797316,0,0,0,130.84
1784852797316,1,98,63,555.60
1784852797452,0,0,0,130.68
1784852797452,1,90,55,580.06
1784852797589,0,0,0,130.34
1784852797589,1,96,57,578.48
1784852797726,0,0,0,130.15
1784852797726,1,96,57,569.47
1784852797862,0,0,0,129.96
1784852797862,1,96,63,560.37
1784852797998,0,0,0,129.88
1784852797998,1,100,63,560.28
1784852798135,0,0,0,129.77
1784852798135,1,94,54,574.75
1784852798273,0,0,0,129.63
1784852798273,1,94,54,574.39
1784852798416,0,77,44,168.09
1784852798416,1,98,58,569.67
1784852798557,0,77,44,239.08
1784852798557,1,94,58,569.67
1784852798696,0,92,50,339.73
1784852798696,1,94,58,565.74
1784852798835,0,97,57,397.55
1784852798835,1,94,62,579.18
1784852798973,0,98,58,506.84
1784852798973,1,91,52,591.93
1784852799114,0,98,58,575.61
1784852799114,1,91,52,594.89
1784852799254,0,98,58,631.58
1784852799254,1,98,58,609.22
1784852799394,0,90,51,690.46
1784852799394,1,95,57,611.04
1784852799532,0,90,51,688.87
1784852799532,1,99,66,595.98
1784852799671,0,91,47,690.05
1784852799671,1,99,66,601.65
1784852799812,0,98,60,682.29
1784852799812,1,100,65,596.39
1784852799951,0,98,60,677.77
1784852799951,1,93,59,580.64
1784852800090,0,98,60,670.22
1784852800090,1,93,59,568.60
1784852800231,0,98,60,666.86
1784852800231,1,96,63,549.11
1784852800370,0,94,53,669.88
1784852800370,1,94,60,543.30
1784852800509,0,94,53,671.15
1784852800509,1,94,60,534.68
1784852800666,0,97,40,651.90
1784852800666,1,98,67,524.85
1784852800807,0,98,59,661.58
1784852800807,1,94,60,525.48
1784852800946,0,98,59,662.94
1784852800946,1,98,62,536.94
1784852801086,0,98,60,668.80
1784852801086,1,98,62,549.76
1784852801225,0,98,60,669.67
1784852801225,1,89,47,570.46
1784852801364,0,94,53,671.52
1784852801364,1,100,65,579.32
1784852801503,0,94,53,665.78
1784852801503,1,100,65,587.44
1784852801643,0,91,45,673.93
1784852801643,1,98,64,601.67
1784852801783,0,98,59,676.16
1784852801783,1,97,61,605.78
1784852801923,0,98,59,677.82
1784852801923,1,97,61,602.86
1784852802061,0,98,58,679.08
1784852802061,1,99,65,606.03
1784852802202,0,98,58,680.14
1784852802202,1,98,61,604.34
1784852802341,0,98,58,679.56
1784852802341,1,96,59,598.21
1784852802481,0,95,52,683.53
1784852802481,1,96,59,592.10
1784852802620,0,92,45,687.64
1784852802620,1,95,54,600.00
1784852802758,0,92,45,683.78
1784852802758,1,88,53,598.68
1784852802900,0,97,57,690.82
1784852802900,1,88,53,601.57
1784852803039,0,98,57,690.77
1784852803039,1,97,62,588.42
1784852803180,0,98,57,692.85
1784852803180,1,96,60,583.26
1784852803319,0,98,57,685.47
1784852803319,1,96,60,580.45
1784852803459,0,94,51,684.48
1784852803459,1,97,62,563.01
1784852803600,0,91,46,679.08
1784852803600,1,99,65,548.96
1784852803740,0,91,46,686.82
1784852803740,1,97,61,536.91
1784852803879,0,98,58,684.26
1784852803879,1,97,61,526.15
1784852804019,0,98,58,685.77
1784852804019,1,95,57,525.79
1784852804159,0,98,58,681.01
1784852804159,1,99,66,503.57
1784852804300,0,98,58,681.42
1784852804300,1,99,66,506.93
1784852804439,0,95,52,692.99
1784852804439,1,96,58,525.21
1784852804589,0,63,32,678.75
1784852804589,1,97,63,496.89
1784852804812,0,64,38,626.61
1784852804812,1,33,23,471.87
1784852804950,0,64,38,625.98
1784852804950,1,99,54,489.97
1784852805088,0,98,58,633.16
1784852805088,1,99,54,487.28
1784852805228,0,98,57,631.08
1784852805228,1,100,66,491.11
1784852805368,0,98,57,632.50
1784852805368,1,98,62,487.94
1784852805508,0,98,57,628.31
1784852805508,1,98,62,485.98
1784852805646,0,95,52,641.36
1784852805646,1,100,65,518.68
1784852805788,0,99,51,684.26
1784852805788,1,94,58,540.92
1784852805929,0,99,51,677.43
1784852805929,1,94,58,546.61
1784852806068,0,98,58,667.70
1784852806068,1,100,57,559.73
1784852806207,0,98,59,665.79
1784852806207,1,100,65,559.04
1784852806348,0,98,59,663.09
1784852806348,1,99,65,548.29
1784852806489,0,98,60,651.10
1784852806489,1,99,65,536.69
1784852806634,0,95,52,649.76
1784852806634,1,98,66,551.81
1784852806772,0,98,55,662.53
1784852806772,1,95,51,560.41
1784852806914,0,98,55,667.97
1784852806914,1,95,51,567.46
1784852807053,0,97,58,666.32
1784852807053,1,96,53,561.99
1784852807194,0,98,58,676.98
1784852807194,1,100,65,563.10
1784852807335,0,98,58,677.58
1784852807335,1,100,65,577.82
1784852807474,0,91,55,683.01
1784852807474,1,93,60,579.55
1784852807613,0,95,54,687.95
1784852807613,1,100,69,577.74
1784852807752,0,95,54,687.36
1784852807752,1,97,61,558.10
1784852807892,0,98,57,692.39
1784852807892,1,97,61,550.01
1784852808033,0,98,59,694.45
1784852808033,1,98,65,547.77
1784852808171,0,98,57,690.88
1784852808171,1,98,64,534.46
1784852808311,0,98,57,692.10
1784852808311,1,98,64,529.05
1784852808450,0,98,57,692.84
1784852808450,1,100,65,510.75
1784852808589,0,95,53,695.77
1784852808589,1,94,61,515.07
1784852808730,0,95,53,693.56
1784852808730,1,94,61,523.19
1784852808870,0,98,52,686.25
1784852808870,1,93,50,522.47
1784852809010,0,98,58,688.39
1784852809010,1,94,53,524.09
1784852809150,0,98,58,680.39
1784852809150,1,94,56,543.31
1784852809288,0,98,58,680.46
1784852809288,1,94,56,549.65
1784852809429,0,97,58,670.93
1784852809429,1,95,62,555.30
1784852809568,0,95,52,667.87
1784852809568,1,98,59,568.64
1784852809708,0,95,52,668.10
1784852809708,1,98,59,563.89
1784852809847,0,97,55,674.51
1784852809847,1,97,62,564.04
1784852809988,0,98,58,670.74
1784852809988,1,98,63,566.10
1784852810127,0,98,58,679.10
1784852810127,1,98,63,577.71
1784852810267,0,98,58,675.04
1784852810267,1,100,58,562.30
1784852810408,0,91,55,680.72
1784852810408,1,99,64,590.01
1784852810547,0,91,55,681.79
1784852810547,1,100,65,596.31
1784852810686,0,95,53,679.51
1784852810686,1,100,65,603.96
1784852810826,0,98,56,673.92
1784852810826,1,100,63,600.93
1784852810966,0,98,56,666.40
1784852810966,1,87,57,617.21
1784852811106,0,98,60,663.04
1784852811106,1,87,57,607.02
1784852811245,0,98,60,663.13
1784852811245,1,94,61,614.58
1784852811384,0,91,57,655.53
1784852811384,1,100,66,597.52
1784852811522,0,91,57,661.16
1784852811522,1,100,66,595.32
1784852811660,0,94,53,661.36
1784852811660,1,98,66,583.25
1784852811800,0,98,59,671.95
1784852811800,1,100,68,583.62
1784852811940,0,98,59,678.81
1784852811940,1,100,69,561.93
1784852812085,0,98,60,687.54
1784852812085,1,100,69,558.00
1784852812224,0,98,60,688.47
1784852812224,1,100,69,547.32
1784852812364,0,98,60,689.12
1784852812364,1,100,65,542.44
1784852812504,0,91,54,692.38
1784852812504,1,100,65,540.69
1784852812644,0,95,51,687.94
1784852812644,1,95,59,544.84
1784852812784,0,98,58,679.26
1784852812784,1,96,52,543.22
1784852812925,0,98,58,678.99
1784852812925,1,96,52,543.21
1784852813065,0,98,58,680.82
1784852813065,1,100,67,555.65
1784852813204,0,98,58,678.15
1784852813204,1,99,60,571.73
1784852813343,0,98,58,678.76
1784852813343,1,99,60,575.06
1784852813482,0,90,54,683.33
1784852813482,1,99,60,573.58
1784852813621,0,95,53,689.98
1784852813621,1,94,62,565.27
1784852813760,0,95,53,691.01
1784852813760,1,100,66,554.75
1784852813899,0,98,59,692.54
1784852813899,1,100,66,554.38
1784852814039,0,98,59,693.71
1784852814039,1,94,63,550.92
1784852814179,0,98,59,695.36
1784852814179,1,100,68,531.77
1784852814318,0,98,59,693.39
1784852814318,1,100,68,532.73
1784852814457,0,90,53,694.45
1784852814457,1,92,52,556.52
1784852814595,0,95,51,686.26
1784852814595,1,93,55,566.35
1784852814733,0,95,51,674.17
1784852814733,1,93,55,562.05
1784852814873,0,98,57,671.50
1784852814873,1,97,65,561.56
1784852815015,0,98,58,666.35
1784852815015,1,96,63,558.15
1784852815154,0,98,58,663.80
1784852815154,1,94,56,568.50
1784852815293,0,98,58,659.46
1784852815293,1,94,56,576.09
1784852815431,0,89,52,657.18
1784852815431,1,93,52,572.96
1784852815571,0,96,50,659.15
1784852815571,1,100,68,560.66
1784852815712,0,96,50,671.39
1784852815712,1,100,68,561.47
1784852815853,0,98,59,680.34
1784852815853,1,97,63,572.75
1784852815993,0,98,59,684.25
1784852815993,1,98,57,579.81
1784852816132,0,98,59,683.74
1784852816132,1,98,57,581.40
1784852816271,0,98,58,691.04
1784852816271,1,100,63,587.09
1784852816412,0,86,52,693.76
1784852816412,1,98,62,570.33
1784852816552,0,86,52,694.78
1784852816552,1,93,58,579.60
1784852816691,0,96,53,689.15
1784852816691,1,93,58,571.98
1784852816829,0,98,60,682.68
1784852816829,1,100,68,572.69
1784852816970,0,98,60,684.74
1784852816970,1,93,57,590.56
1784852817110,0,98,60,687.20
1784852817110,1,93,57,585.37
1784852817250,0,98,60,687.66
1784852817250,1,100,64,562.43
1784852817391,0,89,52,681.90
1784852817391,1,95,64,559.10
1784852817539,0,89,52,681.73
1784852817539,1,95,64,558.61
1784852817677,0,90,49,687.88
1784852817677,1,95,61,556.57
1784852817816,0,98,59,696.48
1784852817816,1,100,66,553.28
1784852817956,0,98,59,690.41
1784852817956,1,100,67,521.26
1784852818096,0,98,59,688.60
1784852818096,1,100,67,518.62
1784852818236,0,98,59,686.11
1784852818236,1,96,58,512.89
1784852818375,0,88,51,693.32
1784852818375,1,99,64,523.45
1784852818514,0,88,51,690.43
1784852818514,1,99,64,520.87
1784852818654,0,91,48,676.47
1784852818654,1,100,64,504.71
1784852818793,0,98,58,672.18
1784852818793,1,99,66,503.71
1784852818932,0,98,58,677.28
1784852818932,1,99,66,514.29
1784852819072,0,98,58,676.75
1784852819072,1,97,59,523.22
1784852819211,0,98,57,678.01
1784852819211,1,96,61,512.67
1784852819351,0,98,57,678.90
1784852819351,1,99,61,521.65
1784852819490,0,89,52,683.52
1784852819490,1,99,61,525.97
1784852819629,0,91,48,685.12
1784852819629,1,100,64,527.98
1784852819769,0,91,48,681.85
1784852819769,1,100,63,536.92
1784852819909,0,98,60,676.81
1784852819909,1,100,63,525.41
1784852820048,0,98,60,671.94
1784852820048,1,100,68,527.05
1784852820189,0,98,60,671.07
1784852820189,1,99,63,534.32
1784852820329,0,98,60,665.85
1784852820329,1,99,63,537.78
1784852820477,0,94,55,665.87
1784852820477,1,100,63,528.64
1784852820618,0,91,47,665.87
1784852820618,1,99,61,535.37
1784852820758,0,91,47,678.38
1784852820758,1,98,63,529.81
1784852820897,0,98,59,680.11
1784852820897,1,98,63,529.83
1784852821037,0,98,58,687.68
1784852821037,1,100,66,535.04
1784852821175,0,98,59,693.43
1784852821175,1,99,61,530.63
1784852821315,0,98,59,686.37
1784852821315,1,99,61,524.06
1784852821455,0,87,50,686.86
1784852821455,1,100,67,516.16
1784852821594,0,91,48,688.38
1784852821594,1,95,63,513.03
1784852821733,0,91,48,688.87
1784852821733,1,95,63,514.14
1784852821872,0,98,59,690.19
1784852821872,1,98,58,532.46
1784852822011,0,98,59,691.28
1784852822011,1,93,49,535.55
1784852822151,0,98,59,688.17
1784852822151,1,97,62,528.93
1784852822289,0,98,59,688.75
1784852822289,1,97,62,533.32
1784852822429,0,95,53,690.98
1784852822429,1,100,68,533.88
1784852822581,0,60,31,674.90
1784852822581,1,94,58,491.94
1784852822808,0,91,52,626.11
1784852822808,1,29,20,475.25
1784852822946,0,91,52,629.83
1784852822946,1,100,56,488.51
1784852823085,0,98,58,628.84
1784852823085,1,100,56,498.93
1784852823226,0,97,58,631.03
1784852823226,1,100,62,501.56
1784852823366,0,97,58,635.44
1784852823366,1,97,63,515.22
1784852823507,0,98,58,636.14
1784852823507,1,97,63,509.90
1784852823645,0,95,51,645.39
1784852823645,1,93,55,562.72
1784852823785,0,98,51,685.28
1784852823785,1,100,66,587.80
1784852823925,0,98,51,676.44
1784852823925,1,100,66,569.74
1784852824066,0,97,58,676.45
1784852824066,1,100,63,571.07
1784852824206,0,97,58,664.69
1784852824206,1,96,62,559.01
1784852824346,0,97,58,661.16
1784852824346,1,100,63,557.04
1784852824486,0,98,58,660.40
1784852824486,1,100,63,555.41
1784852824627,0,95,52,665.96
1784852824627,1,97,62,547.20
1784852824771,0,95,52,669.60
1784852824771,1,94,63,546.62
1784852824911,0,98,52,674.46
1784852824911,1,94,63,547.70
1784852825051,0,98,57,675.74
1784852825051,1,98,61,551.34
1784852825191,0,98,58,685.94
1784852825191,1,98,66,555.62
1784852825333,0,98,58,688.31
1784852825333,1,98,66,547.38
1784852825473,0,98,56,690.10
1784852825473,1,99,61,559.85
1784852825612,0,95,52,678.06
1784852825612,1,99,63,560.16
1784852825751,0,95,52,672.46
1784852825751,1,100,57,570.76
1784852825891,0,98,51,683.06
1784852825891,1,100,57,590.18
1784852826032,0,97,58,678.86
1784852826032,1,100,50,585.22
1784852826171,0,97,58,680.72
1784852826171,1,99,64,593.76
1784852826309,0,98,57,678.45
1784852826309,1,99,64,587.56
1784852826449,0,98,57,680.79
1784852826449,1,99,65,585.56
1784852826589,0,95,52,687.97
1784852826589,1,100,64,579.85
1784852826728,0,95,52,693.65
1784852826728,1,100,64,568.82
1784852826866,0,98,52,694.85
1784852826866,1,95,63,541.99
1784852827006,0,97,57,696.49
1784852827006,1,96,58,553.08
1784852827146,0,97,57,696.60
1784852827146,1,100,63,551.97
1784852827287,0,98,56,697.98
1784852827287,1,100,63,552.00
1784852827426,0,98,57,695.59
1784852827426,1,99,59,566.15
1784852827564,0,98,57,695.57
1784852827564,1,95,50,577.30
1784852827702,0,95,52,686.90
1784852827702,1,95,50,581.91
1784852827841,0,98,52,685.07
1784852827841,1,94,60,583.90
1784852827981,0,98,57,689.22
1784852827981,1,99,62,578.93
1784852828122,0,98,57,683.50
1784852828122,1,99,62,563.31
1784852828261,0,98,56,682.49
1784852828261,1,98,61,578.12
1784852828400,0,98,56,685.25
1784852828400,1,92,53,566.70
1784852828537,0,98,56,690.21
1784852828537,1,92,53,561.02
1784852828677,0,94,53,699.35
1784852828677,1,97,60,552.17
1784852828817,0,92,50,690.53
1784852828817,1,96,57,561.78
1784852828957,0,92,50,686.58
1784852828957,1,100,63,565.62
1784852829097,0,98,59,688.59
1784852829097,1,100,63,571.61
1784852829235,0,98,59,688.87
1784852829235,1,100,63,569.37
1784852829375,0,98,59,689.53
1784852829375,1,100,69,554.02
1784852829514,0,98,59,689.85
1784852829514,1,100,69,563.30
1784852829653,0,95,52,689.25
1784852829653,1,95,58,562.58
1784852829793,0,98,52,693.03
1784852829793,1,97,59,557.74
1784852829933,0,98,52,698.87
1784852829933,1,97,59,551.06
1784852830072,0,98,57,696.27
1784852830072,1,99,64,551.66
1784852830209,0,98,57,697.61
1784852830209,1,96,63,544.83
1784852830349,0,98,57,695.26
1784852830349,1,100,66,551.37
1784852830490,0,98,58,693.97
1784852830490,1,100,66,550.18
1784852830630,0,28,16,650.74
1784852830630,1,96,61,546.78
1784852830767,0,28,16,592.32
1784852830767,1,100,60,558.67
1784852830904,0,0,0,514.57
1784852830904,1,100,60,570.51
1784852831043,0,95,53,511.79
1784852831043,1,94,54,575.89
1784852831183,0,98,58,501.66
1784852831183,1,94,59,579.25
1784852831323,0,98,58,507.66
1784852831323,1,94,59,590.02
1784852831464,0,98,58,510.95
1784852831464,1,96,60,583.46
1784852831604,0,98,58,560.16
1784852831604,1,95,61,596.16
1784852831743,0,98,58,609.05
1784852831743,1,95,61,597.85
1784852831882,0,89,52,696.18
1784852831882,1,99,61,579.28
1784852832021,0,95,52,694.38
1784852832021,1,99,68,565.26
1784852832159,0,95,52,690.47
1784852832159,1,98,64,577.02
1784852832298,0,98,58,689.84
1784852832298,1,98,64,566.81
1784852832437,0,98,58,689.84
1784852832437,1,98,62,568.37
1784852832577,0,98,58,689.26
1784852832577,1,100,61,583.86
1784852832716,0,98,58,691.09
1784852832716,1,100,61,584.21
1784852832853,0,89,52,691.61
1784852832853,1,99,65,591.94
1784852832993,0,95,52,690.93
1784852832993,1,98,62,598.35
1784852833132,0,95,52,689.64
1784852833132,1,98,62,596.10
1784852833271,0,98,59,688.76
1784852833271,1,100,69,591.32
1784852833410,0,98,59,683.25
1784852833410,1,100,61,588.59
1784852833549,0,98,59,683.77
1784852833549,1,91,55,584.46
1784852833688,0,98,59,674.45
1784852833688,1,91,55,585.20
1784852833828,0,89,53,672.25
1784852833828,1,100,60,592.16
1784852833966,0,95,52,666.31
1784852833966,1,100,71,583.02
1784852834125,0,95,52,660.41
1784852834125,1,100,71,585.82
1784852834265,0,98,59,661.88
1784852834265,1,99,68,577.76
1784852834405,0,98,59,667.33
1784852834405,1,100,66,576.55
1784852834545,0,98,59,669.57
1784852834545,1,100,66,569.83
1784852834683,0,98,60,679.78
1784852834683,1,98,66,558.00
1784852834823,0,90,55,682.73
1784852834823,1,99,63,558.61
1784852834961,0,90,55,682.16
1784852834961,1,98,67,550.82
1784852835101,0,95,52,689.98
1784852835101,1,98,67,545.66
1784852835240,0,98,58,689.91
1784852835240,1,99,67,555.03
1784852835380,0,98,57,690.80
1784852835380,1,100,69,538.27
1784852835520,0,98,57,690.27
1784852835520,1,100,69,535.05
1784852835660,0,98,58,687.05
1784852835660,1,100,70,532.22
1784852835800,0,90,54,682.43
1784852835800,1,95,62,531.21
1784852835940,0,90,54,683.14
1784852835940,1,95,62,523.38
1784852836080,0,94,53,685.31
1784852836080,1,97,60,528.64
1784852836221,0,98,60,682.52
1784852836221,1,98,62,523.34
1784852836360,0,98,60,676.74
1784852836360,1,99,65,530.69
1784852836500,0,98,61,666.34
1784852836500,1,99,65,531.35
1784852836640,0,98,61,667.44
1784852836640,1,100,70,535.73
1784852836777,0,98,61,662.26
1784852836777,1,96,54,533.08
1784852836918,0,90,56,666.30
1784852836918,1,96,54,535.21
1784852837057,0,95,53,669.90
1784852837057,1,100,65,540.10
1784852837196,0,98,60,677.84
1784852837196,1,100,66,535.39
1784852837335,0,98,60,685.42
1784852837335,1,100,66,531.13
1784852837476,0,98,60,684.68
1784852837476,1,100,69,528.40
1784852837615,0,98,60,693.45
1784852837615,1,100,69,519.97
1784852837754,0,98,60,694.68
1784852837754,1,100,70,504.12
1784852837892,0,89,53,687.64
1784852837892,1,100,70,512.47
1784852838033,0,96,50,681.21
1784852838033,1,97,61,507.81
1784852838173,0,96,50,683.61
1784852838173,1,100,69,501.77
1784852838313,0,98,57,682.02
1784852838313,1,100,69,508.07
1784852838453,0,98,58,681.50
1784852838453,1,97,62,514.21
1784852838592,0,98,58,680.76
1784852838592,1,99,60,518.03
1784852838731,0,98,58,682.64
1784852838731,1,99,60,521.78
1784852838870,0,89,52,683.58
1784852838870,1,100,66,517.50
1784852839009,0,95,51,682.79
1784852839009,1,96,61,522.06
1784852839148,0,95,51,684.96
1784852839148,1,96,61,534.99
1784852839288,0,98,58,685.33
1784852839288,1,99,67,522.00
1784852839430,0,98,58,689.38
1784852839430,1,100,70,521.39
1784852839569,0,98,58,686.90
1784852839569,1,98,57,534.55
1784852839708,0,98,58,685.31
1784852839708,1,98,57,541.11
1784852839847,0,90,52,685.59
1784852839847,1,99,64,551.97
1784852839989,0,95,50,679.73
1784852839989,1,100,69,539.64
1784852840128,0,95,50,688.15
1784852840128,1,100,69,539.22
1784852840265,0,98,57,688.44
1784852840265,1,100,65,550.32
1784852840403,0,98,58,687.52
1784852840403,1,95,59,562.04
1784852840543,0,98,58,685.61
1784852840543,1,95,59,559.22
1784852840682,0,98,55,691.08
1784852840682,1,100,68,540.46
1784852840820,0,90,51,691.02
1784852840820,1,100,69,531.94
1784852840959,0,90,51,687.33
1784852840959,1,100,68,534.95
1784852841097,0,95,52,682.40
1784852841097,1,100,68,530.70
1784852841235,0,98,58,679.28
1784852841235,1,100,66,526.14
1784852841374,0,98,58,679.43
1784852841374,1,95,61,521.77
1784852841513,0,98,59,675.83
1784852841513,1,95,61,516.36
1784852841652,0,98,58,676.72
1784852841652,1,100,68,515.07
1784852841794,0,90,53,679.03
1784852841794,1,98,61,524.11
1784852841933,0,90,53,682.51
1784852841933,1,98,61,520.44
1784852842072,0,95,51,678.75
1784852842072,1,100,69,509.92
1784852842213,0,98,58,671.00
1784852842213,1,96,62,502.72
1784852842352,0,98,58,669.22
1784852842352,1,96,62,487.12
1784852842492,0,98,58,666.92
1784852842492,1,98,66,490.99
1784852842633,0,98,59,662.44
1784852842633,1,100,68,485.88
1784852842773,0,98,59,660.76
1784852842773,1,97,59,487.17
1784852842914,0,90,52,658.39
1784852842914,1,97,59,492.87
1784852843054,0,96,50,656.56
1784852843054,1,94,59,499.36
1784852843194,0,98,58,671.46
1784852843194,1,99,67,507.05
1784852843332,0,98,58,673.86
1784852843332,1,99,67,533.58
1784852843473,0,98,57,683.17
1784852843473,1,95,53,542.78
1784852843612,0,98,57,682.64
1784852843612,1,95,54,554.05
1784852843750,0,98,57,686.02
1784852843750,1,95,54,552.94
1784852843888,0,89,52,691.58
1784852843888,1,95,59,545.91
1784852844027,0,95,51,684.27
1784852844027,1,99,60,566.12
1784852844167,0,95,51,680.11
1784852844167,1,92,54,579.94
1784852844306,0,98,58,684.94
1784852844306,1,92,54,564.38
1784852844445,0,98,58,678.47
1784852844445,1,88,53,577.76
1784852844584,0,98,58,684.00
1784852844584,1,98,66,572.79
1784852844732,0,45,27,643.05
1784852844732,1,98,60,592.74
1784852844979,0,45,27,594.64
1784852844979,1,29,20,527.45
1784852845117,0,60,33,604.12
1784852845117,1,29,20,521.28
1784852845255,0,92,45,593.78
1784852845255,1,93,59,517.66
1784852845394,0,98,58,589.08
1784852845394,1,99,62,505.22
1784852845534,0,98,58,583.28
1784852845534,1,99,62,505.58
1784852845674,0,98,59,582.58
1784852845674,1,89,49,506.23
1784852845814,0,97,58,609.86
1784852845814,1,89,56,495.82
1784852845953,0,97,58,646.47
1784852845953,1,89,56,560.18
1784852846093,0,94,52,660.60
1784852846093,1,93,56,559.39
1784852846231,0,92,47,658.30
1784852846231,1,96,57,578.55
1784852846370,0,92,47,659.98
1784852846370,1,96,61,582.79
1784852846510,0,98,59,657.07
1784852846510,1,96,61,575.25
1784852846649,0,98,58,655.30
1784852846649,1,99,67,566.14
1784852846790,0,98,58,654.03
1784852846790,1,99,65,565.44
1784852846930,0,98,58,654.19
1784852846930,1,99,65,561.83
1784852847071,0,94,52,656.81
1784852847071,1,96,63,548.64
1784852847210,0,92,47,660.79
1784852847210,1,99,62,523.77
1784852847348,0,92,47,666.39
1784852847348,1,99,62,518.11
1784852847487,0,98,58,674.87
1784852847487,1,93,59,508.15
1784852847627,0,98,58,680.25
1784852847627,1,99,63,511.23
1784852847768,0,98,58,680.89
1784852847768,1,98,59,531.09
1784852847906,0,98,58,688.82
1784852847906,1,98,59,528.36
1784852848046,0,94,52,686.48
1784852848046,1,100,68,539.45
1784852848185,0,93,47,676.46
1784852848185,1,100,64,549.42
1784852848325,0,93,47,680.93
1784852848325,1,100,64,549.28
1784852848465,0,98,58,681.49
1784852848465,1,95,63,543.93
1784852848604,0,98,58,677.04
1784852848604,1,99,66,541.49
1784852848743,0,98,58,675.73
1784852848743,1,99,66,532.15
1784852848881,0,98,59,669.93
1784852848881,1,93,60,537.01
1784852849021,0,94,51,669.26
1784852849021,1,91,55,532.59
1784852849160,0,94,51,664.25
1784852849160,1,90,60,526.39
1784852849301,0,92,49,676.52
1784852849301,1,90,60,533.09
1784852849442,0,98,58,675.51
1784852849442,1,98,66,534.49
1784852849582,0,98,58,681.76
1784852849582,1,95,63,537.10
1784852849721,0,98,58,676.21
1784852849721,1,95,63,538.52
1784852849861,0,98,58,681.72
1784852849861,1,95,61,542.94
1784852850000,0,95,52,685.49
1784852850000,1,96,54,528.78
1784852850140,0,95,52,681.98
1784852850140,1,96,54,530.32
1784852850280,0,94,50,681.15
1784852850280,1,98,61,512.63
1784852850419,0,98,58,683.84
1784852850419,1,100,69,513.16
1784852850557,0,98,58,681.61
1784852850557,1,95,59,510.65
1784852850696,0,98,58,691.84
1784852850696,1,95,59,501.99
1784852850834,0,98,57,683.93
1784852850834,1,100,69,511.19
1784852850973,0,98,57,687.03
1784852850973,1,100,68,502.15
1784852851111,0,95,52,684.27
1784852851111,1,100,68,512.22
1784852851251,0,96,52,686.91
1784852851251,1,99,59,526.53
1784852851390,0,98,57,685.31
1784852851390,1,100,61,536.37
1784852851530,0,98,57,686.01
1784852851530,1,100,61,535.76
1784852851669,0,98,57,687.81
1784852851669,1,97,60,552.89
1784852851809,0,98,58,682.15
1784852851809,1,97,63,547.74
1784852851948,0,98,58,682.17
1784852851948,1,97,63,557.83
1784852852088,0,95,53,673.39
1784852852088,1,98,63,545.12
1784852852227,0,98,53,678.38
1784852852227,1,100,62,535.16
1784852852367,0,98,53,669.88
1784852852367,1,100,68,527.83
1784852852508,0,98,60,664.72
1784852852508,1,100,68,531.49
1784852852648,0,98,60,663.31
1784852852648,1,91,54,538.89
1784852852788,0,97,60,654.82
1784852852788,1,100,61,562.27
1784852852928,0,97,60,662.37
1784852852928,1,100,61,553.30
1784852853068,0,95,53,665.49
1784852853068,1,100,63,561.94
1784852853207,0,98,56,668.23
1784852853207,1,96,57,562.44
1784852853347,0,98,56,670.31
1784852853347,1,96,57,567.86
1784852853488,0,98,59,672.58
1784852853488,1,100,67,572.58
1784852853627,0,98,60,673.36
1784852853627,1,99,62,566.38
1784852853767,0,98,60,673.94
1784852853767,1,93,57,546.51
1784852853905,0,90,55,671.47
1784852853905,1,93,57,553.76
1784852854045,0,95,53,669.00
1784852854045,1,99,60,554.53
1784852854184,0,95,53,667.04
1784852854184,1,98,62,559.42
1784852854322,0,98,60,663.35
1784852854322,1,98,62,569.99
1784852854462,0,98,61,657.05
1784852854462,1,100,59,566.71
1784852854603,0,98,61,654.54
1784852854603,1,95,58,564.73
1784852854748,0,98,61,651.59
1784852854748,1,95,58,567.39
1784852854888,0,90,55,655.22
1784852854888,1,99,62,579.89
1784852855027,0,95,53,658.52
1784852855027,1,100,59,583.21
1784852855166,0,95,53,657.00
1784852855166,1,100,63,576.41
1784852855304,0,98,59,668.12
1784852855304,1,100,63,570.32
1784852855445,0,98,59,670.45
1784852855445,1,99,61,583.36
1784852855585,0,98,59,675.94
1784852855585,1,99,62,586.37
1784852855724,0,98,59,681.10
1784852855724,1,99,62,583.04
1784852855866,0,89,53,685.46
1784852855866,1,99,67,568.83
1784852856006,0,96,51,689.23
1784852856006,1,91,54,572.38
1784852856144,0,96,51,696.76
1784852856144,1,91,54,569.10
1784852856284,0,98,56,698.81
1784852856284,1,100,65,581.37
1784852856423,0,98,56,703.44
1784852856423,1,100,63,578.57
1784852856562,0,98,56,701.47
1784852856562,1,96,58,576.81
1784852856702,0,98,57,697.04
1784852856702,1,96,58,578.43
1784852856842,0,91,52,691.82
1784852856842,1,98,64,570.08
1784852856982,0,91,52,688.46
1784852856982,1,100,68,562.29
1784852857121,0,95,51,680.01
1784852857121,1,100,68,562.00
1784852857259,0,98,58,679.00
1784852857259,1,99,61,542.10
1784852857399,0,98,58,674.21
1784852857399,1,100,68,535.81
1784852857540,0,98,58,672.79
1784852857540,1,100,68,527.06
1784852857679,0,97,58,670.87
1784852857679,1,99,64,544.97
1784852857818,0,90,53,684.76
1784852857818,1,95,59,546.81
1784852857956,0,90,53,686.70
1784852857956,1,95,59,549.87
1784852858096,0,95,52,684.41
1784852858096,1,99,64,566.67
1784852858235,0,98,58,682.42
1784852858235,1,99,60,560.91
1784852858374,0,98,58,688.58
1784852858374,1,97,60,570.63
1784852858514,0,98,57,685.40
1784852858514,1,97,60,568.26
1784852858653,0,98,57,691.31
1784852858653,1,100,67,568.17
1784852858794,0,90,53,688.22
1784852858794,1,98,61,565.38
1784852858935,0,90,53,686.27
1784852858935,1,98,61,566.69
1784852859075,0,95,52,681.07
1784852859075,1,95,58,569.19
1784852859214,0,98,59,679.59
1784852859214,1,98,58,574.50
1784852859353,0,98,59,679.25
1784852859353,1,98,58,569.44
1784852859492,0,98,60,682.00
1784852859492,1,100,66,573.51
1784852859631,0,98,59,678.42
1784852859631,1,98,62,580.28
1784852859773,0,98,59,675.59
1784852859773,1,96,61,579.80
1784852859913,0,89,52,676.82
1784852859913,1,96,61,582.01
1784852860053,0,96,50,672.47
1784852860053,1,99,60,573.67
1784852860195,0,98,58,690.31
1784852860195,1,97,55,573.33
1784852860333,0,98,58,687.83
1784852860333,1,97,55,576.20
1784852860473,0,98,58,689.99
1784852860473,1,100,66,570.48
1784852860613,0,98,58,686.49
1784852860613,1,100,69,552.01
1784852860754,0,98,58,685.43
1784852860754,1,100,69,561.88
1784852860892,0,89,52,682.21
1784852860892,1,96,52,569.17
1784852861032,0,94,50,679.16
1784852861032,1,97,59,563.97
1784852861171,0,94,50,669.62
1784852861171,1,100,55,570.78
1784852861311,0,98,59,672.00
1784852861311,1,100,55,574.30
1784852861456,0,98,59,669.95
1784852861456,1,98,63,573.53
1784852861596,0,97,58,669.70
1784852861596,1,98,61,581.41
1784852861735,0,97,58,667.60
1784852861735,1,98,61,569.95
1784852861875,0,88,52,669.73
1784852861875,1,100,64,570.02
1784852862015,0,90,50,669.14
1784852862015,1,98,62,564.73
1784852862153,0,90,50,677.92
1784852862153,1,98,62,544.84
1784852862293,0,98,59,678.42
1784852862293,1,98,66,546.37
1784852862434,0,98,60,677.58
1784852862434,1,98,64,539.40
1784852862573,0,98,60,677.89
1784852862573,1,100,70,528.16
1784852862712,0,98,59,665.38
1784852862712,1,100,70,522.24
1784852862849,0,0,0,612.89
1784852862849,1,94,64,516.39
1784852862987,0,0,0,553.64
1784852862987,1,95,62,518.20
1784852863126,0,0,0,512.92
1784852863126,1,95,62,526.44
1784852863267,0,95,52,520.52
1784852863267,1,100,62,545.66
1784852863406,0,98,52,508.48
1784852863406,1,100,59,545.85
1784852863547,0,98,52,497.75
1784852863547,1,100,59,560.52
1784852863686,0,98,59,500.69
1784852863686,1,96,54,575.32
1784852863828,0,97,59,559.06
1784852863828,1,100,67,576.63
1784852863968,0,97,59,608.61
1784852863968,1,98,66,576.44
1784852864108,0,97,59,665.55
1784852864108,1,98,66,581.55
1784852864247,0,95,54,660.85
1784852864247,1,93,52,574.54
1784852864387,0,95,54,659.59
1784852864387,1,96,56,584.61
1784852864526,0,98,57,680.21
1784852864526,1,96,56,590.44
1784852864668,0,98,59,679.41
1784852864668,1,96,55,579.83
1784852864809,0,98,57,687.47
1784852864809,1,100,69,585.11
1784852864949,0,98,57,689.93
1784852864949,1,100,69,580.77
1784852865089,0,98,58,694.90
1784852865089,1,100,70,573.90
1784852865229,0,95,52,691.62
1784852865229,1,95,60,568.62
1784852865367,0,95,52,685.74
1784852865367,1,100,64,547.97
1784852865505,0,98,52,674.82
1784852865505,1,100,64,532.28
1784852865696,0,85,49,623.69
1784852865696,1,100,65,485.07
1784852865871,0,58,35,608.15
1784852865871,1,9,5,467.80
1784852866013,0,98,58,610.74
1784852866013,1,95,59,468.85
1784852866154,0,98,58,611.22
1784852866154,1,95,59,461.68
1784852866294,0,89,52,610.66
1784852866294,1,100,65,481.73
1784852866435,0,92,49,623.41
1784852866435,1,97,57,479.55
1784852866575,0,92,49,611.11
1784852866575,1,97,64,484.44
1784852866714,0,98,58,648.86
1784852866714,1,97,64,535.76
1784852866853,0,98,58,664.13
1784852866853,1,96,53,558.46
1784852866992,0,98,58,667.09
1784852866992,1,99,62,560.00
1784852867132,0,98,58,653.67
1784852867132,1,99,62,562.25
1784852867272,0,88,52,655.90
1784852867272,1,98,61,561.88
1784852867412,0,91,51,659.45
1784852867412,1,99,62,556.90
1784852867555,0,91,51,670.20
1784852867555,1,99,62,560.74
1784852867694,0,98,59,666.84
1784852867694,1,97,60,574.26
1784852867834,0,98,59,677.89
1784852867834,1,99,66,566.84
1784852867974,0,98,59,680.38
1784852867974,1,99,66,558.09
1784852868114,0,98,59,682.71
1784852868114,1,99,66,553.68
1784852868258,0,99,91,665.64
1784852868258,1,96,62,556.42
1784852868396,0,99,91,612.72
1784852868396,1,38,24,505.43
1784852868532,0,77,25,522.64
1784852868532,1,38,24,473.21
1784852868665,0,0,0,468.43
1784852868665,1,17,12,424.34
1784852868799,0,0,0,418.73
1784852868799,1,0,0,338.93
1784852868931,0,0,0,304.10
1784852868931,1,0,0,295.47
1784852869064,0,0,0,241.69
1784852869064,1,0,0,259.53
1784852869201,0,81,12,164.72
1784852869201,1,8,1,201.28
1784852869337,0,81,12,153.46
1784852869337,1,8,1,196.63
1784852869472,0,0,0,140.43
1784852869472,1,98,59,302.77
1784852869607,0,0,0,136.46
1784852869607,1,100,46,363.09
1784852869742,0,0,0,136.02
1784852869742,1,100,46,415.86
1784852869875,0,0,0,135.61
1784852869875,1,100,46,532.85
1784852870009,0,0,0,135.09
1784852870009,1,100,45,601.35
1784852870145,0,0,0,134.05
1784852870145,1,100,45,632.14
1784852870282,0,0,0,132.26
1784852870282,1,100,62,685.06
1784852870418,0,0,0,131.85
1784852870418,1,96,59,656.68
1784852870554,0,0,0,131.72
1784852870554,1,96,59,647.15
1784852870690,0,0,0,131.57
1784852870690,1,99,62,601.40
1784852870829,0,0,0,131.30
1784852870829,1,98,65,584.71
1784852870966,0,0,0,131.19
1784852870966,1,98,65,568.35
1784852871101,0,0,0,130.94
1784852871101,1,99,65,558.06
1784852871237,0,0,0,130.78
1784852871237,1,97,54,572.90
1784852871375,0,0,0,130.69
1784852871375,1,99,62,582.50
1784852871512,0,0,0,130.53
1784852871512,1,99,62,583.12
1784852871648,0,0,0,130.45
1784852871648,1,100,64,598.81
1784852871783,0,0,0,130.38
1784852871783,1,96,54,610.40
1784852871920,0,0,0,130.26
1784852871920,1,96,54,618.09
1784852872056,0,0,0,130.20
1784852872056,1,98,61,627.84
1784852872192,0,0,0,130.05
1784852872192,1,94,59,612.68
1784852872331,0,0,0,129.77
1784852872331,1,94,59,615.72
1784852872468,0,0,0,129.58
1784852872468,1,96,58,591.75
1784852872606,0,0,0,129.30
1784852872606,1,100,65,588.56
1784852872743,0,0,0,129.11
1784852872743,1,100,65,582.53
1784852872880,0,0,0,129.00
1784852872880,1,96,59,575.20
1784852873016,0,44,26,182.64
1784852873016,1,100,69,564.33
1784852873156,0,44,26,230.74
1784852873156,1,100,69,565.52
1784852873296,0,95,54,298.64
1784852873296,1,94,61,540.29
1784852873436,0,98,58,416.35
1784852873436,1,100,67,538.72
1784852873575,0,98,58,472.14
1784852873575,1,100,63,537.80
1784852873715,0,98,58,590.47
1784852873715,1,100,63,525.69
1784852873856,0,98,59,645.73
1784852873856,1,95,62,523.83
1784852873995,0,98,59,692.41
1784852873995,1,98,59,532.16
1784852874132,0,90,52,691.89
1784852874132,1,98,59,552.62
1784852874271,0,95,53,685.57
1784852874271,1,97,49,572.75
1784852874411,0,98,59,686.35
1784852874411,1,95,56,572.84
1784852874552,0,98,59,688.06
1784852874552,1,95,56,571.41
1784852874691,0,98,59,686.24
1784852874691,1,91,58,588.38
1784852874829,0,98,59,686.17
1784852874829,1,95,56,591.58
1784852874969,0,98,59,684.23
1784852874969,1,90,54,592.22
1784852875107,0,89,52,687.09
1784852875107,1,90,54,575.33
1784852875246,0,95,53,689.09
1784852875246,1,98,62,577.22
1784852875384,0,95,53,683.58
1784852875384,1,98,57,581.76
1784852875524,0,98,58,686.47
1784852875524,1,98,57,583.89
1784852875663,0,98,59,684.98
1784852875663,1,95,61,577.66
1784852875803,0,98,58,688.63
1784852875803,1,100,68,560.99
1784852875941,0,98,58,692.98
1784852875941,1,100,68,555.60
1784852876081,0,90,53,693.78
1784852876081,1,87,53,545.52
1784852876220,0,94,53,689.74
1784852876220,1,98,65,547.42
1784852876356,0,94,53,685.91
1784852876356,1,98,65,538.91
1784852876495,0,98,59,680.34
1784852876495,1,86,48,537.90
1784852876635,0,98,58,683.26
1784852876635,1,98,63,536.64
1784852876774,0,98,58,679.39
1784852876774,1,97,58,543.06
1784852876913,0,98,59,683.59
1784852876913,1,97,58,541.97
1784852877052,0,90,53,682.40
1784852877052,1,96,57,549.41
1784852877191,0,90,53,681.43
1784852877191,1,93,56,561.85
1784852877330,0,95,52,683.34
1784852877330,1,93,56,560.36
1784852877469,0,98,57,685.21
1784852877469,1,95,56,572.04
1784852877609,0,98,57,679.57
1784852877609,1,91,48,573.41
1784852877748,0,98,57,682.13
1784852877748,1,91,48,576.70
1784852877889,0,98,57,676.83
1784852877889,1,97,60,576.46
1784852878028,0,89,52,674.67
1784852878028,1,92,57,582.46
1784852878167,0,89,52,681.57
1784852878167,1,92,57,581.12
1784852878307,0,94,52,690.05
1784852878307,1,100,59,599.41
1784852878447,0,98,59,689.29
1784852878447,1,97,53,592.91
1784852878587,0,98,59,692.78
1784852878587,1,97,62,583.84
1784852878728,0,98,59,688.47
1784852878728,1,97,62,577.54
1784852878867,0,98,59,694.82
1784852878867,1,94,60,602.65
1784852879008,0,89,54,694.70
1784852879008,1,97,57,590.30
1784852879147,0,89,54,690.59
1784852879147,1,97,57,577.60
1784852879288,0,94,52,682.69
1784852879288,1,89,52,560.16
1784852879429,0,98,59,677.07
1784852879429,1,95,64,559.70
1784852879568,0,98,59,680.54
1784852879568,1,95,64,561.41
1784852879709,0,98,59,678.27
1784852879709,1,97,59,557.41
1784852879848,0,98,59,679.46
1784852879848,1,100,65,556.96
1784852879988,0,98,59,681.21
1784852879988,1,93,54,550.09
1784852880128,0,89,53,682.98
1784852880128,1,93,54,549.22
1784852880267,0,95,53,680.14
1784852880267,1,98,60,559.83
1784852880405,0,98,60,681.03
1784852880405,1,94,56,570.23
1784852880547,0,98,60,681.49
1784852880547,1,94,56,570.26
1784852880688,0,98,59,681.28
1784852880688,1,98,64,570.97
1784852880830,0,98,59,682.31
1784852880830,1,82,44,576.43
1784852880971,0,98,59,680.62
1784852880971,1,82,44,570.12
1784852881108,0,78,48,597.34
1784852881108,1,99,64,566.34
1784852881247,0,0,0,547.81
1784852881247,1,97,63,557.54
1784852881384,0,0,0,516.61
1784852881384,1,100,65,559.81
1784852881524,0,82,47,520.92
1784852881524,1,100,65,564.33
1784852881662,0,90,46,513.78
1784852881662,1,93,58,570.03
1784852881802,0,90,46,512.79
1784852881802,1,90,53,558.25
1784852881941,0,98,59,514.10
1784852881941,1,90,53,560.87
1784852882079,0,98,59,535.60
1784852882079,1,99,59,578.49
1784852882220,0,98,59,648.04
1784852882220,1,91,57,577.61
1784852882359,0,98,59,695.21
1784852882359,1,91,57,587.37
1784852882499,0,95,52,694.38
1784852882499,1,100,63,572.39
1784852882640,0,92,45,692.56
1784852882640,1,94,60,570.92
1784852882778,0,92,45,690.55
1784852882778,1,92,53,564.87
1784852882917,0,97,58,688.49
1784852882917,1,92,53,572.70
1784852883056,0,98,57,692.76
1784852883056,1,98,59,578.23
1784852883195,0,98,57,689.24
1784852883195,1,100,65,556.94
1784852883345,0,98,58,685.19
1784852883345,1,100,65,550.55
1784852883485,0,95,54,686.29
1784852883485,1,99,64,552.37
1784852883622,0,91,46,690.09
1784852883622,1,88,47,568.37
1784852883763,0,91,46,694.33
1784852883763,1,88,47,580.59
1784852883901,0,98,59,692.69
1784852883901,1,91,56,575.26
1784852884041,0,98,58,693.20
1784852884041,1,96,59,568.42
1784852884181,0,98,58,693.85
1784852884181,1,93,51,594.83
1784852884320,0,98,59,688.97
1784852884320,1,93,51,615.90
1784852884461,0,95,53,683.93
1784852884461,1,97,53,629.73
1784852884600,0,95,53,681.27
1784852884600,1,100,68,604.52
1784852884743,0,88,54,660.64
1784852884743,1,70,48,580.43
1784852885059,0,42,26,607.85
1784852885059,1,65,45,523.76
1784852885199,0,42,26,606.82
1784852885199,1,98,59,529.60
1784852885341,0,97,59,616.57
1784852885341,1,98,59,509.57
1784852885481,0,98,59,615.02
1784852885481,1,90,56,503.76
1784852885623,0,94,51,623.43
1784852885623,1,98,62,505.11
1784852885763,0,94,51,608.54
1784852885763,1,98,62,502.94
1784852885903,0,98,52,662.14
1784852885903,1,100,69,534.46
1784852886044,0,98,57,681.23
1784852886044,1,98,61,566.41
1784852886183,0,98,57,680.74
1784852886183,1,100,64,543.72
1784852886321,0,98,58,683.79
1784852886321,1,100,64,542.54
1784852886461,0,98,57,685.49
1784852886461,1,98,64,538.23
1784852886601,0,98,57,688.89
1784852886601,1,99,64,536.02
1784852886742,0,95,52,689.11
1784852886742,1,99,64,537.53
1784852886882,0,98,51,693.18
1784852886882,1,93,55,547.23
1784852887022,0,98,57,688.69
1784852887022,1,98,61,547.16
1784852887163,0,98,57,691.32
1784852887163,1,98,61,546.14
1784852887303,0,98,57,692.03
1784852887303,1,100,63,548.26
1784852887442,0,98,56,687.20
1784852887442,1,100,66,540.74
1784852887583,0,98,56,685.62
1784852887583,1,100,68,528.58
1784852887722,0,95,52,679.72
1784852887722,1,100,68,527.36
1784852887860,0,97,51,680.31
1784852887860,1,96,57,526.76
1784852887999,0,97,51,682.43
1784852887999,1,98,65,517.14
1784852888139,0,98,57,679.76
1784852888139,1,98,65,526.86
1784852888279,0,98,58,679.21
1784852888279,1,99,60,538.16
1784852888420,0,98,56,680.82
1784852888420,1,97,52,562.53
1784852888560,0,98,56,677.58
1784852888560,1,97,52,567.70
1784852888700,0,95,53,678.89
1784852888700,1,98,63,575.26
1784852888840,0,91,50,690.47
1784852888840,1,98,63,565.99
1784852888980,0,91,50,689.89
1784852888980,1,100,67,559.45
1784852889119,0,98,58,686.75
1784852889119,1,100,67,546.44
1784852889257,0,98,57,686.01
1784852889257,1,98,65,536.16
1784852889396,0,98,57,687.70
1784852889396,1,99,58,523.31
1784852889534,0,98,57,693.29
1784852889534,1,99,58,519.06
1784852889673,0,94,52,698.14
1784852889673,1,95,59,522.66
1784852889812,0,93,46,688.91
1784852889812,1,99,57,540.93
1784852889953,0,93,46,686.57
1784852889953,1,99,57,547.12
1784852890092,0,97,57,690.61
1784852890092,1,98,64,556.05
1784852890231,0,98,58,693.31
1784852890231,1,97,61,563.90
1784852890370,0,98,58,691.69
1784852890370,1,97,61,564.36
1784852890508,0,98,57,685.75
1784852890508,1,100,68,544.38
1784852890647,0,95,52,684.24
1784852890647,1,98,66,545.20
1784852890786,0,95,52,681.30
1784852890786,1,100,69,518.26
1784852890926,0,93,46,687.91
1784852890926,1,100,69,504.44
1784852891066,0,98,58,684.76
1784852891066,1,100,68,501.91
1784852891207,0,98,58,687.82
1784852891207,1,94,60,484.27
1784852891347,0,98,57,687.59
1784852891347,1,94,60,491.51
1784852891485,0,98,58,685.76
1784852891485,1,100,67,511.54
1784852891625,0,95,52,688.93
1784852891625,1,100,66,507.48
1784852891764,0,95,52,688.86
1784852891764,1,100,66,514.44
1784852891905,0,92,46,687.17
1784852891905,1,100,70,519.38
1784852892046,0,98,58,684.30
1784852892046,1,96,61,529.91
1784852892186,0,98,58,681.33
1784852892186,1,94,59,537.06
1784852892325,0,98,58,677.02
1784852892325,1,94,59,528.67
1784852892465,0,98,59,679.50
1784852892465,1,88,48,539.44
1784852892604,0,98,59,677.52
1784852892604,1,88,52,528.64
1784852892744,0,94,53,672.99
1784852892744,1,88,52,543.00
1784852892885,0,92,49,681.91
1784852892885,1,100,57,568.97
1784852893025,0,98,59,683.76
1784852893025,1,99,63,567.77
1784852893166,0,98,59,683.76
1784852893166,1,99,63,572.50
1784852893306,0,98,57,683.36
1784852893306,1,95,62,578.54
1784852893447,0,98,57,685.54
1784852893447,1,99,57,584.27
1784852893586,0,98,57,688.99
1784852893586,1,100,70,575.96
1784852893726,0,94,52,689.99
1784852893726,1,100,70,571.57
1784852893866,0,91,46,679.79
1784852893866,1,96,59,562.44
1784852894006,0,91,46,678.46
1784852894006,1,99,65,545.68
1784852894146,0,97,57,685.26
1784852894146,1,99,65,539.25
1784852894286,0,98,57,684.75
1784852894286,1,96,59,541.26
1784852894426,0,98,56,685.18
1784852894426,1,97,56,535.26
1784852894566,0,98,56,680.79
1784852894566,1,97,56,537.94
1784852894706,0,95,52,681.79
1784852894706,1,95,52,545.98
1784852894847,0,92,45,685.85
1784852894847,1,94,63,537.58
1784852894987,0,92,45,683.64
1784852894987,1,100,62,557.54
1784852895128,0,98,58,679.49
1784852895128,1,100,62,565.01
1784852895267,0,98,58,679.15
1784852895267,1,98,56,574.12
1784852895409,0,98,58,676.65
1784852895409,1,97,57,574.16
1784852895549,0,98,58,680.49
1784852895549,1,97,57,587.74
1784852895690,0,95,53,679.99
1784852895690,1,100,67,574.92
1784852895829,0,92,46,680.92
1784852895829,1,100,68,577.24
1784852895968,0,92,46,684.19
1784852895968,1,100,68,578.47
1784852896106,0,98,59,685.37
1784852896106,1,98,55,581.18
1784852896246,0,98,56,679.09
1784852896246,1,97,61,569.53
1784852896385,0,98,56,681.73
1784852896385,1,100,66,569.11
1784852896525,0,98,57,676.61
1784852896525,1,100,66,560.54
1784852896665,0,94,53,675.59
1784852896665,1,97,58,561.01
1784852896805,0,94,53,679.53
1784852896805,1,98,58,576.12
1784852896945,0,91,47,678.21
1784852896945,1,98,58,566.71
1784852897086,0,98,60,677.89
1784852897086,1,100,70,550.24
1784852897225,0,98,59,684.54
1784852897225,1,98,68,545.08
1784852897364,0,98,59,684.85
1784852897364,1,98,68,536.98
1784852897504,0,98,59,684.42
1784852897504,1,100,68,531.20
1784852897644,0,95,52,689.98
1784852897644,1,100,69,524.39
1784852897785,0,95,52,683.90
1784852897785,1,99,66,504.09
1784852897925,0,91,46,678.91
1784852897925,1,99,66,503.45
1784852898066,0,98,58,679.35
1784852898066,1,99,61,508.30
1784852898205,0,98,58,679.30
1784852898205,1,100,66,511.73
1784852898345,0,98,58,679.80
1784852898345,1,100,66,508.26
1784852898484,0,98,58,681.59
1784852898484,1,99,62,513.23
1784852898625,0,95,54,682.75
1784852898625,1,100,66,518.83
1784852898765,0,95,54,682.89
1784852898765,1,100,66,522.20
1784852898905,0,90,46,683.50
1784852898905,1,100,68,517.71
1784852899047,0,98,59,689.51
1784852899047,1,98,60,520.38
1784852899187,0,98,59,686.80
1784852899187,1,96,55,513.65
1784852899327,0,98,58,690.64
1784852899327,1,96,55,520.60
1784852899467,0,98,60,685.25
1784852899467,1,96,58,524.14
1784852899607,0,98,60,684.47
1784852899607,1,100,65,529.42
1784852899747,0,91,52,685.95
1784852899747,1,100,65,536.23
1784852899887,0,90,49,687.16
1784852899887,1,98,57,568.64
1784852900026,0,98,57,687.86
1784852900026,1,97,51,584.85
1784852900165,0,98,57,690.27
1784852900165,1,97,51,607.20
1784852900304,0,98,58,686.02
1784852900304,1,98,58,611.29
1784852900443,0,98,58,686.51
1784852900443,1,98,60,609.88
1784852900583,0,98,58,681.95
1784852900583,1,96,58,627.58
1784852900722,0,88,51,685.19
1784852900722,1,96,58,640.11
1784852900863,0,90,51,686.37
1784852900863,1,99,62,629.34
1784852901004,0,90,51,686.49
1784852901004,1,99,55,627.52
1784852901143,0,98,60,684.53
1784852901143,1,99,55,611.27
1784852901284,0,98,58,687.23
1784852901284,1,100,66,599.66
1784852901424,0,98,59,687.55
1784852901424,1,97,56,610.76
1784852901564,0,98,59,689.74
1784852901564,1,97,56,627.15
1784852901703,0,89,51,688.55
1784852901703,1,97,61,593.14
1784852901842,0,90,47,688.50
1784852901842,1,91,59,589.76
1784852901980,0,90,47,687.79
1784852901980,1,91,59,586.92
1784852902120,0,98,58,682.28
1784852902120,1,98,64,572.05
1784852902259,0,98,58,681.82
1784852902259,1,93,58,573.94
1784852902400,0,98,58,682.58
1784852902400,1,100,64,574.43
1784852902540,0,98,58,683.68
1784852902540,1,100,64,551.92
1784852902679,0,89,51,682.09
1784852902679,1,91,53,550.99
1784852902819,0,90,49,681.34
1784852902819,1,100,68,543.41
1784852902960,0,90,49,681.00
1784852902960,1,100,68,540.89
1784852903100,0,98,59,680.67
1784852903100,1,98,63,544.10
1784852903240,0,97,58,684.31
1784852903240,1,88,50,545.58
1784852903381,0,97,58,680.80
1784852903381,1,88,50,546.24
1784852903523,0,98,58,680.61
1784852903523,1,98,60,539.71
1784852903662,0,88,51,682.20
1784852903662,1,95,62,537.27
1784852903802,0,88,51,681.34
1784852903802,1,100,67,543.65
1784852903941,0,90,49,683.29
1784852903941,1,100,67,552.78
1784852904081,0,98,57,681.69
1784852904081,1,91,56,551.08
1784852904221,0,98,57,685.87
1784852904221,1,100,67,531.00
1784852904362,0,98,57,687.34
1784852904362,1,100,67,518.63
1784852904502,0,98,58,686.08
1784852904502,1,98,61,520.12
1784852904642,0,89,51,688.54
1784852904642,1,96,61,525.05
1784852904783,0,89,51,692.07
1784852904783,1,96,61,520.17
1784852904923,0,90,49,692.59
1784852904923,1,93,57,522.49
1784852905062,0,98,58,693.67
1784852905062,1,98,65,521.86
1784852905200,0,98,58,690.17
1784852905200,1,99,65,528.12
1784852905339,0,98,58,691.11
1784852905339,1,99,65,524.00
1784852905479,0,98,57,691.59
1784852905479,1,100,61,531.85
1784852905631,0,65,38,655.95
1784852905631,1,55,35,481.88
1784852905858,0,34,19,600.73
1784852905858,1,60,39,461.66
1784852905998,0,34,19,603.79
1784852905998,1,100,67,474.52
1784852906139,0,91,47,592.70
1784852906139,1,100,67,480.53
1784852906279,0,98,59,589.28
1784852906279,1,100,59,490.48
1784852906417,0,98,59,589.73
1784852906417,1,95,61,477.65
1784852906556,0,98,58,594.56
1784852906556,1,95,61,480.42
1784852906695,0,98,58,622.70
1784852906695,1,100,68,511.89
1784852906835,0,95,53,689.48
1784852906835,1,100,62,538.78
1784852906976,0,95,53,685.66
1784852906976,1,100,62,522.66
1784852907116,0,91,46,680.05
1784852907116,1,96,60,518.50
1784852907255,0,98,59,678.07
1784852907255,1,100,67,497.12
1784852907396,0,98,59,677.13
1784852907396,1,98,59,508.35
1784852907536,0,98,59,673.77
1784852907536,1,98,59,505.79
1784852907674,0,98,59,670.09
1784852907674,1,99,64,506.95
1784852907814,0,98,59,671.19
1784852907814,1,100,57,533.64
1784852907954,0,95,53,672.38
1784852907954,1,100,57,547.91
1784852908093,0,92,44,675.04
1784852908093,1,97,60,558.36
1784852908234,0,98,57,686.29
1784852908234,1,99,67,558.51
1784852908375,0,98,57,686.83
1784852908375,1,99,67,559.43
1784852908514,0,98,57,690.12
1784852908514,1,99,63,571.26
1784852908654,0,98,56,688.61
1784852908654,1,98,62,576.66
1784852908795,0,98,56,683.75
1784852908795,1,100,66,546.38
1784852908933,0,92,51,677.16
1784852908933,1,100,66,544.42
1784852909073,0,91,47,680.96
1784852909073,1,95,56,555.09
1784852909214,0,91,47,680.95
1784852909214,1,96,61,555.68
1784852909352,0,98,59,672.41
1784852909352,1,96,61,570.87
1784852909491,0,98,59,671.46
1784852909491,1,97,61,562.88
1784852909631,0,98,59,676.27
1784852909631,1,96,64,559.93
1784852909770,0,98,59,681.22
1784852909770,1,96,64,556.74
1784852909910,0,94,53,682.27
1784852909910,1,100,68,553.76
1784852910050,0,90,48,679.76
1784852910050,1,94,54,558.65
1784852910190,0,90,48,677.81
1784852910190,1,97,61,567.72
1784852910330,0,98,59,677.97
1784852910330,1,97,61,553.53
1784852910488,0,98,59,671.61
1784852910488,1,97,65,549.86
1784852910630,0,98,59,670.26
1784852910630,1,96,63,552.55
1784852910770,0,98,59,669.48
1784852910770,1,96,63,561.75
1784852910910,0,94,53,669.93
1784852910910,1,99,60,567.82
1784852911050,0,92,45,672.43
1784852911050,1,100,68,552.26
1784852911190,0,92,45,676.83
1784852911190,1,100,69,529.80
1784852911331,0,98,59,679.04
1784852911331,1,100,69,529.29
1784852911472,0,98,59,686.70
1784852911472,1,100,68,527.90
1784852911612,0,98,59,688.59
1784852911612,1,97,55,545.54
1784852911751,0,98,58,683.13
1784852911751,1,97,55,541.65
1784852911892,0,95,53,678.83
1784852911892,1,98,64,545.23
1784852912032,0,92,47,680.53
1784852912032,1,93,56,552.33
1784852912173,0,92,47,680.59
1784852912173,1,93,56,558.85
1784852912312,0,98,59,679.68
1784852912312,1,95,59,574.59
1784852912451,0,97,59,686.87
1784852912451,1,94,56,588.55
1784852912591,0,97,59,683.88
1784852912591,1,100,61,599.74
1784852912730,0,98,59,643.24
1784852912730,1,100,61,598.62
1784852912866,0,0,0,589.44
1784852912866,1,96,61,608.09
1784852913011,0,0,0,534.15
1784852913011,1,100,67,609.66
1784852913150,0,6,4,524.10
1784852913150,1,100,67,618.99
1784852913290,0,95,55,517.34
1784852913290,1,98,62,633.49
1784852913428,0,90,49,482.37
1784852913428,1,100,61,627.52
1784852913568,0,90,49,484.15
1784852913568,1,100,61,617.74
1784852913708,0,98,60,485.91
1784852913708,1,94,62,607.12
1784852913848,0,97,61,580.76
1784852913848,1,92,60,599.43
1784852913988,0,97,61,647.84
1784852913988,1,97,63,593.28
1784852914130,0,98,61,664.93
1784852914130,1,97,63,589.10
1784852914270,0,95,53,664.38
1784852914270,1,98,62,586.96
1784852914410,0,95,53,687.14
1784852914410,1,100,66,562.67
1784852914550,0,93,48,677.82
1784852914550,1,100,66,560.11
1784852914691,0,97,60,676.65
1784852914691,1,99,65,549.64
1784852914837,0,98,60,674.82
1784852914837,1,95,60,547.79
1784852914976,0,98,60,668.73
1784852914976,1,95,60,548.55
1784852915117,0,98,61,663.55
1784852915117,1,95,60,542.81
1784852915256,0,95,53,665.17
1784852915256,1,88,55,539.62
1784852915394,0,95,53,670.95
1784852915394,1,99,63,551.03
1784852915533,0,92,51,689.95
1784852915533,1,99,63,550.78
1784852915673,0,98,57,688.00
1784852915673,1,96,61,552.69
1784852915813,0,98,57,689.01
1784852915813,1,100,69,549.53
1784852915952,0,98,59,682.61
1784852915952,1,100,69,548.58
1784852916091,0,98,56,679.56
1784852916091,1,100,69,544.93
1784852916229,0,95,53,683.79
1784852916229,1,98,57,547.58
1784852916368,0,95,53,684.38
1784852916368,1,98,57,545.27
1784852916507,0,92,47,680.95
1784852916507,1,92,57,527.50
1784852916647,0,98,58,677.64
1784852916647,1,99,64,525.38
1784852916786,0,98,58,681.55
1784852916786,1,99,64,526.64
1784852916925,0,98,57,689.92
1784852916925,1,100,69,523.46
1784852917067,0,98,58,697.34
1784852917067,1,100,61,543.04
1784852917208,0,98,58,695.49
1784852917208,1,96,59,538.86
1784852917348,0,95,54,690.47
1784852917348,1,96,59,533.25
1784852917488,0,92,47,686.23
1784852917488,1,97,63,528.90
1784852917628,0,98,58,690.18
1784852917628,1,95,55,539.03
1784852917768,0,98,58,686.99
1784852917768,1,95,55,535.73
1784852917908,0,97,59,685.29
1784852917908,1,99,66,547.57
1784852918049,0,98,59,685.85
1784852918049,1,100,68,535.26
1784852918189,0,98,59,690.62
1784852918189,1,100,68,514.16
1784852918331,0,94,52,683.65
1784852918331,1,98,66,523.88
1784852918470,0,93,45,679.36
1784852918470,1,99,59,535.51
1784852918610,0,93,45,677.78
1784852918610,1,100,62,533.51
1784852918750,0,98,59,673.95
1784852918750,1,100,62,536.65
1784852918889,0,98,59,676.49
1784852918889,1,100,69,529.71
1784852919031,0,98,59,668.02
1784852919031,1,99,66,536.34
1784852919171,0,98,59,670.99
1784852919171,1,99,66,543.16
1784852919311,0,95,52,673.28
1784852919311,1,92,55,538.01
1784852919451,0,93,46,684.64
1784852919451,1,100,69,528.93
1784852919589,0,93,46,685.16
1784852919589,1,100,69,528.87
1784852919728,0,98,59,688.93
1784852919728,1,99,63,543.83
1784852919869,0,98,58,686.86
1784852919869,1,100,65,548.90
1784852920008,0,98,58,683.57
1784852920008,1,94,62,541.27
1784852920146,0,98,58,686.98
1784852920146,1,94,62,534.87
1784852920284,0,95,53,689.16
1784852920284,1,100,67,530.93
1784852920423,0,92,50,691.95
1784852920423,1,100,69,535.37
1784852920562,0,92,50,689.08
1784852920562,1,100,69,533.15
1784852920703,0,98,60,692.62
1784852920703,1,99,65,504.95
1784852920843,0,98,59,690.03
1784852920843,1,95,60,500.76
1784852920982,0,98,59,691.90
1784852920982,1,95,60,506.76
1784852921119,0,98,59,684.69
1784852921119,1,99,67,504.18
1784852921259,0,95,53,691.41
1784852921259,1,97,65,502.72
1784852921397,0,95,53,692.08
1784852921397,1,100,67,506.43
1784852921540,0,93,47,683.93
1784852921540,1,100,67,503.12
1784852921681,0,98,59,687.00
1784852921681,1,97,66,498.78
1784852921820,0,98,59,681.64
1784852921820,1,98,53,512.82
1784852921958,0,98,58,676.84
1784852921958,1,98,53,510.85
1784852922098,0,98,59,673.89
1784852922098,1,97,61,523.71
1784852922237,0,94,53,674.40
1784852922237,1,99,60,535.15
1784852922377,0,94,53,669.82
1784852922377,1,99,60,536.21
1784852922517,0,93,47,666.93
1784852922517,1,92,52,562.34
1784852922658,0,98,59,672.69
1784852922658,1,92,58,570.74
1784852922799,0,98,59,670.15
1784852922799,1,93,56,570.38
1784852922939,0,98,60,680.83
1784852922939,1,93,56,570.32
1784852923078,0,98,59,682.77
1784852923078,1,89,52,573.21
1784852923217,0,98,59,686.01
1784852923217,1,100,59,575.30
1784852923357,0,94,52,688.35
1784852923357,1,100,59,578.44
1784852923498,0,92,48,692.63
1784852923498,1,99,63,564.77
1784852923635,0,98,56,686.70
1784852923635,1,94,57,570.92
1784852923774,0,98,56,692.55
1784852923774,1,94,57,566.87
1784852923915,0,98,56,693.86
1784852923915,1,93,59,563.91
1784852924055,0,98,57,686.83
1784852924055,1,98,64,560.20
1784852924195,0,98,57,683.60
1784852924195,1,94,59,554.41
1784852924335,0,95,53,685.88
1784852924335,1,94,59,550.82
1784852924474,0,92,47,688.85
1784852924474,1,91,55,548.76
1784852924615,0,92,47,690.49
1784852924615,1,95,61,537.84
1784852924754,0,98,59,690.08
1784852924754,1,95,61,534.94
1784852924893,0,97,58,690.43
1784852924893,1,97,60,530.02
1784852925035,0,98,60,686.21
1784852925035,1,100,68,525.21
1784852925174,0,98,60,688.87
1784852925174,1,100,68,520.34
1784852925313,0,95,52,686.61
1784852925313,1,100,68,533.49
1784852925452,0,92,46,685.74
1784852925452,1,100,58,531.71
1784852925592,0,92,46,683.77
1784852925592,1,100,58,533.43
1784852925732,0,98,58,683.72
1784852925732,1,100,66,534.23
1784852925871,0,98,59,679.81
1784852925871,1,98,65,523.27
1784852926011,0,98,59,673.59
1784852926011,1,98,63,529.85
1784852926151,0,98,59,678.26
1784852926151,1,98,63,518.53
1784852926292,0,94,53,678.90
1784852926292,1,95,60,526.74
1784852926432,0,93,48,681.24
1784852926432,1,99,65,515.89
1784852926574,0,93,48,678.94
1784852926574,1,99,65,514.15
1784852926715,0,98,59,683.33
1784852926715,1,97,63,521.30
1784852926855,0,98,58,682.48
1784852926855,1,85,46,538.33
1784852927003,0,98,58,686.10
1784852927003,1,90,58,545.62
1784852927143,0,98,59,684.79
1784852927143,1,90,58,568.47
1784852927284,0,95,52,686.69
1784852927284,1,99,61,568.82
1784852927424,0,95,52,685.64
1784852927424,1,92,57,569.18
1784852927564,0,92,47,679.35
1784852927564,1,92,57,580.62
1784852927704,0,98,59,679.52
1784852927704,1,95,61,576.01
1784852927845,0,98,58,673.49
1784852927845,1,93,57,572.83
1784852927985,0,98,58,678.32
1784852927985,1,93,57,566.43
1784852928125,0,98,59,675.03
1784852928125,1,93,53,571.99
1784852928406,0,59,32,592.78
1784852928406,1,69,44,504.45
1784852928546,0,49,27,593.32
1784852928546,1,69,44,503.04
1784852928684,0,99,52,590.02
1784852928684,1,97,63,498.84
1784852928823,0,99,52,588.13
1784852928823,1,88,53,492.00
1784852928962,0,98,58,588.67
1784852928962,1,88,53,492.98
1784852929102,0,98,58,589.60
1784852929102,1,93,59,475.75
1784852929243,0,98,58,636.26
1784852929243,1,96,63,495.68
1784852929383,0,98,58,670.31
1784852929383,1,96,63,523.11
1784852929522,0,94,52,677.19
1784852929522,1,100,68,517.50
1784852929662,0,98,52,676.13
1784852929662,1,100,68,512.30
1784852929802,0,98,52,675.88
1784852929802,1,97,61,511.75
1784852929942,0,98,56,679.18
1784852929942,1,97,61,510.46
1784852930082,0,98,56,683.91
1784852930082,1,97,60,510.19
1784852930222,0,98,56,680.43
1784852930222,1,97,59,525.72
1784852930361,0,98,57,681.34
1784852930361,1,97,59,529.20
1784852930500,0,95,52,683.25
1784852930500,1,95,60,538.54
1784852930639,0,98,53,688.37
1784852930639,1,97,61,546.59
1784852930779,0,98,53,692.66
1784852930779,1,97,61,555.76
1784852930919,0,98,58,688.33
1784852930919,1,93,58,556.29
1784852931060,0,98,57,685.60
1784852931060,1,98,61,558.70
1784852931201,0,98,57,688.88
1784852931201,1,96,56,561.66
1784852931341,0,98,57,689.19
1784852931341,1,96,56,555.11
1784852931481,0,95,53,686.41
1784852931481,1,98,62,560.01
1784852931622,0,95,53,683.68
1784852931622,1,100,68,552.28
1784852931763,0,92,49,680.86
1784852931763,1,100,68,552.56
1784852931904,0,98,59,684.28
1784852931904,1,99,59,559.19
1784852932044,0,98,60,685.22
1784852932044,1,97,53,570.63
1784852932184,0,98,60,686.58
1784852932184,1,97,53,563.99
1784852932324,0,98,59,687.24
1784852932324,1,99,65,559.53
1784852932468,0,95,53,695.73
1784852932468,1,91,53,566.75
1784852932609,0,95,53,691.51
1784852932609,1,100,67,565.29
1784852932748,0,97,53,688.28
1784852932748,1,100,67,559.91
1784852932888,0,98,60,678.68
1784852932888,1,100,67,553.60
1784852933029,0,98,60,675.88
1784852933029,1,99,64,526.78
1784852933169,0,98,61,673.03
1784852933169,1,99,64,516.76
1784852933310,0,98,60,671.17
1784852933310,1,93,60,507.89
1784852933449,0,95,52,667.05
1784852933449,1,82,46,500.92
1784852933587,0,95,52,662.62
1784852933587,1,82,46,497.59
1784852933726,0,98,53,668.88
1784852933726,1,99,65,503.47
1784852933866,0,98,57,682.20
1784852933866,1,95,57,514.47
1784852934007,0,98,57,679.94
1784852934007,1,100,66,515.95
1784852934147,0,98,58,680.83
1784852934147,1,100,66,516.83
1784852934288,0,98,55,678.04
1784852934288,1,97,61,519.12
1784852934427,0,98,55,681.59
1784852934427,1,93,56,534.57
1784852934567,0,95,54,687.55
1784852934567,1,93,56,538.06
1784852934710,0,98,52,688.88
1784852934710,1,100,69,530.90
1784852934850,0,98,60,683.86
1784852934850,1,98,67,517.04
1784852934989,0,98,60,686.61
1784852934989,1,98,67,511.80
1784852935130,0,98,59,691.21
1784852935130,1,95,63,517.29
1784852935270,0,98,59,696.30
1784852935270,1,100,68,511.67
1784852935410,0,98,59,693.73
1784852935410,1,99,64,500.96
1784852935549,0,94,51,685.61
1784852935549,1,99,64,494.96
1784852935689,0,98,51,686.63
1784852935689,1,90,51,502.47
1784852935828,0,98,51,687.61
1784852935828,1,99,66,505.45
1784852935968,0,98,58,688.52
1784852935968,1,99,66,506.53
1784852936107,0,98,57,689.25
1784852936107,1,100,68,502.68
1784852936247,0,98,58,682.61
1784852936247,1,100,68,504.23
1784852936386,0,98,58,682.69
1784852936386,1,100,68,520.40
1784852936524,0,95,52,684.14
1784852936524,1,98,64,516.94
1784852936663,0,98,53,686.40
1784852936663,1,87,52,518.23
1784852936802,0,98,53,689.27
1784852936802,1,93,56,538.31
1784852936939,0,98,57,684.27
1784852936939,1,93,56,546.71
1784852937079,0,98,57,684.99
1784852937079,1,100,63,549.97
1784852937220,0,98,57,688.65
1784852937220,1,98,58,569.18
1784852937359,0,98,57,689.46
1784852937359,1,98,58,559.67
1784852937499,0,94,52,689.99
1784852937499,1,100,68,564.16
1784852937640,0,93,49,679.15
1784852937640,1,98,64,562.83
1784852937782,0,93,49,677.61
1784852937782,1,98,64,556.22
1784852937930,0,98,58,676.16
1784852937930,1,100,65,545.56
1784852938069,0,98,58,672.55
1784852938069,1,98,60,553.57
1784852938209,0,98,58,669.82
1784852938209,1,100,66,547.29
1784852938349,0,98,58,671.22
1784852938349,1,100,66,563.53
1784852938490,0,95,55,678.31
1784852938490,1,100,62,567.31
1784852938630,0,95,55,683.40
1784852938630,1,100,65,560.96
1784852938770,0,98,57,692.91
1784852938770,1,100,65,561.66
1784852938909,0,98,60,692.75
1784852938909,1,100,67,567.25
1784852939048,0,98,60,699.22
1784852939048,1,100,64,553.98
1784852939189,0,98,60,697.66
1784852939189,1,100,64,557.51
1784852939330,0,98,60,696.10
1784852939330,1,97,60,553.92
1784852939470,0,94,53,687.27
1784852939470,1,100,61,553.90
1784852939608,0,94,53,683.03
1784852939608,1,95,60,554.52
1784852939747,0,98,54,678.46
1784852939747,1,95,60,539.48
1784852939887,0,98,60,682.39
1784852939887,1,98,64,545.30
1784852940029,0,98,60,679.32
1784852940029,1,96,54,567.66
1784852940168,0,98,60,679.86
1784852940168,1,96,54,561.02
1784852940307,0,98,60,681.14
1784852940307,1,100,68,545.47
1784852940445,0,95,53,686.26
1784852940445,1,91,56,544.14
1784852940585,0,95,53,679.25
1784852940585,1,91,56,541.69
1784852940724,0,98,54,677.03
1784852940724,1,100,67,548.14
1784852940863,0,97,58,678.71
1784852940863,1,99,63,544.77
1784852941003,0,97,58,681.92
1784852941003,1,99,63,547.32
1784852941142,0,98,58,684.22
1784852941142,1,100,67,529.91
1784852941281,0,98,58,679.17
1784852941281,1,97,63,533.38
1784852941421,0,98,58,648.55
1784852941421,1,47,32,491.98
1784852941560,0,31,32,564.13
1784852941560,1,47,32,469.95
1784852941694,0,39,4,508.11
1784852941694,1,21,16,438.29
1784852941827,0,39,4,457.21
1784852941827,1,0,0,348.81
1784852941959,0,0,0,344.04
1784852941959,1,0,0,304.36
1784852942091,0,0,0,286.19
1784852942091,1,0,0,269.27
1784852942223,0,0,0,231.83
1784852942223,1,9,1,197.78
1784852942356,0,0,0,154.89
1784852942356,1,9,1,158.31
1784852942491,0,0,0,151.08
1784852942491,1,17,9,179.63
1784852942626,0,0,0,138.41
1784852942626,1,100,47,288.39
1784852942761,0,0,0,136.40
1784852942761,1,100,47,348.05
1784852942895,0,0,0,135.96
1784852942895,1,100,46,408.21
1784852943032,0,0,0,135.54
1784852943032,1,100,46,522.38
1784852943169,0,0,0,134.87
1784852943169,1,100,46,553.21
1784852943305,0,0,0,133.15
1784852943305,1,100,66,585.13
1784852943441,0,0,0,131.62
1784852943441,1,100,71,627.93
1784852943578,0,0,0,131.42
1784852943578,1,100,71,591.92
1784852943715,0,0,0,131.29
1784852943715,1,97,65,547.28
1784852943853,0,0,0,131.01
1784852943853,1,92,60,522.28
1784852943990,0,0,0,130.90
1784852943990,1,92,60,502.99
1784852944127,0,0,0,130.79
1784852944127,1,92,52,502.17
1784852944264,0,0,0,130.57
1784852944264,1,99,64,508.05
1784852944401,0,0,0,130.46
1784852944401,1,99,64,508.80
1784852944539,0,0,0,130.27
1784852944539,1,100,66,513.75
1784852944676,0,0,0,130.18
1784852944676,1,94,59,513.84
1784852944822,0,0,0,130.10
1784852944822,1,93,54,522.59
1784852944958,0,0,0,129.91
1784852944958,1,93,54,523.98
1784852945095,0,0,0,129.80
1784852945095,1,99,65,517.30
1784852945231,0,0,0,129.71
1784852945231,1,94,57,514.54
1784852945367,0,0,0,129.52
1784852945367,1,94,57,532.21
1784852945504,0,0,0,129.46
1784852945504,1,97,63,531.14
1784852945641,0,0,0,163.48
1784852945641,1,100,63,533.67
1784852945780,0,0,0,222.17
1784852945780,1,100,63,523.70
1784852945921,0,95,54,280.92
1784852945921,1,98,64,523.95
1784852946062,0,98,57,385.83
1784852946062,1,97,64,519.69
1784852946202,0,98,57,443.01
1784852946202,1,97,64,529.25
1784852946341,0,98,58,562.10
1784852946341,1,99,63,526.98
1784852946481,0,98,57,617.16
1784852946481,1,100,66,526.66
1784852946622,0,98,57,675.50
1784852946622,1,97,60,532.93
1784852946760,0,94,55,690.62
1784852946760,1,97,60,534.83
1784852946898,0,95,53,688.52
1784852946898,1,97,64,526.55
1784852947038,0,98,56,680.30
1784852947038,1,97,61,525.84
1784852947177,0,98,56,682.15
1784852947177,1,97,61,520.44
1784852947317,0,98,60,673.59
1784852947317,1,98,58,510.10
1784852947456,0,98,60,674.24
1784852947456,1,100,61,519.33
1784852947595,0,98,60,671.84
1784852947595,1,100,61,517.04
1784852947733,0,91,56,673.32
1784852947733,1,99,67,509.70
1784852947873,0,95,54,667.96
1784852947873,1,98,68,508.61
1784852948012,0,95,54,675.74
1784852948012,1,98,65,509.71
1784852948153,0,98,59,675.44
1784852948153,1,98,65,504.89
1784852948294,0,98,60,675.45
1784852948294,1,98,63,494.76
1784852948434,0,98,60,674.16
1784852948434,1,100,68,487.26
1784852948574,0,98,61,670.14
1784852948574,1,100,68,505.91
1784852948714,0,90,54,677.75
1784852948714,1,100,59,521.95
1784852948856,0,95,54,683.26
1784852948856,1,98,63,530.12
1784852948997,0,95,54,687.91
1784852948997,1,98,63,535.30
1784852949138,0,98,58,690.94
1784852949138,1,97,62,535.91
1784852949278,0,98,58,697.13
1784852949278,1,94,58,538.93
1784852949420,0,98,58,695.91
1784852949420,1,100,68,544.91
1784852949559,0,98,58,694.17
1784852949559,1,100,68,535.75
1784852949697,0,91,54,691.80
1784852949697,1,96,60,528.25
1784852949837,0,95,53,681.55
1784852949837,1,100,62,533.86
1784852949976,0,95,53,679.99
1784852949976,1,100,62,531.45
1784852950117,0,98,59,681.30
1784852950117,1,98,62,543.20
1784852950255,0,98,60,675.62
1784852950255,1,96,58,539.74
1784852950394,0,98,60,671.49
1784852950394,1,96,58,542.48
1784852950535,0,98,59,679.41
1784852950535,1,99,68,533.75
1784852950674,0,90,54,684.04
1784852950674,1,95,62,530.33
1784852950814,0,90,54,690.73
1784852950814,1,96,63,522.72
1784852950953,0,95,54,683.12
1784852950953,1,96,63,516.88
1784852951092,0,98,60,684.91
1784852951092,1,100,69,510.50
1784852951231,0,98,60,683.59
1784852951231,1,100,69,496.76
1784852951371,0,98,61,684.67
1784852951371,1,100,69,488.74
1784852951510,0,98,60,684.69
1784852951510,1,100,71,491.41
1784852951650,0,89,54,681.66
1784852951650,1,92,56,488.23
1784852951788,0,89,54,676.48
1784852951788,1,92,56,500.11
1784852951928,0,96,51,673.77
1784852951928,1,96,64,494.38
1784852952067,0,98,60,674.46
1784852952067,1,98,69,493.77
1784852952207,0,98,60,676.62
1784852952207,1,98,69,493.63
1784852952346,0,98,60,677.71
1784852952346,1,94,63,500.96
1784852952486,0,98,60,674.27
1784852952486,1,96,64,498.06
1784852952625,0,98,60,672.48
1784852952625,1,97,64,502.12
1784852952765,0,88,52,681.80
1784852952765,1,97,64,492.12
1784852952905,0,90,50,682.43
1784852952905,1,100,70,489.81
1784852953046,0,97,59,684.94
1784852953046,1,100,69,498.51
1784852953188,0,97,59,684.50
1784852953188,1,100,69,498.25
1784852953327,0,98,60,686.33
1784852953327,1,98,65,510.17
1784852953464,0,98,59,688.85
1784852953464,1,99,60,520.88
1784852953602,0,98,59,691.14
1784852953602,1,99,60,528.94
1784852953740,0,91,52,682.94
1784852953740,1,96,55,531.31
1784852953876,0,91,48,688.57
1784852953876,1,100,67,539.37
1784852954018,0,91,48,688.60
1784852954018,1,100,66,537.40
1784852954158,0,98,60,690.54
1784852954158,1,100,66,541.75
1784852954298,0,98,60,688.10
1784852954298,1,96,61,546.45
1784852954438,0,98,60,689.98
1784852954438,1,98,67,538.12
1784852954576,0,98,60,692.94
1784852954576,1,98,67,526.10
1784852954715,0,94,54,693.14
1784852954715,1,93,54,536.01
1784852954855,0,91,47,689.31
1784852954855,1,96,57,543.18
1784852954993,0,91,47,694.81
1784852954993,1,96,57,562.77
1784852955131,0,98,60,687.21
1784852955131,1,91,49,569.81
1784852955271,0,98,59,691.49
1784852955271,1,100,60,573.50
1784852955420,0,58,36,642.05
1784852955420,1,41,25,518.64
1784852955667,0,58,36,604.34
1784852955667,1,75,47,514.16
1784852955806,0,58,36,604.06
1784852955806,1,75,47,540.67
1784852955945,0,95,54,604.51
1784852955945,1,100,59,521.74
1784852956087,0,98,54,605.31
1784852956087,1,96,62,515.49
1784852956225,0,98,54,602.75
1784852956225,1,98,58,529.23
1784852956365,0,98,60,610.88
1784852956365,1,98,58,532.60
1784852956505,0,98,60,650.41
1784852956505,1,97,59,558.30
1784852956646,0,98,59,686.63
1784852956646,1,98,61,606.00
1784852956786,0,98,59,686.30
1784852956786,1,98,61,586.67
1784852956927,0,95,54,681.45
1784852956927,1,100,61,584.22
1784852957068,0,98,56,674.30
1784852957068,1,97,61,584.98
1784852957206,0,98,56,676.30
1784852957206,1,97,61,587.35
1784852957346,0,98,60,672.49
1784852957346,1,100,64,579.07
1784852957485,0,98,61,665.66
1784852957485,1,97,61,579.54
1784852957626,0,98,61,666.04
1784852957626,1,98,65,568.38
1784852957765,0,91,57,668.67
1784852957765,1,98,65,573.26
1784852957905,0,95,53,661.16
1784852957905,1,99,63,566.18
1784852958045,0,98,58,675.25
1784852958045,1,99,66,558.99
1784852958185,0,98,58,677.28
1784852958185,1,99,66,556.32
1784852958323,0,98,59,683.15
1784852958323,1,98,62,537.52
1784852958462,0,98,59,686.48
1784852958462,1,99,65,533.11
1784852958602,0,98,59,686.75
1784852958602,1,99,65,526.67
1784852958743,0,91,56,630.68
1784852958743,1,100,66,512.73
1784852958881,0,0,0,580.04
1784852958881,1,97,62,510.09
1784852959018,0,0,0,531.27
1784852959018,1,98,61,503.04
1784852959158,0,11,6,519.74
1784852959158,1,98,61,497.29
1784852959295,0,91,47,512.73
1784852959295,1,100,64,498.83
1784852959438,0,91,47,509.01
1784852959438,1,96,65,494.40
1784852959580,0,98,60,509.36
1784852959580,1,96,65,493.57
1784852959721,0,98,60,506.97
1784852959721,1,98,59,505.34
1784852959862,0,98,60,607.88
1784852959862,1,100,60,510.25
1784852960001,0,98,60,673.15
1784852960001,1,100,60,517.65
1784852960141,0,94,53,668.68
1784852960141,1,93,59,519.59
1784852960280,0,91,46,675.34
1784852960280,1,96,58,526.79
1784852960420,0,91,46,681.26
1784852960420,1,100,59,551.44
1784852960560,0,98,58,684.66
1784852960560,1,100,59,574.63
1784852960700,0,98,58,686.04
1784852960700,1,100,49,579.86
1784852960841,0,98,58,684.97
1784852960841,1,100,63,577.20
1784852960980,0,98,58,684.13
1784852960980,1,100,63,577.67
1784852961120,0,94,53,688.84
1784852961120,1,89,53,586.04
1784852961262,0,90,45,689.34
1784852961262,1,93,53,590.37
1784852961402,0,90,45,688.40
1784852961402,1,93,53,592.93
1784852961542,0,98,59,684.63
1784852961542,1,82,46,567.59
1784852961682,0,98,60,687.93
1784852961682,1,93,52,566.92
1784852961821,0,98,60,685.39
1784852961821,1,94,59,578.88
1784852961962,0,98,59,681.40
1784852961962,1,94,59,575.11
1784852962102,0,94,53,676.62
1784852962102,1,90,53,577.50
1784852962266,0,96,38,656.65
1784852962266,1,93,59,578.99
1784852962406,0,96,38,656.89
1784852962406,1,93,59,580.42
1784852962546,0,98,60,652.70
1784852962546,1,99,61,587.27
1784852962686,0,98,60,650.24
1784852962686,1,99,66,576.81
1784852962826,0,98,60,648.51
1784852962826,1,90,48,586.20
1784852962967,0,98,59,652.32
1784852962967,1,90,48,587.35
1784852963109,0,94,54,655.00
1784852963109,1,99,67,587.06
1784852963248,0,90,47,679.92
1784852963248,1,92,57,582.92
1784852963389,0,90,47,677.45
1784852963389,1,92,57,579.64
1784852963530,0,98,59,680.55
1784852963530,1,94,55,578.23
1784852963670,0,98,59,681.20
1784852963670,1,97,59,587.17
1784852963811,0,98,59,686.55
1784852963811,1,97,59,584.58
1784852963951,0,98,58,686.47
1784852963951,1,100,56,577.07
1784852964090,0,95,53,688.93
1784852964090,1,100,63,580.23
1784852964229,0,95,53,685.79
1784852964229,1,98,58,581.63
1784852964370,0,91,45,689.70
1784852964370,1,98,58,581.31
1784852964512,0,98,59,683.93
1784852964512,1,95,59,573.02
1784852964653,0,98,60,684.06
1784852964653,1,100,69,550.92
1784852964794,0,98,60,682.23
1784852964794,1,100,69,539.14
1784852964935,0,97,60,681.44
1784852964935,1,97,61,545.97
1784852965074,0,94,54,681.88
1784852965074,1,92,53,537.47
1784852965215,0,94,54,678.53
1784852965215,1,92,53,551.08
1784852965355,0,92,48,680.76
1784852965355,1,98,60,548.15
1784852965497,0,98,59,682.47
1784852965497,1,95,57,553.66
1784852965638,0,98,59,681.62
1784852965638,1,100,61,572.38
1784852965779,0,98,60,686.81
1784852965779,1,100,61,594.35
1784852965918,0,98,60,682.84
1784852965918,1,100,57,591.54
1784852966058,0,94,54,681.09
1784852966058,1,96,57,587.40
1784852966198,0,94,54,679.42
1784852966198,1,96,57,594.69
1784852966338,0,92,47,688.90
1784852966338,1,94,56,587.82
1784852966477,0,98,60,682.37
1784852966477,1,100,63,587.39
1784852966617,0,98,60,686.09
1784852966617,1,90,46,589.74
1784852966759,0,98,59,682.90
1784852966759,1,90,46,573.25
1784852966900,0,98,59,685.57
1784852966900,1,98,61,570.47
1784852967040,0,98,59,687.29
1784852967040,1,100,63,577.45
1784852967179,0,94,53,689.34
1784852967179,1,100,63,587.17
1784852967319,0,92,47,683.82
1784852967319,1,100,64,585.69
1784852967459,0,98,58,689.64
1784852967459,1,100,58,600.05
1784852967598,0,98,58,686.35
1784852967598,1,100,58,595.95
1784852967737,0,98,59,688.28
1784852967737,1,100,68,589.95
1784852967879,0,98,60,684.19
1784852967879,1,98,64,582.39
1784852968019,0,98,60,682.74
1784852968019,1,100,70,574.86
1784852968160,0,94,53,681.22
1784852968160,1,100,70,553.45
1784852968301,0,92,50,688.40
1784852968301,1,99,66,550.16
1784852968440,0,92,50,684.78
1784852968440,1,100,61,534.38
1784852968578,0,98,60,687.66
1784852968578,1,100,61,535.14
1784852968718,0,98,60,686.53
1784852968718,1,98,58,538.76
1784852968859,0,98,58,689.60
1784852968859,1,97,62,537.67
1784852969000,0,98,58,690.62
1784852969000,1,97,62,532.53
1784852969139,0,95,54,693.27
1784852969139,1,96,58,547.69
1784852969280,0,95,52,681.36
1784852969280,1,97,57,547.87
1784852969421,0,95,52,686.07
1784852969421,1,99,67,540.28
1784852969562,0,98,59,680.86
1784852969562,1,99,67,546.63
1784852969703,0,98,59,684.32
1784852969703,1,99,57,535.91
1784852969843,0,98,59,680.82
1784852969843,1,100,60,554.71
1784852969982,0,98,59,680.01
1784852969982,1,100,60,556.79
1784852970121,0,95,54,684.10
1784852970121,1,96,62,548.19
1784852970263,0,98,55,692.26
1784852970263,1,98,61,543.25
1784852970403,0,98,55,685.46
1784852970403,1,98,61,548.66
1784852970545,0,98,60,687.92
1784852970545,1,86,49,557.66
1784852970684,0,98,60,681.84
1784852970684,1,95,53,569.54
1784852970825,0,98,60,685.20
1784852970825,1,89,54,547.16
1784852970964,0,98,60,689.83
1784852970964,1,89,54,542.26
1784852971105,0,95,54,683.98
1784852971105,1,100,67,551.16
1784852971245,0,95,54,684.70
1784852971245,1,99,61,570.13
1784852971384,0,98,54,687.60
1784852971384,1,99,61,575.33
1784852971522,0,98,60,682.88
1784852971522,1,89,49,565.34
1784852971662,0,98,60,686.86
1784852971662,1,99,65,555.72
1784852971801,0,98,60,680.71
1784852971801,1,99,65,558.46
1784852971940,0,98,60,680.87
1784852971940,1,94,59,576.69
1784852972090,0,95,54,643.13
1784852972090,1,93,48,543.29
1784852972324,0,34,18,609.00
1784852972324,1,31,21,492.34
1784852972463,0,98,59,612.80
1784852972463,1,82,47,483.37
1784852972603,0,98,59,613.53
1784852972603,1,82,47,484.69
1784852972742,0,98,60,611.89
1784852972742,1,96,63,478.30
1784852972882,0,98,60,620.71
1784852972882,1,91,57,475.55
1784852973024,0,98,60,609.70
1784852973024,1,96,52,466.56
1784852973164,0,89,53,652.59
1784852973164,1,96,52,507.55
1784852973302,0,95,52,677.07
1784852973302,1,96,59,527.09
1784852973443,0,95,52,687.68
1784852973443,1,98,64,552.05
1784852973582,0,98,59,678.29
1784852973582,1,98,64,549.95
1784852973723,0,98,60,680.92
1784852973723,1,94,60,560.65
1784852973862,0,98,59,679.30
1784852973862,1,88,48,579.44
1784852974002,0,98,59,681.34
1784852974002,1,88,48,576.65
1784852974142,0,95,54,685.70
1784852974142,1,97,63,558.62
1784852974281,0,91,51,688.19
1784852974281,1,85,48,560.81
1784852974422,0,91,51,686.69
1784852974422,1,100,66,550.72
1784852974563,0,98,60,694.09
1784852974563,1,100,66,557.77
1784852974702,0,98,60,689.47
1784852974702,1,97,63,554.25
1784852974848,0,98,60,689.17
1784852974848,1,83,43,544.74
1784852974989,0,98,60,693.11
1784852974989,1,83,43,555.54
1784852975128,0,95,52,689.55
1784852975128,1,100,63,556.99
1784852975266,0,94,51,677.90
1784852975266,1,95,57,547.52
1784852975405,0,94,51,676.28
1784852975405,1,95,57,542.20
1784852975545,0,98,58,677.25
1784852975545,1,89,55,539.76
1784852975686,0,98,59,673.05
1784852975686,1,91,53,550.51
1784852975825,0,98,59,667.98
1784852975825,1,92,50,563.12
1784852975965,0,98,58,667.12
1784852975965,1,92,50,554.93
1784852976106,0,93,52,667.44
1784852976106,1,94,59,553.47
1784852976245,0,93,52,663.71
1784852976245,1,100,68,542.64
1784852976384,0,99,54,669.94
1784852976384,1,100,68,548.88
1784852976523,0,98,58,673.94
1784852976523,1,100,55,569.20
1784852976664,0,98,58,677.80
1784852976664,1,97,62,556.02
1784852976803,0,98,58,683.97
1784852976803,1,97,62,547.95
1784852976943,0,98,59,682.82
1784852976943,1,92,60,543.60
1784852977082,0,95,53,679.70
1784852977082,1,93,48,558.56
1784852977221,0,95,53,677.99
1784852977221,1,93,48,564.20
1784852977362,0,98,55,677.89
1784852977362,1,97,65,553.30
1784852977502,0,97,59,669.92
1784852977502,1,97,60,553.92
1784852977642,0,97,59,670.21
1784852977642,1,90,55,563.14
1784852977783,0,97,60,663.98
1784852977783,1,90,55,560.06
1784852977922,0,91,56,658.84
1784852977922,1,99,63,559.39
1784852978063,0,95,53,661.74
1784852978063,1,100,66,543.95
1784852978204,0,95,53,654.90
1784852978204,1,100,66,540.28
1784852978343,0,98,59,669.23
1784852978343,1,100,66,544.28
1784852978482,0,98,58,677.38
1784852978482,1,97,59,533.74
1784852978623,0,98,58,680.60
1784852978623,1,99,61,527.74
1784852978761,0,98,59,680.38
1784852978761,1,99,61,529.77
1784852978901,0,90,53,677.88
1784852978901,1,99,66,526.40
1784852979040,0,90,53,683.77
1784852979040,1,95,59,540.70
1784852979181,0,94,52,688.02
1784852979181,1,95,59,543.99
1784852979321,0,98,58,687.33
1784852979321,1,100,62,557.64
1784852979460,0,98,58,689.31
1784852979460,1,100,64,560.01
1784852979600,0,98,58,688.42
1784852979600,1,100,64,562.79
1784852979742,0,98,58,691.12
1784852979742,1,98,60,574.29
1784852979881,0,91,53,686.55
1784852979881,1,90,52,580.36
1784852980021,0,91,53,692.77
1784852980021,1,90,52,579.01
1784852980162,0,95,52,692.13
1784852980162,1,100,67,576.38
1784852980303,0,98,58,689.41
1784852980303,1,100,69,554.85
1784852980445,0,98,58,685.88
1784852980445,1,100,69,556.78
1784852980585,0,98,58,684.02
1784852980585,1,100,69,557.09
1784852980726,0,98,59,682.23
1784852980726,1,98,63,537.99
1784852980865,0,90,54,689.06
1784852980865,1,100,67,533.10
1784852981006,0,90,54,689.39
1784852981006,1,100,67,527.82
1784852981147,0,95,52,686.65
1784852981147,1,94,57,545.31
1784852981289,0,97,58,677.37
1784852981289,1,97,64,545.64
1784852981428,0,97,58,684.01
1784852981428,1,97,65,536.53
1784852981568,0,98,58,679.43
1784852981568,1,97,65,534.65
1784852981706,0,98,58,682.20
1784852981706,1,80,43,547.76
1784852981845,0,98,58,680.28
1784852981845,1,95,60,556.13
1784852981982,0,90,54,671.92
1784852981982,1,95,60,560.13
1784852982121,0,94,52,670.95
1784852982121,1,100,69,540.44
1784852982259,0,98,59,684.80
1784852982259,1,99,66,545.29
1784852982400,0,98,59,680.84
1784852982400,1,99,66,547.15
1784852982538,0,98,59,679.17
1784852982538,1,91,55,563.26
1784852982678,0,98,59,682.18
1784852982678,1,98,61,558.69
1784852982817,0,98,59,682.95
1784852982817,1,98,61,561.05
1784852982955,0,89,53,694.89
1784852982955,1,97,60,571.41
1784852983095,0,95,52,695.19
1784852983095,1,95,57,578.52
1784852983234,0,95,52,688.24
1784852983234,1,87,56,571.56
1784852983374,0,98,59,679.47
1784852983374,1,87,56,579.42
1784852983513,0,98,58,678.30
1784852983513,1,83,49,567.63
1784852983653,0,98,58,669.76
1784852983653,1,100,67,560.59
1784852983793,0,98,59,666.90
1784852983793,1,100,67,557.10
1784852983929,0,89,53,662.15
1784852983929,1,100,65,541.67
1784852984070,0,96,50,663.08
1784852984070,1,100,68,533.74
1784852984210,0,96,50,668.02
1784852984210,1,100,68,534.25
1784852984349,0,98,60,669.94
1784852984349,1,100,65,548.27
1784852984488,0,98,59,669.34
1784852984488,1,100,59,550.04
1784852984629,0,98,59,674.50
1784852984629,1,95,60,552.34
1784852984769,0,98,60,676.31
1784852984769,1,95,60,544.93
1784852984909,0,88,51,676.34
1784852984909,1,98,64,541.04
1784852985048,0,88,51,673.54
1784852985048,1,99,63,542.95
1784852985188,0,90,49,670.26
1784852985188,1,99,63,547.21
1784852985329,0,98,58,671.91
1784852985329,1,98,59,529.27
1784852985469,0,98,58,675.32
1784852985469,1,94,63,534.13
1784852985609,0,98,58,673.44
1784852985609,1,94,63,531.14
1784852985750,0,98,59,678.84
1784852985750,1,100,61,526.56
1784852985890,0,88,49,674.13
1784852985890,1,99,66,531.47
1784852986031,0,88,49,674.91
1784852986031,1,95,61,528.26
1784852986172,0,91,48,674.59
1784852986172,1,95,61,519.20
1784852986311,0,98,58,672.97
1784852986311,1,95,56,525.53
1784852986451,0,98,58,668.33
1784852986451,1,98,62,523.15
1784852986592,0,98,59,664.44
1784852986592,1,98,62,514.22
1784852986733,0,97,58,661.88
1784852986733,1,99,62,522.76
1784852986873,0,94,53,668.69
1784852986873,1,97,62,523.31
1784852987013,0,94,53,672.03
1784852987013,1,97,62,519.93
1784852987156,0,91,46,671.33
1784852987156,1,96,61,515.68
1784852987296,0,98,59,677.91
1784852987296,1,100,67,506.73
1784852987434,0,98,59,682.89
1784852987434,1,92,50,525.85
1784852987574,0,98,59,689.39
1784852987574,1,92,50,531.97
1784852987714,0,98,60,690.99
1784852987714,1,95,59,528.26
1784852987854,0,98,60,691.75
1784852987854,1,97,63,530.45
1784852987993,0,95,53,689.09
1784852987993,1,97,63,554.36
1784852988134,0,92,49,689.40
1784852988134,1,98,60,566.17
1784852988275,0,98,58,689.43
1784852988275,1,96,61,576.21
1784852988416,0,98,58,691.17
1784852988416,1,96,61,565.17
1784852988556,0,98,57,692.46
1784852988556,1,99,64,560.54
1784852988696,0,98,57,690.39
1784852988696,1,96,53,566.97
1784852988837,0,98,57,690.72
1784852988837,1,93,55,581.17
1784852988976,0,95,52,686.11
1784852988976,1,93,55,558.60
1784852989115,0,93,47,679.64
1784852989115,1,100,68,556.69
1784852989254,0,93,47,674.71
1784852989254,1,90,57,548.73
1784852989393,0,98,58,681.62
1784852989393,1,90,57,549.97
1784852989531,0,98,57,675.95
1784852989531,1,97,65,540.64
1784852989671,0,98,58,681.21
1784852989671,1,91,58,522.53
1784852989811,0,98,58,682.37
1784852989811,1,91,58,513.51
1784852989951,0,94,54,681.80
1784852989951,1,93,52,531.15
1784852990091,0,92,48,677.11
1784852990091,1,99,61,534.47
1784852990231,0,92,48,675.02
1784852990231,1,100,67,532.53
1784852990369,0,98,60,675.19
1784852990369,1,100,67,542.56
1784852990509,0,98,60,677.06
1784852990509,1,92,58,551.72
1784852990648,0,98,60,680.21
1784852990648,1,99,67,557.08
1784852990788,0,98,60,675.72
1784852990788,1,99,67,562.11
1784852990928,0,94,54,676.14
1784852990928,1,98,66,534.21
1784852991067,0,92,50,680.53
1784852991067,1,94,56,554.81
1784852991209,0,92,50,690.05
1784852991209,1,94,56,556.68
1784852991351,0,98,59,686.05
1784852991351,1,97,57,562.89
1784852991492,0,98,59,687.28
1784852991492,1,96,64,558.02
1784852991633,0,98,59,682.70
1784852991633,1,99,66,553.49
1784852991773,0,98,59,683.79
1784852991773,1,99,66,555.25
1784852991912,0,95,54,686.21
1784852991912,1,96,63,556.82
1784852992051,0,95,54,687.57
1784852992051,1,100,66,540.00
1784852992191,0,92,52,686.18
1784852992191,1,100,66,525.63
1784852992332,0,98,60,686.85
1784852992332,1,98,64,503.04
1784852992473,0,98,59,688.26
1784852992473,1,99,66,508.68
1784852992618,0,98,59,687.72
1784852992618,1,99,66,502.66
1784852992758,0,98,58,690.45
1784852992758,1,95,64,487.11
1784852992895,0,0,0,559.87
1784852992895,1,87,54,473.11
1784852993222,0,0,0,464.67
1784852993222,1,20,14,420.92
1784852993358,0,0,0,404.97
1784852993358,1,76,48,441.10
1784852993499,0,94,52,389.84
1784852993499,1,100,65,441.06
1784852993639,0,94,52,389.92
1784852993639,1,93,58,455.93
1784852993780,0,98,59,392.10
1784852993780,1,93,58,455.31
1784852993920,0,98,59,435.56
1784852993920,1,82,51,455.92
1784852994061,0,98,59,538.47
1784852994061,1,100,68,493.91
1784852994201,0,98,59,593.63
1784852994201,1,100,68,529.31
1784852994340,0,89,54,655.60
1784852994340,1,95,56,528.77
1784852994480,0,95,53,671.71
1784852994480,1,94,49,537.45
1784852994620,0,95,53,665.18
1784852994620,1,94,49,539.32
1784852994761,0,98,59,670.53
1784852994761,1,93,56,550.34
1784852994901,0,98,59,677.29
1784852994901,1,93,54,564.80
1784852995042,0,98,59,682.36
1784852995042,1,100,69,567.98
1784852995183,0,98,60,687.49
1784852995183,1,100,69,565.96
1784852995322,0,89,53,690.30
1784852995322,1,92,57,562.44
1784852995464,0,96,52,680.46
1784852995464,1,100,66,547.79
1784852995606,0,96,52,685.37
1784852995606,1,100,66,548.72
1784852995747,0,98,60,686.69
1784852995747,1,98,62,539.82
1784852995888,0,98,59,689.96
1784852995888,1,99,65,528.22
1784852996029,0,98,59,689.34
1784852996029,1,99,65,522.32
1784852996169,0,98,59,691.64
1784852996169,1,96,61,519.83
1784852996308,0,88,52,692.53
1784852996308,1,95,60,519.37
1784852996448,0,88,52,692.89
1784852996448,1,97,52,538.93
1784852996588,0,96,52,692.20
1784852996588,1,97,52,538.73
1784852996727,0,98,59,696.51
1784852996727,1,85,46,553.23
1784852996866,0,98,58,693.71
1784852996866,1,89,53,557.53
1784852997007,0,98,58,692.69
1784852997007,1,89,53,565.59
1784852997146,0,98,58,693.88
1784852997146,1,96,62,589.78
1784852997287,0,88,52,692.42
1784852997287,1,99,60,591.04
1784852997428,0,88,52,692.89
1784852997428,1,99,60,587.44
1784852997570,0,90,48,692.03
1784852997570,1,99,64,588.15
1784852997709,0,98,61,689.64
1784852997709,1,98,60,576.44
1784852997850,0,98,61,681.54
1784852997850,1,100,59,587.25
1784852997990,0,98,61,677.11
1784852997990,1,100,59,578.50
1784852998130,0,98,61,672.93
1784852998130,1,97,65,558.06
1784852998281,0,89,51,670.15
1784852998281,1,99,61,566.61
1784852998422,0,89,51,669.16
1784852998422,1,99,61,570.74
1784852998561,0,90,47,661.18
1784852998561,1,100,57,575.45
1784852998702,0,97,60,677.07
1784852998702,1,98,54,571.55
1784852998844,0,97,60,683.77
1784852998844,1,99,62,565.15
1784852998985,0,98,60,690.86
1784852998985,1,99,62,576.50
1784852999125,0,98,59,692.40
1784852999125,1,99,61,587.96
1784852999265,0,94,54,690.13
1784852999265,1,95,58,586.68
1784852999406,0,94,54,685.68
1784852999406,1,95,58,602.48
1784852999546,0,91,46,683.37
1784852999546,1,100,62,573.09
1784852999687,0,98,60,685.11
1784852999687,1,97,63,581.05
1784852999830,0,98,60,678.02
1784852999830,1,97,63,580.76
1784852999969,0,98,59,678.91
1784852999969,1,97,59,573.74
1784853000109,0,98,60,676.20
1784853000109,1,99,64,574.76
1784853000249,0,98,60,678.92
1784853000249,1,93,58,564.76
1784853000390,0,94,53,678.58
1784853000390,1,93,58,544.44
1784853000530,0,91,45,674.40
1784853000530,1,97,59,560.63
1784853000671,0,97,59,669.17
1784853000671,1,99,67,548.83
1784853000811,0,97,59,670.63
1784853000811,1,99,67,550.12
1784853000950,0,97,60,664.82
1784853000950,1,96,60,568.09
1784853001091,0,97,59,666.99
1784853001091,1,100,61,569.97
1784853001231,0,97,59,665.07
1784853001231,1,100,61,576.24
1784853001372,0,94,53,669.34
1784853001372,1,100,60,581.97
1784853001513,0,92,48,669.79
1784853001513,1,91,55,573.20
1784853001654,0,92,48,676.23
1784853001654,1,96,56,594.38
1784853001795,0,97,58,682.04
1784853001795,1,96,56,588.27
1784853001934,0,98,58,685.91
1784853001934,1,92,56,575.72
1784853002075,0,98,57,686.63
1784853002075,1,96,59,562.87
1784853002216,0,98,57,684.74
1784853002216,1,96,59,554.11
1784853002355,0,94,53,683.68
1784853002355,1,96,61,537.27
1784853002494,0,92,48,681.28
1784853002494,1,97,66,530.78
1784853002634,0,92,48,676.79
1784853002634,1,97,66,520.96
1784853002774,0,97,60,669.56
1784853002774,1,100,66,518.94
1784853002914,0,98,60,665.16
1784853002914,1,98,61,521.12
1784853003055,0,98,60,668.01
1784853003055,1,96,60,523.24
1784853003195,0,98,60,665.94
1784853003195,1,96,60,521.23
1784853003334,0,94,53,666.22
1784853003334,1,99,64,528.27
1784853003475,0,92,52,668.77
1784853003475,1,100,64,548.03
1784853003615,0,92,52,672.67
1784853003615,1,100,64,563.55
1784853003755,0,97,59,672.40
1784853003755,1,93,54,567.97
1784853003896,0,98,59,677.35
1784853003896,1,95,61,569.45
1784853004035,0,98,59,675.50
1784853004035,1,95,61,591.87
1784853004174,0,98,59,682.19
1784853004174,1,96,57,609.25
1784853004314,0,94,53,685.13
1784853004314,1,96,56,612.66
1784853004454,0,94,53,686.92
1784853004454,1,100,65,614.92
1784853004594,0,95,52,678.56
1784853004594,1,100,65,609.65
1784853004740,0,98,59,688.82
1784853004740,1,98,61,588.56
1784853004879,0,98,59,684.97
1784853004879,1,98,64,592.06
1784853005019,0,98,59,688.59
1784853005019,1,98,64,579.20
1784853005159,0,98,59,687.86
1784853005159,1,94,58,553.38
1784853005298,0,94,54,685.10
1784853005298,1,98,61,543.91
1784853005438,0,94,54,680.36
1784853005438,1,100,65,539.57
1784853005577,0,96,52,678.17
1784853005577,1,100,65,536.52
1784853005718,0,98,60,675.88
1784853005718,1,98,64,529.11
1784853005857,0,98,60,670.34
1784853005857,1,98,52,548.61
1784853005996,0,98,59,672.68
1784853005996,1,98,52,553.07
1784853006136,0,98,60,671.78
1784853006136,1,100,66,555.41
1784853006275,0,95,53,675.72
1784853006275,1,100,65,563.77
1784853006415,0,95,53,672.12
1784853006415,1,100,65,552.11
1784853006553,0,98,53,682.53
1784853006553,1,98,65,540.48
1784853006693,0,98,59,681.07
1784853006693,1,100,67,543.27
1784853006834,0,98,59,681.82
1784853006834,1,100,67,525.78
1784853006974,0,98,58,678.41
1784853006974,1,99,65,520.57
1784853007114,0,93,57,674.48
1784853007114,1,89,49,527.25
1784853007254,0,93,57,681.63
1784853007254,1,98,57,536.68
1784853007396,0,94,54,680.48
1784853007396,1,98,57,546.93
1784853007536,0,98,59,681.46
1784853007536,1,92,54,542.47
1784853007675,0,98,60,680.35
1784853007675,1,99,63,548.23
1784853007814,0,98,60,681.27
1784853007814,1,99,63,546.66
1784853007953,0,98,60,679.80
1784853007953,1,97,64,548.21
1784853008093,0,91,56,676.52
1784853008093,1,95,52,549.27
1784853008233,0,91,56,680.70
1784853008233,1,95,52,536.66
1784853008373,0,95,54,679.65
1784853008373,1,100,67,525.03
1784853008513,0,98,59,686.48
1784853008513,1,100,63,531.51
1784853008652,0,98,59,688.30
1784853008652,1,99,61,549.47
1784853008791,0,98,60,693.70
1784853008791,1,99,61,548.85
1784853008931,0,98,59,694.91
1784853008931,1,96,58,574.60
1784853009070,0,98,59,692.50
1784853009070,1,100,64,563.04
1784853009208,0,91,54,692.80
1784853009208,1,100,64,573.96
1784853009348,0,95,54,693.95
1784853009348,1,100,63,598.99
1784853009486,0,98,59,685.09
1784853009486,1,98,48,596.14
1784853009626,0,98,59,685.53
1784853009626,1,98,48,584.16
1784853009766,0,98,60,689.70
1784853009766,1,97,63,586.64
1784853009905,0,98,59,686.27
1784853009905,1,100,69,563.40
1784853010045,0,98,59,688.16
1784853010045,1,100,68,556.05
1784853010185,0,90,56,687.78
1784853010185,1,100,68,560.91
1784853010325,0,95,54,689.04
1784853010325,1,92,54,550.88
1784853010464,0,95,54,687.54
1784853010464,1,98,60,533.83
1784853010604,0,98,60,690.52
1784853010604,1,98,60,546.19
1784853010744,0,97,60,688.89
1784853010744,1,95,56,544.61
1784853010884,0,98,60,685.64
1784853010884,1,92,54,552.40
1784853011025,0,98,60,686.57
1784853011025,1,92,54,560.42
1784853011174,0,89,54,674.18
1784853011174,1,37,19,518.42
1784853011468,0,24,13,600.36
1784853011468,1,47,31,485.18
1784853011608,0,89,49,593.83
1784853011608,1,47,31,505.65
1784853011748,0,97,59,590.01
1784853011748,1,100,60,519.26
1784853011887,0,98,60,591.49
1784853011887,1,99,54,519.04
1784853012028,0,98,60,591.08
1784853012028,1,99,54,517.90
1784853012168,0,98,60,591.94
1784853012168,1,96,62,519.80
1784853012309,0,93,54,639.23
1784853012309,1,100,67,552.78
1784853012448,0,93,54,677.04
1784853012448,1,99,63,591.20
1784853012586,0,91,47,680.38
1784853012586,1,99,63,563.68
1784853012726,0,97,59,681.88
1784853012726,1,92,59,560.81
1784853012867,0,97,59,683.83
1784853012867,1,99,65,536.18
1784853013005,0,98,58,686.25
1784853013005,1,99,65,535.62
1784853013145,0,98,59,688.27
1784853013145,1,99,66,523.81
1784853013284,0,92,53,686.69
1784853013284,1,100,58,541.93
1784853013425,0,92,53,687.06
1784853013425,1,100,58,545.36
1784853013564,0,90,47,680.03
1784853013564,1,100,67,544.63
1784853013704,0,98,61,673.56
1784853013704,1,97,61,563.37
1784853013845,0,98,61,665.80
1784853013845,1,100,63,570.24
1784853013984,0,98,61,660.26
1784853013984,1,100,63,572.00
1784853014124,0,98,60,661.90
1784853014124,1,99,62,581.91
1784853014265,0,98,60,654.69
1784853014265,1,99,68,568.74
1784853014405,0,94,53,666.35
1784853014405,1,99,68,564.43
1784853014546,0,91,45,667.97
1784853014546,1,100,68,583.88
1784853014686,0,98,59,683.95
1784853014686,1,98,58,567.92
1784853014826,0,98,59,686.29
1784853014826,1,98,58,559.66
1784853014965,0,97,58,688.32
1784853014965,1,93,60,563.13
1784853015107,0,99,53,689.45
1784853015107,1,93,60,565.92
1784853015247,0,99,53,696.85
1784853015247,1,99,65,565.12
1784853015391,0,100,99,615.48
1784853015391,1,99,65,557.88
1784853015529,0,89,23,579.11
1784853015529,1,23,14,527.47
1784853015663,0,89,23,519.55
1784853015663,1,9,8,442.30
1784853015796,0,0,0,418.25
1784853015796,1,9,8,398.35
1784853015929,0,0,0,354.68
1784853015929,1,0,0,363.13
1784853016062,0,0,0,302.80
1784853016062,1,0,0,265.55
1784853016196,0,0,0,199.22
1784853016196,1,0,0,228.01
1784853016334,0,63,10,165.46
1784853016334,1,18,4,213.66
1784853016469,0,63,10,153.48
1784853016469,1,99,57,274.45
1784853016605,0,0,0,136.78
1784853016605,1,99,57,323.57
1784853016739,0,0,0,136.23
1784853016739,1,100,46,378.80
1784853016875,0,0,0,135.81
1784853016875,1,100,47,503.34
1784853017010,0,0,0,135.12
1784853017010,1,100,47,563.14
1784853017144,0,0,0,134.87
1784853017144,1,100,46,614.26
1784853017279,0,0,0,132.31
1784853017279,1,100,49,665.81
1784853017415,0,0,0,132.09
1784853017415,1,100,49,678.31
1784853017554,0,0,0,131.89
1784853017554,1,99,66,622.34
1784853017690,0,0,0,131.55
1784853017690,1,99,65,607.10
1784853017828,0,0,0,131.44
1784853017828,1,99,65,582.02
1784853017970,0,0,0,131.29
1784853017970,1,97,65,535.53
1784853018106,0,0,0,131.07
1784853018106,1,92,59,524.43
1784853018242,0,0,0,130.97
1784853018242,1,92,59,512.83
1784853018379,0,0,0,130.73
1784853018379,1,91,48,526.90
1784853018515,0,0,0,130.65
1784853018515,1,100,68,520.45
1784853018651,0,0,0,130.54
1784853018651,1,100,68,524.91
1784853018788,0,0,0,130.36
1784853018788,1,100,68,526.65
1784853018925,0,0,0,130.26
1784853018925,1,100,68,525.19
1784853019062,0,0,0,130.13
1784853019062,1,98,60,527.26
1784853019199,0,0,0,129.85
1784853019199,1,98,60,515.79
1784853019336,0,0,0,129.72
1784853019336,1,98,64,509.41
1784853019474,0,0,0,129.55
1784853019474,1,96,62,501.52
1784853019610,0,0,0,129.29
1784853019610,1,96,62,516.50
1784853019746,0,0,0,129.15
1784853019746,1,97,62,509.39
1784853019883,0,51,30,160.34
1784853019883,1,98,63,519.64
1784853020024,0,51,30,220.20
1784853020024,1,98,63,497.59
1784853020164,0,95,52,278.99
1784853020164,1,100,68,503.52
1784853020306,0,98,59,383.26
1784853020306,1,99,67,504.67
1784853020447,0,98,59,441.20
1784853020447,1,95,60,519.91
1784853020586,0,98,60,555.52
1784853020586,1,95,60,510.93
1784853020727,0,98,59,610.78
1784853020727,1,99,65,510.37
1784853020867,0,98,59,665.65
1784853020867,1,100,66,509.96
1784853021007,0,89,51,687.56
1784853021007,1,100,66,511.04
1784853021148,0,90,50,681.17
1784853021148,1,93,59,512.33
1784853021287,0,98,60,684.09
1784853021287,1,89,53,520.97
1784853021428,0,98,60,683.41
1784853021428,1,89,53,528.11
1784853021569,0,98,60,679.69
1784853021569,1,99,64,514.44
1784853021709,0,98,60,675.85
1784853021709,1,95,62,511.45
1784853021850,0,98,60,670.04
1784853021850,1,96,60,511.08
1784853021990,0,91,52,678.54
1784853021990,1,96,60,518.72
1784853022132,0,91,48,680.56
1784853022132,1,98,62,516.88
1784853022274,0,91,48,683.31
1784853022274,1,97,64,531.12
1784853022414,0,98,58,688.12
1784853022414,1,97,64,536.05
1784853022553,0,98,58,695.46
1784853022553,1,99,56,552.50
1784853022692,0,98,59,697.33
1784853022692,1,97,56,560.89
1784853022833,0,98,59,697.48
1784853022833,1,97,56,568.55
1784853022972,0,90,51,690.41
1784853022972,1,98,66,562.84
1784853023114,0,96,42,667.58
1784853023114,1,98,65,563.91
1784853023255,0,96,42,657.69
1784853023255,1,98,65,558.68
1784853023394,0,98,60,658.10
1784853023394,1,98,65,550.78
1784853023536,0,98,59,650.41
1784853023536,1,92,60,536.96
1784853023674,0,98,59,653.87
1784853023674,1,89,54,540.37
1784853023813,0,98,59,655.97
1784853023813,1,89,54,544.91
1784853023953,0,88,52,655.55
1784853023953,1,91,54,564.01
1784853024092,0,89,49,676.97
1784853024092,1,100,56,575.62
1784853024233,0,89,49,684.57
1784853024233,1,100,56,566.95
1784853024373,0,98,59,682.97
1784853024373,1,92,54,596.10
1784853024515,0,98,59,684.58
1784853024515,1,98,63,599.36
1784853024654,0,98,59,680.56
1784853024654,1,95,63,605.28
1784853024795,0,97,59,684.25
1784853024795,1,95,63,608.22
1784853024934,0,88,52,686.36
1784853024934,1,97,59,603.03
1784853025074,0,88,52,684.62
1784853025074,1,97,60,591.42
1784853025213,0,90,50,674.09
1784853025213,1,97,60,589.01
1784853025353,0,98,60,673.18
1784853025353,1,100,63,568.56
1784853025494,0,98,60,671.47
1784853025494,1,94,56,575.40
1784853025633,0,98,60,672.98
1784853025633,1,94,56,574.23
1784853025774,0,98,60,672.20
1784853025774,1,98,66,557.63
1784853025915,0,88,50,668.31
1784853025915,1,100,66,551.88
1784853026054,0,88,50,670.68
1784853026054,1,99,65,531.47
1784853026196,0,96,40,650.62
1784853026196,1,99,65,527.22
1784853026336,0,98,60,655.53
1784853026336,1,99,67,521.87
1784853026475,0,98,60,647.75
1784853026475,1,95,63,509.10
1784853026615,0,98,60,648.67
1784853026615,1,95,63,496.70
1784853026754,0,98,60,649.31
1784853026754,1,94,61,483.16
1784853026892,0,87,51,647.30
1784853026892,1,93,59,483.08
1784853027032,0,87,51,646.47
1784853027032,1,93,59,477.16
1784853027172,0,91,47,659.33
1784853027172,1,100,70,479.74
1784853027311,0,98,59,673.37
1784853027311,1,96,62,483.61
1784853027450,0,98,59,681.84
1784853027450,1,96,56,499.17
1784853027591,0,98,58,687.37
1784853027591,1,96,56,497.99
1784853027730,0,98,58,688.21
1784853027730,1,100,68,493.62
1784853027869,0,98,58,693.80
1784853027869,1,100,69,489.22
1784853028009,0,95,53,696.16
1784853028009,1,100,69,499.64
1784853028148,0,91,45,687.55
1784853028148,1,100,60,497.62
1784853028291,0,97,60,668.21
1784853028291,1,100,70,492.88
1784853028429,0,97,60,655.35
1784853028429,1,100,70,485.99
1784853028567,0,97,60,647.73
1784853028567,1,98,66,490.82
1784853028708,0,98,60,632.14
1784853028708,1,90,51,501.79
1784853028850,0,98,60,630.57
1784853028850,1,90,51,512.27
1784853028991,0,93,53,637.98
1784853028991,1,99,66,504.08
1784853029132,0,92,47,643.84
1784853029132,1,98,63,498.71
1784853029273,0,92,47,654.67
1784853029273,1,96,59,517.04
1784853029411,0,98,59,671.93
1784853029411,1,96,59,525.74
1784853029551,0,98,60,673.25
1784853029551,1,89,57,516.67
1784853029691,0,98,60,685.98
1784853029691,1,94,58,512.80
1784853029829,0,98,60,686.13
1784853029829,1,94,58,508.46
1784853029968,0,94,53,668.07
1784853029968,1,89,52,531.07
1784853030130,0,98,39,661.03
1784853030130,1,94,57,534.89
1784853030270,0,98,39,656.37
1784853030270,1,99,60,542.91
1784853030412,0,98,60,653.09
1784853030412,1,99,60,532.97
1784853030550,0,98,60,659.77
1784853030550,1,100,70,531.20
1784853030692,0,97,60,660.66
1784853030692,1,96,62,528.29
1784853030833,0,97,60,666.36
1784853030833,1,96,62,530.41
1784853030973,0,94,53,666.95
1784853030973,1,100,68,515.80
1784853031110,0,92,46,677.32
1784853031110,1,96,58,534.76
1784853031252,0,92,46,679.22
1784853031252,1,93,61,522.91
1784853031392,0,98,60,675.40
1784853031392,1,93,61,525.27
1784853031531,0,98,61,668.42
1784853031531,1,99,69,527.08
1784853031671,0,98,61,669.29
1784853031671,1,94,62,536.02
1784853031811,0,98,61,663.05
1784853031811,1,94,62,553.76
1784853031951,0,95,54,664.02
1784853031951,1,99,60,558.24
1784853032090,0,97,54,671.41
1784853032090,1,99,66,529.08
1784853032229,0,97,54,676.66
1784853032229,1,99,66,521.51
1784853032370,0,98,59,678.60
1784853032370,1,92,57,557.49
1784853032509,0,98,59,689.84
1784853032509,1,94,53,559.14
1784853032648,0,98,59,688.43
1784853032648,1,94,53,569.89
1784853032788,0,97,58,688.76
1784853032788,1,99,58,585.10
1784853032929,0,95,54,688.98
1784853032929,1,96,58,588.72
1784853033069,0,95,54,687.03
1784853033069,1,98,59,610.98
1784853033208,0,98,55,674.87
1784853033208,1,98,59,619.22
1784853033348,0,98,59,679.02
1784853033348,1,100,64,608.70
1784853033489,0,97,60,669.03
1784853033489,1,100,63,597.79
1784853033630,0,97,60,668.43
1784853033630,1,100,63,583.33
1784853033771,0,98,60,665.17
1784853033771,1,100,69,560.80
1784853033910,0,95,53,661.30
1784853033910,1,97,54,566.54
1784853034049,0,95,53,662.07
1784853034049,1,97,54,566.55
1784853034191,0,98,57,672.63
1784853034191,1,100,63,557.50
1784853034331,0,98,59,672.28
1784853034331,1,92,54,554.74
1784853034477,0,82,50,669.34
1784853034477,1,97,58,525.28
1784853034753,0,71,43,641.00
1784853034753,1,9,4,494.21
1784853034894,0,95,54,640.00
1784853034894,1,100,57,488.34
1784853035033,0,95,54,644.56
1784853035033,1,100,57,474.29
1784853035173,0,91,51,644.54
1784853035173,1,100,65,468.89
1784853035312,0,98,59,645.19
1784853035312,1,97,59,478.11
1784853035453,0,98,59,646.31
1784853035453,1,98,63,462.55
1784853035595,0,98,59,676.09
1784853035595,1,98,63,492.81
1784853035735,0,98,59,695.31
1784853035735,1,100,64,517.31
1784853035875,0,98,59,697.79
1784853035875,1,89,47,530.88
1784853036014,0,94,53,701.36
1784853036014,1,89,47,534.07
1784853036153,0,92,45,685.29
1784853036153,1,92,52,561.98
1784853036295,0,98,59,673.44
1784853036295,1,92,57,556.51
1784853036435,0,98,59,663.92
1784853036435,1,92,57,559.34
1784853036575,0,98,60,662.36
1784853036575,1,100,60,578.52
1784853036715,0,97,59,655.96
1784853036715,1,100,63,580.97
1784853036854,0,97,59,651.45
1784853036854,1,100,63,573.53
1784853036995,0,94,53,641.10
1784853036995,1,90,53,575.46
1784853037134,0,92,48,647.25
1784853037134,1,94,60,565.05
1784853037273,0,92,48,655.69
1784853037273,1,100,55,583.69
1784853037414,0,98,59,669.00
1784853037414,1,100,55,594.54
1784853037553,0,98,59,674.21
1784853037553,1,98,61,567.52
1784853037694,0,98,59,681.18
1784853037694,1,97,64,567.58
1784853037834,0,98,59,680.67
1784853037834,1,97,64,558.46
1784853037976,0,94,52,680.10
1784853037976,1,98,66,554.80
1784853038115,0,92,49,681.48
1784853038115,1,97,58,552.04
1784853038255,0,92,49,681.98
1784853038255,1,97,58,535.53
1784853038396,0,98,59,679.19
1784853038396,1,95,61,531.60
1784853038536,0,98,60,675.89
1784853038536,1,99,64,543.31
1784853038677,0,98,60,674.72
1784853038677,1,97,62,557.92
1784853038818,0,98,60,675.85
1784853038818,1,97,62,559.61
1784853038957,0,94,53,677.04
1784853038957,1,100,69,558.91
1784853039097,0,98,53,685.83
1784853039097,1,100,67,555.59
1784853039238,0,98,53,686.33
1784853039238,1,100,67,551.16
1784853039377,0,98,59,689.33
1784853039377,1,100,65,554.05
1784853039517,0,98,58,690.98
1784853039517,1,100,65,555.25
1784853039658,0,98,58,687.71
1784853039658,1,100,67,545.77
1784853039798,0,98,57,685.20
1784853039798,1,100,67,544.31
1784853039938,0,94,53,686.20
1784853039938,1,100,69,536.39
1784853040078,0,94,53,684.40
1784853040078,1,99,65,540.63
1784853040217,0,98,54,676.29
1784853040217,1,99,65,548.71
1784853040356,0,98,59,676.61
1784853040356,1,96,57,548.77
1784853040497,0,98,60,673.74
1784853040497,1,97,56,530.13
1784853040637,0,98,60,678.82
1784853040637,1,97,56,527.61
1784853040777,0,98,59,677.96
1784853040777,1,100,68,518.80
1784853040916,0,94,53,692.11
1784853040916,1,98,65,526.20
1784853041055,0,94,53,689.19
1784853041055,1,98,65,515.56
1784853041195,0,98,53,693.51
1784853041195,1,100,68,496.89
1784853041334,0,98,60,690.99
1784853041334,1,100,68,487.76
1784853041473,0,98,60,693.45
1784853041473,1,96,68,479.41
1784853041613,0,98,59,692.48
1784853041613,1,96,68,483.47
1784853041753,0,90,56,693.20
1784853041753,1,100,70,504.19
1784853041894,0,94,53,687.23
1784853041894,1,100,65,506.56
1784853042030,0,94,53,640.22
1784853042030,1,100,65,516.36
