timestamp_ms,gpu_index,gpu_util_pct,mem_util_pct,power_w
1782641521429,0,0,0,71.69
1782641521429,1,0,0,70.09
1782641521429,2,0,0,66.73
1782641521429,3,0,0,72.78
1782641521429,4,0,0,73.10
1782641521429,5,0,0,71.95
1782641521429,6,0,0,68.25
1782641521429,7,0,0,71.68
1782641521675,0,0,0,71.67
1782641521675,1,0,0,70.09
1782641521675,2,0,0,66.72
1782641521675,3,0,0,72.73
1782641521675,4,0,0,73.13
1782641521675,5,0,0,71.92
1782641521675,6,0,0,68.13
1782641521675,7,0,0,71.68
1782641521918,0,0,0,71.66
1782641521918,1,0,0,70.09
1782641521918,2,0,0,66.72
1782641521918,3,0,0,72.73
1782641521918,4,0,0,73.12
1782641521918,5,0,0,71.93
1782641521918,6,0,0,68.21
1782641521918,7,0,0,71.68
1782641522163,0,0,0,71.64
1782641522163,1,0,0,70.07
1782641522163,2,0,0,66.69
1782641522163,3,0,0,72.73
1782641522163,4,0,0,73.11
1782641522163,5,0,0,71.94
1782641522163,6,0,0,68.22
1782641522163,7,0,0,71.70
1782641522406,0,0,0,71.63
1782641522406,1,0,0,70.04
1782641522406,2,0,0,66.68
1782641522406,3,0,0,72.72
1782641522406,4,0,0,73.14
1782641522406,5,0,0,71.96
1782641522406,6,0,0,68.14
1782641522406,7,0,0,71.69
1782641522650,0,0,0,71.65
1782641522650,1,0,0,70.05
1782641522650,2,0,0,66.69
1782641522650,3,0,0,72.73
1782641522650,4,0,0,73.15
1782641522650,5,0,0,71.95
1782641522650,6,0,0,68.27
1782641522650,7,0,0,71.70
1782641522896,0,0,0,71.65
1782641522896,1,0,0,70.06
1782641522896,2,0,0,66.67
1782641522896,3,0,0,72.73
1782641522896,4,0,0,73.15
1782641522896,5,0,0,71.93
1782641522896,6,0,0,68.14
1782641522896,7,0,0,71.69
1782641523143,0,0,0,71.68
1782641523143,1,0,0,70.09
1782641523143,2,0,0,66.67
1782641523143,3,0,0,72.73
1782641523143,4,0,0,73.15
1782641523143,5,0,0,71.91
1782641523143,6,0,0,68.22
1782641523143,7,0,0,71.67
1782641523406,0,0,0,71.68
1782641523406,1,0,0,70.09
1782641523406,2,0,0,66.67
1782641523406,3,0,0,72.75
1782641523406,4,0,0,73.12
1782641523406,5,0,0,71.93
1782641523406,6,0,0,68.15
1782641523406,7,0,0,71.70
1782641524041,0,0,0,71.69
1782641524041,1,0,0,70.14
1782641524041,2,0,0,66.69
1782641524041,3,0,0,72.74
1782641524041,4,0,0,73.12
1782641524041,5,0,0,72.06
1782641524041,6,0,0,68.25
1782641524041,7,0,0,71.71
1782641524912,0,0,0,71.72
1782641524912,1,0,0,70.12
1782641524912,2,0,0,66.73
1782641524912,3,0,0,72.83
1782641524912,4,0,0,73.17
1782641524912,5,0,0,72.13
1782641524912,6,0,0,68.27
1782641524912,7,0,0,71.69
1782641525629,0,0,0,71.71
1782641525629,1,0,0,70.11
1782641525629,2,0,0,66.71
1782641525629,3,0,0,72.78
1782641525629,4,0,0,73.12
1782641525629,5,0,0,72.14
1782641525629,6,0,0,68.22
1782641525629,7,0,0,71.74
1782641526475,0,0,0,71.70
1782641526475,1,0,0,70.12
1782641526475,2,0,0,66.71
1782641526475,3,0,0,72.78
1782641526475,4,0,0,73.11
1782641526475,5,0,0,72.12
1782641526475,6,0,0,68.26
1782641526475,7,0,0,71.77
1782641526719,0,0,0,71.68
1782641526719,1,0,0,70.12
1782641526719,2,0,0,66.70
1782641526719,3,0,0,72.78
1782641526719,4,0,0,73.07
1782641526719,5,0,0,72.17
1782641526719,6,0,0,68.09
1782641526719,7,0,0,71.76
1782641526963,0,0,0,71.67
1782641526963,1,0,0,70.14
1782641526963,2,0,0,66.70
1782641526963,3,0,0,72.76
1782641526963,4,0,0,73.09
1782641526963,5,0,0,72.12
1782641526963,6,0,0,68.16
1782641526963,7,0,0,71.75
1782641527210,0,0,0,71.65
1782641527210,1,0,0,70.10
1782641527210,2,0,0,66.72
1782641527210,3,0,0,72.74
1782641527210,4,0,0,73.09
1782641527210,5,0,0,72.14
1782641527210,6,0,0,68.15
1782641527210,7,0,0,71.74
1782641527455,0,0,0,71.67
1782641527455,1,0,0,70.14
1782641527455,2,0,0,66.72
1782641527455,3,0,0,72.75
1782641527455,4,0,0,73.09
1782641527455,5,0,0,72.15
1782641527455,6,0,0,68.10
1782641527455,7,0,0,71.72
1782641527698,0,0,0,71.70
1782641527698,1,0,0,70.14
1782641527698,2,0,0,66.71
1782641527698,3,0,0,72.71
1782641527698,4,0,0,73.09
1782641527698,5,0,0,72.15
1782641527698,6,0,0,68.24
1782641527698,7,0,0,71.71
1782641527942,0,0,0,71.70
1782641527942,1,0,0,70.13
1782641527942,2,0,0,66.72
1782641527942,3,0,0,72.74
1782641527942,4,0,0,73.10
1782641527942,5,0,0,72.14
1782641527942,6,0,0,68.13
1782641527942,7,0,0,71.71
1782641528188,0,0,0,71.70
1782641528188,1,0,0,70.11
1782641528188,2,0,0,66.72
1782641528188,3,0,0,72.73
1782641528188,4,0,0,73.09
1782641528188,5,0,0,72.16
1782641528188,6,0,0,68.24
1782641528188,7,0,0,71.70
1782641528434,0,0,0,71.67
1782641528434,1,0,0,70.08
1782641528434,2,0,0,66.72
1782641528434,3,0,0,72.72
1782641528434,4,0,0,73.12
1782641528434,5,0,0,72.13
1782641528434,6,0,0,68.22
1782641528434,7,0,0,71.69
1782641528678,0,0,0,71.65
1782641528678,1,0,0,70.05
1782641528678,2,0,0,66.73
1782641528678,3,0,0,72.75
1782641528678,4,0,0,73.13
1782641528678,5,0,0,72.10
1782641528678,6,0,0,68.18
1782641528678,7,0,0,71.69
1782641528924,0,0,0,71.64
1782641528924,1,0,0,70.05
1782641528924,2,0,0,66.70
1782641528924,3,0,0,72.75
1782641528924,4,0,0,73.14
1782641528924,5,0,0,72.07
1782641528924,6,0,0,68.26
1782641528924,7,0,0,71.67
1782641529220,0,0,0,71.62
1782641529220,1,0,0,70.05
1782641529220,2,0,0,66.71
1782641529220,3,0,0,72.76
1782641529220,4,0,0,73.11
1782641529220,5,0,0,72.09
1782641529220,6,0,0,68.18
1782641529220,7,0,0,71.68
1782641529540,0,0,0,71.69
1782641529540,1,0,0,70.10
1782641529540,2,0,0,66.71
1782641529540,3,0,0,72.79
1782641529540,4,0,0,73.13
1782641529540,5,0,0,72.09
1782641529540,6,0,0,68.25
1782641529540,7,0,0,71.69
1782641530355,0,0,0,71.68
1782641530355,1,0,0,70.12
1782641530355,2,0,0,66.70
1782641530355,3,0,0,72.76
1782641530355,4,0,0,73.17
1782641530355,5,0,0,72.09
1782641530355,6,0,0,68.27
1782641530355,7,0,0,71.69
1782641530598,0,0,0,71.68
1782641530598,1,0,0,70.11
1782641530598,2,0,0,66.69
1782641530598,3,0,0,72.77
1782641530598,4,0,0,73.13
1782641530598,5,0,0,72.12
1782641530598,6,0,0,68.33
1782641530598,7,0,0,71.70
1782641530841,0,0,0,71.67
1782641530841,1,0,0,70.13
1782641530841,2,0,0,66.71
1782641530841,3,0,0,72.75
1782641530841,4,0,0,73.11
1782641530841,5,0,0,72.12
1782641530841,6,0,0,68.18
1782641530841,7,0,0,71.71
1782641531086,0,0,0,71.69
1782641531086,1,0,0,70.08
1782641531086,2,0,0,66.71
1782641531086,3,0,0,72.74
1782641531086,4,0,0,73.14
1782641531086,5,0,0,72.08
1782641531086,6,0,0,68.30
1782641531086,7,0,0,71.74
1782641531331,0,0,0,71.69
1782641531331,1,0,0,70.07
1782641531331,2,0,0,66.70
1782641531331,3,0,0,72.73
1782641531331,4,0,0,73.11
1782641531331,5,0,0,72.08
1782641531331,6,0,0,68.16
1782641531331,7,0,0,71.75
1782641531575,0,0,0,71.72
1782641531575,1,0,0,70.12
1782641531575,2,0,0,66.72
1782641531575,3,0,0,72.76
1782641531575,4,0,0,73.12
1782641531575,5,0,0,72.09
1782641531575,6,0,0,68.27
1782641531575,7,0,0,71.76
1782641531818,0,0,0,71.72
1782641531818,1,0,0,70.11
1782641531818,2,0,0,66.74
1782641531818,3,0,0,72.78
1782641531818,4,0,0,73.11
1782641531818,5,0,0,72.08
1782641531818,6,0,0,68.23
1782641531818,7,0,0,71.75
1782641532061,0,0,0,71.72
1782641532061,1,0,0,70.13
1782641532061,2,0,0,66.73
1782641532061,3,0,0,72.79
1782641532061,4,0,0,73.10
1782641532061,5,0,0,72.12
1782641532061,6,0,0,68.19
1782641532061,7,0,0,71.74
1782641532305,0,0,0,71.71
1782641532305,1,0,0,70.10
1782641532305,2,0,0,66.75
1782641532305,3,0,0,72.81
1782641532305,4,0,0,73.10
1782641532305,5,0,0,72.14
1782641532305,6,0,0,68.26
1782641532305,7,0,0,71.72
1782641532548,0,0,0,71.70
1782641532548,1,0,0,70.09
1782641532548,2,0,0,66.77
1782641532548,3,0,0,72.83
1782641532548,4,0,0,73.10
1782641532548,5,0,0,72.17
1782641532548,6,0,0,68.12
1782641532548,7,0,0,71.71
1782641532792,0,0,0,71.70
1782641532792,1,0,0,70.10
1782641532792,2,0,0,66.75
1782641532792,3,0,0,72.78
1782641532792,4,0,0,73.10
1782641532792,5,0,0,72.17
1782641532792,6,0,0,68.25
1782641532792,7,0,0,71.70
1782641533035,0,0,0,71.71
1782641533035,1,0,0,70.12
1782641533035,2,0,0,66.75
1782641533035,3,0,0,72.80
1782641533035,4,0,0,73.08
1782641533035,5,0,0,72.18
1782641533035,6,0,0,68.13
1782641533035,7,0,0,71.69
1782641533278,0,0,0,71.66
1782641533278,1,0,0,70.09
1782641533278,2,0,0,66.75
1782641533278,3,0,0,72.77
1782641533278,4,0,0,73.06
1782641533278,5,0,0,72.17
1782641533278,6,0,0,68.25
1782641533278,7,0,0,71.69
1782641533523,0,0,0,71.64
1782641533523,1,0,0,70.11
1782641533523,2,0,0,66.74
1782641533523,3,0,0,72.76
1782641533523,4,0,0,73.08
1782641533523,5,0,0,72.16
1782641533523,6,0,0,68.26
1782641533523,7,0,0,71.69
1782641533769,0,0,0,71.63
1782641533769,1,0,0,70.12
1782641533769,2,0,0,66.75
1782641533769,3,0,0,72.77
1782641533769,4,0,0,73.10
1782641533769,5,0,0,72.18
1782641533769,6,0,0,68.18
1782641533769,7,0,0,71.67
1782641534024,0,0,0,71.62
1782641534024,1,0,0,70.11
1782641534024,2,0,0,66.75
1782641534024,3,0,0,72.75
1782641534024,4,0,0,73.10
1782641534024,5,0,0,72.16
1782641534024,6,0,0,68.30
1782641534024,7,0,0,71.70
1782641534294,0,0,0,71.64
1782641534294,1,0,0,70.07
1782641534294,2,0,0,66.75
1782641534294,3,0,0,72.77
1782641534294,4,0,0,73.12
1782641534294,5,0,0,72.10
1782641534294,6,0,0,68.20
1782641534294,7,0,0,71.69
1782641534563,0,0,0,71.64
1782641534563,1,0,0,70.09
1782641534563,2,0,0,66.74
1782641534563,3,0,0,72.76
1782641534563,4,0,0,73.13
1782641534563,5,0,0,72.11
1782641534563,6,0,0,68.21
1782641534563,7,0,0,71.68
1782641534824,0,0,0,71.65
1782641534824,1,0,0,70.07
1782641534824,2,0,0,66.72
1782641534824,3,0,0,72.75
1782641534824,4,0,0,73.11
1782641534824,5,0,0,72.12
1782641534824,6,0,0,68.29
1782641534824,7,0,0,71.70
1782641535076,0,0,0,71.67
1782641535076,1,0,0,70.04
1782641535076,2,0,0,66.69
1782641535076,3,0,0,72.72
1782641535076,4,0,0,73.12
1782641535076,5,0,0,72.11
1782641535076,6,0,0,68.15
1782641535076,7,0,0,71.70
1782641535325,0,0,0,71.66
1782641535325,1,0,0,70.04
1782641535325,2,0,0,66.70
1782641535325,3,0,0,72.73
1782641535325,4,0,0,73.15
1782641535325,5,0,0,72.11
1782641535325,6,0,0,68.28
1782641535325,7,0,0,71.68
1782641535627,0,0,0,71.66
1782641535627,1,0,0,70.04
1782641535627,2,0,0,66.68
1782641535627,3,0,0,72.75
1782641535627,4,0,0,73.13
1782641535627,5,0,0,72.10
1782641535627,6,0,0,68.33
1782641535627,7,0,0,71.69
1782641535877,0,0,0,71.68
1782641535877,1,0,0,70.09
1782641535877,2,0,0,66.69
1782641535877,3,0,0,72.73
1782641535877,4,0,0,73.14
1782641535877,5,0,0,72.12
1782641535877,6,0,0,68.20
1782641535877,7,0,0,71.68
1782641536128,0,0,0,71.68
1782641536128,1,0,0,70.12
1782641536128,2,0,0,66.70
1782641536128,3,0,0,72.75
1782641536128,4,0,0,73.14
1782641536128,5,0,0,72.12
1782641536128,6,0,0,68.30
1782641536128,7,0,0,71.69
1782641536379,0,0,0,71.69
1782641536379,1,0,0,70.12
1782641536379,2,0,0,66.67
1782641536379,3,0,0,72.76
1782641536379,4,0,0,73.14
1782641536379,5,0,0,72.11
1782641536379,6,0,0,68.16
1782641536379,7,0,0,71.69
1782641536628,0,0,0,71.67
1782641536628,1,0,0,70.13
1782641536628,2,0,0,66.68
1782641536628,3,0,0,72.75
1782641536628,4,0,0,73.16
1782641536628,5,0,0,72.10
1782641536628,6,0,0,68.20
1782641536628,7,0,0,71.70
1782641536878,0,0,0,71.65
1782641536878,1,0,0,70.10
1782641536878,2,0,0,66.69
1782641536878,3,0,0,72.78
1782641536878,4,0,0,73.15
1782641536878,5,0,0,72.12
1782641536878,6,0,0,68.22
1782641536878,7,0,0,71.70
1782641537128,0,0,0,71.65
1782641537128,1,0,0,70.10
1782641537128,2,0,0,66.68
1782641537128,3,0,0,72.79
1782641537128,4,0,0,73.12
1782641537128,5,0,0,72.13
1782641537128,6,0,0,68.14
1782641537128,7,0,0,71.69
1782641537378,0,0,0,71.66
1782641537378,1,0,0,70.13
1782641537378,2,0,0,66.70
1782641537378,3,0,0,72.80
1782641537378,4,0,0,73.11
1782641537378,5,0,0,72.10
1782641537378,6,0,0,68.31
1782641537378,7,0,0,71.71
1782641537628,0,0,0,71.67
1782641537628,1,0,0,70.13
1782641537628,2,0,0,66.69
1782641537628,3,0,0,72.78
1782641537628,4,0,0,73.10
1782641537628,5,0,0,72.15
1782641537628,6,0,0,68.16
1782641537628,7,0,0,71.72
1782641537877,0,0,0,71.68
1782641537877,1,0,0,70.12
1782641537877,2,0,0,66.72
1782641537877,3,0,0,72.80
1782641537877,4,0,0,73.10
1782641537877,5,0,0,72.13
1782641537877,6,0,0,68.15
1782641537877,7,0,0,71.74
1782641538289,0,0,0,71.67
1782641538289,1,0,0,70.15
1782641538289,2,0,0,66.71
1782641538289,3,0,0,72.80
1782641538289,4,0,0,73.12
1782641538289,5,0,0,72.16
1782641538289,6,0,0,68.26
1782641538289,7,0,0,71.75
1782641538538,0,0,0,71.68
1782641538538,1,0,0,70.15
1782641538538,2,0,0,66.73
1782641538538,3,0,0,72.80
1782641538538,4,0,0,73.13
1782641538538,5,0,0,72.14
1782641538538,6,0,0,68.21
1782641538538,7,0,0,71.74
1782641538787,0,0,0,71.69
1782641538787,1,0,0,70.12
1782641538787,2,0,0,66.70
1782641538787,3,0,0,72.79
1782641538787,4,0,0,73.11
1782641538787,5,0,0,72.12
1782641538787,6,0,0,68.17
1782641538787,7,0,0,71.73
1782641539039,0,0,0,71.68
1782641539039,1,0,0,70.13
1782641539039,2,0,0,66.72
1782641539039,3,0,0,72.77
1782641539039,4,0,0,73.11
1782641539039,5,0,0,72.16
1782641539039,6,0,0,68.26
1782641539039,7,0,0,71.72
1782641539290,0,0,0,71.68
1782641539290,1,0,0,70.13
1782641539290,2,0,0,66.72
1782641539290,3,0,0,72.74
1782641539290,4,0,0,73.11
1782641539290,5,0,0,72.16
1782641539290,6,0,0,68.08
1782641539290,7,0,0,71.70
1782641539539,0,0,0,71.66
1782641539539,1,0,0,70.12
1782641539539,2,0,0,66.70
1782641539539,3,0,0,72.71
1782641539539,4,0,0,73.13
1782641539539,5,0,0,72.16
1782641539539,6,0,0,68.21
1782641539539,7,0,0,71.70
1782641539786,0,0,0,71.66
1782641539786,1,0,0,70.11
1782641539786,2,0,0,66.71
1782641539786,3,0,0,72.73
1782641539786,4,0,0,73.12
1782641539786,5,0,0,72.14
1782641539786,6,0,0,68.13
1782641539786,7,0,0,71.73
1782641540036,0,0,0,71.66
1782641540036,1,0,0,70.11
1782641540036,2,0,0,66.71
1782641540036,3,0,0,72.75
1782641540036,4,0,0,73.12
1782641540036,5,0,0,72.13
1782641540036,6,0,0,68.11
1782641540036,7,0,0,71.72
1782641540286,0,0,0,71.65
1782641540286,1,0,0,70.09
1782641540286,2,0,0,66.76
1782641540286,3,0,0,72.74
1782641540286,4,0,0,73.11
1782641540286,5,0,0,72.11
1782641540286,6,0,0,68.23
1782641540286,7,0,0,71.72
1782641540532,0,0,0,71.65
1782641540532,1,0,0,70.07
1782641540532,2,0,0,66.75
1782641540532,3,0,0,72.75
1782641540532,4,0,0,73.11
1782641540532,5,0,0,72.08
1782641540532,6,0,0,68.12
1782641540532,7,0,0,71.71
1782641540782,0,0,0,71.67
1782641540782,1,0,0,70.09
1782641540782,2,0,0,66.76
1782641540782,3,0,0,72.76
1782641540782,4,0,0,73.12
1782641540782,5,0,0,72.13
1782641540782,6,0,0,68.29
1782641540782,7,0,0,71.68
1782641541031,0,0,0,71.67
1782641541031,1,0,0,70.11
1782641541031,2,0,0,66.71
1782641541031,3,0,0,72.75
1782641541031,4,0,0,73.14
1782641541031,5,0,0,72.09
1782641541031,6,0,0,68.30
1782641541031,7,0,0,71.69
1782641541389,0,0,0,71.67
1782641541389,1,0,0,70.11
1782641541389,2,0,0,66.69
1782641541389,3,0,0,72.79
1782641541389,4,0,0,73.14
1782641541389,5,0,0,72.08
1782641541389,6,0,0,68.30
1782641541389,7,0,0,71.69
1782641542164,0,0,0,71.67
1782641542164,1,0,0,70.11
1782641542164,2,0,0,66.69
1782641542164,3,0,0,72.79
1782641542164,4,0,0,73.11
1782641542164,5,0,0,72.09
1782641542164,6,0,0,68.17
1782641542164,7,0,0,71.68
1782641542414,0,0,0,71.67
1782641542414,1,0,0,70.12
1782641542414,2,0,0,66.68
1782641542414,3,0,0,72.79
1782641542414,4,0,0,73.11
1782641542414,5,0,0,72.07
1782641542414,6,0,0,68.32
1782641542414,7,0,0,71.68
1782641542663,0,0,0,71.69
1782641542663,1,0,0,70.12
1782641542663,2,0,0,66.68
1782641542663,3,0,0,72.78
1782641542663,4,0,0,73.11
1782641542663,5,0,0,72.06
1782641542663,6,0,0,68.16
1782641542663,7,0,0,71.69
1782641542911,0,0,0,71.71
1782641542911,1,0,0,70.14
1782641542911,2,0,0,66.68
1782641542911,3,0,0,72.75
1782641542911,4,0,0,73.11
1782641542911,5,0,0,72.10
1782641542911,6,0,0,68.19
1782641542911,7,0,0,71.70
1782641543159,0,0,0,71.69
1782641543159,1,0,0,70.14
1782641543159,2,0,0,66.70
1782641543159,3,0,0,72.75
1782641543159,4,0,0,73.11
1782641543159,5,0,0,72.12
1782641543159,6,0,0,68.21
1782641543159,7,0,0,71.71
1782641543410,0,0,0,71.68
1782641543410,1,0,0,70.15
1782641543410,2,0,0,66.71
1782641543410,3,0,0,72.79
1782641543410,4,0,0,73.11
1782641543410,5,0,0,72.12
1782641543410,6,0,0,68.11
1782641543410,7,0,0,71.74
1782641543731,0,0,0,71.70
1782641543731,1,0,0,70.14
1782641543731,2,0,0,66.72
1782641543731,3,0,0,72.79
1782641543731,4,0,0,73.09
1782641543731,5,0,0,72.07
1782641543731,6,0,0,68.24
1782641543731,7,0,0,71.75
1782641544007,0,0,0,71.69
1782641544007,1,0,0,70.13
1782641544007,2,0,0,66.75
1782641544007,3,0,0,72.79
1782641544007,4,0,0,73.07
1782641544007,5,0,0,72.03
1782641544007,6,0,0,68.29
1782641544007,7,0,0,71.74
1782641544256,0,0,0,71.72
1782641544256,1,0,0,70.08
1782641544256,2,0,0,66.74
1782641544256,3,0,0,72.79
1782641544256,4,0,0,73.09
1782641544256,5,0,0,71.99
1782641544256,6,0,0,68.17
1782641544256,7,0,0,71.74
1782641544505,0,0,0,71.71
1782641544505,1,0,0,70.10
1782641544505,2,0,0,66.76
1782641544505,3,0,0,72.79
1782641544505,4,0,0,73.11
1782641544505,5,0,0,71.95
1782641544505,6,0,0,68.28
1782641544505,7,0,0,71.75
1782641544755,0,0,0,71.71
1782641544755,1,0,0,70.12
1782641544755,2,0,0,66.77
1782641544755,3,0,0,72.80
1782641544755,4,0,0,73.13
1782641544755,5,0,0,71.95
1782641544755,6,0,0,68.15
1782641544755,7,0,0,71.72
1782641545005,0,0,0,71.70
1782641545005,1,0,0,70.12
1782641545005,2,0,0,66.75
1782641545005,3,0,0,72.79
1782641545005,4,0,0,73.12
1782641545005,5,0,0,71.98
1782641545005,6,0,0,68.18
1782641545005,7,0,0,71.74
1782641545255,0,0,0,71.69
1782641545255,1,0,0,70.15
1782641545255,2,0,0,66.74
1782641545255,3,0,0,72.80
1782641545255,4,0,0,73.10
1782641545255,5,0,0,71.96
1782641545255,6,0,0,68.19
1782641545255,7,0,0,71.75
1782641545504,0,0,0,71.70
1782641545504,1,0,0,70.13
1782641545504,2,0,0,66.75
1782641545504,3,0,0,72.79
1782641545504,4,0,0,73.11
1782641545504,5,0,0,71.95
1782641545504,6,0,0,68.11
1782641545504,7,0,0,71.74
1782641545754,0,0,0,71.69
1782641545754,1,0,0,70.14
1782641545754,2,0,0,66.73
1782641545754,3,0,0,72.75
1782641545754,4,0,0,73.09
1782641545754,5,0,0,71.93
1782641545754,6,0,0,68.26
1782641545754,7,0,0,71.76
1782641546003,0,0,0,71.68
1782641546003,1,0,0,70.11
1782641546003,2,0,0,66.75
1782641546003,3,0,0,72.74
1782641546003,4,0,0,73.10
1782641546003,5,0,0,71.96
1782641546003,6,0,0,68.14
1782641546003,7,0,0,71.75
1782641546315,0,0,0,71.67
1782641546315,1,0,0,70.09
1782641546315,2,0,0,66.78
1782641546315,3,0,0,72.76
1782641546315,4,0,0,73.12
1782641546315,5,0,0,72.00
1782641546315,6,0,0,68.15
1782641546315,7,0,0,71.72
1782641546621,0,0,0,71.67
1782641546621,1,0,0,70.07
1782641546621,2,0,0,66.79
1782641546621,3,0,0,72.76
1782641546621,4,0,0,73.13
1782641546621,5,0,0,71.99
1782641546621,6,0,0,68.32
1782641546621,7,0,0,71.72
1782641546870,0,0,0,71.66
1782641546870,1,0,0,70.08
1782641546870,2,0,0,66.77
1782641546870,3,0,0,72.76
1782641546870,4,0,0,73.14
1782641546870,5,0,0,71.98
1782641546870,6,0,0,68.17
1782641546870,7,0,0,71.71
1782641547133,0,0,0,71.68
1782641547133,1,0,0,70.07
1782641547133,2,0,0,66.76
1782641547133,3,0,0,72.77
1782641547133,4,0,0,73.14
1782641547133,5,0,0,71.94
1782641547133,6,0,0,68.20
1782641547133,7,0,0,71.69
1782641547385,0,0,0,71.69
1782641547385,1,0,0,70.05
1782641547385,2,0,0,66.74
1782641547385,3,0,0,72.75
1782641547385,4,0,0,73.17
1782641547385,5,0,0,72.00
1782641547385,6,0,0,68.23
1782641547385,7,0,0,71.67
1782641547635,0,0,0,71.69
1782641547635,1,0,0,70.07
1782641547635,2,0,0,66.72
1782641547635,3,0,0,72.74
1782641547635,4,0,0,73.17
1782641547635,5,0,0,71.95
1782641547635,6,0,0,68.13
1782641547635,7,0,0,71.68
1782641547886,0,0,0,71.70
1782641547886,1,0,0,70.06
1782641547886,2,0,0,66.70
1782641547886,3,0,0,72.75
1782641547886,4,0,0,73.16
1782641547886,5,0,0,71.90
1782641547886,6,0,0,68.30
1782641547886,7,0,0,71.68
1782641548136,0,0,0,71.70
1782641548136,1,0,0,70.09
1782641548136,2,0,0,66.71
1782641548136,3,0,0,72.74
1782641548136,4,0,0,73.15
1782641548136,5,0,0,71.90
1782641548136,6,0,0,68.19
1782641548136,7,0,0,71.68
1782641548386,0,0,0,71.69
1782641548386,1,0,0,70.12
1782641548386,2,0,0,66.71
1782641548386,3,0,0,72.77
1782641548386,4,0,0,73.13
1782641548386,5,0,0,71.90
1782641548386,6,0,0,68.28
1782641548386,7,0,0,71.71
1782641548634,0,0,0,71.68
1782641548634,1,0,0,70.10
1782641548634,2,0,0,66.71
1782641548634,3,0,0,72.77
1782641548634,4,0,0,73.11
1782641548634,5,0,0,71.93
1782641548634,6,0,0,68.29
1782641548634,7,0,0,71.70
1782641548883,0,0,0,71.66
1782641548883,1,0,0,70.10
1782641548883,2,0,0,66.70
1782641548883,3,0,0,72.77
1782641548883,4,0,0,73.12
1782641548883,5,0,0,71.93
1782641548883,6,0,0,68.20
1782641548883,7,0,0,71.70
1782641549133,0,0,0,71.67
1782641549133,1,0,0,70.08
1782641549133,2,0,0,66.71
1782641549133,3,0,0,72.78
1782641549133,4,0,0,73.12
1782641549133,5,0,0,71.97
1782641549133,6,0,0,68.33
1782641549133,7,0,0,71.70
1782641549384,0,0,0,71.69
1782641549384,1,0,0,70.10
1782641549384,2,0,0,66.69
1782641549384,3,0,0,72.78
1782641549384,4,0,0,73.10
1782641549384,5,0,0,71.95
1782641549384,6,0,0,68.19
1782641549384,7,0,0,71.73
1782641549631,0,0,0,71.72
1782641549631,1,0,0,70.13
1782641549631,2,0,0,66.71
1782641549631,3,0,0,72.80
1782641549631,4,0,0,73.10
1782641549631,5,0,0,71.94
1782641549631,6,0,0,68.26
1782641549631,7,0,0,71.73
1782641549906,0,0,0,71.70
1782641549906,1,0,0,70.12
1782641549906,2,0,0,66.71
1782641549906,3,0,0,72.83
1782641549906,4,0,0,73.07
1782641549906,5,0,0,71.96
1782641549906,6,0,0,68.33
1782641549906,7,0,0,71.72
1782641550154,0,0,0,71.73
1782641550154,1,0,0,70.14
1782641550154,2,0,0,66.69
1782641550154,3,0,0,72.81
1782641550154,4,0,0,73.07
1782641550154,5,0,0,71.96
1782641550154,6,0,0,68.16
1782641550154,7,0,0,71.74
1782641550405,0,0,0,71.73
1782641550405,1,0,0,70.11
1782641550405,2,0,0,66.71
1782641550405,3,0,0,72.81
1782641550405,4,0,0,73.08
1782641550405,5,0,0,71.95
1782641550405,6,0,0,68.22
1782641550405,7,0,0,71.74
1782641550655,0,0,0,71.74
1782641550655,1,0,0,70.12
1782641550655,2,0,0,66.71
1782641550655,3,0,0,72.81
1782641550655,4,0,0,73.11
1782641550655,5,0,0,71.93
1782641550655,6,0,0,68.12
1782641550655,7,0,0,71.72
1782641550915,0,0,0,71.75
1782641550915,1,0,0,70.15
1782641550915,2,0,0,66.72
1782641550915,3,0,0,72.76
1782641550915,4,0,0,73.13
1782641550915,5,0,0,71.95
1782641550915,6,0,0,68.10
1782641550915,7,0,0,71.72
1782641551284,0,0,0,71.72
1782641551284,1,0,0,70.15
1782641551284,2,0,0,66.72
1782641551284,3,0,0,72.73
1782641551284,4,0,0,73.15
1782641551284,5,0,0,71.96
1782641551284,6,0,0,68.25
1782641551284,7,0,0,71.73
1782641551534,0,0,0,71.70
1782641551534,1,0,0,70.14
1782641551534,2,0,0,66.75
1782641551534,3,0,0,72.74
1782641551534,4,0,0,73.14
1782641551534,5,0,0,71.99
1782641551534,6,0,0,68.20
1782641551534,7,0,0,71.73
1782641551783,0,0,0,71.70
1782641551783,1,0,0,70.14
1782641551783,2,0,0,66.74
1782641551783,3,0,0,72.75
1782641551783,4,0,0,73.14
1782641551783,5,0,0,71.99
1782641551783,6,0,0,68.20
1782641551783,7,0,0,71.71
1782641552033,0,0,0,71.69
1782641552033,1,0,0,70.13
1782641552033,2,0,0,66.74
1782641552033,3,0,0,72.74
1782641552033,4,0,0,73.12
1782641552033,5,0,0,71.96
1782641552033,6,0,0,68.28
1782641552033,7,0,0,71.74
1782641552283,0,0,0,71.70
1782641552283,1,0,0,70.08
1782641552283,2,0,0,66.74
1782641552283,3,0,0,72.74
1782641552283,4,0,0,73.11
1782641552283,5,0,0,71.95
1782641552283,6,0,0,68.14
1782641552283,7,0,0,71.71
1782641552590,0,0,0,71.69
1782641552590,1,0,0,70.07
1782641552590,2,0,0,66.73
1782641552590,3,0,0,72.76
1782641552590,4,0,0,73.12
1782641552590,5,0,0,71.95
1782641552590,6,0,0,68.22
1782641552590,7,0,0,71.71
1782641552838,0,0,0,71.66
1782641552838,1,0,0,70.10
1782641552838,2,0,0,66.71
1782641552838,3,0,0,72.75
1782641552838,4,0,0,73.13
1782641552838,5,0,0,71.93
1782641552838,6,0,0,68.24
1782641552838,7,0,0,71.72
1782641553088,0,0,0,71.68
1782641553088,1,0,0,70.07
1782641553088,2,0,0,66.71
1782641553088,3,0,0,72.76
1782641553088,4,0,0,73.14
1782641553088,5,0,0,71.93
1782641553088,6,0,0,68.14
1782641553088,7,0,0,71.68
1782641553375,0,0,0,71.67
1782641553375,1,0,0,70.10
1782641553375,2,0,0,66.69
1782641553375,3,0,0,72.78
1782641553375,4,0,0,73.16
1782641553375,5,0,0,71.94
1782641553375,6,0,0,68.29
1782641553375,7,0,0,71.69
1782641553624,0,0,0,71.66
1782641553624,1,0,0,70.08
1782641553624,2,0,0,66.73
1782641553624,3,0,0,72.75
1782641553624,4,0,0,73.17
1782641553624,5,0,0,71.92
1782641553624,6,0,0,68.26
1782641553624,7,0,0,71.69
1782641553873,0,0,0,71.69
1782641553873,1,0,0,70.08
1782641553873,2,0,0,66.73
1782641553873,3,0,0,72.77
1782641553873,4,0,0,73.14
1782641553873,5,0,0,71.90
1782641553873,6,0,0,68.26
1782641553873,7,0,0,71.68
1782641554122,0,0,0,71.69
1782641554122,1,0,0,70.09
1782641554122,2,0,0,66.75
1782641554122,3,0,0,72.77
1782641554122,4,0,0,73.16
1782641554122,5,0,0,71.88
1782641554122,6,0,0,68.29
1782641554122,7,0,0,71.70
1782641554478,0,0,0,71.70
1782641554478,1,0,0,70.11
1782641554478,2,0,0,66.70
1782641554478,3,0,0,72.77
1782641554478,4,0,0,73.14
1782641554478,5,0,0,71.91
1782641554478,6,0,0,68.21
1782641554478,7,0,0,71.69
1782641555121,0,0,0,71.68
1782641555121,1,0,0,70.11
1782641555121,2,0,0,66.68
1782641555121,3,0,0,72.78
1782641555121,4,0,0,73.12
1782641555121,5,0,0,71.92
1782641555121,6,0,0,68.19
1782641555121,7,0,0,71.70
1782641555372,0,0,0,71.71
1782641555372,1,0,0,70.08
1782641555372,2,0,0,66.68
1782641555372,3,0,0,72.76
1782641555372,4,0,0,73.12
1782641555372,5,0,0,71.91
1782641555372,6,0,0,68.31
1782641555372,7,0,0,71.74
1782641555620,0,0,0,71.72
1782641555620,1,0,0,70.12
1782641555620,2,0,0,66.70
1782641555620,3,0,0,72.78
1782641555620,4,0,0,73.10
1782641555620,5,0,0,71.90
1782641555620,6,0,0,68.18
1782641555620,7,0,0,71.74
1782641555868,0,0,0,71.73
1782641555868,1,0,0,70.15
1782641555868,2,0,0,66.72
1782641555868,3,0,0,72.78
1782641555868,4,0,0,73.10
1782641555868,5,0,0,71.92
1782641555868,6,0,0,68.29
1782641555868,7,0,0,71.74
1782641556119,0,0,0,71.74
1782641556119,1,0,0,70.16
1782641556119,2,0,0,66.70
1782641556119,3,0,0,72.75
1782641556119,4,0,0,73.08
1782641556119,5,0,0,71.93
1782641556119,6,0,0,68.11
1782641556119,7,0,0,71.75
1782641556369,0,0,0,71.74
1782641556369,1,0,0,70.15
1782641556369,2,0,0,66.68
1782641556369,3,0,0,72.78
1782641556369,4,0,0,73.08
1782641556369,5,0,0,71.93
1782641556369,6,0,0,68.19
1782641556369,7,0,0,71.72
1782641556682,0,0,0,71.74
1782641556682,1,0,0,70.15
1782641556682,2,0,0,66.69
1782641556682,3,0,0,72.80
1782641556682,4,0,0,73.10
1782641556682,5,0,0,71.96
1782641556682,6,0,0,68.28
1782641556682,7,0,0,71.71
1782641556964,0,0,0,71.72
1782641556964,1,0,0,70.14
1782641556964,2,0,0,66.71
1782641556964,3,0,0,72.81
1782641556964,4,0,0,73.12
1782641556964,5,0,0,71.94
1782641556964,6,0,0,68.17
1782641556964,7,0,0,71.74
1782641557212,0,0,0,71.73
1782641557212,1,0,0,70.10
1782641557212,2,0,0,66.72
1782641557212,3,0,0,72.77
1782641557212,4,0,0,73.14
1782641557212,5,0,0,71.99
1782641557212,6,0,0,68.24
1782641557212,7,0,0,71.75
1782641557461,0,0,0,71.72
1782641557461,1,0,0,70.12
1782641557461,2,0,0,66.75
1782641557461,3,0,0,72.79
1782641557461,4,0,0,73.11
1782641557461,5,0,0,71.96
1782641557461,6,0,0,68.25
1782641557461,7,0,0,71.75
1782641557709,0,0,0,71.72
1782641557709,1,0,0,70.13
1782641557709,2,0,0,66.74
1782641557709,3,0,0,72.78
1782641557709,4,0,0,73.09
1782641557709,5,0,0,71.93
1782641557709,6,0,0,68.15
1782641557709,7,0,0,71.74
1782641557958,0,0,0,71.70
1782641557958,1,0,0,70.14
1782641557958,2,0,0,66.73
1782641557958,3,0,0,72.74
1782641557958,4,0,0,73.08
1782641557958,5,0,0,71.92
1782641557958,6,0,0,68.25
1782641557958,7,0,0,71.71
1782641558278,0,0,0,71.68
1782641558278,1,0,0,70.14
1782641558278,2,0,0,66.73
1782641558278,3,0,0,72.75
1782641558278,4,0,0,73.07
1782641558278,5,0,0,71.96
1782641558278,6,0,0,68.21
1782641558278,7,0,0,71.70
1782641558527,0,0,0,71.68
1782641558527,1,0,0,70.12
1782641558527,2,0,0,66.72
1782641558527,3,0,0,72.74
1782641558527,4,0,0,73.09
1782641558527,5,0,0,71.97
1782641558527,6,0,0,68.11
1782641558527,7,0,0,71.70
1782641558778,0,0,0,71.66
1782641558778,1,0,0,70.10
1782641558778,2,0,0,66.72
1782641558778,3,0,0,72.74
1782641558778,4,0,0,73.12
1782641558778,5,0,0,71.96
1782641558778,6,0,0,68.22
1782641558778,7,0,0,71.71
1782641559089,0,0,0,71.68
1782641559089,1,0,0,70.07
1782641559089,2,0,0,66.75
1782641559089,3,0,0,72.75
1782641559089,4,0,0,73.15
1782641559089,5,0,0,71.93
1782641559089,6,0,0,68.28
1782641559089,7,0,0,71.69
1782641559400,0,0,0,71.69
1782641559400,1,0,0,70.05
1782641559400,2,0,0,66.74
1782641559400,3,0,0,72.79
1782641559400,4,0,0,73.15
1782641559400,5,0,0,71.91
1782641559400,6,0,0,68.14
1782641559400,7,0,0,71.70
1782641559650,0,0,0,71.70
1782641559650,1,0,0,70.04
1782641559650,2,0,0,66.76
1782641559650,3,0,0,72.79
1782641559650,4,0,0,73.16
1782641559650,5,0,0,71.92
1782641559650,6,0,0,68.27
1782641559650,7,0,0,71.70
1782641559900,0,0,0,71.69
1782641559900,1,0,0,70.02
1782641559900,2,0,0,66.72
1782641559900,3,0,0,72.77
1782641559900,4,0,0,73.17
1782641559900,5,0,0,71.94
1782641559900,6,0,0,68.16
1782641559900,7,0,0,71.70
1782641560149,0,0,0,71.71
1782641560149,1,0,0,70.06
1782641560149,2,0,0,66.70
1782641560149,3,0,0,72.77
1782641560149,4,0,0,73.17
1782641560149,5,0,0,71.95
1782641560149,6,0,0,68.16
1782641560149,7,0,0,71.72
1782641560401,0,0,0,71.71
1782641560401,1,0,0,70.09
1782641560401,2,0,0,66.72
1782641560401,3,0,0,72.77
1782641560401,4,0,0,73.16
1782641560401,5,0,0,71.96
1782641560401,6,0,0,68.25
1782641560401,7,0,0,71.74
1782641560650,0,0,0,71.72
1782641560650,1,0,0,70.12
1782641560650,2,0,0,66.70
1782641560650,3,0,0,72.77
1782641560650,4,0,0,73.16
1782641560650,5,0,0,71.94
1782641560650,6,0,0,68.14
1782641560650,7,0,0,71.74
1782641560901,0,0,0,71.73
1782641560901,1,0,0,70.10
1782641560901,2,0,0,66.73
1782641560901,3,0,0,72.79
1782641560901,4,0,0,73.17
1782641560901,5,0,0,71.93
1782641560901,6,0,0,68.31
1782641560901,7,0,0,71.72
1782641561153,0,0,0,71.73
1782641561153,1,0,0,70.08
1782641561153,2,0,0,66.73
1782641561153,3,0,0,72.82
1782641561153,4,0,0,73.14
1782641561153,5,0,0,71.91
1782641561153,6,0,0,68.25
1782641561153,7,0,0,71.72
1782641561403,0,0,0,71.71
1782641561403,1,0,0,70.07
1782641561403,2,0,0,66.71
1782641561403,3,0,0,72.83
1782641561403,4,0,0,73.14
1782641561403,5,0,0,71.97
1782641561403,6,0,0,68.29
1782641561403,7,0,0,71.71
1782641561652,0,0,0,71.70
1782641561652,1,0,0,70.06
1782641561652,2,0,0,66.71
1782641561652,3,0,0,72.82
1782641561652,4,0,0,73.11
1782641561652,5,0,0,71.97
1782641561652,6,0,0,68.32
1782641561652,7,0,0,71.72
1782641561904,0,0,0,71.69
1782641561904,1,0,0,70.09
1782641561904,2,0,0,66.72
1782641561904,3,0,0,72.82
1782641561904,4,0,0,73.11
1782641561904,5,0,0,71.94
1782641561904,6,0,0,68.19
1782641561904,7,0,0,71.74
1782641562155,0,0,0,71.69
1782641562155,1,0,0,70.11
1782641562155,2,0,0,66.72
1782641562155,3,0,0,72.82
1782641562155,4,0,0,73.11
1782641562155,5,0,0,71.95
1782641562155,6,0,0,68.29
1782641562155,7,0,0,71.75
1782641562406,0,0,0,71.70
1782641562406,1,0,0,70.08
1782641562406,2,0,0,66.72
1782641562406,3,0,0,72.79
1782641562406,4,0,0,73.10
1782641562406,5,0,0,71.95
1782641562406,6,0,0,68.14
1782641562406,7,0,0,71.74
1782641562653,0,0,0,71.70
1782641562653,1,0,0,70.13
1782641562653,2,0,0,66.72
1782641562653,3,0,0,72.80
1782641562653,4,0,0,73.11
1782641562653,5,0,0,71.95
1782641562653,6,0,0,68.17
1782641562653,7,0,0,71.73
1782641562904,0,0,0,71.70
1782641562904,1,0,0,70.14
1782641562904,2,0,0,66.72
1782641562904,3,0,0,72.81
1782641562904,4,0,0,73.10
1782641562904,5,0,0,71.98
1782641562904,6,0,0,68.21
1782641562904,7,0,0,71.74
1782641563151,0,0,0,71.70
1782641563151,1,0,0,70.13
1782641563151,2,0,0,66.72
1782641563151,3,0,0,72.79
1782641563151,4,0,0,73.11
1782641563151,5,0,0,72.00
1782641563151,6,0,0,68.11
1782641563151,7,0,0,71.73
1782641563400,0,0,0,71.69
1782641563400,1,0,0,70.14
1782641563400,2,0,0,66.72
1782641563400,3,0,0,72.81
1782641563400,4,0,0,73.10
1782641563400,5,0,0,72.00
1782641563400,6,0,0,68.26
1782641563400,7,0,0,71.74
1782641563647,0,0,0,71.68
1782641563647,1,0,0,70.14
1782641563647,2,0,0,66.78
1782641563647,3,0,0,72.78
1782641563647,4,0,0,73.11
1782641563647,5,0,0,71.97
1782641563647,6,0,0,68.14
1782641563647,7,0,0,71.72
1782641564376,0,0,0,71.66
1782641564376,1,0,0,70.08
1782641564376,2,0,0,66.78
1782641564376,3,0,0,72.77
1782641564376,4,0,0,73.16
1782641564376,5,0,0,71.98
1782641564376,6,0,0,68.18
1782641564376,7,0,0,71.71
1782641565029,0,0,0,71.68
1782641565029,1,0,0,70.11
1782641565029,2,0,0,66.76
1782641565029,3,0,0,72.78
1782641565029,4,0,0,73.17
1782641565029,5,0,0,71.93
1782641565029,6,0,0,68.30
1782641565029,7,0,0,71.70
1782641565280,0,0,0,71.69
1782641565280,1,0,0,70.12
1782641565280,2,0,0,66.76
1782641565280,3,0,0,72.78
1782641565280,4,0,0,73.15
1782641565280,5,0,0,71.94
1782641565280,6,0,0,68.15
1782641565280,7,0,0,71.69
1782641565529,0,0,0,71.71
1782641565529,1,0,0,70.11
1782641565529,2,0,0,66.73
1782641565529,3,0,0,72.79
1782641565529,4,0,0,73.18
1782641565529,5,0,0,71.94
1782641565529,6,0,0,68.25
1782641565529,7,0,0,71.69
1782641565777,0,0,0,71.71
1782641565777,1,0,0,70.12
1782641565777,2,0,0,66.72
1782641565777,3,0,0,72.79
1782641565777,4,0,0,73.16
1782641565777,5,0,0,71.93
1782641565777,6,0,0,68.18
1782641565777,7,0,0,71.68
1782641566025,0,0,0,71.71
1782641566025,1,0,0,70.07
1782641566025,2,0,0,66.72
1782641566025,3,0,0,72.78
1782641566025,4,0,0,73.14
1782641566025,5,0,0,71.93
1782641566025,6,0,0,68.24
1782641566025,7,0,0,71.68
1782641566272,0,0,0,71.69
1782641566272,1,0,0,70.07
1782641566272,2,0,0,66.72
1782641566272,3,0,0,72.77
1782641566272,4,0,0,73.17
1782641566272,5,0,0,71.95
1782641566272,6,0,0,68.27
1782641566272,7,0,0,71.68
1782641566522,0,0,0,71.68
1782641566522,1,0,0,70.09
1782641566522,2,0,0,66.71
1782641566522,3,0,0,72.78
1782641566522,4,0,0,73.14
1782641566522,5,0,0,71.91
1782641566522,6,0,0,68.16
1782641566522,7,0,0,71.69
1782641566770,0,0,0,71.71
1782641566770,1,0,0,70.08
1782641566770,2,0,0,66.71
1782641566770,3,0,0,72.77
1782641566770,4,0,0,73.15
1782641566770,5,0,0,71.91
1782641566770,6,0,0,68.30
1782641566770,7,0,0,71.70
1782641567020,0,0,0,71.69
1782641567020,1,0,0,70.09
1782641567020,2,0,0,66.72
1782641567020,3,0,0,72.78
1782641567020,4,0,0,73.18
1782641567020,5,0,0,71.95
1782641567020,6,0,0,68.16
1782641567020,7,0,0,71.70
1782641567266,0,0,0,71.71
1782641567266,1,0,0,70.12
1782641567266,2,0,0,66.73
1782641567266,3,0,0,72.82
1782641567266,4,0,0,73.12
1782641567266,5,0,0,71.97
1782641567266,6,0,0,68.31
1782641567266,7,0,0,71.73
1782641567933,0,0,0,71.72
1782641567933,1,0,0,70.13
1782641567933,2,0,0,66.74
1782641567933,3,0,0,72.81
1782641567933,4,0,0,73.09
1782641567933,5,0,0,71.94
1782641567933,6,0,0,68.18
1782641567933,7,0,0,71.74
1782641568518,0,0,0,71.74
1782641568518,1,0,0,70.13
1782641568518,2,0,0,66.73
1782641568518,3,0,0,72.82
1782641568518,4,0,0,73.10
1782641568518,5,0,0,71.97
1782641568518,6,0,0,68.17
1782641568518,7,0,0,71.75
1782641568818,0,0,0,71.74
1782641568818,1,0,0,70.09
1782641568818,2,0,0,66.75
1782641568818,3,0,0,72.82
1782641568818,4,0,0,73.11
1782641568818,5,0,0,71.98
1782641568818,6,0,0,68.26
1782641568818,7,0,0,71.77
1782641569068,0,0,0,71.74
1782641569068,1,0,0,70.12
1782641569068,2,0,0,66.74
1782641569068,3,0,0,72.83
1782641569068,4,0,0,73.11
1782641569068,5,0,0,71.97
1782641569068,6,0,0,68.30
1782641569068,7,0,0,71.75
1782641569533,0,0,0,71.65
1782641569533,1,0,0,70.07
1782641569533,2,0,0,66.73
1782641569533,3,0,0,72.74
1782641569533,4,0,0,73.13
1782641569533,5,0,0,71.92
1782641569533,6,0,0,68.26
1782641569533,7,0,0,71.68
1782641572120,0,0,0,71.68
1782641572120,1,0,0,70.09
1782641572120,2,0,0,66.71
1782641572120,3,0,0,72.79
1782641572120,4,0,0,73.14
1782641572120,5,0,0,71.89
1782641572120,6,0,0,68.26
1782641572120,7,0,0,71.66
1782641572368,0,0,0,71.67
1782641572368,1,0,0,70.11
1782641572368,2,0,0,66.72
1782641572368,3,0,0,72.81
1782641572368,4,0,0,73.14
1782641572368,5,0,0,71.90
1782641572368,6,0,0,68.21
1782641572368,7,0,0,71.68
1782641572616,0,0,0,71.66
1782641572616,1,0,0,70.11
1782641572616,2,0,0,66.72
1782641572616,3,0,0,72.81
1782641572616,4,0,0,73.16
1782641572616,5,0,0,71.93
1782641572616,6,0,0,68.33
1782641572616,7,0,0,71.69
1782641572866,0,0,0,71.67
1782641572866,1,0,0,70.11
1782641572866,2,0,0,66.70
1782641572866,3,0,0,72.82
1782641572866,4,0,0,73.15
1782641572866,5,0,0,71.92
1782641572866,6,0,0,68.16
1782641572866,7,0,0,71.70
1782641573116,0,0,0,71.67
1782641573116,1,0,0,70.10
1782641573116,2,0,0,66.71
1782641573116,3,0,0,72.79
1782641573116,4,0,0,73.12
1782641573116,5,0,0,71.92
1782641573116,6,0,0,68.25
1782641573116,7,0,0,71.71
1782641573366,0,0,0,71.70
1782641573366,1,0,0,70.10
1782641573366,2,0,0,66.69
1782641573366,3,0,0,72.81
1782641573366,4,0,0,73.13
1782641573366,5,0,0,71.99
1782641573366,6,0,0,68.20
1782641573366,7,0,0,71.71
1782641573615,0,0,0,71.75
1782641573615,1,0,0,70.11
1782641573615,2,0,0,66.69
1782641573615,3,0,0,72.82
1782641573615,4,0,0,73.11
1782641573615,5,0,0,72.00
1782641573615,6,0,0,68.16
1782641573615,7,0,0,71.71
1782641573864,0,0,0,71.75
1782641573864,1,0,0,70.13
1782641573864,2,0,0,66.70
1782641573864,3,0,0,72.78
1782641573864,4,0,0,73.12
1782641573864,5,0,0,71.97
1782641573864,6,0,0,68.30
1782641573864,7,0,0,71.73
1782641574115,0,0,0,71.75
1782641574115,1,0,0,70.11
1782641574115,2,0,0,66.71
1782641574115,3,0,0,72.80
1782641574115,4,0,0,73.10
1782641574115,5,0,0,71.96
1782641574115,6,0,0,68.14
1782641574115,7,0,0,71.74
1782641574362,0,0,0,71.74
1782641574362,1,0,0,70.12
1782641574362,2,0,0,66.72
1782641574362,3,0,0,72.80
1782641574362,4,0,0,73.08
1782641574362,5,0,0,71.97
1782641574362,6,0,0,68.29
1782641574362,7,0,0,71.74
1782641574612,0,0,0,71.72
1782641574612,1,0,0,70.14
1782641574612,2,0,0,66.71
1782641574612,3,0,0,72.78
1782641574612,4,0,0,73.08
1782641574612,5,0,0,71.93
1782641574612,6,0,0,68.21
1782641574612,7,0,0,71.74
1782641574862,0,0,0,71.73
1782641574862,1,0,0,70.12
1782641574862,2,0,0,66.74
1782641574862,3,0,0,72.78
1782641574862,4,0,0,73.07
1782641574862,5,0,0,71.90
1782641574862,6,0,0,68.17
1782641574862,7,0,0,71.74
1782641575112,0,0,0,71.74
1782641575112,1,0,0,70.13
1782641575112,2,0,0,66.71
1782641575112,3,0,0,72.78
1782641575112,4,0,0,73.09
1782641575112,5,0,0,71.97
1782641575112,6,0,0,68.26
1782641575112,7,0,0,71.76
1782641575361,0,0,0,71.75
1782641575361,1,0,0,70.12
1782641575361,2,0,0,66.72
1782641575361,3,0,0,72.76
1782641575361,4,0,0,73.09
1782641575361,5,0,0,71.96
1782641575361,6,0,0,68.11
1782641575361,7,0,0,71.74
1782641575612,0,0,0,71.76
1782641575612,1,0,0,70.10
1782641575612,2,0,0,66.74
1782641575612,3,0,0,72.77
1782641575612,4,0,0,73.08
1782641575612,5,0,0,71.96
1782641575612,6,0,0,68.23
1782641575612,7,0,0,71.73
1782641575861,0,0,0,71.73
1782641575861,1,0,0,70.10
1782641575861,2,0,0,66.74
1782641575861,3,0,0,72.78
1782641575861,4,0,0,73.10
1782641575861,5,0,0,71.96
1782641575861,6,0,0,68.17
1782641575861,7,0,0,71.75
1782641576112,0,0,0,71.74
1782641576112,1,0,0,70.14
1782641576112,2,0,0,66.75
1782641576112,3,0,0,72.76
1782641576112,4,0,0,73.11
1782641576112,5,0,0,71.97
1782641576112,6,0,0,68.16
1782641576112,7,0,0,71.73
1782641576359,0,0,0,71.72
1782641576359,1,0,0,70.13
1782641576359,2,0,0,66.76
1782641576359,3,0,0,72.76
1782641576359,4,0,0,73.11
1782641576359,5,0,0,71.95
1782641576359,6,0,0,68.25
1782641576359,7,0,0,71.72
1782641576609,0,0,0,71.72
1782641576609,1,0,0,70.13
1782641576609,2,0,0,66.76
1782641576609,3,0,0,72.76
1782641576609,4,0,0,73.10
1782641576609,5,0,0,71.93
1782641576609,6,0,0,68.14
1782641576609,7,0,0,71.75
1782641576856,0,0,0,71.70
1782641576856,1,0,0,70.11
1782641576856,2,0,0,66.77
1782641576856,3,0,0,72.75
1782641576856,4,0,0,73.12
1782641576856,5,0,0,71.97
1782641576856,6,0,0,68.27
1782641576856,7,0,0,71.72
1782641577105,0,0,0,71.70
1782641577105,1,0,0,70.08
1782641577105,2,0,0,66.75
1782641577105,3,0,0,72.77
1782641577105,4,0,0,73.10
1782641577105,5,0,0,71.94
1782641577105,6,0,0,68.21
1782641577105,7,0,0,71.70
1782641577354,0,0,0,71.69
1782641577354,1,0,0,70.08
1782641577354,2,0,0,66.75
1782641577354,3,0,0,72.75
1782641577354,4,0,0,73.12
1782641577354,5,0,0,71.91
1782641577354,6,0,0,68.23
1782641577354,7,0,0,71.70
1782641577603,0,0,0,71.71
1782641577603,1,0,0,70.06
1782641577603,2,0,0,66.74
1782641577603,3,0,0,72.77
1782641577603,4,0,0,73.13
1782641577603,5,0,0,71.88
1782641577603,6,0,0,68.29
1782641577603,7,0,0,71.69
1782641577878,0,0,0,71.69
1782641577878,1,0,0,70.07
1782641577878,2,0,0,66.73
1782641577878,3,0,0,72.79
1782641577878,4,0,0,73.13
1782641577878,5,0,0,71.92
1782641577878,6,0,0,68.19
1782641577878,7,0,0,71.68
1782641578128,0,0,0,71.69
1782641578128,1,0,0,70.07
1782641578128,2,0,0,66.72
1782641578128,3,0,0,72.76
1782641578128,4,0,0,73.13
1782641578128,5,0,0,71.93
1782641578128,6,0,0,68.27
1782641578128,7,0,0,71.69
1782641578378,0,0,0,71.69
1782641578378,1,0,0,70.07
1782641578378,2,0,0,66.70
1782641578378,3,0,0,72.76
1782641578378,4,0,0,73.17
1782641578378,5,0,0,71.92
1782641578378,6,0,0,68.16
1782641578378,7,0,0,71.69
1782641578627,0,0,0,71.70
1782641578627,1,0,0,70.07
1782641578627,2,0,0,66.71
1782641578627,3,0,0,72.77
1782641578627,4,0,0,73.16
1782641578627,5,0,0,71.94
1782641578627,6,0,0,68.17
1782641578627,7,0,0,71.68
1782641578876,0,0,0,71.70
1782641578876,1,0,0,70.11
1782641578876,2,0,0,66.68
1782641578876,3,0,0,72.76
1782641578876,4,0,0,73.16
1782641578876,5,0,0,71.94
1782641578876,6,0,0,68.24
1782641578876,7,0,0,71.67
1782641579125,0,0,0,71.70
1782641579125,1,0,0,70.12
1782641579125,2,0,0,66.68
1782641579125,3,0,0,72.79
1782641579125,4,0,0,73.16
1782641579125,5,0,0,71.94
1782641579125,6,0,0,68.15
1782641579125,7,0,0,71.67
1782641579375,0,0,0,71.71
1782641579375,1,0,0,70.14
1782641579375,2,0,0,66.70
1782641579375,3,0,0,72.77
1782641579375,4,0,0,73.13
1782641579375,5,0,0,71.96
1782641579375,6,0,0,68.33
1782641579375,7,0,0,71.69
1782641579624,0,0,0,71.68
1782641579624,1,0,0,70.12
1782641579624,2,0,0,66.68
1782641579624,3,0,0,72.78
1782641579624,4,0,0,73.13
1782641579624,5,0,0,71.97
1782641579624,6,0,0,68.24
1782641579624,7,0,0,71.70
1782641579899,0,0,0,71.72
1782641579899,1,0,0,70.10
1782641579899,2,0,0,66.69
1782641579899,3,0,0,72.80
1782641579899,4,0,0,73.11
1782641579899,5,0,0,71.95
1782641579899,6,0,0,68.19
1782641579899,7,0,0,71.72
1782641580149,0,0,0,71.73
1782641580149,1,0,0,70.13
1782641580149,2,0,0,66.71
1782641580149,3,0,0,72.79
1782641580149,4,0,0,73.13
1782641580149,5,0,0,71.95
1782641580149,6,0,0,68.31
1782641580149,7,0,0,71.74
1782641580397,0,0,0,71.75
1782641580397,1,0,0,70.13
1782641580397,2,0,0,66.68
1782641580397,3,0,0,72.80
1782641580397,4,0,0,73.12
1782641580397,5,0,0,71.95
1782641580397,6,0,0,68.18
1782641580397,7,0,0,71.75
1782641580646,0,0,0,71.77
1782641580646,1,0,0,70.13
1782641580646,2,0,0,66.69
1782641580646,3,0,0,72.81
1782641580646,4,0,0,73.11
1782641580646,5,0,0,72.00
1782641580646,6,0,0,68.32
1782641580646,7,0,0,71.75
1782641580895,0,0,0,71.73
1782641580895,1,0,0,70.14
1782641580895,2,0,0,66.72
1782641580895,3,0,0,72.79
1782641580895,4,0,0,73.11
1782641580895,5,0,0,72.00
1782641580895,6,0,0,68.27
1782641580895,7,0,0,71.75
1782641581145,0,0,0,71.74
1782641581145,1,0,0,70.11
1782641581145,2,0,0,66.73
1782641581145,3,0,0,72.80
1782641581145,4,0,0,73.13
1782641581145,5,0,0,71.95
1782641581145,6,0,0,68.22
1782641581145,7,0,0,71.75
1782641581396,0,0,0,71.72
1782641581396,1,0,0,70.13
1782641581396,2,0,0,66.72
1782641581396,3,0,0,72.80
1782641581396,4,0,0,73.12
1782641581396,5,0,0,71.95
1782641581396,6,0,0,68.29
1782641581396,7,0,0,71.77
1782641581646,0,0,0,71.72
1782641581646,1,0,0,70.15
1782641581646,2,0,0,66.75
1782641581646,3,0,0,72.79
1782641581646,4,0,0,73.13
1782641581646,5,0,0,71.94
1782641581646,6,0,0,68.14
1782641581646,7,0,0,71.75
1782641581894,0,0,0,71.71
1782641581894,1,0,0,70.14
1782641581894,2,0,0,66.74
1782641581894,3,0,0,72.76
1782641581894,4,0,0,73.14
1782641581894,5,0,0,71.94
1782641581894,6,0,0,68.21
1782641581894,7,0,0,71.78
1782641582144,0,0,0,71.70
1782641582144,1,0,0,70.15
1782641582144,2,0,0,66.73
1782641582144,3,0,0,72.75
1782641582144,4,0,0,73.12
1782641582144,5,0,0,71.94
1782641582144,6,0,0,68.16
1782641582144,7,0,0,71.76
1782641582391,0,0,0,71.68
1782641582391,1,0,0,70.15
1782641582391,2,0,0,66.76
1782641582391,3,0,0,72.75
1782641582391,4,0,0,73.12
1782641582391,5,0,0,71.96
1782641582391,6,0,0,68.13
1782641582391,7,0,0,71.74
1782641582641,0,0,0,71.67
1782641582641,1,0,0,70.11
1782641582641,2,0,0,66.76
1782641582641,3,0,0,72.74
1782641582641,4,0,0,73.13
1782641582641,5,0,0,71.93
1782641582641,6,0,0,68.24
1782641582641,7,0,0,71.76
1782641582890,0,0,0,71.68
1782641582890,1,0,0,70.08
1782641582890,2,0,0,66.75
1782641582890,3,0,0,72.75
1782641582890,4,0,0,73.12
1782641582890,5,0,0,71.90
1782641582890,6,0,0,68.11
1782641582890,7,0,0,71.74
1782641583141,0,0,0,90.12
1782641583141,1,0,0,91.40
1782641583141,2,0,0,86.53
1782641583141,3,0,0,93.61
1782641583141,4,0,0,73.14
1782641583141,5,0,0,71.93
1782641583141,6,0,0,68.20
1782641583141,7,0,0,71.70
1782641583716,0,12,0,105.45
1782641583716,1,0,0,100.70
1782641583716,2,18,0,95.84
1782641583716,3,2,0,102.04
1782641583716,4,0,0,73.14
1782641583716,5,0,0,71.94
1782641583716,6,0,0,68.12
1782641583716,7,0,0,71.68
1782641583945,0,0,0,114.61
1782641583945,1,4,0,110.02
1782641583945,2,7,0,109.65
1782641583945,3,0,0,110.89
1782641583945,4,0,0,73.15
1782641583945,5,0,0,71.91
1782641583945,6,0,0,68.28
1782641583945,7,0,0,71.69
1782641584181,0,0,0,122.03
1782641584181,1,0,0,117.64
1782641584181,2,0,0,113.50
1782641584181,3,0,0,117.92
1782641584181,4,0,0,73.17
1782641584181,5,0,0,71.91
1782641584181,6,0,0,68.29
1782641584181,7,0,0,71.72
1782641584957,0,0,0,122.14
1782641584957,1,1,0,117.72
1782641584957,2,0,0,113.49
1782641584957,3,0,0,118.04
1782641584957,4,0,0,73.18
1782641584957,5,0,0,71.90
1782641584957,6,0,0,68.16
1782641584957,7,0,0,71.70
1782641585307,0,0,0,122.20
1782641585307,1,0,0,117.78
1782641585307,2,0,0,113.54
1782641585307,3,0,0,118.16
1782641585307,4,0,0,73.17
1782641585307,5,0,0,71.93
1782641585307,6,0,0,68.16
1782641585307,7,0,0,71.70
1782641585644,0,4,1,124.04
1782641585644,1,0,0,119.91
1782641585644,2,4,1,115.37
1782641585644,3,5,2,120.41
1782641585644,4,0,0,73.15
1782641585644,5,0,0,71.93
1782641585644,6,0,0,68.24
1782641585644,7,0,0,71.71
1782641586025,0,0,0,124.03
1782641586025,1,0,0,119.81
1782641586025,2,0,0,115.33
1782641586025,3,0,0,120.41
1782641586025,4,0,0,73.13
1782641586025,5,0,0,71.93
1782641586025,6,0,0,68.29
1782641586025,7,0,0,71.75
1782641586382,0,0,0,130.39
1782641586382,1,29,3,125.10
1782641586382,2,7,2,120.08
1782641586382,3,97,5,125.47
1782641586382,4,0,0,73.12
1782641586382,5,0,0,71.95
1782641586382,6,0,0,68.21
1782641586382,7,0,0,71.76
1782641586627,0,28,0,135.35
1782641586627,1,76,5,128.84
1782641586627,2,26,0,125.61
1782641586627,3,99,4,129.70
1782641586627,4,0,0,73.13
1782641586627,5,0,0,71.99
1782641586627,6,0,0,68.16
1782641586627,7,0,0,71.75
1782641586863,0,32,3,139.42
1782641586863,1,98,1,132.27
1782641586863,2,33,4,128.87
1782641586863,3,98,5,133.00
1782641586863,4,0,0,73.14
1782641586863,5,0,0,71.97
1782641586863,6,0,0,68.30
1782641586863,7,0,0,71.74
1782641587105,0,28,2,146.19
1782641587105,1,98,4,138.68
1782641587105,2,28,0,137.26
1782641587105,3,100,0,138.94
1782641587105,4,0,0,73.14
1782641587105,5,0,0,71.96
1782641587105,6,0,0,68.16
1782641587105,7,0,0,71.72
1782641587345,0,33,3,148.43
1782641587345,1,99,4,141.14
1782641587345,2,32,4,138.30
1782641587345,3,98,5,141.46
1782641587345,4,0,0,73.13
1782641587345,5,0,0,71.97
1782641587345,6,0,0,68.29
1782641587345,7,0,0,71.72
1782641587585,0,25,1,147.60
1782641587585,1,88,4,141.07
1782641587585,2,28,4,137.94
1782641587585,3,85,4,141.38
1782641587585,4,0,0,73.12
1782641587585,5,0,0,72.00
1782641587585,6,0,0,68.13
1782641587585,7,0,0,71.74
1782641587828,0,37,3,146.81
1782641587828,1,90,1,141.98
1782641587828,2,31,4,137.86
1782641587828,3,98,5,141.29
1782641587828,4,0,0,73.11
1782641587828,5,0,0,72.00
1782641587828,6,0,0,68.15
1782641587828,7,0,0,71.75
1782641588069,0,29,2,146.27
1782641588069,1,97,4,141.78
1782641588069,2,28,0,138.36
1782641588069,3,100,0,140.89
1782641588069,4,0,0,73.08
1782641588069,5,0,0,72.03
1782641588069,6,0,0,68.17
1782641588069,7,0,0,71.77
1782641588314,0,36,3,146.35
1782641588314,1,99,4,142.59
1782641588314,2,30,4,138.93
1782641588314,3,77,5,140.81
1782641588314,4,0,0,73.10
1782641588314,5,0,0,72.00
1782641588314,6,0,0,68.10
1782641588314,7,0,0,71.76
1782641588553,0,33,3,146.18
1782641588553,1,98,4,141.93
1782641588553,2,31,3,139.64
1782641588553,3,62,0,140.41
1782641588553,4,0,0,73.11
1782641588553,5,0,0,71.97
1782641588553,6,0,0,68.25
1782641588553,7,0,0,71.77
1782641588792,0,33,3,145.08
1782641588792,1,100,0,141.54
1782641588792,2,32,4,140.05
1782641588792,3,98,5,140.68
1782641588792,4,0,0,73.11
1782641588792,5,0,0,72.00
1782641588792,6,0,0,68.13
1782641588792,7,0,0,71.76
1782641589032,0,29,0,145.39
1782641589032,1,100,0,143.25
1782641589032,2,30,4,138.53
1782641589032,3,98,5,144.03
1782641589032,4,0,0,73.10
1782641589032,5,0,0,71.98
1782641589032,6,0,0,68.25
1782641589032,7,0,0,71.75
1782641589327,0,32,3,143.21
1782641589327,1,98,4,141.67
1782641589327,2,32,4,135.93
1782641589327,3,94,5,143.23
1782641589327,4,0,0,73.11
1782641589327,5,0,0,71.98
1782641589327,6,0,0,68.24
1782641589327,7,0,0,71.74
1782641589572,0,28,0,143.07
1782641589572,1,75,2,143.02
1782641589572,2,28,0,135.78
1782641589572,3,100,4,144.35
1782641589572,4,0,0,73.12
1782641589572,5,0,0,71.94
1782641589572,6,0,0,68.19
1782641589572,7,0,0,71.72
1782641589808,0,29,2,145.65
1782641589808,1,95,4,143.20
1782641589808,2,28,0,135.98
1782641589808,3,100,0,144.09
1782641589808,4,0,0,73.14
1782641589808,5,0,0,71.93
1782641589808,6,0,0,68.27
1782641589808,7,0,0,71.71
1782641590051,0,33,3,146.09
1782641590051,1,82,4,142.77
1782641590051,2,33,4,135.11
1782641590051,3,97,8,143.30
1782641590051,4,0,0,73.14
1782641590051,5,0,0,71.92
1782641590051,6,0,0,68.13
1782641590051,7,0,0,71.70
1782641590289,0,35,0,140.69
1782641590289,1,100,0,135.92
1782641590289,2,35,0,129.93
1782641590289,3,100,0,136.39
1782641590289,4,0,0,73.14
1782641590289,5,0,0,71.89
1782641590289,6,0,0,68.31
1782641590289,7,0,0,71.69
1782641590529,0,35,0,137.48
1782641590529,1,100,0,132.51
1782641590529,2,35,0,126.62
1782641590529,3,100,0,132.77
1782641590529,4,0,0,73.13
1782641590529,5,0,0,71.92
1782641590529,6,0,0,68.21
1782641590529,7,0,0,71.70
1782641590776,0,19,6,140.09
1782641590776,1,24,4,134.61
1782641590776,2,29,14,130.28
1782641590776,3,98,20,135.07
1782641590776,4,0,0,73.11
1782641590776,5,0,0,71.93
1782641590776,6,0,0,68.27
1782641590776,7,0,0,71.68
1782641591011,0,0,0,132.39
1782641591011,1,0,0,127.15
1782641591011,2,0,0,123.82
1782641591011,3,0,0,127.49
1782641591011,4,0,0,73.11
1782641591011,5,0,0,71.92
1782641591011,6,0,0,68.30
1782641591011,7,0,0,71.69
1782641591248,0,0,0,132.76
1782641591248,1,0,0,126.64
1782641591248,2,0,0,124.16
1782641591248,3,0,0,126.96
1782641591248,4,0,0,73.12
1782641591248,5,0,0,71.92
1782641591248,6,0,0,68.18
1782641591248,7,0,0,71.71
1782641591480,0,0,0,132.54
1782641591480,1,0,0,126.21
1782641591480,2,0,0,123.69
1782641591480,3,0,0,126.30
1782641591480,4,0,0,73.11
1782641591480,5,0,0,71.93
1782641591480,6,0,0,68.27
1782641591480,7,0,0,71.69
1782641591713,0,0,0,123.39
1782641591713,1,0,0,117.89
1782641591713,2,0,0,114.56
1782641591713,3,0,0,118.16
1782641591713,4,0,0,73.15
1782641591713,5,0,0,71.96
1782641591713,6,0,0,68.16
1782641591713,7,0,0,71.70
1782641591949,0,0,0,123.38
1782641591949,1,0,0,117.89
1782641591949,2,0,0,114.57
1782641591949,3,0,0,118.13
1782641591949,4,0,0,73.15
1782641591949,5,0,0,71.94
1782641591949,6,0,0,68.32
1782641591949,7,0,0,71.70
1782641592185,0,0,0,122.40
1782641592185,1,0,0,117.90
1782641592185,2,0,0,113.58
1782641592185,3,0,0,118.12
1782641592185,4,0,0,73.14
1782641592185,5,0,0,71.95
1782641592185,6,0,0,68.15
1782641592185,7,0,0,71.72
1782641592419,0,0,0,122.40
1782641592419,1,0,0,117.92
1782641592419,2,0,0,113.59
1782641592419,3,0,0,118.14
1782641592419,4,0,0,73.14
1782641592419,5,0,0,71.93
1782641592419,6,0,0,68.25
1782641592419,7,0,0,71.72
1782641592653,0,0,0,122.40
1782641592653,1,0,0,117.96
1782641592653,2,0,0,113.60
1782641592653,3,0,0,118.16
1782641592653,4,0,0,73.11
1782641592653,5,0,0,71.91
1782641592653,6,0,0,68.20
1782641592653,7,0,0,71.74
1782641592888,0,0,0,122.40
1782641592888,1,0,0,117.98
1782641592888,2,0,0,113.61
1782641592888,3,0,0,118.18
1782641592888,4,0,0,73.10
1782641592888,5,0,0,71.91
1782641592888,6,0,0,68.28
1782641592888,7,0,0,71.76
1782641593122,0,0,0,122.43
1782641593122,1,0,0,117.96
1782641593122,2,0,0,113.63
1782641593122,3,0,0,118.19
1782641593122,4,0,0,73.10
1782641593122,5,0,0,71.95
1782641593122,6,0,0,68.30
1782641593122,7,0,0,71.77
1782641593355,0,0,0,122.46
1782641593355,1,0,0,117.97
1782641593355,2,0,0,113.63
1782641593355,3,0,0,118.20
1782641593355,4,0,0,73.09
1782641593355,5,0,0,71.96
1782641593355,6,0,0,68.18
1782641593355,7,0,0,71.78
1782641593588,0,0,0,122.49
1782641593588,1,0,0,117.95
1782641593588,2,0,0,113.65
1782641593588,3,0,0,118.20
1782641593588,4,0,0,73.09
1782641593588,5,0,0,71.99
1782641593588,6,0,0,68.29
1782641593588,7,0,0,71.77
1782641593823,0,0,0,122.48
1782641593823,1,0,0,117.98
1782641593823,2,0,0,113.65
1782641593823,3,0,0,118.18
1782641593823,4,0,0,73.09
1782641593823,5,0,0,72.01
1782641593823,6,0,0,68.16
1782641593823,7,0,0,71.73
1782641594058,0,0,0,122.50
1782641594058,1,0,0,117.96
1782641594058,2,0,0,113.66
1782641594058,3,0,0,118.18
1782641594058,4,0,0,73.11
1782641594058,5,0,0,71.99
1782641594058,6,0,0,68.29
1782641594058,7,0,0,71.73
1782641594292,0,0,0,122.49
1782641594292,1,0,0,117.94
1782641594292,2,0,0,113.66
1782641594292,3,0,0,118.25
1782641594292,4,0,0,73.11
1782641594292,5,0,0,72.00
1782641594292,6,0,0,68.14
1782641594292,7,0,0,71.74
1782641594527,0,0,0,122.49
1782641594527,1,0,0,117.96
1782641594527,2,0,0,113.68
1782641594527,3,0,0,118.43
1782641594527,4,0,0,73.13
1782641594527,5,0,0,72.03
1782641594527,6,0,0,68.15
1782641594527,7,0,0,71.74
1782641594914,0,0,0,122.51
1782641594914,1,0,0,117.95
1782641594914,2,0,0,113.68
1782641594914,3,0,0,118.63
1782641594914,4,0,0,73.15
1782641594914,5,0,0,71.99
1782641594914,6,0,0,68.23
1782641594914,7,0,0,71.75
1782641595147,0,0,0,122.52
1782641595147,1,0,0,117.97
1782641595147,2,0,0,113.70
1782641595147,3,0,0,118.76
1782641595147,4,0,0,73.13
1782641595147,5,0,0,71.96
1782641595147,6,0,0,68.16
1782641595147,7,0,0,71.74
1782641595382,0,0,0,122.51
1782641595382,1,0,0,117.96
1782641595382,2,0,0,113.72
1782641595382,3,0,0,118.78
1782641595382,4,0,0,73.14
1782641595382,5,0,0,71.96
1782641595382,6,0,0,68.24
1782641595382,7,0,0,71.73
1782641595616,0,0,0,122.48
1782641595616,1,0,0,117.93
1782641595616,2,0,0,113.72
1782641595616,3,0,0,118.79
1782641595616,4,0,0,73.13
1782641595616,5,0,0,71.90
1782641595616,6,0,0,68.25
1782641595616,7,0,0,71.74
1782641595850,0,0,0,122.49
1782641595850,1,0,0,117.93
1782641595850,2,0,0,113.70
1782641595850,3,0,0,118.76
1782641595850,4,0,0,73.15
1782641595850,5,0,0,71.88
1782641595850,6,0,0,68.15
1782641595850,7,0,0,71.72
1782641596084,0,0,0,122.48
1782641596084,1,0,0,117.93
1782641596084,2,0,0,113.72
1782641596084,3,0,0,118.78
1782641596084,4,0,0,73.16
1782641596084,5,0,0,71.91
1782641596084,6,0,0,68.22
1782641596084,7,0,0,71.73
1782641596318,0,0,0,122.49
1782641596318,1,0,0,117.93
1782641596318,2,0,0,113.70
1782641596318,3,0,0,118.78
1782641596318,4,0,0,73.17
1782641596318,5,0,0,71.90
1782641596318,6,0,0,68.14
1782641596318,7,0,0,71.72
1782641596553,0,0,0,122.51
1782641596553,1,0,0,117.93
1782641596553,2,0,0,113.69
1782641596553,3,0,0,118.77
1782641596553,4,0,0,73.17
1782641596553,5,0,0,71.88
1782641596553,6,0,0,68.30
1782641596553,7,0,0,71.72
1782641596787,0,0,0,122.55
1782641596787,1,0,0,117.94
1782641596787,2,0,0,113.70
1782641596787,3,0,0,118.79
1782641596787,4,0,0,73.16
1782641596787,5,0,0,71.91
1782641596787,6,0,0,68.14
1782641596787,7,0,0,71.72
1782641597021,0,0,0,122.57
1782641597021,1,0,0,117.95
1782641597021,2,0,0,113.68
1782641597021,3,0,0,118.78
1782641597021,4,0,0,73.17
1782641597021,5,0,0,71.89
1782641597021,6,0,0,68.25
1782641597021,7,0,0,71.70
1782641597253,0,0,0,122.55
1782641597253,1,0,0,117.95
1782641597253,2,0,0,113.68
1782641597253,3,0,0,118.79
1782641597253,4,0,0,73.16
1782641597253,5,0,0,71.87
1782641597253,6,0,0,68.18
1782641597253,7,0,0,71.72
1782641597485,0,0,0,122.52
1782641597485,1,0,0,118.00
1782641597485,2,0,0,113.70
1782641597485,3,0,0,118.81
1782641597485,4,0,0,73.14
1782641597485,5,0,0,71.93
1782641597485,6,0,0,68.25
1782641597485,7,0,0,71.70
1782641597720,0,0,0,122.49
1782641597720,1,0,0,117.99
1782641597720,2,0,0,113.68
1782641597720,3,0,0,118.81
1782641597720,4,0,0,73.14
1782641597720,5,0,0,71.93
1782641597720,6,0,0,68.28
1782641597720,7,0,0,71.69
1782641597995,0,0,0,122.54
1782641597995,1,0,0,118.06
1782641597995,2,0,0,113.71
1782641597995,3,0,0,118.85
1782641597995,4,0,0,73.16
1782641597995,5,0,0,71.96
1782641597995,6,0,0,68.30
1782641597995,7,0,0,71.71
1782641598443,0,0,0,122.57
1782641598443,1,0,0,118.05
1782641598443,2,0,0,113.69
1782641598443,3,0,0,118.87
1782641598443,4,0,0,73.17
1782641598443,5,0,0,71.94
1782641598443,6,0,0,68.18
1782641598443,7,0,0,71.72
1782641598677,0,0,0,122.60
1782641598677,1,0,0,118.04
1782641598677,2,0,0,113.70
1782641598677,3,0,0,118.85
1782641598677,4,0,0,73.16
1782641598677,5,0,0,71.92
1782641598677,6,0,0,68.32
1782641598677,7,0,0,71.72
1782641598911,0,0,0,122.61
1782641598911,1,0,0,118.04
1782641598911,2,0,0,113.71
1782641598911,3,0,0,118.84
1782641598911,4,0,0,73.17
1782641598911,5,0,0,71.97
1782641598911,6,0,0,68.17
1782641598911,7,0,0,71.74
1782641599145,0,0,0,122.62
1782641599145,1,0,0,118.06
1782641599145,2,0,0,113.72
1782641599145,3,0,0,118.83
1782641599145,4,0,0,73.16
1782641599145,5,0,0,71.98
1782641599145,6,0,0,68.21
1782641599145,7,0,0,71.76
1782641599378,0,0,0,122.64
1782641599378,1,0,0,118.06
1782641599378,2,0,0,113.72
1782641599378,3,0,0,118.82
1782641599378,4,0,0,73.15
1782641599378,5,0,0,71.93
1782641599378,6,0,0,68.19
1782641599378,7,0,0,71.75
1782641599612,0,0,0,122.63
1782641599612,1,0,0,118.07
1782641599612,2,0,0,113.73
1782641599612,3,0,0,118.81
1782641599612,4,0,0,73.12
1782641599612,5,0,0,71.98
1782641599612,6,0,0,68.21
1782641599612,7,0,0,71.74
1782641599854,0,0,0,122.64
1782641599854,1,0,0,118.07
1782641599854,2,0,0,113.75
1782641599854,3,0,0,118.81
1782641599854,4,0,0,73.12
1782641599854,5,0,0,71.97
1782641599854,6,0,0,68.26
1782641599854,7,0,0,71.73
1782641600141,0,0,0,122.67
1782641600141,1,0,0,118.09
1782641600141,2,0,0,113.74
1782641600141,3,0,0,118.81
1782641600141,4,0,0,73.12
1782641600141,5,0,0,71.96
1782641600141,6,0,0,68.15
1782641600141,7,0,0,71.74
1782641600420,0,0,0,122.66
1782641600420,1,0,0,118.10
1782641600420,2,0,0,113.76
1782641600420,3,0,0,118.80
1782641600420,4,0,0,73.14
1782641600420,5,0,0,71.96
1782641600420,6,0,0,68.24
1782641600420,7,0,0,71.73
1782641600652,0,0,0,122.65
1782641600652,1,0,0,118.12
1782641600652,2,0,0,113.75
1782641600652,3,0,0,118.81
1782641600652,4,0,0,73.14
1782641600652,5,0,0,71.98
1782641600652,6,0,0,68.22
1782641600652,7,0,0,71.74
1782641600885,0,0,0,122.63
1782641600885,1,0,0,118.08
1782641600885,2,0,0,113.74
1782641600885,3,0,0,118.83
1782641600885,4,0,0,73.15
1782641600885,5,0,0,71.96
1782641600885,6,0,0,68.17
1782641600885,7,0,0,71.75
1782641601118,0,0,0,122.59
1782641601118,1,0,0,118.05
1782641601118,2,0,0,113.76
1782641601118,3,0,0,118.83
1782641601118,4,0,0,73.13
1782641601118,5,0,0,71.93
1782641601118,6,0,0,68.23
1782641601118,7,0,0,71.74
1782641601352,0,0,0,122.62
1782641601352,1,0,0,118.06
1782641601352,2,0,0,113.74
1782641601352,3,0,0,118.82
1782641601352,4,0,0,73.15
1782641601352,5,0,0,71.95
1782641601352,6,0,0,68.15
1782641601352,7,0,0,71.75
1782641601586,0,0,0,122.61
1782641601586,1,0,0,118.03
1782641601586,2,0,0,113.76
1782641601586,3,0,0,118.82
1782641601586,4,0,0,73.14
1782641601586,5,0,0,71.93
1782641601586,6,0,0,68.31
1782641601586,7,0,0,71.73
1782641601819,0,0,0,122.63
1782641601819,1,0,0,118.05
1782641601819,2,0,0,113.76
1782641601819,3,0,0,118.82
1782641601819,4,0,0,73.15
1782641601819,5,0,0,71.91
1782641601819,6,0,0,68.14
1782641601819,7,0,0,71.71
1782641602053,0,0,0,122.62
1782641602053,1,0,0,118.03
1782641602053,2,0,0,113.79
1782641602053,3,0,0,118.83
1782641602053,4,0,0,73.14
1782641602053,5,0,0,71.92
1782641602053,6,0,0,68.24
1782641602053,7,0,0,71.68
1782641602288,0,0,0,122.60
1782641602288,1,0,0,118.05
1782641602288,2,0,0,113.76
1782641602288,3,0,0,118.86
1782641602288,4,0,0,73.16
1782641602288,5,0,0,71.92
1782641602288,6,0,0,68.16
1782641602288,7,0,0,71.67
1782641602524,0,0,0,122.59
1782641602524,1,0,0,118.08
1782641602524,2,0,0,113.76
1782641602524,3,0,0,118.85
1782641602524,4,0,0,73.18
1782641602524,5,0,0,71.89
1782641602524,6,0,0,68.27
1782641602524,7,0,0,71.69
1782641602758,0,0,0,122.57
1782641602758,1,0,0,118.09
1782641602758,2,0,0,113.77
1782641602758,3,0,0,118.85
1782641602758,4,0,0,73.15
1782641602758,5,0,0,71.94
1782641602758,6,0,0,68.29
1782641602758,7,0,0,71.68
1782641602992,0,0,0,122.61
1782641602992,1,0,0,118.11
1782641602992,2,0,0,113.76
1782641602992,3,0,0,118.88
1782641602992,4,0,0,73.16
1782641602992,5,0,0,71.94
1782641602992,6,0,0,68.17
1782641602992,7,0,0,71.71
1782641603269,0,0,0,122.64
1782641603269,1,0,0,118.09
1782641603269,2,0,0,113.79
1782641603269,3,0,0,118.88
1782641603269,4,0,0,73.13
1782641603269,5,0,0,71.93
1782641603269,6,0,0,68.34
1782641603269,7,0,0,71.70
1782641603545,0,0,0,122.65
1782641603545,1,0,0,118.06
1782641603545,2,0,0,113.80
1782641603545,3,0,0,118.88
1782641603545,4,0,0,73.13
1782641603545,5,0,0,71.93
1782641603545,6,0,0,68.23
1782641603545,7,0,0,71.72
1782641603781,0,0,0,122.68
1782641603781,1,0,0,118.05
1782641603781,2,0,0,113.78
1782641603781,3,0,0,118.90
1782641603781,4,0,0,73.16
1782641603781,5,0,0,71.95
1782641603781,6,0,0,68.24
1782641603781,7,0,0,71.72
1782641604017,0,0,0,122.69
1782641604017,1,0,0,118.07
1782641604017,2,0,0,113.79
1782641604017,3,0,0,118.90
1782641604017,4,0,0,73.15
1782641604017,5,0,0,71.93
1782641604017,6,0,0,68.22
1782641604017,7,0,0,71.72
1782641604253,0,0,0,122.69
1782641604253,1,0,0,118.06
1782641604253,2,0,0,113.78
1782641604253,3,0,0,118.89
1782641604253,4,0,0,73.16
1782641604253,5,0,0,71.93
1782641604253,6,0,0,68.17
1782641604253,7,0,0,71.74
1782641604487,0,0,0,122.71
1782641604487,1,0,0,118.08
1782641604487,2,0,0,113.76
1782641604487,3,0,0,118.93
1782641604487,4,0,0,73.16
1782641604487,5,0,0,71.98
1782641604487,6,0,0,68.29
1782641604487,7,0,0,71.73
1782641604721,0,0,0,122.70
1782641604721,1,0,0,118.12
1782641604721,2,0,0,113.77
1782641604721,3,0,0,118.93
1782641604721,4,0,0,73.16
1782641604721,5,0,0,71.96
1782641604721,6,0,0,68.16
1782641604721,7,0,0,71.74
1782641604955,0,0,0,122.73
1782641604955,1,0,0,118.13
1782641604955,2,0,0,113.76
1782641604955,3,0,0,118.96
1782641604955,4,0,0,73.13
1782641604955,5,0,0,71.97
1782641604955,6,0,0,68.31
1782641604955,7,0,0,71.73
1782641605191,0,0,0,122.73
1782641605191,1,0,0,118.14
1782641605191,2,0,0,113.78
1782641605191,3,0,0,118.94
1782641605191,4,0,0,73.14
1782641605191,5,0,0,72.01
1782641605191,6,0,0,68.28
1782641605191,7,0,0,71.75
1782641605465,0,0,0,122.72
1782641605465,1,0,0,118.15
1782641605465,2,0,0,113.79
1782641605465,3,0,0,118.93
1782641605465,4,0,0,73.11
1782641605465,5,0,0,72.00
1782641605465,6,0,0,68.18
1782641605465,7,0,0,71.76
1782641605746,0,0,0,122.73
1782641605746,1,0,0,118.22
1782641605746,2,0,0,113.83
1782641605746,3,0,0,118.92
1782641605746,4,0,0,73.14
1782641605746,5,0,0,71.94
1782641605746,6,0,0,68.13
1782641605746,7,0,0,71.76
1782641606682,0,0,0,122.75
1782641606682,1,0,0,118.12
1782641606682,2,0,0,113.86
1782641606682,3,0,0,118.97
1782641606682,4,0,0,73.12
1782641606682,5,0,0,71.94
1782641606682,6,0,0,68.27
1782641606682,7,0,0,71.75
1782641607691,0,0,0,122.75
1782641607691,1,0,0,118.11
1782641607691,2,0,0,113.87
1782641607691,3,0,0,118.94
1782641607691,4,0,0,73.14
1782641607691,5,0,0,71.97
1782641607691,6,0,0,68.14
1782641607691,7,0,0,71.73
1782641607927,0,0,0,122.76
1782641607927,1,0,0,118.10
1782641607927,2,0,0,113.88
1782641607927,3,0,0,118.96
1782641607927,4,0,0,73.12
1782641607927,5,0,0,71.93
1782641607927,6,0,0,68.28
1782641607927,7,0,0,71.73
1782641608161,0,0,0,122.76
1782641608161,1,0,0,118.12
1782641608161,2,0,0,113.87
1782641608161,3,0,0,118.95
1782641608161,4,0,0,73.14
1782641608161,5,0,0,71.91
1782641608161,6,0,0,68.21
1782641608161,7,0,0,71.73
1782641608397,0,0,0,122.78
1782641608397,1,0,0,118.13
1782641608397,2,0,0,113.86
1782641608397,3,0,0,118.93
1782641608397,4,0,0,73.15
1782641608397,5,0,0,71.92
1782641608397,6,0,0,68.25
1782641608397,7,0,0,71.73
1782641608632,0,0,0,122.79
1782641608632,1,0,0,118.12
1782641608632,2,0,0,113.89
1782641608632,3,0,0,118.94
1782641608632,4,0,0,73.13
1782641608632,5,0,0,71.91
1782641608632,6,0,0,68.28
1782641608632,7,0,0,71.73
1782641608868,0,0,0,122.80
1782641608868,1,0,0,118.16
1782641608868,2,0,0,113.88
1782641608868,3,0,0,118.96
1782641608868,4,0,0,73.15
1782641608868,5,0,0,71.93
1782641608868,6,0,0,68.15
1782641608868,7,0,0,71.73
1782641609502,0,0,0,122.79
1782641609502,1,0,0,118.19
1782641609502,2,0,0,113.84
1782641609502,3,0,0,119.02
1782641609502,4,0,0,73.18
1782641609502,5,0,0,71.99
1782641609502,6,0,0,68.21
1782641609502,7,0,0,71.72
1782641609931,0,0,0,122.77
1782641609931,1,0,0,118.20
1782641609931,2,0,0,113.84
1782641609931,3,0,0,119.01
1782641609931,4,0,0,73.18
1782641609931,5,0,0,71.98
1782641609931,6,0,0,68.35
1782641609931,7,0,0,71.70
1782641610167,0,0,0,122.78
1782641610167,1,0,0,118.19
1782641610167,2,0,0,113.84
1782641610167,3,0,0,119.02
1782641610167,4,0,0,73.18
1782641610167,5,0,0,71.96
1782641610167,6,0,0,68.18
1782641610167,7,0,0,71.72
1782641610402,0,0,0,122.84
1782641610402,1,0,0,118.18
1782641610402,2,0,0,113.81
1782641610402,3,0,0,118.98
1782641610402,4,0,0,73.18
1782641610402,5,0,0,71.97
1782641610402,6,0,0,68.35
1782641610402,7,0,0,71.70
1782641610638,0,0,0,122.83
1782641610638,1,0,0,118.19
1782641610638,2,0,0,113.82
1782641610638,3,0,0,118.97
1782641610638,4,0,0,73.16
1782641610638,5,0,0,71.97
1782641610638,6,0,0,68.24
1782641610638,7,0,0,71.71
1782641610871,0,0,0,122.86
1782641610871,1,0,0,118.20
1782641610871,2,0,0,113.81
1782641610871,3,0,0,119.00
1782641610871,4,0,0,73.15
1782641610871,5,0,0,71.95
1782641610871,6,0,0,68.24
1782641610871,7,0,0,71.74
1782641611104,0,0,0,122.87
1782641611104,1,0,0,118.20
1782641611104,2,0,0,113.81
1782641611104,3,0,0,119.00
1782641611104,4,0,0,73.12
1782641611104,5,0,0,72.00
1782641611104,6,0,0,68.21
1782641611104,7,0,0,71.73
1782641611336,0,0,0,122.85
1782641611336,1,0,0,118.20
1782641611336,2,0,0,113.81
1782641611336,3,0,0,119.00
1782641611336,4,0,0,73.11
1782641611336,5,0,0,71.98
1782641611336,6,0,0,68.15
1782641611336,7,0,0,71.74
1782641611567,0,0,0,122.85
1782641611567,1,0,0,118.21
1782641611567,2,0,0,113.84
1782641611567,3,0,0,119.03
1782641611567,4,0,0,73.11
1782641611567,5,0,0,72.00
1782641611567,6,0,0,68.27
1782641611567,7,0,0,71.75
1782641611835,0,0,0,122.85
1782641611835,1,0,0,118.22
1782641611835,2,0,0,113.86
1782641611835,3,0,0,119.01
1782641611835,4,0,0,73.10
1782641611835,5,0,0,71.99
1782641611835,6,0,0,68.23
1782641611835,7,0,0,71.77
1782641612204,0,0,0,122.89
1782641612204,1,0,0,118.28
1782641612204,2,0,0,113.90
1782641612204,3,0,0,118.99
1782641612204,4,0,0,73.09
1782641612204,5,0,0,71.98
1782641612204,6,0,0,68.28
1782641612204,7,0,0,71.77
1782641612735,0,0,0,122.89
1782641612735,1,0,0,118.25
1782641612735,2,0,0,113.93
1782641612735,3,0,0,118.97
1782641612735,4,0,0,73.10
1782641612735,5,0,0,72.03
1782641612735,6,0,0,68.22
1782641612735,7,0,0,71.76
1782641613217,0,0,0,122.88
1782641613217,1,0,0,118.17
1782641613217,2,0,0,113.93
1782641613217,3,0,0,119.00
1782641613217,4,0,0,73.14
1782641613217,5,0,0,71.96
1782641613217,6,0,0,68.13
1782641613217,7,0,0,71.74
1782641614244,0,0,0,122.82
1782641614244,1,0,0,118.25
1782641614244,2,0,0,113.93
1782641614244,3,0,0,119.02
1782641614244,4,0,0,73.17
1782641614244,5,0,0,71.94
1782641614244,6,0,0,68.30
1782641614244,7,0,0,71.74
1782641615171,0,0,0,122.90
1782641615171,1,0,0,118.24
1782641615171,2,0,0,113.92
1782641615171,3,0,0,119.01
1782641615171,4,0,0,73.16
1782641615171,5,0,0,71.93
1782641615171,6,0,0,68.21
1782641615171,7,0,0,71.77
1782641615407,0,0,0,122.89
1782641615407,1,0,0,118.23
1782641615407,2,0,0,113.91
1782641615407,3,0,0,119.03
1782641615407,4,0,0,73.14
1782641615407,5,0,0,71.93
1782641615407,6,0,0,68.35
1782641615407,7,0,0,71.75
1782641615641,0,0,0,122.94
1782641615641,1,0,0,118.23
1782641615641,2,0,0,113.89
1782641615641,3,0,0,119.03
1782641615641,4,0,0,73.15
1782641615641,5,0,0,71.94
1782641615641,6,0,0,68.19
1782641615641,7,0,0,71.75
1782641615874,0,0,0,122.94
1782641615874,1,0,0,118.26
1782641615874,2,0,0,113.86
1782641615874,3,0,0,119.03
1782641615874,4,0,0,73.15
1782641615874,5,0,0,71.95
1782641615874,6,0,0,68.27
1782641615874,7,0,0,71.77
1782641616108,0,0,0,122.94
1782641616108,1,0,0,118.25
1782641616108,2,0,0,113.86
1782641616108,3,0,0,119.04
1782641616108,4,0,0,73.17
1782641616108,5,0,0,71.94
1782641616108,6,0,0,68.22
1782641616108,7,0,0,71.75
1782641616341,0,0,0,122.93
1782641616341,1,0,0,118.24
1782641616341,2,0,0,113.86
1782641616341,3,0,0,119.02
1782641616341,4,0,0,73.18
1782641616341,5,0,0,71.93
1782641616341,6,0,0,68.31
1782641616341,7,0,0,71.75
1782641616575,0,0,0,122.91
1782641616575,1,0,0,118.26
1782641616575,2,0,0,113.88
1782641616575,3,0,0,119.04
1782641616575,4,0,0,73.18
1782641616575,5,0,0,71.94
1782641616575,6,0,0,68.32
1782641616575,7,0,0,71.74
1782641616808,0,0,0,122.91
1782641616808,1,0,0,118.25
1782641616808,2,0,0,113.90
1782641616808,3,0,0,119.07
1782641616808,4,0,0,73.17
1782641616808,5,0,0,71.96
1782641616808,6,0,0,68.20
1782641616808,7,0,0,71.75
1782641617041,0,0,0,122.93
1782641617041,1,0,0,118.26
1782641617041,2,0,0,113.90
1782641617041,3,0,0,119.06
1782641617041,4,0,0,73.14
1782641617041,5,0,0,71.98
1782641617041,6,0,0,68.27
1782641617041,7,0,0,71.75
1782641617274,0,0,0,122.93
1782641617274,1,0,0,118.24
1782641617274,2,0,0,113.91
1782641617274,3,0,0,119.07
1782641617274,4,0,0,73.11
1782641617274,5,0,0,72.00
1782641617274,6,0,0,68.14
1782641617274,7,0,0,71.73
1782641617510,0,0,0,122.96
1782641617510,1,0,0,118.27
1782641617510,2,0,0,113.93
1782641617510,3,0,0,119.07
1782641617510,4,0,0,73.10
1782641617510,5,0,0,71.98
1782641617510,6,0,0,68.29
1782641617510,7,0,0,71.73
1782641617744,0,0,0,122.96
1782641617744,1,0,0,118.30
1782641617744,2,0,0,113.93
1782641617744,3,0,0,119.05
1782641617744,4,0,0,73.10
1782641617744,5,0,0,71.96
1782641617744,6,0,0,68.14
1782641617744,7,0,0,71.74
1782641617976,0,0,0,122.97
1782641617976,1,0,0,118.29
1782641617976,2,0,0,113.93
1782641617976,3,0,0,119.06
1782641617976,4,0,0,73.11
1782641617976,5,0,0,71.96
1782641617976,6,0,0,68.25
1782641617976,7,0,0,71.74
1782641618261,0,0,0,122.95
1782641618261,1,0,0,118.28
1782641618261,2,0,0,113.94
1782641618261,3,0,0,119.04
1782641618261,4,0,0,73.13
1782641618261,5,0,0,71.98
1782641618261,6,0,0,68.32
1782641618261,7,0,0,71.75
1782641618497,0,0,0,122.94
1782641618497,1,0,0,118.28
1782641618497,2,0,0,113.93
1782641618497,3,0,0,119.01
1782641618497,4,0,0,73.14
1782641618497,5,0,0,72.02
1782641618497,6,0,0,68.17
1782641618497,7,0,0,71.77
1782641618731,0,0,0,122.94
1782641618731,1,0,0,118.28
1782641618731,2,0,0,113.93
1782641618731,3,0,0,119.02
1782641618731,4,0,0,73.13
1782641618731,5,0,0,71.99
1782641618731,6,0,0,68.28
1782641618731,7,0,0,71.79
1782641618966,0,0,0,122.93
1782641618966,1,0,0,118.30
1782641618966,2,0,0,113.96
1782641618966,3,0,0,119.00
1782641618966,4,0,0,73.12
1782641618966,5,0,0,72.00
1782641618966,6,0,0,68.14
1782641618966,7,0,0,71.77
1782641619201,0,0,0,122.96
1782641619201,1,0,0,118.30
1782641619201,2,0,0,113.95
1782641619201,3,0,0,119.01
1782641619201,4,0,0,73.12
1782641619201,5,0,0,71.97
1782641619201,6,0,0,68.26
1782641619201,7,0,0,71.77
1782641619436,0,0,0,122.97
1782641619436,1,0,0,118.29
1782641619436,2,0,0,113.96
1782641619436,3,0,0,119.02
1782641619436,4,0,0,73.14
1782641619436,5,0,0,71.93
1782641619436,6,0,0,68.11
1782641619436,7,0,0,71.79
1782641619669,0,0,0,122.96
1782641619669,1,0,0,118.27
1782641619669,2,0,0,113.98
1782641619669,3,0,0,119.01
1782641619669,4,0,0,73.17
1782641619669,5,0,0,71.97
1782641619669,6,0,0,68.19
1782641619669,7,0,0,71.77
1782641619902,0,0,0,122.93
1782641619902,1,0,0,118.26
1782641619902,2,0,0,113.99
1782641619902,3,0,0,119.04
1782641619902,4,0,0,73.18
1782641619902,5,0,0,71.96
1782641619902,6,0,0,68.19
1782641619902,7,0,0,71.77
1782641620135,0,0,0,122.94
1782641620135,1,0,0,118.27
1782641620135,2,0,0,113.98
1782641620135,3,0,0,119.03
1782641620135,4,0,0,73.18
1782641620135,5,0,0,71.93
1782641620135,6,0,0,68.20
1782641620135,7,0,0,71.77
1782641620368,0,0,0,122.93
1782641620368,1,0,0,118.25
1782641620368,2,0,0,113.97
1782641620368,3,0,0,119.04
1782641620368,4,0,0,73.18
1782641620368,5,0,0,71.92
1782641620368,6,0,0,68.28
1782641620368,7,0,0,71.75
1782641620602,0,0,0,122.96
1782641620602,1,0,0,118.28
1782641620602,2,0,0,113.99
1782641620602,3,0,0,119.06
1782641620602,4,0,0,73.17
1782641620602,5,0,0,71.90
1782641620602,6,0,0,68.15
1782641620602,7,0,0,71.75
1782641620836,0,0,0,122.98
1782641620836,1,0,0,118.29
1782641620836,2,0,0,113.98
1782641620836,3,0,0,119.09
1782641620836,4,0,0,73.16
1782641620836,5,0,0,71.89
1782641620836,6,0,0,68.31
1782641620836,7,0,0,71.74
1782641621070,0,0,0,123.00
1782641621070,1,0,0,118.28
1782641621070,2,0,0,113.97
1782641621070,3,0,0,119.10
1782641621070,4,0,0,73.17
1782641621070,5,0,0,71.91
1782641621070,6,0,0,68.21
1782641621070,7,0,0,71.74
1782641621304,0,0,0,123.01
1782641621304,1,0,0,118.26
1782641621304,2,0,0,113.99
1782641621304,3,0,0,119.09
1782641621304,4,0,0,73.15
1782641621304,5,0,0,71.96
1782641621304,6,0,0,68.34
1782641621304,7,0,0,71.72
1782641621601,0,0,0,123.03
1782641621601,1,0,0,118.30
1782641621601,2,0,0,113.98
1782641621601,3,0,0,119.09
1782641621601,4,0,0,73.17
1782641621601,5,0,0,71.97
1782641621601,6,0,0,68.22
1782641621601,7,0,0,71.72
1782641622010,0,0,0,123.02
1782641622010,1,0,0,118.31
1782641622010,2,0,0,113.98
1782641622010,3,0,0,119.10
1782641622010,4,0,0,73.20
1782641622010,5,0,0,71.99
1782641622010,6,0,0,68.35
1782641622010,7,0,0,71.72
1782641622395,0,0,0,123.04
1782641622395,1,0,0,118.32
1782641622395,2,0,0,113.99
1782641622395,3,0,0,119.11
1782641622395,4,0,0,73.19
1782641622395,5,0,0,71.95
1782641622395,6,0,0,68.35
1782641622395,7,0,0,71.73
1782641622730,0,0,0,123.06
1782641622730,1,0,0,118.34
1782641622730,2,0,0,113.99
1782641622730,3,0,0,119.11
1782641622730,4,0,0,73.18
1782641622730,5,0,0,72.00
1782641622730,6,0,0,68.21
1782641622730,7,0,0,71.75
1782641622964,0,0,0,123.06
1782641622964,1,0,0,118.35
1782641622964,2,0,0,113.97
1782641622964,3,0,0,119.10
1782641622964,4,0,0,73.17
1782641622964,5,0,0,71.98
1782641622964,6,0,0,68.33
1782641622964,7,0,0,71.77
1782641623198,0,0,0,123.07
1782641623198,1,0,0,118.32
1782641623198,2,0,0,113.98
1782641623198,3,0,0,119.11
1782641623198,4,0,0,73.15
1782641623198,5,0,0,71.95
1782641623198,6,0,0,68.22
1782641623198,7,0,0,71.77
1782641623433,0,0,0,123.08
1782641623433,1,0,0,118.33
1782641623433,2,0,0,113.96
1782641623433,3,0,0,119.10
1782641623433,4,0,0,73.12
1782641623433,5,0,0,71.98
1782641623433,6,0,0,68.31
1782641623433,7,0,0,71.77
1782641623668,0,0,0,123.07
1782641623668,1,0,0,118.32
1782641623668,2,0,0,113.95
1782641623668,3,0,0,119.10
1782641623668,4,0,0,73.12
1782641623668,5,0,0,71.96
1782641623668,6,0,0,68.27
1782641623668,7,0,0,71.79
1782641623975,0,0,0,123.07
1782641623975,1,0,0,118.33
1782641623975,2,0,0,113.96
1782641623975,3,0,0,119.12
1782641623975,4,0,0,73.14
1782641623975,5,0,0,71.96
1782641623975,6,0,0,68.23
1782641623975,7,0,0,71.77
1782641624330,0,0,0,123.08
1782641624330,1,0,0,118.34
1782641624330,2,0,0,113.98
1782641624330,3,0,0,119.10
1782641624330,4,0,0,73.15
1782641624330,5,0,0,71.97
1782641624330,6,0,0,68.14
1782641624330,7,0,0,71.78
1782641624684,0,0,0,123.10
1782641624684,1,0,0,118.38
1782641624684,2,0,0,113.98
1782641624684,3,0,0,119.10
1782641624684,4,0,0,73.15
1782641624684,5,0,0,71.97
1782641624684,6,0,0,68.15
1782641624684,7,0,0,71.77
1782641625039,0,0,0,123.12
1782641625039,1,0,0,118.37
1782641625039,2,0,0,113.99
1782641625039,3,0,0,119.07
1782641625039,4,0,0,73.17
1782641625039,5,0,0,71.97
1782641625039,6,0,0,68.24
1782641625039,7,0,0,71.77
1782641625364,0,0,0,123.09
1782641625364,1,0,0,118.38
1782641625364,2,0,0,113.99
1782641625364,3,0,0,119.08
1782641625364,4,0,0,73.18
1782641625364,5,0,0,71.92
1782641625364,6,0,0,68.26
1782641625364,7,0,0,71.77
1782641625598,0,0,0,123.04
1782641625598,1,0,0,118.34
1782641625598,2,0,0,114.03
1782641625598,3,0,0,119.10
1782641625598,4,0,0,73.19
1782641625598,5,0,0,71.94
1782641625598,6,0,0,68.16
1782641625598,7,0,0,71.76
1782641625869,0,0,0,123.03
1782641625869,1,0,0,118.36
1782641625869,2,0,0,114.01
1782641625869,3,0,0,119.12
1782641625869,4,0,0,73.16
1782641625869,5,0,0,71.94
1782641625869,6,0,0,68.30
1782641625869,7,0,0,71.76
1782641626103,0,0,0,123.01
1782641626103,1,0,0,118.33
1782641626103,2,0,0,114.02
1782641626103,3,0,0,119.10
1782641626103,4,0,0,73.15
1782641626103,5,0,0,71.94
1782641626103,6,0,0,68.16
1782641626103,7,0,0,71.76
1782641626336,0,0,0,123.04
1782641626336,1,0,0,118.32
1782641626336,2,0,0,114.04
1782641626336,3,0,0,119.11
1782641626336,4,0,0,73.14
1782641626336,5,0,0,71.94
1782641626336,6,0,0,68.23
1782641626336,7,0,0,71.76
1782641626608,0,0,0,123.06
1782641626608,1,0,0,118.34
1782641626608,2,0,0,114.03
1782641626608,3,0,0,119.13
1782641626608,4,0,0,73.16
1782641626608,5,0,0,72.00
1782641626608,6,0,0,68.22
1782641626608,7,0,0,71.73
1782641626842,0,0,0,123.07
1782641626842,1,0,0,118.34
1782641626842,2,0,0,114.04
1782641626842,3,0,0,119.11
1782641626842,4,0,0,73.17
1782641626842,5,0,0,71.98
1782641626842,6,0,0,68.25
1782641626842,7,0,0,71.70
1782641627075,0,0,0,123.07
1782641627075,1,0,0,118.36
1782641627075,2,0,0,114.04
1782641627075,3,0,0,119.12
1782641627075,4,0,0,73.18
1782641627075,5,0,0,71.96
1782641627075,6,0,0,68.31
1782641627075,7,0,0,71.69
1782641627309,0,0,0,123.06
1782641627309,1,0,0,118.36
1782641627309,2,0,0,114.05
1782641627309,3,0,0,119.11
1782641627309,4,0,0,73.18
1782641627309,5,0,0,71.96
1782641627309,6,0,0,68.18
1782641627309,7,0,0,71.69
1782641627542,0,0,0,123.07
1782641627542,1,0,0,118.36
1782641627542,2,0,0,114.05
1782641627542,3,0,0,119.12
1782641627542,4,0,0,73.19
1782641627542,5,0,0,71.94
1782641627542,6,0,0,68.32
1782641627542,7,0,0,71.71
1782641627777,0,0,0,123.10
1782641627777,1,0,0,118.36
1782641627777,2,0,0,114.04
1782641627777,3,0,0,119.11
1782641627777,4,0,0,73.19
1782641627777,5,0,0,71.95
1782641627777,6,0,0,68.19
1782641627777,7,0,0,71.74
1782641628017,0,0,0,123.15
1782641628017,1,0,0,118.35
1782641628017,2,0,0,114.00
1782641628017,3,0,0,119.15
1782641628017,4,0,0,73.20
1782641628017,5,0,0,71.97
1782641628017,6,0,0,68.32
1782641628017,7,0,0,71.74
1782641628709,0,0,0,123.15
1782641628709,1,0,0,118.36
1782641628709,2,0,0,114.01
1782641628709,3,0,0,119.16
1782641628709,4,0,0,73.17
1782641628709,5,0,0,71.99
1782641628709,6,0,0,68.17
1782641628709,7,0,0,71.74
1782641629283,0,0,0,123.16
1782641629283,1,0,0,118.41
1782641629283,2,0,0,114.00
1782641629283,3,0,0,119.14
1782641629283,4,0,0,73.09
1782641629283,5,0,0,71.94
1782641629283,6,0,0,68.17
1782641629283,7,0,0,71.78
1782641630144,0,0,0,123.21
1782641630144,1,0,0,118.44
1782641630144,2,0,0,114.03
1782641630144,3,0,0,119.13
1782641630144,4,0,0,73.09
1782641630144,5,0,0,71.98
1782641630144,6,0,0,68.30
1782641630144,7,0,0,71.75
1782641630380,0,0,0,123.18
1782641630380,1,0,0,118.40
1782641630380,2,0,0,114.04
1782641630380,3,0,0,119.14
1782641630380,4,0,0,73.08
1782641630380,5,0,0,71.98
1782641630380,6,0,0,68.22
1782641630380,7,0,0,71.75
1782641630615,0,0,0,123.18
1782641630615,1,0,0,118.40
1782641630615,2,0,0,114.06
1782641630615,3,0,0,119.11
1782641630615,4,0,0,73.07
1782641630615,5,0,0,71.99
1782641630615,6,0,0,68.18
1782641630615,7,0,0,71.75
1782641630851,0,0,0,123.16
1782641630851,1,0,0,118.44
1782641630851,2,0,0,114.03
1782641630851,3,0,0,119.11
1782641630851,4,0,0,73.10
1782641630851,5,0,0,72.00
1782641630851,6,0,0,68.27
1782641630851,7,0,0,71.74
1782641631084,0,0,0,123.15
1782641631084,1,0,0,118.43
1782641631084,2,0,0,114.04
1782641631084,3,0,0,119.09
1782641631084,4,0,0,73.10
1782641631084,5,0,0,71.98
1782641631084,6,0,0,68.14
1782641631084,7,0,0,71.74
1782641631318,0,0,0,123.15
1782641631318,1,0,0,118.42
1782641631318,2,0,0,114.03
1782641631318,3,0,0,119.09
1782641631318,4,0,0,73.11
1782641631318,5,0,0,71.95
1782641631318,6,0,0,68.25
1782641631318,7,0,0,71.74
1782641631552,0,0,0,123.18
1782641631552,1,0,0,118.40
1782641631552,2,0,0,114.05
1782641631552,3,0,0,119.12
1782641631552,4,0,0,73.12
1782641631552,5,0,0,71.95
1782641631552,6,0,0,68.10
1782641631552,7,0,0,71.77
1782641631786,0,0,0,123.17
1782641631786,1,0,0,118.43
1782641631786,2,0,0,114.05
1782641631786,3,0,0,119.10
1782641631786,4,0,0,73.12
1782641631786,5,0,0,71.92
1782641631786,6,0,0,68.26
1782641631786,7,0,0,71.74
1782641632021,0,0,0,123.19
1782641632021,1,0,0,118.40
1782641632021,2,0,0,114.06
1782641632021,3,0,0,119.11
1782641632021,4,0,0,73.11
1782641632021,5,0,0,71.94
1782641632021,6,0,0,68.21
1782641632021,7,0,0,71.74
1782641632306,0,0,0,123.18
1782641632306,1,0,0,118.41
1782641632306,2,0,0,114.09
1782641632306,3,0,0,119.14
1782641632306,4,0,0,73.15
1782641632306,5,0,0,71.93
1782641632306,6,0,0,68.13
1782641632306,7,0,0,71.77
1782641632636,0,0,0,123.18
1782641632636,1,0,0,118.41
1782641632636,2,0,0,114.09
1782641632636,3,0,0,119.16
1782641632636,4,0,0,73.17
1782641632636,5,0,0,71.91
1782641632636,6,0,0,68.24
1782641632636,7,0,0,71.74
1782641632917,0,0,0,123.17
1782641632917,1,0,0,118.39
1782641632917,2,0,0,114.08
1782641632917,3,0,0,119.20
1782641632917,4,0,0,73.17
1782641632917,5,0,0,71.93
1782641632917,6,0,0,68.29
1782641632917,7,0,0,71.75
1782641633149,0,0,0,123.19
1782641633149,1,0,0,118.38
1782641633149,2,0,0,114.09
1782641633149,3,0,0,119.19
1782641633149,4,0,0,73.18
1782641633149,5,0,0,71.91
1782641633149,6,0,0,68.18
1782641633149,7,0,0,71.72
1782641633462,0,0,0,123.20
1782641633462,1,0,0,118.41
1782641633462,2,0,0,114.06
1782641633462,3,0,0,119.19
1782641633462,4,0,0,73.19
1782641633462,5,0,0,71.93
1782641633462,6,0,0,68.31
1782641633462,7,0,0,71.72
1782641633806,0,0,0,123.22
1782641633806,1,0,0,118.42
1782641633806,2,0,0,114.08
1782641633806,3,0,0,119.17
1782641633806,4,0,0,73.19
1782641633806,5,0,0,71.96
1782641633806,6,0,0,68.32
1782641633806,7,0,0,71.71
1782641634086,0,0,0,123.25
1782641634086,1,0,0,118.41
1782641634086,2,0,0,114.04
1782641634086,3,0,0,119.18
1782641634086,4,0,0,73.17
1782641634086,5,0,0,71.95
1782641634086,6,0,0,68.19
1782641634086,7,0,0,71.72
1782641634318,0,0,0,123.24
1782641634318,1,0,0,118.41
1782641634318,2,0,0,114.05
1782641634318,3,0,0,119.15
1782641634318,4,0,0,73.18
1782641634318,5,0,0,71.97
1782641634318,6,0,0,68.28
1782641634318,7,0,0,71.72
1782641634557,0,0,0,123.22
1782641634557,1,0,0,118.41
1782641634557,2,0,0,114.03
1782641634557,3,0,0,119.17
1782641634557,4,0,0,73.15
1782641634557,5,0,0,71.94
1782641634557,6,0,0,68.27
1782641634557,7,0,0,71.71
1782641634825,0,0,0,123.21
1782641634825,1,0,0,118.45
1782641634825,2,0,0,114.03
1782641634825,3,0,0,119.17
1782641634825,4,0,0,73.15
1782641634825,5,0,0,71.96
1782641634825,6,0,0,68.19
1782641634825,7,0,0,71.74
1782641635059,0,0,0,123.20
1782641635059,1,0,0,118.41
1782641635059,2,0,0,114.04
1782641635059,3,0,0,119.16
1782641635059,4,0,0,73.16
1782641635059,5,0,0,71.97
1782641635059,6,0,0,68.31
1782641635059,7,0,0,71.73
1782641635293,0,0,0,123.19
1782641635293,1,0,0,118.45
1782641635293,2,0,0,114.03
1782641635293,3,0,0,119.15
1782641635293,4,0,0,73.13
1782641635293,5,0,0,72.00
1782641635293,6,0,0,68.15
1782641635293,7,0,0,71.73
1782641635526,0,0,0,123.23
1782641635526,1,0,0,118.44
1782641635526,2,0,0,114.05
1782641635526,3,0,0,119.16
1782641635526,4,0,0,73.13
1782641635526,5,0,0,71.98
1782641635526,6,0,0,68.26
1782641635526,7,0,0,71.74
1782641635784,0,0,0,123.25
1782641635784,1,0,0,118.46
1782641635784,2,0,0,114.07
1782641635784,3,0,0,119.20
1782641635784,4,0,0,73.10
1782641635784,5,0,0,71.97
1782641635784,6,0,0,68.15
1782641635784,7,0,0,71.74
1782641636024,0,0,0,123.26
1782641636024,1,0,0,118.45
1782641636024,2,0,0,114.05
1782641636024,3,0,0,119.20
1782641636024,4,0,0,73.11
1782641636024,5,0,0,71.99
1782641636024,6,0,0,68.21
1782641636024,7,0,0,71.74
1782641636260,0,0,0,123.26
1782641636260,1,0,0,118.43
1782641636260,2,0,0,114.06
1782641636260,3,0,0,119.20
1782641636260,4,0,0,73.13
1782641636260,5,0,0,71.95
1782641636260,6,0,0,68.29
1782641636260,7,0,0,71.73
1782641636493,0,0,0,123.21
1782641636493,1,0,0,118.45
1782641636493,2,0,0,114.08
1782641636493,3,0,0,119.17
1782641636493,4,0,0,73.14
1782641636493,5,0,0,71.96
1782641636493,6,0,0,68.23
1782641636493,7,0,0,71.75
1782641636729,0,0,0,123.19
1782641636729,1,0,0,118.47
1782641636729,2,0,0,114.08
1782641636729,3,0,0,119.20
1782641636729,4,0,0,73.14
1782641636729,5,0,0,71.97
1782641636729,6,0,0,68.33
1782641636729,7,0,0,71.75
1782641636963,0,0,0,123.18
1782641636963,1,0,0,118.47
1782641636963,2,0,0,114.07
1782641636963,3,0,0,119.16
1782641636963,4,0,0,73.13
1782641636963,5,0,0,71.93
1782641636963,6,0,0,68.19
1782641636963,7,0,0,71.75
1782641637198,0,0,0,123.19
1782641637198,1,0,0,118.47
1782641637198,2,0,0,114.07
1782641637198,3,0,0,119.15
1782641637198,4,0,0,73.12
1782641637198,5,0,0,71.94
1782641637198,6,0,0,68.31
1782641637198,7,0,0,71.75
1782641637431,0,0,0,123.19
1782641637431,1,0,0,118.46
1782641637431,2,0,0,114.08
1782641637431,3,0,0,119.14
1782641637431,4,0,0,73.14
1782641637431,5,0,0,71.97
1782641637431,6,0,0,68.19
1782641637431,7,0,0,71.75
1782641637666,0,0,0,123.23
1782641637666,1,0,0,118.46
1782641637666,2,0,0,114.08
1782641637666,3,0,0,119.15
1782641637666,4,0,0,73.13
1782641637666,5,0,0,71.93
1782641637666,6,0,0,68.24
1782641637666,7,0,0,71.77
1782641637899,0,0,0,123.22
1782641637899,1,0,0,118.45
1782641637899,2,0,0,114.10
1782641637899,3,0,0,119.17
1782641637899,4,0,0,73.15
1782641637899,5,0,0,71.96
1782641637899,6,0,0,68.16
1782641637899,7,0,0,71.75
1782641638132,0,0,0,123.20
1782641638132,1,0,0,118.39
1782641638132,2,0,0,114.13
1782641638132,3,0,0,119.15
1782641638132,4,0,0,73.18
1782641638132,5,0,0,71.94
1782641638132,6,0,0,68.16
1782641638132,7,0,0,71.74
1782641638376,0,0,0,123.22
1782641638376,1,0,0,118.40
1782641638376,2,0,0,114.13
1782641638376,3,0,0,119.15
1782641638376,4,0,0,73.18
1782641638376,5,0,0,71.92
1782641638376,6,0,0,68.24
1782641638376,7,0,0,71.72
1782641638610,0,0,0,123.22
1782641638610,1,0,0,118.41
1782641638610,2,0,0,114.14
1782641638610,3,0,0,119.14
1782641638610,4,0,0,73.19
1782641638610,5,0,0,71.91
1782641638610,6,0,0,68.20
1782641638610,7,0,0,71.71
1782641638844,0,0,0,123.23
1782641638844,1,0,0,118.42
1782641638844,2,0,0,114.15
1782641638844,3,0,0,119.14
1782641638844,4,0,0,73.15
1782641638844,5,0,0,71.94
1782641638844,6,0,0,68.29
1782641638844,7,0,0,71.71
1782641639077,0,0,0,123.23
1782641639077,1,0,0,118.41
1782641639077,2,0,0,114.14
1782641639077,3,0,0,119.16
1782641639077,4,0,0,73.17
1782641639077,5,0,0,71.94
1782641639077,6,0,0,68.16
1782641639077,7,0,0,71.72
1782641639311,0,0,0,123.28
1782641639311,1,0,0,118.43
1782641639311,2,0,0,114.15
1782641639311,3,0,0,119.16
1782641639311,4,0,0,73.15
1782641639311,5,0,0,71.93
1782641639311,6,0,0,68.25
1782641639311,7,0,0,71.72
1782641639559,0,0,0,123.27
1782641639559,1,0,0,118.43
1782641639559,2,0,0,114.14
1782641639559,3,0,0,119.16
1782641639559,4,0,0,73.17
1782641639559,5,0,0,71.97
1782641639559,6,0,0,68.19
1782641639559,7,0,0,71.72
1782641639791,0,0,0,123.26
1782641639791,1,0,0,118.44
1782641639791,2,0,0,114.15
1782641639791,3,0,0,119.19
1782641639791,4,0,0,73.19
1782641639791,5,0,0,71.96
1782641639791,6,0,0,68.28
1782641639791,7,0,0,71.74
1782641640023,0,0,0,123.25
1782641640023,1,0,0,118.43
1782641640023,2,0,0,114.17
1782641640023,3,0,0,119.21
1782641640023,4,0,0,73.20
1782641640023,5,0,0,71.92
1782641640023,6,0,0,68.29
1782641640023,7,0,0,71.72
1782641640256,0,0,0,123.23
1782641640256,1,0,0,118.44
1782641640256,2,0,0,114.18
1782641640256,3,0,0,119.21
1782641640256,4,0,0,73.21
1782641640256,5,0,0,71.98
1782641640256,6,0,0,68.21
1782641640256,7,0,0,71.74
1782641640493,0,0,0,123.22
1782641640493,1,0,0,118.46
1782641640493,2,0,0,114.15
1782641640493,3,0,0,119.21
1782641640493,4,0,0,73.21
1782641640493,5,0,0,71.96
1782641640493,6,0,0,68.27
1782641640493,7,0,0,71.74
1782641640728,0,0,0,123.25
1782641640728,1,0,0,118.46
1782641640728,2,0,0,114.15
1782641640728,3,0,0,119.21
1782641640728,4,0,0,73.16
1782641640728,5,0,0,71.96
1782641640728,6,0,0,68.18
1782641640728,7,0,0,71.74
1782641640962,0,0,0,123.24
1782641640962,1,0,0,118.45
1782641640962,2,0,0,114.12
1782641640962,3,0,0,119.21
1782641640962,4,0,0,73.17
1782641640962,5,0,0,72.00
1782641640962,6,0,0,68.35
1782641640962,7,0,0,71.75
1782641641236,0,0,0,123.30
1782641641236,1,0,0,118.46
1782641641236,2,0,0,114.10
1782641641236,3,0,0,119.24
1782641641236,4,0,0,73.13
1782641641236,5,0,0,71.98
1782641641236,6,0,0,68.25
1782641641236,7,0,0,71.75
1782641641471,0,0,0,123.30
1782641641471,1,0,0,118.49
1782641641471,2,0,0,114.11
1782641641471,3,0,0,119.23
1782641641471,4,0,0,73.12
1782641641471,5,0,0,71.96
1782641641471,6,0,0,68.29
1782641641471,7,0,0,71.76
1782641641705,0,0,0,123.30
1782641641705,1,0,0,118.49
1782641641705,2,0,0,114.10
1782641641705,3,0,0,119.24
1782641641705,4,0,0,73.12
1782641641705,5,0,0,72.00
1782641641705,6,0,0,68.24
1782641641705,7,0,0,71.75
1782641641939,0,0,0,123.31
1782641641939,1,0,0,118.49
1782641641939,2,0,0,114.11
1782641641939,3,0,0,119.25
1782641641939,4,0,0,73.12
1782641641939,5,0,0,71.98
1782641641939,6,0,0,68.20
1782641641939,7,0,0,71.76
1782641642172,0,0,0,123.26
1782641642172,1,0,0,118.51
1782641642172,2,0,0,114.10
1782641642172,3,0,0,119.22
1782641642172,4,0,0,73.12
1782641642172,5,0,0,71.94
1782641642172,6,0,0,68.32
1782641642172,7,0,0,71.75
1782641642404,0,0,0,123.28
1782641642404,1,0,0,118.51
1782641642404,2,0,0,114.11
1782641642404,3,0,0,119.22
1782641642404,4,0,0,73.12
1782641642404,5,0,0,71.99
1782641642404,6,0,0,68.20
1782641642404,7,0,0,71.75
1782641642637,0,0,0,123.31
1782641642637,1,0,0,118.51
1782641642637,2,0,0,114.11
1782641642637,3,0,0,119.19
1782641642637,4,0,0,73.12
1782641642637,5,0,0,71.96
1782641642637,6,0,0,68.30
1782641642637,7,0,0,71.76
1782641642907,0,0,0,123.32
1782641642907,1,0,0,118.50
1782641642907,2,0,0,114.13
1782641642907,3,0,0,119.17
1782641642907,4,0,0,73.13
1782641642907,5,0,0,71.93
1782641642907,6,0,0,68.16
1782641642907,7,0,0,71.75
1782641643140,0,0,0,123.37
1782641643140,1,0,0,118.47
1782641643140,2,0,0,114.14
1782641643140,3,0,0,119.19
1782641643140,4,0,0,73.12
1782641643140,5,0,0,71.93
1782641643140,6,0,0,68.22
1782641643140,7,0,0,71.77
1782641643378,0,0,0,123.37
1782641643378,1,0,0,118.50
1782641643378,2,0,0,114.14
1782641643378,3,0,0,119.17
1782641643378,4,0,0,73.12
1782641643378,5,0,0,71.95
1782641643378,6,0,0,68.20
1782641643378,7,0,0,71.76
1782641643633,0,0,0,123.36
1782641643633,1,0,0,118.49
1782641643633,2,0,0,114.17
1782641643633,3,0,0,119.18
1782641643633,4,0,0,73.12
1782641643633,5,0,0,71.94
1782641643633,6,0,0,68.13
1782641643633,7,0,0,71.75
1782641643867,0,0,0,123.34
1782641643867,1,0,0,118.47
1782641643867,2,0,0,114.08
1782641643867,3,0,0,119.18
1782641643867,4,0,0,73.12
1782641643867,5,0,0,71.92
1782641643867,6,0,0,68.24
1782641643867,7,0,0,71.75
1782641644100,0,0,0,123.34
1782641644100,1,0,0,118.46
1782641644100,2,0,0,113.90
1782641644100,3,0,0,119.20
1782641644100,4,0,0,73.14
1782641644100,5,0,0,71.93
1782641644100,6,0,0,68.15
1782641644100,7,0,0,71.74
1782641644407,0,0,0,123.31
1782641644407,1,0,0,118.45
1782641644407,2,0,0,113.75
1782641644407,3,0,0,119.21
1782641644407,4,0,0,73.17
1782641644407,5,0,0,71.92
1782641644407,6,0,0,68.26
1782641644407,7,0,0,71.75
1782641644641,0,0,0,123.32
1782641644641,1,0,0,118.48
1782641644641,2,0,0,113.63
1782641644641,3,0,0,119.22
1782641644641,4,0,0,73.16
1782641644641,5,0,0,71.92
1782641644641,6,0,0,68.26
1782641644641,7,0,0,71.75
1782641644875,0,0,0,123.31
1782641644875,1,0,0,118.47
1782641644875,2,0,0,113.58
1782641644875,3,0,0,119.22
1782641644875,4,0,0,73.17
1782641644875,5,0,0,71.94
1782641644875,6,0,0,68.18
1782641644875,7,0,0,71.75
1782641645109,0,0,0,123.31
1782641645109,1,0,0,118.48
1782641645109,2,0,0,113.74
1782641645109,3,0,0,119.21
1782641645109,4,0,0,73.19
1782641645109,5,0,0,71.93
1782641645109,6,0,0,68.25
1782641645109,7,0,0,71.75
1782641645343,0,0,0,123.29
1782641645343,1,0,0,118.43
1782641645343,2,0,0,113.86
1782641645343,3,0,0,119.21
1782641645343,4,0,0,73.17
1782641645343,5,0,0,71.93
1782641645343,6,0,0,68.17
1782641645343,7,0,0,71.74
1782641645575,0,0,0,123.27
1782641645575,1,0,0,118.47
1782641645575,2,0,0,113.99
1782641645575,3,0,0,119.21
1782641645575,4,0,0,73.18
1782641645575,5,0,0,71.95
1782641645575,6,0,0,68.33
1782641645575,7,0,0,71.74
1782641645809,0,0,0,123.27
1782641645809,1,0,0,118.45
1782641645809,2,0,0,114.16
1782641645809,3,0,0,119.23
1782641645809,4,0,0,73.19
1782641645809,5,0,0,71.94
1782641645809,6,0,0,68.19
1782641645809,7,0,0,71.72
1782641646042,0,0,0,123.27
1782641646042,1,0,0,118.46
1782641646042,2,0,0,114.21
1782641646042,3,0,0,119.22
1782641646042,4,0,0,73.16
1782641646042,5,0,0,71.95
1782641646042,6,0,0,68.30
1782641646042,7,0,0,71.74
1782641646276,0,0,0,123.30
1782641646276,1,0,0,118.47
1782641646276,2,0,0,114.19
1782641646276,3,0,0,119.22
1782641646276,4,0,0,73.16
1782641646276,5,0,0,71.97
1782641646276,6,0,0,68.22
1782641646276,7,0,0,71.71
1782641646509,0,0,0,123.32
1782641646509,1,0,0,118.47
1782641646509,2,0,0,114.19
1782641646509,3,0,0,119.21
1782641646509,4,0,0,73.16
1782641646509,5,0,0,71.97
1782641646509,6,0,0,68.21
1782641646509,7,0,0,71.71
1782641646847,0,0,0,123.37
1782641646847,1,0,0,118.46
1782641646847,2,0,0,114.16
1782641646847,3,0,0,119.24
1782641646847,4,0,0,73.18
1782641646847,5,0,0,71.96
1782641646847,6,0,0,68.22
1782641646847,7,0,0,71.72
1782641647179,0,0,0,123.37
1782641647179,1,0,0,118.46
1782641647179,2,0,0,114.18
1782641647179,3,0,0,119.26
1782641647179,4,0,0,73.20
1782641647179,5,0,0,72.00
1782641647179,6,0,0,68.33
1782641647179,7,0,0,71.74
1782641647461,0,0,0,123.39
1782641647461,1,0,0,118.49
1782641647461,2,0,0,114.17
1782641647461,3,0,0,119.24
1782641647461,4,0,0,73.20
1782641647461,5,0,0,71.98
1782641647461,6,0,0,68.18
1782641647461,7,0,0,71.74
1782641647694,0,0,0,123.37
1782641647694,1,0,0,118.51
1782641647694,2,0,0,114.17
1782641647694,3,0,0,119.27
1782641647694,4,0,0,73.17
1782641647694,5,0,0,72.00
1782641647694,6,0,0,68.34
1782641647694,7,0,0,71.74
1782641647928,0,0,0,123.37
1782641647928,1,0,0,118.53
1782641647928,2,0,0,114.17
1782641647928,3,0,0,119.27
1782641647928,4,0,0,73.15
1782641647928,5,0,0,71.99
1782641647928,6,0,0,68.24
1782641647928,7,0,0,71.75
1782641648254,0,0,0,123.39
1782641648254,1,0,0,118.53
1782641648254,2,0,0,114.17
1782641648254,3,0,0,119.28
1782641648254,4,0,0,73.14
1782641648254,5,0,0,71.99
1782641648254,6,0,0,68.22
1782641648254,7,0,0,71.74
1782641648582,0,0,0,123.43
1782641648582,1,0,0,118.56
1782641648582,2,0,0,114.19
1782641648582,3,0,0,119.25
1782641648582,4,0,0,73.15
1782641648582,5,0,0,72.02
1782641648582,6,0,0,68.17
1782641648582,7,0,0,71.75
1782641648862,0,0,0,123.42
1782641648862,1,0,0,118.56
1782641648862,2,0,0,114.18
1782641648862,3,0,0,119.26
1782641648862,4,0,0,73.14
1782641648862,5,0,0,72.00
1782641648862,6,0,0,68.28
1782641648862,7,0,0,71.75
1782641649135,0,0,0,123.43
1782641649135,1,0,0,118.53
1782641649135,2,0,0,114.19
1782641649135,3,0,0,119.23
1782641649135,4,0,0,73.13
1782641649135,5,0,0,71.98
1782641649135,6,0,0,68.15
1782641649135,7,0,0,71.74
1782641649368,0,0,0,123.41
1782641649368,1,0,0,118.57
1782641649368,2,0,0,114.19
1782641649368,3,0,0,119.22
1782641649368,4,0,0,73.12
1782641649368,5,0,0,72.00
1782641649368,6,0,0,68.27
1782641649368,7,0,0,71.78
1782641649601,0,0,0,123.40
1782641649601,1,0,0,118.56
1782641649601,2,0,0,114.19
1782641649601,3,0,0,119.21
1782641649601,4,0,0,73.11
1782641649601,5,0,0,71.96
1782641649601,6,0,0,68.13
1782641649601,7,0,0,71.76
1782641649834,0,0,0,123.39
1782641649834,1,0,0,118.54
1782641649834,2,0,0,114.19
1782641649834,3,0,0,119.21
1782641649834,4,0,0,73.09
1782641649834,5,0,0,71.95
1782641649834,6,0,0,68.25
1782641649834,7,0,0,71.77
1782641650067,0,0,0,123.40
1782641650067,1,0,0,118.54
1782641650067,2,0,0,114.21
1782641650067,3,0,0,119.22
1782641650067,4,0,0,73.11
1782641650067,5,0,0,71.98
1782641650067,6,0,0,68.23
1782641650067,7,0,0,71.78
1782641650334,0,0,0,123.39
1782641650334,1,0,0,118.50
1782641650334,2,0,0,114.22
1782641650334,3,0,0,119.22
1782641650334,4,0,0,73.13
1782641650334,5,0,0,71.95
1782641650334,6,0,0,68.17
1782641650334,7,0,0,71.77
1782641650568,0,0,0,123.39
1782641650568,1,0,0,118.52
1782641650568,2,0,0,114.23
1782641650568,3,0,0,119.20
1782641650568,4,0,0,73.13
1782641650568,5,0,0,71.93
1782641650568,6,0,0,68.33
1782641650568,7,0,0,71.77
1782641650804,0,0,0,123.39
1782641650804,1,0,0,118.50
1782641650804,2,0,0,114.23
1782641650804,3,0,0,119.22
1782641650804,4,0,0,73.14
1782641650804,5,0,0,71.94
1782641650804,6,0,0,68.19
1782641650804,7,0,0,71.74
1782641651037,0,0,0,123.38
1782641651037,1,0,0,118.49
1782641651037,2,0,0,114.25
1782641651037,3,0,0,119.22
1782641651037,4,0,0,73.14
1782641651037,5,0,0,71.92
1782641651037,6,0,0,68.30
1782641651037,7,0,0,71.74
1782641651270,0,0,0,123.37
1782641651270,1,0,0,118.49
1782641651270,2,0,0,114.23
1782641651270,3,0,0,119.21
1782641651270,4,0,0,73.15
1782641651270,5,0,0,71.92
1782641651270,6,0,0,68.20
1782641651270,7,0,0,71.74
1782641651504,0,0,0,123.36
1782641651504,1,0,0,118.49
1782641651504,2,0,0,114.25
1782641651504,3,0,0,119.23
1782641651504,4,0,0,73.14
1782641651504,5,0,0,71.96
1782641651504,6,0,0,68.33
1782641651504,7,0,0,71.73
1782641651739,0,0,0,123.36
1782641651739,1,0,0,118.49
1782641651739,2,0,0,114.26
1782641651739,3,0,0,119.23
1782641651739,4,0,0,73.18
1782641651739,5,0,0,71.97
1782641651739,6,0,0,68.25
1782641651739,7,0,0,71.71
1782641651974,0,0,0,123.36
1782641651974,1,0,0,118.49
1782641651974,2,0,0,114.25
1782641651974,3,0,0,119.25
1782641651974,4,0,0,73.19
1782641651974,5,0,0,71.93
1782641651974,6,0,0,68.22
1782641651974,7,0,0,71.71
1782641652209,0,0,0,123.36
1782641652209,1,0,0,118.50
1782641652209,2,0,0,114.26
1782641652209,3,0,0,119.31
1782641652209,4,0,0,73.18
1782641652209,5,0,0,71.95
1782641652209,6,0,0,68.31
1782641652209,7,0,0,71.71
1782641652518,0,0,0,123.38
1782641652518,1,0,0,118.51
1782641652518,2,0,0,114.25
1782641652518,3,0,0,119.33
1782641652518,4,0,0,73.16
1782641652518,5,0,0,71.98
1782641652518,6,0,0,68.22
1782641652518,7,0,0,71.71
1782641652839,0,0,0,123.39
1782641652839,1,0,0,118.51
1782641652839,2,0,0,114.21
1782641652839,3,0,0,119.29
1782641652839,4,0,0,73.15
1782641652839,5,0,0,86.53
1782641652839,6,0,0,68.23
1782641652839,7,0,0,71.75
1782641653474,0,0,0,123.37
1782641653474,1,0,0,118.52
1782641653474,2,0,0,114.21
1782641653474,3,0,0,119.29
1782641653474,4,0,0,73.19
1782641653474,5,2,0,95.31
1782641653474,6,0,0,68.32
1782641653474,7,0,0,71.77
1782641653705,0,0,0,123.37
1782641653705,1,0,0,118.52
1782641653705,2,0,0,114.18
1782641653705,3,0,0,119.30
1782641653705,4,0,0,81.66
1782641653705,5,0,0,113.04
1782641653705,6,0,0,68.29
1782641653705,7,0,0,71.76
1782641654149,0,0,0,123.44
1782641654149,1,0,0,118.56
1782641654149,2,0,0,114.18
1782641654149,3,0,0,119.29
1782641654149,4,1,0,99.76
1782641654149,5,0,0,117.69
1782641654149,6,0,0,68.23
1782641654149,7,0,0,71.77
1782641654505,0,0,0,123.45
1782641654505,1,0,0,118.55
1782641654505,2,0,0,114.18
1782641654505,3,0,0,119.30
1782641654505,4,0,0,108.76
1782641654505,5,17,2,117.89
1782641654505,6,0,0,68.23
1782641654505,7,0,0,71.76
1782641654740,0,0,0,123.46
1782641654740,1,0,0,118.57
1782641654740,2,0,0,114.18
1782641654740,3,0,0,119.27
1782641654740,4,3,0,119.30
1782641654740,5,20,0,118.69
1782641654740,6,0,0,83.10
1782641654740,7,0,0,81.01
1782641655152,0,0,0,123.42
1782641655152,1,0,0,118.54
1782641655152,2,0,0,114.20
1782641655152,3,0,0,119.24
1782641655152,4,0,0,119.28
1782641655152,5,20,0,118.80
1782641655152,6,3,0,92.59
1782641655152,7,1,0,90.35
1782641655375,0,0,0,123.41
1782641655375,1,0,0,118.57
1782641655375,2,0,0,114.21
1782641655375,3,0,0,119.23
1782641655375,4,5,1,119.78
1782641655375,5,20,0,118.95
1782641655375,6,0,0,100.82
1782641655375,7,0,0,99.10
1782641655605,0,0,0,123.40
1782641655605,1,0,0,118.57
1782641655605,2,0,0,114.22
1782641655605,3,0,0,119.25
1782641655605,4,14,2,120.40
1782641655605,5,13,0,118.33
1782641655605,6,3,0,109.90
1782641655605,7,4,0,108.37
1782641655828,0,0,0,123.38
1782641655828,1,0,0,118.56
1782641655828,2,0,0,114.24
1782641655828,3,0,0,119.21
1782641655828,4,27,0,120.58
1782641655828,5,23,0,118.14
1782641655828,6,0,0,113.56
1782641655828,7,0,0,118.70
1782641656055,0,0,0,123.39
1782641656055,1,0,0,118.55
1782641656055,2,0,0,114.24
1782641656055,3,0,0,119.24
1782641656055,4,26,0,120.89
1782641656055,5,24,0,118.18
1782641656055,6,13,2,114.36
1782641656055,7,5,1,119.17
1782641656284,0,0,0,123.39
1782641656284,1,0,0,118.55
1782641656284,2,0,0,114.23
1782641656284,3,0,0,119.26
1782641656284,4,27,0,121.01
1782641656284,5,12,0,118.13
1782641656284,6,28,1,114.51
1782641656284,7,11,2,119.48
1782641656508,0,0,0,123.39
1782641656508,1,0,0,118.56
1782641656508,2,0,0,114.22
1782641656508,3,0,0,119.23
1782641656508,4,13,0,120.40
1782641656508,5,23,0,118.17
1782641656508,6,34,0,114.76
1782641656508,7,35,0,119.57
1782641656732,0,0,0,123.39
1782641656732,1,0,0,118.53
1782641656732,2,0,0,114.24
1782641656732,3,0,0,119.25
1782641656732,4,26,0,120.25
1782641656732,5,23,0,118.21
1782641656732,6,34,0,114.87
1782641656732,7,34,0,119.83
1782641656957,0,0,0,123.39
1782641656957,1,0,0,118.53
1782641656957,2,0,0,114.24
1782641656957,3,0,0,119.26
1782641656957,4,26,0,120.20
1782641656957,5,23,0,118.26
1782641656957,6,34,0,114.67
1782641656957,7,34,0,119.72
1782641657180,0,0,0,123.40
1782641657180,1,0,0,118.56
1782641657180,2,0,0,114.23
1782641657180,3,0,0,119.26
1782641657180,4,24,0,120.20
1782641657180,5,14,0,118.20
1782641657180,6,19,0,114.22
1782641657180,7,21,0,119.32
1782641657405,0,0,0,123.42
1782641657405,1,0,0,118.54
1782641657405,2,0,0,114.25
1782641657405,3,0,0,119.27
1782641657405,4,26,0,120.25
1782641657405,5,23,0,118.24
1782641657405,6,29,0,114.33
1782641657405,7,29,0,119.33
1782641657631,0,0,0,123.46
1782641657631,1,0,0,118.55
1782641657631,2,0,0,114.24
1782641657631,3,0,0,119.29
1782641657631,4,26,0,120.29
1782641657631,5,23,0,118.19
1782641657631,6,35,0,114.38
1782641657631,7,34,0,119.34
1782641657857,0,0,0,123.47
1782641657857,1,0,0,118.56
1782641657857,2,0,0,114.24
1782641657857,3,0,0,119.29
1782641657857,4,14,0,120.26
1782641657857,5,5,0,118.08
1782641657857,6,17,0,114.29
1782641657857,7,35,0,119.35
1782641658131,0,0,0,123.49
1782641658131,1,0,0,118.56
1782641658131,2,0,0,114.28
1782641658131,3,0,0,119.31
1782641658131,4,22,0,120.31
1782641658131,5,0,0,117.95
1782641658131,6,29,0,114.53
1782641658131,7,29,0,119.45
1782641658354,0,0,0,123.48
1782641658354,1,0,0,118.56
1782641658354,2,0,0,114.28
1782641658354,3,0,0,119.31
1782641658354,4,16,0,120.20
1782641658354,5,0,0,117.74
1782641658354,6,30,0,114.42
1782641658354,7,31,0,119.47
1782641658577,0,0,0,123.46
1782641658577,1,0,0,118.56
1782641658577,2,0,0,114.27
1782641658577,3,0,0,119.32
1782641658577,4,0,0,120.02
1782641658577,5,0,0,117.61
1782641658577,6,22,0,114.58
1782641658577,7,23,0,119.46
1782641658799,0,0,0,123.45
1782641658799,1,0,0,118.60
1782641658799,2,0,0,114.27
1782641658799,3,0,0,119.31
1782641658799,4,0,0,119.89
1782641658799,5,0,0,117.42
1782641658799,6,32,0,114.50
1782641658799,7,31,0,119.53
1782641659021,0,0,0,123.44
1782641659021,1,0,0,118.56
1782641659021,2,0,0,114.26
1782641659021,3,0,0,119.29
1782641659021,4,0,0,119.68
1782641659021,5,0,0,117.36
1782641659021,6,32,0,114.66
1782641659021,7,34,0,119.55
1782641659242,0,0,0,123.44
1782641659242,1,0,0,118.53
1782641659242,2,0,0,114.25
1782641659242,3,0,0,119.28
1782641659242,4,0,0,119.36
1782641659242,5,0,0,117.38
1782641659242,6,0,0,114.27
1782641659242,7,1,0,119.24
1782641659460,0,0,0,123.43
1782641659460,1,0,0,118.56
1782641659460,2,0,0,114.25
1782641659460,3,0,0,119.29
1782641659460,4,0,0,119.33
1782641659460,5,0,0,117.39
1782641659460,6,0,0,114.16
1782641659460,7,0,0,119.05
1782641659677,0,0,0,123.47
1782641659677,1,0,0,118.55
1782641659677,2,0,0,114.26
1782641659677,3,0,0,119.28
1782641659677,4,0,0,119.31
1782641659677,5,0,0,117.38
1782641659677,6,0,0,113.84
1782641659677,7,0,0,118.83
1782641659895,0,0,0,123.49
1782641659895,1,0,0,118.54
1782641659895,2,0,0,114.25
1782641659895,3,0,0,119.33
1782641659895,4,0,0,119.30
1782641659895,5,0,0,117.40
1782641659895,6,0,0,113.69
1782641659895,7,0,0,118.58
1782641660111,0,0,0,123.49
1782641660111,1,0,0,118.55
1782641660111,2,0,0,114.24
1782641660111,3,0,0,119.35
1782641660111,4,0,0,119.26
1782641660111,5,0,0,117.37
1782641660111,6,0,0,113.42
1782641660111,7,0,0,118.47
1782641660328,0,0,0,123.51
1782641660328,1,0,0,118.56
1782641660328,2,0,0,114.24
1782641660328,3,0,0,119.31
1782641660328,4,0,0,119.26
1782641660328,5,0,0,117.40
1782641660328,6,0,0,113.54
1782641660328,7,0,0,118.47
1782641660543,0,0,0,123.51
1782641660543,1,0,0,118.56
1782641660543,2,0,0,114.24
1782641660543,3,0,0,119.33
1782641660543,4,0,0,119.28
1782641660543,5,0,0,117.36
1782641660543,6,0,0,113.47
1782641660543,7,0,0,118.49
1782641660760,0,0,0,123.50
1782641660760,1,0,0,118.59
1782641660760,2,0,0,114.25
1782641660760,3,0,0,119.30
1782641660760,4,0,0,119.24
1782641660760,5,0,0,117.34
1782641660760,6,0,0,113.41
1782641660760,7,0,0,118.47
1782641660976,0,0,0,123.51
1782641660976,1,0,0,118.60
1782641660976,2,0,0,114.24
1782641660976,3,0,0,119.30
1782641660976,4,0,0,119.24
1782641660976,5,0,0,117.40
1782641660976,6,0,0,113.43
1782641660976,7,0,0,118.49
1782641661193,0,0,0,123.51
1782641661193,1,0,0,118.60
1782641661193,2,0,0,114.22
1782641661193,3,0,0,119.26
1782641661193,4,0,0,119.23
1782641661193,5,0,0,117.39
1782641661193,6,0,0,113.44
1782641661193,7,0,0,118.47
1782641661411,0,0,0,123.49
1782641661411,1,0,0,118.60
1782641661411,2,0,0,114.20
1782641661411,3,0,0,119.27
1782641661411,4,0,0,119.26
1782641661411,5,0,0,117.41
1782641661411,6,0,0,113.40
1782641661411,7,0,0,118.48
1782641661628,0,0,0,123.48
1782641661628,1,0,0,118.62
1782641661628,2,0,0,114.21
1782641661628,3,0,0,119.28
1782641661628,4,0,0,119.25
1782641661628,5,0,0,117.39
1782641661628,6,0,0,113.46
1782641661628,7,0,0,118.47
1782641661847,0,0,0,123.48
1782641661847,1,0,0,118.60
1782641661847,2,0,0,114.21
1782641661847,3,0,0,119.28
1782641661847,4,0,0,119.29
1782641661847,5,0,0,117.35
1782641661847,6,0,0,113.49
1782641661847,7,0,0,118.47
1782641662063,0,0,0,123.46
1782641662063,1,0,0,118.50
1782641662063,2,0,0,114.24
1782641662063,3,0,0,119.28
1782641662063,4,0,0,119.28
1782641662063,5,0,0,117.38
1782641662063,6,0,0,113.35
1782641662063,7,0,0,118.47
1782641662281,0,0,0,123.45
1782641662281,1,0,0,118.47
1782641662281,2,0,0,114.24
1782641662281,3,0,0,119.27
1782641662281,4,0,0,119.30
1782641662281,5,0,0,117.38
1782641662281,6,0,0,113.49
1782641662281,7,0,0,118.47
1782641662498,0,0,0,123.46
1782641662498,1,0,0,118.45
1782641662498,2,0,0,114.26
1782641662498,3,0,0,119.28
1782641662498,4,0,0,119.38
1782641662498,5,0,0,117.37
1782641662498,6,0,0,113.41
1782641662498,7,0,0,118.47
1782641662716,0,0,0,123.48
1782641662716,1,0,0,118.45
1782641662716,2,0,0,114.26
1782641662716,3,0,0,119.28
1782641662716,4,0,0,119.51
1782641662716,5,0,0,117.37
1782641662716,6,0,0,113.52
1782641662716,7,0,0,118.49
1782641662933,0,0,0,123.47
1782641662933,1,0,0,118.46
1782641662933,2,0,0,114.27
1782641662933,3,0,0,119.28
1782641662933,4,0,0,119.63
1782641662933,5,0,0,117.36
1782641662933,6,0,0,113.44
1782641662933,7,0,0,118.51
1782641663149,0,0,0,123.48
1782641663149,1,0,0,118.58
1782641663149,2,0,0,114.27
1782641663149,3,0,0,119.28
1782641663149,4,0,0,119.84
1782641663149,5,0,0,117.38
1782641663149,6,0,0,113.57
1782641663149,7,0,0,118.51
1782641663369,0,0,0,123.47
1782641663369,1,0,0,118.55
1782641663369,2,0,0,114.30
1782641663369,3,0,0,119.29
1782641663369,4,0,0,119.98
1782641663369,5,0,0,117.40
1782641663369,6,0,0,113.42
1782641663369,7,0,0,118.51
1782641663622,0,0,0,123.47
1782641663622,1,0,0,118.56
1782641663622,2,0,0,114.32
1782641663622,3,0,0,119.28
1782641663622,4,0,0,119.97
1782641663622,5,0,0,117.39
1782641663622,6,0,0,113.58
1782641663622,7,0,0,118.52
1782641663840,0,0,0,123.48
1782641663840,1,0,0,118.57
1782641663840,2,0,0,114.32
1782641663840,3,0,0,119.27
1782641663840,4,0,0,119.98
1782641663840,5,0,0,117.46
1782641663840,6,0,0,113.48
1782641663840,7,0,0,118.51
1782641664057,0,0,0,123.49
1782641664057,1,0,0,118.57
1782641664057,2,0,0,114.32
1782641664057,3,0,0,119.28
1782641664057,4,0,0,119.98
1782641664057,5,0,0,117.44
1782641664057,6,0,0,113.53
1782641664057,7,0,0,118.51
1782641664275,0,0,0,123.49
1782641664275,1,0,0,118.57
1782641664275,2,0,0,114.32
1782641664275,3,0,0,119.29
1782641664275,4,0,0,119.98
1782641664275,5,0,0,117.42
1782641664275,6,0,0,113.47
1782641664275,7,0,0,118.52
1782641664492,0,0,0,123.50
1782641664492,1,0,0,118.60
1782641664492,2,0,0,114.30
1782641664492,3,0,0,119.31
1782641664492,4,0,0,119.99
1782641664492,5,0,0,117.44
1782641664492,6,0,0,113.58
1782641664492,7,0,0,118.52
1782641664711,0,0,0,123.48
1782641664711,1,0,0,118.60
1782641664711,2,0,0,114.31
1782641664711,3,0,0,119.32
1782641664711,4,0,0,119.99
1782641664711,5,0,0,117.40
1782641664711,6,0,0,113.47
1782641664711,7,0,0,118.53
1782641664931,0,0,0,123.49
1782641664931,1,0,0,118.60
1782641664931,2,0,0,114.32
1782641664931,3,0,0,119.30
1782641664931,4,0,0,120.00
1782641664931,5,0,0,117.47
1782641664931,6,0,0,113.60
1782641664931,7,0,0,118.56
1782641665148,0,0,0,123.51
1782641665148,1,0,0,118.61
1782641665148,2,0,0,114.29
1782641665148,3,0,0,119.31
1782641665148,4,0,0,120.00
1782641665148,5,0,0,117.48
1782641665148,6,0,0,113.58
1782641665148,7,0,0,118.58
1782641665366,0,0,0,123.51
1782641665366,1,0,0,118.63
1782641665366,2,0,0,114.20
1782641665366,3,0,0,119.31
1782641665366,4,0,0,119.99
1782641665366,5,0,0,117.49
1782641665366,6,0,0,113.52
1782641665366,7,0,0,118.57
1782641665583,0,0,0,123.55
1782641665583,1,0,0,118.62
1782641665583,2,0,0,114.11
1782641665583,3,0,0,119.30
1782641665583,4,0,0,120.00
1782641665583,5,0,0,117.55
1782641665583,6,0,0,113.55
1782641665583,7,0,0,118.61
1782641665801,0,0,0,123.55
1782641665801,1,0,0,118.62
1782641665801,2,0,0,114.00
1782641665801,3,0,0,119.30
1782641665801,4,0,0,123.77
1782641665801,5,5,5,121.06
1782641665801,6,0,0,113.57
1782641665801,7,0,0,118.61
1782641666021,0,0,0,123.57
1782641666021,1,0,0,118.62
1782641666021,2,0,0,113.89
1782641666021,3,0,0,119.32
1782641666021,4,0,0,123.94
1782641666021,5,0,0,121.10
1782641666021,6,0,0,113.57
1782641666021,7,0,0,118.62
1782641666243,0,0,0,123.55
1782641666243,1,0,0,118.61
1782641666243,2,0,0,113.82
1782641666243,3,0,0,119.31
1782641666243,4,33,26,133.96
1782641666243,5,0,0,132.51
1782641666243,6,0,0,113.68
1782641666243,7,0,0,118.68
1782641666463,0,0,0,123.52
1782641666463,1,0,0,118.58
1782641666463,2,0,0,113.71
1782641666463,3,0,0,119.30
1782641666463,4,0,0,134.15
1782641666463,5,0,0,132.25
1782641666463,6,0,0,113.84
1782641666463,7,0,0,118.66
1782641666681,0,0,0,123.52
1782641666681,1,0,0,118.62
1782641666681,2,0,0,113.60
1782641666681,3,0,0,119.32
1782641666681,4,0,0,146.94
1782641666681,5,13,11,141.59
1782641666681,6,0,0,116.83
1782641666681,7,0,0,131.03
1782641666903,0,0,0,123.52
1782641666903,1,0,0,118.60
1782641666903,2,0,0,113.46
1782641666903,3,0,0,119.30
1782641666903,4,28,21,142.50
1782641666903,5,0,0,141.27
1782641666903,6,0,0,127.36
1782641666903,7,34,27,131.89
1782641667122,0,0,0,123.53
1782641667122,1,0,0,118.62
1782641667122,2,0,0,113.31
1782641667122,3,0,0,119.28
1782641667122,4,0,0,139.51
1782641667122,5,0,0,130.04
1782641667122,6,0,0,127.31
1782641667122,7,0,0,131.66
1782641667342,0,0,0,123.53
1782641667342,1,0,0,118.64
1782641667342,2,0,0,113.28
1782641667342,3,0,0,119.28
1782641667342,4,0,0,140.87
1782641667342,5,2,1,140.32
1782641667342,6,0,0,127.08
1782641667342,7,0,0,139.58
1782641667566,0,0,0,123.55
1782641667566,1,0,0,118.65
1782641667566,2,0,0,113.28
1782641667566,3,0,0,119.26
1782641667566,4,0,0,141.31
1782641667566,5,0,0,130.24
1782641667566,6,27,20,137.62
1782641667566,7,0,0,140.45
1782641667785,0,0,0,123.56
1782641667785,1,0,0,118.63
1782641667785,2,0,0,113.28
1782641667785,3,0,0,119.28
1782641667785,4,0,0,128.39
1782641667785,5,0,0,127.86
1782641667785,6,0,0,124.09
1782641667785,7,0,0,127.12
1782641668003,0,0,0,123.58
1782641668003,1,0,0,118.64
1782641668003,2,0,0,113.32
1782641668003,3,0,0,119.28
1782641668003,4,0,0,128.19
1782641668003,5,0,0,128.04
1782641668003,6,0,0,124.11
1782641668003,7,0,0,127.09
1782641668221,0,0,0,123.57
1782641668221,1,0,0,118.62
1782641668221,2,0,0,113.49
1782641668221,3,0,0,119.29
1782641668221,4,0,0,128.37
1782641668221,5,0,0,128.01
1782641668221,6,0,0,124.04
1782641668221,7,0,0,127.07
1782641668439,0,0,0,123.56
1782641668439,1,0,0,118.60
1782641668439,2,0,0,113.60
1782641668439,3,0,0,119.30
1782641668439,4,0,0,119.55
1782641668439,5,0,0,117.74
1782641668439,6,0,0,113.78
1782641668439,7,0,0,118.71
1782641668657,0,0,0,123.53
1782641668657,1,0,0,118.57
1782641668657,2,0,0,113.73
1782641668657,3,0,0,119.31
1782641668657,4,0,0,119.53
1782641668657,5,0,0,117.63
1782641668657,6,0,0,113.75
1782641668657,7,0,0,118.76
1782641668875,0,0,0,123.51
1782641668875,1,0,0,118.58
1782641668875,2,0,0,113.84
1782641668875,3,0,0,119.32
1782641668875,4,0,0,119.54
1782641668875,5,0,0,117.61
1782641668875,6,0,0,113.67
1782641668875,7,0,0,118.76
1782641669097,0,0,0,123.52
1782641669097,1,0,0,118.56
1782641669097,2,0,0,113.88
1782641669097,3,0,0,119.32
1782641669097,4,0,0,119.56
1782641669097,5,0,0,117.64
1782641669097,6,0,0,113.76
1782641669097,7,0,0,118.75
1782641669329,0,0,0,123.48
1782641669329,1,0,0,118.55
1782641669329,2,0,0,113.89
1782641669329,3,0,0,119.31
1782641669329,4,0,0,150.22
1782641669329,5,0,0,131.59
1782641669329,6,0,0,138.27
1782641669329,7,36,38,150.21
1782641669579,0,0,0,123.50
1782641669579,1,0,0,118.54
1782641669579,2,0,0,113.89
1782641669579,3,0,0,119.28
1782641669579,4,49,44,174.65
1782641669579,5,92,97,171.39
1782641669579,6,94,95,171.19
1782641669579,7,9,5,173.85
1782641669797,0,0,0,123.48
1782641669797,1,0,0,118.56
1782641669797,2,0,0,113.88
1782641669797,3,0,0,119.27
1782641669797,4,0,0,175.81
1782641669797,5,0,0,171.55
1782641669797,6,0,0,171.59
1782641669797,7,0,0,173.06
1782641670015,0,0,0,123.49
1782641670015,1,0,0,118.59
1782641670015,2,0,0,113.90
1782641670015,3,0,0,119.28
1782641670015,4,0,0,175.84
1782641670015,5,0,0,172.75
1782641670015,6,0,0,170.61
1782641670015,7,0,0,174.30
1782641670234,0,0,0,123.49
1782641670234,1,0,0,118.57
1782641670234,2,0,0,113.89
1782641670234,3,0,0,119.26
1782641670234,4,0,0,175.85
1782641670234,5,0,0,172.96
1782641670234,6,0,0,171.07
1782641670234,7,0,0,173.44
1782641670453,0,0,0,123.47
1782641670453,1,0,0,118.60
1782641670453,2,0,0,113.90
1782641670453,3,0,0,119.29
1782641670453,4,0,0,120.03
1782641670453,5,0,0,121.74
1782641670453,6,0,0,116.98
1782641670453,7,0,0,120.16
1782641670671,0,0,0,123.50
1782641670671,1,0,0,118.61
1782641670671,2,0,0,113.89
1782641670671,3,0,0,119.29
1782641670671,4,0,0,119.93
1782641670671,5,0,0,118.37
1782641670671,6,0,0,114.98
1782641670671,7,0,0,119.57
1782641670896,0,0,0,123.49
1782641670896,1,0,0,118.60
1782641670896,2,0,0,113.88
1782641670896,3,0,0,119.31
1782641670896,4,0,0,168.84
1782641670896,5,18,18,134.18
1782641670896,6,96,100,161.54
1782641670896,7,0,0,168.71
1782641671128,0,0,0,123.53
1782641671128,1,0,0,118.60
1782641671128,2,0,0,113.90
1782641671128,3,0,0,119.33
1782641671128,4,59,61,170.14
1782641671128,5,7,7,168.30
1782641671128,6,0,0,164.06
1782641671128,7,23,24,169.26
1782641671347,0,0,0,123.54
1782641671347,1,0,0,118.64
1782641671347,2,0,0,113.87
1782641671347,3,0,0,119.32
1782641671347,4,0,0,169.22
1782641671347,5,0,0,167.40
1782641671347,6,0,0,164.01
1782641671347,7,0,0,169.29
1782641671571,0,0,0,123.54
1782641671571,1,0,0,118.64
1782641671571,2,0,0,113.88
1782641671571,3,0,0,119.33
1782641671571,4,79,81,203.20
1782641671571,5,0,0,192.24
1782641671571,6,0,0,187.62
1782641671571,7,49,42,205.75
1782641671819,0,0,0,123.54
1782641671819,1,0,0,118.64
1782641671819,2,0,0,113.87
1782641671819,3,0,0,119.31
1782641671819,4,80,66,289.21
1782641671819,5,83,86,285.15
1782641671819,6,84,87,272.39
1782641671819,7,86,51,296.31
1782641672055,0,0,0,123.54
1782641672055,1,0,0,118.65
1782641672055,2,0,0,113.85
1782641672055,3,0,0,119.29
1782641672055,4,62,50,294.48
1782641672055,5,0,0,291.77
1782641672055,6,0,0,292.05
1782641672055,7,29,28,297.45
1782641672274,0,0,0,123.54
1782641672274,1,0,0,118.66
1782641672274,2,0,0,113.86
1782641672274,3,0,0,119.30
1782641672274,4,0,0,297.93
1782641672274,5,0,0,291.81
1782641672274,6,0,0,292.14
1782641672274,7,0,0,297.47
1782641672492,0,0,0,123.52
1782641672492,1,0,0,118.64
1782641672492,2,0,0,113.85
1782641672492,3,0,0,119.29
1782641672492,4,0,0,292.72
1782641672492,5,0,0,288.28
1782641672492,6,0,0,292.08
1782641672492,7,0,0,292.47
1782641672711,0,0,0,123.54
1782641672711,1,0,0,118.63
1782641672711,2,0,0,113.86
1782641672711,3,0,0,119.33
1782641672711,4,0,0,232.66
1782641672711,5,0,0,236.66
1782641672711,6,0,0,236.04
1782641672711,7,0,0,231.28
1782641672930,0,0,0,123.56
1782641672930,1,0,0,118.63
1782641672930,2,0,0,113.86
1782641672930,3,0,0,119.31
1782641672930,4,0,0,121.82
1782641672930,5,0,0,127.33
1782641672930,6,0,0,128.88
1782641672930,7,0,0,120.35
1782641673149,0,0,0,123.57
1782641673149,1,0,0,118.49
1782641673149,2,0,0,113.86
1782641673149,3,0,0,119.34
1782641673149,4,0,0,119.85
1782641673149,5,0,0,118.84
1782641673149,6,0,0,115.25
1782641673149,7,0,0,120.43
1782641673366,0,0,0,123.58
1782641673366,1,0,0,118.40
1782641673366,2,0,0,113.85
1782641673366,3,0,0,119.32
1782641673366,4,0,0,119.84
1782641673366,5,0,0,118.77
1782641673366,6,0,0,115.12
1782641673366,7,0,0,120.34
1782641673588,0,0,0,123.59
1782641673588,1,0,0,118.41
1782641673588,2,0,0,113.85
1782641673588,3,0,0,119.32
1782641673588,4,0,0,119.81
1782641673588,5,0,0,118.67
1782641673588,6,0,0,115.19
1782641673588,7,0,0,120.29
1782641673806,0,0,0,123.59
1782641673806,1,0,0,118.40
1782641673806,2,0,0,113.86
1782641673806,3,0,0,119.31
1782641673806,4,0,0,119.82
1782641673806,5,0,0,118.65
1782641673806,6,0,0,115.02
1782641673806,7,0,0,120.27
1782641674025,0,0,0,123.59
1782641674025,1,0,0,118.48
1782641674025,2,0,0,113.86
1782641674025,3,0,0,119.31
1782641674025,4,0,0,119.82
1782641674025,5,0,0,118.61
1782641674025,6,0,0,115.14
1782641674025,7,0,0,120.26
1782641674245,0,0,0,123.56
1782641674245,1,0,0,118.59
1782641674245,2,0,0,113.88
1782641674245,3,0,0,119.32
1782641674245,4,0,0,119.81
1782641674245,5,0,0,118.57
1782641674245,6,0,0,115.00
1782641674245,7,0,0,120.25
1782641674465,0,0,0,123.58
1782641674465,1,0,0,118.63
1782641674465,2,0,0,113.89
1782641674465,3,0,0,119.28
1782641674465,4,0,0,119.84
1782641674465,5,0,0,118.57
1782641674465,6,0,0,115.10
1782641674465,7,0,0,120.23
1782641674711,0,0,0,123.56
1782641674711,1,0,0,118.60
1782641674711,2,0,0,113.91
1782641674711,3,0,0,119.31
1782641674711,4,0,0,119.83
1782641674711,5,0,0,118.55
1782641674711,6,0,0,114.99
1782641674711,7,0,0,120.24
1782641674929,0,0,0,123.56
1782641674929,1,0,0,118.56
1782641674929,2,0,0,113.90
1782641674929,3,0,0,119.32
1782641674929,4,0,0,119.83
1782641674929,5,0,0,118.53
1782641674929,6,0,0,115.12
1782641674929,7,0,0,120.21
1782641675147,0,0,0,123.57
1782641675147,1,0,0,118.58
1782641675147,2,0,0,113.92
1782641675147,3,0,0,119.30
1782641675147,4,0,0,119.86
1782641675147,5,0,0,118.56
1782641675147,6,0,0,115.07
1782641675147,7,0,0,120.21
1782641675364,0,0,0,123.57
1782641675364,1,0,0,118.60
1782641675364,2,0,0,113.93
1782641675364,3,0,0,119.31
1782641675364,4,0,0,119.84
1782641675364,5,0,0,118.54
1782641675364,6,0,0,115.03
1782641675364,7,0,0,120.21
1782641675584,0,0,0,123.55
1782641675584,1,0,0,118.57
1782641675584,2,0,0,113.92
1782641675584,3,0,0,119.30
1782641675584,4,0,0,119.86
1782641675584,5,0,0,118.52
1782641675584,6,0,0,115.04
1782641675584,7,0,0,120.20
1782641675803,0,0,0,123.56
1782641675803,1,0,0,118.61
1782641675803,2,0,0,113.92
1782641675803,3,0,0,119.32
1782641675803,4,0,0,119.86
1782641675803,5,0,0,118.52
1782641675803,6,0,0,115.01
1782641675803,7,0,0,120.17
1782641676024,0,0,0,123.57
1782641676024,1,0,0,118.48
1782641676024,2,0,0,113.93
1782641676024,3,0,0,119.31
1782641676024,4,0,0,119.87
1782641676024,5,0,0,118.50
1782641676024,6,0,0,115.00
1782641676024,7,0,0,120.15
1782641676244,0,0,0,123.57
1782641676244,1,0,0,118.34
1782641676244,2,0,0,113.92
1782641676244,3,0,0,119.33
1782641676244,4,0,0,119.86
1782641676244,5,0,0,118.50
1782641676244,6,0,0,114.97
1782641676244,7,0,0,120.13
1782641676465,0,0,0,123.57
1782641676465,1,0,0,118.31
1782641676465,2,0,0,113.91
1782641676465,3,0,0,119.34
1782641676465,4,0,0,119.88
1782641676465,5,0,0,118.51
1782641676465,6,0,0,115.12
1782641676465,7,0,0,120.13
1782641676684,0,0,0,123.58
1782641676684,1,0,0,118.31
1782641676684,2,0,0,113.91
1782641676684,3,0,0,119.35
1782641676684,4,0,0,119.84
1782641676684,5,0,0,118.48
1782641676684,6,0,0,114.99
1782641676684,7,0,0,120.13
1782641676904,0,0,0,123.58
1782641676904,1,0,0,118.32
1782641676904,2,0,0,113.94
1782641676904,3,0,0,119.36
1782641676904,4,0,0,119.85
1782641676904,5,0,0,118.50
1782641676904,6,0,0,115.14
1782641676904,7,0,0,120.14
1782641677124,0,0,0,123.59
1782641677124,1,0,0,118.52
1782641677124,2,0,0,113.91
1782641677124,3,0,0,119.35
1782641677124,4,0,0,119.83
1782641677124,5,0,0,118.46
1782641677124,6,0,0,115.00
1782641677124,7,0,0,120.14
1782641677343,0,0,0,123.62
1782641677343,1,0,0,118.64
1782641677343,2,0,0,113.92
1782641677343,3,0,0,119.37
1782641677343,4,0,0,119.80
1782641677343,5,0,0,118.51
1782641677343,6,0,0,115.10
1782641677343,7,0,0,120.15
1782641677563,0,0,0,123.60
1782641677563,1,0,0,118.64
1782641677563,2,0,0,113.91
1782641677563,3,0,0,119.37
1782641677563,4,0,0,119.81
1782641677563,5,0,0,118.53
1782641677563,6,0,0,114.99
1782641677563,7,0,0,120.14
1782641677782,0,0,0,123.62
1782641677782,1,0,0,118.66
1782641677782,2,0,0,113.88
1782641677782,3,0,0,119.36
1782641677782,4,0,0,119.79
1782641677782,5,0,0,118.50
1782641677782,6,0,0,115.11
1782641677782,7,0,0,120.17
1782641678001,0,0,0,123.60
1782641678001,1,0,0,118.67
1782641678001,2,0,0,113.87
1782641678001,3,0,0,119.39
1782641678001,4,0,0,119.79
1782641678001,5,0,0,118.56
1782641678001,6,0,0,114.97
1782641678001,7,0,0,120.16
1782641678221,0,0,0,123.59
1782641678221,1,0,0,118.66
1782641678221,2,0,0,113.89
1782641678221,3,0,0,119.41
1782641678221,4,0,0,119.79
1782641678221,5,0,0,118.52
1782641678221,6,0,0,115.14
1782641678221,7,0,0,120.17
1782641678441,0,0,0,123.55
1782641678441,1,0,0,118.66
1782641678441,2,0,0,113.88
1782641678441,3,0,0,119.39
1782641678441,4,0,0,123.88
1782641678441,5,0,0,123.04
1782641678441,6,0,0,116.09
1782641678441,7,0,0,124.39
1782641678663,0,0,0,123.56
1782641678663,1,0,0,118.68
1782641678663,2,0,0,113.88
1782641678663,3,0,0,119.37
1782641678663,4,0,0,124.53
1782641678663,5,0,0,123.12
1782641678663,6,0,0,119.38
1782641678663,7,2,2,124.35
1782641678883,0,0,0,123.54
1782641678883,1,0,0,118.69
1782641678883,2,0,0,113.89
1782641678883,3,0,0,119.37
1782641678883,4,0,0,124.46
1782641678883,5,0,0,123.18
1782641678883,6,0,0,119.38
1782641678883,7,0,0,124.42
1782641679103,0,0,0,123.56
1782641679103,1,0,0,118.68
1782641679103,2,0,0,113.86
1782641679103,3,0,0,119.36
1782641679103,4,0,0,124.45
1782641679103,5,0,0,123.27
1782641679103,6,0,0,119.40
1782641679103,7,0,0,124.32
1782641679322,0,0,0,123.58
1782641679322,1,0,0,118.71
1782641679322,2,0,0,113.88
1782641679322,3,0,0,119.31
1782641679322,4,0,0,124.52
1782641679322,5,0,0,123.24
1782641679322,6,0,0,119.35
1782641679322,7,0,0,124.56
1782641679549,0,0,0,123.59
1782641679549,1,0,0,118.70
1782641679549,2,0,0,113.91
1782641679549,3,0,0,119.30
1782641679549,4,23,12,152.86
1782641679549,5,26,15,149.50
1782641679549,6,32,21,144.40
1782641679549,7,0,0,150.13
1782641679772,0,0,0,123.62
1782641679772,1,0,0,118.68
1782641679772,2,0,0,113.93
1782641679772,3,0,0,119.28
1782641679772,4,0,0,153.30
1782641679772,5,0,0,150.24
1782641679772,6,0,0,144.55
1782641679772,7,0,0,149.58
1782641679991,0,0,0,123.63
1782641679991,1,0,0,118.68
1782641679991,2,0,0,113.92
1782641679991,3,0,0,119.29
1782641679991,4,0,0,153.34
1782641679991,5,0,0,150.21
1782641679991,6,0,0,145.03
1782641679991,7,0,0,150.20
1782641680210,0,0,0,123.64
1782641680210,1,0,0,118.67
1782641680210,2,0,0,113.93
1782641680210,3,0,0,119.30
1782641680210,4,0,0,154.03
1782641680210,5,0,0,149.61
1782641680210,6,0,0,145.17
1782641680210,7,0,0,149.64
1782641680440,0,0,0,123.65
1782641680440,1,0,0,118.66
1782641680440,2,0,0,113.92
1782641680440,3,0,0,119.32
1782641680440,4,0,0,153.38
1782641680440,5,0,0,150.22
1782641680440,6,0,0,125.97
1782641680440,7,0,0,120.54
1782641680660,0,0,0,123.62
1782641680660,1,0,0,118.62
1782641680660,2,0,0,113.90
1782641680660,3,0,0,119.33
1782641680660,4,0,0,119.98
1782641680660,5,0,0,118.58
1782641680660,6,0,0,115.23
1782641680660,7,0,0,121.60
1782641680936,0,0,0,123.63
1782641680936,1,0,0,118.61
1782641680936,2,0,0,113.92
1782641680936,3,0,0,119.34
1782641680936,4,63,26,124.22
1782641680936,5,0,0,118.51
1782641680936,6,87,28,207.09
1782641680936,7,94,46,230.80
1782641681205,0,0,0,123.63
1782641681205,1,0,0,118.57
1782641681205,2,0,0,113.90
1782641681205,3,0,0,119.30
1782641681205,4,100,48,215.62
1782641681205,5,50,17,164.20
1782641681205,6,51,25,222.39
1782641681205,7,0,0,236.53
1782641681434,0,0,0,123.60
1782641681434,1,0,0,118.62
1782641681434,2,0,0,113.91
1782641681434,3,0,0,119.31
1782641681434,4,0,0,230.05
1782641681434,5,100,49,227.28
1782641681434,6,0,0,224.49
1782641681434,7,37,25,279.64
1782641681666,0,0,0,123.61
1782641681666,1,0,0,118.61
1782641681666,2,0,0,113.92
1782641681666,3,0,0,119.29
1782641681666,4,35,23,269.47
1782641681666,5,0,0,233.20
1782641681666,6,37,25,256.05
1782641681666,7,19,13,306.02
1782641681898,0,0,0,123.60
1782641681898,1,0,0,118.58
1782641681898,2,0,0,113.92
1782641681898,3,0,0,119.31
1782641681898,4,27,18,299.14
1782641681898,5,28,19,263.63
1782641681898,6,26,18,281.46
1782641681898,7,17,12,267.17
1782641682133,0,0,0,123.60
1782641682133,1,0,0,118.62
1782641682133,2,0,0,113.93
1782641682133,3,0,0,119.32
1782641682133,4,25,18,300.54
1782641682133,5,26,18,290.36
1782641682133,6,17,12,213.02
1782641682133,7,21,16,247.38
1782641682365,0,0,0,123.63
1782641682365,1,0,0,118.64
1782641682365,2,0,0,113.94
1782641682365,3,0,0,119.31
1782641682365,4,21,17,242.16
1782641682365,5,21,15,221.31
1782641682365,6,23,18,230.40
1782641682365,7,21,16,223.31
1782641682598,0,0,0,123.62
1782641682598,1,0,0,118.63
1782641682598,2,0,0,113.97
1782641682598,3,0,0,119.31
1782641682598,4,18,14,240.03
1782641682598,5,22,17,239.25
1782641682598,6,17,13,237.12
1782641682598,7,18,14,211.72
1782641682832,0,0,0,123.66
1782641682832,1,0,0,118.65
1782641682832,2,0,0,113.97
1782641682832,3,0,0,119.31
1782641682832,4,14,11,219.62
1782641682832,5,20,16,235.77
1782641682832,6,14,11,203.23
1782641682832,7,19,16,190.37
1782641683068,0,0,0,123.66
1782641683068,1,0,0,118.67
1782641683068,2,0,0,113.97
1782641683068,3,0,0,119.31
1782641683068,4,19,16,195.22
1782641683068,5,13,10,208.43
1782641683068,6,19,15,191.08
1782641683068,7,18,15,179.37
1782641683300,0,0,0,123.68
1782641683300,1,0,0,118.69
1782641683300,2,0,0,113.97
1782641683300,3,0,0,119.32
1782641683300,4,13,10,183.15
1782641683300,5,17,13,197.29
1782641683300,6,13,10,181.22
1782641683300,7,25,17,206.73
1782641683536,0,0,0,123.68
1782641683536,1,0,0,118.71
1782641683536,2,0,0,113.93
1782641683536,3,0,0,119.31
1782641683536,4,40,22,192.66
1782641683536,5,18,15,178.67
1782641683536,6,17,14,168.81
1782641683536,7,36,22,254.64
1782641683769,0,0,0,123.70
1782641683769,1,0,0,118.68
1782641683769,2,0,0,113.95
1782641683769,3,0,0,119.32
1782641683769,4,42,24,232.60
1782641683769,5,18,15,194.83
1782641683769,6,30,16,200.48
1782641683769,7,39,27,286.02
1782641684008,0,0,0,123.67
1782641684008,1,0,0,118.66
1782641684008,2,0,0,113.93
1782641684008,3,0,0,119.32
1782641684008,4,40,26,271.64
1782641684008,5,49,28,224.78
1782641684008,6,37,20,223.65
1782641684008,7,38,27,300.51
1782641684246,0,0,0,123.67
1782641684246,1,0,0,118.68
1782641684246,2,0,0,113.93
1782641684246,3,0,0,119.32
1782641684246,4,35,24,304.13
1782641684246,5,30,20,262.57
1782641684246,6,29,20,252.65
1782641684246,7,30,22,289.79
1782641684481,0,0,0,123.67
1782641684481,1,0,0,118.65
1782641684481,2,0,0,113.95
1782641684481,3,0,0,119.33
1782641684481,4,29,21,315.15
1782641684481,5,31,22,273.67
1782641684481,6,35,25,268.85
1782641684481,7,25,20,254.57
1782641684713,0,0,0,123.68
1782641684713,1,0,0,118.67
1782641684713,2,0,0,113.93
1782641684713,3,0,0,119.30
1782641684713,4,28,22,290.37
1782641684713,5,30,22,285.08
1782641684713,6,28,21,259.61
1782641684713,7,0,0,211.02
1782641684949,0,0,0,123.66
1782641684949,1,0,0,118.72
1782641684949,2,0,0,113.94
1782641684949,3,0,0,119.30
1782641684949,4,0,0,217.05
1782641684949,5,26,20,231.09
1782641684949,6,27,22,222.04
1782641684949,7,0,0,183.77
1782641685174,0,0,0,123.68
1782641685174,1,0,0,118.71
1782641685174,2,0,0,113.94
1782641685174,3,0,0,119.29
1782641685174,4,0,0,180.55
1782641685174,5,6,5,199.21
1782641685174,6,0,0,197.09
1782641685174,7,0,0,158.58
1782641685397,0,0,0,123.66
1782641685397,1,0,0,118.72
1782641685397,2,0,0,113.92
1782641685397,3,0,0,119.28
1782641685397,4,0,0,170.11
1782641685397,5,0,0,169.70
1782641685397,6,0,0,168.07
1782641685397,7,0,0,140.34
1782641685620,0,0,0,123.66
1782641685620,1,0,0,118.73
1782641685620,2,0,0,113.92
1782641685620,3,0,0,119.32
1782641685620,4,0,0,145.67
1782641685620,5,37,20,154.95
1782641685620,6,41,22,154.72
1782641685620,7,0,0,140.11
1782641685879,0,0,0,123.66
1782641685879,1,0,0,118.73
1782641685879,2,0,0,113.91
1782641685879,3,0,0,119.30
1782641685879,4,0,0,139.58
1782641685879,5,0,0,143.52
1782641685879,6,0,0,140.61
1782641685879,7,0,0,121.82
1782641686101,0,0,0,123.67
1782641686101,1,0,0,118.68
1782641686101,2,0,0,113.92
1782641686101,3,0,0,119.32
1782641686101,4,0,0,139.34
1782641686101,5,0,0,136.51
1782641686101,6,0,0,134.53
1782641686101,7,0,0,121.69
1782641686323,0,0,0,123.64
1782641686323,1,0,0,118.64
1782641686323,2,0,0,113.91
1782641686323,3,0,0,119.33
1782641686323,4,0,0,132.01
1782641686323,5,0,0,136.96
1782641686323,6,0,0,134.25
1782641686323,7,0,0,121.65
1782641686546,0,0,0,123.65
1782641686546,1,0,0,118.67
1782641686546,2,0,0,113.95
1782641686546,3,0,0,119.32
1782641686546,4,0,0,120.92
1782641686546,5,0,0,123.61
1782641686546,6,0,0,134.02
1782641686546,7,0,0,121.61
1782641686768,0,0,0,123.65
1782641686768,1,0,0,118.67
1782641686768,2,0,0,113.95
1782641686768,3,0,0,119.34
1782641686768,4,0,0,120.89
1782641686768,5,0,0,119.63
1782641686768,6,0,0,116.33
1782641686768,7,0,0,121.56
1782641686989,0,0,0,123.65
1782641686989,1,0,0,118.67
1782641686989,2,0,0,113.95
1782641686989,3,0,0,119.33
1782641686989,4,0,0,120.88
1782641686989,5,0,0,119.59
1782641686989,6,0,0,116.12
1782641686989,7,0,0,121.54
1782641687209,0,0,0,123.65
1782641687209,1,0,0,118.68
1782641687209,2,0,0,113.97
1782641687209,3,0,0,119.35
1782641687209,4,0,0,120.85
1782641687209,5,0,0,119.52
1782641687209,6,0,0,116.14
1782641687209,7,0,0,121.51
1782641687428,0,0,0,123.64
1782641687428,1,0,0,118.65
1782641687428,2,0,0,113.98
1782641687428,3,0,0,119.34
1782641687428,4,0,0,120.90
1782641687428,5,0,0,119.48
1782641687428,6,0,0,116.09
1782641687428,7,0,0,121.50
1782641687648,0,0,0,123.64
1782641687648,1,0,0,118.64
1782641687648,2,0,0,113.99
1782641687648,3,0,0,119.35
1782641687648,4,0,0,120.88
1782641687648,5,0,0,119.49
1782641687648,6,0,0,116.14
1782641687648,7,0,0,121.47
1782641687870,0,0,0,123.61
1782641687870,1,0,0,118.65
1782641687870,2,0,0,113.98
1782641687870,3,0,0,119.35
1782641687870,4,0,0,120.89
1782641687870,5,0,0,119.45
1782641687870,6,0,0,115.98
1782641687870,7,0,0,121.47
1782641688091,0,0,0,123.61
1782641688091,1,0,0,118.64
1782641688091,2,0,0,113.99
1782641688091,3,0,0,119.35
1782641688091,4,0,0,120.86
1782641688091,5,0,0,119.46
1782641688091,6,0,0,116.13
1782641688091,7,0,0,121.45
1782641688311,0,0,0,123.62
1782641688311,1,0,0,118.65
1782641688311,2,0,0,113.98
1782641688311,3,0,0,119.37
1782641688311,4,0,0,120.86
1782641688311,5,0,0,119.44
1782641688311,6,0,0,115.97
1782641688311,7,0,0,121.44
1782641688530,0,0,0,123.61
1782641688530,1,0,0,118.63
1782641688530,2,0,0,113.96
1782641688530,3,0,0,119.36
1782641688530,4,0,0,120.88
1782641688530,5,0,0,119.40
1782641688530,6,0,0,116.11
1782641688530,7,0,0,121.42
1782641688751,0,0,0,123.64
1782641688751,1,0,0,118.64
1782641688751,2,0,0,113.95
1782641688751,3,0,0,119.36
1782641688751,4,0,0,120.89
1782641688751,5,0,0,119.43
1782641688751,6,0,0,116.00
1782641688751,7,0,0,121.40
1782641688972,0,0,0,123.64
1782641688972,1,0,0,118.64
1782641688972,2,0,0,113.96
1782641688972,3,0,0,119.37
1782641688972,4,0,0,120.89
1782641688972,5,0,0,119.42
1782641688972,6,0,0,116.07
1782641688972,7,0,0,121.39
1782641689194,0,0,0,123.67
1782641689194,1,0,0,118.64
1782641689194,2,0,0,113.96
1782641689194,3,0,0,119.38
1782641689194,4,0,0,120.86
1782641689194,5,0,0,119.41
1782641689194,6,0,0,115.98
1782641689194,7,0,0,121.39
1782641689416,0,0,0,123.71
1782641689416,1,0,0,118.64
1782641689416,2,0,0,113.96
1782641689416,3,0,0,119.40
1782641689416,4,0,0,120.85
1782641689416,5,0,0,119.43
1782641689416,6,0,0,116.07
1782641689416,7,0,0,121.37
1782641689638,0,0,0,123.70
1782641689638,1,0,0,118.67
1782641689638,2,0,0,113.97
1782641689638,3,0,0,119.39
1782641689638,4,0,0,120.82
1782641689638,5,0,0,119.38
1782641689638,6,0,0,116.08
1782641689638,7,0,0,121.34
1782641689860,0,0,0,123.68
1782641689860,1,0,0,118.67
1782641689860,2,0,0,113.95
1782641689860,3,0,0,119.41
1782641689860,4,0,0,120.82
1782641689860,5,0,0,119.39
1782641689860,6,0,0,115.99
1782641689860,7,0,0,121.35
1782641690083,0,0,0,123.66
1782641690083,1,0,0,118.66
1782641690083,2,0,0,113.94
1782641690083,3,0,0,119.40
1782641690083,4,0,0,120.81
1782641690083,5,0,0,119.39
1782641690083,6,0,0,116.07
1782641690083,7,0,0,121.34
1782641690305,0,0,0,123.65
1782641690305,1,0,0,118.69
1782641690305,2,0,0,113.93
1782641690305,3,0,0,119.39
1782641690305,4,0,0,120.80
1782641690305,5,0,0,119.39
1782641690305,6,0,0,115.99
1782641690305,7,0,0,121.35
1782641690526,0,0,0,123.64
1782641690526,1,0,0,118.72
1782641690526,2,0,0,113.91
1782641690526,3,0,0,119.39
1782641690526,4,0,0,120.81
1782641690526,5,0,0,119.41
1782641690526,6,0,0,116.07
1782641690526,7,0,0,121.35
1782641690746,0,0,0,123.66
1782641690746,1,0,0,118.69
1782641690746,2,0,0,113.92
1782641690746,3,0,0,119.38
1782641690746,4,0,0,120.82
1782641690746,5,0,0,119.38
1782641690746,6,0,0,115.93
1782641690746,7,0,0,121.37
1782641690966,0,0,0,123.67
1782641690966,1,0,0,118.71
1782641690966,2,0,0,113.92
1782641690966,3,0,0,119.38
1782641690966,4,0,0,120.79
1782641690966,5,0,0,119.42
1782641690966,6,0,0,116.10
1782641690966,7,0,0,121.37
1782641691186,0,0,0,123.69
1782641691186,1,0,0,118.74
1782641691186,2,0,0,113.92
1782641691186,3,0,0,119.36
1782641691186,4,0,0,120.78
1782641691186,5,0,0,119.41
1782641691186,6,0,0,116.02
1782641691186,7,0,0,121.35
1782641691461,0,0,0,123.69
1782641691461,1,0,0,118.73
1782641691461,2,0,0,113.93
1782641691461,3,0,0,119.35
1782641691461,4,0,0,120.80
1782641691461,5,0,0,119.39
1782641691461,6,0,0,116.02
1782641691461,7,0,0,121.38
1782641691680,0,0,0,124.30
1782641691680,1,0,0,119.23
1782641691680,2,1,2,114.43
1782641691680,3,1,2,119.41
1782641691680,4,0,0,120.79
1782641691680,5,1,0,119.41
1782641691680,6,0,0,116.03
1782641691680,7,0,0,121.39
1782641692117,0,0,0,124.32
1782641692117,1,0,0,119.22
1782641692117,2,0,0,114.51
1782641692117,3,0,0,119.08
1782641692117,4,0,0,120.85
1782641692117,5,0,0,119.46
1782641692117,6,0,0,116.70
1782641692117,7,0,0,122.04
1782641692884,0,0,0,123.74
1782641692884,1,0,0,118.75
1782641692884,2,0,0,114.01
1782641692884,3,0,0,118.83
1782641692884,4,1,0,120.20
1782641692884,5,2,0,119.43
1782641692884,6,0,0,116.09
1782641692884,7,1,0,121.39
1782641693646,0,0,0,123.74
1782641693646,1,0,0,118.73
1782641693646,2,0,0,114.05
1782641693646,3,0,0,118.88
1782641693646,4,0,0,120.22
1782641693646,5,0,0,119.39
1782641693646,6,0,0,116.05
1782641693646,7,0,0,121.40
1782641694212,0,0,0,123.74
1782641694212,1,0,0,118.73
1782641694212,2,0,0,114.08
1782641694212,3,0,0,118.85
1782641694212,4,1,0,120.35
1782641694212,5,1,0,119.63
1782641694212,6,0,0,116.13
1782641694212,7,1,0,121.49
1782641694601,0,0,0,123.74
1782641694601,1,0,0,118.74
1782641694601,2,0,0,114.08
1782641694601,3,0,0,118.84
1782641694601,4,0,0,120.33
1782641694601,5,0,0,119.57
1782641694601,6,0,0,116.19
1782641694601,7,0,0,121.47
1782641694978,0,0,0,127.32
1782641694978,1,0,0,120.69
1782641694978,2,0,0,116.73
1782641694978,3,0,0,120.71
1782641694978,4,2,0,120.71
1782641694978,5,0,0,120.10
1782641694978,6,0,0,116.42
1782641694978,7,2,0,121.75
1782641695239,0,90,28,164.13
1782641695239,1,100,13,155.53
1782641695239,2,82,40,157.63
1782641695239,3,65,43,161.93
1782641695239,4,0,0,127.64
1782641695239,5,14,6,126.89
1782641695239,6,0,0,121.83
1782641695239,7,0,0,128.11
1782641695752,0,100,0,165.84
1782641695752,1,100,0,156.26
1782641695752,2,0,0,157.99
1782641695752,3,0,0,161.92
1782641695752,4,0,0,129.75
1782641695752,5,13,3,128.88
1782641695752,6,0,0,123.66
1782641695752,7,0,0,129.05
1782641696129,0,28,11,156.05
1782641696129,1,0,0,143.90
1782641696129,2,0,0,133.46
1782641696129,3,0,0,138.71
1782641696129,4,0,0,143.27
1782641696129,5,18,10,138.20
1782641696129,6,25,14,137.92
1782641696129,7,0,0,141.28
1782641696394,0,0,0,142.21
1782641696394,1,0,0,131.15
1782641696394,2,0,0,114.71
1782641696394,3,0,0,120.29
1782641696394,4,5,1,138.77
1782641696394,5,0,0,134.84
1782641696394,6,0,0,132.95
1782641696394,7,5,1,136.48
1782641696622,0,0,0,141.37
1782641696622,1,0,0,130.47
1782641696622,2,0,0,114.64
1782641696622,3,0,0,120.15
1782641696622,4,0,0,139.23
1782641696622,5,0,0,134.51
1782641696622,6,0,0,132.86
1782641696622,7,5,1,136.87
1782641696871,0,35,5,142.71
1782641696871,1,0,0,131.97
1782641696871,2,37,6,116.79
1782641696871,3,46,7,122.14
1782641696871,4,10,2,137.90
1782641696871,5,0,0,133.76
1782641696871,6,0,0,132.58
1782641696871,7,11,2,136.26
1782641697139,0,0,0,125.79
1782641697139,1,0,0,121.37
1782641697139,2,0,0,116.85
1782641697139,3,0,0,122.15
1782641697139,4,0,0,120.85
1782641697139,5,0,0,119.89
1782641697139,6,0,0,116.82
1782641697139,7,0,0,122.07
1782641697519,0,0,0,123.90
1782641697519,1,0,0,119.44
1782641697519,2,0,0,114.67
1782641697519,3,0,0,120.07
1782641697519,4,0,0,120.23
1782641697519,5,0,0,119.41
1782641697519,6,0,0,116.13
1782641697519,7,0,0,121.39
1782641698245,0,0,0,123.85
1782641698245,1,0,0,119.44
1782641698245,2,0,0,114.59
1782641698245,3,0,0,120.07
1782641698245,4,0,0,120.24
1782641698245,5,0,0,119.43
1782641698245,6,0,0,116.08
1782641698245,7,0,0,121.40
1782641698494,0,0,0,123.86
1782641698494,1,0,0,119.42
1782641698494,2,0,0,114.60
1782641698494,3,0,0,120.02
1782641698494,4,0,0,120.24
1782641698494,5,0,0,119.46
1782641698494,6,0,0,116.02
1782641698494,7,0,0,121.41
1782641698718,0,0,0,123.81
1782641698718,1,0,0,119.38
1782641698718,2,0,0,114.62
1782641698718,3,0,0,120.03
1782641698718,4,0,0,120.23
1782641698718,5,0,0,119.41
1782641698718,6,0,0,116.04
1782641698718,7,0,0,121.42
1782641698944,0,0,0,123.79
1782641698944,1,0,0,119.37
1782641698944,2,0,0,114.60
1782641698944,3,0,0,120.06
1782641698944,4,0,0,120.24
1782641698944,5,0,0,119.45
1782641698944,6,0,0,115.95
1782641698944,7,0,0,121.43
1782641699169,0,0,0,123.77
1782641699169,1,0,0,119.37
1782641699169,2,0,0,114.60
1782641699169,3,0,0,120.05
1782641699169,4,0,0,120.24
1782641699169,5,0,0,119.41
1782641699169,6,0,0,116.10
1782641699169,7,0,0,121.42
1782641699393,0,0,0,123.79
1782641699393,1,0,0,119.37
1782641699393,2,0,0,114.60
1782641699393,3,0,0,120.06
1782641699393,4,0,0,120.27
1782641699393,5,0,0,119.35
1782641699393,6,0,0,115.94
1782641699393,7,0,0,121.41
1782641699642,0,0,0,123.77
1782641699642,1,0,0,119.35
1782641699642,2,0,0,114.56
1782641699642,3,0,0,120.04
1782641699642,4,0,0,120.29
1782641699642,5,0,0,119.36
1782641699642,6,0,0,116.01
1782641699642,7,0,0,121.39
1782641699875,0,0,0,123.77
1782641699875,1,0,0,119.32
1782641699875,2,0,0,114.55
1782641699875,3,0,0,120.06
1782641699875,4,0,0,120.28
1782641699875,5,0,0,119.39
1782641699875,6,0,0,115.96
1782641699875,7,0,0,121.37
1782641700102,0,0,0,123.78
1782641700102,1,0,0,119.36
1782641700102,2,0,0,114.59
1782641700102,3,0,0,120.08
1782641700102,4,0,0,120.28
1782641700102,5,0,0,119.37
1782641700102,6,0,0,116.08
1782641700102,7,0,0,121.35
1782641700752,0,0,0,123.77
1782641700752,1,0,0,119.39
1782641700752,2,0,0,114.65
1782641700752,3,0,0,120.08
1782641700752,4,0,0,120.29
1782641700752,5,0,0,119.40
1782641700752,6,0,0,116.04
1782641700752,7,0,0,121.34
1782641701322,0,0,0,123.81
1782641701322,1,0,0,119.36
1782641701322,2,0,0,114.65
1782641701322,3,0,0,120.10
1782641701322,4,0,0,120.32
1782641701322,5,0,0,119.42
1782641701322,6,0,0,116.04
1782641701322,7,0,0,121.33
1782641701669,0,0,0,123.82
1782641701669,1,0,0,119.39
1782641701669,2,0,0,114.65
1782641701669,3,0,0,120.12
1782641701669,4,0,0,120.30
1782641701669,5,0,0,119.40
1782641701669,6,0,0,116.14
1782641701669,7,0,0,121.33
1782641701894,0,0,0,123.82
1782641701894,1,0,0,119.35
1782641701894,2,0,0,114.63
1782641701894,3,0,0,120.10
1782641701894,4,0,0,120.27
1782641701894,5,0,0,119.33
1782641701894,6,0,0,116.00
1782641701894,7,0,0,121.31
1782641702121,0,0,0,123.81
1782641702121,1,0,0,119.35
1782641702121,2,0,0,114.63
1782641702121,3,0,0,120.04
1782641702121,4,0,0,120.27
1782641702121,5,0,0,119.37
1782641702121,6,0,0,116.13
1782641702121,7,0,0,121.33
1782641702347,0,0,0,123.79
1782641702347,1,0,0,119.36
1782641702347,2,0,0,114.62
1782641702347,3,0,0,120.10
1782641702347,4,0,0,120.23
1782641702347,5,0,0,119.38
1782641702347,6,0,0,116.14
1782641702347,7,0,0,121.33
1782641702609,0,0,0,123.79
1782641702609,1,0,0,119.36
1782641702609,2,0,0,114.61
1782641702609,3,0,0,120.08
1782641702609,4,0,0,120.22
1782641702609,5,0,0,119.34
1782641702609,6,0,0,116.05
1782641702609,7,0,0,121.32
1782641702834,0,0,0,123.81
1782641702834,1,0,0,119.34
1782641702834,2,0,0,114.62
1782641702834,3,0,0,120.10
1782641702834,4,0,0,120.22
1782641702834,5,0,0,119.38
1782641702834,6,0,0,116.11
1782641702834,7,0,0,121.36
1782641703060,0,0,0,123.79
1782641703060,1,0,0,119.31
1782641703060,2,0,0,114.61
1782641703060,3,0,0,120.07
1782641703060,4,0,0,120.24
1782641703060,5,0,0,119.37
1782641703060,6,0,0,115.99
1782641703060,7,0,0,121.34
1782641703286,0,0,0,123.82
1782641703286,1,0,0,119.35
1782641703286,2,0,0,114.60
1782641703286,3,0,0,120.03
1782641703286,4,0,0,120.23
1782641703286,5,0,0,119.35
1782641703286,6,0,0,116.16
1782641703286,7,0,0,121.35
1782641703511,0,0,0,123.82
1782641703511,1,0,0,119.35
1782641703511,2,0,0,114.60
1782641703511,3,0,0,119.99
1782641703511,4,0,0,120.26
1782641703511,5,0,0,119.33
1782641703511,6,0,0,116.00
1782641703511,7,0,0,121.36
1782641703757,0,0,0,123.82
1782641703757,1,0,0,119.33
1782641703757,2,0,0,114.58
1782641703757,3,0,0,119.98
1782641703757,4,0,0,120.27
1782641703757,5,0,0,119.32
1782641703757,6,0,0,116.09
1782641703757,7,0,0,121.37
1782641704013,0,0,0,123.81
1782641704013,1,0,0,119.32
1782641704013,2,0,0,114.59
1782641704013,3,0,0,119.99
1782641704013,4,0,0,120.26
1782641704013,5,0,0,119.30
1782641704013,6,0,0,116.14
1782641704013,7,0,0,121.38
1782641704424,0,0,0,123.80
1782641704424,1,0,0,119.29
1782641704424,2,0,0,114.61
1782641704424,3,0,0,120.02
1782641704424,4,6,5,122.73
1782641704424,5,0,0,120.55
1782641704424,6,0,0,116.89
1782641704424,7,0,0,122.16
1782641704863,0,0,0,123.80
1782641704863,1,0,0,119.29
1782641704863,2,0,0,114.64
1782641704863,3,0,0,120.05
1782641704863,4,0,0,123.31
1782641704863,5,0,0,120.87
1782641704863,6,0,0,117.13
1782641704863,7,0,0,122.34
1782641705092,0,0,0,123.79
1782641705092,1,0,0,119.28
1782641705092,2,0,0,114.63
1782641705092,3,0,0,120.06
1782641705092,4,0,0,123.35
1782641705092,5,34,22,172.07
1782641705092,6,0,0,117.01
1782641705092,7,0,0,122.32
1782641705321,0,0,0,123.85
1782641705321,1,0,0,119.28
1782641705321,2,0,0,114.65
1782641705321,3,0,0,120.00
1782641705321,4,92,76,441.57
1782641705321,5,88,73,509.75
1782641705321,6,97,76,455.56
1782641705321,7,93,75,463.48
1782641706104,0,0,0,123.78
1782641706104,1,0,0,119.29
1782641706104,2,0,0,114.64
1782641706104,3,0,0,120.04
1782641706104,4,100,88,492.16
1782641706104,5,100,88,439.90
1782641706104,6,100,88,434.33
1782641706104,7,0,0,328.07
1782641706836,0,0,0,123.78
1782641706836,1,0,0,119.31
1782641706836,2,0,0,114.64
1782641706836,3,0,0,120.01
1782641706836,4,0,0,360.32
1782641706836,5,0,0,367.56
1782641706836,6,0,0,299.29
1782641706836,7,0,0,188.99
1782641707149,0,0,0,124.84
1782641707149,1,0,0,120.20
1782641707149,2,0,0,115.49
1782641707149,3,0,0,121.93
1782641707149,4,2,0,209.65
1782641707149,5,0,0,217.98
1782641707149,6,0,0,122.91
1782641707149,7,0,0,125.20
1782641707922,0,56,8,129.92
1782641707922,1,1,0,125.06
1782641707922,2,1,0,120.46
1782641707922,3,0,0,125.53
1782641707922,4,1,0,132.16
1782641707922,5,0,0,130.19
1782641707922,6,0,0,126.63
1782641707922,7,0,0,131.60
1782641708534,0,0,0,129.92
1782641708534,1,1,0,124.86
1782641708534,2,0,0,120.44
1782641708534,3,0,0,125.54
1782641708534,4,0,0,131.97
1782641708534,5,0,0,129.92
1782641708534,6,0,0,126.22
1782641708534,7,0,0,131.54
1782641708743,0,0,0,129.89
1782641708743,1,0,0,123.75
1782641708743,2,0,0,120.46
1782641708743,3,0,0,125.59
1782641708743,4,0,0,131.79
1782641708743,5,0,0,129.91
1782641708743,6,0,0,121.24
1782641708743,7,0,0,129.20
1782641708951,0,0,0,129.90
1782641708951,1,0,0,123.77
1782641708951,2,0,0,119.16
1782641708951,3,0,0,125.56
1782641708951,4,0,0,131.69
1782641708951,5,0,0,129.73
1782641708951,6,0,0,121.17
1782641708951,7,0,0,126.11
1782641709160,0,0,0,129.90
1782641709160,1,0,0,123.70
1782641709160,2,0,0,119.08
1782641709160,3,0,0,124.26
1782641709160,4,0,0,126.40
1782641709160,5,0,0,125.55
1782641709160,6,0,0,121.01
1782641709160,7,0,0,126.10
1782641709366,0,0,0,128.18
1782641709366,1,0,0,123.70
1782641709366,2,0,0,119.03
1782641709366,3,0,0,124.26
1782641709366,4,0,0,126.39
1782641709366,5,0,0,124.45
1782641709366,6,0,0,121.14
1782641709366,7,0,0,126.11
