[cr-shim] PID 3701767: ready (suspend=sig35, resume=sig36)
[cr-shim] PID 3701769: ready (suspend=sig35, resume=sig36)
INFO 08-05 23:05:42 [nixl_utils.py:20] Setting UCX_RCACHE_MAX_UNRELEASED to '1024' to avoid a rare memory leak in UCX when using NIXL.
WARNING 08-05 23:05:42 [nixl_utils.py:34] NIXL is not available
WARNING 08-05 23:05:42 [nixl_utils.py:44] NIXL agent config is not available
[cr-shim] PID 3702285: ready (suspend=sig35, resume=sig36)
[cr-shim] PID 3702287: ready (suspend=sig35, resume=sig36)
[cr-shim] PID 3702288: ready (suspend=sig35, resume=sig36)
[cr-shim] PID 3702297: ready (suspend=sig35, resume=sig36)
[cr-shim] PID 3702299: ready (suspend=sig35, resume=sig36)
[cr-shim] PID 3702300: ready (suspend=sig35, resume=sig36)
[ELASTIC MAIN] injected PYTHONPATH=/workspace/m1 into ray runtime_env
ray init kwargs: {'num_cpus': None, 'runtime_env': {'env_vars': {'TOKENIZERS_PARALLELISM': 'true', 'NCCL_DEBUG': 'WARN', 'VLLM_LOGGING_LEVEL': 'WARN', 'VLLM_ALLOW_RUNTIME_LORA_UPDATING': 'true', 'VLLM_DISABLE_COMPILE_CACHE': '1', 'HCCL_HOST_SOCKET_PORT_RANGE': 'auto', 'HCCL_NPU_SOCKET_PORT_RANGE': 'auto', 'HSA_NO_SCRATCH_RECLAIM': '1', 'PYTHONHASHSEED': '0', 'VERL_FULL_DETERMINISM': '0', 'VLLM_BATCH_INVARIANT': '0', 'VERL_RL_INSIGHT_ENABLE': '0', 'PYTHONPATH': '/workspace/m1'}, 'working_dir': None}}
2026-08-05 23:05:46,792	INFO worker.py:2003 -- Started a local Ray instance. View the dashboard at [1m[32mhttp://127.0.0.1:8265 [39m[22m
/usr/local/lib/python3.12/dist-packages/ray/_private/worker.py:2051: FutureWarning: Tip: In future versions of Ray, Ray will no longer override accelerator visible devices env var if num_gpus=0 or num_gpus=None (default). To enable this behavior and turn off this error message, set RAY_ACCEL_ENV_VAR_OVERRIDE_ON_ZERO=0
  warnings.warn(
[33m(raylet)[0m [cr-shim] PID 3706303: ready (suspend=sig35, resume=sig36)
[36m(pid=3706303)[0m WARNING:2026-08-05 23:05:53,408:Platform 'nvidia' (PlatformCUDA) is registered but not available. This may be due to this ray actor being a CPU-only actor.
[33m(raylet)[0m [cr-shim] PID 3706303: ready (suspend=sig35, resume=sig36)[32m [repeated 2x across cluster] (Ray deduplicates logs by default. Set RAY_DEDUP_LOGS=0 to disable log deduplication, or see https://docs.ray.io/en/master/ray-observability/user-guides/configure-logging.html#log-deduplication for more options.)[0m
[36m(pid=3706303)[0m W0805 23:05:54.129000 3706303 torch/utils/cpp_extension.py:140] No CUDA runtime is found, using CUDA_HOME='/usr/local/cuda'
[36m(pid=3706303)[0m WARNING 08-05 23:05:58 [nixl_utils.py:34] NIXL is not available
[36m(pid=3706303)[0m WARNING 08-05 23:05:58 [nixl_utils.py:44] NIXL agent config is not available
[36m(ElasticFullyAsyncTaskRunner pid=3706303)[0m [ASYNC MAIN] Starting fully async PPO training...
[36m(ElasticFullyAsyncTaskRunner pid=3706303)[0m [ELASTIC MAIN] TaskRunner hostname: elastic-m1-zc8xk, PID: 3706303
[36m(ElasticFullyAsyncTaskRunner pid=3706303)[0m {'actor_rollout_ref': {'actor': {'_target_': 'verl.workers.config.FSDPActorConfig',
[36m(ElasticFullyAsyncTaskRunner pid=3706303)[0m                                  'calculate_entropy': False,
[36m(ElasticFullyAsyncTaskRunner pid=3706303)[0m                                  'calculate_sum_pi_squared': False,
[36m(ElasticFullyAsyncTaskRunner pid=3706303)[0m                                  'checkpoint': {'_target_': 'verl.trainer.config.CheckpointConfig',
[36m(ElasticFullyAsyncTaskRunner pid=3706303)[0m                                                 'async_save': False,
[36m(ElasticFullyAsyncTaskRunner pid=3706303)[0m                                                 'load_contents': ['model',
[36m(ElasticFullyAsyncTaskRunner pid=3706303)[0m                                                                   'optimizer',
[36m(ElasticFullyAsyncTaskRunner pid=3706303)[0m                                                                   'extra'],
[36m(ElasticFullyAsyncTaskRunner pid=3706303)[0m                                                 'save_contents': ['model',
[36m(ElasticFullyAsyncTaskRunner pid=3706303)[0m                                                                   'optimizer',
[36m(ElasticFullyAsyncTaskRunner pid=3706303)[0m                                                                   'extra'],
[36m(ElasticFullyAsyncTaskRunner pid=3706303)[0m                                                 'strict': True},
[36m(ElasticFullyAsyncTaskRunner pid=3706303)[0m                                  'clip_ratio': 0.2,
[36m(ElasticFullyAsyncTaskRunner pid=3706303)[0m                                  'clip_ratio_c': 3.0,
[36m(ElasticFullyAsyncTaskRunner pid=3706303)[0m                                  'clip_ratio_high': 0.2,
[36m(ElasticFullyAsyncTaskRunner pid=3706303)[0m                                  'clip_ratio_low': 0.2,
[36m(ElasticFullyAsyncTaskRunner pid=3706303)[0m                                  'data_loader_seed': 42,
[36m(ElasticFullyAsyncTaskRunner pid=3706303)[0m                                  'entropy_checkpointing': False,
[36m(ElasticFullyAsyncTaskRunner pid=3706303)[0m                                  'entropy_coeff': 0,
[36m(ElasticFullyAsyncTaskRunner pid=3706303)[0m                                  'entropy_from_logits_chunk_size': 2048,
[36m(ElasticFullyAsyncTaskRunner pid=3706303)[0m                                  'entropy_from_logits_with_chunking': False,
[36m(ElasticFullyAsyncTaskRunner pid=3706303)[0m                                  'freeze_vision_tower': False,
[36m(ElasticFullyAsyncTaskRunner pid=3706303)[0m                                  'fsdp_config': {'_target_': 'verl.workers.config.FSDPEngineConfig',
[36m(ElasticFullyAsyncTaskRunner pid=3706303)[0m                                                  'dtype': 'bfloat16',
[36m(ElasticFullyAsyncTaskRunner pid=3706303)[0m                                                  'entropy_checkpointing': False,
[36m(ElasticFullyAsyncTaskRunner pid=3706303)[0m                                                  'entropy_from_logits_chunk_size': 2048,
[36m(ElasticFullyAsyncTaskRunner pid=3706303)[0m                                                  'entropy_from_logits_with_chunking': False,
[36m(ElasticFullyAsyncTaskRunner pid=3706303)[0m                                                  'forward_only': False,
[36m(ElasticFullyAsyncTaskRunner pid=3706303)[0m                                                  'forward_prefetch': False,
[36m(ElasticFullyAsyncTaskRunner pid=3706303)[0m                                                  'fsdp_size': -1,
[36m(ElasticFullyAsyncTaskRunner pid=3706303)[0m                                                  'full_determinism': False,
[36m(ElasticFullyAsyncTaskRunner pid=3706303)[0m                                                  'model_dtype': 'fp32',
[36m(ElasticFullyAsyncTaskRunner pid=3706303)[0m                                                  'offload_policy': False,
[36m(ElasticFullyAsyncTaskRunner pid=3706303)[0m                                                  'optimizer_offload': False,
[36m(ElasticFullyAsyncTaskRunner pid=3706303)[0m                                                  'param_offload': False,
[36m(ElasticFullyAsyncTaskRunner pid=3706303)[0m                                                  'qat': {'_target_': 'verl.workers.config.QATEngineConfig',
[36m(ElasticFullyAsyncTaskRunner pid=3706303)[0m                                                          'activation_observer': 'static_minmax',
[36m(ElasticFullyAsyncTaskRunner pid=3706303)[0m                                                          'enable': False,
[36m(ElasticFullyAsyncTaskRunner pid=3706303)[0m                                                          'group_size': 16,
[36m(ElasticFullyAsyncTaskRunner pid=3706303)[0m                                                          'ignore_patterns': ['lm_head',
[36m(ElasticFullyAsyncTaskRunner pid=3706303)[0m                                                                              'embed_tokens',
[36m(ElasticFullyAsyncTaskRunner pid=3706303)[0m                                                                              're:.*mlp.gate$'],
[36m(ElasticFullyAsyncTaskRunner pid=3706303)[0m                                                          'mode': 'w4a16',
[36m(ElasticFullyAsyncTaskRunner pid=3706303)[0m                                                          'quantization_config_path': None},
[36m(ElasticFullyAsyncTaskRunner pid=3706303)[0m                                                  'reshard_after_forward': True,
[36m(ElasticFullyAsyncTaskRunner pid=3706303)[0m                                                  'seed': 42,
[36m(ElasticFullyAsyncTaskRunner pid=3706303)[0m                                                  'strategy': 'fsdp',
[36m(ElasticFullyAsyncTaskRunner pid=3706303)[0m                                                  'ulysses_sequence_parallel_size': 1,
[36m(ElasticFullyAsyncTaskRunner pid=3706303)[0m                                                  'use_orig_params': False,
[36m(ElasticFullyAsyncTaskRunner pid=3706303)[0m                                                  'use_torch_compile': True,
[36m(ElasticFullyAsyncTaskRunner pid=3706303)[0m                                                  'wrap_policy': {'min_num_params': 0}},
[36m(ElasticFullyAsyncTaskRunner pid=3706303)[0m                                  'grad_clip': 1.0,
[36m(ElasticFullyAsyncTaskRunner pid=3706303)[0m                                  'kl_loss_coef': 0.0,
[36m(ElasticFullyAsyncTaskRunner pid=3706303)[0m                                  'kl_loss_type': 'low_var_kl',
[36m(ElasticFullyAsyncTaskRunner pid=3706303)[0m                                  'loss_agg_mode': 'token-mean',
[36m(ElasticFullyAsyncTaskRunner pid=3706303)[0m                                  'loss_scale_factor': None,
[36m(ElasticFullyAsyncTaskRunner pid=3706303)[0m                                  'optim': {'_target_': 'verl.workers.config.FSDPOptimizerConfig',
[36m(ElasticFullyAsyncTaskRunner pid=3706303)[0m                                            'betas': [0.9, 0.999],
[36m(ElasticFullyAsyncTaskRunner pid=3706303)[0m                                            'clip_grad': 1.0,
[36m(ElasticFullyAsyncTaskRunner pid=3706303)[0m                                            'lr': 1e-06,
[36m(ElasticFullyAsyncTaskRunner pid=3706303)[0m                                            'lr_scheduler_type': 'constant',
[36m(ElasticFullyAsyncTaskRunner pid=3706303)[0m                                            'lr_warmup_steps': -1,
[36m(ElasticFullyAsyncTaskRunner pid=3706303)[0m                                            'lr_warmup_steps_ratio': 0.0,
[36m(ElasticFullyAsyncTaskRunner pid=3706303)[0m                                            'min_lr_ratio': 0.0,
[36m(ElasticFullyAsyncTaskRunner pid=3706303)[0m                                            'num_cycles': 0.5,
[36m(ElasticFullyAsyncTaskRunner pid=3706303)[0m                                            'optimizer': 'AdamW',
[36m(ElasticFullyAsyncTaskRunner pid=3706303)[0m                                            'optimizer_impl': 'torch.optim',
[36m(ElasticFullyAsyncTaskRunner pid=3706303)[0m                                            'override_optimizer_config': None,
[36m(ElasticFullyAsyncTaskRunner pid=3706303)[0m                                            'total_training_steps': -1,
[36m(ElasticFullyAsyncTaskRunner pid=3706303)[0m                                            'warmup_style': None,
[36m(ElasticFullyAsyncTaskRunner pid=3706303)[0m                                            'weight_decay': 0.01,
[36m(ElasticFullyAsyncTaskRunner pid=3706303)[0m                                            'zero_indexed_step': True},
[36m(ElasticFullyAsyncTaskRunner pid=3706303)[0m                                  'policy_loss'
[36m(ElasticFullyAsyncTaskRunner pid=3706303)[0m : {'_target_': 'verl.workers.config.PolicyLossConfig',
[36m(ElasticFullyAsyncTaskRunner pid=3706303)[0m                                                  'clip_cov_lb': 1.0,
[36m(ElasticFullyAsyncTaskRunner pid=3706303)[0m                                                  'clip_cov_ratio': 0.0002,
[36m(ElasticFullyAsyncTaskRunner pid=3706303)[0m                                                  'clip_cov_ub': 5.0,
[36m(ElasticFullyAsyncTaskRunner pid=3706303)[0m                                                  'kl_cov_ratio': 0.0002,
[36m(ElasticFullyAsyncTaskRunner pid=3706303)[0m                                                  'loss_mode': 'vanilla',
[36m(ElasticFullyAsyncTaskRunner pid=3706303)[0m                                                  'ppo_kl_coef': 0.1},
[36m(ElasticFullyAsyncTaskRunner pid=3706303)[0m                                  'ppo_epochs': 1,
[36m(ElasticFullyAsyncTaskRunner pid=3706303)[0m                                  'ppo_max_token_len_per_gpu': 32768,
[36m(ElasticFullyAsyncTaskRunner pid=3706303)[0m                                  'ppo_micro_batch_size': None,
[36m(ElasticFullyAsyncTaskRunner pid=3706303)[0m                                  'ppo_micro_batch_size_per_gpu': 1,
[36m(ElasticFullyAsyncTaskRunner pid=3706303)[0m                                  'ppo_mini_batch_size': 64,
[36m(ElasticFullyAsyncTaskRunner pid=3706303)[0m                                  'profiler': {'_target_': 'verl.utils.profiler.ProfilerConfig',
[36m(ElasticFullyAsyncTaskRunner pid=3706303)[0m                                               'all_ranks': False,
[36m(ElasticFullyAsyncTaskRunner pid=3706303)[0m                                               'enable': False,
[36m(ElasticFullyAsyncTaskRunner pid=3706303)[0m                                               'ranks': [],
[36m(ElasticFullyAsyncTaskRunner pid=3706303)[0m                                               'save_path': 'outputs/profile',
[36m(ElasticFullyAsyncTaskRunner pid=3706303)[0m                                               'tool': None,
[36m(ElasticFullyAsyncTaskRunner pid=3706303)[0m                                               'tool_config': {'npu': {'_target_': 'verl.utils.profiler.config.NPUToolConfig',
[36m(ElasticFullyAsyncTaskRunner pid=3706303)[0m                                                                       'analysis': True,
[36m(ElasticFullyAsyncTaskRunner pid=3706303)[0m                                                                       'contents': [],
[36m(ElasticFullyAsyncTaskRunner pid=3706303)[0m                                                                       'discrete': False,
[36m(ElasticFullyAsyncTaskRunner pid=3706303)[0m                                                                       'level': 'level0'},
[36m(ElasticFullyAsyncTaskRunner pid=3706303)[0m                                                               'nsys': {'_target_': 'verl.utils.profiler.config.NsightToolConfig',
[36m(ElasticFullyAsyncTaskRunner pid=3706303)[0m                                                                        'discrete': False},
[36m(ElasticFullyAsyncTaskRunner pid=3706303)[0m                                                               'precision_debugger': {'_target_': 'verl.utils.profiler.config.PrecisionDebuggerToolConfig',
[36m(ElasticFullyAsyncTaskRunner pid=3706303)[0m                                                                                      'config_path': None,
[36m(ElasticFullyAsyncTaskRunner pid=3706303)[0m                                                                                      'stages': None,
[36m(ElasticFullyAsyncTaskRunner pid=3706303)[0m                                                                                      'steps': None,
[36m(ElasticFullyAsyncTaskRunner pid=3706303)[0m                                                                                      'strict': False},
[36m(ElasticFullyAsyncTaskRunner pid=3706303)[0m                                                               'torch': {'_target_': 'verl.utils.profiler.config.TorchProfilerToolConfig',
[36m(ElasticFullyAsyncTaskRunner pid=3706303)[0m                                                                         'contents': [],
[36m(ElasticFullyAsyncTaskRunner pid=3706303)[0m                                                                         'discrete': False,
[36m(ElasticFullyAsyncTaskRunner pid=3706303)[0m                                                                         'schedule': {'_target_': 'verl.utils.profiler.config.TorchProfilerScheduleConfig',
[36m(ElasticFullyAsyncTaskRunner pid=3706303)[0m                                                                                      'active': 0,
[36m(ElasticFullyAsyncTaskRunner pid=3706303)[0m                                                                                      'repeat': 0,
[36m(ElasticFullyAsyncTaskRunner pid=3706303)[0m                                                                                      'skip_first': 0,
[36m(ElasticFullyAsyncTaskRunner pid=3706303)[0m                                                                                      'wait': 0,
[36m(ElasticFullyAsyncTaskRunner pid=3706303)[0m                                                                                      'warmup': 0}},
[36m(ElasticFullyAsyncTaskRunner pid=3706303)[0m                                                               'torch_memory': {'_target_': 'verl.utils.profiler.config.TorchMemoryToolConfig',
[36m(ElasticFullyAsyncTaskRunner pid=3706303)[0m                                                                                'stack_depth': 32,
[36m(ElasticFullyAsyncTaskRunner pid=3706303)[0m                                                                                'trace_alloc_max_entries': 100000}}},
[36m(ElasticFullyAsyncTaskRunner pid=3706303)[0m                                  'qat': {
[36m(ElasticFullyAsyncTaskRunner pid=3706303)[0m 'activation_observer': 'static_minmax',
[36m(ElasticFullyAsyncTaskRunner pid=3706303)[0m                                          'enable': False,
[36m(ElasticFullyAsyncTaskRunner pid=3706303)[0m                                          'group_size': 16,
[36m(ElasticFullyAsyncTaskRunner pid=3706303)[0m                                          'ignore_patterns': ['lm_head',
[36m(ElasticFullyAsyncTaskRunner pid=3706303)[0m                                                              'embed_tokens',
[36m(ElasticFullyAsyncTaskRunner pid=3706303)[0m                                                              're:.*mlp.gate$'],
[36m(ElasticFullyAsyncTaskRunner pid=3706303)[0m                                          'mode': 'w4a16',
[36m(ElasticFullyAsyncTaskRunner pid=3706303)[0m                                          'quantization_config_path': None},
[36m(ElasticFullyAsyncTaskRunner pid=3706303)[0m                                  'rollout_n': 8,
[36m(ElasticFullyAsyncTaskRunner pid=3706303)[0m                                  'router_replay': {'_target_': 'verl.workers.config.RouterReplayConfig',
[36m(ElasticFullyAsyncTaskRunner pid=3706303)[0m                                                    'mode': 'disabled',
[36m(ElasticFullyAsyncTaskRunner pid=3706303)[0m                                                    'record_file': None,
[36m(ElasticFullyAsyncTaskRunner pid=3706303)[0m                                                    'replay_file': None},
[36m(ElasticFullyAsyncTaskRunner pid=3706303)[0m                                  'shuffle': False,
[36m(ElasticFullyAsyncTaskRunner pid=3706303)[0m                                  'strategy': 'fsdp',
[36m(ElasticFullyAsyncTaskRunner pid=3706303)[0m                                  'tau_neg': 1.05,
[36m(ElasticFullyAsyncTaskRunner pid=3706303)[0m                                  'tau_pos': 1.0,
[36m(ElasticFullyAsyncTaskRunner pid=3706303)[0m                                  'ulysses_sequence_parallel_size': 1,
[36m(ElasticFullyAsyncTaskRunner pid=3706303)[0m                                  'use_dynamic_bsz': True,
[36m(ElasticFullyAsyncTaskRunner pid=3706303)[0m                                  'use_fused_kernels': False,
[36m(ElasticFullyAsyncTaskRunner pid=3706303)[0m                                  'use_kl_loss': False,
[36m(ElasticFullyAsyncTaskRunner pid=3706303)[0m                                  'use_prefix_grouper': False,
[36m(ElasticFullyAsyncTaskRunner pid=3706303)[0m                                  'use_remove_padding': True,
[36m(ElasticFullyAsyncTaskRunner pid=3706303)[0m                                  'use_rollout_log_probs': True,
[36m(ElasticFullyAsyncTaskRunner pid=3706303)[0m                                  'use_torch_compile': True},
[36m(ElasticFullyAsyncTaskRunner pid=3706303)[0m                        'hybrid_engine': False,
[36m(ElasticFullyAsyncTaskRunner pid=3706303)[0m                        'model': {'_target_': 'verl.workers.config.HFModelConfig',
[36m(ElasticFullyAsyncTaskRunner pid=3706303)[0m                                  'custom_chat_template': None,
[36m(ElasticFullyAsyncTaskRunner pid=3706303)[0m                                  'enable_activation_offload': False,
[36m(ElasticFullyAsyncTaskRunner pid=3706303)[0m                                  'enable_gradient_checkpointing': True,
[36m(ElasticFullyAsyncTaskRunner pid=3706303)[0m                                  'exclude_modules': None,
[36m(ElasticFullyAsyncTaskRunner pid=3706303)[0m                                  'external_lib': None,
[36m(ElasticFullyAsyncTaskRunner pid=3706303)[0m                                  'fused_kernel_options': {'impl_backend': 'torch'},
[36m(ElasticFullyAsyncTaskRunner pid=3706303)[0m                                  'hf_config_path': None,
[36m(ElasticFullyAsyncTaskRunner pid=3706303)[0m                                  'lora': {'a2a_experimental': False,
[36m(ElasticFullyAsyncTaskRunner pid=3706303)[0m                                           'adapter_path': None,
[36m(ElasticFullyAsyncTaskRunner pid=3706303)[0m                                           'alpha': 32,
[36m(ElasticFullyAsyncTaskRunner pid=3706303)[0m                                           'dropout': 0.0,
[36m(ElasticFullyAsyncTaskRunner pid=3706303)[0m                                           'dropout_position': 'pre',
[36m(ElasticFullyAsyncTaskRunner pid=3706303)[0m                                           'dtype': None,
[36m(ElasticFullyAsyncTaskRunner pid=3706303)[0m                                           'exclude_modules': [],
[36m(ElasticFullyAsyncTaskRunner pid=3706303)[0m                                           'freeze_language_model': True,
[36m(ElasticFullyAsyncTaskRunner pid=3706303)[0m                                           'freeze_vision_model': True,
[36m(ElasticFullyAsyncTaskRunner pid=3706303)[0m                                           'freeze_vision_projection': True,
[36m(ElasticFullyAsyncTaskRunner pid=3706303)[0m                                           'lora_A_init_method': 'xavier',
[36m(ElasticFullyAsyncTaskRunner pid=3706303)[0m                                           'lora_B_init_method': 'zero',
[36m(ElasticFullyAsyncTaskRunner pid=3706303)[0m                                           'merge': False,
[36m(ElasticFullyAsyncTaskRunner pid=3706303)[0m                                           'rank': 0,
[36m(ElasticFullyAsyncTaskRunner pid=3706303)[0m                                           'target_modules': ['linear_qkv',
[36m(ElasticFullyAsyncTaskRunner pid=3706303)[0m                                                              'linear_proj',
[36m(ElasticFullyAsyncTaskRunner pid=3706303)[0m                                                              'linear_fc1',
[36m(ElasticFullyAsyncTaskRunner pid=3706303)[0m                                                              'linear_fc2'],
[36m(ElasticFullyAsyncTaskRunner pid=3706303)[0m                                           'type': 'lora'},
[36m(ElasticFullyAsyncTaskRunner pid=3706303)[0m                                  'lora_adapter_path': None,
[36m(ElasticFullyAsyncTaskRunner pid=3706303)[0m                                  
[36m(ElasticFullyAsyncTaskRunner pid=3706303)[0m 'lora_alpha'
[36m(ElasticFullyAsyncTaskRunner pid=3706303)[0m : 16,
[36m(ElasticFullyAsyncTaskRunner pid=3706303)[0m                                  'lora_rank': 0,
[36m(ElasticFullyAsyncTaskRunner pid=3706303)[0m                                  'mtp': {'_target_': 'verl.workers.config.MtpConfig',
[36m(ElasticFullyAsyncTaskRunner pid=3706303)[0m                                          'detach_encoder': False,
[36m(ElasticFullyAsyncTaskRunner pid=3706303)[0m                                          'enable': False,
[36m(ElasticFullyAsyncTaskRunner pid=3706303)[0m                                          'enable_rollout': False,
[36m(ElasticFullyAsyncTaskRunner pid=3706303)[0m                                          'enable_train': False,
[36m(ElasticFullyAsyncTaskRunner pid=3706303)[0m                                          'method': 'mtp',
[36m(ElasticFullyAsyncTaskRunner pid=3706303)[0m                                          'mtp_loss_scaling_factor': 0.1,
[36m(ElasticFullyAsyncTaskRunner pid=3706303)[0m                                          'num_speculative_tokens': 1,
[36m(ElasticFullyAsyncTaskRunner pid=3706303)[0m                                          'speculative_algorithm': 'EAGLE',
[36m(ElasticFullyAsyncTaskRunner pid=3706303)[0m                                          'speculative_eagle_topk': 1,
[36m(ElasticFullyAsyncTaskRunner pid=3706303)[0m                                          'speculative_num_draft_tokens': 4,
[36m(ElasticFullyAsyncTaskRunner pid=3706303)[0m                                          'speculative_num_steps': 3},
[36m(ElasticFullyAsyncTaskRunner pid=3706303)[0m                                  'override_config': {},
[36m(ElasticFullyAsyncTaskRunner pid=3706303)[0m                                  'path': '/workspace/models/DeepSeek-R1-Distill-Qwen-1.5B',
[36m(ElasticFullyAsyncTaskRunner pid=3706303)[0m                                  'target_modules': 'all-linear',
[36m(ElasticFullyAsyncTaskRunner pid=3706303)[0m                                  'tiled_mlp': {'enabled': False,
[36m(ElasticFullyAsyncTaskRunner pid=3706303)[0m                                                'num_shards': 4},
[36m(ElasticFullyAsyncTaskRunner pid=3706303)[0m                                  'tokenizer_path': None,
[36m(ElasticFullyAsyncTaskRunner pid=3706303)[0m                                  'trust_remote_code': False,
[36m(ElasticFullyAsyncTaskRunner pid=3706303)[0m                                  'use_fused_kernels': False,
[36m(ElasticFullyAsyncTaskRunner pid=3706303)[0m                                  'use_liger': False,
[36m(ElasticFullyAsyncTaskRunner pid=3706303)[0m                                  'use_remove_padding': True,
[36m(ElasticFullyAsyncTaskRunner pid=3706303)[0m                                  'use_shm': False},
[36m(ElasticFullyAsyncTaskRunner pid=3706303)[0m                        'nccl_timeout': 600,
[36m(ElasticFullyAsyncTaskRunner pid=3706303)[0m                        'ref': {'_target_': 'verl.workers.config.FSDPActorConfig',
[36m(ElasticFullyAsyncTaskRunner pid=3706303)[0m                                'entropy_checkpointing': False,
[36m(ElasticFullyAsyncTaskRunner pid=3706303)[0m                                'entropy_from_logits_chunk_size': 2048,
[36m(ElasticFullyAsyncTaskRunner pid=3706303)[0m                                'entropy_from_logits_with_chunking': False,
[36m(ElasticFullyAsyncTaskRunner pid=3706303)[0m                                'fsdp_config': {'_target_': 'verl.workers.config.FSDPEngineConfig',
[36m(ElasticFullyAsyncTaskRunner pid=3706303)[0m                                                'dtype': 'bfloat16',
[36m(ElasticFullyAsyncTaskRunner pid=3706303)[0m                                                'entropy_checkpointing': False,
[36m(ElasticFullyAsyncTaskRunner pid=3706303)[0m                                                'entropy_from_logits_chunk_size': 2048,
[36m(ElasticFullyAsyncTaskRunner pid=3706303)[0m                                                'entropy_from_logits_with_chunking': False,
[36m(ElasticFullyAsyncTaskRunner pid=3706303)[0m                                                'forward_only': True,
[36m(ElasticFullyAsyncTaskRunner pid=3706303)[0m                                                'forward_prefetch': False,
[36m(ElasticFullyAsyncTaskRunner pid=3706303)[0m                                                'fsdp_size': -1,
[36m(ElasticFullyAsyncTaskRunner pid=3706303)[0m                                                'full_determinism': False,
[36m(ElasticFullyAsyncTaskRunner pid=3706303)[0m                                                'model_dtype': 'fp32',
[36m(ElasticFullyAsyncTaskRunner pid=3706303)[0m                                                'offload_policy': False,
[36m(ElasticFullyAsyncTaskRunner pid=3706303)[0m                                                'optimizer_offload': False,
[36m(ElasticFullyAsyncTaskRunner pid=3706303)[0m                                                'param_offload': False,
[36m(ElasticFullyAsyncTaskRunner pid=3706303)[0m                                                'qat': {'_target_': 'verl.workers.config.QATEngineConfig',
[36m(ElasticFullyAsyncTaskRunner pid=3706303)[0m                                                        'activation_observer': 'static_minmax',
[36m(ElasticFullyAsyncTaskRunner pid=3706303)[0m                                                        'enable': False,
[36m(ElasticFullyAsyncTaskRunner pid=3706303)[0m                                                        'group_size': 16,
[36m(ElasticFullyAsyncTaskRunner pid=3706303)[0m                                                        'ignore_patterns': ['lm_head',
[36m(ElasticFullyAsyncTaskRunner pid=3706303)[0m                                                                            'embed_tokens',
[36m(ElasticFullyAsyncTaskRunner pid=3706303)[0m                                                                            're:.*mlp.gate$'],
[36m(ElasticFullyAsyncTaskRunner pid=3706303)[0m                                                        'mode': 'w4a16',
[36m(ElasticFullyAsyncTaskRunner pid=3706303)[0m                                                        
[36m(ElasticFullyAsyncTaskRunner pid=3706303)[0m 'quantization_config_path': None},
[36m(ElasticFullyAsyncTaskRunner pid=3706303)[0m                                                'reshard_after_forward': True,
[36m(ElasticFullyAsyncTaskRunner pid=3706303)[0m                                                'seed': 42,
[36m(ElasticFullyAsyncTaskRunner pid=3706303)[0m                                                'strategy': 'fsdp',
[36m(ElasticFullyAsyncTaskRunner pid=3706303)[0m                                                'ulysses_sequence_parallel_size': 1,
[36m(ElasticFullyAsyncTaskRunner pid=3706303)[0m                                                'use_orig_params': False,
[36m(ElasticFullyAsyncTaskRunner pid=3706303)[0m                                                'use_torch_compile': True,
[36m(ElasticFullyAsyncTaskRunner pid=3706303)[0m                                                'wrap_policy': {'min_num_params': 0}},
[36m(ElasticFullyAsyncTaskRunner pid=3706303)[0m                                'log_prob_max_token_len_per_gpu': 32768,
[36m(ElasticFullyAsyncTaskRunner pid=3706303)[0m                                'log_prob_micro_batch_size': None,
[36m(ElasticFullyAsyncTaskRunner pid=3706303)[0m                                'log_prob_micro_batch_size_per_gpu': None,
[36m(ElasticFullyAsyncTaskRunner pid=3706303)[0m                                'log_prob_use_dynamic_bsz': True,
[36m(ElasticFullyAsyncTaskRunner pid=3706303)[0m                                'profiler': {'_target_': 'verl.utils.profiler.ProfilerConfig',
[36m(ElasticFullyAsyncTaskRunner pid=3706303)[0m                                             'all_ranks': False,
[36m(ElasticFullyAsyncTaskRunner pid=3706303)[0m                                             'enable': False,
[36m(ElasticFullyAsyncTaskRunner pid=3706303)[0m                                             'ranks': [],
[36m(ElasticFullyAsyncTaskRunner pid=3706303)[0m                                             'save_path': 'outputs/profile',
[36m(ElasticFullyAsyncTaskRunner pid=3706303)[0m                                             'tool': None,
[36m(ElasticFullyAsyncTaskRunner pid=3706303)[0m                                             'tool_config': {'npu': {'_target_': 'verl.utils.profiler.config.NPUToolConfig',
[36m(ElasticFullyAsyncTaskRunner pid=3706303)[0m                                                                     'analysis': True,
[36m(ElasticFullyAsyncTaskRunner pid=3706303)[0m                                                                     'contents': [],
[36m(ElasticFullyAsyncTaskRunner pid=3706303)[0m                                                                     'discrete': False,
[36m(ElasticFullyAsyncTaskRunner pid=3706303)[0m                                                                     'level': 'level0'},
[36m(ElasticFullyAsyncTaskRunner pid=3706303)[0m                                                             'nsys': {'_target_': 'verl.utils.profiler.config.NsightToolConfig',
[36m(ElasticFullyAsyncTaskRunner pid=3706303)[0m                                                                      'discrete': False},
[36m(ElasticFullyAsyncTaskRunner pid=3706303)[0m                                                             'precision_debugger': {'_target_': 'verl.utils.profiler.config.PrecisionDebuggerToolConfig',
[36m(ElasticFullyAsyncTaskRunner pid=3706303)[0m                                                                                    'config_path': None,
[36m(ElasticFullyAsyncTaskRunner pid=3706303)[0m                                                                                    'stages': None,
[36m(ElasticFullyAsyncTaskRunner pid=3706303)[0m                                                                                    'steps': None,
[36m(ElasticFullyAsyncTaskRunner pid=3706303)[0m                                                                                    'strict': False},
[36m(ElasticFullyAsyncTaskRunner pid=3706303)[0m                                                             'torch': {'_target_': 'verl.utils.profiler.config.TorchProfilerToolConfig',
[36m(ElasticFullyAsyncTaskRunner pid=3706303)[0m                                                                       'contents': [],
[36m(ElasticFullyAsyncTaskRunner pid=3706303)[0m                                                                       'discrete': False,
[36m(ElasticFullyAsyncTaskRunner pid=3706303)[0m                                                                       'schedule': {'_target_': 'verl.utils.profiler.config.TorchProfilerScheduleConfig',
[36m(ElasticFullyAsyncTaskRunner pid=3706303)[0m                                                                                    'active': 0,
[36m(ElasticFullyAsyncTaskRunner pid=3706303)[0m                                                                                    'repeat': 0,
[36m(ElasticFullyAsyncTaskRunner pid=3706303)[0m                                                                                    'skip_first': 0,
[36m(ElasticFullyAsyncTaskRunner pid=3706303)[0m                                                                                    'wait': 0,
[36m(ElasticFullyAsyncTaskRunner pid=3706303)[0m                                                                                    'warmup': 0}},
[36m(ElasticFullyAsyncTaskRunner pid=3706303)[0m                                                             'torch_memory': {'_target_': 'verl.utils.profiler.config.TorchMemoryToolConfig',
[36m(ElasticFullyAsyncTaskRunner pid=3706303)[0m                                                                              'stack_depth': 32,
[36m(ElasticFullyAsyncTaskRunner pid=3706303)[0m                                                                              'trace_alloc_max_entries': 100000}}},
[36m(ElasticFullyAsyncTaskRunner pid=3706303)[0m                                'rollout_n': 8
[36m(ElasticFullyAsyncTaskRunner pid=3706303)[0m ,
[36m(ElasticFullyAsyncTaskRunner pid=3706303)[0m                                'router_replay': {'_target_': 'verl.workers.config.RouterReplayConfig',
[36m(ElasticFullyAsyncTaskRunner pid=3706303)[0m                                                  'mode': 'disabled',
[36m(ElasticFullyAsyncTaskRunner pid=3706303)[0m                                                  'record_file': None,
[36m(ElasticFullyAsyncTaskRunner pid=3706303)[0m                                                  'replay_file': None},
[36m(ElasticFullyAsyncTaskRunner pid=3706303)[0m                                'strategy': 'fsdp',
[36m(ElasticFullyAsyncTaskRunner pid=3706303)[0m                                'ulysses_sequence_parallel_size': 1,
[36m(ElasticFullyAsyncTaskRunner pid=3706303)[0m                                'use_torch_compile': True},
[36m(ElasticFullyAsyncTaskRunner pid=3706303)[0m                        'rollout': {'_target_': 'verl.workers.config.RolloutConfig',
[36m(ElasticFullyAsyncTaskRunner pid=3706303)[0m                                    'agent': {'_target_': 'verl.workers.config.AgentLoopConfig',
[36m(ElasticFullyAsyncTaskRunner pid=3706303)[0m                                              'agent_loop_config_path': None,
[36m(ElasticFullyAsyncTaskRunner pid=3706303)[0m                                              'custom_async_server': {'_target_': 'verl.workers.config.CustomAsyncServerConfig',
[36m(ElasticFullyAsyncTaskRunner pid=3706303)[0m                                                                      'name': None,
[36m(ElasticFullyAsyncTaskRunner pid=3706303)[0m                                                                      'path': None},
[36m(ElasticFullyAsyncTaskRunner pid=3706303)[0m                                              'default_agent_loop': 'single_turn_agent',
[36m(ElasticFullyAsyncTaskRunner pid=3706303)[0m                                              'num_workers': 8},
[36m(ElasticFullyAsyncTaskRunner pid=3706303)[0m                                    'calculate_log_probs': True,
[36m(ElasticFullyAsyncTaskRunner pid=3706303)[0m                                    'checkpoint_engine': {'_target_': 'verl.workers.config.CheckpointEngineConfig',
[36m(ElasticFullyAsyncTaskRunner pid=3706303)[0m                                                          'backend': 'nccl',
[36m(ElasticFullyAsyncTaskRunner pid=3706303)[0m                                                          'custom_backend_module': None,
[36m(ElasticFullyAsyncTaskRunner pid=3706303)[0m                                                          'engine_kwargs': {},
[36m(ElasticFullyAsyncTaskRunner pid=3706303)[0m                                                          'update_weights_bucket_megabytes': 2048},
[36m(ElasticFullyAsyncTaskRunner pid=3706303)[0m                                    'cudagraph_capture_sizes': None,
[36m(ElasticFullyAsyncTaskRunner pid=3706303)[0m                                    'data_parallel_size': 1,
[36m(ElasticFullyAsyncTaskRunner pid=3706303)[0m                                    'disable_log_stats': True,
[36m(ElasticFullyAsyncTaskRunner pid=3706303)[0m                                    'disaggregation': {'bootstrap_port': None,
[36m(ElasticFullyAsyncTaskRunner pid=3706303)[0m                                                       'decode_replicas': 1,
[36m(ElasticFullyAsyncTaskRunner pid=3706303)[0m                                                       'decode_tensor_model_parallel_size': None,
[36m(ElasticFullyAsyncTaskRunner pid=3706303)[0m                                                       'enabled': False,
[36m(ElasticFullyAsyncTaskRunner pid=3706303)[0m                                                       'ib_device': None,
[36m(ElasticFullyAsyncTaskRunner pid=3706303)[0m                                                       'prefill_replicas': 1,
[36m(ElasticFullyAsyncTaskRunner pid=3706303)[0m                                                       'transfer_backend': 'nixl'},
[36m(ElasticFullyAsyncTaskRunner pid=3706303)[0m                                    'do_sample': True,
[36m(ElasticFullyAsyncTaskRunner pid=3706303)[0m                                    'dtype': 'bfloat16',
[36m(ElasticFullyAsyncTaskRunner pid=3706303)[0m                                    'enable_chunked_prefill': True,
[36m(ElasticFullyAsyncTaskRunner pid=3706303)[0m                                    'enable_prefix_caching': True,
[36m(ElasticFullyAsyncTaskRunner pid=3706303)[0m                                    'enable_rollout_routing_replay': False,
[36m(ElasticFullyAsyncTaskRunner pid=3706303)[0m                                    'enforce_eager': False,
[36m(ElasticFullyAsyncTaskRunner pid=3706303)[0m                                    'engine_kwargs': {'sglang': {},
[36m(ElasticFullyAsyncTaskRunner pid=3706303)[0m                                                      'trtllm': {},
[36m(ElasticFullyAsyncTaskRunner pid=3706303)[0m                                                      'vllm': {}},
[36m(ElasticFullyAsyncTaskRunner pid=3706303)[0m                                    'expert_parallel_size': 1,
[36m(ElasticFullyAsyncTaskRunner pid=3706303)[0m                                    'free_cache_engine': True,
[36m(ElasticFullyAsyncTaskRunner pid=3706303)[0m                                    'full_determinism': False,
[36m(ElasticFullyAsyncTaskRunner pid=3706303)[0m                                    'gpu_memory_utilization': 0.8,
[36m(ElasticFullyAsyncTaskRunner pid=3706303)[0m                                    'ignore_eos': False
[36m(ElasticFullyAsyncTaskRunner pid=3706303)[0m ,
[36m(ElasticFullyAsyncTaskRunner pid=3706303)[0m                                    
[36m(ElasticFullyAsyncTaskRunner pid=3706303)[0m 'layered_summon': False,
[36m(ElasticFullyAsyncTaskRunner pid=3706303)[0m                                    'load_format': 'dummy',
[36m(ElasticFullyAsyncTaskRunner pid=3706303)[0m                                    'log_prob_max_token_len_per_gpu': 32768,
[36m(ElasticFullyAsyncTaskRunner pid=3706303)[0m                                    'log_prob_micro_batch_size': None,
[36m(ElasticFullyAsyncTaskRunner pid=3706303)[0m                                    'log_prob_micro_batch_size_per_gpu': None,
[36m(ElasticFullyAsyncTaskRunner pid=3706303)[0m                                    'log_prob_use_dynamic_bsz': True,
[36m(ElasticFullyAsyncTaskRunner pid=3706303)[0m                                    'logprobs_mode': 'processed_logprobs',
[36m(ElasticFullyAsyncTaskRunner pid=3706303)[0m                                    'max_model_len': None,
[36m(ElasticFullyAsyncTaskRunner pid=3706303)[0m                                    'max_num_batched_tokens': 8192,
[36m(ElasticFullyAsyncTaskRunner pid=3706303)[0m                                    'max_num_seqs': 1024,
[36m(ElasticFullyAsyncTaskRunner pid=3706303)[0m                                    'mode': 'async',
[36m(ElasticFullyAsyncTaskRunner pid=3706303)[0m                                    'moe_load_balance_metrics_interval': 0,
[36m(ElasticFullyAsyncTaskRunner pid=3706303)[0m                                    'mtp': {'_target_': 'verl.workers.config.MtpConfig',
[36m(ElasticFullyAsyncTaskRunner pid=3706303)[0m                                            'detach_encoder': False,
[36m(ElasticFullyAsyncTaskRunner pid=3706303)[0m                                            'enable': False,
[36m(ElasticFullyAsyncTaskRunner pid=3706303)[0m                                            'enable_rollout': False,
[36m(ElasticFullyAsyncTaskRunner pid=3706303)[0m                                            'enable_train': False,
[36m(ElasticFullyAsyncTaskRunner pid=3706303)[0m                                            'method': 'mtp',
[36m(ElasticFullyAsyncTaskRunner pid=3706303)[0m                                            'mtp_loss_scaling_factor': 0.1,
[36m(ElasticFullyAsyncTaskRunner pid=3706303)[0m                                            'num_speculative_tokens': 1,
[36m(ElasticFullyAsyncTaskRunner pid=3706303)[0m                                            'speculative_algorithm': 'EAGLE',
[36m(ElasticFullyAsyncTaskRunner pid=3706303)[0m                                            'speculative_eagle_topk': 1,
[36m(ElasticFullyAsyncTaskRunner pid=3706303)[0m                                            'speculative_num_draft_tokens': 4,
[36m(ElasticFullyAsyncTaskRunner pid=3706303)[0m                                            'speculative_num_steps': 3},
[36m(ElasticFullyAsyncTaskRunner pid=3706303)[0m                                    'multi_stage_wake_up': False,
[36m(ElasticFullyAsyncTaskRunner pid=3706303)[0m                                    'multi_turn': {'_target_': 'verl.workers.config.MultiTurnConfig',
[36m(ElasticFullyAsyncTaskRunner pid=3706303)[0m                                                   'enable': False,
[36m(ElasticFullyAsyncTaskRunner pid=3706303)[0m                                                   'format': 'hermes',
[36m(ElasticFullyAsyncTaskRunner pid=3706303)[0m                                                   'function_tool_path': None,
[36m(ElasticFullyAsyncTaskRunner pid=3706303)[0m                                                   'max_assistant_turns': None,
[36m(ElasticFullyAsyncTaskRunner pid=3706303)[0m                                                   'max_parallel_calls': 1,
[36m(ElasticFullyAsyncTaskRunner pid=3706303)[0m                                                   'max_tool_response_length': 256,
[36m(ElasticFullyAsyncTaskRunner pid=3706303)[0m                                                   'max_user_turns': None,
[36m(ElasticFullyAsyncTaskRunner pid=3706303)[0m                                                   'num_repeat_rollouts': None,
[36m(ElasticFullyAsyncTaskRunner pid=3706303)[0m                                                   'tokenization_sanity_check_mode': 'strict',
[36m(ElasticFullyAsyncTaskRunner pid=3706303)[0m                                                   'tool_config_path': None,
[36m(ElasticFullyAsyncTaskRunner pid=3706303)[0m                                                   'tool_response_truncate_side': 'middle',
[36m(ElasticFullyAsyncTaskRunner pid=3706303)[0m                                                   'use_inference_chat_template': False},
[36m(ElasticFullyAsyncTaskRunner pid=3706303)[0m                                    'n': 8,
[36m(ElasticFullyAsyncTaskRunner pid=3706303)[0m                                    'n_gpus_per_node': 1,
[36m(ElasticFullyAsyncTaskRunner pid=3706303)[0m                                    'name': 'vllm',
[36m(ElasticFullyAsyncTaskRunner pid=3706303)[0m                                    'nnodes': 1,
[36m(ElasticFullyAsyncTaskRunner pid=3706303)[0m                                    'over_sample_rate': 0,
[36m(ElasticFullyAsyncTaskRunner pid=3706303)[0m                                    'pipeline_model_parallel_size': 1,
[36m(ElasticFullyAsyncTaskRunner pid=3706303)[0m                                    'profiler': {'_target_': 'verl.utils.profiler.ProfilerConfig',
[36m(ElasticFullyAsyncTaskRunner pid=3706303)[0m                                                 'all_ranks': False,
[36m(ElasticFullyAsyncTaskRunner pid=3706303)[0m                                                 'enable': False,
[36m(ElasticFullyAsyncTaskRunner pid=3706303)[0m                                                 'ranks': [],
[36m(ElasticFullyAsyncTaskRunner pid=3706303)[0m                                                 'save_path': 'outputs/profile',
[36m(ElasticFullyAsyncTaskRunner pid=3706303)[0m                                                 'tool': None,
[36m(ElasticFullyAsyncTaskRunner pid=3706303)[0m                                                 'tool_config': 
[36m(ElasticFullyAsyncTaskRunner pid=3706303)[0m {'npu': {'_target_': 'verl.utils.profiler.config.NPUToolConfig',
[36m(ElasticFullyAsyncTaskRunner pid=3706303)[0m                                                                         'analysis': True,
[36m(ElasticFullyAsyncTaskRunner pid=3706303)[0m                                                                         'contents': [],
[36m(ElasticFullyAsyncTaskRunner pid=3706303)[0m                                                                         'discrete': False,
[36m(ElasticFullyAsyncTaskRunner pid=3706303)[0m                                                                         'level': 'level0',
[36m(ElasticFullyAsyncTaskRunner pid=3706303)[0m                                                                         'profile_token_end': None,
[36m(ElasticFullyAsyncTaskRunner pid=3706303)[0m                                                                         'profile_token_start': None},
[36m(ElasticFullyAsyncTaskRunner pid=3706303)[0m                                                                 'precision_debugger': {'_target_': 'verl.utils.profiler.config.PrecisionDebuggerToolConfig',
[36m(ElasticFullyAsyncTaskRunner pid=3706303)[0m                                                                                        'config_path': None,
[36m(ElasticFullyAsyncTaskRunner pid=3706303)[0m                                                                                        'stages': None,
[36m(ElasticFullyAsyncTaskRunner pid=3706303)[0m                                                                                        'steps': None,
[36m(ElasticFullyAsyncTaskRunner pid=3706303)[0m                                                                                        'strict': False},
[36m(ElasticFullyAsyncTaskRunner pid=3706303)[0m                                                                 'torch': {'_target_': 'verl.utils.profiler.config.TorchProfilerToolConfig',
[36m(ElasticFullyAsyncTaskRunner pid=3706303)[0m                                                                           'contents': [],
[36m(ElasticFullyAsyncTaskRunner pid=3706303)[0m                                                                           'discrete': False,
[36m(ElasticFullyAsyncTaskRunner pid=3706303)[0m                                                                           'profile_token_end': None,
[36m(ElasticFullyAsyncTaskRunner pid=3706303)[0m                                                                           'profile_token_start': None}}},
[36m(ElasticFullyAsyncTaskRunner pid=3706303)[0m                                    'prometheus': {'_target_': 'verl.workers.config.PrometheusConfig',
[36m(ElasticFullyAsyncTaskRunner pid=3706303)[0m                                                   'enable': False,
[36m(ElasticFullyAsyncTaskRunner pid=3706303)[0m                                                   'file': '/tmp/ray/session_latest/metrics/prometheus/prometheus.yml',
[36m(ElasticFullyAsyncTaskRunner pid=3706303)[0m                                                   'port': 9090,
[36m(ElasticFullyAsyncTaskRunner pid=3706303)[0m                                                   'served_model_name': '/workspace/models/DeepSeek-R1-Distill-Qwen-1.5B'},
[36m(ElasticFullyAsyncTaskRunner pid=3706303)[0m                                    'prompt_length': 2048,
[36m(ElasticFullyAsyncTaskRunner pid=3706303)[0m                                    'qat': {'_target_': 'verl.workers.config.QATEngineConfig',
[36m(ElasticFullyAsyncTaskRunner pid=3706303)[0m                                            'activation_observer': 'static_minmax',
[36m(ElasticFullyAsyncTaskRunner pid=3706303)[0m                                            'enable': False,
[36m(ElasticFullyAsyncTaskRunner pid=3706303)[0m                                            'group_size': 16,
[36m(ElasticFullyAsyncTaskRunner pid=3706303)[0m                                            'ignore_patterns': ['lm_head',
[36m(ElasticFullyAsyncTaskRunner pid=3706303)[0m                                                                'embed_tokens',
[36m(ElasticFullyAsyncTaskRunner pid=3706303)[0m                                                                're:.*mlp.gate$'],
[36m(ElasticFullyAsyncTaskRunner pid=3706303)[0m                                            'mode': 'w4a16',
[36m(ElasticFullyAsyncTaskRunner pid=3706303)[0m                                            'quantization_config_path': None},
[36m(ElasticFullyAsyncTaskRunner pid=3706303)[0m                                    'quantization': None,
[36m(ElasticFullyAsyncTaskRunner pid=3706303)[0m                                    'quantization_config_file': None,
[36m(ElasticFullyAsyncTaskRunner pid=3706303)[0m                                    'response_length': 16384,
[36m(ElasticFullyAsyncTaskRunner pid=3706303)[0m                                    'scheduling_policy': 'fcfs',
[36m(ElasticFullyAsyncTaskRunner pid=3706303)[0m                                    'seed': 42,
[36m(ElasticFullyAsyncTaskRunner pid=3706303)[0m                                    'skip_tokenizer_init': True,
[36m(ElasticFullyAsyncTaskRunner pid=3706303)[0m                                    'standalone_gpu_memory_utilization': None,
[36m(ElasticFullyAsyncTaskRunner pid=3706303)[0m                                    'temperature': 1.0,
[36m(ElasticFullyAsyncTaskRunner pid=3706303)[0m                                    'tensor_model_parallel_size': 1,
[36m(ElasticFullyAsyncTaskRunner pid=3706303)[0m                                    'top_k': -1,
[36m(ElasticFullyAsyncTaskRunner pid=3706303)[0m                                    'top_p': 1.0,
[36m(ElasticFullyAsyncTaskRunner pid=3706303)[0m                                    'trace': {'_target_': 'verl.workers.config.TraceConfig',
[36m(ElasticFullyAsyncTaskRunner pid=3706303)[0m                                              'backend': None
[36m(ElasticFullyAsyncTaskRunner pid=3706303)[0m ,
[36m(ElasticFullyAsyncTaskRunner pid=3706303)[0m                                              'experiment_name': 'r1distill1.5b-euruscode-elastic-s8',
[36m(ElasticFullyAsyncTaskRunner pid=3706303)[0m                                              'max_samples_per_step_per_worker': None,
[36m(ElasticFullyAsyncTaskRunner pid=3706303)[0m                                              'project_name': 'elastic-m1',
[36m(ElasticFullyAsyncTaskRunner pid=3706303)[0m                                              'token2text': False},
[36m(ElasticFullyAsyncTaskRunner pid=3706303)[0m                                    'val_kwargs': {'_target_': 'verl.workers.config.SamplingConfig',
[36m(ElasticFullyAsyncTaskRunner pid=3706303)[0m                                                   'do_sample': False,
[36m(ElasticFullyAsyncTaskRunner pid=3706303)[0m                                                   'n': 1,
[36m(ElasticFullyAsyncTaskRunner pid=3706303)[0m                                                   'temperature': 0,
[36m(ElasticFullyAsyncTaskRunner pid=3706303)[0m                                                   'top_k': -1,
[36m(ElasticFullyAsyncTaskRunner pid=3706303)[0m                                                   'top_p': 1.0}}},
[36m(ElasticFullyAsyncTaskRunner pid=3706303)[0m  'algorithm': {'_target_': 'verl.trainer.config.AlgoConfig',
[36m(ElasticFullyAsyncTaskRunner pid=3706303)[0m                'adv_estimator': 'grpo',
[36m(ElasticFullyAsyncTaskRunner pid=3706303)[0m                'filter_groups': {'_target_': 'verl.trainer.config.FilterGroupsConfig',
[36m(ElasticFullyAsyncTaskRunner pid=3706303)[0m                                  'enable': False,
[36m(ElasticFullyAsyncTaskRunner pid=3706303)[0m                                  'max_inflight_gen_batches': 1,
[36m(ElasticFullyAsyncTaskRunner pid=3706303)[0m                                  'max_num_gen_batches': 0,
[36m(ElasticFullyAsyncTaskRunner pid=3706303)[0m                                  'metric': None},
[36m(ElasticFullyAsyncTaskRunner pid=3706303)[0m                'gamma': 1.0,
[36m(ElasticFullyAsyncTaskRunner pid=3706303)[0m                'kl_ctrl': {'_target_': 'verl.trainer.config.KLControlConfig',
[36m(ElasticFullyAsyncTaskRunner pid=3706303)[0m                            'horizon': 10000,
[36m(ElasticFullyAsyncTaskRunner pid=3706303)[0m                            'kl_coef': 0.0,
[36m(ElasticFullyAsyncTaskRunner pid=3706303)[0m                            'target_kl': 0.1,
[36m(ElasticFullyAsyncTaskRunner pid=3706303)[0m                            'type': 'fixed'},
[36m(ElasticFullyAsyncTaskRunner pid=3706303)[0m                'kl_penalty': 'kl',
[36m(ElasticFullyAsyncTaskRunner pid=3706303)[0m                'lam': 1.0,
[36m(ElasticFullyAsyncTaskRunner pid=3706303)[0m                'norm_adv_by_std_in_grpo': True,
[36m(ElasticFullyAsyncTaskRunner pid=3706303)[0m                'pf_ppo': {'reweight_method': 'pow', 'weight_pow': 2.0},
[36m(ElasticFullyAsyncTaskRunner pid=3706303)[0m                'rollout_correction': {'bypass_mode': True,
[36m(ElasticFullyAsyncTaskRunner pid=3706303)[0m                                       'loss_type': 'ppo_clip',
[36m(ElasticFullyAsyncTaskRunner pid=3706303)[0m                                       'rollout_is': None,
[36m(ElasticFullyAsyncTaskRunner pid=3706303)[0m                                       'rollout_is_batch_normalize': False,
[36m(ElasticFullyAsyncTaskRunner pid=3706303)[0m                                       'rollout_is_threshold': 2.0,
[36m(ElasticFullyAsyncTaskRunner pid=3706303)[0m                                       'rollout_rs': None,
[36m(ElasticFullyAsyncTaskRunner pid=3706303)[0m                                       'rollout_rs_threshold': None},
[36m(ElasticFullyAsyncTaskRunner pid=3706303)[0m                'use_kl_in_reward': 
[36m(ElasticFullyAsyncTaskRunner pid=3706303)[0m False,
[36m(ElasticFullyAsyncTaskRunner pid=3706303)[0m                'use_pf_ppo': False},
[36m(ElasticFullyAsyncTaskRunner pid=3706303)[0m  'async_training': {'concurrent_samples_per_replica': 16,
[36m(ElasticFullyAsyncTaskRunner pid=3706303)[0m                     'dynamic_schedule_deactivate_ratio': 0.3,
[36m(ElasticFullyAsyncTaskRunner pid=3706303)[0m                     'dynamic_schedule_enable_rebalance': True,
[36m(ElasticFullyAsyncTaskRunner pid=3706303)[0m                     'dynamic_schedule_policy': 'default',
[36m(ElasticFullyAsyncTaskRunner pid=3706303)[0m                     'partial_rollout': True,
[36m(ElasticFullyAsyncTaskRunner pid=3706303)[0m                     'require_batches': 1,
[36m(ElasticFullyAsyncTaskRunner pid=3706303)[0m                     'staleness_threshold': 8,
[36m(ElasticFullyAsyncTaskRunner pid=3706303)[0m                     'trigger_parameter_sync_step': 1,
[36m(ElasticFullyAsyncTaskRunner pid=3706303)[0m                     'use_dynamic_resource_scheduling': False,
[36m(ElasticFullyAsyncTaskRunner pid=3706303)[0m                     'use_trainer_do_validate': False},
[36m(ElasticFullyAsyncTaskRunner pid=3706303)[0m  'critic': {'_target_': 'verl.workers.config.FSDPCriticConfig',
[36m(ElasticFullyAsyncTaskRunner pid=3706303)[0m             'checkpoint': {'_target_': 'verl.trainer.config.CheckpointConfig',
[36m(ElasticFullyAsyncTaskRunner pid=3706303)[0m                            'async_save': False,
[36m(ElasticFullyAsyncTaskRunner pid=3706303)[0m                            'load_contents': ['model', 'optimizer', 'extra'],
[36m(ElasticFullyAsyncTaskRunner pid=3706303)[0m                            'save_contents': ['model', 'optimizer', 'extra']},
[36m(ElasticFullyAsyncTaskRunner pid=3706303)[0m             'cliprange_value': 0.5,
[36m(ElasticFullyAsyncTaskRunner pid=3706303)[0m             'data_loader_seed': 42,
[36m(ElasticFullyAsyncTaskRunner pid=3706303)[0m             'enable': None,
[36m(ElasticFullyAsyncTaskRunner pid=3706303)[0m             'forward_max_token_len_per_gpu': 32768,
[36m(ElasticFullyAsyncTaskRunner pid=3706303)[0m             'forward_micro_batch_size': None,
[36m(ElasticFullyAsyncTaskRunner pid=3706303)[0m             'forward_micro_batch_size_per_gpu': None,
[36m(ElasticFullyAsyncTaskRunner pid=3706303)[0m             'fsdp': {'_target_': 'verl.workers.config.FSDPEngineConfig',
[36m(ElasticFullyAsyncTaskRunner pid=3706303)[0m                      'dtype': 'bfloat16',
[36m(ElasticFullyAsyncTaskRunner pid=3706303)[0m                      'entropy_checkpointing': False,
[36m(ElasticFullyAsyncTaskRunner pid=3706303)[0m                      'entropy_from_logits_chunk_size'
[36m(ElasticFullyAsyncTaskRunner pid=3706303)[0m : 2048,
[36m(ElasticFullyAsyncTaskRunner pid=3706303)[0m                      'entropy_from_logits_with_chunking': False,
[36m(ElasticFullyAsyncTaskRunner pid=3706303)[0m                      'forward_only': False,
[36m(ElasticFullyAsyncTaskRunner pid=3706303)[0m                      'forward_prefetch': False,
[36m(ElasticFullyAsyncTaskRunner pid=3706303)[0m                      'fsdp_size': -1,
[36m(ElasticFullyAsyncTaskRunner pid=3706303)[0m                      'full_determinism': False,
[36m(ElasticFullyAsyncTaskRunner pid=3706303)[0m                      'model_dtype': 'fp32',
[36m(ElasticFullyAsyncTaskRunner pid=3706303)[0m                      'offload_policy': False,
[36m(ElasticFullyAsyncTaskRunner pid=3706303)[0m                      'optimizer_offload': False,
[36m(ElasticFullyAsyncTaskRunner pid=3706303)[0m                      'param_offload': False,
[36m(ElasticFullyAsyncTaskRunner pid=3706303)[0m                      'qat': {'_target_': 'verl.workers.config.QATEngineConfig',
[36m(ElasticFullyAsyncTaskRunner pid=3706303)[0m                              'activation_observer': 'static_minmax',
[36m(ElasticFullyAsyncTaskRunner pid=3706303)[0m                              'enable': False,
[36m(ElasticFullyAsyncTaskRunner pid=3706303)[0m                              'group_size': 16,
[36m(ElasticFullyAsyncTaskRunner pid=3706303)[0m                              'ignore_patterns': ['lm_head',
[36m(ElasticFullyAsyncTaskRunner pid=3706303)[0m                                                  'embed_tokens',
[36m(ElasticFullyAsyncTaskRunner pid=3706303)[0m                                                  're:.*mlp.gate$'],
[36m(ElasticFullyAsyncTaskRunner pid=3706303)[0m                              'mode': 'w4a16',
[36m(ElasticFullyAsyncTaskRunner pid=3706303)[0m                              'quantization_config_path': None},
[36m(ElasticFullyAsyncTaskRunner pid=3706303)[0m                      'reshard_after_forward': True,
[36m(ElasticFullyAsyncTaskRunner pid=3706303)[0m                      'seed': 42,
[36m(ElasticFullyAsyncTaskRunner pid=3706303)[0m                      'strategy': 'fsdp',
[36m(ElasticFullyAsyncTaskRunner pid=3706303)[0m                      'ulysses_sequence_parallel_size': 1,
[36m(ElasticFullyAsyncTaskRunner pid=3706303)[0m                      'use_orig_params': False,
[36m(ElasticFullyAsyncTaskRunner pid=3706303)[0m                      'use_torch_compile': True,
[36m(ElasticFullyAsyncTaskRunner pid=3706303)[0m                      'wrap_policy': {'min_num_params': 0}},
[36m(ElasticFullyAsyncTaskRunner pid=3706303)[0m             'grad_clip': 1.0,
[36m(ElasticFullyAsyncTaskRunner pid=3706303)[0m             'loss_agg_mode': 'token-mean',
[36m(ElasticFullyAsyncTaskRunner pid=3706303)[0m             'loss_scale_factor': None,
[36m(ElasticFullyAsyncTaskRunner pid=3706303)[0m             'model': {'_target_': 'verl.workers.config.HFModelConfig',
[36m(ElasticFullyAsyncTaskRunner pid=3706303)[0m                       'custom_chat_template': None,
[36m(ElasticFullyAsyncTaskRunner pid=3706303)[0m                       'enable_activation_offload': False,
[36m(ElasticFullyAsyncTaskRunner pid=3706303)[0m                       'enable_gradient_checkpointing': True,
[36m(ElasticFullyAsyncTaskRunner pid=3706303)[0m                       'exclude_modules': None,
[36m(ElasticFullyAsyncTaskRunner pid=3706303)[0m                       'external_lib': None,
[36m(ElasticFullyAsyncTaskRunner pid=3706303)[0m                       'fused_kernel_options': {'impl_backend': 'torch'},
[36m(ElasticFullyAsyncTaskRunner pid=3706303)[0m                       'hf_config_path': None,
[36m(ElasticFullyAsyncTaskRunner pid=3706303)[0m                       'lora': {'a2a_experimental': False
[36m(ElasticFullyAsyncTaskRunner pid=3706303)[0m ,
[36m(ElasticFullyAsyncTaskRunner pid=3706303)[0m                                'adapter_path': None,
[36m(ElasticFullyAsyncTaskRunner pid=3706303)[0m                                'alpha': 32,
[36m(ElasticFullyAsyncTaskRunner pid=3706303)[0m                                'dropout': 0.0,
[36m(ElasticFullyAsyncTaskRunner pid=3706303)[0m                                'dropout_position': 'pre',
[36m(ElasticFullyAsyncTaskRunner pid=3706303)[0m                                'dtype': None,
[36m(ElasticFullyAsyncTaskRunner pid=3706303)[0m                                'exclude_modules': [],
[36m(ElasticFullyAsyncTaskRunner pid=3706303)[0m                                'freeze_language_model': True,
[36m(ElasticFullyAsyncTaskRunner pid=3706303)[0m                                'freeze_vision_model': True,
[36m(ElasticFullyAsyncTaskRunner pid=3706303)[0m                                'freeze_vision_projection': True,
[36m(ElasticFullyAsyncTaskRunner pid=3706303)[0m                                'lora_A_init_method': 'xavier',
[36m(ElasticFullyAsyncTaskRunner pid=3706303)[0m                                'lora_B_init_method': 'zero',
[36m(ElasticFullyAsyncTaskRunner pid=3706303)[0m                                'merge': False,
[36m(ElasticFullyAsyncTaskRunner pid=3706303)[0m                                'rank': 0,
[36m(ElasticFullyAsyncTaskRunner pid=3706303)[0m                                'target_modules': ['linear_qkv',
[36m(ElasticFullyAsyncTaskRunner pid=3706303)[0m                                                   'linear_proj',
[36m(ElasticFullyAsyncTaskRunner pid=3706303)[0m                                                   'linear_fc1',
[36m(ElasticFullyAsyncTaskRunner pid=3706303)[0m                                                   'linear_fc2'],
[36m(ElasticFullyAsyncTaskRunner pid=3706303)[0m                                'type': 'lora'},
[36m(ElasticFullyAsyncTaskRunner pid=3706303)[0m                       'lora_adapter_path': None,
[36m(ElasticFullyAsyncTaskRunner pid=3706303)[0m                       'lora_alpha': 16,
[36m(ElasticFullyAsyncTaskRunner pid=3706303)[0m                       'lora_rank': 0,
[36m(ElasticFullyAsyncTaskRunner pid=3706303)[0m                       'mtp': {'_target_': 'verl.workers.config.MtpConfig',
[36m(ElasticFullyAsyncTaskRunner pid=3706303)[0m                               'detach_encoder': False,
[36m(ElasticFullyAsyncTaskRunner pid=3706303)[0m                               'enable': False,
[36m(ElasticFullyAsyncTaskRunner pid=3706303)[0m                               'enable_rollout': False,
[36m(ElasticFullyAsyncTaskRunner pid=3706303)[0m                               'enable_train': False,
[36m(ElasticFullyAsyncTaskRunner pid=3706303)[0m                               'method': 'mtp',
[36m(ElasticFullyAsyncTaskRunner pid=3706303)[0m                               'mtp_loss_scaling_factor': 0.1,
[36m(ElasticFullyAsyncTaskRunner pid=3706303)[0m                               'num_speculative_tokens': 1,
[36m(ElasticFullyAsyncTaskRunner pid=3706303)[0m                               'speculative_algorithm': 'EAGLE',
[36m(ElasticFullyAsyncTaskRunner pid=3706303)[0m                               'speculative_eagle_topk': 1,
[36m(ElasticFullyAsyncTaskRunner pid=3706303)[0m                               'speculative_num_draft_tokens': 4,
[36m(ElasticFullyAsyncTaskRunner pid=3706303)[0m                               'speculative_num_steps': 3},
[36m(ElasticFullyAsyncTaskRunner pid=3706303)[0m                       'override_config': {},
[36m(ElasticFullyAsyncTaskRunner pid=3706303)[0m                       'path': '~/models/deepseek-llm-7b-chat',
[36m(ElasticFullyAsyncTaskRunner pid=3706303)[0m                       'target_modules': 'all-linear',
[36m(ElasticFullyAsyncTaskRunner pid=3706303)[0m                       'tiled_mlp': {'enabled': False, 'num_shards': 4},
[36m(ElasticFullyAsyncTaskRunner pid=3706303)[0m                       'tokenizer_path': None,
[36m(ElasticFullyAsyncTaskRunner pid=3706303)[0m                       'trust_remote_code': False,
[36m(ElasticFullyAsyncTaskRunner pid=3706303)[0m                       'use_fused_kernels': False,
[36m(ElasticFullyAsyncTaskRunner pid=3706303)[0m                       'use_liger': False,
[36m(ElasticFullyAsyncTaskRunner pid=3706303)[0m                       'use_remove_padding': True,
[36m(ElasticFullyAsyncTaskRunner pid=3706303)[0m                       'use_shm': False},
[36m(ElasticFullyAsyncTaskRunner pid=3706303)[0m             'optim': {'_target_': 'verl.workers.config.FSDPOptimizerConfig',
[36m(ElasticFullyAsyncTaskRunner pid=3706303)[0m                       'betas': [0.9, 0.999],
[36m(ElasticFullyAsyncTaskRunner pid=3706303)[0m                       'clip_grad': 1.0,
[36m(ElasticFullyAsyncTaskRunner pid=3706303)[0m                       'lr': 1e-05,
[36m(ElasticFullyAsyncTaskRunner pid=3706303)[0m                       'lr_scheduler_type': 'constant',
[36m(ElasticFullyAsyncTaskRunner pid=3706303)[0m                       'lr_warmup_steps': -1,
[36m(ElasticFullyAsyncTaskRunner pid=3706303)[0m                       'lr_warmup_steps_ratio': 0.0,
[36m(ElasticFullyAsyncTaskRunner pid=3706303)[0m                       'min_lr_ratio': 0.0,
[36m(ElasticFullyAsyncTaskRunner pid=3706303)[0m                       'num_cycles': 0.5,
[36m(ElasticFullyAsyncTaskRunner pid=3706303)[0m                       'optimizer': 'AdamW',
[36m(ElasticFullyAsyncTaskRunner pid=3706303)[0m                       'optimizer_impl': 'torch.optim',
[36m(ElasticFullyAsyncTaskRunner pid=3706303)[0m                       'override_optimizer_config': None,
[36m(ElasticFullyAsyncTaskRunner pid=3706303)[0m                       'total_training_steps': -1,
[36m(ElasticFullyAsyncTaskRunner pid=3706303)[0m                       'warmup_style': None,
[36m(ElasticFullyAsyncTaskRunner pid=3706303)[0m                       'weight_decay': 0.01,
[36m(ElasticFullyAsyncTaskRunner pid=3706303)[0m                       'zero_indexed_step': True
[36m(ElasticFullyAsyncTaskRunner pid=3706303)[0m }
[36m(ElasticFullyAsyncTaskRunner pid=3706303)[0m ,
[36m(ElasticFullyAsyncTaskRunner pid=3706303)[0m             'ppo_epochs': 1,
[36m(ElasticFullyAsyncTaskRunner pid=3706303)[0m             'ppo_max_token_len_per_gpu': 32768,
[36m(ElasticFullyAsyncTaskRunner pid=3706303)[0m             'ppo_micro_batch_size': None,
[36m(ElasticFullyAsyncTaskRunner pid=3706303)[0m             'ppo_micro_batch_size_per_gpu': None,
[36m(ElasticFullyAsyncTaskRunner pid=3706303)[0m             'ppo_mini_batch_size': 64,
[36m(ElasticFullyAsyncTaskRunner pid=3706303)[0m             'profiler': {'_target_': 'verl.utils.profiler.ProfilerConfig',
[36m(ElasticFullyAsyncTaskRunner pid=3706303)[0m                          'all_ranks': False,
[36m(ElasticFullyAsyncTaskRunner pid=3706303)[0m                          'enable': False,
[36m(ElasticFullyAsyncTaskRunner pid=3706303)[0m                          'ranks': [],
[36m(ElasticFullyAsyncTaskRunner pid=3706303)[0m                          'save_path': 'outputs/profile',
[36m(ElasticFullyAsyncTaskRunner pid=3706303)[0m                          'tool': None,
[36m(ElasticFullyAsyncTaskRunner pid=3706303)[0m                          'tool_config': {'npu': {'_target_': 'verl.utils.profiler.config.NPUToolConfig',
[36m(ElasticFullyAsyncTaskRunner pid=3706303)[0m                                                  'analysis': True,
[36m(ElasticFullyAsyncTaskRunner pid=3706303)[0m                                                  'contents': [],
[36m(ElasticFullyAsyncTaskRunner pid=3706303)[0m                                                  'discrete': False,
[36m(ElasticFullyAsyncTaskRunner pid=3706303)[0m                                                  'level': 'level0'},
[36m(ElasticFullyAsyncTaskRunner pid=3706303)[0m                                          'nsys': {'_target_': 'verl.utils.profiler.config.NsightToolConfig',
[36m(ElasticFullyAsyncTaskRunner pid=3706303)[0m                                                   'discrete': False},
[36m(ElasticFullyAsyncTaskRunner pid=3706303)[0m                                          'precision_debugger': {'_target_': 'verl.utils.profiler.config.PrecisionDebuggerToolConfig',
[36m(ElasticFullyAsyncTaskRunner pid=3706303)[0m                                                                 'config_path': None,
[36m(ElasticFullyAsyncTaskRunner pid=3706303)[0m                                                                 'stages': None,
[36m(ElasticFullyAsyncTaskRunner pid=3706303)[0m                                                                 'steps': None,
[36m(ElasticFullyAsyncTaskRunner pid=3706303)[0m                                                                 'strict': False},
[36m(ElasticFullyAsyncTaskRunner pid=3706303)[0m                                          'torch': {'_target_': 'verl.utils.profiler.config.TorchProfilerToolConfig',
[36m(ElasticFullyAsyncTaskRunner pid=3706303)[0m                                                    'contents': [],
[36m(ElasticFullyAsyncTaskRunner pid=3706303)[0m                                                    'discrete': False,
[36m(ElasticFullyAsyncTaskRunner pid=3706303)[0m                                                    'schedule': {'_target_': 'verl.utils.profiler.config.TorchProfilerScheduleConfig',
[36m(ElasticFullyAsyncTaskRunner pid=3706303)[0m                                                                 'active': 0,
[36m(ElasticFullyAsyncTaskRunner pid=3706303)[0m                                                                 'repeat': 0,
[36m(ElasticFullyAsyncTaskRunner pid=3706303)[0m                                                                 'skip_first': 0,
[36m(ElasticFullyAsyncTaskRunner pid=3706303)[0m                                                                 'wait': 0,
[36m(ElasticFullyAsyncTaskRunner pid=3706303)[0m                                                                 'warmup': 0}},
[36m(ElasticFullyAsyncTaskRunner pid=3706303)[0m                                          'torch_memory': {'_target_': 'verl.utils.profiler.config.TorchMemoryToolConfig',
[36m(ElasticFullyAsyncTaskRunner pid=3706303)[0m                                                           'stack_depth': 32,
[36m(ElasticFullyAsyncTaskRunner pid=3706303)[0m                                                           'trace_alloc_max_entries': 100000}}},
[36m(ElasticFullyAsyncTaskRunner pid=3706303)[0m             'rollout_n': 8,
[36m(ElasticFullyAsyncTaskRunner pid=3706303)[0m             'shuffle': False,
[36m(ElasticFullyAsyncTaskRunner pid=3706303)[0m             'strategy': 'fsdp',
[36m(ElasticFullyAsyncTaskRunner pid=3706303)[0m             'ulysses_sequence_parallel_size': 1,
[36m(ElasticFullyAsyncTaskRunner pid=3706303)[0m             'use_dynamic_bsz': True},
[36m(ElasticFullyAsyncTaskRunner pid=3706303)[0m  'data': 
[36m(ElasticFullyAsyncTaskRunner pid=3706303)[0m {'apply_chat_template_kwargs': {},
[36m(ElasticFullyAsyncTaskRunner pid=3706303)[0m           'audio_key': 'audios',
[36m(ElasticFullyAsyncTaskRunner pid=3706303)[0m           'continuous_token': {'enable': False, 'model_family': 'auto'},
[36m(ElasticFullyAsyncTaskRunner pid=3706303)[0m           'custom_cls': {'name': None, 'path': None},
[36m(ElasticFullyAsyncTaskRunner pid=3706303)[0m           'dataloader_num_workers': 8,
[36m(ElasticFullyAsyncTaskRunner pid=3706303)[0m           'filter_overlong_prompts': False,
[36m(ElasticFullyAsyncTaskRunner pid=3706303)[0m           'filter_overlong_prompts_workers': 1,
[36m(ElasticFullyAsyncTaskRunner pid=3706303)[0m           'function_tool_path': None,
[36m(ElasticFullyAsyncTaskRunner pid=3706303)[0m           'gen_batch_size': 1,
[36m(ElasticFullyAsyncTaskRunner pid=3706303)[0m           'image_key': 'images',
[36m(ElasticFullyAsyncTaskRunner pid=3706303)[0m           'image_patch_size': 14,
[36m(ElasticFullyAsyncTaskRunner pid=3706303)[0m           'max_prompt_length': 2048,
[36m(ElasticFullyAsyncTaskRunner pid=3706303)[0m           'max_response_length': 16384,
[36m(ElasticFullyAsyncTaskRunner pid=3706303)[0m           'mm_processor_kwargs': {},
[36m(ElasticFullyAsyncTaskRunner pid=3706303)[0m           'prompt_key': 'prompt',
[36m(ElasticFullyAsyncTaskRunner pid=3706303)[0m           'return_full_prompt': False,
[36m(ElasticFullyAsyncTaskRunner pid=3706303)[0m           'return_multi_modal_inputs': True,
[36m(ElasticFullyAsyncTaskRunner pid=3706303)[0m           'return_raw_chat': True,
[36m(ElasticFullyAsyncTaskRunner pid=3706303)[0m           'return_raw_input_ids': False,
[36m(ElasticFullyAsyncTaskRunner pid=3706303)[0m           'reward_fn_key': 'data_source',
[36m(ElasticFullyAsyncTaskRunner pid=3706303)[0m           'seed': None,
[36m(ElasticFullyAsyncTaskRunner pid=3706303)[0m           'shuffle': True,
[36m(ElasticFullyAsyncTaskRunner pid=3706303)[0m           'tokenizer': None,
[36m(ElasticFullyAsyncTaskRunner pid=3706303)[0m           'tool_config_path': None,
[36m(ElasticFullyAsyncTaskRunner pid=3706303)[0m           'train_batch_size': 0,
[36m(ElasticFullyAsyncTaskRunner pid=3706303)[0m           'train_files': '/workspace/data/eurus_code/train.parquet',
[36m(ElasticFullyAsyncTaskRunner pid=3706303)[0m           'train_max_samples': -1,
[36m(ElasticFullyAsyncTaskRunner pid=3706303)[0m           'truncation': 'left',
[36m(ElasticFullyAsyncTaskRunner pid=3706303)[0m           'trust_remote_code': False,
[36m(ElasticFullyAsyncTaskRunner pid=3706303)[0m           'use_shm': False,
[36m(ElasticFullyAsyncTaskRunner pid=3706303)[0m           'val_batch_size': None,
[36m(ElasticFullyAsyncTaskRunner pid=3706303)[0m           'val_files': '/workspace/data/eurus_code/val.parquet',
[36m(ElasticFullyAsyncTaskRunner pid=3706303)[0m           'val_max_samples': -1,
[36m(ElasticFullyAsyncTaskRunner pid=3706303)[0m           'validation_shuffle': False,
[36m(ElasticFullyAsyncTaskRunner pid=3706303)[0m           'video_key': 'videos'},
[36m(ElasticFullyAsyncTaskRunner pid=3706303)[0m  'distillation': {'_target_': 'verl.workers.config.DistillationConfig',
[36m(ElasticFullyAsyncTaskRunner pid=3706303)[0m                   'distillation_loss': {'_target_': 'verl.workers.config.DistillationLossConfig',
[36m(ElasticFullyAsyncTaskRunner pid=3706303)[0m                                         'clip_ratio'
[36m(ElasticFullyAsyncTaskRunner pid=3706303)[0m : 0.2,
[36m(ElasticFullyAsyncTaskRunner pid=3706303)[0m                                         'clip_ratio_high': 0.2,
[36m(ElasticFullyAsyncTaskRunner pid=3706303)[0m                                         'clip_ratio_low': 0.2,
[36m(ElasticFullyAsyncTaskRunner pid=3706303)[0m                                         'distillation_loss_coef': 1.0,
[36m(ElasticFullyAsyncTaskRunner pid=3706303)[0m                                         'log_prob_min_clamp': None,
[36m(ElasticFullyAsyncTaskRunner pid=3706303)[0m                                         'loss_max_clamp': None,
[36m(ElasticFullyAsyncTaskRunner pid=3706303)[0m                                         'loss_mode': 'k3',
[36m(ElasticFullyAsyncTaskRunner pid=3706303)[0m                                         'policy_loss_mode': 'vanilla',
[36m(ElasticFullyAsyncTaskRunner pid=3706303)[0m                                         'topk': 32,
[36m(ElasticFullyAsyncTaskRunner pid=3706303)[0m                                         'use_policy_gradient': False,
[36m(ElasticFullyAsyncTaskRunner pid=3706303)[0m                                         'use_task_rewards': True},
[36m(ElasticFullyAsyncTaskRunner pid=3706303)[0m                   'enabled': False,
[36m(ElasticFullyAsyncTaskRunner pid=3706303)[0m                   'n_gpus_per_node': 8,
[36m(ElasticFullyAsyncTaskRunner pid=3706303)[0m                   'nnodes': 0,
[36m(ElasticFullyAsyncTaskRunner pid=3706303)[0m                   'teacher_key': 'data_source',
[36m(ElasticFullyAsyncTaskRunner pid=3706303)[0m                   'teacher_models': {'teacher_model': {'_target_': 'verl.workers.config.DistillationTeacherModelConfig',
[36m(ElasticFullyAsyncTaskRunner pid=3706303)[0m                                                        'inference': {'_target_': 'verl.workers.config.RolloutConfig',
[36m(ElasticFullyAsyncTaskRunner pid=3706303)[0m                                                                      'cudagraph_capture_sizes': None,
[36m(ElasticFullyAsyncTaskRunner pid=3706303)[0m                                                                      'data_parallel_size': 1,
[36m(ElasticFullyAsyncTaskRunner pid=3706303)[0m                                                                      'disable_log_stats': True,
[36m(ElasticFullyAsyncTaskRunner pid=3706303)[0m                                                                      'dtype': 'bfloat16',
[36m(ElasticFullyAsyncTaskRunner pid=3706303)[0m                                                                      'enable_chunked_prefill': True,
[36m(ElasticFullyAsyncTaskRunner pid=3706303)[0m                                                                      'enable_prefix_caching': True,
[36m(ElasticFullyAsyncTaskRunner pid=3706303)[0m                                                                      'enforce_eager': True,
[36m(ElasticFullyAsyncTaskRunner pid=3706303)[0m                                                                      'engine_kwargs': {},
[36m(ElasticFullyAsyncTaskRunner pid=3706303)[0m                                                                      'expert_parallel_size': 1,
[36m(ElasticFullyAsyncTaskRunner pid=3706303)[0m                                                                      'free_cache_engine': True,
[36m(ElasticFullyAsyncTaskRunner pid=3706303)[0m                                                                      'gpu_memory_utilization': 0.5,
[36m(ElasticFullyAsyncTaskRunner pid=3706303)[0m                                                                      'limit_images': None,
[36m(ElasticFullyAsyncTaskRunner pid=3706303)[0m                                                                      'load_format': 'auto',
[36m(ElasticFullyAsyncTaskRunner pid=3706303)[0m                                                                      'max_model_len': None,
[36m(ElasticFullyAsyncTaskRunner pid=3706303)[0m                                                                      'max_num_batched_tokens': 8192,
[36m(ElasticFullyAsyncTaskRunner pid=3706303)[0m                                                                      'max_num_seqs': 1024,
[36m(ElasticFullyAsyncTaskRunner pid=3706303)[0m                                                                      'name': 'vllm',
[36m(ElasticFullyAsyncTaskRunner pid=3706303)[0m                                                                      'prompt_length': 2048,
[36m(ElasticFullyAsyncTaskRunner pid=3706303)[0m                                                                      'response_length': 16384,
[36m(ElasticFullyAsyncTaskRunner pid=3706303)[0m                                                                      'skip_tokenizer_init'
[36m(ElasticFullyAsyncTaskRunner pid=3706303)[0m : True,
[36m(ElasticFullyAsyncTaskRunner pid=3706303)[0m                                                                      'temperature': 1.0,
[36m(ElasticFullyAsyncTaskRunner pid=3706303)[0m                                                                      'tensor_model_parallel_size': 2},
[36m(ElasticFullyAsyncTaskRunner pid=3706303)[0m                                                        'key': None,
[36m(ElasticFullyAsyncTaskRunner pid=3706303)[0m                                                        'model_path': None,
[36m(ElasticFullyAsyncTaskRunner pid=3706303)[0m                                                        'num_replicas': 0}}},
[36m(ElasticFullyAsyncTaskRunner pid=3706303)[0m  'global_profiler': {'_target_': 'verl.utils.profiler.ProfilerConfig',
[36m(ElasticFullyAsyncTaskRunner pid=3706303)[0m                      'global_tool_config': {'nsys': {'_target_': 'verl.utils.profiler.config.NsightToolConfig',
[36m(ElasticFullyAsyncTaskRunner pid=3706303)[0m                                                      'controller_nsight_options': {'cuda-graph-trace': 'graph',
[36m(ElasticFullyAsyncTaskRunner pid=3706303)[0m                                                                                    'cuda-memory-usage': 'true',
[36m(ElasticFullyAsyncTaskRunner pid=3706303)[0m                                                                                    'trace': 'cuda,nvtx,cublas,ucx'},
[36m(ElasticFullyAsyncTaskRunner pid=3706303)[0m                                                      'discrete': False,
[36m(ElasticFullyAsyncTaskRunner pid=3706303)[0m                                                      'worker_nsight_options': {'capture-range': 'cudaProfilerApi',
[36m(ElasticFullyAsyncTaskRunner pid=3706303)[0m                                                                                'capture-range-end': None,
[36m(ElasticFullyAsyncTaskRunner pid=3706303)[0m                                                                                'cuda-graph-trace': 'graph',
[36m(ElasticFullyAsyncTaskRunner pid=3706303)[0m                                                                                'cuda-memory-usage': 'true',
[36m(ElasticFullyAsyncTaskRunner pid=3706303)[0m                                                                                'kill': 'none',
[36m(ElasticFullyAsyncTaskRunner pid=3706303)[0m                                                                                'trace': 'cuda,nvtx,cublas,ucx'}},
[36m(ElasticFullyAsyncTaskRunner pid=3706303)[0m                                             'precision_debugger': {'_target_': 'verl.utils.profiler.config.PrecisionDebuggerToolConfig',
[36m(ElasticFullyAsyncTaskRunner pid=3706303)[0m                                                                    'config_path': None,
[36m(ElasticFullyAsyncTaskRunner pid=3706303)[0m                                                                    'stages': None,
[36m(ElasticFullyAsyncTaskRunner pid=3706303)[0m                                                                    'steps': None,
[36m(ElasticFullyAsyncTaskRunner pid=3706303)[0m                                                                    'strict': False},
[36m(ElasticFullyAsyncTaskRunner pid=3706303)[0m                                             'torch_memory': {'context': 'all',
[36m(ElasticFullyAsyncTaskRunner pid=3706303)[0m                                                              'kw_args': {},
[36m(ElasticFullyAsyncTaskRunner pid=3706303)[0m                                                              'stack_depth': 32,
[36m(ElasticFullyAsyncTaskRunner pid=3706303)[0m                                                              'stacks': 'all',
[36m(ElasticFullyAsyncTaskRunner pid=3706303)[0m                                                              'trace_alloc_max_entries': 100000}}
[36m(ElasticFullyAsyncTaskRunner pid=3706303)[0m ,
[36m(ElasticFullyAsyncTaskRunner pid=3706303)[0m                      'profile_continuous_steps': False,
[36m(ElasticFullyAsyncTaskRunner pid=3706303)[0m                      'save_path': 'outputs/profile',
[36m(ElasticFullyAsyncTaskRunner pid=3706303)[0m                      'steps': None,
[36m(ElasticFullyAsyncTaskRunner pid=3706303)[0m                      'tool': None},
[36m(ElasticFullyAsyncTaskRunner pid=3706303)[0m  'model_engine': 'dp',
[36m(ElasticFullyAsyncTaskRunner pid=3706303)[0m  'ray_kwargs': {'ray_init': {'num_cpus': None,
[36m(ElasticFullyAsyncTaskRunner pid=3706303)[0m                              'runtime_env': {'env_vars': {'PYTHONPATH': '/workspace/m1'}}},
[36m(ElasticFullyAsyncTaskRunner pid=3706303)[0m                 'timeline_json_file': None},
[36m(ElasticFullyAsyncTaskRunner pid=3706303)[0m  'reward': {'_target_': 'verl.workers.config.RewardConfig',
[36m(ElasticFullyAsyncTaskRunner pid=3706303)[0m             'custom_reward_function': {'name': 'compute_score', 'path': None},
[36m(ElasticFullyAsyncTaskRunner pid=3706303)[0m             'num_workers': 8,
[36m(ElasticFullyAsyncTaskRunner pid=3706303)[0m             'reward_manager': {'_target_': 'verl.workers.config.reward.RewardManagerConfig',
[36m(ElasticFullyAsyncTaskRunner pid=3706303)[0m                                'module': {'_target_': 'verl.trainer.config.config.ModuleConfig',
[36m(ElasticFullyAsyncTaskRunner pid=3706303)[0m                                           'name': 'custom_reward_manager',
[36m(ElasticFullyAsyncTaskRunner pid=3706303)[0m                                           'path': None},
[36m(ElasticFullyAsyncTaskRunner pid=3706303)[0m                                'name': 'naive',
[36m(ElasticFullyAsyncTaskRunner pid=3706303)[0m                                'source': 'register'},
[36m(ElasticFullyAsyncTaskRunner pid=3706303)[0m             'reward_model': {'_target_': 'verl.workers.config.RewardModelConfig',
[36m(ElasticFullyAsyncTaskRunner pid=3706303)[0m                              'enable': False,
[36m(ElasticFullyAsyncTaskRunner pid=3706303)[0m                              'enable_resource_pool': False,
[36m(ElasticFullyAsyncTaskRunner pid=3706303)[0m                              'model_path': None,
[36m(ElasticFullyAsyncTaskRunner pid=3706303)[0m                              'n_gpus_per_node': 8,
[36m(ElasticFullyAsyncTaskRunner pid=3706303)[0m                              'nnodes': 0,
[36m(ElasticFullyAsyncTaskRunner pid=3706303)[0m                              'rollout': {'_target_': 'verl.workers.config.RolloutConfig',
[36m(ElasticFullyAsyncTaskRunner pid=3706303)[0m                                          'cudagraph_capture_sizes': None,
[36m(ElasticFullyAsyncTaskRunner pid=3706303)[0m                                          'data_parallel_size': 
[36m(ElasticFullyAsyncTaskRunner pid=3706303)[0m 1,
[36m(ElasticFullyAsyncTaskRunner pid=3706303)[0m                                          'disable_log_stats': True,
[36m(ElasticFullyAsyncTaskRunner pid=3706303)[0m                                          'disaggregation': {'bootstrap_port': None,
[36m(ElasticFullyAsyncTaskRunner pid=3706303)[0m                                                             'decode_replicas': 1,
[36m(ElasticFullyAsyncTaskRunner pid=3706303)[0m                                                             'decode_tensor_model_parallel_size': None,
[36m(ElasticFullyAsyncTaskRunner pid=3706303)[0m                                                             'enabled': False,
[36m(ElasticFullyAsyncTaskRunner pid=3706303)[0m                                                             'ib_device': None,
[36m(ElasticFullyAsyncTaskRunner pid=3706303)[0m                                                             'prefill_replicas': 1,
[36m(ElasticFullyAsyncTaskRunner pid=3706303)[0m                                                             'transfer_backend': 'nixl'},
[36m(ElasticFullyAsyncTaskRunner pid=3706303)[0m                                          'do_sample': True,
[36m(ElasticFullyAsyncTaskRunner pid=3706303)[0m                                          'dtype': 'bfloat16',
[36m(ElasticFullyAsyncTaskRunner pid=3706303)[0m                                          'enable_chunked_prefill': True,
[36m(ElasticFullyAsyncTaskRunner pid=3706303)[0m                                          'enable_prefix_caching': True,
[36m(ElasticFullyAsyncTaskRunner pid=3706303)[0m                                          'enforce_eager': True,
[36m(ElasticFullyAsyncTaskRunner pid=3706303)[0m                                          'engine_kwargs': {},
[36m(ElasticFullyAsyncTaskRunner pid=3706303)[0m                                          'expert_parallel_size': 1,
[36m(ElasticFullyAsyncTaskRunner pid=3706303)[0m                                          'free_cache_engine': True,
[36m(ElasticFullyAsyncTaskRunner pid=3706303)[0m                                          'full_determinism': False,
[36m(ElasticFullyAsyncTaskRunner pid=3706303)[0m                                          'gpu_memory_utilization': 0.5,
[36m(ElasticFullyAsyncTaskRunner pid=3706303)[0m                                          'ignore_eos': False,
[36m(ElasticFullyAsyncTaskRunner pid=3706303)[0m                                          'layered_summon': False,
[36m(ElasticFullyAsyncTaskRunner pid=3706303)[0m                                          'limit_images': None,
[36m(ElasticFullyAsyncTaskRunner pid=3706303)[0m                                          'load_format': 'auto',
[36m(ElasticFullyAsyncTaskRunner pid=3706303)[0m                                          'max_model_len': None,
[36m(ElasticFullyAsyncTaskRunner pid=3706303)[0m                                          'max_num_batched_tokens': 8192,
[36m(ElasticFullyAsyncTaskRunner pid=3706303)[0m                                          'max_num_seqs': 1024,
[36m(ElasticFullyAsyncTaskRunner pid=3706303)[0m                                          'mtp': None,
[36m(ElasticFullyAsyncTaskRunner pid=3706303)[0m                                          'multi_stage_wake_up': False,
[36m(ElasticFullyAsyncTaskRunner pid=3706303)[0m                                          'n': 1,
[36m(ElasticFullyAsyncTaskRunner pid=3706303)[0m                                          'name': '???',
[36m(ElasticFullyAsyncTaskRunner pid=3706303)[0m                                          'pipeline_model_parallel_size': 1,
[36m(ElasticFullyAsyncTaskRunner pid=3706303)[0m                                          'prompt_length': 2048,
[36m(ElasticFullyAsyncTaskRunner pid=3706303)[0m                                          'quantization': None,
[36m(ElasticFullyAsyncTaskRunner pid=3706303)[0m                                          'quantization_config_file': None,
[36m(ElasticFullyAsyncTaskRunner pid=3706303)[0m                                          'response_length': 2048,
[36m(ElasticFullyAsyncTaskRunner pid=3706303)[0m                                          'scheduling_policy': 'fcfs',
[36m(ElasticFullyAsyncTaskRunner pid=3706303)[0m                                          'seed': 42,
[36m(ElasticFullyAsyncTaskRunner pid=3706303)[0m                                          'skip_tokenizer_init': False,
[36m(ElasticFullyAsyncTaskRunner pid=3706303)[0m                                          'temperature': 1.0,
[36m(ElasticFullyAsyncTaskRunner pid=3706303)[0m                                          'tensor_model_parallel_size': 2,
[36m(ElasticFullyAsyncTaskRunner pid=3706303)[0m                                          'top_k': -1,
[36m(ElasticFullyAsyncTaskRunner pid=3706303)[0m                                          'top_p': 1}},
[36m(ElasticFullyAsyncTaskRunner pid=3706303)[0m             'sandbox_fusion': {'_target_': 'verl.workers.config.SandboxFusionConfig',
[36m(ElasticFullyAsyncTaskRunner pid=3706303)[0m                                'max_concurrent': 64,
[36m(ElasticFullyAsyncTaskRunner pid=3706303)[0m                                'memory_limit_mb': 1024,
[36m(ElasticFullyAsyncTaskRunner pid=3706303)[0m                                'url': None}},
[36m(ElasticFullyAsyncTaskRunner pid=3706303)[0m  'rollout': {'n': 4,
[36m(ElasticFullyAsyncTaskRunner pid=3706303)[0m              'n_gpus_per_node': 1,
[36m(ElasticFullyAsyncTaskRunner pid=3706303)[0m              'nnodes': 1,
[36m(ElasticFullyAsyncTaskRunner pid=3706303)[0m              'total_rollout_steps': 65536},
[36m(ElasticFullyAsyncTaskRunner pid=3706303)[0m  'skip': {'_target_': 'verl.utils.skip.SkipManagerConfig',
[36m(ElasticFullyAsyncTaskRunner pid=3706303)[0m           'async_rollout': {'action': 'cache',
[36m(ElasticFullyAsyncTaskRunner pid=3706303)[0m                             'dump_dir': '~/.verl/rollout_dump',
[36m(ElasticFullyAsyncTaskRunner pid=3706303)[0m                             'enable': False,
[36m(ElasticFullyAsyncTaskRunner pid=3706303)[0m                             'steps': []},
[36m(ElasticFullyAsyncTaskRunner pid=3706303)[0m           'rollout': {'action': 'cache',
[36m(ElasticFullyAsyncTaskRunner pid=3706303)[0m                       'dump_dir': 
[36m(ElasticFullyAsyncTaskRunner pid=3706303)[0m '~/.verl/rollout_dump',
[36m(ElasticFullyAsyncTaskRunner pid=3706303)[0m                       'enable': False,
[36m(ElasticFullyAsyncTaskRunner pid=3706303)[0m                       'steps': []},
[36m(ElasticFullyAsyncTaskRunner pid=3706303)[0m           'rollout_tq': {'action': 'cache',
[36m(ElasticFullyAsyncTaskRunner pid=3706303)[0m                          'dump_dir': '~/.verl/rollout_dump',
[36m(ElasticFullyAsyncTaskRunner pid=3706303)[0m                          'enable': False,
[36m(ElasticFullyAsyncTaskRunner pid=3706303)[0m                          'steps': []}},
[36m(ElasticFullyAsyncTaskRunner pid=3706303)[0m  'trainer': {'balance_batch': True,
[36m(ElasticFullyAsyncTaskRunner pid=3706303)[0m              'critic_warmup': 0,
[36m(ElasticFullyAsyncTaskRunner pid=3706303)[0m              'default_hdfs_dir': None,
[36m(ElasticFullyAsyncTaskRunner pid=3706303)[0m              'default_local_dir': '/workspace/results/ckpts',
[36m(ElasticFullyAsyncTaskRunner pid=3706303)[0m              'del_local_ckpt_after_load': False,
[36m(ElasticFullyAsyncTaskRunner pid=3706303)[0m              'device': 'cuda',
[36m(ElasticFullyAsyncTaskRunner pid=3706303)[0m              'esi_redundant_time': 0,
[36m(ElasticFullyAsyncTaskRunner pid=3706303)[0m              'experiment_name': 'r1distill1.5b-euruscode-elastic-s8',
[36m(ElasticFullyAsyncTaskRunner pid=3706303)[0m              'log_val_generations': 0,
[36m(ElasticFullyAsyncTaskRunner pid=3706303)[0m              'logger': ['console'],
[36m(ElasticFullyAsyncTaskRunner pid=3706303)[0m              'max_actor_ckpt_to_keep': None,
[36m(ElasticFullyAsyncTaskRunner pid=3706303)[0m              'max_critic_ckpt_to_keep': None,
[36m(ElasticFullyAsyncTaskRunner pid=3706303)[0m              'n_gpus_per_node': 1,
[36m(ElasticFullyAsyncTaskRunner pid=3706303)[0m              'nnodes': 1,
[36m(ElasticFullyAsyncTaskRunner pid=3706303)[0m              'project_name': 'elastic-m1',
[36m(ElasticFullyAsyncTaskRunner pid=3706303)[0m              'ray_wait_register_center_timeout': 300,
[36m(ElasticFullyAsyncTaskRunner pid=3706303)[0m              'resume_from_path': None,
[36m(ElasticFullyAsyncTaskRunner pid=3706303)[0m              'resume_mode': 'disable',
[36m(ElasticFullyAsyncTaskRunner pid=3706303)[0m              'rollout_data_dir': None,
[36m(ElasticFullyAsyncTaskRunner pid=3706303)[0m              'save_freq': -1,
[36m(ElasticFullyAsyncTaskRunner pid=3706303)[0m              'test_freq': -1,
[36m(ElasticFullyAsyncTaskRunner pid=3706303)[0m              'total_epochs': 10,
[36m(ElasticFullyAsyncTaskRunner pid=3706303)[0m              'total_training_steps': None,
[36m(ElasticFullyAsyncTaskRunner pid=3706303)[0m              'use_v1': True,
[36m(ElasticFullyAsyncTaskRunner pid=3706303)[0m              'v1': {'colocate_async': {'num_warmup_batches': 1},
[36m(ElasticFullyAsyncTaskRunner pid=3706303)[0m                     'sampler': {'custom_sampler': {'name': None, 'path': None},
[36m(ElasticFullyAsyncTaskRunner pid=3706303)[0m                                 'max_off_policy_strategy': 'drop',
[36m(ElasticFullyAsyncTaskRunner pid=3706303)[0m                                 'max_off_policy_threshold': 8,
[36m(ElasticFullyAsyncTaskRunner pid=3706303)[0m                                 'sampler_kwargs': {},
[36m(ElasticFullyAsyncTaskRunner pid=3706303)[0m                                 'sync_refill_failed_groups': False},
[36m(ElasticFullyAsyncTaskRunner pid=3706303)[0m                     'separate_async': {'num_warmup_batches': 1,
[36m(ElasticFullyAsyncTaskRunner pid=3706303)[0m                                        'parameter_sync_step': 4},
[36m(ElasticFullyAsyncTaskRunner pid=3706303)[0m                     'sync': {},
[36m(ElasticFullyAsyncTaskRunner pid=3706303)[0m                     'trainer_mode': 'sync'},
[36m(ElasticFullyAsyncTaskRunner pid=3706303)[0m              'val_before_train': False,
[36m(ElasticFullyAsyncTaskRunner pid=3706303)[0m              'val_only': False,
[36m(ElasticFullyAsyncTaskRunner pid=3706303)[0m              'validation_data_dir': None},
[36m(ElasticFullyAsyncTaskRunner pid=3706303)[0m  
[36m(ElasticFullyAsyncTaskRunner pid=3706303)[0m 'transfer_queue'
[36m(ElasticFullyAsyncTaskRunner pid=3706303)[0m : {'backend': {'MooncakeStore': {'auto_init': False,
[36m(ElasticFullyAsyncTaskRunner pid=3706303)[0m                                                   'device_name': '',
[36m(ElasticFullyAsyncTaskRunner pid=3706303)[0m                                                   'global_segment_size': 4294967296,
[36m(ElasticFullyAsyncTaskRunner pid=3706303)[0m                                                   'local_buffer_size': 1073741824,
[36m(ElasticFullyAsyncTaskRunner pid=3706303)[0m                                                   'local_hostname': 'localhost',
[36m(ElasticFullyAsyncTaskRunner pid=3706303)[0m                                                   'master_server_address': 'localhost:50124',
[36m(ElasticFullyAsyncTaskRunner pid=3706303)[0m                                                   'metadata_server': 'localhost:50123',
[36m(ElasticFullyAsyncTaskRunner pid=3706303)[0m                                                   'protocol': 'tcp'},
[36m(ElasticFullyAsyncTaskRunner pid=3706303)[0m                                 'SimpleStorage': {'num_data_storage_units': 8,
[36m(ElasticFullyAsyncTaskRunner pid=3706303)[0m                                                   'total_storage_size': 100000},
[36m(ElasticFullyAsyncTaskRunner pid=3706303)[0m                                 'storage_backend': 'SimpleStorage'},
[36m(ElasticFullyAsyncTaskRunner pid=3706303)[0m                     'enable': False,
[36m(ElasticFullyAsyncTaskRunner pid=3706303)[0m                     'metrics': {'enabled': False, 'port': 0}}}
[36m(ElasticFullyAsyncTaskRunner pid=3706303)[0m [ELASTIC MAIN] Initializing model and tokenizer...
[36m(ElasticFullyAsyncTaskRunner pid=3706303)[0m [ELASTIC MAIN] Creating worker mapping and resource pools...
[33m(raylet)[0m [cr-shim] PID 3706975: ready (suspend=sig35, resume=sig36)
[33m(raylet)[0m [cr-shim] PID 3706975: ready (suspend=sig35, resume=sig36)
[36m(ElasticFullyAsyncTaskRunner pid=3706303)[0m [ELASTIC MAIN] Creating FullyAsyncRollouter (R1) FIRST...
[36m(ElasticFullyAsyncTaskRunner pid=3706303)[0m [ELASTIC MAIN] Starting create rollouter...
[36m(pid=3707180)[0m WARNING:2026-08-05 23:06:07,105:Platform 'nvidia' (PlatformCUDA) is registered but not available. This may be due to this ray actor being a CPU-only actor.
[33m(raylet)[0m [cr-shim] PID 3707180: ready (suspend=sig35, resume=sig36)[32m [repeated 4x across cluster][0m
[36m(pid=3707180)[0m W0805 23:06:07.830000 3707180 torch/utils/cpp_extension.py:140] No CUDA runtime is found, using CUDA_HOME='/usr/local/cuda'
[36m(ElasticFullyAsyncRollouter pid=3707180)[0m [FullyAsyncRollouter] Creating datasets...
[36m(ElasticFullyAsyncRollouter pid=3707180)[0m Using dataset class: RLHFDataset
[36m(ElasticFullyAsyncRollouter pid=3707180)[0m Generating train split: 0 examples [00:00, ? examples/s]Generating train split: 512 examples [00:00, 62181.02 examples/s]
[36m(ElasticFullyAsyncRollouter pid=3707180)[0m dataset len: 512
[36m(ElasticFullyAsyncRollouter pid=3707180)[0m Using dataset class: RLHFDataset
[36m(ElasticFullyAsyncRollouter pid=3707180)[0m Generating train split: 0 examples [00:00, ? examples/s]Generating train split: 64 examples [00:00, 19746.61 examples/s]
[36m(ElasticFullyAsyncRollouter pid=3707180)[0m dataset len: 64
[36m(ElasticFullyAsyncRollouter pid=3707180)[0m Size of train dataloader: 512, Size of val dataloader: 1
[36m(ElasticFullyAsyncRollouter pid=3707180)[0m Total training steps: 5120
[36m(ElasticFullyAsyncRollouter pid=3707180)[0m [FullyAsyncRollouter] Total rollout steps: 5120
[36m(ElasticFullyAsyncRollouter pid=3707180)[0m WARNING 08-05 23:06:13 [nixl_utils.py:34] NIXL is not available
[36m(ElasticFullyAsyncRollouter pid=3707180)[0m WARNING 08-05 23:06:13 [nixl_utils.py:44] NIXL agent config is not available
[33m(raylet)[0m [cr-shim] PID 3708311: ready (suspend=sig35, resume=sig36)[32m [repeated 25x across cluster][0m
[36m(ElasticFullyAsyncRollouter pid=3707180)[0m Using blocking ray.get inside async actor. This blocks the event loop. Please use `await` on object ref with asyncio.gather if you want to yield execution to the event loop instead.
[36m(CheckpointEngineWorker pid=3708401)[0m WARNING 08-05 23:06:22 [nixl_utils.py:34] NIXL is not available
[36m(CheckpointEngineWorker pid=3708401)[0m WARNING 08-05 23:06:22 [nixl_utils.py:44] NIXL agent config is not available
[36m(CheckpointEngineWorker pid=3708401)[0m [cr-shim] PID 3708884: ready (suspend=sig35, resume=sig36)[32m [repeated 6x across cluster][0m
[36m(pid=3708955)[0m WARNING 08-05 23:06:31 [nixl_utils.py:34] NIXL is not available
[36m(pid=3708955)[0m WARNING 08-05 23:06:31 [nixl_utils.py:44] NIXL agent config is not available
[36m(pid=3708955)[0m [cr-shim] PID 3709343: ready (suspend=sig35, resume=sig36)[32m [repeated 4x across cluster][0m
[36m(vLLMHttpServer pid=3708955)[0m ['serve',
[36m(vLLMHttpServer pid=3708955)[0m  '/workspace/models/DeepSeek-R1-Distill-Qwen-1.5B',
[36m(vLLMHttpServer pid=3708955)[0m  '--dtype',
[36m(vLLMHttpServer pid=3708955)[0m  'bfloat16',
[36m(vLLMHttpServer pid=3708955)[0m  '--load_format',
[36m(vLLMHttpServer pid=3708955)[0m  'auto',
[36m(vLLMHttpServer pid=3708955)[0m  '--distributed_executor_backend',
[36m(vLLMHttpServer pid=3708955)[0m  'mp',
[36m(vLLMHttpServer pid=3708955)[0m  '--worker_extension_cls',
[36m(vLLMHttpServer pid=3708955)[0m  'verl.workers.rollout.vllm_rollout.utils.vLLMColocateWorkerExtension',
[36m(vLLMHttpServer pid=3708955)[0m  '--max_model_len',
[36m(vLLMHttpServer pid=3708955)[0m  '131072',
[36m(vLLMHttpServer pid=3708955)[0m  '--max_num_seqs',
[36m(vLLMHttpServer pid=3708955)[0m  '1024',
[36m(vLLMHttpServer pid=3708955)[0m  '--enable_chunked_prefill',
[36m(vLLMHttpServer pid=3708955)[0m  '--max_num_batched_tokens',
[36m(vLLMHttpServer pid=3708955)[0m  '8192',
[36m(vLLMHttpServer pid=3708955)[0m  '--enable_prefix_caching',
[36m(vLLMHttpServer pid=3708955)[0m  '--enable_sleep_mode',
[36m(vLLMHttpServer pid=3708955)[0m  '--logprobs_mode',
[36m(vLLMHttpServer pid=3708955)[0m  'processed_logprobs',
[36m(vLLMHttpServer pid=3708955)[0m  '--gpu_memory_utilization',
[36m(vLLMHttpServer pid=3708955)[0m  '0.8',
[36m(vLLMHttpServer pid=3708955)[0m  '--disable_log_stats',
[36m(vLLMHttpServer pid=3708955)[0m  '--tensor_parallel_size',
[36m(vLLMHttpServer pid=3708955)[0m  '1',
[36m(vLLMHttpServer pid=3708955)[0m  '--seed',
[36m(vLLMHttpServer pid=3708955)[0m  '42',
[36m(vLLMHttpServer pid=3708955)[0m  '--override_generation_config',
[36m(vLLMHttpServer pid=3708955)[0m  '{"temperature": 1.0, "top_k": -1, "top_p": 1.0, "repetition_penalty": 1.0, '
[36m(vLLMHttpServer pid=3708955)[0m  '"max_new_tokens": 16384}',
[36m(vLLMHttpServer pid=3708955)[0m  '--hf_overrides',
[36m(vLLMHttpServer pid=3708955)[0m  '{}',
[36m(vLLMHttpServer pid=3708955)[0m  '--scheduling_policy',
[36m(vLLMHttpServer pid=3708955)[0m  'fcfs',
[36m(vLLMHttpServer pid=3708955)[0m  '--compilation_config',
[36m(vLLMHttpServer pid=3708955)[0m  '{"cudagraph_mode": "FULL_AND_PIECEWISE"}',
[36m(vLLMHttpServer pid=3708955)[0m  '--mm_processor_cache_gb',
[36m(vLLMHttpServer pid=3708955)[0m  '0']
[36m(vLLMHttpServer pid=3708955)[0m WARNING 08-05 23:06:33 [envs.py:1830] Unknown vLLM environment variable detected: VLLM_USE_V1
[36m(vLLMHttpServer pid=3708955)[0m WARNING 08-05 23:06:41 [system_utils.py:157] We must use the `spawn` multiprocessing start method. Overriding VLLM_WORKER_MULTIPROC_METHOD to 'spawn'. See https://docs.vllm.ai/en/latest/usage/troubleshooting.html#python-multiprocessing for more information. Reasons: In a Ray actor and can only be spawned; CUDA is initialized
[36m(vLLMHttpServer pid=3708955)[0m [cr-shim] PID 3709769: ready (suspend=sig35, resume=sig36)[32m [repeated 2x across cluster][0m
[36m(vLLMHttpServer pid=3708955)[0m WARNING 08-05 23:06:52 [nixl_utils.py:34] NIXL is not available
[36m(vLLMHttpServer pid=3708955)[0m WARNING 08-05 23:06:52 [nixl_utils.py:44] NIXL agent config is not available
[36m(vLLMHttpServer pid=3708955)[0m [cr-shim] PID 3710310: ready (suspend=sig35, resume=sig36)[32m [repeated 2x across cluster][0m
[36m(vLLMHttpServer pid=3708955)[0m (Worker pid=3709978) Loading safetensors checkpoint shards:   0% Completed | 0/1 [00:00<?, ?it/s]
[36m(vLLMHttpServer pid=3708955)[0m (Worker pid=3709978) Loading safetensors checkpoint shards: 100% Completed | 1/1 [00:00<00:00,  1.78it/s]
[36m(vLLMHttpServer pid=3708955)[0m (Worker pid=3709978) Loading safetensors checkpoint shards: 100% Completed | 1/1 [00:00<00:00,  1.77it/s]
[36m(vLLMHttpServer pid=3708955)[0m (Worker pid=3709978) 
[36m(vLLMHttpServer pid=3708955)[0m [cr-shim] PID 3710753: ready (suspend=sig35, resume=sig36)
[36m(vLLMHttpServer pid=3708955)[0m [cr-shim] PID 3710771: ready (suspend=sig35, resume=sig36)
[36m(vLLMHttpServer pid=3708955)[0m [cr-shim] PID 3711321: ready (suspend=sig35, resume=sig36)
[36m(vLLMHttpServer pid=3708955)[0m [cr-shim] PID 3711322: ready (suspend=sig35, resume=sig36)
[36m(vLLMHttpServer pid=3708955)[0m [cr-shim] PID 3711328: ready (suspend=sig35, resume=sig36)
[36m(vLLMHttpServer pid=3708955)[0m [cr-shim] PID 3711330: ready (suspend=sig35, resume=sig36)
[36m(vLLMHttpServer pid=3708955)[0m [cr-shim] PID 3711331: ready (suspend=sig35, resume=sig36)
[36m(vLLMHttpServer pid=3708955)[0m (Worker pid=3709978) 2026-08-05 23:07:16,791 - INFO - autotuner.py:457 - flashinfer.jit: [Autotuner]: Autotuning process starts ...
[36m(vLLMHttpServer pid=3708955)[0m (Worker pid=3709978) 2026-08-05 23:07:16,801 - INFO - autotuner.py:466 - flashinfer.jit: [Autotuner]: Autotuning process ends
[36m(vLLMHttpServer pid=3708955)[0m (Worker pid=3709978) Capturing CUDA graphs (mixed prefill-decode, PIECEWISE):   0%|          | 0/51 [00:00<?, ?it/s]
[36m(vLLMHttpServer pid=3708955)[0m Capturing CUDA graphs (mixed prefill-decode, PIECEWISE):   8%|▊         | 4/51 [00:00<00:01, 34.67it/s]
[36m(vLLMHttpServer pid=3708955)[0m Capturing CUDA graphs (mixed prefill-decode, PIECEWISE):  16%|█▌        | 8/51 [00:00<00:01, 32.16it/s]
[36m(vLLMHttpServer pid=3708955)[0m Capturing CUDA graphs (mixed prefill-decode, PIECEWISE):  24%|██▎       | 12/51 [00:00<00:01, 30.89it/s]
[36m(vLLMHttpServer pid=3708955)[0m Capturing CUDA graphs (mixed prefill-decode, PIECEWISE):  31%|███▏      | 16/51 [00:00<00:01, 31.24it/s]
[36m(vLLMHttpServer pid=3708955)[0m Capturing CUDA graphs (mixed prefill-decode, PIECEWISE):  39%|███▉      | 20/51 [00:00<00:00, 31.63it/s]
[36m(vLLMHttpServer pid=3708955)[0m Capturing CUDA graphs (mixed prefill-decode, PIECEWISE):  47%|████▋     | 24/51 [00:00<00:00, 30.22it/s]
[36m(vLLMHttpServer pid=3708955)[0m Capturing CUDA graphs (mixed prefill-decode, PIECEWISE):  55%|█████▍    | 28/51 [00:00<00:00, 30.55it/s]
[36m(vLLMHttpServer pid=3708955)[0m Capturing CUDA graphs (mixed prefill-decode, PIECEWISE):  63%|██████▎   | 32/51 [00:01<00:00, 29.99it/s]
[36m(vLLMHttpServer pid=3708955)[0m Capturing CUDA graphs (mixed prefill-decode, PIECEWISE):  71%|███████   | 36/51 [00:01<00:00, 30.10it/s]
[36m(vLLMHttpServer pid=3708955)[0m Capturing CUDA graphs (mixed prefill-decode, PIECEWISE):  78%|███████▊  | 40/51 [00:01<00:00, 29.39it/s]
[36m(vLLMHttpServer pid=3708955)[0m Capturing CUDA graphs (mixed prefill-decode, PIECEWISE):  84%|████████▍ | 43/51 [00:01<00:00, 28.95it/s]
[36m(vLLMHttpServer pid=3708955)[0m Capturing CUDA graphs (mixed prefill-decode, PIECEWISE):  90%|█████████ | 46/51 [00:01<00:00, 28.21it/s]
[36m(vLLMHttpServer pid=3708955)[0m Capturing CUDA graphs (mixed prefill-decode, PIECEWISE):  96%|█████████▌| 49/51 [00:01<00:00, 28.41it/s]
[36m(vLLMHttpServer pid=3708955)[0m Capturing CUDA graphs (mixed prefill-decode, PIECEWISE): 100%|██████████| 51/51 [00:01<00:00, 29.64it/s]
[36m(vLLMHttpServer pid=3708955)[0m (Worker pid=3709978) Capturing CUDA graphs (decode, FULL):   0%|          | 0/51 [00:00<?, ?it/s]
[36m(vLLMHttpServer pid=3708955)[0m Capturing CUDA graphs (decode, FULL):  10%|▉         | 5/51 [00:00<00:01, 43.32it/s]
[36m(vLLMHttpServer pid=3708955)[0m Capturing CUDA graphs (decode, FULL):  20%|█▉        | 10/51 [00:00<00:00, 44.55it/s]
[36m(vLLMHttpServer pid=3708955)[0m Capturing CUDA graphs (decode, FULL):  29%|██▉       | 15/51 [00:00<00:00, 45.88it/s]
[36m(vLLMHttpServer pid=3708955)[0m Capturing CUDA graphs (decode, FULL):  39%|███▉      | 20/51 [00:00<00:00, 46.63it/s]
[36m(vLLMHttpServer pid=3708955)[0m Capturing CUDA graphs (decode, FULL):  49%|████▉     | 25/51 [00:00<00:00, 46.54it/s]
[36m(vLLMHttpServer pid=3708955)[0m Capturing CUDA graphs (decode, FULL):  59%|█████▉    | 30/51 [00:00<00:00, 46.37it/s]
[36m(vLLMHttpServer pid=3708955)[0m Capturing CUDA graphs (decode, FULL):  69%|██████▊   | 35/51 [00:00<00:00, 46.22it/s]
[36m(vLLMHttpServer pid=3708955)[0m Capturing CUDA graphs (decode, FULL):  78%|███████▊  | 40/51 [00:00<00:00, 46.57it/s]
[36m(vLLMHttpServer pid=3708955)[0m Capturing CUDA graphs (decode, FULL):  88%|████████▊ | 45/51 [00:00<00:00, 47.01it/s]
[36m(vLLMHttpServer pid=3708955)[0m Capturing CUDA graphs (decode, FULL): 100%|██████████| 51/51 [00:01<00:00, 48.97it/s]Capturing CUDA graphs (decode, FULL): 100%|██████████| 51/51 [00:01<00:00, 47.08it/s]
[36m(vLLMHttpServer pid=3708955)[0m (EngineCore pid=3709769) WARNING 08-05 23:07:22 [nixl_utils.py:34] NIXL is not available
[36m(vLLMHttpServer pid=3708955)[0m (EngineCore pid=3709769) WARNING 08-05 23:07:22 [nixl_utils.py:44] NIXL agent config is not available
[36m(vLLMHttpServer pid=3708955)[0m WARNING 08-05 23:07:22 [api_router.py:30] LoRA dynamic loading & unloading is enabled in the API server. This should ONLY be used for local development!
[36m(vLLMHttpServer pid=3708955)[0m WARNING 08-05 23:07:22 [model.py:1437] Default vLLM sampling parameters have been overridden by the model's `generation_config.json`: `{'repetition_penalty': 1.0, 'temperature': 1.0, 'top_k': -1, 'top_p': 1.0, 'max_tokens': 16384}`. If this is not intended, please relaunch vLLM instance with `--generation-config vllm`.
[33m(raylet)[0m [cr-shim] PID 3711810: ready (suspend=sig35, resume=sig36)
[36m(ElasticFullyAsyncRollouter pid=3707180)[0m LLMServerManager: ['10.96.1.11:36439']
[36m(ElasticFullyAsyncRollouter pid=3707180)[0m [FullyAsyncLLMServerManager] Created: 1 standalone replicas (rank 0+), 0 hybrid replicas registered (sleeping, rank 0--1)
[36m(ElasticFullyAsyncTaskRunner pid=3706303)[0m [ELASTIC MAIN] Rollouter created and initialized successfully
[36m(ElasticFullyAsyncRollouter pid=3707180)[0m [FullyAsyncRollouter] required_samples : 64 max_required_samples: 576 max_queue_size: 576 total_train_steps: 80 total_rollout_steps: 5120 max_concurrent_samples: 16 
[36m(ElasticControllerHandles pid=3706975)[0m WARNING:2026-08-05 23:07:29,391:Platform 'nvidia' (PlatformCUDA) is registered but not available. This may be due to this ray actor being a CPU-only actor.
[33m(raylet)[0m [cr-shim] PID 3711823: ready (suspend=sig35, resume=sig36)[32m [repeated 26x across cluster][0m
[36m(ElasticControllerHandles pid=3706975)[0m W0805 23:07:30.185000 3706975 torch/utils/cpp_extension.py:140] No CUDA runtime is found, using CUDA_HOME='/usr/local/cuda'
[36m(AgentLoopWorker pid=3711818)[0m Using dataset class: RLHFDataset
[36m(GlobalRequestLoadBalancer pid=3711810)[0m WARNING 08-05 23:07:32 [nixl_utils.py:34] NIXL is not available
[36m(GlobalRequestLoadBalancer pid=3711810)[0m WARNING 08-05 23:07:32 [nixl_utils.py:44] NIXL agent config is not available
[36m(ElasticFullyAsyncTaskRunner pid=3706303)[0m [ELASTIC MAIN] R1 is on physical GPU 0; R2 (and later the trainer) -> GPU 1
[36m(ElasticFullyAsyncTaskRunner pid=3706303)[0m [ELASTIC MAIN] Launching R2 vLLM server actor 'vllm_server_1_0' on GPU 1...
[36m(AgentLoopWorker pid=3711822)[0m Using dataset class: RLHFDataset[32m [repeated 7x across cluster][0m
[36m(pid=3712796)[0m WARNING 08-05 23:07:40 [nixl_utils.py:34] NIXL is not available
[36m(pid=3712796)[0m WARNING 08-05 23:07:40 [nixl_utils.py:44] NIXL agent config is not available
[36m(pid=3712796)[0m [cr-shim] PID 3713196: ready (suspend=sig35, resume=sig36)[32m [repeated 4x across cluster][0m
[36m(GlobalRequestLoadBalancer pid=3711810)[0m W0805 23:07:30.171000 3711810 torch/utils/cpp_extension.py:140] No CUDA runtime is found, using CUDA_HOME='/usr/local/cuda'
[36m(vLLMHttpServer pid=3712796)[0m WARNING 08-05 23:07:42 [envs.py:1830] Unknown vLLM environment variable detected: VLLM_USE_V1
[36m(vLLMHttpServer pid=3712796)[0m WARNING 08-05 23:07:42 [system_utils.py:157] We must use the `spawn` multiprocessing start method. Overriding VLLM_WORKER_MULTIPROC_METHOD to 'spawn'. See https://docs.vllm.ai/en/latest/usage/troubleshooting.html#python-multiprocessing for more information. Reasons: In a Ray actor and can only be spawned; CUDA is initialized
[36m(vLLMHttpServer pid=3712796)[0m [cr-shim] PID 3713573: ready (suspend=sig35, resume=sig36)[32m [repeated 3x across cluster][0m
[36m(vLLMHttpServer pid=3712796)[0m WARNING 08-05 23:07:53 [nixl_utils.py:34] NIXL is not available
[36m(vLLMHttpServer pid=3712796)[0m WARNING 08-05 23:07:53 [nixl_utils.py:44] NIXL agent config is not available
[36m(vLLMHttpServer pid=3712796)[0m [cr-shim] PID 3713875: ready (suspend=sig35, resume=sig36)
[36m(vLLMHttpServer pid=3712796)[0m (Worker pid=3713573) Loading safetensors checkpoint shards:   0% Completed | 0/1 [00:00<?, ?it/s]
[36m(vLLMHttpServer pid=3712796)[0m (Worker pid=3713573) Loading safetensors checkpoint shards: 100% Completed | 1/1 [00:00<00:00,  1.76it/s]
[36m(vLLMHttpServer pid=3712796)[0m (Worker pid=3713573) Loading safetensors checkpoint shards: 100% Completed | 1/1 [00:00<00:00,  1.76it/s]
[36m(vLLMHttpServer pid=3712796)[0m (Worker pid=3713573) 
[36m(vLLMHttpServer pid=3712796)[0m [cr-shim] PID 3714312: ready (suspend=sig35, resume=sig36)
[36m(vLLMHttpServer pid=3712796)[0m [cr-shim] PID 3714692: ready (suspend=sig35, resume=sig36)
[36m(vLLMHttpServer pid=3712796)[0m [cr-shim] PID 3714693: ready (suspend=sig35, resume=sig36)
[36m(vLLMHttpServer pid=3712796)[0m [cr-shim] PID 3714699: ready (suspend=sig35, resume=sig36)
[36m(vLLMHttpServer pid=3712796)[0m [cr-shim] PID 3714700: ready (suspend=sig35, resume=sig36)
[36m(vLLMHttpServer pid=3712796)[0m [cr-shim] PID 3714701: ready (suspend=sig35, resume=sig36)
[36m(vLLMHttpServer pid=3712796)[0m (Worker pid=3713573) 2026-08-05 23:08:12,704 - INFO - autotuner.py:457 - flashinfer.jit: [Autotuner]: Autotuning process starts ...
[36m(vLLMHttpServer pid=3712796)[0m (Worker pid=3713573) 2026-08-05 23:08:12,717 - INFO - autotuner.py:466 - flashinfer.jit: [Autotuner]: Autotuning process ends
[36m(vLLMHttpServer pid=3712796)[0m (Worker pid=3713573) Capturing CUDA graphs (mixed prefill-decode, PIECEWISE):   0%|          | 0/51 [00:00<?, ?it/s]
[36m(vLLMHttpServer pid=3712796)[0m Capturing CUDA graphs (mixed prefill-decode, PIECEWISE):   8%|▊         | 4/51 [00:00<00:01, 39.15it/s]
[36m(vLLMHttpServer pid=3712796)[0m Capturing CUDA graphs (mixed prefill-decode, PIECEWISE):  16%|█▌        | 8/51 [00:00<00:01, 34.72it/s]
[36m(vLLMHttpServer pid=3712796)[0m Capturing CUDA graphs (mixed prefill-decode, PIECEWISE):  24%|██▎       | 12/51 [00:00<00:01, 33.87it/s]
[36m(vLLMHttpServer pid=3712796)[0m Capturing CUDA graphs (mixed prefill-decode, PIECEWISE):  31%|███▏      | 16/51 [00:00<00:01, 33.74it/s]
[36m(vLLMHttpServer pid=3712796)[0m Capturing CUDA graphs (mixed prefill-decode, PIECEWISE):  39%|███▉      | 20/51 [00:00<00:00, 33.92it/s]
[36m(vLLMHttpServer pid=3712796)[0m Capturing CUDA graphs (mixed prefill-decode, PIECEWISE):  47%|████▋     | 24/51 [00:00<00:00, 32.26it/s]
[36m(vLLMHttpServer pid=3712796)[0m Capturing CUDA graphs (mixed prefill-decode, PIECEWISE):  55%|█████▍    | 28/51 [00:00<00:00, 32.20it/s]
[36m(vLLMHttpServer pid=3712796)[0m Capturing CUDA graphs (mixed prefill-decode, PIECEWISE):  63%|██████▎   | 32/51 [00:00<00:00, 31.75it/s]
[36m(vLLMHttpServer pid=3712796)[0m Capturing CUDA graphs (mixed prefill-decode, PIECEWISE):  71%|███████   | 36/51 [00:01<00:00, 32.00it/s]
[36m(vLLMHttpServer pid=3712796)[0m Capturing CUDA graphs (mixed prefill-decode, PIECEWISE):  78%|███████▊  | 40/51 [00:01<00:00, 31.16it/s]
[36m(vLLMHttpServer pid=3712796)[0m Capturing CUDA graphs (mixed prefill-decode, PIECEWISE):  86%|████████▋ | 44/51 [00:01<00:00, 30.49it/s]
[36m(vLLMHttpServer pid=3712796)[0m Capturing CUDA graphs (mixed prefill-decode, PIECEWISE):  94%|█████████▍| 48/51 [00:01<00:00, 30.05it/s]
[36m(vLLMHttpServer pid=3712796)[0m Capturing CUDA graphs (mixed prefill-decode, PIECEWISE): 100%|██████████| 51/51 [00:01<00:00, 31.85it/s]
[36m(vLLMHttpServer pid=3712796)[0m (Worker pid=3713573) Capturing CUDA graphs (decode, FULL):   0%|          | 0/51 [00:00<?, ?it/s]
[36m(vLLMHttpServer pid=3712796)[0m Capturing CUDA graphs (decode, FULL):  12%|█▏        | 6/51 [00:00<00:00, 50.10it/s]
[36m(vLLMHttpServer pid=3712796)[0m Capturing CUDA graphs (decode, FULL):  24%|██▎       | 12/51 [00:00<00:00, 49.75it/s]
[36m(vLLMHttpServer pid=3712796)[0m Capturing CUDA graphs (decode, FULL):  35%|███▌      | 18/51 [00:00<00:00, 50.09it/s]
[36m(vLLMHttpServer pid=3712796)[0m Capturing CUDA graphs (decode, FULL):  47%|████▋     | 24/51 [00:00<00:00, 50.46it/s]
[36m(vLLMHttpServer pid=3712796)[0m Capturing CUDA graphs (decode, FULL):  59%|█████▉    | 30/51 [00:00<00:00, 49.88it/s]
[36m(vLLMHttpServer pid=3712796)[0m Capturing CUDA graphs (decode, FULL):  71%|███████   | 36/51 [00:00<00:00, 50.19it/s]
[36m(vLLMHttpServer pid=3712796)[0m Capturing CUDA graphs (decode, FULL):  82%|████████▏ | 42/51 [00:00<00:00, 50.56it/s]
[36m(vLLMHttpServer pid=3712796)[0m Capturing CUDA graphs (decode, FULL):  94%|█████████▍| 48/51 [00:00<00:00, 50.86it/s]
[36m(vLLMHttpServer pid=3712796)[0m Capturing CUDA graphs (decode, FULL): 100%|██████████| 51/51 [00:01<00:00, 50.52it/s]
[36m(vLLMHttpServer pid=3712796)[0m (EngineCore pid=3713317) WARNING 08-05 23:08:18 [nixl_utils.py:34] NIXL is not available
[36m(vLLMHttpServer pid=3712796)[0m (EngineCore pid=3713317) WARNING 08-05 23:08:18 [nixl_utils.py:44] NIXL agent config is not available
[36m(vLLMHttpServer pid=3712796)[0m WARNING 08-05 23:08:18 [api_router.py:30] LoRA dynamic loading & unloading is enabled in the API server. This should ONLY be used for local development!
[36m(vLLMHttpServer pid=3712796)[0m WARNING 08-05 23:08:18 [model.py:1437] Default vLLM sampling parameters have been overridden by the model's `generation_config.json`: `{'repetition_penalty': 1.0, 'temperature': 1.0, 'top_k': -1, 'top_p': 1.0, 'max_tokens': 16384}`. If this is not intended, please relaunch vLLM instance with `--generation-config vllm`.
[36m(ElasticFullyAsyncTaskRunner pid=3706303)[0m [ELASTIC MAIN] R2 warmup generation...
[36m(vLLMHttpServer pid=3712796)[0m WARNING 08-05 23:08:19 [input_processor.py:274] Passing raw prompts to InputProcessor is deprecated and will be removed in v0.18. You should instead pass the outputs of Renderer.render_cmpl() or Renderer.render_chat().
[36m(vLLMHttpServer pid=3712796)[0m [cr-shim] PID 3715236: ready (suspend=sig35, resume=sig36)
[36m(vLLMHttpServer pid=3712796)[0m [cr-shim] PID 3715237: ready (suspend=sig35, resume=sig36)
[36m(vLLMHttpServer pid=3712796)[0m [cr-shim] PID 3715244: ready (suspend=sig35, resume=sig36)
[36m(vLLMHttpServer pid=3712796)[0m [cr-shim] PID 3715245: ready (suspend=sig35, resume=sig36)
[36m(vLLMHttpServer pid=3712796)[0m [cr-shim] PID 3715246: ready (suspend=sig35, resume=sig36)
[36m(vLLMHttpServer pid=3712796)[0m [cr-shim] PID 3715253: ready (suspend=sig35, resume=sig36)
[36m(vLLMHttpServer pid=3712796)[0m [cr-shim] PID 3715254: ready (suspend=sig35, resume=sig36)
[36m(vLLMHttpServer pid=3712796)[0m [cr-shim] PID 3715260: ready (suspend=sig35, resume=sig36)
[36m(vLLMHttpServer pid=3712796)[0m [cr-shim] PID 3715261: ready (suspend=sig35, resume=sig36)
[36m(vLLMHttpServer pid=3712796)[0m [cr-shim] PID 3715262: ready (suspend=sig35, resume=sig36)
[36m(ElasticFullyAsyncTaskRunner pid=3706303)[0m [ELASTIC MAIN] R2 warmup ok (8 tokens)
[36m(ElasticControllerHandles pid=3706975)[0m WARNING 08-05 23:08:22 [nixl_utils.py:34] NIXL is not available
[36m(ElasticControllerHandles pid=3706975)[0m WARNING 08-05 23:08:22 [nixl_utils.py:44] NIXL agent config is not available
[36m(ElasticFullyAsyncTaskRunner pid=3706303)[0m [ELASTIC MAIN] R2 up: address=10.96.1.11:40855 actor=vllm_server_1_0 server_pid=3712796 gpu=1
[36m(ElasticFullyAsyncTaskRunner pid=3706303)[0m [ELASTIC MAIN] Auto-parking R2 via snapshot-agent at 10.148.15.219:9001...
[36m(ElasticFullyAsyncTaskRunner pid=3706303)[0m [2026-08-05T23:08:22.276+00:00] [initial-park(auto)] PHASE START abort_all_requests
[36m(ElasticFullyAsyncTaskRunner pid=3706303)[0m [2026-08-05T23:08:22.303+00:00] [initial-park(auto)] PHASE END   abort_all_requests  (0.027s)
[36m(ElasticFullyAsyncTaskRunner pid=3706303)[0m [2026-08-05T23:08:22.303+00:00] [initial-park(auto)] PHASE START wait_for_requests_to_drain
[36m(ElasticFullyAsyncTaskRunner pid=3706303)[0m [2026-08-05T23:08:22.304+00:00] [initial-park(auto)] PHASE END   wait_for_requests_to_drain  (0.001s)
[36m(ElasticFullyAsyncTaskRunner pid=3706303)[0m [2026-08-05T23:08:22.304+00:00] [initial-park(auto)] PHASE START discover_gpu_pids
[36m(ElasticFullyAsyncTaskRunner pid=3706303)[0m discover_gpu_pids(root=3712796): tree=[3712796, 3713316, 3713317, 3713573] gpu=[3712796, 3713317, 3713573]
[36m(ElasticFullyAsyncTaskRunner pid=3706303)[0m [2026-08-05T23:08:22.316+00:00] [initial-park(auto)] PHASE END   discover_gpu_pids  (0.012s)
[36m(ElasticFullyAsyncTaskRunner pid=3706303)[0m [2026-08-05T23:08:22.316+00:00] [initial-park(auto)] PHASE START cuda_snapshot_r2
[36m(ElasticFullyAsyncTaskRunner pid=3706303)[0m snapshot job=elastic-r2 pids=[3712796, 3713317, 3713573] -> OPERATION_STATUS_COMPLETE in 28307ms
[36m(ElasticFullyAsyncTaskRunner pid=3706303)[0m [2026-08-05T23:08:51.359+00:00] [initial-park(auto)] PHASE END   cuda_snapshot_r2  (29.042s)
[36m(ElasticFullyAsyncTaskRunner pid=3706303)[0m 
[36m(ElasticFullyAsyncTaskRunner pid=3706303)[0m === initial-park(auto) timing breakdown (total 29.083s) ===
[36m(ElasticFullyAsyncTaskRunner pid=3706303)[0m   abort_all_requests                         0.027s
[36m(ElasticFullyAsyncTaskRunner pid=3706303)[0m   wait_for_requests_to_drain                 0.001s
[36m(ElasticFullyAsyncTaskRunner pid=3706303)[0m   discover_gpu_pids                          0.012s
[36m(ElasticFullyAsyncTaskRunner pid=3706303)[0m   cuda_snapshot_r2                          29.042s
[36m(ElasticFullyAsyncTaskRunner pid=3706303)[0m appended timing record -> /workspace/results/switch_timings.jsonl
[36m(ElasticFullyAsyncTaskRunner pid=3706303)[0m [ELASTIC MAIN] R2 parked (auto). GPU freed for trainer init.
[36m(ElasticFullyAsyncTaskRunner pid=3706303)[0m [ELASTIC MAIN] Creating ElasticFullyAsyncTrainer...
[36m(ElasticFullyAsyncTaskRunner pid=3706303)[0m [ELASTIC MAIN] Starting create trainer...
[33m(raylet)[0m [cr-shim] PID 3716643: ready (suspend=sig35, resume=sig36)
[33m(raylet)[0m [cr-shim] PID 3716643: ready (suspend=sig35, resume=sig36)
[36m(pid=3716643)[0m WARNING:2026-08-05 23:08:57,307:Platform 'nvidia' (PlatformCUDA) is registered but not available. This may be due to this ray actor being a CPU-only actor.
[33m(raylet)[0m [cr-shim] PID 3716643: ready (suspend=sig35, resume=sig36)
[36m(pid=3716643)[0m W0805 23:08:58.030000 3716643 torch/utils/cpp_extension.py:140] No CUDA runtime is found, using CUDA_HOME='/usr/local/cuda'
[36m(ElasticFullyAsyncTrainer pid=3716643)[0m colocated worker base class <class 'verl.single_controller.base.worker.Worker'>
[36m(ElasticFullyAsyncTrainer pid=3716643)[0m /workspace/verl-src/verl/experimental/fully_async_policy/fully_async_trainer.py:92: UserWarning: Disabled critic as algorithm.adv_estimator != gae. If it is not intended, please set critic.enable=True
[36m(ElasticFullyAsyncTrainer pid=3716643)[0m   self.use_critic = need_critic(self.config)
[36m(ElasticFullyAsyncTrainer pid=3716643)[0m Using blocking ray.get inside async actor. This blocks the event loop. Please use `await` on object ref with asyncio.gather if you want to yield execution to the event loop instead.
[33m(raylet)[0m [cr-shim] PID 3717206: ready (suspend=sig35, resume=sig36)
[36m(WorkerDict pid=3717206)[0m Flash Attention 2 only supports torch.float16 and torch.bfloat16 dtypes, but the current dype in Qwen2ForCausalLM is torch.float32. You should run training or inference using Automatic Mixed-Precision via the `with torch.autocast(device_type='torch_device'):` decorator, or load the model with the `dtype` argument. Example: `model = AutoModel.from_pretrained("openai/whisper-tiny", attn_implementation="flash_attention_2", dtype=torch.float16)`
[36m(WorkerDict pid=3717206)[0m Flash Attention 2 only supports torch.float16 and torch.bfloat16 dtypes, but the current dype in Qwen2Model is torch.float32. You should run training or inference using Automatic Mixed-Precision via the `with torch.autocast(device_type='torch_device'):` decorator, or load the model with the `dtype` argument. Example: `model = AutoModel.from_pretrained("openai/whisper-tiny", attn_implementation="flash_attention_2", dtype=torch.float16)`
[33m(raylet)[0m [cr-shim] PID 3717206: ready (suspend=sig35, resume=sig36)[32m [repeated 2x across cluster][0m
[36m(WorkerDict pid=3717206)[0m Loading weights:   0%|          | 0/339 [00:00<?, ?it/s]
[36m(WorkerDict pid=3717206)[0m Loading weights:   0%|          | 1/339 [00:00<02:03,  2.73it/s]
[36m(WorkerDict pid=3717206)[0m Loading weights:  47%|████▋     | 160/339 [00:00<00:00, 423.20it/s]
[36m(WorkerDict pid=3717206)[0m Loading weights:  70%|███████   | 238/339 [00:00<00:00, 471.24it/s]
[36m(WorkerDict pid=3717206)[0m Loading weights:  90%|█████████ | 306/339 [00:00<00:00, 491.21it/s]Loading weights: 100%|██████████| 339/339 [00:00<00:00, 423.82it/s]
[36m(WorkerDict pid=3717206)[0m Monkey patch state_dict in AutoModelForCausalLMWithValueHead. 
[36m(WorkerDict pid=3717206)[0m Monkey patch _flash_attention_forward in transformers.integrations.flash_attention
[36m(WorkerDict pid=3717206)[0m Skipping monkey patch for Qwen2ForCausalLM as use_fused_kernels is False or fused_kernels_backend is torch
[36m(WorkerDict pid=3717206)[0m Qwen2ForCausalLM contains 1.78B parameters
[36m(WorkerDict pid=3717206)[0m Before FSDP, memory allocated (GB): 0.00, memory reserved (GB): 0.00, device memory used/total (GB): 0.51/79.18
[36m(WorkerDict pid=3717206)[0m NCCL version 2.30.7+cuda12.9
[36m(WorkerDict pid=3717206)[0m /usr/local/lib/python3.12/dist-packages/torch/distributed/fsdp/fully_sharded_data_parallel.py:478: UserWarning: FSDP is switching to use `NO_SHARD` instead of ShardingStrategy.FULL_SHARD since the world size is 1.
[36m(WorkerDict pid=3717206)[0m   _init_core_state(
[36m(WorkerDict pid=3717206)[0m [cr-shim] PID 3717206: tracked comm 0x7b89322187e0 (#1, rank=0/1)
[36m(WorkerDict pid=3717206)[0m After FSDP, memory allocated (GB): 6.62, memory reserved (GB): 10.35, device memory used/total (GB): 11.63/79.18
[36m(WorkerDict pid=3717206)[0m Total steps: -1, num_warmup_steps: 0
[36m(WorkerDict pid=3717206)[0m /workspace/verl-src/verl/workers/engine/fsdp/transformer_impl.py:459: FutureWarning: FSDP.state_dict_type() and FSDP.set_state_dict_type() are being deprecated. Please use APIs, get_state_dict() and set_state_dict(), which can support different parallelisms, FSDP1, FSDP2, DDP. API doc: https://pytorch.org/docs/stable/distributed.checkpoint.html#torch.distributed.checkpoint.state_dict.get_state_dict .Tutorial: https://pytorch.org/tutorials/recipes/distributed_checkpoint_recipe.html .
[36m(WorkerDict pid=3717206)[0m   FSDP.set_state_dict_type(
[36m(ElasticFullyAsyncTaskRunner pid=3706303)[0m [ELASTIC MAIN] ElasticFullyAsyncTrainer created and initialized successfully
[36m(ElasticFullyAsyncTaskRunner pid=3706303)[0m [ELASTIC MAIN] Setting up rollouter reference on trainer
[36m(ElasticFullyAsyncTrainer pid=3716643)[0m WARNING 08-05 23:09:16 [nixl_utils.py:34] NIXL is not available
[36m(ElasticFullyAsyncTrainer pid=3716643)[0m WARNING 08-05 23:09:16 [nixl_utils.py:44] NIXL agent config is not available
[36m(ElasticFullyAsyncTaskRunner pid=3706303)[0m total_train_steps 80
[36m(ElasticFullyAsyncTaskRunner pid=3706303)[0m [ELASTIC MAIN] Creating MessageQueue... max_queue_size 576
[36m(ElasticFullyAsyncTrainer pid=3716643)[0m [ElasticFullyAsyncTrainer] Checkpoint manager initialized (backend=nccl) with 1/1 replicas; excluded replica_ranks=[] (R2 must NEVER join the frozen NCCL param_sync group)
[36m(ElasticFullyAsyncTrainer pid=3716643)[0m Training Progress:   0%|          | 0/80 [00:00<?, ?it/s]
[33m(raylet)[0m [cr-shim] PID 3718065: ready (suspend=sig35, resume=sig36)
[36m(ElasticFullyAsyncTaskRunner pid=3706303)[0m [ELASTIC MAIN] Param sync before fit.. (NCCL group: trainer + R1 only; frozen hereafter)
[36m(ElasticFullyAsyncRollouter pid=3707180)[0m [FullyAsyncRollouter] Resume mode is disabled, starting from scratch
[33m(raylet)[0m It looks like you're creating a detached actor in an anonymous namespace. In order to access this actor in the future, you will need to explicitly connect to this namespace with ray.init(namespace="5f8abe07-f323-46cf-9d0c-41d08a7f3033", ...)
[33m(raylet)[0m [cr-shim] PID 3718077: ready (suspend=sig35, resume=sig36)
[36m(WorkerDict pid=3717206)[0m Using blocking ray.get inside async actor. This blocks the event loop. Please use `await` on object ref with asyncio.gather if you want to yield execution to the event loop instead.
[36m(MessageQueue pid=3718065)[0m [MessageQueue] initialized with max_queue_size=576
[36m(WorkerDict pid=3717206)[0m [cr-shim] PID 3717206: tracked comm 0x7b8589723750 (#2, rank=0/2)
[36m(WorkerDict pid=3717206)[0m /usr/local/lib/python3.12/dist-packages/torch/utils/_contextlib.py:124: UserWarning: When using ``NO_SHARD`` for ``ShardingStrategy``, full_state_dict will be returned.
[36m(WorkerDict pid=3717206)[0m   return func(*args, **kwargs)
[36m(CheckpointEngineWorker pid=3708401)[0m [cr-shim] PID 3708401: tracked comm 0x7ace61abfc60 (#1, rank=1/2)
[36m(ElasticFullyAsyncRollouter pid=3707180)[0m [FullyAsyncRollouter][RolloutResourceUtilization] raw active_count_history (timestamp, active_count, max_concurrent): [(1785971171.668523, 0, 16), (1785971360.0578115, 0, 16)]
[36m(ElasticFullyAsyncRollouter pid=3707180)[0m [FullyAsyncRollouter][Public][reset_staleness] reset staleness_samples to: 0 idle_ratio: 0.0000 step_generated_samples(this_step): 0 rollout_resource_utilization: 0.0000 recent_history(last 10 steps): []
[36m(vLLMHttpServer pid=3708955)[0m (Worker pid=3709978) WARNING 08-05 23:09:20 [layerwise.py:225] RotaryEmbedding: Failed to load weights
[36m(vLLMHttpServer pid=3708955)[0m (EngineCore pid=3709769) WARNING 08-05 23:09:20 [scheduler.py:1919] reset_connector called but no KV connector is configured.
[36m(ElasticFullyAsyncTrainer pid=3716643)[0m [FullyAsyncTrainer] _fit_update_weights, timing_s/param_sync: 3.3279 seconds self.current_param_version: 0
[36m(ElasticFullyAsyncTrainer pid=3716643)[0m step:0 - fully_async/rollouter/active_time:188.38929343223572 - fully_async/rollouter/version_time:188.38929343223572 - fully_async/rollouter/idle_ratio:0 - fully_async/rollouter/step_generated_samples:0 - dynamic_resource/rollout_resource_utilization:0.0
[36m(ElasticFullyAsyncTaskRunner pid=3706303)[0m [ELASTIC MAIN] elastic_controller_handles ready (namespace=elastic): keys=['load_balancer', 'max_concurrent_base', 'message_queue', 'r2_address', 'r2_gpu', 'r2_gpu_pids', 'r2_parked', 'r2_replica_rank', 'r2_server', 'r2_server_pid', 'r2_state', 'rollouter', 'trainer', 'trainer_state', 'trainer_worker_pids']; trainer worker pids=[3717206]
[36m(ElasticFullyAsyncTaskRunner pid=3706303)[0m [ELASTIC MAIN] All components initialized successfully
[36m(ElasticFullyAsyncTaskRunner pid=3706303)[0m [ASYNC MAIN] Starting Rollouter and Trainer...
[36m(ElasticFullyAsyncRollouter pid=3707180)[0m [FullyAsyncRollouter] Starting FullyAsyncRollouter...
[36m(ElasticFullyAsyncRollouter pid=3707180)[0m [FullyAsyncRollouter] Start streaming mode, maximum concurrent samples: 16
[36m(ElasticFullyAsyncTrainer pid=3716643)[0m [FullyAsyncTrainer] Starting FullyAsyncTrainer...
[36m(ElasticFullyAsyncTrainer pid=3716643)[0m [FullyAsyncTrainer] Requesting 64 samples from queue
[36m(AgentLoopWorker pid=3711817)[0m WARNING:2026-08-05 23:09:20,491:Platform 'nvidia' (PlatformCUDA) is registered but not available. This may be due to this ray actor being a CPU-only actor.
[36m(AgentLoopWorker pid=3711818)[0m W0805 23:09:21.522000 3711818 torch/utils/cpp_extension.py:140] No CUDA runtime is found, using CUDA_HOME='/usr/local/cuda'
[36m(AgentLoopWorker pid=3711818)[0m WARNING 08-05 23:09:23 [nixl_utils.py:34] NIXL is not available
[36m(AgentLoopWorker pid=3711818)[0m WARNING 08-05 23:09:23 [nixl_utils.py:44] NIXL agent config is not available
[36m(AgentLoopWorker pid=3711817)[0m WARNING 08-05 23:09:23 [nixl_utils.py:34] NIXL is not available
[36m(AgentLoopWorker pid=3711817)[0m WARNING 08-05 23:09:23 [nixl_utils.py:44] NIXL agent config is not available
[36m(vLLMHttpServer pid=3708955)[0m WARNING 08-05 23:09:23 [input_processor.py:274] Passing raw prompts to InputProcessor is deprecated and will be removed in v0.18. You should instead pass the outputs of Renderer.render_cmpl() or Renderer.render_chat().
[36m(vLLMHttpServer pid=3708955)[0m [cr-shim] PID 3719034: ready (suspend=sig35, resume=sig36)[32m [repeated 6x across cluster][0m
[36m(CheckpointEngineWorker pid=3708401)[0m Using blocking ray.get inside async actor. This blocks the event loop. Please use `await` on object ref with asyncio.gather if you want to yield execution to the event loop instead.
[36m(RewardLoopWorker pid=3707744)[0m WARNING:2026-08-05 23:09:46,189:Platform 'nvidia' (PlatformCUDA) is registered but not available. This may be due to this ray actor being a CPU-only actor.[32m [repeated 8x across cluster][0m
[36m(AgentLoopWorker pid=3711823)[0m W0805 23:09:21.588000 3711823 torch/utils/cpp_extension.py:140] No CUDA runtime is found, using CUDA_HOME='/usr/local/cuda'[32m [repeated 7x across cluster][0m
[36m(vLLMHttpServer pid=3708955)[0m [cr-shim] PID 3719043: ready (suspend=sig35, resume=sig36)[32m [repeated 3x across cluster][0m
[36m(RewardLoopWorker pid=3707742)[0m WARNING:2026-08-05 23:10:02,581:Platform 'nvidia' (PlatformCUDA) is registered but not available. This may be due to this ray actor being a CPU-only actor.
[36m(RewardLoopWorker pid=3707748)[0m WARNING:2026-08-05 23:10:09,627:Platform 'nvidia' (PlatformCUDA) is registered but not available. This may be due to this ray actor being a CPU-only actor.
[36m(RewardLoopWorker pid=3707743)[0m WARNING:2026-08-05 23:10:18,227:Platform 'nvidia' (PlatformCUDA) is registered but not available. This may be due to this ray actor being a CPU-only actor.
[36m(RewardLoopWorker pid=3707746)[0m WARNING:2026-08-05 23:10:23,848:Platform 'nvidia' (PlatformCUDA) is registered but not available. This may be due to this ray actor being a CPU-only actor.
[36m(RewardLoopWorker pid=3707745)[0m WARNING:2026-08-05 23:10:43,475:Platform 'nvidia' (PlatformCUDA) is registered but not available. This may be due to this ray actor being a CPU-only actor.[32m [repeated 2x across cluster][0m
[36m(ElasticFullyAsyncTrainer pid=3716643)[0m [FullyAsyncTrainer] sample collected 1/64. mq_len: 0
[36m(AgentLoopWorker pid=3711822)[0m WARNING 08-05 23:09:23 [nixl_utils.py:34] NIXL is not available[32m [repeated 6x across cluster][0m
[36m(AgentLoopWorker pid=3711822)[0m WARNING 08-05 23:09:23 [nixl_utils.py:44] NIXL agent config is not available[32m [repeated 6x across cluster][0m
[36m(ElasticFullyAsyncRollouter pid=3707180)[0m [FullyAsyncRollouter][MonitorLoop][Statistics] {'count/dropped_stale_samples': 0,
[36m(ElasticFullyAsyncRollouter pid=3707180)[0m  'count/staleness_samples': 18,
[36m(ElasticFullyAsyncRollouter pid=3707180)[0m  'count/total_generated_samples': 1,
[36m(ElasticFullyAsyncRollouter pid=3707180)[0m  'monitor/active_tasks_size': 16,
[36m(ElasticFullyAsyncRollouter pid=3707180)[0m  'monitor/queue/mq_queue_size': 0,
[36m(ElasticFullyAsyncRollouter pid=3707180)[0m  'monitor/queue/pending_queue_size': 128,
[36m(ElasticFullyAsyncRollouter pid=3707180)[0m  'static/max_concurrent_samples': 16,
[36m(ElasticFullyAsyncRollouter pid=3707180)[0m  'static/max_queue_size': 576,
[36m(ElasticFullyAsyncRollouter pid=3707180)[0m  'static/max_required_samples': 576,
[36m(ElasticFullyAsyncRollouter pid=3707180)[0m  'static/required_samples': 64,
[36m(ElasticFullyAsyncRollouter pid=3707180)[0m  'static/staleness_threshold': 8}
[36m(RewardLoopWorker pid=3707749)[0m WARNING:2026-08-05 23:11:21,052:Platform 'nvidia' (PlatformCUDA) is registered but not available. This may be due to this ray actor being a CPU-only actor.
[36m(ElasticFullyAsyncTrainer pid=3716643)[0m [FullyAsyncTrainer] sample collected 2/64. mq_len: 0
[36m(ElasticFullyAsyncTrainer pid=3716643)[0m [FullyAsyncTrainer] sample collected 3/64. mq_len: 0
[36m(ElasticFullyAsyncTrainer pid=3716643)[0m [FullyAsyncTrainer] sample collected 4/64. mq_len: 0
[36m(ElasticFullyAsyncTrainer pid=3716643)[0m [FullyAsyncTrainer] sample collected 5/64. mq_len: 0
[36m(ElasticFullyAsyncRollouter pid=3707180)[0m [FullyAsyncRollouter][MonitorLoop][Statistics] {'count/dropped_stale_samples': 0,
[36m(ElasticFullyAsyncRollouter pid=3707180)[0m  'count/staleness_samples': 22,
[36m(ElasticFullyAsyncRollouter pid=3707180)[0m  'count/total_generated_samples': 5,
[36m(ElasticFullyAsyncRollouter pid=3707180)[0m  'monitor/active_tasks_size': 16,
[36m(ElasticFullyAsyncRollouter pid=3707180)[0m  'monitor/queue/mq_queue_size': 0,
[36m(ElasticFullyAsyncRollouter pid=3707180)[0m  'monitor/queue/pending_queue_size': 128,
[36m(ElasticFullyAsyncRollouter pid=3707180)[0m  'static/max_concurrent_samples': 16,
[36m(ElasticFullyAsyncRollouter pid=3707180)[0m  'static/max_queue_size': 576,
[36m(ElasticFullyAsyncRollouter pid=3707180)[0m  'static/max_required_samples': 576,
[36m(ElasticFullyAsyncRollouter pid=3707180)[0m  'static/required_samples': 64,
[36m(ElasticFullyAsyncRollouter pid=3707180)[0m  'static/staleness_threshold': 8}
[36m(ElasticFullyAsyncTrainer pid=3716643)[0m [FullyAsyncTrainer] sample collected 6/64. mq_len: 0
[36m(ElasticFullyAsyncTrainer pid=3716643)[0m [FullyAsyncTrainer] sample collected 7/64. mq_len: 0
[36m(ElasticFullyAsyncTrainer pid=3716643)[0m [FullyAsyncTrainer] sample collected 8/64. mq_len: 0
[36m(ElasticFullyAsyncTrainer pid=3716643)[0m [FullyAsyncTrainer] sample collected 9/64. mq_len: 0
[36m(ElasticFullyAsyncTrainer pid=3716643)[0m [FullyAsyncTrainer] sample collected 10/64. mq_len: 0
[36m(ElasticFullyAsyncTrainer pid=3716643)[0m [FullyAsyncTrainer] sample collected 11/64. mq_len: 0
[36m(ElasticFullyAsyncTrainer pid=3716643)[0m [FullyAsyncTrainer] sample collected 12/64. mq_len: 0
[36m(ElasticFullyAsyncTrainer pid=3716643)[0m [FullyAsyncTrainer] sample collected 13/64. mq_len: 0
[36m(ElasticFullyAsyncTrainer pid=3716643)[0m [FullyAsyncTrainer] sample collected 14/64. mq_len: 0
[36m(ElasticFullyAsyncTrainer pid=3716643)[0m [FullyAsyncTrainer] sample collected 15/64. mq_len: 0
[36m(ElasticFullyAsyncTrainer pid=3716643)[0m [FullyAsyncTrainer] sample collected 16/64. mq_len: 0
[36m(ElasticFullyAsyncTrainer pid=3716643)[0m [FullyAsyncTrainer] sample collected 17/64. mq_len: 0
[36m(ElasticFullyAsyncTrainer pid=3716643)[0m [FullyAsyncTrainer] sample collected 18/64. mq_len: 0
[36m(ElasticFullyAsyncTrainer pid=3716643)[0m [FullyAsyncTrainer] sample collected 19/64. mq_len: 0
[36m(ElasticFullyAsyncTrainer pid=3716643)[0m [FullyAsyncTrainer] sample collected 20/64. mq_len: 0
[36m(ElasticFullyAsyncRollouter pid=3707180)[0m [FullyAsyncRollouter][MonitorLoop][Statistics] {'count/dropped_stale_samples': 0,
[36m(ElasticFullyAsyncRollouter pid=3707180)[0m  'count/staleness_samples': 37,
[36m(ElasticFullyAsyncRollouter pid=3707180)[0m  'count/total_generated_samples': 20,
[36m(ElasticFullyAsyncRollouter pid=3707180)[0m  'monitor/active_tasks_size': 16,
[36m(ElasticFullyAsyncRollouter pid=3707180)[0m  'monitor/queue/mq_queue_size': 0,
[36m(ElasticFullyAsyncRollouter pid=3707180)[0m  'monitor/queue/pending_queue_size': 128,
[36m(ElasticFullyAsyncRollouter pid=3707180)[0m  'static/max_concurrent_samples': 16,
[36m(ElasticFullyAsyncRollouter pid=3707180)[0m  'static/max_queue_size': 576,
[36m(ElasticFullyAsyncRollouter pid=3707180)[0m  'static/max_required_samples': 576,
[36m(ElasticFullyAsyncRollouter pid=3707180)[0m  'static/required_samples': 64,
[36m(ElasticFullyAsyncRollouter pid=3707180)[0m  'static/staleness_threshold': 8}
[36m(ElasticFullyAsyncTrainer pid=3716643)[0m [FullyAsyncTrainer] sample collected 21/64. mq_len: 0
[36m(ElasticFullyAsyncTrainer pid=3716643)[0m [FullyAsyncTrainer] sample collected 22/64. mq_len: 0
[36m(ElasticFullyAsyncTrainer pid=3716643)[0m [FullyAsyncTrainer] sample collected 23/64. mq_len: 0
[36m(ElasticFullyAsyncTrainer pid=3716643)[0m [FullyAsyncTrainer] sample collected 24/64. mq_len: 0
[36m(ElasticFullyAsyncTrainer pid=3716643)[0m [FullyAsyncTrainer] sample collected 25/64. mq_len: 0
[36m(ElasticFullyAsyncTrainer pid=3716643)[0m [FullyAsyncTrainer] sample collected 26/64. mq_len: 0
[36m(ElasticFullyAsyncTrainer pid=3716643)[0m [FullyAsyncTrainer] sample collected 27/64. mq_len: 0
[36m(ElasticFullyAsyncTrainer pid=3716643)[0m [FullyAsyncTrainer] sample collected 28/64. mq_len: 0
[36m(ElasticFullyAsyncTrainer pid=3716643)[0m [FullyAsyncTrainer] sample collected 29/64. mq_len: 0
[36m(ElasticFullyAsyncTrainer pid=3716643)[0m [FullyAsyncTrainer] sample collected 30/64. mq_len: 0
[36m(ElasticFullyAsyncTrainer pid=3716643)[0m [FullyAsyncTrainer] sample collected 31/64. mq_len: 0
[36m(ElasticFullyAsyncRollouter pid=3707180)[0m [FullyAsyncRollouter][MonitorLoop][Statistics] {'count/dropped_stale_samples': 0,
[36m(ElasticFullyAsyncRollouter pid=3707180)[0m  'count/staleness_samples': 48,
[36m(ElasticFullyAsyncRollouter pid=3707180)[0m  'count/total_generated_samples': 31,
[36m(ElasticFullyAsyncRollouter pid=3707180)[0m  'monitor/active_tasks_size': 16,
[36m(ElasticFullyAsyncRollouter pid=3707180)[0m  'monitor/queue/mq_queue_size': 0,
[36m(ElasticFullyAsyncRollouter pid=3707180)[0m  'monitor/queue/pending_queue_size': 128,
[36m(ElasticFullyAsyncRollouter pid=3707180)[0m  'static/max_concurrent_samples': 16,
[36m(ElasticFullyAsyncRollouter pid=3707180)[0m  'static/max_queue_size': 576,
[36m(ElasticFullyAsyncRollouter pid=3707180)[0m  'static/max_required_samples': 576,
[36m(ElasticFullyAsyncRollouter pid=3707180)[0m  'static/required_samples': 64,
[36m(ElasticFullyAsyncRollouter pid=3707180)[0m  'static/staleness_threshold': 8}
[36m(ElasticFullyAsyncTrainer pid=3716643)[0m [FullyAsyncTrainer] sample collected 32/64. mq_len: 0
[36m(ElasticFullyAsyncTrainer pid=3716643)[0m [FullyAsyncTrainer] sample collected 33/64. mq_len: 0
[36m(ElasticFullyAsyncTrainer pid=3716643)[0m [FullyAsyncTrainer] sample collected 34/64. mq_len: 0
[36m(ElasticFullyAsyncTrainer pid=3716643)[0m [FullyAsyncTrainer] sample collected 35/64. mq_len: 0
[36m(ElasticFullyAsyncTrainer pid=3716643)[0m [FullyAsyncTrainer] sample collected 36/64. mq_len: 0
[36m(ElasticFullyAsyncTrainer pid=3716643)[0m [FullyAsyncTrainer] sample collected 37/64. mq_len: 0
[36m(ElasticFullyAsyncRollouter pid=3707180)[0m [FullyAsyncRollouter][MonitorLoop][Statistics] {'count/dropped_stale_samples': 0,
[36m(ElasticFullyAsyncRollouter pid=3707180)[0m  'count/staleness_samples': 54,
[36m(ElasticFullyAsyncRollouter pid=3707180)[0m  'count/total_generated_samples': 37,
[36m(ElasticFullyAsyncRollouter pid=3707180)[0m  'monitor/active_tasks_size': 16,
[36m(ElasticFullyAsyncRollouter pid=3707180)[0m  'monitor/queue/mq_queue_size': 0,
[36m(ElasticFullyAsyncRollouter pid=3707180)[0m  'monitor/queue/pending_queue_size': 128,
[36m(ElasticFullyAsyncRollouter pid=3707180)[0m  'static/max_concurrent_samples': 16,
[36m(ElasticFullyAsyncRollouter pid=3707180)[0m  'static/max_queue_size': 576,
[36m(ElasticFullyAsyncRollouter pid=3707180)[0m  'static/max_required_samples': 576,
[36m(ElasticFullyAsyncRollouter pid=3707180)[0m  'static/required_samples': 64,
[36m(ElasticFullyAsyncRollouter pid=3707180)[0m  'static/staleness_threshold': 8}
[36m(ElasticFullyAsyncTrainer pid=3716643)[0m [FullyAsyncTrainer] sample collected 38/64. mq_len: 0
[36m(ElasticFullyAsyncTrainer pid=3716643)[0m [FullyAsyncTrainer] sample collected 39/64. mq_len: 0
[36m(ElasticFullyAsyncTrainer pid=3716643)[0m [FullyAsyncTrainer] sample collected 40/64. mq_len: 0
[36m(ElasticFullyAsyncTrainer pid=3716643)[0m [FullyAsyncTrainer] sample collected 41/64. mq_len: 0
[36m(ElasticFullyAsyncTrainer pid=3716643)[0m [FullyAsyncTrainer] sample collected 42/64. mq_len: 0
[36m(ElasticFullyAsyncRollouter pid=3707180)[0m [FullyAsyncRollouter][MonitorLoop][Statistics] {'count/dropped_stale_samples': 0,
[36m(ElasticFullyAsyncRollouter pid=3707180)[0m  'count/staleness_samples': 59,
[36m(ElasticFullyAsyncRollouter pid=3707180)[0m  'count/total_generated_samples': 42,
[36m(ElasticFullyAsyncRollouter pid=3707180)[0m  'monitor/active_tasks_size': 16,
[36m(ElasticFullyAsyncRollouter pid=3707180)[0m  'monitor/queue/mq_queue_size': 0,
[36m(ElasticFullyAsyncRollouter pid=3707180)[0m  'monitor/queue/pending_queue_size': 128,
[36m(ElasticFullyAsyncRollouter pid=3707180)[0m  'static/max_concurrent_samples': 16,
[36m(ElasticFullyAsyncRollouter pid=3707180)[0m  'static/max_queue_size': 576,
[36m(ElasticFullyAsyncRollouter pid=3707180)[0m  'static/max_required_samples': 576,
[36m(ElasticFullyAsyncRollouter pid=3707180)[0m  'static/required_samples': 64,
[36m(ElasticFullyAsyncRollouter pid=3707180)[0m  'static/staleness_threshold': 8}
[36m(ElasticFullyAsyncTrainer pid=3716643)[0m [FullyAsyncTrainer] sample collected 43/64. mq_len: 0
[36m(ElasticFullyAsyncTrainer pid=3716643)[0m [FullyAsyncTrainer] sample collected 44/64. mq_len: 0
[36m(ElasticFullyAsyncTrainer pid=3716643)[0m [FullyAsyncTrainer] sample collected 45/64. mq_len: 0
[36m(ElasticFullyAsyncTrainer pid=3716643)[0m [FullyAsyncTrainer] sample collected 46/64. mq_len: 0
[36m(ElasticFullyAsyncTrainer pid=3716643)[0m [FullyAsyncTrainer] sample collected 47/64. mq_len: 0
[36m(ElasticFullyAsyncTrainer pid=3716643)[0m [FullyAsyncTrainer] sample collected 48/64. mq_len: 0
[36m(ElasticFullyAsyncTrainer pid=3716643)[0m [FullyAsyncTrainer] sample collected 49/64. mq_len: 0
[36m(ElasticFullyAsyncTrainer pid=3716643)[0m [FullyAsyncTrainer] sample collected 50/64. mq_len: 0
[36m(ElasticFullyAsyncRollouter pid=3707180)[0m [FullyAsyncRollouter][MonitorLoop][Statistics] {'count/dropped_stale_samples': 0,
[36m(ElasticFullyAsyncRollouter pid=3707180)[0m  'count/staleness_samples': 67,
[36m(ElasticFullyAsyncRollouter pid=3707180)[0m  'count/total_generated_samples': 50,
[36m(ElasticFullyAsyncRollouter pid=3707180)[0m  'monitor/active_tasks_size': 16,
[36m(ElasticFullyAsyncRollouter pid=3707180)[0m  'monitor/queue/mq_queue_size': 0,
[36m(ElasticFullyAsyncRollouter pid=3707180)[0m  'monitor/queue/pending_queue_size': 128,
[36m(ElasticFullyAsyncRollouter pid=3707180)[0m  'static/max_concurrent_samples': 16,
[36m(ElasticFullyAsyncRollouter pid=3707180)[0m  'static/max_queue_size': 576,
[36m(ElasticFullyAsyncRollouter pid=3707180)[0m  'static/max_required_samples': 576,
[36m(ElasticFullyAsyncRollouter pid=3707180)[0m  'static/required_samples': 64,
[36m(ElasticFullyAsyncRollouter pid=3707180)[0m  'static/staleness_threshold': 8}
[36m(ElasticFullyAsyncTrainer pid=3716643)[0m [FullyAsyncTrainer] sample collected 51/64. mq_len: 0
[36m(ElasticFullyAsyncTrainer pid=3716643)[0m [FullyAsyncTrainer] sample collected 52/64. mq_len: 0
[36m(ElasticFullyAsyncTrainer pid=3716643)[0m [FullyAsyncTrainer] sample collected 53/64. mq_len: 0
[36m(ElasticFullyAsyncTrainer pid=3716643)[0m [FullyAsyncTrainer] sample collected 54/64. mq_len: 0
[36m(ElasticFullyAsyncTrainer pid=3716643)[0m [FullyAsyncTrainer] sample collected 55/64. mq_len: 0
[36m(ElasticFullyAsyncRollouter pid=3707180)[0m [FullyAsyncRollouter][MonitorLoop][Statistics] {'count/dropped_stale_samples': 0,
[36m(ElasticFullyAsyncRollouter pid=3707180)[0m  'count/staleness_samples': 72,
[36m(ElasticFullyAsyncRollouter pid=3707180)[0m  'count/total_generated_samples': 55,
[36m(ElasticFullyAsyncRollouter pid=3707180)[0m  'monitor/active_tasks_size': 16,
[36m(ElasticFullyAsyncRollouter pid=3707180)[0m  'monitor/queue/mq_queue_size': 0,
[36m(ElasticFullyAsyncRollouter pid=3707180)[0m  'monitor/queue/pending_queue_size': 128,
[36m(ElasticFullyAsyncRollouter pid=3707180)[0m  'static/max_concurrent_samples': 16,
[36m(ElasticFullyAsyncRollouter pid=3707180)[0m  'static/max_queue_size': 576,
[36m(ElasticFullyAsyncRollouter pid=3707180)[0m  'static/max_required_samples': 576,
[36m(ElasticFullyAsyncRollouter pid=3707180)[0m  'static/required_samples': 64,
[36m(ElasticFullyAsyncRollouter pid=3707180)[0m  'static/staleness_threshold': 8}
[36m(ElasticFullyAsyncTrainer pid=3716643)[0m [FullyAsyncTrainer] sample collected 56/64. mq_len: 0
[36m(ElasticFullyAsyncTrainer pid=3716643)[0m [FullyAsyncTrainer] sample collected 57/64. mq_len: 0
[36m(ElasticFullyAsyncTrainer pid=3716643)[0m [FullyAsyncTrainer] sample collected 58/64. mq_len: 0
[36m(ElasticFullyAsyncTrainer pid=3716643)[0m [FullyAsyncTrainer] sample collected 59/64. mq_len: 0
[36m(ElasticFullyAsyncTrainer pid=3716643)[0m [FullyAsyncTrainer] sample collected 60/64. mq_len: 0
[36m(ElasticFullyAsyncTrainer pid=3716643)[0m [FullyAsyncTrainer] sample collected 61/64. mq_len: 0
[36m(ElasticFullyAsyncTrainer pid=3716643)[0m [FullyAsyncTrainer] sample collected 62/64. mq_len: 0
[36m(ElasticFullyAsyncTrainer pid=3716643)[0m [FullyAsyncTrainer] sample collected 63/64. mq_len: 0
[36m(ElasticFullyAsyncTrainer pid=3716643)[0m [FullyAsyncTrainer] sample collected 64/64. mq_len: 0
[36m(ElasticFullyAsyncTrainer pid=3716643)[0m [FullyAsyncTrainer] Collected 64/64 samples. mq_len: 0
[36m(ElasticFullyAsyncTrainer pid=3716643)[0m [FullyAsyncTrainer] Loop collection completed: 64/64 samples, total wait time: 622.51 seconds. mq_len: 0
[36m(ElasticFullyAsyncTrainer pid=3716643)[0m [BatchUtils] Assembling batch from 64 RolloutSample objects
[36m(ElasticFullyAsyncTrainer pid=3716643)[0m [BatchUtils] Batch assembly completed in 0.25s
[36m(ElasticFullyAsyncTrainer pid=3716643)[0m W0805 23:19:43.680000 3716643 torch/fx/_symbolic_trace.py:53] is_fx_tracing will return true for both fx.symbolic_trace and torch.export. Please use is_fx_tracing_symbolic_tracing() for specifically fx.symbolic_trace or torch.compiler.is_compiling() for specifically torch.export/compile.
[36m(WorkerDict pid=3717206)[0m [cr-shim] PID 3906096: ready (suspend=sig35, resume=sig36)
[36m(WorkerDict pid=3717206)[0m [cr-shim] PID 3906113: ready (suspend=sig35, resume=sig36)
[36m(WorkerDict pid=3717206)[0m [rank0]:W0805 23:19:47.984000 3717206 torch/fx/_symbolic_trace.py:53] is_fx_tracing will return true for both fx.symbolic_trace and torch.export. Please use is_fx_tracing_symbolic_tracing() for specifically fx.symbolic_trace or torch.compiler.is_compiling() for specifically torch.export/compile.
[36m(WorkerDict pid=3717206)[0m [cr-shim] PID 3906120: ready (suspend=sig35, resume=sig36)
[36m(WorkerDict pid=3717206)[0m [cr-shim] PID 3906121: ready (suspend=sig35, resume=sig36)
[36m(WorkerDict pid=3717206)[0m [cr-shim] PID 3906131: ready (suspend=sig35, resume=sig36)
[36m(WorkerDict pid=3717206)[0m [cr-shim] PID 3906132: ready (suspend=sig35, resume=sig36)
[36m(WorkerDict pid=3717206)[0m [cr-shim] PID 3906133: ready (suspend=sig35, resume=sig36)
[36m(WorkerDict pid=3717206)[0m [cr-shim] PID 3906142: ready (suspend=sig35, resume=sig36)
[36m(WorkerDict pid=3717206)[0m [cr-shim] PID 3906143: ready (suspend=sig35, resume=sig36)
[36m(WorkerDict pid=3717206)[0m [cr-shim] PID 3906172: ready (suspend=sig35, resume=sig36)
[36m(WorkerDict pid=3717206)[0m [cr-shim] PID 3906175: ready (suspend=sig35, resume=sig36)
[36m(WorkerDict pid=3717206)[0m [cr-shim] PID 3906181: ready (suspend=sig35, resume=sig36)
[36m(ElasticFullyAsyncRollouter pid=3707180)[0m [FullyAsyncRollouter][MonitorLoop][Statistics] {'count/dropped_stale_samples': 0,
[36m(ElasticFullyAsyncRollouter pid=3707180)[0m  'count/staleness_samples': 85,
[36m(ElasticFullyAsyncRollouter pid=3707180)[0m  'count/total_generated_samples': 68,
[36m(ElasticFullyAsyncRollouter pid=3707180)[0m  'monitor/active_tasks_size': 16,
[36m(ElasticFullyAsyncRollouter pid=3707180)[0m  'monitor/queue/mq_queue_size': 4,
[36m(ElasticFullyAsyncRollouter pid=3707180)[0m  'monitor/queue/pending_queue_size': 128,
[36m(ElasticFullyAsyncRollouter pid=3707180)[0m  'static/max_concurrent_samples': 16,
[36m(ElasticFullyAsyncRollouter pid=3707180)[0m  'static/max_queue_size': 576,
[36m(ElasticFullyAsyncRollouter pid=3707180)[0m  'static/max_required_samples': 576,
[36m(ElasticFullyAsyncRollouter pid=3707180)[0m  'static/required_samples': 64,
[36m(ElasticFullyAsyncRollouter pid=3707180)[0m  'static/staleness_threshold': 8}
[36m(ElasticFullyAsyncRollouter pid=3707180)[0m [FullyAsyncRollouter][MonitorLoop][Statistics] {'count/dropped_stale_samples': 0,
[36m(ElasticFullyAsyncRollouter pid=3707180)[0m  'count/staleness_samples': 92,
[36m(ElasticFullyAsyncRollouter pid=3707180)[0m  'count/total_generated_samples': 75,
[36m(ElasticFullyAsyncRollouter pid=3707180)[0m  'monitor/active_tasks_size': 16,
[36m(ElasticFullyAsyncRollouter pid=3707180)[0m  'monitor/queue/mq_queue_size': 11,
[36m(ElasticFullyAsyncRollouter pid=3707180)[0m  'monitor/queue/pending_queue_size': 128,
[36m(ElasticFullyAsyncRollouter pid=3707180)[0m  'static/max_concurrent_samples': 16,
[36m(ElasticFullyAsyncRollouter pid=3707180)[0m  'static/max_queue_size': 576,
[36m(ElasticFullyAsyncRollouter pid=3707180)[0m  'static/max_required_samples': 576,
[36m(ElasticFullyAsyncRollouter pid=3707180)[0m  'static/required_samples': 64,
[36m(ElasticFullyAsyncRollouter pid=3707180)[0m  'static/staleness_threshold': 8}
[36m(ElasticFullyAsyncRollouter pid=3707180)[0m [FullyAsyncRollouter][MonitorLoop][Statistics] {'count/dropped_stale_samples': 0,
[36m(ElasticFullyAsyncRollouter pid=3707180)[0m  'count/staleness_samples': 101,
[36m(ElasticFullyAsyncRollouter pid=3707180)[0m  'count/total_generated_samples': 84,
[36m(ElasticFullyAsyncRollouter pid=3707180)[0m  'monitor/active_tasks_size': 16,
[36m(ElasticFullyAsyncRollouter pid=3707180)[0m  'monitor/queue/mq_queue_size': 20,
[36m(ElasticFullyAsyncRollouter pid=3707180)[0m  'monitor/queue/pending_queue_size': 128,
[36m(ElasticFullyAsyncRollouter pid=3707180)[0m  'static/max_concurrent_samples': 16,
[36m(ElasticFullyAsyncRollouter pid=3707180)[0m  'static/max_queue_size': 576,
[36m(ElasticFullyAsyncRollouter pid=3707180)[0m  'static/max_required_samples': 576,
[36m(ElasticFullyAsyncRollouter pid=3707180)[0m  'static/required_samples': 64,
[36m(ElasticFullyAsyncRollouter pid=3707180)[0m  'static/staleness_threshold': 8}
[36m(ElasticFullyAsyncRollouter pid=3707180)[0m [FullyAsyncRollouter][MonitorLoop][Statistics] {'count/dropped_stale_samples': 0,
[36m(ElasticFullyAsyncRollouter pid=3707180)[0m  'count/staleness_samples': 110,
[36m(ElasticFullyAsyncRollouter pid=3707180)[0m  'count/total_generated_samples': 93,
[36m(ElasticFullyAsyncRollouter pid=3707180)[0m  'monitor/active_tasks_size': 16,
[36m(ElasticFullyAsyncRollouter pid=3707180)[0m  'monitor/queue/mq_queue_size': 29,
[36m(ElasticFullyAsyncRollouter pid=3707180)[0m  'monitor/queue/pending_queue_size': 128,
[36m(ElasticFullyAsyncRollouter pid=3707180)[0m  'static/max_concurrent_samples': 16,
[36m(ElasticFullyAsyncRollouter pid=3707180)[0m  'static/max_queue_size': 576,
[36m(ElasticFullyAsyncRollouter pid=3707180)[0m  'static/max_required_samples': 576,
[36m(ElasticFullyAsyncRollouter pid=3707180)[0m  'static/required_samples': 64,
[36m(ElasticFullyAsyncRollouter pid=3707180)[0m  'static/staleness_threshold': 8}
[36m(ElasticFullyAsyncTrainer pid=3716643)[0m [FullyAsyncTrainer] global_steps: 1 local_trigger_step: 1 trigger_parameter_sync_step: 1 23:24:09.611
[36m(WorkerDict pid=3717206)[0m /usr/local/lib/python3.12/dist-packages/torch/utils/_contextlib.py:124: UserWarning: When using ``NO_SHARD`` for ``ShardingStrategy``, full_state_dict will be returned.
[36m(WorkerDict pid=3717206)[0m   return func(*args, **kwargs)
[36m(vLLMHttpServer pid=3708955)[0m (Worker pid=3709978) WARNING 08-05 23:24:12 [layerwise.py:225] RotaryEmbedding: Failed to load weights
[36m(vLLMHttpServer pid=3708955)[0m (EngineCore pid=3709769) WARNING 08-05 23:24:12 [scheduler.py:1919] reset_connector called but no KV connector is configured.
[36m(ElasticFullyAsyncRollouter pid=3707180)[0m [FullyAsyncRollouter][RolloutResourceUtilization] raw active_count_history (timestamp, active_count, max_concurrent): [(1785971360.0579045, 0, 16), (1785971360.3679836, 1, 16), (1785971360.3755045, 2, 16), (1785971360.3777003, 3, 16), (1785971360.3794057, 4, 16), (1785971360.381315, 5, 16), (1785971360.383207, 6, 16), (1785971360.3850865, 7, 16), (1785971360.387436, 8, 16), (1785971360.390241, 9, 16), (1785971360.3925428, 10, 16), (1785971360.394853, 11, 16), (1785971360.3969798, 12, 16), (1785971360.3990347, 13, 16), (1785971360.401022, 14, 16), (1785971360.4030666, 15, 16), (1785971360.4050274, 16, 16), (1785971448.5763853, 15, 16), (1785971448.5764472, 16, 16), (1785971502.697654, 15, 16), (1785971502.6977062, 16, 16), (1785971515.095182, 15, 16), (1785971515.095231, 16, 16), (1785971523.7056332, 15, 16), (1785971523.705659, 16, 16), (1785971524.3873634, 15, 16), (1785971524.3873873, 16, 16), (1785971527.2884312, 15, 16), (1785971527.2884796, 16, 16), (1785971531.8493369, 15, 16), (1785971531.8493638, 16, 16), (1785971531.970538, 15, 16), (1785971531.970575, 16, 16), (1785971532.2909377, 15, 16), (1785971532.2909598, 16, 16), (1785971532.3544717, 15, 16), (1785971532.354497, 16, 16), (1785971532.4660132, 15, 16), (1785971532.4660354, 16, 16), (1785971532.5042174, 15, 16), (1785971532.504238, 16, 16), (1785971532.6101909, 15, 16), (1785971532.6102178, 16, 16), (1785971532.8644996, 15, 16), (1785971532.8645277, 16, 16), (1785971543.538324, 15, 16), (1785971543.538383, 16, 16), (1785971555.3375502, 15, 16), (1785971555.3376143, 16, 16), (1785971558.5308845, 15, 16), (1785971558.5309074, 16, 16), (1785971561.731794, 15, 16), (1785971561.73182, 16, 16), (1785971598.2382033, 15, 16), (1785971598.238257, 16, 16), (1785971600.3587217, 15, 16), (1785971600.3587444, 16, 16), (1785971616.3893776, 15, 16), (1785971616.389433, 16, 16), (1785971620.3858893, 15, 16), (1785971620.3859131, 16, 16), (1785971631.0776477, 15, 16), (1785971631.0776966, 16, 16), (1785971640.1020637, 15, 16), (1785971640.1020863, 16, 16), (1785971649.7727737, 15, 16), (1785971649.7728198, 16, 16), (1785971654.3681848, 15, 16), (1785971654.368206, 16, 16), (1785971666.6752357, 15, 16), (1785971666.675281, 16, 16), (1785971672.8286448, 15, 16), (1785971672.8286648, 16, 16), (1785971673.2423482, 15, 16), (1785971673.242371, 16, 16), (1785971673.3891234, 15, 16), (1785971673.3891482, 16, 16), (1785971674.5297275, 15, 16), (1785971674.5297515, 16, 16), (1785971696.0236974, 15, 16), (1785971696.023745, 16, 16), (1785971699.9015517, 15, 16), (1785971699.9015927, 16, 16), (1785971704.0651515, 15, 16), (1785971704.0651734, 16, 16), (1785971712.1779401, 15, 16), (1785971712.1779861, 16, 16), (1785971719.0743773, 15, 16), (1785971719.0743995, 16, 16), (1785971731.0596766, 15, 16), (1785971731.0597248, 16, 16), (1785971761.7740712, 15, 16), (1785971761.7741177, 16, 16), (1785971767.5165281, 15, 16), (1785971767.5165496, 16, 16), (1785971771.870216, 15, 16), (1785971771.8702655, 16, 16), (1785971791.9073615, 15, 16), (1785971791.9074106, 16, 16), (1785971794.5438247, 15, 16), (1785971794.5438566, 16, 16), (1785971802.5635097, 15, 16), (1785971802.5635762, 16, 16), (1785971811.238802, 15, 16), (1785971811.2388222, 16, 16), (1785971814.1688929, 15, 16), (1785971814.168938, 16, 16), (1785971821.1496315, 15, 16), (1785971821.149654, 16, 16), (1785971822.1045227, 15, 16), (1785971822.1045444, 16, 16), (1785971839.8409913, 15, 16), (1785971839.8410375, 16, 16), (1785971855.534429, 15, 16), (1785971855.5344827, 16, 16), (1785971859.234906, 15, 16), (1785971859.2349277, 16, 16), (1785971871.4715972, 15, 16), (1785971871.4716442, 16, 16), (1785971881.3142757, 15, 16), (1785971881.3142965, 16, 16), (1785971881.3872254, 15, 16), (1785971881.387246, 16, 16), (1785971892.060789, 15, 16), (1785971892.0608423, 16, 16), (1785971929.3848536, 15, 16), (1785971929.3849006, 16, 16), (1785971941.0368183, 15, 16), (1785971941.0368683, 16, 16), (1785971946.0352743, 15, 16), (1785971946.0352962, 16, 16), (1785971948.739097, 15, 16), (1785971948.739118, 16, 16), (1785971948.811147, 15, 16), (1785971948.8111672, 16, 16), (1785971955.628117, 15, 16), (1785971955.6281633, 16, 16), (1785971967.8031898, 15, 16), (1785971967.8032463, 16, 16), (1785971976.1179235, 15, 16), (1785971976.1179447, 16, 16), (1785971980.6238499, 15, 16), (1785971980.6239092, 16, 16), (1785971982.6542249, 15, 16), (1785971982.654251, 16, 16), (1785971983.0323071, 15, 16), (1785971983.0323284, 16, 16), (1785971985.0744221, 15, 16), (1785971985.0744467, 16, 16), (1785972004.9297285, 15, 16), (1785972004.9297757, 16, 16), (1785972009.4652689, 15, 16), (1785972009.4652908, 16, 16), (1785972019.867695, 15, 16), (1785972019.8677435, 16, 16), (1785972024.0884476, 15, 16), (1785972024.0884674, 16, 16), (1785972025.6172237, 15, 16), (1785972025.6172485, 16, 16), (1785972088.7685957, 15, 16), (1785972088.7686434, 16, 16), (1785972090.0325813, 15, 16), (1785972090.0326037, 16, 16), (1785972097.0301545, 15, 16), (1785972097.0301774, 16, 16), (1785972097.2661803, 15, 16), (1785972097.266202, 16, 16), (1785972103.8514895, 15, 16), (1785972103.8515387, 16, 16), (1785972112.5502164, 15, 16), (1785972112.550239, 16, 16), (1785972131.4525425, 15, 16), (1785972131.4526186, 16, 16), (1785972136.2733755, 15, 16), (1785972136.2734015, 16, 16), (1785972144.576684, 15, 16), (1785972144.5767293, 16, 16), (1785972147.8231795, 15, 16), (1785972147.8232164, 16, 16), (1785972152.754866, 15, 16), (1785972152.7548873, 16, 16), (1785972161.1428566, 15, 16), (1785972161.1429071, 16, 16), (1785972165.924815, 15, 16), (1785972165.9248483, 16, 16), (1785972176.5080569, 15, 16), (1785972176.5081024, 16, 16), (1785972179.805275, 15, 16), (1785972179.805296, 16, 16), (1785972183.8194296, 15, 16), (1785972183.819451, 16, 16), (1785972189.721903, 15, 16), (1785972189.7219477, 16, 16), (1785972207.897395, 15, 16), (1785972207.897444, 16, 16), (1785972219.544868, 15, 16), (1785972219.5449164, 16, 16), (1785972221.0397677, 15, 16), (1785972221.039791, 16, 16), (1785972229.573039, 15, 16), (1785972229.573091, 16, 16), (1785972231.8109972, 15, 16), (1785972231.8110197, 16, 16), (1785972262.725024, 15, 16), (1785972262.7261229, 15, 16)]
[36m(ElasticFullyAsyncRollouter pid=3707180)[0m [FullyAsyncRollouter][Public][reset_staleness] reset staleness_samples to: 45 idle_ratio: 0.0000 step_generated_samples(this_step): 94 rollout_resource_utilization: 0.9996 recent_history(last 10 steps): [(2, 94)]
[36m(ElasticFullyAsyncTrainer pid=3716643)[0m [FullyAsyncTrainer] _fit_update_weights, timing_s/param_sync: 2.8772 seconds self.current_param_version: 1
[36m(ElasticFullyAsyncTrainer pid=3716643)[0m step:1 - fully_async/rollouter/active_time:902.6681528091431 - fully_async/rollouter/version_time:902.6681528091431 - fully_async/rollouter/idle_ratio:0 - fully_async/rollouter/step_generated_samples:94 - dynamic_resource/rollout_resource_utilization:0.9996331464119831
[36m(ElasticFullyAsyncTrainer pid=3716643)[0m [FullyAsyncTrainer] Requesting 64 samples from queue
[36m(ElasticFullyAsyncTrainer pid=3716643)[0m [FullyAsyncTrainer] sample collected 1/64. mq_len: 29
[36m(ElasticFullyAsyncTrainer pid=3716643)[0m [FullyAsyncTrainer] sample collected 2/64. mq_len: 28
[36m(ElasticFullyAsyncTrainer pid=3716643)[0m [FullyAsyncTrainer] sample collected 3/64. mq_len: 27
[36m(ElasticFullyAsyncTrainer pid=3716643)[0m [FullyAsyncTrainer] sample collected 4/64. mq_len: 26
[36m(ElasticFullyAsyncTrainer pid=3716643)[0m [FullyAsyncTrainer] sample collected 5/64. mq_len: 25
[36m(ElasticFullyAsyncTrainer pid=3716643)[0m Training Progress:   1%|▏         | 1/80 [15:06<19:53:05, 906.15s/it]
[36m(ElasticFullyAsyncTrainer pid=3716643)[0m [FullyAsyncTrainer] sample collected 6/64. mq_len: 24
[36m(ElasticFullyAsyncTrainer pid=3716643)[0m [FullyAsyncTrainer] sample collected 7/64. mq_len: 23
[36m(ElasticFullyAsyncTrainer pid=3716643)[0m [FullyAsyncTrainer] sample collected 8/64. mq_len: 22
[36m(ElasticFullyAsyncTrainer pid=3716643)[0m [FullyAsyncTrainer] sample collected 9/64. mq_len: 21
[36m(ElasticFullyAsyncTrainer pid=3716643)[0m [FullyAsyncTrainer] sample collected 10/64. mq_len: 20
[36m(ElasticFullyAsyncTrainer pid=3716643)[0m [FullyAsyncTrainer] sample collected 11/64. mq_len: 19
[36m(ElasticFullyAsyncTrainer pid=3716643)[0m [FullyAsyncTrainer] sample collected 12/64. mq_len: 18
[36m(ElasticFullyAsyncTrainer pid=3716643)[0m [FullyAsyncTrainer] sample collected 13/64. mq_len: 17
[36m(ElasticFullyAsyncTrainer pid=3716643)[0m [FullyAsyncTrainer] sample collected 14/64. mq_len: 16
[36m(ElasticFullyAsyncTrainer pid=3716643)[0m [FullyAsyncTrainer] sample collected 15/64. mq_len: 15
[36m(ElasticFullyAsyncTrainer pid=3716643)[0m [FullyAsyncTrainer] sample collected 16/64. mq_len: 14
[36m(ElasticFullyAsyncTrainer pid=3716643)[0m [FullyAsyncTrainer] sample collected 17/64. mq_len: 13
[36m(ElasticFullyAsyncTrainer pid=3716643)[0m [FullyAsyncTrainer] sample collected 18/64. mq_len: 12
[36m(ElasticFullyAsyncTrainer pid=3716643)[0m [FullyAsyncTrainer] sample collected 19/64. mq_len: 11
[36m(ElasticFullyAsyncTrainer pid=3716643)[0m [FullyAsyncTrainer] sample collected 20/64. mq_len: 10
[36m(ElasticFullyAsyncTrainer pid=3716643)[0m [FullyAsyncTrainer] sample collected 21/64. mq_len: 9
[36m(ElasticFullyAsyncTrainer pid=3716643)[0m [FullyAsyncTrainer] sample collected 22/64. mq_len: 8
[36m(ElasticFullyAsyncTrainer pid=3716643)[0m [FullyAsyncTrainer] sample collected 23/64. mq_len: 7
[36m(ElasticFullyAsyncTrainer pid=3716643)[0m [FullyAsyncTrainer] sample collected 24/64. mq_len: 6
[36m(ElasticFullyAsyncTrainer pid=3716643)[0m [FullyAsyncTrainer] sample collected 25/64. mq_len: 5
[36m(ElasticFullyAsyncTrainer pid=3716643)[0m [FullyAsyncTrainer] sample collected 26/64. mq_len: 4
[36m(ElasticFullyAsyncTrainer pid=3716643)[0m [FullyAsyncTrainer] sample collected 27/64. mq_len: 3
[36m(ElasticFullyAsyncTrainer pid=3716643)[0m [FullyAsyncTrainer] sample collected 28/64. mq_len: 2
[36m(ElasticFullyAsyncTrainer pid=3716643)[0m [FullyAsyncTrainer] sample collected 29/64. mq_len: 1
[36m(ElasticFullyAsyncTrainer pid=3716643)[0m [FullyAsyncTrainer] sample collected 30/64. mq_len: 0
[36m(ElasticFullyAsyncTrainer pid=3716643)[0m [FullyAsyncTrainer] sample collected 31/64. mq_len: 0
[36m(ElasticFullyAsyncTrainer pid=3716643)[0m [FullyAsyncTrainer] sample collected 32/64. mq_len: 0
[36m(ElasticFullyAsyncTrainer pid=3716643)[0m [FullyAsyncTrainer] sample collected 33/64. mq_len: 0
[36m(ElasticFullyAsyncTrainer pid=3716643)[0m [FullyAsyncTrainer] sample collected 34/64. mq_len: 0
[36m(ElasticFullyAsyncTrainer pid=3716643)[0m [FullyAsyncTrainer] sample collected 35/64. mq_len: 0
[36m(ElasticFullyAsyncRollouter pid=3707180)[0m [FullyAsyncRollouter][MonitorLoop][Statistics] {'count/dropped_stale_samples': 0,
[36m(ElasticFullyAsyncRollouter pid=3707180)[0m  'count/staleness_samples': 51,
[36m(ElasticFullyAsyncRollouter pid=3707180)[0m  'count/total_generated_samples': 99,
[36m(ElasticFullyAsyncRollouter pid=3707180)[0m  'monitor/active_tasks_size': 16,
[36m(ElasticFullyAsyncRollouter pid=3707180)[0m  'monitor/queue/mq_queue_size': 0,
[36m(ElasticFullyAsyncRollouter pid=3707180)[0m  'monitor/queue/pending_queue_size': 128,
[36m(ElasticFullyAsyncRollouter pid=3707180)[0m  'static/max_concurrent_samples': 16,
[36m(ElasticFullyAsyncRollouter pid=3707180)[0m  'static/max_queue_size': 576,
[36m(ElasticFullyAsyncRollouter pid=3707180)[0m  'static/max_required_samples': 576,
[36m(ElasticFullyAsyncRollouter pid=3707180)[0m  'static/required_samples': 64,
[36m(ElasticFullyAsyncRollouter pid=3707180)[0m  'static/staleness_threshold': 8}
[36m(ElasticFullyAsyncTrainer pid=3716643)[0m [FullyAsyncTrainer] sample collected 36/64. mq_len: 0
[36m(MessageQueue pid=3718065)[0m MessageQueue stats: produced=100, queue_size=1
[36m(ElasticFullyAsyncTrainer pid=3716643)[0m [FullyAsyncTrainer] sample collected 37/64. mq_len: 0
[36m(ElasticFullyAsyncTrainer pid=3716643)[0m [FullyAsyncTrainer] sample collected 38/64. mq_len: 0
[36m(ElasticFullyAsyncTrainer pid=3716643)[0m [FullyAsyncTrainer] sample collected 39/64. mq_len: 0
[36m(ElasticFullyAsyncTrainer pid=3716643)[0m [FullyAsyncTrainer] sample collected 40/64. mq_len: 0
[36m(ElasticFullyAsyncTrainer pid=3716643)[0m [FullyAsyncTrainer] sample collected 41/64. mq_len: 0
[36m(ElasticFullyAsyncTrainer pid=3716643)[0m [FullyAsyncTrainer] sample collected 42/64. mq_len: 0
[36m(ElasticFullyAsyncRollouter pid=3707180)[0m [FullyAsyncRollouter][MonitorLoop][Statistics] {'count/dropped_stale_samples': 0,
[36m(ElasticFullyAsyncRollouter pid=3707180)[0m  'count/staleness_samples': 58,
[36m(ElasticFullyAsyncRollouter pid=3707180)[0m  'count/total_generated_samples': 106,
[36m(ElasticFullyAsyncRollouter pid=3707180)[0m  'monitor/active_tasks_size': 16,
[36m(ElasticFullyAsyncRollouter pid=3707180)[0m  'monitor/queue/mq_queue_size': 0,
[36m(ElasticFullyAsyncRollouter pid=3707180)[0m  'monitor/queue/pending_queue_size': 128,
[36m(ElasticFullyAsyncRollouter pid=3707180)[0m  'static/max_concurrent_samples': 16,
[36m(ElasticFullyAsyncRollouter pid=3707180)[0m  'static/max_queue_size': 576,
[36m(ElasticFullyAsyncRollouter pid=3707180)[0m  'static/max_required_samples': 576,
[36m(ElasticFullyAsyncRollouter pid=3707180)[0m  'static/required_samples': 64,
[36m(ElasticFullyAsyncRollouter pid=3707180)[0m  'static/staleness_threshold': 8}
[36m(ElasticFullyAsyncTrainer pid=3716643)[0m [FullyAsyncTrainer] sample collected 43/64. mq_len: 0
[36m(ElasticFullyAsyncTrainer pid=3716643)[0m [FullyAsyncTrainer] sample collected 44/64. mq_len: 0
[36m(ElasticFullyAsyncTrainer pid=3716643)[0m [FullyAsyncTrainer] sample collected 45/64. mq_len: 0
[36m(ElasticFullyAsyncTrainer pid=3716643)[0m [FullyAsyncTrainer] sample collected 46/64. mq_len: 0
[36m(ElasticFullyAsyncTrainer pid=3716643)[0m [FullyAsyncTrainer] sample collected 47/64. mq_len: 0
[36m(ElasticFullyAsyncTrainer pid=3716643)[0m [FullyAsyncTrainer] sample collected 48/64. mq_len: 0
[36m(ElasticFullyAsyncRollouter pid=3707180)[0m [FullyAsyncRollouter][MonitorLoop][Statistics] {'count/dropped_stale_samples': 0,
[36m(ElasticFullyAsyncRollouter pid=3707180)[0m  'count/staleness_samples': 64,
[36m(ElasticFullyAsyncRollouter pid=3707180)[0m  'count/total_generated_samples': 112,
[36m(ElasticFullyAsyncRollouter pid=3707180)[0m  'monitor/active_tasks_size': 16,
[36m(ElasticFullyAsyncRollouter pid=3707180)[0m  'monitor/queue/mq_queue_size': 0,
[36m(ElasticFullyAsyncRollouter pid=3707180)[0m  'monitor/queue/pending_queue_size': 128,
[36m(ElasticFullyAsyncRollouter pid=3707180)[0m  'static/max_concurrent_samples': 16,
[36m(ElasticFullyAsyncRollouter pid=3707180)[0m  'static/max_queue_size': 576,
[36m(ElasticFullyAsyncRollouter pid=3707180)[0m  'static/max_required_samples': 576,
[36m(ElasticFullyAsyncRollouter pid=3707180)[0m  'static/required_samples': 64,
[36m(ElasticFullyAsyncRollouter pid=3707180)[0m  'static/staleness_threshold': 8}
[36m(ElasticFullyAsyncTrainer pid=3716643)[0m [FullyAsyncTrainer] sample collected 49/64. mq_len: 0
[36m(ElasticFullyAsyncTrainer pid=3716643)[0m [FullyAsyncTrainer] sample collected 50/64. mq_len: 0
[36m(ElasticFullyAsyncTrainer pid=3716643)[0m [FullyAsyncTrainer] sample collected 51/64. mq_len: 0
[36m(ElasticFullyAsyncTrainer pid=3716643)[0m [FullyAsyncTrainer] sample collected 52/64. mq_len: 0
[36m(ElasticFullyAsyncTrainer pid=3716643)[0m [FullyAsyncTrainer] sample collected 53/64. mq_len: 0
[36m(ElasticFullyAsyncTrainer pid=3716643)[0m [FullyAsyncTrainer] sample collected 54/64. mq_len: 0
[36m(ElasticFullyAsyncTrainer pid=3716643)[0m [FullyAsyncTrainer] sample collected 55/64. mq_len: 0
[36m(ElasticFullyAsyncTrainer pid=3716643)[0m [FullyAsyncTrainer] sample collected 56/64. mq_len: 0
[36m(ElasticFullyAsyncRollouter pid=3707180)[0m [FullyAsyncRollouter][MonitorLoop][Statistics] {'count/dropped_stale_samples': 0,
[36m(ElasticFullyAsyncRollouter pid=3707180)[0m  'count/staleness_samples': 72,
[36m(ElasticFullyAsyncRollouter pid=3707180)[0m  'count/total_generated_samples': 120,
[36m(ElasticFullyAsyncRollouter pid=3707180)[0m  'monitor/active_tasks_size': 16,
[36m(ElasticFullyAsyncRollouter pid=3707180)[0m  'monitor/queue/mq_queue_size': 0,
[36m(ElasticFullyAsyncRollouter pid=3707180)[0m  'monitor/queue/pending_queue_size': 128,
[36m(ElasticFullyAsyncRollouter pid=3707180)[0m  'static/max_concurrent_samples': 16,
[36m(ElasticFullyAsyncRollouter pid=3707180)[0m  'static/max_queue_size': 576,
[36m(ElasticFullyAsyncRollouter pid=3707180)[0m  'static/max_required_samples': 576,
[36m(ElasticFullyAsyncRollouter pid=3707180)[0m  'static/required_samples': 64,
[36m(ElasticFullyAsyncRollouter pid=3707180)[0m  'static/staleness_threshold': 8}
[36m(ElasticFullyAsyncTrainer pid=3716643)[0m [FullyAsyncTrainer] sample collected 57/64. mq_len: 0
[36m(ElasticFullyAsyncTrainer pid=3716643)[0m [FullyAsyncTrainer] sample collected 58/64. mq_len: 0
[36m(ElasticFullyAsyncTrainer pid=3716643)[0m [FullyAsyncTrainer] sample collected 59/64. mq_len: 0
[36m(ElasticFullyAsyncTrainer pid=3716643)[0m [FullyAsyncTrainer] sample collected 60/64. mq_len: 0
[36m(ElasticFullyAsyncTrainer pid=3716643)[0m [FullyAsyncTrainer] sample collected 61/64. mq_len: 0
[36m(ElasticFullyAsyncTrainer pid=3716643)[0m [FullyAsyncTrainer] sample collected 62/64. mq_len: 0
[36m(ElasticFullyAsyncTrainer pid=3716643)[0m [FullyAsyncTrainer] sample collected 63/64. mq_len: 0
[36m(ElasticFullyAsyncRollouter pid=3707180)[0m [FullyAsyncRollouter][MonitorLoop][Statistics] {'count/dropped_stale_samples': 0,
[36m(ElasticFullyAsyncRollouter pid=3707180)[0m  'count/staleness_samples': 79,
[36m(ElasticFullyAsyncRollouter pid=3707180)[0m  'count/total_generated_samples': 127,
[36m(ElasticFullyAsyncRollouter pid=3707180)[0m  'monitor/active_tasks_size': 16,
[36m(ElasticFullyAsyncRollouter pid=3707180)[0m  'monitor/queue/mq_queue_size': 0,
[36m(ElasticFullyAsyncRollouter pid=3707180)[0m  'monitor/queue/pending_queue_size': 128,
[36m(ElasticFullyAsyncRollouter pid=3707180)[0m  'static/max_concurrent_samples': 16,
[36m(ElasticFullyAsyncRollouter pid=3707180)[0m  'static/max_queue_size': 576,
[36m(ElasticFullyAsyncRollouter pid=3707180)[0m  'static/max_required_samples': 576,
[36m(ElasticFullyAsyncRollouter pid=3707180)[0m  'static/required_samples': 64,
[36m(ElasticFullyAsyncRollouter pid=3707180)[0m  'static/staleness_threshold': 8}
[36m(ElasticFullyAsyncTrainer pid=3716643)[0m [FullyAsyncTrainer] sample collected 64/64. mq_len: 0
[36m(ElasticFullyAsyncTrainer pid=3716643)[0m [FullyAsyncTrainer] Collected 64/64 samples. mq_len: 0
[36m(ElasticFullyAsyncTrainer pid=3716643)[0m [FullyAsyncTrainer] Loop collection completed: 64/64 samples, total wait time: 333.78 seconds. mq_len: 0
[36m(ElasticFullyAsyncTrainer pid=3716643)[0m [BatchUtils] Assembling batch from 64 RolloutSample objects
[36m(ElasticFullyAsyncTrainer pid=3716643)[0m [BatchUtils] Batch assembly completed in 0.26s
[36m(ElasticFullyAsyncRollouter pid=3707180)[0m [FullyAsyncRollouter][MonitorLoop][Statistics] {'count/dropped_stale_samples': 0,
[36m(ElasticFullyAsyncRollouter pid=3707180)[0m  'count/staleness_samples': 88,
[36m(ElasticFullyAsyncRollouter pid=3707180)[0m  'count/total_generated_samples': 136,
[36m(ElasticFullyAsyncRollouter pid=3707180)[0m  'monitor/active_tasks_size': 16,
[36m(ElasticFullyAsyncRollouter pid=3707180)[0m  'monitor/queue/mq_queue_size': 8,
[36m(ElasticFullyAsyncRollouter pid=3707180)[0m  'monitor/queue/pending_queue_size': 128,
[36m(ElasticFullyAsyncRollouter pid=3707180)[0m  'static/max_concurrent_samples': 16,
[36m(ElasticFullyAsyncRollouter pid=3707180)[0m  'static/max_queue_size': 576,
[36m(ElasticFullyAsyncRollouter pid=3707180)[0m  'static/max_required_samples': 576,
[36m(ElasticFullyAsyncRollouter pid=3707180)[0m  'static/required_samples': 64,
[36m(ElasticFullyAsyncRollouter pid=3707180)[0m  'static/staleness_threshold': 8}
[36m(ElasticFullyAsyncRollouter pid=3707180)[0m [FullyAsyncRollouter][MonitorLoop][Statistics] {'count/dropped_stale_samples': 0,
[36m(ElasticFullyAsyncRollouter pid=3707180)[0m  'count/staleness_samples': 95,
[36m(ElasticFullyAsyncRollouter pid=3707180)[0m  'count/total_generated_samples': 143,
[36m(ElasticFullyAsyncRollouter pid=3707180)[0m  'monitor/active_tasks_size': 16,
[36m(ElasticFullyAsyncRollouter pid=3707180)[0m  'monitor/queue/mq_queue_size': 15,
[36m(ElasticFullyAsyncRollouter pid=3707180)[0m  'monitor/queue/pending_queue_size': 128,
[36m(ElasticFullyAsyncRollouter pid=3707180)[0m  'static/max_concurrent_samples': 16,
[36m(ElasticFullyAsyncRollouter pid=3707180)[0m  'static/max_queue_size': 576,
[36m(ElasticFullyAsyncRollouter pid=3707180)[0m  'static/max_required_samples': 576,
[36m(ElasticFullyAsyncRollouter pid=3707180)[0m  'static/required_samples': 64,
[36m(ElasticFullyAsyncRollouter pid=3707180)[0m  'static/staleness_threshold': 8}
[36m(ElasticFullyAsyncRollouter pid=3707180)[0m [FullyAsyncRollouter][MonitorLoop][Statistics] {'count/dropped_stale_samples': 0,
[36m(ElasticFullyAsyncRollouter pid=3707180)[0m  'count/staleness_samples': 99,
[36m(ElasticFullyAsyncRollouter pid=3707180)[0m  'count/total_generated_samples': 147,
[36m(ElasticFullyAsyncRollouter pid=3707180)[0m  'monitor/active_tasks_size': 16,
[36m(ElasticFullyAsyncRollouter pid=3707180)[0m  'monitor/queue/mq_queue_size': 19,
[36m(ElasticFullyAsyncRollouter pid=3707180)[0m  'monitor/queue/pending_queue_size': 128,
[36m(ElasticFullyAsyncRollouter pid=3707180)[0m  'static/max_concurrent_samples': 16,
[36m(ElasticFullyAsyncRollouter pid=3707180)[0m  'static/max_queue_size': 576,
[36m(ElasticFullyAsyncRollouter pid=3707180)[0m  'static/max_required_samples': 576,
[36m(ElasticFullyAsyncRollouter pid=3707180)[0m  'static/required_samples': 64,
[36m(ElasticFullyAsyncRollouter pid=3707180)[0m  'static/staleness_threshold': 8}
[36m(ElasticFullyAsyncTrainer pid=3716643)[0m [FullyAsyncTrainer] global_steps: 2 local_trigger_step: 1 trigger_parameter_sync_step: 1 23:34:31.040
[36m(vLLMHttpServer pid=3708955)[0m (Worker pid=3709978) WARNING 08-05 23:34:33 [layerwise.py:225] RotaryEmbedding: Failed to load weights
[36m(vLLMHttpServer pid=3708955)[0m (EngineCore pid=3709769) WARNING 08-05 23:34:33 [scheduler.py:1919] reset_connector called but no KV connector is configured.
[36m(ElasticFullyAsyncRollouter pid=3707180)[0m [FullyAsyncRollouter][MonitorLoop][Statistics] {'count/dropped_stale_samples': 0,
[36m(ElasticFullyAsyncRollouter pid=3707180)[0m  'count/staleness_samples': 110,
[36m(ElasticFullyAsyncRollouter pid=3707180)[0m  'count/total_generated_samples': 158,
[36m(ElasticFullyAsyncRollouter pid=3707180)[0m  'monitor/active_tasks_size': 16,
[36m(ElasticFullyAsyncRollouter pid=3707180)[0m  'monitor/queue/mq_queue_size': 30,
[36m(ElasticFullyAsyncRollouter pid=3707180)[0m  'monitor/queue/pending_queue_size': 128,
[36m(ElasticFullyAsyncRollouter pid=3707180)[0m  'static/max_concurrent_samples': 16,
[36m(ElasticFullyAsyncRollouter pid=3707180)[0m  'static/max_queue_size': 576,
[36m(ElasticFullyAsyncRollouter pid=3707180)[0m  'static/max_required_samples': 576,
[36m(ElasticFullyAsyncRollouter pid=3707180)[0m  'static/required_samples': 64,
[36m(ElasticFullyAsyncRollouter pid=3707180)[0m  'static/staleness_threshold': 8}
[36m(ElasticFullyAsyncRollouter pid=3707180)[0m [FullyAsyncRollouter][RolloutResourceUtilization] raw active_count_history (timestamp, active_count, max_concurrent): [(1785972262.726472, 15, 16), (1785972262.7265646, 16, 16), (1785972264.9343545, 15, 16), (1785972264.9343805, 16, 16), (1785972266.720852, 15, 16), (1785972266.7208726, 16, 16), (1785972279.8677263, 15, 16), (1785972279.86777, 16, 16), (1785972290.4541752, 15, 16), (1785972290.4542193, 16, 16), (1785972299.091617, 15, 16), (1785972299.091641, 16, 16), (1785972309.8604155, 15, 16), (1785972309.8604615, 16, 16), (1785972316.9965165, 15, 16), (1785972316.9965422, 16, 16), (1785972331.9153657, 15, 16), (1785972331.9154146, 16, 16), (1785972337.8368936, 15, 16), (1785972337.8369145, 16, 16), (1785972350.474501, 15, 16), (1785972350.474547, 16, 16), (1785972354.267412, 15, 16), (1785972354.267433, 16, 16), (1785972359.9683719, 15, 16), (1785972359.9683936, 16, 16), (1785972362.7916408, 15, 16), (1785972362.7916856, 16, 16), (1785972373.1033096, 15, 16), (1785972373.103358, 16, 16), (1785972373.7479687, 15, 16), (1785972373.7479908, 16, 16), (1785972380.8262675, 15, 16), (1785972380.8262904, 16, 16), (1785972383.222249, 15, 16), (1785972383.2222965, 16, 16), (1785972417.435649, 15, 16), (1785972417.435698, 16, 16), (1785972430.828324, 15, 16), (1785972430.8283706, 16, 16), (1785972433.1118467, 15, 16), (1785972433.1118674, 16, 16), (1785972437.0409534, 15, 16), (1785972437.0409744, 16, 16), (1785972460.8151495, 15, 16), (1785972460.815198, 16, 16), (1785972465.8468802, 15, 16), (1785972465.8469024, 16, 16), (1785972476.2758656, 15, 16), (1785972476.275914, 16, 16), (1785972485.0329602, 15, 16), (1785972485.0329845, 16, 16), (1785972506.8297005, 15, 16), (1785972506.829752, 16, 16), (1785972520.3823478, 15, 16), (1785972520.382407, 16, 16), (1785972525.7475169, 15, 16), (1785972525.7475398, 16, 16), (1785972547.7765052, 15, 16), (1785972547.7765694, 16, 16), (1785972547.9307837, 15, 16), (1785972547.930806, 16, 16), (1785972556.3216355, 15, 16), (1785972556.3216577, 16, 16), (1785972559.4995632, 15, 16), (1785972559.4996116, 16, 16), (1785972583.062341, 15, 16), (1785972583.0624065, 16, 16), (1785972596.620351, 15, 16), (1785972596.6204042, 16, 16), (1785972613.5018256, 15, 16), (1785972613.501875, 16, 16), (1785972616.127536, 15, 16), (1785972616.127569, 16, 16), (1785972619.558955, 15, 16), (1785972619.558975, 16, 16), (1785972621.626771, 15, 16), (1785972621.6267931, 16, 16), (1785972638.2744813, 15, 16), (1785972638.2745366, 16, 16), (1785972639.5497482, 15, 16), (1785972639.5497744, 16, 16), (1785972653.7864118, 15, 16), (1785972653.7864685, 16, 16), (1785972656.9722407, 15, 16), (1785972656.972268, 16, 16), (1785972665.2034564, 15, 16), (1785972665.2035058, 16, 16), (1785972680.5003188, 15, 16), (1785972680.5003653, 16, 16), (1785972697.050075, 15, 16), (1785972697.050123, 16, 16), (1785972697.3162186, 15, 16), (1785972697.3162427, 16, 16), (1785972699.2237265, 15, 16), (1785972699.2237487, 16, 16), (1785972723.5723646, 15, 16), (1785972723.5724144, 16, 16), (1785972732.1324441, 15, 16), (1785972732.1324668, 16, 16), (1785972761.4917772, 15, 16), (1785972761.4918444, 16, 16), (1785972764.5875967, 15, 16), (1785972764.5876193, 16, 16), (1785972779.253435, 15, 16), (1785972779.2534823, 16, 16), (1785972793.510631, 15, 16), (1785972793.51068, 16, 16), (1785972804.4059157, 15, 16), (1785972804.4059694, 16, 16), (1785972806.6930408, 15, 16), (1785972806.693062, 16, 16), (1785972826.7199936, 15, 16), (1785972826.7200437, 16, 16), (1785972826.752239, 15, 16), (1785972826.7522588, 16, 16), (1785972835.150272, 15, 16), (1785972835.1502929, 16, 16), (1785972835.4364948, 15, 16), (1785972835.436516, 16, 16), (1785972838.2261515, 15, 16), (1785972838.2261977, 16, 16), (1785972843.2131078, 15, 16), (1785972843.2131314, 16, 16), (1785972848.8484597, 15, 16), (1785972848.8485084, 16, 16), (1785972851.241315, 15, 16), (1785972851.2413366, 16, 16), (1785972867.713839, 15, 16), (1785972867.7138915, 16, 16), (1785972877.839186, 15, 16), (1785972877.840397, 15, 16)]
[36m(ElasticFullyAsyncRollouter pid=3707180)[0m [FullyAsyncRollouter][Public][reset_staleness] reset staleness_samples to: 46 idle_ratio: 0.0000 step_generated_samples(this_step): 65 rollout_resource_utilization: 1.0000 recent_history(last 10 steps): [(2, 94), (3, 65)]
[36m(ElasticFullyAsyncTrainer pid=3716643)[0m [FullyAsyncTrainer] _fit_update_weights, timing_s/param_sync: 2.5892 seconds self.current_param_version: 2
[36m(ElasticFullyAsyncTrainer pid=3716643)[0m step:2 - fully_async/rollouter/active_time:615.113865852356 - fully_async/rollouter/version_time:615.113865852356 - fully_async/rollouter/idle_ratio:0 - fully_async/rollouter/step_generated_samples:65 - dynamic_resource/rollout_resource_utilization:0.9999996254566124
[36m(ElasticFullyAsyncTrainer pid=3716643)[0m aggregated metrics done. cost 0.0002 seconds.
[36m(ElasticFullyAsyncTrainer pid=3716643)[0m step:2 - training/global_step:1.0 - training/epoch:0.0 - fully_async/count/stale_trajectory_processed:0.0 - fully_async/count/current_param_version:0.0 - fully_async/processing_time/avg:106.69822771718975 - fully_async/processing_time/max:178.4238417550223 - fully_async/processing_time/min:5.749596595007461 - fully_async/processing_time/tp50:120.78482509349124 - fully_async/processing_time/tp99:178.30860615243728 - fully_async/processing_time/tp95:172.6636978392984 - fully_async/monitor/active_tasks_size:16.0 - fully_async/monitor/queue/pending_queue_size:128.0 - fully_async/monitor/queue/mq_queue_size:0.0 - fully_async/count/total_generated_samples:0.0 - fully_async/count/staleness_samples:17.0 - fully_async/count/dropped_stale_samples:0.0 - fully_async/static/max_required_samples:576.0 - fully_async/static/required_samples:64.0 - fully_async/static/staleness_threshold:8.0 - fully_async/static/max_queue_size:576.0 - fully_async/static/max_concurrent_samples:16.0 - fully_async/partial/total_partial_num:0.0 - fully_async/partial/partial_ratio:0.0 - fully_async/partial/max_partial_span:0.0 - timing_s/agent_loop/tool_calls/max:0.0 - timing_s/agent_loop/tool_calls/min:0.0 - timing_s/agent_loop/tool_calls/mean:0.0 - fully_async/total_wait_time:622.5099995136261 - actor/pg_clipfrac:0.00025882068441453816 - actor/ppo_kl:0.0007843596253720038 - actor/pg_clipfrac_lower:3.709143666955325e-07 - actor/pg_loss:0.03769950098649133 - actor/loss:0.03769949823617935 - actor/grad_norm:0.026895388960838318 - actor/lr:1e-06 - actor/perf/max_memory_allocated_gb:33.688987731933594 - actor/perf/max_memory_reserved_gb:73.251953125 - actor/perf/cpu_memory_used_gb:107.3022575378418 - perf/mfu/actor:0.3122512754664662 - dynamic_resource/train_compute_time_s:266.4117413770291 - dynamic_resource/train_allocated_time_s:902.5738604068756 - critic/score/mean:0.179443359375 - critic/score/max:1.0 - critic/score/min:0.0 - critic/rewards/mean:0.179443359375 - critic/rewards/max:1.0 - critic/rewards/min:0.0 - critic/advantages/mean:-0.03768042474985123 - critic/advantages/max:2.4748666286468506 - critic/advantages/min:-2.4748666286468506 - critic/returns/mean:-0.03768042474985123 - critic/returns/max:2.4748666286468506 - critic/returns/min:-2.4748666286468506 - response_length/mean:10754.48828125 - response_length/max:16384.0 - response_length/min:550.0 - response_length/clip_ratio:0.134765625 - response_length_non_aborted/mean:10754.48828125 - response_length_non_aborted/max:16384.0 - response_length_non_aborted/min:550.0 - response_length_non_aborted/clip_ratio:0.134765625 - response/aborted_ratio:0.0 - prompt_length/mean:467.328125 - prompt_length/max:959.0 - prompt_length/min:90.0 - prompt_length/clip_ratio:0.0 - num_turns/min:2.0 - num_turns/max:2.0 - num_turns/mean:2.0 - timing_s/start_profile:5.157024133950472e-06 - timing_s/gen:623.0379136270494 - timing_s/reward:2.264999784529209e-05 - timing_s/adv:0.010777991032227874 - timing_s/update_actor:266.40094073599903 - timing_s/timing_s/param_sync:2.877201514027547 - timing_s/step:902.5738803740242 - timing_s/stop_profile:4.831003025174141e-06 - timing_per_token_ms/adv:1.875878465013545e-06 - timing_per_token_ms/update_actor:0.046366320615012786 - timing_per_token_ms/gen:0.1131500535617668 - perf/total_num_tokens:5745570.0 - perf/time_per_step:902.5738803740242 - perf/throughput:3182.880717542508 - dynamic_resource/mq_size:30.0 - fully_async/trainer/idle_ratio:0.6902902102250779 - dynamic_resource/train_resource_utilization:0.2951689086773819 - dynamic_resource/rollout_resource_utilization:0.9999996254566124 - dynamic_resource/resource_utilization:0.6475842670669971
[36m(ElasticFullyAsyncTrainer pid=3716643)[0m Training Progress:   2%|▎         | 2/80 [25:21<15:55:26, 734.95s/it]
[36m(ElasticFullyAsyncTrainer pid=3716643)[0m [FullyAsyncTrainer] Requesting 64 samples from queue
[36m(ElasticFullyAsyncTrainer pid=3716643)[0m [FullyAsyncTrainer] sample collected 1/64. mq_len: 30
[36m(ElasticFullyAsyncTrainer pid=3716643)[0m [FullyAsyncTrainer] sample collected 2/64. mq_len: 29
[36m(ElasticFullyAsyncTrainer pid=3716643)[0m [FullyAsyncTrainer] sample collected 3/64. mq_len: 28
[36m(ElasticFullyAsyncTrainer pid=3716643)[0m [FullyAsyncTrainer] sample collected 4/64. mq_len: 27
[36m(ElasticFullyAsyncTrainer pid=3716643)[0m [FullyAsyncTrainer] sample collected 5/64. mq_len: 26
[36m(ElasticFullyAsyncTrainer pid=3716643)[0m [FullyAsyncTrainer] sample collected 6/64. mq_len: 25
[36m(ElasticFullyAsyncTrainer pid=3716643)[0m [FullyAsyncTrainer] sample collected 7/64. mq_len: 24
[36m(ElasticFullyAsyncTrainer pid=3716643)[0m [FullyAsyncTrainer] sample collected 8/64. mq_len: 23
[36m(ElasticFullyAsyncTrainer pid=3716643)[0m [FullyAsyncTrainer] sample collected 9/64. mq_len: 22
[36m(ElasticFullyAsyncTrainer pid=3716643)[0m [FullyAsyncTrainer] sample collected 10/64. mq_len: 21
[36m(ElasticFullyAsyncTrainer pid=3716643)[0m [FullyAsyncTrainer] sample collected 11/64. mq_len: 20
[36m(ElasticFullyAsyncTrainer pid=3716643)[0m [FullyAsyncTrainer] sample collected 12/64. mq_len: 19
[36m(ElasticFullyAsyncTrainer pid=3716643)[0m [FullyAsyncTrainer] sample collected 13/64. mq_len: 18
[36m(ElasticFullyAsyncTrainer pid=3716643)[0m [FullyAsyncTrainer] sample collected 14/64. mq_len: 17
[36m(ElasticFullyAsyncTrainer pid=3716643)[0m [FullyAsyncTrainer] sample collected 15/64. mq_len: 16
[36m(ElasticFullyAsyncTrainer pid=3716643)[0m [FullyAsyncTrainer] sample collected 16/64. mq_len: 15
[36m(ElasticFullyAsyncTrainer pid=3716643)[0m [FullyAsyncTrainer] sample collected 17/64. mq_len: 14
[36m(ElasticFullyAsyncTrainer pid=3716643)[0m [FullyAsyncTrainer] sample collected 18/64. mq_len: 13
[36m(ElasticFullyAsyncTrainer pid=3716643)[0m [FullyAsyncTrainer] sample collected 19/64. mq_len: 12
[36m(ElasticFullyAsyncTrainer pid=3716643)[0m [FullyAsyncTrainer] sample collected 20/64. mq_len: 11
[36m(ElasticFullyAsyncTrainer pid=3716643)[0m [FullyAsyncTrainer] sample collected 21/64. mq_len: 10
[36m(ElasticFullyAsyncTrainer pid=3716643)[0m 
[36m(ElasticFullyAsyncTrainer pid=3716643)[0m [FullyAsyncTrainer] sample collected 22/64. mq_len: 9
[36m(ElasticFullyAsyncTrainer pid=3716643)[0m [FullyAsyncTrainer] sample collected 23/64. mq_len: 8
[36m(ElasticFullyAsyncTrainer pid=3716643)[0m [FullyAsyncTrainer] sample collected 24/64. mq_len: 7
[36m(ElasticFullyAsyncTrainer pid=3716643)[0m [FullyAsyncTrainer] sample collected 25/64. mq_len: 6
[36m(ElasticFullyAsyncTrainer pid=3716643)[0m [FullyAsyncTrainer] sample collected 26/64. mq_len: 5
[36m(ElasticFullyAsyncTrainer pid=3716643)[0m [FullyAsyncTrainer] sample collected 27/64. mq_len: 4
[36m(ElasticFullyAsyncTrainer pid=3716643)[0m [FullyAsyncTrainer] sample collected 28/64. mq_len: 3
[36m(ElasticFullyAsyncTrainer pid=3716643)[0m [FullyAsyncTrainer] sample collected 29/64. mq_len: 2
[36m(ElasticFullyAsyncTrainer pid=3716643)[0m [FullyAsyncTrainer] sample collected 30/64. mq_len: 1
[36m(ElasticFullyAsyncTrainer pid=3716643)[0m [FullyAsyncTrainer] sample collected 31/64. mq_len: 0
[36m(ElasticFullyAsyncTrainer pid=3716643)[0m [FullyAsyncTrainer] sample collected 32/64. mq_len: 0
[36m(ElasticFullyAsyncTrainer pid=3716643)[0m [FullyAsyncTrainer] sample collected 33/64. mq_len: 0
[36m(ElasticFullyAsyncTrainer pid=3716643)[0m [FullyAsyncTrainer] sample collected 34/64. mq_len: 0
[36m(ElasticFullyAsyncTrainer pid=3716643)[0m [FullyAsyncTrainer] sample collected 35/64. mq_len: 0
[36m(ElasticFullyAsyncTrainer pid=3716643)[0m [FullyAsyncTrainer] sample collected 36/64. mq_len: 0
[36m(ElasticFullyAsyncTrainer pid=3716643)[0m [FullyAsyncTrainer] sample collected 37/64. mq_len: 0
[36m(ElasticFullyAsyncRollouter pid=3707180)[0m [FullyAsyncRollouter][MonitorLoop][Statistics] {'count/dropped_stale_samples': 0,
[36m(ElasticFullyAsyncRollouter pid=3707180)[0m  'count/staleness_samples': 53,
[36m(ElasticFullyAsyncRollouter pid=3707180)[0m  'count/total_generated_samples': 165,
[36m(ElasticFullyAsyncRollouter pid=3707180)[0m  'monitor/active_tasks_size': 16,
[36m(ElasticFullyAsyncRollouter pid=3707180)[0m  'monitor/queue/mq_queue_size': 0,
[36m(ElasticFullyAsyncRollouter pid=3707180)[0m  'monitor/queue/pending_queue_size': 128,
[36m(ElasticFullyAsyncRollouter pid=3707180)[0m  'static/max_concurrent_samples': 16,
[36m(ElasticFullyAsyncRollouter pid=3707180)[0m  'static/max_queue_size': 576,
[36m(ElasticFullyAsyncRollouter pid=3707180)[0m  'static/max_required_samples': 576,
[36m(ElasticFullyAsyncRollouter pid=3707180)[0m  'static/required_samples': 64,
[36m(ElasticFullyAsyncRollouter pid=3707180)[0m  'static/staleness_threshold': 8}
[36m(ElasticFullyAsyncTrainer pid=3716643)[0m [FullyAsyncTrainer] sample collected 38/64. mq_len: 0
[36m(ElasticFullyAsyncTrainer pid=3716643)[0m [FullyAsyncTrainer] sample collected 39/64. mq_len: 0
[36m(ElasticFullyAsyncTrainer pid=3716643)[0m [FullyAsyncTrainer] sample collected 40/64. mq_len: 0
[36m(ElasticFullyAsyncTrainer pid=3716643)[0m [FullyAsyncTrainer] sample collected 41/64. mq_len: 0
[36m(ElasticFullyAsyncTrainer pid=3716643)[0m [FullyAsyncTrainer] sample collected 42/64. mq_len: 0
[36m(ElasticFullyAsyncRollouter pid=3707180)[0m [FullyAsyncRollouter][MonitorLoop][Statistics] {'count/dropped_stale_samples': 0,
[36m(ElasticFullyAsyncRollouter pid=3707180)[0m  'count/staleness_samples': 58,
[36m(ElasticFullyAsyncRollouter pid=3707180)[0m  'count/total_generated_samples': 170,
[36m(ElasticFullyAsyncRollouter pid=3707180)[0m  'monitor/active_tasks_size': 16,
[36m(ElasticFullyAsyncRollouter pid=3707180)[0m  'monitor/queue/mq_queue_size': 0,
[36m(ElasticFullyAsyncRollouter pid=3707180)[0m  'monitor/queue/pending_queue_size': 128,
[36m(ElasticFullyAsyncRollouter pid=3707180)[0m  'static/max_concurrent_samples': 16,
[36m(ElasticFullyAsyncRollouter pid=3707180)[0m  'static/max_queue_size': 576,
[36m(ElasticFullyAsyncRollouter pid=3707180)[0m  'static/max_required_samples': 576,
[36m(ElasticFullyAsyncRollouter pid=3707180)[0m  'static/required_samples': 64,
[36m(ElasticFullyAsyncRollouter pid=3707180)[0m  'static/staleness_threshold': 8}
[36m(ElasticFullyAsyncTrainer pid=3716643)[0m [FullyAsyncTrainer] sample collected 43/64. mq_len: 0
[36m(ElasticFullyAsyncTrainer pid=3716643)[0m [FullyAsyncTrainer] sample collected 44/64. mq_len: 0
[36m(ElasticFullyAsyncTrainer pid=3716643)[0m [FullyAsyncTrainer] sample collected 45/64. mq_len: 0
[36m(ElasticFullyAsyncTrainer pid=3716643)[0m [FullyAsyncTrainer] sample collected 46/64. mq_len: 0
[36m(ElasticFullyAsyncTrainer pid=3716643)[0m [FullyAsyncTrainer] sample collected 47/64. mq_len: 0
[36m(ElasticFullyAsyncTrainer pid=3716643)[0m [FullyAsyncTrainer] sample collected 48/64. mq_len: 0
[36m(ElasticFullyAsyncTrainer pid=3716643)[0m [FullyAsyncTrainer] sample collected 49/64. mq_len: 0
[36m(ElasticFullyAsyncRollouter pid=3707180)[0m [FullyAsyncRollouter][MonitorLoop][Statistics] {'count/dropped_stale_samples': 0,
[36m(ElasticFullyAsyncRollouter pid=3707180)[0m  'count/staleness_samples': 65,
[36m(ElasticFullyAsyncRollouter pid=3707180)[0m  'count/total_generated_samples': 177,
[36m(ElasticFullyAsyncRollouter pid=3707180)[0m  'monitor/active_tasks_size': 16,
[36m(ElasticFullyAsyncRollouter pid=3707180)[0m  'monitor/queue/mq_queue_size': 0,
[36m(ElasticFullyAsyncRollouter pid=3707180)[0m  'monitor/queue/pending_queue_size': 128,
[36m(ElasticFullyAsyncRollouter pid=3707180)[0m  'static/max_concurrent_samples': 16,
[36m(ElasticFullyAsyncRollouter pid=3707180)[0m  'static/max_queue_size': 576,
[36m(ElasticFullyAsyncRollouter pid=3707180)[0m  'static/max_required_samples': 576,
[36m(ElasticFullyAsyncRollouter pid=3707180)[0m  'static/required_samples': 64,
[36m(ElasticFullyAsyncRollouter pid=3707180)[0m  'static/staleness_threshold': 8}
[36m(ElasticFullyAsyncTrainer pid=3716643)[0m [FullyAsyncTrainer] sample collected 50/64. mq_len: 0
[36m(ElasticFullyAsyncTrainer pid=3716643)[0m [FullyAsyncTrainer] sample collected 51/64. mq_len: 0
[36m(ElasticFullyAsyncTrainer pid=3716643)[0m [FullyAsyncTrainer] sample collected 52/64. mq_len: 0
[36m(ElasticFullyAsyncTrainer pid=3716643)[0m [FullyAsyncTrainer] sample collected 53/64. mq_len: 0
[36m(ElasticFullyAsyncTrainer pid=3716643)[0m [FullyAsyncTrainer] sample collected 54/64. mq_len: 0
[36m(ElasticFullyAsyncTrainer pid=3716643)[0m [FullyAsyncTrainer] sample collected 55/64. mq_len: 0
[36m(ElasticFullyAsyncTrainer pid=3716643)[0m [FullyAsyncTrainer] sample collected 56/64. mq_len: 0
[36m(ElasticFullyAsyncRollouter pid=3707180)[0m [FullyAsyncRollouter][MonitorLoop][Statistics] {'count/dropped_stale_samples': 0,
[36m(ElasticFullyAsyncRollouter pid=3707180)[0m  'count/staleness_samples': 72,
[36m(ElasticFullyAsyncRollouter pid=3707180)[0m  'count/total_generated_samples': 184,
[36m(ElasticFullyAsyncRollouter pid=3707180)[0m  'monitor/active_tasks_size': 16,
[36m(ElasticFullyAsyncRollouter pid=3707180)[0m  'monitor/queue/mq_queue_size': 0,
[36m(ElasticFullyAsyncRollouter pid=3707180)[0m  'monitor/queue/pending_queue_size': 128,
[36m(ElasticFullyAsyncRollouter pid=3707180)[0m  'static/max_concurrent_samples': 16,
[36m(ElasticFullyAsyncRollouter pid=3707180)[0m  'static/max_queue_size': 576,
[36m(ElasticFullyAsyncRollouter pid=3707180)[0m  'static/max_required_samples': 576,
[36m(ElasticFullyAsyncRollouter pid=3707180)[0m  'static/required_samples': 64,
[36m(ElasticFullyAsyncRollouter pid=3707180)[0m  'static/staleness_threshold': 8}
[36m(ElasticFullyAsyncTrainer pid=3716643)[0m [FullyAsyncTrainer] sample collected 57/64. mq_len: 0
[36m(ElasticFullyAsyncTrainer pid=3716643)[0m [FullyAsyncTrainer] sample collected 58/64. mq_len: 0
[36m(ElasticFullyAsyncTrainer pid=3716643)[0m [FullyAsyncTrainer] sample collected 59/64. mq_len: 0
[36m(ElasticFullyAsyncTrainer pid=3716643)[0m [FullyAsyncTrainer] sample collected 60/64. mq_len: 0
[36m(ElasticFullyAsyncTrainer pid=3716643)[0m [FullyAsyncTrainer] sample collected 61/64. mq_len: 0
[36m(ElasticFullyAsyncTrainer pid=3716643)[0m [FullyAsyncTrainer] sample collected 62/64. mq_len: 0
[36m(ElasticFullyAsyncTrainer pid=3716643)[0m [FullyAsyncTrainer] sample collected 63/64. mq_len: 0
[36m(ElasticFullyAsyncTrainer pid=3716643)[0m [FullyAsyncTrainer] sample collected 64/64. mq_len: 0
[36m(ElasticFullyAsyncTrainer pid=3716643)[0m [FullyAsyncTrainer] Collected 64/64 samples. mq_len: 0
[36m(ElasticFullyAsyncTrainer pid=3716643)[0m [FullyAsyncTrainer] Loop collection completed: 64/64 samples, total wait time: 327.32 seconds. mq_len: 0
[36m(ElasticFullyAsyncTrainer pid=3716643)[0m [BatchUtils] Assembling batch from 64 RolloutSample objects
[36m(ElasticFullyAsyncTrainer pid=3716643)[0m [BatchUtils] Batch assembly completed in 0.25s
[36m(ElasticFullyAsyncRollouter pid=3707180)[0m [FullyAsyncRollouter][MonitorLoop][Statistics] {'count/dropped_stale_samples': 0,
[36m(ElasticFullyAsyncRollouter pid=3707180)[0m  'count/staleness_samples': 82,
[36m(ElasticFullyAsyncRollouter pid=3707180)[0m  'count/total_generated_samples': 194,
[36m(ElasticFullyAsyncRollouter pid=3707180)[0m  'monitor/active_tasks_size': 16,
[36m(ElasticFullyAsyncRollouter pid=3707180)[0m  'monitor/queue/mq_queue_size': 2,
[36m(ElasticFullyAsyncRollouter pid=3707180)[0m  'monitor/queue/pending_queue_size': 128,
[36m(ElasticFullyAsyncRollouter pid=3707180)[0m  'static/max_concurrent_samples': 16,
[36m(ElasticFullyAsyncRollouter pid=3707180)[0m  'static/max_queue_size': 576,
[36m(ElasticFullyAsyncRollouter pid=3707180)[0m  'static/max_required_samples': 576,
[36m(ElasticFullyAsyncRollouter pid=3707180)[0m  'static/required_samples': 64,
[36m(ElasticFullyAsyncRollouter pid=3707180)[0m  'static/staleness_threshold': 8}
[36m(ElasticFullyAsyncRollouter pid=3707180)[0m [FullyAsyncRollouter][MonitorLoop][Statistics] {'count/dropped_stale_samples': 0,
[36m(ElasticFullyAsyncRollouter pid=3707180)[0m  'count/staleness_samples': 86,
[36m(ElasticFullyAsyncRollouter pid=3707180)[0m  'count/total_generated_samples': 198,
[36m(ElasticFullyAsyncRollouter pid=3707180)[0m  'monitor/active_tasks_size': 16,
[36m(ElasticFullyAsyncRollouter pid=3707180)[0m  'monitor/queue/mq_queue_size': 6,
[36m(ElasticFullyAsyncRollouter pid=3707180)[0m  'monitor/queue/pending_queue_size': 128,
[36m(ElasticFullyAsyncRollouter pid=3707180)[0m  'static/max_concurrent_samples': 16,
[36m(ElasticFullyAsyncRollouter pid=3707180)[0m  'static/max_queue_size': 576,
[36m(ElasticFullyAsyncRollouter pid=3707180)[0m  'static/max_required_samples': 576,
[36m(ElasticFullyAsyncRollouter pid=3707180)[0m  'static/required_samples': 64,
[36m(ElasticFullyAsyncRollouter pid=3707180)[0m  'static/staleness_threshold': 8}
[36m(MessageQueue pid=3718065)[0m MessageQueue stats: produced=200, queue_size=8
[36m(ElasticFullyAsyncRollouter pid=3707180)[0m [FullyAsyncRollouter][MonitorLoop][Statistics] {'count/dropped_stale_samples': 0,
[36m(ElasticFullyAsyncRollouter pid=3707180)[0m  'count/staleness_samples': 92,
[36m(ElasticFullyAsyncRollouter pid=3707180)[0m  'count/total_generated_samples': 204,
[36m(ElasticFullyAsyncRollouter pid=3707180)[0m  'monitor/active_tasks_size': 16,
[36m(ElasticFullyAsyncRollouter pid=3707180)[0m  'monitor/queue/mq_queue_size': 12,
[36m(ElasticFullyAsyncRollouter pid=3707180)[0m  'monitor/queue/pending_queue_size': 128,
[36m(ElasticFullyAsyncRollouter pid=3707180)[0m  'static/max_concurrent_samples': 16,
[36m(ElasticFullyAsyncRollouter pid=3707180)[0m  'static/max_queue_size': 576,
[36m(ElasticFullyAsyncRollouter pid=3707180)[0m  'static/max_required_samples': 576,
[36m(ElasticFullyAsyncRollouter pid=3707180)[0m  'static/required_samples': 64,
[36m(ElasticFullyAsyncRollouter pid=3707180)[0m  'static/staleness_threshold': 8}
[36m(ElasticFullyAsyncRollouter pid=3707180)[0m [FullyAsyncRollouter][MonitorLoop][Statistics] {'count/dropped_stale_samples': 0,
[36m(ElasticFullyAsyncRollouter pid=3707180)[0m  'count/staleness_samples': 99,
[36m(ElasticFullyAsyncRollouter pid=3707180)[0m  'count/total_generated_samples': 211,
[36m(ElasticFullyAsyncRollouter pid=3707180)[0m  'monitor/active_tasks_size': 16,
[36m(ElasticFullyAsyncRollouter pid=3707180)[0m  'monitor/queue/mq_queue_size': 19,
[36m(ElasticFullyAsyncRollouter pid=3707180)[0m  'monitor/queue/pending_queue_size': 128,
[36m(ElasticFullyAsyncRollouter pid=3707180)[0m  'static/max_concurrent_samples': 16,
[36m(ElasticFullyAsyncRollouter pid=3707180)[0m  'static/max_queue_size': 576,
[36m(ElasticFullyAsyncRollouter pid=3707180)[0m  'static/max_required_samples': 576,
[36m(ElasticFullyAsyncRollouter pid=3707180)[0m  'static/required_samples': 64,
[36m(ElasticFullyAsyncRollouter pid=3707180)[0m  'static/staleness_threshold': 8}
[36m(ElasticFullyAsyncRollouter pid=3707180)[0m [FullyAsyncRollouter][MonitorLoop][Statistics] {'count/dropped_stale_samples': 0,
[36m(ElasticFullyAsyncRollouter pid=3707180)[0m  'count/staleness_samples': 107,
[36m(ElasticFullyAsyncRollouter pid=3707180)[0m  'count/total_generated_samples': 219,
[36m(ElasticFullyAsyncRollouter pid=3707180)[0m  'monitor/active_tasks_size': 16,
[36m(ElasticFullyAsyncRollouter pid=3707180)[0m  'monitor/queue/mq_queue_size': 27,
[36m(ElasticFullyAsyncRollouter pid=3707180)[0m  'monitor/queue/pending_queue_size': 128,
[36m(ElasticFullyAsyncRollouter pid=3707180)[0m  'static/max_concurrent_samples': 16,
[36m(ElasticFullyAsyncRollouter pid=3707180)[0m  'static/max_queue_size': 576,
[36m(ElasticFullyAsyncRollouter pid=3707180)[0m  'static/max_required_samples': 576,
[36m(ElasticFullyAsyncRollouter pid=3707180)[0m  'static/required_samples': 64,
[36m(ElasticFullyAsyncRollouter pid=3707180)[0m  'static/staleness_threshold': 8}
[36m(ElasticFullyAsyncTrainer pid=3716643)[0m [FullyAsyncTrainer] global_steps: 3 local_trigger_step: 1 trigger_parameter_sync_step: 1 23:44:57.426
[36m(vLLMHttpServer pid=3708955)[0m (Worker pid=3709978) WARNING 08-05 23:45:00 [layerwise.py:225] RotaryEmbedding: Failed to load weights
[36m(vLLMHttpServer pid=3708955)[0m (EngineCore pid=3709769) WARNING 08-05 23:45:00 [scheduler.py:1919] reset_connector called but no KV connector is configured.
[36m(ElasticFullyAsyncRollouter pid=3707180)[0m [FullyAsyncRollouter][RolloutResourceUtilization] raw active_count_history (timestamp, active_count, max_concurrent): [(1785972877.8406754, 15, 16), (1785972877.8407834, 16, 16), (1785972900.4197483, 15, 16), (1785972900.4197996, 16, 16), (1785972902.0172606, 15, 16), (1785972902.0172825, 16, 16), (1785972915.2003298, 15, 16), (1785972915.200386, 16, 16), (1785972923.9460146, 15, 16), (1785972923.9460385, 16, 16), (1785972934.0004685, 15, 16), (1785972934.0005145, 16, 16), (1785972938.268112, 15, 16), (1785972938.2681327, 16, 16), (1785972957.6548884, 15, 16), (1785972957.654936, 16, 16), (1785972965.0308337, 15, 16), (1785972965.0308547, 16, 16), (1785972988.5226898, 15, 16), (1785972988.522738, 16, 16), (1785972994.1579328, 15, 16), (1785972994.1579564, 16, 16), (1785972999.8486912, 15, 16), (1785972999.848738, 16, 16), (1785973023.3402386, 15, 16), (1785973023.340284, 16, 16), (1785973023.3779538, 15, 16), (1785973023.377974, 16, 16), (1785973034.465379, 15, 16), (1785973034.465426, 16, 16), (1785973056.311414, 15, 16), (1785973056.3114657, 16, 16), (1785973056.3695457, 15, 16), (1785973056.3695843, 16, 16), (1785973058.3116703, 15, 16), (1785973058.3116908, 16, 16), (1785973080.6239095, 15, 16), (1785973080.6239557, 16, 16), (1785973094.7904494, 15, 16), (1785973094.7904954, 16, 16), (1785973101.3554387, 15, 16), (1785973101.3554604, 16, 16), (1785973105.153531, 15, 16), (1785973105.1535892, 16, 16), (1785973108.4954686, 15, 16), (1785973108.49549, 16, 16), (1785973112.770905, 15, 16), (1785973112.7709265, 16, 16), (1785973141.8074815, 15, 16), (1785973141.8075285, 16, 16), (1785973146.3319962, 15, 16), (1785973146.332017, 16, 16), (1785973164.9268744, 15, 16), (1785973164.926924, 16, 16), (1785973165.0600724, 15, 16), (1785973165.0600948, 16, 16), (1785973174.4350674, 15, 16), (1785973174.435096, 16, 16), (1785973185.9770017, 15, 16), (1785973185.97706, 16, 16), (1785973191.0000234, 15, 16), (1785973191.0000446, 16, 16), (1785973194.6530519, 15, 16), (1785973194.6530728, 16, 16), (1785973196.0642412, 15, 16), (1785973196.0642915, 16, 16), (1785973205.2900414, 15, 16), (1785973205.2900655, 16, 16), (1785973218.8376338, 15, 16), (1785973218.837681, 16, 16), (1785973223.573582, 15, 16), (1785973223.573604, 16, 16), (1785973249.1776025, 15, 16), (1785973249.1776526, 16, 16), (1785973261.7038507, 15, 16), (1785973261.7039099, 16, 16), (1785973268.7123258, 15, 16), (1785973268.7123532, 16, 16), (1785973280.796508, 15, 16), (1785973280.7965634, 16, 16), (1785973316.4352868, 15, 16), (1785973316.4353375, 16, 16), (1785973321.0821943, 15, 16), (1785973321.0822172, 16, 16), (1785973329.4193718, 15, 16), (1785973329.4194305, 16, 16), (1785973341.5534842, 15, 16), (1785973341.5535407, 16, 16), (1785973341.7106402, 15, 16), (1785973341.7106607, 16, 16), (1785973342.9874842, 15, 16), (1785973342.987509, 16, 16), (1785973357.3782248, 15, 16), (1785973357.3782754, 16, 16), (1785973357.5332313, 15, 16), (1785973357.5332527, 16, 16), (1785973360.8605719, 15, 16), (1785973360.8605928, 16, 16), (1785973380.2626572, 15, 16), (1785973380.2627056, 16, 16), (1785973382.0424635, 15, 16), (1785973382.042486, 16, 16), (1785973405.267409, 15, 16), (1785973405.2674553, 16, 16), (1785973410.9210193, 15, 16), (1785973410.92104, 16, 16), (1785973421.5521908, 15, 16), (1785973421.5522387, 16, 16), (1785973434.0154042, 15, 16), (1785973434.0154555, 16, 16), (1785973437.0236752, 15, 16), (1785973437.0236979, 16, 16), (1785973438.3551648, 15, 16), (1785973438.355186, 16, 16), (1785973447.111982, 15, 16), (1785973447.1120288, 16, 16), (1785973474.8030558, 15, 16), (1785973474.80311, 16, 16), (1785973481.1227922, 15, 16), (1785973481.122814, 16, 16), (1785973482.5362353, 15, 16), (1785973482.536257, 16, 16), (1785973523.3345478, 15, 16), (1785973523.3355634, 15, 16)]
[36m(ElasticFullyAsyncRollouter pid=3707180)[0m [FullyAsyncRollouter][Public][reset_staleness] reset staleness_samples to: 43 idle_ratio: 0.0000 step_generated_samples(this_step): 61 rollout_resource_utilization: 1.0000 recent_history(last 10 steps): [(2, 94), (3, 65), (4, 61)]
[36m(ElasticFullyAsyncTrainer pid=3716643)[0m [FullyAsyncTrainer] _fit_update_weights, timing_s/param_sync: 3.0133 seconds self.current_param_version: 3
[36m(ElasticFullyAsyncTrainer pid=3716643)[0m step:3 - fully_async/rollouter/active_time:645.4948341846466 - fully_async/rollouter/version_time:645.4948341846466 - fully_async/rollouter/idle_ratio:0 - fully_async/rollouter/step_generated_samples:61 - dynamic_resource/rollout_resource_utilization:0.9999996779199885
[36m(ElasticFullyAsyncTrainer pid=3716643)[0m aggregated metrics done. cost 0.0002 seconds.
[36m(ElasticFullyAsyncTrainer pid=3716643)[0m step:3 - training/global_step:2.0 - training/epoch:0.0 - fully_async/count/stale_trajectory_processed:262.0 - fully_async/count/current_param_version:1.0 - fully_async/processing_time/avg:116.30127363665463 - fully_async/processing_time/max:193.31656572199427 - fully_async/processing_time/min:5.923685014015064 - fully_async/processing_time/tp50:129.9142484664917 - fully_async/processing_time/tp99:186.35432524283357 - fully_async/processing_time/tp95:175.65333379321675 - fully_async/monitor/active_tasks_size:16.0 - fully_async/monitor/queue/pending_queue_size:128.0 - fully_async/monitor/queue/mq_queue_size:0.0 - fully_async/count/total_generated_samples:64.0 - fully_async/count/staleness_samples:81.0 - fully_async/count/dropped_stale_samples:0.0 - fully_async/static/max_required_samples:576.0 - fully_async/static/required_samples:64.0 - fully_async/static/staleness_threshold:8.0 - fully_async/static/max_queue_size:576.0 - fully_async/static/max_concurrent_samples:16.0 - fully_async/partial/total_partial_num:98.0 - fully_async/partial/partial_ratio:0.19140625 - fully_async/partial/max_partial_span:1.0 - timing_s/agent_loop/tool_calls/max:0.0 - timing_s/agent_loop/tool_calls/min:0.0 - timing_s/agent_loop/tool_calls/mean:0.0 - fully_async/total_wait_time:333.7781882286072 - actor/pg_clipfrac:0.00036751885568139076 - actor/ppo_kl:0.000765133034553667 - actor/pg_clipfrac_lower:5.501539882810179e-07 - actor/pg_loss:0.03085479225637755 - actor/loss:0.030854791402816772 - actor/grad_norm:0.03155333176255226 - actor/lr:1e-06 - actor/perf/max_memory_allocated_gb:46.34761428833008 - actor/perf/max_memory_reserved_gb:73.48046875 - actor/perf/cpu_memory_used_gb:108.48018264770508 - perf/mfu/actor:0.31193883776098325 - dynamic_resource/train_compute_time_s:273.9827555959928 - dynamic_resource/train_allocated_time_s:614.9907650947571 - critic/score/mean:0.20445731282234192 - critic/score/max:1.0 - critic/score/min:0.0 - critic/rewards/mean:0.20445731282234192 - critic/rewards/max:1.0 - critic/rewards/min:0.0 - critic/advantages/mean:-0.03084290400147438 - critic/advantages/max:2.4748666286468506 - critic/advantages/min:-2.4748666286468506 - critic/returns/mean:-0.03084290400147438 - critic/returns/max:2.4748666286468506 - critic/returns/min:-2.4748666286468506 - response_length/mean:11101.1328125 - response_length/max:16384.0 - response_length/min:512.0 - response_length/clip_ratio:0.1171875 - response_length_non_aborted/mean:11101.1328125 - response_length_non_aborted/max:16384.0 - response_length_non_aborted/min:512.0 - response_length_non_aborted/clip_ratio:0.1171875 - response/aborted_ratio:0.0 - prompt_length/mean:471.359375 - prompt_length/max:886.0 - prompt_length/min:94.0 - prompt_length/clip_ratio:0.0 - num_turns/min:2.0 - num_turns/max:2.0 - num_turns/mean:2.0 - timing_s/start_profile:5.040026735514402e-06 - timing_s/gen:334.2053969320259 - timing_s/reward:2.387998392805457e-05 - timing_s/adv:0.009672927029896528 - timing_s/update_actor:273.97305878897896 - timing_s/timing_s/param_sync:2.589212231046986 - timing_s/step:614.9907830089796 - timing_s/stop_profile:4.762026946991682e-06 - timing_per_token_ms/adv:1.6325295622729626e-06 - timing_per_token_ms/update_actor:0.046239273423335336 - timing_per_token_ms/gen:0.05879984744870947 - perf/total_num_tokens:5925116.0 - perf/time_per_step:614.9907830089796 - perf/throughput:4817.2396755363125 - dynamic_resource/mq_size:31.0 - fully_async/trainer/idle_ratio:0.5434315540419182 - dynamic_resource/train_resource_utilization:0.44550710538519683 - dynamic_resource/rollout_resource_utilization:0.9999996779199885 - dynamic_resource/resource_utilization:0.7227533916525927
[36m(ElasticFullyAsyncTrainer pid=3716643)[0m [FullyAsyncTrainer] Requesting 64 samples from queue
[36m(ElasticFullyAsyncTrainer pid=3716643)[0m [FullyAsyncTrainer] sample collected 1/64. mq_len: 27
[36m(ElasticFullyAsyncTrainer pid=3716643)[0m [FullyAsyncTrainer] sample collected 2/64. mq_len: 26
[36m(ElasticFullyAsyncTrainer pid=3716643)[0m [FullyAsyncTrainer] sample collected 3/64. mq_len: 25
[36m(ElasticFullyAsyncTrainer pid=3716643)[0m [FullyAsyncTrainer] sample collected 4/64. mq_len: 24
[36m(ElasticFullyAsyncTrainer pid=3716643)[0m [FullyAsyncTrainer] sample collected 5/64. mq_len: 23
[36m(ElasticFullyAsyncTrainer pid=3716643)[0m [FullyAsyncTrainer] sample collected 6/64. mq_len: 22
[36m(ElasticFullyAsyncTrainer pid=3716643)[0m Training Progress:   4%|▍         | 3/80 [36:06<14:50:46, 694.10s/it]
[36m(ElasticFullyAsyncTrainer pid=3716643)[0m [FullyAsyncTrainer] sample collected 7/64. mq_len: 21
[36m(ElasticFullyAsyncTrainer pid=3716643)[0m [FullyAsyncTrainer] sample collected 8/64. mq_len: 20
[36m(ElasticFullyAsyncTrainer pid=3716643)[0m [FullyAsyncTrainer] sample collected 9/64. mq_len: 19
[36m(ElasticFullyAsyncTrainer pid=3716643)[0m [FullyAsyncTrainer] sample collected 10/64. mq_len: 18
[36m(ElasticFullyAsyncTrainer pid=3716643)[0m [FullyAsyncTrainer] sample collected 11/64. mq_len: 17
[36m(ElasticFullyAsyncTrainer pid=3716643)[0m [FullyAsyncTrainer] sample collected 12/64. mq_len: 16
[36m(ElasticFullyAsyncTrainer pid=3716643)[0m [FullyAsyncTrainer] sample collected 13/64. mq_len: 15
[36m(ElasticFullyAsyncTrainer pid=3716643)[0m [FullyAsyncTrainer] sample collected 14/64. mq_len: 14
[36m(ElasticFullyAsyncTrainer pid=3716643)[0m [FullyAsyncTrainer] sample collected 15/64. mq_len: 13
[36m(ElasticFullyAsyncTrainer pid=3716643)[0m [FullyAsyncTrainer] sample collected 16/64. mq_len: 12
[36m(ElasticFullyAsyncTrainer pid=3716643)[0m [FullyAsyncTrainer] sample collected 17/64. mq_len: 11
[36m(ElasticFullyAsyncTrainer pid=3716643)[0m [FullyAsyncTrainer] sample collected 18/64. mq_len: 10
[36m(ElasticFullyAsyncTrainer pid=3716643)[0m [FullyAsyncTrainer] sample collected 19/64. mq_len: 9
[36m(ElasticFullyAsyncTrainer pid=3716643)[0m [FullyAsyncTrainer] sample collected 20/64. mq_len: 8
[36m(ElasticFullyAsyncTrainer pid=3716643)[0m [FullyAsyncTrainer] sample collected 21/64. mq_len: 7
[36m(ElasticFullyAsyncTrainer pid=3716643)[0m [FullyAsyncTrainer] sample collected 22/64. mq_len: 6
[36m(ElasticFullyAsyncTrainer pid=3716643)[0m [FullyAsyncTrainer] sample collected 23/64. mq_len: 5
[36m(ElasticFullyAsyncTrainer pid=3716643)[0m [FullyAsyncTrainer] sample collected 24/64. mq_len: 4
[36m(ElasticFullyAsyncTrainer pid=3716643)[0m [FullyAsyncTrainer] sample collected 25/64. mq_len: 3
[36m(ElasticFullyAsyncTrainer pid=3716643)[0m [FullyAsyncTrainer] sample collected 26/64. mq_len: 2
[36m(ElasticFullyAsyncTrainer pid=3716643)[0m [FullyAsyncTrainer] sample collected 27/64. mq_len: 1
[36m(ElasticFullyAsyncTrainer pid=3716643)[0m [FullyAsyncTrainer] sample collected 28/64. mq_len: 0
[36m(ElasticFullyAsyncTrainer pid=3716643)[0m [FullyAsyncTrainer] sample collected 29/64. mq_len: 0
[36m(ElasticFullyAsyncTrainer pid=3716643)[0m [FullyAsyncTrainer] sample collected 30/64. mq_len: 0
[36m(ElasticFullyAsyncRollouter pid=3707180)[0m [FullyAsyncRollouter][MonitorLoop][Statistics] {'count/dropped_stale_samples': 0,
[36m(ElasticFullyAsyncRollouter pid=3707180)[0m  'count/staleness_samples': 46,
[36m(ElasticFullyAsyncRollouter pid=3707180)[0m  'count/total_generated_samples': 222,
[36m(ElasticFullyAsyncRollouter pid=3707180)[0m  'monitor/active_tasks_size': 16,
[36m(ElasticFullyAsyncRollouter pid=3707180)[0m  'monitor/queue/mq_queue_size': 0,
[36m(ElasticFullyAsyncRollouter pid=3707180)[0m  'monitor/queue/pending_queue_size': 128,
[36m(ElasticFullyAsyncRollouter pid=3707180)[0m  'static/max_concurrent_samples': 16,
[36m(ElasticFullyAsyncRollouter pid=3707180)[0m  'static/max_queue_size': 576,
[36m(ElasticFullyAsyncRollouter pid=3707180)[0m  'static/max_required_samples': 576,
[36m(ElasticFullyAsyncRollouter pid=3707180)[0m  'static/required_samples': 64,
[36m(ElasticFullyAsyncRollouter pid=3707180)[0m  'static/staleness_threshold': 8}
[36m(ElasticFullyAsyncTrainer pid=3716643)[0m [FullyAsyncTrainer] sample collected 31/64. mq_len: 0
[36m(ElasticFullyAsyncTrainer pid=3716643)[0m [FullyAsyncTrainer] sample collected 32/64. mq_len: 0
[36m(ElasticFullyAsyncTrainer pid=3716643)[0m [FullyAsyncTrainer] sample collected 33/64. mq_len: 0
[36m(ElasticFullyAsyncTrainer pid=3716643)[0m [FullyAsyncTrainer] sample collected 34/64. mq_len: 0
[36m(ElasticFullyAsyncTrainer pid=3716643)[0m [FullyAsyncTrainer] sample collected 35/64. mq_len: 0
[36m(ElasticFullyAsyncTrainer pid=3716643)[0m [FullyAsyncTrainer] sample collected 36/64. mq_len: 0
[36m(ElasticFullyAsyncTrainer pid=3716643)[0m [FullyAsyncTrainer] sample collected 37/64. mq_len: 0
[36m(ElasticFullyAsyncRollouter pid=3707180)[0m [FullyAsyncRollouter][MonitorLoop][Statistics] {'count/dropped_stale_samples': 0,
[36m(ElasticFullyAsyncRollouter pid=3707180)[0m  'count/staleness_samples': 53,
[36m(ElasticFullyAsyncRollouter pid=3707180)[0m  'count/total_generated_samples': 229,
[36m(ElasticFullyAsyncRollouter pid=3707180)[0m  'monitor/active_tasks_size': 16,
[36m(ElasticFullyAsyncRollouter pid=3707180)[0m  'monitor/queue/mq_queue_size': 0,
[36m(ElasticFullyAsyncRollouter pid=3707180)[0m  'monitor/queue/pending_queue_size': 128,
[36m(ElasticFullyAsyncRollouter pid=3707180)[0m  'static/max_concurrent_samples': 16,
[36m(ElasticFullyAsyncRollouter pid=3707180)[0m  'static/max_queue_size': 576,
[36m(ElasticFullyAsyncRollouter pid=3707180)[0m  'static/max_required_samples': 576,
[36m(ElasticFullyAsyncRollouter pid=3707180)[0m  'static/required_samples': 64,
[36m(ElasticFullyAsyncRollouter pid=3707180)[0m  'static/staleness_threshold': 8}
[36m(ElasticFullyAsyncTrainer pid=3716643)[0m [FullyAsyncTrainer] sample collected 38/64. mq_len: 0
[36m(ElasticFullyAsyncTrainer pid=3716643)[0m [FullyAsyncTrainer] sample collected 39/64. mq_len: 0
[36m(ElasticFullyAsyncTrainer pid=3716643)[0m [FullyAsyncTrainer] sample collected 40/64. mq_len: 0
[36m(ElasticFullyAsyncTrainer pid=3716643)[0m [FullyAsyncTrainer] sample collected 41/64. mq_len: 0
[36m(ElasticFullyAsyncTrainer pid=3716643)[0m [FullyAsyncTrainer] sample collected 42/64. mq_len: 0
[36m(ElasticFullyAsyncTrainer pid=3716643)[0m [FullyAsyncTrainer] sample collected 43/64. mq_len: 0
[36m(ElasticFullyAsyncTrainer pid=3716643)[0m [FullyAsyncTrainer] sample collected 44/64. mq_len: 0
[36m(ElasticFullyAsyncTrainer pid=3716643)[0m [FullyAsyncTrainer] sample collected 45/64. mq_len: 0
[36m(ElasticFullyAsyncRollouter pid=3707180)[0m [FullyAsyncRollouter][MonitorLoop][Statistics] {'count/dropped_stale_samples': 0,
[36m(ElasticFullyAsyncRollouter pid=3707180)[0m  'count/staleness_samples': 61,
[36m(ElasticFullyAsyncRollouter pid=3707180)[0m  'count/total_generated_samples': 237,
[36m(ElasticFullyAsyncRollouter pid=3707180)[0m  'monitor/active_tasks_size': 16,
[36m(ElasticFullyAsyncRollouter pid=3707180)[0m  'monitor/queue/mq_queue_size': 0,
[36m(ElasticFullyAsyncRollouter pid=3707180)[0m  'monitor/queue/pending_queue_size': 128,
[36m(ElasticFullyAsyncRollouter pid=3707180)[0m  'static/max_concurrent_samples': 16,
[36m(ElasticFullyAsyncRollouter pid=3707180)[0m  'static/max_queue_size': 576,
[36m(ElasticFullyAsyncRollouter pid=3707180)[0m  'static/max_required_samples': 576,
[36m(ElasticFullyAsyncRollouter pid=3707180)[0m  'static/required_samples': 64,
[36m(ElasticFullyAsyncRollouter pid=3707180)[0m  'static/staleness_threshold': 8}
[36m(ElasticFullyAsyncTrainer pid=3716643)[0m [FullyAsyncTrainer] sample collected 46/64. mq_len: 0
[36m(ElasticFullyAsyncTrainer pid=3716643)[0m [FullyAsyncTrainer] sample collected 47/64. mq_len: 0
[36m(ElasticFullyAsyncTrainer pid=3716643)[0m [FullyAsyncTrainer] sample collected 48/64. mq_len: 0
[36m(ElasticFullyAsyncRollouter pid=3707180)[0m [FullyAsyncRollouter][MonitorLoop][Statistics] {'count/dropped_stale_samples': 0,
[36m(ElasticFullyAsyncRollouter pid=3707180)[0m  'count/staleness_samples': 64,
[36m(ElasticFullyAsyncRollouter pid=3707180)[0m  'count/total_generated_samples': 240,
[36m(ElasticFullyAsyncRollouter pid=3707180)[0m  'monitor/active_tasks_size': 16,
[36m(ElasticFullyAsyncRollouter pid=3707180)[0m  'monitor/queue/mq_queue_size': 0,
[36m(ElasticFullyAsyncRollouter pid=3707180)[0m  'monitor/queue/pending_queue_size': 128,
[36m(ElasticFullyAsyncRollouter pid=3707180)[0m  'static/max_concurrent_samples': 16,
[36m(ElasticFullyAsyncRollouter pid=3707180)[0m  'static/max_queue_size': 576,
[36m(ElasticFullyAsyncRollouter pid=3707180)[0m  'static/max_required_samples': 576,
[36m(ElasticFullyAsyncRollouter pid=3707180)[0m  'static/required_samples': 64,
[36m(ElasticFullyAsyncRollouter pid=3707180)[0m  'static/staleness_threshold': 8}
[36m(ElasticFullyAsyncTrainer pid=3716643)[0m [FullyAsyncTrainer] sample collected 49/64. mq_len: 0
[36m(ElasticFullyAsyncTrainer pid=3716643)[0m [FullyAsyncTrainer] sample collected 50/64. mq_len: 0
[36m(ElasticFullyAsyncTrainer pid=3716643)[0m [FullyAsyncTrainer] sample collected 51/64. mq_len: 0
[36m(ElasticFullyAsyncTrainer pid=3716643)[0m [FullyAsyncTrainer] sample collected 52/64. mq_len: 0
[36m(ElasticFullyAsyncTrainer pid=3716643)[0m [FullyAsyncTrainer] sample collected 53/64. mq_len: 0
[36m(ElasticFullyAsyncTrainer pid=3716643)[0m [FullyAsyncTrainer] sample collected 54/64. mq_len: 0
[36m(ElasticFullyAsyncTrainer pid=3716643)[0m [FullyAsyncTrainer] sample collected 55/64. mq_len: 0
[36m(ElasticFullyAsyncRollouter pid=3707180)[0m [FullyAsyncRollouter][MonitorLoop][Statistics] {'count/dropped_stale_samples': 0,
[36m(ElasticFullyAsyncRollouter pid=3707180)[0m  'count/staleness_samples': 71,
[36m(ElasticFullyAsyncRollouter pid=3707180)[0m  'count/total_generated_samples': 247,
[36m(ElasticFullyAsyncRollouter pid=3707180)[0m  'monitor/active_tasks_size': 16,
[36m(ElasticFullyAsyncRollouter pid=3707180)[0m  'monitor/queue/mq_queue_size': 0,
[36m(ElasticFullyAsyncRollouter pid=3707180)[0m  'monitor/queue/pending_queue_size': 128,
[36m(ElasticFullyAsyncRollouter pid=3707180)[0m  'static/max_concurrent_samples': 16,
[36m(ElasticFullyAsyncRollouter pid=3707180)[0m  'static/max_queue_size': 576,
[36m(ElasticFullyAsyncRollouter pid=3707180)[0m  'static/max_required_samples': 576,
[36m(ElasticFullyAsyncRollouter pid=3707180)[0m  'static/required_samples': 64,
[36m(ElasticFullyAsyncRollouter pid=3707180)[0m  'static/staleness_threshold': 8}
[36m(ElasticFullyAsyncTrainer pid=3716643)[0m [FullyAsyncTrainer] sample collected 56/64. mq_len: 0
[36m(ElasticFullyAsyncTrainer pid=3716643)[0m [FullyAsyncTrainer] sample collected 57/64. mq_len: 0
[36m(ElasticFullyAsyncTrainer pid=3716643)[0m [FullyAsyncTrainer] sample collected 58/64. mq_len: 0
[36m(ElasticFullyAsyncTrainer pid=3716643)[0m [FullyAsyncTrainer] sample collected 59/64. mq_len: 0
[36m(ElasticFullyAsyncTrainer pid=3716643)[0m [FullyAsyncTrainer] sample collected 60/64. mq_len: 0
[36m(ElasticFullyAsyncTrainer pid=3716643)[0m [FullyAsyncTrainer] sample collected 61/64. mq_len: 0
[36m(ElasticFullyAsyncTrainer pid=3716643)[0m [FullyAsyncTrainer] sample collected 62/64. mq_len: 0
[36m(ElasticFullyAsyncTrainer pid=3716643)[0m [FullyAsyncTrainer] sample collected 63/64. mq_len: 0
[36m(ElasticFullyAsyncRollouter pid=3707180)[0m [FullyAsyncRollouter][MonitorLoop][Statistics] {'count/dropped_stale_samples': 0,
[36m(ElasticFullyAsyncRollouter pid=3707180)[0m  'count/staleness_samples': 79,
[36m(ElasticFullyAsyncRollouter pid=3707180)[0m  'count/total_generated_samples': 255,
[36m(ElasticFullyAsyncRollouter pid=3707180)[0m  'monitor/active_tasks_size': 16,
[36m(ElasticFullyAsyncRollouter pid=3707180)[0m  'monitor/queue/mq_queue_size': 0,
[36m(ElasticFullyAsyncRollouter pid=3707180)[0m  'monitor/queue/pending_queue_size': 128,
[36m(ElasticFullyAsyncRollouter pid=3707180)[0m  'static/max_concurrent_samples': 16,
[36m(ElasticFullyAsyncRollouter pid=3707180)[0m  'static/max_queue_size': 576,
[36m(ElasticFullyAsyncRollouter pid=3707180)[0m  'static/max_required_samples': 576,
[36m(ElasticFullyAsyncRollouter pid=3707180)[0m  'static/required_samples': 64,
[36m(ElasticFullyAsyncRollouter pid=3707180)[0m  'static/staleness_threshold': 8}
[36m(ElasticFullyAsyncTrainer pid=3716643)[0m [FullyAsyncTrainer] sample collected 64/64. mq_len: 0
[36m(ElasticFullyAsyncTrainer pid=3716643)[0m [FullyAsyncTrainer] Collected 64/64 samples. mq_len: 0
[36m(ElasticFullyAsyncTrainer pid=3716643)[0m [FullyAsyncTrainer] Loop collection completed: 64/64 samples, total wait time: 367.10 seconds. mq_len: 0
[36m(ElasticFullyAsyncTrainer pid=3716643)[0m [BatchUtils] Assembling batch from 64 RolloutSample objects
[36m(ElasticFullyAsyncTrainer pid=3716643)[0m [BatchUtils] Batch assembly completed in 0.28s
[36m(ElasticFullyAsyncRollouter pid=3707180)[0m [FullyAsyncRollouter][MonitorLoop][Statistics] {'count/dropped_stale_samples': 0,
[36m(ElasticFullyAsyncRollouter pid=3707180)[0m  'count/staleness_samples': 88,
[36m(ElasticFullyAsyncRollouter pid=3707180)[0m  'count/total_generated_samples': 264,
[36m(ElasticFullyAsyncRollouter pid=3707180)[0m  'monitor/active_tasks_size': 16,
[36m(ElasticFullyAsyncRollouter pid=3707180)[0m  'monitor/queue/mq_queue_size': 8,
[36m(ElasticFullyAsyncRollouter pid=3707180)[0m  'monitor/queue/pending_queue_size': 128,
[36m(ElasticFullyAsyncRollouter pid=3707180)[0m  'static/max_concurrent_samples': 16,
[36m(ElasticFullyAsyncRollouter pid=3707180)[0m  'static/max_queue_size': 576,
[36m(ElasticFullyAsyncRollouter pid=3707180)[0m  'static/max_required_samples': 576,
[36m(ElasticFullyAsyncRollouter pid=3707180)[0m  'static/required_samples': 64,
[36m(ElasticFullyAsyncRollouter pid=3707180)[0m  'static/staleness_threshold': 8}
[36m(ElasticFullyAsyncRollouter pid=3707180)[0m [FullyAsyncRollouter][MonitorLoop][Statistics] {'count/dropped_stale_samples': 0,
[36m(ElasticFullyAsyncRollouter pid=3707180)[0m  'count/staleness_samples': 95,
[36m(ElasticFullyAsyncRollouter pid=3707180)[0m  'count/total_generated_samples': 271,
[36m(ElasticFullyAsyncRollouter pid=3707180)[0m  'monitor/active_tasks_size': 16,
[36m(ElasticFullyAsyncRollouter pid=3707180)[0m  'monitor/queue/mq_queue_size': 15,
[36m(ElasticFullyAsyncRollouter pid=3707180)[0m  'monitor/queue/pending_queue_size': 128,
[36m(ElasticFullyAsyncRollouter pid=3707180)[0m  'static/max_concurrent_samples': 16,
[36m(ElasticFullyAsyncRollouter pid=3707180)[0m  'static/max_queue_size': 576,
[36m(ElasticFullyAsyncRollouter pid=3707180)[0m  'static/max_required_samples': 576,
[36m(ElasticFullyAsyncRollouter pid=3707180)[0m  'static/required_samples': 64,
[36m(ElasticFullyAsyncRollouter pid=3707180)[0m  'static/staleness_threshold': 8}
[36m(ElasticFullyAsyncRollouter pid=3707180)[0m [FullyAsyncRollouter][MonitorLoop][Statistics] {'count/dropped_stale_samples': 0,
[36m(ElasticFullyAsyncRollouter pid=3707180)[0m  'count/staleness_samples': 106,
[36m(ElasticFullyAsyncRollouter pid=3707180)[0m  'count/total_generated_samples': 282,
[36m(ElasticFullyAsyncRollouter pid=3707180)[0m  'monitor/active_tasks_size': 16,
[36m(ElasticFullyAsyncRollouter pid=3707180)[0m  'monitor/queue/mq_queue_size': 26,
[36m(ElasticFullyAsyncRollouter pid=3707180)[0m  'monitor/queue/pending_queue_size': 128,
[36m(ElasticFullyAsyncRollouter pid=3707180)[0m  'static/max_concurrent_samples': 16,
[36m(ElasticFullyAsyncRollouter pid=3707180)[0m  'static/max_queue_size': 576,
[36m(ElasticFullyAsyncRollouter pid=3707180)[0m  'static/max_required_samples': 576,
[36m(ElasticFullyAsyncRollouter pid=3707180)[0m  'static/required_samples': 64,
[36m(ElasticFullyAsyncRollouter pid=3707180)[0m  'static/staleness_threshold': 8}
[36m(ElasticFullyAsyncRollouter pid=3707180)[0m [FullyAsyncRollouter][MonitorLoop][Statistics] {'count/dropped_stale_samples': 0,
[36m(ElasticFullyAsyncRollouter pid=3707180)[0m  'count/staleness_samples': 110,
[36m(ElasticFullyAsyncRollouter pid=3707180)[0m  'count/total_generated_samples': 286,
[36m(ElasticFullyAsyncRollouter pid=3707180)[0m  'monitor/active_tasks_size': 16,
[36m(ElasticFullyAsyncRollouter pid=3707180)[0m  'monitor/queue/mq_queue_size': 30,
[36m(ElasticFullyAsyncRollouter pid=3707180)[0m  'monitor/queue/pending_queue_size': 128,
[36m(ElasticFullyAsyncRollouter pid=3707180)[0m  'static/max_concurrent_samples': 16,
[36m(ElasticFullyAsyncRollouter pid=3707180)[0m  'static/max_queue_size': 576,
[36m(ElasticFullyAsyncRollouter pid=3707180)[0m  'static/max_required_samples': 576,
[36m(ElasticFullyAsyncRollouter pid=3707180)[0m  'static/required_samples': 64,
[36m(ElasticFullyAsyncRollouter pid=3707180)[0m  'static/staleness_threshold': 8}
[36m(ElasticFullyAsyncTrainer pid=3716643)[0m [FullyAsyncTrainer] global_steps: 4 local_trigger_step: 1 trigger_parameter_sync_step: 1 23:56:37.652
[36m(vLLMHttpServer pid=3708955)[0m (Worker pid=3709978) WARNING 08-05 23:56:40 [layerwise.py:225] RotaryEmbedding: Failed to load weights
[36m(vLLMHttpServer pid=3708955)[0m (EngineCore pid=3709769) WARNING 08-05 23:56:40 [scheduler.py:1919] reset_connector called but no KV connector is configured.
[36m(ElasticFullyAsyncRollouter pid=3707180)[0m [FullyAsyncRollouter][RolloutResourceUtilization] raw active_count_history (timestamp, active_count, max_concurrent): [(1785973523.3358119, 15, 16), (1785973523.335894, 16, 16), (1785973532.8800528, 15, 16), (1785973532.8800755, 16, 16), (1785973537.5501049, 15, 16), (1785973537.5501494, 16, 16), (1785973554.8920724, 15, 16), (1785973554.892119, 16, 16), (1785973559.9064136, 15, 16), (1785973559.9064348, 16, 16), (1785973588.1840522, 15, 16), (1785973588.1841023, 16, 16), (1785973594.1235876, 15, 16), (1785973594.1236148, 16, 16), (1785973598.8456516, 15, 16), (1785973598.8457096, 16, 16), (1785973600.6679385, 15, 16), (1785973600.667964, 16, 16), (1785973606.7077596, 15, 16), (1785973606.7077851, 16, 16), (1785973623.6272352, 15, 16), (1785973623.6272836, 16, 16), (1785973626.459524, 15, 16), (1785973626.4595463, 16, 16), (1785973626.6726549, 15, 16), (1785973626.6726794, 16, 16), (1785973628.528751, 15, 16), (1785973628.5287743, 16, 16), (1785973630.6618488, 15, 16), (1785973630.66187, 16, 16), (1785973638.4750247, 15, 16), (1785973638.4750698, 16, 16), (1785973660.284744, 15, 16), (1785973660.2847936, 16, 16), (1785973669.586824, 15, 16), (1785973669.5868478, 16, 16), (1785973688.2349284, 15, 16), (1785973688.2349794, 16, 16), (1785973699.7758949, 15, 16), (1785973699.7759411, 16, 16), (1785973724.629454, 15, 16), (1785973724.62951, 16, 16), (1785973739.4740713, 15, 16), (1785973739.4741194, 16, 16), (1785973774.153198, 15, 16), (1785973774.1532469, 16, 16), (1785973780.2110012, 15, 16), (1785973780.2110257, 16, 16), (1785973782.8482475, 15, 16), (1785973782.848275, 16, 16), (1785973787.3377275, 15, 16), (1785973787.3377745, 16, 16), (1785973790.998227, 15, 16), (1785973790.9982471, 16, 16), (1785973792.7800667, 15, 16), (1785973792.7800884, 16, 16), (1785973810.7439191, 15, 16), (1785973810.7439668, 16, 16), (1785973814.0370228, 15, 16), (1785973814.0370483, 16, 16), (1785973816.3787534, 15, 16), (1785973816.3788037, 16, 16), (1785973818.236228, 15, 16), (1785973818.2362523, 16, 16), (1785973826.3620987, 15, 16), (1785973826.362157, 16, 16), (1785973842.080464, 15, 16), (1785973842.0805054, 16, 16), (1785973848.989702, 15, 16), (1785973848.989724, 16, 16), (1785973877.8043919, 15, 16), (1785973877.8044393, 16, 16), (1785973890.5634542, 15, 16), (1785973890.5636065, 16, 16), (1785973913.7613893, 15, 16), (1785973913.7614396, 16, 16), (1785973921.7708564, 15, 16), (1785973921.7708817, 16, 16), (1785973927.774636, 15, 16), (1785973927.774682, 16, 16), (1785973929.4002488, 15, 16), (1785973929.4002697, 16, 16), (1785973944.5815747, 15, 16), (1785973944.5816295, 16, 16), (1785973949.140261, 15, 16), (1785973949.1402826, 16, 16), (1785973950.0650885, 15, 16), (1785973950.0651135, 16, 16), (1785973952.675168, 15, 16), (1785973952.6751897, 16, 16), (1785973959.4209392, 15, 16), (1785973959.4209862, 16, 16), (1785973959.7849474, 15, 16), (1785973959.7849734, 16, 16), (1785973961.365522, 15, 16), (1785973961.3655474, 16, 16), (1785973983.050587, 15, 16), (1785973983.0506442, 16, 16), (1785973991.6062405, 15, 16), (1785973991.6062617, 16, 16), (1785973992.827962, 15, 16), (1785973992.8279839, 16, 16), (1785974012.3980734, 15, 16), (1785974012.3981159, 16, 16), (1785974033.5516543, 15, 16), (1785974033.5517015, 16, 16), (1785974043.9122188, 15, 16), (1785974043.912266, 16, 16), (1785974044.2475238, 15, 16), (1785974044.2475457, 16, 16), (1785974054.2991092, 15, 16), (1785974054.2991636, 16, 16), (1785974058.44395, 15, 16), (1785974058.443971, 16, 16), (1785974062.8019593, 15, 16), (1785974062.8019805, 16, 16), (1785974075.925941, 15, 16), (1785974075.9259865, 16, 16), (1785974078.8828948, 15, 16), (1785974078.8829148, 16, 16), (1785974084.1917145, 15, 16), (1785974084.191737, 16, 16), (1785974084.9047124, 15, 16), (1785974084.9047365, 16, 16), (1785974085.384667, 15, 16), (1785974085.3846905, 16, 16), (1785974098.4945865, 15, 16), (1785974098.4946342, 16, 16), (1785974110.5519366, 15, 16), (1785974110.5519903, 16, 16), (1785974118.777239, 15, 16), (1785974118.7772603, 16, 16), (1785974136.2841053, 15, 16), (1785974136.2841601, 16, 16), (1785974179.0532997, 15, 16), (1785974179.053348, 16, 16), (1785974182.4751503, 15, 16), (1785974182.4751754, 16, 16), (1785974190.8265507, 15, 16), (1785974190.8266208, 16, 16), (1785974214.1483035, 15, 16), (1785974214.1494083, 15, 16)]
[36m(ElasticFullyAsyncRollouter pid=3707180)[0m [FullyAsyncRollouter][Public][reset_staleness] reset staleness_samples to: 49 idle_ratio: 0.0000 step_generated_samples(this_step): 70 rollout_resource_utilization: 1.0000 recent_history(last 10 steps): [(2, 94), (3, 65), (4, 61), (5, 70)]
[36m(ElasticFullyAsyncTrainer pid=3716643)[0m [FullyAsyncTrainer] _fit_update_weights, timing_s/param_sync: 3.1945 seconds self.current_param_version: 4
[36m(ElasticFullyAsyncTrainer pid=3716643)[0m step:4 - fully_async/rollouter/active_time:690.8135411739349 - fully_async/rollouter/version_time:690.8135411739349 - fully_async/rollouter/idle_ratio:0 - fully_async/rollouter/step_generated_samples:70 - dynamic_resource/rollout_resource_utilization:0.999999655843446
[36m(ElasticFullyAsyncTrainer pid=3716643)[0m aggregated metrics done. cost 0.0003 seconds.
[36m(ElasticFullyAsyncTrainer pid=3716643)[0m step:4 - training/global_step:3.0 - training/epoch:0.0 - fully_async/count/stale_trajectory_processed:523.0 - fully_async/count/current_param_version:2.0 - fully_async/processing_time/avg:129.79359286690828 - fully_async/processing_time/max:202.59041496395366 - fully_async/processing_time/min:9.845682463026606 - fully_async/processing_time/tp50:141.78448082899558 - fully_async/processing_time/tp99:194.0692816332821 - fully_async/processing_time/tp95:185.83270536769706 - fully_async/monitor/active_tasks_size:16.0 - fully_async/monitor/queue/pending_queue_size:128.0 - fully_async/monitor/queue/mq_queue_size:0.0 - fully_async/count/total_generated_samples:128.0 - fully_async/count/staleness_samples:80.0 - fully_async/count/dropped_stale_samples:0.0 - fully_async/static/max_required_samples:576.0 - fully_async/static/required_samples:64.0 - fully_async/static/staleness_threshold:8.0 - fully_async/static/max_queue_size:576.0 - fully_async/static/max_concurrent_samples:16.0 - fully_async/partial/total_partial_num:107.0 - fully_async/partial/partial_ratio:0.208984375 - fully_async/partial/max_partial_span:1.0 - timing_s/agent_loop/tool_calls/max:0.0 - timing_s/agent_loop/tool_calls/min:0.0 - timing_s/agent_loop/tool_calls/mean:0.0 - fully_async/total_wait_time:327.32302165031433 - actor/pg_clipfrac:0.000376037660411536 - actor/ppo_kl:0.0007619361883826059 - actor/pg_clipfrac_lower:6.741965800453423e-07 - actor/pg_loss:0.034110065000277245 - actor/loss:0.03411006182432175 - actor/grad_norm:0.03425651416182518 - actor/lr:1e-06 - actor/perf/max_memory_allocated_gb:46.34761428833008 - actor/perf/max_memory_reserved_gb:73.544921875 - actor/perf/cpu_memory_used_gb:108.93427658081055 - perf/mfu/actor:0.31203251746513566 - dynamic_resource/train_compute_time_s:291.7361245629727 - dynamic_resource/train_allocated_time_s:645.361305475235 - critic/score/mean:0.1793736070394516 - critic/score/max:1.0 - critic/score/min:0.0 - critic/rewards/mean:0.1793736070394516 - critic/rewards/max:1.0 - critic/rewards/min:0.0 - critic/advantages/mean:-0.034085024148225784 - critic/advantages/max:2.4748666286468506 - critic/advantages/min:-2.44948148727417 - critic/returns/mean:-0.034085024148225784 - critic/returns/max:2.4748666286468506 - critic/returns/min:-2.44948148727417 - response_length/mean:11812.017578125 - response_length/max:16384.0 - response_length/min:801.0 - response_length/clip_ratio:0.150390625 - response_length_non_aborted/mean:11812.017578125 - response_length_non_aborted/max:16384.0 - response_length_non_aborted/min:801.0 - response_length_non_aborted/clip_ratio:0.150390625 - response/aborted_ratio:0.0 - prompt_length/mean:462.640625 - prompt_length/max:901.0 - prompt_length/min:137.0 - prompt_length/clip_ratio:0.0 - num_turns/min:2.0 - num_turns/max:2.0 - num_turns/mean:2.0 - timing_s/start_profile:5.237990990281105e-06 - timing_s/gen:327.7134407979902 - timing_s/reward:2.199597656726837e-05 - timing_s/adv:0.009832723997533321 - timing_s/update_actor:291.7262698429986 - timing_s/timing_s/param_sync:3.013256638951134 - timing_s/step:645.3613203989808 - timing_s/stop_profile:3.984023351222277e-06 - timing_per_token_ms/adv:1.5645681321532027e-06 - timing_per_token_ms/update_actor:0.04641904168395069 - timing_per_token_ms/gen:0.054187636432570935 - perf/total_num_tokens:6284625.0 - perf/time_per_step:645.3613203989808 - perf/throughput:4869.074734843627 - dynamic_resource/mq_size:28.0 - fully_async/trainer/idle_ratio:0.5077983920625866 - dynamic_resource/train_resource_utilization:0.452050846692989 - dynamic_resource/rollout_resource_utilization:0.999999655843446 - dynamic_resource/resource_utilization:0.7260252512682175
[36m(ElasticFullyAsyncTrainer pid=3716643)[0m [FullyAsyncTrainer] Requesting 64 samples from queue
[36m(ElasticFullyAsyncTrainer pid=3716643)[0m [FullyAsyncTrainer] sample collected 1/64. mq_len: 33
[36m(ElasticFullyAsyncTrainer pid=3716643)[0m [FullyAsyncTrainer] sample collected 2/64. mq_len: 32
[36m(ElasticFullyAsyncTrainer pid=3716643)[0m [FullyAsyncTrainer] sample collected 3/64. mq_len: 31
[36m(ElasticFullyAsyncTrainer pid=3716643)[0m Training Progress:   5%|▌         | 4/80 [47:37<14:37:33, 692.81s/it]
[36m(ElasticFullyAsyncTrainer pid=3716643)[0m [FullyAsyncTrainer] sample collected 4/64. mq_len: 30
[36m(ElasticFullyAsyncTrainer pid=3716643)[0m [FullyAsyncTrainer] sample collected 5/64. mq_len: 29
[36m(ElasticFullyAsyncTrainer pid=3716643)[0m [FullyAsyncTrainer] sample collected 6/64. mq_len: 28
[36m(ElasticFullyAsyncTrainer pid=3716643)[0m [FullyAsyncTrainer] sample collected 7/64. mq_len: 27
[36m(ElasticFullyAsyncTrainer pid=3716643)[0m [FullyAsyncTrainer] sample collected 8/64. mq_len: 26
[36m(ElasticFullyAsyncTrainer pid=3716643)[0m [FullyAsyncTrainer] sample collected 9/64. mq_len: 25
[36m(ElasticFullyAsyncTrainer pid=3716643)[0m [FullyAsyncTrainer] sample collected 10/64. mq_len: 24
[36m(ElasticFullyAsyncTrainer pid=3716643)[0m [FullyAsyncTrainer] sample collected 11/64. mq_len: 23
[36m(ElasticFullyAsyncTrainer pid=3716643)[0m [FullyAsyncTrainer] sample collected 12/64. mq_len: 22
[36m(ElasticFullyAsyncTrainer pid=3716643)[0m [FullyAsyncTrainer] sample collected 13/64. mq_len: 21
[36m(ElasticFullyAsyncTrainer pid=3716643)[0m [FullyAsyncTrainer] sample collected 14/64. mq_len: 20
[36m(ElasticFullyAsyncTrainer pid=3716643)[0m [FullyAsyncTrainer] sample collected 15/64. mq_len: 19
[36m(ElasticFullyAsyncTrainer pid=3716643)[0m [FullyAsyncTrainer] sample collected 16/64. mq_len: 18
[36m(ElasticFullyAsyncTrainer pid=3716643)[0m [FullyAsyncTrainer] sample collected 17/64. mq_len: 17
[36m(ElasticFullyAsyncTrainer pid=3716643)[0m [FullyAsyncTrainer] sample collected 18/64. mq_len: 16
[36m(ElasticFullyAsyncTrainer pid=3716643)[0m [FullyAsyncTrainer] sample collected 19/64. mq_len: 15
[36m(ElasticFullyAsyncTrainer pid=3716643)[0m [FullyAsyncTrainer] sample collected 20/64. mq_len: 14
[36m(ElasticFullyAsyncTrainer pid=3716643)[0m [FullyAsyncTrainer] sample collected 21/64. mq_len: 13
[36m(ElasticFullyAsyncTrainer pid=3716643)[0m [FullyAsyncTrainer] sample collected 22/64. mq_len: 12
[36m(ElasticFullyAsyncTrainer pid=3716643)[0m [FullyAsyncTrainer] sample collected 23/64. mq_len: 11
[36m(ElasticFullyAsyncTrainer pid=3716643)[0m [FullyAsyncTrainer] sample collected 24/64. mq_len: 10
[36m(ElasticFullyAsyncTrainer pid=3716643)[0m [FullyAsyncTrainer] sample collected 25/64. mq_len: 9
[36m(ElasticFullyAsyncTrainer pid=3716643)[0m [FullyAsyncTrainer] sample collected 26/64. mq_len: 8
[36m(ElasticFullyAsyncTrainer pid=3716643)[0m [FullyAsyncTrainer] sample collected 27/64. mq_len: 7
[36m(ElasticFullyAsyncTrainer pid=3716643)[0m [FullyAsyncTrainer] sample collected 28/64. mq_len: 6
[36m(ElasticFullyAsyncTrainer pid=3716643)[0m [FullyAsyncTrainer] sample collected 29/64. mq_len: 5
[36m(ElasticFullyAsyncTrainer pid=3716643)[0m [FullyAsyncTrainer] sample collected 30/64. mq_len: 4
[36m(ElasticFullyAsyncTrainer pid=3716643)[0m [FullyAsyncTrainer] sample collected 31/64. mq_len: 3
[36m(ElasticFullyAsyncTrainer pid=3716643)[0m [FullyAsyncTrainer] sample collected 32/64. mq_len: 2
[36m(ElasticFullyAsyncTrainer pid=3716643)[0m [FullyAsyncTrainer] sample collected 33/64. mq_len: 1
[36m(ElasticFullyAsyncTrainer pid=3716643)[0m [FullyAsyncTrainer] sample collected 34/64. mq_len: 0
[36m(ElasticFullyAsyncRollouter pid=3707180)[0m [FullyAsyncRollouter][MonitorLoop][Statistics] {'count/dropped_stale_samples': 0,
[36m(ElasticFullyAsyncRollouter pid=3707180)[0m  'count/staleness_samples': 50,
[36m(ElasticFullyAsyncRollouter pid=3707180)[0m  'count/total_generated_samples': 290,
[36m(ElasticFullyAsyncRollouter pid=3707180)[0m  'monitor/active_tasks_size': 16,
[36m(ElasticFullyAsyncRollouter pid=3707180)[0m  'monitor/queue/mq_queue_size': 0,
[36m(ElasticFullyAsyncRollouter pid=3707180)[0m  'monitor/queue/pending_queue_size': 128,
[36m(ElasticFullyAsyncRollouter pid=3707180)[0m  'static/max_concurrent_samples': 16,
[36m(ElasticFullyAsyncRollouter pid=3707180)[0m  'static/max_queue_size': 576,
[36m(ElasticFullyAsyncRollouter pid=3707180)[0m  'static/max_required_samples': 576,
[36m(ElasticFullyAsyncRollouter pid=3707180)[0m  'static/required_samples': 64,
[36m(ElasticFullyAsyncRollouter pid=3707180)[0m  'static/staleness_threshold': 8}
[36m(ElasticFullyAsyncTrainer pid=3716643)[0m [FullyAsyncTrainer] sample collected 35/64. mq_len: 0
[36m(ElasticFullyAsyncTrainer pid=3716643)[0m [FullyAsyncTrainer] sample collected 36/64. mq_len: 0
[36m(ElasticFullyAsyncTrainer pid=3716643)[0m [FullyAsyncTrainer] sample collected 37/64. mq_len: 0
[36m(ElasticFullyAsyncTrainer pid=3716643)[0m [FullyAsyncTrainer] sample collected 38/64. mq_len: 0
[36m(ElasticFullyAsyncTrainer pid=3716643)[0m [FullyAsyncTrainer] sample collected 39/64. mq_len: 0
[36m(ElasticFullyAsyncTrainer pid=3716643)[0m [FullyAsyncTrainer] sample collected 40/64. mq_len: 0
[36m(ElasticFullyAsyncTrainer pid=3716643)[0m [FullyAsyncTrainer] sample collected 41/64. mq_len: 0
[36m(ElasticFullyAsyncTrainer pid=3716643)[0m [FullyAsyncTrainer] sample collected 42/64. mq_len: 0
[36m(ElasticFullyAsyncTrainer pid=3716643)[0m [FullyAsyncTrainer] sample collected 43/64. mq_len: 0
[36m(ElasticFullyAsyncRollouter pid=3707180)[0m [FullyAsyncRollouter][MonitorLoop][Statistics] {'count/dropped_stale_samples': 0,
[36m(ElasticFullyAsyncRollouter pid=3707180)[0m  'count/staleness_samples': 59,
[36m(ElasticFullyAsyncRollouter pid=3707180)[0m  'count/total_generated_samples': 299,
[36m(ElasticFullyAsyncRollouter pid=3707180)[0m  'monitor/active_tasks_size': 16,
[36m(ElasticFullyAsyncRollouter pid=3707180)[0m  'monitor/queue/mq_queue_size': 0,
[36m(ElasticFullyAsyncRollouter pid=3707180)[0m  'monitor/queue/pending_queue_size': 128,
[36m(ElasticFullyAsyncRollouter pid=3707180)[0m  'static/max_concurrent_samples': 16,
[36m(ElasticFullyAsyncRollouter pid=3707180)[0m  'static/max_queue_size': 576,
[36m(ElasticFullyAsyncRollouter pid=3707180)[0m  'static/max_required_samples': 576,
[36m(ElasticFullyAsyncRollouter pid=3707180)[0m  'static/required_samples': 64,
[36m(ElasticFullyAsyncRollouter pid=3707180)[0m  'static/staleness_threshold': 8}
[36m(ElasticFullyAsyncTrainer pid=3716643)[0m [FullyAsyncTrainer] sample collected 44/64. mq_len: 0
[36m(MessageQueue pid=3718065)[0m MessageQueue stats: produced=300, queue_size=1
[36m(ElasticFullyAsyncTrainer pid=3716643)[0m [FullyAsyncTrainer] sample collected 45/64. mq_len: 0
[36m(ElasticFullyAsyncTrainer pid=3716643)[0m [FullyAsyncTrainer] sample collected 46/64. mq_len: 0
[36m(ElasticFullyAsyncTrainer pid=3716643)[0m [FullyAsyncTrainer] sample collected 47/64. mq_len: 0
[36m(ElasticFullyAsyncTrainer pid=3716643)[0m [FullyAsyncTrainer] sample collected 48/64. mq_len: 0
[36m(ElasticFullyAsyncTrainer pid=3716643)[0m [FullyAsyncTrainer] sample collected 49/64. mq_len: 0
[36m(ElasticFullyAsyncTrainer pid=3716643)[0m [FullyAsyncTrainer] sample collected 50/64. mq_len: 0
[36m(ElasticFullyAsyncTrainer pid=3716643)[0m [FullyAsyncTrainer] sample collected 51/64. mq_len: 0
[36m(ElasticFullyAsyncRollouter pid=3707180)[0m [FullyAsyncRollouter][MonitorLoop][Statistics] {'count/dropped_stale_samples': 0,
[36m(ElasticFullyAsyncRollouter pid=3707180)[0m  'count/staleness_samples': 67,
[36m(ElasticFullyAsyncRollouter pid=3707180)[0m  'count/total_generated_samples': 307,
[36m(ElasticFullyAsyncRollouter pid=3707180)[0m  'monitor/active_tasks_size': 16,
[36m(ElasticFullyAsyncRollouter pid=3707180)[0m  'monitor/queue/mq_queue_size': 0,
[36m(ElasticFullyAsyncRollouter pid=3707180)[0m  'monitor/queue/pending_queue_size': 128,
[36m(ElasticFullyAsyncRollouter pid=3707180)[0m  'static/max_concurrent_samples': 16,
[36m(ElasticFullyAsyncRollouter pid=3707180)[0m  'static/max_queue_size': 576,
[36m(ElasticFullyAsyncRollouter pid=3707180)[0m  'static/max_required_samples': 576,
[36m(ElasticFullyAsyncRollouter pid=3707180)[0m  'static/required_samples': 64,
[36m(ElasticFullyAsyncRollouter pid=3707180)[0m  'static/staleness_threshold': 8}
[36m(ElasticFullyAsyncTrainer pid=3716643)[0m [FullyAsyncTrainer] sample collected 52/64. mq_len: 0
[36m(ElasticFullyAsyncTrainer pid=3716643)[0m [FullyAsyncTrainer] sample collected 53/64. mq_len: 0
[36m(ElasticFullyAsyncTrainer pid=3716643)[0m [FullyAsyncTrainer] sample collected 54/64. mq_len: 0
[36m(ElasticFullyAsyncTrainer pid=3716643)[0m [FullyAsyncTrainer] sample collected 55/64. mq_len: 0
[36m(ElasticFullyAsyncTrainer pid=3716643)[0m [FullyAsyncTrainer] sample collected 56/64. mq_len: 0
[36m(ElasticFullyAsyncTrainer pid=3716643)[0m [FullyAsyncTrainer] sample collected 57/64. mq_len: 0
[36m(ElasticFullyAsyncRollouter pid=3707180)[0m [FullyAsyncRollouter][MonitorLoop][Statistics] {'count/dropped_stale_samples': 0,
[36m(ElasticFullyAsyncRollouter pid=3707180)[0m  'count/staleness_samples': 73,
[36m(ElasticFullyAsyncRollouter pid=3707180)[0m  'count/total_generated_samples': 313,
[36m(ElasticFullyAsyncRollouter pid=3707180)[0m  'monitor/active_tasks_size': 16,
[36m(ElasticFullyAsyncRollouter pid=3707180)[0m  'monitor/queue/mq_queue_size': 0,
[36m(ElasticFullyAsyncRollouter pid=3707180)[0m  'monitor/queue/pending_queue_size': 128,
[36m(ElasticFullyAsyncRollouter pid=3707180)[0m  'static/max_concurrent_samples': 16,
[36m(ElasticFullyAsyncRollouter pid=3707180)[0m  'static/max_queue_size': 576,
[36m(ElasticFullyAsyncRollouter pid=3707180)[0m  'static/max_required_samples': 576,
[36m(ElasticFullyAsyncRollouter pid=3707180)[0m  'static/required_samples': 64,
[36m(ElasticFullyAsyncRollouter pid=3707180)[0m  'static/staleness_threshold': 8}
[36m(ElasticFullyAsyncTrainer pid=3716643)[0m [FullyAsyncTrainer] sample collected 58/64. mq_len: 0
[36m(ElasticFullyAsyncTrainer pid=3716643)[0m [FullyAsyncTrainer] sample collected 59/64. mq_len: 0
[36m(ElasticFullyAsyncTrainer pid=3716643)[0m [FullyAsyncTrainer] sample collected 60/64. mq_len: 0
[36m(ElasticFullyAsyncTrainer pid=3716643)[0m [FullyAsyncTrainer] sample collected 61/64. mq_len: 0
[36m(ElasticFullyAsyncTrainer pid=3716643)[0m [FullyAsyncTrainer] sample collected 62/64. mq_len: 0
[36m(ElasticFullyAsyncTrainer pid=3716643)[0m [FullyAsyncTrainer] sample collected 63/64. mq_len: 0
[36m(ElasticFullyAsyncTrainer pid=3716643)[0m [FullyAsyncTrainer] sample collected 64/64. mq_len: 0
[36m(ElasticFullyAsyncTrainer pid=3716643)[0m [FullyAsyncTrainer] Collected 64/64 samples. mq_len: 0
[36m(ElasticFullyAsyncTrainer pid=3716643)[0m [FullyAsyncTrainer] Loop collection completed: 64/64 samples, total wait time: 274.27 seconds. mq_len: 0
[36m(ElasticFullyAsyncTrainer pid=3716643)[0m [BatchUtils] Assembling batch from 64 RolloutSample objects
[36m(ElasticFullyAsyncTrainer pid=3716643)[0m [BatchUtils] Batch assembly completed in 0.25s
[36m(ElasticFullyAsyncRollouter pid=3707180)[0m [FullyAsyncRollouter][MonitorLoop][Statistics] {'count/dropped_stale_samples': 0,
[36m(ElasticFullyAsyncRollouter pid=3707180)[0m  'count/staleness_samples': 82,
[36m(ElasticFullyAsyncRollouter pid=3707180)[0m  'count/total_generated_samples': 322,
[36m(ElasticFullyAsyncRollouter pid=3707180)[0m  'monitor/active_tasks_size': 16,
[36m(ElasticFullyAsyncRollouter pid=3707180)[0m  'monitor/queue/mq_queue_size': 2,
[36m(ElasticFullyAsyncRollouter pid=3707180)[0m  'monitor/queue/pending_queue_size': 128,
[36m(ElasticFullyAsyncRollouter pid=3707180)[0m  'static/max_concurrent_samples': 16,
[36m(ElasticFullyAsyncRollouter pid=3707180)[0m  'static/max_queue_size': 576,
[36m(ElasticFullyAsyncRollouter pid=3707180)[0m  'static/max_required_samples': 576,
[36m(ElasticFullyAsyncRollouter pid=3707180)[0m  'static/required_samples': 64,
[36m(ElasticFullyAsyncRollouter pid=3707180)[0m  'static/staleness_threshold': 8}
[36m(ElasticFullyAsyncRollouter pid=3707180)[0m [FullyAsyncRollouter][MonitorLoop][Statistics] {'count/dropped_stale_samples': 0,
[36m(ElasticFullyAsyncRollouter pid=3707180)[0m  'count/staleness_samples': 95,
[36m(ElasticFullyAsyncRollouter pid=3707180)[0m  'count/total_generated_samples': 335,
[36m(ElasticFullyAsyncRollouter pid=3707180)[0m  'monitor/active_tasks_size': 16,
[36m(ElasticFullyAsyncRollouter pid=3707180)[0m  'monitor/queue/mq_queue_size': 15,
[36m(ElasticFullyAsyncRollouter pid=3707180)[0m  'monitor/queue/pending_queue_size': 128,
[36m(ElasticFullyAsyncRollouter pid=3707180)[0m  'static/max_concurrent_samples': 16,
[36m(ElasticFullyAsyncRollouter pid=3707180)[0m  'static/max_queue_size': 576,
[36m(ElasticFullyAsyncRollouter pid=3707180)[0m  'static/max_required_samples': 576,
[36m(ElasticFullyAsyncRollouter pid=3707180)[0m  'static/required_samples': 64,
[36m(ElasticFullyAsyncRollouter pid=3707180)[0m  'static/staleness_threshold': 8}
[36m(ElasticFullyAsyncRollouter pid=3707180)[0m [FullyAsyncRollouter][MonitorLoop][Statistics] {'count/dropped_stale_samples': 0,
[36m(ElasticFullyAsyncRollouter pid=3707180)[0m  'count/staleness_samples': 100,
[36m(ElasticFullyAsyncRollouter pid=3707180)[0m  'count/total_generated_samples': 340,
[36m(ElasticFullyAsyncRollouter pid=3707180)[0m  'monitor/active_tasks_size': 16,
[36m(ElasticFullyAsyncRollouter pid=3707180)[0m  'monitor/queue/mq_queue_size': 20,
[36m(ElasticFullyAsyncRollouter pid=3707180)[0m  'monitor/queue/pending_queue_size': 128,
[36m(ElasticFullyAsyncRollouter pid=3707180)[0m  'static/max_concurrent_samples': 16,
[36m(ElasticFullyAsyncRollouter pid=3707180)[0m  'static/max_queue_size': 576,
[36m(ElasticFullyAsyncRollouter pid=3707180)[0m  'static/max_required_samples': 576,
[36m(ElasticFullyAsyncRollouter pid=3707180)[0m  'static/required_samples': 64,
[36m(ElasticFullyAsyncRollouter pid=3707180)[0m  'static/staleness_threshold': 8}
[36m(ElasticFullyAsyncRollouter pid=3707180)[0m [FullyAsyncRollouter][MonitorLoop][Statistics] {'count/dropped_stale_samples': 0,
[36m(ElasticFullyAsyncRollouter pid=3707180)[0m  'count/staleness_samples': 111,
[36m(ElasticFullyAsyncRollouter pid=3707180)[0m  'count/total_generated_samples': 351,
[36m(ElasticFullyAsyncRollouter pid=3707180)[0m  'monitor/active_tasks_size': 16,
[36m(ElasticFullyAsyncRollouter pid=3707180)[0m  'monitor/queue/mq_queue_size': 31,
[36m(ElasticFullyAsyncRollouter pid=3707180)[0m  'monitor/queue/pending_queue_size': 128,
[36m(ElasticFullyAsyncRollouter pid=3707180)[0m  'static/max_concurrent_samples': 16,
[36m(ElasticFullyAsyncRollouter pid=3707180)[0m  'static/max_queue_size': 576,
[36m(ElasticFullyAsyncRollouter pid=3707180)[0m  'static/max_required_samples': 576,
[36m(ElasticFullyAsyncRollouter pid=3707180)[0m  'static/required_samples': 64,
[36m(ElasticFullyAsyncRollouter pid=3707180)[0m  'static/staleness_threshold': 8}
[36m(ElasticFullyAsyncTrainer pid=3716643)[0m [FullyAsyncTrainer] global_steps: 5 local_trigger_step: 1 trigger_parameter_sync_step: 1 00:06:01.531
[36m(vLLMHttpServer pid=3708955)[0m (Worker pid=3709978) WARNING 08-06 00:06:04 [layerwise.py:225] RotaryEmbedding: Failed to load weights
[36m(vLLMHttpServer pid=3708955)[0m (EngineCore pid=3709769) WARNING 08-06 00:06:04 [scheduler.py:1919] reset_connector called but no KV connector is configured.
[36m(ElasticFullyAsyncRollouter pid=3707180)[0m [FullyAsyncRollouter][RolloutResourceUtilization] raw active_count_history (timestamp, active_count, max_concurrent): [(1785974214.1496913, 15, 16), (1785974214.1497662, 16, 16), (1785974228.5678468, 15, 16), (1785974228.5678928, 16, 16), (1785974236.545653, 15, 16), (1785974236.5456777, 16, 16), (1785974251.168092, 15, 16), (1785974251.1681406, 16, 16), (1785974262.0646315, 15, 16), (1785974262.0646825, 16, 16), (1785974268.2389266, 15, 16), (1785974268.2389479, 16, 16), (1785974276.855982, 15, 16), (1785974276.8560376, 16, 16), (1785974279.3048675, 15, 16), (1785974279.3048885, 16, 16), (1785974279.7371564, 15, 16), (1785974279.7371843, 16, 16), (1785974280.3203006, 15, 16), (1785974280.3203537, 16, 16), (1785974287.212714, 15, 16), (1785974287.212766, 16, 16), (1785974302.2339413, 15, 16), (1785974302.233991, 16, 16), (1785974310.9067318, 15, 16), (1785974310.9067562, 16, 16), (1785974313.1268282, 15, 16), (1785974313.1268783, 16, 16), (1785974314.7939906, 15, 16), (1785974314.7940123, 16, 16), (1785974318.3287566, 15, 16), (1785974318.3287783, 16, 16), (1785974350.2978005, 15, 16), (1785974350.297849, 16, 16), (1785974357.0525467, 15, 16), (1785974357.0525818, 16, 16), (1785974361.7588139, 15, 16), (1785974361.7588801, 16, 16), (1785974368.7188787, 15, 16), (1785974368.7189002, 16, 16), (1785974382.573962, 15, 16), (1785974382.5740094, 16, 16), (1785974399.995337, 15, 16), (1785974399.9953978, 16, 16), (1785974404.4090862, 15, 16), (1785974404.40911, 16, 16), (1785974415.060746, 15, 16), (1785974415.0607963, 16, 16), (1785974428.9789453, 15, 16), (1785974428.9789908, 16, 16), (1785974434.9539635, 15, 16), (1785974434.9539857, 16, 16), (1785974444.4111702, 15, 16), (1785974444.4112144, 16, 16), (1785974446.168546, 15, 16), (1785974446.1685765, 16, 16), (1785974454.9064164, 15, 16), (1785974454.9064639, 16, 16), (1785974474.7710319, 15, 16), (1785974474.7710807, 16, 16), (1785974488.5535274, 15, 16), (1785974488.5536082, 16, 16), (1785974491.3642058, 15, 16), (1785974491.3642266, 16, 16), (1785974495.4032898, 15, 16), (1785974495.403312, 16, 16), (1785974499.4072165, 15, 16), (1785974499.4072733, 16, 16), (1785974505.3708575, 15, 16), (1785974505.3708835, 16, 16), (1785974512.498338, 15, 16), (1785974512.498386, 16, 16), (1785974514.8301642, 15, 16), (1785974514.8301847, 16, 16), (1785974517.3890839, 15, 16), (1785974517.389105, 16, 16), (1785974520.111341, 15, 16), (1785974520.1113656, 16, 16), (1785974531.9224064, 15, 16), (1785974531.9224691, 16, 16), (1785974541.2544959, 15, 16), (1785974541.2545187, 16, 16), (1785974541.3028228, 15, 16), (1785974541.3028429, 16, 16), (1785974542.0966513, 15, 16), (1785974542.0966983, 16, 16), (1785974547.1338718, 15, 16), (1785974547.1338947, 16, 16), (1785974553.8634424, 15, 16), (1785974553.8634896, 16, 16), (1785974554.1938844, 15, 16), (1785974554.1939065, 16, 16), (1785974576.8100245, 15, 16), (1785974576.8100739, 16, 16), (1785974591.9470127, 15, 16), (1785974591.947059, 16, 16), (1785974593.6952658, 15, 16), (1785974593.6952868, 16, 16), (1785974637.9681692, 15, 16), (1785974637.9682174, 16, 16), (1785974646.188163, 15, 16), (1785974646.188187, 16, 16), (1785974653.9037395, 15, 16), (1785974653.903791, 16, 16), (1785974654.0590107, 15, 16), (1785974654.0590336, 16, 16), (1785974667.9190462, 15, 16), (1785974667.9191012, 16, 16), (1785974678.2074323, 15, 16), (1785974678.2074847, 16, 16), (1785974681.1177363, 15, 16), (1785974681.117759, 16, 16), (1785974682.6718507, 15, 16), (1785974682.6718733, 16, 16), (1785974684.3854058, 15, 16), (1785974684.3854272, 16, 16), (1785974708.4201803, 15, 16), (1785974708.4202359, 16, 16), (1785974710.4201744, 15, 16), (1785974710.4201953, 16, 16), (1785974711.615706, 15, 16), (1785974711.6157277, 16, 16), (1785974714.5364027, 15, 16), (1785974714.5364265, 16, 16), (1785974726.6911728, 15, 16), (1785974726.6912282, 16, 16), (1785974729.221161, 15, 16), (1785974729.2211888, 16, 16), (1785974732.0080822, 15, 16), (1785974732.008107, 16, 16), (1785974746.2855346, 15, 16), (1785974746.2855928, 16, 16), (1785974777.4970343, 15, 16), (1785974777.4981105, 15, 16)]
[36m(ElasticFullyAsyncRollouter pid=3707180)[0m [FullyAsyncRollouter][Public][reset_staleness] reset staleness_samples to: 51 idle_ratio: 0.0000 step_generated_samples(this_step): 66 rollout_resource_utilization: 1.0000 recent_history(last 10 steps): [(2, 94), (3, 65), (4, 61), (5, 70), (6, 66)]
[36m(ElasticFullyAsyncTrainer pid=3716643)[0m [FullyAsyncTrainer] _fit_update_weights, timing_s/param_sync: 2.8311 seconds self.current_param_version: 5
[36m(ElasticFullyAsyncTrainer pid=3716643)[0m step:5 - fully_async/rollouter/active_time:563.3483719825745 - fully_async/rollouter/version_time:563.3483719825745 - fully_async/rollouter/idle_ratio:0 - fully_async/rollouter/step_generated_samples:66 - dynamic_resource/rollout_resource_utilization:0.9999996002980764
[36m(ElasticFullyAsyncTrainer pid=3716643)[0m aggregated metrics done. cost 0.0003 seconds.
[36m(ElasticFullyAsyncTrainer pid=3716643)[0m step:5 - training/global_step:4.0 - training/epoch:0.0 - fully_async/count/stale_trajectory_processed:763.0 - fully_async/count/current_param_version:3.0 - fully_async/processing_time/avg:133.10256609130033 - fully_async/processing_time/max:200.76652072602883 - fully_async/processing_time/min:13.256229075952433 - fully_async/processing_time/tp50:146.53405545948772 - fully_async/processing_time/tp99:194.06864777050563 - fully_async/processing_time/tp95:187.0782154280023 - fully_async/monitor/active_tasks_size:16.0 - fully_async/monitor/queue/pending_queue_size:128.0 - fully_async/monitor/queue/mq_queue_size:0.0 - fully_async/count/total_generated_samples:192.0 - fully_async/count/staleness_samples:80.0 - fully_async/count/dropped_stale_samples:0.0 - fully_async/static/max_required_samples:576.0 - fully_async/static/required_samples:64.0 - fully_async/static/staleness_threshold:8.0 - fully_async/static/max_queue_size:576.0 - fully_async/static/max_concurrent_samples:16.0 - fully_async/partial/total_partial_num:104.0 - fully_async/partial/partial_ratio:0.203125 - fully_async/partial/max_partial_span:1.0 - timing_s/agent_loop/tool_calls/max:0.0 - timing_s/agent_loop/tool_calls/min:0.0 - timing_s/agent_loop/tool_calls/mean:0.0 - fully_async/total_wait_time:367.1047863960266 - actor/pg_clipfrac:0.0003815038757329603 - actor/ppo_kl:0.0007265503784947214 - actor/pg_clipfrac_lower:8.033000995055773e-07 - actor/pg_loss:0.04435282198647883 - actor/loss:0.04435282200574875 - actor/grad_norm:0.030232705175876617 - actor/lr:1e-06 - actor/perf/max_memory_allocated_gb:46.34761428833008 - actor/perf/max_memory_reserved_gb:73.544921875 - actor/perf/cpu_memory_used_gb:109.77112579345703 - perf/mfu/actor:0.3100417929787673 - dynamic_resource/train_compute_time_s:306.63077382795746 - dynamic_resource/train_allocated_time_s:690.6824796199799 - critic/score/mean:0.1689453125 - critic/score/max:1.0 - critic/score/min:0.0 - critic/rewards/mean:0.1689453125 - critic/rewards/max:1.0 - critic/rewards/min:0.0 - critic/advantages/mean:-0.04433251544833183 - critic/advantages/max:2.4748666286468506 - critic/advantages/min:-2.4748551845550537 - critic/returns/mean:-0.04433251544833183 - critic/returns/max:2.4748666286468506 - critic/returns/min:-2.4748551845550537 - response_length/mean:12280.904296875 - response_length/max:16384.0 - response_length/min:1176.0 - response_length/clip_ratio:0.173828125 - response_length_non_aborted/mean:12280.904296875 - response_length_non_aborted/max:16384.0 - response_length_non_aborted/min:1176.0 - response_length_non_aborted/clip_ratio:0.173828125 - response/aborted_ratio:0.0 - prompt_length/mean:463.8125 - prompt_length/max:1027.0 - prompt_length/min:120.0 - prompt_length/clip_ratio:0.0 - num_turns/min:2.0 - num_turns/max:2.0 - num_turns/mean:2.0 - timing_s/start_profile:5.320005584508181e-06 - timing_s/gen:367.5521906900103 - timing_s/reward:2.3269967641681433e-05 - timing_s/adv:0.01084069098578766 - timing_s/update_actor:306.619909867004 - timing_s/timing_s/param_sync:3.19453328801319 - timing_s/step:690.6824960309896 - timing_s/stop_profile:4.820001777261496e-06 - timing_per_token_ms/adv:1.6613334701017593e-06 - timing_per_token_ms/update_actor:0.0469894326412835 - timing_per_token_ms/gen:0.05845460196478341 - perf/total_num_tokens:6525295.0 - perf/time_per_step:690.6824960309896 - perf/throughput:4723.802208321219 - dynamic_resource/mq_size:34.0 - fully_async/trainer/idle_ratio:0.5321579637563582 - dynamic_resource/train_resource_utilization:0.4439533112185916 - dynamic_resource/rollout_resource_utilization:0.9999996002980764 - dynamic_resource/resource_utilization:0.721976455758334
[36m(ElasticFullyAsyncTrainer pid=3716643)[0m [FullyAsyncTrainer] Requesting 64 samples from queue
[36m(ElasticFullyAsyncTrainer pid=3716643)[0m [FullyAsyncTrainer] sample collected 1/64. mq_len: 35
[36m(ElasticFullyAsyncTrainer pid=3716643)[0m Training Progress:   6%|▋         | 5/80 [57:00<13:27:39, 646.13s/it]
[36m(ElasticFullyAsyncTrainer pid=3716643)[0m [FullyAsyncTrainer] sample collected 2/64. mq_len: 34
[36m(ElasticFullyAsyncTrainer pid=3716643)[0m [FullyAsyncTrainer] sample collected 3/64. mq_len: 33
[36m(ElasticFullyAsyncTrainer pid=3716643)[0m [FullyAsyncTrainer] sample collected 4/64. mq_len: 32
[36m(ElasticFullyAsyncTrainer pid=3716643)[0m [FullyAsyncTrainer] sample collected 5/64. mq_len: 31
[36m(ElasticFullyAsyncTrainer pid=3716643)[0m [FullyAsyncTrainer] sample collected 6/64. mq_len: 30
[36m(ElasticFullyAsyncTrainer pid=3716643)[0m [FullyAsyncTrainer] sample collected 7/64. mq_len: 29
[36m(ElasticFullyAsyncTrainer pid=3716643)[0m [FullyAsyncTrainer] sample collected 8/64. mq_len: 28
[36m(ElasticFullyAsyncTrainer pid=3716643)[0m [FullyAsyncTrainer] sample collected 9/64. mq_len: 27
[36m(ElasticFullyAsyncTrainer pid=3716643)[0m [FullyAsyncTrainer] sample collected 10/64. mq_len: 26
[36m(ElasticFullyAsyncTrainer pid=3716643)[0m [FullyAsyncTrainer] sample collected 11/64. mq_len: 25
[36m(ElasticFullyAsyncTrainer pid=3716643)[0m [FullyAsyncTrainer] sample collected 12/64. mq_len: 24
[36m(ElasticFullyAsyncTrainer pid=3716643)[0m [FullyAsyncTrainer] sample collected 13/64. mq_len: 23
[36m(ElasticFullyAsyncTrainer pid=3716643)[0m [FullyAsyncTrainer] sample collected 14/64. mq_len: 22
[36m(ElasticFullyAsyncTrainer pid=3716643)[0m [FullyAsyncTrainer] sample collected 15/64. mq_len: 21
[36m(ElasticFullyAsyncTrainer pid=3716643)[0m [FullyAsyncTrainer] sample collected 16/64. mq_len: 20
[36m(ElasticFullyAsyncTrainer pid=3716643)[0m [FullyAsyncTrainer] sample collected 17/64. mq_len: 19
[36m(ElasticFullyAsyncTrainer pid=3716643)[0m [FullyAsyncTrainer] sample collected 18/64. mq_len: 18
[36m(ElasticFullyAsyncTrainer pid=3716643)[0m [FullyAsyncTrainer] sample collected 19/64. mq_len: 17
[36m(ElasticFullyAsyncTrainer pid=3716643)[0m [FullyAsyncTrainer] sample collected 20/64. mq_len: 16
[36m(ElasticFullyAsyncTrainer pid=3716643)[0m [FullyAsyncTrainer] sample collected 21/64. mq_len: 15
[36m(ElasticFullyAsyncTrainer pid=3716643)[0m [FullyAsyncTrainer] sample collected 22/64. mq_len: 14
[36m(ElasticFullyAsyncTrainer pid=3716643)[0m [FullyAsyncTrainer] sample collected 23/64. mq_len: 13
[36m(ElasticFullyAsyncTrainer pid=3716643)[0m [FullyAsyncTrainer] sample collected 24/64. mq_len: 12
[36m(ElasticFullyAsyncTrainer pid=3716643)[0m [FullyAsyncTrainer] sample collected 25/64. mq_len: 11
[36m(ElasticFullyAsyncTrainer pid=3716643)[0m [FullyAsyncTrainer] sample collected 26/64. mq_len: 10
[36m(ElasticFullyAsyncTrainer pid=3716643)[0m [FullyAsyncTrainer] sample collected 27/64. mq_len: 9
[36m(ElasticFullyAsyncTrainer pid=3716643)[0m [FullyAsyncTrainer] sample collected 28/64. mq_len: 8
[36m(ElasticFullyAsyncTrainer pid=3716643)[0m [FullyAsyncTrainer] sample collected 29/64. mq_len: 7
[36m(ElasticFullyAsyncTrainer pid=3716643)[0m [FullyAsyncTrainer] sample collected 30/64. mq_len: 6
[36m(ElasticFullyAsyncTrainer pid=3716643)[0m [FullyAsyncTrainer] sample collected 31/64. mq_len: 5
[36m(ElasticFullyAsyncTrainer pid=3716643)[0m [FullyAsyncTrainer] sample collected 32/64. mq_len: 4
[36m(ElasticFullyAsyncTrainer pid=3716643)[0m [FullyAsyncTrainer] sample collected 33/64. mq_len: 3
[36m(ElasticFullyAsyncTrainer pid=3716643)[0m [FullyAsyncTrainer] sample collected 34/64. mq_len: 2
[36m(ElasticFullyAsyncTrainer pid=3716643)[0m [FullyAsyncTrainer] sample collected 35/64. mq_len: 1
[36m(ElasticFullyAsyncTrainer pid=3716643)[0m [FullyAsyncTrainer] sample collected 36/64. mq_len: 0
[36m(ElasticFullyAsyncTrainer pid=3716643)[0m [FullyAsyncTrainer] sample collected 37/64. mq_len: 0
[36m(ElasticFullyAsyncRollouter pid=3707180)[0m [FullyAsyncRollouter][MonitorLoop][Statistics] {'count/dropped_stale_samples': 0,
[36m(ElasticFullyAsyncRollouter pid=3707180)[0m  'count/staleness_samples': 53,
[36m(ElasticFullyAsyncRollouter pid=3707180)[0m  'count/total_generated_samples': 357,
[36m(ElasticFullyAsyncRollouter pid=3707180)[0m  'monitor/active_tasks_size': 16,
[36m(ElasticFullyAsyncRollouter pid=3707180)[0m  'monitor/queue/mq_queue_size': 0,
[36m(ElasticFullyAsyncRollouter pid=3707180)[0m  'monitor/queue/pending_queue_size': 128,
[36m(ElasticFullyAsyncRollouter pid=3707180)[0m  'static/max_concurrent_samples': 16,
[36m(ElasticFullyAsyncRollouter pid=3707180)[0m  'static/max_queue_size': 576,
[36m(ElasticFullyAsyncRollouter pid=3707180)[0m  'static/max_required_samples': 576,
[36m(ElasticFullyAsyncRollouter pid=3707180)[0m  'static/required_samples': 64,
[36m(ElasticFullyAsyncRollouter pid=3707180)[0m  'static/staleness_threshold': 8}
[36m(ElasticFullyAsyncTrainer pid=3716643)[0m [FullyAsyncTrainer] sample collected 38/64. mq_len: 0
[36m(ElasticFullyAsyncTrainer pid=3716643)[0m [FullyAsyncTrainer] sample collected 39/64. mq_len: 0
[36m(ElasticFullyAsyncTrainer pid=3716643)[0m [FullyAsyncTrainer] sample collected 40/64. mq_len: 0
[36m(ElasticFullyAsyncTrainer pid=3716643)[0m [FullyAsyncTrainer] sample collected 41/64. mq_len: 0
[36m(ElasticFullyAsyncTrainer pid=3716643)[0m [FullyAsyncTrainer] sample collected 42/64. mq_len: 0
[36m(ElasticFullyAsyncRollouter pid=3707180)[0m [FullyAsyncRollouter][MonitorLoop][Statistics] {'count/dropped_stale_samples': 0,
[36m(ElasticFullyAsyncRollouter pid=3707180)[0m  'count/staleness_samples': 58,
[36m(ElasticFullyAsyncRollouter pid=3707180)[0m  'count/total_generated_samples': 362,
[36m(ElasticFullyAsyncRollouter pid=3707180)[0m  'monitor/active_tasks_size': 16,
[36m(ElasticFullyAsyncRollouter pid=3707180)[0m  'monitor/queue/mq_queue_size': 0,
[36m(ElasticFullyAsyncRollouter pid=3707180)[0m  'monitor/queue/pending_queue_size': 128,
[36m(ElasticFullyAsyncRollouter pid=3707180)[0m  'static/max_concurrent_samples': 16,
[36m(ElasticFullyAsyncRollouter pid=3707180)[0m  'static/max_queue_size': 576,
[36m(ElasticFullyAsyncRollouter pid=3707180)[0m  'static/max_required_samples': 576,
[36m(ElasticFullyAsyncRollouter pid=3707180)[0m  'static/required_samples': 64,
[36m(ElasticFullyAsyncRollouter pid=3707180)[0m  'static/staleness_threshold': 8}
[36m(ElasticFullyAsyncTrainer pid=3716643)[0m [FullyAsyncTrainer] sample collected 43/64. mq_len: 0
[36m(ElasticFullyAsyncTrainer pid=3716643)[0m [FullyAsyncTrainer] sample collected 44/64. mq_len: 0
[36m(ElasticFullyAsyncTrainer pid=3716643)[0m [FullyAsyncTrainer] sample collected 45/64. mq_len: 0
[36m(ElasticFullyAsyncTrainer pid=3716643)[0m [FullyAsyncTrainer] sample collected 46/64. mq_len: 0
[36m(ElasticFullyAsyncTrainer pid=3716643)[0m [FullyAsyncTrainer] sample collected 47/64. mq_len: 0
[36m(ElasticFullyAsyncTrainer pid=3716643)[0m [FullyAsyncTrainer] sample collected 48/64. mq_len: 0
[36m(ElasticFullyAsyncTrainer pid=3716643)[0m [FullyAsyncTrainer] sample collected 49/64. mq_len: 0
[36m(ElasticFullyAsyncTrainer pid=3716643)[0m [FullyAsyncTrainer] sample collected 50/64. mq_len: 0
[36m(ElasticFullyAsyncTrainer pid=3716643)[0m [FullyAsyncTrainer] sample collected 51/64. mq_len: 0
[36m(ElasticFullyAsyncRollouter pid=3707180)[0m [FullyAsyncRollouter][MonitorLoop][Statistics] {'count/dropped_stale_samples': 0,
[36m(ElasticFullyAsyncRollouter pid=3707180)[0m  'count/staleness_samples': 67,
[36m(ElasticFullyAsyncRollouter pid=3707180)[0m  'count/total_generated_samples': 371,
[36m(ElasticFullyAsyncRollouter pid=3707180)[0m  'monitor/active_tasks_size': 16,
[36m(ElasticFullyAsyncRollouter pid=3707180)[0m  'monitor/queue/mq_queue_size': 0,
[36m(ElasticFullyAsyncRollouter pid=3707180)[0m  'monitor/queue/pending_queue_size': 128,
[36m(ElasticFullyAsyncRollouter pid=3707180)[0m  'static/max_concurrent_samples': 16,
[36m(ElasticFullyAsyncRollouter pid=3707180)[0m  'static/max_queue_size': 576,
[36m(ElasticFullyAsyncRollouter pid=3707180)[0m  'static/max_required_samples': 576,
[36m(ElasticFullyAsyncRollouter pid=3707180)[0m  'static/required_samples': 64,
[36m(ElasticFullyAsyncRollouter pid=3707180)[0m  'static/staleness_threshold': 8}
[36m(ElasticFullyAsyncTrainer pid=3716643)[0m [FullyAsyncTrainer] sample collected 52/64. mq_len: 0
[36m(ElasticFullyAsyncTrainer pid=3716643)[0m [FullyAsyncTrainer] sample collected 53/64. mq_len: 0
[36m(ElasticFullyAsyncTrainer pid=3716643)[0m [FullyAsyncTrainer] sample collected 54/64. mq_len: 0
[36m(ElasticFullyAsyncTrainer pid=3716643)[0m [FullyAsyncTrainer] sample collected 55/64. mq_len: 0
[36m(ElasticFullyAsyncTrainer pid=3716643)[0m [FullyAsyncTrainer] sample collected 56/64. mq_len: 0
[36m(ElasticFullyAsyncTrainer pid=3716643)[0m [FullyAsyncTrainer] sample collected 57/64. mq_len: 0
[36m(ElasticFullyAsyncTrainer pid=3716643)[0m [FullyAsyncTrainer] sample collected 58/64. mq_len: 0
[36m(ElasticFullyAsyncRollouter pid=3707180)[0m [FullyAsyncRollouter][MonitorLoop][Statistics] {'count/dropped_stale_samples': 0,
[36m(ElasticFullyAsyncRollouter pid=3707180)[0m  'count/staleness_samples': 74,
[36m(ElasticFullyAsyncRollouter pid=3707180)[0m  'count/total_generated_samples': 378,
[36m(ElasticFullyAsyncRollouter pid=3707180)[0m  'monitor/active_tasks_size': 16,
[36m(ElasticFullyAsyncRollouter pid=3707180)[0m  'monitor/queue/mq_queue_size': 0,
[36m(ElasticFullyAsyncRollouter pid=3707180)[0m  'monitor/queue/pending_queue_size': 128,
[36m(ElasticFullyAsyncRollouter pid=3707180)[0m  'static/max_concurrent_samples': 16,
[36m(ElasticFullyAsyncRollouter pid=3707180)[0m  'static/max_queue_size': 576,
[36m(ElasticFullyAsyncRollouter pid=3707180)[0m  'static/max_required_samples': 576,
[36m(ElasticFullyAsyncRollouter pid=3707180)[0m  'static/required_samples': 64,
[36m(ElasticFullyAsyncRollouter pid=3707180)[0m  'static/staleness_threshold': 8}
[36m(ElasticFullyAsyncTrainer pid=3716643)[0m [FullyAsyncTrainer] sample collected 59/64. mq_len: 0
[36m(ElasticFullyAsyncTrainer pid=3716643)[0m [FullyAsyncTrainer] sample collected 60/64. mq_len: 0
[36m(ElasticFullyAsyncTrainer pid=3716643)[0m [FullyAsyncTrainer] sample collected 61/64. mq_len: 0
[36m(ElasticFullyAsyncTrainer pid=3716643)[0m [FullyAsyncTrainer] sample collected 62/64. mq_len: 0
[36m(ElasticFullyAsyncTrainer pid=3716643)[0m [FullyAsyncTrainer] sample collected 63/64. mq_len: 0
[36m(ElasticFullyAsyncTrainer pid=3716643)[0m [FullyAsyncTrainer] sample collected 64/64. mq_len: 0
[36m(ElasticFullyAsyncTrainer pid=3716643)[0m [FullyAsyncTrainer] Collected 64/64 samples. mq_len: 0
[36m(ElasticFullyAsyncTrainer pid=3716643)[0m [FullyAsyncTrainer] Loop collection completed: 64/64 samples, total wait time: 301.53 seconds. mq_len: 0
[36m(ElasticFullyAsyncTrainer pid=3716643)[0m [BatchUtils] Assembling batch from 64 RolloutSample objects
[36m(ElasticFullyAsyncTrainer pid=3716643)[0m [BatchUtils] Batch assembly completed in 0.24s
[36m(ElasticFullyAsyncRollouter pid=3707180)[0m [FullyAsyncRollouter][MonitorLoop][Statistics] {'count/dropped_stale_samples': 0,
[36m(ElasticFullyAsyncRollouter pid=3707180)[0m  'count/staleness_samples': 80,
[36m(ElasticFullyAsyncRollouter pid=3707180)[0m  'count/total_generated_samples': 384,
[36m(ElasticFullyAsyncRollouter pid=3707180)[0m  'monitor/active_tasks_size': 16,
[36m(ElasticFullyAsyncRollouter pid=3707180)[0m  'monitor/queue/mq_queue_size': 0,
[36m(ElasticFullyAsyncRollouter pid=3707180)[0m  'monitor/queue/pending_queue_size': 128,
[36m(ElasticFullyAsyncRollouter pid=3707180)[0m  'static/max_concurrent_samples': 16,
[36m(ElasticFullyAsyncRollouter pid=3707180)[0m  'static/max_queue_size': 576,
[36m(ElasticFullyAsyncRollouter pid=3707180)[0m  'static/max_required_samples': 576,
[36m(ElasticFullyAsyncRollouter pid=3707180)[0m  'static/required_samples': 64,
[36m(ElasticFullyAsyncRollouter pid=3707180)[0m  'static/staleness_threshold': 8}
[36m(ElasticFullyAsyncRollouter pid=3707180)[0m [FullyAsyncRollouter][MonitorLoop][Statistics] {'count/dropped_stale_samples': 0,
[36m(ElasticFullyAsyncRollouter pid=3707180)[0m  'count/staleness_samples': 87,
[36m(ElasticFullyAsyncRollouter pid=3707180)[0m  'count/total_generated_samples': 391,
[36m(ElasticFullyAsyncRollouter pid=3707180)[0m  'monitor/active_tasks_size': 16,
[36m(ElasticFullyAsyncRollouter pid=3707180)[0m  'monitor/queue/mq_queue_size': 7,
[36m(ElasticFullyAsyncRollouter pid=3707180)[0m  'monitor/queue/pending_queue_size': 128,
[36m(ElasticFullyAsyncRollouter pid=3707180)[0m  'static/max_concurrent_samples': 16,
[36m(ElasticFullyAsyncRollouter pid=3707180)[0m  'static/max_queue_size': 576,
[36m(ElasticFullyAsyncRollouter pid=3707180)[0m  'static/max_required_samples': 576,
[36m(ElasticFullyAsyncRollouter pid=3707180)[0m  'static/required_samples': 64,
[36m(ElasticFullyAsyncRollouter pid=3707180)[0m  'static/staleness_threshold': 8}
[36m(MessageQueue pid=3718065)[0m MessageQueue stats: produced=400, queue_size=16
[36m(ElasticFullyAsyncRollouter pid=3707180)[0m [FullyAsyncRollouter][MonitorLoop][Statistics] {'count/dropped_stale_samples': 0,
[36m(ElasticFullyAsyncRollouter pid=3707180)[0m  'count/staleness_samples': 97,
[36m(ElasticFullyAsyncRollouter pid=3707180)[0m  'count/total_generated_samples': 401,
[36m(ElasticFullyAsyncRollouter pid=3707180)[0m  'monitor/active_tasks_size': 16,
[36m(ElasticFullyAsyncRollouter pid=3707180)[0m  'monitor/queue/mq_queue_size': 17,
[36m(ElasticFullyAsyncRollouter pid=3707180)[0m  'monitor/queue/pending_queue_size': 128,
[36m(ElasticFullyAsyncRollouter pid=3707180)[0m  'static/max_concurrent_samples': 16,
[36m(ElasticFullyAsyncRollouter pid=3707180)[0m  'static/max_queue_size': 576,
[36m(ElasticFullyAsyncRollouter pid=3707180)[0m  'static/max_required_samples': 576,
[36m(ElasticFullyAsyncRollouter pid=3707180)[0m  'static/required_samples': 64,
[36m(ElasticFullyAsyncRollouter pid=3707180)[0m  'static/staleness_threshold': 8}
[36m(ElasticFullyAsyncRollouter pid=3707180)[0m [FullyAsyncRollouter][MonitorLoop][Statistics] {'count/dropped_stale_samples': 0,
[36m(ElasticFullyAsyncRollouter pid=3707180)[0m  'count/staleness_samples': 104,
[36m(ElasticFullyAsyncRollouter pid=3707180)[0m  'count/total_generated_samples': 408,
[36m(ElasticFullyAsyncRollouter pid=3707180)[0m  'monitor/active_tasks_size': 16,
[36m(ElasticFullyAsyncRollouter pid=3707180)[0m  'monitor/queue/mq_queue_size': 24,
[36m(ElasticFullyAsyncRollouter pid=3707180)[0m  'monitor/queue/pending_queue_size': 128,
[36m(ElasticFullyAsyncRollouter pid=3707180)[0m  'static/max_concurrent_samples': 16,
[36m(ElasticFullyAsyncRollouter pid=3707180)[0m  'static/max_queue_size': 576,
[36m(ElasticFullyAsyncRollouter pid=3707180)[0m  'static/max_required_samples': 576,
[36m(ElasticFullyAsyncRollouter pid=3707180)[0m  'static/required_samples': 64,
[36m(ElasticFullyAsyncRollouter pid=3707180)[0m  'static/staleness_threshold': 8}
[36m(ElasticFullyAsyncTrainer pid=3716643)[0m [FullyAsyncTrainer] global_steps: 6 local_trigger_step: 1 trigger_parameter_sync_step: 1 00:15:52.398
[36m(vLLMHttpServer pid=3708955)[0m (Worker pid=3709978) WARNING 08-06 00:15:55 [layerwise.py:225] RotaryEmbedding: Failed to load weights
[36m(vLLMHttpServer pid=3708955)[0m (EngineCore pid=3709769) WARNING 08-06 00:15:55 [scheduler.py:1919] reset_connector called but no KV connector is configured.
[36m(ElasticFullyAsyncRollouter pid=3707180)[0m [FullyAsyncRollouter][RolloutResourceUtilization] raw active_count_history (timestamp, active_count, max_concurrent): [(1785974777.4983811, 15, 16), (1785974777.4984522, 16, 16), (1785974783.4276464, 15, 16), (1785974783.427673, 16, 16), (1785974800.1607547, 15, 16), (1785974800.1607978, 16, 16), (1785974809.32364, 15, 16), (1785974809.3236616, 16, 16), (1785974824.7630277, 15, 16), (1785974824.7630758, 16, 16), (1785974837.389964, 15, 16), (1785974837.3900127, 16, 16), (1785974848.1804285, 15, 16), (1785974848.180474, 16, 16), (1785974865.0950902, 15, 16), (1785974865.0951345, 16, 16), (1785974869.4625108, 15, 16), (1785974869.4625328, 16, 16), (1785974872.628823, 15, 16), (1785974872.62885, 16, 16), (1785974876.2034574, 15, 16), (1785974876.2035067, 16, 16), (1785974899.5046055, 15, 16), (1785974899.5046592, 16, 16), (1785974900.060982, 15, 16), (1785974900.061095, 16, 16), (1785974902.2571821, 15, 16), (1785974902.2572021, 16, 16), (1785974922.4653306, 15, 16), (1785974922.4653885, 16, 16), (1785974926.357262, 15, 16), (1785974926.3572812, 16, 16), (1785974938.5953596, 15, 16), (1785974938.5954192, 16, 16), (1785974944.4960568, 15, 16), (1785974944.4960783, 16, 16), (1785974946.3168285, 15, 16), (1785974946.3168607, 16, 16), (1785974978.7380724, 15, 16), (1785974978.7381148, 16, 16), (1785974986.4427083, 15, 16), (1785974986.4427297, 16, 16), (1785975003.1118407, 15, 16), (1785975003.1118898, 16, 16), (1785975011.285914, 15, 16), (1785975011.285939, 16, 16), (1785975016.3527899, 15, 16), (1785975016.3528376, 16, 16), (1785975027.1469011, 15, 16), (1785975027.1469471, 16, 16), (1785975048.1997607, 15, 16), (1785975048.1998043, 16, 16), (1785975055.3032289, 15, 16), (1785975055.3032522, 16, 16), (1785975070.1743054, 15, 16), (1785975070.1743548, 16, 16), (1785975079.1671722, 15, 16), (1785975079.1671941, 16, 16), (1785975081.6254935, 15, 16), (1785975081.6255417, 16, 16), (1785975084.8153481, 15, 16), (1785975084.8153691, 16, 16), (1785975086.0849264, 15, 16), (1785975086.0849495, 16, 16), (1785975090.866345, 15, 16), (1785975090.8663661, 16, 16), (1785975096.0206556, 15, 16), (1785975096.0207086, 16, 16), (1785975103.616137, 15, 16), (1785975103.6161757, 16, 16), (1785975145.3403184, 15, 16), (1785975145.3403668, 16, 16), (1785975157.9650297, 15, 16), (1785975157.9650788, 16, 16), (1785975163.387139, 15, 16), (1785975163.3871589, 16, 16), (1785975165.2289882, 15, 16), (1785975165.2290165, 16, 16), (1785975174.4320557, 15, 16), (1785975174.4321053, 16, 16), (1785975176.9866626, 15, 16), (1785975176.986687, 16, 16), (1785975188.6240225, 15, 16), (1785975188.6240695, 16, 16), (1785975189.4708602, 15, 16), (1785975189.4708817, 16, 16), (1785975201.8142772, 15, 16), (1785975201.814328, 16, 16), (1785975213.8031423, 15, 16), (1785975213.8031902, 16, 16), (1785975223.3089676, 15, 16), (1785975223.3089893, 16, 16), (1785975227.6552055, 15, 16), (1785975227.6552603, 16, 16), (1785975246.843668, 15, 16), (1785975246.8437157, 16, 16), (1785975248.0338101, 15, 16), (1785975248.033834, 16, 16), (1785975250.3066962, 15, 16), (1785975250.306719, 16, 16), (1785975264.9499736, 15, 16), (1785975264.9500206, 16, 16), (1785975273.5741353, 15, 16), (1785975273.574156, 16, 16), (1785975288.285605, 15, 16), (1785975288.2856588, 16, 16), (1785975314.9978085, 15, 16), (1785975314.997855, 16, 16), (1785975321.3982012, 15, 16), (1785975321.3982224, 16, 16), (1785975330.6941895, 15, 16), (1785975330.6942434, 16, 16), (1785975334.2003515, 15, 16), (1785975334.200373, 16, 16), (1785975339.1829183, 15, 16), (1785975339.1829414, 16, 16), (1785975347.614981, 15, 16), (1785975347.6150267, 16, 16), (1785975349.7751796, 15, 16), (1785975349.7752008, 16, 16), (1785975382.3112023, 15, 16), (1785975382.3123622, 15, 16)]
[36m(ElasticFullyAsyncRollouter pid=3707180)[0m [FullyAsyncRollouter][Public][reset_staleness] reset staleness_samples to: 47 idle_ratio: 0.0000 step_generated_samples(this_step): 60 rollout_resource_utilization: 1.0000 recent_history(last 10 steps): [(2, 94), (3, 65), (4, 61), (5, 70), (6, 66), (7, 60)]
[36m(ElasticFullyAsyncTrainer pid=3716643)[0m [FullyAsyncTrainer] _fit_update_weights, timing_s/param_sync: 2.8623 seconds self.current_param_version: 6
[36m(ElasticFullyAsyncTrainer pid=3716643)[0m step:6 - fully_async/rollouter/active_time:604.8139169216156 - fully_async/rollouter/version_time:604.8139169216156 - fully_async/rollouter/idle_ratio:0 - fully_async/rollouter/step_generated_samples:60 - dynamic_resource/rollout_resource_utilization:0.999999641227359
[36m(ElasticFullyAsyncTrainer pid=3716643)[0m aggregated metrics done. cost 0.0002 seconds.
[36m(ElasticFullyAsyncTrainer pid=3716643)[0m step:6 - training/global_step:5.0 - training/epoch:0.0 - fully_async/count/stale_trajectory_processed:1047.0 - fully_async/count/current_param_version:4.0 - fully_async/processing_time/avg:115.89155308292118 - fully_async/processing_time/max:198.60777809499996 - fully_async/processing_time/min:8.424737481051125 - fully_async/processing_time/tp50:126.34345748199848 - fully_async/processing_time/tp99:195.26400677052092 - fully_async/processing_time/tp95:178.34514385269722 - fully_async/monitor/active_tasks_size:16.0 - fully_async/monitor/queue/pending_queue_size:128.0 - fully_async/monitor/queue/mq_queue_size:0.0 - fully_async/count/total_generated_samples:256.0 - fully_async/count/staleness_samples:80.0 - fully_async/count/dropped_stale_samples:0.0 - fully_async/static/max_required_samples:576.0 - fully_async/static/required_samples:64.0 - fully_async/static/staleness_threshold:8.0 - fully_async/static/max_queue_size:576.0 - fully_async/static/max_concurrent_samples:16.0 - fully_async/partial/total_partial_num:108.0 - fully_async/partial/partial_ratio:0.2109375 - fully_async/partial/max_partial_span:1.0 - timing_s/agent_loop/tool_calls/max:0.0 - timing_s/agent_loop/tool_calls/min:0.0 - timing_s/agent_loop/tool_calls/mean:0.0 - fully_async/total_wait_time:274.27452516555786 - actor/pg_clipfrac:0.0003669324119801881 - actor/ppo_kl:0.0007892241018106491 - actor/pg_clipfrac_lower:1.077849426929381e-06 - actor/pg_loss:0.02381161026278278 - actor/loss:0.02381160855293274 - actor/grad_norm:0.03451603651046753 - actor/lr:1e-06 - actor/perf/max_memory_allocated_gb:46.34761428833008 - actor/perf/max_memory_reserved_gb:73.544921875 - actor/perf/cpu_memory_used_gb:108.25789260864258 - perf/mfu/actor:0.3121979251112328 - dynamic_resource/train_compute_time_s:272.5769923480111 - dynamic_resource/train_allocated_time_s:563.2117764949799 - critic/score/mean:0.20616862177848816 - critic/score/max:1.0 - critic/score/min:0.0 - critic/rewards/mean:0.20616862177848816 - critic/rewards/max:1.0 - critic/rewards/min:0.0 - critic/advantages/mean:-0.023795710876584053 - critic/advantages/max:2.474862575531006 - critic/advantages/min:-2.4748458862304688 - critic/returns/mean:-0.023795710876584053 - critic/returns/max:2.474862575531006 - critic/returns/min:-2.4748458862304688 - response_length/mean:11107.541015625 - response_length/max:16384.0 - response_length/min:795.0 - response_length/clip_ratio:0.091796875 - response_length_non_aborted/mean:11107.541015625 - response_length_non_aborted/max:16384.0 - response_length_non_aborted/min:795.0 - response_length_non_aborted/clip_ratio:0.091796875 - response/aborted_ratio:0.0 - prompt_length/mean:461.75 - prompt_length/max:809.0 - prompt_length/min:125.0 - prompt_length/clip_ratio:0.0 - num_turns/min:2.0 - num_turns/max:2.0 - num_turns/mean:2.0 - timing_s/start_profile:4.956033080816269e-06 - timing_s/gen:274.6652827510261 - timing_s/reward:1.9503990188241005e-05 - timing_s/adv:0.010777060000691563 - timing_s/update_actor:272.56619578402024 - timing_s/timing_s/param_sync:2.8311211459804326 - timing_s/step:563.211793489987 - timing_s/stop_profile:4.229019396007061e-06 - timing_per_token_ms/adv:1.8193807455809422e-06 - timing_per_token_ms/update_actor:0.04601456134361968 - timing_per_token_ms/gen:0.04829652482205239 - perf/total_num_tokens:5923477.0 - perf/time_per_step:563.211793489987 - perf/throughput:5258.658526390845 - dynamic_resource/mq_size:36.0 - fully_async/trainer/idle_ratio:0.48767672468120854 - dynamic_resource/train_resource_utilization:0.483968914933441 - dynamic_resource/rollout_resource_utilization:0.999999641227359 - dynamic_resource/resource_utilization:0.7419842780804
[36m(ElasticFullyAsyncTrainer pid=3716643)[0m Training Progress:   8%|▊         | 6/80 [1:07:05<12:59:33, 632.08s/it]
[36m(ElasticFullyAsyncTrainer pid=3716643)[0m [FullyAsyncTrainer] Requesting 64 samples from queue
[36m(ElasticFullyAsyncTrainer pid=3716643)[0m [FullyAsyncTrainer] sample collected 1/64. mq_len: 31
[36m(ElasticFullyAsyncTrainer pid=3716643)[0m [FullyAsyncTrainer] sample collected 2/64. mq_len: 30
[36m(ElasticFullyAsyncTrainer pid=3716643)[0m [FullyAsyncTrainer] sample collected 3/64. mq_len: 29
[36m(ElasticFullyAsyncTrainer pid=3716643)[0m [FullyAsyncTrainer] sample collected 4/64. mq_len: 28
[36m(ElasticFullyAsyncTrainer pid=3716643)[0m [FullyAsyncTrainer] sample collected 5/64. mq_len: 27
[36m(ElasticFullyAsyncTrainer pid=3716643)[0m [FullyAsyncTrainer] sample collected 6/64. mq_len: 26
[36m(ElasticFullyAsyncTrainer pid=3716643)[0m [FullyAsyncTrainer] sample collected 7/64. mq_len: 25
[36m(ElasticFullyAsyncTrainer pid=3716643)[0m [FullyAsyncTrainer] sample collected 8/64. mq_len: 24
[36m(ElasticFullyAsyncTrainer pid=3716643)[0m [FullyAsyncTrainer] sample collected 9/64. mq_len: 23
[36m(ElasticFullyAsyncTrainer pid=3716643)[0m [FullyAsyncTrainer] sample collected 10/64. mq_len: 22
[36m(ElasticFullyAsyncTrainer pid=3716643)[0m [FullyAsyncTrainer] sample collected 11/64. mq_len: 21
[36m(ElasticFullyAsyncTrainer pid=3716643)[0m [FullyAsyncTrainer] sample collected 12/64. mq_len: 20
[36m(ElasticFullyAsyncTrainer pid=3716643)[0m [FullyAsyncTrainer] sample collected 13/64. mq_len: 19
[36m(ElasticFullyAsyncTrainer pid=3716643)[0m [FullyAsyncTrainer] sample collected 14/64. mq_len: 18
[36m(ElasticFullyAsyncTrainer pid=3716643)[0m [FullyAsyncTrainer] sample collected 15/64. mq_len: 17
[36m(ElasticFullyAsyncTrainer pid=3716643)[0m [FullyAsyncTrainer] sample collected 16/64. mq_len: 16
[36m(ElasticFullyAsyncTrainer pid=3716643)[0m [FullyAsyncTrainer] sample collected 17/64. mq_len: 15
[36m(ElasticFullyAsyncTrainer pid=3716643)[0m [FullyAsyncTrainer] sample collected 18/64. mq_len: 14
[36m(ElasticFullyAsyncTrainer pid=3716643)[0m [FullyAsyncTrainer] sample collected 19/64. mq_len: 13
[36m(ElasticFullyAsyncTrainer pid=3716643)[0m [FullyAsyncTrainer] sample collected 20/64. mq_len: 12
[36m(ElasticFullyAsyncTrainer pid=3716643)[0m 
[36m(ElasticFullyAsyncTrainer pid=3716643)[0m [FullyAsyncTrainer] sample collected 21/64. mq_len: 11
[36m(ElasticFullyAsyncTrainer pid=3716643)[0m [FullyAsyncTrainer] sample collected 22/64. mq_len: 10
[36m(ElasticFullyAsyncTrainer pid=3716643)[0m [FullyAsyncTrainer] sample collected 23/64. mq_len: 9
[36m(ElasticFullyAsyncTrainer pid=3716643)[0m [FullyAsyncTrainer] sample collected 24/64. mq_len: 8
[36m(ElasticFullyAsyncTrainer pid=3716643)[0m [FullyAsyncTrainer] sample collected 25/64. mq_len: 7
[36m(ElasticFullyAsyncTrainer pid=3716643)[0m [FullyAsyncTrainer] sample collected 26/64. mq_len: 6
[36m(ElasticFullyAsyncTrainer pid=3716643)[0m [FullyAsyncTrainer] sample collected 27/64. mq_len: 5
[36m(ElasticFullyAsyncTrainer pid=3716643)[0m [FullyAsyncTrainer] sample collected 28/64. mq_len: 4
[36m(ElasticFullyAsyncTrainer pid=3716643)[0m [FullyAsyncTrainer] sample collected 29/64. mq_len: 3
[36m(ElasticFullyAsyncTrainer pid=3716643)[0m [FullyAsyncTrainer] sample collected 30/64. mq_len: 2
[36m(ElasticFullyAsyncTrainer pid=3716643)[0m [FullyAsyncTrainer] sample collected 31/64. mq_len: 1
[36m(ElasticFullyAsyncTrainer pid=3716643)[0m [FullyAsyncTrainer] sample collected 32/64. mq_len: 0
[36m(WorkerDict pid=3717206)[0m [cr-shim] PID 3717206: SUSPEND — 2 comms
[36m(WorkerDict pid=3717206)[0m [cr-shim] PID 3717206:   comm 0x7b89322187e0 suspend rc=0
[36m(ElasticFullyAsyncTrainer pid=3716643)[0m [FullyAsyncTrainer] sample collected 33/64. mq_len: 0
[36m(ElasticFullyAsyncRollouter pid=3707180)[0m [FullyAsyncRollouter][MonitorLoop][Statistics] {'count/dropped_stale_samples': 0,
[36m(ElasticFullyAsyncRollouter pid=3707180)[0m  'count/staleness_samples': 49,
[36m(ElasticFullyAsyncRollouter pid=3707180)[0m  'count/total_generated_samples': 417,
[36m(ElasticFullyAsyncRollouter pid=3707180)[0m  'monitor/active_tasks_size': 16,
[36m(ElasticFullyAsyncRollouter pid=3707180)[0m  'monitor/queue/mq_queue_size': 0,
[36m(ElasticFullyAsyncRollouter pid=3707180)[0m  'monitor/queue/pending_queue_size': 128,
[36m(ElasticFullyAsyncRollouter pid=3707180)[0m  'static/max_concurrent_samples': 16,
[36m(ElasticFullyAsyncRollouter pid=3707180)[0m  'static/max_queue_size': 576,
[36m(ElasticFullyAsyncRollouter pid=3707180)[0m  'static/max_required_samples': 576,
[36m(ElasticFullyAsyncRollouter pid=3707180)[0m  'static/required_samples': 64,
[36m(ElasticFullyAsyncRollouter pid=3707180)[0m  'static/staleness_threshold': 8}
[36m(ElasticFullyAsyncTrainer pid=3716643)[0m [FullyAsyncTrainer] sample collected 34/64. mq_len: 0
[36m(ElasticFullyAsyncTrainer pid=3716643)[0m [FullyAsyncTrainer] sample collected 35/64. mq_len: 0
[36m(ElasticFullyAsyncTrainer pid=3716643)[0m [FullyAsyncTrainer] sample collected 36/64. mq_len: 0
[36m(vLLMHttpServer pid=3712796)[0m (EngineCore pid=3713317) WARNING 08-06 00:17:02 [scheduler.py:1919] reset_connector called but no KV connector is configured.
[36m(ElasticFullyAsyncRollouter pid=3707180)[0m [ElasticFullyAsyncRollouter] max_concurrent_samples: 16 -> 32 (elastic override)
[36m(ElasticFullyAsyncTrainer pid=3716643)[0m [FullyAsyncTrainer] sample collected 37/64. mq_len: 0
[36m(ElasticFullyAsyncTrainer pid=3716643)[0m [FullyAsyncTrainer] sample collected 38/64. mq_len: 0
[36m(ElasticFullyAsyncTrainer pid=3716643)[0m [FullyAsyncTrainer] sample collected 39/64. mq_len: 0
[36m(ElasticFullyAsyncRollouter pid=3707180)[0m [FullyAsyncRollouter][MonitorLoop][Statistics] {'count/dropped_stale_samples': 0,
[36m(ElasticFullyAsyncRollouter pid=3707180)[0m  'count/staleness_samples': 71,
[36m(ElasticFullyAsyncRollouter pid=3707180)[0m  'count/total_generated_samples': 423,
[36m(ElasticFullyAsyncRollouter pid=3707180)[0m  'monitor/active_tasks_size': 32,
[36m(ElasticFullyAsyncRollouter pid=3707180)[0m  'monitor/queue/mq_queue_size': 0,
[36m(ElasticFullyAsyncRollouter pid=3707180)[0m  'monitor/queue/pending_queue_size': 128,
[36m(ElasticFullyAsyncRollouter pid=3707180)[0m  'static/max_concurrent_samples': 32,
[36m(ElasticFullyAsyncRollouter pid=3707180)[0m  'static/max_queue_size': 576,
[36m(ElasticFullyAsyncRollouter pid=3707180)[0m  'static/max_required_samples': 576,
[36m(ElasticFullyAsyncRollouter pid=3707180)[0m  'static/required_samples': 64,
[36m(ElasticFullyAsyncRollouter pid=3707180)[0m  'static/staleness_threshold': 8}
[36m(ElasticFullyAsyncTrainer pid=3716643)[0m [FullyAsyncTrainer] sample collected 40/64. mq_len: 0
[36m(ElasticFullyAsyncTrainer pid=3716643)[0m [FullyAsyncTrainer] sample collected 41/64. mq_len: 0
[36m(ElasticFullyAsyncTrainer pid=3716643)[0m [FullyAsyncTrainer] sample collected 42/64. mq_len: 0
[36m(ElasticFullyAsyncTrainer pid=3716643)[0m [FullyAsyncTrainer] sample collected 43/64. mq_len: 0
[36m(ElasticFullyAsyncTrainer pid=3716643)[0m [FullyAsyncTrainer] sample collected 44/64. mq_len: 0
[36m(ElasticFullyAsyncRollouter pid=3707180)[0m [ElasticFullyAsyncRollouter] max_concurrent_samples: 32 -> 16 (elastic override)
[36m(ElasticFullyAsyncTrainer pid=3716643)[0m [FullyAsyncTrainer] sample collected 45/64. mq_len: 0
[36m(ElasticFullyAsyncTrainer pid=3716643)[0m [FullyAsyncTrainer] sample collected 46/64. mq_len: 0
[36m(ElasticFullyAsyncTrainer pid=3716643)[0m [FullyAsyncTrainer] sample collected 47/64. mq_len: 0
[36m(WorkerDict pid=3717206)[0m 
[36m(WorkerDict pid=3717206)[0m [2026-08-06 00:19:03] elastic-m1-zc8xk:3717206:3717206 [0] mem_manager.cc:537 (ncclCommMemResume) NCCL WARN MemManager: Not in suspended state
[36m(WorkerDict pid=3717206)[0m [cr-shim] PID 3717206: RESUME — 2 comms
[36m(WorkerDict pid=3717206)[0m [cr-shim] PID 3717206:   comm 0x7b89322187e0 resume rc=0
[36m(WorkerDict pid=3717206)[0m [cr-shim] PID 3717206:   comm 0x7b8589723750 resume rc=5
[36m(WorkerDict pid=3717206)[0m [cr-shim] PID 3717206: resume done 0.1ms
[36m(ElasticFullyAsyncRollouter pid=3707180)[0m [FullyAsyncRollouter][MonitorLoop][Statistics] {'count/dropped_stale_samples': 0,
[36m(ElasticFullyAsyncRollouter pid=3707180)[0m  'count/staleness_samples': 76,
[36m(ElasticFullyAsyncRollouter pid=3707180)[0m  'count/total_generated_samples': 431,
[36m(ElasticFullyAsyncRollouter pid=3707180)[0m  'monitor/active_tasks_size': 29,
[36m(ElasticFullyAsyncRollouter pid=3707180)[0m  'monitor/queue/mq_queue_size': 0,
[36m(ElasticFullyAsyncRollouter pid=3707180)[0m  'monitor/queue/pending_queue_size': 128,
[36m(ElasticFullyAsyncRollouter pid=3707180)[0m  'static/max_concurrent_samples': 16,
[36m(ElasticFullyAsyncRollouter pid=3707180)[0m  'static/max_queue_size': 576,
[36m(ElasticFullyAsyncRollouter pid=3707180)[0m  'static/max_required_samples': 576,
[36m(ElasticFullyAsyncRollouter pid=3707180)[0m  'static/required_samples': 64,
[36m(ElasticFullyAsyncRollouter pid=3707180)[0m  'static/staleness_threshold': 8}
[36m(ElasticFullyAsyncTrainer pid=3716643)[0m [FullyAsyncTrainer] sample collected 48/64. mq_len: 0
[36m(ElasticFullyAsyncTrainer pid=3716643)[0m [FullyAsyncTrainer] sample collected 49/64. mq_len: 0
[36m(ElasticFullyAsyncTrainer pid=3716643)[0m [FullyAsyncTrainer] sample collected 50/64. mq_len: 0
[36m(ElasticFullyAsyncTrainer pid=3716643)[0m [FullyAsyncTrainer] sample collected 51/64. mq_len: 0
[36m(ElasticFullyAsyncTrainer pid=3716643)[0m [FullyAsyncTrainer] sample collected 52/64. mq_len: 0
[36m(ElasticFullyAsyncTrainer pid=3716643)[0m [FullyAsyncTrainer] sample collected 53/64. mq_len: 0
[36m(ElasticFullyAsyncTrainer pid=3716643)[0m [FullyAsyncTrainer] sample collected 54/64. mq_len: 0
[36m(ElasticFullyAsyncTrainer pid=3716643)[0m [FullyAsyncTrainer] sample collected 55/64. mq_len: 0
[36m(ElasticFullyAsyncTrainer pid=3716643)[0m [FullyAsyncTrainer] sample collected 56/64. mq_len: 0
[36m(ElasticFullyAsyncTrainer pid=3716643)[0m [FullyAsyncTrainer] sample collected 57/64. mq_len: 0
[36m(ElasticFullyAsyncTrainer pid=3716643)[0m [FullyAsyncTrainer] sample collected 58/64. mq_len: 0
[36m(ElasticFullyAsyncTrainer pid=3716643)[0m [FullyAsyncTrainer] sample collected 59/64. mq_len: 0
[36m(ElasticFullyAsyncTrainer pid=3716643)[0m [FullyAsyncTrainer] sample collected 60/64. mq_len: 0
[36m(ElasticFullyAsyncTrainer pid=3716643)[0m [FullyAsyncTrainer] sample collected 61/64. mq_len: 0
[36m(ElasticFullyAsyncRollouter pid=3707180)[0m [FullyAsyncRollouter][MonitorLoop][Statistics] {'count/dropped_stale_samples': 0,
[36m(ElasticFullyAsyncRollouter pid=3707180)[0m  'count/staleness_samples': 77,
[36m(ElasticFullyAsyncRollouter pid=3707180)[0m  'count/total_generated_samples': 445,
[36m(ElasticFullyAsyncRollouter pid=3707180)[0m  'monitor/active_tasks_size': 16,
[36m(ElasticFullyAsyncRollouter pid=3707180)[0m  'monitor/queue/mq_queue_size': 0,
[36m(ElasticFullyAsyncRollouter pid=3707180)[0m  'monitor/queue/pending_queue_size': 128,
[36m(ElasticFullyAsyncRollouter pid=3707180)[0m  'static/max_concurrent_samples': 16,
[36m(ElasticFullyAsyncRollouter pid=3707180)[0m  'static/max_queue_size': 576,
[36m(ElasticFullyAsyncRollouter pid=3707180)[0m  'static/max_required_samples': 576,
[36m(ElasticFullyAsyncRollouter pid=3707180)[0m  'static/required_samples': 64,
[36m(ElasticFullyAsyncRollouter pid=3707180)[0m  'static/staleness_threshold': 8}
[36m(ElasticFullyAsyncTrainer pid=3716643)[0m [FullyAsyncTrainer] sample collected 62/64. mq_len: 0
[36m(ElasticFullyAsyncTrainer pid=3716643)[0m [FullyAsyncTrainer] sample collected 63/64. mq_len: 0
[36m(ElasticFullyAsyncTrainer pid=3716643)[0m [FullyAsyncTrainer] sample collected 64/64. mq_len: 0
[36m(ElasticFullyAsyncTrainer pid=3716643)[0m [FullyAsyncTrainer] Collected 64/64 samples. mq_len: 0
[36m(ElasticFullyAsyncTrainer pid=3716643)[0m [FullyAsyncTrainer] Loop collection completed: 64/64 samples, total wait time: 253.31 seconds. mq_len: 0
[36m(ElasticFullyAsyncTrainer pid=3716643)[0m [BatchUtils] Assembling batch from 64 RolloutSample objects
[36m(ElasticFullyAsyncTrainer pid=3716643)[0m [BatchUtils] Batch assembly completed in 0.26s
[36m(ElasticFullyAsyncRollouter pid=3707180)[0m [FullyAsyncRollouter][MonitorLoop][Statistics] {'count/dropped_stale_samples': 0,
[36m(ElasticFullyAsyncRollouter pid=3707180)[0m  'count/staleness_samples': 90,
[36m(ElasticFullyAsyncRollouter pid=3707180)[0m  'count/total_generated_samples': 458,
[36m(ElasticFullyAsyncRollouter pid=3707180)[0m  'monitor/active_tasks_size': 16,
[36m(ElasticFullyAsyncRollouter pid=3707180)[0m  'monitor/queue/mq_queue_size': 10,
[36m(ElasticFullyAsyncRollouter pid=3707180)[0m  'monitor/queue/pending_queue_size': 128,
[36m(ElasticFullyAsyncRollouter pid=3707180)[0m  'static/max_concurrent_samples': 16,
[36m(ElasticFullyAsyncRollouter pid=3707180)[0m  'static/max_queue_size': 576,
[36m(ElasticFullyAsyncRollouter pid=3707180)[0m  'static/max_required_samples': 576,
[36m(ElasticFullyAsyncRollouter pid=3707180)[0m  'static/required_samples': 64,
[36m(ElasticFullyAsyncRollouter pid=3707180)[0m  'static/staleness_threshold': 8}
[36m(ElasticFullyAsyncRollouter pid=3707180)[0m [FullyAsyncRollouter][MonitorLoop][Statistics] {'count/dropped_stale_samples': 0,
[36m(ElasticFullyAsyncRollouter pid=3707180)[0m  'count/staleness_samples': 94,
[36m(ElasticFullyAsyncRollouter pid=3707180)[0m  'count/total_generated_samples': 462,
[36m(ElasticFullyAsyncRollouter pid=3707180)[0m  'monitor/active_tasks_size': 16,
[36m(ElasticFullyAsyncRollouter pid=3707180)[0m  'monitor/queue/mq_queue_size': 14,
[36m(ElasticFullyAsyncRollouter pid=3707180)[0m  'monitor/queue/pending_queue_size': 128,
[36m(ElasticFullyAsyncRollouter pid=3707180)[0m  'static/max_concurrent_samples': 16,
[36m(ElasticFullyAsyncRollouter pid=3707180)[0m  'static/max_queue_size': 576,
[36m(ElasticFullyAsyncRollouter pid=3707180)[0m  'static/max_required_samples': 576,
[36m(ElasticFullyAsyncRollouter pid=3707180)[0m  'static/required_samples': 64,
[36m(ElasticFullyAsyncRollouter pid=3707180)[0m  'static/staleness_threshold': 8}
[36m(ElasticFullyAsyncRollouter pid=3707180)[0m [FullyAsyncRollouter][MonitorLoop][Statistics] {'count/dropped_stale_samples': 0,
[36m(ElasticFullyAsyncRollouter pid=3707180)[0m  'count/staleness_samples': 102,
[36m(ElasticFullyAsyncRollouter pid=3707180)[0m  'count/total_generated_samples': 470,
[36m(ElasticFullyAsyncRollouter pid=3707180)[0m  'monitor/active_tasks_size': 16,
[36m(ElasticFullyAsyncRollouter pid=3707180)[0m  'monitor/queue/mq_queue_size': 22,
[36m(ElasticFullyAsyncRollouter pid=3707180)[0m  'monitor/queue/pending_queue_size': 128,
[36m(ElasticFullyAsyncRollouter pid=3707180)[0m  'static/max_concurrent_samples': 16,
[36m(ElasticFullyAsyncRollouter pid=3707180)[0m  'static/max_queue_size': 576,
[36m(ElasticFullyAsyncRollouter pid=3707180)[0m  'static/max_required_samples': 576,
[36m(ElasticFullyAsyncRollouter pid=3707180)[0m  'static/required_samples': 64,
[36m(ElasticFullyAsyncRollouter pid=3707180)[0m  'static/staleness_threshold': 8}
[36m(ElasticFullyAsyncRollouter pid=3707180)[0m [FullyAsyncRollouter][MonitorLoop][Statistics] {'count/dropped_stale_samples': 0,
[36m(ElasticFullyAsyncRollouter pid=3707180)[0m  'count/staleness_samples': 113,
[36m(ElasticFullyAsyncRollouter pid=3707180)[0m  'count/total_generated_samples': 481,
[36m(ElasticFullyAsyncRollouter pid=3707180)[0m  'monitor/active_tasks_size': 16,
[36m(ElasticFullyAsyncRollouter pid=3707180)[0m  'monitor/queue/mq_queue_size': 33,
[36m(ElasticFullyAsyncRollouter pid=3707180)[0m  'monitor/queue/pending_queue_size': 128,
[36m(ElasticFullyAsyncRollouter pid=3707180)[0m  'static/max_concurrent_samples': 16,
[36m(ElasticFullyAsyncRollouter pid=3707180)[0m  'static/max_queue_size': 576,
[36m(ElasticFullyAsyncRollouter pid=3707180)[0m  'static/max_required_samples': 576,
[36m(ElasticFullyAsyncRollouter pid=3707180)[0m  'static/required_samples': 64,
[36m(ElasticFullyAsyncRollouter pid=3707180)[0m  'static/staleness_threshold': 8}
[36m(ElasticFullyAsyncRollouter pid=3707180)[0m [FullyAsyncRollouter][MonitorLoop][Statistics] {'count/dropped_stale_samples': 0,
[36m(ElasticFullyAsyncRollouter pid=3707180)[0m  'count/staleness_samples': 123,
[36m(ElasticFullyAsyncRollouter pid=3707180)[0m  'count/total_generated_samples': 491,
[36m(ElasticFullyAsyncRollouter pid=3707180)[0m  'monitor/active_tasks_size': 16,
[36m(ElasticFullyAsyncRollouter pid=3707180)[0m  'monitor/queue/mq_queue_size': 43,
[36m(ElasticFullyAsyncRollouter pid=3707180)[0m  'monitor/queue/pending_queue_size': 128,
[36m(ElasticFullyAsyncRollouter pid=3707180)[0m  'static/max_concurrent_samples': 16,
[36m(ElasticFullyAsyncRollouter pid=3707180)[0m  'static/max_queue_size': 576,
[36m(ElasticFullyAsyncRollouter pid=3707180)[0m  'static/max_required_samples': 576,
[36m(ElasticFullyAsyncRollouter pid=3707180)[0m  'static/required_samples': 64,
[36m(ElasticFullyAsyncRollouter pid=3707180)[0m  'static/staleness_threshold': 8}
[36m(ElasticFullyAsyncRollouter pid=3707180)[0m [FullyAsyncRollouter][MonitorLoop][Statistics] {'count/dropped_stale_samples': 0,
[36m(ElasticFullyAsyncRollouter pid=3707180)[0m  'count/staleness_samples': 130,
[36m(ElasticFullyAsyncRollouter pid=3707180)[0m  'count/total_generated_samples': 498,
[36m(ElasticFullyAsyncRollouter pid=3707180)[0m  'monitor/active_tasks_size': 16,
[36m(ElasticFullyAsyncRollouter pid=3707180)[0m  'monitor/queue/mq_queue_size': 50,
[36m(ElasticFullyAsyncRollouter pid=3707180)[0m  'monitor/queue/pending_queue_size': 128,
[36m(ElasticFullyAsyncRollouter pid=3707180)[0m  'static/max_concurrent_samples': 16,
[36m(ElasticFullyAsyncRollouter pid=3707180)[0m  'static/max_queue_size': 576,
[36m(ElasticFullyAsyncRollouter pid=3707180)[0m  'static/max_required_samples': 576,
[36m(ElasticFullyAsyncRollouter pid=3707180)[0m  'static/required_samples': 64,
[36m(ElasticFullyAsyncRollouter pid=3707180)[0m  'static/staleness_threshold': 8}
[36m(MessageQueue pid=3718065)[0m MessageQueue stats: produced=500, queue_size=52
[36m(ElasticFullyAsyncRollouter pid=3707180)[0m [FullyAsyncRollouter][MonitorLoop][Statistics] {'count/dropped_stale_samples': 0,
[36m(ElasticFullyAsyncRollouter pid=3707180)[0m  'count/staleness_samples': 139,
[36m(ElasticFullyAsyncRollouter pid=3707180)[0m  'count/total_generated_samples': 507,
[36m(ElasticFullyAsyncRollouter pid=3707180)[0m  'monitor/active_tasks_size': 16,
[36m(ElasticFullyAsyncRollouter pid=3707180)[0m  'monitor/queue/mq_queue_size': 59,
[36m(ElasticFullyAsyncRollouter pid=3707180)[0m  'monitor/queue/pending_queue_size': 128,
[36m(ElasticFullyAsyncRollouter pid=3707180)[0m  'static/max_concurrent_samples': 16,
[36m(ElasticFullyAsyncRollouter pid=3707180)[0m  'static/max_queue_size': 576,
[36m(ElasticFullyAsyncRollouter pid=3707180)[0m  'static/max_required_samples': 576,
[36m(ElasticFullyAsyncRollouter pid=3707180)[0m  'static/required_samples': 64,
[36m(ElasticFullyAsyncRollouter pid=3707180)[0m  'static/staleness_threshold': 8}
[36m(ElasticFullyAsyncRollouter pid=3707180)[0m [FullyAsyncRollouter][MonitorLoop][Statistics] {'count/dropped_stale_samples': 0,
[36m(ElasticFullyAsyncRollouter pid=3707180)[0m  'count/staleness_samples': 147,
[36m(ElasticFullyAsyncRollouter pid=3707180)[0m  'count/total_generated_samples': 515,
[36m(ElasticFullyAsyncRollouter pid=3707180)[0m  'monitor/active_tasks_size': 16,
[36m(ElasticFullyAsyncRollouter pid=3707180)[0m  'monitor/queue/mq_queue_size': 67,
[36m(ElasticFullyAsyncRollouter pid=3707180)[0m  'monitor/queue/pending_queue_size': 128,
[36m(ElasticFullyAsyncRollouter pid=3707180)[0m  'static/max_concurrent_samples': 16,
[36m(ElasticFullyAsyncRollouter pid=3707180)[0m  'static/max_queue_size': 576,
[36m(ElasticFullyAsyncRollouter pid=3707180)[0m  'static/max_required_samples': 576,
[36m(ElasticFullyAsyncRollouter pid=3707180)[0m  'static/required_samples': 64,
[36m(ElasticFullyAsyncRollouter pid=3707180)[0m  'static/staleness_threshold': 8}
[36m(ElasticFullyAsyncRollouter pid=3707180)[0m [FullyAsyncRollouter][MonitorLoop][Statistics] {'count/dropped_stale_samples': 0,
[36m(ElasticFullyAsyncRollouter pid=3707180)[0m  'count/staleness_samples': 151,
[36m(ElasticFullyAsyncRollouter pid=3707180)[0m  'count/total_generated_samples': 519,
[36m(ElasticFullyAsyncRollouter pid=3707180)[0m  'monitor/active_tasks_size': 16,
[36m(ElasticFullyAsyncRollouter pid=3707180)[0m  'monitor/queue/mq_queue_size': 71,
[36m(ElasticFullyAsyncRollouter pid=3707180)[0m  'monitor/queue/pending_queue_size': 128,
[36m(ElasticFullyAsyncRollouter pid=3707180)[0m  'static/max_concurrent_samples': 16,
[36m(ElasticFullyAsyncRollouter pid=3707180)[0m  'static/max_queue_size': 576,
[36m(ElasticFullyAsyncRollouter pid=3707180)[0m  'static/max_required_samples': 576,
[36m(ElasticFullyAsyncRollouter pid=3707180)[0m  'static/required_samples': 64,
[36m(ElasticFullyAsyncRollouter pid=3707180)[0m  'static/staleness_threshold': 8}
[36m(ElasticFullyAsyncRollouter pid=3707180)[0m [FullyAsyncRollouter][MonitorLoop][Statistics] {'count/dropped_stale_samples': 0,
[36m(ElasticFullyAsyncRollouter pid=3707180)[0m  'count/staleness_samples': 162,
[36m(ElasticFullyAsyncRollouter pid=3707180)[0m  'count/total_generated_samples': 530,
[36m(ElasticFullyAsyncRollouter pid=3707180)[0m  'monitor/active_tasks_size': 16,
[36m(ElasticFullyAsyncRollouter pid=3707180)[0m  'monitor/queue/mq_queue_size': 82,
[36m(ElasticFullyAsyncRollouter pid=3707180)[0m  'monitor/queue/pending_queue_size': 128,
[36m(ElasticFullyAsyncRollouter pid=3707180)[0m  'static/max_concurrent_samples': 16,
[36m(ElasticFullyAsyncRollouter pid=3707180)[0m  'static/max_queue_size': 576,
[36m(ElasticFullyAsyncRollouter pid=3707180)[0m  'static/max_required_samples': 576,
[36m(ElasticFullyAsyncRollouter pid=3707180)[0m  'static/required_samples': 64,
[36m(ElasticFullyAsyncRollouter pid=3707180)[0m  'static/staleness_threshold': 8}
[36m(ElasticFullyAsyncRollouter pid=3707180)[0m [FullyAsyncRollouter][MonitorLoop][Statistics] {'count/dropped_stale_samples': 0,
[36m(ElasticFullyAsyncRollouter pid=3707180)[0m  'count/staleness_samples': 170,
[36m(ElasticFullyAsyncRollouter pid=3707180)[0m  'count/total_generated_samples': 538,
[36m(ElasticFullyAsyncRollouter pid=3707180)[0m  'monitor/active_tasks_size': 16,
[36m(ElasticFullyAsyncRollouter pid=3707180)[0m  'monitor/queue/mq_queue_size': 90,
[36m(ElasticFullyAsyncRollouter pid=3707180)[0m  'monitor/queue/pending_queue_size': 128,
[36m(ElasticFullyAsyncRollouter pid=3707180)[0m  'static/max_concurrent_samples': 16,
[36m(ElasticFullyAsyncRollouter pid=3707180)[0m  'static/max_queue_size': 576,
[36m(ElasticFullyAsyncRollouter pid=3707180)[0m  'static/max_required_samples': 576,
[36m(ElasticFullyAsyncRollouter pid=3707180)[0m  'static/required_samples': 64,
[36m(ElasticFullyAsyncRollouter pid=3707180)[0m  'static/staleness_threshold': 8}
[36m(ElasticFullyAsyncRollouter pid=3707180)[0m [FullyAsyncRollouter][MonitorLoop][Statistics] {'count/dropped_stale_samples': 0,
[36m(ElasticFullyAsyncRollouter pid=3707180)[0m  'count/staleness_samples': 178,
[36m(ElasticFullyAsyncRollouter pid=3707180)[0m  'count/total_generated_samples': 546,
[36m(ElasticFullyAsyncRollouter pid=3707180)[0m  'monitor/active_tasks_size': 16,
[36m(ElasticFullyAsyncRollouter pid=3707180)[0m  'monitor/queue/mq_queue_size': 98,
[36m(ElasticFullyAsyncRollouter pid=3707180)[0m  'monitor/queue/pending_queue_size': 128,
[36m(ElasticFullyAsyncRollouter pid=3707180)[0m  'static/max_concurrent_samples': 16,
[36m(ElasticFullyAsyncRollouter pid=3707180)[0m  'static/max_queue_size': 576,
[36m(ElasticFullyAsyncRollouter pid=3707180)[0m  'static/max_required_samples': 576,
[36m(ElasticFullyAsyncRollouter pid=3707180)[0m  'static/required_samples': 64,
[36m(ElasticFullyAsyncRollouter pid=3707180)[0m  'static/staleness_threshold': 8}
[36m(ElasticFullyAsyncRollouter pid=3707180)[0m [FullyAsyncRollouter][MonitorLoop][Statistics] {'count/dropped_stale_samples': 0,
[36m(ElasticFullyAsyncRollouter pid=3707180)[0m  'count/staleness_samples': 187,
[36m(ElasticFullyAsyncRollouter pid=3707180)[0m  'count/total_generated_samples': 555,
[36m(ElasticFullyAsyncRollouter pid=3707180)[0m  'monitor/active_tasks_size': 16,
[36m(ElasticFullyAsyncRollouter pid=3707180)[0m  'monitor/queue/mq_queue_size': 107,
[36m(ElasticFullyAsyncRollouter pid=3707180)[0m  'monitor/queue/pending_queue_size': 128,
[36m(ElasticFullyAsyncRollouter pid=3707180)[0m  'static/max_concurrent_samples': 16,
[36m(ElasticFullyAsyncRollouter pid=3707180)[0m  'static/max_queue_size': 576,
[36m(ElasticFullyAsyncRollouter pid=3707180)[0m  'static/max_required_samples': 576,
[36m(ElasticFullyAsyncRollouter pid=3707180)[0m  'static/required_samples': 64,
[36m(ElasticFullyAsyncRollouter pid=3707180)[0m  'static/staleness_threshold': 8}
[36m(ElasticFullyAsyncRollouter pid=3707180)[0m [FullyAsyncRollouter][MonitorLoop][Statistics] {'count/dropped_stale_samples': 0,
[36m(ElasticFullyAsyncRollouter pid=3707180)[0m  'count/staleness_samples': 192,
[36m(ElasticFullyAsyncRollouter pid=3707180)[0m  'count/total_generated_samples': 560,
[36m(ElasticFullyAsyncRollouter pid=3707180)[0m  'monitor/active_tasks_size': 16,
[36m(ElasticFullyAsyncRollouter pid=3707180)[0m  'monitor/queue/mq_queue_size': 112,
[36m(ElasticFullyAsyncRollouter pid=3707180)[0m  'monitor/queue/pending_queue_size': 128,
[36m(ElasticFullyAsyncRollouter pid=3707180)[0m  'static/max_concurrent_samples': 16,
[36m(ElasticFullyAsyncRollouter pid=3707180)[0m  'static/max_queue_size': 576,
[36m(ElasticFullyAsyncRollouter pid=3707180)[0m  'static/max_required_samples': 576,
[36m(ElasticFullyAsyncRollouter pid=3707180)[0m  'static/required_samples': 64,
[36m(ElasticFullyAsyncRollouter pid=3707180)[0m  'static/staleness_threshold': 8}
[36m(ElasticFullyAsyncRollouter pid=3707180)[0m [FullyAsyncRollouter][MonitorLoop][Statistics] {'count/dropped_stale_samples': 0,
[36m(ElasticFullyAsyncRollouter pid=3707180)[0m  'count/staleness_samples': 201,
[36m(ElasticFullyAsyncRollouter pid=3707180)[0m  'count/total_generated_samples': 569,
[36m(ElasticFullyAsyncRollouter pid=3707180)[0m  'monitor/active_tasks_size': 16,
[36m(ElasticFullyAsyncRollouter pid=3707180)[0m  'monitor/queue/mq_queue_size': 121,
[36m(ElasticFullyAsyncRollouter pid=3707180)[0m  'monitor/queue/pending_queue_size': 128,
[36m(ElasticFullyAsyncRollouter pid=3707180)[0m  'static/max_concurrent_samples': 16,
[36m(ElasticFullyAsyncRollouter pid=3707180)[0m  'static/max_queue_size': 576,
[36m(ElasticFullyAsyncRollouter pid=3707180)[0m  'static/max_required_samples': 576,
[36m(ElasticFullyAsyncRollouter pid=3707180)[0m  'static/required_samples': 64,
[36m(ElasticFullyAsyncRollouter pid=3707180)[0m  'static/staleness_threshold': 8}
[36m(ElasticFullyAsyncRollouter pid=3707180)[0m [FullyAsyncRollouter][MonitorLoop][Statistics] {'count/dropped_stale_samples': 0,
[36m(ElasticFullyAsyncRollouter pid=3707180)[0m  'count/staleness_samples': 209,
[36m(ElasticFullyAsyncRollouter pid=3707180)[0m  'count/total_generated_samples': 577,
[36m(ElasticFullyAsyncRollouter pid=3707180)[0m  'monitor/active_tasks_size': 16,
[36m(ElasticFullyAsyncRollouter pid=3707180)[0m  'monitor/queue/mq_queue_size': 129,
[36m(ElasticFullyAsyncRollouter pid=3707180)[0m  'monitor/queue/pending_queue_size': 128,
[36m(ElasticFullyAsyncRollouter pid=3707180)[0m  'static/max_concurrent_samples': 16,
[36m(ElasticFullyAsyncRollouter pid=3707180)[0m  'static/max_queue_size': 576,
[36m(ElasticFullyAsyncRollouter pid=3707180)[0m  'static/max_required_samples': 576,
[36m(ElasticFullyAsyncRollouter pid=3707180)[0m  'static/required_samples': 64,
[36m(ElasticFullyAsyncRollouter pid=3707180)[0m  'static/staleness_threshold': 8}
[36m(ElasticFullyAsyncRollouter pid=3707180)[0m [FullyAsyncRollouter][MonitorLoop][Statistics] {'count/dropped_stale_samples': 0,
[36m(ElasticFullyAsyncRollouter pid=3707180)[0m  'count/staleness_samples': 219,
[36m(ElasticFullyAsyncRollouter pid=3707180)[0m  'count/total_generated_samples': 587,
[36m(ElasticFullyAsyncRollouter pid=3707180)[0m  'monitor/active_tasks_size': 16,
[36m(ElasticFullyAsyncRollouter pid=3707180)[0m  'monitor/queue/mq_queue_size': 139,
[36m(ElasticFullyAsyncRollouter pid=3707180)[0m  'monitor/queue/pending_queue_size': 128,
[36m(ElasticFullyAsyncRollouter pid=3707180)[0m  'static/max_concurrent_samples': 16,
[36m(ElasticFullyAsyncRollouter pid=3707180)[0m  'static/max_queue_size': 576,
[36m(ElasticFullyAsyncRollouter pid=3707180)[0m  'static/max_required_samples': 576,
[36m(ElasticFullyAsyncRollouter pid=3707180)[0m  'static/required_samples': 64,
[36m(ElasticFullyAsyncRollouter pid=3707180)[0m  'static/staleness_threshold': 8}
[36m(ElasticFullyAsyncRollouter pid=3707180)[0m [FullyAsyncRollouter][MonitorLoop][Statistics] {'count/dropped_stale_samples': 0,
[36m(ElasticFullyAsyncRollouter pid=3707180)[0m  'count/staleness_samples': 229,
[36m(ElasticFullyAsyncRollouter pid=3707180)[0m  'count/total_generated_samples': 597,
[36m(ElasticFullyAsyncRollouter pid=3707180)[0m  'monitor/active_tasks_size': 16,
[36m(ElasticFullyAsyncRollouter pid=3707180)[0m  'monitor/queue/mq_queue_size': 149,
[36m(ElasticFullyAsyncRollouter pid=3707180)[0m  'monitor/queue/pending_queue_size': 128,
[36m(ElasticFullyAsyncRollouter pid=3707180)[0m  'static/max_concurrent_samples': 16,
[36m(ElasticFullyAsyncRollouter pid=3707180)[0m  'static/max_queue_size': 576,
[36m(ElasticFullyAsyncRollouter pid=3707180)[0m  'static/max_required_samples': 576,
[36m(ElasticFullyAsyncRollouter pid=3707180)[0m  'static/required_samples': 64,
[36m(ElasticFullyAsyncRollouter pid=3707180)[0m  'static/staleness_threshold': 8}
[36m(MessageQueue pid=3718065)[0m MessageQueue stats: produced=600, queue_size=152
[36m(ElasticFullyAsyncRollouter pid=3707180)[0m [FullyAsyncRollouter][MonitorLoop][Statistics] {'count/dropped_stale_samples': 0,
[36m(ElasticFullyAsyncRollouter pid=3707180)[0m  'count/staleness_samples': 234,
[36m(ElasticFullyAsyncRollouter pid=3707180)[0m  'count/total_generated_samples': 602,
[36m(ElasticFullyAsyncRollouter pid=3707180)[0m  'monitor/active_tasks_size': 16,
[36m(ElasticFullyAsyncRollouter pid=3707180)[0m  'monitor/queue/mq_queue_size': 154,
[36m(ElasticFullyAsyncRollouter pid=3707180)[0m  'monitor/queue/pending_queue_size': 128,
[36m(ElasticFullyAsyncRollouter pid=3707180)[0m  'static/max_concurrent_samples': 16,
[36m(ElasticFullyAsyncRollouter pid=3707180)[0m  'static/max_queue_size': 576,
[36m(ElasticFullyAsyncRollouter pid=3707180)[0m  'static/max_required_samples': 576,
[36m(ElasticFullyAsyncRollouter pid=3707180)[0m  'static/required_samples': 64,
[36m(ElasticFullyAsyncRollouter pid=3707180)[0m  'static/staleness_threshold': 8}
[36m(ElasticFullyAsyncRollouter pid=3707180)[0m [FullyAsyncRollouter][MonitorLoop][Statistics] {'count/dropped_stale_samples': 0,
[36m(ElasticFullyAsyncRollouter pid=3707180)[0m  'count/staleness_samples': 242,
[36m(ElasticFullyAsyncRollouter pid=3707180)[0m  'count/total_generated_samples': 610,
[36m(ElasticFullyAsyncRollouter pid=3707180)[0m  'monitor/active_tasks_size': 16,
[36m(ElasticFullyAsyncRollouter pid=3707180)[0m  'monitor/queue/mq_queue_size': 162,
[36m(ElasticFullyAsyncRollouter pid=3707180)[0m  'monitor/queue/pending_queue_size': 128,
[36m(ElasticFullyAsyncRollouter pid=3707180)[0m  'static/max_concurrent_samples': 16,
[36m(ElasticFullyAsyncRollouter pid=3707180)[0m  'static/max_queue_size': 576,
[36m(ElasticFullyAsyncRollouter pid=3707180)[0m  'static/max_required_samples': 576,
[36m(ElasticFullyAsyncRollouter pid=3707180)[0m  'static/required_samples': 64,
[36m(ElasticFullyAsyncRollouter pid=3707180)[0m  'static/staleness_threshold': 8}
[36m(ElasticFullyAsyncRollouter pid=3707180)[0m [FullyAsyncRollouter][MonitorLoop][Statistics] {'count/dropped_stale_samples': 0,
[36m(ElasticFullyAsyncRollouter pid=3707180)[0m  'count/staleness_samples': 249,
[36m(ElasticFullyAsyncRollouter pid=3707180)[0m  'count/total_generated_samples': 617,
[36m(ElasticFullyAsyncRollouter pid=3707180)[0m  'monitor/active_tasks_size': 16,
[36m(ElasticFullyAsyncRollouter pid=3707180)[0m  'monitor/queue/mq_queue_size': 169,
[36m(ElasticFullyAsyncRollouter pid=3707180)[0m  'monitor/queue/pending_queue_size': 128,
[36m(ElasticFullyAsyncRollouter pid=3707180)[0m  'static/max_concurrent_samples': 16,
[36m(ElasticFullyAsyncRollouter pid=3707180)[0m  'static/max_queue_size': 576,
[36m(ElasticFullyAsyncRollouter pid=3707180)[0m  'static/max_required_samples': 576,
[36m(ElasticFullyAsyncRollouter pid=3707180)[0m  'static/required_samples': 64,
[36m(ElasticFullyAsyncRollouter pid=3707180)[0m  'static/staleness_threshold': 8}
[36m(ElasticFullyAsyncRollouter pid=3707180)[0m [FullyAsyncRollouter][MonitorLoop][Statistics] {'count/dropped_stale_samples': 0,
[36m(ElasticFullyAsyncRollouter pid=3707180)[0m  'count/staleness_samples': 255,
[36m(ElasticFullyAsyncRollouter pid=3707180)[0m  'count/total_generated_samples': 623,
[36m(ElasticFullyAsyncRollouter pid=3707180)[0m  'monitor/active_tasks_size': 16,
[36m(ElasticFullyAsyncRollouter pid=3707180)[0m  'monitor/queue/mq_queue_size': 175,
[36m(ElasticFullyAsyncRollouter pid=3707180)[0m  'monitor/queue/pending_queue_size': 128,
[36m(ElasticFullyAsyncRollouter pid=3707180)[0m  'static/max_concurrent_samples': 16,
[36m(ElasticFullyAsyncRollouter pid=3707180)[0m  'static/max_queue_size': 576,
[36m(ElasticFullyAsyncRollouter pid=3707180)[0m  'static/max_required_samples': 576,
[36m(ElasticFullyAsyncRollouter pid=3707180)[0m  'static/required_samples': 64,
[36m(ElasticFullyAsyncRollouter pid=3707180)[0m  'static/staleness_threshold': 8}
[36m(ElasticFullyAsyncRollouter pid=3707180)[0m [FullyAsyncRollouter][MonitorLoop][Statistics] {'count/dropped_stale_samples': 0,
[36m(ElasticFullyAsyncRollouter pid=3707180)[0m  'count/staleness_samples': 263,
[36m(ElasticFullyAsyncRollouter pid=3707180)[0m  'count/total_generated_samples': 631,
[36m(ElasticFullyAsyncRollouter pid=3707180)[0m  'monitor/active_tasks_size': 16,
[36m(ElasticFullyAsyncRollouter pid=3707180)[0m  'monitor/queue/mq_queue_size': 183,
[36m(ElasticFullyAsyncRollouter pid=3707180)[0m  'monitor/queue/pending_queue_size': 128,
[36m(ElasticFullyAsyncRollouter pid=3707180)[0m  'static/max_concurrent_samples': 16,
[36m(ElasticFullyAsyncRollouter pid=3707180)[0m  'static/max_queue_size': 576,
[36m(ElasticFullyAsyncRollouter pid=3707180)[0m  'static/max_required_samples': 576,
[36m(ElasticFullyAsyncRollouter pid=3707180)[0m  'static/required_samples': 64,
[36m(ElasticFullyAsyncRollouter pid=3707180)[0m  'static/staleness_threshold': 8}
[36m(ElasticFullyAsyncRollouter pid=3707180)[0m [FullyAsyncRollouter][MonitorLoop][Statistics] {'count/dropped_stale_samples': 0,
[36m(ElasticFullyAsyncRollouter pid=3707180)[0m  'count/staleness_samples': 266,
[36m(ElasticFullyAsyncRollouter pid=3707180)[0m  'count/total_generated_samples': 634,
[36m(ElasticFullyAsyncRollouter pid=3707180)[0m  'monitor/active_tasks_size': 16,
[36m(ElasticFullyAsyncRollouter pid=3707180)[0m  'monitor/queue/mq_queue_size': 186,
[36m(ElasticFullyAsyncRollouter pid=3707180)[0m  'monitor/queue/pending_queue_size': 128,
[36m(ElasticFullyAsyncRollouter pid=3707180)[0m  'static/max_concurrent_samples': 16,
[36m(ElasticFullyAsyncRollouter pid=3707180)[0m  'static/max_queue_size': 576,
[36m(ElasticFullyAsyncRollouter pid=3707180)[0m  'static/max_required_samples': 576,
[36m(ElasticFullyAsyncRollouter pid=3707180)[0m  'static/required_samples': 64,
[36m(ElasticFullyAsyncRollouter pid=3707180)[0m  'static/staleness_threshold': 8}
[36m(ElasticFullyAsyncRollouter pid=3707180)[0m [FullyAsyncRollouter][MonitorLoop][Statistics] {'count/dropped_stale_samples': 0,
[36m(ElasticFullyAsyncRollouter pid=3707180)[0m  'count/staleness_samples': 276,
[36m(ElasticFullyAsyncRollouter pid=3707180)[0m  'count/total_generated_samples': 644,
[36m(ElasticFullyAsyncRollouter pid=3707180)[0m  'monitor/active_tasks_size': 16,
[36m(ElasticFullyAsyncRollouter pid=3707180)[0m  'monitor/queue/mq_queue_size': 196,
[36m(ElasticFullyAsyncRollouter pid=3707180)[0m  'monitor/queue/pending_queue_size': 128,
[36m(ElasticFullyAsyncRollouter pid=3707180)[0m  'static/max_concurrent_samples': 16,
[36m(ElasticFullyAsyncRollouter pid=3707180)[0m  'static/max_queue_size': 576,
[36m(ElasticFullyAsyncRollouter pid=3707180)[0m  'static/max_required_samples': 576,
[36m(ElasticFullyAsyncRollouter pid=3707180)[0m  'static/required_samples': 64,
[36m(ElasticFullyAsyncRollouter pid=3707180)[0m  'static/staleness_threshold': 8}
[36m(ElasticFullyAsyncRollouter pid=3707180)[0m [FullyAsyncRollouter][MonitorLoop][Statistics] {'count/dropped_stale_samples': 0,
[36m(ElasticFullyAsyncRollouter pid=3707180)[0m  'count/staleness_samples': 283,
[36m(ElasticFullyAsyncRollouter pid=3707180)[0m  'count/total_generated_samples': 651,
[36m(ElasticFullyAsyncRollouter pid=3707180)[0m  'monitor/active_tasks_size': 16,
[36m(ElasticFullyAsyncRollouter pid=3707180)[0m  'monitor/queue/mq_queue_size': 203,
[36m(ElasticFullyAsyncRollouter pid=3707180)[0m  'monitor/queue/pending_queue_size': 128,
[36m(ElasticFullyAsyncRollouter pid=3707180)[0m  'static/max_concurrent_samples': 16,
[36m(ElasticFullyAsyncRollouter pid=3707180)[0m  'static/max_queue_size': 576,
[36m(ElasticFullyAsyncRollouter pid=3707180)[0m  'static/max_required_samples': 576,
[36m(ElasticFullyAsyncRollouter pid=3707180)[0m  'static/required_samples': 64,
[36m(ElasticFullyAsyncRollouter pid=3707180)[0m  'static/staleness_threshold': 8}
[36m(ElasticFullyAsyncRollouter pid=3707180)[0m [FullyAsyncRollouter][MonitorLoop][Statistics] {'count/dropped_stale_samples': 0,
[36m(ElasticFullyAsyncRollouter pid=3707180)[0m  'count/staleness_samples': 295,
[36m(ElasticFullyAsyncRollouter pid=3707180)[0m  'count/total_generated_samples': 663,
[36m(ElasticFullyAsyncRollouter pid=3707180)[0m  'monitor/active_tasks_size': 16,
[36m(ElasticFullyAsyncRollouter pid=3707180)[0m  'monitor/queue/mq_queue_size': 215,
[36m(ElasticFullyAsyncRollouter pid=3707180)[0m  'monitor/queue/pending_queue_size': 128,
[36m(ElasticFullyAsyncRollouter pid=3707180)[0m  'static/max_concurrent_samples': 16,
[36m(ElasticFullyAsyncRollouter pid=3707180)[0m  'static/max_queue_size': 576,
[36m(ElasticFullyAsyncRollouter pid=3707180)[0m  'static/max_required_samples': 576,
[36m(ElasticFullyAsyncRollouter pid=3707180)[0m  'static/required_samples': 64,
[36m(ElasticFullyAsyncRollouter pid=3707180)[0m  'static/staleness_threshold': 8}
[36m(ElasticFullyAsyncRollouter pid=3707180)[0m [FullyAsyncRollouter][MonitorLoop][Statistics] {'count/dropped_stale_samples': 0,
[36m(ElasticFullyAsyncRollouter pid=3707180)[0m  'count/staleness_samples': 301,
[36m(ElasticFullyAsyncRollouter pid=3707180)[0m  'count/total_generated_samples': 669,
[36m(ElasticFullyAsyncRollouter pid=3707180)[0m  'monitor/active_tasks_size': 16,
[36m(ElasticFullyAsyncRollouter pid=3707180)[0m  'monitor/queue/mq_queue_size': 221,
[36m(ElasticFullyAsyncRollouter pid=3707180)[0m  'monitor/queue/pending_queue_size': 128,
[36m(ElasticFullyAsyncRollouter pid=3707180)[0m  'static/max_concurrent_samples': 16,
[36m(ElasticFullyAsyncRollouter pid=3707180)[0m  'static/max_queue_size': 576,
[36m(ElasticFullyAsyncRollouter pid=3707180)[0m  'static/max_required_samples': 576,
[36m(ElasticFullyAsyncRollouter pid=3707180)[0m  'static/required_samples': 64,
[36m(ElasticFullyAsyncRollouter pid=3707180)[0m  'static/staleness_threshold': 8}
[36m(ElasticFullyAsyncRollouter pid=3707180)[0m [FullyAsyncRollouter][MonitorLoop][Statistics] {'count/dropped_stale_samples': 0,
[36m(ElasticFullyAsyncRollouter pid=3707180)[0m  'count/staleness_samples': 312,
[36m(ElasticFullyAsyncRollouter pid=3707180)[0m  'count/total_generated_samples': 680,
[36m(ElasticFullyAsyncRollouter pid=3707180)[0m  'monitor/active_tasks_size': 16,
[36m(ElasticFullyAsyncRollouter pid=3707180)[0m  'monitor/queue/mq_queue_size': 232,
[36m(ElasticFullyAsyncRollouter pid=3707180)[0m  'monitor/queue/pending_queue_size': 128,
[36m(ElasticFullyAsyncRollouter pid=3707180)[0m  'static/max_concurrent_samples': 16,
[36m(ElasticFullyAsyncRollouter pid=3707180)[0m  'static/max_queue_size': 576,
[36m(ElasticFullyAsyncRollouter pid=3707180)[0m  'static/max_required_samples': 576,
[36m(ElasticFullyAsyncRollouter pid=3707180)[0m  'static/required_samples': 64,
[36m(ElasticFullyAsyncRollouter pid=3707180)[0m  'static/staleness_threshold': 8}
[36m(ElasticFullyAsyncRollouter pid=3707180)[0m [FullyAsyncRollouter][MonitorLoop][Statistics] {'count/dropped_stale_samples': 0,
[36m(ElasticFullyAsyncRollouter pid=3707180)[0m  'count/staleness_samples': 319,
[36m(ElasticFullyAsyncRollouter pid=3707180)[0m  'count/total_generated_samples': 687,
[36m(ElasticFullyAsyncRollouter pid=3707180)[0m  'monitor/active_tasks_size': 16,
[36m(ElasticFullyAsyncRollouter pid=3707180)[0m  'monitor/queue/mq_queue_size': 239,
[36m(ElasticFullyAsyncRollouter pid=3707180)[0m  'monitor/queue/pending_queue_size': 128,
[36m(ElasticFullyAsyncRollouter pid=3707180)[0m  'static/max_concurrent_samples': 16,
[36m(ElasticFullyAsyncRollouter pid=3707180)[0m  'static/max_queue_size': 576,
[36m(ElasticFullyAsyncRollouter pid=3707180)[0m  'static/max_required_samples': 576,
[36m(ElasticFullyAsyncRollouter pid=3707180)[0m  'static/required_samples': 64,
[36m(ElasticFullyAsyncRollouter pid=3707180)[0m  'static/staleness_threshold': 8}
[36m(ElasticFullyAsyncRollouter pid=3707180)[0m [FullyAsyncRollouter][MonitorLoop][Statistics] {'count/dropped_stale_samples': 0,
[36m(ElasticFullyAsyncRollouter pid=3707180)[0m  'count/staleness_samples': 327,
[36m(ElasticFullyAsyncRollouter pid=3707180)[0m  'count/total_generated_samples': 695,
[36m(ElasticFullyAsyncRollouter pid=3707180)[0m  'monitor/active_tasks_size': 16,
[36m(ElasticFullyAsyncRollouter pid=3707180)[0m  'monitor/queue/mq_queue_size': 247,
[36m(ElasticFullyAsyncRollouter pid=3707180)[0m  'monitor/queue/pending_queue_size': 128,
[36m(ElasticFullyAsyncRollouter pid=3707180)[0m  'static/max_concurrent_samples': 16,
[36m(ElasticFullyAsyncRollouter pid=3707180)[0m  'static/max_queue_size': 576,
[36m(ElasticFullyAsyncRollouter pid=3707180)[0m  'static/max_required_samples': 576,
[36m(ElasticFullyAsyncRollouter pid=3707180)[0m  'static/required_samples': 64,
[36m(ElasticFullyAsyncRollouter pid=3707180)[0m  'static/staleness_threshold': 8}
[36m(MessageQueue pid=3718065)[0m MessageQueue stats: produced=700, queue_size=252
[36m(ElasticFullyAsyncRollouter pid=3707180)[0m [FullyAsyncRollouter][MonitorLoop][Statistics] {'count/dropped_stale_samples': 0,
[36m(ElasticFullyAsyncRollouter pid=3707180)[0m  'count/staleness_samples': 332,
[36m(ElasticFullyAsyncRollouter pid=3707180)[0m  'count/total_generated_samples': 700,
[36m(ElasticFullyAsyncRollouter pid=3707180)[0m  'monitor/active_tasks_size': 16,
[36m(ElasticFullyAsyncRollouter pid=3707180)[0m  'monitor/queue/mq_queue_size': 252,
[36m(ElasticFullyAsyncRollouter pid=3707180)[0m  'monitor/queue/pending_queue_size': 128,
[36m(ElasticFullyAsyncRollouter pid=3707180)[0m  'static/max_concurrent_samples': 16,
[36m(ElasticFullyAsyncRollouter pid=3707180)[0m  'static/max_queue_size': 576,
[36m(ElasticFullyAsyncRollouter pid=3707180)[0m  'static/max_required_samples': 576,
[36m(ElasticFullyAsyncRollouter pid=3707180)[0m  'static/required_samples': 64,
[36m(ElasticFullyAsyncRollouter pid=3707180)[0m  'static/staleness_threshold': 8}
[36m(ElasticFullyAsyncRollouter pid=3707180)[0m [FullyAsyncRollouter][MonitorLoop][Statistics] {'count/dropped_stale_samples': 0,
[36m(ElasticFullyAsyncRollouter pid=3707180)[0m  'count/staleness_samples': 341,
[36m(ElasticFullyAsyncRollouter pid=3707180)[0m  'count/total_generated_samples': 709,
[36m(ElasticFullyAsyncRollouter pid=3707180)[0m  'monitor/active_tasks_size': 16,
[36m(ElasticFullyAsyncRollouter pid=3707180)[0m  'monitor/queue/mq_queue_size': 261,
[36m(ElasticFullyAsyncRollouter pid=3707180)[0m  'monitor/queue/pending_queue_size': 128,
[36m(ElasticFullyAsyncRollouter pid=3707180)[0m  'static/max_concurrent_samples': 16,
[36m(ElasticFullyAsyncRollouter pid=3707180)[0m  'static/max_queue_size': 576,
[36m(ElasticFullyAsyncRollouter pid=3707180)[0m  'static/max_required_samples': 576,
[36m(ElasticFullyAsyncRollouter pid=3707180)[0m  'static/required_samples': 64,
[36m(ElasticFullyAsyncRollouter pid=3707180)[0m  'static/staleness_threshold': 8}
[36m(ElasticFullyAsyncRollouter pid=3707180)[0m [FullyAsyncRollouter][MonitorLoop][Statistics] {'count/dropped_stale_samples': 0,
[36m(ElasticFullyAsyncRollouter pid=3707180)[0m  'count/staleness_samples': 349,
[36m(ElasticFullyAsyncRollouter pid=3707180)[0m  'count/total_generated_samples': 717,
[36m(ElasticFullyAsyncRollouter pid=3707180)[0m  'monitor/active_tasks_size': 16,
[36m(ElasticFullyAsyncRollouter pid=3707180)[0m  'monitor/queue/mq_queue_size': 269,
[36m(ElasticFullyAsyncRollouter pid=3707180)[0m  'monitor/queue/pending_queue_size': 128,
[36m(ElasticFullyAsyncRollouter pid=3707180)[0m  'static/max_concurrent_samples': 16,
[36m(ElasticFullyAsyncRollouter pid=3707180)[0m  'static/max_queue_size': 576,
[36m(ElasticFullyAsyncRollouter pid=3707180)[0m  'static/max_required_samples': 576,
[36m(ElasticFullyAsyncRollouter pid=3707180)[0m  'static/required_samples': 64,
[36m(ElasticFullyAsyncRollouter pid=3707180)[0m  'static/staleness_threshold': 8}
[36m(ElasticFullyAsyncRollouter pid=3707180)[0m [FullyAsyncRollouter][MonitorLoop][Statistics] {'count/dropped_stale_samples': 0,
[36m(ElasticFullyAsyncRollouter pid=3707180)[0m  'count/staleness_samples': 350,
[36m(ElasticFullyAsyncRollouter pid=3707180)[0m  'count/total_generated_samples': 718,
[36m(ElasticFullyAsyncRollouter pid=3707180)[0m  'monitor/active_tasks_size': 16,
[36m(ElasticFullyAsyncRollouter pid=3707180)[0m  'monitor/queue/mq_queue_size': 270,
[36m(ElasticFullyAsyncRollouter pid=3707180)[0m  'monitor/queue/pending_queue_size': 128,
[36m(ElasticFullyAsyncRollouter pid=3707180)[0m  'static/max_concurrent_samples': 16,
[36m(ElasticFullyAsyncRollouter pid=3707180)[0m  'static/max_queue_size': 576,
[36m(ElasticFullyAsyncRollouter pid=3707180)[0m  'static/max_required_samples': 576,
[36m(ElasticFullyAsyncRollouter pid=3707180)[0m  'static/required_samples': 64,
[36m(ElasticFullyAsyncRollouter pid=3707180)[0m  'static/staleness_threshold': 8}
[36m(ElasticFullyAsyncRollouter pid=3707180)[0m [FullyAsyncRollouter][MonitorLoop][Statistics] {'count/dropped_stale_samples': 0,
[36m(ElasticFullyAsyncRollouter pid=3707180)[0m  'count/staleness_samples': 362,
[36m(ElasticFullyAsyncRollouter pid=3707180)[0m  'count/total_generated_samples': 730,
[36m(ElasticFullyAsyncRollouter pid=3707180)[0m  'monitor/active_tasks_size': 16,
[36m(ElasticFullyAsyncRollouter pid=3707180)[0m  'monitor/queue/mq_queue_size': 282,
[36m(ElasticFullyAsyncRollouter pid=3707180)[0m  'monitor/queue/pending_queue_size': 128,
[36m(ElasticFullyAsyncRollouter pid=3707180)[0m  'static/max_concurrent_samples': 16,
[36m(ElasticFullyAsyncRollouter pid=3707180)[0m  'static/max_queue_size': 576,
[36m(ElasticFullyAsyncRollouter pid=3707180)[0m  'static/max_required_samples': 576,
[36m(ElasticFullyAsyncRollouter pid=3707180)[0m  'static/required_samples': 64,
[36m(ElasticFullyAsyncRollouter pid=3707180)[0m  'static/staleness_threshold': 8}
[36m(ElasticFullyAsyncRollouter pid=3707180)[0m [FullyAsyncRollouter][MonitorLoop][Statistics] {'count/dropped_stale_samples': 0,
[36m(ElasticFullyAsyncRollouter pid=3707180)[0m  'count/staleness_samples': 371,
[36m(ElasticFullyAsyncRollouter pid=3707180)[0m  'count/total_generated_samples': 739,
[36m(ElasticFullyAsyncRollouter pid=3707180)[0m  'monitor/active_tasks_size': 16,
[36m(ElasticFullyAsyncRollouter pid=3707180)[0m  'monitor/queue/mq_queue_size': 291,
[36m(ElasticFullyAsyncRollouter pid=3707180)[0m  'monitor/queue/pending_queue_size': 128,
[36m(ElasticFullyAsyncRollouter pid=3707180)[0m  'static/max_concurrent_samples': 16,
[36m(ElasticFullyAsyncRollouter pid=3707180)[0m  'static/max_queue_size': 576,
[36m(ElasticFullyAsyncRollouter pid=3707180)[0m  'static/max_required_samples': 576,
[36m(ElasticFullyAsyncRollouter pid=3707180)[0m  'static/required_samples': 64,
[36m(ElasticFullyAsyncRollouter pid=3707180)[0m  'static/staleness_threshold': 8}
[36m(ElasticFullyAsyncRollouter pid=3707180)[0m [FullyAsyncRollouter][MonitorLoop][Statistics] {'count/dropped_stale_samples': 0,
[36m(ElasticFullyAsyncRollouter pid=3707180)[0m  'count/staleness_samples': 378,
[36m(ElasticFullyAsyncRollouter pid=3707180)[0m  'count/total_generated_samples': 746,
[36m(ElasticFullyAsyncRollouter pid=3707180)[0m  'monitor/active_tasks_size': 16,
[36m(ElasticFullyAsyncRollouter pid=3707180)[0m  'monitor/queue/mq_queue_size': 298,
[36m(ElasticFullyAsyncRollouter pid=3707180)[0m  'monitor/queue/pending_queue_size': 128,
[36m(ElasticFullyAsyncRollouter pid=3707180)[0m  'static/max_concurrent_samples': 16,
[36m(ElasticFullyAsyncRollouter pid=3707180)[0m  'static/max_queue_size': 576,
[36m(ElasticFullyAsyncRollouter pid=3707180)[0m  'static/max_required_samples': 576,
[36m(ElasticFullyAsyncRollouter pid=3707180)[0m  'static/required_samples': 64,
[36m(ElasticFullyAsyncRollouter pid=3707180)[0m  'static/staleness_threshold': 8}
[36m(ElasticFullyAsyncRollouter pid=3707180)[0m [FullyAsyncRollouter][MonitorLoop][Statistics] {'count/dropped_stale_samples': 0,
[36m(ElasticFullyAsyncRollouter pid=3707180)[0m  'count/staleness_samples': 385,
[36m(ElasticFullyAsyncRollouter pid=3707180)[0m  'count/total_generated_samples': 753,
[36m(ElasticFullyAsyncRollouter pid=3707180)[0m  'monitor/active_tasks_size': 16,
[36m(ElasticFullyAsyncRollouter pid=3707180)[0m  'monitor/queue/mq_queue_size': 305,
[36m(ElasticFullyAsyncRollouter pid=3707180)[0m  'monitor/queue/pending_queue_size': 128,
[36m(ElasticFullyAsyncRollouter pid=3707180)[0m  'static/max_concurrent_samples': 16,
[36m(ElasticFullyAsyncRollouter pid=3707180)[0m  'static/max_queue_size': 576,
[36m(ElasticFullyAsyncRollouter pid=3707180)[0m  'static/max_required_samples': 576,
[36m(ElasticFullyAsyncRollouter pid=3707180)[0m  'static/required_samples': 64,
[36m(ElasticFullyAsyncRollouter pid=3707180)[0m  'static/staleness_threshold': 8}
[36m(ElasticFullyAsyncRollouter pid=3707180)[0m [FullyAsyncRollouter][MonitorLoop][Statistics] {'count/dropped_stale_samples': 0,
[36m(ElasticFullyAsyncRollouter pid=3707180)[0m  'count/staleness_samples': 390,
[36m(ElasticFullyAsyncRollouter pid=3707180)[0m  'count/total_generated_samples': 758,
[36m(ElasticFullyAsyncRollouter pid=3707180)[0m  'monitor/active_tasks_size': 16,
[36m(ElasticFullyAsyncRollouter pid=3707180)[0m  'monitor/queue/mq_queue_size': 310,
[36m(ElasticFullyAsyncRollouter pid=3707180)[0m  'monitor/queue/pending_queue_size': 128,
[36m(ElasticFullyAsyncRollouter pid=3707180)[0m  'static/max_concurrent_samples': 16,
[36m(ElasticFullyAsyncRollouter pid=3707180)[0m  'static/max_queue_size': 576,
[36m(ElasticFullyAsyncRollouter pid=3707180)[0m  'static/max_required_samples': 576,
[36m(ElasticFullyAsyncRollouter pid=3707180)[0m  'static/required_samples': 64,
[36m(ElasticFullyAsyncRollouter pid=3707180)[0m  'static/staleness_threshold': 8}
[36m(ElasticFullyAsyncRollouter pid=3707180)[0m [FullyAsyncRollouter][MonitorLoop][Statistics] {'count/dropped_stale_samples': 0,
[36m(ElasticFullyAsyncRollouter pid=3707180)[0m  'count/staleness_samples': 400,
[36m(ElasticFullyAsyncRollouter pid=3707180)[0m  'count/total_generated_samples': 768,
[36m(ElasticFullyAsyncRollouter pid=3707180)[0m  'monitor/active_tasks_size': 16,
[36m(ElasticFullyAsyncRollouter pid=3707180)[0m  'monitor/queue/mq_queue_size': 320,
[36m(ElasticFullyAsyncRollouter pid=3707180)[0m  'monitor/queue/pending_queue_size': 128,
[36m(ElasticFullyAsyncRollouter pid=3707180)[0m  'static/max_concurrent_samples': 16,
[36m(ElasticFullyAsyncRollouter pid=3707180)[0m  'static/max_queue_size': 576,
[36m(ElasticFullyAsyncRollouter pid=3707180)[0m  'static/max_required_samples': 576,
[36m(ElasticFullyAsyncRollouter pid=3707180)[0m  'static/required_samples': 64,
[36m(ElasticFullyAsyncRollouter pid=3707180)[0m  'static/staleness_threshold': 8}
[36m(ElasticFullyAsyncRollouter pid=3707180)[0m [FullyAsyncRollouter][MonitorLoop][Statistics] {'count/dropped_stale_samples': 0,
[36m(ElasticFullyAsyncRollouter pid=3707180)[0m  'count/staleness_samples': 408,
[36m(ElasticFullyAsyncRollouter pid=3707180)[0m  'count/total_generated_samples': 776,
[36m(ElasticFullyAsyncRollouter pid=3707180)[0m  'monitor/active_tasks_size': 16,
[36m(ElasticFullyAsyncRollouter pid=3707180)[0m  'monitor/queue/mq_queue_size': 328,
[36m(ElasticFullyAsyncRollouter pid=3707180)[0m  'monitor/queue/pending_queue_size': 128,
[36m(ElasticFullyAsyncRollouter pid=3707180)[0m  'static/max_concurrent_samples': 16,
[36m(ElasticFullyAsyncRollouter pid=3707180)[0m  'static/max_queue_size': 576,
[36m(ElasticFullyAsyncRollouter pid=3707180)[0m  'static/max_required_samples': 576,
[36m(ElasticFullyAsyncRollouter pid=3707180)[0m  'static/required_samples': 64,
[36m(ElasticFullyAsyncRollouter pid=3707180)[0m  'static/staleness_threshold': 8}
[36m(ElasticFullyAsyncRollouter pid=3707180)[0m [FullyAsyncRollouter][MonitorLoop][Statistics] {'count/dropped_stale_samples': 0,
[36m(ElasticFullyAsyncRollouter pid=3707180)[0m  'count/staleness_samples': 415,
[36m(ElasticFullyAsyncRollouter pid=3707180)[0m  'count/total_generated_samples': 783,
[36m(ElasticFullyAsyncRollouter pid=3707180)[0m  'monitor/active_tasks_size': 16,
[36m(ElasticFullyAsyncRollouter pid=3707180)[0m  'monitor/queue/mq_queue_size': 335,
[36m(ElasticFullyAsyncRollouter pid=3707180)[0m  'monitor/queue/pending_queue_size': 128,
[36m(ElasticFullyAsyncRollouter pid=3707180)[0m  'static/max_concurrent_samples': 16,
[36m(ElasticFullyAsyncRollouter pid=3707180)[0m  'static/max_queue_size': 576,
[36m(ElasticFullyAsyncRollouter pid=3707180)[0m  'static/max_required_samples': 576,
[36m(ElasticFullyAsyncRollouter pid=3707180)[0m  'static/required_samples': 64,
[36m(ElasticFullyAsyncRollouter pid=3707180)[0m  'static/staleness_threshold': 8}
[36m(ElasticFullyAsyncRollouter pid=3707180)[0m [FullyAsyncRollouter][MonitorLoop][Statistics] {'count/dropped_stale_samples': 0,
[36m(ElasticFullyAsyncRollouter pid=3707180)[0m  'count/staleness_samples': 424,
[36m(ElasticFullyAsyncRollouter pid=3707180)[0m  'count/total_generated_samples': 792,
[36m(ElasticFullyAsyncRollouter pid=3707180)[0m  'monitor/active_tasks_size': 16,
[36m(ElasticFullyAsyncRollouter pid=3707180)[0m  'monitor/queue/mq_queue_size': 344,
[36m(ElasticFullyAsyncRollouter pid=3707180)[0m  'monitor/queue/pending_queue_size': 128,
[36m(ElasticFullyAsyncRollouter pid=3707180)[0m  'static/max_concurrent_samples': 16,
[36m(ElasticFullyAsyncRollouter pid=3707180)[0m  'static/max_queue_size': 576,
[36m(ElasticFullyAsyncRollouter pid=3707180)[0m  'static/max_required_samples': 576,
[36m(ElasticFullyAsyncRollouter pid=3707180)[0m  'static/required_samples': 64,
[36m(ElasticFullyAsyncRollouter pid=3707180)[0m  'static/staleness_threshold': 8}
[36m(ElasticFullyAsyncRollouter pid=3707180)[0m [FullyAsyncRollouter][MonitorLoop][Statistics] {'count/dropped_stale_samples': 0,
[36m(ElasticFullyAsyncRollouter pid=3707180)[0m  'count/staleness_samples': 429,
[36m(ElasticFullyAsyncRollouter pid=3707180)[0m  'count/total_generated_samples': 797,
[36m(ElasticFullyAsyncRollouter pid=3707180)[0m  'monitor/active_tasks_size': 16,
[36m(ElasticFullyAsyncRollouter pid=3707180)[0m  'monitor/queue/mq_queue_size': 349,
[36m(ElasticFullyAsyncRollouter pid=3707180)[0m  'monitor/queue/pending_queue_size': 128,
[36m(ElasticFullyAsyncRollouter pid=3707180)[0m  'static/max_concurrent_samples': 16,
[36m(ElasticFullyAsyncRollouter pid=3707180)[0m  'static/max_queue_size': 576,
[36m(ElasticFullyAsyncRollouter pid=3707180)[0m  'static/max_required_samples': 576,
[36m(ElasticFullyAsyncRollouter pid=3707180)[0m  'static/required_samples': 64,
[36m(ElasticFullyAsyncRollouter pid=3707180)[0m  'static/staleness_threshold': 8}
[36m(MessageQueue pid=3718065)[0m MessageQueue stats: produced=800, queue_size=352
[36m(ElasticFullyAsyncRollouter pid=3707180)[0m [FullyAsyncRollouter][MonitorLoop][Statistics] {'count/dropped_stale_samples': 0,
[36m(ElasticFullyAsyncRollouter pid=3707180)[0m  'count/staleness_samples': 439,
[36m(ElasticFullyAsyncRollouter pid=3707180)[0m  'count/total_generated_samples': 807,
[36m(ElasticFullyAsyncRollouter pid=3707180)[0m  'monitor/active_tasks_size': 16,
[36m(ElasticFullyAsyncRollouter pid=3707180)[0m  'monitor/queue/mq_queue_size': 359,
[36m(ElasticFullyAsyncRollouter pid=3707180)[0m  'monitor/queue/pending_queue_size': 128,
[36m(ElasticFullyAsyncRollouter pid=3707180)[0m  'static/max_concurrent_samples': 16,
[36m(ElasticFullyAsyncRollouter pid=3707180)[0m  'static/max_queue_size': 576,
[36m(ElasticFullyAsyncRollouter pid=3707180)[0m  'static/max_required_samples': 576,
[36m(ElasticFullyAsyncRollouter pid=3707180)[0m  'static/required_samples': 64,
[36m(ElasticFullyAsyncRollouter pid=3707180)[0m  'static/staleness_threshold': 8}
[36m(ElasticFullyAsyncRollouter pid=3707180)[0m [FullyAsyncRollouter][MonitorLoop][Statistics] {'count/dropped_stale_samples': 0,
[36m(ElasticFullyAsyncRollouter pid=3707180)[0m  'count/staleness_samples': 446,
[36m(ElasticFullyAsyncRollouter pid=3707180)[0m  'count/total_generated_samples': 814,
[36m(ElasticFullyAsyncRollouter pid=3707180)[0m  'monitor/active_tasks_size': 16,
[36m(ElasticFullyAsyncRollouter pid=3707180)[0m  'monitor/queue/mq_queue_size': 366,
[36m(ElasticFullyAsyncRollouter pid=3707180)[0m  'monitor/queue/pending_queue_size': 128,
[36m(ElasticFullyAsyncRollouter pid=3707180)[0m  'static/max_concurrent_samples': 16,
[36m(ElasticFullyAsyncRollouter pid=3707180)[0m  'static/max_queue_size': 576,
[36m(ElasticFullyAsyncRollouter pid=3707180)[0m  'static/max_required_samples': 576,
[36m(ElasticFullyAsyncRollouter pid=3707180)[0m  'static/required_samples': 64,
[36m(ElasticFullyAsyncRollouter pid=3707180)[0m  'static/staleness_threshold': 8}
[36m(ElasticFullyAsyncRollouter pid=3707180)[0m [FullyAsyncRollouter][MonitorLoop][Statistics] {'count/dropped_stale_samples': 0,
[36m(ElasticFullyAsyncRollouter pid=3707180)[0m  'count/staleness_samples': 452,
[36m(ElasticFullyAsyncRollouter pid=3707180)[0m  'count/total_generated_samples': 820,
[36m(ElasticFullyAsyncRollouter pid=3707180)[0m  'monitor/active_tasks_size': 16,
[36m(ElasticFullyAsyncRollouter pid=3707180)[0m  'monitor/queue/mq_queue_size': 372,
[36m(ElasticFullyAsyncRollouter pid=3707180)[0m  'monitor/queue/pending_queue_size': 128,
[36m(ElasticFullyAsyncRollouter pid=3707180)[0m  'static/max_concurrent_samples': 16,
[36m(ElasticFullyAsyncRollouter pid=3707180)[0m  'static/max_queue_size': 576,
[36m(ElasticFullyAsyncRollouter pid=3707180)[0m  'static/max_required_samples': 576,
[36m(ElasticFullyAsyncRollouter pid=3707180)[0m  'static/required_samples': 64,
[36m(ElasticFullyAsyncRollouter pid=3707180)[0m  'static/staleness_threshold': 8}
[36m(ElasticFullyAsyncRollouter pid=3707180)[0m [FullyAsyncRollouter][MonitorLoop][Statistics] {'count/dropped_stale_samples': 0,
[36m(ElasticFullyAsyncRollouter pid=3707180)[0m  'count/staleness_samples': 459,
[36m(ElasticFullyAsyncRollouter pid=3707180)[0m  'count/total_generated_samples': 827,
[36m(ElasticFullyAsyncRollouter pid=3707180)[0m  'monitor/active_tasks_size': 16,
[36m(ElasticFullyAsyncRollouter pid=3707180)[0m  'monitor/queue/mq_queue_size': 379,
[36m(ElasticFullyAsyncRollouter pid=3707180)[0m  'monitor/queue/pending_queue_size': 128,
[36m(ElasticFullyAsyncRollouter pid=3707180)[0m  'static/max_concurrent_samples': 16,
[36m(ElasticFullyAsyncRollouter pid=3707180)[0m  'static/max_queue_size': 576,
[36m(ElasticFullyAsyncRollouter pid=3707180)[0m  'static/max_required_samples': 576,
[36m(ElasticFullyAsyncRollouter pid=3707180)[0m  'static/required_samples': 64,
[36m(ElasticFullyAsyncRollouter pid=3707180)[0m  'static/staleness_threshold': 8}
[36m(ElasticFullyAsyncRollouter pid=3707180)[0m [FullyAsyncRollouter][MonitorLoop][Statistics] {'count/dropped_stale_samples': 0,
[36m(ElasticFullyAsyncRollouter pid=3707180)[0m  'count/staleness_samples': 470,
[36m(ElasticFullyAsyncRollouter pid=3707180)[0m  'count/total_generated_samples': 838,
[36m(ElasticFullyAsyncRollouter pid=3707180)[0m  'monitor/active_tasks_size': 16,
[36m(ElasticFullyAsyncRollouter pid=3707180)[0m  'monitor/queue/mq_queue_size': 390,
[36m(ElasticFullyAsyncRollouter pid=3707180)[0m  'monitor/queue/pending_queue_size': 128,
[36m(ElasticFullyAsyncRollouter pid=3707180)[0m  'static/max_concurrent_samples': 16,
[36m(ElasticFullyAsyncRollouter pid=3707180)[0m  'static/max_queue_size': 576,
[36m(ElasticFullyAsyncRollouter pid=3707180)[0m  'static/max_required_samples': 576,
[36m(ElasticFullyAsyncRollouter pid=3707180)[0m  'static/required_samples': 64,
[36m(ElasticFullyAsyncRollouter pid=3707180)[0m  'static/staleness_threshold': 8}
[36m(ElasticFullyAsyncRollouter pid=3707180)[0m [FullyAsyncRollouter][MonitorLoop][Statistics] {'count/dropped_stale_samples': 0,
[36m(ElasticFullyAsyncRollouter pid=3707180)[0m  'count/staleness_samples': 477,
[36m(ElasticFullyAsyncRollouter pid=3707180)[0m  'count/total_generated_samples': 845,
[36m(ElasticFullyAsyncRollouter pid=3707180)[0m  'monitor/active_tasks_size': 16,
[36m(ElasticFullyAsyncRollouter pid=3707180)[0m  'monitor/queue/mq_queue_size': 397,
[36m(ElasticFullyAsyncRollouter pid=3707180)[0m  'monitor/queue/pending_queue_size': 128,
[36m(ElasticFullyAsyncRollouter pid=3707180)[0m  'static/max_concurrent_samples': 16,
[36m(ElasticFullyAsyncRollouter pid=3707180)[0m  'static/max_queue_size': 576,
[36m(ElasticFullyAsyncRollouter pid=3707180)[0m  'static/max_required_samples': 576,
[36m(ElasticFullyAsyncRollouter pid=3707180)[0m  'static/required_samples': 64,
[36m(ElasticFullyAsyncRollouter pid=3707180)[0m  'static/staleness_threshold': 8}
[36m(ElasticFullyAsyncRollouter pid=3707180)[0m [FullyAsyncRollouter][MonitorLoop][Statistics] {'count/dropped_stale_samples': 0,
[36m(ElasticFullyAsyncRollouter pid=3707180)[0m  'count/staleness_samples': 482,
[36m(ElasticFullyAsyncRollouter pid=3707180)[0m  'count/total_generated_samples': 850,
[36m(ElasticFullyAsyncRollouter pid=3707180)[0m  'monitor/active_tasks_size': 16,
[36m(ElasticFullyAsyncRollouter pid=3707180)[0m  'monitor/queue/mq_queue_size': 402,
[36m(ElasticFullyAsyncRollouter pid=3707180)[0m  'monitor/queue/pending_queue_size': 128,
[36m(ElasticFullyAsyncRollouter pid=3707180)[0m  'static/max_concurrent_samples': 16,
[36m(ElasticFullyAsyncRollouter pid=3707180)[0m  'static/max_queue_size': 576,
[36m(ElasticFullyAsyncRollouter pid=3707180)[0m  'static/max_required_samples': 576,
[36m(ElasticFullyAsyncRollouter pid=3707180)[0m  'static/required_samples': 64,
[36m(ElasticFullyAsyncRollouter pid=3707180)[0m  'static/staleness_threshold': 8}
[36m(ElasticFullyAsyncRollouter pid=3707180)[0m [FullyAsyncRollouter][MonitorLoop][Statistics] {'count/dropped_stale_samples': 0,
[36m(ElasticFullyAsyncRollouter pid=3707180)[0m  'count/staleness_samples': 489,
[36m(ElasticFullyAsyncRollouter pid=3707180)[0m  'count/total_generated_samples': 857,
[36m(ElasticFullyAsyncRollouter pid=3707180)[0m  'monitor/active_tasks_size': 16,
[36m(ElasticFullyAsyncRollouter pid=3707180)[0m  'monitor/queue/mq_queue_size': 409,
[36m(ElasticFullyAsyncRollouter pid=3707180)[0m  'monitor/queue/pending_queue_size': 128,
[36m(ElasticFullyAsyncRollouter pid=3707180)[0m  'static/max_concurrent_samples': 16,
[36m(ElasticFullyAsyncRollouter pid=3707180)[0m  'static/max_queue_size': 576,
[36m(ElasticFullyAsyncRollouter pid=3707180)[0m  'static/max_required_samples': 576,
[36m(ElasticFullyAsyncRollouter pid=3707180)[0m  'static/required_samples': 64,
[36m(ElasticFullyAsyncRollouter pid=3707180)[0m  'static/staleness_threshold': 8}
[36m(ElasticFullyAsyncRollouter pid=3707180)[0m [FullyAsyncRollouter][MonitorLoop][Statistics] {'count/dropped_stale_samples': 0,
[36m(ElasticFullyAsyncRollouter pid=3707180)[0m  'count/staleness_samples': 494,
[36m(ElasticFullyAsyncRollouter pid=3707180)[0m  'count/total_generated_samples': 862,
[36m(ElasticFullyAsyncRollouter pid=3707180)[0m  'monitor/active_tasks_size': 16,
[36m(ElasticFullyAsyncRollouter pid=3707180)[0m  'monitor/queue/mq_queue_size': 414,
[36m(ElasticFullyAsyncRollouter pid=3707180)[0m  'monitor/queue/pending_queue_size': 128,
[36m(ElasticFullyAsyncRollouter pid=3707180)[0m  'static/max_concurrent_samples': 16,
[36m(ElasticFullyAsyncRollouter pid=3707180)[0m  'static/max_queue_size': 576,
[36m(ElasticFullyAsyncRollouter pid=3707180)[0m  'static/max_required_samples': 576,
[36m(ElasticFullyAsyncRollouter pid=3707180)[0m  'static/required_samples': 64,
[36m(ElasticFullyAsyncRollouter pid=3707180)[0m  'static/staleness_threshold': 8}
[36m(ElasticFullyAsyncRollouter pid=3707180)[0m [FullyAsyncRollouter][MonitorLoop][Statistics] {'count/dropped_stale_samples': 0,
[36m(ElasticFullyAsyncRollouter pid=3707180)[0m  'count/staleness_samples': 509,
[36m(ElasticFullyAsyncRollouter pid=3707180)[0m  'count/total_generated_samples': 877,
[36m(ElasticFullyAsyncRollouter pid=3707180)[0m  'monitor/active_tasks_size': 16,
[36m(ElasticFullyAsyncRollouter pid=3707180)[0m  'monitor/queue/mq_queue_size': 429,
[36m(ElasticFullyAsyncRollouter pid=3707180)[0m  'monitor/queue/pending_queue_size': 128,
[36m(ElasticFullyAsyncRollouter pid=3707180)[0m  'static/max_concurrent_samples': 16,
[36m(ElasticFullyAsyncRollouter pid=3707180)[0m  'static/max_queue_size': 576,
[36m(ElasticFullyAsyncRollouter pid=3707180)[0m  'static/max_required_samples': 576,
[36m(ElasticFullyAsyncRollouter pid=3707180)[0m  'static/required_samples': 64,
[36m(ElasticFullyAsyncRollouter pid=3707180)[0m  'static/staleness_threshold': 8}
[36m(ElasticFullyAsyncRollouter pid=3707180)[0m [FullyAsyncRollouter][MonitorLoop][Statistics] {'count/dropped_stale_samples': 0,
[36m(ElasticFullyAsyncRollouter pid=3707180)[0m  'count/staleness_samples': 515,
[36m(ElasticFullyAsyncRollouter pid=3707180)[0m  'count/total_generated_samples': 883,
[36m(ElasticFullyAsyncRollouter pid=3707180)[0m  'monitor/active_tasks_size': 16,
[36m(ElasticFullyAsyncRollouter pid=3707180)[0m  'monitor/queue/mq_queue_size': 435,
[36m(ElasticFullyAsyncRollouter pid=3707180)[0m  'monitor/queue/pending_queue_size': 128,
[36m(ElasticFullyAsyncRollouter pid=3707180)[0m  'static/max_concurrent_samples': 16,
[36m(ElasticFullyAsyncRollouter pid=3707180)[0m  'static/max_queue_size': 576,
[36m(ElasticFullyAsyncRollouter pid=3707180)[0m  'static/max_required_samples': 576,
[36m(ElasticFullyAsyncRollouter pid=3707180)[0m  'static/required_samples': 64,
[36m(ElasticFullyAsyncRollouter pid=3707180)[0m  'static/staleness_threshold': 8}
[36m(ElasticFullyAsyncRollouter pid=3707180)[0m [FullyAsyncRollouter][MonitorLoop][Statistics] {'count/dropped_stale_samples': 0,
[36m(ElasticFullyAsyncRollouter pid=3707180)[0m  'count/staleness_samples': 525,
[36m(ElasticFullyAsyncRollouter pid=3707180)[0m  'count/total_generated_samples': 893,
[36m(ElasticFullyAsyncRollouter pid=3707180)[0m  'monitor/active_tasks_size': 16,
[36m(ElasticFullyAsyncRollouter pid=3707180)[0m  'monitor/queue/mq_queue_size': 445,
[36m(ElasticFullyAsyncRollouter pid=3707180)[0m  'monitor/queue/pending_queue_size': 128,
[36m(ElasticFullyAsyncRollouter pid=3707180)[0m  'static/max_concurrent_samples': 16,
[36m(ElasticFullyAsyncRollouter pid=3707180)[0m  'static/max_queue_size': 576,
[36m(ElasticFullyAsyncRollouter pid=3707180)[0m  'static/max_required_samples': 576,
[36m(ElasticFullyAsyncRollouter pid=3707180)[0m  'static/required_samples': 64,
[36m(ElasticFullyAsyncRollouter pid=3707180)[0m  'static/staleness_threshold': 8}
[36m(MessageQueue pid=3718065)[0m MessageQueue stats: produced=900, queue_size=452
[36m(ElasticFullyAsyncRollouter pid=3707180)[0m [FullyAsyncRollouter][MonitorLoop][Statistics] {'count/dropped_stale_samples': 0,
[36m(ElasticFullyAsyncRollouter pid=3707180)[0m  'count/staleness_samples': 533,
[36m(ElasticFullyAsyncRollouter pid=3707180)[0m  'count/total_generated_samples': 901,
[36m(ElasticFullyAsyncRollouter pid=3707180)[0m  'monitor/active_tasks_size': 16,
[36m(ElasticFullyAsyncRollouter pid=3707180)[0m  'monitor/queue/mq_queue_size': 453,
[36m(ElasticFullyAsyncRollouter pid=3707180)[0m  'monitor/queue/pending_queue_size': 128,
[36m(ElasticFullyAsyncRollouter pid=3707180)[0m  'static/max_concurrent_samples': 16,
[36m(ElasticFullyAsyncRollouter pid=3707180)[0m  'static/max_queue_size': 576,
[36m(ElasticFullyAsyncRollouter pid=3707180)[0m  'static/max_required_samples': 576,
[36m(ElasticFullyAsyncRollouter pid=3707180)[0m  'static/required_samples': 64,
[36m(ElasticFullyAsyncRollouter pid=3707180)[0m  'static/staleness_threshold': 8}
[36m(ElasticFullyAsyncRollouter pid=3707180)[0m [FullyAsyncRollouter][MonitorLoop][Statistics] {'count/dropped_stale_samples': 0,
[36m(ElasticFullyAsyncRollouter pid=3707180)[0m  'count/staleness_samples': 539,
[36m(ElasticFullyAsyncRollouter pid=3707180)[0m  'count/total_generated_samples': 907,
[36m(ElasticFullyAsyncRollouter pid=3707180)[0m  'monitor/active_tasks_size': 16,
[36m(ElasticFullyAsyncRollouter pid=3707180)[0m  'monitor/queue/mq_queue_size': 459,
[36m(ElasticFullyAsyncRollouter pid=3707180)[0m  'monitor/queue/pending_queue_size': 128,
[36m(ElasticFullyAsyncRollouter pid=3707180)[0m  'static/max_concurrent_samples': 16,
[36m(ElasticFullyAsyncRollouter pid=3707180)[0m  'static/max_queue_size': 576,
[36m(ElasticFullyAsyncRollouter pid=3707180)[0m  'static/max_required_samples': 576,
[36m(ElasticFullyAsyncRollouter pid=3707180)[0m  'static/required_samples': 64,
[36m(ElasticFullyAsyncRollouter pid=3707180)[0m  'static/staleness_threshold': 8}
[36m(ElasticFullyAsyncRollouter pid=3707180)[0m [FullyAsyncRollouter][MonitorLoop][Statistics] {'count/dropped_stale_samples': 0,
[36m(ElasticFullyAsyncRollouter pid=3707180)[0m  'count/staleness_samples': 543,
[36m(ElasticFullyAsyncRollouter pid=3707180)[0m  'count/total_generated_samples': 911,
[36m(ElasticFullyAsyncRollouter pid=3707180)[0m  'monitor/active_tasks_size': 16,
[36m(ElasticFullyAsyncRollouter pid=3707180)[0m  'monitor/queue/mq_queue_size': 463,
[36m(ElasticFullyAsyncRollouter pid=3707180)[0m  'monitor/queue/pending_queue_size': 128,
[36m(ElasticFullyAsyncRollouter pid=3707180)[0m  'static/max_concurrent_samples': 16,
[36m(ElasticFullyAsyncRollouter pid=3707180)[0m  'static/max_queue_size': 576,
[36m(ElasticFullyAsyncRollouter pid=3707180)[0m  'static/max_required_samples': 576,
[36m(ElasticFullyAsyncRollouter pid=3707180)[0m  'static/required_samples': 64,
[36m(ElasticFullyAsyncRollouter pid=3707180)[0m  'static/staleness_threshold': 8}
[36m(ElasticFullyAsyncRollouter pid=3707180)[0m [FullyAsyncRollouter][MonitorLoop][Statistics] {'count/dropped_stale_samples': 0,
[36m(ElasticFullyAsyncRollouter pid=3707180)[0m  'count/staleness_samples': 553,
[36m(ElasticFullyAsyncRollouter pid=3707180)[0m  'count/total_generated_samples': 921,
[36m(ElasticFullyAsyncRollouter pid=3707180)[0m  'monitor/active_tasks_size': 16,
[36m(ElasticFullyAsyncRollouter pid=3707180)[0m  'monitor/queue/mq_queue_size': 473,
[36m(ElasticFullyAsyncRollouter pid=3707180)[0m  'monitor/queue/pending_queue_size': 128,
[36m(ElasticFullyAsyncRollouter pid=3707180)[0m  'static/max_concurrent_samples': 16,
[36m(ElasticFullyAsyncRollouter pid=3707180)[0m  'static/max_queue_size': 576,
[36m(ElasticFullyAsyncRollouter pid=3707180)[0m  'static/max_required_samples': 576,
[36m(ElasticFullyAsyncRollouter pid=3707180)[0m  'static/required_samples': 64,
[36m(ElasticFullyAsyncRollouter pid=3707180)[0m  'static/staleness_threshold': 8}
[36m(ElasticFullyAsyncRollouter pid=3707180)[0m [FullyAsyncRollouter][MonitorLoop][Statistics] {'count/dropped_stale_samples': 0,
[36m(ElasticFullyAsyncRollouter pid=3707180)[0m  'count/staleness_samples': 560,
[36m(ElasticFullyAsyncRollouter pid=3707180)[0m  'count/total_generated_samples': 928,
[36m(ElasticFullyAsyncRollouter pid=3707180)[0m  'monitor/active_tasks_size': 16,
[36m(ElasticFullyAsyncRollouter pid=3707180)[0m  'monitor/queue/mq_queue_size': 480,
[36m(ElasticFullyAsyncRollouter pid=3707180)[0m  'monitor/queue/pending_queue_size': 128,
[36m(ElasticFullyAsyncRollouter pid=3707180)[0m  'static/max_concurrent_samples': 16,
[36m(ElasticFullyAsyncRollouter pid=3707180)[0m  'static/max_queue_size': 576,
[36m(ElasticFullyAsyncRollouter pid=3707180)[0m  'static/max_required_samples': 576,
[36m(ElasticFullyAsyncRollouter pid=3707180)[0m  'static/required_samples': 64,
[36m(ElasticFullyAsyncRollouter pid=3707180)[0m  'static/staleness_threshold': 8}
[36m(ElasticFullyAsyncRollouter pid=3707180)[0m [FullyAsyncRollouter][MonitorLoop][Statistics] {'count/dropped_stale_samples': 0,
[36m(ElasticFullyAsyncRollouter pid=3707180)[0m  'count/staleness_samples': 566,
[36m(ElasticFullyAsyncRollouter pid=3707180)[0m  'count/total_generated_samples': 934,
[36m(ElasticFullyAsyncRollouter pid=3707180)[0m  'monitor/active_tasks_size': 16,
[36m(ElasticFullyAsyncRollouter pid=3707180)[0m  'monitor/queue/mq_queue_size': 486,
[36m(ElasticFullyAsyncRollouter pid=3707180)[0m  'monitor/queue/pending_queue_size': 128,
[36m(ElasticFullyAsyncRollouter pid=3707180)[0m  'static/max_concurrent_samples': 16,
[36m(ElasticFullyAsyncRollouter pid=3707180)[0m  'static/max_queue_size': 576,
[36m(ElasticFullyAsyncRollouter pid=3707180)[0m  'static/max_required_samples': 576,
[36m(ElasticFullyAsyncRollouter pid=3707180)[0m  'static/required_samples': 64,
[36m(ElasticFullyAsyncRollouter pid=3707180)[0m  'static/staleness_threshold': 8}
[36m(ElasticFullyAsyncRollouter pid=3707180)[0m [FullyAsyncRollouter][MonitorLoop][Statistics] {'count/dropped_stale_samples': 0,
[36m(ElasticFullyAsyncRollouter pid=3707180)[0m  'count/staleness_samples': 574,
[36m(ElasticFullyAsyncRollouter pid=3707180)[0m  'count/total_generated_samples': 942,
[36m(ElasticFullyAsyncRollouter pid=3707180)[0m  'monitor/active_tasks_size': 16,
[36m(ElasticFullyAsyncRollouter pid=3707180)[0m  'monitor/queue/mq_queue_size': 494,
[36m(ElasticFullyAsyncRollouter pid=3707180)[0m  'monitor/queue/pending_queue_size': 128,
[36m(ElasticFullyAsyncRollouter pid=3707180)[0m  'static/max_concurrent_samples': 16,
[36m(ElasticFullyAsyncRollouter pid=3707180)[0m  'static/max_queue_size': 576,
[36m(ElasticFullyAsyncRollouter pid=3707180)[0m  'static/max_required_samples': 576,
[36m(ElasticFullyAsyncRollouter pid=3707180)[0m  'static/required_samples': 64,
[36m(ElasticFullyAsyncRollouter pid=3707180)[0m  'static/staleness_threshold': 8}
[36m(ElasticFullyAsyncRollouter pid=3707180)[0m [FullyAsyncRollouter][ShouldPause] due to staleness_samples 576 >= max_required_samples 576 
[36m(ElasticFullyAsyncRollouter pid=3707180)[0m [FullyAsyncRollouter][Processor] Received pause signal, waiting for remaining tasks to return...
[36m(ElasticFullyAsyncRollouter pid=3707180)[0m [FullyAsyncRollouter][MonitorLoop][Statistics] {'count/dropped_stale_samples': 0,
[36m(ElasticFullyAsyncRollouter pid=3707180)[0m  'count/staleness_samples': 576,
[36m(ElasticFullyAsyncRollouter pid=3707180)[0m  'count/total_generated_samples': 951,
[36m(ElasticFullyAsyncRollouter pid=3707180)[0m  'monitor/active_tasks_size': 10,
[36m(ElasticFullyAsyncRollouter pid=3707180)[0m  'monitor/queue/mq_queue_size': 503,
[36m(ElasticFullyAsyncRollouter pid=3707180)[0m  'monitor/queue/pending_queue_size': 128,
[36m(ElasticFullyAsyncRollouter pid=3707180)[0m  'static/max_concurrent_samples': 16,
[36m(ElasticFullyAsyncRollouter pid=3707180)[0m  'static/max_queue_size': 576,
[36m(ElasticFullyAsyncRollouter pid=3707180)[0m  'static/max_required_samples': 576,
[36m(ElasticFullyAsyncRollouter pid=3707180)[0m  'static/required_samples': 64,
[36m(ElasticFullyAsyncRollouter pid=3707180)[0m  'static/staleness_threshold': 8}
[36m(ElasticFullyAsyncRollouter pid=3707180)[0m [FullyAsyncRollouter][MonitorLoop][Statistics] {'count/dropped_stale_samples': 0,
[36m(ElasticFullyAsyncRollouter pid=3707180)[0m  'count/staleness_samples': 576,
[36m(ElasticFullyAsyncRollouter pid=3707180)[0m  'count/total_generated_samples': 956,
[36m(ElasticFullyAsyncRollouter pid=3707180)[0m  'monitor/active_tasks_size': 5,
[36m(ElasticFullyAsyncRollouter pid=3707180)[0m  'monitor/queue/mq_queue_size': 508,
[36m(ElasticFullyAsyncRollouter pid=3707180)[0m  'monitor/queue/pending_queue_size': 128,
[36m(ElasticFullyAsyncRollouter pid=3707180)[0m  'static/max_concurrent_samples': 16,
[36m(ElasticFullyAsyncRollouter pid=3707180)[0m  'static/max_queue_size': 576,
[36m(ElasticFullyAsyncRollouter pid=3707180)[0m  'static/max_required_samples': 576,
[36m(ElasticFullyAsyncRollouter pid=3707180)[0m  'static/required_samples': 64,
[36m(ElasticFullyAsyncRollouter pid=3707180)[0m  'static/staleness_threshold': 8}
[36m(vLLMHttpServer pid=3708955)[0m [cr-shim] PID 2082447: ready (suspend=sig35, resume=sig36)
[36m(vLLMHttpServer pid=3708955)[0m [cr-shim] PID 2082448: ready (suspend=sig35, resume=sig36)
[36m(vLLMHttpServer pid=3708955)[0m [cr-shim] PID 2082748: ready (suspend=sig35, resume=sig36)
[36m(vLLMHttpServer pid=3708955)[0m [cr-shim] PID 2082752: ready (suspend=sig35, resume=sig36)
[36m(vLLMHttpServer pid=3708955)[0m [cr-shim] PID 2082755: ready (suspend=sig35, resume=sig36)
[36m(ElasticFullyAsyncRollouter pid=3707180)[0m [FullyAsyncRollouter][MonitorLoop][Statistics] {'count/dropped_stale_samples': 0,
[36m(ElasticFullyAsyncRollouter pid=3707180)[0m  'count/staleness_samples': 576,
[36m(ElasticFullyAsyncRollouter pid=3707180)[0m  'count/total_generated_samples': 961,
[36m(ElasticFullyAsyncRollouter pid=3707180)[0m  'monitor/active_tasks_size': 0,
[36m(ElasticFullyAsyncRollouter pid=3707180)[0m  'monitor/queue/mq_queue_size': 513,
[36m(ElasticFullyAsyncRollouter pid=3707180)[0m  'monitor/queue/pending_queue_size': 128,
[36m(ElasticFullyAsyncRollouter pid=3707180)[0m  'static/max_concurrent_samples': 16,
[36m(ElasticFullyAsyncRollouter pid=3707180)[0m  'static/max_queue_size': 576,
[36m(ElasticFullyAsyncRollouter pid=3707180)[0m  'static/max_required_samples': 576,
[36m(ElasticFullyAsyncRollouter pid=3707180)[0m  'static/required_samples': 64,
[36m(ElasticFullyAsyncRollouter pid=3707180)[0m  'static/staleness_threshold': 8}
[36m(ElasticFullyAsyncRollouter pid=3707180)[0m [FullyAsyncRollouter][MonitorLoop][Statistics] {'count/dropped_stale_samples': 0,
[36m(ElasticFullyAsyncRollouter pid=3707180)[0m  'count/staleness_samples': 576,
[36m(ElasticFullyAsyncRollouter pid=3707180)[0m  'count/total_generated_samples': 961,
[36m(ElasticFullyAsyncRollouter pid=3707180)[0m  'monitor/active_tasks_size': 0,
[36m(ElasticFullyAsyncRollouter pid=3707180)[0m  'monitor/queue/mq_queue_size': 513,
[36m(ElasticFullyAsyncRollouter pid=3707180)[0m  'monitor/queue/pending_queue_size': 128,
[36m(ElasticFullyAsyncRollouter pid=3707180)[0m  'static/max_concurrent_samples': 16,
[36m(ElasticFullyAsyncRollouter pid=3707180)[0m  'static/max_queue_size': 576,
[36m(ElasticFullyAsyncRollouter pid=3707180)[0m  'static/max_required_samples': 576,
[36m(ElasticFullyAsyncRollouter pid=3707180)[0m  'static/required_samples': 64,
[36m(ElasticFullyAsyncRollouter pid=3707180)[0m  'static/staleness_threshold': 8}
[36m(ElasticFullyAsyncRollouter pid=3707180)[0m [FullyAsyncRollouter][MonitorLoop][Statistics] {'count/dropped_stale_samples': 0,
[36m(ElasticFullyAsyncRollouter pid=3707180)[0m  'count/staleness_samples': 576,
[36m(ElasticFullyAsyncRollouter pid=3707180)[0m  'count/total_generated_samples': 961,
[36m(ElasticFullyAsyncRollouter pid=3707180)[0m  'monitor/active_tasks_size': 0,
[36m(ElasticFullyAsyncRollouter pid=3707180)[0m  'monitor/queue/mq_queue_size': 513,
[36m(ElasticFullyAsyncRollouter pid=3707180)[0m  'monitor/queue/pending_queue_size': 128,
[36m(ElasticFullyAsyncRollouter pid=3707180)[0m  'static/max_concurrent_samples': 16,
[36m(ElasticFullyAsyncRollouter pid=3707180)[0m  'static/max_queue_size': 576,
[36m(ElasticFullyAsyncRollouter pid=3707180)[0m  'static/max_required_samples': 576,
[36m(ElasticFullyAsyncRollouter pid=3707180)[0m  'static/required_samples': 64,
[36m(ElasticFullyAsyncRollouter pid=3707180)[0m  'static/staleness_threshold': 8}
[36m(ElasticFullyAsyncRollouter pid=3707180)[0m [FullyAsyncRollouter][MonitorLoop][Statistics] {'count/dropped_stale_samples': 0,
[36m(ElasticFullyAsyncRollouter pid=3707180)[0m  'count/staleness_samples': 576,
[36m(ElasticFullyAsyncRollouter pid=3707180)[0m  'count/total_generated_samples': 961,
[36m(ElasticFullyAsyncRollouter pid=3707180)[0m  'monitor/active_tasks_size': 0,
[36m(ElasticFullyAsyncRollouter pid=3707180)[0m  'monitor/queue/mq_queue_size': 513,
[36m(ElasticFullyAsyncRollouter pid=3707180)[0m  'monitor/queue/pending_queue_size': 128,
[36m(ElasticFullyAsyncRollouter pid=3707180)[0m  'static/max_concurrent_samples': 16,
[36m(ElasticFullyAsyncRollouter pid=3707180)[0m  'static/max_queue_size': 576,
[36m(ElasticFullyAsyncRollouter pid=3707180)[0m  'static/max_required_samples': 576,
[36m(ElasticFullyAsyncRollouter pid=3707180)[0m  'static/required_samples': 64,
[36m(ElasticFullyAsyncRollouter pid=3707180)[0m  'static/staleness_threshold': 8}
[36m(ElasticFullyAsyncRollouter pid=3707180)[0m [FullyAsyncRollouter][MonitorLoop][Statistics] {'count/dropped_stale_samples': 0,
[36m(ElasticFullyAsyncRollouter pid=3707180)[0m  'count/staleness_samples': 576,
[36m(ElasticFullyAsyncRollouter pid=3707180)[0m  'count/total_generated_samples': 961,
[36m(ElasticFullyAsyncRollouter pid=3707180)[0m  'monitor/active_tasks_size': 0,
[36m(ElasticFullyAsyncRollouter pid=3707180)[0m  'monitor/queue/mq_queue_size': 513,
[36m(ElasticFullyAsyncRollouter pid=3707180)[0m  'monitor/queue/pending_queue_size': 128,
[36m(ElasticFullyAsyncRollouter pid=3707180)[0m  'static/max_concurrent_samples': 16,
[36m(ElasticFullyAsyncRollouter pid=3707180)[0m  'static/max_queue_size': 576,
[36m(ElasticFullyAsyncRollouter pid=3707180)[0m  'static/max_required_samples': 576,
[36m(ElasticFullyAsyncRollouter pid=3707180)[0m  'static/required_samples': 64,
[36m(ElasticFullyAsyncRollouter pid=3707180)[0m  'static/staleness_threshold': 8}
[36m(ElasticFullyAsyncRollouter pid=3707180)[0m [FullyAsyncRollouter][MonitorLoop][Statistics] {'count/dropped_stale_samples': 0,
[36m(ElasticFullyAsyncRollouter pid=3707180)[0m  'count/staleness_samples': 576,
[36m(ElasticFullyAsyncRollouter pid=3707180)[0m  'count/total_generated_samples': 961,
[36m(ElasticFullyAsyncRollouter pid=3707180)[0m  'monitor/active_tasks_size': 0,
[36m(ElasticFullyAsyncRollouter pid=3707180)[0m  'monitor/queue/mq_queue_size': 513,
[36m(ElasticFullyAsyncRollouter pid=3707180)[0m  'monitor/queue/pending_queue_size': 128,
[36m(ElasticFullyAsyncRollouter pid=3707180)[0m  'static/max_concurrent_samples': 16,
[36m(ElasticFullyAsyncRollouter pid=3707180)[0m  'static/max_queue_size': 576,
[36m(ElasticFullyAsyncRollouter pid=3707180)[0m  'static/max_required_samples': 576,
[36m(ElasticFullyAsyncRollouter pid=3707180)[0m  'static/required_samples': 64,
[36m(ElasticFullyAsyncRollouter pid=3707180)[0m  'static/staleness_threshold': 8}
[36m(ElasticFullyAsyncRollouter pid=3707180)[0m [FullyAsyncRollouter][MonitorLoop][Statistics] {'count/dropped_stale_samples': 0,
[36m(ElasticFullyAsyncRollouter pid=3707180)[0m  'count/staleness_samples': 576,
[36m(ElasticFullyAsyncRollouter pid=3707180)[0m  'count/total_generated_samples': 961,
[36m(ElasticFullyAsyncRollouter pid=3707180)[0m  'monitor/active_tasks_size': 0,
[36m(ElasticFullyAsyncRollouter pid=3707180)[0m  'monitor/queue/mq_queue_size': 513,
[36m(ElasticFullyAsyncRollouter pid=3707180)[0m  'monitor/queue/pending_queue_size': 128,
[36m(ElasticFullyAsyncRollouter pid=3707180)[0m  'static/max_concurrent_samples': 16,
[36m(ElasticFullyAsyncRollouter pid=3707180)[0m  'static/max_queue_size': 576,
[36m(ElasticFullyAsyncRollouter pid=3707180)[0m  'static/max_required_samples': 576,
[36m(ElasticFullyAsyncRollouter pid=3707180)[0m  'static/required_samples': 64,
[36m(ElasticFullyAsyncRollouter pid=3707180)[0m  'static/staleness_threshold': 8}
[36m(ElasticFullyAsyncRollouter pid=3707180)[0m [FullyAsyncRollouter][MonitorLoop][Statistics] {'count/dropped_stale_samples': 0,
[36m(ElasticFullyAsyncRollouter pid=3707180)[0m  'count/staleness_samples': 576,
[36m(ElasticFullyAsyncRollouter pid=3707180)[0m  'count/total_generated_samples': 961,
[36m(ElasticFullyAsyncRollouter pid=3707180)[0m  'monitor/active_tasks_size': 0,
[36m(ElasticFullyAsyncRollouter pid=3707180)[0m  'monitor/queue/mq_queue_size': 513,
[36m(ElasticFullyAsyncRollouter pid=3707180)[0m  'monitor/queue/pending_queue_size': 128,
[36m(ElasticFullyAsyncRollouter pid=3707180)[0m  'static/max_concurrent_samples': 16,
[36m(ElasticFullyAsyncRollouter pid=3707180)[0m  'static/max_queue_size': 576,
[36m(ElasticFullyAsyncRollouter pid=3707180)[0m  'static/max_required_samples': 576,
[36m(ElasticFullyAsyncRollouter pid=3707180)[0m  'static/required_samples': 64,
[36m(ElasticFullyAsyncRollouter pid=3707180)[0m  'static/staleness_threshold': 8}
[36m(ElasticFullyAsyncRollouter pid=3707180)[0m [FullyAsyncRollouter][MonitorLoop][Statistics] {'count/dropped_stale_samples': 0,
[36m(ElasticFullyAsyncRollouter pid=3707180)[0m  'count/staleness_samples': 576,
[36m(ElasticFullyAsyncRollouter pid=3707180)[0m  'count/total_generated_samples': 961,
[36m(ElasticFullyAsyncRollouter pid=3707180)[0m  'monitor/active_tasks_size': 0,
[36m(ElasticFullyAsyncRollouter pid=3707180)[0m  'monitor/queue/mq_queue_size': 513,
[36m(ElasticFullyAsyncRollouter pid=3707180)[0m  'monitor/queue/pending_queue_size': 128,
[36m(ElasticFullyAsyncRollouter pid=3707180)[0m  'static/max_concurrent_samples': 16,
[36m(ElasticFullyAsyncRollouter pid=3707180)[0m  'static/max_queue_size': 576,
[36m(ElasticFullyAsyncRollouter pid=3707180)[0m  'static/max_required_samples': 576,
[36m(ElasticFullyAsyncRollouter pid=3707180)[0m  'static/required_samples': 64,
[36m(ElasticFullyAsyncRollouter pid=3707180)[0m  'static/staleness_threshold': 8}
[36m(ElasticFullyAsyncRollouter pid=3707180)[0m [FullyAsyncRollouter][MonitorLoop][Statistics] {'count/dropped_stale_samples': 0,
[36m(ElasticFullyAsyncRollouter pid=3707180)[0m  'count/staleness_samples': 576,
[36m(ElasticFullyAsyncRollouter pid=3707180)[0m  'count/total_generated_samples': 961,
[36m(ElasticFullyAsyncRollouter pid=3707180)[0m  'monitor/active_tasks_size': 0,
[36m(ElasticFullyAsyncRollouter pid=3707180)[0m  'monitor/queue/mq_queue_size': 513,
[36m(ElasticFullyAsyncRollouter pid=3707180)[0m  'monitor/queue/pending_queue_size': 128,
[36m(ElasticFullyAsyncRollouter pid=3707180)[0m  'static/max_concurrent_samples': 16,
[36m(ElasticFullyAsyncRollouter pid=3707180)[0m  'static/max_queue_size': 576,
[36m(ElasticFullyAsyncRollouter pid=3707180)[0m  'static/max_required_samples': 576,
[36m(ElasticFullyAsyncRollouter pid=3707180)[0m  'static/required_samples': 64,
[36m(ElasticFullyAsyncRollouter pid=3707180)[0m  'static/staleness_threshold': 8}
[36m(ElasticFullyAsyncRollouter pid=3707180)[0m [FullyAsyncRollouter][MonitorLoop][Statistics] {'count/dropped_stale_samples': 0,
[36m(ElasticFullyAsyncRollouter pid=3707180)[0m  'count/staleness_samples': 576,
[36m(ElasticFullyAsyncRollouter pid=3707180)[0m  'count/total_generated_samples': 961,
[36m(ElasticFullyAsyncRollouter pid=3707180)[0m  'monitor/active_tasks_size': 0,
[36m(ElasticFullyAsyncRollouter pid=3707180)[0m  'monitor/queue/mq_queue_size': 513,
[36m(ElasticFullyAsyncRollouter pid=3707180)[0m  'monitor/queue/pending_queue_size': 128,
[36m(ElasticFullyAsyncRollouter pid=3707180)[0m  'static/max_concurrent_samples': 16,
[36m(ElasticFullyAsyncRollouter pid=3707180)[0m  'static/max_queue_size': 576,
[36m(ElasticFullyAsyncRollouter pid=3707180)[0m  'static/max_required_samples': 576,
[36m(ElasticFullyAsyncRollouter pid=3707180)[0m  'static/required_samples': 64,
[36m(ElasticFullyAsyncRollouter pid=3707180)[0m  'static/staleness_threshold': 8}
[36m(ElasticFullyAsyncRollouter pid=3707180)[0m [FullyAsyncRollouter][MonitorLoop][Statistics] {'count/dropped_stale_samples': 0,
[36m(ElasticFullyAsyncRollouter pid=3707180)[0m  'count/staleness_samples': 576,
[36m(ElasticFullyAsyncRollouter pid=3707180)[0m  'count/total_generated_samples': 961,
[36m(ElasticFullyAsyncRollouter pid=3707180)[0m  'monitor/active_tasks_size': 0,
[36m(ElasticFullyAsyncRollouter pid=3707180)[0m  'monitor/queue/mq_queue_size': 513,
[36m(ElasticFullyAsyncRollouter pid=3707180)[0m  'monitor/queue/pending_queue_size': 128,
[36m(ElasticFullyAsyncRollouter pid=3707180)[0m  'static/max_concurrent_samples': 16,
[36m(ElasticFullyAsyncRollouter pid=3707180)[0m  'static/max_queue_size': 576,
[36m(ElasticFullyAsyncRollouter pid=3707180)[0m  'static/max_required_samples': 576,
[36m(ElasticFullyAsyncRollouter pid=3707180)[0m  'static/required_samples': 64,
[36m(ElasticFullyAsyncRollouter pid=3707180)[0m  'static/staleness_threshold': 8}
[36m(ElasticFullyAsyncRollouter pid=3707180)[0m [FullyAsyncRollouter][MonitorLoop][Statistics] {'count/dropped_stale_samples': 0,
[36m(ElasticFullyAsyncRollouter pid=3707180)[0m  'count/staleness_samples': 576,
[36m(ElasticFullyAsyncRollouter pid=3707180)[0m  'count/total_generated_samples': 961,
[36m(ElasticFullyAsyncRollouter pid=3707180)[0m  'monitor/active_tasks_size': 0,
[36m(ElasticFullyAsyncRollouter pid=3707180)[0m  'monitor/queue/mq_queue_size': 513,
[36m(ElasticFullyAsyncRollouter pid=3707180)[0m  'monitor/queue/pending_queue_size': 128,
[36m(ElasticFullyAsyncRollouter pid=3707180)[0m  'static/max_concurrent_samples': 16,
[36m(ElasticFullyAsyncRollouter pid=3707180)[0m  'static/max_queue_size': 576,
[36m(ElasticFullyAsyncRollouter pid=3707180)[0m  'static/max_required_samples': 576,
[36m(ElasticFullyAsyncRollouter pid=3707180)[0m  'static/required_samples': 64,
[36m(ElasticFullyAsyncRollouter pid=3707180)[0m  'static/staleness_threshold': 8}
[36m(ElasticFullyAsyncRollouter pid=3707180)[0m [FullyAsyncRollouter][MonitorLoop][Statistics] {'count/dropped_stale_samples': 0,
[36m(ElasticFullyAsyncRollouter pid=3707180)[0m  'count/staleness_samples': 576,
[36m(ElasticFullyAsyncRollouter pid=3707180)[0m  'count/total_generated_samples': 961,
[36m(ElasticFullyAsyncRollouter pid=3707180)[0m  'monitor/active_tasks_size': 0,
[36m(ElasticFullyAsyncRollouter pid=3707180)[0m  'monitor/queue/mq_queue_size': 513,
[36m(ElasticFullyAsyncRollouter pid=3707180)[0m  'monitor/queue/pending_queue_size': 128,
[36m(ElasticFullyAsyncRollouter pid=3707180)[0m  'static/max_concurrent_samples': 16,
[36m(ElasticFullyAsyncRollouter pid=3707180)[0m  'static/max_queue_size': 576,
[36m(ElasticFullyAsyncRollouter pid=3707180)[0m  'static/max_required_samples': 576,
[36m(ElasticFullyAsyncRollouter pid=3707180)[0m  'static/required_samples': 64,
[36m(ElasticFullyAsyncRollouter pid=3707180)[0m  'static/staleness_threshold': 8}
[36m(ElasticFullyAsyncRollouter pid=3707180)[0m [FullyAsyncRollouter][MonitorLoop][Statistics] {'count/dropped_stale_samples': 0,
[36m(ElasticFullyAsyncRollouter pid=3707180)[0m  'count/staleness_samples': 576,
[36m(ElasticFullyAsyncRollouter pid=3707180)[0m  'count/total_generated_samples': 961,
[36m(ElasticFullyAsyncRollouter pid=3707180)[0m  'monitor/active_tasks_size': 0,
[36m(ElasticFullyAsyncRollouter pid=3707180)[0m  'monitor/queue/mq_queue_size': 513,
[36m(ElasticFullyAsyncRollouter pid=3707180)[0m  'monitor/queue/pending_queue_size': 128,
[36m(ElasticFullyAsyncRollouter pid=3707180)[0m  'static/max_concurrent_samples': 16,
[36m(ElasticFullyAsyncRollouter pid=3707180)[0m  'static/max_queue_size': 576,
[36m(ElasticFullyAsyncRollouter pid=3707180)[0m  'static/max_required_samples': 576,
[36m(ElasticFullyAsyncRollouter pid=3707180)[0m  'static/required_samples': 64,
[36m(ElasticFullyAsyncRollouter pid=3707180)[0m  'static/staleness_threshold': 8}
[36m(ElasticFullyAsyncRollouter pid=3707180)[0m [FullyAsyncRollouter][MonitorLoop][Statistics] {'count/dropped_stale_samples': 0,
[36m(ElasticFullyAsyncRollouter pid=3707180)[0m  'count/staleness_samples': 576,
[36m(ElasticFullyAsyncRollouter pid=3707180)[0m  'count/total_generated_samples': 961,
[36m(ElasticFullyAsyncRollouter pid=3707180)[0m  'monitor/active_tasks_size': 0,
[36m(ElasticFullyAsyncRollouter pid=3707180)[0m  'monitor/queue/mq_queue_size': 513,
[36m(ElasticFullyAsyncRollouter pid=3707180)[0m  'monitor/queue/pending_queue_size': 128,
[36m(ElasticFullyAsyncRollouter pid=3707180)[0m  'static/max_concurrent_samples': 16,
[36m(ElasticFullyAsyncRollouter pid=3707180)[0m  'static/max_queue_size': 576,
[36m(ElasticFullyAsyncRollouter pid=3707180)[0m  'static/max_required_samples': 576,
[36m(ElasticFullyAsyncRollouter pid=3707180)[0m  'static/required_samples': 64,
[36m(ElasticFullyAsyncRollouter pid=3707180)[0m  'static/staleness_threshold': 8}
[36m(ElasticFullyAsyncRollouter pid=3707180)[0m [FullyAsyncRollouter][MonitorLoop][Statistics] {'count/dropped_stale_samples': 0,
[36m(ElasticFullyAsyncRollouter pid=3707180)[0m  'count/staleness_samples': 576,
[36m(ElasticFullyAsyncRollouter pid=3707180)[0m  'count/total_generated_samples': 961,
[36m(ElasticFullyAsyncRollouter pid=3707180)[0m  'monitor/active_tasks_size': 0,
[36m(ElasticFullyAsyncRollouter pid=3707180)[0m  'monitor/queue/mq_queue_size': 513,
[36m(ElasticFullyAsyncRollouter pid=3707180)[0m  'monitor/queue/pending_queue_size': 128,
[36m(ElasticFullyAsyncRollouter pid=3707180)[0m  'static/max_concurrent_samples': 16,
[36m(ElasticFullyAsyncRollouter pid=3707180)[0m  'static/max_queue_size': 576,
[36m(ElasticFullyAsyncRollouter pid=3707180)[0m  'static/max_required_samples': 576,
[36m(ElasticFullyAsyncRollouter pid=3707180)[0m  'static/required_samples': 64,
[36m(ElasticFullyAsyncRollouter pid=3707180)[0m  'static/staleness_threshold': 8}
[36m(ElasticFullyAsyncRollouter pid=3707180)[0m [FullyAsyncRollouter][MonitorLoop][Statistics] {'count/dropped_stale_samples': 0,
[36m(ElasticFullyAsyncRollouter pid=3707180)[0m  'count/staleness_samples': 576,
[36m(ElasticFullyAsyncRollouter pid=3707180)[0m  'count/total_generated_samples': 961,
[36m(ElasticFullyAsyncRollouter pid=3707180)[0m  'monitor/active_tasks_size': 0,
[36m(ElasticFullyAsyncRollouter pid=3707180)[0m  'monitor/queue/mq_queue_size': 513,
[36m(ElasticFullyAsyncRollouter pid=3707180)[0m  'monitor/queue/pending_queue_size': 128,
[36m(ElasticFullyAsyncRollouter pid=3707180)[0m  'static/max_concurrent_samples': 16,
[36m(ElasticFullyAsyncRollouter pid=3707180)[0m  'static/max_queue_size': 576,
[36m(ElasticFullyAsyncRollouter pid=3707180)[0m  'static/max_required_samples': 576,
[36m(ElasticFullyAsyncRollouter pid=3707180)[0m  'static/required_samples': 64,
[36m(ElasticFullyAsyncRollouter pid=3707180)[0m  'static/staleness_threshold': 8}
[36m(ElasticFullyAsyncRollouter pid=3707180)[0m [FullyAsyncRollouter][MonitorLoop][Statistics] {'count/dropped_stale_samples': 0,
[36m(ElasticFullyAsyncRollouter pid=3707180)[0m  'count/staleness_samples': 576,
[36m(ElasticFullyAsyncRollouter pid=3707180)[0m  'count/total_generated_samples': 961,
[36m(ElasticFullyAsyncRollouter pid=3707180)[0m  'monitor/active_tasks_size': 0,
[36m(ElasticFullyAsyncRollouter pid=3707180)[0m  'monitor/queue/mq_queue_size': 513,
[36m(ElasticFullyAsyncRollouter pid=3707180)[0m  'monitor/queue/pending_queue_size': 128,
[36m(ElasticFullyAsyncRollouter pid=3707180)[0m  'static/max_concurrent_samples': 16,
[36m(ElasticFullyAsyncRollouter pid=3707180)[0m  'static/max_queue_size': 576,
[36m(ElasticFullyAsyncRollouter pid=3707180)[0m  'static/max_required_samples': 576,
[36m(ElasticFullyAsyncRollouter pid=3707180)[0m  'static/required_samples': 64,
[36m(ElasticFullyAsyncRollouter pid=3707180)[0m  'static/staleness_threshold': 8}
[36m(ElasticFullyAsyncRollouter pid=3707180)[0m [FullyAsyncRollouter][MonitorLoop][Statistics] {'count/dropped_stale_samples': 0,
[36m(ElasticFullyAsyncRollouter pid=3707180)[0m  'count/staleness_samples': 576,
[36m(ElasticFullyAsyncRollouter pid=3707180)[0m  'count/total_generated_samples': 961,
[36m(ElasticFullyAsyncRollouter pid=3707180)[0m  'monitor/active_tasks_size': 0,
[36m(ElasticFullyAsyncRollouter pid=3707180)[0m  'monitor/queue/mq_queue_size': 513,
[36m(ElasticFullyAsyncRollouter pid=3707180)[0m  'monitor/queue/pending_queue_size': 128,
[36m(ElasticFullyAsyncRollouter pid=3707180)[0m  'static/max_concurrent_samples': 16,
[36m(ElasticFullyAsyncRollouter pid=3707180)[0m  'static/max_queue_size': 576,
[36m(ElasticFullyAsyncRollouter pid=3707180)[0m  'static/max_required_samples': 576,
[36m(ElasticFullyAsyncRollouter pid=3707180)[0m  'static/required_samples': 64,
[36m(ElasticFullyAsyncRollouter pid=3707180)[0m  'static/staleness_threshold': 8}
[36m(ElasticFullyAsyncRollouter pid=3707180)[0m [FullyAsyncRollouter][MonitorLoop][Statistics] {'count/dropped_stale_samples': 0,
[36m(ElasticFullyAsyncRollouter pid=3707180)[0m  'count/staleness_samples': 576,
[36m(ElasticFullyAsyncRollouter pid=3707180)[0m  'count/total_generated_samples': 961,
[36m(ElasticFullyAsyncRollouter pid=3707180)[0m  'monitor/active_tasks_size': 0,
[36m(ElasticFullyAsyncRollouter pid=3707180)[0m  'monitor/queue/mq_queue_size': 513,
[36m(ElasticFullyAsyncRollouter pid=3707180)[0m  'monitor/queue/pending_queue_size': 128,
[36m(ElasticFullyAsyncRollouter pid=3707180)[0m  'static/max_concurrent_samples': 16,
[36m(ElasticFullyAsyncRollouter pid=3707180)[0m  'static/max_queue_size': 576,
[36m(ElasticFullyAsyncRollouter pid=3707180)[0m  'static/max_required_samples': 576,
[36m(ElasticFullyAsyncRollouter pid=3707180)[0m  'static/required_samples': 64,
[36m(ElasticFullyAsyncRollouter pid=3707180)[0m  'static/staleness_threshold': 8}
[36m(ElasticFullyAsyncRollouter pid=3707180)[0m [FullyAsyncRollouter][MonitorLoop][Statistics] {'count/dropped_stale_samples': 0,
[36m(ElasticFullyAsyncRollouter pid=3707180)[0m  'count/staleness_samples': 576,
[36m(ElasticFullyAsyncRollouter pid=3707180)[0m  'count/total_generated_samples': 961,
[36m(ElasticFullyAsyncRollouter pid=3707180)[0m  'monitor/active_tasks_size': 0,
[36m(ElasticFullyAsyncRollouter pid=3707180)[0m  'monitor/queue/mq_queue_size': 513,
[36m(ElasticFullyAsyncRollouter pid=3707180)[0m  'monitor/queue/pending_queue_size': 128,
[36m(ElasticFullyAsyncRollouter pid=3707180)[0m  'static/max_concurrent_samples': 16,
[36m(ElasticFullyAsyncRollouter pid=3707180)[0m  'static/max_queue_size': 576,
[36m(ElasticFullyAsyncRollouter pid=3707180)[0m  'static/max_required_samples': 576,
[36m(ElasticFullyAsyncRollouter pid=3707180)[0m  'static/required_samples': 64,
[36m(ElasticFullyAsyncRollouter pid=3707180)[0m  'static/staleness_threshold': 8}
[36m(ElasticFullyAsyncRollouter pid=3707180)[0m [FullyAsyncRollouter][MonitorLoop][Statistics] {'count/dropped_stale_samples': 0,
[36m(ElasticFullyAsyncRollouter pid=3707180)[0m  'count/staleness_samples': 576,
[36m(ElasticFullyAsyncRollouter pid=3707180)[0m  'count/total_generated_samples': 961,
[36m(ElasticFullyAsyncRollouter pid=3707180)[0m  'monitor/active_tasks_size': 0,
[36m(ElasticFullyAsyncRollouter pid=3707180)[0m  'monitor/queue/mq_queue_size': 513,
[36m(ElasticFullyAsyncRollouter pid=3707180)[0m  'monitor/queue/pending_queue_size': 128,
[36m(ElasticFullyAsyncRollouter pid=3707180)[0m  'static/max_concurrent_samples': 16,
[36m(ElasticFullyAsyncRollouter pid=3707180)[0m  'static/max_queue_size': 576,
[36m(ElasticFullyAsyncRollouter pid=3707180)[0m  'static/max_required_samples': 576,
[36m(ElasticFullyAsyncRollouter pid=3707180)[0m  'static/required_samples': 64,
[36m(ElasticFullyAsyncRollouter pid=3707180)[0m  'static/staleness_threshold': 8}
[36m(ElasticFullyAsyncRollouter pid=3707180)[0m [FullyAsyncRollouter][MonitorLoop][Statistics] {'count/dropped_stale_samples': 0,
[36m(ElasticFullyAsyncRollouter pid=3707180)[0m  'count/staleness_samples': 576,
[36m(ElasticFullyAsyncRollouter pid=3707180)[0m  'count/total_generated_samples': 961,
[36m(ElasticFullyAsyncRollouter pid=3707180)[0m  'monitor/active_tasks_size': 0,
[36m(ElasticFullyAsyncRollouter pid=3707180)[0m  'monitor/queue/mq_queue_size': 513,
[36m(ElasticFullyAsyncRollouter pid=3707180)[0m  'monitor/queue/pending_queue_size': 128,
[36m(ElasticFullyAsyncRollouter pid=3707180)[0m  'static/max_concurrent_samples': 16,
[36m(ElasticFullyAsyncRollouter pid=3707180)[0m  'static/max_queue_size': 576,
[36m(ElasticFullyAsyncRollouter pid=3707180)[0m  'static/max_required_samples': 576,
[36m(ElasticFullyAsyncRollouter pid=3707180)[0m  'static/required_samples': 64,
[36m(ElasticFullyAsyncRollouter pid=3707180)[0m  'static/staleness_threshold': 8}
[36m(ElasticFullyAsyncRollouter pid=3707180)[0m [FullyAsyncRollouter][MonitorLoop][Statistics] {'count/dropped_stale_samples': 0,
[36m(ElasticFullyAsyncRollouter pid=3707180)[0m  'count/staleness_samples': 576,
[36m(ElasticFullyAsyncRollouter pid=3707180)[0m  'count/total_generated_samples': 961,
[36m(ElasticFullyAsyncRollouter pid=3707180)[0m  'monitor/active_tasks_size': 0,
[36m(ElasticFullyAsyncRollouter pid=3707180)[0m  'monitor/queue/mq_queue_size': 513,
[36m(ElasticFullyAsyncRollouter pid=3707180)[0m  'monitor/queue/pending_queue_size': 128,
[36m(ElasticFullyAsyncRollouter pid=3707180)[0m  'static/max_concurrent_samples': 16,
[36m(ElasticFullyAsyncRollouter pid=3707180)[0m  'static/max_queue_size': 576,
[36m(ElasticFullyAsyncRollouter pid=3707180)[0m  'static/max_required_samples': 576,
[36m(ElasticFullyAsyncRollouter pid=3707180)[0m  'static/required_samples': 64,
[36m(ElasticFullyAsyncRollouter pid=3707180)[0m  'static/staleness_threshold': 8}
[36m(vLLMHttpServer pid=3708955)[0m (Worker pid=3709978) WARNING 08-06 02:05:31 [multiproc_executor.py:884] WorkerProc was terminated
Traceback (most recent call last):
  File "/workspace/m1/fully_async_main_elastic.py", line 575, in <module>
    main()
  File "/usr/local/lib/python3.12/dist-packages/hydra/main.py", line 94, in decorated_main
    _run_hydra(
  File "/usr/local/lib/python3.12/dist-packages/hydra/_internal/utils.py", line 394, in _run_hydra
    _run_app(
  File "/usr/local/lib/python3.12/dist-packages/hydra/_internal/utils.py", line 457, in _run_app
    run_and_report(
  File "/usr/local/lib/python3.12/dist-packages/hydra/_internal/utils.py", line 220, in run_and_report
    return func()
           ^^^^^^
  File "/usr/local/lib/python3.12/dist-packages/hydra/_internal/utils.py", line 458, in <lambda>
    lambda: hydra.run(
            ^^^^^^^^^^
  File "/usr/local/lib/python3.12/dist-packages/hydra/_internal/hydra.py", line 119, in run
    ret = run_job(
          ^^^^^^^^
  File "/usr/local/lib/python3.12/dist-packages/hydra/core/utils.py", line 186, in run_job
    ret.return_value = task_function(task_cfg)
                       ^^^^^^^^^^^^^^^^^^^^^^^
  File "/workspace/m1/fully_async_main_elastic.py", line 570, in main
    run_ppo(config, task_runner_class=ElasticFullyAsyncTaskRunner)
  File "/workspace/verl-src/verl/trainer/main_ppo.py", line 94, in run_ppo
    ray.get(runner.run.remote(config))
  File "/usr/local/lib/python3.12/dist-packages/ray/_private/auto_init_hook.py", line 22, in auto_init_wrapper
    return fn(*args, **kwargs)
           ^^^^^^^^^^^^^^^^^^^
  File "/usr/local/lib/python3.12/dist-packages/ray/_private/client_mode_hook.py", line 107, in wrapper
    return func(*args, **kwargs)
           ^^^^^^^^^^^^^^^^^^^^^
  File "/usr/local/lib/python3.12/dist-packages/ray/_private/worker.py", line 2980, in get
    values, debugger_breakpoint = worker.get_objects(
                                  ^^^^^^^^^^^^^^^^^^^
  File "/usr/local/lib/python3.12/dist-packages/ray/_private/worker.py", line 993, in get_objects
    ] = self.core_worker.get_objects(
        ^^^^^^^^^^^^^^^^^^^^^^^^^^^^^
  File "python/ray/_raylet.pyx", line 3012, in ray._raylet.CoreWorker.get_objects
  File "python/ray/includes/common.pxi", line 104, in ray._raylet.check_status
KeyboardInterrupt
[36m(vLLMHttpServer pid=3712796)[0m (Worker pid=3713573) WARNING 08-06 02:05:31 [multiproc_executor.py:884] WorkerProc was terminated
