timestamp_ms,gpu_index,gpu_util_pct,mem_util_pct,power_w
1784843182961,0,0,0,72.76
1784843182961,1,0,0,72.58
1784843183098,0,0,0,72.77
1784843183098,1,0,0,72.73
1784843183237,0,0,0,72.78
1784843183237,1,0,0,72.77
1784843183372,0,0,0,72.78
1784843183372,1,0,0,72.61
1784843183508,0,0,0,72.76
1784843183508,1,0,0,72.67
1784843183644,0,0,0,72.76
1784843183644,1,0,0,72.67
1784843183782,0,0,0,72.74
1784843183782,1,0,0,72.59
1784843183919,0,0,0,72.76
1784843183919,1,0,0,72.60
1784843184056,0,0,0,72.74
1784843184056,1,0,0,72.76
1784843184191,0,0,0,72.73
1784843184191,1,0,0,72.62
1784843184327,0,0,0,72.73
1784843184327,1,0,0,72.59
1784843184463,0,0,0,72.73
1784843184463,1,0,0,72.77
1784843184599,0,0,0,72.73
1784843184599,1,0,0,72.68
1784843184736,0,0,0,72.75
1784843184736,1,0,0,72.60
1784843184872,0,0,0,72.76
1784843184872,1,0,0,72.76
1784843185007,0,0,0,72.72
1784843185007,1,0,0,72.72
1784843185143,0,0,0,72.74
1784843185143,1,0,0,72.59
1784843185281,0,0,0,72.76
1784843185281,1,0,0,72.77
1784843185570,0,0,0,72.78
1784843185570,1,0,0,72.58
1784843185784,0,0,0,72.78
1784843185784,1,0,0,73.14
1784843185919,0,0,0,72.79
1784843185919,1,0,0,73.35
1784843186054,0,0,0,72.80
1784843186054,1,0,0,73.58
1784843186190,0,0,0,72.80
1784843186190,1,0,0,74.32
1784843186325,0,0,0,72.78
1784843186325,1,0,0,74.66
1784843186461,0,0,0,72.76
1784843186461,1,0,0,74.81
1784843186597,0,0,0,72.77
1784843186597,1,0,0,75.53
1784843186733,0,0,0,72.75
1784843186733,1,0,0,75.87
1784843186870,0,0,0,72.75
1784843186870,1,0,0,75.71
1784843187006,0,0,0,72.72
1784843187006,1,0,0,75.73
1784843187141,0,0,0,72.72
1784843187141,1,0,0,75.85
1784843187277,0,0,0,72.70
1784843187277,1,0,0,75.73
1784843187412,0,0,0,72.69
1784843187412,1,0,0,75.73
1784843187549,0,0,0,72.67
1784843187549,1,0,0,75.75
1784843187686,0,0,0,72.66
1784843187686,1,0,0,75.09
1784843187823,0,0,0,72.66
1784843187823,1,0,0,74.73
1784843187959,0,0,0,72.67
1784843187959,1,0,0,74.45
1784843188094,0,0,0,72.67
1784843188094,1,0,0,73.88
1784843188230,0,0,0,72.67
1784843188230,1,0,0,73.51
1784843188365,0,0,0,72.69
1784843188365,1,0,0,73.15
1784843188501,0,0,0,72.68
1784843188501,1,0,0,72.75
1784843188637,0,0,0,72.69
1784843188637,1,0,0,72.62
1784843188774,0,0,0,72.69
1784843188774,1,0,0,72.63
1784843188910,0,0,0,72.69
1784843188910,1,0,0,72.77
1784843189046,0,0,0,72.68
1784843189046,1,0,0,72.59
1784843189290,0,0,0,72.69
1784843189290,1,0,0,72.70
1784843189426,0,0,0,72.68
1784843189426,1,0,0,72.81
1784843189562,0,0,0,72.68
1784843189562,1,0,0,72.61
1784843189698,0,0,0,72.69
1784843189698,1,0,0,72.65
1784843189834,0,0,0,72.70
1784843189834,1,0,0,72.75
1784843189970,0,0,0,72.68
1784843189970,1,0,0,72.63
1784843190107,0,0,0,72.70
1784843190107,1,0,0,72.64
1784843190245,0,0,0,72.73
1784843190245,1,0,0,72.77
1784843190382,0,0,0,72.72
1784843190382,1,0,0,72.63
1784843190518,0,0,0,72.75
1784843190518,1,0,0,72.60
1784843190654,0,0,0,72.72
1784843190654,1,0,0,72.77
1784843190790,0,0,0,72.75
1784843190790,1,0,0,72.70
1784843190926,0,0,0,72.73
1784843190926,1,0,0,72.61
1784843191063,0,0,0,72.73
1784843191063,1,0,0,72.72
1784843191199,0,0,0,72.69
1784843191199,1,0,0,72.75
1784843191337,0,0,0,72.69
1784843191337,1,0,0,72.58
1784843191473,0,0,0,72.69
1784843191473,1,0,0,72.65
1784843191609,0,0,0,72.69
1784843191609,1,0,0,72.75
1784843191746,0,0,0,72.71
1784843191746,1,0,0,72.58
1784843191882,0,0,0,72.69
1784843191882,1,0,0,72.58
1784843192018,0,0,0,72.71
1784843192018,1,0,0,72.70
1784843192154,0,0,0,72.71
1784843192154,1,0,0,72.56
1784843192290,0,0,0,72.71
1784843192290,1,0,0,72.52
1784843192427,0,0,0,72.72
1784843192427,1,0,0,72.58
1784843192564,0,0,0,72.74
1784843192564,1,0,0,72.58
1784843192700,0,0,0,72.71
1784843192700,1,0,0,72.53
1784843192836,0,0,0,72.74
1784843192836,1,0,0,72.68
1784843192973,0,0,0,72.73
1784843192973,1,0,0,72.64
1784843193111,0,0,0,72.71
1784843193111,1,0,0,72.56
1784843193249,0,0,0,72.72
1784843193249,1,0,0,72.64
1784843193386,0,0,0,72.69
1784843193386,1,0,0,72.73
1784843193523,0,0,0,72.69
1784843193523,1,0,0,72.62
1784843193659,0,0,0,72.69
1784843193659,1,0,0,72.58
1784843193816,0,0,0,72.67
1784843193816,1,0,0,72.68
1784843193986,0,0,0,72.66
1784843193986,1,0,0,72.56
1784843194141,0,0,0,72.66
1784843194141,1,0,0,72.65
1784843194279,0,0,0,72.65
1784843194279,1,0,0,72.74
1784843194414,0,0,0,72.66
1784843194414,1,0,0,72.60
1784843194550,0,0,0,72.65
1784843194550,1,0,0,72.59
1784843194686,0,0,0,72.63
1784843194686,1,0,0,72.72
1784843194821,0,0,0,72.66
1784843194821,1,0,0,72.66
1784843194956,0,0,0,72.64
1784843194956,1,0,0,72.56
1784843195092,0,0,0,72.61
1784843195092,1,0,0,72.66
1784843195228,0,0,0,72.60
1784843195228,1,0,0,72.71
1784843195364,0,0,0,72.60
1784843195364,1,0,0,72.53
1784843195500,0,0,0,72.57
1784843195500,1,0,0,72.59
1784843195636,0,0,0,72.60
1784843195636,1,0,0,72.63
1784843195771,0,0,0,72.61
1784843195771,1,0,0,72.53
1784843195907,0,0,0,72.64
1784843195907,1,0,0,72.51
1784843196042,0,0,0,72.67
1784843196042,1,0,0,72.70
1784843196178,0,0,0,72.67
1784843196178,1,0,0,72.57
1784843196313,0,0,0,72.69
1784843196313,1,0,0,72.54
1784843196449,0,0,0,72.68
1784843196449,1,0,0,72.76
1784843196585,0,0,0,72.69
1784843196585,1,0,0,72.67
1784843196721,0,0,0,72.69
1784843196721,1,0,0,72.60
1784843196856,0,0,0,72.69
1784843196856,1,0,0,72.76
1784843196993,0,0,0,72.69
1784843196993,1,0,0,72.77
1784843197149,0,0,0,72.70
1784843197149,1,0,0,72.60
1784843197284,0,0,0,72.71
1784843197284,1,0,0,72.68
1784843197419,0,0,0,72.71
1784843197419,1,0,0,72.75
1784843197555,0,0,0,72.71
1784843197555,1,0,0,72.57
1784843197690,0,0,0,72.71
1784843197690,1,0,0,72.58
1784843197827,0,0,0,72.71
1784843197827,1,0,0,72.71
1784843197962,0,0,0,72.71
1784843197962,1,0,0,72.56
1784843198098,0,0,0,72.72
1784843198098,1,0,0,72.54
1784843198234,0,0,0,72.71
1784843198234,1,0,0,72.62
1784843198370,0,0,0,72.71
1784843198370,1,0,0,72.60
1784843198506,0,0,0,72.74
1784843198506,1,0,0,72.56
1784843198642,0,0,0,72.73
1784843198642,1,0,0,72.69
1784843198778,0,0,0,72.75
1784843198778,1,0,0,72.67
1784843198914,0,0,0,72.74
1784843198914,1,0,0,72.57
1784843199050,0,0,0,72.75
1784843199050,1,0,0,72.66
1784843199186,0,0,0,72.74
1784843199186,1,0,0,72.74
1784843199322,0,0,0,72.76
1784843199322,1,0,0,72.63
1784843199457,0,0,0,72.75
1784843199457,1,0,0,72.59
1784843199592,0,0,0,72.77
1784843199592,1,0,0,72.73
1784843199728,0,0,0,72.75
1784843199728,1,0,0,72.69
1784843199863,0,0,0,72.76
1784843199863,1,0,0,72.57
1784843199999,0,0,0,72.76
1784843199999,1,0,0,72.63
1784843200279,0,0,0,72.76
1784843200279,1,0,0,72.58
1784843200415,0,0,0,72.76
1784843200415,1,0,0,72.62
1784843200551,0,0,0,72.74
1784843200551,1,0,0,72.70
1784843200687,0,0,0,72.74
1784843200687,1,0,0,72.62
1784843200823,0,0,0,72.74
1784843200823,1,0,0,72.62
1784843200958,0,0,0,72.75
1784843200958,1,0,0,72.78
1784843201095,0,0,0,72.73
1784843201095,1,0,0,72.66
1784843201231,0,0,0,72.74
1784843201231,1,0,0,72.61
1784843201367,0,0,0,72.73
1784843201367,1,0,0,72.78
1784843201504,0,0,0,72.72
1784843201504,1,0,0,72.69
1784843201640,0,0,0,72.74
1784843201640,1,0,0,72.61
1784843201781,0,0,0,72.74
1784843201781,1,0,0,72.74
1784843201915,0,0,0,72.74
1784843201915,1,0,0,72.75
1784843202051,0,0,0,72.74
1784843202051,1,0,0,72.63
1784843202187,0,0,0,72.75
1784843202187,1,0,0,72.67
1784843202323,0,0,0,72.73
1784843202323,1,0,0,72.82
1784843202459,0,0,0,72.79
1784843202459,1,0,0,72.66
1784843202594,0,0,0,72.79
1784843202594,1,0,0,72.65
1784843202730,0,0,0,72.79
1784843202730,1,0,0,72.80
1784843202866,0,0,0,72.80
1784843202866,1,0,0,72.69
1784843203001,0,0,0,72.79
1784843203001,1,0,0,72.67
1784843203137,0,0,0,72.79
1784843203137,1,0,0,72.86
1784843203274,0,0,0,72.79
1784843203274,1,0,0,72.75
1784843203409,0,0,0,72.79
1784843203409,1,0,0,72.66
1784843203544,0,0,0,72.77
1784843203544,1,0,0,72.80
1784843203679,0,0,0,72.80
1784843203679,1,0,0,72.77
1784843203814,0,0,0,72.79
1784843203814,1,0,0,72.66
1784843203955,0,0,0,72.82
1784843203955,1,0,0,72.68
1784843204092,0,0,0,72.83
1784843204092,1,0,0,72.78
1784843204230,0,0,0,72.82
1784843204230,1,0,0,72.66
1784843204366,0,0,0,72.81
1784843204366,1,0,0,72.62
1784843204503,0,0,0,72.82
1784843204503,1,0,0,72.74
1784843204639,0,0,0,72.83
1784843204639,1,0,0,72.62
1784843204776,0,0,0,72.83
1784843204776,1,0,0,72.60
1784843204912,0,0,0,72.84
1784843204912,1,0,0,72.69
1784843205048,0,0,0,72.84
1784843205048,1,0,0,72.69
1784843205185,0,0,0,72.87
1784843205185,1,0,0,72.63
1784843205321,0,0,0,72.86
1784843205321,1,0,0,72.66
1784843205457,0,0,0,72.87
1784843205457,1,0,0,72.75
1784843205593,0,0,0,72.86
1784843205593,1,0,0,72.66
1784843205729,0,0,0,72.84
1784843205729,1,0,0,72.65
1784843205865,0,0,0,72.83
1784843205865,1,0,0,72.82
1784843206002,0,0,0,72.83
1784843206002,1,0,0,72.71
1784843206137,0,0,0,72.83
1784843206137,1,0,0,72.69
1784843206275,0,0,0,72.81
1784843206275,1,0,0,72.83
1784843206411,0,0,0,72.82
1784843206411,1,0,0,72.77
1784843206548,0,0,0,72.82
1784843206548,1,0,0,72.67
1784843206685,0,0,0,72.82
1784843206685,1,0,0,72.78
1784843206820,0,0,0,72.84
1784843206820,1,0,0,72.84
1784843206956,0,0,0,72.83
1784843206956,1,0,0,72.67
1784843207092,0,0,0,72.83
1784843207092,1,0,0,72.70
1784843207228,0,0,0,72.83
1784843207228,1,0,0,72.84
1784843207364,0,0,0,72.84
1784843207364,1,0,0,72.66
1784843207500,0,0,0,72.84
1784843207500,1,0,0,72.67
1784843207635,0,0,0,72.85
1784843207635,1,0,0,72.78
1784843207771,0,0,0,72.83
1784843207771,1,0,0,72.71
1784843207906,0,0,0,72.84
1784843207906,1,0,0,72.68
1784843208042,0,0,0,72.88
1784843208042,1,0,0,72.86
1784843208178,0,0,0,72.86
1784843208178,1,0,0,72.80
1784843208314,0,0,0,72.88
1784843208314,1,0,0,72.72
1784843208450,0,0,0,72.87
1784843208450,1,0,0,72.84
1784843208585,0,0,0,72.87
1784843208585,1,0,0,72.88
1784843208720,0,0,0,72.86
1784843208720,1,0,0,72.76
1784843208856,0,0,0,72.87
1784843208856,1,0,0,72.77
1784843208992,0,0,0,72.85
1784843208992,1,0,0,72.90
1784843209128,0,0,0,72.85
1784843209128,1,0,0,72.82
1784843209264,0,0,0,72.88
1784843209264,1,0,0,72.69
1784843209400,0,0,0,72.89
1784843209400,1,0,0,72.83
1784843209536,0,0,0,72.91
1784843209536,1,0,0,72.81
1784843209672,0,0,0,72.90
1784843209672,1,0,0,72.67
1784843209807,0,0,0,72.91
1784843209807,1,0,0,72.72
1784843209943,0,0,0,72.90
1784843209943,1,0,0,72.68
1784843210078,0,0,0,72.92
1784843210078,1,0,0,72.58
1784843210214,0,0,0,72.91
1784843210214,1,0,0,72.58
1784843210350,0,0,0,72.91
1784843210350,1,0,0,72.67
1784843210486,0,0,0,72.93
1784843210486,1,0,0,72.55
1784843210621,0,0,0,72.93
1784843210621,1,0,0,72.49
1784843210757,0,0,0,72.93
1784843210757,1,0,0,72.60
1784843210894,0,0,0,72.93
1784843210894,1,0,0,72.54
1784843211029,0,0,0,72.94
1784843211029,1,0,0,72.47
1784843211165,0,0,0,72.93
1784843211165,1,0,0,72.59
1784843211411,0,0,0,72.92
1784843211411,1,0,0,72.48
1784843211547,0,0,0,72.92
1784843211547,1,0,0,72.46
1784843211683,0,0,0,72.90
1784843211683,1,0,0,72.64
1784843211819,0,0,0,72.91
1784843211819,1,0,0,72.53
1784843211954,0,0,0,72.89
1784843211954,1,0,0,72.48
1784843212089,0,0,0,72.91
1784843212089,1,0,0,72.66
1784843212226,0,0,0,72.90
1784843212226,1,0,0,72.62
1784843212362,0,0,0,72.89
1784843212362,1,0,0,72.52
1784843212498,0,0,0,72.88
1784843212498,1,0,0,72.62
1784843212634,0,0,0,72.88
1784843212634,1,0,0,72.69
1784843212770,0,0,0,72.87
1784843212770,1,0,0,72.54
1784843212910,0,0,0,72.89
1784843212910,1,0,0,72.58
1784843213046,0,0,0,72.89
1784843213046,1,0,0,72.73
1784843213182,0,0,0,72.89
1784843213182,1,0,0,72.57
1784843213321,0,0,0,72.89
1784843213321,1,0,0,72.56
1784843213456,0,0,0,72.89
1784843213456,1,0,0,72.69
1784843213591,0,0,0,72.91
1784843213591,1,0,0,72.62
1784843213726,0,0,0,72.90
1784843213726,1,0,0,72.60
1784843213861,0,0,0,72.90
1784843213861,1,0,0,72.81
1784843213996,0,0,0,72.91
1784843213996,1,0,0,72.74
1784843214132,0,0,0,72.90
1784843214132,1,0,0,72.67
1784843214268,0,0,0,72.91
1784843214268,1,0,0,72.80
1784843214404,0,0,0,72.89
1784843214404,1,0,0,72.85
1784843214540,0,0,0,72.90
1784843214540,1,0,0,72.76
1784843214676,0,0,0,72.91
1784843214676,1,0,0,72.77
1784843214811,0,0,0,72.94
1784843214811,1,0,0,72.92
1784843214947,0,0,0,72.95
1784843214947,1,0,0,72.84
1784843215083,0,0,0,72.94
1784843215083,1,0,0,72.75
1784843215219,0,0,0,72.93
1784843215219,1,0,0,72.89
1784843215355,0,0,0,72.93
1784843215355,1,0,0,72.91
1784843215491,0,0,0,72.96
1784843215491,1,0,0,72.75
1784843215627,0,0,0,72.94
1784843215627,1,0,0,72.80
1784843215764,0,0,0,72.94
1784843215764,1,0,0,72.82
1784843215900,0,0,0,72.95
1784843215900,1,0,0,72.74
1784843216035,0,0,0,72.96
1784843216035,1,0,0,72.73
1784843216171,0,0,0,72.97
1784843216171,1,0,0,72.86
1784843216307,0,0,0,72.99
1784843216307,1,0,0,72.74
1784843216443,0,0,0,73.00
1784843216443,1,0,0,72.70
1784843216579,0,0,0,72.98
1784843216579,1,0,0,72.86
1784843216715,0,0,0,72.99
1784843216715,1,0,0,72.80
1784843216851,0,0,0,72.97
1784843216851,1,0,0,72.73
1784843216987,0,0,0,72.98
1784843216987,1,0,0,72.84
1784843217124,0,0,0,72.97
1784843217124,1,0,0,72.84
1784843217260,0,0,0,72.97
1784843217260,1,0,0,72.73
1784843217397,0,0,0,72.95
1784843217397,1,0,0,72.79
1784843217533,0,0,0,72.97
1784843217533,1,0,0,72.88
1784843217669,0,0,0,72.99
1784843217669,1,0,0,72.72
1784843217805,0,0,0,72.99
1784843217805,1,0,0,72.71
1784843217940,0,0,0,72.99
1784843217940,1,0,0,72.86
1784843218076,0,0,0,72.98
1784843218076,1,0,0,72.75
1784843218212,0,0,0,72.97
1784843218212,1,0,0,72.72
1784843218347,0,0,0,72.96
1784843218347,1,0,0,72.81
1784843218486,0,0,0,72.96
1784843218486,1,0,0,72.83
1784843218622,0,0,0,72.95
1784843218622,1,0,0,72.77
1784843218757,0,0,0,72.96
1784843218757,1,0,0,72.79
1784843218894,0,0,0,72.96
1784843218894,1,0,0,72.95
1784843219030,0,0,0,72.94
1784843219030,1,0,0,72.83
1784843219165,0,0,0,72.96
1784843219165,1,0,0,72.89
1784843219301,0,0,0,72.96
1784843219301,1,0,0,73.00
1784843219436,0,0,0,72.96
1784843219436,1,0,0,72.89
1784843219572,0,0,0,72.95
1784843219572,1,0,0,72.82
1784843219708,0,0,0,72.95
1784843219708,1,0,0,72.96
1784843219844,0,0,0,72.96
1784843219844,1,0,0,72.95
1784843219980,0,0,0,72.96
1784843219980,1,0,0,72.79
1784843220116,0,0,0,72.97
1784843220116,1,0,0,72.88
1784843220251,0,0,0,72.97
1784843220251,1,0,0,72.96
1784843220386,0,0,0,72.98
1784843220386,1,0,0,72.79
1784843220522,0,0,0,72.97
1784843220522,1,0,0,72.82
1784843220658,0,0,0,72.97
1784843220658,1,0,0,72.96
1784843220793,0,0,0,72.96
1784843220793,1,0,0,72.81
1784843220929,0,0,0,72.96
1784843220929,1,0,0,72.78
1784843221064,0,0,0,72.97
1784843221064,1,0,0,72.92
1784843221201,0,0,0,72.96
1784843221201,1,0,0,72.81
1784843221337,0,0,0,72.97
1784843221337,1,0,0,72.75
1784843221477,0,0,0,72.98
1784843221477,1,0,0,72.89
1784843221612,0,0,0,73.03
1784843221612,1,0,0,72.85
1784843221749,0,0,0,73.03
1784843221749,1,0,0,72.74
1784843221884,0,0,0,73.03
1784843221884,1,0,0,72.85
1784843222020,0,0,0,73.02
1784843222020,1,0,0,72.90
1784843222155,0,0,0,73.02
1784843222155,1,0,0,72.80
1784843222291,0,0,0,73.03
1784843222291,1,0,0,72.78
1784843222427,0,0,0,73.03
1784843222427,1,0,0,72.89
1784843222563,0,0,0,73.02
1784843222563,1,0,0,72.76
1784843222699,0,0,0,73.02
1784843222699,1,0,0,72.84
1784843222908,0,0,0,73.03
1784843222908,1,0,0,72.88
1784843223044,0,0,0,73.03
1784843223044,1,0,0,72.77
1784843223179,0,0,0,73.04
1784843223179,1,0,0,72.76
1784843223314,0,0,0,73.03
1784843223314,1,0,0,72.88
1784843223450,0,0,0,73.03
1784843223450,1,0,0,72.82
1784843223592,0,0,0,73.03
1784843223592,1,0,0,72.72
1784843223729,0,0,0,73.03
1784843223729,1,0,0,72.82
1784843223864,0,0,0,73.01
1784843223864,1,0,0,72.76
1784843224000,0,0,0,73.02
1784843224000,1,0,0,72.70
1784843224136,0,0,0,73.01
1784843224136,1,0,0,72.75
1784843224273,0,0,0,73.02
1784843224273,1,0,0,72.83
1784843224409,0,0,0,73.02
1784843224409,1,0,0,72.74
1784843224544,0,0,0,73.01
1784843224544,1,0,0,72.75
1784843224680,0,0,0,73.01
1784843224680,1,0,0,72.89
1784843224815,0,0,0,72.99
1784843224815,1,0,0,72.77
1784843224950,0,0,0,72.99
1784843224950,1,0,0,72.72
1784843225085,0,0,0,72.97
1784843225085,1,0,0,72.88
1784843225220,0,0,0,72.96
1784843225220,1,0,0,72.80
1784843225355,0,0,0,72.96
1784843225355,1,0,0,72.69
1784843225490,0,0,0,72.95
1784843225490,1,0,0,72.78
1784843225626,0,0,0,72.96
1784843225626,1,0,0,72.82
1784843225763,0,0,0,72.97
1784843225763,1,0,0,72.63
1784843225900,0,0,0,73.01
1784843225900,1,0,0,72.68
1784843226036,0,0,0,73.00
1784843226036,1,0,0,72.80
1784843226172,0,0,0,73.00
1784843226172,1,0,0,72.62
1784843226309,0,0,0,73.01
1784843226309,1,0,0,72.63
1784843226445,0,0,0,73.02
1784843226445,1,0,0,72.75
1784843226581,0,0,0,73.04
1784843226581,1,0,0,72.63
1784843226717,0,0,0,73.01
1784843226717,1,0,0,72.61
1784843226852,0,0,0,73.01
1784843226852,1,0,0,72.66
1784843226988,0,0,0,72.99
1784843226988,1,0,0,72.68
1784843227124,0,0,0,73.02
1784843227124,1,0,0,72.60
1784843227260,0,0,0,73.00
1784843227260,1,0,0,72.62
1784843227396,0,0,0,72.99
1784843227396,1,0,0,72.76
1784843227532,0,0,0,72.97
1784843227532,1,0,0,72.66
1784843227669,0,0,0,72.97
1784843227669,1,0,0,72.70
1784843227810,0,6,0,82.10
1784843227810,1,0,0,72.82
1784843227943,0,6,0,86.75
1784843227943,1,0,0,72.76
1784843228077,0,5,0,91.77
1784843228077,1,0,0,72.74
1784843228212,0,19,1,101.53
1784843228212,1,0,0,72.85
1784843228346,0,19,1,106.05
1784843228346,1,0,0,72.88
1784843228481,0,25,1,110.98
1784843228481,1,0,0,72.72
1784843228615,0,0,0,121.36
1784843228615,1,0,0,72.80
1784843228748,0,0,0,121.59
1784843228748,1,0,0,72.91
1784843228882,0,1,0,121.51
1784843228882,1,0,0,72.72
1784843229016,0,0,0,121.44
1784843229016,1,0,0,72.74
1784843229150,0,0,0,121.40
1784843229150,1,0,0,72.86
1784843229286,0,0,0,121.16
1784843229286,1,0,0,72.74
1784843229420,0,0,0,120.37
1784843229420,1,0,0,72.72
1784843229553,0,0,0,120.19
1784843229553,1,0,0,72.79
1784843229686,0,0,0,120.20
1784843229686,1,0,0,72.76
1784843229820,0,0,0,120.18
1784843229820,1,0,0,72.72
1784843229953,0,0,0,120.18
1784843229953,1,0,0,72.73
1784843230087,0,0,0,120.19
1784843230087,1,0,0,72.84
1784843230221,0,0,0,120.18
1784843230221,1,0,0,72.74
1784843230355,0,0,0,120.19
1784843230355,1,0,0,72.71
1784843230489,0,0,0,120.21
1784843230489,1,0,0,72.89
1784843230623,0,0,0,120.24
1784843230623,1,0,0,72.78
1784843230757,0,0,0,120.26
1784843230757,1,0,0,72.72
1784843230890,0,0,0,120.26
1784843230890,1,0,0,72.87
1784843231024,0,0,0,120.28
1784843231024,1,0,0,72.85
1784843231158,0,0,0,120.31
1784843231158,1,0,0,72.73
1784843231291,0,0,0,120.30
1784843231291,1,0,0,72.78
1784843231424,0,0,0,120.32
1784843231424,1,0,0,72.88
1784843231558,0,0,0,120.30
1784843231558,1,0,0,72.75
1784843231691,0,0,0,120.30
1784843231691,1,0,0,72.72
1784843231831,0,0,0,120.29
1784843231831,1,0,0,72.87
1784843231965,0,0,0,120.31
1784843231965,1,0,0,72.81
1784843232098,0,0,0,120.28
1784843232098,1,0,0,72.70
1784843232232,0,0,0,120.31
1784843232232,1,0,0,72.81
1784843232365,0,0,0,120.30
1784843232365,1,0,0,72.87
1784843232498,0,0,0,120.26
1784843232498,1,0,0,72.69
1784843232632,0,0,0,120.34
1784843232632,1,0,0,72.74
1784843232766,0,0,0,120.34
1784843232766,1,0,0,72.85
1784843232900,0,0,0,120.35
1784843232900,1,0,0,72.68
1784843233033,0,0,0,120.35
1784843233033,1,0,0,72.67
1784843233166,0,0,0,120.36
1784843233166,1,0,0,72.75
1784843233299,0,0,0,120.37
1784843233299,1,0,0,72.71
1784843233432,0,0,0,120.42
1784843233432,1,0,0,72.66
1784843233565,0,0,0,120.43
1784843233565,1,0,0,72.70
1784843233698,0,0,0,120.33
1784843233698,1,0,0,72.77
1784843233836,0,0,0,120.36
1784843233836,1,0,0,72.68
1784843233970,0,0,0,120.34
1784843233970,1,0,0,72.76
1784843234104,0,0,0,120.35
1784843234104,1,0,0,72.84
1784843234237,0,0,0,120.34
1784843234237,1,0,0,72.71
1784843234370,0,0,0,120.33
1784843234370,1,0,0,72.68
1784843234504,0,0,0,120.32
1784843234504,1,0,0,72.80
1784843234637,0,0,0,120.34
1784843234637,1,0,0,72.72
1784843234779,0,0,0,120.36
1784843234779,1,0,0,72.61
1784843234911,0,0,0,120.36
1784843234911,1,0,0,72.68
1784843235045,0,0,0,120.36
1784843235045,1,0,0,72.72
1784843235178,0,0,0,120.35
1784843235178,1,0,0,72.62
1784843235311,0,0,0,120.37
1784843235311,1,0,0,72.63
1784843235444,0,0,0,120.37
1784843235444,1,0,0,72.77
1784843235577,0,0,0,120.35
1784843235577,1,0,0,72.67
1784843235710,0,0,0,120.35
1784843235710,1,0,0,72.64
1784843235843,0,0,0,120.36
1784843235843,1,0,0,72.81
1784843235976,0,0,0,120.34
1784843235976,1,0,0,72.72
1784843236110,0,0,0,120.33
1784843236110,1,0,0,72.66
1784843236243,0,0,0,120.40
1784843236243,1,0,0,72.80
1784843236379,0,0,0,120.41
1784843236379,1,0,0,72.81
1784843236511,0,0,0,120.43
1784843236511,1,0,0,72.68
1784843236645,0,0,0,120.44
1784843236645,1,0,0,72.72
1784843236778,0,0,0,120.41
1784843236778,1,0,0,72.84
1784843236910,0,0,0,120.41
1784843236910,1,0,0,72.75
1784843237043,0,0,0,120.41
1784843237043,1,0,0,72.67
1784843237176,0,0,0,120.41
1784843237176,1,0,0,72.79
1784843237309,0,0,0,120.32
1784843237309,1,0,0,72.78
1784843237442,0,0,0,120.33
1784843237442,1,0,0,72.66
1784843237575,0,0,0,120.34
1784843237575,1,0,0,72.73
1784843237709,0,0,0,120.34
1784843237709,1,0,0,72.82
1784843237842,0,0,0,120.36
1784843237842,1,0,0,72.66
1784843237975,0,0,0,120.36
1784843237975,1,0,0,72.68
1784843238109,0,0,0,120.38
1784843238109,1,0,0,72.82
1784843238242,0,0,0,120.37
1784843238242,1,0,0,72.68
1784843238375,0,0,0,120.39
1784843238375,1,0,0,72.63
1784843238508,0,0,0,120.41
1784843238508,1,0,0,72.72
1784843238642,0,0,0,120.42
1784843238642,1,0,0,72.69
1784843238776,0,0,0,120.42
1784843238776,1,0,0,72.62
1784843238909,0,0,0,120.42
1784843238909,1,0,0,72.66
1784843239042,0,0,0,120.43
1784843239042,1,0,0,72.76
1784843239175,0,0,0,120.43
1784843239175,1,0,0,72.64
1784843239309,0,0,0,120.50
1784843239309,1,0,0,72.64
1784843239446,0,0,0,120.49
1784843239446,1,0,0,72.78
1784843239579,0,0,0,120.51
1784843239579,1,0,0,72.67
1784843239713,0,0,0,120.49
1784843239713,1,0,0,72.63
1784843239846,0,0,0,120.47
1784843239846,1,0,0,72.74
1784843239981,0,0,0,120.50
1784843239981,1,0,0,72.71
1784843240115,0,0,0,120.49
1784843240115,1,0,0,72.60
1784843240248,0,0,0,120.49
1784843240248,1,0,0,72.65
1784843240382,0,0,0,120.42
1784843240382,1,0,0,72.75
1784843240516,0,0,0,120.39
1784843240516,1,0,0,72.64
1784843240650,0,0,0,120.36
1784843240650,1,0,0,72.60
1784843240784,0,0,0,120.35
1784843240784,1,0,0,72.73
1784843240917,0,0,0,120.33
1784843240917,1,0,0,72.72
1784843241051,0,0,0,120.33
1784843241051,1,0,0,72.61
1784843241185,0,0,0,120.31
1784843241185,1,0,0,72.69
1784843241319,0,0,0,120.31
1784843241319,1,0,0,72.76
1784843241452,0,0,0,120.35
1784843241452,1,0,0,72.61
1784843241587,0,0,0,120.40
1784843241587,1,0,0,72.62
1784843241720,0,0,0,120.49
1784843241720,1,0,0,72.77
1784843241854,0,0,0,120.50
1784843241854,1,0,0,72.63
1784843241988,0,0,0,120.52
1784843241988,1,0,0,72.72
1784843242213,0,0,0,120.52
1784843242213,1,0,0,72.81
1784843242346,0,0,0,120.52
1784843242346,1,0,0,72.64
1784843242480,0,0,0,120.46
1784843242480,1,0,0,72.66
1784843242614,0,0,0,120.37
1784843242614,1,0,0,72.81
1784843242748,0,0,0,120.31
1784843242748,1,0,0,72.64
1784843242882,0,0,0,120.36
1784843242882,1,0,0,72.64
1784843243015,0,0,0,120.42
1784843243015,1,0,0,72.74
1784843243150,0,0,0,120.38
1784843243150,1,0,0,72.69
1784843243283,0,0,0,120.39
1784843243283,1,0,0,72.62
1784843243417,0,0,0,120.40
1784843243417,1,0,0,72.66
1784843243550,0,0,0,120.42
1784843243550,1,0,0,72.75
1784843243685,0,0,0,120.42
1784843243685,1,0,0,72.63
1784843243818,0,0,0,120.37
1784843243818,1,0,0,72.63
1784843243952,0,0,0,120.29
1784843243952,1,0,0,72.76
1784843244085,0,0,0,120.29
1784843244085,1,0,0,72.64
1784843244219,0,0,0,120.30
1784843244219,1,0,0,72.61
1784843244353,0,0,0,120.27
1784843244353,1,0,0,72.77
1784843244486,0,0,0,120.31
1784843244486,1,0,0,72.72
1784843244620,0,0,0,120.31
1784843244620,1,0,0,72.61
1784843244754,0,0,0,120.37
1784843244754,1,0,0,72.71
1784843244888,0,0,0,120.40
1784843244888,1,0,0,72.75
1784843245022,0,0,0,120.46
1784843245022,1,0,0,72.64
1784843245156,0,0,0,120.51
1784843245156,1,0,0,72.59
1784843245290,0,0,0,120.55
1784843245290,1,0,0,72.72
1784843245423,0,0,0,120.69
1784843245423,1,0,0,72.64
1784843245556,0,0,0,120.74
1784843245556,1,0,0,72.55
1784843245689,0,0,0,120.79
1784843245689,1,0,0,72.64
1784843245822,0,0,0,120.79
1784843245822,1,0,0,72.71
1784843245955,0,0,0,120.79
1784843245955,1,0,0,72.54
1784843246087,0,0,0,120.80
1784843246087,1,0,0,72.59
1784843246220,0,0,0,120.81
1784843246220,1,0,0,72.73
1784843246354,0,0,0,120.74
1784843246354,1,0,0,72.58
1784843246487,0,0,0,120.73
1784843246487,1,0,0,72.58
1784843246620,0,0,0,120.62
1784843246620,1,0,0,72.67
1784843246754,0,0,0,120.55
1784843246754,1,0,0,72.61
1784843246892,0,0,0,120.57
1784843246892,1,0,0,72.58
1784843247025,0,0,0,120.53
1784843247025,1,0,0,72.61
1784843247158,0,0,0,120.50
1784843247158,1,0,0,72.67
1784843247291,0,0,0,120.43
1784843247291,1,0,0,72.60
1784843247424,0,0,0,120.50
1784843247424,1,0,0,72.59
1784843247557,0,0,0,120.50
1784843247557,1,0,0,72.73
1784843247690,0,0,0,120.48
1784843247690,1,0,0,72.61
1784843247824,0,0,0,120.47
1784843247824,1,0,0,72.57
1784843247957,0,0,0,120.45
1784843247957,1,0,0,72.72
1784843248090,0,0,0,120.38
1784843248090,1,0,0,72.57
1784843248290,0,0,0,120.37
1784843248290,1,0,0,72.56
1784843248423,0,0,0,120.24
1784843248423,1,0,0,72.71
1784843248556,0,0,0,120.21
1784843248556,1,0,0,72.59
1784843248689,0,0,0,120.20
1784843248689,1,0,0,72.57
1784843248822,0,0,0,120.24
1784843248822,1,0,0,72.65
1784843248954,0,0,0,120.23
1784843248954,1,0,0,72.68
1784843249087,0,0,0,120.24
1784843249087,1,0,0,72.60
1784843249220,0,0,0,120.21
1784843249220,1,0,0,72.61
1784843249354,0,0,0,120.20
1784843249354,1,0,0,72.72
1784843249487,0,0,0,120.19
1784843249487,1,0,0,72.63
1784843249620,0,0,0,120.25
1784843249620,1,0,0,72.61
1784843249753,0,0,0,120.19
1784843249753,1,0,0,72.79
1784843249886,0,0,0,120.16
1784843249886,1,0,0,72.68
1784843250019,0,0,0,120.21
1784843250019,1,0,0,72.60
1784843250152,0,0,0,120.21
1784843250152,1,0,0,72.70
1784843250285,0,0,0,120.21
1784843250285,1,0,0,72.67
1784843250418,0,0,0,120.22
1784843250418,1,0,0,72.56
1784843250550,0,0,0,120.18
1784843250550,1,0,0,72.61
1784843250682,0,0,0,120.16
1784843250682,1,0,0,72.69
1784843250814,0,0,0,120.19
1784843250814,1,0,0,72.57
1784843250947,0,0,0,120.19
1784843250947,1,0,0,72.50
1784843251079,0,0,0,120.17
1784843251079,1,0,0,72.66
1784843251210,0,0,0,120.17
1784843251210,1,0,0,72.66
1784843251344,0,0,0,120.15
1784843251344,1,0,0,72.50
1784843251478,0,0,0,120.16
1784843251478,1,0,0,72.58
1784843251611,0,0,0,120.15
1784843251611,1,0,0,72.67
1784843251744,0,0,0,120.16
1784843251744,1,0,0,72.52
1784843251878,0,0,0,120.14
1784843251878,1,0,0,72.54
1784843252011,0,0,0,120.14
1784843252011,1,0,0,72.67
1784843252145,0,0,0,120.14
1784843252145,1,0,0,72.55
1784843252278,0,0,0,120.13
1784843252278,1,0,0,72.54
1784843252411,0,0,0,120.16
1784843252411,1,0,0,72.62
1784843252543,0,0,0,120.16
1784843252543,1,0,0,72.62
1784843252676,0,0,0,120.18
1784843252676,1,0,0,72.57
1784843252809,0,0,0,120.15
1784843252809,1,0,0,72.57
1784843252942,0,0,0,120.16
1784843252942,1,0,0,72.69
1784843253075,0,0,0,120.14
1784843253075,1,0,0,72.59
1784843253208,0,0,0,120.13
1784843253208,1,0,0,72.54
1784843253342,0,0,0,120.11
1784843253342,1,0,0,72.68
1784843253475,0,0,0,120.11
1784843253475,1,0,0,72.60
1784843253608,0,0,0,120.08
1784843253608,1,0,0,72.53
1784843253742,0,0,0,120.10
1784843253742,1,0,0,72.65
1784843253876,0,0,0,120.10
1784843253876,1,0,0,72.60
1784843254009,0,0,0,120.10
1784843254009,1,0,0,72.50
1784843254143,0,0,0,120.12
1784843254143,1,0,0,72.56
1784843254278,0,0,0,120.13
1784843254278,1,0,0,72.68
1784843254411,0,0,0,120.12
1784843254411,1,0,0,72.60
1784843254545,0,0,0,120.12
1784843254545,1,0,0,72.52
1784843254678,0,0,0,120.13
1784843254678,1,0,0,72.67
1784843254811,0,0,0,120.14
1784843254811,1,0,0,72.64
1784843254945,0,0,0,120.14
1784843254945,1,0,0,72.51
1784843255078,0,0,0,120.14
1784843255078,1,0,0,72.61
1784843255211,0,0,0,120.12
1784843255211,1,0,0,72.71
1784843255344,0,0,0,120.14
1784843255344,1,0,0,72.50
1784843255478,0,0,0,120.11
1784843255478,1,0,0,72.55
1784843255611,0,0,0,120.10
1784843255611,1,0,0,72.67
1784843255744,0,0,0,120.12
1784843255744,1,0,0,72.50
1784843255877,0,0,0,120.10
1784843255877,1,0,0,72.49
1784843256010,0,0,0,120.09
1784843256010,1,0,0,72.57
1784843256144,0,0,0,120.08
1784843256144,1,0,0,72.51
1784843256277,0,0,0,120.09
1784843256277,1,0,0,72.47
1784843256410,0,0,0,120.08
1784843256410,1,0,0,72.50
1784843256543,0,0,0,120.11
1784843256543,1,0,0,72.57
1784843256676,0,0,0,120.11
1784843256676,1,0,0,72.48
1784843256809,0,0,0,120.11
1784843256809,1,0,0,72.47
1784843256942,0,0,0,120.14
1784843256942,1,0,0,72.63
1784843257075,0,0,0,120.13
1784843257075,1,0,0,72.54
1784843257209,0,0,0,120.13
1784843257209,1,0,0,72.46
1784843257342,0,0,0,120.13
1784843257342,1,0,0,72.61
1784843257475,0,0,0,120.13
1784843257475,1,0,0,72.57
1784843257608,0,0,0,120.12
1784843257608,1,0,0,72.48
1784843257741,0,0,0,120.12
1784843257741,1,0,0,72.55
1784843257875,0,0,0,120.12
1784843257875,1,0,0,72.62
1784843258008,0,0,0,120.11
1784843258008,1,0,0,72.51
1784843258141,0,0,0,120.14
1784843258141,1,0,0,72.47
1784843258276,0,0,0,120.13
1784843258276,1,0,0,72.59
1784843258408,0,0,0,120.14
1784843258408,1,0,0,72.55
1784843258542,0,0,0,120.12
1784843258542,1,0,0,72.44
1784843258676,0,0,0,120.13
1784843258676,1,0,0,72.55
1784843258808,0,0,0,120.11
1784843258808,1,0,0,72.62
1784843258941,0,0,0,120.12
1784843258941,1,0,0,72.46
1784843259075,0,0,0,120.12
1784843259075,1,0,0,72.47
1784843259208,0,0,0,120.09
1784843259208,1,0,0,72.60
1784843259342,0,0,0,120.08
1784843259342,1,0,0,72.47
1784843259477,0,0,0,120.08
1784843259477,1,0,0,72.45
1784843259611,0,0,0,120.08
1784843259611,1,0,0,72.52
1784843259744,0,0,0,120.07
1784843259744,1,0,0,72.52
1784843259877,0,0,0,120.06
1784843259877,1,0,0,72.46
1784843260010,0,0,0,120.02
1784843260010,1,0,0,72.47
1784843260143,0,0,0,120.01
1784843260143,1,0,0,72.61
1784843260277,0,0,0,120.00
1784843260277,1,0,0,72.50
1784843260410,0,0,0,119.98
1784843260410,1,0,0,72.49
1784843260543,0,0,0,119.98
1784843260543,1,0,0,72.67
1784843260676,0,0,0,119.96
1784843260676,1,0,0,72.56
1784843260809,0,0,0,119.99
1784843260809,1,0,0,72.50
1784843260942,0,0,0,119.98
1784843260942,1,0,0,72.69
1784843261075,0,0,0,119.97
1784843261075,1,0,0,72.64
1784843261208,0,0,0,119.97
1784843261208,1,0,0,72.53
1784843261341,0,0,0,119.96
1784843261341,1,0,0,72.51
1784843261475,0,0,0,119.97
1784843261475,1,0,0,72.70
1784843261608,0,0,0,119.94
1784843261608,1,0,0,72.54
1784843261741,0,0,0,119.93
1784843261741,1,0,0,72.53
1784843261876,0,0,0,119.92
1784843261876,1,0,0,72.65
1784843262009,0,0,0,119.93
1784843262009,1,0,0,72.58
1784843262142,0,0,0,119.92
1784843262142,1,0,0,72.48
1784843262276,0,0,0,119.93
1784843262276,1,0,0,72.55
1784843262409,0,0,0,119.94
1784843262409,1,0,0,72.63
1784843262542,0,0,0,119.93
1784843262542,1,0,0,72.45
1784843262676,0,0,0,119.94
1784843262676,1,0,0,72.46
1784843262809,0,0,0,119.96
1784843262809,1,0,0,72.57
1784843262942,0,0,0,119.97
1784843262942,1,0,0,72.44
1784843263076,0,0,0,119.96
1784843263076,1,0,0,72.43
1784843263210,0,0,0,119.98
1784843263210,1,0,0,72.51
1784843263343,0,0,0,119.99
1784843263343,1,0,0,72.50
1784843263478,0,0,0,120.00
1784843263478,1,0,0,72.45
1784843263611,0,0,0,120.02
1784843263611,1,0,0,72.47
1784843263744,0,0,0,120.03
1784843263744,1,0,0,72.56
1784843263903,0,0,0,120.02
1784843263903,1,0,0,72.49
1784843264037,0,0,0,120.01
1784843264037,1,0,0,72.49
1784843264170,0,0,0,120.03
1784843264170,1,0,0,72.63
1784843264303,0,0,0,120.01
1784843264303,1,0,0,72.53
1784843264436,0,0,0,120.01
1784843264436,1,0,0,72.49
1784843264569,0,0,0,120.01
1784843264569,1,0,0,72.61
1784843264702,0,0,0,120.00
1784843264702,1,0,0,72.55
1784843264834,0,0,0,119.99
1784843264834,1,0,0,72.46
1784843264968,0,0,0,119.98
1784843264968,1,0,0,72.55
1784843265101,0,0,0,119.99
1784843265101,1,0,0,72.62
1784843265235,0,0,0,119.98
1784843265235,1,0,0,72.52
1784843265368,0,0,0,119.98
1784843265368,1,0,0,72.49
1784843265501,0,0,0,120.00
1784843265501,1,0,0,72.64
1784843265634,0,0,0,119.98
1784843265634,1,0,0,72.57
1784843265767,0,0,0,119.98
1784843265767,1,0,0,72.47
1784843265900,0,0,0,119.96
1784843265900,1,0,0,72.57
1784843266034,0,0,0,120.00
1784843266034,1,0,0,72.64
1784843266167,0,0,0,119.97
1784843266167,1,0,0,72.46
1784843266300,0,0,0,119.98
1784843266300,1,0,0,72.51
1784843266433,0,0,0,119.96
1784843266433,1,0,0,72.67
1784843266567,0,0,0,119.96
1784843266567,1,0,0,72.53
1784843266701,0,0,0,119.98
1784843266701,1,0,0,72.54
1784843266835,0,0,0,119.97
1784843266835,1,0,0,72.64
1784843266968,0,0,0,119.97
1784843266968,1,0,0,72.59
1784843267103,0,0,0,119.96
1784843267103,1,0,0,72.56
1784843267237,0,0,0,119.97
1784843267237,1,0,0,72.60
1784843267370,0,0,0,119.96
1784843267370,1,0,0,72.64
1784843267504,0,0,0,119.98
1784843267504,1,0,0,72.53
1784843267637,0,0,0,119.97
1784843267637,1,0,0,72.53
1784843267771,0,0,0,119.98
1784843267771,1,0,0,72.64
1784843267904,0,0,0,119.98
1784843267904,1,0,0,72.53
1784843268037,0,0,0,119.97
1784843268037,1,0,0,72.48
1784843268170,0,0,0,119.97
1784843268170,1,0,0,72.61
1784843268304,0,0,0,119.98
1784843268304,1,0,0,72.54
1784843268437,0,0,0,119.97
1784843268437,1,0,0,72.47
1784843268570,0,0,0,119.95
1784843268570,1,0,0,72.51
1784843268703,0,0,0,119.94
1784843268703,1,0,0,72.57
1784843268837,0,0,0,119.96
1784843268837,1,0,0,72.47
1784843268970,0,0,0,119.96
1784843268970,1,0,0,72.43
1784843269103,0,0,0,119.97
1784843269103,1,0,0,72.57
1784843269238,0,0,0,119.96
1784843269238,1,0,0,72.53
1784843269371,0,0,0,119.96
1784843269371,1,0,0,72.42
1784843269506,0,0,0,119.99
1784843269506,1,0,0,72.54
1784843269639,0,0,0,120.02
1784843269639,1,0,0,72.60
1784843269771,0,0,0,120.01
1784843269771,1,0,0,72.46
1784843269905,0,0,0,120.02
1784843269905,1,0,0,72.51
1784843270039,0,0,0,120.03
1784843270039,1,0,0,72.64
1784843270172,0,0,0,120.03
1784843270172,1,0,0,72.49
1784843270304,0,0,0,120.06
1784843270304,1,0,0,72.49
1784843270441,0,0,0,120.04
1784843270441,1,0,0,72.58
1784843270574,0,0,0,120.04
1784843270574,1,0,0,72.53
1784843270707,0,0,0,120.01
1784843270707,1,0,0,72.49
1784843270840,0,0,0,120.02
1784843270840,1,0,0,72.51
1784843270973,0,0,0,120.01
1784843270973,1,0,0,72.60
1784843271106,0,0,0,119.99
1784843271106,1,0,0,72.52
1784843271240,0,0,0,119.98
1784843271240,1,0,0,72.52
1784843271373,0,0,0,119.96
1784843271373,1,0,0,72.66
1784843271506,0,0,0,119.98
1784843271506,1,0,0,72.57
1784843271640,0,0,0,119.97
1784843271640,1,0,0,72.51
1784843271773,0,0,0,119.99
1784843271773,1,0,0,72.65
1784843271906,0,0,0,119.99
1784843271906,1,0,0,72.61
1784843272039,0,0,0,119.97
1784843272039,1,0,0,72.50
1784843272172,0,0,0,119.96
1784843272172,1,0,0,72.56
1784843272305,0,0,0,119.96
1784843272305,1,0,0,72.64
1784843272439,0,0,0,119.94
1784843272439,1,0,0,72.54
1784843272572,0,0,0,119.93
1784843272572,1,0,0,72.51
1784843272706,0,0,0,119.95
1784843272706,1,0,0,72.65
1784843272840,0,0,0,119.96
1784843272840,1,0,0,72.63
1784843272973,0,0,0,119.97
1784843272973,1,0,0,72.51
1784843273106,0,0,0,119.96
1784843273106,1,0,0,72.60
1784843273239,0,0,0,119.97
1784843273239,1,0,0,72.67
1784843273373,0,0,0,119.99
1784843273373,1,0,0,72.49
1784843273506,0,0,0,119.99
1784843273506,1,0,0,72.51
1784843273639,0,0,0,119.98
1784843273639,1,0,0,72.64
1784843273773,0,0,0,119.97
1784843273773,1,0,0,72.48
1784843273908,0,0,0,119.97
1784843273908,1,0,0,72.47
1784843274042,0,0,0,119.97
1784843274042,1,0,0,72.52
1784843274175,0,0,0,119.99
1784843274175,1,0,0,72.50
1784843274309,0,0,0,120.00
1784843274309,1,0,0,72.44
1784843274443,0,0,0,119.99
1784843274443,1,0,0,72.47
1784843274578,0,0,0,120.00
1784843274578,1,0,0,72.55
1784843274712,0,0,0,119.98
1784843274712,1,0,0,72.44
1784843274846,0,0,0,119.98
1784843274846,1,0,0,72.42
1784843274981,0,0,0,119.95
1784843274981,1,0,0,72.60
1784843275115,0,0,0,119.97
1784843275115,1,0,0,72.51
1784843275249,0,0,0,119.96
1784843275249,1,0,0,72.44
1784843275383,0,0,0,119.98
1784843275383,1,0,0,72.59
1784843275516,0,0,0,119.99
1784843275516,1,0,0,72.58
1784843275649,0,0,0,120.00
1784843275649,1,0,0,72.48
1784843275782,0,0,0,119.99
1784843275782,1,0,0,72.53
1784843275916,0,0,0,119.98
1784843275916,1,0,0,72.62
1784843276049,0,0,0,119.98
1784843276049,1,0,0,72.53
1784843276183,0,0,0,119.98
1784843276183,1,0,0,72.51
1784843276317,0,0,0,119.97
1784843276317,1,0,0,72.64
1784843276450,0,0,0,119.96
1784843276450,1,0,0,72.64
1784843276583,0,0,0,119.98
1784843276583,1,0,0,72.51
1784843276717,0,0,0,120.00
1784843276717,1,0,0,72.55
1784843276850,0,0,0,120.00
1784843276850,1,0,0,72.65
1784843276983,0,0,0,120.02
1784843276983,1,0,0,72.49
1784843277117,0,0,0,119.98
1784843277117,1,0,0,72.50
1784843277250,0,0,0,119.98
1784843277250,1,0,0,72.61
1784843277385,0,0,0,119.98
1784843277385,1,0,0,72.50
1784843277518,0,0,0,119.98
1784843277518,1,0,0,72.47
1784843277651,0,0,0,119.99
1784843277651,1,0,0,72.52
1784843277784,0,0,0,119.97
1784843277784,1,0,0,72.56
1784843277917,0,0,0,119.97
1784843277917,1,0,0,72.48
1784843278050,0,0,0,119.96
1784843278050,1,0,0,72.48
1784843278183,0,0,0,119.98
1784843278183,1,0,0,72.63
1784843278316,0,0,0,119.99
1784843278316,1,0,0,72.50
1784843278449,0,0,0,120.00
1784843278449,1,0,0,72.48
1784843278583,0,0,0,119.97
1784843278583,1,0,0,72.66
1784843278716,0,0,0,119.96
1784843278716,1,0,0,72.58
1784843278850,0,0,0,119.97
1784843278850,1,0,0,72.49
1784843278983,0,0,0,119.95
1784843278983,1,0,0,72.64
1784843279116,0,0,0,119.95
1784843279116,1,0,0,72.66
1784843279250,0,0,0,119.93
1784843279250,1,0,0,72.53
1784843279384,0,0,0,119.96
1784843279384,1,0,0,72.54
1784843279518,0,0,0,119.92
1784843279518,1,0,0,72.65
1784843279651,0,0,0,119.92
1784843279651,1,0,0,72.56
1784843279785,0,0,0,119.93
1784843279785,1,0,0,72.45
1784843279918,0,0,0,119.93
1784843279918,1,0,0,72.57
1784843280050,0,0,0,119.95
1784843280050,1,0,0,72.58
1784843280184,0,0,0,119.95
1784843280184,1,0,0,72.41
1784843280317,0,0,0,119.94
1784843280317,1,0,0,72.44
1784843280450,0,0,0,119.94
1784843280450,1,0,0,72.56
1784843280583,0,0,0,119.96
1784843280583,1,0,0,72.44
1784843280716,0,0,0,119.96
1784843280716,1,0,0,72.44
1784843280850,0,0,0,119.96
1784843280850,1,0,0,72.56
1784843280983,0,0,0,119.96
1784843280983,1,0,0,72.49
1784843281117,0,0,0,119.96
1784843281117,1,0,0,72.46
1784843281251,0,0,0,119.96
1784843281251,1,0,0,72.48
1784843281385,0,0,0,119.95
1784843281385,1,0,0,72.53
1784843281518,0,0,0,119.96
1784843281518,1,0,0,72.43
1784843281652,0,0,0,119.93
1784843281652,1,0,0,72.43
1784843281785,0,0,0,119.93
1784843281785,1,0,0,72.56
1784843281918,0,0,0,119.93
1784843281918,1,0,0,72.46
1784843282052,0,0,0,119.93
1784843282052,1,0,0,72.40
1784843282186,0,0,0,119.94
1784843282186,1,0,0,72.58
1784843282320,0,0,0,119.91
1784843282320,1,0,0,72.53
1784843282453,0,0,0,119.92
1784843282453,1,0,0,72.43
1784843282586,0,0,0,119.92
1784843282586,1,0,0,72.53
1784843282720,0,0,0,119.93
1784843282720,1,0,0,72.56
1784843282854,0,0,0,119.93
1784843282854,1,0,0,72.47
1784843282987,0,0,0,119.95
1784843282987,1,0,0,72.46
1784843283120,0,0,0,119.93
1784843283120,1,0,0,72.60
1784843283253,0,0,0,119.93
1784843283253,1,0,0,72.54
1784843283386,0,0,0,119.96
1784843283386,1,0,0,72.44
1784843283519,0,0,0,119.93
1784843283519,1,0,0,72.53
1784843283652,0,0,0,119.96
1784843283652,1,0,0,72.60
1784843283785,0,0,0,119.95
1784843283785,1,0,0,72.45
1784843283918,0,0,0,119.95
1784843283918,1,0,0,72.47
1784843284051,0,0,0,119.95
1784843284051,1,0,0,72.62
1784843284184,0,0,0,119.93
1784843284184,1,0,0,72.50
1784843284317,0,0,0,119.91
1784843284317,1,0,0,72.49
1784843284450,0,0,0,119.91
1784843284450,1,0,0,72.59
1784843284583,0,0,0,119.93
1784843284583,1,0,0,72.56
1784843284716,0,0,0,119.91
1784843284716,1,0,0,72.52
1784843284849,0,0,0,119.93
1784843284849,1,0,0,72.53
1784843284982,0,0,0,119.91
1784843284982,1,0,0,72.60
1784843285117,0,0,0,119.94
1784843285117,1,0,0,72.47
1784843285251,0,0,0,119.93
1784843285251,1,0,0,72.44
1784843285384,0,0,0,119.92
1784843285384,1,0,0,72.58
1784843285516,0,0,0,119.93
1784843285516,1,0,0,72.48
1784843285649,0,0,0,119.92
1784843285649,1,0,0,72.46
1784843285782,0,0,0,119.92
1784843285782,1,0,0,72.58
1784843285915,0,0,0,119.90
1784843285915,1,0,0,72.54
1784843286049,0,0,0,119.89
1784843286049,1,0,0,72.46
1784843286182,0,0,0,119.88
1784843286182,1,0,0,72.54
1784843286315,0,0,0,119.90
1784843286315,1,0,0,72.62
1784843286448,0,0,0,119.92
1784843286448,1,0,0,72.51
1784843286581,0,0,0,119.89
1784843286581,1,0,0,72.47
1784843286713,0,0,0,119.88
1784843286713,1,0,0,72.60
1784843286847,0,0,0,119.87
1784843286847,1,0,0,72.58
1784843286979,0,0,0,119.87
1784843286979,1,0,0,72.48
1784843287112,0,0,0,119.85
1784843287112,1,0,0,72.52
1784843287246,0,0,0,119.87
1784843287246,1,0,0,72.64
1784843287380,0,0,0,119.85
1784843287380,1,0,0,72.49
1784843287513,0,0,0,119.86
1784843287513,1,0,0,72.52
1784843287645,0,0,0,119.90
1784843287645,1,0,0,72.63
1784843287779,0,0,0,119.89
1784843287779,1,0,0,72.50
1784843287912,0,0,0,119.90
1784843287912,1,0,0,72.47
1784843288045,0,0,0,119.92
1784843288045,1,0,0,72.54
1784843288178,0,0,0,119.92
1784843288178,1,0,0,72.55
1784843288311,0,0,0,119.93
1784843288311,1,0,0,72.50
1784843288445,0,0,0,119.94
1784843288445,1,0,0,73.06
1784843288600,0,0,0,119.93
1784843288600,1,0,0,77.93
1784843288731,0,0,0,119.91
1784843288731,1,5,0,82.59
1784843288863,0,0,0,119.93
1784843288863,1,0,0,92.12
1784843288994,0,0,0,119.91
1784843288994,1,0,0,97.47
1784843289126,0,0,0,119.92
1784843289126,1,1,0,102.24
1784843289257,0,0,0,119.89
1784843289257,1,1,0,107.03
1784843289388,0,0,0,119.88
1784843289388,1,0,0,115.99
1784843289518,0,0,0,119.86
1784843289518,1,0,0,120.78
1784843289650,0,0,0,119.86
1784843289650,1,0,0,121.12
1784843289782,0,0,0,119.86
1784843289782,1,15,0,121.35
1784843289913,0,0,0,119.85
1784843289913,1,3,0,121.48
1784843290045,0,0,0,119.85
1784843290045,1,3,0,121.42
1784843290177,0,0,0,119.82
1784843290177,1,0,0,121.33
1784843290309,0,0,0,119.86
1784843290309,1,0,0,121.47
1784843290440,0,0,0,119.85
1784843290440,1,0,0,121.48
1784843290572,0,0,0,119.86
1784843290572,1,0,0,121.31
1784843290703,0,0,0,119.87
1784843290703,1,0,0,121.26
1784843290834,0,0,0,119.86
1784843290834,1,0,0,121.29
1784843290964,0,0,0,119.85
1784843290964,1,0,0,121.09
1784843291094,0,0,0,119.86
1784843291094,1,0,0,121.09
1784843291226,0,0,0,119.89
1784843291226,1,0,0,121.21
1784843291357,0,0,0,119.87
1784843291357,1,0,0,121.20
1784843291489,0,0,0,119.87
1784843291489,1,0,0,121.05
1784843291619,0,0,0,119.89
1784843291619,1,0,0,121.10
1784843291750,0,0,0,119.89
1784843291750,1,0,0,121.19
1784843291881,0,0,0,119.91
1784843291881,1,0,0,121.04
1784843292013,0,0,0,119.93
1784843292013,1,0,0,121.03
1784843292144,0,0,0,119.94
1784843292144,1,0,0,121.14
1784843292275,0,0,0,119.94
1784843292275,1,0,0,121.08
1784843292406,0,0,0,119.95
1784843292406,1,0,0,121.04
1784843292537,0,0,0,119.94
1784843292537,1,0,0,121.09
1784843292667,0,0,0,119.94
1784843292667,1,0,0,121.15
1784843292798,0,0,0,119.98
1784843292798,1,0,0,121.09
1784843292928,0,0,0,119.94
1784843292928,1,0,0,121.10
1784843293059,0,0,0,119.96
1784843293059,1,0,0,121.22
1784843293189,0,0,0,119.96
1784843293189,1,0,0,121.18
1784843293320,0,0,0,119.96
1784843293320,1,0,0,121.15
1784843293451,0,0,0,119.99
1784843293451,1,0,0,121.20
1784843293582,0,0,0,119.98
1784843293582,1,0,0,121.27
1784843293712,0,0,0,119.97
1784843293712,1,0,0,121.21
1784843293843,0,0,0,119.98
1784843293843,1,0,0,121.21
1784843293974,0,0,0,120.02
1784843293974,1,0,0,121.37
1784843294105,0,0,0,120.03
1784843294105,1,0,0,121.26
1784843294236,0,0,0,120.05
1784843294236,1,0,0,121.23
1784843294369,0,0,0,120.06
1784843294369,1,0,0,121.42
1784843294500,0,0,0,120.04
1784843294500,1,0,0,121.36
1784843294630,0,0,0,120.08
1784843294630,1,0,0,121.28
1784843294761,0,0,0,120.06
1784843294761,1,0,0,121.28
1784843294892,0,0,0,120.07
1784843294892,1,0,0,121.44
1784843295023,0,0,0,120.07
1784843295023,1,0,0,121.32
1784843295154,0,0,0,120.07
1784843295154,1,0,0,121.27
1784843295285,0,0,0,120.08
1784843295285,1,0,0,121.45
1784843295415,0,0,0,120.10
1784843295415,1,0,0,121.39
1784843295546,0,0,0,120.09
1784843295546,1,0,0,121.31
1784843295678,0,0,0,120.07
1784843295678,1,0,0,121.39
1784843295809,0,0,0,120.11
1784843295809,1,0,0,121.46
1784843295940,0,0,0,120.10
1784843295940,1,0,0,121.36
1784843296071,0,0,0,120.11
1784843296071,1,0,0,121.36
1784843296202,0,0,0,120.13
1784843296202,1,0,0,121.50
1784843296333,0,0,0,120.09
1784843296333,1,0,0,121.44
1784843296464,0,0,0,120.11
1784843296464,1,0,0,121.36
1784843296595,0,0,0,120.12
1784843296595,1,0,0,124.34
1784843296726,0,0,0,120.15
1784843296726,1,0,0,124.43
1784843296857,0,0,0,120.15
1784843296857,1,0,0,124.33
1784843296988,0,0,0,120.16
1784843296988,1,0,0,129.09
1784843297119,0,0,0,120.13
1784843297119,1,0,0,129.26
1784843297251,0,0,0,120.15
1784843297251,1,0,0,129.35
1784843297381,0,0,0,120.18
1784843297381,1,0,0,131.04
1784843297513,0,0,0,120.16
1784843297513,1,24,20,135.97
1784843297644,0,0,0,120.16
1784843297644,1,24,20,133.10
1784843297775,0,0,0,120.14
1784843297775,1,0,0,132.96
1784843297907,0,0,0,120.16
1784843297907,1,0,0,129.10
1784843298038,0,0,0,120.16
1784843298038,1,0,0,128.26
1784843298169,0,0,0,120.18
1784843298169,1,0,0,131.68
1784843298300,0,0,0,120.20
1784843298300,1,0,0,131.68
1784843298431,0,0,0,120.22
1784843298431,1,0,0,131.56
1784843298562,0,0,0,120.24
1784843298562,1,0,0,125.26
1784843298693,0,0,0,120.24
1784843298693,1,0,0,125.01
1784843298824,0,0,0,120.22
1784843298824,1,0,0,125.12
1784843298955,0,0,0,120.20
1784843298955,1,0,0,125.17
1784843299085,0,0,0,120.21
1784843299085,1,0,0,125.03
1784843299217,0,0,0,120.22
1784843299217,1,0,0,121.52
1784843299348,0,0,0,120.24
1784843299348,1,0,0,121.60
1784843299479,0,0,0,120.24
1784843299479,1,0,0,121.58
1784843299610,0,0,0,120.24
1784843299610,1,0,0,121.52
1784843299742,0,0,0,120.31
1784843299742,1,0,0,121.56
1784843299873,0,0,0,120.32
1784843299873,1,41,38,135.32
1784843300004,0,0,0,120.31
1784843300004,1,41,38,135.29
1784843300135,0,0,0,120.33
1784843300135,1,0,0,135.02
1784843300266,0,0,0,120.33
1784843300266,1,0,0,135.47
1784843300397,0,0,0,120.34
1784843300397,1,0,0,135.13
1784843300528,0,0,0,120.34
1784843300528,1,0,0,135.09
1784843300659,0,0,0,120.35
1784843300659,1,0,0,135.43
1784843300791,0,0,0,120.36
1784843300791,1,0,0,135.25
1784843300922,0,0,0,120.37
1784843300922,1,0,0,122.02
1784843301054,0,0,0,120.39
1784843301054,1,0,0,130.86
1784843301185,0,0,0,120.37
1784843301185,1,0,0,130.93
1784843301315,0,0,0,120.39
1784843301315,1,0,0,131.00
1784843301447,0,0,0,120.39
1784843301447,1,0,0,130.96
1784843301579,0,0,0,120.41
1784843301579,1,0,0,149.08
1784843301712,0,0,0,120.42
1784843301712,1,23,15,158.34
1784843301844,0,0,0,120.43
1784843301844,1,23,15,158.37
1784843301975,0,0,0,120.45
1784843301975,1,0,0,149.71
1784843302106,0,0,0,120.43
1784843302106,1,0,0,149.61
1784843302237,0,0,0,120.46
1784843302237,1,0,0,150.09
1784843302369,0,0,0,120.44
1784843302369,1,0,0,149.60
1784843302499,0,0,0,120.45
1784843302499,1,0,0,149.23
1784843302630,0,0,0,120.45
1784843302630,1,0,0,131.84
1784843302761,0,0,0,120.44
1784843302761,1,0,0,122.33
1784843302893,0,0,0,120.44
1784843302893,1,0,0,122.42
1784843303024,0,0,0,120.45
1784843303024,1,0,0,122.45
1784843303156,0,0,0,120.46
1784843303156,1,0,0,122.34
1784843303288,0,0,0,120.45
1784843303288,1,0,0,122.31
1784843303419,0,0,0,120.48
1784843303419,1,0,0,122.46
1784843303550,0,0,0,120.49
1784843303550,1,0,0,122.37
1784843303681,0,0,0,120.50
1784843303681,1,0,0,122.29
1784843303813,0,0,0,120.52
1784843303813,1,0,0,122.37
1784843303943,0,0,0,120.52
1784843303943,1,0,0,122.43
1784843304075,0,0,0,120.52
1784843304075,1,0,0,122.28
1784843304206,0,0,0,120.50
1784843304206,1,0,0,122.31
1784843304338,0,0,0,120.49
1784843304338,1,0,0,122.43
1784843304469,0,0,0,120.49
1784843304469,1,0,0,122.31
1784843304600,0,0,0,120.50
1784843304600,1,0,0,122.31
1784843304731,0,0,0,120.50
1784843304731,1,0,0,122.41
1784843304862,0,0,0,120.51
1784843304862,1,0,0,122.49
1784843304992,0,0,0,120.54
1784843304992,1,0,0,122.35
1784843305123,0,0,0,120.56
1784843305123,1,0,0,122.38
1784843305255,0,0,0,120.59
1784843305255,1,0,0,122.52
1784843305386,0,0,0,120.60
1784843305386,1,0,0,122.39
1784843305518,0,0,0,120.59
1784843305518,1,0,0,122.38
1784843305649,0,0,0,120.59
1784843305649,1,0,0,122.48
1784843305780,0,0,0,120.60
1784843305780,1,0,0,122.42
1784843305911,0,0,0,120.60
1784843305911,1,0,0,122.37
1784843306042,0,0,0,120.62
1784843306042,1,0,0,122.41
1784843306173,0,0,0,120.63
1784843306173,1,0,0,122.45
1784843306305,0,0,0,120.64
1784843306305,1,0,0,122.38
1784843306436,0,0,0,120.65
1784843306436,1,0,0,122.40
1784843306567,0,0,0,120.66
1784843306567,1,0,0,122.59
1784843306699,0,0,0,120.65
1784843306699,1,0,0,122.46
1784843306830,0,0,0,120.66
1784843306830,1,0,0,122.42
1784843306961,0,0,0,120.63
1784843306961,1,0,0,122.44
1784843307092,0,0,0,120.68
1784843307092,1,0,0,122.52
1784843307223,0,0,0,120.68
1784843307223,1,0,0,122.46
1784843307355,0,0,0,120.68
1784843307355,1,0,0,122.46
1784843307486,0,0,0,120.67
1784843307486,1,0,0,122.59
1784843307617,0,0,0,120.69
1784843307617,1,0,0,122.46
1784843307748,0,0,0,120.70
1784843307748,1,0,0,122.41
1784843307878,0,0,0,120.69
1784843307878,1,0,0,122.61
1784843308010,0,0,0,120.74
1784843308010,1,0,0,122.55
1784843308141,0,0,0,120.68
1784843308141,1,0,0,122.45
1784843308272,0,0,0,120.68
1784843308272,1,19,9,126.46
1784843308404,0,0,0,120.68
1784843308404,1,19,9,126.50
1784843308535,0,0,0,120.69
1784843308535,1,0,0,126.40
1784843308667,0,0,0,120.71
1784843308667,1,0,0,126.32
1784843308799,0,0,0,120.70
1784843308799,1,0,0,126.45
1784843308930,0,0,0,120.74
1784843308930,1,0,0,126.36
1784843309064,0,0,0,120.74
1784843309064,1,0,0,126.49
1784843309195,0,0,0,120.76
1784843309195,1,15,2,128.34
1784843309327,0,0,0,120.78
1784843309327,1,0,0,124.55
1784843309459,0,0,0,120.79
1784843309459,1,0,0,124.43
1784843309591,0,0,0,120.79
1784843309591,1,0,0,124.43
1784843309723,0,0,0,120.79
1784843309723,1,0,0,124.59
1784843309854,0,0,0,120.79
1784843309854,1,0,0,124.50
1784843309986,0,0,0,120.78
1784843309986,1,0,0,124.34
1784843310118,0,0,0,120.80
1784843310118,1,0,0,122.74
1784843310250,0,0,0,120.79
1784843310250,1,0,0,125.01
1784843310382,0,0,0,120.81
1784843310382,1,96,39,137.26
1784843310514,0,0,0,120.84
1784843310514,1,0,0,137.32
1784843310646,0,0,0,120.85
1784843310646,1,0,0,137.43
1784843310778,0,0,0,120.85
1784843310778,1,5,1,140.46
1784843310910,0,0,0,120.85
1784843310910,1,8,2,142.63
1784843311041,0,0,0,120.85
1784843311041,1,8,2,143.58
1784843311172,0,0,0,120.84
1784843311172,1,8,1,144.35
1784843311303,0,0,0,120.87
1784843311303,1,7,1,133.53
1784843311435,0,0,0,120.85
1784843311435,1,7,1,134.30
1784843311567,0,0,0,120.86
1784843311567,1,7,1,135.99
1784843311700,0,0,0,120.87
1784843311700,1,5,1,135.04
1784843311831,0,0,0,120.87
1784843311831,1,5,1,133.91
1784843311963,0,0,0,120.90
1784843311963,1,5,1,132.33
1784843312094,0,0,0,120.90
1784843312094,1,17,3,132.49
1784843312226,0,0,0,120.90
1784843312226,1,17,3,133.90
1784843312359,0,0,0,120.88
1784843312359,1,15,2,134.65
1784843312490,0,0,0,120.89
1784843312490,1,13,2,136.37
1784843312622,0,0,0,120.89
1784843312622,1,13,2,137.02
1784843312754,0,0,0,120.93
1784843312754,1,11,2,137.18
1784843312886,0,0,0,120.91
1784843312886,1,6,1,137.60
1784843313017,0,0,0,120.89
1784843313017,1,6,1,137.39
1784843313149,0,0,0,120.90
1784843313149,1,0,0,134.74
1784843313281,0,0,0,120.90
1784843313281,1,23,11,136.40
1784843313412,0,0,0,120.95
1784843313412,1,23,11,134.73
1784843313544,0,0,0,120.94
1784843313544,1,0,0,132.93
1784843313676,0,0,0,120.97
1784843313676,1,0,0,130.42
1784843313808,0,0,0,120.95
1784843313808,1,0,0,129.53
1784843313939,0,0,0,120.96
1784843313939,1,0,0,128.96
1784843314071,0,0,0,120.97
1784843314071,1,0,0,129.15
1784843314203,0,0,0,120.96
1784843314203,1,0,0,129.09
1784843314334,0,0,0,120.96
1784843314334,1,0,0,122.96
1784843314466,0,0,0,120.95
1784843314466,1,0,0,122.65
1784843314597,0,0,0,120.95
1784843314597,1,0,0,122.79
1784843314729,0,0,0,120.95
1784843314729,1,0,0,122.73
1784843314860,0,0,0,120.95
1784843314860,1,0,0,122.64
1784843314991,0,0,0,120.96
1784843314991,1,0,0,122.72
1784843315123,0,0,0,120.97
1784843315123,1,0,0,122.79
1784843315256,0,0,0,120.97
1784843315256,1,0,0,122.69
1784843315388,0,0,0,120.97
1784843315388,1,0,0,122.69
1784843315520,0,0,0,120.96
1784843315520,1,0,0,122.82
1784843315652,0,0,0,120.96
1784843315652,1,0,0,122.77
1784843315784,0,0,0,120.97
1784843315784,1,0,0,122.68
1784843315915,0,0,0,121.00
1784843315915,1,0,0,122.77
1784843316047,0,0,0,121.00
1784843316047,1,0,0,122.85
1784843316180,0,0,0,121.00
1784843316180,1,0,0,122.65
1784843316311,0,0,0,121.01
1784843316311,1,0,0,122.70
1784843316443,0,0,0,121.03
1784843316443,1,0,0,122.82
1784843316575,0,0,0,121.04
1784843316575,1,0,0,122.66
1784843316707,0,0,0,121.05
1784843316707,1,0,0,122.68
1784843316839,0,0,0,121.08
1784843316839,1,0,0,122.78
1784843316970,0,0,0,121.08
1784843316970,1,0,0,122.72
1784843317102,0,0,0,121.08
1784843317102,1,0,0,122.69
1784843317234,0,0,0,121.07
1784843317234,1,0,0,122.73
1784843317366,0,0,0,121.10
1784843317366,1,0,0,122.85
1784843317498,0,0,0,121.08
1784843317498,1,0,0,122.68
1784843317630,0,0,0,121.08
1784843317630,1,0,0,122.68
1784843317762,0,0,0,121.06
1784843317762,1,0,0,122.80
1784843317894,0,0,0,121.07
1784843317894,1,0,0,122.71
1784843318027,0,0,0,121.11
1784843318027,1,0,0,122.67
1784843318159,0,0,0,121.13
1784843318159,1,0,0,122.74
1784843318291,0,0,0,121.14
1784843318291,1,0,0,122.76
1784843318423,0,0,0,121.15
1784843318423,1,0,0,122.68
1784843318556,0,0,0,121.15
1784843318556,1,0,0,122.69
1784843318688,0,0,0,121.15
1784843318688,1,0,0,122.81
1784843318820,0,0,0,121.17
1784843318820,1,0,0,122.68
1784843318952,0,0,0,121.16
1784843318952,1,0,0,122.66
1784843319084,0,0,0,121.14
1784843319084,1,0,0,122.86
1784843319216,0,0,0,121.15
1784843319216,1,0,0,122.75
1784843319349,0,0,0,121.14
1784843319349,1,0,0,122.71
1784843319481,0,0,0,121.37
1784843319481,1,0,0,122.90
1784843319616,0,0,0,121.37
1784843319616,1,0,0,123.44
1784843319749,0,0,0,121.38
1784843319749,1,0,0,123.27
1784843319882,0,0,0,121.38
1784843319882,1,0,0,123.35
1784843320055,0,0,0,121.46
1784843320055,1,0,0,123.45
1784843320188,0,0,0,121.47
1784843320188,1,0,0,123.25
1784843320320,0,0,0,121.47
1784843320320,1,0,0,123.27
1784843320453,0,0,0,121.31
1784843320453,1,0,0,123.41
1784843320585,0,0,0,121.27
1784843320585,1,0,0,122.66
1784843320718,0,0,0,121.28
1784843320718,1,0,0,122.71
1784843320851,0,0,0,121.28
1784843320851,1,0,0,122.82
1784843320993,0,0,0,121.27
1784843320993,1,10,0,122.86
1784843321137,0,1,0,121.29
1784843321137,1,1,0,122.93
1784843321279,0,2,0,122.35
1784843321279,1,6,2,126.64
1784843321421,0,0,0,125.82
1784843321421,1,6,2,128.32
1784843321554,0,0,0,125.74
1784843321554,1,4,2,128.53
1784843321687,0,0,0,125.78
1784843321687,1,0,0,128.52
1784843321820,0,0,0,125.78
1784843321820,1,0,0,128.67
1784843321955,0,0,0,125.98
1784843321955,1,10,1,128.89
1784843322088,0,0,0,126.00
1784843322088,1,0,0,128.54
1784843322221,0,0,0,125.53
1784843322221,1,0,0,128.67
1784843322353,0,0,0,121.76
1784843322353,1,0,0,126.29
1784843322486,0,0,0,121.51
1784843322486,1,0,0,123.04
1784843322618,0,0,0,121.48
1784843322618,1,0,0,123.17
1784843322751,0,0,0,121.47
1784843322751,1,0,0,123.17
1784843322884,0,0,0,121.49
1784843322884,1,0,0,122.69
1784843323017,0,0,0,121.29
1784843323017,1,0,0,122.77
1784843323150,0,0,0,121.30
1784843323150,1,0,0,122.84
1784843323283,0,0,0,121.29
1784843323283,1,0,0,122.71
1784843323416,0,0,0,121.32
1784843323416,1,0,0,122.74
1784843323549,0,0,0,121.32
1784843323549,1,0,0,122.90
1784843323682,0,0,0,121.31
1784843323682,1,0,0,122.77
1784843323815,0,0,0,121.33
1784843323815,1,0,0,122.74
1784843323947,0,0,0,121.32
1784843323947,1,0,0,122.85
1784843324081,0,0,0,121.34
1784843324081,1,0,0,122.80
1784843324219,0,0,0,121.34
1784843324219,1,0,0,122.80
1784843324351,0,0,0,121.37
1784843324351,1,0,0,122.80
1784843324482,0,0,0,121.35
1784843324482,1,0,0,122.88
1784843324615,0,0,0,121.37
1784843324615,1,0,0,122.77
1784843324747,0,0,0,121.34
1784843324747,1,0,0,122.76
1784843324878,0,0,0,121.34
1784843324878,1,0,0,122.94
1784843325010,0,0,0,121.34
1784843325010,1,0,0,122.80
1784843325141,0,0,0,121.33
1784843325141,1,0,0,122.76
1784843325276,0,0,0,121.33
1784843325276,1,0,0,122.96
1784843325407,0,0,0,121.31
1784843325407,1,0,0,122.87
1784843325540,0,0,0,121.33
1784843325540,1,0,0,122.76
1784843325673,0,0,0,121.32
1784843325673,1,0,0,122.91
1784843325819,0,0,0,121.36
1784843325819,1,0,0,122.92
1784843325954,0,0,0,121.36
1784843325954,1,0,0,122.78
1784843326089,0,0,0,121.36
1784843326089,1,0,0,122.82
1784843326222,0,0,0,121.37
1784843326222,1,0,0,122.90
1784843326354,0,0,0,121.36
1784843326354,1,0,0,122.78
1784843326486,0,0,0,121.35
1784843326486,1,0,0,122.72
1784843326619,0,0,0,121.32
1784843326619,1,0,0,122.85
1784843326751,0,0,0,121.30
1784843326751,1,0,0,122.79
1784843326883,0,0,0,121.28
1784843326883,1,0,0,122.68
1784843327015,0,0,0,121.27
1784843327015,1,0,0,122.76
1784843327147,0,0,0,121.24
1784843327147,1,0,0,122.85
1784843327279,0,0,0,121.23
1784843327279,1,0,0,122.67
1784843327412,0,0,0,121.25
1784843327412,1,0,0,122.69
1784843327544,0,0,0,121.24
1784843327544,1,0,0,122.83
1784843327676,0,0,0,121.26
1784843327676,1,0,0,122.69
1784843327808,0,0,0,121.26
1784843327808,1,0,0,122.67
1784843327941,0,0,0,121.25
1784843327941,1,0,0,122.78
1784843328074,0,0,0,121.26
1784843328074,1,0,0,122.73
1784843328208,0,0,0,121.27
1784843328208,1,0,0,122.67
1784843328340,0,0,0,121.25
1784843328340,1,0,0,122.71
1784843328474,0,0,0,121.28
1784843328474,1,0,0,122.79
1784843328606,0,0,0,121.30
1784843328606,1,0,0,122.67
1784843328738,0,0,0,121.30
1784843328738,1,0,0,122.68
1784843328870,0,0,0,121.31
1784843328870,1,0,0,122.80
1784843329002,0,0,0,121.31
1784843329002,1,2,0,122.78
1784843329134,0,0,0,121.31
1784843329134,1,2,0,122.67
1784843329266,0,0,0,121.31
1784843329266,1,0,0,122.75
1784843329397,0,0,0,121.32
1784843329397,1,0,0,122.78
1784843329529,0,0,0,121.30
1784843329529,1,0,0,123.74
1784843329661,0,0,0,121.32
1784843329661,1,4,1,137.82
1784843329868,0,0,0,121.31
1784843329868,1,53,17,150.68
1784843330004,0,0,0,121.31
1784843330004,1,47,14,158.88
1784843330138,0,0,0,121.33
1784843330138,1,47,14,166.29
1784843330273,0,0,0,121.34
1784843330273,1,46,13,182.17
1784843330407,0,1,0,121.34
1784843330407,1,58,17,191.90
1784843330542,0,13,4,125.25
1784843330542,1,58,17,199.60
1784843330676,0,13,4,125.28
1784843330676,1,54,16,203.06
1784843330811,0,0,0,125.25
1784843330811,1,55,16,203.04
1784843330944,0,0,0,125.21
1784843330944,1,55,16,205.26
1784843331078,0,0,0,125.29
1784843331078,1,66,19,205.88
1784843331216,0,0,0,125.27
1784843331216,1,66,19,206.31
1784843331350,0,2,0,125.29
1784843331350,1,66,19,200.79
1784843331483,0,2,0,124.83
1784843331483,1,0,0,184.63
1784843331615,0,0,0,121.54
1784843331615,1,0,0,175.72
1784843331748,0,20,8,132.97
1784843331748,1,0,0,168.05
1784843331880,0,20,8,135.76
1784843331880,1,0,0,151.98
1784843332013,0,19,18,137.91
1784843332013,1,0,0,142.85
1784843332148,0,24,9,150.47
1784843332148,1,0,0,135.35
1784843332284,0,24,9,158.68
1784843332284,1,0,0,123.36
1784843332418,0,2,2,172.78
1784843332418,1,0,0,123.12
1784843332551,0,36,15,184.58
1784843332551,1,0,0,122.92
1784843332683,0,36,15,181.87
1784843332683,1,0,0,122.84
1784843332816,0,10,3,187.66
1784843332816,1,0,0,122.98
1784843332952,0,31,23,191.65
1784843332952,1,0,0,123.04
1784843333085,0,31,23,190.23
1784843333085,1,14,7,127.01
1784843333219,0,0,0,172.26
1784843333219,1,0,0,127.10
1784843333352,0,0,0,170.81
1784843333352,1,0,0,127.18
1784843333485,0,0,0,160.66
1784843333485,1,0,0,128.70
1784843333620,0,14,2,149.85
1784843333620,1,33,10,138.62
1784843333755,0,25,10,152.21
1784843333755,1,33,10,149.41
1784843333891,0,25,10,152.70
1784843333891,1,56,17,164.41
1784843334026,0,20,19,155.11
1784843334026,1,44,13,168.80
1784843334162,0,39,19,171.68
1784843334162,1,44,13,177.22
1784843334297,0,39,19,182.25
1784843334297,1,57,17,194.92
1784843334432,0,0,0,190.31
1784843334432,1,62,18,201.14
1784843334568,0,27,9,198.43
1784843334568,1,62,18,208.88
1784843334702,0,27,9,196.13
1784843334702,1,65,19,204.99
1784843334839,0,8,3,196.68
1784843334839,1,65,19,202.66
1784843334976,0,38,26,203.80
1784843334976,1,25,10,198.65
1784843335110,0,38,26,200.23
1784843335110,1,25,10,191.01
1784843335244,0,0,0,168.84
1784843335244,1,0,0,181.63
1784843335377,0,0,0,168.17
1784843335377,1,0,0,165.40
1784843335510,0,0,0,161.87
1784843335510,1,0,0,158.23
1784843335645,0,15,2,154.53
1784843335645,1,18,5,156.86
1784843335780,0,23,9,157.41
1784843335780,1,56,17,161.80
1784843335917,0,23,9,148.07
1784843335917,1,56,17,161.30
1784843336052,0,24,20,148.04
1784843336052,1,43,13,166.03
1784843336187,0,34,16,166.40
1784843336187,1,58,17,182.95
1784843336321,0,15,15,181.98
1784843336321,1,58,17,190.51
1784843336457,0,15,15,189.12
1784843336457,1,65,19,199.65
1784843336592,0,23,8,199.61
1784843336592,1,61,18,205.74
1784843336728,0,6,2,196.25
1784843336728,1,61,18,201.56
1784843336863,0,6,2,197.83
1784843336863,1,66,19,201.32
1784843336996,0,36,24,201.30
1784843336996,1,23,8,197.08
1784843337129,0,0,0,184.50
1784843337129,1,23,8,190.24
1784843337263,0,0,0,169.40
1784843337263,1,0,0,181.16
1784843337396,0,0,0,167.93
1784843337396,1,0,0,165.07
1784843337530,0,15,2,153.97
1784843337530,1,0,0,156.65
1784843337664,0,15,2,149.96
1784843337664,1,16,4,157.94
1784843337800,0,23,10,157.14
1784843337800,1,58,17,161.86
1784843337940,0,30,23,154.76
1784843337940,1,58,17,160.18
1784843338076,0,30,23,154.65
1784843338076,1,37,11,173.98
1784843338213,0,32,15,167.69
1784843338213,1,58,17,182.50
1784843338347,0,7,7,180.22
1784843338347,1,58,17,190.69
1784843338483,0,7,7,188.27
1784843338483,1,57,17,209.47
1784843338624,0,31,11,198.33
1784843338624,1,63,18,209.58
1784843338759,0,13,5,198.46
1784843338759,1,63,18,207.98
1784843338895,0,13,5,202.58
1784843338895,1,62,18,206.04
1784843339029,0,36,26,203.46
1784843339029,1,18,7,201.03
1784843339163,0,0,0,191.05
1784843339163,1,18,7,192.17
1784843339296,0,0,0,178.52
1784843339296,1,0,0,176.38
1784843339430,0,0,0,169.79
1784843339430,1,0,0,166.83
1784843339565,0,14,2,162.54
1784843339565,1,0,0,158.35
1784843339701,0,14,2,159.53
1784843339701,1,16,4,157.26
1784843339836,0,27,12,161.03
1784843339836,1,53,16,158.26
1784843339971,0,27,22,155.24
1784843339971,1,53,16,166.03
1784843340108,0,27,22,161.55
1784843340108,1,57,17,173.33
1784843340247,0,40,18,179.37
1784843340247,1,54,16,181.26
1784843340383,0,7,2,185.55
1784843340383,1,61,18,195.66
1784843340518,0,7,2,198.05
1784843340518,1,61,18,204.34
1784843340653,0,38,24,196.77
1784843340653,1,61,18,205.33
1784843340788,0,0,0,186.99
1784843340788,1,63,19,200.10
1784843340921,0,3,1,173.43
1784843340921,1,63,19,191.43
1784843341054,0,3,1,179.21
1784843341054,1,0,0,183.32
1784843341190,0,45,29,176.51
1784843341190,1,2,1,170.42
1784843341323,0,0,0,168.57
1784843341323,1,2,1,162.60
1784843341457,0,0,0,162.73
1784843341457,1,0,0,156.47
1784843341589,0,0,0,155.41
1784843341589,1,0,0,142.49
1784843341722,0,12,2,155.45
1784843341722,1,0,0,134.92
1784843341857,0,12,2,159.06
1784843341857,1,16,3,132.93
1784843341994,0,23,9,158.53
1784843341994,1,47,14,149.21
1784843342133,0,27,21,149.86
1784843342133,1,47,14,157.45
1784843342270,0,27,21,158.08
1784843342270,1,40,12,162.49
1784843342406,0,36,16,167.35
1784843342406,1,61,18,178.79
1784843342540,0,0,0,173.78
1784843342540,1,61,18,186.76
1784843342675,0,0,0,173.85
1784843342675,1,65,19,201.12
1784843342810,0,0,0,173.48
1784843342810,1,65,19,204.39
1784843342944,0,4,1,168.04
1784843342944,1,65,19,202.04
1784843343079,0,4,1,164.34
1784843343079,1,66,19,200.57
1784843343213,0,35,23,168.27
1784843343213,1,25,7,192.50
1784843343347,0,27,10,159.94
1784843343347,1,25,7,182.54
1784843343483,0,27,10,160.36
1784843343483,1,0,0,171.21
1784843343616,0,17,6,164.62
1784843343616,1,17,8,165.27
1784843343750,0,0,0,164.75
1784843343750,1,17,8,157.86
1784843343883,0,0,0,164.44
1784843343883,1,0,0,142.65
1784843344016,0,0,0,160.15
1784843344016,1,5,1,135.66
1784843344152,0,1,0,150.63
1784843344152,1,5,1,135.11
1784843344288,0,1,0,151.12
1784843344288,1,56,19,149.99
1784843344425,0,21,7,146.32
1784843344425,1,44,13,157.99
1784843344562,0,6,2,152.77
1784843344562,1,44,13,161.56
1784843344698,0,6,2,162.77
1784843344698,1,55,16,175.99
1784843344833,0,46,30,172.70
1784843344833,1,63,18,182.04
1784843344969,0,20,7,178.86
1784843344969,1,63,18,190.60
1784843345106,0,20,7,185.73
1784843345106,1,68,20,198.72
1784843345241,0,10,10,188.19
1784843345241,1,65,19,196.28
1784843345376,0,28,9,191.38
1784843345376,1,1,1,188.39
1784843345510,0,28,9,189.26
1784843345510,1,1,1,183.84
1784843345643,0,7,1,169.42
1784843345643,1,0,0,175.64
1784843345776,0,0,0,161.54
1784843345776,1,0,0,161.04
1784843345910,0,0,0,159.26
1784843345910,1,0,0,154.10
1784843346045,0,5,1,148.18
1784843346045,1,13,3,150.34
1784843346181,0,11,3,153.09
1784843346181,1,49,14,152.50
1784843346317,0,11,3,153.10
1784843346317,1,49,14,156.06
1784843346452,0,30,22,148.28
1784843346452,1,49,14,161.95
1784843346589,0,27,11,158.29
1784843346589,1,63,18,174.38
1784843346724,0,12,12,169.71
1784843346724,1,63,18,182.70
1784843346859,0,12,12,175.22
1784843346859,1,66,19,187.87
1784843346993,0,23,6,183.80
1784843346993,1,0,0,184.86
1784843347128,0,11,3,182.92
1784843347128,1,0,0,175.02
1784843347262,0,11,3,184.67
1784843347262,1,0,0,167.81
1784843347397,0,27,21,183.85
1784843347397,1,15,7,156.72
1784843347531,0,0,0,170.27
1784843347531,1,15,7,148.75
1784843347665,0,0,0,160.57
1784843347665,1,0,0,141.82
1784843347798,0,0,0,158.60
1784843347798,1,2,0,128.29
1784843347932,0,14,2,146.23
1784843347932,1,2,0,129.74
1784843348069,0,14,2,149.71
1784843348069,1,40,12,138.60
1784843348207,0,21,7,146.85
1784843348207,1,45,13,152.12
1784843348342,0,15,15,143.28
1784843348342,1,45,13,160.22
1784843348478,0,15,15,151.23
1784843348478,1,52,15,171.62
1784843348616,0,34,14,161.82
1784843348616,1,66,19,179.25
1784843348752,0,9,2,170.37
1784843348752,1,66,19,186.81
1784843348888,0,9,2,178.68
1784843348888,1,67,19,199.31
1784843349022,0,28,21,178.96
1784843349022,1,32,9,191.73
1784843349156,0,22,7,179.48
1784843349156,1,32,9,184.86
1784843349290,0,22,7,179.30
1784843349290,1,0,0,175.25
1784843349423,0,17,6,171.98
1784843349423,1,11,6,168.98
1784843349557,0,0,0,160.59
1784843349557,1,11,6,160.25
1784843349690,0,0,0,159.21
1784843349690,1,0,0,146.27
1784843349823,0,0,0,147.82
1784843349823,1,9,1,138.73
1784843349958,0,1,0,146.88
1784843349958,1,9,1,136.68
1784843350095,0,1,0,148.31
1784843350095,1,57,18,151.39
1784843350234,0,23,7,146.19
1784843350234,1,50,15,159.10
1784843350370,0,10,3,153.12
1784843350370,1,50,15,161.89
1784843350505,0,10,3,162.95
1784843350505,1,63,19,170.91
1784843350639,0,39,26,172.41
1784843350639,1,0,0,172.00
1784843350773,0,21,6,176.99
1784843350773,1,0,0,171.07
1784843350905,0,21,6,182.99
1784843350905,1,0,0,167.22
1784843351039,0,2,1,184.13
1784843351039,1,0,0,156.89
1784843351176,0,39,24,181.45
1784843351176,1,0,0,144.35
1784843351310,0,39,24,184.07
1784843351310,1,2,1,140.16
1784843351443,0,0,0,165.56
1784843351443,1,0,0,132.58
1784843351577,0,0,0,159.20
1784843351577,1,0,0,126.92
1784843351711,0,0,0,156.46
1784843351711,1,0,0,127.21
1784843351846,0,14,2,146.91
1784843351846,1,16,4,132.51
1784843351983,0,18,6,149.23
1784843351983,1,40,11,146.55
1784843352122,0,22,19,141.28
1784843352122,1,40,11,155.35
1784843352258,0,22,19,137.15
1784843352258,1,50,15,160.36
1784843352393,0,0,0,136.98
1784843352393,1,63,19,172.59
1784843352528,0,1,1,142.79
1784843352528,1,63,19,179.75
1784843352663,0,1,1,149.27
1784843352663,1,55,16,182.98
1784843352798,0,33,16,156.46
1784843352798,1,0,0,178.77
1784843352934,0,15,5,155.76
1784843352934,1,0,0,169.86
1784843353067,0,15,5,157.41
1784843353067,1,0,0,164.35
1784843353201,0,24,19,157.99
1784843353201,1,0,0,147.96
1784843353335,0,27,9,173.32
1784843353335,1,0,0,140.74
1784843353467,0,27,9,176.13
1784843353467,1,0,0,134.13
1784843353601,0,16,5,173.85
1784843353601,1,3,2,127.41
1784843353734,0,0,0,157.27
1784843353734,1,3,2,126.99
1784843353868,0,0,0,156.57
1784843353868,1,0,0,126.81
1784843354003,0,0,0,152.59
1784843354003,1,6,1,128.78
1784843354139,0,7,2,151.09
1784843354139,1,6,1,136.69
1784843354276,0,7,2,149.59
1784843354276,1,47,14,148.34
1784843354412,0,34,22,146.32
1784843354412,1,43,12,155.41
1784843354548,0,22,8,153.60
1784843354548,1,43,12,157.46
1784843354683,0,22,8,163.04
1784843354683,1,35,10,158.65
1784843354817,0,20,19,164.05
1784843354817,1,0,0,158.82
1784843354951,0,25,7,176.35
1784843354951,1,0,0,158.78
1784843355084,0,25,7,178.51
1784843355084,1,0,0,150.00
1784843355218,0,13,4,177.72
1784843355218,1,0,0,142.93
1784843355352,0,26,21,178.26
1784843355352,1,0,0,138.44
1784843355486,0,26,21,176.99
1784843355486,1,17,8,130.17
1784843355620,0,0,0,167.78
1784843355620,1,0,0,127.75
1784843355753,0,0,0,157.30
1784843355753,1,0,0,127.66
1784843355886,0,0,0,152.21
1784843355886,1,3,0,130.21
1784843356022,0,14,2,148.73
1784843356022,1,43,13,139.27
1784843356160,0,17,6,145.22
1784843356160,1,43,13,143.97
1784843356302,0,17,6,144.70
1784843356302,1,39,12,158.70
1784843356439,0,17,18,149.50
1784843356439,1,58,17,160.59
1784843356575,0,26,7,157.63
1784843356575,1,58,17,168.06
1784843356709,0,26,7,159.28
1784843356709,1,62,18,182.44
1784843356844,0,9,2,171.46
1784843356844,1,59,17,189.02
1784843356977,0,29,21,172.53
1784843356977,1,59,17,189.58
1784843357111,0,29,21,173.27
1784843357111,1,0,0,176.44
1784843357248,0,23,7,174.88
1784843357248,1,0,0,168.24
1784843357381,0,17,6,175.54
1784843357381,1,6,3,159.30
1784843357515,0,17,6,168.46
1784843357515,1,6,3,152.50
1784843357648,0,0,0,158.44
1784843357648,1,0,0,145.55
1784843357782,0,0,0,153.35
1784843357782,1,9,1,132.20
1784843357918,0,0,0,146.30
1784843357918,1,9,1,135.20
1784843358055,0,3,1,147.67
1784843358055,1,55,18,142.26
1784843358191,0,22,6,150.08
1784843358191,1,46,13,156.54
1784843358327,0,13,4,148.92
1784843358327,1,46,13,160.70
1784843358462,0,13,4,157.09
1784843358462,1,64,19,166.84
1784843358596,0,27,21,158.37
1784843358596,1,63,18,180.21
1784843358732,0,24,7,172.32
1784843358732,1,63,18,187.86
1784843358868,0,24,7,173.71
1784843358868,1,65,19,194.97
1784843359002,0,7,2,178.01
1784843359002,1,66,19,193.80
1784843359139,0,30,21,179.34
1784843359139,1,66,19,187.00
1784843359274,0,30,21,179.12
1784843359274,1,13,6,184.80
1784843359407,0,0,0,171.94
1784843359407,1,0,0,170.80
1784843359541,0,0,0,162.06
1784843359541,1,0,0,164.42
1784843359675,0,0,0,156.77
1784843359675,1,0,0,157.54
1784843359810,0,14,2,147.78
1784843359810,1,18,5,151.28
1784843359946,0,17,5,147.74
1784843359946,1,18,5,151.10
1784843360083,0,17,5,148.93
1784843360083,1,41,12,155.87
1784843360219,0,22,19,141.09
1784843360219,1,54,16,159.20
1784843360355,0,28,10,155.69
1784843360355,1,54,16,165.90
1784843360490,0,28,10,158.32
1784843360490,1,66,19,180.39
1784843360625,0,6,2,170.55
1784843360625,1,65,19,186.29
1784843360763,0,30,21,171.32
1784843360763,1,65,19,194.92
1784843360899,0,30,21,174.93
1784843360899,1,65,19,194.44
1784843361034,0,25,8,174.78
1784843361034,1,31,9,188.89
1784843361168,0,16,6,176.11
1784843361168,1,31,9,187.37
1784843361302,0,16,6,169.74
1784843361302,1,6,3,172.16
1784843361436,0,0,0,156.28
1784843361436,1,0,0,165.17
1784843361569,0,0,0,152.73
1784843361569,1,0,0,157.91
1784843361705,0,0,0,148.98
1784843361705,1,9,1,151.76
1784843361841,0,4,1,146.85
1784843361841,1,52,16,151.78
1784843361978,0,21,6,149.06
1784843361978,1,52,16,154.26
1784843362114,0,21,6,143.01
1784843362114,1,44,12,162.71
1784843362251,0,17,6,159.95
1784843362251,1,53,16,164.90
1784843362384,0,24,20,161.66
1784843362384,1,0,0,165.19
1784843362517,0,24,20,166.76
1784843362517,1,0,0,165.79
1784843362653,0,24,7,174.86
1784843362653,1,0,0,164.68
1784843362787,0,7,2,171.46
1784843362787,1,0,0,151.36
1784843362921,0,7,2,166.85
1784843362921,1,0,0,141.97
1784843363054,0,0,0,161.54
1784843363054,1,0,0,134.07
1784843363188,0,25,8,159.61
1784843363188,1,0,0,123.15
1784843363323,0,25,8,154.02
1784843363323,1,0,0,126.97
1784843363457,0,16,6,148.92
1784843363457,1,6,3,126.95
1784843363591,0,0,0,141.35
1784843363591,1,0,0,127.13
1784843363724,0,0,0,138.38
1784843363724,1,0,0,127.16
1784843363860,0,0,0,138.71
1784843363860,1,4,1,127.34
1784843363995,0,0,0,141.18
1784843363995,1,49,15,138.74
1784843364133,0,19,5,139.48
1784843364133,1,49,15,144.60
1784843364272,0,19,5,140.88
1784843364272,1,40,11,152.12
1784843364408,0,3,1,144.30
1784843364408,1,62,19,160.24
1784843364543,0,18,5,155.88
1784843364543,1,62,19,168.40
1784843364678,0,18,5,156.74
1784843364678,1,64,19,175.86
1784843364812,0,9,2,160.95
1784843364812,1,33,10,183.40
1784843364949,0,27,20,167.77
1784843364949,1,33,10,179.62
1784843365082,0,27,20,167.53
1784843365082,1,0,0,166.32
1784843365216,0,25,8,172.80
1784843365216,1,0,0,159.49
1784843365351,0,17,6,169.88
1784843365351,1,0,0,156.79
1784843365484,0,17,6,163.99
1784843365484,1,5,3,144.18
1784843365618,0,0,0,156.44
1784843365618,1,0,0,136.35
1784843365752,0,0,0,150.97
1784843365752,1,0,0,129.48
1784843365886,0,0,0,147.53
1784843365886,1,9,1,135.38
1784843366024,0,5,1,146.35
1784843366024,1,43,12,141.62
1784843366159,0,19,5,148.80
1784843366159,1,43,12,147.76
1784843366294,0,19,5,142.53
1784843366294,1,42,12,153.08
1784843366429,0,10,3,156.29
1784843366429,1,0,0,152.76
1784843366562,0,27,21,157.71
1784843366562,1,0,0,152.88
1784843366696,0,27,21,162.79
1784843366696,1,0,0,152.96
1784843366829,0,21,6,172.05
1784843366829,1,0,0,151.85
1784843366964,0,5,1,173.16
1784843366964,1,0,0,145.57
1784843367097,0,5,1,176.26
1784843367097,1,0,0,133.69
1784843367238,0,31,21,172.83
1784843367238,1,6,3,131.88
1784843367372,0,0,0,165.97
1784843367372,1,6,3,128.34
1784843367506,0,0,0,156.38
1784843367506,1,0,0,127.94
1784843367639,0,0,0,150.78
1784843367639,1,0,0,128.06
1784843367774,0,14,2,147.76
1784843367774,1,0,0,128.25
1784843367911,0,14,2,143.27
1784843367911,1,12,3,141.34
1784843368048,0,18,5,146.31
1784843368048,1,44,13,148.41
1784843368183,0,21,19,140.96
1784843368183,1,37,11,154.05
1784843368318,0,21,19,144.65
1784843368318,1,37,11,152.07
1784843368451,0,28,9,155.07
1784843368451,1,0,0,152.22
1784843368585,0,9,2,160.07
1784843368585,1,0,0,152.67
1784843368720,0,9,2,168.33
1784843368720,1,0,0,151.85
1784843368855,0,26,20,173.82
1784843368855,1,0,0,148.38
1784843368988,0,26,8,177.34
1784843368988,1,0,0,133.74
1784843369124,0,26,8,174.04
1784843369124,1,0,0,130.13
1784843369258,0,16,5,167.22
1784843369258,1,4,2,128.22
1784843369392,0,0,0,157.72
1784843369392,1,0,0,128.18
1784843369526,0,0,0,156.32
1784843369526,1,0,0,128.35
1784843369660,0,0,0,143.50
1784843369660,1,9,1,130.03
1784843369796,0,6,2,146.88
1784843369796,1,48,14,144.61
1784843369932,0,29,17,145.59
1784843369932,1,48,14,151.35
1784843370068,0,29,17,142.00
1784843370068,1,46,13,158.48
1784843370205,0,17,6,146.27
1784843370205,1,67,20,167.53
1784843370341,0,21,19,155.26
1784843370341,1,67,20,174.72
1784843370475,0,21,19,162.26
1784843370475,1,62,18,178.71
1784843370612,0,25,7,168.49
1784843370612,1,0,0,177.12
1784843370746,0,12,3,172.41
1784843370746,1,0,0,168.66
1784843370880,0,12,3,176.31
1784843370880,1,0,0,162.75
1784843371015,0,25,21,171.95
1784843371015,1,16,8,154.34
1784843371149,0,0,0,165.80
1784843371149,1,16,8,146.35
1784843371283,0,0,0,157.90
1784843371283,1,0,0,132.69
1784843371417,0,0,0,156.64
1784843371417,1,3,0,127.63
1784843371551,0,14,2,144.40
1784843371551,1,3,0,130.09
1784843371689,0,14,2,147.78
1784843371689,1,45,14,144.44
1784843371825,0,22,7,145.86
1784843371825,1,43,12,151.40
1784843371961,0,2,1,145.16
1784843371961,1,43,12,157.07
1784843372096,0,2,1,150.51
1784843372096,1,23,7,153.31
1784843372229,0,38,24,160.82
1784843372229,1,0,0,153.26
1784843372366,0,19,5,165.68
1784843372366,1,0,0,152.76
1784843372502,0,19,5,172.78
1784843372502,1,0,0,151.26
1784843372636,0,5,5,176.39
1784843372636,1,0,0,141.83
1784843372771,0,31,15,179.47
1784843372771,1,0,0,136.67
1784843372905,0,31,15,176.84
1784843372905,1,1,1,128.95
1784843373039,0,4,0,166.75
1784843373039,1,0,0,127.63
1784843373173,0,0,0,159.83
1784843373173,1,0,0,127.51
1784843373307,0,0,0,158.02
1784843373307,1,0,0,127.99
1784843373441,0,8,1,146.85
1784843373441,1,10,2,131.75
1784843373579,0,15,5,149.67
1784843373579,1,10,2,138.47
1784843373716,0,15,5,150.15
1784843373716,1,39,11,151.82
1784843373851,0,24,20,144.46
1784843373851,1,49,14,155.98
1784843373987,0,22,7,149.46
1784843373987,1,68,20,167.99
1784843374121,0,22,7,153.48
1784843374121,1,68,20,173.92
1784843374255,0,0,0,154.10
1784843374255,1,18,5,174.38
1784843374388,0,0,0,153.07
1784843374388,1,0,0,171.13
1784843374522,0,0,0,157.49
1784843374522,1,0,0,163.49
1784843374659,0,22,6,154.06
1784843374659,1,0,0,157.40
1784843374793,0,5,1,158.55
1784843374793,1,0,0,144.21
1784843374927,0,5,1,157.94
1784843374927,1,0,0,136.93
1784843375062,0,34,22,158.22
1784843375062,1,8,4,134.60
1784843375196,0,0,0,158.93
1784843375196,1,0,0,127.36
1784843375330,0,0,0,158.94
1784843375330,1,0,0,127.30
1784843375464,0,0,0,153.63
1784843375464,1,0,0,127.56
1784843375598,0,14,2,149.59
1784843375598,1,21,5,134.16
1784843375735,0,17,6,145.79
1784843375735,1,21,5,141.62
1784843375872,0,17,6,150.12
1784843375872,1,37,10,147.57
1784843376008,0,24,20,142.39
1784843376008,1,63,19,158.30
1784843376143,0,26,9,153.59
1784843376143,1,63,19,161.06
1784843376276,0,26,9,156.12
1784843376276,1,1,0,162.23
1784843376411,0,6,2,161.50
1784843376411,1,0,0,162.29
1784843376548,0,30,21,172.28
1784843376548,1,0,0,161.95
1784843376681,0,30,21,175.01
1784843376681,1,0,0,156.90
1784843376815,0,24,7,178.96
1784843376815,1,0,0,143.10
1784843376950,0,17,6,175.27
1784843376950,1,0,0,141.17
1784843377083,0,17,6,169.81
1784843377083,1,5,3,133.63
1784843377217,0,0,0,160.95
1784843377217,1,0,0,128.12
1784843377351,0,0,0,153.17
1784843377351,1,0,0,127.95
1784843377489,0,0,0,149.11
1784843377489,1,9,1,138.15
1784843377626,0,5,1,145.95
1784843377626,1,46,13,143.41
1784843377763,0,19,5,147.04
1784843377763,1,46,13,149.64
1784843377898,0,19,5,140.94
1784843377898,1,48,14,155.62
1784843378032,0,16,6,153.28
1784843378032,1,11,3,155.80
1784843378165,0,21,19,155.09
1784843378165,1,11,3,155.89
1784843378300,0,21,19,161.46
1784843378300,1,0,0,155.05
1784843378432,0,24,6,171.14
1784843378432,1,0,0,154.77
1784843378567,0,15,5,173.60
1784843378567,1,0,0,147.20
1784843378702,0,15,5,177.64
1784843378702,1,0,0,136.01
1784843378836,0,24,21,173.66
1784843378836,1,16,8,134.05
1784843378970,0,0,0,167.59
1784843378970,1,16,8,128.09
1784843379104,0,0,0,158.67
1784843379104,1,0,0,127.54
1784843379238,0,0,0,151.64
1784843379238,1,3,0,127.81
1784843379374,0,14,2,143.45
1784843379374,1,3,0,129.50
1784843379511,0,14,2,146.52
1784843379511,1,44,13,144.98
1784843379646,0,20,6,143.63
1784843379646,1,47,14,151.38
1784843379781,0,5,5,141.32
1784843379781,1,47,14,152.39
1784843379916,0,5,5,146.88
1784843379916,1,0,0,148.02
1784843380049,0,30,13,155.62
1784843380049,1,0,0,147.95
1784843380183,0,18,6,161.26
1784843380183,1,0,0,148.01
1784843380319,0,18,6,167.05
1784843380319,1,0,0,147.17
1784843380453,0,19,19,169.76
1784843380453,1,0,0,138.72
1784843380587,0,24,6,172.76
1784843380587,1,1,1,127.03
1784843380721,0,24,6,169.58
1784843380721,1,1,1,127.63
1784843380854,0,10,2,162.25
1784843380854,1,1,1,127.26
1784843380988,0,0,0,154.51
1784843380988,1,0,0,127.31
1784843381122,0,0,0,153.30
1784843381122,1,0,0,127.37
1784843381257,0,0,0,142.01
1784843381257,1,6,1,129.37
1784843381393,0,8,2,145.72
1784843381393,1,44,13,142.67
1784843381529,0,8,2,144.40
1784843381529,1,44,13,148.81
1784843381665,0,30,21,142.24
1784843381665,1,46,13,154.54
1784843381801,0,21,6,146.43
1784843381801,1,23,7,158.33
1784843381934,0,5,5,156.26
1784843381934,1,23,7,158.44
1784843382068,0,5,5,160.51
1784843382068,1,0,0,157.82
1784843382203,0,33,18,166.27
1784843382203,1,0,0,156.44
1784843382337,0,21,6,170.18
1784843382337,1,0,0,148.47
1784843382472,0,21,6,173.00
1784843382472,1,0,0,143.94
1784843382606,0,19,8,171.58
1784843382606,1,17,8,135.36
1784843382739,0,0,0,163.07
1784843382739,1,17,8,127.86
1784843382874,0,0,0,155.05
1784843382874,1,0,0,127.50
1784843383009,0,0,0,153.80
1784843383009,1,4,1,127.70
1784843383145,0,1,1,145.17
1784843383145,1,4,1,132.96
1784843383282,0,1,1,149.08
1784843383282,1,53,16,147.27
1784843383422,0,21,6,149.27
1784843383422,1,50,15,154.30
1784843383559,0,7,2,145.28
1784843383559,1,50,15,157.92
1784843383694,0,7,2,153.73
1784843383694,1,68,20,166.79
1784843383828,0,29,21,155.78
1784843383828,1,0,0,167.96
1784843383962,0,23,7,169.32
1784843383962,1,0,0,167.96
1784843384095,0,23,7,170.63
1784843384095,1,0,0,163.59
1784843384230,0,7,2,176.60
1784843384230,1,0,0,156.32
1784843384366,0,29,21,174.31
1784843384366,1,0,0,149.67
1784843384501,0,29,21,174.80
1784843384501,1,13,6,140.39
1784843384635,0,0,0,160.48
1784843384635,1,0,0,132.77
1784843384769,0,0,0,158.19
1784843384769,1,0,0,128.12
1784843384903,0,0,0,153.34
1784843384903,1,0,0,128.48
1784843385039,0,14,2,143.60
1784843385039,1,27,8,137.26
1784843385175,0,0,0,137.54
1784843385175,1,27,8,144.23
1784843385311,0,0,0,133.58
1784843385311,1,45,13,156.77
1784843385446,0,1,0,132.39
1784843385446,1,61,18,159.60
1784843385581,0,20,5,140.32
1784843385581,1,61,18,163.82
1784843385714,0,20,5,141.80
1784843385714,1,11,3,165.01
1784843385849,0,10,3,157.72
1784843385849,1,0,0,164.17
1784843385982,0,25,20,158.77
1784843385982,1,0,0,164.13
1784843386116,0,25,20,164.59
1784843386116,1,0,0,149.80
1784843386248,0,25,7,174.23
1784843386248,1,0,0,142.43
1784843386382,0,10,2,177.95
1784843386382,1,0,0,136.90
1784843386516,0,10,2,180.00
1784843386516,1,0,0,123.04
1784843386649,0,27,21,175.30
1784843386649,1,14,7,126.45
1784843386784,0,0,0,168.61
1784843386784,1,14,7,126.54
1784843386918,0,0,0,159.98
1784843386918,1,0,0,126.50
1784843387051,0,0,0,151.90
1784843387051,1,0,0,126.41
1784843387187,0,14,2,143.29
1784843387187,1,31,9,135.63
1784843387324,0,14,2,147.80
1784843387324,1,31,9,140.99
1784843387462,0,22,7,147.37
1784843387462,1,41,12,148.13
1784843387598,0,9,9,142.84
1784843387598,1,39,12,152.09
1784843387733,0,9,9,153.96
1784843387733,1,39,12,151.71
1784843387866,0,26,7,155.57
1784843387866,1,0,0,152.27
1784843388001,0,16,5,161.59
1784843388001,1,0,0,152.29
1784843388136,0,18,18,168.90
1784843388136,1,0,0,151.57
1784843388270,0,18,18,171.57
1784843388270,1,0,0,144.29
1784843388407,0,24,6,174.95
1784843388407,1,1,0,135.62
1784843388541,0,12,3,171.29
1784843388541,1,1,0,131.26
1784843388675,0,12,3,166.26
1784843388675,1,1,0,128.19
1784843388808,0,0,0,158.57
1784843388808,1,0,0,127.79
1784843388941,0,3,0,151.98
1784843388941,1,0,0,128.27
1784843389077,0,3,0,146.16
1784843389077,1,10,2,131.01
1784843389213,0,13,3,149.02
1784843389213,1,42,12,145.11
1784843389351,0,28,21,141.99
1784843389351,1,42,12,151.64
1784843389487,0,28,21,143.65
1784843389487,1,56,17,153.33
1784843389621,0,23,7,148.25
1784843389621,1,0,0,153.35
1784843389754,0,3,1,159.32
1784843389754,1,0,0,153.99
1784843389888,0,3,1,164.25
1784843389888,1,0,0,153.37
1784843390021,0,34,22,170.03
1784843390021,1,0,0,151.65
1784843390156,0,23,7,174.73
1784843390156,1,0,0,143.48
1784843390289,0,23,7,178.56
1784843390289,1,0,0,135.82
1784843390426,0,17,6,175.61
1784843390426,1,11,6,130.59
1784843390559,0,0,0,165.35
1784843390559,1,11,6,128.14
1784843390693,0,0,0,157.97
1784843390693,1,0,0,128.18
1784843390828,0,0,0,154.05
1784843390828,1,4,1,128.30
1784843390963,0,1,0,145.16
1784843390963,1,4,1,133.11
1784843391100,0,1,0,145.80
1784843391100,1,50,16,145.25
1784843391240,0,19,5,141.39
1784843391240,1,45,13,151.40
1784843391376,0,8,2,144.31
1784843391376,1,45,13,153.43
1784843391510,0,8,2,153.44
1784843391510,1,47,14,155.41
1784843391643,0,29,21,160.35
1784843391643,1,0,0,155.46
1784843391777,0,23,7,167.29
1784843391777,1,0,0,154.72
1784843391910,0,23,7,169.51
1784843391910,1,0,0,151.26
1784843392045,0,5,1,173.63
1784843392045,1,0,0,145.02
1784843392179,0,32,22,171.58
1784843392179,1,0,0,137.40
1784843392313,0,32,22,172.60
1784843392313,1,12,6,129.88
1784843392447,0,0,0,162.49
1784843392447,1,0,0,127.29
1784843392581,0,0,0,156.05
1784843392581,1,0,0,127.15
1784843392714,0,0,0,151.27
1784843392714,1,0,0,127.80
1784843392851,0,14,2,144.44
1784843392851,1,18,4,134.88
1784843392998,0,16,5,144.09
1784843392998,1,39,11,146.74
1784843393137,0,23,19,140.03
1784843393137,1,39,11,153.10
1784843393272,0,23,19,144.35
1784843393272,1,59,18,152.07
1784843393406,0,28,10,153.63
1784843393406,1,0,0,152.52
1784843393539,0,7,2,159.07
1784843393539,1,0,0,151.87
1784843393673,0,7,2,165.36
1784843393673,1,0,0,151.89
1784843393806,0,28,21,166.44
1784843393806,1,0,0,144.61
1784843393940,0,25,8,176.51
1784843393940,1,0,0,138.86
1784843394073,0,25,8,172.83
1784843394073,1,0,0,132.43
1784843394208,0,16,6,172.94
1784843394208,1,6,3,127.50
1784843394342,0,0,0,160.51
1784843394342,1,6,3,127.09
1784843394475,0,0,0,156.08
1784843394475,1,0,0,126.91
1784843394609,0,0,0,152.62
1784843394609,1,9,1,128.69
1784843394744,0,4,1,147.36
1784843394744,1,9,1,137.68
1784843394881,0,4,1,146.07
1784843394881,1,56,17,144.39
1784843395019,0,21,6,142.55
1784843395019,1,47,14,159.10
1784843395155,0,10,2,139.39
1784843395155,1,47,14,161.74
1784843395290,0,10,2,139.70
1784843395290,1,52,16,175.97
1784843395425,0,0,0,139.70
1784843395425,1,66,19,183.68
1784843395561,0,23,7,150.69
1784843395561,1,66,19,189.07
1784843395694,0,23,7,152.37
1784843395694,1,47,14,181.40
1784843395830,0,7,2,155.08
1784843395830,1,0,0,173.78
1784843395964,0,28,21,153.79
1784843395964,1,0,0,167.09
1784843396098,0,28,21,158.26
1784843396098,1,0,0,152.64
1784843396232,0,22,7,162.68
1784843396232,1,0,0,146.84
1784843396367,0,16,6,171.30
1784843396367,1,0,0,144.38
1784843396501,0,16,6,168.82
1784843396501,1,8,5,130.29
1784843396635,0,0,0,159.14
1784843396635,1,0,0,128.04
1784843396768,0,0,0,154.17
1784843396768,1,0,0,127.94
1784843396902,0,0,0,145.77
1784843396902,1,5,1,136.72
1784843397039,0,2,1,146.95
1784843397039,1,49,15,142.48
1784843397175,0,19,5,148.73
1784843397175,1,49,15,150.53
1784843397310,0,19,5,143.65
1784843397310,1,51,15,155.03
1784843397444,0,8,2,155.49
1784843397444,1,0,0,154.29
1784843397577,0,30,22,158.13
1784843397577,1,0,0,154.38
1784843397710,0,30,22,162.90
1784843397710,1,0,0,154.45
1784843397845,0,21,6,172.01
1784843397845,1,0,0,154.10
1784843397979,0,5,1,174.37
1784843397979,1,0,0,147.61
1784843398113,0,5,1,174.14
1784843398113,1,0,0,134.14
1784843398249,0,32,22,174.53
1784843398249,1,9,4,131.70
1784843398383,0,0,0,168.49
1784843398383,1,9,4,128.72
1784843398518,0,0,0,158.50
1784843398518,1,0,0,128.60
1784843398652,0,0,0,151.05
1784843398652,1,0,0,128.56
1784843398786,0,14,2,145.55
1784843398786,1,0,0,128.99
1784843398922,0,14,2,141.60
1784843398922,1,15,4,143.64
1784843399057,0,0,0,133.58
1784843399057,1,41,11,151.04
1784843399192,0,0,0,127.18
1784843399192,1,54,16,158.26
1784843399327,0,0,0,125.03
1784843399327,1,54,16,164.96
1784843399461,0,13,3,137.69
1784843399461,1,67,19,172.60
1784843399596,0,25,20,138.73
1784843399596,1,7,2,177.15
1784843399730,0,25,20,145.31
1784843399730,1,7,2,176.00
1784843399865,0,26,8,154.50
1784843399865,1,0,0,169.02
1784843399999,0,6,2,158.18
1784843399999,1,0,0,155.80
1784843400133,0,6,2,165.82
1784843400133,1,0,0,148.62
1784843400267,0,30,21,172.64
1784843400267,1,0,0,143.16
1784843400400,0,24,7,174.79
1784843400400,1,0,0,126.62
1784843400535,0,24,7,171.88
1784843400535,1,0,0,127.90
1784843400669,0,17,6,167.10
1784843400669,1,9,5,128.20
1784843400803,0,0,0,161.75
1784843400803,1,0,0,128.10
1784843400936,0,0,0,153.00
1784843400936,1,0,0,128.08
1784843401071,0,0,0,145.60
1784843401071,1,4,1,128.43
1784843401208,0,0,0,145.16
1784843401208,1,50,16,142.14
1784843401344,0,20,6,147.06
1784843401344,1,50,16,148.14
1784843401480,0,20,6,142.67
1784843401480,1,38,11,153.70
1784843401615,0,4,1,144.66
1784843401615,1,64,19,159.86
1784843401749,0,35,23,157.56
1784843401749,1,64,19,160.06
1784843401883,0,35,23,162.07
1784843401883,1,0,0,160.80
1784843402016,0,22,6,168.21
1784843402016,1,0,0,159.92
1784843402149,0,3,1,176.59
1784843402149,1,0,0,155.57
1784843402285,0,3,1,176.72
1784843402285,1,0,0,146.54
1784843402419,0,34,22,180.80
1784843402419,1,7,3,140.06
1784843402552,0,0,0,172.98
1784843402552,1,7,3,134.78
1784843402687,0,0,0,167.30
1784843402687,1,0,0,128.78
1784843402821,0,0,0,159.38
1784843402821,1,0,0,128.53
1784843402955,0,14,2,150.69
1784843402955,1,0,0,129.13
1784843403090,0,14,2,144.96
1784843403090,1,18,4,140.34
1784843403227,0,17,6,147.65
1784843403227,1,31,9,146.00
1784843403363,0,26,20,142.67
1784843403363,1,31,9,152.06
1784843403498,0,26,20,144.11
1784843403498,1,58,17,161.53
1784843403635,0,24,7,148.97
1784843403635,1,61,18,167.97
1784843403770,0,3,1,158.71
1784843403770,1,61,18,176.78
1784843403906,0,3,1,162.10
1784843403906,1,66,19,185.60
1784843404039,0,33,21,170.44
1784843404039,1,0,0,180.88
1784843404174,0,21,6,170.18
1784843404174,1,0,0,175.16
1784843404307,0,21,6,174.64
1784843404307,1,0,0,167.73
1784843404442,0,20,10,168.62
1784843404442,1,17,8,161.47
1784843404576,0,0,0,164.06
1784843404576,1,17,8,153.47
1784843404710,0,0,0,157.57
1784843404710,1,0,0,139.75
1784843404844,0,0,0,150.56
1784843404844,1,3,0,130.98
1784843404980,0,14,2,145.10
1784843404980,1,3,0,132.86
1784843405117,0,14,2,147.57
1784843405117,1,44,13,144.57
1784843405254,0,21,6,143.99
1784843405254,1,52,15,151.90
1784843405390,0,1,0,144.04
1784843405390,1,52,15,154.45
1784843405527,0,1,0,152.01
1784843405527,1,54,16,162.98
1784843405660,0,27,8,161.30
1784843405660,1,1,0,162.36
1784843405794,0,15,5,167.24
1784843405794,1,0,0,162.08
1784843405929,0,15,5,174.89
1784843405929,1,0,0,159.85
1784843406063,0,20,19,170.53
1784843406063,1,0,0,152.92
1784843406196,0,0,0,166.62
1784843406196,1,0,0,139.72
1784843406329,0,0,0,160.85
1784843406329,1,0,0,133.52
1784843406463,0,3,1,161.54
1784843406463,1,0,0,125.82
1784843406598,0,25,21,156.48
1784843406598,1,15,7,127.88
1784843406731,0,25,21,155.70
1784843406731,1,15,7,127.82
1784843406864,0,0,0,142.45
1784843406864,1,0,0,128.01
1784843406998,0,0,0,141.41
1784843406998,1,3,0,128.14
1784843407132,0,0,0,140.10
1784843407132,1,3,0,130.95
1784843407269,0,14,2,145.61
1784843407269,1,40,12,139.25
1784843407406,0,22,7,147.71
1784843407406,1,46,13,152.97
1784843407542,0,1,0,143.71
1784843407542,1,46,13,158.75
1784843407678,0,1,0,147.74
1784843407678,1,61,18,162.48
1784843407816,0,22,6,154.32
1784843407816,1,65,19,177.62
1784843407951,0,18,5,162.39
1784843407951,1,65,19,185.47
1784843408088,0,18,5,167.45
1784843408088,1,68,20,192.33
1784843408223,0,16,17,171.31
1784843408223,1,0,0,182.33
1784843408358,0,26,7,174.24
1784843408358,1,0,0,174.90
1784843408493,0,26,7,173.87
1784843408493,1,1,0,171.86
1784843408627,0,13,4,170.35
1784843408627,1,1,1,160.44
1784843408760,0,0,0,158.27
1784843408760,1,1,1,152.09
1784843408893,0,0,0,156.49
1784843408893,1,0,0,138.40
1784843409029,0,0,0,151.59
1784843409029,1,6,1,132.26
1784843409166,0,3,1,147.51
1784843409166,1,6,1,137.37
1784843409303,0,3,1,144.62
1784843409303,1,47,14,148.50
1784843409438,0,21,6,142.03
1784843409438,1,41,12,152.12
1784843409574,0,15,4,150.28
1784843409574,1,41,12,155.61
1784843409709,0,15,4,159.07
1784843409709,1,58,17,159.61
1784843409843,0,25,20,166.09
1784843409843,1,0,0,160.54
1784843409977,0,25,7,173.61
1784843409977,1,0,0,159.70
1784843410110,0,25,7,174.84
1784843410110,1,0,0,152.06
1784843410245,0,8,2,179.61
1784843410245,1,0,0,146.82
1784843410378,0,27,21,178.54
1784843410378,1,0,0,141.65
1784843410512,0,27,21,176.09
1784843410512,1,14,7,134.51
1784843410646,0,0,0,158.00
1784843410646,1,0,0,128.60
1784843410780,0,0,0,156.83
1784843410780,1,0,0,128.52
1784843410914,0,0,0,152.78
1784843410914,1,0,0,129.05
1784843411049,0,14,2,147.79
1784843411049,1,17,5,137.56
1784843411187,0,18,6,146.17
1784843411187,1,17,5,143.87
1784843411326,0,18,6,144.81
1784843411326,1,33,9,157.34
1784843411463,0,21,19,146.41
1784843411463,1,60,18,154.35
1784843411597,0,25,8,154.14
1784843411597,1,0,0,155.31
1784843411731,0,25,8,155.48
1784843411731,1,0,0,154.56
1784843411866,0,8,2,167.97
1784843411866,1,0,0,154.98
1784843412000,0,27,20,168.78
1784843412000,1,0,0,147.48
1784843412135,0,27,20,171.41
1784843412135,1,0,0,140.72
1784843412269,0,24,7,172.20
1784843412269,1,0,0,133.99
1784843412404,0,17,6,171.27
1784843412404,1,5,3,129.16
1784843412538,0,17,6,165.48
1784843412538,1,5,3,128.91
1784843412672,0,0,0,156.86
1784843412672,1,0,0,128.67
1784843412806,0,0,0,152.09
1784843412806,1,9,1,130.13
1784843412940,0,4,1,148.44
1784843412940,1,9,1,137.40
1784843413077,0,4,1,146.57
1784843413077,1,49,15,142.88
1784843413214,0,24,9,144.06
1784843413214,1,49,14,155.73
1784843413350,0,17,6,149.02
1784843413350,1,49,14,154.50
1784843413485,0,17,6,156.22
1784843413485,1,13,4,154.46
1784843413618,0,20,19,158.47
1784843413618,1,0,0,154.96
1784843413752,0,22,5,169.32
1784843413752,1,0,0,155.00
1784843413886,0,22,5,171.84
1784843413886,1,0,0,153.67
1784843414020,0,16,5,171.95
1784843414020,1,0,0,141.73
1784843414154,0,24,21,173.27
1784843414154,1,0,0,136.13
1784843414289,0,24,21,171.38
1784843414289,1,16,8,131.99
1784843414423,0,0,0,164.51
1784843414423,1,0,0,127.52
1784843414557,0,0,0,154.75
1784843414557,1,0,0,127.41
1784843414690,0,0,0,150.75
1784843414690,1,2,0,127.90
1784843414826,0,14,2,144.38
1784843414826,1,44,13,137.94
1784843414962,0,20,6,148.28
1784843414962,1,44,13,144.32
1784843415098,0,20,6,143.96
1784843415098,1,41,12,152.75
1784843415236,0,0,0,143.51
1784843415236,1,52,15,154.79
1784843415371,0,25,7,155.90
1784843415371,1,52,15,154.93
1784843415505,0,25,7,159.60
1784843415505,1,0,0,155.14
1784843415639,0,16,5,163.81
1784843415639,1,0,0,154.88
1784843415772,0,19,18,172.58
1784843415772,1,0,0,151.10
1784843415906,0,19,18,171.15
1784843415906,1,0,0,138.94
1784843416038,0,25,7,172.42
1784843416038,1,1,1,136.93
1784843416172,0,7,1,169.74
1784843416172,1,1,1,133.85
1784843416306,0,7,1,164.02
1784843416306,1,0,0,127.38
1784843416439,0,0,0,156.68
1784843416439,1,0,0,127.50
1784843416574,0,2,0,148.96
1784843416574,1,0,0,127.62
1784843416710,0,2,0,144.22
1784843416710,1,13,3,138.96
1784843416846,0,12,3,149.87
1784843416846,1,37,10,146.04
1784843416981,0,27,20,143.41
1784843416981,1,37,10,152.94
1784843417114,0,27,20,139.34
1784843417114,1,61,18,152.23
1784843417247,0,0,0,139.65
1784843417247,1,0,0,152.48
1784843417381,0,5,1,144.36
1784843417381,1,0,0,152.46
1784843417515,0,5,1,152.32
1784843417515,1,0,0,152.54
1784843417648,0,32,22,155.09
1784843417648,1,0,0,148.22
1784843417782,0,21,6,158.72
1784843417782,1,0,0,141.82
1784843417915,0,21,6,151.60
1784843417915,1,0,0,126.67
1784843418049,0,4,1,162.39
1784843418049,1,0,0,123.31
1784843418184,0,35,22,166.23
1784843418184,1,0,0,123.56
1784843418319,0,35,22,168.60
1784843418319,1,2,1,128.07
1784843418454,0,0,0,155.40
1784843418454,1,0,0,128.07
1784843418588,0,0,0,154.41
1784843418588,1,0,0,128.15
1784843418725,0,0,0,150.93
1784843418725,1,0,0,128.91
1784843418860,0,14,2,143.79
1784843418860,1,19,4,135.10
1784843418998,0,11,3,143.31
1784843418998,1,38,10,147.53
1784843419135,0,11,3,145.68
1784843419135,1,38,10,154.50
1784843419271,0,27,20,142.02
1784843419271,1,60,18,157.67
1784843419407,0,21,6,147.89
1784843419407,1,37,11,162.08
1784843419541,0,21,6,151.33
1784843419541,1,37,11,162.23
1784843419675,0,2,1,160.59
1784843419675,1,0,0,162.84
1784843419808,0,34,20,165.43
1784843419808,1,0,0,156.10
1784843419943,0,34,20,169.97
1784843419943,1,0,0,149.90
1784843420080,0,20,6,171.51
1784843420080,1,0,0,144.79
1784843420214,0,24,13,172.57
1784843420214,1,17,8,133.98
1784843420348,0,0,0,162.05
1784843420348,1,17,8,129.08
1784843420482,0,0,0,158.54
1784843420482,1,0,0,128.22
1784843420616,0,0,0,153.82
1784843420616,1,4,1,128.15
1784843420751,0,0,0,147.19
1784843420751,1,4,1,135.71
1784843420888,0,0,0,147.66
1784843420888,1,49,15,141.44
1784843421027,0,20,5,148.55
1784843421027,1,49,15,154.82
1784843421162,0,7,2,144.35
1784843421162,1,49,15,154.40
1784843421297,0,7,2,152.11
1784843421297,1,0,0,152.77
1784843421430,0,30,22,153.22
1784843421430,1,0,0,152.60
1784843421564,0,22,6,166.17
1784843421564,1,0,0,153.26
1784843421697,0,22,6,166.23
1784843421697,1,0,0,153.18
1784843421832,0,5,1,169.25
1784843421832,1,0,0,140.44
1784843421968,0,31,21,169.67
1784843421968,1,0,0,134.71
1784843422102,0,31,21,169.86
1784843422102,1,10,5,128.88
1784843422237,0,0,0,164.64
1784843422237,1,0,0,128.54
1784843422371,0,0,0,155.35
1784843422371,1,0,0,128.49
1784843422504,0,0,0,151.49
1784843422504,1,0,0,129.31
1784843422640,0,14,2,143.36
1784843422640,1,20,5,136.62
1784843422776,0,15,4,144.93
1784843422776,1,20,5,141.70
1784843422914,0,15,4,145.88
1784843422914,1,38,11,154.84
1784843423049,0,22,19,146.44
1784843423049,1,58,17,154.52
1784843423185,0,23,8,155.35
1784843423185,1,58,17,154.35
1784843423318,0,23,8,156.03
1784843423318,1,0,0,154.65
1784843423453,0,6,1,169.95
1784843423453,1,0,0,154.00
1784843423587,0,29,21,169.78
1784843423587,1,0,0,153.80
1784843423722,0,29,21,172.83
1784843423722,1,0,0,141.79
1784843423860,0,23,7,173.29
1784843423860,1,0,0,136.08
1784843423994,0,16,6,172.35
1784843423994,1,0,0,134.92
1784843424128,0,16,6,167.81
1784843424128,1,11,6,129.40
1784843424263,0,0,0,157.57
1784843424263,1,0,0,129.60
1784843424397,0,0,0,152.76
1784843424397,1,0,0,129.39
1784843424532,0,0,0,144.42
1784843424532,1,4,1,135.52
1784843424668,0,6,1,145.86
1784843424668,1,48,15,140.91
1784843424804,0,21,6,144.23
1784843424804,1,45,13,154.71
1784843424940,0,21,6,142.31
1784843424940,1,45,13,154.96
1784843425074,0,6,2,154.79
1784843425074,1,25,7,154.16
1784843425210,0,33,22,156.11
1784843425210,1,50,15,162.01
1784843425344,0,22,6,167.93
1784843425344,1,50,15,161.25
1784843425479,0,22,6,168.73
1784843425479,1,0,0,161.09
1784843425614,0,4,1,172.08
1784843425614,1,0,0,150.92
1784843425748,0,33,22,171.23
1784843425748,1,0,0,143.96
1784843425883,0,33,22,172.35
1784843425883,1,3,1,141.14
1784843426017,0,0,0,165.75
1784843426017,1,0,0,135.57
1784843426152,0,0,0,155.89
1784843426152,1,0,0,130.66
1784843426286,0,0,0,152.54
1784843426286,1,0,0,128.18
1784843426422,0,14,2,147.82
1784843426422,1,14,3,136.29
1784843426558,0,14,4,146.23
1784843426558,1,14,3,141.25
1784843426695,0,14,4,148.88
1784843426695,1,37,11,146.68
1784843426829,0,25,20,142.34
1784843426829,1,14,4,147.16
1784843426963,0,26,8,155.57
1784843426963,1,14,4,146.02
1784843427096,0,26,8,156.86
1784843427096,1,0,0,146.47
1784843427229,0,2,1,156.88
1784843427229,1,0,0,146.57
1784843427363,0,0,0,156.11
1784843427363,1,0,0,145.79
1784843427497,0,0,0,159.16
1784843427497,1,0,0,140.06
1784843427631,0,23,7,162.99
1784843427631,1,0,0,128.29
1784843427766,0,5,1,161.45
1784843427766,1,0,0,123.25
1784843427900,0,5,1,162.79
1784843427900,1,0,0,123.13
1784843428035,0,31,21,158.02
1784843428035,1,10,4,127.82
1784843428169,0,0,0,156.76
1784843428169,1,10,4,127.99
1784843428303,0,0,0,156.78
1784843428303,1,0,0,127.73
1784843428437,0,0,0,157.11
1784843428437,1,0,0,127.96
1784843428570,0,14,2,143.89
1784843428570,1,0,0,128.64
1784843428707,0,14,2,144.13
1784843428707,1,14,4,139.07
1784843428843,0,9,2,141.85
1784843428843,1,33,9,145.49
1784843428982,0,31,21,140.61
1784843428982,1,33,9,152.75
1784843429117,0,31,21,143.79
1784843429117,1,56,17,151.65
1784843429252,0,21,7,154.62
1784843429252,1,0,0,151.07
1784843429387,0,2,2,157.30
1784843429387,1,0,0,151.79
1784843429521,0,2,2,161.10
1784843429521,1,0,0,151.01
1784843429653,0,32,17,170.70
1784843429653,1,0,0,144.66
1784843429788,0,21,6,170.79
1784843429788,1,0,0,140.53
1784843429921,0,21,6,174.58
1784843429921,1,0,0,131.46
1784843430054,0,20,9,167.46
1784843430054,1,17,8,128.75
1784843430188,0,0,0,162.59
1784843430188,1,17,8,128.70
1784843430322,0,0,0,156.34
1784843430322,1,0,0,128.86
1784843430456,0,0,0,150.19
1784843430456,1,3,0,128.87
1784843430592,0,11,2,144.16
1784843430592,1,3,0,133.32
1784843430728,0,11,2,146.76
1784843430728,1,45,14,146.55
1784843430867,0,21,6,141.82
1784843430867,1,41,12,153.25
1784843431002,0,2,1,144.74
1784843431002,1,0,0,149.07
1784843431136,0,2,1,149.76
1784843431136,1,0,0,149.25
1784843431270,0,37,23,157.22
1784843431270,1,0,0,149.60
1784843431405,0,18,5,160.71
1784843431405,1,0,0,149.35
1784843431539,0,18,5,167.67
1784843431539,1,0,0,144.79
1784843431674,0,8,8,171.02
1784843431674,1,0,0,138.95
1784843431810,0,28,12,171.21
1784843431810,1,1,1,128.85
1784843431945,0,28,12,167.12
1784843431945,1,1,1,127.56
1784843432079,0,3,0,162.73
1784843432079,1,0,0,127.48
1784843432213,0,0,0,157.80
1784843432213,1,0,0,127.17
1784843432347,0,5,1,150.77
1784843432347,1,0,0,127.47
1784843432482,0,5,1,147.48
1784843432482,1,14,3,133.14
1784843432618,0,16,5,147.96
1784843432618,1,41,12,146.87
1784843432757,0,25,20,143.61
1784843432757,1,41,12,153.01
1784843432891,0,25,20,145.23
1784843432891,1,45,13,151.41
1784843433025,0,23,7,153.08
1784843433025,1,0,0,149.90
1784843433159,0,6,1,160.92
1784843433159,1,0,0,150.43
1784843433294,0,6,1,168.92
1784843433294,1,0,0,150.57
1784843433428,0,30,21,169.71
1784843433428,1,0,0,146.12
1784843433562,0,24,8,176.87
1784843433562,1,0,0,138.77
1784843433695,0,24,8,173.04
1784843433695,1,0,0,130.88
1784843433830,0,17,6,173.39
1784843433830,1,7,4,127.17
1784843433963,0,0,0,160.28
1784843433963,1,7,4,126.94
1784843434098,0,0,0,158.77
1784843434098,1,0,0,127.01
1784843434232,0,0,0,153.78
1784843434232,1,4,1,127.59
1784843434367,0,1,0,147.42
1784843434367,1,4,1,134.55
1784843434506,0,1,0,145.71
1784843434506,1,52,16,147.08
1784843434642,0,20,5,144.82
1784843434642,1,44,12,152.96
1784843434778,0,10,2,147.44
1784843434778,1,44,12,151.34
1784843434912,0,10,2,154.85
1784843434912,1,0,0,150.98
1784843435048,0,25,20,160.46
1784843435048,1,0,0,151.12
1784843435182,0,22,7,169.12
1784843435182,1,0,0,151.43
1784843435316,0,22,7,169.85
1784843435316,1,0,0,143.71
1784843435451,0,6,1,175.29
1784843435451,1,0,0,138.38
1784843435585,0,33,22,172.05
1784843435585,1,0,0,132.33
1784843435720,0,33,22,172.20
1784843435720,1,9,4,127.73
1784843435854,0,0,0,158.15
1784843435854,1,0,0,127.59
1784843435989,0,0,0,157.32
1784843435989,1,0,0,127.74
1784843436122,0,0,0,152.91
1784843436122,1,0,0,127.86
1784843436258,0,14,2,146.44
1784843436258,1,17,4,135.00
1784843436395,0,17,5,145.65
1784843436395,1,17,4,142.77
1784843436535,0,17,5,149.17
1784843436535,1,42,12,155.70
1784843436669,0,24,20,146.98
1784843436669,1,27,8,152.09
1784843436803,0,25,8,154.57
1784843436803,1,0,0,151.79
1784843436938,0,25,8,155.25
1784843436938,1,0,0,151.12
1784843437072,0,8,2,167.23
1784843437072,1,0,0,151.67
1784843437206,0,27,20,167.96
1784843437206,1,0,0,144.19
1784843437340,0,27,20,165.44
1784843437340,1,0,0,137.57
1784843437474,0,0,0,153.60
1784843437474,1,0,0,130.87
1784843437608,0,7,2,157.26
1784843437608,1,0,0,122.79
1784843437746,0,7,2,156.74
1784843437746,1,0,0,122.93
1784843437881,0,28,21,156.39
1784843437881,1,13,6,127.18
1784843438016,0,0,0,151.35
1784843438016,1,0,0,127.41
1784843438149,0,0,0,143.54
1784843438149,1,0,0,127.33
1784843438283,0,0,0,143.90
1784843438283,1,0,0,127.32
1784843438418,0,14,2,144.86
1784843438418,1,32,10,136.71
1784843438556,0,17,5,147.37
1784843438556,1,32,10,141.96
1784843438696,0,17,5,145.17
1784843438696,1,37,10,148.45
1784843438832,0,16,16,143.43
1784843438832,1,30,9,149.86
1784843438967,0,24,7,155.31
1784843438967,1,30,9,150.00
1784843439101,0,24,7,156.98
1784843439101,1,0,0,149.85
1784843439235,0,12,3,162.24
1784843439235,1,0,0,150.21
1784843439369,0,22,19,170.46
1784843439369,1,0,0,148.42
1784843439503,0,22,19,171.86
1784843439503,1,0,0,136.60
1784843439639,0,24,7,175.84
1784843439639,1,0,0,129.49
1784843439773,0,15,5,171.80
1784843439773,1,0,0,128.24
1784843439907,0,15,5,165.54
1784843439907,1,4,2,127.20
1784843440041,0,0,0,158.23
1784843440041,1,0,0,127.28
1784843440175,0,0,0,151.45
1784843440175,1,0,0,127.48
1784843440310,0,0,0,145.01
1784843440310,1,9,1,136.40
1784843440448,0,4,1,145.07
1784843440448,1,50,15,141.44
1784843440584,0,18,4,143.53
1784843440584,1,50,15,147.35
1784843440720,0,18,4,141.37
1784843440720,1,52,15,151.48
1784843440854,0,13,3,154.37
1784843440854,1,0,0,150.88
1784843440987,0,22,19,156.91
1784843440987,1,0,0,151.51
1784843441122,0,22,19,163.00
1784843441122,1,0,0,151.00
1784843441256,0,24,7,171.28
1784843441256,1,0,0,150.43
1784843441390,0,14,4,173.02
1784843441390,1,0,0,142.40
1784843441526,0,14,4,177.11
1784843441526,1,0,0,133.65
1784843441659,0,24,21,172.02
1784843441659,1,17,8,129.13
1784843441794,0,0,0,165.01
1784843441794,1,17,8,127.14
1784843441927,0,0,0,157.82
1784843441927,1,0,0,127.21
1784843442061,0,0,0,150.18
1784843442061,1,3,0,127.60
1784843442197,0,14,2,145.02
1784843442197,1,3,0,131.42
1784843442336,0,14,2,147.54
1784843442336,1,44,13,145.80
1784843442474,0,18,6,144.25
1784843442474,1,44,13,152.57
1784843442609,0,1,1,146.58
1784843442609,1,46,14,155.02
1784843442744,0,1,1,151.27
1784843442744,1,46,14,155.31
1784843442877,0,32,17,163.09
1784843442877,1,0,0,155.39
1784843443011,0,18,5,166.57
1784843443011,1,0,0,155.50
1784843443144,0,18,5,172.31
1784843443144,1,0,0,151.49
1784843443278,0,12,12,174.74
1784843443278,1,0,0,145.24
1784843443411,0,31,15,176.47
1784843443411,1,2,1,135.79
1784843443545,0,31,15,175.60
1784843443545,1,2,1,129.89
1784843443679,0,0,0,164.57
1784843443679,1,0,0,127.76
1784843443812,0,0,0,158.08
1784843443812,1,0,0,127.39
1784843443946,0,0,0,154.33
1784843443946,1,0,0,127.73
1784843444081,0,10,2,144.10
1784843444081,1,15,3,133.53
1784843444219,0,8,2,146.13
1784843444219,1,35,10,145.44
1784843444357,0,32,22,142.52
1784843444357,1,35,10,149.33
1784843444491,0,32,22,143.31
1784843444491,1,14,4,145.95
1784843444625,0,21,6,148.27
1784843444625,1,0,0,145.23
1784843444758,0,13,13,157.45
1784843444758,1,0,0,145.17
1784843444893,0,13,13,162.25
1784843444893,1,0,0,144.75
1784843445028,0,21,5,169.58
1784843445028,1,0,0,139.07
1784843445162,0,12,3,172.52
1784843445162,1,0,0,134.63
1784843445296,0,12,3,175.06
1784843445296,1,0,0,128.55
1784843445431,0,25,21,175.18
1784843445431,1,16,8,127.66
1784843445565,0,0,0,166.21
1784843445565,1,16,8,127.46
1784843445698,0,0,0,160.05
1784843445698,1,0,0,127.30
1784843445831,0,0,0,157.10
1784843445831,1,3,0,127.72
1784843445967,0,14,2,145.97
1784843445967,1,3,0,130.23
1784843446103,0,14,2,149.09
1784843446103,1,39,12,142.29
1784843446240,0,19,5,147.91
1784843446240,1,42,12,148.92
1784843446374,0,1,0,143.35
1784843446374,1,42,12,149.33
1784843446508,0,1,0,147.51
1784843446508,1,0,0,144.96
1784843446641,0,30,15,153.12
1784843446641,1,0,0,145.57
1784843446776,0,19,6,161.42
1784843446776,1,0,0,145.17
1784843446912,0,19,6,166.60
1784843446912,1,0,0,143.29
1784843447047,0,14,14,170.16
1784843447047,1,0,0,136.57
1784843447181,0,23,6,171.82
1784843447181,1,0,0,130.37
1784843447316,0,23,6,170.17
1784843447316,1,1,1,127.35
1784843447450,0,7,1,161.70
1784843447450,1,0,0,127.18
1784843447585,0,0,0,155.34
1784843447585,1,0,0,127.31
1784843447718,0,0,0,152.74
1784843447718,1,0,0,127.40
1784843447854,0,4,1,143.13
1784843447854,1,12,2,132.61
1784843447991,0,4,1,139.04
1784843447991,1,12,2,139.54
1784843448127,0,4,1,135.00
1784843448127,1,37,10,152.12
1784843448262,0,0,0,129.47
1784843448262,1,55,16,151.28
1784843448396,0,20,6,134.38
1784843448396,1,55,16,149.12
1784843448529,0,20,6,138.10
1784843448529,1,0,0,149.63
1784843448664,0,1,0,147.22
1784843448664,1,0,0,149.03
1784843448800,0,27,11,153.71
1784843448800,1,0,0,148.90
1784843448935,0,27,11,154.82
1784843448935,1,0,0,137.12
1784843449069,0,18,6,164.45
1784843449069,1,0,0,132.04
1784843449203,0,17,17,167.86
1784843449203,1,0,0,124.68
1784843449338,0,17,17,168.67
1784843449338,1,0,0,122.62
1784843449473,0,23,21,171.24
1784843449473,1,1,1,125.94
1784843449606,0,14,4,166.88
1784843449606,1,2,1,127.93
1784843449740,0,14,4,161.71
1784843449740,1,2,1,128.01
1784843449873,0,0,0,153.24
1784843449873,1,0,0,127.87
1784843450007,0,0,0,148.79
1784843450007,1,6,1,130.40
1784843450143,0,0,0,143.47
1784843450143,1,6,1,137.26
1784843450279,0,6,1,143.29
1784843450279,1,43,12,142.87
1784843450426,0,19,5,142.13
1784843450426,1,57,17,153.66
1784843450561,0,16,5,146.53
1784843450561,1,57,17,158.20
1784843450698,0,16,5,153.40
1784843450698,1,44,13,159.65
1784843450832,0,12,3,155.07
1784843450832,1,0,0,159.67
1784843450967,0,21,19,166.74
1784843450967,1,0,0,159.01
1784843451101,0,21,19,168.21
1784843451101,1,0,0,157.66
1784843451236,0,12,3,169.74
1784843451236,1,0,0,144.43
1784843451371,0,14,4,170.96
1784843451371,1,0,0,139.95
1784843451505,0,14,4,168.79
1784843451505,1,16,8,137.52
1784843451639,0,0,0,162.99
1784843451639,1,0,0,128.31
1784843451773,0,0,0,154.24
1784843451773,1,0,0,128.15
1784843451907,0,0,0,149.46
1784843451907,1,0,0,131.04
1784843452044,0,6,2,143.42
1784843452044,1,34,10,138.65
1784843452181,0,19,6,144.59
1784843452181,1,34,10,144.72
1784843452319,0,19,6,142.49
1784843452319,1,41,12,153.88
1784843452453,0,20,7,147.86
1784843452453,1,9,3,148.46
1784843452591,0,13,13,154.27
1784843452591,1,9,3,148.90
1784843452726,0,13,13,158.31
1784843452726,1,0,0,149.11
1784843452861,0,21,5,168.89
1784843452861,1,0,0,148.66
1784843452995,0,16,5,170.82
1784843452995,1,0,0,146.06
1784843453129,0,16,5,172.19
1784843453129,1,0,0,133.34
1784843453263,0,23,6,175.03
1784843453263,1,0,0,129.97
1784843453397,0,0,0,170.36
1784843453397,1,0,0,128.40
1784843453531,0,0,0,165.63
1784843453531,1,3,2,128.20
1784843453666,0,0,0,156.18
1784843453666,1,0,0,128.26
1784843453800,0,14,2,151.40
1784843453800,1,0,0,128.19
1784843453936,0,14,2,144.73
1784843453936,1,6,1,137.61
1784843454073,0,18,5,142.91
1784843454073,1,53,16,142.96
1784843454213,0,17,17,141.52
1784843454213,1,55,17,153.30
1784843454349,0,17,17,140.66
1784843454349,1,55,17,157.48
1784843454485,0,23,6,153.24
1784843454485,1,62,19,164.21
1784843454620,0,15,5,154.83
1784843454620,1,0,0,164.62
1784843454753,0,15,5,165.81
1784843454753,1,0,0,163.68
1784843454887,0,22,19,167.30
1784843454887,1,0,0,162.56
1784843455021,0,24,7,170.89
1784843455021,1,0,0,150.90
1784843455154,0,15,5,172.65
1784843455154,1,0,0,147.05
1784843455289,0,15,5,170.11
1784843455289,1,16,8,144.23
1784843455424,0,0,0,164.41
1784843455424,1,0,0,129.86
1784843455558,0,0,0,154.96
1784843455558,1,0,0,128.75
1784843455693,0,0,0,150.67
1784843455693,1,3,0,128.89
1784843455829,0,7,2,144.83
1784843455829,1,41,12,140.48
1784843455964,0,31,21,148.35
1784843455964,1,41,12,140.88
1784843456099,0,31,21,141.43
1784843456099,1,0,0,140.97
1784843456233,0,23,7,143.60
1784843456233,1,0,0,134.56
1784843456370,0,3,1,153.18
1784843456370,1,0,0,134.69
1784843456504,0,3,1,158.28
1784843456504,1,0,0,134.43
1784843456639,0,34,22,164.90
1784843456639,1,0,0,134.47
1784843456774,0,22,7,171.67
1784843456774,1,0,0,131.50
1784843456908,0,22,7,176.16
1784843456908,1,0,0,122.55
1784843457043,0,17,6,176.26
1784843457043,1,2,1,126.58
1784843457177,0,0,0,167.64
1784843457177,1,2,1,126.58
1784843457310,0,0,0,159.06
1784843457310,1,0,0,126.39
1784843457444,0,0,0,157.11
1784843457444,1,0,0,126.73
1784843457579,0,2,0,149.75
1784843457579,1,0,0,126.86
1784843457713,0,2,0,143.66
1784843457713,1,5,1,126.73
1784843457845,0,0,0,139.20
1784843457845,1,0,0,126.84
1784843457977,0,0,0,125.34
1784843457977,1,0,0,126.86
1784843458110,0,0,0,123.41
1784843458110,1,0,0,122.53
1784843458242,0,0,0,123.34
1784843458242,1,0,0,122.56
1784843458375,0,0,0,123.28
1784843458375,1,0,0,122.71
1784843458507,0,0,0,123.15
1784843458507,1,0,0,122.58
1784843458640,0,0,0,122.88
1784843458640,1,0,0,122.26
1784843458772,0,0,0,122.82
1784843458772,1,0,0,122.44
1784843458905,0,0,0,122.80
1784843458905,1,0,0,122.43
1784843459038,0,0,0,122.80
1784843459038,1,0,0,122.24
1784843459170,0,0,0,122.79
1784843459170,1,0,0,122.35
1784843459303,0,0,0,122.79
1784843459303,1,0,0,122.45
1784843459435,0,0,0,122.78
1784843459435,1,0,0,122.22
1784843459566,0,0,0,122.77
1784843459566,1,0,0,122.28
1784843459699,0,0,0,122.76
1784843459699,1,0,0,122.43
1784843459831,0,0,0,122.74
1784843459831,1,0,0,122.21
1784843459963,0,0,0,122.76
1784843459963,1,0,0,122.22
1784843460096,0,0,0,122.74
1784843460096,1,0,0,122.38
1784843460228,0,0,0,122.73
1784843460228,1,0,0,122.22
1784843460360,0,0,0,122.72
1784843460360,1,0,0,122.23
1784843460492,0,0,0,122.73
1784843460492,1,0,0,122.35
1784843460624,0,0,0,122.72
1784843460624,1,0,0,122.26
1784843460756,0,0,0,122.71
1784843460756,1,0,0,122.22
1784843460888,0,0,0,122.70
1784843460888,1,0,0,122.29
1784843461020,0,0,0,122.68
1784843461020,1,0,0,122.27
1784843461152,0,0,0,122.67
1784843461152,1,0,0,122.15
1784843461285,0,0,0,122.65
1784843461285,1,0,0,122.16
1784843461417,0,0,0,122.66
1784843461417,1,0,0,122.26
1784843461549,0,0,0,122.65
1784843461549,1,0,0,122.14
1784843461680,0,0,0,122.64
1784843461680,1,0,0,122.12
1784843461813,0,0,0,122.63
1784843461813,1,0,0,122.32
1784843461945,0,0,0,122.61
1784843461945,1,0,0,122.19
1784843462078,0,0,0,122.60
1784843462078,1,0,0,122.14
1784843462241,0,0,0,123.03
1784843462241,1,0,0,123.26
1784843462386,0,2,0,124.32
1784843462386,1,2,0,124.71
1784843462637,0,22,3,125.56
1784843462637,1,84,13,128.76
1784843462770,0,0,0,126.46
1784843462770,1,84,13,129.30
1784843462903,0,0,0,126.92
1784843462903,1,0,0,129.46
1784843463035,0,0,0,127.23
1784843463035,1,0,0,130.57
1784843463168,0,0,0,127.71
1784843463168,1,0,0,130.62
1784843463301,0,0,0,127.70
1784843463301,1,0,0,130.40
1784843463433,0,0,0,127.72
1784843463433,1,0,0,130.07
1784843463566,0,0,0,126.83
1784843463566,1,0,0,126.79
1784843463698,0,0,0,126.83
1784843463698,1,0,0,126.53
1784843463831,0,0,0,126.83
1784843463831,1,0,0,126.47
1784843463963,0,0,0,126.80
1784843463963,1,0,0,126.61
1784843464095,0,0,0,126.82
1784843464095,1,0,0,126.59
1784843464255,0,0,0,126.22
1784843464255,1,0,0,126.45
1784843464388,0,0,0,116.34
1784843464388,1,0,0,126.60
1784843464522,0,0,0,111.30
1784843464522,1,0,0,122.44
1784843464658,0,0,0,101.21
1784843464658,1,0,0,117.20
1784843464795,0,0,0,96.12
1784843464795,1,0,0,112.09
1784843464931,0,0,0,90.32
1784843464931,1,0,0,101.18
1784843465067,0,0,0,79.88
1784843465067,1,0,0,95.78
1784843465203,0,0,0,75.24
1784843465203,1,0,0,91.19
1784843465339,0,0,0,74.97
1784843465339,1,0,0,80.86
1784843465475,0,0,0,74.63
1784843465475,1,0,0,75.48
1784843465610,0,0,0,74.47
1784843465610,1,0,0,73.36
1784843465746,0,0,0,74.31
1784843465746,1,0,0,73.36
1784843465882,0,0,0,74.10
1784843465882,1,0,0,73.21
1784843466019,0,0,0,73.97
1784843466019,1,0,0,73.21
1784843466155,0,0,0,73.86
1784843466155,1,0,0,73.31
1784843466292,0,0,0,73.81
1784843466292,1,0,0,73.19
1784843466428,0,0,0,73.76
1784843466428,1,0,0,73.09
1784843466565,0,0,0,73.75
1784843466565,1,0,0,73.23
1784843466701,0,0,0,73.76
1784843466701,1,0,0,73.17
1784843466838,0,0,0,73.75
1784843466838,1,0,0,73.01
1784843466975,0,0,0,73.76
1784843466975,1,0,0,73.10
1784843467112,0,0,0,73.74
1784843467112,1,0,0,72.98
1784843467248,0,0,0,73.73
1784843467248,1,0,0,72.93
1784843467385,0,0,0,73.73
1784843467385,1,0,0,72.98
1784843467522,0,0,0,73.72
1784843467522,1,0,0,73.01
1784843467659,0,0,0,73.70
1784843467659,1,0,0,72.93
1784843467796,0,0,0,73.68
1784843467796,1,0,0,72.96
1784843467932,0,0,0,73.67
1784843467932,1,0,0,73.11
1784843468069,0,0,0,73.64
1784843468069,1,0,0,73.02
1784843468204,0,0,0,73.66
1784843468204,1,0,0,73.01
1784843468340,0,0,0,73.64
1784843468340,1,0,0,73.19
1784843468477,0,0,0,73.64
1784843468477,1,0,0,73.06
1784843468613,0,0,0,73.62
1784843468613,1,0,0,73.08
1784843468750,0,0,0,73.60
1784843468750,1,0,0,73.20
1784843468886,0,0,0,73.62
1784843468886,1,0,0,73.08
1784843469023,0,0,0,73.62
1784843469023,1,0,0,73.00
1784843469159,0,0,0,73.61
1784843469159,1,0,0,73.14
1784843469295,0,0,0,73.63
1784843469295,1,0,0,73.11
1784843469432,0,0,0,73.62
1784843469432,1,0,0,72.98
1784843469568,0,0,0,73.60
1784843469568,1,0,0,73.09
1784843469705,0,0,0,73.62
1784843469705,1,0,0,73.17
1784843469842,0,0,0,73.61
1784843469842,1,0,0,72.97
1784843469979,0,0,0,73.61
1784843469979,1,0,0,73.03
1784843470118,0,0,0,73.59
1784843470118,1,0,0,73.07
1784843470255,0,0,0,73.57
1784843470255,1,0,0,72.98
1784843470391,0,0,0,73.54
1784843470391,1,0,0,72.99
1784843470527,0,0,0,73.55
1784843470527,1,0,0,73.11
1784843470664,0,0,0,73.50
1784843470664,1,0,0,72.99
1784843470801,0,0,0,73.50
1784843470801,1,0,0,72.97
1784843470938,0,0,0,73.50
1784843470938,1,0,0,73.16
1784843471074,0,0,0,73.50
1784843471074,1,0,0,73.01
1784843471212,0,0,0,73.53
1784843471212,1,0,0,73.01
1784843471349,0,0,0,73.51
1784843471349,1,0,0,73.15
1784843471486,0,0,0,73.48
1784843471486,1,0,0,73.05
1784843471622,0,0,0,73.46
1784843471622,1,0,0,72.96
1784843471758,0,0,0,73.46
1784843471758,1,0,0,73.13
1784843471895,0,0,0,73.46
1784843471895,1,0,0,73.12
1784843472032,0,0,0,73.48
1784843472032,1,0,0,72.97
1784843472168,0,0,0,73.45
1784843472168,1,0,0,73.09
1784843472305,0,0,0,73.45
1784843472305,1,0,0,73.15
1784843472442,0,0,0,73.45
1784843472442,1,0,0,72.94
1784843472578,0,0,0,73.46
1784843472578,1,0,0,73.00
1784843472713,0,0,0,73.45
1784843472713,1,0,0,73.06
1784843472849,0,0,0,73.44
1784843472849,1,0,0,72.92
1784843472986,0,0,0,73.41
1784843472986,1,0,0,72.92
1784843473121,0,0,0,73.42
1784843473121,1,0,0,73.05
1784843473260,0,0,0,73.41
1784843473260,1,0,0,72.93
1784843473396,0,0,0,73.43
1784843473396,1,0,0,72.90
1784843473532,0,0,0,73.44
1784843473532,1,0,0,73.07
1784843473669,0,0,0,73.45
1784843473669,1,0,0,72.97
1784843473805,0,0,0,73.45
1784843473805,1,0,0,72.91
1784843473942,0,0,0,73.45
1784843473942,1,0,0,73.09
1784843474078,0,0,0,73.44
1784843474078,1,0,0,73.04
1784843474215,0,0,0,73.42
1784843474215,1,0,0,72.91
1784843474351,0,0,0,73.43
1784843474351,1,0,0,73.03
1784843474487,0,0,0,73.41
1784843474487,1,0,0,73.09
1784843474622,0,0,0,73.42
1784843474622,1,0,0,72.91
1784843474758,0,0,0,73.40
1784843474758,1,0,0,72.97
1784843474895,0,0,0,73.39
1784843474895,1,0,0,73.07
1784843475031,0,0,0,73.38
1784843475031,1,0,0,72.88
1784843475169,0,0,0,73.38
1784843475169,1,0,0,72.90
1784843475306,0,0,0,73.38
1784843475306,1,0,0,73.03
1784843475442,0,0,0,73.37
1784843475442,1,0,0,72.87
1784843475578,0,0,0,73.38
1784843475578,1,0,0,72.86
1784843475714,0,0,0,73.38
1784843475714,1,0,0,73.07
1784843475851,0,0,0,73.40
1784843475851,1,0,0,72.92
1784843475989,0,0,0,73.43
1784843475989,1,0,0,72.86
1784843476125,0,0,0,73.44
1784843476125,1,0,0,73.07
1784843476261,0,0,0,73.43
1784843476261,1,0,0,72.97
1784843476397,0,0,0,73.44
1784843476397,1,0,0,72.89
1784843476533,0,0,0,73.42
1784843476533,1,0,0,73.07
1784843476670,0,0,0,73.41
1784843476670,1,0,0,73.07
1784843476807,0,0,0,73.38
1784843476807,1,0,0,72.91
1784843476942,0,0,0,73.37
1784843476942,1,0,0,73.03
1784843477079,0,0,0,73.36
1784843477079,1,0,0,73.08
1784843477215,0,0,0,73.34
1784843477215,1,0,0,72.90
1784843477352,0,0,0,73.35
1784843477352,1,0,0,72.96
1784843477488,0,0,0,73.28
1784843477488,1,0,0,73.09
1784843477623,0,0,0,73.26
1784843477623,1,0,0,72.89
1784843477760,0,0,0,73.28
1784843477760,1,0,0,72.89
1784843477897,0,0,0,73.28
1784843477897,1,0,0,73.04
1784843478034,0,0,0,73.28
1784843478034,1,0,0,72.91
1784843478170,0,0,0,73.29
1784843478170,1,0,0,72.87
1784843478307,0,0,0,73.27
1784843478307,1,0,0,72.92
1784843478442,0,0,0,73.28
1784843478442,1,0,0,72.88
1784843478579,0,0,0,73.29
1784843478579,1,0,0,72.81
1784843478715,0,0,0,73.27
1784843478715,1,0,0,72.98
1784843478852,0,0,0,73.27
1784843478852,1,0,0,72.89
1784843478988,0,0,0,73.24
1784843478988,1,0,0,72.78
1784843479124,0,0,0,73.24
1784843479124,1,0,0,72.90
1784843479261,0,0,0,73.22
1784843479261,1,0,0,72.97
1784843479397,0,0,0,73.22
1784843479397,1,0,0,72.82
1784843479533,0,0,0,73.22
1784843479533,1,0,0,72.84
1784843479669,0,0,0,73.23
1784843479669,1,0,0,72.97
1784843479806,0,0,0,73.23
1784843479806,1,0,0,72.86
1784843479941,0,0,0,73.23
1784843479941,1,0,0,72.80
1784843480078,0,0,0,73.22
1784843480078,1,0,0,72.93
1784843480215,0,0,0,73.24
1784843480215,1,0,0,72.78
1784843480352,0,0,0,73.25
1784843480352,1,0,0,72.78
1784843480488,0,0,0,73.23
1784843480488,1,0,0,72.86
1784843480625,0,0,0,73.26
1784843480625,1,0,0,72.82
1784843480762,0,0,0,73.26
1784843480762,1,0,0,72.78
1784843480899,0,0,0,73.26
1784843480899,1,0,0,72.84
1784843481035,0,0,0,73.26
1784843481035,1,0,0,72.93
1784843481172,0,0,0,73.26
1784843481172,1,0,0,72.84
1784843481309,0,0,0,73.24
1784843481309,1,0,0,72.84
1784843481446,0,0,0,73.27
1784843481446,1,0,0,72.98
1784843481581,0,0,0,73.25
1784843481581,1,0,0,72.87
1784843481718,0,0,0,73.26
1784843481718,1,0,0,72.93
1784843481854,0,0,0,73.27
1784843481854,1,0,0,73.00
1784843481989,0,0,0,73.26
1784843481989,1,0,0,72.88
1784843482126,0,0,0,73.25
1784843482126,1,0,0,72.83
1784843482262,0,0,0,73.24
1784843482262,1,0,0,72.98
1784843482399,0,0,0,73.21
1784843482399,1,0,0,72.95
1784843482535,0,0,0,73.21
1784843482535,1,0,0,72.82
1784843482672,0,0,0,73.20
1784843482672,1,0,0,72.94
1784843482809,0,0,0,73.19
1784843482809,1,0,0,73.01
1784843482946,0,0,0,73.20
1784843482946,1,0,0,72.82
1784843483083,0,0,0,73.17
1784843483083,1,0,0,72.90
1784843483220,0,0,0,73.17
1784843483220,1,0,0,72.92
1784843483356,0,0,0,73.18
1784843483356,1,0,0,72.81
1784843483492,0,0,0,73.17
1784843483492,1,0,0,72.83
1784843483628,0,0,0,73.15
1784843483628,1,0,0,72.93
1784843483766,0,0,0,73.15
1784843483766,1,0,0,72.80
1784843483902,0,0,0,73.15
1784843483902,1,0,0,72.76
1784843484040,0,0,0,73.13
1784843484040,1,0,0,72.95
1784843484176,0,0,0,73.13
1784843484176,1,0,0,72.81
1784843484312,0,0,0,73.11
1784843484312,1,0,0,72.75
1784843484449,0,0,0,73.10
1784843484449,1,0,0,72.93
1784843484586,0,0,0,73.11
1784843484586,1,0,0,72.87
1784843484722,0,0,0,73.11
1784843484722,1,0,0,72.75
1784843484859,0,0,0,73.10
1784843484859,1,0,0,72.88
1784843484995,0,0,0,73.11
1784843484995,1,0,0,72.89
1784843485131,0,0,0,73.11
1784843485131,1,0,0,72.74
1784843485268,0,0,0,73.11
1784843485268,1,0,0,72.82
1784843485406,0,0,0,73.11
1784843485406,1,0,0,72.91
1784843485542,0,0,0,73.10
1784843485542,1,0,0,72.74
1784843485678,0,0,0,73.07
1784843485678,1,0,0,72.76
1784843485815,0,0,0,73.07
1784843485815,1,0,0,72.88
1784843485951,0,0,0,73.07
1784843485951,1,0,0,72.73
1784843486087,0,0,0,73.06
1784843486087,1,0,0,72.70
1784843486223,0,0,0,73.07
1784843486223,1,0,0,72.88
1784843486358,0,0,0,73.07
1784843486358,1,0,0,72.77
1784843486494,0,0,0,73.06
1784843486494,1,0,0,72.70
1784843486630,0,0,0,73.06
1784843486630,1,0,0,72.89
1784843486766,0,0,0,73.08
1784843486766,1,0,0,72.83
1784843486903,0,0,0,73.08
1784843486903,1,0,0,72.75
1784843487039,0,0,0,73.06
1784843487039,1,0,0,72.88
1784843487176,0,0,0,73.04
1784843487176,1,0,0,72.91
1784843487313,0,0,0,73.04
1784843487313,1,0,0,72.79
1784843487449,0,0,0,73.04
1784843487449,1,0,0,72.84
1784843487586,0,0,0,73.04
1784843487586,1,0,0,72.94
1784843487721,0,0,0,73.06
1784843487721,1,0,0,72.74
1784843487858,0,0,0,73.05
1784843487858,1,0,0,72.76
1784843487995,0,0,0,73.06
1784843487995,1,0,0,72.90
1784843488132,0,0,0,73.06
1784843488132,1,0,0,72.72
1784843488268,0,0,0,73.06
1784843488268,1,0,0,72.69
1784843488406,0,0,0,73.06
1784843488406,1,0,0,72.80
1784843488543,0,0,0,73.06
1784843488543,1,0,0,72.75
1784843488679,0,0,0,73.06
1784843488679,1,0,0,72.67
1784843488816,0,0,0,73.07
1784843488816,1,0,0,72.75
1784843488952,0,0,0,73.07
1784843488952,1,0,0,72.83
1784843489089,0,0,0,73.04
1784843489089,1,0,0,72.72
1784843489225,0,0,0,73.07
1784843489225,1,0,0,72.90
1784843489362,0,0,0,73.04
1784843489362,1,0,0,72.93
1784843489497,0,0,0,73.04
1784843489497,1,0,0,72.79
1784843489633,0,0,0,73.03
1784843489633,1,0,0,72.86
1784843489769,0,0,0,73.00
1784843489769,1,0,0,72.93
1784843489905,0,0,0,73.00
1784843489905,1,0,0,72.82
1784843490041,0,0,0,73.02
1784843490041,1,0,0,72.75
1784843490178,0,0,0,73.02
1784843490178,1,0,0,72.88
1784843490314,0,0,0,73.02
1784843490314,1,0,0,72.70
1784843490457,0,0,0,73.03
1784843490457,1,0,0,72.69
1784843490594,0,0,0,73.01
1784843490594,1,0,0,72.81
1784843490730,0,0,0,73.03
1784843490730,1,0,0,72.76
1784843490867,0,0,0,73.03
1784843490867,1,0,0,72.70
1784843491004,0,0,0,73.02
1784843491004,1,0,0,72.74
1784843491139,0,0,0,73.02
1784843491139,1,0,0,72.81
1784843491275,0,0,0,73.03
1784843491275,1,0,0,72.71
1784843491412,0,0,0,73.01
1784843491412,1,0,0,72.73
1784843491547,0,0,0,73.00
1784843491547,1,0,0,72.86
1784843491684,0,0,0,73.03
1784843491684,1,0,0,72.72
1784843491821,0,0,0,73.01
1784843491821,1,0,0,72.78
1784843491957,0,0,0,73.03
1784843491957,1,0,0,72.88
1784843492093,0,0,0,73.03
1784843492093,1,0,0,72.77
1784843492230,0,0,0,73.03
1784843492230,1,0,0,72.73
1784843492367,0,0,0,73.02
1784843492367,1,0,0,72.86
1784843492504,0,0,0,73.02
1784843492504,1,0,0,72.84
1784843492640,0,0,0,73.03
1784843492640,1,0,0,72.71
1784843492777,0,0,0,73.02
1784843492777,1,0,0,72.82
1784843492913,0,0,0,73.01
1784843492913,1,0,0,72.90
1784843493050,0,0,0,73.02
1784843493050,1,0,0,72.69
1784843493186,0,0,0,73.04
1784843493186,1,0,0,72.75
1784843493323,0,0,0,73.02
1784843493323,1,0,0,72.82
1784843493458,0,0,0,73.03
1784843493458,1,0,0,72.71
1784843493594,0,0,0,73.03
1784843493594,1,0,0,72.72
1784843493730,0,0,0,73.03
1784843493730,1,0,0,72.88
1784843493866,0,0,0,73.02
1784843493866,1,0,0,72.75
1784843494003,0,0,0,73.03
1784843494003,1,0,0,72.72
1784843494139,0,0,0,73.01
1784843494139,1,0,0,72.90
1784843494275,0,0,0,73.02
1784843494275,1,0,0,72.79
1784843494411,0,0,0,73.02
1784843494411,1,0,0,72.72
1784843494548,0,0,0,73.03
1784843494548,1,0,0,72.89
1784843494684,0,0,0,73.01
1784843494684,1,0,0,72.87
1784843494822,0,0,0,73.02
1784843494822,1,0,0,72.72
1784843494959,0,0,0,73.01
1784843494959,1,0,0,72.84
1784843495095,0,0,0,73.02
1784843495095,1,0,0,72.92
1784843495232,0,0,0,73.02
1784843495232,1,0,0,72.73
1784843495367,0,0,0,73.01
1784843495367,1,0,0,72.77
1784843495503,0,0,0,73.02
1784843495503,1,0,0,72.92
1784843495639,0,0,0,73.03
1784843495639,1,0,0,72.74
1784843495775,0,0,0,73.03
1784843495775,1,0,0,72.75
1784843495912,0,0,0,73.00
1784843495912,1,0,0,72.87
1784843496048,0,0,0,72.99
1784843496048,1,0,0,72.73
1784843496185,0,0,0,72.98
1784843496185,1,0,0,72.70
1784843496322,0,0,0,73.00
1784843496322,1,0,0,72.86
1784843496458,0,0,0,73.00
1784843496458,1,0,0,72.76
1784843496594,0,0,0,72.98
1784843496594,1,0,0,72.69
1784843496730,0,0,0,72.98
1784843496730,1,0,0,72.81
1784843496866,0,0,0,72.98
1784843496866,1,0,0,72.80
1784843497002,0,0,0,73.00
1784843497002,1,0,0,72.71
1784843497139,0,0,0,72.99
1784843497139,1,0,0,72.77
1784843497277,0,0,0,72.98
1784843497277,1,0,0,72.87
1784843497413,0,0,0,72.98
1784843497413,1,0,0,72.77
1784843497549,0,0,0,72.97
1784843497549,1,0,0,72.71
1784843497685,0,0,0,72.99
1784843497685,1,0,0,72.86
1784843497822,0,0,0,73.00
1784843497822,1,0,0,72.72
1784843497958,0,0,0,73.03
1784843497958,1,0,0,72.72
1784843498095,0,0,0,73.03
1784843498095,1,0,0,72.83
1784843498230,0,0,0,73.05
1784843498230,1,0,0,72.77
1784843498367,0,0,0,73.04
1784843498367,1,0,0,72.73
1784843498502,0,0,0,73.03
1784843498502,1,0,0,72.78
1784843498639,0,0,0,73.02
1784843498639,1,0,0,72.85
1784843498776,0,0,0,73.04
1784843498776,1,0,0,72.75
1784843498912,0,0,0,73.02
1784843498912,1,0,0,72.76
1784843499048,0,0,0,73.02
1784843499048,1,0,0,72.88
1784843499185,0,0,0,73.04
1784843499185,1,0,0,72.74
1784843499321,0,0,0,73.04
1784843499321,1,0,0,72.82
1784843499458,0,0,0,73.05
1784843499458,1,0,0,72.92
1784843499594,0,0,0,73.06
1784843499594,1,0,0,72.81
1784843499731,0,0,0,73.06
1784843499731,1,0,0,72.77
1784843499869,0,0,0,73.04
1784843499869,1,0,0,72.91
1784843500005,0,0,0,73.05
1784843500005,1,0,0,72.92
1784843500142,0,0,0,73.04
1784843500142,1,0,0,72.79
1784843500278,0,0,0,73.04
1784843500278,1,0,0,72.90
1784843500415,0,0,0,73.03
1784843500415,1,0,0,73.01
1784843500552,0,0,0,73.03
1784843500552,1,0,0,72.82
1784843500688,0,0,0,73.04
1784843500688,1,0,0,72.86
1784843500825,0,0,0,73.08
1784843500825,1,0,0,72.92
1784843500962,0,0,0,73.08
1784843500962,1,0,0,72.80
1784843501098,0,0,0,73.07
1784843501098,1,0,0,72.80
1784843501234,0,0,0,73.06
1784843501234,1,0,0,72.92
1784843501371,0,0,0,73.06
1784843501371,1,0,0,72.80
1784843501507,0,0,0,73.06
1784843501507,1,0,0,72.74
1784843501644,0,0,0,73.06
1784843501644,1,0,0,72.91
1784843501780,0,0,0,73.03
1784843501780,1,0,0,72.78
1784843501917,0,0,0,73.02
1784843501917,1,0,0,72.68
1784843502053,0,0,0,73.02
1784843502053,1,0,0,72.83
1784843502189,0,0,0,73.02
1784843502189,1,0,0,72.79
1784843502325,0,0,0,73.02
1784843502325,1,0,0,72.66
1784843502462,0,0,0,73.01
1784843502462,1,0,0,72.74
1784843502598,0,0,0,73.01
1784843502598,1,0,0,72.85
1784843502734,0,0,0,73.02
1784843502734,1,0,0,72.68
1784843502871,0,0,0,73.02
1784843502871,1,0,0,72.72
1784843503008,0,0,0,73.04
1784843503008,1,0,0,72.84
1784843503145,0,0,0,73.05
1784843503145,1,0,0,72.72
1784843503281,0,0,0,73.08
1784843503281,1,0,0,72.70
1784843503418,0,0,0,73.09
1784843503418,1,0,0,72.80
1784843503554,0,0,0,73.09
1784843503554,1,0,0,72.79
1784843503690,0,0,0,73.09
1784843503690,1,0,0,72.73
1784843503825,0,0,0,73.10
1784843503825,1,0,0,72.90
1784843503962,0,0,0,73.11
1784843503962,1,0,0,72.86
1784843504098,0,0,0,73.08
1784843504098,1,0,0,72.76
1784843504234,0,0,0,73.10
1784843504234,1,0,0,72.88
1784843504370,0,0,0,73.08
1784843504370,1,0,0,72.92
1784843504506,0,0,0,73.10
1784843504506,1,0,0,72.81
1784843504643,0,0,0,73.11
1784843504643,1,0,0,72.82
1784843504779,0,0,0,73.10
1784843504779,1,0,0,72.94
1784843504916,0,0,0,73.10
1784843504916,1,0,0,72.86
1784843505052,0,0,0,73.10
1784843505052,1,0,0,72.79
1784843505189,0,0,0,73.11
1784843505189,1,0,0,72.92
1784843505324,0,0,0,73.12
1784843505324,1,0,0,72.81
1784843505461,0,0,0,73.14
1784843505461,1,0,0,72.77
1784843505598,0,0,0,73.14
1784843505598,1,0,0,72.86
1784843505739,0,0,0,73.15
1784843505739,1,0,0,72.86
1784843505875,0,0,0,73.14
1784843505875,1,0,0,72.80
1784843506011,0,0,0,73.15
1784843506011,1,0,0,72.81
1784843506147,0,0,0,73.14
1784843506147,1,0,0,72.95
1784843506284,0,0,0,73.13
1784843506284,1,0,0,72.81
1784843506420,0,0,0,73.12
1784843506420,1,0,0,72.79
1784843506556,0,0,0,73.11
1784843506556,1,0,0,72.98
1784843506693,0,0,0,73.10
1784843506693,1,0,0,72.85
1784843506830,0,0,0,73.11
1784843506830,1,0,0,72.83
1784843506966,0,0,0,73.11
1784843506966,1,0,0,72.98
1784843507103,0,0,0,73.10
1784843507103,1,0,0,72.89
1784843507241,0,0,0,73.10
1784843507241,1,0,0,72.82
1784843507376,0,0,0,73.10
1784843507376,1,0,0,72.92
1784843507512,0,0,0,73.10
1784843507512,1,0,0,72.93
1784843507647,0,0,0,73.10
1784843507647,1,0,0,72.77
1784843507784,0,0,0,73.11
1784843507784,1,0,0,72.81
1784843507920,0,0,0,73.12
1784843507920,1,0,0,72.93
1784843508056,0,0,0,73.13
1784843508056,1,0,0,72.75
1784843508192,0,0,0,73.15
1784843508192,1,0,0,72.75
1784843508328,0,0,0,73.14
1784843508328,1,0,0,72.90
1784843508465,0,0,0,73.15
1784843508465,1,0,0,72.79
1784843508601,0,0,0,73.14
1784843508601,1,0,0,72.76
1784843508738,0,0,0,73.14
1784843508738,1,0,0,72.96
1784843508874,0,0,0,73.11
1784843508874,1,0,0,72.85
1784843509011,0,0,0,73.11
1784843509011,1,0,0,72.78
1784843509145,0,0,0,73.11
1784843509145,1,0,0,72.94
1784843509282,0,0,0,73.11
1784843509282,1,0,0,72.93
1784843509419,0,0,0,73.10
1784843509419,1,0,0,72.79
1784843509555,0,0,0,73.11
1784843509555,1,0,0,72.90
1784843509691,0,0,0,73.15
1784843509691,1,0,0,72.92
1784843509828,0,0,0,73.16
1784843509828,1,0,0,72.75
1784843509964,0,0,0,73.16
1784843509964,1,0,0,72.80
1784843510100,0,0,0,73.15
1784843510100,1,0,0,72.92
1784843510237,0,0,0,73.15
1784843510237,1,0,0,72.78
1784843510374,0,0,0,73.15
1784843510374,1,0,0,72.78
1784843510510,0,0,0,73.16
1784843510510,1,0,0,72.92
1784843510646,0,0,0,73.16
1784843510646,1,0,0,72.81
1784843510783,0,0,0,73.18
1784843510783,1,0,0,72.79
1784843510920,0,0,0,73.19
1784843510920,1,0,0,72.86
1784843511056,0,0,0,73.19
1784843511056,1,0,0,72.90
1784843511193,0,0,0,73.20
1784843511193,1,0,0,72.82
1784843511329,0,0,0,73.19
1784843511329,1,0,0,72.96
1784843511465,0,0,0,73.21
1784843511465,1,0,0,72.95
1784843511602,0,0,0,73.18
1784843511602,1,0,0,72.85
1784843511737,0,0,0,73.20
1784843511737,1,0,0,72.94
1784843511874,0,0,0,73.19
1784843511874,1,0,0,73.04
1784843512011,0,0,0,73.21
1784843512011,1,0,0,72.93
1784843512147,0,0,0,73.19
1784843512147,1,0,0,72.89
1784843512284,0,0,0,73.21
1784843512284,1,0,0,73.04
1784843512420,0,0,0,73.19
1784843512420,1,0,0,72.96
1784843512556,0,0,0,73.18
1784843512556,1,0,0,72.86
1784843512692,0,0,0,73.18
1784843512692,1,0,0,73.01
1784843512829,0,0,0,73.17
1784843512829,1,0,0,72.90
1784843512967,0,0,0,73.17
1784843512967,1,0,0,72.84
1784843513103,0,0,0,73.14
1784843513103,1,0,0,72.88
1784843513239,0,0,0,73.14
1784843513239,1,0,0,72.92
1784843513375,0,0,0,73.14
1784843513375,1,0,0,72.83
1784843513511,0,0,0,73.16
1784843513511,1,0,0,72.82
1784843513647,0,0,0,73.17
1784843513647,1,0,0,72.95
1784843513784,0,0,0,73.17
1784843513784,1,0,0,72.82
1784843513920,0,0,0,73.17
1784843513920,1,0,0,72.81
1784843514056,0,0,0,73.17
1784843514056,1,0,0,72.97
1784843514193,0,0,0,73.19
1784843514193,1,0,0,72.89
1784843514331,0,0,0,73.19
1784843514331,1,0,0,72.79
1784843514468,0,0,0,73.19
1784843514468,1,0,0,72.94
1784843514605,0,0,0,73.17
1784843514605,1,0,0,72.92
1784843514742,0,0,0,73.17
1784843514742,1,0,0,72.79
1784843514879,0,0,0,73.15
1784843514879,1,0,0,72.87
1784843515016,0,0,0,73.15
1784843515016,1,0,0,73.00
1784843515153,0,0,0,73.16
1784843515153,1,0,0,72.82
1784843515290,0,0,0,73.13
1784843515290,1,0,0,72.83
1784843515427,0,0,0,73.13
1784843515427,1,0,0,72.98
1784843515564,0,0,0,73.12
1784843515564,1,0,0,72.87
1784843515700,0,0,0,73.14
1784843515700,1,0,0,72.86
1784843515837,0,0,0,73.14
1784843515837,1,0,0,73.04
1784843515974,0,0,0,73.15
1784843515974,1,0,0,72.89
1784843516111,0,0,0,73.17
1784843516111,1,0,0,72.84
1784843516246,0,0,0,73.20
1784843516246,1,0,0,73.02
1784843516382,0,0,0,73.21
1784843516382,1,0,0,72.97
1784843516518,0,0,0,73.20
1784843516518,1,0,0,72.86
1784843516655,0,0,0,73.20
1784843516655,1,0,0,72.99
1784843516791,0,0,0,73.24
1784843516791,1,0,0,73.05
1784843516928,0,0,0,73.23
1784843516928,1,0,0,72.91
1784843517064,0,0,0,73.21
1784843517064,1,0,0,72.96
1784843517200,0,0,0,73.24
1784843517200,1,0,0,73.08
1784843517337,0,0,0,73.22
1784843517337,1,0,0,72.89
1784843517473,0,0,0,73.24
1784843517473,1,0,0,72.91
1784843517610,0,0,0,73.25
1784843517610,1,0,0,73.03
1784843517746,0,0,0,73.24
1784843517746,1,0,0,72.92
1784843517882,0,0,0,73.21
1784843517882,1,0,0,72.86
1784843518018,0,0,0,73.23
1784843518018,1,0,0,72.94
1784843518154,0,0,0,73.23
1784843518154,1,0,0,72.94
1784843518290,0,0,0,73.24
1784843518290,1,0,0,72.85
1784843518426,0,0,0,73.23
1784843518426,1,0,0,72.88
1784843518562,0,0,0,73.21
1784843518562,1,0,0,73.03
1784843518698,0,0,0,73.24
1784843518698,1,0,0,72.89
1784843518836,0,0,0,73.25
1784843518836,1,0,0,72.97
1784843518972,0,0,0,73.23
1784843518972,1,0,0,73.04
1784843519108,0,0,0,73.23
1784843519108,1,0,0,72.93
1784843519244,0,0,0,73.23
1784843519244,1,0,0,72.92
1784843519381,0,0,0,73.21
1784843519381,1,0,0,73.04
1784843519517,0,0,0,73.21
1784843519517,1,0,0,72.97
1784843519653,0,0,0,73.21
1784843519653,1,0,0,72.82
1784843519789,0,0,0,73.18
1784843519789,1,0,0,72.92
1784843519925,0,0,0,73.18
1784843519925,1,0,0,72.96
1784843520062,0,0,0,73.18
1784843520062,1,0,0,72.81
1784843520200,0,0,0,73.16
1784843520200,1,0,0,72.85
1784843520336,0,0,0,73.15
1784843520336,1,0,0,72.92
1784843520473,0,0,0,73.16
1784843520473,1,0,0,72.84
1784843520610,0,0,0,73.17
1784843520610,1,0,0,72.83
1784843520745,0,0,0,73.18
1784843520745,1,0,0,72.98
1784843520881,0,0,0,73.20
1784843520881,1,0,0,72.87
1784843521025,0,0,0,73.20
1784843521025,1,0,0,72.85
1784843521161,0,0,0,73.20
1784843521161,1,0,0,73.01
1784843521297,0,0,0,73.21
1784843521297,1,0,0,72.92
1784843521434,0,0,0,73.23
1784843521434,1,0,0,72.84
1784843521570,0,0,0,73.22
1784843521570,1,0,0,72.99
1784843521707,0,0,0,73.23
1784843521707,1,0,0,73.01
1784843521843,0,0,0,73.23
1784843521843,1,0,0,72.84
1784843521979,0,0,0,73.21
1784843521979,1,0,0,72.91
1784843522115,0,0,0,73.21
1784843522115,1,0,0,73.04
1784843522251,0,0,0,73.23
1784843522251,1,0,0,72.86
1784843522386,0,0,0,73.21
1784843522386,1,0,0,72.89
1784843522523,0,0,0,73.22
1784843522523,1,0,0,73.05
1784843522659,0,0,0,73.25
1784843522659,1,0,0,72.89
1784843522795,0,0,0,73.22
1784843522795,1,0,0,72.87
1784843522931,0,0,0,73.21
1784843522931,1,0,0,73.07
1784843523068,0,0,0,73.21
1784843523068,1,0,0,72.96
1784843523204,0,0,0,73.22
1784843523204,1,0,0,72.91
1784843523340,0,0,0,73.19
1784843523340,1,0,0,73.08
1784843523476,0,0,0,73.21
1784843523476,1,0,0,73.04
1784843523613,0,0,0,73.18
1784843523613,1,0,0,72.92
1784843523749,0,0,0,73.19
1784843523749,1,0,0,73.01
1784843523885,0,0,0,73.21
1784843523885,1,0,0,73.03
1784843524021,0,0,0,73.23
1784843524021,1,0,0,72.93
1784843524158,0,0,0,73.22
1784843524158,1,0,0,72.92
1784843524295,0,0,0,73.22
1784843524295,1,0,0,73.05
1784843524432,0,0,0,73.25
1784843524432,1,0,0,72.87
1784843524568,0,0,0,73.23
1784843524568,1,0,0,72.86
1784843524704,0,0,0,73.21
1784843524704,1,0,0,72.99
1784843524840,0,0,0,73.19
1784843524840,1,0,0,72.91
1784843524976,0,0,0,73.20
1784843524976,1,0,0,72.88
1784843525112,0,0,0,73.17
1784843525112,1,0,0,72.94
1784843525249,0,0,0,73.18
1784843525249,1,0,0,72.97
1784843525384,0,0,0,73.17
1784843525384,1,0,0,72.86
1784843525521,0,0,0,73.17
1784843525521,1,0,0,72.86
1784843525657,0,0,0,73.17
1784843525657,1,0,0,72.95
1784843525793,0,0,0,73.16
1784843525793,1,0,0,72.83
1784843525930,0,0,0,73.16
1784843525930,1,0,0,72.80
1784843526066,0,0,0,73.15
1784843526066,1,0,0,72.98
1784843526203,0,0,0,73.15
1784843526203,1,0,0,72.87
1784843526339,0,0,0,73.12
1784843526339,1,0,0,72.81
1784843526475,0,0,0,73.13
1784843526475,1,0,0,72.94
1784843526612,0,0,0,73.13
1784843526612,1,0,0,72.91
1784843526748,0,0,0,73.13
1784843526748,1,0,0,72.79
1784843526885,0,0,0,73.16
1784843526885,1,0,0,72.88
1784843527021,0,0,0,73.15
1784843527021,1,0,0,72.96
1784843527158,0,0,0,73.14
1784843527158,1,0,0,72.79
1784843527296,0,0,0,73.15
1784843527296,1,0,0,72.83
1784843527433,0,0,0,73.14
1784843527433,1,0,0,72.93
1784843527570,0,0,0,73.12
1784843527570,1,0,0,72.83
1784843527707,0,0,0,73.13
1784843527707,1,0,0,72.80
1784843527845,0,0,0,73.12
1784843527845,1,0,0,72.96
1784843527982,0,0,0,73.13
1784843527982,1,0,0,72.85
1784843528119,0,0,0,73.13
1784843528119,1,0,0,72.78
1784843528258,0,0,0,73.13
1784843528258,1,0,0,72.96
1784843528395,0,0,0,73.11
1784843528395,1,0,0,72.93
1784843528531,0,0,0,73.11
1784843528531,1,0,0,72.82
1784843528668,0,0,0,73.11
1784843528668,1,0,0,72.93
1784843528805,0,0,0,73.11
1784843528805,1,0,0,72.96
1784843528941,0,0,0,73.12
1784843528941,1,0,0,72.80
1784843529077,0,0,0,73.11
1784843529077,1,0,0,72.87
1784843529213,0,0,0,73.11
1784843529213,1,0,0,73.00
1784843529349,0,0,0,73.12
1784843529349,1,0,0,72.80
1784843529485,0,0,0,73.11
1784843529485,1,0,0,72.80
1784843529621,0,0,0,73.11
1784843529621,1,0,0,72.95
1784843529758,0,0,0,73.10
1784843529758,1,0,0,72.82
1784843529895,0,0,0,73.09
1784843529895,1,0,0,72.77
1784843530031,0,0,0,73.10
1784843530031,1,0,0,72.87
1784843530169,0,0,0,73.11
1784843530169,1,0,0,72.90
1784843530306,0,0,0,73.08
1784843530306,1,0,0,72.79
1784843530443,0,0,0,73.10
1784843530443,1,0,0,72.92
1784843530580,0,0,0,73.09
1784843530580,1,0,0,72.89
1784843530716,0,0,0,73.07
1784843530716,1,0,0,72.77
1784843530851,0,0,0,73.06
1784843530851,1,0,0,72.85
1784843530988,0,0,0,73.06
1784843530988,1,0,0,72.94
1784843531124,0,0,0,73.04
1784843531124,1,0,0,72.79
1784843531262,0,0,0,73.05
1784843531262,1,0,0,72.75
1784843531399,0,0,0,73.04
1784843531399,1,0,0,72.87
1784843531536,0,0,0,73.04
1784843531536,1,0,0,72.74
1784843531673,0,0,0,73.05
1784843531673,1,0,0,72.71
1784843531811,0,0,0,73.05
1784843531811,1,0,0,72.79
1784843531948,0,0,0,73.05
1784843531948,1,0,0,72.74
1784843532084,0,0,0,73.02
1784843532084,1,0,0,72.71
1784843532222,0,0,0,73.03
1784843532222,1,0,0,72.73
1784843532358,0,0,0,73.05
1784843532358,1,0,0,72.82
1784843532494,0,0,0,73.03
1784843532494,1,0,0,72.72
1784843532630,0,0,0,73.04
1784843532630,1,0,0,72.71
1784843532766,0,0,0,73.02
1784843532766,1,0,0,72.89
1784843532901,0,0,0,73.01
1784843532901,1,0,0,72.74
1784843533038,0,0,0,72.99
1784843533038,1,0,0,72.76
1784843533174,0,0,0,72.99
1784843533174,1,0,0,72.89
1784843533310,0,0,0,72.97
1784843533310,1,0,0,72.82
1784843533447,0,0,0,72.98
1784843533447,1,0,0,72.72
1784843533582,0,0,0,72.98
1784843533582,1,0,0,72.85
1784843533717,0,0,0,72.97
1784843533717,1,0,0,72.88
1784843533853,0,0,0,73.00
1784843533853,1,0,0,72.72
1784843533990,0,0,0,73.02
1784843533990,1,0,0,72.78
1784843534127,0,0,0,73.03
1784843534127,1,0,0,72.89
1784843534263,0,0,0,73.02
1784843534263,1,0,0,72.73
1784843534401,0,0,0,73.04
1784843534401,1,0,0,72.73
1784843534538,0,0,0,73.05
1784843534538,1,0,0,72.89
1784843534675,0,0,0,73.04
1784843534675,1,0,0,72.76
1784843534811,0,0,0,73.04
1784843534811,1,0,0,72.73
1784843534948,0,0,0,73.04
1784843534948,1,0,0,72.93
1784843535083,0,0,0,73.02
1784843535083,1,0,0,72.84
1784843535220,0,0,0,73.02
1784843535220,1,0,0,72.79
1784843535357,0,0,0,73.03
1784843535357,1,0,0,72.94
1784843535494,0,0,0,72.98
1784843535494,1,0,0,72.90
1784843535630,0,0,0,73.01
1784843535630,1,0,0,72.78
1784843535767,0,0,0,73.01
1784843535767,1,0,0,72.83
1784843535902,0,0,0,73.00
1784843535902,1,0,0,72.94
1784843536037,0,0,0,73.01
1784843536037,1,0,0,72.76
1784843536174,0,0,0,73.00
1784843536174,1,0,0,72.78
1784843536313,0,0,0,73.00
1784843536313,1,0,0,72.93
1784843536449,0,0,0,73.04
1784843536449,1,0,0,72.76
1784843536584,0,0,0,73.03
1784843536584,1,0,0,72.74
1784843536720,0,0,0,73.00
1784843536720,1,0,0,72.84
1784843536857,0,0,0,73.00
1784843536857,1,0,0,72.74
1784843536993,0,0,0,72.97
1784843536993,1,0,0,72.68
1784843537130,0,0,0,72.97
1784843537130,1,0,0,72.73
1784843537267,0,0,0,72.95
1784843537267,1,0,0,72.79
1784843537404,0,0,0,72.94
1784843537404,1,0,0,72.69
1784843537540,0,0,0,72.92
1784843537540,1,0,0,72.78
1784843537677,0,0,0,72.90
1784843537677,1,0,0,72.80
1784843537812,0,0,0,72.89
1784843537812,1,0,0,72.68
1784843537949,0,0,0,72.90
1784843537949,1,0,0,72.66
1784843538085,0,0,0,72.89
1784843538085,1,0,0,72.75
1784843538222,0,0,0,72.90
1784843538222,1,0,0,72.66
1784843538358,0,0,0,72.92
1784843538358,1,0,0,72.54
1784843538495,0,0,0,72.90
1784843538495,1,0,0,72.66
1784843538631,0,0,0,72.93
1784843538631,1,0,0,72.67
1784843538768,0,0,0,72.92
1784843538768,1,0,0,72.53
1784843538905,0,0,0,72.91
1784843538905,1,0,0,72.58
1784843539041,0,0,0,72.92
1784843539041,1,0,0,72.62
1784843539177,0,0,0,72.93
1784843539177,1,0,0,72.56
1784843539315,0,0,0,72.89
1784843539315,1,0,0,72.55
1784843539451,0,0,0,72.88
1784843539451,1,0,0,72.69
1784843539587,0,0,0,72.91
1784843539587,1,0,0,72.56
1784843539724,0,0,0,72.89
1784843539724,1,0,0,72.54
1784843539861,0,0,0,72.91
1784843539861,1,0,0,72.70
1784843539998,0,0,0,72.92
1784843539998,1,0,0,72.58
1784843540134,0,0,0,72.92
1784843540134,1,0,0,72.53
1784843540270,0,0,0,72.92
1784843540270,1,0,0,72.68
1784843540407,0,0,0,72.92
1784843540407,1,0,0,72.67
1784843540543,0,0,0,72.92
1784843540543,1,0,0,72.61
1784843540679,0,0,0,72.91
1784843540679,1,0,0,72.69
1784843540815,0,0,0,72.93
1784843540815,1,0,0,72.81
1784843540952,0,0,0,72.93
1784843540952,1,0,0,72.69
1784843541088,0,0,0,72.93
1784843541088,1,0,0,72.73
1784843541223,0,0,0,72.93
1784843541223,1,0,0,72.87
1784843541360,0,0,0,72.92
1784843541360,1,0,0,72.72
1784843541497,0,0,0,72.91
1784843541497,1,0,0,72.70
1784843541633,0,0,0,72.92
1784843541633,1,0,0,72.79
1784843541770,0,0,0,72.90
1784843541770,1,0,0,72.75
1784843541906,0,0,0,72.90
1784843541906,1,0,0,72.71
1784843542042,0,0,0,72.90
1784843542042,1,0,0,72.88
1784843542178,0,0,0,72.88
1784843542178,1,0,0,72.84
1784843542314,0,0,0,72.90
1784843542314,1,0,0,72.72
1784843542450,0,0,0,72.91
1784843542450,1,0,0,72.82
1784843542587,0,0,0,72.89
1784843542587,1,0,0,72.83
1784843542724,0,0,0,72.89
1784843542724,1,0,0,72.71
1784843542860,0,0,0,72.89
1784843542860,1,0,0,72.70
1784843542995,0,0,0,72.89
1784843542995,1,0,0,72.82
1784843543131,0,0,0,72.88
1784843543131,1,0,0,72.72
1784843543267,0,0,0,72.86
1784843543267,1,0,0,72.64
1784843543404,0,0,0,72.86
1784843543404,1,0,0,72.77
1784843543539,0,0,0,72.87
1784843543539,1,0,0,72.68
1784843543676,0,0,0,72.83
1784843543676,1,0,0,72.65
1784843543812,0,0,0,72.84
1784843543812,1,0,0,72.71
1784843543948,0,0,0,72.84
1784843543948,1,0,0,72.72
1784843544085,0,0,0,72.83
1784843544085,1,0,0,72.64
1784843544221,0,0,0,72.83
1784843544221,1,0,0,72.66
1784843544357,0,0,0,72.84
1784843544357,1,0,0,72.78
1784843544493,0,0,0,72.82
1784843544493,1,0,0,72.65
1784843544629,0,0,0,72.84
1784843544629,1,0,0,72.63
1784843544766,0,0,0,72.85
1784843544766,1,0,0,72.78
1784843544902,0,0,0,72.82
1784843544902,1,0,0,72.71
1784843545039,0,0,0,72.85
1784843545039,1,0,0,72.64
1784843545175,0,0,0,72.83
1784843545175,1,0,0,72.73
1784843545311,0,0,0,72.86
1784843545311,1,0,0,72.74
1784843545447,0,0,0,72.85
1784843545447,1,0,0,72.62
1784843545583,0,0,0,72.85
1784843545583,1,0,0,72.68
1784843545719,0,0,0,72.86
1784843545719,1,0,0,72.79
1784843545855,0,0,0,72.87
1784843545855,1,0,0,72.62
1784843545992,0,0,0,72.84
1784843545992,1,0,0,72.62
1784843546128,0,0,0,72.84
1784843546128,1,0,0,72.76
1784843546265,0,0,0,72.86
1784843546265,1,0,0,72.65
1784843546402,0,0,0,72.86
1784843546402,1,0,0,72.63
1784843546537,0,0,0,72.88
1784843546537,1,0,0,72.73
1784843546675,0,0,0,72.87
1784843546675,1,0,0,72.71
1784843546812,0,0,0,72.87
1784843546812,1,0,0,72.64
1784843546949,0,0,0,72.87
1784843546949,1,0,0,72.84
1784843547085,0,0,0,72.88
1784843547085,1,0,0,72.80
1784843547222,0,0,0,72.86
1784843547222,1,0,0,72.69
1784843547358,0,0,0,72.86
1784843547358,1,0,0,72.76
1784843547495,0,0,0,72.87
1784843547495,1,0,0,72.86
1784843547631,0,0,0,72.86
1784843547631,1,0,0,72.75
1784843547767,0,0,0,72.88
1784843547767,1,0,0,72.73
1784843547903,0,0,0,72.85
1784843547903,1,0,0,72.85
1784843548039,0,0,0,72.85
1784843548039,1,0,0,72.79
1784843548175,0,0,0,72.85
1784843548175,1,0,0,72.67
1784843548311,0,0,0,72.83
1784843548311,1,0,0,72.78
1784843548447,0,0,0,72.84
1784843548447,1,0,0,72.74
1784843548584,0,0,0,72.83
1784843548584,1,0,0,72.70
1784843548721,0,0,0,72.83
1784843548721,1,0,0,72.74
1784843548857,0,0,0,72.82
1784843548857,1,0,0,72.81
1784843548994,0,0,0,72.81
1784843548994,1,0,0,72.72
1784843549131,0,0,0,72.80
1784843549131,1,0,0,72.67
1784843549267,0,0,0,72.81
1784843549267,1,0,0,72.81
1784843549405,0,0,0,72.80
1784843549405,1,0,0,72.69
1784843549541,0,0,0,72.79
1784843549541,1,0,0,72.61
1784843549678,0,0,0,72.77
1784843549678,1,0,0,72.74
1784843549815,0,0,0,72.76
1784843549815,1,0,0,72.67
1784843549951,0,0,0,72.77
1784843549951,1,0,0,72.56
1784843550088,0,0,0,72.76
1784843550088,1,0,0,72.71
1784843550224,0,0,0,72.78
1784843550224,1,0,0,72.77
1784843550360,0,0,0,72.77
1784843550360,1,0,0,72.62
1784843550496,0,0,0,72.76
1784843550496,1,0,0,72.65
1784843550633,0,0,0,72.74
1784843550633,1,0,0,72.78
1784843550769,0,0,0,72.75
1784843550769,1,0,0,72.63
1784843550905,0,0,0,72.72
1784843550905,1,0,0,72.64
1784843551045,0,0,0,72.74
1784843551045,1,0,0,72.78
1784843551182,0,0,0,72.73
1784843551182,1,0,0,72.67
1784843551319,0,0,0,72.73
1784843551319,1,0,0,72.62
1784843551455,0,0,0,72.73
1784843551455,1,0,0,72.80
1784843551597,0,0,0,72.75
1784843551597,1,0,0,72.73
1784843551733,0,0,0,72.76
1784843551733,1,0,0,72.63
1784843551869,0,0,0,72.75
1784843551869,1,0,0,72.75
1784843552005,0,0,0,72.75
1784843552005,1,0,0,72.78
1784843552141,0,0,0,72.73
1784843552141,1,0,0,72.66
1784843552279,0,0,0,72.71
1784843552279,1,0,0,72.70
1784843552416,0,0,0,72.71
1784843552416,1,0,0,72.83
1784843552553,0,0,0,72.73
1784843552553,1,0,0,72.63
1784843552689,0,0,0,72.74
1784843552689,1,0,0,72.66
1784843552826,0,0,0,72.74
1784843552826,1,0,0,72.79
1784843552963,0,0,0,72.73
1784843552963,1,0,0,72.64
1784843553100,0,0,0,72.74
1784843553100,1,0,0,72.61
1784843553237,0,0,0,72.78
1784843553237,1,0,0,72.69
1784843553374,0,0,0,72.76
1784843553374,1,0,0,72.64
1784843553510,0,0,0,72.75
1784843553510,1,0,0,72.60
1784843553646,0,0,0,72.73
1784843553646,1,0,0,72.75
1784843553783,0,0,0,72.74
1784843553783,1,0,0,72.70
1784843553919,0,0,0,72.74
1784843553919,1,0,0,72.58
1784843554056,0,0,0,72.74
1784843554056,1,0,0,72.71
1784843554193,0,0,0,72.76
1784843554193,1,0,0,72.75
1784843554329,0,0,0,72.75
1784843554329,1,0,0,72.63
1784843554465,0,0,0,72.76
1784843554465,1,0,0,72.64
1784843554601,0,0,0,72.75
1784843554601,1,0,0,72.75
1784843554738,0,0,0,72.75
1784843554738,1,0,0,72.65
1784843554875,0,0,0,72.76
1784843554875,1,0,0,72.57
1784843555011,0,0,0,72.75
1784843555011,1,0,0,72.70
1784843555147,0,0,0,72.74
1784843555147,1,0,0,72.61
1784843555283,0,0,0,72.72
1784843555283,1,0,0,72.55
1784843555419,0,0,0,72.73
1784843555419,1,0,0,72.60
1784843555556,0,0,0,72.72
1784843555556,1,0,0,72.63
1784843555693,0,0,0,72.72
1784843555693,1,0,0,72.57
1784843555829,0,0,0,72.67
1784843555829,1,0,0,72.58
1784843555964,0,0,0,72.68
1784843555964,1,0,0,72.70
1784843556101,0,0,0,72.66
1784843556101,1,0,0,72.56
1784843556237,0,0,0,72.66
1784843556237,1,0,0,72.54
1784843556372,0,0,0,72.66
1784843556372,1,0,0,72.69
1784843556508,0,0,0,72.63
1784843556508,1,0,0,72.62
1784843556644,0,0,0,72.64
1784843556644,1,0,0,72.55
1784843556781,0,0,0,72.63
1784843556781,1,0,0,72.67
1784843556918,0,0,0,72.64
1784843556918,1,0,0,72.69
1784843557054,0,0,0,72.62
1784843557054,1,0,0,72.57
1784843557191,0,0,0,72.64
1784843557191,1,0,0,72.62
1784843557326,0,0,0,72.65
1784843557326,1,0,0,72.73
1784843557462,0,0,0,72.65
1784843557462,1,0,0,72.57
1784843557597,0,0,0,72.67
1784843557597,1,0,0,72.58
1784843557733,0,0,0,72.64
1784843557733,1,0,0,72.72
1784843557870,0,0,0,72.66
1784843557870,1,0,0,72.60
1784843558006,0,0,0,72.66
1784843558006,1,0,0,72.57
1784843558142,0,0,0,72.66
1784843558142,1,0,0,72.64
1784843558278,0,0,0,72.67
1784843558278,1,0,0,72.66
1784843558415,0,0,0,72.66
1784843558415,1,0,0,72.59
1784843558550,0,0,0,72.65
1784843558550,1,0,0,72.72
1784843558687,0,0,0,72.65
1784843558687,1,0,0,72.72
1784843558822,0,0,0,72.66
1784843558822,1,0,0,72.61
1784843558959,0,0,0,72.65
1784843558959,1,0,0,72.68
1784843559095,0,0,0,72.66
1784843559095,1,0,0,72.79
1784843559231,0,0,0,72.65
1784843559231,1,0,0,72.66
1784843559368,0,0,0,72.66
1784843559368,1,0,0,72.60
1784843559504,0,0,0,72.65
1784843559504,1,0,0,72.75
1784843559641,0,0,0,72.66
1784843559641,1,0,0,72.70
1784843559777,0,0,0,72.66
1784843559777,1,0,0,72.58
1784843559912,0,0,0,72.67
1784843559912,1,0,0,72.65
1784843560049,0,0,0,72.66
1784843560049,1,0,0,72.59
1784843560186,0,0,0,72.65
1784843560186,1,0,0,72.54
1784843560322,0,0,0,72.66
1784843560322,1,0,0,72.57
1784843560459,0,0,0,72.68
1784843560459,1,0,0,72.65
1784843560595,0,0,0,72.67
1784843560595,1,0,0,72.57
1784843560731,0,0,0,72.68
1784843560731,1,0,0,72.56
1784843560868,0,0,0,72.67
1784843560868,1,0,0,72.71
1784843561004,0,0,0,72.66
1784843561004,1,0,0,72.61
1784843561140,0,0,0,72.66
1784843561140,1,0,0,72.54
1784843561277,0,0,0,72.64
1784843561277,1,0,0,72.68
1784843561413,0,0,0,72.64
1784843561413,1,0,0,72.63
1784843561550,0,0,0,72.63
1784843561550,1,0,0,72.52
1784843561687,0,0,0,72.64
1784843561687,1,0,0,72.60
1784843561824,0,0,0,72.61
1784843561824,1,0,0,72.67
1784843561960,0,0,0,72.61
1784843561960,1,0,0,72.52
1784843562098,0,0,0,72.61
1784843562098,1,0,0,72.55
1784843562236,0,0,0,72.62
1784843562236,1,0,0,72.69
1784843562372,0,0,0,72.61
1784843562372,1,0,0,72.56
1784843562509,0,0,0,72.60
1784843562509,1,0,0,72.56
1784843562646,0,0,0,72.61
1784843562646,1,0,0,72.67
1784843562782,0,0,0,72.63
1784843562782,1,0,0,72.63
1784843562919,0,0,0,72.62
1784843562919,1,0,0,72.59
1784843563055,0,0,0,72.62
1784843563055,1,0,0,72.75
1784843563191,0,0,0,72.60
1784843563191,1,0,0,72.69
1784843563327,0,0,0,72.59
1784843563327,1,0,0,72.59
1784843563462,0,0,0,72.60
1784843563462,1,0,0,72.68
1784843563599,0,0,0,72.60
1784843563599,1,0,0,72.73
1784843563737,0,0,0,72.57
1784843563737,1,0,0,72.61
1784843563873,0,0,0,72.58
1784843563873,1,0,0,72.58
1784843564009,0,0,0,72.56
1784843564009,1,0,0,72.74
1784843564146,0,0,0,72.60
1784843564146,1,0,0,72.66
1784843564283,0,0,0,72.61
1784843564283,1,0,0,72.57
1784843564419,0,0,0,72.61
1784843564419,1,0,0,72.67
1784843564555,0,0,0,72.62
1784843564555,1,0,0,72.64
1784843564692,0,0,0,72.61
1784843564692,1,0,0,72.59
1784843564829,0,0,0,72.64
1784843564829,1,0,0,72.61
1784843564965,0,0,0,72.64
1784843564965,1,0,0,72.69
1784843565101,0,0,0,72.65
1784843565101,1,0,0,72.62
1784843565238,0,0,0,72.64
1784843565238,1,0,0,72.61
1784843565375,0,0,0,72.64
1784843565375,1,0,0,72.77
1784843565510,0,0,0,72.63
1784843565510,1,0,0,72.64
1784843565647,0,0,0,72.63
1784843565647,1,0,0,72.61
1784843565783,0,0,0,72.62
1784843565783,1,0,0,72.78
1784843565918,0,0,0,72.62
1784843565918,1,0,0,72.71
1784843566055,0,0,0,72.62
1784843566055,1,0,0,72.60
1784843566191,0,0,0,72.61
1784843566191,1,0,0,72.71
1784843566328,0,0,0,72.62
1784843566328,1,0,0,72.75
1784843566464,0,0,0,72.63
1784843566464,1,0,0,72.57
1784843566601,0,0,0,72.63
1784843566601,1,0,0,72.60
1784843566738,0,0,0,72.62
1784843566738,1,0,0,72.69
1784843566880,0,0,0,72.61
1784843566880,1,0,0,72.55
1784843567016,0,0,0,72.58
1784843567016,1,0,0,72.54
1784843567153,0,0,0,72.58
1784843567153,1,0,0,72.70
1784843567290,0,0,0,72.57
1784843567290,1,0,0,72.59
1784843567426,0,0,0,72.56
1784843567426,1,0,0,72.55
1784843567562,0,0,0,72.55
1784843567562,1,0,0,72.71
1784843567699,0,0,0,72.54
1784843567699,1,0,0,72.62
1784843567837,0,0,0,72.56
1784843567837,1,0,0,72.52
1784843567973,0,0,0,72.56
1784843567973,1,0,0,72.62
1784843568110,0,0,0,72.57
1784843568110,1,0,0,72.62
1784843568247,0,0,0,72.58
1784843568247,1,0,0,72.49
1784843568384,0,0,0,72.59
1784843568384,1,0,0,72.53
1784843568520,0,0,0,72.59
1784843568520,1,0,0,72.67
1784843568657,0,0,0,72.59
1784843568657,1,0,0,72.54
1784843568793,0,0,0,72.59
1784843568793,1,0,0,72.55
1784843568929,0,0,0,72.60
1784843568929,1,0,0,72.66
1784843569066,0,0,0,72.60
1784843569066,1,0,0,72.57
1784843569203,0,0,0,72.56
1784843569203,1,0,0,72.55
1784843569339,0,0,0,72.57
1784843569339,1,0,0,72.59
1784843569475,0,0,0,72.57
1784843569475,1,0,0,72.63
1784843569612,0,0,0,72.59
1784843569612,1,0,0,72.55
1784843569748,0,0,0,72.59
1784843569748,1,0,0,72.56
1784843569886,0,0,0,72.59
1784843569886,1,0,0,72.71
1784843570021,0,0,0,72.58
1784843570021,1,0,0,72.61
1784843570158,0,0,0,72.57
1784843570158,1,0,0,72.62
1784843570295,0,0,0,72.58
1784843570295,1,0,0,72.75
1784843570436,0,0,0,72.55
1784843570436,1,0,0,72.65
1784843570572,0,0,0,72.58
1784843570572,1,0,0,72.59
1784843570709,0,0,0,72.56
1784843570709,1,0,0,72.71
1784843570845,0,0,0,72.57
1784843570845,1,0,0,72.74
1784843570982,0,0,0,72.59
1784843570982,1,0,0,72.55
1784843571118,0,0,0,72.57
1784843571118,1,0,0,72.59
1784843571255,0,0,0,72.57
1784843571255,1,0,0,72.61
1784843571392,0,0,0,72.57
1784843571392,1,0,0,72.56
1784843571528,0,0,0,72.56
1784843571528,1,0,0,72.56
1784843571665,0,0,0,72.55
1784843571665,1,0,0,72.64
1784843571802,0,0,0,72.56
1784843571802,1,0,0,72.54
1784843571940,0,0,0,72.56
1784843571940,1,0,0,72.51
1784843572077,0,0,0,72.59
1784843572077,1,0,0,72.69
1784843572214,0,0,0,72.59
1784843572214,1,0,0,72.61
1784843572351,0,0,0,72.59
1784843572351,1,0,0,72.53
1784843572487,0,0,0,72.60
1784843572487,1,0,0,72.65
1784843572624,0,0,0,72.59
1784843572624,1,0,0,72.65
1784843572760,0,0,0,72.60
1784843572760,1,0,0,72.54
1784843572896,0,0,0,72.59
1784843572896,1,0,0,72.60
1784843573032,0,0,0,72.58
1784843573032,1,0,0,72.70
1784843573167,0,0,0,72.57
1784843573167,1,0,0,72.53
1784843573303,0,0,0,72.56
1784843573303,1,0,0,72.54
1784843573440,0,0,0,72.55
1784843573440,1,0,0,72.64
1784843573576,0,0,0,72.56
1784843573576,1,0,0,72.56
1784843573713,0,0,0,72.58
1784843573713,1,0,0,72.51
1784843573849,0,0,0,72.56
1784843573849,1,0,0,72.58
1784843573986,0,0,0,72.57
1784843573986,1,0,0,72.61
1784843574123,0,0,0,72.56
1784843574123,1,0,0,72.53
1784843574259,0,0,0,72.56
1784843574259,1,0,0,72.65
1784843574395,0,0,0,72.54
1784843574395,1,0,0,72.66
1784843574531,0,0,0,72.54
1784843574531,1,0,0,72.56
1784843574668,0,0,0,72.54
1784843574668,1,0,0,72.61
1784843574804,0,0,0,72.54
1784843574804,1,0,0,72.71
1784843574941,0,0,0,72.55
1784843574941,1,0,0,72.61
1784843575078,0,0,0,72.54
1784843575078,1,0,0,72.57
1784843575214,0,0,0,72.57
1784843575214,1,0,0,72.68
1784843575352,0,0,0,72.56
1784843575352,1,0,0,72.68
1784843575488,0,0,0,72.57
1784843575488,1,0,0,72.57
1784843575622,0,0,0,72.57
1784843575622,1,0,0,72.61
1784843575759,0,0,0,72.56
1784843575759,1,0,0,72.62
1784843575895,0,0,0,72.58
1784843575895,1,0,0,72.56
1784843576032,0,0,0,72.56
1784843576032,1,0,0,72.56
1784843576169,0,0,0,72.55
1784843576169,1,0,0,72.71
1784843576306,0,0,0,72.54
1784843576306,1,0,0,72.59
1784843576444,0,0,0,72.55
1784843576444,1,0,0,72.57
1784843576581,0,0,0,72.55
1784843576581,1,0,0,72.75
1784843576718,0,0,0,72.58
1784843576718,1,0,0,72.65
1784843576855,0,0,0,72.57
1784843576855,1,0,0,72.60
1784843576992,0,0,0,72.57
1784843576992,1,0,0,72.74
1784843577128,0,0,0,72.57
1784843577128,1,0,0,72.71
1784843577265,0,0,0,72.59
1784843577265,1,0,0,72.58
1784843577403,0,0,0,72.60
1784843577403,1,0,0,72.66
1784843577540,0,0,0,72.57
1784843577540,1,0,0,72.75
1784843577676,0,0,0,72.59
1784843577676,1,0,0,72.57
1784843577813,0,0,0,72.57
1784843577813,1,0,0,72.58
1784843577949,0,0,0,72.58
1784843577949,1,0,0,72.69
1784843578086,0,0,0,72.57
1784843578086,1,0,0,72.54
1784843578222,0,0,0,72.59
1784843578222,1,0,0,72.52
1784843578358,0,0,0,72.57
1784843578358,1,0,0,72.68
1784843578494,0,0,0,72.57
1784843578494,1,0,0,72.59
1784843578630,0,0,0,72.56
1784843578630,1,0,0,72.54
1784843578767,0,0,0,72.56
1784843578767,1,0,0,72.67
1784843578903,0,0,0,72.57
1784843578903,1,0,0,72.66
1784843579040,0,0,0,72.57
1784843579040,1,0,0,72.57
1784843579176,0,0,0,72.56
1784843579176,1,0,0,72.60
1784843579313,0,0,0,72.56
1784843579313,1,0,0,72.69
1784843579449,0,0,0,72.57
1784843579449,1,0,0,72.60
1784843579585,0,0,0,72.59
1784843579585,1,0,0,72.53
1784843579722,0,0,0,72.60
1784843579722,1,0,0,72.66
1784843579859,0,0,0,72.57
1784843579859,1,0,0,72.56
1784843579996,0,0,0,72.58
1784843579996,1,0,0,72.54
1784843580133,0,0,0,72.61
1784843580133,1,0,0,72.62
1784843580271,0,0,0,72.59
1784843580271,1,0,0,72.62
1784843580409,0,0,0,72.57
1784843580409,1,0,0,72.56
1784843580545,0,0,0,72.57
1784843580545,1,0,0,72.56
1784843580681,0,0,0,72.58
1784843580681,1,0,0,72.68
1784843580818,0,0,0,72.59
1784843580818,1,0,0,72.54
1784843580954,0,0,0,72.60
1784843580954,1,0,0,72.50
1784843581088,0,0,0,72.61
1784843581088,1,0,0,72.69
1784843581226,0,0,0,72.60
1784843581226,1,0,0,72.57
1784843581362,0,0,0,72.62
1784843581362,1,0,0,72.55
1784843581499,0,0,0,72.63
1784843581499,1,0,0,72.66
1784843581635,0,0,0,72.62
1784843581635,1,0,0,72.64
1784843581771,0,0,0,72.62
1784843581771,1,0,0,72.51
1784843581907,0,0,0,72.59
1784843581907,1,0,0,72.57
1784843582044,0,0,0,72.60
1784843582044,1,0,0,72.68
1784843582180,0,0,0,72.59
1784843582180,1,0,0,72.53
1784843582317,0,0,0,72.61
1784843582317,1,0,0,72.52
1784843582452,0,0,0,72.59
1784843582452,1,0,0,72.66
1784843582588,0,0,0,72.59
1784843582588,1,0,0,72.56
1784843582725,0,0,0,72.59
1784843582725,1,0,0,72.54
1784843582862,0,0,0,72.59
1784843582862,1,0,0,72.71
1784843582999,0,0,0,72.58
1784843582999,1,0,0,72.59
1784843583135,0,0,0,72.61
1784843583135,1,0,0,72.53
1784843583272,0,0,0,72.61
1784843583272,1,0,0,72.67
1784843583409,0,0,0,72.61
1784843583409,1,0,0,72.64
1784843583547,0,0,0,72.63
1784843583547,1,0,0,72.53
1784843583683,0,0,0,72.63
1784843583683,1,0,0,72.59
1784843583820,0,0,0,72.65
1784843583820,1,0,0,72.68
1784843583957,0,0,0,72.66
1784843583957,1,0,0,72.52
1784843584094,0,0,0,72.66
1784843584094,1,0,0,72.55
1784843584231,0,0,0,72.62
1784843584231,1,0,0,72.66
1784843584368,0,0,0,72.64
1784843584368,1,0,0,72.56
1784843584505,0,0,0,72.64
1784843584505,1,0,0,72.54
1784843584642,0,0,0,72.63
1784843584642,1,0,0,72.59
1784843584778,0,0,0,72.63
1784843584778,1,0,0,72.60
1784843584915,0,0,0,72.61
1784843584915,1,0,0,72.55
1784843585051,0,0,0,72.62
1784843585051,1,0,0,72.55
1784843585188,0,0,0,72.61
1784843585188,1,0,0,72.65
1784843585324,0,0,0,72.63
1784843585324,1,0,0,72.55
1784843585461,0,0,0,72.62
1784843585461,1,0,0,72.58
1784843585598,0,0,0,72.63
1784843585598,1,0,0,72.68
1784843585734,0,0,0,72.63
1784843585734,1,0,0,72.61
1784843585870,0,0,0,72.64
1784843585870,1,0,0,72.54
1784843586007,0,0,0,72.64
1784843586007,1,0,0,72.66
1784843586144,0,0,0,72.61
1784843586144,1,0,0,72.66
1784843586279,0,0,0,72.62
1784843586279,1,0,0,72.53
1784843586417,0,0,0,72.60
1784843586417,1,0,0,72.58
1784843586554,0,0,0,72.61
1784843586554,1,0,0,72.70
1784843586690,0,0,0,72.62
1784843586690,1,0,0,72.53
1784843586826,0,0,0,72.62
1784843586826,1,0,0,72.53
1784843586962,0,0,0,72.61
1784843586962,1,0,0,72.65
1784843587098,0,0,0,72.62
1784843587098,1,0,0,72.55
1784843587250,0,0,0,72.62
1784843587250,1,0,0,72.52
1784843587386,0,0,0,72.60
1784843587386,1,0,0,72.72
1784843587523,0,0,0,72.60
1784843587523,1,0,0,72.64
1784843587658,0,0,0,72.60
1784843587658,1,0,0,72.58
1784843587796,0,0,0,72.60
1784843587796,1,0,0,72.70
1784843587932,0,0,0,72.63
1784843587932,1,0,0,72.73
1784843588068,0,0,0,72.64
1784843588068,1,0,0,72.58
1784843588205,0,0,0,72.63
1784843588205,1,0,0,72.64
1784843588341,0,0,0,72.62
1784843588341,1,0,0,72.75
1784843588477,0,0,0,72.60
1784843588477,1,0,0,72.58
1784843588613,0,0,0,72.60
1784843588613,1,0,0,72.58
1784843588750,0,0,0,72.60
1784843588750,1,0,0,72.69
1784843588887,0,0,0,72.58
1784843588887,1,0,0,72.58
1784843589025,0,0,0,72.60
1784843589025,1,0,0,72.54
1784843589160,0,0,0,72.60
1784843589160,1,0,0,72.69
1784843589297,0,0,0,72.61
1784843589297,1,0,0,72.58
1784843589434,0,0,0,72.62
1784843589434,1,0,0,72.51
1784843589570,0,0,0,72.61
1784843589570,1,0,0,72.62
1784843589707,0,0,0,72.62
1784843589707,1,0,0,72.64
1784843589843,0,0,0,72.62
1784843589843,1,0,0,72.53
1784843589980,0,0,0,72.62
1784843589980,1,0,0,72.56
1784843590115,0,0,0,72.61
1784843590115,1,0,0,72.67
1784843590252,0,0,0,72.62
1784843590252,1,0,0,72.60
1784843590389,0,0,0,72.63
1784843590389,1,0,0,72.52
1784843590525,0,0,0,72.63
1784843590525,1,0,0,72.62
1784843590661,0,0,0,72.64
1784843590661,1,0,0,72.54
1784843590798,0,0,0,72.64
1784843590798,1,0,0,72.51
1784843590934,0,0,0,72.66
1784843590934,1,0,0,72.55
1784843591071,0,0,0,72.67
1784843591071,1,0,0,72.60
1784843591208,0,0,0,72.67
1784843591208,1,0,0,72.54
1784843591345,0,0,0,72.63
1784843591345,1,0,0,72.53
1784843591482,0,0,0,72.64
1784843591482,1,0,0,72.68
1784843591619,0,0,0,72.62
1784843591619,1,0,0,72.58
1784843591756,0,0,0,72.62
1784843591756,1,0,0,72.54
1784843591893,0,0,0,72.62
1784843591893,1,0,0,72.71
1784843592030,0,0,0,72.61
1784843592030,1,0,0,72.65
1784843592168,0,0,0,72.62
1784843592168,1,0,0,72.54
1784843592305,0,0,0,72.62
1784843592305,1,0,0,72.64
1784843592443,0,0,0,72.64
1784843592443,1,0,0,72.70
1784843592579,0,0,0,72.63
1784843592579,1,0,0,72.54
1784843592717,0,0,0,72.61
1784843592717,1,0,0,72.59
1784843592854,0,0,0,72.60
1784843592854,1,0,0,72.72
1784843592991,0,0,0,72.60
1784843592991,1,0,0,72.56
1784843593128,0,0,0,72.58
1784843593128,1,0,0,72.56
1784843593265,0,0,0,72.58
1784843593265,1,0,0,72.73
1784843593401,0,0,0,72.60
1784843593401,1,0,0,72.61
1784843593539,0,0,0,72.60
1784843593539,1,0,0,72.57
1784843593676,0,0,0,72.64
1784843593676,1,0,0,72.74
1784843593813,0,0,0,72.66
1784843593813,1,0,0,72.68
1784843593950,0,0,0,72.66
1784843593950,1,0,0,72.58
1784843594087,0,0,0,72.65
1784843594087,1,0,0,72.69
1784843594225,0,0,0,72.67
1784843594225,1,0,0,72.71
1784843594361,0,0,0,72.65
1784843594361,1,0,0,72.58
1784843594499,0,0,0,72.65
1784843594499,1,0,0,72.64
1784843594635,0,0,0,72.67
1784843594635,1,0,0,72.75
1784843594772,0,0,0,72.64
1784843594772,1,0,0,72.59
1784843594909,0,0,0,72.66
1784843594909,1,0,0,72.60
1784843595045,0,0,0,72.68
1784843595045,1,0,0,72.66
1784843595181,0,0,0,72.68
1784843595181,1,0,0,72.60
1784843595316,0,0,0,72.69
1784843595316,1,0,0,72.56
1784843595453,0,0,0,72.69
1784843595453,1,0,0,72.59
1784843595590,0,0,0,72.70
1784843595590,1,0,0,72.65
1784843595727,0,0,0,72.72
1784843595727,1,0,0,72.57
1784843595864,0,0,0,72.71
1784843595864,1,0,0,72.65
1784843596001,0,0,0,72.71
1784843596001,1,0,0,72.72
1784843596138,0,0,0,72.72
1784843596138,1,0,0,72.62
1784843596274,0,0,0,72.70
1784843596274,1,0,0,72.62
1784843596410,0,0,0,72.71
1784843596410,1,0,0,72.72
1784843596546,0,0,0,72.70
1784843596546,1,0,0,72.68
1784843596683,0,0,0,72.70
1784843596683,1,0,0,72.57
1784843596820,0,0,0,72.72
1784843596820,1,0,0,72.67
1784843596957,0,0,0,72.72
1784843596957,1,0,0,72.74
1784843597093,0,0,0,72.73
1784843597093,1,0,0,72.59
1784843597229,0,0,0,72.73
1784843597229,1,0,0,72.62
1784843597366,0,0,0,72.73
1784843597366,1,0,0,72.71
1784843597503,0,0,0,72.71
1784843597503,1,0,0,72.64
1784843597638,0,0,0,72.72
1784843597638,1,0,0,72.62
1784843597774,0,0,0,72.71
1784843597774,1,0,0,72.79
1784843597910,0,0,0,72.70
1784843597910,1,0,0,72.68
1784843598047,0,0,0,72.70
1784843598047,1,0,0,72.62
1784843598183,0,0,0,72.70
1784843598183,1,0,0,72.76
1784843598320,0,0,0,72.72
1784843598320,1,0,0,72.74
1784843598456,0,0,0,72.72
1784843598456,1,0,0,72.64
1784843598592,0,0,0,72.73
1784843598592,1,0,0,72.70
1784843598729,0,0,0,72.70
1784843598729,1,0,0,72.78
1784843598865,0,0,0,72.71
1784843598865,1,0,0,72.62
1784843599002,0,0,0,72.70
1784843599002,1,0,0,72.64
1784843599139,0,0,0,72.69
1784843599139,1,0,0,72.78
1784843599276,0,0,0,72.71
1784843599276,1,0,0,72.64
1784843599412,0,0,0,72.69
1784843599412,1,0,0,72.62
1784843599549,0,0,0,72.71
1784843599549,1,0,0,72.72
1784843599685,0,0,0,72.72
1784843599685,1,0,0,72.68
1784843599820,0,0,0,72.74
1784843599820,1,0,0,72.62
1784843599955,0,0,0,72.73
1784843599955,1,0,0,72.66
1784843600091,0,0,0,72.76
1784843600091,1,0,0,72.78
1784843600228,0,0,0,72.77
1784843600228,1,0,0,72.66
1784843600364,0,0,0,72.77
1784843600364,1,0,0,72.73
1784843600502,0,0,0,72.81
1784843600502,1,0,0,72.78
1784843600638,0,0,0,72.81
1784843600638,1,0,0,72.69
1784843600774,0,0,0,72.82
1784843600774,1,0,0,72.66
1784843600911,0,0,0,72.82
1784843600911,1,0,0,72.76
1784843601048,0,0,0,72.82
1784843601048,1,0,0,72.73
1784843601185,0,0,0,72.81
1784843601185,1,0,0,72.63
1784843601321,0,0,0,72.83
1784843601321,1,0,0,72.68
1784843601458,0,0,0,72.81
1784843601458,1,0,0,72.75
1784843601595,0,0,0,72.82
1784843601595,1,0,0,72.58
1784843601732,0,0,0,72.85
1784843601732,1,0,0,72.59
1784843601870,0,0,0,72.85
1784843601870,1,0,0,72.66
1784843602006,0,0,0,72.85
1784843602006,1,0,0,72.56
1784843602144,0,0,0,72.86
1784843602144,1,0,0,72.56
1784843602280,0,0,0,72.86
1784843602280,1,0,0,72.70
1784843602417,0,0,0,72.83
1784843602417,1,0,0,72.60
1784843602553,0,0,0,72.82
1784843602553,1,0,0,72.58
1784843602690,0,0,0,72.82
1784843602690,1,0,0,72.74
1784843602826,0,0,0,72.83
1784843602826,1,0,0,72.71
1784843602963,0,0,0,72.83
1784843602963,1,0,0,72.65
1784843603100,0,0,0,72.82
1784843603100,1,0,0,72.72
1784843603236,0,0,0,72.81
1784843603236,1,0,0,72.78
1784843603373,0,0,0,72.83
1784843603373,1,0,0,72.67
1784843603509,0,0,0,72.82
1784843603509,1,0,0,72.69
1784843603645,0,0,0,72.81
1784843603645,1,0,0,72.83
1784843603783,0,0,0,72.80
1784843603783,1,0,0,72.69
1784843603920,0,0,0,72.79
1784843603920,1,0,0,72.68
1784843604056,0,0,0,72.82
1784843604056,1,0,0,72.75
1784843604194,0,0,0,72.80
1784843604194,1,0,0,72.73
1784843604330,0,0,0,72.81
1784843604330,1,0,0,72.68
1784843604466,0,0,0,72.81
1784843604466,1,0,0,72.83
1784843604603,0,0,0,72.80
1784843604603,1,0,0,72.77
1784843604739,0,0,0,72.82
1784843604739,1,0,0,72.69
1784843604875,0,0,0,72.82
1784843604875,1,0,0,72.77
1784843605011,0,0,0,72.83
1784843605011,1,0,0,72.85
1784843605148,0,0,0,72.83
1784843605148,1,0,0,72.75
1784843605284,0,0,0,72.83
1784843605284,1,0,0,72.72
1784843605421,0,0,0,72.84
1784843605421,1,0,0,72.86
1784843605558,0,0,0,72.86
1784843605558,1,0,0,72.82
1784843605695,0,0,0,72.86
1784843605695,1,0,0,72.71
1784843605831,0,0,0,72.85
1784843605831,1,0,0,72.78
1784843605967,0,0,0,72.86
1784843605967,1,0,0,72.78
1784843606104,0,0,0,72.85
1784843606104,1,0,0,72.72
1784843606240,0,0,0,72.89
1784843606240,1,0,0,72.75
1784843606376,0,0,0,72.88
1784843606376,1,0,0,72.84
1784843606512,0,0,0,72.88
1784843606512,1,0,0,72.71
1784843606650,0,0,0,72.88
1784843606650,1,0,0,72.71
1784843606786,0,0,0,72.88
1784843606786,1,0,0,72.85
1784843606923,0,0,0,72.87
1784843606923,1,0,0,72.75
1784843607059,0,0,0,72.89
1784843607059,1,0,0,72.68
1784843607195,0,0,0,72.90
1784843607195,1,0,0,72.79
1784843607331,0,0,0,72.91
1784843607331,1,0,0,72.78
1784843607467,0,0,0,72.93
1784843607467,1,0,0,72.66
1784843607608,0,0,0,72.92
1784843607608,1,0,0,72.72
1784843607744,0,0,0,72.93
1784843607744,1,0,0,72.81
1784843607881,0,0,0,72.93
1784843607881,1,0,0,72.69
1784843608016,0,0,0,72.93
1784843608016,1,0,0,72.71
1784843608153,0,0,0,72.91
1784843608153,1,0,0,72.82
1784843608289,0,0,0,72.90
1784843608289,1,0,0,72.72
1784843608426,0,0,0,72.89
1784843608426,1,0,0,72.69
1784843608563,0,0,0,72.88
1784843608563,1,0,0,72.75
1784843608699,0,0,0,72.91
1784843608699,1,0,0,72.78
1784843608837,0,0,0,72.90
1784843608837,1,0,0,72.70
1784843608973,0,0,0,72.92
1784843608973,1,0,0,72.82
1784843609109,0,0,0,72.93
1784843609109,1,0,0,72.83
1784843609245,0,0,0,72.92
1784843609245,1,0,0,72.73
1784843609381,0,0,0,72.91
1784843609381,1,0,0,72.74
1784843609517,0,0,0,72.90
1784843609517,1,0,0,72.86
1784843609654,0,0,0,72.91
1784843609654,1,0,0,72.78
1784843609790,0,0,0,72.89
1784843609790,1,0,0,72.71
1784843609926,0,0,0,72.87
1784843609926,1,0,0,72.83
1784843610063,0,0,0,72.86
1784843610063,1,0,0,72.86
1784843610199,0,0,0,72.88
1784843610199,1,0,0,72.71
1784843610337,0,0,0,72.87
1784843610337,1,0,0,72.76
1784843610475,0,0,0,72.89
1784843610475,1,0,0,72.79
1784843610612,0,0,0,72.90
1784843610612,1,0,0,72.72
1784843610748,0,0,0,72.88
1784843610748,1,0,0,72.72
1784843610884,0,0,0,72.91
1784843610884,1,0,0,72.89
1784843611021,0,0,0,72.90
1784843611021,1,0,0,72.78
1784843611156,0,0,0,72.91
1784843611156,1,0,0,72.77
1784843611292,0,0,0,72.91
1784843611292,1,0,0,72.93
1784843611428,0,0,0,72.93
1784843611428,1,0,0,72.84
1784843611564,0,0,0,72.92
1784843611564,1,0,0,72.79
1784843611702,0,0,0,72.92
1784843611702,1,0,0,72.91
1784843611838,0,0,0,72.95
1784843611838,1,0,0,72.93
1784843611974,0,0,0,72.95
1784843611974,1,0,0,72.77
1784843612110,0,0,0,72.96
1784843612110,1,0,0,72.81
1784843612247,0,0,0,72.95
1784843612247,1,0,0,72.92
1784843612384,0,0,0,72.94
1784843612384,1,0,0,72.75
1784843612521,0,0,0,72.92
1784843612521,1,0,0,72.75
1784843612657,0,0,0,72.93
1784843612657,1,0,0,72.84
1784843612793,0,0,0,72.92
1784843612793,1,0,0,72.73
1784843612930,0,0,0,72.91
1784843612930,1,0,0,72.71
1784843613066,0,0,0,72.91
1784843613066,1,0,0,72.74
1784843613204,0,0,0,72.90
1784843613204,1,0,0,72.79
1784843613340,0,0,0,72.95
1784843613340,1,0,0,72.71
1784843613475,0,0,0,72.95
1784843613475,1,0,0,72.81
1784843613611,0,0,0,72.96
1784843613611,1,0,0,72.83
1784843613747,0,0,0,72.96
1784843613747,1,0,0,72.74
1784843613883,0,0,0,72.97
1784843613883,1,0,0,72.75
1784843614019,0,0,0,72.98
1784843614019,1,0,0,72.85
1784843614155,0,0,0,72.98
1784843614155,1,0,0,72.78
1784843614291,0,0,0,72.99
1784843614291,1,0,0,72.68
1784843614427,0,0,0,72.96
1784843614427,1,0,0,72.78
1784843614564,0,0,0,72.96
1784843614564,1,0,0,72.85
1784843614700,0,0,0,72.95
1784843614700,1,0,0,72.69
1784843614837,0,0,0,72.98
1784843614837,1,0,0,72.72
1784843614973,0,0,0,72.98
1784843614973,1,0,0,72.81
1784843615109,0,0,0,73.00
1784843615109,1,0,0,72.73
1784843615246,0,0,0,72.99
1784843615246,1,0,0,72.72
1784843615382,0,0,0,73.01
1784843615382,1,0,0,72.85
1784843615519,0,0,0,73.01
1784843615519,1,0,0,72.77
1784843615655,0,0,0,73.01
1784843615655,1,0,0,72.73
1784843615791,0,0,0,73.01
1784843615791,1,0,0,72.88
1784843615927,0,0,0,72.99
1784843615927,1,0,0,72.82
1784843616063,0,0,0,72.98
1784843616063,1,0,0,72.76
1784843616199,0,0,0,72.98
1784843616199,1,0,0,72.83
1784843616336,0,0,0,72.98
1784843616336,1,0,0,72.90
1784843616471,0,0,0,72.98
1784843616471,1,0,0,72.75
1784843616608,0,0,0,72.98
1784843616608,1,0,0,72.76
1784843616744,0,0,0,73.03
1784843616744,1,0,0,72.93
1784843616880,0,0,0,73.03
1784843616880,1,0,0,72.77
1784843617016,0,0,0,73.04
1784843617016,1,0,0,72.74
1784843617153,0,0,0,73.02
1784843617153,1,0,0,72.84
1784843617289,0,0,0,73.03
1784843617289,1,0,0,72.79
1784843617425,0,0,0,73.00
1784843617425,1,0,0,72.76
1784843617561,0,0,0,73.01
1784843617561,1,0,0,72.78
1784843617698,0,0,0,73.00
1784843617698,1,0,0,72.87
1784843617833,0,0,0,72.97
1784843617833,1,0,0,72.77
1784843617970,0,0,0,72.98
1784843617970,1,0,0,72.78
1784843618108,0,0,0,73.00
1784843618108,1,0,0,72.94
1784843618244,0,0,0,72.99
1784843618244,1,0,0,72.84
1784843618380,0,0,0,73.00
1784843618380,1,0,0,72.81
1784843618515,0,0,0,73.02
1784843618515,1,0,0,72.94
1784843618652,0,0,0,72.99
1784843618652,1,0,0,72.89
1784843618789,0,0,0,73.01
1784843618789,1,0,0,72.78
1784843618926,0,0,0,73.03
1784843618926,1,0,0,72.87
1784843619061,0,0,0,73.00
1784843619061,1,0,0,72.92
1784843619198,0,0,0,73.03
1784843619198,1,0,0,72.72
1784843619334,0,0,0,72.99
1784843619334,1,0,0,72.73
1784843619470,0,0,0,73.00
1784843619470,1,0,0,72.86
1784843619607,0,0,0,73.00
1784843619607,1,0,0,72.70
1784843619743,0,0,0,73.02
1784843619743,1,0,0,72.68
1784843619880,0,0,0,72.99
1784843619880,1,0,0,72.85
1784843620016,0,0,0,73.00
1784843620016,1,0,0,72.74
1784843620153,0,0,0,73.02
1784843620153,1,0,0,72.71
1784843620289,0,0,0,73.03
1784843620289,1,0,0,72.89
1784843620426,0,0,0,73.06
1784843620426,1,0,0,72.85
1784843620562,0,0,0,73.04
1784843620562,1,0,0,72.78
1784843620698,0,0,0,73.04
1784843620698,1,0,0,72.84
1784843620836,0,0,0,73.05
1784843620836,1,0,0,72.93
1784843620972,0,0,0,73.07
1784843620972,1,0,0,72.77
1784843621110,0,0,0,73.07
1784843621110,1,0,0,72.78
1784843621246,0,0,0,73.05
1784843621246,1,0,0,72.89
1784843621383,0,0,0,73.04
1784843621383,1,0,0,72.76
1784843621520,0,0,0,73.03
1784843621520,1,0,0,72.73
1784843621656,0,0,0,73.03
1784843621656,1,0,0,72.80
1784843621792,0,0,0,73.01
1784843621792,1,0,0,72.81
1784843621928,0,0,0,73.01
1784843621928,1,0,0,72.75
1784843622065,0,0,0,72.98
1784843622065,1,0,0,72.75
1784843622202,0,0,0,73.00
1784843622202,1,0,0,72.88
1784843622338,0,0,0,72.97
1784843622338,1,0,0,72.78
1784843622474,0,0,0,72.94
1784843622474,1,0,0,72.83
1784843622612,0,0,0,72.95
1784843622612,1,0,0,72.95
1784843622748,0,0,0,72.94
1784843622748,1,0,0,72.83
1784843622890,0,0,0,72.93
1784843622890,1,0,0,72.78
1784843623026,0,0,0,72.91
1784843623026,1,0,0,72.94
1784843623162,0,0,0,72.92
1784843623162,1,0,0,72.88
1784843623298,0,0,0,72.92
1784843623298,1,0,0,72.75
1784843623435,0,0,0,72.97
1784843623435,1,0,0,72.81
1784843623570,0,0,0,72.99
1784843623570,1,0,0,72.88
1784843623707,0,0,0,72.98
1784843623707,1,0,0,72.70
1784843623843,0,0,0,73.00
1784843623843,1,0,0,72.70
1784843623978,0,0,0,73.00
1784843623978,1,0,0,72.78
1784843624115,0,0,0,73.03
1784843624115,1,0,0,72.63
1784843624251,0,0,0,73.02
1784843624251,1,0,0,72.62
1784843624388,0,0,0,73.05
1784843624388,1,0,0,72.74
1784843624524,0,0,0,73.05
1784843624524,1,0,0,72.64
1784843624661,0,0,0,73.05
1784843624661,1,0,0,72.58
1784843624797,0,0,0,73.06
1784843624797,1,0,0,72.70
1784843624935,0,0,0,73.05
1784843624935,1,0,0,72.68
1784843625071,0,0,0,73.05
1784843625071,1,0,0,72.59
1784843625208,0,0,0,73.04
1784843625208,1,0,0,72.61
1784843625344,0,0,0,73.03
1784843625344,1,0,0,72.72
1784843625480,0,0,0,73.01
1784843625480,1,0,0,72.55
1784843625616,0,0,0,73.03
1784843625616,1,0,0,72.58
1784843625753,0,0,0,73.00
1784843625753,1,0,0,72.70
1784843625890,0,0,0,73.04
1784843625890,1,0,0,72.59
1784843626027,0,0,0,73.06
1784843626027,1,0,0,72.57
1784843626163,0,0,0,73.04
1784843626163,1,0,0,72.64
1784843626299,0,0,0,73.05
1784843626299,1,0,0,72.64
1784843626436,0,0,0,73.04
1784843626436,1,0,0,72.56
1784843626571,0,0,0,73.04
1784843626571,1,0,0,72.57
1784843626707,0,0,0,73.06
1784843626707,1,0,0,72.69
1784843626843,0,0,0,73.04
1784843626843,1,0,0,72.57
1784843626979,0,0,0,73.01
1784843626979,1,0,0,72.57
1784843627115,0,0,0,73.03
1784843627115,1,0,0,72.68
1784843627252,0,0,0,73.01
1784843627252,1,0,0,72.58
1784843627389,0,0,0,73.00
1784843627389,1,0,0,72.53
1784843627525,0,0,0,73.00
1784843627525,1,0,0,72.65
1784843627661,0,0,0,72.97
1784843627661,1,0,0,72.67
1784843627798,0,0,0,72.98
1784843627798,1,0,0,72.56
1784843627936,0,0,0,72.98
1784843627936,1,0,0,72.60
1784843628073,0,0,0,72.98
1784843628073,1,0,0,72.75
1784843628210,0,0,0,72.99
1784843628210,1,0,0,72.60
1784843628346,0,0,0,72.97
1784843628346,1,0,0,72.61
1784843628482,0,0,0,72.96
1784843628482,1,0,0,72.76
1784843628619,0,0,0,72.96
1784843628619,1,0,0,72.63
1784843628755,0,0,0,72.94
1784843628755,1,0,0,72.60
1784843628892,0,0,0,72.91
1784843628892,1,0,0,72.77
1784843629028,0,0,0,72.91
1784843629028,1,0,0,72.65
1784843629164,0,0,0,72.93
1784843629164,1,0,0,72.57
1784843629300,0,0,0,72.94
1784843629300,1,0,0,72.70
1784843629437,0,0,0,72.98
1784843629437,1,0,0,72.71
1784843629573,0,0,0,72.97
1784843629573,1,0,0,72.58
1784843629709,0,0,0,72.97
1784843629709,1,0,0,72.61
1784843629846,0,0,0,72.97
1784843629846,1,0,0,72.70
1784843629982,0,0,0,72.99
1784843629982,1,0,0,72.52
1784843630118,0,0,0,72.97
1784843630118,1,0,0,72.54
1784843630255,0,0,0,72.96
1784843630255,1,0,0,72.64
1784843630392,0,0,0,72.94
1784843630392,1,0,0,72.54
1784843630529,0,0,0,72.92
1784843630529,1,0,0,72.50
1784843630665,0,0,0,72.96
1784843630665,1,0,0,72.54
1784843630802,0,0,0,72.96
1784843630802,1,0,0,72.58
1784843630939,0,0,0,72.94
1784843630939,1,0,0,72.50
1784843631077,0,0,0,72.94
1784843631077,1,0,0,72.52
1784843631214,0,0,0,72.95
1784843631214,1,0,0,72.64
1784843631350,0,0,0,72.93
1784843631350,1,0,0,72.53
1784843631487,0,0,0,72.94
1784843631487,1,0,0,72.49
1784843631624,0,0,0,72.93
1784843631624,1,0,0,72.62
1784843631761,0,0,0,72.94
1784843631761,1,0,0,72.57
1784843631898,0,0,0,72.95
1784843631898,1,0,0,72.46
1784843632034,0,0,0,72.96
1784843632034,1,0,0,72.57
1784843632171,0,0,0,72.98
1784843632171,1,0,0,72.62
1784843632307,0,0,0,72.97
1784843632307,1,0,0,72.46
1784843632443,0,0,0,72.99
1784843632443,1,0,0,72.53
1784843632580,0,0,0,72.99
1784843632580,1,0,0,72.60
1784843632717,0,0,0,72.98
1784843632717,1,0,0,72.50
1784843632854,0,0,0,72.97
1784843632854,1,0,0,72.51
1784843632990,0,0,0,72.99
1784843632990,1,0,0,72.66
1784843633126,0,0,0,72.99
1784843633126,1,0,0,72.57
1784843633263,0,0,0,72.95
1784843633263,1,0,0,72.52
1784843633399,0,0,0,72.96
1784843633399,1,0,0,72.68
1784843633535,0,0,0,72.95
1784843633535,1,0,0,72.62
1784843633671,0,0,0,72.93
1784843633671,1,0,0,72.55
1784843633807,0,0,0,72.93
1784843633807,1,0,0,72.64
1784843633943,0,0,0,72.91
1784843633943,1,0,0,72.69
1784843634079,0,0,0,72.90
1784843634079,1,0,0,72.54
1784843634217,0,0,0,72.89
1784843634217,1,0,0,72.59
1784843634355,0,0,0,72.88
1784843634355,1,0,0,72.72
1784843634492,0,0,0,72.87
1784843634492,1,0,0,72.60
1784843634629,0,0,0,72.89
1784843634629,1,0,0,72.57
1784843634765,0,0,0,72.88
1784843634765,1,0,0,72.69
1784843634902,0,0,0,72.89
1784843634902,1,0,0,72.59
1784843635038,0,0,0,72.90
1784843635038,1,0,0,72.55
1784843635175,0,0,0,72.91
1784843635175,1,0,0,72.58
1784843635312,0,0,0,72.91
1784843635312,1,0,0,72.64
1784843635448,0,0,0,72.89
1784843635448,1,0,0,72.53
1784843635585,0,0,0,72.88
1784843635585,1,0,0,72.64
1784843635722,0,0,0,72.87
1784843635722,1,0,0,72.64
1784843635859,0,0,0,72.86
1784843635859,1,0,0,72.54
1784843635994,0,0,0,72.87
1784843635994,1,0,0,72.54
1784843636130,0,0,0,72.88
1784843636130,1,0,0,72.66
1784843636268,0,0,0,72.87
1784843636268,1,0,0,72.60
1784843636404,0,0,0,72.89
1784843636404,1,0,0,72.50
1784843636541,0,0,0,72.90
1784843636541,1,0,0,72.58
1784843636678,0,0,0,72.90
1784843636678,1,0,0,72.60
1784843636814,0,0,0,72.88
1784843636814,1,0,0,72.47
1784843636950,0,0,0,72.88
1784843636950,1,0,0,72.50
1784843637087,0,0,0,72.86
1784843637087,1,0,0,72.54
1784843637224,0,0,0,72.85
1784843637224,1,0,0,72.44
1784843637360,0,0,0,72.86
1784843637360,1,0,0,72.42
1784843637497,0,0,0,72.85
1784843637497,1,0,0,72.60
1784843637633,0,0,0,72.85
1784843637633,1,0,0,72.47
1784843637771,0,0,0,72.87
1784843637771,1,0,0,72.42
1784843637908,0,0,0,72.89
1784843637908,1,0,0,72.60
1784843638044,0,0,0,72.87
1784843638044,1,0,0,72.53
1784843638184,0,0,0,72.88
1784843638184,1,0,0,72.44
1784843638321,0,0,0,72.88
1784843638321,1,0,0,72.55
1784843638456,0,0,0,72.89
1784843638456,1,0,0,72.59
1784843638594,0,0,0,72.88
1784843638594,1,0,0,72.44
1784843638730,0,0,0,72.87
1784843638730,1,0,0,72.48
1784843638867,0,0,0,72.88
1784843638867,1,0,0,72.61
1784843639004,0,0,0,72.86
1784843639004,1,0,0,72.47
1784843639141,0,0,0,72.88
1784843639141,1,0,0,72.48
1784843639278,0,0,0,72.88
1784843639278,1,0,0,72.58
1784843639414,0,0,0,72.87
1784843639414,1,0,0,72.53
1784843639549,0,0,0,72.85
1784843639549,1,0,0,72.50
1784843639686,0,0,0,72.85
1784843639686,1,0,0,72.66
1784843639823,0,0,0,72.85
1784843639823,1,0,0,72.61
1784843639959,0,0,0,72.84
1784843639959,1,0,0,72.50
1784843640096,0,0,0,72.82
1784843640096,1,0,0,72.61
1784843640233,0,0,0,72.81
1784843640233,1,0,0,72.67
1784843640369,0,0,0,72.81
1784843640369,1,0,0,72.60
1784843640506,0,0,0,72.82
1784843640506,1,0,0,72.61
1784843640642,0,0,0,72.81
1784843640642,1,0,0,72.76
1784843640779,0,0,0,72.82
1784843640779,1,0,0,72.72
1784843640915,0,0,0,72.81
1784843640915,1,0,0,72.65
1784843641052,0,0,0,72.80
1784843641052,1,0,0,72.77
1784843641188,0,0,0,72.79
1784843641188,1,0,0,72.72
1784843641324,0,0,0,72.80
1784843641324,1,0,0,72.66
1784843641459,0,0,0,72.78
1784843641459,1,0,0,72.67
1784843641595,0,0,0,72.80
1784843641595,1,0,0,72.74
1784843641732,0,0,0,72.79
1784843641732,1,0,0,72.63
1784843641868,0,0,0,72.80
1784843641868,1,0,0,72.61
1784843642005,0,0,0,72.83
1784843642005,1,0,0,72.74
1784843642141,0,0,0,72.83
1784843642141,1,0,0,72.61
1784843642277,0,0,0,72.83
1784843642277,1,0,0,72.57
1784843642413,0,0,0,72.81
1784843642413,1,0,0,72.73
1784843642549,0,0,0,72.81
1784843642549,1,0,0,72.68
1784843642686,0,0,0,72.79
1784843642686,1,0,0,72.59
1784843642823,0,0,0,72.80
1784843642823,1,0,0,72.65
1784843642960,0,0,0,72.81
1784843642960,1,0,0,72.73
1784843643097,0,0,0,72.80
1784843643097,1,0,0,72.57
1784843643233,0,0,0,72.80
1784843643233,1,0,0,72.58
1784843643370,0,0,0,72.81
1784843643370,1,0,0,72.71
1784843643506,0,0,0,72.82
1784843643506,1,0,0,72.60
1784843643642,0,0,0,72.80
1784843643642,1,0,0,72.58
1784843643779,0,0,0,72.79
1784843643779,1,0,0,72.67
1784843643914,0,0,0,72.80
1784843643914,1,0,0,72.67
1784843644050,0,0,0,72.79
1784843644050,1,0,0,72.62
1784843644187,0,0,0,72.81
1784843644187,1,0,0,72.81
1784843644323,0,0,0,72.80
1784843644323,1,0,0,72.79
1784843644459,0,0,0,72.82
1784843644459,1,0,0,72.68
1784843644596,0,0,0,72.81
1784843644596,1,0,0,72.74
1784843644731,0,0,0,72.82
1784843644731,1,0,0,72.82
1784843644867,0,0,0,72.80
1784843644867,1,0,0,72.72
1784843645004,0,0,0,72.82
1784843645004,1,0,0,72.67
1784843645140,0,0,0,72.83
1784843645140,1,0,0,72.78
1784843645277,0,0,0,72.82
1784843645277,1,0,0,72.74
1784843645413,0,0,0,72.82
1784843645413,1,0,0,72.63
1784843645549,0,0,0,72.83
1784843645549,1,0,0,72.73
1784843645686,0,0,0,72.82
1784843645686,1,0,0,72.68
1784843645822,0,0,0,72.80
1784843645822,1,0,0,72.64
1784843645958,0,0,0,72.82
1784843645958,1,0,0,72.66
1784843646094,0,0,0,72.80
1784843646094,1,0,0,72.78
1784843646230,0,0,0,72.80
1784843646230,1,0,0,72.68
1784843646366,0,0,0,72.79
1784843646366,1,0,0,72.65
1784843646503,0,0,0,72.78
1784843646503,1,0,0,72.81
1784843646639,0,0,0,72.78
1784843646639,1,0,0,72.71
1784843646775,0,0,0,72.80
1784843646775,1,0,0,72.66
1784843646911,0,0,0,72.80
1784843646911,1,0,0,72.80
1784843647047,0,0,0,72.79
1784843647047,1,0,0,72.74
1784843647183,0,0,0,72.78
1784843647183,1,0,0,72.64
1784843647320,0,0,0,72.77
1784843647320,1,0,0,72.73
1784843647457,0,0,0,72.76
1784843647457,1,0,0,72.80
1784843647593,0,0,0,72.77
1784843647593,1,0,0,72.62
1784843647729,0,0,0,72.77
1784843647729,1,0,0,72.64
1784843647865,0,0,0,72.77
1784843647865,1,0,0,72.74
1784843648002,0,0,0,72.76
1784843648002,1,0,0,72.59
1784843648138,0,0,0,72.77
1784843648138,1,0,0,72.56
1784843648274,0,0,0,72.77
1784843648274,1,0,0,72.64
1784843648411,0,0,0,72.79
1784843648411,1,0,0,72.60
1784843648547,0,0,0,72.75
1784843648547,1,0,0,72.55
1784843648683,0,0,0,72.75
1784843648683,1,0,0,72.57
1784843648819,0,0,0,72.74
1784843648819,1,0,0,72.67
1784843648956,0,0,0,72.76
1784843648956,1,0,0,72.59
1784843649093,0,0,0,72.77
1784843649093,1,0,0,72.67
1784843649230,0,0,0,72.76
1784843649230,1,0,0,72.76
1784843649366,0,0,0,72.76
1784843649366,1,0,0,72.64
1784843649502,0,0,0,72.75
1784843649502,1,0,0,72.60
1784843649638,0,0,0,72.75
1784843649638,1,0,0,72.75
1784843649775,0,0,0,72.76
1784843649775,1,0,0,72.70
1784843649911,0,0,0,72.75
1784843649911,1,0,0,72.59
1784843650047,0,0,0,72.75
1784843650047,1,0,0,72.68
1784843650184,0,0,0,72.77
1784843650184,1,0,0,72.75
1784843650320,0,0,0,72.79
1784843650320,1,0,0,72.58
1784843650457,0,0,0,72.78
1784843650457,1,0,0,72.59
1784843650593,0,0,0,72.78
1784843650593,1,0,0,72.68
1784843650730,0,0,0,72.78
1784843650730,1,0,0,72.59
1784843650868,0,0,0,72.77
1784843650868,1,0,0,72.58
1784843651004,0,0,0,72.76
1784843651004,1,0,0,72.76
1784843651141,0,0,0,72.76
1784843651141,1,0,0,72.64
1784843651278,0,0,0,72.77
1784843651278,1,0,0,72.59
1784843651414,0,0,0,72.75
1784843651414,1,0,0,72.73
1784843651551,0,0,0,72.73
1784843651551,1,0,0,72.72
1784843651687,0,0,0,72.72
1784843651687,1,0,0,72.61
1784843651824,0,0,0,72.73
1784843651824,1,0,0,72.68
1784843651961,0,0,0,72.71
1784843651961,1,0,0,72.76
1784843652098,0,0,0,72.71
1784843652098,1,0,0,72.63
1784843652235,0,0,0,72.70
1784843652235,1,0,0,72.63
1784843652373,0,0,0,72.66
1784843652373,1,0,0,72.75
1784843652508,0,0,0,72.67
1784843652508,1,0,0,72.61
1784843652645,0,0,0,72.66
1784843652645,1,0,0,72.58
1784843652782,0,0,0,72.67
1784843652782,1,0,0,72.64
1784843652919,0,0,0,72.65
1784843652919,1,0,0,72.64
1784843653055,0,0,0,72.66
1784843653055,1,0,0,72.57
1784843653191,0,0,0,72.67
1784843653191,1,0,0,72.69
1784843653328,0,0,0,72.68
1784843653328,1,0,0,72.70
1784843653465,0,0,0,72.69
1784843653465,1,0,0,72.58
1784843653601,0,0,0,72.70
1784843653601,1,0,0,72.63
1784843653737,0,0,0,72.72
1784843653737,1,0,0,72.71
1784843653874,0,0,0,72.70
1784843653874,1,0,0,72.61
1784843654010,0,0,0,72.69
1784843654010,1,0,0,72.55
1784843654147,0,0,0,72.69
1784843654147,1,0,0,72.68
1784843654283,0,0,0,72.70
1784843654283,1,0,0,72.68
1784843654419,0,0,0,72.69
1784843654419,1,0,0,72.57
1784843654556,0,0,0,72.69
1784843654556,1,0,0,72.64
1784843654692,0,0,0,72.69
1784843654692,1,0,0,72.67
1784843654828,0,0,0,72.68
1784843654828,1,0,0,72.60
1784843654965,0,0,0,72.69
1784843654965,1,0,0,72.59
1784843655102,0,0,0,72.68
1784843655102,1,0,0,72.71
1784843655238,0,0,0,72.70
1784843655238,1,0,0,72.60
1784843655374,0,0,0,72.70
1784843655374,1,0,0,72.55
1784843655510,0,0,0,72.71
1784843655510,1,0,0,72.70
1784843655647,0,0,0,72.68
1784843655647,1,0,0,72.62
1784843655783,0,0,0,72.70
1784843655783,1,0,0,72.55
1784843655920,0,0,0,72.72
1784843655920,1,0,0,72.67
1784843656057,0,0,0,72.73
1784843656057,1,0,0,72.72
1784843656194,0,0,0,72.74
1784843656194,1,0,0,72.56
1784843656331,0,0,0,72.72
1784843656331,1,0,0,72.63
1784843656466,0,0,0,72.74
1784843656466,1,0,0,72.75
1784843656603,0,0,0,72.73
1784843656603,1,0,0,72.49
1784843656739,0,0,0,72.75
1784843656739,1,0,0,72.46
1784843656875,0,0,0,72.72
1784843656875,1,0,0,72.56
1784843657011,0,0,0,72.73
1784843657011,1,0,0,72.43
1784843657147,0,0,0,72.73
1784843657147,1,0,0,72.40
1784843657284,0,0,0,72.75
1784843657284,1,0,0,72.41
1784843657420,0,0,0,72.76
1784843657420,1,0,0,72.41
1784843657557,0,0,0,72.76
1784843657557,1,0,0,72.36
1784843657694,0,0,0,72.76
1784843657694,1,0,0,72.54
1784843657830,0,0,0,72.74
1784843657830,1,0,0,72.59
1784843657966,0,0,0,72.74
1784843657966,1,0,0,72.50
1784843658102,0,0,0,72.72
1784843658102,1,0,0,72.52
1784843658238,0,0,0,72.70
1784843658238,1,0,0,72.67
1784843658375,0,0,0,72.66
1784843658375,1,0,0,72.61
1784843658511,0,0,0,72.67
1784843658511,1,0,0,72.53
1784843658648,0,0,0,72.65
1784843658648,1,0,0,72.65
1784843658784,0,0,0,72.65
1784843658784,1,0,0,72.68
1784843658922,0,0,0,72.65
1784843658922,1,0,0,72.53
1784843659059,0,0,0,72.62
1784843659059,1,0,0,72.56
1784843659196,0,0,0,72.63
1784843659196,1,0,0,72.60
1784843659332,0,0,0,72.66
1784843659332,1,0,0,72.54
1784843659468,0,0,0,72.64
1784843659468,1,0,0,72.55
1784843659606,0,0,0,72.64
1784843659606,1,0,0,72.68
1784843659742,0,0,0,72.63
1784843659742,1,0,0,72.55
1784843659879,0,0,0,72.64
1784843659879,1,0,0,72.51
1784843660014,0,0,0,72.62
1784843660014,1,0,0,72.64
1784843660150,0,0,0,72.64
1784843660150,1,0,0,72.59
1784843660287,0,0,0,72.62
1784843660287,1,0,0,72.50
1784843660430,0,0,0,72.63
1784843660430,1,0,0,72.58
1784843660567,0,0,0,72.65
1784843660567,1,0,0,72.64
1784843660704,0,0,0,72.66
1784843660704,1,0,0,72.50
1784843660840,0,0,0,72.66
1784843660840,1,0,0,72.51
1784843660977,0,0,0,72.65
1784843660977,1,0,0,72.63
1784843661113,0,0,0,72.64
1784843661113,1,0,0,72.50
1784843661248,0,0,0,72.65
1784843661248,1,0,0,72.50
1784843661385,0,0,0,72.65
1784843661385,1,0,0,72.59
1784843661522,0,0,0,72.64
1784843661522,1,0,0,72.57
1784843661660,0,0,0,72.63
1784843661660,1,0,0,72.51
1784843661797,0,0,0,72.63
1784843661797,1,0,0,72.69
1784843661934,0,0,0,72.62
1784843661934,1,0,0,72.65
1784843662070,0,0,0,72.66
1784843662070,1,0,0,72.56
1784843662207,0,0,0,72.66
1784843662207,1,0,0,72.64
1784843662344,0,0,0,72.67
1784843662344,1,0,0,72.71
1784843662481,0,0,0,72.66
1784843662481,1,0,0,72.58
1784843662617,0,0,0,72.66
1784843662617,1,0,0,72.56
1784843662753,0,0,0,72.66
1784843662753,1,0,0,72.69
1784843662889,0,0,0,72.68
1784843662889,1,0,0,72.67
1784843663024,0,0,0,72.68
1784843663024,1,0,0,72.55
1784843663161,0,0,0,72.65
1784843663161,1,0,0,72.62
1784843663298,0,0,0,72.65
1784843663298,1,0,0,72.61
1784843663434,0,0,0,72.64
1784843663434,1,0,0,72.54
1784843663570,0,0,0,72.65
1784843663570,1,0,0,72.57
1784843663706,0,0,0,72.65
1784843663706,1,0,0,72.69
1784843663843,0,0,0,72.65
1784843663843,1,0,0,72.60
1784843663979,0,0,0,72.64
1784843663979,1,0,0,72.57
1784843664114,0,0,0,72.65
1784843664114,1,0,0,72.73
1784843664250,0,0,0,72.66
1784843664250,1,0,0,72.64
1784843664387,0,0,0,72.67
1784843664387,1,0,0,72.57
1784843664523,0,0,0,72.67
1784843664523,1,0,0,72.71
1784843664660,0,0,0,72.63
1784843664660,1,0,0,72.68
1784843664796,0,0,0,72.64
1784843664796,1,0,0,72.57
1784843664932,0,0,0,72.63
1784843664932,1,0,0,72.64
1784843665068,0,0,0,72.62
1784843665068,1,0,0,72.74
1784843665205,0,0,0,72.62
1784843665205,1,0,0,72.55
1784843665341,0,0,0,72.60
1784843665341,1,0,0,72.55
1784843665478,0,0,0,72.60
1784843665478,1,0,0,72.66
1784843665615,0,0,0,72.60
1784843665615,1,0,0,72.55
1784843665751,0,0,0,72.59
1784843665751,1,0,0,72.53
1784843665888,0,0,0,72.59
1784843665888,1,0,0,72.57
1784843666025,0,0,0,72.61
1784843666025,1,0,0,72.58
1784843666161,0,0,0,72.60
1784843666161,1,0,0,72.52
1784843666298,0,0,0,72.62
1784843666298,1,0,0,72.65
1784843666434,0,0,0,72.64
1784843666434,1,0,0,72.66
1784843666570,0,0,0,72.66
1784843666570,1,0,0,72.57
1784843666708,0,0,0,72.68
1784843666708,1,0,0,72.58
1784843666845,0,0,0,72.66
1784843666845,1,0,0,72.70
1784843666981,0,0,0,72.64
1784843666981,1,0,0,72.63
1784843667117,0,0,0,72.61
1784843667117,1,0,0,72.56
1784843667253,0,0,0,72.61
1784843667253,1,0,0,72.66
1784843667390,0,0,0,72.61
1784843667390,1,0,0,72.71
1784843667527,0,0,0,72.60
1784843667527,1,0,0,72.57
1784843667663,0,0,0,72.59
1784843667663,1,0,0,72.60
1784843667801,0,0,0,72.61
1784843667801,1,0,0,72.62
1784843667938,0,0,0,72.62
1784843667938,1,0,0,72.54
1784843668075,0,0,0,72.63
1784843668075,1,0,0,72.53
1784843668212,0,0,0,72.63
1784843668212,1,0,0,72.70
1784843668347,0,0,0,72.65
1784843668347,1,0,0,72.57
1784843668484,0,0,0,72.66
1784843668484,1,0,0,72.56
1784843668620,0,0,0,72.66
1784843668620,1,0,0,72.72
1784843668756,0,0,0,72.67
1784843668756,1,0,0,72.67
1784843668893,0,0,0,72.67
1784843668893,1,0,0,72.58
1784843669029,0,0,0,72.64
1784843669029,1,0,0,72.69
1784843669166,0,0,0,72.65
1784843669166,1,0,0,72.71
1784843669303,0,0,0,72.62
1784843669303,1,0,0,72.55
1784843669439,0,0,0,72.64
1784843669439,1,0,0,72.57
1784843669575,0,0,0,72.62
1784843669575,1,0,0,72.71
1784843669711,0,0,0,72.63
1784843669711,1,0,0,72.57
1784843669848,0,0,0,72.62
1784843669848,1,0,0,72.55
1784843669984,0,0,0,72.60
1784843669984,1,0,0,72.64
1784843670119,0,0,0,72.60
1784843670119,1,0,0,72.58
1784843670256,0,0,0,72.58
1784843670256,1,0,0,72.53
1784843670393,0,0,0,72.57
1784843670393,1,0,0,72.57
1784843670530,0,0,0,72.55
1784843670530,1,0,0,72.65
1784843670667,0,0,0,72.54
1784843670667,1,0,0,72.54
1784843670802,0,0,0,72.53
1784843670802,1,0,0,72.64
1784843670939,0,0,0,72.54
1784843670939,1,0,0,72.69
1784843671076,0,0,0,72.54
1784843671076,1,0,0,72.57
1784843671213,0,0,0,72.54
1784843671213,1,0,0,72.55
1784843671348,0,0,0,72.56
1784843671348,1,0,0,72.66
1784843671485,0,0,0,72.57
1784843671485,1,0,0,72.60
1784843671621,0,0,0,72.56
1784843671621,1,0,0,72.49
1784843671758,0,0,0,72.56
1784843671758,1,0,0,72.59
1784843671895,0,0,0,72.60
1784843671895,1,0,0,72.65
1784843672031,0,0,0,72.59
1784843672031,1,0,0,72.50
1784843672168,0,0,0,72.61
1784843672168,1,0,0,72.51
1784843672305,0,0,0,72.61
1784843672305,1,0,0,72.61
1784843672441,0,0,0,72.60
1784843672441,1,0,0,72.53
1784843672577,0,0,0,72.61
1784843672577,1,0,0,72.51
1784843672715,0,0,0,72.63
1784843672715,1,0,0,72.66
1784843672852,0,0,0,72.62
1784843672852,1,0,0,72.59
1784843672990,0,0,0,72.61
1784843672990,1,0,0,72.53
1784843673127,0,0,0,72.62
1784843673127,1,0,0,72.69
1784843673263,0,0,0,72.61
1784843673263,1,0,0,72.67
1784843673400,0,0,0,72.64
1784843673400,1,0,0,72.52
1784843673537,0,0,0,72.64
1784843673537,1,0,0,72.62
1784843673672,0,0,0,72.63
1784843673672,1,0,0,72.72
1784843673812,0,0,0,72.60
1784843673812,1,0,0,72.56
1784843673949,0,0,0,72.60
1784843673949,1,0,0,72.57
1784843674085,0,0,0,72.61
1784843674085,1,0,0,72.71
1784843674222,0,0,0,72.59
1784843674222,1,0,0,72.57
1784843674359,0,0,0,72.61
1784843674359,1,0,0,72.55
1784843674495,0,0,0,72.58
1784843674495,1,0,0,72.62
1784843674632,0,0,0,72.60
1784843674632,1,0,0,72.61
1784843674768,0,0,0,72.59
1784843674768,1,0,0,72.55
1784843674905,0,0,0,72.59
1784843674905,1,0,0,72.68
1784843675041,0,0,0,72.60
1784843675041,1,0,0,72.67
1784843675176,0,0,0,72.58
1784843675176,1,0,0,72.59
1784843675312,0,0,0,72.59
1784843675312,1,0,0,72.64
1784843675448,0,0,0,72.58
1784843675448,1,0,0,72.77
1784843675584,0,0,0,72.58
1784843675584,1,0,0,72.67
1784843675720,0,0,0,72.57
1784843675720,1,0,0,72.58
1784843675855,0,0,0,72.55
1784843675855,1,0,0,72.69
1784843675991,0,0,0,72.55
1784843675991,1,0,0,72.71
1784843676128,0,0,0,72.54
1784843676128,1,0,0,72.53
1784843676264,0,0,0,72.55
1784843676264,1,0,0,72.59
1784843676401,0,0,0,72.55
1784843676401,1,0,0,72.58
1784843676537,0,0,0,72.54
1784843676537,1,0,0,72.51
1784843676673,0,0,0,72.54
1784843676673,1,0,0,72.53
1784843676810,0,0,0,72.55
1784843676810,1,0,0,72.62
1784843676947,0,0,0,72.55
1784843676947,1,0,0,72.51
1784843677083,0,0,0,72.56
1784843677083,1,0,0,72.50
1784843677220,0,0,0,72.56
1784843677220,1,0,0,72.64
1784843677357,0,0,0,72.56
1784843677357,1,0,0,72.57
1784843677493,0,0,0,72.55
1784843677493,1,0,0,72.49
1784843677629,0,0,0,72.54
1784843677629,1,0,0,72.60
1784843677765,0,0,0,72.59
1784843677765,1,0,0,72.62
1784843677901,0,0,0,72.59
1784843677901,1,0,0,72.46
1784843678038,0,0,0,72.57
1784843678038,1,0,0,72.49
1784843678175,0,0,0,72.57
1784843678175,1,0,0,72.61
1784843678311,0,0,0,72.57
1784843678311,1,0,0,72.48
1784843678447,0,0,0,72.58
1784843678447,1,0,0,72.48
1784843678583,0,0,0,72.58
1784843678583,1,0,0,72.56
1784843678720,0,0,0,72.57
1784843678720,1,0,0,72.49
1784843678856,0,0,0,72.53
1784843678856,1,0,0,72.46
1784843678994,0,0,0,72.57
1784843678994,1,0,0,72.46
1784843679130,0,0,0,72.57
1784843679130,1,0,0,72.49
1784843679266,0,0,0,72.58
1784843679266,1,0,0,72.41
1784843679402,0,0,0,72.59
1784843679402,1,0,0,72.49
1784843679538,0,0,0,72.58
1784843679538,1,0,0,72.57
1784843679674,0,0,0,72.58
1784843679674,1,0,0,72.48
1784843679810,0,0,0,72.59
1784843679810,1,0,0,72.49
1784843679947,0,0,0,72.60
1784843679947,1,0,0,72.65
1784843680083,0,0,0,72.60
1784843680083,1,0,0,72.61
1784843680221,0,0,0,72.62
1784843680221,1,0,0,72.55
1784843680357,0,0,0,72.59
1784843680357,1,0,0,72.63
1784843680494,0,0,0,72.60
1784843680494,1,0,0,72.71
1784843680629,0,0,0,72.59
1784843680629,1,0,0,72.52
1784843680767,0,0,0,72.58
1784843680767,1,0,0,72.52
1784843680903,0,0,0,72.58
1784843680903,1,0,0,72.63
1784843681039,0,0,0,72.57
1784843681039,1,0,0,72.51
1784843681176,0,0,0,72.55
1784843681176,1,0,0,72.52
1784843681313,0,0,0,72.56
1784843681313,1,0,0,72.66
1784843681449,0,0,0,72.57
1784843681449,1,0,0,72.56
1784843681586,0,0,0,72.55
1784843681586,1,0,0,72.51
1784843681723,0,0,0,72.55
1784843681723,1,0,0,72.67
1784843681859,0,0,0,72.54
1784843681859,1,0,0,72.65
1784843681996,0,0,0,72.53
1784843681996,1,0,0,72.55
1784843682133,0,0,0,72.52
1784843682133,1,0,0,72.57
1784843682270,0,0,0,72.52
1784843682270,1,0,0,72.68
1784843682407,0,0,0,72.50
1784843682407,1,0,0,72.50
1784843682543,0,0,0,72.50
1784843682543,1,0,0,72.51
1784843682680,0,0,0,72.50
1784843682680,1,0,0,72.63
1784843682817,0,0,0,72.51
1784843682817,1,0,0,72.49
1784843682954,0,0,0,72.49
1784843682954,1,0,0,72.47
1784843683090,0,0,0,72.47
1784843683090,1,0,0,72.56
1784843683227,0,0,0,72.46
1784843683227,1,0,0,72.54
1784843683364,0,0,0,72.48
1784843683364,1,0,0,72.48
1784843683500,0,0,0,72.48
1784843683500,1,0,0,72.49
1784843683637,0,0,0,72.50
1784843683637,1,0,0,72.62
1784843683774,0,0,0,72.50
1784843683774,1,0,0,72.51
1784843683911,0,0,0,72.52
1784843683911,1,0,0,72.51
1784843684047,0,0,0,72.53
1784843684047,1,0,0,72.62
1784843684183,0,0,0,72.52
1784843684183,1,0,0,72.55
1784843684321,0,0,0,72.52
1784843684321,1,0,0,72.48
1784843684457,0,0,0,72.50
1784843684457,1,0,0,72.61
1784843684594,0,0,0,72.51
1784843684594,1,0,0,72.62
1784843684731,0,0,0,72.49
1784843684731,1,0,0,72.53
1784843684867,0,0,0,72.52
1784843684867,1,0,0,72.56
1784843685003,0,0,0,72.53
1784843685003,1,0,0,72.61
1784843685140,0,0,0,72.53
1784843685140,1,0,0,72.54
1784843685277,0,0,0,72.58
1784843685277,1,0,0,72.54
1784843685415,0,0,0,72.58
1784843685415,1,0,0,72.68
1784843685551,0,0,0,72.58
1784843685551,1,0,0,72.57
1784843685686,0,0,0,72.57
1784843685686,1,0,0,72.54
1784843685822,0,0,0,72.57
1784843685822,1,0,0,72.71
1784843685960,0,0,0,72.54
1784843685960,1,0,0,72.64
1784843686097,0,0,0,72.56
1784843686097,1,0,0,72.55
1784843686233,0,0,0,72.56
1784843686233,1,0,0,72.65
1784843686370,0,0,0,72.57
1784843686370,1,0,0,72.71
1784843686507,0,0,0,72.56
1784843686507,1,0,0,72.55
1784843686644,0,0,0,72.55
1784843686644,1,0,0,72.61
1784843686781,0,0,0,72.56
1784843686781,1,0,0,72.71
1784843686916,0,0,0,72.55
1784843686916,1,0,0,72.58
1784843687052,0,0,0,72.55
1784843687052,1,0,0,72.58
1784843687189,0,0,0,72.55
1784843687189,1,0,0,72.67
1784843687325,0,0,0,72.57
1784843687325,1,0,0,72.62
1784843687461,0,0,0,72.56
1784843687461,1,0,0,72.56
1784843687597,0,0,0,72.57
1784843687597,1,0,0,72.58
1784843687733,0,0,0,72.57
1784843687733,1,0,0,72.66
1784843687869,0,0,0,72.55
1784843687869,1,0,0,72.55
1784843688006,0,0,0,72.57
1784843688006,1,0,0,72.61
1784843688141,0,0,0,72.54
1784843688141,1,0,0,72.66
1784843688278,0,0,0,72.53
1784843688278,1,0,0,72.55
1784843688415,0,0,0,72.51
1784843688415,1,0,0,72.52
1784843688551,0,0,0,72.53
1784843688551,1,0,0,72.63
1784843688687,0,0,0,72.51
1784843688687,1,0,0,72.58
1784843688823,0,0,0,72.52
1784843688823,1,0,0,72.47
1784843688960,0,0,0,72.50
1784843688960,1,0,0,72.54
1784843689105,0,0,0,72.50
1784843689105,1,0,0,72.51
1784843689242,0,0,0,72.49
1784843689242,1,0,0,72.48
1784843689378,0,0,0,72.51
1784843689378,1,0,0,72.49
1784843689514,0,0,0,72.51
1784843689514,1,0,0,72.60
1784843689650,0,0,0,72.50
1784843689650,1,0,0,72.50
1784843689786,0,0,0,72.52
1784843689786,1,0,0,72.50
1784843689922,0,0,0,72.50
1784843689922,1,0,0,72.65
1784843690059,0,0,0,72.49
1784843690059,1,0,0,72.56
1784843690196,0,0,0,72.49
1784843690196,1,0,0,72.53
1784843690332,0,0,0,72.50
1784843690332,1,0,0,72.68
1784843690469,0,0,0,72.51
1784843690469,1,0,0,72.64
1784843690605,0,0,0,72.49
1784843690605,1,0,0,72.53
1784843690742,0,0,0,72.52
1784843690742,1,0,0,72.61
1784843690878,0,0,0,72.53
1784843690878,1,0,0,72.69
1784843691014,0,0,0,72.54
1784843691014,1,0,0,72.54
1784843691150,0,0,0,72.57
1784843691150,1,0,0,72.54
1784843691287,0,0,0,72.57
1784843691287,1,0,0,72.67
1784843691424,0,0,0,72.56
1784843691424,1,0,0,72.54
1784843691560,0,0,0,72.55
1784843691560,1,0,0,72.52
1784843691697,0,0,0,72.54
1784843691697,1,0,0,72.60
1784843691834,0,0,0,72.53
1784843691834,1,0,0,72.58
1784843691970,0,0,0,72.55
1784843691970,1,0,0,72.51
1784843692106,0,0,0,72.54
1784843692106,1,0,0,72.65
1784843692243,0,0,0,72.55
1784843692243,1,0,0,72.61
1784843692379,0,0,0,72.57
1784843692379,1,0,0,72.53
1784843692515,0,0,0,72.58
1784843692515,1,0,0,72.58
1784843692651,0,0,0,72.58
1784843692651,1,0,0,72.67
1784843692787,0,0,0,72.56
1784843692787,1,0,0,72.58
1784843692923,0,0,0,72.56
1784843692923,1,0,0,72.55
1784843693060,0,0,0,72.55
1784843693060,1,0,0,72.68
1784843693197,0,0,0,72.54
1784843693197,1,0,0,72.68
1784843693333,0,0,0,72.53
1784843693333,1,0,0,72.57
1784843693469,0,0,0,72.54
1784843693469,1,0,0,72.61
1784843693605,0,0,0,72.55
1784843693605,1,0,0,72.62
1784843693742,0,0,0,72.54
1784843693742,1,0,0,72.55
1784843693878,0,0,0,72.57
1784843693878,1,0,0,72.56
1784843694014,0,0,0,72.57
1784843694014,1,0,0,72.68
1784843694150,0,0,0,72.58
1784843694150,1,0,0,72.55
1784843694288,0,0,0,72.57
1784843694288,1,0,0,72.52
1784843694424,0,0,0,72.57
1784843694424,1,0,0,72.67
1784843694560,0,0,0,72.55
1784843694560,1,0,0,72.60
1784843694698,0,0,0,72.56
1784843694698,1,0,0,72.52
1784843694834,0,0,0,72.57
1784843694834,1,0,0,72.62
1784843694970,0,0,0,72.56
1784843694970,1,0,0,72.64
1784843695107,0,0,0,72.57
1784843695107,1,0,0,72.52
1784843695244,0,0,0,72.55
1784843695244,1,0,0,72.55
1784843695381,0,0,0,72.58
1784843695381,1,0,0,72.64
1784843695516,0,0,0,72.58
1784843695516,1,0,0,72.53
1784843695653,0,0,0,72.60
1784843695653,1,0,0,72.53
1784843695790,0,0,0,72.59
1784843695790,1,0,0,72.61
1784843695927,0,0,0,72.57
1784843695927,1,0,0,72.57
1784843696063,0,0,0,72.57
1784843696063,1,0,0,72.51
1784843696200,0,0,0,72.56
1784843696200,1,0,0,72.53
1784843696337,0,0,0,72.56
1784843696337,1,0,0,72.61
1784843696473,0,0,0,72.54
1784843696473,1,0,0,72.51
1784843696610,0,0,0,72.55
1784843696610,1,0,0,72.57
1784843696748,0,0,0,72.56
1784843696748,1,0,0,72.66
1784843696886,0,0,0,72.60
1784843696886,1,0,0,72.56
1784843697022,0,0,0,72.63
1784843697022,1,0,0,72.53
1784843697158,0,0,0,72.61
1784843697158,1,0,0,72.69
1784843697295,0,0,0,72.62
1784843697295,1,0,0,72.65
1784843697433,0,0,0,72.62
1784843697433,1,0,0,72.54
1784843697569,0,0,0,72.62
1784843697569,1,0,0,72.64
1784843697706,0,0,0,72.60
1784843697706,1,0,0,72.61
1784843697843,0,0,0,72.61
1784843697843,1,0,0,72.55
1784843697979,0,0,0,72.60
1784843697979,1,0,0,72.57
1784843698116,0,0,0,72.62
1784843698116,1,0,0,72.67
1784843698251,0,0,0,72.64
1784843698251,1,0,0,72.60
1784843698386,0,0,0,72.66
1784843698386,1,0,0,72.58
1784843698523,0,0,0,72.67
1784843698523,1,0,0,72.73
1784843698659,0,0,0,72.67
1784843698659,1,0,0,72.66
1784843698796,0,0,0,72.65
1784843698796,1,0,0,72.62
1784843698933,0,0,0,72.64
1784843698933,1,0,0,72.74
1784843699070,0,0,0,72.65
1784843699070,1,0,0,72.73
1784843699207,0,0,0,72.66
1784843699207,1,0,0,72.61
1784843699344,0,0,0,72.65
1784843699344,1,0,0,72.66
1784843699481,0,0,0,72.63
1784843699481,1,0,0,72.78
1784843699618,0,0,0,72.61
1784843699618,1,0,0,72.61
1784843699755,0,0,0,72.62
1784843699755,1,0,0,72.61
1784843699892,0,0,0,72.62
1784843699892,1,0,0,72.74
1784843700028,0,0,0,72.62
1784843700028,1,0,0,72.62
1784843700166,0,0,0,72.64
1784843700166,1,0,0,72.60
1784843700302,0,0,0,72.65
1784843700302,1,0,0,72.66
1784843700439,0,0,0,72.64
1784843700439,1,0,0,72.65
1784843700576,0,0,0,72.64
1784843700576,1,0,0,72.59
1784843700713,0,0,0,72.65
1784843700713,1,0,0,72.68
1784843700850,0,0,0,72.64
1784843700850,1,0,0,72.68
1784843700987,0,0,0,72.64
1784843700987,1,0,0,72.60
1784843701122,0,0,0,72.62
1784843701122,1,0,0,72.60
1784843701259,0,0,0,72.62
1784843701259,1,0,0,72.69
1784843701395,0,0,0,72.64
1784843701395,1,0,0,72.65
1784843701532,0,0,0,72.66
1784843701532,1,0,0,72.55
1784843701668,0,0,0,72.67
1784843701668,1,0,0,72.64
1784843701804,0,0,0,72.67
1784843701804,1,0,0,72.69
1784843701940,0,0,0,72.68
1784843701940,1,0,0,72.55
1784843702077,0,0,0,72.70
1784843702077,1,0,0,72.58
1784843702214,0,0,0,72.70
1784843702214,1,0,0,72.66
1784843702350,0,0,0,72.68
1784843702350,1,0,0,72.57
1784843702487,0,0,0,72.69
1784843702487,1,0,0,72.58
1784843702621,0,0,0,72.70
1784843702621,1,0,0,72.76
1784843702758,0,0,0,72.69
1784843702758,1,0,0,72.65
1784843702895,0,0,0,72.72
1784843702895,1,0,0,72.62
1784843703032,0,0,0,72.71
1784843703032,1,0,0,72.79
1784843703169,0,0,0,72.72
1784843703169,1,0,0,72.76
1784843703305,0,0,0,72.72
1784843703305,1,0,0,72.66
1784843703442,0,0,0,72.72
1784843703442,1,0,0,72.72
1784843703578,0,0,0,72.73
1784843703578,1,0,0,72.80
1784843703714,0,0,0,72.73
1784843703714,1,0,0,72.64
1784843703850,0,0,0,72.74
1784843703850,1,0,0,72.66
1784843703987,0,0,0,72.73
1784843703987,1,0,0,72.77
1784843704122,0,0,0,72.75
1784843704122,1,0,0,72.64
1784843704258,0,0,0,72.76
1784843704258,1,0,0,72.64
1784843704397,0,0,0,72.77
1784843704397,1,0,0,72.73
1784843704533,0,0,0,72.76
1784843704533,1,0,0,72.71
1784843704670,0,0,0,72.76
1784843704670,1,0,0,72.66
1784843704806,0,0,0,72.76
1784843704806,1,0,0,72.67
1784843704942,0,0,0,72.78
1784843704942,1,0,0,72.79
1784843705078,0,0,0,72.80
1784843705078,1,0,0,72.70
1784843705215,0,0,0,72.80
1784843705215,1,0,0,72.73
1784843705351,0,0,0,72.80
1784843705351,1,0,0,72.85
1784843705487,0,0,0,72.78
1784843705487,1,0,0,72.75
1784843705622,0,0,0,72.78
1784843705622,1,0,0,72.69
1784843705758,0,0,0,72.77
1784843705758,1,0,0,72.80
1784843705894,0,0,0,72.76
1784843705894,1,0,0,72.79
1784843706031,0,0,0,72.75
1784843706031,1,0,0,72.64
1784843706167,0,0,0,72.74
1784843706167,1,0,0,72.68
1784843706304,0,0,0,72.72
1784843706304,1,0,0,72.78
1784843706440,0,0,0,72.73
1784843706440,1,0,0,72.60
1784843706576,0,0,0,72.74
1784843706576,1,0,0,72.61
1784843706712,0,0,0,72.74
1784843706712,1,0,0,72.74
1784843706849,0,0,0,72.74
1784843706849,1,0,0,72.63
1784843706985,0,0,0,72.73
1784843706985,1,0,0,72.62
1784843707121,0,0,0,72.74
1784843707121,1,0,0,72.77
1784843707257,0,0,0,72.76
1784843707257,1,0,0,72.70
1784843707394,0,0,0,72.76
1784843707394,1,0,0,72.64
1784843707531,0,0,0,72.78
1784843707531,1,0,0,72.75
1784843707668,0,0,0,72.76
1784843707668,1,0,0,72.78
1784843707804,0,0,0,72.77
1784843707804,1,0,0,72.68
1784843707941,0,0,0,72.76
1784843707941,1,0,0,72.69
1784843708077,0,0,0,72.77
1784843708077,1,0,0,72.81
1784843708213,0,0,0,72.78
1784843708213,1,0,0,72.68
1784843708349,0,0,0,72.78
1784843708349,1,0,0,72.66
1784843708485,0,0,0,72.79
1784843708485,1,0,0,72.73
1784843708622,0,0,0,72.80
1784843708622,1,0,0,72.69
1784843708759,0,0,0,72.83
1784843708759,1,0,0,72.65
1784843708895,0,0,0,72.82
1784843708895,1,0,0,72.66
1784843709031,0,0,0,72.83
1784843709031,1,0,0,72.73
1784843709166,0,0,0,72.81
1784843709166,1,0,0,72.66
1784843709304,0,0,0,72.81
1784843709304,1,0,0,72.65
1784843709439,0,0,0,72.81
1784843709439,1,0,0,72.81
1784843709576,0,0,0,72.84
1784843709576,1,0,0,72.72
1784843709712,0,0,0,72.82
1784843709712,1,0,0,72.69
1784843709850,0,0,0,72.81
1784843709850,1,0,0,72.83
1784843709986,0,0,0,72.86
1784843709986,1,0,0,72.79
1784843710123,0,0,0,72.86
1784843710123,1,0,0,72.71
1784843710260,0,0,0,72.85
1784843710260,1,0,0,72.79
1784843710396,0,0,0,72.85
1784843710396,1,0,0,72.88
1784843710532,0,0,0,72.84
1784843710532,1,0,0,72.72
1784843710668,0,0,0,72.85
1784843710668,1,0,0,72.72
1784843710804,0,0,0,72.86
1784843710804,1,0,0,72.83
1784843710940,0,0,0,72.88
1784843710940,1,0,0,72.71
1784843711076,0,0,0,72.87
1784843711076,1,0,0,72.70
1784843711213,0,0,0,72.89
1784843711213,1,0,0,72.86
1784843711351,0,0,0,72.88
1784843711351,1,0,0,72.76
1784843711487,0,0,0,72.88
1784843711487,1,0,0,72.69
1784843711623,0,0,0,72.89
1784843711623,1,0,0,72.81
1784843711760,0,0,0,72.88
1784843711760,1,0,0,72.79
1784843711897,0,0,0,72.87
1784843711897,1,0,0,72.69
1784843712034,0,0,0,72.87
1784843712034,1,0,0,72.73
1784843712171,0,0,0,72.86
1784843712171,1,0,0,72.83
1784843712308,0,0,0,72.84
1784843712308,1,0,0,72.75
1784843712445,0,0,0,72.85
1784843712445,1,0,0,72.68
1784843712581,0,0,0,72.84
1784843712581,1,0,0,72.80
1784843712717,0,0,0,72.86
1784843712717,1,0,0,72.71
1784843712854,0,0,0,72.84
1784843712854,1,0,0,72.67
1784843712991,0,0,0,72.86
1784843712991,1,0,0,72.71
1784843713128,0,0,0,72.87
1784843713128,1,0,0,72.74
1784843713264,0,0,0,72.86
1784843713264,1,0,0,72.67
1784843713401,0,0,0,72.87
1784843713401,1,0,0,72.66
1784843713537,0,0,0,72.87
1784843713537,1,0,0,72.78
1784843713674,0,0,0,72.86
1784843713674,1,0,0,72.71
1784843713811,0,0,0,72.85
1784843713811,1,0,0,72.67
1784843713947,0,0,0,72.85
1784843713947,1,0,0,72.83
1784843714083,0,0,0,72.84
1784843714083,1,0,0,72.77
1784843714219,0,0,0,72.83
1784843714219,1,0,0,72.68
1784843714356,0,0,0,72.86
1784843714356,1,0,0,72.79
1784843714492,0,0,0,72.87
1784843714492,1,0,0,72.87
1784843714627,0,0,0,72.88
1784843714627,1,0,0,72.72
1784843714763,0,0,0,72.90
1784843714763,1,0,0,72.74
1784843714900,0,0,0,72.89
1784843714900,1,0,0,72.88
1784843715035,0,0,0,72.89
1784843715035,1,0,0,72.74
1784843715171,0,0,0,72.91
1784843715171,1,0,0,72.73
1784843715307,0,0,0,72.90
1784843715307,1,0,0,72.85
1784843715443,0,0,0,72.90
1784843715443,1,0,0,72.78
1784843715579,0,0,0,72.89
1784843715579,1,0,0,72.73
1784843715716,0,0,0,72.88
1784843715716,1,0,0,72.90
1784843715852,0,0,0,72.89
1784843715852,1,0,0,72.85
1784843715987,0,0,0,72.91
1784843715987,1,0,0,72.76
1784843716124,0,0,0,72.92
1784843716124,1,0,0,72.82
1784843716259,0,0,0,72.93
1784843716259,1,0,0,72.90
1784843716395,0,0,0,72.92
1784843716395,1,0,0,72.80
1784843716532,0,0,0,72.93
1784843716532,1,0,0,72.76
1784843716668,0,0,0,72.93
1784843716668,1,0,0,72.90
1784843716806,0,0,0,72.94
1784843716806,1,0,0,72.86
1784843716942,0,0,0,72.93
1784843716942,1,0,0,72.76
1784843717078,0,0,0,72.96
1784843717078,1,0,0,72.84
1784843717215,0,0,0,72.96
1784843717215,1,0,0,72.82
1784843717352,0,0,0,72.93
1784843717352,1,0,0,72.76
1784843717487,0,0,0,72.97
1784843717487,1,0,0,72.77
1784843717624,0,0,0,72.95
1784843717624,1,0,0,72.88
1784843717760,0,0,0,72.97
1784843717760,1,0,0,72.75
1784843717897,0,0,0,72.98
1784843717897,1,0,0,72.72
1784843718033,0,0,0,72.96
1784843718033,1,0,0,72.86
1784843718169,0,0,0,72.94
1784843718169,1,0,0,72.77
1784843718304,0,0,0,72.91
1784843718304,1,0,0,72.70
1784843718440,0,0,0,72.91
1784843718440,1,0,0,72.82
1784843718575,0,0,0,72.91
1784843718575,1,0,0,72.83
1784843718711,0,0,0,72.90
1784843718711,1,0,0,72.72
1784843718847,0,0,0,72.89
1784843718847,1,0,0,72.76
1784843718983,0,0,0,72.90
1784843718983,1,0,0,72.87
1784843719119,0,0,0,72.90
1784843719119,1,0,0,72.72
1784843719255,0,0,0,72.91
1784843719255,1,0,0,72.70
1784843719392,0,0,0,72.92
1784843719392,1,0,0,72.80
1784843719529,0,0,0,72.91
1784843719529,1,0,0,72.75
1784843719668,0,0,0,72.92
1784843719668,1,0,0,72.72
1784843719805,0,0,0,72.92
1784843719805,1,0,0,72.74
1784843719942,0,0,0,72.92
1784843719942,1,0,0,72.80
1784843720079,0,0,0,72.90
1784843720079,1,0,0,72.71
1784843720216,0,0,0,72.92
1784843720216,1,0,0,72.82
1784843720353,0,0,0,72.93
1784843720353,1,0,0,72.87
1784843720489,0,0,0,72.95
1784843720489,1,0,0,72.77
1784843720625,0,0,0,72.97
1784843720625,1,0,0,72.78
1784843720762,0,0,0,72.96
1784843720762,1,0,0,72.90
1784843720898,0,0,0,72.96
1784843720898,1,0,0,72.85
1784843721034,0,0,0,72.95
1784843721034,1,0,0,72.75
1784843721170,0,0,0,72.95
1784843721170,1,0,0,72.85
1784843721306,0,0,0,72.95
1784843721306,1,0,0,72.91
1784843721442,0,0,0,72.96
1784843721442,1,0,0,72.73
1784843721578,0,0,0,72.95
1784843721578,1,0,0,72.78
1784843721714,0,0,0,72.97
1784843721714,1,0,0,72.90
1784843721852,0,0,0,72.99
1784843721852,1,0,0,72.79
1784843721989,0,0,0,73.00
1784843721989,1,0,0,72.78
1784843722126,0,0,0,73.02
1784843722126,1,0,0,72.97
1784843722262,0,0,0,73.01
1784843722262,1,0,0,72.85
1784843722399,0,0,0,73.00
1784843722399,1,0,0,72.80
1784843722535,0,0,0,73.00
1784843722535,1,0,0,72.96
1784843722671,0,0,0,73.01
1784843722671,1,0,0,72.92
1784843722808,0,0,0,72.99
1784843722808,1,0,0,72.80
1784843722945,0,0,0,72.99
1784843722945,1,0,0,72.86
1784843723082,0,0,0,73.00
1784843723082,1,0,0,72.93
1784843723218,0,0,0,72.99
1784843723218,1,0,0,72.74
1784843723355,0,0,0,73.00
1784843723355,1,0,0,72.76
1784843723491,0,0,0,72.97
1784843723491,1,0,0,72.89
1784843723627,0,0,0,72.98
1784843723627,1,0,0,72.73
1784843723763,0,0,0,72.97
1784843723763,1,0,0,72.72
1784843723899,0,0,0,72.96
1784843723899,1,0,0,72.79
1784843724034,0,0,0,72.96
1784843724034,1,0,0,72.77
1784843724170,0,0,0,72.95
1784843724170,1,0,0,72.71
1784843724307,0,0,0,72.94
1784843724307,1,0,0,72.73
1784843724442,0,0,0,72.94
1784843724442,1,0,0,72.82
1784843724578,0,0,0,72.95
1784843724578,1,0,0,72.73
1784843724715,0,0,0,72.93
1784843724715,1,0,0,72.71
1784843724852,0,0,0,72.93
1784843724852,1,0,0,72.86
1784843724989,0,0,0,72.93
1784843724989,1,0,0,72.76
1784843725126,0,0,0,72.93
1784843725126,1,0,0,72.71
1784843725262,0,0,0,72.94
1784843725262,1,0,0,72.83
1784843725399,0,0,0,72.93
1784843725399,1,0,0,72.85
1784843725535,0,0,0,72.93
1784843725535,1,0,0,72.71
1784843725671,0,0,0,72.93
1784843725671,1,0,0,72.74
1784843725807,0,0,0,72.93
1784843725807,1,0,0,72.86
1784843725944,0,0,0,72.93
1784843725944,1,0,0,72.71
1784843726080,0,0,0,72.93
1784843726080,1,0,0,72.70
1784843726217,0,0,0,72.93
1784843726217,1,0,0,72.82
1784843726354,0,0,0,72.92
1784843726354,1,0,0,72.74
1784843726490,0,0,0,72.95
1784843726490,1,0,0,72.71
1784843726626,0,0,0,72.94
1784843726626,1,0,0,72.87
1784843726762,0,0,0,72.94
1784843726762,1,0,0,72.78
1784843726899,0,0,0,72.94
1784843726899,1,0,0,72.72
1784843727036,0,0,0,72.93
1784843727036,1,0,0,72.85
1784843727172,0,0,0,72.93
1784843727172,1,0,0,72.88
1784843727308,0,0,0,72.94
1784843727308,1,0,0,72.77
1784843727445,0,0,0,72.94
1784843727445,1,0,0,72.78
1784843727581,0,0,0,72.95
1784843727581,1,0,0,72.91
1784843727718,0,0,0,72.96
1784843727718,1,0,0,72.87
1784843727855,0,0,0,72.96
1784843727855,1,0,0,72.79
1784843727990,0,0,0,72.96
1784843727990,1,0,0,72.87
1784843728127,0,0,0,72.94
1784843728127,1,0,0,72.78
1784843728263,0,0,0,72.94
1784843728263,1,0,0,72.73
1784843728400,0,0,0,72.93
1784843728400,1,0,0,72.75
1784843728536,0,0,0,72.94
1784843728536,1,0,0,72.80
1784843728673,0,0,0,72.93
1784843728673,1,0,0,72.69
1784843728808,0,0,0,72.93
1784843728808,1,0,0,72.67
1784843728944,0,0,0,72.95
1784843728944,1,0,0,72.80
1784843729081,0,0,0,72.92
1784843729081,1,0,0,72.69
1784843729218,0,0,0,72.94
1784843729218,1,0,0,72.68
1784843729355,0,0,0,72.93
1784843729355,1,0,0,72.83
1784843729492,0,0,0,72.92
1784843729492,1,0,0,72.76
1784843729628,0,0,0,72.91
1784843729628,1,0,0,72.65
1784843729765,0,0,0,72.91
1784843729765,1,0,0,72.76
1784843729901,0,0,0,72.89
1784843729901,1,0,0,72.79
1784843730037,0,0,0,72.88
1784843730037,1,0,0,72.66
1784843730174,0,0,0,72.87
1784843730174,1,0,0,72.67
1784843730311,0,0,0,72.84
1784843730311,1,0,0,72.78
1784843730448,0,0,0,72.86
1784843730448,1,0,0,72.64
1784843730585,0,0,0,72.85
1784843730585,1,0,0,72.62
1784843730721,0,0,0,72.85
1784843730721,1,0,0,72.76
1784843730858,0,0,0,72.88
1784843730858,1,0,0,72.68
1784843730995,0,0,0,72.86
1784843730995,1,0,0,72.63
1784843731132,0,0,0,72.88
1784843731132,1,0,0,72.76
1784843731269,0,0,0,72.88
1784843731269,1,0,0,72.74
1784843731405,0,0,0,72.88
1784843731405,1,0,0,72.64
1784843731541,0,0,0,72.86
1784843731541,1,0,0,72.70
1784843731677,0,0,0,72.87
1784843731677,1,0,0,72.76
1784843731814,0,0,0,72.85
1784843731814,1,0,0,72.67
1784843731950,0,0,0,72.85
1784843731950,1,0,0,72.61
1784843732086,0,0,0,72.86
1784843732086,1,0,0,72.75
1784843732223,0,0,0,72.86
1784843732223,1,0,0,72.62
1784843732360,0,0,0,72.87
1784843732360,1,0,0,72.60
1784843732496,0,0,0,72.86
1784843732496,1,0,0,72.64
1784843732633,0,0,0,72.86
1784843732633,1,0,0,72.68
1784843732769,0,0,0,72.85
1784843732769,1,0,0,72.61
1784843732906,0,0,0,72.85
1784843732906,1,0,0,72.61
1784843733044,0,0,0,72.84
1784843733044,1,0,0,72.74
1784843733181,0,0,0,72.83
1784843733181,1,0,0,72.63
1784843733318,0,0,0,72.82
1784843733318,1,0,0,72.61
1784843733455,0,0,0,72.80
1784843733455,1,0,0,72.82
1784843733591,0,0,0,72.85
1784843733591,1,0,0,72.70
1784843733728,0,0,0,72.84
1784843733728,1,0,0,72.67
1784843733865,0,0,0,72.83
1784843733865,1,0,0,72.79
1784843734001,0,0,0,72.81
1784843734001,1,0,0,72.79
1784843734137,0,0,0,72.80
1784843734137,1,0,0,72.66
1784843734274,0,0,0,72.80
1784843734274,1,0,0,72.72
1784843734411,0,0,0,72.82
1784843734411,1,0,0,72.85
1784843734547,0,0,0,72.80
1784843734547,1,0,0,72.67
1784843734683,0,0,0,72.80
1784843734683,1,0,0,72.66
1784843734819,0,0,0,72.81
1784843734819,1,0,0,72.79
1784843734956,0,0,0,72.82
1784843734956,1,0,0,72.66
1784843735096,0,0,0,72.82
1784843735096,1,0,0,72.64
1784843735232,0,0,0,72.80
1784843735232,1,0,0,72.74
1784843735369,0,0,0,72.80
1784843735369,1,0,0,72.65
1784843735505,0,0,0,72.78
1784843735505,1,0,0,72.57
1784843735641,0,0,0,72.78
1784843735641,1,0,0,72.68
1784843735776,0,0,0,72.78
1784843735776,1,0,0,72.63
1784843735913,0,0,0,72.76
1784843735913,1,0,0,72.55
1784843736049,0,0,0,72.77
1784843736049,1,0,0,72.60
1784843736186,0,0,0,72.77
1784843736186,1,0,0,72.70
1784843736323,0,0,0,72.78
1784843736323,1,0,0,72.54
1784843736461,0,0,0,72.77
1784843736461,1,0,0,72.55
1784843736598,0,0,0,72.76
1784843736598,1,0,0,72.65
1784843736734,0,0,0,72.75
1784843736734,1,0,0,72.57
1784843736870,0,0,0,72.73
1784843736870,1,0,0,72.55
1784843737007,0,0,0,72.74
1784843737007,1,0,0,72.59
1784843737143,0,0,0,72.75
1784843737143,1,0,0,72.66
1784843737280,0,0,0,72.74
1784843737280,1,0,0,72.59
1784843737418,0,0,0,72.74
1784843737418,1,0,0,72.60
1784843737554,0,0,0,72.77
1784843737554,1,0,0,72.74
1784843737690,0,0,0,72.75
1784843737690,1,0,0,72.62
1784843737826,0,0,0,72.76
1784843737826,1,0,0,72.63
1784843737963,0,0,0,72.75
1784843737963,1,0,0,72.76
1784843738100,0,0,0,72.71
1784843738100,1,0,0,72.67
1784843738236,0,0,0,72.70
1784843738236,1,0,0,72.59
1784843738372,0,0,0,72.70
1784843738372,1,0,0,72.72
1784843738506,0,0,0,72.68
1784843738506,1,0,0,72.73
1784843738643,0,0,0,72.66
1784843738643,1,0,0,72.63
1784843738780,0,0,0,72.67
1784843738780,1,0,0,72.70
1784843738916,0,0,0,72.67
1784843738916,1,0,0,72.81
1784843739053,0,0,0,72.70
1784843739053,1,0,0,72.65
1784843739189,0,0,0,72.72
1784843739189,1,0,0,72.67
1784843739326,0,0,0,72.73
1784843739326,1,0,0,72.80
1784843739463,0,0,0,72.75
1784843739463,1,0,0,72.66
1784843739600,0,0,0,72.76
1784843739600,1,0,0,72.61
1784843739737,0,0,0,72.78
1784843739737,1,0,0,72.77
1784843739874,0,0,0,72.79
1784843739874,1,0,0,72.69
1784843740010,0,0,0,72.77
1784843740010,1,0,0,72.61
1784843740146,0,0,0,72.75
1784843740146,1,0,0,72.69
1784843740283,0,0,0,72.76
1784843740283,1,0,0,72.76
1784843740419,0,0,0,72.74
1784843740419,1,0,0,72.64
1784843740556,0,0,0,72.74
1784843740556,1,0,0,72.65
1784843740693,0,0,0,72.75
1784843740693,1,0,0,72.77
1784843740829,0,0,0,72.74
1784843740829,1,0,0,72.59
1784843740966,0,0,0,72.75
1784843740966,1,0,0,72.58
1784843741102,0,0,0,72.75
1784843741102,1,0,0,72.67
1784843741239,0,0,0,72.75
1784843741239,1,0,0,72.60
1784843741375,0,0,0,72.75
1784843741375,1,0,0,72.56
1784843741512,0,0,0,72.75
1784843741512,1,0,0,72.59
1784843741647,0,0,0,72.75
1784843741647,1,0,0,72.65
1784843741783,0,0,0,72.73
1784843741783,1,0,0,72.57
1784843741920,0,0,0,72.72
1784843741920,1,0,0,72.56
1784843742056,0,0,0,72.72
1784843742056,1,0,0,72.71
1784843742193,0,0,0,72.70
1784843742193,1,0,0,72.60
1784843742329,0,0,0,72.68
1784843742329,1,0,0,72.57
1784843742465,0,0,0,72.70
1784843742465,1,0,0,72.69
1784843742601,0,0,0,72.68
1784843742601,1,0,0,72.64
1784843742738,0,0,0,72.68
1784843742738,1,0,0,72.55
1784843742874,0,0,0,72.71
1784843742874,1,0,0,72.61
1784843743010,0,0,0,72.70
1784843743010,1,0,0,72.71
1784843743146,0,0,0,72.71
1784843743146,1,0,0,72.57
1784843743282,0,0,0,72.71
1784843743282,1,0,0,72.56
1784843743418,0,0,0,72.69
1784843743418,1,0,0,72.69
1784843743554,0,0,0,72.67
1784843743554,1,0,0,72.58
1784843743690,0,0,0,72.68
1784843743690,1,0,0,72.55
1784843743826,0,0,0,72.67
1784843743826,1,0,0,72.63
1784843743962,0,0,0,72.66
1784843743962,1,0,0,72.63
1784843744099,0,0,0,72.71
1784843744099,1,0,0,72.55
1784843744235,0,0,0,72.71
1784843744235,1,0,0,72.72
1784843744372,0,0,0,72.71
1784843744372,1,0,0,72.69
1784843744508,0,0,0,72.73
1784843744508,1,0,0,72.60
1784843744645,0,0,0,72.72
1784843744645,1,0,0,72.63
1784843744781,0,0,0,72.71
1784843744781,1,0,0,72.74
1784843744919,0,0,0,72.73
1784843744919,1,0,0,72.64
1784843745055,0,0,0,72.72
1784843745055,1,0,0,72.61
1784843745191,0,0,0,72.69
1784843745191,1,0,0,72.74
1784843745328,0,0,0,72.70
1784843745328,1,0,0,72.64
1784843745464,0,0,0,72.68
1784843745464,1,0,0,72.61
1784843745600,0,0,0,72.68
1784843745600,1,0,0,72.64
1784843745737,0,0,0,72.66
1784843745737,1,0,0,72.68
1784843745873,0,0,0,72.67
1784843745873,1,0,0,72.63
1784843746010,0,0,0,72.67
1784843746010,1,0,0,72.61
1784843746146,0,0,0,72.69
1784843746146,1,0,0,72.73
1784843746283,0,0,0,72.71
1784843746283,1,0,0,72.63
1784843746420,0,0,0,72.73
1784843746420,1,0,0,72.58
1784843746557,0,0,0,72.74
1784843746557,1,0,0,72.75
1784843746693,0,0,0,72.74
1784843746693,1,0,0,72.65
1784843746830,0,0,0,72.73
1784843746830,1,0,0,72.59
1784843746966,0,0,0,72.72
1784843746966,1,0,0,72.69
1784843747102,0,0,0,72.70
1784843747102,1,0,0,72.70
1784843747238,0,0,0,72.71
1784843747238,1,0,0,72.53
1784843747375,0,0,0,72.68
1784843747375,1,0,0,72.57
1784843747512,0,0,0,72.71
1784843747512,1,0,0,72.66
1784843747648,0,0,0,72.70
1784843747648,1,0,0,72.51
1784843747784,0,0,0,72.72
1784843747784,1,0,0,72.53
1784843747921,0,0,0,72.71
1784843747921,1,0,0,72.59
1784843748058,0,0,0,72.71
1784843748058,1,0,0,72.53
1784843748194,0,0,0,72.70
1784843748194,1,0,0,72.50
1784843748331,0,0,0,72.69
1784843748331,1,0,0,72.66
1784843748467,0,0,0,72.68
1784843748467,1,0,0,72.61
1784843748604,0,0,0,72.67
1784843748604,1,0,0,72.50
1784843748740,0,0,0,72.65
1784843748740,1,0,0,72.55
1784843748876,0,0,0,72.64
1784843748876,1,0,0,72.60
1784843749013,0,0,0,72.60
1784843749013,1,0,0,72.49
1784843749149,0,0,0,72.60
1784843749149,1,0,0,72.46
1784843749286,0,0,0,72.61
1784843749286,1,0,0,72.56
1784843749423,0,0,0,72.59
1784843749423,1,0,0,72.50
1784843749558,0,0,0,72.58
1784843749558,1,0,0,72.39
1784843749695,0,0,0,72.60
1784843749695,1,0,0,72.47
1784843749830,0,0,0,72.60
1784843749830,1,0,0,72.45
1784843749966,0,0,0,72.65
1784843749966,1,0,0,72.40
1784843750103,0,0,0,72.66
1784843750103,1,0,0,72.42
1784843750244,0,0,0,72.69
1784843750244,1,0,0,72.53
1784843750381,0,0,0,72.68
1784843750381,1,0,0,72.44
1784843750517,0,0,0,72.69
1784843750517,1,0,0,72.42
1784843750653,0,0,0,72.70
1784843750653,1,0,0,72.59
1784843750788,0,0,0,72.68
1784843750788,1,0,0,72.48
1784843750925,0,0,0,72.68
1784843750925,1,0,0,72.41
1784843751061,0,0,0,72.66
1784843751061,1,0,0,72.57
1784843751198,0,0,0,72.67
1784843751198,1,0,0,72.52
1784843751335,0,0,0,72.66
1784843751335,1,0,0,72.41
1784843751471,0,0,0,72.67
1784843751471,1,0,0,72.47
1784843751606,0,0,0,72.67
1784843751606,1,0,0,72.56
1784843751743,0,0,0,72.66
1784843751743,1,0,0,72.43
1784843751878,0,0,0,72.68
1784843751878,1,0,0,72.44
1784843752014,0,0,0,72.67
1784843752014,1,0,0,72.56
1784843752151,0,0,0,72.67
1784843752151,1,0,0,72.42
1784843752288,0,0,0,72.66
1784843752288,1,0,0,72.39
1784843752425,0,0,0,72.66
1784843752425,1,0,0,72.45
1784843752562,0,0,0,72.64
1784843752562,1,0,0,72.45
1784843752698,0,0,0,72.65
1784843752698,1,0,0,72.37
1784843752834,0,0,0,72.64
1784843752834,1,0,0,72.46
1784843752970,0,0,0,72.63
1784843752970,1,0,0,72.47
1784843753106,0,0,0,72.64
1784843753106,1,0,0,72.35
1784843753242,0,0,0,72.66
1784843753242,1,0,0,72.40
1784843753377,0,0,0,72.68
1784843753377,1,0,0,72.51
1784843753514,0,0,0,72.66
1784843753514,1,0,0,72.43
1784843753649,0,0,0,72.67
1784843753649,1,0,0,72.34
1784843753786,0,0,0,72.64
1784843753786,1,0,0,72.44
1784843753922,0,0,0,72.63
1784843753922,1,0,0,72.45
1784843754058,0,0,0,72.64
1784843754058,1,0,0,72.34
1784843754194,0,0,0,72.60
1784843754194,1,0,0,72.37
1784843754331,0,0,0,72.59
1784843754331,1,0,0,72.44
1784843754468,0,0,0,72.58
1784843754468,1,0,0,72.36
1784843754604,0,0,0,72.60
1784843754604,1,0,0,72.38
1784843754740,0,0,0,72.58
1784843754740,1,0,0,72.51
1784843754875,0,0,0,72.57
1784843754875,1,0,0,72.40
1784843755012,0,0,0,72.57
1784843755012,1,0,0,72.36
1784843755148,0,0,0,72.59
1784843755148,1,0,0,72.52
1784843755284,0,0,0,72.60
1784843755284,1,0,0,72.47
1784843755420,0,0,0,72.57
1784843755420,1,0,0,72.38
1784843755557,0,0,0,72.60
1784843755557,1,0,0,72.46
1784843755692,0,0,0,72.60
1784843755692,1,0,0,72.54
1784843755828,0,0,0,72.64
1784843755828,1,0,0,72.43
1784843755964,0,0,0,72.65
1784843755964,1,0,0,72.44
1784843756100,0,0,0,72.63
1784843756100,1,0,0,72.57
1784843756238,0,0,0,72.62
1784843756238,1,0,0,72.43
1784843756374,0,0,0,72.62
1784843756374,1,0,0,72.40
1784843756511,0,0,0,72.62
1784843756511,1,0,0,72.50
1784843756648,0,0,0,72.61
1784843756648,1,0,0,72.46
1784843756785,0,0,0,72.64
1784843756785,1,0,0,72.43
1784843756921,0,0,0,72.61
1784843756921,1,0,0,72.48
1784843757057,0,0,0,72.60
1784843757057,1,0,0,72.60
1784843757194,0,0,0,72.62
1784843757194,1,0,0,72.51
1784843757331,0,0,0,72.63
1784843757331,1,0,0,72.51
1784843757468,0,0,0,72.64
1784843757468,1,0,0,72.68
1784843757603,0,0,0,72.62
1784843757603,1,0,0,72.60
1784843757740,0,0,0,72.61
1784843757740,1,0,0,72.54
1784843757876,0,0,0,72.61
1784843757876,1,0,0,72.67
1784843758012,0,0,0,72.63
1784843758012,1,0,0,72.63
1784843758149,0,0,0,72.62
1784843758149,1,0,0,72.47
1784843758285,0,0,0,72.62
1784843758285,1,0,0,72.51
1784843758422,0,0,0,72.64
1784843758422,1,0,0,72.58
1784843758558,0,0,0,72.64
1784843758558,1,0,0,72.37
1784843758693,0,0,0,72.64
1784843758693,1,0,0,72.37
1784843758832,0,0,0,72.61
1784843758832,1,0,0,72.50
1784843758968,0,0,0,72.62
1784843758968,1,0,0,72.35
1784843759104,0,0,0,72.63
1784843759104,1,0,0,72.34
1784843759241,0,0,0,72.64
1784843759241,1,0,0,72.49
1784843759377,0,0,0,72.63
1784843759377,1,0,0,72.41
1784843759513,0,0,0,72.63
1784843759513,1,0,0,72.36
1784843759648,0,0,0,72.62
1784843759648,1,0,0,72.46
1784843759784,0,0,0,72.61
1784843759784,1,0,0,72.49
1784843759920,0,0,0,72.61
1784843759920,1,0,0,72.38
1784843760055,0,0,0,72.60
1784843760055,1,0,0,72.41
1784843760191,0,0,0,72.58
1784843760191,1,0,0,72.49
1784843760327,0,0,0,72.58
1784843760327,1,0,0,72.42
1784843760463,0,0,0,72.57
1784843760463,1,0,0,72.36
1784843760600,0,0,0,72.55
1784843760600,1,0,0,72.48
1784843760736,0,0,0,72.56
1784843760736,1,0,0,72.44
1784843760872,0,0,0,72.56
1784843760872,1,0,0,72.41
1784843761009,0,0,0,72.56
1784843761009,1,0,0,72.47
1784843761145,0,0,0,72.56
1784843761145,1,0,0,72.54
1784843761281,0,0,0,72.52
1784843761281,1,0,0,72.46
1784843761417,0,0,0,72.52
1784843761417,1,0,0,72.48
1784843761552,0,0,0,72.53
1784843761552,1,0,0,72.63
1784843761689,0,0,0,72.57
1784843761689,1,0,0,72.54
1784843761825,0,0,0,72.56
1784843761825,1,0,0,72.51
1784843761962,0,0,0,72.55
1784843761962,1,0,0,72.70
1784843762099,0,0,0,72.56
1784843762099,1,0,0,72.65
1784843762236,0,0,0,72.58
1784843762236,1,0,0,72.58
1784843762372,0,0,0,72.60
1784843762372,1,0,0,72.69
1784843762509,0,0,0,72.57
1784843762509,1,0,0,72.72
1784843762645,0,0,0,72.58
1784843762645,1,0,0,72.57
1784843762782,0,0,0,72.57
1784843762782,1,0,0,72.61
1784843762918,0,0,0,72.60
1784843762918,1,0,0,72.74
1784843763054,0,0,0,72.63
1784843763054,1,0,0,72.58
1784843763191,0,0,0,72.61
1784843763191,1,0,0,72.57
1784843763328,0,0,0,72.61
1784843763328,1,0,0,72.65
1784843763464,0,0,0,72.60
1784843763464,1,0,0,72.62
1784843763600,0,0,0,72.62
1784843763600,1,0,0,72.57
1784843763736,0,0,0,72.63
1784843763736,1,0,0,72.73
1784843763873,0,0,0,72.65
1784843763873,1,0,0,72.66
1784843764009,0,0,0,72.62
1784843764009,1,0,0,72.58
1784843764145,0,0,0,72.63
1784843764145,1,0,0,72.63
1784843764282,0,0,0,72.63
1784843764282,1,0,0,72.71
1784843764417,0,0,0,72.63
1784843764417,1,0,0,72.58
1784843764554,0,0,0,72.62
1784843764554,1,0,0,72.53
1784843764689,0,0,0,72.61
1784843764689,1,0,0,72.67
1784843764826,0,0,0,72.59
1784843764826,1,0,0,72.61
1784843764963,0,0,0,72.59
1784843764963,1,0,0,72.50
1784843765101,0,0,0,72.59
1784843765101,1,0,0,72.58
1784843765236,0,0,0,72.58
1784843765236,1,0,0,72.56
1784843765373,0,0,0,72.56
1784843765373,1,0,0,72.50
1784843765513,0,0,0,72.57
1784843765513,1,0,0,72.51
1784843765649,0,0,0,72.55
1784843765649,1,0,0,72.56
1784843765785,0,0,0,72.57
1784843765785,1,0,0,72.44
1784843765921,0,0,0,72.54
1784843765921,1,0,0,72.41
1784843766057,0,0,0,72.54
1784843766057,1,0,0,72.54
1784843766193,0,0,0,72.54
1784843766193,1,0,0,72.46
1784843766329,0,0,0,72.56
1784843766329,1,0,0,72.39
1784843766466,0,0,0,72.57
1784843766466,1,0,0,72.48
1784843766602,0,0,0,72.56
1784843766602,1,0,0,72.48
1784843766739,0,0,0,72.55
1784843766739,1,0,0,72.38
1784843766875,0,0,0,72.54
1784843766875,1,0,0,72.42
1784843767011,0,0,0,72.55
1784843767011,1,0,0,72.54
1784843767148,0,0,0,72.53
1784843767148,1,0,0,72.42
1784843767284,0,0,0,72.53
1784843767284,1,0,0,72.41
1784843767421,0,0,0,72.54
1784843767421,1,0,0,72.54
1784843767557,0,0,0,72.57
1784843767557,1,0,0,72.53
1784843767693,0,0,0,72.57
1784843767693,1,0,0,72.49
1784843767830,0,0,0,72.56
1784843767830,1,0,0,72.54
1784843767966,0,0,0,72.57
1784843767966,1,0,0,72.61
1784843768102,0,0,0,72.54
1784843768102,1,0,0,72.52
1784843768239,0,0,0,72.55
1784843768239,1,0,0,72.65
1784843768374,0,0,0,72.54
1784843768374,1,0,0,72.68
1784843768510,0,0,0,72.53
1784843768510,1,0,0,72.57
1784843768646,0,0,0,72.53
1784843768646,1,0,0,72.56
1784843768781,0,0,0,72.54
1784843768781,1,0,0,72.69
1784843768918,0,0,0,72.57
1784843768918,1,0,0,72.63
1784843769052,0,0,0,72.58
1784843769052,1,0,0,72.56
1784843769189,0,0,0,72.59
1784843769189,1,0,0,72.63
1784843769325,0,0,0,72.56
1784843769325,1,0,0,72.71
1784843769461,0,0,0,72.57
1784843769461,1,0,0,72.55
1784843769598,0,0,0,72.55
1784843769598,1,0,0,72.57
1784843769734,0,0,0,72.56
1784843769734,1,0,0,72.70
1784843769870,0,0,0,72.57
1784843769870,1,0,0,72.52
1784843770007,0,0,0,72.54
1784843770007,1,0,0,72.52
1784843770145,0,0,0,72.54
1784843770145,1,0,0,72.65
1784843770282,0,0,0,72.54
1784843770282,1,0,0,72.56
1784843770419,0,0,0,72.55
1784843770419,1,0,0,72.50
1784843770556,0,0,0,72.53
1784843770556,1,0,0,72.61
1784843770692,0,0,0,72.52
1784843770692,1,0,0,72.55
1784843770830,0,0,0,72.51
1784843770830,1,0,0,72.48
1784843770966,0,0,0,72.53
1784843770966,1,0,0,72.52
1784843771103,0,0,0,72.56
1784843771103,1,0,0,72.59
1784843771239,0,0,0,72.56
1784843771239,1,0,0,72.42
1784843771376,0,0,0,72.59
1784843771376,1,0,0,72.43
1784843771512,0,0,0,72.57
1784843771512,1,0,0,72.55
1784843771648,0,0,0,72.57
1784843771648,1,0,0,72.46
1784843771785,0,0,0,72.57
1784843771785,1,0,0,72.43
1784843771922,0,0,0,72.55
1784843771922,1,0,0,72.48
1784843772058,0,0,0,72.54
1784843772058,1,0,0,72.52
1784843772194,0,0,0,72.52
1784843772194,1,0,0,72.45
1784843772331,0,0,0,72.51
1784843772331,1,0,0,72.45
1784843772467,0,0,0,72.50
1784843772467,1,0,0,72.57
1784843772605,0,0,0,72.52
1784843772605,1,0,0,72.48
1784843772741,0,0,0,72.50
1784843772741,1,0,0,72.48
1784843772878,0,0,0,72.51
1784843772878,1,0,0,72.58
1784843773014,0,0,0,72.49
1784843773014,1,0,0,72.51
1784843773151,0,0,0,72.47
1784843773151,1,0,0,72.46
1784843773287,0,0,0,72.49
1784843773287,1,0,0,72.56
1784843773423,0,0,0,72.48
1784843773423,1,0,0,72.62
1784843773559,0,0,0,72.49
1784843773559,1,0,0,72.46
1784843773695,0,0,0,72.48
1784843773695,1,0,0,72.52
1784843773832,0,0,0,72.47
1784843773832,1,0,0,72.66
1784843773968,0,0,0,72.47
1784843773968,1,0,0,72.51
1784843774105,0,0,0,72.49
1784843774105,1,0,0,72.50
1784843774242,0,0,0,72.49
1784843774242,1,0,0,72.67
1784843774378,0,0,0,72.47
1784843774378,1,0,0,72.57
1784843774515,0,0,0,72.49
1784843774515,1,0,0,72.54
1784843774651,0,0,0,72.48
1784843774651,1,0,0,72.68
1784843774788,0,0,0,72.50
1784843774788,1,0,0,72.60
1784843774924,0,0,0,72.51
1784843774924,1,0,0,72.54
1784843775061,0,0,0,72.52
1784843775061,1,0,0,72.58
1784843775199,0,0,0,72.49
1784843775199,1,0,0,72.65
1784843775335,0,0,0,72.50
1784843775335,1,0,0,72.54
1784843775471,0,0,0,72.48
1784843775471,1,0,0,72.48
1784843775607,0,0,0,72.51
1784843775607,1,0,0,72.60
1784843775744,0,0,0,72.51
1784843775744,1,0,0,72.48
1784843775880,0,0,0,72.49
1784843775880,1,0,0,72.45
1784843776017,0,0,0,72.50
1784843776017,1,0,0,72.53
1784843776153,0,0,0,72.52
1784843776153,1,0,0,72.52
1784843776289,0,0,0,72.51
1784843776289,1,0,0,72.45
1784843776426,0,0,0,72.53
1784843776426,1,0,0,72.44
1784843776563,0,0,0,72.51
1784843776563,1,0,0,72.56
1784843776699,0,0,0,72.51
1784843776699,1,0,0,72.46
1784843776835,0,0,0,72.51
1784843776835,1,0,0,72.45
1784843776972,0,0,0,72.53
1784843776972,1,0,0,72.62
1784843777108,0,0,0,72.51
1784843777108,1,0,0,72.56
1784843777244,0,0,0,72.53
1784843777244,1,0,0,72.50
1784843777381,0,0,0,72.53
1784843777381,1,0,0,72.61
1784843777518,0,0,0,72.52
1784843777518,1,0,0,72.60
1784843777653,0,0,0,72.53
1784843777653,1,0,0,72.49
1784843777789,0,0,0,72.52
1784843777789,1,0,0,72.53
1784843777926,0,0,0,72.51
1784843777926,1,0,0,72.62
1784843778062,0,0,0,72.51
1784843778062,1,0,0,72.47
1784843778199,0,0,0,72.51
1784843778199,1,0,0,72.45
1784843778335,0,0,0,72.49
1784843778335,1,0,0,72.57
1784843778470,0,0,0,72.49
1784843778470,1,0,0,72.51
1784843778607,0,0,0,72.49
1784843778607,1,0,0,72.48
1784843778743,0,0,0,72.50
1784843778743,1,0,0,72.62
1784843778880,0,0,0,72.52
1784843778880,1,0,0,72.58
1784843779015,0,0,0,72.51
1784843779015,1,0,0,72.48
1784843779149,0,0,0,72.51
1784843779149,1,0,0,72.56
1784843779286,0,0,0,72.52
1784843779286,1,0,0,72.61
1784843779423,0,0,0,72.51
1784843779423,1,0,0,72.48
1784843779560,0,0,0,72.51
1784843779560,1,0,0,72.47
1784843779698,0,0,0,72.47
1784843779698,1,0,0,72.61
1784843779835,0,0,0,72.47
1784843779835,1,0,0,72.56
1784843779971,0,0,0,72.47
1784843779971,1,0,0,72.49
1784843780108,0,0,0,72.47
1784843780108,1,0,0,72.59
1784843780244,0,0,0,72.45
1784843780244,1,0,0,72.56
1784843780380,0,0,0,72.49
1784843780380,1,0,0,72.53
1784843780516,0,0,0,72.46
1784843780516,1,0,0,72.55
1784843780653,0,0,0,72.48
1784843780653,1,0,0,72.61
1784843780796,0,0,0,72.49
1784843780796,1,0,0,72.52
1784843780933,0,0,0,72.50
1784843780933,1,0,0,72.50
1784843781069,0,0,0,72.49
1784843781069,1,0,0,72.64
1784843781206,0,0,0,72.48
1784843781206,1,0,0,72.54
1784843781341,0,0,0,72.48
1784843781341,1,0,0,72.49
1784843781478,0,0,0,72.46
1784843781478,1,0,0,72.64
1784843781614,0,0,0,72.50
1784843781614,1,0,0,72.56
1784843781750,0,0,0,72.48
1784843781750,1,0,0,72.48
1784843781886,0,0,0,72.50
1784843781886,1,0,0,72.58
1784843782022,0,0,0,72.51
1784843782022,1,0,0,72.62
1784843782160,0,0,0,72.53
1784843782160,1,0,0,72.45
1784843782297,0,0,0,72.52
1784843782297,1,0,0,72.50
1784843782434,0,0,0,72.52
1784843782434,1,0,0,72.61
1784843782571,0,0,0,72.51
1784843782571,1,0,0,72.48
1784843782707,0,0,0,72.52
1784843782707,1,0,0,72.47
1784843782844,0,0,0,72.52
1784843782844,1,0,0,72.64
1784843782982,0,0,0,72.52
1784843782982,1,0,0,72.55
1784843783118,0,0,0,72.53
1784843783118,1,0,0,72.50
1784843783255,0,0,0,72.52
1784843783255,1,0,0,72.62
1784843783391,0,0,0,72.51
1784843783391,1,0,0,72.61
1784843783526,0,0,0,72.54
1784843783526,1,0,0,72.52
1784843783663,0,0,0,72.55
1784843783663,1,0,0,72.56
1784843783799,0,0,0,72.54
1784843783799,1,0,0,72.63
1784843783936,0,0,0,72.53
1784843783936,1,0,0,72.55
1784843784072,0,0,0,72.54
1784843784072,1,0,0,72.49
1784843784209,0,0,0,72.51
1784843784209,1,0,0,72.62
1784843784345,0,0,0,72.51
1784843784345,1,0,0,72.51
1784843784483,0,0,0,72.52
1784843784483,1,0,0,72.49
1784843784619,0,0,0,72.51
1784843784619,1,0,0,72.52
1784843784756,0,0,0,72.52
1784843784756,1,0,0,72.58
1784843784892,0,0,0,72.51
1784843784892,1,0,0,72.51
1784843785029,0,0,0,72.53
1784843785029,1,0,0,72.50
1784843785164,0,0,0,72.53
1784843785164,1,0,0,72.65
1784843785301,0,0,0,72.54
1784843785301,1,0,0,72.54
1784843785437,0,0,0,72.52
1784843785437,1,0,0,72.54
1784843785573,0,0,0,72.52
1784843785573,1,0,0,72.70
1784843785708,0,0,0,72.49
1784843785708,1,0,0,72.61
1784843785844,0,0,0,72.50
1784843785844,1,0,0,72.56
1784843785979,0,0,0,72.50
1784843785979,1,0,0,72.65
1784843786115,0,0,0,72.51
1784843786115,1,0,0,72.68
1784843786252,0,0,0,72.53
1784843786252,1,0,0,72.55
1784843786388,0,0,0,72.52
1784843786388,1,0,0,72.57
1784843786523,0,0,0,72.57
1784843786523,1,0,0,72.71
1784843786660,0,0,0,72.57
1784843786660,1,0,0,72.57
1784843786795,0,0,0,72.57
1784843786795,1,0,0,72.55
1784843786931,0,0,0,72.54
1784843786931,1,0,0,72.64
1784843787067,0,0,0,72.54
1784843787067,1,0,0,72.59
1784843787204,0,0,0,72.51
1784843787204,1,0,0,72.53
1784843787340,0,0,0,72.52
1784843787340,1,0,0,72.54
1784843787477,0,0,0,72.54
1784843787477,1,0,0,72.60
1784843787613,0,0,0,72.53
1784843787613,1,0,0,72.50
1784843787750,0,0,0,72.54
1784843787750,1,0,0,72.57
1784843787886,0,0,0,72.56
1784843787886,1,0,0,72.64
1784843788021,0,0,0,72.59
1784843788021,1,0,0,72.52
1784843788157,0,0,0,72.59
1784843788157,1,0,0,72.50
1784843788294,0,0,0,72.58
1784843788294,1,0,0,72.60
1784843788431,0,0,0,72.57
1784843788431,1,0,0,72.56
1784843788565,0,0,0,72.57
1784843788565,1,0,0,72.48
1784843788702,0,0,0,72.57
1784843788702,1,0,0,72.54
1784843788838,0,0,0,72.55
1784843788838,1,0,0,72.64
1784843788975,0,0,0,72.56
1784843788975,1,0,0,72.48
1784843789111,0,0,0,72.56
1784843789111,1,0,0,72.48
1784843789248,0,0,0,72.58
1784843789248,1,0,0,72.60
1784843789385,0,0,0,72.59
1784843789385,1,0,0,72.50
1784843789521,0,0,0,72.57
1784843789521,1,0,0,72.48
1784843789657,0,0,0,72.57
1784843789657,1,0,0,72.63
1784843789793,0,0,0,72.56
1784843789793,1,0,0,72.57
1784843789929,0,0,0,72.54
1784843789929,1,0,0,72.50
1784843790066,0,0,0,72.52
1784843790066,1,0,0,72.57
1784843790202,0,0,0,72.51
1784843790202,1,0,0,72.60
1784843790339,0,0,0,72.49
1784843790339,1,0,0,72.48
1784843790476,0,0,0,72.49
1784843790476,1,0,0,72.44
1784843790611,0,0,0,72.48
1784843790611,1,0,0,72.57
1784843790747,0,0,0,72.49
1784843790747,1,0,0,72.38
1784843790884,0,0,0,72.51
1784843790884,1,0,0,72.36
1784843791020,0,0,0,72.51
1784843791020,1,0,0,72.45
1784843791156,0,0,0,72.53
1784843791156,1,0,0,72.40
1784843791293,0,0,0,72.52
1784843791293,1,0,0,72.38
1784843791430,0,0,0,72.50
1784843791430,1,0,0,72.40
1784843791566,0,0,0,72.50
1784843791566,1,0,0,72.46
1784843791703,0,0,0,72.50
1784843791703,1,0,0,72.40
1784843791839,0,0,0,72.50
1784843791839,1,0,0,72.39
1784843791975,0,0,0,72.49
1784843791975,1,0,0,72.54
1784843792112,0,0,0,72.50
1784843792112,1,0,0,72.45
1784843792248,0,0,0,72.51
1784843792248,1,0,0,72.45
1784843792385,0,0,0,72.54
1784843792385,1,0,0,72.58
1784843792521,0,0,0,72.56
1784843792521,1,0,0,72.57
1784843792657,0,0,0,72.56
1784843792657,1,0,0,72.48
1784843792794,0,0,0,72.56
1784843792794,1,0,0,72.57
1784843792930,0,0,0,72.53
1784843792930,1,0,0,72.67
1784843793068,0,0,0,72.52
1784843793068,1,0,0,72.51
1784843793204,0,0,0,72.53
1784843793204,1,0,0,72.54
1784843793341,0,0,0,72.53
1784843793341,1,0,0,72.68
1784843793476,0,0,0,72.53
1784843793476,1,0,0,72.55
1784843793612,0,0,0,72.56
1784843793612,1,0,0,72.54
1784843793748,0,0,0,72.55
1784843793748,1,0,0,72.70
1784843793885,0,0,0,72.56
1784843793885,1,0,0,72.60
1784843794021,0,0,0,72.59
1784843794021,1,0,0,72.57
1784843794157,0,0,0,72.58
1784843794157,1,0,0,72.67
1784843794294,0,0,0,72.57
1784843794294,1,0,0,72.66
1784843794431,0,0,0,72.57
1784843794431,1,0,0,72.58
1784843794567,0,0,0,72.56
1784843794567,1,0,0,72.56
1784843794704,0,0,0,72.56
1784843794704,1,0,0,72.65
1784843794840,0,0,0,72.57
1784843794840,1,0,0,72.60
1784843794977,0,0,0,72.56
1784843794977,1,0,0,72.50
1784843795114,0,0,0,72.56
1784843795114,1,0,0,72.60
1784843795250,0,0,0,72.58
1784843795250,1,0,0,72.53
1784843795387,0,0,0,72.58
1784843795387,1,0,0,72.50
1784843795523,0,0,0,72.59
1784843795523,1,0,0,72.52
1784843795659,0,0,0,72.59
1784843795659,1,0,0,72.60
1784843795795,0,0,0,72.59
1784843795795,1,0,0,72.51
1784843795931,0,0,0,72.60
1784843795931,1,0,0,72.49
1784843796076,0,0,0,72.60
1784843796076,1,0,0,72.63
1784843796213,0,0,0,72.60
1784843796213,1,0,0,72.53
1784843796350,0,0,0,72.60
1784843796350,1,0,0,72.48
1784843796486,0,0,0,72.60
1784843796486,1,0,0,72.65
1784843796622,0,0,0,72.57
1784843796622,1,0,0,72.62
1784843796759,0,0,0,72.58
1784843796759,1,0,0,72.54
1784843796895,0,0,0,72.58
1784843796895,1,0,0,72.64
1784843797031,0,0,0,72.59
1784843797031,1,0,0,72.72
1784843797167,0,0,0,72.59
1784843797167,1,0,0,72.61
1784843797304,0,0,0,72.57
1784843797304,1,0,0,72.63
1784843797441,0,0,0,72.58
1784843797441,1,0,0,72.74
1784843797577,0,0,0,72.57
1784843797577,1,0,0,72.64
1784843797713,0,0,0,72.58
1784843797713,1,0,0,72.60
1784843797850,0,0,0,72.56
1784843797850,1,0,0,72.65
1784843797985,0,0,0,72.57
1784843797985,1,0,0,72.66
1784843798121,0,0,0,72.56
1784843798121,1,0,0,72.58
1784843798258,0,0,0,72.58
1784843798258,1,0,0,72.68
1784843798394,0,0,0,72.60
1784843798394,1,0,0,72.71
1784843798529,0,0,0,72.61
1784843798529,1,0,0,72.58
1784843798666,0,0,0,72.64
1784843798666,1,0,0,72.60
1784843798802,0,0,0,72.64
1784843798802,1,0,0,72.72
1784843798937,0,0,0,72.64
1784843798937,1,0,0,72.64
1784843799073,0,0,0,72.63
1784843799073,1,0,0,72.58
1784843799209,0,0,0,72.64
1784843799209,1,0,0,72.68
1784843799346,0,0,0,72.66
1784843799346,1,0,0,72.67
1784843799482,0,0,0,72.68
1784843799482,1,0,0,72.53
1784843799619,0,0,0,72.68
1784843799619,1,0,0,72.59
1784843799756,0,0,0,72.68
1784843799756,1,0,0,72.62
1784843799892,0,0,0,72.70
1784843799892,1,0,0,72.54
1784843800029,0,0,0,72.71
1784843800029,1,0,0,72.54
1784843800166,0,0,0,72.72
1784843800166,1,0,0,72.68
1784843800303,0,0,0,72.72
1784843800303,1,0,0,72.59
1784843800440,0,0,0,72.70
1784843800440,1,0,0,72.56
1784843800576,0,0,0,72.69
1784843800576,1,0,0,72.69
1784843800711,0,0,0,72.71
1784843800711,1,0,0,72.64
1784843800847,0,0,0,72.71
1784843800847,1,0,0,72.57
1784843800984,0,0,0,72.71
1784843800984,1,0,0,72.63
1784843801120,0,0,0,72.72
1784843801120,1,0,0,72.72
1784843801257,0,0,0,72.71
1784843801257,1,0,0,72.58
1784843801393,0,0,0,72.70
1784843801393,1,0,0,72.61
1784843801529,0,0,0,72.70
1784843801529,1,0,0,72.72
1784843801666,0,0,0,72.71
1784843801666,1,0,0,72.62
1784843801802,0,0,0,72.71
1784843801802,1,0,0,72.63
1784843801938,0,0,0,72.69
1784843801938,1,0,0,72.70
1784843802074,0,0,0,72.69
1784843802074,1,0,0,72.69
1784843802211,0,0,0,72.68
1784843802211,1,0,0,72.64
1784843802349,0,0,0,72.69
1784843802349,1,0,0,72.65
1784843802485,0,0,0,72.68
1784843802485,1,0,0,72.73
1784843802621,0,0,0,72.68
1784843802621,1,0,0,72.64
1784843802758,0,0,0,72.67
1784843802758,1,0,0,72.66
1784843802894,0,0,0,72.66
1784843802894,1,0,0,72.78
1784843803030,0,0,0,72.68
1784843803030,1,0,0,72.67
1784843803166,0,0,0,72.66
1784843803166,1,0,0,72.61
1784843803302,0,0,0,72.67
1784843803302,1,0,0,72.71
1784843803438,0,0,0,72.67
1784843803438,1,0,0,72.76
1784843803574,0,0,0,72.69
1784843803574,1,0,0,72.63
1784843803711,0,0,0,72.67
1784843803711,1,0,0,72.67
1784843803847,0,0,0,72.68
1784843803847,1,0,0,72.78
1784843803983,0,0,0,72.68
1784843803983,1,0,0,72.64
1784843804119,0,0,0,72.68
1784843804119,1,0,0,72.64
1784843804256,0,0,0,72.70
1784843804256,1,0,0,72.79
1784843804393,0,0,0,72.70
1784843804393,1,0,0,72.69
1784843804529,0,0,0,72.72
1784843804529,1,0,0,72.62
1784843804665,0,0,0,72.73
1784843804665,1,0,0,72.77
1784843804800,0,0,0,72.73
1784843804800,1,0,0,72.74
1784843804936,0,0,0,72.74
1784843804936,1,0,0,72.63
1784843805073,0,0,0,72.74
1784843805073,1,0,0,72.74
1784843805210,0,0,0,72.73
1784843805210,1,0,0,72.76
1784843805346,0,0,0,72.72
1784843805346,1,0,0,72.66
1784843805481,0,0,0,72.74
1784843805481,1,0,0,72.66
1784843805617,0,0,0,72.72
1784843805617,1,0,0,72.75
1784843805754,0,0,0,72.74
1784843805754,1,0,0,72.71
1784843805890,0,0,0,72.75
1784843805890,1,0,0,72.62
1784843806026,0,0,0,72.73
1784843806026,1,0,0,72.67
1784843806162,0,0,0,72.75
1784843806162,1,0,0,72.66
1784843806299,0,0,0,72.75
1784843806299,1,0,0,72.60
1784843806435,0,0,0,72.77
1784843806435,1,0,0,72.61
1784843806572,0,0,0,72.77
1784843806572,1,0,0,72.73
1784843806708,0,0,0,72.79
1784843806708,1,0,0,72.64
1784843806845,0,0,0,72.79
1784843806845,1,0,0,72.62
1784843806981,0,0,0,72.81
1784843806981,1,0,0,72.77
1784843807117,0,0,0,72.82
1784843807117,1,0,0,72.68
1784843807253,0,0,0,72.81
1784843807253,1,0,0,72.62
1784843807390,0,0,0,72.83
1784843807390,1,0,0,72.75
1784843807528,0,0,0,72.80
1784843807528,1,0,0,72.77
1784843807664,0,0,0,72.81
1784843807664,1,0,0,72.63
1784843807801,0,0,0,72.79
1784843807801,1,0,0,72.66
1784843807937,0,0,0,72.79
1784843807937,1,0,0,72.80
1784843808073,0,0,0,72.77
1784843808073,1,0,0,72.64
1784843808210,0,0,0,72.77
1784843808210,1,0,0,72.64
1784843808347,0,0,0,72.76
1784843808347,1,0,0,72.76
1784843808483,0,0,0,72.77
1784843808483,1,0,0,72.69
1784843808619,0,0,0,72.79
1784843808619,1,0,0,72.65
1784843808755,0,0,0,72.80
1784843808755,1,0,0,72.71
1784843808891,0,0,0,72.80
1784843808891,1,0,0,72.74
1784843809028,0,0,0,72.79
1784843809028,1,0,0,72.68
1784843809162,0,0,0,72.80
1784843809162,1,0,0,72.78
1784843809298,0,0,0,72.80
1784843809298,1,0,0,72.82
1784843809436,0,0,0,72.81
1784843809436,1,0,0,72.71
1784843809571,0,0,0,72.81
1784843809571,1,0,0,72.71
1784843809707,0,0,0,72.79
1784843809707,1,0,0,72.82
1784843809845,0,0,0,72.79
1784843809845,1,0,0,72.77
1784843809982,0,0,0,72.78
1784843809982,1,0,0,72.62
1784843810117,0,0,0,72.82
1784843810117,1,0,0,72.68
1784843810254,0,0,0,72.83
1784843810254,1,0,0,72.73
1784843810391,0,0,0,72.84
1784843810391,1,0,0,72.54
1784843810527,0,0,0,72.83
1784843810527,1,0,0,72.52
1784843810662,0,0,0,72.81
1784843810662,1,0,0,72.58
1784843810798,0,0,0,72.82
1784843810798,1,0,0,72.48
1784843810935,0,0,0,72.82
1784843810935,1,0,0,72.46
1784843811071,0,0,0,72.83
1784843811071,1,0,0,72.66
1784843811207,0,0,0,72.83
1784843811207,1,0,0,72.55
1784843811355,0,0,0,72.85
1784843811355,1,0,0,72.51
1784843811493,0,0,0,72.85
1784843811493,1,0,0,72.68
1784843811629,0,0,0,72.87
1784843811629,1,0,0,72.68
1784843811765,0,0,0,72.89
1784843811765,1,0,0,72.61
1784843811901,0,0,0,72.90
1784843811901,1,0,0,72.68
1784843812038,0,0,0,72.88
1784843812038,1,0,0,72.76
1784843812173,0,0,0,72.86
1784843812173,1,0,0,72.64
1784843812310,0,0,0,72.86
1784843812310,1,0,0,72.67
1784843812447,0,0,0,72.85
1784843812447,1,0,0,72.78
1784843812583,0,0,0,72.89
1784843812583,1,0,0,72.71
1784843812719,0,0,0,72.88
1784843812719,1,0,0,72.68
1784843812855,0,0,0,72.88
1784843812855,1,0,0,72.73
1784843812992,0,0,0,72.91
1784843812992,1,0,0,72.80
1784843813128,0,0,0,72.91
1784843813128,1,0,0,72.69
1784843813264,0,0,0,72.92
1784843813264,1,0,0,72.73
1784843813400,0,0,0,72.92
1784843813400,1,0,0,72.77
1784843813536,0,0,0,72.88
1784843813536,1,0,0,72.63
1784843813672,0,0,0,72.88
1784843813672,1,0,0,72.59
1784843813808,0,0,0,72.88
1784843813808,1,0,0,72.71
1784843813944,0,0,0,72.86
1784843813944,1,0,0,72.63
1784843814080,0,0,0,72.88
1784843814080,1,0,0,72.53
1784843814216,0,0,0,72.88
1784843814216,1,0,0,72.63
1784843814352,0,0,0,72.86
1784843814352,1,0,0,72.68
1784843814488,0,0,0,72.89
1784843814488,1,0,0,72.54
1784843814624,0,0,0,72.88
1784843814624,1,0,0,72.57
1784843814761,0,0,0,72.88
1784843814761,1,0,0,72.64
1784843814897,0,0,0,72.87
1784843814897,1,0,0,72.60
1784843815033,0,0,0,72.85
1784843815033,1,0,0,72.60
1784843815169,0,0,0,72.86
1784843815169,1,0,0,72.80
1784843815306,0,0,0,72.86
1784843815306,1,0,0,72.69
1784843815442,0,0,0,72.88
1784843815442,1,0,0,72.67
1784843815577,0,0,0,72.87
1784843815577,1,0,0,72.86
1784843815712,0,0,0,72.90
1784843815712,1,0,0,72.83
1784843815849,0,0,0,72.90
1784843815849,1,0,0,72.73
1784843815984,0,0,0,72.93
1784843815984,1,0,0,72.79
1784843816120,0,0,0,72.94
1784843816120,1,0,0,72.88
1784843816257,0,0,0,72.94
1784843816257,1,0,0,72.79
1784843816393,0,0,0,72.93
1784843816393,1,0,0,72.74
1784843816530,0,0,0,72.92
1784843816530,1,0,0,72.87
1784843816667,0,0,0,72.93
1784843816667,1,0,0,72.74
1784843816804,0,0,0,72.92
1784843816804,1,0,0,72.72
1784843816942,0,0,0,72.92
1784843816942,1,0,0,72.78
1784843817078,0,0,0,72.91
1784843817078,1,0,0,72.79
1784843817214,0,0,0,72.92
1784843817214,1,0,0,72.72
1784843817351,0,0,0,72.93
1784843817351,1,0,0,72.73
1784843817487,0,0,0,72.92
1784843817487,1,0,0,72.82
1784843817624,0,0,0,72.94
1784843817624,1,0,0,72.73
1784843817761,0,0,0,72.94
1784843817761,1,0,0,72.74
1784843817898,0,0,0,72.95
1784843817898,1,0,0,72.85
1784843818034,0,0,0,72.94
1784843818034,1,0,0,72.78
1784843818171,0,0,0,72.95
1784843818171,1,0,0,72.71
1784843818308,0,0,0,72.95
1784843818308,1,0,0,72.80
1784843818445,0,0,0,72.94
1784843818445,1,0,0,72.84
1784843818582,0,0,0,72.96
1784843818582,1,0,0,72.70
1784843818718,0,0,0,72.96
1784843818718,1,0,0,72.75
1784843818855,0,0,0,72.96
1784843818855,1,0,0,72.87
1784843818992,0,0,0,72.95
1784843818992,1,0,0,72.74
1784843819128,0,0,0,72.95
1784843819128,1,0,0,72.74
1784843819266,0,0,0,72.96
1784843819266,1,0,0,72.89
1784843819402,0,0,0,72.94
1784843819402,1,0,0,72.78
1784843819539,0,0,0,72.94
1784843819539,1,0,0,72.75
1784843819674,0,0,0,72.95
1784843819674,1,0,0,72.90
1784843819811,0,0,0,72.94
1784843819811,1,0,0,72.83
1784843819947,0,0,0,72.95
1784843819947,1,0,0,72.75
1784843820084,0,0,0,72.96
1784843820084,1,0,0,72.83
1784843820220,0,0,0,72.93
1784843820220,1,0,0,72.89
1784843820356,0,0,0,72.96
1784843820356,1,0,0,72.78
1784843820493,0,0,0,72.96
1784843820493,1,0,0,72.77
1784843820629,0,0,0,72.94
1784843820629,1,0,0,72.89
1784843820764,0,0,0,72.92
1784843820764,1,0,0,72.75
1784843820902,0,0,0,72.90
1784843820902,1,0,0,72.72
1784843821038,0,0,0,72.89
1784843821038,1,0,0,72.81
1784843821175,0,0,0,72.88
1784843821175,1,0,0,72.78
1784843821312,0,0,0,72.89
1784843821312,1,0,0,72.73
1784843821448,0,0,0,72.86
1784843821448,1,0,0,72.76
1784843821585,0,0,0,72.87
1784843821585,1,0,0,72.87
1784843821721,0,0,0,72.86
1784843821721,1,0,0,72.76
1784843821859,0,0,0,72.87
1784843821859,1,0,0,72.74
1784843821996,0,0,0,72.89
1784843821996,1,0,0,72.91
1784843822131,0,0,0,72.90
1784843822131,1,0,0,72.80
1784843822268,0,0,0,72.90
1784843822268,1,0,0,72.74
1784843822405,0,0,0,72.91
1784843822405,1,0,0,72.83
1784843822540,0,0,0,72.90
1784843822540,1,0,0,72.79
1784843822676,0,0,0,72.89
1784843822676,1,0,0,72.68
1784843822811,0,0,0,72.89
1784843822811,1,0,0,72.75
1784843822947,0,0,0,72.87
1784843822947,1,0,0,72.82
1784843823083,0,0,0,72.86
1784843823083,1,0,0,72.65
1784843823220,0,0,0,72.87
1784843823220,1,0,0,72.67
1784843823357,0,0,0,72.86
1784843823357,1,0,0,72.75
1784843823491,0,0,0,72.89
1784843823491,1,0,0,72.64
1784843823628,0,0,0,72.89
1784843823628,1,0,0,72.63
1784843823764,0,0,0,72.89
1784843823764,1,0,0,72.76
1784843823900,0,0,0,72.89
1784843823900,1,0,0,72.67
1784843824036,0,0,0,72.88
1784843824036,1,0,0,72.64
1784843824172,0,0,0,72.89
1784843824172,1,0,0,72.75
1784843824309,0,0,0,72.87
1784843824309,1,0,0,72.78
1784843824444,0,0,0,72.90
1784843824444,1,0,0,72.67
1784843824580,0,0,0,72.88
1784843824580,1,0,0,72.72
1784843824716,0,0,0,72.92
1784843824716,1,0,0,72.82
1784843824852,0,0,0,72.91
1784843824852,1,0,0,72.71
1784843824988,0,0,0,72.92
1784843824988,1,0,0,72.65
1784843825124,0,0,0,72.92
1784843825124,1,0,0,72.77
1784843825261,0,0,0,72.89
1784843825261,1,0,0,72.80
1784843825397,0,0,0,72.89
1784843825397,1,0,0,72.68
1784843825533,0,0,0,72.87
1784843825533,1,0,0,72.72
1784843825669,0,0,0,72.87
1784843825669,1,0,0,72.77
1784843825806,0,0,0,72.86
1784843825806,1,0,0,72.70
1784843825942,0,0,0,72.85
1784843825942,1,0,0,72.71
1784843826078,0,0,0,72.81
1784843826078,1,0,0,72.82
1784843826213,0,0,0,72.83
1784843826213,1,0,0,72.71
1784843826349,0,0,0,72.84
1784843826349,1,0,0,72.66
1784843826486,0,0,0,72.83
1784843826486,1,0,0,72.82
1784843826627,0,0,0,72.81
1784843826627,1,0,0,72.73
1784843826764,0,0,0,72.79
1784843826764,1,0,0,72.64
1784843826901,0,0,0,72.81
1784843826901,1,0,0,72.74
1784843827036,0,0,0,72.81
1784843827036,1,0,0,72.81
1784843827173,0,0,0,72.80
1784843827173,1,0,0,72.65
1784843827310,0,0,0,72.80
1784843827310,1,0,0,72.70
1784843827446,0,0,0,72.80
1784843827446,1,0,0,72.82
1784843827582,0,0,0,72.82
1784843827582,1,0,0,72.68
1784843827717,0,0,0,72.82
1784843827717,1,0,0,72.68
1784843827854,0,0,0,72.82
1784843827854,1,0,0,72.78
1784843827990,0,0,0,72.83
1784843827990,1,0,0,72.70
1784843828126,0,0,0,72.82
1784843828126,1,0,0,72.65
1784843828263,0,0,0,72.82
1784843828263,1,0,0,72.68
1784843828399,0,0,0,72.81
1784843828399,1,0,0,72.73
1784843828535,0,0,0,72.80
1784843828535,1,0,0,72.64
1784843828671,0,0,0,72.80
1784843828671,1,0,0,72.71
1784843828806,0,0,0,72.80
1784843828806,1,0,0,72.79
1784843828942,0,0,0,72.79
1784843828942,1,0,0,72.67
1784843829078,0,0,0,72.80
1784843829078,1,0,0,72.64
1784843829214,0,0,0,72.82
1784843829214,1,0,0,72.78
1784843829350,0,0,0,72.83
1784843829350,1,0,0,72.76
1784843829486,0,0,0,72.84
1784843829486,1,0,0,72.66
1784843829621,0,0,0,72.84
1784843829621,1,0,0,72.73
1784843829757,0,0,0,72.83
1784843829757,1,0,0,72.80
1784843829893,0,0,0,72.83
1784843829893,1,0,0,72.65
1784843830029,0,0,0,72.83
1784843830029,1,0,0,72.66
1784843830168,0,0,0,72.82
1784843830168,1,0,0,72.74
1784843830304,0,0,0,72.83
1784843830304,1,0,0,72.65
1784843830440,0,0,0,72.80
1784843830440,1,0,0,72.62
1784843830577,0,0,0,72.82
1784843830577,1,0,0,72.78
1784843830713,0,0,0,72.85
1784843830713,1,0,0,72.69
1784843830849,0,0,0,72.84
1784843830849,1,0,0,72.61
1784843830985,0,0,0,72.81
1784843830985,1,0,0,72.74
1784843831121,0,0,0,72.78
1784843831121,1,0,0,72.74
1784843831257,0,0,0,72.77
1784843831257,1,0,0,72.64
1784843831394,0,0,0,72.77
1784843831394,1,0,0,72.66
1784843831530,0,0,0,72.77
1784843831530,1,0,0,72.75
1784843831666,0,0,0,72.75
1784843831666,1,0,0,72.60
1784843831803,0,0,0,72.75
1784843831803,1,0,0,72.61
1784843831940,0,0,0,72.73
1784843831940,1,0,0,72.71
1784843832076,0,0,0,72.74
1784843832076,1,0,0,72.61
1784843832213,0,0,0,72.75
1784843832213,1,0,0,72.57
1784843832349,0,0,0,72.75
1784843832349,1,0,0,72.60
1784843832485,0,0,0,72.76
1784843832485,1,0,0,72.64
1784843832622,0,0,0,72.71
1784843832622,1,0,0,72.56
1784843832757,0,0,0,72.73
1784843832757,1,0,0,72.57
1784843832894,0,0,0,72.75
1784843832894,1,0,0,72.73
1784843833030,0,0,0,72.76
1784843833030,1,0,0,72.62
1784843833167,0,0,0,72.76
1784843833167,1,0,0,72.63
1784843833305,0,0,0,72.75
1784843833305,1,0,0,72.77
1784843833441,0,0,0,72.72
1784843833441,1,0,0,72.69
1784843833577,0,0,0,72.73
1784843833577,1,0,0,72.61
1784843833713,0,0,0,72.76
1784843833713,1,0,0,72.70
1784843833849,0,0,0,72.74
1784843833849,1,0,0,72.72
1784843833984,0,0,0,72.74
1784843833984,1,0,0,72.54
1784843834120,0,0,0,72.71
1784843834120,1,0,0,72.60
1784843834257,0,0,0,72.71
1784843834257,1,0,0,72.69
1784843834393,0,0,0,72.71
1784843834393,1,0,0,72.54
1784843834529,0,0,0,72.72
1784843834529,1,0,0,72.53
1784843834665,0,0,0,72.70
1784843834665,1,0,0,72.61
1784843834801,0,0,0,72.67
1784843834801,1,0,0,72.57
1784843834937,0,0,0,72.68
1784843834937,1,0,0,72.53
1784843835074,0,0,0,72.68
1784843835074,1,0,0,72.65
1784843835210,0,0,0,72.70
1784843835210,1,0,0,72.64
1784843835347,0,0,0,72.70
1784843835347,1,0,0,72.55
1784843835482,0,0,0,72.69
1784843835482,1,0,0,72.62
1784843835618,0,0,0,72.70
1784843835618,1,0,0,72.70
1784843835754,0,0,0,72.70
1784843835754,1,0,0,72.61
1784843835891,0,0,0,72.70
1784843835891,1,0,0,72.58
1784843836027,0,0,0,72.69
1784843836027,1,0,0,72.69
1784843836164,0,0,0,72.69
1784843836164,1,0,0,72.69
1784843836300,0,0,0,72.68
1784843836300,1,0,0,72.56
1784843836436,0,0,0,72.69
1784843836436,1,0,0,72.61
1784843836573,0,0,0,72.69
1784843836573,1,0,0,72.62
1784843836709,0,0,0,72.70
1784843836709,1,0,0,72.53
1784843836856,0,0,0,72.71
1784843836856,1,0,0,72.55
1784843836992,0,0,0,72.70
1784843836992,1,0,0,72.70
1784843837128,0,0,0,72.72
1784843837128,1,0,0,72.58
1784843837265,0,0,0,72.71
1784843837265,1,0,0,72.55
1784843837401,0,0,0,72.72
1784843837401,1,0,0,72.72
1784843837538,0,0,0,72.71
1784843837538,1,0,0,72.62
1784843837674,0,0,0,72.72
1784843837674,1,0,0,72.59
1784843837811,0,0,0,72.72
1784843837811,1,0,0,72.70
1784843837948,0,0,0,72.70
1784843837948,1,0,0,72.67
1784843838085,0,0,0,72.69
1784843838085,1,0,0,72.56
1784843838221,0,0,0,72.68
1784843838221,1,0,0,72.60
1784843838359,0,0,0,72.67
1784843838359,1,0,0,72.70
1784843838495,0,0,0,72.67
1784843838495,1,0,0,72.56
1784843838633,0,0,0,72.68
1784843838633,1,0,0,72.56
1784843838769,0,0,0,72.65
1784843838769,1,0,0,72.68
1784843838906,0,0,0,72.64
1784843838906,1,0,0,72.58
1784843839043,0,0,0,72.64
1784843839043,1,0,0,72.54
1784843839179,0,0,0,72.65
1784843839179,1,0,0,72.70
1784843839316,0,0,0,72.64
1784843839316,1,0,0,72.62
1784843839452,0,0,0,72.62
1784843839452,1,0,0,72.54
1784843839588,0,0,0,72.63
1784843839588,1,0,0,72.63
1784843839724,0,0,0,72.63
1784843839724,1,0,0,72.65
1784843839861,0,0,0,72.64
1784843839861,1,0,0,72.54
1784843839997,0,0,0,72.65
1784843839997,1,0,0,72.55
1784843840134,0,0,0,72.63
1784843840134,1,0,0,72.66
1784843840270,0,0,0,72.61
1784843840270,1,0,0,72.50
1784843840407,0,0,0,72.62
1784843840407,1,0,0,72.50
1784843840543,0,0,0,72.60
1784843840543,1,0,0,72.59
1784843840679,0,0,0,72.59
1784843840679,1,0,0,72.56
1784843840816,0,0,0,72.60
1784843840816,1,0,0,72.52
1784843840952,0,0,0,72.57
1784843840952,1,0,0,72.53
1784843841088,0,0,0,72.59
1784843841088,1,0,0,72.60
1784843841224,0,0,0,72.60
1784843841224,1,0,0,72.54
1784843841360,0,0,0,72.61
1784843841360,1,0,0,72.55
1784843841496,0,0,0,72.62
1784843841496,1,0,0,72.67
1784843841632,0,0,0,72.64
1784843841632,1,0,0,72.57
1784843841768,0,0,0,72.65
1784843841768,1,0,0,72.51
1784843841905,0,0,0,72.65
1784843841905,1,0,0,72.65
1784843842042,0,0,0,72.68
1784843842042,1,0,0,72.62
1784843842179,0,0,0,72.69
1784843842179,1,0,0,72.51
1784843842315,0,0,0,72.69
1784843842315,1,0,0,72.57
1784843842452,0,0,0,72.69
1784843842452,1,0,0,72.66
1784843842588,0,0,0,72.71
1784843842588,1,0,0,72.51
1784843842723,0,0,0,72.71
1784843842723,1,0,0,72.51
1784843842860,0,0,0,72.69
1784843842860,1,0,0,72.63
1784843842995,0,0,0,72.68
1784843842995,1,0,0,72.54
1784843843131,0,0,0,72.64
1784843843131,1,0,0,72.53
1784843843267,0,0,0,72.64
1784843843267,1,0,0,72.59
1784843843403,0,0,0,72.64
1784843843403,1,0,0,72.64
1784843843539,0,0,0,72.65
1784843843539,1,0,0,72.57
1784843843675,0,0,0,72.63
1784843843675,1,0,0,72.74
1784843843812,0,0,0,72.61
1784843843812,1,0,0,72.74
1784843843948,0,0,0,72.63
1784843843948,1,0,0,72.61
1784843844085,0,0,0,72.64
1784843844085,1,0,0,72.65
1784843844222,0,0,0,72.64
1784843844222,1,0,0,72.75
1784843844359,0,0,0,72.64
1784843844359,1,0,0,72.63
1784843844495,0,0,0,72.62
1784843844495,1,0,0,72.57
1784843844632,0,0,0,72.61
1784843844632,1,0,0,72.68
1784843844768,0,0,0,72.61
1784843844768,1,0,0,72.72
1784843844905,0,0,0,72.62
1784843844905,1,0,0,72.57
1784843845041,0,0,0,72.60
1784843845041,1,0,0,72.61
1784843845177,0,0,0,72.60
1784843845177,1,0,0,72.66
1784843845314,0,0,0,72.56
1784843845314,1,0,0,72.59
1784843845450,0,0,0,72.56
1784843845450,1,0,0,72.58
1784843845586,0,0,0,72.57
1784843845586,1,0,0,72.71
1784843845722,0,0,0,72.56
1784843845722,1,0,0,72.56
1784843845858,0,0,0,72.57
1784843845858,1,0,0,72.53
1784843845995,0,0,0,72.57
1784843845995,1,0,0,72.70
1784843846131,0,0,0,72.55
1784843846131,1,0,0,72.62
1784843846268,0,0,0,72.56
1784843846268,1,0,0,72.54
1784843846405,0,0,0,72.54
1784843846405,1,0,0,72.60
1784843846541,0,0,0,72.54
1784843846541,1,0,0,72.62
1784843846679,0,0,0,72.54
1784843846679,1,0,0,72.49
1784843846815,0,0,0,72.54
1784843846815,1,0,0,72.51
1784843846952,0,0,0,72.55
1784843846952,1,0,0,72.61
1784843847088,0,0,0,72.59
1784843847088,1,0,0,72.49
1784843847225,0,0,0,72.61
1784843847225,1,0,0,72.46
1784843847363,0,0,0,72.64
1784843847363,1,0,0,72.57
1784843847500,0,0,0,72.63
1784843847500,1,0,0,72.54
1784843847636,0,0,0,72.64
1784843847636,1,0,0,72.51
1784843847772,0,0,0,72.62
1784843847772,1,0,0,72.64
1784843847910,0,0,0,72.64
1784843847910,1,0,0,72.61
1784843848046,0,0,0,72.63
1784843848046,1,0,0,72.53
1784843848182,0,0,0,72.62
1784843848182,1,0,0,72.58
1784843848319,0,0,0,72.63
1784843848319,1,0,0,72.67
1784843848456,0,0,0,72.63
1784843848456,1,0,0,72.56
1784843848591,0,0,0,72.63
1784843848591,1,0,0,72.54
1784843848728,0,0,0,72.64
1784843848728,1,0,0,72.65
1784843848865,0,0,0,72.64
1784843848865,1,0,0,72.62
1784843849001,0,0,0,72.63
1784843849001,1,0,0,72.50
1784843849137,0,0,0,72.64
1784843849137,1,0,0,72.55
1784843849273,0,0,0,72.65
1784843849273,1,0,0,72.63
1784843849409,0,0,0,72.65
1784843849409,1,0,0,72.44
1784843849545,0,0,0,72.66
1784843849545,1,0,0,72.44
1784843849680,0,0,0,72.65
1784843849680,1,0,0,72.53
1784843849816,0,0,0,72.65
1784843849816,1,0,0,72.40
1784843849952,0,0,0,72.62
1784843849952,1,0,0,72.36
1784843850089,0,0,0,72.63
1784843850089,1,0,0,72.55
1784843850225,0,0,0,72.62
1784843850225,1,0,0,72.45
1784843850363,0,0,0,72.61
1784843850363,1,0,0,72.39
1784843850500,0,0,0,72.59
1784843850500,1,0,0,72.52
1784843850636,0,0,0,72.59
1784843850636,1,0,0,72.55
1784843850772,0,0,0,72.60
1784843850772,1,0,0,72.45
1784843850908,0,0,0,72.60
1784843850908,1,0,0,72.47
1784843851044,0,0,0,72.60
1784843851044,1,0,0,72.59
1784843851180,0,0,0,72.59
1784843851180,1,0,0,72.42
1784843851316,0,0,0,72.58
1784843851316,1,0,0,72.42
1784843851452,0,0,0,72.57
1784843851452,1,0,0,72.55
1784843851588,0,0,0,72.56
1784843851588,1,0,0,72.41
1784843851724,0,0,0,72.57
1784843851724,1,0,0,72.38
1784843851859,0,0,0,72.56
1784843851859,1,0,0,72.42
1784843851995,0,0,0,72.56
1784843851995,1,0,0,72.42
1784843852138,0,0,0,72.54
1784843852138,1,0,0,72.35
1784843852275,0,0,0,72.54
1784843852275,1,0,0,72.43
1784843852412,0,0,0,72.53
1784843852412,1,0,0,72.50
1784843852548,0,0,0,72.55
1784843852548,1,0,0,72.41
1784843852684,0,0,0,72.56
1784843852684,1,0,0,72.43
1784843852820,0,0,0,72.56
1784843852820,1,0,0,72.56
1784843852957,0,0,0,72.59
1784843852957,1,0,0,72.54
1784843853093,0,0,0,72.60
1784843853093,1,0,0,72.46
1784843853231,0,0,0,72.61
1784843853231,1,0,0,72.56
1784843853368,0,0,0,72.59
1784843853368,1,0,0,72.63
1784843853505,0,0,0,72.58
1784843853505,1,0,0,72.47
1784843853640,0,0,0,72.58
1784843853640,1,0,0,72.46
1784843853777,0,0,0,72.58
1784843853777,1,0,0,72.55
1784843853913,0,0,0,72.58
1784843853913,1,0,0,72.45
1784843854049,0,0,0,72.55
1784843854049,1,0,0,72.43
1784843854185,0,0,0,72.56
1784843854185,1,0,0,72.63
1784843854321,0,0,0,72.55
1784843854321,1,0,0,72.54
1784843854457,0,0,0,72.59
1784843854457,1,0,0,72.48
1784843854594,0,0,0,72.58
1784843854594,1,0,0,72.67
1784843854730,0,0,0,72.56
1784843854730,1,0,0,72.64
1784843854866,0,0,0,72.56
1784843854866,1,0,0,72.58
1784843855002,0,0,0,72.56
1784843855002,1,0,0,72.64
1784843855139,0,0,0,72.55
1784843855139,1,0,0,72.73
1784843855275,0,0,0,72.55
1784843855275,1,0,0,72.61
1784843855412,0,0,0,72.58
1784843855412,1,0,0,72.55
1784843855548,0,0,0,72.55
1784843855548,1,0,0,72.67
1784843855683,0,0,0,72.56
1784843855683,1,0,0,72.55
1784843855820,0,0,0,72.57
1784843855820,1,0,0,72.54
1784843855956,0,0,0,72.55
1784843855956,1,0,0,72.58
1784843856092,0,0,0,72.57
1784843856092,1,0,0,72.62
1784843856229,0,0,0,72.57
1784843856229,1,0,0,72.54
1784843856366,0,0,0,72.55
1784843856366,1,0,0,72.55
1784843856503,0,0,0,72.56
1784843856503,1,0,0,72.68
1784843856639,0,0,0,72.55
1784843856639,1,0,0,72.57
1784843856775,0,0,0,72.54
1784843856775,1,0,0,72.54
1784843856912,0,0,0,72.54
1784843856912,1,0,0,72.69
1784843857047,0,0,0,72.53
1784843857047,1,0,0,72.56
1784843857183,0,0,0,72.50
1784843857183,1,0,0,72.45
1784843857320,0,0,0,72.53
1784843857320,1,0,0,72.54
1784843857455,0,0,0,72.51
1784843857455,1,0,0,72.53
1784843857591,0,0,0,72.54
1784843857591,1,0,0,72.36
1784843857728,0,0,0,72.54
1784843857728,1,0,0,72.39
1784843857866,0,0,0,72.55
1784843857866,1,0,0,72.49
1784843858002,0,0,0,72.55
1784843858002,1,0,0,72.37
1784843858138,0,0,0,72.55
1784843858138,1,0,0,72.39
1784843858275,0,0,0,72.54
1784843858275,1,0,0,72.48
1784843858412,0,0,0,72.51
1784843858412,1,0,0,72.45
1784843858548,0,0,0,72.53
1784843858548,1,0,0,72.43
1784843858685,0,0,0,72.54
1784843858685,1,0,0,72.59
1784843858821,0,0,0,72.56
1784843858821,1,0,0,72.57
1784843858957,0,0,0,72.58
1784843858957,1,0,0,72.47
1784843859093,0,0,0,72.59
1784843859093,1,0,0,72.53
1784843859230,0,0,0,72.58
1784843859230,1,0,0,72.61
1784843859367,0,0,0,72.57
1784843859367,1,0,0,72.51
1784843859503,0,0,0,72.56
1784843859503,1,0,0,72.48
1784843859639,0,0,0,72.55
1784843859639,1,0,0,72.58
1784843859775,0,0,0,72.55
1784843859775,1,0,0,72.55
1784843859913,0,0,0,72.54
1784843859913,1,0,0,72.45
1784843860049,0,0,0,72.53
1784843860049,1,0,0,72.49
1784843860186,0,0,0,72.53
1784843860186,1,0,0,72.51
1784843860322,0,0,0,72.55
1784843860322,1,0,0,72.46
1784843860458,0,0,0,72.61
1784843860458,1,0,0,72.46
1784843860593,0,0,0,72.61
1784843860593,1,0,0,72.62
1784843860727,0,0,0,72.63
1784843860727,1,0,0,72.51
1784843860863,0,0,0,72.61
1784843860863,1,0,0,72.50
1784843860999,0,0,0,72.61
1784843860999,1,0,0,72.67
1784843861136,0,0,0,72.60
1784843861136,1,0,0,72.57
1784843861271,0,0,0,72.61
1784843861271,1,0,0,72.51
1784843861408,0,0,0,72.61
1784843861408,1,0,0,72.67
1784843861544,0,0,0,72.58
1784843861544,1,0,0,72.65
1784843861680,0,0,0,72.56
1784843861680,1,0,0,72.53
1784843861817,0,0,0,72.55
1784843861817,1,0,0,72.60
1784843861953,0,0,0,72.57
1784843861953,1,0,0,72.72
1784843862090,0,0,0,72.56
1784843862090,1,0,0,72.57
1784843862226,0,0,0,72.56
1784843862226,1,0,0,72.56
1784843862362,0,0,0,72.54
1784843862362,1,0,0,72.67
1784843862499,0,0,0,72.53
1784843862499,1,0,0,72.56
1784843862635,0,0,0,72.53
1784843862635,1,0,0,72.54
1784843862771,0,0,0,72.51
1784843862771,1,0,0,72.57
1784843862908,0,0,0,72.52
1784843862908,1,0,0,72.60
1784843863044,0,0,0,72.49
1784843863044,1,0,0,72.51
1784843863180,0,0,0,72.50
1784843863180,1,0,0,72.51
1784843863316,0,0,0,72.49
1784843863316,1,0,0,72.62
1784843863452,0,0,0,72.49
1784843863452,1,0,0,72.51
1784843863588,0,0,0,72.50
1784843863588,1,0,0,72.55
1784843863724,0,0,0,72.48
1784843863724,1,0,0,72.64
1784843863861,0,0,0,72.49
1784843863861,1,0,0,72.57
1784843863997,0,0,0,72.48
1784843863997,1,0,0,72.51
1784843864133,0,0,0,72.47
1784843864133,1,0,0,72.60
1784843864270,0,0,0,72.44
1784843864270,1,0,0,72.66
1784843864406,0,0,0,72.44
1784843864406,1,0,0,72.52
1784843864542,0,0,0,72.47
1784843864542,1,0,0,72.51
1784843864680,0,0,0,72.49
1784843864680,1,0,0,72.62
1784843864815,0,0,0,72.50
1784843864815,1,0,0,72.52
1784843864952,0,0,0,72.53
1784843864952,1,0,0,72.51
1784843865088,0,0,0,72.54
1784843865088,1,0,0,72.64
1784843865224,0,0,0,72.56
1784843865224,1,0,0,72.54
1784843865361,0,0,0,72.55
1784843865361,1,0,0,72.48
1784843865497,0,0,0,72.53
1784843865497,1,0,0,72.60
1784843865633,0,0,0,72.53
1784843865633,1,0,0,72.60
1784843865770,0,0,0,72.52
1784843865770,1,0,0,72.48
1784843865907,0,0,0,72.51
1784843865907,1,0,0,72.51
1784843866042,0,0,0,72.54
1784843866042,1,0,0,72.61
1784843866179,0,0,0,72.52
1784843866179,1,0,0,72.52
1784843866315,0,0,0,72.54
1784843866315,1,0,0,72.50
1784843866451,0,0,0,72.54
1784843866451,1,0,0,72.62
1784843866587,0,0,0,72.54
1784843866587,1,0,0,72.53
1784843866723,0,0,0,72.54
1784843866723,1,0,0,72.51
1784843866860,0,0,0,72.55
1784843866860,1,0,0,72.56
1784843866995,0,0,0,72.54
1784843866995,1,0,0,72.61
1784843867132,0,0,0,72.54
1784843867132,1,0,0,72.55
1784843867269,0,0,0,72.56
1784843867269,1,0,0,72.55
1784843867414,0,0,0,72.55
1784843867414,1,0,0,72.67
1784843867551,0,0,0,72.59
1784843867551,1,0,0,72.57
1784843867687,0,0,0,72.58
1784843867687,1,0,0,72.62
1784843867823,0,0,0,72.58
1784843867823,1,0,0,72.71
1784843867960,0,0,0,72.60
1784843867960,1,0,0,72.61
1784843868096,0,0,0,72.59
1784843868096,1,0,0,72.53
1784843868232,0,0,0,72.60
1784843868232,1,0,0,72.67
1784843868368,0,0,0,72.55
1784843868368,1,0,0,72.66
1784843868505,0,0,0,72.53
1784843868505,1,0,0,72.55
1784843868641,0,0,0,72.51
1784843868641,1,0,0,72.60
1784843868777,0,0,0,72.51
1784843868777,1,0,0,72.72
1784843868913,0,0,0,72.50
1784843868913,1,0,0,72.53
1784843869050,0,0,0,72.49
1784843869050,1,0,0,72.52
1784843869187,0,0,0,72.48
1784843869187,1,0,0,72.62
1784843869323,0,0,0,72.47
1784843869323,1,0,0,72.53
1784843869460,0,0,0,72.51
1784843869460,1,0,0,72.49
1784843869596,0,0,0,72.51
1784843869596,1,0,0,72.61
1784843869732,0,0,0,72.51
1784843869732,1,0,0,72.52
1784843869867,0,0,0,72.49
1784843869867,1,0,0,72.46
1784843870003,0,0,0,72.49
1784843870003,1,0,0,72.56
1784843870139,0,0,0,72.48
1784843870139,1,0,0,72.60
1784843870275,0,0,0,72.50
1784843870275,1,0,0,72.53
1784843870411,0,0,0,72.49
1784843870411,1,0,0,72.53
1784843870547,0,0,0,72.48
1784843870547,1,0,0,72.67
1784843870683,0,0,0,72.51
1784843870683,1,0,0,72.53
1784843870820,0,0,0,72.53
1784843870820,1,0,0,72.52
1784843870956,0,0,0,72.56
1784843870956,1,0,0,72.62
1784843871092,0,0,0,72.55
1784843871092,1,0,0,72.56
1784843871228,0,0,0,72.55
1784843871228,1,0,0,72.51
1784843871365,0,0,0,72.56
1784843871365,1,0,0,72.53
1784843871500,0,0,0,72.57
1784843871500,1,0,0,72.58
1784843871637,0,0,0,72.57
1784843871637,1,0,0,72.51
1784843871774,0,0,0,72.56
1784843871774,1,0,0,72.51
1784843871910,0,0,0,72.57
1784843871910,1,0,0,72.66
1784843872047,0,0,0,72.56
1784843872047,1,0,0,72.55
1784843872183,0,0,0,72.57
1784843872183,1,0,0,72.50
1784843872320,0,0,0,72.56
1784843872320,1,0,0,72.65
1784843872456,0,0,0,72.55
1784843872456,1,0,0,72.62
1784843872593,0,0,0,72.53
1784843872593,1,0,0,72.51
1784843872729,0,0,0,72.52
1784843872729,1,0,0,72.57
1784843872866,0,0,0,72.54
1784843872866,1,0,0,72.65
1784843873002,0,0,0,72.52
1784843873002,1,0,0,72.51
1784843873138,0,0,0,72.56
1784843873138,1,0,0,72.53
1784843873275,0,0,0,72.55
1784843873275,1,0,0,72.64
1784843873412,0,0,0,72.56
1784843873412,1,0,0,72.53
1784843873548,0,0,0,72.52
1784843873548,1,0,0,72.50
1784843873685,0,0,0,72.53
1784843873685,1,0,0,72.56
1784843873822,0,0,0,72.53
1784843873822,1,0,0,72.56
1784843873958,0,0,0,72.54
1784843873958,1,0,0,72.50
1784843874094,0,0,0,72.52
1784843874094,1,0,0,72.63
1784843874231,0,0,0,72.50
1784843874231,1,0,0,72.66
1784843874367,0,0,0,72.50
1784843874367,1,0,0,72.54
1784843874503,0,0,0,72.50
1784843874503,1,0,0,72.57
1784843874639,0,0,0,72.51
1784843874639,1,0,0,72.68
1784843874776,0,0,0,72.50
1784843874776,1,0,0,72.58
1784843874912,0,0,0,72.48
1784843874912,1,0,0,72.51
1784843875048,0,0,0,72.51
1784843875048,1,0,0,72.59
1784843875183,0,0,0,72.50
1784843875183,1,0,0,72.63
1784843875320,0,0,0,72.51
1784843875320,1,0,0,72.45
1784843875456,0,0,0,72.51
1784843875456,1,0,0,72.48
1784843875593,0,0,0,72.51
1784843875593,1,0,0,72.52
1784843875729,0,0,0,72.51
1784843875729,1,0,0,72.45
1784843875865,0,0,0,72.49
1784843875865,1,0,0,72.43
1784843876001,0,0,0,72.47
1784843876001,1,0,0,72.57
1784843876137,0,0,0,72.47
1784843876137,1,0,0,72.48
1784843876275,0,0,0,72.47
1784843876275,1,0,0,72.45
1784843876411,0,0,0,72.46
1784843876411,1,0,0,72.61
1784843876548,0,0,0,72.49
1784843876548,1,0,0,72.57
1784843876684,0,0,0,72.47
1784843876684,1,0,0,72.48
1784843876821,0,0,0,72.49
1784843876821,1,0,0,72.54
1784843876957,0,0,0,72.49
1784843876957,1,0,0,72.62
1784843877094,0,0,0,72.47
1784843877094,1,0,0,72.51
1784843877230,0,0,0,72.46
1784843877230,1,0,0,72.51
1784843877367,0,0,0,72.44
1784843877367,1,0,0,72.64
1784843877504,0,0,0,72.45
1784843877504,1,0,0,72.52
1784843877640,0,0,0,72.45
1784843877640,1,0,0,72.51
1784843877777,0,0,0,72.46
1784843877777,1,0,0,72.59
1784843877914,0,0,0,72.47
1784843877914,1,0,0,72.57
1784843878050,0,0,0,72.49
1784843878050,1,0,0,72.51
1784843878186,0,0,0,72.52
1784843878186,1,0,0,72.52
1784843878323,0,0,0,72.53
1784843878323,1,0,0,72.59
1784843878461,0,0,0,72.53
1784843878461,1,0,0,72.50
1784843878597,0,0,0,72.51
1784843878597,1,0,0,72.53
1784843878734,0,0,0,72.50
1784843878734,1,0,0,72.62
1784843878871,0,0,0,72.49
1784843878871,1,0,0,72.54
1784843879007,0,0,0,72.51
1784843879007,1,0,0,72.48
1784843879144,0,0,0,72.48
1784843879144,1,0,0,72.59
1784843879280,0,0,0,72.49
1784843879280,1,0,0,72.62
1784843879416,0,0,0,72.49
1784843879416,1,0,0,72.49
1784843879551,0,0,0,72.48
1784843879551,1,0,0,72.53
1784843879688,0,0,0,72.50
1784843879688,1,0,0,72.64
1784843879824,0,0,0,72.50
1784843879824,1,0,0,72.49
1784843879959,0,0,0,72.50
1784843879959,1,0,0,72.48
1784843880096,0,0,0,72.50
1784843880096,1,0,0,72.62
1784843880232,0,0,0,72.50
1784843880232,1,0,0,72.50
1784843880369,0,0,0,72.48
1784843880369,1,0,0,72.47
1784843880506,0,0,0,72.48
1784843880506,1,0,0,72.61
1784843880642,0,0,0,72.45
1784843880642,1,0,0,72.55
1784843880778,0,0,0,72.45
1784843880778,1,0,0,72.45
1784843880915,0,0,0,72.44
1784843880915,1,0,0,72.53
1784843881051,0,0,0,72.42
1784843881051,1,0,0,72.56
1784843881188,0,0,0,72.42
1784843881188,1,0,0,72.47
1784843881324,0,0,0,72.42
1784843881324,1,0,0,72.43
1784843881460,0,0,0,72.44
1784843881460,1,0,0,72.53
1784843881597,0,0,0,72.43
1784843881597,1,0,0,72.42
1784843881733,0,0,0,72.42
1784843881733,1,0,0,72.40
1784843881870,0,0,0,72.44
1784843881870,1,0,0,72.46
1784843882006,0,0,0,72.44
1784843882006,1,0,0,72.47
1784843882142,0,0,0,72.45
1784843882142,1,0,0,72.42
1784843882277,0,0,0,72.44
1784843882277,1,0,0,72.43
1784843882414,0,0,0,72.46
1784843882414,1,0,0,72.58
1784843882550,0,0,0,72.48
1784843882550,1,0,0,72.50
1784843882693,0,0,0,72.50
1784843882693,1,0,0,72.51
1784843882829,0,0,0,72.52
1784843882829,1,0,0,72.64
1784843882965,0,0,0,72.49
1784843882965,1,0,0,72.56
1784843883101,0,0,0,72.48
1784843883101,1,0,0,72.49
1784843883238,0,0,0,72.47
1784843883238,1,0,0,72.61
1784843883373,0,0,0,72.49
1784843883373,1,0,0,72.62
1784843883510,0,0,0,72.47
1784843883510,1,0,0,72.49
1784843883646,0,0,0,72.49
1784843883646,1,0,0,72.54
1784843883782,0,0,0,72.48
1784843883782,1,0,0,72.67
1784843883919,0,0,0,72.49
1784843883919,1,0,0,72.50
1784843884055,0,0,0,72.54
1784843884055,1,0,0,72.50
1784843884192,0,0,0,72.56
1784843884192,1,0,0,72.61
1784843884329,0,0,0,72.57
1784843884329,1,0,0,72.52
1784843884465,0,0,0,72.55
1784843884465,1,0,0,72.50
1784843884601,0,0,0,72.54
1784843884601,1,0,0,72.65
1784843884738,0,0,0,72.54
1784843884738,1,0,0,72.58
1784843884874,0,0,0,72.55
1784843884874,1,0,0,72.53
1784843885010,0,0,0,72.54
1784843885010,1,0,0,72.62
1784843885146,0,0,0,72.55
1784843885146,1,0,0,72.69
1784843885284,0,0,0,72.54
1784843885284,1,0,0,72.58
1784843885420,0,0,0,72.55
1784843885420,1,0,0,72.56
1784843885556,0,0,0,72.57
1784843885556,1,0,0,72.68
1784843885693,0,0,0,72.55
1784843885693,1,0,0,72.54
1784843885829,0,0,0,72.54
1784843885829,1,0,0,72.50
1784843885966,0,0,0,72.51
1784843885966,1,0,0,72.61
1784843886103,0,0,0,72.52
1784843886103,1,0,0,72.55
1784843886240,0,0,0,72.51
1784843886240,1,0,0,72.53
1784843886376,0,0,0,72.49
1784843886376,1,0,0,72.54
1784843886512,0,0,0,72.48
1784843886512,1,0,0,72.61
1784843886647,0,0,0,72.47
1784843886647,1,0,0,72.51
1784843886784,0,0,0,72.48
1784843886784,1,0,0,72.50
1784843886919,0,0,0,72.48
1784843886919,1,0,0,72.64
1784843887056,0,0,0,72.49
1784843887056,1,0,0,72.53
1784843887192,0,0,0,72.49
1784843887192,1,0,0,72.48
1784843887330,0,0,0,72.47
1784843887330,1,0,0,72.59
1784843887467,0,0,0,72.48
1784843887467,1,0,0,72.58
1784843887603,0,0,0,72.47
1784843887603,1,0,0,72.48
1784843887740,0,0,0,72.48
1784843887740,1,0,0,72.52
1784843887876,0,0,0,72.47
1784843887876,1,0,0,72.62
1784843888013,0,0,0,72.47
1784843888013,1,0,0,72.48
1784843888150,0,0,0,72.46
1784843888150,1,0,0,72.48
1784843888287,0,0,0,72.48
1784843888287,1,0,0,72.58
1784843888424,0,0,0,72.50
1784843888424,1,0,0,72.49
1784843888560,0,0,0,72.53
1784843888560,1,0,0,72.46
1784843888697,0,0,0,72.54
1784843888697,1,0,0,72.63
1784843888834,0,0,0,72.53
1784843888834,1,0,0,72.55
1784843888970,0,0,0,72.53
1784843888970,1,0,0,72.48
1784843889107,0,0,0,72.50
1784843889107,1,0,0,72.59
1784843889242,0,0,0,72.48
1784843889242,1,0,0,72.64
1784843889379,0,0,0,72.48
1784843889379,1,0,0,72.50
1784843889515,0,0,0,72.50
1784843889515,1,0,0,72.50
1784843889651,0,0,0,72.49
1784843889651,1,0,0,72.59
1784843889788,0,0,0,72.50
1784843889788,1,0,0,72.50
1784843889925,0,0,0,72.52
1784843889925,1,0,0,72.41
1784843890061,0,0,0,72.54
1784843890061,1,0,0,72.50
1784843890198,0,0,0,72.57
1784843890198,1,0,0,72.41
1784843890333,0,0,0,72.59
1784843890333,1,0,0,72.38
1784843890470,0,0,0,72.57
1784843890470,1,0,0,72.40
1784843890606,0,0,0,72.56
1784843890606,1,0,0,72.50
1784843890743,0,0,0,72.57
1784843890743,1,0,0,72.43
1784843890881,0,0,0,72.55
1784843890881,1,0,0,72.42
1784843891017,0,0,0,72.55
1784843891017,1,0,0,72.56
1784843891153,0,0,0,72.56
1784843891153,1,0,0,72.48
1784843891289,0,0,0,72.56
1784843891289,1,0,0,72.44
1784843891426,0,0,0,72.58
1784843891426,1,0,0,72.63
1784843891562,0,0,0,72.58
1784843891562,1,0,0,72.61
1784843891699,0,0,0,72.57
1784843891699,1,0,0,72.50
1784843891836,0,0,0,72.57
1784843891836,1,0,0,72.59
1784843891972,0,0,0,72.55
1784843891972,1,0,0,72.72
1784843892107,0,0,0,72.56
1784843892107,1,0,0,72.55
1784843892244,0,0,0,72.53
1784843892244,1,0,0,72.55
1784843892380,0,0,0,72.53
1784843892380,1,0,0,72.67
1784843892517,0,0,0,72.51
1784843892517,1,0,0,72.54
1784843892651,0,0,0,72.54
1784843892651,1,0,0,72.52
1784843892789,0,0,0,72.53
1784843892789,1,0,0,72.57
1784843892926,0,0,0,72.55
1784843892926,1,0,0,72.56
1784843893062,0,0,0,72.56
1784843893062,1,0,0,72.50
1784843893198,0,0,0,72.56
1784843893198,1,0,0,72.62
1784843893335,0,0,0,72.56
1784843893335,1,0,0,72.64
1784843893471,0,0,0,72.56
1784843893471,1,0,0,72.54
1784843893608,0,0,0,72.56
1784843893608,1,0,0,72.56
1784843893743,0,0,0,72.55
1784843893743,1,0,0,72.67
1784843893878,0,0,0,72.55
1784843893878,1,0,0,72.58
1784843894014,0,0,0,72.54
1784843894014,1,0,0,72.54
1784843894150,0,0,0,72.54
1784843894150,1,0,0,72.65
1784843894286,0,0,0,72.54
1784843894286,1,0,0,72.68
1784843894423,0,0,0,72.54
1784843894423,1,0,0,72.54
1784843894558,0,0,0,72.58
1784843894558,1,0,0,72.56
1784843894695,0,0,0,72.59
1784843894695,1,0,0,72.63
1784843894832,0,0,0,72.59
1784843894832,1,0,0,72.54
1784843894969,0,0,0,72.58
1784843894969,1,0,0,72.54
1784843895106,0,0,0,72.58
1784843895106,1,0,0,72.70
1784843895242,0,0,0,72.59
1784843895242,1,0,0,72.58
1784843895380,0,0,0,72.60
1784843895380,1,0,0,72.54
1784843895516,0,0,0,72.60
1784843895516,1,0,0,72.71
1784843895651,0,0,0,72.60
1784843895651,1,0,0,72.65
1784843895788,0,0,0,72.61
1784843895788,1,0,0,72.58
1784843895924,0,0,0,72.62
1784843895924,1,0,0,72.67
1784843896061,0,0,0,72.64
1784843896061,1,0,0,72.73
1784843896197,0,0,0,72.65
1784843896197,1,0,0,72.56
1784843896334,0,0,0,72.66
1784843896334,1,0,0,72.62
1784843896470,0,0,0,72.67
1784843896470,1,0,0,72.73
1784843896605,0,0,0,72.68
1784843896605,1,0,0,72.61
1784843896742,0,0,0,72.70
1784843896742,1,0,0,72.58
1784843896879,0,0,0,72.69
1784843896879,1,0,0,72.65
1784843897014,0,0,0,72.71
1784843897014,1,0,0,72.66
1784843897149,0,0,0,72.71
1784843897149,1,0,0,72.61
1784843897286,0,0,0,72.72
1784843897286,1,0,0,72.62
1784843897424,0,0,0,72.74
1784843897424,1,0,0,72.74
1784843897561,0,0,0,72.71
1784843897561,1,0,0,72.65
1784843897698,0,0,0,72.71
1784843897698,1,0,0,72.68
1784843897835,0,0,0,72.69
1784843897835,1,0,0,72.79
1784843897976,0,0,0,72.69
1784843897976,1,0,0,72.68
1784843898112,0,0,0,72.68
1784843898112,1,0,0,72.61
1784843898249,0,0,0,72.66
1784843898249,1,0,0,72.72
1784843898386,0,0,0,72.64
1784843898386,1,0,0,72.72
1784843898523,0,0,0,72.64
1784843898523,1,0,0,72.57
1784843898660,0,0,0,72.62
1784843898660,1,0,0,72.62
1784843898796,0,0,0,72.60
1784843898796,1,0,0,72.70
1784843898933,0,0,0,72.61
1784843898933,1,0,0,72.54
1784843899069,0,0,0,72.58
1784843899069,1,0,0,72.54
1784843899206,0,0,0,72.60
1784843899206,1,0,0,72.67
1784843899342,0,0,0,72.61
1784843899342,1,0,0,72.58
1784843899478,0,0,0,72.61
1784843899478,1,0,0,72.56
1784843899614,0,0,0,72.63
1784843899614,1,0,0,72.72
1784843899750,0,0,0,72.65
1784843899750,1,0,0,72.68
1784843899887,0,0,0,72.66
1784843899887,1,0,0,72.59
1784843900023,0,0,0,72.66
1784843900023,1,0,0,72.71
1784843900158,0,0,0,72.67
1784843900158,1,0,0,72.75
1784843900295,0,0,0,72.67
1784843900295,1,0,0,72.60
1784843900438,0,0,0,72.69
1784843900438,1,0,0,72.62
1784843900574,0,0,0,72.71
1784843900574,1,0,0,72.76
1784843900710,0,0,0,72.71
1784843900710,1,0,0,72.61
1784843900846,0,0,0,72.72
1784843900846,1,0,0,72.60
1784843900983,0,0,0,72.71
1784843900983,1,0,0,72.71
1784843901119,0,0,0,72.70
1784843901119,1,0,0,72.65
1784843901255,0,0,0,72.69
1784843901255,1,0,0,72.60
1784843901392,0,0,0,72.68
1784843901392,1,0,0,72.62
1784843901527,0,0,0,72.67
1784843901527,1,0,0,72.71
1784843901664,0,0,0,72.69
1784843901664,1,0,0,72.61
1784843901801,0,0,0,72.68
1784843901801,1,0,0,72.67
1784843901937,0,0,0,72.68
1784843901937,1,0,0,72.74
1784843902074,0,0,0,72.74
1784843902074,1,0,0,72.66
1784843902210,0,0,0,72.72
1784843902210,1,0,0,72.62
1784843902346,0,0,0,72.73
1784843902346,1,0,0,72.76
1784843902483,0,0,0,72.75
1784843902483,1,0,0,72.75
1784843902621,0,0,0,72.74
1784843902621,1,0,0,72.66
1784843902757,0,0,0,72.74
1784843902757,1,0,0,72.73
1784843902894,0,0,0,72.74
1784843902894,1,0,0,72.83
1784843903031,0,0,0,72.75
1784843903031,1,0,0,72.68
1784843903168,0,0,0,72.74
1784843903168,1,0,0,72.68
1784843903304,0,0,0,72.75
1784843903304,1,0,0,72.82
1784843903440,0,0,0,72.74
1784843903440,1,0,0,72.70
1784843903577,0,0,0,72.75
1784843903577,1,0,0,72.66
1784843903714,0,0,0,72.75
1784843903714,1,0,0,72.82
1784843903851,0,0,0,72.75
1784843903851,1,0,0,72.74
1784843903987,0,0,0,72.74
1784843903987,1,0,0,72.66
1784843904124,0,0,0,72.75
1784843904124,1,0,0,72.76
1784843904260,0,0,0,72.75
1784843904260,1,0,0,72.77
1784843904396,0,0,0,72.75
1784843904396,1,0,0,72.66
1784843904533,0,0,0,72.77
1784843904533,1,0,0,72.68
1784843904670,0,0,0,72.76
1784843904670,1,0,0,72.78
1784843904806,0,0,0,72.76
1784843904806,1,0,0,72.64
1784843904942,0,0,0,72.76
1784843904942,1,0,0,72.62
1784843905078,0,0,0,72.74
1784843905078,1,0,0,72.67
1784843905215,0,0,0,72.73
1784843905215,1,0,0,72.60
1784843905351,0,0,0,72.73
1784843905351,1,0,0,72.55
1784843905487,0,0,0,72.73
1784843905487,1,0,0,72.54
1784843905622,0,0,0,72.73
1784843905622,1,0,0,72.59
1784843905759,0,0,0,72.73
1784843905759,1,0,0,72.49
1784843905894,0,0,0,72.72
1784843905894,1,0,0,72.45
1784843906030,0,0,0,72.74
1784843906030,1,0,0,72.61
1784843906166,0,0,0,72.74
1784843906166,1,0,0,72.51
1784843906303,0,0,0,72.74
1784843906303,1,0,0,72.48
1784843906439,0,0,0,72.75
1784843906439,1,0,0,72.63
1784843906575,0,0,0,72.75
1784843906575,1,0,0,72.61
1784843906711,0,0,0,72.76
1784843906711,1,0,0,72.53
1784843906848,0,0,0,72.76
1784843906848,1,0,0,72.64
1784843906985,0,0,0,72.75
1784843906985,1,0,0,72.73
1784843907121,0,0,0,72.77
1784843907121,1,0,0,72.61
1784843907258,0,0,0,72.78
1784843907258,1,0,0,72.66
1784843907394,0,0,0,72.78
1784843907394,1,0,0,72.80
1784843907530,0,0,0,72.78
1784843907530,1,0,0,72.69
1784843907666,0,0,0,72.79
1784843907666,1,0,0,72.68
1784843907803,0,0,0,72.79
1784843907803,1,0,0,72.84
1784843907940,0,0,0,72.81
1784843907940,1,0,0,72.75
1784843908075,0,0,0,72.84
1784843908075,1,0,0,72.68
1784843908211,0,0,0,72.86
1784843908211,1,0,0,72.82
1784843908347,0,0,0,72.85
1784843908347,1,0,0,72.84
1784843908484,0,0,0,72.81
1784843908484,1,0,0,72.74
1784843908620,0,0,0,72.83
1784843908620,1,0,0,72.77
1784843908757,0,0,0,72.80
1784843908757,1,0,0,72.89
1784843908893,0,0,0,72.82
1784843908893,1,0,0,72.81
1784843909029,0,0,0,72.82
1784843909029,1,0,0,72.74
1784843909165,0,0,0,72.82
1784843909165,1,0,0,72.85
1784843909302,0,0,0,72.83
1784843909302,1,0,0,72.73
1784843909439,0,0,0,72.83
1784843909439,1,0,0,72.70
1784843909575,0,0,0,72.88
1784843909575,1,0,0,72.75
1784843909711,0,0,0,72.89
1784843909711,1,0,0,72.71
1784843909847,0,0,0,72.89
1784843909847,1,0,0,72.64
1784843909984,0,0,0,72.88
1784843909984,1,0,0,72.61
1784843910121,0,0,0,72.87
1784843910121,1,0,0,72.70
1784843910257,0,0,0,72.86
1784843910257,1,0,0,72.58
1784843910394,0,0,0,72.87
1784843910394,1,0,0,72.53
1784843910531,0,0,0,72.88
1784843910531,1,0,0,72.63
1784843910666,0,0,0,72.85
1784843910666,1,0,0,72.55
1784843910803,0,0,0,72.86
1784843910803,1,0,0,72.45
1784843910939,0,0,0,72.85
1784843910939,1,0,0,72.54
1784843911076,0,0,0,72.86
1784843911076,1,0,0,72.61
1784843911213,0,0,0,72.84
1784843911213,1,0,0,72.48
1784843911349,0,0,0,72.83
1784843911349,1,0,0,72.50
1784843911485,0,0,0,72.81
1784843911485,1,0,0,72.65
1784843911622,0,0,0,72.82
1784843911622,1,0,0,72.50
1784843911758,0,0,0,72.81
1784843911758,1,0,0,72.50
1784843911895,0,0,0,72.83
1784843911895,1,0,0,72.61
1784843912032,0,0,0,72.83
1784843912032,1,0,0,72.53
1784843912168,0,0,0,72.81
1784843912168,1,0,0,72.52
1784843912304,0,0,0,72.85
1784843912304,1,0,0,72.67
1784843912442,0,0,0,72.87
1784843912442,1,0,0,72.60
1784843912578,0,0,0,72.93
1784843912578,1,0,0,72.55
1784843912715,0,0,0,72.94
1784843912715,1,0,0,72.64
1784843912852,0,0,0,72.94
1784843912852,1,0,0,72.70
1784843912989,0,0,0,72.92
1784843912989,1,0,0,72.60
1784843913125,0,0,0,72.91
1784843913125,1,0,0,72.55
1784843913266,0,0,0,72.93
1784843913266,1,0,0,72.70
1784843913403,0,0,0,72.91
1784843913403,1,0,0,72.56
1784843913540,0,0,0,72.92
1784843913540,1,0,0,72.54
1784843913676,0,0,0,72.89
1784843913676,1,0,0,72.62
1784843913812,0,0,0,72.89
1784843913812,1,0,0,72.60
1784843913950,0,0,0,72.91
1784843913950,1,0,0,72.55
1784843914087,0,0,0,72.93
1784843914087,1,0,0,72.57
1784843914224,0,0,0,72.94
1784843914224,1,0,0,72.67
1784843914360,0,0,0,72.92
1784843914360,1,0,0,72.58
1784843914497,0,0,0,72.90
1784843914497,1,0,0,72.56
1784843914634,0,0,0,72.89
1784843914634,1,0,0,72.76
1784843914770,0,0,0,72.92
1784843914770,1,0,0,72.66
1784843914906,0,0,0,72.91
1784843914906,1,0,0,72.59
1784843915042,0,0,0,72.90
1784843915042,1,0,0,72.73
1784843915179,0,0,0,72.90
1784843915179,1,0,0,72.71
1784843915315,0,0,0,72.90
1784843915315,1,0,0,72.57
1784843915451,0,0,0,72.91
1784843915451,1,0,0,72.63
1784843915587,0,0,0,72.92
1784843915587,1,0,0,72.69
1784843915724,0,0,0,72.92
1784843915724,1,0,0,72.54
1784843915860,0,0,0,72.91
1784843915860,1,0,0,72.56
1784843915996,0,0,0,72.92
1784843915996,1,0,0,72.66
1784843916133,0,0,0,72.91
1784843916133,1,0,0,72.55
1784843916269,0,0,0,72.89
1784843916269,1,0,0,72.50
1784843916405,0,0,0,72.92
1784843916405,1,0,0,72.67
1784843916541,0,0,0,72.90
1784843916541,1,0,0,72.62
1784843916677,0,0,0,72.90
1784843916677,1,0,0,72.56
1784843916813,0,0,0,72.88
1784843916813,1,0,0,72.64
1784843916949,0,0,0,72.89
1784843916949,1,0,0,72.67
1784843917085,0,0,0,72.91
1784843917085,1,0,0,72.56
1784843917221,0,0,0,72.91
1784843917221,1,0,0,72.58
1784843917358,0,0,0,72.91
1784843917358,1,0,0,72.69
1784843917494,0,0,0,72.90
1784843917494,1,0,0,72.63
1784843917630,0,0,0,72.89
1784843917630,1,0,0,72.52
1784843917766,0,0,0,72.89
1784843917766,1,0,0,72.65
1784843917903,0,0,0,72.89
1784843917903,1,0,0,72.72
1784843918039,0,0,0,72.89
1784843918039,1,0,0,72.59
1784843918175,0,0,0,72.88
1784843918175,1,0,0,72.64
1784843918312,0,0,0,72.89
1784843918312,1,0,0,72.75
1784843918449,0,0,0,72.90
1784843918449,1,0,0,72.67
1784843918585,0,0,0,72.94
1784843918585,1,0,0,72.70
1784843918722,0,0,0,72.94
1784843918722,1,0,0,72.83
1784843918858,0,0,0,72.95
1784843918858,1,0,0,72.75
1784843918994,0,0,0,72.93
1784843918994,1,0,0,72.70
1784843919130,0,0,0,72.91
1784843919130,1,0,0,72.85
1784843919266,0,0,0,72.92
1784843919266,1,0,0,72.82
1784843919402,0,0,0,72.92
1784843919402,1,0,0,72.72
1784843919538,0,0,0,72.92
1784843919538,1,0,0,72.78
1784843919675,0,0,0,72.91
1784843919675,1,0,0,72.86
1784843919811,0,0,0,72.92
1784843919811,1,0,0,72.71
1784843919948,0,0,0,72.92
1784843919948,1,0,0,72.73
1784843920084,0,0,0,72.94
1784843920084,1,0,0,72.87
1784843920220,0,0,0,72.93
1784843920220,1,0,0,72.77
1784843920357,0,0,0,72.91
1784843920357,1,0,0,72.74
1784843920494,0,0,0,72.91
1784843920494,1,0,0,72.81
1784843920630,0,0,0,72.90
1784843920630,1,0,0,72.81
1784843920766,0,0,0,72.91
1784843920766,1,0,0,72.75
1784843920903,0,0,0,72.90
1784843920903,1,0,0,72.76
1784843921040,0,0,0,72.92
1784843921040,1,0,0,72.84
1784843921177,0,0,0,72.93
1784843921177,1,0,0,72.75
1784843921314,0,0,0,72.95
1784843921314,1,0,0,72.79
1784843921450,0,0,0,72.95
1784843921450,1,0,0,72.89
1784843921587,0,0,0,72.95
1784843921587,1,0,0,72.80
1784843921724,0,0,0,72.95
1784843921724,1,0,0,72.73
1784843921861,0,0,0,72.94
1784843921861,1,0,0,72.82
1784843921998,0,0,0,72.93
1784843921998,1,0,0,72.84
1784843922135,0,0,0,72.93
1784843922135,1,0,0,72.68
1784843922271,0,0,0,72.92
1784843922271,1,0,0,72.72
1784843922407,0,0,0,72.90
1784843922407,1,0,0,72.73
1784843922544,0,0,0,72.91
1784843922544,1,0,0,72.67
1784843922678,0,0,0,72.89
1784843922678,1,0,0,72.68
1784843922815,0,0,0,72.88
1784843922815,1,0,0,72.77
1784843922952,0,0,0,72.89
1784843922952,1,0,0,72.65
1784843923088,0,0,0,72.85
1784843923088,1,0,0,72.61
1784843923225,0,0,0,72.87
1784843923225,1,0,0,72.71
1784843923362,0,0,0,72.86
1784843923362,1,0,0,72.63
1784843923499,0,0,0,72.86
1784843923499,1,0,0,72.53
1784843923636,0,0,0,72.84
1784843923636,1,0,0,72.57
1784843923772,0,0,0,72.83
1784843923772,1,0,0,72.56
1784843923909,0,0,0,72.83
1784843923909,1,0,0,72.44
1784843924047,0,0,0,72.84
1784843924047,1,0,0,72.46
1784843924184,0,0,0,72.82
1784843924184,1,0,0,72.62
1784843924320,0,0,0,72.82
1784843924320,1,0,0,72.46
1784843924457,0,0,0,72.85
1784843924457,1,0,0,72.46
1784843924593,0,0,0,72.86
1784843924593,1,0,0,72.58
1784843924729,0,0,0,72.87
1784843924729,1,0,0,72.55
1784843924866,0,0,0,72.84
1784843924866,1,0,0,72.51
1784843925002,0,0,0,72.82
1784843925002,1,0,0,72.54
1784843925138,0,0,0,72.83
1784843925138,1,0,0,72.63
1784843925274,0,0,0,72.86
1784843925274,1,0,0,72.57
1784843925410,0,0,0,72.84
1784843925410,1,0,0,72.71
1784843925547,0,0,0,72.85
1784843925547,1,0,0,72.79
1784843925683,0,0,0,72.87
1784843925683,1,0,0,72.72
1784843925819,0,0,0,72.88
1784843925819,1,0,0,72.71
1784843925955,0,0,0,72.91
1784843925955,1,0,0,72.86
1784843926092,0,0,0,72.93
1784843926092,1,0,0,72.84
1784843926228,0,0,0,72.93
1784843926228,1,0,0,72.71
1784843926365,0,0,0,72.91
1784843926365,1,0,0,72.75
1784843926501,0,0,0,72.88
1784843926501,1,0,0,72.85
1784843926637,0,0,0,72.88
1784843926637,1,0,0,72.66
1784843926773,0,0,0,72.88
1784843926773,1,0,0,72.67
1784843926908,0,0,0,72.87
1784843926908,1,0,0,72.80
1784843927044,0,0,0,72.85
1784843927044,1,0,0,72.65
1784843927180,0,0,0,72.87
1784843927180,1,0,0,72.64
1784843927317,0,0,0,72.86
1784843927317,1,0,0,72.77
1784843927453,0,0,0,72.86
1784843927453,1,0,0,72.65
1784843927589,0,0,0,72.87
1784843927589,1,0,0,72.60
1784843927725,0,0,0,72.86
1784843927725,1,0,0,72.73
1784843927861,0,0,0,72.83
1784843927861,1,0,0,72.73
1784843927998,0,0,0,72.85
1784843927998,1,0,0,72.62
1784843928134,0,0,0,72.82
1784843928134,1,0,0,72.64
1784843928271,0,0,0,72.80
1784843928271,1,0,0,72.75
1784843928407,0,0,0,72.81
1784843928407,1,0,0,72.68
1784843928544,0,0,0,72.81
1784843928544,1,0,0,72.63
1784843928681,0,0,0,72.82
1784843928681,1,0,0,72.73
1784843928816,0,0,0,72.83
1784843928816,1,0,0,72.65
1784843928952,0,0,0,72.82
1784843928952,1,0,0,72.62
1784843929088,0,0,0,72.83
1784843929088,1,0,0,72.68
1784843929224,0,0,0,72.80
1784843929224,1,0,0,72.71
1784843929360,0,0,0,72.79
1784843929360,1,0,0,72.63
1784843929498,0,0,0,72.79
1784843929498,1,0,0,72.61
1784843929634,0,0,0,72.77
1784843929634,1,0,0,72.73
1784843929770,0,0,0,72.76
1784843929770,1,0,0,72.62
1784843929907,0,0,0,72.78
1784843929907,1,0,0,72.57
1784843930043,0,0,0,72.77
1784843930043,1,0,0,72.75
1784843930178,0,0,0,72.79
1784843930178,1,0,0,72.70
1784843930314,0,0,0,72.82
1784843930314,1,0,0,72.59
1784843930451,0,0,0,72.82
1784843930451,1,0,0,72.69
1784843930588,0,0,0,72.83
1784843930588,1,0,0,72.74
1784843930724,0,0,0,72.82
1784843930724,1,0,0,72.60
1784843930861,0,0,0,72.81
1784843930861,1,0,0,72.64
1784843930997,0,0,0,72.80
1784843930997,1,0,0,72.76
1784843931133,0,0,0,72.80
1784843931133,1,0,0,72.64
1784843931270,0,0,0,72.78
1784843931270,1,0,0,72.65
1784843931406,0,0,0,72.77
1784843931406,1,0,0,72.74
1784843931543,0,0,0,72.77
1784843931543,1,0,0,72.70
1784843931678,0,0,0,72.78
1784843931678,1,0,0,72.67
1784843931814,0,0,0,72.78
1784843931814,1,0,0,72.81
1784843931951,0,0,0,72.78
1784843931951,1,0,0,72.76
1784843932087,0,0,0,72.80
1784843932087,1,0,0,72.62
1784843932224,0,0,0,72.78
1784843932224,1,0,0,72.64
1784843932361,0,0,0,72.77
1784843932361,1,0,0,72.71
1784843932498,0,0,0,72.77
1784843932498,1,0,0,72.57
1784843932634,0,0,0,72.76
1784843932634,1,0,0,72.48
1784843932771,0,0,0,72.79
1784843932771,1,0,0,72.60
1784843932907,0,0,0,72.78
1784843932907,1,0,0,72.56
1784843933043,0,0,0,72.78
1784843933043,1,0,0,72.43
1784843933180,0,0,0,72.78
1784843933180,1,0,0,72.50
1784843933316,0,0,0,72.80
1784843933316,1,0,0,72.47
1784843933453,0,0,0,72.81
1784843933453,1,0,0,72.43
1784843933592,0,0,0,72.79
1784843933592,1,0,0,72.44
1784843933728,0,0,0,72.79
1784843933728,1,0,0,72.54
1784843933865,0,0,0,72.77
1784843933865,1,0,0,72.44
1784843934000,0,0,0,72.77
1784843934000,1,0,0,72.42
1784843934136,0,0,0,72.72
1784843934136,1,0,0,72.55
1784843934272,0,0,0,72.71
1784843934272,1,0,0,72.46
1784843934409,0,0,0,72.70
1784843934409,1,0,0,72.39
1784843934545,0,0,0,72.68
1784843934545,1,0,0,72.51
1784843934681,0,0,0,72.70
1784843934681,1,0,0,72.52
1784843934818,0,0,0,72.70
1784843934818,1,0,0,72.36
1784843934954,0,0,0,72.70
1784843934954,1,0,0,72.43
1784843935091,0,0,0,72.74
1784843935091,1,0,0,72.55
1784843935228,0,0,0,72.76
1784843935228,1,0,0,72.42
1784843935366,0,0,0,72.76
1784843935366,1,0,0,72.43
1784843935502,0,0,0,72.78
1784843935502,1,0,0,72.54
1784843935638,0,0,0,72.77
1784843935638,1,0,0,72.45
1784843935775,0,0,0,72.77
1784843935775,1,0,0,72.43
1784843935912,0,0,0,72.76
1784843935912,1,0,0,72.49
1784843936048,0,0,0,72.75
1784843936048,1,0,0,72.50
1784843936184,0,0,0,72.77
1784843936184,1,0,0,72.44
1784843936321,0,0,0,72.75
1784843936321,1,0,0,72.55
1784843936457,0,0,0,72.73
1784843936457,1,0,0,72.58
1784843936593,0,0,0,72.73
1784843936593,1,0,0,72.47
1784843936729,0,0,0,72.72
1784843936729,1,0,0,72.53
1784843936865,0,0,0,72.71
1784843936865,1,0,0,72.66
1784843937002,0,0,0,72.70
1784843937002,1,0,0,72.60
1784843937138,0,0,0,72.70
1784843937138,1,0,0,72.56
1784843937275,0,0,0,72.71
1784843937275,1,0,0,72.66
1784843937412,0,0,0,72.72
1784843937412,1,0,0,72.74
1784843937549,0,0,0,72.72
1784843937549,1,0,0,72.59
1784843937685,0,0,0,72.74
1784843937685,1,0,0,72.65
1784843937822,0,0,0,72.74
1784843937822,1,0,0,72.72
1784843937958,0,0,0,72.71
1784843937958,1,0,0,72.64
1784843938095,0,0,0,72.74
1784843938095,1,0,0,72.63
1784843938231,0,0,0,72.73
1784843938231,1,0,0,72.80
1784843938367,0,0,0,72.73
1784843938367,1,0,0,72.68
1784843938504,0,0,0,72.72
1784843938504,1,0,0,72.63
1784843938640,0,0,0,72.74
1784843938640,1,0,0,72.80
1784843938777,0,0,0,72.72
1784843938777,1,0,0,72.75
1784843938914,0,0,0,72.77
1784843938914,1,0,0,72.63
1784843939050,0,0,0,72.79
1784843939050,1,0,0,72.70
1784843939187,0,0,0,72.78
1784843939187,1,0,0,72.76
1784843939324,0,0,0,72.78
1784843939324,1,0,0,72.63
1784843939461,0,0,0,72.76
1784843939461,1,0,0,72.64
1784843939597,0,0,0,72.75
1784843939597,1,0,0,72.74
1784843939733,0,0,0,72.75
1784843939733,1,0,0,72.61
1784843939870,0,0,0,72.73
1784843939870,1,0,0,72.59
1784843940006,0,0,0,72.70
1784843940006,1,0,0,72.65
1784843940143,0,0,0,72.67
1784843940143,1,0,0,72.63
1784843940280,0,0,0,72.63
1784843940280,1,0,0,72.57
1784843940417,0,0,0,72.63
1784843940417,1,0,0,72.69
1784843940554,0,0,0,72.63
1784843940554,1,0,0,72.67
1784843940691,0,0,0,72.61
1784843940691,1,0,0,72.59
1784843940828,0,0,0,72.62
1784843940828,1,0,0,72.60
1784843940964,0,0,0,72.60
1784843940964,1,0,0,72.72
1784843941102,0,0,0,72.63
1784843941102,1,0,0,72.65
1784843941238,0,0,0,72.63
1784843941238,1,0,0,72.58
1784843941375,0,0,0,72.63
1784843941375,1,0,0,72.71
1784843941511,0,0,0,72.64
1784843941511,1,0,0,72.68
1784843941646,0,0,0,72.63
1784843941646,1,0,0,72.56
1784843941783,0,0,0,72.64
1784843941783,1,0,0,72.61
1784843941919,0,0,0,72.64
1784843941919,1,0,0,72.62
1784843942056,0,0,0,72.64
1784843942056,1,0,0,72.57
1784843942194,0,0,0,72.66
1784843942194,1,0,0,72.56
1784843942330,0,0,0,72.65
1784843942330,1,0,0,72.68
1784843942466,0,0,0,72.69
1784843942466,1,0,0,72.62
1784843942603,0,0,0,72.68
1784843942603,1,0,0,72.60
1784843942739,0,0,0,72.67
1784843942739,1,0,0,72.76
1784843942876,0,0,0,72.65
1784843942876,1,0,0,72.68
1784843943012,0,0,0,72.67
1784843943012,1,0,0,72.61
1784843943149,0,0,0,72.66
1784843943149,1,0,0,72.75
1784843943286,0,0,0,72.69
1784843943286,1,0,0,72.79
1784843943422,0,0,0,72.68
1784843943422,1,0,0,72.62
1784843943559,0,0,0,72.65
1784843943559,1,0,0,72.67
1784843943695,0,0,0,72.69
1784843943695,1,0,0,72.79
1784843943831,0,0,0,72.69
1784843943831,1,0,0,72.60
1784843943968,0,0,0,72.70
1784843943968,1,0,0,72.61
1784843944104,0,0,0,72.67
1784843944104,1,0,0,72.70
1784843944240,0,0,0,72.67
1784843944240,1,0,0,72.61
1784843944376,0,0,0,72.65
1784843944376,1,0,0,72.57
1784843944512,0,0,0,72.67
1784843944512,1,0,0,72.59
1784843944649,0,0,0,72.66
1784843944649,1,0,0,72.60
1784843944784,0,0,0,72.68
1784843944784,1,0,0,72.53
1784843944920,0,0,0,72.68
1784843944920,1,0,0,72.64
1784843945057,0,0,0,72.68
1784843945057,1,0,0,72.66
1784843945193,0,0,0,72.70
1784843945193,1,0,0,72.56
1784843945329,0,0,0,72.68
1784843945329,1,0,0,72.56
1784843945465,0,0,0,72.67
1784843945465,1,0,0,72.68
1784843945601,0,0,0,72.65
1784843945601,1,0,0,72.64
1784843945738,0,0,0,72.67
1784843945738,1,0,0,72.56
1784843945874,0,0,0,72.64
1784843945874,1,0,0,72.61
1784843946010,0,0,0,72.65
1784843946010,1,0,0,72.67
1784843946146,0,0,0,72.66
1784843946146,1,0,0,72.53
1784843946284,0,0,0,72.64
1784843946284,1,0,0,72.54
1784843946420,0,0,0,72.66
1784843946420,1,0,0,72.67
1784843946556,0,0,0,72.65
1784843946556,1,0,0,72.56
1784843946693,0,0,0,72.67
1784843946693,1,0,0,72.55
1784843946828,0,0,0,72.69
1784843946828,1,0,0,72.71
1784843946965,0,0,0,72.68
1784843946965,1,0,0,72.62
1784843947101,0,0,0,72.66
1784843947101,1,0,0,72.55
1784843947237,0,0,0,72.65
1784843947237,1,0,0,72.69
1784843947373,0,0,0,72.64
1784843947373,1,0,0,72.67
1784843947509,0,0,0,72.64
1784843947509,1,0,0,72.53
1784843947645,0,0,0,72.63
1784843947645,1,0,0,72.58
1784843947781,0,0,0,72.59
1784843947781,1,0,0,72.68
1784843947917,0,0,0,72.58
1784843947917,1,0,0,72.62
1784843948053,0,0,0,72.59
1784843948053,1,0,0,72.57
1784843948189,0,0,0,72.59
1784843948189,1,0,0,72.71
1784843948325,0,0,0,72.63
1784843948325,1,0,0,72.61
1784843948461,0,0,0,72.62
1784843948461,1,0,0,72.59
1784843948597,0,0,0,72.62
1784843948597,1,0,0,72.66
1784843948734,0,0,0,72.64
1784843948734,1,0,0,72.67
1784843948881,0,0,0,72.65
1784843948881,1,0,0,72.61
1784843949018,0,0,0,72.64
1784843949018,1,0,0,72.60
1784843949153,0,0,0,72.62
1784843949153,1,0,0,72.72
1784843949291,0,0,0,72.64
1784843949291,1,0,0,72.62
1784843949427,0,0,0,72.64
1784843949427,1,0,0,72.64
1784843949563,0,0,0,72.65
1784843949563,1,0,0,72.75
1784843949699,0,0,0,72.65
1784843949699,1,0,0,72.65
1784843949834,0,0,0,72.65
1784843949834,1,0,0,72.59
1784843949970,0,0,0,72.64
1784843949970,1,0,0,72.71
1784843950107,0,0,0,72.63
1784843950107,1,0,0,72.71
1784843950243,0,0,0,72.62
1784843950243,1,0,0,72.57
1784843950380,0,0,0,72.62
1784843950380,1,0,0,72.61
1784843950517,0,0,0,72.61
1784843950517,1,0,0,72.73
1784843950654,0,0,0,72.58
1784843950654,1,0,0,72.55
1784843950791,0,0,0,72.60
1784843950791,1,0,0,72.55
1784843950928,0,0,0,72.61
1784843950928,1,0,0,72.67
1784843951063,0,0,0,72.62
1784843951063,1,0,0,72.56
1784843951201,0,0,0,72.63
1784843951201,1,0,0,72.52
1784843951337,0,0,0,72.63
1784843951337,1,0,0,72.65
1784843951473,0,0,0,72.65
1784843951473,1,0,0,72.58
1784843951609,0,0,0,72.66
1784843951609,1,0,0,72.50
1784843951745,0,0,0,72.68
1784843951745,1,0,0,72.56
1784843951882,0,0,0,72.64
1784843951882,1,0,0,72.63
1784843952018,0,0,0,72.63
1784843952018,1,0,0,72.53
1784843952155,0,0,0,72.63
1784843952155,1,0,0,72.50
1784843952292,0,0,0,72.60
1784843952292,1,0,0,72.62
1784843952428,0,0,0,72.59
1784843952428,1,0,0,72.51
1784843952565,0,0,0,72.56
1784843952565,1,0,0,72.50
1784843952701,0,0,0,72.55
1784843952701,1,0,0,72.59
1784843952837,0,0,0,72.55
1784843952837,1,0,0,72.56
1784843952973,0,0,0,72.58
1784843952973,1,0,0,72.52
1784843953108,0,0,0,72.56
1784843953108,1,0,0,72.54
1784843953245,0,0,0,72.55
1784843953245,1,0,0,72.65
1784843953382,0,0,0,72.55
1784843953382,1,0,0,72.55
1784843953517,0,0,0,72.56
1784843953517,1,0,0,72.53
1784843953653,0,0,0,72.57
1784843953653,1,0,0,72.69
1784843953788,0,0,0,72.56
1784843953788,1,0,0,72.58
1784843953925,0,0,0,72.58
1784843953925,1,0,0,72.54
1784843954061,0,0,0,72.57
1784843954061,1,0,0,72.65
1784843954197,0,0,0,72.59
1784843954197,1,0,0,72.64
1784843954333,0,0,0,72.60
1784843954333,1,0,0,72.51
1784843954469,0,0,0,72.58
1784843954469,1,0,0,72.59
1784843954606,0,0,0,72.58
1784843954606,1,0,0,72.70
1784843954743,0,0,0,72.58
1784843954743,1,0,0,72.52
1784843954880,0,0,0,72.56
1784843954880,1,0,0,72.53
1784843955016,0,0,0,72.56
1784843955016,1,0,0,72.67
1784843955152,0,0,0,72.60
1784843955152,1,0,0,72.58
1784843955288,0,0,0,72.58
1784843955288,1,0,0,72.55
1784843955423,0,0,0,72.59
1784843955423,1,0,0,72.70
1784843955560,0,0,0,72.60
1784843955560,1,0,0,72.61
1784843955696,0,0,0,72.61
1784843955696,1,0,0,72.54
1784843955832,0,0,0,72.62
1784843955832,1,0,0,72.68
1784843955969,0,0,0,72.61
1784843955969,1,0,0,72.60
1784843956105,0,0,0,72.60
1784843956105,1,0,0,72.49
1784843956241,0,0,0,72.61
1784843956241,1,0,0,72.51
1784843956378,0,0,0,72.63
1784843956378,1,0,0,72.59
1784843956513,0,0,0,72.61
1784843956513,1,0,0,72.49
1784843956649,0,0,0,72.61
1784843956649,1,0,0,72.44
1784843956785,0,0,0,72.61
1784843956785,1,0,0,72.57
1784843956921,0,0,0,72.62
1784843956921,1,0,0,72.56
1784843957057,0,0,0,72.63
1784843957057,1,0,0,72.46
1784843957193,0,0,0,72.60
1784843957193,1,0,0,72.54
1784843957330,0,0,0,72.60
1784843957330,1,0,0,72.57
1784843957467,0,0,0,72.58
1784843957467,1,0,0,72.51
1784843957602,0,0,0,72.60
1784843957602,1,0,0,72.53
1784843957738,0,0,0,72.59
1784843957738,1,0,0,72.61
1784843957874,0,0,0,72.60
1784843957874,1,0,0,72.53
1784843958011,0,0,0,72.58
1784843958011,1,0,0,72.49
1784843958147,0,0,0,72.58
1784843958147,1,0,0,72.65
1784843958283,0,0,0,72.58
1784843958283,1,0,0,72.56
1784843958419,0,0,0,72.58
1784843958419,1,0,0,72.50
1784843958556,0,0,0,72.59
1784843958556,1,0,0,72.61
1784843958692,0,0,0,72.60
1784843958692,1,0,0,72.62
1784843958829,0,0,0,72.59
1784843958829,1,0,0,72.50
1784843958964,0,0,0,72.57
1784843958964,1,0,0,72.54
1784843959100,0,0,0,72.55
1784843959100,1,0,0,72.67
1784843959237,0,0,0,72.55
1784843959237,1,0,0,72.54
1784843959374,0,0,0,72.54
1784843959374,1,0,0,72.52
1784843959511,0,0,0,72.54
1784843959511,1,0,0,72.64
1784843959647,0,0,0,72.52
1784843959647,1,0,0,72.54
1784843959785,0,0,0,72.51
1784843959785,1,0,0,72.50
1784843959921,0,0,0,72.52
1784843959921,1,0,0,72.52
1784843960058,0,0,0,72.52
1784843960058,1,0,0,72.59
1784843960194,0,0,0,72.53
1784843960194,1,0,0,72.51
1784843960330,0,0,0,72.53
1784843960330,1,0,0,72.60
1784843960468,0,0,0,72.53
1784843960468,1,0,0,72.66
1784843960604,0,0,0,72.54
1784843960604,1,0,0,72.56
1784843960740,0,0,0,72.56
1784843960740,1,0,0,72.56
1784843960876,0,0,0,72.57
1784843960876,1,0,0,72.71
1784843961013,0,0,0,72.58
1784843961013,1,0,0,72.64
1784843961149,0,0,0,72.59
1784843961149,1,0,0,72.54
1784843961287,0,0,0,72.60
1784843961287,1,0,0,72.62
1784843961425,0,0,0,72.60
1784843961425,1,0,0,72.59
1784843961562,0,0,0,72.59
1784843961562,1,0,0,72.55
1784843961699,0,0,0,72.56
1784843961699,1,0,0,72.57
1784843961835,0,0,0,72.56
1784843961835,1,0,0,72.68
1784843961972,0,0,0,72.56
1784843961972,1,0,0,72.57
1784843962109,0,0,0,72.55
1784843962109,1,0,0,72.54
1784843962246,0,0,0,72.56
1784843962246,1,0,0,72.70
1784843962381,0,0,0,72.57
1784843962381,1,0,0,72.59
1784843962519,0,0,0,72.57
1784843962519,1,0,0,72.53
1784843962656,0,0,0,72.61
1784843962656,1,0,0,72.62
1784843962793,0,0,0,72.61
1784843962793,1,0,0,72.57
1784843962928,0,0,0,72.61
1784843962928,1,0,0,72.47
1784843963064,0,0,0,72.62
1784843963064,1,0,0,72.51
1784843963201,0,0,0,72.62
1784843963201,1,0,0,72.60
1784843963337,0,0,0,72.62
1784843963337,1,0,0,72.46
1784843963474,0,0,0,72.62
1784843963474,1,0,0,72.46
1784843963611,0,0,0,72.60
1784843963611,1,0,0,72.58
1784843963748,0,0,0,72.60
1784843963748,1,0,0,72.48
1784843963885,0,0,0,72.59
1784843963885,1,0,0,72.46
1784843964021,0,0,0,72.58
1784843964021,1,0,0,72.61
1784843964162,0,0,0,72.58
1784843964162,1,0,0,72.54
1784843964299,0,0,0,72.54
1784843964299,1,0,0,72.46
1784843964435,0,0,0,72.53
1784843964435,1,0,0,72.57
1784843964570,0,0,0,72.54
1784843964570,1,0,0,72.60
1784843964707,0,0,0,72.53
1784843964707,1,0,0,72.51
1784843964844,0,0,0,72.53
1784843964844,1,0,0,72.52
1784843964981,0,0,0,72.51
1784843964981,1,0,0,72.63
1784843965117,0,0,0,72.51
1784843965117,1,0,0,72.55
1784843965253,0,0,0,72.50
1784843965253,1,0,0,72.48
1784843965391,0,0,0,72.53
1784843965391,1,0,0,72.60
1784843965527,0,0,0,72.51
1784843965527,1,0,0,72.53
1784843965663,0,0,0,72.52
1784843965663,1,0,0,72.50
1784843965800,0,0,0,72.50
1784843965800,1,0,0,72.54
1784843965936,0,0,0,72.50
1784843965936,1,0,0,72.60
1784843966072,0,0,0,72.51
1784843966072,1,0,0,72.52
1784843966208,0,0,0,72.50
1784843966208,1,0,0,72.50
1784843966344,0,0,0,72.51
1784843966344,1,0,0,72.65
1784843966481,0,0,0,72.50
1784843966481,1,0,0,72.55
1784843966618,0,0,0,72.50
1784843966618,1,0,0,72.52
1784843966754,0,0,0,72.50
1784843966754,1,0,0,72.65
1784843966891,0,0,0,72.53
1784843966891,1,0,0,72.62
1784843967027,0,0,0,72.51
1784843967027,1,0,0,72.52
1784843967163,0,0,0,72.54
1784843967163,1,0,0,72.59
1784843967299,0,0,0,72.55
1784843967299,1,0,0,72.69
1784843967434,0,0,0,72.55
1784843967434,1,0,0,72.53
1784843967571,0,0,0,72.55
1784843967571,1,0,0,72.51
1784843967707,0,0,0,72.55
1784843967707,1,0,0,72.66
1784843967843,0,0,0,72.56
1784843967843,1,0,0,72.50
1784843967979,0,0,0,72.54
1784843967979,1,0,0,72.52
1784843968116,0,0,0,72.54
1784843968116,1,0,0,72.60
1784843968251,0,0,0,72.57
1784843968251,1,0,0,72.56
1784843968388,0,0,0,72.56
1784843968388,1,0,0,72.48
1784843968525,0,0,0,72.58
1784843968525,1,0,0,72.48
1784843968662,0,0,0,72.58
1784843968662,1,0,0,72.56
1784843968798,0,0,0,72.60
1784843968798,1,0,0,72.49
1784843968934,0,0,0,72.58
1784843968934,1,0,0,72.52
1784843969069,0,0,0,72.57
1784843969069,1,0,0,72.63
1784843969205,0,0,0,72.53
1784843969205,1,0,0,72.54
1784843969342,0,0,0,72.53
1784843969342,1,0,0,72.49
1784843969477,0,0,0,72.53
1784843969477,1,0,0,72.60
1784843969614,0,0,0,72.50
1784843969614,1,0,0,72.62
1784843969750,0,0,0,72.52
1784843969750,1,0,0,72.50
1784843969886,0,0,0,72.50
1784843969886,1,0,0,72.54
1784843970023,0,0,0,72.52
1784843970023,1,0,0,72.65
1784843970159,0,0,0,72.52
1784843970159,1,0,0,72.48
1784843970295,0,0,0,72.50
1784843970295,1,0,0,72.46
1784843970431,0,0,0,72.50
1784843970431,1,0,0,72.61
1784843970568,0,0,0,72.48
1784843970568,1,0,0,72.49
1784843970704,0,0,0,72.47
1784843970704,1,0,0,72.44
1784843970840,0,0,0,72.46
1784843970840,1,0,0,72.63
1784843970976,0,0,0,72.43
1784843970976,1,0,0,72.56
1784843971116,0,0,0,72.43
1784843971116,1,0,0,72.49
1784843971252,0,0,0,72.43
1784843971252,1,0,0,72.60
1784843971389,0,0,0,72.43
1784843971389,1,0,0,72.66
1784843971525,0,0,0,72.45
1784843971525,1,0,0,72.56
1784843971661,0,0,0,72.46
1784843971661,1,0,0,72.53
1784843971798,0,0,0,72.47
1784843971798,1,0,0,72.64
1784843971934,0,0,0,72.49
1784843971934,1,0,0,72.51
1784843972071,0,0,0,72.49
1784843972071,1,0,0,72.51
1784843972207,0,0,0,72.51
1784843972207,1,0,0,72.59
1784843972344,0,0,0,72.51
1784843972344,1,0,0,72.56
1784843972481,0,0,0,72.49
1784843972481,1,0,0,72.47
1784843972618,0,0,0,72.48
1784843972618,1,0,0,72.50
1784843972754,0,0,0,72.48
1784843972754,1,0,0,72.63
1784843972890,0,0,0,72.46
1784843972890,1,0,0,72.53
1784843973026,0,0,0,72.48
1784843973026,1,0,0,72.50
1784843973163,0,0,0,72.49
1784843973163,1,0,0,72.67
1784843973299,0,0,0,72.50
1784843973299,1,0,0,72.58
1784843973435,0,0,0,72.49
1784843973435,1,0,0,72.56
1784843973573,0,0,0,72.47
1784843973573,1,0,0,72.71
1784843973709,0,0,0,72.46
1784843973709,1,0,0,72.67
1784843973845,0,0,0,72.46
1784843973845,1,0,0,72.54
1784843973981,0,0,0,72.46
1784843973981,1,0,0,72.62
1784843974118,0,0,0,72.45
1784843974118,1,0,0,72.72
1784843974254,0,0,0,72.44
1784843974254,1,0,0,72.54
1784843974389,0,0,0,72.48
1784843974389,1,0,0,72.54
1784843974525,0,0,0,72.48
1784843974525,1,0,0,72.65
1784843974661,0,0,0,72.50
1784843974661,1,0,0,72.52
1784843974797,0,0,0,72.51
1784843974797,1,0,0,72.48
1784843974933,0,0,0,72.51
1784843974933,1,0,0,72.64
1784843975068,0,0,0,72.50
1784843975068,1,0,0,72.55
1784843975205,0,0,0,72.50
1784843975205,1,0,0,72.47
1784843975340,0,0,0,72.51
1784843975340,1,0,0,72.55
1784843975477,0,0,0,72.50
1784843975477,1,0,0,72.60
1784843975612,0,0,0,72.51
1784843975612,1,0,0,72.49
1784843975749,0,0,0,72.50
1784843975749,1,0,0,72.50
1784843975885,0,0,0,72.52
1784843975885,1,0,0,72.62
1784843976021,0,0,0,72.51
1784843976021,1,0,0,72.53
1784843976157,0,0,0,72.53
1784843976157,1,0,0,72.46
1784843976294,0,0,0,72.52
1784843976294,1,0,0,72.57
1784843976431,0,0,0,72.51
1784843976431,1,0,0,72.50
1784843976568,0,0,0,72.50
1784843976568,1,0,0,72.46
1784843976704,0,0,0,72.50
1784843976704,1,0,0,72.51
1784843976840,0,0,0,72.49
1784843976840,1,0,0,72.58
1784843976976,0,0,0,72.48
1784843976976,1,0,0,72.49
1784843977112,0,0,0,72.46
1784843977112,1,0,0,72.49
1784843977249,0,0,0,72.46
1784843977249,1,0,0,72.66
1784843977385,0,0,0,72.45
1784843977385,1,0,0,72.55
1784843977520,0,0,0,72.47
1784843977520,1,0,0,72.51
1784843977657,0,0,0,72.47
1784843977657,1,0,0,72.67
1784843977793,0,0,0,72.49
1784843977793,1,0,0,72.63
1784843977930,0,0,0,72.49
1784843977930,1,0,0,72.56
1784843978066,0,0,0,72.50
1784843978066,1,0,0,72.62
1784843978201,0,0,0,72.49
1784843978201,1,0,0,72.69
1784843978335,0,0,0,72.48
1784843978335,1,0,0,72.52
1784843978472,0,0,0,72.49
1784843978472,1,0,0,72.54
1784843978608,0,0,0,72.48
1784843978608,1,0,0,72.67
1784843978745,0,0,0,72.50
1784843978745,1,0,0,72.55
1784843978880,0,0,0,72.49
1784843978880,1,0,0,72.53
1784843979016,0,0,0,72.52
1784843979016,1,0,0,72.61
1784843979152,0,0,0,72.51
1784843979152,1,0,0,72.60
1784843979289,0,0,0,72.53
1784843979289,1,0,0,72.54
1784843979427,0,0,0,72.53
1784843979427,1,0,0,72.56
1784843979563,0,0,0,72.51
1784843979563,1,0,0,72.69
1784843979699,0,0,0,72.47
1784843979699,1,0,0,72.56
1784843979835,0,0,0,72.47
1784843979835,1,0,0,72.57
1784843979972,0,0,0,72.47
1784843979972,1,0,0,72.67
1784843980107,0,0,0,72.46
1784843980107,1,0,0,72.59
1784843980244,0,0,0,72.47
1784843980244,1,0,0,72.51
1784843980380,0,0,0,72.48
1784843980380,1,0,0,72.62
1784843980517,0,0,0,72.51
1784843980517,1,0,0,72.60
1784843980653,0,0,0,72.53
1784843980653,1,0,0,72.48
1784843980789,0,0,0,72.55
1784843980789,1,0,0,72.52
1784843980925,0,0,0,72.54
1784843980925,1,0,0,72.62
1784843981061,0,0,0,72.52
1784843981061,1,0,0,72.48
1784843981197,0,0,0,72.54
1784843981197,1,0,0,72.47
1784843981333,0,0,0,72.53
1784843981333,1,0,0,72.60
1784843981470,0,0,0,72.55
1784843981470,1,0,0,72.50
1784843981606,0,0,0,72.53
1784843981606,1,0,0,72.47
1784843981743,0,0,0,72.53
1784843981743,1,0,0,72.63
1784843981880,0,0,0,72.54
1784843981880,1,0,0,72.56
1784843982015,0,0,0,72.55
1784843982015,1,0,0,72.49
1784843982151,0,0,0,72.58
1784843982151,1,0,0,72.60
1784843982288,0,0,0,72.56
1784843982288,1,0,0,72.68
1784843982423,0,0,0,72.55
1784843982423,1,0,0,72.57
1784843982560,0,0,0,72.52
1784843982560,1,0,0,72.52
1784843982696,0,0,0,72.51
1784843982696,1,0,0,72.61
1784843982833,0,0,0,72.52
1784843982833,1,0,0,72.55
1784843982968,0,0,0,72.50
1784843982968,1,0,0,72.46
1784843983104,0,0,0,72.50
1784843983104,1,0,0,72.50
1784843983241,0,0,0,72.49
1784843983241,1,0,0,72.45
1784843983376,0,0,0,72.50
1784843983376,1,0,0,72.39
1784843983513,0,0,0,72.52
1784843983513,1,0,0,72.40
1784843983649,0,0,0,72.54
1784843983649,1,0,0,72.52
1784843983786,0,0,0,72.54
1784843983786,1,0,0,72.42
1784843983923,0,0,0,72.55
1784843983923,1,0,0,72.37
1784843984060,0,0,0,72.56
1784843984060,1,0,0,72.54
1784843984196,0,0,0,72.52
1784843984196,1,0,0,72.44
1784843984332,0,0,0,72.53
1784843984332,1,0,0,72.39
1784843984469,0,0,0,72.51
1784843984469,1,0,0,72.53
1784843984605,0,0,0,72.51
1784843984605,1,0,0,72.53
1784843984742,0,0,0,72.49
1784843984742,1,0,0,72.40
1784843984879,0,0,0,72.49
1784843984879,1,0,0,72.45
1784843985014,0,0,0,72.53
1784843985014,1,0,0,72.56
1784843985151,0,0,0,72.54
1784843985151,1,0,0,72.40
1784843985288,0,0,0,72.57
1784843985288,1,0,0,72.40
1784843985426,0,0,0,72.56
1784843985426,1,0,0,72.52
1784843985562,0,0,0,72.57
1784843985562,1,0,0,72.42
1784843985698,0,0,0,72.54
1784843985698,1,0,0,72.39
1784843985835,0,0,0,72.55
1784843985835,1,0,0,72.55
1784843985973,0,0,0,72.55
1784843985973,1,0,0,72.46
1784843986109,0,0,0,72.56
1784843986109,1,0,0,72.40
1784843986245,0,0,0,72.55
1784843986245,1,0,0,72.48
1784843986381,0,0,0,72.54
1784843986381,1,0,0,72.49
1784843986517,0,0,0,72.59
1784843986517,1,0,0,72.40
1784843986653,0,0,0,72.59
1784843986653,1,0,0,72.37
1784843986789,0,0,0,72.61
1784843986789,1,0,0,72.47
1784843986925,0,0,0,72.60
1784843986925,1,0,0,72.42
1784843987062,0,0,0,72.59
1784843987062,1,0,0,72.31
1784843987199,0,0,0,72.57
1784843987199,1,0,0,72.40
1784843987336,0,0,0,72.57
1784843987336,1,0,0,72.38
1784843987473,0,0,0,72.57
1784843987473,1,0,0,72.32
1784843987609,0,0,0,72.55
1784843987609,1,0,0,72.35
1784843987745,0,0,0,72.56
1784843987745,1,0,0,72.45
1784843987881,0,0,0,72.56
1784843987881,1,0,0,72.38
1784843988017,0,0,0,72.57
1784843988017,1,0,0,72.36
1784843988152,0,0,0,72.57
1784843988152,1,0,0,72.53
1784843988288,0,0,0,72.58
1784843988288,1,0,0,72.41
1784843988426,0,0,0,72.58
1784843988426,1,0,0,72.37
1784843988562,0,0,0,72.57
1784843988562,1,0,0,72.49
1784843988699,0,0,0,72.59
1784843988699,1,0,0,72.46
1784843988835,0,0,0,72.57
1784843988835,1,0,0,72.39
1784843988970,0,0,0,72.57
1784843988970,1,0,0,72.43
1784843989107,0,0,0,72.55
1784843989107,1,0,0,72.52
1784843989243,0,0,0,72.56
1784843989243,1,0,0,72.38
1784843989378,0,0,0,72.56
1784843989378,1,0,0,72.39
1784843989514,0,0,0,72.56
1784843989514,1,0,0,72.50
1784843989653,0,0,0,72.56
1784843989653,1,0,0,72.41
1784843989789,0,0,0,72.57
1784843989789,1,0,0,72.38
1784843989927,0,0,0,72.59
1784843989927,1,0,0,72.42
1784843990063,0,0,0,72.59
1784843990063,1,0,0,72.48
1784843990199,0,0,0,72.58
1784843990199,1,0,0,72.40
1784843990336,0,0,0,72.57
1784843990336,1,0,0,72.39
1784843990473,0,0,0,72.58
1784843990473,1,0,0,72.56
1784843990609,0,0,0,72.57
1784843990609,1,0,0,72.44
1784843990746,0,0,0,72.55
1784843990746,1,0,0,72.46
1784843990882,0,0,0,72.57
1784843990882,1,0,0,72.59
1784843991018,0,0,0,72.57
1784843991018,1,0,0,72.52
1784843991154,0,0,0,72.59
1784843991154,1,0,0,72.41
1784843991291,0,0,0,72.60
1784843991291,1,0,0,72.52
1784843991429,0,0,0,72.60
1784843991429,1,0,0,72.57
1784843991566,0,0,0,72.61
1784843991566,1,0,0,72.39
1784843991702,0,0,0,72.62
1784843991702,1,0,0,72.42
1784843991839,0,0,0,72.62
1784843991839,1,0,0,72.45
1784843991977,0,0,0,72.61
1784843991977,1,0,0,72.37
1784843992114,0,0,0,72.62
1784843992114,1,0,0,72.37
1784843992249,0,0,0,72.61
1784843992249,1,0,0,72.54
1784843992386,0,0,0,72.61
1784843992386,1,0,0,72.46
1784843992522,0,0,0,72.64
1784843992522,1,0,0,72.43
1784843992659,0,0,0,72.63
1784843992659,1,0,0,72.58
1784843992795,0,0,0,72.65
1784843992795,1,0,0,72.58
1784843992932,0,0,0,72.65
1784843992932,1,0,0,72.52
1784843993068,0,0,0,72.65
1784843993068,1,0,0,72.59
1784843993205,0,0,0,72.68
1784843993205,1,0,0,72.71
1784843993341,0,0,0,72.69
1784843993341,1,0,0,72.56
1784843993477,0,0,0,72.68
1784843993477,1,0,0,72.57
1784843993613,0,0,0,72.68
1784843993613,1,0,0,72.70
1784843993749,0,0,0,72.67
1784843993749,1,0,0,72.61
1784843993885,0,0,0,72.66
1784843993885,1,0,0,72.58
1784843994021,0,0,0,72.66
1784843994021,1,0,0,72.64
1784843994157,0,0,0,72.63
1784843994157,1,0,0,72.64
1784843994294,0,0,0,72.64
1784843994294,1,0,0,72.58
1784843994431,0,0,0,72.63
1784843994431,1,0,0,72.60
1784843994566,0,0,0,72.64
1784843994566,1,0,0,72.73
1784843994707,0,0,0,72.65
1784843994707,1,0,0,72.62
1784843994844,0,0,0,72.64
1784843994844,1,0,0,72.63
1784843994981,0,0,0,72.64
1784843994981,1,0,0,72.72
1784843995118,0,0,0,72.64
1784843995118,1,0,0,72.66
1784843995255,0,0,0,72.65
1784843995255,1,0,0,72.60
1784843995391,0,0,0,72.63
1784843995391,1,0,0,72.70
1784843995528,0,0,0,72.63
1784843995528,1,0,0,72.75
1784843995665,0,0,0,72.62
1784843995665,1,0,0,72.62
1784843995801,0,0,0,72.62
1784843995801,1,0,0,72.67
1784843995937,0,0,0,72.64
1784843995937,1,0,0,72.78
1784843996072,0,0,0,72.63
1784843996072,1,0,0,72.64
1784843996209,0,0,0,72.65
1784843996209,1,0,0,72.64
1784843996345,0,0,0,72.65
1784843996345,1,0,0,72.79
1784843996481,0,0,0,72.66
1784843996481,1,0,0,72.68
1784843996617,0,0,0,72.64
1784843996617,1,0,0,72.64
1784843996754,0,0,0,72.67
1784843996754,1,0,0,72.79
1784843996890,0,0,0,72.65
1784843996890,1,0,0,72.76
1784843997027,0,0,0,72.68
1784843997027,1,0,0,72.65
1784843997163,0,0,0,72.68
1784843997163,1,0,0,72.75
1784843997299,0,0,0,72.67
1784843997299,1,0,0,72.79
1784843997437,0,0,0,72.68
1784843997437,1,0,0,72.67
1784843997574,0,0,0,72.70
1784843997574,1,0,0,72.64
1784843997710,0,0,0,72.71
1784843997710,1,0,0,72.74
1784843997846,0,0,0,72.70
1784843997846,1,0,0,72.60
1784843997983,0,0,0,72.71
1784843997983,1,0,0,72.59
1784843998119,0,0,0,72.71
1784843998119,1,0,0,72.65
1784843998255,0,0,0,72.71
1784843998255,1,0,0,72.63
1784843998390,0,0,0,72.74
1784843998390,1,0,0,72.59
1784843998527,0,0,0,72.73
1784843998527,1,0,0,72.60
1784843998663,0,0,0,72.75
1784843998663,1,0,0,72.71
1784843998800,0,0,0,72.73
1784843998800,1,0,0,72.62
1784843998936,0,0,0,72.74
1784843998936,1,0,0,72.60
1784843999072,0,0,0,72.74
1784843999072,1,0,0,72.76
1784843999208,0,0,0,72.73
1784843999208,1,0,0,72.68
1784843999344,0,0,0,72.75
1784843999344,1,0,0,72.60
1784843999480,0,0,0,72.74
1784843999480,1,0,0,72.71
1784843999614,0,0,0,72.78
1784843999614,1,0,0,72.70
1784843999750,0,0,0,72.78
1784843999750,1,0,0,72.61
1784843999886,0,0,0,72.78
1784843999886,1,0,0,72.65
1784844000022,0,0,0,72.76
1784844000022,1,0,0,72.75
1784844000158,0,0,0,72.75
1784844000158,1,0,0,72.62
1784844000294,0,0,0,72.74
1784844000294,1,0,0,72.64
1784844000430,0,0,0,72.74
1784844000430,1,0,0,72.76
1784844000566,0,0,0,72.74
1784844000566,1,0,0,72.66
1784844000702,0,0,0,72.71
1784844000702,1,0,0,72.64
1784844000839,0,0,0,72.72
1784844000839,1,0,0,72.69
1784844000975,0,0,0,72.74
1784844000975,1,0,0,72.74
1784844001118,0,0,0,72.74
1784844001118,1,0,0,72.66
1784844001256,0,0,0,72.74
1784844001256,1,0,0,72.75
1784844001392,0,0,0,72.75
1784844001392,1,0,0,72.81
1784844001530,0,0,0,72.72
1784844001530,1,0,0,72.68
1784844001667,0,0,0,72.72
1784844001667,1,0,0,72.70
1784844001803,0,0,0,72.73
1784844001803,1,0,0,72.84
1784844001940,0,0,0,72.73
1784844001940,1,0,0,72.76
1784844002076,0,0,0,72.73
1784844002076,1,0,0,72.68
1784844002212,0,0,0,72.74
1784844002212,1,0,0,72.81
1784844002349,0,0,0,72.75
1784844002349,1,0,0,72.72
1784844002485,0,0,0,72.75
1784844002485,1,0,0,72.70
1784844002622,0,0,0,72.76
1784844002622,1,0,0,72.73
1784844002757,0,0,0,72.78
1784844002757,1,0,0,72.75
1784844002893,0,0,0,72.78
1784844002893,1,0,0,72.67
1784844003030,0,0,0,72.79
1784844003030,1,0,0,72.68
1784844003167,0,0,0,72.79
1784844003167,1,0,0,72.78
1784844003304,0,0,0,72.80
1784844003304,1,0,0,72.71
1784844003441,0,0,0,72.80
1784844003441,1,0,0,72.68
1784844003578,0,0,0,72.78
1784844003578,1,0,0,72.80
1784844003715,0,0,0,72.78
1784844003715,1,0,0,72.74
1784844003852,0,0,0,72.77
1784844003852,1,0,0,72.67
1784844003988,0,0,0,72.79
1784844003988,1,0,0,72.74
1784844004124,0,0,0,72.79
1784844004124,1,0,0,72.81
1784844004260,0,0,0,72.79
1784844004260,1,0,0,72.64
1784844004396,0,0,0,72.81
1784844004396,1,0,0,72.66
1784844004532,0,0,0,72.85
1784844004532,1,0,0,72.78
1784844004667,0,0,0,72.87
1784844004667,1,0,0,72.67
1784844004803,0,0,0,72.85
1784844004803,1,0,0,72.66
1784844004940,0,0,0,72.84
1784844004940,1,0,0,72.72
1784844005077,0,0,0,72.83
1784844005077,1,0,0,72.69
1784844005214,0,0,0,72.82
1784844005214,1,0,0,72.65
1784844005351,0,0,0,72.82
1784844005351,1,0,0,72.79
1784844005488,0,0,0,72.83
1784844005488,1,0,0,72.80
1784844005624,0,0,0,72.82
1784844005624,1,0,0,72.69
1784844005761,0,0,0,72.83
1784844005761,1,0,0,72.71
1784844005898,0,0,0,72.85
1784844005898,1,0,0,72.81
1784844006035,0,0,0,72.86
1784844006035,1,0,0,72.75
1784844006172,0,0,0,72.86
1784844006172,1,0,0,72.68
1784844006309,0,0,0,72.85
1784844006309,1,0,0,72.78
1784844006445,0,0,0,72.84
1784844006445,1,0,0,72.71
1784844006582,0,0,0,72.83
1784844006582,1,0,0,72.69
1784844006719,0,0,0,72.82
1784844006719,1,0,0,72.73
1784844006856,0,0,0,72.81
1784844006856,1,0,0,72.80
1784844006992,0,0,0,72.81
1784844006992,1,0,0,72.72
1784844007129,0,0,0,72.82
1784844007129,1,0,0,72.71
1784844007266,0,0,0,72.82
1784844007266,1,0,0,72.82
1784844007402,0,0,0,72.84
1784844007402,1,0,0,72.70
1784844007539,0,0,0,72.84
1784844007539,1,0,0,72.65
1784844007675,0,0,0,72.87
1784844007675,1,0,0,72.79
1784844007812,0,0,0,72.87
1784844007812,1,0,0,72.69
1784844007949,0,0,0,72.89
1784844007949,1,0,0,72.56
1784844008085,0,0,0,72.89
1784844008085,1,0,0,72.67
1784844008221,0,0,0,72.89
1784844008221,1,0,0,72.75
1784844008358,0,0,0,72.86
1784844008358,1,0,0,72.55
1784844008494,0,0,0,72.82
1784844008494,1,0,0,72.60
1784844008631,0,0,0,72.81
1784844008631,1,0,0,72.72
1784844008768,0,0,0,72.80
1784844008768,1,0,0,72.54
1784844008905,0,0,0,72.82
1784844008905,1,0,0,72.52
1784844009042,0,0,0,72.83
1784844009042,1,0,0,72.59
1784844009179,0,0,0,72.82
1784844009179,1,0,0,72.54
1784844009315,0,0,0,72.84
1784844009315,1,0,0,72.49
1784844009452,0,0,0,72.88
1784844009452,1,0,0,72.61
1784844009589,0,0,0,72.90
1784844009589,1,0,0,72.58
1784844009726,0,0,0,72.86
1784844009726,1,0,0,72.50
1784844009863,0,0,0,72.87
1784844009863,1,0,0,72.57
1784844010005,0,0,0,72.86
1784844010005,1,0,0,72.67
1784844010142,0,0,0,72.88
1784844010142,1,0,0,72.58
1784844010279,0,0,0,72.89
1784844010279,1,0,0,72.53
1784844010416,0,0,0,72.90
1784844010416,1,0,0,72.66
1784844010551,0,0,0,72.92
1784844010551,1,0,0,72.56
1784844010687,0,0,0,72.92
1784844010687,1,0,0,72.54
1784844010823,0,0,0,72.94
1784844010823,1,0,0,72.60
1784844010959,0,0,0,72.95
1784844010959,1,0,0,72.64
1784844011094,0,0,0,72.94
1784844011094,1,0,0,72.57
1784844011232,0,0,0,72.95
1784844011232,1,0,0,72.59
1784844011369,0,0,0,72.96
1784844011369,1,0,0,72.72
1784844011505,0,0,0,72.93
1784844011505,1,0,0,72.61
1784844011641,0,0,0,72.92
1784844011641,1,0,0,72.60
1784844011777,0,0,0,72.92
1784844011777,1,0,0,72.75
1784844011913,0,0,0,72.92
1784844011913,1,0,0,72.69
1784844012049,0,0,0,72.94
1784844012049,1,0,0,72.65
1784844012186,0,0,0,72.96
1784844012186,1,0,0,72.76
1784844012322,0,0,0,72.95
1784844012322,1,0,0,72.82
1784844012458,0,0,0,72.95
1784844012458,1,0,0,72.72
1784844012594,0,0,0,72.95
1784844012594,1,0,0,72.76
1784844012731,0,0,0,72.96
1784844012731,1,0,0,72.91
1784844012866,0,0,0,72.93
1784844012866,1,0,0,72.76
1784844013003,0,0,0,72.93
1784844013003,1,0,0,72.75
1784844013139,0,0,0,72.91
1784844013139,1,0,0,72.86
1784844013275,0,0,0,72.91
1784844013275,1,0,0,72.80
1784844013412,0,0,0,72.88
1784844013412,1,0,0,72.74
1784844013549,0,0,0,72.89
1784844013549,1,0,0,72.93
1784844013685,0,0,0,72.88
1784844013685,1,0,0,72.84
1784844013821,0,0,0,72.88
1784844013821,1,0,0,72.76
1784844013958,0,0,0,72.90
1784844013958,1,0,0,72.83
1784844014094,0,0,0,72.89
1784844014094,1,0,0,72.91
1784844014230,0,0,0,72.88
1784844014230,1,0,0,72.78
1784844014366,0,0,0,72.87
1784844014366,1,0,0,72.80
1784844014503,0,0,0,72.88
1784844014503,1,0,0,72.88
1784844014640,0,0,0,72.88
1784844014640,1,0,0,72.84
1784844014777,0,0,0,72.88
1784844014777,1,0,0,72.75
1784844014914,0,0,0,72.87
1784844014914,1,0,0,72.80
1784844015050,0,0,0,72.89
1784844015050,1,0,0,72.74
1784844015187,0,0,0,72.90
1784844015187,1,0,0,72.69
1784844015323,0,0,0,72.91
1784844015323,1,0,0,72.71
1784844015459,0,0,0,72.93
1784844015459,1,0,0,72.78
1784844015596,0,0,0,72.92
1784844015596,1,0,0,72.68
1784844015733,0,0,0,72.93
1784844015733,1,0,0,72.64
1784844015869,0,0,0,72.94
1784844015869,1,0,0,72.86
1784844016005,0,0,0,72.94
1784844016005,1,0,0,72.76
1784844016141,0,0,0,72.94
1784844016141,1,0,0,72.70
1784844016277,0,0,0,72.92
1784844016277,1,0,0,72.85
1784844016414,0,0,0,72.95
1784844016414,1,0,0,72.84
1784844016551,0,0,0,72.94
1784844016551,1,0,0,72.72
1784844016688,0,0,0,72.97
1784844016688,1,0,0,72.79
1784844016824,0,0,0,72.96
1784844016824,1,0,0,72.86
1784844016960,0,0,0,72.97
1784844016960,1,0,0,72.70
1784844017095,0,0,0,72.98
1784844017095,1,0,0,72.71
1784844017233,0,0,0,73.00
1784844017233,1,0,0,72.82
1784844017369,0,0,0,72.98
1784844017369,1,0,0,72.71
1784844017507,0,0,0,72.99
1784844017507,1,0,0,72.68
1784844017642,0,0,0,72.98
1784844017642,1,0,0,72.74
1784844017779,0,0,0,72.97
1784844017779,1,0,0,72.78
1784844017915,0,0,0,72.96
1784844017915,1,0,0,72.70
1784844018051,0,0,0,72.95
1784844018051,1,0,0,72.81
1784844018188,0,0,0,72.94
1784844018188,1,0,0,72.86
1784844018324,0,0,0,72.92
1784844018324,1,0,0,72.75
1784844018461,0,0,0,72.93
1784844018461,1,0,0,72.76
1784844018597,0,0,0,72.91
1784844018597,1,0,0,72.90
1784844018733,0,0,0,72.88
1784844018733,1,0,0,72.83
1784844018870,0,0,0,72.87
1784844018870,1,0,0,72.72
1784844019006,0,0,0,72.85
1784844019006,1,0,0,72.83
1784844019143,0,0,0,72.85
1784844019143,1,0,0,72.88
1784844019280,0,0,0,72.86
1784844019280,1,0,0,72.70
1784844019417,0,0,0,72.88
1784844019417,1,0,0,72.75
1784844019553,0,0,0,72.89
1784844019553,1,0,0,72.84
1784844019688,0,0,0,72.88
1784844019688,1,0,0,72.73
1784844019823,0,0,0,72.92
1784844019823,1,0,0,72.71
1784844019960,0,0,0,72.93
1784844019960,1,0,0,72.90
1784844020096,0,0,0,72.94
1784844020096,1,0,0,72.78
1784844020233,0,0,0,72.92
1784844020233,1,0,0,72.74
1784844020369,0,0,0,72.91
1784844020369,1,0,0,72.86
1784844020505,0,0,0,72.90
1784844020505,1,0,0,72.77
1784844020642,0,0,0,72.91
1784844020642,1,0,0,72.68
1784844020778,0,0,0,72.91
1784844020778,1,0,0,72.78
1784844020914,0,0,0,72.92
1784844020914,1,0,0,72.80
1784844021050,0,0,0,72.93
1784844021050,1,0,0,72.66
1784844021186,0,0,0,72.93
1784844021186,1,0,0,72.68
1784844021322,0,0,0,72.94
1784844021322,1,0,0,72.81
1784844021458,0,0,0,72.95
1784844021458,1,0,0,72.70
1784844021594,0,0,0,72.94
1784844021594,1,0,0,72.69
1784844021730,0,0,0,72.95
1784844021730,1,0,0,72.75
1784844021866,0,0,0,72.95
1784844021866,1,0,0,72.73
1784844022002,0,0,0,72.94
1784844022002,1,0,0,72.67
1784844022140,0,0,0,72.94
1784844022140,1,0,0,72.68
1784844022276,0,0,0,72.97
1784844022276,1,0,0,72.77
1784844022412,0,0,0,72.96
1784844022412,1,0,0,72.68
1784844022548,0,0,0,72.98
1784844022548,1,0,0,72.66
1784844022684,0,0,0,72.96
1784844022684,1,0,0,72.85
1784844022821,0,0,0,72.98
1784844022821,1,0,0,72.73
1784844022958,0,0,0,72.97
1784844022958,1,0,0,72.72
1784844023095,0,0,0,72.97
1784844023095,1,0,0,72.86
1784844023231,0,0,0,72.97
1784844023231,1,0,0,72.87
1784844023367,0,0,0,72.96
1784844023367,1,0,0,72.74
1784844023504,0,0,0,72.96
1784844023504,1,0,0,72.77
1784844023641,0,0,0,72.96
1784844023641,1,0,0,72.88
1784844023779,0,0,0,72.95
1784844023779,1,0,0,72.73
1784844023914,0,0,0,72.92
1784844023914,1,0,0,72.74
1784844024050,0,0,0,72.92
1784844024050,1,0,0,72.86
1784844024187,0,0,0,72.92
1784844024187,1,0,0,72.72
1784844024323,0,0,0,72.90
1784844024323,1,0,0,72.69
1784844024459,0,0,0,72.91
1784844024459,1,0,0,72.87
1784844024595,0,0,0,72.90
1784844024595,1,0,0,72.79
1784844024732,0,0,0,72.91
1784844024732,1,0,0,72.72
1784844024868,0,0,0,72.90
1784844024868,1,0,0,72.83
1784844025003,0,0,0,72.93
1784844025003,1,0,0,72.84
1784844025141,0,0,0,72.92
1784844025141,1,0,0,72.75
1784844025284,0,0,0,72.91
1784844025284,1,0,0,72.79
1784844025420,0,0,0,72.94
1784844025420,1,0,0,72.91
1784844025557,0,0,0,72.92
1784844025557,1,0,0,72.73
1784844025693,0,0,0,72.91
1784844025693,1,0,0,72.73
1784844025829,0,0,0,72.91
1784844025829,1,0,0,72.86
1784844025966,0,0,0,72.91
1784844025966,1,0,0,72.76
1784844026103,0,0,0,72.92
1784844026103,1,0,0,72.71
1784844026240,0,0,0,72.91
1784844026240,1,0,0,72.77
1784844026376,0,0,0,72.89
1784844026376,1,0,0,72.78
1784844026513,0,0,0,72.89
1784844026513,1,0,0,72.72
1784844026649,0,0,0,72.90
1784844026649,1,0,0,72.72
1784844026785,0,0,0,72.89
1784844026785,1,0,0,72.82
1784844026922,0,0,0,72.90
1784844026922,1,0,0,72.70
1784844027058,0,0,0,72.89
1784844027058,1,0,0,72.68
1784844027194,0,0,0,72.90
1784844027194,1,0,0,72.81
1784844027330,0,0,0,72.92
1784844027330,1,0,0,72.73
1784844027466,0,0,0,72.90
1784844027466,1,0,0,72.63
1784844027603,0,0,0,72.90
1784844027603,1,0,0,72.70
1784844027740,0,0,0,72.89
1784844027740,1,0,0,72.76
1784844027876,0,0,0,72.89
1784844027876,1,0,0,72.61
1784844028013,0,0,0,72.89
1784844028013,1,0,0,72.65
1784844028149,0,0,0,72.90
1784844028149,1,0,0,72.77
1784844028285,0,0,0,72.89
1784844028285,1,0,0,72.60
1784844028422,0,0,0,72.92
1784844028422,1,0,0,72.58
1784844028559,0,0,0,72.92
1784844028559,1,0,0,72.74
1784844028695,0,0,0,72.90
1784844028695,1,0,0,72.65
1784844028832,0,0,0,72.90
1784844028832,1,0,0,72.61
1784844028969,0,0,0,72.88
1784844028969,1,0,0,72.74
1784844029106,0,0,0,72.90
1784844029106,1,0,0,72.73
1784844029242,0,0,0,72.89
1784844029242,1,0,0,72.64
1784844029378,0,0,0,72.92
1784844029378,1,0,0,72.72
1784844029515,0,0,0,72.88
1784844029515,1,0,0,72.81
1784844029651,0,0,0,72.88
1784844029651,1,0,0,72.71
1784844029788,0,0,0,72.88
1784844029788,1,0,0,72.66
1784844029923,0,0,0,72.88
1784844029923,1,0,0,72.81
1784844030060,0,0,0,72.89
1784844030060,1,0,0,72.67
1784844030196,0,0,0,72.86
1784844030196,1,0,0,72.65
1784844030333,0,0,0,72.83
1784844030333,1,0,0,72.72
1784844030469,0,0,0,72.79
1784844030469,1,0,0,72.70
1784844030606,0,0,0,72.82
1784844030606,1,0,0,72.64
1784844030742,0,0,0,72.80
1784844030742,1,0,0,72.62
1784844030879,0,0,0,72.80
1784844030879,1,0,0,72.73
1784844031016,0,0,0,72.78
1784844031016,1,0,0,72.64
1784844031153,0,0,0,72.77
1784844031153,1,0,0,72.63
1784844031289,0,0,0,72.79
1784844031289,1,0,0,72.81
1784844031427,0,0,0,72.81
1784844031427,1,0,0,72.75
1784844031563,0,0,0,72.84
1784844031563,1,0,0,72.67
1784844031700,0,0,0,72.84
1784844031700,1,0,0,72.82
1784844031836,0,0,0,72.83
1784844031836,1,0,0,72.81
1784844031973,0,0,0,72.83
1784844031973,1,0,0,72.66
1784844032109,0,0,0,72.82
1784844032109,1,0,0,72.69
1784844032246,0,0,0,72.82
1784844032246,1,0,0,72.78
1784844032383,0,0,0,72.80
1784844032383,1,0,0,72.64
1784844032519,0,0,0,72.81
1784844032519,1,0,0,72.64
1784844032655,0,0,0,72.81
1784844032655,1,0,0,72.75
1784844032793,0,0,0,72.81
1784844032793,1,0,0,72.65
1784844032929,0,0,0,72.81
1784844032929,1,0,0,72.62
1784844033066,0,0,0,72.82
1784844033066,1,0,0,72.77
1784844033202,0,0,0,72.82
1784844033202,1,0,0,72.71
1784844033338,0,0,0,72.82
1784844033338,1,0,0,72.60
1784844033475,0,0,0,72.80
1784844033475,1,0,0,72.68
1784844033610,0,0,0,72.78
1784844033610,1,0,0,72.72
1784844033746,0,0,0,72.78
1784844033746,1,0,0,72.61
1784844033883,0,0,0,72.79
1784844033883,1,0,0,72.62
1784844034020,0,0,0,72.82
1784844034020,1,0,0,72.78
1784844034157,0,0,0,72.82
1784844034157,1,0,0,72.62
1784844034294,0,0,0,72.83
1784844034294,1,0,0,72.63
1784844034431,0,0,0,72.88
1784844034431,1,0,0,72.73
1784844034567,0,0,0,72.89
1784844034567,1,0,0,72.67
1784844034704,0,0,0,72.88
1784844034704,1,0,0,72.61
1784844034840,0,0,0,72.86
1784844034840,1,0,0,72.68
1784844034976,0,0,0,72.85
1784844034976,1,0,0,72.70
1784844035115,0,0,0,72.85
1784844035115,1,0,0,72.62
1784844035252,0,0,0,72.85
1784844035252,1,0,0,72.63
1784844035388,0,0,0,72.82
1784844035388,1,0,0,72.75
1784844035524,0,0,0,72.82
1784844035524,1,0,0,72.65
1784844035660,0,0,0,72.81
1784844035660,1,0,0,72.65
1784844035795,0,0,0,72.79
1784844035795,1,0,0,72.79
1784844035932,0,0,0,72.76
1784844035932,1,0,0,72.72
1784844036067,0,0,0,72.74
1784844036067,1,0,0,72.65
1784844036205,0,0,0,72.75
1784844036205,1,0,0,72.72
1784844036341,0,0,0,72.74
1784844036341,1,0,0,72.78
1784844036478,0,0,0,72.74
1784844036478,1,0,0,72.63
1784844036615,0,0,0,72.72
1784844036615,1,0,0,72.66
1784844036752,0,0,0,72.73
1784844036752,1,0,0,72.80
1784844036888,0,0,0,72.73
1784844036888,1,0,0,72.65
1784844037025,0,0,0,72.73
1784844037025,1,0,0,72.64
1784844037162,0,0,0,72.74
1784844037162,1,0,0,72.82
1784844037299,0,0,0,72.71
1784844037299,1,0,0,72.67
1784844037435,0,0,0,72.71
1784844037435,1,0,0,72.63
1784844037572,0,0,0,72.71
1784844037572,1,0,0,72.79
1784844037709,0,0,0,72.71
1784844037709,1,0,0,72.74
1784844037846,0,0,0,72.71
1784844037846,1,0,0,72.63
1784844037982,0,0,0,72.70
1784844037982,1,0,0,72.70
1784844038119,0,0,0,72.72
1784844038119,1,0,0,72.78
1784844038256,0,0,0,72.70
1784844038256,1,0,0,72.63
1784844038392,0,0,0,72.72
1784844038392,1,0,0,72.61
1784844038530,0,0,0,72.73
1784844038530,1,0,0,72.72
1784844038666,0,0,0,72.75
1784844038666,1,0,0,72.58
1784844038802,0,0,0,72.77
1784844038802,1,0,0,72.56
1784844038939,0,0,0,72.76
1784844038939,1,0,0,72.62
1784844039075,0,0,0,72.75
1784844039075,1,0,0,72.60
1784844039211,0,0,0,72.75
1784844039211,1,0,0,72.55
1784844039348,0,0,0,72.75
1784844039348,1,0,0,72.56
1784844039483,0,0,0,72.74
1784844039483,1,0,0,72.68
1784844039619,0,0,0,72.77
1784844039619,1,0,0,72.57
1784844039756,0,0,0,72.76
1784844039756,1,0,0,72.56
1784844039894,0,0,0,72.78
1784844039894,1,0,0,72.71
1784844040030,0,0,0,72.79
1784844040030,1,0,0,72.62
1784844040167,0,0,0,72.78
1784844040167,1,0,0,72.56
1784844040304,0,0,0,72.79
1784844040304,1,0,0,72.69
1784844040442,0,0,0,72.74
1784844040442,1,0,0,72.68
1784844040582,0,0,0,72.76
1784844040582,1,0,0,72.57
1784844040719,0,0,0,72.75
1784844040719,1,0,0,72.64
1784844040856,0,0,0,72.74
1784844040856,1,0,0,72.73
1784844040992,0,0,0,72.75
1784844040992,1,0,0,72.59
1784844041129,0,0,0,72.75
1784844041129,1,0,0,72.61
1784844041266,0,0,0,72.76
1784844041266,1,0,0,72.68
1784844041403,0,0,0,72.76
1784844041403,1,0,0,72.60
1784844041539,0,0,0,72.77
1784844041539,1,0,0,72.61
1784844041676,0,0,0,72.76
1784844041676,1,0,0,72.79
1784844041813,0,0,0,72.79
1784844041813,1,0,0,72.71
1784844041950,0,0,0,72.77
1784844041950,1,0,0,72.63
1784844042086,0,0,0,72.79
1784844042086,1,0,0,72.76
1784844042224,0,0,0,72.77
1784844042224,1,0,0,72.79
1784844042361,0,0,0,72.80
1784844042361,1,0,0,72.68
1784844042499,0,0,0,72.79
1784844042499,1,0,0,72.71
1784844042635,0,0,0,72.77
1784844042635,1,0,0,72.82
1784844042773,0,0,0,72.76
1784844042773,1,0,0,72.66
1784844042909,0,0,0,72.76
1784844042909,1,0,0,72.67
1784844043044,0,0,0,72.75
1784844043044,1,0,0,72.78
1784844043180,0,0,0,72.75
1784844043180,1,0,0,72.66
1784844043317,0,0,0,72.73
1784844043317,1,0,0,72.60
1784844043453,0,0,0,72.73
1784844043453,1,0,0,72.65
1784844043589,0,0,0,72.72
1784844043589,1,0,0,72.65
1784844043726,0,0,0,72.70
1784844043726,1,0,0,72.59
1784844043862,0,0,0,72.69
1784844043862,1,0,0,72.68
1784844043999,0,0,0,72.70
1784844043999,1,0,0,72.67
1784844044135,0,0,0,72.67
1784844044135,1,0,0,72.54
1784844044271,0,0,0,72.68
1784844044271,1,0,0,72.58
1784844044407,0,0,0,72.67
1784844044407,1,0,0,72.67
1784844044544,0,0,0,72.67
1784844044544,1,0,0,72.57
1784844044681,0,0,0,72.68
1784844044681,1,0,0,72.52
1784844044817,0,0,0,72.67
1784844044817,1,0,0,72.63
1784844044952,0,0,0,72.67
1784844044952,1,0,0,72.62
1784844045088,0,0,0,72.67
1784844045088,1,0,0,72.51
1784844045225,0,0,0,72.66
1784844045225,1,0,0,72.56
1784844045360,0,0,0,72.65
1784844045360,1,0,0,72.70
1784844045497,0,0,0,72.66
1784844045497,1,0,0,72.53
1784844045636,0,0,0,72.67
1784844045636,1,0,0,72.52
1784844045772,0,0,0,72.69
1784844045772,1,0,0,72.64
1784844045909,0,0,0,72.70
1784844045909,1,0,0,72.55
1784844046045,0,0,0,72.71
1784844046045,1,0,0,72.52
1784844046180,0,0,0,72.71
1784844046180,1,0,0,72.69
1784844046317,0,0,0,72.68
1784844046317,1,0,0,72.60
1784844046453,0,0,0,72.68
1784844046453,1,0,0,72.51
1784844046589,0,0,0,72.66
1784844046589,1,0,0,72.64
1784844046727,0,0,0,72.66
1784844046727,1,0,0,72.68
1784844046863,0,0,0,72.68
1784844046863,1,0,0,72.55
1784844047001,0,0,0,72.66
1784844047001,1,0,0,72.57
1784844047138,0,0,0,72.70
1784844047138,1,0,0,72.68
1784844047274,0,0,0,72.70
1784844047274,1,0,0,72.54
1784844047410,0,0,0,72.72
1784844047410,1,0,0,72.54
1784844047546,0,0,0,72.71
1784844047546,1,0,0,72.64
1784844047682,0,0,0,72.71
1784844047682,1,0,0,72.56
1784844047818,0,0,0,72.67
1784844047818,1,0,0,72.52
1784844047954,0,0,0,72.65
1784844047954,1,0,0,72.59
1784844048091,0,0,0,72.62
1784844048091,1,0,0,72.66
1784844048227,0,0,0,72.63
1784844048227,1,0,0,72.57
1784844048364,0,0,0,72.64
1784844048364,1,0,0,72.68
1784844048501,0,0,0,72.63
1784844048501,1,0,0,72.73
1784844048638,0,0,0,72.63
1784844048638,1,0,0,72.62
1784844048774,0,0,0,72.62
1784844048774,1,0,0,72.62
1784844048911,0,0,0,72.65
1784844048911,1,0,0,72.72
1784844049047,0,0,0,72.67
1784844049047,1,0,0,72.64
1784844049183,0,0,0,72.67
1784844049183,1,0,0,72.56
1784844049321,0,0,0,72.63
1784844049321,1,0,0,72.66
1784844049457,0,0,0,72.63
1784844049457,1,0,0,72.69
1784844049593,0,0,0,72.64
1784844049593,1,0,0,72.54
1784844049729,0,0,0,72.62
1784844049729,1,0,0,72.54
1784844049865,0,0,0,72.62
1784844049865,1,0,0,72.61
1784844050002,0,0,0,72.61
1784844050002,1,0,0,72.52
1784844050138,0,0,0,72.61
1784844050138,1,0,0,72.53
1784844050275,0,0,0,72.62
1784844050275,1,0,0,72.64
1784844050411,0,0,0,72.61
1784844050411,1,0,0,72.54
1784844050548,0,0,0,72.64
1784844050548,1,0,0,72.50
1784844050684,0,0,0,72.64
1784844050684,1,0,0,72.67
1784844050820,0,0,0,72.65
1784844050820,1,0,0,72.62
1784844050956,0,0,0,72.65
1784844050956,1,0,0,72.54
1784844051092,0,0,0,72.63
1784844051092,1,0,0,72.58
1784844051228,0,0,0,72.60
1784844051228,1,0,0,72.69
1784844051365,0,0,0,72.62
1784844051365,1,0,0,72.57
1784844051502,0,0,0,72.62
1784844051502,1,0,0,72.59
1784844051639,0,0,0,72.62
1784844051639,1,0,0,72.70
1784844051776,0,0,0,72.63
1784844051776,1,0,0,72.57
1784844051912,0,0,0,72.62
1784844051912,1,0,0,72.54
1784844052049,0,0,0,72.66
1784844052049,1,0,0,72.59
1784844052186,0,0,0,72.66
1784844052186,1,0,0,72.58
1784844052322,0,0,0,72.65
1784844052322,1,0,0,72.50
1784844052459,0,0,0,72.65
1784844052459,1,0,0,72.51
1784844052596,0,0,0,72.65
1784844052596,1,0,0,72.61
1784844052733,0,0,0,72.64
1784844052733,1,0,0,72.54
1784844052870,0,0,0,72.62
1784844052870,1,0,0,72.62
1784844053006,0,0,0,72.65
1784844053006,1,0,0,72.71
1784844053142,0,0,0,72.62
1784844053142,1,0,0,72.62
1784844053279,0,0,0,72.62
1784844053279,1,0,0,72.54
1784844053416,0,0,0,72.60
1784844053416,1,0,0,72.63
1784844053552,0,0,0,72.61
1784844053552,1,0,0,72.62
1784844053690,0,0,0,72.61
1784844053690,1,0,0,72.48
1784844053826,0,0,0,72.62
1784844053826,1,0,0,72.51
1784844053962,0,0,0,72.63
1784844053962,1,0,0,72.61
1784844054099,0,0,0,72.63
1784844054099,1,0,0,72.42
1784844054236,0,0,0,72.66
1784844054236,1,0,0,72.43
1784844054372,0,0,0,72.65
1784844054372,1,0,0,72.56
1784844054508,0,0,0,72.67
1784844054508,1,0,0,72.44
1784844054645,0,0,0,72.65
1784844054645,1,0,0,72.39
1784844054782,0,0,0,72.65
1784844054782,1,0,0,72.58
1784844054919,0,0,0,72.63
1784844054919,1,0,0,72.49
1784844055055,0,0,0,72.62
1784844055055,1,0,0,72.40
1784844055190,0,0,0,72.64
1784844055190,1,0,0,72.51
1784844055327,0,0,0,72.63
1784844055327,1,0,0,72.55
1784844055463,0,0,0,72.63
1784844055463,1,0,0,72.41
1784844055600,0,0,0,72.61
1784844055600,1,0,0,72.43
1784844055737,0,0,0,72.62
1784844055737,1,0,0,72.53
1784844055873,0,0,0,72.62
1784844055873,1,0,0,72.38
1784844056010,0,0,0,72.60
1784844056010,1,0,0,72.38
1784844056146,0,0,0,72.58
1784844056146,1,0,0,72.48
1784844056282,0,0,0,72.57
1784844056282,1,0,0,72.39
1784844056418,0,0,0,72.58
1784844056418,1,0,0,72.35
1784844056555,0,0,0,72.59
1784844056555,1,0,0,72.38
1784844056692,0,0,0,72.60
1784844056692,1,0,0,72.49
1784844056828,0,0,0,72.57
1784844056828,1,0,0,72.42
1784844056965,0,0,0,72.57
1784844056965,1,0,0,72.42
1784844057102,0,0,0,72.58
1784844057102,1,0,0,72.59
1784844057238,0,0,0,72.57
1784844057238,1,0,0,72.52
1784844057375,0,0,0,72.58
1784844057375,1,0,0,72.53
1784844057511,0,0,0,72.57
1784844057511,1,0,0,72.65
1784844057647,0,0,0,72.58
1784844057647,1,0,0,72.59
1784844057784,0,0,0,72.57
1784844057784,1,0,0,72.50
1784844057919,0,0,0,72.60
1784844057919,1,0,0,72.61
1784844058055,0,0,0,72.61
1784844058055,1,0,0,72.68
1784844058191,0,0,0,72.60
1784844058191,1,0,0,72.51
1784844058328,0,0,0,72.56
1784844058328,1,0,0,72.52
1784844058465,0,0,0,72.56
1784844058465,1,0,0,72.66
1784844058603,0,0,0,72.58
1784844058603,1,0,0,72.54
1784844058740,0,0,0,72.56
1784844058740,1,0,0,72.54
1784844058877,0,0,0,72.58
1784844058877,1,0,0,72.67
1784844059013,0,0,0,72.58
1784844059013,1,0,0,72.59
1784844059150,0,0,0,72.60
1784844059150,1,0,0,72.56
1784844059286,0,0,0,72.62
1784844059286,1,0,0,72.68
1784844059423,0,0,0,72.66
1784844059423,1,0,0,72.65
1784844059558,0,0,0,72.65
1784844059558,1,0,0,72.56
1784844059695,0,0,0,72.65
1784844059695,1,0,0,72.57
1784844059832,0,0,0,72.65
1784844059832,1,0,0,72.67
1784844059969,0,0,0,72.65
1784844059969,1,0,0,72.51
1784844060106,0,0,0,72.66
1784844060106,1,0,0,72.52
1784844060242,0,0,0,72.64
1784844060242,1,0,0,72.65
1784844060378,0,0,0,72.64
1784844060378,1,0,0,72.57
1784844060515,0,0,0,72.64
1784844060515,1,0,0,72.54
1784844060651,0,0,0,72.61
1784844060651,1,0,0,72.60
1784844060787,0,0,0,72.62
1784844060787,1,0,0,72.62
1784844060929,0,0,0,72.61
1784844060929,1,0,0,72.56
1784844061065,0,0,0,72.60
1784844061065,1,0,0,72.56
1784844061201,0,0,0,72.58
1784844061201,1,0,0,72.70
1784844061337,0,0,0,72.57
1784844061337,1,0,0,72.59
1784844061473,0,0,0,72.55
1784844061473,1,0,0,72.61
1784844061609,0,0,0,72.55
1784844061609,1,0,0,72.73
1784844061745,0,0,0,72.53
1784844061745,1,0,0,72.60
1784844061881,0,0,0,72.51
1784844061881,1,0,0,72.50
1784844062017,0,0,0,72.51
1784844062017,1,0,0,72.58
1784844062152,0,0,0,72.50
1784844062152,1,0,0,72.60
1784844062290,0,0,0,72.52
1784844062290,1,0,0,72.43
1784844062427,0,0,0,72.54
1784844062427,1,0,0,72.47
1784844062563,0,0,0,72.55
1784844062563,1,0,0,72.57
1784844062698,0,0,0,72.57
1784844062698,1,0,0,72.43
1784844062835,0,0,0,72.54
1784844062835,1,0,0,72.43
1784844062972,0,0,0,72.54
1784844062972,1,0,0,72.61
1784844063108,0,0,0,72.54
1784844063108,1,0,0,72.51
1784844063244,0,0,0,72.53
1784844063244,1,0,0,72.48
1784844063382,0,0,0,72.53
1784844063382,1,0,0,72.65
1784844063518,0,0,0,72.56
1784844063518,1,0,0,72.59
1784844063655,0,0,0,72.56
1784844063655,1,0,0,72.51
1784844063792,0,0,0,72.58
1784844063792,1,0,0,72.61
1784844063928,0,0,0,72.59
1784844063928,1,0,0,72.64
1784844064064,0,0,0,72.59
1784844064064,1,0,0,72.54
1784844064201,0,0,0,72.60
1784844064201,1,0,0,72.55
1784844064338,0,0,0,72.62
1784844064338,1,0,0,72.70
1784844064474,0,0,0,72.60
1784844064474,1,0,0,72.56
1784844064610,0,0,0,72.59
1784844064610,1,0,0,72.55
1784844064746,0,0,0,72.60
1784844064746,1,0,0,72.64
1784844064883,0,0,0,72.59
1784844064883,1,0,0,72.61
1784844065019,0,0,0,72.59
1784844065019,1,0,0,72.55
1784844065156,0,0,0,72.57
1784844065156,1,0,0,72.55
1784844065292,0,0,0,72.57
1784844065292,1,0,0,72.62
1784844065428,0,0,0,72.57
1784844065428,1,0,0,72.54
1784844065564,0,0,0,72.58
1784844065564,1,0,0,72.53
1784844065700,0,0,0,72.57
1784844065700,1,0,0,72.69
1784844065836,0,0,0,72.54
1784844065836,1,0,0,72.58
1784844065973,0,0,0,72.55
1784844065973,1,0,0,72.55
1784844066110,0,0,0,72.56
1784844066110,1,0,0,72.68
1784844066248,0,0,0,72.54
1784844066248,1,0,0,72.67
1784844066384,0,0,0,72.54
1784844066384,1,0,0,72.54
1784844066520,0,0,0,72.55
1784844066520,1,0,0,72.62
1784844066656,0,0,0,72.56
1784844066656,1,0,0,72.72
1784844066793,0,0,0,72.58
1784844066793,1,0,0,72.58
1784844066929,0,0,0,72.59
1784844066929,1,0,0,72.58
1784844067066,0,0,0,72.56
1784844067066,1,0,0,72.71
1784844067202,0,0,0,72.57
1784844067202,1,0,0,72.56
1784844067339,0,0,0,72.55
1784844067339,1,0,0,72.52
1784844067475,0,0,0,72.55
1784844067475,1,0,0,72.65
1784844067612,0,0,0,72.53
1784844067612,1,0,0,72.54
1784844067749,0,0,0,72.51
1784844067749,1,0,0,72.49
1784844067886,0,0,0,72.51
1784844067886,1,0,0,72.58
1784844068022,0,0,0,72.51
1784844068022,1,0,0,72.59
1784844068159,0,0,0,72.50
1784844068159,1,0,0,72.50
1784844068296,0,0,0,72.51
1784844068296,1,0,0,72.53
1784844068432,0,0,0,72.51
1784844068432,1,0,0,72.64
1784844068568,0,0,0,72.52
1784844068568,1,0,0,72.55
1784844068705,0,0,0,72.52
1784844068705,1,0,0,72.49
1784844068841,0,0,0,72.52
1784844068841,1,0,0,72.60
1784844068977,0,0,0,72.53
1784844068977,1,0,0,72.51
1784844069114,0,0,0,72.53
1784844069114,1,0,0,72.47
1784844069250,0,0,0,72.50
1784844069250,1,0,0,72.51
1784844069386,0,0,0,72.53
1784844069386,1,0,0,72.57
1784844069523,0,0,0,72.52
1784844069523,1,0,0,72.49
1784844069660,0,0,0,72.53
1784844069660,1,0,0,72.49
1784844069796,0,0,0,72.52
1784844069796,1,0,0,72.65
1784844069932,0,0,0,72.49
1784844069932,1,0,0,72.53
1784844070067,0,0,0,72.50
1784844070067,1,0,0,72.49
1784844070204,0,0,0,72.51
1784844070204,1,0,0,72.65
1784844070341,0,0,0,72.51
1784844070341,1,0,0,72.59
1784844070478,0,0,0,72.54
1784844070478,1,0,0,72.52
1784844070614,0,0,0,72.53
1784844070614,1,0,0,72.61
1784844070750,0,0,0,72.54
1784844070750,1,0,0,72.70
1784844070885,0,0,0,72.56
1784844070885,1,0,0,72.56
1784844071021,0,0,0,72.60
1784844071021,1,0,0,72.57
1784844071158,0,0,0,72.60
1784844071158,1,0,0,72.69
1784844071297,0,0,0,72.62
1784844071297,1,0,0,72.56
1784844071432,0,0,0,72.58
1784844071432,1,0,0,72.54
1784844071570,0,0,0,72.60
1784844071570,1,0,0,72.63
1784844071707,0,0,0,72.57
1784844071707,1,0,0,72.57
1784844071844,0,0,0,72.58
1784844071844,1,0,0,72.55
1784844071980,0,0,0,72.55
1784844071980,1,0,0,72.70
1784844072117,0,0,0,72.54
1784844072117,1,0,0,72.66
1784844072254,0,0,0,72.51
1784844072254,1,0,0,72.56
1784844072391,0,0,0,72.54
1784844072391,1,0,0,72.62
1784844072527,0,0,0,72.55
1784844072527,1,0,0,72.72
1784844072663,0,0,0,72.55
1784844072663,1,0,0,72.59
1784844072799,0,0,0,72.58
1784844072799,1,0,0,72.55
1784844072935,0,0,0,72.57
1784844072935,1,0,0,72.67
1784844073070,0,0,0,72.56
1784844073070,1,0,0,72.64
1784844073208,0,0,0,72.54
1784844073208,1,0,0,72.51
1784844073344,0,0,0,72.52
1784844073344,1,0,0,72.57
1784844073481,0,0,0,72.51
1784844073481,1,0,0,72.50
1784844073618,0,0,0,72.50
1784844073618,1,0,0,72.48
1784844073755,0,0,0,72.49
1784844073755,1,0,0,72.49
1784844073891,0,0,0,72.49
1784844073891,1,0,0,72.59
1784844074027,0,0,0,72.49
1784844074027,1,0,0,72.49
1784844074163,0,0,0,72.50
1784844074163,1,0,0,72.48
1784844074299,0,0,0,72.51
1784844074299,1,0,0,72.62
1784844074436,0,0,0,72.51
1784844074436,1,0,0,72.55
1784844074572,0,0,0,72.51
1784844074572,1,0,0,72.47
1784844074710,0,0,0,72.49
1784844074710,1,0,0,72.55
1784844074846,0,0,0,72.50
1784844074846,1,0,0,72.57
1784844074982,0,0,0,72.50
1784844074982,1,0,0,72.43
1784844075118,0,0,0,72.48
1784844075118,1,0,0,72.48
1784844075254,0,0,0,72.49
1784844075254,1,0,0,72.59
1784844075390,0,0,0,72.49
1784844075390,1,0,0,72.44
1784844075526,0,0,0,72.51
1784844075526,1,0,0,72.44
1784844075662,0,0,0,72.53
1784844075662,1,0,0,72.58
1784844075798,0,0,0,72.52
1784844075798,1,0,0,72.53
1784844075934,0,0,0,72.53
1784844075934,1,0,0,72.50
1784844076071,0,0,0,72.54
1784844076071,1,0,0,72.57
1784844076212,0,0,0,72.54
1784844076212,1,0,0,72.61
1784844076349,0,0,0,72.53
1784844076349,1,0,0,72.53
1784844076486,0,0,0,72.55
1784844076486,1,0,0,72.65
1784844076623,0,0,0,72.52
1784844076623,1,0,0,72.67
1784844076762,0,0,0,72.54
1784844076762,1,0,0,72.57
1784844076899,0,0,0,72.55
1784844076899,1,0,0,72.54
1784844077035,0,0,0,72.55
1784844077035,1,0,0,72.65
1784844077172,0,0,0,72.56
1784844077172,1,0,0,72.59
1784844077308,0,0,0,72.55
1784844077308,1,0,0,72.50
1784844077445,0,0,0,72.55
1784844077445,1,0,0,72.57
1784844077581,0,0,0,72.54
1784844077581,1,0,0,72.53
1784844077716,0,0,0,72.54
1784844077716,1,0,0,72.48
1784844077852,0,0,0,72.53
1784844077852,1,0,0,72.48
1784844077989,0,0,0,72.52
1784844077989,1,0,0,72.56
1784844078126,0,0,0,72.51
1784844078126,1,0,0,72.46
1784844078263,0,0,0,72.49
1784844078263,1,0,0,72.45
1784844078399,0,0,0,72.50
1784844078399,1,0,0,72.62
1784844078535,0,0,0,72.51
1784844078535,1,0,0,72.51
1784844078672,0,0,0,72.51
1784844078672,1,0,0,72.47
1784844078808,0,0,0,72.50
1784844078808,1,0,0,72.62
1784844078944,0,0,0,72.51
1784844078944,1,0,0,72.60
1784844079079,0,0,0,72.51
1784844079079,1,0,0,72.50
1784844079215,0,0,0,72.49
1784844079215,1,0,0,72.57
1784844079352,0,0,0,72.46
1784844079352,1,0,0,72.65
1784844079488,0,0,0,72.46
1784844079488,1,0,0,72.49
1784844079624,0,0,0,72.47
1784844079624,1,0,0,72.49
1784844079761,0,0,0,72.49
1784844079761,1,0,0,72.62
1784844079898,0,0,0,72.49
1784844079898,1,0,0,72.52
1784844080034,0,0,0,72.46
1784844080034,1,0,0,72.49
1784844080172,0,0,0,72.46
1784844080172,1,0,0,72.52
1784844080308,0,0,0,72.49
1784844080308,1,0,0,72.56
1784844080447,0,0,0,72.49
1784844080447,1,0,0,72.49
1784844080583,0,0,0,72.48
1784844080583,1,0,0,72.57
1784844080719,0,0,0,72.46
1784844080719,1,0,0,72.59
1784844080855,0,0,0,72.45
1784844080855,1,0,0,72.47
1784844080991,0,0,0,72.46
1784844080991,1,0,0,72.50
1784844081127,0,0,0,72.51
1784844081127,1,0,0,72.64
1784844081264,0,0,0,72.52
1784844081264,1,0,0,72.58
1784844081400,0,0,0,72.51
1784844081400,1,0,0,72.51
1784844081536,0,0,0,72.49
1784844081536,1,0,0,72.63
1784844081674,0,0,0,72.46
1784844081674,1,0,0,72.64
1784844081810,0,0,0,72.46
1784844081810,1,0,0,72.56
1784844081947,0,0,0,72.46
1784844081947,1,0,0,72.60
1784844082084,0,0,0,72.47
1784844082084,1,0,0,72.62
1784844082221,0,0,0,72.45
1784844082221,1,0,0,72.55
1784844082357,0,0,0,72.47
1784844082357,1,0,0,72.54
1784844082494,0,0,0,72.46
1784844082494,1,0,0,72.67
1784844082630,0,0,0,72.55
1784844082630,1,0,0,72.59
1784844082767,0,0,0,72.57
1784844082767,1,0,0,72.52
1784844082904,0,0,0,72.57
1784844082904,1,0,0,72.69
1784844083040,0,0,0,72.58
1784844083040,1,0,0,72.63
1784844083177,0,0,0,72.60
1784844083177,1,0,0,72.55
1784844083314,0,0,0,72.60
1784844083314,1,0,0,72.62
1784844083450,0,0,0,72.59
1784844083450,1,0,0,72.69
1784844083587,0,0,0,72.60
1784844083587,1,0,0,72.54
1784844083724,0,0,0,72.60
1784844083724,1,0,0,72.57
1784844083860,0,0,0,72.58
1784844083860,1,0,0,72.69
1784844083998,0,0,0,72.60
1784844083998,1,0,0,72.55
1784844084134,0,0,0,72.56
1784844084134,1,0,0,72.55
1784844084271,0,0,0,72.56
1784844084271,1,0,0,72.64
1784844084407,0,0,0,72.57
1784844084407,1,0,0,72.60
1784844084543,0,0,0,72.57
1784844084543,1,0,0,72.54
1784844084679,0,0,0,72.56
1784844084679,1,0,0,72.70
1784844084816,0,0,0,72.55
1784844084816,1,0,0,72.66
1784844084951,0,0,0,72.53
1784844084951,1,0,0,72.55
1784844085088,0,0,0,72.50
1784844085088,1,0,0,72.58
1784844085225,0,0,0,72.52
1784844085225,1,0,0,72.64
1784844085361,0,0,0,72.50
1784844085361,1,0,0,72.53
1784844085498,0,0,0,72.51
1784844085498,1,0,0,72.50
1784844085634,0,0,0,72.49
1784844085634,1,0,0,72.62
1784844085771,0,0,0,72.49
1784844085771,1,0,0,72.59
1784844085907,0,0,0,72.51
1784844085907,1,0,0,72.46
1784844086043,0,0,0,72.51
1784844086043,1,0,0,72.52
1784844086180,0,0,0,72.53
1784844086180,1,0,0,72.52
1784844086317,0,0,0,72.56
1784844086317,1,0,0,72.49
1784844086453,0,0,0,72.52
1784844086453,1,0,0,72.52
1784844086590,0,0,0,72.52
1784844086590,1,0,0,72.60
1784844086727,0,0,0,72.52
1784844086727,1,0,0,72.51
1784844086863,0,0,0,72.53
1784844086863,1,0,0,72.51
1784844086999,0,0,0,72.52
1784844086999,1,0,0,72.69
1784844087136,0,0,0,72.53
1784844087136,1,0,0,72.59
1784844087272,0,0,0,72.52
1784844087272,1,0,0,72.52
1784844087407,0,0,0,72.54
1784844087407,1,0,0,72.66
1784844087544,0,0,0,72.56
1784844087544,1,0,0,72.63
1784844087680,0,0,0,72.57
1784844087680,1,0,0,72.55
1784844087816,0,0,0,72.57
1784844087816,1,0,0,72.59
1784844087952,0,0,0,72.57
1784844087952,1,0,0,72.68
1784844088088,0,0,0,72.59
1784844088088,1,0,0,72.53
1784844088225,0,0,0,72.57
1784844088225,1,0,0,72.53
1784844088360,0,0,0,72.58
1784844088360,1,0,0,72.66
1784844088497,0,0,0,72.56
1784844088497,1,0,0,72.56
1784844088633,0,0,0,72.60
1784844088633,1,0,0,72.53
1784844088769,0,0,0,72.60
1784844088769,1,0,0,72.60
1784844088906,0,0,0,72.60
1784844088906,1,0,0,72.62
1784844089042,0,0,0,72.61
1784844089042,1,0,0,72.56
1784844089178,0,0,0,72.61
1784844089178,1,0,0,72.57
1784844089314,0,0,0,72.61
1784844089314,1,0,0,72.73
1784844089450,0,0,0,72.62
1784844089450,1,0,0,72.62
1784844089586,0,0,0,72.62
1784844089586,1,0,0,72.64
1784844089721,0,0,0,72.61
1784844089721,1,0,0,72.77
1784844089857,0,0,0,72.61
1784844089857,1,0,0,72.68
1784844089994,0,0,0,72.61
1784844089994,1,0,0,72.58
1784844090130,0,0,0,72.61
1784844090130,1,0,0,72.71
1784844090267,0,0,0,72.60
1784844090267,1,0,0,72.71
1784844090404,0,0,0,72.60
1784844090404,1,0,0,72.56
1784844090540,0,0,0,72.63
1784844090540,1,0,0,72.61
1784844090676,0,0,0,72.62
1784844090676,1,0,0,72.70
1784844090812,0,0,0,72.61
1784844090812,1,0,0,72.55
1784844090949,0,0,0,72.59
1784844090949,1,0,0,72.54
1784844091086,0,0,0,72.57
1784844091086,1,0,0,72.69
1784844091222,0,0,0,72.56
1784844091222,1,0,0,72.57
1784844091358,0,0,0,72.56
1784844091358,1,0,0,72.52
1784844091502,0,0,0,72.58
1784844091502,1,0,0,72.69
1784844091638,0,0,0,72.56
1784844091638,1,0,0,72.63
1784844091775,0,0,0,72.58
1784844091775,1,0,0,72.55
1784844091911,0,0,0,72.57
1784844091911,1,0,0,72.61
1784844092048,0,0,0,72.61
1784844092048,1,0,0,72.67
1784844092183,0,0,0,72.63
1784844092183,1,0,0,72.53
1784844092321,0,0,0,72.62
1784844092321,1,0,0,72.56
1784844092457,0,0,0,72.63
1784844092457,1,0,0,72.70
1784844092593,0,0,0,72.63
1784844092593,1,0,0,72.58
1784844092729,0,0,0,72.62
1784844092729,1,0,0,72.56
1784844092865,0,0,0,72.60
1784844092865,1,0,0,72.64
1784844093002,0,0,0,72.63
1784844093002,1,0,0,72.61
1784844093139,0,0,0,72.61
1784844093139,1,0,0,72.56
1784844093275,0,0,0,72.62
1784844093275,1,0,0,72.59
1784844093411,0,0,0,72.63
1784844093411,1,0,0,72.70
1784844093547,0,0,0,72.64
1784844093547,1,0,0,72.60
1784844093684,0,0,0,72.65
1784844093684,1,0,0,72.66
1784844093822,0,0,0,72.65
1784844093822,1,0,0,72.74
1784844093959,0,0,0,72.64
1784844093959,1,0,0,72.65
1784844094095,0,0,0,72.63
1784844094095,1,0,0,72.57
1784844094233,0,0,0,72.65
1784844094233,1,0,0,72.68
1784844094370,0,0,0,72.67
1784844094370,1,0,0,72.68
1784844094506,0,0,0,72.68
1784844094506,1,0,0,72.54
1784844094642,0,0,0,72.71
1784844094642,1,0,0,72.57
1784844094779,0,0,0,72.70
1784844094779,1,0,0,72.69
1784844094914,0,0,0,72.73
1784844094914,1,0,0,72.55
1784844095051,0,0,0,72.72
1784844095051,1,0,0,72.58
1784844095187,0,0,0,72.72
1784844095187,1,0,0,72.74
1784844095324,0,0,0,72.72
1784844095324,1,0,0,72.64
1784844095461,0,0,0,72.71
1784844095461,1,0,0,72.60
1784844095598,0,0,0,72.75
1784844095598,1,0,0,72.80
1784844095735,0,0,0,72.76
1784844095735,1,0,0,72.70
1784844095873,0,0,0,72.76
1784844095873,1,0,0,72.62
1784844096009,0,0,0,72.74
1784844096009,1,0,0,72.75
1784844096145,0,0,0,72.74
1784844096145,1,0,0,72.78
1784844096282,0,0,0,72.73
1784844096282,1,0,0,72.67
1784844096419,0,0,0,72.72
1784844096419,1,0,0,72.66
1784844096556,0,0,0,72.68
1784844096556,1,0,0,72.77
1784844096693,0,0,0,72.68
1784844096693,1,0,0,72.59
1784844096829,0,0,0,72.67
1784844096829,1,0,0,72.61
1784844096965,0,0,0,72.68
1784844096965,1,0,0,72.68
1784844097102,0,0,0,72.67
1784844097102,1,0,0,72.61
1784844097238,0,0,0,72.67
1784844097238,1,0,0,72.57
1784844097375,0,0,0,72.67
1784844097375,1,0,0,72.59
1784844097510,0,0,0,72.66
1784844097510,1,0,0,72.69
1784844097648,0,0,0,72.67
1784844097648,1,0,0,72.61
1784844097784,0,0,0,72.67
1784844097784,1,0,0,72.61
1784844097920,0,0,0,72.65
1784844097920,1,0,0,72.78
1784844098056,0,0,0,72.70
1784844098056,1,0,0,72.69
1784844098192,0,0,0,72.70
1784844098192,1,0,0,72.65
1784844098328,0,0,0,72.71
1784844098328,1,0,0,72.77
1784844098464,0,0,0,72.71
1784844098464,1,0,0,72.72
1784844098599,0,0,0,72.71
1784844098599,1,0,0,72.62
1784844098736,0,0,0,72.71
1784844098736,1,0,0,72.71
1784844098873,0,0,0,72.71
1784844098873,1,0,0,72.78
1784844099008,0,0,0,72.70
1784844099008,1,0,0,72.62
1784844099144,0,0,0,72.71
1784844099144,1,0,0,72.64
1784844099280,0,0,0,72.74
1784844099280,1,0,0,72.76
1784844099416,0,0,0,72.75
1784844099416,1,0,0,72.64
1784844099553,0,0,0,72.77
1784844099553,1,0,0,72.61
1784844099689,0,0,0,72.76
1784844099689,1,0,0,72.74
1784844099826,0,0,0,72.76
1784844099826,1,0,0,72.66
1784844099962,0,0,0,72.76
1784844099962,1,0,0,72.61
1784844100099,0,0,0,72.77
1784844100099,1,0,0,72.74
1784844100235,0,0,0,72.76
1784844100235,1,0,0,72.74
1784844100372,0,0,0,72.77
1784844100372,1,0,0,72.64
1784844100509,0,0,0,72.79
1784844100509,1,0,0,72.73
1784844100645,0,0,0,72.81
1784844100645,1,0,0,72.85
1784844100782,0,0,0,72.83
1784844100782,1,0,0,72.78
1784844100918,0,0,0,72.85
1784844100918,1,0,0,72.72
1784844101054,0,0,0,72.83
1784844101054,1,0,0,72.84
1784844101191,0,0,0,72.81
1784844101191,1,0,0,72.73
1784844101328,0,0,0,72.81
1784844101328,1,0,0,72.71
1784844101463,0,0,0,72.78
1784844101463,1,0,0,72.75
1784844101600,0,0,0,72.78
1784844101600,1,0,0,72.74
1784844101736,0,0,0,72.79
1784844101736,1,0,0,72.68
1784844101873,0,0,0,72.79
1784844101873,1,0,0,72.68
1784844102009,0,0,0,72.81
1784844102009,1,0,0,72.79
1784844102145,0,0,0,72.82
1784844102145,1,0,0,72.66
1784844102282,0,0,0,72.82
1784844102282,1,0,0,72.64
1784844102418,0,0,0,72.82
1784844102418,1,0,0,72.78
1784844102553,0,0,0,72.82
1784844102553,1,0,0,72.72
1784844102690,0,0,0,72.81
1784844102690,1,0,0,72.62
1784844102826,0,0,0,72.81
1784844102826,1,0,0,72.71
1784844102962,0,0,0,72.76
1784844102962,1,0,0,72.76
1784844103098,0,0,0,72.76
1784844103098,1,0,0,72.64
1784844103235,0,0,0,72.78
1784844103235,1,0,0,72.67
1784844103372,0,0,0,72.79
1784844103372,1,0,0,72.79
1784844103509,0,0,0,72.78
1784844103509,1,0,0,72.67
1784844103645,0,0,0,72.80
1784844103645,1,0,0,72.64
1784844103783,0,0,0,72.77
1784844103783,1,0,0,72.72
1784844103919,0,0,0,72.79
1784844103919,1,0,0,72.69
1784844104055,0,0,0,72.82
1784844104055,1,0,0,72.59
1784844104192,0,0,0,72.81
1784844104192,1,0,0,72.74
1784844104328,0,0,0,72.80
1784844104328,1,0,0,72.71
1784844104465,0,0,0,72.77
1784844104465,1,0,0,72.63
1784844104600,0,0,0,72.76
1784844104600,1,0,0,72.71
1784844104738,0,0,0,72.78
1784844104738,1,0,0,72.77
1784844104874,0,0,0,72.80
1784844104874,1,0,0,72.68
1784844105010,0,0,0,72.81
1784844105010,1,0,0,72.71
1784844105146,0,0,0,72.83
1784844105146,1,0,0,72.84
1784844105282,0,0,0,72.84
1784844105282,1,0,0,72.82
1784844105419,0,0,0,72.86
1784844105419,1,0,0,72.69
1784844105554,0,0,0,72.87
1784844105554,1,0,0,72.75
1784844105689,0,0,0,72.86
1784844105689,1,0,0,72.76
1784844105827,0,0,0,72.85
1784844105827,1,0,0,72.68
1784844105963,0,0,0,72.86
1784844105963,1,0,0,72.68
1784844106100,0,0,0,72.86
1784844106100,1,0,0,72.83
1784844106238,0,0,0,72.85
1784844106238,1,0,0,72.73
1784844106375,0,0,0,72.87
1784844106375,1,0,0,72.71
1784844106511,0,0,0,72.89
1784844106511,1,0,0,72.87
1784844106647,0,0,0,72.94
1784844106647,1,0,0,72.79
1784844106793,0,0,0,72.94
1784844106793,1,0,0,72.72
1784844106929,0,0,0,72.93
1784844106929,1,0,0,72.84
1784844107066,0,0,0,72.90
1784844107066,1,0,0,72.85
1784844107203,0,0,0,72.90
1784844107203,1,0,0,72.72
1784844107339,0,0,0,72.88
1784844107339,1,0,0,72.76
1784844107476,0,0,0,72.87
1784844107476,1,0,0,72.87
1784844107611,0,0,0,72.87
1784844107611,1,0,0,72.71
1784844107748,0,0,0,72.86
1784844107748,1,0,0,72.71
1784844107884,0,0,0,72.88
1784844107884,1,0,0,72.79
1784844108020,0,0,0,72.87
1784844108020,1,0,0,72.67
1784844108157,0,0,0,72.86
1784844108157,1,0,0,72.62
1784844108293,0,0,0,72.86
1784844108293,1,0,0,72.71
1784844108429,0,0,0,72.85
1784844108429,1,0,0,72.63
1784844108564,0,0,0,72.84
1784844108564,1,0,0,72.54
1784844108702,0,0,0,72.84
1784844108702,1,0,0,72.59
1784844108839,0,0,0,72.79
1784844108839,1,0,0,72.59
1784844108977,0,0,0,72.81
1784844108977,1,0,0,72.49
1784844109113,0,0,0,72.81
1784844109113,1,0,0,72.49
1784844109249,0,0,0,72.79
1784844109249,1,0,0,72.59
1784844109386,0,0,0,72.80
1784844109386,1,0,0,72.51
1784844109524,0,0,0,72.81
1784844109524,1,0,0,72.43
1784844109660,0,0,0,72.79
1784844109660,1,0,0,72.51
1784844109796,0,0,0,72.84
1784844109796,1,0,0,72.54
1784844109933,0,0,0,72.85
1784844109933,1,0,0,72.53
1784844110069,0,0,0,72.86
1784844110069,1,0,0,72.57
1784844110206,0,0,0,72.85
1784844110206,1,0,0,72.69
1784844110342,0,0,0,72.85
1784844110342,1,0,0,72.63
1784844110479,0,0,0,72.84
1784844110479,1,0,0,72.64
1784844110616,0,0,0,72.83
1784844110616,1,0,0,72.83
1784844110752,0,0,0,72.82
1784844110752,1,0,0,72.72
1784844110889,0,0,0,72.81
1784844110889,1,0,0,72.67
1784844111027,0,0,0,72.84
1784844111027,1,0,0,72.82
1784844111163,0,0,0,72.85
1784844111163,1,0,0,72.79
1784844111300,0,0,0,72.88
1784844111300,1,0,0,72.73
1784844111437,0,0,0,72.89
1784844111437,1,0,0,72.79
1784844111574,0,0,0,72.92
1784844111574,1,0,0,72.90
1784844111711,0,0,0,72.92
1784844111711,1,0,0,72.76
1784844111848,0,0,0,72.96
1784844111848,1,0,0,72.79
1784844111983,0,0,0,72.95
1784844111983,1,0,0,72.90
1784844112119,0,0,0,72.95
1784844112119,1,0,0,72.78
1784844112255,0,0,0,72.97
1784844112255,1,0,0,72.75
1784844112391,0,0,0,72.94
1784844112391,1,0,0,72.82
1784844112527,0,0,0,72.96
1784844112527,1,0,0,72.85
1784844112664,0,0,0,72.95
1784844112664,1,0,0,72.79
1784844112801,0,0,0,72.95
1784844112801,1,0,0,72.91
1784844112938,0,0,0,72.93
1784844112938,1,0,0,72.92
1784844113075,0,0,0,72.91
1784844113075,1,0,0,72.82
1784844113212,0,0,0,72.89
1784844113212,1,0,0,72.88
1784844113349,0,0,0,72.92
1784844113349,1,0,0,72.99
1784844113484,0,0,0,72.94
1784844113484,1,0,0,72.87
1784844113620,0,0,0,72.92
1784844113620,1,0,0,72.77
1784844113757,0,0,0,72.97
1784844113757,1,0,0,72.87
1784844113894,0,0,0,72.97
1784844113894,1,0,0,72.76
1784844114031,0,0,0,72.97
1784844114031,1,0,0,72.71
1784844114167,0,0,0,72.99
1784844114167,1,0,0,72.77
1784844114303,0,0,0,72.99
1784844114303,1,0,0,72.77
1784844114440,0,0,0,72.97
1784844114440,1,0,0,72.71
1784844114577,0,0,0,72.95
1784844114577,1,0,0,72.71
1784844114713,0,0,0,72.96
1784844114713,1,0,0,72.83
1784844114850,0,0,0,72.94
1784844114850,1,0,0,72.75
1784844114987,0,0,0,72.94
1784844114987,1,0,0,72.72
1784844115123,0,0,0,72.93
1784844115123,1,0,0,72.87
1784844115259,0,0,0,72.92
1784844115259,1,0,0,72.78
1784844115396,0,0,0,72.94
1784844115396,1,0,0,72.69
1784844115532,0,0,0,72.94
1784844115532,1,0,0,72.79
1784844115668,0,0,0,72.96
1784844115668,1,0,0,72.82
1784844115804,0,0,0,72.94
1784844115804,1,0,0,72.71
1784844115940,0,0,0,72.96
1784844115940,1,0,0,72.75
1784844116076,0,0,0,72.95
1784844116076,1,0,0,72.87
1784844116213,0,0,0,72.95
1784844116213,1,0,0,72.74
1784844116350,0,0,0,72.95
1784844116350,1,0,0,72.73
1784844116486,0,0,0,72.95
1784844116486,1,0,0,72.85
1784844116623,0,0,0,72.95
1784844116623,1,0,0,72.80
1784844116760,0,0,0,72.93
1784844116760,1,0,0,72.75
1784844116896,0,0,0,72.94
1784844116896,1,0,0,72.90
1784844117033,0,0,0,72.94
1784844117033,1,0,0,72.83
1784844117170,0,0,0,72.98
1784844117170,1,0,0,72.75
1784844117306,0,0,0,72.98
1784844117306,1,0,0,72.83
1784844117444,0,0,0,72.97
1784844117444,1,0,0,72.92
1784844117581,0,0,0,72.98
1784844117581,1,0,0,72.80
1784844117718,0,0,0,73.00
1784844117718,1,0,0,72.77
1784844117855,0,0,0,72.98
1784844117855,1,0,0,72.90
1784844117991,0,0,0,72.97
1784844117991,1,0,0,72.87
1784844118127,0,0,0,72.99
1784844118127,1,0,0,72.77
1784844118264,0,0,0,72.98
1784844118264,1,0,0,72.83
1784844118401,0,0,0,73.00
1784844118401,1,0,0,72.80
1784844118538,0,0,0,72.99
1784844118538,1,0,0,72.77
1784844118674,0,0,0,72.98
1784844118674,1,0,0,72.77
1784844118812,0,0,0,72.98
1784844118812,1,0,0,72.86
1784844118949,0,0,0,72.97
1784844118949,1,0,0,72.76
1784844119086,0,0,0,72.94
1784844119086,1,0,0,72.75
1784844119222,0,0,0,72.92
1784844119222,1,0,0,72.93
1784844119359,0,0,0,72.94
1784844119359,1,0,0,72.82
1784844119496,0,0,0,72.93
1784844119496,1,0,0,72.77
1784844119633,0,0,0,72.94
1784844119633,1,0,0,72.89
1784844119769,0,0,0,72.93
1784844119769,1,0,0,72.86
1784844119906,0,0,0,72.93
1784844119906,1,0,0,72.75
1784844120044,0,0,0,72.96
1784844120044,1,0,0,72.81
1784844120182,0,0,0,72.95
1784844120182,1,0,0,72.88
1784844120319,0,0,0,72.94
1784844120319,1,0,0,72.72
1784844120456,0,0,0,72.99
1784844120456,1,0,0,72.72
1784844120593,0,0,0,72.99
1784844120593,1,0,0,72.81
1784844120729,0,0,0,72.97
1784844120729,1,0,0,72.67
1784844120865,0,0,0,72.97
1784844120865,1,0,0,72.62
1784844121002,0,0,0,72.96
1784844121002,1,0,0,72.73
1784844121142,0,0,0,72.97
1784844121142,1,0,0,72.63
1784844121278,0,0,0,72.99
1784844121278,1,0,0,72.55
1784844121415,0,0,0,72.96
1784844121415,1,0,0,72.67
1784844121551,0,0,0,72.94
1784844121551,1,0,0,72.68
1784844121689,0,0,0,72.94
1784844121689,1,0,0,72.57
1784844121826,0,0,0,72.94
1784844121826,1,0,0,72.60
1784844121963,0,0,0,72.92
1784844121963,1,0,0,72.73
1784844122099,0,0,0,72.92
1784844122099,1,0,0,72.59
1784844122235,0,0,0,72.92
1784844122235,1,0,0,72.58
1784844122372,0,0,0,72.92
1784844122372,1,0,0,72.70
1784844122508,0,0,0,72.91
1784844122508,1,0,0,72.60
1784844122645,0,0,0,72.91
1784844122645,1,0,0,72.57
1784844122782,0,0,0,72.92
1784844122782,1,0,0,72.62
1784844122918,0,0,0,72.91
1784844122918,1,0,0,72.67
1784844123055,0,0,0,72.94
1784844123055,1,0,0,72.57
1784844123192,0,0,0,72.94
1784844123192,1,0,0,72.58
1784844123328,0,0,0,72.93
1784844123328,1,0,0,72.71
1784844123465,0,0,0,72.94
1784844123465,1,0,0,72.60
1784844123600,0,0,0,72.94
1784844123600,1,0,0,72.61
1784844123737,0,0,0,72.94
1784844123737,1,0,0,72.73
1784844123873,0,0,0,72.93
1784844123873,1,0,0,72.66
1784844124010,0,0,0,72.94
1784844124010,1,0,0,72.57
1784844124146,0,0,0,72.91
1784844124146,1,0,0,72.68
1784844124283,0,0,0,72.94
1784844124283,1,0,0,72.71
1784844124419,0,0,0,72.94
1784844124419,1,0,0,72.58
1784844124554,0,0,0,72.94
1784844124554,1,0,0,72.60
1784844124691,0,0,0,72.94
1784844124691,1,0,0,72.72
1784844124827,0,0,0,72.93
1784844124827,1,0,0,72.54
1784844124964,0,0,0,72.92
1784844124964,1,0,0,72.53
1784844125101,0,0,0,72.92
1784844125101,1,0,0,72.67
1784844125238,0,0,0,72.94
1784844125238,1,0,0,72.54
1784844125374,0,0,0,72.91
1784844125374,1,0,0,72.49
1784844125510,0,0,0,72.92
1784844125510,1,0,0,72.62
1784844125647,0,0,0,72.92
1784844125647,1,0,0,72.53
1784844125784,0,0,0,72.92
1784844125784,1,0,0,72.47
1784844125919,0,0,0,72.94
1784844125919,1,0,0,72.55
1784844126055,0,0,0,72.93
1784844126055,1,0,0,72.60
1784844126191,0,0,0,72.93
1784844126191,1,0,0,72.50
1784844126328,0,0,0,72.92
1784844126328,1,0,0,72.50
1784844126463,0,0,0,72.94
1784844126463,1,0,0,72.60
1784844126599,0,0,0,72.91
1784844126599,1,0,0,72.49
1784844126736,0,0,0,72.93
1784844126736,1,0,0,72.46
1784844126872,0,0,0,72.92
1784844126872,1,0,0,72.56
1784844127008,0,0,0,72.90
1784844127008,1,0,0,72.50
1784844127150,0,0,0,72.90
1784844127150,1,0,0,72.45
1784844127287,0,0,0,72.89
1784844127287,1,0,0,72.45
1784844127423,0,0,0,72.89
1784844127423,1,0,0,72.56
1784844127559,0,0,0,72.89
1784844127559,1,0,0,72.46
1784844127696,0,0,0,72.88
1784844127696,1,0,0,72.43
1784844127832,0,0,0,72.89
1784844127832,1,0,0,72.63
1784844127968,0,0,0,72.88
1784844127968,1,0,0,72.53
1784844128105,0,0,0,72.88
1784844128105,1,0,0,72.49
1784844128242,0,0,0,72.88
1784844128242,1,0,0,72.64
1784844128379,0,0,0,72.89
1784844128379,1,0,0,72.57
1784844128517,0,0,0,72.86
1784844128517,1,0,0,72.48
1784844128654,0,0,0,72.90
1784844128654,1,0,0,72.59
1784844128790,0,0,0,72.89
1784844128790,1,0,0,72.66
1784844128927,0,0,0,72.90
1784844128927,1,0,0,72.50
1784844129063,0,0,0,72.89
1784844129063,1,0,0,72.51
1784844129200,0,0,0,72.89
1784844129200,1,0,0,72.59
1784844129337,0,0,0,72.88
1784844129337,1,0,0,72.54
1784844129473,0,0,0,72.86
1784844129473,1,0,0,72.52
1784844129609,0,0,0,72.86
1784844129609,1,0,0,72.66
1784844129745,0,0,0,72.85
1784844129745,1,0,0,72.54
1784844129881,0,0,0,72.86
1784844129881,1,0,0,72.49
1784844130017,0,0,0,72.86
1784844130017,1,0,0,72.64
1784844130154,0,0,0,72.86
1784844130154,1,0,0,72.60
1784844130291,0,0,0,72.88
1784844130291,1,0,0,72.49
1784844130427,0,0,0,72.88
1784844130427,1,0,0,72.60
1784844130565,0,0,0,72.88
1784844130565,1,0,0,72.65
1784844130701,0,0,0,72.86
1784844130701,1,0,0,72.50
1784844130837,0,0,0,72.88
1784844130837,1,0,0,72.53
1784844130974,0,0,0,72.86
1784844130974,1,0,0,72.66
1784844131110,0,0,0,72.87
1784844131110,1,0,0,72.48
1784844131247,0,0,0,72.85
1784844131247,1,0,0,72.48
1784844131384,0,0,0,72.86
1784844131384,1,0,0,72.57
1784844131520,0,0,0,72.86
1784844131520,1,0,0,72.47
1784844131656,0,0,0,72.85
1784844131656,1,0,0,72.42
1784844131793,0,0,0,72.86
1784844131793,1,0,0,72.46
1784844131929,0,0,0,72.85
1784844131929,1,0,0,72.51
1784844132067,0,0,0,72.84
1784844132067,1,0,0,72.43
1784844132203,0,0,0,72.83
1784844132203,1,0,0,72.50
1784844132340,0,0,0,72.86
1784844132340,1,0,0,72.58
1784844132477,0,0,0,72.82
1784844132477,1,0,0,72.49
1784844132614,0,0,0,72.85
1784844132614,1,0,0,72.48
1784844132751,0,0,0,72.82
1784844132751,1,0,0,72.60
1784844132888,0,0,0,72.80
1784844132888,1,0,0,72.56
1784844133024,0,0,0,72.82
1784844133024,1,0,0,72.51
1784844133161,0,0,0,72.82
1784844133161,1,0,0,72.62
1784844133299,0,0,0,72.82
1784844133299,1,0,0,72.70
1784844133437,0,0,0,72.81
1784844133437,1,0,0,72.56
1784844133574,0,0,0,72.78
1784844133574,1,0,0,72.58
1784844133710,0,0,0,72.79
1784844133710,1,0,0,72.72
1784844133847,0,0,0,72.78
1784844133847,1,0,0,72.62
1784844133983,0,0,0,72.78
1784844133983,1,0,0,72.62
1784844134120,0,0,0,72.77
1784844134120,1,0,0,72.79
1784844134256,0,0,0,72.79
1784844134256,1,0,0,72.66
1784844134393,0,0,0,72.78
1784844134393,1,0,0,72.61
1784844134529,0,0,0,72.79
1784844134529,1,0,0,72.74
1784844134666,0,0,0,72.78
1784844134666,1,0,0,72.70
1784844134802,0,0,0,72.80
1784844134802,1,0,0,72.58
1784844134939,0,0,0,72.81
1784844134939,1,0,0,72.64
1784844135075,0,0,0,72.79
1784844135075,1,0,0,72.73
1784844135211,0,0,0,72.79
1784844135211,1,0,0,72.60
1784844135348,0,0,0,72.75
1784844135348,1,0,0,72.63
1784844135485,0,0,0,72.75
1784844135485,1,0,0,72.75
1784844135621,0,0,0,72.76
1784844135621,1,0,0,72.66
1784844135757,0,0,0,72.76
1784844135757,1,0,0,72.65
1784844135894,0,0,0,72.77
1784844135894,1,0,0,72.73
1784844136030,0,0,0,72.77
1784844136030,1,0,0,72.71
1784844136166,0,0,0,72.80
1784844136166,1,0,0,72.66
1784844136303,0,0,0,72.80
1784844136303,1,0,0,72.80
1784844136441,0,0,0,72.81
1784844136441,1,0,0,72.79
1784844136577,0,0,0,72.82
1784844136577,1,0,0,72.67
1784844136714,0,0,0,72.83
1784844136714,1,0,0,72.72
1784844136850,0,0,0,72.83
1784844136850,1,0,0,72.81
1784844136987,0,0,0,72.84
1784844136987,1,0,0,72.71
1784844137123,0,0,0,72.86
1784844137123,1,0,0,72.65
1784844137259,0,0,0,72.86
1784844137259,1,0,0,72.76
1784844137395,0,0,0,72.84
1784844137395,1,0,0,72.74
1784844137531,0,0,0,72.81
1784844137531,1,0,0,72.59
1784844137667,0,0,0,72.81
1784844137667,1,0,0,72.64
1784844137804,0,0,0,72.79
1784844137804,1,0,0,72.61
1784844137940,0,0,0,72.78
1784844137940,1,0,0,72.56
1784844138076,0,0,0,72.76
1784844138076,1,0,0,72.56
1784844138212,0,0,0,72.77
1784844138212,1,0,0,72.65
1784844138348,0,0,0,72.77
1784844138348,1,0,0,72.55
1784844138485,0,0,0,72.80
1784844138485,1,0,0,72.52
1784844138622,0,0,0,72.80
1784844138622,1,0,0,72.65
1784844138758,0,0,0,72.76
1784844138758,1,0,0,72.58
1784844138894,0,0,0,72.77
1784844138894,1,0,0,72.52
1784844139031,0,0,0,72.76
1784844139031,1,0,0,72.62
1784844139168,0,0,0,72.76
1784844139168,1,0,0,72.65
1784844139304,0,0,0,72.74
1784844139304,1,0,0,72.52
1784844139441,0,0,0,72.69
1784844139441,1,0,0,72.56
1784844139578,0,0,0,72.68
1784844139578,1,0,0,72.70
1784844139714,0,0,0,72.70
1784844139714,1,0,0,72.54
1784844139850,0,0,0,72.71
1784844139850,1,0,0,72.54
1784844139986,0,0,0,72.71
1784844139986,1,0,0,72.68
1784844140122,0,0,0,72.72
1784844140122,1,0,0,72.61
1784844140258,0,0,0,72.72
1784844140258,1,0,0,72.60
1784844140395,0,0,0,72.74
1784844140395,1,0,0,72.64
1784844140531,0,0,0,72.73
1784844140531,1,0,0,72.68
1784844140667,0,0,0,72.74
1784844140667,1,0,0,72.61
1784844140804,0,0,0,72.73
1784844140804,1,0,0,72.63
1784844140940,0,0,0,72.71
1784844140940,1,0,0,72.72
1784844141076,0,0,0,72.69
1784844141076,1,0,0,72.61
1784844141212,0,0,0,72.68
1784844141212,1,0,0,72.55
1784844141349,0,0,0,72.68
1784844141349,1,0,0,72.67
1784844141485,0,0,0,72.68
1784844141485,1,0,0,72.59
1784844141621,0,0,0,72.68
1784844141621,1,0,0,72.46
1784844141758,0,0,0,72.71
1784844141758,1,0,0,72.54
1784844141895,0,0,0,72.73
1784844141895,1,0,0,72.56
1784844142031,0,0,0,72.74
1784844142031,1,0,0,72.42
1784844142168,0,0,0,72.72
1784844142168,1,0,0,72.46
1784844142304,0,0,0,72.74
1784844142304,1,0,0,72.54
1784844142445,0,0,0,72.73
1784844142445,1,0,0,72.42
1784844142581,0,0,0,72.76
1784844142581,1,0,0,72.42
1784844142716,0,0,0,72.74
1784844142716,1,0,0,72.55
1784844142852,0,0,0,72.73
1784844142852,1,0,0,72.45
1784844142989,0,0,0,72.75
1784844142989,1,0,0,72.40
1784844143126,0,0,0,72.75
1784844143126,1,0,0,72.53
1784844143262,0,0,0,72.76
1784844143262,1,0,0,72.43
1784844143400,0,0,0,72.74
1784844143400,1,0,0,72.36
1784844143537,0,0,0,72.74
1784844143537,1,0,0,72.46
1784844143674,0,0,0,72.72
1784844143674,1,0,0,72.50
1784844143810,0,0,0,72.72
1784844143810,1,0,0,72.38
1784844143945,0,0,0,72.72
1784844143945,1,0,0,72.39
1784844144081,0,0,0,72.73
1784844144081,1,0,0,72.51
1784844144218,0,0,0,72.72
1784844144218,1,0,0,72.39
1784844144355,0,0,0,72.71
1784844144355,1,0,0,72.39
1784844144492,0,0,0,72.71
1784844144492,1,0,0,72.46
1784844144627,0,0,0,72.70
1784844144627,1,0,0,72.43
1784844144764,0,0,0,72.71
1784844144764,1,0,0,72.39
1784844144900,0,0,0,72.71
1784844144900,1,0,0,72.40
1784844145037,0,0,0,72.69
1784844145037,1,0,0,72.50
1784844145174,0,0,0,72.69
1784844145174,1,0,0,72.40
1784844145310,0,0,0,72.68
1784844145310,1,0,0,72.46
1784844145446,0,0,0,72.71
1784844145446,1,0,0,72.54
1784844145582,0,0,0,72.68
1784844145582,1,0,0,72.46
1784844145718,0,0,0,72.68
1784844145718,1,0,0,72.40
1784844145855,0,0,0,72.65
1784844145855,1,0,0,72.54
1784844145992,0,0,0,72.66
1784844145992,1,0,0,72.50
1784844146128,0,0,0,72.66
1784844146128,1,0,0,72.38
1784844146264,0,0,0,72.66
1784844146264,1,0,0,72.47
1784844146401,0,0,0,72.66
1784844146401,1,0,0,72.56
1784844146536,0,0,0,72.64
1784844146536,1,0,0,72.39
1784844146672,0,0,0,72.64
1784844146672,1,0,0,72.41
1784844146809,0,0,0,72.63
1784844146809,1,0,0,72.51
1784844146946,0,0,0,72.63
1784844146946,1,0,0,72.44
1784844147082,0,0,0,72.60
1784844147082,1,0,0,72.44
1784844147218,0,0,0,72.62
1784844147218,1,0,0,72.60
1784844147354,0,0,0,72.61
1784844147354,1,0,0,72.49
1784844147490,0,0,0,72.62
1784844147490,1,0,0,72.44
1784844147626,0,0,0,72.65
1784844147626,1,0,0,72.59
1784844147763,0,0,0,72.66
1784844147763,1,0,0,72.54
1784844147900,0,0,0,72.69
1784844147900,1,0,0,72.43
1784844148036,0,0,0,72.69
1784844148036,1,0,0,72.48
1784844148172,0,0,0,72.69
1784844148172,1,0,0,72.60
1784844148308,0,0,0,72.68
1784844148308,1,0,0,72.42
1784844148445,0,0,0,72.70
1784844148445,1,0,0,72.42
1784844148582,0,0,0,72.67
1784844148582,1,0,0,72.56
1784844148718,0,0,0,72.67
1784844148718,1,0,0,72.45
1784844148855,0,0,0,72.69
1784844148855,1,0,0,72.48
1784844148990,0,0,0,72.66
1784844148990,1,0,0,72.58
1784844149127,0,0,0,72.67
1784844149127,1,0,0,72.53
1784844149264,0,0,0,72.66
1784844149264,1,0,0,72.46
1784844149400,0,0,0,72.67
1784844149400,1,0,0,72.52
1784844149536,0,0,0,72.67
1784844149536,1,0,0,72.64
1784844149672,0,0,0,72.68
1784844149672,1,0,0,72.52
1784844149807,0,0,0,72.68
1784844149807,1,0,0,72.49
1784844149944,0,0,0,72.67
1784844149944,1,0,0,72.66
1784844150080,0,0,0,72.70
1784844150080,1,0,0,72.58
1784844150216,0,0,0,72.68
1784844150216,1,0,0,72.52
1784844150353,0,0,0,72.68
1784844150353,1,0,0,72.61
1784844150489,0,0,0,72.67
1784844150489,1,0,0,72.63
1784844150625,0,0,0,72.66
1784844150625,1,0,0,72.51
1784844150762,0,0,0,72.67
1784844150762,1,0,0,72.55
1784844150898,0,0,0,72.68
1784844150898,1,0,0,72.67
1784844151034,0,0,0,72.67
1784844151034,1,0,0,72.51
1784844151170,0,0,0,72.67
1784844151170,1,0,0,72.51
1784844151306,0,0,0,72.67
1784844151306,1,0,0,72.65
1784844151442,0,0,0,72.67
1784844151442,1,0,0,72.55
1784844151578,0,0,0,72.67
1784844151578,1,0,0,72.51
1784844151715,0,0,0,72.64
1784844151715,1,0,0,72.69
1784844151852,0,0,0,72.61
1784844151852,1,0,0,72.61
1784844151989,0,0,0,72.59
1784844151989,1,0,0,72.54
1784844152124,0,0,0,72.60
1784844152124,1,0,0,72.66
1784844152260,0,0,0,72.59
1784844152260,1,0,0,72.69
1784844152397,0,0,0,72.58
1784844152397,1,0,0,72.57
1784844152533,0,0,0,72.57
1784844152533,1,0,0,72.59
1784844152670,0,0,0,72.59
1784844152670,1,0,0,72.74
1784844152806,0,0,0,72.61
1784844152806,1,0,0,72.68
1784844152942,0,0,0,72.60
1784844152942,1,0,0,72.57
1784844153079,0,0,0,72.63
1784844153079,1,0,0,72.70
1784844153216,0,0,0,72.61
1784844153216,1,0,0,72.64
1784844153352,0,0,0,72.64
1784844153352,1,0,0,72.60
1784844153488,0,0,0,72.64
1784844153488,1,0,0,72.63
1784844153625,0,0,0,72.65
1784844153625,1,0,0,72.68
1784844153760,0,0,0,72.63
1784844153760,1,0,0,72.60
1784844153897,0,0,0,72.65
1784844153897,1,0,0,72.60
1784844154033,0,0,0,72.64
1784844154033,1,0,0,72.74
1784844154170,0,0,0,72.64
1784844154170,1,0,0,72.61
1784844154307,0,0,0,72.63
1784844154307,1,0,0,72.57
1784844154444,0,0,0,72.63
1784844154444,1,0,0,72.74
1784844154580,0,0,0,72.65
1784844154580,1,0,0,72.66
1784844154717,0,0,0,72.65
1784844154717,1,0,0,72.57
1784844154853,0,0,0,72.66
1784844154853,1,0,0,72.64
1784844154989,0,0,0,72.67
1784844154989,1,0,0,72.68
1784844155125,0,0,0,72.66
1784844155125,1,0,0,72.54
1784844155262,0,0,0,72.68
1784844155262,1,0,0,72.57
1784844155399,0,0,0,72.68
1784844155399,1,0,0,72.69
1784844155535,0,0,0,72.68
1784844155535,1,0,0,72.54
1784844155672,0,0,0,72.68
1784844155672,1,0,0,72.55
1784844155808,0,0,0,72.70
1784844155808,1,0,0,72.62
1784844155945,0,0,0,72.69
1784844155945,1,0,0,72.59
1784844156082,0,0,0,72.67
1784844156082,1,0,0,72.53
1784844156218,0,0,0,72.66
1784844156218,1,0,0,72.67
1784844156354,0,0,0,72.64
1784844156354,1,0,0,72.61
1784844156490,0,0,0,72.64
1784844156490,1,0,0,72.54
1784844156626,0,0,0,72.63
1784844156626,1,0,0,72.60
1784844156763,0,0,0,72.63
1784844156763,1,0,0,72.67
1784844156898,0,0,0,72.64
1784844156898,1,0,0,72.59
1784844157034,0,0,0,72.64
1784844157034,1,0,0,72.56
1784844157171,0,0,0,72.65
1784844157171,1,0,0,72.70
1784844157308,0,0,0,72.66
1784844157308,1,0,0,72.69
1784844157445,0,0,0,72.67
1784844157445,1,0,0,72.59
1784844157581,0,0,0,72.64
1784844157581,1,0,0,72.67
1784844157722,0,0,0,72.62
1784844157722,1,0,0,72.67
1784844157858,0,0,0,72.63
1784844157858,1,0,0,72.60
1784844157995,0,0,0,72.60
1784844157995,1,0,0,72.61
1784844158132,0,0,0,72.62
1784844158132,1,0,0,72.67
1784844158268,0,0,0,72.62
1784844158268,1,0,0,72.57
1784844158404,0,0,0,72.59
1784844158404,1,0,0,72.55
1784844158540,0,0,0,72.59
1784844158540,1,0,0,72.68
1784844158676,0,0,0,72.58
1784844158676,1,0,0,72.59
1784844158813,0,0,0,72.56
1784844158813,1,0,0,72.56
1784844158950,0,0,0,72.57
1784844158950,1,0,0,72.67
1784844159087,0,0,0,72.56
1784844159087,1,0,0,72.66
1784844159224,0,0,0,72.57
1784844159224,1,0,0,72.55
1784844159361,0,0,0,72.58
1784844159361,1,0,0,72.62
1784844159498,0,0,0,72.59
1784844159498,1,0,0,72.74
1784844159633,0,0,0,72.60
1784844159633,1,0,0,72.55
1784844159770,0,0,0,72.58
1784844159770,1,0,0,72.55
1784844159907,0,0,0,72.58
1784844159907,1,0,0,72.66
1784844160043,0,0,0,72.60
1784844160043,1,0,0,72.55
1784844160180,0,0,0,72.61
1784844160180,1,0,0,72.54
1784844160317,0,0,0,72.60
1784844160317,1,0,0,72.71
1784844160453,0,0,0,72.60
1784844160453,1,0,0,72.61
1784844160589,0,0,0,72.61
1784844160589,1,0,0,72.56
1784844160725,0,0,0,72.61
1784844160725,1,0,0,72.68
1784844160862,0,0,0,72.67
1784844160862,1,0,0,72.68
1784844160999,0,0,0,72.64
1784844160999,1,0,0,72.54
1784844161135,0,0,0,72.62
1784844161135,1,0,0,72.57
1784844161272,0,0,0,72.63
1784844161272,1,0,0,72.68
1784844161407,0,0,0,72.66
1784844161407,1,0,0,72.57
1784844161544,0,0,0,72.65
1784844161544,1,0,0,72.50
1784844161682,0,0,0,72.69
1784844161682,1,0,0,72.61
1784844161818,0,0,0,72.70
1784844161818,1,0,0,72.50
1784844161954,0,0,0,72.70
1784844161954,1,0,0,72.49
1784844162091,0,0,0,72.70
1784844162091,1,0,0,72.52
1784844162227,0,0,0,72.68
1784844162227,1,0,0,72.56
1784844162364,0,0,0,72.68
1784844162364,1,0,0,72.50
1784844162501,0,0,0,72.66
1784844162501,1,0,0,72.50
1784844162637,0,0,0,72.65
1784844162637,1,0,0,72.64
1784844162775,0,0,0,72.62
1784844162775,1,0,0,72.56
1784844162911,0,0,0,72.60
1784844162911,1,0,0,72.52
1784844163047,0,0,0,72.57
1784844163047,1,0,0,72.68
1784844163184,0,0,0,72.57
1784844163184,1,0,0,72.61
1784844163320,0,0,0,72.57
1784844163320,1,0,0,72.55
1784844163455,0,0,0,72.56
1784844163455,1,0,0,72.65
1784844163592,0,0,0,72.55
1784844163592,1,0,0,72.68
1784844163728,0,0,0,72.54
1784844163728,1,0,0,72.54
1784844163864,0,0,0,72.55
1784844163864,1,0,0,72.59
1784844164000,0,0,0,72.57
1784844164000,1,0,0,72.71
1784844164137,0,0,0,72.57
1784844164137,1,0,0,72.57
1784844164273,0,0,0,72.56
1784844164273,1,0,0,72.58
1784844164409,0,0,0,72.55
1784844164409,1,0,0,72.66
1784844164544,0,0,0,72.55
1784844164544,1,0,0,72.59
1784844164680,0,0,0,72.53
1784844164680,1,0,0,72.54
1784844164817,0,0,0,72.53
1784844164817,1,0,0,72.71
1784844164954,0,0,0,72.54
1784844164954,1,0,0,72.68
1784844165090,0,0,0,72.54
1784844165090,1,0,0,72.56
1784844165225,0,0,0,72.57
1784844165225,1,0,0,72.63
1784844165361,0,0,0,72.57
1784844165361,1,0,0,72.67
1784844165498,0,0,0,72.56
1784844165498,1,0,0,72.57
1784844165634,0,0,0,72.55
1784844165634,1,0,0,72.56
1784844165771,0,0,0,72.55
1784844165771,1,0,0,72.69
1784844165908,0,0,0,72.54
1784844165908,1,0,0,72.63
1784844166044,0,0,0,72.55
1784844166044,1,0,0,72.51
1784844166180,0,0,0,72.55
1784844166180,1,0,0,72.61
1784844166317,0,0,0,72.57
1784844166317,1,0,0,72.57
1784844166454,0,0,0,72.59
1784844166454,1,0,0,72.52
1784844166592,0,0,0,72.60
1784844166592,1,0,0,72.55
1784844166727,0,0,0,72.61
1784844166727,1,0,0,72.61
1784844166863,0,0,0,72.63
1784844166863,1,0,0,72.53
1784844166999,0,0,0,72.61
1784844166999,1,0,0,72.51
1784844167135,0,0,0,72.61
1784844167135,1,0,0,72.65
1784844167272,0,0,0,72.61
1784844167272,1,0,0,72.56
1784844167408,0,0,0,72.59
1784844167408,1,0,0,72.49
1784844167544,0,0,0,72.59
1784844167544,1,0,0,72.61
1784844167681,0,0,0,72.62
1784844167681,1,0,0,72.59
1784844167817,0,0,0,72.61
1784844167817,1,0,0,72.47
1784844167953,0,0,0,72.62
1784844167953,1,0,0,72.55
1784844168089,0,0,0,72.60
1784844168089,1,0,0,72.66
1784844168225,0,0,0,72.60
1784844168225,1,0,0,72.44
1784844168363,0,0,0,72.60
1784844168363,1,0,0,72.44
1784844168498,0,0,0,72.58
1784844168498,1,0,0,72.53
1784844168635,0,0,0,72.59
1784844168635,1,0,0,72.39
1784844168772,0,0,0,72.59
1784844168772,1,0,0,72.35
1784844168908,0,0,0,72.59
1784844168908,1,0,0,72.39
1784844169044,0,0,0,72.59
1784844169044,1,0,0,72.34
1784844169180,0,0,0,72.61
1784844169180,1,0,0,72.27
1784844169316,0,0,0,72.60
1784844169316,1,0,0,72.31
1784844169453,0,0,0,72.59
1784844169453,1,0,0,72.43
1784844169589,0,0,0,72.59
1784844169589,1,0,0,72.33
1784844169725,0,0,0,72.58
1784844169725,1,0,0,72.40
1784844169861,0,0,0,72.61
1784844169861,1,0,0,72.54
1784844169997,0,0,0,72.56
1784844169997,1,0,0,72.46
1784844170133,0,0,0,72.56
1784844170133,1,0,0,72.45
1784844170270,0,0,0,72.55
1784844170270,1,0,0,72.59
1784844170407,0,0,0,72.54
1784844170407,1,0,0,72.64
1784844170543,0,0,0,72.54
1784844170543,1,0,0,72.51
1784844170680,0,0,0,72.52
1784844170680,1,0,0,72.57
1784844170815,0,0,0,72.53
1784844170815,1,0,0,72.70
1784844170951,0,0,0,72.50
1784844170951,1,0,0,72.55
1784844171088,0,0,0,72.54
1784844171088,1,0,0,72.55
1784844171224,0,0,0,72.55
1784844171224,1,0,0,72.66
1784844171360,0,0,0,72.54
1784844171360,1,0,0,72.56
1784844171497,0,0,0,72.53
1784844171497,1,0,0,72.51
1784844171634,0,0,0,72.54
1784844171634,1,0,0,72.68
1784844171770,0,0,0,72.54
1784844171770,1,0,0,72.59
1784844171907,0,0,0,72.56
1784844171907,1,0,0,72.52
1784844172043,0,0,0,72.57
1784844172043,1,0,0,72.62
1784844172180,0,0,0,72.56
1784844172180,1,0,0,72.63
1784844172316,0,0,0,72.59
1784844172316,1,0,0,72.54
1784844172452,0,0,0,72.60
1784844172452,1,0,0,72.55
1784844172589,0,0,0,72.60
1784844172589,1,0,0,72.66
1784844172724,0,0,0,72.61
1784844172724,1,0,0,72.51
1784844172861,0,0,0,72.61
1784844172861,1,0,0,72.49
1784844173001,0,0,0,72.61
1784844173001,1,0,0,72.59
1784844173136,0,0,0,72.62
1784844173136,1,0,0,72.50
1784844173273,0,0,0,72.62
1784844173273,1,0,0,72.48
1784844173408,0,0,0,72.60
1784844173408,1,0,0,72.53
1784844173545,0,0,0,72.64
1784844173545,1,0,0,72.56
1784844173680,0,0,0,72.63
1784844173680,1,0,0,72.48
1784844173817,0,0,0,72.62
1784844173817,1,0,0,72.49
1784844173954,0,0,0,72.61
1784844173954,1,0,0,72.61
1784844174089,0,0,0,72.60
1784844174089,1,0,0,72.50
1784844174226,0,0,0,72.60
1784844174226,1,0,0,72.50
1784844174362,0,0,0,72.58
1784844174362,1,0,0,72.62
1784844174498,0,0,0,72.58
1784844174498,1,0,0,72.58
1784844174635,0,0,0,72.55
1784844174635,1,0,0,72.47
1784844174772,0,0,0,72.55
1784844174772,1,0,0,72.58
1784844174909,0,0,0,72.54
1784844174909,1,0,0,72.63
1784844175045,0,0,0,72.55
1784844175045,1,0,0,72.46
1784844175181,0,0,0,72.55
1784844175181,1,0,0,72.49
1784844175318,0,0,0,72.55
1784844175318,1,0,0,72.61
1784844175455,0,0,0,72.56
1784844175455,1,0,0,72.45
1784844175591,0,0,0,72.55
1784844175591,1,0,0,72.47
1784844175727,0,0,0,72.56
1784844175727,1,0,0,72.63
1784844175864,0,0,0,72.56
1784844175864,1,0,0,72.51
1784844176000,0,0,0,72.55
1784844176000,1,0,0,72.48
1784844176136,0,0,0,72.53
1784844176136,1,0,0,72.67
1784844176272,0,0,0,72.54
1784844176272,1,0,0,72.63
1784844176408,0,0,0,72.53
1784844176408,1,0,0,72.54
1784844176545,0,0,0,72.51
1784844176545,1,0,0,72.63
1784844176681,0,0,0,72.52
1784844176681,1,0,0,72.68
1784844176817,0,0,0,72.50
1784844176817,1,0,0,72.57
1784844176954,0,0,0,72.51
1784844176954,1,0,0,72.55
1784844177091,0,0,0,72.55
1784844177091,1,0,0,72.67
1784844177227,0,0,0,72.56
1784844177227,1,0,0,72.53
1784844177363,0,0,0,72.56
1784844177363,1,0,0,72.51
1784844177500,0,0,0,72.55
1784844177500,1,0,0,72.61
1784844177637,0,0,0,72.55
1784844177637,1,0,0,72.57
1784844177773,0,0,0,72.56
1784844177773,1,0,0,72.55
1784844177911,0,0,0,72.57
1784844177911,1,0,0,72.58
1784844178047,0,0,0,72.56
1784844178047,1,0,0,72.64
1784844178183,0,0,0,72.57
1784844178183,1,0,0,72.53
1784844178320,0,0,0,72.57
1784844178320,1,0,0,72.58
1784844178457,0,0,0,72.57
1784844178457,1,0,0,72.61
1784844178594,0,0,0,72.58
1784844178594,1,0,0,72.50
1784844178730,0,0,0,72.58
1784844178730,1,0,0,72.47
1784844178866,0,0,0,72.56
1784844178866,1,0,0,72.57
1784844179003,0,0,0,72.54
1784844179003,1,0,0,72.55
1784844179140,0,0,0,72.53
1784844179140,1,0,0,72.42
1784844179277,0,0,0,72.53
1784844179277,1,0,0,72.52
1784844179414,0,0,0,72.54
1784844179414,1,0,0,72.63
1784844179550,0,0,0,72.54
1784844179550,1,0,0,72.49
1784844179687,0,0,0,72.54
1784844179687,1,0,0,72.50
1784844179823,0,0,0,72.56
1784844179823,1,0,0,72.60
1784844179960,0,0,0,72.56
1784844179960,1,0,0,72.49
1784844180097,0,0,0,72.60
1784844180097,1,0,0,72.46
1784844180233,0,0,0,72.58
1784844180233,1,0,0,72.58
1784844180370,0,0,0,72.58
1784844180370,1,0,0,72.47
1784844180506,0,0,0,72.57
1784844180506,1,0,0,72.39
1784844180642,0,0,0,72.58
1784844180642,1,0,0,72.52
1784844180777,0,0,0,72.56
1784844180777,1,0,0,72.51
1784844180913,0,0,0,72.57
1784844180913,1,0,0,72.41
1784844181050,0,0,0,72.55
1784844181050,1,0,0,72.43
1784844181185,0,0,0,72.55
1784844181185,1,0,0,72.55
1784844181321,0,0,0,72.57
1784844181321,1,0,0,72.45
1784844181457,0,0,0,72.56
1784844181457,1,0,0,72.38
1784844181593,0,0,0,72.58
1784844181593,1,0,0,72.53
1784844181729,0,0,0,72.58
1784844181729,1,0,0,72.39
1784844181866,0,0,0,72.56
1784844181866,1,0,0,72.38
1784844182002,0,0,0,72.55
1784844182002,1,0,0,72.46
1784844182139,0,0,0,72.53
1784844182139,1,0,0,72.49
1784844182275,0,0,0,72.51
1784844182275,1,0,0,72.42
1784844182412,0,0,0,72.51
1784844182412,1,0,0,72.42
1784844182547,0,0,0,72.52
1784844182547,1,0,0,72.53
1784844182684,0,0,0,72.49
1784844182684,1,0,0,72.43
1784844182821,0,0,0,72.52
1784844182821,1,0,0,72.43
1784844182957,0,0,0,72.55
1784844182957,1,0,0,72.63
1784844183093,0,0,0,72.56
1784844183093,1,0,0,72.57
1784844183229,0,0,0,72.56
1784844183229,1,0,0,72.50
1784844183365,0,0,0,72.54
1784844183365,1,0,0,72.61
1784844183502,0,0,0,72.54
1784844183502,1,0,0,72.65
1784844183639,0,0,0,72.52
1784844183639,1,0,0,72.53
1784844183775,0,0,0,72.54
1784844183775,1,0,0,72.57
1784844183912,0,0,0,72.51
1784844183912,1,0,0,72.67
1784844184049,0,0,0,72.52
1784844184049,1,0,0,72.49
1784844184185,0,0,0,72.55
1784844184185,1,0,0,72.49
1784844184322,0,0,0,72.57
1784844184322,1,0,0,72.60
1784844184459,0,0,0,72.58
1784844184459,1,0,0,72.53
1784844184595,0,0,0,72.59
1784844184595,1,0,0,72.49
1784844184730,0,0,0,72.58
1784844184730,1,0,0,72.62
1784844184866,0,0,0,72.56
1784844184866,1,0,0,72.56
1784844185002,0,0,0,72.57
1784844185002,1,0,0,72.49
1784844185141,0,0,0,72.57
1784844185141,1,0,0,72.57
1784844185278,0,0,0,72.56
1784844185278,1,0,0,72.65
1784844185414,0,0,0,72.57
1784844185414,1,0,0,72.53
1784844185551,0,0,0,72.56
1784844185551,1,0,0,72.51
1784844185687,0,0,0,72.59
1784844185687,1,0,0,72.65
1784844185824,0,0,0,72.60
1784844185824,1,0,0,72.55
1784844185961,0,0,0,72.61
1784844185961,1,0,0,72.52
1784844186098,0,0,0,72.58
1784844186098,1,0,0,72.60
1784844186234,0,0,0,72.59
1784844186234,1,0,0,72.56
1784844186371,0,0,0,72.57
1784844186371,1,0,0,72.52
1784844186508,0,0,0,72.58
1784844186508,1,0,0,72.52
1784844186645,0,0,0,72.56
1784844186645,1,0,0,72.62
1784844186781,0,0,0,72.55
1784844186781,1,0,0,72.53
1784844186917,0,0,0,72.54
1784844186917,1,0,0,72.49
1784844187054,0,0,0,72.54
1784844187054,1,0,0,72.67
1784844187191,0,0,0,72.56
1784844187191,1,0,0,72.57
1784844187328,0,0,0,72.57
1784844187328,1,0,0,72.52
1784844187464,0,0,0,72.56
1784844187464,1,0,0,72.67
1784844187601,0,0,0,72.55
1784844187601,1,0,0,72.66
1784844187737,0,0,0,72.53
1784844187737,1,0,0,72.52
1784844187873,0,0,0,72.52
1784844187873,1,0,0,72.61
1784844188009,0,0,0,72.52
1784844188009,1,0,0,72.71
1784844188145,0,0,0,72.53
1784844188145,1,0,0,72.54
1784844188285,0,0,0,72.51
1784844188285,1,0,0,72.56
1784844188422,0,0,0,72.52
1784844188422,1,0,0,72.70
1784844188558,0,0,0,72.53
1784844188558,1,0,0,72.59
1784844188695,0,0,0,72.56
1784844188695,1,0,0,72.55
1784844188831,0,0,0,72.58
1784844188831,1,0,0,72.74
1784844188968,0,0,0,72.59
1784844188968,1,0,0,72.62
1784844189104,0,0,0,72.61
1784844189104,1,0,0,72.56
1784844189240,0,0,0,72.59
1784844189240,1,0,0,72.68
1784844189376,0,0,0,72.60
1784844189376,1,0,0,72.69
1784844189513,0,0,0,72.59
1784844189513,1,0,0,72.58
1784844189649,0,0,0,72.60
1784844189649,1,0,0,72.59
1784844189785,0,0,0,72.58
1784844189785,1,0,0,72.68
1784844189921,0,0,0,72.58
1784844189921,1,0,0,72.56
1784844190056,0,0,0,72.60
1784844190056,1,0,0,72.46
1784844190192,0,0,0,72.60
1784844190192,1,0,0,72.54
1784844190329,0,0,0,72.62
1784844190329,1,0,0,72.42
1784844190465,0,0,0,72.62
1784844190465,1,0,0,72.38
1784844190601,0,0,0,72.61
1784844190601,1,0,0,72.40
1784844190737,0,0,0,72.61
1784844190737,1,0,0,72.41
1784844190873,0,0,0,72.62
1784844190873,1,0,0,72.36
1784844191009,0,0,0,72.62
1784844191009,1,0,0,72.36
1784844191146,0,0,0,72.62
1784844191146,1,0,0,72.50
1784844191283,0,0,0,72.62
1784844191283,1,0,0,72.40
1784844191419,0,0,0,72.62
1784844191419,1,0,0,72.38
1784844191553,0,0,0,72.64
1784844191553,1,0,0,72.53
1784844191690,0,0,0,72.64
1784844191690,1,0,0,72.48
1784844191827,0,0,0,72.64
1784844191827,1,0,0,72.39
1784844191964,0,0,0,72.65
1784844191964,1,0,0,72.49
1784844192102,0,0,0,72.65
1784844192102,1,0,0,72.53
1784844192239,0,0,0,72.65
1784844192239,1,0,0,72.39
1784844192376,0,0,0,72.65
1784844192376,1,0,0,72.42
1784844192513,0,0,0,72.66
1784844192513,1,0,0,72.54
1784844192649,0,0,0,72.63
1784844192649,1,0,0,72.41
1784844192785,0,0,0,72.63
1784844192785,1,0,0,72.41
1784844192921,0,0,0,72.61
1784844192921,1,0,0,72.47
1784844193056,0,0,0,72.60
1784844193056,1,0,0,72.45
1784844193192,0,0,0,72.61
1784844193192,1,0,0,72.40
1784844193329,0,0,0,72.60
1784844193329,1,0,0,72.57
1784844193466,0,0,0,72.61
1784844193466,1,0,0,72.55
1784844193602,0,0,0,72.61
1784844193602,1,0,0,72.43
1784844193739,0,0,0,72.61
1784844193739,1,0,0,72.51
1784844193875,0,0,0,72.60
1784844193875,1,0,0,72.62
1784844194011,0,0,0,72.62
1784844194011,1,0,0,72.52
1784844194147,0,0,0,72.62
1784844194147,1,0,0,72.46
1784844194284,0,0,0,72.61
1784844194284,1,0,0,72.60
1784844194420,0,0,0,72.60
1784844194420,1,0,0,72.60
1784844194555,0,0,0,72.60
1784844194555,1,0,0,72.47
1784844194691,0,0,0,72.63
1784844194691,1,0,0,72.56
1784844194826,0,0,0,72.64
1784844194826,1,0,0,72.67
1784844194962,0,0,0,72.65
1784844194962,1,0,0,72.50
1784844195098,0,0,0,72.65
1784844195098,1,0,0,72.50
1784844195234,0,0,0,72.66
1784844195234,1,0,0,72.60
1784844195371,0,0,0,72.68
1784844195371,1,0,0,72.47
1784844195507,0,0,0,72.70
1784844195507,1,0,0,72.45
1784844195643,0,0,0,72.71
1784844195643,1,0,0,72.59
1784844195779,0,0,0,72.71
1784844195779,1,0,0,72.49
1784844195916,0,0,0,72.73
1784844195916,1,0,0,72.42
1784844196052,0,0,0,72.72
1784844196052,1,0,0,72.54
1784844196188,0,0,0,72.74
1784844196188,1,0,0,72.54
1784844196323,0,0,0,72.72
1784844196323,1,0,0,72.46
1784844196460,0,0,0,72.71
1784844196460,1,0,0,72.52
1784844196597,0,0,0,72.70
1784844196597,1,0,0,72.65
1784844196733,0,0,0,72.70
1784844196733,1,0,0,72.53
1784844196869,0,0,0,72.70
1784844196869,1,0,0,72.53
1784844197005,0,0,0,72.69
1784844197005,1,0,0,72.64
1784844197141,0,0,0,72.69
1784844197141,1,0,0,72.59
1784844197277,0,0,0,72.69
1784844197277,1,0,0,72.57
1784844197412,0,0,0,72.71
1784844197412,1,0,0,72.62
1784844197549,0,0,0,72.71
1784844197549,1,0,0,72.66
1784844197686,0,0,0,72.72
1784844197686,1,0,0,72.60
1784844197823,0,0,0,72.72
1784844197823,1,0,0,72.59
1784844197959,0,0,0,72.73
1784844197959,1,0,0,72.75
1784844198095,0,0,0,72.72
1784844198095,1,0,0,72.66
1784844198231,0,0,0,72.74
1784844198231,1,0,0,72.66
1784844198367,0,0,0,72.75
1784844198367,1,0,0,72.78
1784844198504,0,0,0,72.75
1784844198504,1,0,0,72.73
1784844198640,0,0,0,72.75
1784844198640,1,0,0,72.66
1784844198777,0,0,0,72.74
1784844198777,1,0,0,72.75
1784844198913,0,0,0,72.74
1784844198913,1,0,0,72.82
1784844199049,0,0,0,72.74
1784844199049,1,0,0,72.66
1784844199185,0,0,0,72.71
1784844199185,1,0,0,72.67
1784844199321,0,0,0,72.71
1784844199321,1,0,0,72.81
1784844199457,0,0,0,72.69
1784844199457,1,0,0,72.66
1784844199593,0,0,0,72.71
1784844199593,1,0,0,72.64
1784844199729,0,0,0,72.73
1784844199729,1,0,0,72.81
1784844199865,0,0,0,72.73
1784844199865,1,0,0,72.70
1784844200002,0,0,0,72.71
1784844200002,1,0,0,72.64
1784844200137,0,0,0,72.73
1784844200137,1,0,0,72.78
1784844200273,0,0,0,72.72
1784844200273,1,0,0,72.75
1784844200408,0,0,0,72.72
1784844200408,1,0,0,72.63
1784844200544,0,0,0,72.74
1784844200544,1,0,0,72.71
1784844200681,0,0,0,72.71
1784844200681,1,0,0,72.81
1784844200818,0,0,0,72.73
1784844200818,1,0,0,72.70
1784844200953,0,0,0,72.72
1784844200953,1,0,0,72.66
1784844201090,0,0,0,72.74
1784844201090,1,0,0,72.78
1784844201226,0,0,0,72.72
1784844201226,1,0,0,72.73
1784844201362,0,0,0,72.73
1784844201362,1,0,0,72.58
1784844201498,0,0,0,72.73
1784844201498,1,0,0,72.61
1784844201634,0,0,0,72.74
1784844201634,1,0,0,72.54
1784844201770,0,0,0,72.75
1784844201770,1,0,0,72.47
1784844201906,0,0,0,72.77
1784844201906,1,0,0,72.46
1784844202041,0,0,0,72.79
1784844202041,1,0,0,72.52
1784844202177,0,0,0,72.79
1784844202177,1,0,0,72.44
1784844202314,0,0,0,72.78
1784844202314,1,0,0,72.42
1784844202450,0,0,0,72.78
1784844202450,1,0,0,72.57
1784844202586,0,0,0,72.80
1784844202586,1,0,0,72.48
1784844202722,0,0,0,72.80
1784844202722,1,0,0,72.44
1784844202858,0,0,0,72.81
1784844202858,1,0,0,72.57
1784844202994,0,0,0,72.81
1784844202994,1,0,0,72.61
1784844203130,0,0,0,72.82
1784844203130,1,0,0,72.46
1784844203269,0,0,0,72.85
1784844203269,1,0,0,72.52
1784844203406,0,0,0,72.88
1784844203406,1,0,0,72.62
1784844203545,0,0,0,72.87
1784844203545,1,0,0,72.50
1784844203682,0,0,0,72.84
1784844203682,1,0,0,72.48
1784844203818,0,0,0,72.83
1784844203818,1,0,0,72.59
1784844203954,0,0,0,72.83
1784844203954,1,0,0,72.52
1784844204090,0,0,0,72.84
1784844204090,1,0,0,72.50
1784844204227,0,0,0,72.84
1784844204227,1,0,0,72.54
1784844204364,0,0,0,72.82
1784844204364,1,0,0,72.60
1784844204500,0,0,0,72.83
1784844204500,1,0,0,72.51
1784844204636,0,0,0,72.83
1784844204636,1,0,0,72.63
1784844204772,0,0,0,72.84
1784844204772,1,0,0,72.68
1784844204908,0,0,0,72.87
1784844204908,1,0,0,72.58
1784844205045,0,0,0,72.86
1784844205045,1,0,0,72.58
1784844205181,0,0,0,72.87
1784844205181,1,0,0,72.71
1784844205317,0,0,0,72.85
1784844205317,1,0,0,72.63
1784844205454,0,0,0,72.84
1784844205454,1,0,0,72.56
1784844205589,0,0,0,72.85
1784844205589,1,0,0,72.64
1784844205726,0,0,0,72.84
1784844205726,1,0,0,72.71
1784844205862,0,0,0,72.84
1784844205862,1,0,0,72.52
1784844205998,0,0,0,72.84
1784844205998,1,0,0,72.56
1784844206135,0,0,0,72.83
1784844206135,1,0,0,72.64
1784844206272,0,0,0,72.82
1784844206272,1,0,0,72.54
1784844206408,0,0,0,72.85
1784844206408,1,0,0,72.52
1784844206543,0,0,0,72.84
1784844206543,1,0,0,72.68
1784844206680,0,0,0,72.82
1784844206680,1,0,0,72.56
1784844206816,0,0,0,72.83
1784844206816,1,0,0,72.51
1784844206953,0,0,0,72.83
1784844206953,1,0,0,72.65
1784844207087,0,0,0,72.82
1784844207087,1,0,0,72.60
1784844207225,0,0,0,72.83
1784844207225,1,0,0,72.51
1784844207361,0,0,0,72.84
1784844207361,1,0,0,72.56
1784844207498,0,0,0,72.84
1784844207498,1,0,0,72.63
1784844207635,0,0,0,72.88
1784844207635,1,0,0,72.47
1784844207771,0,0,0,72.88
1784844207771,1,0,0,72.49
1784844207908,0,0,0,72.90
1784844207908,1,0,0,72.62
1784844208044,0,0,0,72.91
1784844208044,1,0,0,72.50
1784844208181,0,0,0,72.91
1784844208181,1,0,0,72.49
1784844208318,0,0,0,72.88
1784844208318,1,0,0,72.56
1784844208455,0,0,0,72.87
1784844208455,1,0,0,72.56
1784844208592,0,0,0,72.88
1784844208592,1,0,0,72.50
1784844208728,0,0,0,72.86
1784844208728,1,0,0,72.50
1784844208865,0,0,0,72.87
1784844208865,1,0,0,72.60
1784844209002,0,0,0,72.89
1784844209002,1,0,0,72.54
1784844209138,0,0,0,72.91
1784844209138,1,0,0,72.58
1784844209275,0,0,0,72.93
1784844209275,1,0,0,72.68
1784844209411,0,0,0,72.95
1784844209411,1,0,0,72.59
1784844209548,0,0,0,72.95
1784844209548,1,0,0,72.52
1784844209684,0,0,0,72.94
1784844209684,1,0,0,72.64
1784844209822,0,0,0,72.94
1784844209822,1,0,0,72.65
1784844209958,0,0,0,72.94
1784844209958,1,0,0,72.51
1784844210093,0,0,0,72.95
1784844210093,1,0,0,72.56
1784844210230,0,0,0,72.93
1784844210230,1,0,0,72.66
1784844210367,0,0,0,72.93
1784844210367,1,0,0,72.54
1784844210503,0,0,0,72.94
1784844210503,1,0,0,72.53
1784844210640,0,0,0,72.94
1784844210640,1,0,0,72.67
1784844210776,0,0,0,72.96
1784844210776,1,0,0,72.58
1784844210912,0,0,0,72.95
1784844210912,1,0,0,72.56
1784844211049,0,0,0,72.95
1784844211049,1,0,0,72.74
1784844211185,0,0,0,72.94
1784844211185,1,0,0,72.67
1784844211322,0,0,0,72.92
1784844211322,1,0,0,72.59
1784844211457,0,0,0,72.91
1784844211457,1,0,0,72.69
1784844211593,0,0,0,72.89
1784844211593,1,0,0,72.74
1784844211729,0,0,0,72.89
1784844211729,1,0,0,72.61
1784844211865,0,0,0,72.87
1784844211865,1,0,0,72.62
1784844212001,0,0,0,72.88
1784844212001,1,0,0,72.74
1784844212137,0,0,0,72.87
1784844212137,1,0,0,72.57
1784844212274,0,0,0,72.88
1784844212274,1,0,0,72.56
1784844212410,0,0,0,72.92
1784844212410,1,0,0,72.67
1784844212547,0,0,0,72.93
1784844212547,1,0,0,72.60
1784844212683,0,0,0,72.92
1784844212683,1,0,0,72.56
1784844212821,0,0,0,72.90
1784844212821,1,0,0,72.60
1784844212957,0,0,0,72.90
1784844212957,1,0,0,72.64
1784844213094,0,0,0,72.91
1784844213094,1,0,0,72.54
1784844213232,0,0,0,72.93
1784844213232,1,0,0,72.53
1784844213369,0,0,0,72.91
1784844213369,1,0,0,72.65
1784844213505,0,0,0,72.92
1784844213505,1,0,0,72.54
1784844213641,0,0,0,72.93
1784844213641,1,0,0,72.52
1784844213778,0,0,0,72.93
1784844213778,1,0,0,72.64
1784844213915,0,0,0,72.95
1784844213915,1,0,0,72.59
1784844214052,0,0,0,72.96
1784844214052,1,0,0,72.50
1784844214188,0,0,0,72.93
1784844214188,1,0,0,72.57
1784844214326,0,0,0,72.92
1784844214326,1,0,0,72.65
1784844214463,0,0,0,72.92
1784844214463,1,0,0,72.50
1784844214599,0,0,0,72.91
1784844214599,1,0,0,72.54
1784844214736,0,0,0,72.93
1784844214736,1,0,0,72.66
1784844214873,0,0,0,72.95
1784844214873,1,0,0,72.54
1784844215010,0,0,0,72.95
1784844215010,1,0,0,72.53
1784844215155,0,0,0,72.96
1784844215155,1,0,0,72.67
1784844215291,0,0,0,72.97
1784844215291,1,0,0,72.59
1784844215428,0,0,0,72.97
1784844215428,1,0,0,72.56
1784844215564,0,0,0,72.97
1784844215564,1,0,0,72.68
1784844215701,0,0,0,72.96
1784844215701,1,0,0,72.64
1784844215838,0,0,0,72.93
1784844215838,1,0,0,72.52
1784844215974,0,0,0,72.94
1784844215974,1,0,0,72.62
1784844216111,0,0,0,72.94
1784844216111,1,0,0,72.72
1784844216247,0,0,0,72.93
1784844216247,1,0,0,72.59
1784844216383,0,0,0,72.94
1784844216383,1,0,0,72.58
1784844216520,0,0,0,72.92
1784844216520,1,0,0,72.69
1784844216655,0,0,0,72.95
1784844216655,1,0,0,72.61
1784844216791,0,0,0,72.95
1784844216791,1,0,0,72.57
1784844216927,0,0,0,72.96
1784844216927,1,0,0,72.64
1784844217063,0,0,0,72.96
1784844217063,1,0,0,72.61
1784844217199,0,0,0,72.95
1784844217199,1,0,0,72.55
1784844217336,0,0,0,72.94
1784844217336,1,0,0,72.55
1784844217473,0,0,0,72.93
1784844217473,1,0,0,72.70
1784844217608,0,0,0,72.93
1784844217608,1,0,0,72.59
1784844217744,0,0,0,72.91
1784844217744,1,0,0,72.64
1784844217880,0,0,0,72.92
1784844217880,1,0,0,72.75
1784844218017,0,0,0,72.88
1784844218017,1,0,0,72.65
1784844218153,0,0,0,72.90
1784844218153,1,0,0,72.61
1784844218289,0,0,0,72.90
1784844218289,1,0,0,72.71
1784844218426,0,0,0,72.92
1784844218426,1,0,0,72.72
1784844218563,0,0,0,72.90
1784844218563,1,0,0,72.54
1784844218700,0,0,0,72.90
1784844218700,1,0,0,72.57
1784844218847,0,0,0,72.90
1784844218847,1,0,0,72.56
1784844218982,0,0,0,72.91
1784844218982,1,0,0,72.50
1784844219118,0,0,0,72.90
1784844219118,1,0,0,72.50
1784844219254,0,0,0,72.88
1784844219254,1,0,0,72.63
1784844219390,0,0,0,72.90
1784844219390,1,0,0,72.53
1784844219527,0,0,0,72.93
1784844219527,1,0,0,72.49
1784844219664,0,0,0,72.90
1784844219664,1,0,0,72.67
1784844219800,0,0,0,72.93
1784844219800,1,0,0,72.60
1784844219936,0,0,0,72.92
1784844219936,1,0,0,72.52
1784844220073,0,0,0,72.91
1784844220073,1,0,0,72.62
1784844220209,0,0,0,72.90
1784844220209,1,0,0,72.67
1784844220346,0,0,0,72.90
1784844220346,1,0,0,72.47
1784844220482,0,0,0,72.90
1784844220482,1,0,0,72.51
1784844220617,0,0,0,72.90
1784844220617,1,0,0,72.65
1784844220754,0,0,0,72.89
1784844220754,1,0,0,72.51
1784844220890,0,0,0,72.90
1784844220890,1,0,0,72.50
1784844221027,0,0,0,72.92
1784844221027,1,0,0,72.59
1784844221163,0,0,0,72.92
1784844221163,1,0,0,72.55
1784844221300,0,0,0,72.94
1784844221300,1,0,0,72.52
1784844221437,0,0,0,72.92
1784844221437,1,0,0,72.58
1784844221572,0,0,0,72.92
1784844221572,1,0,0,72.60
1784844221709,0,0,0,72.92
1784844221709,1,0,0,72.53
1784844221846,0,0,0,72.93
1784844221846,1,0,0,72.61
1784844221983,0,0,0,72.92
1784844221983,1,0,0,72.63
1784844222118,0,0,0,72.92
1784844222118,1,0,0,72.53
1784844222255,0,0,0,72.93
1784844222255,1,0,0,72.53
1784844222392,0,0,0,72.91
1784844222392,1,0,0,72.67
1784844222528,0,0,0,72.93
1784844222528,1,0,0,72.59
1784844222665,0,0,0,72.92
1784844222665,1,0,0,72.50
1784844222802,0,0,0,72.91
1784844222802,1,0,0,72.63
1784844222938,0,0,0,72.90
1784844222938,1,0,0,72.66
1784844223074,0,0,0,72.90
1784844223074,1,0,0,72.54
1784844223211,0,0,0,72.87
1784844223211,1,0,0,72.59
1784844223347,0,0,0,72.87
1784844223347,1,0,0,72.67
1784844223483,0,0,0,72.88
1784844223483,1,0,0,72.57
1784844223619,0,0,0,72.87
1784844223619,1,0,0,72.56
1784844223756,0,0,0,72.87
1784844223756,1,0,0,72.70
1784844223892,0,0,0,72.89
1784844223892,1,0,0,72.61
1784844224029,0,0,0,72.90
1784844224029,1,0,0,72.57
1784844224166,0,0,0,72.91
1784844224166,1,0,0,72.71
1784844224302,0,0,0,72.90
1784844224302,1,0,0,72.64
1784844224440,0,0,0,72.90
1784844224440,1,0,0,72.56
1784844224577,0,0,0,72.88
1784844224577,1,0,0,72.63
1784844224713,0,0,0,72.85
1784844224713,1,0,0,72.66
1784844224849,0,0,0,72.84
1784844224849,1,0,0,72.51
1784844224985,0,0,0,72.84
1784844224985,1,0,0,72.53
1784844225122,0,0,0,72.81
1784844225122,1,0,0,72.67
1784844225258,0,0,0,72.83
1784844225258,1,0,0,72.52
1784844225394,0,0,0,72.83
1784844225394,1,0,0,72.50
1784844225530,0,0,0,72.84
1784844225530,1,0,0,72.57
1784844225667,0,0,0,72.85
1784844225667,1,0,0,72.52
1784844225803,0,0,0,72.86
1784844225803,1,0,0,72.46
1784844225940,0,0,0,72.86
1784844225940,1,0,0,72.47
1784844226075,0,0,0,72.86
1784844226075,1,0,0,72.51
1784844226212,0,0,0,72.86
1784844226212,1,0,0,72.43
1784844226348,0,0,0,72.85
1784844226348,1,0,0,72.49
1784844226485,0,0,0,72.85
1784844226485,1,0,0,72.56
1784844226622,0,0,0,72.90
1784844226622,1,0,0,72.47
1784844226759,0,0,0,72.87
1784844226759,1,0,0,72.47
1784844226895,0,0,0,72.89
1784844226895,1,0,0,72.60
1784844227031,0,0,0,72.86
1784844227031,1,0,0,72.56
1784844227167,0,0,0,72.85
1784844227167,1,0,0,72.46
1784844227305,0,0,0,72.84
1784844227305,1,0,0,72.53
1784844227441,0,0,0,72.83
1784844227441,1,0,0,72.61
1784844227577,0,0,0,72.81
1784844227577,1,0,0,72.45
1784844227714,0,0,0,72.83
1784844227714,1,0,0,72.48
1784844227850,0,0,0,72.83
1784844227850,1,0,0,72.56
1784844227987,0,0,0,72.82
1784844227987,1,0,0,72.45
1784844228124,0,0,0,72.84
1784844228124,1,0,0,72.44
1784844228260,0,0,0,72.84
1784844228260,1,0,0,72.61
1784844228396,0,0,0,72.86
1784844228396,1,0,0,72.53
1784844228532,0,0,0,72.83
1784844228532,1,0,0,72.46
1784844228669,0,0,0,72.83
1784844228669,1,0,0,72.61
1784844228806,0,0,0,72.82
1784844228806,1,0,0,72.60
1784844228942,0,0,0,72.83
1784844228942,1,0,0,72.49
1784844229079,0,0,0,72.84
1784844229079,1,0,0,72.53
1784844229216,0,0,0,72.81
1784844229216,1,0,0,72.64
1784844229352,0,0,0,72.80
1784844229352,1,0,0,72.46
1784844229488,0,0,0,72.79
1784844229488,1,0,0,72.47
1784844229624,0,0,0,72.80
1784844229624,1,0,0,72.60
1784844229760,0,0,0,72.79
1784844229760,1,0,0,72.47
1784844229896,0,0,0,72.77
1784844229896,1,0,0,72.46
1784844230032,0,0,0,72.77
1784844230032,1,0,0,72.52
1784844230168,0,0,0,72.77
1784844230168,1,0,0,72.51
1784844230306,0,0,0,72.79
1784844230306,1,0,0,72.45
1784844230446,0,0,0,72.79
1784844230446,1,0,0,72.59
1784844230582,0,0,0,72.79
1784844230582,1,0,0,72.58
1784844230717,0,0,0,72.78
1784844230717,1,0,0,72.47
1784844230854,0,0,0,72.79
1784844230854,1,0,0,72.49
1784844230990,0,0,0,72.82
1784844230990,1,0,0,72.59
1784844231127,0,0,0,72.80
1784844231127,1,0,0,72.51
1784844231262,0,0,0,72.82
1784844231262,1,0,0,72.43
1784844231400,0,0,0,72.80
1784844231400,1,0,0,72.54
1784844231535,0,0,0,72.83
1784844231535,1,0,0,72.54
1784844231672,0,0,0,72.84
1784844231672,1,0,0,72.40
1784844231808,0,0,0,72.81
1784844231808,1,0,0,72.46
1784844231945,0,0,0,72.80
1784844231945,1,0,0,72.47
1784844232082,0,0,0,72.81
1784844232082,1,0,0,72.38
1784844232218,0,0,0,72.78
1784844232218,1,0,0,72.39
1784844232354,0,0,0,72.78
1784844232354,1,0,0,72.52
1784844232490,0,0,0,72.79
1784844232490,1,0,0,72.43
1784844232626,0,0,0,72.78
1784844232626,1,0,0,72.40
1784844232763,0,0,0,72.81
1784844232763,1,0,0,72.56
1784844232899,0,0,0,72.79
1784844232899,1,0,0,72.48
1784844233035,0,0,0,72.79
1784844233035,1,0,0,72.42
1784844233172,0,0,0,72.79
1784844233172,1,0,0,72.54
1784844233308,0,0,0,72.78
1784844233308,1,0,0,72.54
1784844233445,0,0,0,72.77
1784844233445,1,0,0,72.41
1784844233583,0,0,0,72.76
1784844233583,1,0,0,72.44
1784844233719,0,0,0,72.78
1784844233719,1,0,0,72.57
1784844233855,0,0,0,72.77
1784844233855,1,0,0,72.45
1784844233991,0,0,0,72.79
1784844233991,1,0,0,72.43
1784844234129,0,0,0,72.81
1784844234129,1,0,0,72.56
1784844234266,0,0,0,72.80
1784844234266,1,0,0,72.50
1784844234402,0,0,0,72.81
1784844234402,1,0,0,72.45
1784844234538,0,0,0,72.81
1784844234538,1,0,0,72.50
1784844234674,0,0,0,72.81
1784844234674,1,0,0,72.55
1784844234810,0,0,0,72.77
1784844234810,1,0,0,72.46
1784844234948,0,0,0,72.78
1784844234948,1,0,0,72.56
1784844235084,0,0,0,72.75
1784844235084,1,0,0,72.59
1784844235221,0,0,0,72.75
1784844235221,1,0,0,72.45
1784844235357,0,0,0,72.75
1784844235357,1,0,0,72.45
1784844235493,0,0,0,72.74
1784844235493,1,0,0,72.58
1784844235628,0,0,0,72.75
1784844235628,1,0,0,72.53
1784844235766,0,0,0,72.74
1784844235766,1,0,0,72.40
1784844235902,0,0,0,72.73
1784844235902,1,0,0,72.51
1784844236038,0,0,0,72.72
1784844236038,1,0,0,72.53
1784844236174,0,0,0,72.72
1784844236174,1,0,0,72.39
1784844236310,0,0,0,72.69
1784844236310,1,0,0,72.43
1784844236446,0,0,0,72.69
1784844236446,1,0,0,72.49
1784844236584,0,0,0,72.66
1784844236584,1,0,0,72.39
1784844236720,0,0,0,72.68
1784844236720,1,0,0,72.39
1784844236857,0,0,0,72.68
1784844236857,1,0,0,72.52
1784844236993,0,0,0,72.69
1784844236993,1,0,0,72.42
1784844237129,0,0,0,72.71
1784844237129,1,0,0,72.37
1784844237265,0,0,0,72.70
1784844237265,1,0,0,72.49
1784844237402,0,0,0,72.65
1784844237402,1,0,0,72.42
1784844237538,0,0,0,72.67
1784844237538,1,0,0,72.32
1784844237675,0,0,0,72.64
1784844237675,1,0,0,72.40
1784844237812,0,0,0,72.63
1784844237812,1,0,0,72.46
1784844237948,0,0,0,72.62
1784844237948,1,0,0,72.33
1784844238085,0,0,0,72.61
1784844238085,1,0,0,72.33
1784844238221,0,0,0,72.63
1784844238221,1,0,0,72.45
1784844238357,0,0,0,72.71
1784844238357,1,0,0,72.36
1784844238493,0,0,0,72.71
1784844238493,1,0,0,72.36
1784844238629,0,0,0,72.72
1784844238629,1,0,0,72.44
1784844238766,0,0,0,72.74
1784844238766,1,0,0,72.43
1784844238902,0,0,0,72.73
1784844238902,1,0,0,72.38
1784844239039,0,0,0,72.73
1784844239039,1,0,0,72.37
1784844239175,0,0,0,72.71
1784844239175,1,0,0,72.49
1784844239312,0,0,0,72.70
1784844239312,1,0,0,72.38
1784844239450,0,0,0,72.69
1784844239450,1,0,0,72.42
1784844239586,0,0,0,72.71
1784844239586,1,0,0,72.52
1784844239723,0,0,0,72.71
1784844239723,1,0,0,72.42
1784844239861,0,0,0,72.73
1784844239861,1,0,0,72.35
1784844239997,0,0,0,72.70
1784844239997,1,0,0,72.50
1784844240134,0,0,0,72.71
1784844240134,1,0,0,72.49
1784844240270,0,0,0,72.71
1784844240270,1,0,0,72.39
1784844240406,0,0,0,72.70
1784844240406,1,0,0,72.48
1784844240543,0,0,0,72.69
1784844240543,1,0,0,72.57
1784844240679,0,0,0,72.67
1784844240679,1,0,0,72.40
1784844240815,0,0,0,72.66
1784844240815,1,0,0,72.44
1784844240952,0,0,0,72.65
1784844240952,1,0,0,72.55
1784844241088,0,0,0,72.65
1784844241088,1,0,0,72.43
1784844241224,0,0,0,72.66
1784844241224,1,0,0,72.39
1784844241360,0,0,0,72.65
1784844241360,1,0,0,72.54
1784844241497,0,0,0,72.65
1784844241497,1,0,0,72.41
1784844241634,0,0,0,72.63
1784844241634,1,0,0,72.36
1784844241771,0,0,0,72.64
1784844241771,1,0,0,72.49
1784844241908,0,0,0,72.60
1784844241908,1,0,0,72.47
1784844242046,0,0,0,72.61
1784844242046,1,0,0,72.39
1784844242183,0,0,0,72.60
1784844242183,1,0,0,72.43
1784844242320,0,0,0,72.58
1784844242320,1,0,0,72.54
1784844242457,0,0,0,72.56
1784844242457,1,0,0,72.39
1784844242594,0,0,0,72.54
1784844242594,1,0,0,72.40
1784844242730,0,0,0,72.54
1784844242730,1,0,0,72.48
1784844242867,0,0,0,72.54
1784844242867,1,0,0,72.36
1784844243005,0,0,0,72.55
1784844243005,1,0,0,72.32
1784844243141,0,0,0,72.56
1784844243141,1,0,0,72.37
1784844243278,0,0,0,72.60
1784844243278,1,0,0,72.39
1784844243414,0,0,0,72.61
1784844243414,1,0,0,72.33
1784844243551,0,0,0,72.61
1784844243551,1,0,0,72.42
1784844243688,0,0,0,72.60
1784844243688,1,0,0,72.46
1784844243825,0,0,0,72.63
1784844243825,1,0,0,72.34
1784844243962,0,0,0,72.63
1784844243962,1,0,0,72.37
1784844244098,0,0,0,72.63
1784844244098,1,0,0,72.47
1784844244236,0,0,0,72.64
1784844244236,1,0,0,72.42
1784844244372,0,0,0,72.62
1784844244372,1,0,0,72.33
1784844244508,0,0,0,72.65
1784844244508,1,0,0,72.44
1784844244645,0,0,0,72.64
1784844244645,1,0,0,72.50
1784844244782,0,0,0,72.64
1784844244782,1,0,0,72.36
1784844244917,0,0,0,72.64
1784844244917,1,0,0,72.38
1784844245053,0,0,0,72.64
1784844245053,1,0,0,72.44
1784844245189,0,0,0,72.65
1784844245189,1,0,0,72.37
1784844245325,0,0,0,72.63
1784844245325,1,0,0,72.36
1784844245461,0,0,0,72.64
1784844245461,1,0,0,72.53
1784844245597,0,0,0,72.63
1784844245597,1,0,0,72.40
1784844245734,0,0,0,72.64
1784844245734,1,0,0,72.36
1784844245871,0,0,0,72.63
1784844245871,1,0,0,72.54
1784844246006,0,0,0,72.64
1784844246006,1,0,0,72.48
1784844246142,0,0,0,72.61
1784844246142,1,0,0,72.42
1784844246279,0,0,0,72.62
1784844246279,1,0,0,72.50
1784844246415,0,0,0,72.61
1784844246415,1,0,0,72.54
1784844246551,0,0,0,72.61
1784844246551,1,0,0,72.38
1784844246687,0,0,0,72.62
1784844246687,1,0,0,72.40
1784844246822,0,0,0,72.59
1784844246822,1,0,0,72.56
1784844246958,0,0,0,72.59
1784844246958,1,0,0,72.40
1784844247093,0,0,0,72.58
1784844247093,1,0,0,72.39
1784844247229,0,0,0,72.58
1784844247229,1,0,0,72.49
1784844247365,0,0,0,72.59
1784844247365,1,0,0,72.44
1784844247502,0,0,0,72.57
1784844247502,1,0,0,72.39
1784844247638,0,0,0,72.56
1784844247638,1,0,0,72.42
1784844247774,0,0,0,72.57
1784844247774,1,0,0,72.51
1784844247911,0,0,0,72.54
1784844247911,1,0,0,72.39
1784844248048,0,0,0,72.54
1784844248048,1,0,0,72.37
1784844248185,0,0,0,72.55
1784844248185,1,0,0,72.51
1784844248322,0,0,0,72.52
1784844248322,1,0,0,72.38
1784844248458,0,0,0,72.53
1784844248458,1,0,0,72.34
1784844248595,0,0,0,72.52
1784844248595,1,0,0,72.46
1784844248732,0,0,0,72.54
1784844248732,1,0,0,72.44
1784844248868,0,0,0,72.55
1784844248868,1,0,0,72.32
1784844249004,0,0,0,72.55
1784844249004,1,0,0,72.41
1784844249141,0,0,0,72.55
1784844249141,1,0,0,72.50
1784844249277,0,0,0,72.55
1784844249277,1,0,0,72.32
1784844249416,0,0,0,72.55
1784844249416,1,0,0,72.35
1784844249553,0,0,0,72.54
1784844249553,1,0,0,72.46
1784844249690,0,0,0,72.55
1784844249690,1,0,0,72.35
1784844249828,0,0,0,72.53
1784844249828,1,0,0,72.33
1784844249964,0,0,0,72.54
1784844249964,1,0,0,72.50
1784844250100,0,0,0,72.58
1784844250100,1,0,0,72.39
1784844250237,0,0,0,72.54
1784844250237,1,0,0,72.33
1784844250374,0,0,0,72.56
1784844250374,1,0,0,72.48
1784844250510,0,0,0,72.56
1784844250510,1,0,0,72.49
1784844250645,0,0,0,72.57
1784844250645,1,0,0,72.39
1784844250782,0,0,0,72.56
1784844250782,1,0,0,72.45
1784844250919,0,0,0,72.57
1784844250919,1,0,0,72.54
1784844251055,0,0,0,72.56
1784844251055,1,0,0,72.39
1784844251192,0,0,0,72.56
1784844251192,1,0,0,72.40
1784844251328,0,0,0,72.59
1784844251328,1,0,0,72.51
1784844251465,0,0,0,72.59
1784844251465,1,0,0,72.39
1784844251601,0,0,0,72.59
1784844251601,1,0,0,72.37
1784844251737,0,0,0,72.60
1784844251737,1,0,0,72.39
1784844251873,0,0,0,72.60
1784844251873,1,0,0,72.42
1784844252010,0,0,0,72.59
1784844252010,1,0,0,72.36
1784844252146,0,0,0,72.59
1784844252146,1,0,0,72.33
1784844252283,0,0,0,72.58
1784844252283,1,0,0,72.45
1784844252421,0,0,0,72.57
1784844252421,1,0,0,72.33
1784844252557,0,0,0,72.57
1784844252557,1,0,0,72.34
1784844252693,0,0,0,72.57
1784844252693,1,0,0,72.49
1784844252829,0,0,0,72.57
1784844252829,1,0,0,72.38
1784844252966,0,0,0,72.54
1784844252966,1,0,0,72.31
1784844253102,0,0,0,72.51
1784844253102,1,0,0,72.43
1784844253238,0,0,0,72.54
1784844253238,1,0,0,72.45
1784844253374,0,0,0,72.54
1784844253374,1,0,0,72.32
1784844253509,0,0,0,72.51
1784844253509,1,0,0,72.39
1784844253645,0,0,0,72.47
1784844253645,1,0,0,72.48
1784844253780,0,0,0,72.48
1784844253780,1,0,0,72.32
1784844253917,0,0,0,72.49
1784844253917,1,0,0,72.32
1784844254053,0,0,0,72.51
1784844254053,1,0,0,72.45
1784844254190,0,0,0,72.51
1784844254190,1,0,0,72.34
1784844254327,0,0,0,72.50
1784844254327,1,0,0,72.31
1784844254465,0,0,0,72.49
1784844254465,1,0,0,72.44
1784844254602,0,0,0,72.48
1784844254602,1,0,0,72.41
1784844254739,0,0,0,72.53
1784844254739,1,0,0,72.32
1784844254876,0,0,0,72.53
1784844254876,1,0,0,72.40
1784844255012,0,0,0,72.53
1784844255012,1,0,0,72.46
1784844255149,0,0,0,72.50
1784844255149,1,0,0,72.36
1784844255285,0,0,0,72.50
1784844255285,1,0,0,72.31
1784844255421,0,0,0,72.50
1784844255421,1,0,0,72.45
1784844255558,0,0,0,72.49
1784844255558,1,0,0,72.31
1784844255695,0,0,0,72.48
1784844255695,1,0,0,72.30
1784844255831,0,0,0,72.50
1784844255831,1,0,0,72.39
1784844255968,0,0,0,72.50
1784844255968,1,0,0,72.36
1784844256105,0,0,0,72.52
1784844256105,1,0,0,72.31
1784844256243,0,0,0,72.55
1784844256243,1,0,0,72.34
1784844256380,0,0,0,72.56
1784844256380,1,0,0,72.43
1784844256517,0,0,0,72.56
1784844256517,1,0,0,72.34
1784844256654,0,0,0,72.55
1784844256654,1,0,0,72.34
1784844256790,0,0,0,72.55
1784844256790,1,0,0,72.45
1784844256926,0,0,0,72.56
1784844256926,1,0,0,72.35
1784844257061,0,0,0,72.55
1784844257061,1,0,0,72.30
1784844257197,0,0,0,72.57
1784844257197,1,0,0,72.43
1784844257334,0,0,0,72.55
1784844257334,1,0,0,72.42
1784844257470,0,0,0,72.57
1784844257470,1,0,0,72.31
1784844257605,0,0,0,72.58
1784844257605,1,0,0,72.38
1784844257742,0,0,0,72.57
1784844257742,1,0,0,72.48
1784844257879,0,0,0,72.57
1784844257879,1,0,0,72.36
1784844258015,0,0,0,72.55
1784844258015,1,0,0,72.35
1784844258151,0,0,0,72.53
1784844258151,1,0,0,72.48
1784844258287,0,0,0,72.54
1784844258287,1,0,0,72.40
1784844258423,0,0,0,72.57
1784844258423,1,0,0,72.36
1784844258559,0,0,0,72.57
1784844258559,1,0,0,72.54
1784844258697,0,0,0,72.57
1784844258697,1,0,0,72.45
1784844258832,0,0,0,72.58
1784844258832,1,0,0,72.37
1784844258969,0,0,0,72.58
1784844258969,1,0,0,72.52
1784844259104,0,0,0,72.59
1784844259104,1,0,0,72.49
1784844259240,0,0,0,72.58
1784844259240,1,0,0,72.39
1784844259376,0,0,0,72.58
1784844259376,1,0,0,72.39
1784844259512,0,0,0,72.50
1784844259512,1,0,0,72.50
1784844259649,0,0,0,72.49
1784844259649,1,0,0,72.36
1784844259786,0,0,0,72.48
1784844259786,1,0,0,72.31
1784844259922,0,0,0,72.49
1784844259922,1,0,0,72.39
1784844260057,0,0,0,72.48
1784844260057,1,0,0,72.30
1784844260195,0,0,0,72.47
1784844260195,1,0,0,72.26
1784844260332,0,0,0,72.46
1784844260332,1,0,0,72.31
1784844260469,0,0,0,72.47
1784844260469,1,0,0,72.33
1784844260606,0,0,0,72.50
1784844260606,1,0,0,72.28
1784844260742,0,0,0,72.51
1784844260742,1,0,0,72.26
1784844260880,0,0,0,72.50
1784844260880,1,0,0,72.43
1784844261017,0,0,0,72.50
1784844261017,1,0,0,72.35
1784844261153,0,0,0,72.49
1784844261153,1,0,0,72.30
1784844261290,0,0,0,72.50
1784844261290,1,0,0,72.46
1784844261427,0,0,0,72.51
1784844261427,1,0,0,72.41
1784844261563,0,0,0,72.51
1784844261563,1,0,0,72.31
1784844261700,0,0,0,72.48
1784844261700,1,0,0,72.42
1784844261836,0,0,0,72.52
1784844261836,1,0,0,72.48
1784844261972,0,0,0,72.51
1784844261972,1,0,0,72.31
1784844262109,0,0,0,72.54
1784844262109,1,0,0,72.35
1784844262245,0,0,0,72.53
1784844262245,1,0,0,72.48
1784844262382,0,0,0,72.54
1784844262382,1,0,0,72.36
1784844262519,0,0,0,72.52
1784844262519,1,0,0,72.35
1784844262656,0,0,0,72.52
1784844262656,1,0,0,72.43
1784844262792,0,0,0,72.53
1784844262792,1,0,0,72.38
1784844262929,0,0,0,72.52
1784844262929,1,0,0,72.35
1784844263065,0,0,0,72.56
1784844263065,1,0,0,72.48
1784844263202,0,0,0,72.55
1784844263202,1,0,0,72.45
1784844263339,0,0,0,72.55
1784844263339,1,0,0,72.37
1784844263476,0,0,0,72.57
1784844263476,1,0,0,72.40
1784844263613,0,0,0,72.58
1784844263613,1,0,0,72.50
1784844263750,0,0,0,72.57
1784844263750,1,0,0,72.39
1784844263887,0,0,0,72.55
1784844263887,1,0,0,72.35
1784844264023,0,0,0,72.55
1784844264023,1,0,0,72.47
1784844264160,0,0,0,72.54
1784844264160,1,0,0,72.35
1784844264296,0,0,0,72.56
1784844264296,1,0,0,72.32
1784844264433,0,0,0,72.53
1784844264433,1,0,0,72.40
1784844264570,0,0,0,72.52
1784844264570,1,0,0,72.40
1784844264706,0,0,0,72.51
1784844264706,1,0,0,72.35
1784844264843,0,0,0,72.52
1784844264843,1,0,0,72.36
1784844264979,0,0,0,72.54
1784844264979,1,0,0,72.47
1784844265116,0,0,0,72.53
1784844265116,1,0,0,72.36
1784844265251,0,0,0,72.53
1784844265251,1,0,0,72.34
1784844265387,0,0,0,72.52
1784844265387,1,0,0,72.51
1784844265524,0,0,0,72.52
1784844265524,1,0,0,72.40
1784844265661,0,0,0,72.52
1784844265661,1,0,0,72.37
1784844265797,0,0,0,72.52
1784844265797,1,0,0,72.48
1784844265934,0,0,0,72.52
1784844265934,1,0,0,72.49
1784844266069,0,0,0,72.49
1784844266069,1,0,0,72.34
1784844266206,0,0,0,72.51
1784844266206,1,0,0,72.41
1784844266343,0,0,0,72.49
1784844266343,1,0,0,72.48
1784844266479,0,0,0,72.51
1784844266479,1,0,0,72.32
1784844266616,0,0,0,72.51
1784844266616,1,0,0,72.31
1784844266753,0,0,0,72.51
1784844266753,1,0,0,72.43
1784844266890,0,0,0,72.52
1784844266890,1,0,0,72.32
1784844267026,0,0,0,72.51
1784844267026,1,0,0,72.28
1784844267161,0,0,0,72.49
1784844267161,1,0,0,72.45
1784844267298,0,0,0,72.48
1784844267298,1,0,0,72.35
1784844267435,0,0,0,72.50
1784844267435,1,0,0,72.30
1784844267572,0,0,0,72.49
1784844267572,1,0,0,72.42
1784844267708,0,0,0,72.49
1784844267708,1,0,0,72.43
1784844267844,0,0,0,72.50
1784844267844,1,0,0,72.31
1784844267980,0,0,0,72.50
1784844267980,1,0,0,72.34
1784844268116,0,0,0,72.54
1784844268116,1,0,0,72.44
1784844268252,0,0,0,72.53
1784844268252,1,0,0,72.38
1784844268388,0,0,0,72.52
1784844268388,1,0,0,72.31
1784844268524,0,0,0,72.51
1784844268524,1,0,0,72.41
1784844268661,0,0,0,72.51
1784844268661,1,0,0,72.34
1784844268798,0,0,0,72.51
1784844268798,1,0,0,72.32
1784844268934,0,0,0,72.51
1784844268934,1,0,0,72.36
1784844269070,0,0,0,72.51
1784844269070,1,0,0,72.42
1784844269207,0,0,0,72.49
1784844269207,1,0,0,72.33
1784844269344,0,0,0,72.54
1784844269344,1,0,0,72.31
1784844269480,0,0,0,72.54
1784844269480,1,0,0,72.48
1784844269615,0,0,0,72.55
1784844269615,1,0,0,72.36
1784844269764,0,0,0,72.55
1784844269764,1,0,0,72.36
1784844269900,0,0,0,72.55
1784844269900,1,0,0,72.50
1784844270037,0,0,0,72.53
1784844270037,1,0,0,72.41
1784844270173,0,0,0,72.55
1784844270173,1,0,0,72.32
1784844270309,0,0,0,72.54
1784844270309,1,0,0,72.44
1784844270445,0,0,0,72.53
1784844270445,1,0,0,72.51
1784844270581,0,0,0,72.54
1784844270581,1,0,0,72.34
1784844270718,0,0,0,72.50
1784844270718,1,0,0,72.38
1784844270854,0,0,0,72.51
1784844270854,1,0,0,72.49
1784844270991,0,0,0,72.53
1784844270991,1,0,0,72.34
1784844271126,0,0,0,72.51
1784844271126,1,0,0,72.33
1784844271262,0,0,0,72.51
1784844271262,1,0,0,72.47
1784844271399,0,0,0,72.51
1784844271399,1,0,0,72.33
1784844271534,0,0,0,72.46
1784844271534,1,0,0,72.29
1784844271671,0,0,0,72.46
1784844271671,1,0,0,72.41
1784844271807,0,0,0,72.46
1784844271807,1,0,0,72.38
1784844271943,0,0,0,72.41
1784844271943,1,0,0,72.28
1784844272080,0,0,0,72.42
1784844272080,1,0,0,72.33
1784844272217,0,0,0,72.43
1784844272217,1,0,0,72.41
1784844272354,0,0,0,72.45
1784844272354,1,0,0,72.31
1784844272491,0,0,0,72.47
1784844272491,1,0,0,72.27
1784844272629,0,0,0,72.49
1784844272629,1,0,0,72.41
1784844272766,0,0,0,72.49
1784844272766,1,0,0,72.30
1784844272903,0,0,0,72.49
1784844272903,1,0,0,72.27
1784844273039,0,0,0,72.49
1784844273039,1,0,0,72.35
1784844273176,0,0,0,72.47
1784844273176,1,0,0,72.34
1784844273312,0,0,0,72.49
1784844273312,1,0,0,72.28
1784844273449,0,0,0,72.47
1784844273449,1,0,0,72.28
1784844273585,0,0,0,72.48
1784844273585,1,0,0,72.37
1784844273721,0,0,0,72.49
1784844273721,1,0,0,72.30
1784844273856,0,0,0,72.49
1784844273856,1,0,0,72.28
1784844273992,0,0,0,72.53
1784844273992,1,0,0,72.42
1784844274128,0,0,0,72.49
1784844274128,1,0,0,72.34
1784844274265,0,0,0,72.46
1784844274265,1,0,0,72.29
1784844274402,0,0,0,72.46
1784844274402,1,0,0,72.41
1784844274539,0,0,0,72.46
1784844274539,1,0,0,72.45
1784844274675,0,0,0,72.46
1784844274675,1,0,0,72.30
1784844274811,0,0,0,72.44
1784844274811,1,0,0,72.34
1784844274949,0,0,0,72.44
1784844274949,1,0,0,72.47
1784844275085,0,0,0,72.44
1784844275085,1,0,0,72.31
1784844275221,0,0,0,72.50
1784844275221,1,0,0,72.31
1784844275359,0,0,0,72.49
1784844275359,1,0,0,72.43
1784844275495,0,0,0,72.49
1784844275495,1,0,0,72.35
1784844275632,0,0,0,72.48
1784844275632,1,0,0,72.32
1784844275769,0,0,0,72.50
1784844275769,1,0,0,72.47
1784844275905,0,0,0,72.51
1784844275905,1,0,0,72.39
1784844276041,0,0,0,72.51
1784844276041,1,0,0,72.30
1784844276178,0,0,0,72.51
1784844276178,1,0,0,72.42
1784844276315,0,0,0,72.52
1784844276315,1,0,0,72.45
1784844276452,0,0,0,72.52
1784844276452,1,0,0,72.35
1784844276588,0,0,0,72.50
1784844276588,1,0,0,72.32
1784844276725,0,0,0,72.49
1784844276725,1,0,0,72.44
1784844276861,0,0,0,72.49
1784844276861,1,0,0,72.38
1784844276996,0,0,0,72.48
1784844276996,1,0,0,72.32
1784844277133,0,0,0,72.46
1784844277133,1,0,0,72.39
1784844277270,0,0,0,72.45
1784844277270,1,0,0,72.34
1784844277406,0,0,0,72.45
1784844277406,1,0,0,72.29
1784844277542,0,0,0,72.46
1784844277542,1,0,0,72.33
1784844277678,0,0,0,72.46
1784844277678,1,0,0,72.39
1784844277814,0,0,0,72.43
1784844277814,1,0,0,72.31
1784844277952,0,0,0,72.43
1784844277952,1,0,0,72.30
1784844278089,0,0,0,72.43
1784844278089,1,0,0,72.44
1784844278226,0,0,0,72.41
1784844278226,1,0,0,72.34
1784844278363,0,0,0,72.43
1784844278363,1,0,0,72.30
1784844278500,0,0,0,72.40
1784844278500,1,0,0,72.41
1784844278638,0,0,0,72.41
1784844278638,1,0,0,72.43
1784844278774,0,0,0,72.42
1784844278774,1,0,0,72.31
1784844278910,0,0,0,72.44
1784844278910,1,0,0,72.36
1784844279047,0,0,0,72.45
1784844279047,1,0,0,72.47
1784844279183,0,0,0,72.45
1784844279183,1,0,0,72.32
1784844279320,0,0,0,72.46
1784844279320,1,0,0,72.32
1784844279455,0,0,0,72.48
1784844279455,1,0,0,72.45
1784844279591,0,0,0,72.50
1784844279591,1,0,0,72.37
1784844279726,0,0,0,72.49
1784844279726,1,0,0,72.36
1784844279863,0,0,0,72.49
1784844279863,1,0,0,72.40
1784844279999,0,0,0,72.50
1784844279999,1,0,0,72.44
1784844280136,0,0,0,72.47
1784844280136,1,0,0,72.36
1784844280272,0,0,0,72.45
1784844280272,1,0,0,72.47
1784844280408,0,0,0,72.46
1784844280408,1,0,0,72.49
1784844280545,0,0,0,72.45
1784844280545,1,0,0,72.36
1784844280681,0,0,0,72.45
1784844280681,1,0,0,72.36
1784844280818,0,0,0,72.46
1784844280818,1,0,0,72.48
1784844280955,0,0,0,72.44
1784844280955,1,0,0,72.41
1784844281091,0,0,0,72.47
1784844281091,1,0,0,72.33
1784844281228,0,0,0,72.48
1784844281228,1,0,0,72.42
1784844281364,0,0,0,72.48
1784844281364,1,0,0,72.49
1784844281501,0,0,0,72.49
1784844281501,1,0,0,72.35
1784844281635,0,0,0,72.47
1784844281635,1,0,0,72.37
1784844281772,0,0,0,72.49
1784844281772,1,0,0,72.46
1784844281908,0,0,0,72.47
1784844281908,1,0,0,72.37
1784844282044,0,0,0,72.50
1784844282044,1,0,0,72.36
1784844282181,0,0,0,72.48
1784844282181,1,0,0,72.50
1784844282317,0,0,0,72.50
1784844282317,1,0,0,72.38
1784844282454,0,0,0,72.48
1784844282454,1,0,0,72.34
1784844282590,0,0,0,72.48
1784844282590,1,0,0,72.50
1784844282726,0,0,0,72.47
1784844282726,1,0,0,72.45
1784844282862,0,0,0,72.46
1784844282862,1,0,0,72.36
1784844282998,0,0,0,72.46
1784844282998,1,0,0,72.40
1784844283134,0,0,0,72.46
1784844283134,1,0,0,72.46
1784844283271,0,0,0,72.46
1784844283271,1,0,0,72.31
1784844283406,0,0,0,72.46
1784844283406,1,0,0,72.32
1784844283542,0,0,0,72.48
1784844283542,1,0,0,72.44
1784844283678,0,0,0,72.47
1784844283678,1,0,0,72.30
1784844283814,0,0,0,72.46
1784844283814,1,0,0,72.28
1784844283950,0,0,0,72.49
1784844283950,1,0,0,72.34
1784844284086,0,0,0,72.49
1784844284086,1,0,0,72.35
1784844284223,0,0,0,72.50
1784844284223,1,0,0,72.31
1784844284361,0,0,0,72.47
1784844284361,1,0,0,72.33
1784844284497,0,0,0,72.47
1784844284497,1,0,0,72.42
1784844284633,0,0,0,72.46
1784844284633,1,0,0,72.33
1784844284770,0,0,0,72.46
1784844284770,1,0,0,72.31
1784844284906,0,0,0,72.46
1784844284906,1,0,0,72.43
1784844285049,0,0,0,72.40
1784844285049,1,0,0,72.31
1784844285186,0,0,0,72.39
1784844285186,1,0,0,72.24
1784844285323,0,0,0,72.38
1784844285323,1,0,0,72.34
1784844285459,0,0,0,72.40
1784844285459,1,0,0,72.38
1784844285594,0,0,0,72.41
1784844285594,1,0,0,72.22
1784844285730,0,0,0,72.40
1784844285730,1,0,0,72.27
1784844285867,0,0,0,72.41
1784844285867,1,0,0,72.42
1784844286004,0,0,0,72.40
1784844286004,1,0,0,72.29
1784844286141,0,0,0,72.43
1784844286141,1,0,0,72.31
1784844286278,0,0,0,72.42
1784844286278,1,0,0,72.44
1784844286414,0,0,0,72.44
1784844286414,1,0,0,72.36
1784844286551,0,0,0,72.44
1784844286551,1,0,0,72.35
1784844286687,0,0,0,72.45
1784844286687,1,0,0,72.49
1784844286824,0,0,0,72.47
1784844286824,1,0,0,72.45
1784844286960,0,0,0,72.50
1784844286960,1,0,0,72.37
1784844287097,0,0,0,72.52
1784844287097,1,0,0,72.45
1784844287234,0,0,0,72.51
1784844287234,1,0,0,72.53
1784844287371,0,0,0,72.51
1784844287371,1,0,0,72.37
1784844287507,0,0,0,72.51
1784844287507,1,0,0,72.38
1784844287643,0,0,0,72.51
1784844287643,1,0,0,72.52
1784844287780,0,0,0,72.52
1784844287780,1,0,0,72.39
1784844287916,0,0,0,72.53
1784844287916,1,0,0,72.37
1784844288052,0,0,0,72.50
1784844288052,1,0,0,72.45
1784844288188,0,0,0,72.53
1784844288188,1,0,0,72.40
1784844288325,0,0,0,72.52
1784844288325,1,0,0,72.34
1784844288460,0,0,0,72.53
1784844288460,1,0,0,72.37
1784844288597,0,0,0,72.53
1784844288597,1,0,0,72.46
1784844288733,0,0,0,72.50
1784844288733,1,0,0,72.34
1784844288871,0,0,0,72.49
1784844288871,1,0,0,72.39
1784844289007,0,0,0,72.49
1784844289007,1,0,0,72.45
1784844289142,0,0,0,72.51
1784844289142,1,0,0,72.38
1784844289277,0,0,0,72.50
1784844289277,1,0,0,72.33
1784844289413,0,0,0,72.51
1784844289413,1,0,0,72.43
1784844289550,0,0,0,72.50
1784844289550,1,0,0,72.42
1784844289685,0,0,0,72.52
1784844289685,1,0,0,72.35
1784844289822,0,0,0,72.53
1784844289822,1,0,0,72.41
1784844289959,0,0,0,72.54
1784844289959,1,0,0,72.53
1784844290094,0,0,0,72.55
1784844290094,1,0,0,72.41
1784844290231,0,0,0,72.51
1784844290231,1,0,0,72.43
1784844290367,0,0,0,72.51
1784844290367,1,0,0,72.57
1784844290503,0,0,0,72.53
1784844290503,1,0,0,72.51
1784844290639,0,0,0,72.50
1784844290639,1,0,0,72.50
1784844290776,0,0,0,72.48
1784844290776,1,0,0,72.65
1784844290912,0,0,0,72.48
1784844290912,1,0,0,72.56
1784844291048,0,0,0,72.46
1784844291048,1,0,0,72.50
1784844291185,0,0,0,72.47
1784844291185,1,0,0,72.59
1784844291322,0,0,0,72.51
1784844291322,1,0,0,72.61
1784844291458,0,0,0,72.50
1784844291458,1,0,0,72.53
1784844291595,0,0,0,72.52
1784844291595,1,0,0,72.50
1784844291730,0,0,0,72.54
1784844291730,1,0,0,72.62
1784844291867,0,0,0,72.56
1784844291867,1,0,0,72.56
1784844292005,0,0,0,72.57
1784844292005,1,0,0,72.46
1784844292142,0,0,0,72.55
1784844292142,1,0,0,72.52
1784844292278,0,0,0,72.55
1784844292278,1,0,0,72.49
1784844292414,0,0,0,72.55
1784844292414,1,0,0,72.43
1784844292550,0,0,0,72.58
1784844292550,1,0,0,72.43
1784844292686,0,0,0,72.55
1784844292686,1,0,0,72.52
1784844292822,0,0,0,72.58
1784844292822,1,0,0,72.42
1784844292959,0,0,0,72.57
1784844292959,1,0,0,72.40
1784844293096,0,0,0,72.59
1784844293096,1,0,0,72.62
1784844293232,0,0,0,72.59
1784844293232,1,0,0,72.52
1784844293369,0,0,0,72.59
1784844293369,1,0,0,72.48
1784844293505,0,0,0,72.57
1784844293505,1,0,0,72.68
1784844293642,0,0,0,72.58
1784844293642,1,0,0,72.67
1784844293779,0,0,0,72.59
1784844293779,1,0,0,72.60
1784844293916,0,0,0,72.58
1784844293916,1,0,0,72.68
1784844294052,0,0,0,72.59
1784844294052,1,0,0,72.78
1784844294188,0,0,0,72.60
1784844294188,1,0,0,72.61
1784844294325,0,0,0,72.61
1784844294325,1,0,0,72.61
1784844294461,0,0,0,72.62
1784844294461,1,0,0,72.74
1784844294597,0,0,0,72.61
1784844294597,1,0,0,72.63
1784844294734,0,0,0,72.60
1784844294734,1,0,0,72.62
1784844294870,0,0,0,72.60
1784844294870,1,0,0,72.67
1784844295006,0,0,0,72.60
1784844295006,1,0,0,72.64
1784844295143,0,0,0,72.59
1784844295143,1,0,0,72.57
1784844295280,0,0,0,72.58
1784844295280,1,0,0,72.68
1784844295417,0,0,0,72.58
1784844295417,1,0,0,72.68
1784844295553,0,0,0,72.57
1784844295553,1,0,0,72.58
1784844295689,0,0,0,72.59
1784844295689,1,0,0,72.56
1784844295826,0,0,0,72.58
1784844295826,1,0,0,72.66
1784844295962,0,0,0,72.58
1784844295962,1,0,0,72.56
1784844296098,0,0,0,72.59
1784844296098,1,0,0,72.49
1784844296235,0,0,0,72.61
1784844296235,1,0,0,72.58
1784844296372,0,0,0,72.61
1784844296372,1,0,0,72.59
1784844296508,0,0,0,72.62
1784844296508,1,0,0,72.39
1784844296645,0,0,0,72.61
1784844296645,1,0,0,72.41
1784844296782,0,0,0,72.62
1784844296782,1,0,0,72.42
1784844296919,0,0,0,72.61
1784844296919,1,0,0,72.36
1784844297054,0,0,0,72.60
1784844297054,1,0,0,72.35
1784844297190,0,0,0,72.61
1784844297190,1,0,0,72.49
1784844297327,0,0,0,72.62
1784844297327,1,0,0,72.44
1784844297464,0,0,0,72.65
1784844297464,1,0,0,72.39
1784844297601,0,0,0,72.67
1784844297601,1,0,0,72.53
1784844297737,0,0,0,72.68
1784844297737,1,0,0,72.51
1784844297876,0,0,0,72.69
1784844297876,1,0,0,72.43
1784844298012,0,0,0,72.69
1784844298012,1,0,0,72.48
1784844298149,0,0,0,72.70
1784844298149,1,0,0,72.57
1784844298286,0,0,0,72.67
1784844298286,1,0,0,72.42
1784844298424,0,0,0,72.65
1784844298424,1,0,0,72.42
1784844298561,0,0,0,72.63
1784844298561,1,0,0,72.57
1784844298698,0,0,0,72.64
1784844298698,1,0,0,72.44
1784844298836,0,0,0,72.64
1784844298836,1,0,0,72.41
1784844298972,0,0,0,72.63
1784844298972,1,0,0,72.47
1784844299108,0,0,0,72.64
1784844299108,1,0,0,72.48
1784844299244,0,0,0,72.65
1784844299244,1,0,0,72.42
1784844299381,0,0,0,72.65
1784844299381,1,0,0,72.56
1784844299518,0,0,0,72.66
1784844299518,1,0,0,72.57
1784844299655,0,0,0,72.66
1784844299655,1,0,0,72.48
1784844299790,0,0,0,72.68
1784844299790,1,0,0,72.55
1784844299926,0,0,0,72.70
1784844299926,1,0,0,72.66
1784844300062,0,0,0,72.70
1784844300062,1,0,0,72.57
1784844300199,0,0,0,72.69
1784844300199,1,0,0,72.49
1784844300336,0,0,0,72.71
1784844300336,1,0,0,72.58
1784844300472,0,0,0,72.71
1784844300472,1,0,0,72.56
1784844300609,0,0,0,72.71
1784844300609,1,0,0,72.43
1784844300745,0,0,0,72.71
1784844300745,1,0,0,72.46
1784844300882,0,0,0,72.72
1784844300882,1,0,0,72.47
1784844301018,0,0,0,72.72
1784844301018,1,0,0,72.39
1784844301161,0,0,0,72.70
1784844301161,1,0,0,72.38
1784844301298,0,0,0,72.69
1784844301298,1,0,0,72.52
1784844301435,0,0,0,72.69
1784844301435,1,0,0,72.42
1784844301571,0,0,0,72.68
1784844301571,1,0,0,72.39
1784844301708,0,0,0,72.68
1784844301708,1,0,0,72.54
1784844301845,0,0,0,72.68
1784844301845,1,0,0,72.51
1784844301982,0,0,0,72.68
1784844301982,1,0,0,72.44
1784844302118,0,0,0,72.68
1784844302118,1,0,0,72.55
1784844302254,0,0,0,72.69
1784844302254,1,0,0,72.58
1784844302391,0,0,0,72.68
1784844302391,1,0,0,72.45
1784844302527,0,0,0,72.68
1784844302527,1,0,0,72.48
1784844302664,0,0,0,72.68
1784844302664,1,0,0,72.61
1784844302800,0,0,0,72.67
1784844302800,1,0,0,72.48
1784844302936,0,0,0,72.66
1784844302936,1,0,0,72.47
1784844303073,0,0,0,72.67
1784844303073,1,0,0,72.54
1784844303209,0,0,0,72.67
1784844303209,1,0,0,72.52
1784844303346,0,0,0,72.68
1784844303346,1,0,0,72.49
1784844303482,0,0,0,72.69
1784844303482,1,0,0,72.62
1784844303619,0,0,0,72.69
1784844303619,1,0,0,72.59
1784844303755,0,0,0,72.71
1784844303755,1,0,0,72.50
1784844303892,0,0,0,72.71
1784844303892,1,0,0,72.55
1784844304027,0,0,0,72.72
1784844304027,1,0,0,72.65
1784844304164,0,0,0,72.72
1784844304164,1,0,0,72.56
1784844304301,0,0,0,72.74
1784844304301,1,0,0,72.49
1784844304438,0,0,0,72.74
1784844304438,1,0,0,72.63
1784844304574,0,0,0,72.75
1784844304574,1,0,0,72.62
1784844304710,0,0,0,72.76
1784844304710,1,0,0,72.49
1784844304847,0,0,0,72.76
1784844304847,1,0,0,72.54
1784844304984,0,0,0,72.76
1784844304984,1,0,0,72.56
1784844305120,0,0,0,72.76
1784844305120,1,0,0,72.48
1784844305257,0,0,0,72.77
1784844305257,1,0,0,72.47
1784844305397,0,0,0,72.78
1784844305397,1,0,0,72.63
1784844305534,0,0,0,72.78
1784844305534,1,0,0,72.50
1784844305670,0,0,0,72.75
1784844305670,1,0,0,72.48
1784844305806,0,0,0,72.77
1784844305806,1,0,0,72.62
1784844305942,0,0,0,72.81
1784844305942,1,0,0,72.55
1784844306079,0,0,0,72.81
1784844306079,1,0,0,72.48
1784844306216,0,0,0,72.83
1784844306216,1,0,0,72.57
1784844306353,0,0,0,72.83
1784844306353,1,0,0,72.59
1784844306490,0,0,0,72.83
1784844306490,1,0,0,72.43
1784844306627,0,0,0,72.83
1784844306627,1,0,0,72.46
1784844306764,0,0,0,72.83
1784844306764,1,0,0,72.59
1784844306901,0,0,0,72.84
1784844306901,1,0,0,72.44
1784844307037,0,0,0,72.84
1784844307037,1,0,0,72.45
1784844307174,0,0,0,72.82
1784844307174,1,0,0,72.54
1784844307310,0,0,0,72.79
1784844307310,1,0,0,72.50
1784844307446,0,0,0,72.80
1784844307446,1,0,0,72.46
1784844307581,0,0,0,72.79
1784844307581,1,0,0,72.61
1784844307716,0,0,0,72.78
1784844307716,1,0,0,72.54
1784844307852,0,0,0,72.79
1784844307852,1,0,0,72.46
1784844307988,0,0,0,72.78
1784844307988,1,0,0,72.54
1784844308126,0,0,0,72.80
1784844308126,1,0,0,72.60
1784844308262,0,0,0,72.79
1784844308262,1,0,0,72.49
1784844308398,0,0,0,72.80
1784844308398,1,0,0,72.46
1784844308533,0,0,0,72.79
1784844308533,1,0,0,72.59
1784844308669,0,0,0,72.79
1784844308669,1,0,0,72.54
1784844308805,0,0,0,72.80
1784844308805,1,0,0,72.47
1784844308941,0,0,0,72.80
1784844308941,1,0,0,72.58
1784844309077,0,0,0,72.78
1784844309077,1,0,0,72.62
1784844309213,0,0,0,72.77
1784844309213,1,0,0,72.48
1784844309350,0,0,0,72.81
1784844309350,1,0,0,72.51
1784844309486,0,0,0,72.81
1784844309486,1,0,0,72.59
1784844309622,0,0,0,72.81
1784844309622,1,0,0,72.51
1784844309758,0,0,0,72.83
1784844309758,1,0,0,72.49
1784844309894,0,0,0,72.83
1784844309894,1,0,0,72.65
1784844310031,0,0,0,72.82
1784844310031,1,0,0,72.54
1784844310168,0,0,0,72.84
1784844310168,1,0,0,72.50
1784844310305,0,0,0,72.86
1784844310305,1,0,0,72.67
1784844310442,0,0,0,72.86
1784844310442,1,0,0,72.63
1784844310579,0,0,0,72.88
1784844310579,1,0,0,72.52
1784844310716,0,0,0,72.90
1784844310716,1,0,0,72.64
1784844310852,0,0,0,72.92
1784844310852,1,0,0,72.72
1784844310988,0,0,0,72.93
1784844310988,1,0,0,72.54
1784844311125,0,0,0,72.93
1784844311125,1,0,0,72.57
1784844311262,0,0,0,72.93
1784844311262,1,0,0,72.72
1784844311399,0,0,0,72.93
1784844311399,1,0,0,72.55
1784844311536,0,0,0,72.93
1784844311536,1,0,0,72.54
1784844311673,0,0,0,72.90
1784844311673,1,0,0,72.61
1784844311809,0,0,0,72.91
1784844311809,1,0,0,72.58
1784844311946,0,0,0,72.90
1784844311946,1,0,0,72.54
1784844312083,0,0,0,72.91
1784844312083,1,0,0,72.66
1784844312220,0,0,0,72.91
1784844312220,1,0,0,72.62
1784844312357,0,0,0,72.90
1784844312357,1,0,0,72.54
1784844312493,0,0,0,72.90
1784844312493,1,0,0,72.58
1784844312629,0,0,0,72.90
1784844312629,1,0,0,72.67
1784844312765,0,0,0,72.91
1784844312765,1,0,0,72.55
1784844312901,0,0,0,72.89
1784844312901,1,0,0,72.49
1784844313037,0,0,0,72.90
1784844313037,1,0,0,72.62
1784844313174,0,0,0,72.90
1784844313174,1,0,0,72.64
1784844313309,0,0,0,72.90
1784844313309,1,0,0,72.50
1784844313446,0,0,0,72.92
1784844313446,1,0,0,72.59
1784844313582,0,0,0,72.90
1784844313582,1,0,0,72.58
1784844313720,0,0,0,72.89
1784844313720,1,0,0,72.54
1784844313857,0,0,0,72.88
1784844313857,1,0,0,72.55
1784844313993,0,0,0,72.88
1784844313993,1,0,0,72.65
1784844314130,0,0,0,72.87
1784844314130,1,0,0,72.57
1784844314266,0,0,0,72.86
1784844314266,1,0,0,72.53
1784844314404,0,0,0,72.85
1784844314404,1,0,0,72.68
1784844314539,0,0,0,72.86
1784844314539,1,0,0,72.59
1784844314676,0,0,0,72.86
1784844314676,1,0,0,72.53
1784844314812,0,0,0,72.86
1784844314812,1,0,0,72.63
1784844314947,0,0,0,72.88
1784844314947,1,0,0,72.64
1784844315084,0,0,0,72.88
1784844315084,1,0,0,72.51
1784844315220,0,0,0,72.91
1784844315220,1,0,0,72.57
1784844315357,0,0,0,72.93
1784844315357,1,0,0,72.69
1784844315493,0,0,0,72.92
1784844315493,1,0,0,72.56
1784844315632,0,0,0,72.92
1784844315632,1,0,0,72.55
1784844315771,0,0,0,72.92
1784844315771,1,0,0,72.66
1784844315908,0,0,0,72.92
1784844315908,1,0,0,72.61
1784844316043,0,0,0,72.90
1784844316043,1,0,0,72.58
1784844316178,0,0,0,72.89
1784844316178,1,0,0,72.61
1784844316314,0,0,0,72.88
1784844316314,1,0,0,72.68
1784844316450,0,0,0,72.90
1784844316450,1,0,0,72.59
1784844316587,0,0,0,72.89
1784844316587,1,0,0,72.69
1784844316723,0,0,0,72.91
1784844316723,1,0,0,72.73
1784844316859,0,0,0,72.93
1784844316859,1,0,0,72.61
1784844316995,0,0,0,72.92
1784844316995,1,0,0,72.59
1784844317131,0,0,0,72.91
1784844317131,1,0,0,72.71
1784844317267,0,0,0,72.90
1784844317267,1,0,0,72.65
1784844317403,0,0,0,72.91
1784844317403,1,0,0,72.52
1784844317539,0,0,0,72.87
1784844317539,1,0,0,72.61
1784844317676,0,0,0,72.88
1784844317676,1,0,0,72.69
1784844317812,0,0,0,72.86
1784844317812,1,0,0,72.51
1784844317948,0,0,0,72.88
1784844317948,1,0,0,72.52
1784844318084,0,0,0,72.89
1784844318084,1,0,0,72.58
1784844318220,0,0,0,72.89
1784844318220,1,0,0,72.49
1784844318357,0,0,0,72.90
1784844318357,1,0,0,72.47
1784844318493,0,0,0,72.89
1784844318493,1,0,0,72.63
1784844318629,0,0,0,72.90
1784844318629,1,0,0,72.53
1784844318765,0,0,0,72.90
1784844318765,1,0,0,72.47
1784844318901,0,0,0,72.90
1784844318901,1,0,0,72.59
1784844319037,0,0,0,72.87
1784844319037,1,0,0,72.58
1784844319174,0,0,0,72.89
1784844319174,1,0,0,72.51
1784844319311,0,0,0,72.87
1784844319311,1,0,0,72.56
1784844319447,0,0,0,72.86
1784844319447,1,0,0,72.65
1784844319584,0,0,0,72.86
1784844319584,1,0,0,72.47
1784844319719,0,0,0,72.86
1784844319719,1,0,0,72.49
1784844319856,0,0,0,72.84
1784844319856,1,0,0,72.60
1784844319992,0,0,0,72.85
1784844319992,1,0,0,72.49
1784844320127,0,0,0,72.85
1784844320127,1,0,0,72.46
1784844320263,0,0,0,72.84
1784844320263,1,0,0,72.52
1784844320399,0,0,0,72.85
1784844320399,1,0,0,72.55
1784844320536,0,0,0,72.85
1784844320536,1,0,0,72.49
1784844320673,0,0,0,72.82
1784844320673,1,0,0,72.49
1784844320809,0,0,0,72.85
1784844320809,1,0,0,72.61
1784844320946,0,0,0,72.85
1784844320946,1,0,0,72.52
1784844321082,0,0,0,72.87
1784844321082,1,0,0,72.49
1784844321219,0,0,0,72.88
1784844321219,1,0,0,72.64
1784844321355,0,0,0,72.88
1784844321355,1,0,0,72.57
1784844321491,0,0,0,72.89
1784844321491,1,0,0,72.49
1784844321627,0,0,0,72.88
1784844321627,1,0,0,72.60
1784844321763,0,0,0,72.88
1784844321763,1,0,0,72.63
1784844321899,0,0,0,72.87
1784844321899,1,0,0,72.50
1784844322035,0,0,0,72.87
1784844322035,1,0,0,72.54
1784844322172,0,0,0,72.87
1784844322172,1,0,0,72.68
1784844322309,0,0,0,72.89
1784844322309,1,0,0,72.52
1784844322446,0,0,0,72.89
1784844322446,1,0,0,72.51
1784844322582,0,0,0,72.89
1784844322582,1,0,0,72.63
1784844322718,0,0,0,72.92
1784844322718,1,0,0,72.55
1784844322853,0,0,0,72.89
1784844322853,1,0,0,72.51
1784844322990,0,0,0,72.88
1784844322990,1,0,0,72.67
1784844323125,0,0,0,72.87
1784844323125,1,0,0,72.58
1784844323261,0,0,0,72.87
1784844323261,1,0,0,72.51
1784844323398,0,0,0,72.85
1784844323398,1,0,0,72.59
1784844323534,0,0,0,72.85
1784844323534,1,0,0,72.64
1784844323671,0,0,0,72.86
1784844323671,1,0,0,72.51
1784844323807,0,0,0,72.87
1784844323807,1,0,0,72.49
1784844323943,0,0,0,72.89
1784844323943,1,0,0,72.61
1784844324080,0,0,0,72.87
1784844324080,1,0,0,72.55
1784844324216,0,0,0,72.87
1784844324216,1,0,0,72.46
1784844324353,0,0,0,72.85
1784844324353,1,0,0,72.53
1784844324489,0,0,0,72.85
1784844324489,1,0,0,72.48
1784844324626,0,0,0,72.84
1784844324626,1,0,0,72.44
1784844324762,0,0,0,72.83
1784844324762,1,0,0,72.45
1784844324900,0,0,0,72.83
1784844324900,1,0,0,72.55
1784844325036,0,0,0,72.80
1784844325036,1,0,0,72.46
1784844325173,0,0,0,72.83
1784844325173,1,0,0,72.44
1784844325310,0,0,0,72.83
1784844325310,1,0,0,72.59
1784844325446,0,0,0,72.84
1784844325446,1,0,0,72.50
1784844325581,0,0,0,72.82
1784844325581,1,0,0,72.46
1784844325718,0,0,0,72.81
1784844325718,1,0,0,72.58
1784844325854,0,0,0,72.81
1784844325854,1,0,0,72.57
1784844325988,0,0,0,72.80
1784844325988,1,0,0,72.44
1784844326124,0,0,0,72.80
1784844326124,1,0,0,72.50
1784844326261,0,0,0,72.78
1784844326261,1,0,0,72.57
1784844326397,0,0,0,72.80
1784844326397,1,0,0,72.43
1784844326533,0,0,0,72.78
1784844326533,1,0,0,72.46
1784844326670,0,0,0,72.78
1784844326670,1,0,0,72.60
1784844326807,0,0,0,72.78
1784844326807,1,0,0,72.48
1784844326943,0,0,0,72.79
1784844326943,1,0,0,72.44
1784844327079,0,0,0,72.80
1784844327079,1,0,0,72.50
1784844327216,0,0,0,72.79
1784844327216,1,0,0,72.53
1784844327353,0,0,0,72.78
1784844327353,1,0,0,72.45
1784844327490,0,0,0,72.78
1784844327490,1,0,0,72.58
1784844327626,0,0,0,72.78
1784844327626,1,0,0,72.55
1784844327763,0,0,0,72.76
1784844327763,1,0,0,72.45
1784844327899,0,0,0,72.77
1784844327899,1,0,0,72.48
1784844328035,0,0,0,72.76
1784844328035,1,0,0,72.61
1784844328172,0,0,0,72.76
1784844328172,1,0,0,72.51
1784844328310,0,0,0,72.79
1784844328310,1,0,0,72.46
1784844328446,0,0,0,72.80
1784844328446,1,0,0,72.57
1784844328583,0,0,0,72.81
1784844328583,1,0,0,72.60
1784844328719,0,0,0,72.80
1784844328719,1,0,0,72.44
1784844328855,0,0,0,72.82
1784844328855,1,0,0,72.49
1784844328991,0,0,0,72.81
1784844328991,1,0,0,72.53
1784844329128,0,0,0,72.81
1784844329128,1,0,0,72.44
1784844329264,0,0,0,72.82
1784844329264,1,0,0,72.45
1784844329400,0,0,0,72.82
1784844329400,1,0,0,72.56
1784844329536,0,0,0,72.81
1784844329536,1,0,0,72.45
1784844329672,0,0,0,72.83
1784844329672,1,0,0,72.45
1784844329808,0,0,0,72.83
1784844329808,1,0,0,72.60
1784844329945,0,0,0,72.82
1784844329945,1,0,0,72.53
1784844330081,0,0,0,72.81
1784844330081,1,0,0,72.44
1784844330217,0,0,0,72.79
1784844330217,1,0,0,72.52
1784844330354,0,0,0,72.78
1784844330354,1,0,0,72.55
1784844330490,0,0,0,72.77
1784844330490,1,0,0,72.40
1784844330626,0,0,0,72.78
1784844330626,1,0,0,72.43
1784844330762,0,0,0,72.76
1784844330762,1,0,0,72.54
1784844330902,0,0,0,72.77
1784844330902,1,0,0,72.38
1784844331038,0,0,0,72.77
1784844331038,1,0,0,72.39
1784844331173,0,0,0,72.76
1784844331173,1,0,0,72.50
1784844331310,0,0,0,72.76
1784844331310,1,0,0,72.44
1784844331446,0,0,0,72.75
1784844331446,1,0,0,72.39
1784844331583,0,0,0,72.74
1784844331583,1,0,0,72.43
1784844331720,0,0,0,72.74
1784844331720,1,0,0,72.49
1784844331857,0,0,0,72.72
1784844331857,1,0,0,72.42
1784844331993,0,0,0,72.71
1784844331993,1,0,0,72.50
1784844332128,0,0,0,72.71
1784844332128,1,0,0,72.57
1784844332265,0,0,0,72.72
1784844332265,1,0,0,72.46
1784844332402,0,0,0,72.70
1784844332402,1,0,0,72.43
1784844332538,0,0,0,72.71
1784844332538,1,0,0,72.55
1784844332674,0,0,0,72.69
1784844332674,1,0,0,72.50
1784844332812,0,0,0,72.69
1784844332812,1,0,0,72.41
1784844332949,0,0,0,72.69
1784844332949,1,0,0,72.50
1784844333085,0,0,0,72.69
1784844333085,1,0,0,72.57
1784844333222,0,0,0,72.70
1784844333222,1,0,0,72.42
1784844333358,0,0,0,72.69
1784844333358,1,0,0,72.43
1784844333495,0,0,0,72.68
1784844333495,1,0,0,72.51
1784844333631,0,0,0,72.68
1784844333631,1,0,0,72.43
1784844333767,0,0,0,72.70
1784844333767,1,0,0,72.42
1784844333902,0,0,0,72.71
1784844333902,1,0,0,72.60
1784844334037,0,0,0,72.72
1784844334037,1,0,0,72.50
1784844334173,0,0,0,72.75
1784844334173,1,0,0,72.45
1784844334310,0,0,0,72.76
1784844334310,1,0,0,72.60
1784844334446,0,0,0,72.76
1784844334446,1,0,0,72.57
1784844334583,0,0,0,72.75
1784844334583,1,0,0,72.48
1784844334720,0,0,0,72.76
1784844334720,1,0,0,72.53
1784844334857,0,0,0,72.74
1784844334857,1,0,0,72.64
1784844334993,0,0,0,72.75
1784844334993,1,0,0,72.44
1784844335129,0,0,0,72.74
1784844335129,1,0,0,72.46
1784844335266,0,0,0,72.74
1784844335266,1,0,0,72.57
1784844335402,0,0,0,72.76
1784844335402,1,0,0,72.43
1784844335538,0,0,0,72.74
1784844335538,1,0,0,72.41
1784844335675,0,0,0,72.75
1784844335675,1,0,0,72.46
1784844335811,0,0,0,72.73
1784844335811,1,0,0,72.44
1784844335948,0,0,0,72.73
1784844335948,1,0,0,72.37
1784844336084,0,0,0,72.74
1784844336084,1,0,0,72.38
1784844336220,0,0,0,72.73
1784844336220,1,0,0,72.47
1784844336356,0,0,0,72.72
1784844336356,1,0,0,72.39
1784844336493,0,0,0,72.74
1784844336493,1,0,0,72.41
1784844336629,0,0,0,72.75
1784844336629,1,0,0,72.52
1784844336765,0,0,0,72.75
1784844336765,1,0,0,72.47
1784844336902,0,0,0,72.74
1784844336902,1,0,0,72.38
1784844337038,0,0,0,72.74
1784844337038,1,0,0,72.50
1784844337173,0,0,0,72.72
1784844337173,1,0,0,72.54
1784844337310,0,0,0,72.71
1784844337310,1,0,0,72.40
1784844337447,0,0,0,72.68
1784844337447,1,0,0,72.44
1784844337583,0,0,0,72.68
1784844337583,1,0,0,72.54
1784844337720,0,0,0,72.67
1784844337720,1,0,0,72.38
1784844337856,0,0,0,72.65
1784844337856,1,0,0,72.37
1784844337992,0,0,0,72.64
1784844337992,1,0,0,72.51
1784844338128,0,0,0,72.64
1784844338128,1,0,0,72.38
1784844338264,0,0,0,72.63
1784844338264,1,0,0,72.35
1784844338401,0,0,0,72.64
1784844338401,1,0,0,72.54
1784844338538,0,0,0,72.65
1784844338538,1,0,0,72.47
1784844338674,0,0,0,72.67
1784844338674,1,0,0,72.39
1784844338811,0,0,0,72.68
1784844338811,1,0,0,72.49
1784844338948,0,0,0,72.72
1784844338948,1,0,0,72.55
1784844339084,0,0,0,72.73
1784844339084,1,0,0,72.46
1784844339221,0,0,0,72.74
1784844339221,1,0,0,72.45
1784844339357,0,0,0,72.72
1784844339357,1,0,0,72.58
1784844339493,0,0,0,72.70
1784844339493,1,0,0,72.43
1784844339629,0,0,0,72.69
1784844339629,1,0,0,72.42
1784844339765,0,0,0,72.66
1784844339765,1,0,0,72.50
1784844339901,0,0,0,72.67
1784844339901,1,0,0,72.43
1784844340037,0,0,0,72.68
1784844340037,1,0,0,72.39
1784844340174,0,0,0,72.66
1784844340174,1,0,0,72.40
1784844340310,0,0,0,72.68
1784844340310,1,0,0,72.47
1784844340447,0,0,0,72.69
1784844340447,1,0,0,72.39
1784844340583,0,0,0,72.71
1784844340583,1,0,0,72.38
1784844340718,0,0,0,72.70
1784844340718,1,0,0,72.55
1784844340855,0,0,0,72.72
1784844340855,1,0,0,72.45
1784844340991,0,0,0,72.71
1784844340991,1,0,0,72.42
1784844341128,0,0,0,72.69
1784844341128,1,0,0,72.53
1784844341265,0,0,0,72.70
1784844341265,1,0,0,72.49
1784844341401,0,0,0,72.68
1784844341401,1,0,0,72.36
1784844341537,0,0,0,72.69
1784844341537,1,0,0,72.44
1784844341674,0,0,0,72.68
1784844341674,1,0,0,72.50
1784844341811,0,0,0,72.67
1784844341811,1,0,0,72.35
1784844341947,0,0,0,72.65
1784844341947,1,0,0,72.36
1784844342084,0,0,0,72.65
1784844342084,1,0,0,72.46
1784844342220,0,0,0,72.64
1784844342220,1,0,0,72.34
1784844342357,0,0,0,72.66
1784844342357,1,0,0,72.32
1784844342493,0,0,0,72.64
1784844342493,1,0,0,72.47
1784844342629,0,0,0,72.64
1784844342629,1,0,0,72.37
1784844342766,0,0,0,72.65
1784844342766,1,0,0,72.31
1784844342903,0,0,0,72.63
1784844342903,1,0,0,72.46
1784844343039,0,0,0,72.65
1784844343039,1,0,0,72.45
1784844343175,0,0,0,72.66
1784844343175,1,0,0,72.36
1784844343312,0,0,0,72.63
1784844343312,1,0,0,72.42
1784844343448,0,0,0,72.63
1784844343448,1,0,0,72.51
1784844343585,0,0,0,72.63
1784844343585,1,0,0,72.40
1784844343721,0,0,0,72.62
1784844343721,1,0,0,72.36
1784844343858,0,0,0,72.61
1784844343858,1,0,0,72.46
1784844343994,0,0,0,72.60
1784844343994,1,0,0,72.35
1784844344130,0,0,0,72.57
1784844344130,1,0,0,72.32
1784844344267,0,0,0,72.59
1784844344267,1,0,0,72.39
1784844344403,0,0,0,72.58
1784844344403,1,0,0,72.43
1784844344540,0,0,0,72.55
1784844344540,1,0,0,72.37
1784844344676,0,0,0,72.57
1784844344676,1,0,0,72.36
1784844344812,0,0,0,72.56
1784844344812,1,0,0,72.50
1784844344949,0,0,0,72.58
1784844344949,1,0,0,72.40
1784844345085,0,0,0,72.58
1784844345085,1,0,0,72.38
1784844345222,0,0,0,72.57
1784844345222,1,0,0,72.54
1784844345358,0,0,0,72.56
1784844345358,1,0,0,72.45
1784844345494,0,0,0,72.56
1784844345494,1,0,0,72.36
1784844345630,0,0,0,72.58
1784844345630,1,0,0,72.50
1784844345767,0,0,0,72.58
1784844345767,1,0,0,72.54
1784844345902,0,0,0,72.59
1784844345902,1,0,0,72.38
1784844346038,0,0,0,72.59
1784844346038,1,0,0,72.43
1784844346180,0,0,0,72.63
1784844346180,1,0,0,72.56
1784844346317,0,0,0,72.62
1784844346317,1,0,0,72.41
1784844346453,0,0,0,72.63
1784844346453,1,0,0,72.41
1784844346589,0,0,0,72.63
1784844346589,1,0,0,72.53
1784844346725,0,0,0,72.63
1784844346725,1,0,0,72.43
1784844346862,0,0,0,72.65
1784844346862,1,0,0,72.40
1784844346999,0,0,0,72.66
1784844346999,1,0,0,72.57
1784844347135,0,0,0,72.65
1784844347135,1,0,0,72.50
1784844347270,0,0,0,72.64
1784844347270,1,0,0,72.41
1784844347407,0,0,0,72.65
1784844347407,1,0,0,72.46
1784844347543,0,0,0,72.67
1784844347543,1,0,0,72.49
1784844347680,0,0,0,72.66
1784844347680,1,0,0,72.39
1784844347817,0,0,0,72.64
1784844347817,1,0,0,72.37
1784844347953,0,0,0,72.64
1784844347953,1,0,0,72.48
1784844348089,0,0,0,72.64
1784844348089,1,0,0,72.42
1784844348226,0,0,0,72.63
1784844348226,1,0,0,72.32
1784844348363,0,0,0,72.67
1784844348363,1,0,0,72.40
1784844348499,0,0,0,72.67
1784844348499,1,0,0,72.34
1784844348635,0,0,0,72.67
1784844348635,1,0,0,72.30
1784844348773,0,0,0,72.66
1784844348773,1,0,0,72.32
1784844348909,0,0,0,72.65
1784844348909,1,0,0,72.42
1784844349046,0,0,0,72.66
1784844349046,1,0,0,72.31
1784844349182,0,0,0,72.67
1784844349182,1,0,0,72.31
1784844349319,0,0,0,72.65
1784844349319,1,0,0,72.49
1784844349456,0,0,0,72.62
1784844349456,1,0,0,72.39
1784844349592,0,0,0,72.61
1784844349592,1,0,0,72.36
1784844349728,0,0,0,72.59
1784844349728,1,0,0,72.50
1784844349865,0,0,0,72.60
1784844349865,1,0,0,72.49
1784844350001,0,0,0,72.59
1784844350001,1,0,0,72.38
1784844350137,0,0,0,72.57
1784844350137,1,0,0,72.43
1784844350273,0,0,0,72.55
1784844350273,1,0,0,72.52
1784844350410,0,0,0,72.53
1784844350410,1,0,0,72.35
1784844350547,0,0,0,72.54
1784844350547,1,0,0,72.36
1784844350684,0,0,0,72.55
1784844350684,1,0,0,72.48
1784844350819,0,0,0,72.54
1784844350819,1,0,0,72.37
1784844350955,0,0,0,72.54
1784844350955,1,0,0,72.34
1784844351091,0,0,0,72.55
1784844351091,1,0,0,72.40
1784844351228,0,0,0,72.56
1784844351228,1,0,0,72.42
1784844351364,0,0,0,72.57
1784844351364,1,0,0,72.33
1784844351501,0,0,0,72.58
1784844351501,1,0,0,72.47
1784844351637,0,0,0,72.57
1784844351637,1,0,0,72.49
1784844351773,0,0,0,72.61
1784844351773,1,0,0,72.37
1784844351909,0,0,0,72.60
1784844351909,1,0,0,72.43
1784844352046,0,0,0,72.61
1784844352046,1,0,0,72.57
1784844352183,0,0,0,72.61
1784844352183,1,0,0,72.49
1784844352319,0,0,0,72.59
1784844352319,1,0,0,72.41
1784844352456,0,0,0,72.57
1784844352456,1,0,0,72.57
1784844352593,0,0,0,72.57
1784844352593,1,0,0,72.57
1784844352730,0,0,0,72.58
1784844352730,1,0,0,72.40
1784844352866,0,0,0,72.57
1784844352866,1,0,0,72.44
1784844353003,0,0,0,72.58
1784844353003,1,0,0,72.44
1784844353139,0,0,0,72.59
1784844353139,1,0,0,72.35
1784844353275,0,0,0,72.62
1784844353275,1,0,0,72.35
1784844353412,0,0,0,72.65
1784844353412,1,0,0,72.45
1784844353549,0,0,0,72.67
1784844353549,1,0,0,72.32
1784844353686,0,0,0,72.65
1784844353686,1,0,0,72.29
1784844353822,0,0,0,72.63
1784844353822,1,0,0,72.44
1784844353959,0,0,0,72.64
1784844353959,1,0,0,72.39
1784844354096,0,0,0,72.61
1784844354096,1,0,0,72.29
1784844354233,0,0,0,72.62
1784844354233,1,0,0,72.37
1784844354370,0,0,0,72.61
1784844354370,1,0,0,72.42
1784844354505,0,0,0,72.61
1784844354505,1,0,0,72.27
1784844354641,0,0,0,72.60
1784844354641,1,0,0,72.29
1784844354777,0,0,0,72.61
1784844354777,1,0,0,72.42
1784844354913,0,0,0,72.63
1784844354913,1,0,0,72.29
1784844355049,0,0,0,72.61
1784844355049,1,0,0,72.28
1784844355187,0,0,0,72.61
1784844355187,1,0,0,72.38
1784844355324,0,0,0,72.59
1784844355324,1,0,0,72.34
1784844355461,0,0,0,72.57
1784844355461,1,0,0,72.31
1784844355597,0,0,0,72.57
1784844355597,1,0,0,72.47
1784844355734,0,0,0,72.58
1784844355734,1,0,0,72.44
1784844355871,0,0,0,72.54
1784844355871,1,0,0,72.34
1784844356007,0,0,0,72.51
1784844356007,1,0,0,72.42
1784844356144,0,0,0,72.51
1784844356144,1,0,0,72.50
1784844356281,0,0,0,72.51
1784844356281,1,0,0,72.40
1784844356417,0,0,0,72.51
1784844356417,1,0,0,72.36
1784844356554,0,0,0,72.50
1784844356554,1,0,0,72.50
1784844356690,0,0,0,72.50
1784844356690,1,0,0,72.47
1784844356828,0,0,0,72.50
1784844356828,1,0,0,72.38
1784844356965,0,0,0,72.49
1784844356965,1,0,0,72.44
1784844357101,0,0,0,72.50
1784844357101,1,0,0,72.41
1784844357237,0,0,0,72.48
1784844357237,1,0,0,72.36
1784844357374,0,0,0,72.49
1784844357374,1,0,0,72.37
1784844357510,0,0,0,72.49
1784844357510,1,0,0,72.44
1784844357647,0,0,0,72.50
1784844357647,1,0,0,72.34
1784844357783,0,0,0,72.51
1784844357783,1,0,0,72.31
1784844357919,0,0,0,72.54
1784844357919,1,0,0,72.47
1784844358055,0,0,0,72.55
1784844358055,1,0,0,72.37
1784844358191,0,0,0,72.55
1784844358191,1,0,0,72.32
1784844358327,0,0,0,72.56
1784844358327,1,0,0,72.50
1784844358463,0,0,0,72.57
1784844358463,1,0,0,72.46
1784844358600,0,0,0,72.56
1784844358600,1,0,0,72.34
1784844358736,0,0,0,72.54
1784844358736,1,0,0,72.42
1784844358873,0,0,0,72.56
1784844358873,1,0,0,72.48
1784844359009,0,0,0,72.56
1784844359009,1,0,0,72.31
1784844359146,0,0,0,72.56
1784844359146,1,0,0,72.31
1784844359283,0,0,0,72.54
1784844359283,1,0,0,72.42
1784844359419,0,0,0,72.54
1784844359419,1,0,0,72.27
1784844359556,0,0,0,72.55
1784844359556,1,0,0,72.25
1784844359691,0,0,0,72.55
1784844359691,1,0,0,72.34
1784844359827,0,0,0,72.54
1784844359827,1,0,0,72.34
1784844359963,0,0,0,72.51
1784844359963,1,0,0,72.28
1784844360099,0,0,0,72.53
1784844360099,1,0,0,72.43
1784844360236,0,0,0,72.55
1784844360236,1,0,0,72.43
1784844360372,0,0,0,72.55
1784844360372,1,0,0,72.32
1784844360508,0,0,0,72.56
1784844360508,1,0,0,72.37
1784844360643,0,0,0,72.54
1784844360643,1,0,0,72.45
1784844360780,0,0,0,72.57
1784844360780,1,0,0,72.37
1784844360916,0,0,0,72.56
1784844360916,1,0,0,72.32
1784844361052,0,0,0,72.56
1784844361052,1,0,0,72.44
1784844361188,0,0,0,72.56
1784844361188,1,0,0,72.41
1784844361325,0,0,0,72.56
1784844361325,1,0,0,72.30
1784844361462,0,0,0,72.51
1784844361462,1,0,0,72.37
1784844361598,0,0,0,72.51
1784844361598,1,0,0,72.44
1784844361735,0,0,0,72.51
1784844361735,1,0,0,72.31
1784844361871,0,0,0,72.48
1784844361871,1,0,0,72.30
1784844362007,0,0,0,72.51
1784844362007,1,0,0,72.45
1784844362144,0,0,0,72.52
1784844362144,1,0,0,72.34
1784844362282,0,0,0,72.50
1784844362282,1,0,0,72.34
1784844362419,0,0,0,72.51
1784844362419,1,0,0,72.50
1784844362556,0,0,0,72.51
1784844362556,1,0,0,72.42
1784844362692,0,0,0,72.51
1784844362692,1,0,0,72.36
1784844362828,0,0,0,72.50
1784844362828,1,0,0,72.46
1784844362964,0,0,0,72.50
1784844362964,1,0,0,72.50
1784844363101,0,0,0,72.49
1784844363101,1,0,0,72.36
1784844363238,0,0,0,72.51
1784844363238,1,0,0,72.39
1784844363375,0,0,0,72.50
1784844363375,1,0,0,72.53
1784844363511,0,0,0,72.50
1784844363511,1,0,0,72.37
1784844363646,0,0,0,72.54
1784844363646,1,0,0,72.37
1784844363782,0,0,0,72.54
1784844363782,1,0,0,72.47
1784844363920,0,0,0,72.56
1784844363920,1,0,0,72.41
1784844364056,0,0,0,72.53
1784844364056,1,0,0,72.37
1784844364193,0,0,0,72.52
1784844364193,1,0,0,72.40
1784844364329,0,0,0,72.52
1784844364329,1,0,0,72.43
1784844364466,0,0,0,72.52
1784844364466,1,0,0,72.37
1784844364602,0,0,0,72.49
1784844364602,1,0,0,72.45
1784844364739,0,0,0,72.48
1784844364739,1,0,0,72.46
1784844364876,0,0,0,72.48
1784844364876,1,0,0,72.34
1784844365011,0,0,0,72.48
1784844365011,1,0,0,72.32
1784844365149,0,0,0,72.51
1784844365149,1,0,0,72.43
1784844365285,0,0,0,72.52
1784844365285,1,0,0,72.37
1784844365421,0,0,0,72.53
1784844365421,1,0,0,72.28
1784844365557,0,0,0,72.53
1784844365557,1,0,0,72.35
1784844365693,0,0,0,72.55
1784844365693,1,0,0,72.43
1784844365829,0,0,0,72.55
1784844365829,1,0,0,72.29
1784844365965,0,0,0,72.54
1784844365965,1,0,0,72.32
1784844366101,0,0,0,72.54
1784844366101,1,0,0,72.39
1784844366238,0,0,0,72.53
1784844366238,1,0,0,72.30
1784844366374,0,0,0,72.55
1784844366374,1,0,0,72.27
1784844366509,0,0,0,72.55
1784844366509,1,0,0,72.43
1784844366646,0,0,0,72.55
1784844366646,1,0,0,72.36
1784844366782,0,0,0,72.55
1784844366782,1,0,0,72.29
1784844366918,0,0,0,72.53
1784844366918,1,0,0,72.43
1784844367053,0,0,0,72.53
1784844367053,1,0,0,72.44
1784844367190,0,0,0,72.53
1784844367190,1,0,0,72.36
1784844367327,0,0,0,72.52
1784844367327,1,0,0,72.42
1784844367464,0,0,0,72.51
1784844367464,1,0,0,72.50
1784844367600,0,0,0,72.52
1784844367600,1,0,0,72.42
1784844367737,0,0,0,72.52
1784844367737,1,0,0,72.37
1784844367873,0,0,0,72.54
1784844367873,1,0,0,72.48
1784844368010,0,0,0,72.54
1784844368010,1,0,0,72.36
1784844368147,0,0,0,72.54
1784844368147,1,0,0,72.31
1784844368287,0,0,0,72.56
1784844368287,1,0,0,72.35
1784844368423,0,0,0,72.55
1784844368423,1,0,0,72.40
1784844368560,0,0,0,72.53
1784844368560,1,0,0,72.32
1784844368697,0,0,0,72.50
1784844368697,1,0,0,72.31
1784844368834,0,0,0,72.49
1784844368834,1,0,0,72.44
1784844368970,0,0,0,72.47
1784844368970,1,0,0,72.34
1784844369106,0,0,0,72.46
1784844369106,1,0,0,72.35
1784844369243,0,0,0,72.45
1784844369243,1,0,0,72.48
1784844369379,0,0,0,72.44
1784844369379,1,0,0,72.41
1784844369514,0,0,0,72.47
1784844369514,1,0,0,72.32
1784844369650,0,0,0,72.47
1784844369650,1,0,0,72.46
1784844369785,0,0,0,72.48
1784844369785,1,0,0,72.50
1784844369922,0,0,0,72.47
1784844369922,1,0,0,72.35
1784844370058,0,0,0,72.46
1784844370058,1,0,0,72.40
1784844370194,0,0,0,72.46
1784844370194,1,0,0,72.50
1784844370331,0,0,0,72.47
1784844370331,1,0,0,72.33
1784844370467,0,0,0,72.48
1784844370467,1,0,0,72.34
1784844370604,0,0,0,72.47
1784844370604,1,0,0,72.47
1784844370741,0,0,0,72.51
1784844370741,1,0,0,72.34
1784844370877,0,0,0,72.52
1784844370877,1,0,0,72.31
1784844371013,0,0,0,72.54
1784844371013,1,0,0,72.44
1784844371150,0,0,0,72.56
1784844371150,1,0,0,72.42
1784844371286,0,0,0,72.56
1784844371286,1,0,0,72.34
1784844371422,0,0,0,72.56
1784844371422,1,0,0,72.38
1784844371559,0,0,0,72.55
1784844371559,1,0,0,72.45
1784844371695,0,0,0,72.54
1784844371695,1,0,0,72.38
1784844371832,0,0,0,72.53
1784844371832,1,0,0,72.34
1784844371968,0,0,0,72.53
1784844371968,1,0,0,72.47
1784844372106,0,0,0,72.51
1784844372106,1,0,0,72.34
1784844372242,0,0,0,72.51
1784844372242,1,0,0,72.32
1784844372379,0,0,0,72.51
1784844372379,1,0,0,72.40
1784844372515,0,0,0,72.53
1784844372515,1,0,0,72.40
1784844372651,0,0,0,72.53
1784844372651,1,0,0,72.34
1784844372787,0,0,0,72.52
1784844372787,1,0,0,72.34
1784844372924,0,0,0,72.52
1784844372924,1,0,0,72.40
1784844373060,0,0,0,72.53
1784844373060,1,0,0,72.32
1784844373196,0,0,0,72.55
1784844373196,1,0,0,72.29
1784844373332,0,0,0,72.52
1784844373332,1,0,0,72.40
1784844373469,0,0,0,72.53
1784844373469,1,0,0,72.33
1784844373605,0,0,0,72.52
1784844373605,1,0,0,72.29
1784844373741,0,0,0,72.51
1784844373741,1,0,0,72.40
1784844373877,0,0,0,72.53
1784844373877,1,0,0,72.43
1784844374012,0,0,0,72.52
1784844374012,1,0,0,72.35
1784844374149,0,0,0,72.52
1784844374149,1,0,0,72.40
1784844374284,0,0,0,72.54
1784844374284,1,0,0,72.55
1784844374420,0,0,0,72.54
1784844374420,1,0,0,72.44
1784844374556,0,0,0,72.54
1784844374556,1,0,0,72.46
1784844374693,0,0,0,72.53
1784844374693,1,0,0,72.59
1784844374829,0,0,0,72.54
1784844374829,1,0,0,72.51
1784844374965,0,0,0,72.54
1784844374965,1,0,0,72.44
1784844375101,0,0,0,72.54
1784844375101,1,0,0,72.46
1784844375238,0,0,0,72.51
1784844375238,1,0,0,72.49
1784844375373,0,0,0,72.53
1784844375373,1,0,0,72.36
1784844375510,0,0,0,72.53
1784844375510,1,0,0,72.44
1784844375647,0,0,0,72.54
1784844375647,1,0,0,72.48
1784844375783,0,0,0,72.51
1784844375783,1,0,0,72.34
1784844375919,0,0,0,72.50
1784844375919,1,0,0,72.36
1784844376056,0,0,0,72.48
1784844376056,1,0,0,72.47
1784844376192,0,0,0,72.48
1784844376192,1,0,0,72.38
1784844376328,0,0,0,72.47
1784844376328,1,0,0,72.33
1784844376465,0,0,0,72.45
1784844376465,1,0,0,72.40
1784844376601,0,0,0,72.45
1784844376601,1,0,0,72.31
1784844376745,0,0,0,72.46
1784844376745,1,0,0,72.27
1784844376882,0,0,0,72.49
1784844376882,1,0,0,72.29
1784844377018,0,0,0,72.52
1784844377018,1,0,0,72.37
1784844377155,0,0,0,72.51
1784844377155,1,0,0,72.29
1784844377292,0,0,0,72.52
1784844377292,1,0,0,72.28
1784844377427,0,0,0,72.50
1784844377427,1,0,0,72.41
1784844377563,0,0,0,72.49
1784844377563,1,0,0,72.32
1784844377700,0,0,0,72.49
1784844377700,1,0,0,72.29
1784844377836,0,0,0,72.48
1784844377836,1,0,0,72.43
1784844377972,0,0,0,72.46
1784844377972,1,0,0,72.39
1784844378108,0,0,0,72.49
1784844378108,1,0,0,72.30
1784844378245,0,0,0,72.49
1784844378245,1,0,0,72.37
1784844378381,0,0,0,72.50
1784844378381,1,0,0,72.46
1784844378518,0,0,0,72.51
1784844378518,1,0,0,72.32
1784844378654,0,0,0,72.52
1784844378654,1,0,0,72.34
1784844378790,0,0,0,72.50
1784844378790,1,0,0,72.44
1784844378926,0,0,0,72.50
1784844378926,1,0,0,72.33
1784844379062,0,0,0,72.50
1784844379062,1,0,0,72.32
1784844379198,0,0,0,72.50
1784844379198,1,0,0,72.36
1784844379335,0,0,0,72.51
1784844379335,1,0,0,72.37
1784844379471,0,0,0,72.50
1784844379471,1,0,0,72.28
1784844379607,0,0,0,72.49
1784844379607,1,0,0,72.39
1784844379745,0,0,0,72.49
1784844379745,1,0,0,72.42
1784844379881,0,0,0,72.50
1784844379881,1,0,0,72.32
1784844380017,0,0,0,72.50
1784844380017,1,0,0,72.34
1784844380153,0,0,0,72.49
1784844380153,1,0,0,72.47
1784844380290,0,0,0,72.48
1784844380290,1,0,0,72.42
1784844380431,0,0,0,72.48
1784844380431,1,0,0,72.38
1784844380567,0,0,0,72.48
1784844380567,1,0,0,72.46
1784844380704,0,0,0,72.47
1784844380704,1,0,0,72.50
1784844380840,0,0,0,72.48
1784844380840,1,0,0,72.38
1784844380974,0,0,0,72.47
1784844380974,1,0,0,72.40
1784844381110,0,0,0,72.47
1784844381110,1,0,0,72.48
1784844381247,0,0,0,72.50
1784844381247,1,0,0,72.38
1784844381384,0,0,0,72.51
1784844381384,1,0,0,72.36
1784844381520,0,0,0,72.53
1784844381520,1,0,0,72.49
1784844381656,0,0,0,72.51
1784844381656,1,0,0,72.38
1784844381793,0,0,0,72.48
1784844381793,1,0,0,72.33
1784844381929,0,0,0,72.48
1784844381929,1,0,0,72.47
1784844382065,0,0,0,72.48
1784844382065,1,0,0,72.38
1784844382202,0,0,0,72.47
1784844382202,1,0,0,72.30
1784844382339,0,0,0,72.45
1784844382339,1,0,0,72.36
1784844382476,0,0,0,72.44
1784844382476,1,0,0,72.41
1784844382613,0,0,0,72.44
1784844382613,1,0,0,72.28
1784844382749,0,0,0,72.46
1784844382749,1,0,0,72.29
1784844382886,0,0,0,72.49
1784844382886,1,0,0,72.40
1784844383022,0,0,0,72.49
1784844383022,1,0,0,72.29
1784844383159,0,0,0,72.49
1784844383159,1,0,0,72.29
1784844383297,0,0,0,72.49
1784844383297,1,0,0,72.35
1784844383434,0,0,0,72.50
1784844383434,1,0,0,72.35
1784844383570,0,0,0,72.51
1784844383570,1,0,0,72.28
1784844383706,0,0,0,72.52
1784844383706,1,0,0,72.29
1784844383844,0,0,0,72.51
1784844383844,1,0,0,72.41
1784844383980,0,0,0,72.54
1784844383980,1,0,0,72.29
1784844384117,0,0,0,72.53
1784844384117,1,0,0,72.34
1784844384254,0,0,0,72.54
1784844384254,1,0,0,72.44
1784844384390,0,0,0,72.57
1784844384390,1,0,0,72.33
1784844384526,0,0,0,72.57
1784844384526,1,0,0,72.30
1784844384662,0,0,0,72.54
1784844384662,1,0,0,72.43
1784844384799,0,0,0,72.55
1784844384799,1,0,0,72.44
1784844384934,0,0,0,72.55
1784844384934,1,0,0,72.31
1784844385070,0,0,0,72.54
1784844385070,1,0,0,72.37
1784844385207,0,0,0,72.55
1784844385207,1,0,0,72.49
1784844385344,0,0,0,72.54
1784844385344,1,0,0,72.36
1784844385482,0,0,0,72.51
1784844385482,1,0,0,72.35
1784844385618,0,0,0,72.53
1784844385618,1,0,0,72.48
1784844385754,0,0,0,72.53
1784844385754,1,0,0,72.37
1784844385891,0,0,0,72.54
1784844385891,1,0,0,72.34
1784844386027,0,0,0,72.52
1784844386027,1,0,0,72.50
1784844386164,0,0,0,72.52
1784844386164,1,0,0,72.43
1784844386301,0,0,0,72.50
1784844386301,1,0,0,72.36
1784844386437,0,0,0,72.50
1784844386437,1,0,0,72.42
1784844386573,0,0,0,72.50
1784844386573,1,0,0,72.49
1784844386710,0,0,0,72.49
1784844386710,1,0,0,72.35
1784844386847,0,0,0,72.49
1784844386847,1,0,0,72.38
1784844386983,0,0,0,72.50
1784844386983,1,0,0,72.53
1784844387119,0,0,0,72.53
1784844387119,1,0,0,72.37
1784844387255,0,0,0,72.53
1784844387255,1,0,0,72.34
1784844387392,0,0,0,72.55
1784844387392,1,0,0,72.45
1784844387528,0,0,0,72.54
1784844387528,1,0,0,72.38
1784844387664,0,0,0,72.54
1784844387664,1,0,0,72.35
1784844387801,0,0,0,72.53
1784844387801,1,0,0,72.37
1784844387937,0,0,0,72.51
1784844387937,1,0,0,72.44
1784844388074,0,0,0,72.50
1784844388074,1,0,0,72.35
1784844388210,0,0,0,72.50
1784844388210,1,0,0,72.32
1784844388345,0,0,0,72.52
1784844388345,1,0,0,72.45
1784844388482,0,0,0,72.54
1784844388482,1,0,0,72.36
1784844388618,0,0,0,72.56
1784844388618,1,0,0,72.31
1784844388754,0,0,0,72.58
1784844388754,1,0,0,72.42
1784844388890,0,0,0,72.60
1784844388890,1,0,0,72.40
1784844389026,0,0,0,72.61
1784844389026,1,0,0,72.30
1784844389162,0,0,0,72.61
1784844389162,1,0,0,72.38
1784844389299,0,0,0,72.58
1784844389299,1,0,0,72.47
1784844389434,0,0,0,72.57
1784844389434,1,0,0,72.36
1784844389571,0,0,0,72.58
1784844389571,1,0,0,72.37
1784844389707,0,0,0,72.57
1784844389707,1,0,0,72.48
1784844389844,0,0,0,72.57
1784844389844,1,0,0,72.39
1784844389979,0,0,0,72.59
1784844389979,1,0,0,72.37
1784844390116,0,0,0,72.59
1784844390116,1,0,0,72.52
1784844390253,0,0,0,72.61
1784844390253,1,0,0,72.43
1784844390390,0,0,0,72.61
1784844390390,1,0,0,72.36
1784844390526,0,0,0,72.64
1784844390526,1,0,0,72.48
1784844390662,0,0,0,72.63
1784844390662,1,0,0,72.50
1784844390799,0,0,0,72.62
1784844390799,1,0,0,72.42
1784844390935,0,0,0,72.62
1784844390935,1,0,0,72.41
1784844391071,0,0,0,72.62
1784844391071,1,0,0,72.52
1784844391208,0,0,0,72.62
1784844391208,1,0,0,72.46
1784844391344,0,0,0,72.60
1784844391344,1,0,0,72.39
1784844391480,0,0,0,72.61
1784844391480,1,0,0,72.49
1784844391615,0,0,0,72.60
1784844391615,1,0,0,72.43
1784844391751,0,0,0,72.60
1784844391751,1,0,0,72.38
1784844391887,0,0,0,72.60
1784844391887,1,0,0,72.42
1784844392029,0,0,0,72.61
1784844392029,1,0,0,72.52
1784844392165,0,0,0,72.60
1784844392165,1,0,0,72.43
1784844392303,0,0,0,72.61
1784844392303,1,0,0,72.42
1784844392440,0,0,0,72.60
1784844392440,1,0,0,72.58
1784844392575,0,0,0,72.61
1784844392575,1,0,0,72.50
1784844392711,0,0,0,72.61
1784844392711,1,0,0,72.43
1784844392847,0,0,0,72.61
1784844392847,1,0,0,72.59
1784844392984,0,0,0,72.61
1784844392984,1,0,0,72.55
1784844393121,0,0,0,72.61
1784844393121,1,0,0,72.42
1784844393257,0,0,0,72.61
1784844393257,1,0,0,72.52
1784844393392,0,0,0,72.64
1784844393392,1,0,0,72.60
1784844393529,0,0,0,72.63
1784844393529,1,0,0,72.44
1784844393665,0,0,0,72.64
1784844393665,1,0,0,72.49
1784844393801,0,0,0,72.61
1784844393801,1,0,0,72.61
1784844393937,0,0,0,72.62
1784844393937,1,0,0,72.51
1784844394073,0,0,0,72.60
1784844394073,1,0,0,72.51
1784844394208,0,0,0,72.61
1784844394208,1,0,0,72.57
1784844394345,0,0,0,72.62
1784844394345,1,0,0,72.59
1784844394481,0,0,0,72.61
1784844394481,1,0,0,72.56
1784844394620,0,0,0,72.62
1784844394620,1,0,0,72.67
1784844394757,0,0,0,72.63
1784844394757,1,0,0,72.68
1784844394894,0,0,0,72.66
1784844394894,1,0,0,72.58
1784844395030,0,0,0,72.67
1784844395030,1,0,0,72.59
1784844395170,0,0,0,72.67
1784844395170,1,0,0,72.72
1784844395306,0,0,0,72.66
1784844395306,1,0,0,72.65
1784844395443,0,0,0,72.67
1784844395443,1,0,0,72.56
1784844395578,0,0,0,72.67
1784844395578,1,0,0,72.66
1784844395714,0,0,0,72.67
1784844395714,1,0,0,72.71
1784844395849,0,0,0,72.67
1784844395849,1,0,0,72.56
1784844395988,0,0,0,72.67
1784844395988,1,0,0,72.61
1784844396124,0,0,0,72.69
1784844396124,1,0,0,72.64
1784844396260,0,0,0,72.70
1784844396260,1,0,0,72.58
1784844396395,0,0,0,72.70
1784844396395,1,0,0,72.59
1784844396532,0,0,0,72.71
1784844396532,1,0,0,72.69
1784844396667,0,0,0,72.70
1784844396667,1,0,0,72.58
1784844396805,0,0,0,72.71
1784844396805,1,0,0,72.52
1784844396942,0,0,0,72.70
1784844396942,1,0,0,72.64
1784844397078,0,0,0,72.71
1784844397078,1,0,0,72.59
1784844397214,0,0,0,72.70
1784844397214,1,0,0,72.49
1784844397350,0,0,0,72.71
1784844397350,1,0,0,72.54
1784844397486,0,0,0,72.68
1784844397486,1,0,0,72.59
1784844397623,0,0,0,72.69
1784844397623,1,0,0,72.47
1784844397759,0,0,0,72.69
1784844397759,1,0,0,72.48
1784844397896,0,0,0,72.69
1784844397896,1,0,0,72.62
1784844398032,0,0,0,72.68
1784844398032,1,0,0,72.48
1784844398168,0,0,0,72.65
1784844398168,1,0,0,72.45
1784844398305,0,0,0,72.65
1784844398305,1,0,0,72.54
1784844398442,0,0,0,72.67
1784844398442,1,0,0,72.52
1784844398579,0,0,0,72.69
1784844398579,1,0,0,72.46
1784844398715,0,0,0,72.68
1784844398715,1,0,0,72.48
1784844398852,0,0,0,72.67
1784844398852,1,0,0,72.57
1784844398989,0,0,0,72.68
1784844398989,1,0,0,72.48
1784844399125,0,0,0,72.68
1784844399125,1,0,0,72.54
1784844399261,0,0,0,72.71
1784844399261,1,0,0,72.63
1784844399398,0,0,0,72.69
1784844399398,1,0,0,72.53
1784844399535,0,0,0,72.71
1784844399535,1,0,0,72.44
1784844399671,0,0,0,72.71
1784844399671,1,0,0,72.55
1784844399807,0,0,0,72.71
1784844399807,1,0,0,72.55
1784844399943,0,0,0,72.72
1784844399943,1,0,0,72.41
1784844400079,0,0,0,72.73
1784844400079,1,0,0,72.44
1784844400215,0,0,0,72.74
1784844400215,1,0,0,72.53
1784844400352,0,0,0,72.73
1784844400352,1,0,0,72.40
1784844400487,0,0,0,72.76
1784844400487,1,0,0,72.41
1784844400623,0,0,0,72.75
1784844400623,1,0,0,72.56
1784844400759,0,0,0,72.76
1784844400759,1,0,0,72.47
1784844400895,0,0,0,72.77
1784844400895,1,0,0,72.44
1784844401031,0,0,0,72.76
1784844401031,1,0,0,72.62
1784844401167,0,0,0,72.77
1784844401167,1,0,0,72.54
1784844401303,0,0,0,72.76
1784844401303,1,0,0,72.46
1784844401439,0,0,0,72.79
1784844401439,1,0,0,72.55
1784844401576,0,0,0,72.78
1784844401576,1,0,0,72.57
1784844401713,0,0,0,72.81
1784844401713,1,0,0,72.48
1784844401849,0,0,0,72.81
1784844401849,1,0,0,72.46
1784844401985,0,0,0,72.82
1784844401985,1,0,0,72.60
1784844402122,0,0,0,72.81
1784844402122,1,0,0,72.46
1784844402259,0,0,0,72.81
1784844402259,1,0,0,72.46
1784844402396,0,0,0,72.79
1784844402396,1,0,0,72.56
1784844402531,0,0,0,72.79
1784844402531,1,0,0,72.50
1784844402668,0,0,0,72.80
1784844402668,1,0,0,72.48
1784844402803,0,0,0,72.79
1784844402803,1,0,0,72.52
1784844402939,0,0,0,72.82
1784844402939,1,0,0,72.56
1784844403075,0,0,0,72.81
1784844403075,1,0,0,72.50
1784844403210,0,0,0,72.83
1784844403210,1,0,0,72.47
1784844403346,0,0,0,72.83
1784844403346,1,0,0,72.62
1784844403482,0,0,0,72.83
1784844403482,1,0,0,72.53
1784844403617,0,0,0,72.82
1784844403617,1,0,0,72.50
1784844403754,0,0,0,72.81
1784844403754,1,0,0,72.69
1784844403889,0,0,0,72.80
1784844403889,1,0,0,72.63
1784844404024,0,0,0,72.78
1784844404024,1,0,0,72.52
1784844404161,0,0,0,72.79
1784844404161,1,0,0,72.65
1784844404298,0,0,0,72.78
1784844404298,1,0,0,72.67
1784844404434,0,0,0,72.78
1784844404434,1,0,0,72.50
1784844404570,0,0,0,72.79
1784844404570,1,0,0,72.52
1784844404707,0,0,0,72.79
1784844404707,1,0,0,72.65
1784844404843,0,0,0,72.81
1784844404843,1,0,0,72.48
1784844404980,0,0,0,72.79
1784844404980,1,0,0,72.47
1784844405116,0,0,0,72.80
1784844405116,1,0,0,72.57
1784844405252,0,0,0,72.80
1784844405252,1,0,0,72.52
1784844405389,0,0,0,72.79
1784844405389,1,0,0,72.48
1784844405525,0,0,0,72.78
1784844405525,1,0,0,72.62
1784844405661,0,0,0,72.77
1784844405661,1,0,0,72.60
1784844405798,0,0,0,72.77
1784844405798,1,0,0,72.49
1784844405934,0,0,0,72.77
1784844405934,1,0,0,72.56
1784844406070,0,0,0,72.78
1784844406070,1,0,0,72.64
1784844406207,0,0,0,72.79
1784844406207,1,0,0,72.52
1784844406343,0,0,0,72.81
1784844406343,1,0,0,72.47
1784844406479,0,0,0,72.82
1784844406479,1,0,0,72.59
1784844406615,0,0,0,72.84
1784844406615,1,0,0,72.58
1784844406751,0,0,0,72.85
1784844406751,1,0,0,72.44
1784844406888,0,0,0,72.84
1784844406888,1,0,0,72.52
1784844407024,0,0,0,72.83
1784844407024,1,0,0,72.50
1784844407160,0,0,0,72.82
1784844407160,1,0,0,72.46
1784844407302,0,0,0,72.83
1784844407302,1,0,0,72.47
1784844407439,0,0,0,72.84
1784844407439,1,0,0,72.61
1784844407575,0,0,0,72.87
1784844407575,1,0,0,72.49
1784844407711,0,0,0,72.87
1784844407711,1,0,0,72.47
1784844407848,0,0,0,72.86
1784844407848,1,0,0,72.65
1784844407985,0,0,0,72.90
1784844407985,1,0,0,72.55
1784844408121,0,0,0,72.89
1784844408121,1,0,0,72.48
1784844408258,0,0,0,72.89
1784844408258,1,0,0,72.59
1784844408395,0,0,0,72.87
1784844408395,1,0,0,72.60
1784844408532,0,0,0,72.87
1784844408532,1,0,0,72.48
1784844408668,0,0,0,72.86
1784844408668,1,0,0,72.53
1784844408805,0,0,0,72.88
1784844408805,1,0,0,72.65
1784844408941,0,0,0,72.86
1784844408941,1,0,0,72.52
1784844409077,0,0,0,72.85
1784844409077,1,0,0,72.54
1784844409213,0,0,0,72.87
1784844409213,1,0,0,72.63
1784844409349,0,0,0,72.86
1784844409349,1,0,0,72.57
1784844409485,0,0,0,72.89
1784844409485,1,0,0,72.53
1784844409621,0,0,0,72.89
1784844409621,1,0,0,72.69
1784844409758,0,0,0,72.89
1784844409758,1,0,0,72.63
1784844409895,0,0,0,72.90
1784844409895,1,0,0,72.56
1784844410031,0,0,0,72.89
1784844410031,1,0,0,72.69
1784844410167,0,0,0,72.88
1784844410167,1,0,0,72.74
1784844410304,0,0,0,72.87
1784844410304,1,0,0,72.67
1784844410446,0,0,0,72.89
1784844410446,1,0,0,72.71
1784844410582,0,0,0,72.88
1784844410582,1,0,0,72.83
1784844410719,0,0,0,72.89
1784844410719,1,0,0,72.75
1784844410856,0,0,0,72.89
1784844410856,1,0,0,72.67
1784844410993,0,0,0,72.89
1784844410993,1,0,0,72.75
1784844411129,0,0,0,72.92
1784844411129,1,0,0,72.69
1784844411266,0,0,0,72.91
1784844411266,1,0,0,72.65
1784844411403,0,0,0,72.90
1784844411403,1,0,0,72.67
1784844411539,0,0,0,72.88
1784844411539,1,0,0,72.73
1784844411677,0,0,0,72.86
1784844411677,1,0,0,72.65
1784844411813,0,0,0,72.85
1784844411813,1,0,0,72.64
1784844411949,0,0,0,72.86
1784844411949,1,0,0,72.79
1784844412086,0,0,0,72.86
1784844412086,1,0,0,72.68
1784844412222,0,0,0,72.87
1784844412222,1,0,0,72.59
1784844412360,0,0,0,72.89
1784844412360,1,0,0,72.71
1784844412496,0,0,0,72.91
1784844412496,1,0,0,72.68
1784844412633,0,0,0,72.93
1784844412633,1,0,0,72.53
1784844412770,0,0,0,72.94
1784844412770,1,0,0,72.57
1784844412906,0,0,0,72.93
1784844412906,1,0,0,72.65
1784844413042,0,0,0,72.92
1784844413042,1,0,0,72.50
1784844413178,0,0,0,72.92
1784844413178,1,0,0,72.50
1784844413314,0,0,0,72.89
1784844413314,1,0,0,72.61
1784844413452,0,0,0,72.87
1784844413452,1,0,0,72.52
1784844413587,0,0,0,72.88
1784844413587,1,0,0,72.49
1784844413724,0,0,0,72.88
1784844413724,1,0,0,72.64
1784844413861,0,0,0,72.89
1784844413861,1,0,0,72.57
1784844413998,0,0,0,72.88
1784844413998,1,0,0,72.49
1784844414136,0,0,0,72.88
1784844414136,1,0,0,72.62
1784844414273,0,0,0,72.88
1784844414273,1,0,0,72.67
1784844414410,0,0,0,72.89
1784844414410,1,0,0,72.57
1784844414546,0,0,0,72.89
1784844414546,1,0,0,72.59
1784844414684,0,0,0,72.90
1784844414684,1,0,0,72.71
1784844414821,0,0,0,72.89
1784844414821,1,0,0,72.64
1784844414958,0,0,0,72.88
1784844414958,1,0,0,72.55
1784844415094,0,0,0,72.91
1784844415094,1,0,0,72.68
1784844415230,0,0,0,72.89
1784844415230,1,0,0,72.57
1784844415367,0,0,0,72.91
1784844415367,1,0,0,72.54
1784844415503,0,0,0,72.91
1784844415503,1,0,0,72.58
1784844415639,0,0,0,72.92
1784844415639,1,0,0,72.63
1784844415775,0,0,0,72.92
1784844415775,1,0,0,72.53
1784844415911,0,0,0,72.91
1784844415911,1,0,0,72.52
1784844416046,0,0,0,72.90
1784844416046,1,0,0,72.68
1784844416182,0,0,0,72.89
1784844416182,1,0,0,72.55
1784844416318,0,0,0,72.88
1784844416318,1,0,0,72.51
1784844416454,0,0,0,72.87
1784844416454,1,0,0,72.65
1784844416590,0,0,0,72.85
1784844416590,1,0,0,72.59
1784844416726,0,0,0,72.84
1784844416726,1,0,0,72.49
1784844416862,0,0,0,72.83
1784844416862,1,0,0,72.57
1784844416998,0,0,0,72.86
1784844416998,1,0,0,72.61
1784844417133,0,0,0,72.84
1784844417133,1,0,0,72.46
1784844417269,0,0,0,72.86
1784844417269,1,0,0,72.48
1784844417406,0,0,0,72.84
1784844417406,1,0,0,72.59
1784844417542,0,0,0,72.84
1784844417542,1,0,0,72.49
1784844417679,0,0,0,72.84
1784844417679,1,0,0,72.47
1784844417816,0,0,0,72.86
1784844417816,1,0,0,72.53
1784844417953,0,0,0,72.87
1784844417953,1,0,0,72.51
1784844418090,0,0,0,72.87
1784844418090,1,0,0,72.46
1784844418226,0,0,0,72.88
1784844418226,1,0,0,72.59
1784844418363,0,0,0,72.88
1784844418363,1,0,0,72.55
1784844418499,0,0,0,72.88
1784844418499,1,0,0,72.44
1784844418635,0,0,0,72.87
1784844418635,1,0,0,72.50
1784844418771,0,0,0,72.86
1784844418771,1,0,0,72.60
1784844418909,0,0,0,72.85
1784844418909,1,0,0,72.48
1784844419045,0,0,0,72.86
1784844419045,1,0,0,72.46
1784844419182,0,0,0,72.85
1784844419182,1,0,0,72.59
1784844419318,0,0,0,72.85
1784844419318,1,0,0,72.59
1784844419454,0,0,0,72.87
1784844419454,1,0,0,72.47
1784844419590,0,0,0,72.90
1784844419590,1,0,0,72.53
1784844419726,0,0,0,72.92
1784844419726,1,0,0,72.50
1784844419863,0,0,0,72.93
1784844419863,1,0,0,72.44
1784844419997,0,0,0,72.92
1784844419997,1,0,0,72.45
1784844420133,0,0,0,72.90
1784844420133,1,0,0,72.56
1784844420269,0,0,0,72.89
1784844420269,1,0,0,72.47
1784844420406,0,0,0,72.88
1784844420406,1,0,0,72.44
1784844420541,0,0,0,72.86
1784844420541,1,0,0,72.64
1784844420676,0,0,0,72.85
1784844420676,1,0,0,72.57
1784844420813,0,0,0,72.82
1784844420813,1,0,0,72.49
1784844420948,0,0,0,72.84
1784844420948,1,0,0,72.62
1784844421084,0,0,0,72.85
1784844421084,1,0,0,72.65
1784844421221,0,0,0,72.86
1784844421221,1,0,0,72.56
1784844421358,0,0,0,72.87
1784844421358,1,0,0,72.58
1784844421495,0,0,0,72.85
1784844421495,1,0,0,72.72
1784844421631,0,0,0,72.86
1784844421631,1,0,0,72.54
1784844421768,0,0,0,72.85
1784844421768,1,0,0,72.54
1784844421904,0,0,0,72.84
1784844421904,1,0,0,72.66
1784844422040,0,0,0,72.83
1784844422040,1,0,0,72.55
1784844422176,0,0,0,72.82
1784844422176,1,0,0,72.50
1784844422313,0,0,0,72.81
1784844422313,1,0,0,72.57
1784844422450,0,0,0,72.81
1784844422450,1,0,0,72.54
1784844422590,0,0,0,72.82
1784844422590,1,0,0,72.46
1784844422726,0,0,0,72.82
1784844422726,1,0,0,72.56
1784844422864,0,0,0,72.83
1784844422864,1,0,0,72.61
1784844423001,0,0,0,72.82
1784844423001,1,0,0,72.48
1784844423137,0,0,0,72.82
1784844423137,1,0,0,72.47
1784844423274,0,0,0,72.82
1784844423274,1,0,0,72.59
1784844423411,0,0,0,72.80
1784844423411,1,0,0,72.54
1784844423547,0,0,0,72.79
1784844423547,1,0,0,72.49
1784844423683,0,0,0,72.80
1784844423683,1,0,0,72.59
1784844423820,0,0,0,72.79
1784844423820,1,0,0,72.67
1784844423957,0,0,0,72.79
1784844423957,1,0,0,72.55
1784844424093,0,0,0,72.82
1784844424093,1,0,0,72.58
1784844424231,0,0,0,72.83
1784844424231,1,0,0,72.69
1784844424368,0,0,0,72.84
1784844424368,1,0,0,72.62
1784844424504,0,0,0,72.83
1784844424504,1,0,0,72.61
1784844424640,0,0,0,72.82
1784844424640,1,0,0,72.77
1784844424777,0,0,0,72.82
1784844424777,1,0,0,72.67
1784844424913,0,0,0,72.80
1784844424913,1,0,0,72.62
1784844425049,0,0,0,72.81
1784844425049,1,0,0,72.78
1784844425186,0,0,0,72.80
1784844425186,1,0,0,72.74
1784844425323,0,0,0,72.79
1784844425323,1,0,0,72.64
1784844425460,0,0,0,72.77
1784844425460,1,0,0,72.70
1784844425597,0,0,0,72.79
1784844425597,1,0,0,72.77
1784844425733,0,0,0,72.78
1784844425733,1,0,0,72.61
1784844425870,0,0,0,72.79
1784844425870,1,0,0,72.62
1784844426006,0,0,0,72.77
1784844426006,1,0,0,72.72
1784844426142,0,0,0,72.78
1784844426142,1,0,0,72.57
1784844426278,0,0,0,72.78
1784844426278,1,0,0,72.52
1784844426414,0,0,0,72.79
1784844426414,1,0,0,72.55
1784844426550,0,0,0,72.80
1784844426550,1,0,0,72.50
1784844426685,0,0,0,72.80
1784844426685,1,0,0,72.42
1784844426823,0,0,0,72.79
1784844426823,1,0,0,72.40
1784844426959,0,0,0,72.78
1784844426959,1,0,0,72.52
1784844427095,0,0,0,72.80
1784844427095,1,0,0,72.42
1784844427231,0,0,0,72.79
1784844427231,1,0,0,72.46
1784844427368,0,0,0,72.78
1784844427368,1,0,0,72.59
1784844427504,0,0,0,72.76
1784844427504,1,0,0,72.49
1784844427643,0,0,0,72.76
1784844427643,1,0,0,72.44
1784844427780,0,0,0,72.76
1784844427780,1,0,0,72.59
1784844427915,0,0,0,72.77
1784844427915,1,0,0,72.57
1784844428052,0,0,0,72.75
1784844428052,1,0,0,72.42
1784844428188,0,0,0,72.72
1784844428188,1,0,0,72.48
1784844428324,0,0,0,72.73
1784844428324,1,0,0,72.58
1784844428459,0,0,0,72.74
1784844428459,1,0,0,72.47
1784844428595,0,0,0,72.73
1784844428595,1,0,0,72.50
1784844428732,0,0,0,72.74
1784844428732,1,0,0,72.63
1784844428868,0,0,0,72.73
1784844428868,1,0,0,72.53
1784844429004,0,0,0,72.74
1784844429004,1,0,0,72.51
1784844429140,0,0,0,72.75
1784844429140,1,0,0,72.68
1784844429276,0,0,0,72.75
1784844429276,1,0,0,72.63
1784844429413,0,0,0,72.73
1784844429413,1,0,0,72.54
1784844429548,0,0,0,72.72
1784844429548,1,0,0,72.62
1784844429685,0,0,0,72.71
1784844429685,1,0,0,72.67
1784844429820,0,0,0,72.71
1784844429820,1,0,0,72.56
1784844429957,0,0,0,72.75
1784844429957,1,0,0,72.57
1784844430093,0,0,0,72.74
1784844430093,1,0,0,72.69
1784844430230,0,0,0,72.74
1784844430230,1,0,0,72.56
1784844430368,0,0,0,72.74
1784844430368,1,0,0,72.54
1784844430504,0,0,0,72.73
1784844430504,1,0,0,72.64
1784844430641,0,0,0,72.71
1784844430641,1,0,0,72.57
1784844430778,0,0,0,72.71
1784844430778,1,0,0,72.55
1784844430915,0,0,0,72.69
1784844430915,1,0,0,72.57
1784844431051,0,0,0,72.69
1784844431051,1,0,0,72.62
1784844431188,0,0,0,72.71
1784844431188,1,0,0,72.55
1784844431324,0,0,0,72.70
1784844431324,1,0,0,72.54
1784844431461,0,0,0,72.72
1784844431461,1,0,0,72.68
1784844431597,0,0,0,72.72
1784844431597,1,0,0,72.60
1784844431732,0,0,0,72.73
1784844431732,1,0,0,72.58
1784844431869,0,0,0,72.74
1784844431869,1,0,0,72.72
1784844432005,0,0,0,72.73
1784844432005,1,0,0,72.67
1784844432142,0,0,0,72.73
1784844432142,1,0,0,72.57
1784844432278,0,0,0,72.72
1784844432278,1,0,0,72.65
1784844432414,0,0,0,72.72
1784844432414,1,0,0,72.73
1784844432551,0,0,0,72.72
1784844432551,1,0,0,72.58
1784844432687,0,0,0,72.72
1784844432687,1,0,0,72.58
1784844432824,0,0,0,72.70
1784844432824,1,0,0,72.72
1784844432961,0,0,0,72.68
1784844432961,1,0,0,72.58
1784844433097,0,0,0,72.68
1784844433097,1,0,0,72.54
1784844433233,0,0,0,72.68
1784844433233,1,0,0,72.71
1784844433369,0,0,0,72.68
1784844433369,1,0,0,72.57
1784844433505,0,0,0,72.69
1784844433505,1,0,0,72.48
1784844433640,0,0,0,72.68
1784844433640,1,0,0,72.61
1784844433776,0,0,0,72.67
1784844433776,1,0,0,72.53
1784844433912,0,0,0,72.68
1784844433912,1,0,0,72.42
1784844434047,0,0,0,72.66
1784844434047,1,0,0,72.47
1784844434183,0,0,0,72.64
1784844434183,1,0,0,72.54
1784844434321,0,0,0,72.66
1784844434321,1,0,0,72.44
1784844434458,0,0,0,72.64
1784844434458,1,0,0,72.40
1784844434594,0,0,0,72.63
1784844434594,1,0,0,72.50
1784844434730,0,0,0,72.64
1784844434730,1,0,0,72.48
1784844434868,0,0,0,72.64
1784844434868,1,0,0,72.35
1784844435004,0,0,0,72.64
1784844435004,1,0,0,72.41
1784844435140,0,0,0,72.65
1784844435140,1,0,0,72.43
1784844435276,0,0,0,72.64
1784844435276,1,0,0,72.37
1784844435412,0,0,0,72.65
1784844435412,1,0,0,72.38
1784844435548,0,0,0,72.65
1784844435548,1,0,0,72.53
1784844435684,0,0,0,72.64
1784844435684,1,0,0,72.45
1784844435820,0,0,0,72.66
1784844435820,1,0,0,72.44
1784844435957,0,0,0,72.67
1784844435957,1,0,0,72.65
1784844436092,0,0,0,72.69
1784844436092,1,0,0,72.57
1784844436228,0,0,0,72.70
1784844436228,1,0,0,72.52
1784844436364,0,0,0,72.70
1784844436364,1,0,0,72.66
1784844436500,0,0,0,72.71
1784844436500,1,0,0,72.68
1784844436636,0,0,0,72.71
1784844436636,1,0,0,72.56
1784844436772,0,0,0,72.72
1784844436772,1,0,0,72.59
1784844436907,0,0,0,72.69
1784844436907,1,0,0,72.73
1784844437044,0,0,0,72.71
1784844437044,1,0,0,72.57
1784844437179,0,0,0,72.70
1784844437179,1,0,0,72.56
1784844437316,0,0,0,72.69
1784844437316,1,0,0,72.64
1784844437453,0,0,0,72.69
1784844437453,1,0,0,72.59
1784844437589,0,0,0,72.68
1784844437589,1,0,0,72.56
1784844437726,0,0,0,72.69
1784844437726,1,0,0,72.70
1784844437871,0,0,0,72.68
1784844437871,1,0,0,72.65
1784844438008,0,0,0,72.68
1784844438008,1,0,0,72.56
1784844438144,0,0,0,72.68
1784844438144,1,0,0,72.65
1784844438280,0,0,0,72.70
1784844438280,1,0,0,72.73
1784844438417,0,0,0,72.70
1784844438417,1,0,0,72.63
1784844438552,0,0,0,72.70
1784844438552,1,0,0,72.60
1784844438689,0,0,0,72.70
1784844438689,1,0,0,72.75
1784844438826,0,0,0,72.69
1784844438826,1,0,0,72.68
1784844438962,0,0,0,72.69
1784844438962,1,0,0,72.57
1784844439098,0,0,0,72.67
1784844439098,1,0,0,72.65
1784844439235,0,0,0,72.68
1784844439235,1,0,0,72.60
1784844439371,0,0,0,72.64
1784844439371,1,0,0,72.55
1784844439508,0,0,0,72.64
1784844439508,1,0,0,72.57
1784844439644,0,0,0,72.62
1784844439644,1,0,0,72.67
1784844439779,0,0,0,72.63
1784844439779,1,0,0,72.56
1784844439916,0,0,0,72.62
1784844439916,1,0,0,72.53
1784844440052,0,0,0,72.62
1784844440052,1,0,0,72.68
1784844440188,0,0,0,72.64
1784844440188,1,0,0,72.61
1784844440324,0,0,0,72.65
1784844440324,1,0,0,72.58
1784844440461,0,0,0,72.65
1784844440461,1,0,0,72.71
1784844440597,0,0,0,72.65
1784844440597,1,0,0,72.65
1784844440734,0,0,0,72.64
1784844440734,1,0,0,72.56
1784844440871,0,0,0,72.67
1784844440871,1,0,0,72.61
1784844441008,0,0,0,72.66
1784844441008,1,0,0,72.72
1784844441144,0,0,0,72.64
1784844441144,1,0,0,72.55
1784844441283,0,0,0,72.62
1784844441283,1,0,0,72.54
1784844441419,0,0,0,72.65
1784844441419,1,0,0,72.64
1784844441555,0,0,0,72.63
1784844441555,1,0,0,72.55
1784844441691,0,0,0,72.65
1784844441691,1,0,0,72.51
1784844441827,0,0,0,72.63
1784844441827,1,0,0,72.56
1784844441965,0,0,0,72.64
1784844441965,1,0,0,72.60
1784844442101,0,0,0,72.65
1784844442101,1,0,0,72.53
1784844442237,0,0,0,72.65
1784844442237,1,0,0,72.67
1784844442375,0,0,0,72.64
1784844442375,1,0,0,72.64
1784844442511,0,0,0,72.65
1784844442511,1,0,0,72.55
1784844442648,0,0,0,72.65
1784844442648,1,0,0,72.58
1784844442784,0,0,0,72.65
1784844442784,1,0,0,72.70
1784844442921,0,0,0,72.66
1784844442921,1,0,0,72.62
1784844443057,0,0,0,72.66
1784844443057,1,0,0,72.55
1784844443193,0,0,0,72.68
1784844443193,1,0,0,72.67
1784844443330,0,0,0,72.69
1784844443330,1,0,0,72.69
1784844443466,0,0,0,72.68
1784844443466,1,0,0,72.58
1784844443602,0,0,0,72.69
1784844443602,1,0,0,72.61
1784844443738,0,0,0,72.66
1784844443738,1,0,0,72.65
1784844443875,0,0,0,72.66
1784844443875,1,0,0,72.57
1784844444012,0,0,0,72.64
1784844444012,1,0,0,72.55
1784844444149,0,0,0,72.64
1784844444149,1,0,0,72.70
1784844444285,0,0,0,72.65
1784844444285,1,0,0,72.61
1784844444422,0,0,0,72.65
1784844444422,1,0,0,72.57
1784844444557,0,0,0,72.66
1784844444557,1,0,0,72.71
1784844444694,0,0,0,72.66
1784844444694,1,0,0,72.66
1784844444829,0,0,0,72.65
1784844444829,1,0,0,72.56
1784844444966,0,0,0,72.65
1784844444966,1,0,0,72.67
1784844445103,0,0,0,72.65
1784844445103,1,0,0,72.73
1784844445239,0,0,0,72.65
1784844445239,1,0,0,72.54
1784844445376,0,0,0,72.64
1784844445376,1,0,0,72.56
1784844445511,0,0,0,72.64
1784844445511,1,0,0,72.70
1784844445648,0,0,0,72.63
1784844445648,1,0,0,72.51
1784844445785,0,0,0,72.62
1784844445785,1,0,0,72.51
1784844445921,0,0,0,72.61
1784844445921,1,0,0,72.60
1784844446057,0,0,0,72.62
1784844446057,1,0,0,72.54
1784844446194,0,0,0,72.59
1784844446194,1,0,0,72.50
1784844446330,0,0,0,72.60
1784844446330,1,0,0,72.52
1784844446466,0,0,0,72.60
1784844446466,1,0,0,72.58
1784844446603,0,0,0,72.58
1784844446603,1,0,0,72.49
1784844446739,0,0,0,72.60
1784844446739,1,0,0,72.56
1784844446875,0,0,0,72.58
1784844446875,1,0,0,72.61
1784844447011,0,0,0,72.56
1784844447011,1,0,0,72.52
1784844447147,0,0,0,72.56
1784844447147,1,0,0,72.49
1784844447283,0,0,0,72.57
1784844447283,1,0,0,72.63
1784844447419,0,0,0,72.54
1784844447419,1,0,0,72.60
1784844447555,0,0,0,72.53
1784844447555,1,0,0,72.45
1784844447692,0,0,0,72.55
1784844447692,1,0,0,72.47
1784844447829,0,0,0,72.55
1784844447829,1,0,0,72.54
1784844447965,0,0,0,72.57
1784844447965,1,0,0,72.35
1784844448102,0,0,0,72.58
1784844448102,1,0,0,72.35
1784844448239,0,0,0,72.57
1784844448239,1,0,0,72.44
1784844448375,0,0,0,72.56
1784844448375,1,0,0,72.34
1784844448511,0,0,0,72.59
1784844448511,1,0,0,72.34
1784844448648,0,0,0,72.59
1784844448648,1,0,0,72.49
1784844448784,0,0,0,72.57
1784844448784,1,0,0,72.41
1784844448920,0,0,0,72.60
1784844448920,1,0,0,72.34
1784844449056,0,0,0,72.58
1784844449056,1,0,0,72.46
1784844449192,0,0,0,72.61
1784844449192,1,0,0,72.46
1784844449330,0,0,0,72.60
1784844449330,1,0,0,72.34
1784844449466,0,0,0,72.60
1784844449466,1,0,0,72.36
1784844449602,0,0,0,72.59
1784844449602,1,0,0,72.47
1784844449737,0,0,0,72.59
1784844449737,1,0,0,72.35
1784844449874,0,0,0,72.59
1784844449874,1,0,0,72.36
1784844450010,0,0,0,72.59
1784844450010,1,0,0,72.49
1784844450147,0,0,0,72.58
1784844450147,1,0,0,72.36
1784844450283,0,0,0,72.57
1784844450283,1,0,0,72.36
1784844450420,0,0,0,72.60
1784844450420,1,0,0,72.40
1784844450555,0,0,0,72.58
1784844450555,1,0,0,72.37
1784844450692,0,0,0,72.60
1784844450692,1,0,0,72.32
1784844450828,0,0,0,72.58
1784844450828,1,0,0,72.31
1784844450964,0,0,0,72.57
1784844450964,1,0,0,72.42
1784844451100,0,0,0,72.58
1784844451100,1,0,0,72.33
1784844451236,0,0,0,72.58
1784844451236,1,0,0,72.31
1784844451372,0,0,0,72.59
1784844451372,1,0,0,72.49
1784844451508,0,0,0,72.55
1784844451508,1,0,0,72.40
1784844451644,0,0,0,72.54
1784844451644,1,0,0,72.37
1784844451781,0,0,0,72.53
1784844451781,1,0,0,72.50
1784844451916,0,0,0,72.54
1784844451916,1,0,0,72.49
1784844452052,0,0,0,72.54
1784844452052,1,0,0,72.36
1784844452188,0,0,0,72.52
1784844452188,1,0,0,72.39
1784844452325,0,0,0,72.52
1784844452325,1,0,0,72.48
1784844452462,0,0,0,72.52
1784844452462,1,0,0,72.33
1784844452599,0,0,0,72.52
1784844452599,1,0,0,72.32
1784844452734,0,0,0,72.50
1784844452734,1,0,0,72.41
1784844452870,0,0,0,72.50
1784844452870,1,0,0,72.31
1784844453006,0,0,0,72.48
1784844453006,1,0,0,72.26
1784844453151,0,0,0,72.50
1784844453151,1,0,0,72.41
1784844453287,0,0,0,72.49
1784844453287,1,0,0,72.37
1784844453423,0,0,0,72.50
1784844453423,1,0,0,72.29
1784844453558,0,0,0,72.52
1784844453558,1,0,0,72.38
1784844453693,0,0,0,72.53
1784844453693,1,0,0,72.41
1784844453829,0,0,0,72.57
1784844453829,1,0,0,72.31
1784844453965,0,0,0,72.57
1784844453965,1,0,0,72.34
1784844454101,0,0,0,72.55
1784844454101,1,0,0,72.46
1784844454238,0,0,0,72.53
1784844454238,1,0,0,72.42
1784844454374,0,0,0,72.51
1784844454374,1,0,0,72.33
1784844454512,0,0,0,72.50
1784844454512,1,0,0,72.40
1784844454648,0,0,0,72.49
1784844454648,1,0,0,72.38
1784844454784,0,0,0,72.50
1784844454784,1,0,0,72.33
1784844454921,0,0,0,72.50
1784844454921,1,0,0,72.35
1784844455057,0,0,0,72.52
1784844455057,1,0,0,72.43
1784844455197,0,0,0,72.54
1784844455197,1,0,0,72.33
1784844455334,0,0,0,72.56
1784844455334,1,0,0,72.31
1784844455470,0,0,0,72.56
1784844455470,1,0,0,72.50
1784844455606,0,0,0,72.57
1784844455606,1,0,0,72.41
1784844455742,0,0,0,72.56
1784844455742,1,0,0,72.36
1784844455879,0,0,0,72.54
1784844455879,1,0,0,72.49
1784844456015,0,0,0,72.55
1784844456015,1,0,0,72.47
1784844456151,0,0,0,72.55
1784844456151,1,0,0,72.35
1784844456288,0,0,0,72.57
1784844456288,1,0,0,72.43
1784844456425,0,0,0,72.57
1784844456425,1,0,0,72.53
1784844456562,0,0,0,72.57
1784844456562,1,0,0,72.35
1784844456698,0,0,0,72.56
1784844456698,1,0,0,72.35
1784844456835,0,0,0,72.56
1784844456835,1,0,0,72.49
1784844456971,0,0,0,72.56
1784844456971,1,0,0,72.35
1784844457107,0,0,0,72.56
1784844457107,1,0,0,72.32
1784844457244,0,0,0,72.54
1784844457244,1,0,0,72.48
1784844457380,0,0,0,72.53
1784844457380,1,0,0,72.39
1784844457516,0,0,0,72.54
1784844457516,1,0,0,72.31
1784844457652,0,0,0,72.51
1784844457652,1,0,0,72.43
1784844457789,0,0,0,72.52
1784844457789,1,0,0,72.40
1784844457925,0,0,0,72.52
1784844457925,1,0,0,72.30
1784844458062,0,0,0,72.51
1784844458062,1,0,0,72.33
1784844458199,0,0,0,72.49
1784844458199,1,0,0,72.42
1784844458336,0,0,0,72.48
1784844458336,1,0,0,72.35
1784844458472,0,0,0,72.47
1784844458472,1,0,0,72.27
1784844458608,0,0,0,72.44
1784844458608,1,0,0,72.36
1784844458745,0,0,0,72.44
1784844458745,1,0,0,72.27
1784844458882,0,0,0,72.43
1784844458882,1,0,0,72.26
1784844459018,0,0,0,72.41
1784844459018,1,0,0,72.27
1784844459155,0,0,0,72.42
1784844459155,1,0,0,72.34
1784844459292,0,0,0,72.42
1784844459292,1,0,0,72.26
1784844459427,0,0,0,72.46
1784844459427,1,0,0,72.28
1784844459564,0,0,0,72.46
1784844459564,1,0,0,72.42
1784844459700,0,0,0,72.47
1784844459700,1,0,0,72.34
1784844459836,0,0,0,72.49
1784844459836,1,0,0,72.31
1784844459972,0,0,0,72.49
1784844459972,1,0,0,72.44
1784844460109,0,0,0,72.49
1784844460109,1,0,0,72.40
1784844460245,0,0,0,72.49
1784844460245,1,0,0,72.32
1784844460382,0,0,0,72.49
1784844460382,1,0,0,72.40
1784844460518,0,0,0,72.48
1784844460518,1,0,0,72.46
1784844460654,0,0,0,72.51
1784844460654,1,0,0,72.29
1784844460790,0,0,0,72.51
1784844460790,1,0,0,72.31
1784844460926,0,0,0,72.49
1784844460926,1,0,0,72.43
1784844461062,0,0,0,72.51
1784844461062,1,0,0,72.31
1784844461199,0,0,0,72.51
1784844461199,1,0,0,72.29
1784844461335,0,0,0,72.50
1784844461335,1,0,0,72.36
1784844461471,0,0,0,72.48
1784844461471,1,0,0,72.34
1784844461607,0,0,0,72.48
1784844461607,1,0,0,72.31
1784844461744,0,0,0,72.47
1784844461744,1,0,0,72.44
1784844461880,0,0,0,72.49
1784844461880,1,0,0,72.44
1784844462016,0,0,0,72.49
1784844462016,1,0,0,72.32
1784844462153,0,0,0,72.51
1784844462153,1,0,0,72.41
1784844462288,0,0,0,72.53
1784844462288,1,0,0,72.53
1784844462424,0,0,0,72.54
1784844462424,1,0,0,72.42
1784844462562,0,0,0,72.52
1784844462562,1,0,0,72.36
1784844462697,0,0,0,72.50
1784844462697,1,0,0,72.51
1784844462835,0,0,0,72.51
1784844462835,1,0,0,72.52
1784844462971,0,0,0,72.50
1784844462971,1,0,0,72.36
1784844463106,0,0,0,72.52
1784844463106,1,0,0,72.42
1784844463242,0,0,0,72.49
1784844463242,1,0,0,72.52
1784844463379,0,0,0,72.51
1784844463379,1,0,0,72.34
1784844463515,0,0,0,72.54
1784844463515,1,0,0,72.36
1784844463651,0,0,0,72.54
1784844463651,1,0,0,72.43
1784844463787,0,0,0,72.55
1784844463787,1,0,0,72.32
1784844463922,0,0,0,72.54
1784844463922,1,0,0,72.29
1784844464058,0,0,0,72.52
1784844464058,1,0,0,72.43
1784844464195,0,0,0,72.51
1784844464195,1,0,0,72.35
1784844464331,0,0,0,72.52
1784844464331,1,0,0,72.27
1784844464468,0,0,0,72.50
1784844464468,1,0,0,72.36
1784844464604,0,0,0,72.47
1784844464604,1,0,0,72.42
1784844464740,0,0,0,72.46
1784844464740,1,0,0,72.31
1784844464877,0,0,0,72.47
1784844464877,1,0,0,72.30
1784844465013,0,0,0,72.46
1784844465013,1,0,0,72.42
1784844465149,0,0,0,72.47
1784844465149,1,0,0,72.28
1784844465286,0,0,0,72.48
1784844465286,1,0,0,72.28
1784844465422,0,0,0,72.49
1784844465422,1,0,0,72.36
1784844465558,0,0,0,72.49
1784844465558,1,0,0,72.31
1784844465694,0,0,0,72.51
1784844465694,1,0,0,72.28
1784844465830,0,0,0,72.49
1784844465830,1,0,0,72.32
1784844465967,0,0,0,72.49
1784844465967,1,0,0,72.37
1784844466102,0,0,0,72.49
1784844466102,1,0,0,72.31
1784844466239,0,0,0,72.46
1784844466239,1,0,0,72.31
1784844466376,0,0,0,72.45
1784844466376,1,0,0,72.43
1784844466513,0,0,0,72.47
1784844466513,1,0,0,72.34
1784844466650,0,0,0,72.45
1784844466650,1,0,0,72.32
1784844466787,0,0,0,72.47
1784844466787,1,0,0,72.43
1784844466923,0,0,0,72.47
1784844466923,1,0,0,72.41
1784844467058,0,0,0,72.47
1784844467058,1,0,0,72.32
1784844467195,0,0,0,72.46
1784844467195,1,0,0,72.39
1784844467332,0,0,0,72.49
1784844467332,1,0,0,72.51
1784844467467,0,0,0,72.49
1784844467467,1,0,0,72.36
1784844467603,0,0,0,72.50
1784844467603,1,0,0,72.38
1784844467740,0,0,0,72.49
1784844467740,1,0,0,72.48
1784844467878,0,0,0,72.49
1784844467878,1,0,0,72.38
1784844468013,0,0,0,72.52
1784844468013,1,0,0,72.33
1784844468149,0,0,0,72.52
1784844468149,1,0,0,72.51
1784844468285,0,0,0,72.54
1784844468285,1,0,0,72.42
1784844468427,0,0,0,72.54
1784844468427,1,0,0,72.34
1784844468564,0,0,0,72.54
1784844468564,1,0,0,72.46
1784844468700,0,0,0,72.54
1784844468700,1,0,0,72.50
1784844468838,0,0,0,72.53
1784844468838,1,0,0,72.37
1784844468973,0,0,0,72.53
1784844468973,1,0,0,72.41
1784844469108,0,0,0,72.50
1784844469108,1,0,0,72.54
1784844469245,0,0,0,72.50
1784844469245,1,0,0,72.37
1784844469382,0,0,0,72.48
1784844469382,1,0,0,72.35
1784844469518,0,0,0,72.45
1784844469518,1,0,0,72.42
1784844469653,0,0,0,72.45
1784844469653,1,0,0,72.34
1784844469789,0,0,0,72.45
1784844469789,1,0,0,72.33
1784844469925,0,0,0,72.44
1784844469925,1,0,0,72.35
1784844470061,0,0,0,72.44
1784844470061,1,0,0,72.39
1784844470197,0,0,0,72.46
1784844470197,1,0,0,72.31
1784844470333,0,0,0,72.46
1784844470333,1,0,0,72.29
1784844470470,0,0,0,72.48
1784844470470,1,0,0,72.44
1784844470606,0,0,0,72.49
1784844470606,1,0,0,72.35
1784844470742,0,0,0,72.50
1784844470742,1,0,0,72.31
1784844470879,0,0,0,72.49
1784844470879,1,0,0,72.46
1784844471016,0,0,0,72.47
1784844471016,1,0,0,72.42
1784844471152,0,0,0,72.49
1784844471152,1,0,0,72.30
1784844471288,0,0,0,72.48
1784844471288,1,0,0,72.40
1784844471425,0,0,0,72.48
1784844471425,1,0,0,72.47
1784844471560,0,0,0,72.47
1784844471560,1,0,0,72.31
1784844471696,0,0,0,72.46
1784844471696,1,0,0,72.32
1784844471832,0,0,0,72.44
1784844471832,1,0,0,72.44
1784844471969,0,0,0,72.45
1784844471969,1,0,0,72.32
1784844472106,0,0,0,72.44
1784844472106,1,0,0,72.32
1784844472242,0,0,0,72.43
1784844472242,1,0,0,72.37
1784844472380,0,0,0,72.46
1784844472380,1,0,0,72.36
1784844472516,0,0,0,72.48
1784844472516,1,0,0,72.30
1784844472654,0,0,0,72.51
1784844472654,1,0,0,72.43
1784844472790,0,0,0,72.53
1784844472790,1,0,0,72.42
1784844472926,0,0,0,72.53
1784844472926,1,0,0,72.32
1784844473063,0,0,0,72.54
1784844473063,1,0,0,72.36
1784844473200,0,0,0,72.53
1784844473200,1,0,0,72.46
1784844473338,0,0,0,72.52
1784844473338,1,0,0,72.38
1784844473475,0,0,0,72.50
1784844473475,1,0,0,72.32
1784844473612,0,0,0,72.51
1784844473612,1,0,0,72.43
1784844473749,0,0,0,72.48
1784844473749,1,0,0,72.34
1784844473886,0,0,0,72.48
1784844473886,1,0,0,72.31
1784844474022,0,0,0,72.50
1784844474022,1,0,0,72.34
1784844474159,0,0,0,72.50
1784844474159,1,0,0,72.38
1784844474296,0,0,0,72.53
1784844474296,1,0,0,72.32
1784844474432,0,0,0,72.51
1784844474432,1,0,0,72.31
1784844474568,0,0,0,72.49
1784844474568,1,0,0,72.45
1784844474705,0,0,0,72.50
1784844474705,1,0,0,72.34
1784844474842,0,0,0,72.53
1784844474842,1,0,0,72.33
1784844474978,0,0,0,72.52
1784844474978,1,0,0,72.46
1784844475114,0,0,0,72.50
1784844475114,1,0,0,72.37
1784844475250,0,0,0,72.51
1784844475250,1,0,0,72.30
1784844475386,0,0,0,72.50
1784844475386,1,0,0,72.37
1784844475521,0,0,0,72.52
1784844475521,1,0,0,72.40
1784844475657,0,0,0,72.51
1784844475657,1,0,0,72.28
1784844475793,0,0,0,72.50
1784844475793,1,0,0,72.31
1784844475930,0,0,0,72.48
1784844475930,1,0,0,72.42
1784844476066,0,0,0,72.50
1784844476066,1,0,0,72.30
1784844476203,0,0,0,72.50
1784844476203,1,0,0,72.30
1784844476339,0,0,0,72.48
1784844476339,1,0,0,72.36
1784844476475,0,0,0,72.49
1784844476475,1,0,0,72.34
1784844476611,0,0,0,72.47
1784844476611,1,0,0,72.29
1784844476747,0,0,0,72.50
1784844476747,1,0,0,72.41
1784844476884,0,0,0,72.48
1784844476884,1,0,0,72.37
1784844477021,0,0,0,72.51
1784844477021,1,0,0,72.28
1784844477157,0,0,0,72.52
1784844477157,1,0,0,72.34
1784844477294,0,0,0,72.51
1784844477294,1,0,0,72.42
1784844477431,0,0,0,72.53
1784844477431,1,0,0,72.33
1784844477567,0,0,0,72.52
1784844477567,1,0,0,72.30
1784844477702,0,0,0,72.52
1784844477702,1,0,0,72.43
1784844477838,0,0,0,72.49
1784844477838,1,0,0,72.43
1784844477974,0,0,0,72.49
1784844477974,1,0,0,72.32
1784844478110,0,0,0,72.44
1784844478110,1,0,0,72.36
1784844478247,0,0,0,72.46
1784844478247,1,0,0,72.48
1784844478382,0,0,0,72.47
1784844478382,1,0,0,72.33
1784844478518,0,0,0,72.49
1784844478518,1,0,0,72.33
1784844478653,0,0,0,72.52
1784844478653,1,0,0,72.46
1784844478789,0,0,0,72.52
1784844478789,1,0,0,72.37
1784844478925,0,0,0,72.53
1784844478925,1,0,0,72.34
1784844479062,0,0,0,72.52
1784844479062,1,0,0,72.50
1784844479198,0,0,0,72.53
1784844479198,1,0,0,72.43
1784844479335,0,0,0,72.50
1784844479335,1,0,0,72.36
1784844479472,0,0,0,72.51
1784844479472,1,0,0,72.47
1784844479609,0,0,0,72.49
1784844479609,1,0,0,72.50
1784844479746,0,0,0,72.50
1784844479746,1,0,0,72.40
1784844479882,0,0,0,72.52
1784844479882,1,0,0,72.37
1784844480019,0,0,0,72.52
1784844480019,1,0,0,72.51
1784844480155,0,0,0,72.54
1784844480155,1,0,0,72.34
1784844480292,0,0,0,72.54
1784844480292,1,0,0,72.32
1784844480428,0,0,0,72.51
1784844480428,1,0,0,72.42
1784844480564,0,0,0,72.49
1784844480564,1,0,0,72.37
1784844480701,0,0,0,72.49
1784844480701,1,0,0,72.29
1784844480838,0,0,0,72.48
1784844480838,1,0,0,72.35
1784844480974,0,0,0,72.47
1784844480974,1,0,0,72.38
1784844481110,0,0,0,72.49
1784844481110,1,0,0,72.31
1784844481247,0,0,0,72.49
1784844481247,1,0,0,72.32
1784844481383,0,0,0,72.52
1784844481383,1,0,0,72.46
1784844481520,0,0,0,72.53
1784844481520,1,0,0,72.33
1784844481656,0,0,0,72.53
1784844481656,1,0,0,72.31
1784844481792,0,0,0,72.54
1784844481792,1,0,0,72.42
1784844481929,0,0,0,72.52
1784844481929,1,0,0,72.41
1784844482065,0,0,0,72.53
1784844482065,1,0,0,72.31
1784844482202,0,0,0,72.51
1784844482202,1,0,0,72.35
1784844482338,0,0,0,72.49
1784844482338,1,0,0,72.45
1784844482475,0,0,0,72.47
1784844482475,1,0,0,72.30
1784844482613,0,0,0,72.50
1784844482613,1,0,0,72.30
1784844482749,0,0,0,72.50
1784844482749,1,0,0,72.41
1784844482885,0,0,0,72.49
1784844482885,1,0,0,72.31
1784844483021,0,0,0,72.51
1784844483021,1,0,0,72.29
1784844483158,0,0,0,72.52
1784844483158,1,0,0,72.45
1784844483295,0,0,0,72.54
1784844483295,1,0,0,72.39
1784844483431,0,0,0,72.55
1784844483431,1,0,0,72.33
1784844483567,0,0,0,72.56
1784844483567,1,0,0,72.46
1784844483713,0,0,0,72.51
1784844483713,1,0,0,72.46
1784844483849,0,0,0,72.52
1784844483849,1,0,0,72.39
1784844483985,0,0,0,72.52
1784844483985,1,0,0,72.39
1784844484122,0,0,0,72.52
1784844484122,1,0,0,72.48
1784844484258,0,0,0,72.53
1784844484258,1,0,0,72.38
1784844484395,0,0,0,72.53
1784844484395,1,0,0,72.38
1784844484531,0,0,0,72.57
1784844484531,1,0,0,72.46
1784844484667,0,0,0,72.57
1784844484667,1,0,0,72.39
1784844484803,0,0,0,72.59
1784844484803,1,0,0,72.34
1784844484939,0,0,0,72.58
1784844484939,1,0,0,72.37
1784844485076,0,0,0,72.57
1784844485076,1,0,0,72.46
1784844485212,0,0,0,72.55
1784844485212,1,0,0,72.37
1784844485349,0,0,0,72.57
1784844485349,1,0,0,72.36
1784844485486,0,0,0,72.56
1784844485486,1,0,0,72.50
1784844485622,0,0,0,72.55
1784844485622,1,0,0,72.41
1784844485759,0,0,0,72.57
1784844485759,1,0,0,72.40
1784844485895,0,0,0,72.57
1784844485895,1,0,0,72.52
1784844486031,0,0,0,72.59
1784844486031,1,0,0,72.50
1784844486167,0,0,0,72.59
1784844486167,1,0,0,72.39
1784844486302,0,0,0,72.60
1784844486302,1,0,0,72.46
1784844486438,0,0,0,72.59
1784844486438,1,0,0,72.57
1784844486574,0,0,0,72.59
1784844486574,1,0,0,72.40
1784844486709,0,0,0,72.58
1784844486709,1,0,0,72.42
1784844486846,0,0,0,72.59
1784844486846,1,0,0,72.53
1784844486983,0,0,0,72.61
1784844486983,1,0,0,72.40
1784844487119,0,0,0,72.59
1784844487119,1,0,0,72.40
1784844487255,0,0,0,72.59
1784844487255,1,0,0,72.52
1784844487392,0,0,0,72.61
1784844487392,1,0,0,72.44
1784844487528,0,0,0,72.61
1784844487528,1,0,0,72.36
1784844487664,0,0,0,72.62
1784844487664,1,0,0,72.47
1784844487800,0,0,0,72.61
1784844487800,1,0,0,72.47
1784844487937,0,0,0,72.60
1784844487937,1,0,0,72.38
1784844488073,0,0,0,72.59
1784844488073,1,0,0,72.39
1784844488209,0,0,0,72.60
1784844488209,1,0,0,72.51
1784844488346,0,0,0,72.59
1784844488346,1,0,0,72.44
1784844488483,0,0,0,72.60
1784844488483,1,0,0,72.36
1784844488619,0,0,0,72.58
1784844488619,1,0,0,72.46
1784844488755,0,0,0,72.58
1784844488755,1,0,0,72.40
1784844488892,0,0,0,72.58
1784844488892,1,0,0,72.38
1784844489028,0,0,0,72.59
1784844489028,1,0,0,72.41
1784844489165,0,0,0,72.62
1784844489165,1,0,0,72.45
1784844489302,0,0,0,72.62
1784844489302,1,0,0,72.37
1784844489439,0,0,0,72.61
1784844489439,1,0,0,72.37
1784844489575,0,0,0,72.59
1784844489575,1,0,0,72.55
1784844489711,0,0,0,72.61
1784844489711,1,0,0,72.42
1784844489848,0,0,0,72.60
1784844489848,1,0,0,72.38
1784844489984,0,0,0,72.59
1784844489984,1,0,0,72.54
1784844490121,0,0,0,72.58
1784844490121,1,0,0,72.49
1784844490259,0,0,0,72.58
1784844490259,1,0,0,72.41
1784844490396,0,0,0,72.60
1784844490396,1,0,0,72.49
1784844490532,0,0,0,72.64
1784844490532,1,0,0,72.57
1784844490668,0,0,0,72.63
1784844490668,1,0,0,72.44
1784844490806,0,0,0,72.65
1784844490806,1,0,0,72.46
1784844490943,0,0,0,72.65
1784844490943,1,0,0,72.58
1784844491078,0,0,0,72.65
1784844491078,1,0,0,72.46
1784844491215,0,0,0,72.66
1784844491215,1,0,0,72.43
1784844491352,0,0,0,72.64
1784844491352,1,0,0,72.49
1784844491488,0,0,0,72.64
1784844491488,1,0,0,72.49
1784844491623,0,0,0,72.67
1784844491623,1,0,0,72.43
1784844491760,0,0,0,72.65
1784844491760,1,0,0,72.56
1784844491897,0,0,0,72.65
1784844491897,1,0,0,72.58
1784844492034,0,0,0,72.69
1784844492034,1,0,0,72.47
1784844492171,0,0,0,72.68
1784844492171,1,0,0,72.51
1784844492308,0,0,0,72.71
1784844492308,1,0,0,72.62
1784844492445,0,0,0,72.70
1784844492445,1,0,0,72.54
1784844492581,0,0,0,72.72
1784844492581,1,0,0,72.49
1784844492717,0,0,0,72.71
1784844492717,1,0,0,72.60
1784844492853,0,0,0,72.74
1784844492853,1,0,0,72.62
1784844492990,0,0,0,72.73
1784844492990,1,0,0,72.44
1784844493126,0,0,0,72.71
1784844493126,1,0,0,72.48
1784844493262,0,0,0,72.70
1784844493262,1,0,0,72.50
1784844493399,0,0,0,72.69
1784844493399,1,0,0,72.42
1784844493536,0,0,0,72.70
1784844493536,1,0,0,72.42
1784844493672,0,0,0,72.69
1784844493672,1,0,0,72.52
1784844493809,0,0,0,72.69
1784844493809,1,0,0,72.42
1784844493945,0,0,0,72.67
1784844493945,1,0,0,72.41
1784844494081,0,0,0,72.65
1784844494081,1,0,0,72.55
1784844494218,0,0,0,72.64
1784844494218,1,0,0,72.47
1784844494354,0,0,0,72.65
1784844494354,1,0,0,72.40
1784844494491,0,0,0,72.65
1784844494491,1,0,0,72.50
1784844494627,0,0,0,72.65
1784844494627,1,0,0,72.51
1784844494763,0,0,0,72.66
1784844494763,1,0,0,72.38
1784844494900,0,0,0,72.65
1784844494900,1,0,0,72.42
1784844495037,0,0,0,72.69
1784844495037,1,0,0,72.54
1784844495174,0,0,0,72.70
1784844495174,1,0,0,72.40
1784844495310,0,0,0,72.70
1784844495310,1,0,0,72.40
1784844495446,0,0,0,72.71
1784844495446,1,0,0,72.49
1784844495582,0,0,0,72.71
1784844495582,1,0,0,72.44
1784844495719,0,0,0,72.71
1784844495719,1,0,0,72.40
1784844495856,0,0,0,72.69
1784844495856,1,0,0,72.42
1784844495993,0,0,0,72.71
1784844495993,1,0,0,72.50
1784844496129,0,0,0,72.70
1784844496129,1,0,0,72.42
1784844496265,0,0,0,72.72
1784844496265,1,0,0,72.50
1784844496401,0,0,0,72.73
1784844496401,1,0,0,72.58
1784844496538,0,0,0,72.73
1784844496538,1,0,0,72.48
1784844496674,0,0,0,72.73
1784844496674,1,0,0,72.46
1784844496811,0,0,0,72.73
1784844496811,1,0,0,72.63
1784844496947,0,0,0,72.73
1784844496947,1,0,0,72.60
1784844497083,0,0,0,72.71
1784844497083,1,0,0,72.53
1784844497220,0,0,0,72.72
1784844497220,1,0,0,72.66
1784844497357,0,0,0,72.72
1784844497357,1,0,0,72.74
1784844497493,0,0,0,72.73
1784844497493,1,0,0,72.60
1784844497628,0,0,0,72.73
1784844497628,1,0,0,72.66
1784844497765,0,0,0,72.71
1784844497765,1,0,0,72.74
1784844497902,0,0,0,72.71
1784844497902,1,0,0,72.64
1784844498038,0,0,0,72.73
1784844498038,1,0,0,72.63
1784844498174,0,0,0,72.73
1784844498174,1,0,0,72.77
1784844498310,0,0,0,72.72
1784844498310,1,0,0,72.68
1784844498447,0,0,0,72.71
1784844498447,1,0,0,72.61
1784844498584,0,0,0,72.71
1784844498584,1,0,0,72.69
1784844498720,0,0,0,72.74
1784844498720,1,0,0,72.65
1784844498857,0,0,0,72.77
1784844498857,1,0,0,72.54
1784844498995,0,0,0,72.74
1784844498995,1,0,0,72.55
1784844499131,0,0,0,72.77
1784844499131,1,0,0,72.62
1784844499267,0,0,0,72.77
1784844499267,1,0,0,72.43
1784844499403,0,0,0,72.78
1784844499403,1,0,0,72.42
1784844499539,0,0,0,72.77
1784844499539,1,0,0,72.51
1784844499675,0,0,0,72.77
1784844499675,1,0,0,72.45
1784844499811,0,0,0,72.79
1784844499811,1,0,0,72.41
1784844499947,0,0,0,72.76
1784844499947,1,0,0,72.44
1784844500083,0,0,0,72.77
1784844500083,1,0,0,72.49
1784844500220,0,0,0,72.77
1784844500220,1,0,0,72.43
1784844500355,0,0,0,72.78
1784844500355,1,0,0,72.42
1784844500492,0,0,0,72.77
1784844500492,1,0,0,72.58
1784844500627,0,0,0,72.79
1784844500627,1,0,0,72.50
1784844500764,0,0,0,72.78
1784844500764,1,0,0,72.50
1784844500899,0,0,0,72.77
1784844500899,1,0,0,72.62
1784844501036,0,0,0,72.78
1784844501036,1,0,0,72.58
1784844501172,0,0,0,72.77
1784844501172,1,0,0,72.49
1784844501309,0,0,0,72.78
1784844501309,1,0,0,72.57
1784844501445,0,0,0,72.78
1784844501445,1,0,0,72.62
1784844501582,0,0,0,72.77
1784844501582,1,0,0,72.47
1784844501718,0,0,0,72.76
1784844501718,1,0,0,72.49
1784844501854,0,0,0,72.79
1784844501854,1,0,0,72.62
1784844501991,0,0,0,72.79
1784844501991,1,0,0,72.50
1784844502127,0,0,0,72.82
1784844502127,1,0,0,72.48
1784844502264,0,0,0,72.84
1784844502264,1,0,0,72.66
1784844502401,0,0,0,72.85
1784844502401,1,0,0,72.54
1784844502537,0,0,0,72.87
1784844502537,1,0,0,72.48
1784844502673,0,0,0,72.87
1784844502673,1,0,0,72.64
1784844502810,0,0,0,72.87
1784844502810,1,0,0,72.62
1784844502946,0,0,0,72.86
1784844502946,1,0,0,72.52
1784844503083,0,0,0,72.89
1784844503083,1,0,0,72.60
1784844503219,0,0,0,72.87
1784844503219,1,0,0,72.70
1784844503356,0,0,0,72.87
1784844503356,1,0,0,72.57
1784844503491,0,0,0,72.90
1784844503491,1,0,0,72.56
1784844503627,0,0,0,72.90
1784844503627,1,0,0,72.68
1784844503764,0,0,0,72.90
1784844503764,1,0,0,72.59
1784844503900,0,0,0,72.90
1784844503900,1,0,0,72.55
1784844504036,0,0,0,72.90
1784844504036,1,0,0,72.60
1784844504174,0,0,0,72.88
1784844504174,1,0,0,72.61
1784844504311,0,0,0,72.89
1784844504311,1,0,0,72.54
1784844504448,0,0,0,72.88
1784844504448,1,0,0,72.54
1784844504585,0,0,0,72.87
1784844504585,1,0,0,72.65
1784844504722,0,0,0,72.89
1784844504722,1,0,0,72.53
1784844504858,0,0,0,72.87
1784844504858,1,0,0,72.50
1784844504996,0,0,0,72.86
1784844504996,1,0,0,72.64
1784844505132,0,0,0,72.86
1784844505132,1,0,0,72.55
1784844505269,0,0,0,72.87
1784844505269,1,0,0,72.50
1784844505406,0,0,0,72.88
1784844505406,1,0,0,72.60
1784844505542,0,0,0,72.85
1784844505542,1,0,0,72.61
1784844505677,0,0,0,72.84
1784844505677,1,0,0,72.49
1784844505814,0,0,0,72.83
1784844505814,1,0,0,72.52
1784844505949,0,0,0,72.87
1784844505949,1,0,0,72.65
1784844506084,0,0,0,72.85
1784844506084,1,0,0,72.52
1784844506220,0,0,0,72.85
1784844506220,1,0,0,72.51
1784844506357,0,0,0,72.84
1784844506357,1,0,0,72.62
1784844506492,0,0,0,72.85
1784844506492,1,0,0,72.58
1784844506628,0,0,0,72.86
1784844506628,1,0,0,72.53
1784844506764,0,0,0,72.86
1784844506764,1,0,0,72.68
1784844506901,0,0,0,72.86
1784844506901,1,0,0,72.64
1784844507038,0,0,0,72.86
1784844507038,1,0,0,72.54
1784844507175,0,0,0,72.86
1784844507175,1,0,0,72.60
1784844507312,0,0,0,72.86
1784844507312,1,0,0,72.65
1784844507449,0,0,0,72.86
1784844507449,1,0,0,72.58
1784844507585,0,0,0,72.87
1784844507585,1,0,0,72.54
1784844507720,0,0,0,72.87
1784844507720,1,0,0,72.67
1784844507856,0,0,0,72.87
1784844507856,1,0,0,72.66
1784844507992,0,0,0,72.87
1784844507992,1,0,0,72.53
1784844508129,0,0,0,72.90
1784844508129,1,0,0,72.61
1784844508266,0,0,0,72.89
1784844508266,1,0,0,72.61
1784844508402,0,0,0,72.89
1784844508402,1,0,0,72.55
1784844508539,0,0,0,72.89
1784844508539,1,0,0,72.55
1784844508675,0,0,0,72.89
1784844508675,1,0,0,72.67
1784844508812,0,0,0,72.91
1784844508812,1,0,0,72.58
1784844508948,0,0,0,72.91
1784844508948,1,0,0,72.58
1784844509084,0,0,0,72.92
1784844509084,1,0,0,72.75
1784844509221,0,0,0,72.93
1784844509221,1,0,0,72.66
1784844509357,0,0,0,72.95
1784844509357,1,0,0,72.58
1784844509494,0,0,0,72.95
1784844509494,1,0,0,72.71
1784844509631,0,0,0,72.95
1784844509631,1,0,0,72.72
1784844509768,0,0,0,72.94
1784844509768,1,0,0,72.58
1784844509905,0,0,0,72.93
1784844509905,1,0,0,72.62
1784844510041,0,0,0,72.91
1784844510041,1,0,0,72.70
1784844510177,0,0,0,72.89
1784844510177,1,0,0,72.56
1784844510313,0,0,0,72.90
1784844510313,1,0,0,72.54
1784844510450,0,0,0,72.90
1784844510450,1,0,0,72.64
1784844510586,0,0,0,72.89
1784844510586,1,0,0,72.55
1784844510723,0,0,0,72.91
1784844510723,1,0,0,72.52
1784844510859,0,0,0,72.90
1784844510859,1,0,0,72.53
1784844510995,0,0,0,72.89
1784844510995,1,0,0,72.58
1784844511131,0,0,0,72.90
1784844511131,1,0,0,72.50
1784844511267,0,0,0,72.91
1784844511267,1,0,0,72.59
1784844511403,0,0,0,72.90
1784844511403,1,0,0,72.64
1784844511540,0,0,0,72.89
1784844511540,1,0,0,72.55
1784844511677,0,0,0,72.88
1784844511677,1,0,0,72.53
1784844511813,0,0,0,72.86
1784844511813,1,0,0,72.65
1784844511949,0,0,0,72.87
1784844511949,1,0,0,72.59
1784844512085,0,0,0,72.88
1784844512085,1,0,0,72.49
1784844512221,0,0,0,72.87
1784844512221,1,0,0,72.59
1784844512359,0,0,0,72.89
1784844512359,1,0,0,72.62
1784844512496,0,0,0,72.89
1784844512496,1,0,0,72.49
1784844512632,0,0,0,72.92
1784844512632,1,0,0,72.51
1784844512768,0,0,0,72.92
1784844512768,1,0,0,72.61
1784844512904,0,0,0,72.91
1784844512904,1,0,0,72.55
1784844513040,0,0,0,72.91
1784844513040,1,0,0,72.55
1784844513176,0,0,0,72.88
1784844513176,1,0,0,72.72
1784844513312,0,0,0,72.89
1784844513312,1,0,0,72.64
1784844513448,0,0,0,72.87
1784844513448,1,0,0,72.60
1784844513584,0,0,0,72.88
1784844513584,1,0,0,72.75
1784844513720,0,0,0,72.87
1784844513720,1,0,0,72.71
1784844513857,0,0,0,72.89
1784844513857,1,0,0,72.61
1784844513993,0,0,0,72.90
1784844513993,1,0,0,72.65
1784844514130,0,0,0,72.91
1784844514130,1,0,0,72.73
1784844514268,0,0,0,72.92
1784844514268,1,0,0,72.56
1784844514406,0,0,0,72.92
1784844514406,1,0,0,72.57
1784844514542,0,0,0,72.90
1784844514542,1,0,0,72.71
1784844514678,0,0,0,72.89
1784844514678,1,0,0,72.56
1784844514815,0,0,0,72.89
1784844514815,1,0,0,72.54
1784844514951,0,0,0,72.87
1784844514951,1,0,0,72.62
1784844515088,0,0,0,72.87
1784844515088,1,0,0,72.63
1784844515225,0,0,0,72.89
1784844515225,1,0,0,72.56
1784844515361,0,0,0,72.89
1784844515361,1,0,0,72.57
1784844515498,0,0,0,72.91
1784844515498,1,0,0,72.71
1784844515633,0,0,0,72.92
1784844515633,1,0,0,72.57
1784844515770,0,0,0,72.91
1784844515770,1,0,0,72.60
1784844515906,0,0,0,72.91
1784844515906,1,0,0,72.68
1784844516043,0,0,0,72.90
1784844516043,1,0,0,72.59
1784844516180,0,0,0,72.90
1784844516180,1,0,0,72.51
1784844516315,0,0,0,72.89
1784844516315,1,0,0,72.62
1784844516452,0,0,0,72.92
1784844516452,1,0,0,72.59
1784844516588,0,0,0,72.90
1784844516588,1,0,0,72.49
1784844516725,0,0,0,72.92
1784844516725,1,0,0,72.54
1784844516861,0,0,0,72.92
1784844516861,1,0,0,72.64
1784844516998,0,0,0,72.93
1784844516998,1,0,0,72.51
1784844517135,0,0,0,72.93
1784844517135,1,0,0,72.51
1784844517272,0,0,0,72.93
1784844517272,1,0,0,72.64
1784844517408,0,0,0,72.92
1784844517408,1,0,0,72.53
1784844517544,0,0,0,72.93
1784844517544,1,0,0,72.50
1784844517680,0,0,0,72.91
1784844517680,1,0,0,72.64
1784844517817,0,0,0,72.90
1784844517817,1,0,0,72.60
1784844517953,0,0,0,72.91
1784844517953,1,0,0,72.50
1784844518090,0,0,0,72.90
1784844518090,1,0,0,72.56
1784844518227,0,0,0,72.89
1784844518227,1,0,0,72.61
1784844518363,0,0,0,72.90
1784844518363,1,0,0,72.52
1784844518500,0,0,0,72.89
1784844518500,1,0,0,72.52
1784844518636,0,0,0,72.89
1784844518636,1,0,0,72.63
1784844518773,0,0,0,72.89
1784844518773,1,0,0,72.49
1784844518910,0,0,0,72.88
1784844518910,1,0,0,72.48
1784844519047,0,0,0,72.88
1784844519047,1,0,0,72.57
1784844519183,0,0,0,72.88
1784844519183,1,0,0,72.53
1784844519320,0,0,0,72.88
1784844519320,1,0,0,72.48
1784844519457,0,0,0,72.87
1784844519457,1,0,0,72.49
1784844519594,0,0,0,72.86
1784844519594,1,0,0,72.59
1784844519730,0,0,0,72.86
1784844519730,1,0,0,72.52
1784844519866,0,0,0,72.87
1784844519866,1,0,0,72.50
1784844520003,0,0,0,72.86
1784844520003,1,0,0,72.67
1784844520140,0,0,0,72.88
1784844520140,1,0,0,72.55
1784844520277,0,0,0,72.87
1784844520277,1,0,0,72.53
1784844520413,0,0,0,72.85
1784844520413,1,0,0,72.66
1784844520550,0,0,0,72.85
1784844520550,1,0,0,72.59
1784844520687,0,0,0,72.85
1784844520687,1,0,0,72.47
1784844520824,0,0,0,72.85
1784844520824,1,0,0,72.57
1784844520960,0,0,0,72.85
1784844520960,1,0,0,72.63
1784844521097,0,0,0,72.88
1784844521097,1,0,0,72.46
1784844521234,0,0,0,72.87
1784844521234,1,0,0,72.51
1784844521370,0,0,0,72.88
1784844521370,1,0,0,72.61
1784844521506,0,0,0,72.90
1784844521506,1,0,0,72.50
1784844521642,0,0,0,72.88
1784844521642,1,0,0,72.48
1784844521779,0,0,0,72.86
1784844521779,1,0,0,72.63
1784844521916,0,0,0,72.86
1784844521916,1,0,0,72.53
1784844522051,0,0,0,72.86
1784844522051,1,0,0,72.47
1784844522188,0,0,0,72.84
1784844522188,1,0,0,72.59
1784844522325,0,0,0,72.87
1784844522325,1,0,0,72.58
1784844522462,0,0,0,72.86
1784844522462,1,0,0,72.48
1784844522598,0,0,0,72.87
1784844522598,1,0,0,72.51
1784844522735,0,0,0,72.85
1784844522735,1,0,0,72.60
1784844522871,0,0,0,72.85
1784844522871,1,0,0,72.44
1784844523006,0,0,0,72.87
1784844523006,1,0,0,72.45
1784844523142,0,0,0,72.85
1784844523142,1,0,0,72.56
1784844523278,0,0,0,72.84
1784844523278,1,0,0,72.43
1784844523414,0,0,0,72.82
1784844523414,1,0,0,72.39
1784844523550,0,0,0,72.81
1784844523550,1,0,0,72.46
1784844523686,0,0,0,72.81
1784844523686,1,0,0,72.49
1784844523822,0,0,0,72.82
1784844523822,1,0,0,72.40
1784844523958,0,0,0,72.79
1784844523958,1,0,0,72.42
1784844524094,0,0,0,72.78
1784844524094,1,0,0,72.51
1784844524230,0,0,0,72.79
1784844524230,1,0,0,72.43
1784844524366,0,0,0,72.78
1784844524366,1,0,0,72.41
1784844524504,0,0,0,72.79
1784844524504,1,0,0,72.58
1784844524640,0,0,0,72.80
1784844524640,1,0,0,72.48
1784844524776,0,0,0,72.80
1784844524776,1,0,0,72.42
1784844524912,0,0,0,72.80
1784844524912,1,0,0,72.51
1784844525049,0,0,0,72.79
1784844525049,1,0,0,72.55
1784844525185,0,0,0,72.79
1784844525185,1,0,0,72.41
1784844525323,0,0,0,72.78
1784844525323,1,0,0,72.46
1784844525459,0,0,0,72.79
1784844525459,1,0,0,72.59
1784844525594,0,0,0,72.78
1784844525594,1,0,0,72.45
1784844525731,0,0,0,72.80
1784844525731,1,0,0,72.44
1784844525868,0,0,0,72.80
1784844525868,1,0,0,72.54
1784844526005,0,0,0,72.84
1784844526005,1,0,0,72.49
1784844526141,0,0,0,72.83
1784844526141,1,0,0,72.45
1784844526278,0,0,0,72.82
1784844526278,1,0,0,72.62
1784844526414,0,0,0,72.83
1784844526414,1,0,0,72.59
1784844526550,0,0,0,72.81
1784844526550,1,0,0,72.48
1784844526687,0,0,0,72.79
1784844526687,1,0,0,72.58
1784844526823,0,0,0,72.80
1784844526823,1,0,0,72.65
1784844526960,0,0,0,72.78
1784844526960,1,0,0,72.52
1784844527096,0,0,0,72.79
1784844527096,1,0,0,72.47
1784844527233,0,0,0,72.81
1784844527233,1,0,0,72.61
1784844527370,0,0,0,72.79
1784844527370,1,0,0,72.54
1784844527507,0,0,0,72.78
1784844527507,1,0,0,72.45
1784844527643,0,0,0,72.79
1784844527643,1,0,0,72.54
1784844527780,0,0,0,72.78
1784844527780,1,0,0,72.49
1784844527916,0,0,0,72.79
1784844527916,1,0,0,72.43
1784844528052,0,0,0,72.76
1784844528052,1,0,0,72.46
1784844528189,0,0,0,72.78
1784844528189,1,0,0,72.54
1784844528326,0,0,0,72.77
1784844528326,1,0,0,72.43
1784844528463,0,0,0,72.78
1784844528463,1,0,0,72.42
1784844528599,0,0,0,72.79
1784844528599,1,0,0,72.54
1784844528735,0,0,0,72.79
1784844528735,1,0,0,72.43
1784844528871,0,0,0,72.79
1784844528871,1,0,0,72.38
1784844529008,0,0,0,72.80
1784844529008,1,0,0,72.50
1784844529143,0,0,0,72.80
1784844529143,1,0,0,72.48
1784844529280,0,0,0,72.77
1784844529280,1,0,0,72.38
1784844529416,0,0,0,72.79
1784844529416,1,0,0,72.46
1784844529555,0,0,0,72.78
1784844529555,1,0,0,72.56
1784844529691,0,0,0,72.77
1784844529691,1,0,0,72.40
1784844529827,0,0,0,72.75
1784844529827,1,0,0,72.39
1784844529963,0,0,0,72.74
1784844529963,1,0,0,72.52
