timestamp_ms,gpu_index,gpu_util_pct,mem_util_pct,power_w
1782640276216,0,0,0,71.54
1782640276216,1,0,0,74.85
1782640276216,2,0,0,73.02
1782640276216,3,0,0,69.44
1782640276216,4,0,0,68.88
1782640276216,5,0,0,69.50
1782640276216,6,0,0,66.21
1782640276216,7,0,0,69.14
1782640276537,0,0,0,71.52
1782640276537,1,0,0,74.86
1782640276537,2,0,0,73.04
1782640276537,3,0,0,69.39
1782640276537,4,0,0,68.86
1782640276537,5,0,0,69.45
1782640276537,6,0,0,66.22
1782640276537,7,0,0,69.14
1782640277264,0,0,0,71.50
1782640277264,1,0,0,74.84
1782640277264,2,0,0,73.03
1782640277264,3,0,0,69.39
1782640277264,4,0,0,68.87
1782640277264,5,0,0,69.48
1782640277264,6,0,0,66.24
1782640277264,7,0,0,69.14
1782640277509,0,0,0,71.48
1782640277509,1,0,0,74.83
1782640277509,2,0,0,73.02
1782640277509,3,0,0,69.37
1782640277509,4,0,0,68.86
1782640277509,5,0,0,69.46
1782640277509,6,0,0,66.27
1782640277509,7,0,0,69.16
1782640277754,0,0,0,71.50
1782640277754,1,0,0,74.83
1782640277754,2,0,0,73.01
1782640277754,3,0,0,69.39
1782640277754,4,0,0,68.83
1782640277754,5,0,0,69.46
1782640277754,6,0,0,66.27
1782640277754,7,0,0,69.17
1782640277999,0,0,0,71.47
1782640277999,1,0,0,74.81
1782640277999,2,0,0,73.01
1782640277999,3,0,0,69.39
1782640277999,4,0,0,68.82
1782640277999,5,0,0,69.45
1782640277999,6,0,0,66.22
1782640277999,7,0,0,69.15
1782640278241,0,0,0,71.48
1782640278241,1,0,0,74.82
1782640278241,2,0,0,72.99
1782640278241,3,0,0,69.40
1782640278241,4,0,0,68.81
1782640278241,5,0,0,69.43
1782640278241,6,0,0,66.21
1782640278241,7,0,0,69.18
1782640278485,0,0,0,71.49
1782640278485,1,0,0,74.81
1782640278485,2,0,0,73.00
1782640278485,3,0,0,69.43
1782640278485,4,0,0,68.80
1782640278485,5,0,0,69.44
1782640278485,6,0,0,66.23
1782640278485,7,0,0,69.18
1782640278728,0,0,0,71.50
1782640278728,1,0,0,74.81
1782640278728,2,0,0,73.00
1782640278728,3,0,0,69.41
1782640278728,4,0,0,68.81
1782640278728,5,0,0,69.43
1782640278728,6,0,0,66.25
1782640278728,7,0,0,69.17
1782640278971,0,0,0,71.49
1782640278971,1,0,0,74.82
1782640278971,2,0,0,73.01
1782640278971,3,0,0,69.43
1782640278971,4,0,0,68.82
1782640278971,5,0,0,69.43
1782640278971,6,0,0,66.30
1782640278971,7,0,0,69.19
1782640279271,0,0,0,71.50
1782640279271,1,0,0,74.78
1782640279271,2,0,0,72.95
1782640279271,3,0,0,69.45
1782640279271,4,0,0,68.86
1782640279271,5,0,0,69.43
1782640279271,6,0,0,66.21
1782640279271,7,0,0,69.20
1782640279894,0,0,0,71.55
1782640279894,1,0,0,74.79
1782640279894,2,0,0,72.95
1782640279894,3,0,0,69.46
1782640279894,4,0,0,68.86
1782640279894,5,0,0,69.44
1782640279894,6,0,0,66.22
1782640279894,7,0,0,69.18
1782640280618,0,0,0,71.55
1782640280618,1,0,0,74.80
1782640280618,2,0,0,72.94
1782640280618,3,0,0,69.48
1782640280618,4,0,0,68.92
1782640280618,5,0,0,69.46
1782640280618,6,0,0,66.19
1782640280618,7,0,0,69.13
1782640281963,0,0,0,71.50
1782640281963,1,0,0,74.76
1782640281963,2,0,0,72.92
1782640281963,3,0,0,69.43
1782640281963,4,0,0,68.85
1782640281963,5,0,0,69.43
1782640281963,6,0,0,68.26
1782640281963,7,0,0,69.15
1782640282207,0,0,0,71.50
1782640282207,1,0,0,74.78
1782640282207,2,0,0,72.92
1782640282207,3,0,0,69.43
1782640282207,4,0,0,68.85
1782640282207,5,0,0,69.46
1782640282207,6,0,0,69.10
1782640282207,7,0,0,69.15
1782640282451,0,0,0,71.51
1782640282451,1,0,0,74.78
1782640282451,2,0,0,72.94
1782640282451,3,0,0,69.41
1782640282451,4,0,0,68.86
1782640282451,5,0,0,69.46
1782640282451,6,0,0,69.09
1782640282451,7,0,0,69.16
1782640282693,0,0,0,71.51
1782640282693,1,0,0,74.77
1782640282693,2,0,0,72.93
1782640282693,3,0,0,69.41
1782640282693,4,0,0,68.87
1782640282693,5,0,0,69.46
1782640282693,6,0,0,69.10
1782640282693,7,0,0,69.13
1782640282939,0,0,0,71.51
1782640282939,1,0,0,74.79
1782640282939,2,0,0,72.93
1782640282939,3,0,0,69.41
1782640282939,4,0,0,68.83
1782640282939,5,0,0,69.47
1782640282939,6,0,0,67.74
1782640282939,7,0,0,69.15
1782640283780,0,0,0,71.48
1782640283780,1,0,0,74.79
1782640283780,2,0,0,72.91
1782640283780,3,0,0,69.39
1782640283780,4,0,0,68.83
1782640283780,5,0,0,69.46
1782640283780,6,0,0,66.87
1782640283780,7,0,0,69.15
1782640284023,0,0,0,71.44
1782640284023,1,0,0,74.79
1782640284023,2,0,0,72.90
1782640284023,3,0,0,69.39
1782640284023,4,0,0,68.81
1782640284023,5,0,0,69.46
1782640284023,6,0,0,66.33
1782640284023,7,0,0,69.15
1782640284268,0,0,0,71.45
1782640284268,1,0,0,74.78
1782640284268,2,0,0,72.91
1782640284268,3,0,0,69.38
1782640284268,4,0,0,68.79
1782640284268,5,0,0,69.46
1782640284268,6,0,0,66.21
1782640284268,7,0,0,69.14
1782640284513,0,0,0,71.44
1782640284513,1,0,0,74.78
1782640284513,2,0,0,72.90
1782640284513,3,0,0,69.37
1782640284513,4,0,0,68.78
1782640284513,5,0,0,69.42
1782640284513,6,0,0,66.20
1782640284513,7,0,0,69.15
1782640284756,0,0,0,71.43
1782640284756,1,0,0,74.76
1782640284756,2,0,0,72.89
1782640284756,3,0,0,69.37
1782640284756,4,0,0,68.78
1782640284756,5,0,0,69.43
1782640284756,6,0,0,66.20
1782640284756,7,0,0,69.15
1782640285000,0,0,0,71.41
1782640285000,1,0,0,74.76
1782640285000,2,0,0,72.92
1782640285000,3,0,0,69.36
1782640285000,4,0,0,68.75
1782640285000,5,0,0,69.42
1782640285000,6,0,0,66.19
1782640285000,7,0,0,69.16
1782640285243,0,0,0,71.43
1782640285243,1,0,0,74.74
1782640285243,2,0,0,72.88
1782640285243,3,0,0,69.37
1782640285243,4,0,0,68.77
1782640285243,5,0,0,69.40
1782640285243,6,0,0,66.25
1782640285243,7,0,0,69.15
1782640285487,0,0,0,71.42
1782640285487,1,0,0,74.75
1782640285487,2,0,0,72.88
1782640285487,3,0,0,69.36
1782640285487,4,0,0,68.78
1782640285487,5,0,0,69.41
1782640285487,6,0,0,66.27
1782640285487,7,0,0,69.15
1782640285731,0,0,0,71.44
1782640285731,1,0,0,74.74
1782640285731,2,0,0,72.90
1782640285731,3,0,0,69.37
1782640285731,4,0,0,68.79
1782640285731,5,0,0,69.42
1782640285731,6,0,0,66.27
1782640285731,7,0,0,69.15
1782640285975,0,0,0,71.43
1782640285975,1,0,0,74.76
1782640285975,2,0,0,72.88
1782640285975,3,0,0,69.36
1782640285975,4,0,0,68.81
1782640285975,5,0,0,69.41
1782640285975,6,0,0,66.26
1782640285975,7,0,0,69.15
1782640286221,0,0,0,71.43
1782640286221,1,0,0,74.72
1782640286221,2,0,0,72.88
1782640286221,3,0,0,69.37
1782640286221,4,0,0,68.77
1782640286221,5,0,0,69.44
1782640286221,6,0,0,66.19
1782640286221,7,0,0,69.16
1782640286465,0,0,0,71.41
1782640286465,1,0,0,74.72
1782640286465,2,0,0,72.86
1782640286465,3,0,0,69.37
1782640286465,4,0,0,68.79
1782640286465,5,0,0,69.41
1782640286465,6,0,0,66.19
1782640286465,7,0,0,69.15
1782640286711,0,0,0,71.43
1782640286711,1,0,0,74.71
1782640286711,2,0,0,72.85
1782640286711,3,0,0,69.36
1782640286711,4,0,0,68.81
1782640286711,5,0,0,69.42
1782640286711,6,0,0,66.22
1782640286711,7,0,0,69.14
1782640286959,0,0,0,71.43
1782640286959,1,0,0,74.69
1782640286959,2,0,0,72.86
1782640286959,3,0,0,69.35
1782640286959,4,0,0,68.78
1782640286959,5,0,0,69.40
1782640286959,6,0,0,66.25
1782640286959,7,0,0,69.13
1782640287207,0,0,0,71.45
1782640287207,1,0,0,74.73
1782640287207,2,0,0,72.85
1782640287207,3,0,0,69.35
1782640287207,4,0,0,68.82
1782640287207,5,0,0,69.41
1782640287207,6,0,0,66.25
1782640287207,7,0,0,69.11
1782640287454,0,0,0,71.46
1782640287454,1,0,0,74.72
1782640287454,2,0,0,72.84
1782640287454,3,0,0,69.35
1782640287454,4,0,0,68.79
1782640287454,5,0,0,69.41
1782640287454,6,0,0,66.24
1782640287454,7,0,0,69.11
1782640287699,0,0,0,71.45
1782640287699,1,0,0,74.71
1782640287699,2,0,0,72.84
1782640287699,3,0,0,69.35
1782640287699,4,0,0,68.79
1782640287699,5,0,0,69.42
1782640287699,6,0,0,66.20
1782640287699,7,0,0,69.11
1782640287947,0,0,0,71.46
1782640287947,1,0,0,74.71
1782640287947,2,0,0,72.85
1782640287947,3,0,0,69.34
1782640287947,4,0,0,68.79
1782640287947,5,0,0,69.43
1782640287947,6,0,0,66.13
1782640287947,7,0,0,69.09
1782640288194,0,0,0,71.43
1782640288194,1,0,0,74.72
1782640288194,2,0,0,72.86
1782640288194,3,0,0,69.33
1782640288194,4,0,0,68.79
1782640288194,5,0,0,69.41
1782640288194,6,0,0,66.09
1782640288194,7,0,0,69.08
1782640288444,0,0,0,71.44
1782640288444,1,0,0,74.72
1782640288444,2,0,0,72.88
1782640288444,3,0,0,69.32
1782640288444,4,0,0,68.81
1782640288444,5,0,0,69.43
1782640288444,6,0,0,66.11
1782640288444,7,0,0,69.07
1782640288693,0,0,0,71.49
1782640288693,1,0,0,74.74
1782640288693,2,0,0,72.89
1782640288693,3,0,0,69.33
1782640288693,4,0,0,68.82
1782640288693,5,0,0,69.40
1782640288693,6,0,0,66.12
1782640288693,7,0,0,69.07
1782640288941,0,0,0,71.62
1782640288941,1,0,0,74.75
1782640288941,2,0,0,72.86
1782640288941,3,0,0,69.33
1782640288941,4,0,0,68.82
1782640288941,5,0,0,69.43
1782640288941,6,0,0,66.12
1782640288941,7,0,0,69.10
1782640289276,0,0,0,71.82
1782640289276,1,0,0,74.76
1782640289276,2,0,0,72.87
1782640289276,3,0,0,69.31
1782640289276,4,0,0,68.81
1782640289276,5,0,0,69.41
1782640289276,6,0,0,66.02
1782640289276,7,0,0,69.10
1782640290037,0,0,0,71.79
1782640290037,1,0,0,74.74
1782640290037,2,0,0,72.87
1782640290037,3,0,0,69.31
1782640290037,4,0,0,68.78
1782640290037,5,0,0,69.41
1782640290037,6,0,0,66.10
1782640290037,7,0,0,69.10
1782640290328,0,0,0,71.77
1782640290328,1,0,0,74.73
1782640290328,2,0,0,72.86
1782640290328,3,0,0,69.32
1782640290328,4,0,0,68.75
1782640290328,5,0,0,69.37
1782640290328,6,0,0,66.16
1782640290328,7,0,0,69.12
1782640290581,0,0,0,71.77
1782640290581,1,0,0,74.74
1782640290581,2,0,0,72.86
1782640290581,3,0,0,69.34
1782640290581,4,0,0,68.77
1782640290581,5,0,0,69.37
1782640290581,6,0,0,66.18
1782640290581,7,0,0,69.14
1782640290854,0,0,0,71.75
1782640290854,1,0,0,74.72
1782640290854,2,0,0,72.87
1782640290854,3,0,0,69.32
1782640290854,4,0,0,68.77
1782640290854,5,0,0,69.39
1782640290854,6,0,0,66.20
1782640290854,7,0,0,69.15
1782640291133,0,0,0,71.75
1782640291133,1,0,0,74.73
1782640291133,2,0,0,72.86
1782640291133,3,0,0,69.34
1782640291133,4,0,0,68.78
1782640291133,5,0,0,69.40
1782640291133,6,0,0,66.20
1782640291133,7,0,0,69.14
1782640291420,0,0,0,71.73
1782640291420,1,0,0,74.76
1782640291420,2,0,0,72.83
1782640291420,3,0,0,69.36
1782640291420,4,0,0,68.75
1782640291420,5,0,0,69.39
1782640291420,6,0,0,66.21
1782640291420,7,0,0,69.16
1782640291687,0,0,0,71.74
1782640291687,1,0,0,74.73
1782640291687,2,0,0,72.83
1782640291687,3,0,0,69.38
1782640291687,4,0,0,68.75
1782640291687,5,0,0,69.39
1782640291687,6,0,0,66.22
1782640291687,7,0,0,69.13
1782640291939,0,0,0,71.75
1782640291939,1,0,0,74.72
1782640291939,2,0,0,72.81
1782640291939,3,0,0,69.38
1782640291939,4,0,0,68.75
1782640291939,5,0,0,69.39
1782640291939,6,0,0,66.22
1782640291939,7,0,0,69.12
1782640292198,0,0,0,71.76
1782640292198,1,0,0,74.71
1782640292198,2,0,0,72.80
1782640292198,3,0,0,69.38
1782640292198,4,0,0,68.75
1782640292198,5,0,0,69.38
1782640292198,6,0,0,66.21
1782640292198,7,0,0,69.13
1782640292447,0,0,0,71.75
1782640292447,1,0,0,74.68
1782640292447,2,0,0,72.80
1782640292447,3,0,0,69.39
1782640292447,4,0,0,68.77
1782640292447,5,0,0,69.40
1782640292447,6,0,0,66.17
1782640292447,7,0,0,69.11
1782640292695,0,0,0,71.77
1782640292695,1,0,0,74.68
1782640292695,2,0,0,72.79
1782640292695,3,0,0,69.38
1782640292695,4,0,0,68.75
1782640292695,5,0,0,69.38
1782640292695,6,0,0,66.12
1782640292695,7,0,0,69.12
1782640292944,0,0,0,71.77
1782640292944,1,0,0,74.70
1782640292944,2,0,0,72.79
1782640292944,3,0,0,69.40
1782640292944,4,0,0,68.76
1782640292944,5,0,0,69.36
1782640292944,6,0,0,66.15
1782640292944,7,0,0,69.11
1782640293194,0,0,0,71.78
1782640293194,1,0,0,74.71
1782640293194,2,0,0,72.74
1782640293194,3,0,0,69.38
1782640293194,4,0,0,68.76
1782640293194,5,0,0,69.37
1782640293194,6,0,0,66.16
1782640293194,7,0,0,69.09
1782640293442,0,0,0,71.76
1782640293442,1,0,0,74.70
1782640293442,2,0,0,72.75
1782640293442,3,0,0,69.38
1782640293442,4,0,0,68.75
1782640293442,5,0,0,69.40
1782640293442,6,0,0,66.18
1782640293442,7,0,0,69.08
1782640293689,0,0,0,71.77
1782640293689,1,0,0,74.72
1782640293689,2,0,0,72.76
1782640293689,3,0,0,69.38
1782640293689,4,0,0,68.76
1782640293689,5,0,0,69.40
1782640293689,6,0,0,66.21
1782640293689,7,0,0,69.07
1782640293938,0,0,0,71.77
1782640293938,1,0,0,74.70
1782640293938,2,0,0,72.77
1782640293938,3,0,0,69.34
1782640293938,4,0,0,68.76
1782640293938,5,0,0,69.43
1782640293938,6,0,0,66.14
1782640293938,7,0,0,69.07
1782640294187,0,0,0,71.78
1782640294187,1,0,0,74.70
1782640294187,2,0,0,72.81
1782640294187,3,0,0,69.35
1782640294187,4,0,0,68.76
1782640294187,5,0,0,69.40
1782640294187,6,0,0,66.08
1782640294187,7,0,0,69.06
1782640294438,0,0,0,71.78
1782640294438,1,0,0,74.72
1782640294438,2,0,0,72.78
1782640294438,3,0,0,69.35
1782640294438,4,0,0,68.75
1782640294438,5,0,0,69.41
1782640294438,6,0,0,66.02
1782640294438,7,0,0,69.08
1782640294686,0,0,0,71.75
1782640294686,1,0,0,74.73
1782640294686,2,0,0,72.78
1782640294686,3,0,0,69.33
1782640294686,4,0,0,68.79
1782640294686,5,0,0,69.45
1782640294686,6,0,0,66.05
1782640294686,7,0,0,69.06
1782640295086,0,0,0,71.72
1782640295086,1,0,0,74.72
1782640295086,2,0,0,72.76
1782640295086,3,0,0,69.32
1782640295086,4,0,0,68.78
1782640295086,5,0,0,69.46
1782640295086,6,0,0,66.07
1782640295086,7,0,0,69.07
1782640295332,0,0,0,71.74
1782640295332,1,0,0,74.71
1782640295332,2,0,0,72.75
1782640295332,3,0,0,69.33
1782640295332,4,0,0,68.79
1782640295332,5,0,0,69.45
1782640295332,6,0,0,66.12
1782640295332,7,0,0,69.07
1782640295611,0,0,0,71.76
1782640295611,1,0,0,74.71
1782640295611,2,0,0,72.76
1782640295611,3,0,0,69.33
1782640295611,4,0,0,68.78
1782640295611,5,0,0,69.46
1782640295611,6,0,0,66.11
1782640295611,7,0,0,69.09
1782640295860,0,0,0,71.76
1782640295860,1,0,0,74.70
1782640295860,2,0,0,72.76
1782640295860,3,0,0,69.30
1782640295860,4,0,0,68.78
1782640295860,5,0,0,69.43
1782640295860,6,0,0,66.09
1782640295860,7,0,0,69.09
1782640296110,0,0,0,71.74
1782640296110,1,0,0,74.70
1782640296110,2,0,0,72.76
1782640296110,3,0,0,69.30
1782640296110,4,0,0,68.78
1782640296110,5,0,0,69.43
1782640296110,6,0,0,66.05
1782640296110,7,0,0,69.06
1782640296359,0,0,0,71.74
1782640296359,1,0,0,74.71
1782640296359,2,0,0,72.76
1782640296359,3,0,0,69.28
1782640296359,4,0,0,68.77
1782640296359,5,0,0,69.41
1782640296359,6,0,0,66.06
1782640296359,7,0,0,69.07
1782640296607,0,0,0,71.72
1782640296607,1,0,0,74.74
1782640296607,2,0,0,72.79
1782640296607,3,0,0,69.27
1782640296607,4,0,0,68.76
1782640296607,5,0,0,69.40
1782640296607,6,0,0,66.07
1782640296607,7,0,0,69.07
1782640296856,0,0,0,71.70
1782640296856,1,0,0,74.73
1782640296856,2,0,0,72.79
1782640296856,3,0,0,69.28
1782640296856,4,0,0,68.74
1782640296856,5,0,0,69.40
1782640296856,6,0,0,66.12
1782640296856,7,0,0,69.07
1782640297104,0,0,0,71.69
1782640297104,1,0,0,74.72
1782640297104,2,0,0,72.81
1782640297104,3,0,0,69.28
1782640297104,4,0,0,68.71
1782640297104,5,0,0,69.38
1782640297104,6,0,0,66.14
1782640297104,7,0,0,69.11
1782640297354,0,0,0,71.70
1782640297354,1,0,0,74.71
1782640297354,2,0,0,72.79
1782640297354,3,0,0,69.28
1782640297354,4,0,0,68.72
1782640297354,5,0,0,69.37
1782640297354,6,0,0,66.12
1782640297354,7,0,0,69.09
1782640297602,0,0,0,71.69
1782640297602,1,0,0,74.68
1782640297602,2,0,0,72.76
1782640297602,3,0,0,69.30
1782640297602,4,0,0,68.71
1782640297602,5,0,0,69.34
1782640297602,6,0,0,66.14
1782640297602,7,0,0,69.10
1782640297852,0,0,0,71.70
1782640297852,1,0,0,74.68
1782640297852,2,0,0,72.75
1782640297852,3,0,0,69.31
1782640297852,4,0,0,68.73
1782640297852,5,0,0,69.36
1782640297852,6,0,0,66.18
1782640297852,7,0,0,69.10
1782640298155,0,0,0,71.72
1782640298155,1,0,0,74.69
1782640298155,2,0,0,72.75
1782640298155,3,0,0,69.32
1782640298155,4,0,0,68.73
1782640298155,5,0,0,69.36
1782640298155,6,0,0,66.18
1782640298155,7,0,0,69.11
1782640298464,0,0,0,71.73
1782640298464,1,0,0,74.69
1782640298464,2,0,0,72.73
1782640298464,3,0,0,69.33
1782640298464,4,0,0,68.70
1782640298464,5,0,0,69.36
1782640298464,6,0,0,66.20
1782640298464,7,0,0,69.11
1782640298720,0,0,0,71.75
1782640298720,1,0,0,74.71
1782640298720,2,0,0,72.73
1782640298720,3,0,0,69.35
1782640298720,4,0,0,68.72
1782640298720,5,0,0,69.36
1782640298720,6,0,0,66.15
1782640298720,7,0,0,69.10
1782640298968,0,0,0,71.71
1782640298968,1,0,0,74.68
1782640298968,2,0,0,72.74
1782640298968,3,0,0,69.34
1782640298968,4,0,0,68.72
1782640298968,5,0,0,69.37
1782640298968,6,0,0,66.13
1782640298968,7,0,0,69.11
1782640299218,0,0,0,71.70
1782640299218,1,0,0,74.65
1782640299218,2,0,0,72.71
1782640299218,3,0,0,69.43
1782640299218,4,0,0,68.72
1782640299218,5,0,0,69.36
1782640299218,6,0,0,66.13
1782640299218,7,0,0,69.11
1782640299576,0,0,0,71.72
1782640299576,1,0,0,74.68
1782640299576,2,0,0,72.71
1782640299576,3,0,0,69.63
1782640299576,4,0,0,68.74
1782640299576,5,0,0,69.36
1782640299576,6,0,0,66.14
1782640299576,7,0,0,69.07
1782640300294,0,0,0,71.72
1782640300294,1,0,0,74.70
1782640300294,2,0,0,72.72
1782640300294,3,0,0,69.62
1782640300294,4,0,0,68.75
1782640300294,5,0,0,69.38
1782640300294,6,0,0,66.11
1782640300294,7,0,0,69.07
1782640300545,0,0,0,71.70
1782640300545,1,0,0,74.71
1782640300545,2,0,0,72.71
1782640300545,3,0,0,69.62
1782640300545,4,0,0,68.73
1782640300545,5,0,0,69.37
1782640300545,6,0,0,66.04
1782640300545,7,0,0,69.05
1782640300794,0,0,0,71.71
1782640300794,1,0,0,74.78
1782640300794,2,0,0,72.70
1782640300794,3,0,0,69.60
1782640300794,4,0,0,68.75
1782640300794,5,0,0,69.37
1782640300794,6,0,0,66.01
1782640300794,7,0,0,69.05
1782640301044,0,0,0,71.71
1782640301044,1,0,0,74.89
1782640301044,2,0,0,72.72
1782640301044,3,0,0,69.57
1782640301044,4,0,0,68.75
1782640301044,5,0,0,69.38
1782640301044,6,0,0,66.01
1782640301044,7,0,0,69.02
1782640301312,0,0,0,71.71
1782640301312,1,0,0,74.95
1782640301312,2,0,0,72.71
1782640301312,3,0,0,69.54
1782640301312,4,0,0,68.75
1782640301312,5,0,0,69.37
1782640301312,6,0,0,66.01
1782640301312,7,0,0,69.04
1782640301576,0,0,0,71.71
1782640301576,1,0,0,75.04
1782640301576,2,0,0,72.72
1782640301576,3,0,0,69.52
1782640301576,4,0,0,68.73
1782640301576,5,0,0,69.40
1782640301576,6,0,0,66.03
1782640301576,7,0,0,69.04
1782640301908,0,0,0,71.71
1782640301908,1,0,0,75.04
1782640301908,2,0,0,72.72
1782640301908,3,0,0,69.51
1782640301908,4,0,0,68.70
1782640301908,5,0,0,69.40
1782640301908,6,0,0,66.00
1782640301908,7,0,0,69.05
1782640302157,0,0,0,71.70
1782640302157,1,0,0,75.04
1782640302157,2,0,0,72.72
1782640302157,3,0,0,69.51
1782640302157,4,0,0,68.71
1782640302157,5,0,0,69.42
1782640302157,6,0,0,66.00
1782640302157,7,0,0,69.06
1782640302408,0,0,0,71.69
1782640302408,1,0,0,75.05
1782640302408,2,0,0,72.71
1782640302408,3,0,0,69.53
1782640302408,4,0,0,68.73
1782640302408,5,0,0,69.43
1782640302408,6,0,0,65.98
1782640302408,7,0,0,69.07
1782640302658,0,0,0,71.67
1782640302658,1,0,0,75.03
1782640302658,2,0,0,72.72
1782640302658,3,0,0,69.53
1782640302658,4,0,0,68.73
1782640302658,5,0,0,69.41
1782640302658,6,0,0,66.01
1782640302658,7,0,0,69.06
1782640302909,0,0,0,71.66
1782640302909,1,0,0,75.04
1782640302909,2,0,0,72.69
1782640302909,3,0,0,69.52
1782640302909,4,0,0,68.72
1782640302909,5,0,0,69.41
1782640302909,6,0,0,66.04
1782640302909,7,0,0,69.08
1782640303158,0,0,0,71.64
1782640303158,1,0,0,75.01
1782640303158,2,0,0,72.70
1782640303158,3,0,0,69.53
1782640303158,4,0,0,68.71
1782640303158,5,0,0,69.39
1782640303158,6,0,0,66.07
1782640303158,7,0,0,69.08
1782640303406,0,0,0,71.62
1782640303406,1,0,0,74.99
1782640303406,2,0,0,72.68
1782640303406,3,0,0,69.52
1782640303406,4,0,0,68.69
1782640303406,5,0,0,69.38
1782640303406,6,0,0,66.07
1782640303406,7,0,0,69.11
1782640303654,0,0,0,71.62
1782640303654,1,0,0,75.00
1782640303654,2,0,0,72.69
1782640303654,3,0,0,69.53
1782640303654,4,0,0,68.65
1782640303654,5,0,0,69.38
1782640303654,6,0,0,66.03
1782640303654,7,0,0,69.12
1782640303903,0,0,0,71.63
1782640303903,1,0,0,74.99
1782640303903,2,0,0,72.71
1782640303903,3,0,0,69.54
1782640303903,4,0,0,68.69
1782640303903,5,0,0,69.36
1782640303903,6,0,0,66.05
1782640303903,7,0,0,69.10
1782640304153,0,0,0,71.66
1782640304153,1,0,0,74.99
1782640304153,2,0,0,72.72
1782640304153,3,0,0,69.51
1782640304153,4,0,0,68.69
1782640304153,5,0,0,69.35
1782640304153,6,0,0,66.04
1782640304153,7,0,0,69.09
1782640304403,0,0,0,71.66
1782640304403,1,0,0,74.98
1782640304403,2,0,0,72.74
1782640304403,3,0,0,69.52
1782640304403,4,0,0,68.69
1782640304403,5,0,0,69.33
1782640304403,6,0,0,66.06
1782640304403,7,0,0,69.07
1782640304651,0,0,0,71.66
1782640304651,1,0,0,75.00
1782640304651,2,0,0,72.72
1782640304651,3,0,0,69.51
1782640304651,4,0,0,68.66
1782640304651,5,0,0,69.34
1782640304651,6,0,0,66.07
1782640304651,7,0,0,69.06
1782640304899,0,0,0,71.64
1782640304899,1,0,0,75.01
1782640304899,2,0,0,72.70
1782640304899,3,0,0,69.54
1782640304899,4,0,0,68.65
1782640304899,5,0,0,69.32
1782640304899,6,0,0,66.04
1782640304899,7,0,0,69.08
1782640305149,0,0,0,71.66
1782640305149,1,0,0,74.99
1782640305149,2,0,0,72.68
1782640305149,3,0,0,69.57
1782640305149,4,0,0,68.66
1782640305149,5,0,0,69.35
1782640305149,6,0,0,66.02
1782640305149,7,0,0,69.07
1782640305399,0,0,0,71.67
1782640305399,1,0,0,75.01
1782640305399,2,0,0,72.64
1782640305399,3,0,0,69.58
1782640305399,4,0,0,68.64
1782640305399,5,0,0,69.31
1782640305399,6,0,0,66.00
1782640305399,7,0,0,69.08
1782640305647,0,0,0,71.67
1782640305647,1,0,0,74.97
1782640305647,2,0,0,72.64
1782640305647,3,0,0,69.60
1782640305647,4,0,0,68.63
1782640305647,5,0,0,69.33
1782640305647,6,0,0,66.01
1782640305647,7,0,0,69.08
1782640305898,0,0,0,71.69
1782640305898,1,0,0,74.97
1782640305898,2,0,0,72.63
1782640305898,3,0,0,69.61
1782640305898,4,0,0,68.65
1782640305898,5,0,0,69.32
1782640305898,6,0,0,66.01
1782640305898,7,0,0,69.07
1782640306149,0,0,0,71.66
1782640306149,1,0,0,74.97
1782640306149,2,0,0,72.64
1782640306149,3,0,0,69.60
1782640306149,4,0,0,68.65
1782640306149,5,0,0,69.31
1782640306149,6,0,0,66.03
1782640306149,7,0,0,69.07
1782640306397,0,0,0,71.66
1782640306397,1,0,0,74.98
1782640306397,2,0,0,72.63
1782640306397,3,0,0,69.58
1782640306397,4,0,0,68.66
1782640306397,5,0,0,69.33
1782640306397,6,0,0,66.03
1782640306397,7,0,0,69.05
1782640306645,0,0,0,71.66
1782640306645,1,0,0,74.99
1782640306645,2,0,0,72.63
1782640306645,3,0,0,69.58
1782640306645,4,0,0,68.67
1782640306645,5,0,0,69.31
1782640306645,6,0,0,65.97
1782640306645,7,0,0,69.04
1782640306959,0,0,0,71.66
1782640306959,1,0,0,74.99
1782640306959,2,0,0,72.64
1782640306959,3,0,0,69.56
1782640306959,4,0,0,68.68
1782640306959,5,0,0,69.34
1782640306959,6,0,0,65.98
1782640306959,7,0,0,69.02
1782640307207,0,0,0,71.67
1782640307207,1,0,0,75.03
1782640307207,2,0,0,72.64
1782640307207,3,0,0,69.55
1782640307207,4,0,0,68.69
1782640307207,5,0,0,69.35
1782640307207,6,0,0,66.01
1782640307207,7,0,0,69.03
1782640307457,0,0,0,71.66
1782640307457,1,0,0,74.99
1782640307457,2,0,0,72.63
1782640307457,3,0,0,69.54
1782640307457,4,0,0,68.65
1782640307457,5,0,0,69.33
1782640307457,6,0,0,66.03
1782640307457,7,0,0,69.02
1782640307706,0,0,0,71.66
1782640307706,1,0,0,75.00
1782640307706,2,0,0,72.65
1782640307706,3,0,0,69.53
1782640307706,4,0,0,68.66
1782640307706,5,0,0,69.36
1782640307706,6,0,0,66.07
1782640307706,7,0,0,69.00
1782640307957,0,0,0,71.65
1782640307957,1,0,0,75.01
1782640307957,2,0,0,72.63
1782640307957,3,0,0,69.51
1782640307957,4,0,0,68.68
1782640307957,5,0,0,69.34
1782640307957,6,0,0,66.03
1782640307957,7,0,0,69.02
1782640308206,0,0,0,71.66
1782640308206,1,0,0,74.99
1782640308206,2,0,0,72.65
1782640308206,3,0,0,69.50
1782640308206,4,0,0,68.66
1782640308206,5,0,0,69.35
1782640308206,6,0,0,66.00
1782640308206,7,0,0,68.99
1782640308455,0,0,0,71.66
1782640308455,1,0,0,75.01
1782640308455,2,0,0,72.66
1782640308455,3,0,0,69.49
1782640308455,4,0,0,68.65
1782640308455,5,0,0,69.36
1782640308455,6,0,0,65.95
1782640308455,7,0,0,69.00
1782640308703,0,0,0,71.65
1782640308703,1,0,0,75.01
1782640308703,2,0,0,72.65
1782640308703,3,0,0,69.46
1782640308703,4,0,0,68.66
1782640308703,5,0,0,69.36
1782640308703,6,0,0,65.93
1782640308703,7,0,0,69.03
1782640308950,0,0,0,71.64
1782640308950,1,0,0,75.00
1782640308950,2,0,0,72.67
1782640308950,3,0,0,69.46
1782640308950,4,0,0,68.68
1782640308950,5,0,0,69.36
1782640308950,6,0,0,65.98
1782640308950,7,0,0,69.02
1782640309198,0,0,0,71.62
1782640309198,1,0,0,75.00
1782640309198,2,0,0,72.68
1782640309198,3,0,0,69.48
1782640309198,4,0,0,68.69
1782640309198,5,0,0,69.36
1782640309198,6,0,0,66.00
1782640309198,7,0,0,69.05
1782640309446,0,0,0,71.62
1782640309446,1,0,0,74.99
1782640309446,2,0,0,72.68
1782640309446,3,0,0,69.50
1782640309446,4,0,0,68.69
1782640309446,5,0,0,69.36
1782640309446,6,0,0,66.01
1782640309446,7,0,0,69.05
1782640309694,0,0,0,71.61
1782640309694,1,0,0,75.00
1782640309694,2,0,0,72.67
1782640309694,3,0,0,69.50
1782640309694,4,0,0,68.68
1782640309694,5,0,0,69.34
1782640309694,6,0,0,65.99
1782640309694,7,0,0,69.06
1782640309942,0,0,0,71.61
1782640309942,1,0,0,74.97
1782640309942,2,0,0,72.67
1782640309942,3,0,0,69.50
1782640309942,4,0,0,68.66
1782640309942,5,0,0,69.34
1782640309942,6,0,0,65.96
1782640309942,7,0,0,69.07
1782640310193,0,0,0,71.61
1782640310193,1,0,0,74.96
1782640310193,2,0,0,72.64
1782640310193,3,0,0,69.48
1782640310193,4,0,0,68.63
1782640310193,5,0,0,69.36
1782640310193,6,0,0,65.95
1782640310193,7,0,0,69.06
1782640310442,0,0,0,71.62
1782640310442,1,0,0,74.96
1782640310442,2,0,0,72.67
1782640310442,3,0,0,69.48
1782640310442,4,0,0,68.64
1782640310442,5,0,0,69.36
1782640310442,6,0,0,66.00
1782640310442,7,0,0,69.07
1782640310694,0,0,0,71.60
1782640310694,1,0,0,74.94
1782640310694,2,0,0,72.66
1782640310694,3,0,0,69.51
1782640310694,4,0,0,68.64
1782640310694,5,0,0,69.37
1782640310694,6,0,0,66.00
1782640310694,7,0,0,69.07
1782640310944,0,0,0,71.60
1782640310944,1,0,0,74.96
1782640310944,2,0,0,72.65
1782640310944,3,0,0,69.51
1782640310944,4,0,0,68.63
1782640310944,5,0,0,69.36
1782640310944,6,0,0,66.01
1782640310944,7,0,0,69.07
1782640311195,0,0,0,71.59
1782640311195,1,0,0,74.96
1782640311195,2,0,0,72.65
1782640311195,3,0,0,69.54
1782640311195,4,0,0,68.59
1782640311195,5,0,0,69.33
1782640311195,6,0,0,66.00
1782640311195,7,0,0,69.07
1782640311445,0,0,0,71.60
1782640311445,1,0,0,74.97
1782640311445,2,0,0,72.62
1782640311445,3,0,0,69.55
1782640311445,4,0,0,68.62
1782640311445,5,0,0,69.35
1782640311445,6,0,0,65.96
1782640311445,7,0,0,69.07
1782640311694,0,0,0,71.61
1782640311694,1,0,0,74.98
1782640311694,2,0,0,72.62
1782640311694,3,0,0,69.54
1782640311694,4,0,0,68.63
1782640311694,5,0,0,69.31
1782640311694,6,0,0,65.99
1782640311694,7,0,0,69.06
1782640311943,0,0,0,71.62
1782640311943,1,0,0,74.97
1782640311943,2,0,0,72.61
1782640311943,3,0,0,69.54
1782640311943,4,0,0,68.60
1782640311943,5,0,0,69.32
1782640311943,6,0,0,66.04
1782640311943,7,0,0,69.05
1782640312194,0,0,0,71.61
1782640312194,1,0,0,74.97
1782640312194,2,0,0,72.59
1782640312194,3,0,0,69.55
1782640312194,4,0,0,68.61
1782640312194,5,0,0,69.31
1782640312194,6,0,0,66.06
1782640312194,7,0,0,69.04
1782640312495,0,0,0,71.61
1782640312495,1,0,0,74.97
1782640312495,2,0,0,72.58
1782640312495,3,0,0,69.52
1782640312495,4,0,0,68.64
1782640312495,5,0,0,69.32
1782640312495,6,0,0,66.07
1782640312495,7,0,0,69.05
1782640312745,0,0,0,71.61
1782640312745,1,0,0,74.97
1782640312745,2,0,0,72.59
1782640312745,3,0,0,69.50
1782640312745,4,0,0,68.65
1782640312745,5,0,0,69.33
1782640312745,6,0,0,66.03
1782640312745,7,0,0,69.03
1782640312995,0,0,0,71.62
1782640312995,1,0,0,74.97
1782640312995,2,0,0,72.59
1782640312995,3,0,0,69.51
1782640312995,4,0,0,68.65
1782640312995,5,0,0,69.31
1782640312995,6,0,0,65.98
1782640312995,7,0,0,69.04
1782640313244,0,0,0,71.63
1782640313244,1,0,0,74.96
1782640313244,2,0,0,72.60
1782640313244,3,0,0,69.48
1782640313244,4,0,0,68.65
1782640313244,5,0,0,69.32
1782640313244,6,0,0,65.95
1782640313244,7,0,0,69.02
1782640313493,0,0,0,71.61
1782640313493,1,0,0,74.99
1782640313493,2,0,0,72.63
1782640313493,3,0,0,69.49
1782640313493,4,0,0,68.65
1782640313493,5,0,0,69.29
1782640313493,6,0,0,65.98
1782640313493,7,0,0,69.01
1782640313742,0,0,0,71.62
1782640313742,1,0,0,74.98
1782640313742,2,0,0,72.62
1782640313742,3,0,0,69.50
1782640313742,4,0,0,68.68
1782640313742,5,0,0,69.31
1782640313742,6,0,0,66.02
1782640313742,7,0,0,69.02
1782640313991,0,0,0,71.62
1782640313991,1,0,0,75.00
1782640313991,2,0,0,72.61
1782640313991,3,0,0,69.48
1782640313991,4,0,0,68.64
1782640313991,5,0,0,69.30
1782640313991,6,0,0,66.01
1782640313991,7,0,0,69.01
1782640314240,0,0,0,71.60
1782640314240,1,0,0,75.01
1782640314240,2,0,0,72.60
1782640314240,3,0,0,69.49
1782640314240,4,0,0,68.64
1782640314240,5,0,0,69.33
1782640314240,6,0,0,65.98
1782640314240,7,0,0,69.03
1782640314491,0,0,0,71.64
1782640314491,1,0,0,75.00
1782640314491,2,0,0,72.60
1782640314491,3,0,0,69.49
1782640314491,4,0,0,68.64
1782640314491,5,0,0,69.33
1782640314491,6,0,0,65.94
1782640314491,7,0,0,69.01
1782640314741,0,0,0,71.62
1782640314741,1,0,0,75.00
1782640314741,2,0,0,72.60
1782640314741,3,0,0,69.47
1782640314741,4,0,0,68.63
1782640314741,5,0,0,69.35
1782640314741,6,0,0,65.90
1782640314741,7,0,0,69.00
1782640314991,0,0,0,71.64
1782640314991,1,0,0,75.00
1782640314991,2,0,0,72.61
1782640314991,3,0,0,69.49
1782640314991,4,0,0,68.62
1782640314991,5,0,0,69.34
1782640314991,6,0,0,65.89
1782640314991,7,0,0,69.03
1782640315241,0,0,0,71.63
1782640315241,1,0,0,74.98
1782640315241,2,0,0,72.62
1782640315241,3,0,0,69.48
1782640315241,4,0,0,68.63
1782640315241,5,0,0,69.36
1782640315241,6,0,0,65.93
1782640315241,7,0,0,69.02
1782640315492,0,0,0,71.60
1782640315492,1,0,0,74.98
1782640315492,2,0,0,72.62
1782640315492,3,0,0,69.50
1782640315492,4,0,0,68.63
1782640315492,5,0,0,69.35
1782640315492,6,0,0,65.96
1782640315492,7,0,0,69.04
1782640315744,0,0,0,71.59
1782640315744,1,0,0,74.98
1782640315744,2,0,0,72.62
1782640315744,3,0,0,69.52
1782640315744,4,0,0,68.62
1782640315744,5,0,0,69.36
1782640315744,6,0,0,66.00
1782640315744,7,0,0,69.03
1782640315997,0,0,0,71.56
1782640315997,1,0,0,74.97
1782640315997,2,0,0,72.63
1782640315997,3,0,0,69.51
1782640315997,4,0,0,68.60
1782640315997,5,0,0,69.38
1782640315997,6,0,0,65.99
1782640315997,7,0,0,69.01
1782640316247,0,0,0,71.55
1782640316247,1,0,0,74.97
1782640316247,2,0,0,72.62
1782640316247,3,0,0,69.53
1782640316247,4,0,0,68.62
1782640316247,5,0,0,69.35
1782640316247,6,0,0,65.98
1782640316247,7,0,0,69.01
1782640316496,0,0,0,71.55
1782640316496,1,0,0,74.94
1782640316496,2,0,0,72.60
1782640316496,3,0,0,69.52
1782640316496,4,0,0,68.61
1782640316496,5,0,0,69.36
1782640316496,6,0,0,65.98
1782640316496,7,0,0,69.02
1782640316744,0,0,0,71.56
1782640316744,1,0,0,74.93
1782640316744,2,0,0,72.60
1782640316744,3,0,0,69.52
1782640316744,4,0,0,68.55
1782640316744,5,0,0,69.32
1782640316744,6,0,0,66.02
1782640316744,7,0,0,69.02
1782640316993,0,0,0,71.58
1782640316993,1,0,0,74.92
1782640316993,2,0,0,72.58
1782640316993,3,0,0,69.51
1782640316993,4,0,0,68.56
1782640316993,5,0,0,69.32
1782640316993,6,0,0,66.04
1782640316993,7,0,0,69.01
1782640317242,0,0,0,71.58
1782640317242,1,0,0,74.94
1782640317242,2,0,0,72.58
1782640317242,3,0,0,69.50
1782640317242,4,0,0,68.55
1782640317242,5,0,0,69.29
1782640317242,6,0,0,66.05
1782640317242,7,0,0,69.03
1782640317493,0,0,0,71.58
1782640317493,1,0,0,74.93
1782640317493,2,0,0,72.60
1782640317493,3,0,0,69.51
1782640317493,4,0,0,68.54
1782640317493,5,0,0,69.31
1782640317493,6,0,0,66.02
1782640317493,7,0,0,69.01
1782640317742,0,0,0,71.60
1782640317742,1,0,0,74.92
1782640317742,2,0,0,72.60
1782640317742,3,0,0,69.50
1782640317742,4,0,0,68.58
1782640317742,5,0,0,69.32
1782640317742,6,0,0,66.05
1782640317742,7,0,0,69.02
1782640318669,0,0,0,71.60
1782640318669,1,0,0,74.97
1782640318669,2,0,0,72.54
1782640318669,3,0,0,69.51
1782640318669,4,0,0,68.65
1782640318669,5,0,0,69.31
1782640318669,6,0,0,66.01
1782640318669,7,0,0,69.03
1782640320260,0,0,0,71.61
1782640320260,1,0,0,74.99
1782640320260,2,0,0,72.56
1782640320260,3,0,0,69.51
1782640320260,4,0,0,68.60
1782640320260,5,0,0,69.32
1782640320260,6,0,0,65.97
1782640320260,7,0,0,69.01
1782640320514,0,0,0,71.60
1782640320514,1,0,0,74.97
1782640320514,2,0,0,72.55
1782640320514,3,0,0,69.52
1782640320514,4,0,0,68.60
1782640320514,5,0,0,69.33
1782640320514,6,0,0,65.95
1782640320514,7,0,0,69.02
1782640320765,0,0,0,71.60
1782640320765,1,0,0,74.93
1782640320765,2,0,0,72.55
1782640320765,3,0,0,69.50
1782640320765,4,0,0,68.61
1782640320765,5,0,0,69.31
1782640320765,6,0,0,65.94
1782640320765,7,0,0,68.99
1782640321014,0,0,0,71.56
1782640321014,1,0,0,74.92
1782640321014,2,0,0,72.56
1782640321014,3,0,0,69.50
1782640321014,4,0,0,68.61
1782640321014,5,0,0,69.34
1782640321014,6,0,0,65.93
1782640321014,7,0,0,69.00
1782640321264,0,0,0,71.58
1782640321264,1,0,0,74.93
1782640321264,2,0,0,72.56
1782640321264,3,0,0,69.50
1782640321264,4,0,0,68.58
1782640321264,5,0,0,69.32
1782640321264,6,0,0,65.98
1782640321264,7,0,0,69.01
1782640321513,0,0,0,71.57
1782640321513,1,0,0,74.94
1782640321513,2,0,0,72.56
1782640321513,3,0,0,69.49
1782640321513,4,0,0,68.63
1782640321513,5,0,0,69.32
1782640321513,6,0,0,66.01
1782640321513,7,0,0,68.99
1782640321761,0,0,0,71.58
1782640321761,1,0,0,74.97
1782640321761,2,0,0,72.58
1782640321761,3,0,0,69.48
1782640321761,4,0,0,68.62
1782640321761,5,0,0,69.33
1782640321761,6,0,0,66.02
1782640321761,7,0,0,69.01
1782640322011,0,0,0,71.58
1782640322011,1,0,0,74.96
1782640322011,2,0,0,72.57
1782640322011,3,0,0,69.47
1782640322011,4,0,0,68.62
1782640322011,5,0,0,69.36
1782640322011,6,0,0,66.02
1782640322011,7,0,0,69.01
1782640322276,0,0,0,71.58
1782640322276,1,0,0,74.95
1782640322276,2,0,0,72.57
1782640322276,3,0,0,69.45
1782640322276,4,0,0,68.59
1782640322276,5,0,0,69.35
1782640322276,6,0,0,66.00
1782640322276,7,0,0,69.03
1782640322581,0,0,0,71.54
1782640322581,1,0,0,74.94
1782640322581,2,0,0,72.54
1782640322581,3,0,0,69.47
1782640322581,4,0,0,68.54
1782640322581,5,0,0,69.35
1782640322581,6,0,0,65.97
1782640322581,7,0,0,69.02
1782640323741,0,0,0,71.55
1782640323741,1,0,0,74.90
1782640323741,2,0,0,72.53
1782640323741,3,0,0,69.50
1782640323741,4,0,0,68.52
1782640323741,5,0,0,69.27
1782640323741,6,0,0,66.03
1782640323741,7,0,0,69.04
1782640324938,0,0,0,71.54
1782640324938,1,0,0,74.90
1782640324938,2,0,0,72.50
1782640324938,3,0,0,69.50
1782640324938,4,0,0,68.57
1782640324938,5,0,0,69.28
1782640324938,6,0,0,65.97
1782640324938,7,0,0,69.04
1782640325309,0,0,0,71.52
1782640325309,1,0,0,74.89
1782640325309,2,0,0,72.48
1782640325309,3,0,0,69.50
1782640325309,4,0,0,68.56
1782640325309,5,0,0,69.25
1782640325309,6,0,0,65.98
1782640325309,7,0,0,69.03
1782640325559,0,0,0,71.55
1782640325559,1,0,0,74.90
1782640325559,2,0,0,72.47
1782640325559,3,0,0,69.51
1782640325559,4,0,0,68.60
1782640325559,5,0,0,69.28
1782640325559,6,0,0,66.01
1782640325559,7,0,0,69.02
1782640326538,0,0,0,71.59
1782640326538,1,0,0,74.92
1782640326538,2,0,0,72.50
1782640326538,3,0,0,69.46
1782640326538,4,0,0,68.59
1782640326538,5,0,0,69.28
1782640326538,6,0,0,65.99
1782640326538,7,0,0,69.00
1782640328142,0,0,0,71.51
1782640328142,1,0,0,74.88
1782640328142,2,0,0,72.41
1782640328142,3,0,0,69.47
1782640328142,4,0,0,68.52
1782640328142,5,0,0,69.24
1782640328142,6,0,0,65.99
1782640328142,7,0,0,69.00
1782640331657,0,0,0,71.51
1782640331657,1,0,0,74.91
1782640331657,2,0,0,72.40
1782640331657,3,0,0,69.50
1782640331657,4,0,0,68.55
1782640331657,5,0,0,69.26
1782640331657,6,0,0,66.01
1782640331657,7,0,0,69.00
1782640331912,0,0,0,71.49
1782640331912,1,0,0,74.90
1782640331912,2,0,0,72.40
1782640331912,3,0,0,69.49
1782640331912,4,0,0,68.54
1782640331912,5,0,0,69.25
1782640331912,6,0,0,66.00
1782640331912,7,0,0,68.97
1782640332165,0,0,0,71.50
1782640332165,1,0,0,74.90
1782640332165,2,0,0,72.39
1782640332165,3,0,0,69.49
1782640332165,4,0,0,68.54
1782640332165,5,0,0,69.28
1782640332165,6,0,0,65.94
1782640332165,7,0,0,68.99
1782640332417,0,0,0,71.51
1782640332417,1,0,0,74.88
1782640332417,2,0,0,72.40
1782640332417,3,0,0,69.47
1782640332417,4,0,0,68.50
1782640332417,5,0,0,69.29
1782640332417,6,0,0,65.91
1782640332417,7,0,0,68.98
1782640332668,0,0,0,71.50
1782640332668,1,0,0,74.89
1782640332668,2,0,0,72.41
1782640332668,3,0,0,69.43
1782640332668,4,0,0,68.54
1782640332668,5,0,0,69.27
1782640332668,6,0,0,65.95
1782640332668,7,0,0,68.95
1782640332919,0,0,0,71.51
1782640332919,1,0,0,74.90
1782640332919,2,0,0,72.40
1782640332919,3,0,0,69.44
1782640332919,4,0,0,68.54
1782640332919,5,0,0,69.29
1782640332919,6,0,0,65.99
1782640332919,7,0,0,68.95
1782640333170,0,0,0,71.51
1782640333170,1,0,0,74.92
1782640333170,2,0,0,72.41
1782640333170,3,0,0,69.45
1782640333170,4,0,0,68.54
1782640333170,5,0,0,69.24
1782640333170,6,0,0,66.01
1782640333170,7,0,0,68.95
1782640333420,0,0,0,71.50
1782640333420,1,0,0,74.93
1782640333420,2,0,0,72.41
1782640333420,3,0,0,69.46
1782640333420,4,0,0,68.54
1782640333420,5,0,0,69.26
1782640333420,6,0,0,65.99
1782640333420,7,0,0,68.96
1782640333671,0,0,0,71.48
1782640333671,1,0,0,74.92
1782640333671,2,0,0,72.41
1782640333671,3,0,0,69.45
1782640333671,4,0,0,68.54
1782640333671,5,0,0,69.25
1782640333671,6,0,0,65.91
1782640333671,7,0,0,68.96
1782640333923,0,0,0,71.47
1782640333923,1,0,0,74.91
1782640333923,2,0,0,72.42
1782640333923,3,0,0,69.43
1782640333923,4,0,0,68.56
1782640333923,5,0,0,69.26
1782640333923,6,0,0,65.87
1782640333923,7,0,0,68.96
1782640334174,0,0,0,71.51
1782640334174,1,0,0,74.92
1782640334174,2,0,0,72.41
1782640334174,3,0,0,69.44
1782640334174,4,0,0,68.51
1782640334174,5,0,0,69.29
1782640334174,6,0,0,65.86
1782640334174,7,0,0,68.95
1782640334425,0,0,0,71.51
1782640334425,1,0,0,74.92
1782640334425,2,0,0,72.42
1782640334425,3,0,0,69.43
1782640334425,4,0,0,68.54
1782640334425,5,0,0,69.25
1782640334425,6,0,0,65.88
1782640334425,7,0,0,68.95
1782640334675,0,0,0,71.51
1782640334675,1,0,0,74.92
1782640334675,2,0,0,72.41
1782640334675,3,0,0,69.44
1782640334675,4,0,0,68.55
1782640334675,5,0,0,69.29
1782640334675,6,0,0,65.91
1782640334675,7,0,0,68.97
1782640334928,0,0,0,71.50
1782640334928,1,0,0,74.93
1782640334928,2,0,0,72.41
1782640334928,3,0,0,69.45
1782640334928,4,0,0,68.48
1782640334928,5,0,0,69.30
1782640334928,6,0,0,65.92
1782640334928,7,0,0,68.98
1782640335179,0,0,0,71.48
1782640335179,1,0,0,74.93
1782640335179,2,0,0,72.44
1782640335179,3,0,0,69.43
1782640335179,4,0,0,68.52
1782640335179,5,0,0,69.30
1782640335179,6,0,0,65.89
1782640335179,7,0,0,68.99
1782640335429,0,0,0,71.45
1782640335429,1,0,0,74.91
1782640335429,2,0,0,72.41
1782640335429,3,0,0,69.44
1782640335429,4,0,0,68.53
1782640335429,5,0,0,69.30
1782640335429,6,0,0,65.86
1782640335429,7,0,0,69.00
1782640335679,0,0,0,71.44
1782640335679,1,0,0,74.89
1782640335679,2,0,0,72.42
1782640335679,3,0,0,69.45
1782640335679,4,0,0,68.53
1782640335679,5,0,0,69.30
1782640335679,6,0,0,65.88
1782640335679,7,0,0,69.00
1782640335930,0,0,0,71.43
1782640335930,1,0,0,74.90
1782640335930,2,0,0,72.42
1782640335930,3,0,0,69.45
1782640335930,4,0,0,68.50
1782640335930,5,0,0,69.27
1782640335930,6,0,0,65.90
1782640335930,7,0,0,68.99
1782640336179,0,0,0,71.42
1782640336179,1,0,0,74.86
1782640336179,2,0,0,72.41
1782640336179,3,0,0,69.47
1782640336179,4,0,0,68.52
1782640336179,5,0,0,69.27
1782640336179,6,0,0,65.91
1782640336179,7,0,0,68.98
1782640336430,0,0,0,71.42
1782640336430,1,0,0,74.87
1782640336430,2,0,0,72.43
1782640336430,3,0,0,69.47
1782640336430,4,0,0,68.53
1782640336430,5,0,0,69.24
1782640336430,6,0,0,65.90
1782640336430,7,0,0,68.98
1782640336681,0,0,0,71.44
1782640336681,1,0,0,74.88
1782640336681,2,0,0,72.43
1782640336681,3,0,0,69.47
1782640336681,4,0,0,68.50
1782640336681,5,0,0,69.24
1782640336681,6,0,0,65.88
1782640336681,7,0,0,68.98
1782640336931,0,0,0,71.47
1782640336931,1,0,0,74.86
1782640336931,2,0,0,72.42
1782640336931,3,0,0,69.46
1782640336931,4,0,0,68.45
1782640336931,5,0,0,69.25
1782640336931,6,0,0,65.90
1782640336931,7,0,0,68.96
1782640337239,0,0,0,71.46
1782640337239,1,0,0,74.86
1782640337239,2,0,0,72.41
1782640337239,3,0,0,69.44
1782640337239,4,0,0,68.48
1782640337239,5,0,0,69.25
1782640337239,6,0,0,65.94
1782640337239,7,0,0,68.97
1782640337493,0,0,0,71.46
1782640337493,1,0,0,74.86
1782640337493,2,0,0,72.41
1782640337493,3,0,0,69.43
1782640337493,4,0,0,68.49
1782640337493,5,0,0,69.25
1782640337493,6,0,0,65.96
1782640337493,7,0,0,69.00
1782640337748,0,0,0,71.46
1782640337748,1,0,0,74.85
1782640337748,2,0,0,72.42
1782640337748,3,0,0,69.45
1782640337748,4,0,0,68.46
1782640337748,5,0,0,69.24
1782640337748,6,0,0,65.98
1782640337748,7,0,0,69.00
1782640338002,0,0,0,71.46
1782640338002,1,0,0,74.87
1782640338002,2,0,0,72.43
1782640338002,3,0,0,69.45
1782640338002,4,0,0,68.49
1782640338002,5,0,0,69.23
1782640338002,6,0,0,65.91
1782640338002,7,0,0,69.01
1782640338256,0,0,0,71.46
1782640338256,1,0,0,74.88
1782640338256,2,0,0,72.46
1782640338256,3,0,0,69.45
1782640338256,4,0,0,68.52
1782640338256,5,0,0,69.24
1782640338256,6,0,0,65.90
1782640338256,7,0,0,69.01
1782640338508,0,0,0,71.47
1782640338508,1,0,0,74.85
1782640338508,2,0,0,72.46
1782640338508,3,0,0,69.45
1782640338508,4,0,0,68.54
1782640338508,5,0,0,69.22
1782640338508,6,0,0,65.92
1782640338508,7,0,0,68.99
1782640338762,0,0,0,71.46
1782640338762,1,0,0,74.86
1782640338762,2,0,0,72.46
1782640338762,3,0,0,69.45
1782640338762,4,0,0,68.51
1782640338762,5,0,0,69.24
1782640338762,6,0,0,65.93
1782640338762,7,0,0,68.99
1782640339018,0,0,0,71.47
1782640339018,1,0,0,74.86
1782640339018,2,0,0,72.46
1782640339018,3,0,0,69.45
1782640339018,4,0,0,68.51
1782640339018,5,0,0,69.25
1782640339018,6,0,0,65.94
1782640339018,7,0,0,68.99
1782640339273,0,0,0,71.46
1782640339273,1,0,0,74.85
1782640339273,2,0,0,72.45
1782640339273,3,0,0,69.45
1782640339273,4,0,0,68.51
1782640339273,5,0,0,69.26
1782640339273,6,0,0,65.92
1782640339273,7,0,0,68.98
1782640339530,0,0,0,71.46
1782640339530,1,0,0,74.86
1782640339530,2,0,0,72.44
1782640339530,3,0,0,69.43
1782640339530,4,0,0,68.48
1782640339530,5,0,0,69.29
1782640339530,6,0,0,65.85
1782640339530,7,0,0,68.97
1782640339786,0,0,0,71.45
1782640339786,1,0,0,74.88
1782640339786,2,0,0,72.44
1782640339786,3,0,0,69.45
1782640339786,4,0,0,68.48
1782640339786,5,0,0,69.26
1782640339786,6,0,0,65.81
1782640339786,7,0,0,68.96
1782640340042,0,0,0,71.45
1782640340042,1,0,0,74.90
1782640340042,2,0,0,72.45
1782640340042,3,0,0,69.45
1782640340042,4,0,0,68.52
1782640340042,5,0,0,69.29
1782640340042,6,0,0,65.83
1782640340042,7,0,0,68.95
1782640340299,0,0,0,71.44
1782640340299,1,0,0,74.90
1782640340299,2,0,0,72.46
1782640340299,3,0,0,69.44
1782640340299,4,0,0,68.57
1782640340299,5,0,0,69.26
1782640340299,6,0,0,65.83
1782640340299,7,0,0,68.93
1782640340554,0,0,0,71.47
1782640340554,1,0,0,74.88
1782640340554,2,0,0,72.46
1782640340554,3,0,0,69.43
1782640340554,4,0,0,68.51
1782640340554,5,0,0,69.29
1782640340554,6,0,0,65.86
1782640340554,7,0,0,68.93
1782640340809,0,0,0,71.48
1782640340809,1,0,0,74.85
1782640340809,2,0,0,72.46
1782640340809,3,0,0,69.39
1782640340809,4,0,0,68.53
1782640340809,5,0,0,69.27
1782640340809,6,0,0,65.89
1782640340809,7,0,0,68.92
1782640341062,0,0,0,71.48
1782640341062,1,0,0,74.83
1782640341062,2,0,0,72.47
1782640341062,3,0,0,69.41
1782640341062,4,0,0,68.54
1782640341062,5,0,0,69.25
1782640341062,6,0,0,65.86
1782640341062,7,0,0,68.92
1782640341320,0,0,0,71.51
1782640341320,1,0,0,74.84
1782640341320,2,0,0,72.51
1782640341320,3,0,0,69.39
1782640341320,4,0,0,68.52
1782640341320,5,0,0,69.26
1782640341320,6,0,0,65.82
1782640341320,7,0,0,68.92
1782640341573,0,0,0,71.47
1782640341573,1,0,0,74.84
1782640341573,2,0,0,72.51
1782640341573,3,0,0,69.40
1782640341573,4,0,0,68.48
1782640341573,5,0,0,69.24
1782640341573,6,0,0,65.83
1782640341573,7,0,0,68.94
1782640341825,0,0,0,71.44
1782640341825,1,0,0,74.83
1782640341825,2,0,0,72.50
1782640341825,3,0,0,69.42
1782640341825,4,0,0,68.52
1782640341825,5,0,0,69.24
1782640341825,6,0,0,65.86
1782640341825,7,0,0,68.96
1782640342076,0,0,0,71.41
1782640342076,1,0,0,74.84
1782640342076,2,0,0,72.49
1782640342076,3,0,0,69.43
1782640342076,4,0,0,68.53
1782640342076,5,0,0,69.26
1782640342076,6,0,0,65.89
1782640342076,7,0,0,68.97
1782640342328,0,0,0,71.39
1782640342328,1,0,0,74.85
1782640342328,2,0,0,72.47
1782640342328,3,0,0,69.45
1782640342328,4,0,0,68.48
1782640342328,5,0,0,69.22
1782640342328,6,0,0,65.88
1782640342328,7,0,0,68.98
1782640342580,0,0,0,71.39
1782640342580,1,0,0,74.87
1782640342580,2,0,0,72.47
1782640342580,3,0,0,69.45
1782640342580,4,0,0,68.48
1782640342580,5,0,0,69.24
1782640342580,6,0,0,65.82
1782640342580,7,0,0,68.97
1782640342898,0,0,0,71.42
1782640342898,1,0,0,74.86
1782640342898,2,0,0,72.46
1782640342898,3,0,0,69.46
1782640342898,4,0,0,68.49
1782640342898,5,0,0,69.23
1782640342898,6,0,0,65.85
1782640342898,7,0,0,68.96
1782640343148,0,0,0,71.44
1782640343148,1,0,0,74.85
1782640343148,2,0,0,72.46
1782640343148,3,0,0,69.44
1782640343148,4,0,0,68.49
1782640343148,5,0,0,69.24
1782640343148,6,0,0,65.87
1782640343148,7,0,0,68.96
1782640343401,0,0,0,71.43
1782640343401,1,0,0,74.88
1782640343401,2,0,0,72.46
1782640343401,3,0,0,69.43
1782640343401,4,0,0,68.45
1782640343401,5,0,0,69.25
1782640343401,6,0,0,65.91
1782640343401,7,0,0,68.97
1782640343656,0,0,0,71.45
1782640343656,1,0,0,74.86
1782640343656,2,0,0,72.46
1782640343656,3,0,0,69.43
1782640343656,4,0,0,68.46
1782640343656,5,0,0,69.23
1782640343656,6,0,0,65.94
1782640343656,7,0,0,68.97
1782640343911,0,0,0,71.44
1782640343911,1,0,0,74.88
1782640343911,2,0,0,72.43
1782640343911,3,0,0,69.41
1782640343911,4,0,0,68.46
1782640343911,5,0,0,69.24
1782640343911,6,0,0,65.86
1782640343911,7,0,0,68.97
1782640344162,0,0,0,71.43
1782640344162,1,0,0,74.86
1782640344162,2,0,0,72.42
1782640344162,3,0,0,69.42
1782640344162,4,0,0,68.44
1782640344162,5,0,0,69.20
1782640344162,6,0,0,65.83
1782640344162,7,0,0,68.97
1782640344413,0,0,0,71.46
1782640344413,1,0,0,74.84
1782640344413,2,0,0,72.42
1782640344413,3,0,0,69.43
1782640344413,4,0,0,68.44
1782640344413,5,0,0,69.22
1782640344413,6,0,0,65.87
1782640344413,7,0,0,68.97
1782640344664,0,0,0,71.47
1782640344664,1,0,0,74.83
1782640344664,2,0,0,72.42
1782640344664,3,0,0,69.42
1782640344664,4,0,0,68.46
1782640344664,5,0,0,69.23
1782640344664,6,0,0,65.88
1782640344664,7,0,0,68.99
1782640344917,0,0,0,71.45
1782640344917,1,0,0,74.81
1782640344917,2,0,0,72.45
1782640344917,3,0,0,69.46
1782640344917,4,0,0,68.49
1782640344917,5,0,0,69.23
1782640344917,6,0,0,65.92
1782640344917,7,0,0,68.97
1782640345168,0,0,0,71.44
1782640345168,1,0,0,74.82
1782640345168,2,0,0,72.43
1782640345168,3,0,0,69.45
1782640345168,4,0,0,68.44
1782640345168,5,0,0,69.23
1782640345168,6,0,0,65.90
1782640345168,7,0,0,68.97
1782640345421,0,0,0,71.45
1782640345421,1,0,0,74.83
1782640345421,2,0,0,72.42
1782640345421,3,0,0,69.43
1782640345421,4,0,0,68.50
1782640345421,5,0,0,69.27
1782640345421,6,0,0,65.83
1782640345421,7,0,0,68.96
1782640345674,0,0,0,71.43
1782640345674,1,0,0,74.83
1782640345674,2,0,0,72.42
1782640345674,3,0,0,69.44
1782640345674,4,0,0,68.51
1782640345674,5,0,0,69.26
1782640345674,6,0,0,65.86
1782640345674,7,0,0,72.42
1782640346357,0,0,0,101.12
1782640346357,1,0,0,101.06
1782640346357,2,3,0,102.13
1782640346357,3,3,0,99.00
1782640346357,4,1,0,97.22
1782640346357,5,2,0,100.99
1782640346357,6,3,0,93.05
1782640346357,7,0,0,97.10
1782640346591,0,0,0,115.33
1782640346591,1,2,0,109.84
1782640346591,2,0,0,111.60
1782640346591,3,0,0,109.14
1782640346591,4,0,0,106.82
1782640346591,5,0,0,109.81
1782640346591,6,0,0,101.61
1782640346591,7,2,0,105.68
1782640346806,0,0,0,121.91
1782640346806,1,0,0,120.16
1782640346806,2,0,0,121.22
1782640346806,3,0,0,117.29
1782640346806,4,0,0,116.51
1782640346806,5,0,0,117.59
1782640346806,6,0,0,109.82
1782640346806,7,0,0,115.20
1782640347785,0,0,0,121.32
1782640347785,1,0,0,119.58
1782640347785,2,0,0,120.81
1782640347785,3,0,0,117.27
1782640347785,4,0,0,116.40
1782640347785,5,0,0,117.58
1782640347785,6,0,0,110.17
1782640347785,7,0,0,115.17
1782640348124,0,1,0,121.34
1782640348124,1,0,0,119.66
1782640348124,2,0,0,120.86
1782640348124,3,0,0,117.36
1782640348124,4,1,0,116.44
1782640348124,5,0,0,117.60
1782640348124,6,0,0,110.34
1782640348124,7,1,0,115.44
1782640348631,0,0,0,121.35
1782640348631,1,0,0,119.68
1782640348631,2,0,0,120.87
1782640348631,3,0,0,117.43
1782640348631,4,0,0,116.47
1782640348631,5,0,0,117.59
1782640348631,6,0,0,110.32
1782640348631,7,0,0,115.44
1782640349006,0,0,0,121.30
1782640349006,1,0,0,119.68
1782640349006,2,0,0,120.90
1782640349006,3,0,0,117.45
1782640349006,4,0,0,116.50
1782640349006,5,0,0,117.61
1782640349006,6,0,0,110.43
1782640349006,7,0,0,116.30
1782640349364,0,20,2,125.92
1782640349364,1,10,3,124.54
1782640349364,2,92,3,127.47
1782640349364,3,92,3,123.78
1782640349364,4,95,0,121.95
1782640349364,5,89,3,123.61
1782640349364,6,90,3,116.41
1782640349364,7,14,3,121.56
1782640349590,0,29,2,131.21
1782640349590,1,90,3,128.75
1782640349590,2,90,3,131.18
1782640349590,3,98,0,127.88
1782640349590,4,89,3,129.24
1782640349590,5,92,2,128.39
1782640349590,6,97,0,120.40
1782640349590,7,91,1,125.28
1782640349821,0,29,0,133.86
1782640349821,1,94,3,136.03
1782640349821,2,95,3,136.58
1782640349821,3,98,3,133.65
1782640349821,4,98,0,133.15
1782640349821,5,93,3,132.55
1782640349821,6,94,3,127.94
1782640349821,7,95,1,132.09
1782640350047,0,30,2,138.50
1782640350047,1,98,3,140.49
1782640350047,2,97,3,142.12
1782640350047,3,100,0,139.40
1782640350047,4,94,3,138.38
1782640350047,5,97,2,139.15
1782640350047,6,98,1,131.29
1782640350047,7,96,3,136.16
1782640350280,0,28,0,138.49
1782640350280,1,93,3,141.98
1782640350280,2,94,3,142.65
1782640350280,3,94,3,140.16
1782640350280,4,100,0,139.09
1782640350280,5,90,3,140.60
1782640350280,6,91,3,133.06
1782640350280,7,92,1,136.93
1782640350497,0,31,2,138.56
1782640350497,1,95,3,143.25
1782640350497,2,95,3,142.27
1782640350497,3,100,0,139.03
1782640350497,4,100,0,138.60
1782640350497,5,97,2,138.58
1782640350497,6,98,1,131.73
1782640350497,7,94,3,135.99
1782640350726,0,28,0,137.72
1782640350726,1,97,3,141.49
1782640350726,2,94,3,140.82
1782640350726,3,100,0,137.90
1782640350726,4,96,3,137.82
1782640350726,5,95,3,139.69
1782640350726,6,100,1,129.54
1782640350726,7,97,1,134.89
1782640350956,0,31,2,137.94
1782640350956,1,97,3,141.35
1782640350956,2,93,3,141.82
1782640350956,3,94,3,138.88
1782640350956,4,100,0,138.49
1782640350956,5,94,3,138.90
1782640350956,6,96,3,131.57
1782640350956,7,91,3,135.91
1782640351173,0,27,0,137.93
1782640351173,1,98,3,140.75
1782640351173,2,95,3,141.58
1782640351173,3,100,0,138.51
1782640351173,4,95,3,138.08
1782640351173,5,93,3,139.12
1782640351173,6,100,0,130.08
1782640351173,7,100,0,135.44
1782640351406,0,27,0,138.30
1782640351406,1,95,3,140.15
1782640351406,2,96,3,142.70
1782640351406,3,94,3,139.61
1782640351406,4,100,0,137.37
1782640351406,5,96,3,138.50
1782640351406,6,96,3,131.97
1782640351406,7,88,3,136.48
1782640351635,0,31,2,139.70
1782640351635,1,96,3,141.25
1782640351635,2,96,3,142.51
1782640351635,3,100,0,139.93
1782640351635,4,94,3,138.58
1782640351635,5,93,3,139.82
1782640351635,6,100,0,131.27
1782640351635,7,96,3,136.19
1782640351868,0,27,0,138.54
1782640351868,1,90,3,140.64
1782640351868,2,87,3,143.04
1782640351868,3,96,3,140.38
1782640351868,4,100,0,137.86
1782640351868,5,91,3,140.47
1782640351868,6,89,3,131.02
1782640351868,7,95,1,136.60
1782640352091,0,31,2,139.13
1782640352091,1,93,3,141.54
1782640352091,2,97,3,141.71
1782640352091,3,100,0,139.26
1782640352091,4,100,1,138.52
1782640352091,5,92,2,139.21
1782640352091,6,100,0,131.14
1782640352091,7,93,3,136.31
1782640352341,0,29,2,138.95
1782640352341,1,76,3,141.63
1782640352341,2,98,1,142.17
1782640352341,3,100,0,140.24
1782640352341,4,95,3,137.75
1782640352341,5,96,3,141.33
1782640352341,6,100,0,131.00
1782640352341,7,95,1,135.61
1782640352570,0,31,2,139.24
1782640352570,1,92,3,142.80
1782640352570,2,99,3,142.76
1782640352570,3,94,3,141.18
1782640352570,4,98,2,138.96
1782640352570,5,94,3,140.49
1782640352570,6,94,3,132.12
1782640352570,7,96,3,136.66
1782640352801,0,34,2,139.50
1782640352801,1,94,1,142.79
1782640352801,2,87,1,142.45
1782640352801,3,100,0,140.86
1782640352801,4,84,3,140.44
1782640352801,5,88,3,142.05
1782640352801,6,100,0,131.27
1782640352801,7,100,0,135.57
1782640353030,0,25,0,135.55
1782640353030,1,100,0,139.69
1782640353030,2,100,0,141.61
1782640353030,3,100,0,138.84
1782640353030,4,100,0,135.96
1782640353030,5,100,0,138.87
1782640353030,6,100,0,128.44
1782640353030,7,100,0,132.65
1782640353250,0,36,0,131.92
1782640353250,1,100,0,134.65
1782640353250,2,100,0,134.79
1782640353250,3,100,0,131.83
1782640353250,4,100,0,132.35
1782640353250,5,100,0,132.10
1782640353250,6,100,0,124.11
1782640353250,7,100,0,128.73
1782640353493,0,21,12,131.23
1782640353493,1,100,6,137.42
1782640353493,2,100,0,136.63
1782640353493,3,100,0,134.07
1782640353493,4,85,5,130.99
1782640353493,5,100,0,133.66
1782640353493,6,100,0,125.93
1782640353493,7,100,11,129.86
1782640353741,0,0,0,127.50
1782640353741,1,10,0,130.69
1782640353741,2,9,0,129.93
1782640353741,3,13,0,126.39
1782640353741,4,9,0,127.94
1782640353741,5,9,0,126.82
1782640353741,6,9,0,119.39
1782640353741,7,13,0,123.76
1782640353998,0,9,0,125.49
1782640353998,1,9,0,127.20
1782640353998,2,16,0,127.17
1782640353998,3,10,0,124.04
1782640353998,4,9,0,123.39
1782640353998,5,13,0,124.58
1782640353998,6,9,0,116.31
1782640353998,7,9,0,121.23
1782640354295,0,13,0,125.18
1782640354295,1,9,0,126.74
1782640354295,2,9,0,126.80
1782640354295,3,9,0,123.79
1782640354295,4,9,0,122.83
1782640354295,5,12,0,124.08
1782640354295,6,9,0,116.00
1782640354295,7,13,0,120.93
1782640354545,0,9,0,120.55
1782640354545,1,9,0,120.53
1782640354545,2,9,0,121.85
1782640354545,3,49,7,119.41
1782640354545,4,19,0,117.10
1782640354545,5,51,7,119.65
1782640354545,6,41,5,111.45
1782640354545,7,9,0,116.24
1782640354811,0,9,0,120.57
1782640354811,1,0,0,121.52
1782640354811,2,0,0,122.83
1782640354811,3,0,0,119.27
1782640354811,4,11,2,118.26
1782640354811,5,0,0,119.44
1782640354811,6,0,0,111.44
1782640354811,7,48,7,117.06
1782640355032,0,13,0,120.73
1782640355032,1,0,0,121.42
1782640355032,2,0,0,122.67
1782640355032,3,0,0,119.10
1782640355032,4,0,0,118.07
1782640355032,5,0,0,119.36
1782640355032,6,0,0,111.32
1782640355032,7,0,0,116.89
1782640355254,0,0,0,121.91
1782640355254,1,0,0,121.26
1782640355254,2,0,0,122.57
1782640355254,3,0,0,118.98
1782640355254,4,0,0,118.01
1782640355254,5,0,0,119.17
1782640355254,6,0,0,111.21
1782640355254,7,0,0,116.78
1782640355472,0,0,0,121.82
1782640355472,1,0,0,121.15
1782640355472,2,0,0,122.43
1782640355472,3,0,0,118.87
1782640355472,4,0,0,117.82
1782640355472,5,0,0,118.96
1782640355472,6,0,0,111.11
1782640355472,7,0,0,116.67
1782640355691,0,0,0,121.68
1782640355691,1,0,0,119.85
1782640355691,2,0,0,121.02
1782640355691,3,0,0,117.57
1782640355691,4,0,0,116.51
1782640355691,5,0,0,117.68
1782640355691,6,0,0,109.91
1782640355691,7,0,0,115.38
1782640355910,0,0,0,121.49
1782640355910,1,0,0,119.84
1782640355910,2,0,0,121.00
1782640355910,3,0,0,117.58
1782640355910,4,0,0,116.44
1782640355910,5,0,0,117.64
1782640355910,6,0,0,109.87
1782640355910,7,0,0,115.38
1782640356127,0,0,0,120.00
1782640356127,1,0,0,119.83
1782640356127,2,0,0,121.00
1782640356127,3,0,0,117.59
1782640356127,4,0,0,116.37
1782640356127,5,0,0,117.63
1782640356127,6,0,0,109.84
1782640356127,7,0,0,115.39
1782640356345,0,0,0,119.99
1782640356345,1,0,0,119.87
1782640356345,2,0,0,121.03
1782640356345,3,0,0,117.58
1782640356345,4,0,0,116.41
1782640356345,5,0,0,117.61
1782640356345,6,0,0,109.85
1782640356345,7,0,0,115.38
1782640356566,0,0,0,120.00
1782640356566,1,0,0,119.88
1782640356566,2,0,0,121.06
1782640356566,3,0,0,117.58
1782640356566,4,0,0,116.42
1782640356566,5,0,0,117.64
1782640356566,6,0,0,109.86
1782640356566,7,0,0,115.39
1782640356786,0,0,0,120.00
1782640356786,1,0,0,119.88
1782640356786,2,0,0,121.05
1782640356786,3,0,0,117.57
1782640356786,4,0,0,116.43
1782640356786,5,0,0,117.66
1782640356786,6,0,0,109.90
1782640356786,7,0,0,115.39
1782640357004,0,0,0,120.01
1782640357004,1,0,0,119.87
1782640357004,2,0,0,121.05
1782640357004,3,0,0,117.57
1782640357004,4,0,0,116.47
1782640357004,5,0,0,117.68
1782640357004,6,0,0,109.89
1782640357004,7,0,0,115.41
1782640357220,0,0,0,120.01
1782640357220,1,0,0,119.88
1782640357220,2,0,0,121.05
1782640357220,3,0,0,117.57
1782640357220,4,0,0,116.45
1782640357220,5,0,0,117.63
1782640357220,6,0,0,109.86
1782640357220,7,0,0,115.40
1782640357439,0,0,0,120.04
1782640357439,1,0,0,119.89
1782640357439,2,0,0,121.03
1782640357439,3,0,0,117.59
1782640357439,4,0,0,116.46
1782640357439,5,0,0,117.66
1782640357439,6,0,0,109.82
1782640357439,7,0,0,115.41
1782640357657,0,0,0,120.03
1782640357657,1,0,0,119.89
1782640357657,2,0,0,121.02
1782640357657,3,0,0,117.61
1782640357657,4,0,0,116.52
1782640357657,5,0,0,117.65
1782640357657,6,0,0,109.78
1782640357657,7,0,0,115.41
1782640357876,0,0,0,120.03
1782640357876,1,0,0,119.90
1782640357876,2,0,0,121.03
1782640357876,3,0,0,117.61
1782640357876,4,0,0,116.51
1782640357876,5,0,0,117.66
1782640357876,6,0,0,109.81
1782640357876,7,0,0,115.41
1782640358095,0,0,0,120.05
1782640358095,1,0,0,119.89
1782640358095,2,0,0,121.03
1782640358095,3,0,0,117.61
1782640358095,4,0,0,116.52
1782640358095,5,0,0,117.67
1782640358095,6,0,0,109.87
1782640358095,7,0,0,115.39
1782640358316,0,0,0,120.04
1782640358316,1,0,0,119.90
1782640358316,2,0,0,121.03
1782640358316,3,0,0,117.62
1782640358316,4,0,0,116.54
1782640358316,5,0,0,117.68
1782640358316,6,0,0,109.96
1782640358316,7,0,0,115.38
1782640358533,0,0,0,120.06
1782640358533,1,0,0,119.89
1782640358533,2,0,0,121.04
1782640358533,3,0,0,117.59
1782640358533,4,0,0,116.56
1782640358533,5,0,0,117.66
1782640358533,6,0,0,109.95
1782640358533,7,0,0,115.33
1782640358750,0,0,0,120.07
1782640358750,1,0,0,119.92
1782640358750,2,0,0,121.05
1782640358750,3,0,0,117.59
1782640358750,4,0,0,116.60
1782640358750,5,0,0,117.66
1782640358750,6,0,0,109.93
1782640358750,7,0,0,115.36
1782640358970,0,0,0,120.07
1782640358970,1,0,0,119.92
1782640358970,2,0,0,121.05
1782640358970,3,0,0,117.57
1782640358970,4,0,0,116.54
1782640358970,5,0,0,117.68
1782640358970,6,0,0,109.91
1782640358970,7,0,0,115.33
1782640359218,0,0,0,120.07
1782640359218,1,0,0,119.94
1782640359218,2,0,0,121.07
1782640359218,3,0,0,117.57
1782640359218,4,0,0,116.57
1782640359218,5,0,0,117.68
1782640359218,6,0,0,109.87
1782640359218,7,0,0,115.34
1782640359469,0,0,0,120.09
1782640359469,1,0,0,119.94
1782640359469,2,0,0,121.08
1782640359469,3,0,0,117.56
1782640359469,4,0,0,116.62
1782640359469,5,0,0,117.72
1782640359469,6,0,0,109.87
1782640359469,7,0,0,115.36
1782640359687,0,0,0,120.09
1782640359687,1,0,0,119.97
1782640359687,2,0,0,121.10
1782640359687,3,0,0,117.54
1782640359687,4,0,0,116.58
1782640359687,5,0,0,117.73
1782640359687,6,0,0,109.89
1782640359687,7,0,0,115.33
1782640359925,0,0,0,120.12
1782640359925,1,0,0,119.96
1782640359925,2,0,0,121.13
1782640359925,3,0,0,117.57
1782640359925,4,0,0,116.55
1782640359925,5,0,0,117.73
1782640359925,6,0,0,109.92
1782640359925,7,0,0,115.35
1782640360312,0,0,0,120.10
1782640360312,1,0,0,119.99
1782640360312,2,0,0,121.15
1782640360312,3,0,0,117.71
1782640360312,4,0,0,116.63
1782640360312,5,0,0,117.80
1782640360312,6,0,0,109.94
1782640360312,7,0,0,115.46
1782640361348,0,0,0,120.11
1782640361348,1,0,0,120.02
1782640361348,2,0,0,121.14
1782640361348,3,0,0,117.72
1782640361348,4,0,0,116.65
1782640361348,5,0,0,117.78
1782640361348,6,0,0,109.95
1782640361348,7,0,0,115.46
1782640361566,0,0,0,120.09
1782640361566,1,0,0,120.03
1782640361566,2,0,0,121.14
1782640361566,3,0,0,117.69
1782640361566,4,0,0,116.68
1782640361566,5,0,0,117.77
1782640361566,6,0,0,109.97
1782640361566,7,0,0,115.47
1782640361783,0,0,0,120.10
1782640361783,1,0,0,120.03
1782640361783,2,0,0,121.14
1782640361783,3,0,0,117.69
1782640361783,4,0,0,116.64
1782640361783,5,0,0,117.76
1782640361783,6,0,0,109.95
1782640361783,7,0,0,115.46
1782640361999,0,0,0,120.08
1782640361999,1,0,0,120.01
1782640361999,2,0,0,121.15
1782640361999,3,0,0,117.66
1782640361999,4,0,0,116.64
1782640361999,5,0,0,117.76
1782640361999,6,0,0,109.90
1782640361999,7,0,0,115.46
1782640362215,0,0,0,120.07
1782640362215,1,0,0,120.01
1782640362215,2,0,0,121.14
1782640362215,3,0,0,117.65
1782640362215,4,0,0,116.61
1782640362215,5,0,0,117.72
1782640362215,6,0,0,109.92
1782640362215,7,0,0,115.45
1782640362432,0,0,0,120.07
1782640362432,1,0,0,120.00
1782640362432,2,0,0,121.14
1782640362432,3,0,0,117.65
1782640362432,4,0,0,116.59
1782640362432,5,0,0,117.75
1782640362432,6,0,0,109.91
1782640362432,7,0,0,115.44
1782640362648,0,0,0,120.11
1782640362648,1,0,0,120.05
1782640362648,2,0,0,121.18
1782640362648,3,0,0,117.68
1782640362648,4,0,0,116.57
1782640362648,5,0,0,117.76
1782640362648,6,0,0,109.94
1782640362648,7,0,0,115.47
1782640363154,0,0,0,120.17
1782640363154,1,0,0,120.10
1782640363154,2,0,0,121.21
1782640363154,3,0,0,117.69
1782640363154,4,0,0,116.64
1782640363154,5,0,0,117.81
1782640363154,6,0,0,109.94
1782640363154,7,0,0,115.47
1782640363991,0,0,0,120.19
1782640363991,1,0,0,120.07
1782640363991,2,0,0,121.18
1782640363991,3,0,0,117.69
1782640363991,4,0,0,116.59
1782640363991,5,0,0,117.82
1782640363991,6,0,0,109.95
1782640363991,7,0,0,115.50
1782640364210,0,0,0,120.16
1782640364210,1,0,0,120.05
1782640364210,2,0,0,121.16
1782640364210,3,0,0,117.72
1782640364210,4,0,0,116.65
1782640364210,5,0,0,117.83
1782640364210,6,0,0,110.00
1782640364210,7,0,0,115.50
1782640364427,0,0,0,120.16
1782640364427,1,0,0,120.07
1782640364427,2,0,0,121.14
1782640364427,3,0,0,117.70
1782640364427,4,0,0,116.67
1782640364427,5,0,0,117.84
1782640364427,6,0,0,110.07
1782640364427,7,0,0,115.52
1782640364645,0,0,0,120.16
1782640364645,1,0,0,120.08
1782640364645,2,0,0,121.15
1782640364645,3,0,0,117.71
1782640364645,4,0,0,116.60
1782640364645,5,0,0,117.79
1782640364645,6,0,0,110.01
1782640364645,7,0,0,115.50
1782640364863,0,0,0,120.14
1782640364863,1,0,0,120.06
1782640364863,2,0,0,121.15
1782640364863,3,0,0,117.71
1782640364863,4,0,0,116.61
1782640364863,5,0,0,117.81
1782640364863,6,0,0,109.99
1782640364863,7,0,0,115.50
1782640365080,0,0,0,120.15
1782640365080,1,0,0,120.07
1782640365080,2,0,0,121.17
1782640365080,3,0,0,117.72
1782640365080,4,0,0,116.62
1782640365080,5,0,0,117.76
1782640365080,6,0,0,109.93
1782640365080,7,0,0,115.49
1782640365325,0,0,0,120.16
1782640365325,1,0,0,120.08
1782640365325,2,0,0,121.19
1782640365325,3,0,0,117.72
1782640365325,4,0,0,116.57
1782640365325,5,0,0,117.79
1782640365325,6,0,0,109.90
1782640365325,7,0,0,115.47
1782640365596,0,0,0,120.18
1782640365596,1,0,0,120.06
1782640365596,2,0,0,121.21
1782640365596,3,0,0,117.72
1782640365596,4,0,0,116.61
1782640365596,5,0,0,117.79
1782640365596,6,0,0,109.97
1782640365596,7,0,0,115.45
1782640365843,0,0,0,120.19
1782640365843,1,0,0,120.09
1782640365843,2,0,0,121.26
1782640365843,3,0,0,117.71
1782640365843,4,0,0,116.67
1782640365843,5,0,0,117.80
1782640365843,6,0,0,109.99
1782640365843,7,0,0,115.44
1782640366154,0,0,0,120.21
1782640366154,1,0,0,120.09
1782640366154,2,0,0,121.27
1782640366154,3,0,0,117.70
1782640366154,4,0,0,116.66
1782640366154,5,0,0,117.87
1782640366154,6,0,0,109.93
1782640366154,7,0,0,115.44
1782640366711,0,0,0,120.24
1782640366711,1,0,0,120.10
1782640366711,2,0,0,121.29
1782640366711,3,0,0,117.74
1782640366711,4,0,0,116.69
1782640366711,5,0,0,117.84
1782640366711,6,0,0,109.94
1782640366711,7,0,0,115.47
1782640367196,0,0,0,120.23
1782640367196,1,0,0,120.08
1782640367196,2,0,0,121.30
1782640367196,3,0,0,117.74
1782640367196,4,0,0,116.64
1782640367196,5,0,0,117.84
1782640367196,6,0,0,109.96
1782640367196,7,0,0,115.47
1782640367413,0,0,0,120.21
1782640367413,1,0,0,120.09
1782640367413,2,0,0,121.30
1782640367413,3,0,0,117.75
1782640367413,4,0,0,116.64
1782640367413,5,0,0,117.86
1782640367413,6,0,0,109.97
1782640367413,7,0,0,115.49
1782640367660,0,0,0,120.19
1782640367660,1,0,0,120.08
1782640367660,2,0,0,121.30
1782640367660,3,0,0,117.76
1782640367660,4,0,0,116.66
1782640367660,5,0,0,117.86
1782640367660,6,0,0,110.01
1782640367660,7,0,0,115.48
1782640367906,0,0,0,120.20
1782640367906,1,0,0,120.09
1782640367906,2,0,0,121.29
1782640367906,3,0,0,117.76
1782640367906,4,0,0,116.69
1782640367906,5,0,0,117.86
1782640367906,6,0,0,109.99
1782640367906,7,0,0,115.46
1782640368125,0,0,0,120.18
1782640368125,1,0,0,120.08
1782640368125,2,0,0,121.30
1782640368125,3,0,0,117.78
1782640368125,4,0,0,116.67
1782640368125,5,0,0,117.82
1782640368125,6,0,0,109.96
1782640368125,7,0,0,115.47
1782640368372,0,0,0,120.21
1782640368372,1,0,0,120.09
1782640368372,2,0,0,121.29
1782640368372,3,0,0,117.77
1782640368372,4,0,0,116.71
1782640368372,5,0,0,117.82
1782640368372,6,0,0,109.98
1782640368372,7,0,0,115.48
1782640368600,0,0,0,120.21
1782640368600,1,0,0,120.08
1782640368600,2,0,0,121.29
1782640368600,3,0,0,117.77
1782640368600,4,0,0,116.66
1782640368600,5,0,0,117.83
1782640368600,6,0,0,110.00
1782640368600,7,0,0,115.48
1782640368820,0,0,0,120.20
1782640368820,1,0,0,120.07
1782640368820,2,0,0,121.31
1782640368820,3,0,0,117.77
1782640368820,4,0,0,116.68
1782640368820,5,0,0,117.81
1782640368820,6,0,0,110.01
1782640368820,7,0,0,115.50
1782640369039,0,0,0,120.21
1782640369039,1,0,0,120.08
1782640369039,2,0,0,121.30
1782640369039,3,0,0,117.77
1782640369039,4,0,0,116.68
1782640369039,5,0,0,117.83
1782640369039,6,0,0,110.01
1782640369039,7,0,0,115.51
1782640369261,0,0,0,120.19
1782640369261,1,0,0,120.08
1782640369261,2,0,0,121.30
1782640369261,3,0,0,117.78
1782640369261,4,0,0,116.64
1782640369261,5,0,0,117.80
1782640369261,6,0,0,110.04
1782640369261,7,0,0,115.52
1782640369480,0,0,0,120.21
1782640369480,1,0,0,120.08
1782640369480,2,0,0,121.28
1782640369480,3,0,0,117.77
1782640369480,4,0,0,116.63
1782640369480,5,0,0,117.83
1782640369480,6,0,0,109.99
1782640369480,7,0,0,115.55
1782640369745,0,0,0,120.22
1782640369745,1,0,0,120.10
1782640369745,2,0,0,121.27
1782640369745,3,0,0,117.78
1782640369745,4,0,0,116.65
1782640369745,5,0,0,117.81
1782640369745,6,0,0,109.96
1782640369745,7,0,0,115.57
1782640369975,0,0,0,120.24
1782640369975,1,0,0,120.11
1782640369975,2,0,0,121.24
1782640369975,3,0,0,117.75
1782640369975,4,0,0,116.62
1782640369975,5,0,0,117.83
1782640369975,6,0,0,109.98
1782640369975,7,0,0,115.56
1782640370239,0,0,0,120.26
1782640370239,1,0,0,120.13
1782640370239,2,0,0,121.25
1782640370239,3,0,0,117.76
1782640370239,4,0,0,116.63
1782640370239,5,0,0,117.84
1782640370239,6,0,0,110.04
1782640370239,7,0,0,115.57
1782640370493,0,0,0,120.26
1782640370493,1,0,0,120.12
1782640370493,2,0,0,121.26
1782640370493,3,0,0,117.76
1782640370493,4,0,0,116.68
1782640370493,5,0,0,117.85
1782640370493,6,0,0,110.08
1782640370493,7,0,0,115.55
1782640370729,0,0,0,120.27
1782640370729,1,0,0,120.11
1782640370729,2,0,0,121.29
1782640370729,3,0,0,117.75
1782640370729,4,0,0,116.66
1782640370729,5,0,0,117.83
1782640370729,6,0,0,110.05
1782640370729,7,0,0,115.53
1782640371142,0,0,0,120.29
1782640371142,1,0,0,120.17
1782640371142,2,0,0,121.32
1782640371142,3,0,0,117.77
1782640371142,4,0,0,116.67
1782640371142,5,0,0,117.87
1782640371142,6,0,0,109.96
1782640371142,7,0,0,115.54
1782640371562,0,0,0,120.30
1782640371562,1,0,0,120.17
1782640371562,2,0,0,121.31
1782640371562,3,0,0,117.77
1782640371562,4,0,0,116.70
1782640371562,5,0,0,117.86
1782640371562,6,0,0,109.98
1782640371562,7,0,0,115.55
1782640371782,0,0,0,120.30
1782640371782,1,0,0,120.18
1782640371782,2,0,0,121.30
1782640371782,3,0,0,117.77
1782640371782,4,0,0,116.69
1782640371782,5,0,0,117.86
1782640371782,6,0,0,110.02
1782640371782,7,0,0,115.53
1782640372002,0,0,0,120.29
1782640372002,1,0,0,120.18
1782640372002,2,0,0,121.29
1782640372002,3,0,0,117.77
1782640372002,4,0,0,116.73
1782640372002,5,0,0,117.86
1782640372002,6,0,0,110.05
1782640372002,7,0,0,115.54
1782640372221,0,0,0,120.29
1782640372221,1,0,0,120.15
1782640372221,2,0,0,121.30
1782640372221,3,0,0,117.76
1782640372221,4,0,0,116.71
1782640372221,5,0,0,117.83
1782640372221,6,0,0,110.06
1782640372221,7,0,0,115.53
1782640372440,0,0,0,120.29
1782640372440,1,0,0,120.15
1782640372440,2,0,0,121.33
1782640372440,3,0,0,117.78
1782640372440,4,0,0,116.70
1782640372440,5,0,0,117.87
1782640372440,6,0,0,110.01
1782640372440,7,0,0,115.51
1782640372659,0,0,0,120.27
1782640372659,1,0,0,120.15
1782640372659,2,0,0,121.35
1782640372659,3,0,0,117.80
1782640372659,4,0,0,116.72
1782640372659,5,0,0,117.88
1782640372659,6,0,0,109.93
1782640372659,7,0,0,115.49
1782640372879,0,0,0,120.29
1782640372879,1,0,0,120.14
1782640372879,2,0,0,121.35
1782640372879,3,0,0,117.79
1782640372879,4,0,0,116.73
1782640372879,5,0,0,117.89
1782640372879,6,0,0,109.91
1782640372879,7,0,0,115.49
1782640373128,0,0,0,120.31
1782640373128,1,0,0,120.12
1782640373128,2,0,0,121.37
1782640373128,3,0,0,117.80
1782640373128,4,0,0,116.71
1782640373128,5,0,0,117.89
1782640373128,6,0,0,109.94
1782640373128,7,0,0,115.51
1782640373396,0,0,0,120.28
1782640373396,1,0,0,120.14
1782640373396,2,0,0,121.38
1782640373396,3,0,0,117.80
1782640373396,4,0,0,116.72
1782640373396,5,0,0,117.90
1782640373396,6,0,0,109.99
1782640373396,7,0,0,115.52
1782640373612,0,0,0,120.30
1782640373612,1,0,0,120.14
1782640373612,2,0,0,121.40
1782640373612,3,0,0,117.81
1782640373612,4,0,0,116.73
1782640373612,5,0,0,117.88
1782640373612,6,0,0,110.07
1782640373612,7,0,0,115.55
1782640373884,0,0,0,120.29
1782640373884,1,0,0,120.15
1782640373884,2,0,0,121.40
1782640373884,3,0,0,117.81
1782640373884,4,0,0,116.78
1782640373884,5,0,0,117.91
1782640373884,6,0,0,110.06
1782640373884,7,0,0,115.58
1782640374159,0,0,0,120.26
1782640374159,1,0,0,120.15
1782640374159,2,0,0,121.38
1782640374159,3,0,0,117.81
1782640374159,4,0,0,116.70
1782640374159,5,0,0,117.88
1782640374159,6,0,0,110.12
1782640374159,7,0,0,115.57
1782640374378,0,0,0,120.27
1782640374378,1,0,0,120.14
1782640374378,2,0,0,121.39
1782640374378,3,0,0,117.82
1782640374378,4,0,0,116.77
1782640374378,5,0,0,117.90
1782640374378,6,0,0,110.20
1782640374378,7,0,0,115.57
1782640374634,0,0,0,120.28
1782640374634,1,0,0,120.14
1782640374634,2,0,0,121.38
1782640374634,3,0,0,117.82
1782640374634,4,0,0,116.78
1782640374634,5,0,0,117.90
1782640374634,6,0,0,110.40
1782640374634,7,0,0,115.58
1782640374937,0,0,0,120.29
1782640374937,1,0,0,120.16
1782640374937,2,0,0,121.39
1782640374937,3,0,0,117.84
1782640374937,4,0,0,116.77
1782640374937,5,0,0,117.86
1782640374937,6,0,0,110.63
1782640374937,7,0,0,115.59
1782640375381,0,0,0,120.32
1782640375381,1,0,0,120.19
1782640375381,2,0,0,121.41
1782640375381,3,0,0,117.84
1782640375381,4,0,0,116.75
1782640375381,5,0,0,117.87
1782640375381,6,0,0,110.61
1782640375381,7,0,0,115.59
1782640375737,0,0,0,120.30
1782640375737,1,0,0,120.21
1782640375737,2,0,0,121.41
1782640375737,3,0,0,117.82
1782640375737,4,0,0,116.76
1782640375737,5,0,0,117.86
1782640375737,6,0,0,110.57
1782640375737,7,0,0,115.58
1782640375957,0,0,0,120.30
1782640375957,1,0,0,120.19
1782640375957,2,0,0,121.39
1782640375957,3,0,0,117.81
1782640375957,4,0,0,116.69
1782640375957,5,0,0,117.87
1782640375957,6,0,0,110.60
1782640375957,7,0,0,115.57
1782640376219,0,0,0,120.30
1782640376219,1,0,0,120.17
1782640376219,2,0,0,121.39
1782640376219,3,0,0,117.80
1782640376219,4,0,0,116.70
1782640376219,5,0,0,117.84
1782640376219,6,0,0,110.64
1782640376219,7,0,0,115.58
1782640376437,0,0,0,120.30
1782640376437,1,0,0,120.17
1782640376437,2,0,0,121.38
1782640376437,3,0,0,117.81
1782640376437,4,0,0,116.73
1782640376437,5,0,0,117.83
1782640376437,6,0,0,110.70
1782640376437,7,0,0,115.60
1782640376659,0,0,0,120.29
1782640376659,1,0,0,120.15
1782640376659,2,0,0,121.36
1782640376659,3,0,0,117.81
1782640376659,4,0,0,116.69
1782640376659,5,0,0,117.84
1782640376659,6,0,0,110.70
1782640376659,7,0,0,115.59
1782640376886,0,0,0,120.29
1782640376886,1,0,0,120.16
1782640376886,2,0,0,121.39
1782640376886,3,0,0,117.83
1782640376886,4,0,0,116.71
1782640376886,5,0,0,117.86
1782640376886,6,0,0,110.63
1782640376886,7,0,0,115.61
1782640377111,0,0,0,120.28
1782640377111,1,0,0,120.18
1782640377111,2,0,0,121.39
1782640377111,3,0,0,117.84
1782640377111,4,0,0,116.77
1782640377111,5,0,0,117.88
1782640377111,6,0,0,110.62
1782640377111,7,0,0,115.60
1782640377329,0,0,0,120.32
1782640377329,1,0,0,120.18
1782640377329,2,0,0,121.38
1782640377329,3,0,0,117.85
1782640377329,4,0,0,116.76
1782640377329,5,0,0,117.89
1782640377329,6,0,0,110.62
1782640377329,7,0,0,115.59
1782640377662,0,0,0,120.31
1782640377662,1,0,0,120.19
1782640377662,2,0,0,121.37
1782640377662,3,0,0,117.87
1782640377662,4,0,0,116.75
1782640377662,5,0,0,117.88
1782640377662,6,0,0,110.64
1782640377662,7,0,0,115.59
1782640377882,0,0,0,120.32
1782640377882,1,0,0,120.21
1782640377882,2,0,0,121.36
1782640377882,3,0,0,117.87
1782640377882,4,0,0,116.78
1782640377882,5,0,0,117.89
1782640377882,6,0,0,110.66
1782640377882,7,0,0,115.58
1782640378101,0,0,0,120.37
1782640378101,1,0,0,120.22
1782640378101,2,0,0,121.38
1782640378101,3,0,0,117.87
1782640378101,4,0,0,116.73
1782640378101,5,0,0,117.92
1782640378101,6,0,0,110.68
1782640378101,7,0,0,115.58
1782640378319,0,0,0,120.36
1782640378319,1,0,0,120.21
1782640378319,2,0,0,121.39
1782640378319,3,0,0,117.83
1782640378319,4,0,0,116.78
1782640378319,5,0,0,117.91
1782640378319,6,0,0,110.69
1782640378319,7,0,0,115.58
1782640378538,0,0,0,120.37
1782640378538,1,0,0,120.21
1782640378538,2,0,0,121.40
1782640378538,3,0,0,117.83
1782640378538,4,0,0,116.80
1782640378538,5,0,0,117.91
1782640378538,6,0,0,110.60
1782640378538,7,0,0,115.57
1782640378757,0,0,0,120.39
1782640378757,1,0,0,120.24
1782640378757,2,0,0,121.41
1782640378757,3,0,0,117.82
1782640378757,4,0,0,116.78
1782640378757,5,0,0,117.89
1782640378757,6,0,0,110.58
1782640378757,7,0,0,115.56
1782640378980,0,0,0,120.40
1782640378980,1,0,0,120.23
1782640378980,2,0,0,121.43
1782640378980,3,0,0,117.80
1782640378980,4,0,0,116.82
1782640378980,5,0,0,117.93
1782640378980,6,0,0,110.62
1782640378980,7,0,0,115.55
1782640379200,0,0,0,120.39
1782640379200,1,0,0,120.24
1782640379200,2,0,0,121.42
1782640379200,3,0,0,117.82
1782640379200,4,0,0,116.76
1782640379200,5,0,0,117.93
1782640379200,6,0,0,110.61
1782640379200,7,0,0,115.56
1782640379419,0,0,0,120.41
1782640379419,1,0,0,120.24
1782640379419,2,0,0,121.41
1782640379419,3,0,0,117.82
1782640379419,4,0,0,116.78
1782640379419,5,0,0,117.93
1782640379419,6,0,0,110.64
1782640379419,7,0,0,115.58
1782640379639,0,0,0,120.39
1782640379639,1,0,0,120.19
1782640379639,2,0,0,121.42
1782640379639,3,0,0,117.81
1782640379639,4,0,0,116.81
1782640379639,5,0,0,117.89
1782640379639,6,0,0,110.71
1782640379639,7,0,0,115.59
1782640379866,0,0,0,120.39
1782640379866,1,0,0,120.16
1782640379866,2,0,0,121.42
1782640379866,3,0,0,117.83
1782640379866,4,0,0,116.76
1782640379866,5,0,0,117.93
1782640379866,6,0,0,110.67
1782640379866,7,0,0,115.60
1782640380086,0,0,0,120.36
1782640380086,1,0,0,120.17
1782640380086,2,0,0,121.42
1782640380086,3,0,0,117.84
1782640380086,4,0,0,116.81
1782640380086,5,0,0,117.90
1782640380086,6,0,0,110.61
1782640380086,7,0,0,115.58
1782640380313,0,0,0,120.34
1782640380313,1,0,0,120.17
1782640380313,2,0,0,121.44
1782640380313,3,0,0,117.86
1782640380313,4,0,0,116.84
1782640380313,5,0,0,117.91
1782640380313,6,0,0,110.59
1782640380313,7,0,0,115.57
1782640380539,0,0,0,120.35
1782640380539,1,0,0,120.16
1782640380539,2,0,0,121.46
1782640380539,3,0,0,117.87
1782640380539,4,0,0,116.77
1782640380539,5,0,0,117.92
1782640380539,6,0,0,110.56
1782640380539,7,0,0,115.56
1782640380761,0,0,0,120.35
1782640380761,1,0,0,120.18
1782640380761,2,0,0,121.45
1782640380761,3,0,0,117.88
1782640380761,4,0,0,116.81
1782640380761,5,0,0,117.90
1782640380761,6,0,0,110.59
1782640380761,7,0,0,115.58
1782640380981,0,0,0,120.37
1782640380981,1,0,0,120.20
1782640380981,2,0,0,121.46
1782640380981,3,0,0,117.89
1782640380981,4,0,0,116.79
1782640380981,5,0,0,117.91
1782640380981,6,0,0,110.64
1782640380981,7,0,0,115.57
1782640381202,0,0,0,120.36
1782640381202,1,0,0,120.21
1782640381202,2,0,0,121.45
1782640381202,3,0,0,117.89
1782640381202,4,0,0,116.78
1782640381202,5,0,0,117.88
1782640381202,6,0,0,110.67
1782640381202,7,0,0,115.60
1782640381422,0,0,0,120.37
1782640381422,1,0,0,120.21
1782640381422,2,0,0,121.44
1782640381422,3,0,0,117.88
1782640381422,4,0,0,116.79
1782640381422,5,0,0,117.86
1782640381422,6,0,0,110.65
1782640381422,7,0,0,115.62
1782640381640,0,0,0,120.35
1782640381640,1,0,0,120.21
1782640381640,2,0,0,121.46
1782640381640,3,0,0,117.87
1782640381640,4,0,0,116.79
1782640381640,5,0,0,117.88
1782640381640,6,0,0,110.67
1782640381640,7,0,0,115.61
1782640381861,0,0,0,120.37
1782640381861,1,0,0,120.22
1782640381861,2,0,0,121.45
1782640381861,3,0,0,117.87
1782640381861,4,0,0,116.83
1782640381861,5,0,0,117.88
1782640381861,6,0,0,110.67
1782640381861,7,0,0,115.62
1782640382080,0,0,0,120.36
1782640382080,1,0,0,120.21
1782640382080,2,0,0,121.46
1782640382080,3,0,0,117.88
1782640382080,4,0,0,116.85
1782640382080,5,0,0,117.88
1782640382080,6,0,0,110.72
1782640382080,7,0,0,115.62
1782640382309,0,0,0,120.39
1782640382309,1,0,0,120.22
1782640382309,2,0,0,121.47
1782640382309,3,0,0,117.88
1782640382309,4,0,0,116.78
1782640382309,5,0,0,117.89
1782640382309,6,0,0,110.79
1782640382309,7,0,0,115.64
1782640382570,0,0,0,120.40
1782640382570,1,0,0,120.21
1782640382570,2,0,0,121.45
1782640382570,3,0,0,117.88
1782640382570,4,0,0,116.81
1782640382570,5,0,0,117.89
1782640382570,6,0,0,110.79
1782640382570,7,0,0,115.62
1782640382792,0,0,0,120.42
1782640382792,1,0,0,120.20
1782640382792,2,0,0,121.44
1782640382792,3,0,0,117.86
1782640382792,4,0,0,116.81
1782640382792,5,0,0,117.88
1782640382792,6,0,0,110.74
1782640382792,7,0,0,115.66
1782640383014,0,0,0,120.42
1782640383014,1,0,0,120.19
1782640383014,2,0,0,121.43
1782640383014,3,0,0,117.86
1782640383014,4,0,0,116.77
1782640383014,5,0,0,117.87
1782640383014,6,0,0,110.72
1782640383014,7,0,0,115.64
1782640383232,0,0,0,120.41
1782640383232,1,0,0,120.22
1782640383232,2,0,0,121.45
1782640383232,3,0,0,117.85
1782640383232,4,0,0,116.78
1782640383232,5,0,0,117.90
1782640383232,6,0,0,110.67
1782640383232,7,0,0,115.67
1782640383450,0,0,0,120.40
1782640383450,1,0,0,120.19
1782640383450,2,0,0,121.44
1782640383450,3,0,0,117.86
1782640383450,4,0,0,116.80
1782640383450,5,0,0,117.91
1782640383450,6,0,0,110.65
1782640383450,7,0,0,115.67
1782640383669,0,0,0,120.40
1782640383669,1,0,0,120.18
1782640383669,2,0,0,121.46
1782640383669,3,0,0,117.87
1782640383669,4,0,0,116.78
1782640383669,5,0,0,117.93
1782640383669,6,0,0,110.69
1782640383669,7,0,0,115.67
1782640383888,0,0,0,120.38
1782640383888,1,0,0,120.19
1782640383888,2,0,0,121.46
1782640383888,3,0,0,117.86
1782640383888,4,0,0,116.68
1782640383888,5,0,0,117.95
1782640383888,6,0,0,110.70
1782640383888,7,0,0,115.68
1782640384107,0,0,0,120.39
1782640384107,1,0,0,120.20
1782640384107,2,0,0,121.46
1782640384107,3,0,0,117.85
1782640384107,4,0,0,116.50
1782640384107,5,0,0,117.93
1782640384107,6,0,0,110.71
1782640384107,7,0,0,115.65
1782640384326,0,0,0,120.40
1782640384326,1,0,0,120.21
1782640384326,2,0,0,121.45
1782640384326,3,0,0,117.88
1782640384326,4,0,0,116.37
1782640384326,5,0,0,117.92
1782640384326,6,0,0,110.72
1782640384326,7,0,0,115.66
1782640384545,0,0,0,120.42
1782640384545,1,0,0,120.26
1782640384545,2,0,0,121.45
1782640384545,3,0,0,117.86
1782640384545,4,0,0,116.29
1782640384545,5,0,0,117.96
1782640384545,6,0,0,110.60
1782640384545,7,0,0,115.64
1782640384764,0,0,0,120.44
1782640384764,1,0,0,120.25
1782640384764,2,0,0,121.45
1782640384764,3,0,0,117.87
1782640384764,4,0,0,116.22
1782640384764,5,0,0,117.95
1782640384764,6,0,0,110.57
1782640384764,7,0,0,115.64
1782640384984,0,0,0,120.46
1782640384984,1,0,0,120.24
1782640384984,2,0,0,121.45
1782640384984,3,0,0,117.90
1782640384984,4,0,0,116.26
1782640384984,5,0,0,117.96
1782640384984,6,0,0,110.58
1782640384984,7,0,0,115.62
1782640385204,0,0,0,120.46
1782640385204,1,0,0,120.22
1782640385204,2,0,0,121.47
1782640385204,3,0,0,117.91
1782640385204,4,0,0,116.22
1782640385204,5,0,0,117.97
1782640385204,6,0,0,110.62
1782640385204,7,0,0,115.62
1782640385422,0,0,0,120.46
1782640385422,1,0,0,120.21
1782640385422,2,0,0,121.49
1782640385422,3,0,0,117.89
1782640385422,4,0,0,116.26
1782640385422,5,0,0,117.94
1782640385422,6,0,0,110.66
1782640385422,7,0,0,115.61
1782640385670,0,0,0,120.46
1782640385670,1,0,0,120.22
1782640385670,2,0,0,121.50
1782640385670,3,0,0,117.89
1782640385670,4,0,0,116.29
1782640385670,5,0,0,117.96
1782640385670,6,0,0,110.71
1782640385670,7,0,0,115.62
1782640385889,0,0,0,120.44
1782640385889,1,0,0,120.21
1782640385889,2,0,0,121.52
1782640385889,3,0,0,117.90
1782640385889,4,0,0,116.24
1782640385889,5,0,0,117.94
1782640385889,6,0,0,110.70
1782640385889,7,0,0,115.62
1782640386108,0,0,0,120.44
1782640386108,1,0,0,120.22
1782640386108,2,0,0,121.53
1782640386108,3,0,0,117.88
1782640386108,4,0,0,116.27
1782640386108,5,0,0,117.96
1782640386108,6,0,0,110.68
1782640386108,7,0,0,115.61
1782640386326,0,0,0,120.44
1782640386326,1,0,0,120.20
1782640386326,2,0,0,121.53
1782640386326,3,0,0,117.89
1782640386326,4,0,0,116.28
1782640386326,5,0,0,117.96
1782640386326,6,0,0,110.66
1782640386326,7,0,0,115.62
1782640386574,0,0,0,120.44
1782640386574,1,0,0,120.21
1782640386574,2,0,0,121.54
1782640386574,3,0,0,117.90
1782640386574,4,0,0,116.22
1782640386574,5,0,0,117.97
1782640386574,6,0,0,110.67
1782640386574,7,0,0,115.61
1782640386794,0,0,0,120.44
1782640386794,1,0,0,120.21
1782640386794,2,0,0,121.54
1782640386794,3,0,0,117.91
1782640386794,4,0,0,116.27
1782640386794,5,0,0,117.97
1782640386794,6,0,0,110.68
1782640386794,7,0,0,115.63
1782640387014,0,0,0,120.44
1782640387014,1,0,0,120.22
1782640387014,2,0,0,121.53
1782640387014,3,0,0,117.91
1782640387014,4,0,0,116.31
1782640387014,5,0,0,117.94
1782640387014,6,0,0,110.70
1782640387014,7,0,0,115.63
1782640387233,0,0,0,120.43
1782640387233,1,0,0,120.22
1782640387233,2,0,0,121.52
1782640387233,3,0,0,117.91
1782640387233,4,0,0,116.23
1782640387233,5,0,0,117.92
1782640387233,6,0,0,110.71
1782640387233,7,0,0,115.64
1782640387453,0,0,0,120.43
1782640387453,1,0,0,120.23
1782640387453,2,0,0,121.52
1782640387453,3,0,0,117.90
1782640387453,4,0,0,116.28
1782640387453,5,0,0,117.93
1782640387453,6,0,0,110.66
1782640387453,7,0,0,115.65
1782640387672,0,0,0,120.42
1782640387672,1,0,0,120.21
1782640387672,2,0,0,121.52
1782640387672,3,0,0,117.92
1782640387672,4,0,0,116.26
1782640387672,5,0,0,117.91
1782640387672,6,0,0,110.66
1782640387672,7,0,0,115.64
1782640387924,0,0,0,120.44
1782640387924,1,0,0,120.25
1782640387924,2,0,0,121.54
1782640387924,3,0,0,117.94
1782640387924,4,0,0,116.24
1782640387924,5,0,0,117.90
1782640387924,6,0,0,110.66
1782640387924,7,0,0,115.64
1782640388198,0,0,0,120.42
1782640388198,1,0,0,120.26
1782640388198,2,0,0,121.55
1782640388198,3,0,0,117.94
1782640388198,4,0,0,116.30
1782640388198,5,0,0,117.92
1782640388198,6,0,0,110.65
1782640388198,7,0,0,115.64
1782640388417,0,0,0,120.47
1782640388417,1,0,0,120.30
1782640388417,2,0,0,121.55
1782640388417,3,0,0,117.95
1782640388417,4,0,0,116.30
1782640388417,5,0,0,117.95
1782640388417,6,0,0,110.70
1782640388417,7,0,0,115.64
1782640388634,0,0,0,120.45
1782640388634,1,0,0,120.30
1782640388634,2,0,0,121.55
1782640388634,3,0,0,117.92
1782640388634,4,0,0,116.24
1782640388634,5,0,0,117.95
1782640388634,6,0,0,110.66
1782640388634,7,0,0,115.66
1782640388886,0,0,0,120.46
1782640388886,1,0,0,120.27
1782640388886,2,0,0,121.54
1782640388886,3,0,0,117.89
1782640388886,4,0,0,116.29
1782640388886,5,0,0,117.94
1782640388886,6,0,0,110.69
1782640388886,7,0,0,115.68
1782640389165,0,0,0,120.46
1782640389165,1,0,0,120.28
1782640389165,2,0,0,121.51
1782640389165,3,0,0,117.89
1782640389165,4,0,0,116.27
1782640389165,5,0,0,117.95
1782640389165,6,0,0,110.72
1782640389165,7,0,0,115.67
1782640389452,0,0,0,120.45
1782640389452,1,0,0,120.26
1782640389452,2,0,0,121.50
1782640389452,3,0,0,117.89
1782640389452,4,0,0,116.26
1782640389452,5,0,0,117.94
1782640389452,6,0,0,110.78
1782640389452,7,0,0,115.66
1782640389715,0,0,0,120.48
1782640389715,1,0,0,120.28
1782640389715,2,0,0,121.50
1782640389715,3,0,0,117.88
1782640389715,4,0,0,116.25
1782640389715,5,0,0,117.96
1782640389715,6,0,0,110.78
1782640389715,7,0,0,115.65
1782640389943,0,0,0,120.44
1782640389943,1,0,0,120.31
1782640389943,2,0,0,121.50
1782640389943,3,0,0,117.89
1782640389943,4,0,0,116.25
1782640389943,5,0,0,117.99
1782640389943,6,0,0,110.77
1782640389943,7,0,0,115.64
1782640390192,0,0,0,120.65
1782640390192,1,0,0,120.34
1782640390192,2,0,0,121.56
1782640390192,3,0,0,117.89
1782640390192,4,0,0,116.26
1782640390192,5,0,0,117.99
1782640390192,6,0,0,110.72
1782640390192,7,0,0,115.65
1782640390505,0,0,0,120.85
1782640390505,1,0,0,120.37
1782640390505,2,0,0,121.56
1782640390505,3,0,0,117.90
1782640390505,4,0,0,116.28
1782640390505,5,0,0,117.98
1782640390505,6,0,0,110.76
1782640390505,7,0,0,115.67
1782640390822,0,0,0,121.09
1782640390822,1,0,0,120.36
1782640390822,2,0,0,121.58
1782640390822,3,0,0,117.91
1782640390822,4,0,0,116.26
1782640390822,5,0,0,117.95
1782640390822,6,0,0,110.79
1782640390822,7,0,0,115.67
1782640391111,0,0,0,121.15
1782640391111,1,0,0,120.34
1782640391111,2,0,0,121.59
1782640391111,3,0,0,117.92
1782640391111,4,0,0,116.24
1782640391111,5,0,0,117.98
1782640391111,6,0,0,110.83
1782640391111,7,0,0,115.65
1782640391330,0,0,0,121.15
1782640391330,1,0,0,120.32
1782640391330,2,0,0,121.56
1782640391330,3,0,0,117.91
1782640391330,4,0,0,116.29
1782640391330,5,0,0,117.99
1782640391330,6,0,0,110.82
1782640391330,7,0,0,115.65
1782640391550,0,0,0,121.15
1782640391550,1,0,0,120.31
1782640391550,2,0,0,121.57
1782640391550,3,0,0,117.91
1782640391550,4,0,0,116.27
1782640391550,5,0,0,117.99
1782640391550,6,0,0,110.74
1782640391550,7,0,0,115.65
1782640391769,0,0,0,121.14
1782640391769,1,0,0,120.29
1782640391769,2,0,0,121.56
1782640391769,3,0,0,117.91
1782640391769,4,0,0,116.28
1782640391769,5,0,0,117.99
1782640391769,6,0,0,110.72
1782640391769,7,0,0,115.65
1782640391988,0,0,0,121.13
1782640391988,1,0,0,120.31
1782640391988,2,0,0,121.55
1782640391988,3,0,0,117.89
1782640391988,4,0,0,116.29
1782640391988,5,0,0,117.99
1782640391988,6,0,0,110.67
1782640391988,7,0,0,115.64
1782640392228,0,0,0,121.13
1782640392228,1,0,0,120.29
1782640392228,2,0,0,121.56
1782640392228,3,0,0,117.88
1782640392228,4,0,0,116.26
1782640392228,5,0,0,117.99
1782640392228,6,0,0,110.62
1782640392228,7,0,0,115.65
1782640392448,0,0,0,121.11
1782640392448,1,0,0,120.28
1782640392448,2,0,0,121.59
1782640392448,3,0,0,117.91
1782640392448,4,0,0,116.29
1782640392448,5,0,0,117.99
1782640392448,6,0,0,110.67
1782640392448,7,0,0,115.61
1782640392667,0,0,0,121.12
1782640392667,1,0,0,120.27
1782640392667,2,0,0,121.61
1782640392667,3,0,0,117.90
1782640392667,4,0,0,116.30
1782640392667,5,0,0,118.01
1782640392667,6,0,0,110.67
1782640392667,7,0,0,115.62
1782640392940,0,0,0,121.10
1782640392940,1,0,0,120.28
1782640392940,2,0,0,121.62
1782640392940,3,0,0,117.93
1782640392940,4,0,0,116.28
1782640392940,5,0,0,118.01
1782640392940,6,0,0,110.72
1782640392940,7,0,0,115.63
1782640393160,0,0,0,121.08
1782640393160,1,0,0,120.30
1782640393160,2,0,0,121.61
1782640393160,3,0,0,117.93
1782640393160,4,0,0,116.31
1782640393160,5,0,0,118.01
1782640393160,6,0,0,110.71
1782640393160,7,0,0,115.63
1782640393380,0,0,0,121.07
1782640393380,1,0,0,120.31
1782640393380,2,0,0,121.61
1782640393380,3,0,0,117.93
1782640393380,4,0,0,116.31
1782640393380,5,0,0,118.01
1782640393380,6,0,0,110.63
1782640393380,7,0,0,115.65
1782640393599,0,0,0,121.08
1782640393599,1,0,0,120.32
1782640393599,2,0,0,121.58
1782640393599,3,0,0,117.92
1782640393599,4,0,0,116.29
1782640393599,5,0,0,118.00
1782640393599,6,0,0,110.64
1782640393599,7,0,0,115.65
1782640393857,0,0,0,121.09
1782640393857,1,0,0,120.31
1782640393857,2,0,0,121.61
1782640393857,3,0,0,117.92
1782640393857,4,0,0,116.33
1782640393857,5,0,0,117.99
1782640393857,6,0,0,110.66
1782640393857,7,0,0,115.67
1782640394084,0,0,0,121.08
1782640394084,1,0,0,120.28
1782640394084,2,0,0,121.61
1782640394084,3,0,0,117.94
1782640394084,4,0,0,116.34
1782640394084,5,0,0,117.92
1782640394084,6,0,0,110.67
1782640394084,7,0,0,115.67
1782640394303,0,0,0,121.09
1782640394303,1,0,0,120.27
1782640394303,2,0,0,121.60
1782640394303,3,0,0,117.96
1782640394303,4,0,0,116.31
1782640394303,5,0,0,117.95
1782640394303,6,0,0,110.69
1782640394303,7,0,0,115.67
1782640394550,0,0,0,121.08
1782640394550,1,0,0,120.29
1782640394550,2,2,0,121.68
1782640394550,3,0,0,117.96
1782640394550,4,0,0,116.33
1782640394550,5,0,0,117.92
1782640394550,6,0,0,110.72
1782640394550,7,0,0,115.69
1782640394796,0,0,0,121.08
1782640394796,1,0,0,120.27
1782640394796,2,0,0,121.65
1782640394796,3,0,0,117.96
1782640394796,4,0,0,116.32
1782640394796,5,0,0,117.96
1782640394796,6,0,0,110.72
1782640394796,7,0,0,115.69
1782640395015,0,0,0,120.89
1782640395015,1,0,0,120.32
1782640395015,2,0,0,121.78
1782640395015,3,0,0,117.95
1782640395015,4,0,0,116.32
1782640395015,5,0,0,118.01
1782640395015,6,0,0,110.82
1782640395015,7,0,0,115.71
1782640395418,0,0,0,120.70
1782640395418,1,0,0,120.32
1782640395418,2,8,1,122.24
1782640395418,3,3,0,117.97
1782640395418,4,0,0,116.26
1782640395418,5,0,0,117.99
1782640395418,6,0,0,110.81
1782640395418,7,0,0,115.70
1782640395646,0,3,0,120.61
1782640395646,1,0,0,120.35
1782640395646,2,11,2,151.66
1782640395646,3,0,0,117.95
1782640395646,4,0,0,116.29
1782640395646,5,0,0,118.00
1782640395646,6,0,0,110.83
1782640395646,7,0,0,115.71
1782640395919,0,0,0,120.62
1782640395919,1,2,0,120.43
1782640395919,2,0,0,152.67
1782640395919,3,3,0,118.07
1782640395919,4,0,0,116.26
1782640395919,5,0,0,118.00
1782640395919,6,0,0,110.82
1782640395919,7,0,0,115.71
1782640396153,0,0,0,120.72
1782640396153,1,0,0,120.41
1782640396153,2,0,0,153.21
1782640396153,3,0,0,118.06
1782640396153,4,0,0,116.23
1782640396153,5,0,0,117.97
1782640396153,6,0,0,110.72
1782640396153,7,0,0,115.69
1782640396376,0,0,0,120.76
1782640396376,1,1,0,120.48
1782640396376,2,0,0,152.34
1782640396376,3,14,2,118.48
1782640396376,4,0,0,116.32
1782640396376,5,0,0,117.99
1782640396376,6,0,0,110.76
1782640396376,7,0,0,115.67
1782640396761,0,3,0,120.88
1782640396761,1,0,0,120.44
1782640396761,2,0,0,123.48
1782640396761,3,2,0,118.72
1782640396761,4,2,0,116.34
1782640396761,5,0,0,118.00
1782640396761,6,0,0,110.79
1782640396761,7,0,0,115.69
1782640397019,0,6,1,121.58
1782640397019,1,11,2,121.32
1782640397019,2,0,0,123.40
1782640397019,3,73,31,149.13
1782640397019,4,0,0,116.38
1782640397019,5,0,0,118.01
1782640397019,6,0,0,110.79
1782640397019,7,1,0,115.70
1782640397290,0,4,2,152.22
1782640397290,1,41,17,150.18
1782640397290,2,0,0,123.39
1782640397290,3,0,0,149.18
1782640397290,4,3,0,116.46
1782640397290,5,0,0,118.04
1782640397290,6,0,0,110.77
1782640397290,7,0,0,115.76
1782640397546,0,0,0,152.28
1782640397546,1,0,0,150.86
1782640397546,2,0,0,123.37
1782640397546,3,0,0,148.82
1782640397546,4,0,0,116.43
1782640397546,5,0,0,118.01
1782640397546,6,0,0,110.77
1782640397546,7,0,0,115.78
1782640397773,0,0,0,151.57
1782640397773,1,0,0,150.32
1782640397773,2,0,0,123.37
1782640397773,3,0,0,148.66
1782640397773,4,0,0,116.49
1782640397773,5,1,0,118.06
1782640397773,6,0,0,110.82
1782640397773,7,3,0,115.79
1782640398011,0,0,0,151.48
1782640398011,1,0,0,150.35
1782640398011,2,0,0,123.40
1782640398011,3,0,0,118.89
1782640398011,4,13,2,131.10
1782640398011,5,0,0,118.12
1782640398011,6,0,0,110.88
1782640398011,7,0,0,115.79
1782640398243,0,0,0,120.84
1782640398243,1,0,0,121.75
1782640398243,2,0,0,123.38
1782640398243,3,0,0,118.01
1782640398243,4,72,31,147.88
1782640398243,5,0,0,118.13
1782640398243,6,0,0,111.13
1782640398243,7,19,3,116.71
1782640398478,0,0,0,120.74
1782640398478,1,0,0,120.55
1782640398478,2,0,0,123.41
1782640398478,3,0,0,117.97
1782640398478,4,0,0,147.85
1782640398478,5,0,0,118.19
1782640398478,6,12,2,112.03
1782640398478,7,74,32,145.70
1782640398706,0,0,0,120.71
1782640398706,1,0,0,120.49
1782640398706,2,0,0,123.43
1782640398706,3,0,0,117.96
1782640398706,4,0,0,147.07
1782640398706,5,0,0,118.30
1782640398706,6,47,19,141.77
1782640398706,7,0,0,145.74
1782640398938,0,0,0,120.68
1782640398938,1,0,0,120.47
1782640398938,2,0,0,123.43
1782640398938,3,0,0,117.93
1782640398938,4,0,0,146.63
1782640398938,5,11,2,119.21
1782640398938,6,0,0,141.49
1782640398938,7,0,0,145.23
1782640399168,0,0,0,120.69
1782640399168,1,0,0,120.47
1782640399168,2,0,0,123.44
1782640399168,3,0,0,117.92
1782640399168,4,0,0,116.09
1782640399168,5,0,0,151.20
1782640399168,6,0,0,140.77
1782640399168,7,0,0,145.15
1782640399415,0,0,0,120.70
1782640399415,1,0,0,120.48
1782640399415,2,0,0,123.45
1782640399415,3,0,0,117.92
1782640399415,4,0,0,115.93
1782640399415,5,0,0,150.55
1782640399415,6,0,0,140.73
1782640399415,7,0,0,122.23
1782640399640,0,0,0,120.69
1782640399640,1,0,0,120.51
1782640399640,2,0,0,123.44
1782640399640,3,0,0,117.91
1782640399640,4,0,0,115.85
1782640399640,5,0,0,151.19
1782640399640,6,0,0,110.52
1782640399640,7,0,0,115.91
1782640399864,0,0,0,120.70
1782640399864,1,0,0,120.51
1782640399864,2,0,0,123.45
1782640399864,3,0,0,117.93
1782640399864,4,0,0,115.91
1782640399864,5,0,0,150.18
1782640399864,6,0,0,110.67
1782640399864,7,0,0,115.86
1782640400087,0,0,0,120.67
1782640400087,1,0,0,120.50
1782640400087,2,0,0,123.45
1782640400087,3,0,0,117.93
1782640400087,4,0,0,115.92
1782640400087,5,0,0,118.29
1782640400087,6,0,0,110.74
1782640400087,7,0,0,115.86
1782640400310,0,0,0,120.67
1782640400310,1,0,0,120.50
1782640400310,2,0,0,123.45
1782640400310,3,0,0,117.92
1782640400310,4,0,0,115.88
1782640400310,5,0,0,118.18
1782640400310,6,0,0,110.84
1782640400310,7,0,0,115.86
1782640400534,0,0,0,120.65
1782640400534,1,0,0,120.48
1782640400534,2,0,0,123.46
1782640400534,3,0,0,117.93
1782640400534,4,0,0,115.91
1782640400534,5,0,0,118.17
1782640400534,6,0,0,110.87
1782640400534,7,0,0,115.86
1782640400761,0,0,0,120.64
1782640400761,1,0,0,120.44
1782640400761,2,0,0,123.46
1782640400761,3,0,0,117.93
1782640400761,4,0,0,115.90
1782640400761,5,0,0,118.15
1782640400761,6,0,0,110.85
1782640400761,7,0,0,115.87
1782640400985,0,0,0,120.64
1782640400985,1,0,0,120.43
1782640400985,2,0,0,123.44
1782640400985,3,0,0,117.93
1782640400985,4,0,0,115.90
1782640400985,5,0,0,118.14
1782640400985,6,0,0,110.84
1782640400985,7,0,0,115.87
1782640401207,0,0,0,120.65
1782640401207,1,0,0,120.42
1782640401207,2,0,0,123.45
1782640401207,3,0,0,117.94
1782640401207,4,0,0,115.89
1782640401207,5,0,0,118.13
1782640401207,6,0,0,110.89
1782640401207,7,0,0,115.88
1782640401431,0,0,0,120.66
1782640401431,1,0,0,120.46
1782640401431,2,0,0,123.43
1782640401431,3,0,0,117.93
1782640401431,4,0,0,115.83
1782640401431,5,0,0,118.15
1782640401431,6,0,0,110.91
1782640401431,7,0,0,115.86
1782640401655,0,0,0,120.67
1782640401655,1,0,0,120.48
1782640401655,2,0,0,123.43
1782640401655,3,0,0,117.88
1782640401655,4,0,0,115.83
1782640401655,5,0,0,118.13
1782640401655,6,0,0,110.92
1782640401655,7,0,0,115.85
1782640401879,0,0,0,120.69
1782640401879,1,0,0,120.46
1782640401879,2,0,0,123.44
1782640401879,3,0,0,117.87
1782640401879,4,0,0,115.83
1782640401879,5,0,0,118.14
1782640401879,6,0,0,110.90
1782640401879,7,0,0,115.87
1782640402102,0,0,0,120.69
1782640402102,1,0,0,120.46
1782640402102,2,0,0,123.43
1782640402102,3,0,0,117.86
1782640402102,4,0,0,115.82
1782640402102,5,0,0,118.15
1782640402102,6,0,0,110.87
1782640402102,7,0,0,115.86
1782640402325,0,0,0,120.71
1782640402325,1,0,0,120.47
1782640402325,2,0,0,123.44
1782640402325,3,0,0,117.87
1782640402325,4,0,0,115.82
1782640402325,5,0,0,118.15
1782640402325,6,0,0,110.89
1782640402325,7,0,0,115.84
1782640402551,0,0,0,120.71
1782640402551,1,0,0,120.47
1782640402551,2,0,0,123.43
1782640402551,3,0,0,117.86
1782640402551,4,0,0,115.87
1782640402551,5,0,0,118.13
1782640402551,6,0,0,110.89
1782640402551,7,0,0,115.86
1782640402776,0,0,0,120.71
1782640402776,1,0,0,120.45
1782640402776,2,0,0,123.43
1782640402776,3,0,0,117.86
1782640402776,4,0,0,115.86
1782640402776,5,0,0,118.14
1782640402776,6,0,0,110.90
1782640402776,7,0,0,115.86
1782640403001,0,0,0,120.72
1782640403001,1,0,0,120.48
1782640403001,2,0,0,123.44
1782640403001,3,0,0,117.88
1782640403001,4,0,0,115.88
1782640403001,5,0,0,118.18
1782640403001,6,0,0,110.91
1782640403001,7,0,0,115.85
1782640403226,0,0,0,120.72
1782640403226,1,0,0,120.46
1782640403226,2,0,0,125.39
1782640403226,3,0,0,117.86
1782640403226,4,0,0,115.88
1782640403226,5,0,0,118.19
1782640403226,6,0,0,110.85
1782640403226,7,0,0,115.86
1782640403454,0,0,0,120.75
1782640403454,1,0,0,120.45
1782640403454,2,0,0,127.02
1782640403454,3,0,0,117.86
1782640403454,4,0,0,115.86
1782640403454,5,0,0,118.18
1782640403454,6,0,0,110.82
1782640403454,7,0,0,115.83
1782640403681,0,0,0,120.72
1782640403681,1,0,0,120.47
1782640403681,2,0,0,137.88
1782640403681,3,0,0,117.87
1782640403681,4,0,0,115.86
1782640403681,5,0,0,118.18
1782640403681,6,0,0,110.82
1782640403681,7,0,0,115.82
1782640403906,0,0,0,120.75
1782640403906,1,0,0,120.46
1782640403906,2,0,0,138.20
1782640403906,3,0,0,117.86
1782640403906,4,0,0,115.80
1782640403906,5,0,0,118.19
1782640403906,6,0,0,110.79
1782640403906,7,0,0,115.84
1782640404131,0,0,0,120.72
1782640404131,1,0,0,120.50
1782640404131,2,0,0,141.10
1782640404131,3,0,0,117.88
1782640404131,4,0,0,115.84
1782640404131,5,0,0,118.15
1782640404131,6,0,0,110.84
1782640404131,7,0,0,115.83
1782640404360,0,0,0,120.75
1782640404360,1,0,0,120.49
1782640404360,2,0,0,148.29
1782640404360,3,0,0,117.90
1782640404360,4,0,0,115.88
1782640404360,5,0,0,118.17
1782640404360,6,0,0,110.84
1782640404360,7,0,0,115.85
1782640404586,0,0,0,120.74
1782640404586,1,0,0,120.48
1782640404586,2,0,0,137.52
1782640404586,3,0,0,117.92
1782640404586,4,0,0,115.82
1782640404586,5,0,0,118.18
1782640404586,6,0,0,110.81
1782640404586,7,0,0,115.84
1782640404810,0,0,0,120.71
1782640404810,1,0,0,120.48
1782640404810,2,0,0,137.23
1782640404810,3,0,0,117.90
1782640404810,4,0,0,115.86
1782640404810,5,0,0,118.19
1782640404810,6,0,0,110.79
1782640404810,7,0,0,115.83
1782640405074,0,2,1,121.00
1782640405074,1,0,0,120.46
1782640405074,2,27,20,144.55
1782640405074,3,0,0,127.75
1782640405074,4,0,0,115.90
1782640405074,5,0,0,118.19
1782640405074,6,0,0,110.76
1782640405074,7,0,0,115.85
1782640405299,0,0,0,121.05
1782640405299,1,2,1,121.44
1782640405299,2,0,0,133.60
1782640405299,3,0,0,127.76
1782640405299,4,0,0,115.85
1782640405299,5,0,0,118.18
1782640405299,6,0,0,110.80
1782640405299,7,0,0,115.84
1782640405524,0,0,0,121.20
1782640405524,1,0,0,121.44
1782640405524,2,0,0,133.77
1782640405524,3,0,0,127.57
1782640405524,4,0,0,116.34
1782640405524,5,0,0,118.19
1782640405524,6,0,0,110.84
1782640405524,7,0,0,115.83
1782640405749,0,0,0,121.31
1782640405749,1,0,0,121.40
1782640405749,2,0,0,133.76
1782640405749,3,0,0,127.76
1782640405749,4,0,0,116.35
1782640405749,5,0,0,118.15
1782640405749,6,0,0,110.85
1782640405749,7,0,0,115.81
1782640405974,0,0,0,121.44
1782640405974,1,0,0,121.37
1782640405974,2,0,0,123.54
1782640405974,3,0,0,126.05
1782640405974,4,0,0,116.33
1782640405974,5,0,0,118.17
1782640405974,6,0,0,110.85
1782640405974,7,0,0,115.82
1782640406199,0,0,0,121.26
1782640406199,1,0,0,121.38
1782640406199,2,0,0,123.53
1782640406199,3,0,0,117.91
1782640406199,4,0,0,116.34
1782640406199,5,0,0,118.15
1782640406199,6,0,0,110.86
1782640406199,7,0,0,115.81
1782640406424,0,0,0,121.31
1782640406424,1,0,0,120.37
1782640406424,2,0,0,123.53
1782640406424,3,0,0,117.91
1782640406424,4,0,0,115.91
1782640406424,5,0,0,118.17
1782640406424,6,0,0,110.79
1782640406424,7,0,0,115.83
1782640406649,0,0,0,121.30
1782640406649,1,0,0,120.38
1782640406649,2,0,0,123.52
1782640406649,3,0,0,117.88
1782640406649,4,0,0,115.86
1782640406649,5,0,0,118.17
1782640406649,6,0,0,110.81
1782640406649,7,0,0,115.84
1782640406876,0,0,0,124.47
1782640406876,1,0,0,120.40
1782640406876,2,0,0,140.62
1782640406876,3,0,0,128.85
1782640406876,4,0,0,132.81
1782640406876,5,0,0,118.14
1782640406876,6,0,0,110.85
1782640406876,7,0,0,115.82
1782640407146,0,51,43,178.98
1782640407146,1,95,100,173.30
1782640407146,2,0,0,179.48
1782640407146,3,0,0,174.26
1782640407146,4,62,57,171.89
1782640407146,5,0,0,118.12
1782640407146,6,77,81,164.93
1782640407146,7,27,27,170.35
1782640407376,0,0,0,179.11
1782640407376,1,0,0,174.54
1782640407376,2,0,0,179.58
1782640407376,3,0,0,174.39
1782640407376,4,0,0,171.95
1782640407376,5,0,0,118.71
1782640407376,6,0,0,165.38
1782640407376,7,17,11,171.62
1782640407599,0,0,0,178.01
1782640407599,1,0,0,173.58
1782640407599,2,0,0,179.61
1782640407599,3,0,0,173.35
1782640407599,4,0,0,170.92
1782640407599,5,0,0,118.71
1782640407599,6,0,0,165.32
1782640407599,7,0,0,170.57
1782640407826,0,0,0,178.04
1782640407826,1,0,0,173.65
1782640407826,2,0,0,179.60
1782640407826,3,0,0,173.39
1782640407826,4,0,0,170.93
1782640407826,5,0,0,118.67
1782640407826,6,0,0,165.23
1782640407826,7,0,0,170.59
1782640408050,0,0,0,121.85
1782640408050,1,0,0,123.04
1782640408050,2,0,0,123.76
1782640408050,3,0,0,118.25
1782640408050,4,0,0,124.30
1782640408050,5,0,0,118.70
1782640408050,6,0,0,141.23
1782640408050,7,0,0,135.03
1782640408275,0,0,0,121.44
1782640408275,1,0,0,120.74
1782640408275,2,0,0,123.65
1782640408275,3,0,0,118.14
1782640408275,4,0,0,116.04
1782640408275,5,0,0,118.09
1782640408275,6,0,0,110.60
1782640408275,7,0,0,116.06
1782640408529,0,91,96,168.67
1782640408529,1,48,50,166.10
1782640408529,2,28,28,170.49
1782640408529,3,39,40,167.93
1782640408529,4,96,100,163.45
1782640408529,5,8,7,132.39
1782640408529,6,18,19,155.60
1782640408529,7,91,95,164.03
1782640408767,0,0,0,168.73
1782640408767,1,0,0,166.27
1782640408767,2,0,0,170.60
1782640408767,3,0,0,168.03
1782640408767,4,0,0,163.55
1782640408767,5,0,0,132.15
1782640408767,6,0,0,155.66
1782640408767,7,0,0,163.14
1782640408993,0,0,0,172.42
1782640408993,1,0,0,166.32
1782640408993,2,0,0,170.63
1782640408993,3,0,0,167.13
1782640408993,4,0,0,163.63
1782640408993,5,0,0,132.26
1782640408993,6,0,0,156.56
1782640408993,7,0,0,164.13
1782640409242,0,78,62,244.86
1782640409242,1,82,84,225.76
1782640409242,2,41,34,235.89
1782640409242,3,56,48,238.51
1782640409242,4,1,0,217.13
1782640409242,5,93,50,250.66
1782640409242,6,52,54,231.96
1782640409242,7,86,89,250.59
1782640409499,0,56,48,288.31
1782640409499,1,100,49,293.45
1782640409499,2,77,58,296.63
1782640409499,3,86,49,294.32
1782640409499,4,76,65,296.49
1782640409499,5,1,0,236.59
1782640409499,6,95,49,272.20
1782640409499,7,96,48,285.05
1782640409735,0,0,0,291.48
1782640409735,1,0,0,291.33
1782640409735,2,50,44,299.44
1782640409735,3,24,24,292.35
1782640409735,4,0,0,285.01
1782640409735,5,0,0,234.12
1782640409735,6,9,8,272.48
1782640409735,7,0,0,281.78
1782640409961,0,0,0,291.48
1782640409961,1,0,0,291.42
1782640409961,2,0,0,295.50
1782640409961,3,0,0,295.71
1782640409961,4,0,0,285.00
1782640409961,5,0,0,233.93
1782640409961,6,0,0,272.80
1782640409961,7,0,0,281.79
1782640410188,0,0,0,257.83
1782640410188,1,0,0,270.02
1782640410188,2,0,0,263.77
1782640410188,3,0,0,260.93
1782640410188,4,0,0,272.15
1782640410188,5,0,0,127.06
1782640410188,6,0,0,241.02
1782640410188,7,0,0,244.40
1782640410412,0,0,0,123.72
1782640410412,1,0,0,126.31
1782640410412,2,0,0,164.65
1782640410412,3,0,0,124.37
1782640410412,4,0,0,125.62
1782640410412,5,0,0,117.69
1782640410412,6,0,0,112.58
1782640410412,7,0,0,116.93
1782640410674,0,0,0,122.36
1782640410674,1,0,0,120.61
1782640410674,2,0,0,121.43
1782640410674,3,0,0,118.07
1782640410674,4,0,0,116.15
1782640410674,5,0,0,117.75
1782640410674,6,0,0,111.71
1782640410674,7,0,0,116.11
1782640410902,0,0,0,122.57
1782640410902,1,0,0,120.56
1782640410902,2,0,0,121.36
1782640410902,3,0,0,118.00
1782640410902,4,0,0,116.12
1782640410902,5,0,0,117.78
1782640410902,6,0,0,111.82
1782640410902,7,0,0,116.21
1782640411127,0,0,0,122.49
1782640411127,1,0,0,120.42
1782640411127,2,0,0,121.33
1782640411127,3,0,0,117.89
1782640411127,4,0,0,116.06
1782640411127,5,0,0,117.77
1782640411127,6,0,0,111.74
1782640411127,7,0,0,116.15
1782640411353,0,0,0,122.47
1782640411353,1,0,0,120.33
1782640411353,2,0,0,121.27
1782640411353,3,0,0,117.79
1782640411353,4,0,0,116.05
1782640411353,5,0,0,117.76
1782640411353,6,0,0,111.72
1782640411353,7,0,0,116.15
1782640411578,0,0,0,122.43
1782640411578,1,0,0,120.29
1782640411578,2,0,0,121.24
1782640411578,3,0,0,117.75
1782640411578,4,0,0,116.04
1782640411578,5,0,0,117.76
1782640411578,6,0,0,111.69
1782640411578,7,0,0,116.09
1782640411804,0,0,0,122.41
1782640411804,1,0,0,120.25
1782640411804,2,0,0,121.23
1782640411804,3,0,0,117.72
1782640411804,4,0,0,116.07
1782640411804,5,0,0,117.78
1782640411804,6,0,0,111.72
1782640411804,7,0,0,116.11
1782640412029,0,0,0,122.39
1782640412029,1,0,0,120.25
1782640412029,2,0,0,121.22
1782640412029,3,0,0,117.69
1782640412029,4,0,0,116.04
1782640412029,5,0,0,117.75
1782640412029,6,0,0,111.68
1782640412029,7,0,0,116.10
1782640412272,0,0,0,122.39
1782640412272,1,0,0,120.24
1782640412272,2,0,0,121.21
1782640412272,3,0,0,117.67
1782640412272,4,0,0,116.04
1782640412272,5,0,0,117.76
1782640412272,6,0,0,111.61
1782640412272,7,0,0,116.10
1782640412497,0,0,0,122.38
1782640412497,1,0,0,120.22
1782640412497,2,0,0,121.21
1782640412497,3,0,0,117.66
1782640412497,4,0,0,116.04
1782640412497,5,0,0,117.79
1782640412497,6,0,0,111.62
1782640412497,7,0,0,116.10
1782640412723,0,0,0,122.36
1782640412723,1,0,0,120.21
1782640412723,2,0,0,121.21
1782640412723,3,0,0,117.66
1782640412723,4,0,0,116.01
1782640412723,5,0,0,117.78
1782640412723,6,0,0,111.63
1782640412723,7,0,0,116.09
1782640412948,0,0,0,122.33
1782640412948,1,0,0,120.20
1782640412948,2,0,0,121.20
1782640412948,3,0,0,117.62
1782640412948,4,0,0,116.03
1782640412948,5,0,0,117.78
1782640412948,6,0,0,111.73
1782640412948,7,0,0,116.07
1782640413174,0,0,0,122.32
1782640413174,1,0,0,120.15
1782640413174,2,0,0,121.18
1782640413174,3,0,0,117.61
1782640413174,4,0,0,116.04
1782640413174,5,0,0,117.73
1782640413174,6,0,0,111.77
1782640413174,7,0,0,116.05
1782640413400,0,0,0,122.29
1782640413400,1,0,0,120.14
1782640413400,2,0,0,121.20
1782640413400,3,0,0,117.59
1782640413400,4,0,0,115.98
1782640413400,5,0,0,117.72
1782640413400,6,0,0,111.80
1782640413400,7,0,0,116.08
1782640413626,0,0,0,122.30
1782640413626,1,0,0,120.12
1782640413626,2,0,0,121.20
1782640413626,3,0,0,117.58
1782640413626,4,0,0,116.00
1782640413626,5,0,0,117.66
1782640413626,6,0,0,111.80
1782640413626,7,0,0,116.06
1782640413854,0,0,0,122.29
1782640413854,1,0,0,120.12
1782640413854,2,0,0,121.18
1782640413854,3,0,0,117.55
1782640413854,4,0,0,116.01
1782640413854,5,0,0,117.67
1782640413854,6,0,0,111.68
1782640413854,7,0,0,116.08
1782640414081,0,0,0,122.28
1782640414081,1,0,0,120.13
1782640414081,2,0,0,121.18
1782640414081,3,0,0,117.55
1782640414081,4,0,0,115.97
1782640414081,5,0,0,117.66
1782640414081,6,0,0,111.67
1782640414081,7,0,0,116.09
1782640414307,0,0,0,122.29
1782640414307,1,0,0,120.14
1782640414307,2,0,0,121.18
1782640414307,3,0,0,117.54
1782640414307,4,0,0,115.99
1782640414307,5,0,0,117.66
1782640414307,6,0,0,111.69
1782640414307,7,0,0,116.08
1782640414533,0,0,0,122.29
1782640414533,1,0,0,120.13
1782640414533,2,0,0,121.18
1782640414533,3,0,0,117.55
1782640414533,4,0,0,115.97
1782640414533,5,0,0,117.67
1782640414533,6,0,0,111.73
1782640414533,7,0,0,116.08
1782640414759,0,0,0,122.30
1782640414759,1,0,0,120.14
1782640414759,2,0,0,121.35
1782640414759,3,0,0,117.56
1782640414759,4,0,0,115.91
1782640414759,5,0,0,117.68
1782640414759,6,0,0,111.78
1782640414759,7,0,0,116.07
1782640414986,0,0,0,122.28
1782640414986,1,0,0,120.14
1782640414986,2,0,0,121.45
1782640414986,3,0,0,117.54
1782640414986,4,0,0,115.91
1782640414986,5,0,0,117.68
1782640414986,6,0,0,111.78
1782640414986,7,0,0,116.05
1782640415212,0,0,0,122.29
1782640415212,1,0,0,120.15
1782640415212,2,0,0,121.54
1782640415212,3,0,0,117.55
1782640415212,4,0,0,115.91
1782640415212,5,0,0,117.66
1782640415212,6,0,0,111.78
1782640415212,7,0,0,116.06
1782640415438,0,0,0,122.29
1782640415438,1,0,0,120.17
1782640415438,2,0,0,121.65
1782640415438,3,0,0,117.54
1782640415438,4,0,0,115.90
1782640415438,5,0,0,117.65
1782640415438,6,0,0,111.69
1782640415438,7,0,0,116.05
1782640415664,0,0,0,122.29
1782640415664,1,0,0,120.17
1782640415664,2,0,0,121.72
1782640415664,3,0,0,117.54
1782640415664,4,0,0,115.92
1782640415664,5,0,0,117.65
1782640415664,6,0,0,111.70
1782640415664,7,0,0,116.03
1782640415889,0,0,0,122.28
1782640415889,1,0,0,120.17
1782640415889,2,0,0,121.71
1782640415889,3,0,0,119.93
1782640415889,4,0,0,115.86
1782640415889,5,0,0,121.41
1782640415889,6,0,0,111.73
1782640415889,7,0,0,116.04
1782640416128,0,18,8,125.53
1782640416128,1,17,8,123.73
1782640416128,2,0,0,125.37
1782640416128,3,0,0,121.17
1782640416128,4,0,0,119.97
1782640416128,5,0,0,121.39
1782640416128,6,0,0,115.80
1782640416128,7,17,8,120.34
1782640416378,0,0,0,125.61
1782640416378,1,0,0,123.73
1782640416378,2,0,0,125.35
1782640416378,3,0,0,121.25
1782640416378,4,0,0,120.00
1782640416378,5,0,0,121.42
1782640416378,6,0,0,115.81
1782640416378,7,0,0,120.34
1782640416606,0,0,0,125.54
1782640416606,1,0,0,123.74
1782640416606,2,0,0,125.25
1782640416606,3,0,0,121.20
1782640416606,4,0,0,120.13
1782640416606,5,0,0,121.50
1782640416606,6,0,0,115.81
1782640416606,7,0,0,120.43
1782640416835,0,0,0,125.62
1782640416835,1,0,0,123.72
1782640416835,2,0,0,125.25
1782640416835,3,0,0,132.31
1782640416835,4,0,0,120.40
1782640416835,5,0,0,121.48
1782640416835,6,0,0,133.43
1782640416835,7,0,0,130.89
1782640417077,0,3,0,129.32
1782640417077,1,0,0,120.26
1782640417077,2,0,0,121.54
1782640417077,3,33,22,148.89
1782640417077,4,14,8,146.85
1782640417077,5,0,0,129.32
1782640417077,6,31,18,135.96
1782640417077,7,27,15,144.86
1782640417316,0,27,15,151.40
1782640417316,1,11,6,140.25
1782640417316,2,0,0,150.47
1782640417316,3,0,0,148.95
1782640417316,4,0,0,147.13
1782640417316,5,37,22,145.51
1782640417316,6,0,0,135.70
1782640417316,7,0,0,144.90
1782640417544,0,0,0,150.88
1782640417544,1,0,0,149.13
1782640417544,2,27,15,151.12
1782640417544,3,0,0,148.39
1782640417544,4,0,0,147.78
1782640417544,5,0,0,144.96
1782640417544,6,0,0,136.34
1782640417544,7,0,0,144.35
1782640417770,0,0,0,150.93
1782640417770,1,0,0,149.09
1782640417770,2,0,0,152.09
1782640417770,3,0,0,149.02
1782640417770,4,0,0,147.93
1782640417770,5,0,0,144.98
1782640417770,6,0,0,135.99
1782640417770,7,0,0,144.37
1782640418000,0,0,0,151.52
1782640418000,1,0,0,149.63
1782640418000,2,0,0,151.68
1782640418000,3,1,0,120.00
1782640418000,4,1,0,127.26
1782640418000,5,0,0,145.54
1782640418000,6,0,0,112.93
1782640418000,7,0,0,116.67
1782640418227,0,0,0,122.59
1782640418227,1,0,0,136.38
1782640418227,2,0,0,151.64
1782640418227,3,0,0,117.83
1782640418227,4,0,0,116.62
1782640418227,5,0,0,117.93
1782640418227,6,0,0,128.14
1782640418227,7,0,0,116.38
1782640418498,0,0,0,122.49
1782640418498,1,0,0,120.16
1782640418498,2,0,0,122.67
1782640418498,3,30,8,189.88
1782640418498,4,20,6,170.98
1782640418498,5,1,0,117.72
1782640418498,6,100,45,215.75
1782640418498,7,59,20,185.97
1782640418734,0,0,0,122.42
1782640418734,1,1,0,120.17
1782640418734,2,0,0,122.51
1782640418734,3,0,0,220.36
1782640418734,4,0,0,219.69
1782640418734,5,0,0,117.71
1782640418734,6,23,15,234.26
1782640418734,7,32,15,215.77
1782640418985,0,43,12,187.80
1782640418985,1,0,0,120.17
1782640418985,2,0,0,122.49
1782640418985,3,32,21,258.47
1782640418985,4,0,0,219.52
1782640418985,5,92,39,171.99
1782640418985,6,34,24,263.76
1782640418985,7,0,0,215.76
1782640419242,0,0,0,229.30
1782640419242,1,95,41,202.12
1782640419242,2,100,44,225.15
1782640419242,3,20,13,294.27
1782640419242,4,11,7,252.74
1782640419242,5,3,2,227.38
1782640419242,6,18,13,278.43
1782640419242,7,31,20,258.57
1782640419491,0,10,7,235.56
1782640419491,1,0,0,224.03
1782640419491,2,0,0,225.13
1782640419491,3,17,12,254.17
1782640419491,4,24,17,245.15
1782640419491,5,0,0,238.57
1782640419491,6,19,14,213.95
1782640419491,7,20,13,214.52
1782640419744,0,27,18,269.86
1782640419744,1,1,0,258.01
1782640419744,2,40,27,258.66
1782640419744,3,21,17,242.89
1782640419744,4,21,15,217.75
1782640419744,5,20,13,282.85
1782640419744,6,21,16,217.25
1782640419744,7,17,12,212.77
1782640420004,0,21,15,203.53
1782640420004,1,24,16,285.28
1782640420004,2,20,13,292.13
1782640420004,3,18,14,225.10
1782640420004,4,21,16,243.04
1782640420004,5,25,18,272.23
1782640420004,6,20,16,201.01
1782640420004,7,15,11,233.06
1782640420261,0,29,22,224.69
1782640420261,1,25,18,243.50
1782640420261,2,17,12,215.73
1782640420261,3,20,16,208.34
1782640420261,4,21,16,220.03
1782640420261,5,22,17,241.18
1782640420261,6,13,11,191.86
1782640420261,7,14,11,213.31
1782640420517,0,21,16,230.70
1782640420517,1,15,11,237.43
1782640420517,2,15,12,232.66
1782640420517,3,13,11,197.75
1782640420517,4,16,12,195.41
1782640420517,5,17,13,248.33
1782640420517,6,13,10,173.31
1782640420517,7,14,11,195.06
1782640420771,0,14,11,222.80
1782640420771,1,15,11,223.14
1782640420771,2,21,16,219.20
1782640420771,3,18,15,177.93
1782640420771,4,13,11,186.37
1782640420771,5,16,13,229.48
1782640420771,6,23,16,177.48
1782640420771,7,13,11,178.49
1782640421033,0,13,10,201.68
1782640421033,1,20,16,204.43
1782640421033,2,14,11,197.95
1782640421033,3,49,27,210.38
1782640421033,4,14,12,173.18
1782640421033,5,13,10,203.86
1782640421033,6,47,27,218.06
1782640421033,7,13,10,164.02
1782640421296,0,18,15,187.10
1782640421296,1,13,10,194.88
1782640421296,2,13,10,188.66
1782640421296,3,43,25,241.31
1782640421296,4,45,24,205.07
1782640421296,5,18,15,184.25
1782640421296,6,39,24,245.14
1782640421296,7,16,13,172.50
1782640421558,0,18,15,190.97
1782640421558,1,13,11,179.51
1782640421558,2,16,13,178.04
1782640421558,3,33,23,263.18
1782640421558,4,46,27,241.87
1782640421558,5,36,19,206.92
1782640421558,6,38,27,265.02
1782640421558,7,45,26,226.88
1782640421824,0,33,19,236.16
1782640421824,1,42,23,199.64
1782640421824,2,20,12,197.92
1782640421824,3,22,16,269.40
1782640421824,4,26,17,261.50
1782640421824,5,29,17,233.04
1782640421824,6,21,15,246.27
1782640421824,7,25,17,251.46
1782640422131,0,33,22,267.05
1782640422131,1,34,19,234.17
1782640422131,2,40,24,227.36
1782640422131,3,25,20,222.12
1782640422131,4,33,24,281.92
1782640422131,5,32,22,260.16
1782640422131,6,16,13,210.33
1782640422131,7,32,22,269.41
1782640422401,0,27,20,294.98
1782640422401,1,26,17,254.17
1782640422401,2,34,23,247.38
1782640422401,3,6,5,196.32
1782640422401,4,23,17,243.24
1782640422401,5,37,26,268.24
1782640422401,6,0,0,179.47
1782640422401,7,22,16,243.69
1782640422663,0,33,26,267.39
1782640422663,1,29,21,275.52
1782640422663,2,31,22,267.89
1782640422663,3,0,0,162.59
1782640422663,4,26,21,210.85
1782640422663,5,28,21,237.49
1782640422663,6,36,18,161.20
1782640422663,7,25,20,206.58
1782640422915,0,30,25,222.23
1782640422915,1,26,20,255.59
1782640422915,2,24,18,248.30
1782640422915,3,38,21,165.75
1782640422915,4,0,0,180.01
1782640422915,5,22,18,215.14
1782640422915,6,0,0,150.90
1782640422915,7,0,0,184.78
1782640423153,0,0,0,192.24
1782640423153,1,24,20,219.14
1782640423153,2,10,8,212.85
1782640423153,3,0,0,142.76
1782640423153,4,0,0,155.59
1782640423153,5,0,0,185.55
1782640423153,6,0,0,129.49
1782640423153,7,0,0,165.32
1782640423386,0,0,0,157.16
1782640423386,1,0,0,189.36
1782640423386,2,0,0,186.04
1782640423386,3,0,0,135.24
1782640423386,4,37,20,150.34
1782640423386,5,37,20,168.51
1782640423386,6,0,0,129.62
1782640423386,7,25,13,150.84
1782640423620,0,0,0,150.96
1782640423620,1,0,0,172.12
1782640423620,2,0,0,165.00
1782640423620,3,0,0,135.60
1782640423620,4,0,0,135.03
1782640423620,5,0,0,152.85
1782640423620,6,0,0,113.74
1782640423620,7,0,0,137.16
1782640423853,0,0,0,139.76
1782640423853,1,0,0,151.90
1782640423853,2,39,21,151.77
1782640423853,3,0,0,119.10
1782640423853,4,0,0,134.81
1782640423853,5,0,0,139.70
1782640423853,6,0,0,113.37
1782640423853,7,0,0,133.56
1782640424085,0,0,0,140.10
1782640424085,1,0,0,138.04
1782640424085,2,0,0,137.45
1782640424085,3,0,0,118.98
1782640424085,4,0,0,134.19
1782640424085,5,0,0,135.69
1782640424085,6,0,0,113.38
1782640424085,7,0,0,133.35
1782640424316,0,0,0,140.84
1782640424316,1,0,0,138.12
1782640424316,2,0,0,137.98
1782640424316,3,0,0,118.93
1782640424316,4,0,0,117.39
1782640424316,5,0,0,135.24
1782640424316,6,0,0,113.41
1782640424316,7,0,0,117.30
1782640424547,0,0,0,124.27
1782640424547,1,0,0,129.75
1782640424547,2,0,0,138.60
1782640424547,3,0,0,118.87
1782640424547,4,0,0,117.10
1782640424547,5,0,0,118.76
1782640424547,6,0,0,113.38
1782640424547,7,0,0,117.21
1782640424778,0,0,0,124.50
1782640424778,1,0,0,122.14
1782640424778,2,0,0,123.46
1782640424778,3,0,0,118.86
1782640424778,4,0,0,117.09
1782640424778,5,0,0,118.73
1782640424778,6,0,0,113.33
1782640424778,7,0,0,117.20
1782640425010,0,0,0,124.45
1782640425010,1,0,0,122.06
1782640425010,2,0,0,123.40
1782640425010,3,0,0,118.83
1782640425010,4,0,0,117.00
1782640425010,5,0,0,118.72
1782640425010,6,0,0,113.28
1782640425010,7,0,0,117.16
1782640425240,0,0,0,124.42
1782640425240,1,0,0,122.02
1782640425240,2,0,0,123.36
1782640425240,3,0,0,118.82
1782640425240,4,0,0,117.02
1782640425240,5,0,0,118.68
1782640425240,6,0,0,113.22
1782640425240,7,0,0,117.15
1782640425472,0,0,0,124.39
1782640425472,1,0,0,121.97
1782640425472,2,0,0,123.36
1782640425472,3,0,0,118.80
1782640425472,4,0,0,117.02
1782640425472,5,0,0,118.65
1782640425472,6,0,0,113.23
1782640425472,7,0,0,117.14
1782640425703,0,0,0,124.38
1782640425703,1,0,0,121.95
1782640425703,2,0,0,123.34
1782640425703,3,0,0,118.77
1782640425703,4,0,0,116.94
1782640425703,5,0,0,118.60
1782640425703,6,0,0,113.27
1782640425703,7,0,0,117.12
1782640425934,0,0,0,124.33
1782640425934,1,0,0,121.94
1782640425934,2,0,0,123.35
1782640425934,3,0,0,118.76
1782640425934,4,0,0,116.97
1782640425934,5,0,0,118.60
1782640425934,6,0,0,113.30
1782640425934,7,0,0,117.12
1782640426165,0,0,0,124.33
1782640426165,1,0,0,121.91
1782640426165,2,0,0,123.34
1782640426165,3,0,0,118.75
1782640426165,4,0,0,116.98
1782640426165,5,0,0,118.52
1782640426165,6,0,0,113.26
1782640426165,7,0,0,117.10
1782640426395,0,0,0,124.31
1782640426395,1,0,0,121.91
1782640426395,2,0,0,123.31
1782640426395,3,0,0,118.72
1782640426395,4,0,0,116.93
1782640426395,5,0,0,118.55
1782640426395,6,0,0,113.26
1782640426395,7,0,0,117.11
1782640426625,0,0,0,124.30
1782640426625,1,0,0,121.88
1782640426625,2,0,0,123.27
1782640426625,3,0,0,118.69
1782640426625,4,0,0,116.96
1782640426625,5,0,0,118.55
1782640426625,6,0,0,113.25
1782640426625,7,0,0,117.10
1782640426857,0,0,0,124.31
1782640426857,1,0,0,121.89
1782640426857,2,0,0,123.22
1782640426857,3,0,0,118.70
1782640426857,4,0,0,116.97
1782640426857,5,0,0,118.55
1782640426857,6,0,0,113.26
1782640426857,7,0,0,117.11
1782640427089,0,0,0,124.29
1782640427089,1,0,0,121.87
1782640427089,2,0,0,123.21
1782640427089,3,0,0,118.68
1782640427089,4,0,0,116.93
1782640427089,5,0,0,118.57
1782640427089,6,0,0,113.30
1782640427089,7,0,0,117.10
1782640427319,0,0,0,124.28
1782640427319,1,0,0,121.88
1782640427319,2,0,0,123.20
1782640427319,3,0,0,118.67
1782640427319,4,0,0,116.94
1782640427319,5,0,0,118.53
1782640427319,6,0,0,113.29
1782640427319,7,0,0,117.10
1782640427586,0,0,0,124.27
1782640427586,1,0,0,121.88
1782640427586,2,0,0,123.22
1782640427586,3,0,0,118.69
1782640427586,4,0,0,116.94
1782640427586,5,0,0,118.55
1782640427586,6,0,0,113.25
1782640427586,7,0,0,117.09
1782640427837,0,40,6,127.15
1782640427837,1,22,3,124.70
1782640427837,2,14,2,124.72
1782640427837,3,19,3,120.16
1782640427837,4,35,5,119.62
1782640427837,5,22,3,120.29
1782640427837,6,31,5,115.96
1782640427837,7,26,4,119.81
1782640428170,0,10,1,127.18
1782640428170,1,31,5,124.69
1782640428170,2,0,0,125.66
1782640428170,3,0,0,121.35
1782640428170,4,0,0,119.76
1782640428170,5,0,0,121.37
1782640428170,6,0,0,116.08
1782640428170,7,15,2,119.82
1782640428398,0,0,0,127.11
1782640428398,1,0,0,124.73
1782640428398,2,0,0,125.68
1782640428398,3,0,0,121.37
1782640428398,4,0,0,119.72
1782640428398,5,0,0,121.30
1782640428398,6,0,0,116.05
1782640428398,7,0,0,119.92
1782640428631,0,0,0,127.26
1782640428631,1,5,1,124.86
1782640428631,2,0,0,125.63
1782640428631,3,0,0,121.21
1782640428631,4,0,0,119.83
1782640428631,5,2,0,121.39
1782640428631,6,0,0,116.31
1782640428631,7,0,0,119.79
1782640428920,0,9,1,125.40
1782640428920,1,9,1,123.03
1782640428920,2,12,2,124.27
1782640428920,3,10,1,119.40
1782640428920,4,11,2,118.05
1782640428920,5,9,1,119.52
1782640428920,6,11,2,114.76
1782640428920,7,9,1,118.33
1782640429272,0,100,1,125.89
1782640429272,1,100,1,123.53
1782640429272,2,100,1,125.44
1782640429272,3,93,1,120.62
1782640429272,4,51,1,118.58
1782640429272,5,100,1,120.74
1782640429272,6,100,1,115.17
1782640429272,7,100,1,118.79
1782640429541,0,61,23,149.11
1782640429541,1,71,14,147.69
1782640429541,2,56,29,150.41
1782640429541,3,64,24,147.48
1782640429541,4,56,31,144.99
1782640429541,5,70,22,149.01
1782640429541,6,69,26,141.68
1782640429541,7,66,16,144.65
1782640429806,0,99,1,151.91
1782640429806,1,100,1,150.50
1782640429806,2,100,1,151.30
1782640429806,3,100,1,148.95
1782640429806,4,100,1,147.49
1782640429806,5,100,1,152.35
1782640429806,6,40,14,148.83
1782640429806,7,100,1,152.24
1782640430338,0,0,0,131.83
1782640430338,1,0,0,127.34
1782640430338,2,0,0,130.31
1782640430338,3,0,0,124.61
1782640430338,4,0,0,116.94
1782640430338,5,0,0,118.92
1782640430338,6,0,0,113.63
1782640430338,7,0,0,117.13
1782640431254,0,72,33,141.24
1782640431254,1,38,19,140.24
1782640431254,2,0,0,146.79
1782640431254,3,49,0,145.93
1782640431254,4,46,0,137.94
1782640431254,5,73,10,149.12
1782640431254,6,100,0,139.52
1782640431254,7,93,25,145.26
1782640431527,0,0,0,151.19
1782640431527,1,0,0,148.13
1782640431527,2,56,30,148.71
1782640431527,3,38,21,147.54
1782640431527,4,0,0,145.44
1782640431527,5,15,9,149.07
1782640431527,6,42,23,142.18
1782640431527,7,0,0,147.44
1782640431759,0,0,0,151.21
1782640431759,1,0,0,148.15
1782640431759,2,0,0,149.82
1782640431759,3,0,0,148.13
1782640431759,4,0,0,145.56
1782640431759,5,0,0,149.17
1782640431759,6,23,3,143.05
1782640431759,7,0,0,148.59
1782640432022,0,0,0,151.38
1782640432022,1,0,0,148.85
1782640432022,2,3,0,150.05
1782640432022,3,21,3,148.84
1782640432022,4,0,0,145.70
1782640432022,5,3,0,149.71
1782640432022,6,0,0,143.06
1782640432022,7,26,4,148.26
1782640432251,0,0,0,134.60
1782640432251,1,0,0,133.82
1782640432251,2,0,0,126.02
1782640432251,3,0,0,125.19
1782640432251,4,0,0,129.49
1782640432251,5,0,0,120.77
1782640432251,6,0,0,121.78
1782640432251,7,0,0,124.70
1782640432490,0,59,9,126.68
1782640432490,1,0,0,123.33
1782640432490,2,0,0,125.80
1782640432490,3,0,0,121.08
1782640432490,4,34,5,118.87
1782640432490,5,2,0,121.04
1782640432490,6,19,3,115.87
1782640432490,7,6,1,119.68
1782640432721,0,0,0,126.70
1782640432721,1,14,2,124.13
1782640432721,2,0,0,125.75
1782640432721,3,8,1,121.13
1782640432721,4,0,0,118.22
1782640432721,5,0,0,121.10
1782640432721,6,0,0,115.80
1782640432721,7,0,0,119.62
1782640432951,0,0,0,125.99
1782640432951,1,0,0,123.46
1782640432951,2,0,0,125.00
1782640432951,3,0,0,120.38
1782640432951,4,0,0,118.05
1782640432951,5,0,0,120.40
1782640432951,6,0,0,115.07
1782640432951,7,0,0,118.86
1782640433227,0,0,0,126.00
1782640433227,1,0,0,123.47
1782640433227,2,0,0,125.01
1782640433227,3,0,0,120.40
1782640433227,4,0,0,116.37
1782640433227,5,0,0,120.39
1782640433227,6,0,0,115.07
1782640433227,7,0,0,118.84
1782640433457,0,0,0,124.26
1782640433457,1,0,0,123.14
1782640433457,2,0,0,123.29
1782640433457,3,0,0,118.58
1782640433457,4,0,0,116.34
1782640433457,5,0,0,118.55
1782640433457,6,0,0,113.33
1782640433457,7,0,0,117.10
1782640433743,0,0,0,124.23
1782640433743,1,0,0,121.82
1782640433743,2,0,0,123.27
1782640433743,3,0,0,118.52
1782640433743,4,0,0,116.34
1782640433743,5,0,0,118.52
1782640433743,6,0,0,113.28
1782640433743,7,0,0,117.11
1782640434002,0,0,0,124.25
1782640434002,1,0,0,121.82
1782640434002,2,0,0,123.26
1782640434002,3,0,0,118.51
1782640434002,4,0,0,116.31
1782640434002,5,0,0,118.52
1782640434002,6,0,0,113.22
1782640434002,7,0,0,117.12
1782640434226,0,0,0,124.23
1782640434226,1,0,0,121.82
1782640434226,2,0,0,123.25
1782640434226,3,0,0,118.51
1782640434226,4,0,0,116.28
1782640434226,5,0,0,118.49
1782640434226,6,0,0,113.22
1782640434226,7,0,0,117.10
1782640434453,0,0,0,124.25
1782640434453,1,0,0,121.82
1782640434453,2,0,0,123.22
1782640434453,3,0,0,118.53
1782640434453,4,0,0,116.28
1782640434453,5,0,0,118.49
1782640434453,6,0,0,113.25
1782640434453,7,0,0,117.08
1782640434679,0,0,0,124.25
1782640434679,1,0,0,121.83
1782640434679,2,0,0,123.20
1782640434679,3,0,0,118.53
1782640434679,4,0,0,116.25
1782640434679,5,0,0,118.49
1782640434679,6,0,0,113.30
1782640434679,7,0,0,117.07
1782640434904,0,0,0,124.25
1782640434904,1,0,0,121.83
1782640434904,2,0,0,123.17
1782640434904,3,0,0,118.52
1782640434904,4,0,0,116.26
1782640434904,5,0,0,118.46
1782640434904,6,0,0,113.35
1782640434904,7,0,0,117.08
1782640435133,0,0,0,124.21
1782640435133,1,0,0,121.83
1782640435133,2,0,0,123.16
1782640435133,3,0,0,118.51
1782640435133,4,0,0,116.28
1782640435133,5,0,0,118.46
1782640435133,6,0,0,113.34
1782640435133,7,0,0,117.06
1782640435361,0,0,0,124.23
1782640435361,1,0,0,121.84
1782640435361,2,0,0,123.17
1782640435361,3,0,0,118.50
1782640435361,4,0,0,116.26
1782640435361,5,0,0,118.44
1782640435361,6,0,0,113.33
1782640435361,7,0,0,117.10
1782640435740,0,0,0,124.22
1782640435740,1,0,0,121.48
1782640435740,2,0,0,123.21
1782640435740,3,0,0,118.49
1782640435740,4,0,0,116.27
1782640435740,5,0,0,118.52
1782640435740,6,0,0,113.40
1782640435740,7,0,0,117.10
1782640436736,0,0,0,124.22
1782640436736,1,0,0,121.12
1782640436736,2,0,0,123.20
1782640436736,3,0,0,118.49
1782640436736,4,0,0,116.25
1782640436736,5,0,0,118.51
1782640436736,6,0,0,113.36
1782640436736,7,0,0,117.04
1782640436964,0,0,0,124.22
1782640436964,1,0,0,121.12
1782640436964,2,0,0,123.19
1782640436964,3,0,0,118.49
1782640436964,4,0,0,116.25
1782640436964,5,0,0,118.47
1782640436964,6,0,0,113.31
1782640436964,7,0,0,117.05
1782640437191,0,0,0,124.21
1782640437191,1,0,0,121.12
1782640437191,2,0,0,123.20
1782640437191,3,0,0,118.49
1782640437191,4,0,0,116.22
1782640437191,5,0,0,118.51
1782640437191,6,0,0,113.26
1782640437191,7,0,0,117.01
1782640437449,0,0,0,124.19
1782640437449,1,0,0,121.13
1782640437449,2,0,0,123.19
1782640437449,3,0,0,118.47
1782640437449,4,0,0,116.20
1782640437449,5,0,0,118.53
1782640437449,6,0,0,113.25
1782640437449,7,0,0,117.00
1782640437676,0,0,0,124.19
1782640437676,1,0,0,121.12
1782640437676,2,0,0,123.18
1782640437676,3,0,0,118.48
1782640437676,4,0,0,116.21
1782640437676,5,0,0,118.52
1782640437676,6,0,0,113.31
1782640437676,7,0,0,116.96
1782640437904,0,0,0,124.18
1782640437904,1,0,0,121.11
1782640437904,2,0,0,123.17
1782640437904,3,0,0,118.50
1782640437904,4,0,0,116.17
1782640437904,5,0,0,118.53
1782640437904,6,0,0,113.32
1782640437904,7,0,0,116.97
1782640438131,0,0,0,124.17
1782640438131,1,0,0,121.12
1782640438131,2,0,0,123.19
1782640438131,3,0,0,118.50
1782640438131,4,0,0,116.22
1782640438131,5,0,0,118.53
1782640438131,6,0,0,113.33
1782640438131,7,0,0,116.98
1782640438359,0,0,0,124.16
1782640438359,1,0,0,121.11
1782640438359,2,0,0,123.18
1782640438359,3,0,0,118.47
1782640438359,4,0,0,116.25
1782640438359,5,0,0,118.49
1782640438359,6,0,0,113.29
1782640438359,7,0,0,116.98
1782640438587,0,0,0,124.15
1782640438587,1,0,0,121.11
1782640438587,2,0,0,123.19
1782640438587,3,0,0,118.48
1782640438587,4,0,0,116.28
1782640438587,5,0,0,118.49
1782640438587,6,0,0,113.23
1782640438587,7,0,0,117.00
1782640438876,0,0,0,124.15
1782640438876,1,0,0,121.10
1782640438876,2,0,0,123.21
1782640438876,3,0,0,118.48
1782640438876,4,0,0,116.24
1782640438876,5,0,0,118.49
1782640438876,6,0,0,113.28
1782640438876,7,0,0,117.02
1782640439164,0,0,0,124.15
1782640439164,1,0,0,121.11
1782640439164,2,0,0,123.19
1782640439164,3,0,0,118.49
1782640439164,4,0,0,116.26
1782640439164,5,0,0,118.48
1782640439164,6,0,0,113.33
1782640439164,7,0,0,117.01
1782640439420,0,0,0,124.15
1782640439420,1,0,0,121.13
1782640439420,2,0,0,123.20
1782640439420,3,0,0,118.47
1782640439420,4,0,0,116.25
1782640439420,5,0,0,118.44
1782640439420,6,0,0,113.38
1782640439420,7,0,0,117.01
1782640439677,0,0,0,124.16
1782640439677,1,0,0,121.15
1782640439677,2,0,0,123.18
1782640439677,3,0,0,118.46
1782640439677,4,0,0,116.21
1782640439677,5,0,0,118.43
1782640439677,6,0,0,113.32
1782640439677,7,0,0,117.00
1782640440265,0,0,0,124.18
1782640440265,1,0,0,121.17
1782640440265,2,0,0,123.16
1782640440265,3,0,0,118.50
1782640440265,4,0,0,116.22
1782640440265,5,0,0,118.43
1782640440265,6,0,0,113.35
1782640440265,7,0,0,117.03
1782640440856,0,0,0,124.18
1782640440856,1,0,0,121.15
1782640440856,2,0,0,123.15
1782640440856,3,0,0,118.48
1782640440856,4,0,0,116.19
1782640440856,5,0,0,118.46
1782640440856,6,0,0,113.36
1782640440856,7,0,0,117.02
1782640441211,0,0,0,124.17
1782640441211,1,0,0,121.13
1782640441211,2,0,0,123.13
1782640441211,3,0,0,118.48
1782640441211,4,0,0,116.19
1782640441211,5,0,0,118.43
1782640441211,6,0,0,113.33
1782640441211,7,0,0,117.01
1782640441439,0,0,0,124.17
1782640441439,1,0,0,121.12
1782640441439,2,0,0,123.16
1782640441439,3,0,0,118.46
1782640441439,4,0,0,116.17
1782640441439,5,0,0,118.46
1782640441439,6,0,0,113.29
1782640441439,7,0,0,117.01
1782640441828,0,0,0,124.19
1782640441828,1,0,0,121.15
1782640441828,2,0,0,123.13
1782640441828,3,0,0,118.47
1782640441828,4,0,0,116.15
1782640441828,5,0,0,118.47
1782640441828,6,0,0,113.35
1782640441828,7,0,0,117.01
1782640442459,0,0,0,124.16
1782640442459,1,0,0,121.11
1782640442459,2,0,0,123.14
1782640442459,3,0,0,118.43
1782640442459,4,0,0,116.15
1782640442459,5,0,0,118.42
1782640442459,6,0,0,113.31
1782640442459,7,0,0,117.01
1782640442779,0,0,0,124.17
1782640442779,1,0,0,121.12
1782640442779,2,0,0,123.14
1782640442779,3,0,0,118.42
1782640442779,4,0,0,116.12
1782640442779,5,0,0,118.47
1782640442779,6,0,0,113.29
1782640442779,7,0,0,117.00
1782640443007,0,0,0,124.18
1782640443007,1,0,0,121.07
1782640443007,2,0,0,123.14
1782640443007,3,0,0,118.38
1782640443007,4,0,0,116.16
1782640443007,5,0,0,118.44
1782640443007,6,0,0,113.24
1782640443007,7,0,0,116.98
1782640443237,0,0,0,124.18
1782640443237,1,0,0,121.07
1782640443237,2,0,0,123.15
1782640443237,3,0,0,118.42
1782640443237,4,0,0,116.17
1782640443237,5,0,0,118.42
1782640443237,6,0,0,113.18
1782640443237,7,0,0,116.96
1782640443544,0,0,0,124.18
1782640443544,1,0,0,121.09
1782640443544,2,0,0,123.15
1782640443544,3,0,0,118.45
1782640443544,4,0,0,116.20
1782640443544,5,0,0,118.48
1782640443544,6,0,0,113.25
1782640443544,7,0,0,116.96
1782640443842,0,0,0,124.21
1782640443842,1,0,0,121.11
1782640443842,2,0,0,123.16
1782640443842,3,0,0,118.47
1782640443842,4,0,0,116.18
1782640443842,5,0,0,118.48
1782640443842,6,0,0,113.26
1782640443842,7,0,0,116.93
1782640444275,0,0,0,124.20
1782640444275,1,0,0,121.11
1782640444275,2,0,0,123.20
1782640444275,3,0,0,118.46
1782640444275,4,0,0,116.19
1782640444275,5,0,0,118.49
1782640444275,6,0,0,113.24
1782640444275,7,0,0,116.90
1782640444794,0,0,0,124.16
1782640444794,1,0,0,121.12
1782640444794,2,0,0,123.21
1782640444794,3,0,0,118.43
1782640444794,4,0,0,116.26
1782640444794,5,0,0,118.47
1782640444794,6,0,0,113.27
1782640444794,7,0,0,116.92
1782640445160,0,0,0,124.15
1782640445160,1,0,0,121.12
1782640445160,2,0,0,123.18
1782640445160,3,0,0,118.44
1782640445160,4,0,0,116.20
1782640445160,5,0,0,118.44
1782640445160,6,0,0,113.35
1782640445160,7,0,0,116.92
1782640445388,0,0,0,124.15
1782640445388,1,0,0,121.10
1782640445388,2,0,0,123.14
1782640445388,3,0,0,118.44
1782640445388,4,0,0,116.23
1782640445388,5,0,0,118.43
1782640445388,6,0,0,113.37
1782640445388,7,0,0,116.95
1782640445616,0,0,0,124.14
1782640445616,1,0,0,121.11
1782640445616,2,0,0,123.12
1782640445616,3,0,0,118.43
1782640445616,4,0,0,116.20
1782640445616,5,0,0,118.43
1782640445616,6,0,0,113.39
1782640445616,7,0,0,116.96
1782640445846,0,0,0,124.11
1782640445846,1,0,0,121.10
1782640445846,2,0,0,123.10
1782640445846,3,0,0,118.41
1782640445846,4,0,0,116.19
1782640445846,5,0,0,118.41
1782640445846,6,0,0,113.30
1782640445846,7,0,0,116.96
1782640446075,0,0,0,124.10
1782640446075,1,0,0,121.14
1782640446075,2,0,0,123.12
1782640446075,3,0,0,118.41
1782640446075,4,0,0,116.19
1782640446075,5,0,0,118.40
1782640446075,6,0,0,113.20
1782640446075,7,0,0,116.99
1782640446305,0,0,0,124.10
1782640446305,1,0,0,121.12
1782640446305,2,0,0,123.11
1782640446305,3,0,0,118.39
1782640446305,4,0,0,116.14
1782640446305,5,0,0,118.39
1782640446305,6,0,0,113.05
1782640446305,7,0,0,116.96
1782640446535,0,0,0,124.08
1782640446535,1,0,0,121.11
1782640446535,2,0,0,123.10
1782640446535,3,0,0,118.38
1782640446535,4,0,0,116.15
1782640446535,5,0,0,118.38
1782640446535,6,0,0,112.87
1782640446535,7,0,0,116.97
1782640446762,0,0,0,124.06
1782640446762,1,0,0,121.08
1782640446762,2,0,0,123.10
1782640446762,3,0,0,118.40
1782640446762,4,0,0,116.14
1782640446762,5,0,0,118.34
1782640446762,6,0,0,112.69
1782640446762,7,0,0,116.94
1782640446990,0,0,0,124.07
1782640446990,1,0,0,121.04
1782640446990,2,0,0,123.09
1782640446990,3,0,0,118.40
1782640446990,4,0,0,116.11
1782640446990,5,0,0,118.36
1782640446990,6,0,0,112.54
1782640446990,7,0,0,116.92
1782640447221,0,0,0,124.08
1782640447221,1,0,0,121.01
1782640447221,2,0,0,123.07
1782640447221,3,0,0,118.40
1782640447221,4,0,0,116.10
1782640447221,5,0,0,118.35
1782640447221,6,0,0,112.49
1782640447221,7,0,0,116.93
1782640447450,0,0,0,124.10
1782640447450,1,0,0,121.01
1782640447450,2,0,0,123.09
1782640447450,3,0,0,118.40
1782640447450,4,0,0,116.10
1782640447450,5,0,0,118.40
1782640447450,6,0,0,112.50
1782640447450,7,0,0,116.94
1782640447680,0,0,0,124.10
1782640447680,1,0,0,121.02
1782640447680,2,0,0,123.09
1782640447680,3,0,0,118.40
1782640447680,4,0,0,116.07
1782640447680,5,0,0,118.41
1782640447680,6,0,0,112.52
1782640447680,7,0,0,116.94
1782640447911,0,0,0,124.12
1782640447911,1,0,0,121.01
1782640447911,2,0,0,123.09
1782640447911,3,0,0,118.40
1782640447911,4,0,0,116.09
1782640447911,5,0,0,118.41
1782640447911,6,0,0,112.51
1782640447911,7,0,0,116.96
1782640448141,0,0,0,124.11
1782640448141,1,0,0,121.04
1782640448141,2,0,0,123.09
1782640448141,3,0,0,118.38
1782640448141,4,0,0,116.09
1782640448141,5,0,0,118.40
1782640448141,6,0,0,112.51
1782640448141,7,0,0,116.96
1782640448371,0,0,0,124.14
1782640448371,1,0,0,121.04
1782640448371,2,0,0,123.09
1782640448371,3,0,0,118.39
1782640448371,4,0,0,116.06
1782640448371,5,0,0,118.39
1782640448371,6,0,0,112.51
1782640448371,7,0,0,116.95
1782640448600,0,0,0,124.14
1782640448600,1,0,0,121.05
1782640448600,2,0,0,123.11
1782640448600,3,0,0,118.40
1782640448600,4,0,0,116.05
1782640448600,5,0,0,118.39
1782640448600,6,0,0,112.46
1782640448600,7,0,0,116.94
1782640448858,0,0,0,124.14
1782640448858,1,0,0,121.07
1782640448858,2,0,0,123.12
1782640448858,3,0,0,118.41
1782640448858,4,0,0,116.09
1782640448858,5,0,0,118.41
1782640448858,6,0,0,112.40
1782640448858,7,0,0,116.91
1782640449107,0,0,0,124.14
1782640449107,1,0,0,121.09
1782640449107,2,0,0,123.12
1782640449107,3,0,0,118.42
1782640449107,4,0,0,116.06
1782640449107,5,0,0,118.41
1782640449107,6,0,0,112.44
1782640449107,7,0,0,116.90
1782640449336,0,0,0,124.13
1782640449336,1,0,0,121.08
1782640449336,2,0,0,123.10
1782640449336,3,0,0,118.40
1782640449336,4,0,0,116.09
1782640449336,5,0,0,118.41
1782640449336,6,0,0,112.42
1782640449336,7,0,0,116.89
1782640449565,0,0,0,124.14
1782640449565,1,0,0,121.06
1782640449565,2,0,0,123.09
1782640449565,3,0,0,118.42
1782640449565,4,0,0,116.12
1782640449565,5,0,0,118.39
1782640449565,6,0,0,112.42
1782640449565,7,0,0,116.88
1782640449850,0,0,0,125.54
1782640449850,1,0,0,123.26
1782640449850,2,0,0,124.73
1782640449850,3,0,0,121.24
1782640449850,4,0,0,116.12
1782640449850,5,0,0,120.52
1782640449850,6,0,0,114.73
1782640449850,7,7,5,119.30
1782640450097,0,0,0,126.35
1782640450097,1,0,0,123.85
1782640450097,2,7,5,125.16
1782640450097,3,7,5,121.38
1782640450097,4,0,0,117.80
1782640450097,5,0,0,120.52
1782640450097,6,7,5,124.86
1782640450097,7,0,0,119.37
1782640450390,0,0,0,126.37
1782640450390,1,0,0,123.88
1782640450390,2,100,88,187.46
1782640450390,3,0,0,121.37
1782640450390,4,0,0,117.77
1782640450390,5,100,88,202.96
1782640450390,6,100,88,188.00
1782640450390,7,0,0,119.39
1782640450663,0,35,31,186.91
1782640450663,1,98,85,230.09
1782640450663,2,82,71,287.07
1782640450663,3,96,83,239.53
1782640450663,4,97,86,232.14
1782640450663,5,96,82,345.66
1782640450663,6,92,80,290.05
1782640450663,7,96,84,214.83
1782640451093,0,100,87,451.17
1782640451093,1,100,87,491.98
1782640451093,2,100,88,458.75
1782640451093,3,100,88,496.41
1782640451093,4,100,87,495.07
1782640451093,5,100,87,497.96
1782640451093,6,100,88,447.66
1782640451093,7,100,87,495.28
1782640451874,0,100,88,507.46
1782640451874,1,100,87,512.16
1782640451874,2,100,88,508.38
1782640451874,3,100,88,510.64
1782640451874,4,100,88,505.30
1782640451874,5,100,87,508.67
1782640451874,6,100,88,498.14
1782640451874,7,100,88,508.58
1782640452270,0,95,81,510.23
1782640452270,1,95,82,511.87
1782640452270,2,100,88,514.03
1782640452270,3,97,84,511.52
1782640452270,4,100,88,510.11
1782640452270,5,95,82,518.23
1782640452270,6,97,85,502.61
1782640452270,7,100,86,513.43
1782640452567,0,100,86,523.72
1782640452567,1,100,86,522.92
1782640452567,2,94,81,527.72
1782640452567,3,98,85,525.20
1782640452567,4,93,80,521.24
1782640452567,5,100,86,530.96
1782640452567,6,98,85,516.68
1782640452567,7,95,82,522.81
1782640452860,0,95,80,547.02
1782640452860,1,89,75,545.03
1782640452860,2,89,76,550.34
1782640452860,3,89,75,548.38
1782640452860,4,98,84,549.76
1782640452860,5,86,72,557.56
1782640452860,6,91,77,541.69
1782640452860,7,100,85,542.46
1782640453149,0,100,86,592.78
1782640453149,1,100,85,590.07
1782640453149,2,100,86,589.34
1782640453149,3,100,86,592.82
1782640453149,4,100,86,589.16
1782640453149,5,100,86,600.01
1782640453149,6,100,86,580.45
1782640453149,7,100,86,582.90
1782640453437,0,100,86,625.86
1782640453437,1,100,86,619.70
1782640453437,2,100,86,618.07
1782640453437,3,100,86,625.09
1782640453437,4,100,86,624.38
1782640453437,5,100,86,635.12
1782640453437,6,100,86,607.10
1782640453437,7,100,87,614.55
1782640453727,0,100,87,652.79
1782640453727,1,100,86,643.25
1782640453727,2,100,87,644.11
1782640453727,3,100,87,652.52
1782640453727,4,100,87,646.85
1782640453727,5,100,87,661.07
1782640453727,6,100,87,629.22
1782640453727,7,100,87,646.71
1782640454015,0,100,87,657.50
1782640454015,1,100,87,648.39
1782640454015,2,100,87,642.10
1782640454015,3,100,87,656.53
1782640454015,4,100,87,650.96
1782640454015,5,100,87,661.94
1782640454015,6,100,87,631.29
1782640454015,7,100,87,650.09
1782640454306,0,100,87,659.78
1782640454306,1,100,87,649.51
1782640454306,2,100,87,643.72
1782640454306,3,100,87,659.73
1782640454306,4,100,87,653.06
1782640454306,5,100,87,662.48
1782640454306,6,100,87,634.75
1782640454306,7,100,87,651.52
1782640454595,0,100,88,661.43
1782640454595,1,100,88,649.23
1782640454595,2,100,88,643.28
1782640454595,3,100,88,660.64
1782640454595,4,100,88,653.17
1782640454595,5,100,88,663.25
1782640454595,6,100,88,634.26
1782640454595,7,100,88,650.33
1782640454885,0,100,88,661.41
1782640454885,1,100,88,649.98
1782640454885,2,100,88,644.87
1782640454885,3,100,88,660.76
1782640454885,4,100,88,652.53
1782640454885,5,100,88,664.47
1782640454885,6,100,88,634.59
1782640454885,7,100,88,649.21
1782640455173,0,100,89,661.97
1782640455173,1,100,88,651.14
1782640455173,2,100,89,648.18
1782640455173,3,100,88,660.96
1782640455173,4,100,88,653.08
1782640455173,5,100,88,665.16
1782640455173,6,100,88,633.11
1782640455173,7,100,88,649.51
1782640455851,0,100,88,618.25
1782640455851,1,100,87,598.71
1782640455851,2,100,88,589.71
1782640455851,3,100,88,595.44
1782640455851,4,100,88,565.92
1782640455851,5,100,88,585.36
1782640455851,6,100,88,573.49
1782640455851,7,100,88,562.91
1782640457016,0,100,89,579.60
1782640457016,1,100,88,574.35
1782640457016,2,100,89,572.52
1782640457016,3,100,89,578.36
1782640457016,4,100,89,573.26
1782640457016,5,100,88,574.43
1782640457016,6,100,88,563.33
1782640457016,7,100,89,566.64
1782640457796,0,100,88,578.07
1782640457796,1,100,88,572.78
1782640457796,2,100,88,570.59
1782640457796,3,100,88,577.28
1782640457796,4,100,88,571.19
1782640457796,5,100,88,573.67
1782640457796,6,100,88,562.30
1782640457796,7,100,88,567.86
1782640458097,0,100,89,566.05
1782640458097,1,100,89,559.80
1782640458097,2,100,89,559.90
1782640458097,3,100,88,568.77
1782640458097,4,100,89,558.78
1782640458097,5,100,89,563.70
1782640458097,6,100,88,548.40
1782640458097,7,100,89,552.40
1782640458396,0,94,84,503.13
1782640458396,1,100,89,489.14
1782640458396,2,0,0,463.99
1782640458396,3,0,0,484.82
1782640458396,4,71,63,500.52
1782640458396,5,0,0,470.94
1782640458396,6,30,27,484.36
1782640458396,7,36,32,477.32
1782640458629,0,0,0,370.56
1782640458629,1,0,0,400.30
1782640458629,2,0,0,378.98
1782640458629,3,0,0,394.85
1782640458629,4,0,0,370.48
1782640458629,5,0,0,381.70
1782640458629,6,0,0,396.45
1782640458629,7,0,0,389.97
1782640458862,0,0,0,284.10
1782640458862,1,0,0,268.35
1782640458862,2,0,0,251.57
1782640458862,3,0,0,263.11
1782640458862,4,0,0,283.85
1782640458862,5,0,0,294.70
1782640458862,6,0,0,262.04
1782640458862,7,0,0,257.41
1782640459094,0,0,0,201.38
1782640459094,1,0,0,191.81
1782640459094,2,0,0,173.10
1782640459094,3,0,0,182.04
1782640459094,4,0,0,194.59
1782640459094,5,0,0,170.63
1782640459094,6,0,0,186.45
1782640459094,7,0,0,177.23
1782640459325,0,0,0,128.24
1782640459325,1,0,0,128.05
1782640459325,2,0,0,128.89
1782640459325,3,0,0,124.54
1782640459325,4,0,0,121.89
1782640459325,5,0,0,122.71
1782640459325,6,0,0,117.82
1782640459325,7,0,0,121.53
1782640459555,0,0,0,127.12
1782640459555,1,0,0,125.35
1782640459555,2,0,0,127.67
1782640459555,3,0,0,122.62
1782640459555,4,0,0,120.88
1782640459555,5,0,0,121.76
1782640459555,6,0,0,115.58
1782640459555,7,0,0,120.25
1782640459786,0,0,0,126.87
1782640459786,1,0,0,124.87
1782640459786,2,0,0,127.25
1782640459786,3,0,0,122.35
1782640459786,4,0,0,120.74
1782640459786,5,0,0,121.66
1782640459786,6,0,0,115.49
1782640459786,7,0,0,120.15
1782640460016,0,0,0,126.74
1782640460016,1,0,0,124.62
1782640460016,2,0,0,127.10
1782640460016,3,0,0,122.13
1782640460016,4,0,0,120.65
1782640460016,5,0,0,121.61
1782640460016,6,0,0,115.40
1782640460016,7,0,0,120.06
1782640460246,0,0,0,126.57
1782640460246,1,0,0,124.39
1782640460246,2,0,0,127.03
1782640460246,3,0,0,121.97
1782640460246,4,0,0,120.54
1782640460246,5,0,0,121.53
1782640460246,6,0,0,115.34
1782640460246,7,0,0,119.94
1782640460476,0,0,0,126.51
1782640460476,1,0,0,124.25
1782640460476,2,0,0,126.94
1782640460476,3,0,0,121.76
1782640460476,4,0,0,120.47
1782640460476,5,0,0,121.42
1782640460476,6,0,0,115.25
1782640460476,7,0,0,119.86
1782640460705,0,0,0,126.40
1782640460705,1,0,0,124.15
1782640460705,2,0,0,126.89
1782640460705,3,0,0,121.65
1782640460705,4,0,0,120.38
1782640460705,5,0,0,121.38
1782640460705,6,0,0,115.16
1782640460705,7,0,0,119.81
1782640460935,0,0,0,126.31
1782640460935,1,0,0,124.03
1782640460935,2,0,0,126.83
1782640460935,3,0,0,121.54
1782640460935,4,0,0,120.32
1782640460935,5,0,0,121.32
1782640460935,6,0,0,115.11
1782640460935,7,0,0,119.74
1782640461164,0,0,0,126.24
1782640461164,1,0,0,123.92
1782640461164,2,0,0,126.80
1782640461164,3,0,0,121.34
1782640461164,4,0,0,120.28
1782640461164,5,0,0,121.28
1782640461164,6,0,0,115.04
1782640461164,7,0,0,119.67
1782640461392,0,0,0,126.20
1782640461392,1,0,0,123.82
1782640461392,2,0,0,126.72
1782640461392,3,0,0,121.22
1782640461392,4,0,0,120.25
1782640461392,5,0,0,121.24
1782640461392,6,0,0,115.07
1782640461392,7,0,0,119.61
1782640461621,0,0,0,126.15
1782640461621,1,0,0,123.75
1782640461621,2,0,0,126.68
1782640461621,3,0,0,121.09
1782640461621,4,0,0,120.24
1782640461621,5,0,0,121.21
1782640461621,6,0,0,115.06
1782640461621,7,0,0,119.59
1782640461852,0,94,81,162.07
1782640461852,1,60,51,165.73
1782640461852,2,0,0,179.04
1782640461852,3,14,12,169.10
1782640461852,4,0,0,164.04
1782640461852,5,40,34,180.56
1782640461852,6,7,5,167.36
1782640461852,7,100,87,172.95
1782640462157,0,100,87,257.79
1782640462157,1,100,87,262.33
1782640462157,2,100,87,270.83
1782640462157,3,100,87,265.77
1782640462157,4,100,87,260.59
1782640462157,5,100,87,277.16
1782640462157,6,100,87,259.16
1782640462157,7,100,87,261.99
1782640462461,0,100,87,386.71
1782640462461,1,100,88,390.54
1782640462461,2,100,87,399.36
1782640462461,3,100,87,395.18
1782640462461,4,100,87,388.51
1782640462461,5,100,87,405.08
1782640462461,6,100,87,389.42
1782640462461,7,100,87,396.27
1782640462883,0,100,87,447.81
1782640462883,1,100,87,443.77
1782640462883,2,100,87,441.27
1782640462883,3,100,87,443.74
1782640462883,4,100,87,440.83
1782640462883,5,100,87,442.12
1782640462883,6,100,87,431.72
1782640462883,7,100,87,439.91
1782640463187,0,100,87,448.89
1782640463187,1,100,87,444.43
1782640463187,2,100,87,441.77
1782640463187,3,100,87,444.53
1782640463187,4,100,87,441.63
1782640463187,5,100,87,442.99
1782640463187,6,100,87,435.06
1782640463187,7,100,87,441.94
1782640463491,0,100,87,449.42
1782640463491,1,100,87,445.43
1782640463491,2,100,87,442.25
1782640463491,3,100,87,445.71
1782640463491,4,100,87,441.71
1782640463491,5,100,87,443.55
1782640463491,6,100,87,436.57
1782640463491,7,100,87,444.13
1782640463795,0,100,87,450.26
1782640463795,1,100,87,446.56
1782640463795,2,100,87,443.39
1782640463795,3,100,87,447.25
1782640463795,4,100,87,442.20
1782640463795,5,100,87,444.56
1782640463795,6,100,87,438.39
1782640463795,7,100,87,444.52
1782640464099,0,100,87,451.03
1782640464099,1,100,87,447.16
1782640464099,2,100,87,444.79
1782640464099,3,100,87,448.57
1782640464099,4,100,87,441.81
1782640464099,5,100,87,445.24
1782640464099,6,100,86,435.67
1782640464099,7,100,87,444.37
1782640464401,0,100,87,451.05
1782640464401,1,100,87,447.80
1782640464401,2,100,86,443.70
1782640464401,3,100,87,448.23
1782640464401,4,100,86,441.17
1782640464401,5,100,88,446.50
1782640464401,6,100,87,433.47
1782640464401,7,100,87,442.52
1782640464704,0,100,87,451.98
1782640464704,1,100,87,447.98
1782640464704,2,100,86,443.67
1782640464704,3,100,87,448.34
1782640464704,4,100,87,441.38
1782640464704,5,100,88,446.94
1782640464704,6,100,87,433.91
1782640464704,7,100,87,440.60
1782640465011,0,100,87,452.69
1782640465011,1,100,87,447.34
1782640465011,2,100,87,444.31
1782640465011,3,100,87,449.45
1782640465011,4,100,87,442.85
1782640465011,5,100,87,446.65
1782640465011,6,100,87,433.74
1782640465011,7,100,87,448.35
1782640465317,0,100,87,452.94
1782640465317,1,100,87,446.98
1782640465317,2,100,87,443.76
1782640465317,3,100,87,450.66
1782640465317,4,100,87,443.38
1782640465317,5,100,87,445.08
1782640465317,6,100,87,434.55
1782640465317,7,100,87,448.63
1782640465620,0,100,87,453.31
1782640465620,1,100,87,446.99
1782640465620,2,100,87,445.36
1782640465620,3,100,87,451.71
1782640465620,4,100,87,444.14
1782640465620,5,100,87,445.56
1782640465620,6,100,87,435.51
1782640465620,7,100,87,453.73
1782640465925,0,100,87,452.80
1782640465925,1,100,88,448.83
1782640465925,2,100,87,446.74
1782640465925,3,100,87,451.58
1782640465925,4,100,87,445.54
1782640465925,5,100,87,446.98
1782640465925,6,100,88,436.90
1782640465925,7,100,87,456.14
1782640466232,0,100,87,452.81
1782640466232,1,100,88,449.89
1782640466232,2,100,87,449.07
1782640466232,3,100,88,452.84
1782640466232,4,100,87,446.48
1782640466232,5,100,88,455.56
1782640466232,6,100,87,437.89
1782640466232,7,100,87,451.97
1782640466568,0,100,87,453.31
1782640466568,1,100,88,450.67
1782640466568,2,100,87,450.48
1782640466568,3,100,87,453.03
1782640466568,4,100,87,446.60
1782640466568,5,100,87,455.62
1782640466568,6,100,88,438.65
1782640466568,7,100,87,453.20
1782640466871,0,100,87,453.70
1782640466871,1,100,88,451.65
1782640466871,2,100,87,449.89
1782640466871,3,100,88,452.57
1782640466871,4,100,87,447.53
1782640466871,5,100,87,455.98
1782640466871,6,100,87,438.27
1782640466871,7,100,87,448.74
1782640467175,0,100,88,453.10
1782640467175,1,100,88,451.73
1782640467175,2,100,88,449.77
1782640467175,3,100,88,453.21
1782640467175,4,100,87,447.94
1782640467175,5,100,87,451.95
1782640467175,6,100,88,438.50
1782640467175,7,100,87,448.28
1782640467482,0,100,88,453.33
1782640467482,1,100,88,452.85
1782640467482,2,100,87,454.27
1782640467482,3,100,87,454.39
1782640467482,4,100,87,448.19
1782640467482,5,100,87,449.35
1782640467482,6,100,87,438.65
1782640467482,7,100,87,446.75
1782640467790,0,100,88,455.33
1782640467790,1,100,88,453.82
1782640467790,2,100,87,454.91
1782640467790,3,100,87,453.89
1782640467790,4,100,87,448.58
1782640467790,5,100,87,449.93
1782640467790,6,100,87,438.79
1782640467790,7,100,87,445.17
1782640468099,0,100,88,456.22
1782640468099,1,100,88,453.13
1782640468099,2,100,87,455.19
1782640468099,3,100,87,455.53
1782640468099,4,100,87,448.39
1782640468099,5,100,88,450.85
1782640468099,6,100,87,438.30
1782640468099,7,100,87,445.71
1782640468403,0,100,87,456.38
1782640468403,1,100,88,453.26
1782640468403,2,100,87,450.91
1782640468403,3,100,87,453.60
1782640468403,4,100,87,448.41
1782640468403,5,100,87,451.29
1782640468403,6,100,88,439.00
1782640468403,7,100,87,445.77
1782640468785,0,100,88,455.77
1782640468785,1,100,88,452.42
1782640468785,2,100,87,451.58
1782640468785,3,100,88,453.67
1782640468785,4,100,88,449.04
1782640468785,5,100,87,451.44
1782640468785,6,100,88,440.07
1782640468785,7,100,87,448.18
1782640469093,0,100,87,455.04
1782640469093,1,100,88,452.96
1782640469093,2,100,87,451.40
1782640469093,3,100,87,454.96
1782640469093,4,100,87,449.52
1782640469093,5,100,87,451.14
1782640469093,6,100,88,441.04
1782640469093,7,100,87,448.34
1782640469400,0,100,87,454.11
1782640469400,1,100,88,452.27
1782640469400,2,100,88,451.12
1782640469400,3,100,88,455.17
1782640469400,4,100,88,450.90
1782640469400,5,100,88,451.32
1782640469400,6,100,88,439.92
1782640469400,7,100,87,448.12
1782640469705,0,100,87,455.11
1782640469705,1,100,88,452.54
1782640469705,2,100,87,450.94
1782640469705,3,100,88,456.56
1782640469705,4,100,88,450.59
1782640469705,5,100,87,451.45
1782640469705,6,100,88,440.38
1782640469705,7,100,88,448.19
1782640470010,0,100,88,455.54
1782640470010,1,100,88,451.47
1782640470010,2,100,88,451.98
1782640470010,3,100,88,457.17
1782640470010,4,100,88,451.41
1782640470010,5,100,88,451.96
1782640470010,6,100,88,441.07
1782640470010,7,100,88,448.77
1782640470322,0,100,88,459.12
1782640470322,1,100,88,452.47
1782640470322,2,100,88,452.69
1782640470322,3,100,88,456.65
1782640470322,4,100,88,450.73
1782640470322,5,100,88,452.74
1782640470322,6,100,88,441.44
1782640470322,7,100,88,449.93
1782640470649,0,100,88,459.19
1782640470649,1,100,88,453.19
1782640470649,2,100,87,453.57
1782640470649,3,100,88,456.40
1782640470649,4,100,88,450.95
1782640470649,5,100,88,453.38
1782640470649,6,100,88,442.65
1782640470649,7,100,87,450.33
1782640470952,0,100,88,460.23
1782640470952,1,100,88,454.71
1782640470952,2,100,87,453.27
1782640470952,3,100,88,456.15
1782640470952,4,100,88,449.71
1782640470952,5,100,88,454.05
1782640470952,6,100,88,444.01
1782640470952,7,100,87,449.98
1782640471256,0,100,88,459.92
1782640471256,1,100,88,454.69
1782640471256,2,100,87,453.49
1782640471256,3,100,88,456.69
1782640471256,4,100,88,449.96
1782640471256,5,100,88,454.03
1782640471256,6,100,88,444.74
1782640471256,7,100,88,450.28
1782640471562,0,100,87,459.46
1782640471562,1,100,88,455.82
1782640471562,2,100,87,453.74
1782640471562,3,100,88,457.40
1782640471562,4,100,88,451.77
1782640471562,5,100,87,454.23
1782640471562,6,100,88,448.86
1782640471562,7,100,88,450.65
1782640471867,0,100,87,458.91
1782640471867,1,100,88,455.79
1782640471867,2,100,87,453.59
1782640471867,3,100,88,458.15
1782640471867,4,100,88,450.76
1782640471867,5,100,87,453.74
1782640471867,6,100,88,449.62
1782640471867,7,100,88,450.21
1782640472174,0,100,87,458.28
1782640472174,1,100,88,455.86
1782640472174,2,100,88,453.52
1782640472174,3,100,88,458.36
1782640472174,4,100,88,455.05
1782640472174,5,100,88,454.09
1782640472174,6,100,88,445.64
1782640472174,7,100,88,451.13
1782640472478,0,100,87,459.21
1782640472478,1,100,88,455.70
1782640472478,2,100,87,453.66
1782640472478,3,100,88,458.64
1782640472478,4,100,88,458.69
1782640472478,5,100,88,454.90
1782640472478,6,100,88,444.37
1782640472478,7,100,88,451.85
1782640472783,0,100,88,460.27
1782640472783,1,100,88,457.88
1782640472783,2,100,87,454.56
1782640472783,3,100,88,459.73
1782640472783,4,100,88,461.29
1782640472783,5,100,88,455.08
1782640472783,6,100,88,443.87
1782640472783,7,100,88,452.52
1782640473089,0,100,88,461.91
1782640473089,1,100,88,458.29
1782640473089,2,100,88,454.67
1782640473089,3,100,88,460.03
1782640473089,4,100,88,458.20
1782640473089,5,100,88,454.77
1782640473089,6,100,88,445.49
1782640473089,7,100,88,453.07
1782640473395,0,100,88,462.39
1782640473395,1,100,88,459.38
1782640473395,2,100,88,455.12
1782640473395,3,100,88,459.74
1782640473395,4,100,88,455.56
1782640473395,5,100,88,456.27
1782640473395,6,100,88,445.76
1782640473395,7,100,88,456.30
1782640473705,0,100,88,462.41
1782640473705,1,100,88,457.79
1782640473705,2,100,88,455.14
1782640473705,3,100,88,460.93
1782640473705,4,100,88,457.24
1782640473705,5,100,88,456.97
1782640473705,6,100,88,445.98
1782640473705,7,100,88,450.07
1782640474007,0,100,88,462.65
1782640474007,1,100,88,458.27
1782640474007,2,100,88,455.20
1782640474007,3,100,88,461.32
1782640474007,4,100,88,457.85
1782640474007,5,100,88,456.46
1782640474007,6,100,88,445.98
1782640474007,7,100,88,451.25
1782640474398,0,100,88,462.57
1782640474398,1,100,88,458.94
1782640474398,2,100,88,455.48
1782640474398,3,100,88,462.14
1782640474398,4,100,88,457.67
1782640474398,5,100,88,460.24
1782640474398,6,100,88,446.37
1782640474398,7,100,88,448.74
1782640474723,0,100,88,459.74
1782640474723,1,100,87,458.60
1782640474723,2,100,88,456.05
1782640474723,3,100,88,461.68
1782640474723,4,100,88,457.44
1782640474723,5,100,87,462.56
1782640474723,6,100,88,446.16
1782640474723,7,100,88,454.80
1782640475029,0,100,87,457.88
1782640475029,1,100,87,458.23
1782640475029,2,100,86,454.96
1782640475029,3,100,88,465.06
1782640475029,4,100,88,459.16
1782640475029,5,100,87,462.60
1782640475029,6,100,88,445.27
1782640475029,7,100,88,454.13
1782640475331,0,100,87,457.87
1782640475331,1,100,87,456.30
1782640475331,2,100,86,453.43
1782640475331,3,100,88,467.43
1782640475331,4,100,88,458.91
1782640475331,5,100,87,457.85
1782640475331,6,100,88,445.89
1782640475331,7,100,88,456.15
1782640475632,0,100,88,456.78
1782640475632,1,100,88,457.69
1782640475632,2,100,88,454.18
1782640475632,3,100,88,461.17
1782640475632,4,100,88,459.11
1782640475632,5,100,88,454.70
1782640475632,6,100,88,447.21
1782640475632,7,100,88,456.48
1782640475939,0,100,88,461.99
1782640475939,1,100,88,459.66
1782640475939,2,100,88,456.63
1782640475939,3,100,88,457.09
1782640475939,4,100,88,459.94
1782640475939,5,100,88,457.67
1782640475939,6,100,88,448.78
1782640475939,7,100,88,456.20
1782640476239,0,100,88,461.75
1782640476239,1,100,88,460.85
1782640476239,2,100,88,458.64
1782640476239,3,100,88,449.65
1782640476239,4,100,88,460.07
1782640476239,5,100,88,458.22
1782640476239,6,100,88,449.43
1782640476239,7,100,88,456.53
1782640476545,0,100,88,465.44
1782640476545,1,100,88,460.47
1782640476545,2,100,88,459.08
1782640476545,3,100,88,451.32
1782640476545,4,100,88,460.11
1782640476545,5,100,88,458.12
1782640476545,6,100,88,449.87
1782640476545,7,100,88,456.87
1782640476850,0,100,88,465.57
1782640476850,1,100,88,460.48
1782640476850,2,100,88,459.03
1782640476850,3,100,88,459.58
1782640476850,4,100,88,460.42
1782640476850,5,100,88,459.80
1782640476850,6,100,88,449.97
1782640476850,7,100,88,457.13
1782640477152,0,100,88,465.81
1782640477152,1,100,88,461.67
1782640477152,2,100,88,459.23
1782640477152,3,100,88,465.86
1782640477152,4,100,88,461.15
1782640477152,5,100,88,459.90
1782640477152,6,100,88,449.87
1782640477152,7,100,88,457.46
1782640477461,0,100,88,465.15
1782640477461,1,100,88,462.31
1782640477461,2,100,88,457.83
1782640477461,3,100,88,465.44
1782640477461,4,100,88,462.19
1782640477461,5,100,88,459.77
1782640477461,6,100,88,450.92
1782640477461,7,100,88,457.80
1782640477768,0,100,88,466.51
1782640477768,1,100,88,462.72
1782640477768,2,100,88,456.99
1782640477768,3,100,88,466.16
1782640477768,4,100,88,462.25
1782640477768,5,100,88,459.73
1782640477768,6,100,88,451.04
1782640477768,7,100,88,458.22
1782640478073,0,100,88,464.80
1782640478073,1,100,87,462.98
1782640478073,2,100,88,458.53
1782640478073,3,100,88,465.90
1782640478073,4,100,88,463.17
1782640478073,5,100,88,459.79
1782640478073,6,100,88,451.49
1782640478073,7,100,88,459.05
1782640478398,0,100,87,466.02
1782640478398,1,100,87,462.92
1782640478398,2,100,87,456.12
1782640478398,3,100,88,466.11
1782640478398,4,100,88,462.95
1782640478398,5,100,87,458.86
1782640478398,6,100,88,451.48
1782640478398,7,100,88,458.94
1782640478705,0,100,87,465.42
1782640478705,1,100,87,461.61
1782640478705,2,100,87,459.38
1782640478705,3,100,88,467.30
1782640478705,4,100,88,463.40
1782640478705,5,100,87,458.20
1782640478705,6,100,89,451.47
1782640478705,7,100,88,458.87
1782640479019,0,100,88,469.39
1782640479019,1,100,88,459.02
1782640479019,2,100,88,457.78
1782640479019,3,100,88,467.14
1782640479019,4,100,88,464.14
1782640479019,5,100,88,458.69
1782640479019,6,100,88,451.34
1782640479019,7,100,88,458.60
1782640479323,0,100,88,468.31
1782640479323,1,100,88,460.61
1782640479323,2,100,88,458.45
1782640479323,3,100,88,467.65
1782640479323,4,100,88,464.83
1782640479323,5,100,88,459.77
1782640479323,6,100,88,451.92
1782640479323,7,100,88,459.12
1782640479628,0,100,88,470.94
1782640479628,1,100,88,463.86
1782640479628,2,100,88,459.88
1782640479628,3,100,88,467.05
1782640479628,4,100,88,465.41
1782640479628,5,100,88,461.50
1782640479628,6,100,89,453.53
1782640479628,7,100,88,459.84
1782640479933,0,100,88,468.97
1782640479933,1,100,88,463.75
1782640479933,2,100,88,461.95
1782640479933,3,100,89,467.14
1782640479933,4,100,88,466.40
1782640479933,5,100,88,462.25
1782640479933,6,100,89,453.35
1782640479933,7,100,88,460.65
1782640480310,0,100,88,470.13
1782640480310,1,100,89,461.39
1782640480310,2,100,88,463.36
1782640480310,3,100,89,467.53
1782640480310,4,100,89,466.67
1782640480310,5,100,88,462.85
1782640480310,6,100,89,454.48
1782640480310,7,100,88,461.82
1782640480616,0,100,88,469.27
1782640480616,1,100,88,461.11
1782640480616,2,100,88,462.92
1782640480616,3,100,89,468.57
1782640480616,4,100,89,467.47
1782640480616,5,100,88,462.68
1782640480616,6,100,89,453.31
1782640480616,7,100,88,462.19
1782640480922,0,100,88,469.77
1782640480922,1,100,88,466.76
1782640480922,2,100,88,463.09
1782640480922,3,100,89,469.27
1782640480922,4,100,89,467.47
1782640480922,5,100,88,463.38
1782640480922,6,100,89,457.17
1782640480922,7,100,88,461.57
1782640481228,0,100,88,469.95
1782640481228,1,100,89,464.67
1782640481228,2,100,88,463.26
1782640481228,3,100,89,469.68
1782640481228,4,100,89,467.36
1782640481228,5,100,88,463.20
1782640481228,6,100,89,457.11
1782640481228,7,100,89,461.57
1782640481534,0,100,87,468.74
1782640481534,1,100,86,463.56
1782640481534,2,100,86,463.12
1782640481534,3,100,89,469.98
1782640481534,4,100,89,467.43
1782640481534,5,100,86,461.59
1782640481534,6,100,89,456.66
1782640481534,7,100,89,461.59
1782640481840,0,100,86,466.61
1782640481840,1,100,86,462.67
1782640481840,2,100,86,461.61
1782640481840,3,100,89,469.22
1782640481840,4,100,89,467.44
1782640481840,5,100,86,458.99
1782640481840,6,100,89,454.98
1782640481840,7,100,89,462.61
1782640482144,0,100,86,464.45
1782640482144,1,100,86,460.67
1782640482144,2,100,86,459.64
1782640482144,3,100,89,470.66
1782640482144,4,100,89,467.24
1782640482144,5,100,86,456.69
1782640482144,6,100,89,453.28
1782640482144,7,100,89,463.27
1782640482449,0,100,88,464.90
1782640482449,1,100,89,462.11
1782640482449,2,100,88,459.21
1782640482449,3,100,89,471.20
1782640482449,4,100,89,467.92
1782640482449,5,100,88,458.86
1782640482449,6,100,89,455.01
1782640482449,7,100,89,464.01
1782640482751,0,100,88,467.70
1782640482751,1,100,88,464.92
1782640482751,2,100,88,462.27
1782640482751,3,100,89,471.78
1782640482751,4,100,89,468.46
1782640482751,5,100,88,461.21
1782640482751,6,100,89,455.20
1782640482751,7,100,89,464.17
1782640483059,0,100,88,470.54
1782640483059,1,100,89,468.44
1782640483059,2,100,88,465.01
1782640483059,3,100,89,471.54
1782640483059,4,100,89,468.31
1782640483059,5,100,88,462.88
1782640483059,6,100,89,457.50
1782640483059,7,100,89,464.16
1782640483364,0,100,88,472.53
1782640483364,1,100,89,469.51
1782640483364,2,100,88,466.11
1782640483364,3,100,89,472.24
1782640483364,4,100,89,469.12
1782640483364,5,100,88,463.83
1782640483364,6,100,89,456.68
1782640483364,7,100,89,463.69
1782640483669,0,100,88,473.04
1782640483669,1,100,89,469.93
1782640483669,2,100,88,466.52
1782640483669,3,100,89,472.34
1782640483669,4,100,89,469.68
1782640483669,5,100,88,464.67
1782640483669,6,100,89,457.22
1782640483669,7,100,89,464.75
1782640483976,0,100,88,472.90
1782640483976,1,100,89,470.30
1782640483976,2,100,88,466.23
1782640483976,3,100,89,473.33
1782640483976,4,100,89,469.13
1782640483976,5,100,89,466.58
1782640483976,6,100,89,456.89
1782640483976,7,100,89,464.55
1782640484282,0,100,88,472.73
1782640484282,1,100,89,470.15
1782640484282,2,100,88,466.60
1782640484282,3,100,89,472.39
1782640484282,4,100,89,468.70
1782640484282,5,100,88,467.30
1782640484282,6,100,89,457.38
1782640484282,7,100,89,465.45
1782640484586,0,100,88,473.12
1782640484586,1,100,89,470.10
1782640484586,2,100,88,467.76
1782640484586,3,100,89,473.20
1782640484586,4,100,89,468.90
1782640484586,5,100,89,467.30
1782640484586,6,100,89,457.99
1782640484586,7,100,89,465.52
1782640484894,0,100,88,473.77
1782640484894,1,100,86,468.80
1782640484894,2,100,88,468.17
1782640484894,3,100,89,473.09
1782640484894,4,100,89,468.64
1782640484894,5,100,89,464.61
1782640484894,6,100,89,458.07
1782640484894,7,100,89,466.45
1782640485201,0,100,86,472.98
1782640485201,1,100,86,466.39
1782640485201,2,100,86,466.98
1782640485201,3,100,89,473.66
1782640485201,4,100,89,469.54
1782640485201,5,100,86,460.32
1782640485201,6,100,89,458.39
1782640485201,7,100,89,467.02
1782640485505,0,100,86,470.50
1782640485505,1,100,86,463.74
1782640485505,2,100,86,464.10
1782640485505,3,100,89,473.76
1782640485505,4,100,89,471.34
1782640485505,5,100,86,458.83
1782640485505,6,100,89,458.73
1782640485505,7,100,89,466.96
1782640485812,0,100,86,468.49
1782640485812,1,100,86,462.40
1782640485812,2,100,86,461.18
1782640485812,3,100,89,474.87
1782640485812,4,100,89,473.29
1782640485812,5,100,86,458.42
1782640485812,6,100,89,459.56
1782640485812,7,100,89,467.49
1782640486191,0,100,86,467.07
1782640486191,1,100,86,462.54
1782640486191,2,100,86,460.62
1782640486191,3,100,89,474.88
1782640486191,4,100,89,474.17
1782640486191,5,100,86,459.97
1782640486191,6,100,89,459.81
1782640486191,7,100,89,465.22
1782640486496,0,100,86,466.91
1782640486496,1,100,86,462.29
1782640486496,2,100,86,460.57
1782640486496,3,100,89,475.29
1782640486496,4,100,89,472.27
1782640486496,5,100,86,458.64
1782640486496,6,100,89,460.27
1782640486496,7,100,89,466.07
1782640486800,0,100,89,469.76
1782640486800,1,100,89,464.53
1782640486800,2,100,88,462.45
1782640486800,3,100,89,475.85
1782640486800,4,100,89,471.99
1782640486800,5,100,89,461.52
1782640486800,6,100,89,460.59
1782640486800,7,100,89,466.42
1782640487106,0,100,89,472.76
1782640487106,1,100,89,468.93
1782640487106,2,100,89,465.12
1782640487106,3,100,89,476.54
1782640487106,4,100,89,472.33
1782640487106,5,100,89,465.39
1782640487106,6,100,89,460.26
1782640487106,7,100,89,470.62
1782640487411,0,100,89,475.79
1782640487411,1,100,89,472.00
1782640487411,2,100,89,468.02
1782640487411,3,100,89,476.88
1782640487411,4,100,89,473.02
1782640487411,5,100,89,469.12
1782640487411,6,100,89,460.33
1782640487411,7,100,89,470.74
1782640487718,0,100,89,476.30
1782640487718,1,100,89,472.72
1782640487718,2,100,88,469.90
1782640487718,3,100,89,477.48
1782640487718,4,100,89,473.95
1782640487718,5,100,89,469.31
1782640487718,6,100,89,460.86
1782640487718,7,100,89,471.06
1782640488023,0,100,89,476.39
1782640488023,1,100,89,472.80
1782640488023,2,100,89,470.54
1782640488023,3,100,89,478.35
1782640488023,4,100,89,474.10
1782640488023,5,100,89,469.96
1782640488023,6,100,89,461.06
1782640488023,7,100,89,470.01
1782640488326,0,100,89,465.79
1782640488326,1,81,72,432.04
1782640488326,2,100,89,471.05
1782640488326,3,100,89,478.28
1782640488326,4,100,89,473.32
1782640488326,5,100,89,454.84
1782640488326,6,100,89,447.85
1782640488326,7,100,89,469.58
1782640488597,0,11,10,399.83
1782640488597,1,0,0,366.89
1782640488597,2,0,0,394.30
1782640488597,3,0,0,403.36
1782640488597,4,0,0,414.46
1782640488597,5,0,0,355.13
1782640488597,6,0,0,381.94
1782640488597,7,22,19,401.63
1782640488827,0,0,0,332.90
1782640488827,1,0,0,296.24
1782640488827,2,0,0,330.14
1782640488827,3,0,0,332.01
1782640488827,4,0,0,343.43
1782640488827,5,0,0,287.90
1782640488827,6,0,0,315.34
1782640488827,7,0,0,333.71
1782640489055,0,0,0,231.61
1782640489055,1,0,0,227.62
1782640489055,2,0,0,260.01
1782640489055,3,0,0,261.68
1782640489055,4,0,0,239.19
1782640489055,5,0,0,215.08
1782640489055,6,0,0,248.13
1782640489055,7,0,0,265.94
1782640489283,0,0,0,163.90
1782640489283,1,0,0,133.17
1782640489283,2,0,0,198.09
1782640489283,3,0,0,155.96
1782640489283,4,0,0,175.83
1782640489283,5,0,0,152.28
1782640489283,6,0,0,141.57
1782640489283,7,0,0,158.19
1782640489511,0,0,0,133.75
1782640489511,1,0,0,130.88
1782640489511,2,0,0,134.71
1782640489511,3,0,0,127.24
1782640489511,4,0,0,127.03
1782640489511,5,0,0,125.09
1782640489511,6,0,0,120.80
1782640489511,7,0,0,124.16
1782640489739,0,0,0,133.09
1782640489739,1,0,0,130.43
1782640489739,2,20,3,134.29
1782640489739,3,0,0,126.48
1782640489739,4,14,2,126.50
1782640489739,5,10,1,125.53
1782640489739,6,0,0,120.76
1782640489739,7,0,0,123.68
1782640490116,0,47,7,135.64
1782640490116,1,31,5,132.66
1782640490116,2,50,8,136.33
1782640490116,3,14,2,128.32
1782640490116,4,49,7,128.77
1782640490116,5,48,7,127.39
1782640490116,6,12,2,122.94
1782640490116,7,33,5,125.74
1782640490345,0,0,0,135.39
1782640490345,1,0,0,132.43
1782640490345,2,0,0,136.24
1782640490345,3,4,1,128.03
1782640490345,4,0,0,128.76
1782640490345,5,0,0,127.30
1782640490345,6,2,0,122.84
1782640490345,7,0,0,125.64
1782640490572,0,0,0,135.27
1782640490572,1,0,0,132.25
1782640490572,2,0,0,136.08
1782640490572,3,0,0,127.78
1782640490572,4,0,0,128.73
1782640490572,5,0,0,127.21
1782640490572,6,0,0,122.66
1782640490572,7,0,0,125.44
1782640490799,0,0,0,135.01
1782640490799,1,0,0,131.82
1782640490799,2,0,0,135.21
1782640490799,3,0,0,127.10
1782640490799,4,0,0,128.48
1782640490799,5,0,0,126.33
1782640490799,6,0,0,122.13
1782640490799,7,0,0,124.86
1782640491090,0,100,1,132.58
1782640491090,1,87,1,129.57
1782640491090,2,100,1,133.37
1782640491090,3,98,1,125.17
1782640491090,4,100,1,126.47
1782640491090,5,100,1,124.84
1782640491090,6,100,1,120.09
1782640491090,7,100,1,123.14
1782640491328,0,0,0,132.50
1782640491328,1,0,0,129.45
1782640491328,2,0,0,133.24
1782640491328,3,18,0,125.06
1782640491328,4,0,0,126.31
1782640491328,5,5,0,124.75
1782640491328,6,69,1,120.01
1782640491328,7,0,0,123.07
1782640491559,0,0,0,132.76
1782640491559,1,0,0,129.68
1782640491559,2,14,0,133.45
1782640491559,3,14,0,125.39
1782640491559,4,47,0,126.62
1782640491559,5,1,0,125.17
1782640491559,6,98,0,120.52
1782640491559,7,4,0,123.35
1782640491917,0,35,3,137.53
1782640491917,1,20,2,132.58
1782640491917,2,34,3,137.00
1782640491917,3,0,0,129.25
1782640491917,4,7,1,131.02
1782640491917,5,0,0,128.38
1782640491917,6,0,0,123.61
1782640491917,7,4,2,126.94
1782640492186,0,4,1,141.57
1782640492186,1,2,1,139.01
1782640492186,2,10,4,147.11
1782640492186,3,4,1,136.12
1782640492186,4,8,3,136.26
1782640492186,5,6,2,139.10
1782640492186,6,3,1,133.57
1782640492186,7,2,1,137.27
1782640492483,0,98,47,276.59
1782640492483,1,98,46,287.19
1782640492483,2,98,48,307.63
1782640492483,3,85,40,292.65
1782640492483,4,98,47,288.41
1782640492483,5,98,49,315.90
1782640492483,6,81,39,291.52
1782640492483,7,98,46,300.45
1782640492742,0,98,47,432.30
1782640492742,1,98,46,429.86
1782640492742,2,5,3,425.47
1782640492742,3,83,40,425.62
1782640492742,4,36,18,427.36
1782640492742,5,56,28,429.83
1782640492742,6,88,42,416.97
1782640492742,7,98,47,422.95
1782640493069,0,0,0,446.88
1782640493069,1,0,0,444.08
1782640493069,2,0,0,442.30
1782640493069,3,30,12,441.42
1782640493069,4,30,12,442.38
1782640493069,5,8,4,447.14
1782640493069,6,29,12,425.64
1782640493069,7,0,0,439.39
1782640493310,0,0,0,431.15
1782640493310,1,0,0,418.84
1782640493310,2,0,0,397.49
1782640493310,3,0,0,409.87
1782640493310,4,0,0,413.56
1782640493310,5,0,0,394.27
1782640493310,6,0,0,381.92
1782640493310,7,0,0,395.15
1782640493550,0,0,0,257.46
1782640493550,1,0,0,300.40
1782640493550,2,0,0,282.10
1782640493550,3,0,0,288.46
1782640493550,4,0,0,233.93
1782640493550,5,0,0,271.45
1782640493550,6,0,0,271.04
1782640493550,7,0,0,277.63
1782640493797,0,0,0,151.19
1782640493797,1,2,2,148.96
1782640493797,2,0,0,152.29
1782640493797,3,2,2,145.21
1782640493797,4,0,0,144.26
1782640493797,5,0,0,143.23
1782640493797,6,2,2,138.46
1782640493797,7,2,2,143.19
1782640494037,0,0,0,130.41
1782640494037,1,0,0,128.72
1782640494037,2,0,0,132.41
1782640494037,3,0,0,125.29
1782640494037,4,0,0,123.75
1782640494037,5,0,0,123.15
1782640494037,6,0,0,118.84
1782640494037,7,0,0,122.42
1782640494277,0,0,0,130.17
1782640494277,1,0,0,128.41
1782640494277,2,0,0,132.43
1782640494277,3,0,0,124.73
1782640494277,4,0,0,123.58
1782640494277,5,0,0,123.29
1782640494277,6,0,0,118.69
1782640494277,7,0,0,122.29
1782640494517,0,0,0,129.98
1782640494517,1,0,0,128.16
1782640494517,2,0,0,132.32
1782640494517,3,0,0,124.48
1782640494517,4,0,0,123.54
1782640494517,5,0,0,123.22
1782640494517,6,0,0,118.55
1782640494517,7,0,0,122.17
1782640494757,0,0,0,129.07
1782640494757,1,0,0,127.06
1782640494757,2,0,0,131.30
1782640494757,3,0,0,122.97
1782640494757,4,0,0,123.13
1782640494757,5,0,0,122.51
1782640494757,6,0,0,117.64
1782640494757,7,0,0,121.30
1782640494999,0,0,0,131.14
1782640494999,1,0,0,134.90
1782640494999,2,92,7,139.15
1782640494999,3,14,8,131.72
1782640494999,4,92,3,132.09
1782640494999,5,77,8,134.76
1782640494999,6,46,8,123.78
1782640494999,7,11,8,128.39
1782640495246,0,98,47,291.79
1782640495246,1,98,47,291.74
1782640495246,2,98,48,256.55
1782640495246,3,98,47,253.62
1782640495246,4,98,41,274.09
1782640495246,5,98,40,242.69
1782640495246,6,95,38,267.14
1782640495246,7,97,36,269.20
1782640495509,0,97,46,409.15
1782640495509,1,98,46,406.65
1782640495509,2,97,47,433.88
1782640495509,3,98,47,430.48
1782640495509,4,98,41,382.70
1782640495509,5,98,39,398.00
1782640495509,6,98,37,371.04
1782640495509,7,98,36,372.18
1782640495774,0,96,18,446.95
1782640495774,1,100,1,449.94
1782640495774,2,100,1,450.14
1782640495774,3,100,1,447.22
1782640495774,4,100,1,415.42
1782640495774,5,100,1,404.86
1782640495774,6,100,1,380.18
1782640495774,7,100,1,382.03
1782640496083,0,3,0,132.08
1782640496083,1,2,0,131.07
1782640496083,2,2,0,132.83
1782640496083,3,3,0,125.67
1782640496083,4,3,0,125.07
1782640496083,5,3,0,123.76
1782640496083,6,3,0,118.65
1782640496083,7,1,0,122.53
1782640496982,0,100,0,129.24
1782640496982,1,0,0,127.69
1782640496982,2,100,0,131.55
1782640496982,3,100,0,123.62
1782640496982,4,100,0,123.43
1782640496982,5,100,0,122.79
1782640496982,6,57,0,118.06
1782640496982,7,91,0,121.72
1782640498140,0,0,0,129.18
1782640498140,1,0,0,127.64
1782640498140,2,61,0,131.42
1782640498140,3,0,0,123.30
1782640498140,4,56,1,123.57
1782640498140,5,2,0,122.62
1782640498140,6,0,0,117.77
1782640498140,7,0,0,121.50
1782640498477,0,99,1,129.64
1782640498477,1,37,0,128.03
1782640498477,2,100,1,131.77
1782640498477,3,100,1,123.62
1782640498477,4,53,0,123.79
1782640498477,5,83,1,123.01
1782640498477,6,100,1,118.18
1782640498477,7,35,0,121.88
1782640498713,0,0,0,129.53
1782640498713,1,0,0,127.94
1782640498713,2,0,0,131.45
1782640498713,3,0,0,123.33
1782640498713,4,0,0,123.73
1782640498713,5,0,0,122.84
1782640498713,6,0,0,118.08
1782640498713,7,0,0,121.60
1782640498945,0,0,0,129.43
1782640498945,1,0,0,127.79
1782640498945,2,0,0,131.31
1782640498945,3,0,0,124.12
1782640498945,4,2,0,123.65
1782640498945,5,0,0,122.73
1782640498945,6,0,0,118.83
1782640498945,7,0,0,122.69
1782640499253,0,75,35,214.90
1782640499253,1,81,39,219.06
1782640499253,2,20,5,187.41
1782640499253,3,12,5,234.06
1782640499253,4,46,18,199.14
1782640499253,5,32,11,174.51
1782640499253,6,19,5,204.40
1782640499253,7,83,30,207.74
1782640499539,0,88,40,382.28
1782640499539,1,98,46,378.07
1782640499539,2,86,41,345.17
1782640499539,3,87,41,349.55
1782640499539,4,83,35,338.56
1782640499539,5,82,34,300.42
1782640499539,6,85,33,343.61
1782640499539,7,98,38,341.73
1782640499836,0,82,39,460.15
1782640499836,1,80,34,434.73
1782640499836,2,31,14,447.92
1782640499836,3,31,15,432.67
1782640499836,4,0,0,404.04
1782640499836,5,4,2,376.70
1782640499836,6,29,13,373.93
1782640499836,7,61,22,381.98
1782640500091,0,2,0,451.90
1782640500091,1,0,0,451.61
1782640500091,2,0,0,442.85
1782640500091,3,28,12,442.38
1782640500091,4,0,0,398.56
1782640500091,5,2,0,368.71
1782640500091,6,2,0,372.34
1782640500091,7,0,0,375.93
1782640500361,0,0,0,273.62
1782640500361,1,7,8,257.08
1782640500361,2,0,0,242.93
1782640500361,3,0,0,239.40
1782640500361,4,0,0,240.02
1782640500361,5,0,0,210.49
1782640500361,6,0,0,206.17
1782640500361,7,0,0,213.04
1782640500768,0,0,0,156.38
1782640500768,1,0,0,156.63
1782640500768,2,0,0,137.40
1782640500768,3,0,0,150.64
1782640500768,4,0,0,147.22
1782640500768,5,0,0,131.67
1782640500768,6,3,3,123.50
1782640500768,7,3,3,130.46
1782640501087,0,86,40,187.46
1782640501087,1,57,30,184.09
1782640501087,2,82,38,189.38
1782640501087,3,0,0,183.96
1782640501087,4,100,14,169.51
1782640501087,5,100,5,181.88
1782640501087,6,100,0,162.68
1782640501087,7,57,13,176.73
1782640501400,0,99,55,325.39
1782640501400,1,99,55,313.93
1782640501400,2,99,56,333.38
1782640501400,3,99,54,329.54
1782640501400,4,99,49,293.28
1782640501400,5,99,47,303.65
1782640501400,6,99,45,276.12
1782640501400,7,99,43,295.42
1782640501692,0,99,52,473.80
1782640501692,1,99,54,446.76
1782640501692,2,99,53,470.02
1782640501692,3,99,54,464.94
1782640501692,4,99,48,418.29
1782640501692,5,94,44,428.15
1782640501692,6,87,43,383.44
1782640501692,7,99,45,409.28
1782640502004,0,99,55,607.91
1782640502004,1,99,55,597.60
1782640502004,2,99,55,604.80
1782640502004,3,99,55,611.54
1782640502004,4,99,48,551.27
1782640502004,5,99,46,539.94
1782640502004,6,99,45,504.52
1782640502004,7,99,44,520.44
1782640502358,0,57,32,574.71
1782640502358,1,2,2,559.13
1782640502358,2,59,33,532.78
1782640502358,3,99,54,546.01
1782640502358,4,90,43,510.90
1782640502358,5,99,46,476.15
1782640502358,6,98,44,448.57
1782640502358,7,2,2,460.49
1782640502772,0,0,0,436.55
1782640502772,1,15,8,428.76
1782640502772,2,41,36,413.21
1782640502772,3,25,16,413.42
1782640502772,4,30,27,392.34
1782640502772,5,47,30,370.36
1782640502772,6,24,12,351.66
1782640502772,7,18,11,355.53
1782640503073,0,98,47,416.33
1782640503073,1,98,46,414.74
1782640503073,2,98,48,420.68
1782640503073,3,79,31,421.35
1782640503073,4,98,48,400.52
1782640503073,5,93,45,395.48
1782640503073,6,74,29,374.55
1782640503073,7,97,46,382.97
1782640503358,0,98,47,455.30
1782640503358,1,98,46,450.48
1782640503358,2,90,49,455.53
1782640503358,3,98,47,459.40
1782640503358,4,98,45,459.11
1782640503358,5,98,47,464.26
1782640503358,6,98,48,442.27
1782640503358,7,98,47,454.11
1782640503698,0,0,0,446.61
1782640503698,1,0,0,441.18
1782640503698,2,0,0,442.72
1782640503698,3,3,4,419.70
1782640503698,4,0,0,442.87
1782640503698,5,0,0,422.94
1782640503698,6,1,2,417.56
1782640503698,7,0,0,420.79
1782640504206,0,0,0,308.47
1782640504206,1,12,7,308.38
1782640504206,2,100,26,304.45
1782640504206,3,71,29,299.83
1782640504206,4,57,29,286.64
1782640504206,5,27,15,290.74
1782640504206,6,4,4,278.58
1782640504206,7,4,4,286.17
1782640504505,0,99,55,305.54
1782640504505,1,99,55,298.92
1782640504505,2,99,55,316.47
1782640504505,3,99,52,315.00
1782640504505,4,99,55,297.30
1782640504505,5,99,55,322.03
1782640504505,6,99,54,293.23
1782640504505,7,99,55,311.73
1782640504809,0,99,57,449.05
1782640504809,1,99,55,439.87
1782640504809,2,99,55,466.95
1782640504809,3,99,56,467.00
1782640504809,4,99,55,497.32
1782640504809,5,99,55,472.18
1782640504809,6,99,56,434.21
1782640504809,7,99,56,463.30
1782640505113,0,99,55,581.44
1782640505113,1,99,54,578.38
1782640505113,2,99,55,582.79
1782640505113,3,99,54,584.75
1782640505113,4,99,54,613.96
1782640505113,5,99,54,622.38
1782640505113,6,99,56,579.22
1782640505113,7,99,55,608.71
1782640505411,0,99,54,629.19
1782640505411,1,99,54,614.38
1782640505411,2,99,57,613.04
1782640505411,3,99,55,614.85
1782640505411,4,99,55,619.40
1782640505411,5,99,56,625.48
1782640505411,6,99,55,600.08
1782640505411,7,99,54,605.88
1782640505733,0,55,46,505.92
1782640505733,1,92,34,494.82
1782640505733,2,52,45,521.48
1782640505733,3,71,39,476.61
1782640505733,4,100,1,494.83
1782640505733,5,86,32,531.44
1782640505733,6,100,1,475.93
1782640505733,7,95,21,476.25
1782640506042,0,7,1,363.90
1782640506042,1,4,1,356.93
1782640506042,2,7,1,338.37
1782640506042,3,55,1,341.44
1782640506042,4,5,1,305.17
1782640506042,5,31,1,337.55
1782640506042,6,62,1,283.89
1782640506042,7,4,1,282.80
1782640506431,0,6,1,161.76
1782640506431,1,5,1,157.43
1782640506431,2,6,1,153.72
1782640506431,3,5,1,146.63
1782640506431,4,6,1,160.98
1782640506431,5,7,1,143.68
1782640506431,6,4,1,138.64
1782640506431,7,4,1,142.94
1782640506818,0,5,1,131.99
1782640506818,1,4,1,130.12
1782640506818,2,5,1,134.36
1782640506818,3,6,1,127.03
1782640506818,4,7,1,125.44
1782640506818,5,7,1,124.49
1782640506818,6,6,1,119.87
1782640506818,7,5,1,123.24
1782640507177,0,2,0,131.40
1782640507177,1,5,1,129.31
1782640507177,2,4,1,133.94
1782640507177,3,7,1,126.28
1782640507177,4,5,1,125.12
1782640507177,5,6,1,124.25
1782640507177,6,8,1,119.79
1782640507177,7,5,1,123.07
1782640507525,0,5,1,131.14
1782640507525,1,7,1,128.85
1782640507525,2,5,1,133.53
1782640507525,3,5,1,125.97
1782640507525,4,5,1,124.89
1782640507525,5,4,1,124.15
1782640507525,6,5,1,119.66
1782640507525,7,6,1,122.86
1782640507860,0,7,1,131.07
1782640507860,1,5,1,128.88
1782640507860,2,7,1,133.28
1782640507860,3,4,1,125.85
1782640507860,4,6,1,124.84
1782640507860,5,5,1,124.00
1782640507860,6,4,1,119.41
1782640507860,7,4,1,122.62
1782640508184,0,4,1,130.69
1782640508184,1,0,0,128.47
1782640508184,2,5,1,133.13
1782640508184,3,0,0,125.33
1782640508184,4,0,0,124.59
1782640508184,5,6,1,123.84
1782640508184,6,0,0,118.82
1782640508184,7,5,1,122.47
1782640508418,0,0,0,130.51
1782640508418,1,0,0,128.23
1782640508418,2,36,0,132.82
1782640508418,3,8,0,125.00
1782640508418,4,22,0,124.33
1782640508418,5,0,0,123.57
1782640508418,6,2,0,118.57
1782640508418,7,0,0,122.24
1782640508660,0,0,0,129.99
1782640508660,1,1,0,127.72
1782640508660,2,0,0,132.36
1782640508660,3,0,0,124.43
1782640508660,4,0,0,123.89
1782640508660,5,0,0,123.05
1782640508660,6,0,0,118.07
1782640508660,7,0,0,121.88
1782640508974,0,39,0,129.63
1782640508974,1,15,0,127.34
1782640508974,2,9,0,132.03
1782640508974,3,9,0,124.05
1782640508974,4,10,0,123.53
1782640508974,5,9,0,122.70
1782640508974,6,9,0,117.73
1782640508974,7,9,0,121.50
1782640509240,0,16,0,129.73
1782640509240,1,16,0,127.39
1782640509240,2,9,0,132.07
1782640509240,3,9,0,124.05
1782640509240,4,14,0,123.64
1782640509240,5,21,0,122.72
1782640509240,6,9,0,117.84
1782640509240,7,9,0,121.37
1782640509503,0,18,0,129.69
1782640509503,1,12,0,127.28
1782640509503,2,10,0,132.00
1782640509503,3,9,0,123.99
1782640509503,4,9,0,123.58
1782640509503,5,9,0,122.68
1782640509503,6,9,0,117.95
1782640509503,7,6,0,121.26
1782640509834,0,15,0,129.60
1782640509834,1,10,0,127.22
1782640509834,2,9,0,131.99
1782640509834,3,12,0,123.86
1782640509834,4,10,0,123.56
1782640509834,5,10,0,122.64
1782640509834,6,9,0,117.89
1782640509834,7,9,0,121.09
1782640510098,0,14,0,129.54
1782640510098,1,10,0,127.09
1782640510098,2,13,0,131.85
1782640510098,3,10,0,123.84
1782640510098,4,9,0,123.46
1782640510098,5,9,0,122.62
1782640510098,6,9,0,117.88
1782640510098,7,10,0,120.94
1782640510364,0,14,0,129.42
1782640510364,1,9,0,127.05
1782640510364,2,9,0,131.86
1782640510364,3,9,0,123.80
1782640510364,4,9,0,123.42
1782640510364,5,9,0,122.57
1782640510364,6,16,0,117.86
1782640510364,7,17,0,120.71
1782640510625,0,11,0,129.35
1782640510625,1,15,0,127.01
1782640510625,2,9,0,131.78
1782640510625,3,12,0,123.73
1782640510625,4,9,0,123.41
1782640510625,5,9,0,122.59
1782640510625,6,16,0,117.82
1782640510625,7,16,0,120.65
1782640510892,0,16,0,129.34
1782640510892,1,15,0,126.95
1782640510892,2,13,0,131.69
1782640510892,3,9,0,123.72
1782640510892,4,9,0,123.34
1782640510892,5,13,0,122.57
1782640510892,6,9,0,117.75
1782640510892,7,13,0,120.61
1782640511153,0,13,0,129.25
1782640511153,1,13,0,126.89
1782640511153,2,17,0,131.66
1782640511153,3,11,0,123.70
1782640511153,4,9,0,123.29
1782640511153,5,9,0,122.51
1782640511153,6,13,0,117.69
1782640511153,7,14,0,120.54
1782640511425,0,9,0,129.31
1782640511425,1,9,0,126.79
1782640511425,2,0,0,131.56
1782640511425,3,10,0,123.66
1782640511425,4,9,0,123.35
1782640511425,5,13,0,122.44
1782640511425,6,17,0,117.77
1782640511425,7,13,1,120.73
1782640511738,0,8,1,129.73
1782640511738,1,12,2,127.24
1782640511738,2,7,1,132.12
1782640511738,3,9,1,124.31
1782640511738,4,9,1,124.08
1782640511738,5,9,1,123.44
1782640511738,6,9,1,118.22
1782640511738,7,13,2,121.49
1782640512089,0,100,1,130.38
1782640512089,1,95,1,128.09
1782640512089,2,100,1,133.59
1782640512089,3,81,1,125.59
1782640512089,4,100,1,124.92
1782640512089,5,100,1,127.39
1782640512089,6,84,1,119.36
1782640512089,7,100,1,122.62
1782640512370,0,46,16,157.45
1782640512370,1,60,27,155.41
1782640512370,2,85,11,160.92
1782640512370,3,72,29,153.02
1782640512370,4,50,22,151.94
1782640512370,5,51,24,152.87
1782640512370,6,70,32,144.95
1782640512370,7,55,29,150.89
1782640512641,0,100,1,158.18
1782640512641,1,64,2,157.78
1782640512641,2,100,1,162.52
1782640512641,3,100,1,154.04
1782640512641,4,100,1,153.49
1782640512641,5,100,1,154.18
1782640512641,6,100,1,145.77
1782640512641,7,60,4,152.34
1782640513006,0,5,1,158.87
1782640513006,1,5,1,158.80
1782640513006,2,5,1,161.60
1782640513006,3,6,1,153.10
1782640513006,4,7,1,153.52
1782640513006,5,8,1,153.67
1782640513006,6,6,1,145.37
1782640513006,7,5,1,151.34
1782640513307,0,88,44,174.17
1782640513307,1,64,32,168.87
1782640513307,2,90,44,171.23
1782640513307,3,41,21,163.19
1782640513307,4,89,41,165.32
1782640513307,5,91,33,161.93
1782640513307,6,42,20,158.16
1782640513307,7,48,25,161.44
1782640513539,0,0,0,161.69
1782640513539,1,0,0,157.26
1782640513539,2,0,0,162.39
1782640513539,3,14,9,155.93
1782640513539,4,0,0,154.82
1782640513539,5,0,0,156.24
1782640513539,6,20,11,149.38
1782640513539,7,0,0,152.77
1782640513774,0,0,0,160.24
1782640513774,1,0,0,156.33
1782640513774,2,25,4,162.30
1782640513774,3,0,0,155.17
1782640513774,4,25,4,154.92
1782640513774,5,0,0,156.20
1782640513774,6,23,3,148.71
1782640513774,7,0,0,151.93
1782640514046,0,13,2,161.20
1782640514046,1,9,1,156.91
1782640514046,2,0,0,162.01
1782640514046,3,20,3,155.62
1782640514046,4,0,0,154.51
1782640514046,5,3,0,155.38
1782640514046,6,0,0,148.43
1782640514046,7,0,0,151.75
1782640514279,0,0,0,129.94
1782640514279,1,0,0,128.37
1782640514279,2,0,0,142.26
1782640514279,3,0,0,123.92
1782640514279,4,58,9,126.27
1782640514279,5,0,0,129.46
1782640514279,6,0,0,117.50
1782640514279,7,0,0,120.75
1782640514515,0,34,5,130.95
1782640514515,1,33,5,127.88
1782640514515,2,21,3,133.29
1782640514515,3,0,0,124.71
1782640514515,4,0,0,125.20
1782640514515,5,0,0,124.56
1782640514515,6,0,0,119.03
1782640514515,7,57,9,122.37
1782640514772,0,0,0,161.27
1782640514772,1,1,1,160.32
1782640514772,2,100,87,170.70
1782640514772,3,48,41,165.98
1782640514772,4,92,80,154.85
1782640514772,5,74,64,172.93
1782640514772,6,42,36,156.09
1782640514772,7,8,7,162.32
1782640515079,0,100,87,257.01
1782640515079,1,100,87,252.29
1782640515079,2,100,87,263.00
1782640515079,3,100,87,262.66
1782640515079,4,100,87,249.52
1782640515079,5,100,87,271.38
1782640515079,6,100,87,248.65
1782640515079,7,100,87,256.44
1782640515387,0,100,87,385.34
1782640515387,1,100,87,378.87
1782640515387,2,100,87,359.98
1782640515387,3,100,87,386.77
1782640515387,4,100,87,379.77
1782640515387,5,100,87,399.53
1782640515387,6,100,87,371.81
1782640515387,7,100,87,386.92
1782640515761,0,100,87,452.48
1782640515761,1,100,87,447.43
1782640515761,2,100,87,449.19
1782640515761,3,100,87,448.31
1782640515761,4,100,87,445.44
1782640515761,5,100,87,447.17
1782640515761,6,100,87,436.14
1782640515761,7,100,87,444.83
1782640516069,0,100,87,453.48
1782640516069,1,100,87,449.40
1782640516069,2,100,87,450.43
1782640516069,3,100,87,449.30
1782640516069,4,100,87,446.45
1782640516069,5,100,87,448.38
1782640516069,6,100,87,434.49
1782640516069,7,100,87,444.88
1782640516376,0,100,87,454.46
1782640516376,1,100,87,449.40
1782640516376,2,100,87,450.66
1782640516376,3,100,87,449.32
1782640516376,4,100,87,447.99
1782640516376,5,100,87,448.98
1782640516376,6,100,87,434.44
1782640516376,7,100,87,447.13
1782640516685,0,100,87,455.07
1782640516685,1,100,87,449.86
1782640516685,2,100,87,450.60
1782640516685,3,100,87,451.03
1782640516685,4,100,87,448.15
1782640516685,5,100,87,449.40
1782640516685,6,100,87,434.41
1782640516685,7,100,87,445.61
1782640516992,0,100,87,455.46
1782640516992,1,100,87,451.12
1782640516992,2,100,87,451.08
1782640516992,3,100,87,451.90
1782640516992,4,100,87,449.77
1782640516992,5,100,87,449.32
1782640516992,6,100,87,436.64
1782640516992,7,100,87,445.75
1782640517303,0,100,87,455.67
1782640517303,1,100,88,451.73
1782640517303,2,100,86,451.16
1782640517303,3,100,87,452.00
1782640517303,4,100,87,449.65
1782640517303,5,100,87,448.82
1782640517303,6,100,86,438.47
1782640517303,7,100,87,446.26
1782640517607,0,100,87,456.92
1782640517607,1,100,88,452.54
1782640517607,2,100,86,450.85
1782640517607,3,100,87,450.94
1782640517607,4,100,86,450.55
1782640517607,5,100,87,448.60
1782640517607,6,100,86,437.13
1782640517607,7,100,86,444.88
1782640517910,0,100,87,457.62
1782640517910,1,100,87,453.22
1782640517910,2,100,87,451.33
1782640517910,3,100,87,450.86
1782640517910,4,100,87,449.60
1782640517910,5,100,87,447.28
1782640517910,6,100,86,436.47
1782640517910,7,100,87,446.77
1782640518217,0,100,87,458.61
1782640518217,1,100,87,454.24
1782640518217,2,100,87,450.75
1782640518217,3,100,87,452.07
1782640518217,4,100,87,450.16
1782640518217,5,100,87,447.04
1782640518217,6,100,87,437.98
1782640518217,7,100,87,441.46
1782640518522,0,100,87,458.89
1782640518522,1,100,87,454.06
1782640518522,2,100,87,450.91
1782640518522,3,100,87,453.10
1782640518522,4,100,87,450.74
1782640518522,5,100,87,447.73
1782640518522,6,100,87,439.58
1782640518522,7,100,87,440.73
1782640518827,0,100,87,459.84
1782640518827,1,100,88,454.23
1782640518827,2,100,87,450.51
1782640518827,3,100,88,453.73
1782640518827,4,100,87,452.33
1782640518827,5,100,87,446.83
1782640518827,6,100,87,440.62
1782640518827,7,100,87,442.88
1782640519134,0,100,87,461.00
1782640519134,1,100,87,454.03
1782640519134,2,100,87,449.80
1782640519134,3,100,87,454.60
1782640519134,4,100,87,452.02
1782640519134,5,100,87,446.11
1782640519134,6,100,87,441.59
1782640519134,7,100,87,447.71
1782640519442,0,100,87,461.28
1782640519442,1,100,88,454.68
1782640519442,2,100,87,453.31
1782640519442,3,100,88,455.85
1782640519442,4,100,87,452.68
1782640519442,5,100,87,447.43
1782640519442,6,100,87,442.24
1782640519442,7,100,87,450.13
1782640519751,0,100,87,462.08
1782640519751,1,100,88,454.79
1782640519751,2,100,87,455.61
1782640519751,3,100,88,457.02
1782640519751,4,100,87,453.36
1782640519751,5,100,87,451.15
1782640519751,6,100,87,442.55
1782640519751,7,100,87,449.31
1782640520057,0,100,87,462.50
1782640520057,1,100,88,454.83
1782640520057,2,100,87,457.71
1782640520057,3,100,87,457.10
1782640520057,4,100,87,454.24
1782640520057,5,100,87,452.90
1782640520057,6,100,87,442.58
1782640520057,7,100,87,448.72
1782640520362,0,100,87,461.18
1782640520362,1,100,88,455.22
1782640520362,2,100,87,460.85
1782640520362,3,100,87,455.79
1782640520362,4,100,87,454.76
1782640520362,5,100,87,452.85
1782640520362,6,100,87,442.17
1782640520362,7,100,87,447.91
1782640520670,0,100,87,459.15
1782640520670,1,100,88,454.94
1782640520670,2,100,87,461.78
1782640520670,3,100,87,455.93
1782640520670,4,100,87,453.72
1782640520670,5,100,87,452.39
1782640520670,6,100,87,441.55
1782640520670,7,100,87,448.01
1782640520975,0,100,87,460.20
1782640520975,1,100,88,456.25
1782640520975,2,100,87,461.50
1782640520975,3,100,87,456.27
1782640520975,4,100,87,453.87
1782640520975,5,100,87,451.77
1782640520975,6,100,87,442.19
1782640520975,7,100,87,447.93
1782640521376,0,100,87,459.54
1782640521376,1,100,88,456.90
1782640521376,2,100,87,457.03
1782640521376,3,100,87,457.75
1782640521376,4,100,87,454.67
1782640521376,5,100,87,451.91
1782640521376,6,100,87,443.96
1782640521376,7,100,87,448.53
1782640521687,0,100,87,459.94
1782640521687,1,100,88,457.65
1782640521687,2,100,87,457.17
1782640521687,3,100,87,458.90
1782640521687,4,100,87,455.16
1782640521687,5,100,87,452.53
1782640521687,6,100,87,444.37
1782640521687,7,100,88,449.24
1782640521995,0,100,87,459.24
1782640521995,1,100,88,455.02
1782640521995,2,100,87,457.83
1782640521995,3,100,88,458.39
1782640521995,4,100,87,455.86
1782640521995,5,100,88,453.61
1782640521995,6,100,88,444.92
1782640521995,7,100,87,449.66
1782640522302,0,100,87,462.33
1782640522302,1,100,88,454.85
1782640522302,2,100,87,458.69
1782640522302,3,100,87,458.86
1782640522302,4,100,87,456.52
1782640522302,5,100,87,453.88
1782640522302,6,100,87,443.45
1782640522302,7,100,88,450.96
1782640522609,0,100,88,463.71
1782640522609,1,100,88,454.70
1782640522609,2,100,88,459.19
1782640522609,3,100,88,458.65
1782640522609,4,100,88,457.27
1782640522609,5,100,88,453.83
1782640522609,6,100,88,444.49
1782640522609,7,100,88,451.41
1782640522916,0,100,88,463.41
1782640522916,1,100,88,457.38
1782640522916,2,100,88,459.75
1782640522916,3,100,88,458.02
1782640522916,4,100,88,457.93
1782640522916,5,100,87,454.74
1782640522916,6,100,88,444.53
1782640522916,7,100,87,452.32
1782640523222,0,100,88,465.07
1782640523222,1,100,88,459.32
1782640523222,2,100,88,460.56
1782640523222,3,100,88,458.09
1782640523222,4,100,88,457.58
1782640523222,5,100,88,454.56
1782640523222,6,100,88,445.41
1782640523222,7,100,88,452.19
1782640523529,0,100,88,465.70
1782640523529,1,100,88,460.13
1782640523529,2,100,88,461.76
1782640523529,3,100,88,458.98
1782640523529,4,100,87,457.28
1782640523529,5,100,88,455.46
1782640523529,6,100,87,446.31
1782640523529,7,100,88,452.22
1782640523838,0,100,87,465.47
1782640523838,1,100,88,459.71
1782640523838,2,100,87,461.94
1782640523838,3,100,88,460.30
1782640523838,4,100,87,457.06
1782640523838,5,100,88,455.72
1782640523838,6,100,87,442.85
1782640523838,7,100,87,452.59
1782640524145,0,100,88,465.11
1782640524145,1,100,88,460.09
1782640524145,2,100,87,461.13
1782640524145,3,100,88,460.33
1782640524145,4,100,87,455.82
1782640524145,5,100,88,456.11
1782640524145,6,100,88,442.86
1782640524145,7,100,87,452.64
1782640524448,0,100,88,465.05
1782640524448,1,100,88,460.46
1782640524448,2,100,88,460.63
1782640524448,3,100,88,460.46
1782640524448,4,100,88,458.45
1782640524448,5,100,87,456.71
1782640524448,6,100,88,441.88
1782640524448,7,100,88,453.24
1782640524752,0,100,88,465.75
1782640524752,1,100,88,460.82
1782640524752,2,100,88,461.33
1782640524752,3,100,88,460.31
1782640524752,4,100,87,457.05
1782640524752,5,100,87,456.63
1782640524752,6,100,88,442.56
1782640524752,7,100,88,454.05
1782640525059,0,100,88,466.05
1782640525059,1,100,88,461.51
1782640525059,2,100,88,461.63
1782640525059,3,100,88,461.31
1782640525059,4,100,88,449.63
1782640525059,5,100,87,456.48
1782640525059,6,100,88,444.96
1782640525059,7,100,88,454.57
1782640525369,0,100,88,466.73
1782640525369,1,100,88,462.36
1782640525369,2,100,88,462.33
1782640525369,3,100,88,462.58
1782640525369,4,100,88,453.15
1782640525369,5,100,88,456.23
1782640525369,6,100,88,447.88
1782640525369,7,100,88,453.95
1782640525673,0,100,88,466.81
1782640525673,1,100,88,462.32
1782640525673,2,100,88,462.89
1782640525673,3,100,88,462.33
1782640525673,4,100,88,449.67
1782640525673,5,100,88,456.70
1782640525673,6,100,88,448.44
1782640525673,7,100,88,453.91
1782640525980,0,100,88,466.95
1782640525980,1,100,88,462.95
1782640525980,2,100,88,463.30
1782640525980,3,100,88,463.36
1782640525980,4,100,88,458.57
1782640525980,5,100,88,457.40
1782640525980,6,100,88,448.30
1782640525980,7,100,88,454.27
1782640526285,0,100,88,467.43
1782640526285,1,100,88,463.21
1782640526285,2,100,88,464.21
1782640526285,3,100,88,463.30
1782640526285,4,100,88,459.75
1782640526285,5,100,88,457.27
1782640526285,6,100,88,449.41
1782640526285,7,100,88,453.99
1782640526642,0,100,88,468.38
1782640526642,1,100,88,463.69
1782640526642,2,100,88,464.78
1782640526642,3,100,88,463.54
1782640526642,4,100,88,461.39
1782640526642,5,100,88,458.45
1782640526642,6,100,88,449.26
1782640526642,7,100,88,456.00
1782640526952,0,100,88,469.01
1782640526952,1,100,88,464.10
1782640526952,2,100,88,465.44
1782640526952,3,100,88,464.10
1782640526952,4,100,88,460.89
1782640526952,5,100,88,457.72
1782640526952,6,100,88,449.44
1782640526952,7,100,88,452.54
1782640527343,0,100,88,469.14
1782640527343,1,100,88,464.04
1782640527343,2,100,88,465.79
1782640527343,3,100,88,463.85
1782640527343,4,100,88,461.53
1782640527343,5,100,88,462.15
1782640527343,6,100,88,450.33
1782640527343,7,100,88,458.21
1782640527652,0,100,88,469.33
1782640527652,1,100,88,463.99
1782640527652,2,100,88,465.63
1782640527652,3,100,88,464.84
1782640527652,4,100,88,461.10
1782640527652,5,100,88,462.24
1782640527652,6,100,88,450.15
1782640527652,7,100,88,455.99
1782640527961,0,100,88,469.11
1782640527961,1,100,88,464.48
1782640527961,2,100,88,465.07
1782640527961,3,100,88,468.51
1782640527961,4,100,88,462.22
1782640527961,5,100,87,464.26
1782640527961,6,100,88,451.22
1782640527961,7,100,88,456.36
1782640528267,0,100,88,469.19
1782640528267,1,100,88,464.77
1782640528267,2,100,88,464.71
1782640528267,3,100,88,471.75
1782640528267,4,100,88,462.52
1782640528267,5,100,87,459.51
1782640528267,6,100,88,451.13
1782640528267,7,100,88,457.57
1782640528574,0,100,88,470.12
1782640528574,1,100,88,464.97
1782640528574,2,100,88,466.23
1782640528574,3,100,88,477.42
1782640528574,4,100,88,462.86
1782640528574,5,100,88,457.11
1782640528574,6,100,88,450.67
1782640528574,7,100,88,457.32
1782640528879,0,100,88,471.74
1782640528879,1,100,88,466.16
1782640528879,2,100,88,467.58
1782640528879,3,100,88,478.14
1782640528879,4,100,88,463.60
1782640528879,5,100,88,458.39
1782640528879,6,100,88,451.26
1782640528879,7,100,88,458.07
1782640529187,0,100,88,470.78
1782640529187,1,100,88,465.85
1782640529187,2,100,88,464.96
1782640529187,3,100,88,473.01
1782640529187,4,100,88,464.21
1782640529187,5,100,88,459.05
1782640529187,6,100,88,451.76
1782640529187,7,100,88,458.56
1782640529496,0,100,88,473.22
1782640529496,1,100,88,467.47
1782640529496,2,100,88,459.03
1782640529496,3,100,88,470.00
1782640529496,4,100,88,464.03
1782640529496,5,100,88,461.12
1782640529496,6,100,88,452.16
1782640529496,7,100,88,459.41
1782640529800,0,100,88,471.77
1782640529800,1,100,88,466.80
1782640529800,2,100,88,462.67
1782640529800,3,100,88,466.61
1782640529800,4,100,88,464.49
1782640529800,5,100,88,459.64
1782640529800,6,100,88,452.56
1782640529800,7,100,88,459.02
1782640530107,0,100,88,474.83
1782640530107,1,100,88,467.24
1782640530107,2,100,88,460.81
1782640530107,3,100,88,467.83
1782640530107,4,100,88,465.04
1782640530107,5,100,88,460.75
1782640530107,6,100,88,452.80
1782640530107,7,100,88,459.22
1782640530418,0,100,88,472.64
1782640530418,1,100,88,470.55
1782640530418,2,100,88,468.43
1782640530418,3,100,88,468.42
1782640530418,4,100,88,465.93
1782640530418,5,100,88,461.18
1782640530418,6,100,88,452.60
1782640530418,7,100,88,460.09
1782640530739,0,100,88,475.68
1782640530739,1,100,89,465.04
1782640530739,2,100,88,467.85
1782640530739,3,100,88,467.86
1782640530739,4,100,88,465.21
1782640530739,5,100,88,461.70
1782640530739,6,100,88,453.47
1782640530739,7,100,88,459.98
1782640531050,0,100,88,473.98
1782640531050,1,100,89,463.40
1782640531050,2,100,88,468.65
1782640531050,3,100,88,468.26
1782640531050,4,100,88,466.02
1782640531050,5,100,87,461.84
1782640531050,6,100,88,453.09
1782640531050,7,100,88,460.62
1782640531358,0,100,88,472.89
1782640531358,1,100,89,462.55
1782640531358,2,100,88,468.88
1782640531358,3,100,88,468.81
1782640531358,4,100,88,466.55
1782640531358,5,100,87,461.42
1782640531358,6,100,88,453.61
1782640531358,7,100,88,461.05
1782640531664,0,100,88,473.65
1782640531664,1,100,89,465.23
1782640531664,2,100,88,468.78
1782640531664,3,100,88,469.05
1782640531664,4,100,88,467.15
1782640531664,5,100,87,461.52
1782640531664,6,100,88,454.59
1782640531664,7,100,88,460.88
1782640531974,0,100,88,474.07
1782640531974,1,100,89,471.13
1782640531974,2,100,88,469.73
1782640531974,3,100,88,469.20
1782640531974,4,100,88,466.81
1782640531974,5,100,88,460.81
1782640531974,6,100,88,454.06
1782640531974,7,100,88,461.63
1782640532305,0,100,88,474.79
1782640532305,1,100,89,467.81
1782640532305,2,100,88,470.31
1782640532305,3,100,88,469.51
1782640532305,4,100,88,466.23
1782640532305,5,100,88,461.63
1782640532305,6,100,88,454.76
1782640532305,7,100,88,461.38
1782640532615,0,100,88,474.72
1782640532615,1,100,89,469.62
1782640532615,2,100,88,470.86
1782640532615,3,100,89,469.70
1782640532615,4,100,88,466.43
1782640532615,5,100,88,462.32
1782640532615,6,100,88,454.03
1782640532615,7,100,88,461.53
1782640533015,0,100,89,474.34
1782640533015,1,100,89,469.28
1782640533015,2,100,88,471.94
1782640533015,3,100,89,469.71
1782640533015,4,100,88,467.52
1782640533015,5,100,88,463.43
1782640533015,6,100,89,454.80
1782640533015,7,100,89,462.01
1782640533346,0,100,89,474.33
1782640533346,1,100,89,469.74
1782640533346,2,100,89,472.35
1782640533346,3,100,89,469.15
1782640533346,4,100,88,467.75
1782640533346,5,100,88,463.02
1782640533346,6,100,89,458.08
1782640533346,7,100,89,462.53
1782640533652,0,100,89,474.86
1782640533652,1,100,89,470.00
1782640533652,2,100,88,472.51
1782640533652,3,100,89,469.43
1782640533652,4,100,88,468.09
1782640533652,5,100,88,463.69
1782640533652,6,100,89,462.15
1782640533652,7,100,88,463.27
1782640533963,0,100,89,475.15
1782640533963,1,100,89,471.07
1782640533963,2,100,89,472.02
1782640533963,3,100,89,469.82
1782640533963,4,100,88,468.39
1782640533963,5,100,88,462.77
1782640533963,6,100,89,464.16
1782640533963,7,100,89,463.39
1782640534271,0,100,89,475.71
1782640534271,1,100,89,471.48
1782640534271,2,100,88,471.41
1782640534271,3,100,89,470.17
1782640534271,4,100,88,468.37
1782640534271,5,100,88,463.09
1782640534271,6,100,89,463.02
1782640534271,7,100,89,463.31
1782640534577,0,100,89,476.24
1782640534577,1,100,89,472.23
1782640534577,2,100,89,470.76
1782640534577,3,100,89,471.02
1782640534577,4,100,89,469.26
1782640534577,5,100,86,461.25
1782640534577,6,100,89,458.90
1782640534577,7,100,89,463.34
1782640534885,0,100,89,476.85
1782640534885,1,100,89,472.35
1782640534885,2,100,89,470.70
1782640534885,3,100,89,471.94
1782640534885,4,100,89,470.09
1782640534885,5,100,86,459.79
1782640534885,6,100,89,456.21
1782640534885,7,100,89,463.05
1782640535191,0,100,89,477.68
1782640535191,1,100,89,472.75
1782640535191,2,100,89,470.39
1782640535191,3,100,89,472.71
1782640535191,4,100,89,470.45
1782640535191,5,100,88,458.60
1782640535191,6,100,89,457.35
1782640535191,7,100,89,464.00
1782640535501,0,100,89,478.38
1782640535501,1,100,89,472.84
1782640535501,2,100,89,471.21
1782640535501,3,100,89,472.22
1782640535501,4,100,89,470.38
1782640535501,5,100,88,460.52
1782640535501,6,100,89,457.75
1782640535501,7,100,89,464.59
1782640535806,0,100,89,477.79
1782640535806,1,100,89,472.60
1782640535806,2,100,89,471.16
1782640535806,3,100,89,472.13
1782640535806,4,100,89,470.81
1782640535806,5,100,88,462.96
1782640535806,6,100,89,457.74
1782640535806,7,100,89,465.23
1782640536116,0,100,89,478.41
1782640536116,1,100,89,472.39
1782640536116,2,100,89,471.51
1782640536116,3,100,89,472.02
1782640536116,4,100,89,470.74
1782640536116,5,100,88,465.94
1782640536116,6,100,89,458.24
1782640536116,7,100,89,465.28
1782640536426,0,100,89,477.57
1782640536426,1,100,89,473.35
1782640536426,2,100,89,471.34
1782640536426,3,100,89,472.82
1782640536426,4,100,89,471.77
1782640536426,5,100,89,466.46
1782640536426,6,100,89,458.60
1782640536426,7,100,89,465.57
1782640536740,0,100,89,478.89
1782640536740,1,100,89,473.73
1782640536740,2,100,89,471.95
1782640536740,3,100,89,473.24
1782640536740,4,100,89,470.86
1782640536740,5,100,89,466.76
1782640536740,6,100,89,458.96
1782640536740,7,100,89,466.12
1782640537050,0,100,89,478.46
1782640537050,1,100,89,473.83
1782640537050,2,100,89,472.68
1782640537050,3,100,89,473.78
1782640537050,4,100,89,472.06
1782640537050,5,100,89,467.11
1782640537050,6,100,89,459.66
1782640537050,7,100,89,465.98
1782640537357,0,100,89,479.65
1782640537357,1,100,89,474.06
1782640537357,2,100,89,472.95
1782640537357,3,100,89,474.26
1782640537357,4,100,89,471.52
1782640537357,5,100,89,466.93
1782640537357,6,100,89,459.22
1782640537357,7,100,89,466.65
1782640537664,0,100,89,479.88
1782640537664,1,100,89,474.03
1782640537664,2,100,89,473.42
1782640537664,3,100,89,474.28
1782640537664,4,100,89,473.48
1782640537664,5,100,89,466.56
1782640537664,6,100,89,459.98
1782640537664,7,100,89,466.25
1782640537972,0,100,89,480.42
1782640537972,1,100,89,475.11
1782640537972,2,100,89,474.26
1782640537972,3,100,89,474.58
1782640537972,4,100,89,473.97
1782640537972,5,100,86,464.17
1782640537972,6,100,89,459.90
1782640537972,7,100,89,467.27
1782640538280,0,100,89,480.57
1782640538280,1,100,89,474.97
1782640538280,2,100,89,475.56
1782640538280,3,100,89,474.69
1782640538280,4,100,89,473.13
1782640538280,5,100,86,464.13
1782640538280,6,100,89,460.15
1782640538280,7,100,89,466.29
1782640538587,0,100,89,480.39
1782640538587,1,100,89,475.39
1782640538587,2,100,89,475.83
1782640538587,3,100,89,475.08
1782640538587,4,100,89,473.01
1782640538587,5,100,86,462.95
1782640538587,6,100,89,460.10
1782640538587,7,100,89,467.23
1782640538984,0,100,89,480.25
1782640538984,1,100,89,475.38
1782640538984,2,100,89,476.17
1782640538984,3,100,89,475.28
1782640538984,4,100,89,472.71
1782640538984,5,100,86,462.57
1782640538984,6,100,89,460.66
1782640538984,7,100,89,464.88
1782640539295,0,100,89,480.53
1782640539295,1,100,89,474.97
1782640539295,2,100,89,475.28
1782640539295,3,100,89,475.53
1782640539295,4,100,89,473.82
1782640539295,5,100,86,460.55
1782640539295,6,100,89,460.94
1782640539295,7,100,89,465.38
1782640539602,0,100,89,481.40
1782640539602,1,100,89,475.40
1782640539602,2,100,89,475.88
1782640539602,3,100,89,475.36
1782640539602,4,100,89,474.42
1782640539602,5,100,89,461.64
1782640539602,6,100,89,460.83
1782640539602,7,100,89,465.85
1782640539911,0,100,89,481.90
1782640539911,1,100,89,476.06
1782640539911,2,100,89,475.79
1782640539911,3,100,89,475.77
1782640539911,4,100,89,474.88
1782640539911,5,100,89,464.08
1782640539911,6,100,89,460.93
1782640539911,7,100,89,466.50
1782640540222,0,100,89,482.16
1782640540222,1,100,89,476.80
1782640540222,2,100,89,476.67
1782640540222,3,100,89,475.70
1782640540222,4,100,89,475.50
1782640540222,5,100,89,466.06
1782640540222,6,100,89,461.22
1782640540222,7,100,89,470.54
1782640540531,0,100,89,482.94
1782640540531,1,100,90,476.97
1782640540531,2,100,89,477.22
1782640540531,3,100,89,476.86
1782640540531,4,100,89,475.07
1782640540531,5,100,89,469.06
1782640540531,6,100,89,461.27
1782640540531,7,100,89,469.52
1782640540843,0,100,89,483.01
1782640540843,1,100,89,477.12
1782640540843,2,100,89,477.84
1782640540843,3,100,89,476.67
1782640540843,4,100,89,475.39
1782640540843,5,100,89,470.37
1782640540843,6,100,89,461.56
1782640540843,7,100,89,470.37
1782640541171,0,100,89,482.66
1782640541171,1,100,90,477.27
1782640541171,2,100,89,478.34
1782640541171,3,100,89,477.44
1782640541171,4,100,89,475.43
1782640541171,5,80,71,468.17
1782640541171,6,100,89,461.80
1782640541171,7,100,89,468.61
1782640541477,0,16,14,427.24
1782640541477,1,47,42,419.84
1782640541477,2,30,27,447.22
1782640541477,3,0,0,439.83
1782640541477,4,87,78,430.26
1782640541477,5,0,0,400.93
1782640541477,6,1,0,429.14
1782640541477,7,100,89,442.07
1782640541712,0,0,0,359.07
1782640541712,1,0,0,315.36
1782640541712,2,0,0,381.48
1782640541712,3,0,0,338.70
1782640541712,4,0,0,360.04
1782640541712,5,0,0,334.72
1782640541712,6,0,0,329.52
1782640541712,7,0,0,341.75
1782640541943,0,0,0,290.99
1782640541943,1,0,0,246.16
1782640541943,2,0,0,280.54
1782640541943,3,0,0,269.85
1782640541943,4,0,0,294.19
1782640541943,5,0,0,232.55
1782640541943,6,0,0,262.98
1782640541943,7,0,0,273.97
1782640542171,0,0,0,222.72
1782640542171,1,0,0,182.81
1782640542171,2,0,0,213.92
1782640542171,3,0,0,195.13
1782640542171,4,0,0,225.52
1782640542171,5,0,0,158.30
1782640542171,6,0,0,190.03
1782640542171,7,0,0,206.35
1782640542399,0,0,0,135.92
1782640542399,1,0,0,131.49
1782640542399,2,0,0,147.44
1782640542399,3,0,0,131.75
1782640542399,4,0,0,128.64
1782640542399,5,0,0,124.91
1782640542399,6,0,0,122.14
1782640542399,7,0,0,124.44
1782640542627,0,0,0,134.57
1782640542627,1,0,0,130.74
1782640542627,2,0,0,136.53
1782640542627,3,0,0,126.31
1782640542627,4,0,0,127.21
1782640542627,5,0,0,124.24
1782640542627,6,0,0,121.05
1782640542627,7,0,0,123.32
1782640542869,0,25,4,135.70
1782640542869,1,44,7,132.54
1782640542869,2,27,4,139.12
1782640542869,3,21,3,127.36
1782640542869,4,23,3,128.99
1782640542869,5,30,5,126.91
1782640542869,6,24,4,122.05
1782640542869,7,32,5,125.65
1782640543196,0,38,6,136.60
1782640543196,1,0,0,132.99
1782640543196,2,21,3,139.04
1782640543196,3,40,6,128.13
1782640543196,4,0,0,129.44
1782640543196,5,0,0,126.93
1782640543196,6,0,0,123.23
1782640543196,7,0,0,125.66
1782640543426,0,0,0,136.47
1782640543426,1,0,0,132.82
1782640543426,2,0,0,138.78
1782640543426,3,0,0,127.75
1782640543426,4,0,0,129.40
1782640543426,5,0,0,126.71
1782640543426,6,0,0,123.12
1782640543426,7,0,0,125.53
1782640543656,0,0,0,136.33
1782640543656,1,0,0,132.65
1782640543656,2,0,0,138.67
1782640543656,3,0,0,127.63
1782640543656,4,0,0,129.39
1782640543656,5,0,0,126.62
1782640543656,6,0,0,123.02
1782640543656,7,0,0,125.42
1782640543885,0,52,0,134.91
1782640543885,1,100,1,130.66
1782640543885,2,59,0,135.89
1782640543885,3,92,1,126.47
1782640543885,4,54,0,127.73
1782640543885,5,100,1,124.49
1782640543885,6,86,1,122.17
1782640543885,7,100,1,123.16
1782640544165,0,100,1,133.90
1782640544165,1,28,0,129.89
1782640544165,2,100,1,135.87
1782640544165,3,71,1,125.13
1782640544165,4,100,1,127.08
1782640544165,5,42,0,124.18
1782640544165,6,62,0,120.88
1782640544165,7,23,0,123.08
1782640544399,0,0,0,133.77
1782640544399,1,0,0,129.71
1782640544399,2,0,0,135.70
1782640544399,3,0,0,125.04
1782640544399,4,29,0,127.04
1782640544399,5,0,0,124.16
1782640544399,6,41,0,120.81
1782640544399,7,0,0,122.98
1782640544651,0,6,0,136.50
1782640544651,1,6,1,132.45
1782640544651,2,6,0,140.49
1782640544651,3,0,0,129.59
1782640544651,4,38,0,130.01
1782640544651,5,0,0,130.27
1782640544651,6,1,0,124.21
1782640544651,7,8,3,130.26
1782640545016,0,12,6,231.34
1782640545016,1,13,6,221.11
1782640545016,2,98,48,252.16
1782640545016,3,98,47,243.47
1782640545016,4,98,48,230.17
1782640545016,5,98,47,263.17
1782640545016,6,98,47,229.09
1782640545016,7,36,14,239.66
1782640545277,0,98,46,401.59
1782640545277,1,98,46,395.47
1782640545277,2,98,47,370.69
1782640545277,3,98,47,420.70
1782640545277,4,98,47,409.88
1782640545277,5,98,46,430.67
1782640545277,6,98,46,411.07
1782640545277,7,98,46,420.78
1782640545620,0,25,12,456.23
1782640545620,1,0,0,445.17
1782640545620,2,62,21,469.03
1782640545620,3,61,28,454.17
1782640545620,4,27,10,458.76
1782640545620,5,84,41,474.71
1782640545620,6,53,26,453.13
1782640545620,7,0,0,454.83
1782640545883,0,98,47,593.71
1782640545883,1,98,46,582.69
1782640545883,2,98,48,575.23
1782640545883,3,98,47,568.90
1782640545883,4,98,46,593.65
1782640545883,5,98,47,587.43
1782640545883,6,98,47,591.88
1782640545883,7,98,38,555.80
1782640546147,0,98,46,582.46
1782640546147,1,98,46,585.19
1782640546147,2,98,46,590.18
1782640546147,3,98,46,587.62
1782640546147,4,98,46,592.78
1782640546147,5,98,47,575.67
1782640546147,6,98,47,588.88
1782640546147,7,98,37,538.84
1782640546412,0,96,19,463.20
1782640546412,1,100,1,462.88
1782640546412,2,100,1,464.87
1782640546412,3,84,1,465.54
1782640546412,4,100,1,467.23
1782640546412,5,65,1,470.47
1782640546412,6,80,1,471.09
1782640546412,7,9,1,413.34
1782640546756,0,4,1,346.96
1782640546756,1,6,1,345.66
1782640546756,2,6,1,325.28
1782640546756,3,4,1,324.67
1782640546756,4,4,1,344.41
1782640546756,5,7,1,305.73
1782640546756,6,4,1,321.45
1782640546756,7,6,1,287.18
1782640547112,0,6,1,176.03
1782640547112,1,7,1,173.40
1782640547112,2,15,1,210.73
1782640547112,3,14,1,145.52
1782640547112,4,4,1,168.63
1782640547112,5,22,0,180.74
1782640547112,6,33,1,143.04
1782640547112,7,11,0,133.65
1782640547343,0,0,0,133.45
1782640547343,1,0,0,131.82
1782640547343,2,0,0,135.04
1782640547343,3,0,0,126.93
1782640547343,4,0,0,128.56
1782640547343,5,0,0,125.37
1782640547343,6,0,0,120.30
1782640547343,7,0,0,123.22
1782640547624,0,0,0,132.51
1782640547624,1,62,0,130.91
1782640547624,2,100,1,134.90
1782640547624,3,95,1,126.54
1782640547624,4,100,1,128.66
1782640547624,5,93,1,125.33
1782640547624,6,100,1,120.07
1782640547624,7,85,1,123.02
1782640547943,0,100,1,132.31
1782640547943,1,100,1,130.24
1782640547943,2,100,1,134.82
1782640547943,3,100,1,126.32
1782640547943,4,100,1,128.79
1782640547943,5,100,1,125.25
1782640547943,6,100,1,120.04
1782640547943,7,100,1,123.02
1782640548263,0,100,1,132.23
1782640548263,1,100,1,129.91
1782640548263,2,73,0,134.89
1782640548263,3,47,0,126.12
1782640548263,4,66,0,128.53
1782640548263,5,1,0,125.12
1782640548263,6,100,1,120.15
1782640548263,7,100,1,123.14
1782640548509,0,0,0,131.97
1782640548509,1,0,0,129.33
1782640548509,2,0,0,134.61
1782640548509,3,0,0,125.46
1782640548509,4,0,0,128.00
1782640548509,5,0,0,124.82
1782640548509,6,0,0,119.77
1782640548509,7,0,0,122.73
1782640548751,0,0,0,135.06
1782640548751,1,0,0,135.20
1782640548751,2,22,4,140.02
1782640548751,3,13,5,133.27
1782640548751,4,20,1,131.94
1782640548751,5,10,5,130.55
1782640548751,6,19,5,125.01
1782640548751,7,0,0,129.52
1782640549098,0,98,34,229.42
1782640549098,1,95,46,237.14
1782640549098,2,74,37,253.70
1782640549098,3,91,45,245.89
1782640549098,4,55,20,232.30
1782640549098,5,98,48,257.65
1782640549098,6,86,41,239.16
1782640549098,7,87,32,222.78
1782640549394,0,81,39,382.72
1782640549394,1,84,38,388.37
1782640549394,2,75,37,403.74
1782640549394,3,77,37,403.14
1782640549394,4,78,38,390.39
1782640549394,5,80,38,421.41
1782640549394,6,76,37,418.92
1782640549394,7,74,29,371.75
1782640549751,0,0,0,441.95
1782640549751,1,28,14,438.18
1782640549751,2,0,0,443.73
1782640549751,3,0,0,440.27
1782640549751,4,0,0,442.52
1782640549751,5,0,0,439.76
1782640549751,6,0,0,428.21
1782640549751,7,7,7,379.11
1782640550254,0,0,0,203.49
1782640550254,1,0,0,198.14
1782640550254,2,0,0,193.71
1782640550254,3,3,4,188.32
1782640550254,4,0,0,203.42
1782640550254,5,3,4,172.64
1782640550254,6,0,0,184.63
1782640550254,7,0,0,171.38
1782640550720,0,0,0,193.21
1782640550720,1,57,31,197.44
1782640550720,2,0,0,182.62
1782640550720,3,5,2,178.84
1782640550720,4,49,19,193.01
1782640550720,5,33,21,175.57
1782640550720,6,51,30,197.95
1782640550720,7,100,25,189.57
1782640551066,0,100,55,341.02
1782640551066,1,99,54,346.22
1782640551066,2,99,57,306.86
1782640551066,3,99,56,357.45
1782640551066,4,99,55,340.74
1782640551066,5,99,56,369.59
1782640551066,6,99,55,336.80
1782640551066,7,99,46,300.67
1782640551389,0,99,55,481.36
1782640551389,1,99,55,489.22
1782640551389,2,99,55,504.90
1782640551389,3,99,56,503.48
1782640551389,4,99,55,490.93
1782640551389,5,99,55,521.03
1782640551389,6,99,55,483.31
1782640551389,7,99,43,407.52
1782640551713,0,99,53,601.04
1782640551713,1,99,54,584.95
1782640551713,2,99,54,599.23
1782640551713,3,99,55,599.82
1782640551713,4,99,55,591.86
1782640551713,5,99,54,610.34
1782640551713,6,99,55,582.72
1782640551713,7,99,47,495.37
1782640552044,0,99,54,555.21
1782640552044,1,74,37,530.61
1782640552044,2,99,54,558.46
1782640552044,3,0,0,529.10
1782640552044,4,2,2,543.99
1782640552044,5,0,0,518.99
1782640552044,6,0,0,511.30
1782640552044,7,40,22,445.19
1782640552489,0,49,38,428.10
1782640552489,1,44,37,423.59
1782640552489,2,41,34,425.20
1782640552489,3,53,44,429.35
1782640552489,4,19,9,428.28
1782640552489,5,59,40,430.10
1782640552489,6,54,44,412.10
1782640552489,7,43,35,373.25
1782640552790,0,97,47,459.04
1782640552790,1,98,46,455.19
1782640552790,2,98,47,460.64
1782640552790,3,98,47,454.64
1782640552790,4,98,47,459.41
1782640552790,5,98,47,460.12
1782640552790,6,98,46,451.18
1782640552790,7,98,47,432.31
1782640553091,0,94,44,493.96
1782640553091,1,96,55,498.06
1782640553091,2,95,45,521.17
1782640553091,3,95,52,500.45
1782640553091,4,98,47,497.92
1782640553091,5,95,56,519.15
1782640553091,6,95,53,490.94
1782640553091,7,88,55,503.77
1782640553389,0,99,53,630.75
1782640553389,1,99,56,628.60
1782640553389,2,99,56,638.61
1782640553389,3,99,54,640.75
1782640553389,4,99,55,634.66
1782640553389,5,99,57,658.58
1782640553389,6,99,55,633.65
1782640553389,7,99,55,636.68
1782640553693,0,99,54,644.01
1782640553693,1,99,54,639.07
1782640553693,2,99,54,633.26
1782640553693,3,99,55,635.42
1782640553693,4,99,56,641.70
1782640553693,5,99,54,635.95
1782640553693,6,99,56,631.91
1782640553693,7,99,56,636.42
1782640553994,0,99,55,614.26
1782640553994,1,99,53,608.22
1782640553994,2,99,55,612.57
1782640553994,3,99,54,613.93
1782640553994,4,99,55,610.98
1782640553994,5,99,55,618.37
1782640553994,6,98,55,607.29
1782640553994,7,99,54,613.68
1782640554299,0,99,56,621.19
1782640554299,1,99,55,621.30
1782640554299,2,99,56,612.72
1782640554299,3,99,55,618.01
1782640554299,4,99,55,617.10
1782640554299,5,99,56,622.13
1782640554299,6,99,55,611.67
1782640554299,7,99,55,615.11
1782640554618,0,100,58,542.76
1782640554618,1,88,59,526.56
1782640554618,2,100,1,508.04
1782640554618,3,100,1,517.27
1782640554618,4,100,1,520.61
1782640554618,5,100,1,509.50
1782640554618,6,100,1,507.82
1782640554618,7,90,49,510.71
1782640554941,0,20,1,348.64
1782640554941,1,7,1,333.12
1782640554941,2,4,1,320.34
1782640554941,3,6,1,329.82
1782640554941,4,5,1,328.25
1782640554941,5,5,1,314.08
1782640554941,6,5,1,319.05
1782640554941,7,6,1,324.25
1782640555327,0,5,1,153.29
1782640555327,1,7,1,148.10
1782640555327,2,4,1,145.29
1782640555327,3,6,1,142.23
1782640555327,4,6,1,141.75
1782640555327,5,5,1,131.58
1782640555327,6,7,1,135.63
1782640555327,7,7,1,136.79
1782640555700,0,5,1,134.76
1782640555700,1,6,1,131.85
1782640555700,2,5,1,136.20
1782640555700,3,7,1,128.33
1782640555700,4,6,1,128.11
1782640555700,5,6,1,125.35
1782640555700,6,5,1,122.07
1782640555700,7,5,1,123.45
1782640556062,0,3,1,133.93
1782640556062,1,3,0,130.24
1782640556062,2,3,0,135.59
1782640556062,3,4,1,127.29
1782640556062,4,4,1,127.66
1782640556062,5,3,0,124.70
1782640556062,6,3,0,121.56
1782640556062,7,3,0,122.88
1782640556462,0,4,1,133.42
1782640556462,1,4,1,129.86
1782640556462,2,6,1,135.36
1782640556462,3,5,1,126.63
1782640556462,4,4,1,127.45
1782640556462,5,4,1,124.29
1782640556462,6,5,1,121.30
1782640556462,7,4,1,122.88
1782640556834,0,4,1,132.77
1782640556834,1,4,1,129.42
1782640556834,2,7,1,135.31
1782640556834,3,5,1,126.17
1782640556834,4,8,1,127.26
1782640556834,5,5,1,124.37
1782640556834,6,5,1,121.27
1782640556834,7,4,1,122.92
1782640557187,0,100,2,133.00
1782640557187,1,100,2,130.48
1782640557187,2,100,2,136.69
1782640557187,3,100,2,127.16
1782640557187,4,100,2,128.64
1782640557187,5,100,1,125.71
1782640557187,6,100,2,122.42
1782640557187,7,100,2,124.36
1782640557620,0,100,2,134.11
1782640557620,1,100,1,131.27
1782640557620,2,78,1,137.09
1782640557620,3,100,1,128.07
1782640557620,4,45,2,129.26
1782640557620,5,100,1,126.89
1782640557620,6,95,1,123.36
1782640557620,7,100,2,125.16
1782640557878,0,58,21,141.60
1782640557878,1,68,10,142.55
1782640557878,2,99,1,140.62
1782640557878,3,95,6,141.84
1782640557878,4,100,1,141.57
1782640557878,5,73,7,142.92
1782640557878,6,99,5,137.31
1782640557878,7,68,15,138.26
1782640558179,0,77,20,161.90
1782640558179,1,60,26,159.12
1782640558179,2,73,19,163.57
1782640558179,3,41,19,156.05
1782640558179,4,100,1,157.26
1782640558179,5,72,21,156.24
1782640558179,6,100,1,153.03
1782640558179,7,74,24,153.61
1782640558447,0,4,1,161.88
1782640558447,1,21,3,158.99
1782640558447,2,52,4,162.92
1782640558447,3,31,4,155.88
1782640558447,4,79,5,156.76
1782640558447,5,22,3,155.94
1782640558447,6,39,4,152.11
1782640558447,7,12,2,152.85
1782640558801,0,6,1,162.35
1782640558801,1,5,1,160.61
1782640558801,2,28,1,168.10
1782640558801,3,25,11,158.81
1782640558801,4,11,1,157.51
1782640558801,5,47,22,160.99
1782640558801,6,53,9,152.15
1782640558801,7,5,1,156.21
1782640559068,0,84,44,176.63
1782640559068,1,60,30,171.05
1782640559068,2,61,29,170.45
1782640559068,3,36,21,166.40
1782640559068,4,88,41,168.32
1782640559068,5,17,10,161.09
1782640559068,6,46,24,161.25
1782640559068,7,78,36,162.75
1782640559304,0,0,0,165.80
1782640559304,1,0,0,161.48
1782640559304,2,0,0,165.34
1782640559304,3,0,0,158.52
1782640559304,4,0,0,158.52
1782640559304,5,0,0,156.85
1782640559304,6,0,0,151.30
1782640559304,7,0,0,155.67
1782640559539,0,0,0,164.66
1782640559539,1,0,0,160.29
1782640559539,2,0,0,164.76
1782640559539,3,0,0,156.53
1782640559539,4,0,0,158.70
1782640559539,5,0,0,156.72
1782640559539,6,4,1,151.57
1782640559539,7,5,1,155.32
1782640559803,0,0,0,163.53
1782640559803,1,16,2,159.27
1782640559803,2,21,3,165.18
1782640559803,3,22,3,157.04
1782640559803,4,0,0,153.97
1782640559803,5,13,2,156.62
1782640559803,6,0,0,149.57
1782640559803,7,3,0,150.92
1782640560039,0,0,0,133.58
1782640560039,1,0,0,129.21
1782640560039,2,0,0,134.52
1782640560039,3,0,0,124.75
1782640560039,4,48,7,128.07
1782640560039,5,0,0,123.52
1782640560039,6,0,0,120.27
1782640560039,7,0,0,122.36
1782640560285,0,0,0,132.71
1782640560285,1,53,8,130.04
1782640560285,2,0,0,135.55
1782640560285,3,25,4,125.53
1782640560285,4,0,0,127.14
1782640560285,5,34,5,125.09
1782640560285,6,46,7,121.82
1782640560285,7,0,0,123.65
1782640560526,0,96,83,187.66
1782640560526,1,59,51,160.69
1782640560526,2,0,0,174.56
1782640560526,3,10,9,161.93
1782640560526,4,100,87,189.96
1782640560526,5,37,32,170.28
1782640560526,6,6,5,154.10
1782640560526,7,71,61,157.33
1782640560841,0,100,87,282.18
1782640560841,1,100,87,285.67
1782640560841,2,100,87,269.91
1782640560841,3,100,87,258.73
1782640560841,4,100,87,285.95
1782640560841,5,100,87,267.03
1782640560841,6,100,87,281.34
1782640560841,7,100,87,286.14
1782640561152,0,100,87,376.67
1782640561152,1,100,88,380.98
1782640561152,2,100,87,364.00
1782640561152,3,100,87,388.86
1782640561152,4,100,87,384.03
1782640561152,5,100,87,359.49
1782640561152,6,100,87,375.21
1782640561152,7,100,87,382.01
1782640561461,0,100,87,454.82
1782640561461,1,100,87,446.42
1782640561461,2,100,87,449.99
1782640561461,3,100,87,450.68
1782640561461,4,100,87,448.89
1782640561461,5,100,87,446.80
1782640561461,6,100,87,438.08
1782640561461,7,100,87,445.30
1782640561771,0,100,87,457.43
1782640561771,1,100,87,449.51
1782640561771,2,100,87,453.58
1782640561771,3,100,87,451.34
1782640561771,4,100,87,449.96
1782640561771,5,100,87,448.62
1782640561771,6,100,87,436.19
1782640561771,7,100,87,445.40
1782640562179,0,100,87,458.07
1782640562179,1,100,87,452.50
1782640562179,2,100,87,453.97
1782640562179,3,100,87,451.89
1782640562179,4,100,87,450.80
1782640562179,5,100,87,449.92
1782640562179,6,100,87,435.07
1782640562179,7,100,87,444.70
1782640562492,0,100,87,458.66
1782640562492,1,100,87,452.57
1782640562492,2,100,87,454.01
1782640562492,3,100,87,451.82
1782640562492,4,100,87,451.60
1782640562492,5,100,87,451.22
1782640562492,6,100,87,435.17
1782640562492,7,100,87,443.53
1782640562799,0,100,87,459.05
1782640562799,1,100,87,452.96
1782640562799,2,100,87,455.20
1782640562799,3,100,87,452.86
1782640562799,4,100,87,452.27
1782640562799,5,100,87,450.37
1782640562799,6,100,86,438.18
1782640562799,7,100,87,444.78
1782640563107,0,100,87,459.24
1782640563107,1,100,87,453.72
1782640563107,2,100,87,455.30
1782640563107,3,100,87,452.01
1782640563107,4,100,87,451.25
1782640563107,5,100,88,451.04
1782640563107,6,100,86,439.87
1782640563107,7,100,86,444.76
1782640563411,0,100,87,459.48
1782640563411,1,100,87,454.50
1782640563411,2,100,87,456.76
1782640563411,3,100,87,451.76
1782640563411,4,100,87,452.40
1782640563411,5,100,88,451.67
1782640563411,6,100,86,438.62
1782640563411,7,100,86,446.08
1782640563720,0,100,87,459.26
1782640563720,1,100,87,454.97
1782640563720,2,100,87,456.19
1782640563720,3,100,87,452.36
1782640563720,4,100,87,449.46
1782640563720,5,100,87,451.98
1782640563720,6,100,87,437.98
1782640563720,7,100,87,447.38
1782640564029,0,100,87,458.82
1782640564029,1,100,87,455.43
1782640564029,2,100,87,455.11
1782640564029,3,100,87,453.10
1782640564029,4,100,87,449.15
1782640564029,5,100,87,450.70
1782640564029,6,100,87,439.29
1782640564029,7,100,87,455.70
1782640564335,0,100,87,460.76
1782640564335,1,100,87,455.05
1782640564335,2,100,87,454.91
1782640564335,3,100,87,455.70
1782640564335,4,100,87,447.66
1782640564335,5,100,87,451.21
1782640564335,6,100,87,440.45
1782640564335,7,100,87,457.92
1782640564644,0,100,87,463.12
1782640564644,1,100,88,455.39
1782640564644,2,100,87,453.93
1782640564644,3,100,87,457.24
1782640564644,4,100,87,451.25
1782640564644,5,100,87,450.86
1782640564644,6,100,87,442.20
1782640564644,7,100,87,457.89
1782640564954,0,100,88,464.98
1782640564954,1,100,88,455.63
1782640564954,2,100,87,455.32
1782640564954,3,100,88,458.46
1782640564954,4,100,87,452.30
1782640564954,5,100,87,450.99
1782640564954,6,100,88,442.72
1782640564954,7,100,87,450.15
1782640565261,0,100,87,466.06
1782640565261,1,100,88,456.75
1782640565261,2,100,87,457.27
1782640565261,3,100,87,457.69
1782640565261,4,100,87,452.96
1782640565261,5,100,87,451.57
1782640565261,6,100,88,443.74
1782640565261,7,100,87,448.79
1782640565571,0,100,88,467.48
1782640565571,1,100,88,457.43
1782640565571,2,100,87,457.77
1782640565571,3,100,88,456.14
1782640565571,4,100,87,454.09
1782640565571,5,100,87,452.33
1782640565571,6,100,87,443.81
1782640565571,7,100,87,450.42
1782640565881,0,100,88,467.85
1782640565881,1,100,88,457.58
1782640565881,2,100,87,459.89
1782640565881,3,100,88,458.94
1782640565881,4,100,87,454.05
1782640565881,5,100,88,453.04
1782640565881,6,100,87,443.47
1782640565881,7,100,87,450.18
1782640566186,0,100,87,467.48
1782640566186,1,100,88,457.82
1782640566186,2,100,88,459.67
1782640566186,3,100,87,458.76
1782640566186,4,100,87,454.77
1782640566186,5,100,87,453.45
1782640566186,6,100,87,442.99
1782640566186,7,100,87,450.80
1782640566496,0,100,87,465.03
1782640566496,1,100,88,457.26
1782640566496,2,100,88,460.64
1782640566496,3,100,87,459.34
1782640566496,4,100,87,455.34
1782640566496,5,100,87,453.77
1782640566496,6,100,87,442.93
1782640566496,7,100,87,451.03
1782640566810,0,100,87,466.87
1782640566810,1,100,88,458.80
1782640566810,2,100,87,459.30
1782640566810,3,100,87,458.68
1782640566810,4,100,87,455.13
1782640566810,5,100,87,453.48
1782640566810,6,100,87,443.97
1782640566810,7,100,87,450.18
1782640567117,0,100,87,467.36
1782640567117,1,100,88,458.62
1782640567117,2,100,87,458.34
1782640567117,3,100,88,457.23
1782640567117,4,100,87,455.58
1782640567117,5,100,87,454.42
1782640567117,6,100,88,444.40
1782640567117,7,100,87,449.54
1782640567424,0,100,88,468.54
1782640567424,1,100,88,458.90
1782640567424,2,100,87,459.19
1782640567424,3,100,88,458.05
1782640567424,4,100,87,454.45
1782640567424,5,100,88,454.90
1782640567424,6,100,88,444.85
1782640567424,7,100,87,449.35
1782640567847,0,100,87,466.67
1782640567847,1,100,88,458.79
1782640567847,2,100,87,460.58
1782640567847,3,100,88,458.88
1782640567847,4,100,87,454.61
1782640567847,5,100,88,455.05
1782640567847,6,100,88,444.96
1782640567847,7,100,87,450.73
1782640568152,0,100,87,468.91
1782640568152,1,100,88,460.33
1782640568152,2,100,87,460.86
1782640568152,3,100,87,459.09
1782640568152,4,100,87,455.70
1782640568152,5,100,88,455.60
1782640568152,6,100,88,446.52
1782640568152,7,100,87,452.23
1782640568458,0,100,88,468.63
1782640568458,1,100,88,459.44
1782640568458,2,100,87,460.41
1782640568458,3,100,88,459.64
1782640568458,4,100,87,456.98
1782640568458,5,100,88,456.27
1782640568458,6,100,88,446.84
1782640568458,7,100,87,452.40
1782640568771,0,100,88,469.26
1782640568771,1,100,88,458.25
1782640568771,2,100,87,460.69
1782640568771,3,100,88,459.18
1782640568771,4,100,87,457.08
1782640568771,5,100,88,457.00
1782640568771,6,100,88,447.11
1782640568771,7,100,87,453.24
1782640569081,0,100,88,469.55
1782640569081,1,100,88,458.18
1782640569081,2,100,88,461.17
1782640569081,3,100,88,459.53
1782640569081,4,100,87,456.86
1782640569081,5,100,88,457.16
1782640569081,6,100,88,446.58
1782640569081,7,100,88,453.07
1782640569390,0,100,87,469.11
1782640569390,1,100,88,457.66
1782640569390,2,100,88,462.11
1782640569390,3,100,87,460.05
1782640569390,4,100,87,456.91
1782640569390,5,100,88,457.81
1782640569390,6,100,87,446.37
1782640569390,7,100,87,453.21
1782640569697,0,100,87,469.02
1782640569697,1,100,88,457.76
1782640569697,2,100,88,462.63
1782640569697,3,100,88,461.33
1782640569697,4,100,87,457.28
1782640569697,5,100,88,456.66
1782640569697,6,100,88,445.58
1782640569697,7,100,87,453.15
1782640570004,0,100,88,468.69
1782640570004,1,100,88,460.22
1782640570004,2,100,88,462.55
1782640570004,3,100,88,460.98
1782640570004,4,100,87,457.53
1782640570004,5,100,88,456.98
1782640570004,6,100,88,452.96
1782640570004,7,100,87,453.35
1782640570312,0,100,88,469.74
1782640570312,1,100,88,461.82
1782640570312,2,100,87,462.14
1782640570312,3,100,88,461.91
1782640570312,4,100,87,457.13
1782640570312,5,100,88,457.85
1782640570312,6,100,88,451.99
1782640570312,7,100,87,453.55
1782640570620,0,100,88,470.69
1782640570620,1,100,88,460.48
1782640570620,2,100,88,462.38
1782640570620,3,100,88,462.58
1782640570620,4,100,88,457.44
1782640570620,5,100,88,459.72
1782640570620,6,100,88,454.57
1782640570620,7,100,87,454.24
1782640570928,0,100,88,470.73
1782640570928,1,100,88,460.46
1782640570928,2,100,88,461.96
1782640570928,3,100,88,463.18
1782640570928,4,100,88,458.15
1782640570928,5,100,88,459.93
1782640570928,6,100,88,449.19
1782640570928,7,100,88,454.46
1782640571234,0,100,88,471.34
1782640571234,1,100,88,460.83
1782640571234,2,100,88,463.05
1782640571234,3,100,88,463.22
1782640571234,4,100,87,458.95
1782640571234,5,100,88,459.83
1782640571234,6,100,88,447.89
1782640571234,7,100,88,455.30
1782640571543,0,100,88,471.48
1782640571543,1,100,88,461.71
1782640571543,2,100,88,462.92
1782640571543,3,100,88,463.18
1782640571543,4,100,87,459.38
1782640571543,5,100,88,453.59
1782640571543,6,100,88,449.23
1782640571543,7,100,88,456.31
1782640571852,0,100,88,471.93
1782640571852,1,100,88,461.24
1782640571852,2,100,87,463.59
1782640571852,3,100,88,464.11
1782640571852,4,100,88,459.43
1782640571852,5,100,88,456.89
1782640571852,6,100,88,449.59
1782640571852,7,100,88,456.61
1782640572161,0,100,88,472.51
1782640572161,1,100,88,461.68
1782640572161,2,100,88,463.57
1782640572161,3,100,88,464.65
1782640572161,4,100,88,459.16
1782640572161,5,100,88,455.80
1782640572161,6,100,88,450.71
1782640572161,7,100,88,456.34
1782640572470,0,100,88,473.01
1782640572470,1,100,88,460.86
1782640572470,2,100,88,463.91
1782640572470,3,100,88,465.29
1782640572470,4,100,88,459.88
1782640572470,5,100,88,463.33
1782640572470,6,100,88,450.90
1782640572470,7,100,88,459.76
1782640572780,0,100,88,473.16
1782640572780,1,100,88,462.27
1782640572780,2,100,88,464.29
1782640572780,3,100,88,465.55
1782640572780,4,100,87,460.59
1782640572780,5,100,88,462.23
1782640572780,6,100,88,450.71
1782640572780,7,100,88,462.93
1782640573092,0,100,88,473.94
1782640573092,1,100,88,462.96
1782640573092,2,100,88,464.72
1782640573092,3,100,88,465.68
1782640573092,4,100,88,460.38
1782640573092,5,100,88,460.64
1782640573092,6,100,88,450.81
1782640573092,7,100,88,462.53
1782640573402,0,100,88,473.96
1782640573402,1,100,88,461.88
1782640573402,2,100,87,461.01
1782640573402,3,100,88,466.99
1782640573402,4,100,88,459.67
1782640573402,5,100,88,459.98
1782640573402,6,100,88,451.45
1782640573402,7,100,88,457.03
1782640573782,0,100,88,473.82
1782640573782,1,100,87,460.94
1782640573782,2,100,87,459.63
1782640573782,3,100,88,466.29
1782640573782,4,100,88,459.45
1782640573782,5,100,88,461.05
1782640573782,6,100,88,452.05
1782640573782,7,100,88,454.57
1782640574089,0,100,88,473.82
1782640574089,1,100,87,463.49
1782640574089,2,100,87,459.41
1782640574089,3,100,88,470.47
1782640574089,4,100,88,455.43
1782640574089,5,100,88,461.57
1782640574089,6,100,88,452.07
1782640574089,7,100,88,456.84
1782640574397,0,100,88,474.14
1782640574397,1,100,88,465.27
1782640574397,2,100,88,463.19
1782640574397,3,100,88,473.39
1782640574397,4,100,88,454.76
1782640574397,5,100,88,461.95
1782640574397,6,100,88,451.77
1782640574397,7,100,88,456.92
1782640574702,0,100,88,474.51
1782640574702,1,100,88,466.81
1782640574702,2,100,88,463.39
1782640574702,3,100,88,479.52
1782640574702,4,100,88,447.70
1782640574702,5,100,88,462.15
1782640574702,6,100,88,451.96
1782640574702,7,100,88,457.63
1782640575011,0,100,88,475.77
1782640575011,1,100,88,465.24
1782640575011,2,100,88,466.32
1782640575011,3,100,88,477.81
1782640575011,4,100,88,455.60
1782640575011,5,100,88,462.27
1782640575011,6,100,88,452.25
1782640575011,7,100,88,457.75
1782640575317,0,100,88,475.23
1782640575317,1,100,88,464.60
1782640575317,2,100,88,467.39
1782640575317,3,100,88,473.96
1782640575317,4,100,88,457.00
1782640575317,5,100,88,462.51
1782640575317,6,100,88,452.44
1782640575317,7,100,88,458.74
1782640575624,0,100,88,476.89
1782640575624,1,100,88,465.17
1782640575624,2,100,88,466.93
1782640575624,3,100,88,469.20
1782640575624,4,100,88,462.63
1782640575624,5,100,88,463.32
1782640575624,6,100,88,452.58
1782640575624,7,100,88,458.77
1782640575932,0,100,88,470.10
1782640575932,1,100,88,465.06
1782640575932,2,100,88,468.41
1782640575932,3,100,88,466.33
1782640575932,4,100,88,459.27
1782640575932,5,100,88,463.35
1782640575932,6,100,88,452.85
1782640575932,7,100,88,459.10
1782640576238,0,100,88,472.48
1782640576238,1,100,88,465.65
1782640576238,2,100,88,467.28
1782640576238,3,100,88,467.37
1782640576238,4,100,88,459.93
1782640576238,5,100,88,464.13
1782640576238,6,100,88,452.32
1782640576238,7,100,88,459.60
1782640576543,0,100,88,468.74
1782640576543,1,100,88,465.18
1782640576543,2,100,88,464.39
1782640576543,3,100,88,466.79
1782640576543,4,100,88,460.85
1782640576543,5,100,88,463.55
1782640576543,6,100,88,453.31
1782640576543,7,100,88,459.96
1782640576851,0,100,88,477.99
1782640576851,1,100,88,464.29
1782640576851,2,100,87,465.12
1782640576851,3,100,88,467.63
1782640576851,4,100,88,462.20
1782640576851,5,100,88,464.29
1782640576851,6,100,88,453.27
1782640576851,7,100,88,460.28
1782640577158,0,100,88,477.32
1782640577158,1,100,87,463.04
1782640577158,2,100,87,465.58
1782640577158,3,100,88,468.08
1782640577158,4,100,88,462.03
1782640577158,5,100,88,463.73
1782640577158,6,100,88,454.30
1782640577158,7,100,88,460.72
1782640577464,0,100,88,477.94
1782640577464,1,100,88,464.20
1782640577464,2,100,87,464.46
1782640577464,3,100,88,468.67
1782640577464,4,100,88,461.88
1782640577464,5,100,88,464.25
1782640577464,6,100,88,454.52
1782640577464,7,100,88,460.78
1782640577770,0,100,88,476.61
1782640577770,1,100,88,464.80
1782640577770,2,100,88,465.87
1782640577770,3,100,88,469.04
1782640577770,4,100,88,462.93
1782640577770,5,100,88,464.92
1782640577770,6,100,88,454.52
1782640577770,7,100,88,460.92
1782640578083,0,100,88,477.14
1782640578083,1,100,88,467.39
1782640578083,2,100,88,466.45
1782640578083,3,100,88,468.85
1782640578083,4,100,88,462.89
1782640578083,5,100,88,465.60
1782640578083,6,100,88,453.47
1782640578083,7,100,88,460.87
1782640578390,0,100,88,476.22
1782640578390,1,100,88,462.49
1782640578390,2,100,88,467.11
1782640578390,3,100,89,468.98
1782640578390,4,100,88,463.35
1782640578390,5,100,88,465.20
1782640578390,6,100,89,453.61
1782640578390,7,100,88,461.23
1782640578699,0,100,89,477.89
1782640578699,1,100,88,461.98
1782640578699,2,100,88,468.20
1782640578699,3,100,89,469.61
1782640578699,4,100,88,463.65
1782640578699,5,100,89,463.81
1782640578699,6,100,89,456.73
1782640578699,7,100,89,461.80
1782640579007,0,100,89,478.62
1782640579007,1,100,89,453.15
1782640579007,2,100,88,468.62
1782640579007,3,100,89,470.36
1782640579007,4,100,88,464.07
1782640579007,5,100,89,463.76
1782640579007,6,100,89,455.95
1782640579007,7,100,89,462.75
1782640579411,0,100,88,479.40
1782640579411,1,100,88,460.35
1782640579411,2,100,88,468.57
1782640579411,3,100,89,470.77
1782640579411,4,100,88,464.27
1782640579411,5,100,89,464.48
1782640579411,6,100,89,458.41
1782640579411,7,100,88,463.52
1782640579723,0,100,89,479.54
1782640579723,1,100,89,462.18
1782640579723,2,100,88,468.86
1782640579723,3,100,89,471.17
1782640579723,4,100,88,463.88
1782640579723,5,100,89,465.81
1782640579723,6,100,89,453.82
1782640579723,7,100,88,463.91
1782640580033,0,100,89,480.06
1782640580033,1,100,89,470.58
1782640580033,2,100,88,469.23
1782640580033,3,100,89,471.02
1782640580033,4,100,88,464.44
1782640580033,5,100,89,466.50
1782640580033,6,100,89,458.58
1782640580033,7,100,88,463.54
1782640580341,0,100,89,479.91
1782640580341,1,100,86,466.57
1782640580341,2,100,86,467.51
1782640580341,3,100,89,471.45
1782640580341,4,100,88,464.82
1782640580341,5,100,89,466.38
1782640580341,6,100,89,456.22
1782640580341,7,100,89,463.14
1782640580649,0,100,89,480.18
1782640580649,1,100,86,465.12
1782640580649,2,100,86,465.69
1782640580649,3,100,89,470.71
1782640580649,4,100,88,465.16
1782640580649,5,100,89,466.00
1782640580649,6,100,89,454.65
1782640580649,7,100,89,462.34
1782640580959,0,100,89,480.37
1782640580959,1,100,87,462.11
1782640580959,2,100,86,463.32
1782640580959,3,100,89,470.24
1782640580959,4,100,88,465.33
1782640580959,5,100,89,466.95
1782640580959,6,100,89,456.96
1782640580959,7,100,89,463.40
1782640581270,0,100,89,480.67
1782640581270,1,100,89,464.81
1782640581270,2,100,88,465.37
1782640581270,3,100,89,470.84
1782640581270,4,100,88,465.18
1782640581270,5,100,89,467.73
1782640581270,6,100,89,457.14
1782640581270,7,100,89,464.05
1782640581580,0,100,89,480.55
1782640581580,1,100,89,467.38
1782640581580,2,100,88,467.99
1782640581580,3,100,89,471.25
1782640581580,4,100,88,464.48
1782640581580,5,100,89,468.54
1782640581580,6,100,89,458.66
1782640581580,7,100,89,464.67
1782640581889,0,100,89,481.09
1782640581889,1,100,89,469.79
1782640581889,2,100,88,471.42
1782640581889,3,100,89,472.17
1782640581889,4,100,88,465.51
1782640581889,5,100,89,468.82
1782640581889,6,100,89,457.90
1782640581889,7,100,89,464.51
1782640582199,0,100,89,480.92
1782640582199,1,100,89,470.84
1782640582199,2,100,88,471.43
1782640582199,3,100,89,472.49
1782640582199,4,100,88,465.86
1782640582199,5,100,89,468.73
1782640582199,6,100,89,458.49
1782640582199,7,100,89,464.66
1782640582509,0,100,89,480.49
1782640582509,1,100,89,470.96
1782640582509,2,100,88,471.23
1782640582509,3,100,89,472.64
1782640582509,4,100,88,466.88
1782640582509,5,100,89,468.45
1782640582509,6,100,89,458.92
1782640582509,7,100,89,465.43
1782640582821,0,100,89,481.62
1782640582821,1,100,89,471.49
1782640582821,2,100,88,471.07
1782640582821,3,100,89,473.89
1782640582821,4,100,88,466.56
1782640582821,5,100,89,468.91
1782640582821,6,100,89,458.71
1782640582821,7,100,89,465.20
1782640583129,0,100,89,482.02
1782640583129,1,100,89,471.22
1782640583129,2,100,88,471.63
1782640583129,3,100,89,473.67
1782640583129,4,100,88,466.67
1782640583129,5,100,89,469.16
1782640583129,6,100,89,459.68
1782640583129,7,100,89,465.66
1782640583440,0,100,89,482.55
1782640583440,1,100,89,470.95
1782640583440,2,100,88,472.42
1782640583440,3,100,89,474.40
1782640583440,4,100,88,467.27
1782640583440,5,100,89,470.18
1782640583440,6,100,89,459.41
1782640583440,7,100,89,466.00
1782640583751,0,100,89,482.34
1782640583751,1,100,87,467.49
1782640583751,2,100,86,470.89
1782640583751,3,100,89,474.55
1782640583751,4,100,88,467.71
1782640583751,5,100,89,470.54
1782640583751,6,100,89,460.07
1782640583751,7,100,89,466.61
1782640584065,0,100,89,482.45
1782640584065,1,100,87,463.58
1782640584065,2,100,86,468.16
1782640584065,3,100,89,475.15
1782640584065,4,100,88,466.96
1782640584065,5,100,89,470.37
1782640584065,6,100,89,459.95
1782640584065,7,100,89,465.90
1782640584374,0,100,89,482.91
1782640584374,1,100,86,462.49
1782640584374,2,100,86,465.38
1782640584374,3,100,89,474.34
1782640584374,4,100,88,466.81
1782640584374,5,100,89,470.64
1782640584374,6,100,89,460.24
1782640584374,7,100,89,464.77
1782640584681,0,100,89,483.78
1782640584681,1,100,86,463.72
1782640584681,2,100,86,464.09
1782640584681,3,100,89,474.49
1782640584681,4,100,88,466.03
1782640584681,5,100,89,471.44
1782640584681,6,100,89,460.10
1782640584681,7,100,89,465.22
1782640584989,0,100,89,483.95
1782640584989,1,100,86,464.22
1782640584989,2,100,86,464.39
1782640584989,3,100,89,474.60
1782640584989,4,100,88,466.30
1782640584989,5,100,89,473.03
1782640584989,6,100,89,460.83
1782640584989,7,100,89,465.22
1782640585386,0,100,89,484.03
1782640585386,1,100,89,465.80
1782640585386,2,100,86,466.63
1782640585386,3,100,89,475.89
1782640585386,4,100,88,466.59
1782640585386,5,100,89,472.82
1782640585386,6,100,89,461.80
1782640585386,7,100,89,466.36
1782640585698,0,100,89,483.81
1782640585698,1,100,89,469.64
1782640585698,2,100,89,469.18
1782640585698,3,100,89,476.41
1782640585698,4,100,88,467.36
1782640585698,5,100,89,472.87
1782640585698,6,100,89,461.42
1782640585698,7,100,89,468.42
1782640586005,0,100,89,484.80
1782640586005,1,100,89,472.27
1782640586005,2,100,89,471.82
1782640586005,3,100,89,477.39
1782640586005,4,100,88,468.64
1782640586005,5,100,89,472.12
1782640586005,6,100,89,461.84
1782640586005,7,100,89,468.61
1782640586312,0,100,89,485.67
1782640586312,1,100,89,473.86
1782640586312,2,100,89,473.41
1782640586312,3,100,89,478.38
1782640586312,4,100,89,469.87
1782640586312,5,100,89,472.40
1782640586312,6,100,89,461.74
1782640586312,7,100,89,469.56
1782640586663,0,100,89,485.69
1782640586663,1,100,89,472.98
1782640586663,2,100,89,473.33
1782640586663,3,100,89,477.25
1782640586663,4,100,88,469.67
1782640586663,5,100,89,472.47
1782640586663,6,100,89,462.88
1782640586663,7,100,89,467.99
1782640586974,0,100,89,485.49
1782640586974,1,100,89,431.80
1782640586974,2,100,89,473.30
1782640586974,3,100,89,478.57
1782640586974,4,0,0,384.06
1782640586974,5,100,89,472.72
1782640586974,6,100,89,462.72
1782640586974,7,100,89,468.27
1782640587252,0,46,41,431.71
1782640587252,1,0,0,364.99
1782640587252,2,0,0,392.35
1782640587252,3,0,0,407.75
1782640587252,4,0,0,316.90
1782640587252,5,0,0,388.22
1782640587252,6,0,0,400.86
1782640587252,7,100,89,414.48
1782640587485,0,0,0,364.99
1782640587485,1,0,0,298.07
1782640587485,2,0,0,326.33
1782640587485,3,0,0,340.45
1782640587485,4,0,0,245.51
1782640587485,5,0,0,319.89
1782640587485,6,0,0,333.83
1782640587485,7,0,0,344.79
1782640587714,0,0,0,261.72
1782640587714,1,0,0,197.04
1782640587714,2,0,0,260.42
1782640587714,3,0,0,272.66
1782640587714,4,0,0,149.23
1782640587714,5,0,0,246.99
1782640587714,6,0,0,266.55
1782640587714,7,0,0,279.71
1782640587944,0,0,0,192.60
1782640587944,1,0,0,133.25
1782640587944,2,0,0,155.00
1782640587944,3,0,0,168.49
1782640587944,4,0,0,127.60
1782640587944,5,0,0,148.93
1782640587944,6,0,0,160.00
1782640587944,7,0,0,172.89
1782640588174,0,0,0,135.99
1782640588174,1,0,0,130.68
1782640588174,2,0,0,136.94
1782640588174,3,0,0,127.50
1782640588174,4,0,0,127.18
1782640588174,5,0,0,124.68
1782640588174,6,0,0,121.62
1782640588174,7,0,0,124.76
1782640588403,0,0,0,134.43
1782640588403,1,0,0,130.29
1782640588403,2,0,0,136.23
1782640588403,3,0,0,126.15
1782640588403,4,0,0,127.05
1782640588403,5,0,0,124.10
1782640588403,6,0,0,120.60
1782640588403,7,0,0,123.04
1782640588669,0,51,8,137.23
1782640588669,1,53,8,132.97
1782640588669,2,26,4,138.40
1782640588669,3,22,3,127.71
1782640588669,4,24,4,129.73
1782640588669,5,31,5,127.31
1782640588669,6,46,7,123.15
1782640588669,7,27,4,125.44
1782640588978,0,0,0,136.84
1782640588978,1,0,0,132.79
1782640588978,2,25,4,138.24
1782640588978,3,35,5,127.70
1782640588978,4,17,3,129.73
1782640588978,5,0,0,127.19
1782640588978,6,0,0,122.98
1782640588978,7,0,0,125.47
1782640589208,0,0,0,135.92
1782640589208,1,0,0,132.56
1782640589208,2,0,0,138.08
1782640589208,3,0,0,127.46
1782640589208,4,0,0,129.51
1782640589208,5,0,0,127.09
1782640589208,6,0,0,122.90
1782640589208,7,0,0,125.34
1782640589435,0,0,0,135.40
1782640589435,1,0,0,132.29
1782640589435,2,0,0,137.95
1782640589435,3,0,0,127.21
1782640589435,4,0,0,129.29
1782640589435,5,0,0,127.04
1782640589435,6,0,0,122.74
1782640589435,7,0,0,125.13
1782640589691,0,100,1,132.36
1782640589691,1,100,1,129.55
1782640589691,2,97,1,136.49
1782640589691,3,100,1,126.56
1782640589691,4,76,1,126.99
1782640589691,5,100,1,124.86
1782640589691,6,100,1,120.42
1782640589691,7,0,0,123.41
1782640589955,0,0,0,132.10
1782640589955,1,19,0,129.47
1782640589955,2,63,0,135.52
1782640589955,3,58,0,124.90
1782640589955,4,71,0,126.78
1782640589955,5,20,0,124.02
1782640589955,6,36,0,120.43
1782640589955,7,0,0,122.74
1782640590189,0,0,0,132.04
1782640590189,1,0,0,129.37
1782640590189,2,0,0,135.39
1782640590189,3,0,0,124.84
1782640590189,4,0,0,126.75
1782640590189,5,0,0,123.95
1782640590189,6,0,0,120.37
1782640590189,7,0,0,122.65
1782640590419,0,24,0,140.02
1782640590419,1,2,0,130.89
1782640590419,2,0,0,139.39
1782640590419,3,38,2,128.18
1782640590419,4,1,0,137.47
1782640590419,5,11,3,128.85
1782640590419,6,31,0,133.44
1782640590419,7,9,4,132.42
1782640590786,0,85,39,257.59
1782640590786,1,48,24,262.68
1782640590786,2,6,3,235.40
1782640590786,3,8,4,214.88
1782640590786,4,98,47,273.79
1782640590786,5,87,16,236.23
1782640590786,6,97,46,282.73
1782640590786,7,79,32,275.17
1782640591101,0,86,41,428.80
1782640591101,1,98,46,422.27
1782640591101,2,98,47,427.31
1782640591101,3,98,47,424.93
1782640591101,4,20,10,429.69
1782640591101,5,98,47,432.90
1782640591101,6,0,0,418.47
1782640591101,7,98,47,422.27
1782640591480,0,0,0,464.22
1782640591480,1,0,0,467.67
1782640591480,2,49,24,494.35
1782640591480,3,73,33,480.32
1782640591480,4,35,17,470.11
1782640591480,5,84,35,490.98
1782640591480,6,59,30,461.64
1782640591480,7,0,0,472.74
1782640591746,0,98,47,576.91
1782640591746,1,98,47,571.87
1782640591746,2,98,48,573.62
1782640591746,3,98,47,576.59
1782640591746,4,98,36,531.97
1782640591746,5,98,35,534.46
1782640591746,6,98,40,522.41
1782640591746,7,98,36,533.88
1782640592013,0,98,45,532.35
1782640592013,1,98,47,513.34
1782640592013,2,97,15,499.61
1782640592013,3,96,4,506.67
1782640592013,4,97,21,440.21
1782640592013,5,100,1,427.36
1782640592013,6,100,1,430.82
1782640592013,7,98,38,438.04
1782640592315,0,5,1,475.47
1782640592315,1,34,1,467.90
1782640592315,2,91,1,468.49
1782640592315,3,75,1,470.47
1782640592315,4,100,1,400.49
1782640592315,5,38,1,395.58
1782640592315,6,66,1,396.31
1782640592315,7,7,1,403.38
1782640592653,0,4,1,275.70
1782640592653,1,5,1,255.58
1782640592653,2,7,1,299.28
1782640592653,3,6,1,246.49
1782640592653,4,7,1,227.67
1782640592653,5,5,1,207.89
1782640592653,6,6,1,213.77
1782640592653,7,4,1,216.54
1782640592988,0,2,0,158.45
1782640592988,1,8,0,139.60
1782640592988,2,6,1,135.97
1782640592988,3,6,1,129.14
1782640592988,4,50,1,128.64
1782640592988,5,43,0,125.09
1782640592988,6,77,0,121.72
1782640592988,7,37,0,124.28
1782640593218,0,0,0,132.66
1782640593218,1,0,0,130.83
1782640593218,2,28,0,134.77
1782640593218,3,12,0,125.62
1782640593218,4,0,0,125.46
1782640593218,5,35,0,124.00
1782640593218,6,8,0,119.52
1782640593218,7,0,0,122.84
1782640593532,0,97,1,132.50
1782640593532,1,95,1,130.48
1782640593532,2,93,1,134.83
1782640593532,3,100,1,125.35
1782640593532,4,100,1,125.48
1782640593532,5,100,1,124.09
1782640593532,6,100,1,119.66
1782640593532,7,97,1,122.94
1782640593836,0,100,1,132.42
1782640593836,1,100,1,129.85
1782640593836,2,100,1,134.73
1782640593836,3,100,1,125.06
1782640593836,4,100,1,125.39
1782640593836,5,100,1,123.97
1782640593836,6,100,1,119.68
1782640593836,7,82,1,122.81
1782640594143,0,0,0,132.24
1782640594143,1,0,0,129.31
1782640594143,2,79,0,134.68
1782640594143,3,82,1,125.06
1782640594143,4,100,1,125.49
1782640594143,5,92,1,124.07
1782640594143,6,92,1,119.80
1782640594143,7,12,0,122.73
1782640594388,0,0,0,131.71
1782640594388,1,0,0,128.52
1782640594388,2,0,0,134.12
1782640594388,3,0,0,124.62
1782640594388,4,0,0,125.19
1782640594388,5,0,0,123.65
1782640594388,6,0,0,119.46
1782640594388,7,0,0,122.25
1782640594629,0,0,0,137.35
1782640594629,1,0,0,130.20
1782640594629,2,20,0,137.87
1782640594629,3,16,1,129.26
1782640594629,4,1,0,137.35
1782640594629,5,38,4,132.19
1782640594629,6,23,1,123.31
1782640594629,7,0,0,125.10
1782640594965,0,98,48,230.46
1782640594965,1,96,44,239.47
1782640594965,2,79,26,257.63
1782640594965,3,98,31,246.94
1782640594965,4,87,27,270.77
1782640594965,5,96,33,237.14
1782640594965,6,94,25,217.57
1782640594965,7,98,35,220.70
1782640595265,0,53,26,425.37
1782640595265,1,81,37,414.64
1782640595265,2,98,49,423.63
1782640595265,3,97,47,429.55
1782640595265,4,93,36,381.51
1782640595265,5,87,28,374.87
1782640595265,6,98,39,362.52
1782640595265,7,72,27,357.93
1782640595623,0,33,15,450.46
1782640595623,1,2,1,441.81
1782640595623,2,4,4,442.94
1782640595623,3,0,0,450.30
1782640595623,4,11,8,380.92
1782640595623,5,7,7,372.94
1782640595623,6,0,0,362.10
1782640595623,7,6,7,362.86
1782640596022,0,0,0,264.45
1782640596022,1,8,9,291.07
1782640596022,2,0,0,281.38
1782640596022,3,3,4,282.99
1782640596022,4,3,3,216.61
1782640596022,5,100,0,257.90
1782640596022,6,3,3,210.59
1782640596022,7,0,0,218.40
1782640596377,0,88,47,228.12
1782640596377,1,51,29,231.68
1782640596377,2,49,27,247.13
1782640596377,3,54,31,245.28
1782640596377,4,42,14,207.70
1782640596377,5,79,38,208.64
1782640596377,6,51,23,218.12
1782640596377,7,100,11,211.65
1782640596760,0,99,56,391.32
1782640596760,1,99,55,386.19
1782640596760,2,99,56,356.22
1782640596760,3,99,56,359.08
1782640596760,4,81,40,333.22
1782640596760,5,99,44,310.12
1782640596760,6,79,42,344.71
1782640596760,7,99,45,351.22
1782640597093,0,99,57,529.40
1782640597093,1,99,54,531.87
1782640597093,2,99,54,500.49
1782640597093,3,99,55,558.93
1782640597093,4,93,44,448.96
1782640597093,5,99,42,462.20
1782640597093,6,99,46,445.52
1782640597093,7,99,45,451.54
1782640597407,0,99,54,615.52
1782640597407,1,99,55,597.46
1782640597407,2,99,55,595.62
1782640597407,3,99,54,606.55
1782640597407,4,99,45,498.53
1782640597407,5,99,43,512.54
1782640597407,6,99,47,492.94
1782640597407,7,94,42,504.37
1782640597718,0,61,33,561.51
1782640597718,1,97,54,534.13
1782640597718,2,99,56,563.93
1782640597718,3,0,0,528.68
1782640597718,4,2,2,443.91
1782640597718,5,0,0,443.11
1782640597718,6,2,2,427.29
1782640597718,7,80,34,438.17
1782640598115,0,38,32,434.71
1782640598115,1,53,45,422.95
1782640598115,2,24,16,435.71
1782640598115,3,61,35,437.01
1782640598115,4,0,0,368.91
1782640598115,5,57,44,386.87
1782640598115,6,39,30,367.36
1782640598115,7,46,38,382.75
1782640598412,0,98,47,468.98
1782640598412,1,97,47,458.68
1782640598412,2,97,48,453.80
1782640598412,3,98,47,462.63
1782640598412,4,98,47,431.96
1782640598412,5,98,47,445.91
1782640598412,6,98,47,430.83
1782640598412,7,97,46,441.11
1782640598709,0,96,57,491.10
1782640598709,1,95,53,490.10
1782640598709,2,98,46,481.33
1782640598709,3,98,45,490.88
1782640598709,4,98,47,461.43
1782640598709,5,86,49,468.61
1782640598709,6,98,45,450.48
1782640598709,7,54,35,460.71
1782640599031,0,100,35,581.76
1782640599031,1,99,32,583.31
1782640599031,2,99,55,599.90
1782640599031,3,99,55,603.30
1782640599031,4,99,55,581.98
1782640599031,5,99,54,610.63
1782640599031,6,99,55,580.88
1782640599031,7,99,52,597.57
1782640599335,0,99,55,604.38
1782640599335,1,99,54,589.73
1782640599335,2,99,56,586.83
1782640599335,3,99,55,591.37
1782640599335,4,99,55,587.29
1782640599335,5,99,55,591.14
1782640599335,6,99,56,573.47
1782640599335,7,99,55,581.11
1782640599635,0,99,54,567.87
1782640599635,1,99,57,556.12
1782640599635,2,99,57,565.84
1782640599635,3,99,55,567.05
1782640599635,4,99,55,559.42
1782640599635,5,99,55,574.91
1782640599635,6,99,55,557.88
1782640599635,7,99,55,561.31
1782640599940,0,99,55,624.33
1782640599940,1,99,55,612.22
1782640599940,2,99,54,613.00
1782640599940,3,99,55,617.02
1782640599940,4,99,56,619.62
1782640599940,5,99,54,622.63
1782640599940,6,99,56,599.82
1782640599940,7,99,57,614.24
1782640600244,0,99,55,597.03
1782640600244,1,99,54,578.78
1782640600244,2,90,56,559.34
1782640600244,3,90,46,562.88
1782640600244,4,95,65,579.40
1782640600244,5,94,29,561.92
1782640600244,6,90,48,543.96
1782640600244,7,99,54,554.54
1782640600549,0,52,1,404.15
1782640600549,1,87,1,392.34
1782640600549,2,100,1,420.33
1782640600549,3,5,1,375.34
1782640600549,4,4,1,386.70
1782640600549,5,6,1,362.49
1782640600549,6,4,1,358.86
1782640600549,7,69,1,360.24
1782640600933,0,6,1,205.14
1782640600933,1,7,1,198.39
1782640600933,2,5,1,232.89
1782640600933,3,5,1,227.54
1782640600933,4,4,1,192.61
1782640600933,5,6,1,222.02
1782640600933,6,7,1,173.06
1782640600933,7,7,1,165.93
1782640601308,0,5,1,135.19
1782640601308,1,6,1,132.36
1782640601308,2,5,1,136.29
1782640601308,3,6,1,127.16
1782640601308,4,4,1,126.99
1782640601308,5,7,1,125.52
1782640601308,6,5,1,120.77
1782640601308,7,5,1,123.78
1782640601661,0,4,1,133.86
1782640601661,1,4,1,131.08
1782640601661,2,8,1,135.78
1782640601661,3,6,1,126.05
1782640601661,4,6,1,126.62
1782640601661,5,5,1,125.05
1782640601661,6,6,1,120.18
1782640601661,7,4,1,123.33
1782640602018,0,5,1,133.07
1782640602018,1,3,0,130.67
1782640602018,2,6,1,135.49
1782640602018,3,4,1,125.72
1782640602018,4,7,1,126.40
1782640602018,5,4,1,124.78
1782640602018,6,5,1,119.96
1782640602018,7,4,1,122.97
1782640602366,0,4,1,132.19
1782640602366,1,4,1,130.11
1782640602366,2,3,0,135.13
1782640602366,3,3,0,125.23
1782640602366,4,3,0,126.18
1782640602366,5,4,1,124.68
1782640602366,6,3,0,119.75
1782640602366,7,4,1,122.71
1782640602780,0,6,1,131.99
1782640602780,1,4,1,129.58
1782640602780,2,100,1,135.36
1782640602780,3,34,1,125.10
1782640602780,4,5,1,126.05
1782640602780,5,18,1,124.91
1782640602780,6,4,1,119.84
1782640602780,7,5,1,122.84
1782640603142,0,100,2,133.39
1782640603142,1,100,2,130.54
1782640603142,2,50,1,136.62
1782640603142,3,100,2,126.55
1782640603142,4,100,2,127.44
1782640603142,5,100,2,126.44
1782640603142,6,100,2,121.09
1782640603142,7,100,2,124.29
1782640603551,0,100,1,134.12
1782640603551,1,100,1,131.04
1782640603551,2,100,1,138.03
1782640603551,3,76,1,128.03
1782640603551,4,100,1,128.01
1782640603551,5,100,1,127.01
1782640603551,6,100,1,121.56
1782640603551,7,100,1,124.70
1782640603806,0,89,18,154.42
1782640603806,1,86,7,152.52
1782640603806,2,80,0,161.59
1782640603806,3,44,22,154.94
1782640603806,4,55,27,152.85
1782640603806,5,46,20,152.42
1782640603806,6,57,21,145.09
1782640603806,7,91,13,149.38
1782640604094,0,100,1,158.79
1782640604094,1,50,21,130.65
1782640604094,2,100,1,163.44
1782640604094,3,100,1,156.20
1782640604094,4,100,4,158.94
1782640604094,5,100,1,153.55
1782640604094,6,100,1,147.58
1782640604094,7,100,1,151.59
1782640604390,0,24,4,158.96
1782640604390,1,24,4,157.19
1782640604390,2,5,1,162.99
1782640604390,3,5,1,156.65
1782640604390,4,6,1,157.99
1782640604390,5,5,1,153.70
1782640604390,6,5,1,146.72
1782640604390,7,24,4,150.86
1782640604730,0,66,35,164.27
1782640604730,1,43,20,165.02
1782640604730,2,5,1,171.69
1782640604730,3,16,1,164.29
1782640604730,4,3,1,165.93
1782640604730,5,49,11,166.57
1782640604730,6,32,1,158.07
1782640604730,7,53,27,162.03
1782640604989,0,0,0,161.62
1782640604989,1,20,12,159.85
1782640604989,2,73,38,165.04
1782640604989,3,59,31,157.29
1782640604989,4,83,43,159.07
1782640604989,5,35,19,158.02
1782640604989,6,64,32,151.49
1782640604989,7,3,3,153.20
1782640605226,0,0,0,161.12
1782640605226,1,0,0,158.70
1782640605226,2,0,0,163.82
1782640605226,3,0,0,156.74
1782640605226,4,0,0,158.06
1782640605226,5,0,0,157.30
1782640605226,6,0,0,150.61
1782640605226,7,0,0,152.30
1782640605468,0,0,0,160.43
1782640605468,1,0,0,158.45
1782640605468,2,23,3,164.14
1782640605468,3,22,3,156.23
1782640605468,4,0,0,157.37
1782640605468,5,15,2,156.41
1782640605468,6,0,0,150.50
1782640605468,7,0,0,152.71
1782640605705,0,0,0,146.83
1782640605705,1,18,3,157.81
1782640605705,2,0,0,159.87
1782640605705,3,0,0,151.77
1782640605705,4,0,0,138.82
1782640605705,5,0,0,150.24
1782640605705,6,0,0,146.09
1782640605705,7,3,0,144.53
1782640605952,0,16,2,131.33
1782640605952,1,0,0,127.83
1782640605952,2,0,0,135.38
1782640605952,3,0,0,123.84
1782640605952,4,58,9,126.70
1782640605952,5,0,0,125.18
1782640605952,6,48,7,120.02
1782640605952,7,0,0,122.01
1782640606250,0,0,0,134.65
1782640606250,1,52,8,133.06
1782640606250,2,0,0,148.04
1782640606250,3,1,0,138.26
1782640606250,4,0,0,129.11
1782640606250,5,23,20,139.51
1782640606250,6,0,0,129.78
1782640606250,7,33,5,136.20
1782640606524,0,100,87,227.92
1782640606524,1,100,87,223.32
1782640606524,2,100,87,240.87
1782640606524,3,100,87,234.09
1782640606524,4,100,87,221.68
1782640606524,5,100,87,235.72
1782640606524,6,100,87,223.52
1782640606524,7,100,87,227.52
1782640606834,0,100,87,326.00
1782640606834,1,100,87,317.39
1782640606834,2,100,87,331.91
1782640606834,3,100,87,332.06
1782640606834,4,100,87,319.48
1782640606834,5,100,87,333.23
1782640606834,6,100,87,318.03
1782640606834,7,100,87,326.76
1782640607141,0,100,87,422.04
1782640607141,1,100,87,416.31
1782640607141,2,100,87,425.52
1782640607141,3,100,87,428.66
1782640607141,4,100,87,411.36
1782640607141,5,100,87,427.96
1782640607141,6,100,87,413.98
1782640607141,7,100,87,422.04
1782640607447,0,100,87,456.87
1782640607447,1,100,87,447.18
1782640607447,2,100,87,453.85
1782640607447,3,100,87,451.19
1782640607447,4,100,87,448.01
1782640607447,5,100,87,446.22
1782640607447,6,100,87,437.28
1782640607447,7,100,87,442.73
1782640607755,0,100,87,457.08
1782640607755,1,100,87,450.28
1782640607755,2,100,87,454.20
1782640607755,3,100,87,451.57
1782640607755,4,100,87,448.91
1782640607755,5,100,87,448.35
1782640607755,6,100,87,438.48
1782640607755,7,100,87,443.11
1782640608065,0,100,87,458.44
1782640608065,1,100,87,451.19
1782640608065,2,100,87,454.05
1782640608065,3,100,87,452.14
1782640608065,4,100,87,450.50
1782640608065,5,100,87,449.04
1782640608065,6,100,87,438.43
1782640608065,7,100,87,441.53
1782640608504,0,100,87,459.44
1782640608504,1,100,87,452.57
1782640608504,2,100,87,453.93
1782640608504,3,100,87,452.74
1782640608504,4,100,87,450.24
1782640608504,5,100,87,450.08
1782640608504,6,100,87,441.24
1782640608504,7,100,87,442.14
1782640608809,0,100,87,459.08
1782640608809,1,100,88,453.41
1782640608809,2,100,86,452.60
1782640608809,3,100,87,454.12
1782640608809,4,100,86,450.71
1782640608809,5,100,88,449.39
1782640608809,6,100,86,439.98
1782640608809,7,100,86,439.83
1782640609113,0,100,87,459.20
1782640609113,1,100,88,455.02
1782640609113,2,100,86,452.90
1782640609113,3,100,87,454.90
1782640609113,4,100,86,449.86
1782640609113,5,100,88,450.70
1782640609113,6,100,86,438.93
1782640609113,7,100,86,441.76
1782640609421,0,100,87,460.26
1782640609421,1,100,88,456.62
1782640609421,2,100,87,452.67
1782640609421,3,100,87,453.69
1782640609421,4,100,87,451.57
1782640609421,5,100,87,450.84
1782640609421,6,100,87,438.50
1782640609421,7,100,87,441.42
1782640609726,0,100,87,461.77
1782640609726,1,100,87,457.79
1782640609726,2,100,87,452.77
1782640609726,3,100,87,455.13
1782640609726,4,100,87,450.61
1782640609726,5,100,87,451.23
1782640609726,6,100,87,438.72
1782640609726,7,100,87,444.62
1782640610034,0,100,87,463.09
1782640610034,1,100,87,456.95
1782640610034,2,100,87,454.35
1782640610034,3,100,87,452.91
1782640610034,4,100,87,450.77
1782640610034,5,100,87,450.95
1782640610034,6,100,87,440.41
1782640610034,7,100,87,442.93
1782640610341,0,100,87,462.54
1782640610341,1,100,88,457.36
1782640610341,2,100,87,455.23
1782640610341,3,100,87,454.53
1782640610341,4,100,87,453.10
1782640610341,5,100,87,451.34
1782640610341,6,100,87,441.47
1782640610341,7,100,87,448.10
1782640610648,0,100,88,462.09
1782640610648,1,100,87,456.72
1782640610648,2,100,87,457.38
1782640610648,3,100,87,455.68
1782640610648,4,100,87,453.11
1782640610648,5,100,87,451.95
1782640610648,6,100,88,442.43
1782640610648,7,100,87,447.61
1782640610956,0,100,87,462.98
1782640610956,1,100,88,456.90
1782640610956,2,100,87,457.68
1782640610956,3,100,87,456.79
1782640610956,4,100,87,453.53
1782640610956,5,100,87,452.41
1782640610956,6,100,88,442.58
1782640610956,7,100,87,451.74
1782640611267,0,100,87,461.91
1782640611267,1,100,88,458.71
1782640611267,2,100,87,458.68
1782640611267,3,100,87,456.46
1782640611267,4,100,87,453.72
1782640611267,5,100,88,452.61
1782640611267,6,100,87,443.86
1782640611267,7,100,87,448.85
1782640611577,0,100,87,463.74
1782640611577,1,100,88,458.98
1782640611577,2,100,87,458.53
1782640611577,3,100,87,456.36
1782640611577,4,100,87,453.49
1782640611577,5,100,87,452.80
1782640611577,6,100,87,443.94
1782640611577,7,100,87,449.03
1782640611889,0,100,87,463.11
1782640611889,1,100,88,460.13
1782640611889,2,100,87,459.80
1782640611889,3,100,87,456.69
1782640611889,4,100,87,454.11
1782640611889,5,100,87,453.44
1782640611889,6,100,87,443.47
1782640611889,7,100,87,449.80
1782640612203,0,100,87,464.72
1782640612203,1,100,88,459.59
1782640612203,2,100,87,458.50
1782640612203,3,100,87,457.12
1782640612203,4,100,87,455.02
1782640612203,5,100,87,453.53
1782640612203,6,100,87,442.40
1782640612203,7,100,87,449.16
1782640612512,0,100,87,464.87
1782640612512,1,100,88,459.98
1782640612512,2,100,87,458.80
1782640612512,3,100,87,457.73
1782640612512,4,100,87,455.56
1782640612512,5,100,88,453.48
1782640612512,6,100,87,442.50
1782640612512,7,100,87,447.97
1782640612824,0,100,87,464.92
1782640612824,1,100,88,460.52
1782640612824,2,100,87,458.52
1782640612824,3,100,87,458.48
1782640612824,4,100,87,456.23
1782640612824,5,100,88,454.40
1782640612824,6,100,87,443.19
1782640612824,7,100,87,448.68
1782640613130,0,100,87,461.07
1782640613130,1,100,88,461.03
1782640613130,2,100,87,458.86
1782640613130,3,100,88,458.99
1782640613130,4,100,87,457.03
1782640613130,5,100,88,454.51
1782640613130,6,100,87,443.38
1782640613130,7,100,87,448.54
1782640613437,0,100,88,462.62
1782640613437,1,100,88,460.09
1782640613437,2,100,88,460.95
1782640613437,3,100,88,458.75
1782640613437,4,100,87,457.08
1782640613437,5,100,88,454.98
1782640613437,6,100,88,444.01
1782640613437,7,100,88,450.16
1782640613746,0,100,88,461.64
1782640613746,1,100,88,461.11
1782640613746,2,100,88,460.31
1782640613746,3,100,88,459.14
1782640613746,4,100,87,458.58
1782640613746,5,100,88,455.66
1782640613746,6,100,88,442.99
1782640613746,7,100,87,451.29
1782640614137,0,100,88,466.51
1782640614137,1,100,88,462.74
1782640614137,2,100,87,461.05
1782640614137,3,100,88,460.33
1782640614137,4,100,87,458.82
1782640614137,5,100,88,456.16
1782640614137,6,100,88,444.01
1782640614137,7,100,88,452.60
1782640614479,0,100,88,468.24
1782640614479,1,100,88,464.98
1782640614479,2,100,88,461.52
1782640614479,3,100,88,460.68
1782640614479,4,100,88,459.38
1782640614479,5,100,88,456.26
1782640614479,6,100,88,445.19
1782640614479,7,100,88,452.51
1782640614786,0,100,88,469.40
1782640614786,1,100,88,464.75
1782640614786,2,100,88,462.17
1782640614786,3,100,88,460.55
1782640614786,4,100,87,458.66
1782640614786,5,100,88,456.70
1782640614786,6,100,88,446.40
1782640614786,7,100,88,452.98
1782640615097,0,100,87,469.81
1782640615097,1,100,88,463.92
1782640615097,2,100,88,462.45
1782640615097,3,100,88,460.59
1782640615097,4,100,87,459.44
1782640615097,5,100,88,456.07
1782640615097,6,100,88,446.67
1782640615097,7,100,87,453.45
1782640615406,0,100,87,469.00
1782640615406,1,100,88,462.69
1782640615406,2,100,88,462.69
1782640615406,3,100,88,460.66
1782640615406,4,100,87,458.05
1782640615406,5,100,88,456.73
1782640615406,6,100,88,447.82
1782640615406,7,100,87,453.62
1782640615714,0,100,87,468.68
1782640615714,1,100,88,463.72
1782640615714,2,100,88,462.56
1782640615714,3,100,88,461.09
1782640615714,4,100,87,458.89
1782640615714,5,100,88,456.38
1782640615714,6,100,88,444.05
1782640615714,7,100,87,453.16
1782640616021,0,100,88,468.60
1782640616021,1,100,88,462.93
1782640616021,2,100,88,463.12
1782640616021,3,100,88,461.30
1782640616021,4,100,88,457.68
1782640616021,5,100,88,457.99
1782640616021,6,100,88,440.91
1782640616021,7,100,87,453.98
1782640616326,0,100,88,470.36
1782640616326,1,100,88,463.03
1782640616326,2,100,88,463.76
1782640616326,3,100,88,461.57
1782640616326,4,100,88,464.60
1782640616326,5,100,88,458.86
1782640616326,6,100,88,441.23
1782640616326,7,100,88,453.46
1782640616682,0,100,88,470.62
1782640616682,1,100,88,463.01
1782640616682,2,100,88,463.88
1782640616682,3,100,88,461.96
1782640616682,4,100,88,469.20
1782640616682,5,100,88,460.19
1782640616682,6,100,88,445.34
1782640616682,7,100,88,453.52
1782640616991,0,100,88,471.25
1782640616991,1,100,88,463.64
1782640616991,2,100,88,464.43
1782640616991,3,100,88,462.84
1782640616991,4,100,88,469.27
1782640616991,5,100,88,456.72
1782640616991,6,100,88,448.23
1782640616991,7,100,88,454.57
1782640617297,0,100,88,471.32
1782640617297,1,100,88,464.85
1782640617297,2,100,88,464.55
1782640617297,3,100,88,462.31
1782640617297,4,100,88,466.03
1782640617297,5,100,88,458.34
1782640617297,6,100,88,448.38
1782640617297,7,100,88,455.42
1782640617607,0,100,88,471.18
1782640617607,1,100,88,466.12
1782640617607,2,100,88,465.08
1782640617607,3,100,88,463.46
1782640617607,4,100,88,463.07
1782640617607,5,100,88,455.00
1782640617607,6,100,88,449.03
1782640617607,7,100,88,455.46
1782640617916,0,100,88,471.77
1782640617916,1,100,88,466.17
1782640617916,2,100,88,466.29
1782640617916,3,100,88,463.54
1782640617916,4,100,88,461.83
1782640617916,5,100,88,458.40
1782640617916,6,100,88,449.53
1782640617916,7,100,88,455.82
1782640618222,0,100,88,472.11
1782640618222,1,100,88,466.24
1782640618222,2,100,88,466.30
1782640618222,3,100,88,464.08
1782640618222,4,100,88,461.67
1782640618222,5,100,88,456.17
1782640618222,6,100,88,450.57
1782640618222,7,100,88,455.05
1782640618527,0,100,88,472.89
1782640618527,1,100,88,466.99
1782640618527,2,100,88,466.90
1782640618527,3,100,88,464.40
1782640618527,4,100,88,462.71
1782640618527,5,100,88,455.96
1782640618527,6,100,88,450.12
1782640618527,7,100,88,452.50
1782640618834,0,100,88,473.54
1782640618834,1,100,88,467.14
1782640618834,2,100,88,466.16
1782640618834,3,100,88,465.03
1782640618834,4,100,88,463.14
1782640618834,5,100,88,461.39
1782640618834,6,100,88,449.42
1782640618834,7,100,88,457.00
1782640619139,0,100,88,473.50
1782640619139,1,100,88,467.69
1782640619139,2,100,88,467.32
1782640619139,3,100,88,466.70
1782640619139,4,100,88,463.89
1782640619139,5,100,88,460.69
1782640619139,6,100,88,449.26
1782640619139,7,100,88,453.24
1782640619446,0,100,88,473.89
1782640619446,1,100,88,467.54
1782640619446,2,100,88,466.52
1782640619446,3,100,88,465.39
1782640619446,4,100,88,463.52
1782640619446,5,100,88,460.07
1782640619446,6,100,88,449.66
1782640619446,7,100,88,458.94
1782640619752,0,100,88,474.35
1782640619752,1,100,88,467.79
1782640619752,2,100,88,466.49
1782640619752,3,100,88,470.94
1782640619752,4,100,88,463.48
1782640619752,5,100,88,461.01
1782640619752,6,100,88,450.99
1782640619752,7,100,88,455.40
1782640620149,0,100,88,474.81
1782640620149,1,100,88,468.61
1782640620149,2,100,88,466.54
1782640620149,3,100,88,466.49
1782640620149,4,100,88,463.25
1782640620149,5,100,88,461.07
1782640620149,6,100,88,451.30
1782640620149,7,100,88,456.50
1782640620462,0,100,88,474.71
1782640620462,1,100,89,469.12
1782640620462,2,100,88,467.88
1782640620462,3,100,88,460.06
1782640620462,4,100,88,463.84
1782640620462,5,100,88,462.18
1782640620462,6,100,88,451.80
1782640620462,7,100,88,458.47
1782640620775,0,100,88,474.61
1782640620775,1,100,89,470.01
1782640620775,2,100,88,469.59
1782640620775,3,100,88,455.41
1782640620775,4,100,88,464.69
1782640620775,5,100,88,462.26
1782640620775,6,100,88,451.86
1782640620775,7,100,88,458.97
1782640621084,0,100,88,474.35
1782640621084,1,100,89,470.08
1782640621084,2,100,88,473.74
1782640621084,3,100,88,453.93
1782640621084,4,100,88,465.29
1782640621084,5,100,88,462.70
1782640621084,6,100,88,452.45
1782640621084,7,100,88,459.39
1782640621394,0,100,88,473.96
1782640621394,1,100,89,470.69
1782640621394,2,100,88,473.87
1782640621394,3,100,88,464.60
1782640621394,4,100,88,465.13
1782640621394,5,100,88,462.28
1782640621394,6,100,88,452.61
1782640621394,7,100,88,458.93
1782640621706,0,100,88,479.00
1782640621706,1,100,89,471.15
1782640621706,2,100,88,474.82
1782640621706,3,100,88,467.69
1782640621706,4,100,88,465.58
1782640621706,5,100,88,462.79
1782640621706,6,100,88,452.84
1782640621706,7,100,88,458.86
1782640622013,0,100,88,481.85
1782640622013,1,100,89,469.19
1782640622013,2,100,88,469.28
1782640622013,3,100,88,468.39
1782640622013,4,100,88,465.53
1782640622013,5,100,88,463.13
1782640622013,6,100,88,452.53
1782640622013,7,100,88,459.42
1782640622360,0,100,88,479.24
1782640622360,1,100,89,473.98
1782640622360,2,100,88,468.39
1782640622360,3,100,88,468.04
1782640622360,4,100,88,466.36
1782640622360,5,100,88,463.46
1782640622360,6,100,88,452.95
1782640622360,7,100,88,459.27
1782640622667,0,100,88,479.03
1782640622667,1,100,89,475.82
1782640622667,2,100,88,468.92
1782640622667,3,100,88,469.14
1782640622667,4,100,88,466.61
1782640622667,5,100,88,463.98
1782640622667,6,100,88,453.19
1782640622667,7,100,88,459.92
1782640622982,0,100,88,476.01
1782640622982,1,100,89,474.49
1782640622982,2,100,88,469.77
1782640622982,3,100,88,468.53
1782640622982,4,100,88,467.22
1782640622982,5,100,88,463.88
1782640622982,6,100,88,454.35
1782640622982,7,100,88,459.78
1782640623292,0,100,89,479.11
1782640623292,1,100,89,471.77
1782640623292,2,100,88,470.37
1782640623292,3,100,88,468.45
1782640623292,4,100,88,467.12
1782640623292,5,100,88,464.05
1782640623292,6,100,88,454.89
1782640623292,7,100,88,459.91
1782640623600,0,100,88,478.71
1782640623600,1,100,89,469.75
1782640623600,2,100,88,470.43
1782640623600,3,100,88,468.82
1782640623600,4,100,88,467.05
1782640623600,5,100,88,464.35
1782640623600,6,100,88,454.80
1782640623600,7,100,88,460.27
1782640623908,0,100,88,478.53
1782640623908,1,100,89,474.22
1782640623908,2,100,88,470.03
1782640623908,3,100,88,469.38
1782640623908,4,100,88,467.93
1782640623908,5,100,88,464.25
1782640623908,6,100,88,453.95
1782640623908,7,100,88,461.04
1782640624218,0,100,88,479.30
1782640624218,1,100,89,472.36
1782640624218,2,100,88,469.97
1782640624218,3,100,89,469.28
1782640624218,4,100,88,468.13
1782640624218,5,100,89,464.97
1782640624218,6,100,89,453.49
1782640624218,7,100,88,461.14
1782640624528,0,100,89,478.01
1782640624528,1,100,89,472.67
1782640624528,2,100,88,470.59
1782640624528,3,100,88,468.66
1782640624528,4,100,88,469.57
1782640624528,5,100,88,465.21
1782640624528,6,100,89,455.26
1782640624528,7,100,88,461.32
1782640624836,0,100,89,478.49
1782640624836,1,100,89,473.48
1782640624836,2,100,89,471.47
1782640624836,3,100,88,468.04
1782640624836,4,100,88,470.44
1782640624836,5,100,89,466.52
1782640624836,6,100,89,454.19
1782640624836,7,100,88,461.53
1782640625147,0,100,89,477.79
1782640625147,1,100,89,473.08
1782640625147,2,100,89,472.03
1782640625147,3,100,88,467.89
1782640625147,4,100,88,470.50
1782640625147,5,100,89,467.06
1782640625147,6,100,89,455.03
1782640625147,7,100,89,462.72
1782640625458,0,100,89,478.55
1782640625458,1,100,89,474.14
1782640625458,2,100,89,472.33
1782640625458,3,100,88,467.55
1782640625458,4,100,89,470.59
1782640625458,5,100,89,467.45
1782640625458,6,100,89,456.64
1782640625458,7,100,89,463.76
1782640625859,0,100,89,478.15
1782640625859,1,100,89,473.98
1782640625859,2,100,89,472.55
1782640625859,3,100,88,467.62
1782640625859,4,100,88,470.03
1782640625859,5,100,89,467.73
1782640625859,6,100,89,456.39
1782640625859,7,100,89,463.72
1782640626163,0,100,89,478.76
1782640626163,1,100,89,474.60
1782640626163,2,100,89,472.57
1782640626163,3,100,86,465.51
1782640626163,4,100,88,469.56
1782640626163,5,100,89,467.87
1782640626163,6,100,89,456.30
1782640626163,7,100,89,463.40
1782640626470,0,100,89,479.97
1782640626470,1,100,89,475.34
1782640626470,2,100,89,472.89
1782640626470,3,100,86,463.53
1782640626470,4,100,89,469.07
1782640626470,5,100,89,467.84
1782640626470,6,100,89,454.85
1782640626470,7,100,89,463.06
1782640626782,0,100,89,480.97
1782640626782,1,100,89,475.76
1782640626782,2,100,89,473.53
1782640626782,3,100,86,461.33
1782640626782,4,100,89,469.57
1782640626782,5,100,89,467.45
1782640626782,6,100,89,457.18
1782640626782,7,100,89,463.74
1782640627094,0,100,89,481.69
1782640627094,1,100,89,475.64
1782640627094,2,100,89,473.43
1782640627094,3,100,88,462.95
1782640627094,4,100,89,470.01
1782640627094,5,100,89,467.68
1782640627094,6,100,89,458.06
1782640627094,7,100,89,464.33
1782640627403,0,100,89,481.28
1782640627403,1,100,89,475.17
1782640627403,2,100,89,473.90
1782640627403,3,100,88,466.51
1782640627403,4,100,88,470.48
1782640627403,5,100,89,468.07
1782640627403,6,100,89,458.28
1782640627403,7,100,89,464.79
1782640627715,0,100,89,481.58
1782640627715,1,100,89,474.94
1782640627715,2,100,89,473.90
1782640627715,3,100,88,469.01
1782640627715,4,100,89,469.92
1782640627715,5,100,89,467.86
1782640627715,6,100,89,458.02
1782640627715,7,100,89,465.15
1782640628027,0,100,89,481.17
1782640628027,1,100,89,475.39
1782640628027,2,100,89,474.55
1782640628027,3,100,88,469.23
1782640628027,4,100,89,470.27
1782640628027,5,100,89,468.39
1782640628027,6,100,89,459.73
1782640628027,7,100,89,465.32
1782640628343,0,100,89,481.58
1782640628343,1,100,89,476.40
1782640628343,2,100,89,475.43
1782640628343,3,100,88,470.49
1782640628343,4,100,89,471.82
1782640628343,5,100,89,469.14
1782640628343,6,100,89,459.98
1782640628343,7,100,89,465.83
1782640628653,0,100,89,481.30
1782640628653,1,100,89,476.23
1782640628653,2,100,89,475.22
1782640628653,3,100,88,471.23
1782640628653,4,100,89,472.54
1782640628653,5,100,89,469.23
1782640628653,6,100,89,460.84
1782640628653,7,100,89,465.49
1782640628963,0,100,89,482.51
1782640628963,1,100,89,476.96
1782640628963,2,100,89,475.90
1782640628963,3,100,88,472.01
1782640628963,4,100,89,473.69
1782640628963,5,100,89,470.05
1782640628963,6,100,89,460.49
1782640628963,7,100,89,465.94
1782640629277,0,100,89,482.54
1782640629277,1,100,89,476.68
1782640629277,2,100,89,475.36
1782640629277,3,100,88,471.63
1782640629277,4,100,89,474.33
1782640629277,5,100,89,470.96
1782640629277,6,100,89,459.78
1782640629277,7,100,89,466.10
1782640629589,0,100,89,483.29
1782640629589,1,100,89,477.87
1782640629589,2,100,89,475.53
1782640629589,3,100,87,469.59
1782640629589,4,100,89,474.66
1782640629589,5,100,89,471.82
1782640629589,6,100,89,459.53
1782640629589,7,100,89,466.36
1782640629905,0,100,89,483.50
1782640629905,1,100,89,476.41
1782640629905,2,100,89,475.60
1782640629905,3,100,86,466.46
1782640629905,4,100,89,473.95
1782640629905,5,100,89,471.59
1782640629905,6,100,89,459.61
1782640629905,7,100,89,466.26
1782640630215,0,100,89,483.63
1782640630215,1,100,89,476.88
1782640630215,2,100,89,476.61
1782640630215,3,100,86,464.43
1782640630215,4,100,89,472.81
1782640630215,5,100,89,472.05
1782640630215,6,100,89,460.56
1782640630215,7,100,89,467.40
1782640630524,0,100,89,483.76
1782640630524,1,100,89,476.77
1782640630524,2,100,89,477.00
1782640630524,3,100,86,463.49
1782640630524,4,100,89,473.45
1782640630524,5,100,89,471.48
1782640630524,6,100,89,461.20
1782640630524,7,100,89,469.00
1782640630834,0,100,89,483.71
1782640630834,1,100,89,477.00
1782640630834,2,100,89,476.54
1782640630834,3,100,86,463.73
1782640630834,4,100,89,473.13
1782640630834,5,100,89,471.08
1782640630834,6,100,89,461.21
1782640630834,7,100,89,470.09
1782640631148,0,100,89,484.42
1782640631148,1,100,89,478.30
1782640631148,2,100,89,476.11
1782640631148,3,100,86,463.80
1782640631148,4,100,89,473.54
1782640631148,5,100,89,472.09
1782640631148,6,100,89,461.63
1782640631148,7,100,89,468.33
1782640631528,0,100,89,484.80
1782640631528,1,100,89,478.87
1782640631528,2,100,89,476.19
1782640631528,3,100,89,467.13
1782640631528,4,100,89,473.78
1782640631528,5,100,89,472.14
1782640631528,6,100,89,462.23
1782640631528,7,100,89,467.73
1782640631883,0,100,89,484.96
1782640631883,1,100,90,479.26
1782640631883,2,100,89,476.66
1782640631883,3,100,89,469.30
1782640631883,4,100,89,474.33
1782640631883,5,100,89,471.85
1782640631883,6,100,89,462.12
1782640631883,7,100,89,467.21
1782640632195,0,100,89,485.92
1782640632195,1,100,89,479.42
1782640632195,2,100,89,476.98
1782640632195,3,100,89,472.01
1782640632195,4,100,89,474.96
1782640632195,5,100,89,472.67
1782640632195,6,100,89,462.43
1782640632195,7,100,89,468.70
1782640632508,0,100,89,485.70
1782640632508,1,100,89,479.40
1782640632508,2,100,89,477.23
1782640632508,3,100,89,472.63
1782640632508,4,100,89,475.14
1782640632508,5,100,89,472.27
1782640632508,6,100,89,462.85
1782640632508,7,100,89,469.33
1782640632820,0,100,89,485.15
1782640632820,1,100,89,450.99
1782640632820,2,100,89,477.73
1782640632820,3,100,89,468.36
1782640632820,4,100,89,475.39
1782640632820,5,100,89,472.48
1782640632820,6,100,89,458.22
1782640632820,7,100,89,469.55
1782640633101,0,60,53,423.63
1782640633101,1,0,0,384.88
1782640633101,2,0,0,413.56
1782640633101,3,0,0,402.72
1782640633101,4,59,52,432.87
1782640633101,5,0,0,388.59
1782640633101,6,0,0,392.76
1782640633101,7,12,11,405.89
1782640633334,0,0,0,320.87
1782640633334,1,0,0,316.94
1782640633334,2,0,0,348.75
1782640633334,3,0,0,335.20
1782640633334,4,0,0,331.62
1782640633334,5,0,0,320.39
1782640633334,6,0,0,326.04
1782640633334,7,0,0,338.70
1782640633564,0,0,0,252.36
1782640633564,1,0,0,213.84
1782640633564,2,0,0,281.73
1782640633564,3,0,0,233.20
1782640633564,4,0,0,263.12
1782640633564,5,0,0,247.91
1782640633564,6,0,0,220.23
1782640633564,7,0,0,236.47
1782640633793,0,0,0,183.66
1782640633793,1,0,0,145.28
1782640633793,2,0,0,174.98
1782640633793,3,0,0,164.96
1782640633793,4,0,0,194.95
1782640633793,5,0,0,143.49
1782640633793,6,0,0,151.60
1782640633793,7,0,0,168.69
1782640634023,0,0,0,136.33
1782640634023,1,0,0,131.26
1782640634023,2,0,0,138.12
1782640634023,3,0,0,127.55
1782640634023,4,0,0,128.73
1782640634023,5,0,0,125.41
1782640634023,6,0,0,121.72
1782640634023,7,0,0,123.96
1782640634252,0,0,0,134.43
1782640634252,1,0,0,129.82
1782640634252,2,0,0,136.65
1782640634252,3,0,0,126.51
1782640634252,4,0,0,127.25
1782640634252,5,5,1,125.01
1782640634252,6,0,0,120.97
1782640634252,7,0,0,123.21
1782640634579,0,55,8,136.23
1782640634579,1,33,5,132.04
1782640634579,2,15,2,138.61
1782640634579,3,16,2,128.70
1782640634579,4,21,3,129.63
1782640634579,5,41,6,127.39
1782640634579,6,19,3,123.22
1782640634579,7,17,3,125.36
1782640634812,0,0,0,135.69
1782640634812,1,0,0,131.89
1782640634812,2,27,4,138.44
1782640634812,3,1,0,128.49
1782640634812,4,37,6,129.59
1782640634812,5,0,0,127.22
1782640634812,6,0,0,123.08
1782640634812,7,0,0,125.24
1782640635041,0,0,0,134.81
1782640635041,1,0,0,131.45
1782640635041,2,0,0,138.26
1782640635041,3,0,0,128.27
1782640635041,4,0,0,129.32
1782640635041,5,0,0,127.12
1782640635041,6,0,0,122.97
1782640635041,7,0,0,125.12
1782640635270,0,0,0,134.55
1782640635270,1,0,0,131.11
1782640635270,2,0,0,137.76
1782640635270,3,0,0,127.81
1782640635270,4,0,0,129.18
1782640635270,5,0,0,126.60
1782640635270,6,0,0,122.50
1782640635270,7,0,0,124.60
1782640635587,0,100,1,132.24
1782640635587,1,58,0,128.61
1782640635587,2,100,1,135.79
1782640635587,3,100,1,125.63
1782640635587,4,98,1,127.01
1782640635587,5,100,1,124.57
1782640635587,6,100,1,120.52
1782640635587,7,61,0,122.76
1782640635823,0,0,0,132.08
1782640635823,1,0,0,128.30
1782640635823,2,43,0,135.66
1782640635823,3,23,0,125.52
1782640635823,4,16,0,126.85
1782640635823,5,0,0,124.53
1782640635823,6,26,0,120.49
1782640635823,7,0,0,122.65
1782640636055,0,0,0,132.08
1782640636055,1,0,0,128.21
1782640636055,2,0,0,135.56
1782640636055,3,0,0,125.51
1782640636055,4,91,0,126.99
1782640636055,5,0,0,124.53
1782640636055,6,98,0,120.73
1782640636055,7,0,0,122.87
1782640636349,0,39,7,145.19
1782640636349,1,12,5,141.39
1782640636349,2,0,0,148.56
1782640636349,3,4,1,140.15
1782640636349,4,0,0,136.82
1782640636349,5,14,3,140.79
1782640636349,6,0,0,133.02
1782640636349,7,10,4,132.28
1782640636639,0,98,47,301.42
1782640636639,1,98,47,297.97
1782640636639,2,20,10,263.22
1782640636639,3,98,47,318.23
1782640636639,4,98,46,292.12
1782640636639,5,71,31,261.39
1782640636639,6,98,47,307.25
1782640636639,7,98,47,314.06
1782640636903,0,58,28,430.62
1782640636903,1,0,0,425.30
1782640636903,2,98,47,428.92
1782640636903,3,98,46,427.18
1782640636903,4,98,47,416.83
1782640636903,5,98,47,425.54
1782640636903,6,98,47,420.30
1782640636903,7,0,0,418.81
1782640637273,0,0,0,446.98
1782640637273,1,0,0,450.21
1782640637273,2,9,3,464.33
1782640637273,3,38,19,464.87
1782640637273,4,0,0,441.78
1782640637273,5,66,23,466.07
1782640637273,6,38,19,464.82
1782640637273,7,0,0,459.39
1782640637571,0,98,46,522.12
1782640637571,1,98,47,519.04
1782640637571,2,98,48,519.83
1782640637571,3,97,47,523.95
1782640637571,4,98,48,530.79
1782640637571,5,98,47,525.51
1782640637571,6,98,47,520.09
1782640637571,7,98,42,505.74
1782640637840,0,98,47,482.80
1782640637840,1,98,46,480.61
1782640637840,2,98,47,520.59
1782640637840,3,96,28,467.04
1782640637840,4,99,48,490.33
1782640637840,5,98,47,469.18
1782640637840,6,96,29,466.94
1782640637840,7,95,40,446.96
1782640638111,0,46,1,473.24
1782640638111,1,4,1,461.29
1782640638111,2,100,1,463.18
1782640638111,3,100,1,464.65
1782640638111,4,100,1,480.14
1782640638111,5,100,1,463.06
1782640638111,6,100,1,460.03
1782640638111,7,5,1,445.46
1782640638451,0,4,1,278.02
1782640638451,1,6,1,324.72
1782640638451,2,7,1,313.57
1782640638451,3,5,1,307.48
1782640638451,4,7,1,262.66
1782640638451,5,5,1,305.25
1782640638451,6,6,1,245.72
1782640638451,7,11,1,241.32
1782640638797,0,21,1,163.38
1782640638797,1,11,0,159.81
1782640638797,2,5,1,136.63
1782640638797,3,3,1,132.41
1782640638797,4,6,1,153.11
1782640638797,5,5,1,125.05
1782640638797,6,4,1,121.83
1782640638797,7,0,0,124.48
1782640639029,0,0,0,133.21
1782640639029,1,0,0,130.68
1782640639029,2,0,0,135.04
1782640639029,3,0,0,126.26
1782640639029,4,0,0,126.18
1782640639029,5,0,0,123.89
1782640639029,6,0,0,119.58
1782640639029,7,0,0,122.84
1782640639314,0,100,1,133.13
1782640639314,1,100,1,130.36
1782640639314,2,100,1,135.08
1782640639314,3,100,1,125.50
1782640639314,4,100,1,126.46
1782640639314,5,100,1,124.07
1782640639314,6,100,1,119.78
1782640639314,7,83,1,122.90
1782640639629,0,99,1,133.07
1782640639629,1,100,1,129.88
1782640639629,2,100,1,134.88
1782640639629,3,100,1,125.21
1782640639629,4,100,1,126.42
1782640639629,5,100,1,124.05
1782640639629,6,100,1,119.87
1782640639629,7,100,1,122.86
1782640639958,0,71,0,132.89
1782640639958,1,6,0,129.35
1782640639958,2,100,1,134.91
1782640639958,3,100,1,125.01
1782640639958,4,91,1,126.32
1782640639958,5,94,1,124.17
1782640639958,6,100,1,119.89
1782640639958,7,0,0,122.79
1782640640202,0,0,0,132.62
1782640640202,1,0,0,128.82
1782640640202,2,0,0,134.32
1782640640202,3,0,0,124.52
1782640640202,4,0,0,125.97
1782640640202,5,0,0,123.70
1782640640202,6,0,0,119.43
1782640640202,7,0,0,122.29
1782640640443,0,0,0,132.25
1782640640443,1,0,0,128.25
1782640640443,2,0,0,135.68
1782640640443,3,1,0,126.54
1782640640443,4,0,0,125.86
1782640640443,5,2,0,126.85
1782640640443,6,1,0,121.57
1782640640443,7,0,0,125.65
1782640640785,0,82,39,213.04
1782640640785,1,77,35,210.95
1782640640785,2,9,5,228.40
1782640640785,3,7,4,222.25
1782640640785,4,12,6,209.87
1782640640785,5,33,14,228.88
1782640640785,6,7,4,218.44
1782640640785,7,85,34,209.08
1782640641075,0,71,33,360.64
1782640641075,1,84,38,356.57
1782640641075,2,98,48,374.73
1782640641075,3,98,47,377.64
1782640641075,4,89,42,361.39
1782640641075,5,85,41,384.76
1782640641075,6,98,47,376.01
1782640641075,7,90,38,351.79
1782640641418,0,1,1,452.08
1782640641418,1,32,14,442.81
1782640641418,2,34,17,451.60
1782640641418,3,34,17,451.05
1782640641418,4,32,14,439.62
1782640641418,5,12,9,446.99
1782640641418,6,30,16,446.61
1782640641418,7,0,0,410.51
1782640641836,0,8,9,328.65
1782640641836,1,9,10,323.70
1782640641836,2,8,9,311.14
1782640641836,3,0,0,264.17
1782640641836,4,8,10,265.86
1782640641836,5,0,0,255.01
1782640641836,6,0,0,265.03
1782640641836,7,0,0,240.70
1782640642267,0,0,0,227.96
1782640642267,1,0,0,190.01
1782640642267,2,39,19,207.04
1782640642267,3,49,26,202.11
1782640642267,4,0,0,200.35
1782640642267,5,98,49,203.96
1782640642267,6,51,25,205.63
1782640642267,7,76,36,204.85
1782640642613,0,99,56,348.48
1782640642613,1,99,54,335.59
1782640642613,2,89,48,315.93
1782640642613,3,95,54,354.51
1782640642613,4,99,55,335.98
1782640642613,5,99,52,367.01
1782640642613,6,94,53,343.37
1782640642613,7,99,50,339.74
1782640642939,0,99,56,487.14
1782640642939,1,79,44,467.65
1782640642939,2,99,54,490.29
1782640642939,3,99,55,495.37
1782640642939,4,89,44,526.82
1782640642939,5,99,54,508.15
1782640642939,6,78,44,522.30
1782640642939,7,95,40,512.27
1782640643342,0,99,55,610.98
1782640643342,1,99,50,594.27
1782640643342,2,99,55,602.23
1782640643342,3,99,53,601.80
1782640643342,4,99,56,605.35
1782640643342,5,99,54,609.74
1782640643342,6,99,55,580.31
1782640643342,7,99,47,570.45
1782640643662,0,12,8,553.60
1782640643662,1,0,0,533.26
1782640643662,2,99,54,524.03
1782640643662,3,90,49,519.84
1782640643662,4,99,54,539.62
1782640643662,5,65,36,525.43
1782640643662,6,94,52,506.23
1782640643662,7,0,0,492.79
1782640644089,0,0,0,438.00
1782640644089,1,42,28,422.75
1782640644089,2,56,45,435.83
1782640644089,3,56,40,429.11
1782640644089,4,41,32,444.96
1782640644089,5,54,41,433.86
1782640644089,6,53,44,418.13
1782640644089,7,86,45,412.23
1782640644392,0,98,47,477.99
1782640644392,1,98,47,468.04
1782640644392,2,98,48,470.81
1782640644392,3,97,47,467.61
1782640644392,4,98,47,473.73
1782640644392,5,98,47,473.65
1782640644392,6,98,46,459.01
1782640644392,7,98,47,454.64
1782640644693,0,98,46,506.23
1782640644693,1,94,48,489.13
1782640644693,2,95,56,505.20
1782640644693,3,95,60,507.92
1782640644693,4,94,50,533.82
1782640644693,5,95,59,509.14
1782640644693,6,95,57,505.33
1782640644693,7,94,52,550.87
1782640644998,0,99,55,638.33
1782640644998,1,99,55,626.78
1782640644998,2,99,55,637.03
1782640644998,3,99,57,650.97
1782640644998,4,99,54,659.46
1782640644998,5,99,55,646.61
1782640644998,6,99,57,638.31
1782640644998,7,99,55,657.35
1782640645303,0,99,56,653.44
1782640645303,1,99,55,643.53
1782640645303,2,99,55,633.58
1782640645303,3,99,55,644.39
1782640645303,4,99,55,630.75
1782640645303,5,99,55,641.72
1782640645303,6,99,56,615.25
1782640645303,7,99,56,623.76
1782640645610,0,99,55,625.51
1782640645610,1,99,57,615.27
1782640645610,2,99,55,610.76
1782640645610,3,99,55,618.55
1782640645610,4,99,56,614.00
1782640645610,5,99,55,623.35
1782640645610,6,99,56,597.15
1782640645610,7,99,55,614.51
1782640645918,0,99,54,626.81
1782640645918,1,96,56,613.17
1782640645918,2,99,55,615.13
1782640645918,3,99,56,623.23
1782640645918,4,99,55,613.46
1782640645918,5,99,56,612.39
1782640645918,6,99,55,588.18
1782640645918,7,95,62,603.03
1782640646231,0,98,1,493.94
1782640646231,1,100,1,481.64
1782640646231,2,71,1,467.12
1782640646231,3,100,1,469.39
1782640646231,4,100,1,479.15
1782640646231,5,100,1,469.27
1782640646231,6,100,1,456.72
1782640646231,7,100,1,464.52
1782640646574,0,6,1,302.22
1782640646574,1,5,1,295.00
1782640646574,2,5,1,274.36
1782640646574,3,4,1,278.63
1782640646574,4,6,1,290.09
1782640646574,5,6,1,273.09
1782640646574,6,4,1,271.01
1782640646574,7,4,1,271.22
1782640646968,0,7,1,135.70
1782640646968,1,6,1,133.12
1782640646968,2,7,1,147.42
1782640646968,3,3,1,139.05
1782640646968,4,4,1,129.27
1782640646968,5,4,1,134.45
1782640646968,6,5,1,120.94
1782640646968,7,5,1,124.09
1782640647328,0,6,1,134.79
1782640647328,1,4,1,131.05
1782640647328,2,5,1,136.03
1782640647328,3,4,1,126.80
1782640647328,4,2,0,128.44
1782640647328,5,7,1,124.98
1782640647328,6,5,1,120.46
1782640647328,7,5,1,123.41
1782640647686,0,5,1,134.32
1782640647686,1,5,1,130.12
1782640647686,2,4,1,135.69
1782640647686,3,5,1,125.96
1782640647686,4,5,1,128.33
1782640647686,5,6,1,124.64
1782640647686,6,7,1,120.33
1782640647686,7,6,1,123.31
1782640648040,0,5,1,134.02
1782640648040,1,7,1,129.70
1782640648040,2,5,1,135.49
1782640648040,3,4,1,125.68
1782640648040,4,4,1,128.20
1782640648040,5,4,1,124.37
1782640648040,6,5,1,120.18
1782640648040,7,6,1,123.36
1782640648377,0,8,1,133.88
1782640648377,1,5,1,129.39
1782640648377,2,6,1,135.15
1782640648377,3,3,0,125.28
1782640648377,4,7,1,128.17
1782640648377,5,4,1,124.20
1782640648377,6,5,1,120.08
1782640648377,7,5,1,123.30
1782640648711,0,9,1,133.85
1782640648711,1,100,2,130.86
1782640648711,2,100,2,136.16
1782640648711,3,100,1,126.47
1782640648711,4,100,2,129.21
1782640648711,5,100,1,125.36
1782640648711,6,100,2,121.39
1782640648711,7,100,2,124.78
1782640649229,0,7,1,133.76
1782640649229,1,9,1,131.07
1782640649229,2,69,2,136.90
1782640649229,3,100,2,127.21
1782640649229,4,51,2,129.90
1782640649229,5,100,1,126.14
1782640649229,6,100,1,121.96
1782640649229,7,83,1,124.98
1782640649495,0,100,1,135.07
1782640649495,1,100,1,133.90
1782640649495,2,85,12,143.40
1782640649495,3,99,1,134.47
1782640649495,4,97,5,143.15
1782640649495,5,99,1,131.97
1782640649495,6,99,1,127.12
1782640649495,7,99,1,131.12
1782640649796,0,72,27,162.22
1782640649796,1,85,11,156.53
1782640649796,2,62,27,165.32
1782640649796,3,57,17,158.13
1782640649796,4,71,24,159.20
1782640649796,5,38,19,155.34
1782640649796,6,55,18,151.72
1782640649796,7,93,7,152.81
1782640650065,0,14,2,163.09
1782640650065,1,6,1,156.45
1782640650065,2,19,3,164.89
1782640650065,3,61,4,157.98
1782640650065,4,25,4,158.38
1782640650065,5,38,4,155.39
1782640650065,6,66,4,151.43
1782640650065,7,6,1,152.91
1782640650429,0,4,1,161.46
1782640650429,1,7,1,157.65
1782640650429,2,5,1,163.40
1782640650429,3,4,1,156.46
1782640650429,4,38,11,158.41
1782640650429,5,4,1,158.73
1782640650429,6,9,1,153.38
1782640650429,7,6,1,154.01
1782640650715,0,52,23,174.93
1782640650715,1,90,38,168.48
1782640650715,2,23,12,171.31
1782640650715,3,75,39,161.16
1782640650715,4,49,24,169.96
1782640650715,5,71,32,159.46
1782640650715,6,90,38,156.46
1782640650715,7,87,37,157.35
1782640650950,0,0,0,164.92
1782640650950,1,0,0,161.02
1782640650950,2,0,0,166.13
1782640650950,3,0,0,157.61
1782640650950,4,0,0,159.86
1782640650950,5,0,0,156.09
1782640650950,6,0,0,151.84
1782640650950,7,0,0,152.96
1782640651184,0,0,0,163.42
1782640651184,1,0,0,160.17
1782640651184,2,0,0,164.65
1782640651184,3,0,0,156.13
1782640651184,4,9,1,159.68
1782640651184,5,0,0,154.96
1782640651184,6,0,0,151.86
1782640651184,7,23,3,153.23
1782640651453,0,3,0,163.37
1782640651453,1,3,0,159.08
1782640651453,2,3,0,164.82
1782640651453,3,0,0,156.68
1782640651453,4,0,0,157.76
1782640651453,5,25,4,155.99
1782640651453,6,0,0,147.32
1782640651453,7,3,0,148.48
1782640651686,0,0,0,133.17
1782640651686,1,0,0,128.90
1782640651686,2,0,0,134.29
1782640651686,3,0,0,124.22
1782640651686,4,3,0,129.18
1782640651686,5,0,0,123.63
1782640651686,6,58,9,120.63
1782640651686,7,0,0,122.16
1782640651929,0,0,0,132.79
1782640651929,1,0,0,129.24
1782640651929,2,12,2,135.74
1782640651929,3,0,0,123.92
1782640651929,4,0,0,128.47
1782640651929,5,58,9,125.26
1782640651929,6,0,0,120.23
1782640651929,7,4,1,123.70
1782640652169,0,16,14,151.60
1782640652169,1,78,67,154.42
1782640652169,2,24,20,167.87
1782640652169,3,35,5,158.30
1782640652169,4,100,87,178.53
1782640652169,5,0,0,156.85
1782640652169,6,0,0,147.50
1782640652169,7,92,80,154.48
1782640652495,0,100,87,279.64
1782640652495,1,100,87,282.14
1782640652495,2,100,87,260.04
1782640652495,3,100,87,254.56
1782640652495,4,100,87,275.94
1782640652495,5,100,87,253.60
1782640652495,6,100,87,273.56
1782640652495,7,100,87,282.33
1782640652807,0,100,87,376.57
1782640652807,1,100,88,378.95
1782640652807,2,100,87,356.81
1782640652807,3,100,87,352.36
1782640652807,4,100,87,367.69
1782640652807,5,100,87,349.88
1782640652807,6,100,87,364.02
1782640652807,7,100,87,371.93
1782640653114,0,100,87,455.94
1782640653114,1,100,87,449.64
1782640653114,2,100,87,449.61
1782640653114,3,100,87,448.51
1782640653114,4,100,87,448.35
1782640653114,5,100,87,443.51
1782640653114,6,100,87,437.36
1782640653114,7,100,87,441.21
1782640653423,0,100,87,457.92
1782640653423,1,100,87,451.88
1782640653423,2,100,87,453.27
1782640653423,3,100,87,450.74
1782640653423,4,100,87,450.24
1782640653423,5,100,87,446.53
1782640653423,6,100,87,439.08
1782640653423,7,100,87,440.42
1782640653733,0,100,87,457.83
1782640653733,1,100,87,449.82
1782640653733,2,100,87,453.84
1782640653733,3,100,87,452.02
1782640653733,4,100,87,451.12
1782640653733,5,100,87,448.81
1782640653733,6,100,87,439.02
1782640653733,7,100,87,442.80
1782640654041,0,100,87,458.30
1782640654041,1,100,87,451.21
1782640654041,2,100,87,454.92
1782640654041,3,100,87,453.13
1782640654041,4,100,87,451.81
1782640654041,5,100,87,450.63
1782640654041,6,100,87,439.81
1782640654041,7,100,87,444.96
1782640654349,0,100,87,458.90
1782640654349,1,100,87,452.72
1782640654349,2,100,87,455.32
1782640654349,3,100,87,453.25
1782640654349,4,100,87,453.65
1782640654349,5,100,87,450.90
1782640654349,6,100,87,440.62
1782640654349,7,100,87,445.90
1782640654656,0,100,87,459.95
1782640654656,1,100,88,453.81
1782640654656,2,100,86,454.82
1782640654656,3,100,87,453.60
1782640654656,4,100,86,453.39
1782640654656,5,100,87,449.34
1782640654656,6,100,86,439.49
1782640654656,7,100,86,442.34
1782640655090,0,100,87,460.55
1782640655090,1,100,88,454.32
1782640655090,2,100,86,454.84
1782640655090,3,100,87,454.42
1782640655090,4,100,86,452.03
1782640655090,5,100,87,449.12
1782640655090,6,100,86,438.84
1782640655090,7,100,86,442.05
1782640655401,0,100,87,461.18
1782640655401,1,100,87,455.17
1782640655401,2,100,87,454.60
1782640655401,3,100,87,453.48
1782640655401,4,100,87,449.77
1782640655401,5,100,87,449.73
1782640655401,6,100,87,438.61
1782640655401,7,100,87,445.96
1782640655709,0,100,87,461.01
1782640655709,1,100,87,456.21
1782640655709,2,100,87,456.10
1782640655709,3,100,87,454.46
1782640655709,4,100,87,451.85
1782640655709,5,100,87,449.48
1782640655709,6,100,87,439.75
1782640655709,7,100,87,447.88
1782640656018,0,100,87,461.51
1782640656018,1,100,88,456.39
1782640656018,2,100,87,459.08
1782640656018,3,100,87,454.21
1782640656018,4,100,87,453.18
1782640656018,5,100,87,449.27
1782640656018,6,100,87,440.38
1782640656018,7,100,87,444.27
1782640656327,0,100,87,461.47
1782640656327,1,100,87,457.08
1782640656327,2,100,87,462.00
1782640656327,3,100,88,455.21
1782640656327,4,100,87,454.17
1782640656327,5,100,87,451.02
1782640656327,6,100,87,441.28
1782640656327,7,100,87,446.70
1782640656634,0,100,87,462.24
1782640656634,1,100,88,457.46
1782640656634,2,100,87,462.01
1782640656634,3,100,88,455.67
1782640656634,4,100,87,454.11
1782640656634,5,100,88,451.47
1782640656634,6,100,87,442.24
1782640656634,7,100,87,447.38
1782640656941,0,100,87,462.91
1782640656941,1,100,88,456.59
1782640656941,2,100,87,460.78
1782640656941,3,100,88,456.71
1782640656941,4,100,87,454.56
1782640656941,5,100,87,450.40
1782640656941,6,100,87,444.32
1782640656941,7,100,87,447.76
1782640657247,0,100,87,463.20
1782640657247,1,100,88,458.02
1782640657247,2,100,87,459.21
1782640657247,3,100,87,458.10
1782640657247,4,100,87,456.68
1782640657247,5,100,87,449.86
1782640657247,6,100,87,444.09
1782640657247,7,100,87,448.59
1782640657556,0,100,87,462.86
1782640657556,1,100,88,457.24
1782640657556,2,100,87,458.73
1782640657556,3,100,87,458.61
1782640657556,4,100,87,457.51
1782640657556,5,100,87,451.33
1782640657556,6,100,87,443.94
1782640657556,7,100,87,449.45
1782640657864,0,100,88,464.72
1782640657864,1,100,88,458.15
1782640657864,2,100,87,455.96
1782640657864,3,100,87,459.30
1782640657864,4,100,87,457.61
1782640657864,5,100,87,452.46
1782640657864,6,100,87,443.88
1782640657864,7,100,87,449.18
1782640658168,0,100,88,465.61
1782640658168,1,100,88,457.22
1782640658168,2,100,87,454.85
1782640658168,3,100,87,459.14
1782640658168,4,100,87,457.46
1782640658168,5,100,88,452.77
1782640658168,6,100,87,444.54
1782640658168,7,100,87,449.72
1782640658474,0,100,88,466.32
1782640658474,1,100,88,457.27
1782640658474,2,100,87,456.17
1782640658474,3,100,87,459.28
1782640658474,4,100,87,456.66
1782640658474,5,100,87,453.95
1782640658474,6,100,87,444.94
1782640658474,7,100,87,449.57
1782640658780,0,100,87,467.06
1782640658780,1,100,88,457.80
1782640658780,2,100,87,458.27
1782640658780,3,100,88,459.03
1782640658780,4,100,87,456.91
1782640658780,5,100,87,453.14
1782640658780,6,100,87,445.72
1782640658780,7,100,87,450.51
1782640659089,0,100,87,465.69
1782640659089,1,100,88,458.27
1782640659089,2,100,88,460.36
1782640659089,3,100,88,459.01
1782640659089,4,100,87,457.23
1782640659089,5,100,87,452.96
1782640659089,6,100,88,444.60
1782640659089,7,100,87,451.41
1782640659397,0,100,87,465.29
1782640659397,1,100,88,459.65
1782640659397,2,100,87,460.70
1782640659397,3,100,88,459.94
1782640659397,4,100,87,457.12
1782640659397,5,100,87,452.54
1782640659397,6,100,87,445.76
1782640659397,7,100,87,452.48
1782640659707,0,100,87,470.55
1782640659707,1,100,88,454.93
1782640659707,2,100,88,461.06
1782640659707,3,100,88,460.10
1782640659707,4,100,87,457.62
1782640659707,5,100,87,453.24
1782640659707,6,100,87,446.56
1782640659707,7,100,87,452.04
1782640660017,0,100,88,470.77
1782640660017,1,100,88,455.89
1782640660017,2,100,88,461.08
1782640660017,3,100,87,464.79
1782640660017,4,100,88,457.70
1782640660017,5,100,87,454.67
1782640660017,6,100,88,447.47
1782640660017,7,100,87,452.16
1782640660322,0,100,87,472.68
1782640660322,1,100,88,455.78
1782640660322,2,100,87,462.67
1782640660322,3,100,88,461.27
1782640660322,4,100,88,458.24
1782640660322,5,100,87,455.26
1782640660322,6,100,88,447.14
1782640660322,7,100,88,453.08
1782640660680,0,100,88,467.59
1782640660680,1,100,88,462.10
1782640660680,2,100,88,463.81
1782640660680,3,100,88,461.38
1782640660680,4,100,88,458.41
1782640660680,5,100,88,456.21
1782640660680,6,100,88,445.71
1782640660680,7,100,88,453.51
1782640661044,0,100,87,468.24
1782640661044,1,100,88,461.64
1782640661044,2,100,87,463.72
1782640661044,3,100,87,460.34
1782640661044,4,100,87,459.92
1782640661044,5,100,88,456.33
1782640661044,6,100,87,446.40
1782640661044,7,100,87,453.93
1782640661351,0,100,88,467.73
1782640661351,1,100,88,461.26
1782640661351,2,100,87,463.88
1782640661351,3,100,87,460.35
1782640661351,4,100,87,460.09
1782640661351,5,100,88,456.64
1782640661351,6,100,88,444.87
1782640661351,7,100,87,453.64
1782640661659,0,100,88,468.56
1782640661659,1,100,88,461.20
1782640661659,2,100,87,463.32
1782640661659,3,100,88,460.23
1782640661659,4,100,88,460.80
1782640661659,5,100,88,455.71
1782640661659,6,100,88,442.87
1782640661659,7,100,88,453.16
1782640661968,0,100,88,468.77
1782640661968,1,100,88,461.24
1782640661968,2,100,88,462.88
1782640661968,3,100,88,461.20
1782640661968,4,100,88,457.59
1782640661968,5,100,87,455.36
1782640661968,6,100,88,441.28
1782640661968,7,100,88,452.93
1782640662274,0,100,88,469.19
1782640662274,1,100,88,461.85
1782640662274,2,100,88,463.66
1782640662274,3,100,88,461.78
1782640662274,4,100,88,460.32
1782640662274,5,100,88,454.86
1782640662274,6,100,88,444.05
1782640662274,7,100,87,452.79
1782640662583,0,100,88,468.85
1782640662583,1,100,88,462.81
1782640662583,2,100,88,463.88
1782640662583,3,100,88,462.39
1782640662583,4,100,88,464.82
1782640662583,5,100,88,455.79
1782640662583,6,100,88,445.86
1782640662583,7,100,88,453.31
1782640662892,0,100,88,469.00
1782640662892,1,100,88,462.42
1782640662892,2,100,88,463.96
1782640662892,3,100,88,462.13
1782640662892,4,100,88,466.22
1782640662892,5,100,88,456.88
1782640662892,6,100,88,447.76
1782640662892,7,100,88,454.86
1782640663199,0,100,88,468.60
1782640663199,1,100,88,462.83
1782640663199,2,100,88,464.37
1782640663199,3,100,88,462.30
1782640663199,4,100,88,464.42
1782640663199,5,100,88,457.45
1782640663199,6,100,88,448.78
1782640663199,7,100,88,454.01
1782640663506,0,100,88,469.60
1782640663506,1,100,88,463.15
1782640663506,2,100,88,465.00
1782640663506,3,100,88,462.30
1782640663506,4,100,88,461.91
1782640663506,5,100,88,456.79
1782640663506,6,100,88,449.16
1782640663506,7,100,88,454.39
1782640663814,0,100,88,470.14
1782640663814,1,100,88,463.24
1782640663814,2,100,88,464.60
1782640663814,3,100,88,463.37
1782640663814,4,100,88,462.10
1782640663814,5,100,88,458.46
1782640663814,6,100,88,449.56
1782640663814,7,100,88,456.52
1782640664121,0,100,88,470.06
1782640664121,1,100,88,464.09
1782640664121,2,100,88,464.90
1782640664121,3,100,88,463.64
1782640664121,4,100,88,461.15
1782640664121,5,100,88,457.40
1782640664121,6,100,88,450.09
1782640664121,7,100,88,459.68
1782640664432,0,100,88,470.90
1782640664432,1,100,88,464.18
1782640664432,2,100,88,464.88
1782640664432,3,100,88,464.31
1782640664432,4,100,88,461.79
1782640664432,5,100,88,462.12
1782640664432,6,100,88,450.23
1782640664432,7,100,88,463.12
1782640664744,0,100,88,471.41
1782640664744,1,100,88,464.78
1782640664744,2,100,88,465.89
1782640664744,3,100,88,464.78
1782640664744,4,100,88,461.68
1782640664744,5,100,88,457.62
1782640664744,6,100,88,451.05
1782640664744,7,100,88,462.62
1782640665053,0,100,88,471.93
1782640665053,1,100,88,465.12
1782640665053,2,100,88,465.48
1782640665053,3,100,88,464.65
1782640665053,4,100,88,461.76
1782640665053,5,100,87,454.59
1782640665053,6,100,88,451.00
1782640665053,7,100,88,459.79
1782640665361,0,100,87,471.01
1782640665361,1,100,88,465.08
1782640665361,2,100,88,467.01
1782640665361,3,100,88,465.27
1782640665361,4,100,88,462.58
1782640665361,5,100,87,451.11
1782640665361,6,100,88,451.29
1782640665361,7,100,88,456.52
1782640665672,0,100,87,469.02
1782640665672,1,100,88,465.17
1782640665672,2,100,88,466.62
1782640665672,3,100,88,470.00
1782640665672,4,100,88,462.49
1782640665672,5,100,87,449.64
1782640665672,6,100,88,450.94
1782640665672,7,100,88,457.52
1782640665983,0,100,88,468.11
1782640665983,1,100,88,465.16
1782640665983,2,100,88,466.81
1782640665983,3,100,88,469.62
1782640665983,4,100,88,463.33
1782640665983,5,100,87,456.64
1782640665983,6,100,88,451.00
1782640665983,7,100,88,456.71
1782640666291,0,100,88,468.52
1782640666291,1,100,89,465.57
1782640666291,2,100,88,465.85
1782640666291,3,100,88,465.81
1782640666291,4,100,88,464.21
1782640666291,5,100,88,457.95
1782640666291,6,100,88,451.88
1782640666291,7,100,88,457.16
1782640666732,0,100,88,470.81
1782640666732,1,100,88,465.68
1782640666732,2,100,88,471.33
1782640666732,3,100,88,465.59
1782640666732,4,100,88,464.25
1782640666732,5,100,88,459.53
1782640666732,6,100,88,452.34
1782640666732,7,100,88,458.13
1782640667041,0,100,88,472.86
1782640667041,1,100,89,465.32
1782640667041,2,100,88,475.11
1782640667041,3,100,88,466.50
1782640667041,4,100,88,464.51
1782640667041,5,100,88,461.34
1782640667041,6,100,88,452.53
1782640667041,7,100,88,458.24
1782640667351,0,100,88,473.19
1782640667351,1,100,88,466.47
1782640667351,2,100,88,474.15
1782640667351,3,100,88,470.45
1782640667351,4,100,88,464.14
1782640667351,5,100,88,461.07
1782640667351,6,100,88,452.65
1782640667351,7,100,88,458.95
1782640667660,0,100,88,473.93
1782640667660,1,100,88,469.04
1782640667660,2,100,88,472.25
1782640667660,3,100,88,466.92
1782640667660,4,100,88,464.90
1782640667660,5,100,88,461.42
1782640667660,6,100,88,453.11
1782640667660,7,100,88,459.36
1782640667968,0,100,88,473.39
1782640667968,1,100,88,466.70
1782640667968,2,100,88,469.33
1782640667968,3,100,88,466.89
1782640667968,4,100,88,464.95
1782640667968,5,100,88,461.21
1782640667968,6,100,88,453.53
1782640667968,7,100,88,458.50
1782640668275,0,100,88,474.33
1782640668275,1,100,89,470.85
1782640668275,2,100,88,468.42
1782640668275,3,100,88,467.69
1782640668275,4,100,88,465.82
1782640668275,5,100,88,461.26
1782640668275,6,100,88,453.63
1782640668275,7,100,88,459.31
1782640668581,0,100,87,472.26
1782640668581,1,100,88,474.59
1782640668581,2,100,88,470.11
1782640668581,3,100,88,467.46
1782640668581,4,100,88,465.18
1782640668581,5,100,87,460.11
1782640668581,6,100,88,453.83
1782640668581,7,100,88,459.78
1782640668888,0,100,87,470.37
1782640668888,1,100,89,473.53
1782640668888,2,100,88,470.38
1782640668888,3,100,88,468.88
1782640668888,4,100,88,466.02
1782640668888,5,100,87,459.27
1782640668888,6,100,88,453.74
1782640668888,7,100,88,459.87
1782640669196,0,100,87,469.93
1782640669196,1,100,89,472.78
1782640669196,2,100,88,470.17
1782640669196,3,100,88,468.44
1782640669196,4,100,88,466.35
1782640669196,5,100,87,458.58
1782640669196,6,100,88,453.42
1782640669196,7,100,88,460.07
1782640669505,0,100,88,472.61
1782640669505,1,100,89,467.39
1782640669505,2,100,88,469.89
1782640669505,3,100,88,468.62
1782640669505,4,100,88,468.55
1782640669505,5,100,88,460.20
1782640669505,6,100,88,453.66
1782640669505,7,100,88,460.88
1782640669814,0,100,88,472.09
1782640669814,1,100,89,470.02
1782640669814,2,100,88,470.69
1782640669814,3,100,88,469.08
1782640669814,4,100,88,468.35
1782640669814,5,100,88,461.22
1782640669814,6,100,88,453.88
1782640669814,7,100,88,461.88
1782640670125,0,100,88,474.39
1782640670125,1,100,89,468.94
1782640670125,2,100,88,470.85
1782640670125,3,100,89,469.89
1782640670125,4,100,88,467.73
1782640670125,5,100,88,462.92
1782640670125,6,100,88,454.41
1782640670125,7,100,88,463.14
1782640670434,0,100,88,476.99
1782640670434,1,100,89,471.04
1782640670434,2,100,88,471.67
1782640670434,3,100,88,470.24
1782640670434,4,100,88,466.88
1782640670434,5,100,88,462.98
1782640670434,6,100,88,453.08
1782640670434,7,100,88,462.66
1782640670742,0,100,88,474.37
1782640670742,1,100,89,469.91
1782640670742,2,100,88,471.74
1782640670742,3,100,89,470.65
1782640670742,4,100,88,466.10
1782640670742,5,100,88,463.51
1782640670742,6,100,89,455.86
1782640670742,7,100,88,461.87
1782640671056,0,100,88,475.41
1782640671056,1,100,89,469.66
1782640671056,2,100,88,472.41
1782640671056,3,100,89,470.84
1782640671056,4,100,88,466.93
1782640671056,5,100,88,463.02
1782640671056,6,100,89,458.58
1782640671056,7,100,88,461.23
1782640671364,0,100,88,475.73
1782640671364,1,100,89,469.49
1782640671364,2,100,89,472.66
1782640671364,3,100,89,471.15
1782640671364,4,100,88,468.45
1782640671364,5,100,88,463.86
1782640671364,6,100,89,455.29
1782640671364,7,100,88,461.63
1782640671672,0,100,88,476.14
1782640671672,1,100,89,470.10
1782640671672,2,100,89,472.67
1782640671672,3,100,89,471.41
1782640671672,4,100,88,469.41
1782640671672,5,100,88,464.38
1782640671672,6,100,89,457.04
1782640671672,7,100,89,462.91
1782640671981,0,100,86,474.19
1782640671981,1,100,89,471.18
1782640671981,2,100,89,472.71
1782640671981,3,100,89,471.38
1782640671981,4,100,89,470.54
1782640671981,5,100,86,461.87
1782640671981,6,100,89,455.57
1782640671981,7,100,89,464.22
1782640672368,0,100,88,476.14
1782640672368,1,100,89,471.85
1782640672368,2,100,89,472.21
1782640672368,3,100,89,471.15
1782640672368,4,100,89,469.77
1782640672368,5,100,86,459.65
1782640672368,6,100,89,456.42
1782640672368,7,100,89,463.05
1782640672711,0,100,88,479.44
1782640672711,1,100,89,471.75
1782640672711,2,100,89,472.62
1782640672711,3,100,89,470.60
1782640672711,4,100,89,469.77
1782640672711,5,100,88,456.96
1782640672711,6,100,89,456.41
1782640672711,7,100,89,462.77
1782640673024,0,100,88,480.62
1782640673024,1,100,89,471.39
1782640673024,2,100,89,473.15
1782640673024,3,100,89,470.74
1782640673024,4,100,89,469.80
1782640673024,5,100,88,458.83
1782640673024,6,100,89,456.20
1782640673024,7,100,89,463.15
1782640673337,0,100,88,478.04
1782640673337,1,100,89,471.06
1782640673337,2,100,89,472.72
1782640673337,3,100,89,471.31
1782640673337,4,100,89,470.17
1782640673337,5,100,88,461.77
1782640673337,6,100,89,457.72
1782640673337,7,100,89,463.29
1782640673644,0,100,88,474.67
1782640673644,1,100,89,471.61
1782640673644,2,100,89,473.04
1782640673644,3,100,89,471.63
1782640673644,4,100,89,470.70
1782640673644,5,100,89,463.55
1782640673644,6,100,89,457.58
1782640673644,7,100,89,464.37
1782640673954,0,100,88,474.80
1782640673954,1,100,89,472.12
1782640673954,2,100,89,472.94
1782640673954,3,100,89,472.28
1782640673954,4,100,89,470.06
1782640673954,5,100,88,463.85
1782640673954,6,100,89,457.30
1782640673954,7,100,89,464.20
1782640674265,0,100,88,474.75
1782640674265,1,100,89,472.81
1782640674265,2,100,89,473.21
1782640674265,3,100,89,472.02
1782640674265,4,100,89,470.52
1782640674265,5,100,89,463.77
1782640674265,6,100,89,457.62
1782640674265,7,100,89,464.87
1782640674575,0,100,88,474.60
1782640674575,1,100,89,473.19
1782640674575,2,100,89,473.82
1782640674575,3,100,89,472.40
1782640674575,4,100,89,468.85
1782640674575,5,100,88,464.73
1782640674575,6,100,89,457.52
1782640674575,7,100,89,465.19
1782640674883,0,100,88,474.79
1782640674883,1,100,89,472.83
1782640674883,2,100,89,474.37
1782640674883,3,100,89,472.46
1782640674883,4,100,89,469.82
1782640674883,5,100,89,465.71
1782640674883,6,100,89,457.70
1782640674883,7,100,89,465.61
1782640675192,0,100,88,476.00
1782640675192,1,100,89,472.82
1782640675192,2,100,89,473.94
1782640675192,3,100,89,473.51
1782640675192,4,100,89,470.81
1782640675192,5,100,89,465.17
1782640675192,6,100,89,458.36
1782640675192,7,100,89,465.72
1782640675501,0,100,88,476.12
1782640675501,1,100,89,473.55
1782640675501,2,100,89,474.49
1782640675501,3,100,89,473.45
1782640675501,4,100,89,471.77
1782640675501,5,100,86,464.58
1782640675501,6,100,89,458.51
1782640675501,7,100,89,465.65
1782640675809,0,100,88,477.82
1782640675809,1,100,89,473.44
1782640675809,2,100,89,474.71
1782640675809,3,100,89,473.90
1782640675809,4,100,89,469.71
1782640675809,5,100,86,460.33
1782640675809,6,100,89,459.40
1782640675809,7,100,89,465.30
1782640676118,0,100,88,476.82
1782640676118,1,100,89,474.19
1782640676118,2,100,89,475.07
1782640676118,3,100,89,474.25
1782640676118,4,100,89,469.23
1782640676118,5,100,86,458.04
1782640676118,6,100,89,459.50
1782640676118,7,100,89,465.62
1782640676427,0,100,88,476.17
1782640676427,1,100,89,473.95
1782640676427,2,100,89,475.12
1782640676427,3,100,89,474.85
1782640676427,4,100,89,470.35
1782640676427,5,100,86,457.01
1782640676427,6,100,89,459.44
1782640676427,7,100,89,464.45
1782640676759,0,100,88,475.33
1782640676759,1,100,89,474.11
1782640676759,2,100,89,475.30
1782640676759,3,100,89,475.02
1782640676759,4,100,89,472.41
1782640676759,5,100,86,458.70
1782640676759,6,100,89,459.51
1782640676759,7,100,89,463.97
1782640677071,0,100,88,475.50
1782640677071,1,100,89,474.15
1782640677071,2,100,89,475.82
1782640677071,3,100,89,475.56
1782640677071,4,100,89,473.56
1782640677071,5,100,89,460.10
1782640677071,6,100,89,459.85
1782640677071,7,100,89,465.90
1782640677381,0,100,89,476.16
1782640677381,1,100,89,475.09
1782640677381,2,100,89,475.93
1782640677381,3,100,89,475.67
1782640677381,4,100,89,473.70
1782640677381,5,100,89,464.05
1782640677381,6,100,89,460.25
1782640677381,7,100,89,466.91
1782640677686,0,100,89,476.32
1782640677686,1,100,90,475.58
1782640677686,2,100,89,476.01
1782640677686,3,100,89,474.98
1782640677686,4,100,89,473.47
1782640677686,5,100,89,465.93
1782640677686,6,100,89,459.67
1782640677686,7,100,89,468.48
1782640677993,0,100,88,476.42
1782640677993,1,100,90,476.20
1782640677993,2,100,89,476.85
1782640677993,3,100,89,474.04
1782640677993,4,100,89,473.96
1782640677993,5,100,89,465.19
1782640677993,6,100,89,460.43
1782640677993,7,100,89,468.60
1782640678379,0,100,89,476.87
1782640678379,1,100,90,475.52
1782640678379,2,100,89,476.45
1782640678379,3,100,89,474.91
1782640678379,4,100,89,474.88
1782640678379,5,100,89,464.72
1782640678379,6,100,89,461.01
1782640678379,7,100,89,468.75
1782640678689,0,100,89,433.08
1782640678689,1,100,90,461.09
1782640678689,2,100,89,476.74
1782640678689,3,100,89,474.88
1782640678689,4,100,89,475.08
1782640678689,5,97,86,434.91
1782640678689,6,100,89,461.69
1782640678689,7,100,89,468.93
1782640678959,0,0,0,333.75
1782640678959,1,0,0,394.91
1782640678959,2,0,0,424.14
1782640678959,3,7,6,416.08
1782640678959,4,8,7,409.90
1782640678959,5,0,0,367.24
1782640678959,6,22,20,409.16
1782640678959,7,78,69,419.96
1782640679191,0,0,0,262.48
1782640679191,1,0,0,289.67
1782640679191,2,0,0,321.25
1782640679191,3,0,0,314.62
1782640679191,4,0,0,341.61
1782640679191,5,0,0,301.16
1782640679191,6,0,0,305.97
1782640679191,7,0,0,318.80
1782640679421,0,0,0,199.01
1782640679421,1,0,0,220.63
1782640679421,2,0,0,257.68
1782640679421,3,0,0,245.59
1782640679421,4,0,0,273.52
1782640679421,5,0,0,203.10
1782640679421,6,0,0,241.88
1782640679421,7,0,0,246.85
1782640679652,0,0,0,135.29
1782640679652,1,0,0,151.08
1782640679652,2,0,0,190.81
1782640679652,3,0,0,177.15
1782640679652,4,0,0,205.30
1782640679652,5,0,0,129.79
1782640679652,6,0,0,175.22
1782640679652,7,0,0,177.18
1782640679885,0,0,0,133.16
1782640679885,1,0,0,129.45
1782640679885,2,0,0,137.27
1782640679885,3,0,0,127.19
1782640679885,4,0,0,127.45
1782640679885,5,0,0,124.05
1782640679885,6,0,0,120.57
1782640679885,7,0,0,123.31
1782640680116,0,4,1,132.95
1782640680116,1,20,3,129.21
1782640680116,2,3,0,136.20
1782640680116,3,0,0,125.89
1782640680116,4,0,0,127.11
1782640680116,5,0,0,124.40
1782640680116,6,0,0,120.78
1782640680116,7,22,3,123.31
1782640680482,0,21,3,134.69
1782640680482,1,42,6,131.19
1782640680482,2,13,2,137.93
1782640680482,3,21,3,127.61
1782640680482,4,33,5,129.18
1782640680482,5,20,3,126.35
1782640680482,6,51,8,122.43
1782640680482,7,38,6,125.08
1782640680715,0,0,0,134.51
1782640680715,1,0,0,130.95
1782640680715,2,0,0,137.68
1782640680715,3,0,0,127.29
1782640680715,4,0,0,129.03
1782640680715,5,0,0,126.20
1782640680715,6,0,0,122.32
1782640680715,7,0,0,124.99
1782640680944,0,0,0,134.40
1782640680944,1,0,0,130.85
1782640680944,2,0,0,137.49
1782640680944,3,0,0,127.18
1782640680944,4,0,0,128.94
1782640680944,5,0,0,126.04
1782640680944,6,0,0,122.18
1782640680944,7,0,0,124.82
1782640681171,0,0,0,133.68
1782640681171,1,0,0,130.02
1782640681171,2,0,0,136.54
1782640681171,3,0,0,126.32
1782640681171,4,0,0,128.08
1782640681171,5,0,0,125.15
1782640681171,6,0,0,121.27
1782640681171,7,15,0,124.12
1782640681477,0,100,1,131.98
1782640681477,1,100,1,128.29
1782640681477,2,100,1,135.13
1782640681477,3,53,0,124.78
1782640681477,4,64,0,126.34
1782640681477,5,86,1,123.52
1782640681477,6,100,1,119.63
1782640681477,7,100,1,122.49
1782640681717,0,33,0,131.89
1782640681717,1,0,0,128.17
1782640681717,2,0,0,134.79
1782640681717,3,0,0,124.44
1782640681717,4,0,0,126.26
1782640681717,5,0,0,123.44
1782640681717,6,0,0,119.64
1782640681717,7,0,0,122.39
1782640681949,0,0,0,131.78
1782640681949,1,0,0,128.05
1782640681949,2,31,0,134.67
1782640681949,3,0,0,124.43
1782640681949,4,76,0,126.29
1782640681949,5,0,0,123.51
1782640681949,6,0,0,119.78
1782640681949,7,0,0,122.64
1782640682256,0,0,0,143.58
1782640682256,1,9,3,139.99
1782640682256,2,6,3,147.25
1782640682256,3,45,7,138.55
1782640682256,4,9,4,138.00
1782640682256,5,25,6,151.36
1782640682256,6,36,5,131.71
1782640682256,7,13,3,135.99
1782640682558,0,98,47,296.15
1782640682558,1,98,46,290.32
1782640682558,2,98,48,260.77
1782640682558,3,97,47,250.42
1782640682558,4,98,47,296.63
1782640682558,5,98,48,274.40
1782640682558,6,94,46,297.63
1782640682558,7,98,47,311.75
1782640682820,0,98,46,428.65
1782640682820,1,98,46,426.96
1782640682820,2,0,0,426.79
1782640682820,3,67,32,423.94
1782640682820,4,19,10,426.99
1782640682820,5,41,20,426.17
1782640682820,6,71,34,414.72
1782640682820,7,98,47,426.12
1782640683205,0,44,22,484.06
1782640683205,1,91,41,495.39
1782640683205,2,42,21,502.39
1782640683205,3,0,0,504.19
1782640683205,4,14,5,486.46
1782640683205,5,0,0,516.10
1782640683205,6,0,0,481.28
1782640683205,7,87,38,489.23
1782640683470,0,98,47,564.86
1782640683470,1,98,46,561.21
1782640683470,2,98,48,563.52
1782640683470,3,97,47,565.93
1782640683470,4,98,46,558.32
1782640683470,5,98,45,549.30
1782640683470,6,97,35,515.52
1782640683470,7,98,35,521.16
1782640683735,0,96,21,491.56
1782640683735,1,100,1,473.27
1782640683735,2,97,21,470.48
1782640683735,3,98,45,481.18
1782640683735,4,96,37,478.66
1782640683735,5,95,42,453.61
1782640683735,6,98,39,409.54
1782640683735,7,100,1,409.53
1782640684062,0,100,1,469.30
1782640684062,1,50,1,451.58
1782640684062,2,5,1,448.87
1782640684062,3,3,1,448.76
1782640684062,4,4,1,414.38
1782640684062,5,3,0,422.09
1782640684062,6,5,1,382.60
1782640684062,7,18,1,337.42
1782640684425,0,6,1,246.20
1782640684425,1,7,1,222.17
1782640684425,2,5,1,226.44
1782640684425,3,4,1,223.05
1782640684425,4,4,1,237.64
1782640684425,5,4,1,187.61
1782640684425,6,5,1,190.31
1782640684425,7,7,1,196.28
1782640684754,0,9,1,134.74
1782640684754,1,37,1,131.27
1782640684754,2,0,0,134.70
1782640684754,3,8,1,126.26
1782640684754,4,11,0,128.22
1782640684754,5,17,0,123.86
1782640684754,6,77,0,119.85
1782640684754,7,24,1,123.13
1782640684984,0,0,0,131.73
1782640684984,1,0,0,129.15
1782640684984,2,0,0,133.88
1782640684984,3,0,0,124.74
1782640684984,4,0,0,126.64
1782640684984,5,0,0,123.15
1782640684984,6,0,0,118.84
1782640684984,7,7,0,122.19
1782640685290,0,100,1,131.51
1782640685290,1,100,1,128.75
1782640685290,2,98,1,133.96
1782640685290,3,100,1,124.73
1782640685290,4,100,1,126.91
1782640685290,5,100,1,123.39
1782640685290,6,100,1,119.05
1782640685290,7,100,1,122.40
1782640685604,0,100,1,131.30
1782640685604,1,100,1,128.46
1782640685604,2,100,1,133.76
1782640685604,3,100,1,124.77
1782640685604,4,100,1,126.84
1782640685604,5,100,1,123.48
1782640685604,6,100,1,119.03
1782640685604,7,100,1,122.17
1782640685930,0,100,1,131.24
1782640685930,1,100,1,128.37
1782640685930,2,0,0,133.76
1782640685930,3,67,1,124.53
1782640685930,4,32,0,126.99
1782640685930,5,45,0,123.65
1782640685930,6,84,1,119.15
1782640685930,7,100,1,122.27
1782640686174,0,0,0,130.59
1782640686174,1,0,0,127.73
1782640686174,2,0,0,133.30
1782640686174,3,0,0,124.15
1782640686174,4,0,0,126.51
1782640686174,5,0,0,123.30
1782640686174,6,0,0,118.58
1782640686174,7,0,0,121.64
1782640686415,0,0,0,131.40
1782640686415,1,0,0,127.18
1782640686415,2,0,0,132.60
1782640686415,3,0,0,123.43
1782640686415,4,4,1,127.40
1782640686415,5,0,0,122.98
1782640686415,6,2,0,122.92
1782640686415,7,0,0,129.21
1782640686753,0,84,40,220.69
1782640686753,1,90,38,231.34
1782640686753,2,90,45,250.91
1782640686753,3,33,9,247.86
1782640686753,4,70,34,231.59
1782640686753,5,47,21,255.67
1782640686753,6,12,6,221.02
1782640686753,7,85,29,227.69
1782640687053,0,74,33,380.14
1782640687053,1,95,43,387.90
1782640687053,2,69,31,353.68
1782640687053,3,98,43,407.16
1782640687053,4,78,38,389.02
1782640687053,5,94,36,348.95
1782640687053,6,91,34,348.48
1782640687053,7,98,36,353.13
1782640687393,0,1,0,451.30
1782640687393,1,36,18,437.44
1782640687393,2,0,0,437.86
1782640687393,3,8,7,453.42
1782640687393,4,0,0,442.65
1782640687393,5,0,0,428.00
1782640687393,6,3,3,386.62
1782640687393,7,26,13,381.62
1782640687842,0,1,1,319.36
1782640687842,1,8,10,303.27
1782640687842,2,3,4,296.70
1782640687842,3,3,4,300.89
1782640687842,4,0,0,246.41
1782640687842,5,0,0,259.01
1782640687842,6,17,9,218.16
1782640687842,7,0,0,210.79
1782640688230,0,2,1,226.51
1782640688230,1,65,35,232.01
1782640688230,2,24,12,208.75
1782640688230,3,25,14,228.34
1782640688230,4,98,33,216.09
1782640688230,5,0,0,192.96
1782640688230,6,83,41,207.64
1782640688230,7,100,42,217.12
1782640688551,0,99,55,344.96
1782640688551,1,99,55,353.45
1782640688551,2,99,56,367.50
1782640688551,3,99,57,354.90
1782640688551,4,99,57,346.25
1782640688551,5,99,52,359.04
1782640688551,6,99,41,296.38
1782640688551,7,99,44,314.00
1782640688868,0,99,55,495.22
1782640688868,1,99,55,491.93
1782640688868,2,99,55,509.59
1782640688868,3,99,55,502.92
1782640688868,4,99,56,491.48
1782640688868,5,99,51,493.27
1782640688868,6,99,44,392.39
1782640688868,7,99,43,432.05
1782640689182,0,99,55,607.22
1782640689182,1,99,54,594.56
1782640689182,2,99,55,594.07
1782640689182,3,99,56,593.98
1782640689182,4,99,54,599.56
1782640689182,5,99,52,589.25
1782640689182,6,99,44,474.60
1782640689182,7,93,44,510.72
1782640689503,0,95,53,548.26
1782640689503,1,47,21,525.74
1782640689503,2,2,2,517.91
1782640689503,3,15,2,518.99
1782640689503,4,1,1,532.15
1782640689503,5,2,2,490.70
1782640689503,6,18,2,380.97
1782640689503,7,2,2,397.96
1782640690031,0,0,0,368.36
1782640690031,1,5,4,358.60
1782640690031,2,0,0,386.86
1782640690031,3,0,0,376.56
1782640690031,4,51,38,353.83
1782640690031,5,0,0,362.01
1782640690031,6,51,29,300.16
1782640690031,7,16,10,314.58
1782640690346,0,98,45,393.64
1782640690346,1,98,46,386.27
1782640690346,2,98,46,386.54
1782640690346,3,97,46,378.65
1782640690346,4,98,47,383.32
1782640690346,5,98,47,377.44
1782640690346,6,97,47,364.08
1782640690346,7,97,47,375.10
1782640690648,0,98,47,479.20
1782640690648,1,98,46,487.30
1782640690648,2,100,47,482.89
1782640690648,3,100,33,481.53
1782640690648,4,95,52,473.23
1782640690648,5,65,39,496.54
1782640690648,6,89,49,444.02
1782640690648,7,98,46,455.46
1782640690976,0,99,54,602.89
1782640690976,1,99,55,600.88
1782640690976,2,99,54,606.07
1782640690976,3,99,55,612.25
1782640690976,4,99,40,598.55
1782640690976,5,99,47,626.91
1782640690976,6,99,53,589.29
1782640690976,7,99,56,601.11
1782640691281,0,99,55,619.80
1782640691281,1,99,53,611.35
1782640691281,2,99,55,607.08
1782640691281,3,99,54,615.58
1782640691281,4,99,55,616.93
1782640691281,5,99,55,620.55
1782640691281,6,99,57,594.92
1782640691281,7,99,55,600.06
1782640691588,0,99,56,591.00
1782640691588,1,99,55,573.78
1782640691588,2,99,56,572.92
1782640691588,3,99,56,581.99
1782640691588,4,99,55,582.72
1782640691588,5,99,56,591.01
1782640691588,6,99,55,560.41
1782640691588,7,99,54,568.53
1782640691900,0,99,55,624.49
1782640691900,1,99,55,617.07
1782640691900,2,99,55,608.80
1782640691900,3,99,57,618.40
1782640691900,4,99,56,617.85
1782640691900,5,99,55,624.00
1782640691900,6,99,56,601.98
1782640691900,7,99,55,611.53
1782640692207,0,95,62,589.47
1782640692207,1,90,43,568.29
1782640692207,2,95,62,554.13
1782640692207,3,94,69,561.82
1782640692207,4,99,57,575.70
1782640692207,5,99,55,556.26
1782640692207,6,94,67,545.76
1782640692207,7,92,34,552.40
1782640692514,0,4,1,399.33
1782640692514,1,4,1,379.82
1782640692514,2,6,1,371.15
1782640692514,3,4,1,368.54
1782640692514,4,26,1,385.51
1782640692514,5,46,1,359.12
1782640692514,6,5,1,354.89
1782640692514,7,4,1,365.29
1782640692877,0,1,0,255.10
1782640692877,1,5,1,238.30
1782640692877,2,5,1,231.49
1782640692877,3,6,1,219.68
1782640692877,4,5,1,191.03
1782640692877,5,6,1,203.73
1782640692877,6,4,1,218.97
1782640692877,7,5,1,173.86
1782640693237,0,3,1,135.57
1782640693237,1,6,1,131.44
1782640693237,2,5,1,137.32
1782640693237,3,5,1,126.95
1782640693237,4,4,1,127.26
1782640693237,5,5,1,124.46
1782640693237,6,5,1,120.15
1782640693237,7,6,1,123.43
1782640693615,0,5,1,133.59
1782640693615,1,7,1,130.27
1782640693615,2,6,1,136.67
1782640693615,3,5,1,125.99
1782640693615,4,4,1,126.61
1782640693615,5,4,1,124.17
1782640693615,6,6,1,119.61
1782640693615,7,6,1,122.83
1782640693965,0,7,1,132.80
1782640693965,1,5,1,129.90
1782640693965,2,7,1,136.46
1782640693965,3,5,1,125.57
1782640693965,4,6,1,126.40
1782640693965,5,4,1,124.28
1782640693965,6,7,1,119.43
1782640693965,7,5,1,122.63
1782640694327,0,6,1,132.62
1782640694327,1,4,1,129.58
1782640694327,2,6,1,136.47
1782640694327,3,4,1,125.10
1782640694327,4,8,1,126.00
1782640694327,5,6,1,124.10
1782640694327,6,4,1,119.15
1782640694327,7,4,1,122.64
1782640694678,0,100,1,133.06
1782640694678,1,100,2,130.23
1782640694678,2,100,2,137.03
1782640694678,3,56,2,125.68
1782640694678,4,100,1,126.57
1782640694678,5,45,1,124.79
1782640694678,6,100,1,119.85
1782640694678,7,100,2,123.52
1782640695084,0,100,1,134.09
1782640695084,1,100,2,131.25
1782640695084,2,52,2,138.32
1782640695084,3,54,2,126.97
1782640695084,4,26,1,127.40
1782640695084,5,100,3,125.99
1782640695084,6,100,2,121.23
1782640695084,7,100,2,124.40
1782640695392,0,100,1,135.48
1782640695392,1,99,0,134.54
1782640695392,2,99,0,142.41
1782640695392,3,100,1,131.39
1782640695392,4,100,1,129.41
1782640695392,5,100,1,129.86
1782640695392,6,100,1,122.08
1782640695392,7,100,1,125.60
1782640695719,0,73,15,165.14
1782640695719,1,59,15,162.37
1782640695719,2,67,15,163.63
1782640695719,3,26,16,152.52
1782640695719,4,76,20,160.84
1782640695719,5,54,21,152.13
1782640695719,6,77,14,149.36
1782640695719,7,49,15,154.31
1782640696017,0,100,1,166.49
1782640696017,1,100,1,162.67
1782640696017,2,100,1,171.01
1782640696017,3,37,4,158.42
1782640696017,4,68,2,161.64
1782640696017,5,90,8,156.86
1782640696017,6,40,4,149.47
1782640696017,7,100,1,155.18
1782640696355,0,8,1,165.33
1782640696355,1,4,1,159.54
1782640696355,2,7,1,166.92
1782640696355,3,5,1,154.57
1782640696355,4,7,1,159.68
1782640696355,5,5,1,154.64
1782640696355,6,6,1,149.11
1782640696355,7,5,1,154.10
1782640696693,0,21,1,168.14
1782640696693,1,78,15,167.38
1782640696693,2,80,42,175.39
1782640696693,3,66,34,165.07
1782640696693,4,89,41,163.56
1782640696693,5,89,40,164.21
1782640696693,6,76,35,157.31
1782640696693,7,87,22,161.54
1782640696942,0,85,42,165.39
1782640696942,1,31,16,162.87
1782640696942,2,0,0,168.42
1782640696942,3,0,0,158.40
1782640696942,4,0,0,158.59
1782640696942,5,0,0,158.54
1782640696942,6,0,0,151.80
1782640696942,7,17,9,155.28
1782640697178,0,0,0,164.58
1782640697178,1,0,0,161.53
1782640697178,2,0,0,166.63
1782640697178,3,0,0,157.11
1782640697178,4,0,0,157.37
1782640697178,5,0,0,156.75
1782640697178,6,0,0,150.90
1782640697178,7,0,0,153.90
1782640697434,0,18,3,164.92
1782640697434,1,25,4,161.91
1782640697434,2,23,3,166.85
1782640697434,3,17,3,158.32
1782640697434,4,10,2,157.16
1782640697434,5,0,0,157.62
1782640697434,6,0,0,149.89
1782640697434,7,17,3,154.21
1782640697667,0,0,0,142.46
1782640697667,1,0,0,135.04
1782640697667,2,0,0,154.87
1782640697667,3,0,0,142.35
1782640697667,4,58,9,133.41
1782640697667,5,0,0,141.07
1782640697667,6,0,0,124.64
1782640697667,7,0,0,126.01
1782640697909,0,17,3,132.63
1782640697909,1,33,5,129.09
1782640697909,2,52,8,136.44
1782640697909,3,10,2,125.32
1782640697909,4,0,0,126.82
1782640697909,5,0,0,123.53
1782640697909,6,0,0,119.24
1782640697909,7,41,6,123.14
1782640698224,0,0,0,132.80
1782640698224,1,0,0,129.19
1782640698224,2,0,0,136.48
1782640698224,3,0,0,125.31
1782640698224,4,0,0,125.99
1782640698224,5,28,4,124.57
1782640698224,6,0,0,118.62
1782640698224,7,0,0,123.08
1782640698455,0,0,0,131.99
1782640698455,1,0,0,128.44
1782640698455,2,0,0,135.79
1782640698455,3,0,0,124.38
1782640698455,4,0,0,125.86
1782640698455,5,0,0,123.80
1782640698455,6,0,0,118.53
1782640698455,7,0,0,122.31
1782640698687,0,0,0,137.02
1782640698687,1,0,0,132.24
1782640698687,2,0,0,136.16
1782640698687,3,15,13,124.92
1782640698687,4,0,0,124.15
1782640698687,5,0,0,123.74
1782640698687,6,0,0,117.02
1782640698687,7,0,0,122.28
1782640698948,0,100,89,229.05
1782640698948,1,100,89,221.63
1782640698948,2,100,89,230.14
1782640698948,3,100,89,214.01
1782640698948,4,100,89,212.60
1782640698948,5,100,89,210.84
1782640698948,6,29,25,149.91
1782640698948,7,0,0,120.56
1782640699252,0,100,89,324.65
1782640699252,1,100,89,315.97
1782640699252,2,100,89,317.87
1782640699252,3,100,89,312.02
1782640699252,4,100,89,304.62
1782640699252,5,100,89,304.17
1782640699252,6,100,89,244.59
1782640699252,7,92,81,186.31
1782640699565,0,100,88,427.09
1782640699565,1,100,86,419.51
1782640699565,2,100,88,421.43
1782640699565,3,100,88,419.75
1782640699565,4,100,88,414.26
1782640699565,5,100,89,415.40
1782640699565,6,100,88,343.12
1782640699565,7,100,86,294.21
1782640699862,0,100,83,511.45
1782640699862,1,100,83,504.69
1782640699862,2,100,83,505.82
1782640699862,3,100,83,507.22
1782640699862,4,100,84,506.78
1782640699862,5,100,84,510.26
1782640699862,6,100,83,486.53
1782640699862,7,100,83,442.00
1782640700154,0,100,85,577.68
1782640700154,1,100,85,566.64
1782640700154,2,100,85,550.17
1782640700154,3,100,85,570.23
1782640700154,4,100,84,569.11
1782640700154,5,100,84,555.95
1782640700154,6,100,84,547.78
1782640700154,7,100,85,562.55
1782640700447,0,100,85,637.98
1782640700447,1,100,85,631.46
1782640700447,2,100,85,614.05
1782640700447,3,100,85,631.29
1782640700447,4,100,85,630.76
1782640700447,5,100,85,620.29
1782640700447,6,100,84,607.87
1782640700447,7,100,85,625.54
1782640700740,0,100,85,664.18
1782640700740,1,100,85,653.28
1782640700740,2,100,85,647.37
1782640700740,3,100,85,650.09
1782640700740,4,100,85,652.03
1782640700740,5,100,85,656.14
1782640700740,6,100,85,631.07
1782640700740,7,100,85,643.58
1782640701032,0,100,86,671.07
1782640701032,1,100,86,658.03
1782640701032,2,100,86,655.76
1782640701032,3,100,86,659.86
1782640701032,4,100,86,657.91
1782640701032,5,100,85,666.00
1782640701032,6,100,86,636.99
1782640701032,7,100,86,648.59
1782640701327,0,100,86,672.00
1782640701327,1,100,86,658.99
1782640701327,2,100,86,657.66
1782640701327,3,100,86,663.03
1782640701327,4,100,86,661.53
1782640701327,5,100,86,665.70
1782640701327,6,100,86,636.97
1782640701327,7,100,86,650.05
1782640701700,0,100,86,675.16
1782640701700,1,100,86,660.86
1782640701700,2,100,87,658.34
1782640701700,3,100,87,666.43
1782640701700,4,100,86,663.01
1782640701700,5,100,86,667.53
1782640701700,6,100,86,639.46
1782640701700,7,100,86,651.78
1782640701995,0,100,87,678.30
1782640701995,1,100,87,662.20
1782640701995,2,100,87,659.83
1782640701995,3,100,87,669.40
1782640701995,4,100,87,665.91
1782640701995,5,100,87,668.94
1782640701995,6,100,87,642.48
1782640701995,7,100,87,653.21
1782640702288,0,100,88,682.32
1782640702288,1,100,88,665.79
1782640702288,2,100,87,661.46
1782640702288,3,100,87,671.36
1782640702288,4,100,88,668.03
1782640702288,5,100,88,670.46
1782640702288,6,100,87,643.53
1782640702288,7,100,88,653.57
1782640702580,0,100,87,683.97
1782640702580,1,100,87,665.97
1782640702580,2,100,87,662.45
1782640702580,3,100,87,668.70
1782640702580,4,100,87,670.91
1782640702580,5,100,87,670.32
1782640702580,6,100,87,644.29
1782640702580,7,100,87,654.18
1782640702875,0,100,88,685.21
1782640702875,1,100,88,666.60
1782640702875,2,100,88,663.36
1782640702875,3,100,88,667.21
1782640702875,4,100,88,672.10
1782640702875,5,100,88,671.72
1782640702875,6,100,88,644.78
1782640702875,7,100,88,655.57
1782640703169,0,100,89,685.03
1782640703169,1,100,89,667.85
1782640703169,2,100,89,663.37
1782640703169,3,100,88,667.43
1782640703169,4,100,88,673.38
1782640703169,5,100,88,674.29
1782640703169,6,100,88,647.19
1782640703169,7,100,89,656.63
1782640703463,0,100,89,681.82
1782640703463,1,100,88,670.65
1782640703463,2,100,88,667.27
1782640703463,3,100,88,669.78
1782640703463,4,100,88,673.91
1782640703463,5,100,88,675.16
1782640703463,6,100,88,648.92
1782640703463,7,100,88,657.41
1782640703757,0,100,89,680.97
1782640703757,1,100,89,670.69
1782640703757,2,100,88,666.67
1782640703757,3,100,89,671.08
1782640703757,4,100,88,675.22
1782640703757,5,100,88,675.25
1782640703757,6,100,88,649.90
1782640703757,7,100,89,658.12
1782640704050,0,100,89,679.85
1782640704050,1,100,89,668.77
1782640704050,2,100,89,666.29
1782640704050,3,100,89,672.23
1782640704050,4,100,89,675.19
1782640704050,5,100,89,674.92
1782640704050,6,100,89,653.83
1782640704050,7,100,89,657.86
1782640704346,0,100,90,678.10
1782640704346,1,100,90,669.21
1782640704346,2,100,90,667.74
1782640704346,3,100,90,673.70
1782640704346,4,100,90,673.11
1782640704346,5,100,89,675.57
1782640704346,6,100,90,656.25
1782640704346,7,100,89,659.18
1782640704642,0,100,89,679.48
1782640704642,1,100,89,668.35
1782640704642,2,100,89,667.52
1782640704642,3,100,89,666.46
1782640704642,4,100,89,672.02
1782640704642,5,100,89,675.17
1782640704642,6,100,89,658.02
1782640704642,7,100,89,658.77
1782640704938,0,100,90,681.47
1782640704938,1,100,90,667.55
1782640704938,2,100,90,670.60
1782640704938,3,100,90,667.50
1782640704938,4,100,90,671.76
1782640704938,5,100,90,678.17
1782640704938,6,100,90,658.42
1782640704938,7,100,90,660.99
1782640705239,0,100,90,658.63
1782640705239,1,100,89,637.11
1782640705239,2,100,90,660.50
1782640705239,3,100,90,656.95
1782640705239,4,100,88,645.40
1782640705239,5,100,90,665.62
1782640705239,6,100,88,628.07
1782640705239,7,100,89,639.29
1782640705549,0,100,88,612.67
1782640705549,1,100,89,589.97
1782640705549,2,63,56,578.81
1782640705549,3,50,44,585.22
1782640705549,4,95,84,597.08
1782640705549,5,100,88,583.59
1782640705549,6,63,56,587.44
1782640705549,7,100,88,593.68
1782640705785,0,0,0,451.65
1782640705785,1,0,0,440.89
1782640705785,2,0,0,477.09
1782640705785,3,0,0,488.94
1782640705785,4,0,0,440.43
1782640705785,5,0,0,479.33
1782640705785,6,0,0,432.59
1782640705785,7,0,0,439.45
1782640706017,0,0,0,347.30
1782640706017,1,0,0,327.55
1782640706017,2,0,0,315.04
1782640706017,3,0,0,322.83
1782640706017,4,0,0,333.28
1782640706017,5,0,0,308.22
1782640706017,6,0,0,327.58
1782640706017,7,0,0,333.64
1782640706248,0,0,0,243.74
1782640706248,1,0,0,236.03
1782640706248,2,0,0,220.23
1782640706248,3,0,0,223.12
1782640706248,4,0,0,224.51
1782640706248,5,0,0,216.99
1782640706248,6,0,0,220.41
1782640706248,7,0,0,231.71
1782640706479,0,0,0,138.44
1782640706479,1,0,0,136.44
1782640706479,2,0,0,153.90
1782640706479,3,0,0,147.35
1782640706479,4,0,0,130.65
1782640706479,5,0,0,149.53
1782640706479,6,0,0,156.96
1782640706479,7,0,0,160.75
1782640706710,0,0,0,136.42
1782640706710,1,0,0,132.52
1782640706710,2,0,0,137.26
1782640706710,3,0,0,128.01
1782640706710,4,0,0,128.32
1782640706710,5,0,0,125.20
1782640706710,6,0,0,121.68
1782640706710,7,0,0,123.53
1782640706941,0,0,0,135.78
1782640706941,1,0,0,131.27
1782640706941,2,0,0,136.83
1782640706941,3,0,0,127.28
1782640706941,4,0,0,127.96
1782640706941,5,0,0,124.90
1782640706941,6,0,0,121.43
1782640706941,7,0,0,122.89
1782640707171,0,0,0,134.92
1782640707171,1,0,0,130.60
1782640707171,2,0,0,136.46
1782640707171,3,0,0,126.92
1782640707171,4,0,0,127.68
1782640707171,5,0,0,124.73
1782640707171,6,0,0,121.18
1782640707171,7,0,0,122.61
1782640707424,0,0,0,134.30
1782640707424,1,0,0,130.26
1782640707424,2,0,0,136.13
1782640707424,3,0,0,126.53
1782640707424,4,0,0,127.57
1782640707424,5,0,0,124.52
1782640707424,6,0,0,121.16
1782640707424,7,0,0,122.47
1782640707658,0,0,0,133.69
1782640707658,1,0,0,129.85
1782640707658,2,0,0,135.92
1782640707658,3,0,0,126.32
1782640707658,4,0,0,127.36
1782640707658,5,0,0,124.40
1782640707658,6,0,0,121.10
1782640707658,7,0,0,122.35
1782640707893,0,0,0,132.80
1782640707893,1,0,0,129.31
1782640707893,2,0,0,135.73
1782640707893,3,0,0,126.12
1782640707893,4,0,0,127.21
1782640707893,5,0,0,124.30
1782640707893,6,0,0,121.01
1782640707893,7,0,0,122.14
1782640708123,0,0,0,132.41
1782640708123,1,0,0,128.96
1782640708123,2,0,0,135.46
1782640708123,3,0,0,125.89
1782640708123,4,0,0,127.07
1782640708123,5,0,0,124.15
1782640708123,6,0,0,120.99
1782640708123,7,0,0,122.03
1782640708352,0,0,0,132.24
1782640708352,1,0,0,128.59
1782640708352,2,0,0,135.32
1782640708352,3,0,0,125.70
1782640708352,4,0,0,126.96
1782640708352,5,0,0,124.04
1782640708352,6,0,0,120.88
1782640708352,7,0,0,121.91
1782640708579,0,0,0,132.04
1782640708579,1,0,0,128.34
1782640708579,2,0,0,135.18
1782640708579,3,0,0,125.42
1782640708579,4,0,0,126.82
1782640708579,5,0,0,123.93
1782640708579,6,0,0,120.80
1782640708579,7,0,0,121.82
1782640708807,0,0,0,131.90
1782640708807,1,0,0,128.20
1782640708807,2,0,0,134.97
1782640708807,3,0,0,125.03
1782640708807,4,0,0,126.73
1782640708807,5,0,0,123.86
1782640708807,6,0,0,120.65
1782640708807,7,0,0,121.68
1782640709036,0,0,0,131.78
1782640709036,1,0,0,128.09
1782640709036,2,0,0,134.87
1782640709036,3,0,0,124.81
1782640709036,4,0,0,126.68
1782640709036,5,0,0,123.74
1782640709036,6,0,0,120.58
1782640709036,7,0,0,121.62
1782640709265,0,0,0,131.66
1782640709265,1,0,0,127.97
1782640709265,2,0,0,134.74
1782640709265,3,0,0,124.58
1782640709265,4,0,0,126.49
1782640709265,5,0,0,123.67
1782640709265,6,0,0,120.47
1782640709265,7,0,0,121.56
1782640709496,0,0,0,172.85
1782640709496,1,10,9,168.09
1782640709496,2,100,87,186.39
1782640709496,3,100,87,178.28
1782640709496,4,100,87,170.71
1782640709496,5,97,84,178.52
1782640709496,6,100,87,172.05
1782640709496,7,26,23,167.63
1782640709808,0,100,87,266.73
1782640709808,1,100,87,263.54
1782640709808,2,100,87,282.08
1782640709808,3,100,87,272.29
1782640709808,4,100,87,300.90
1782640709808,5,100,87,275.58
1782640709808,6,100,87,267.17
1782640709808,7,100,87,264.55
1782640710120,0,100,87,399.83
1782640710120,1,100,88,364.79
1782640710120,2,100,87,373.21
1782640710120,3,100,87,372.77
1782640710120,4,100,87,392.74
1782640710120,5,100,87,367.42
1782640710120,6,100,87,394.45
1782640710120,7,100,87,393.73
1782640710434,0,100,87,456.27
1782640710434,1,100,87,453.12
1782640710434,2,100,87,452.96
1782640710434,3,100,87,449.16
1782640710434,4,100,87,451.28
1782640710434,5,100,87,444.88
1782640710434,6,100,87,438.11
1782640710434,7,100,87,444.55
1782640710747,0,100,87,457.27
1782640710747,1,100,87,451.68
1782640710747,2,100,87,454.34
1782640710747,3,100,87,452.04
1782640710747,4,100,87,451.57
1782640710747,5,100,87,445.39
1782640710747,6,100,87,439.14
1782640710747,7,100,87,443.10
1782640711057,0,100,87,457.67
1782640711057,1,100,87,450.12
1782640711057,2,100,87,454.73
1782640711057,3,100,87,453.31
1782640711057,4,100,87,450.52
1782640711057,5,100,87,446.39
1782640711057,6,100,87,439.82
1782640711057,7,100,87,442.05
1782640711367,0,100,87,458.29
1782640711367,1,100,87,451.01
1782640711367,2,100,87,455.19
1782640711367,3,100,87,453.36
1782640711367,4,100,87,449.21
1782640711367,5,100,87,448.28
1782640711367,6,100,87,440.03
1782640711367,7,100,87,441.83
1782640711676,0,100,87,458.71
1782640711676,1,100,87,452.67
1782640711676,2,100,87,454.73
1782640711676,3,100,87,453.32
1782640711676,4,100,87,449.15
1782640711676,5,100,87,450.05
1782640711676,6,100,86,439.90
1782640711676,7,100,87,444.52
1782640711983,0,100,87,459.40
1782640711983,1,100,88,453.84
1782640711983,2,100,86,455.12
1782640711983,3,100,87,455.87
1782640711983,4,100,87,449.78
1782640711983,5,100,87,451.43
1782640711983,6,100,86,439.82
1782640711983,7,100,86,444.41
1782640712313,0,100,87,458.04
1782640712313,1,100,88,455.11
1782640712313,2,100,86,454.15
1782640712313,3,100,87,454.32
1782640712313,4,100,87,451.64
1782640712313,5,100,88,452.29
1782640712313,6,100,87,439.46
1782640712313,7,100,86,445.48
1782640712622,0,100,87,458.28
1782640712622,1,100,87,454.67
1782640712622,2,100,87,454.29
1782640712622,3,100,87,456.26
1782640712622,4,100,87,452.87
1782640712622,5,100,87,452.34
1782640712622,6,100,87,439.05
1782640712622,7,100,87,444.49
1782640713021,0,100,87,458.41
1782640713021,1,100,87,454.39
1782640713021,2,100,87,455.05
1782640713021,3,100,87,453.38
1782640713021,4,100,87,452.94
1782640713021,5,100,87,451.88
1782640713021,6,100,87,439.81
1782640713021,7,100,87,445.24
1782640713330,0,100,87,459.08
1782640713330,1,100,87,454.08
1782640713330,2,100,87,457.45
1782640713330,3,100,88,455.00
1782640713330,4,100,87,452.86
1782640713330,5,100,87,451.30
1782640713330,6,100,87,441.21
1782640713330,7,100,87,444.85
1782640713640,0,100,87,459.48
1782640713640,1,100,88,455.58
1782640713640,2,100,87,458.80
1782640713640,3,100,87,455.43
1782640713640,4,100,87,452.93
1782640713640,5,100,87,450.16
1782640713640,6,100,87,441.95
1782640713640,7,100,87,442.17
1782640713951,0,100,87,459.90
1782640713951,1,100,88,456.67
1782640713951,2,100,88,459.32
1782640713951,3,100,88,456.80
1782640713951,4,100,87,453.35
1782640713951,5,100,87,450.48
1782640713951,6,100,87,442.25
1782640713951,7,100,87,447.21
1782640714263,0,100,87,461.39
1782640714263,1,100,88,457.89
1782640714263,2,100,87,458.71
1782640714263,3,100,87,457.88
1782640714263,4,100,87,454.54
1782640714263,5,100,87,451.48
1782640714263,6,100,87,443.10
1782640714263,7,100,87,447.27
1782640714569,0,100,87,462.43
1782640714569,1,100,88,460.75
1782640714569,2,100,87,459.04
1782640714569,3,100,88,456.47
1782640714569,4,100,87,454.60
1782640714569,5,100,87,452.52
1782640714569,6,100,87,443.45
1782640714569,7,100,87,448.20
1782640714876,0,100,87,462.22
1782640714876,1,100,88,459.79
1782640714876,2,100,87,458.49
1782640714876,3,100,87,456.84
1782640714876,4,100,87,455.67
1782640714876,5,100,87,453.13
1782640714876,6,100,87,443.72
1782640714876,7,100,87,448.79
1782640715182,0,100,87,462.98
1782640715182,1,100,88,459.81
1782640715182,2,100,87,454.32
1782640715182,3,100,87,456.56
1782640715182,4,100,87,456.60
1782640715182,5,100,87,453.16
1782640715182,6,100,87,444.41
1782640715182,7,100,87,449.52
1782640715489,0,100,87,463.35
1782640715489,1,100,88,457.59
1782640715489,2,100,87,455.23
1782640715489,3,100,87,456.31
1782640715489,4,100,87,455.42
1782640715489,5,100,87,453.11
1782640715489,6,100,87,444.04
1782640715489,7,100,87,450.79
1782640715797,0,100,87,463.45
1782640715797,1,100,88,457.44
1782640715797,2,100,87,455.64
1782640715797,3,100,87,456.36
1782640715797,4,100,87,455.47
1782640715797,5,100,87,452.83
1782640715797,6,100,87,444.52
1782640715797,7,100,87,450.68
1782640716102,0,100,87,460.97
1782640716102,1,100,88,458.15
1782640716102,2,100,88,460.19
1782640716102,3,100,87,456.62
1782640716102,4,100,87,454.18
1782640716102,5,100,88,453.52
1782640716102,6,100,88,443.67
1782640716102,7,100,87,451.60
1782640716414,0,100,87,461.70
1782640716414,1,100,88,458.28
1782640716414,2,100,88,461.04
1782640716414,3,100,87,457.88
1782640716414,4,100,87,456.08
1782640716414,5,100,88,453.93
1782640716414,6,100,88,443.90
1782640716414,7,100,87,450.38
1782640716742,0,100,88,463.18
1782640716742,1,100,88,456.83
1782640716742,2,100,87,460.26
1782640716742,3,100,88,458.48
1782640716742,4,100,87,456.31
1782640716742,5,100,88,454.99
1782640716742,6,100,88,445.34
1782640716742,7,100,87,451.12
1782640717051,0,100,87,466.25
1782640717051,1,100,88,454.55
1782640717051,2,100,88,461.03
1782640717051,3,100,88,459.55
1782640717051,4,100,87,457.63
1782640717051,5,100,87,455.55
1782640717051,6,100,88,447.22
1782640717051,7,100,87,451.22
1782640717356,0,100,88,465.12
1782640717356,1,100,88,455.81
1782640717356,2,100,87,462.09
1782640717356,3,100,88,460.00
1782640717356,4,100,87,457.38
1782640717356,5,100,88,455.99
1782640717356,6,100,88,447.96
1782640717356,7,100,88,452.06
1782640717667,0,100,88,465.24
1782640717667,1,100,88,456.54
1782640717667,2,100,88,462.50
1782640717667,3,100,88,460.13
1782640717667,4,100,87,457.79
1782640717667,5,100,88,455.82
1782640717667,6,100,88,447.06
1782640717667,7,100,88,452.22
1782640717981,0,100,88,465.58
1782640717981,1,100,88,460.07
1782640717981,2,100,88,462.01
1782640717981,3,100,88,460.03
1782640717981,4,100,87,458.26
1782640717981,5,100,88,455.66
1782640717981,6,100,88,447.77
1782640717981,7,100,87,452.10
1782640718291,0,100,88,465.14
1782640718291,1,100,88,460.38
1782640718291,2,100,87,461.80
1782640718291,3,100,88,460.76
1782640718291,4,100,87,458.03
1782640718291,5,100,88,455.95
1782640718291,6,100,88,446.89
1782640718291,7,100,87,452.29
1782640718598,0,100,88,465.67
1782640718598,1,100,88,460.50
1782640718598,2,100,88,461.57
1782640718598,3,100,87,460.63
1782640718598,4,100,87,458.39
1782640718598,5,100,88,455.89
1782640718598,6,100,88,447.91
1782640718598,7,100,87,451.64
1782640718981,0,100,88,465.44
1782640718981,1,100,88,460.42
1782640718981,2,100,88,461.69
1782640718981,3,100,88,460.85
1782640718981,4,100,87,458.32
1782640718981,5,100,88,455.89
1782640718981,6,100,88,445.84
1782640718981,7,100,88,452.09
1782640719287,0,100,88,466.19
1782640719287,1,100,88,460.59
1782640719287,2,100,88,462.05
1782640719287,3,100,88,460.72
1782640719287,4,100,87,458.45
1782640719287,5,100,88,456.01
1782640719287,6,100,88,446.61
1782640719287,7,100,88,453.00
1782640719594,0,100,88,466.71
1782640719594,1,100,88,460.97
1782640719594,2,100,88,462.88
1782640719594,3,100,88,461.35
1782640719594,4,100,87,458.45
1782640719594,5,100,88,456.03
1782640719594,6,100,88,446.48
1782640719594,7,100,88,454.20
1782640719905,0,100,88,467.26
1782640719905,1,100,88,462.55
1782640719905,2,100,88,463.75
1782640719905,3,100,88,461.76
1782640719905,4,100,87,457.48
1782640719905,5,100,88,453.88
1782640719905,6,100,88,448.80
1782640719905,7,100,88,454.67
1782640720209,0,100,88,468.08
1782640720209,1,100,88,462.65
1782640720209,2,100,88,463.29
1782640720209,3,100,88,462.18
1782640720209,4,100,87,457.43
1782640720209,5,100,88,456.03
1782640720209,6,100,88,448.62
1782640720209,7,100,88,454.20
1782640720514,0,100,88,468.82
1782640720514,1,100,88,462.79
1782640720514,2,100,88,463.72
1782640720514,3,100,88,462.31
1782640720514,4,100,88,459.58
1782640720514,5,100,88,453.45
1782640720514,6,100,88,448.48
1782640720514,7,100,88,455.07
1782640720824,0,100,88,468.83
1782640720824,1,100,88,462.90
1782640720824,2,100,88,463.97
1782640720824,3,100,88,462.19
1782640720824,4,100,88,463.06
1782640720824,5,100,88,452.06
1782640720824,6,100,88,449.18
1782640720824,7,100,88,456.43
1782640721133,0,100,88,469.81
1782640721133,1,100,88,463.41
1782640721133,2,100,88,464.90
1782640721133,3,100,88,463.08
1782640721133,4,100,88,467.74
1782640721133,5,100,88,454.85
1782640721133,6,100,88,449.70
1782640721133,7,100,88,458.81
1782640721443,0,100,88,469.47
1782640721443,1,100,88,463.56
1782640721443,2,100,88,465.48
1782640721443,3,100,88,463.70
1782640721443,4,100,88,469.82
1782640721443,5,100,88,456.21
1782640721443,6,100,88,449.82
1782640721443,7,100,88,451.39
1782640721752,0,100,88,469.25
1782640721752,1,100,88,464.19
1782640721752,2,100,88,465.54
1782640721752,3,100,88,463.30
1782640721752,4,100,88,468.36
1782640721752,5,100,88,460.80
1782640721752,6,100,88,450.14
1782640721752,7,100,88,451.37
1782640722061,0,100,88,469.34
1782640722061,1,100,88,464.44
1782640722061,2,100,88,465.55
1782640722061,3,100,88,464.95
1782640722061,4,100,88,464.75
1782640722061,5,100,88,461.35
1782640722061,6,100,88,449.63
1782640722061,7,100,88,446.36
1782640722372,0,100,88,469.35
1782640722372,1,100,88,464.77
1782640722372,2,100,88,465.38
1782640722372,3,100,88,464.04
1782640722372,4,100,88,460.45
1782640722372,5,100,88,461.51
1782640722372,6,100,88,449.82
1782640722372,7,100,88,452.44
1782640722680,0,100,88,471.21
1782640722680,1,100,88,464.66
1782640722680,2,100,88,464.91
1782640722680,3,100,88,461.83
1782640722680,4,100,87,460.50
1782640722680,5,100,88,460.68
1782640722680,6,100,88,449.61
1782640722680,7,100,88,457.48
1782640722987,0,100,88,471.67
1782640722987,1,100,88,464.14
1782640722987,2,100,88,464.69
1782640722987,3,100,88,464.09
1782640722987,4,100,87,459.24
1782640722987,5,100,88,461.56
1782640722987,6,100,88,450.19
1782640722987,7,100,88,455.90
1782640723296,0,100,88,472.12
1782640723296,1,100,88,464.68
1782640723296,2,100,88,466.56
1782640723296,3,100,88,465.47
1782640723296,4,100,88,459.47
1782640723296,5,100,88,461.34
1782640723296,6,100,88,450.63
1782640723296,7,100,88,456.70
1782640723603,0,100,88,470.90
1782640723603,1,100,88,465.29
1782640723603,2,100,88,465.45
1782640723603,3,100,88,470.97
1782640723603,4,100,88,461.02
1782640723603,5,100,88,461.55
1782640723603,6,100,88,451.03
1782640723603,7,100,88,457.63
1782640723913,0,100,88,472.35
1782640723913,1,100,88,465.45
1782640723913,2,100,88,470.44
1782640723913,3,100,88,467.96
1782640723913,4,100,88,462.00
1782640723913,5,100,88,461.81
1782640723913,6,100,88,451.45
1782640723913,7,100,88,457.38
1782640724226,0,100,88,470.53
1782640724226,1,100,88,466.79
1782640724226,2,100,88,475.60
1782640724226,3,100,88,464.72
1782640724226,4,100,88,462.81
1782640724226,5,100,88,461.38
1782640724226,6,100,88,451.93
1782640724226,7,100,88,457.70
1782640724594,0,100,88,474.62
1782640724594,1,100,89,465.82
1782640724594,2,100,88,476.58
1782640724594,3,100,88,464.16
1782640724594,4,100,88,463.07
1782640724594,5,100,88,462.21
1782640724594,6,100,88,452.29
1782640724594,7,100,88,458.56
1782640724939,0,100,88,480.83
1782640724939,1,100,88,466.09
1782640724939,2,100,88,473.90
1782640724939,3,100,88,466.37
1782640724939,4,100,88,462.69
1782640724939,5,100,88,462.79
1782640724939,6,100,88,452.35
1782640724939,7,100,88,458.25
1782640725251,0,100,88,481.36
1782640725251,1,100,89,468.66
1782640725251,2,100,88,470.44
1782640725251,3,100,88,466.61
1782640725251,4,100,88,462.73
1782640725251,5,100,88,463.17
1782640725251,6,100,88,452.51
1782640725251,7,100,88,458.46
1782640725558,0,100,88,480.18
1782640725558,1,100,89,461.70
1782640725558,2,100,88,469.38
1782640725558,3,100,88,466.97
1782640725558,4,100,88,462.96
1782640725558,5,100,88,463.04
1782640725558,6,100,88,452.36
1782640725558,7,100,88,458.49
1782640725887,0,100,88,475.41
1782640725887,1,100,89,459.52
1782640725887,2,100,88,468.61
1782640725887,3,100,88,467.28
1782640725887,4,100,87,463.17
1782640725887,5,100,88,463.36
1782640725887,6,100,88,453.13
1782640725887,7,100,88,459.20
1782640726196,0,100,88,473.35
1782640726196,1,100,89,459.42
1782640726196,2,100,88,469.60
1782640726196,3,100,88,467.76
1782640726196,4,100,87,463.01
1782640726196,5,100,88,462.61
1782640726196,6,100,88,454.00
1782640726196,7,100,88,459.62
1782640726502,0,100,88,473.71
1782640726502,1,100,89,464.51
1782640726502,2,100,88,469.35
1782640726502,3,100,88,467.86
1782640726502,4,100,87,462.41
1782640726502,5,100,88,463.23
1782640726502,6,100,88,453.01
1782640726502,7,100,88,460.03
1782640726808,0,100,88,474.04
1782640726808,1,100,89,471.39
1782640726808,2,100,88,469.43
1782640726808,3,100,88,468.41
1782640726808,4,100,88,462.44
1782640726808,5,100,88,463.33
1782640726808,6,100,88,454.02
1782640726808,7,100,88,459.95
1782640727115,0,100,88,474.59
1782640727115,1,100,89,467.89
1782640727115,2,100,88,468.83
1782640727115,3,100,89,468.70
1782640727115,4,100,88,463.28
1782640727115,5,100,88,464.50
1782640727115,6,100,88,452.56
1782640727115,7,100,88,459.97
1782640727423,0,100,89,475.67
1782640727423,1,100,89,469.22
1782640727423,2,100,88,469.27
1782640727423,3,100,88,469.52
1782640727423,4,100,88,463.67
1782640727423,5,100,88,464.97
1782640727423,6,100,89,454.06
1782640727423,7,100,88,460.75
1782640727732,0,100,89,475.87
1782640727732,1,100,89,469.12
1782640727732,2,100,89,469.53
1782640727732,3,100,89,469.17
1782640727732,4,100,88,464.05
1782640727732,5,100,89,464.52
1782640727732,6,100,88,453.10
1782640727732,7,100,88,461.16
1782640728041,0,100,89,477.09
1782640728041,1,100,89,469.43
1782640728041,2,100,89,470.61
1782640728041,3,100,89,468.87
1782640728041,4,100,88,464.17
1782640728041,5,100,89,464.08
1782640728041,6,100,89,456.09
1782640728041,7,100,88,461.97
1782640728350,0,100,88,477.88
1782640728350,1,100,89,469.94
1782640728350,2,100,88,470.71
1782640728350,3,100,89,468.15
1782640728350,4,100,88,465.21
1782640728350,5,100,89,463.70
1782640728350,6,100,89,457.88
1782640728350,7,100,88,461.92
1782640728658,0,100,89,477.57
1782640728658,1,100,89,469.23
1782640728658,2,100,89,470.73
1782640728658,3,100,89,468.19
1782640728658,4,100,88,466.46
1782640728658,5,100,89,464.05
1782640728658,6,100,89,454.64
1782640728658,7,100,88,461.66
1782640728964,0,100,89,477.56
1782640728964,1,100,89,469.93
1782640728964,2,100,89,470.96
1782640728964,3,100,89,469.24
1782640728964,4,100,88,466.21
1782640728964,5,100,89,464.57
1782640728964,6,100,89,457.62
1782640728964,7,100,89,461.37
1782640729271,0,100,89,477.46
1782640729271,1,100,89,470.52
1782640729271,2,100,89,470.93
1782640729271,3,100,89,470.73
1782640729271,4,100,86,464.77
1782640729271,5,100,89,465.81
1782640729271,6,100,89,455.12
1782640729271,7,100,89,461.86
1782640729579,0,100,89,477.09
1782640729579,1,100,89,470.74
1782640729579,2,100,89,471.16
1782640729579,3,100,89,471.13
1782640729579,4,100,86,461.86
1782640729579,5,100,89,466.39
1782640729579,6,100,89,456.24
1782640729579,7,100,89,462.72
1782640729887,0,100,89,476.95
1782640729887,1,100,89,470.77
1782640729887,2,100,89,472.04
1782640729887,3,100,89,471.80
1782640729887,4,100,86,459.67
1782640729887,5,100,89,467.77
1782640729887,6,100,89,455.02
1782640729887,7,100,89,463.30
1782640730196,0,100,89,477.11
1782640730196,1,100,89,470.78
1782640730196,2,100,89,471.73
1782640730196,3,100,89,471.15
1782640730196,4,100,88,462.39
1782640730196,5,100,89,466.77
1782640730196,6,100,89,457.11
1782640730196,7,100,89,463.45
1782640730597,0,100,89,477.65
1782640730597,1,100,89,471.51
1782640730597,2,100,89,472.06
1782640730597,3,100,89,471.06
1782640730597,4,100,88,465.23
1782640730597,5,100,89,467.39
1782640730597,6,100,89,456.23
1782640730597,7,100,89,463.98
1782640730906,0,100,89,478.27
1782640730906,1,100,89,472.29
1782640730906,2,100,89,472.40
1782640730906,3,100,89,470.75
1782640730906,4,100,88,468.07
1782640730906,5,100,89,467.37
1782640730906,6,100,89,457.49
1782640730906,7,100,89,464.02
1782640731213,0,100,89,478.11
1782640731213,1,100,89,472.49
1782640731213,2,100,89,472.69
1782640731213,3,100,89,471.39
1782640731213,4,100,88,467.89
1782640731213,5,100,89,467.41
1782640731213,6,100,89,456.99
1782640731213,7,100,89,464.85
1782640731522,0,100,89,478.02
1782640731522,1,100,89,472.36
1782640731522,2,100,89,473.14
1782640731522,3,100,89,472.22
1782640731522,4,100,88,467.53
1782640731522,5,100,89,467.54
1782640731522,6,100,89,457.07
1782640731522,7,100,89,464.58
1782640731834,0,100,89,478.54
1782640731834,1,100,89,472.39
1782640731834,2,100,89,473.05
1782640731834,3,100,89,472.82
1782640731834,4,100,88,467.67
1782640731834,5,100,89,468.09
1782640731834,6,100,89,457.47
1782640731834,7,100,89,465.12
1782640732143,0,100,89,479.09
1782640732143,1,100,89,472.46
1782640732143,2,100,89,473.43
1782640732143,3,100,89,473.47
1782640732143,4,100,88,468.28
1782640732143,5,100,89,469.54
1782640732143,6,100,89,457.91
1782640732143,7,100,89,465.34
1782640732453,0,100,89,479.94
1782640732453,1,100,89,473.62
1782640732453,2,100,89,473.89
1782640732453,3,100,89,473.48
1782640732453,4,100,88,467.68
1782640732453,5,100,89,470.24
1782640732453,6,100,89,458.74
1782640732453,7,100,89,465.98
1782640732760,0,100,89,480.34
1782640732760,1,100,89,473.80
1782640732760,2,100,89,473.99
1782640732760,3,100,89,473.58
1782640732760,4,100,86,465.77
1782640732760,5,100,89,469.23
1782640732760,6,100,89,459.09
1782640732760,7,100,89,466.69
1782640733069,0,100,89,481.09
1782640733069,1,100,89,474.78
1782640733069,2,100,89,473.93
1782640733069,3,100,89,473.55
1782640733069,4,100,86,463.95
1782640733069,5,100,89,469.45
1782640733069,6,100,89,459.73
1782640733069,7,100,89,466.06
1782640733380,0,100,89,480.06
1782640733380,1,100,89,474.07
1782640733380,2,100,89,474.50
1782640733380,3,100,89,473.64
1782640733380,4,100,86,461.97
1782640733380,5,100,89,467.74
1782640733380,6,100,89,459.58
1782640733380,7,100,89,464.74
1782640733688,0,100,89,480.29
1782640733688,1,100,89,474.08
1782640733688,2,100,89,475.31
1782640733688,3,100,89,474.34
1782640733688,4,100,86,461.35
1782640733688,5,100,89,469.10
1782640733688,6,100,89,459.53
1782640733688,7,100,89,465.00
1782640733997,0,100,89,480.49
1782640733997,1,100,89,474.35
1782640733997,2,100,89,475.43
1782640733997,3,100,89,474.69
1782640733997,4,100,86,460.85
1782640733997,5,100,89,469.09
1782640733997,6,100,89,459.60
1782640733997,7,100,89,464.79
1782640734306,0,100,89,480.48
1782640734306,1,100,89,474.72
1782640734306,2,100,89,475.92
1782640734306,3,100,89,475.40
1782640734306,4,100,87,461.40
1782640734306,5,100,89,470.61
1782640734306,6,100,89,459.94
1782640734306,7,100,89,466.42
1782640734614,0,100,89,480.98
1782640734614,1,100,89,474.89
1782640734614,2,100,89,476.53
1782640734614,3,100,89,476.50
1782640734614,4,100,88,464.09
1782640734614,5,100,89,471.49
1782640734614,6,100,89,461.01
1782640734614,7,100,89,466.16
1782640734922,0,100,89,480.92
1782640734922,1,100,90,475.67
1782640734922,2,100,89,476.05
1782640734922,3,100,89,475.95
1782640734922,4,100,88,466.90
1782640734922,5,100,89,472.40
1782640734922,6,100,89,461.04
1782640734922,7,100,89,466.78
1782640735231,0,100,89,481.36
1782640735231,1,100,90,476.29
1782640735231,2,100,89,475.93
1782640735231,3,100,89,475.32
1782640735231,4,100,88,471.91
1782640735231,5,100,89,472.69
1782640735231,6,100,89,461.57
1782640735231,7,100,89,466.81
1782640735539,0,100,89,481.61
1782640735539,1,100,89,476.29
1782640735539,2,100,89,476.82
1782640735539,3,100,89,475.60
1782640735539,4,100,89,471.58
1782640735539,5,100,89,471.90
1782640735539,6,100,89,461.65
1782640735539,7,100,89,467.51
1782640735850,0,100,89,481.97
1782640735850,1,100,90,467.37
1782640735850,2,100,89,476.52
1782640735850,3,100,89,478.00
1782640735850,4,100,89,472.45
1782640735850,5,100,89,471.45
1782640735850,6,100,89,462.02
1782640735850,7,100,89,468.11
1782640736213,0,0,0,410.01
1782640736213,1,0,0,367.71
1782640736213,2,0,0,430.08
1782640736213,3,0,0,426.78
1782640736213,4,11,10,393.69
1782640736213,5,0,0,409.81
1782640736213,6,0,0,385.04
1782640736213,7,0,0,393.30
1782640736445,0,0,0,346.17
1782640736445,1,0,0,299.69
1782640736445,2,0,0,330.22
1782640736445,3,0,0,324.31
1782640736445,4,0,0,326.08
1782640736445,5,0,0,308.86
1782640736445,6,0,0,318.31
1782640736445,7,0,0,325.92
1782640736674,0,0,0,273.70
1782640736674,1,0,0,231.85
1782640736674,2,0,0,263.30
1782640736674,3,0,0,250.00
1782640736674,4,0,0,258.50
1782640736674,5,0,0,236.21
1782640736674,6,0,0,251.41
1782640736674,7,0,0,253.55
1782640736906,0,0,0,171.36
1782640736906,1,0,0,133.10
1782640736906,2,0,0,196.50
1782640736906,3,0,0,179.30
1782640736906,4,0,0,156.89
1782640736906,5,0,0,172.85
1782640736906,6,0,0,150.75
1782640736906,7,0,0,190.09
1782640737134,0,0,0,134.65
1782640737134,1,0,0,130.21
1782640737134,2,0,0,136.52
1782640737134,3,0,0,126.49
1782640737134,4,0,0,127.01
1782640737134,5,0,0,124.17
1782640737134,6,0,0,120.90
1782640737134,7,0,0,123.29
1782640737361,0,0,0,133.71
1782640737361,1,0,0,129.73
1782640737361,2,0,0,135.57
1782640737361,3,0,0,125.57
1782640737361,4,0,0,126.70
1782640737361,5,0,0,123.65
1782640737361,6,0,0,120.29
1782640737361,7,0,0,122.43
1782640737653,0,33,5,136.26
1782640737653,1,39,6,132.03
1782640737653,2,17,3,137.50
1782640737653,3,15,2,127.17
1782640737653,4,29,4,128.98
1782640737653,5,17,3,125.97
1782640737653,6,23,3,122.63
1782640737653,7,43,7,125.00
1782640737943,0,0,0,136.14
1782640737943,1,8,1,131.84
1782640737943,2,0,0,137.51
1782640737943,3,0,0,127.36
1782640737943,4,0,0,128.96
1782640737943,5,0,0,126.33
1782640737943,6,0,0,122.44
1782640737943,7,0,0,124.82
1782640738171,0,0,0,135.97
1782640738171,1,0,0,131.72
1782640738171,2,0,0,137.31
1782640738171,3,0,0,127.19
1782640738171,4,0,0,128.89
1782640738171,5,0,0,126.16
1782640738171,6,0,0,122.35
1782640738171,7,0,0,124.72
1782640738399,0,16,0,135.52
1782640738399,1,0,0,131.26
1782640738399,2,0,0,137.14
1782640738399,3,0,0,126.68
1782640738399,4,0,0,128.33
1782640738399,5,0,0,125.88
1782640738399,6,0,0,121.89
1782640738399,7,0,0,124.28
1782640738683,0,99,1,134.42
1782640738683,1,100,1,129.87
1782640738683,2,77,0,135.45
1782640738683,3,100,1,125.43
1782640738683,4,99,1,126.20
1782640738683,5,80,0,124.49
1782640738683,6,96,1,119.99
1782640738683,7,100,1,122.29
1782640738927,0,0,0,133.03
1782640738927,1,0,0,128.98
1782640738927,2,0,0,134.92
1782640738927,3,0,0,124.49
1782640738927,4,0,0,125.99
1782640738927,5,0,0,123.36
1782640738927,6,0,0,119.92
1782640738927,7,9,0,122.19
1782640739160,0,0,0,132.87
1782640739160,1,0,0,128.88
1782640739160,2,0,0,134.77
1782640739160,3,0,0,124.46
1782640739160,4,12,0,125.89
1782640739160,5,12,0,123.27
1782640739160,6,28,0,119.97
1782640739160,7,0,0,122.22
1782640739429,0,31,7,142.63
1782640739429,1,14,3,136.70
1782640739429,2,0,0,143.57
1782640739429,3,15,0,136.04
1782640739429,4,11,5,148.08
1782640739429,5,25,3,133.71
1782640739429,6,4,0,127.85
1782640739429,7,28,6,133.53
1782640739737,0,98,46,277.16
1782640739737,1,70,33,268.91
1782640739737,2,98,48,289.73
1782640739737,3,98,46,284.07
1782640739737,4,98,47,268.60
1782640739737,5,98,47,293.42
1782640739737,6,97,46,276.71
1782640739737,7,97,40,287.41
1782640739999,0,64,31,434.89
1782640739999,1,98,46,428.47
1782640739999,2,98,47,425.97
1782640739999,3,98,46,423.43
1782640739999,4,0,0,420.22
1782640739999,5,98,47,426.92
1782640739999,6,0,0,405.84
1782640739999,7,82,40,422.86
1782640740381,0,98,47,526.37
1782640740381,1,90,40,522.11
1782640740381,2,69,30,483.19
1782640740381,3,90,39,484.65
1782640740381,4,39,20,520.42
1782640740381,5,91,46,493.52
1782640740381,6,75,38,527.98
1782640740381,7,97,37,514.11
1782640740653,0,98,47,570.12
1782640740653,1,98,46,570.65
1782640740653,2,98,47,564.71
1782640740653,3,98,46,570.10
1782640740653,4,98,47,567.31
1782640740653,5,98,46,571.07
1782640740653,6,97,46,557.38
1782640740653,7,98,35,524.86
1782640740918,0,99,45,514.54
1782640740918,1,98,46,512.83
1782640740918,2,97,9,491.21
1782640740918,3,100,1,497.80
1782640740918,4,97,22,505.20
1782640740918,5,100,1,485.32
1782640740918,6,98,1,492.88
1782640740918,7,98,38,421.53
1782640741185,0,5,1,468.11
1782640741185,1,24,1,467.33
1782640741185,2,83,1,455.87
1782640741185,3,66,1,464.62
1782640741185,4,100,1,474.22
1782640741185,5,42,1,464.79
1782640741185,6,59,1,457.36
1782640741185,7,6,1,400.96
1782640741529,0,8,1,267.61
1782640741529,1,4,1,264.35
1782640741529,2,7,1,300.10
1782640741529,3,5,1,239.92
1782640741529,4,7,1,254.82
1782640741529,5,6,1,234.43
1782640741529,6,5,1,233.49
1782640741529,7,100,0,210.97
1782640741884,0,41,0,146.65
1782640741884,1,9,1,134.34
1782640741884,2,2,0,135.40
1782640741884,3,2,0,127.20
1782640741884,4,4,1,127.99
1782640741884,5,18,0,125.71
1782640741884,6,35,0,121.26
1782640741884,7,61,0,123.62
1782640742113,0,0,0,131.54
1782640742113,1,0,0,129.46
1782640742113,2,0,0,133.64
1782640742113,3,0,0,124.92
1782640742113,4,0,0,124.83
1782640742113,5,12,0,124.53
1782640742113,6,0,0,118.98
1782640742113,7,0,0,121.97
1782640742437,0,100,1,131.40
1782640742437,1,100,1,129.09
1782640742437,2,88,1,133.73
1782640742437,3,100,1,124.75
1782640742437,4,91,1,124.93
1782640742437,5,100,1,124.69
1782640742437,6,98,1,119.17
1782640742437,7,100,1,122.01
1782640742754,0,100,1,131.22
1782640742754,1,100,1,129.01
1782640742754,2,100,1,133.69
1782640742754,3,100,1,124.66
1782640742754,4,100,1,124.82
1782640742754,5,100,1,124.75
1782640742754,6,100,1,119.21
1782640742754,7,100,1,122.14
1782640743079,0,29,0,131.21
1782640743079,1,74,1,128.79
1782640743079,2,100,1,133.66
1782640743079,3,100,1,124.50
1782640743079,4,100,1,125.01
1782640743079,5,100,1,124.98
1782640743079,6,100,1,119.32
1782640743079,7,55,0,122.23
1782640743323,0,0,0,130.54
1782640743323,1,0,0,128.08
1782640743323,2,0,0,133.01
1782640743323,3,0,0,123.84
1782640743323,4,0,0,124.39
1782640743323,5,0,0,124.36
1782640743323,6,0,0,118.68
1782640743323,7,0,0,121.55
1782640743565,0,10,5,137.81
1782640743565,1,26,2,134.72
1782640743565,2,2,0,145.85
1782640743565,3,16,0,134.93
1782640743565,4,1,0,131.25
1782640743565,5,23,1,137.46
1782640743565,6,3,0,129.72
1782640743565,7,34,4,129.39
1782640743896,0,98,42,255.65
1782640743896,1,52,26,245.10
1782640743896,2,89,40,276.81
1782640743896,3,84,40,270.47
1782640743896,4,92,44,253.69
1782640743896,5,83,40,278.02
1782640743896,6,94,40,261.42
1782640743896,7,98,25,242.72
1782640744199,0,81,39,414.38
1782640744199,1,98,46,406.46
1782640744199,2,92,46,428.05
1782640744199,3,95,46,422.56
1782640744199,4,53,26,428.39
1782640744199,5,98,47,439.21
1782640744199,6,96,46,417.96
1782640744199,7,79,30,369.74
1782640744555,0,0,0,443.02
1782640744555,1,0,0,442.65
1782640744555,2,35,17,435.24
1782640744555,3,36,18,436.66
1782640744555,4,32,14,439.76
1782640744555,5,6,6,448.81
1782640744555,6,36,18,430.45
1782640744555,7,0,0,378.86
1782640744961,0,3,4,282.56
1782640744961,1,0,0,284.15
1782640744961,2,0,0,270.81
1782640744961,3,0,0,267.37
1782640744961,4,8,9,278.37
1782640744961,5,0,0,268.58
1782640744961,6,8,9,264.04
1782640744961,7,83,22,256.26
1782640745351,0,59,29,216.59
1782640745351,1,84,44,214.38
1782640745351,2,68,33,202.74
1782640745351,3,93,51,218.98
1782640745351,4,24,13,221.85
1782640745351,5,100,38,228.88
1782640745351,6,65,35,216.63
1782640745351,7,100,12,194.24
1782640745688,0,99,56,343.19
1782640745688,1,99,54,325.99
1782640745688,2,99,55,356.55
1782640745688,3,99,55,356.17
1782640745688,4,99,55,349.04
1782640745688,5,99,54,368.26
1782640745688,6,99,55,349.50
1782640745688,7,99,43,306.41
1782640746003,0,99,52,489.63
1782640746003,1,99,55,470.46
1782640746003,2,99,55,498.92
1782640746003,3,99,56,498.35
1782640746003,4,99,55,487.36
1782640746003,5,99,55,515.77
1782640746003,6,99,56,486.27
1782640746003,7,92,40,397.87
1782640746322,0,99,55,600.28
1782640746322,1,99,54,585.68
1782640746322,2,99,56,589.57
1782640746322,3,99,56,591.82
1782640746322,4,99,56,600.85
1782640746322,5,99,55,612.74
1782640746322,6,99,56,583.63
1782640746322,7,99,42,503.94
1782640746643,0,99,57,597.09
1782640746643,1,99,55,579.99
1782640746643,2,54,29,559.27
1782640746643,3,36,20,570.03
1782640746643,4,84,46,534.90
1782640746643,5,6,4,572.49
1782640746643,6,38,20,504.48
1782640746643,7,2,2,442.96
1782640747091,0,41,32,443.80
1782640747091,1,9,6,426.54
1782640747091,2,0,0,433.74
1782640747091,3,51,25,434.54
1782640747091,4,44,37,428.63
1782640747091,5,77,38,439.15
1782640747091,6,48,23,417.70
1782640747091,7,21,13,384.49
1782640747388,0,98,47,472.35
1782640747388,1,98,46,463.25
1782640747388,2,98,47,467.16
1782640747388,3,98,47,470.97
1782640747388,4,98,46,464.52
1782640747388,5,98,47,474.51
1782640747388,6,98,47,456.51
1782640747388,7,98,47,443.34
1782640747772,0,94,44,509.07
1782640747772,1,98,46,548.38
1782640747772,2,100,57,514.64
1782640747772,3,100,60,511.43
1782640747772,4,96,53,548.99
1782640747772,5,100,46,527.63
1782640747772,6,100,49,545.52
1782640747772,7,99,55,565.99
1782640748073,0,99,56,642.91
1782640748073,1,99,56,655.65
1782640748073,2,99,55,646.66
1782640748073,3,99,57,655.34
1782640748073,4,99,54,656.71
1782640748073,5,99,55,662.15
1782640748073,6,99,55,643.69
1782640748073,7,99,55,651.29
1782640748377,0,99,56,635.01
1782640748377,1,99,55,624.47
1782640748377,2,99,54,626.22
1782640748377,3,99,55,638.87
1782640748377,4,99,55,626.13
1782640748377,5,99,55,637.90
1782640748377,6,99,55,602.39
1782640748377,7,99,54,620.68
1782640748677,0,99,55,624.39
1782640748677,1,99,55,606.14
1782640748677,2,99,55,604.74
1782640748677,3,99,54,615.27
1782640748677,4,99,57,613.27
1782640748677,5,99,55,619.95
1782640748677,6,99,56,595.73
1782640748677,7,99,54,616.88
1782640748986,0,99,55,623.53
1782640748986,1,99,54,610.76
1782640748986,2,99,57,608.48
1782640748986,3,99,55,603.87
1782640748986,4,99,55,612.87
1782640748986,5,99,57,606.42
1782640748986,6,99,55,583.19
1782640748986,7,99,55,599.97
1782640749295,0,100,1,492.99
1782640749295,1,100,1,478.79
1782640749295,2,100,1,462.01
1782640749295,3,100,1,463.04
1782640749295,4,100,1,486.11
1782640749295,5,80,1,464.17
1782640749295,6,100,1,451.40
1782640749295,7,100,1,462.30
1782640749629,0,7,1,298.71
1782640749629,1,6,1,294.34
1782640749629,2,5,1,278.08
1782640749629,3,6,1,265.25
1782640749629,4,5,1,288.68
1782640749629,5,6,1,267.33
1782640749629,6,7,1,257.32
1782640749629,7,7,1,269.33
1782640750008,0,5,1,153.61
1782640750008,1,6,1,151.45
1782640750008,2,6,1,145.25
1782640750008,3,6,1,136.82
1782640750008,4,5,1,127.05
1782640750008,5,7,1,133.36
1782640750008,6,5,1,120.50
1782640750008,7,5,1,123.66
1782640750375,0,4,1,132.34
1782640750375,1,4,1,130.78
1782640750375,2,8,1,135.30
1782640750375,3,6,1,125.66
1782640750375,4,6,1,126.03
1782640750375,5,6,1,124.34
1782640750375,6,7,1,119.85
1782640750375,7,4,1,123.10
1782640750733,0,4,1,132.02
1782640750733,1,2,0,130.18
1782640750733,2,6,1,134.91
1782640750733,3,5,1,125.08
1782640750733,4,7,1,125.76
1782640750733,5,4,1,124.16
1782640750733,6,5,1,119.62
1782640750733,7,4,1,122.83
1782640751065,0,6,1,131.82
1782640751065,1,5,1,129.99
1782640751065,2,4,1,134.65
1782640751065,3,4,1,124.88
1782640751065,4,5,1,125.43
1782640751065,5,5,1,124.01
1782640751065,6,4,1,119.45
1782640751065,7,7,1,122.60
1782640751420,0,5,1,131.68
1782640751420,1,7,1,129.72
1782640751420,2,5,1,134.38
1782640751420,3,6,1,124.72
1782640751420,4,4,1,125.40
1782640751420,5,6,1,123.91
1782640751420,6,5,1,119.42
1782640751420,7,6,1,122.49
1782640751738,0,100,2,132.48
1782640751738,1,100,2,130.40
1782640751738,2,100,2,135.62
1782640751738,3,100,2,125.69
1782640751738,4,62,2,127.03
1782640751738,5,100,2,124.97
1782640751738,6,100,2,120.74
1782640751738,7,100,2,124.31
1782640752193,0,100,1,133.60
1782640752193,1,100,2,131.14
1782640752193,2,37,2,135.83
1782640752193,3,68,2,126.79
1782640752193,4,42,1,127.36
1782640752193,5,100,1,125.99
1782640752193,6,93,2,121.56
1782640752193,7,100,1,124.72
1782640752449,0,87,6,138.75
1782640752449,1,100,1,136.12
1782640752449,2,100,1,143.65
1782640752449,3,100,1,134.75
1782640752449,4,100,1,132.74
1782640752449,5,99,1,135.65
1782640752449,6,100,1,128.26
1782640752449,7,99,2,132.91
1782640752741,0,55,21,163.60
1782640752741,1,70,19,158.37
1782640752741,2,95,14,165.18
1782640752741,3,96,8,156.80
1782640752741,4,75,24,157.40
1782640752741,5,100,1,156.57
1782640752741,6,97,9,149.99
1782640752741,7,42,18,153.85
1782640753007,0,27,4,163.76
1782640753007,1,66,4,157.94
1782640753007,2,5,1,164.90
1782640753007,3,4,1,156.07
1782640753007,4,5,1,157.62
1782640753007,5,4,1,156.72
1782640753007,6,4,1,150.16
1782640753007,7,47,4,154.05
1782640753439,0,5,1,152.02
1782640753439,1,5,1,152.30
1782640753439,2,3,0,157.79
1782640753439,3,4,1,148.19
1782640753439,4,3,0,145.98
1782640753439,5,4,1,146.62
1782640753439,6,45,14,143.83
1782640753439,7,5,1,147.35
1782640753748,0,82,43,163.87
1782640753748,1,84,33,158.68
1782640753748,2,46,24,165.68
1782640753748,3,28,14,157.74
1782640753748,4,71,37,156.22
1782640753748,5,3,3,157.01
1782640753748,6,30,16,151.05
1782640753748,7,87,41,152.60
1782640753983,0,0,0,162.50
1782640753983,1,0,0,158.32
1782640753983,2,0,0,165.22
1782640753983,3,0,0,156.79
1782640753983,4,0,0,155.50
1782640753983,5,0,0,156.11
1782640753983,6,0,0,150.28
1782640753983,7,0,0,151.35
1782640754218,0,1,0,161.37
1782640754218,1,0,0,156.99
1782640754218,2,0,0,165.45
1782640754218,3,0,0,155.85
1782640754218,4,0,0,154.62
1782640754218,5,0,0,155.21
1782640754218,6,12,2,149.34
1782640754218,7,4,1,151.72
1782640754488,0,0,0,162.45
1782640754488,1,3,0,157.34
1782640754488,2,15,2,164.61
1782640754488,3,23,4,155.98
1782640754488,4,0,0,155.15
1782640754488,5,8,1,155.26
1782640754488,6,0,0,149.04
1782640754488,7,3,0,151.58
1782640754722,0,0,0,130.37
1782640754722,1,0,0,127.50
1782640754722,2,0,0,139.93
1782640754722,3,0,0,123.51
1782640754722,4,35,5,126.16
1782640754722,5,0,0,129.14
1782640754722,6,0,0,118.56
1782640754722,7,0,0,121.50
1782640754978,0,2,0,131.74
1782640754978,1,0,0,128.80
1782640754978,2,15,2,134.67
1782640754978,3,46,7,124.88
1782640754978,4,0,0,125.99
1782640754978,5,41,6,124.88
1782640754978,6,35,5,120.12
1782640754978,7,0,0,123.24
1782640755220,0,100,87,169.10
1782640755220,1,78,68,172.20
1782640755220,2,16,14,181.72
1782640755220,3,30,26,172.34
1782640755220,4,0,0,162.83
1782640755220,5,58,50,176.46
1782640755220,6,26,22,164.83
1782640755220,7,93,80,170.68
1782640755528,0,100,87,265.51
1782640755528,1,100,87,267.77
1782640755528,2,100,87,273.22
1782640755528,3,100,87,269.30
1782640755528,4,100,87,260.51
1782640755528,5,100,87,274.52
1782640755528,6,100,87,257.86
1782640755528,7,100,87,266.18
1782640755836,0,100,87,363.34
1782640755836,1,100,87,362.91
1782640755836,2,100,87,370.15
1782640755836,3,100,87,362.54
1782640755836,4,100,87,389.33
1782640755836,5,100,88,366.43
1782640755836,6,100,87,350.45
1782640755836,7,100,87,362.02
1782640756146,0,100,87,452.30
1782640756146,1,100,87,444.74
1782640756146,2,100,87,448.33
1782640756146,3,100,87,447.65
1782640756146,4,100,87,448.73
1782640756146,5,100,87,447.51
1782640756146,6,100,87,436.17
1782640756146,7,100,87,439.21
1782640756455,0,100,87,456.43
1782640756455,1,100,87,447.91
1782640756455,2,100,87,452.00
1782640756455,3,100,87,449.57
1782640756455,4,100,87,449.42
1782640756455,5,100,87,448.88
1782640756455,6,100,87,436.49
1782640756455,7,100,87,441.57
1782640756763,0,100,87,456.77
1782640756763,1,100,87,450.50
1782640756763,2,100,87,451.95
1782640756763,3,100,87,450.20
1782640756763,4,100,87,449.75
1782640756763,5,100,87,449.12
1782640756763,6,100,87,436.96
1782640756763,7,100,87,443.01
1782640757073,0,100,87,457.53
1782640757073,1,100,87,451.46
1782640757073,2,100,87,452.82
1782640757073,3,100,87,452.62
1782640757073,4,100,87,452.02
1782640757073,5,100,87,449.69
1782640757073,6,100,87,436.81
1782640757073,7,100,87,445.41
1782640757383,0,100,87,458.23
1782640757383,1,100,87,452.88
1782640757383,2,100,87,453.51
1782640757383,3,100,87,452.45
1782640757383,4,100,87,452.69
1782640757383,5,100,87,448.52
1782640757383,6,100,87,438.58
1782640757383,7,100,87,446.40
1782640757693,0,100,87,457.79
1782640757693,1,100,88,454.27
1782640757693,2,100,86,453.03
1782640757693,3,100,87,452.79
1782640757693,4,100,86,452.24
1782640757693,5,100,87,448.80
1782640757693,6,100,86,438.27
1782640757693,7,100,86,445.14
1782640758000,0,100,87,456.83
1782640758000,1,100,88,455.95
1782640758000,2,100,87,452.61
1782640758000,3,100,87,451.73
1782640758000,4,100,87,451.43
1782640758000,5,100,87,449.06
1782640758000,6,100,86,437.66
1782640758000,7,100,87,444.86
1782640758305,0,100,87,457.41
1782640758305,1,100,88,456.07
1782640758305,2,100,87,452.98
1782640758305,3,100,87,451.30
1782640758305,4,100,87,449.86
1782640758305,5,100,87,447.39
1782640758305,6,100,87,438.32
1782640758305,7,100,87,446.96
1782640758614,0,100,87,456.68
1782640758614,1,100,87,455.72
1782640758614,2,100,87,452.88
1782640758614,3,100,87,452.56
1782640758614,4,100,87,450.53
1782640758614,5,100,87,447.74
1782640758614,6,100,87,439.01
1782640758614,7,100,87,442.92
1782640758926,0,100,87,459.52
1782640758926,1,100,88,455.81
1782640758926,2,100,87,453.53
1782640758926,3,100,87,455.27
1782640758926,4,100,87,451.59
1782640758926,5,100,87,448.68
1782640758926,6,100,87,439.79
1782640758926,7,100,87,448.03
1782640759351,0,100,87,459.02
1782640759351,1,100,87,456.66
1782640759351,2,100,87,455.12
1782640759351,3,100,88,456.71
1782640759351,4,100,87,453.04
1782640759351,5,100,87,453.27
1782640759351,6,100,87,440.94
1782640759351,7,100,87,448.34
1782640759658,0,100,87,459.95
1782640759658,1,100,88,457.03
1782640759658,2,100,87,455.58
1782640759658,3,100,88,456.66
1782640759658,4,100,87,453.48
1782640759658,5,100,88,453.73
1782640759658,6,100,87,441.83
1782640759658,7,100,87,448.80
1782640759968,0,100,87,459.41
1782640759968,1,100,88,457.28
1782640759968,2,100,87,456.86
1782640759968,3,100,88,456.82
1782640759968,4,100,87,454.20
1782640759968,5,100,87,453.39
1782640759968,6,100,87,442.82
1782640759968,7,100,87,447.75
1782640760275,0,100,87,461.15
1782640760275,1,100,88,457.30
1782640760275,2,100,87,457.77
1782640760275,3,100,87,457.03
1782640760275,4,100,87,454.97
1782640760275,5,100,87,452.42
1782640760275,6,100,87,443.09
1782640760275,7,100,87,447.55
1782640760586,0,100,87,461.40
1782640760586,1,100,88,458.34
1782640760586,2,100,87,459.68
1782640760586,3,100,87,459.29
1782640760586,4,100,87,455.16
1782640760586,5,100,87,451.69
1782640760586,6,100,88,443.21
1782640760586,7,100,87,448.82
1782640760896,0,100,87,463.42
1782640760896,1,100,87,459.00
1782640760896,2,100,87,455.69
1782640760896,3,100,87,460.13
1782640760896,4,100,87,455.29
1782640760896,5,100,87,451.99
1782640760896,6,100,87,443.34
1782640760896,7,100,87,449.90
1782640761203,0,100,87,463.11
1782640761203,1,100,88,460.36
1782640761203,2,100,87,456.62
1782640761203,3,100,87,459.56
1782640761203,4,100,87,455.46
1782640761203,5,100,87,451.29
1782640761203,6,100,87,443.48
1782640761203,7,100,87,448.76
1782640761509,0,100,87,466.93
1782640761509,1,100,88,460.50
1782640761509,2,100,87,456.42
1782640761509,3,100,88,459.64
1782640761509,4,100,87,456.39
1782640761509,5,100,87,452.06
1782640761509,6,100,87,443.95
1782640761509,7,100,87,448.13
1782640761817,0,100,87,467.48
1782640761817,1,100,88,461.40
1782640761817,2,100,87,458.64
1782640761817,3,100,88,457.54
1782640761817,4,100,87,456.22
1782640761817,5,100,87,452.80
1782640761817,6,100,88,443.79
1782640761817,7,100,87,447.99
1782640762125,0,100,87,467.91
1782640762125,1,100,88,461.59
1782640762125,2,100,88,459.39
1782640762125,3,100,87,457.04
1782640762125,4,100,87,457.15
1782640762125,5,100,87,453.26
1782640762125,6,100,87,446.44
1782640762125,7,100,87,449.21
1782640762433,0,100,87,466.20
1782640762433,1,100,88,461.98
1782640762433,2,100,87,459.14
1782640762433,3,100,88,458.12
1782640762433,4,100,87,457.40
1782640762433,5,100,88,453.99
1782640762433,6,100,88,448.18
1782640762433,7,100,87,450.40
1782640762739,0,100,87,464.80
1782640762739,1,100,88,464.67
1782640762739,2,100,88,460.03
1782640762739,3,100,87,458.57
1782640762739,4,100,88,457.88
1782640762739,5,100,88,454.57
1782640762739,6,100,87,449.62
1782640762739,7,100,87,451.35
1782640763047,0,100,88,465.42
1782640763047,1,100,88,463.73
1782640763047,2,100,88,460.33
1782640763047,3,100,88,459.04
1782640763047,4,100,87,458.62
1782640763047,5,100,88,454.02
1782640763047,6,100,88,448.81
1782640763047,7,100,87,451.51
1782640763354,0,100,88,466.65
1782640763354,1,100,88,464.52
1782640763354,2,100,87,460.60
1782640763354,3,100,88,459.49
1782640763354,4,100,88,458.43
1782640763354,5,100,87,453.91
1782640763354,6,100,88,446.26
1782640763354,7,100,87,452.74
1782640763665,0,100,88,467.02
1782640763665,1,100,88,461.57
1782640763665,2,100,88,461.89
1782640763665,3,100,88,459.45
1782640763665,4,100,88,459.26
1782640763665,5,100,87,453.55
1782640763665,6,100,88,445.30
1782640763665,7,100,88,452.57
1782640763971,0,100,87,467.32
1782640763971,1,100,88,462.83
1782640763971,2,100,88,461.87
1782640763971,3,100,88,459.74
1782640763971,4,100,88,458.74
1782640763971,5,100,88,453.48
1782640763971,6,100,88,447.06
1782640763971,7,100,87,453.73
1782640764278,0,100,87,467.59
1782640764278,1,100,88,463.12
1782640764278,2,100,87,462.16
1782640764278,3,100,88,460.51
1782640764278,4,100,87,456.95
1782640764278,5,100,88,454.41
1782640764278,6,100,88,445.56
1782640764278,7,100,87,453.05
1782640764585,0,100,87,467.15
1782640764585,1,100,88,463.19
1782640764585,2,100,87,462.00
1782640764585,3,100,88,460.50
1782640764585,4,100,87,457.42
1782640764585,5,100,88,454.40
1782640764585,6,100,88,445.10
1782640764585,7,100,87,452.68
1782640764963,0,100,88,467.41
1782640764963,1,100,88,464.45
1782640764963,2,100,88,462.78
1782640764963,3,100,88,460.92
1782640764963,4,100,88,460.68
1782640764963,5,100,88,455.39
1782640764963,6,100,88,443.89
1782640764963,7,100,88,452.72
1782640765316,0,100,88,467.80
1782640765316,1,100,88,464.95
1782640765316,2,100,88,463.06
1782640765316,3,100,88,461.28
1782640765316,4,100,88,456.44
1782640765316,5,100,88,455.58
1782640765316,6,100,88,446.15
1782640765316,7,100,88,453.21
1782640765626,0,100,88,467.76
1782640765626,1,100,88,465.80
1782640765626,2,100,88,463.27
1782640765626,3,100,88,462.80
1782640765626,4,100,88,453.27
1782640765626,5,100,87,455.75
1782640765626,6,100,88,447.65
1782640765626,7,100,88,453.71
1782640765937,0,100,88,468.30
1782640765937,1,100,88,465.33
1782640765937,2,100,88,463.36
1782640765937,3,100,88,462.95
1782640765937,4,100,88,449.16
1782640765937,5,100,88,455.63
1782640765937,6,100,88,448.51
1782640765937,7,100,88,454.16
1782640766244,0,100,88,468.40
1782640766244,1,100,88,465.10
1782640766244,2,100,88,464.11
1782640766244,3,100,88,463.07
1782640766244,4,100,88,455.64
1782640766244,5,100,88,454.84
1782640766244,6,100,88,448.13
1782640766244,7,100,88,454.76
1782640766623,0,100,88,469.11
1782640766623,1,100,88,465.45
1782640766623,2,100,88,464.05
1782640766623,3,100,88,463.13
1782640766623,4,100,88,458.73
1782640766623,5,100,88,455.94
1782640766623,6,100,88,448.52
1782640766623,7,100,88,454.81
1782640766929,0,100,88,469.22
1782640766929,1,100,88,465.94
1782640766929,2,100,88,464.85
1782640766929,3,100,88,463.34
1782640766929,4,100,88,461.78
1782640766929,5,100,88,456.23
1782640766929,6,100,88,448.74
1782640766929,7,100,88,457.75
1782640767239,0,100,88,469.58
1782640767239,1,100,88,466.44
1782640767239,2,100,88,464.66
1782640767239,3,100,88,464.36
1782640767239,4,100,88,463.43
1782640767239,5,100,88,456.39
1782640767239,6,100,88,449.27
1782640767239,7,100,88,462.41
1782640767545,0,100,88,469.83
1782640767545,1,100,88,467.01
1782640767545,2,100,88,465.34
1782640767545,3,100,88,464.78
1782640767545,4,100,88,463.45
1782640767545,5,100,88,457.14
1782640767545,6,100,88,449.30
1782640767545,7,100,88,460.85
1782640767854,0,100,88,470.44
1782640767854,1,100,88,467.05
1782640767854,2,100,88,464.73
1782640767854,3,100,88,465.16
1782640767854,4,100,88,463.73
1782640767854,5,100,88,455.71
1782640767854,6,100,88,450.54
1782640767854,7,100,88,462.71
1782640768162,0,100,88,470.54
1782640768162,1,100,88,467.31
1782640768162,2,100,88,465.03
1782640768162,3,100,88,466.32
1782640768162,4,100,88,463.60
1782640768162,5,100,88,457.35
1782640768162,6,100,88,450.99
1782640768162,7,100,88,456.75
1782640768469,0,100,88,470.39
1782640768469,1,100,88,468.08
1782640768469,2,100,88,464.44
1782640768469,3,100,88,463.88
1782640768469,4,100,88,463.54
1782640768469,5,100,88,456.48
1782640768469,6,100,88,451.30
1782640768469,7,100,88,455.84
1782640768777,0,100,88,470.46
1782640768777,1,100,88,468.08
1782640768777,2,100,88,465.63
1782640768777,3,100,88,464.84
1782640768777,4,100,88,463.57
1782640768777,5,100,88,458.00
1782640768777,6,100,88,450.11
1782640768777,7,100,88,455.22
1782640769084,0,100,88,470.35
1782640769084,1,100,88,468.14
1782640769084,2,100,88,452.80
1782640769084,3,100,88,467.69
1782640769084,4,100,88,464.35
1782640769084,5,100,88,457.74
1782640769084,6,100,88,450.15
1782640769084,7,100,88,457.15
1782640769391,0,100,88,472.22
1782640769391,1,100,88,468.25
1782640769391,2,100,88,468.55
1782640769391,3,100,88,472.26
1782640769391,4,100,88,463.96
1782640769391,5,100,88,456.28
1782640769391,6,100,88,450.79
1782640769391,7,100,88,457.65
1782640769700,0,100,88,471.22
1782640769700,1,100,89,467.74
1782640769700,2,100,88,462.68
1782640769700,3,100,88,469.96
1782640769700,4,100,88,463.78
1782640769700,5,100,88,457.06
1782640769700,6,100,88,451.13
1782640769700,7,100,88,456.82
1782640770011,0,100,88,472.65
1782640770011,1,100,89,469.23
1782640770011,2,100,88,458.34
1782640770011,3,100,88,467.74
1782640770011,4,100,88,464.72
1782640770011,5,100,88,461.98
1782640770011,6,100,88,451.17
1782640770011,7,100,88,457.54
1782640770321,0,100,88,471.27
1782640770321,1,100,89,468.52
1782640770321,2,100,88,456.54
1782640770321,3,100,88,464.97
1782640770321,4,100,88,464.79
1782640770321,5,100,88,463.72
1782640770321,6,100,88,451.40
1782640770321,7,100,88,457.83
1782640770647,0,100,88,474.63
1782640770647,1,100,89,469.74
1782640770647,2,100,88,462.69
1782640770647,3,100,88,467.35
1782640770647,4,100,88,465.49
1782640770647,5,100,88,466.12
1782640770647,6,100,88,451.90
1782640770647,7,100,88,458.50
1782640771051,0,100,88,471.11
1782640771051,1,100,89,465.31
1782640771051,2,100,88,465.81
1782640771051,3,100,88,467.00
1782640771051,4,100,88,465.58
1782640771051,5,100,88,461.89
1782640771051,6,100,88,452.18
1782640771051,7,100,88,458.56
1782640771364,0,100,88,473.40
1782640771364,1,100,89,467.77
1782640771364,2,100,88,470.31
1782640771364,3,100,88,467.75
1782640771364,4,100,88,465.21
1782640771364,5,100,88,458.62
1782640771364,6,100,88,452.26
1782640771364,7,100,88,459.63
1782640771674,0,100,88,470.99
1782640771674,1,100,89,463.66
1782640771674,2,100,88,469.09
1782640771674,3,100,88,467.64
1782640771674,4,100,88,465.40
1782640771674,5,100,88,460.31
1782640771674,6,100,88,453.19
1782640771674,7,100,88,459.59
1782640771984,0,100,88,474.45
1782640771984,1,100,89,470.23
1782640771984,2,100,88,469.80
1782640771984,3,100,88,467.73
1782640771984,4,100,88,465.90
1782640771984,5,100,88,460.23
1782640771984,6,100,88,452.78
1782640771984,7,100,88,459.62
1782640772350,0,100,88,474.55
1782640772350,1,100,89,468.47
1782640772350,2,100,88,469.22
1782640772350,3,100,88,468.04
1782640772350,4,100,88,467.04
1782640772350,5,100,88,459.43
1782640772350,6,100,88,452.31
1782640772350,7,100,88,459.70
1782640772661,0,100,88,474.05
1782640772661,1,100,89,470.08
1782640772661,2,100,88,469.32
1782640772661,3,100,89,468.19
1782640772661,4,100,88,468.17
1782640772661,5,100,88,460.06
1782640772661,6,100,88,453.73
1782640772661,7,100,88,460.18
1782640772971,0,100,88,473.87
1782640772971,1,100,89,469.77
1782640772971,2,100,88,469.28
1782640772971,3,100,89,468.80
1782640772971,4,100,88,467.98
1782640772971,5,100,88,460.07
1782640772971,6,100,88,454.31
1782640772971,7,100,88,460.83
1782640773279,0,100,88,474.85
1782640773279,1,100,89,471.02
1782640773279,2,100,88,469.52
1782640773279,3,100,89,469.04
1782640773279,4,100,88,467.48
1782640773279,5,100,88,460.84
1782640773279,6,100,89,454.28
1782640773279,7,100,88,461.17
1782640773593,0,100,88,475.44
1782640773593,1,100,89,472.04
1782640773593,2,100,89,469.11
1782640773593,3,100,89,468.47
1782640773593,4,100,88,466.88
1782640773593,5,100,88,460.34
1782640773593,6,100,89,454.16
1782640773593,7,100,88,461.89
1782640773904,0,100,89,476.33
1782640773904,1,100,89,472.69
1782640773904,2,100,89,470.18
1782640773904,3,100,89,468.44
1782640773904,4,100,88,467.02
1782640773904,5,100,88,461.07
1782640773904,6,100,89,446.95
1782640773904,7,100,88,462.12
1782640774211,0,100,89,476.80
1782640774211,1,100,89,473.88
1782640774211,2,100,89,470.60
1782640774211,3,100,89,469.11
1782640774211,4,100,88,467.46
1782640774211,5,100,88,460.98
1782640774211,6,100,89,449.16
1782640774211,7,100,88,462.52
1782640774518,0,100,89,477.02
1782640774518,1,100,89,473.87
1782640774518,2,100,89,471.07
1782640774518,3,100,89,469.34
1782640774518,4,100,89,467.97
1782640774518,5,100,88,461.65
1782640774518,6,100,89,445.92
1782640774518,7,100,88,462.87
1782640774830,0,100,89,476.85
1782640774830,1,100,89,473.54
1782640774830,2,100,89,470.67
1782640774830,3,100,89,469.38
1782640774830,4,100,89,468.75
1782640774830,5,100,88,461.71
1782640774830,6,100,89,452.76
1782640774830,7,100,88,463.31
1782640775139,0,100,89,476.71
1782640775139,1,100,89,473.15
1782640775139,2,100,89,471.10
1782640775139,3,100,89,470.04
1782640775139,4,100,89,469.89
1782640775139,5,100,88,461.26
1782640775139,6,100,89,455.68
1782640775139,7,100,89,462.94
1782640775446,0,100,89,476.79
1782640775446,1,100,89,471.59
1782640775446,2,100,89,471.77
1782640775446,3,100,89,471.42
1782640775446,4,100,89,470.34
1782640775446,5,100,88,461.65
1782640775446,6,100,89,454.83
1782640775446,7,100,89,462.67
1782640775752,0,100,89,476.98
1782640775752,1,100,89,473.12
1782640775752,2,100,89,472.08
1782640775752,3,100,89,472.13
1782640775752,4,100,89,469.38
1782640775752,5,100,88,461.69
1782640775752,6,100,89,455.96
1782640775752,7,100,89,462.80
1782640776059,0,100,89,477.52
1782640776059,1,100,89,474.30
1782640776059,2,100,89,471.79
1782640776059,3,100,89,472.12
1782640776059,4,100,89,469.25
1782640776059,5,100,88,461.92
1782640776059,6,100,89,456.82
1782640776059,7,100,89,463.17
1782640776367,0,100,89,477.66
1782640776367,1,100,89,475.42
1782640776367,2,100,89,471.66
1782640776367,3,100,89,471.44
1782640776367,4,100,89,469.69
1782640776367,5,100,88,461.82
1782640776367,6,100,89,457.35
1782640776367,7,100,89,463.71
1782640776790,0,100,89,477.90
1782640776790,1,100,89,475.25
1782640776790,2,100,89,472.26
1782640776790,3,100,89,471.42
1782640776790,4,100,89,470.86
1782640776790,5,100,88,462.61
1782640776790,6,100,89,457.52
1782640776790,7,100,89,463.79
1782640777102,0,100,89,478.02
1782640777102,1,100,89,475.10
1782640777102,2,100,89,473.17
1782640777102,3,100,89,472.47
1782640777102,4,100,89,470.40
1782640777102,5,100,88,462.05
1782640777102,6,100,89,457.61
1782640777102,7,100,89,464.37
1782640777411,0,100,89,478.74
1782640777411,1,100,89,475.28
1782640777411,2,100,89,473.01
1782640777411,3,100,89,471.95
1782640777411,4,100,89,469.83
1782640777411,5,100,88,463.43
1782640777411,6,100,89,457.71
1782640777411,7,100,89,464.78
1782640777719,0,100,89,479.08
1782640777719,1,100,89,474.96
1782640777719,2,100,89,473.63
1782640777719,3,100,89,472.49
1782640777719,4,100,89,470.02
1782640777719,5,100,88,463.83
1782640777719,6,100,89,458.58
1782640777719,7,100,89,465.54
1782640778028,0,100,89,479.96
1782640778028,1,100,89,474.86
1782640778028,2,100,89,473.83
1782640778028,3,100,89,472.54
1782640778028,4,100,89,470.63
1782640778028,5,100,88,464.08
1782640778028,6,100,89,458.38
1782640778028,7,100,89,465.74
1782640778341,0,100,89,479.51
1782640778341,1,100,89,475.00
1782640778341,2,100,89,473.78
1782640778341,3,100,89,473.19
1782640778341,4,100,89,469.71
1782640778341,5,100,88,464.09
1782640778341,6,100,89,458.73
1782640778341,7,100,89,465.30
1782640778650,0,100,89,479.86
1782640778650,1,100,89,476.07
1782640778650,2,100,89,474.51
1782640778650,3,100,89,473.78
1782640778650,4,100,89,472.53
1782640778650,5,100,88,463.41
1782640778650,6,100,89,459.30
1782640778650,7,100,89,465.17
1782640778960,0,100,89,479.87
1782640778960,1,100,89,476.56
1782640778960,2,100,89,474.78
1782640778960,3,100,89,473.86
1782640778960,4,100,89,471.49
1782640778960,5,100,88,463.70
1782640778960,6,100,89,459.57
1782640778960,7,100,89,464.63
1782640779271,0,100,89,481.07
1782640779271,1,100,89,476.92
1782640779271,2,100,89,474.71
1782640779271,3,100,89,474.41
1782640779271,4,100,89,473.02
1782640779271,5,100,88,464.70
1782640779271,6,100,89,459.40
1782640779271,7,100,89,465.85
1782640779583,0,100,89,480.85
1782640779583,1,100,89,476.98
1782640779583,2,100,89,475.00
1782640779583,3,100,89,474.75
1782640779583,4,100,89,472.35
1782640779583,5,100,88,465.20
1782640779583,6,100,89,459.00
1782640779583,7,100,89,465.74
1782640779895,0,100,89,480.70
1782640779895,1,100,89,477.48
1782640779895,2,100,89,474.85
1782640779895,3,100,89,475.33
1782640779895,4,100,89,473.07
1782640779895,5,100,88,465.65
1782640779895,6,100,89,459.25
1782640779895,7,100,89,465.77
1782640780204,0,100,89,481.05
1782640780204,1,100,89,477.44
1782640780204,2,100,89,475.67
1782640780204,3,100,89,475.29
1782640780204,4,100,89,473.57
1782640780204,5,100,89,466.11
1782640780204,6,100,89,460.35
1782640780204,7,100,89,466.72
1782640780517,0,100,89,481.35
1782640780517,1,100,90,477.60
1782640780517,2,100,89,475.96
1782640780517,3,100,89,475.96
1782640780517,4,100,89,474.01
1782640780517,5,100,89,466.20
1782640780517,6,100,89,461.26
1782640780517,7,100,89,466.71
1782640780825,0,100,89,481.75
1782640780825,1,100,90,478.42
1782640780825,2,100,89,476.27
1782640780825,3,100,89,475.81
1782640780825,4,100,89,474.14
1782640780825,5,100,88,466.63
1782640780825,6,100,89,461.95
1782640780825,7,100,89,468.09
1782640781133,0,100,89,481.97
1782640781133,1,100,89,478.75
1782640781133,2,100,89,476.84
1782640781133,3,100,89,475.85
1782640781133,4,100,89,473.72
1782640781133,5,100,88,466.38
1782640781133,6,100,89,461.90
1782640781133,7,100,89,466.88
1782640781440,0,100,89,481.77
1782640781440,1,100,89,478.49
1782640781440,2,100,89,477.04
1782640781440,3,100,89,474.10
1782640781440,4,100,89,473.80
1782640781440,5,100,89,435.86
1782640781440,6,100,89,461.70
1782640781440,7,100,89,467.55
1782640781743,0,100,89,479.43
1782640781743,1,100,89,434.82
1782640781743,2,100,89,465.74
1782640781743,3,96,86,457.87
1782640781743,4,100,89,474.13
1782640781743,5,0,0,335.93
1782640781743,6,100,89,453.22
1782640781743,7,100,89,464.26
1782640782006,0,19,17,412.46
1782640782006,1,0,0,365.60
1782640782006,2,0,0,400.09
1782640782006,3,0,0,391.85
1782640782006,4,0,0,415.70
1782640782006,5,0,0,264.86
1782640782006,6,0,0,387.86
1782640782006,7,77,68,398.11
1782640782236,0,0,0,311.85
1782640782236,1,0,0,265.55
1782640782236,2,0,0,330.27
1782640782236,3,0,0,288.74
1782640782236,4,0,0,310.88
1782640782236,5,0,0,162.17
1782640782236,6,0,0,287.98
1782640782236,7,0,0,298.30
1782640782494,0,0,0,243.76
1782640782494,1,0,0,191.97
1782640782494,2,0,0,228.02
1782640782494,3,0,0,216.16
1782640782494,4,0,0,246.24
1782640782494,5,0,0,125.00
1782640782494,6,0,0,220.94
1782640782494,7,0,0,230.40
1782640782725,0,0,0,141.01
1782640782725,1,0,0,133.27
1782640782725,2,0,0,159.99
1782640782725,3,0,0,152.58
1782640782725,4,0,0,143.75
1782640782725,5,0,0,124.32
1782640782725,6,0,0,153.30
1782640782725,7,0,0,162.54
1782640782957,0,0,0,133.94
1782640782957,1,0,0,131.02
1782640782957,2,0,0,135.90
1782640782957,3,0,0,125.69
1782640782957,4,0,0,127.21
1782640782957,5,0,0,124.05
1782640782957,6,0,0,120.34
1782640782957,7,0,0,123.02
1782640783189,0,19,3,134.22
1782640783189,1,15,2,131.59
1782640783189,2,5,1,136.41
1782640783189,3,7,1,126.13
1782640783189,4,18,3,128.64
1782640783189,5,16,2,125.21
1782640783189,6,7,1,121.19
1782640783189,7,20,3,124.16
1782640783584,0,28,4,136.06
1782640783584,1,42,6,133.04
1782640783584,2,24,4,137.86
1782640783584,3,0,0,127.34
1782640783584,4,28,4,129.61
1782640783584,5,0,0,126.82
1782640783584,6,0,0,122.72
1782640783584,7,41,6,125.32
1782640783815,0,0,0,135.89
1782640783815,1,0,0,132.89
1782640783815,2,0,0,137.74
1782640783815,3,0,0,127.15
1782640783815,4,0,0,129.42
1782640783815,5,0,0,126.80
1782640783815,6,0,0,122.56
1782640783815,7,0,0,125.23
1782640784044,0,0,0,135.67
1782640784044,1,0,0,132.55
1782640784044,2,0,0,137.59
1782640784044,3,0,0,126.89
1782640784044,4,0,0,129.29
1782640784044,5,0,0,126.64
1782640784044,6,0,0,122.40
1782640784044,7,0,0,125.07
1782640784273,0,68,0,135.04
1782640784273,1,58,1,131.79
1782640784273,2,0,0,136.78
1782640784273,3,0,0,126.14
1782640784273,4,100,1,127.70
1782640784273,5,45,0,125.95
1782640784273,6,0,0,121.44
1782640784273,7,55,0,123.65
1782640784556,0,79,1,133.06
1782640784556,1,89,1,129.66
1782640784556,2,0,0,135.12
1782640784556,3,0,0,124.54
1782640784556,4,8,0,126.48
1782640784556,5,0,0,124.08
1782640784556,6,0,0,119.98
1782640784556,7,100,1,122.47
1782640784791,0,0,0,132.94
1782640784791,1,0,0,129.38
1782640784791,2,0,0,135.02
1782640784791,3,0,0,124.43
1782640784791,4,0,0,126.36
1782640784791,5,0,0,124.06
1782640784791,6,0,0,119.92
1782640784791,7,0,0,122.38
1782640785022,0,56,0,133.44
1782640785022,1,94,0,130.22
1782640785022,2,65,0,135.38
1782640785022,3,0,0,124.79
1782640785022,4,94,0,126.79
1782640785022,5,97,0,124.62
1782640785022,6,100,0,120.44
1782640785022,7,76,0,122.91
1782640785359,0,29,3,170.00
1782640785359,1,38,3,177.23
1782640785359,2,32,13,196.15
1782640785359,3,53,19,186.39
1782640785359,4,10,4,173.43
1782640785359,5,68,33,193.76
1782640785359,6,50,17,185.38
1782640785359,7,61,3,189.04
1782640785620,0,98,47,345.66
1782640785620,1,98,46,340.34
1782640785620,2,98,47,313.94
1782640785620,3,97,46,306.04
1782640785620,4,98,47,353.61
1782640785620,5,98,47,312.42
1782640785620,6,98,47,365.17
1782640785620,7,98,47,365.07
1782640785882,0,50,24,423.54
1782640785882,1,90,43,411.65
1782640785882,2,0,0,423.49
1782640785882,3,0,0,432.00
1782640785882,4,0,0,428.29
1782640785882,5,0,0,428.20
1782640785882,6,0,0,426.26
1782640785882,7,72,35,423.82
1782640786208,0,0,0,523.79
1782640786208,1,0,0,525.33
1782640786208,2,92,19,492.49
1782640786208,3,99,16,492.43
1782640786208,4,66,22,535.69
1782640786208,5,90,31,506.77
1782640786208,6,81,34,520.50
1782640786208,7,98,36,522.32
1782640786476,0,98,47,555.73
1782640786476,1,98,46,552.47
1782640786476,2,98,47,551.98
1782640786476,3,97,47,553.57
1782640786476,4,98,47,562.08
1782640786476,5,98,48,560.01
1782640786476,6,98,36,511.26
1782640786476,7,98,35,509.84
1782640786743,0,99,45,494.29
1782640786743,1,98,46,475.36
1782640786743,2,97,11,471.68
1782640786743,3,96,1,472.26
1782640786743,4,96,23,489.15
1782640786743,5,100,1,474.64
1782640786743,6,100,1,409.28
1782640786743,7,98,37,407.13
1782640787012,0,6,1,468.98
1782640787012,1,29,1,458.53
1782640787012,2,85,1,437.62
1782640787012,3,70,1,443.19
1782640787012,4,100,1,450.21
1782640787012,5,46,1,442.11
1782640787012,6,61,1,385.62
1782640787012,7,7,1,378.59
1782640787357,0,5,1,254.91
1782640787357,1,5,1,231.92
1782640787357,2,7,1,287.89
1782640787357,3,6,1,286.67
1782640787357,4,5,1,244.71
1782640787357,5,5,1,282.73
1782640787357,6,7,1,206.01
1782640787357,7,4,1,202.28
1782640787673,0,4,0,138.08
1782640787673,1,43,0,131.52
1782640787673,2,62,1,135.16
1782640787673,3,9,1,126.84
1782640787673,4,26,1,128.58
1782640787673,5,47,0,125.57
1782640787673,6,90,0,120.01
1782640787673,7,24,0,123.51
1782640787903,0,0,0,131.36
1782640787903,1,0,0,129.98
1782640787903,2,0,0,133.93
1782640787903,3,12,0,125.04
1782640787903,4,0,0,125.08
1782640787903,5,45,0,124.73
1782640787903,6,19,0,119.07
1782640787903,7,0,0,122.29
1782640788281,0,93,1,131.35
1782640788281,1,83,1,129.47
1782640788281,2,59,0,133.84
1782640788281,3,58,1,124.95
1782640788281,4,99,1,125.25
1782640788281,5,69,1,124.88
1782640788281,6,100,1,119.08
1782640788281,7,88,1,122.24
1782640788595,0,100,1,131.11
1782640788595,1,100,1,128.93
1782640788595,2,100,1,133.55
1782640788595,3,100,1,124.55
1782640788595,4,89,1,124.90
1782640788595,5,100,1,124.77
1782640788595,6,100,1,119.04
1782640788595,7,100,1,122.18
1782640788909,0,26,0,131.24
1782640788909,1,23,0,128.83
1782640788909,2,100,1,133.75
1782640788909,3,91,1,124.61
1782640788909,4,100,1,124.93
1782640788909,5,93,1,124.88
1782640788909,6,99,1,119.14
1782640788909,7,62,1,122.32
1782640789153,0,0,0,130.59
1782640789153,1,0,0,128.02
1782640789153,2,0,0,133.05
1782640789153,3,0,0,123.84
1782640789153,4,0,0,124.42
1782640789153,5,0,0,124.12
1782640789153,6,0,0,118.43
1782640789153,7,0,0,121.65
1782640789393,0,2,0,134.32
1782640789393,1,1,0,135.42
1782640789393,2,0,0,139.30
1782640789393,3,0,0,129.01
1782640789393,4,0,0,126.77
1782640789393,5,0,0,131.27
1782640789393,6,0,0,122.61
1782640789393,7,2,0,126.54
1782640789733,0,33,16,237.14
1782640789733,1,6,3,236.29
1782640789733,2,87,43,248.28
1782640789733,3,77,38,242.79
1782640789733,4,98,45,222.72
1782640789733,5,83,38,247.41
1782640789733,6,79,29,213.10
1782640789733,7,36,5,219.64
1782640790027,0,90,43,395.82
1782640790027,1,98,46,389.52
1782640790027,2,84,39,402.80
1782640790027,3,88,42,403.16
1782640790027,4,84,35,382.31
1782640790027,5,98,48,404.07
1782640790027,6,85,34,350.22
1782640790027,7,98,35,349.53
1782640790385,0,3,3,451.15
1782640790385,1,36,18,443.55
1782640790385,2,25,9,443.45
1782640790385,3,37,18,445.15
1782640790385,4,0,0,435.43
1782640790385,5,35,17,441.16
1782640790385,6,0,0,376.78
1782640790385,7,7,8,374.77
1782640790820,0,0,0,251.72
1782640790820,1,8,9,245.65
1782640790820,2,8,9,298.26
1782640790820,3,8,9,295.36
1782640790820,4,0,0,255.31
1782640790820,5,0,0,280.26
1782640790820,6,0,0,212.44
1782640790820,7,46,20,228.10
1782640791209,0,74,37,224.13
1782640791209,1,87,44,222.21
1782640791209,2,22,13,237.26
1782640791209,3,44,22,230.72
1782640791209,4,0,0,217.96
1782640791209,5,100,51,236.24
1782640791209,6,70,32,204.11
1782640791209,7,100,21,212.60
1782640791533,0,99,55,348.23
1782640791533,1,99,55,339.05
1782640791533,2,99,55,353.63
1782640791533,3,99,56,353.78
1782640791533,4,99,55,336.95
1782640791533,5,99,55,361.29
1782640791533,6,99,44,302.87
1782640791533,7,99,45,312.99
1782640791857,0,99,55,491.51
1782640791857,1,99,56,475.83
1782640791857,2,99,55,492.66
1782640791857,3,99,56,492.22
1782640791857,4,99,57,486.11
1782640791857,5,99,55,515.35
1782640791857,6,97,42,413.68
1782640791857,7,99,44,408.55
1782640792179,0,99,56,606.79
1782640792179,1,99,54,590.74
1782640792179,2,99,54,591.28
1782640792179,3,99,55,601.06
1782640792179,4,99,55,613.03
1782640792179,5,99,54,605.32
1782640792179,6,99,45,507.93
1782640792179,7,99,40,518.20
1782640792501,0,99,55,588.42
1782640792501,1,7,5,518.36
1782640792501,2,68,38,563.11
1782640792501,3,48,26,525.54
1782640792501,4,98,56,538.22
1782640792501,5,24,14,526.76
1782640792501,6,51,23,432.68
1782640792501,7,2,2,440.73
1782640792923,0,32,10,430.57
1782640792923,1,0,0,417.59
1782640792923,2,0,0,440.96
1782640792923,3,46,32,427.19
1782640792923,4,57,44,425.57
1782640792923,5,47,23,430.18
1782640792923,6,43,34,367.02
1782640792923,7,0,0,369.73
1782640793219,0,98,46,464.82
1782640793219,1,98,45,457.83
1782640793219,2,98,48,460.33
1782640793219,3,97,46,459.21
1782640793219,4,98,47,458.01
1782640793219,5,98,47,463.63
1782640793219,6,98,47,424.74
1782640793219,7,98,46,433.76
1782640793522,0,98,46,494.27
1782640793522,1,98,46,480.27
1782640793522,2,96,59,488.73
1782640793522,3,95,48,498.95
1782640793522,4,95,54,488.13
1782640793522,5,100,33,501.68
1782640793522,6,20,20,508.53
1782640793522,7,98,47,526.03
1782640793898,0,99,55,612.83
1782640793898,1,99,56,627.16
1782640793898,2,99,35,607.51
1782640793898,3,99,45,605.10
1782640793898,4,99,57,630.24
1782640793898,5,99,55,619.76
1782640793898,6,99,57,612.46
1782640793898,7,99,55,624.48
1782640794207,0,99,55,601.74
1782640794207,1,99,54,592.72
1782640794207,2,99,57,604.23
1782640794207,3,99,55,599.63
1782640794207,4,99,55,598.86
1782640794207,5,99,56,596.43
1782640794207,6,99,55,581.63
1782640794207,7,99,55,591.62
1782640794514,0,99,55,607.41
1782640794514,1,99,55,590.17
1782640794514,2,99,55,578.91
1782640794514,3,99,55,601.77
1782640794514,4,99,54,599.16
1782640794514,5,99,55,602.63
1782640794514,6,99,54,602.01
1782640794514,7,99,57,616.93
1782640794819,0,99,55,622.29
1782640794819,1,99,55,616.29
1782640794819,2,99,55,614.59
1782640794819,3,99,55,620.65
1782640794819,4,99,55,623.00
1782640794819,5,99,55,622.08
1782640794819,6,99,55,601.24
1782640794819,7,99,56,614.20
1782640795141,0,90,46,519.32
1782640795141,1,91,66,512.86
1782640795141,2,100,1,501.30
1782640795141,3,100,1,502.83
1782640795141,4,100,1,518.42
1782640795141,5,100,1,506.38
1782640795141,6,100,1,493.30
1782640795141,7,90,57,498.70
1782640795456,0,7,1,328.86
1782640795456,1,6,1,325.04
1782640795456,2,33,0,364.38
1782640795456,3,4,1,314.62
1782640795456,4,5,1,327.27
1782640795456,5,5,1,308.18
1782640795456,6,4,1,304.56
1782640795456,7,7,1,307.75
1782640795837,0,8,1,183.60
1782640795837,1,7,1,173.13
1782640795837,2,4,1,177.27
1782640795837,3,3,0,170.23
1782640795837,4,4,1,139.77
1782640795837,5,5,1,164.12
1782640795837,6,6,1,128.55
1782640795837,7,6,1,125.14
1782640796199,0,5,1,132.65
1782640796199,1,6,1,131.15
1782640796199,2,5,1,135.09
1782640796199,3,5,1,126.51
1782640796199,4,4,1,126.09
1782640796199,5,6,1,124.45
1782640796199,6,7,1,120.00
1782640796199,7,5,1,123.00
1782640796557,0,6,1,132.31
1782640796557,1,5,1,130.38
1782640796557,2,6,1,134.69
1782640796557,3,5,1,125.62
1782640796557,4,4,1,125.66
1782640796557,5,5,1,124.26
1782640796557,6,7,1,119.62
1782640796557,7,5,1,122.63
1782640796913,0,5,1,131.87
1782640796913,1,4,1,129.75
1782640796913,2,5,1,134.52
1782640796913,3,4,1,125.10
1782640796913,4,7,1,125.41
1782640796913,5,5,1,124.32
1782640796913,6,5,1,119.36
1782640796913,7,4,1,122.44
1782640797269,0,8,1,131.81
1782640797269,1,6,1,129.34
1782640797269,2,3,0,134.32
1782640797269,3,3,0,124.66
1782640797269,4,5,1,125.33
1782640797269,5,4,1,124.13
1782640797269,6,4,1,119.14
1782640797269,7,6,1,122.27
1782640797586,0,98,2,132.77
1782640797586,1,100,2,130.22
1782640797586,2,41,1,135.01
1782640797586,3,40,3,125.64
1782640797586,4,100,2,126.38
1782640797586,5,93,2,125.23
1782640797586,6,100,2,120.35
1782640797586,7,100,1,123.35
1782640798033,0,54,1,133.20
1782640798033,1,14,2,130.54
1782640798033,2,100,2,135.95
1782640798033,3,100,2,127.14
1782640798033,4,100,1,127.37
1782640798033,5,100,2,126.06
1782640798033,6,100,2,121.24
1782640798033,7,100,3,124.33
1782640798292,0,100,1,134.27
1782640798292,1,100,1,131.64
1782640798292,2,100,1,139.22
1782640798292,3,100,1,130.19
1782640798292,4,100,1,127.84
1782640798292,5,100,1,129.68
1782640798292,6,100,1,123.98
1782640798292,7,100,1,128.30
1782640798574,0,79,16,161.04
1782640798574,1,75,21,158.55
1782640798574,2,79,31,164.01
1782640798574,3,65,26,157.45
1782640798574,4,70,25,153.89
1782640798574,5,90,18,154.40
1782640798574,6,78,27,148.71
1782640798574,7,83,19,154.31
1782640798838,0,68,2,161.64
1782640798838,1,100,1,158.72
1782640798838,2,100,1,164.59
1782640798838,3,100,1,156.57
1782640798838,4,25,4,154.11
1782640798838,5,100,1,154.20
1782640798838,6,21,3,148.16
1782640798838,7,87,1,153.32
1782640799207,0,5,1,161.12
1782640799207,1,7,1,157.92
1782640799207,2,6,1,163.55
1782640799207,3,5,1,156.03
1782640799207,4,4,1,152.96
1782640799207,5,6,1,151.21
1782640799207,6,6,1,146.82
1782640799207,7,6,1,151.05
1782640799557,0,85,38,165.89
1782640799557,1,92,36,160.62
1782640799557,2,50,24,168.87
1782640799557,3,29,16,156.57
1782640799557,4,76,35,158.54
1782640799557,5,8,6,157.18
1782640799557,6,36,18,151.46
1782640799557,7,88,40,156.32
1782640799793,0,0,0,164.40
1782640799793,1,0,0,159.90
1782640799793,2,0,0,168.69
1782640799793,3,0,0,156.45
1782640799793,4,0,0,156.89
1782640799793,5,0,0,156.33
1782640799793,6,0,0,150.69
1782640799793,7,0,0,156.16
1782640800028,0,0,0,163.93
1782640800028,1,0,0,158.75
1782640800028,2,0,0,167.17
1782640800028,3,0,0,155.40
1782640800028,4,0,0,156.67
1782640800028,5,0,0,155.48
1782640800028,6,6,1,149.83
1782640800028,7,0,0,155.64
1782640800286,0,0,0,163.50
1782640800286,1,3,0,158.70
1782640800286,2,3,0,167.01
1782640800286,3,6,1,154.47
1782640800286,4,0,0,157.00
1782640800286,5,3,0,155.03
1782640800286,6,0,0,149.24
1782640800286,7,3,0,153.85
1782640800521,0,0,0,137.33
1782640800521,1,0,0,131.10
1782640800521,2,0,0,135.05
1782640800521,3,0,0,127.96
1782640800521,4,0,0,126.02
1782640800521,5,0,0,124.24
1782640800521,6,0,0,123.09
1782640800521,7,0,0,124.87
1782640800756,0,12,2,132.08
1782640800756,1,0,0,128.98
1782640800756,2,47,7,135.05
1782640800756,3,0,0,124.50
1782640800756,4,0,0,125.92
1782640800756,5,19,3,124.76
1782640800756,6,32,5,119.85
1782640800756,7,0,0,122.50
1782640800999,0,97,84,176.02
1782640800999,1,53,45,172.06
1782640800999,2,0,0,150.40
1782640800999,3,9,7,172.36
1782640800999,4,0,0,163.92
1782640800999,5,37,31,182.45
1782640800999,6,6,5,164.11
1782640800999,7,100,87,167.65
1782640801308,0,100,87,273.30
1782640801308,1,100,87,263.04
1782640801308,2,100,87,275.70
1782640801308,3,100,87,269.45
1782640801308,4,100,87,260.81
1782640801308,5,100,87,279.59
1782640801308,6,100,87,259.17
1782640801308,7,100,87,263.39
1782640801617,0,100,87,370.03
1782640801617,1,100,88,362.87
1782640801617,2,100,87,370.87
1782640801617,3,100,87,367.57
1782640801617,4,100,87,356.84
1782640801617,5,100,87,369.92
1782640801617,6,100,87,354.11
1782640801617,7,100,87,359.07
1782640801925,0,100,87,454.17
1782640801925,1,100,87,445.99
1782640801925,2,100,87,450.94
1782640801925,3,100,87,447.40
1782640801925,4,100,87,446.37
1782640801925,5,100,87,444.78
1782640801925,6,100,87,435.12
1782640801925,7,100,87,439.28
1782640802232,0,100,87,456.51
1782640802232,1,100,87,450.18
1782640802232,2,100,87,453.71
1782640802232,3,100,87,450.22
1782640802232,4,100,87,449.56
1782640802232,5,100,87,445.91
1782640802232,6,100,87,437.14
1782640802232,7,100,87,443.40
1782640802544,0,100,87,457.55
1782640802544,1,100,87,451.33
1782640802544,2,100,87,453.50
1782640802544,3,100,87,451.02
1782640802544,4,100,87,449.83
1782640802544,5,100,87,445.84
1782640802544,6,100,87,436.99
1782640802544,7,100,87,444.37
1782640802855,0,100,87,457.85
1782640802855,1,100,87,451.40
1782640802855,2,100,87,453.92
1782640802855,3,100,87,452.33
1782640802855,4,100,87,449.92
1782640802855,5,100,87,448.01
1782640802855,6,100,87,437.51
1782640802855,7,100,87,445.68
1782640803163,0,100,87,458.34
1782640803163,1,100,87,451.97
1782640803163,2,100,87,455.16
1782640803163,3,100,87,452.87
1782640803163,4,100,87,451.03
1782640803163,5,100,87,447.94
1782640803163,6,100,87,437.83
1782640803163,7,100,87,445.31
1782640803469,0,100,87,458.90
1782640803469,1,100,88,452.76
1782640803469,2,100,86,455.20
1782640803469,3,100,87,454.40
1782640803469,4,100,87,452.08
1782640803469,5,100,87,448.13
1782640803469,6,100,86,439.29
1782640803469,7,100,86,447.40
1782640803779,0,100,87,459.29
1782640803779,1,100,88,453.81
1782640803779,2,100,86,454.75
1782640803779,3,100,87,454.53
1782640803779,4,100,87,452.82
1782640803779,5,100,88,450.44
1782640803779,6,100,86,438.20
1782640803779,7,100,87,445.45
1782640804086,0,100,87,459.40
1782640804086,1,100,88,455.08
1782640804086,2,100,86,453.79
1782640804086,3,100,87,454.83
1782640804086,4,100,87,451.93
1782640804086,5,100,88,451.29
1782640804086,6,100,87,437.65
1782640804086,7,100,87,446.23
1782640804397,0,100,87,459.32
1782640804397,1,100,87,456.43
1782640804397,2,100,87,453.43
1782640804397,3,100,87,455.26
1782640804397,4,100,87,450.68
1782640804397,5,100,87,451.75
1782640804397,6,100,87,438.50
1782640804397,7,100,87,441.86
1782640804706,0,100,87,458.03
1782640804706,1,100,87,456.31
1782640804706,2,100,87,456.73
1782640804706,3,100,87,455.51
1782640804706,4,100,87,449.26
1782640804706,5,100,87,450.94
1782640804706,6,100,87,440.30
1782640804706,7,100,87,445.66
1782640805015,0,100,87,458.71
1782640805015,1,100,87,457.35
1782640805015,2,100,87,457.81
1782640805015,3,100,87,456.12
1782640805015,4,100,87,451.05
1782640805015,5,100,87,451.15
1782640805015,6,100,87,442.08
1782640805015,7,100,87,444.13
1782640805418,0,100,88,458.83
1782640805418,1,100,87,456.52
1782640805418,2,100,87,458.79
1782640805418,3,100,87,456.26
1782640805418,4,100,87,452.73
1782640805418,5,100,87,450.55
1782640805418,6,100,87,442.88
1782640805418,7,100,87,446.13
1782640805728,0,100,87,459.49
1782640805728,1,100,88,457.69
1782640805728,2,100,87,457.51
1782640805728,3,100,87,456.72
1782640805728,4,100,87,453.93
1782640805728,5,100,87,451.42
1782640805728,6,100,87,442.31
1782640805728,7,100,87,444.14
1782640806037,0,100,87,458.82
1782640806037,1,100,88,458.44
1782640806037,2,100,87,458.43
1782640806037,3,100,87,456.23
1782640806037,4,100,87,454.44
1782640806037,5,100,87,452.02
1782640806037,6,100,87,442.17
1782640806037,7,100,87,444.86
1782640806344,0,100,88,460.60
1782640806344,1,100,88,459.99
1782640806344,2,100,87,459.05
1782640806344,3,100,87,457.13
1782640806344,4,100,87,455.14
1782640806344,5,100,87,453.15
1782640806344,6,100,87,441.64
1782640806344,7,100,87,447.29
1782640806652,0,100,87,461.61
1782640806652,1,100,88,460.43
1782640806652,2,100,87,462.39
1782640806652,3,100,88,457.17
1782640806652,4,100,87,455.83
1782640806652,5,100,87,453.59
1782640806652,6,100,87,442.15
1782640806652,7,100,87,448.34
1782640806961,0,100,87,462.20
1782640806961,1,100,88,460.56
1782640806961,2,100,87,456.74
1782640806961,3,100,88,456.37
1782640806961,4,100,87,455.33
1782640806961,5,100,87,453.53
1782640806961,6,100,87,442.99
1782640806961,7,100,87,448.89
1782640807269,0,100,87,461.48
1782640807269,1,100,88,461.37
1782640807269,2,100,87,458.36
1782640807269,3,100,88,458.21
1782640807269,4,100,87,456.43
1782640807269,5,100,87,453.54
1782640807269,6,100,87,443.61
1782640807269,7,100,87,449.07
1782640807576,0,100,87,461.38
1782640807576,1,100,88,460.18
1782640807576,2,100,87,458.90
1782640807576,3,100,87,458.38
1782640807576,4,100,87,456.46
1782640807576,5,100,87,453.57
1782640807576,6,100,87,443.76
1782640807576,7,100,87,447.12
1782640807887,0,100,88,461.52
1782640807887,1,100,88,461.19
1782640807887,2,100,88,459.13
1782640807887,3,100,87,459.17
1782640807887,4,100,87,456.55
1782640807887,5,100,87,453.96
1782640807887,6,100,88,441.98
1782640807887,7,100,87,446.92
1782640808196,0,100,87,462.61
1782640808196,1,100,88,461.25
1782640808196,2,100,87,460.89
1782640808196,3,100,87,459.74
1782640808196,4,100,87,456.37
1782640808196,5,100,87,454.86
1782640808196,6,100,87,441.52
1782640808196,7,100,87,446.97
1782640808504,0,100,88,463.64
1782640808504,1,100,88,462.21
1782640808504,2,100,88,460.70
1782640808504,3,100,87,458.39
1782640808504,4,100,87,456.59
1782640808504,5,100,88,455.53
1782640808504,6,100,87,442.79
1782640808504,7,100,87,448.92
1782640808811,0,100,88,464.80
1782640808811,1,100,88,461.66
1782640808811,2,100,87,461.12
1782640808811,3,100,87,458.38
1782640808811,4,100,87,457.02
1782640808811,5,100,88,455.99
1782640808811,6,100,87,444.69
1782640808811,7,100,87,449.84
1782640809124,0,100,88,466.14
1782640809124,1,100,88,462.41
1782640809124,2,100,88,461.53
1782640809124,3,100,87,458.99
1782640809124,4,100,87,456.70
1782640809124,5,100,88,456.79
1782640809124,6,100,88,446.09
1782640809124,7,100,87,450.43
1782640809432,0,100,88,464.95
1782640809432,1,100,88,460.67
1782640809432,2,100,88,462.46
1782640809432,3,100,87,458.88
1782640809432,4,100,87,456.52
1782640809432,5,100,88,456.64
1782640809432,6,100,87,445.02
1782640809432,7,100,87,450.74
1782640809738,0,100,88,465.65
1782640809738,1,100,88,462.72
1782640809738,2,100,88,463.02
1782640809738,3,100,87,459.67
1782640809738,4,100,87,456.81
1782640809738,5,100,88,456.57
1782640809738,6,100,88,447.11
1782640809738,7,100,87,450.57
1782640810050,0,100,87,465.05
1782640810050,1,100,88,463.46
1782640810050,2,100,87,462.68
1782640810050,3,100,88,460.54
1782640810050,4,100,87,457.59
1782640810050,5,100,88,456.01
1782640810050,6,100,87,446.66
1782640810050,7,100,88,450.41
1782640810360,0,100,88,465.58
1782640810360,1,100,88,463.79
1782640810360,2,100,88,462.63
1782640810360,3,100,88,460.44
1782640810360,4,100,88,458.23
1782640810360,5,100,88,456.30
1782640810360,6,100,87,446.15
1782640810360,7,100,88,450.88
1782640810669,0,100,88,465.50
1782640810669,1,100,88,463.32
1782640810669,2,100,88,462.45
1782640810669,3,100,88,460.63
1782640810669,4,100,88,458.83
1782640810669,5,100,88,456.30
1782640810669,6,100,87,446.05
1782640810669,7,100,87,452.19
1782640810977,0,100,88,467.38
1782640810977,1,100,88,464.67
1782640810977,2,100,88,463.17
1782640810977,3,100,87,460.44
1782640810977,4,100,87,460.07
1782640810977,5,100,88,456.96
1782640810977,6,100,87,445.33
1782640810977,7,100,87,451.24
1782640811348,0,100,88,467.42
1782640811348,1,100,88,465.73
1782640811348,2,100,88,463.58
1782640811348,3,100,87,460.34
1782640811348,4,100,88,459.46
1782640811348,5,100,88,457.51
1782640811348,6,100,87,446.60
1782640811348,7,100,87,451.79
1782640811655,0,100,88,468.08
1782640811655,1,100,88,466.34
1782640811655,2,100,88,464.12
1782640811655,3,100,87,460.35
1782640811655,4,100,88,460.73
1782640811655,5,100,88,457.80
1782640811655,6,100,88,447.50
1782640811655,7,100,87,451.34
1782640811965,0,100,88,468.44
1782640811965,1,100,88,466.33
1782640811965,2,100,88,464.72
1782640811965,3,100,88,460.64
1782640811965,4,100,88,459.22
1782640811965,5,100,88,460.37
1782640811965,6,100,87,448.07
1782640811965,7,100,88,451.99
1782640812272,0,100,88,468.77
1782640812272,1,100,88,466.10
1782640812272,2,100,88,465.01
1782640812272,3,100,88,461.10
1782640812272,4,100,87,461.22
1782640812272,5,100,88,462.08
1782640812272,6,100,88,448.16
1782640812272,7,100,88,451.85
1782640812582,0,100,88,469.30
1782640812582,1,100,88,466.65
1782640812582,2,100,88,464.91
1782640812582,3,100,88,462.19
1782640812582,4,100,88,455.63
1782640812582,5,100,88,461.43
1782640812582,6,100,88,448.20
1782640812582,7,100,87,453.81
1782640812892,0,100,88,470.33
1782640812892,1,100,88,466.77
1782640812892,2,100,88,465.30
1782640812892,3,100,88,462.17
1782640812892,4,100,88,455.19
1782640812892,5,100,88,458.75
1782640812892,6,100,88,448.22
1782640812892,7,100,88,454.51
1782640813199,0,100,88,469.86
1782640813199,1,100,88,466.66
1782640813199,2,100,88,465.34
1782640813199,3,100,88,462.37
1782640813199,4,100,88,449.81
1782640813199,5,100,88,457.51
1782640813199,6,100,88,448.77
1782640813199,7,100,87,452.78
1782640813507,0,100,88,470.32
1782640813507,1,100,88,466.52
1782640813507,2,100,88,466.17
1782640813507,3,100,88,462.23
1782640813507,4,100,88,455.66
1782640813507,5,100,88,460.47
1782640813507,6,100,88,449.49
1782640813507,7,100,87,445.79
1782640813815,0,100,88,470.03
1782640813815,1,100,88,467.17
1782640813815,2,100,88,466.82
1782640813815,3,100,88,463.53
1782640813815,4,100,88,457.79
1782640813815,5,100,88,460.46
1782640813815,6,100,88,450.19
1782640813815,7,100,87,441.38
1782640814123,0,100,88,470.41
1782640814123,1,100,88,467.56
1782640814123,2,100,88,467.26
1782640814123,3,100,87,463.04
1782640814123,4,100,87,463.02
1782640814123,5,100,88,460.35
1782640814123,6,100,88,450.33
1782640814123,7,100,87,440.96
1782640814431,0,100,88,470.78
1782640814431,1,100,88,467.21
1782640814431,2,100,88,467.48
1782640814431,3,100,87,462.02
1782640814431,4,100,87,461.04
1782640814431,5,100,88,460.36
1782640814431,6,100,88,449.58
1782640814431,7,100,87,446.50
1782640814737,0,100,88,469.74
1782640814737,1,100,88,466.97
1782640814737,2,100,88,467.64
1782640814737,3,100,87,460.08
1782640814737,4,100,87,459.55
1782640814737,5,100,88,461.16
1782640814737,6,100,88,449.67
1782640814737,7,100,87,451.97
1782640815044,0,100,88,469.72
1782640815044,1,100,88,467.13
1782640815044,2,100,88,470.02
1782640815044,3,100,88,460.38
1782640815044,4,100,88,460.96
1782640815044,5,100,88,461.47
1782640815044,6,100,88,449.99
1782640815044,7,100,88,452.41
1782640815350,0,100,88,470.33
1782640815350,1,100,88,468.25
1782640815350,2,100,88,462.01
1782640815350,3,100,88,461.67
1782640815350,4,100,88,461.92
1782640815350,5,100,88,461.46
1782640815350,6,100,88,450.74
1782640815350,7,100,88,453.60
1782640815672,0,100,88,473.10
1782640815672,1,100,88,468.24
1782640815672,2,100,88,463.94
1782640815672,3,100,88,466.61
1782640815672,4,100,88,463.60
1782640815672,5,100,88,462.36
1782640815672,6,100,88,450.39
1782640815672,7,100,88,454.91
1782640815980,0,100,88,476.33
1782640815980,1,100,88,470.85
1782640815980,2,100,88,459.97
1782640815980,3,100,88,469.74
1782640815980,4,100,88,463.02
1782640815980,5,100,88,462.53
1782640815980,6,100,88,451.30
1782640815980,7,100,88,456.14
1782640816287,0,100,88,473.14
1782640816287,1,100,88,469.32
1782640816287,2,100,88,466.15
1782640816287,3,100,88,466.85
1782640816287,4,100,88,463.46
1782640816287,5,100,88,462.92
1782640816287,6,100,88,451.83
1782640816287,7,100,88,455.58
1782640816597,0,100,88,474.44
1782640816597,1,100,88,471.06
1782640816597,2,100,88,467.03
1782640816597,3,100,88,463.02
1782640816597,4,100,88,463.42
1782640816597,5,100,88,463.21
1782640816597,6,100,88,452.30
1782640816597,7,100,88,455.37
1782640816992,0,100,88,471.74
1782640816992,1,100,88,470.02
1782640816992,2,100,88,468.96
1782640816992,3,100,88,460.95
1782640816992,4,100,88,463.32
1782640816992,5,100,88,463.48
1782640816992,6,100,88,452.93
1782640816992,7,100,88,455.58
1782640817301,0,100,88,474.18
1782640817301,1,100,88,469.09
1782640817301,2,100,88,468.43
1782640817301,3,100,88,465.85
1782640817301,4,100,87,463.28
1782640817301,5,100,88,464.11
1782640817301,6,100,88,452.75
1782640817301,7,100,87,455.42
1782640817611,0,100,88,473.58
1782640817611,1,100,88,469.49
1782640817611,2,100,88,468.79
1782640817611,3,100,87,465.32
1782640817611,4,100,87,462.77
1782640817611,5,100,88,464.12
1782640817611,6,100,88,452.57
1782640817611,7,100,87,454.64
1782640817918,0,100,88,474.74
1782640817918,1,100,89,470.19
1782640817918,2,100,88,469.29
1782640817918,3,100,87,463.73
1782640817918,4,100,87,462.45
1782640817918,5,100,88,464.40
1782640817918,6,100,88,453.42
1782640817918,7,100,87,454.64
1782640818225,0,100,88,474.35
1782640818225,1,100,88,470.08
1782640818225,2,100,88,469.18
1782640818225,3,100,88,464.04
1782640818225,4,100,87,462.93
1782640818225,5,100,88,464.70
1782640818225,6,100,88,454.39
1782640818225,7,100,88,455.66
1782640818533,0,100,88,473.65
1782640818533,1,100,88,471.25
1782640818533,2,100,88,469.49
1782640818533,3,100,88,464.68
1782640818533,4,100,88,463.36
1782640818533,5,100,88,464.36
1782640818533,6,100,88,452.00
1782640818533,7,100,88,457.11
1782640818841,0,100,88,472.59
1782640818841,1,100,89,470.40
1782640818841,2,100,88,470.50
1782640818841,3,100,88,465.05
1782640818841,4,100,88,463.49
1782640818841,5,100,88,464.43
1782640818841,6,100,88,448.52
1782640818841,7,100,88,457.36
1782640819147,0,100,88,473.16
1782640819147,1,100,89,470.77
1782640819147,2,100,88,471.13
1782640819147,3,100,88,466.09
1782640819147,4,100,88,464.04
1782640819147,5,100,88,464.49
1782640819147,6,100,88,442.25
1782640819147,7,100,88,457.91
1782640819453,0,100,88,474.48
1782640819453,1,100,89,470.14
1782640819453,2,100,89,471.06
1782640819453,3,100,88,466.11
1782640819453,4,100,88,464.91
1782640819453,5,100,89,465.41
1782640819453,6,100,88,442.48
1782640819453,7,100,88,458.27
1782640819758,0,100,88,475.67
1782640819758,1,100,89,471.32
1782640819758,2,100,89,471.71
1782640819758,3,100,88,466.12
1782640819758,4,100,88,465.49
1782640819758,5,100,89,466.22
1782640819758,6,100,88,447.54
1782640819758,7,100,88,458.77
1782640820068,0,100,88,476.57
1782640820068,1,100,89,471.26
1782640820068,2,100,89,471.65
1782640820068,3,100,88,466.14
1782640820068,4,100,88,465.40
1782640820068,5,100,89,466.38
1782640820068,6,100,88,454.17
1782640820068,7,100,88,458.73
1782640820378,0,100,88,476.52
1782640820378,1,100,89,471.78
1782640820378,2,100,89,471.33
1782640820378,3,100,88,466.05
1782640820378,4,100,88,465.48
1782640820378,5,100,89,467.03
1782640820378,6,100,88,457.84
1782640820378,7,100,88,458.82
1782640820686,0,100,88,475.86
1782640820686,1,100,89,472.12
1782640820686,2,100,89,471.45
1782640820686,3,100,88,465.76
1782640820686,4,100,87,464.36
1782640820686,5,100,89,467.11
1782640820686,6,100,88,456.21
1782640820686,7,100,87,457.11
1782640820995,0,100,88,476.02
1782640820995,1,100,89,472.00
1782640820995,2,100,89,471.53
1782640820995,3,100,86,463.39
1782640820995,4,100,86,462.45
1782640820995,5,100,89,466.72
1782640820995,6,100,88,456.88
1782640820995,7,100,86,455.85
1782640821299,0,100,88,475.93
1782640821299,1,100,89,472.64
1782640821299,2,100,89,472.21
1782640821299,3,100,86,462.55
1782640821299,4,100,86,459.98
1782640821299,5,100,89,466.48
1782640821299,6,100,88,455.62
1782640821299,7,100,86,453.37
1782640821604,0,100,88,475.98
1782640821604,1,100,89,473.89
1782640821604,2,100,89,472.35
1782640821604,3,100,87,462.33
1782640821604,4,100,88,460.06
1782640821604,5,100,89,466.69
1782640821604,6,100,88,456.37
1782640821604,7,100,88,453.42
1782640821913,0,100,88,476.82
1782640821913,1,100,89,474.04
1782640821913,2,100,89,472.84
1782640821913,3,100,88,465.43
1782640821913,4,100,88,463.00
1782640821913,5,100,89,467.22
1782640821913,6,100,88,456.16
1782640821913,7,100,88,455.55
1782640822219,0,100,88,477.47
1782640822219,1,100,89,474.38
1782640822219,2,100,89,472.53
1782640822219,3,100,88,467.24
1782640822219,4,100,88,465.51
1782640822219,5,100,89,467.51
1782640822219,6,100,88,456.40
1782640822219,7,100,88,457.55
1782640822532,0,100,89,478.12
1782640822532,1,100,89,475.44
1782640822532,2,100,89,473.86
1782640822532,3,100,88,468.40
1782640822532,4,100,88,467.47
1782640822532,5,100,89,467.85
1782640822532,6,100,88,457.25
1782640822532,7,100,88,459.99
1782640822932,0,100,89,478.22
1782640822932,1,100,89,475.82
1782640822932,2,100,89,473.83
1782640822932,3,100,88,469.06
1782640822932,4,100,88,466.95
1782640822932,5,100,89,467.61
1782640822932,6,100,88,457.82
1782640822932,7,100,88,459.83
1782640823241,0,100,89,477.91
1782640823241,1,100,89,476.54
1782640823241,2,100,89,474.22
1782640823241,3,100,88,468.68
1782640823241,4,100,88,467.64
1782640823241,5,100,89,467.87
1782640823241,6,100,88,458.02
1782640823241,7,100,88,460.47
1782640823550,0,100,88,478.56
1782640823550,1,100,89,475.65
1782640823550,2,100,89,473.85
1782640823550,3,100,88,469.21
1782640823550,4,100,88,467.42
1782640823550,5,100,89,469.29
1782640823550,6,100,88,458.53
1782640823550,7,100,88,460.24
1782640823861,0,100,89,478.80
1782640823861,1,100,89,475.65
1782640823861,2,100,89,474.78
1782640823861,3,100,88,469.70
1782640823861,4,100,88,468.74
1782640823861,5,100,89,470.15
1782640823861,6,100,88,458.41
1782640823861,7,100,88,460.61
1782640824168,0,100,89,479.29
1782640824168,1,100,89,475.63
1782640824168,2,100,89,475.25
1782640824168,3,100,87,469.03
1782640824168,4,100,86,467.36
1782640824168,5,100,89,470.50
1782640824168,6,100,88,458.73
1782640824168,7,100,88,460.14
1782640824474,0,100,89,479.40
1782640824474,1,100,89,475.66
1782640824474,2,100,89,475.10
1782640824474,3,100,86,466.81
1782640824474,4,100,86,465.35
1782640824474,5,100,89,470.55
1782640824474,6,100,89,459.31
1782640824474,7,100,86,458.42
1782640824789,0,100,89,479.30
1782640824789,1,100,89,475.97
1782640824789,2,100,89,475.34
1782640824789,3,100,86,464.90
1782640824789,4,100,86,462.75
1782640824789,5,100,89,470.38
1782640824789,6,100,89,459.20
1782640824789,7,100,86,455.79
1782640825102,0,100,89,480.06
1782640825102,1,100,89,476.46
1782640825102,2,100,89,475.74
1782640825102,3,100,86,463.38
1782640825102,4,100,86,461.55
1782640825102,5,100,89,470.91
1782640825102,6,100,89,459.01
1782640825102,7,100,86,454.24
1782640825412,0,100,89,480.62
1782640825412,1,100,89,476.50
1782640825412,2,100,89,475.88
1782640825412,3,100,86,463.38
1782640825412,4,100,86,460.94
1782640825412,5,100,89,469.50
1782640825412,6,100,89,459.29
1782640825412,7,100,86,453.60
1782640825718,0,100,89,481.25
1782640825718,1,100,89,476.33
1782640825718,2,100,89,476.76
1782640825718,3,100,86,463.26
1782640825718,4,100,86,461.04
1782640825718,5,100,89,469.73
1782640825718,6,100,89,459.66
1782640825718,7,100,86,453.26
1782640826037,0,100,89,480.99
1782640826037,1,100,89,476.55
1782640826037,2,100,89,476.98
1782640826037,3,100,88,465.05
1782640826037,4,100,89,464.29
1782640826037,5,100,89,470.08
1782640826037,6,100,89,460.63
1782640826037,7,100,88,456.78
1782640826343,0,100,89,480.76
1782640826343,1,100,89,477.59
1782640826343,2,100,89,476.90
1782640826343,3,100,88,467.58
1782640826343,4,100,88,468.82
1782640826343,5,100,89,470.29
1782640826343,6,100,89,461.09
1782640826343,7,100,88,461.43
1782640826702,0,100,89,481.74
1782640826702,1,100,89,477.76
1782640826702,2,100,89,476.08
1782640826702,3,100,88,470.27
1782640826702,4,100,88,470.95
1782640826702,5,100,89,471.38
1782640826702,6,100,89,460.74
1782640826702,7,100,88,464.22
1782640827014,0,100,89,482.53
1782640827014,1,100,89,477.96
1782640827014,2,100,89,476.02
1782640827014,3,100,88,471.82
1782640827014,4,100,89,470.88
1782640827014,5,100,89,471.62
1782640827014,6,100,89,460.85
1782640827014,7,100,89,464.60
1782640827321,0,100,89,483.04
1782640827321,1,100,89,478.22
1782640827321,2,100,89,474.95
1782640827321,3,100,88,471.84
1782640827321,4,100,89,470.52
1782640827321,5,100,89,472.14
1782640827321,6,100,89,461.32
1782640827321,7,100,88,463.84
1782640827633,0,100,89,464.72
1782640827633,1,100,89,457.74
1782640827633,2,100,89,475.85
1782640827633,3,100,88,465.82
1782640827633,4,93,82,440.11
1782640827633,5,100,89,451.61
1782640827633,6,100,89,443.75
1782640827633,7,100,89,464.77
1782640827885,0,0,0,397.92
1782640827885,1,0,0,357.95
1782640827885,2,0,0,386.31
1782640827885,3,0,0,366.55
1782640827885,4,0,0,372.66
1782640827885,5,0,0,350.49
1782640827885,6,11,10,378.21
1782640827885,7,0,0,376.28
1782640828116,0,0,0,329.77
1782640828116,1,0,0,290.18
1782640828116,2,0,0,318.84
1782640828116,3,0,0,298.89
1782640828116,4,0,0,304.20
1782640828116,5,0,0,282.76
1782640828116,6,0,0,311.68
1782640828116,7,0,0,310.32
1782640828345,0,0,0,227.36
1782640828345,1,0,0,187.68
1782640828345,2,0,0,253.37
1782640828345,3,0,0,226.19
1782640828345,4,0,0,206.22
1782640828345,5,0,0,209.10
1782640828345,6,0,0,211.10
1782640828345,7,0,0,205.08
1782640828589,0,0,0,152.02
1782640828589,1,0,0,133.41
1782640828589,2,0,0,152.68
1782640828589,3,0,0,130.53
1782640828589,4,0,0,132.20
1782640828589,5,0,0,125.65
1782640828589,6,0,0,144.19
1782640828589,7,0,0,142.15
1782640828820,0,0,0,134.76
1782640828820,1,0,0,131.55
1782640828820,2,0,0,137.13
1782640828820,3,0,0,126.65
1782640828820,4,0,0,127.45
1782640828820,5,0,0,124.22
1782640828820,6,0,0,120.97
1782640828820,7,0,0,123.32
1782640829051,0,25,4,136.51
1782640829051,1,19,3,133.24
1782640829051,2,49,8,138.79
1782640829051,3,28,4,128.54
1782640829051,4,56,9,129.47
1782640829051,5,10,1,126.75
1782640829051,6,39,6,123.10
1782640829051,7,17,3,125.37
1782640829414,0,47,7,136.79
1782640829414,1,21,3,133.63
1782640829414,2,0,0,138.77
1782640829414,3,0,0,128.53
1782640829414,4,0,0,129.59
1782640829414,5,0,0,126.70
1782640829414,6,0,0,123.02
1782640829414,7,9,1,125.43
1782640829643,0,0,0,136.64
1782640829643,1,0,0,133.38
1782640829643,2,0,0,138.64
1782640829643,3,0,0,128.20
1782640829643,4,0,0,129.38
1782640829643,5,0,0,126.58
1782640829643,6,0,0,122.83
1782640829643,7,0,0,125.28
1782640829873,0,0,0,136.38
1782640829873,1,0,0,132.90
1782640829873,2,0,0,138.50
1782640829873,3,0,0,127.88
1782640829873,4,0,0,129.29
1782640829873,5,0,0,126.49
1782640829873,6,0,0,122.79
1782640829873,7,0,0,125.10
1782640830106,0,49,0,135.46
1782640830106,1,100,1,131.93
1782640830106,2,45,0,137.49
1782640830106,3,0,0,126.70
1782640830106,4,100,1,127.08
1782640830106,5,9,0,125.50
1782640830106,6,0,0,121.60
1782640830106,7,100,1,124.40
1782640830385,0,100,1,133.61
1782640830385,1,32,0,129.80
1782640830385,2,0,0,135.81
1782640830385,3,12,0,124.95
1782640830385,4,0,0,126.90
1782640830385,5,0,0,123.95
1782640830385,6,17,0,120.32
1782640830385,7,47,0,122.57
1782640830624,0,0,0,133.47
1782640830624,1,0,0,129.52
1782640830624,2,0,0,135.71
1782640830624,3,0,0,124.93
1782640830624,4,0,0,126.82
1782640830624,5,0,0,123.89
1782640830624,6,0,0,120.29
1782640830624,7,0,0,122.51
1782640830856,0,60,0,133.93
1782640830856,1,9,0,130.01
1782640830856,2,71,0,136.03
1782640830856,3,0,0,125.54
1782640830856,4,19,3,129.53
1782640830856,5,64,0,124.68
1782640830856,6,0,0,123.27
1782640830856,7,0,0,125.57
1782640831235,0,30,4,174.96
1782640831235,1,14,4,229.01
1782640831235,2,8,4,187.56
1782640831235,3,23,6,183.43
1782640831235,4,54,27,224.77
1782640831235,5,36,17,197.11
1782640831235,6,13,6,227.05
1782640831235,7,98,48,232.19
1782640831500,0,98,47,356.56
1782640831500,1,98,46,350.40
1782640831500,2,98,47,359.45
1782640831500,3,97,47,367.14
1782640831500,4,97,46,340.37
1782640831500,5,98,47,379.72
1782640831500,6,98,47,345.45
1782640831500,7,98,47,353.16
1782640831766,0,87,41,431.23
1782640831766,1,27,13,422.59
1782640831766,2,0,0,420.01
1782640831766,3,0,0,414.18
1782640831766,4,0,0,427.90
1782640831766,5,0,0,432.45
1782640831766,6,0,0,411.64
1782640831766,7,8,4,416.84
1782640832065,0,98,47,567.33
1782640832065,1,98,47,544.62
1782640832065,2,98,48,563.82
1782640832065,3,89,37,572.78
1782640832065,4,97,47,547.59
1782640832065,5,87,41,562.26
1782640832065,6,85,38,536.33
1782640832065,7,98,35,537.83
1782640832369,0,98,46,591.35
1782640832369,1,98,46,581.85
1782640832369,2,99,47,578.98
1782640832369,3,97,47,584.94
1782640832369,4,98,46,583.31
1782640832369,5,98,36,532.08
1782640832369,6,98,39,528.66
1782640832369,7,98,35,535.92
1782640832632,0,99,46,475.92
1782640832632,1,100,1,472.46
1782640832632,2,100,1,470.62
1782640832632,3,100,1,473.42
1782640832632,4,100,1,471.87
1782640832632,5,100,1,418.08
1782640832632,6,100,1,411.46
1782640832632,7,79,1,407.14
1782640832926,0,5,1,405.56
1782640832926,1,7,1,397.65
1782640832926,2,5,1,379.25
1782640832926,3,4,1,377.33
1782640832926,4,4,1,403.74
1782640832926,5,5,1,326.81
1782640832926,6,5,1,337.22
1782640832926,7,6,1,332.84
1782640833273,0,7,1,232.48
1782640833273,1,5,1,216.14
1782640833273,2,7,1,209.15
1782640833273,3,3,0,200.65
1782640833273,4,6,1,218.20
1782640833273,5,4,1,180.00
1782640833273,6,4,1,191.62
1782640833273,7,14,1,189.71
1782640833531,0,0,0,134.48
1782640833531,1,0,0,131.83
1782640833531,2,0,0,135.41
1782640833531,3,8,1,126.46
1782640833531,4,16,0,126.68
1782640833531,5,46,0,124.17
1782640833531,6,26,0,120.29
1782640833531,7,0,0,123.28
1782640833761,0,0,0,133.06
1782640833761,1,6,0,130.29
1782640833761,2,100,1,134.75
1782640833761,3,62,0,124.89
1782640833761,4,100,1,126.11
1782640833761,5,95,1,123.73
1782640833761,6,45,0,119.65
1782640833761,7,89,1,122.61
1782640834149,0,56,0,132.34
1782640834149,1,77,1,129.68
1782640834149,2,84,1,134.43
1782640834149,3,99,1,124.86
1782640834149,4,61,0,125.85
1782640834149,5,76,1,123.74
1782640834149,6,99,1,119.55
1782640834149,7,80,1,122.52
1782640834491,0,94,1,131.74
1782640834491,1,100,1,129.29
1782640834491,2,89,1,134.48
1782640834491,3,83,1,124.77
1782640834491,4,79,1,125.47
1782640834491,5,82,1,123.91
1782640834491,6,81,1,119.54
1782640834491,7,100,1,122.32
1782640834766,0,38,0,131.58
1782640834766,1,0,0,129.00
1782640834766,2,50,0,134.38
1782640834766,3,100,1,124.77
1782640834766,4,0,0,125.13
1782640834766,5,100,1,123.83
1782640834766,6,0,0,119.35
1782640834766,7,0,0,121.99
1782640835009,0,0,0,131.00
1782640835009,1,0,0,128.50
1782640835009,2,0,0,133.64
1782640835009,3,0,0,123.97
1782640835009,4,0,0,124.65
1782640835009,5,0,0,123.15
1782640835009,6,0,0,118.91
1782640835009,7,0,0,121.42
1782640835250,0,19,2,140.19
1782640835250,1,13,4,136.01
1782640835250,2,18,1,145.56
1782640835250,3,0,0,134.92
1782640835250,4,2,0,132.19
1782640835250,5,2,0,132.93
1782640835250,6,0,0,126.01
1782640835250,7,10,5,127.73
1782640835582,0,84,35,269.65
1782640835582,1,91,44,270.26
1782640835582,2,77,38,295.08
1782640835582,3,98,48,285.45
1782640835582,4,85,37,266.77
1782640835582,5,85,32,275.15
1782640835582,6,98,39,241.49
1782640835582,7,92,35,236.02
1782640835882,0,92,45,427.73
1782640835882,1,78,37,426.40
1782640835882,2,0,0,431.04
1782640835882,3,28,14,428.18
1782640835882,4,0,0,428.99
1782640835882,5,4,2,386.76
1782640835882,6,27,12,364.27
1782640835882,7,60,23,367.23
1782640836311,0,0,0,416.99
1782640836311,1,0,0,411.85
1782640836311,2,8,9,407.06
1782640836311,3,0,0,399.17
1782640836311,4,8,10,365.34
1782640836311,5,7,7,342.99
1782640836311,6,7,7,309.31
1782640836311,7,3,3,307.83
1782640836743,0,4,4,217.97
1782640836743,1,0,0,213.78
1782640836743,2,24,14,214.54
1782640836743,3,3,4,192.33
1782640836743,4,4,2,202.82
1782640836743,5,63,14,191.26
1782640836743,6,32,15,193.53
1782640836743,7,0,0,212.58
1782640837082,0,73,40,252.26
1782640837082,1,99,55,265.54
1782640837082,2,81,40,270.40
1782640837082,3,53,29,287.46
1782640837082,4,40,22,255.42
1782640837082,5,23,10,240.84
1782640837082,6,19,8,220.57
1782640837082,7,92,43,230.57
1782640837397,0,99,55,393.48
1782640837397,1,99,55,392.86
1782640837397,2,99,58,410.80
1782640837397,3,99,55,407.42
1782640837397,4,99,55,448.71
1782640837397,5,99,42,357.20
1782640837397,6,99,46,377.91
1782640837397,7,99,45,383.83
1782640837714,0,99,55,538.97
1782640837714,1,99,54,535.69
1782640837714,2,99,55,553.29
1782640837714,3,99,55,560.65
1782640837714,4,99,56,581.12
1782640837714,5,99,45,470.34
1782640837714,6,99,48,466.62
1782640837714,7,99,43,481.41
1782640838027,0,99,55,621.61
1782640838027,1,99,54,613.06
1782640838027,2,99,54,609.96
1782640838027,3,99,55,617.68
1782640838027,4,99,54,614.84
1782640838027,5,99,45,526.17
1782640838027,6,99,45,509.64
1782640838027,7,99,44,517.64
1782640838349,0,93,50,540.58
1782640838349,1,33,20,527.52
1782640838349,2,0,0,513.22
1782640838349,3,2,2,518.35
1782640838349,4,0,0,539.66
1782640838349,5,2,2,443.33
1782640838349,6,2,2,438.44
1782640838349,7,14,3,443.00
1782640838686,0,66,39,435.10
1782640838686,1,57,31,427.02
1782640838686,2,67,38,433.11
1782640838686,3,28,6,433.42
1782640838686,4,95,37,436.57
1782640838686,5,95,15,396.62
1782640838686,6,0,0,373.19
1782640838686,7,65,31,379.47
1782640838986,0,98,46,472.91
1782640838986,1,98,45,462.62
1782640838986,2,98,47,466.90
1782640838986,3,98,47,462.46
1782640838986,4,98,47,469.66
1782640838986,5,98,46,456.02
1782640838986,6,97,46,429.04
1782640838986,7,98,46,438.10
1782640839282,0,95,53,512.28
1782640839282,1,100,46,506.33
1782640839282,2,96,53,510.33
1782640839282,3,98,47,502.76
1782640839282,4,94,52,504.12
1782640839282,5,94,45,508.44
1782640839282,6,98,47,488.74
1782640839282,7,69,38,487.81
1782640839581,0,99,47,629.89
1782640839581,1,99,55,623.26
1782640839581,2,99,55,638.83
1782640839581,3,99,55,624.45
1782640839581,4,99,55,647.03
1782640839581,5,99,57,645.22
1782640839581,6,99,56,629.44
1782640839581,7,99,54,633.55
1782640839954,0,99,55,621.28
1782640839954,1,99,55,607.57
1782640839954,2,99,56,606.81
1782640839954,3,99,55,607.63
1782640839954,4,99,57,615.61
1782640839954,5,99,55,604.47
1782640839954,6,99,54,602.31
1782640839954,7,99,55,603.67
1782640840277,0,99,57,612.53
1782640840277,1,99,54,596.22
1782640840277,2,99,57,603.95
1782640840277,3,99,54,607.59
1782640840277,4,99,55,605.35
1782640840277,5,99,54,621.59
1782640840277,6,99,55,603.93
1782640840277,7,99,56,614.39
1782640840577,0,99,55,631.63
1782640840577,1,99,55,614.36
1782640840577,2,96,56,605.75
1782640840577,3,99,55,607.48
1782640840577,4,99,54,619.17
1782640840577,5,99,54,615.01
1782640840577,6,99,56,605.60
1782640840577,7,99,57,613.29
1782640840893,0,100,1,505.36
1782640840893,1,100,1,489.65
1782640840893,2,100,1,475.51
1782640840893,3,93,17,472.41
1782640840893,4,42,1,442.28
1782640840893,5,100,1,476.76
1782640840893,6,93,1,428.70
1782640840893,7,100,1,428.40
1782640841230,0,6,1,311.76
1782640841230,1,4,1,304.05
1782640841230,2,6,1,282.03
1782640841230,3,5,1,277.05
1782640841230,4,7,1,291.99
1782640841230,5,6,1,281.95
1782640841230,6,5,1,285.86
1782640841230,7,4,1,281.33
1782640841614,0,5,1,135.94
1782640841614,1,4,1,133.31
1782640841614,2,5,1,136.21
1782640841614,3,6,1,128.61
1782640841614,4,7,1,128.00
1782640841614,5,7,1,125.25
1782640841614,6,6,1,121.91
1782640841614,7,5,1,124.18
1782640841981,0,2,0,133.98
1782640841981,1,4,1,130.67
1782640841981,2,4,1,135.33
1782640841981,3,7,1,127.25
1782640841981,4,6,1,126.67
1782640841981,5,6,1,124.64
1782640841981,6,6,1,120.58
1782640841981,7,6,1,122.93
1782640842336,0,5,1,133.35
1782640842336,1,6,1,130.01
1782640842336,2,5,1,135.06
1782640842336,3,5,1,126.53
1782640842336,4,4,1,126.46
1782640842336,5,5,1,124.46
1782640842336,6,6,1,120.28
1782640842336,7,8,1,122.58
1782640842692,0,6,1,133.19
1782640842692,1,5,1,129.71
1782640842692,2,6,1,134.88
1782640842692,3,3,1,126.01
1782640842692,4,5,1,126.40
1782640842692,5,4,1,124.19
1782640842692,6,4,1,120.22
1782640842692,7,6,1,122.53
1782640843047,0,6,1,133.03
1782640843047,1,5,1,129.51
1782640843047,2,7,1,134.83
1782640843047,3,5,1,126.07
1782640843047,4,8,1,126.44
1782640843047,5,6,1,124.13
1782640843047,6,3,0,120.17
1782640843047,7,5,1,122.59
1782640843365,0,100,2,134.37
1782640843365,1,100,2,130.74
1782640843365,2,100,2,136.09
1782640843365,3,100,2,127.51
1782640843365,4,100,2,127.75
1782640843365,5,100,2,125.63
1782640843365,6,100,2,121.84
1782640843365,7,100,2,124.51
1782640843808,0,100,2,134.85
1782640843808,1,100,1,131.40
1782640843808,2,100,1,136.86
1782640843808,3,100,1,127.63
1782640843808,4,100,1,128.48
1782640843808,5,100,1,126.11
1782640843808,6,100,1,122.04
1782640843808,7,77,1,124.68
1782640844068,0,76,30,157.30
1782640844068,1,51,22,152.30
1782640844068,2,64,30,160.70
1782640844068,3,87,10,154.78
1782640844068,4,69,25,149.81
1782640844068,5,76,18,152.93
1782640844068,6,86,9,145.00
1782640844068,7,44,22,149.13
1782640844339,0,100,1,163.31
1782640844339,1,100,1,156.76
1782640844339,2,74,2,162.04
1782640844339,3,100,1,156.23
1782640844339,4,98,1,153.58
1782640844339,5,100,1,154.42
1782640844339,6,100,1,149.20
1782640844339,7,100,1,152.71
1782640844683,0,7,1,162.71
1782640844683,1,5,1,155.79
1782640844683,2,7,1,161.28
1782640844683,3,21,3,156.01
1782640844683,4,6,1,153.52
1782640844683,5,20,3,153.52
1782640844683,6,4,1,149.29
1782640844683,7,5,1,152.17
1782640845030,0,6,1,171.46
1782640845030,1,29,1,164.44
1782640845030,2,85,43,172.82
1782640845030,3,48,25,162.75
1782640845030,4,87,43,165.51
1782640845030,5,90,36,162.94
1782640845030,6,72,23,159.43
1782640845030,7,26,9,159.28
1782640845279,0,0,0,164.10
1782640845279,1,0,0,159.32
1782640845279,2,0,0,165.80
1782640845279,3,8,6,155.54
1782640845279,4,0,0,157.87
1782640845279,5,0,0,156.44
1782640845279,6,11,7,151.22
1782640845279,7,0,0,153.95
1782640845514,0,0,0,162.71
1782640845514,1,0,0,158.25
1782640845514,2,0,0,164.37
1782640845514,3,0,0,155.06
1782640845514,4,26,4,157.08
1782640845514,5,0,0,154.75
1782640845514,6,14,2,149.78
1782640845514,7,0,0,153.38
1782640845837,0,3,0,162.41
1782640845837,1,3,0,158.36
1782640845837,2,0,0,165.19
1782640845837,3,24,4,155.35
1782640845837,4,0,0,156.84
1782640845837,5,21,3,154.90
1782640845837,6,3,0,150.01
1782640845837,7,0,0,152.58
1782640846071,0,0,0,132.31
1782640846071,1,0,0,128.66
1782640846071,2,0,0,139.70
1782640846071,3,0,0,134.36
1782640846071,4,16,2,127.42
1782640846071,5,0,0,128.41
1782640846071,6,0,0,118.94
1782640846071,7,0,0,121.64
1782640846302,0,0,0,132.34
1782640846302,1,20,3,128.07
1782640846302,2,57,9,134.86
1782640846302,3,0,0,125.00
1782640846302,4,0,0,126.67
1782640846302,5,0,0,124.17
1782640846302,6,0,0,120.51
1782640846302,7,57,9,123.26
1782640846582,0,6,1,159.92
1782640846582,1,0,0,156.89
1782640846582,2,100,87,171.52
1782640846582,3,39,33,165.37
1782640846582,4,89,77,154.51
1782640846582,5,66,57,164.19
1782640846582,6,36,31,150.93
1782640846582,7,4,4,154.11
1782640846892,0,100,87,253.46
1782640846892,1,100,88,251.35
1782640846892,2,100,87,263.93
1782640846892,3,100,87,261.72
1782640846892,4,100,87,283.46
1782640846892,5,100,87,258.02
1782640846892,6,100,87,245.85
1782640846892,7,100,87,249.99
1782640847202,0,100,87,352.84
1782640847202,1,100,88,345.66
1782640847202,2,100,87,361.06
1782640847202,3,100,87,359.68
1782640847202,4,100,87,380.17
1782640847202,5,100,87,359.28
1782640847202,6,100,87,372.00
1782640847202,7,100,87,377.65
1782640847511,0,100,87,448.80
1782640847511,1,100,87,444.42
1782640847511,2,100,87,450.78
1782640847511,3,100,87,445.48
1782640847511,4,100,87,448.71
1782640847511,5,100,87,443.99
1782640847511,6,100,87,437.42
1782640847511,7,100,87,441.66
1782640847819,0,100,87,454.59
1782640847819,1,100,87,446.98
1782640847819,2,100,87,453.54
1782640847819,3,100,87,448.24
1782640847819,4,100,87,449.66
1782640847819,5,100,87,446.37
1782640847819,6,100,87,438.16
1782640847819,7,100,87,441.70
1782640848130,0,100,87,455.30
1782640848130,1,100,87,450.13
1782640848130,2,100,87,453.75
1782640848130,3,100,87,448.07
1782640848130,4,100,87,449.32
1782640848130,5,100,87,444.54
1782640848130,6,100,87,438.76
1782640848130,7,100,87,442.31
1782640848440,0,100,87,456.26
1782640848440,1,100,88,451.35
1782640848440,2,100,87,453.93
1782640848440,3,100,87,449.83
1782640848440,4,100,87,450.12
1782640848440,5,100,87,446.45
1782640848440,6,100,87,438.74
1782640848440,7,100,87,442.42
1782640848747,0,100,87,457.30
1782640848747,1,100,87,452.42
1782640848747,2,100,87,454.24
1782640848747,3,100,87,452.18
1782640848747,4,100,87,452.76
1782640848747,5,100,87,448.38
1782640848747,6,100,87,437.80
1782640848747,7,100,87,443.93
1782640849058,0,100,87,458.49
1782640849058,1,100,87,453.28
1782640849058,2,100,87,454.15
1782640849058,3,100,87,453.00
1782640849058,4,100,87,451.16
1782640849058,5,100,87,448.98
1782640849058,6,100,87,438.77
1782640849058,7,100,87,443.44
1782640849367,0,100,87,458.99
1782640849367,1,100,87,453.32
1782640849367,2,100,87,454.05
1782640849367,3,100,87,454.64
1782640849367,4,100,87,452.94
1782640849367,5,100,87,449.77
1782640849367,6,100,87,438.53
1782640849367,7,100,87,444.06
1782640849674,0,100,87,458.54
1782640849674,1,100,87,453.86
1782640849674,2,100,87,454.75
1782640849674,3,100,87,454.45
1782640849674,4,100,87,451.99
1782640849674,5,100,87,449.08
1782640849674,6,100,87,438.37
1782640849674,7,100,87,443.67
1782640849983,0,100,87,459.69
1782640849983,1,100,87,453.66
1782640849983,2,100,87,456.03
1782640849983,3,100,87,454.27
1782640849983,4,100,87,450.59
1782640849983,5,100,87,448.81
1782640849983,6,100,87,438.66
1782640849983,7,100,87,443.41
1782640850292,0,100,87,459.15
1782640850292,1,100,87,454.70
1782640850292,2,100,87,456.32
1782640850292,3,100,87,453.55
1782640850292,4,100,87,451.62
1782640850292,5,100,87,450.57
1782640850292,6,100,87,438.52
1782640850292,7,100,87,442.97
1782640850603,0,100,87,459.06
1782640850603,1,100,87,454.80
1782640850603,2,100,87,456.06
1782640850603,3,100,87,455.24
1782640850603,4,100,87,453.44
1782640850603,5,100,87,451.31
1782640850603,6,100,87,440.28
1782640850603,7,100,87,445.96
1782640850912,0,100,87,458.78
1782640850912,1,100,87,454.63
1782640850912,2,100,87,455.48
1782640850912,3,100,87,455.73
1782640850912,4,100,87,455.40
1782640850912,5,100,87,451.15
1782640850912,6,100,87,441.46
1782640850912,7,100,87,447.40
1782640851223,0,100,87,460.27
1782640851223,1,100,88,453.97
1782640851223,2,100,87,452.64
1782640851223,3,100,87,456.76
1782640851223,4,100,87,456.28
1782640851223,5,100,87,450.71
1782640851223,6,100,88,441.94
1782640851223,7,100,87,448.90
1782640851614,0,100,87,461.88
1782640851614,1,100,88,456.82
1782640851614,2,100,87,455.71
1782640851614,3,100,87,454.72
1782640851614,4,100,87,456.15
1782640851614,5,100,88,450.70
1782640851614,6,100,87,441.71
1782640851614,7,100,87,448.77
1782640851927,0,100,87,462.95
1782640851927,1,100,88,458.45
1782640851927,2,100,87,457.56
1782640851927,3,100,87,455.42
1782640851927,4,100,87,455.26
1782640851927,5,100,87,451.47
1782640851927,6,100,88,441.64
1782640851927,7,100,87,449.58
1782640852235,0,100,87,458.12
1782640852235,1,100,87,459.08
1782640852235,2,100,87,461.13
1782640852235,3,100,87,455.03
1782640852235,4,100,87,454.52
1782640852235,5,100,88,452.79
1782640852235,6,100,87,442.14
1782640852235,7,100,87,449.10
1782640852543,0,100,87,459.58
1782640852543,1,100,87,457.86
1782640852543,2,100,87,459.44
1782640852543,3,100,87,457.18
1782640852543,4,100,87,454.81
1782640852543,5,100,88,454.17
1782640852543,6,100,87,442.11
1782640852543,7,100,87,449.19
1782640852853,0,100,87,460.60
1782640852853,1,100,88,456.24
1782640852853,2,100,87,458.49
1782640852853,3,100,87,456.66
1782640852853,4,100,87,454.52
1782640852853,5,100,88,454.77
1782640852853,6,100,87,443.06
1782640852853,7,100,87,448.96
1782640853161,0,100,87,463.77
1782640853161,1,100,88,456.97
1782640853161,2,100,87,457.95
1782640853161,3,100,87,456.76
1782640853161,4,100,87,456.22
1782640853161,5,100,87,454.57
1782640853161,6,100,88,442.45
1782640853161,7,100,87,449.26
1782640853471,0,100,87,463.53
1782640853471,1,100,88,454.78
1782640853471,2,100,88,458.08
1782640853471,3,100,87,455.83
1782640853471,4,100,87,456.14
1782640853471,5,100,87,453.88
1782640853471,6,100,88,444.08
1782640853471,7,100,87,448.94
1782640853776,0,100,87,463.00
1782640853776,1,100,87,453.87
1782640853776,2,100,88,457.80
1782640853776,3,100,87,455.80
1782640853776,4,100,87,456.68
1782640853776,5,100,87,452.86
1782640853776,6,100,88,442.87
1782640853776,7,100,87,449.68
1782640854087,0,100,87,463.86
1782640854087,1,100,88,454.60
1782640854087,2,100,87,458.50
1782640854087,3,100,87,456.25
1782640854087,4,100,87,456.54
1782640854087,5,100,87,452.94
1782640854087,6,100,88,443.16
1782640854087,7,100,87,449.84
1782640854396,0,100,87,463.74
1782640854396,1,100,88,456.04
1782640854396,2,100,87,458.19
1782640854396,3,100,87,457.12
1782640854396,4,100,87,456.19
1782640854396,5,100,87,453.58
1782640854396,6,100,88,443.91
1782640854396,7,100,87,450.39
1782640854702,0,100,87,464.70
1782640854702,1,100,88,458.77
1782640854702,2,100,87,457.74
1782640854702,3,100,87,457.88
1782640854702,4,100,87,456.68
1782640854702,5,100,87,453.39
1782640854702,6,100,88,445.43
1782640854702,7,100,87,451.64
1782640855012,0,100,87,465.15
1782640855012,1,100,88,459.26
1782640855012,2,100,87,457.36
1782640855012,3,100,87,458.43
1782640855012,4,100,87,456.36
1782640855012,5,100,88,454.08
1782640855012,6,100,88,446.29
1782640855012,7,100,87,451.86
1782640855320,0,100,87,464.83
1782640855320,1,100,88,459.75
1782640855320,2,100,87,457.08
1782640855320,3,100,87,458.46
1782640855320,4,100,87,457.18
1782640855320,5,100,88,454.10
1782640855320,6,100,88,444.26
1782640855320,7,100,87,452.53
1782640855630,0,100,87,464.62
1782640855630,1,100,88,459.08
1782640855630,2,100,87,457.86
1782640855630,3,100,87,458.89
1782640855630,4,100,87,458.31
1782640855630,5,100,87,454.58
1782640855630,6,100,87,443.07
1782640855630,7,100,87,450.87
1782640855940,0,100,87,464.51
1782640855940,1,100,88,459.55
1782640855940,2,100,87,458.16
1782640855940,3,100,87,458.42
1782640855940,4,100,87,455.04
1782640855940,5,100,88,455.22
1782640855940,6,100,88,441.06
1782640855940,7,100,87,451.67
1782640856248,0,100,87,464.90
1782640856248,1,100,88,459.75
1782640856248,2,100,87,458.62
1782640856248,3,100,87,458.48
1782640856248,4,100,87,457.32
1782640856248,5,100,87,455.27
1782640856248,6,100,88,444.09
1782640856248,7,100,87,449.89
1782640856619,0,100,87,465.64
1782640856619,1,100,88,460.84
1782640856619,2,100,87,458.77
1782640856619,3,100,87,459.31
1782640856619,4,100,87,455.90
1782640856619,5,100,87,456.15
1782640856619,6,100,88,444.93
1782640856619,7,100,87,452.23
1782640856931,0,100,87,466.36
1782640856931,1,100,88,461.13
1782640856931,2,100,87,460.31
1782640856931,3,100,87,460.63
1782640856931,4,100,87,458.63
1782640856931,5,100,88,456.02
1782640856931,6,100,88,446.27
1782640856931,7,100,87,451.72
1782640857331,0,100,87,467.15
1782640857331,1,100,88,461.18
1782640857331,2,100,87,461.40
1782640857331,3,100,87,461.67
1782640857331,4,100,88,459.82
1782640857331,5,100,87,455.65
1782640857331,6,100,88,446.92
1782640857331,7,100,87,454.31
1782640857640,0,100,87,467.63
1782640857640,1,100,88,461.53
1782640857640,2,100,87,462.74
1782640857640,3,100,88,461.48
1782640857640,4,100,88,459.09
1782640857640,5,100,88,455.90
1782640857640,6,100,88,447.19
1782640857640,7,100,87,450.30
1782640857946,0,100,87,468.48
1782640857946,1,100,88,462.00
1782640857946,2,100,87,461.39
1782640857946,3,100,87,461.09
1782640857946,4,100,88,460.33
1782640857946,5,100,88,459.39
1782640857946,6,100,88,447.29
1782640857946,7,100,87,455.54
1782640858252,0,100,88,468.58
1782640858252,1,100,88,462.15
1782640858252,2,100,87,460.58
1782640858252,3,100,88,460.73
1782640858252,4,100,88,460.44
1782640858252,5,100,88,464.64
1782640858252,6,100,88,447.24
1782640858252,7,100,87,453.60
1782640858561,0,100,88,467.95
1782640858561,1,100,88,462.67
1782640858561,2,100,87,459.57
1782640858561,3,100,88,460.39
1782640858561,4,100,88,461.47
1782640858561,5,100,88,468.86
1782640858561,6,100,88,446.96
1782640858561,7,100,87,453.06
1782640858867,0,100,88,467.76
1782640858867,1,100,88,463.15
1782640858867,2,100,87,459.51
1782640858867,3,100,88,464.49
1782640858867,4,100,88,460.96
1782640858867,5,100,88,466.05
1782640858867,6,100,88,447.36
1782640858867,7,100,87,453.42
1782640859170,0,100,88,468.09
1782640859170,1,100,88,462.72
1782640859170,2,100,87,460.09
1782640859170,3,100,88,467.07
1782640859170,4,100,88,461.27
1782640859170,5,100,88,461.57
1782640859170,6,100,88,447.65
1782640859170,7,100,87,454.42
1782640859475,0,100,88,468.84
1782640859475,1,100,88,463.27
1782640859475,2,100,87,460.22
1782640859475,3,100,88,471.57
1782640859475,4,100,88,460.91
1782640859475,5,100,88,456.41
1782640859475,6,100,88,448.17
1782640859475,7,100,87,454.16
1782640859781,0,100,88,468.80
1782640859781,1,100,88,463.98
1782640859781,2,100,87,460.46
1782640859781,3,100,88,472.07
1782640859781,4,100,88,461.45
1782640859781,5,100,87,456.64
1782640859781,6,100,88,448.72
1782640859781,7,100,87,455.47
1782640860086,0,100,88,472.37
1782640860086,1,100,88,464.39
1782640860086,2,100,87,460.96
1782640860086,3,100,88,469.60
1782640860086,4,100,88,462.10
1782640860086,5,100,87,456.04
1782640860086,6,100,88,448.95
1782640860086,7,100,87,454.72
1782640860396,0,100,88,465.94
1782640860396,1,100,88,465.06
1782640860396,2,100,87,461.34
1782640860396,3,100,88,465.42
1782640860396,4,100,88,462.39
1782640860396,5,100,88,455.69
1782640860396,6,100,88,449.06
1782640860396,7,100,87,455.92
1782640860716,0,100,88,468.56
1782640860716,1,100,88,464.79
1782640860716,2,100,87,461.36
1782640860716,3,100,88,463.64
1782640860716,4,100,88,462.35
1782640860716,5,100,88,456.71
1782640860716,6,100,88,449.16
1782640860716,7,100,87,455.40
1782640861022,0,100,88,468.59
1782640861022,1,100,88,465.28
1782640861022,2,100,87,460.78
1782640861022,3,100,88,463.90
1782640861022,4,100,88,462.10
1782640861022,5,100,88,457.67
1782640861022,6,100,88,450.01
1782640861022,7,100,87,456.01
1782640861329,0,100,88,472.81
1782640861329,1,100,88,463.55
1782640861329,2,100,88,460.79
1782640861329,3,100,88,464.58
1782640861329,4,100,88,463.13
1782640861329,5,100,88,459.30
1782640861329,6,100,88,449.82
1782640861329,7,100,87,455.87
1782640861637,0,100,88,471.86
1782640861637,1,100,88,466.60
1782640861637,2,100,88,461.06
1782640861637,3,100,88,464.58
1782640861637,4,100,88,463.16
1782640861637,5,100,88,459.66
1782640861637,6,100,88,450.64
1782640861637,7,100,88,456.69
1782640861946,0,100,88,470.29
1782640861946,1,100,88,464.46
1782640861946,2,100,88,462.92
1782640861946,3,100,88,464.89
1782640861946,4,100,88,464.34
1782640861946,5,100,88,459.96
1782640861946,6,100,88,449.69
1782640861946,7,100,87,456.95
1782640862260,0,100,88,472.91
1782640862260,1,100,88,467.86
1782640862260,2,100,88,462.70
1782640862260,3,100,88,465.68
1782640862260,4,100,88,465.09
1782640862260,5,100,88,459.90
1782640862260,6,100,88,450.33
1782640862260,7,100,88,457.61
1782640862570,0,100,88,471.16
1782640862570,1,100,88,466.52
1782640862570,2,100,88,463.67
1782640862570,3,100,88,466.06
1782640862570,4,100,88,465.49
1782640862570,5,100,88,460.12
1782640862570,6,100,88,449.67
1782640862570,7,100,88,457.14
1782640862877,0,100,88,473.02
1782640862877,1,100,88,465.80
1782640862877,2,100,88,463.27
1782640862877,3,100,88,465.83
1782640862877,4,100,88,464.67
1782640862877,5,100,88,460.30
1782640862877,6,100,88,451.21
1782640862877,7,100,88,456.25
1782640863271,0,100,88,472.25
1782640863271,1,100,88,465.52
1782640863271,2,100,88,462.33
1782640863271,3,100,88,466.55
1782640863271,4,100,88,464.08
1782640863271,5,100,87,459.94
1782640863271,6,100,88,449.07
1782640863271,7,100,88,456.13
1782640863577,0,100,88,472.58
1782640863577,1,100,89,465.57
1782640863577,2,100,88,462.39
1782640863577,3,100,88,467.45
1782640863577,4,100,88,463.83
1782640863577,5,100,87,459.59
1782640863577,6,100,88,452.10
1782640863577,7,100,88,456.45
1782640863885,0,100,88,472.77
1782640863885,1,100,88,466.58
1782640863885,2,100,87,462.22
1782640863885,3,100,88,467.99
1782640863885,4,100,88,464.59
1782640863885,5,100,88,459.67
1782640863885,6,100,89,454.23
1782640863885,7,100,88,456.79
1782640864188,0,100,88,473.55
1782640864188,1,100,89,467.63
1782640864188,2,100,88,464.47
1782640864188,3,100,88,467.03
1782640864188,4,100,88,465.02
1782640864188,5,100,88,460.60
1782640864188,6,100,88,453.75
1782640864188,7,100,88,456.76
1782640864493,0,100,88,473.28
1782640864493,1,100,89,467.15
1782640864493,2,100,88,461.92
1782640864493,3,100,88,467.47
1782640864493,4,100,88,464.97
1782640864493,5,100,88,461.73
1782640864493,6,100,88,454.48
1782640864493,7,100,88,457.61
1782640864801,0,100,88,473.81
1782640864801,1,100,89,467.04
1782640864801,2,100,88,463.52
1782640864801,3,100,88,467.79
1782640864801,4,100,88,465.08
1782640864801,5,100,88,462.08
1782640864801,6,100,88,451.57
1782640864801,7,100,88,458.72
1782640865109,0,100,88,473.89
1782640865109,1,100,89,466.05
1782640865109,2,100,88,463.17
1782640865109,3,100,88,469.48
1782640865109,4,100,89,465.82
1782640865109,5,100,88,462.33
1782640865109,6,100,89,451.82
1782640865109,7,100,88,459.62
1782640865419,0,100,88,474.11
1782640865419,1,100,89,466.84
1782640865419,2,100,88,466.16
1782640865419,3,100,88,470.23
1782640865419,4,100,89,466.72
1782640865419,5,100,88,462.02
1782640865419,6,100,89,452.52
1782640865419,7,100,88,459.57
1782640865728,0,100,88,474.62
1782640865728,1,100,89,468.18
1782640865728,2,100,88,464.46
1782640865728,3,100,88,469.78
1782640865728,4,100,89,467.39
1782640865728,5,100,88,462.13
1782640865728,6,100,89,454.33
1782640865728,7,100,88,460.00
