timestamp_ms,gpu_index,gpu_util_pct,mem_util_pct,power_w
1782671629484,0,0,0,72.19
1782671629484,1,0,0,70.50
1782671629484,2,0,0,67.31
1782671629484,3,0,0,73.33
1782671629484,4,0,0,73.42
1782671629484,5,0,0,72.21
1782671629484,6,0,0,69.04
1782671629484,7,0,0,72.08
1782671629727,0,0,0,72.19
1782671629727,1,0,0,70.47
1782671629727,2,0,0,67.30
1782671629727,3,0,0,73.31
1782671629727,4,0,0,73.43
1782671629727,5,0,0,72.25
1782671629727,6,0,0,68.96
1782671629727,7,0,0,72.08
1782671629971,0,0,0,72.19
1782671629971,1,0,0,70.47
1782671629971,2,0,0,67.31
1782671629971,3,0,0,73.35
1782671629971,4,0,0,73.43
1782671629971,5,0,0,72.24
1782671629971,6,0,0,69.02
1782671629971,7,0,0,72.09
1782671630215,0,0,0,72.17
1782671630215,1,0,0,70.45
1782671630215,2,0,0,67.33
1782671630215,3,0,0,73.35
1782671630215,4,0,0,73.46
1782671630215,5,0,0,72.20
1782671630215,6,0,0,68.96
1782671630215,7,0,0,72.09
1782671630458,0,0,0,72.13
1782671630458,1,0,0,70.43
1782671630458,2,0,0,67.33
1782671630458,3,0,0,73.33
1782671630458,4,0,0,73.47
1782671630458,5,0,0,72.24
1782671630458,6,0,0,68.97
1782671630458,7,0,0,72.09
1782671630701,0,0,0,72.12
1782671630701,1,0,0,70.45
1782671630701,2,0,0,67.34
1782671630701,3,0,0,73.32
1782671630701,4,0,0,73.46
1782671630701,5,0,0,72.23
1782671630701,6,0,0,69.01
1782671630701,7,0,0,72.08
1782671630946,0,0,0,72.14
1782671630946,1,0,0,70.44
1782671630946,2,0,0,67.34
1782671630946,3,0,0,73.29
1782671630946,4,0,0,73.46
1782671630946,5,0,0,72.21
1782671630946,6,0,0,68.97
1782671630946,7,0,0,72.07
1782671631190,0,0,0,72.19
1782671631190,1,0,0,70.45
1782671631190,2,0,0,67.35
1782671631190,3,0,0,73.28
1782671631190,4,0,0,73.44
1782671631190,5,0,0,72.25
1782671631190,6,0,0,69.05
1782671631190,7,0,0,72.11
1782671631434,0,0,0,72.24
1782671631434,1,0,0,70.45
1782671631434,2,0,0,67.33
1782671631434,3,0,0,73.28
1782671631434,4,0,0,73.45
1782671631434,5,0,0,72.22
1782671631434,6,0,0,68.96
1782671631434,7,0,0,72.10
1782671631678,0,0,0,72.25
1782671631678,1,0,0,70.45
1782671631678,2,0,0,67.34
1782671631678,3,0,0,73.27
1782671631678,4,0,0,73.45
1782671631678,5,0,0,72.18
1782671631678,6,0,0,69.01
1782671631678,7,0,0,72.11
1782671631921,0,0,0,72.22
1782671631921,1,0,0,70.45
1782671631921,2,0,0,67.34
1782671631921,3,0,0,73.29
1782671631921,4,0,0,73.48
1782671631921,5,0,0,72.23
1782671631921,6,0,0,68.99
1782671631921,7,0,0,72.11
1782671632164,0,0,0,72.19
1782671632164,1,0,0,70.49
1782671632164,2,0,0,67.32
1782671632164,3,0,0,73.29
1782671632164,4,0,0,73.48
1782671632164,5,0,0,72.24
1782671632164,6,0,0,68.94
1782671632164,7,0,0,72.09
1782671632407,0,0,0,72.17
1782671632407,1,0,0,70.48
1782671632407,2,0,0,67.33
1782671632407,3,0,0,73.28
1782671632407,4,0,0,73.47
1782671632407,5,0,0,72.21
1782671632407,6,0,0,69.03
1782671632407,7,0,0,72.12
1782671632649,0,0,0,72.15
1782671632649,1,0,0,70.48
1782671632649,2,0,0,67.33
1782671632649,3,0,0,73.28
1782671632649,4,0,0,73.46
1782671632649,5,0,0,72.25
1782671632649,6,0,0,68.97
1782671632649,7,0,0,72.10
1782671632891,0,0,0,72.19
1782671632891,1,0,0,70.48
1782671632891,2,0,0,67.34
1782671632891,3,0,0,73.28
1782671632891,4,0,0,73.46
1782671632891,5,0,0,72.25
1782671632891,6,0,0,69.02
1782671632891,7,0,0,72.11
1782671633133,0,0,0,72.21
1782671633133,1,0,0,70.45
1782671633133,2,0,0,67.34
1782671633133,3,0,0,73.29
1782671633133,4,0,0,73.44
1782671633133,5,0,0,72.21
1782671633133,6,0,0,68.96
1782671633133,7,0,0,72.13
1782671633378,0,0,0,72.23
1782671633378,1,0,0,70.46
1782671633378,2,0,0,67.37
1782671633378,3,0,0,73.29
1782671633378,4,0,0,73.44
1782671633378,5,0,0,72.27
1782671633378,6,0,0,68.96
1782671633378,7,0,0,72.11
1782671633620,0,0,0,72.27
1782671633620,1,0,0,70.48
1782671633620,2,0,0,67.35
1782671633620,3,0,0,73.27
1782671633620,4,0,0,73.43
1782671633620,5,0,0,72.26
1782671633620,6,0,0,69.02
1782671633620,7,0,0,72.11
1782671633861,0,0,0,72.24
1782671633861,1,0,0,70.49
1782671633861,2,0,0,67.31
1782671633861,3,0,0,73.26
1782671633861,4,0,0,73.42
1782671633861,5,0,0,72.25
1782671633861,6,0,0,68.94
1782671633861,7,0,0,72.10
1782671634170,0,0,0,72.24
1782671634170,1,0,0,70.47
1782671634170,2,0,0,67.36
1782671634170,3,0,0,73.27
1782671634170,4,0,0,73.43
1782671634170,5,0,0,72.21
1782671634170,6,0,0,68.95
1782671634170,7,0,0,72.09
1782671634412,0,0,0,72.21
1782671634412,1,0,0,70.49
1782671634412,2,0,0,67.31
1782671634412,3,0,0,73.27
1782671634412,4,0,0,73.40
1782671634412,5,0,0,72.28
1782671634412,6,0,0,68.99
1782671634412,7,0,0,72.10
1782671634653,0,0,0,72.20
1782671634653,1,0,0,70.50
1782671634653,2,0,0,67.31
1782671634653,3,0,0,73.30
1782671634653,4,0,0,73.40
1782671634653,5,0,0,72.24
1782671634653,6,0,0,68.93
1782671634653,7,0,0,72.08
1782671634896,0,0,0,72.19
1782671634896,1,0,0,70.51
1782671634896,2,0,0,67.37
1782671634896,3,0,0,73.31
1782671634896,4,0,0,73.39
1782671634896,5,0,0,72.21
1782671634896,6,0,0,69.05
1782671634896,7,0,0,72.08
1782671635138,0,0,0,72.20
1782671635138,1,0,0,70.50
1782671635138,2,0,0,67.31
1782671635138,3,0,0,73.29
1782671635138,4,0,0,73.39
1782671635138,5,0,0,72.25
1782671635138,6,0,0,68.95
1782671635138,7,0,0,72.08
1782671635381,0,0,0,72.22
1782671635381,1,0,0,70.50
1782671635381,2,0,0,67.32
1782671635381,3,0,0,73.29
1782671635381,4,0,0,73.41
1782671635381,5,0,0,72.25
1782671635381,6,0,0,68.99
1782671635381,7,0,0,72.07
1782671635624,0,0,0,72.22
1782671635624,1,0,0,70.47
1782671635624,2,0,0,67.31
1782671635624,3,0,0,73.30
1782671635624,4,0,0,73.41
1782671635624,5,0,0,72.22
1782671635624,6,0,0,68.99
1782671635624,7,0,0,72.06
1782671635866,0,0,0,72.19
1782671635866,1,0,0,70.46
1782671635866,2,0,0,67.29
1782671635866,3,0,0,73.31
1782671635866,4,0,0,73.43
1782671635866,5,0,0,72.26
1782671635866,6,0,0,68.92
1782671635866,7,0,0,72.06
1782671636110,0,0,0,72.19
1782671636110,1,0,0,70.44
1782671636110,2,0,0,67.30
1782671636110,3,0,0,73.32
1782671636110,4,0,0,73.43
1782671636110,5,0,0,72.26
1782671636110,6,0,0,69.01
1782671636110,7,0,0,72.07
1782671636354,0,0,0,72.15
1782671636354,1,0,0,70.44
1782671636354,2,0,0,67.27
1782671636354,3,0,0,73.32
1782671636354,4,0,0,73.44
1782671636354,5,0,0,72.23
1782671636354,6,0,0,68.96
1782671636354,7,0,0,72.06
1782671636595,0,0,0,72.17
1782671636595,1,0,0,70.45
1782671636595,2,0,0,67.29
1782671636595,3,0,0,73.30
1782671636595,4,0,0,73.45
1782671636595,5,0,0,72.26
1782671636595,6,0,0,68.97
1782671636595,7,0,0,72.07
1782671636837,0,0,0,72.17
1782671636837,1,0,0,70.44
1782671636837,2,0,0,67.32
1782671636837,3,0,0,73.29
1782671636837,4,0,0,73.44
1782671636837,5,0,0,72.22
1782671636837,6,0,0,68.94
1782671636837,7,0,0,72.05
1782671637080,0,0,0,72.18
1782671637080,1,0,0,70.42
1782671637080,2,0,0,67.31
1782671637080,3,0,0,73.28
1782671637080,4,0,0,73.45
1782671637080,5,0,0,72.21
1782671637080,6,0,0,68.90
1782671637080,7,0,0,72.05
1782671637322,0,0,0,72.19
1782671637322,1,0,0,70.45
1782671637322,2,0,0,67.32
1782671637322,3,0,0,73.28
1782671637322,4,0,0,73.45
1782671637322,5,0,0,72.25
1782671637322,6,0,0,69.00
1782671637322,7,0,0,72.05
1782671637565,0,0,0,72.19
1782671637565,1,0,0,70.46
1782671637565,2,0,0,67.31
1782671637565,3,0,0,73.30
1782671637565,4,0,0,73.44
1782671637565,5,0,0,72.25
1782671637565,6,0,0,68.96
1782671637565,7,0,0,72.06
1782671637807,0,0,0,72.14
1782671637807,1,0,0,70.47
1782671637807,2,0,0,67.26
1782671637807,3,0,0,73.29
1782671637807,4,0,0,73.46
1782671637807,5,0,0,72.18
1782671637807,6,0,0,69.00
1782671637807,7,0,0,72.07
1782671638049,0,0,0,72.14
1782671638049,1,0,0,70.47
1782671638049,2,0,0,67.28
1782671638049,3,0,0,73.28
1782671638049,4,0,0,73.48
1782671638049,5,0,0,72.24
1782671638049,6,0,0,69.01
1782671638049,7,0,0,72.06
1782671638292,0,0,0,72.12
1782671638292,1,0,0,70.45
1782671638292,2,0,0,67.30
1782671638292,3,0,0,73.27
1782671638292,4,0,0,73.47
1782671638292,5,0,0,72.23
1782671638292,6,0,0,68.95
1782671638292,7,0,0,72.05
1782671638535,0,0,0,72.15
1782671638535,1,0,0,70.45
1782671638535,2,0,0,67.29
1782671638535,3,0,0,73.24
1782671638535,4,0,0,73.50
1782671638535,5,0,0,72.17
1782671638535,6,0,0,69.01
1782671638535,7,0,0,72.05
1782671638779,0,0,0,72.19
1782671638779,1,0,0,70.47
1782671638779,2,0,0,67.29
1782671638779,3,0,0,73.24
1782671638779,4,0,0,73.49
1782671638779,5,0,0,72.24
1782671638779,6,0,0,68.94
1782671638779,7,0,0,72.05
1782671639022,0,0,0,72.23
1782671639022,1,0,0,70.49
1782671639022,2,0,0,67.32
1782671639022,3,0,0,73.24
1782671639022,4,0,0,73.49
1782671639022,5,0,0,72.23
1782671639022,6,0,0,68.95
1782671639022,7,0,0,72.07
1782671639320,0,0,0,72.22
1782671639320,1,0,0,70.50
1782671639320,2,0,0,67.31
1782671639320,3,0,0,73.24
1782671639320,4,0,0,73.47
1782671639320,5,0,0,72.25
1782671639320,6,0,0,68.99
1782671639320,7,0,0,72.09
1782671639563,0,0,0,72.22
1782671639563,1,0,0,70.49
1782671639563,2,0,0,67.30
1782671639563,3,0,0,73.25
1782671639563,4,0,0,73.43
1782671639563,5,0,0,72.29
1782671639563,6,0,0,68.93
1782671639563,7,0,0,72.11
1782671639806,0,0,0,72.16
1782671639806,1,0,0,70.47
1782671639806,2,0,0,67.34
1782671639806,3,0,0,73.25
1782671639806,4,0,0,73.41
1782671639806,5,0,0,72.30
1782671639806,6,0,0,69.04
1782671639806,7,0,0,72.10
1782671640049,0,0,0,72.16
1782671640049,1,0,0,70.46
1782671640049,2,0,0,67.33
1782671640049,3,0,0,73.28
1782671640049,4,0,0,73.38
1782671640049,5,0,0,72.26
1782671640049,6,0,0,69.00
1782671640049,7,0,0,72.10
1782671640289,0,0,0,72.17
1782671640289,1,0,0,70.45
1782671640289,2,0,0,67.31
1782671640289,3,0,0,73.28
1782671640289,4,0,0,73.38
1782671640289,5,0,0,72.22
1782671640289,6,0,0,69.01
1782671640289,7,0,0,72.09
1782671640532,0,0,0,72.16
1782671640532,1,0,0,70.46
1782671640532,2,0,0,67.34
1782671640532,3,0,0,73.27
1782671640532,4,0,0,73.39
1782671640532,5,0,0,72.25
1782671640532,6,0,0,68.99
1782671640532,7,0,0,72.07
1782671640778,0,0,0,72.17
1782671640778,1,0,0,70.46
1782671640778,2,0,0,67.33
1782671640778,3,0,0,73.21
1782671640778,4,0,0,73.39
1782671640778,5,0,0,72.26
1782671640778,6,0,0,68.96
1782671640778,7,0,0,72.06
1782671641022,0,0,0,72.15
1782671641022,1,0,0,70.48
1782671641022,2,0,0,67.32
1782671641022,3,0,0,73.16
1782671641022,4,0,0,73.39
1782671641022,5,0,0,72.24
1782671641022,6,0,0,69.05
1782671641022,7,0,0,72.05
1782671641267,0,0,0,72.14
1782671641267,1,0,0,70.47
1782671641267,2,0,0,67.35
1782671641267,3,0,0,73.13
1782671641267,4,0,0,73.41
1782671641267,5,0,0,72.27
1782671641267,6,0,0,68.97
1782671641267,7,0,0,72.07
1782671641514,0,0,0,72.13
1782671641514,1,0,0,70.46
1782671641514,2,0,0,67.31
1782671641514,3,0,0,73.10
1782671641514,4,0,0,73.41
1782671641514,5,0,0,72.27
1782671641514,6,0,0,69.00
1782671641514,7,0,0,72.07
1782671641756,0,0,0,72.12
1782671641756,1,0,0,70.47
1782671641756,2,0,0,67.31
1782671641756,3,0,0,73.13
1782671641756,4,0,0,73.41
1782671641756,5,0,0,72.21
1782671641756,6,0,0,68.98
1782671641756,7,0,0,72.07
1782671641998,0,0,0,72.13
1782671641998,1,0,0,70.45
1782671641998,2,0,0,67.31
1782671641998,3,0,0,73.15
1782671641998,4,0,0,73.42
1782671641998,5,0,0,72.26
1782671641998,6,0,0,68.90
1782671641998,7,0,0,72.06
1782671642241,0,0,0,72.14
1782671642241,1,0,0,70.46
1782671642241,2,0,0,67.27
1782671642241,3,0,0,73.15
1782671642241,4,0,0,73.40
1782671642241,5,0,0,72.22
1782671642241,6,0,0,68.95
1782671642241,7,0,0,72.03
1782671642483,0,0,0,72.17
1782671642483,1,0,0,70.46
1782671642483,2,0,0,67.28
1782671642483,3,0,0,73.14
1782671642483,4,0,0,73.39
1782671642483,5,0,0,72.15
1782671642483,6,0,0,68.87
1782671642483,7,0,0,72.03
1782671642723,0,0,0,72.17
1782671642723,1,0,0,70.44
1782671642723,2,0,0,67.27
1782671642723,3,0,0,73.13
1782671642723,4,0,0,73.41
1782671642723,5,0,0,72.21
1782671642723,6,0,0,68.96
1782671642723,7,0,0,72.03
1782671642966,0,0,0,72.15
1782671642966,1,0,0,70.41
1782671642966,2,0,0,67.28
1782671642966,3,0,0,73.12
1782671642966,4,0,0,73.40
1782671642966,5,0,0,72.17
1782671642966,6,0,0,68.94
1782671642966,7,0,0,72.04
1782671643208,0,0,0,72.13
1782671643208,1,0,0,70.41
1782671643208,2,0,0,67.32
1782671643208,3,0,0,73.12
1782671643208,4,0,0,73.39
1782671643208,5,0,0,72.14
1782671643208,6,0,0,68.92
1782671643208,7,0,0,72.04
1782671643448,0,0,0,72.12
1782671643448,1,0,0,70.43
1782671643448,2,0,0,67.31
1782671643448,3,0,0,73.09
1782671643448,4,0,0,73.40
1782671643448,5,0,0,72.20
1782671643448,6,0,0,69.00
1782671643448,7,0,0,72.05
1782671643688,0,0,0,72.12
1782671643688,1,0,0,70.44
1782671643688,2,0,0,67.31
1782671643688,3,0,0,73.09
1782671643688,4,0,0,73.41
1782671643688,5,0,0,72.17
1782671643688,6,0,0,68.90
1782671643688,7,0,0,72.05
1782671643932,0,0,0,72.13
1782671643932,1,0,0,70.45
1782671643932,2,0,0,67.31
1782671643932,3,0,0,73.06
1782671643932,4,0,0,73.42
1782671643932,5,0,0,72.15
1782671643932,6,0,0,68.99
1782671643932,7,0,0,72.05
1782671644173,0,0,0,72.14
1782671644173,1,0,0,70.43
1782671644173,2,0,0,67.29
1782671644173,3,0,0,73.06
1782671644173,4,0,0,73.44
1782671644173,5,0,0,72.21
1782671644173,6,0,0,68.93
1782671644173,7,0,0,72.07
1782671644415,0,0,0,72.15
1782671644415,1,0,0,70.42
1782671644415,2,0,0,67.30
1782671644415,3,0,0,73.06
1782671644415,4,0,0,73.47
1782671644415,5,0,0,72.20
1782671644415,6,0,0,68.97
1782671644415,7,0,0,72.07
1782671644672,0,0,0,72.17
1782671644672,1,0,0,70.42
1782671644672,2,0,0,67.32
1782671644672,3,0,0,73.07
1782671644672,4,0,0,73.47
1782671644672,5,0,0,72.18
1782671644672,6,0,0,69.02
1782671644672,7,0,0,72.09
1782671644916,0,0,0,72.19
1782671644916,1,0,0,70.43
1782671644916,2,0,0,67.33
1782671644916,3,0,0,73.07
1782671644916,4,0,0,73.46
1782671644916,5,0,0,72.23
1782671644916,6,0,0,68.92
1782671644916,7,0,0,72.09
1782671645160,0,0,0,72.19
1782671645160,1,0,0,70.42
1782671645160,2,0,0,67.31
1782671645160,3,0,0,73.07
1782671645160,4,0,0,73.46
1782671645160,5,0,0,72.20
1782671645160,6,0,0,69.00
1782671645160,7,0,0,72.07
1782671645402,0,0,0,72.21
1782671645402,1,0,0,70.44
1782671645402,2,0,0,67.31
1782671645402,3,0,0,73.06
1782671645402,4,0,0,73.43
1782671645402,5,0,0,72.18
1782671645402,6,0,0,68.96
1782671645402,7,0,0,72.08
1782671645645,0,0,0,72.18
1782671645645,1,0,0,70.47
1782671645645,2,0,0,67.32
1782671645645,3,0,0,73.08
1782671645645,4,0,0,73.42
1782671645645,5,0,0,72.23
1782671645645,6,0,0,68.93
1782671645645,7,0,0,72.09
1782671645888,0,0,0,72.19
1782671645888,1,0,0,70.48
1782671645888,2,0,0,67.29
1782671645888,3,0,0,73.08
1782671645888,4,0,0,73.42
1782671645888,5,0,0,72.22
1782671645888,6,0,0,69.03
1782671645888,7,0,0,72.07
1782671646130,0,0,0,72.18
1782671646130,1,0,0,70.47
1782671646130,2,0,0,67.29
1782671646130,3,0,0,73.08
1782671646130,4,0,0,73.42
1782671646130,5,0,0,72.20
1782671646130,6,0,0,68.96
1782671646130,7,0,0,72.09
1782671646372,0,0,0,72.17
1782671646372,1,0,0,70.47
1782671646372,2,0,0,67.31
1782671646372,3,0,0,73.08
1782671646372,4,0,0,73.43
1782671646372,5,0,0,72.25
1782671646372,6,0,0,69.03
1782671646372,7,0,0,72.07
1782671646614,0,0,0,72.19
1782671646614,1,0,0,70.45
1782671646614,2,0,0,67.31
1782671646614,3,0,0,73.10
1782671646614,4,0,0,73.40
1782671646614,5,0,0,72.23
1782671646614,6,0,0,68.96
1782671646614,7,0,0,72.07
1782671646856,0,0,0,72.19
1782671646856,1,0,0,70.43
1782671646856,2,0,0,67.32
1782671646856,3,0,0,73.10
1782671646856,4,0,0,73.39
1782671646856,5,0,0,72.20
1782671646856,6,0,0,68.96
1782671646856,7,0,0,72.05
1782671647097,0,0,0,72.19
1782671647097,1,0,0,70.42
1782671647097,2,0,0,67.33
1782671647097,3,0,0,73.10
1782671647097,4,0,0,73.38
1782671647097,5,0,0,72.25
1782671647097,6,0,0,69.02
1782671647097,7,0,0,72.03
1782671647338,0,0,0,72.18
1782671647338,1,0,0,70.42
1782671647338,2,0,0,67.33
1782671647338,3,0,0,73.10
1782671647338,4,0,0,73.37
1782671647338,5,0,0,72.24
1782671647338,6,0,0,68.96
1782671647338,7,0,0,72.01
1782671647582,0,0,0,72.16
1782671647582,1,0,0,70.42
1782671647582,2,0,0,67.31
1782671647582,3,0,0,73.09
1782671647582,4,0,0,73.36
1782671647582,5,0,0,72.24
1782671647582,6,0,0,69.01
1782671647582,7,0,0,72.01
1782671647823,0,0,0,72.14
1782671647823,1,0,0,70.45
1782671647823,2,0,0,67.32
1782671647823,3,0,0,73.10
1782671647823,4,0,0,73.38
1782671647823,5,0,0,72.21
1782671647823,6,0,0,68.91
1782671647823,7,0,0,72.02
1782671648067,0,0,0,72.12
1782671648067,1,0,0,70.45
1782671648067,2,0,0,67.32
1782671648067,3,0,0,73.09
1782671648067,4,0,0,73.40
1782671648067,5,0,0,72.21
1782671648067,6,0,0,68.96
1782671648067,7,0,0,72.02
1782671648308,0,0,0,72.10
1782671648308,1,0,0,70.43
1782671648308,2,0,0,67.32
1782671648308,3,0,0,73.11
1782671648308,4,0,0,73.41
1782671648308,5,0,0,72.19
1782671648308,6,0,0,68.93
1782671648308,7,0,0,72.03
1782671648550,0,0,0,72.09
1782671648550,1,0,0,70.43
1782671648550,2,0,0,67.30
1782671648550,3,0,0,73.13
1782671648550,4,0,0,73.41
1782671648550,5,0,0,72.18
1782671648550,6,0,0,68.92
1782671648550,7,0,0,72.03
1782671648793,0,0,0,72.09
1782671648793,1,0,0,70.42
1782671648793,2,0,0,67.30
1782671648793,3,0,0,73.11
1782671648793,4,0,0,73.39
1782671648793,5,0,0,72.16
1782671648793,6,0,0,69.01
1782671648793,7,0,0,72.03
1782671649033,0,0,0,72.08
1782671649033,1,0,0,70.38
1782671649033,2,0,0,67.28
1782671649033,3,0,0,73.12
1782671649033,4,0,0,73.41
1782671649033,5,0,0,72.14
1782671649033,6,0,0,68.92
1782671649033,7,0,0,72.03
1782671649275,0,0,0,72.10
1782671649275,1,0,0,70.37
1782671649275,2,0,0,67.25
1782671649275,3,0,0,73.10
1782671649275,4,0,0,73.40
1782671649275,5,0,0,72.18
1782671649275,6,0,0,68.98
1782671649275,7,0,0,72.05
1782671649518,0,0,0,72.11
1782671649518,1,0,0,70.37
1782671649518,2,0,0,67.31
1782671649518,3,0,0,73.08
1782671649518,4,0,0,73.43
1782671649518,5,0,0,72.17
1782671649518,6,0,0,68.98
1782671649518,7,0,0,72.04
1782671649831,0,0,0,72.10
1782671649831,1,0,0,70.40
1782671649831,2,0,0,67.29
1782671649831,3,0,0,73.07
1782671649831,4,0,0,73.43
1782671649831,5,0,0,72.17
1782671649831,6,0,0,68.90
1782671649831,7,0,0,72.04
1782671650073,0,0,0,72.14
1782671650073,1,0,0,70.42
1782671650073,2,0,0,67.27
1782671650073,3,0,0,73.09
1782671650073,4,0,0,73.42
1782671650073,5,0,0,72.13
1782671650073,6,0,0,68.99
1782671650073,7,0,0,72.04
1782671650315,0,0,0,72.14
1782671650315,1,0,0,70.43
1782671650315,2,0,0,67.30
1782671650315,3,0,0,73.06
1782671650315,4,0,0,73.40
1782671650315,5,0,0,72.15
1782671650315,6,0,0,68.92
1782671650315,7,0,0,72.04
1782671650558,0,0,0,72.14
1782671650558,1,0,0,70.44
1782671650558,2,0,0,67.29
1782671650558,3,0,0,73.07
1782671650558,4,0,0,73.39
1782671650558,5,0,0,72.17
1782671650558,6,0,0,68.92
1782671650558,7,0,0,72.05
1782671650798,0,0,0,72.12
1782671650798,1,0,0,70.42
1782671650798,2,0,0,67.29
1782671650798,3,0,0,73.07
1782671650798,4,0,0,73.42
1782671650798,5,0,0,72.21
1782671650798,6,0,0,68.96
1782671650798,7,0,0,72.06
1782671651041,0,0,0,72.10
1782671651041,1,0,0,70.44
1782671651041,2,0,0,67.30
1782671651041,3,0,0,73.07
1782671651041,4,0,0,73.43
1782671651041,5,0,0,72.24
1782671651041,6,0,0,68.94
1782671651041,7,0,0,72.08
1782671651282,0,0,0,72.11
1782671651282,1,0,0,70.46
1782671651282,2,0,0,67.33
1782671651282,3,0,0,73.10
1782671651282,4,0,0,73.43
1782671651282,5,0,0,72.26
1782671651282,6,0,0,69.01
1782671651282,7,0,0,72.08
1782671651525,0,0,0,72.11
1782671651525,1,0,0,70.46
1782671651525,2,0,0,67.32
1782671651525,3,0,0,73.10
1782671651525,4,0,0,73.43
1782671651525,5,0,0,72.23
1782671651525,6,0,0,68.92
1782671651525,7,0,0,72.07
1782671651767,0,0,0,72.11
1782671651767,1,0,0,70.47
1782671651767,2,0,0,67.31
1782671651767,3,0,0,73.09
1782671651767,4,0,0,73.41
1782671651767,5,0,0,72.26
1782671651767,6,0,0,69.00
1782671651767,7,0,0,72.07
1782671652010,0,0,0,72.13
1782671652010,1,0,0,70.44
1782671652010,2,0,0,67.33
1782671652010,3,0,0,73.07
1782671652010,4,0,0,73.39
1782671652010,5,0,0,72.23
1782671652010,6,0,0,68.98
1782671652010,7,0,0,72.06
1782671652252,0,0,0,72.13
1782671652252,1,0,0,70.46
1782671652252,2,0,0,67.31
1782671652252,3,0,0,73.06
1782671652252,4,0,0,73.39
1782671652252,5,0,0,72.23
1782671652252,6,0,0,68.92
1782671652252,7,0,0,72.05
1782671652526,0,0,0,72.14
1782671652526,1,0,0,70.43
1782671652526,2,0,0,67.32
1782671652526,3,0,0,73.04
1782671652526,4,0,0,73.38
1782671652526,5,0,0,72.19
1782671652526,6,0,0,69.01
1782671652526,7,0,0,72.06
1782671652768,0,0,0,72.14
1782671652768,1,0,0,70.42
1782671652768,2,0,0,67.32
1782671652768,3,0,0,73.07
1782671652768,4,0,0,73.35
1782671652768,5,0,0,72.20
1782671652768,6,0,0,68.93
1782671652768,7,0,0,72.04
1782671653011,0,0,0,72.14
1782671653011,1,0,0,70.43
1782671653011,2,0,0,67.31
1782671653011,3,0,0,73.10
1782671653011,4,0,0,73.37
1782671653011,5,0,0,72.19
1782671653011,6,0,0,68.99
1782671653011,7,0,0,72.06
1782671653255,0,0,0,72.13
1782671653255,1,0,0,70.42
1782671653255,2,0,0,67.29
1782671653255,3,0,0,73.10
1782671653255,4,0,0,73.34
1782671653255,5,0,0,72.19
1782671653255,6,0,0,69.00
1782671653255,7,0,0,72.04
1782671653497,0,0,0,72.14
1782671653497,1,0,0,70.43
1782671653497,2,0,0,67.29
1782671653497,3,0,0,73.11
1782671653497,4,0,0,73.38
1782671653497,5,0,0,72.22
1782671653497,6,0,0,68.91
1782671653497,7,0,0,72.03
1782671653738,0,0,0,72.12
1782671653738,1,0,0,70.45
1782671653738,2,0,0,67.29
1782671653738,3,0,0,73.10
1782671653738,4,0,0,73.38
1782671653738,5,0,0,72.20
1782671653738,6,0,0,68.99
1782671653738,7,0,0,72.04
1782671653980,0,0,0,72.12
1782671653980,1,0,0,70.45
1782671653980,2,0,0,67.26
1782671653980,3,0,0,73.11
1782671653980,4,0,0,73.38
1782671653980,5,0,0,72.16
1782671653980,6,0,0,68.92
1782671653980,7,0,0,72.03
1782671654223,0,0,0,72.10
1782671654223,1,0,0,70.42
1782671654223,2,0,0,67.25
1782671654223,3,0,0,73.11
1782671654223,4,0,0,73.42
1782671654223,5,0,0,72.19
1782671654223,6,0,0,69.00
1782671654223,7,0,0,72.00
1782671654466,0,0,0,72.09
1782671654466,1,0,0,70.42
1782671654466,2,0,0,67.26
1782671654466,3,0,0,73.11
1782671654466,4,0,0,73.41
1782671654466,5,0,0,72.18
1782671654466,6,0,0,68.98
1782671654466,7,0,0,72.01
1782671654708,0,0,0,72.07
1782671654708,1,0,0,70.40
1782671654708,2,0,0,67.27
1782671654708,3,0,0,73.08
1782671654708,4,0,0,73.39
1782671654708,5,0,0,72.15
1782671654708,6,0,0,68.90
1782671654708,7,0,0,72.04
1782671655001,0,0,0,72.06
1782671655001,1,0,0,70.40
1782671655001,2,0,0,67.27
1782671655001,3,0,0,73.10
1782671655001,4,0,0,73.39
1782671655001,5,0,0,72.14
1782671655001,6,0,0,68.98
1782671655001,7,0,0,72.01
1782671655243,0,0,0,72.09
1782671655243,1,0,0,70.42
1782671655243,2,0,0,67.29
1782671655243,3,0,0,73.08
1782671655243,4,0,0,73.38
1782671655243,5,0,0,72.15
1782671655243,6,0,0,68.88
1782671655243,7,0,0,72.04
1782671655487,0,0,0,72.09
1782671655487,1,0,0,70.39
1782671655487,2,0,0,67.29
1782671655487,3,0,0,73.07
1782671655487,4,0,0,73.39
1782671655487,5,0,0,72.17
1782671655487,6,0,0,68.93
1782671655487,7,0,0,72.04
1782671655728,0,0,0,72.09
1782671655728,1,0,0,70.41
1782671655728,2,0,0,67.26
1782671655728,3,0,0,73.08
1782671655728,4,0,0,73.39
1782671655728,5,0,0,72.16
1782671655728,6,0,0,68.95
1782671655728,7,0,0,72.03
1782671655972,0,0,0,72.13
1782671655972,1,0,0,70.44
1782671655972,2,0,0,67.27
1782671655972,3,0,0,73.05
1782671655972,4,0,0,73.39
1782671655972,5,0,0,72.15
1782671655972,6,0,0,68.89
1782671655972,7,0,0,72.05
1782671656218,0,0,0,72.12
1782671656218,1,0,0,70.43
1782671656218,2,0,0,67.29
1782671656218,3,0,0,73.04
1782671656218,4,0,0,73.41
1782671656218,5,0,0,72.18
1782671656218,6,0,0,68.99
1782671656218,7,0,0,72.02
1782671656465,0,0,0,72.13
1782671656465,1,0,0,70.45
1782671656465,2,0,0,67.25
1782671656465,3,0,0,73.05
1782671656465,4,0,0,73.42
1782671656465,5,0,0,72.14
1782671656465,6,0,0,68.92
1782671656465,7,0,0,72.04
1782671656723,0,0,0,72.13
1782671656723,1,0,0,70.44
1782671656723,2,0,0,67.27
1782671656723,3,0,0,73.04
1782671656723,4,0,0,73.43
1782671656723,5,0,0,72.19
1782671656723,6,0,0,68.97
1782671656723,7,0,0,72.04
1782671656966,0,0,0,72.11
1782671656966,1,0,0,70.43
1782671656966,2,0,0,67.26
1782671656966,3,0,0,73.04
1782671656966,4,0,0,73.43
1782671656966,5,0,0,72.18
1782671656966,6,0,0,69.01
1782671656966,7,0,0,72.04
1782671657206,0,0,0,72.11
1782671657206,1,0,0,70.43
1782671657206,2,0,0,67.25
1782671657206,3,0,0,73.05
1782671657206,4,0,0,73.41
1782671657206,5,0,0,72.16
1782671657206,6,0,0,68.94
1782671657206,7,0,0,72.07
1782671657447,0,0,0,72.12
1782671657447,1,0,0,70.43
1782671657447,2,0,0,67.27
1782671657447,3,0,0,73.04
1782671657447,4,0,0,73.40
1782671657447,5,0,0,72.19
1782671657447,6,0,0,69.02
1782671657447,7,0,0,72.08
1782671657690,0,0,0,72.12
1782671657690,1,0,0,70.42
1782671657690,2,0,0,67.29
1782671657690,3,0,0,73.06
1782671657690,4,0,0,73.40
1782671657690,5,0,0,72.19
1782671657690,6,0,0,68.95
1782671657690,7,0,0,72.07
1782671657930,0,0,0,72.14
1782671657930,1,0,0,70.43
1782671657930,2,0,0,67.31
1782671657930,3,0,0,73.04
1782671657930,4,0,0,73.37
1782671657930,5,0,0,72.16
1782671657930,6,0,0,69.01
1782671657930,7,0,0,72.07
1782671658174,0,0,0,72.13
1782671658174,1,0,0,70.47
1782671658174,2,0,0,67.31
1782671658174,3,0,0,73.08
1782671658174,4,0,0,73.37
1782671658174,5,0,0,72.22
1782671658174,6,0,0,68.97
1782671658174,7,0,0,72.05
1782671658415,0,0,0,72.14
1782671658415,1,0,0,70.46
1782671658415,2,0,0,67.31
1782671658415,3,0,0,73.09
1782671658415,4,0,0,73.35
1782671658415,5,0,0,72.24
1782671658415,6,0,0,68.93
1782671658415,7,0,0,72.05
1782671658656,0,0,0,72.12
1782671658656,1,0,0,70.44
1782671658656,2,0,0,67.34
1782671658656,3,0,0,73.07
1782671658656,4,0,0,73.35
1782671658656,5,0,0,72.20
1782671658656,6,0,0,68.99
1782671658656,7,0,0,72.07
1782671658907,0,0,0,72.12
1782671658907,1,0,0,70.43
1782671658907,2,0,0,67.31
1782671658907,3,0,0,73.07
1782671658907,4,0,0,73.35
1782671658907,5,0,0,72.23
1782671658907,6,0,0,68.90
1782671658907,7,0,0,72.07
1782671659153,0,0,0,72.11
1782671659153,1,0,0,70.40
1782671659153,2,0,0,67.30
1782671659153,3,0,0,73.07
1782671659153,4,0,0,73.35
1782671659153,5,0,0,72.20
1782671659153,6,0,0,68.93
1782671659153,7,0,0,72.07
1782671659396,0,0,0,72.11
1782671659396,1,0,0,70.40
1782671659396,2,0,0,67.33
1782671659396,3,0,0,73.09
1782671659396,4,0,0,73.37
1782671659396,5,0,0,72.16
1782671659396,6,0,0,68.92
1782671659396,7,0,0,72.08
1782671659638,0,0,0,72.09
1782671659638,1,0,0,70.40
1782671659638,2,0,0,67.30
1782671659638,3,0,0,73.09
1782671659638,4,0,0,73.39
1782671659638,5,0,0,72.22
1782671659638,6,0,0,68.93
1782671659638,7,0,0,72.07
1782671659879,0,0,0,72.07
1782671659879,1,0,0,70.40
1782671659879,2,0,0,67.32
1782671659879,3,0,0,73.09
1782671659879,4,0,0,73.40
1782671659879,5,0,0,72.20
1782671659879,6,0,0,68.96
1782671659879,7,0,0,72.04
1782671660173,0,0,0,72.04
1782671660173,1,0,0,70.39
1782671660173,2,0,0,67.30
1782671660173,3,0,0,73.10
1782671660173,4,0,0,73.39
1782671660173,5,0,0,72.17
1782671660173,6,0,0,68.90
1782671660173,7,0,0,72.03
1782671660415,0,0,0,72.03
1782671660415,1,0,0,70.40
1782671660415,2,0,0,67.27
1782671660415,3,0,0,73.09
1782671660415,4,0,0,73.36
1782671660415,5,0,0,72.17
1782671660415,6,0,0,68.95
1782671660415,7,0,0,72.03
1782671660656,0,0,0,72.04
1782671660656,1,0,0,70.40
1782671660656,2,0,0,67.25
1782671660656,3,0,0,73.08
1782671660656,4,0,0,73.36
1782671660656,5,0,0,72.19
1782671660656,6,0,0,68.95
1782671660656,7,0,0,72.02
1782671660898,0,0,0,72.05
1782671660898,1,0,0,70.41
1782671660898,2,0,0,67.24
1782671660898,3,0,0,73.08
1782671660898,4,0,0,73.39
1782671660898,5,0,0,72.19
1782671660898,6,0,0,68.87
1782671660898,7,0,0,72.03
1782671661139,0,0,0,72.09
1782671661139,1,0,0,70.42
1782671661139,2,0,0,67.25
1782671661139,3,0,0,73.09
1782671661139,4,0,0,73.39
1782671661139,5,0,0,72.17
1782671661139,6,0,0,68.94
1782671661139,7,0,0,72.03
1782671661382,0,0,0,72.13
1782671661382,1,0,0,70.39
1782671661382,2,0,0,67.25
1782671661382,3,0,0,73.08
1782671661382,4,0,0,73.40
1782671661382,5,0,0,72.18
1782671661382,6,0,0,68.86
1782671661382,7,0,0,72.02
1782671661624,0,0,0,72.12
1782671661624,1,0,0,70.39
1782671661624,2,0,0,67.24
1782671661624,3,0,0,73.07
1782671661624,4,0,0,73.43
1782671661624,5,0,0,72.17
1782671661624,6,0,0,68.93
1782671661624,7,0,0,72.02
1782671661867,0,0,0,72.12
1782671661867,1,0,0,70.39
1782671661867,2,0,0,67.25
1782671661867,3,0,0,73.07
1782671661867,4,0,0,73.41
1782671661867,5,0,0,72.16
1782671661867,6,0,0,68.92
1782671661867,7,0,0,72.03
1782671662109,0,0,0,72.09
1782671662109,1,0,0,70.39
1782671662109,2,0,0,67.26
1782671662109,3,0,0,73.05
1782671662109,4,0,0,73.41
1782671662109,5,0,0,72.18
1782671662109,6,0,0,68.88
1782671662109,7,0,0,72.05
1782671662350,0,0,0,72.06
1782671662350,1,0,0,70.41
1782671662350,2,0,0,67.24
1782671662350,3,0,0,73.06
1782671662350,4,0,0,73.40
1782671662350,5,0,0,72.19
1782671662350,6,0,0,68.92
1782671662350,7,0,0,72.04
1782671662590,0,0,0,72.08
1782671662590,1,0,0,70.42
1782671662590,2,0,0,67.29
1782671662590,3,0,0,73.06
1782671662590,4,0,0,73.41
1782671662590,5,0,0,72.18
1782671662590,6,0,0,68.88
1782671662590,7,0,0,72.04
1782671662832,0,0,0,72.08
1782671662832,1,0,0,70.44
1782671662832,2,0,0,67.29
1782671662832,3,0,0,73.05
1782671662832,4,0,0,73.41
1782671662832,5,0,0,72.22
1782671662832,6,0,0,68.97
1782671662832,7,0,0,72.04
1782671663076,0,0,0,72.14
1782671663076,1,0,0,70.45
1782671663076,2,0,0,67.27
1782671663076,3,0,0,73.05
1782671663076,4,0,0,73.41
1782671663076,5,0,0,72.20
1782671663076,6,0,0,68.90
1782671663076,7,0,0,72.05
1782671663319,0,0,0,72.15
1782671663319,1,0,0,70.43
1782671663319,2,0,0,67.31
1782671663319,3,0,0,73.04
1782671663319,4,0,0,73.42
1782671663319,5,0,0,72.17
1782671663319,6,0,0,68.92
1782671663319,7,0,0,72.05
1782671663563,0,0,0,72.16
1782671663563,1,0,0,70.43
1782671663563,2,0,0,67.29
1782671663563,3,0,0,73.05
1782671663563,4,0,0,73.43
1782671663563,5,0,0,72.21
1782671663563,6,0,0,68.96
1782671663563,7,0,0,72.06
1782671663808,0,0,0,72.15
1782671663808,1,0,0,70.42
1782671663808,2,0,0,67.27
1782671663808,3,0,0,73.07
1782671663808,4,0,0,73.42
1782671663808,5,0,0,72.21
1782671663808,6,0,0,68.87
1782671663808,7,0,0,72.05
1782671664052,0,0,0,72.13
1782671664052,1,0,0,70.41
1782671664052,2,0,0,67.28
1782671664052,3,0,0,73.07
1782671664052,4,0,0,73.41
1782671664052,5,0,0,72.19
1782671664052,6,0,0,68.93
1782671664052,7,0,0,72.06
1782671664296,0,0,0,72.11
1782671664296,1,0,0,70.41
1782671664296,2,0,0,67.29
1782671664296,3,0,0,73.07
1782671664296,4,0,0,73.39
1782671664296,5,0,0,72.24
1782671664296,6,0,0,68.91
1782671664296,7,0,0,72.05
1782671664541,0,0,0,72.11
1782671664541,1,0,0,70.40
1782671664541,2,0,0,67.29
1782671664541,3,0,0,73.08
1782671664541,4,0,0,73.36
1782671664541,5,0,0,72.23
1782671664541,6,0,0,68.97
1782671664541,7,0,0,72.05
1782671664784,0,0,0,72.11
1782671664784,1,0,0,70.43
1782671664784,2,0,0,67.29
1782671664784,3,0,0,73.10
1782671664784,4,0,0,73.36
1782671664784,5,0,0,72.21
1782671664784,6,0,0,69.00
1782671664784,7,0,0,72.05
1782671665025,0,0,0,72.13
1782671665025,1,0,0,70.44
1782671665025,2,0,0,67.31
1782671665025,3,0,0,73.08
1782671665025,4,0,0,73.34
1782671665025,5,0,0,72.26
1782671665025,6,0,0,68.90
1782671665025,7,0,0,72.05
1782671665268,0,0,0,72.16
1782671665268,1,0,0,70.43
1782671665268,2,0,0,67.29
1782671665268,3,0,0,73.10
1782671665268,4,0,0,73.34
1782671665268,5,0,0,72.24
1782671665268,6,0,0,68.98
1782671665268,7,0,0,72.03
1782671665529,0,0,0,72.17
1782671665529,1,0,0,70.43
1782671665529,2,0,0,67.28
1782671665529,3,0,0,73.09
1782671665529,4,0,0,73.34
1782671665529,5,0,0,72.21
1782671665529,6,0,0,68.93
1782671665529,7,0,0,72.03
1782671665771,0,0,0,72.14
1782671665771,1,0,0,70.43
1782671665771,2,0,0,67.33
1782671665771,3,0,0,73.07
1782671665771,4,0,0,73.34
1782671665771,5,0,0,72.25
1782671665771,6,0,0,68.92
1782671665771,7,0,0,72.02
1782671666017,0,0,0,72.12
1782671666017,1,0,0,70.42
1782671666017,2,0,0,67.32
1782671666017,3,0,0,73.10
1782671666017,4,0,0,73.33
1782671666017,5,0,0,72.23
1782671666017,6,0,0,68.99
1782671666017,7,0,0,71.99
1782671666259,0,0,0,72.08
1782671666259,1,0,0,70.43
1782671666259,2,0,0,67.31
1782671666259,3,0,0,73.08
1782671666259,4,0,0,73.32
1782671666259,5,0,0,72.18
1782671666259,6,0,0,68.92
1782671666259,7,0,0,72.00
1782671666501,0,0,0,72.07
1782671666501,1,0,0,70.40
1782671666501,2,0,0,67.30
1782671666501,3,0,0,73.07
1782671666501,4,0,0,73.33
1782671666501,5,0,0,72.19
1782671666501,6,0,0,68.98
1782671666501,7,0,0,71.99
1782671666743,0,0,0,72.06
1782671666743,1,0,0,70.40
1782671666743,2,0,0,67.28
1782671666743,3,0,0,73.08
1782671666743,4,0,0,73.34
1782671666743,5,0,0,72.21
1782671666743,6,0,0,68.90
1782671666743,7,0,0,71.99
1782671666987,0,0,0,72.06
1782671666987,1,0,0,70.40
1782671666987,2,0,0,67.27
1782671666987,3,0,0,73.09
1782671666987,4,0,0,73.33
1782671666987,5,0,0,72.20
1782671666987,6,0,0,68.90
1782671666987,7,0,0,72.02
1782671667228,0,0,0,72.07
1782671667228,1,0,0,70.38
1782671667228,2,0,0,67.26
1782671667228,3,0,0,73.09
1782671667228,4,0,0,73.37
1782671667228,5,0,0,72.19
1782671667228,6,0,0,68.92
1782671667228,7,0,0,71.98
1782671667468,0,0,0,72.06
1782671667468,1,0,0,70.40
1782671667468,2,0,0,67.26
1782671667468,3,0,0,73.10
1782671667468,4,0,0,73.37
1782671667468,5,0,0,72.17
1782671667468,6,0,0,68.87
1782671667468,7,0,0,72.00
1782671667708,0,0,0,72.07
1782671667708,1,0,0,70.41
1782671667708,2,0,0,67.26
1782671667708,3,0,0,73.07
1782671667708,4,0,0,73.36
1782671667708,5,0,0,72.18
1782671667708,6,0,0,68.95
1782671667708,7,0,0,72.00
1782671667950,0,0,0,72.04
1782671667950,1,0,0,70.40
1782671667950,2,0,0,67.26
1782671667950,3,0,0,73.04
1782671667950,4,0,0,73.36
1782671667950,5,0,0,72.17
1782671667950,6,0,0,68.86
1782671667950,7,0,0,71.97
1782671668192,0,0,0,72.04
1782671668192,1,0,0,70.43
1782671668192,2,0,0,67.25
1782671668192,3,0,0,73.03
1782671668192,4,0,0,73.36
1782671668192,5,0,0,72.14
1782671668192,6,0,0,68.92
1782671668192,7,0,0,72.01
1782671668432,0,0,0,72.07
1782671668432,1,0,0,70.43
1782671668432,2,0,0,67.27
1782671668432,3,0,0,73.02
1782671668432,4,0,0,73.37
1782671668432,5,0,0,72.18
1782671668432,6,0,0,68.91
1782671668432,7,0,0,71.98
1782671668674,0,0,0,72.08
1782671668674,1,0,0,70.41
1782671668674,2,0,0,67.26
1782671668674,3,0,0,73.02
1782671668674,4,0,0,73.39
1782671668674,5,0,0,72.19
1782671668674,6,0,0,68.88
1782671668674,7,0,0,71.99
1782671668917,0,0,0,72.12
1782671668917,1,0,0,70.43
1782671668917,2,0,0,67.28
1782671668917,3,0,0,73.01
1782671668917,4,0,0,73.40
1782671668917,5,0,0,72.21
1782671668917,6,0,0,68.99
1782671668917,7,0,0,72.03
1782671669160,0,0,0,72.12
1782671669160,1,0,0,70.43
1782671669160,2,0,0,67.31
1782671669160,3,0,0,73.04
1782671669160,4,0,0,73.42
1782671669160,5,0,0,72.20
1782671669160,6,0,0,68.93
1782671669160,7,0,0,72.01
1782671669403,0,0,0,72.12
1782671669403,1,0,0,70.43
1782671669403,2,0,0,67.29
1782671669403,3,0,0,73.06
1782671669403,4,0,0,73.40
1782671669403,5,0,0,72.17
1782671669403,6,0,0,68.99
1782671669403,7,0,0,72.04
1782671669648,0,0,0,72.10
1782671669648,1,0,0,70.44
1782671669648,2,0,0,67.29
1782671669648,3,0,0,73.04
1782671669648,4,0,0,73.41
1782671669648,5,0,0,72.21
1782671669648,6,0,0,68.93
1782671669648,7,0,0,72.05
1782671669892,0,0,0,72.11
1782671669892,1,0,0,70.42
1782671669892,2,0,0,67.30
1782671669892,3,0,0,73.04
1782671669892,4,0,0,73.39
1782671669892,5,0,0,72.21
1782671669892,6,0,0,68.92
1782671669892,7,0,0,72.04
1782671670135,0,0,0,72.08
1782671670135,1,0,0,70.40
1782671670135,2,0,0,67.29
1782671670135,3,0,0,73.04
1782671670135,4,0,0,73.39
1782671670135,5,0,0,72.17
1782671670135,6,0,0,68.96
1782671670135,7,0,0,72.05
1782671670378,0,0,0,72.09
1782671670378,1,0,0,70.39
1782671670378,2,0,0,67.27
1782671670378,3,0,0,73.04
1782671670378,4,0,0,73.40
1782671670378,5,0,0,72.22
1782671670378,6,0,0,68.88
1782671670378,7,0,0,72.03
1782671670693,0,0,0,72.11
1782671670693,1,0,0,70.38
1782671670693,2,0,0,67.28
1782671670693,3,0,0,73.06
1782671670693,4,0,0,73.40
1782671670693,5,0,0,72.21
1782671670693,6,0,0,68.92
1782671670693,7,0,0,72.05
1782671670936,0,0,0,72.14
1782671670936,1,0,0,70.38
1782671670936,2,0,0,67.26
1782671670936,3,0,0,73.08
1782671670936,4,0,0,73.38
1782671670936,5,0,0,72.19
1782671670936,6,0,0,68.93
1782671670936,7,0,0,72.07
1782671671180,0,0,0,72.14
1782671671180,1,0,0,70.38
1782671671180,2,0,0,67.25
1782671671180,3,0,0,73.08
1782671671180,4,0,0,73.35
1782671671180,5,0,0,72.21
1782671671180,6,0,0,68.90
1782671671180,7,0,0,72.05
1782671671422,0,0,0,72.13
1782671671422,1,0,0,70.38
1782671671422,2,0,0,67.28
1782671671422,3,0,0,73.08
1782671671422,4,0,0,73.33
1782671671422,5,0,0,72.19
1782671671422,6,0,0,68.99
1782671671422,7,0,0,72.05
1782671671665,0,0,0,72.12
1782671671665,1,0,0,70.39
1782671671665,2,0,0,67.32
1782671671665,3,0,0,73.08
1782671671665,4,0,0,73.34
1782671671665,5,0,0,72.15
1782671671665,6,0,0,68.92
1782671671665,7,0,0,72.02
1782671671908,0,0,0,72.13
1782671671908,1,0,0,70.38
1782671671908,2,0,0,67.30
1782671671908,3,0,0,73.07
1782671671908,4,0,0,73.36
1782671671908,5,0,0,72.13
1782671671908,6,0,0,68.94
1782671671908,7,0,0,72.00
1782671672151,0,0,0,72.11
1782671672151,1,0,0,70.39
1782671672151,2,0,0,67.28
1782671672151,3,0,0,73.08
1782671672151,4,0,0,73.40
1782671672151,5,0,0,72.20
1782671672151,6,0,0,68.90
1782671672151,7,0,0,71.99
1782671672395,0,0,0,72.10
1782671672395,1,0,0,70.37
1782671672395,2,0,0,67.30
1782671672395,3,0,0,73.07
1782671672395,4,0,0,73.40
1782671672395,5,0,0,72.19
1782671672395,6,0,0,68.85
1782671672395,7,0,0,71.98
1782671672637,0,0,0,72.09
1782671672637,1,0,0,70.36
1782671672637,2,0,0,67.29
1782671672637,3,0,0,73.07
1782671672637,4,0,0,73.39
1782671672637,5,0,0,72.20
1782671672637,6,0,0,68.95
1782671672637,7,0,0,71.99
1782671672881,0,0,0,72.07
1782671672881,1,0,0,70.37
1782671672881,2,0,0,67.27
1782671672881,3,0,0,73.05
1782671672881,4,0,0,73.38
1782671672881,5,0,0,72.19
1782671672881,6,0,0,68.90
1782671672881,7,0,0,72.00
1782671673123,0,0,0,72.06
1782671673123,1,0,0,70.37
1782671673123,2,0,0,67.27
1782671673123,3,0,0,73.05
1782671673123,4,0,0,73.35
1782671673123,5,0,0,72.16
1782671673123,6,0,0,68.93
1782671673123,7,0,0,72.01
1782671673368,0,0,0,72.06
1782671673368,1,0,0,70.36
1782671673368,2,0,0,67.27
1782671673368,3,0,0,73.06
1782671673368,4,0,0,73.36
1782671673368,5,0,0,72.17
1782671673368,6,0,0,68.96
1782671673368,7,0,0,72.01
1782671673608,0,0,0,72.07
1782671673608,1,0,0,70.38
1782671673608,2,0,0,67.25
1782671673608,3,0,0,73.06
1782671673608,4,0,0,73.37
1782671673608,5,0,0,72.19
1782671673608,6,0,0,68.90
1782671673608,7,0,0,72.00
1782671673848,0,0,0,72.07
1782671673848,1,0,0,70.38
1782671673848,2,0,0,67.26
1782671673848,3,0,0,73.04
1782671673848,4,0,0,73.37
1782671673848,5,0,0,72.17
1782671673848,6,0,0,68.95
1782671673848,7,0,0,72.00
1782671674091,0,0,0,72.10
1782671674091,1,0,0,70.38
1782671674091,2,0,0,67.27
1782671674091,3,0,0,73.05
1782671674091,4,0,0,73.40
1782671674091,5,0,0,72.16
1782671674091,6,0,0,68.88
1782671674091,7,0,0,71.99
1782671674334,0,0,0,72.11
1782671674334,1,0,0,70.38
1782671674334,2,0,0,67.26
1782671674334,3,0,0,73.04
1782671674334,4,0,0,73.40
1782671674334,5,0,0,72.21
1782671674334,6,0,0,68.96
1782671674334,7,0,0,72.00
1782671674578,0,0,0,72.12
1782671674578,1,0,0,70.38
1782671674578,2,0,0,67.26
1782671674578,3,0,0,73.04
1782671674578,4,0,0,73.38
1782671674578,5,0,0,72.19
1782671674578,6,0,0,68.89
1782671674578,7,0,0,71.99
1782671674823,0,0,0,72.10
1782671674823,1,0,0,70.39
1782671674823,2,0,0,67.26
1782671674823,3,0,0,73.04
1782671674823,4,0,0,73.40
1782671674823,5,0,0,72.16
1782671674823,6,0,0,68.88
1782671674823,7,0,0,72.00
1782671675068,0,0,0,72.10
1782671675068,1,0,0,70.40
1782671675068,2,0,0,67.25
1782671675068,3,0,0,73.02
1782671675068,4,0,0,73.38
1782671675068,5,0,0,72.20
1782671675068,6,0,0,68.95
1782671675068,7,0,0,72.03
1782671675314,0,0,0,72.09
1782671675314,1,0,0,70.41
1782671675314,2,0,0,67.24
1782671675314,3,0,0,73.02
1782671675314,4,0,0,73.38
1782671675314,5,0,0,72.18
1782671675314,6,0,0,68.87
1782671675314,7,0,0,72.01
1782671675561,0,0,0,72.10
1782671675561,1,0,0,70.41
1782671675561,2,0,0,67.25
1782671675561,3,0,0,73.00
1782671675561,4,0,0,73.42
1782671675561,5,0,0,72.20
1782671675561,6,0,0,68.96
1782671675561,7,0,0,72.03
1782671675859,0,0,0,72.10
1782671675859,1,0,0,70.40
1782671675859,2,0,0,67.28
1782671675859,3,0,0,73.02
1782671675859,4,0,0,73.42
1782671675859,5,0,0,72.19
1782671675859,6,0,0,69.01
1782671675859,7,0,0,72.05
1782671676103,0,0,0,72.13
1782671676103,1,0,0,70.41
1782671676103,2,0,0,67.27
1782671676103,3,0,0,73.03
1782671676103,4,0,0,73.41
1782671676103,5,0,0,72.21
1782671676103,6,0,0,68.92
1782671676103,7,0,0,72.03
1782671676350,0,0,0,72.13
1782671676350,1,0,0,70.40
1782671676350,2,0,0,67.28
1782671676350,3,0,0,73.03
1782671676350,4,0,0,73.36
1782671676350,5,0,0,72.24
1782671676350,6,0,0,69.00
1782671676350,7,0,0,72.03
1782671676594,0,0,0,72.12
1782671676594,1,0,0,70.40
1782671676594,2,0,0,67.29
1782671676594,3,0,0,73.05
1782671676594,4,0,0,73.33
1782671676594,5,0,0,72.17
1782671676594,6,0,0,68.93
1782671676594,7,0,0,72.02
1782671676839,0,0,0,72.11
1782671676839,1,0,0,70.41
1782671676839,2,0,0,67.26
1782671676839,3,0,0,73.04
1782671676839,4,0,0,73.35
1782671676839,5,0,0,72.24
1782671676839,6,0,0,68.98
1782671676839,7,0,0,72.03
1782671677083,0,0,0,72.11
1782671677083,1,0,0,70.39
1782671677083,2,0,0,67.27
1782671677083,3,0,0,73.05
1782671677083,4,0,0,73.35
1782671677083,5,0,0,72.20
1782671677083,6,0,0,68.97
1782671677083,7,0,0,72.03
1782671677326,0,0,0,72.10
1782671677326,1,0,0,70.38
1782671677326,2,0,0,67.28
1782671677326,3,0,0,73.06
1782671677326,4,0,0,73.36
1782671677326,5,0,0,72.17
1782671677326,6,0,0,68.90
1782671677326,7,0,0,72.02
1782671677570,0,0,0,72.10
1782671677570,1,0,0,70.39
1782671677570,2,0,0,67.27
1782671677570,3,0,0,73.04
1782671677570,4,0,0,73.36
1782671677570,5,0,0,72.23
1782671677570,6,0,0,68.98
1782671677570,7,0,0,72.01
1782671677815,0,0,0,72.08
1782671677815,1,0,0,70.40
1782671677815,2,0,0,67.29
1782671677815,3,0,0,73.07
1782671677815,4,0,0,73.37
1782671677815,5,0,0,72.17
1782671677815,6,0,0,68.88
1782671677815,7,0,0,72.00
1782671678776,0,0,0,72.09
1782671678776,1,0,0,70.37
1782671678776,2,0,0,67.28
1782671678776,3,0,0,73.07
1782671678776,4,0,0,73.41
1782671678776,5,0,0,72.16
1782671678776,6,0,0,68.97
1782671678776,7,0,0,72.01
1782671681147,0,0,0,75.22
1782671681147,1,0,0,70.43
1782671681147,2,0,0,67.31
1782671681147,3,0,0,73.08
1782671681147,4,0,0,73.44
1782671681147,5,0,0,72.22
1782671681147,6,0,0,68.89
1782671681147,7,0,0,72.02
1782671681392,0,0,0,75.25
1782671681392,1,0,0,70.44
1782671681392,2,0,0,67.31
1782671681392,3,0,0,73.07
1782671681392,4,0,0,73.41
1782671681392,5,0,0,72.24
1782671681392,6,0,0,68.90
1782671681392,7,0,0,72.02
1782671681688,0,0,0,75.28
1782671681688,1,0,0,70.42
1782671681688,2,0,0,67.30
1782671681688,3,0,0,73.14
1782671681688,4,0,0,73.43
1782671681688,5,0,0,72.24
1782671681688,6,0,0,68.95
1782671681688,7,0,0,72.02
1782671682044,0,0,0,74.07
1782671682044,1,0,0,70.41
1782671682044,2,0,0,67.31
1782671682044,3,0,0,73.22
1782671682044,4,0,0,73.40
1782671682044,5,0,0,72.23
1782671682044,6,0,0,68.92
1782671682044,7,0,0,72.04
1782671682612,0,0,0,72.10
1782671682612,1,0,0,70.41
1782671682612,2,0,0,67.31
1782671682612,3,0,0,73.27
1782671682612,4,0,0,73.39
1782671682612,5,0,0,72.20
1782671682612,6,0,0,68.89
1782671682612,7,0,0,72.05
1782671683395,0,0,0,72.09
1782671683395,1,0,0,70.39
1782671683395,2,0,0,67.30
1782671683395,3,0,0,73.28
1782671683395,4,0,0,73.38
1782671683395,5,0,0,72.19
1782671683395,6,0,0,68.90
1782671683395,7,0,0,71.97
1782671684600,0,0,0,72.05
1782671684600,1,0,0,70.38
1782671684600,2,0,0,67.26
1782671684600,3,0,0,73.24
1782671684600,4,0,0,73.39
1782671684600,5,0,0,72.21
1782671684600,6,0,0,68.93
1782671684600,7,0,0,71.98
1782671685719,0,0,0,72.08
1782671685719,1,0,0,70.42
1782671685719,2,0,0,67.31
1782671685719,3,0,0,73.23
1782671685719,4,0,0,73.42
1782671685719,5,0,0,72.24
1782671685719,6,0,0,68.92
1782671685719,7,0,0,72.00
1782671687463,0,0,0,72.09
1782671687463,1,0,0,70.43
1782671687463,2,0,0,67.32
1782671687463,3,0,0,73.24
1782671687463,4,0,0,73.42
1782671687463,5,0,0,72.23
1782671687463,6,0,0,68.96
1782671687463,7,0,0,72.01
1782671688980,0,0,0,72.07
1782671688980,1,0,0,70.43
1782671688980,2,0,0,67.29
1782671688980,3,0,0,73.24
1782671688980,4,0,0,73.39
1782671688980,5,0,0,72.21
1782671688980,6,0,0,68.93
1782671688980,7,0,0,72.02
1782671689225,0,0,0,72.10
1782671689225,1,0,0,70.41
1782671689225,2,0,0,67.27
1782671689225,3,0,0,73.23
1782671689225,4,0,0,73.38
1782671689225,5,0,0,72.19
1782671689225,6,0,0,68.90
1782671689225,7,0,0,72.03
1782671689471,0,0,0,72.08
1782671689471,1,0,0,70.41
1782671689471,2,0,0,67.29
1782671689471,3,0,0,73.24
1782671689471,4,0,0,73.37
1782671689471,5,0,0,72.16
1782671689471,6,0,0,69.00
1782671689471,7,0,0,72.01
1782671689718,0,0,0,72.10
1782671689718,1,0,0,70.42
1782671689718,2,0,0,67.29
1782671689718,3,0,0,73.24
1782671689718,4,0,0,73.39
1782671689718,5,0,0,72.19
1782671689718,6,0,0,68.92
1782671689718,7,0,0,72.03
1782671689964,0,0,0,72.08
1782671689964,1,0,0,70.43
1782671689964,2,0,0,67.29
1782671689964,3,0,0,73.23
1782671689964,4,0,0,73.38
1782671689964,5,0,0,72.18
1782671689964,6,0,0,69.00
1782671689964,7,0,0,72.03
1782671690211,0,0,0,72.08
1782671690211,1,0,0,70.40
1782671690211,2,0,0,67.29
1782671690211,3,0,0,73.24
1782671690211,4,0,0,73.39
1782671690211,5,0,0,72.19
1782671690211,6,0,0,68.97
1782671690211,7,0,0,72.00
1782671690456,0,0,0,72.08
1782671690456,1,0,0,70.38
1782671690456,2,0,0,67.29
1782671690456,3,0,0,73.25
1782671690456,4,0,0,73.39
1782671690456,5,0,0,72.24
1782671690456,6,0,0,68.91
1782671690456,7,0,0,72.01
1782671690700,0,0,0,72.08
1782671690700,1,0,0,70.36
1782671690700,2,0,0,67.28
1782671690700,3,0,0,73.27
1782671690700,4,0,0,73.38
1782671690700,5,0,0,72.20
1782671690700,6,0,0,68.95
1782671690700,7,0,0,71.98
1782671690944,0,0,0,72.08
1782671690944,1,0,0,70.35
1782671690944,2,0,0,67.28
1782671690944,3,0,0,73.27
1782671690944,4,0,0,73.37
1782671690944,5,0,0,72.19
1782671690944,6,0,0,68.86
1782671690944,7,0,0,71.96
1782671691187,0,0,0,72.08
1782671691187,1,0,0,70.36
1782671691187,2,0,0,67.30
1782671691187,3,0,0,73.25
1782671691187,4,0,0,73.36
1782671691187,5,0,0,72.20
1782671691187,6,0,0,68.93
1782671691187,7,0,0,71.94
1782671691433,0,0,0,72.04
1782671691433,1,0,0,70.36
1782671691433,2,0,0,67.31
1782671691433,3,0,0,73.26
1782671691433,4,0,0,73.36
1782671691433,5,0,0,72.17
1782671691433,6,0,0,68.88
1782671691433,7,0,0,71.95
1782671691678,0,0,0,72.04
1782671691678,1,0,0,70.35
1782671691678,2,0,0,67.29
1782671691678,3,0,0,73.25
1782671691678,4,0,0,73.38
1782671691678,5,0,0,72.14
1782671691678,6,0,0,68.89
1782671691678,7,0,0,71.95
1782671691923,0,0,0,72.04
1782671691923,1,0,0,70.37
1782671691923,2,0,0,67.29
1782671691923,3,0,0,73.21
1782671691923,4,0,0,73.38
1782671691923,5,0,0,72.17
1782671691923,6,0,0,68.95
1782671691923,7,0,0,71.96
1782671692167,0,0,0,72.04
1782671692167,1,0,0,70.37
1782671692167,2,0,0,67.29
1782671692167,3,0,0,73.22
1782671692167,4,0,0,73.39
1782671692167,5,0,0,72.14
1782671692167,6,0,0,68.86
1782671692167,7,0,0,71.96
1782671692411,0,0,0,72.05
1782671692411,1,0,0,70.36
1782671692411,2,0,0,67.27
1782671692411,3,0,0,73.21
1782671692411,4,0,0,73.41
1782671692411,5,0,0,72.13
1782671692411,6,0,0,68.93
1782671692411,7,0,0,71.97
1782671692654,0,0,0,72.07
1782671692654,1,0,0,70.36
1782671692654,2,0,0,67.25
1782671692654,3,0,0,73.20
1782671692654,4,0,0,73.39
1782671692654,5,0,0,72.16
1782671692654,6,0,0,68.90
1782671692654,7,0,0,71.97
1782671692898,0,0,0,72.07
1782671692898,1,0,0,70.36
1782671692898,2,0,0,67.27
1782671692898,3,0,0,73.20
1782671692898,4,0,0,73.40
1782671692898,5,0,0,72.17
1782671692898,6,0,0,68.96
1782671692898,7,0,0,71.98
1782671693142,0,0,0,72.08
1782671693142,1,0,0,70.39
1782671693142,2,0,0,67.24
1782671693142,3,0,0,73.22
1782671693142,4,0,0,73.39
1782671693142,5,0,0,72.16
1782671693142,6,0,0,69.00
1782671693142,7,0,0,71.99
1782671693385,0,0,0,72.07
1782671693385,1,0,0,70.40
1782671693385,2,0,0,67.27
1782671693385,3,0,0,73.21
1782671693385,4,0,0,73.39
1782671693385,5,0,0,72.19
1782671693385,6,0,0,68.91
1782671693385,7,0,0,72.00
1782671693627,0,0,0,72.07
1782671693627,1,0,0,70.42
1782671693627,2,0,0,67.29
1782671693627,3,0,0,73.20
1782671693627,4,0,0,73.41
1782671693627,5,0,0,72.22
1782671693627,6,0,0,68.97
1782671693627,7,0,0,72.01
1782671693925,0,0,0,72.05
1782671693925,1,0,0,70.43
1782671693925,2,0,0,67.32
1782671693925,3,0,0,73.20
1782671693925,4,0,0,73.40
1782671693925,5,0,0,72.24
1782671693925,6,0,0,68.95
1782671693925,7,0,0,72.01
1782671694169,0,0,0,72.07
1782671694169,1,0,0,70.43
1782671694169,2,0,0,67.31
1782671694169,3,0,0,73.19
1782671694169,4,0,0,73.40
1782671694169,5,0,0,72.20
1782671694169,6,0,0,68.89
1782671694169,7,0,0,71.99
1782671694416,0,0,0,72.07
1782671694416,1,0,0,70.40
1782671694416,2,0,0,67.30
1782671694416,3,0,0,73.20
1782671694416,4,0,0,73.42
1782671694416,5,0,0,72.27
1782671694416,6,0,0,68.99
1782671694416,7,0,0,71.99
1782671694668,0,0,0,72.08
1782671694668,1,0,0,70.41
1782671694668,2,0,0,67.31
1782671694668,3,0,0,73.21
1782671694668,4,0,0,73.40
1782671694668,5,0,0,72.22
1782671694668,6,0,0,68.90
1782671694668,7,0,0,71.98
1782671694917,0,0,0,72.10
1782671694917,1,0,0,70.40
1782671694917,2,0,0,67.28
1782671694917,3,0,0,73.24
1782671694917,4,0,0,73.37
1782671694917,5,0,0,72.18
1782671694917,6,0,0,68.94
1782671694917,7,0,0,71.98
1782671695166,0,0,0,72.10
1782671695166,1,0,0,70.39
1782671695166,2,0,0,67.30
1782671695166,3,0,0,73.28
1782671695166,4,0,0,73.37
1782671695166,5,0,0,72.23
1782671695166,6,0,0,68.94
1782671695166,7,0,0,72.01
1782671695417,0,0,0,72.09
1782671695417,1,0,0,70.40
1782671695417,2,0,0,67.31
1782671695417,3,0,0,73.27
1782671695417,4,0,0,73.39
1782671695417,5,0,0,72.21
1782671695417,6,0,0,68.88
1782671695417,7,0,0,72.00
1782671695664,0,0,0,72.07
1782671695664,1,0,0,70.40
1782671695664,2,0,0,67.28
1782671695664,3,0,0,73.27
1782671695664,4,0,0,73.38
1782671695664,5,0,0,72.23
1782671695664,6,0,0,68.98
1782671695664,7,0,0,72.00
1782671695914,0,0,0,72.05
1782671695914,1,0,0,70.40
1782671695914,2,0,0,67.29
1782671695914,3,0,0,73.26
1782671695914,4,0,0,73.40
1782671695914,5,0,0,72.24
1782671695914,6,0,0,68.89
1782671695914,7,0,0,72.01
1782671696162,0,0,0,72.05
1782671696162,1,0,0,70.38
1782671696162,2,0,0,67.30
1782671696162,3,0,0,73.23
1782671696162,4,0,0,73.39
1782671696162,5,0,0,72.23
1782671696162,6,0,0,68.95
1782671696162,7,0,0,71.98
1782671696411,0,0,0,72.02
1782671696411,1,0,0,70.38
1782671696411,2,0,0,67.29
1782671696411,3,0,0,73.25
1782671696411,4,0,0,73.35
1782671696411,5,0,0,72.19
1782671696411,6,0,0,68.94
1782671696411,7,0,0,72.00
1782671696659,0,0,0,72.02
1782671696659,1,0,0,70.37
1782671696659,2,0,0,67.28
1782671696659,3,0,0,73.26
1782671696659,4,0,0,73.34
1782671696659,5,0,0,72.14
1782671696659,6,0,0,68.86
1782671696659,7,0,0,71.98
1782671696907,0,0,0,72.01
1782671696907,1,0,0,70.36
1782671696907,2,0,0,67.28
1782671696907,3,0,0,73.25
1782671696907,4,0,0,73.34
1782671696907,5,0,0,72.19
1782671696907,6,0,0,68.95
1782671696907,7,0,0,71.96
1782671697155,0,0,0,72.00
1782671697155,1,0,0,70.37
1782671697155,2,0,0,67.25
1782671697155,3,0,0,73.26
1782671697155,4,0,0,73.34
1782671697155,5,0,0,72.15
1782671697155,6,0,0,68.88
1782671697155,7,0,0,71.98
1782671697404,0,0,0,71.99
1782671697404,1,0,0,70.35
1782671697404,2,0,0,67.27
1782671697404,3,0,0,73.25
1782671697404,4,0,0,73.34
1782671697404,5,0,0,72.13
1782671697404,6,0,0,68.88
1782671697404,7,0,0,71.94
1782671697653,0,0,0,72.03
1782671697653,1,0,0,70.33
1782671697653,2,0,0,67.26
1782671697653,3,0,0,73.24
1782671697653,4,0,0,73.35
1782671697653,5,0,0,72.17
1782671697653,6,0,0,68.91
1782671697653,7,0,0,71.94
1782671697901,0,0,0,72.01
1782671697901,1,0,0,70.35
1782671697901,2,0,0,67.27
1782671697901,3,0,0,73.25
1782671697901,4,0,0,73.34
1782671697901,5,0,0,72.15
1782671697901,6,0,0,68.86
1782671697901,7,0,0,71.96
1782671698148,0,0,0,72.03
1782671698148,1,0,0,70.36
1782671698148,2,0,0,67.27
1782671698148,3,0,0,73.24
1782671698148,4,0,0,73.34
1782671698148,5,0,0,72.17
1782671698148,6,0,0,68.93
1782671698148,7,0,0,71.94
1782671698396,0,0,0,72.04
1782671698396,1,0,0,70.37
1782671698396,2,0,0,67.27
1782671698396,3,0,0,73.21
1782671698396,4,0,0,73.36
1782671698396,5,0,0,72.17
1782671698396,6,0,0,68.83
1782671698396,7,0,0,71.97
1782671698643,0,0,0,72.03
1782671698643,1,0,0,70.39
1782671698643,2,0,0,67.28
1782671698643,3,0,0,73.20
1782671698643,4,0,0,73.34
1782671698643,5,0,0,72.18
1782671698643,6,0,0,68.88
1782671698643,7,0,0,71.97
1782671698889,0,0,0,72.02
1782671698889,1,0,0,70.40
1782671698889,2,0,0,67.28
1782671698889,3,0,0,73.21
1782671698889,4,0,0,73.38
1782671698889,5,0,0,72.19
1782671698889,6,0,0,68.95
1782671698889,7,0,0,71.97
1782671699203,0,0,0,72.05
1782671699203,1,0,0,70.40
1782671699203,2,0,0,67.28
1782671699203,3,0,0,73.21
1782671699203,4,0,0,73.40
1782671699203,5,0,0,72.14
1782671699203,6,0,0,68.87
1782671699203,7,0,0,71.98
1782671699448,0,0,0,72.06
1782671699448,1,0,0,70.41
1782671699448,2,0,0,67.29
1782671699448,3,0,0,73.21
1782671699448,4,0,0,73.41
1782671699448,5,0,0,72.20
1782671699448,6,0,0,68.93
1782671699448,7,0,0,71.98
1782671699692,0,0,0,72.08
1782671699692,1,0,0,70.40
1782671699692,2,0,0,67.29
1782671699692,3,0,0,73.21
1782671699692,4,0,0,73.42
1782671699692,5,0,0,72.17
1782671699692,6,0,0,68.91
1782671699692,7,0,0,71.99
1782671699936,0,0,0,72.11
1782671699936,1,0,0,70.41
1782671699936,2,0,0,67.28
1782671699936,3,0,0,73.21
1782671699936,4,0,0,73.40
1782671699936,5,0,0,72.16
1782671699936,6,0,0,68.88
1782671699936,7,0,0,72.01
1782671700182,0,0,0,72.11
1782671700182,1,0,0,70.41
1782671700182,2,0,0,67.30
1782671700182,3,0,0,73.22
1782671700182,4,0,0,73.38
1782671700182,5,0,0,72.22
1782671700182,6,0,0,68.95
1782671700182,7,0,0,72.00
1782671700427,0,0,0,72.12
1782671700427,1,0,0,70.42
1782671700427,2,0,0,67.30
1782671700427,3,0,0,73.23
1782671700427,4,0,0,73.38
1782671700427,5,0,0,72.20
1782671700427,6,0,0,68.90
1782671700427,7,0,0,72.02
1782671700670,0,0,0,72.11
1782671700670,1,0,0,70.43
1782671700670,2,0,0,67.26
1782671700670,3,0,0,73.24
1782671700670,4,0,0,73.35
1782671700670,5,0,0,72.21
1782671700670,6,0,0,68.97
1782671700670,7,0,0,72.03
1782671700917,0,0,0,86.34
1782671700917,1,0,0,81.93
1782671700917,2,0,0,77.75
1782671700917,3,0,0,82.55
1782671700917,4,0,0,85.28
1782671700917,5,1,0,82.17
1782671700917,6,0,0,68.95
1782671700917,7,0,0,72.02
1782671701261,0,11,0,95.82
1782671701261,1,0,0,91.79
1782671701261,2,26,0,87.72
1782671701261,3,0,0,96.52
1782671701261,4,20,1,94.40
1782671701261,5,0,0,91.78
1782671701261,6,0,0,68.87
1782671701261,7,0,0,72.02
1782671701478,0,0,0,120.03
1782671701478,1,0,0,119.33
1782671701478,2,0,0,115.71
1782671701478,3,0,0,119.07
1782671701478,4,0,0,120.46
1782671701478,5,0,0,117.99
1782671701478,6,0,0,68.89
1782671701478,7,0,0,72.00
1782671702491,0,0,0,121.35
1782671702491,1,0,0,118.95
1782671702491,2,0,0,115.41
1782671702491,3,1,0,119.12
1782671702491,4,0,0,120.33
1782671702491,5,0,0,117.81
1782671702491,6,0,0,68.93
1782671702491,7,0,0,72.00
1782671702970,0,0,0,121.39
1782671702970,1,0,0,119.01
1782671702970,2,0,0,115.40
1782671702970,3,0,0,119.18
1782671702970,4,0,0,120.36
1782671702970,5,0,0,117.90
1782671702970,6,0,0,68.97
1782671702970,7,0,0,71.98
1782671703343,0,0,0,122.69
1782671703343,1,0,0,119.03
1782671703343,2,0,0,116.80
1782671703343,3,0,0,121.24
1782671703343,4,0,0,120.37
1782671703343,5,0,0,117.85
1782671703343,6,0,0,68.85
1782671703343,7,0,0,71.97
1782671703593,0,0,0,123.53
1782671703593,1,0,0,121.44
1782671703593,2,0,0,117.24
1782671703593,3,0,0,121.05
1782671703593,4,0,0,122.45
1782671703593,5,0,0,120.03
1782671703593,6,0,0,68.82
1782671703593,7,0,0,71.96
1782671703952,0,4,0,126.21
1782671703952,1,0,0,123.90
1782671703952,2,0,0,117.96
1782671703952,3,0,0,126.24
1782671703952,4,0,0,124.13
1782671703952,5,0,0,124.61
1782671703952,6,0,0,68.91
1782671703952,7,0,0,71.97
1782671704184,0,51,1,130.57
1782671704184,1,100,2,130.66
1782671704184,2,29,0,126.02
1782671704184,3,93,2,128.61
1782671704184,4,74,2,132.74
1782671704184,5,94,2,130.31
1782671704184,6,0,0,68.84
1782671704184,7,0,0,71.96
1782671704471,0,74,2,137.58
1782671704471,1,77,2,133.98
1782671704471,2,35,1,132.69
1782671704471,3,100,2,136.09
1782671704471,4,52,2,136.63
1782671704471,5,100,2,134.74
1782671704471,6,0,0,68.85
1782671704471,7,0,0,71.96
1782671704707,0,100,1,142.83
1782671704707,1,97,2,142.34
1782671704707,2,63,1,138.28
1782671704707,3,100,2,141.40
1782671704707,4,30,0,144.32
1782671704707,5,100,1,140.30
1782671704707,6,0,0,68.88
1782671704707,7,0,0,71.97
1782671704939,0,53,2,148.62
1782671704939,1,97,2,146.09
1782671704939,2,83,2,143.00
1782671704939,3,97,2,145.83
1782671704939,4,34,1,147.63
1782671704939,5,97,2,145.51
1782671704939,6,0,0,68.80
1782671704939,7,0,0,71.97
1782671705172,0,28,1,149.79
1782671705172,1,97,3,148.41
1782671705172,2,66,2,143.92
1782671705172,3,97,2,148.35
1782671705172,4,59,1,147.84
1782671705172,5,97,2,148.65
1782671705172,6,0,0,68.89
1782671705172,7,0,0,71.98
1782671705407,0,27,0,148.81
1782671705407,1,100,2,147.93
1782671705407,2,46,2,143.59
1782671705407,3,98,3,147.52
1782671705407,4,100,1,148.16
1782671705407,5,96,3,147.90
1782671705407,6,0,0,68.79
1782671705407,7,0,0,71.98
1782671705639,0,50,1,149.19
1782671705639,1,100,2,147.71
1782671705639,2,30,0,143.01
1782671705639,3,100,1,146.78
1782671705639,4,74,2,148.65
1782671705639,5,100,2,147.75
1782671705639,6,0,0,68.83
1782671705639,7,0,0,71.98
1782671705873,0,78,2,148.91
1782671705873,1,100,0,147.54
1782671705873,2,41,1,142.33
1782671705873,3,100,2,147.69
1782671705873,4,46,2,148.32
1782671705873,5,100,2,146.96
1782671705873,6,0,0,68.84
1782671705873,7,0,0,71.98
1782671706117,0,99,2,148.88
1782671706117,1,94,2,147.54
1782671706117,2,73,1,141.87
1782671706117,3,100,0,147.67
1782671706117,4,30,0,148.58
1782671706117,5,100,0,146.54
1782671706117,6,0,0,68.81
1782671706117,7,0,0,71.97
1782671706354,0,39,2,149.38
1782671706354,1,97,3,147.76
1782671706354,2,97,2,141.06
1782671706354,3,96,2,147.99
1782671706354,4,48,1,147.77
1782671706354,5,85,2,146.49
1782671706354,6,0,0,68.93
1782671706354,7,0,0,71.98
1782671706588,0,30,0,149.25
1782671706588,1,100,1,148.11
1782671706588,2,57,2,142.43
1782671706588,3,97,3,147.65
1782671706588,4,70,2,147.46
1782671706588,5,95,3,147.09
1782671706588,6,0,0,68.84
1782671706588,7,0,0,71.98
1782671706824,0,39,1,149.95
1782671706824,1,100,2,148.68
1782671706824,2,34,2,142.73
1782671706824,3,97,3,147.48
1782671706824,4,87,2,148.12
1782671706824,5,100,2,147.78
1782671706824,6,0,0,68.94
1782671706824,7,0,0,71.97
1782671707065,0,66,1,151.18
1782671707065,1,100,2,148.63
1782671707065,2,28,0,141.52
1782671707065,3,100,2,148.49
1782671707065,4,61,2,148.04
1782671707065,5,100,2,148.37
1782671707065,6,0,0,68.88
1782671707065,7,0,0,71.99
1782671707299,0,88,2,150.36
1782671707299,1,95,2,149.07
1782671707299,2,49,1,143.47
1782671707299,3,100,2,148.24
1782671707299,4,38,2,148.26
1782671707299,5,100,2,148.06
1782671707299,6,0,0,68.92
1782671707299,7,0,0,72.00
1782671707532,0,65,2,150.23
1782671707532,1,97,2,148.19
1782671707532,2,75,2,143.13
1782671707532,3,98,0,147.77
1782671707532,4,29,0,148.24
1782671707532,5,97,2,148.33
1782671707532,6,0,0,68.88
1782671707532,7,0,0,72.01
1782671707768,0,36,2,149.68
1782671707768,1,97,3,147.61
1782671707768,2,76,2,143.71
1782671707768,3,97,2,148.15
1782671707768,4,54,1,148.82
1782671707768,5,97,2,147.66
1782671707768,6,0,0,68.82
1782671707768,7,0,0,72.03
1782671708003,0,28,0,149.56
1782671708003,1,100,2,148.18
1782671708003,2,50,2,144.08
1782671708003,3,94,3,148.03
1782671708003,4,95,2,149.11
1782671708003,5,94,3,147.29
1782671708003,6,0,0,68.87
1782671708003,7,0,0,71.99
1782671708240,0,40,1,148.99
1782671708240,1,100,2,147.60
1782671708240,2,33,2,143.77
1782671708240,3,100,1,147.92
1782671708240,4,86,2,150.32
1782671708240,5,100,2,147.49
1782671708240,6,0,0,68.82
1782671708240,7,0,0,71.98
1782671708474,0,62,1,149.12
1782671708474,1,100,2,147.46
1782671708474,2,27,0,143.46
1782671708474,3,100,2,148.89
1782671708474,4,63,2,150.19
1782671708474,5,100,2,147.49
1782671708474,6,0,0,68.93
1782671708474,7,0,0,71.95
1782671708708,0,83,2,148.94
1782671708708,1,98,1,148.60
1782671708708,2,45,1,143.32
1782671708708,3,100,2,148.52
1782671708708,4,40,2,149.71
1782671708708,5,100,2,147.26
1782671708708,6,0,0,68.86
1782671708708,7,0,0,71.92
1782671708945,0,76,2,148.71
1782671708945,1,98,2,148.07
1782671708945,2,61,1,142.76
1782671708945,3,100,2,148.08
1782671708945,4,29,0,149.87
1782671708945,5,98,2,149.20
1782671708945,6,0,0,68.91
1782671708945,7,0,0,71.94
1782671709181,0,55,2,149.18
1782671709181,1,96,2,148.12
1782671709181,2,93,2,142.81
1782671709181,3,96,2,148.07
1782671709181,4,33,1,149.90
1782671709181,5,95,2,149.43
1782671709181,6,0,0,68.90
1782671709181,7,0,0,71.94
1782671709414,0,31,2,148.74
1782671709414,1,100,1,148.93
1782671709414,2,71,2,143.30
1782671709414,3,88,2,147.75
1782671709414,4,77,2,149.14
1782671709414,5,78,2,149.50
1782671709414,6,0,0,68.85
1782671709414,7,0,0,71.94
1782671709685,0,28,0,150.40
1782671709685,1,100,2,149.74
1782671709685,2,51,2,142.19
1782671709685,3,100,1,149.20
1782671709685,4,100,2,149.69
1782671709685,5,100,1,150.66
1782671709685,6,0,0,68.92
1782671709685,7,0,0,71.94
1782671709915,0,45,1,150.18
1782671709915,1,100,2,149.58
1782671709915,2,28,0,142.93
1782671709915,3,100,2,149.70
1782671709915,4,82,2,148.69
1782671709915,5,100,2,150.07
1782671709915,6,0,0,68.81
1782671709915,7,0,0,71.95
1782671710144,0,90,2,148.98
1782671710144,1,100,2,149.13
1782671710144,2,30,1,143.61
1782671710144,3,100,2,147.84
1782671710144,4,56,2,148.63
1782671710144,5,100,2,148.92
1782671710144,6,0,0,68.87
1782671710144,7,0,0,71.96
1782671710383,0,87,2,150.45
1782671710383,1,67,2,149.51
1782671710383,2,82,2,143.08
1782671710383,3,88,2,149.42
1782671710383,4,37,2,149.33
1782671710383,5,78,2,150.78
1782671710383,6,0,0,68.83
1782671710383,7,0,0,71.95
1782671710618,0,36,0,146.02
1782671710618,1,100,0,143.67
1782671710618,2,36,0,138.10
1782671710618,3,95,5,143.98
1782671710618,4,13,0,142.33
1782671710618,5,88,5,142.37
1782671710618,6,0,0,68.88
1782671710618,7,0,0,71.96
1782671710849,0,27,0,137.67
1782671710849,1,100,0,138.88
1782671710849,2,36,0,133.73
1782671710849,3,100,0,134.86
1782671710849,4,36,0,137.27
1782671710849,5,100,0,137.45
1782671710849,6,0,0,68.89
1782671710849,7,0,0,71.96
1782671711088,0,21,0,140.82
1782671711088,1,100,9,139.27
1782671711088,2,32,10,133.89
1782671711088,3,100,0,137.92
1782671711088,4,100,9,138.89
1782671711088,5,100,4,138.40
1782671711088,6,0,0,68.84
1782671711088,7,0,0,71.96
1782671711323,0,100,0,140.87
1782671711323,1,100,0,138.92
1782671711323,2,100,0,134.73
1782671711323,3,100,0,137.92
1782671711323,4,100,0,139.00
1782671711323,5,100,0,137.90
1782671711323,6,0,0,68.90
1782671711323,7,0,0,71.97
1782671711561,0,100,0,148.21
1782671711561,1,100,0,141.58
1782671711561,2,100,3,143.77
1782671711561,3,100,0,145.08
1782671711561,4,100,0,143.29
1782671711561,5,100,0,141.26
1782671711561,6,0,0,68.85
1782671711561,7,0,0,71.98
1782671711808,0,6,1,148.78
1782671711808,1,0,0,146.67
1782671711808,2,0,0,144.21
1782671711808,3,92,11,146.69
1782671711808,4,0,0,147.24
1782671711808,5,98,11,145.26
1782671711808,6,0,0,68.92
1782671711808,7,0,0,71.96
1782671712034,0,0,0,144.51
1782671712034,1,0,0,141.16
1782671712034,2,0,0,137.93
1782671712034,3,0,0,142.46
1782671712034,4,0,0,140.49
1782671712034,5,0,0,138.35
1782671712034,6,0,0,68.93
1782671712034,7,0,0,71.96
1782671712259,0,0,0,135.34
1782671712259,1,0,0,135.21
1782671712259,2,0,0,131.88
1782671712259,3,0,0,133.19
1782671712259,4,0,0,134.30
1782671712259,5,0,0,131.91
1782671712259,6,0,0,68.88
1782671712259,7,0,0,71.98
1782671712499,0,0,0,128.62
1782671712499,1,0,0,129.14
1782671712499,2,0,0,121.87
1782671712499,3,0,0,126.99
1782671712499,4,0,0,127.14
1782671712499,5,0,0,125.44
1782671712499,6,0,0,68.92
1782671712499,7,0,0,72.00
1782671712722,0,0,0,122.46
1782671712722,1,0,0,119.34
1782671712722,2,0,0,115.65
1782671712722,3,0,0,119.20
1782671712722,4,0,0,119.95
1782671712722,5,0,0,118.21
1782671712722,6,0,0,68.86
1782671712722,7,0,0,72.01
1782671712945,0,0,0,122.52
1782671712945,1,0,0,119.31
1782671712945,2,0,0,115.58
1782671712945,3,0,0,119.35
1782671712945,4,0,0,119.97
1782671712945,5,0,0,118.10
1782671712945,6,0,0,68.91
1782671712945,7,0,0,72.03
1782671713166,0,0,0,122.52
1782671713166,1,0,0,119.32
1782671713166,2,0,0,115.60
1782671713166,3,0,0,119.38
1782671713166,4,0,0,119.95
1782671713166,5,0,0,118.08
1782671713166,6,0,0,68.82
1782671713166,7,0,0,72.03
1782671713389,0,0,0,122.52
1782671713389,1,0,0,119.32
1782671713389,2,0,0,115.64
1782671713389,3,0,0,119.37
1782671713389,4,0,0,119.97
1782671713389,5,0,0,118.08
1782671713389,6,0,0,68.92
1782671713389,7,0,0,72.04
1782671713611,0,0,0,122.51
1782671713611,1,0,0,119.34
1782671713611,2,0,0,115.61
1782671713611,3,0,0,119.37
1782671713611,4,0,0,119.92
1782671713611,5,0,0,118.01
1782671713611,6,0,0,68.83
1782671713611,7,0,0,72.03
1782671713833,0,0,0,122.50
1782671713833,1,0,0,119.35
1782671713833,2,0,0,115.62
1782671713833,3,0,0,119.34
1782671713833,4,0,0,119.94
1782671713833,5,0,0,118.07
1782671713833,6,0,0,68.94
1782671713833,7,0,0,72.03
1782671714054,0,0,0,122.47
1782671714054,1,0,0,119.35
1782671714054,2,0,0,115.64
1782671714054,3,0,0,119.34
1782671714054,4,0,0,119.92
1782671714054,5,0,0,118.06
1782671714054,6,0,0,68.90
1782671714054,7,0,0,72.03
1782671714275,0,0,0,122.50
1782671714275,1,0,0,119.36
1782671714275,2,0,0,115.67
1782671714275,3,0,0,119.34
1782671714275,4,0,0,119.94
1782671714275,5,0,0,118.01
1782671714275,6,0,0,68.95
1782671714275,7,0,0,72.02
1782671714496,0,0,0,122.49
1782671714496,1,0,0,119.37
1782671714496,2,0,0,115.64
1782671714496,3,0,0,119.36
1782671714496,4,0,0,119.93
1782671714496,5,0,0,118.06
1782671714496,6,0,0,68.88
1782671714496,7,0,0,72.00
1782671714715,0,0,0,122.50
1782671714715,1,0,0,119.36
1782671714715,2,0,0,115.64
1782671714715,3,0,0,119.37
1782671714715,4,0,0,119.93
1782671714715,5,0,0,118.05
1782671714715,6,0,0,68.94
1782671714715,7,0,0,72.00
1782671714955,0,0,0,122.47
1782671714955,1,0,0,119.36
1782671714955,2,0,0,115.65
1782671714955,3,0,0,119.35
1782671714955,4,0,0,119.92
1782671714955,5,0,0,118.04
1782671714955,6,0,0,68.93
1782671714955,7,0,0,71.99
1782671715177,0,0,0,122.47
1782671715177,1,0,0,119.35
1782671715177,2,0,0,115.61
1782671715177,3,0,0,119.38
1782671715177,4,0,0,119.90
1782671715177,5,0,0,118.05
1782671715177,6,0,0,68.84
1782671715177,7,0,0,71.98
1782671715399,0,0,0,122.44
1782671715399,1,0,0,119.34
1782671715399,2,0,0,115.62
1782671715399,3,0,0,119.35
1782671715399,4,0,0,119.90
1782671715399,5,0,0,118.00
1782671715399,6,0,0,68.89
1782671715399,7,0,0,71.97
1782671715619,0,0,0,122.43
1782671715619,1,0,0,119.36
1782671715619,2,0,0,115.62
1782671715619,3,0,0,119.36
1782671715619,4,0,0,119.90
1782671715619,5,0,0,118.04
1782671715619,6,0,0,68.82
1782671715619,7,0,0,71.98
1782671715842,0,0,0,122.43
1782671715842,1,0,0,119.36
1782671715842,2,0,0,115.62
1782671715842,3,0,0,119.34
1782671715842,4,0,0,119.92
1782671715842,5,0,0,118.00
1782671715842,6,0,0,68.88
1782671715842,7,0,0,71.97
1782671716063,0,0,0,122.48
1782671716063,1,0,0,119.37
1782671716063,2,0,0,115.61
1782671716063,3,0,0,119.34
1782671716063,4,0,0,119.89
1782671716063,5,0,0,117.97
1782671716063,6,0,0,68.79
1782671716063,7,0,0,71.97
1782671716285,0,0,0,122.51
1782671716285,1,0,0,119.37
1782671716285,2,0,0,115.60
1782671716285,3,0,0,119.33
1782671716285,4,0,0,119.95
1782671716285,5,0,0,118.00
1782671716285,6,0,0,68.86
1782671716285,7,0,0,71.96
1782671716506,0,0,0,122.51
1782671716506,1,0,0,119.36
1782671716506,2,0,0,115.59
1782671716506,3,0,0,119.34
1782671716506,4,0,0,119.96
1782671716506,5,0,0,118.02
1782671716506,6,0,0,68.79
1782671716506,7,0,0,71.97
1782671716745,0,0,0,122.53
1782671716745,1,0,0,119.35
1782671716745,2,0,0,115.60
1782671716745,3,0,0,119.34
1782671716745,4,0,0,119.99
1782671716745,5,0,0,118.06
1782671716745,6,0,0,68.86
1782671716745,7,0,0,71.99
1782671716967,0,0,0,122.51
1782671716967,1,0,0,119.32
1782671716967,2,0,0,115.60
1782671716967,3,0,0,119.32
1782671716967,4,0,0,120.02
1782671716967,5,0,0,118.07
1782671716967,6,0,0,68.84
1782671716967,7,0,0,71.99
1782671717188,0,0,0,122.50
1782671717188,1,0,0,119.33
1782671717188,2,0,0,115.60
1782671717188,3,0,0,119.35
1782671717188,4,0,0,120.04
1782671717188,5,0,0,118.03
1782671717188,6,0,0,68.87
1782671717188,7,0,0,71.99
1782671717410,0,0,0,122.50
1782671717410,1,0,0,119.34
1782671717410,2,0,0,115.65
1782671717410,3,0,0,119.35
1782671717410,4,0,0,120.06
1782671717410,5,0,0,118.06
1782671717410,6,0,0,68.84
1782671717410,7,0,0,71.98
1782671717631,0,0,0,122.50
1782671717631,1,0,0,119.35
1782671717631,2,0,0,115.64
1782671717631,3,0,0,119.35
1782671717631,4,0,0,120.04
1782671717631,5,0,0,118.08
1782671717631,6,0,0,68.88
1782671717631,7,0,0,72.00
1782671717853,0,0,0,122.51
1782671717853,1,0,0,119.36
1782671717853,2,0,0,115.64
1782671717853,3,0,0,119.36
1782671717853,4,0,0,120.07
1782671717853,5,0,0,118.07
1782671717853,6,0,0,68.89
1782671717853,7,0,0,71.98
1782671718074,0,0,0,122.54
1782671718074,1,0,0,119.37
1782671718074,2,0,0,115.62
1782671718074,3,0,0,119.36
1782671718074,4,0,0,120.03
1782671718074,5,0,0,118.10
1782671718074,6,0,0,68.83
1782671718074,7,0,0,71.98
1782671718296,0,0,0,122.57
1782671718296,1,0,0,119.35
1782671718296,2,0,0,115.64
1782671718296,3,0,0,119.36
1782671718296,4,0,0,120.05
1782671718296,5,0,0,118.04
1782671718296,6,0,0,68.91
1782671718296,7,0,0,71.98
1782671718517,0,0,0,122.57
1782671718517,1,0,0,119.37
1782671718517,2,0,0,115.64
1782671718517,3,0,0,119.33
1782671718517,4,0,0,120.03
1782671718517,5,0,0,118.10
1782671718517,6,0,0,68.84
1782671718517,7,0,0,71.97
1782671718738,0,0,0,122.61
1782671718738,1,0,0,119.39
1782671718738,2,0,0,115.64
1782671718738,3,0,0,119.33
1782671718738,4,0,0,120.02
1782671718738,5,0,0,118.10
1782671718738,6,0,0,68.91
1782671718738,7,0,0,72.00
1782671718961,0,0,0,122.59
1782671718961,1,0,0,119.39
1782671718961,2,0,0,115.67
1782671718961,3,0,0,119.33
1782671718961,4,0,0,119.99
1782671718961,5,0,0,118.06
1782671718961,6,0,0,68.82
1782671718961,7,0,0,72.02
1782671719181,0,0,0,122.57
1782671719181,1,0,0,119.43
1782671719181,2,0,0,115.68
1782671719181,3,0,0,119.33
1782671719181,4,0,0,119.99
1782671719181,5,0,0,118.10
1782671719181,6,0,0,68.92
1782671719181,7,0,0,72.04
1782671719403,0,0,0,122.58
1782671719403,1,0,0,119.40
1782671719403,2,0,0,115.67
1782671719403,3,0,0,119.34
1782671719403,4,0,0,119.97
1782671719403,5,0,0,118.07
1782671719403,6,0,0,68.82
1782671719403,7,0,0,72.02
1782671719625,0,0,0,122.57
1782671719625,1,0,0,119.41
1782671719625,2,0,0,115.69
1782671719625,3,0,0,119.37
1782671719625,4,0,0,119.95
1782671719625,5,0,0,118.10
1782671719625,6,0,0,68.92
1782671719625,7,0,0,72.01
1782671719844,0,0,0,122.62
1782671719844,1,0,0,119.41
1782671719844,2,0,0,115.70
1782671719844,3,0,0,119.37
1782671719844,4,0,0,119.98
1782671719844,5,0,0,118.06
1782671719844,6,0,0,68.88
1782671719844,7,0,0,72.00
1782671720101,0,0,0,122.64
1782671720101,1,0,0,119.42
1782671720101,2,0,0,115.70
1782671720101,3,0,0,119.38
1782671720101,4,0,0,119.97
1782671720101,5,0,0,118.04
1782671720101,6,0,0,68.88
1782671720101,7,0,0,72.00
1782671720325,0,0,0,122.67
1782671720325,1,0,0,119.43
1782671720325,2,0,0,115.68
1782671720325,3,0,0,119.38
1782671720325,4,0,0,119.97
1782671720325,5,0,0,118.08
1782671720325,6,0,0,68.86
1782671720325,7,0,0,72.02
1782671720549,0,0,0,122.68
1782671720549,1,0,0,119.42
1782671720549,2,0,0,115.70
1782671720549,3,0,0,119.42
1782671720549,4,0,0,119.95
1782671720549,5,0,0,118.07
1782671720549,6,0,0,68.82
1782671720549,7,0,0,72.01
1782671720773,0,0,0,122.64
1782671720773,1,0,0,119.43
1782671720773,2,0,0,115.71
1782671720773,3,0,0,119.43
1782671720773,4,0,0,119.97
1782671720773,5,0,0,118.06
1782671720773,6,0,0,68.90
1782671720773,7,0,0,72.02
1782671720997,0,0,0,122.60
1782671720997,1,0,0,119.43
1782671720997,2,0,0,115.69
1782671720997,3,0,0,119.44
1782671720997,4,0,0,119.97
1782671720997,5,0,0,118.07
1782671720997,6,0,0,68.79
1782671720997,7,0,0,72.01
1782671721220,0,0,0,122.58
1782671721220,1,0,0,119.42
1782671721220,2,0,0,115.70
1782671721220,3,0,0,119.43
1782671721220,4,0,0,119.99
1782671721220,5,0,0,118.05
1782671721220,6,0,0,68.90
1782671721220,7,0,0,72.00
1782671721441,0,0,0,122.57
1782671721441,1,0,0,119.42
1782671721441,2,0,0,115.73
1782671721441,3,0,0,119.42
1782671721441,4,0,0,119.99
1782671721441,5,0,0,118.07
1782671721441,6,0,0,68.83
1782671721441,7,0,0,71.99
1782671721660,0,0,0,122.57
1782671721660,1,0,0,119.43
1782671721660,2,0,0,115.70
1782671721660,3,0,0,119.41
1782671721660,4,0,0,120.02
1782671721660,5,0,0,118.10
1782671721660,6,0,0,68.90
1782671721660,7,0,0,71.98
1782671721881,0,0,0,122.58
1782671721881,1,0,0,119.44
1782671721881,2,0,0,115.69
1782671721881,3,0,0,119.39
1782671721881,4,0,0,120.02
1782671721881,5,0,0,118.07
1782671721881,6,0,0,68.86
1782671721881,7,0,0,71.98
1782671722102,0,0,0,122.63
1782671722102,1,0,0,119.44
1782671722102,2,0,0,115.67
1782671722102,3,0,0,119.41
1782671722102,4,0,0,120.04
1782671722102,5,0,0,118.09
1782671722102,6,0,0,68.91
1782671722102,7,0,0,71.99
1782671722321,0,0,0,122.63
1782671722321,1,0,0,119.43
1782671722321,2,0,0,115.66
1782671722321,3,0,0,119.42
1782671722321,4,0,0,120.07
1782671722321,5,0,0,118.07
1782671722321,6,0,0,68.85
1782671722321,7,0,0,71.97
1782671722542,0,0,0,122.62
1782671722542,1,0,0,119.46
1782671722542,2,0,0,115.66
1782671722542,3,0,0,119.41
1782671722542,4,0,0,120.05
1782671722542,5,0,0,118.09
1782671722542,6,0,0,68.84
1782671722542,7,0,0,71.98
1782671722762,0,0,0,122.60
1782671722762,1,0,0,119.44
1782671722762,2,0,0,115.65
1782671722762,3,0,0,119.41
1782671722762,4,0,0,120.06
1782671722762,5,0,0,118.11
1782671722762,6,0,0,68.86
1782671722762,7,0,0,71.97
1782671722983,0,0,0,122.58
1782671722983,1,0,0,119.44
1782671722983,2,0,0,115.65
1782671722983,3,0,0,119.41
1782671722983,4,0,0,120.04
1782671722983,5,0,0,118.08
1782671722983,6,0,0,68.84
1782671722983,7,0,0,72.00
1782671723204,0,0,0,122.58
1782671723204,1,0,0,119.43
1782671723204,2,0,0,115.67
1782671723204,3,0,0,119.41
1782671723204,4,0,0,120.03
1782671723204,5,0,0,118.16
1782671723204,6,0,0,68.86
1782671723204,7,0,0,71.98
1782671723424,0,0,0,122.58
1782671723424,1,0,0,119.46
1782671723424,2,0,0,115.65
1782671723424,3,0,0,119.41
1782671723424,4,0,0,120.06
1782671723424,5,0,0,118.14
1782671723424,6,0,0,68.83
1782671723424,7,0,0,71.95
1782671723648,0,0,0,122.63
1782671723648,1,0,0,119.44
1782671723648,2,0,0,115.65
1782671723648,3,0,0,119.43
1782671723648,4,0,0,120.06
1782671723648,5,0,0,118.10
1782671723648,6,0,0,68.89
1782671723648,7,0,0,71.98
1782671723870,0,0,0,122.63
1782671723870,1,0,0,119.47
1782671723870,2,0,0,115.67
1782671723870,3,0,0,119.44
1782671723870,4,0,0,120.06
1782671723870,5,0,0,118.14
1782671723870,6,0,0,68.81
1782671723870,7,0,0,71.97
1782671724095,0,0,0,122.68
1782671724095,1,0,0,119.47
1782671724095,2,0,0,115.68
1782671724095,3,0,0,119.44
1782671724095,4,0,0,120.09
1782671724095,5,0,0,118.12
1782671724095,6,0,0,68.89
1782671724095,7,0,0,71.98
1782671724318,0,0,0,122.69
1782671724318,1,0,0,119.46
1782671724318,2,0,0,115.69
1782671724318,3,0,0,119.43
1782671724318,4,0,0,120.10
1782671724318,5,0,0,118.18
1782671724318,6,0,0,68.81
1782671724318,7,0,0,72.01
1782671724538,0,0,0,122.70
1782671724538,1,0,0,119.50
1782671724538,2,0,0,115.72
1782671724538,3,0,0,119.41
1782671724538,4,0,0,120.08
1782671724538,5,0,0,118.14
1782671724538,6,0,0,68.90
1782671724538,7,0,0,72.02
1782671724758,0,0,0,122.73
1782671724758,1,0,0,119.50
1782671724758,2,0,0,115.72
1782671724758,3,0,0,119.43
1782671724758,4,0,0,120.08
1782671724758,5,0,0,118.12
1782671724758,6,0,0,68.83
1782671724758,7,0,0,72.01
1782671724977,0,0,0,122.71
1782671724977,1,0,0,119.50
1782671724977,2,0,0,115.71
1782671724977,3,0,0,119.43
1782671724977,4,0,0,120.07
1782671724977,5,0,0,118.17
1782671724977,6,0,0,68.90
1782671724977,7,0,0,72.01
1782671725229,0,0,0,122.71
1782671725229,1,0,0,119.52
1782671725229,2,0,0,115.72
1782671725229,3,0,0,119.45
1782671725229,4,0,0,120.07
1782671725229,5,0,0,118.17
1782671725229,6,0,0,68.89
1782671725229,7,0,0,72.03
1782671725465,0,0,0,122.71
1782671725465,1,0,0,119.54
1782671725465,2,0,0,115.75
1782671725465,3,0,0,119.50
1782671725465,4,0,0,120.05
1782671725465,5,0,0,118.13
1782671725465,6,0,0,68.85
1782671725465,7,0,0,72.02
1782671725706,0,0,0,122.72
1782671725706,1,0,0,119.52
1782671725706,2,0,0,115.73
1782671725706,3,0,0,119.51
1782671725706,4,0,0,120.04
1782671725706,5,0,0,118.19
1782671725706,6,0,0,68.93
1782671725706,7,0,0,72.02
1782671726109,0,0,0,122.78
1782671726109,1,0,0,119.51
1782671726109,2,0,0,115.77
1782671726109,3,0,0,119.52
1782671726109,4,0,0,120.03
1782671726109,5,0,0,118.14
1782671726109,6,0,0,68.90
1782671726109,7,0,0,72.02
1782671726494,0,0,0,122.79
1782671726494,1,0,0,119.51
1782671726494,2,0,0,115.76
1782671726494,3,0,0,119.50
1782671726494,4,0,0,120.02
1782671726494,5,0,0,118.20
1782671726494,6,0,0,68.91
1782671726494,7,0,0,72.02
1782671726714,0,0,0,122.79
1782671726714,1,0,0,119.52
1782671726714,2,0,0,115.75
1782671726714,3,0,0,119.52
1782671726714,4,0,0,120.01
1782671726714,5,0,0,118.18
1782671726714,6,0,0,68.91
1782671726714,7,0,0,72.02
1782671726937,0,0,0,122.80
1782671726937,1,0,0,119.51
1782671726937,2,0,0,115.77
1782671726937,3,0,0,119.49
1782671726937,4,0,0,119.99
1782671726937,5,0,0,118.10
1782671726937,6,0,0,68.90
1782671726937,7,0,0,72.01
1782671727160,0,0,0,122.76
1782671727160,1,0,0,119.47
1782671727160,2,0,0,115.78
1782671727160,3,0,0,119.49
1782671727160,4,0,0,120.00
1782671727160,5,0,0,118.14
1782671727160,6,0,0,68.84
1782671727160,7,0,0,72.00
1782671727384,0,0,0,122.75
1782671727384,1,0,0,119.49
1782671727384,2,0,0,115.75
1782671727384,3,0,0,119.50
1782671727384,4,0,0,120.01
1782671727384,5,0,0,118.11
1782671727384,6,0,0,68.93
1782671727384,7,0,0,72.00
1782671727606,0,0,0,122.74
1782671727606,1,0,0,119.48
1782671727606,2,0,0,115.79
1782671727606,3,0,0,119.50
1782671727606,4,0,0,120.03
1782671727606,5,0,0,118.15
1782671727606,6,0,0,68.83
1782671727606,7,0,0,72.00
1782671727831,0,0,0,122.71
1782671727831,1,0,0,119.46
1782671727831,2,0,0,115.79
1782671727831,3,0,0,119.51
1782671727831,4,0,0,120.06
1782671727831,5,0,0,118.16
1782671727831,6,0,0,68.91
1782671727831,7,0,0,71.99
1782671728055,0,0,0,122.73
1782671728055,1,0,0,119.48
1782671728055,2,0,0,115.77
1782671728055,3,0,0,119.50
1782671728055,4,0,0,120.10
1782671728055,5,0,0,118.13
1782671728055,6,0,0,68.85
1782671728055,7,0,0,71.97
1782671728278,0,0,0,122.71
1782671728278,1,0,0,119.47
1782671728278,2,0,0,115.76
1782671728278,3,0,0,119.50
1782671728278,4,0,0,120.11
1782671728278,5,0,0,118.17
1782671728278,6,0,0,68.90
1782671728278,7,0,0,71.99
1782671728502,0,0,0,122.70
1782671728502,1,0,0,119.47
1782671728502,2,0,0,115.76
1782671728502,3,0,0,119.49
1782671728502,4,0,0,120.12
1782671728502,5,0,0,118.13
1782671728502,6,0,0,68.82
1782671728502,7,0,0,71.97
1782671728726,0,0,0,122.71
1782671728726,1,0,0,119.41
1782671728726,2,0,0,115.75
1782671728726,3,0,0,119.46
1782671728726,4,0,0,120.11
1782671728726,5,0,0,118.15
1782671728726,6,0,0,68.88
1782671728726,7,0,0,71.96
1782671728951,0,0,0,122.71
1782671728951,1,0,0,119.44
1782671728951,2,0,0,115.73
1782671728951,3,0,0,119.48
1782671728951,4,0,0,120.10
1782671728951,5,0,0,118.13
1782671728951,6,0,0,68.90
1782671728951,7,0,0,71.98
1782671729292,0,0,0,122.96
1782671729292,1,0,0,119.47
1782671729292,2,0,0,115.89
1782671729292,3,0,0,119.67
1782671729292,4,0,0,120.47
1782671729292,5,0,0,118.12
1782671729292,6,0,0,68.93
1782671729292,7,0,0,71.97
1782671729694,0,0,0,123.82
1782671729694,1,0,0,120.28
1782671729694,2,0,0,117.25
1782671729694,3,0,0,120.48
1782671729694,4,0,0,121.33
1782671729694,5,0,0,118.87
1782671729694,6,0,0,68.84
1782671729694,7,0,0,72.00
1782671729934,0,0,0,125.56
1782671729934,1,0,0,122.06
1782671729934,2,0,0,119.01
1782671729934,3,0,0,122.17
1782671729934,4,0,0,123.09
1782671729934,5,0,0,120.61
1782671729934,6,0,0,68.85
1782671729934,7,0,0,72.02
1782671730551,0,0,0,127.16
1782671730551,1,0,0,123.90
1782671730551,2,0,0,120.29
1782671730551,3,0,0,123.65
1782671730551,4,0,0,124.43
1782671730551,5,0,0,122.31
1782671730551,6,0,0,68.88
1782671730551,7,0,0,72.06
1782671730770,0,0,0,127.16
1782671730770,1,0,0,123.90
1782671730770,2,0,0,120.30
1782671730770,3,0,0,123.67
1782671730770,4,0,0,124.46
1782671730770,5,0,0,122.36
1782671730770,6,0,0,68.94
1782671730770,7,0,0,72.05
1782671730992,0,0,0,127.17
1782671730992,1,0,0,123.90
1782671730992,2,0,0,120.32
1782671730992,3,0,0,123.68
1782671730992,4,0,0,124.44
1782671730992,5,0,0,122.33
1782671730992,6,0,0,68.88
1782671730992,7,0,0,72.07
1782671731213,0,0,0,127.18
1782671731213,1,0,0,123.92
1782671731213,2,0,0,120.30
1782671731213,3,0,0,123.69
1782671731213,4,0,0,124.44
1782671731213,5,0,0,122.38
1782671731213,6,0,0,68.95
1782671731213,7,0,0,72.03
1782671731434,0,0,0,127.18
1782671731434,1,0,0,123.93
1782671731434,2,0,0,120.30
1782671731434,3,0,0,123.69
1782671731434,4,0,0,124.42
1782671731434,5,0,0,122.39
1782671731434,6,0,0,68.96
1782671731434,7,0,0,72.05
1782671731656,0,0,0,127.19
1782671731656,1,0,0,123.94
1782671731656,2,0,0,120.31
1782671731656,3,0,0,123.69
1782671731656,4,0,0,124.42
1782671731656,5,0,0,122.35
1782671731656,6,0,0,68.91
1782671731656,7,0,0,72.03
1782671731933,0,0,0,127.22
1782671731933,1,0,0,123.93
1782671731933,2,0,0,120.34
1782671731933,3,0,0,123.72
1782671731933,4,0,0,124.43
1782671731933,5,0,0,122.40
1782671731933,6,0,0,68.96
1782671731933,7,0,0,72.04
1782671732161,0,0,0,127.24
1782671732161,1,0,0,123.94
1782671732161,2,0,0,120.34
1782671732161,3,0,0,123.72
1782671732161,4,0,0,124.43
1782671732161,5,0,0,122.41
1782671732161,6,0,0,68.89
1782671732161,7,0,0,72.03
1782671732414,0,0,0,127.25
1782671732414,1,0,0,123.95
1782671732414,2,0,0,120.36
1782671732414,3,0,0,123.73
1782671732414,4,0,0,124.47
1782671732414,5,0,0,122.44
1782671732414,6,0,0,68.86
1782671732414,7,0,0,72.01
1782671732747,0,0,0,127.24
1782671732747,1,0,0,123.94
1782671732747,2,0,0,120.38
1782671732747,3,0,0,123.74
1782671732747,4,0,0,124.49
1782671732747,5,0,0,122.33
1782671732747,6,0,0,68.97
1782671732747,7,0,0,71.99
1782671733036,0,0,0,127.23
1782671733036,1,0,0,123.94
1782671733036,2,0,0,120.37
1782671733036,3,0,0,123.73
1782671733036,4,0,0,124.48
1782671733036,5,0,0,122.42
1782671733036,6,0,0,68.89
1782671733036,7,0,0,71.98
1782671733279,0,0,0,127.21
1782671733279,1,0,0,123.90
1782671733279,2,0,0,120.39
1782671733279,3,0,0,123.71
1782671733279,4,0,0,124.46
1782671733279,5,0,0,122.43
1782671733279,6,0,0,68.91
1782671733279,7,0,0,72.00
1782671733645,0,0,0,127.25
1782671733645,1,0,0,123.92
1782671733645,2,0,0,120.37
1782671733645,3,0,0,123.70
1782671733645,4,0,0,124.44
1782671733645,5,0,0,122.39
1782671733645,6,0,0,68.91
1782671733645,7,0,0,71.99
1782671733866,0,0,0,127.28
1782671733866,1,0,0,123.92
1782671733866,2,0,0,120.37
1782671733866,3,0,0,123.70
1782671733866,4,0,0,124.45
1782671733866,5,0,0,122.38
1782671733866,6,0,0,68.87
1782671733866,7,0,0,71.99
1782671734088,0,0,0,127.27
1782671734088,1,0,0,123.91
1782671734088,2,0,0,120.38
1782671734088,3,0,0,123.70
1782671734088,4,0,0,124.47
1782671734088,5,0,0,122.43
1782671734088,6,0,0,68.89
1782671734088,7,0,0,72.00
1782671734310,0,0,0,127.25
1782671734310,1,0,0,123.94
1782671734310,2,0,0,120.38
1782671734310,3,0,0,123.72
1782671734310,4,0,0,124.48
1782671734310,5,0,0,122.41
1782671734310,6,0,0,68.84
1782671734310,7,0,0,71.98
1782671734530,0,0,0,127.24
1782671734530,1,0,0,123.94
1782671734530,2,0,0,120.37
1782671734530,3,0,0,123.71
1782671734530,4,0,0,124.50
1782671734530,5,0,0,122.44
1782671734530,6,0,0,68.82
1782671734530,7,0,0,71.96
1782671734750,0,0,0,127.19
1782671734750,1,0,0,123.92
1782671734750,2,0,0,120.35
1782671734750,3,0,0,123.72
1782671734750,4,0,0,124.50
1782671734750,5,0,0,122.41
1782671734750,6,0,0,68.88
1782671734750,7,0,0,71.96
1782671734971,0,0,0,127.19
1782671734971,1,0,0,123.93
1782671734971,2,0,0,120.33
1782671734971,3,0,0,123.67
1782671734971,4,0,0,124.52
1782671734971,5,0,0,122.39
1782671734971,6,0,0,68.84
1782671734971,7,0,0,71.97
1782671735193,0,0,0,127.19
1782671735193,1,0,0,123.94
1782671735193,2,0,0,120.33
1782671735193,3,0,0,123.65
1782671735193,4,0,0,124.51
1782671735193,5,0,0,122.45
1782671735193,6,0,0,68.87
1782671735193,7,0,0,71.96
1782671735414,0,0,0,127.20
1782671735414,1,0,0,123.80
1782671735414,2,0,0,120.31
1782671735414,3,0,0,123.63
1782671735414,4,0,0,124.52
1782671735414,5,0,0,122.44
1782671735414,6,0,0,68.85
1782671735414,7,0,0,71.97
1782671735639,0,0,0,127.23
1782671735639,1,0,0,123.48
1782671735639,2,0,0,120.31
1782671735639,3,0,0,123.66
1782671735639,4,0,0,124.53
1782671735639,5,0,0,122.41
1782671735639,6,0,0,68.93
1782671735639,7,0,0,71.97
1782671735877,0,0,0,127.26
1782671735877,1,0,0,123.22
1782671735877,2,0,0,120.33
1782671735877,3,0,0,123.67
1782671735877,4,0,0,124.55
1782671735877,5,0,0,122.48
1782671735877,6,0,0,68.84
1782671735877,7,0,0,71.99
1782671736101,0,0,0,127.25
1782671736101,1,0,0,122.95
1782671736101,2,0,0,120.34
1782671736101,3,0,0,123.70
1782671736101,4,0,0,124.55
1782671736101,5,0,0,122.43
1782671736101,6,0,0,68.93
1782671736101,7,0,0,71.99
1782671736326,0,0,0,127.26
1782671736326,1,0,0,122.68
1782671736326,2,0,0,120.36
1782671736326,3,0,0,123.71
1782671736326,4,0,0,124.57
1782671736326,5,0,0,122.50
1782671736326,6,0,0,68.88
1782671736326,7,0,0,71.99
1782671736549,0,0,0,127.24
1782671736549,1,0,0,122.76
1782671736549,2,0,0,120.38
1782671736549,3,0,0,123.71
1782671736549,4,0,0,124.55
1782671736549,5,0,0,122.46
1782671736549,6,0,0,68.91
1782671736549,7,0,0,72.00
1782671736773,0,0,0,127.21
1782671736773,1,0,0,122.91
1782671736773,2,0,0,120.39
1782671736773,3,0,0,123.72
1782671736773,4,0,0,124.55
1782671736773,5,0,0,122.42
1782671736773,6,0,0,68.87
1782671736773,7,0,0,72.00
1782671736995,0,0,0,127.25
1782671736995,1,0,0,123.04
1782671736995,2,0,0,120.39
1782671736995,3,0,0,123.74
1782671736995,4,0,0,124.55
1782671736995,5,0,0,122.46
1782671736995,6,0,0,68.91
1782671736995,7,0,0,72.01
1782671737216,0,0,0,127.25
1782671737216,1,0,0,123.13
1782671737216,2,0,0,120.38
1782671737216,3,0,0,123.74
1782671737216,4,0,0,124.55
1782671737216,5,0,0,122.46
1782671737216,6,0,0,68.86
1782671737216,7,0,0,72.02
1782671737438,0,0,0,127.27
1782671737438,1,0,0,123.15
1782671737438,2,0,0,120.39
1782671737438,3,0,0,123.73
1782671737438,4,0,0,124.52
1782671737438,5,0,0,122.43
1782671737438,6,0,0,68.86
1782671737438,7,0,0,72.03
1782671737661,0,0,0,127.32
1782671737661,1,0,0,123.18
1782671737661,2,0,0,120.39
1782671737661,3,0,0,123.74
1782671737661,4,0,0,124.55
1782671737661,5,0,0,122.49
1782671737661,6,0,0,68.91
1782671737661,7,0,0,72.03
1782671737883,0,0,0,127.36
1782671737883,1,0,0,123.17
1782671737883,2,0,0,120.39
1782671737883,3,0,0,123.73
1782671737883,4,0,0,124.52
1782671737883,5,0,0,122.43
1782671737883,6,0,0,68.87
1782671737883,7,0,0,72.04
1782671738106,0,0,0,127.34
1782671738106,1,0,0,123.17
1782671738106,2,0,0,120.40
1782671738106,3,0,0,123.75
1782671738106,4,0,0,124.51
1782671738106,5,0,0,122.47
1782671738106,6,0,0,68.92
1782671738106,7,0,0,72.01
1782671738329,0,0,0,127.33
1782671738329,1,0,0,123.16
1782671738329,2,0,0,120.41
1782671738329,3,0,0,123.76
1782671738329,4,0,0,124.52
1782671738329,5,0,0,122.46
1782671738329,6,0,0,68.88
1782671738329,7,0,0,72.01
1782671738550,0,0,0,127.32
1782671738550,1,0,0,123.07
1782671738550,2,0,0,120.41
1782671738550,3,0,0,123.77
1782671738550,4,0,0,124.52
1782671738550,5,0,0,122.39
1782671738550,6,0,0,68.97
1782671738550,7,0,0,72.00
1782671738771,0,0,0,127.29
1782671738771,1,0,0,122.92
1782671738771,2,0,0,120.40
1782671738771,3,0,0,123.80
1782671738771,4,0,0,124.50
1782671738771,5,0,0,122.45
1782671738771,6,0,0,68.88
1782671738771,7,0,0,71.99
1782671738992,0,0,0,127.31
1782671738992,1,0,0,122.72
1782671738992,2,0,0,120.42
1782671738992,3,0,0,123.79
1782671738992,4,0,0,124.55
1782671738992,5,0,0,122.46
1782671738992,6,0,0,68.90
1782671738992,7,0,0,72.01
1782671739312,0,0,0,127.32
1782671739312,1,0,0,122.60
1782671739312,2,0,0,120.43
1782671739312,3,0,0,123.81
1782671739312,4,0,0,124.54
1782671739312,5,0,0,122.43
1782671739312,6,0,0,68.90
1782671739312,7,0,0,72.00
1782671739534,0,0,0,127.35
1782671739534,1,0,0,122.48
1782671739534,2,0,0,120.41
1782671739534,3,0,0,123.82
1782671739534,4,0,0,124.54
1782671739534,5,0,0,122.49
1782671739534,6,0,0,68.84
1782671739534,7,0,0,71.99
1782671739754,0,0,0,127.35
1782671739754,1,0,0,122.46
1782671739754,2,0,0,120.44
1782671739754,3,0,0,123.82
1782671739754,4,0,0,124.56
1782671739754,5,0,0,122.48
1782671739754,6,0,0,68.89
1782671739754,7,0,0,71.97
1782671740103,0,0,0,127.34
1782671740103,1,0,0,122.45
1782671740103,2,0,0,120.43
1782671740103,3,0,0,123.83
1782671740103,4,0,0,124.54
1782671740103,5,0,0,122.43
1782671740103,6,0,0,68.87
1782671740103,7,0,0,71.95
1782671740324,0,0,0,127.31
1782671740324,1,0,0,122.44
1782671740324,2,0,0,120.43
1782671740324,3,0,0,123.85
1782671740324,4,0,0,124.54
1782671740324,5,0,0,122.50
1782671740324,6,0,0,68.82
1782671740324,7,0,0,71.94
1782671740544,0,0,0,127.31
1782671740544,1,0,0,122.45
1782671740544,2,0,0,120.46
1782671740544,3,0,0,123.83
1782671740544,4,0,0,124.54
1782671740544,5,0,0,122.45
1782671740544,6,0,0,68.91
1782671740544,7,0,0,71.97
1782671740765,0,0,0,127.31
1782671740765,1,0,0,122.48
1782671740765,2,0,0,120.44
1782671740765,3,0,0,123.82
1782671740765,4,0,0,124.55
1782671740765,5,0,0,122.42
1782671740765,6,0,0,68.83
1782671740765,7,0,0,71.99
1782671741039,0,0,0,127.32
1782671741039,1,0,0,122.48
1782671741039,2,0,0,120.44
1782671741039,3,0,0,123.79
1782671741039,4,0,0,124.58
1782671741039,5,0,0,122.47
1782671741039,6,0,0,68.89
1782671741039,7,0,0,71.97
1782671741307,0,0,0,127.34
1782671741307,1,0,0,122.51
1782671741307,2,0,0,120.43
1782671741307,3,0,0,123.77
1782671741307,4,0,0,124.61
1782671741307,5,0,0,122.47
1782671741307,6,0,0,68.89
1782671741307,7,0,0,72.00
1782671741549,0,0,0,127.37
1782671741549,1,0,0,122.53
1782671741549,2,0,0,120.42
1782671741549,3,0,0,123.78
1782671741549,4,0,0,124.62
1782671741549,5,0,0,122.48
1782671741549,6,0,0,68.83
1782671741549,7,0,0,71.97
1782671741770,0,0,0,127.36
1782671741770,1,0,0,122.50
1782671741770,2,0,0,120.43
1782671741770,3,0,0,123.74
1782671741770,4,0,0,124.63
1782671741770,5,0,0,122.52
1782671741770,6,0,0,68.87
1782671741770,7,0,0,71.99
1782671742024,0,0,0,127.35
1782671742024,1,0,0,122.50
1782671742024,2,0,0,120.41
1782671742024,3,0,0,123.77
1782671742024,4,0,0,124.62
1782671742024,5,0,0,122.55
1782671742024,6,0,0,68.83
1782671742024,7,0,0,72.01
1782671742314,0,0,0,127.37
1782671742314,1,0,0,122.51
1782671742314,2,0,0,120.43
1782671742314,3,0,0,123.79
1782671742314,4,0,0,124.60
1782671742314,5,0,0,122.51
1782671742314,6,0,0,68.91
1782671742314,7,0,0,72.00
1782671742538,0,0,0,127.35
1782671742538,1,0,0,122.50
1782671742538,2,0,0,120.41
1782671742538,3,0,0,123.77
1782671742538,4,0,0,124.60
1782671742538,5,0,0,122.49
1782671742538,6,0,0,68.87
1782671742538,7,0,0,72.00
1782671742762,0,0,0,127.36
1782671742762,1,0,0,122.50
1782671742762,2,0,0,120.39
1782671742762,3,0,0,123.81
1782671742762,4,0,0,124.59
1782671742762,5,0,0,122.53
1782671742762,6,0,0,68.85
1782671742762,7,0,0,71.98
1782671742987,0,0,0,127.39
1782671742987,1,0,0,122.49
1782671742987,2,0,0,120.42
1782671742987,3,0,0,123.80
1782671742987,4,0,0,124.61
1782671742987,5,0,0,122.48
1782671742987,6,0,0,68.84
1782671742987,7,0,0,72.00
1782671743210,0,0,0,127.39
1782671743210,1,0,0,122.52
1782671743210,2,0,0,120.42
1782671743210,3,0,0,123.80
1782671743210,4,0,0,124.61
1782671743210,5,0,0,122.48
1782671743210,6,0,0,68.82
1782671743210,7,0,0,72.01
1782671743456,0,0,0,127.42
1782671743456,1,0,0,122.52
1782671743456,2,0,0,120.41
1782671743456,3,0,0,123.81
1782671743456,4,0,0,124.61
1782671743456,5,0,0,122.50
1782671743456,6,0,0,68.91
1782671743456,7,0,0,72.00
1782671743679,0,0,0,127.43
1782671743679,1,0,0,122.54
1782671743679,2,0,0,120.43
1782671743679,3,0,0,123.81
1782671743679,4,0,0,124.63
1782671743679,5,0,0,122.46
1782671743679,6,0,0,68.82
1782671743679,7,0,0,72.03
1782671743903,0,0,0,127.46
1782671743903,1,0,0,122.55
1782671743903,2,0,0,120.49
1782671743903,3,0,0,123.82
1782671743903,4,0,0,124.62
1782671743903,5,0,0,122.50
1782671743903,6,0,0,68.91
1782671743903,7,0,0,72.01
1782671744126,0,0,0,127.45
1782671744126,1,0,0,122.54
1782671744126,2,0,0,120.49
1782671744126,3,0,0,123.79
1782671744126,4,0,0,124.59
1782671744126,5,0,0,122.47
1782671744126,6,0,0,68.83
1782671744126,7,0,0,72.05
1782671744348,0,0,0,127.44
1782671744348,1,0,0,122.54
1782671744348,2,0,0,120.49
1782671744348,3,0,0,123.82
1782671744348,4,0,0,124.59
1782671744348,5,0,0,122.47
1782671744348,6,0,0,68.90
1782671744348,7,0,0,72.02
1782671744577,0,0,0,127.42
1782671744577,1,0,0,122.67
1782671744577,2,0,0,120.52
1782671744577,3,0,0,123.81
1782671744577,4,0,0,124.57
1782671744577,5,0,0,122.49
1782671744577,6,0,0,68.83
1782671744577,7,0,0,72.03
1782671744844,0,0,0,127.41
1782671744844,1,0,0,122.86
1782671744844,2,0,0,120.51
1782671744844,3,0,0,123.80
1782671744844,4,0,0,124.56
1782671744844,5,0,0,122.52
1782671744844,6,0,0,68.83
1782671744844,7,0,0,72.03
1782671745121,0,0,0,127.41
1782671745121,1,0,0,123.05
1782671745121,2,0,0,120.51
1782671745121,3,0,0,123.82
1782671745121,4,0,0,124.57
1782671745121,5,0,0,122.50
1782671745121,6,0,0,68.93
1782671745121,7,0,0,72.01
1782671745345,0,0,0,127.42
1782671745345,1,0,0,123.09
1782671745345,2,0,0,120.56
1782671745345,3,0,0,123.85
1782671745345,4,0,0,124.59
1782671745345,5,0,0,122.47
1782671745345,6,0,0,68.94
1782671745345,7,0,0,72.00
1782671745749,0,0,0,127.42
1782671745749,1,0,0,122.93
1782671745749,2,0,0,120.52
1782671745749,3,0,0,123.85
1782671745749,4,0,0,124.57
1782671745749,5,0,0,122.56
1782671745749,6,0,0,68.85
1782671745749,7,0,0,72.00
1782671745973,0,0,0,127.43
1782671745973,1,0,0,122.80
1782671745973,2,0,0,120.50
1782671745973,3,0,0,123.86
1782671745973,4,0,0,124.60
1782671745973,5,0,0,122.53
1782671745973,6,0,0,68.97
1782671745973,7,0,0,71.98
1782671746237,0,0,0,127.42
1782671746237,1,0,0,122.60
1782671746237,2,0,0,120.51
1782671746237,3,0,0,123.86
1782671746237,4,0,0,124.63
1782671746237,5,0,0,122.48
1782671746237,6,0,0,68.88
1782671746237,7,0,0,71.97
1782671746461,0,0,0,127.42
1782671746461,1,0,0,122.48
1782671746461,2,0,0,120.48
1782671746461,3,0,0,123.85
1782671746461,4,0,0,124.63
1782671746461,5,0,0,122.52
1782671746461,6,0,0,68.90
1782671746461,7,0,0,71.96
1782671746683,0,0,0,127.41
1782671746683,1,0,0,122.51
1782671746683,2,0,0,120.46
1782671746683,3,0,0,123.84
1782671746683,4,0,0,124.63
1782671746683,5,0,0,122.50
1782671746683,6,0,0,68.85
1782671746683,7,0,0,71.96
1782671746905,0,0,0,127.42
1782671746905,1,0,0,122.53
1782671746905,2,0,0,120.48
1782671746905,3,0,0,123.83
1782671746905,4,0,0,124.64
1782671746905,5,0,0,122.53
1782671746905,6,0,0,68.86
1782671746905,7,0,0,71.94
1782671747128,0,0,0,127.43
1782671747128,1,0,0,122.54
1782671747128,2,0,0,120.48
1782671747128,3,0,0,123.82
1782671747128,4,0,0,124.66
1782671747128,5,0,0,122.53
1782671747128,6,0,0,68.87
1782671747128,7,0,0,71.94
1782671747351,0,0,0,127.43
1782671747351,1,0,0,122.54
1782671747351,2,0,0,120.44
1782671747351,3,0,0,123.84
1782671747351,4,0,0,124.65
1782671747351,5,0,0,122.50
1782671747351,6,0,0,68.78
1782671747351,7,0,0,71.96
1782671747572,0,0,0,127.43
1782671747572,1,0,0,122.54
1782671747572,2,0,0,120.47
1782671747572,3,0,0,123.81
1782671747572,4,0,0,124.67
1782671747572,5,0,0,122.56
1782671747572,6,0,0,68.88
1782671747572,7,0,0,71.96
1782671747794,0,0,0,127.44
1782671747794,1,0,0,122.54
1782671747794,2,0,0,120.47
1782671747794,3,0,0,123.81
1782671747794,4,0,0,124.65
1782671747794,5,0,0,122.53
1782671747794,6,0,0,68.83
1782671747794,7,0,0,71.98
1782671748047,0,0,0,127.43
1782671748047,1,0,0,122.52
1782671748047,2,0,0,120.49
1782671748047,3,0,0,123.83
1782671748047,4,0,0,124.64
1782671748047,5,0,0,122.49
1782671748047,6,0,0,68.91
1782671748047,7,0,0,72.01
1782671748309,0,0,0,127.46
1782671748309,1,0,0,122.54
1782671748309,2,0,0,120.51
1782671748309,3,0,0,123.82
1782671748309,4,0,0,124.65
1782671748309,5,0,0,122.53
1782671748309,6,0,0,68.86
1782671748309,7,0,0,72.01
1782671748529,0,0,0,127.45
1782671748529,1,0,0,122.56
1782671748529,2,0,0,120.51
1782671748529,3,0,0,123.84
1782671748529,4,0,0,124.65
1782671748529,5,0,0,122.53
1782671748529,6,0,0,68.87
1782671748529,7,0,0,72.04
1782671748820,0,0,0,127.46
1782671748820,1,0,0,122.58
1782671748820,2,0,0,120.55
1782671748820,3,0,0,123.84
1782671748820,4,0,0,124.67
1782671748820,5,0,0,122.55
1782671748820,6,0,0,68.94
1782671748820,7,0,0,72.04
1782671749076,0,0,0,127.45
1782671749076,1,0,0,122.58
1782671749076,2,0,0,120.55
1782671749076,3,0,0,123.85
1782671749076,4,0,0,124.66
1782671749076,5,0,0,122.56
1782671749076,6,0,0,68.84
1782671749076,7,0,0,72.03
1782671749297,0,0,0,127.49
1782671749297,1,0,0,122.58
1782671749297,2,0,0,120.55
1782671749297,3,0,0,123.86
1782671749297,4,0,0,124.68
1782671749297,5,0,0,122.56
1782671749297,6,0,0,68.93
1782671749297,7,0,0,72.01
1782671749518,0,0,0,127.48
1782671749518,1,0,0,122.65
1782671749518,2,0,0,120.56
1782671749518,3,0,0,123.85
1782671749518,4,0,0,124.69
1782671749518,5,0,0,122.53
1782671749518,6,0,0,68.84
1782671749518,7,0,0,72.02
1782671749739,0,0,0,127.51
1782671749739,1,0,0,122.81
1782671749739,2,0,0,120.54
1782671749739,3,0,0,123.88
1782671749739,4,0,0,124.68
1782671749739,5,0,0,122.57
1782671749739,6,0,0,68.91
1782671749739,7,0,0,72.00
1782671749993,0,0,0,127.50
1782671749993,1,0,0,122.93
1782671749993,2,0,0,120.53
1782671749993,3,0,0,123.87
1782671749993,4,0,0,124.68
1782671749993,5,0,0,122.56
1782671749993,6,0,0,68.87
1782671749993,7,0,0,72.02
1782671750215,0,0,0,127.50
1782671750215,1,0,0,123.08
1782671750215,2,0,0,120.55
1782671750215,3,0,0,123.90
1782671750215,4,0,0,124.67
1782671750215,5,0,0,122.56
1782671750215,6,0,0,68.93
1782671750215,7,0,0,72.02
1782671750435,0,0,0,127.50
1782671750435,1,0,0,123.26
1782671750435,2,0,0,120.52
1782671750435,3,0,0,123.89
1782671750435,4,0,0,124.66
1782671750435,5,0,0,122.54
1782671750435,6,0,0,68.94
1782671750435,7,0,0,72.03
1782671750688,0,0,0,127.51
1782671750688,1,0,0,123.24
1782671750688,2,0,0,120.54
1782671750688,3,0,0,123.90
1782671750688,4,0,0,124.63
1782671750688,5,0,0,122.50
1782671750688,6,0,0,68.86
1782671750688,7,0,0,72.04
1782671750910,0,0,0,127.48
1782671750910,1,0,0,123.24
1782671750910,2,0,0,120.56
1782671750910,3,0,0,123.89
1782671750910,4,0,0,124.64
1782671750910,5,0,0,122.56
1782671750910,6,0,0,68.93
1782671750910,7,0,0,72.03
1782671751130,0,0,0,127.51
1782671751130,1,0,0,123.24
1782671751130,2,0,0,120.55
1782671751130,3,0,0,123.90
1782671751130,4,0,0,124.61
1782671751130,5,0,0,122.53
1782671751130,6,0,0,68.86
1782671751130,7,0,0,72.04
1782671751383,0,0,0,127.50
1782671751383,1,0,0,123.24
1782671751383,2,0,0,120.55
1782671751383,3,0,0,123.89
1782671751383,4,0,0,124.62
1782671751383,5,0,0,122.49
1782671751383,6,0,0,68.94
1782671751383,7,0,0,72.01
1782671751604,0,0,0,127.51
1782671751604,1,0,0,123.24
1782671751604,2,0,0,120.57
1782671751604,3,0,0,123.89
1782671751604,4,0,0,124.63
1782671751604,5,0,0,122.57
1782671751604,6,0,0,68.85
1782671751604,7,0,0,72.02
1782671751825,0,0,0,127.52
1782671751825,1,0,0,123.23
1782671751825,2,0,0,120.58
1782671751825,3,0,0,123.89
1782671751825,4,0,0,124.65
1782671751825,5,0,0,122.52
1782671751825,6,0,0,68.93
1782671751825,7,0,0,72.02
1782671752046,0,0,0,127.52
1782671752046,1,0,0,123.23
1782671752046,2,0,0,120.58
1782671752046,3,0,0,123.89
1782671752046,4,0,0,124.66
1782671752046,5,0,0,122.51
1782671752046,6,0,0,68.89
1782671752046,7,0,0,72.01
1782671752266,0,0,0,127.50
1782671752266,1,0,0,123.23
1782671752266,2,0,0,120.57
1782671752266,3,0,0,123.89
1782671752266,4,0,0,124.68
1782671752266,5,0,0,122.55
1782671752266,6,0,0,68.86
1782671752266,7,0,0,72.00
1782671752488,0,0,0,127.49
1782671752488,1,0,0,123.24
1782671752488,2,0,0,120.57
1782671752488,3,0,0,123.89
1782671752488,4,0,0,124.68
1782671752488,5,0,0,122.49
1782671752488,6,0,0,68.88
1782671752488,7,0,0,72.00
1782671752710,0,0,0,127.48
1782671752710,1,0,0,123.25
1782671752710,2,0,0,120.55
1782671752710,3,0,0,123.89
1782671752710,4,0,0,124.67
1782671752710,5,0,0,122.57
1782671752710,6,0,0,68.89
1782671752710,7,0,0,71.99
1782671752931,0,0,0,127.49
1782671752931,1,0,0,123.26
1782671752931,2,0,0,120.52
1782671752931,3,0,0,123.87
1782671752931,4,0,0,124.68
1782671752931,5,0,0,122.53
1782671752931,6,0,0,68.93
1782671752931,7,0,0,71.97
1782671753153,0,0,0,127.51
1782671753153,1,0,0,123.24
1782671753153,2,0,0,120.51
1782671753153,3,0,0,123.88
1782671753153,4,0,0,124.68
1782671753153,5,0,0,122.50
1782671753153,6,0,0,68.84
1782671753153,7,0,0,71.99
1782671753374,0,0,0,127.54
1782671753374,1,0,0,123.19
1782671753374,2,0,0,120.52
1782671753374,3,0,0,123.86
1782671753374,4,0,0,124.72
1782671753374,5,0,0,122.54
1782671753374,6,0,0,68.92
1782671753374,7,0,0,71.97
1782671753595,0,0,0,127.54
1782671753595,1,0,0,123.07
1782671753595,2,0,0,120.52
1782671753595,3,0,0,123.85
1782671753595,4,0,0,124.72
1782671753595,5,0,0,122.49
1782671753595,6,0,0,68.84
1782671753595,7,0,0,71.97
1782671753819,0,0,0,127.56
1782671753819,1,0,0,122.91
1782671753819,2,0,0,120.55
1782671753819,3,0,0,123.84
1782671753819,4,0,0,124.74
1782671753819,5,0,0,122.54
1782671753819,6,0,0,68.90
1782671753819,7,0,0,71.99
1782671754043,0,0,0,127.57
1782671754043,1,0,0,122.77
1782671754043,2,0,0,120.54
1782671754043,3,0,0,123.83
1782671754043,4,0,0,124.74
1782671754043,5,0,0,122.55
1782671754043,6,0,0,68.83
1782671754043,7,0,0,72.00
1782671754266,0,0,0,127.56
1782671754266,1,0,0,122.64
1782671754266,2,0,0,120.57
1782671754266,3,0,0,123.90
1782671754266,4,0,0,124.75
1782671754266,5,0,0,122.52
1782671754266,6,0,0,68.94
1782671754266,7,0,0,72.00
1782671754490,0,0,0,127.56
1782671754490,1,0,0,122.64
1782671754490,2,0,0,120.56
1782671754490,3,0,0,123.89
1782671754490,4,0,0,124.74
1782671754490,5,0,0,122.56
1782671754490,6,0,0,68.86
1782671754490,7,0,0,72.00
1782671754714,0,0,0,127.53
1782671754714,1,0,0,122.75
1782671754714,2,0,0,120.53
1782671754714,3,0,0,123.92
1782671754714,4,0,0,124.76
1782671754714,5,0,0,122.54
1782671754714,6,0,0,68.93
1782671754714,7,0,0,72.02
1782671754939,0,0,0,127.52
1782671754939,1,0,0,122.96
1782671754939,2,0,0,120.55
1782671754939,3,0,0,123.92
1782671754939,4,0,0,124.77
1782671754939,5,0,0,122.55
1782671754939,6,0,0,68.91
1782671754939,7,0,0,71.99
1782671755161,0,0,0,127.52
1782671755161,1,0,0,123.11
1782671755161,2,0,0,120.56
1782671755161,3,0,0,123.92
1782671755161,4,0,0,124.77
1782671755161,5,0,0,122.57
1782671755161,6,0,0,68.87
1782671755161,7,0,0,72.00
1782671755382,0,0,0,127.52
1782671755382,1,0,0,123.23
1782671755382,2,0,0,120.52
1782671755382,3,0,0,123.91
1782671755382,4,0,0,124.79
1782671755382,5,0,0,122.55
1782671755382,6,0,0,68.86
1782671755382,7,0,0,71.98
1782671755603,0,0,0,127.54
1782671755603,1,0,0,123.31
1782671755603,2,0,0,120.52
1782671755603,3,0,0,123.90
1782671755603,4,0,0,124.77
1782671755603,5,0,0,122.60
1782671755603,6,0,0,68.85
1782671755603,7,0,0,71.99
1782671755826,0,0,0,127.56
1782671755826,1,0,0,123.16
1782671755826,2,0,0,120.55
1782671755826,3,0,0,123.92
1782671755826,4,0,0,124.75
1782671755826,5,0,0,122.57
1782671755826,6,0,0,68.85
1782671755826,7,0,0,71.99
1782671756048,0,0,0,127.57
1782671756048,1,0,0,123.03
1782671756048,2,0,0,120.55
1782671756048,3,0,0,123.90
1782671756048,4,0,0,124.73
1782671756048,5,0,0,122.58
1782671756048,6,0,0,68.81
1782671756048,7,0,0,72.00
1782671756272,0,0,0,127.58
1782671756272,1,0,0,122.89
1782671756272,2,0,0,120.58
1782671756272,3,0,0,123.90
1782671756272,4,0,0,124.72
1782671756272,5,0,0,122.59
1782671756272,6,0,0,68.94
1782671756272,7,0,0,72.02
1782671756493,0,0,0,127.58
1782671756493,1,0,0,122.77
1782671756493,2,0,0,120.63
1782671756493,3,0,0,123.92
1782671756493,4,0,0,124.70
1782671756493,5,0,0,122.54
1782671756493,6,0,0,68.85
1782671756493,7,0,0,72.01
1782671756732,0,0,0,127.56
1782671756732,1,0,0,122.64
1782671756732,2,0,0,120.64
1782671756732,3,0,0,123.91
1782671756732,4,0,0,124.73
1782671756732,5,0,0,122.59
1782671756732,6,0,0,68.94
1782671756732,7,0,0,72.04
1782671756955,0,0,0,127.55
1782671756955,1,0,0,122.64
1782671756955,2,0,0,120.64
1782671756955,3,0,0,123.93
1782671756955,4,0,0,124.71
1782671756955,5,0,0,122.59
1782671756955,6,0,0,68.88
1782671756955,7,0,0,72.01
1782671757177,0,0,0,127.56
1782671757177,1,0,0,122.65
1782671757177,2,0,0,120.66
1782671757177,3,0,0,123.94
1782671757177,4,0,0,124.73
1782671757177,5,0,0,122.56
1782671757177,6,0,0,68.96
1782671757177,7,0,0,72.01
1782671757407,0,0,0,127.59
1782671757407,1,0,0,122.65
1782671757407,2,0,0,120.66
1782671757407,3,0,0,123.95
1782671757407,4,0,0,124.70
1782671757407,5,0,0,122.56
1782671757407,6,0,0,68.88
1782671757407,7,0,0,72.00
1782671757630,0,0,0,127.62
1782671757630,1,0,0,122.64
1782671757630,2,0,0,120.64
1782671757630,3,0,0,123.94
1782671757630,4,0,0,124.71
1782671757630,5,0,0,122.52
1782671757630,6,0,0,68.88
1782671757630,7,0,0,71.99
1782671757851,0,0,0,127.61
1782671757851,1,0,0,122.61
1782671757851,2,0,0,120.63
1782671757851,3,0,0,123.93
1782671757851,4,0,0,124.71
1782671757851,5,0,0,122.60
1782671757851,6,0,0,68.92
1782671757851,7,0,0,71.96
1782671758074,0,0,0,127.62
1782671758074,1,0,0,122.61
1782671758074,2,0,0,120.64
1782671758074,3,0,0,123.94
1782671758074,4,0,0,124.73
1782671758074,5,0,0,122.60
1782671758074,6,0,0,68.87
1782671758074,7,0,0,71.96
1782671758325,0,0,0,127.60
1782671758325,1,0,0,122.59
1782671758325,2,0,0,120.64
1782671758325,3,0,0,123.94
1782671758325,4,0,0,124.76
1782671758325,5,0,0,122.58
1782671758325,6,0,0,68.87
1782671758325,7,0,0,71.97
1782671758549,0,0,0,127.53
1782671758549,1,0,0,122.60
1782671758549,2,0,0,120.62
1782671758549,3,0,0,123.93
1782671758549,4,0,0,124.76
1782671758549,5,0,0,122.65
1782671758549,6,0,0,68.81
1782671758549,7,0,0,71.99
1782671758772,0,0,0,127.51
1782671758772,1,0,0,122.59
1782671758772,2,0,0,120.63
1782671758772,3,0,0,123.92
1782671758772,4,0,0,124.75
1782671758772,5,0,0,122.62
1782671758772,6,0,0,68.91
1782671758772,7,0,0,71.98
1782671758994,0,0,0,127.49
1782671758994,1,0,0,122.60
1782671758994,2,0,0,120.62
1782671758994,3,0,0,123.91
1782671758994,4,0,0,124.77
1782671758994,5,0,0,122.62
1782671758994,6,0,0,68.83
1782671758994,7,0,0,71.99
1782671759217,0,0,0,127.51
1782671759217,1,0,0,122.62
1782671759217,2,0,0,120.60
1782671759217,3,0,0,123.91
1782671759217,4,0,0,124.77
1782671759217,5,0,0,122.59
1782671759217,6,0,0,68.92
1782671759217,7,0,0,71.97
1782671759439,0,0,0,127.51
1782671759439,1,0,0,122.60
1782671759439,2,0,0,120.60
1782671759439,3,0,0,123.89
1782671759439,4,0,0,124.76
1782671759439,5,0,0,122.55
1782671759439,6,0,0,68.87
1782671759439,7,0,0,71.95
1782671759662,0,0,0,127.56
1782671759662,1,0,0,122.61
1782671759662,2,0,0,120.60
1782671759662,3,0,0,123.90
1782671759662,4,0,0,124.78
1782671759662,5,0,0,122.60
1782671759662,6,0,0,68.88
1782671759662,7,0,0,71.96
1782671759886,0,0,0,127.59
1782671759886,1,0,0,122.63
1782671759886,2,0,0,120.60
1782671759886,3,0,0,123.90
1782671759886,4,0,0,124.77
1782671759886,5,0,0,122.57
1782671759886,6,0,0,68.85
1782671759886,7,0,0,71.96
1782671760109,0,0,0,127.62
1782671760109,1,0,0,122.62
1782671760109,2,0,0,120.59
1782671760109,3,0,0,123.92
1782671760109,4,0,0,124.77
1782671760109,5,0,0,122.59
1782671760109,6,0,0,68.91
1782671760109,7,0,0,71.98
1782671760331,0,0,0,127.64
1782671760331,1,0,0,122.63
1782671760331,2,0,0,120.59
1782671760331,3,0,0,123.90
1782671760331,4,0,0,124.73
1782671760331,5,0,0,122.59
1782671760331,6,0,0,68.89
1782671760331,7,0,0,72.00
1782671760553,0,0,0,127.61
1782671760553,1,0,0,122.65
1782671760553,2,0,0,120.63
1782671760553,3,0,0,123.93
1782671760553,4,0,0,124.76
1782671760553,5,0,0,122.58
1782671760553,6,0,0,68.85
1782671760553,7,0,0,72.02
1782671760791,0,0,0,127.61
1782671760791,1,0,0,122.67
1782671760791,2,0,0,120.64
1782671760791,3,0,0,123.96
1782671760791,4,0,0,124.75
1782671760791,5,0,0,122.63
1782671760791,6,0,0,68.90
1782671760791,7,0,0,72.01
1782671761025,0,0,0,127.59
1782671761025,1,0,0,122.67
1782671761025,2,0,0,120.63
1782671761025,3,0,0,123.93
1782671761025,4,0,0,124.75
1782671761025,5,0,0,122.63
1782671761025,6,0,0,68.84
1782671761025,7,0,0,72.02
1782671761246,0,0,0,127.58
1782671761246,1,0,0,122.68
1782671761246,2,0,0,120.64
1782671761246,3,0,0,123.95
1782671761246,4,0,0,124.76
1782671761246,5,0,0,122.61
1782671761246,6,0,0,68.93
1782671761246,7,0,0,72.02
1782671761467,0,0,0,127.59
1782671761467,1,0,0,122.69
1782671761467,2,0,0,120.63
1782671761467,3,0,0,123.96
1782671761467,4,0,0,124.75
1782671761467,5,0,0,122.65
1782671761467,6,0,0,68.84
1782671761467,7,0,0,72.01
1782671761718,0,0,0,127.58
1782671761718,1,0,0,122.68
1782671761718,2,0,0,120.63
1782671761718,3,0,0,123.96
1782671761718,4,0,0,124.75
1782671761718,5,0,0,122.64
1782671761718,6,0,0,68.88
1782671761718,7,0,0,72.02
1782671762002,0,0,0,127.63
1782671762002,1,0,0,122.66
1782671762002,2,0,0,120.65
1782671762002,3,0,0,123.98
1782671762002,4,0,0,124.73
1782671762002,5,0,0,122.59
1782671762002,6,0,0,68.89
1782671762002,7,0,0,72.03
1782671762233,0,0,0,127.68
1782671762233,1,0,0,122.65
1782671762233,2,0,0,120.67
1782671762233,3,0,0,123.98
1782671762233,4,0,0,124.73
1782671762233,5,0,0,122.65
1782671762233,6,0,0,68.83
1782671762233,7,0,0,72.01
1782671762484,0,0,0,127.66
1782671762484,1,0,0,122.66
1782671762484,2,0,0,120.64
1782671762484,3,0,0,123.96
1782671762484,4,0,0,124.73
1782671762484,5,0,0,122.65
1782671762484,6,0,0,68.92
1782671762484,7,0,0,72.02
1782671762706,0,0,0,127.66
1782671762706,1,0,0,122.66
1782671762706,2,0,0,120.65
1782671762706,3,0,0,123.96
1782671762706,4,0,0,124.73
1782671762706,5,0,0,122.64
1782671762706,6,0,0,68.80
1782671762706,7,0,0,71.99
1782671762927,0,0,0,127.64
1782671762927,1,0,0,122.64
1782671762927,2,0,0,120.66
1782671762927,3,0,0,123.96
1782671762927,4,0,0,124.72
1782671762927,5,0,0,122.63
1782671762927,6,0,0,68.88
1782671762927,7,0,0,72.00
1782671763149,0,0,0,127.62
1782671763149,1,0,0,122.64
1782671763149,2,0,0,120.65
1782671763149,3,0,0,123.95
1782671763149,4,0,0,124.71
1782671763149,5,0,0,122.61
1782671763149,6,0,0,68.83
1782671763149,7,0,0,71.99
1782671763370,0,0,0,127.62
1782671763370,1,0,0,122.64
1782671763370,2,0,0,120.67
1782671763370,3,0,0,123.95
1782671763370,4,0,0,124.73
1782671763370,5,0,0,122.62
1782671763370,6,0,0,68.91
1782671763370,7,0,0,71.99
1782671763621,0,0,0,127.64
1782671763621,1,0,0,122.64
1782671763621,2,0,0,120.70
1782671763621,3,0,0,123.97
1782671763621,4,0,0,124.75
1782671763621,5,0,0,122.61
1782671763621,6,0,0,68.84
1782671763621,7,0,0,72.02
1782671763845,0,0,0,127.64
1782671763845,1,0,0,122.65
1782671763845,2,0,0,120.68
1782671763845,3,0,0,123.97
1782671763845,4,0,0,124.76
1782671763845,5,0,0,122.60
1782671763845,6,0,0,68.86
1782671763845,7,0,0,71.99
1782671764069,0,0,0,127.63
1782671764069,1,0,0,122.65
1782671764069,2,0,0,120.68
1782671764069,3,0,0,123.96
1782671764069,4,0,0,124.79
1782671764069,5,0,0,122.65
1782671764069,6,0,0,68.93
1782671764069,7,0,0,71.98
1782671764292,0,0,0,127.64
1782671764292,1,0,0,122.65
1782671764292,2,0,0,120.68
1782671764292,3,0,0,123.98
1782671764292,4,0,0,124.79
1782671764292,5,0,0,122.63
1782671764292,6,0,0,68.86
1782671764292,7,0,0,71.96
1782671764516,0,0,0,127.59
1782671764516,1,0,0,122.64
1782671764516,2,0,0,120.69
1782671764516,3,0,0,123.95
1782671764516,4,0,0,124.79
1782671764516,5,0,0,122.62
1782671764516,6,0,0,68.89
1782671764516,7,0,0,71.94
1782671764741,0,0,0,127.60
1782671764741,1,0,0,122.63
1782671764741,2,0,0,120.69
1782671764741,3,0,0,123.95
1782671764741,4,0,0,124.79
1782671764741,5,0,0,122.65
1782671764741,6,0,0,68.81
1782671764741,7,0,0,71.92
1782671764966,0,0,0,127.61
1782671764966,1,0,0,122.64
1782671764966,2,0,0,120.70
1782671764966,3,0,0,123.96
1782671764966,4,0,0,124.78
1782671764966,5,0,0,122.62
1782671764966,6,0,0,68.88
1782671764966,7,0,0,71.93
1782671765190,0,0,0,127.61
1782671765190,1,0,0,122.65
1782671765190,2,0,0,120.73
1782671765190,3,0,0,123.95
1782671765190,4,0,0,124.79
1782671765190,5,0,0,122.66
1782671765190,6,0,0,68.76
1782671765190,7,0,0,71.93
1782671765413,0,0,0,127.65
1782671765413,1,0,0,122.65
1782671765413,2,0,0,120.71
1782671765413,3,0,0,123.96
1782671765413,4,0,0,124.80
1782671765413,5,0,0,122.63
1782671765413,6,0,0,68.86
1782671765413,7,0,0,71.95
1782671765637,0,0,0,127.65
1782671765637,1,0,0,122.67
1782671765637,2,0,0,120.71
1782671765637,3,0,0,123.94
1782671765637,4,0,0,124.80
1782671765637,5,0,0,122.60
1782671765637,6,0,0,68.81
1782671765637,7,0,0,71.99
1782671765977,0,0,0,127.68
1782671765977,1,0,0,122.67
1782671765977,2,0,0,120.68
1782671765977,3,0,0,123.95
1782671765977,4,0,0,124.79
1782671765977,5,0,0,122.63
1782671765977,6,0,0,68.76
1782671765977,7,0,0,72.00
1782671766202,0,0,0,127.70
1782671766202,1,0,0,122.65
1782671766202,2,0,0,120.66
1782671766202,3,0,0,123.97
1782671766202,4,0,0,124.79
1782671766202,5,0,0,122.64
1782671766202,6,0,0,68.85
1782671766202,7,0,0,72.01
1782671766449,0,0,0,127.69
1782671766449,1,0,0,122.69
1782671766449,2,0,0,120.67
1782671766449,3,0,0,123.96
1782671766449,4,0,0,124.79
1782671766449,5,0,0,122.65
1782671766449,6,0,0,80.53
1782671766449,7,0,0,72.00
1782671766668,0,0,0,127.67
1782671766668,1,0,0,122.70
1782671766668,2,0,0,120.69
1782671766668,3,0,0,123.96
1782671766668,4,0,0,124.81
1782671766668,5,0,0,122.66
1782671766668,6,0,0,89.64
1782671766668,7,0,0,71.99
1782671766887,0,0,0,127.65
1782671766887,1,0,0,122.69
1782671766887,2,0,0,120.71
1782671766887,3,0,0,123.96
1782671766887,4,0,0,124.80
1782671766887,5,0,0,122.64
1782671766887,6,1,0,99.42
1782671766887,7,0,0,71.97
1782671767128,0,0,0,127.63
1782671767128,1,0,0,122.71
1782671767128,2,0,0,120.71
1782671767128,3,0,0,123.98
1782671767128,4,0,0,124.84
1782671767128,5,0,0,122.66
1782671767128,6,0,0,112.43
1782671767128,7,0,0,71.97
1782671767423,0,0,0,127.66
1782671767423,1,0,0,122.71
1782671767423,2,0,0,120.70
1782671767423,3,0,0,123.99
1782671767423,4,0,0,124.85
1782671767423,5,0,0,122.70
1782671767423,6,9,1,116.03
1782671767423,7,0,0,71.98
1782671767641,0,0,0,127.69
1782671767641,1,0,0,122.69
1782671767641,2,0,0,120.72
1782671767641,3,0,0,123.97
1782671767641,4,0,0,124.83
1782671767641,5,0,0,122.66
1782671767641,6,19,0,116.45
1782671767641,7,0,0,74.01
1782671767871,0,0,0,127.70
1782671767871,1,0,0,122.67
1782671767871,2,0,0,120.69
1782671767871,3,0,0,123.96
1782671767871,4,0,0,124.85
1782671767871,5,0,0,122.62
1782671767871,6,20,0,116.59
1782671767871,7,1,0,83.18
1782671768089,0,0,0,127.74
1782671768089,1,0,0,122.69
1782671768089,2,0,0,120.69
1782671768089,3,0,0,123.94
1782671768089,4,0,0,124.84
1782671768089,5,0,0,122.67
1782671768089,6,20,0,116.69
1782671768089,7,0,0,92.32
1782671768304,0,0,0,127.74
1782671768304,1,0,0,122.69
1782671768304,2,0,0,120.69
1782671768304,3,0,0,123.97
1782671768304,4,0,0,124.80
1782671768304,5,0,0,122.64
1782671768304,6,9,0,116.78
1782671768304,7,0,0,102.22
1782671768519,0,0,0,127.71
1782671768519,1,0,0,122.67
1782671768519,2,0,0,120.69
1782671768519,3,0,0,123.96
1782671768519,4,0,0,124.80
1782671768519,5,0,0,122.72
1782671768519,6,20,0,115.90
1782671768519,7,0,0,116.25
1782671768734,0,0,0,127.70
1782671768734,1,0,0,122.70
1782671768734,2,0,0,120.69
1782671768734,3,0,0,123.97
1782671768734,4,0,0,124.79
1782671768734,5,0,0,122.67
1782671768734,6,19,0,115.96
1782671768734,7,15,2,119.61
1782671768955,0,0,0,127.70
1782671768955,1,0,0,122.70
1782671768955,2,0,0,120.71
1782671768955,3,0,0,123.99
1782671768955,4,0,0,124.76
1782671768955,5,0,0,122.61
1782671768955,6,20,0,115.94
1782671768955,7,8,1,120.09
1782671769172,0,0,0,127.68
1782671769172,1,0,0,122.69
1782671769172,2,0,0,120.72
1782671769172,3,0,0,123.98
1782671769172,4,0,0,124.77
1782671769172,5,0,0,122.69
1782671769172,6,18,0,115.89
1782671769172,7,24,0,120.32
1782671769390,0,0,0,127.72
1782671769390,1,0,0,122.69
1782671769390,2,0,0,120.73
1782671769390,3,0,0,123.99
1782671769390,4,0,0,124.77
1782671769390,5,0,0,122.61
1782671769390,6,22,0,115.91
1782671769390,7,24,0,120.42
1782671769608,0,0,0,127.68
1782671769608,1,0,0,122.67
1782671769608,2,0,0,120.71
1782671769608,3,0,0,124.01
1782671769608,4,0,0,124.80
1782671769608,5,0,0,122.68
1782671769608,6,23,0,115.93
1782671769608,7,25,0,120.62
1782671769825,0,0,0,127.68
1782671769825,1,0,0,122.66
1782671769825,2,0,0,120.72
1782671769825,3,0,0,124.00
1782671769825,4,0,0,124.85
1782671769825,5,0,0,122.64
1782671769825,6,21,0,115.90
1782671769825,7,9,0,119.77
1782671770042,0,0,0,127.67
1782671770042,1,0,0,122.64
1782671770042,2,0,0,120.70
1782671770042,3,0,0,124.00
1782671770042,4,0,0,124.84
1782671770042,5,0,0,122.58
1782671770042,6,23,0,115.85
1782671770042,7,25,0,119.71
1782671770260,0,0,0,127.68
1782671770260,1,0,0,122.64
1782671770260,2,0,0,120.68
1782671770260,3,0,0,124.00
1782671770260,4,0,0,124.84
1782671770260,5,0,0,122.63
1782671770260,6,23,0,116.03
1782671770260,7,24,0,119.70
1782671770477,0,0,0,127.66
1782671770477,1,0,0,122.65
1782671770477,2,0,0,120.70
1782671770477,3,0,0,123.97
1782671770477,4,0,0,124.85
1782671770477,5,0,0,122.60
1782671770477,6,22,0,115.96
1782671770477,7,24,0,119.61
1782671770694,0,0,0,127.68
1782671770694,1,0,0,122.65
1782671770694,2,0,0,120.74
1782671770694,3,0,0,123.98
1782671770694,4,0,0,124.84
1782671770694,5,0,0,122.66
1782671770694,6,13,0,116.02
1782671770694,7,15,0,119.69
1782671770911,0,0,0,127.68
1782671770911,1,0,0,122.65
1782671770911,2,0,0,120.72
1782671770911,3,0,0,123.95
1782671770911,4,0,0,124.82
1782671770911,5,0,0,122.63
1782671770911,6,0,0,115.76
1782671770911,7,21,0,119.67
1782671771129,0,0,0,127.65
1782671771129,1,0,0,122.68
1782671771129,2,0,0,120.72
1782671771129,3,0,0,123.96
1782671771129,4,0,0,124.84
1782671771129,5,0,0,122.65
1782671771129,6,0,0,115.73
1782671771129,7,22,0,119.62
1782671771346,0,0,0,127.65
1782671771346,1,0,0,122.83
1782671771346,2,0,0,120.75
1782671771346,3,0,0,123.95
1782671771346,4,0,0,124.83
1782671771346,5,0,0,122.67
1782671771346,6,0,0,115.40
1782671771346,7,20,0,119.61
1782671771562,0,0,0,127.68
1782671771562,1,0,0,122.96
1782671771562,2,0,0,120.73
1782671771562,3,0,0,123.97
1782671771562,4,0,0,124.83
1782671771562,5,0,0,122.62
1782671771562,6,0,0,115.33
1782671771562,7,21,0,119.68
1782671771778,0,0,0,127.68
1782671771778,1,0,0,123.08
1782671771778,2,0,0,120.70
1782671771778,3,0,0,123.97
1782671771778,4,0,0,124.85
1782671771778,5,0,0,122.68
1782671771778,6,0,0,115.17
1782671771778,7,22,0,119.67
1782671771994,0,0,0,127.69
1782671771994,1,0,0,123.07
1782671771994,2,0,0,120.72
1782671771994,3,0,0,123.97
1782671771994,4,0,0,124.86
1782671771994,5,0,0,122.65
1782671771994,6,0,0,115.26
1782671771994,7,9,0,119.47
1782671772242,0,0,0,127.73
1782671772242,1,0,0,123.01
1782671772242,2,0,0,120.96
1782671772242,3,0,0,123.97
1782671772242,4,0,0,124.87
1782671772242,5,0,0,122.61
1782671772242,6,0,0,115.21
1782671772242,7,0,0,119.35
1782671772469,0,0,0,127.72
1782671772469,1,0,0,122.87
1782671772469,2,0,0,121.14
1782671772469,3,0,0,123.95
1782671772469,4,0,0,124.88
1782671772469,5,0,0,122.65
1782671772469,6,0,0,115.20
1782671772469,7,0,0,119.17
1782671772686,0,0,0,127.72
1782671772686,1,0,0,122.78
1782671772686,2,0,0,121.29
1782671772686,3,0,0,123.95
1782671772686,4,0,0,124.88
1782671772686,5,0,0,122.62
1782671772686,6,0,0,115.19
1782671772686,7,0,0,118.98
1782671772903,0,0,0,127.73
1782671772903,1,0,0,122.72
1782671772903,2,0,0,121.54
1782671772903,3,0,0,123.95
1782671772903,4,0,0,124.88
1782671772903,5,0,0,122.69
1782671772903,6,0,0,115.18
1782671772903,7,0,0,118.83
1782671773119,0,0,0,127.72
1782671773119,1,0,0,122.72
1782671773119,2,0,0,121.59
1782671773119,3,0,0,123.94
1782671773119,4,0,0,124.85
1782671773119,5,0,0,122.68
1782671773119,6,0,0,115.17
1782671773119,7,0,0,118.83
1782671773334,0,0,0,127.69
1782671773334,1,0,0,122.82
1782671773334,2,0,0,121.57
1782671773334,3,0,0,123.94
1782671773334,4,0,0,124.86
1782671773334,5,0,0,122.68
1782671773334,6,0,0,115.19
1782671773334,7,0,0,118.80
1782671773547,0,0,0,127.71
1782671773547,1,0,0,122.94
1782671773547,2,0,0,121.56
1782671773547,3,0,0,123.96
1782671773547,4,0,0,124.87
1782671773547,5,0,0,122.66
1782671773547,6,0,0,115.24
1782671773547,7,0,0,118.82
1782671773760,0,0,0,127.70
1782671773760,1,0,0,123.06
1782671773760,2,0,0,121.58
1782671773760,3,0,0,123.96
1782671773760,4,0,0,124.88
1782671773760,5,0,0,122.61
1782671773760,6,0,0,115.19
1782671773760,7,0,0,118.79
1782671773973,0,0,0,127.73
1782671773973,1,0,0,123.21
1782671773973,2,0,0,121.59
1782671773973,3,0,0,123.97
1782671773973,4,0,0,124.88
1782671773973,5,0,0,122.67
1782671773973,6,0,0,115.28
1782671773973,7,0,0,118.82
1782671774186,0,0,0,127.74
1782671774186,1,0,0,123.33
1782671774186,2,0,0,121.58
1782671774186,3,0,0,123.99
1782671774186,4,0,0,124.88
1782671774186,5,0,0,122.65
1782671774186,6,0,0,115.22
1782671774186,7,0,0,118.79
1782671774399,0,0,0,127.78
1782671774399,1,0,0,123.36
1782671774399,2,0,0,121.61
1782671774399,3,0,0,123.99
1782671774399,4,0,0,124.87
1782671774399,5,0,0,122.69
1782671774399,6,0,0,115.31
1782671774399,7,0,0,118.82
1782671774614,0,0,0,127.77
1782671774614,1,0,0,123.38
1782671774614,2,0,0,121.63
1782671774614,3,0,0,123.97
1782671774614,4,0,0,124.86
1782671774614,5,0,0,122.67
1782671774614,6,0,0,115.26
1782671774614,7,0,0,118.83
1782671774826,0,0,0,127.79
1782671774826,1,0,0,123.38
1782671774826,2,0,0,121.61
1782671774826,3,0,0,123.96
1782671774826,4,0,0,124.83
1782671774826,5,0,0,122.67
1782671774826,6,0,0,115.31
1782671774826,7,0,0,118.82
1782671775041,0,0,0,127.79
1782671775041,1,0,0,123.40
1782671775041,2,0,0,121.62
1782671775041,3,0,0,124.00
1782671775041,4,0,0,124.82
1782671775041,5,0,0,122.65
1782671775041,6,0,0,115.26
1782671775041,7,0,0,118.83
1782671775254,0,0,0,127.80
1782671775254,1,0,0,123.41
1782671775254,2,0,0,121.65
1782671775254,3,0,0,123.97
1782671775254,4,0,0,124.81
1782671775254,5,0,0,122.64
1782671775254,6,0,0,115.35
1782671775254,7,0,0,118.83
1782671775467,0,0,0,127.78
1782671775467,1,0,0,123.39
1782671775467,2,0,0,121.66
1782671775467,3,0,0,124.00
1782671775467,4,0,0,124.84
1782671775467,5,0,0,122.70
1782671775467,6,0,0,115.25
1782671775467,7,0,0,118.85
1782671775680,0,0,0,127.77
1782671775680,1,0,0,123.38
1782671775680,2,0,0,121.65
1782671775680,3,0,0,124.01
1782671775680,4,0,0,124.82
1782671775680,5,0,0,122.66
1782671775680,6,0,0,115.37
1782671775680,7,0,0,118.85
1782671775897,0,0,0,127.76
1782671775897,1,0,0,123.29
1782671775897,2,0,0,121.64
1782671775897,3,0,0,123.99
1782671775897,4,0,0,124.83
1782671775897,5,0,0,122.69
1782671775897,6,0,0,115.27
1782671775897,7,0,0,118.86
1782671776112,0,0,0,127.73
1782671776112,1,0,0,123.14
1782671776112,2,0,0,121.65
1782671776112,3,0,0,123.98
1782671776112,4,0,0,124.85
1782671776112,5,0,0,122.64
1782671776112,6,0,0,115.38
1782671776112,7,0,0,118.86
1782671776325,0,0,0,127.76
1782671776325,1,0,0,122.99
1782671776325,2,0,0,121.61
1782671776325,3,0,0,123.98
1782671776325,4,0,0,124.84
1782671776325,5,0,0,122.62
1782671776325,6,0,0,115.28
1782671776325,7,0,0,118.86
1782671776542,0,0,0,127.74
1782671776542,1,0,0,122.77
1782671776542,2,0,0,121.60
1782671776542,3,0,0,123.98
1782671776542,4,0,0,124.83
1782671776542,5,0,0,122.68
1782671776542,6,0,0,115.34
1782671776542,7,0,0,118.88
1782671776768,0,0,0,127.77
1782671776768,1,0,0,122.67
1782671776768,2,0,0,121.61
1782671776768,3,0,0,123.98
1782671776768,4,0,0,124.82
1782671776768,5,0,0,122.64
1782671776768,6,0,0,115.30
1782671776768,7,0,0,118.86
1782671776983,0,0,0,127.76
1782671776983,1,0,0,122.67
1782671776983,2,0,0,121.64
1782671776983,3,0,0,123.97
1782671776983,4,0,0,124.83
1782671776983,5,0,0,122.64
1782671776983,6,0,0,115.40
1782671776983,7,0,0,118.85
1782671777199,0,0,0,127.75
1782671777199,1,0,0,122.68
1782671777199,2,0,0,121.63
1782671777199,3,0,0,123.98
1782671777199,4,0,0,124.84
1782671777199,5,0,0,122.62
1782671777199,6,0,0,115.32
1782671777199,7,0,0,118.88
1782671777451,0,0,0,127.74
1782671777451,1,0,0,122.71
1782671777451,2,0,0,121.63
1782671777451,3,0,0,123.99
1782671777451,4,0,0,124.86
1782671777451,5,0,0,122.63
1782671777451,6,0,0,118.86
1782671777451,7,0,0,118.87
1782671777667,0,0,0,127.72
1782671777667,1,0,0,122.71
1782671777667,2,0,0,121.65
1782671777667,3,0,0,123.96
1782671777667,4,0,0,124.89
1782671777667,5,0,0,122.68
1782671777667,6,9,8,130.19
1782671777667,7,0,0,118.89
1782671777883,0,0,0,127.72
1782671777883,1,0,0,122.70
1782671777883,2,0,0,121.64
1782671777883,3,0,0,123.98
1782671777883,4,0,0,124.90
1782671777883,5,0,0,122.66
1782671777883,6,0,0,129.87
1782671777883,7,0,0,118.90
1782671778099,0,0,0,127.72
1782671778099,1,0,0,122.71
1782671778099,2,0,0,121.64
1782671778099,3,0,0,123.97
1782671778099,4,0,0,124.90
1782671778099,5,0,0,122.68
1782671778099,6,40,33,142.42
1782671778099,7,0,0,118.92
1782671778316,0,0,0,127.77
1782671778316,1,0,0,122.71
1782671778316,2,0,0,121.63
1782671778316,3,0,0,123.94
1782671778316,4,0,0,124.91
1782671778316,5,0,0,122.66
1782671778316,6,0,0,139.54
1782671778316,7,0,0,118.91
1782671778533,0,0,0,127.78
1782671778533,1,0,0,122.72
1782671778533,2,0,0,121.61
1782671778533,3,0,0,123.96
1782671778533,4,0,0,124.91
1782671778533,5,0,0,122.66
1782671778533,6,0,0,139.23
1782671778533,7,0,0,118.91
1782671778748,0,0,0,127.81
1782671778748,1,0,0,122.86
1782671778748,2,0,0,121.61
1782671778748,3,0,0,123.97
1782671778748,4,0,0,124.90
1782671778748,5,0,0,122.70
1782671778748,6,12,10,136.31
1782671778748,7,0,0,118.93
1782671778963,0,0,0,127.81
1782671778963,1,0,0,122.92
1782671778963,2,0,0,121.60
1782671778963,3,0,0,123.99
1782671778963,4,0,0,124.87
1782671778963,5,0,0,122.70
1782671778963,6,0,0,136.40
1782671778963,7,0,0,118.92
1782671779177,0,0,0,127.81
1782671779177,1,0,0,122.92
1782671779177,2,0,0,121.59
1782671779177,3,0,0,123.99
1782671779177,4,0,0,124.87
1782671779177,5,0,0,122.73
1782671779177,6,0,0,123.75
1782671779177,7,0,0,119.23
1782671779392,0,0,0,127.76
1782671779392,1,0,0,122.93
1782671779392,2,0,0,121.60
1782671779392,3,0,0,123.99
1782671779392,4,0,0,124.85
1782671779392,5,0,0,122.71
1782671779392,6,0,0,123.82
1782671779392,7,0,0,119.26
1782671779606,0,0,0,127.74
1782671779606,1,0,0,122.93
1782671779606,2,0,0,121.58
1782671779606,3,0,0,123.98
1782671779606,4,0,0,124.86
1782671779606,5,0,0,122.70
1782671779606,6,0,0,123.71
1782671779606,7,0,0,119.27
1782671779820,0,0,0,127.76
1782671779820,1,0,0,122.79
1782671779820,2,0,0,121.58
1782671779820,3,0,0,124.00
1782671779820,4,0,0,124.86
1782671779820,5,0,0,122.69
1782671779820,6,0,0,115.50
1782671779820,7,0,0,119.31
1782671780035,0,0,0,127.74
1782671780035,1,0,0,122.91
1782671780035,2,0,0,121.60
1782671780035,3,0,0,124.00
1782671780035,4,0,0,124.86
1782671780035,5,0,0,122.64
1782671780035,6,0,0,115.41
1782671780035,7,0,0,119.35
1782671780250,0,0,0,127.74
1782671780250,1,0,0,123.04
1782671780250,2,0,0,121.62
1782671780250,3,0,0,123.99
1782671780250,4,0,0,124.86
1782671780250,5,0,0,122.70
1782671780250,6,0,0,115.47
1782671780250,7,0,0,119.01
1782671780465,0,0,0,127.75
1782671780465,1,0,0,123.16
1782671780465,2,0,0,121.62
1782671780465,3,0,0,124.02
1782671780465,4,0,0,124.88
1782671780465,5,0,0,122.66
1782671780465,6,0,0,136.75
1782671780465,7,0,0,121.44
1782671780696,0,0,0,127.80
1782671780696,1,0,0,123.30
1782671780696,2,0,0,121.64
1782671780696,3,0,0,124.01
1782671780696,4,0,0,124.89
1782671780696,5,0,0,122.66
1782671780696,6,0,0,170.96
1782671780696,7,20,20,175.20
1782671780911,0,0,0,127.79
1782671780911,1,0,0,123.40
1782671780911,2,0,0,121.66
1782671780911,3,0,0,124.01
1782671780911,4,0,0,124.89
1782671780911,5,0,0,122.66
1782671780911,6,0,0,171.16
1782671780911,7,24,17,174.48
1782671781126,0,0,0,127.80
1782671781126,1,0,0,123.37
1782671781126,2,0,0,121.65
1782671781126,3,0,0,124.04
1782671781126,4,0,0,124.88
1782671781126,5,0,0,122.63
1782671781126,6,0,0,171.47
1782671781126,7,0,0,175.99
1782671781341,0,0,0,127.81
1782671781341,1,0,0,123.39
1782671781341,2,0,0,121.65
1782671781341,3,0,0,124.04
1782671781341,4,0,0,124.87
1782671781341,5,0,0,122.65
1782671781341,6,0,0,172.95
1782671781341,7,0,0,176.24
1782671781556,0,0,0,127.83
1782671781556,1,0,0,123.43
1782671781556,2,0,0,121.67
1782671781556,3,0,0,124.01
1782671781556,4,0,0,124.86
1782671781556,5,0,0,122.67
1782671781556,6,0,0,119.73
1782671781556,7,0,0,142.03
1782671781769,0,0,0,127.82
1782671781769,1,0,0,123.36
1782671781769,2,0,0,121.67
1782671781769,3,0,0,124.01
1782671781769,4,0,0,124.86
1782671781769,5,0,0,122.68
1782671781769,6,0,0,144.46
1782671781769,7,0,0,120.37
1782671782000,0,0,0,127.82
1782671782000,1,0,0,123.22
1782671782000,2,0,0,121.65
1782671782000,3,0,0,124.00
1782671782000,4,0,0,124.84
1782671782000,5,0,0,122.64
1782671782000,6,56,57,165.71
1782671782000,7,60,64,167.37
1782671782216,0,0,0,127.82
1782671782216,1,0,0,123.08
1782671782216,2,0,0,121.65
1782671782216,3,0,0,123.99
1782671782216,4,0,0,124.86
1782671782216,5,0,0,122.63
1782671782216,6,0,0,164.86
1782671782216,7,0,0,167.84
1782671782432,0,0,0,127.85
1782671782432,1,0,0,122.88
1782671782432,2,0,0,121.67
1782671782432,3,0,0,123.99
1782671782432,4,0,0,124.84
1782671782432,5,0,0,122.66
1782671782432,6,80,78,206.83
1782671782432,7,0,0,178.98
1782671782706,0,0,0,127.82
1782671782706,1,0,0,122.73
1782671782706,2,0,0,121.64
1782671782706,3,0,0,123.99
1782671782706,4,0,0,124.84
1782671782706,5,0,0,122.64
1782671782706,6,100,48,316.45
1782671782706,7,40,40,271.21
1782671782930,0,0,0,127.81
1782671782930,1,0,0,122.71
1782671782930,2,0,0,121.64
1782671782930,3,0,0,124.01
1782671782930,4,0,0,124.84
1782671782930,5,0,0,122.64
1782671782930,6,1,0,292.16
1782671782930,7,15,14,292.00
1782671783146,0,0,0,127.82
1782671783146,1,0,0,122.81
1782671783146,2,0,0,121.68
1782671783146,3,0,0,124.00
1782671783146,4,0,0,124.85
1782671783146,5,0,0,122.66
1782671783146,6,0,0,291.64
1782671783146,7,0,0,291.46
1782671783361,0,0,0,127.80
1782671783361,1,0,0,122.92
1782671783361,2,0,0,121.69
1782671783361,3,0,0,124.01
1782671783361,4,0,0,124.87
1782671783361,5,0,0,122.64
1782671783361,6,0,0,287.43
1782671783361,7,0,0,291.61
1782671783575,0,0,0,127.77
1782671783575,1,0,0,123.06
1782671783575,2,0,0,121.68
1782671783575,3,0,0,124.00
1782671783575,4,0,0,124.86
1782671783575,5,0,0,122.72
1782671783575,6,0,0,212.72
1782671783575,7,0,0,246.95
1782671783788,0,0,0,127.75
1782671783788,1,0,0,123.19
1782671783788,2,0,0,121.69
1782671783788,3,0,0,123.96
1782671783788,4,0,0,124.89
1782671783788,5,0,0,122.71
1782671783788,6,0,0,117.57
1782671783788,7,0,0,137.84
1782671784002,0,0,0,127.74
1782671784002,1,0,0,123.32
1782671784002,2,0,0,121.70
1782671784002,3,0,0,123.97
1782671784002,4,0,0,124.91
1782671784002,5,0,0,122.71
1782671784002,6,0,0,116.24
1782671784002,7,0,0,120.53
1782671784217,0,0,0,127.73
1782671784217,1,0,0,123.38
1782671784217,2,0,0,121.69
1782671784217,3,0,0,123.95
1782671784217,4,0,0,124.93
1782671784217,5,0,0,122.69
1782671784217,6,0,0,116.33
1782671784217,7,0,0,120.65
1782671784431,0,0,0,127.73
1782671784431,1,0,0,123.41
1782671784431,2,0,0,121.67
1782671784431,3,0,0,123.95
1782671784431,4,0,0,124.93
1782671784431,5,0,0,122.67
1782671784431,6,0,0,116.34
1782671784431,7,0,0,120.57
1782671784647,0,0,0,127.77
1782671784647,1,0,0,123.40
1782671784647,2,0,0,121.68
1782671784647,3,0,0,123.96
1782671784647,4,0,0,124.95
1782671784647,5,0,0,122.70
1782671784647,6,0,0,116.32
1782671784647,7,0,0,120.52
1782671784861,0,0,0,127.79
1782671784861,1,0,0,123.42
1782671784861,2,0,0,121.66
1782671784861,3,0,0,123.99
1782671784861,4,0,0,124.94
1782671784861,5,0,0,122.69
1782671784861,6,0,0,116.23
1782671784861,7,0,0,120.52
1782671785076,0,0,0,127.82
1782671785076,1,0,0,123.43
1782671785076,2,0,0,121.66
1782671785076,3,0,0,124.02
1782671785076,4,0,0,124.94
1782671785076,5,0,0,122.69
1782671785076,6,0,0,116.28
1782671785076,7,0,0,120.50
1782671785290,0,0,0,127.85
1782671785290,1,0,0,123.43
1782671785290,2,0,0,121.52
1782671785290,3,0,0,124.01
1782671785290,4,0,0,124.92
1782671785290,5,0,0,122.69
1782671785290,6,0,0,116.20
1782671785290,7,0,0,120.50
1782671785505,0,0,0,127.85
1782671785505,1,0,0,123.41
1782671785505,2,0,0,121.28
1782671785505,3,0,0,124.02
1782671785505,4,0,0,124.93
1782671785505,5,0,0,122.67
1782671785505,6,0,0,116.25
1782671785505,7,0,0,120.47
1782671785719,0,0,0,127.82
1782671785719,1,0,0,123.42
1782671785719,2,0,0,121.12
1782671785719,3,0,0,124.02
1782671785719,4,0,0,124.92
1782671785719,5,0,0,122.69
1782671785719,6,0,0,116.18
1782671785719,7,0,0,120.49
1782671785934,0,0,0,127.81
1782671785934,1,0,0,123.46
1782671785934,2,0,0,120.93
1782671785934,3,0,0,124.00
1782671785934,4,0,0,124.93
1782671785934,5,0,0,122.63
1782671785934,6,0,0,116.21
1782671785934,7,0,0,120.47
1782671786149,0,0,0,127.81
1782671786149,1,0,0,123.35
1782671786149,2,0,0,120.81
1782671786149,3,0,0,124.01
1782671786149,4,0,0,124.95
1782671786149,5,0,0,122.73
1782671786149,6,0,0,116.12
1782671786149,7,0,0,120.49
1782671786364,0,0,0,127.80
1782671786364,1,0,0,123.22
1782671786364,2,0,0,120.82
1782671786364,3,0,0,124.00
1782671786364,4,0,0,124.94
1782671786364,5,0,0,122.70
1782671786364,6,0,0,116.22
1782671786364,7,0,0,120.45
1782671786579,0,0,0,127.82
1782671786579,1,0,0,123.09
1782671786579,2,0,0,120.82
1782671786579,3,0,0,123.99
1782671786579,4,0,0,124.94
1782671786579,5,0,0,122.71
1782671786579,6,0,0,116.14
1782671786579,7,0,0,120.48
1782671786794,0,0,0,127.81
1782671786794,1,0,0,122.97
1782671786794,2,0,0,120.81
1782671786794,3,0,0,124.01
1782671786794,4,0,0,124.91
1782671786794,5,0,0,122.70
1782671786794,6,0,0,116.25
1782671786794,7,0,0,120.45
1782671787009,0,0,0,127.85
1782671787009,1,0,0,122.81
1782671787009,2,0,0,120.84
1782671787009,3,0,0,124.02
1782671787009,4,0,0,124.88
1782671787009,5,0,0,122.71
1782671787009,6,0,0,116.16
1782671787009,7,0,0,120.47
1782671787224,0,0,0,127.83
1782671787224,1,0,0,122.75
1782671787224,2,0,0,120.84
1782671787224,3,0,0,124.05
1782671787224,4,0,0,124.86
1782671787224,5,0,0,122.70
1782671787224,6,0,0,116.27
1782671787224,7,0,0,120.46
1782671787440,0,0,0,127.85
1782671787440,1,0,0,122.76
1782671787440,2,0,0,120.83
1782671787440,3,0,0,124.06
1782671787440,4,0,0,124.87
1782671787440,5,0,0,122.64
1782671787440,6,0,0,116.15
1782671787440,7,0,0,120.46
1782671787654,0,0,0,127.87
1782671787654,1,0,0,122.75
1782671787654,2,0,0,120.84
1782671787654,3,0,0,124.07
1782671787654,4,0,0,124.89
1782671787654,5,0,0,122.71
1782671787654,6,0,0,116.19
1782671787654,7,0,0,120.45
1782671787904,0,0,0,127.87
1782671787904,1,0,0,122.73
1782671787904,2,0,0,120.84
1782671787904,3,0,0,124.07
1782671787904,4,0,0,124.89
1782671787904,5,0,0,122.66
1782671787904,6,0,0,116.18
1782671787904,7,0,0,120.43
1782671788120,0,0,0,127.88
1782671788120,1,0,0,122.73
1782671788120,2,0,0,120.84
1782671788120,3,0,0,124.08
1782671788120,4,0,0,124.93
1782671788120,5,0,0,122.65
1782671788120,6,0,0,116.19
1782671788120,7,0,0,120.44
1782671788338,0,0,0,127.90
1782671788338,1,0,0,122.71
1782671788338,2,0,0,120.82
1782671788338,3,0,0,124.06
1782671788338,4,0,0,124.95
1782671788338,5,0,0,122.66
1782671788338,6,0,0,116.15
1782671788338,7,0,0,120.41
1782671788553,0,0,0,127.88
1782671788553,1,0,0,122.71
1782671788553,2,0,0,120.84
1782671788553,3,0,0,124.04
1782671788553,4,0,0,124.92
1782671788553,5,0,0,122.68
1782671788553,6,0,0,116.13
1782671788553,7,0,0,120.43
1782671788769,0,0,0,127.88
1782671788769,1,0,0,122.70
1782671788769,2,0,0,120.82
1782671788769,3,0,0,124.02
1782671788769,4,0,0,124.91
1782671788769,5,0,0,122.72
1782671788769,6,21,10,120.63
1782671788769,7,0,0,124.95
1782671788987,0,0,0,127.88
1782671788987,1,0,0,122.70
1782671788987,2,0,0,120.82
1782671788987,3,0,0,124.02
1782671788987,4,0,0,124.92
1782671788987,5,0,0,122.72
1782671788987,6,0,0,120.54
1782671788987,7,0,0,125.46
1782671789202,0,0,0,127.86
1782671789202,1,0,0,122.75
1782671789202,2,0,0,120.82
1782671789202,3,0,0,123.98
1782671789202,4,0,0,124.92
1782671789202,5,0,0,122.72
1782671789202,6,0,0,120.71
1782671789202,7,0,0,125.34
1782671789420,0,0,0,127.86
1782671789420,1,0,0,122.89
1782671789420,2,0,0,120.83
1782671789420,3,0,0,123.99
1782671789420,4,0,0,124.91
1782671789420,5,0,0,122.71
1782671789420,6,0,0,120.70
1782671789420,7,0,0,125.38
1782671789639,0,0,0,127.85
1782671789639,1,0,0,123.09
1782671789639,2,0,0,120.81
1782671789639,3,0,0,123.98
1782671789639,4,0,0,124.91
1782671789639,5,0,0,122.68
1782671789639,6,25,15,147.67
1782671789639,7,0,0,125.53
1782671789856,0,0,0,127.84
1782671789856,1,0,0,123.24
1782671789856,2,0,0,120.78
1782671789856,3,0,0,123.99
1782671789856,4,0,0,124.86
1782671789856,5,0,0,122.75
1782671789856,6,0,0,144.49
1782671789856,7,5,2,152.89
1782671790075,0,0,0,127.82
1782671790075,1,0,0,123.36
1782671790075,2,0,0,120.82
1782671790075,3,0,0,124.02
1782671790075,4,0,0,124.87
1782671790075,5,0,0,122.71
1782671790075,6,0,0,144.13
1782671790075,7,7,3,153.63
1782671790290,0,0,0,127.83
1782671790290,1,0,0,123.41
1782671790290,2,0,0,120.82
1782671790290,3,0,0,124.00
1782671790290,4,0,0,124.88
1782671790290,5,0,0,122.71
1782671790290,6,1,0,144.72
1782671790290,7,0,0,153.02
1782671790508,0,0,0,127.80
1782671790508,1,0,0,123.41
1782671790508,2,0,0,120.82
1782671790508,3,0,0,124.03
1782671790508,4,0,0,124.91
1782671790508,5,0,0,122.71
1782671790508,6,0,0,130.10
1782671790508,7,0,0,153.03
1782671790724,0,0,0,127.81
1782671790724,1,0,0,123.44
1782671790724,2,0,0,120.83
1782671790724,3,0,0,124.04
1782671790724,4,0,0,124.95
1782671790724,5,0,0,122.68
1782671790724,6,30,16,135.57
1782671790724,7,0,0,131.08
1782671790969,0,0,0,127.84
1782671790969,1,0,0,123.43
1782671790969,2,0,0,120.84
1782671790969,3,0,0,124.04
1782671790969,4,0,0,124.95
1782671790969,5,0,0,122.72
1782671790969,6,100,49,225.56
1782671790969,7,0,0,122.82
1782671791222,0,0,0,127.86
1782671791222,1,0,0,123.42
1782671791222,2,0,0,120.85
1782671791222,3,0,0,124.02
1782671791222,4,0,0,124.94
1782671791222,5,0,0,122.69
1782671791222,6,0,0,223.28
1782671791222,7,100,34,230.54
1782671791442,0,0,0,127.87
1782671791442,1,0,0,123.43
1782671791442,2,0,0,120.83
1782671791442,3,0,0,124.03
1782671791442,4,0,0,124.89
1782671791442,5,0,0,122.70
1782671791442,6,27,18,263.14
1782671791442,7,29,14,228.27
1782671791661,0,0,0,127.87
1782671791661,1,0,0,123.43
1782671791661,2,0,0,120.84
1782671791661,3,0,0,124.02
1782671791661,4,0,0,124.90
1782671791661,5,0,0,122.68
1782671791661,6,26,18,289.83
1782671791661,7,0,0,255.52
1782671791880,0,0,0,127.87
1782671791880,1,0,0,123.45
1782671791880,2,0,0,120.83
1782671791880,3,0,0,124.00
1782671791880,4,0,0,124.89
1782671791880,5,0,0,122.67
1782671791880,6,23,17,236.77
1782671791880,7,31,21,290.73
1782671792101,0,0,0,127.90
1782671792101,1,0,0,123.45
1782671792101,2,0,0,120.82
1782671792101,3,0,0,124.00
1782671792101,4,0,0,124.86
1782671792101,5,0,0,122.72
1782671792101,6,22,17,231.39
1782671792101,7,25,17,312.22
1782671792320,0,0,0,127.92
1782671792320,1,0,0,123.47
1782671792320,2,0,0,120.83
1782671792320,3,0,0,124.03
1782671792320,4,0,0,124.83
1782671792320,5,0,0,122.67
1782671792320,6,21,16,245.11
1782671792320,7,28,21,248.73
1782671792539,0,0,0,127.92
1782671792539,1,0,0,123.45
1782671792539,2,0,0,120.85
1782671792539,3,0,0,124.03
1782671792539,4,0,0,124.86
1782671792539,5,0,0,122.72
1782671792539,6,21,17,223.18
1782671792539,7,21,16,262.28
1782671792759,0,0,0,127.92
1782671792759,1,0,0,123.44
1782671792759,2,0,0,120.83
1782671792759,3,0,0,124.05
1782671792759,4,0,0,124.83
1782671792759,5,0,0,122.70
1782671792759,6,15,12,200.55
1782671792759,7,20,16,238.90
1782671792977,0,0,0,127.92
1782671792977,1,0,0,123.43
1782671792977,2,0,0,120.83
1782671792977,3,0,0,124.07
1782671792977,4,0,0,124.89
1782671792977,5,0,0,122.61
1782671792977,6,12,10,183.05
1782671792977,7,13,10,217.14
1782671793208,0,0,0,127.91
1782671793208,1,0,0,123.46
1782671793208,2,0,0,120.87
1782671793208,3,0,0,124.08
1782671793208,4,0,0,124.88
1782671793208,5,0,0,122.70
1782671793208,6,20,16,184.48
1782671793208,7,19,15,204.03
1782671793427,0,0,0,127.92
1782671793427,1,0,0,123.43
1782671793427,2,0,0,120.84
1782671793427,3,0,0,124.08
1782671793427,4,0,0,124.86
1782671793427,5,0,0,122.69
1782671793427,6,50,28,233.94
1782671793427,7,18,15,205.96
1782671793647,0,0,0,127.94
1782671793647,1,0,0,123.41
1782671793647,2,0,0,120.85
1782671793647,3,0,0,124.06
1782671793647,4,0,0,124.88
1782671793647,5,0,0,122.58
1782671793647,6,33,22,256.52
1782671793647,7,49,27,237.03
1782671793868,0,0,0,127.94
1782671793868,1,0,0,123.28
1782671793868,2,0,0,120.85
1782671793868,3,0,0,124.07
1782671793868,4,0,0,124.85
1782671793868,5,0,0,122.60
1782671793868,6,30,22,267.68
1782671793868,7,42,25,263.54
1782671794090,0,0,0,127.97
1782671794090,1,0,0,123.14
1782671794090,2,0,0,120.89
1782671794090,3,0,0,124.02
1782671794090,4,0,0,124.90
1782671794090,5,0,0,122.55
1782671794090,6,31,23,286.88
1782671794090,7,36,25,281.32
1782671794311,0,0,0,127.95
1782671794311,1,0,0,123.00
1782671794311,2,0,0,120.85
1782671794311,3,0,0,124.03
1782671794311,4,0,0,124.89
1782671794311,5,0,0,122.59
1782671794311,6,30,24,257.80
1782671794311,7,33,23,292.75
1782671794530,0,0,0,127.92
1782671794530,1,0,0,122.79
1782671794530,2,0,0,120.85
1782671794530,3,0,0,124.02
1782671794530,4,0,0,124.92
1782671794530,5,0,0,122.51
1782671794530,6,0,0,205.47
1782671794530,7,31,25,259.31
1782671794749,0,0,0,127.90
1782671794749,1,0,0,122.73
1782671794749,2,0,0,120.87
1782671794749,3,0,0,124.06
1782671794749,4,0,0,124.92
1782671794749,5,0,0,122.53
1782671794749,6,0,0,166.44
1782671794749,7,0,0,220.60
1782671794968,0,0,0,127.87
1782671794968,1,0,0,122.74
1782671794968,2,0,0,120.87
1782671794968,3,0,0,124.03
1782671794968,4,0,0,124.91
1782671794968,5,0,0,122.58
1782671794968,6,41,22,160.88
1782671794968,7,0,0,181.61
1782671795188,0,0,0,127.88
1782671795188,1,0,0,122.72
1782671795188,2,0,0,120.86
1782671795188,3,0,0,124.06
1782671795188,4,0,0,124.92
1782671795188,5,0,0,122.53
1782671795188,6,0,0,143.07
1782671795188,7,41,22,171.78
1782671795406,0,0,0,127.87
1782671795406,1,0,0,122.74
1782671795406,2,0,0,120.86
1782671795406,3,0,0,124.06
1782671795406,4,0,0,124.94
1782671795406,5,0,0,122.64
1782671795406,6,0,0,135.98
1782671795406,7,0,0,151.55
1782671795623,0,0,0,127.90
1782671795623,1,0,0,122.75
1782671795623,2,0,0,120.88
1782671795623,3,0,0,124.03
1782671795623,4,0,0,124.95
1782671795623,5,0,0,122.59
1782671795623,6,0,0,135.37
1782671795623,7,0,0,138.91
1782671795840,0,0,0,127.88
1782671795840,1,0,0,122.79
1782671795840,2,0,0,120.85
1782671795840,3,0,0,124.05
1782671795840,4,0,0,124.95
1782671795840,5,0,0,122.66
1782671795840,6,0,0,135.25
1782671795840,7,0,0,138.84
1782671796060,0,0,0,127.88
1782671796060,1,0,0,122.79
1782671796060,2,0,0,120.84
1782671796060,3,0,0,124.04
1782671796060,4,0,0,124.97
1782671796060,5,0,0,122.68
1782671796060,6,0,0,117.43
1782671796060,7,0,0,130.26
1782671796276,0,0,0,127.88
1782671796276,1,0,0,122.80
1782671796276,2,0,0,120.85
1782671796276,3,0,0,124.05
1782671796276,4,0,0,124.97
1782671796276,5,0,0,122.66
1782671796276,6,0,0,117.23
1782671796276,7,0,0,121.53
1782671796492,0,0,0,127.85
1782671796492,1,0,0,122.82
1782671796492,2,0,0,120.86
1782671796492,3,0,0,124.06
1782671796492,4,0,0,124.99
1782671796492,5,0,0,122.72
1782671796492,6,0,0,117.22
1782671796492,7,0,0,121.22
1782671796708,0,0,0,127.85
1782671796708,1,0,0,122.82
1782671796708,2,0,0,120.85
1782671796708,3,0,0,124.06
1782671796708,4,0,0,124.99
1782671796708,5,0,0,122.69
1782671796708,6,0,0,117.17
1782671796708,7,0,0,121.07
1782671796925,0,0,0,127.85
1782671796925,1,0,0,122.79
1782671796925,2,0,0,120.84
1782671796925,3,0,0,124.06
1782671796925,4,0,0,125.00
1782671796925,5,0,0,122.74
1782671796925,6,0,0,117.18
1782671796925,7,0,0,121.03
1782671797145,0,0,0,127.85
1782671797145,1,0,0,122.79
1782671797145,2,0,0,120.84
1782671797145,3,0,0,124.05
1782671797145,4,0,0,125.01
1782671797145,5,0,0,122.72
1782671797145,6,0,0,117.10
1782671797145,7,0,0,121.00
1782671797364,0,0,0,127.83
1782671797364,1,0,0,122.79
1782671797364,2,0,0,120.83
1782671797364,3,0,0,124.04
1782671797364,4,0,0,125.02
1782671797364,5,0,0,122.67
1782671797364,6,0,0,117.20
1782671797364,7,0,0,120.97
1782671797579,0,0,0,127.87
1782671797579,1,0,0,122.79
1782671797579,2,0,0,120.82
1782671797579,3,0,0,124.03
1782671797579,4,0,0,125.03
1782671797579,5,0,0,122.72
1782671797579,6,0,0,117.10
1782671797579,7,0,0,120.96
1782671797793,0,0,0,127.89
1782671797793,1,0,0,122.79
1782671797793,2,0,0,120.82
1782671797793,3,0,0,124.05
1782671797793,4,0,0,125.00
1782671797793,5,0,0,122.67
1782671797793,6,0,0,117.20
1782671797793,7,0,0,120.95
1782671798009,0,0,0,127.92
1782671798009,1,0,0,122.82
1782671798009,2,0,0,120.85
1782671798009,3,0,0,124.03
1782671798009,4,0,0,125.02
1782671798009,5,0,0,122.73
1782671798009,6,0,0,117.09
1782671798009,7,0,0,120.94
1782671798256,0,0,0,127.93
1782671798256,1,0,0,122.82
1782671798256,2,0,0,120.85
1782671798256,3,0,0,124.06
1782671798256,4,0,0,124.98
1782671798256,5,0,0,122.69
1782671798256,6,0,0,117.17
1782671798256,7,0,0,120.96
1782671798472,0,0,0,127.95
1782671798472,1,0,0,122.82
1782671798472,2,0,0,120.85
1782671798472,3,0,0,124.05
1782671798472,4,0,0,125.00
1782671798472,5,0,0,122.66
1782671798472,6,0,0,117.14
1782671798472,7,0,0,120.95
1782671798686,0,0,0,127.94
1782671798686,1,0,0,122.82
1782671798686,2,0,0,120.85
1782671798686,3,0,0,124.05
1782671798686,4,0,0,124.97
1782671798686,5,0,0,122.71
1782671798686,6,0,0,117.19
1782671798686,7,0,0,120.96
1782671798899,0,0,0,127.93
1782671798899,1,0,0,122.83
1782671798899,2,0,0,120.84
1782671798899,3,0,0,124.08
1782671798899,4,0,0,124.99
1782671798899,5,0,0,122.68
1782671798899,6,0,0,117.14
1782671798899,7,0,0,120.95
1782671799115,0,0,0,127.89
1782671799115,1,0,0,122.81
1782671799115,2,0,0,120.83
1782671799115,3,0,0,124.07
1782671799115,4,0,0,124.98
1782671799115,5,0,0,122.75
1782671799115,6,0,0,117.19
1782671799115,7,0,0,120.96
1782671799330,0,0,0,127.88
1782671799330,1,0,0,122.80
1782671799330,2,0,0,120.83
1782671799330,3,0,0,124.07
1782671799330,4,0,0,124.96
1782671799330,5,0,0,122.70
1782671799330,6,0,0,117.13
1782671799330,7,0,0,120.94
1782671799546,0,0,0,127.90
1782671799546,1,0,0,122.80
1782671799546,2,0,0,120.84
1782671799546,3,0,0,124.06
1782671799546,4,0,0,124.98
1782671799546,5,0,0,122.76
1782671799546,6,0,0,117.09
1782671799546,7,0,0,120.94
1782671799761,0,0,0,127.92
1782671799761,1,0,0,122.80
1782671799761,2,0,0,120.82
1782671799761,3,0,0,124.08
1782671799761,4,0,0,125.00
1782671799761,5,0,0,122.70
1782671799761,6,0,0,117.18
1782671799761,7,0,0,120.94
1782671799977,0,0,0,127.95
1782671799977,1,0,0,122.79
1782671799977,2,0,0,120.84
1782671799977,3,0,0,124.07
1782671799977,4,0,0,124.97
1782671799977,5,0,0,122.64
1782671799977,6,0,0,117.08
1782671799977,7,0,0,120.93
1782671800194,0,0,0,127.95
1782671800194,1,0,0,122.79
1782671800194,2,0,0,120.87
1782671800194,3,0,0,124.05
1782671800194,4,0,0,124.97
1782671800194,5,0,0,122.70
1782671800194,6,0,0,117.16
1782671800194,7,0,0,120.92
1782671800410,0,0,0,127.97
1782671800410,1,0,0,122.81
1782671800410,2,0,0,120.88
1782671800410,3,0,0,124.07
1782671800410,4,0,0,124.97
1782671800410,5,0,0,122.65
1782671800410,6,0,0,117.11
1782671800410,7,0,0,120.89
1782671800625,0,0,0,127.94
1782671800625,1,0,0,122.95
1782671800625,2,0,0,120.87
1782671800625,3,0,0,124.06
1782671800625,4,0,0,124.96
1782671800625,5,0,0,122.72
1782671800625,6,0,0,117.19
1782671800625,7,0,0,120.86
1782671800841,0,0,0,127.91
1782671800841,1,0,0,123.17
1782671800841,2,0,0,120.89
1782671800841,3,0,0,124.08
1782671800841,4,0,0,124.94
1782671800841,5,0,0,122.66
1782671800841,6,0,0,117.14
1782671800841,7,0,0,120.85
1782671801057,0,0,0,127.89
1782671801057,1,0,0,123.27
1782671801057,2,0,0,120.90
1782671801057,3,0,0,124.05
1782671801057,4,0,0,124.94
1782671801057,5,0,0,122.61
1782671801057,6,0,0,117.21
1782671801057,7,0,0,120.84
1782671801270,0,0,0,127.87
1782671801270,1,0,0,123.40
1782671801270,2,0,0,120.88
1782671801270,3,0,0,124.05
1782671801270,4,0,0,124.93
1782671801270,5,0,0,122.68
1782671801270,6,0,0,117.11
1782671801270,7,0,0,120.84
1782671801484,0,0,0,127.85
1782671801484,1,0,0,123.47
1782671801484,2,0,0,120.88
1782671801484,3,0,0,124.04
1782671801484,4,0,0,124.94
1782671801484,5,0,0,122.65
1782671801484,6,0,0,117.18
1782671801484,7,0,0,120.84
1782671801699,0,0,0,127.84
1782671801699,1,0,0,123.46
1782671801699,2,0,0,120.90
1782671801699,3,0,0,124.02
1782671801699,4,0,0,124.95
1782671801699,5,0,0,122.75
1782671801699,6,0,0,117.07
1782671801699,7,0,0,120.81
1782671801913,0,0,0,127.90
1782671801913,1,0,0,123.43
1782671801913,2,0,0,120.89
1782671801913,3,0,0,124.02
1782671801913,4,0,0,124.97
1782671801913,5,0,0,122.71
1782671801913,6,0,0,117.14
1782671801913,7,0,0,120.82
1782671802127,0,0,0,127.90
1782671802127,1,0,0,123.43
1782671802127,2,0,0,120.86
1782671802127,3,0,0,124.04
1782671802127,4,0,0,124.97
1782671802127,5,0,0,122.77
1782671802127,6,0,0,117.05
1782671802127,7,0,0,120.81
1782671802342,0,0,0,127.91
1782671802342,1,0,0,123.47
1782671802342,2,0,0,120.89
1782671802342,3,0,0,124.04
1782671802342,4,0,0,124.98
1782671802342,5,0,0,122.74
1782671802342,6,0,0,117.14
1782671802342,7,0,0,120.81
1782671802557,0,0,0,127.92
1782671802557,1,0,0,123.46
1782671802557,2,0,0,120.87
1782671802557,3,0,0,124.05
1782671802557,4,0,0,124.94
1782671802557,5,0,0,122.68
1782671802557,6,0,0,117.13
1782671802557,7,0,0,120.82
1782671802769,0,0,0,127.93
1782671802769,1,0,0,123.46
1782671802769,2,0,0,120.89
1782671802769,3,0,0,124.04
1782671802769,4,0,0,124.97
1782671802769,5,0,0,122.74
1782671802769,6,0,0,117.07
1782671802769,7,0,0,120.84
1782671802984,0,0,0,127.90
1782671802984,1,0,0,123.51
1782671802984,2,0,0,120.89
1782671802984,3,0,0,124.04
1782671802984,4,0,0,124.96
1782671802984,5,0,0,122.70
1782671802984,6,0,0,117.14
1782671802984,7,0,0,120.85
1782671803199,0,0,0,127.90
1782671803199,1,0,0,123.49
1782671803199,2,0,0,120.90
1782671803199,3,0,0,124.04
1782671803199,4,0,0,124.96
1782671803199,5,0,0,122.75
1782671803199,6,0,0,117.09
1782671803199,7,0,0,120.82
1782671803450,0,0,0,127.87
1782671803450,1,0,0,123.48
1782671803450,2,0,0,120.92
1782671803450,3,0,0,124.01
1782671803450,4,0,0,125.00
1782671803450,5,0,0,122.70
1782671803450,6,0,0,117.15
1782671803450,7,0,0,120.84
1782671803665,0,0,0,127.87
1782671803665,1,0,0,123.40
1782671803665,2,0,0,120.90
1782671803665,3,0,0,124.03
1782671803665,4,0,0,125.01
1782671803665,5,0,0,122.65
1782671803665,6,0,0,117.04
1782671803665,7,0,0,120.81
1782671803878,0,0,0,127.89
1782671803878,1,0,0,123.25
1782671803878,2,0,0,120.88
1782671803878,3,0,0,124.01
1782671803878,4,0,0,125.05
1782671803878,5,0,0,122.69
1782671803878,6,0,0,117.13
1782671803878,7,0,0,120.84
1782671804093,0,0,0,127.90
1782671804093,1,0,0,123.15
1782671804093,2,0,0,120.87
1782671804093,3,0,0,124.04
1782671804093,4,0,0,125.02
1782671804093,5,0,0,122.65
1782671804093,6,0,0,117.02
1782671804093,7,0,0,120.81
1782671804307,0,0,0,127.95
1782671804307,1,0,0,123.04
1782671804307,2,0,0,120.88
1782671804307,3,0,0,124.04
1782671804307,4,0,0,125.03
1782671804307,5,0,0,122.72
1782671804307,6,0,0,117.14
1782671804307,7,0,0,120.83
1782671804521,0,0,0,127.96
1782671804521,1,0,0,123.03
1782671804521,2,0,0,120.87
1782671804521,3,0,0,123.96
1782671804521,4,0,0,125.01
1782671804521,5,0,0,122.69
1782671804521,6,0,0,117.05
1782671804521,7,0,0,120.85
1782671804736,0,0,0,127.99
1782671804736,1,0,0,123.21
1782671804736,2,0,0,120.89
1782671804736,3,0,0,123.86
1782671804736,4,0,0,125.00
1782671804736,5,0,0,122.74
1782671804736,6,0,0,117.16
1782671804736,7,0,0,120.85
1782671804950,0,0,0,127.99
1782671804950,1,0,0,123.30
1782671804950,2,0,0,120.90
1782671804950,3,0,0,123.72
1782671804950,4,0,0,124.99
1782671804950,5,0,0,122.73
1782671804950,6,0,0,117.13
1782671804950,7,0,0,120.87
1782671805164,0,0,0,127.97
1782671805164,1,0,0,123.33
1782671805164,2,0,0,120.91
1782671805164,3,0,0,123.59
1782671805164,4,0,0,125.00
1782671805164,5,0,0,122.68
1782671805164,6,0,0,117.10
1782671805164,7,0,0,120.87
1782671805377,0,0,0,127.95
1782671805377,1,0,0,123.27
1782671805377,2,0,0,120.90
1782671805377,3,0,0,123.41
1782671805377,4,0,0,124.98
1782671805377,5,0,0,122.75
1782671805377,6,0,0,117.11
1782671805377,7,0,0,120.89
1782671805592,0,0,0,127.95
1782671805592,1,0,0,123.14
1782671805592,2,0,0,120.92
1782671805592,3,0,0,123.41
1782671805592,4,0,0,125.01
1782671805592,5,0,0,122.69
1782671805592,6,0,0,117.13
1782671805592,7,0,0,120.87
1782671805809,0,0,0,127.95
1782671805809,1,0,0,122.99
1782671805809,2,0,0,120.92
1782671805809,3,0,0,123.41
1782671805809,4,0,0,125.00
1782671805809,5,0,0,122.74
1782671805809,6,0,0,117.11
1782671805809,7,0,0,120.88
1782671806026,0,0,0,127.94
1782671806026,1,0,0,122.87
1782671806026,2,0,0,120.91
1782671806026,3,0,0,123.41
1782671806026,4,0,0,125.01
1782671806026,5,0,0,122.70
1782671806026,6,0,0,117.12
1782671806026,7,0,0,120.85
1782671806241,0,0,0,127.97
1782671806241,1,0,0,122.82
1782671806241,2,0,0,120.93
1782671806241,3,0,0,123.41
1782671806241,4,0,0,124.99
1782671806241,5,0,0,122.75
1782671806241,6,0,0,117.10
1782671806241,7,0,0,120.84
1782671806455,0,0,0,127.96
1782671806455,1,0,0,122.80
1782671806455,2,0,0,120.94
1782671806455,3,0,0,123.42
1782671806455,4,0,0,124.98
1782671806455,5,0,0,122.72
1782671806455,6,0,0,117.07
1782671806455,7,0,0,120.84
1782671806672,0,0,0,127.98
1782671806672,1,0,0,122.91
1782671806672,2,0,0,120.94
1782671806672,3,0,0,123.42
1782671806672,4,0,0,125.00
1782671806672,5,0,0,122.67
1782671806672,6,0,0,117.17
1782671806672,7,0,0,120.84
1782671806886,0,0,0,127.96
1782671806886,1,0,0,123.02
1782671806886,2,0,0,120.91
1782671806886,3,0,0,123.42
1782671806886,4,0,0,124.98
1782671806886,5,0,0,122.74
1782671806886,6,0,0,117.08
1782671806886,7,0,0,120.87
1782671807101,0,0,0,127.95
1782671807101,1,0,0,123.15
1782671807101,2,0,0,120.93
1782671807101,3,0,0,123.44
1782671807101,4,0,0,124.98
1782671807101,5,0,0,122.69
1782671807101,6,0,0,117.17
1782671807101,7,0,0,120.87
1782671807317,0,0,0,127.95
1782671807317,1,0,0,123.19
1782671807317,2,0,0,120.90
1782671807317,3,0,0,123.39
1782671807317,4,0,0,124.97
1782671807317,5,0,0,122.76
1782671807317,6,0,0,117.06
1782671807317,7,0,0,120.85
1782671807532,0,0,0,127.93
1782671807532,1,0,0,123.19
1782671807532,2,0,0,120.88
1782671807532,3,0,0,123.40
1782671807532,4,0,0,124.98
1782671807532,5,0,0,122.73
1782671807532,6,0,0,117.14
1782671807532,7,0,0,120.83
1782671807747,0,0,0,127.93
1782671807747,1,0,0,123.04
1782671807747,2,0,0,120.88
1782671807747,3,0,0,123.39
1782671807747,4,0,0,125.00
1782671807747,5,0,0,122.76
1782671807747,6,0,0,117.07
1782671807747,7,0,0,120.81
1782671807964,0,0,0,127.95
1782671807964,1,0,0,122.93
1782671807964,2,0,0,120.94
1782671807964,3,0,0,123.38
1782671807964,4,0,0,125.00
1782671807964,5,0,0,122.73
1782671807964,6,0,0,117.12
1782671807964,7,0,0,120.81
1782671808181,0,0,0,127.96
1782671808181,1,0,0,122.84
1782671808181,2,0,0,120.93
1782671808181,3,0,0,123.38
1782671808181,4,0,0,125.02
1782671808181,5,0,0,122.70
1782671808181,6,0,0,117.04
1782671808181,7,0,0,120.79
1782671808399,0,0,0,127.94
1782671808399,1,0,0,122.83
1782671808399,2,0,0,120.93
1782671808399,3,0,0,123.38
1782671808399,4,0,0,125.04
1782671808399,5,0,0,122.76
1782671808399,6,0,0,117.11
1782671808399,7,0,0,120.80
1782671808653,0,0,0,127.96
1782671808653,1,0,0,122.94
1782671808653,2,0,0,120.96
1782671808653,3,0,0,123.39
1782671808653,4,0,0,125.03
1782671808653,5,0,0,122.73
1782671808653,6,0,0,117.11
1782671808653,7,0,0,120.81
1782671808868,0,0,0,128.00
1782671808868,1,0,0,123.07
1782671808868,2,0,0,120.94
1782671808868,3,0,0,123.39
1782671808868,4,0,0,125.02
1782671808868,5,0,0,122.71
1782671808868,6,0,0,117.04
1782671808868,7,0,0,120.80
1782671809083,0,0,0,128.01
1782671809083,1,0,0,123.19
1782671809083,2,0,0,120.91
1782671809083,3,0,0,123.41
1782671809083,4,0,0,125.04
1782671809083,5,0,0,122.78
1782671809083,6,0,0,117.12
1782671809083,7,0,0,120.82
1782671809298,0,0,0,127.99
1782671809298,1,0,0,123.25
1782671809298,2,0,0,120.92
1782671809298,3,0,0,123.39
1782671809298,4,0,0,125.02
1782671809298,5,0,0,122.73
1782671809298,6,0,0,117.07
1782671809298,7,0,0,120.81
1782671809512,0,0,0,128.00
1782671809512,1,0,0,123.39
1782671809512,2,0,0,120.91
1782671809512,3,0,0,123.41
1782671809512,4,0,0,125.01
1782671809512,5,0,0,122.78
1782671809512,6,0,0,117.11
1782671809512,7,0,0,120.83
1782671809728,0,0,0,127.99
1782671809728,1,0,0,123.46
1782671809728,2,0,0,120.91
1782671809728,3,0,0,123.39
1782671809728,4,0,0,125.01
1782671809728,5,0,0,122.75
1782671809728,6,0,0,117.06
1782671809728,7,0,0,120.83
1782671809944,0,0,0,127.94
1782671809944,1,0,0,123.41
1782671809944,2,0,0,120.90
1782671809944,3,0,0,123.41
1782671809944,4,0,0,125.01
1782671809944,5,0,0,122.76
1782671809944,6,0,0,117.11
1782671809944,7,0,0,120.84
1782671810160,0,0,0,127.12
1782671810160,1,0,0,122.15
1782671810160,2,0,0,120.51
1782671810160,3,0,0,122.61
1782671810160,4,0,0,124.19
1782671810160,5,0,0,122.03
1782671810160,6,5,2,117.41
1782671810160,7,2,0,121.23
1782671810671,0,0,0,124.73
1782671810671,1,0,0,120.49
1782671810671,2,0,0,118.26
1782671810671,3,0,0,120.64
1782671810671,4,0,0,122.07
1782671810671,5,0,0,120.46
1782671810671,6,0,0,117.43
1782671810671,7,0,0,121.27
1782671811050,0,0,0,123.76
1782671811050,1,0,0,119.33
1782671811050,2,0,0,117.44
1782671811050,3,0,0,119.78
1782671811050,4,0,0,121.29
1782671811050,5,0,0,118.61
1782671811050,6,0,0,117.40
1782671811050,7,0,0,121.26
1782671811275,0,0,0,123.01
1782671811275,1,0,0,119.26
1782671811275,2,0,0,116.47
1782671811275,3,0,0,119.37
1782671811275,4,0,0,120.81
1782671811275,5,0,0,118.64
1782671811275,6,2,0,117.38
1782671811275,7,0,0,121.25
1782671811499,0,0,0,123.01
1782671811499,1,0,0,119.27
1782671811499,2,0,0,116.43
1782671811499,3,0,0,119.36
1782671811499,4,0,0,120.78
1782671811499,5,0,0,118.55
1782671811499,6,0,0,117.21
1782671811499,7,4,0,120.94
1782671811874,0,0,0,122.98
1782671811874,1,0,0,119.26
1782671811874,2,0,0,116.45
1782671811874,3,0,0,119.34
1782671811874,4,0,0,120.74
1782671811874,5,0,0,118.49
1782671811874,6,0,0,117.19
1782671811874,7,0,0,120.93
1782671812094,0,0,0,122.98
1782671812094,1,0,0,119.25
1782671812094,2,0,0,116.44
1782671812094,3,0,0,119.33
1782671812094,4,0,0,120.77
1782671812094,5,0,0,118.54
1782671812094,6,0,0,117.19
1782671812094,7,0,0,121.09
1782671812365,0,68,31,143.23
1782671812365,1,0,0,136.52
1782671812365,2,0,0,125.37
1782671812365,3,0,0,136.49
1782671812365,4,0,0,135.89
1782671812365,5,0,0,136.50
1782671812365,6,7,0,117.51
1782671812365,7,7,0,121.46
1782671812612,0,100,0,156.51
1782671812612,1,44,31,148.73
1782671812612,2,82,41,160.48
1782671812612,3,27,20,160.15
1782671812612,4,67,35,162.85
1782671812612,5,46,34,159.76
1782671812612,6,43,0,122.07
1782671812612,7,39,0,128.59
1782671812845,0,99,8,164.76
1782671812845,1,100,6,153.20
1782671812845,2,0,0,161.99
1782671812845,3,73,42,164.45
1782671812845,4,0,0,162.98
1782671812845,5,0,0,160.88
1782671812845,6,100,0,132.41
1782671812845,7,100,0,135.78
1782671813072,0,100,7,178.00
1782671813072,1,100,6,157.21
1782671813072,2,0,0,162.04
1782671813072,3,0,0,165.77
1782671813072,4,0,0,162.97
1782671813072,5,0,0,160.97
1782671813072,6,92,1,139.79
1782671813072,7,89,2,146.71
1782671813410,0,100,0,170.26
1782671813410,1,100,0,147.73
1782671813410,2,0,0,144.83
1782671813410,3,0,0,149.00
1782671813410,4,0,0,148.35
1782671813410,5,0,0,145.45
1782671813410,6,45,0,147.21
1782671813410,7,51,0,150.84
1782671813634,0,100,0,163.56
1782671813634,1,100,0,136.18
1782671813634,2,0,0,118.97
1782671813634,3,0,0,120.75
1782671813634,4,0,0,120.81
1782671813634,5,0,0,119.14
1782671813634,6,92,5,151.00
1782671813634,7,100,0,155.93
1782671813911,0,100,0,163.26
1782671813911,1,100,0,133.21
1782671813911,2,0,0,116.52
1782671813911,3,0,0,120.61
1782671813911,4,0,0,120.75
1782671813911,5,0,0,119.13
1782671813911,6,100,0,150.92
1782671813911,7,100,0,156.57
1782671814150,0,99,6,161.77
1782671814150,1,100,4,137.24
1782671814150,2,0,0,116.51
1782671814150,3,0,0,120.58
1782671814150,4,0,0,120.74
1782671814150,5,0,0,119.14
1782671814150,6,100,0,151.60
1782671814150,7,100,0,156.57
1782671814379,0,99,0,163.76
1782671814379,1,53,8,133.17
1782671814379,2,0,0,116.48
1782671814379,3,0,0,120.52
1782671814379,4,0,0,120.74
1782671814379,5,0,0,119.15
1782671814379,6,100,0,154.51
1782671814379,7,100,0,158.48
1782671814606,0,100,0,163.59
1782671814606,1,0,0,132.96
1782671814606,2,0,0,116.47
1782671814606,3,0,0,120.51
1782671814606,4,0,0,120.74
1782671814606,5,0,0,119.11
1782671814606,6,100,2,154.75
1782671814606,7,99,2,158.45
1782671814832,0,0,0,157.49
1782671814832,1,0,0,128.61
1782671814832,2,0,0,116.49
1782671814832,3,0,0,120.50
1782671814832,4,0,0,120.78
1782671814832,5,0,0,119.11
1782671814832,6,42,4,150.41
1782671814832,7,47,4,150.82
1782671815056,0,0,0,148.10
1782671815056,1,0,0,123.92
1782671815056,2,0,0,116.45
1782671815056,3,0,0,120.51
1782671815056,4,0,0,120.79
1782671815056,5,0,0,119.21
1782671815056,6,0,0,139.87
1782671815056,7,0,0,143.51
1782671815280,0,0,0,136.30
1782671815280,1,0,0,121.78
1782671815280,2,5,1,117.21
1782671815280,3,0,0,121.17
1782671815280,4,0,0,122.70
1782671815280,5,0,0,119.74
1782671815280,6,10,2,133.14
1782671815280,7,11,2,133.23
1782671815561,0,45,7,131.07
1782671815561,1,57,9,121.95
1782671815561,2,37,6,118.54
1782671815561,3,41,6,122.64
1782671815561,4,43,7,122.88
1782671815561,5,30,5,121.33
1782671815561,6,0,0,121.82
1782671815561,7,0,0,126.46
1782671815779,0,0,0,124.87
1782671815779,1,0,0,122.00
1782671815779,2,0,0,118.52
1782671815779,3,0,0,122.70
1782671815779,4,0,0,122.85
1782671815779,5,0,0,121.37
1782671815779,6,0,0,117.65
1782671815779,7,0,0,121.53
1782671816178,0,0,0,124.79
1782671816178,1,0,0,122.05
1782671816178,2,0,0,118.48
1782671816178,3,0,0,122.70
1782671816178,4,0,0,122.85
1782671816178,5,0,0,121.40
1782671816178,6,0,0,117.48
1782671816178,7,0,0,121.22
1782671816394,0,0,0,123.14
1782671816394,1,0,0,120.73
1782671816394,2,0,0,117.87
1782671816394,3,0,0,120.59
1782671816394,4,0,0,121.03
1782671816394,5,0,0,119.28
1782671816394,6,0,0,117.25
1782671816394,7,0,0,120.90
1782671816613,0,0,0,123.13
1782671816613,1,0,0,119.93
1782671816613,2,0,0,116.36
1782671816613,3,0,0,120.56
1782671816613,4,0,0,120.82
1782671816613,5,0,0,119.25
1782671816613,6,0,0,117.15
1782671816613,7,0,0,120.89
1782671816832,0,0,0,123.09
1782671816832,1,0,0,119.91
1782671816832,2,0,0,116.36
1782671816832,3,0,0,120.54
1782671816832,4,0,0,120.79
1782671816832,5,0,0,119.21
1782671816832,6,0,0,117.25
1782671816832,7,0,0,120.91
1782671817051,0,0,0,123.07
1782671817051,1,0,0,119.89
1782671817051,2,0,0,116.36
1782671817051,3,0,0,120.54
1782671817051,4,0,0,120.80
1782671817051,5,0,0,119.12
1782671817051,6,0,0,117.18
1782671817051,7,0,0,120.92
1782671817269,0,0,0,123.07
1782671817269,1,0,0,119.88
1782671817269,2,0,0,116.38
1782671817269,3,0,0,120.54
1782671817269,4,0,0,120.75
1782671817269,5,0,0,119.17
1782671817269,6,0,0,117.28
1782671817269,7,0,0,120.93
1782671817485,0,0,0,123.03
1782671817485,1,0,0,119.90
1782671817485,2,0,0,116.37
1782671817485,3,0,0,120.56
1782671817485,4,0,0,120.78
1782671817485,5,0,0,119.13
1782671817485,6,0,0,117.30
1782671817485,7,0,0,120.94
1782671817815,0,0,0,123.05
1782671817815,1,0,0,119.89
1782671817815,2,0,0,116.40
1782671817815,3,0,0,120.59
1782671817815,4,0,0,120.75
1782671817815,5,0,0,119.14
1782671817815,6,0,0,117.33
1782671817815,7,0,0,120.95
1782671818217,0,0,0,123.06
1782671818217,1,0,0,119.91
1782671818217,2,0,0,116.40
1782671818217,3,0,0,120.60
1782671818217,4,0,0,120.75
1782671818217,5,0,0,119.15
1782671818217,6,0,0,117.26
1782671818217,7,0,0,120.93
1782671818509,0,0,0,123.04
1782671818509,1,0,0,119.89
1782671818509,2,0,0,116.42
1782671818509,3,0,0,120.58
1782671818509,4,0,0,120.77
1782671818509,5,0,0,119.15
1782671818509,6,0,0,117.33
1782671818509,7,0,0,120.94
1782671818727,0,0,0,123.04
1782671818727,1,0,0,119.88
1782671818727,2,0,0,116.44
1782671818727,3,0,0,120.57
1782671818727,4,0,0,120.75
1782671818727,5,0,0,119.14
1782671818727,6,0,0,117.24
1782671818727,7,0,0,120.93
1782671818946,0,0,0,123.04
1782671818946,1,0,0,119.86
1782671818946,2,0,0,116.43
1782671818946,3,0,0,120.56
1782671818946,4,0,0,120.78
1782671818946,5,0,0,119.12
1782671818946,6,0,0,117.26
1782671818946,7,0,0,120.90
1782671819195,0,0,0,123.02
1782671819195,1,0,0,119.85
1782671819195,2,0,0,116.43
1782671819195,3,0,0,120.54
1782671819195,4,0,0,120.76
1782671819195,5,0,0,119.16
1782671819195,6,0,0,117.30
1782671819195,7,0,0,120.88
1782671819413,0,0,0,123.03
1782671819413,1,0,0,119.84
1782671819413,2,0,0,116.42
1782671819413,3,0,0,120.55
1782671819413,4,0,0,120.76
1782671819413,5,0,0,119.13
1782671819413,6,0,0,117.25
1782671819413,7,0,0,120.87
1782671819631,0,0,0,123.02
1782671819631,1,0,0,119.81
1782671819631,2,0,0,116.40
1782671819631,3,0,0,120.54
1782671819631,4,0,0,120.76
1782671819631,5,0,0,119.16
1782671819631,6,0,0,117.31
1782671819631,7,0,0,120.88
1782671819849,0,0,0,123.01
1782671819849,1,0,0,119.81
1782671819849,2,0,0,116.38
1782671819849,3,0,0,120.52
1782671819849,4,0,0,120.75
1782671819849,5,0,0,119.14
1782671819849,6,0,0,117.21
1782671819849,7,0,0,120.87
1782671820068,0,0,0,123.02
1782671820068,1,0,0,119.84
1782671820068,2,0,0,116.37
1782671820068,3,0,0,120.51
1782671820068,4,0,0,120.75
1782671820068,5,0,0,119.12
1782671820068,6,0,0,117.31
1782671820068,7,0,0,120.89
1782671820284,0,0,0,123.00
1782671820284,1,0,0,119.86
1782671820284,2,0,0,116.39
1782671820284,3,0,0,120.52
1782671820284,4,0,0,120.75
1782671820284,5,0,0,119.17
1782671820284,6,0,0,117.20
1782671820284,7,0,0,120.89
1782671820501,0,0,0,123.01
1782671820501,1,0,0,119.85
1782671820501,2,0,0,116.36
1782671820501,3,0,0,120.51
1782671820501,4,0,0,120.77
1782671820501,5,0,0,119.14
1782671820501,6,0,0,117.27
1782671820501,7,0,0,120.88
1782671820720,0,0,0,123.00
1782671820720,1,0,0,119.87
1782671820720,2,0,0,116.37
1782671820720,3,0,0,120.52
1782671820720,4,0,0,120.77
1782671820720,5,0,0,119.19
1782671820720,6,0,0,117.23
1782671820720,7,0,0,120.88
1782671821018,0,0,0,123.00
1782671821018,1,0,0,119.85
1782671821018,2,0,0,116.37
1782671821018,3,0,0,120.50
1782671821018,4,0,0,120.81
1782671821018,5,0,0,119.18
1782671821018,6,0,0,117.18
1782671821018,7,0,0,120.86
1782671821291,0,0,0,122.98
1782671821291,1,0,0,119.83
1782671821291,2,0,0,116.34
1782671821291,3,0,0,120.50
1782671821291,4,0,0,120.82
1782671821291,5,0,0,119.15
1782671821291,6,0,0,117.28
1782671821291,7,0,0,120.84
1782671821508,0,0,0,122.98
1782671821508,1,0,0,119.83
1782671821508,2,0,0,116.36
1782671821508,3,0,0,120.51
1782671821508,4,0,0,120.83
1782671821508,5,0,0,119.13
1782671821508,6,0,0,117.20
1782671821508,7,0,0,120.87
1782671821727,0,0,0,122.98
1782671821727,1,0,0,119.85
1782671821727,2,0,0,116.34
1782671821727,3,0,0,120.51
1782671821727,4,0,0,120.83
1782671821727,5,0,0,119.13
1782671821727,6,0,0,117.29
1782671821727,7,0,0,120.86
1782671821949,0,0,0,123.00
1782671821949,1,0,0,119.85
1782671821949,2,0,0,116.36
1782671821949,3,0,0,120.52
1782671821949,4,0,0,120.83
1782671821949,5,0,0,119.09
1782671821949,6,0,0,118.37
1782671821949,7,0,0,122.76
1782671822169,0,0,0,122.99
1782671822169,1,0,0,119.86
1782671822169,2,0,0,116.34
1782671822169,3,0,0,120.52
1782671822169,4,0,0,120.82
1782671822169,5,0,0,119.14
1782671822169,6,0,0,118.38
1782671822169,7,13,9,154.89
1782671822391,0,0,0,122.95
1782671822391,1,0,0,119.87
1782671822391,2,0,0,116.43
1782671822391,3,0,0,120.52
1782671822391,4,0,0,120.73
1782671822391,5,0,0,119.12
1782671822391,6,47,27,274.71
1782671822391,7,97,76,374.01
1782671822840,0,0,0,122.98
1782671822840,1,0,0,119.85
1782671822840,2,0,0,116.39
1782671822840,3,0,0,120.54
1782671822840,4,0,0,120.69
1782671822840,5,0,0,119.12
1782671822840,6,81,66,434.25
1782671822840,7,100,87,521.01
1782671823168,0,0,0,122.94
1782671823168,1,0,0,119.84
1782671823168,2,0,0,116.41
1782671823168,3,0,0,120.52
1782671823168,4,0,0,120.67
1782671823168,5,0,0,119.11
1782671823168,6,86,75,533.95
1782671823168,7,99,87,552.42
1782671823403,0,0,0,122.95
1782671823403,1,0,0,119.83
1782671823403,2,0,0,116.39
1782671823403,3,0,0,120.55
1782671823403,4,0,0,120.63
1782671823403,5,0,0,119.04
1782671823403,6,100,88,565.53
1782671823403,7,100,88,524.04
1782671823634,0,0,0,122.94
1782671823634,1,0,0,119.82
1782671823634,2,0,0,116.37
1782671823634,3,0,0,120.51
1782671823634,4,0,0,120.69
1782671823634,5,0,0,119.08
1782671823634,6,100,88,502.89
1782671823634,7,0,0,381.63
1782671823861,0,0,0,122.97
1782671823861,1,0,0,119.81
1782671823861,2,0,0,116.40
1782671823861,3,0,0,120.53
1782671823861,4,0,0,120.68
1782671823861,5,0,0,119.08
1782671823861,6,100,88,436.75
1782671823861,7,0,0,309.89
1782671824089,0,0,0,122.99
1782671824089,1,0,0,119.82
1782671824089,2,0,0,116.42
1782671824089,3,0,0,120.54
1782671824089,4,0,0,120.68
1782671824089,5,0,0,119.04
1782671824089,6,100,88,431.09
1782671824089,7,0,0,214.12
1782671824349,0,0,0,123.02
1782671824349,1,0,0,119.83
1782671824349,2,0,0,116.39
1782671824349,3,0,0,120.53
1782671824349,4,0,0,120.68
1782671824349,5,0,0,119.09
1782671824349,6,100,88,434.58
1782671824349,7,0,0,150.16
1782671824575,0,0,0,123.04
1782671824575,1,0,0,119.84
1782671824575,2,0,0,116.40
1782671824575,3,0,0,120.55
1782671824575,4,0,0,120.67
1782671824575,5,0,0,119.05
1782671824575,6,100,88,436.98
1782671824575,7,0,0,123.19
1782671824800,0,0,0,123.07
1782671824800,1,0,0,119.85
1782671824800,2,0,0,116.41
1782671824800,3,0,0,120.54
1782671824800,4,0,0,120.67
1782671824800,5,0,0,119.06
1782671824800,6,100,88,421.37
1782671824800,7,0,0,122.13
1782671825016,0,0,0,123.04
1782671825016,1,0,0,119.84
1782671825016,2,0,0,116.39
1782671825016,3,0,0,120.55
1782671825016,4,0,0,120.67
1782671825016,5,0,0,119.06
1782671825016,6,0,0,359.60
1782671825016,7,0,0,121.96
1782671825231,0,0,0,123.06
1782671825231,1,0,0,119.84
1782671825231,2,0,0,116.38
1782671825231,3,0,0,120.54
1782671825231,4,0,0,120.67
1782671825231,5,0,0,119.04
1782671825231,6,0,0,298.59
1782671825231,7,0,0,121.84
1782671825447,0,0,0,123.29
1782671825447,1,0,0,119.96
1782671825447,2,0,0,116.90
1782671825447,3,0,0,120.79
1782671825447,4,0,0,120.83
1782671825447,5,0,0,119.34
1782671825447,6,0,0,204.13
1782671825447,7,0,0,121.78
1782671825759,0,26,4,128.02
1782671825759,1,0,0,122.60
1782671825759,2,0,0,119.14
1782671825759,3,0,0,123.32
1782671825759,4,0,0,124.56
1782671825759,5,0,0,123.09
1782671825759,6,0,0,121.34
1782671825759,7,99,15,129.33
1782671826569,0,0,0,129.85
1782671826569,1,0,0,125.57
1782671826569,2,43,6,122.28
1782671826569,3,1,0,125.89
1782671826569,4,0,0,126.29
1782671826569,5,0,0,124.51
1782671826569,6,0,0,127.97
1782671826569,7,0,0,131.14
1782671826897,0,0,0,129.86
1782671826897,1,0,0,125.52
1782671826897,2,0,0,122.26
1782671826897,3,0,0,125.89
1782671826897,4,0,0,126.28
1782671826897,5,0,0,123.31
1782671826897,6,0,0,127.91
1782671826897,7,0,0,130.85
1782671827101,0,0,0,128.07
1782671827101,1,0,0,125.50
1782671827101,2,0,0,122.34
1782671827101,3,0,0,125.93
1782671827101,4,0,0,125.77
1782671827101,5,0,0,123.26
1782671827101,6,0,0,127.68
1782671827101,7,0,0,125.66
1782671827304,0,0,0,128.01
1782671827304,1,0,0,124.70
1782671827304,2,0,0,122.29
1782671827304,3,0,0,125.94
1782671827304,4,0,0,125.00
1782671827304,5,0,0,121.80
1782671827304,6,0,0,124.91
1782671827304,7,0,0,125.64
1782671827511,0,0,0,123.01
1782671827511,1,0,0,124.15
1782671827511,2,0,0,122.27
1782671827511,3,0,0,124.74
1782671827511,4,0,0,118.99
1782671827511,5,0,0,112.15
1782671827511,6,0,0,122.45
1782671827511,7,0,0,125.64
1782671827728,0,0,0,112.24
1782671827728,1,0,0,124.14
1782671827728,2,0,0,120.95
1782671827728,3,0,0,124.73
1782671827728,4,0,0,109.29
1782671827728,5,0,0,102.54
1782671827728,6,0,0,122.50
1782671827728,7,0,0,125.65
1782671827948,0,0,0,101.94
1782671827948,1,0,0,124.15
1782671827948,2,0,0,120.93
1782671827948,3,0,0,124.72
1782671827948,4,0,0,94.57
1782671827948,5,0,0,87.84
1782671827948,6,0,0,122.42
1782671827948,7,0,0,121.57
1782671828170,0,0,0,85.98
1782671828170,1,0,0,124.18
1782671828170,2,0,0,120.92
1782671828170,3,0,0,121.78
1782671828170,4,0,0,84.66
1782671828170,5,0,0,77.93
1782671828170,6,0,0,122.48
1782671828170,7,0,0,110.93
1782671828399,0,0,0,75.23
1782671828399,1,0,0,117.70
1782671828399,2,0,0,116.00
1782671828399,3,0,0,112.00
1782671828399,4,0,0,76.07
1782671828399,5,0,0,74.30
1782671828399,6,0,0,117.29
1782671828399,7,0,0,94.95
1782671828643,0,0,0,73.53
1782671828643,1,0,0,102.22
1782671828643,2,0,0,105.84
1782671828643,3,0,0,102.17
1782671828643,4,0,0,75.32
1782671828643,5,0,0,73.82
1782671828643,6,0,0,101.45
1782671828643,7,0,0,84.25
1782671828887,0,0,0,73.11
1782671828887,1,0,0,91.89
1782671828887,2,0,0,90.39
1782671828887,3,0,0,87.34
1782671828887,4,0,0,75.03
1782671828887,5,0,0,73.50
1782671828887,6,0,0,91.55
1782671828887,7,0,0,74.60
1782671829128,0,0,0,72.92
1782671829128,1,0,0,81.45
1782671829128,2,0,0,79.97
1782671829128,3,0,0,77.36
1782671829128,4,0,0,74.57
1782671829128,5,0,0,73.22
1782671829128,6,0,0,81.06
1782671829128,7,0,0,72.30
1782671829370,0,0,0,72.66
1782671829370,1,0,0,72.36
1782671829370,2,0,0,69.19
1782671829370,3,0,0,75.04
1782671829370,4,0,0,74.30
1782671829370,5,0,0,72.82
1782671829370,6,0,0,69.50
1782671829370,7,0,0,72.24
1782671829662,0,0,0,72.54
1782671829662,1,0,0,71.87
1782671829662,2,0,0,68.81
1782671829662,3,0,0,74.58
1782671829662,4,0,0,73.95
1782671829662,5,0,0,72.59
1782671829662,6,0,0,69.41
1782671829662,7,0,0,72.23
1782671829906,0,0,0,72.49
1782671829906,1,0,0,71.57
1782671829906,2,0,0,68.37
1782671829906,3,0,0,74.28
1782671829906,4,0,0,73.80
1782671829906,5,0,0,72.57
1782671829906,6,0,0,69.32
1782671829906,7,0,0,72.21
1782671830149,0,0,0,72.47
1782671830149,1,0,0,71.24
1782671830149,2,0,0,68.14
1782671830149,3,0,0,74.04
1782671830149,4,0,0,73.74
1782671830149,5,0,0,72.55
1782671830149,6,0,0,69.37
1782671830149,7,0,0,72.17
1782671830390,0,0,0,72.42
1782671830390,1,0,0,71.07
1782671830390,2,0,0,67.83
1782671830390,3,0,0,73.80
1782671830390,4,0,0,73.71
1782671830390,5,0,0,72.55
1782671830390,6,0,0,69.31
1782671830390,7,0,0,72.17
1782671830634,0,0,0,72.41
1782671830634,1,0,0,70.97
1782671830634,2,0,0,67.70
1782671830634,3,0,0,73.71
1782671830634,4,0,0,73.72
1782671830634,5,0,0,72.56
1782671830634,6,0,0,69.26
1782671830634,7,0,0,72.21
1782671830877,0,0,0,72.42
1782671830877,1,0,0,70.91
1782671830877,2,0,0,67.62
1782671830877,3,0,0,73.67
1782671830877,4,0,0,73.72
1782671830877,5,0,0,72.53
1782671830877,6,0,0,69.33
1782671830877,7,0,0,72.19
1782671831120,0,0,0,72.41
1782671831120,1,0,0,70.90
1782671831120,2,0,0,67.57
1782671831120,3,0,0,73.67
1782671831120,4,0,0,73.70
1782671831120,5,0,0,72.56
1782671831120,6,0,0,69.26
1782671831120,7,0,0,72.17
1782671831362,0,0,0,72.43
1782671831362,1,0,0,70.87
1782671831362,2,0,0,67.57
1782671831362,3,0,0,73.62
1782671831362,4,0,0,73.70
1782671831362,5,0,0,72.51
1782671831362,6,0,0,69.29
1782671831362,7,0,0,72.17
1782671831604,0,0,0,72.41
1782671831604,1,0,0,70.87
1782671831604,2,0,0,67.56
1782671831604,3,0,0,73.62
1782671831604,4,0,0,73.68
1782671831604,5,0,0,72.49
1782671831604,6,0,0,69.21
1782671831604,7,0,0,72.12
1782671831845,0,0,0,72.39
1782671831845,1,0,0,70.86
1782671831845,2,0,0,67.56
1782671831845,3,0,0,73.62
1782671831845,4,0,0,73.66
1782671831845,5,0,0,72.50
1782671831845,6,0,0,69.16
1782671831845,7,0,0,72.10
1782671832089,0,0,0,72.37
1782671832089,1,0,0,70.87
1782671832089,2,0,0,67.54
1782671832089,3,0,0,73.63
1782671832089,4,0,0,73.70
1782671832089,5,0,0,72.52
1782671832089,6,0,0,69.25
1782671832089,7,0,0,72.09
1782671832330,0,0,0,72.36
1782671832330,1,0,0,70.87
1782671832330,2,0,0,67.53
1782671832330,3,0,0,73.64
1782671832330,4,0,0,73.66
1782671832330,5,0,0,72.49
1782671832330,6,0,0,69.17
1782671832330,7,0,0,72.05
1782671832571,0,0,0,72.35
1782671832571,1,0,0,70.86
1782671832571,2,0,0,67.53
1782671832571,3,0,0,73.62
1782671832571,4,0,0,73.70
1782671832571,5,0,0,72.56
1782671832571,6,0,0,69.24
1782671832571,7,0,0,72.08
1782671832815,0,0,0,72.37
1782671832815,1,0,0,70.88
1782671832815,2,0,0,67.53
1782671832815,3,0,0,73.62
1782671832815,4,0,0,73.71
1782671832815,5,0,0,72.54
1782671832815,6,0,0,69.18
1782671832815,7,0,0,72.11
1782671833057,0,0,0,72.36
1782671833057,1,0,0,70.87
1782671833057,2,0,0,67.55
1782671833057,3,0,0,73.59
1782671833057,4,0,0,73.73
1782671833057,5,0,0,72.49
1782671833057,6,0,0,69.14
1782671833057,7,0,0,72.11
1782671833299,0,0,0,72.37
1782671833299,1,0,0,70.87
1782671833299,2,0,0,67.55
1782671833299,3,0,0,73.57
1782671833299,4,0,0,73.70
1782671833299,5,0,0,72.56
1782671833299,6,0,0,69.22
1782671833299,7,0,0,72.13
1782671833544,0,0,0,72.36
1782671833544,1,0,0,70.87
1782671833544,2,0,0,67.54
1782671833544,3,0,0,73.58
1782671833544,4,0,0,73.70
1782671833544,5,0,0,72.50
1782671833544,6,0,0,69.10
1782671833544,7,0,0,72.15
1782671833787,0,0,0,72.35
1782671833787,1,0,0,70.88
1782671833787,2,0,0,67.56
1782671833787,3,0,0,73.55
1782671833787,4,0,0,73.71
1782671833787,5,0,0,72.44
1782671833787,6,0,0,69.17
1782671833787,7,0,0,72.18
1782671834031,0,0,0,72.32
1782671834031,1,0,0,70.85
1782671834031,2,0,0,67.54
1782671834031,3,0,0,73.57
1782671834031,4,0,0,73.69
1782671834031,5,0,0,72.50
1782671834031,6,0,0,69.18
1782671834031,7,0,0,72.24
1782671834276,0,0,0,72.34
1782671834276,1,0,0,70.86
1782671834276,2,0,0,67.54
1782671834276,3,0,0,73.59
1782671834276,4,0,0,73.69
1782671834276,5,0,0,72.49
1782671834276,6,0,0,69.11
1782671834276,7,0,0,72.26
1782671834518,0,0,0,72.30
1782671834518,1,0,0,70.87
1782671834518,2,0,0,67.54
1782671834518,3,0,0,73.59
1782671834518,4,0,0,73.70
1782671834518,5,0,0,72.46
1782671834518,6,0,0,69.18
1782671834518,7,0,0,72.29
1782671834813,0,0,0,72.32
1782671834813,1,0,0,70.83
1782671834813,2,0,0,67.53
1782671834813,3,0,0,73.61
1782671834813,4,0,0,73.70
1782671834813,5,0,0,72.52
1782671834813,6,0,0,69.12
1782671834813,7,0,0,72.28
1782671835054,0,0,0,72.31
1782671835054,1,0,0,70.84
1782671835054,2,0,0,67.52
1782671835054,3,0,0,73.59
1782671835054,4,0,0,73.70
1782671835054,5,0,0,72.49
1782671835054,6,0,0,69.10
1782671835054,7,0,0,72.27
1782671835297,0,0,0,72.33
1782671835297,1,0,0,70.85
1782671835297,2,0,0,67.50
1782671835297,3,0,0,73.58
1782671835297,4,0,0,73.73
1782671835297,5,0,0,72.43
1782671835297,6,0,0,69.19
1782671835297,7,0,0,72.28
1782671835540,0,0,0,72.34
1782671835540,1,0,0,70.83
1782671835540,2,0,0,67.51
1782671835540,3,0,0,73.58
1782671835540,4,0,0,73.71
1782671835540,5,0,0,72.47
1782671835540,6,0,0,69.10
1782671835540,7,0,0,72.28
1782671835780,0,0,0,72.34
1782671835780,1,0,0,70.86
1782671835780,2,0,0,67.50
1782671835780,3,0,0,73.58
1782671835780,4,0,0,73.70
1782671835780,5,0,0,72.46
1782671835780,6,0,0,69.16
1782671835780,7,0,0,72.27
1782671836025,0,0,0,72.35
1782671836025,1,0,0,70.85
1782671836025,2,0,0,67.49
1782671836025,3,0,0,73.58
1782671836025,4,0,0,73.69
1782671836025,5,0,0,72.41
1782671836025,6,0,0,69.10
1782671836025,7,0,0,72.29
1782671836268,0,0,0,72.36
1782671836268,1,0,0,70.83
1782671836268,2,0,0,67.50
1782671836268,3,0,0,73.58
1782671836268,4,0,0,73.65
1782671836268,5,0,0,72.47
1782671836268,6,0,0,69.10
1782671836268,7,0,0,72.28
1782671836514,0,0,0,72.33
1782671836514,1,0,0,70.81
1782671836514,2,0,0,67.48
1782671836514,3,0,0,73.57
1782671836514,4,0,0,73.62
1782671836514,5,0,0,72.47
1782671836514,6,0,0,69.18
1782671836514,7,0,0,72.30
1782671836775,0,0,0,72.31
1782671836775,1,0,0,70.79
1782671836775,2,0,0,67.47
1782671836775,3,0,0,73.56
1782671836775,4,0,0,73.59
1782671836775,5,0,0,72.45
1782671836775,6,0,0,69.10
1782671836775,7,0,0,72.31
