timestamp_ms,gpu_index,gpu_util_pct,mem_util_pct,power_w
1782671635554,0,0,0,70.19
1782671635554,1,0,0,68.56
1782671635554,2,0,0,69.08
1782671635554,3,0,0,70.38
1782671635554,4,0,0,69.01
1782671635554,5,0,0,69.44
1782671635554,6,0,0,68.91
1782671635554,7,0,0,69.94
1782671635801,0,0,0,70.22
1782671635801,1,0,0,68.58
1782671635801,2,0,0,69.11
1782671635801,3,0,0,70.39
1782671635801,4,0,0,69.03
1782671635801,5,0,0,69.46
1782671635801,6,0,0,68.90
1782671635801,7,0,0,69.93
1782671636047,0,0,0,70.22
1782671636047,1,0,0,68.59
1782671636047,2,0,0,69.13
1782671636047,3,0,0,70.38
1782671636047,4,0,0,69.04
1782671636047,5,0,0,69.46
1782671636047,6,0,0,68.94
1782671636047,7,0,0,69.95
1782671636290,0,0,0,70.23
1782671636290,1,0,0,68.58
1782671636290,2,0,0,69.15
1782671636290,3,0,0,70.36
1782671636290,4,0,0,69.02
1782671636290,5,0,0,69.46
1782671636290,6,0,0,68.94
1782671636290,7,0,0,69.96
1782671636532,0,0,0,70.23
1782671636532,1,0,0,68.61
1782671636532,2,0,0,69.18
1782671636532,3,0,0,70.42
1782671636532,4,0,0,69.05
1782671636532,5,0,0,69.46
1782671636532,6,0,0,68.89
1782671636532,7,0,0,69.94
1782671636797,0,0,0,70.23
1782671636797,1,0,0,68.63
1782671636797,2,0,0,69.17
1782671636797,3,0,0,70.41
1782671636797,4,0,0,69.05
1782671636797,5,0,0,69.45
1782671636797,6,0,0,68.90
1782671636797,7,0,0,69.92
1782671637038,0,0,0,70.24
1782671637038,1,0,0,68.64
1782671637038,2,0,0,69.17
1782671637038,3,0,0,70.41
1782671637038,4,0,0,69.04
1782671637038,5,0,0,69.47
1782671637038,6,0,0,68.85
1782671637038,7,0,0,69.92
1782671637282,0,0,0,70.22
1782671637282,1,0,0,68.64
1782671637282,2,0,0,69.14
1782671637282,3,0,0,70.45
1782671637282,4,0,0,69.06
1782671637282,5,0,0,69.48
1782671637282,6,0,0,68.88
1782671637282,7,0,0,69.91
1782671637524,0,0,0,70.21
1782671637524,1,0,0,68.64
1782671637524,2,0,0,69.11
1782671637524,3,0,0,70.39
1782671637524,4,0,0,69.08
1782671637524,5,0,0,69.47
1782671637524,6,0,0,68.90
1782671637524,7,0,0,69.91
1782671637836,0,0,0,70.23
1782671637836,1,0,0,68.63
1782671637836,2,0,0,69.10
1782671637836,3,0,0,70.38
1782671637836,4,0,0,69.10
1782671637836,5,0,0,69.46
1782671637836,6,0,0,68.92
1782671637836,7,0,0,69.90
1782671638446,0,0,0,72.03
1782671638446,1,0,0,68.64
1782671638446,2,0,0,69.13
1782671638446,3,0,0,70.36
1782671638446,4,0,0,69.08
1782671638446,5,0,0,69.48
1782671638446,6,0,0,68.91
1782671638446,7,0,0,69.90
1782671639345,0,0,0,73.20
1782671639345,1,0,0,68.63
1782671639345,2,0,0,69.15
1782671639345,3,0,0,70.35
1782671639345,4,0,0,69.12
1782671639345,5,0,0,69.46
1782671639345,6,0,0,69.02
1782671639345,7,0,0,69.94
1782671640521,0,0,0,71.38
1782671640521,1,0,0,68.57
1782671640521,2,0,0,69.07
1782671640521,3,0,0,70.39
1782671640521,4,0,0,69.05
1782671640521,5,0,0,69.43
1782671640521,6,0,0,68.97
1782671640521,7,0,0,69.99
1782671640765,0,0,0,70.43
1782671640765,1,0,0,68.56
1782671640765,2,0,0,69.06
1782671640765,3,0,0,70.39
1782671640765,4,0,0,69.03
1782671640765,5,0,0,69.42
1782671640765,6,0,0,68.97
1782671640765,7,0,0,69.99
1782671641008,0,0,0,70.17
1782671641008,1,0,0,68.58
1782671641008,2,0,0,69.06
1782671641008,3,0,0,70.39
1782671641008,4,0,0,69.03
1782671641008,5,0,0,69.43
1782671641008,6,0,0,68.93
1782671641008,7,0,0,69.98
1782671641253,0,0,0,70.19
1782671641253,1,0,0,68.59
1782671641253,2,0,0,69.11
1782671641253,3,0,0,70.37
1782671641253,4,0,0,69.02
1782671641253,5,0,0,69.42
1782671641253,6,0,0,68.92
1782671641253,7,0,0,69.96
1782671641495,0,0,0,70.19
1782671641495,1,0,0,68.61
1782671641495,2,0,0,69.16
1782671641495,3,0,0,70.42
1782671641495,4,0,0,69.04
1782671641495,5,0,0,69.42
1782671641495,6,0,0,68.93
1782671641495,7,0,0,69.96
1782671641737,0,0,0,70.19
1782671641737,1,0,0,68.60
1782671641737,2,0,0,69.17
1782671641737,3,0,0,70.42
1782671641737,4,0,0,69.04
1782671641737,5,0,0,69.43
1782671641737,6,0,0,68.86
1782671641737,7,0,0,69.95
1782671642011,0,0,0,70.19
1782671642011,1,0,0,68.58
1782671642011,2,0,0,69.20
1782671642011,3,0,0,70.42
1782671642011,4,0,0,69.04
1782671642011,5,0,0,69.44
1782671642011,6,0,0,68.92
1782671642011,7,0,0,69.96
1782671642257,0,0,0,70.17
1782671642257,1,0,0,68.56
1782671642257,2,0,0,69.16
1782671642257,3,0,0,70.45
1782671642257,4,0,0,69.05
1782671642257,5,0,0,69.42
1782671642257,6,0,0,68.87
1782671642257,7,0,0,69.95
1782671642500,0,0,0,70.16
1782671642500,1,0,0,68.56
1782671642500,2,0,0,69.14
1782671642500,3,0,0,70.42
1782671642500,4,0,0,69.03
1782671642500,5,0,0,69.41
1782671642500,6,0,0,68.86
1782671642500,7,0,0,69.95
1782671642743,0,0,0,70.15
1782671642743,1,0,0,68.56
1782671642743,2,0,0,69.12
1782671642743,3,0,0,70.41
1782671642743,4,0,0,69.05
1782671642743,5,0,0,69.41
1782671642743,6,0,0,68.91
1782671642743,7,0,0,69.93
1782671642987,0,0,0,70.14
1782671642987,1,0,0,68.59
1782671642987,2,0,0,69.10
1782671642987,3,0,0,70.44
1782671642987,4,0,0,69.07
1782671642987,5,0,0,69.41
1782671642987,6,0,0,68.88
1782671642987,7,0,0,69.93
1782671643231,0,0,0,70.13
1782671643231,1,0,0,68.63
1782671643231,2,0,0,69.10
1782671643231,3,0,0,70.43
1782671643231,4,0,0,69.06
1782671643231,5,0,0,69.42
1782671643231,6,0,0,68.88
1782671643231,7,0,0,69.94
1782671643473,0,0,0,70.12
1782671643473,1,0,0,68.62
1782671643473,2,0,0,69.09
1782671643473,3,0,0,70.42
1782671643473,4,0,0,69.07
1782671643473,5,0,0,69.42
1782671643473,6,0,0,68.92
1782671643473,7,0,0,69.93
1782671643758,0,0,0,70.15
1782671643758,1,0,0,68.60
1782671643758,2,0,0,69.13
1782671643758,3,0,0,70.40
1782671643758,4,0,0,69.07
1782671643758,5,0,0,69.43
1782671643758,6,0,0,68.98
1782671643758,7,0,0,69.90
1782671644464,0,0,0,70.16
1782671644464,1,0,0,68.60
1782671644464,2,0,0,69.15
1782671644464,3,0,0,70.40
1782671644464,4,0,0,69.07
1782671644464,5,0,0,69.43
1782671644464,6,0,0,69.01
1782671644464,7,0,0,69.89
1782671644710,0,0,0,70.17
1782671644710,1,0,0,68.65
1782671644710,2,0,0,69.14
1782671644710,3,0,0,70.37
1782671644710,4,0,0,69.07
1782671644710,5,0,0,69.46
1782671644710,6,0,0,68.95
1782671644710,7,0,0,69.87
1782671644953,0,0,0,70.21
1782671644953,1,0,0,68.66
1782671644953,2,0,0,69.13
1782671644953,3,0,0,70.38
1782671644953,4,0,0,69.08
1782671644953,5,0,0,69.46
1782671644953,6,0,0,68.96
1782671644953,7,0,0,69.87
1782671645198,0,0,0,70.21
1782671645198,1,0,0,68.64
1782671645198,2,0,0,69.08
1782671645198,3,0,0,70.37
1782671645198,4,0,0,69.06
1782671645198,5,0,0,69.45
1782671645198,6,0,0,68.87
1782671645198,7,0,0,69.86
1782671645442,0,0,0,70.19
1782671645442,1,0,0,68.62
1782671645442,2,0,0,69.08
1782671645442,3,0,0,70.33
1782671645442,4,0,0,69.06
1782671645442,5,0,0,69.45
1782671645442,6,0,0,68.88
1782671645442,7,0,0,69.87
1782671645687,0,0,0,70.18
1782671645687,1,0,0,68.57
1782671645687,2,0,0,69.04
1782671645687,3,0,0,70.35
1782671645687,4,0,0,69.06
1782671645687,5,0,0,69.45
1782671645687,6,0,0,68.90
1782671645687,7,0,0,69.89
1782671645932,0,0,0,70.16
1782671645932,1,0,0,68.55
1782671645932,2,0,0,69.04
1782671645932,3,0,0,70.32
1782671645932,4,0,0,69.06
1782671645932,5,0,0,69.45
1782671645932,6,0,0,68.86
1782671645932,7,0,0,69.90
1782671646179,0,0,0,70.15
1782671646179,1,0,0,68.57
1782671646179,2,0,0,69.06
1782671646179,3,0,0,70.33
1782671646179,4,0,0,69.05
1782671646179,5,0,0,69.43
1782671646179,6,0,0,68.94
1782671646179,7,0,0,69.89
1782671646423,0,0,0,70.17
1782671646423,1,0,0,68.58
1782671646423,2,0,0,69.06
1782671646423,3,0,0,70.34
1782671646423,4,0,0,69.04
1782671646423,5,0,0,69.42
1782671646423,6,0,0,68.91
1782671646423,7,0,0,69.91
1782671646667,0,0,0,70.16
1782671646667,1,0,0,68.60
1782671646667,2,0,0,69.10
1782671646667,3,0,0,70.32
1782671646667,4,0,0,69.03
1782671646667,5,0,0,69.40
1782671646667,6,0,0,68.85
1782671646667,7,0,0,69.90
1782671646911,0,0,0,70.14
1782671646911,1,0,0,68.61
1782671646911,2,0,0,69.11
1782671646911,3,0,0,70.32
1782671646911,4,0,0,69.03
1782671646911,5,0,0,69.40
1782671646911,6,0,0,68.93
1782671646911,7,0,0,69.93
1782671647213,0,0,0,70.13
1782671647213,1,0,0,68.58
1782671647213,2,0,0,69.12
1782671647213,3,0,0,70.33
1782671647213,4,0,0,69.01
1782671647213,5,0,0,69.41
1782671647213,6,0,0,68.90
1782671647213,7,0,0,69.95
1782671647458,0,0,0,70.10
1782671647458,1,0,0,68.56
1782671647458,2,0,0,69.10
1782671647458,3,0,0,70.34
1782671647458,4,0,0,69.02
1782671647458,5,0,0,69.41
1782671647458,6,0,0,68.92
1782671647458,7,0,0,69.98
1782671647702,0,0,0,70.07
1782671647702,1,0,0,68.55
1782671647702,2,0,0,69.09
1782671647702,3,0,0,70.36
1782671647702,4,0,0,69.03
1782671647702,5,0,0,69.43
1782671647702,6,0,0,68.87
1782671647702,7,0,0,69.96
1782671647949,0,0,0,70.10
1782671647949,1,0,0,68.54
1782671647949,2,0,0,69.07
1782671647949,3,0,0,70.39
1782671647949,4,0,0,69.02
1782671647949,5,0,0,69.43
1782671647949,6,0,0,68.87
1782671647949,7,0,0,69.95
1782671648204,0,0,0,70.11
1782671648204,1,0,0,68.57
1782671648204,2,0,0,69.04
1782671648204,3,0,0,70.39
1782671648204,4,0,0,69.06
1782671648204,5,0,0,69.43
1782671648204,6,0,0,68.86
1782671648204,7,0,0,69.93
1782671648464,0,0,0,70.13
1782671648464,1,0,0,68.57
1782671648464,2,0,0,69.07
1782671648464,3,0,0,70.37
1782671648464,4,0,0,69.04
1782671648464,5,0,0,69.43
1782671648464,6,0,0,68.94
1782671648464,7,0,0,69.91
1782671648724,0,0,0,70.14
1782671648724,1,0,0,68.58
1782671648724,2,0,0,69.08
1782671648724,3,0,0,70.40
1782671648724,4,0,0,69.04
1782671648724,5,0,0,69.42
1782671648724,6,0,0,68.91
1782671648724,7,0,0,69.92
1782671648977,0,0,0,70.17
1782671648977,1,0,0,68.59
1782671648977,2,0,0,69.12
1782671648977,3,0,0,70.43
1782671648977,4,0,0,69.03
1782671648977,5,0,0,69.43
1782671648977,6,0,0,68.89
1782671648977,7,0,0,69.94
1782671649228,0,0,0,70.19
1782671649228,1,0,0,68.56
1782671649228,2,0,0,69.14
1782671649228,3,0,0,70.42
1782671649228,4,0,0,69.00
1782671649228,5,0,0,69.43
1782671649228,6,0,0,68.93
1782671649228,7,0,0,69.96
1782671649476,0,0,0,70.21
1782671649476,1,0,0,68.57
1782671649476,2,0,0,69.15
1782671649476,3,0,0,70.44
1782671649476,4,0,0,69.02
1782671649476,5,0,0,69.41
1782671649476,6,0,0,68.85
1782671649476,7,0,0,69.96
1782671649724,0,0,0,70.25
1782671649724,1,0,0,68.58
1782671649724,2,0,0,69.15
1782671649724,3,0,0,70.44
1782671649724,4,0,0,69.01
1782671649724,5,0,0,69.39
1782671649724,6,0,0,68.90
1782671649724,7,0,0,69.94
1782671649972,0,0,0,70.25
1782671649972,1,0,0,68.58
1782671649972,2,0,0,69.13
1782671649972,3,0,0,70.39
1782671649972,4,0,0,69.01
1782671649972,5,0,0,69.39
1782671649972,6,0,0,68.87
1782671649972,7,0,0,69.93
1782671650221,0,0,0,70.24
1782671650221,1,0,0,68.63
1782671650221,2,0,0,69.11
1782671650221,3,0,0,70.39
1782671650221,4,0,0,69.04
1782671650221,5,0,0,69.41
1782671650221,6,0,0,68.86
1782671650221,7,0,0,69.90
1782671650470,0,0,0,70.22
1782671650470,1,0,0,68.64
1782671650470,2,0,0,69.07
1782671650470,3,0,0,70.36
1782671650470,4,0,0,69.05
1782671650470,5,0,0,69.41
1782671650470,6,0,0,68.88
1782671650470,7,0,0,69.89
1782671650718,0,0,0,70.22
1782671650718,1,0,0,68.63
1782671650718,2,0,0,69.06
1782671650718,3,0,0,70.34
1782671650718,4,0,0,69.09
1782671650718,5,0,0,69.43
1782671650718,6,0,0,68.89
1782671650718,7,0,0,69.88
1782671650965,0,0,0,70.21
1782671650965,1,0,0,68.62
1782671650965,2,0,0,69.06
1782671650965,3,0,0,70.33
1782671650965,4,0,0,69.10
1782671650965,5,0,0,69.43
1782671650965,6,0,0,68.89
1782671650965,7,0,0,69.88
1782671651212,0,0,0,70.18
1782671651212,1,0,0,68.60
1782671651212,2,0,0,69.07
1782671651212,3,0,0,70.32
1782671651212,4,0,0,69.06
1782671651212,5,0,0,69.44
1782671651212,6,0,0,68.94
1782671651212,7,0,0,69.87
1782671651457,0,0,0,70.16
1782671651457,1,0,0,68.60
1782671651457,2,0,0,69.09
1782671651457,3,0,0,70.35
1782671651457,4,0,0,69.07
1782671651457,5,0,0,69.46
1782671651457,6,0,0,68.90
1782671651457,7,0,0,69.90
1782671651704,0,0,0,70.14
1782671651704,1,0,0,68.61
1782671651704,2,0,0,69.10
1782671651704,3,0,0,70.34
1782671651704,4,0,0,69.06
1782671651704,5,0,0,69.44
1782671651704,6,0,0,68.94
1782671651704,7,0,0,69.91
1782671651950,0,0,0,70.11
1782671651950,1,0,0,68.63
1782671651950,2,0,0,69.11
1782671651950,3,0,0,70.38
1782671651950,4,0,0,69.06
1782671651950,5,0,0,69.44
1782671651950,6,0,0,68.95
1782671651950,7,0,0,69.92
1782671652402,0,0,0,70.11
1782671652402,1,0,0,68.61
1782671652402,2,0,0,69.11
1782671652402,3,0,0,70.39
1782671652402,4,0,0,69.02
1782671652402,5,0,0,69.43
1782671652402,6,0,0,68.94
1782671652402,7,0,0,69.90
1782671652654,0,0,0,70.11
1782671652654,1,0,0,68.57
1782671652654,2,0,0,69.10
1782671652654,3,0,0,70.39
1782671652654,4,0,0,69.02
1782671652654,5,0,0,69.42
1782671652654,6,0,0,68.96
1782671652654,7,0,0,69.92
1782671652902,0,0,0,70.10
1782671652902,1,0,0,68.54
1782671652902,2,0,0,69.07
1782671652902,3,0,0,70.41
1782671652902,4,0,0,69.01
1782671652902,5,0,0,69.41
1782671652902,6,0,0,68.89
1782671652902,7,0,0,69.92
1782671653150,0,0,0,70.13
1782671653150,1,0,0,68.52
1782671653150,2,0,0,69.06
1782671653150,3,0,0,70.40
1782671653150,4,0,0,68.99
1782671653150,5,0,0,69.39
1782671653150,6,0,0,68.89
1782671653150,7,0,0,69.94
1782671653399,0,0,0,70.13
1782671653399,1,0,0,68.50
1782671653399,2,0,0,69.04
1782671653399,3,0,0,70.37
1782671653399,4,0,0,69.01
1782671653399,5,0,0,69.39
1782671653399,6,0,0,68.87
1782671653399,7,0,0,69.95
1782671653647,0,0,0,70.14
1782671653647,1,0,0,68.54
1782671653647,2,0,0,69.03
1782671653647,3,0,0,70.36
1782671653647,4,0,0,68.98
1782671653647,5,0,0,69.38
1782671653647,6,0,0,68.83
1782671653647,7,0,0,69.95
1782671653894,0,0,0,70.14
1782671653894,1,0,0,68.54
1782671653894,2,0,0,69.05
1782671653894,3,0,0,70.39
1782671653894,4,0,0,68.97
1782671653894,5,0,0,69.38
1782671653894,6,0,0,68.88
1782671653894,7,0,0,69.95
1782671654142,0,0,0,70.14
1782671654142,1,0,0,68.56
1782671654142,2,0,0,69.06
1782671654142,3,0,0,70.38
1782671654142,4,0,0,68.99
1782671654142,5,0,0,69.37
1782671654142,6,0,0,68.83
1782671654142,7,0,0,69.95
1782671654390,0,0,0,70.16
1782671654390,1,0,0,68.61
1782671654390,2,0,0,69.10
1782671654390,3,0,0,70.39
1782671654390,4,0,0,68.99
1782671654390,5,0,0,69.38
1782671654390,6,0,0,68.88
1782671654390,7,0,0,69.92
1782671654638,0,0,0,70.18
1782671654638,1,0,0,68.60
1782671654638,2,0,0,69.15
1782671654638,3,0,0,70.42
1782671654638,4,0,0,68.99
1782671654638,5,0,0,69.37
1782671654638,6,0,0,68.89
1782671654638,7,0,0,69.91
1782671654885,0,0,0,70.21
1782671654885,1,0,0,68.61
1782671654885,2,0,0,69.17
1782671654885,3,0,0,70.38
1782671654885,4,0,0,69.01
1782671654885,5,0,0,69.37
1782671654885,6,0,0,68.88
1782671654885,7,0,0,69.93
1782671655131,0,0,0,70.22
1782671655131,1,0,0,68.60
1782671655131,2,0,0,69.15
1782671655131,3,0,0,70.40
1782671655131,4,0,0,68.99
1782671655131,5,0,0,69.39
1782671655131,6,0,0,68.83
1782671655131,7,0,0,69.92
1782671655483,0,0,0,70.15
1782671655483,1,0,0,68.60
1782671655483,2,0,0,69.06
1782671655483,3,0,0,70.35
1782671655483,4,0,0,69.02
1782671655483,5,0,0,69.42
1782671655483,6,0,0,68.89
1782671655483,7,0,0,69.93
1782671656209,0,0,0,70.16
1782671656209,1,0,0,68.60
1782671656209,2,0,0,69.04
1782671656209,3,0,0,70.35
1782671656209,4,0,0,69.00
1782671656209,5,0,0,69.43
1782671656209,6,0,0,68.87
1782671656209,7,0,0,69.92
1782671656456,0,0,0,70.16
1782671656456,1,0,0,68.59
1782671656456,2,0,0,69.04
1782671656456,3,0,0,70.36
1782671656456,4,0,0,69.02
1782671656456,5,0,0,69.42
1782671656456,6,0,0,68.94
1782671656456,7,0,0,69.89
1782671656704,0,0,0,70.14
1782671656704,1,0,0,68.58
1782671656704,2,0,0,69.04
1782671656704,3,0,0,70.37
1782671656704,4,0,0,69.00
1782671656704,5,0,0,69.43
1782671656704,6,0,0,68.92
1782671656704,7,0,0,69.88
1782671656950,0,0,0,70.14
1782671656950,1,0,0,68.56
1782671656950,2,0,0,69.04
1782671656950,3,0,0,70.36
1782671656950,4,0,0,69.02
1782671656950,5,0,0,69.40
1782671656950,6,0,0,68.94
1782671656950,7,0,0,69.87
1782671657198,0,0,0,70.12
1782671657198,1,0,0,68.58
1782671657198,2,0,0,69.05
1782671657198,3,0,0,70.34
1782671657198,4,0,0,69.04
1782671657198,5,0,0,69.40
1782671657198,6,0,0,68.96
1782671657198,7,0,0,69.88
1782671657447,0,0,0,70.09
1782671657447,1,0,0,68.61
1782671657447,2,0,0,69.07
1782671657447,3,0,0,70.33
1782671657447,4,0,0,69.01
1782671657447,5,0,0,69.40
1782671657447,6,0,0,68.88
1782671657447,7,0,0,69.90
1782671657725,0,0,0,70.09
1782671657725,1,0,0,68.62
1782671657725,2,0,0,69.09
1782671657725,3,0,0,70.29
1782671657725,4,0,0,69.04
1782671657725,5,0,0,69.42
1782671657725,6,0,0,68.95
1782671657725,7,0,0,69.92
1782671658108,0,0,0,70.10
1782671658108,1,0,0,68.62
1782671658108,2,0,0,69.11
1782671658108,3,0,0,70.29
1782671658108,4,0,0,69.06
1782671658108,5,0,0,69.41
1782671658108,6,0,0,68.95
1782671658108,7,0,0,69.90
1782671658355,0,0,0,70.09
1782671658355,1,0,0,68.57
1782671658355,2,0,0,69.08
1782671658355,3,0,0,70.29
1782671658355,4,0,0,69.05
1782671658355,5,0,0,69.40
1782671658355,6,0,0,68.88
1782671658355,7,0,0,69.90
1782671658606,0,0,0,70.13
1782671658606,1,0,0,68.52
1782671658606,2,0,0,69.05
1782671658606,3,0,0,70.30
1782671658606,4,0,0,69.03
1782671658606,5,0,0,69.40
1782671658606,6,0,0,68.95
1782671658606,7,0,0,69.90
1782671658855,0,0,0,70.15
1782671658855,1,0,0,68.44
1782671658855,2,0,0,69.02
1782671658855,3,0,0,70.30
1782671658855,4,0,0,69.02
1782671658855,5,0,0,69.40
1782671658855,6,0,0,68.85
1782671658855,7,0,0,69.89
1782671659104,0,0,0,70.15
1782671659104,1,0,0,68.42
1782671659104,2,0,0,69.00
1782671659104,3,0,0,70.31
1782671659104,4,0,0,68.99
1782671659104,5,0,0,69.39
1782671659104,6,0,0,68.86
1782671659104,7,0,0,69.91
1782671659357,0,0,0,70.16
1782671659357,1,0,0,68.40
1782671659357,2,0,0,69.01
1782671659357,3,0,0,70.31
1782671659357,4,0,0,68.99
1782671659357,5,0,0,69.39
1782671659357,6,0,0,68.89
1782671659357,7,0,0,69.91
1782671659603,0,0,0,70.15
1782671659603,1,0,0,68.40
1782671659603,2,0,0,69.02
1782671659603,3,0,0,70.33
1782671659603,4,0,0,69.00
1782671659603,5,0,0,69.37
1782671659603,6,0,0,68.85
1782671659603,7,0,0,69.92
1782671659851,0,0,0,70.13
1782671659851,1,0,0,68.40
1782671659851,2,0,0,69.04
1782671659851,3,0,0,70.30
1782671659851,4,0,0,68.98
1782671659851,5,0,0,69.35
1782671659851,6,0,0,68.93
1782671659851,7,0,0,69.93
1782671660098,0,0,0,70.13
1782671660098,1,0,0,68.39
1782671660098,2,0,0,69.07
1782671660098,3,0,0,70.30
1782671660098,4,0,0,69.00
1782671660098,5,0,0,69.34
1782671660098,6,0,0,68.89
1782671660098,7,0,0,69.92
1782671660396,0,0,0,70.13
1782671660396,1,0,0,68.39
1782671660396,2,0,0,69.12
1782671660396,3,0,0,70.34
1782671660396,4,0,0,68.98
1782671660396,5,0,0,69.38
1782671660396,6,0,0,68.83
1782671660396,7,0,0,69.94
1782671660706,0,0,0,70.14
1782671660706,1,0,0,68.39
1782671660706,2,0,0,69.12
1782671660706,3,0,0,70.37
1782671660706,4,0,0,68.99
1782671660706,5,0,0,69.38
1782671660706,6,0,0,68.90
1782671660706,7,0,0,69.94
1782671660968,0,0,0,70.15
1782671660968,1,0,0,68.40
1782671660968,2,0,0,69.13
1782671660968,3,0,0,70.36
1782671660968,4,0,0,68.98
1782671660968,5,0,0,69.36
1782671660968,6,0,0,68.86
1782671660968,7,0,0,69.95
1782671661216,0,0,0,70.14
1782671661216,1,0,0,68.39
1782671661216,2,0,0,69.10
1782671661216,3,0,0,70.40
1782671661216,4,0,0,68.98
1782671661216,5,0,0,69.38
1782671661216,6,0,0,68.89
1782671661216,7,0,0,69.94
1782671661465,0,0,0,70.14
1782671661465,1,0,0,68.40
1782671661465,2,0,0,69.07
1782671661465,3,0,0,70.36
1782671661465,4,0,0,68.98
1782671661465,5,0,0,69.37
1782671661465,6,0,0,68.88
1782671661465,7,0,0,69.95
1782671661714,0,0,0,70.13
1782671661714,1,0,0,68.39
1782671661714,2,0,0,69.06
1782671661714,3,0,0,70.35
1782671661714,4,0,0,69.01
1782671661714,5,0,0,69.38
1782671661714,6,0,0,68.84
1782671661714,7,0,0,69.94
1782671661965,0,0,0,70.08
1782671661965,1,0,0,68.40
1782671661965,2,0,0,69.06
1782671661965,3,0,0,70.40
1782671661965,4,0,0,69.00
1782671661965,5,0,0,69.38
1782671661965,6,0,0,68.87
1782671661965,7,0,0,69.93
1782671662214,0,0,0,70.08
1782671662214,1,0,0,68.41
1782671662214,2,0,0,69.06
1782671662214,3,0,0,70.37
1782671662214,4,0,0,68.99
1782671662214,5,0,0,69.39
1782671662214,6,0,0,68.83
1782671662214,7,0,0,69.91
1782671662464,0,0,0,70.09
1782671662464,1,0,0,68.40
1782671662464,2,0,0,69.09
1782671662464,3,0,0,70.35
1782671662464,4,0,0,69.02
1782671662464,5,0,0,69.39
1782671662464,6,0,0,68.85
1782671662464,7,0,0,69.89
1782671662714,0,0,0,70.10
1782671662714,1,0,0,68.41
1782671662714,2,0,0,69.12
1782671662714,3,0,0,70.36
1782671662714,4,0,0,69.03
1782671662714,5,0,0,69.40
1782671662714,6,0,0,68.84
1782671662714,7,0,0,69.87
1782671662963,0,0,0,70.13
1782671662963,1,0,0,68.43
1782671662963,2,0,0,69.11
1782671662963,3,0,0,70.33
1782671662963,4,0,0,69.04
1782671662963,5,0,0,69.41
1782671662963,6,0,0,68.82
1782671662963,7,0,0,69.87
1782671663212,0,0,0,70.14
1782671663212,1,0,0,68.43
1782671663212,2,0,0,69.12
1782671663212,3,0,0,70.31
1782671663212,4,0,0,69.07
1782671663212,5,0,0,69.39
1782671663212,6,0,0,68.83
1782671663212,7,0,0,69.88
1782671663462,0,0,0,70.14
1782671663462,1,0,0,68.43
1782671663462,2,0,0,69.11
1782671663462,3,0,0,70.29
1782671663462,4,0,0,69.07
1782671663462,5,0,0,69.41
1782671663462,6,0,0,68.86
1782671663462,7,0,0,69.87
1782671663767,0,0,0,70.15
1782671663767,1,0,0,68.43
1782671663767,2,0,0,69.07
1782671663767,3,0,0,70.30
1782671663767,4,0,0,69.00
1782671663767,5,0,0,69.40
1782671663767,6,0,0,68.93
1782671663767,7,0,0,69.86
1782671664015,0,0,0,70.17
1782671664015,1,0,0,68.41
1782671664015,2,0,0,69.03
1782671664015,3,0,0,70.30
1782671664015,4,0,0,69.03
1782671664015,5,0,0,69.41
1782671664015,6,0,0,68.87
1782671664015,7,0,0,69.86
1782671664264,0,0,0,70.15
1782671664264,1,0,0,68.38
1782671664264,2,0,0,69.02
1782671664264,3,0,0,70.31
1782671664264,4,0,0,69.02
1782671664264,5,0,0,69.42
1782671664264,6,0,0,68.88
1782671664264,7,0,0,69.85
1782671664514,0,0,0,70.16
1782671664514,1,0,0,68.37
1782671664514,2,0,0,68.99
1782671664514,3,0,0,70.35
1782671664514,4,0,0,69.01
1782671664514,5,0,0,69.43
1782671664514,6,0,0,68.83
1782671664514,7,0,0,69.88
1782671664763,0,0,0,70.14
1782671664763,1,0,0,68.38
1782671664763,2,0,0,69.00
1782671664763,3,0,0,70.34
1782671664763,4,0,0,69.01
1782671664763,5,0,0,69.40
1782671664763,6,0,0,68.84
1782671664763,7,0,0,69.87
1782671665010,0,0,0,70.14
1782671665010,1,0,0,68.42
1782671665010,2,0,0,69.06
1782671665010,3,0,0,70.35
1782671665010,4,0,0,68.98
1782671665010,5,0,0,69.34
1782671665010,6,0,0,68.91
1782671665010,7,0,0,69.89
1782671665322,0,0,0,70.13
1782671665322,1,0,0,68.41
1782671665322,2,0,0,69.08
1782671665322,3,0,0,70.37
1782671665322,4,0,0,68.96
1782671665322,5,0,0,69.33
1782671665322,6,0,0,68.96
1782671665322,7,0,0,69.90
1782671665602,0,0,0,70.13
1782671665602,1,0,0,68.40
1782671665602,2,0,0,69.08
1782671665602,3,0,0,70.36
1782671665602,4,0,0,68.98
1782671665602,5,0,0,69.34
1782671665602,6,0,0,68.96
1782671665602,7,0,0,69.90
1782671665849,0,0,0,70.12
1782671665849,1,0,0,68.37
1782671665849,2,0,0,69.08
1782671665849,3,0,0,70.35
1782671665849,4,0,0,68.96
1782671665849,5,0,0,69.35
1782671665849,6,0,0,68.88
1782671665849,7,0,0,69.92
1782671666096,0,0,0,70.11
1782671666096,1,0,0,68.35
1782671666096,2,0,0,69.02
1782671666096,3,0,0,70.36
1782671666096,4,0,0,68.98
1782671666096,5,0,0,69.37
1782671666096,6,0,0,68.89
1782671666096,7,0,0,69.91
1782671666343,0,0,0,70.10
1782671666343,1,0,0,68.36
1782671666343,2,0,0,69.01
1782671666343,3,0,0,70.38
1782671666343,4,0,0,68.99
1782671666343,5,0,0,69.36
1782671666343,6,0,0,68.82
1782671666343,7,0,0,69.92
1782671666592,0,0,0,70.09
1782671666592,1,0,0,68.35
1782671666592,2,0,0,69.01
1782671666592,3,0,0,70.38
1782671666592,4,0,0,68.96
1782671666592,5,0,0,69.35
1782671666592,6,0,0,68.82
1782671666592,7,0,0,69.89
1782671666840,0,0,0,70.09
1782671666840,1,0,0,68.36
1782671666840,2,0,0,69.01
1782671666840,3,0,0,70.38
1782671666840,4,0,0,68.97
1782671666840,5,0,0,69.36
1782671666840,6,0,0,68.82
1782671666840,7,0,0,69.88
1782671667086,0,0,0,70.08
1782671667086,1,0,0,68.36
1782671667086,2,0,0,69.04
1782671667086,3,0,0,70.41
1782671667086,4,0,0,68.98
1782671667086,5,0,0,69.36
1782671667086,6,0,0,68.80
1782671667086,7,0,0,69.89
1782671667334,0,0,0,70.11
1782671667334,1,0,0,68.36
1782671667334,2,0,0,69.09
1782671667334,3,0,0,70.37
1782671667334,4,0,0,68.98
1782671667334,5,0,0,69.37
1782671667334,6,0,0,68.84
1782671667334,7,0,0,69.90
1782671667581,0,0,0,70.11
1782671667581,1,0,0,68.38
1782671667581,2,0,0,69.10
1782671667581,3,0,0,70.35
1782671667581,4,0,0,69.00
1782671667581,5,0,0,69.39
1782671667581,6,0,0,68.84
1782671667581,7,0,0,69.91
1782671667828,0,0,0,70.12
1782671667828,1,0,0,68.40
1782671667828,2,0,0,69.14
1782671667828,3,0,0,70.37
1782671667828,4,0,0,69.02
1782671667828,5,0,0,69.39
1782671667828,6,0,0,68.89
1782671667828,7,0,0,69.93
1782671668076,0,0,0,70.14
1782671668076,1,0,0,68.39
1782671668076,2,0,0,69.13
1782671668076,3,0,0,70.37
1782671668076,4,0,0,69.00
1782671668076,5,0,0,69.41
1782671668076,6,0,0,68.92
1782671668076,7,0,0,69.88
1782671668326,0,0,0,70.15
1782671668326,1,0,0,68.40
1782671668326,2,0,0,69.08
1782671668326,3,0,0,70.39
1782671668326,4,0,0,68.99
1782671668326,5,0,0,69.42
1782671668326,6,0,0,68.89
1782671668326,7,0,0,69.88
1782671668618,0,0,0,70.14
1782671668618,1,0,0,68.42
1782671668618,2,0,0,69.00
1782671668618,3,0,0,70.34
1782671668618,4,0,0,69.04
1782671668618,5,0,0,69.43
1782671668618,6,0,0,68.90
1782671668618,7,0,0,69.87
1782671669488,0,0,0,70.16
1782671669488,1,0,0,68.43
1782671669488,2,0,0,69.00
1782671669488,3,0,0,70.30
1782671669488,4,0,0,69.03
1782671669488,5,0,0,69.40
1782671669488,6,0,0,68.93
1782671669488,7,0,0,69.87
1782671669737,0,0,0,70.14
1782671669737,1,0,0,68.41
1782671669737,2,0,0,69.03
1782671669737,3,0,0,70.32
1782671669737,4,0,0,69.04
1782671669737,5,0,0,69.40
1782671669737,6,0,0,68.87
1782671669737,7,0,0,69.89
1782671669984,0,0,0,70.12
1782671669984,1,0,0,68.43
1782671669984,2,0,0,69.05
1782671669984,3,0,0,70.31
1782671669984,4,0,0,69.02
1782671669984,5,0,0,69.35
1782671669984,6,0,0,68.89
1782671669984,7,0,0,69.88
1782671670232,0,0,0,70.11
1782671670232,1,0,0,68.41
1782671670232,2,0,0,69.06
1782671670232,3,0,0,70.30
1782671670232,4,0,0,69.03
1782671670232,5,0,0,69.33
1782671670232,6,0,0,68.86
1782671670232,7,0,0,69.89
1782671670481,0,0,0,70.10
1782671670481,1,0,0,68.43
1782671670481,2,0,0,69.07
1782671670481,3,0,0,70.31
1782671670481,4,0,0,69.06
1782671670481,5,0,0,69.35
1782671670481,6,0,0,68.86
1782671670481,7,0,0,69.88
1782671670729,0,0,0,70.07
1782671670729,1,0,0,68.42
1782671670729,2,0,0,69.04
1782671670729,3,0,0,70.29
1782671670729,4,0,0,69.04
1782671670729,5,0,0,69.33
1782671670729,6,0,0,68.92
1782671670729,7,0,0,69.87
1782671671023,0,0,0,70.07
1782671671023,1,0,0,68.40
1782671671023,2,0,0,69.01
1782671671023,3,0,0,70.33
1782671671023,4,0,0,69.04
1782671671023,5,0,0,69.34
1782671671023,6,0,0,68.96
1782671671023,7,0,0,69.87
1782671671342,0,0,0,70.07
1782671671342,1,0,0,68.39
1782671671342,2,0,0,68.99
1782671671342,3,0,0,70.32
1782671671342,4,0,0,69.01
1782671671342,5,0,0,69.35
1782671671342,6,0,0,68.87
1782671671342,7,0,0,69.87
1782671671589,0,0,0,70.07
1782671671589,1,0,0,68.38
1782671671589,2,0,0,68.99
1782671671589,3,0,0,70.28
1782671671589,4,0,0,68.99
1782671671589,5,0,0,69.34
1782671671589,6,0,0,68.88
1782671671589,7,0,0,69.86
1782671671837,0,0,0,70.07
1782671671837,1,0,0,68.37
1782671671837,2,0,0,68.99
1782671671837,3,0,0,70.30
1782671671837,4,0,0,68.97
1782671671837,5,0,0,69.35
1782671671837,6,0,0,68.86
1782671671837,7,0,0,69.88
1782671672086,0,0,0,70.07
1782671672086,1,0,0,68.37
1782671672086,2,0,0,69.00
1782671672086,3,0,0,70.29
1782671672086,4,0,0,68.97
1782671672086,5,0,0,69.36
1782671672086,6,0,0,68.85
1782671672086,7,0,0,69.89
1782671672334,0,0,0,70.07
1782671672334,1,0,0,68.37
1782671672334,2,0,0,69.01
1782671672334,3,0,0,70.31
1782671672334,4,0,0,68.98
1782671672334,5,0,0,69.36
1782671672334,6,0,0,68.89
1782671672334,7,0,0,69.89
1782671672582,0,0,0,70.08
1782671672582,1,0,0,68.38
1782671672582,2,0,0,69.02
1782671672582,3,0,0,70.32
1782671672582,4,0,0,68.98
1782671672582,5,0,0,69.38
1782671672582,6,0,0,68.87
1782671672582,7,0,0,69.90
1782671672827,0,0,0,70.09
1782671672827,1,0,0,68.40
1782671672827,2,0,0,69.06
1782671672827,3,0,0,70.37
1782671672827,4,0,0,69.00
1782671672827,5,0,0,69.37
1782671672827,6,0,0,68.84
1782671672827,7,0,0,69.92
1782671673073,0,0,0,70.11
1782671673073,1,0,0,68.40
1782671673073,2,0,0,69.05
1782671673073,3,0,0,70.35
1782671673073,4,0,0,68.99
1782671673073,5,0,0,69.35
1782671673073,6,0,0,68.88
1782671673073,7,0,0,69.90
1782671673320,0,0,0,70.14
1782671673320,1,0,0,68.40
1782671673320,2,0,0,69.04
1782671673320,3,0,0,70.35
1782671673320,4,0,0,68.99
1782671673320,5,0,0,69.33
1782671673320,6,0,0,68.82
1782671673320,7,0,0,69.92
1782671673657,0,0,0,70.15
1782671673657,1,0,0,68.38
1782671673657,2,0,0,69.03
1782671673657,3,0,0,70.36
1782671673657,4,0,0,68.99
1782671673657,5,0,0,69.33
1782671673657,6,0,0,68.78
1782671673657,7,0,0,69.91
1782671673973,0,0,0,70.15
1782671673973,1,0,0,68.35
1782671673973,2,0,0,69.04
1782671673973,3,0,0,70.34
1782671673973,4,0,0,69.00
1782671673973,5,0,0,69.34
1782671673973,6,0,0,68.86
1782671673973,7,0,0,69.91
1782671674221,0,0,0,70.15
1782671674221,1,0,0,68.34
1782671674221,2,0,0,69.03
1782671674221,3,0,0,70.38
1782671674221,4,0,0,68.96
1782671674221,5,0,0,69.37
1782671674221,6,0,0,68.81
1782671674221,7,0,0,69.91
1782671674471,0,0,0,70.14
1782671674471,1,0,0,68.36
1782671674471,2,0,0,69.07
1782671674471,3,0,0,70.33
1782671674471,4,0,0,68.99
1782671674471,5,0,0,69.36
1782671674471,6,0,0,68.89
1782671674471,7,0,0,69.91
1782671674721,0,0,0,70.11
1782671674721,1,0,0,68.37
1782671674721,2,0,0,69.08
1782671674721,3,0,0,70.33
1782671674721,4,0,0,69.01
1782671674721,5,0,0,69.37
1782671674721,6,0,0,68.84
1782671674721,7,0,0,69.91
1782671675029,0,0,0,70.09
1782671675029,1,0,0,68.38
1782671675029,2,0,0,69.10
1782671675029,3,0,0,70.33
1782671675029,4,0,0,69.00
1782671675029,5,0,0,69.38
1782671675029,6,0,0,68.86
1782671675029,7,0,0,69.91
1782671675278,0,0,0,70.06
1782671675278,1,0,0,68.40
1782671675278,2,0,0,69.11
1782671675278,3,0,0,70.31
1782671675278,4,0,0,69.02
1782671675278,5,0,0,69.36
1782671675278,6,0,0,68.82
1782671675278,7,0,0,69.92
1782671675527,0,0,0,70.09
1782671675527,1,0,0,68.40
1782671675527,2,0,0,69.08
1782671675527,3,0,0,70.29
1782671675527,4,0,0,69.01
1782671675527,5,0,0,69.35
1782671675527,6,0,0,68.89
1782671675527,7,0,0,69.92
1782671675777,0,0,0,70.10
1782671675777,1,0,0,68.40
1782671675777,2,0,0,69.07
1782671675777,3,0,0,70.28
1782671675777,4,0,0,68.98
1782671675777,5,0,0,69.35
1782671675777,6,0,0,68.86
1782671675777,7,0,0,69.91
1782671676026,0,0,0,70.10
1782671676026,1,0,0,68.40
1782671676026,2,0,0,69.05
1782671676026,3,0,0,70.26
1782671676026,4,0,0,68.98
1782671676026,5,0,0,69.33
1782671676026,6,0,0,68.87
1782671676026,7,0,0,69.88
1782671676279,0,0,0,70.10
1782671676279,1,0,0,68.41
1782671676279,2,0,0,69.02
1782671676279,3,0,0,70.28
1782671676279,4,0,0,68.97
1782671676279,5,0,0,69.37
1782671676279,6,0,0,68.91
1782671676279,7,0,0,69.86
1782671676528,0,0,0,70.08
1782671676528,1,0,0,68.40
1782671676528,2,0,0,69.02
1782671676528,3,0,0,70.29
1782671676528,4,0,0,68.96
1782671676528,5,0,0,69.38
1782671676528,6,0,0,68.93
1782671676528,7,0,0,69.84
1782671676776,0,0,0,70.07
1782671676776,1,0,0,68.42
1782671676776,2,0,0,69.01
1782671676776,3,0,0,70.29
1782671676776,4,0,0,68.98
1782671676776,5,0,0,69.38
1782671676776,6,0,0,68.88
1782671676776,7,0,0,69.86
1782671677024,0,0,0,70.07
1782671677024,1,0,0,68.40
1782671677024,2,0,0,69.00
1782671677024,3,0,0,70.31
1782671677024,4,0,0,68.98
1782671677024,5,0,0,69.39
1782671677024,6,0,0,68.91
1782671677024,7,0,0,69.85
1782671677272,0,0,0,70.07
1782671677272,1,0,0,68.39
1782671677272,2,0,0,69.03
1782671677272,3,0,0,70.29
1782671677272,4,0,0,68.97
1782671677272,5,0,0,69.38
1782671677272,6,0,0,68.84
1782671677272,7,0,0,69.85
1782671677519,0,0,0,70.06
1782671677519,1,0,0,68.36
1782671677519,2,0,0,69.05
1782671677519,3,0,0,70.30
1782671677519,4,0,0,68.98
1782671677519,5,0,0,69.39
1782671677519,6,0,0,68.86
1782671677519,7,0,0,69.87
1782671677769,0,0,0,70.07
1782671677769,1,0,0,68.36
1782671677769,2,0,0,69.03
1782671677769,3,0,0,70.33
1782671677769,4,0,0,68.94
1782671677769,5,0,0,69.41
1782671677769,6,0,0,68.88
1782671677769,7,0,0,69.86
1782671678017,0,0,0,70.11
1782671678017,1,0,0,68.38
1782671678017,2,0,0,69.02
1782671678017,3,0,0,70.33
1782671678017,4,0,0,68.93
1782671678017,5,0,0,69.38
1782671678017,6,0,0,68.86
1782671678017,7,0,0,69.86
1782671678803,0,0,0,70.12
1782671678803,1,0,0,68.35
1782671678803,2,0,0,69.03
1782671678803,3,0,0,70.35
1782671678803,4,0,0,68.96
1782671678803,5,0,0,69.35
1782671678803,6,0,0,68.79
1782671678803,7,0,0,69.92
1782671679864,0,0,0,70.14
1782671679864,1,0,0,68.34
1782671679864,2,0,0,69.06
1782671679864,3,0,0,70.35
1782671679864,4,0,0,68.96
1782671679864,5,0,0,69.33
1782671679864,6,0,0,68.87
1782671679864,7,0,0,69.93
1782671680114,0,0,0,70.13
1782671680114,1,0,0,68.33
1782671680114,2,0,0,69.07
1782671680114,3,0,0,70.40
1782671680114,4,0,0,68.94
1782671680114,5,0,0,69.36
1782671680114,6,0,0,68.86
1782671680114,7,0,0,69.91
1782671680362,0,0,0,70.11
1782671680362,1,0,0,68.32
1782671680362,2,0,0,69.09
1782671680362,3,0,0,70.38
1782671680362,4,0,0,68.97
1782671680362,5,0,0,69.35
1782671680362,6,0,0,68.90
1782671680362,7,0,0,69.92
1782671680675,0,0,0,70.08
1782671680675,1,0,0,68.34
1782671680675,2,0,0,69.07
1782671680675,3,0,0,70.36
1782671680675,4,0,0,68.99
1782671680675,5,0,0,69.36
1782671680675,6,0,0,68.84
1782671680675,7,0,0,69.89
1782671680922,0,0,0,70.08
1782671680922,1,0,0,68.37
1782671680922,2,0,0,69.06
1782671680922,3,0,0,70.41
1782671680922,4,0,0,68.97
1782671680922,5,0,0,69.36
1782671680922,6,0,0,68.85
1782671680922,7,0,0,69.87
1782671681169,0,0,0,70.08
1782671681169,1,0,0,68.39
1782671681169,2,0,0,69.03
1782671681169,3,0,0,70.37
1782671681169,4,0,0,68.99
1782671681169,5,0,0,69.37
1782671681169,6,0,0,68.83
1782671681169,7,0,0,69.87
1782671681473,0,0,0,70.11
1782671681473,1,0,0,68.42
1782671681473,2,0,0,69.00
1782671681473,3,0,0,70.35
1782671681473,4,0,0,69.01
1782671681473,5,0,0,69.36
1782671681473,6,0,0,68.81
1782671681473,7,0,0,69.89
1782671681830,0,0,0,70.11
1782671681830,1,0,0,68.41
1782671681830,2,0,0,68.98
1782671681830,3,0,0,70.29
1782671681830,4,0,0,69.03
1782671681830,5,0,0,69.35
1782671681830,6,0,0,68.86
1782671681830,7,0,0,69.88
1782671682078,0,0,0,70.11
1782671682078,1,0,0,68.40
1782671682078,2,0,0,68.99
1782671682078,3,0,0,70.24
1782671682078,4,0,0,69.02
1782671682078,5,0,0,69.36
1782671682078,6,0,0,68.89
1782671682078,7,0,0,69.86
1782671682962,0,0,0,70.09
1782671682962,1,0,0,68.36
1782671682962,2,0,0,68.98
1782671682962,3,0,0,70.33
1782671682962,4,0,0,68.97
1782671682962,5,0,0,69.36
1782671682962,6,0,0,68.86
1782671682962,7,0,0,69.86
1782671684193,0,0,0,70.08
1782671684193,1,0,0,68.41
1782671684193,2,0,0,68.95
1782671684193,3,0,0,70.32
1782671684193,4,0,0,68.92
1782671684193,5,0,0,69.33
1782671684193,6,0,0,68.89
1782671684193,7,0,0,69.86
1782671684788,0,0,0,70.07
1782671684788,1,0,0,68.39
1782671684788,2,0,0,68.96
1782671684788,3,0,0,70.31
1782671684788,4,0,0,68.92
1782671684788,5,0,0,69.33
1782671684788,6,0,0,68.84
1782671684788,7,0,0,69.88
1782671685039,0,0,0,70.08
1782671685039,1,0,0,68.35
1782671685039,2,0,0,68.99
1782671685039,3,0,0,70.34
1782671685039,4,0,0,68.93
1782671685039,5,0,0,69.34
1782671685039,6,0,0,68.87
1782671685039,7,0,0,69.88
1782671685565,0,0,0,70.15
1782671685565,1,0,0,68.42
1782671685565,2,0,0,69.08
1782671685565,3,0,0,70.27
1782671685565,4,0,0,69.00
1782671685565,5,0,0,69.37
1782671685565,6,0,0,68.85
1782671685565,7,0,0,69.82
1782671688890,0,0,0,70.13
1782671688890,1,0,0,68.42
1782671688890,2,0,0,69.03
1782671688890,3,0,0,70.26
1782671688890,4,0,0,68.97
1782671688890,5,0,0,69.35
1782671688890,6,0,0,68.80
1782671688890,7,0,0,69.81
1782671689170,0,0,0,70.13
1782671689170,1,0,0,68.39
1782671689170,2,0,0,68.99
1782671689170,3,0,0,70.29
1782671689170,4,0,0,68.97
1782671689170,5,0,0,69.36
1782671689170,6,0,0,68.79
1782671689170,7,0,0,69.81
1782671689421,0,0,0,70.07
1782671689421,1,0,0,68.37
1782671689421,2,0,0,68.98
1782671689421,3,0,0,70.30
1782671689421,4,0,0,68.96
1782671689421,5,0,0,69.36
1782671689421,6,0,0,68.88
1782671689421,7,0,0,69.83
1782671689671,0,0,0,70.06
1782671689671,1,0,0,68.38
1782671689671,2,0,0,68.96
1782671689671,3,0,0,70.29
1782671689671,4,0,0,68.93
1782671689671,5,0,0,69.35
1782671689671,6,0,0,68.84
1782671689671,7,0,0,69.83
1782671689920,0,0,0,70.04
1782671689920,1,0,0,68.38
1782671689920,2,0,0,68.96
1782671689920,3,0,0,70.30
1782671689920,4,0,0,68.95
1782671689920,5,0,0,69.37
1782671689920,6,0,0,68.92
1782671689920,7,0,0,69.85
1782671690171,0,0,0,70.02
1782671690171,1,0,0,68.39
1782671690171,2,0,0,68.98
1782671690171,3,0,0,70.29
1782671690171,4,0,0,68.94
1782671690171,5,0,0,69.37
1782671690171,6,0,0,68.90
1782671690171,7,0,0,69.86
1782671690420,0,0,0,70.04
1782671690420,1,0,0,68.38
1782671690420,2,0,0,68.98
1782671690420,3,0,0,70.28
1782671690420,4,0,0,68.92
1782671690420,5,0,0,69.38
1782671690420,6,0,0,68.88
1782671690420,7,0,0,69.84
1782671690670,0,0,0,70.04
1782671690670,1,0,0,68.36
1782671690670,2,0,0,69.01
1782671690670,3,0,0,70.30
1782671690670,4,0,0,68.93
1782671690670,5,0,0,69.38
1782671690670,6,0,0,68.89
1782671690670,7,0,0,69.85
1782671690919,0,0,0,70.04
1782671690919,1,0,0,68.34
1782671690919,2,0,0,69.03
1782671690919,3,0,0,70.31
1782671690919,4,0,0,68.92
1782671690919,5,0,0,69.34
1782671690919,6,0,0,68.82
1782671690919,7,0,0,69.87
1782671691170,0,0,0,70.06
1782671691170,1,0,0,68.32
1782671691170,2,0,0,69.02
1782671691170,3,0,0,70.31
1782671691170,4,0,0,68.93
1782671691170,5,0,0,69.33
1782671691170,6,0,0,68.86
1782671691170,7,0,0,69.89
1782671691419,0,0,0,70.06
1782671691419,1,0,0,68.32
1782671691419,2,0,0,69.00
1782671691419,3,0,0,70.31
1782671691419,4,0,0,68.96
1782671691419,5,0,0,69.31
1782671691419,6,0,0,68.79
1782671691419,7,0,0,69.92
1782671691669,0,0,0,70.07
1782671691669,1,0,0,68.34
1782671691669,2,0,0,68.99
1782671691669,3,0,0,70.31
1782671691669,4,0,0,68.97
1782671691669,5,0,0,69.30
1782671691669,6,0,0,68.77
1782671691669,7,0,0,69.90
1782671691918,0,0,0,70.07
1782671691918,1,0,0,68.35
1782671691918,2,0,0,68.97
1782671691918,3,0,0,70.31
1782671691918,4,0,0,68.98
1782671691918,5,0,0,69.30
1782671691918,6,0,0,68.78
1782671691918,7,0,0,69.89
1782671692170,0,0,0,70.07
1782671692170,1,0,0,68.39
1782671692170,2,0,0,68.99
1782671692170,3,0,0,70.29
1782671692170,4,0,0,68.98
1782671692170,5,0,0,69.29
1782671692170,6,0,0,68.74
1782671692170,7,0,0,69.86
1782671692419,0,0,0,70.07
1782671692419,1,0,0,68.39
1782671692419,2,0,0,69.02
1782671692419,3,0,0,70.30
1782671692419,4,0,0,68.95
1782671692419,5,0,0,69.31
1782671692419,6,0,0,68.83
1782671692419,7,0,0,69.86
1782671692668,0,0,0,70.07
1782671692668,1,0,0,68.38
1782671692668,2,0,0,69.06
1782671692668,3,0,0,70.29
1782671692668,4,0,0,68.97
1782671692668,5,0,0,69.33
1782671692668,6,0,0,68.82
1782671692668,7,0,0,69.88
1782671692917,0,0,0,70.10
1782671692917,1,0,0,68.37
1782671692917,2,0,0,69.06
1782671692917,3,0,0,70.28
1782671692917,4,0,0,68.96
1782671692917,5,0,0,69.32
1782671692917,6,0,0,68.81
1782671692917,7,0,0,69.88
1782671693163,0,0,0,70.13
1782671693163,1,0,0,68.32
1782671693163,2,0,0,69.05
1782671693163,3,0,0,70.31
1782671693163,4,0,0,68.95
1782671693163,5,0,0,69.33
1782671693163,6,0,0,68.85
1782671693163,7,0,0,69.89
1782671693410,0,0,0,70.14
1782671693410,1,0,0,68.33
1782671693410,2,0,0,69.03
1782671693410,3,0,0,70.31
1782671693410,4,0,0,68.97
1782671693410,5,0,0,69.33
1782671693410,6,0,0,68.80
1782671693410,7,0,0,69.90
1782671693657,0,0,0,70.12
1782671693657,1,0,0,68.33
1782671693657,2,0,0,69.00
1782671693657,3,0,0,70.32
1782671693657,4,0,0,68.96
1782671693657,5,0,0,69.32
1782671693657,6,0,0,68.83
1782671693657,7,0,0,69.88
1782671693906,0,0,0,70.12
1782671693906,1,0,0,68.35
1782671693906,2,0,0,68.98
1782671693906,3,0,0,70.33
1782671693906,4,0,0,68.96
1782671693906,5,0,0,69.32
1782671693906,6,0,0,68.80
1782671693906,7,0,0,69.87
1782671694154,0,0,0,70.09
1782671694154,1,0,0,68.35
1782671694154,2,0,0,69.00
1782671694154,3,0,0,70.30
1782671694154,4,0,0,68.96
1782671694154,5,0,0,69.34
1782671694154,6,0,0,68.80
1782671694154,7,0,0,69.86
1782671694403,0,0,0,70.09
1782671694403,1,0,0,68.38
1782671694403,2,0,0,69.01
1782671694403,3,0,0,70.30
1782671694403,4,0,0,68.97
1782671694403,5,0,0,69.33
1782671694403,6,0,0,68.84
1782671694403,7,0,0,69.85
1782671694727,0,0,0,70.07
1782671694727,1,0,0,68.38
1782671694727,2,0,0,69.02
1782671694727,3,0,0,70.27
1782671694727,4,0,0,69.00
1782671694727,5,0,0,69.33
1782671694727,6,0,0,68.88
1782671694727,7,0,0,69.82
1782671694977,0,0,0,70.06
1782671694977,1,0,0,68.39
1782671694977,2,0,0,69.05
1782671694977,3,0,0,70.27
1782671694977,4,0,0,68.99
1782671694977,5,0,0,69.35
1782671694977,6,0,0,68.81
1782671694977,7,0,0,69.81
1782671695228,0,0,0,70.07
1782671695228,1,0,0,68.40
1782671695228,2,0,0,69.04
1782671695228,3,0,0,70.28
1782671695228,4,0,0,68.97
1782671695228,5,0,0,69.35
1782671695228,6,0,0,68.83
1782671695228,7,0,0,69.80
1782671695478,0,0,0,70.05
1782671695478,1,0,0,68.39
1782671695478,2,0,0,69.02
1782671695478,3,0,0,70.26
1782671695478,4,0,0,68.97
1782671695478,5,0,0,69.37
1782671695478,6,0,0,68.78
1782671695478,7,0,0,69.79
1782671695728,0,0,0,70.06
1782671695728,1,0,0,68.38
1782671695728,2,0,0,69.01
1782671695728,3,0,0,70.26
1782671695728,4,0,0,68.94
1782671695728,5,0,0,69.37
1782671695728,6,0,0,68.79
1782671695728,7,0,0,69.81
1782671695980,0,0,0,70.06
1782671695980,1,0,0,68.37
1782671695980,2,0,0,68.97
1782671695980,3,0,0,70.28
1782671695980,4,0,0,68.93
1782671695980,5,0,0,69.37
1782671695980,6,0,0,68.85
1782671695980,7,0,0,69.83
1782671696230,0,0,0,70.04
1782671696230,1,0,0,68.34
1782671696230,2,0,0,68.97
1782671696230,3,0,0,70.28
1782671696230,4,0,0,68.94
1782671696230,5,0,0,69.38
1782671696230,6,0,0,68.82
1782671696230,7,0,0,69.83
1782671696480,0,0,0,70.04
1782671696480,1,0,0,68.32
1782671696480,2,0,0,68.96
1782671696480,3,0,0,70.27
1782671696480,4,0,0,68.92
1782671696480,5,0,0,69.37
1782671696480,6,0,0,68.93
1782671696480,7,0,0,69.82
1782671696730,0,0,0,70.05
1782671696730,1,0,0,68.35
1782671696730,2,0,0,68.97
1782671696730,3,0,0,70.31
1782671696730,4,0,0,68.94
1782671696730,5,0,0,69.36
1782671696730,6,0,0,68.89
1782671696730,7,0,0,69.82
1782671696979,0,0,0,70.06
1782671696979,1,0,0,68.38
1782671696979,2,0,0,69.00
1782671696979,3,0,0,70.29
1782671696979,4,0,0,68.94
1782671696979,5,0,0,69.34
1782671696979,6,0,0,68.88
1782671696979,7,0,0,69.83
1782671697228,0,0,0,70.06
1782671697228,1,0,0,68.39
1782671697228,2,0,0,69.01
1782671697228,3,0,0,70.31
1782671697228,4,0,0,68.92
1782671697228,5,0,0,69.34
1782671697228,6,0,0,68.89
1782671697228,7,0,0,69.85
1782671697478,0,0,0,70.06
1782671697478,1,0,0,68.40
1782671697478,2,0,0,69.04
1782671697478,3,0,0,70.34
1782671697478,4,0,0,68.93
1782671697478,5,0,0,69.33
1782671697478,6,0,0,68.78
1782671697478,7,0,0,69.86
1782671697727,0,0,0,70.06
1782671697727,1,0,0,68.40
1782671697727,2,0,0,69.05
1782671697727,3,0,0,70.33
1782671697727,4,0,0,68.94
1782671697727,5,0,0,69.29
1782671697727,6,0,0,68.81
1782671697727,7,0,0,69.87
1782671697981,0,0,0,70.08
1782671697981,1,0,0,68.37
1782671697981,2,0,0,69.02
1782671697981,3,0,0,70.31
1782671697981,4,0,0,68.91
1782671697981,5,0,0,69.31
1782671697981,6,0,0,68.78
1782671697981,7,0,0,69.86
1782671698230,0,0,0,70.09
1782671698230,1,0,0,68.34
1782671698230,2,0,0,69.02
1782671698230,3,0,0,70.33
1782671698230,4,0,0,68.92
1782671698230,5,0,0,69.28
1782671698230,6,0,0,68.79
1782671698230,7,0,0,69.84
1782671698480,0,0,0,70.11
1782671698480,1,0,0,68.34
1782671698480,2,0,0,68.99
1782671698480,3,0,0,70.34
1782671698480,4,0,0,68.89
1782671698480,5,0,0,69.28
1782671698480,6,0,0,68.79
1782671698480,7,0,0,69.84
1782671698729,0,0,0,70.11
1782671698729,1,0,0,68.33
1782671698729,2,0,0,68.97
1782671698729,3,0,0,70.33
1782671698729,4,0,0,68.86
1782671698729,5,0,0,69.29
1782671698729,6,0,0,68.79
1782671698729,7,0,0,69.85
1782671698980,0,0,0,70.11
1782671698980,1,0,0,68.32
1782671698980,2,0,0,69.00
1782671698980,3,0,0,70.36
1782671698980,4,0,0,68.91
1782671698980,5,0,0,69.28
1782671698980,6,0,0,68.86
1782671698980,7,0,0,69.87
1782671699231,0,0,0,70.11
1782671699231,1,0,0,68.35
1782671699231,2,0,0,69.00
1782671699231,3,0,0,70.35
1782671699231,4,0,0,68.91
1782671699231,5,0,0,69.29
1782671699231,6,0,0,68.85
1782671699231,7,0,0,69.89
1782671699481,0,0,0,70.11
1782671699481,1,0,0,68.35
1782671699481,2,0,0,69.03
1782671699481,3,0,0,70.32
1782671699481,4,0,0,68.93
1782671699481,5,0,0,69.29
1782671699481,6,0,0,68.88
1782671699481,7,0,0,69.90
1782671699728,0,0,0,70.10
1782671699728,1,0,0,68.36
1782671699728,2,0,0,69.06
1782671699728,3,0,0,70.33
1782671699728,4,0,0,68.94
1782671699728,5,0,0,69.32
1782671699728,6,0,0,68.90
1782671699728,7,0,0,69.89
1782671699976,0,0,0,70.11
1782671699976,1,0,0,68.37
1782671699976,2,0,0,69.06
1782671699976,3,0,0,70.31
1782671699976,4,0,0,68.95
1782671699976,5,0,0,69.32
1782671699976,6,0,0,68.81
1782671699976,7,0,0,69.87
1782671700276,0,0,0,70.10
1782671700276,1,0,0,68.39
1782671700276,2,0,0,69.08
1782671700276,3,0,0,70.29
1782671700276,4,0,0,68.93
1782671700276,5,0,0,69.34
1782671700276,6,0,0,68.82
1782671700276,7,0,0,69.85
1782671700522,0,0,0,70.09
1782671700522,1,0,0,68.40
1782671700522,2,0,0,69.04
1782671700522,3,0,0,70.30
1782671700522,4,0,0,68.95
1782671700522,5,0,0,69.34
1782671700522,6,0,0,68.78
1782671700522,7,0,0,69.83
1782671700772,0,0,0,79.64
1782671700772,1,0,0,76.82
1782671700772,2,0,0,75.62
1782671700772,3,0,0,80.91
1782671700772,4,0,0,78.89
1782671700772,5,0,0,77.08
1782671700772,6,0,0,68.84
1782671700772,7,0,0,69.82
1782671701222,0,5,0,89.11
1782671701222,1,3,0,85.58
1782671701222,2,28,0,89.33
1782671701222,3,3,0,90.07
1782671701222,4,18,0,88.67
1782671701222,5,2,0,86.20
1782671701222,6,0,0,68.82
1782671701222,7,0,0,69.81
1782671701447,0,7,0,97.72
1782671701447,1,0,0,99.27
1782671701447,2,0,0,98.29
1782671701447,3,0,0,99.39
1782671701447,4,0,0,98.96
1782671701447,5,0,0,99.81
1782671701447,6,0,0,68.79
1782671701447,7,0,0,69.81
1782671701685,0,0,0,116.02
1782671701685,1,0,0,113.03
1782671701685,2,0,0,114.87
1782671701685,3,0,0,118.01
1782671701685,4,0,0,118.42
1782671701685,5,0,0,115.76
1782671701685,6,0,0,68.89
1782671701685,7,0,0,69.82
1782671702646,0,0,0,115.99
1782671702646,1,0,0,113.20
1782671702646,2,0,0,114.90
1782671702646,3,0,0,118.21
1782671702646,4,0,0,118.44
1782671702646,5,0,0,115.95
1782671702646,6,0,0,68.89
1782671702646,7,0,0,69.81
1782671703182,0,0,0,116.03
1782671703182,1,0,0,113.25
1782671703182,2,0,0,114.89
1782671703182,3,0,0,118.26
1782671703182,4,0,0,118.43
1782671703182,5,0,0,115.96
1782671703182,6,0,0,68.83
1782671703182,7,0,0,69.80
1782671703575,0,0,0,117.86
1782671703575,1,0,0,114.70
1782671703575,2,4,1,116.69
1782671703575,3,0,0,120.11
1782671703575,4,0,0,120.36
1782671703575,5,4,2,117.61
1782671703575,6,0,0,68.78
1782671703575,7,0,0,69.83
1782671703962,0,0,0,121.22
1782671703962,1,46,1,119.30
1782671703962,2,0,0,118.11
1782671703962,3,90,2,123.26
1782671703962,4,19,0,123.92
1782671703962,5,60,1,121.91
1782671703962,6,0,0,68.76
1782671703962,7,0,0,69.83
1782671704199,0,80,2,125.51
1782671704199,1,100,0,122.57
1782671704199,2,33,2,125.44
1782671704199,3,100,2,125.97
1782671704199,4,45,1,128.41
1782671704199,5,100,0,124.36
1782671704199,6,0,0,68.83
1782671704199,7,0,0,69.84
1782671704434,0,96,2,131.05
1782671704434,1,93,3,127.93
1782671704434,2,28,0,130.41
1782671704434,3,95,2,134.52
1782671704434,4,70,1,133.11
1782671704434,5,94,3,132.88
1782671704434,6,0,0,68.79
1782671704434,7,0,0,69.83
1782671704677,0,45,2,138.17
1782671704677,1,100,1,135.23
1782671704677,2,45,1,133.64
1782671704677,3,100,2,137.93
1782671704677,4,83,2,139.74
1782671704677,5,97,2,136.73
1782671704677,6,0,0,68.76
1782671704677,7,0,0,69.84
1782671704919,0,27,0,142.89
1782671704919,1,100,2,140.37
1782671704919,2,67,2,140.76
1782671704919,3,100,1,144.07
1782671704919,4,59,2,144.58
1782671704919,5,100,2,142.11
1782671704919,6,0,0,68.82
1782671704919,7,0,0,69.86
1782671705163,0,34,1,144.95
1782671705163,1,89,2,142.57
1782671705163,2,91,2,141.23
1782671705163,3,100,2,147.19
1782671705163,4,34,2,145.12
1782671705163,5,100,2,145.52
1782671705163,6,0,0,68.80
1782671705163,7,0,0,69.87
1782671705407,0,57,1,144.79
1782671705407,1,66,2,142.87
1782671705407,2,58,2,142.20
1782671705407,3,100,2,148.10
1782671705407,4,28,0,145.82
1782671705407,5,76,2,146.29
1782671705407,6,0,0,68.81
1782671705407,7,0,0,69.87
1782671705643,0,95,2,144.33
1782671705643,1,92,2,143.56
1782671705643,2,33,2,141.32
1782671705643,3,100,2,148.21
1782671705643,4,72,1,146.22
1782671705643,5,93,2,145.95
1782671705643,6,0,0,68.81
1782671705643,7,0,0,69.85
1782671705923,0,67,2,144.76
1782671705923,1,84,3,143.29
1782671705923,2,28,0,141.46
1782671705923,3,87,2,147.75
1782671705923,4,100,1,146.55
1782671705923,5,93,3,144.96
1782671705923,6,0,0,68.81
1782671705923,7,0,0,69.85
1782671706158,0,33,2,143.29
1782671706158,1,100,2,143.23
1782671706158,2,53,1,140.89
1782671706158,3,96,2,146.92
1782671706158,4,73,2,146.57
1782671706158,5,100,2,144.46
1782671706158,6,0,0,68.84
1782671706158,7,0,0,69.84
1782671706393,0,29,0,143.54
1782671706393,1,100,2,142.98
1782671706393,2,79,2,140.04
1782671706393,3,100,2,146.15
1782671706393,4,47,2,146.59
1782671706393,5,100,2,142.82
1782671706393,6,0,0,68.85
1782671706393,7,0,0,69.84
1782671706628,0,46,1,143.73
1782671706628,1,95,1,142.75
1782671706628,2,73,2,140.56
1782671706628,3,100,2,146.52
1782671706628,4,26,0,147.39
1782671706628,5,100,1,143.21
1782671706628,6,0,0,68.80
1782671706628,7,0,0,69.84
1782671706863,0,94,2,142.59
1782671706863,1,93,2,143.25
1782671706863,2,48,2,140.59
1782671706863,3,100,2,146.42
1782671706863,4,29,1,146.73
1782671706863,5,95,2,143.95
1782671706863,6,0,0,68.82
1782671706863,7,0,0,69.86
1782671707098,0,81,2,142.85
1782671707098,1,94,3,143.95
1782671707098,2,28,0,140.52
1782671707098,3,97,0,146.82
1782671707098,4,82,2,145.74
1782671707098,5,94,2,143.50
1782671707098,6,0,0,68.75
1782671707098,7,0,0,69.85
1782671707332,0,57,2,143.30
1782671707332,1,100,1,142.98
1782671707332,2,30,1,142.02
1782671707332,3,91,3,147.13
1782671707332,4,94,2,145.16
1782671707332,5,100,2,144.43
1782671707332,6,0,0,68.76
1782671707332,7,0,0,69.82
1782671707570,0,31,2,143.12
1782671707570,1,100,2,143.11
1782671707570,2,56,1,141.74
1782671707570,3,93,2,146.44
1782671707570,4,69,2,144.07
1782671707570,5,100,2,144.76
1782671707570,6,0,0,68.80
1782671707570,7,0,0,69.84
1782671707805,0,28,0,143.62
1782671707805,1,100,2,142.43
1782671707805,2,87,2,142.15
1782671707805,3,100,2,146.33
1782671707805,4,39,2,145.62
1782671707805,5,100,2,144.17
1782671707805,6,0,0,68.77
1782671707805,7,0,0,69.82
1782671708043,0,51,1,143.88
1782671708043,1,94,2,141.62
1782671708043,2,65,2,142.07
1782671708043,3,100,2,147.11
1782671708043,4,29,0,145.70
1782671708043,5,97,1,144.86
1782671708043,6,0,0,68.76
1782671708043,7,0,0,69.79
1782671708278,0,92,2,143.23
1782671708278,1,88,2,141.75
1782671708278,2,46,2,141.23
1782671708278,3,100,2,147.37
1782671708278,4,54,1,146.09
1782671708278,5,88,2,144.86
1782671708278,6,0,0,68.80
1782671708278,7,0,0,69.81
1782671708515,0,84,2,144.05
1782671708515,1,79,3,141.91
1782671708515,2,26,0,142.27
1782671708515,3,100,2,147.52
1782671708515,4,77,2,146.69
1782671708515,5,81,2,145.55
1782671708515,6,0,0,68.80
1782671708515,7,0,0,69.80
1782671708750,0,63,2,144.23
1782671708750,1,100,2,142.72
1782671708750,2,27,0,142.69
1782671708750,3,69,3,148.06
1782671708750,4,92,2,146.47
1782671708750,5,100,1,146.00
1782671708750,6,0,0,68.81
1782671708750,7,0,0,69.79
1782671708985,0,47,2,143.83
1782671708985,1,100,2,142.91
1782671708985,2,41,1,143.71
1782671708985,3,81,2,148.63
1782671708985,4,83,2,145.35
1782671708985,5,100,2,147.40
1782671708985,6,0,0,68.82
1782671708985,7,0,0,69.79
1782671709224,0,26,0,145.01
1782671709224,1,100,2,144.13
1782671709224,2,87,2,143.26
1782671709224,3,100,1,148.93
1782671709224,4,61,2,146.22
1782671709224,5,100,2,148.03
1782671709224,6,0,0,68.84
1782671709224,7,0,0,69.80
1782671709457,0,30,1,145.08
1782671709457,1,100,2,142.98
1782671709457,2,84,2,143.17
1782671709457,3,100,2,150.04
1782671709457,4,35,2,146.03
1782671709457,5,100,2,146.73
1782671709457,6,0,0,68.81
1782671709457,7,0,0,69.78
1782671709690,0,76,2,144.84
1782671709690,1,96,2,144.32
1782671709690,2,65,2,142.91
1782671709690,3,100,2,149.09
1782671709690,4,37,1,144.73
1782671709690,5,98,0,146.99
1782671709690,6,0,0,68.79
1782671709690,7,0,0,69.81
1782671709921,0,98,2,144.98
1782671709921,1,96,2,143.51
1782671709921,2,39,2,141.75
1782671709921,3,96,2,147.48
1782671709921,4,61,1,144.80
1782671709921,5,95,2,146.66
1782671709921,6,0,0,68.83
1782671709921,7,0,0,69.80
1782671710152,0,80,2,144.80
1782671710152,1,100,1,141.97
1782671710152,2,29,0,142.18
1782671710152,3,63,2,147.30
1782671710152,4,83,2,144.38
1782671710152,5,99,2,144.87
1782671710152,6,0,0,68.78
1782671710152,7,0,0,69.80
1782671710389,0,57,2,144.08
1782671710389,1,100,2,144.68
1782671710389,2,31,1,142.13
1782671710389,3,81,4,147.65
1782671710389,4,92,2,144.57
1782671710389,5,100,2,147.36
1782671710389,6,0,0,68.75
1782671710389,7,0,0,69.83
1782671710625,0,35,0,139.18
1782671710625,1,100,0,140.64
1782671710625,2,33,0,136.45
1782671710625,3,100,0,142.05
1782671710625,4,35,0,140.21
1782671710625,5,100,0,143.05
1782671710625,6,0,0,68.81
1782671710625,7,0,0,69.83
1782671710856,0,11,0,134.27
1782671710856,1,100,0,131.89
1782671710856,2,35,0,131.24
1782671710856,3,100,0,137.94
1782671710856,4,27,0,135.56
1782671710856,5,100,0,134.80
1782671710856,6,0,0,68.78
1782671710856,7,0,0,69.82
1782671711087,0,100,0,134.04
1782671711087,1,100,9,133.90
1782671711087,2,24,10,132.30
1782671711087,3,100,9,138.01
1782671711087,4,100,0,135.64
1782671711087,5,100,0,136.69
1782671711087,6,0,0,68.75
1782671711087,7,0,0,69.83
1782671711321,0,100,0,135.08
1782671711321,1,100,0,133.42
1782671711321,2,100,0,132.85
1782671711321,3,100,0,136.76
1782671711321,4,100,0,136.75
1782671711321,5,100,0,135.00
1782671711321,6,0,0,68.80
1782671711321,7,0,0,69.83
1782671711596,0,100,0,143.12
1782671711596,1,100,4,136.63
1782671711596,2,80,7,140.25
1782671711596,3,100,0,140.14
1782671711596,4,100,0,144.82
1782671711596,5,100,0,140.94
1782671711596,6,0,0,68.76
1782671711596,7,0,0,69.81
1782671711842,0,32,5,143.12
1782671711842,1,0,0,141.00
1782671711842,2,33,5,141.07
1782671711842,3,0,0,143.33
1782671711842,4,0,0,144.18
1782671711842,5,21,3,142.89
1782671711842,6,0,0,68.80
1782671711842,7,0,0,69.83
1782671712069,0,0,0,135.10
1782671712069,1,0,0,133.90
1782671712069,2,0,0,135.84
1782671712069,3,0,0,138.04
1782671712069,4,0,0,139.65
1782671712069,5,0,0,136.18
1782671712069,6,0,0,68.82
1782671712069,7,0,0,69.83
1782671712296,0,0,0,129.22
1782671712296,1,0,0,127.76
1782671712296,2,0,0,129.74
1782671712296,3,0,0,132.05
1782671712296,4,0,0,130.43
1782671712296,5,0,0,130.08
1782671712296,6,0,0,68.81
1782671712296,7,0,0,69.82
1782671712520,0,0,0,122.36
1782671712520,1,0,0,121.46
1782671712520,2,0,0,120.31
1782671712520,3,0,0,122.81
1782671712520,4,0,0,124.17
1782671712520,5,0,0,123.86
1782671712520,6,0,0,68.79
1782671712520,7,0,0,69.82
1782671712764,0,0,0,116.41
1782671712764,1,0,0,113.40
1782671712764,2,0,0,116.36
1782671712764,3,0,0,118.43
1782671712764,4,0,0,118.83
1782671712764,5,0,0,116.23
1782671712764,6,0,0,68.81
1782671712764,7,0,0,69.83
1782671712989,0,0,0,116.39
1782671712989,1,0,0,113.39
1782671712989,2,0,0,115.31
1782671712989,3,0,0,118.43
1782671712989,4,0,0,118.80
1782671712989,5,0,0,116.24
1782671712989,6,0,0,68.80
1782671712989,7,0,0,69.81
1782671713214,0,0,0,116.37
1782671713214,1,0,0,113.40
1782671713214,2,0,0,115.28
1782671713214,3,0,0,118.41
1782671713214,4,0,0,118.81
1782671713214,5,0,0,116.23
1782671713214,6,0,0,68.77
1782671713214,7,0,0,69.81
1782671713439,0,0,0,116.37
1782671713439,1,0,0,113.42
1782671713439,2,0,0,115.27
1782671713439,3,0,0,118.42
1782671713439,4,0,0,118.80
1782671713439,5,0,0,116.24
1782671713439,6,0,0,68.84
1782671713439,7,0,0,69.78
1782671713664,0,0,0,116.34
1782671713664,1,0,0,113.41
1782671713664,2,0,0,115.28
1782671713664,3,0,0,118.43
1782671713664,4,0,0,118.84
1782671713664,5,0,0,116.28
1782671713664,6,0,0,68.85
1782671713664,7,0,0,69.77
1782671713887,0,0,0,116.32
1782671713887,1,0,0,113.44
1782671713887,2,0,0,115.28
1782671713887,3,0,0,118.43
1782671713887,4,0,0,118.83
1782671713887,5,0,0,116.28
1782671713887,6,0,0,68.87
1782671713887,7,0,0,69.76
1782671714112,0,0,0,116.32
1782671714112,1,0,0,113.43
1782671714112,2,0,0,115.28
1782671714112,3,0,0,118.46
1782671714112,4,0,0,118.84
1782671714112,5,0,0,116.28
1782671714112,6,0,0,68.83
1782671714112,7,0,0,69.77
1782671714336,0,0,0,116.32
1782671714336,1,0,0,113.47
1782671714336,2,0,0,115.31
1782671714336,3,0,0,118.44
1782671714336,4,0,0,118.85
1782671714336,5,0,0,116.31
1782671714336,6,0,0,68.84
1782671714336,7,0,0,69.77
1782671714558,0,0,0,116.31
1782671714558,1,0,0,113.47
1782671714558,2,0,0,115.32
1782671714558,3,0,0,118.41
1782671714558,4,0,0,118.82
1782671714558,5,0,0,116.34
1782671714558,6,0,0,68.85
1782671714558,7,0,0,69.77
1782671714781,0,0,0,116.31
1782671714781,1,0,0,113.44
1782671714781,2,0,0,115.33
1782671714781,3,0,0,118.42
1782671714781,4,0,0,118.82
1782671714781,5,0,0,116.32
1782671714781,6,0,0,68.82
1782671714781,7,0,0,69.80
1782671715005,0,0,0,116.31
1782671715005,1,0,0,113.43
1782671715005,2,0,0,115.35
1782671715005,3,0,0,118.43
1782671715005,4,0,0,118.79
1782671715005,5,0,0,116.33
1782671715005,6,0,0,68.80
1782671715005,7,0,0,69.81
1782671715228,0,0,0,116.30
1782671715228,1,0,0,113.39
1782671715228,2,0,0,115.33
1782671715228,3,0,0,118.41
1782671715228,4,0,0,118.78
1782671715228,5,0,0,116.32
1782671715228,6,0,0,68.87
1782671715228,7,0,0,69.80
1782671715529,0,0,0,116.31
1782671715529,1,0,0,113.38
1782671715529,2,0,0,115.32
1782671715529,3,0,0,118.46
1782671715529,4,0,0,118.82
1782671715529,5,0,0,116.32
1782671715529,6,0,0,68.80
1782671715529,7,0,0,69.81
1782671715752,0,0,0,116.30
1782671715752,1,0,0,113.40
1782671715752,2,0,0,115.31
1782671715752,3,0,0,118.49
1782671715752,4,0,0,118.81
1782671715752,5,0,0,116.33
1782671715752,6,0,0,68.83
1782671715752,7,0,0,69.79
1782671715976,0,0,0,116.31
1782671715976,1,0,0,113.43
1782671715976,2,0,0,115.30
1782671715976,3,0,0,118.48
1782671715976,4,0,0,118.83
1782671715976,5,0,0,116.33
1782671715976,6,0,0,68.87
1782671715976,7,0,0,69.81
1782671716199,0,0,0,116.32
1782671716199,1,0,0,113.45
1782671716199,2,0,0,115.30
1782671716199,3,0,0,118.50
1782671716199,4,0,0,118.83
1782671716199,5,0,0,116.32
1782671716199,6,0,0,68.88
1782671716199,7,0,0,69.79
1782671716422,0,0,0,116.33
1782671716422,1,0,0,113.44
1782671716422,2,0,0,115.29
1782671716422,3,0,0,118.52
1782671716422,4,0,0,118.83
1782671716422,5,0,0,116.32
1782671716422,6,0,0,68.79
1782671716422,7,0,0,69.81
1782671716643,0,0,0,116.33
1782671716643,1,0,0,113.46
1782671716643,2,0,0,115.31
1782671716643,3,0,0,118.51
1782671716643,4,0,0,118.83
1782671716643,5,0,0,116.32
1782671716643,6,0,0,68.82
1782671716643,7,0,0,69.80
1782671716867,0,0,0,116.35
1782671716867,1,0,0,113.42
1782671716867,2,0,0,115.33
1782671716867,3,0,0,118.52
1782671716867,4,0,0,118.84
1782671716867,5,0,0,116.31
1782671716867,6,0,0,68.74
1782671716867,7,0,0,69.81
1782671717140,0,0,0,116.36
1782671717140,1,0,0,113.38
1782671717140,2,0,0,115.38
1782671717140,3,0,0,118.55
1782671717140,4,0,0,118.89
1782671717140,5,0,0,116.32
1782671717140,6,0,0,68.76
1782671717140,7,0,0,69.82
1782671717364,0,0,0,116.36
1782671717364,1,0,0,113.40
1782671717364,2,0,0,115.40
1782671717364,3,0,0,118.57
1782671717364,4,0,0,118.87
1782671717364,5,0,0,116.31
1782671717364,6,0,0,68.79
1782671717364,7,0,0,69.85
1782671717587,0,0,0,116.38
1782671717587,1,0,0,113.40
1782671717587,2,0,0,115.42
1782671717587,3,0,0,118.56
1782671717587,4,0,0,118.89
1782671717587,5,0,0,116.31
1782671717587,6,0,0,68.81
1782671717587,7,0,0,69.84
1782671717813,0,0,0,116.41
1782671717813,1,0,0,113.41
1782671717813,2,0,0,115.42
1782671717813,3,0,0,118.55
1782671717813,4,0,0,118.89
1782671717813,5,0,0,116.32
1782671717813,6,0,0,68.74
1782671717813,7,0,0,69.86
1782671718038,0,0,0,116.43
1782671718038,1,0,0,113.41
1782671718038,2,0,0,115.42
1782671718038,3,0,0,118.60
1782671718038,4,0,0,118.91
1782671718038,5,0,0,116.28
1782671718038,6,0,0,68.76
1782671718038,7,0,0,69.85
1782671718262,0,0,0,116.43
1782671718262,1,0,0,113.41
1782671718262,2,0,0,115.39
1782671718262,3,0,0,118.58
1782671718262,4,0,0,118.93
1782671718262,5,0,0,116.28
1782671718262,6,0,0,68.81
1782671718262,7,0,0,69.83
1782671718517,0,0,0,116.41
1782671718517,1,0,0,113.40
1782671718517,2,0,0,115.38
1782671718517,3,0,0,118.58
1782671718517,4,0,0,118.92
1782671718517,5,0,0,116.31
1782671718517,6,0,0,68.80
1782671718517,7,0,0,69.84
1782671718877,0,0,0,116.40
1782671718877,1,0,0,113.41
1782671718877,2,0,0,115.37
1782671718877,3,0,0,118.57
1782671718877,4,0,0,118.91
1782671718877,5,0,0,116.34
1782671718877,6,0,0,68.83
1782671718877,7,0,0,69.85
1782671719103,0,0,0,116.39
1782671719103,1,0,0,113.41
1782671719103,2,0,0,115.38
1782671719103,3,0,0,118.55
1782671719103,4,0,0,118.94
1782671719103,5,0,0,116.35
1782671719103,6,0,0,68.84
1782671719103,7,0,0,69.86
1782671719336,0,0,0,116.40
1782671719336,1,0,0,113.43
1782671719336,2,0,0,115.41
1782671719336,3,0,0,118.54
1782671719336,4,0,0,118.92
1782671719336,5,0,0,116.36
1782671719336,6,0,0,68.82
1782671719336,7,0,0,69.85
1782671719560,0,0,0,116.40
1782671719560,1,0,0,113.45
1782671719560,2,0,0,115.43
1782671719560,3,0,0,118.51
1782671719560,4,0,0,118.97
1782671719560,5,0,0,116.37
1782671719560,6,0,0,68.80
1782671719560,7,0,0,69.84
1782671719783,0,0,0,116.36
1782671719783,1,0,0,113.46
1782671719783,2,0,0,115.45
1782671719783,3,0,0,118.54
1782671719783,4,0,0,118.96
1782671719783,5,0,0,116.36
1782671719783,6,0,0,68.82
1782671719783,7,0,0,69.81
1782671720007,0,0,0,116.36
1782671720007,1,0,0,113.47
1782671720007,2,0,0,115.49
1782671720007,3,0,0,118.54
1782671720007,4,0,0,118.94
1782671720007,5,0,0,116.36
1782671720007,6,0,0,68.83
1782671720007,7,0,0,69.80
1782671720230,0,0,0,116.36
1782671720230,1,0,0,113.47
1782671720230,2,0,0,115.51
1782671720230,3,0,0,118.56
1782671720230,4,0,0,118.97
1782671720230,5,0,0,116.38
1782671720230,6,0,0,68.83
1782671720230,7,0,0,69.80
1782671720498,0,0,0,116.38
1782671720498,1,0,0,113.47
1782671720498,2,0,0,115.50
1782671720498,3,0,0,118.57
1782671720498,4,0,0,118.95
1782671720498,5,0,0,116.39
1782671720498,6,0,0,68.84
1782671720498,7,0,0,69.79
1782671720721,0,0,0,116.38
1782671720721,1,0,0,113.47
1782671720721,2,0,0,115.49
1782671720721,3,0,0,118.59
1782671720721,4,0,0,118.98
1782671720721,5,0,0,116.37
1782671720721,6,0,0,68.86
1782671720721,7,0,0,69.80
1782671720948,0,0,0,116.39
1782671720948,1,0,0,113.47
1782671720948,2,0,0,115.46
1782671720948,3,0,0,118.59
1782671720948,4,0,0,118.94
1782671720948,5,0,0,116.40
1782671720948,6,0,0,68.87
1782671720948,7,0,0,69.80
1782671721173,0,0,0,116.39
1782671721173,1,0,0,113.47
1782671721173,2,0,0,115.45
1782671721173,3,0,0,118.57
1782671721173,4,0,0,118.95
1782671721173,5,0,0,116.41
1782671721173,6,0,0,68.83
1782671721173,7,0,0,69.80
1782671721397,0,0,0,116.38
1782671721397,1,0,0,113.50
1782671721397,2,0,0,115.42
1782671721397,3,0,0,118.60
1782671721397,4,0,0,118.94
1782671721397,5,0,0,116.40
1782671721397,6,0,0,68.84
1782671721397,7,0,0,69.80
1782671721619,0,0,0,116.38
1782671721619,1,0,0,113.51
1782671721619,2,0,0,115.39
1782671721619,3,0,0,118.61
1782671721619,4,0,0,118.96
1782671721619,5,0,0,116.43
1782671721619,6,0,0,68.85
1782671721619,7,0,0,69.80
1782671721842,0,0,0,116.40
1782671721842,1,0,0,113.53
1782671721842,2,0,0,115.39
1782671721842,3,0,0,118.61
1782671721842,4,0,0,118.94
1782671721842,5,0,0,116.43
1782671721842,6,0,0,68.84
1782671721842,7,0,0,69.82
1782671722065,0,0,0,116.41
1782671722065,1,0,0,113.53
1782671722065,2,0,0,115.38
1782671722065,3,0,0,118.63
1782671722065,4,0,0,118.96
1782671722065,5,0,0,116.44
1782671722065,6,0,0,68.81
1782671722065,7,0,0,69.83
1782671722289,0,0,0,116.43
1782671722289,1,0,0,113.51
1782671722289,2,0,0,115.39
1782671722289,3,0,0,118.65
1782671722289,4,0,0,118.94
1782671722289,5,0,0,116.41
1782671722289,6,0,0,68.83
1782671722289,7,0,0,69.85
1782671722513,0,0,0,116.44
1782671722513,1,0,0,113.51
1782671722513,2,0,0,115.43
1782671722513,3,0,0,118.64
1782671722513,4,0,0,118.94
1782671722513,5,0,0,116.42
1782671722513,6,0,0,68.85
1782671722513,7,0,0,69.86
1782671722755,0,0,0,116.45
1782671722755,1,0,0,113.47
1782671722755,2,0,0,115.47
1782671722755,3,0,0,118.65
1782671722755,4,0,0,118.94
1782671722755,5,0,0,116.44
1782671722755,6,0,0,68.82
1782671722755,7,0,0,69.87
1782671722982,0,0,0,116.48
1782671722982,1,0,0,113.43
1782671722982,2,0,0,115.48
1782671722982,3,0,0,118.67
1782671722982,4,0,0,118.94
1782671722982,5,0,0,116.43
1782671722982,6,0,0,68.81
1782671722982,7,0,0,69.86
1782671723207,0,0,0,116.46
1782671723207,1,0,0,113.45
1782671723207,2,0,0,115.49
1782671723207,3,0,0,118.65
1782671723207,4,0,0,118.96
1782671723207,5,0,0,116.45
1782671723207,6,0,0,68.81
1782671723207,7,0,0,69.87
1782671723432,0,0,0,116.47
1782671723432,1,0,0,113.45
1782671723432,2,0,0,115.50
1782671723432,3,0,0,118.66
1782671723432,4,0,0,118.96
1782671723432,5,0,0,116.42
1782671723432,6,0,0,68.80
1782671723432,7,0,0,69.86
1782671723694,0,0,0,116.47
1782671723694,1,0,0,113.46
1782671723694,2,0,0,115.48
1782671723694,3,0,0,118.67
1782671723694,4,0,0,118.95
1782671723694,5,0,0,116.40
1782671723694,6,0,0,68.78
1782671723694,7,0,0,69.85
1782671723966,0,0,0,116.47
1782671723966,1,0,0,113.49
1782671723966,2,0,0,115.46
1782671723966,3,0,0,118.69
1782671723966,4,0,0,118.97
1782671723966,5,0,0,116.42
1782671723966,6,0,0,68.79
1782671723966,7,0,0,69.85
1782671724193,0,0,0,116.49
1782671724193,1,0,0,113.48
1782671724193,2,0,0,115.47
1782671724193,3,0,0,118.68
1782671724193,4,0,0,118.98
1782671724193,5,0,0,116.43
1782671724193,6,0,0,68.71
1782671724193,7,0,0,69.84
1782671724419,0,0,0,116.46
1782671724419,1,0,0,113.49
1782671724419,2,0,0,115.44
1782671724419,3,0,0,118.66
1782671724419,4,0,0,119.01
1782671724419,5,0,0,116.44
1782671724419,6,0,0,68.73
1782671724419,7,0,0,69.83
1782671724643,0,0,0,116.46
1782671724643,1,0,0,113.49
1782671724643,2,0,0,115.45
1782671724643,3,0,0,118.68
1782671724643,4,0,0,119.00
1782671724643,5,0,0,116.43
1782671724643,6,0,0,68.75
1782671724643,7,0,0,69.81
1782671724866,0,0,0,116.48
1782671724866,1,0,0,113.48
1782671724866,2,0,0,115.45
1782671724866,3,0,0,118.64
1782671724866,4,0,0,119.03
1782671724866,5,0,0,116.41
1782671724866,6,0,0,68.78
1782671724866,7,0,0,69.81
1782671725090,0,0,0,116.48
1782671725090,1,0,0,113.46
1782671725090,2,0,0,115.48
1782671725090,3,0,0,118.64
1782671725090,4,0,0,119.03
1782671725090,5,0,0,116.37
1782671725090,6,0,0,68.74
1782671725090,7,0,0,69.83
1782671725317,0,0,0,116.50
1782671725317,1,0,0,113.49
1782671725317,2,0,0,115.50
1782671725317,3,0,0,118.63
1782671725317,4,0,0,119.02
1782671725317,5,0,0,116.40
1782671725317,6,0,0,68.77
1782671725317,7,0,0,69.82
1782671725542,0,0,0,116.51
1782671725542,1,0,0,113.48
1782671725542,2,0,0,115.52
1782671725542,3,0,0,118.62
1782671725542,4,0,0,119.04
1782671725542,5,0,0,116.39
1782671725542,6,0,0,68.79
1782671725542,7,0,0,69.84
1782671725768,0,0,0,116.52
1782671725768,1,0,0,113.51
1782671725768,2,0,0,115.54
1782671725768,3,0,0,118.60
1782671725768,4,0,0,119.05
1782671725768,5,0,0,116.44
1782671725768,6,0,0,68.81
1782671725768,7,0,0,69.85
1782671725996,0,0,0,116.52
1782671725996,1,0,0,113.54
1782671725996,2,0,0,115.57
1782671725996,3,0,0,118.59
1782671725996,4,0,0,119.09
1782671725996,5,0,0,116.47
1782671725996,6,0,0,68.77
1782671725996,7,0,0,69.81
1782671726294,0,0,0,116.54
1782671726294,1,0,0,113.55
1782671726294,2,0,0,115.55
1782671726294,3,0,0,118.63
1782671726294,4,0,0,119.07
1782671726294,5,0,0,116.48
1782671726294,6,0,0,68.76
1782671726294,7,0,0,69.79
1782671726985,0,0,0,116.57
1782671726985,1,0,0,113.56
1782671726985,2,0,0,115.54
1782671726985,3,0,0,118.64
1782671726985,4,0,0,119.07
1782671726985,5,0,0,116.46
1782671726985,6,0,0,68.79
1782671726985,7,0,0,69.81
1782671727212,0,0,0,116.54
1782671727212,1,0,0,113.55
1782671727212,2,0,0,115.48
1782671727212,3,0,0,118.66
1782671727212,4,0,0,119.07
1782671727212,5,0,0,116.47
1782671727212,6,0,0,68.79
1782671727212,7,0,0,69.78
1782671727439,0,0,0,116.55
1782671727439,1,0,0,113.54
1782671727439,2,0,0,115.51
1782671727439,3,0,0,118.64
1782671727439,4,0,0,119.07
1782671727439,5,0,0,116.46
1782671727439,6,0,0,68.80
1782671727439,7,0,0,69.78
1782671727665,0,0,0,116.54
1782671727665,1,0,0,113.57
1782671727665,2,0,0,115.51
1782671727665,3,0,0,118.67
1782671727665,4,0,0,119.09
1782671727665,5,0,0,116.46
1782671727665,6,0,0,68.82
1782671727665,7,0,0,69.76
1782671727890,0,0,0,116.52
1782671727890,1,0,0,113.57
1782671727890,2,0,0,115.53
1782671727890,3,0,0,118.71
1782671727890,4,0,0,119.07
1782671727890,5,0,0,116.49
1782671727890,6,0,0,68.79
1782671727890,7,0,0,69.75
1782671728154,0,0,0,116.49
1782671728154,1,0,0,113.60
1782671728154,2,0,0,115.57
1782671728154,3,0,0,118.71
1782671728154,4,0,0,119.08
1782671728154,5,0,0,116.50
1782671728154,6,0,0,68.79
1782671728154,7,0,0,69.81
1782671728381,0,0,0,116.48
1782671728381,1,0,0,113.60
1782671728381,2,0,0,115.58
1782671728381,3,0,0,118.71
1782671728381,4,0,0,119.06
1782671728381,5,0,0,116.50
1782671728381,6,0,0,68.84
1782671728381,7,0,0,69.81
1782671728606,0,0,0,116.49
1782671728606,1,0,0,113.57
1782671728606,2,0,0,115.59
1782671728606,3,0,0,118.72
1782671728606,4,0,0,119.07
1782671728606,5,0,0,116.50
1782671728606,6,0,0,68.81
1782671728606,7,0,0,69.83
1782671728831,0,0,0,116.49
1782671728831,1,0,0,113.54
1782671728831,2,0,0,115.57
1782671728831,3,0,0,118.74
1782671728831,4,0,0,119.02
1782671728831,5,0,0,116.51
1782671728831,6,0,0,68.78
1782671728831,7,0,0,69.82
1782671729058,0,0,0,116.51
1782671729058,1,0,0,113.54
1782671729058,2,0,0,115.57
1782671729058,3,0,0,118.73
1782671729058,4,0,0,119.02
1782671729058,5,0,0,116.50
1782671729058,6,0,0,68.78
1782671729058,7,0,0,69.81
1782671729284,0,0,0,116.54
1782671729284,1,0,0,113.50
1782671729284,2,0,0,115.56
1782671729284,3,0,0,118.71
1782671729284,4,0,0,119.00
1782671729284,5,0,0,116.49
1782671729284,6,0,0,68.79
1782671729284,7,0,0,69.81
1782671729510,0,0,0,116.53
1782671729510,1,0,0,113.50
1782671729510,2,0,0,115.54
1782671729510,3,0,0,118.74
1782671729510,4,0,0,119.01
1782671729510,5,0,0,116.53
1782671729510,6,0,0,68.76
1782671729510,7,0,0,69.81
1782671729736,0,0,0,116.53
1782671729736,1,0,0,113.51
1782671729736,2,0,0,115.54
1782671729736,3,0,0,118.72
1782671729736,4,0,0,119.04
1782671729736,5,0,0,116.53
1782671729736,6,0,0,68.75
1782671729736,7,0,0,69.82
1782671729965,0,0,0,116.54
1782671729965,1,0,0,113.50
1782671729965,2,0,0,115.54
1782671729965,3,0,0,118.73
1782671729965,4,0,0,119.06
1782671729965,5,0,0,116.54
1782671729965,6,0,0,68.76
1782671729965,7,0,0,69.85
1782671730346,0,0,0,116.56
1782671730346,1,0,0,113.55
1782671730346,2,0,0,115.57
1782671730346,3,0,0,118.79
1782671730346,4,0,0,119.11
1782671730346,5,0,0,116.52
1782671730346,6,0,0,68.79
1782671730346,7,0,0,69.84
1782671730582,0,0,0,116.62
1782671730582,1,0,0,113.54
1782671730582,2,0,0,115.61
1782671730582,3,0,0,118.75
1782671730582,4,0,0,119.11
1782671730582,5,0,0,116.52
1782671730582,6,0,0,68.72
1782671730582,7,0,0,69.84
1782671730806,0,0,0,116.63
1782671730806,1,0,0,113.54
1782671730806,2,0,0,115.63
1782671730806,3,0,0,118.69
1782671730806,4,0,0,119.12
1782671730806,5,0,0,116.56
1782671730806,6,0,0,68.74
1782671730806,7,0,0,69.83
1782671731029,0,0,0,116.63
1782671731029,1,0,0,113.55
1782671731029,2,0,0,115.66
1782671731029,3,0,0,118.56
1782671731029,4,0,0,119.13
1782671731029,5,0,0,116.56
1782671731029,6,0,0,68.78
1782671731029,7,0,0,69.81
1782671731252,0,0,0,116.62
1782671731252,1,0,0,113.53
1782671731252,2,0,0,115.66
1782671731252,3,0,0,118.44
1782671731252,4,0,0,119.12
1782671731252,5,0,0,116.54
1782671731252,6,0,0,68.79
1782671731252,7,0,0,69.81
1782671731475,0,0,0,116.58
1782671731475,1,0,0,113.53
1782671731475,2,0,0,115.68
1782671731475,3,0,0,118.34
1782671731475,4,0,0,119.13
1782671731475,5,0,0,116.54
1782671731475,6,0,0,68.78
1782671731475,7,0,0,69.81
1782671731697,0,0,0,116.57
1782671731697,1,0,0,113.52
1782671731697,2,0,0,115.68
1782671731697,3,0,0,118.30
1782671731697,4,0,0,119.13
1782671731697,5,0,0,116.50
1782671731697,6,0,0,68.74
1782671731697,7,0,0,69.82
1782671731922,0,0,0,116.57
1782671731922,1,0,0,113.53
1782671731922,2,0,0,115.67
1782671731922,3,0,0,118.27
1782671731922,4,0,0,119.16
1782671731922,5,0,0,116.50
1782671731922,6,0,0,68.78
1782671731922,7,0,0,69.82
1782671732145,0,0,0,116.57
1782671732145,1,0,0,113.54
1782671732145,2,0,0,115.66
1782671732145,3,0,0,118.29
1782671732145,4,0,0,119.15
1782671732145,5,0,0,116.47
1782671732145,6,0,0,68.79
1782671732145,7,0,0,69.82
1782671732369,0,0,0,116.56
1782671732369,1,0,0,113.55
1782671732369,2,0,0,115.61
1782671732369,3,0,0,118.30
1782671732369,4,0,0,119.18
1782671732369,5,0,0,116.49
1782671732369,6,0,0,68.79
1782671732369,7,0,0,69.81
1782671732592,0,0,0,116.55
1782671732592,1,0,0,113.56
1782671732592,2,0,0,115.59
1782671732592,3,0,0,118.29
1782671732592,4,0,0,119.17
1782671732592,5,0,0,116.52
1782671732592,6,0,0,68.78
1782671732592,7,0,0,69.82
1782671732892,0,0,0,116.54
1782671732892,1,0,0,113.56
1782671732892,2,0,0,115.57
1782671732892,3,0,0,118.33
1782671732892,4,0,0,119.15
1782671732892,5,0,0,116.54
1782671732892,6,0,0,68.75
1782671732892,7,0,0,69.81
1782671733195,0,0,0,116.55
1782671733195,1,0,0,113.58
1782671733195,2,0,0,115.60
1782671733195,3,0,0,118.32
1782671733195,4,0,0,119.17
1782671733195,5,0,0,116.56
1782671733195,6,0,0,68.84
1782671733195,7,0,0,69.80
1782671733470,0,0,0,116.60
1782671733470,1,0,0,113.62
1782671733470,2,0,0,115.63
1782671733470,3,0,0,118.34
1782671733470,4,0,0,119.15
1782671733470,5,0,0,116.54
1782671733470,6,0,0,68.83
1782671733470,7,0,0,69.78
1782671733961,0,0,0,116.61
1782671733961,1,0,0,113.64
1782671733961,2,0,0,115.63
1782671733961,3,0,0,118.32
1782671733961,4,0,0,119.15
1782671733961,5,0,0,116.55
1782671733961,6,0,0,68.79
1782671733961,7,0,0,69.78
1782671734292,0,0,0,116.61
1782671734292,1,0,0,113.63
1782671734292,2,0,0,115.64
1782671734292,3,0,0,118.33
1782671734292,4,0,0,119.16
1782671734292,5,0,0,116.55
1782671734292,6,0,0,68.78
1782671734292,7,0,0,69.80
1782671734520,0,0,0,116.63
1782671734520,1,0,0,113.61
1782671734520,2,0,0,115.67
1782671734520,3,0,0,118.35
1782671734520,4,0,0,119.12
1782671734520,5,0,0,116.54
1782671734520,6,0,0,68.78
1782671734520,7,0,0,69.82
1782671734746,0,0,0,116.61
1782671734746,1,0,0,113.58
1782671734746,2,0,0,115.65
1782671734746,3,0,0,118.35
1782671734746,4,0,0,119.16
1782671734746,5,0,0,116.56
1782671734746,6,0,0,68.79
1782671734746,7,0,0,69.85
1782671734971,0,0,0,116.62
1782671734971,1,0,0,113.54
1782671734971,2,0,0,115.64
1782671734971,3,0,0,118.34
1782671734971,4,0,0,119.15
1782671734971,5,0,0,116.54
1782671734971,6,0,0,68.77
1782671734971,7,0,0,69.85
1782671735196,0,0,0,116.62
1782671735196,1,0,0,113.52
1782671735196,2,0,0,115.61
1782671735196,3,0,0,118.36
1782671735196,4,0,0,119.16
1782671735196,5,0,0,116.59
1782671735196,6,0,0,68.76
1782671735196,7,0,0,69.85
1782671735421,0,0,0,116.62
1782671735421,1,0,0,113.51
1782671735421,2,0,0,115.59
1782671735421,3,0,0,118.36
1782671735421,4,0,0,119.17
1782671735421,5,0,0,116.60
1782671735421,6,0,0,68.78
1782671735421,7,0,0,69.84
1782671735646,0,0,0,116.62
1782671735646,1,0,0,113.52
1782671735646,2,0,0,115.57
1782671735646,3,0,0,118.32
1782671735646,4,0,0,119.16
1782671735646,5,0,0,116.58
1782671735646,6,0,0,68.77
1782671735646,7,0,0,69.83
1782671735872,0,0,0,116.62
1782671735872,1,0,0,113.57
1782671735872,2,0,0,115.59
1782671735872,3,0,0,118.35
1782671735872,4,0,0,119.15
1782671735872,5,0,0,116.61
1782671735872,6,0,0,68.74
1782671735872,7,0,0,69.84
1782671736098,0,0,0,116.62
1782671736098,1,0,0,113.57
1782671736098,2,0,0,115.61
1782671736098,3,0,0,118.36
1782671736098,4,0,0,119.14
1782671736098,5,0,0,116.60
1782671736098,6,0,0,68.76
1782671736098,7,0,0,69.84
1782671736325,0,0,0,116.62
1782671736325,1,0,0,113.60
1782671736325,2,0,0,115.64
1782671736325,3,0,0,118.37
1782671736325,4,0,0,119.17
1782671736325,5,0,0,116.61
1782671736325,6,0,0,68.77
1782671736325,7,0,0,69.84
1782671736550,0,0,0,116.63
1782671736550,1,0,0,113.61
1782671736550,2,0,0,115.69
1782671736550,3,0,0,118.38
1782671736550,4,0,0,119.15
1782671736550,5,0,0,116.60
1782671736550,6,0,0,68.72
1782671736550,7,0,0,69.86
1782671736775,0,0,0,116.62
1782671736775,1,0,0,113.64
1782671736775,2,0,0,115.70
1782671736775,3,0,0,118.39
1782671736775,4,0,0,119.17
1782671736775,5,0,0,116.59
1782671736775,6,0,0,68.73
1782671736775,7,0,0,69.84
1782671736999,0,0,0,116.64
1782671736999,1,0,0,113.64
1782671736999,2,0,0,115.71
1782671736999,3,0,0,118.37
1782671736999,4,0,0,119.20
1782671736999,5,0,0,116.57
1782671736999,6,0,0,68.76
1782671736999,7,0,0,69.84
1782671737224,0,0,0,116.65
1782671737224,1,0,0,113.62
1782671737224,2,0,0,115.75
1782671737224,3,0,0,118.36
1782671737224,4,0,0,119.19
1782671737224,5,0,0,116.54
1782671737224,6,0,0,68.77
1782671737224,7,0,0,69.85
1782671737452,0,0,0,116.66
1782671737452,1,0,0,113.62
1782671737452,2,0,0,115.75
1782671737452,3,0,0,118.35
1782671737452,4,0,0,119.20
1782671737452,5,0,0,116.57
1782671737452,6,0,0,68.72
1782671737452,7,0,0,69.85
1782671737677,0,0,0,116.68
1782671737677,1,0,0,113.60
1782671737677,2,0,0,115.74
1782671737677,3,0,0,118.34
1782671737677,4,0,0,119.19
1782671737677,5,0,0,116.58
1782671737677,6,0,0,68.74
1782671737677,7,0,0,69.81
1782671737902,0,0,0,116.70
1782671737902,1,0,0,113.59
1782671737902,2,0,0,115.72
1782671737902,3,0,0,118.34
1782671737902,4,0,0,119.23
1782671737902,5,0,0,116.59
1782671737902,6,0,0,68.76
1782671737902,7,0,0,69.82
1782671738129,0,0,0,116.70
1782671738129,1,0,0,113.59
1782671738129,2,0,0,115.71
1782671738129,3,0,0,118.32
1782671738129,4,0,0,119.22
1782671738129,5,0,0,116.59
1782671738129,6,0,0,68.78
1782671738129,7,0,0,69.82
1782671738355,0,0,0,116.71
1782671738355,1,0,0,113.62
1782671738355,2,0,0,115.69
1782671738355,3,0,0,118.34
1782671738355,4,0,0,119.25
1782671738355,5,0,0,116.61
1782671738355,6,0,0,68.72
1782671738355,7,0,0,69.81
1782671738581,0,0,0,116.69
1782671738581,1,0,0,113.62
1782671738581,2,0,0,115.67
1782671738581,3,0,0,118.35
1782671738581,4,0,0,119.27
1782671738581,5,0,0,116.61
1782671738581,6,0,0,68.75
1782671738581,7,0,0,69.81
1782671738807,0,0,0,116.68
1782671738807,1,0,0,113.64
1782671738807,2,0,0,115.69
1782671738807,3,0,0,118.35
1782671738807,4,0,0,119.26
1782671738807,5,0,0,116.61
1782671738807,6,0,0,68.77
1782671738807,7,0,0,69.81
1782671739033,0,0,0,116.67
1782671739033,1,0,0,113.64
1782671739033,2,0,0,115.66
1782671739033,3,0,0,118.32
1782671739033,4,0,0,119.27
1782671739033,5,0,0,116.59
1782671739033,6,0,0,68.81
1782671739033,7,0,0,69.81
1782671739260,0,0,0,116.67
1782671739260,1,0,0,113.61
1782671739260,2,0,0,115.67
1782671739260,3,0,0,118.36
1782671739260,4,0,0,119.26
1782671739260,5,0,0,116.59
1782671739260,6,0,0,68.74
1782671739260,7,0,0,69.79
1782671739484,0,0,0,116.64
1782671739484,1,0,0,113.62
1782671739484,2,0,0,115.66
1782671739484,3,0,0,118.36
1782671739484,4,0,0,119.28
1782671739484,5,0,0,116.60
1782671739484,6,0,0,68.74
1782671739484,7,0,0,69.75
1782671739751,0,0,0,116.64
1782671739751,1,0,0,113.61
1782671739751,2,0,0,115.64
1782671739751,3,0,0,118.36
1782671739751,4,0,0,119.26
1782671739751,5,0,0,116.62
1782671739751,6,0,0,68.74
1782671739751,7,0,0,69.76
1782671739975,0,0,0,116.64
1782671739975,1,0,0,113.64
1782671739975,2,0,0,115.68
1782671739975,3,0,0,118.39
1782671739975,4,0,0,119.26
1782671739975,5,0,0,116.62
1782671739975,6,0,0,68.76
1782671739975,7,0,0,69.76
1782671740201,0,0,0,116.63
1782671740201,1,0,0,113.69
1782671740201,2,0,0,115.69
1782671740201,3,0,0,118.46
1782671740201,4,0,0,119.26
1782671740201,5,0,0,116.65
1782671740201,6,0,0,68.79
1782671740201,7,0,0,69.76
1782671740425,0,0,0,116.64
1782671740425,1,0,0,113.68
1782671740425,2,0,0,115.72
1782671740425,3,0,0,118.59
1782671740425,4,0,0,119.24
1782671740425,5,0,0,116.66
1782671740425,6,0,0,68.81
1782671740425,7,0,0,69.82
1782671740649,0,0,0,116.65
1782671740649,1,0,0,113.68
1782671740649,2,0,0,115.74
1782671740649,3,0,0,118.65
1782671740649,4,0,0,119.24
1782671740649,5,0,0,116.64
1782671740649,6,0,0,68.78
1782671740649,7,0,0,69.81
1782671740873,0,0,0,116.65
1782671740873,1,0,0,113.66
1782671740873,2,0,0,115.77
1782671740873,3,0,0,118.78
1782671740873,4,0,0,119.22
1782671740873,5,0,0,116.61
1782671740873,6,0,0,68.76
1782671740873,7,0,0,69.80
1782671741096,0,0,0,116.66
1782671741096,1,0,0,113.64
1782671741096,2,0,0,115.75
1782671741096,3,0,0,118.83
1782671741096,4,0,0,119.23
1782671741096,5,0,0,116.61
1782671741096,6,0,0,68.77
1782671741096,7,0,0,69.79
1782671741319,0,0,0,116.69
1782671741319,1,0,0,113.61
1782671741319,2,0,0,115.76
1782671741319,3,0,0,118.82
1782671741319,4,0,0,119.21
1782671741319,5,0,0,116.57
1782671741319,6,0,0,68.77
1782671741319,7,0,0,69.76
1782671741668,0,0,0,116.71
1782671741668,1,0,0,113.60
1782671741668,2,0,0,115.75
1782671741668,3,0,0,118.86
1782671741668,4,0,0,119.24
1782671741668,5,0,0,116.59
1782671741668,6,0,0,68.86
1782671741668,7,0,0,69.81
1782671741957,0,0,0,116.76
1782671741957,1,0,0,113.58
1782671741957,2,0,0,115.73
1782671741957,3,0,0,118.87
1782671741957,4,0,0,119.22
1782671741957,5,0,0,116.61
1782671741957,6,0,0,68.80
1782671741957,7,0,0,69.82
1782671742181,0,0,0,116.76
1782671742181,1,0,0,113.60
1782671742181,2,0,0,115.72
1782671742181,3,0,0,118.87
1782671742181,4,0,0,119.24
1782671742181,5,0,0,116.62
1782671742181,6,0,0,68.82
1782671742181,7,0,0,69.85
1782671742406,0,0,0,116.76
1782671742406,1,0,0,113.61
1782671742406,2,0,0,115.72
1782671742406,3,0,0,118.90
1782671742406,4,0,0,119.25
1782671742406,5,0,0,116.64
1782671742406,6,0,0,68.82
1782671742406,7,0,0,69.85
1782671742630,0,0,0,116.75
1782671742630,1,0,0,113.63
1782671742630,2,0,0,115.72
1782671742630,3,0,0,118.89
1782671742630,4,0,0,119.26
1782671742630,5,0,0,116.66
1782671742630,6,0,0,68.81
1782671742630,7,0,0,69.84
1782671742856,0,0,0,116.74
1782671742856,1,0,0,113.65
1782671742856,2,0,0,115.71
1782671742856,3,0,0,118.88
1782671742856,4,0,0,119.26
1782671742856,5,0,0,116.67
1782671742856,6,0,0,68.77
1782671742856,7,0,0,69.82
1782671743081,0,0,0,116.74
1782671743081,1,0,0,113.66
1782671743081,2,0,0,115.75
1782671743081,3,0,0,118.91
1782671743081,4,0,0,119.28
1782671743081,5,0,0,116.66
1782671743081,6,0,0,68.79
1782671743081,7,0,0,69.82
1782671743306,0,0,0,116.73
1782671743306,1,0,0,113.64
1782671743306,2,0,0,115.79
1782671743306,3,0,0,118.93
1782671743306,4,0,0,119.30
1782671743306,5,0,0,116.68
1782671743306,6,0,0,68.81
1782671743306,7,0,0,69.82
1782671743531,0,0,0,116.72
1782671743531,1,0,0,113.62
1782671743531,2,0,0,115.84
1782671743531,3,0,0,118.91
1782671743531,4,0,0,119.30
1782671743531,5,0,0,116.64
1782671743531,6,0,0,68.80
1782671743531,7,0,0,69.81
1782671743754,0,0,0,116.71
1782671743754,1,0,0,113.61
1782671743754,2,0,0,115.86
1782671743754,3,0,0,118.92
1782671743754,4,0,0,119.30
1782671743754,5,0,0,116.60
1782671743754,6,0,0,68.78
1782671743754,7,0,0,69.82
1782671744026,0,0,0,116.69
1782671744026,1,0,0,113.62
1782671744026,2,0,0,115.89
1782671744026,3,0,0,118.90
1782671744026,4,0,0,119.32
1782671744026,5,0,0,116.60
1782671744026,6,0,0,68.74
1782671744026,7,0,0,69.83
1782671744331,0,0,0,116.65
1782671744331,1,0,0,113.64
1782671744331,2,0,0,115.87
1782671744331,3,0,0,118.90
1782671744331,4,0,0,119.33
1782671744331,5,0,0,116.54
1782671744331,6,0,0,68.77
1782671744331,7,0,0,69.83
1782671744585,0,0,0,116.71
1782671744585,1,0,0,113.65
1782671744585,2,0,0,115.85
1782671744585,3,0,0,118.86
1782671744585,4,0,0,119.35
1782671744585,5,0,0,116.56
1782671744585,6,0,0,68.74
1782671744585,7,0,0,69.83
1782671744810,0,0,0,116.71
1782671744810,1,0,0,113.68
1782671744810,2,0,0,115.83
1782671744810,3,0,0,118.83
1782671744810,4,0,0,119.34
1782671744810,5,0,0,116.59
1782671744810,6,0,0,68.74
1782671744810,7,0,0,69.81
1782671745036,0,0,0,116.72
1782671745036,1,0,0,113.66
1782671745036,2,0,0,115.81
1782671745036,3,0,0,118.86
1782671745036,4,0,0,119.35
1782671745036,5,0,0,116.59
1782671745036,6,0,0,68.80
1782671745036,7,0,0,69.80
1782671745333,0,0,0,116.78
1782671745333,1,0,0,113.65
1782671745333,2,0,0,115.79
1782671745333,3,0,0,118.83
1782671745333,4,0,0,119.34
1782671745333,5,0,0,116.63
1782671745333,6,0,0,68.79
1782671745333,7,0,0,69.80
1782671745558,0,0,0,116.74
1782671745558,1,0,0,113.67
1782671745558,2,0,0,115.76
1782671745558,3,0,0,118.86
1782671745558,4,0,0,119.32
1782671745558,5,0,0,116.66
1782671745558,6,0,0,68.84
1782671745558,7,0,0,69.80
1782671745786,0,0,0,116.74
1782671745786,1,0,0,113.67
1782671745786,2,0,0,115.77
1782671745786,3,0,0,118.88
1782671745786,4,0,0,119.32
1782671745786,5,0,0,116.66
1782671745786,6,0,0,68.82
1782671745786,7,0,0,69.80
1782671746042,0,0,0,116.75
1782671746042,1,0,0,113.71
1782671746042,2,0,0,115.76
1782671746042,3,0,0,118.88
1782671746042,4,0,0,119.32
1782671746042,5,0,0,116.67
1782671746042,6,0,0,68.81
1782671746042,7,0,0,69.80
1782671746267,0,0,0,116.75
1782671746267,1,0,0,113.71
1782671746267,2,0,0,115.80
1782671746267,3,0,0,118.89
1782671746267,4,0,0,119.32
1782671746267,5,0,0,116.67
1782671746267,6,0,0,68.83
1782671746267,7,0,0,69.79
1782671746491,0,0,0,116.74
1782671746491,1,0,0,113.72
1782671746491,2,0,0,115.78
1782671746491,3,0,0,118.90
1782671746491,4,0,0,119.34
1782671746491,5,0,0,116.65
1782671746491,6,0,0,68.85
1782671746491,7,0,0,69.81
1782671746715,0,0,0,116.74
1782671746715,1,0,0,113.73
1782671746715,2,0,0,115.80
1782671746715,3,0,0,118.90
1782671746715,4,0,0,119.33
1782671746715,5,0,0,116.64
1782671746715,6,0,0,68.83
1782671746715,7,0,0,69.80
1782671746940,0,0,0,116.72
1782671746940,1,0,0,113.73
1782671746940,2,0,0,115.80
1782671746940,3,0,0,118.87
1782671746940,4,0,0,119.34
1782671746940,5,0,0,116.66
1782671746940,6,0,0,68.79
1782671746940,7,0,0,69.81
1782671747164,0,0,0,116.72
1782671747164,1,0,0,113.69
1782671747164,2,0,0,115.81
1782671747164,3,0,0,118.87
1782671747164,4,0,0,119.35
1782671747164,5,0,0,116.67
1782671747164,6,0,0,68.84
1782671747164,7,0,0,69.80
1782671747400,0,0,0,116.71
1782671747400,1,0,0,113.66
1782671747400,2,0,0,115.83
1782671747400,3,0,0,118.88
1782671747400,4,0,0,119.35
1782671747400,5,0,0,116.68
1782671747400,6,0,0,68.82
1782671747400,7,0,0,69.79
1782671747652,0,0,0,116.76
1782671747652,1,0,0,113.62
1782671747652,2,0,0,115.81
1782671747652,3,0,0,118.89
1782671747652,4,0,0,119.37
1782671747652,5,0,0,116.68
1782671747652,6,0,0,68.74
1782671747652,7,0,0,69.80
1782671748010,0,0,0,116.77
1782671748010,1,0,0,113.64
1782671748010,2,0,0,115.83
1782671748010,3,0,0,118.91
1782671748010,4,0,0,119.34
1782671748010,5,0,0,116.67
1782671748010,6,0,0,68.79
1782671748010,7,0,0,69.81
1782671748235,0,0,0,116.80
1782671748235,1,0,0,113.64
1782671748235,2,0,0,115.80
1782671748235,3,0,0,118.82
1782671748235,4,0,0,119.36
1782671748235,5,0,0,116.66
1782671748235,6,0,0,68.77
1782671748235,7,0,0,69.83
1782671748458,0,0,0,116.79
1782671748458,1,0,0,113.67
1782671748458,2,0,0,115.80
1782671748458,3,0,0,118.73
1782671748458,4,0,0,119.34
1782671748458,5,0,0,116.65
1782671748458,6,0,0,68.75
1782671748458,7,0,0,69.83
1782671748727,0,0,0,116.77
1782671748727,1,0,0,113.71
1782671748727,2,0,0,115.82
1782671748727,3,0,0,118.63
1782671748727,4,0,0,119.35
1782671748727,5,0,0,116.66
1782671748727,6,0,0,68.79
1782671748727,7,0,0,69.83
1782671749010,0,0,0,116.77
1782671749010,1,0,0,113.70
1782671749010,2,0,0,115.85
1782671749010,3,0,0,118.57
1782671749010,4,0,0,119.36
1782671749010,5,0,0,116.65
1782671749010,6,0,0,68.77
1782671749010,7,0,0,69.82
1782671749246,0,0,0,116.79
1782671749246,1,0,0,113.70
1782671749246,2,0,0,115.86
1782671749246,3,0,0,118.53
1782671749246,4,0,0,119.35
1782671749246,5,0,0,116.65
1782671749246,6,0,0,68.80
1782671749246,7,0,0,69.81
1782671749473,0,0,0,116.82
1782671749473,1,0,0,113.69
1782671749473,2,0,0,115.89
1782671749473,3,0,0,118.52
1782671749473,4,0,0,119.38
1782671749473,5,0,0,116.71
1782671749473,6,0,0,68.79
1782671749473,7,0,0,69.81
1782671749699,0,0,0,116.85
1782671749699,1,0,0,113.68
1782671749699,2,0,0,115.91
1782671749699,3,0,0,118.52
1782671749699,4,0,0,119.36
1782671749699,5,0,0,116.71
1782671749699,6,0,0,68.79
1782671749699,7,0,0,69.83
1782671749925,0,0,0,116.86
1782671749925,1,0,0,113.69
1782671749925,2,0,0,115.93
1782671749925,3,0,0,118.48
1782671749925,4,0,0,119.36
1782671749925,5,0,0,116.70
1782671749925,6,0,0,68.79
1782671749925,7,0,0,69.84
1782671750151,0,0,0,116.86
1782671750151,1,0,0,113.68
1782671750151,2,0,0,115.92
1782671750151,3,0,0,118.46
1782671750151,4,0,0,119.37
1782671750151,5,0,0,116.69
1782671750151,6,0,0,68.81
1782671750151,7,0,0,69.84
1782671750377,0,0,0,116.84
1782671750377,1,0,0,113.70
1782671750377,2,0,0,115.89
1782671750377,3,0,0,118.47
1782671750377,4,0,0,119.31
1782671750377,5,0,0,116.68
1782671750377,6,0,0,68.78
1782671750377,7,0,0,69.82
1782671750602,0,0,0,116.81
1782671750602,1,0,0,113.69
1782671750602,2,0,0,115.87
1782671750602,3,0,0,118.42
1782671750602,4,0,0,119.32
1782671750602,5,0,0,116.65
1782671750602,6,0,0,68.76
1782671750602,7,0,0,69.81
1782671750875,0,0,0,116.78
1782671750875,1,0,0,113.70
1782671750875,2,0,0,115.85
1782671750875,3,0,0,118.37
1782671750875,4,0,0,119.34
1782671750875,5,0,0,116.65
1782671750875,6,0,0,68.81
1782671750875,7,0,0,69.77
1782671751098,0,0,0,116.76
1782671751098,1,0,0,113.71
1782671751098,2,0,0,115.84
1782671751098,3,0,0,118.34
1782671751098,4,0,0,119.33
1782671751098,5,0,0,116.66
1782671751098,6,0,0,68.74
1782671751098,7,0,0,69.79
1782671751390,0,0,0,116.78
1782671751390,1,0,0,113.73
1782671751390,2,0,0,115.87
1782671751390,3,0,0,118.32
1782671751390,4,0,0,119.43
1782671751390,5,0,0,116.65
1782671751390,6,0,0,68.80
1782671751390,7,0,0,69.81
1782671751649,0,0,0,116.78
1782671751649,1,0,0,113.73
1782671751649,2,0,0,115.88
1782671751649,3,0,0,118.33
1782671751649,4,0,0,119.43
1782671751649,5,0,0,116.68
1782671751649,6,0,0,68.79
1782671751649,7,0,0,69.80
1782671751872,0,0,0,116.78
1782671751872,1,0,0,113.71
1782671751872,2,0,0,115.87
1782671751872,3,0,0,118.32
1782671751872,4,0,0,119.41
1782671751872,5,0,0,116.68
1782671751872,6,0,0,68.75
1782671751872,7,0,0,69.80
1782671752096,0,0,0,116.79
1782671752096,1,0,0,113.70
1782671752096,2,0,0,115.86
1782671752096,3,0,0,118.32
1782671752096,4,0,0,119.41
1782671752096,5,0,0,116.69
1782671752096,6,0,0,68.82
1782671752096,7,0,0,69.78
1782671752356,0,0,0,116.79
1782671752356,1,0,0,113.72
1782671752356,2,0,0,115.86
1782671752356,3,0,0,118.34
1782671752356,4,0,0,119.41
1782671752356,5,0,0,116.69
1782671752356,6,0,0,68.80
1782671752356,7,0,0,69.78
1782671752625,0,0,0,116.79
1782671752625,1,0,0,113.73
1782671752625,2,0,0,115.83
1782671752625,3,0,0,118.33
1782671752625,4,0,0,119.40
1782671752625,5,0,0,116.67
1782671752625,6,0,0,68.84
1782671752625,7,0,0,69.81
1782671752850,0,0,0,116.78
1782671752850,1,0,0,113.75
1782671752850,2,0,0,115.86
1782671752850,3,0,0,118.33
1782671752850,4,0,0,119.40
1782671752850,5,0,0,116.72
1782671752850,6,0,0,68.87
1782671752850,7,0,0,69.81
1782671753075,0,0,0,116.79
1782671753075,1,0,0,113.75
1782671753075,2,0,0,115.86
1782671753075,3,0,0,118.36
1782671753075,4,0,0,119.41
1782671753075,5,0,0,116.71
1782671753075,6,0,0,68.83
1782671753075,7,0,0,69.82
1782671753299,0,0,0,116.80
1782671753299,1,0,0,113.75
1782671753299,2,0,0,115.87
1782671753299,3,0,0,118.31
1782671753299,4,0,0,119.40
1782671753299,5,0,0,116.71
1782671753299,6,0,0,68.85
1782671753299,7,0,0,69.83
1782671753555,0,0,0,116.79
1782671753555,1,0,0,113.74
1782671753555,2,0,0,115.89
1782671753555,3,0,0,118.30
1782671753555,4,0,0,119.39
1782671753555,5,0,0,116.73
1782671753555,6,0,0,68.85
1782671753555,7,0,0,69.82
1782671753779,0,0,0,116.81
1782671753779,1,0,0,113.71
1782671753779,2,0,0,115.88
1782671753779,3,0,0,118.32
1782671753779,4,0,0,119.36
1782671753779,5,0,0,116.71
1782671753779,6,0,0,68.84
1782671753779,7,0,0,69.81
1782671754002,0,0,0,116.80
1782671754002,1,0,0,113.70
1782671754002,2,0,0,115.87
1782671754002,3,0,0,118.31
1782671754002,4,0,0,119.39
1782671754002,5,0,0,116.71
1782671754002,6,0,0,68.81
1782671754002,7,0,0,69.82
1782671754227,0,0,0,116.82
1782671754227,1,0,0,113.71
1782671754227,2,0,0,115.87
1782671754227,3,0,0,118.31
1782671754227,4,0,0,119.39
1782671754227,5,0,0,116.71
1782671754227,6,0,0,68.84
1782671754227,7,0,0,69.81
1782671754479,0,0,0,116.81
1782671754479,1,0,0,113.69
1782671754479,2,0,0,115.88
1782671754479,3,0,0,118.32
1782671754479,4,0,0,119.38
1782671754479,5,0,0,116.73
1782671754479,6,0,0,68.84
1782671754479,7,0,0,69.81
1782671754704,0,0,0,116.81
1782671754704,1,0,0,113.72
1782671754704,2,0,0,115.87
1782671754704,3,0,0,118.36
1782671754704,4,0,0,119.42
1782671754704,5,0,0,116.73
1782671754704,6,0,0,68.83
1782671754704,7,0,0,69.83
1782671754929,0,0,0,116.82
1782671754929,1,0,0,113.71
1782671754929,2,0,0,115.88
1782671754929,3,0,0,118.36
1782671754929,4,0,0,119.40
1782671754929,5,0,0,116.75
1782671754929,6,0,0,68.81
1782671754929,7,0,0,69.82
1782671755154,0,0,0,116.82
1782671755154,1,0,0,113.74
1782671755154,2,0,0,115.87
1782671755154,3,0,0,118.36
1782671755154,4,0,0,119.41
1782671755154,5,0,0,116.79
1782671755154,6,0,0,68.81
1782671755154,7,0,0,69.81
1782671755378,0,0,0,116.81
1782671755378,1,0,0,113.72
1782671755378,2,0,0,115.89
1782671755378,3,0,0,118.41
1782671755378,4,0,0,119.40
1782671755378,5,0,0,116.78
1782671755378,6,0,0,68.76
1782671755378,7,0,0,69.81
1782671755602,0,0,0,116.81
1782671755602,1,0,0,113.71
1782671755602,2,0,0,115.91
1782671755602,3,0,0,118.40
1782671755602,4,0,0,119.43
1782671755602,5,0,0,116.77
1782671755602,6,0,0,68.73
1782671755602,7,0,0,69.82
1782671755826,0,0,0,116.84
1782671755826,1,0,0,113.72
1782671755826,2,0,0,115.92
1782671755826,3,0,0,118.37
1782671755826,4,0,0,119.44
1782671755826,5,0,0,116.77
1782671755826,6,0,0,68.78
1782671755826,7,0,0,69.82
1782671756053,0,0,0,116.86
1782671756053,1,0,0,113.70
1782671756053,2,0,0,115.97
1782671756053,3,0,0,118.37
1782671756053,4,0,0,119.45
1782671756053,5,0,0,116.76
1782671756053,6,0,0,68.78
1782671756053,7,0,0,69.85
1782671756308,0,0,0,116.87
1782671756308,1,0,0,113.68
1782671756308,2,0,0,115.99
1782671756308,3,0,0,118.37
1782671756308,4,0,0,119.47
1782671756308,5,0,0,116.76
1782671756308,6,0,0,68.79
1782671756308,7,0,0,69.86
1782671756533,0,0,0,116.88
1782671756533,1,0,0,113.70
1782671756533,2,0,0,116.01
1782671756533,3,0,0,118.34
1782671756533,4,0,0,119.43
1782671756533,5,0,0,116.76
1782671756533,6,0,0,68.79
1782671756533,7,0,0,69.86
1782671756758,0,0,0,116.89
1782671756758,1,0,0,113.71
1782671756758,2,0,0,116.01
1782671756758,3,0,0,118.32
1782671756758,4,0,0,119.48
1782671756758,5,0,0,116.75
1782671756758,6,0,0,68.81
1782671756758,7,0,0,69.85
1782671756983,0,0,0,116.89
1782671756983,1,0,0,113.73
1782671756983,2,0,0,115.99
1782671756983,3,0,0,118.30
1782671756983,4,0,0,119.46
1782671756983,5,0,0,116.74
1782671756983,6,0,0,68.79
1782671756983,7,0,0,69.85
1782671757208,0,0,0,116.90
1782671757208,1,0,0,113.73
1782671757208,2,0,0,115.92
1782671757208,3,0,0,118.40
1782671757208,4,0,0,119.48
1782671757208,5,0,0,116.73
1782671757208,6,0,0,68.77
1782671757208,7,0,0,69.84
1782671757432,0,0,0,116.87
1782671757432,1,0,0,113.75
1782671757432,2,0,0,115.78
1782671757432,3,0,0,118.53
1782671757432,4,0,0,119.50
1782671757432,5,0,0,116.74
1782671757432,6,0,0,68.80
1782671757432,7,0,0,69.83
1782671757655,0,0,0,116.84
1782671757655,1,0,0,113.74
1782671757655,2,0,0,115.69
1782671757655,3,0,0,118.61
1782671757655,4,0,0,119.50
1782671757655,5,0,0,116.75
1782671757655,6,0,0,68.79
1782671757655,7,0,0,69.80
1782671757880,0,0,0,116.82
1782671757880,1,0,0,113.73
1782671757880,2,0,0,115.59
1782671757880,3,0,0,118.72
1782671757880,4,0,0,119.47
1782671757880,5,0,0,116.73
1782671757880,6,0,0,68.82
1782671757880,7,0,0,69.78
1782671758105,0,0,0,116.81
1782671758105,1,0,0,113.75
1782671758105,2,0,0,115.63
1782671758105,3,0,0,118.80
1782671758105,4,0,0,119.46
1782671758105,5,0,0,116.72
1782671758105,6,0,0,68.80
1782671758105,7,0,0,69.75
1782671758330,0,0,0,116.81
1782671758330,1,0,0,113.75
1782671758330,2,0,0,115.70
1782671758330,3,0,0,118.78
1782671758330,4,0,0,119.48
1782671758330,5,0,0,116.70
1782671758330,6,0,0,68.84
1782671758330,7,0,0,69.75
1782671758554,0,0,0,116.83
1782671758554,1,0,0,113.77
1782671758554,2,0,0,115.78
1782671758554,3,0,0,118.78
1782671758554,4,0,0,119.45
1782671758554,5,0,0,116.72
1782671758554,6,0,0,68.85
1782671758554,7,0,0,69.76
1782671758778,0,0,0,116.83
1782671758778,1,0,0,113.79
1782671758778,2,0,0,115.87
1782671758778,3,0,0,118.79
1782671758778,4,0,0,119.47
1782671758778,5,0,0,116.71
1782671758778,6,0,0,68.83
1782671758778,7,0,0,69.80
1782671759003,0,0,0,116.82
1782671759003,1,0,0,113.80
1782671759003,2,0,0,115.92
1782671759003,3,0,0,118.78
1782671759003,4,0,0,119.47
1782671759003,5,0,0,116.71
1782671759003,6,0,0,68.78
1782671759003,7,0,0,69.81
1782671759226,0,0,0,116.84
1782671759226,1,0,0,113.79
1782671759226,2,0,0,115.93
1782671759226,3,0,0,118.78
1782671759226,4,0,0,119.45
1782671759226,5,0,0,116.70
1782671759226,6,0,0,68.85
1782671759226,7,0,0,69.83
1782671759452,0,0,0,116.83
1782671759452,1,0,0,113.77
1782671759452,2,0,0,115.93
1782671759452,3,0,0,118.79
1782671759452,4,0,0,119.45
1782671759452,5,0,0,116.71
1782671759452,6,0,0,68.86
1782671759452,7,0,0,69.81
1782671759678,0,0,0,116.84
1782671759678,1,0,0,113.75
1782671759678,2,0,0,115.92
1782671759678,3,0,0,118.78
1782671759678,4,0,0,119.46
1782671759678,5,0,0,116.72
1782671759678,6,0,0,68.82
1782671759678,7,0,0,69.80
1782671759903,0,0,0,116.87
1782671759903,1,0,0,113.75
1782671759903,2,0,0,115.92
1782671759903,3,0,0,118.76
1782671759903,4,0,0,119.47
1782671759903,5,0,0,116.74
1782671759903,6,0,0,68.81
1782671759903,7,0,0,69.79
1782671760129,0,0,0,116.90
1782671760129,1,0,0,113.72
1782671760129,2,0,0,115.93
1782671760129,3,0,0,118.78
1782671760129,4,0,0,119.44
1782671760129,5,0,0,116.74
1782671760129,6,0,0,68.87
1782671760129,7,0,0,69.79
1782671760355,0,0,0,116.90
1782671760355,1,0,0,113.71
1782671760355,2,0,0,115.96
1782671760355,3,0,0,118.80
1782671760355,4,0,0,119.47
1782671760355,5,0,0,116.75
1782671760355,6,0,0,68.81
1782671760355,7,0,0,69.80
1782671760578,0,0,0,116.93
1782671760578,1,0,0,113.71
1782671760578,2,0,0,115.96
1782671760578,3,0,0,118.78
1782671760578,4,0,0,119.44
1782671760578,5,0,0,116.76
1782671760578,6,0,0,68.76
1782671760578,7,0,0,69.81
1782671760802,0,0,0,116.93
1782671760802,1,0,0,113.70
1782671760802,2,0,0,115.97
1782671760802,3,0,0,118.77
1782671760802,4,0,0,119.46
1782671760802,5,0,0,116.76
1782671760802,6,0,0,68.71
1782671760802,7,0,0,69.82
1782671761027,0,0,0,116.91
1782671761027,1,0,0,113.71
1782671761027,2,0,0,115.94
1782671761027,3,0,0,118.74
1782671761027,4,0,0,119.48
1782671761027,5,0,0,116.78
1782671761027,6,0,0,68.81
1782671761027,7,0,0,69.80
1782671761252,0,0,0,116.92
1782671761252,1,0,0,113.71
1782671761252,2,0,0,115.95
1782671761252,3,0,0,118.62
1782671761252,4,0,0,119.48
1782671761252,5,0,0,116.77
1782671761252,6,0,0,68.75
1782671761252,7,0,0,69.81
1782671761477,0,0,0,116.88
1782671761477,1,0,0,113.72
1782671761477,2,0,0,115.95
1782671761477,3,0,0,118.52
1782671761477,4,0,0,119.48
1782671761477,5,0,0,116.78
1782671761477,6,0,0,68.71
1782671761477,7,0,0,69.81
1782671761701,0,0,0,116.88
1782671761701,1,0,0,113.72
1782671761701,2,0,0,115.93
1782671761701,3,0,0,118.47
1782671761701,4,0,0,119.47
1782671761701,5,0,0,116.76
1782671761701,6,0,0,68.79
1782671761701,7,0,0,69.82
1782671761956,0,0,0,116.86
1782671761956,1,0,0,113.71
1782671761956,2,0,0,115.95
1782671761956,3,0,0,118.39
1782671761956,4,0,0,119.50
1782671761956,5,0,0,116.76
1782671761956,6,0,0,68.73
1782671761956,7,0,0,69.83
1782671762181,0,0,0,116.84
1782671762181,1,0,0,113.72
1782671762181,2,0,0,115.96
1782671762181,3,0,0,118.34
1782671762181,4,0,0,119.48
1782671762181,5,0,0,116.77
1782671762181,6,0,0,68.70
1782671762181,7,0,0,69.83
1782671762406,0,0,0,116.86
1782671762406,1,0,0,113.72
1782671762406,2,0,0,115.97
1782671762406,3,0,0,118.36
1782671762406,4,0,0,119.50
1782671762406,5,0,0,116.78
1782671762406,6,0,0,68.68
1782671762406,7,0,0,69.84
1782671762633,0,0,0,116.86
1782671762633,1,0,0,113.71
1782671762633,2,0,0,116.00
1782671762633,3,0,0,118.35
1782671762633,4,0,0,119.51
1782671762633,5,0,0,116.79
1782671762633,6,0,0,68.77
1782671762633,7,0,0,69.81
1782671762857,0,0,0,116.87
1782671762857,1,0,0,113.71
1782671762857,2,0,0,116.02
1782671762857,3,0,0,118.37
1782671762857,4,0,0,119.49
1782671762857,5,0,0,116.80
1782671762857,6,0,0,68.75
1782671762857,7,0,0,69.81
1782671763081,0,0,0,116.90
1782671763081,1,0,0,113.72
1782671763081,2,0,0,116.05
1782671763081,3,0,0,118.35
1782671763081,4,0,0,119.51
1782671763081,5,0,0,116.78
1782671763081,6,0,0,68.75
1782671763081,7,0,0,69.82
1782671763305,0,0,0,116.92
1782671763305,1,0,0,113.74
1782671763305,2,0,0,116.05
1782671763305,3,0,0,118.33
1782671763305,4,0,0,119.50
1782671763305,5,0,0,116.77
1782671763305,6,0,0,68.75
1782671763305,7,0,0,69.81
1782671763530,0,0,0,116.93
1782671763530,1,0,0,113.74
1782671763530,2,0,0,116.06
1782671763530,3,0,0,118.36
1782671763530,4,0,0,119.51
1782671763530,5,0,0,116.75
1782671763530,6,0,0,68.82
1782671763530,7,0,0,69.82
1782671763756,0,0,0,116.97
1782671763756,1,0,0,113.76
1782671763756,2,0,0,116.06
1782671763756,3,0,0,118.36
1782671763756,4,0,0,119.52
1782671763756,5,0,0,116.77
1782671763756,6,0,0,68.78
1782671763756,7,0,0,69.82
1782671763981,0,0,0,116.97
1782671763981,1,0,0,113.76
1782671763981,2,0,0,116.06
1782671763981,3,0,0,118.34
1782671763981,4,0,0,119.56
1782671763981,5,0,0,116.74
1782671763981,6,0,0,68.74
1782671763981,7,0,0,69.82
1782671764207,0,0,0,116.95
1782671764207,1,0,0,113.77
1782671764207,2,0,0,116.04
1782671764207,3,0,0,118.34
1782671764207,4,0,0,119.55
1782671764207,5,0,0,116.74
1782671764207,6,0,0,68.74
1782671764207,7,0,0,69.81
1782671764433,0,0,0,116.94
1782671764433,1,0,0,113.76
1782671764433,2,0,0,116.01
1782671764433,3,0,0,118.38
1782671764433,4,0,0,119.56
1782671764433,5,0,0,116.75
1782671764433,6,0,0,68.79
1782671764433,7,0,0,69.79
1782671764656,0,0,0,116.92
1782671764656,1,0,0,113.79
1782671764656,2,0,0,115.99
1782671764656,3,0,0,118.36
1782671764656,4,0,0,119.57
1782671764656,5,0,0,116.72
1782671764656,6,0,0,68.76
1782671764656,7,0,0,69.79
1782671764880,0,0,0,116.88
1782671764880,1,0,0,113.78
1782671764880,2,0,0,115.97
1782671764880,3,0,0,118.36
1782671764880,4,0,0,119.56
1782671764880,5,0,0,116.75
1782671764880,6,0,0,68.75
1782671764880,7,0,0,69.78
1782671765104,0,0,0,116.89
1782671765104,1,0,0,113.79
1782671765104,2,0,0,115.96
1782671765104,3,0,0,118.37
1782671765104,4,0,0,119.55
1782671765104,5,0,0,116.76
1782671765104,6,0,0,68.76
1782671765104,7,0,0,69.78
1782671765327,0,0,0,116.87
1782671765327,1,0,0,113.81
1782671765327,2,0,0,115.93
1782671765327,3,0,0,118.38
1782671765327,4,0,0,119.54
1782671765327,5,0,0,116.78
1782671765327,6,0,0,68.76
1782671765327,7,0,0,69.78
1782671765550,0,0,0,116.88
1782671765550,1,0,0,113.79
1782671765550,2,0,0,115.96
1782671765550,3,0,0,118.37
1782671765550,4,0,0,119.51
1782671765550,5,0,0,116.78
1782671765550,6,0,0,68.72
1782671765550,7,0,0,69.79
1782671765775,0,0,0,116.88
1782671765775,1,0,0,113.81
1782671765775,2,0,0,115.96
1782671765775,3,0,0,118.37
1782671765775,4,0,0,119.50
1782671765775,5,0,0,116.76
1782671765775,6,0,0,68.82
1782671765775,7,0,0,69.78
1782671766048,0,0,0,116.91
1782671766048,1,0,0,113.78
1782671766048,2,0,0,115.98
1782671766048,3,0,0,118.41
1782671766048,4,0,0,119.52
1782671766048,5,0,0,116.74
1782671766048,6,0,0,68.80
1782671766048,7,0,0,69.76
1782671766347,0,0,0,116.96
1782671766347,1,0,0,113.76
1782671766347,2,0,0,116.01
1782671766347,3,0,0,118.42
1782671766347,4,0,0,119.51
1782671766347,5,0,0,116.75
1782671766347,6,0,0,68.85
1782671766347,7,0,0,69.77
1782671766610,0,0,0,116.98
1782671766610,1,0,0,113.75
1782671766610,2,0,0,116.01
1782671766610,3,0,0,118.43
1782671766610,4,0,0,119.51
1782671766610,5,0,0,116.76
1782671766610,6,0,0,68.85
1782671766610,7,0,0,69.79
1782671766835,0,0,0,116.97
1782671766835,1,0,0,113.74
1782671766835,2,0,0,116.03
1782671766835,3,0,0,118.46
1782671766835,4,0,0,119.52
1782671766835,5,0,0,116.78
1782671766835,6,0,0,68.76
1782671766835,7,0,0,69.79
1782671767059,0,0,0,116.97
1782671767059,1,0,0,113.71
1782671767059,2,0,0,116.05
1782671767059,3,0,0,118.44
1782671767059,4,0,0,119.50
1782671767059,5,0,0,116.81
1782671767059,6,0,0,68.76
1782671767059,7,0,0,69.82
1782671767285,0,0,0,116.98
1782671767285,1,0,0,113.77
1782671767285,2,0,0,116.06
1782671767285,3,0,0,118.43
1782671767285,4,0,0,119.52
1782671767285,5,0,0,116.80
1782671767285,6,0,0,68.76
1782671767285,7,0,0,69.80
1782671767537,0,0,0,117.00
1782671767537,1,0,0,113.76
1782671767537,2,0,0,116.05
1782671767537,3,0,0,118.45
1782671767537,4,0,0,119.53
1782671767537,5,0,0,116.79
1782671767537,6,0,0,68.69
1782671767537,7,0,0,69.81
1782671767762,0,0,0,117.00
1782671767762,1,0,0,113.79
1782671767762,2,0,0,116.04
1782671767762,3,0,0,118.42
1782671767762,4,0,0,119.52
1782671767762,5,0,0,116.78
1782671767762,6,0,0,68.68
1782671767762,7,0,0,69.83
1782671768018,0,0,0,117.00
1782671768018,1,0,0,113.79
1782671768018,2,0,0,116.01
1782671768018,3,0,0,118.41
1782671768018,4,0,0,119.52
1782671768018,5,0,0,116.78
1782671768018,6,0,0,68.68
1782671768018,7,0,0,69.83
1782671768243,0,0,0,116.99
1782671768243,1,0,0,113.79
1782671768243,2,0,0,115.99
1782671768243,3,0,0,118.42
1782671768243,4,0,0,119.54
1782671768243,5,0,0,116.81
1782671768243,6,0,0,68.70
1782671768243,7,0,0,69.85
1782671768472,0,0,0,116.96
1782671768472,1,0,0,113.76
1782671768472,2,0,0,115.99
1782671768472,3,0,0,118.38
1782671768472,4,0,0,119.53
1782671768472,5,0,0,116.82
1782671768472,6,0,0,68.71
1782671768472,7,0,0,69.82
1782671768695,0,0,0,116.94
1782671768695,1,0,0,113.75
1782671768695,2,0,0,116.01
1782671768695,3,0,0,118.39
1782671768695,4,0,0,119.54
1782671768695,5,0,0,116.82
1782671768695,6,0,0,68.74
1782671768695,7,0,0,69.79
1782671768920,0,0,0,116.92
1782671768920,1,0,0,113.75
1782671768920,2,0,0,116.02
1782671768920,3,0,0,118.38
1782671768920,4,0,0,119.56
1782671768920,5,0,0,116.80
1782671768920,6,0,0,68.71
1782671768920,7,0,0,69.80
1782671769144,0,0,0,116.91
1782671769144,1,0,0,113.74
1782671769144,2,0,0,116.04
1782671769144,3,0,0,118.36
1782671769144,4,0,0,119.57
1782671769144,5,0,0,116.78
1782671769144,6,0,0,68.71
1782671769144,7,0,0,69.80
1782671769368,0,0,0,116.90
1782671769368,1,0,0,113.76
1782671769368,2,0,0,116.05
1782671769368,3,0,0,118.36
1782671769368,4,0,0,119.59
1782671769368,5,0,0,116.77
1782671769368,6,0,0,68.73
1782671769368,7,0,0,69.79
1782671769594,0,0,0,116.93
1782671769594,1,0,0,113.77
1782671769594,2,0,0,116.05
1782671769594,3,0,0,118.37
1782671769594,4,0,0,119.61
1782671769594,5,0,0,116.75
1782671769594,6,0,0,68.77
1782671769594,7,0,0,69.82
1782671769819,0,0,0,116.94
1782671769819,1,0,0,113.77
1782671769819,2,0,0,116.09
1782671769819,3,0,0,118.38
1782671769819,4,0,0,119.59
1782671769819,5,0,0,116.76
1782671769819,6,0,0,68.71
1782671769819,7,0,0,69.82
1782671770044,0,0,0,116.96
1782671770044,1,0,0,113.79
1782671770044,2,0,0,116.08
1782671770044,3,0,0,118.41
1782671770044,4,0,0,119.59
1782671770044,5,0,0,116.76
1782671770044,6,0,0,68.74
1782671770044,7,0,0,69.84
1782671770269,0,0,0,116.99
1782671770269,1,0,0,113.78
1782671770269,2,0,0,116.10
1782671770269,3,0,0,118.41
1782671770269,4,0,0,119.58
1782671770269,5,0,0,116.79
1782671770269,6,0,0,68.79
1782671770269,7,0,0,69.84
1782671770492,0,0,0,117.00
1782671770492,1,0,0,113.79
1782671770492,2,0,0,116.11
1782671770492,3,0,0,118.37
1782671770492,4,0,0,119.60
1782671770492,5,0,0,116.83
1782671770492,6,0,0,68.83
1782671770492,7,0,0,69.81
1782671770717,0,0,0,116.97
1782671770717,1,0,0,113.79
1782671770717,2,0,0,116.10
1782671770717,3,0,0,118.38
1782671770717,4,0,0,119.59
1782671770717,5,0,0,116.81
1782671770717,6,0,0,68.84
1782671770717,7,0,0,69.80
1782671770942,0,0,0,116.97
1782671770942,1,0,0,113.80
1782671770942,2,0,0,116.07
1782671770942,3,0,0,118.37
1782671770942,4,0,0,119.61
1782671770942,5,0,0,116.81
1782671770942,6,0,0,68.81
1782671770942,7,0,0,69.79
1782671771169,0,0,0,116.98
1782671771169,1,0,0,113.81
1782671771169,2,0,0,116.08
1782671771169,3,0,0,118.33
1782671771169,4,0,0,119.61
1782671771169,5,0,0,116.81
1782671771169,6,0,0,68.83
1782671771169,7,0,0,69.79
1782671771394,0,0,0,116.94
1782671771394,1,0,0,113.82
1782671771394,2,0,0,116.08
1782671771394,3,0,0,118.34
1782671771394,4,0,0,119.62
1782671771394,5,0,0,116.79
1782671771394,6,0,0,68.83
1782671771394,7,0,0,69.77
1782671771618,0,0,0,116.94
1782671771618,1,0,0,113.85
1782671771618,2,0,0,116.06
1782671771618,3,0,0,118.35
1782671771618,4,0,0,119.62
1782671771618,5,0,0,116.80
1782671771618,6,0,0,68.83
1782671771618,7,0,0,69.77
1782671771842,0,0,0,116.96
1782671771842,1,0,0,113.86
1782671771842,2,0,0,116.06
1782671771842,3,0,0,118.38
1782671771842,4,0,0,119.60
1782671771842,5,0,0,116.81
1782671771842,6,0,0,68.81
1782671771842,7,0,0,69.77
1782671772184,0,0,0,116.95
1782671772184,1,0,0,113.85
1782671772184,2,0,0,116.04
1782671772184,3,0,0,118.43
1782671772184,4,0,0,119.59
1782671772184,5,0,0,116.83
1782671772184,6,0,0,68.84
1782671772184,7,0,0,69.78
1782671772477,0,0,0,116.97
1782671772477,1,0,0,113.83
1782671772477,2,0,0,116.02
1782671772477,3,0,0,118.43
1782671772477,4,0,0,119.58
1782671772477,5,0,0,116.84
1782671772477,6,0,0,68.85
1782671772477,7,0,0,69.81
1782671772745,0,0,0,116.94
1782671772745,1,0,0,113.78
1782671772745,2,0,0,116.02
1782671772745,3,0,0,118.43
1782671772745,4,0,0,119.57
1782671772745,5,0,0,116.83
1782671772745,6,0,0,70.35
1782671772745,7,0,0,83.69
1782671773036,0,0,0,116.95
1782671773036,1,0,0,113.76
1782671773036,2,0,0,116.05
1782671773036,3,0,0,118.44
1782671773036,4,0,0,119.56
1782671773036,5,0,0,116.81
1782671773036,6,1,0,84.36
1782671773036,7,0,0,92.95
1782671773254,0,0,0,116.94
1782671773254,1,0,0,113.76
1782671773254,2,0,0,116.05
1782671773254,3,0,0,118.42
1782671773254,4,0,0,119.57
1782671773254,5,0,0,116.81
1782671773254,6,0,0,93.62
1782671773254,7,0,0,102.20
1782671773470,0,0,0,116.92
1782671773470,1,0,0,113.77
1782671773470,2,0,0,116.07
1782671773470,3,0,0,118.41
1782671773470,4,0,0,119.55
1782671773470,5,0,0,116.78
1782671773470,6,0,0,102.33
1782671773470,7,1,0,112.44
1782671773686,0,0,0,116.96
1782671773686,1,0,0,113.79
1782671773686,2,0,0,116.09
1782671773686,3,0,0,118.40
1782671773686,4,0,0,119.56
1782671773686,5,0,0,116.79
1782671773686,6,4,0,111.48
1782671773686,7,0,0,117.20
1782671773904,0,0,0,116.99
1782671773904,1,0,0,113.81
1782671773904,2,0,0,116.09
1782671773904,3,0,0,118.43
1782671773904,4,0,0,119.56
1782671773904,5,0,0,116.81
1782671773904,6,0,0,115.25
1782671773904,7,17,2,118.09
1782671774126,0,0,0,116.99
1782671774126,1,0,0,113.80
1782671774126,2,0,0,116.10
1782671774126,3,0,0,118.43
1782671774126,4,0,0,119.58
1782671774126,5,0,0,116.82
1782671774126,6,12,2,116.12
1782671774126,7,10,1,118.35
1782671774350,0,0,0,117.02
1782671774350,1,0,0,113.83
1782671774350,2,0,0,116.11
1782671774350,3,0,0,118.39
1782671774350,4,0,0,119.58
1782671774350,5,0,0,116.82
1782671774350,6,18,1,116.50
1782671774350,7,20,0,118.40
1782671774569,0,0,0,117.04
1782671774569,1,0,0,113.81
1782671774569,2,0,0,116.12
1782671774569,3,0,0,118.39
1782671774569,4,0,0,119.63
1782671774569,5,0,0,116.87
1782671774569,6,22,0,116.57
1782671774569,7,23,0,118.61
1782671774790,0,0,0,117.04
1782671774790,1,0,0,113.79
1782671774790,2,0,0,116.14
1782671774790,3,0,0,118.41
1782671774790,4,0,0,119.63
1782671774790,5,0,0,116.89
1782671774790,6,23,0,116.84
1782671774790,7,24,0,118.76
1782671775008,0,0,0,117.02
1782671775008,1,0,0,113.77
1782671775008,2,0,0,116.12
1782671775008,3,0,0,118.39
1782671775008,4,0,0,119.63
1782671775008,5,0,0,116.88
1782671775008,6,22,0,117.07
1782671775008,7,26,0,118.05
1782671775227,0,0,0,117.00
1782671775227,1,0,0,113.76
1782671775227,2,0,0,116.11
1782671775227,3,0,0,118.37
1782671775227,4,0,0,119.65
1782671775227,5,0,0,116.90
1782671775227,6,7,0,116.29
1782671775227,7,27,0,118.12
1782671775445,0,0,0,117.00
1782671775445,1,0,0,113.76
1782671775445,2,0,0,116.12
1782671775445,3,0,0,118.36
1782671775445,4,0,0,119.64
1782671775445,5,0,0,116.91
1782671775445,6,26,0,116.38
1782671775445,7,27,0,118.14
1782671775666,0,0,0,116.97
1782671775666,1,0,0,113.76
1782671775666,2,0,0,116.09
1782671775666,3,0,0,118.42
1782671775666,4,0,0,119.64
1782671775666,5,0,0,116.91
1782671775666,6,25,0,116.44
1782671775666,7,28,0,118.14
1782671775889,0,0,0,116.91
1782671775889,1,0,0,113.77
1782671775889,2,0,0,116.08
1782671775889,3,0,0,118.52
1782671775889,4,0,0,119.66
1782671775889,5,0,0,116.86
1782671775889,6,27,0,116.40
1782671775889,7,27,0,118.23
1782671776108,0,0,0,116.96
1782671776108,1,0,0,113.76
1782671776108,2,0,0,116.08
1782671776108,3,0,0,118.61
1782671776108,4,0,0,119.68
1782671776108,5,0,0,116.86
1782671776108,6,23,0,116.42
1782671776108,7,29,0,118.21
1782671776328,0,0,0,116.98
1782671776328,1,0,0,113.79
1782671776328,2,0,0,116.10
1782671776328,3,0,0,118.71
1782671776328,4,0,0,119.65
1782671776328,5,0,0,116.84
1782671776328,6,26,0,116.61
1782671776328,7,18,0,118.17
1782671776551,0,0,0,117.00
1782671776551,1,0,0,113.79
1782671776551,2,0,0,116.11
1782671776551,3,0,0,118.82
1782671776551,4,0,0,119.68
1782671776551,5,0,0,116.82
1782671776551,6,18,0,116.54
1782671776551,7,29,0,118.26
1782671776770,0,0,0,117.00
1782671776770,1,0,0,113.84
1782671776770,2,0,0,116.12
1782671776770,3,0,0,118.81
1782671776770,4,0,0,119.66
1782671776770,5,0,0,116.84
1782671776770,6,27,0,116.49
1782671776770,7,27,0,118.25
1782671776989,0,0,0,117.00
1782671776989,1,0,0,113.84
1782671776989,2,0,0,116.17
1782671776989,3,0,0,118.79
1782671776989,4,0,0,119.68
1782671776989,5,0,0,116.84
1782671776989,6,23,0,116.52
1782671776989,7,0,0,118.04
1782671777208,0,0,0,117.02
1782671777208,1,0,0,113.85
1782671777208,2,0,0,116.18
1782671777208,3,0,0,118.79
1782671777208,4,0,0,119.67
1782671777208,5,0,0,116.83
1782671777208,6,23,0,116.51
1782671777208,7,0,0,117.80
1782671777426,0,0,0,117.01
1782671777426,1,0,0,113.84
1782671777426,2,0,0,116.19
1782671777426,3,0,0,118.81
1782671777426,4,0,0,119.66
1782671777426,5,0,0,116.85
1782671777426,6,0,0,116.26
1782671777426,7,0,0,117.56
1782671777643,0,0,0,117.00
1782671777643,1,0,0,113.83
1782671777643,2,0,0,116.21
1782671777643,3,0,0,118.81
1782671777643,4,0,0,119.64
1782671777643,5,0,0,116.85
1782671777643,6,0,0,116.11
1782671777643,7,0,0,117.35
1782671777861,0,0,0,117.01
1782671777861,1,0,0,113.83
1782671777861,2,0,0,116.22
1782671777861,3,0,0,118.82
1782671777861,4,0,0,119.63
1782671777861,5,0,0,116.83
1782671777861,6,0,0,115.90
1782671777861,7,0,0,117.23
1782671778079,0,0,0,117.02
1782671778079,1,0,0,113.86
1782671778079,2,0,0,116.19
1782671778079,3,0,0,118.86
1782671778079,4,0,0,119.64
1782671778079,5,0,0,116.82
1782671778079,6,0,0,115.72
1782671778079,7,0,0,117.23
1782671778296,0,0,0,117.00
1782671778296,1,0,0,113.88
1782671778296,2,0,0,116.15
1782671778296,3,0,0,118.86
1782671778296,4,0,0,119.62
1782671778296,5,0,0,116.82
1782671778296,6,0,0,115.64
1782671778296,7,0,0,117.18
1782671778550,0,0,0,116.99
1782671778550,1,0,0,113.86
1782671778550,2,0,0,116.15
1782671778550,3,0,0,118.87
1782671778550,4,0,0,119.66
1782671778550,5,0,0,116.81
1782671778550,6,0,0,115.59
1782671778550,7,0,0,117.18
1782671778767,0,0,0,116.97
1782671778767,1,0,0,113.85
1782671778767,2,0,0,116.13
1782671778767,3,0,0,118.89
1782671778767,4,0,0,119.65
1782671778767,5,0,0,116.84
1782671778767,6,0,0,115.57
1782671778767,7,0,0,117.18
1782671778983,0,0,0,116.96
1782671778983,1,0,0,113.84
1782671778983,2,0,0,116.10
1782671778983,3,0,0,118.89
1782671778983,4,0,0,119.65
1782671778983,5,0,0,116.84
1782671778983,6,0,0,115.57
1782671778983,7,0,0,117.19
1782671779215,0,0,0,116.98
1782671779215,1,0,0,113.80
1782671779215,2,0,0,116.10
1782671779215,3,0,0,118.90
1782671779215,4,0,0,119.64
1782671779215,5,0,0,116.87
1782671779215,6,0,0,115.58
1782671779215,7,0,0,117.22
1782671779431,0,0,0,116.99
1782671779431,1,0,0,113.78
1782671779431,2,0,0,116.11
1782671779431,3,0,0,118.88
1782671779431,4,0,0,119.63
1782671779431,5,0,0,116.87
1782671779431,6,0,0,115.52
1782671779431,7,0,0,117.24
1782671779646,0,0,0,116.98
1782671779646,1,0,0,113.78
1782671779646,2,0,0,116.11
1782671779646,3,0,0,118.92
1782671779646,4,0,0,119.63
1782671779646,5,0,0,116.90
1782671779646,6,0,0,115.54
1782671779646,7,0,0,117.28
1782671779862,0,0,0,117.00
1782671779862,1,0,0,113.79
1782671779862,2,0,0,116.09
1782671779862,3,0,0,118.90
1782671779862,4,0,0,119.63
1782671779862,5,0,0,116.88
1782671779862,6,0,0,115.57
1782671779862,7,0,0,117.27
1782671780078,0,0,0,117.02
1782671780078,1,0,0,113.79
1782671780078,2,0,0,116.09
1782671780078,3,0,0,118.79
1782671780078,4,0,0,119.64
1782671780078,5,0,0,116.91
1782671780078,6,0,0,115.62
1782671780078,7,0,0,117.30
1782671780294,0,0,0,117.04
1782671780294,1,0,0,113.82
1782671780294,2,0,0,116.09
1782671780294,3,0,0,118.71
1782671780294,4,0,0,119.64
1782671780294,5,0,0,116.89
1782671780294,6,0,0,115.64
1782671780294,7,0,0,117.29
1782671780509,0,0,0,117.03
1782671780509,1,0,0,113.82
1782671780509,2,0,0,116.12
1782671780509,3,0,0,118.65
1782671780509,4,0,0,119.67
1782671780509,5,0,0,116.89
1782671780509,6,0,0,115.65
1782671780509,7,0,0,117.34
1782671780723,0,0,0,117.04
1782671780723,1,0,0,113.85
1782671780723,2,0,0,116.12
1782671780723,3,0,0,118.53
1782671780723,4,0,0,119.66
1782671780723,5,0,0,116.89
1782671780723,6,0,0,115.61
1782671780723,7,0,0,117.34
1782671780939,0,0,0,117.06
1782671780939,1,0,0,113.82
1782671780939,2,0,0,116.16
1782671780939,3,0,0,118.46
1782671780939,4,0,0,119.68
1782671780939,5,0,0,116.86
1782671780939,6,0,0,115.60
1782671780939,7,0,0,117.33
1782671781153,0,0,0,117.06
1782671781153,1,0,0,113.83
1782671781153,2,0,0,116.17
1782671781153,3,0,0,118.47
1782671781153,4,0,0,119.68
1782671781153,5,0,0,116.86
1782671781153,6,0,0,115.62
1782671781153,7,0,0,117.36
1782671781371,0,0,0,117.03
1782671781371,1,0,0,113.80
1782671781371,2,0,0,116.19
1782671781371,3,0,0,118.47
1782671781371,4,0,0,119.69
1782671781371,5,0,0,116.85
1782671781371,6,0,0,115.61
1782671781371,7,0,0,117.38
1782671781587,0,0,0,117.06
1782671781587,1,0,0,113.78
1782671781587,2,0,0,116.19
1782671781587,3,0,0,118.45
1782671781587,4,0,0,119.67
1782671781587,5,0,0,116.88
1782671781587,6,0,0,115.58
1782671781587,7,0,0,117.37
1782671781802,0,0,0,117.06
1782671781802,1,0,0,113.78
1782671781802,2,0,0,116.19
1782671781802,3,0,0,118.41
1782671781802,4,0,0,119.66
1782671781802,5,0,0,116.87
1782671781802,6,0,0,115.58
1782671781802,7,0,0,117.37
1782671782018,0,0,0,117.06
1782671782018,1,0,0,113.76
1782671782018,2,0,0,116.21
1782671782018,3,0,0,118.35
1782671782018,4,0,0,119.65
1782671782018,5,0,0,116.86
1782671782018,6,0,0,115.59
1782671782018,7,0,0,117.38
1782671782233,0,0,0,117.03
1782671782233,1,0,0,113.79
1782671782233,2,0,0,116.19
1782671782233,3,0,0,118.37
1782671782233,4,0,0,119.66
1782671782233,5,0,0,116.86
1782671782233,6,0,0,115.66
1782671782233,7,0,0,117.35
1782671782449,0,0,0,117.03
1782671782449,1,0,0,113.80
1782671782449,2,0,0,116.18
1782671782449,3,0,0,118.36
1782671782449,4,0,0,119.68
1782671782449,5,0,0,116.88
1782671782449,6,0,0,115.62
1782671782449,7,0,0,117.34
1782671782665,0,0,0,117.01
1782671782665,1,0,0,113.81
1782671782665,2,0,0,116.17
1782671782665,3,0,0,118.37
1782671782665,4,0,0,119.71
1782671782665,5,0,0,116.84
1782671782665,6,0,0,115.61
1782671782665,7,0,0,117.33
1782671782882,0,0,0,117.00
1782671782882,1,0,0,113.82
1782671782882,2,0,0,116.16
1782671782882,3,0,0,118.41
1782671782882,4,0,0,119.70
1782671782882,5,0,0,116.83
1782671782882,6,0,0,115.61
1782671782882,7,0,0,117.35
1782671783097,0,0,0,117.01
1782671783097,1,0,0,113.85
1782671783097,2,0,0,116.14
1782671783097,3,0,0,118.45
1782671783097,4,0,0,119.72
1782671783097,5,0,0,116.84
1782671783097,6,0,0,115.63
1782671783097,7,0,0,117.36
1782671783313,0,0,0,117.06
1782671783313,1,0,0,113.83
1782671783313,2,0,0,116.14
1782671783313,3,0,0,118.44
1782671783313,4,0,0,119.71
1782671783313,5,0,0,116.83
1782671783313,6,0,0,115.68
1782671783313,7,0,0,117.38
1782671783530,0,0,0,117.05
1782671783530,1,0,0,113.83
1782671783530,2,0,0,116.15
1782671783530,3,0,0,118.41
1782671783530,4,0,0,119.72
1782671783530,5,0,0,116.82
1782671783530,6,0,0,115.64
1782671783530,7,0,0,117.40
1782671783747,0,0,0,117.07
1782671783747,1,0,0,113.84
1782671783747,2,0,0,116.14
1782671783747,3,0,0,118.45
1782671783747,4,0,0,119.72
1782671783747,5,0,0,116.82
1782671783747,6,0,0,115.65
1782671783747,7,0,0,117.39
1782671783964,0,0,0,117.07
1782671783964,1,0,0,113.85
1782671783964,2,0,0,116.14
1782671783964,3,0,0,118.45
1782671783964,4,0,0,119.73
1782671783964,5,0,0,116.85
1782671783964,6,0,0,115.67
1782671783964,7,0,0,117.40
1782671784192,0,0,0,117.07
1782671784192,1,0,0,113.85
1782671784192,2,0,0,116.14
1782671784192,3,0,0,118.41
1782671784192,4,0,0,119.70
1782671784192,5,0,0,116.86
1782671784192,6,0,0,115.72
1782671784192,7,0,0,117.37
1782671784409,0,0,0,117.07
1782671784409,1,0,0,113.87
1782671784409,2,0,0,116.14
1782671784409,3,0,0,118.41
1782671784409,4,0,0,119.69
1782671784409,5,0,0,116.86
1782671784409,6,0,0,115.78
1782671784409,7,0,0,117.40
1782671784626,0,0,0,117.08
1782671784626,1,0,0,113.88
1782671784626,2,0,0,116.13
1782671784626,3,0,0,118.43
1782671784626,4,0,0,119.69
1782671784626,5,0,0,116.89
1782671784626,6,0,0,115.78
1782671784626,7,17,14,121.15
1782671784844,0,0,0,117.05
1782671784844,1,0,0,113.86
1782671784844,2,0,0,116.16
1782671784844,3,0,0,118.41
1782671784844,4,0,0,119.67
1782671784844,5,0,0,116.89
1782671784844,6,0,0,115.73
1782671784844,7,0,0,121.19
1782671785062,0,0,0,117.05
1782671785062,1,0,0,113.87
1782671785062,2,0,0,116.15
1782671785062,3,0,0,118.39
1782671785062,4,0,0,119.67
1782671785062,5,0,0,116.88
1782671785062,6,0,0,115.79
1782671785062,7,23,18,132.80
1782671785280,0,0,0,117.07
1782671785280,1,0,0,113.87
1782671785280,2,0,0,116.18
1782671785280,3,0,0,118.42
1782671785280,4,0,0,119.64
1782671785280,5,0,0,116.87
1782671785280,6,0,0,115.78
1782671785280,7,0,0,132.57
1782671785496,0,0,0,117.04
1782671785496,1,0,0,113.86
1782671785496,2,0,0,116.20
1782671785496,3,0,0,118.39
1782671785496,4,0,0,119.66
1782671785496,5,0,0,116.88
1782671785496,6,0,0,115.78
1782671785496,7,0,0,132.61
1782671785714,0,0,0,117.04
1782671785714,1,0,0,113.83
1782671785714,2,0,0,116.21
1782671785714,3,0,0,118.41
1782671785714,4,0,0,119.65
1782671785714,5,0,0,116.84
1782671785714,6,0,0,115.74
1782671785714,7,0,0,141.62
1782671785930,0,0,0,117.04
1782671785930,1,0,0,113.83
1782671785930,2,0,0,116.21
1782671785930,3,0,0,118.41
1782671785930,4,0,0,119.66
1782671785930,5,0,0,116.86
1782671785930,6,0,0,115.79
1782671785930,7,0,0,141.68
1782671786146,0,0,0,117.04
1782671786146,1,0,0,113.83
1782671786146,2,0,0,116.19
1782671786146,3,0,0,118.47
1782671786146,4,0,0,119.66
1782671786146,5,0,0,116.84
1782671786146,6,0,0,115.78
1782671786146,7,0,0,130.62
1782671786362,0,0,0,117.05
1782671786362,1,0,0,113.81
1782671786362,2,0,0,116.19
1782671786362,3,0,0,118.44
1782671786362,4,0,0,119.69
1782671786362,5,0,0,116.87
1782671786362,6,8,6,119.75
1782671786362,7,0,0,138.57
1782671786578,0,0,0,117.06
1782671786578,1,0,0,113.82
1782671786578,2,0,0,116.16
1782671786578,3,0,0,118.44
1782671786578,4,0,0,119.68
1782671786578,5,0,0,116.90
1782671786578,6,0,0,124.43
1782671786578,7,0,0,127.50
1782671786794,0,0,0,117.09
1782671786794,1,0,0,113.81
1782671786794,2,0,0,116.16
1782671786794,3,0,0,118.49
1782671786794,4,0,0,119.69
1782671786794,5,0,0,116.90
1782671786794,6,0,0,124.33
1782671786794,7,0,0,126.03
1782671787010,0,0,0,117.09
1782671787010,1,0,0,113.83
1782671787010,2,0,0,116.16
1782671787010,3,0,0,118.47
1782671787010,4,0,0,119.69
1782671787010,5,0,0,116.91
1782671787010,6,0,0,124.44
1782671787010,7,0,0,126.05
1782671787225,0,0,0,117.11
1782671787225,1,0,0,113.84
1782671787225,2,0,0,116.16
1782671787225,3,0,0,118.43
1782671787225,4,0,0,119.68
1782671787225,5,0,0,116.91
1782671787225,6,0,0,124.23
1782671787225,7,0,0,126.04
1782671787441,0,0,0,117.12
1782671787441,1,0,0,113.86
1782671787441,2,0,0,116.15
1782671787441,3,0,0,118.42
1782671787441,4,0,0,119.71
1782671787441,5,0,0,116.89
1782671787441,6,0,0,115.41
1782671787441,7,0,0,117.68
1782671787657,0,0,0,117.11
1782671787657,1,0,0,113.85
1782671787657,2,0,0,116.16
1782671787657,3,0,0,118.43
1782671787657,4,0,0,119.71
1782671787657,5,0,0,116.88
1782671787657,6,0,0,115.34
1782671787657,7,0,0,117.65
1782671787873,0,0,0,117.10
1782671787873,1,0,0,113.85
1782671787873,2,0,0,116.16
1782671787873,3,0,0,118.44
1782671787873,4,0,0,119.72
1782671787873,5,0,0,116.90
1782671787873,6,0,0,115.34
1782671787873,7,0,0,117.63
1782671788090,0,0,0,117.07
1782671788090,1,0,0,113.84
1782671788090,2,0,0,116.15
1782671788090,3,0,0,118.41
1782671788090,4,0,0,119.70
1782671788090,5,0,0,116.89
1782671788090,6,0,0,115.36
1782671788090,7,0,0,117.61
1782671788307,0,0,0,117.07
1782671788307,1,0,0,113.81
1782671788307,2,0,0,116.14
1782671788307,3,0,0,118.41
1782671788307,4,0,0,119.72
1782671788307,5,0,0,116.87
1782671788307,6,0,0,115.41
1782671788307,7,15,15,163.42
1782671788528,0,0,0,117.05
1782671788528,1,0,0,113.84
1782671788528,2,0,0,116.17
1782671788528,3,0,0,118.46
1782671788528,4,0,0,119.69
1782671788528,5,0,0,116.88
1782671788528,6,0,0,170.37
1782671788528,7,28,22,173.04
1782671788746,0,0,0,117.03
1782671788746,1,0,0,113.82
1782671788746,2,0,0,116.22
1782671788746,3,0,0,118.46
1782671788746,4,0,0,119.74
1782671788746,5,0,0,116.87
1782671788746,6,0,0,170.46
1782671788746,7,0,0,172.05
1782671788963,0,0,0,117.02
1782671788963,1,0,0,113.84
1782671788963,2,0,0,116.21
1782671788963,3,0,0,118.46
1782671788963,4,0,0,119.70
1782671788963,5,0,0,116.86
1782671788963,6,0,0,171.61
1782671788963,7,0,0,172.09
1782671789179,0,0,0,117.02
1782671789179,1,0,0,113.87
1782671789179,2,0,0,116.26
1782671789179,3,0,0,118.46
1782671789179,4,0,0,119.75
1782671789179,5,0,0,116.87
1782671789179,6,0,0,170.59
1782671789179,7,0,0,172.11
1782671789395,0,0,0,117.01
1782671789395,1,0,0,113.87
1782671789395,2,0,0,116.27
1782671789395,3,0,0,118.47
1782671789395,4,0,0,119.75
1782671789395,5,0,0,116.89
1782671789395,6,0,0,140.59
1782671789395,7,0,0,117.89
1782671789654,0,0,0,117.06
1782671789654,1,0,0,113.86
1782671789654,2,0,0,116.27
1782671789654,3,0,0,118.42
1782671789654,4,0,0,119.75
1782671789654,5,0,0,116.88
1782671789654,6,0,0,115.58
1782671789654,7,0,0,117.77
1782671789880,0,0,0,117.05
1782671789880,1,0,0,113.86
1782671789880,2,0,0,116.26
1782671789880,3,0,0,118.42
1782671789880,4,0,0,119.75
1782671789880,5,0,0,116.89
1782671789880,6,78,81,166.01
1782671789880,7,43,44,166.64
1782671790097,0,0,0,117.06
1782671790097,1,0,0,113.86
1782671790097,2,0,0,116.25
1782671790097,3,0,0,118.45
1782671790097,4,0,0,119.74
1782671790097,5,0,0,116.87
1782671790097,6,0,0,167.01
1782671790097,7,0,0,165.75
1782671790313,0,0,0,117.06
1782671790313,1,0,0,113.87
1782671790313,2,0,0,116.26
1782671790313,3,0,0,118.46
1782671790313,4,0,0,119.79
1782671790313,5,0,0,116.85
1782671790313,6,0,0,167.04
1782671790313,7,0,0,165.83
1782671790531,0,0,0,117.04
1782671790531,1,0,0,113.86
1782671790531,2,0,0,116.25
1782671790531,3,0,0,118.45
1782671790531,4,0,0,119.79
1782671790531,5,0,0,116.83
1782671790531,6,42,35,183.27
1782671790531,7,40,34,218.90
1782671790760,0,0,0,117.04
1782671790760,1,0,0,113.87
1782671790760,2,0,0,116.25
1782671790760,3,0,0,118.50
1782671790760,4,0,0,119.81
1782671790760,5,0,0,116.81
1782671790760,6,83,57,233.76
1782671790760,7,83,57,302.67
1782671790983,0,0,0,117.04
1782671790983,1,0,0,113.88
1782671790983,2,0,0,116.24
1782671790983,3,0,0,118.50
1782671790983,4,0,0,119.75
1782671790983,5,0,0,116.78
1782671790983,6,39,38,295.94
1782671790983,7,39,38,295.77
1782671791200,0,0,0,117.02
1782671791200,1,0,0,113.90
1782671791200,2,0,0,116.22
1782671791200,3,0,0,118.50
1782671791200,4,0,0,119.75
1782671791200,5,0,0,116.77
1782671791200,6,0,0,292.54
1782671791200,7,0,0,293.94
1782671791417,0,0,0,117.01
1782671791417,1,0,0,113.90
1782671791417,2,0,0,116.19
1782671791417,3,0,0,118.47
1782671791417,4,0,0,119.72
1782671791417,5,0,0,116.78
1782671791417,6,0,0,292.52
1782671791417,7,0,0,284.82
1782671791634,0,0,0,117.04
1782671791634,1,0,0,113.91
1782671791634,2,0,0,116.18
1782671791634,3,0,0,118.47
1782671791634,4,0,0,119.70
1782671791634,5,0,0,116.86
1782671791634,6,0,0,245.16
1782671791634,7,0,0,211.21
1782671791850,0,0,0,117.06
1782671791850,1,0,0,113.87
1782671791850,2,0,0,116.18
1782671791850,3,0,0,118.47
1782671791850,4,0,0,119.71
1782671791850,5,0,0,116.85
1782671791850,6,0,0,141.74
1782671791850,7,0,0,117.96
1782671792066,0,0,0,117.07
1782671792066,1,0,0,113.89
1782671792066,2,0,0,116.17
1782671792066,3,0,0,118.48
1782671792066,4,0,0,119.72
1782671792066,5,0,0,116.87
1782671792066,6,0,0,116.08
1782671792066,7,0,0,117.60
1782671792283,0,0,0,117.07
1782671792283,1,0,0,113.85
1782671792283,2,0,0,116.17
1782671792283,3,0,0,118.47
1782671792283,4,0,0,119.71
1782671792283,5,0,0,116.86
1782671792283,6,0,0,116.23
1782671792283,7,0,0,117.59
1782671792499,0,0,0,117.07
1782671792499,1,0,0,113.82
1782671792499,2,0,0,116.18
1782671792499,3,0,0,118.51
1782671792499,4,0,0,119.71
1782671792499,5,0,0,116.86
1782671792499,6,0,0,116.23
1782671792499,7,0,0,117.47
1782671792715,0,0,0,117.07
1782671792715,1,0,0,113.82
1782671792715,2,0,0,116.21
1782671792715,3,0,0,118.50
1782671792715,4,0,0,119.72
1782671792715,5,0,0,116.84
1782671792715,6,0,0,116.16
1782671792715,7,0,0,117.37
1782671792931,0,0,0,117.09
1782671792931,1,0,0,113.83
1782671792931,2,0,0,116.20
1782671792931,3,0,0,118.49
1782671792931,4,0,0,119.71
1782671792931,5,0,0,116.87
1782671792931,6,0,0,116.24
1782671792931,7,0,0,117.34
1782671793147,0,0,0,117.12
1782671793147,1,0,0,113.81
1782671793147,2,0,0,116.21
1782671793147,3,0,0,118.52
1782671793147,4,0,0,119.73
1782671793147,5,0,0,116.89
1782671793147,6,0,0,116.16
1782671793147,7,0,0,117.31
1782671793364,0,0,0,117.14
1782671793364,1,0,0,113.84
1782671793364,2,0,0,116.24
1782671793364,3,0,0,118.50
1782671793364,4,0,0,119.72
1782671793364,5,0,0,116.92
1782671793364,6,0,0,116.12
1782671793364,7,0,0,117.28
1782671793581,0,0,0,117.17
1782671793581,1,0,0,113.86
1782671793581,2,0,0,116.26
1782671793581,3,0,0,118.49
1782671793581,4,0,0,119.73
1782671793581,5,0,0,116.91
1782671793581,6,0,0,116.11
1782671793581,7,0,0,117.26
1782671793798,0,0,0,117.16
1782671793798,1,0,0,113.84
1782671793798,2,0,0,116.28
1782671793798,3,0,0,118.47
1782671793798,4,0,0,119.72
1782671793798,5,0,0,116.94
1782671793798,6,0,0,116.08
1782671793798,7,0,0,117.25
1782671794014,0,0,0,117.12
1782671794014,1,0,0,113.86
1782671794014,2,0,0,116.30
1782671794014,3,0,0,118.44
1782671794014,4,0,0,119.72
1782671794014,5,0,0,116.93
1782671794014,6,0,0,116.08
1782671794014,7,0,0,117.22
1782671794231,0,0,0,117.12
1782671794231,1,0,0,113.86
1782671794231,2,0,0,116.31
1782671794231,3,0,0,118.42
1782671794231,4,0,0,119.73
1782671794231,5,0,0,116.92
1782671794231,6,0,0,116.10
1782671794231,7,0,0,117.24
1782671794448,0,0,0,117.12
1782671794448,1,0,0,113.86
1782671794448,2,0,0,116.29
1782671794448,3,0,0,118.41
1782671794448,4,0,0,119.75
1782671794448,5,0,0,116.92
1782671794448,6,0,0,116.09
1782671794448,7,0,0,117.21
1782671794663,0,0,0,117.11
1782671794663,1,0,0,113.86
1782671794663,2,0,0,116.26
1782671794663,3,0,0,118.39
1782671794663,4,0,0,119.75
1782671794663,5,0,0,116.91
1782671794663,6,0,0,116.08
1782671794663,7,0,0,117.21
1782671794881,0,0,0,117.10
1782671794881,1,0,0,113.85
1782671794881,2,0,0,116.24
1782671794881,3,0,0,118.42
1782671794881,4,0,0,119.78
1782671794881,5,0,0,116.90
1782671794881,6,0,0,116.13
1782671794881,7,0,0,117.22
1782671795128,0,0,0,117.12
1782671795128,1,0,0,113.84
1782671795128,2,0,0,116.23
1782671795128,3,0,0,118.44
1782671795128,4,0,0,119.79
1782671795128,5,0,0,116.91
1782671795128,6,0,0,116.14
1782671795128,7,0,0,117.19
1782671795345,0,0,0,117.08
1782671795345,1,0,0,113.83
1782671795345,2,0,0,116.23
1782671795345,3,0,0,118.43
1782671795345,4,0,0,119.79
1782671795345,5,0,0,116.93
1782671795345,6,0,0,116.12
1782671795345,7,0,0,117.19
1782671795562,0,0,0,117.08
1782671795562,1,0,0,113.83
1782671795562,2,0,0,116.22
1782671795562,3,0,0,118.43
1782671795562,4,0,0,119.77
1782671795562,5,0,0,116.92
1782671795562,6,0,0,116.13
1782671795562,7,0,0,117.17
1782671795778,0,0,0,117.09
1782671795778,1,0,0,113.85
1782671795778,2,0,0,116.22
1782671795778,3,0,0,118.54
1782671795778,4,0,0,119.76
1782671795778,5,0,0,116.95
1782671795778,6,0,0,116.18
1782671795778,7,0,0,117.16
1782671795995,0,0,0,117.09
1782671795995,1,0,0,113.87
1782671795995,2,0,0,116.23
1782671795995,3,0,0,118.61
1782671795995,4,0,0,119.75
1782671795995,5,0,0,116.94
1782671795995,6,0,0,116.19
1782671795995,7,0,0,117.13
1782671796210,0,0,0,117.10
1782671796210,1,0,0,113.85
1782671796210,2,0,0,116.23
1782671796210,3,0,0,118.68
1782671796210,4,0,0,119.72
1782671796210,5,0,0,116.92
1782671796210,6,0,0,116.21
1782671796210,7,0,0,117.12
1782671796427,0,0,0,117.10
1782671796427,1,0,0,113.86
1782671796427,2,0,0,116.24
1782671796427,3,0,0,118.79
1782671796427,4,0,0,119.74
1782671796427,5,0,0,116.91
1782671796427,6,0,0,116.23
1782671796427,7,0,0,117.12
1782671796644,0,0,0,117.09
1782671796644,1,0,0,113.85
1782671796644,2,0,0,116.23
1782671796644,3,0,0,118.93
1782671796644,4,0,0,119.72
1782671796644,5,0,0,116.91
1782671796644,6,0,0,116.16
1782671796644,7,0,0,117.12
1782671796861,0,0,0,117.08
1782671796861,1,0,0,113.87
1782671796861,2,0,0,116.20
1782671796861,3,0,0,118.89
1782671796861,4,0,0,119.75
1782671796861,5,0,0,116.90
1782671796861,6,0,0,116.21
1782671796861,7,0,0,117.12
1782671797077,0,0,0,117.11
1782671797077,1,0,0,113.86
1782671797077,2,0,0,116.22
1782671797077,3,0,0,118.91
1782671797077,4,0,0,119.74
1782671797077,5,0,0,116.92
1782671797077,6,0,0,116.24
1782671797077,7,0,0,117.13
1782671797293,0,0,0,117.11
1782671797293,1,0,0,113.89
1782671797293,2,0,0,116.21
1782671797293,3,0,0,118.92
1782671797293,4,0,0,119.74
1782671797293,5,0,0,116.95
1782671797293,6,0,0,116.23
1782671797293,7,0,0,117.13
1782671797516,0,0,0,117.10
1782671797516,1,0,0,113.90
1782671797516,2,0,0,116.22
1782671797516,3,0,0,118.91
1782671797516,4,0,0,119.72
1782671797516,5,0,0,116.93
1782671797516,6,21,10,121.31
1782671797516,7,0,0,121.75
1782671797734,0,0,0,117.10
1782671797734,1,0,0,113.92
1782671797734,2,0,0,116.26
1782671797734,3,0,0,118.85
1782671797734,4,0,0,119.75
1782671797734,5,0,0,116.95
1782671797734,6,0,0,121.33
1782671797734,7,0,0,121.80
1782671797954,0,0,0,117.12
1782671797954,1,0,0,113.92
1782671797954,2,0,0,116.28
1782671797954,3,0,0,118.75
1782671797954,4,0,0,119.72
1782671797954,5,0,0,116.94
1782671797954,6,0,0,121.34
1782671797954,7,0,0,121.94
1782671798176,0,0,0,117.11
1782671798176,1,0,0,113.94
1782671798176,2,0,0,116.29
1782671798176,3,0,0,118.66
1782671798176,4,0,0,119.74
1782671798176,5,0,0,116.94
1782671798176,6,0,0,121.32
1782671798176,7,0,0,122.23
1782671798397,0,0,0,117.12
1782671798397,1,0,0,113.95
1782671798397,2,0,0,116.26
1782671798397,3,0,0,118.58
1782671798397,4,0,0,119.74
1782671798397,5,0,0,116.93
1782671798397,6,20,11,147.13
1782671798397,7,21,15,144.63
1782671798615,0,0,0,117.13
1782671798615,1,0,0,113.91
1782671798615,2,0,0,116.26
1782671798615,3,0,0,118.47
1782671798615,4,0,0,119.74
1782671798615,5,0,0,116.92
1782671798615,6,0,0,147.04
1782671798615,7,0,0,144.86
1782671798833,0,0,0,117.14
1782671798833,1,0,0,113.89
1782671798833,2,0,0,116.24
1782671798833,3,0,0,118.49
1782671798833,4,0,0,119.74
1782671798833,5,0,0,116.91
1782671798833,6,0,0,147.63
1782671798833,7,0,0,145.87
1782671799052,0,0,0,117.13
1782671799052,1,0,0,113.86
1782671799052,2,0,0,116.23
1782671799052,3,0,0,118.50
1782671799052,4,0,0,119.73
1782671799052,5,0,0,116.90
1782671799052,6,0,0,146.92
1782671799052,7,0,0,146.46
1782671799270,0,0,0,117.13
1782671799270,1,0,0,113.81
1782671799270,2,0,0,116.22
1782671799270,3,0,0,118.46
1782671799270,4,0,0,119.76
1782671799270,5,0,0,116.87
1782671799270,6,1,0,133.09
1782671799270,7,0,0,130.89
1782671799488,0,0,0,117.16
1782671799488,1,0,0,113.81
1782671799488,2,0,0,116.22
1782671799488,3,0,0,118.48
1782671799488,4,0,0,119.74
1782671799488,5,0,0,116.86
1782671799488,6,0,0,118.21
1782671799488,7,0,0,124.48
1782671799757,0,0,0,117.15
1782671799757,1,0,0,113.81
1782671799757,2,0,0,116.21
1782671799757,3,0,0,118.49
1782671799757,4,0,0,119.74
1782671799757,5,0,0,116.91
1782671799757,6,100,48,191.28
1782671799757,7,100,35,226.05
1782671799979,0,0,0,117.16
1782671799979,1,0,0,113.81
1782671799979,2,0,0,116.20
1782671799979,3,0,0,118.45
1782671799979,4,0,0,119.71
1782671799979,5,0,0,116.90
1782671799979,6,0,0,220.87
1782671799979,7,7,3,231.25
1782671800202,0,0,0,117.16
1782671800202,1,0,0,113.83
1782671800202,2,0,0,116.21
1782671800202,3,0,0,118.45
1782671800202,4,0,0,119.74
1782671800202,5,0,0,116.95
1782671800202,6,40,26,243.20
1782671800202,7,23,16,268.17
1782671800425,0,0,0,117.12
1782671800425,1,0,0,113.85
1782671800425,2,0,0,116.24
1782671800425,3,0,0,118.43
1782671800425,4,0,0,119.73
1782671800425,5,0,0,116.96
1782671800425,6,29,20,284.25
1782671800425,7,18,12,300.92
1782671800688,0,0,0,117.13
1782671800688,1,0,0,113.87
1782671800688,2,0,0,116.26
1782671800688,3,0,0,118.46
1782671800688,4,0,0,119.72
1782671800688,5,0,0,116.98
1782671800688,6,18,13,297.15
1782671800688,7,17,12,278.86
1782671800911,0,0,0,117.13
1782671800911,1,0,0,113.86
1782671800911,2,0,0,116.29
1782671800911,3,0,0,118.43
1782671800911,4,0,0,119.79
1782671800911,5,0,0,117.04
1782671800911,6,23,17,219.64
1782671800911,7,22,17,241.02
1782671801134,0,0,0,117.13
1782671801134,1,0,0,113.87
1782671801134,2,0,0,116.31
1782671801134,3,0,0,118.40
1782671801134,4,0,0,119.77
1782671801134,5,0,0,117.05
1782671801134,6,14,11,226.16
1782671801134,7,15,11,231.55
1782671801355,0,0,0,117.12
1782671801355,1,0,0,113.87
1782671801355,2,0,0,116.33
1782671801355,3,0,0,118.45
1782671801355,4,0,0,119.76
1782671801355,5,0,0,117.06
1782671801355,6,14,11,207.69
1782671801355,7,20,16,220.92
1782671801581,0,0,0,117.11
1782671801581,1,0,0,113.87
1782671801581,2,0,0,116.33
1782671801581,3,0,0,118.43
1782671801581,4,0,0,119.76
1782671801581,5,0,0,117.00
1782671801581,6,14,10,194.88
1782671801581,7,13,10,208.85
1782671801801,0,0,0,117.09
1782671801801,1,0,0,113.86
1782671801801,2,0,0,116.33
1782671801801,3,0,0,118.41
1782671801801,4,0,0,119.79
1782671801801,5,0,0,117.00
1782671801801,6,19,15,190.61
1782671801801,7,18,15,190.48
1782671802026,0,0,0,117.09
1782671802026,1,0,0,113.89
1782671802026,2,0,0,116.33
1782671802026,3,0,0,118.43
1782671802026,4,0,0,119.78
1782671802026,5,0,0,116.95
1782671802026,6,18,15,178.84
1782671802026,7,18,15,181.09
1782671802250,0,0,0,117.11
1782671802250,1,0,0,113.90
1782671802250,2,0,0,116.36
1782671802250,3,0,0,118.46
1782671802250,4,0,0,119.79
1782671802250,5,0,0,116.93
1782671802250,6,51,27,200.59
1782671802250,7,54,31,218.19
1782671802472,0,0,0,117.11
1782671802472,1,0,0,113.89
1782671802472,2,0,0,116.37
1782671802472,3,0,0,118.44
1782671802472,4,0,0,119.85
1782671802472,5,0,0,116.86
1782671802472,6,45,26,224.06
1782671802472,7,41,25,247.12
1782671802707,0,0,0,117.12
1782671802707,1,0,0,113.91
1782671802707,2,0,0,116.35
1782671802707,3,0,0,118.45
1782671802707,4,0,0,119.82
1782671802707,5,0,0,116.85
1782671802707,6,31,21,253.33
1782671802707,7,36,24,270.45
1782671802928,0,0,0,117.13
1782671802928,1,0,0,113.91
1782671802928,2,0,0,116.34
1782671802928,3,0,0,118.46
1782671802928,4,0,0,119.81
1782671802928,5,0,0,116.89
1782671802928,6,29,21,268.82
1782671802928,7,33,23,279.39
1782671803155,0,0,0,117.13
1782671803155,1,0,0,113.90
1782671803155,2,0,0,116.29
1782671803155,3,0,0,118.46
1782671803155,4,0,0,119.76
1782671803155,5,0,0,116.94
1782671803155,6,24,18,260.07
1782671803155,7,29,22,273.53
1782671803382,0,0,0,117.12
1782671803382,1,0,0,113.88
1782671803382,2,0,0,116.26
1782671803382,3,0,0,118.45
1782671803382,4,0,0,119.76
1782671803382,5,0,0,116.97
1782671803382,6,25,20,231.79
1782671803382,7,25,20,235.52
1782671803601,0,0,0,117.14
1782671803601,1,0,0,113.89
1782671803601,2,0,0,116.25
1782671803601,3,0,0,118.46
1782671803601,4,0,0,119.73
1782671803601,5,0,0,116.97
1782671803601,6,0,0,205.28
1782671803601,7,0,0,197.39
1782671803819,0,0,0,117.17
1782671803819,1,0,0,113.88
1782671803819,2,0,0,116.24
1782671803819,3,0,0,118.45
1782671803819,4,0,0,119.72
1782671803819,5,0,0,116.98
1782671803819,6,0,0,168.45
1782671803819,7,41,22,182.78
1782671804041,0,0,0,117.13
1782671804041,1,0,0,113.88
1782671804041,2,0,0,116.23
1782671804041,3,0,0,118.43
1782671804041,4,0,0,119.72
1782671804041,5,0,0,116.93
1782671804041,6,22,11,154.90
1782671804041,7,0,0,162.28
1782671804260,0,0,0,117.13
1782671804260,1,0,0,113.90
1782671804260,2,0,0,116.23
1782671804260,3,0,0,118.45
1782671804260,4,0,0,119.74
1782671804260,5,0,0,116.91
1782671804260,6,0,0,140.90
1782671804260,7,0,0,143.87
1782671804478,0,0,0,117.14
1782671804478,1,0,0,113.92
1782671804478,2,0,0,116.22
1782671804478,3,0,0,118.50
1782671804478,4,0,0,119.75
1782671804478,5,0,0,116.92
1782671804478,6,0,0,135.44
1782671804478,7,0,0,137.43
1782671804697,0,0,0,117.14
1782671804697,1,0,0,113.95
1782671804697,2,0,0,116.22
1782671804697,3,0,0,118.49
1782671804697,4,0,0,119.76
1782671804697,5,0,0,116.92
1782671804697,6,0,0,135.25
1782671804697,7,0,0,137.01
1782671804916,0,0,0,117.15
1782671804916,1,0,0,113.96
1782671804916,2,0,0,116.22
1782671804916,3,0,0,118.51
1782671804916,4,0,0,119.76
1782671804916,5,0,0,116.90
1782671804916,6,0,0,122.58
1782671804916,7,0,0,119.40
1782671805133,0,0,0,117.14
1782671805133,1,0,0,113.95
1782671805133,2,0,0,116.25
1782671805133,3,0,0,118.55
1782671805133,4,0,0,119.80
1782671805133,5,0,0,116.90
1782671805133,6,0,0,116.77
1782671805133,7,0,0,119.28
1782671805349,0,0,0,117.16
1782671805349,1,0,0,113.92
1782671805349,2,0,0,116.27
1782671805349,3,0,0,118.54
1782671805349,4,0,0,119.79
1782671805349,5,0,0,116.91
1782671805349,6,0,0,116.80
1782671805349,7,0,0,119.20
1782671805566,0,0,0,117.15
1782671805566,1,0,0,113.91
1782671805566,2,0,0,116.29
1782671805566,3,0,0,118.52
1782671805566,4,0,0,119.82
1782671805566,5,0,0,116.93
1782671805566,6,0,0,116.76
1782671805566,7,0,0,119.18
1782671805785,0,0,0,117.15
1782671805785,1,0,0,113.87
1782671805785,2,0,0,116.32
1782671805785,3,0,0,118.51
1782671805785,4,0,0,119.80
1782671805785,5,0,0,116.96
1782671805785,6,0,0,116.72
1782671805785,7,0,0,119.16
1782671806003,0,0,0,117.19
1782671806003,1,0,0,113.82
1782671806003,2,0,0,116.32
1782671806003,3,0,0,118.50
1782671806003,4,0,0,119.79
1782671806003,5,0,0,116.97
1782671806003,6,0,0,116.83
1782671806003,7,0,0,119.11
1782671806259,0,0,0,117.17
1782671806259,1,0,0,113.82
1782671806259,2,0,0,116.34
1782671806259,3,0,0,118.49
1782671806259,4,0,0,119.80
1782671806259,5,0,0,116.97
1782671806259,6,0,0,116.80
1782671806259,7,0,0,119.09
1782671806477,0,0,0,117.17
1782671806477,1,0,0,113.82
1782671806477,2,0,0,116.36
1782671806477,3,0,0,118.51
1782671806477,4,0,0,119.81
1782671806477,5,0,0,116.93
1782671806477,6,0,0,116.76
1782671806477,7,0,0,119.09
1782671806696,0,0,0,117.17
1782671806696,1,0,0,113.84
1782671806696,2,0,0,116.34
1782671806696,3,0,0,118.57
1782671806696,4,0,0,119.82
1782671806696,5,0,0,116.94
1782671806696,6,0,0,116.72
1782671806696,7,0,0,119.05
1782671806913,0,0,0,117.18
1782671806913,1,0,0,113.85
1782671806913,2,0,0,116.36
1782671806913,3,0,0,118.66
1782671806913,4,0,0,119.84
1782671806913,5,0,0,116.94
1782671806913,6,0,0,116.72
1782671806913,7,0,0,119.01
1782671807129,0,0,0,117.17
1782671807129,1,0,0,113.87
1782671807129,2,0,0,116.36
1782671807129,3,0,0,118.72
1782671807129,4,0,0,119.85
1782671807129,5,0,0,116.91
1782671807129,6,0,0,116.74
1782671807129,7,0,0,118.99
1782671807346,0,0,0,117.15
1782671807346,1,0,0,113.89
1782671807346,2,0,0,116.33
1782671807346,3,0,0,118.78
1782671807346,4,0,0,119.83
1782671807346,5,0,0,116.91
1782671807346,6,0,0,116.75
1782671807346,7,0,0,118.98
1782671807562,0,0,0,117.14
1782671807562,1,0,0,113.90
1782671807562,2,0,0,116.30
1782671807562,3,0,0,118.73
1782671807562,4,0,0,119.85
1782671807562,5,0,0,116.95
1782671807562,6,0,0,116.71
1782671807562,7,0,0,118.96
1782671807782,0,0,0,117.15
1782671807782,1,0,0,113.93
1782671807782,2,0,0,116.28
1782671807782,3,0,0,118.69
1782671807782,4,0,0,119.82
1782671807782,5,0,0,116.95
1782671807782,6,0,0,116.70
1782671807782,7,0,0,118.96
1782671808001,0,0,0,117.12
1782671808001,1,0,0,113.93
1782671808001,2,0,0,116.28
1782671808001,3,0,0,118.62
1782671808001,4,0,0,119.82
1782671808001,5,0,0,116.94
1782671808001,6,0,0,116.72
1782671808001,7,0,0,118.95
1782671808221,0,0,0,117.11
1782671808221,1,0,0,113.92
1782671808221,2,0,0,116.28
1782671808221,3,0,0,118.54
1782671808221,4,0,0,119.84
1782671808221,5,0,0,116.95
1782671808221,6,0,0,116.75
1782671808221,7,0,0,118.93
1782671808441,0,0,0,117.13
1782671808441,1,0,0,113.90
1782671808441,2,0,0,116.28
1782671808441,3,0,0,118.51
1782671808441,4,0,0,119.84
1782671808441,5,0,0,116.95
1782671808441,6,0,0,116.70
1782671808441,7,0,0,118.92
1782671808660,0,0,0,117.11
1782671808660,1,0,0,113.91
1782671808660,2,0,0,116.29
1782671808660,3,0,0,118.51
1782671808660,4,0,0,119.86
1782671808660,5,0,0,116.94
1782671808660,6,0,0,116.72
1782671808660,7,0,0,118.89
1782671808880,0,0,0,117.12
1782671808880,1,0,0,113.87
1782671808880,2,0,0,116.30
1782671808880,3,0,0,118.50
1782671808880,4,0,0,119.84
1782671808880,5,0,0,116.93
1782671808880,6,0,0,116.75
1782671808880,7,0,0,118.88
1782671809099,0,0,0,117.15
1782671809099,1,0,0,113.89
1782671809099,2,0,0,116.29
1782671809099,3,0,0,118.49
1782671809099,4,0,0,119.84
1782671809099,5,0,0,116.93
1782671809099,6,0,0,116.78
1782671809099,7,0,0,118.88
1782671809325,0,0,0,117.17
1782671809325,1,0,0,113.91
1782671809325,2,0,0,116.30
1782671809325,3,0,0,118.50
1782671809325,4,0,0,119.79
1782671809325,5,0,0,116.94
1782671809325,6,0,0,116.83
1782671809325,7,0,0,118.87
1782671809542,0,0,0,117.18
1782671809542,1,0,0,113.90
1782671809542,2,0,0,116.28
1782671809542,3,0,0,118.50
1782671809542,4,0,0,119.79
1782671809542,5,0,0,116.93
1782671809542,6,0,0,116.74
1782671809542,7,0,0,118.89
1782671809789,0,0,0,117.18
1782671809789,1,0,0,113.92
1782671809789,2,0,0,116.27
1782671809789,3,0,0,118.49
1782671809789,4,0,0,119.78
1782671809789,5,0,0,116.93
1782671809789,6,0,0,116.74
1782671809789,7,0,0,118.91
1782671810014,0,0,0,117.17
1782671810014,1,0,0,113.93
1782671810014,2,1,1,116.27
1782671810014,3,0,0,118.50
1782671810014,4,0,0,119.79
1782671810014,5,0,0,116.94
1782671810014,6,0,0,116.73
1782671810014,7,0,0,118.90
1782671810293,0,0,0,117.71
1782671810293,1,0,0,114.17
1782671810293,2,0,0,116.85
1782671810293,3,1,2,118.94
1782671810293,4,1,2,120.08
1782671810293,5,0,0,117.62
1782671810293,6,1,0,117.06
1782671810293,7,6,2,119.46
1782671810516,0,0,0,117.79
1782671810516,1,0,0,114.19
1782671810516,2,0,0,116.91
1782671810516,3,0,0,118.96
1782671810516,4,0,0,120.10
1782671810516,5,0,0,117.59
1782671810516,6,0,0,117.12
1782671810516,7,0,0,119.43
1782671811197,0,0,0,117.25
1782671811197,1,0,0,113.97
1782671811197,2,0,0,116.42
1782671811197,3,0,0,118.55
1782671811197,4,0,0,119.82
1782671811197,5,0,0,116.90
1782671811197,6,0,0,117.06
1782671811197,7,0,0,118.85
1782671811447,0,0,0,117.26
1782671811447,1,0,0,113.99
1782671811447,2,0,0,116.43
1782671811447,3,0,0,118.55
1782671811447,4,0,0,119.83
1782671811447,5,0,0,116.93
1782671811447,6,0,0,116.80
1782671811447,7,0,0,118.84
1782671811669,0,0,0,117.25
1782671811669,1,0,0,114.00
1782671811669,2,0,0,116.41
1782671811669,3,0,0,118.56
1782671811669,4,0,0,119.86
1782671811669,5,0,0,116.94
1782671811669,6,5,0,116.73
1782671811669,7,0,0,118.89
1782671812136,0,0,0,117.24
1782671812136,1,0,0,113.97
1782671812136,2,0,0,116.38
1782671812136,3,0,0,118.52
1782671812136,4,0,0,119.82
1782671812136,5,0,0,116.94
1782671812136,6,0,0,116.81
1782671812136,7,0,0,119.07
1782671812374,0,1,1,139.43
1782671812374,1,87,30,133.78
1782671812374,2,0,0,131.11
1782671812374,3,89,33,133.43
1782671812374,4,38,23,142.52
1782671812374,5,41,29,137.91
1782671812374,6,0,0,117.12
1782671812374,7,6,0,119.35
1782671812626,0,52,37,159.56
1782671812626,1,26,16,156.09
1782671812626,2,50,35,158.99
1782671812626,3,100,31,158.95
1782671812626,4,85,43,161.44
1782671812626,5,20,12,160.39
1782671812626,6,100,0,120.74
1782671812626,7,100,0,125.34
1782671812853,0,0,0,159.86
1782671812853,1,0,0,157.22
1782671812853,2,0,0,158.95
1782671812853,3,0,0,161.68
1782671812853,4,0,0,161.44
1782671812853,5,0,0,160.68
1782671812853,6,91,2,130.97
1782671812853,7,93,0,132.13
1782671813079,0,0,0,160.33
1782671813079,1,0,0,156.75
1782671813079,2,0,0,158.89
1782671813079,3,0,0,161.14
1782671813079,4,0,0,161.49
1782671813079,5,0,0,160.13
1782671813079,6,100,0,138.43
1782671813079,7,91,2,141.92
1782671813372,0,0,0,139.00
1782671813372,1,0,0,138.14
1782671813372,2,0,0,144.66
1782671813372,3,0,0,148.46
1782671813372,4,0,0,142.23
1782671813372,5,0,0,140.35
1782671813372,6,0,0,145.02
1782671813372,7,86,3,148.53
1782671813635,0,0,0,118.77
1782671813635,1,0,0,115.20
1782671813635,2,0,0,115.96
1782671813635,3,0,0,120.10
1782671813635,4,0,0,119.95
1782671813635,5,0,0,118.02
1782671813635,6,100,0,150.03
1782671813635,7,100,0,149.62
1782671813901,0,0,0,118.71
1782671813901,1,0,0,115.15
1782671813901,2,0,0,115.87
1782671813901,3,0,0,120.07
1782671813901,4,0,0,119.97
1782671813901,5,0,0,117.94
1782671813901,6,100,0,149.77
1782671813901,7,100,0,150.97
1782671814128,0,0,0,118.70
1782671814128,1,0,0,115.15
1782671814128,2,0,0,115.84
1782671814128,3,0,0,120.07
1782671814128,4,0,0,119.95
1782671814128,5,0,0,117.94
1782671814128,6,93,4,149.65
1782671814128,7,100,0,151.85
1782671814356,0,0,0,118.69
1782671814356,1,0,0,115.15
1782671814356,2,0,0,115.95
1782671814356,3,0,0,120.04
1782671814356,4,0,0,119.93
1782671814356,5,0,0,117.95
1782671814356,6,100,0,154.32
1782671814356,7,96,2,154.08
1782671814584,0,0,0,118.64
1782671814584,1,0,0,115.16
1782671814584,2,0,0,116.04
1782671814584,3,0,0,119.97
1782671814584,4,0,0,119.92
1782671814584,5,0,0,117.94
1782671814584,6,100,0,153.94
1782671814584,7,99,0,154.89
1782671814810,0,0,0,118.65
1782671814810,1,0,0,115.15
1782671814810,2,0,0,116.15
1782671814810,3,0,0,119.96
1782671814810,4,0,0,119.92
1782671814810,5,0,0,117.94
1782671814810,6,0,0,149.55
1782671814810,7,0,0,149.89
1782671815034,0,0,0,118.66
1782671815034,1,0,0,115.17
1782671815034,2,0,0,116.28
1782671815034,3,0,0,120.00
1782671815034,4,0,0,119.92
1782671815034,5,0,0,117.92
1782671815034,6,0,0,139.18
1782671815034,7,0,0,142.44
1782671815258,0,1,0,119.20
1782671815258,1,0,0,115.63
1782671815258,2,6,1,117.93
1782671815258,3,42,6,121.41
1782671815258,4,18,3,120.82
1782671815258,5,0,0,118.36
1782671815258,6,0,0,129.20
1782671815258,7,7,1,132.44
1782671815567,0,34,5,120.65
1782671815567,1,53,8,117.25
1782671815567,2,0,0,118.26
1782671815567,3,0,0,122.04
1782671815567,4,0,0,122.00
1782671815567,5,51,8,119.73
1782671815567,6,0,0,122.70
1782671815567,7,0,0,125.59
1782671815787,0,0,0,120.70
1782671815787,1,0,0,117.23
1782671815787,2,0,0,118.29
1782671815787,3,0,0,122.07
1782671815787,4,0,0,122.00
1782671815787,5,0,0,119.67
1782671815787,6,0,0,117.55
1782671815787,7,0,0,119.55
1782671816164,0,0,0,120.91
1782671816164,1,0,0,117.22
1782671816164,2,0,0,118.28
1782671816164,3,0,0,122.01
1782671816164,4,0,0,122.00
1782671816164,5,0,0,119.61
1782671816164,6,0,0,117.43
1782671816164,7,0,0,119.41
1782671816410,0,0,0,119.11
1782671816410,1,0,0,115.17
1782671816410,2,0,0,116.63
1782671816410,3,0,0,121.18
1782671816410,4,0,0,119.89
1782671816410,5,0,0,117.82
1782671816410,6,0,0,116.84
1782671816410,7,0,0,118.88
1782671816629,0,0,0,118.95
1782671816629,1,0,0,115.14
1782671816629,2,0,0,116.26
1782671816629,3,0,0,120.02
1782671816629,4,0,0,119.88
1782671816629,5,0,0,117.75
1782671816629,6,0,0,116.82
1782671816629,7,0,0,118.89
1782671816847,0,0,0,118.85
1782671816847,1,0,0,115.11
1782671816847,2,0,0,116.23
1782671816847,3,0,0,120.00
1782671816847,4,0,0,119.89
1782671816847,5,0,0,117.77
1782671816847,6,0,0,116.87
1782671816847,7,0,0,118.88
1782671817065,0,0,0,118.75
1782671817065,1,0,0,115.06
1782671817065,2,0,0,116.19
1782671817065,3,0,0,119.99
1782671817065,4,0,0,119.87
1782671817065,5,0,0,117.76
1782671817065,6,0,0,116.86
1782671817065,7,0,0,118.89
1782671817360,0,0,0,118.81
1782671817360,1,0,0,115.07
1782671817360,2,0,0,116.17
1782671817360,3,0,0,120.01
1782671817360,4,0,0,119.91
1782671817360,5,0,0,117.77
1782671817360,6,0,0,116.79
1782671817360,7,0,0,118.91
1782671817579,0,0,0,118.83
1782671817579,1,0,0,115.09
1782671817579,2,0,0,116.16
1782671817579,3,0,0,120.03
1782671817579,4,0,0,119.87
1782671817579,5,0,0,117.79
1782671817579,6,0,0,116.83
1782671817579,7,0,0,118.90
1782671817798,0,0,0,118.89
1782671817798,1,0,0,115.11
1782671817798,2,0,0,116.13
1782671817798,3,0,0,120.10
1782671817798,4,0,0,119.87
1782671817798,5,0,0,117.81
1782671817798,6,0,0,116.87
1782671817798,7,0,0,118.92
1782671818201,0,0,0,118.72
1782671818201,1,0,0,115.14
1782671818201,2,0,0,116.15
1782671818201,3,0,0,120.08
1782671818201,4,0,0,119.89
1782671818201,5,0,0,117.82
1782671818201,6,0,0,116.82
1782671818201,7,0,0,118.88
1782671818640,0,0,0,118.73
1782671818640,1,0,0,115.13
1782671818640,2,0,0,116.17
1782671818640,3,0,0,120.09
1782671818640,4,0,0,119.90
1782671818640,5,0,0,117.83
1782671818640,6,0,0,116.84
1782671818640,7,0,0,118.90
1782671818860,0,0,0,118.69
1782671818860,1,0,0,115.14
1782671818860,2,0,0,116.18
1782671818860,3,0,0,120.05
1782671818860,4,0,0,119.90
1782671818860,5,0,0,117.85
1782671818860,6,0,0,116.83
1782671818860,7,0,0,118.88
1782671819082,0,0,0,118.70
1782671819082,1,0,0,115.09
1782671819082,2,0,0,116.20
1782671819082,3,0,0,120.03
1782671819082,4,0,0,119.90
1782671819082,5,0,0,117.85
1782671819082,6,0,0,116.82
1782671819082,7,0,0,118.89
1782671819301,0,0,0,118.70
1782671819301,1,0,0,115.09
1782671819301,2,0,0,116.26
1782671819301,3,0,0,120.02
1782671819301,4,0,0,119.90
1782671819301,5,0,0,117.86
1782671819301,6,0,0,116.81
1782671819301,7,0,0,118.88
1782671819521,0,0,0,118.70
1782671819521,1,0,0,115.07
1782671819521,2,0,0,116.23
1782671819521,3,0,0,119.99
1782671819521,4,0,0,119.88
1782671819521,5,0,0,117.85
1782671819521,6,0,0,116.77
1782671819521,7,0,0,118.86
1782671819739,0,0,0,118.68
1782671819739,1,0,0,115.07
1782671819739,2,0,0,116.25
1782671819739,3,0,0,120.00
1782671819739,4,0,0,119.89
1782671819739,5,0,0,117.88
1782671819739,6,0,0,116.83
1782671819739,7,0,0,118.87
1782671819959,0,0,0,118.66
1782671819959,1,0,0,115.06
1782671819959,2,0,0,116.28
1782671819959,3,0,0,120.01
1782671819959,4,0,0,119.88
1782671819959,5,0,0,117.85
1782671819959,6,0,0,116.82
1782671819959,7,0,0,118.87
1782671820179,0,0,0,118.64
1782671820179,1,0,0,115.05
1782671820179,2,0,0,116.28
1782671820179,3,0,0,119.98
1782671820179,4,0,0,119.91
1782671820179,5,0,0,117.84
1782671820179,6,0,0,116.78
1782671820179,7,0,0,118.85
1782671820400,0,0,0,118.66
1782671820400,1,0,0,115.07
1782671820400,2,0,0,116.29
1782671820400,3,0,0,119.99
1782671820400,4,0,0,119.92
1782671820400,5,0,0,117.83
1782671820400,6,0,0,116.76
1782671820400,7,0,0,118.86
1782671820621,0,0,0,118.67
1782671820621,1,0,0,115.08
1782671820621,2,0,0,116.28
1782671820621,3,0,0,120.02
1782671820621,4,0,0,119.93
1782671820621,5,0,0,117.82
1782671820621,6,0,0,116.72
1782671820621,7,0,0,118.85
1782671820839,0,0,0,118.67
1782671820839,1,0,0,115.09
1782671820839,2,0,0,116.26
1782671820839,3,0,0,119.99
1782671820839,4,0,0,119.93
1782671820839,5,0,0,117.80
1782671820839,6,0,0,116.81
1782671820839,7,0,0,118.85
1782671821059,0,0,0,118.70
1782671821059,1,0,0,115.12
1782671821059,2,0,0,116.27
1782671821059,3,0,0,119.99
1782671821059,4,0,0,119.93
1782671821059,5,0,0,117.79
1782671821059,6,0,0,116.82
1782671821059,7,0,0,118.83
1782671821400,0,0,0,118.71
1782671821400,1,0,0,115.11
1782671821400,2,0,0,116.25
1782671821400,3,0,0,120.00
1782671821400,4,0,0,119.94
1782671821400,5,0,0,117.78
1782671821400,6,0,0,116.79
1782671821400,7,0,0,118.80
1782671821660,0,0,0,118.71
1782671821660,1,0,0,115.12
1782671821660,2,0,0,116.24
1782671821660,3,0,0,119.97
1782671821660,4,0,0,119.90
1782671821660,5,0,0,117.78
1782671821660,6,0,0,116.83
1782671821660,7,0,0,118.80
1782671821882,0,0,0,118.72
1782671821882,1,0,0,115.12
1782671821882,2,0,0,116.23
1782671821882,3,0,0,119.98
1782671821882,4,0,0,119.90
1782671821882,5,0,0,117.81
1782671821882,6,0,0,118.32
1782671821882,7,7,5,119.83
1782671822102,0,0,0,118.70
1782671822102,1,0,0,115.12
1782671822102,2,0,0,116.19
1782671822102,3,0,0,120.00
1782671822102,4,0,0,119.87
1782671822102,5,0,0,117.82
1782671822102,6,0,0,118.37
1782671822102,7,0,0,119.82
1782671822320,0,0,0,118.68
1782671822320,1,0,0,115.15
1782671822320,2,0,0,116.19
1782671822320,3,0,0,119.99
1782671822320,4,0,0,119.87
1782671822320,5,0,0,117.82
1782671822320,6,0,0,152.01
1782671822320,7,46,26,152.64
1782671822716,0,0,0,118.64
1782671822716,1,0,0,115.17
1782671822716,2,0,0,116.16
1782671822716,3,0,0,120.07
1782671822716,4,0,0,119.86
1782671822716,5,0,0,117.87
1782671822716,6,95,75,434.07
1782671822716,7,98,76,416.61
1782671823207,0,0,0,118.65
1782671823207,1,0,0,115.16
1782671823207,2,0,0,116.15
1782671823207,3,0,0,120.07
1782671823207,4,0,0,119.85
1782671823207,5,0,0,117.90
1782671823207,6,77,65,501.23
1782671823207,7,91,80,521.09
1782671823444,0,0,0,118.63
1782671823444,1,0,0,115.13
1782671823444,2,0,0,116.15
1782671823444,3,0,0,120.05
1782671823444,4,0,0,119.82
1782671823444,5,0,0,117.89
1782671823444,6,100,87,555.80
1782671823444,7,5,5,514.17
1782671823673,0,0,0,118.60
1782671823673,1,0,0,115.11
1782671823673,2,0,0,116.17
1782671823673,3,0,0,120.01
1782671823673,4,0,0,119.82
1782671823673,5,0,0,117.85
1782671823673,6,100,88,479.18
1782671823673,7,0,0,429.90
1782671823893,0,0,0,118.61
1782671823893,1,0,0,115.07
1782671823893,2,0,0,116.19
1782671823893,3,0,0,119.97
1782671823893,4,0,0,119.86
1782671823893,5,0,0,117.79
1782671823893,6,0,0,368.48
1782671823893,7,0,0,316.15
1782671824112,0,0,0,118.73
1782671824112,1,0,0,115.07
1782671824112,2,0,0,116.20
1782671824112,3,0,0,119.94
1782671824112,4,0,0,119.80
1782671824112,5,0,0,117.77
1782671824112,6,0,0,274.90
1782671824112,7,0,0,186.31
1782671824329,0,0,0,118.80
1782671824329,1,0,0,115.09
1782671824329,2,0,0,116.20
1782671824329,3,0,0,119.97
1782671824329,4,0,0,119.83
1782671824329,5,0,0,117.75
1782671824329,6,0,0,216.14
1782671824329,7,0,0,124.00
1782671824546,0,0,0,118.82
1782671824546,1,0,0,115.10
1782671824546,2,0,0,116.23
1782671824546,3,0,0,119.99
1782671824546,4,0,0,119.84
1782671824546,5,0,0,117.80
1782671824546,6,0,0,120.11
1782671824546,7,0,0,120.41
1782671824765,0,0,0,118.86
1782671824765,1,0,0,115.12
1782671824765,2,0,0,116.22
1782671824765,3,0,0,120.01
1782671824765,4,0,0,119.87
1782671824765,5,0,0,117.80
1782671824765,6,0,0,117.88
1782671824765,7,0,0,119.98
1782671824983,0,0,0,118.87
1782671824983,1,0,0,115.13
1782671824983,2,0,0,116.25
1782671824983,3,0,0,119.98
1782671824983,4,0,0,119.86
1782671824983,5,0,0,117.81
1782671824983,6,0,0,117.68
1782671824983,7,0,0,119.85
1782671825201,0,0,0,118.75
1782671825201,1,0,0,115.13
1782671825201,2,0,0,116.26
1782671825201,3,0,0,119.98
1782671825201,4,0,0,119.88
1782671825201,5,0,0,117.83
1782671825201,6,0,0,117.65
1782671825201,7,0,0,119.76
1782671825421,0,0,0,118.74
1782671825421,1,0,0,115.45
1782671825421,2,0,0,116.28
1782671825421,3,0,0,120.20
1782671825421,4,0,0,119.87
1782671825421,5,0,0,118.18
1782671825421,6,0,0,117.72
1782671825421,7,0,0,119.63
1782671825712,0,0,0,124.20
1782671825712,1,42,6,120.36
1782671825712,2,22,3,121.34
1782671825712,3,0,0,125.42
1782671825712,4,0,0,125.02
1782671825712,5,0,0,123.30
1782671825712,6,100,15,125.78
1782671825712,7,0,0,128.82
1782671826608,0,0,0,124.41
1782671826608,1,0,0,120.52
1782671826608,2,0,0,121.77
1782671826608,3,0,0,125.58
1782671826608,4,0,0,125.55
1782671826608,5,0,0,123.34
1782671826608,6,0,0,127.28
1782671826608,7,0,0,129.15
1782671826815,0,0,0,124.44
1782671826815,1,0,0,120.40
1782671826815,2,0,0,121.75
1782671826815,3,0,0,125.55
1782671826815,4,0,0,125.55
1782671826815,5,0,0,122.07
1782671826815,6,0,0,127.19
1782671826815,7,0,0,129.12
1782671827023,0,0,0,124.46
1782671827023,1,0,0,120.47
1782671827023,2,0,0,121.75
1782671827023,3,0,0,124.38
1782671827023,4,0,0,124.23
1782671827023,5,0,0,122.06
1782671827023,6,0,0,127.14
1782671827023,7,0,0,123.71
1782671827230,0,0,0,123.17
1782671827230,1,0,0,120.59
1782671827230,2,0,0,121.49
1782671827230,3,0,0,124.24
1782671827230,4,0,0,124.21
1782671827230,5,0,0,122.08
1782671827230,6,0,0,127.03
1782671827230,7,0,0,123.68
1782671827436,0,0,0,123.10
1782671827436,1,0,0,116.28
1782671827436,2,0,0,120.38
1782671827436,3,0,0,124.23
1782671827436,4,0,0,124.19
1782671827436,5,0,0,122.10
1782671827436,6,0,0,122.94
1782671827436,7,0,0,123.67
1782671827650,0,0,0,123.13
1782671827650,1,0,0,107.05
1782671827650,2,0,0,120.38
1782671827650,3,0,0,123.29
1782671827650,4,0,0,115.44
1782671827650,5,0,0,113.11
1782671827650,6,0,0,121.76
1782671827650,7,0,0,123.64
1782671827878,0,0,0,111.61
1782671827878,1,0,0,92.89
1782671827878,2,0,0,118.94
1782671827878,3,0,0,113.04
1782671827878,4,0,0,104.92
1782671827878,5,0,0,98.11
1782671827878,6,0,0,121.78
1782671827878,7,0,0,123.60
1782671828117,0,0,0,101.95
1782671828117,1,0,0,79.18
1782671828117,2,0,0,104.52
1782671828117,3,0,0,97.99
1782671828117,4,0,0,89.04
1782671828117,5,0,0,82.88
1782671828117,6,0,0,121.70
1782671828117,7,0,0,112.24
