2026-06-30 19:11:05,930	INFO worker.py:2003 -- Started a local Ray instance. View the dashboard at [1m[32mhttp://127.0.0.1:8265 [39m[22m
/usr/local/lib/python3.12/dist-packages/ray/_private/worker.py:2051: FutureWarning: Tip: In future versions of Ray, Ray will no longer override accelerator visible devices env var if num_gpus=0 or num_gpus=None (default). To enable this behavior and turn off this error message, set RAY_ACCEL_ENV_VAR_OVERRIDE_ON_ZERO=0
  warnings.warn(
[36m(pid=4806)[0m WARNING:2026-06-30 19:11:12,425:Platform 'nvidia' (PlatformCUDA) is registered but not available. This may be due to this ray actor being a CPU-only actor.
[36m(pid=4806)[0m W0630 19:11:13.152000 4806 torch/utils/cpp_extension.py:140] No CUDA runtime is found, using CUDA_HOME='/usr/local/cuda'
ray init kwargs: {'num_cpus': None, 'runtime_env': {'env_vars': {'TOKENIZERS_PARALLELISM': 'true', 'NCCL_DEBUG': 'WARN', 'VLLM_LOGGING_LEVEL': 'WARN', 'VLLM_ALLOW_RUNTIME_LORA_UPDATING': 'true', 'CUDA_DEVICE_MAX_CONNECTIONS': '1', 'VLLM_DISABLE_COMPILE_CACHE': '1', 'HCCL_HOST_SOCKET_PORT_RANGE': 'auto', 'HCCL_NPU_SOCKET_PORT_RANGE': 'auto', 'HSA_NO_SCRATCH_RECLAIM': '1', 'PYTHONHASHSEED': '0', 'VERL_FULL_DETERMINISM': '0', 'VLLM_BATCH_INVARIANT': '0'}, 'working_dir': None}}
[36m(FullyAsyncTaskRunner pid=4806)[0m [ASYNC MAIN] Starting fully async PPO training...
[36m(FullyAsyncTaskRunner pid=4806)[0m [ASYNC MAIN] TaskRunner hostname: disagg-sync-benchmark-zmtjm, PID: 4806
[36m(FullyAsyncTaskRunner pid=4806)[0m {'actor_rollout_ref': {'actor': {'_target_': 'verl.workers.config.FSDPActorConfig',
[36m(FullyAsyncTaskRunner pid=4806)[0m                                  'calculate_entropy': False,
[36m(FullyAsyncTaskRunner pid=4806)[0m                                  'calculate_sum_pi_squared': False,
[36m(FullyAsyncTaskRunner pid=4806)[0m                                  'checkpoint': {'_target_': 'verl.trainer.config.CheckpointConfig',
[36m(FullyAsyncTaskRunner pid=4806)[0m                                                 'async_save': False,
[36m(FullyAsyncTaskRunner pid=4806)[0m                                                 'load_contents': ['model',
[36m(FullyAsyncTaskRunner pid=4806)[0m                                                                   'optimizer',
[36m(FullyAsyncTaskRunner pid=4806)[0m                                                                   'extra'],
[36m(FullyAsyncTaskRunner pid=4806)[0m                                                 'save_contents': ['model',
[36m(FullyAsyncTaskRunner pid=4806)[0m                                                                   'optimizer',
[36m(FullyAsyncTaskRunner pid=4806)[0m                                                                   'extra'],
[36m(FullyAsyncTaskRunner pid=4806)[0m                                                 'strict': True},
[36m(FullyAsyncTaskRunner pid=4806)[0m                                  'clip_ratio': 0.2,
[36m(FullyAsyncTaskRunner pid=4806)[0m                                  'clip_ratio_c': 10.0,
[36m(FullyAsyncTaskRunner pid=4806)[0m                                  'clip_ratio_high': 0.28,
[36m(FullyAsyncTaskRunner pid=4806)[0m                                  'clip_ratio_low': 0.2,
[36m(FullyAsyncTaskRunner pid=4806)[0m                                  'data_loader_seed': 42,
[36m(FullyAsyncTaskRunner pid=4806)[0m                                  'entropy_checkpointing': False,
[36m(FullyAsyncTaskRunner pid=4806)[0m                                  'entropy_coeff': 0,
[36m(FullyAsyncTaskRunner pid=4806)[0m                                  'entropy_from_logits_chunk_size': 2048,
[36m(FullyAsyncTaskRunner pid=4806)[0m                                  'entropy_from_logits_with_chunking': False,
[36m(FullyAsyncTaskRunner pid=4806)[0m                                  'freeze_vision_tower': False,
[36m(FullyAsyncTaskRunner pid=4806)[0m                                  'fsdp_config': {'_target_': 'verl.workers.config.FSDPEngineConfig',
[36m(FullyAsyncTaskRunner pid=4806)[0m                                                  'dtype': 'bfloat16',
[36m(FullyAsyncTaskRunner pid=4806)[0m                                                  'entropy_checkpointing': False,
[36m(FullyAsyncTaskRunner pid=4806)[0m                                                  'entropy_from_logits_chunk_size': 2048,
[36m(FullyAsyncTaskRunner pid=4806)[0m                                                  'entropy_from_logits_with_chunking': False,
[36m(FullyAsyncTaskRunner pid=4806)[0m                                                  'forward_only': False,
[36m(FullyAsyncTaskRunner pid=4806)[0m                                                  'forward_prefetch': False,
[36m(FullyAsyncTaskRunner pid=4806)[0m                                                  'fsdp_size': -1,
[36m(FullyAsyncTaskRunner pid=4806)[0m                                                  'full_determinism': False,
[36m(FullyAsyncTaskRunner pid=4806)[0m                                                  'model_dtype': 'fp32',
[36m(FullyAsyncTaskRunner pid=4806)[0m                                                  'offload_policy': False,
[36m(FullyAsyncTaskRunner pid=4806)[0m                                                  'optimizer_offload': False,
[36m(FullyAsyncTaskRunner pid=4806)[0m                                                  'param_offload': False,
[36m(FullyAsyncTaskRunner pid=4806)[0m                                                  'qat': {'_target_': 'verl.workers.config.QATEngineConfig',
[36m(FullyAsyncTaskRunner pid=4806)[0m                                                          'activation_observer': 'static_minmax',
[36m(FullyAsyncTaskRunner pid=4806)[0m                                                          'enable': False,
[36m(FullyAsyncTaskRunner pid=4806)[0m                                                          'group_size': 16,
[36m(FullyAsyncTaskRunner pid=4806)[0m                                                          'ignore_patterns': ['lm_head',
[36m(FullyAsyncTaskRunner pid=4806)[0m                                                                              'embed_tokens',
[36m(FullyAsyncTaskRunner pid=4806)[0m                                                                              're:.*mlp.gate$'],
[36m(FullyAsyncTaskRunner pid=4806)[0m                                                          'mode': 'w4a16',
[36m(FullyAsyncTaskRunner pid=4806)[0m                                                          'quantization_config_path': None},
[36m(FullyAsyncTaskRunner pid=4806)[0m                                                  'reshard_after_forward': True,
[36m(FullyAsyncTaskRunner pid=4806)[0m                                                  'seed': 42,
[36m(FullyAsyncTaskRunner pid=4806)[0m                                                  'strategy': 'fsdp',
[36m(FullyAsyncTaskRunner pid=4806)[0m                                                  'ulysses_sequence_parallel_size': 1,
[36m(FullyAsyncTaskRunner pid=4806)[0m                                                  'use_orig_params': False,
[36m(FullyAsyncTaskRunner pid=4806)[0m                                                  'use_torch_compile': True,
[36m(FullyAsyncTaskRunner pid=4806)[0m                                                  'wrap_policy': {'min_num_params': 0}},
[36m(FullyAsyncTaskRunner pid=4806)[0m                                  'grad_clip': 1.0,
[36m(FullyAsyncTaskRunner pid=4806)[0m                                  'kl_loss_coef': 0.0,
[36m(FullyAsyncTaskRunner pid=4806)[0m                                  'kl_loss_type': 'low_var_kl',
[36m(FullyAsyncTaskRunner pid=4806)[0m                                  'loss_agg_mode': 'token-mean',
[36m(FullyAsyncTaskRunner pid=4806)[0m                                  'loss_scale_factor': None,
[36m(FullyAsyncTaskRunner pid=4806)[0m                                  'optim': {'_target_': 'verl.workers.config.FSDPOptimizerConfig',
[36m(FullyAsyncTaskRunner pid=4806)[0m                                            'betas': [0.9, 0.999],
[36m(FullyAsyncTaskRunner pid=4806)[0m                                            'clip_grad': 1.0,
[36m(FullyAsyncTaskRunner pid=4806)[0m                                            'lr': 1e-06,
[36m(FullyAsyncTaskRunner pid=4806)[0m                                            'lr_scheduler_type': 'constant',
[36m(FullyAsyncTaskRunner pid=4806)[0m                                            'lr_warmup_steps': -1,
[36m(FullyAsyncTaskRunner pid=4806)[0m                                            'lr_warmup_steps_ratio': 0.0,
[36m(FullyAsyncTaskRunner pid=4806)[0m                                            'min_lr_ratio': 0.0,
[36m(FullyAsyncTaskRunner pid=4806)[0m                                            'num_cycles': 0.5,
[36m(FullyAsyncTaskRunner pid=4806)[0m                                            'optimizer': 'AdamW',
[36m(FullyAsyncTaskRunner pid=4806)[0m                                            'optimizer_impl': 'torch.optim',
[36m(FullyAsyncTaskRunner pid=4806)[0m                                            'override_optimizer_config': None,
[36m(FullyAsyncTaskRunner pid=4806)[0m                                            'total_training_steps': -1,
[36m(FullyAsyncTaskRunner pid=4806)[0m                                            'warmup_style': None,
[36m(FullyAsyncTaskRunner pid=4806)[0m                                            'weight_decay': 0.1,
[36m(FullyAsyncTaskRunner pid=4806)[0m                                            'zero_indexed_step': True},
[36m(FullyAsyncTaskRunner pid=4806)[0m                                  'policy_loss': {'_target_': 'verl.workers.config.PolicyLossConfig',
[36m(FullyAsyncTaskRunner pid=4806)[0m                                                  'clip_cov_lb': 1.0,
[36m(FullyAsyncTaskRunner pid=4806)[0m                                                  'clip_cov_ratio': 0.0002,
[36m(FullyAsyncTaskRunner pid=4806)[0m                                                  'clip_cov_ub': 5.0,
[36m(FullyAsyncTaskRunner pid=4806)[0m                                                  'kl_cov_ratio': 0.0002,
[36m(FullyAsyncTaskRunner pid=4806)[0m                                                  'loss_mode': 'vanilla',
[36m(FullyAsyncTaskRunner pid=4806)[0m                                                  'ppo_kl_coef': 0.1},
[36m(FullyAsyncTaskRunner pid=4806)[0m                                  'ppo_epochs': 2,
[36m(FullyAsyncTaskRunner pid=4806)[0m                                  'ppo_max_token_len_per_gpu': 16384,
[36m(FullyAsyncTaskRunner pid=4806)[0m                                  'ppo_micro_batch_size': None,
[36m(FullyAsyncTaskRunner pid=4806)[0m                                  'ppo_micro_batch_size_per_gpu': 1,
[36m(FullyAsyncTaskRunner pid=4806)[0m                                  'ppo_mini_batch_size': 64,
[36m(FullyAsyncTaskRunner pid=4806)[0m                                  'profiler': {'_target_': 'verl.utils.profiler.ProfilerConfig',
[36m(FullyAsyncTaskRunner pid=4806)[0m                                               'all_ranks': False,
[36m(FullyAsyncTaskRunner pid=4806)[0m                                               'enable': False,
[36m(FullyAsyncTaskRunner pid=4806)[0m                                               'ranks': [],
[36m(FullyAsyncTaskRunner pid=4806)[0m                                               'save_path': 'outputs/profile',
[36m(FullyAsyncTaskRunner pid=4806)[0m                                               'tool': None,
[36m(FullyAsyncTaskRunner pid=4806)[0m                                               'tool_config': {'npu': {'_target_': 'verl.utils.profiler.config.NPUToolConfig',
[36m(FullyAsyncTaskRunner pid=4806)[0m                                                                       'analysis': True,
[36m(FullyAsyncTaskRunner pid=4806)[0m                                                                       'contents': [],
[36m(FullyAsyncTaskRunner pid=4806)[0m                                                                       'discrete': False,
[36m(FullyAsyncTaskRunner pid=4806)[0m                                                                       'level': 'level0'},
[36m(FullyAsyncTaskRunner pid=4806)[0m                                                               'nsys': {'_target_': 'verl.utils.profiler.config.NsightToolConfig',
[36m(FullyAsyncTaskRunner pid=4806)[0m                                                                        'discrete': False},
[36m(FullyAsyncTaskRunner pid=4806)[0m                                                               'precision_debugger': {'_target_': 'verl.utils.profiler.config.PrecisionDebuggerToolConfig',
[36m(FullyAsyncTaskRunner pid=4806)[0m                                                                                      'config_path': None,
[36m(FullyAsyncTaskRunner pid=4806)[0m                                                                                      'stages': None,
[36m(FullyAsyncTaskRunner pid=4806)[0m                                                                                      'steps': None,
[36m(FullyAsyncTaskRunner pid=4806)[0m                                                                                      'strict': False},
[36m(FullyAsyncTaskRunner pid=4806)[0m                                                               'torch': {'_target_': 'verl.utils.profiler.config.TorchProfilerToolConfig',
[36m(FullyAsyncTaskRunner pid=4806)[0m                                                                         'contents': [],
[36m(FullyAsyncTaskRunner pid=4806)[0m                                                                         'discrete': False},
[36m(FullyAsyncTaskRunner pid=4806)[0m                                                               'torch_memory': {'_target_': 'verl.utils.profiler.config.TorchMemoryToolConfig',
[36m(FullyAsyncTaskRunner pid=4806)[0m                                                                                'stack_depth': 32,
[36m(FullyAsyncTaskRunner pid=4806)[0m                                                                                'trace_alloc_max_entries': 100000}}},
[36m(FullyAsyncTaskRunner pid=4806)[0m                                  'qat': {'activation_observer': 'static_minmax',
[36m(FullyAsyncTaskRunner pid=4806)[0m                                          'enable': False,
[36m(FullyAsyncTaskRunner pid=4806)[0m                                          'group_size': 16,
[36m(FullyAsyncTaskRunner pid=4806)[0m                                          'ignore_patterns': ['lm_head',
[36m(FullyAsyncTaskRunner pid=4806)[0m                                                              'embed_tokens',
[36m(FullyAsyncTaskRunner pid=4806)[0m                                                              're:.*mlp.gate$'],
[36m(FullyAsyncTaskRunner pid=4806)[0m                                          'mode': 'w4a16',
[36m(FullyAsyncTaskRunner pid=4806)[0m                                          'quantization_config_path': None},
[36m(FullyAsyncTaskRunner pid=4806)[0m                                  'rollout_n': 16,
[36m(FullyAsyncTaskRunner pid=4806)[0m                                  'router_replay': {'_target_': 'verl.workers.config.RouterReplayConfig',
[36m(FullyAsyncTaskRunner pid=4806)[0m                                                    'mode': 'disabled',
[36m(FullyAsyncTaskRunner pid=4806)[0m                                                    'record_file': None,
[36m(FullyAsyncTaskRunner pid=4806)[0m                                                    'replay_file': None},
[36m(FullyAsyncTaskRunner pid=4806)[0m                                  'shuffle': False,
[36m(FullyAsyncTaskRunner pid=4806)[0m                                  'strategy': 'fsdp',
[36m(FullyAsyncTaskRunner pid=4806)[0m                                  'tau_neg': 1.05,
[36m(FullyAsyncTaskRunner pid=4806)[0m                                  'tau_pos': 1.0,
[36m(FullyAsyncTaskRunner pid=4806)[0m                                  'ulysses_sequence_parallel_size': 1,
[36m(FullyAsyncTaskRunner pid=4806)[0m                                  'use_dynamic_bsz': True,
[36m(FullyAsyncTaskRunner pid=4806)[0m                                  'use_fused_kernels': False,
[36m(FullyAsyncTaskRunner pid=4806)[0m                                  'use_kl_loss': False,
[36m(FullyAsyncTaskRunner pid=4806)[0m                                  'use_prefix_grouper': False,
[36m(FullyAsyncTaskRunner pid=4806)[0m                                  'use_remove_padding': True,
[36m(FullyAsyncTaskRunner pid=4806)[0m                                  'use_rollout_log_probs': True,
[36m(FullyAsyncTaskRunner pid=4806)[0m                                  'use_torch_compile': True},
[36m(FullyAsyncTaskRunner pid=4806)[0m                        'hybrid_engine': False,
[36m(FullyAsyncTaskRunner pid=4806)[0m                        'model': {'_target_': 'verl.workers.config.HFModelConfig',
[36m(FullyAsyncTaskRunner pid=4806)[0m                                  'custom_chat_template': None,
[36m(FullyAsyncTaskRunner pid=4806)[0m                                  'enable_activation_offload': False,
[36m(FullyAsyncTaskRunner pid=4806)[0m                                  'enable_gradient_checkpointing': True,
[36m(FullyAsyncTaskRunner pid=4806)[0m                                  'exclude_modules': None,
[36m(FullyAsyncTaskRunner pid=4806)[0m                                  'external_lib': None,
[36m(FullyAsyncTaskRunner pid=4806)[0m                                  'fused_kernel_options': {'impl_backend': 'torch'},
[36m(FullyAsyncTaskRunner pid=4806)[0m                                  'hf_config_path': None,
[36m(FullyAsyncTaskRunner pid=4806)[0m                                  'lora': {'a2a_experimental': False,
[36m(FullyAsyncTaskRunner pid=4806)[0m                                           'adapter_path': None,
[36m(FullyAsyncTaskRunner pid=4806)[0m                                           'alpha': 32,
[36m(FullyAsyncTaskRunner pid=4806)[0m                                           'dropout': 0.0,
[36m(FullyAsyncTaskRunner pid=4806)[0m                                           'dropout_position': 'pre',
[36m(FullyAsyncTaskRunner pid=4806)[0m                                           'dtype': None,
[36m(FullyAsyncTaskRunner pid=4806)[0m                                           'exclude_modules': [],
[36m(FullyAsyncTaskRunner pid=4806)[0m                                           'freeze_language_model': True,
[36m(FullyAsyncTaskRunner pid=4806)[0m                                           'freeze_vision_model': True,
[36m(FullyAsyncTaskRunner pid=4806)[0m                                           'freeze_vision_projection': True,
[36m(FullyAsyncTaskRunner pid=4806)[0m                                           'lora_A_init_method': 'xavier',
[36m(FullyAsyncTaskRunner pid=4806)[0m                                           'lora_B_init_method': 'zero',
[36m(FullyAsyncTaskRunner pid=4806)[0m                                           'merge': False,
[36m(FullyAsyncTaskRunner pid=4806)[0m                                           'rank': 0,
[36m(FullyAsyncTaskRunner pid=4806)[0m                                           'target_modules': ['linear_qkv',
[36m(FullyAsyncTaskRunner pid=4806)[0m                                                              'linear_proj',
[36m(FullyAsyncTaskRunner pid=4806)[0m                                                              'linear_fc1',
[36m(FullyAsyncTaskRunner pid=4806)[0m                                                              'linear_fc2'],
[36m(FullyAsyncTaskRunner pid=4806)[0m                                           'type': 'lora'},
[36m(FullyAsyncTaskRunner pid=4806)[0m                                  'lora_adapter_path': None,
[36m(FullyAsyncTaskRunner pid=4806)[0m                                  'lora_alpha': 16,
[36m(FullyAsyncTaskRunner pid=4806)[0m                                  'lora_rank': 0,
[36m(FullyAsyncTaskRunner pid=4806)[0m                                  'mtp': {'_target_': 'verl.workers.config.MtpConfig',
[36m(FullyAsyncTaskRunner pid=4806)[0m                                          'detach_encoder': False,
[36m(FullyAsyncTaskRunner pid=4806)[0m                                          'enable': False,
[36m(FullyAsyncTaskRunner pid=4806)[0m                                          'enable_rollout': False,
[36m(FullyAsyncTaskRunner pid=4806)[0m                                          'enable_train': False,
[36m(FullyAsyncTaskRunner pid=4806)[0m                                          'method': 'mtp',
[36m(FullyAsyncTaskRunner pid=4806)[0m                                          'mtp_loss_scaling_factor': 0.1,
[36m(FullyAsyncTaskRunner pid=4806)[0m                                          'num_speculative_tokens': 1,
[36m(FullyAsyncTaskRunner pid=4806)[0m                                          'speculative_algorithm': 'EAGLE',
[36m(FullyAsyncTaskRunner pid=4806)[0m                                          'speculative_eagle_topk': 1,
[36m(FullyAsyncTaskRunner pid=4806)[0m                                          'speculative_num_draft_tokens': 4,
[36m(FullyAsyncTaskRunner pid=4806)[0m                                          'speculative_num_steps': 3},
[36m(FullyAsyncTaskRunner pid=4806)[0m                                  'override_config': {},
[36m(FullyAsyncTaskRunner pid=4806)[0m                                  'path': '/workspace/models/Qwen2.5-0.5B-Instruct',
[36m(FullyAsyncTaskRunner pid=4806)[0m                                  'target_modules': 'all-linear',
[36m(FullyAsyncTaskRunner pid=4806)[0m                                  'tiled_mlp': {'enabled': False,
[36m(FullyAsyncTaskRunner pid=4806)[0m                                                'num_shards': 4},
[36m(FullyAsyncTaskRunner pid=4806)[0m                                  'tokenizer_path': None,
[36m(FullyAsyncTaskRunner pid=4806)[0m                                  'trust_remote_code': False,
[36m(FullyAsyncTaskRunner pid=4806)[0m                                  'use_fused_kernels': False,
[36m(FullyAsyncTaskRunner pid=4806)[0m                                  'use_liger': False,
[36m(FullyAsyncTaskRunner pid=4806)[0m                                  'use_remove_padding': True,
[36m(FullyAsyncTaskRunner pid=4806)[0m                                  'use_shm': False},
[36m(FullyAsyncTaskRunner pid=4806)[0m                        'nccl_timeout': 600,
[36m(FullyAsyncTaskRunner pid=4806)[0m                        'ref': {'_target_': 'verl.workers.config.FSDPActorConfig',
[36m(FullyAsyncTaskRunner pid=4806)[0m                                'entropy_checkpointing': False,
[36m(FullyAsyncTaskRunner pid=4806)[0m                                'entropy_from_logits_chunk_size': 2048,
[36m(FullyAsyncTaskRunner pid=4806)[0m                                'entropy_from_logits_with_chunking': False,
[36m(FullyAsyncTaskRunner pid=4806)[0m                                'fsdp_config': {'_target_': 'verl.workers.config.FSDPEngineConfig',
[36m(FullyAsyncTaskRunner pid=4806)[0m                                                'dtype': 'bfloat16',
[36m(FullyAsyncTaskRunner pid=4806)[0m                                                'entropy_checkpointing': False,
[36m(FullyAsyncTaskRunner pid=4806)[0m                                                'entropy_from_logits_chunk_size': 2048,
[36m(FullyAsyncTaskRunner pid=4806)[0m                                                'entropy_from_logits_with_chunking': False,
[36m(FullyAsyncTaskRunner pid=4806)[0m                                                'forward_only': True,
[36m(FullyAsyncTaskRunner pid=4806)[0m                                                'forward_prefetch': False,
[36m(FullyAsyncTaskRunner pid=4806)[0m                                                'fsdp_size': -1,
[36m(FullyAsyncTaskRunner pid=4806)[0m                                                'full_determinism': False,
[36m(FullyAsyncTaskRunner pid=4806)[0m                                                'model_dtype': 'fp32',
[36m(FullyAsyncTaskRunner pid=4806)[0m                                                'offload_policy': False,
[36m(FullyAsyncTaskRunner pid=4806)[0m                                                'optimizer_offload': False,
[36m(FullyAsyncTaskRunner pid=4806)[0m                                                'param_offload': False,
[36m(FullyAsyncTaskRunner pid=4806)[0m                                                'qat': {'_target_': 'verl.workers.config.QATEngineConfig',
[36m(FullyAsyncTaskRunner pid=4806)[0m                                                        'activation_observer': 'static_minmax',
[36m(FullyAsyncTaskRunner pid=4806)[0m                                                        'enable': False,
[36m(FullyAsyncTaskRunner pid=4806)[0m                                                        'group_size': 16,
[36m(FullyAsyncTaskRunner pid=4806)[0m                                                        'ignore_patterns': ['lm_head',
[36m(FullyAsyncTaskRunner pid=4806)[0m                                                                            'embed_tokens',
[36m(FullyAsyncTaskRunner pid=4806)[0m                                                                            're:.*mlp.gate$'],
[36m(FullyAsyncTaskRunner pid=4806)[0m                                                        'mode': 'w4a16',
[36m(FullyAsyncTaskRunner pid=4806)[0m                                                        'quantization_config_path': None},
[36m(FullyAsyncTaskRunner pid=4806)[0m                                                'reshard_after_forward': True,
[36m(FullyAsyncTaskRunner pid=4806)[0m                                                'seed': 42,
[36m(FullyAsyncTaskRunner pid=4806)[0m                                                'strategy': 'fsdp',
[36m(FullyAsyncTaskRunner pid=4806)[0m                                                'ulysses_sequence_parallel_size': 1,
[36m(FullyAsyncTaskRunner pid=4806)[0m                                                'use_orig_params': False,
[36m(FullyAsyncTaskRunner pid=4806)[0m                                                'use_torch_compile': True,
[36m(FullyAsyncTaskRunner pid=4806)[0m                                                'wrap_policy': {'min_num_params': 0}},
[36m(FullyAsyncTaskRunner pid=4806)[0m                                'log_prob_max_token_len_per_gpu': 16384,
[36m(FullyAsyncTaskRunner pid=4806)[0m                                'log_prob_micro_batch_size': None,
[36m(FullyAsyncTaskRunner pid=4806)[0m                                'log_prob_micro_batch_size_per_gpu': None,
[36m(FullyAsyncTaskRunner pid=4806)[0m                                'log_prob_use_dynamic_bsz': True,
[36m(FullyAsyncTaskRunner pid=4806)[0m                                'profiler': {'_target_': 'verl.utils.profiler.ProfilerConfig',
[36m(FullyAsyncTaskRunner pid=4806)[0m                                             'all_ranks': False,
[36m(FullyAsyncTaskRunner pid=4806)[0m                                             'enable': False,
[36m(FullyAsyncTaskRunner pid=4806)[0m                                             'ranks': [],
[36m(FullyAsyncTaskRunner pid=4806)[0m                                             'save_path': 'outputs/profile',
[36m(FullyAsyncTaskRunner pid=4806)[0m                                             'tool': None,
[36m(FullyAsyncTaskRunner pid=4806)[0m                                             'tool_config': {'npu': {'_target_': 'verl.utils.profiler.config.NPUToolConfig',
[36m(FullyAsyncTaskRunner pid=4806)[0m                                                                     'analysis': True,
[36m(FullyAsyncTaskRunner pid=4806)[0m                                                                     'contents': [],
[36m(FullyAsyncTaskRunner pid=4806)[0m                                                                     'discrete': False,
[36m(FullyAsyncTaskRunner pid=4806)[0m                                                                     'level': 'level0'},
[36m(FullyAsyncTaskRunner pid=4806)[0m                                                             'nsys': {'_target_': 'verl.utils.profiler.config.NsightToolConfig',
[36m(FullyAsyncTaskRunner pid=4806)[0m                                                                      'discrete': False},
[36m(FullyAsyncTaskRunner pid=4806)[0m                                                             'precision_debugger': {'_target_': 'verl.utils.profiler.config.PrecisionDebuggerToolConfig',
[36m(FullyAsyncTaskRunner pid=4806)[0m                                                                                    'config_path': None,
[36m(FullyAsyncTaskRunner pid=4806)[0m                                                                                    'stages': None,
[36m(FullyAsyncTaskRunner pid=4806)[0m                                                                                    'steps': None,
[36m(FullyAsyncTaskRunner pid=4806)[0m                                                                                    'strict': False},
[36m(FullyAsyncTaskRunner pid=4806)[0m                                                             'torch': {'_target_': 'verl.utils.profiler.config.TorchProfilerToolConfig',
[36m(FullyAsyncTaskRunner pid=4806)[0m                                                                       'contents': [],
[36m(FullyAsyncTaskRunner pid=4806)[0m                                                                       'discrete': False},
[36m(FullyAsyncTaskRunner pid=4806)[0m                                                             'torch_memory': {'_target_': 'verl.utils.profiler.config.TorchMemoryToolConfig',
[36m(FullyAsyncTaskRunner pid=4806)[0m                                                                              'stack_depth': 32,
[36m(FullyAsyncTaskRunner pid=4806)[0m                                                                              'trace_alloc_max_entries': 100000}}},
[36m(FullyAsyncTaskRunner pid=4806)[0m                                'rollout_n': 16,
[36m(FullyAsyncTaskRunner pid=4806)[0m                                'router_replay': {'_target_': 'verl.workers.config.RouterReplayConfig',
[36m(FullyAsyncTaskRunner pid=4806)[0m                                                  'mode': 'disabled',
[36m(FullyAsyncTaskRunner pid=4806)[0m                                                  'record_file': None,
[36m(FullyAsyncTaskRunner pid=4806)[0m                                                  'replay_file': None},
[36m(FullyAsyncTaskRunner pid=4806)[0m                                'strategy': 'fsdp',
[36m(FullyAsyncTaskRunner pid=4806)[0m                                'ulysses_sequence_parallel_size': 1,
[36m(FullyAsyncTaskRunner pid=4806)[0m                                'use_torch_compile': True},
[36m(FullyAsyncTaskRunner pid=4806)[0m                        'rollout': {'_target_': 'verl.workers.config.RolloutConfig',
[36m(FullyAsyncTaskRunner pid=4806)[0m                                    'agent': {'_target_': 'verl.workers.config.AgentLoopConfig',
[36m(FullyAsyncTaskRunner pid=4806)[0m                                              'agent_loop_config_path': None,
[36m(FullyAsyncTaskRunner pid=4806)[0m                                              'custom_async_server': {'_target_': 'verl.workers.config.CustomAsyncServerConfig',
[36m(FullyAsyncTaskRunner pid=4806)[0m                                                                      'name': None,
[36m(FullyAsyncTaskRunner pid=4806)[0m                                                                      'path': None},
[36m(FullyAsyncTaskRunner pid=4806)[0m                                              'default_agent_loop': 'single_turn_agent',
[36m(FullyAsyncTaskRunner pid=4806)[0m                                              'num_workers': 8},
[36m(FullyAsyncTaskRunner pid=4806)[0m                                    'calculate_log_probs': True,
[36m(FullyAsyncTaskRunner pid=4806)[0m                                    'checkpoint_engine': {'_target_': 'verl.workers.config.CheckpointEngineConfig',
[36m(FullyAsyncTaskRunner pid=4806)[0m                                                          'backend': 'nccl',
[36m(FullyAsyncTaskRunner pid=4806)[0m                                                          'custom_backend_module': None,
[36m(FullyAsyncTaskRunner pid=4806)[0m                                                          'engine_kwargs': {},
[36m(FullyAsyncTaskRunner pid=4806)[0m                                                          'update_weights_bucket_megabytes': 2048},
[36m(FullyAsyncTaskRunner pid=4806)[0m                                    'cudagraph_capture_sizes': None,
[36m(FullyAsyncTaskRunner pid=4806)[0m                                    'data_parallel_size': 1,
[36m(FullyAsyncTaskRunner pid=4806)[0m                                    'disable_log_stats': True,
[36m(FullyAsyncTaskRunner pid=4806)[0m                                    'disaggregation': {'bootstrap_port': None,
[36m(FullyAsyncTaskRunner pid=4806)[0m                                                       'decode_replicas': 1,
[36m(FullyAsyncTaskRunner pid=4806)[0m                                                       'decode_tensor_model_parallel_size': None,
[36m(FullyAsyncTaskRunner pid=4806)[0m                                                       'enabled': False,
[36m(FullyAsyncTaskRunner pid=4806)[0m                                                       'ib_device': None,
[36m(FullyAsyncTaskRunner pid=4806)[0m                                                       'prefill_replicas': 1,
[36m(FullyAsyncTaskRunner pid=4806)[0m                                                       'transfer_backend': 'nixl'},
[36m(FullyAsyncTaskRunner pid=4806)[0m                                    'do_sample': True,
[36m(FullyAsyncTaskRunner pid=4806)[0m                                    'dtype': 'bfloat16',
[36m(FullyAsyncTaskRunner pid=4806)[0m                                    'enable_chunked_prefill': True,
[36m(FullyAsyncTaskRunner pid=4806)[0m                                    'enable_prefix_caching': True,
[36m(FullyAsyncTaskRunner pid=4806)[0m                                    'enable_rollout_routing_replay': False,
[36m(FullyAsyncTaskRunner pid=4806)[0m                                    'enforce_eager': False,
[36m(FullyAsyncTaskRunner pid=4806)[0m                                    'engine_kwargs': {'sglang': {},
[36m(FullyAsyncTaskRunner pid=4806)[0m                                                      'trtllm': {},
[36m(FullyAsyncTaskRunner pid=4806)[0m                                                      'vllm': {}},
[36m(FullyAsyncTaskRunner pid=4806)[0m                                    'expert_parallel_size': 1,
[36m(FullyAsyncTaskRunner pid=4806)[0m                                    'free_cache_engine': True,
[36m(FullyAsyncTaskRunner pid=4806)[0m                                    'full_determinism': False,
[36m(FullyAsyncTaskRunner pid=4806)[0m                                    'gpu_memory_utilization': 0.4,
[36m(FullyAsyncTaskRunner pid=4806)[0m                                    'ignore_eos': False,
[36m(FullyAsyncTaskRunner pid=4806)[0m                                    'layered_summon': False,
[36m(FullyAsyncTaskRunner pid=4806)[0m                                    'load_format': 'dummy',
[36m(FullyAsyncTaskRunner pid=4806)[0m                                    'log_prob_max_token_len_per_gpu': 16384,
[36m(FullyAsyncTaskRunner pid=4806)[0m                                    'log_prob_micro_batch_size': None,
[36m(FullyAsyncTaskRunner pid=4806)[0m                                    'log_prob_micro_batch_size_per_gpu': None,
[36m(FullyAsyncTaskRunner pid=4806)[0m                                    'log_prob_use_dynamic_bsz': True,
[36m(FullyAsyncTaskRunner pid=4806)[0m                                    'logprobs_mode': 'processed_logprobs',
[36m(FullyAsyncTaskRunner pid=4806)[0m                                    'max_model_len': None,
[36m(FullyAsyncTaskRunner pid=4806)[0m                                    'max_num_batched_tokens': 8192,
[36m(FullyAsyncTaskRunner pid=4806)[0m                                    'max_num_seqs': 1024,
[36m(FullyAsyncTaskRunner pid=4806)[0m                                    'mode': 'async',
[36m(FullyAsyncTaskRunner pid=4806)[0m                                    'moe_load_balance_metrics_interval': 0,
[36m(FullyAsyncTaskRunner pid=4806)[0m                                    'mtp': {'_target_': 'verl.workers.config.MtpConfig',
[36m(FullyAsyncTaskRunner pid=4806)[0m                                            'detach_encoder': False,
[36m(FullyAsyncTaskRunner pid=4806)[0m                                            'enable': False,
[36m(FullyAsyncTaskRunner pid=4806)[0m                                            'enable_rollout': False,
[36m(FullyAsyncTaskRunner pid=4806)[0m                                            'enable_train': False,
[36m(FullyAsyncTaskRunner pid=4806)[0m                                            'method': 'mtp',
[36m(FullyAsyncTaskRunner pid=4806)[0m                                            'mtp_loss_scaling_factor': 0.1,
[36m(FullyAsyncTaskRunner pid=4806)[0m                                            'num_speculative_tokens': 1,
[36m(FullyAsyncTaskRunner pid=4806)[0m                                            'speculative_algorithm': 'EAGLE',
[36m(FullyAsyncTaskRunner pid=4806)[0m                                            'speculative_eagle_topk': 1,
[36m(FullyAsyncTaskRunner pid=4806)[0m                                            'speculative_num_draft_tokens': 4,
[36m(FullyAsyncTaskRunner pid=4806)[0m                                            'speculative_num_steps': 3},
[36m(FullyAsyncTaskRunner pid=4806)[0m                                    'multi_stage_wake_up': False,
[36m(FullyAsyncTaskRunner pid=4806)[0m                                    'multi_turn': {'_target_': 'verl.workers.config.MultiTurnConfig',
[36m(FullyAsyncTaskRunner pid=4806)[0m                                                   'enable': False,
[36m(FullyAsyncTaskRunner pid=4806)[0m                                                   'format': 'hermes',
[36m(FullyAsyncTaskRunner pid=4806)[0m                                                   'function_tool_path': None,
[36m(FullyAsyncTaskRunner pid=4806)[0m                                                   'max_assistant_turns': None,
[36m(FullyAsyncTaskRunner pid=4806)[0m                                                   'max_parallel_calls': 1,
[36m(FullyAsyncTaskRunner pid=4806)[0m                                                   'max_tool_response_length': 256,
[36m(FullyAsyncTaskRunner pid=4806)[0m                                                   'max_user_turns': None,
[36m(FullyAsyncTaskRunner pid=4806)[0m                                                   'num_repeat_rollouts': None,
[36m(FullyAsyncTaskRunner pid=4806)[0m                                                   'tokenization_sanity_check_mode': 'strict',
[36m(FullyAsyncTaskRunner pid=4806)[0m                                                   'tool_config_path': None,
[36m(FullyAsyncTaskRunner pid=4806)[0m                                                   'tool_response_truncate_side': 'middle',
[36m(FullyAsyncTaskRunner pid=4806)[0m                                                   'use_inference_chat_template': False},
[36m(FullyAsyncTaskRunner pid=4806)[0m                                    'n': 16,
[36m(FullyAsyncTaskRunner pid=4806)[0m                                    'n_gpus_per_node': 1,
[36m(FullyAsyncTaskRunner pid=4806)[0m                                    'name': 'vllm',
[36m(FullyAsyncTaskRunner pid=4806)[0m                                    'nnodes': 1,
[36m(FullyAsyncTaskRunner pid=4806)[0m                                    'over_sample_rate': 0,
[36m(FullyAsyncTaskRunner pid=4806)[0m                                    'pipeline_model_parallel_size': 1,
[36m(FullyAsyncTaskRunner pid=4806)[0m                                    'profiler': {'_target_': 'verl.utils.profiler.ProfilerConfig',
[36m(FullyAsyncTaskRunner pid=4806)[0m                                                 'all_ranks': False,
[36m(FullyAsyncTaskRunner pid=4806)[0m                                                 'enable': False,
[36m(FullyAsyncTaskRunner pid=4806)[0m                                                 'ranks': [],
[36m(FullyAsyncTaskRunner pid=4806)[0m                                                 'save_path': 'outputs/profile',
[36m(FullyAsyncTaskRunner pid=4806)[0m                                                 'tool': None,
[36m(FullyAsyncTaskRunner pid=4806)[0m                                                 'tool_config': {'npu': {'_target_': 'verl.utils.profiler.config.NPUToolConfig',
[36m(FullyAsyncTaskRunner pid=4806)[0m                                                                         'analysis': True,
[36m(FullyAsyncTaskRunner pid=4806)[0m                                                                         'contents': [],
[36m(FullyAsyncTaskRunner pid=4806)[0m                                                                         'discrete': False,
[36m(FullyAsyncTaskRunner pid=4806)[0m                                                                         'level': 'level0',
[36m(FullyAsyncTaskRunner pid=4806)[0m                                                                         'profile_token_end': None,
[36m(FullyAsyncTaskRunner pid=4806)[0m                                                                         'profile_token_start': None},
[36m(FullyAsyncTaskRunner pid=4806)[0m                                                                 'precision_debugger': {'_target_': 'verl.utils.profiler.config.PrecisionDebuggerToolConfig',
[36m(FullyAsyncTaskRunner pid=4806)[0m                                                                                        'config_path': None,
[36m(FullyAsyncTaskRunner pid=4806)[0m                                                                                        'stages': None,
[36m(FullyAsyncTaskRunner pid=4806)[0m                                                                                        'steps': None,
[36m(FullyAsyncTaskRunner pid=4806)[0m                                                                                        'strict': False},
[36m(FullyAsyncTaskRunner pid=4806)[0m                                                                 'torch': {'_target_': 'verl.utils.profiler.config.TorchProfilerToolConfig',
[36m(FullyAsyncTaskRunner pid=4806)[0m                                                                           'contents': [],
[36m(FullyAsyncTaskRunner pid=4806)[0m                                                                           'discrete': False,
[36m(FullyAsyncTaskRunner pid=4806)[0m                                                                           'profile_token_end': None,
[36m(FullyAsyncTaskRunner pid=4806)[0m                                                                           'profile_token_start': None}}},
[36m(FullyAsyncTaskRunner pid=4806)[0m                                    'prometheus': {'_target_': 'verl.workers.config.PrometheusConfig',
[36m(FullyAsyncTaskRunner pid=4806)[0m                                                   'enable': False,
[36m(FullyAsyncTaskRunner pid=4806)[0m                                                   'file': '/tmp/ray/session_latest/metrics/prometheus/prometheus.yml',
[36m(FullyAsyncTaskRunner pid=4806)[0m                                                   'port': 9090,
[36m(FullyAsyncTaskRunner pid=4806)[0m                                                   'served_model_name': '/workspace/models/Qwen2.5-0.5B-Instruct'},
[36m(FullyAsyncTaskRunner pid=4806)[0m                                    'prompt_length': 2048,
[36m(FullyAsyncTaskRunner pid=4806)[0m                                    'qat': {'_target_': 'verl.workers.config.QATEngineConfig',
[36m(FullyAsyncTaskRunner pid=4806)[0m                                            'activation_observer': 'static_minmax',
[36m(FullyAsyncTaskRunner pid=4806)[0m                                            'enable': False,
[36m(FullyAsyncTaskRunner pid=4806)[0m                                            'group_size': 16,
[36m(FullyAsyncTaskRunner pid=4806)[0m                                            'ignore_patterns': ['lm_head',
[36m(FullyAsyncTaskRunner pid=4806)[0m                                                                'embed_tokens',
[36m(FullyAsyncTaskRunner pid=4806)[0m                                                                're:.*mlp.gate$'],
[36m(FullyAsyncTaskRunner pid=4806)[0m                                            'mode': 'w4a16',
[36m(FullyAsyncTaskRunner pid=4806)[0m                                            'quantization_config_path': None},
[36m(FullyAsyncTaskRunner pid=4806)[0m                                    'quantization': None,
[36m(FullyAsyncTaskRunner pid=4806)[0m                                    'quantization_config_file': None,
[36m(FullyAsyncTaskRunner pid=4806)[0m                                    'response_length': 4096,
[36m(FullyAsyncTaskRunner pid=4806)[0m                                    'scheduling_policy': 'fcfs',
[36m(FullyAsyncTaskRunner pid=4806)[0m                                    'seed': 42,
[36m(FullyAsyncTaskRunner pid=4806)[0m                                    'skip_tokenizer_init': True,
[36m(FullyAsyncTaskRunner pid=4806)[0m                                    'temperature': 1.0,
[36m(FullyAsyncTaskRunner pid=4806)[0m                                    'tensor_model_parallel_size': 1,
[36m(FullyAsyncTaskRunner pid=4806)[0m                                    'top_k': -1,
[36m(FullyAsyncTaskRunner pid=4806)[0m                                    'top_p': 1.0,
[36m(FullyAsyncTaskRunner pid=4806)[0m                                    'trace': {'_target_': 'verl.workers.config.TraceConfig',
[36m(FullyAsyncTaskRunner pid=4806)[0m                                              'backend': None,
[36m(FullyAsyncTaskRunner pid=4806)[0m                                              'experiment_name': 'qwen7b-dapo-mode1',
[36m(FullyAsyncTaskRunner pid=4806)[0m                                              'max_samples_per_step_per_worker': None,
[36m(FullyAsyncTaskRunner pid=4806)[0m                                              'project_name': 'disagg-sync-benchmark',
[36m(FullyAsyncTaskRunner pid=4806)[0m                                              'token2text': False},
[36m(FullyAsyncTaskRunner pid=4806)[0m                                    'val_kwargs': {'_target_': 'verl.workers.config.SamplingConfig',
[36m(FullyAsyncTaskRunner pid=4806)[0m                                                   'do_sample': False,
[36m(FullyAsyncTaskRunner pid=4806)[0m                                                   'n': 1,
[36m(FullyAsyncTaskRunner pid=4806)[0m                                                   'temperature': 0,
[36m(FullyAsyncTaskRunner pid=4806)[0m                                                   'top_k': -1,
[36m(FullyAsyncTaskRunner pid=4806)[0m                                                   'top_p': 1.0}}},
[36m(FullyAsyncTaskRunner pid=4806)[0m  'algorithm': {'_target_': 'verl.trainer.config.AlgoConfig',
[36m(FullyAsyncTaskRunner pid=4806)[0m                'adv_estimator': 'grpo',
[36m(FullyAsyncTaskRunner pid=4806)[0m                'gamma': 1.0,
[36m(FullyAsyncTaskRunner pid=4806)[0m                'kl_ctrl': {'_target_': 'verl.trainer.config.KLControlConfig'
[36m(FullyAsyncTaskRunner pid=4806)[0m ,
[36m(FullyAsyncTaskRunner pid=4806)[0m                            
[36m(FullyAsyncTaskRunner pid=4806)[0m 'horizon': 10000,
[36m(FullyAsyncTaskRunner pid=4806)[0m                            'kl_coef': 0.0,
[36m(FullyAsyncTaskRunner pid=4806)[0m                            'target_kl': 0.1,
[36m(FullyAsyncTaskRunner pid=4806)[0m                            'type': 'fixed'},
[36m(FullyAsyncTaskRunner pid=4806)[0m                'kl_penalty': 'kl',
[36m(FullyAsyncTaskRunner pid=4806)[0m                'lam': 1.0,
[36m(FullyAsyncTaskRunner pid=4806)[0m                'norm_adv_by_std_in_grpo': True,
[36m(FullyAsyncTaskRunner pid=4806)[0m                'pf_ppo': {'reweight_method': 'pow', 'weight_pow': 2.0},
[36m(FullyAsyncTaskRunner pid=4806)[0m                'rollout_correction': {'bypass_mode': True,
[36m(FullyAsyncTaskRunner pid=4806)[0m                                       'loss_type': 'ppo_clip',
[36m(FullyAsyncTaskRunner pid=4806)[0m                                       'rollout_is': None,
[36m(FullyAsyncTaskRunner pid=4806)[0m                                       'rollout_is_batch_normalize': False,
[36m(FullyAsyncTaskRunner pid=4806)[0m                                       'rollout_is_threshold': 2.0,
[36m(FullyAsyncTaskRunner pid=4806)[0m                                       'rollout_rs': None,
[36m(FullyAsyncTaskRunner pid=4806)[0m                                       'rollout_rs_threshold': None},
[36m(FullyAsyncTaskRunner pid=4806)[0m                'use_kl_in_reward': False,
[36m(FullyAsyncTaskRunner pid=4806)[0m                'use_pf_ppo': False},
[36m(FullyAsyncTaskRunner pid=4806)[0m  'async_training': {'partial_rollout': False,
[36m(FullyAsyncTaskRunner pid=4806)[0m                     'require_batches': 32,
[36m(FullyAsyncTaskRunner pid=4806)[0m                     'staleness_threshold': 0,
[36m(FullyAsyncTaskRunner pid=4806)[0m                     'trigger_parameter_sync_step': 4,
[36m(FullyAsyncTaskRunner pid=4806)[0m                     'use_trainer_do_validate': False},
[36m(FullyAsyncTaskRunner pid=4806)[0m  'critic': {'_target_': 'verl.workers.config.FSDPCriticConfig',
[36m(FullyAsyncTaskRunner pid=4806)[0m             'checkpoint': {'_target_': 'verl.trainer.config.CheckpointConfig',
[36m(FullyAsyncTaskRunner pid=4806)[0m                            'async_save': False,
[36m(FullyAsyncTaskRunner pid=4806)[0m                            'load_contents': ['model', 'optimizer', 'extra'],
[36m(FullyAsyncTaskRunner pid=4806)[0m                            'save_contents': ['model', 'optimizer', 'extra']},
[36m(FullyAsyncTaskRunner pid=4806)[0m             'cliprange_value': 0.5,
[36m(FullyAsyncTaskRunner pid=4806)[0m             'data_loader_seed': 42,
[36m(FullyAsyncTaskRunner pid=4806)[0m             'enable': None,
[36m(FullyAsyncTaskRunner pid=4806)[0m             'forward_max_token_len_per_gpu': 32768,
[36m(FullyAsyncTaskRunner pid=4806)[0m             'forward_micro_batch_size': None,
[36m(FullyAsyncTaskRunner pid=4806)[0m             'forward_micro_batch_size_per_gpu': None,
[36m(FullyAsyncTaskRunner pid=4806)[0m             'fsdp': {'_target_': 'verl.workers.config.FSDPEngineConfig',
[36m(FullyAsyncTaskRunner pid=4806)[0m                      'dtype': 'bfloat16',
[36m(FullyAsyncTaskRunner pid=4806)[0m                      'entropy_checkpointing': False,
[36m(FullyAsyncTaskRunner pid=4806)[0m                      'entropy_from_logits_chunk_size': 2048,
[36m(FullyAsyncTaskRunner pid=4806)[0m                      'entropy_from_logits_with_chunking': False,
[36m(FullyAsyncTaskRunner pid=4806)[0m                      'forward_only': False,
[36m(FullyAsyncTaskRunner pid=4806)[0m                      'forward_prefetch': False,
[36m(FullyAsyncTaskRunner pid=4806)[0m                      'fsdp_size': -1,
[36m(FullyAsyncTaskRunner pid=4806)[0m                      'full_determinism': False,
[36m(FullyAsyncTaskRunner pid=4806)[0m                      'model_dtype': 'fp32',
[36m(FullyAsyncTaskRunner pid=4806)[0m                      'offload_policy': False,
[36m(FullyAsyncTaskRunner pid=4806)[0m                      'optimizer_offload': False,
[36m(FullyAsyncTaskRunner pid=4806)[0m                      
[36m(FullyAsyncTaskRunner pid=4806)[0m 'param_offload': False,
[36m(FullyAsyncTaskRunner pid=4806)[0m                      'qat': {'_target_': 'verl.workers.config.QATEngineConfig',
[36m(FullyAsyncTaskRunner pid=4806)[0m                              'activation_observer': 'static_minmax',
[36m(FullyAsyncTaskRunner pid=4806)[0m                              'enable': False,
[36m(FullyAsyncTaskRunner pid=4806)[0m                              'group_size': 16,
[36m(FullyAsyncTaskRunner pid=4806)[0m                              'ignore_patterns': ['lm_head',
[36m(FullyAsyncTaskRunner pid=4806)[0m                                                  'embed_tokens',
[36m(FullyAsyncTaskRunner pid=4806)[0m                                                  're:.*mlp.gate$'],
[36m(FullyAsyncTaskRunner pid=4806)[0m                              'mode': 'w4a16',
[36m(FullyAsyncTaskRunner pid=4806)[0m                              'quantization_config_path': None},
[36m(FullyAsyncTaskRunner pid=4806)[0m                      'reshard_after_forward': True,
[36m(FullyAsyncTaskRunner pid=4806)[0m                      'seed': 42,
[36m(FullyAsyncTaskRunner pid=4806)[0m                      'strategy': 'fsdp',
[36m(FullyAsyncTaskRunner pid=4806)[0m                      'ulysses_sequence_parallel_size': 1,
[36m(FullyAsyncTaskRunner pid=4806)[0m                      'use_orig_params': False,
[36m(FullyAsyncTaskRunner pid=4806)[0m                      'use_torch_compile': True,
[36m(FullyAsyncTaskRunner pid=4806)[0m                      'wrap_policy': {'min_num_params': 0}},
[36m(FullyAsyncTaskRunner pid=4806)[0m             'grad_clip': 1.0,
[36m(FullyAsyncTaskRunner pid=4806)[0m             'loss_agg_mode': 'token-mean',
[36m(FullyAsyncTaskRunner pid=4806)[0m             'model': {'_target_': 'verl.workers.config.HFModelConfig',
[36m(FullyAsyncTaskRunner pid=4806)[0m                       'custom_chat_template': None,
[36m(FullyAsyncTaskRunner pid=4806)[0m                       'enable_activation_offload': False,
[36m(FullyAsyncTaskRunner pid=4806)[0m                       'enable_gradient_checkpointing': True,
[36m(FullyAsyncTaskRunner pid=4806)[0m                       'exclude_modules': None,
[36m(FullyAsyncTaskRunner pid=4806)[0m                       'external_lib': None,
[36m(FullyAsyncTaskRunner pid=4806)[0m                       'fused_kernel_options': {'impl_backend': 'torch'},
[36m(FullyAsyncTaskRunner pid=4806)[0m                       'hf_config_path': None,
[36m(FullyAsyncTaskRunner pid=4806)[0m                       'lora': {'a2a_experimental': False,
[36m(FullyAsyncTaskRunner pid=4806)[0m                                'adapter_path': None,
[36m(FullyAsyncTaskRunner pid=4806)[0m                                'alpha': 32,
[36m(FullyAsyncTaskRunner pid=4806)[0m                                'dropout': 0.0,
[36m(FullyAsyncTaskRunner pid=4806)[0m                                'dropout_position': 'pre',
[36m(FullyAsyncTaskRunner pid=4806)[0m                                'dtype': None,
[36m(FullyAsyncTaskRunner pid=4806)[0m                                'exclude_modules': [],
[36m(FullyAsyncTaskRunner pid=4806)[0m                                'freeze_language_model': True,
[36m(FullyAsyncTaskRunner pid=4806)[0m                                'freeze_vision_model': True,
[36m(FullyAsyncTaskRunner pid=4806)[0m                                'freeze_vision_projection': True,
[36m(FullyAsyncTaskRunner pid=4806)[0m                                'lora_A_init_method': 'xavier',
[36m(FullyAsyncTaskRunner pid=4806)[0m                                'lora_B_init_method': 'zero',
[36m(FullyAsyncTaskRunner pid=4806)[0m                                'merge': False,
[36m(FullyAsyncTaskRunner pid=4806)[0m                                
[36m(FullyAsyncTaskRunner pid=4806)[0m 'rank': 0,
[36m(FullyAsyncTaskRunner pid=4806)[0m                                'target_modules': ['linear_qkv',
[36m(FullyAsyncTaskRunner pid=4806)[0m                                                   'linear_proj',
[36m(FullyAsyncTaskRunner pid=4806)[0m                                                   'linear_fc1',
[36m(FullyAsyncTaskRunner pid=4806)[0m                                                   'linear_fc2'],
[36m(FullyAsyncTaskRunner pid=4806)[0m                                'type': 'lora'},
[36m(FullyAsyncTaskRunner pid=4806)[0m                       'lora_adapter_path': None,
[36m(FullyAsyncTaskRunner pid=4806)[0m                       'lora_alpha': 16,
[36m(FullyAsyncTaskRunner pid=4806)[0m                       'lora_rank': 0,
[36m(FullyAsyncTaskRunner pid=4806)[0m                       'mtp': {'_target_': 'verl.workers.config.MtpConfig',
[36m(FullyAsyncTaskRunner pid=4806)[0m                               'detach_encoder': False,
[36m(FullyAsyncTaskRunner pid=4806)[0m                               'enable': False,
[36m(FullyAsyncTaskRunner pid=4806)[0m                               'enable_rollout': False,
[36m(FullyAsyncTaskRunner pid=4806)[0m                               'enable_train': False,
[36m(FullyAsyncTaskRunner pid=4806)[0m                               'method': 'mtp',
[36m(FullyAsyncTaskRunner pid=4806)[0m                               'mtp_loss_scaling_factor': 0.1,
[36m(FullyAsyncTaskRunner pid=4806)[0m                               'num_speculative_tokens': 1,
[36m(FullyAsyncTaskRunner pid=4806)[0m                               'speculative_algorithm': 'EAGLE',
[36m(FullyAsyncTaskRunner pid=4806)[0m                               'speculative_eagle_topk': 1,
[36m(FullyAsyncTaskRunner pid=4806)[0m                               'speculative_num_draft_tokens': 4,
[36m(FullyAsyncTaskRunner pid=4806)[0m                               'speculative_num_steps': 3},
[36m(FullyAsyncTaskRunner pid=4806)[0m                       'override_config': {},
[36m(FullyAsyncTaskRunner pid=4806)[0m                       'path': '~/models/deepseek-llm-7b-chat',
[36m(FullyAsyncTaskRunner pid=4806)[0m                       'target_modules': 'all-linear',
[36m(FullyAsyncTaskRunner pid=4806)[0m                       'tiled_mlp': {'enabled': False, 'num_shards': 4},
[36m(FullyAsyncTaskRunner pid=4806)[0m                       'tokenizer_path': None,
[36m(FullyAsyncTaskRunner pid=4806)[0m                       'trust_remote_code': False,
[36m(FullyAsyncTaskRunner pid=4806)[0m                       'use_fused_kernels': False,
[36m(FullyAsyncTaskRunner pid=4806)[0m                       'use_liger': False,
[36m(FullyAsyncTaskRunner pid=4806)[0m                       'use_remove_padding': True,
[36m(FullyAsyncTaskRunner pid=4806)[0m                       'use_shm': False},
[36m(FullyAsyncTaskRunner pid=4806)[0m             'optim': {'_target_': 'verl.workers.config.FSDPOptimizerConfig',
[36m(FullyAsyncTaskRunner pid=4806)[0m                       'betas': [0.9, 0.999],
[36m(FullyAsyncTaskRunner pid=4806)[0m                       'clip_grad': 1.0,
[36m(FullyAsyncTaskRunner pid=4806)[0m                       'lr': 1e-05,
[36m(FullyAsyncTaskRunner pid=4806)[0m                       'lr_scheduler_type': 'constant',
[36m(FullyAsyncTaskRunner pid=4806)[0m                       'lr_warmup_steps': -1,
[36m(FullyAsyncTaskRunner pid=4806)[0m                       'lr_warmup_steps_ratio': 0.0,
[36m(FullyAsyncTaskRunner pid=4806)[0m                       'min_lr_ratio': 0.0
[36m(FullyAsyncTaskRunner pid=4806)[0m ,
[36m(FullyAsyncTaskRunner pid=4806)[0m                       'num_cycles': 0.5,
[36m(FullyAsyncTaskRunner pid=4806)[0m                       'optimizer': 'AdamW',
[36m(FullyAsyncTaskRunner pid=4806)[0m                       'optimizer_impl': 'torch.optim',
[36m(FullyAsyncTaskRunner pid=4806)[0m                       'override_optimizer_config': None,
[36m(FullyAsyncTaskRunner pid=4806)[0m                       'total_training_steps': -1,
[36m(FullyAsyncTaskRunner pid=4806)[0m                       'warmup_style': None,
[36m(FullyAsyncTaskRunner pid=4806)[0m                       'weight_decay': 0.01,
[36m(FullyAsyncTaskRunner pid=4806)[0m                       'zero_indexed_step': True},
[36m(FullyAsyncTaskRunner pid=4806)[0m             'ppo_epochs': 2,
[36m(FullyAsyncTaskRunner pid=4806)[0m             'ppo_max_token_len_per_gpu': 32768,
[36m(FullyAsyncTaskRunner pid=4806)[0m             'ppo_micro_batch_size': None,
[36m(FullyAsyncTaskRunner pid=4806)[0m             'ppo_micro_batch_size_per_gpu': None,
[36m(FullyAsyncTaskRunner pid=4806)[0m             'ppo_mini_batch_size': 64,
[36m(FullyAsyncTaskRunner pid=4806)[0m             'profiler': {'_target_': 'verl.utils.profiler.ProfilerConfig',
[36m(FullyAsyncTaskRunner pid=4806)[0m                          'all_ranks': False,
[36m(FullyAsyncTaskRunner pid=4806)[0m                          'enable': False,
[36m(FullyAsyncTaskRunner pid=4806)[0m                          'ranks': [],
[36m(FullyAsyncTaskRunner pid=4806)[0m                          'save_path': 'outputs/profile',
[36m(FullyAsyncTaskRunner pid=4806)[0m                          'tool': None,
[36m(FullyAsyncTaskRunner pid=4806)[0m                          'tool_config': {'npu': {'_target_': 'verl.utils.profiler.config.NPUToolConfig',
[36m(FullyAsyncTaskRunner pid=4806)[0m                                                  'analysis': True,
[36m(FullyAsyncTaskRunner pid=4806)[0m                                                  'contents': [],
[36m(FullyAsyncTaskRunner pid=4806)[0m                                                  'discrete': False,
[36m(FullyAsyncTaskRunner pid=4806)[0m                                                  'level': 'level0'},
[36m(FullyAsyncTaskRunner pid=4806)[0m                                          'nsys': {'_target_': 'verl.utils.profiler.config.NsightToolConfig',
[36m(FullyAsyncTaskRunner pid=4806)[0m                                                   'discrete': False},
[36m(FullyAsyncTaskRunner pid=4806)[0m                                          'precision_debugger': {'_target_': 'verl.utils.profiler.config.PrecisionDebuggerToolConfig',
[36m(FullyAsyncTaskRunner pid=4806)[0m                                                                 'config_path': None
[36m(FullyAsyncTaskRunner pid=4806)[0m ,
[36m(FullyAsyncTaskRunner pid=4806)[0m                                                                 'stages': None,
[36m(FullyAsyncTaskRunner pid=4806)[0m                                                                 'steps': None,
[36m(FullyAsyncTaskRunner pid=4806)[0m                                                                 'strict': False},
[36m(FullyAsyncTaskRunner pid=4806)[0m                                          'torch': {'_target_': 'verl.utils.profiler.config.TorchProfilerToolConfig',
[36m(FullyAsyncTaskRunner pid=4806)[0m                                                    'contents': [],
[36m(FullyAsyncTaskRunner pid=4806)[0m                                                    'discrete': False},
[36m(FullyAsyncTaskRunner pid=4806)[0m                                          'torch_memory': {'_target_': 'verl.utils.profiler.config.TorchMemoryToolConfig',
[36m(FullyAsyncTaskRunner pid=4806)[0m                                                           'stack_depth': 32,
[36m(FullyAsyncTaskRunner pid=4806)[0m                                                           'trace_alloc_max_entries': 100000}}},
[36m(FullyAsyncTaskRunner pid=4806)[0m             'rollout_n': 16,
[36m(FullyAsyncTaskRunner pid=4806)[0m             'shuffle': False,
[36m(FullyAsyncTaskRunner pid=4806)[0m             'strategy': 'fsdp',
[36m(FullyAsyncTaskRunner pid=4806)[0m             'ulysses_sequence_parallel_size': 1,
[36m(FullyAsyncTaskRunner pid=4806)[0m             'use_dynamic_bsz': True},
[36m(FullyAsyncTaskRunner pid=4806)[0m  'data': {'apply_chat_template_kwargs': {},
[36m(FullyAsyncTaskRunner pid=4806)[0m           'audio_key': 'audios',
[36m(FullyAsyncTaskRunner pid=4806)[0m           'continuous_token': {'enable': False, 'model_family': 'auto'},
[36m(FullyAsyncTaskRunner pid=4806)[0m           'custom_cls': {'name': None, 'path': None},
[36m(FullyAsyncTaskRunner pid=4806)[0m           'dataloader_num_workers': 8,
[36m(FullyAsyncTaskRunner pid=4806)[0m           'filter_overlong_prompts': False,
[36m(FullyAsyncTaskRunner pid=4806)[0m           'filter_overlong_prompts_workers': 1,
[36m(FullyAsyncTaskRunner pid=4806)[0m           'function_tool_path': None,
[36m(FullyAsyncTaskRunner pid=4806)[0m           'gen_batch_size': 1,
[36m(FullyAsyncTaskRunner pid=4806)[0m           'image_key': 'images',
[36m(FullyAsyncTaskRunner pid=4806)[0m           'image_patch_size': 14,
[36m(FullyAsyncTaskRunner pid=4806)[0m           'max_prompt_length': 2048,
[36m(FullyAsyncTaskRunner pid=4806)[0m           'max_response_length': 4096,
[36m(FullyAsyncTaskRunner pid=4806)[0m           'mm_processor_kwargs': {},
[36m(FullyAsyncTaskRunner pid=4806)[0m           'prompt_key': 'prompt',
[36m(FullyAsyncTaskRunner pid=4806)[0m           'return_full_prompt': False,
[36m(FullyAsyncTaskRunner pid=4806)[0m           'return_multi_modal_inputs': True,
[36m(FullyAsyncTaskRunner pid=4806)[0m           'return_raw_chat': True,
[36m(FullyAsyncTaskRunner pid=4806)[0m           
[36m(FullyAsyncTaskRunner pid=4806)[0m 'return_raw_input_ids': False,
[36m(FullyAsyncTaskRunner pid=4806)[0m           'reward_fn_key': 'data_source',
[36m(FullyAsyncTaskRunner pid=4806)[0m           'seed': None,
[36m(FullyAsyncTaskRunner pid=4806)[0m           'shuffle': True,
[36m(FullyAsyncTaskRunner pid=4806)[0m           'tokenizer': None,
[36m(FullyAsyncTaskRunner pid=4806)[0m           'tool_config_path': None,
[36m(FullyAsyncTaskRunner pid=4806)[0m           'train_batch_size': 0,
[36m(FullyAsyncTaskRunner pid=4806)[0m           'train_files': '/workspace/data/dapo_math_17k/train.parquet',
[36m(FullyAsyncTaskRunner pid=4806)[0m           'train_max_samples': -1,
[36m(FullyAsyncTaskRunner pid=4806)[0m           'truncation': 'left',
[36m(FullyAsyncTaskRunner pid=4806)[0m           'trust_remote_code': False,
[36m(FullyAsyncTaskRunner pid=4806)[0m           'use_shm': False,
[36m(FullyAsyncTaskRunner pid=4806)[0m           'val_batch_size': None,
[36m(FullyAsyncTaskRunner pid=4806)[0m           'val_files': '/workspace/data/aime_2024/val.parquet',
[36m(FullyAsyncTaskRunner pid=4806)[0m           'val_max_samples': -1,
[36m(FullyAsyncTaskRunner pid=4806)[0m           'validation_shuffle': False,
[36m(FullyAsyncTaskRunner pid=4806)[0m           'video_key': 'videos'},
[36m(FullyAsyncTaskRunner pid=4806)[0m  'distillation': {'_target_': 'verl.workers.config.DistillationConfig',
[36m(FullyAsyncTaskRunner pid=4806)[0m                   'distillation_loss': {'_target_': 'verl.workers.config.DistillationLossConfig',
[36m(FullyAsyncTaskRunner pid=4806)[0m                                         'clip_ratio': 0.2,
[36m(FullyAsyncTaskRunner pid=4806)[0m                                         'clip_ratio_high': 0.2,
[36m(FullyAsyncTaskRunner pid=4806)[0m                                         'clip_ratio_low': 0.2,
[36m(FullyAsyncTaskRunner pid=4806)[0m                                         'distillation_loss_coef': 1.0,
[36m(FullyAsyncTaskRunner pid=4806)[0m                                         'log_prob_min_clamp': None,
[36m(FullyAsyncTaskRunner pid=4806)[0m                                         'loss_max_clamp': None,
[36m(FullyAsyncTaskRunner pid=4806)[0m                                         'loss_mode': 'k3',
[36m(FullyAsyncTaskRunner pid=4806)[0m                                         'policy_loss_mode': 'vanilla',
[36m(FullyAsyncTaskRunner pid=4806)[0m                                         'topk': 32,
[36m(FullyAsyncTaskRunner pid=4806)[0m                                         'use_policy_gradient': False,
[36m(FullyAsyncTaskRunner pid=4806)[0m                                         'use_task_rewards': True},
[36m(FullyAsyncTaskRunner pid=4806)[0m                   'enabled': False,
[36m(FullyAsyncTaskRunner pid=4806)[0m                   'n_gpus_per_node': 8,
[36m(FullyAsyncTaskRunner pid=4806)[0m                   'nnodes': 0,
[36m(FullyAsyncTaskRunner pid=4806)[0m                   'teacher_key': 
[36m(FullyAsyncTaskRunner pid=4806)[0m 'data_source'
[36m(FullyAsyncTaskRunner pid=4806)[0m ,
[36m(FullyAsyncTaskRunner pid=4806)[0m                   'teacher_models': {'teacher_model': {'_target_': 'verl.workers.config.DistillationTeacherModelConfig',
[36m(FullyAsyncTaskRunner pid=4806)[0m                                                        'inference': {'_target_': 'verl.workers.config.RolloutConfig',
[36m(FullyAsyncTaskRunner pid=4806)[0m                                                                      'cudagraph_capture_sizes': None,
[36m(FullyAsyncTaskRunner pid=4806)[0m                                                                      'data_parallel_size': 1,
[36m(FullyAsyncTaskRunner pid=4806)[0m                                                                      'disable_log_stats': True,
[36m(FullyAsyncTaskRunner pid=4806)[0m                                                                      'dtype': 'bfloat16',
[36m(FullyAsyncTaskRunner pid=4806)[0m                                                                      'enable_chunked_prefill': True,
[36m(FullyAsyncTaskRunner pid=4806)[0m                                                                      'enable_prefix_caching': True,
[36m(FullyAsyncTaskRunner pid=4806)[0m                                                                      'enforce_eager': True,
[36m(FullyAsyncTaskRunner pid=4806)[0m                                                                      'engine_kwargs': {},
[36m(FullyAsyncTaskRunner pid=4806)[0m                                                                      'expert_parallel_size': 1,
[36m(FullyAsyncTaskRunner pid=4806)[0m                                                                      'free_cache_engine': True,
[36m(FullyAsyncTaskRunner pid=4806)[0m                                                                      'gpu_memory_utilization': 0.5,
[36m(FullyAsyncTaskRunner pid=4806)[0m                                                                      'limit_images': None,
[36m(FullyAsyncTaskRunner pid=4806)[0m                                                                      'load_format': 'auto',
[36m(FullyAsyncTaskRunner pid=4806)[0m                                                                      'max_model_len': None,
[36m(FullyAsyncTaskRunner pid=4806)[0m                                                                      'max_num_batched_tokens': 8192,
[36m(FullyAsyncTaskRunner pid=4806)[0m                                                                      'max_num_seqs': 1024,
[36m(FullyAsyncTaskRunner pid=4806)[0m                                                                      'name': 'vllm',
[36m(FullyAsyncTaskRunner pid=4806)[0m                                                                      'prompt_length': 2048,
[36m(FullyAsyncTaskRunner pid=4806)[0m                                                                      'response_length': 4096,
[36m(FullyAsyncTaskRunner pid=4806)[0m                                                                      'skip_tokenizer_init': True,
[36m(FullyAsyncTaskRunner pid=4806)[0m                                                                      'temperature': 1.0,
[36m(FullyAsyncTaskRunner pid=4806)[0m                                                                      'tensor_model_parallel_size': 2},
[36m(FullyAsyncTaskRunner pid=4806)[0m                                                        'key': None,
[36m(FullyAsyncTaskRunner pid=4806)[0m                                                        'model_path': None,
[36m(FullyAsyncTaskRunner pid=4806)[0m                                                        'num_replicas': 0}}},
[36m(FullyAsyncTaskRunner pid=4806)[0m  'global_profiler': {'_target_': 'verl.utils.profiler.ProfilerConfig',
[36m(FullyAsyncTaskRunner pid=4806)[0m                      
[36m(FullyAsyncTaskRunner pid=4806)[0m 'global_tool_config': {'nsys': {'_target_': 'verl.utils.profiler.config.NsightToolConfig',
[36m(FullyAsyncTaskRunner pid=4806)[0m                                                      'controller_nsight_options': {'cuda-graph-trace': 'graph',
[36m(FullyAsyncTaskRunner pid=4806)[0m                                                                                    'cuda-memory-usage': 'true',
[36m(FullyAsyncTaskRunner pid=4806)[0m                                                                                    'trace': 'cuda,nvtx,cublas,ucx'},
[36m(FullyAsyncTaskRunner pid=4806)[0m                                                      'discrete': False,
[36m(FullyAsyncTaskRunner pid=4806)[0m                                                      'worker_nsight_options': {'capture-range': 'cudaProfilerApi',
[36m(FullyAsyncTaskRunner pid=4806)[0m                                                                                'capture-range-end': None,
[36m(FullyAsyncTaskRunner pid=4806)[0m                                                                                'cuda-graph-trace': 'graph',
[36m(FullyAsyncTaskRunner pid=4806)[0m                                                                                'cuda-memory-usage': 'true',
[36m(FullyAsyncTaskRunner pid=4806)[0m                                                                                'kill': 'none',
[36m(FullyAsyncTaskRunner pid=4806)[0m                                                                                'trace': 'cuda,nvtx,cublas,ucx'}},
[36m(FullyAsyncTaskRunner pid=4806)[0m                                             'precision_debugger': {'_target_': 'verl.utils.profiler.config.PrecisionDebuggerToolConfig',
[36m(FullyAsyncTaskRunner pid=4806)[0m                                                                    'config_path': None,
[36m(FullyAsyncTaskRunner pid=4806)[0m                                                                    'stages': None,
[36m(FullyAsyncTaskRunner pid=4806)[0m                                                                    'steps': None,
[36m(FullyAsyncTaskRunner pid=4806)[0m                                                                    'strict': False},
[36m(FullyAsyncTaskRunner pid=4806)[0m                                             'torch_memory': {'context': 'all',
[36m(FullyAsyncTaskRunner pid=4806)[0m                                                              'kw_args': {},
[36m(FullyAsyncTaskRunner pid=4806)[0m                                                              'stack_depth': 32,
[36m(FullyAsyncTaskRunner pid=4806)[0m                                                              'stacks': 'all',
[36m(FullyAsyncTaskRunner pid=4806)[0m                                                              'trace_alloc_max_entries': 100000}},
[36m(FullyAsyncTaskRunner pid=4806)[0m                      'profile_continuous_steps': False,
[36m(FullyAsyncTaskRunner pid=4806)[0m                      'save_path': 'outputs/profile',
[36m(FullyAsyncTaskRunner pid=4806)[0m                      'steps': None,
[36m(FullyAsyncTaskRunner pid=4806)[0m                      'tool': None},
[36m(FullyAsyncTaskRunner pid=4806)[0m  'model_engine': 'dp',
[36m(FullyAsyncTaskRunner pid=4806)[0m  'ray_kwargs': {'ray_init': {'num_cpus': None}, 'timeline_json_file': None},
[36m(FullyAsyncTaskRunner pid=4806)[0m  'reward': {'_target_': 'verl.workers.config.RewardConfig',
[36m(FullyAsyncTaskRunner pid=4806)[0m             'custom_reward_function': {'name': 'compute_score', 'path': None},
[36m(FullyAsyncTaskRunner pid=4806)[0m             'num_workers': 
[36m(FullyAsyncTaskRunner pid=4806)[0m 8,
[36m(FullyAsyncTaskRunner pid=4806)[0m             'reward_kwargs': {'max_resp_len': 4096,
[36m(FullyAsyncTaskRunner pid=4806)[0m                               'overlong_buffer_cfg': {'enable': True,
[36m(FullyAsyncTaskRunner pid=4806)[0m                                                       'len': 512,
[36m(FullyAsyncTaskRunner pid=4806)[0m                                                       'log': True,
[36m(FullyAsyncTaskRunner pid=4806)[0m                                                       'penalty_factor': 1.0}},
[36m(FullyAsyncTaskRunner pid=4806)[0m             'reward_manager': {'_target_': 'verl.workers.config.reward.RewardManagerConfig',
[36m(FullyAsyncTaskRunner pid=4806)[0m                                'module': {'_target_': 'verl.trainer.config.config.ModuleConfig',
[36m(FullyAsyncTaskRunner pid=4806)[0m                                           'name': 'custom_reward_manager',
[36m(FullyAsyncTaskRunner pid=4806)[0m                                           'path': None},
[36m(FullyAsyncTaskRunner pid=4806)[0m                                'name': 'dapo',
[36m(FullyAsyncTaskRunner pid=4806)[0m                                'source': 'register'},
[36m(FullyAsyncTaskRunner pid=4806)[0m             'reward_model': {'_target_': 'verl.workers.config.RewardModelConfig',
[36m(FullyAsyncTaskRunner pid=4806)[0m                              'enable': False,
[36m(FullyAsyncTaskRunner pid=4806)[0m                              'enable_resource_pool': False,
[36m(FullyAsyncTaskRunner pid=4806)[0m                              'model_path': None,
[36m(FullyAsyncTaskRunner pid=4806)[0m                              'n_gpus_per_node': 8,
[36m(FullyAsyncTaskRunner pid=4806)[0m                              'nnodes': 0,
[36m(FullyAsyncTaskRunner pid=4806)[0m                              'rollout': {'_target_': 'verl.workers.config.RolloutConfig',
[36m(FullyAsyncTaskRunner pid=4806)[0m                                          'cudagraph_capture_sizes': None,
[36m(FullyAsyncTaskRunner pid=4806)[0m                                          'data_parallel_size': 1,
[36m(FullyAsyncTaskRunner pid=4806)[0m                                          'disable_log_stats': True,
[36m(FullyAsyncTaskRunner pid=4806)[0m                                          'disaggregation': {'bootstrap_port': 
[36m(FullyAsyncTaskRunner pid=4806)[0m None,
[36m(FullyAsyncTaskRunner pid=4806)[0m                                                             'decode_replicas': 1,
[36m(FullyAsyncTaskRunner pid=4806)[0m                                                             'decode_tensor_model_parallel_size': None,
[36m(FullyAsyncTaskRunner pid=4806)[0m                                                             'enabled': False,
[36m(FullyAsyncTaskRunner pid=4806)[0m                                                             'ib_device': None,
[36m(FullyAsyncTaskRunner pid=4806)[0m                                                             'prefill_replicas': 1,
[36m(FullyAsyncTaskRunner pid=4806)[0m                                                             'transfer_backend': 'nixl'},
[36m(FullyAsyncTaskRunner pid=4806)[0m                                          'do_sample': True,
[36m(FullyAsyncTaskRunner pid=4806)[0m                                          'dtype': 'bfloat16',
[36m(FullyAsyncTaskRunner pid=4806)[0m                                          'enable_chunked_prefill': True,
[36m(FullyAsyncTaskRunner pid=4806)[0m                                          'enable_prefix_caching': True,
[36m(FullyAsyncTaskRunner pid=4806)[0m                                          'enforce_eager': True,
[36m(FullyAsyncTaskRunner pid=4806)[0m                                          'engine_kwargs': {},
[36m(FullyAsyncTaskRunner pid=4806)[0m                                          'expert_parallel_size': 1,
[36m(FullyAsyncTaskRunner pid=4806)[0m                                          'free_cache_engine': True,
[36m(FullyAsyncTaskRunner pid=4806)[0m                                          'full_determinism': False,
[36m(FullyAsyncTaskRunner pid=4806)[0m                                          'gpu_memory_utilization': 0.5,
[36m(FullyAsyncTaskRunner pid=4806)[0m                                          'ignore_eos': False,
[36m(FullyAsyncTaskRunner pid=4806)[0m                                          'layered_summon': False,
[36m(FullyAsyncTaskRunner pid=4806)[0m                                          'limit_images': None,
[36m(FullyAsyncTaskRunner pid=4806)[0m                                          'load_format': 'auto',
[36m(FullyAsyncTaskRunner pid=4806)[0m                                          'max_model_len': None,
[36m(FullyAsyncTaskRunner pid=4806)[0m                                          'max_num_batched_tokens': 8192,
[36m(FullyAsyncTaskRunner pid=4806)[0m                                          'max_num_seqs': 1024,
[36m(FullyAsyncTaskRunner pid=4806)[0m                                          'mtp': None,
[36m(FullyAsyncTaskRunner pid=4806)[0m                                          'multi_stage_wake_up': False,
[36m(FullyAsyncTaskRunner pid=4806)[0m                                          'n': 1,
[36m(FullyAsyncTaskRunner pid=4806)[0m                                          'name': '???',
[36m(FullyAsyncTaskRunner pid=4806)[0m                                          'pipeline_model_parallel_size': 1,
[36m(FullyAsyncTaskRunner pid=4806)[0m                                          'prompt_length': 2048,
[36m(FullyAsyncTaskRunner pid=4806)[0m                                          'quantization': None,
[36m(FullyAsyncTaskRunner pid=4806)[0m                                          'quantization_config_file': None,
[36m(FullyAsyncTaskRunner pid=4806)[0m                                          'response_length': 2048,
[36m(FullyAsyncTaskRunner pid=4806)[0m                                          'scheduling_policy': 'fcfs',
[36m(FullyAsyncTaskRunner pid=4806)[0m                                          'seed': 42,
[36m(FullyAsyncTaskRunner pid=4806)[0m                                          'skip_tokenizer_init': False,[36m(pid=5389)[0m WARNING:2026-06-30 19:11:23,033:Platform 'nvidia' (PlatformCUDA) is registered but not available. This may be due to this ray actor being a CPU-only actor.
[36m(pid=5389)[0m W0630 19:11:23.742000 5389 torch/utils/cpp_extension.py:140] No CUDA runtime is found, using CUDA_HOME='/usr/local/cuda'
[36m(FullyAsyncTrainer pid=5389)[0m /workspace/verl-src/verl/experimental/fully_async_policy/fully_async_trainer.py:91: UserWarning: Disabled critic as algorithm.adv_estimator != gae. If it is not intended, please set critic.enable=True
[36m(FullyAsyncTrainer pid=5389)[0m   self.use_critic = need_critic(self.config)
[36m(FullyAsyncTrainer pid=5389)[0m Using blocking ray.get inside async actor. This blocks the event loop. Please use `await` on object ref with asyncio.gather if you want to yield execution to the event loop instead.
[36m(WorkerDict pid=6072)[0m Flash Attention 2 only supports torch.float16 and torch.bfloat16 dtypes, but the current dype in Qwen2ForCausalLM is torch.float32. You should run training or inference using Automatic Mixed-Precision via the `with torch.autocast(device_type='torch_device'):` decorator, or load the model with the `dtype` argument. Example: `model = AutoModel.from_pretrained("openai/whisper-tiny", attn_implementation="flash_attention_2", dtype=torch.float16)`
[36m(WorkerDict pid=6072)[0m Flash Attention 2 only supports torch.float16 and torch.bfloat16 dtypes, but the current dype in Qwen2Model is torch.float32. You should run training or inference using Automatic Mixed-Precision via the `with torch.autocast(device_type='torch_device'):` decorator, or load the model with the `dtype` argument. Example: `model = AutoModel.from_pretrained("openai/whisper-tiny", attn_implementation="flash_attention_2", dtype=torch.float16)`
[36m(WorkerDict pid=6072)[0m Loading weights:   0%|          | 0/290 [00:00<?, ?it/s]
[36m(WorkerDict pid=6072)[0m Loading weights:   0%|          | 1/290 [00:00<00:59,  4.89it/s]
[36m(WorkerDict pid=6072)[0m Loading weights: 100%|██████████| 290/290 [00:00<00:00, 1269.56it/s]
[36m(WorkerDict pid=6072)[0m /usr/local/lib/python3.12/dist-packages/torch/distributed/fsdp/fully_sharded_data_parallel.py:478: UserWarning: FSDP is switching to use `NO_SHARD` instead of ShardingStrategy.FULL_SHARD since the world size is 1.
[36m(WorkerDict pid=6072)[0m   _init_core_state(
[36m(WorkerDict pid=6072)[0m /workspace/verl-src/verl/workers/engine/fsdp/transformer_impl.py:458: FutureWarning: FSDP.state_dict_type() and FSDP.set_state_dict_type() are being deprecated. Please use APIs, get_state_dict() and set_state_dict(), which can support different parallelisms, FSDP1, FSDP2, DDP. API doc: https://pytorch.org/docs/stable/distributed.checkpoint.html#torch.distributed.checkpoint.state_dict.get_state_dict .Tutorial: https://pytorch.org/tutorials/recipes/distributed_checkpoint_recipe.html .
[36m(WorkerDict pid=6072)[0m   FSDP.set_state_dict_type(

[36m(FullyAsyncTaskRunner pid=4806)[0m                                          'temperature': 1.0,
[36m(FullyAsyncTaskRunner pid=4806)[0m                                          'tensor_model_parallel_size': 2,
[36m(FullyAsyncTaskRunner pid=4806)[0m                                          'top_k': -1,
[36m(FullyAsyncTaskRunner pid=4806)[0m                                          'top_p': 1}},
[36m(FullyAsyncTaskRunner pid=4806)[0m             'sandbox_fusion': {'_target_': 
[36m(FullyAsyncTaskRunner pid=4806)[0m 'verl.workers.config.SandboxFusionConfig',
[36m(FullyAsyncTaskRunner pid=4806)[0m                                'max_concurrent': 64,
[36m(FullyAsyncTaskRunner pid=4806)[0m                                'memory_limit_mb': 1024,
[36m(FullyAsyncTaskRunner pid=4806)[0m                                'url': None}},
[36m(FullyAsyncTaskRunner pid=4806)[0m  'rollout': {'n': 4,
[36m(FullyAsyncTaskRunner pid=4806)[0m              'n_gpus_per_node': 1,
[36m(FullyAsyncTaskRunner pid=4806)[0m              'nnodes': 1,
[36m(FullyAsyncTaskRunner pid=4806)[0m              'total_rollout_steps': 16384},
[36m(FullyAsyncTaskRunner pid=4806)[0m  'skip': {'_target_': 'verl.utils.skip.SkipManagerConfig',
[36m(FullyAsyncTaskRunner pid=4806)[0m           'async_rollout': {'action': 'cache',
[36m(FullyAsyncTaskRunner pid=4806)[0m                             'dump_dir': '~/.verl/rollout_dump',
[36m(FullyAsyncTaskRunner pid=4806)[0m                             'enable': False,
[36m(FullyAsyncTaskRunner pid=4806)[0m                             'steps': []},
[36m(FullyAsyncTaskRunner pid=4806)[0m           'rollout': {'action': 'cache',
[36m(FullyAsyncTaskRunner pid=4806)[0m                       'dump_dir': '~/.verl/rollout_dump',
[36m(FullyAsyncTaskRunner pid=4806)[0m                       'enable': False,
[36m(FullyAsyncTaskRunner pid=4806)[0m                       'steps': []}},
[36m(FullyAsyncTaskRunner pid=4806)[0m  'trainer': {'balance_batch': True,
[36m(FullyAsyncTaskRunner pid=4806)[0m              'critic_warmup': 0,
[36m(FullyAsyncTaskRunner pid=4806)[0m              'default_hdfs_dir': None,
[36m(FullyAsyncTaskRunner pid=4806)[0m              'default_local_dir': '/workspace/results/ckpts',
[36m(FullyAsyncTaskRunner pid=4806)[0m              'del_local_ckpt_after_load': False,
[36m(FullyAsyncTaskRunner pid=4806)[0m              'device': 'cuda',
[36m(FullyAsyncTaskRunner pid=4806)[0m              'esi_redundant_time': 0,
[36m(FullyAsyncTaskRunner pid=4806)[0m              'experiment_name': 'qwen7b-dapo-mode1',
[36m(FullyAsyncTaskRunner pid=4806)[0m              'log_val_generations': 0,
[36m(FullyAsyncTaskRunner pid=4806)[0m              'logger': ['console'],
[36m(FullyAsyncTaskRunner pid=4806)[0m              'max_actor_ckpt_to_keep': None,
[36m(FullyAsyncTaskRunner pid=4806)[0m              'max_critic_ckpt_to_keep': None,
[36m(FullyAsyncTaskRunner pid=4806)[0m              'n_gpus_per_node': 1,
[36m(FullyAsyncTaskRunner pid=4806)[0m              'nnodes': 1,
[36m(FullyAsyncTaskRunner pid=4806)[0m              'project_name': 'disagg-sync-benchmark',
[36m(FullyAsyncTaskRunner pid=4806)[0m              'ray_wait_register_center_timeout': 300,
[36m(FullyAsyncTaskRunner pid=4806)[0m              'resume_from_path': None,
[36m(FullyAsyncTaskRunner pid=4806)[0m              'resume_mode': 'disable',
[36m(FullyAsyncTaskRunner pid=4806)[0m              'rollout_data_dir': None
[36m(FullyAsyncTaskRunner pid=4806)[0m ,
[36m(FullyAsyncTaskRunner pid=4806)[0m              'save_freq': -1,
[36m(FullyAsyncTaskRunner pid=4806)[0m              'test_freq': -1,
[36m(FullyAsyncTaskRunner pid=4806)[0m              'total_epochs': 1,
[36m(FullyAsyncTaskRunner pid=4806)[0m              'total_training_steps': None,
[36m(FullyAsyncTaskRunner pid=4806)[0m              'use_v1': True,
[36m(FullyAsyncTaskRunner pid=4806)[0m              'v1': {'colocate_async': {'num_warmup_batches': 1},
[36m(FullyAsyncTaskRunner pid=4806)[0m                     'sampler': {'custom_sampler': {'name': None, 'path': None},
[36m(FullyAsyncTaskRunner pid=4806)[0m                                 'max_off_policy_strategy': 'drop',
[36m(FullyAsyncTaskRunner pid=4806)[0m                                 'max_off_policy_threshold': 8,
[36m(FullyAsyncTaskRunner pid=4806)[0m                                 'sampler_kwargs': {}},
[36m(FullyAsyncTaskRunner pid=4806)[0m                     'separate_async': {'num_warmup_batches': 4,
[36m(FullyAsyncTaskRunner pid=4806)[0m                                        'parameter_sync_step': 4},
[36m(FullyAsyncTaskRunner pid=4806)[0m                     'sync': {},
[36m(FullyAsyncTaskRunner pid=4806)[0m                     'trainer_mode': 'sync'},
[36m(FullyAsyncTaskRunner pid=4806)[0m              'val_before_train': False,
[36m(FullyAsyncTaskRunner pid=4806)[0m              'val_only': False,
[36m(FullyAsyncTaskRunner pid=4806)[0m              'validation_data_dir': None},
[36m(FullyAsyncTaskRunner pid=4806)[0m  'transfer_queue': {'backend': {'MooncakeStore': {'auto_init': False,
[36m(FullyAsyncTaskRunner pid=4806)[0m                                                   'device_name': '',
[36m(FullyAsyncTaskRunner pid=4806)[0m                                                   'global_segment_size': 4294967296,
[36m(FullyAsyncTaskRunner pid=4806)[0m                                                   'local_buffer_size': 1073741824,
[36m(FullyAsyncTaskRunner pid=4806)[0m                                                   'local_hostname': 'localhost',
[36m(FullyAsyncTaskRunner pid=4806)[0m                                                   'master_server_address': 'localhost:50124',
[36m(FullyAsyncTaskRunner pid=4806)[0m                                                   'metadata_server': 'localhost:50123',
[36m(FullyAsyncTaskRunner pid=4806)[0m                                                   'protocol': 'tcp'},
[36m(FullyAsyncTaskRunner pid=4806)[0m                                 'SimpleStorage': {
[36m(FullyAsyncTaskRunner pid=4806)[0m 'num_data_storage_units': 8,
[36m(FullyAsyncTaskRunner pid=4806)[0m                                                   'total_storage_size': 100000},
[36m(FullyAsyncTaskRunner pid=4806)[0m                                 'storage_backend': 'SimpleStorage'},
[36m(FullyAsyncTaskRunner pid=4806)[0m                     'enable': False,
[36m(FullyAsyncTaskRunner pid=4806)[0m                     'metrics': {'enabled': False, 'port': 0}}}
[36m(FullyAsyncTaskRunner pid=4806)[0m [ASYNC MAIN] Initializing model and tokenizer...
[36m(FullyAsyncTaskRunner pid=4806)[0m [ASYNC MAIN] Creating worker mapping and resource pools...
[36m(FullyAsyncTaskRunner pid=4806)[0m [ASYNC MAIN] Creating FullyAsyncTrainer first (needed for hybrid worker group injection)...
[36m(FullyAsyncTaskRunner pid=4806)[0m [ASYNC MAIN] Starting create trainer...
[36m(FullyAsyncTrainer pid=5389)[0m colocated worker base class <class 'verl.single_controller.base.worker.Worker'>
[36m(WorkerDict pid=6072)[0m Monkey patch state_dict in AutoModelForCausalLMWithValueHead. 
[36m(WorkerDict pid=6072)[0m Monkey patch _flash_attention_forward in transformers.integrations.flash_attention
[36m(WorkerDict pid=6072)[0m Skipping monkey patch for Qwen2ForCausalLM as use_fused_kernels is False or fused_kernels_backend is torch
[36m(WorkerDict pid=6072)[0m Qwen2ForCausalLM contains 494.03M parameters
[36m(WorkerDict pid=6072)[0m Before FSDP, memory allocated (GB): 0.00, memory reserved (GB): 0.00, device memory used/total (GB): 0.51/79.18
[36m(WorkerDict pid=6072)[0m After FSDP, memory allocated (GB): 1.84, memory reserved (GB): 2.45, device memory used/total (GB): 3.60/79.18
[36m(WorkerDict pid=6072)[0m Total steps: -1, num_warmup_steps: 0
[36m(FullyAsyncTaskRunner pid=4806)[0m [ASYNC MAIN] FullyAsyncTrainer created and initialized successfully
[36m(FullyAsyncTaskRunner pid=4806)[0m [ASYNC MAIN] Injecting trainer's worker group into rollouter for hybrid replicas...
[36m(FullyAsyncTaskRunner pid=4806)[0m [ASYNC MAIN] use_trainer_do_validate=False, skipping hybrid worker group setup[36m(pid=6649)[0m WARNING:2026-06-30 19:11:45,183:Platform 'nvidia' (PlatformCUDA) is registered but not available. This may be due to this ray actor being a CPU-only actor.
[36m(pid=6649)[0m W0630 19:11:45.906000 6649 torch/utils/cpp_extension.py:140] No CUDA runtime is found, using CUDA_HOME='/usr/local/cuda'
[36m(FullyAsyncRollouter pid=6649)[0m Generating train split: 0 examples [00:00, ? examples/s]
[36m(FullyAsyncRollouter pid=6649)[0m Generating train split: 147354 examples [00:00, 345940.23 examples/s]
[36m(FullyAsyncRollouter pid=6649)[0m Generating train split: 294708 examples [00:00, 508823.90 examples/s]
[36m(FullyAsyncRollouter pid=6649)[0m Generating train split: 442062 examples [00:00, 643679.41 examples/s]
[36m(FullyAsyncRollouter pid=6649)[0m Generating train split: 589416 examples [00:00, 731482.25 examples/s]
[36m(FullyAsyncRollouter pid=6649)[0m Generating train split: 736770 examples [00:01, 886354.49 examples/s]
[36m(FullyAsyncRollouter pid=6649)[0m Generating train split: 884124 examples [00:01, 861962.49 examples/s]
[36m(FullyAsyncRollouter pid=6649)[0m Generating train split: 1031478 examples [00:01, 906966.93 examples/s]
[36m(FullyAsyncRollouter pid=6649)[0m Generating train split: 1178832 examples [00:01, 845276.87 examples/s]
[36m(FullyAsyncRollouter pid=6649)[0m Generating train split: 1326186 examples [00:01, 964981.70 examples/s]
[36m(FullyAsyncRollouter pid=6649)[0m Generating train split: 1473540 examples [00:01, 999270.96 examples/s]
[36m(FullyAsyncRollouter pid=6649)[0m Generating train split: 1620894 examples [00:01, 1002678.74 examples/s]
[36m(FullyAsyncRollouter pid=6649)[0m Generating train split: 1791700 examples [00:02, 888509.00 examples/s] 
[36m(FullyAsyncRollouter pid=6649)[0m Generating train split: 0 examples [00:00, ? examples/s]Generating train split: 960 examples [00:00, 324929.94 examples/s]
[36m(FullyAsyncRollouter pid=6649)[0m Using blocking ray.get inside async actor. This blocks the event loop. Please use `await` on object ref with asyncio.gather if you want to yield execution to the event loop instead.
[36m(vLLMHttpServer pid=8347)[0m (Worker pid=9335) Loading safetensors checkpoint shards:   0% Completed | 0/1 [00:00<?, ?it/s]
[36m(vLLMHttpServer pid=8347)[0m (Worker pid=9335) Loading safetensors checkpoint shards: 100% Completed | 1/1 [00:00<00:00,  5.92it/s]
[36m(vLLMHttpServer pid=8347)[0m (Worker pid=9335) Loading safetensors checkpoint shards: 100% Completed | 1/1 [00:00<00:00,  5.92it/s]
[36m(vLLMHttpServer pid=8347)[0m (Worker pid=9335) 
[36m(vLLMHttpServer pid=8347)[0m (Worker pid=9335) 2026-06-30 19:12:52,160 - INFO - autotuner.py:457 - flashinfer.jit: [Autotuner]: Autotuning process starts ...
[36m(vLLMHttpServer pid=8347)[0m (Worker pid=9335) 2026-06-30 19:12:52,172 - INFO - autotuner.py:466 - flashinfer.jit: [Autotuner]: Autotuning process ends
[36m(vLLMHttpServer pid=8347)[0m (Worker pid=9335) Capturing CUDA graphs (mixed prefill-decode, PIECEWISE):   0%|          | 0/51 [00:00<?, ?it/s]
[36m(vLLMHttpServer pid=8347)[0m Capturing CUDA graphs (mixed prefill-decode, PIECEWISE):  10%|▉         | 5/51 [00:00<00:01, 39.45it/s]
[36m(vLLMHttpServer pid=8347)[0m Capturing CUDA graphs (mixed prefill-decode, PIECEWISE):  18%|█▊        | 9/51 [00:00<00:01, 37.69it/s]
[36m(vLLMHttpServer pid=8347)[0m Capturing CUDA graphs (mixed prefill-decode, PIECEWISE):  25%|██▌       | 13/51 [00:00<00:01, 37.16it/s]
[36m(vLLMHttpServer pid=8347)[0m Capturing CUDA graphs (mixed prefill-decode, PIECEWISE):  33%|███▎      | 17/51 [00:00<00:00, 36.69it/s]
[36m(vLLMHttpServer pid=8347)[0m Capturing CUDA graphs (mixed prefill-decode, PIECEWISE):  41%|████      | 21/51 [00:00<00:00, 37.38it/s]
[36m(vLLMHttpServer pid=8347)[0m Capturing CUDA graphs (mixed prefill-decode, PIECEWISE):  49%|████▉     | 25/51 [00:00<00:00, 37.29it/s]
[36m(vLLMHttpServer pid=8347)[0m Capturing CUDA graphs (mixed prefill-decode, PIECEWISE):  57%|█████▋    | 29/51 [00:00<00:00, 36.09it/s]
[36m(vLLMHttpServer pid=8347)[0m Capturing CUDA graphs (mixed prefill-decode, PIECEWISE):  65%|██████▍   | 33/51 [00:00<00:00, 36.57it/s]
[36m(vLLMHttpServer pid=8347)[0m Capturing CUDA graphs (mixed prefill-decode, PIECEWISE):  73%|███████▎  | 37/51 [00:01<00:00, 36.11it/s]
[36m(vLLMHttpServer pid=8347)[0m Capturing CUDA graphs (mixed prefill-decode, PIECEWISE):  80%|████████  | 41/51 [00:01<00:00, 35.93it/s]
[36m(vLLMHttpServer pid=8347)[0m Capturing CUDA graphs (mixed prefill-decode, PIECEWISE):  88%|████████▊ | 45/51 [00:01<00:00, 35.45it/s]
[36m(vLLMHttpServer pid=8347)[0m Capturing CUDA graphs (mixed prefill-decode, PIECEWISE):  96%|█████████▌| 49/51 [00:01<00:00, 35.48it/s]
[36m(vLLMHttpServer pid=8347)[0m Capturing CUDA graphs (mixed prefill-decode, PIECEWISE): 100%|██████████| 51/51 [00:01<00:00, 36.21it/s]
[36m(vLLMHttpServer pid=8347)[0m (Worker pid=9335) Capturing CUDA graphs (decode, FULL):   0%|          | 0/51 [00:00<?, ?it/s]
[36m(vLLMHttpServer pid=8347)[0m Capturing CUDA graphs (decode, FULL):  12%|█▏        | 6/51 [00:00<00:00, 53.30it/s]
[36m(vLLMHttpServer pid=8347)[0m Capturing CUDA graphs (decode, FULL):  24%|██▎       | 12/51 [00:00<00:00, 53.06it/s]
[36m(vLLMHttpServer pid=8347)[0m Capturing CUDA graphs (decode, FULL):  35%|███▌      | 18/51 [00:00<00:00, 53.93it/s]
[36m(vLLMHttpServer pid=8347)[0m Capturing CUDA graphs (decode, FULL):  47%|████▋     | 24/51 [00:00<00:00, 55.28it/s]
[36m(vLLMHttpServer pid=8347)[0m Capturing CUDA graphs (decode, FULL):  59%|█████▉    | 30/51 [00:00<00:00, 55.12it/s]
[36m(vLLMHttpServer pid=8347)[0m Capturing CUDA graphs (decode, FULL):  71%|███████   | 36/51 [00:00<00:00, 55.70it/s]
[36m(vLLMHttpServer pid=8347)[0m Capturing CUDA graphs (decode, FULL):  82%|████████▏ | 42/51 [00:00<00:00, 55.49it/s]
[36m(vLLMHttpServer pid=8347)[0m Capturing CUDA graphs (decode, FULL):  94%|█████████▍| 48/51 [00:00<00:00, 56.31it/s]Capturing CUDA graphs (decode, FULL): 100%|██████████| 51/51 [00:00<00:00, 55.68it/s]
[36m(FullyAsyncTrainer pid=5389)[0m Training Progress:   0%|          | 0/2 [00:00<?, ?it/s]
[36m(WorkerDict pid=6072)[0m Using blocking ray.get inside async actor. This blocks the event loop. Please use `await` on object ref with asyncio.gather if you want to yield execution to the event loop instead.
[36m(WorkerDict pid=6072)[0m /usr/local/lib/python3.12/dist-packages/torch/utils/_contextlib.py:124: UserWarning: When using ``NO_SHARD`` for ``ShardingStrategy``, full_state_dict will be returned.
[36m(WorkerDict pid=6072)[0m   return func(*args, **kwargs)
[36m(GlobalRequestLoadBalancer pid=10973)[0m W0630 19:13:04.822000 10973 torch/utils/cpp_extension.py:140] No CUDA runtime is found, using CUDA_HOME='/usr/local/cuda'
[36m(AgentLoopWorker pid=10980)[0m WARNING:2026-06-30 19:13:05,448:Platform 'nvidia' (PlatformCUDA) is registered but not available. This may be due to this ray actor being a CPU-only actor.

[36m(FullyAsyncTaskRunner pid=4806)[0m [ASYNC MAIN] Creating FullyAsyncRollouter...
[36m(FullyAsyncTaskRunner pid=4806)[0m [ASYNC MAIN] Starting create rollouter...
[36m(FullyAsyncRollouter pid=6649)[0m [FullyAsyncRollouter] Creating datasets...
[36m(FullyAsyncRollouter pid=6649)[0m Using dataset class: RLHFDataset
[36m(FullyAsyncRollouter pid=6649)[0m dataset len: 1791700
[36m(FullyAsyncRollouter pid=6649)[0m Using dataset class: RLHFDataset
[36m(FullyAsyncRollouter pid=6649)[0m dataset len: 960
[36m(FullyAsyncRollouter pid=6649)[0m Size of train dataloader: 1791700, Size of val dataloader: 1
[36m(FullyAsyncRollouter pid=6649)[0m Total training steps: 1791700
[36m(FullyAsyncRollouter pid=6649)[0m [FullyAsyncRollouter] Total rollout steps: 16384
[36m(FullyAsyncRollouter pid=6649)[0m WARNING 06-30 19:11:53 [nixl_utils.py:34] NIXL is not available
[36m(FullyAsyncRollouter pid=6649)[0m WARNING 06-30 19:11:53 [nixl_utils.py:44] NIXL agent config is not available
[36m(CheckpointEngineWorker pid=7810)[0m WARNING 06-30 19:12:01 [nixl_utils.py:34] NIXL is not available
[36m(CheckpointEngineWorker pid=7810)[0m WARNING 06-30 19:12:01 [nixl_utils.py:44] NIXL agent config is not available
[36m(pid=8347)[0m WARNING 06-30 19:12:10 [nixl_utils.py:34] NIXL is not available
[36m(pid=8347)[0m WARNING 06-30 19:12:10 [nixl_utils.py:44] NIXL agent config is not available
[36m(vLLMHttpServer pid=8347)[0m ['serve',
[36m(vLLMHttpServer pid=8347)[0m  '/workspace/models/Qwen2.5-0.5B-Instruct',
[36m(vLLMHttpServer pid=8347)[0m  '--dtype',
[36m(vLLMHttpServer pid=8347)[0m  'bfloat16',
[36m(vLLMHttpServer pid=8347)[0m  '--load_format',
[36m(vLLMHttpServer pid=8347)[0m  'auto',
[36m(vLLMHttpServer pid=8347)[0m  '--distributed_executor_backend',
[36m(vLLMHttpServer pid=8347)[0m  'mp',
[36m(vLLMHttpServer pid=8347)[0m  '--worker_extension_cls',
[36m(vLLMHttpServer pid=8347)[0m  'verl.workers.rollout.vllm_rollout.utils.vLLMColocateWorkerExtension',
[36m(vLLMHttpServer pid=8347)[0m  '--max_model_len',
[36m(vLLMHttpServer pid=8347)[0m  '32768',
[36m(vLLMHttpServer pid=8347)[0m  '--max_num_seqs',
[36m(vLLMHttpServer pid=8347)[0m  '1024',
[36m(vLLMHttpServer pid=8347)[0m  '--enable_chunked_prefill',
[36m(vLLMHttpServer pid=8347)[0m  '--max_num_batched_tokens',
[36m(vLLMHttpServer pid=8347)[0m  '8192',
[36m(vLLMHttpServer pid=8347)[0m  '--enable_prefix_caching',
[36m(vLLMHttpServer pid=8347)[0m  '--enable_sleep_mode',
[36m(vLLMHttpServer pid=8347)[0m  '--logprobs_mode',
[36m(vLLMHttpServer pid=8347)[0m  'processed_logprobs',
[36m(vLLMHttpServer pid=8347)[0m  '--gpu_memory_utilization',
[36m(vLLMHttpServer pid=8347)[0m  '0.4',
[36m(vLLMHttpServer pid=8347)[0m  '--disable_log_stats',
[36m(vLLMHttpServer pid=8347)[0m  '--tensor_parallel_size',
[36m(vLLMHttpServer pid=8347)[0m  '1',
[36m(vLLMHttpServer pid=8347)[0m  '--seed',
[36m(vLLMHttpServer pid=8347)[0m  '42',
[36m(vLLMHttpServer pid=8347)[0m  '--override_generation_config',
[36m(vLLMHttpServer pid=8347)[0m  '{"temperature": 1.0, "top_k": -1, "top_p": 1.0, "repetition_penalty": 1.0, '
[36m(vLLMHttpServer pid=8347)[0m  '"max_new_tokens": 4096}',
[36m(vLLMHttpServer pid=8347)[0m  '--hf_overrides',
[36m(vLLMHttpServer pid=8347)[0m  '{}',
[36m(vLLMHttpServer pid=8347)[0m  '--scheduling_policy',
[36m(vLLMHttpServer pid=8347)[0m  'fcfs',
[36m(vLLMHttpServer pid=8347)[0m  '--compilation_config',
[36m(vLLMHttpServer pid=8347)[0m  '{"cudagraph_mode": "FULL_AND_PIECEWISE"}']
[36m(vLLMHttpServer pid=8347)[0m WARNING 06-30 19:12:11 [envs.py:1830] Unknown vLLM environment variable detected: VLLM_USE_V1
[36m(vLLMHttpServer pid=8347)[0m WARNING 06-30 19:12:19 [system_utils.py:157] We must use the `spawn` multiprocessing start method. Overriding VLLM_WORKER_MULTIPROC_METHOD to 'spawn'. See https://docs.vllm.ai/en/latest/usage/troubleshooting.html#python-multiprocessing for more information. Reasons: In a Ray actor and can only be spawned; CUDA is initialized
[36m(vLLMHttpServer pid=8347)[0m WARNING 06-30 19:12:30 [nixl_utils.py:34] NIXL is not available
[36m(vLLMHttpServer pid=8347)[0m WARNING 06-30 19:12:30 [nixl_utils.py:44] NIXL agent config is not available
[36m(vLLMHttpServer pid=8347)[0m (EngineCore pid=9126) WARNING 06-30 19:12:57 [nixl_utils.py:34] NIXL is not available
[36m(vLLMHttpServer pid=8347)[0m (EngineCore pid=9126) WARNING 06-30 19:12:57 [nixl_utils.py:44] NIXL agent config is not available
[36m(vLLMHttpServer pid=8347)[0m WARNING 06-30 19:12:57 [api_router.py:30] LoRA dynamic loading & unloading is enabled in the API server. This should ONLY be used for local development!
[36m(vLLMHttpServer pid=8347)[0m WARNING 06-30 19:12:57 [model.py:1437] Default vLLM sampling parameters have been overridden by the model's `generation_config.json`: `{'repetition_penalty': 1.0, 'temperature': 1.0, 'top_k': -1, 'top_p': 1.0, 'max_tokens': 4096}`. If this is not intended, please relaunch vLLM instance with `--generation-config vllm`.
[36m(FullyAsyncRollouter pid=6649)[0m LLMServerManager: ['10.108.4.22:38791']
[36m(FullyAsyncRollouter pid=6649)[0m [FullyAsyncLLMServerManager] Created: 1 standalone replicas (rank 0+), 0 hybrid replicas registered (sleeping, rank 0--1)
[36m(FullyAsyncTaskRunner pid=4806)[0m [ASYNC MAIN] Rollouter created and initialized successfully
[36m(FullyAsyncTaskRunner pid=4806)[0m [ASYNC MAIN] Setting up rollouter reference on trainer
[36m(FullyAsyncRollouter pid=6649)[0m [FullyAsyncRollouter] required_samples : 2048 max_required_samples: 8192 max_queue_size: 8192 total_train_steps: 2 total_rollout_steps: 16384 max_concurrent_samples: 16 
[36m(FullyAsyncTrainer pid=5389)[0m WARNING 06-30 19:13:00 [nixl_utils.py:34] NIXL is not available
[36m(FullyAsyncTrainer pid=5389)[0m WARNING 06-30 19:13:00 [nixl_utils.py:44] NIXL agent config is not available
[36m(FullyAsyncTaskRunner pid=4806)[0m total_train_steps 2
[36m(FullyAsyncTaskRunner pid=4806)[0m [ASYNC MAIN] Creating MessageQueue... max_queue_size 8192
[36m(FullyAsyncTaskRunner pid=4806)[0m [ASYNC MAIN] Param sync before fit..
[36m(FullyAsyncTrainer pid=5389)[0m [FullyAsyncTrainer] Checkpoint manager initialized
[36m(FullyAsyncRollouter pid=6649)[0m [FullyAsyncRollouter] Resume mode is disabled, starting from scratch
[33m(raylet)[0m It looks like you're creating a detached actor in an anonymous namespace. In order to access this actor in the future, you will need to explicitly connect to this namespace with ray.init(namespace="36173f61-6ef2-421e-b7cd-95c68abe61b5", ...)
[36m(MessageQueue pid=11609)[0m [MessageQueue] initialized with max_queue_size=8192
[36m(FullyAsyncTaskRunner pid=4806)[0m [ASYNC MAIN] All components initialized successfully
[36m(FullyAsyncTaskRunner pid=4806)[0m [ASYNC MAIN] Starting Rollouter and Trainer...
[36m(FullyAsyncTrainer pid=5389)[0m [FullyAsyncTrainer] _fit_update_weights, timing_s/param_sync: 2.3441 seconds self.current_param_version: 0
[36m(FullyAsyncTrainer pid=5389)[0m step:0 - fully_async/rollouter/active_time:71.99983763694763 - fully_async/rollouter/version_time:71.99983763694763 - fully_async/rollouter/idle_ratio:0
[36m(FullyAsyncTrainer pid=5389)[0m [FullyAsyncTrainer] Starting FullyAsyncTrainer...
[36m(FullyAsyncTrainer pid=5389)[0m [FullyAsyncTrainer] Requesting 2048 samples from queue
[36m(FullyAsyncRollouter pid=6649)[0m [FullyAsyncRollouter][Public][reset_staleness] reset staleness_samples to: 0 idle_ratio: 0.0000
[36m(FullyAsyncRollouter pid=6649)[0m [FullyAsyncRollouter] Starting FullyAsyncRollouter...
[36m(FullyAsyncRollouter pid=6649)[0m [FullyAsyncRollouter] Start streaming mode, maximum concurrent samples: 16
[36m(vLLMHttpServer pid=8347)[0m (EngineCore pid=9126) WARNING 06-30 19:13:03 [scheduler.py:1919] reset_connector called but no KV connector is configured.
[36m(AgentLoopWorker pid=10980)[0m Using dataset class: RLHFDataset
[36m(GlobalRequestLoadBalancer pid=10973)[0m WARNING 06-30 19:13:06 [nixl_utils.py:34] NIXL is not available
[36m(GlobalRequestLoadBalancer pid=10973)[0m WARNING 06-30 19:13:06 [nixl_utils.py:44] NIXL agent config is not available[36m(CheckpointEngineWorker pid=7810)[0m Using blocking ray.get inside async actor. This blocks the event loop. Please use `await` on object ref with asyncio.gather if you want to yield execution to the event loop instead.
[36m(AgentLoopWorker pid=10985)[0m W0630 19:13:07.845000 10985 torch/utils/cpp_extension.py:140] No CUDA runtime is found, using CUDA_HOME='/usr/local/cuda'[32m [repeated 8x across cluster] (Ray deduplicates logs by default. Set RAY_DEDUP_LOGS=0 to disable log deduplication, or see https://docs.ray.io/en/master/ray-observability/user-guides/configure-logging.html#log-deduplication for more options.)[0m
[36m(RewardLoopWorker pid=7239)[0m WARNING:2026-06-30 19:13:10,611:Platform 'nvidia' (PlatformCUDA) is registered but not available. This may be due to this ray actor being a CPU-only actor.[32m [repeated 8x across cluster][0m

[36m(AgentLoopWorker pid=10980)[0m WARNING 06-30 19:13:09 [nixl_utils.py:34] NIXL is not available
[36m(AgentLoopWorker pid=10980)[0m WARNING 06-30 19:13:09 [nixl_utils.py:44] NIXL agent config is not available
[36m(vLLMHttpServer pid=8347)[0m WARNING 06-30 19:13:09 [input_processor.py:274] Passing raw prompts to InputProcessor is deprecated and will be removed in v0.18. You should instead pass the outputs of Renderer.render_cmpl() or Renderer.render_chat().
[36m(FullyAsyncTrainer pid=5389)[0m [FullyAsyncTrainer] Collected 64/2048 samples. mq_len: 0
[36m(AgentLoopWorker pid=10986)[0m Using dataset class: RLHFDataset[32m [repeated 7x across cluster][0m
[36m(AgentLoopWorker pid=10986)[0m WARNING 06-30 19:13:09 [nixl_utils.py:34] NIXL is not available[32m [repeated 7x across cluster][0m
[36m(AgentLoopWorker pid=10986)[0m WARNING 06-30 19:13:09 [nixl_utils.py:44] NIXL agent config is not available[32m [repeated 7x across cluster][0m
[36m(MessageQueue pid=11609)[0m MessageQueue stats: produced=100, queue_size=1
[36m(FullyAsyncTrainer pid=5389)[0m [FullyAsyncTrainer] Collected 128/2048 samples. mq_len: 0
[36m(FullyAsyncTrainer pid=5389)[0m [FullyAsyncTrainer] Collected 192/2048 samples. mq_len: 0
[36m(MessageQueue pid=11609)[0m MessageQueue stats: produced=200, queue_size=1
[36m(FullyAsyncTrainer pid=5389)[0m [FullyAsyncTrainer] Collected 256/2048 samples. mq_len: 0
[36m(MessageQueue pid=11609)[0m MessageQueue stats: produced=300, queue_size=1
[36m(FullyAsyncTrainer pid=5389)[0m [FullyAsyncTrainer] Collected 320/2048 samples. mq_len: 0
[36m(FullyAsyncTrainer pid=5389)[0m [FullyAsyncTrainer] Collected 384/2048 samples. mq_len: 0
[36m(MessageQueue pid=11609)[0m MessageQueue stats: produced=400, queue_size=1
[36m(FullyAsyncTrainer pid=5389)[0m [FullyAsyncTrainer] Collected 448/2048 samples. mq_len: 0
[36m(MessageQueue pid=11609)[0m MessageQueue stats: produced=500, queue_size=1
[36m(FullyAsyncTrainer pid=5389)[0m [FullyAsyncTrainer] Collected 512/2048 samples. mq_len: 0
[36m(FullyAsyncTrainer pid=5389)[0m [FullyAsyncTrainer] Collected 576/2048 samples. mq_len: 0
[36m(MessageQueue pid=11609)[0m MessageQueue stats: produced=600, queue_size=1
[36m(FullyAsyncTrainer pid=5389)[0m [FullyAsyncTrainer] Collected 640/2048 samples. mq_len: 0
[36m(MessageQueue pid=11609)[0m MessageQueue stats: produced=700, queue_size=1
[36m(FullyAsyncRollouter pid=6649)[0m [FullyAsyncRollouter][MonitorLoop][Statistics] {'count/dropped_stale_samples': 0,
[36m(FullyAsyncRollouter pid=6649)[0m  'count/staleness_samples': 718,
[36m(FullyAsyncRollouter pid=6649)[0m  'count/total_generated_samples': 701,
[36m(FullyAsyncRollouter pid=6649)[0m  'monitor/active_tasks_size': 16,
[36m(FullyAsyncRollouter pid=6649)[0m  'monitor/queue/mq_queue_size': 0,
[36m(FullyAsyncRollouter pid=6649)[0m  'monitor/queue/pending_queue_size': 128,
[36m(FullyAsyncRollouter pid=6649)[0m  'static/max_concurrent_samples': 16,
[36m(FullyAsyncRollouter pid=6649)[0m  'static/max_queue_size': 8192,
[36m(FullyAsyncRollouter pid=6649)[0m  'static/max_required_samples': 8192,
[36m(FullyAsyncRollouter pid=6649)[0m  'static/required_samples': 2048,
[36m(FullyAsyncRollouter pid=6649)[0m  'static/staleness_threshold': 0}
[36m(FullyAsyncTrainer pid=5389)[0m [FullyAsyncTrainer] Collected 704/2048 samples. mq_len: 0
[36m(FullyAsyncTrainer pid=5389)[0m [FullyAsyncTrainer] Collected 768/2048 samples. mq_len: 0
[36m(MessageQueue pid=11609)[0m MessageQueue stats: produced=800, queue_size=1
[36m(FullyAsyncTrainer pid=5389)[0m [FullyAsyncTrainer] Collected 832/2048 samples. mq_len: 0
[36m(FullyAsyncTrainer pid=5389)[0m [FullyAsyncTrainer] Collected 896/2048 samples. mq_len: 0
[36m(MessageQueue pid=11609)[0m MessageQueue stats: produced=900, queue_size=1
[36m(FullyAsyncTrainer pid=5389)[0m [FullyAsyncTrainer] Collected 960/2048 samples. mq_len: 0
[36m(MessageQueue pid=11609)[0m MessageQueue stats: produced=1000, queue_size=1
[36m(FullyAsyncTrainer pid=5389)[0m [FullyAsyncTrainer] Collected 1024/2048 samples. mq_len: 0
[36m(FullyAsyncTrainer pid=5389)[0m [FullyAsyncTrainer] Collected 1088/2048 samples. mq_len: 0
[36m(MessageQueue pid=11609)[0m MessageQueue stats: produced=1100, queue_size=1
[36m(FullyAsyncTrainer pid=5389)[0m [FullyAsyncTrainer] Collected 1152/2048 samples. mq_len: 0
[36m(MessageQueue pid=11609)[0m MessageQueue stats: produced=1200, queue_size=1
[36m(FullyAsyncTrainer pid=5389)[0m [FullyAsyncTrainer] Collected 1216/2048 samples. mq_len: 0
[36m(FullyAsyncTrainer pid=5389)[0m [FullyAsyncTrainer] Collected 1280/2048 samples. mq_len: 0
[36m(MessageQueue pid=11609)[0m MessageQueue stats: produced=1300, queue_size=1
[36m(FullyAsyncTrainer pid=5389)[0m [FullyAsyncTrainer] Collected 1344/2048 samples. mq_len: 0
[36m(MessageQueue pid=11609)[0m MessageQueue stats: produced=1400, queue_size=1
[36m(FullyAsyncTrainer pid=5389)[0m [FullyAsyncTrainer] Collected 1408/2048 samples. mq_len: 0
[36m(FullyAsyncTrainer pid=5389)[0m [FullyAsyncTrainer] Collected 1472/2048 samples. mq_len: 0
[36m(FullyAsyncRollouter pid=6649)[0m [FullyAsyncRollouter][MonitorLoop][Statistics] {'count/dropped_stale_samples': 0,
[36m(FullyAsyncRollouter pid=6649)[0m  'count/staleness_samples': 1516,
[36m(FullyAsyncRollouter pid=6649)[0m  'count/total_generated_samples': 1500,
[36m(FullyAsyncRollouter pid=6649)[0m  'monitor/active_tasks_size': 16,
[36m(FullyAsyncRollouter pid=6649)[0m  'monitor/queue/mq_queue_size': 0,
[36m(FullyAsyncRollouter pid=6649)[0m  'monitor/queue/pending_queue_size': 128,
[36m(FullyAsyncRollouter pid=6649)[0m  'static/max_concurrent_samples': 16,
[36m(FullyAsyncRollouter pid=6649)[0m  'static/max_queue_size': 8192,
[36m(FullyAsyncRollouter pid=6649)[0m  'static/max_required_samples': 8192,
[36m(FullyAsyncRollouter pid=6649)[0m  'static/required_samples': 2048,
[36m(FullyAsyncRollouter pid=6649)[0m  'static/staleness_threshold': 0}
[36m(MessageQueue pid=11609)[0m MessageQueue stats: produced=1500, queue_size=1
[36m(FullyAsyncTrainer pid=5389)[0m [FullyAsyncTrainer] Collected 1536/2048 samples. mq_len: 0
[36m(FullyAsyncTrainer pid=5389)[0m [FullyAsyncTrainer] Collected 1600/2048 samples. mq_len: 0
[36m(MessageQueue pid=11609)[0m MessageQueue stats: produced=1600, queue_size=1
[36m(FullyAsyncTrainer pid=5389)[0m [FullyAsyncTrainer] Collected 1664/2048 samples. mq_len: 0
[36m(MessageQueue pid=11609)[0m MessageQueue stats: produced=1700, queue_size=1
[36m(FullyAsyncTrainer pid=5389)[0m [FullyAsyncTrainer] Collected 1728/2048 samples. mq_len: 0
[36m(FullyAsyncTrainer pid=5389)[0m [FullyAsyncTrainer] Collected 1792/2048 samples. mq_len: 0
[36m(MessageQueue pid=11609)[0m MessageQueue stats: produced=1800, queue_size=1
[36m(FullyAsyncTrainer pid=5389)[0m [FullyAsyncTrainer] Collected 1856/2048 samples. mq_len: 0
[36m(MessageQueue pid=11609)[0m MessageQueue stats: produced=1900, queue_size=1
[36m(FullyAsyncTrainer pid=5389)[0m [FullyAsyncTrainer] Collected 1920/2048 samples. mq_len: 0
[36m(FullyAsyncTrainer pid=5389)[0m [FullyAsyncTrainer] Collected 1984/2048 samples. mq_len: 0
[36m(MessageQueue pid=11609)[0m MessageQueue stats: produced=2000, queue_size=1
[36m(FullyAsyncTrainer pid=5389)[0m [FullyAsyncTrainer] Collected 2048/2048 samples. mq_len: 0
[36m(FullyAsyncTrainer pid=5389)[0m [FullyAsyncTrainer] Loop collection completed: 2048/2048 samples, total wait time: 165.33 seconds. mq_len: 0
[36m(MessageQueue pid=11609)[0m MessageQueue stats: produced=2100, queue_size=52
[36m(FullyAsyncTrainer pid=5389)[0m [BatchUtils] Assembling batch from 2048 RolloutSample objects
[36m(MessageQueue pid=11609)[0m MessageQueue stats: produced=2200, queue_size=152
[36m(FullyAsyncRollouter pid=6649)[0m [FullyAsyncRollouter][MonitorLoop][Statistics] {'count/dropped_stale_samples': 0,
[36m(FullyAsyncRollouter pid=6649)[0m  'count/staleness_samples': 2277,
[36m(FullyAsyncRollouter pid=6649)[0m  'count/total_generated_samples': 2260,
[36m(FullyAsyncRollouter pid=6649)[0m  'monitor/active_tasks_size': 16,
[36m(FullyAsyncRollouter pid=6649)[0m  'monitor/queue/mq_queue_size': 212,[36m(FullyAsyncTrainer pid=5389)[0m W0630 19:16:24.960000 5389 torch/fx/_symbolic_trace.py:53] is_fx_tracing will return true for both fx.symbolic_trace and torch.export. Please use is_fx_tracing_symbolic_tracing() for specifically fx.symbolic_trace or torch.compiler.is_compiling() for specifically torch.export/compile.
[36m(RewardLoopWorker pid=7243)[0m WARNING:2026-06-30 19:13:10,933:Platform 'nvidia' (PlatformCUDA) is registered but not available. This may be due to this ray actor being a CPU-only actor.[32m [repeated 7x across cluster][0m
[36m(WorkerDict pid=6072)[0m [rank0]:W0630 19:17:13.797000 6072 torch/fx/_symbolic_trace.py:53] is_fx_tracing will return true for both fx.symbolic_trace and torch.export. Please use is_fx_tracing_symbolic_tracing() for specifically fx.symbolic_trace or torch.compiler.is_compiling() for specifically torch.export/compile.

[36m(FullyAsyncRollouter pid=6649)[0m  'monitor/queue/pending_queue_size': 128,
[36m(FullyAsyncRollouter pid=6649)[0m  'static/max_concurrent_samples': 16,
[36m(FullyAsyncRollouter pid=6649)[0m  'static/max_queue_size': 8192,
[36m(FullyAsyncRollouter pid=6649)[0m  'static/max_required_samples': 8192,
[36m(FullyAsyncRollouter pid=6649)[0m  'static/required_samples': 2048,
[36m(FullyAsyncRollouter pid=6649)[0m  'static/staleness_threshold': 0}
[36m(MessageQueue pid=11609)[0m MessageQueue stats: produced=2300, queue_size=252
[36m(FullyAsyncTrainer pid=5389)[0m [BatchUtils] Batch assembly completed in 18.46s
[36m(MessageQueue pid=11609)[0m MessageQueue stats: produced=2400, queue_size=352
[36m(MessageQueue pid=11609)[0m MessageQueue stats: produced=2500, queue_size=452
[36m(MessageQueue pid=11609)[0m MessageQueue stats: produced=2600, queue_size=552
[36m(MessageQueue pid=11609)[0m MessageQueue stats: produced=2700, queue_size=652
[36m(MessageQueue pid=11609)[0m MessageQueue stats: produced=2800, queue_size=752
[36m(MessageQueue pid=11609)[0m MessageQueue stats: produced=2900, queue_size=852
[36m(MessageQueue pid=11609)[0m MessageQueue stats: produced=3000, queue_size=952
[36m(FullyAsyncRollouter pid=6649)[0m [FullyAsyncRollouter][MonitorLoop][Statistics] {'count/dropped_stale_samples': 0,
[36m(FullyAsyncRollouter pid=6649)[0m  'count/staleness_samples': 3074,
[36m(FullyAsyncRollouter pid=6649)[0m  'count/total_generated_samples': 3057,
[36m(FullyAsyncRollouter pid=6649)[0m  'monitor/active_tasks_size': 16,
[36m(FullyAsyncRollouter pid=6649)[0m  'monitor/queue/mq_queue_size': 1009,
[36m(FullyAsyncRollouter pid=6649)[0m  'monitor/queue/pending_queue_size': 128,
[36m(FullyAsyncRollouter pid=6649)[0m  'static/max_concurrent_samples': 16,
[36m(FullyAsyncRollouter pid=6649)[0m  'static/max_queue_size': 8192,
[36m(FullyAsyncRollouter pid=6649)[0m  'static/max_required_samples': 8192,
[36m(FullyAsyncRollouter pid=6649)[0m  'static/required_samples': 2048,
[36m(FullyAsyncRollouter pid=6649)[0m  'static/staleness_threshold': 0}
[36m(MessageQueue pid=11609)[0m MessageQueue stats: produced=3100, queue_size=1052
[36m(MessageQueue pid=11609)[0m MessageQueue stats: produced=3200, queue_size=1152
[36m(MessageQueue pid=11609)[0m MessageQueue stats: produced=3300, queue_size=1252
[36m(MessageQueue pid=11609)[0m MessageQueue stats: produced=3400, queue_size=1352
[36m(MessageQueue pid=11609)[0m MessageQueue stats: produced=3500, queue_size=1452
[36m(MessageQueue pid=11609)[0m MessageQueue stats: produced=3600, queue_size=1552
[36m(MessageQueue pid=11609)[0m MessageQueue stats: produced=3700, queue_size=1652
[36m(MessageQueue pid=11609)[0m MessageQueue stats: produced=3800, queue_size=1752
[36m(FullyAsyncRollouter pid=6649)[0m [FullyAsyncRollouter][MonitorLoop][Statistics] {'count/dropped_stale_samples': 0,
[36m(FullyAsyncRollouter pid=6649)[0m  'count/staleness_samples': 3857,
[36m(FullyAsyncRollouter pid=6649)[0m  'count/total_generated_samples': 3840,
[36m(FullyAsyncRollouter pid=6649)[0m  'monitor/active_tasks_size': 16,
[36m(FullyAsyncRollouter pid=6649)[0m  'monitor/queue/mq_queue_size': 1792,
[36m(FullyAsyncRollouter pid=6649)[0m  'monitor/queue/pending_queue_size': 128,
[36m(FullyAsyncRollouter pid=6649)[0m  'static/max_concurrent_samples': 16,
[36m(FullyAsyncRollouter pid=6649)[0m  'static/max_queue_size': 8192,
[36m(FullyAsyncRollouter pid=6649)[0m  'static/max_required_samples': 8192,
[36m(FullyAsyncRollouter pid=6649)[0m  'static/required_samples': 2048,
[36m(FullyAsyncRollouter pid=6649)[0m  'static/staleness_threshold': 0}
[36m(MessageQueue pid=11609)[0m MessageQueue stats: produced=3900, queue_size=1852
[36m(MessageQueue pid=11609)[0m MessageQueue stats: produced=4000, queue_size=1952
[36m(MessageQueue pid=11609)[0m MessageQueue stats: produced=4100, queue_size=2052
[36m(MessageQueue pid=11609)[0m MessageQueue stats: produced=4200, queue_size=2152
[36m(MessageQueue pid=11609)[0m MessageQueue stats: produced=4300, queue_size=2252
[36m(MessageQueue pid=11609)[0m MessageQueue stats: produced=4400, queue_size=2352
[36m(MessageQueue pid=11609)[0m MessageQueue stats: produced=4500, queue_size=2452
[36m(MessageQueue pid=11609)[0m MessageQueue stats: produced=4600, queue_size=2552
[36m(FullyAsyncRollouter pid=6649)[0m [FullyAsyncRollouter][MonitorLoop][Statistics] {'count/dropped_stale_samples': 0,
[36m(FullyAsyncRollouter pid=6649)[0m  'count/staleness_samples': 4629,
[36m(FullyAsyncRollouter pid=6649)[0m  'count/total_generated_samples': 4612,
[36m(FullyAsyncRollouter pid=6649)[0m  'monitor/active_tasks_size': 16,
[36m(FullyAsyncRollouter pid=6649)[0m  'monitor/queue/mq_queue_size': 2564,
[36m(FullyAsyncRollouter pid=6649)[0m  'monitor/queue/pending_queue_size': 128,
[36m(FullyAsyncRollouter pid=6649)[0m  'static/max_concurrent_samples': 16,
[36m(FullyAsyncRollouter pid=6649)[0m  'static/max_queue_size': 8192,
[36m(FullyAsyncRollouter pid=6649)[0m  'static/max_required_samples': 8192,
[36m(FullyAsyncRollouter pid=6649)[0m  'static/required_samples': 2048,
[36m(FullyAsyncRollouter pid=6649)[0m  'static/staleness_threshold': 0}
[36m(MessageQueue pid=11609)[0m MessageQueue stats: produced=4700, queue_size=2652
[36m(MessageQueue pid=11609)[0m MessageQueue stats: produced=4800, queue_size=2752
[36m(MessageQueue pid=11609)[0m MessageQueue stats: produced=4900, queue_size=2852
[36m(MessageQueue pid=11609)[0m MessageQueue stats: produced=5000, queue_size=2952
[36m(MessageQueue pid=11609)[0m MessageQueue stats: produced=5100, queue_size=3052
[36m(MessageQueue pid=11609)[0m MessageQueue stats: produced=5200, queue_size=3152
[36m(MessageQueue pid=11609)[0m MessageQueue stats: produced=5300, queue_size=3252
[36m(FullyAsyncRollouter pid=6649)[0m [FullyAsyncRollouter][MonitorLoop][Statistics] {'count/dropped_stale_samples': 0,
[36m(FullyAsyncRollouter pid=6649)[0m  'count/staleness_samples': 5392,
[36m(FullyAsyncRollouter pid=6649)[0m  'count/total_generated_samples': 5375,
[36m(FullyAsyncRollouter pid=6649)[0m  'monitor/active_tasks_size': 16,
[36m(FullyAsyncRollouter pid=6649)[0m  'monitor/queue/mq_queue_size': 3327,
[36m(FullyAsyncRollouter pid=6649)[0m  'monitor/queue/pending_queue_size': 128,
[36m(FullyAsyncRollouter pid=6649)[0m  'static/max_concurrent_samples': 16,
[36m(FullyAsyncRollouter pid=6649)[0m  'static/max_queue_size': 8192,
[36m(FullyAsyncRollouter pid=6649)[0m  'static/max_required_samples': 8192,
[36m(FullyAsyncRollouter pid=6649)[0m  'static/required_samples': 2048,
[36m(FullyAsyncRollouter pid=6649)[0m  'static/staleness_threshold': 0}
[36m(MessageQueue pid=11609)[0m MessageQueue stats: produced=5400, queue_size=3352
[36m(MessageQueue pid=11609)[0m MessageQueue stats: produced=5500, queue_size=3452
[36m(MessageQueue pid=11609)[0m MessageQueue stats: produced=5600, queue_size=3552
[36m(MessageQueue pid=11609)[0m MessageQueue stats: produced=5700, queue_size=3652
[36m(MessageQueue pid=11609)[0m MessageQueue stats: produced=5800, queue_size=3752
[36m(FullyAsyncTrainer pid=5389)[0m [FullyAsyncTrainer] global_steps: 1 local_trigger_step: 1 trigger_parameter_sync_step: 4 19:20:42.848
[36m(FullyAsyncTrainer pid=5389)[0m [FullyAsyncTrainer] Requesting 2048 samples from queue
[36m(FullyAsyncTrainer pid=5389)[0m [FullyAsyncTrainer] Collected 64/2048 samples. mq_len: 3770
[36m(FullyAsyncTrainer pid=5389)[0m [FullyAsyncTrainer] Collected 128/2048 samples. mq_len: 3710
[36m(FullyAsyncTrainer pid=5389)[0m [FullyAsyncTrainer] Collected 192/2048 samples. mq_len: 3649
[36m(FullyAsyncTrainer pid=5389)[0m [FullyAsyncTrainer] Collected 256/2048 samples. mq_len: 3591
[36m(FullyAsyncTrainer pid=5389)[0m [FullyAsyncTrainer] Collected 320/2048 samples. mq_len: 3529
[36m(MessageQueue pid=11609)[0m MessageQueue stats: produced=5900, queue_size=3491
[36m(FullyAsyncTrainer pid=5389)[0m [FullyAsyncTrainer] Collected 384/2048 samples. mq_len: 3469
[36m(FullyAsyncTrainer pid=5389)[0m [FullyAsyncTrainer] Collected 448/2048 samples. mq_len: 3409
[36m(FullyAsyncTrainer pid=5389)[0m [FullyAsyncTrainer] Collected 512/2048 samples. mq_len: 3351
[36m(FullyAsyncTrainer pid=5389)[0m [FullyAsyncTrainer] Collected 576/2048 samples. mq_len: 3289
[36m(FullyAsyncTrainer pid=5389)[0m [FullyAsyncTrainer] Collected 640/2048 samples. mq_len: 3229
[36m(FullyAsyncTrainer pid=5389)[0m [FullyAsyncTrainer] Collected 704/2048 samples. mq_len: 3168
[36m(FullyAsyncTrainer pid=5389)[0m [FullyAsyncTrainer] Collected 768/2048 samples. mq_len: 3109
[36m(FullyAsyncTrainer pid=5389)[0m [FullyAsyncTrainer] Collected 832/2048 samples. mq_len: 3049
[36m(FullyAsyncTrainer pid=5389)[0m [FullyAsyncTrainer] Collected 896/2048 samples. mq_len: 2988
[36m(FullyAsyncTrainer pid=5389)[0m [FullyAsyncTrainer] Collected 960/2048 samples. mq_len: 2927
[36m(FullyAsyncTrainer pid=5389)[0m [FullyAsyncTrainer] Collected 1024/2048 samples. mq_len: 2866
[36m(FullyAsyncTrainer pid=5389)[0m [FullyAsyncTrainer] Collected 1088/2048 samples. mq_len: 2806
[36m(FullyAsyncTrainer pid=5389)[0m [FullyAsyncTrainer] Collected 1152/2048 samples. mq_len: 2745
[36m(FullyAsyncTrainer pid=5389)[0m [FullyAsyncTrainer] Collected 1216/2048 samples. mq_len: 2685
[36m(FullyAsyncTrainer pid=5389)[0m [FullyAsyncTrainer] Collected 1280/2048 samples. mq_len: 2626
[36m(FullyAsyncTrainer pid=5389)[0m [FullyAsyncTrainer] Collected 1344/2048 samples. mq_len: 2566
[36m(FullyAsyncTrainer pid=5389)[0m [FullyAsyncTrainer] Collected 1408/2048 samples. mq_len: 2505
[36m(FullyAsyncTrainer pid=5389)[0m [FullyAsyncTrainer] Collected 1472/2048 samples. mq_len: 2445
[36m(FullyAsyncTrainer pid=5389)[0m [FullyAsyncTrainer] Collected 1536/2048 samples. mq_len: 2386
[36m(FullyAsyncTrainer pid=5389)[0m [FullyAsyncTrainer] Collected 1600/2048 samples. mq_len: 2325
[36m(FullyAsyncTrainer pid=5389)[0m [FullyAsyncTrainer] Collected 1664/2048 samples. mq_len: 2265
[36m(FullyAsyncTrainer pid=5389)[0m [FullyAsyncTrainer] Collected 1728/2048 samples. mq_len: 2206
[36m(FullyAsyncTrainer pid=5389)[0m [FullyAsyncTrainer] Collected 1792/2048 samples. mq_len: 2145
[36m(FullyAsyncTrainer pid=5389)[0m [FullyAsyncTrainer] Collected 1856/2048 samples. mq_len: 2083
[36m(FullyAsyncTrainer pid=5389)[0m [FullyAsyncTrainer] Collected 1920/2048 samples. mq_len: 2024
[36m(FullyAsyncTrainer pid=5389)[0m [FullyAsyncTrainer] Collected 1984/2048 samples. mq_len: 1965
[36m(MessageQueue pid=11609)[0m MessageQueue stats: produced=6000, queue_size=1924
[36m(FullyAsyncTrainer pid=5389)[0m [FullyAsyncTrainer] Collected 2048/2048 samples. mq_len: 1904
[36m(FullyAsyncTrainer pid=5389)[0m [FullyAsyncTrainer] Loop collection completed: 2048/2048 samples, total wait time: 10.25 seconds. mq_len: 1904
[36m(FullyAsyncTrainer pid=5389)[0m [BatchUtils] Assembling batch from 2048 RolloutSample objects
[36m(MessageQueue pid=11609)[0m MessageQueue stats: produced=6100, queue_size=2004
[36m(FullyAsyncRollouter pid=6649)[0m [FullyAsyncRollouter][MonitorLoop][Statistics] {'count/dropped_stale_samples': 0,
[36m(FullyAsyncRollouter pid=6649)[0m  'count/staleness_samples': 6168,
[36m(FullyAsyncRollouter pid=6649)[0m  'count/total_generated_samples': 6152,
[36m(FullyAsyncRollouter pid=6649)[0m  'monitor/active_tasks_size': 16,
[36m(FullyAsyncRollouter pid=6649)[0m  'monitor/queue/mq_queue_size': 2056,
[36m(FullyAsyncRollouter pid=6649)[0m  'monitor/queue/pending_queue_size': 128,
[36m(FullyAsyncRollouter pid=6649)[0m  'static/max_concurrent_samples': 16,
[36m(FullyAsyncRollouter pid=6649)[0m  'static/max_queue_size': 8192,
[36m(FullyAsyncRollouter pid=6649)[0m  'static/max_required_samples': 8192,
[36m(FullyAsyncRollouter pid=6649)[0m  'static/required_samples': 2048,
[36m(FullyAsyncRollouter pid=6649)[0m  'static/staleness_threshold': 0}
[36m(MessageQueue pid=11609)[0m MessageQueue stats: produced=6200, queue_size=2104
[36m(FullyAsyncTrainer pid=5389)[0m [BatchUtils] Batch assembly completed in 19.04s
[36m(MessageQueue pid=11609)[0m MessageQueue stats: produced=6300, queue_size=2204
[36m(MessageQueue pid=11609)[0m MessageQueue stats: produced=6400, queue_size=2304
[36m(MessageQueue pid=11609)[0m MessageQueue stats: produced=6500, queue_size=2404
[36m(MessageQueue pid=11609)[0m MessageQueue stats: produced=6600, queue_size=2504
[36m(MessageQueue pid=11609)[0m MessageQueue stats: produced=6700, queue_size=2604
[36m(MessageQueue pid=11609)[0m MessageQueue stats: produced=6800, queue_size=2704
[36m(MessageQueue pid=11609)[0m MessageQueue stats: produced=6900, queue_size=2804
[36m(FullyAsyncRollouter pid=6649)[0m [FullyAsyncRollouter][MonitorLoop][Statistics] {'count/dropped_stale_samples': 0,
[36m(FullyAsyncRollouter pid=6649)[0m  'count/staleness_samples': 6975,
[36m(FullyAsyncRollouter pid=6649)[0m  'count/total_generated_samples': 6958,
[36m(FullyAsyncRollouter pid=6649)[0m  'monitor/active_tasks_size': 16,
[36m(FullyAsyncRollouter pid=6649)[0m  'monitor/queue/mq_queue_size': 2862,
[36m(FullyAsyncRollouter pid=6649)[0m  'monitor/queue/pending_queue_size': 128,
[36m(FullyAsyncRollouter pid=6649)[0m  'static/max_concurrent_samples': 16,
[36m(FullyAsyncRollouter pid=6649)[0m  'static/max_queue_size': 8192,
[36m(FullyAsyncRollouter pid=6649)[0m  'static/max_required_samples': 8192,
[36m(FullyAsyncRollouter pid=6649)[0m  'static/required_samples': 2048,
[36m(FullyAsyncRollouter pid=6649)[0m  'static/staleness_threshold': 0}
[36m(MessageQueue pid=11609)[0m MessageQueue stats: produced=7000, queue_size=2904
[36m(MessageQueue pid=11609)[0m MessageQueue stats: produced=7100, queue_size=3004
[36m(MessageQueue pid=11609)[0m MessageQueue stats: produced=7200, queue_size=3104
[36m(MessageQueue pid=11609)[0m MessageQueue stats: produced=7300, queue_size=3204
[36m(MessageQueue pid=11609)[0m MessageQueue stats: produced=7400, queue_size=3304
[36m(MessageQueue pid=11609)[0m MessageQueue stats: produced=7500, queue_size=3404
[36m(MessageQueue pid=11609)[0m MessageQueue stats: produced=7600, queue_size=3504
[36m(MessageQueue pid=11609)[0m MessageQueue stats: produced=7700, queue_size=3604
[36m(FullyAsyncRollouter pid=6649)[0m [FullyAsyncRollouter][MonitorLoop][Statistics] {'count/dropped_stale_samples': 0,
[36m(FullyAsyncRollouter pid=6649)[0m  'count/staleness_samples': 7764,
[36m(FullyAsyncRollouter pid=6649)[0m  'count/total_generated_samples': 7747,
[36m(FullyAsyncRollouter pid=6649)[0m  'monitor/active_tasks_size': 16,
[36m(FullyAsyncRollouter pid=6649)[0m  'monitor/queue/mq_queue_size': 3651,
[36m(FullyAsyncRollouter pid=6649)[0m  'monitor/queue/pending_queue_size': 128,
[36m(FullyAsyncRollouter pid=6649)[0m  'static/max_concurrent_samples': 16,
[36m(FullyAsyncRollouter pid=6649)[0m  'static/max_queue_size': 8192,
[36m(FullyAsyncRollouter pid=6649)[0m  'static/max_required_samples': 8192,
[36m(FullyAsyncRollouter pid=6649)[0m  'static/required_samples': 2048,
[36m(FullyAsyncRollouter pid=6649)[0m  'static/staleness_threshold': 0}
[36m(MessageQueue pid=11609)[0m MessageQueue stats: produced=7800, queue_size=3704
[36m(MessageQueue pid=11609)[0m MessageQueue stats: produced=7900, queue_size=3804
[36m(MessageQueue pid=11609)[0m MessageQueue stats: produced=8000, queue_size=3904
[36m(MessageQueue pid=11609)[0m MessageQueue stats: produced=8100, queue_size=4004
[36m(FullyAsyncRollouter pid=6649)[0m [FullyAsyncRollouter][ShouldPause] due to staleness_samples 8192 >= max_required_samples 8192 
[36m(FullyAsyncRollouter pid=6649)[0m [FullyAsyncRollouter][Processor] Received pause signal, waiting for remaining tasks to return...
[36m(FullyAsyncRollouter pid=6649)[0m [FullyAsyncRollouter][MonitorLoop][Statistics] {'count/dropped_stale_samples': 0,
[36m(FullyAsyncRollouter pid=6649)[0m  'count/staleness_samples': 8192,
[36m(FullyAsyncRollouter pid=6649)[0m  'count/total_generated_samples': 8192,
[36m(FullyAsyncRollouter pid=6649)[0m  'monitor/active_tasks_size': 0,
[36m(FullyAsyncRollouter pid=6649)[0m  'monitor/queue/mq_queue_size': 4096,
[36m(FullyAsyncRollouter pid=6649)[0m  'monitor/queue/pending_queue_size': 128,
[36m(FullyAsyncRollouter pid=6649)[0m  'static/max_concurrent_samples': 16,
[36m(FullyAsyncRollouter pid=6649)[0m  'static/max_queue_size': 8192,
[36m(FullyAsyncRollouter pid=6649)[0m  'static/max_required_samples': 8192,
[36m(FullyAsyncRollouter pid=6649)[0m  'static/required_samples': 2048,
[36m(FullyAsyncRollouter pid=6649)[0m  'static/staleness_threshold': 0}
[36m(FullyAsyncRollouter pid=6649)[0m 
[36m(FullyAsyncRollouter pid=6649)[0m [FullyAsyncRollouter][MonitorLoop][Statistics] {'count/dropped_stale_samples': 0,
[36m(FullyAsyncRollouter pid=6649)[0m  'count/staleness_samples': 8192,
[36m(FullyAsyncRollouter pid=6649)[0m  'count/total_generated_samples': 8192,
[36m(FullyAsyncRollouter pid=6649)[0m  'monitor/active_tasks_size': 0,
[36m(FullyAsyncRollouter pid=6649)[0m  'monitor/queue/mq_queue_size': 4096,
[36m(FullyAsyncRollouter pid=6649)[0m  'monitor/queue/pending_queue_size': 128,
[36m(FullyAsyncRollouter pid=6649)[0m  'static/max_concurrent_samples': 16,
[36m(FullyAsyncRollouter pid=6649)[0m  'static/max_queue_size': 8192,
[36m(FullyAsyncRollouter pid=6649)[0m  'static/max_required_samples': 8192,
[36m(FullyAsyncRollouter pid=6649)[0m  'static/required_samples': 2048,
[36m(FullyAsyncRollouter pid=6649)[0m  'static/staleness_threshold': 0}
[36m(FullyAsyncTrainer pid=5389)[0m [FullyAsyncTrainer] global_steps: 2 local_trigger_step: 2 trigger_parameter_sync_step: 4 19:25:33.356
[36m(FullyAsyncTrainer pid=5389)[0m [FullyAsyncTrainer] Requesting 2048 samples from queue
[36m(FullyAsyncTrainer pid=5389)[0m [FullyAsyncTrainer] Collected 64/2048 samples. mq_len: 4032
[36m(FullyAsyncTrainer pid=5389)[0m [FullyAsyncTrainer] Collected 128/2048 samples. mq_len: 3968
[36m(FullyAsyncTrainer pid=5389)[0m [FullyAsyncTrainer] Collected 192/2048 samples. mq_len: 3904
[36m(FullyAsyncTrainer pid=5389)[0m [FullyAsyncTrainer] Collected 256/2048 samples. mq_len: 3840
[36m(FullyAsyncTrainer pid=5389)[0m [FullyAsyncTrainer] Collected 320/2048 samples. mq_len: 3776
[36m(FullyAsyncTrainer pid=5389)[0m [FullyAsyncTrainer] Collected 384/2048 samples. mq_len: 3712
[36m(FullyAsyncTrainer pid=5389)[0m [FullyAsyncTrainer] Collected 448/2048 samples. mq_len: 3648
[36m(FullyAsyncTrainer pid=5389)[0m [FullyAsyncTrainer] Collected 512/2048 samples. mq_len: 3584
[36m(FullyAsyncTrainer pid=5389)[0m [FullyAsyncTrainer] Collected 576/2048 samples. mq_len: 3520
[36m(FullyAsyncTrainer pid=5389)[0m [FullyAsyncTrainer] Collected 640/2048 samples. mq_len: 3456
[36m(FullyAsyncTrainer pid=5389)[0m [FullyAsyncTrainer] Collected 704/2048 samples. mq_len: 3392
[36m(FullyAsyncTrainer pid=5389)[0m [FullyAsyncTrainer] Collected 768/2048 samples. mq_len: 3328
[36m(FullyAsyncTrainer pid=5389)[0m [FullyAsyncTrainer] Collected 832/2048 samples. mq_len: 3264
[36m(FullyAsyncTrainer pid=5389)[0m [FullyAsyncTrainer] Collected 896/2048 samples. mq_len: 3200
[36m(FullyAsyncTrainer pid=5389)[0m [FullyAsyncTrainer] Collected 960/2048 samples. mq_len: 3136
[36m(FullyAsyncTrainer pid=5389)[0m [FullyAsyncTrainer] Collected 1024/2048 samples. mq_len: 3072
[36m(FullyAsyncTrainer pid=5389)[0m [FullyAsyncTrainer] Collected 1088/2048 samples. mq_len: 3008
[36m(FullyAsyncTrainer pid=5389)[0m [FullyAsyncTrainer] Collected 1152/2048 samples. mq_len: 2944
[36m(FullyAsyncTrainer pid=5389)[0m [FullyAsyncTrainer] Collected 1216/2048 samples. mq_len: 2880
[36m(FullyAsyncTrainer pid=5389)[0m [FullyAsyncTrainer] Collected 1280/2048 samples. mq_len: 2816
[36m(FullyAsyncTrainer pid=5389)[0m [FullyAsyncTrainer] Collected 1344/2048 samples. mq_len: 2752
[36m(FullyAsyncTrainer pid=5389)[0m [FullyAsyncTrainer] Collected 1408/2048 samples. mq_len: 2688
[36m(FullyAsyncTrainer pid=5389)[0m [FullyAsyncTrainer] Collected 1472/2048 samples. mq_len: 2624
[36m(FullyAsyncTrainer pid=5389)[0m [FullyAsyncTrainer] Collected 1536/2048 samples. mq_len: 2560
[36m(FullyAsyncTrainer pid=5389)[0m [FullyAsyncTrainer] Collected 1600/2048 samples. mq_len: 2496
[36m(FullyAsyncTrainer pid=5389)[0m [FullyAsyncTrainer] Collected 1664/2048 samples. mq_len: 2432
[36m(FullyAsyncTrainer pid=5389)[0m [FullyAsyncTrainer] Collected 1728/2048 samples. mq_len: 2368
[36m(FullyAsyncTrainer pid=5389)[0m [FullyAsyncTrainer] Collected 1792/2048 samples. mq_len: 2304
[36m(FullyAsyncTrainer pid=5389)[0m [FullyAsyncTrainer] Collected 1856/2048 samples. mq_len: 2240
[36m(FullyAsyncTrainer pid=5389)[0m [FullyAsyncTrainer] Collected 1920/2048 samples. mq_len: 2176
[36m(FullyAsyncTrainer pid=5389)[0m [FullyAsyncTrainer] Collected 1984/2048 samples. mq_len: 2112
[36m(FullyAsyncTrainer pid=5389)[0m [FullyAsyncTrainer] Collected 2048/2048 samples. mq_len: 2048
[36m(FullyAsyncTrainer pid=5389)[0m [FullyAsyncTrainer] Loop collection completed: 2048/2048 samples, total wait time: 9.57 seconds. mq_len: 2048
[36m(FullyAsyncTrainer pid=5389)[0m [BatchUtils] Assembling batch from 2048 RolloutSample objects
[36m(FullyAsyncTrainer pid=5389)[0m [BatchUtils] Batch assembly completed in 17.05s
[36m(FullyAsyncRollouter pid=6649)[0m [FullyAsyncRollouter][MonitorLoop][Statistics] {'count/dropped_stale_samples': 0,
[36m(FullyAsyncRollouter pid=6649)[0m  'count/staleness_samples': 8192,
[36m(FullyAsyncRollouter pid=6649)[0m  'count/total_generated_samples': 8192,
[36m(FullyAsyncRollouter pid=6649)[0m  'monitor/active_tasks_size': 0,
[36m(FullyAsyncRollouter pid=6649)[0m  'monitor/queue/mq_queue_size': 2048,
[36m(FullyAsyncRollouter pid=6649)[0m  'monitor/queue/pending_queue_size': 128,
[36m(FullyAsyncRollouter pid=6649)[0m  'static/max_concurrent_samples': 16,
[36m(FullyAsyncRollouter pid=6649)[0m  'static/max_queue_size': 8192,
[36m(FullyAsyncRollouter pid=6649)[0m  'static/max_required_samples': 8192,
[36m(FullyAsyncRollouter pid=6649)[0m  'static/required_samples': 2048,
[36m(FullyAsyncRollouter pid=6649)[0m  'static/staleness_threshold': 0}
[36m(FullyAsyncRollouter pid=6649)[0m [FullyAsyncRollouter][MonitorLoop][Statistics] {'count/dropped_stale_samples': 0,
[36m(FullyAsyncRollouter pid=6649)[0m  'count/staleness_samples': 8192,
[36m(FullyAsyncRollouter pid=6649)[0m  'count/total_generated_samples': 8192,
[36m(FullyAsyncRollouter pid=6649)[0m  'monitor/active_tasks_size': 0,
[36m(FullyAsyncRollouter pid=6649)[0m  'monitor/queue/mq_queue_size': 2048,
[36m(FullyAsyncRollouter pid=6649)[0m  'monitor/queue/pending_queue_size': 128,
[36m(FullyAsyncRollouter pid=6649)[0m  'static/max_concurrent_samples': 16,
[36m(FullyAsyncRollouter pid=6649)[0m  'static/max_queue_size': 8192,
[36m(FullyAsyncRollouter pid=6649)[0m  'static/max_required_samples': 8192,
[36m(FullyAsyncRollouter pid=6649)[0m  'static/required_samples': 2048,
[36m(FullyAsyncRollouter pid=6649)[0m  'static/staleness_threshold': 0}
[36m(FullyAsyncRollouter pid=6649)[0m [FullyAsyncRollouter][MonitorLoop][Statistics] {'count/dropped_stale_samples': 0,
[36m(FullyAsyncRollouter pid=6649)[0m  'count/staleness_samples': 8192,
[36m(FullyAsyncRollouter pid=6649)[0m  'count/total_generated_samples': 8192,
[36m(FullyAsyncRollouter pid=6649)[0m  'monitor/active_tasks_size': 0,
[36m(FullyAsyncRollouter pid=6649)[0m  'monitor/queue/mq_queue_size': 2048,
[36m(FullyAsyncRollouter pid=6649)[0m  'monitor/queue/pending_queue_size': 128,
[36m(FullyAsyncRollouter pid=6649)[0m  'static/max_concurrent_samples': 16,
[36m(FullyAsyncRollouter pid=6649)[0m  'static/max_queue_size': 8192,
[36m(FullyAsyncRollouter pid=6649)[0m  'static/max_required_samples': 8192,
[36m(FullyAsyncRollouter pid=6649)[0m  'static/required_samples': 2048,
[36m(FullyAsyncRollouter pid=6649)[0m  'static/staleness_threshold': 0}
[36m(FullyAsyncRollouter pid=6649)[0m [FullyAsyncRollouter][MonitorLoop][Statistics] {'count/dropped_stale_samples': 0,
[36m(FullyAsyncRollouter pid=6649)[0m  'count/staleness_samples': 8192,
[36m(FullyAsyncRollouter pid=6649)[0m  'count/total_generated_samples': 8192,
[36m(FullyAsyncRollouter pid=6649)[0m  'monitor/active_tasks_size': 0,
[36m(FullyAsyncRollouter pid=6649)[0m  'monitor/queue/mq_queue_size': 2048,
[36m(FullyAsyncRollouter pid=6649)[0m  'monitor/queue/pending_queue_size': 128,
[36m(FullyAsyncRollouter pid=6649)[0m  'static/max_concurrent_samples': 16,
[36m(FullyAsyncRollouter pid=6649)[0m  'static/max_queue_size': 8192,
[36m(FullyAsyncRollouter pid=6649)[0m  'static/max_required_samples': 8192,
[36m(FullyAsyncRollouter pid=6649)[0m  'static/required_samples': 2048,
[36m(FullyAsyncRollouter pid=6649)[0m  'static/staleness_threshold': 0}
[36m(FullyAsyncRollouter pid=6649)[0m [FullyAsyncRollouter][MonitorLoop][Statistics] {'count/dropped_stale_samples': 0,
[36m(FullyAsyncRollouter pid=6649)[0m  'count/staleness_samples': 8192,
[36m(FullyAsyncRollouter pid=6649)[0m  'count/total_generated_samples': 8192,
[36m(FullyAsyncRollouter pid=6649)[0m  'monitor/active_tasks_size': 0,
[36m(FullyAsyncRollouter pid=6649)[0m  'monitor/queue/mq_queue_size': 2048,
[36m(FullyAsyncRollouter pid=6649)[0m  'monitor/queue/pending_queue_size': 128,
[36m(FullyAsyncRollouter pid=6649)[0m  'static/max_concurrent_samples': 16,
[36m(FullyAsyncRollouter pid=6649)[0m  'static/max_queue_size': 8192,
[36m(FullyAsyncRollouter pid=6649)[0m  'static/max_required_samples': 8192,
[36m(FullyAsyncRollouter pid=6649)[0m  'static/required_samples': 2048,
[36m(FullyAsyncRollouter pid=6649)[0m  'static/staleness_threshold': 0}
[36m(FullyAsyncTrainer pid=5389)[0m [FullyAsyncTrainer] global_steps: 3 local_trigger_step: 3 trigger_parameter_sync_step: 4 19:30:14.365
[36m(FullyAsyncTrainer pid=5389)[0m [FullyAsyncTrainer] Requesting 2048 samples from queue
[36m(FullyAsyncTrainer pid=5389)[0m [FullyAsyncTrainer] Collected 64/2048 samples. mq_len: 1984
[36m(FullyAsyncTrainer pid=5389)[0m [FullyAsyncTrainer] Collected 128/2048 samples. mq_len: 1920
[36m(FullyAsyncTrainer pid=5389)[0m [FullyAsyncTrainer] Collected 192/2048 samples. mq_len: 1856
[36m(FullyAsyncTrainer pid=5389)[0m [FullyAsyncTrainer] Collected 256/2048 samples. mq_len: 1792
[36m(FullyAsyncTrainer pid=5389)[0m [FullyAsyncTrainer] Collected 320/2048 samples. mq_len: 1728
[36m(FullyAsyncTrainer pid=5389)[0m [FullyAsyncTrainer] Collected 384/2048 samples. mq_len: 1664
[36m(FullyAsyncTrainer pid=5389)[0m [FullyAsyncTrainer] Collected 448/2048 samples. mq_len: 1600
[36m(FullyAsyncTrainer pid=5389)[0m [FullyAsyncTrainer] Collected 512/2048 samples. mq_len: 1536
[36m(FullyAsyncTrainer pid=5389)[0m [FullyAsyncTrainer] Collected 576/2048 samples. mq_len: 1472
[36m(FullyAsyncTrainer pid=5389)[0m [FullyAsyncTrainer] Collected 640/2048 samples. mq_len: 1408
[36m(FullyAsyncTrainer pid=5389)[0m [FullyAsyncTrainer] Collected 704/2048 samples. mq_len: 1344
[36m(FullyAsyncTrainer pid=5389)[0m [FullyAsyncTrainer] Collected 768/2048 samples. mq_len: 1280
[36m(FullyAsyncTrainer pid=5389)[0m [FullyAsyncTrainer] Collected 832/2048 samples. mq_len: 1216
[36m(FullyAsyncTrainer pid=5389)[0m [FullyAsyncTrainer] Collected 896/2048 samples. mq_len: 1152
[36m(FullyAsyncTrainer pid=5389)[0m [FullyAsyncTrainer] Collected 960/2048 samples. mq_len: 1088
[36m(FullyAsyncTrainer pid=5389)[0m [FullyAsyncTrainer] Collected 1024/2048 samples. mq_len: 1024
[36m(FullyAsyncTrainer pid=5389)[0m [FullyAsyncTrainer] Collected 1088/2048 samples. mq_len: 960
[36m(FullyAsyncTrainer pid=5389)[0m [FullyAsyncTrainer] Collected 1152/2048 samples. mq_len: 896
[36m(FullyAsyncTrainer pid=5389)[0m [FullyAsyncTrainer] Collected 1216/2048 samples. mq_len: 832
[36m(FullyAsyncTrainer pid=5389)[0m [FullyAsyncTrainer] Collected 1280/2048 samples. mq_len: 768
[36m(FullyAsyncTrainer pid=5389)[0m [FullyAsyncTrainer] Collected 1344/2048 samples. mq_len: 704
[36m(FullyAsyncTrainer pid=5389)[0m [FullyAsyncTrainer] Collected 1408/2048 samples. mq_len: 640
[36m(FullyAsyncTrainer pid=5389)[0m [FullyAsyncTrainer] Collected 1472/2048 samples. mq_len: 576
[36m(FullyAsyncTrainer pid=5389)[0m [FullyAsyncTrainer] Collected 1536/2048 samples. mq_len: 512
[36m(FullyAsyncTrainer pid=5389)[0m [FullyAsyncTrainer] Collected 1600/2048 samples. mq_len: 448
[36m(FullyAsyncTrainer pid=5389)[0m [FullyAsyncTrainer] Collected 1664/2048 samples. mq_len: 384
[36m(FullyAsyncTrainer pid=5389)[0m [FullyAsyncTrainer] Collected 1728/2048 samples. mq_len: 320
[36m(FullyAsyncTrainer pid=5389)[0m [FullyAsyncTrainer] Collected 1792/2048 samples. mq_len: 256
[36m(FullyAsyncTrainer pid=5389)[0m [FullyAsyncTrainer] Collected 1856/2048 samples. mq_len: 192
[36m(FullyAsyncTrainer pid=5389)[0m [FullyAsyncTrainer] Collected 1920/2048 samples. mq_len: 128
[36m(FullyAsyncTrainer pid=5389)[0m [FullyAsyncTrainer] Collected 1984/2048 samples. mq_len: 64
[36m(FullyAsyncTrainer pid=5389)[0m [FullyAsyncTrainer] Collected 2048/2048 samples. mq_len: 0
[36m(FullyAsyncTrainer pid=5389)[0m [FullyAsyncTrainer] Loop collection completed: 2048/2048 samples, total wait time: 9.54 seconds. mq_len: 0
[36m(FullyAsyncTrainer pid=5389)[0m [BatchUtils] Assembling batch from 2048 RolloutSample objects
[36m(FullyAsyncTrainer pid=5389)[0m [BatchUtils] Batch assembly completed in 17.83s
[36m(FullyAsyncRollouter pid=6649)[0m [FullyAsyncRollouter][MonitorLoop][Statistics] {'count/dropped_stale_samples': 0,
[36m(FullyAsyncRollouter pid=6649)[0m  'count/staleness_samples': 8192,
[36m(FullyAsyncRollouter pid=6649)[0m  'count/total_generated_samples': 8192,
[36m(FullyAsyncRollouter pid=6649)[0m  'monitor/active_tasks_size': 0,
[36m(FullyAsyncRollouter pid=6649)[0m  'monitor/queue/mq_queue_size': 0,
[36m(FullyAsyncRollouter pid=6649)[0m  'monitor/queue/pending_queue_size': 128,
[36m(FullyAsyncRollouter pid=6649)[0m  'static/max_concurrent_samples': 16,
[36m(FullyAsyncRollouter pid=6649)[0m  'static/max_queue_size': 8192,
[36m(FullyAsyncRollouter pid=6649)[0m  'static/max_required_samples': 8192,
[36m(FullyAsyncRollouter pid=6649)[0m  'static/required_samples': 2048,
[36m(FullyAsyncRollouter pid=6649)[0m  'static/staleness_threshold': 0}
[36m(FullyAsyncRollouter pid=6649)[0m [FullyAsyncRollouter][MonitorLoop][Statistics] {'count/dropped_stale_samples': 0,
[36m(FullyAsyncRollouter pid=6649)[0m  'count/staleness_samples': 8192,
[36m(FullyAsyncRollouter pid=6649)[0m  'count/total_generated_samples': 8192,
[36m(FullyAsyncRollouter pid=6649)[0m  'monitor/active_tasks_size': 0,
[36m(FullyAsyncRollouter pid=6649)[0m  'monitor/queue/mq_queue_size': 0,
[36m(FullyAsyncRollouter pid=6649)[0m  'monitor/queue/pending_queue_size': 128,
[36m(FullyAsyncRollouter pid=6649)[0m  'static/max_concurrent_samples': 16,
[36m(FullyAsyncRollouter pid=6649)[0m  'static/max_queue_size': 8192,
[36m(FullyAsyncRollouter pid=6649)[0m  'static/max_required_samples': 8192,
[36m(FullyAsyncRollouter pid=6649)[0m  'static/required_samples': 2048,
[36m(FullyAsyncRollouter pid=6649)[0m  'static/staleness_threshold': 0}
[36m(FullyAsyncRollouter pid=6649)[0m [FullyAsyncRollouter][MonitorLoop][Statistics] {'count/dropped_stale_samples': 0,
[36m(FullyAsyncRollouter pid=6649)[0m  'count/staleness_samples': 8192,
[36m(FullyAsyncRollouter pid=6649)[0m  'count/total_generated_samples': 8192,
[36m(FullyAsyncRollouter pid=6649)[0m  'monitor/active_tasks_size': 0,
[36m(FullyAsyncRollouter pid=6649)[0m  'monitor/queue/mq_queue_size': 0,
[36m(FullyAsyncRollouter pid=6649)[0m  'monitor/queue/pending_queue_size': 128,
[36m(FullyAsyncRollouter pid=6649)[0m  'static/max_concurrent_samples': 16,
[36m(FullyAsyncRollouter pid=6649)[0m  'static/max_queue_size': 8192,
[36m(FullyAsyncRollouter pid=6649)[0m  'static/max_required_samples': 8192,
[36m(FullyAsyncRollouter pid=6649)[0m  'static/required_samples': 2048,
[36m(FullyAsyncRollouter pid=6649)[0m  'static/staleness_threshold': 0}
[36m(FullyAsyncRollouter pid=6649)[0m [FullyAsyncRollouter][MonitorLoop][Statistics] {'count/dropped_stale_samples': 0,
[36m(FullyAsyncRollouter pid=6649)[0m  'count/staleness_samples': 8192,
[36m(FullyAsyncRollouter pid=6649)[0m  'count/total_generated_samples': 8192,
[36m(FullyAsyncRollouter pid=6649)[0m  'monitor/active_tasks_size': 0,
[36m(FullyAsyncRollouter pid=6649)[0m  'monitor/queue/mq_queue_size': 0,
[36m(FullyAsyncRollouter pid=6649)[0m  'monitor/queue/pending_queue_size': 128,
[36m(FullyAsyncRollouter pid=6649)[0m  'static/max_concurrent_samples': 16,
[36m(FullyAsyncRollouter pid=6649)[0m  'static/max_queue_size': 8192,
[36m(FullyAsyncRollouter pid=6649)[0m  'static/max_required_samples': 8192,
[36m(FullyAsyncRollouter pid=6649)[0m  'static/required_samples': 2048,[36m(WorkerDict pid=6072)[0m /usr/local/lib/python3.12/dist-packages/torch/utils/_contextlib.py:124: UserWarning: When using ``NO_SHARD`` for ``ShardingStrategy``, full_state_dict will be returned.
[36m(WorkerDict pid=6072)[0m   return func(*args, **kwargs)
[36m(FullyAsyncTrainer pid=5389)[0m Training Progress:  50%|█████     | 1/2 [21:57<21:57, 1317.74s/it]

[36m(FullyAsyncRollouter pid=6649)[0m  'static/staleness_threshold': 0}
[36m(FullyAsyncTrainer pid=5389)[0m [FullyAsyncTrainer] global_steps: 4 local_trigger_step: 4 trigger_parameter_sync_step: 4 19:34:55.977
[36m(FullyAsyncTrainer pid=5389)[0m [FullyAsyncTrainer] _fit_update_weights, timing_s/param_sync: 0.8175 seconds self.current_param_version: 1
[36m(FullyAsyncTrainer pid=5389)[0m step:1 - fully_async/rollouter/active_time:640.1569676399231 - fully_async/rollouter/version_time:1313.6356174945831 - fully_async/rollouter/idle_ratio:0.5126830004344315
[36m(FullyAsyncRollouter pid=6649)[0m [FullyAsyncRollouter][Public][reset_staleness] reset staleness_samples to: 0 idle_ratio: 0.5127
[36m(vLLMHttpServer pid=8347)[0m (EngineCore pid=9126) WARNING 06-30 19:34:56 [scheduler.py:1919] reset_connector called but no KV connector is configured.
[36m(MessageQueue pid=11609)[0m MessageQueue stats: produced=8200, queue_size=8
[36m(FullyAsyncTrainer pid=5389)[0m aggregated metrics done. cost 0.0002 seconds.
[36m(FullyAsyncTrainer pid=5389)[0m step:1 - training/global_step:3.0 - training/epoch:0.0 - fully_async/count/stale_trajectory_processed:0.0 - fully_async/count/current_param_version:0.0 - fully_async/processing_time/avg:0.3031111517145562 - fully_async/processing_time/max:11.980122821987607 - fully_async/processing_time/min:0.03714183496776968 - fully_async/processing_time/tp50:0.21170632082309263 - fully_async/processing_time/tp99:1.8492832428166268 - fully_async/processing_time/tp95:0.8670415619494932 - fully_async/monitor/active_tasks_size:16.0 - fully_async/monitor/queue/pending_queue_size:128.0 - fully_async/monitor/queue/mq_queue_size:682.6666666666666 - fully_async/count/total_generated_samples:4096.0 - fully_async/count/staleness_samples:2065.0 - fully_async/count/dropped_stale_samples:0.0 - fully_async/static/max_required_samples:8192.0 - fully_async/static/required_samples:2048.0 - fully_async/static/staleness_threshold:0.0 - fully_async/static/max_queue_size:8192.0 - fully_async/static/max_concurrent_samples:16.0 - fully_async/partial/total_partial_num:0.0 - fully_async/partial/partial_ratio:0.0 - fully_async/partial/max_partial_span:0.0 - timing_s/agent_loop/tool_calls/max:0.0 - timing_s/agent_loop/tool_calls/min:0.0 - timing_s/agent_loop/tool_calls/mean:0.0 - fully_async/total_wait_time:185.15498185157776 - actor/pg_clipfrac:0.000419938569667809 - actor/ppo_kl:0.019240494509455367 - actor/pg_clipfrac_lower:0.0 - actor/pg_loss:0.00935426747165972 - actor/loss:0.009354267345846287 - actor/grad_norm:0.0617042605348009 - actor/perf/max_memory_allocated_gb:26.69224977493286 - actor/perf/max_memory_reserved_gb:71.607421875 - actor/perf/cpu_memory_used_gb:90.11350258191426 - actor/lr:1e-06 - perf/mfu/actor:0.13205119760545617 - critic/score/mean:-1.0002682209014893 - critic/score/max:-1.0 - critic/score/min:-2.0 - critic/rewards/mean:-1.0002682209014893 - critic/rewards/max:-1.0 - critic/rewards/min:-2.0 - critic/advantages/mean:-0.05372363577286402 - critic/advantages/max:0.24999898672103882 - critic/advantages/min:-3.7499847412109375 - critic/returns/mean:-0.05372363577286402 - critic/returns/max:0.24999898672103882 - critic/returns/min:-3.7499847412109375 - response_length/mean:81.81655883789062 - response_length/max:4096.0 - response_length/min:3.0 - response_length/clip_ratio:0.000244140625 - response_length_non_aborted/mean:81.81655883789062 - response_length_non_aborted/max:4096.0 - response_length_non_aborted/min:3.0 - response_length_non_aborted/clip_ratio:0.000244140625 - response/aborted_ratio:0.0 - prompt_length/mean:24.0 - prompt_length/max:24.0 - prompt_length/min:24.0 - prompt_length/clip_ratio:0.0 - num_turns/min:2.0 - num_turns/max:2.0 - num_turns/mean:2.0 - timing_s/start_profile:1.6524980310350657e-05 - timing_s/gen:252.07203682995168 - timing_s/reward:8.55320249684155e-05 - timing_s/adv:1.6192496860167012 - timing_s/update_actor:773.8797123229597 - timing_s/step:1027.587694870017 - timing_s/stop_profile:1.3002019841223955e-05 - timing_per_token_ms/adv:0.00015318999693423682 - timing_per_token_ms/update_actor:0.07131696658553832 - timing_per_token_ms/gen:0.010935532672799758 - perf/total_num_tokens:10402191.0 - perf/time_per_step:1027.587694870017 - perf/throughput:5061.461446030554 - fully_async/trainer/idle_ratio:0.24530464707621583
[36m(FullyAsyncTrainer pid=5389)[0m [FullyAsyncTrainer] Requesting 2048 samples from queue
[36m(FullyAsyncTrainer pid=5389)[0m [FullyAsyncTrainer] Collected 64/2048 samples. mq_len: 0
[36m(MessageQueue pid=11609)[0m MessageQueue stats: produced=8300, queue_size=1
[36m(FullyAsyncTrainer pid=5389)[0m [FullyAsyncTrainer] Collected 128/2048 samples. mq_len: 0
[36m(FullyAsyncTrainer pid=5389)[0m [FullyAsyncTrainer] Collected 192/2048 samples. mq_len: 0
[36m(MessageQueue pid=11609)[0m MessageQueue stats: produced=8400, queue_size=1
[36m(FullyAsyncTrainer pid=5389)[0m [FullyAsyncTrainer] Collected 256/2048 samples. mq_len: 0
[36m(FullyAsyncRollouter pid=6649)[0m [FullyAsyncRollouter][MonitorLoop][Statistics] {'count/dropped_stale_samples': 0,
[36m(FullyAsyncRollouter pid=6649)[0m  'count/staleness_samples': 288,
[36m(FullyAsyncRollouter pid=6649)[0m  'count/total_generated_samples': 8463,
[36m(FullyAsyncRollouter pid=6649)[0m  'monitor/active_tasks_size': 16,
[36m(FullyAsyncRollouter pid=6649)[0m  'monitor/queue/mq_queue_size': 0,
[36m(FullyAsyncRollouter pid=6649)[0m  'monitor/queue/pending_queue_size': 128,
[36m(FullyAsyncRollouter pid=6649)[0m  'static/max_concurrent_samples': 16,
[36m(FullyAsyncRollouter pid=6649)[0m  'static/max_queue_size': 8192,
[36m(FullyAsyncRollouter pid=6649)[0m  'static/max_required_samples': 8192,
[36m(FullyAsyncRollouter pid=6649)[0m  'static/required_samples': 2048,
[36m(FullyAsyncRollouter pid=6649)[0m  'static/staleness_threshold': 0}
[36m(MessageQueue pid=11609)[0m MessageQueue stats: produced=8500, queue_size=1
[36m(FullyAsyncTrainer pid=5389)[0m [FullyAsyncTrainer] Collected 320/2048 samples. mq_len: 0
[36m(FullyAsyncTrainer pid=5389)[0m [FullyAsyncTrainer] Collected 384/2048 samples. mq_len: 0
[36m(MessageQueue pid=11609)[0m MessageQueue stats: produced=8600, queue_size=1
[36m(FullyAsyncTrainer pid=5389)[0m [FullyAsyncTrainer] Collected 448/2048 samples. mq_len: 0
[36m(MessageQueue pid=11609)[0m MessageQueue stats: produced=8700, queue_size=1
[36m(FullyAsyncTrainer pid=5389)[0m [FullyAsyncTrainer] Collected 512/2048 samples. mq_len: 0
[36m(FullyAsyncTrainer pid=5389)[0m [FullyAsyncTrainer] Collected 576/2048 samples. mq_len: 0
[36m(MessageQueue pid=11609)[0m MessageQueue stats: produced=8800, queue_size=1
[36m(FullyAsyncTrainer pid=5389)[0m [FullyAsyncTrainer] Collected 640/2048 samples. mq_len: 0
[36m(FullyAsyncTrainer pid=5389)[0m [FullyAsyncTrainer] Collected 704/2048 samples. mq_len: 0
[36m(MessageQueue pid=11609)[0m MessageQueue stats: produced=8900, queue_size=1
[36m(FullyAsyncTrainer pid=5389)[0m [FullyAsyncTrainer] Collected 768/2048 samples. mq_len: 0
[36m(MessageQueue pid=11609)[0m MessageQueue stats: produced=9000, queue_size=1
[36m(FullyAsyncTrainer pid=5389)[0m [FullyAsyncTrainer] Collected 832/2048 samples. mq_len: 0
[36m(FullyAsyncTrainer pid=5389)[0m [FullyAsyncTrainer] Collected 896/2048 samples. mq_len: 0
[36m(MessageQueue pid=11609)[0m MessageQueue stats: produced=9100, queue_size=1
[36m(FullyAsyncTrainer pid=5389)[0m [FullyAsyncTrainer] Collected 960/2048 samples. mq_len: 0
[36m(MessageQueue pid=11609)[0m MessageQueue stats: produced=9200, queue_size=1
[36m(FullyAsyncTrainer pid=5389)[0m [FullyAsyncTrainer] Collected 1024/2048 samples. mq_len: 0
[36m(FullyAsyncTrainer pid=5389)[0m [FullyAsyncTrainer] Collected 1088/2048 samples. mq_len: 0
[36m(MessageQueue pid=11609)[0m MessageQueue stats: produced=9300, queue_size=1
[36m(FullyAsyncTrainer pid=5389)[0m [FullyAsyncTrainer] Collected 1152/2048 samples. mq_len: 0
[36m(MessageQueue pid=11609)[0m MessageQueue stats: produced=9400, queue_size=1
[36m(FullyAsyncTrainer pid=5389)[0m [FullyAsyncTrainer] Collected 1216/2048 samples. mq_len: 0
[36m(FullyAsyncTrainer pid=5389)[0m [FullyAsyncTrainer] Collected 1280/2048 samples. mq_len: 0
[36m(MessageQueue pid=11609)[0m MessageQueue stats: produced=9500, queue_size=1
[36m(FullyAsyncTrainer pid=5389)[0m [FullyAsyncTrainer] Collected 1344/2048 samples. mq_len: 0
[36m(FullyAsyncTrainer pid=5389)[0m [FullyAsyncTrainer] Collected 1408/2048 samples. mq_len: 0
[36m(MessageQueue pid=11609)[0m MessageQueue stats: produced=9600, queue_size=1
[36m(FullyAsyncRollouter pid=6649)[0m [FullyAsyncRollouter][MonitorLoop][Statistics] {'count/dropped_stale_samples': 0,
[36m(FullyAsyncRollouter pid=6649)[0m  'count/staleness_samples': 1461,
[36m(FullyAsyncRollouter pid=6649)[0m  'count/total_generated_samples': 9636,
[36m(FullyAsyncRollouter pid=6649)[0m  'monitor/active_tasks_size': 16,
[36m(FullyAsyncRollouter pid=6649)[0m  'monitor/queue/mq_queue_size': 0,
[36m(FullyAsyncRollouter pid=6649)[0m  'monitor/queue/pending_queue_size': 128,
[36m(FullyAsyncRollouter pid=6649)[0m  'static/max_concurrent_samples': 16,
[36m(FullyAsyncRollouter pid=6649)[0m  'static/max_queue_size': 8192,
[36m(FullyAsyncRollouter pid=6649)[0m  'static/max_required_samples': 8192,
[36m(FullyAsyncRollouter pid=6649)[0m  'static/required_samples': 2048,
[36m(FullyAsyncRollouter pid=6649)[0m  'static/staleness_threshold': 0}
[36m(FullyAsyncTrainer pid=5389)[0m [FullyAsyncTrainer] Collected 1472/2048 samples. mq_len: 0
[36m(MessageQueue pid=11609)[0m MessageQueue stats: produced=9700, queue_size=1
[36m(FullyAsyncTrainer pid=5389)[0m [FullyAsyncTrainer] Collected 1536/2048 samples. mq_len: 0
[36m(FullyAsyncTrainer pid=5389)[0m [FullyAsyncTrainer] Collected 1600/2048 samples. mq_len: 0
[36m(MessageQueue pid=11609)[0m MessageQueue stats: produced=9800, queue_size=1
[36m(FullyAsyncTrainer pid=5389)[0m [FullyAsyncTrainer] Collected 1664/2048 samples. mq_len: 0
[36m(MessageQueue pid=11609)[0m MessageQueue stats: produced=9900, queue_size=1
[36m(FullyAsyncTrainer pid=5389)[0m [FullyAsyncTrainer] Collected 1728/2048 samples. mq_len: 0
[36m(FullyAsyncTrainer pid=5389)[0m [FullyAsyncTrainer] Collected 1792/2048 samples. mq_len: 0
[36m(MessageQueue pid=11609)[0m MessageQueue stats: produced=10000, queue_size=1
[36m(FullyAsyncTrainer pid=5389)[0m [FullyAsyncTrainer] Collected 1856/2048 samples. mq_len: 0
[36m(MessageQueue pid=11609)[0m MessageQueue stats: produced=10100, queue_size=1
[36m(FullyAsyncTrainer pid=5389)[0m [FullyAsyncTrainer] Collected 1920/2048 samples. mq_len: 0
[36m(FullyAsyncTrainer pid=5389)[0m [FullyAsyncTrainer] Collected 1984/2048 samples. mq_len: 0
[36m(MessageQueue pid=11609)[0m MessageQueue stats: produced=10200, queue_size=1
[36m(FullyAsyncTrainer pid=5389)[0m [FullyAsyncTrainer] Collected 2048/2048 samples. mq_len: 0
[36m(FullyAsyncTrainer pid=5389)[0m [FullyAsyncTrainer] Loop collection completed: 2048/2048 samples, total wait time: 103.99 seconds. mq_len: 0
[36m(FullyAsyncTrainer pid=5389)[0m [BatchUtils] Assembling batch from 2048 RolloutSample objects
[36m(MessageQueue pid=11609)[0m MessageQueue stats: produced=10300, queue_size=60
[36m(MessageQueue pid=11609)[0m MessageQueue stats: produced=10400, queue_size=160
[36m(MessageQueue pid=11609)[0m MessageQueue stats: produced=10500, queue_size=260
[36m(MessageQueue pid=11609)[0m MessageQueue stats: produced=10600, queue_size=360
[36m(FullyAsyncTrainer pid=5389)[0m [BatchUtils] Batch assembly completed in 18.06s
[36m(MessageQueue pid=11609)[0m MessageQueue stats: produced=10700, queue_size=460
[36m(FullyAsyncRollouter pid=6649)[0m [FullyAsyncRollouter][MonitorLoop][Statistics] {'count/dropped_stale_samples': 0,
[36m(FullyAsyncRollouter pid=6649)[0m  'count/staleness_samples': 2621,
[36m(FullyAsyncRollouter pid=6649)[0m  'count/total_generated_samples': 10796,
[36m(FullyAsyncRollouter pid=6649)[0m  'monitor/active_tasks_size': 16,
[36m(FullyAsyncRollouter pid=6649)[0m  'monitor/queue/mq_queue_size': 556,
[36m(FullyAsyncRollouter pid=6649)[0m  'monitor/queue/pending_queue_size': 128,
[36m(FullyAsyncRollouter pid=6649)[0m  'static/max_concurrent_samples': 16,
[36m(FullyAsyncRollouter pid=6649)[0m  'static/max_queue_size': 8192,
[36m(FullyAsyncRollouter pid=6649)[0m  'static/max_required_samples': 8192,
[36m(FullyAsyncRollouter pid=6649)[0m  'static/required_samples': 2048,
[36m(FullyAsyncRollouter pid=6649)[0m  'static/staleness_threshold': 0}
[36m(MessageQueue pid=11609)[0m MessageQueue stats: produced=10800, queue_size=560
[36m(MessageQueue pid=11609)[0m MessageQueue stats: produced=10900, queue_size=660
[36m(MessageQueue pid=11609)[0m MessageQueue stats: produced=11000, queue_size=760
[36m(MessageQueue pid=11609)[0m MessageQueue stats: produced=11100, queue_size=860
[36m(MessageQueue pid=11609)[0m MessageQueue stats: produced=11200, queue_size=960
[36m(MessageQueue pid=11609)[0m MessageQueue stats: produced=11300, queue_size=1060
[36m(MessageQueue pid=11609)[0m MessageQueue stats: produced=11400, queue_size=1160
[36m(MessageQueue pid=11609)[0m MessageQueue stats: produced=11500, queue_size=1260
[36m(MessageQueue pid=11609)[0m MessageQueue stats: produced=11600, queue_size=1360
[36m(MessageQueue pid=11609)[0m MessageQueue stats: produced=11700, queue_size=1460
[36m(MessageQueue pid=11609)[0m MessageQueue stats: produced=11800, queue_size=1560
[36m(MessageQueue pid=11609)[0m MessageQueue stats: produced=11900, queue_size=1660
[36m(FullyAsyncRollouter pid=6649)[0m [FullyAsyncRollouter][MonitorLoop][Statistics] {'count/dropped_stale_samples': 0,
[36m(FullyAsyncRollouter pid=6649)[0m  'count/staleness_samples': 3758,
[36m(FullyAsyncRollouter pid=6649)[0m  'count/total_generated_samples': 11933,
[36m(FullyAsyncRollouter pid=6649)[0m  'monitor/active_tasks_size': 16,
[36m(FullyAsyncRollouter pid=6649)[0m  'monitor/queue/mq_queue_size': 1693,
[36m(FullyAsyncRollouter pid=6649)[0m  'monitor/queue/pending_queue_size': 128,
[36m(FullyAsyncRollouter pid=6649)[0m  'static/max_concurrent_samples': 16,
[36m(FullyAsyncRollouter pid=6649)[0m  'static/max_queue_size': 8192,
[36m(FullyAsyncRollouter pid=6649)[0m  'static/max_required_samples': 8192,
[36m(FullyAsyncRollouter pid=6649)[0m  'static/required_samples': 2048,
[36m(FullyAsyncRollouter pid=6649)[0m  'static/staleness_threshold': 0}
[36m(MessageQueue pid=11609)[0m MessageQueue stats: produced=12000, queue_size=1760
[36m(MessageQueue pid=11609)[0m MessageQueue stats: produced=12100, queue_size=1860
[36m(MessageQueue pid=11609)[0m MessageQueue stats: produced=12200, queue_size=1960
[36m(MessageQueue pid=11609)[0m MessageQueue stats: produced=12300, queue_size=2060
[36m(MessageQueue pid=11609)[0m MessageQueue stats: produced=12400, queue_size=2160
[36m(MessageQueue pid=11609)[0m MessageQueue stats: produced=12500, queue_size=2260
[36m(MessageQueue pid=11609)[0m MessageQueue stats: produced=12600, queue_size=2360
[36m(MessageQueue pid=11609)[0m MessageQueue stats: produced=12700, queue_size=2460
[36m(MessageQueue pid=11609)[0m MessageQueue stats: produced=12800, queue_size=2560
[36m(MessageQueue pid=11609)[0m MessageQueue stats: produced=12900, queue_size=2660
[36m(MessageQueue pid=11609)[0m MessageQueue stats: produced=13000, queue_size=2760
[36m(FullyAsyncRollouter pid=6649)[0m [FullyAsyncRollouter][MonitorLoop][Statistics] {'count/dropped_stale_samples': 0,
[36m(FullyAsyncRollouter pid=6649)[0m  'count/staleness_samples': 4898,
[36m(FullyAsyncRollouter pid=6649)[0m  'count/total_generated_samples': 13073,
[36m(FullyAsyncRollouter pid=6649)[0m  'monitor/active_tasks_size': 16,
[36m(FullyAsyncRollouter pid=6649)[0m  'monitor/queue/mq_queue_size': 2833,
[36m(FullyAsyncRollouter pid=6649)[0m  'monitor/queue/pending_queue_size': 128,
[36m(FullyAsyncRollouter pid=6649)[0m  'static/max_concurrent_samples': 16,
[36m(FullyAsyncRollouter pid=6649)[0m  'static/max_queue_size': 8192,
[36m(FullyAsyncRollouter pid=6649)[0m  'static/max_required_samples': 8192,
[36m(FullyAsyncRollouter pid=6649)[0m  'static/required_samples': 2048,
[36m(FullyAsyncRollouter pid=6649)[0m  'static/staleness_threshold': 0}
[36m(MessageQueue pid=11609)[0m MessageQueue stats: produced=13100, queue_size=2860
[36m(MessageQueue pid=11609)[0m MessageQueue stats: produced=13200, queue_size=2960
[36m(MessageQueue pid=11609)[0m MessageQueue stats: produced=13300, queue_size=3060
[36m(MessageQueue pid=11609)[0m MessageQueue stats: produced=13400, queue_size=3160
[36m(MessageQueue pid=11609)[0m MessageQueue stats: produced=13500, queue_size=3260
[36m(MessageQueue pid=11609)[0m MessageQueue stats: produced=13600, queue_size=3360
[36m(MessageQueue pid=11609)[0m MessageQueue stats: produced=13700, queue_size=3460
[36m(MessageQueue pid=11609)[0m MessageQueue stats: produced=13800, queue_size=3560
[36m(MessageQueue pid=11609)[0m MessageQueue stats: produced=13900, queue_size=3660
[36m(MessageQueue pid=11609)[0m MessageQueue stats: produced=14000, queue_size=3760
[36m(MessageQueue pid=11609)[0m MessageQueue stats: produced=14100, queue_size=3860
[36m(MessageQueue pid=11609)[0m MessageQueue stats: produced=14200, queue_size=3960
[36m(FullyAsyncRollouter pid=6649)[0m [FullyAsyncRollouter][MonitorLoop][Statistics] {'count/dropped_stale_samples': 0,
[36m(FullyAsyncRollouter pid=6649)[0m  'count/staleness_samples': 6077,
[36m(FullyAsyncRollouter pid=6649)[0m  'count/total_generated_samples': 14252,
[36m(FullyAsyncRollouter pid=6649)[0m  'monitor/active_tasks_size': 16,
[36m(FullyAsyncRollouter pid=6649)[0m  'monitor/queue/mq_queue_size': 4012,
[36m(FullyAsyncRollouter pid=6649)[0m  'monitor/queue/pending_queue_size': 128,
[36m(FullyAsyncRollouter pid=6649)[0m  'static/max_concurrent_samples': 16,
[36m(FullyAsyncRollouter pid=6649)[0m  'static/max_queue_size': 8192,
[36m(FullyAsyncRollouter pid=6649)[0m  'static/max_required_samples': 8192,
[36m(FullyAsyncRollouter pid=6649)[0m  'static/required_samples': 2048,
[36m(FullyAsyncRollouter pid=6649)[0m  'static/staleness_threshold': 0}
[36m(MessageQueue pid=11609)[0m MessageQueue stats: produced=14300, queue_size=4060
[36m(MessageQueue pid=11609)[0m MessageQueue stats: produced=14400, queue_size=4160
[36m(MessageQueue pid=11609)[0m MessageQueue stats: produced=14500, queue_size=4260
[36m(MessageQueue pid=11609)[0m MessageQueue stats: produced=14600, queue_size=4360
[36m(MessageQueue pid=11609)[0m MessageQueue stats: produced=14700, queue_size=4460
[36m(FullyAsyncTrainer pid=5389)[0m [FullyAsyncTrainer] global_steps: 5 local_trigger_step: 1 trigger_parameter_sync_step: 4 19:40:40.996
[36m(MessageQueue pid=11609)[0m MessageQueue stats: produced=14800, queue_size=4560
[36m(FullyAsyncTrainer pid=5389)[0m [FullyAsyncTrainer] Requesting 2048 samples from queue
[36m(FullyAsyncTrainer pid=5389)[0m [FullyAsyncTrainer] Collected 64/2048 samples. mq_len: 4537
[36m(FullyAsyncTrainer pid=5389)[0m [FullyAsyncTrainer] Collected 128/2048 samples. mq_len: 4478
[36m(FullyAsyncTrainer pid=5389)[0m [FullyAsyncTrainer] Collected 192/2048 samples. mq_len: 4420
[36m(FullyAsyncTrainer pid=5389)[0m [FullyAsyncTrainer] Collected 256/2048 samples. mq_len: 4362
[36m(FullyAsyncTrainer pid=5389)[0m [FullyAsyncTrainer] Collected 320/2048 samples. mq_len: 4303
[36m(FullyAsyncTrainer pid=5389)[0m [FullyAsyncTrainer] Collected 384/2048 samples. mq_len: 4244
[36m(FullyAsyncTrainer pid=5389)[0m [FullyAsyncTrainer] Collected 448/2048 samples. mq_len: 4186
[36m(FullyAsyncTrainer pid=5389)[0m [FullyAsyncTrainer] Collected 512/2048 samples. mq_len: 4128
[36m(FullyAsyncTrainer pid=5389)[0m [FullyAsyncTrainer] Collected 576/2048 samples. mq_len: 4072
[36m(FullyAsyncTrainer pid=5389)[0m [FullyAsyncTrainer] Collected 640/2048 samples. mq_len: 4012
[36m(MessageQueue pid=11609)[0m MessageQueue stats: produced=14900, queue_size=4004
[36m(FullyAsyncTrainer pid=5389)[0m [FullyAsyncTrainer] Collected 704/2048 samples. mq_len: 3958
[36m(FullyAsyncTrainer pid=5389)[0m [FullyAsyncTrainer] Collected 768/2048 samples. mq_len: 3897
[36m(FullyAsyncTrainer pid=5389)[0m [FullyAsyncTrainer] Collected 832/2048 samples. mq_len: 3840
[36m(FullyAsyncTrainer pid=5389)[0m [FullyAsyncTrainer] Collected 896/2048 samples. mq_len: 3782
[36m(FullyAsyncTrainer pid=5389)[0m [FullyAsyncTrainer] Collected 960/2048 samples. mq_len: 3724
[36m(FullyAsyncTrainer pid=5389)[0m [FullyAsyncTrainer] Collected 1024/2048 samples. mq_len: 3665
[36m(FullyAsyncTrainer pid=5389)[0m [FullyAsyncTrainer] Collected 1088/2048 samples. mq_len: 3608
[36m(FullyAsyncTrainer pid=5389)[0m [FullyAsyncTrainer] Collected 1152/2048 samples. mq_len: 3553
[36m(FullyAsyncTrainer pid=5389)[0m [FullyAsyncTrainer] Collected 1216/2048 samples. mq_len: 3494
[36m(FullyAsyncTrainer pid=5389)[0m [FullyAsyncTrainer] Collected 1280/2048 samples. mq_len: 3435
[36m(FullyAsyncTrainer pid=5389)[0m [FullyAsyncTrainer] Collected 1344/2048 samples. mq_len: 3380
[36m(FullyAsyncTrainer pid=5389)[0m [FullyAsyncTrainer] Collected 1408/2048 samples. mq_len: 3321
[36m(FullyAsyncTrainer pid=5389)[0m [FullyAsyncTrainer] Collected 1472/2048 samples. mq_len: 3262
[36m(FullyAsyncTrainer pid=5389)[0m [FullyAsyncTrainer] Collected 1536/2048 samples. mq_len: 3205
[36m(FullyAsyncTrainer pid=5389)[0m [FullyAsyncTrainer] Collected 1600/2048 samples. mq_len: 3144
[36m(FullyAsyncTrainer pid=5389)[0m [FullyAsyncTrainer] Collected 1664/2048 samples. mq_len: 3086
[36m(FullyAsyncTrainer pid=5389)[0m [FullyAsyncTrainer] Collected 1728/2048 samples. mq_len: 3029
[36m(MessageQueue pid=11609)[0m MessageQueue stats: produced=15000, queue_size=2999
[36m(FullyAsyncTrainer pid=5389)[0m [FullyAsyncTrainer] Collected 1792/2048 samples. mq_len: 2970
[36m(FullyAsyncTrainer pid=5389)[0m [FullyAsyncTrainer] Collected 1856/2048 samples. mq_len: 2911
[36m(FullyAsyncTrainer pid=5389)[0m [FullyAsyncTrainer] Collected 1920/2048 samples. mq_len: 2855
[36m(FullyAsyncTrainer pid=5389)[0m 
[36m(FullyAsyncTrainer pid=5389)[0m [FullyAsyncTrainer] Collected 1984/2048 samples. mq_len: 2795
[36m(FullyAsyncTrainer pid=5389)[0m [FullyAsyncTrainer] Collected 2048/2048 samples. mq_len: 2737
[36m(FullyAsyncTrainer pid=5389)[0m [FullyAsyncTrainer] Loop collection completed: 2048/2048 samples, total wait time: 10.44 seconds. mq_len: 2737
[36m(FullyAsyncTrainer pid=5389)[0m [BatchUtils] Assembling batch from 2048 RolloutSample objects
[36m(MessageQueue pid=11609)[0m MessageQueue stats: produced=15100, queue_size=2812
[36m(MessageQueue pid=11609)[0m MessageQueue stats: produced=15200, queue_size=2912
[36m(MessageQueue pid=11609)[0m MessageQueue stats: produced=15300, queue_size=3012
[36m(MessageQueue pid=11609)[0m MessageQueue stats: produced=15400, queue_size=3112
[36m(FullyAsyncRollouter pid=6649)[0m [FullyAsyncRollouter][MonitorLoop][Statistics] {'count/dropped_stale_samples': 0,
[36m(FullyAsyncRollouter pid=6649)[0m  'count/staleness_samples': 7234,
[36m(FullyAsyncRollouter pid=6649)[0m  'count/total_generated_samples': 15409,
[36m(FullyAsyncRollouter pid=6649)[0m  'monitor/active_tasks_size': 16,
[36m(FullyAsyncRollouter pid=6649)[0m  'monitor/queue/mq_queue_size': 3121,
[36m(FullyAsyncRollouter pid=6649)[0m  'monitor/queue/pending_queue_size': 128,
[36m(FullyAsyncRollouter pid=6649)[0m  'static/max_concurrent_samples': 16,
[36m(FullyAsyncRollouter pid=6649)[0m  'static/max_queue_size': 8192,
[36m(FullyAsyncRollouter pid=6649)[0m  'static/max_required_samples': 8192,
[36m(FullyAsyncRollouter pid=6649)[0m  'static/required_samples': 2048,
[36m(FullyAsyncRollouter pid=6649)[0m  'static/staleness_threshold': 0}
[36m(FullyAsyncTrainer pid=5389)[0m [BatchUtils] Batch assembly completed in 18.55s
[36m(MessageQueue pid=11609)[0m MessageQueue stats: produced=15500, queue_size=3212
[36m(MessageQueue pid=11609)[0m MessageQueue stats: produced=15600, queue_size=3312
[36m(MessageQueue pid=11609)[0m MessageQueue stats: produced=15700, queue_size=3412
[36m(MessageQueue pid=11609)[0m MessageQueue stats: produced=15800, queue_size=3512
[36m(MessageQueue pid=11609)[0m MessageQueue stats: produced=15900, queue_size=3612
[36m(MessageQueue pid=11609)[0m MessageQueue stats: produced=16000, queue_size=3712
[36m(MessageQueue pid=11609)[0m MessageQueue stats: produced=16100, queue_size=3812
[36m(MessageQueue pid=11609)[0m MessageQueue stats: produced=16200, queue_size=3912
[36m(FullyAsyncRollouter pid=6649)[0m [FullyAsyncRollouter][Feed] Maximum count has been reached, stop adding new samples: 16384 >= 16384
[36m(FullyAsyncRollouter pid=6649)[0m [FullyAsyncRollouter][Feed] Sample addition is complete, 16384 samples have been added
[36m(FullyAsyncRollouter pid=6649)[0m [FullyAsyncRollouter] Sample feed completed
[36m(MessageQueue pid=11609)[0m MessageQueue stats: produced=16300, queue_size=4012
[36m(FullyAsyncRollouter pid=6649)[0m [FullyAsyncRollouter][ShouldPause] due to staleness_samples 8192 >= max_required_samples 8192 
[36m(FullyAsyncRollouter pid=6649)[0m [FullyAsyncRollouter][Processor] Received pause signal, waiting for remaining tasks to return...
[36m(FullyAsyncRollouter pid=6649)[0m [FullyAsyncRollouter][MonitorLoop][Statistics] {'count/dropped_stale_samples': 0,
[36m(FullyAsyncRollouter pid=6649)[0m  'count/staleness_samples': 8192,
[36m(FullyAsyncRollouter pid=6649)[0m  'count/total_generated_samples': 16384,
[36m(FullyAsyncRollouter pid=6649)[0m  'monitor/active_tasks_size': 0,
[36m(FullyAsyncRollouter pid=6649)[0m  'monitor/queue/mq_queue_size': 4096,
[36m(FullyAsyncRollouter pid=6649)[0m  'monitor/queue/pending_queue_size': 1,
[36m(FullyAsyncRollouter pid=6649)[0m  'static/max_concurrent_samples': 16,
[36m(FullyAsyncRollouter pid=6649)[0m  'static/max_queue_size': 8192,
[36m(FullyAsyncRollouter pid=6649)[0m  'static/max_required_samples': 8192,
[36m(FullyAsyncRollouter pid=6649)[0m  'static/required_samples': 2048,
[36m(FullyAsyncRollouter pid=6649)[0m  'static/staleness_threshold': 0}
[36m(FullyAsyncRollouter pid=6649)[0m [FullyAsyncRollouter][MonitorLoop][Statistics] {'count/dropped_stale_samples': 0,
[36m(FullyAsyncRollouter pid=6649)[0m  'count/staleness_samples': 8192,
[36m(FullyAsyncRollouter pid=6649)[0m  'count/total_generated_samples': 16384,
[36m(FullyAsyncRollouter pid=6649)[0m  'monitor/active_tasks_size': 0,
[36m(FullyAsyncRollouter pid=6649)[0m  'monitor/queue/mq_queue_size': 4096,
[36m(FullyAsyncRollouter pid=6649)[0m  'monitor/queue/pending_queue_size': 1,
[36m(FullyAsyncRollouter pid=6649)[0m  'static/max_concurrent_samples': 16,
[36m(FullyAsyncRollouter pid=6649)[0m  'static/max_queue_size': 8192,
[36m(FullyAsyncRollouter pid=6649)[0m  'static/max_required_samples': 8192,
[36m(FullyAsyncRollouter pid=6649)[0m  'static/required_samples': 2048,
[36m(FullyAsyncRollouter pid=6649)[0m  'static/staleness_threshold': 0}
[36m(FullyAsyncRollouter pid=6649)[0m [FullyAsyncRollouter][MonitorLoop][Statistics] {'count/dropped_stale_samples': 0,
[36m(FullyAsyncRollouter pid=6649)[0m  'count/staleness_samples': 8192,
[36m(FullyAsyncRollouter pid=6649)[0m  'count/total_generated_samples': 16384,
[36m(FullyAsyncRollouter pid=6649)[0m  'monitor/active_tasks_size': 0,
[36m(FullyAsyncRollouter pid=6649)[0m  'monitor/queue/mq_queue_size': 4096,
[36m(FullyAsyncRollouter pid=6649)[0m  'monitor/queue/pending_queue_size': 1,
[36m(FullyAsyncRollouter pid=6649)[0m  'static/max_concurrent_samples': 16,
[36m(FullyAsyncRollouter pid=6649)[0m  'static/max_queue_size': 8192,
[36m(FullyAsyncRollouter pid=6649)[0m  'static/max_required_samples': 8192,
[36m(FullyAsyncRollouter pid=6649)[0m  'static/required_samples': 2048,
[36m(FullyAsyncRollouter pid=6649)[0m  'static/staleness_threshold': 0}
[36m(FullyAsyncTrainer pid=5389)[0m [FullyAsyncTrainer] global_steps: 6 local_trigger_step: 2 trigger_parameter_sync_step: 4 19:44:43.065
[36m(FullyAsyncTrainer pid=5389)[0m [FullyAsyncTrainer] Requesting 2048 samples from queue
[36m(FullyAsyncTrainer pid=5389)[0m [FullyAsyncTrainer] Collected 64/2048 samples. mq_len: 4032
[36m(FullyAsyncTrainer pid=5389)[0m [FullyAsyncTrainer] Collected 128/2048 samples. mq_len: 3968
[36m(FullyAsyncTrainer pid=5389)[0m [FullyAsyncTrainer] Collected 192/2048 samples. mq_len: 3904
[36m(FullyAsyncTrainer pid=5389)[0m [FullyAsyncTrainer] Collected 256/2048 samples. mq_len: 3840
[36m(FullyAsyncTrainer pid=5389)[0m [FullyAsyncTrainer] Collected 320/2048 samples. mq_len: 3776
[36m(FullyAsyncTrainer pid=5389)[0m [FullyAsyncTrainer] Collected 384/2048 samples. mq_len: 3712
[36m(FullyAsyncTrainer pid=5389)[0m [FullyAsyncTrainer] Collected 448/2048 samples. mq_len: 3648
[36m(FullyAsyncTrainer pid=5389)[0m [FullyAsyncTrainer] Collected 512/2048 samples. mq_len: 3584
[36m(FullyAsyncTrainer pid=5389)[0m [FullyAsyncTrainer] Collected 576/2048 samples. mq_len: 3520
[36m(FullyAsyncTrainer pid=5389)[0m [FullyAsyncTrainer] Collected 640/2048 samples. mq_len: 3456
[36m(FullyAsyncTrainer pid=5389)[0m [FullyAsyncTrainer] Collected 704/2048 samples. mq_len: 3392
[36m(FullyAsyncTrainer pid=5389)[0m [FullyAsyncTrainer] Collected 768/2048 samples. mq_len: 3328
[36m(FullyAsyncTrainer pid=5389)[0m [FullyAsyncTrainer] Collected 832/2048 samples. mq_len: 3264
[36m(FullyAsyncTrainer pid=5389)[0m [FullyAsyncTrainer] Collected 896/2048 samples. mq_len: 3200
[36m(FullyAsyncTrainer pid=5389)[0m [FullyAsyncTrainer] Collected 960/2048 samples. mq_len: 3136
[36m(FullyAsyncTrainer pid=5389)[0m [FullyAsyncTrainer] Collected 1024/2048 samples. mq_len: 3072
[36m(FullyAsyncTrainer pid=5389)[0m [FullyAsyncTrainer] Collected 1088/2048 samples. mq_len: 3008
[36m(FullyAsyncTrainer pid=5389)[0m [FullyAsyncTrainer] Collected 1152/2048 samples. mq_len: 2944
[36m(FullyAsyncTrainer pid=5389)[0m [FullyAsyncTrainer] Collected 1216/2048 samples. mq_len: 2880
[36m(FullyAsyncTrainer pid=5389)[0m [FullyAsyncTrainer] Collected 1280/2048 samples. mq_len: 2816
[36m(FullyAsyncTrainer pid=5389)[0m [FullyAsyncTrainer] Collected 1344/2048 samples. mq_len: 2752
[36m(FullyAsyncTrainer pid=5389)[0m [FullyAsyncTrainer] Collected 1408/2048 samples. mq_len: 2688
[36m(FullyAsyncTrainer pid=5389)[0m [FullyAsyncTrainer] Collected 1472/2048 samples. mq_len: 2624
[36m(FullyAsyncTrainer pid=5389)[0m [FullyAsyncTrainer] Collected 1536/2048 samples. mq_len: 2560
[36m(FullyAsyncTrainer pid=5389)[0m [FullyAsyncTrainer] Collected 1600/2048 samples. mq_len: 2496
[36m(FullyAsyncTrainer pid=5389)[0m [FullyAsyncTrainer] Collected 1664/2048 samples. mq_len: 2432
[36m(FullyAsyncTrainer pid=5389)[0m [FullyAsyncTrainer] Collected 1728/2048 samples. mq_len: 2368
[36m(FullyAsyncTrainer pid=5389)[0m [FullyAsyncTrainer] Collected 1792/2048 samples. mq_len: 2304
[36m(FullyAsyncTrainer pid=5389)[0m [FullyAsyncTrainer] Collected 1856/2048 samples. mq_len: 2240
[36m(FullyAsyncTrainer pid=5389)[0m [FullyAsyncTrainer] Collected 1920/2048 samples. mq_len: 2176
[36m(FullyAsyncTrainer pid=5389)[0m [FullyAsyncTrainer] Collected 1984/2048 samples. mq_len: 2112
[36m(FullyAsyncTrainer pid=5389)[0m [FullyAsyncTrainer] Collected 2048/2048 samples. mq_len: 2048
[36m(FullyAsyncTrainer pid=5389)[0m [FullyAsyncTrainer] Loop collection completed: 2048/2048 samples, total wait time: 9.69 seconds. mq_len: 2048
[36m(FullyAsyncTrainer pid=5389)[0m [BatchUtils] Assembling batch from 2048 RolloutSample objects
[36m(FullyAsyncTrainer pid=5389)[0m [BatchUtils] Batch assembly completed in 16.60s
[36m(FullyAsyncRollouter pid=6649)[0m [FullyAsyncRollouter][MonitorLoop][Statistics] {'count/dropped_stale_samples': 0,
[36m(FullyAsyncRollouter pid=6649)[0m  'count/staleness_samples': 8192,
[36m(FullyAsyncRollouter pid=6649)[0m  'count/total_generated_samples': 16384,
[36m(FullyAsyncRollouter pid=6649)[0m  'monitor/active_tasks_size': 0,
[36m(FullyAsyncRollouter pid=6649)[0m  'monitor/queue/mq_queue_size': 2048,
[36m(FullyAsyncRollouter pid=6649)[0m  'monitor/queue/pending_queue_size': 1,
[36m(FullyAsyncRollouter pid=6649)[0m  'static/max_concurrent_samples': 16,
[36m(FullyAsyncRollouter pid=6649)[0m  'static/max_queue_size': 8192,
[36m(FullyAsyncRollouter pid=6649)[0m  'static/max_required_samples': 8192,
[36m(FullyAsyncRollouter pid=6649)[0m  'static/required_samples': 2048,
[36m(FullyAsyncRollouter pid=6649)[0m  'static/staleness_threshold': 0}
[36m(FullyAsyncRollouter pid=6649)[0m [FullyAsyncRollouter][MonitorLoop][Statistics] {'count/dropped_stale_samples': 0,
[36m(FullyAsyncRollouter pid=6649)[0m  'count/staleness_samples': 8192,
[36m(FullyAsyncRollouter pid=6649)[0m  'count/total_generated_samples': 16384,
[36m(FullyAsyncRollouter pid=6649)[0m  'monitor/active_tasks_size': 0,
[36m(FullyAsyncRollouter pid=6649)[0m  'monitor/queue/mq_queue_size': 2048,
[36m(FullyAsyncRollouter pid=6649)[0m  'monitor/queue/pending_queue_size': 1,
[36m(FullyAsyncRollouter pid=6649)[0m  'static/max_concurrent_samples': 16,
[36m(FullyAsyncRollouter pid=6649)[0m  'static/max_queue_size': 8192,
[36m(FullyAsyncRollouter pid=6649)[0m  'static/max_required_samples': 8192,
[36m(FullyAsyncRollouter pid=6649)[0m  'static/required_samples': 2048,
[36m(FullyAsyncRollouter pid=6649)[0m  'static/staleness_threshold': 0}
[36m(FullyAsyncRollouter pid=6649)[0m [FullyAsyncRollouter][MonitorLoop][Statistics] {'count/dropped_stale_samples': 0,
[36m(FullyAsyncRollouter pid=6649)[0m  'count/staleness_samples': 8192,
[36m(FullyAsyncRollouter pid=6649)[0m  'count/total_generated_samples': 16384,
[36m(FullyAsyncRollouter pid=6649)[0m  'monitor/active_tasks_size': 0,
[36m(FullyAsyncRollouter pid=6649)[0m  'monitor/queue/mq_queue_size': 2048,
[36m(FullyAsyncRollouter pid=6649)[0m  'monitor/queue/pending_queue_size': 1,
[36m(FullyAsyncRollouter pid=6649)[0m  'static/max_concurrent_samples': 16,
[36m(FullyAsyncRollouter pid=6649)[0m  'static/max_queue_size': 8192,
[36m(FullyAsyncRollouter pid=6649)[0m  'static/max_required_samples': 8192,
[36m(FullyAsyncRollouter pid=6649)[0m  'static/required_samples': 2048,
[36m(FullyAsyncRollouter pid=6649)[0m  'static/staleness_threshold': 0}
[36m(FullyAsyncRollouter pid=6649)[0m [FullyAsyncRollouter][MonitorLoop][Statistics] {'count/dropped_stale_samples': 0,
[36m(FullyAsyncRollouter pid=6649)[0m  'count/staleness_samples': 8192,
[36m(FullyAsyncRollouter pid=6649)[0m  'count/total_generated_samples': 16384,
[36m(FullyAsyncRollouter pid=6649)[0m  'monitor/active_tasks_size': 0,
[36m(FullyAsyncRollouter pid=6649)[0m  'monitor/queue/mq_queue_size': 2048,
[36m(FullyAsyncRollouter pid=6649)[0m  'monitor/queue/pending_queue_size': 1,
[36m(FullyAsyncRollouter pid=6649)[0m  'static/max_concurrent_samples': 16,
[36m(FullyAsyncRollouter pid=6649)[0m  'static/max_queue_size': 8192,
[36m(FullyAsyncRollouter pid=6649)[0m  'static/max_required_samples': 8192,
[36m(FullyAsyncRollouter pid=6649)[0m  'static/required_samples': 2048,
[36m(FullyAsyncRollouter pid=6649)[0m  'static/staleness_threshold': 0}
[36m(FullyAsyncTrainer pid=5389)[0m [FullyAsyncTrainer] global_steps: 7 local_trigger_step: 3 trigger_parameter_sync_step: 4 19:48:36.173
[36m(FullyAsyncTrainer pid=5389)[0m [FullyAsyncTrainer] Requesting 2048 samples from queue
[36m(FullyAsyncTrainer pid=5389)[0m [FullyAsyncTrainer] Collected 64/2048 samples. mq_len: 1984
[36m(FullyAsyncTrainer pid=5389)[0m [FullyAsyncTrainer] Collected 128/2048 samples. mq_len: 1920
[36m(FullyAsyncTrainer pid=5389)[0m [FullyAsyncTrainer] Collected 192/2048 samples. mq_len: 1856
[36m(FullyAsyncTrainer pid=5389)[0m [FullyAsyncTrainer] Collected 256/2048 samples. mq_len: 1792
[36m(FullyAsyncTrainer pid=5389)[0m [FullyAsyncTrainer] Collected 320/2048 samples. mq_len: 1728
[36m(FullyAsyncTrainer pid=5389)[0m [FullyAsyncTrainer] Collected 384/2048 samples. mq_len: 1664
[36m(FullyAsyncTrainer pid=5389)[0m [FullyAsyncTrainer] Collected 448/2048 samples. mq_len: 1600
[36m(FullyAsyncTrainer pid=5389)[0m [FullyAsyncTrainer] Collected 512/2048 samples. mq_len: 1536
[36m(FullyAsyncTrainer pid=5389)[0m [FullyAsyncTrainer] Collected 576/2048 samples. mq_len: 1472
[36m(FullyAsyncTrainer pid=5389)[0m [FullyAsyncTrainer] Collected 640/2048 samples. mq_len: 1408
[36m(FullyAsyncTrainer pid=5389)[0m [FullyAsyncTrainer] Collected 704/2048 samples. mq_len: 1344
[36m(FullyAsyncTrainer pid=5389)[0m [FullyAsyncTrainer] Collected 768/2048 samples. mq_len: 1280
[36m(FullyAsyncTrainer pid=5389)[0m [FullyAsyncTrainer] Collected 832/2048 samples. mq_len: 1216
[36m(FullyAsyncTrainer pid=5389)[0m [FullyAsyncTrainer] Collected 896/2048 samples. mq_len: 1152
[36m(FullyAsyncTrainer pid=5389)[0m [FullyAsyncTrainer] Collected 960/2048 samples. mq_len: 1088
[36m(FullyAsyncTrainer pid=5389)[0m [FullyAsyncTrainer] Collected 1024/2048 samples. mq_len: 1024
[36m(FullyAsyncTrainer pid=5389)[0m [FullyAsyncTrainer] Collected 1088/2048 samples. mq_len: 960
[36m(FullyAsyncTrainer pid=5389)[0m [FullyAsyncTrainer] Collected 1152/2048 samples. mq_len: 896
[36m(FullyAsyncTrainer pid=5389)[0m [FullyAsyncTrainer] Collected 1216/2048 samples. mq_len: 832
[36m(FullyAsyncTrainer pid=5389)[0m [FullyAsyncTrainer] Collected 1280/2048 samples. mq_len: 768
[36m(FullyAsyncTrainer pid=5389)[0m [FullyAsyncTrainer] Collected 1344/2048 samples. mq_len: 704
[36m(FullyAsyncTrainer pid=5389)[0m [FullyAsyncTrainer] Collected 1408/2048 samples. mq_len: 640
[36m(FullyAsyncTrainer pid=5389)[0m [FullyAsyncTrainer] Collected 1472/2048 samples. mq_len: 576
[36m(FullyAsyncTrainer pid=5389)[0m [FullyAsyncTrainer] Collected 1536/2048 samples. mq_len: 512
[36m(FullyAsyncTrainer pid=5389)[0m [FullyAsyncTrainer] Collected 1600/2048 samples. mq_len: 448
[36m(FullyAsyncTrainer pid=5389)[0m [FullyAsyncTrainer] Collected 1664/2048 samples. mq_len: 384
[36m(FullyAsyncTrainer pid=5389)[0m [FullyAsyncTrainer] Collected 1728/2048 samples. mq_len: 320
[36m(FullyAsyncTrainer pid=5389)[0m [FullyAsyncTrainer] Collected 1792/2048 samples. mq_len: 256
[36m(FullyAsyncTrainer pid=5389)[0m [FullyAsyncTrainer] Collected 1856/2048 samples. mq_len: 192
[36m(FullyAsyncTrainer pid=5389)[0m [FullyAsyncTrainer] Collected 1920/2048 samples. mq_len: 128
[36m(FullyAsyncTrainer pid=5389)[0m [FullyAsyncTrainer] Collected 1984/2048 samples. mq_len: 64
[36m(FullyAsyncTrainer pid=5389)[0m [FullyAsyncTrainer] Collected 2048/2048 samples. mq_len: 0
[36m(FullyAsyncTrainer pid=5389)[0m [FullyAsyncTrainer] Loop collection completed: 2048/2048 samples, total wait time: 13.00 seconds. mq_len: 0
[36m(FullyAsyncTrainer pid=5389)[0m [BatchUtils] Assembling batch from 2048 RolloutSample objects
[36m(FullyAsyncTrainer pid=5389)[0m [BatchUtils] Batch assembly completed in 17.09s
[36m(FullyAsyncRollouter pid=6649)[0m [FullyAsyncRollouter][MonitorLoop][Statistics] {'count/dropped_stale_samples': 0,
[36m(FullyAsyncRollouter pid=6649)[0m  'count/staleness_samples': 8192,
[36m(FullyAsyncRollouter pid=6649)[0m  'count/total_generated_samples': 16384,
[36m(FullyAsyncRollouter pid=6649)[0m  'monitor/active_tasks_size': 0,
[36m(FullyAsyncRollouter pid=6649)[0m  'monitor/queue/mq_queue_size': 0,
[36m(FullyAsyncRollouter pid=6649)[0m  'monitor/queue/pending_queue_size': 1,
[36m(FullyAsyncRollouter pid=6649)[0m  'static/max_concurrent_samples': 16,
[36m(FullyAsyncRollouter pid=6649)[0m  'static/max_queue_size': 8192,
[36m(FullyAsyncRollouter pid=6649)[0m  'static/max_required_samples': 8192,
[36m(FullyAsyncRollouter pid=6649)[0m  'static/required_samples': 2048,
[36m(FullyAsyncRollouter pid=6649)[0m  'static/staleness_threshold': 0}
[36m(FullyAsyncRollouter pid=6649)[0m [FullyAsyncRollouter][MonitorLoop][Statistics] {'count/dropped_stale_samples': 0,
[36m(FullyAsyncRollouter pid=6649)[0m  'count/staleness_samples': 8192,
[36m(FullyAsyncRollouter pid=6649)[0m  'count/total_generated_samples': 16384,
[36m(FullyAsyncRollouter pid=6649)[0m  'monitor/active_tasks_size': 0,
[36m(FullyAsyncRollouter pid=6649)[0m  'monitor/queue/mq_queue_size': 0,
[36m(FullyAsyncRollouter pid=6649)[0m  'monitor/queue/pending_queue_size': 1,
[36m(FullyAsyncRollouter pid=6649)[0m  'static/max_concurrent_samples': 16,
[36m(FullyAsyncRollouter pid=6649)[0m  'static/max_queue_size': 8192,
[36m(FullyAsyncRollouter pid=6649)[0m  'static/max_required_samples': 8192,
[36m(FullyAsyncRollouter pid=6649)[0m  'static/required_samples': 2048,
[36m(FullyAsyncRollouter pid=6649)[0m  'static/staleness_threshold': 0}
[36m(FullyAsyncRollouter pid=6649)[0m [FullyAsyncRollouter][MonitorLoop][Statistics] {'count/dropped_stale_samples': 0,
[36m(FullyAsyncRollouter pid=6649)[0m  'count/staleness_samples': 8192,
[36m(FullyAsyncRollouter pid=6649)[0m  'count/total_generated_samples': 16384,
[36m(FullyAsyncRollouter pid=6649)[0m  'monitor/active_tasks_size': 0,
[36m(FullyAsyncRollouter pid=6649)[0m  'monitor/queue/mq_queue_size': 0,[36m(FullyAsyncTrainer pid=5389)[0m Training Progress: 100%|██████████| 2/2 [39:34<00:00, 1164.36s/it]
[36m(FullyAsyncTrainer pid=5389)[0m Training Progress: 100%|██████████| 2/2 [39:35<00:00, 1187.52s/it]

[36m(FullyAsyncRollouter pid=6649)[0m  'monitor/queue/pending_queue_size': 1,
[36m(FullyAsyncRollouter pid=6649)[0m  'static/max_concurrent_samples': 16,
[36m(FullyAsyncRollouter pid=6649)[0m  'static/max_queue_size': 8192,
[36m(FullyAsyncRollouter pid=6649)[0m  'static/max_required_samples': 8192,
[36m(FullyAsyncRollouter pid=6649)[0m  'static/required_samples': 2048,
[36m(FullyAsyncRollouter pid=6649)[0m  'static/staleness_threshold': 0}
[36m(FullyAsyncRollouter pid=6649)[0m [FullyAsyncRollouter][MonitorLoop][Statistics] {'count/dropped_stale_samples': 0,
[36m(FullyAsyncRollouter pid=6649)[0m  'count/staleness_samples': 8192,
[36m(FullyAsyncRollouter pid=6649)[0m  'count/total_generated_samples': 16384,
[36m(FullyAsyncRollouter pid=6649)[0m  'monitor/active_tasks_size': 0,
[36m(FullyAsyncRollouter pid=6649)[0m  'monitor/queue/mq_queue_size': 0,
[36m(FullyAsyncRollouter pid=6649)[0m  'monitor/queue/pending_queue_size': 1,
[36m(FullyAsyncRollouter pid=6649)[0m  'static/max_concurrent_samples': 16,
[36m(FullyAsyncRollouter pid=6649)[0m  'static/max_queue_size': 8192,
[36m(FullyAsyncRollouter pid=6649)[0m  'static/max_required_samples': 8192,
[36m(FullyAsyncRollouter pid=6649)[0m  'static/required_samples': 2048,
[36m(FullyAsyncRollouter pid=6649)[0m  'static/staleness_threshold': 0}
[36m(FullyAsyncTrainer pid=5389)[0m [FullyAsyncTrainer] global_steps: 8 local_trigger_step: 4 trigger_parameter_sync_step: 4 19:52:33.048
[36m(vLLMHttpServer pid=8347)[0m (EngineCore pid=9126) WARNING 06-30 19:52:33 [scheduler.py:1919] reset_connector called but no KV connector is configured.
[36m(FullyAsyncTrainer pid=5389)[0m [FullyAsyncTrainer] _fit_update_weights, timing_s/param_sync: 0.8128 seconds self.current_param_version: 2
[36m(FullyAsyncTrainer pid=5389)[0m step:2 - fully_async/rollouter/active_time:425.54650926589966 - fully_async/rollouter/version_time:1057.065541267395 - fully_async/rollouter/idle_ratio:0.5974265618802784
[36m(FullyAsyncRollouter pid=6649)[0m [FullyAsyncRollouter][Public][reset_staleness] reset staleness_samples to: 0 idle_ratio: 0.5974
[36m(FullyAsyncRollouter pid=6649)[0m [FullyAsyncRollouter][Processor] Received end signal, waiting for remaining tasks to complete...
[36m(FullyAsyncRollouter pid=6649)[0m [FullyAsyncRollouter] Streaming process completed
[36m(FullyAsyncRollouter pid=6649)[0m [FullyAsyncRollouter] pending_queue joined
[36m(FullyAsyncTrainer pid=5389)[0m aggregated metrics done. cost 0.0004 seconds.
[36m(FullyAsyncTrainer pid=5389)[0m step:2 - training/global_step:7.0 - training/epoch:0.0 - fully_async/count/stale_trajectory_processed:0.0 - fully_async/count/current_param_version:1.0 - fully_async/processing_time/avg:0.22279626476016068 - fully_async/processing_time/max:11.99883904599119 - fully_async/processing_time/min:0.04127999796764925 - fully_async/processing_time/tp50:0.1594909406339866 - fully_async/processing_time/tp99:1.221206611305821 - fully_async/processing_time/tp95:0.5562391108840526 - fully_async/monitor/active_tasks_size:16.0 - fully_async/monitor/queue/pending_queue_size:128.0 - fully_async/monitor/queue/mq_queue_size:1024.0 - fully_async/count/total_generated_samples:12288.0 - fully_async/count/staleness_samples:3089.0 - fully_async/count/dropped_stale_samples:0.0 - fully_async/static/max_required_samples:8192.0 - fully_async/static/required_samples:2048.0 - fully_async/static/staleness_threshold:0.0 - fully_async/static/max_queue_size:8192.0 - fully_async/static/max_concurrent_samples:16.0 - fully_async/partial/total_partial_num:0.0 - fully_async/partial/partial_ratio:0.0 - fully_async/partial/max_partial_span:0.0 - timing_s/agent_loop/tool_calls/max:0.0 - timing_s/agent_loop/tool_calls/min:0.0 - timing_s/agent_loop/tool_calls/mean:0.0 - fully_async/total_wait_time:133.66401290893555 - actor/pg_clipfrac:9.465251669190991e-05 - actor/ppo_kl:0.0027686593291109027 - actor/pg_clipfrac_lower:0.0 - actor/pg_loss:0.0014249330913571612 - actor/loss:0.0014249330943698624 - actor/grad_norm:0.01129365081396827 - actor/perf/max_memory_allocated_gb:26.76100778579712 - actor/perf/max_memory_reserved_gb:72.43359375 - actor/perf/cpu_memory_used_gb:93.68156144022942 - actor/lr:1e-06 - perf/mfu/actor:0.11943844380830143 - critic/score/mean:-1.0000321865081787 - critic/score/max:-1.0 - critic/score/min:-2.0 - critic/rewards/mean:-1.0000321865081787 - critic/rewards/max:-1.0 - critic/rewards/min:-2.0 - critic/advantages/mean:-0.00813758559525013 - critic/advantages/max:0.24999898672103882 - critic/advantages/min:-3.7499847412109375 - critic/returns/mean:-0.00813758559525013 - critic/returns/max:0.24999898672103882 - critic/returns/min:-3.7499847412109375 - response_length/mean:52.41510772705078 - response_length/max:4096.0 - response_length/min:2.0 - response_length/clip_ratio:2.288818359375e-05 - response_length_non_aborted/mean:52.41510772705078 - response_length_non_aborted/max:4096.0 - response_length_non_aborted/min:2.0 - response_length_non_aborted/clip_ratio:2.288818359375e-05 - response/aborted_ratio:0.0 - prompt_length/mean:24.0 - prompt_length/max:24.0 - prompt_length/min:24.0 - prompt_length/clip_ratio:0.0 - num_turns/min:2.0 - num_turns/max:2.0 - num_turns/mean:2.0 - timing_s/start_profile:2.3515953216701746e-05 - timing_s/gen:216.385309585894 - timing_s/reward:0.00010819197632372379 - timing_s/adv:2.559887804032769 - timing_s/update_actor:874.6906277679955 - timing_s/timing_s/param_sync:0.817535370006226 - timing_s/step:1094.471060176089 - timing_s/stop_profile:1.9252998754382133e-05 - timing_per_token_ms/adv:0.00022727025204435003 - timing_per_token_ms/update_actor:0.07210941380948015 - timing_per_token_ms/gen:0.011362415790893615 - perf/total_num_tokens:10015881.0 - perf/time_per_step:1094.471060176089 - perf/throughput:4575.671922466616 - fully_async/trainer/idle_ratio:0.1977076575702969
[36m(FullyAsyncTaskRunner pid=4806)[0m [ASYNC MAIN] One component completed successfully
[36m(FullyAsyncTrainer pid=5389)[0m [FullyAsyncTrainer] Requesting 2048 samples from queue
[36m(FullyAsyncTrainer pid=5389)[0m [FullyAsyncTrainer] Detected termination signal (None), stopping sample collection. Collected 0/2048 samples
[36m(FullyAsyncTrainer pid=5389)[0m [FullyAsyncTrainer] not enough samples collected after loop
[36m(FullyAsyncTrainer pid=5389)[0m [FullyAsyncTrainer] Training stopped by queue termination signal
total time: 2493.57 seconds
[36m(FullyAsyncTaskRunner pid=4806)[0m [ASYNC MAIN] One component completed successfully
[36m(FullyAsyncTaskRunner pid=4806)[0m [ASYNC MAIN] Training completed or interrupted
[36m(FullyAsyncRollouter pid=6649)[0m [FullyAsyncRollouter] Rollouter fit completed
