/workspace/verl-src/verl/trainer/main_ppo.py:181: UserWarning: Disabled critic as algorithm.adv_estimator != gae. If it is not intended, please set critic.enable=True
  use_critic=need_critic(config),
[validate_config] All configuration checks passed successfully!
ray init kwargs: {'num_cpus': None, 'runtime_env': {'env_vars': {'TOKENIZERS_PARALLELISM': 'true', 'NCCL_DEBUG': 'WARN', 'VLLM_LOGGING_LEVEL': 'WARN', 'VLLM_ALLOW_RUNTIME_LORA_UPDATING': 'true', 'VLLM_DISABLE_COMPILE_CACHE': '1', 'HCCL_HOST_SOCKET_PORT_RANGE': 'auto', 'HCCL_NPU_SOCKET_PORT_RANGE': 'auto', 'HSA_NO_SCRATCH_RECLAIM': '1', 'PYTHONHASHSEED': '0', 'VERL_FULL_DETERMINISM': '0', 'VLLM_BATCH_INVARIANT': '0', 'VERL_RL_INSIGHT_ENABLE': '0'}, 'working_dir': None}}
2026-08-08 00:20:14,027	INFO worker.py:2003 -- Started a local Ray instance. View the dashboard at [1m[32mhttp://127.0.0.1:8265 [39m[22m
/usr/local/lib/python3.12/dist-packages/ray/_private/worker.py:2051: FutureWarning: Tip: In future versions of Ray, Ray will no longer override accelerator visible devices env var if num_gpus=0 or num_gpus=None (default). To enable this behavior and turn off this error message, set RAY_ACCEL_ENV_VAR_OVERRIDE_ON_ZERO=0
  warnings.warn(
[36m(TaskRunnerV1 pid=4817)[0m WARNING:2026-08-08 00:20:21,414:Platform 'nvidia' (PlatformCUDA) is registered but not available. This may be due to this ray actor being a CPU-only actor.
[36m(TaskRunnerV1 pid=4817)[0m W0808 00:20:22.387000 4817 torch/utils/cpp_extension.py:140] No CUDA runtime is found, using CUDA_HOME='/usr/local/cuda'
[36m(TaskRunnerV1 pid=4817)[0m {'actor_rollout_ref': {'actor': {'_target_': 'verl.workers.config.FSDPActorConfig',
[36m(TaskRunnerV1 pid=4817)[0m                                  'calculate_entropy': False,
[36m(TaskRunnerV1 pid=4817)[0m                                  'calculate_sum_pi_squared': False,
[36m(TaskRunnerV1 pid=4817)[0m                                  'checkpoint': {'_target_': 'verl.trainer.config.CheckpointConfig',
[36m(TaskRunnerV1 pid=4817)[0m                                                 'async_save': False,
[36m(TaskRunnerV1 pid=4817)[0m                                                 'load_contents': ['model',
[36m(TaskRunnerV1 pid=4817)[0m                                                                   'optimizer',
[36m(TaskRunnerV1 pid=4817)[0m                                                                   'extra'],
[36m(TaskRunnerV1 pid=4817)[0m                                                 'save_contents': ['model',
[36m(TaskRunnerV1 pid=4817)[0m                                                                   'optimizer',
[36m(TaskRunnerV1 pid=4817)[0m                                                                   'extra'],
[36m(TaskRunnerV1 pid=4817)[0m                                                 'strict': True},
[36m(TaskRunnerV1 pid=4817)[0m                                  'clip_ratio': 0.2,
[36m(TaskRunnerV1 pid=4817)[0m                                  'clip_ratio_c': 3.0,
[36m(TaskRunnerV1 pid=4817)[0m                                  'clip_ratio_high': 0.2,
[36m(TaskRunnerV1 pid=4817)[0m                                  'clip_ratio_low': 0.2,
[36m(TaskRunnerV1 pid=4817)[0m                                  'data_loader_seed': 42,
[36m(TaskRunnerV1 pid=4817)[0m                                  'entropy_checkpointing': False,
[36m(TaskRunnerV1 pid=4817)[0m                                  'entropy_coeff': 0,
[36m(TaskRunnerV1 pid=4817)[0m                                  'entropy_from_logits_chunk_size': 2048,
[36m(TaskRunnerV1 pid=4817)[0m                                  'entropy_from_logits_with_chunking': False,
[36m(TaskRunnerV1 pid=4817)[0m                                  'freeze_vision_tower': False,
[36m(TaskRunnerV1 pid=4817)[0m                                  'fsdp_config': {'_target_': 'verl.workers.config.FSDPEngineConfig',
[36m(TaskRunnerV1 pid=4817)[0m                                                  'dtype': 'bfloat16',
[36m(TaskRunnerV1 pid=4817)[0m                                                  'entropy_checkpointing': False,
[36m(TaskRunnerV1 pid=4817)[0m                                                  'entropy_from_logits_chunk_size': 2048,
[36m(TaskRunnerV1 pid=4817)[0m                                                  'entropy_from_logits_with_chunking': False,
[36m(TaskRunnerV1 pid=4817)[0m                                                  'forward_only': False,
[36m(TaskRunnerV1 pid=4817)[0m                                                  'forward_prefetch': False,
[36m(TaskRunnerV1 pid=4817)[0m                                                  'fsdp_size': -1,
[36m(TaskRunnerV1 pid=4817)[0m                                                  'full_determinism': False,
[36m(TaskRunnerV1 pid=4817)[0m                                                  'model_dtype': 'fp32',
[36m(TaskRunnerV1 pid=4817)[0m                                                  'offload_policy': False,
[36m(TaskRunnerV1 pid=4817)[0m                                                  'optimizer_offload': False,
[36m(TaskRunnerV1 pid=4817)[0m                                                  'param_offload': False,
[36m(TaskRunnerV1 pid=4817)[0m                                                  'qat': {'_target_': 'verl.workers.config.QATEngineConfig',
[36m(TaskRunnerV1 pid=4817)[0m                                                          'activation_observer': 'static_minmax',
[36m(TaskRunnerV1 pid=4817)[0m                                                          'enable': False,
[36m(TaskRunnerV1 pid=4817)[0m                                                          'group_size': 16,
[36m(TaskRunnerV1 pid=4817)[0m                                                          'ignore_patterns': ['lm_head',
[36m(TaskRunnerV1 pid=4817)[0m                                                                              'embed_tokens',
[36m(TaskRunnerV1 pid=4817)[0m                                                                              're:.*mlp.gate$'],
[36m(TaskRunnerV1 pid=4817)[0m                                                          'mode': 'w4a16',
[36m(TaskRunnerV1 pid=4817)[0m                                                          'quantization_config_path': None},
[36m(TaskRunnerV1 pid=4817)[0m                                                  'reshard_after_forward': True,
[36m(TaskRunnerV1 pid=4817)[0m                                                  'seed': 42,
[36m(TaskRunnerV1 pid=4817)[0m                                                  'strategy': 'fsdp',
[36m(TaskRunnerV1 pid=4817)[0m                                                  'ulysses_sequence_parallel_size': 1,
[36m(TaskRunnerV1 pid=4817)[0m                                                  'use_orig_params': False,
[36m(TaskRunnerV1 pid=4817)[0m                                                  'use_torch_compile': True,
[36m(TaskRunnerV1 pid=4817)[0m                                                  'wrap_policy': {'min_num_params': 0}},
[36m(TaskRunnerV1 pid=4817)[0m                                  'grad_clip': 1.0,
[36m(TaskRunnerV1 pid=4817)[0m                                  'kl_loss_coef': 0.0,
[36m(TaskRunnerV1 pid=4817)[0m                                  'kl_loss_type': 'low_var_kl',
[36m(TaskRunnerV1 pid=4817)[0m                                  'loss_agg_mode': 'token-mean',
[36m(TaskRunnerV1 pid=4817)[0m                                  'loss_scale_factor': None,
[36m(TaskRunnerV1 pid=4817)[0m                                  'optim': {'_target_': 'verl.workers.config.FSDPOptimizerConfig',
[36m(TaskRunnerV1 pid=4817)[0m                                            'betas': [0.9, 0.999],
[36m(TaskRunnerV1 pid=4817)[0m                                            'clip_grad': 1.0,
[36m(TaskRunnerV1 pid=4817)[0m                                            'lr': 1e-06,
[36m(TaskRunnerV1 pid=4817)[0m                                            'lr_scheduler_type': 'constant',
[36m(TaskRunnerV1 pid=4817)[0m                                            'lr_warmup_steps': -1,
[36m(TaskRunnerV1 pid=4817)[0m                                            'lr_warmup_steps_ratio': 0.0,
[36m(TaskRunnerV1 pid=4817)[0m                                            'min_lr_ratio': 0.0,
[36m(TaskRunnerV1 pid=4817)[0m                                            'num_cycles': 0.5,
[36m(TaskRunnerV1 pid=4817)[0m                                            'optimizer': 'AdamW',
[36m(TaskRunnerV1 pid=4817)[0m                                            'optimizer_impl': 'torch.optim',
[36m(TaskRunnerV1 pid=4817)[0m                                            'override_optimizer_config': None,
[36m(TaskRunnerV1 pid=4817)[0m                                            'total_training_steps': -1,
[36m(TaskRunnerV1 pid=4817)[0m                                            'warmup_style': None,
[36m(TaskRunnerV1 pid=4817)[0m                                            'weight_decay': 0.01,
[36m(TaskRunnerV1 pid=4817)[0m                                            'zero_indexed_step': True},
[36m(TaskRunnerV1 pid=4817)[0m                                  'policy_loss': {'_target_': 'verl.workers.config.PolicyLossConfig',
[36m(TaskRunnerV1 pid=4817)[0m                                                  'clip_cov_lb': 1.0,
[36m(TaskRunnerV1 pid=4817)[0m                                                  'clip_cov_ratio': 0.0002,
[36m(TaskRunnerV1 pid=4817)[0m                                                  'clip_cov_ub': 5.0,
[36m(TaskRunnerV1 pid=4817)[0m                                                  'kl_cov_ratio': 0.0002,
[36m(TaskRunnerV1 pid=4817)[0m                                                  'loss_mode': 'vanilla',
[36m(TaskRunnerV1 pid=4817)[0m                                                  'ppo_kl_coef': 0.1},
[36m(TaskRunnerV1 pid=4817)[0m                                  'ppo_epochs': 1,
[36m(TaskRunnerV1 pid=4817)[0m                                  'ppo_max_token_len_per_gpu': 32768,
[36m(TaskRunnerV1 pid=4817)[0m                                  'ppo_micro_batch_size': None,
[36m(TaskRunnerV1 pid=4817)[0m                                  'ppo_micro_batch_size_per_gpu': 1,
[36m(TaskRunnerV1 pid=4817)[0m                                  'ppo_mini_batch_size': 8,
[36m(TaskRunnerV1 pid=4817)[0m                                  'profiler': {'_target_': 'verl.utils.profiler.ProfilerConfig',
[36m(TaskRunnerV1 pid=4817)[0m                                               'all_ranks': False,
[36m(TaskRunnerV1 pid=4817)[0m                                               'enable': False,
[36m(TaskRunnerV1 pid=4817)[0m                                               'ranks': [],
[36m(TaskRunnerV1 pid=4817)[0m                                               'save_path': 'outputs/profile',
[36m(TaskRunnerV1 pid=4817)[0m                                               'tool': None,
[36m(TaskRunnerV1 pid=4817)[0m                                               'tool_config': {'npu': {'_target_': 'verl.utils.profiler.config.NPUToolConfig',
[36m(TaskRunnerV1 pid=4817)[0m                                                                       'analysis': True,
[36m(TaskRunnerV1 pid=4817)[0m                                                                       'contents': [],
[36m(TaskRunnerV1 pid=4817)[0m                                                                       'discrete': False,
[36m(TaskRunnerV1 pid=4817)[0m                                                                       'level': 'level0'},
[36m(TaskRunnerV1 pid=4817)[0m                                                               'nsys': {'_target_': 'verl.utils.profiler.config.NsightToolConfig',
[36m(TaskRunnerV1 pid=4817)[0m                                                                        'discrete': False},
[36m(TaskRunnerV1 pid=4817)[0m                                                               'precision_debugger': {'_target_': 'verl.utils.profiler.config.PrecisionDebuggerToolConfig',
[36m(TaskRunnerV1 pid=4817)[0m                                                                                      'config_path': None,
[36m(TaskRunnerV1 pid=4817)[0m                                                                                      'stages': None,
[36m(TaskRunnerV1 pid=4817)[0m                                                                                      'steps': None,
[36m(TaskRunnerV1 pid=4817)[0m                                                                                      'strict': False},
[36m(TaskRunnerV1 pid=4817)[0m                                                               'torch': {'_target_': 'verl.utils.profiler.config.TorchProfilerToolConfig',
[36m(TaskRunnerV1 pid=4817)[0m                                                                         'contents': [],
[36m(TaskRunnerV1 pid=4817)[0m                                                                         'discrete': False,
[36m(TaskRunnerV1 pid=4817)[0m                                                                         'schedule': {'_target_': 'verl.utils.profiler.config.TorchProfilerScheduleConfig',
[36m(TaskRunnerV1 pid=4817)[0m                                                                                      'active': 0,
[36m(TaskRunnerV1 pid=4817)[0m                                                                                      'repeat': 0,
[36m(TaskRunnerV1 pid=4817)[0m                                                                                      'skip_first': 0,
[36m(TaskRunnerV1 pid=4817)[0m                                                                                      'wait': 0,
[36m(TaskRunnerV1 pid=4817)[0m                                                                                      'warmup': 0}},
[36m(TaskRunnerV1 pid=4817)[0m                                                               'torch_memory': {'_target_': 'verl.utils.profiler.config.TorchMemoryToolConfig',
[36m(TaskRunnerV1 pid=4817)[0m                                                                                'stack_depth': 32,
[36m(TaskRunnerV1 pid=4817)[0m                                                                                'trace_alloc_max_entries': 100000}}},
[36m(TaskRunnerV1 pid=4817)[0m                                  'qat': {'activation_observer': 'static_minmax',
[36m(TaskRunnerV1 pid=4817)[0m                                          'enable': False,
[36m(TaskRunnerV1 pid=4817)[0m                                          'group_size': 16,
[36m(TaskRunnerV1 pid=4817)[0m                                          'ignore_patterns': ['lm_head',
[36m(TaskRunnerV1 pid=4817)[0m                                                              'embed_tokens',
[36m(TaskRunnerV1 pid=4817)[0m                                                              're:.*mlp.gate$'],
[36m(TaskRunnerV1 pid=4817)[0m                                          'mode': 'w4a16',
[36m(TaskRunnerV1 pid=4817)[0m                                          'quantization_config_path': None},
[36m(TaskRunnerV1 pid=4817)[0m                                  'rollout_n': 8,
[36m(TaskRunnerV1 pid=4817)[0m                                  'router_replay': {'_target_': 'verl.workers.config.RouterReplayConfig',
[36m(TaskRunnerV1 pid=4817)[0m                                                    'mode': 'disabled',
[36m(TaskRunnerV1 pid=4817)[0m                                                    'record_file': None,
[36m(TaskRunnerV1 pid=4817)[0m                                                    'replay_file': None},
[36m(TaskRunnerV1 pid=4817)[0m                                  'shuffle': False,
[36m(TaskRunnerV1 pid=4817)[0m                                  'strategy': 'fsdp',
[36m(TaskRunnerV1 pid=4817)[0m                                  'tau_neg': 1.05,
[36m(TaskRunnerV1 pid=4817)[0m                                  'tau_pos': 1.0,
[36m(TaskRunnerV1 pid=4817)[0m                                  'ulysses_sequence_parallel_size': 1,
[36m(TaskRunnerV1 pid=4817)[0m                                  'use_dynamic_bsz': True,
[36m(TaskRunnerV1 pid=4817)[0m                                  'use_fused_kernels': False,
[36m(TaskRunnerV1 pid=4817)[0m                                  'use_kl_loss': False,
[36m(TaskRunnerV1 pid=4817)[0m                                  'use_prefix_grouper': False,
[36m(TaskRunnerV1 pid=4817)[0m                                  'use_remove_padding': True,
[36m(TaskRunnerV1 pid=4817)[0m                                  'use_torch_compile': True},
[36m(TaskRunnerV1 pid=4817)[0m                        'hybrid_engine': True,
[36m(TaskRunnerV1 pid=4817)[0m                        'model': {'_target_': 'verl.workers.config.HFModelConfig',
[36m(TaskRunnerV1 pid=4817)[0m                                  'custom_chat_template': None,
[36m(TaskRunnerV1 pid=4817)[0m                                  'enable_activation_offload': False,
[36m(TaskRunnerV1 pid=4817)[0m                                  'enable_gradient_checkpointing': True,
[36m(TaskRunnerV1 pid=4817)[0m                                  'exclude_modules': None,
[36m(TaskRunnerV1 pid=4817)[0m                                  'external_lib': None,
[36m(TaskRunnerV1 pid=4817)[0m                                  'fused_kernel_options': {'impl_backend': 'torch'},
[36m(TaskRunnerV1 pid=4817)[0m                                  'hf_config_path': None,
[36m(TaskRunnerV1 pid=4817)[0m                                  'lora': {'a2a_experimental': False,
[36m(TaskRunnerV1 pid=4817)[0m                                           'adapter_path': None,
[36m(TaskRunnerV1 pid=4817)[0m                                           'alpha': 32,
[36m(TaskRunnerV1 pid=4817)[0m                                           'dropout': 0.0,
[36m(TaskRunnerV1 pid=4817)[0m                                           'dropout_position': 'pre',
[36m(TaskRunnerV1 pid=4817)[0m                                           'dtype': None,
[36m(TaskRunnerV1 pid=4817)[0m                                           'exclude_modules': [],
[36m(TaskRunnerV1 pid=4817)[0m                                           'freeze_language_model': True,
[36m(TaskRunnerV1 pid=4817)[0m                                           'freeze_vision_model': True,
[36m(TaskRunnerV1 pid=4817)[0m                                           'freeze_vision_projection': True,
[36m(TaskRunnerV1 pid=4817)[0m                                           'lora_A_init_method': 'xavier',
[36m(TaskRunnerV1 pid=4817)[0m                                           'lora_B_init_method': 'zero',
[36m(TaskRunnerV1 pid=4817)[0m                                           'merge': False,
[36m(TaskRunnerV1 pid=4817)[0m                                           'rank': 0,
[36m(TaskRunnerV1 pid=4817)[0m                                           'target_modules': ['linear_qkv',
[36m(TaskRunnerV1 pid=4817)[0m                                                              'linear_proj',
[36m(TaskRunnerV1 pid=4817)[0m                                                              'linear_fc1',
[36m(TaskRunnerV1 pid=4817)[0m                                                              'linear_fc2'],
[36m(TaskRunnerV1 pid=4817)[0m                                           'type': 'lora'},
[36m(TaskRunnerV1 pid=4817)[0m                                  'lora_adapter_path': None,
[36m(TaskRunnerV1 pid=4817)[0m                                  'lora_alpha': 16,
[36m(TaskRunnerV1 pid=4817)[0m                                  'lora_rank': 0,
[36m(TaskRunnerV1 pid=4817)[0m                                  'mtp': {'_target_': 'verl.workers.config.MtpConfig',
[36m(TaskRunnerV1 pid=4817)[0m                                          'detach_encoder': False,
[36m(TaskRunnerV1 pid=4817)[0m                                          'enable': False,
[36m(TaskRunnerV1 pid=4817)[0m                                          'enable_rollout': False,
[36m(TaskRunnerV1 pid=4817)[0m                                          'enable_train': False,
[36m(TaskRunnerV1 pid=4817)[0m                                          'method': 'mtp',
[36m(TaskRunnerV1 pid=4817)[0m                                          'mtp_loss_scaling_factor': 0.1,
[36m(TaskRunnerV1 pid=4817)[0m                                          'num_speculative_tokens': 1,
[36m(TaskRunnerV1 pid=4817)[0m                                          'speculative_algorithm': 'EAGLE',
[36m(TaskRunnerV1 pid=4817)[0m                                          'speculative_eagle_topk': 1,
[36m(TaskRunnerV1 pid=4817)[0m                                          'speculative_num_draft_tokens': 4,
[36m(TaskRunnerV1 pid=4817)[0m                                          'speculative_num_steps': 3},
[36m(TaskRunnerV1 pid=4817)[0m                                  'override_config': {},
[36m(TaskRunnerV1 pid=4817)[0m                                  'path': '/workspace/models/DeepSeek-R1-Distill-Qwen-1.5B',
[36m(TaskRunnerV1 pid=4817)[0m                                  'target_modules': 'all-linear',
[36m(TaskRunnerV1 pid=4817)[0m                                  'tiled_mlp': {'enabled': False,
[36m(TaskRunnerV1 pid=4817)[0m                                                'num_shards': 4},
[36m(TaskRunnerV1 pid=4817)[0m                                  'tokenizer_path': None,
[36m(TaskRunnerV1 pid=4817)[0m                                  'trust_remote_code': False,
[36m(TaskRunnerV1 pid=4817)[0m                                  'use_fused_kernels': False,
[36m(TaskRunnerV1 pid=4817)[0m                                  'use_liger': False,
[36m(TaskRunnerV1 pid=4817)[0m                                  'use_remove_padding': True,
[36m(TaskRunnerV1 pid=4817)[0m                                  'use_shm': False},
[36m(TaskRunnerV1 pid=4817)[0m                        'nccl_timeout': 600,
[36m(TaskRunnerV1 pid=4817)[0m                        'ref': {'_target_': 'verl.workers.config.FSDPActorConfig',
[36m(TaskRunnerV1 pid=4817)[0m                                'entropy_checkpointing': False,
[36m(TaskRunnerV1 pid=4817)[0m                                'entropy_from_logits_chunk_size': 2048,
[36m(TaskRunnerV1 pid=4817)[0m                                'entropy_from_logits_with_chunking': False,
[36m(TaskRunnerV1 pid=4817)[0m                                'fsdp_config': {'_target_': 'verl.workers.config.FSDPEngineConfig',
[36m(TaskRunnerV1 pid=4817)[0m                                                'dtype': 'bfloat16',
[36m(TaskRunnerV1 pid=4817)[0m                                                'entropy_checkpointing': False,
[36m(TaskRunnerV1 pid=4817)[0m                                                'entropy_from_logits_chunk_size': 2048,
[36m(TaskRunnerV1 pid=4817)[0m                                                'entropy_from_logits_with_chunking': False,
[36m(TaskRunnerV1 pid=4817)[0m                                                'forward_only': True,
[36m(TaskRunnerV1 pid=4817)[0m                                                'forward_prefetch': False,
[36m(TaskRunnerV1 pid=4817)[0m                                                'fsdp_size': -1,
[36m(TaskRunnerV1 pid=4817)[0m                                                'full_determinism': False,
[36m(TaskRunnerV1 pid=4817)[0m                                                'model_dtype': 'fp32',
[36m(TaskRunnerV1 pid=4817)[0m                                                'offload_policy': False,
[36m(TaskRunnerV1 pid=4817)[0m                                                'optimizer_offload': False,
[36m(TaskRunnerV1 pid=4817)[0m                                                'param_offload': False,
[36m(TaskRunnerV1 pid=4817)[0m                                                'qat': {'_target_': 'verl.workers.config.QATEngineConfig',
[36m(TaskRunnerV1 pid=4817)[0m                                                        'activation_observer': 'static_minmax',
[36m(TaskRunnerV1 pid=4817)[0m                                                        'enable': False,
[36m(TaskRunnerV1 pid=4817)[0m                                                        'group_size': 16,
[36m(TaskRunnerV1 pid=4817)[0m                                                        'ignore_patterns': ['lm_head',
[36m(TaskRunnerV1 pid=4817)[0m                                                                            'embed_tokens',
[36m(TaskRunnerV1 pid=4817)[0m                                                                            're:.*mlp.gate$'],
[36m(TaskRunnerV1 pid=4817)[0m                                                        'mode': 'w4a16',
[36m(TaskRunnerV1 pid=4817)[0m                                                        'quantization_config_path': None},
[36m(TaskRunnerV1 pid=4817)[0m                                                'reshard_after_forward': True,
[36m(TaskRunnerV1 pid=4817)[0m                                                'seed': 42,
[36m(TaskRunnerV1 pid=4817)[0m                                                'strategy': 'fsdp',
[36m(TaskRunnerV1 pid=4817)[0m                                                'ulysses_sequence_parallel_size': 1,
[36m(TaskRunnerV1 pid=4817)[0m                                                'use_orig_params': False,
[36m(TaskRunnerV1 pid=4817)[0m                                                'use_torch_compile': True,
[36m(TaskRunnerV1 pid=4817)[0m                                                'wrap_policy': {'min_num_params': 0}},
[36m(TaskRunnerV1 pid=4817)[0m                                'log_prob_max_token_len_per_gpu': 32768,
[36m(TaskRunnerV1 pid=4817)[0m                                'log_prob_micro_batch_size': None,
[36m(TaskRunnerV1 pid=4817)[0m                                'log_prob_micro_batch_size_per_gpu': None,
[36m(TaskRunnerV1 pid=4817)[0m                                'log_prob_use_dynamic_bsz': True,
[36m(TaskRunnerV1 pid=4817)[0m                                'profiler': {'_target_': 'verl.utils.profiler.ProfilerConfig',
[36m(TaskRunnerV1 pid=4817)[0m                                             'all_ranks': False,
[36m(TaskRunnerV1 pid=4817)[0m                                             'enable': False,
[36m(TaskRunnerV1 pid=4817)[0m                                             'ranks': [],
[36m(TaskRunnerV1 pid=4817)[0m                                             'save_path': 'outputs/profile',
[36m(TaskRunnerV1 pid=4817)[0m                                             'tool': None,
[36m(TaskRunnerV1 pid=4817)[0m                                             'tool_config': {'npu': {'_target_': 'verl.utils.profiler.config.NPUToolConfig',
[36m(TaskRunnerV1 pid=4817)[0m                                                                     'analysis': True,
[36m(TaskRunnerV1 pid=4817)[0m                                                                     'contents': [],
[36m(TaskRunnerV1 pid=4817)[0m                                                                     'discrete': False,
[36m(TaskRunnerV1 pid=4817)[0m                                                                     'level': 'level0'},
[36m(TaskRunnerV1 pid=4817)[0m                                                             'nsys': {'_target_': 'verl.utils.profiler.config.NsightToolConfig',
[36m(TaskRunnerV1 pid=4817)[0m                                                                      'discrete': False},
[36m(TaskRunnerV1 pid=4817)[0m                                                             'precision_debugger': {'_target_': 'verl.utils.profiler.config.PrecisionDebuggerToolConfig',
[36m(TaskRunnerV1 pid=4817)[0m                                                                                    'config_path': None,
[36m(TaskRunnerV1 pid=4817)[0m                                                                                    'stages': None,
[36m(TaskRunnerV1 pid=4817)[0m                                                                                    'steps': None,
[36m(TaskRunnerV1 pid=4817)[0m                                                                                    'strict': False},
[36m(TaskRunnerV1 pid=4817)[0m                                                             'torch': {'_target_': 'verl.utils.profiler.config.TorchProfilerToolConfig',
[36m(TaskRunnerV1 pid=4817)[0m                                                                       'contents': [],
[36m(TaskRunnerV1 pid=4817)[0m                                                                       'discrete': False,
[36m(TaskRunnerV1 pid=4817)[0m                                                                       'schedule': {'_target_': 'verl.utils.profiler.config.TorchProfilerScheduleConfig',
[36m(TaskRunnerV1 pid=4817)[0m                                                                                    'active': 0,
[36m(TaskRunnerV1 pid=4817)[0m                                                                                    'repeat': 0,
[36m(TaskRunnerV1 pid=4817)[0m                                                                                    'skip_first': 0,
[36m(TaskRunnerV1 pid=4817)[0m                                                                                    'wait': 0,
[36m(TaskRunnerV1 pid=4817)[0m                                                                                    'warmup': 0}},
[36m(TaskRunnerV1 pid=4817)[0m                                                             'torch_memory': {'_target_': 'verl.utils.profiler.config.TorchMemoryToolConfig',
[36m(TaskRunnerV1 pid=4817)[0m                                                                              'stack_depth': 32,
[36m(TaskRunnerV1 pid=4817)[0m                                                                              'trace_alloc_max_entries': 100000}}},
[36m(TaskRunnerV1 pid=4817)[0m                                'rollout_n': 8,
[36m(TaskRunnerV1 pid=4817)[0m                                'router_replay': {'_target_': 'verl.workers.config.RouterReplayConfig',
[36m(TaskRunnerV1 pid=4817)[0m                                                  'mode': 'disabled',
[36m(TaskRunnerV1 pid=4817)[0m                                                  'record_file': None,
[36m(TaskRunnerV1 pid=4817)[0m                                                  'replay_file': None},
[36m(TaskRunnerV1 pid=4817)[0m                                'strategy': 'fsdp',
[36m(TaskRunnerV1 pid=4817)[0m                                'ulysses_sequence_parallel_size': 1,
[36m(TaskRunnerV1 pid=4817)[0m                                'use_torch_compile': True},
[36m(TaskRunnerV1 pid=4817)[0m                        'rollout': {'_target_': 'verl.workers.config.RolloutConfig',
[36m(TaskRunnerV1 pid=4817)[0m                                    'agent': {'_target_': 'verl.workers.config.AgentLoopConfig',
[36m(TaskRunnerV1 pid=4817)[0m                                              'agent_loop_config_path': None,
[36m(TaskRunnerV1 pid=4817)[0m                                              'custom_async_server': {'_target_': 'verl.workers.config.CustomAsyncServerConfig',
[36m(TaskRunnerV1 pid=4817)[0m                                                                      'name': None,
[36m(TaskRunnerV1 pid=4817)[0m                                                                      'path': None},
[36m(TaskRunnerV1 pid=4817)[0m                                              'default_agent_loop': 'single_turn_agent',
[36m(TaskRunnerV1 pid=4817)[0m                                              'num_workers': 8},
[36m(TaskRunnerV1 pid=4817)[0m                                    'calculate_log_probs': True,
[36m(TaskRunnerV1 pid=4817)[0m                                    'checkpoint_engine': {'_target_': 'verl.workers.config.CheckpointEngineConfig',
[36m(TaskRunnerV1 pid=4817)[0m                                                          'backend': 'naive',
[36m(TaskRunnerV1 pid=4817)[0m                                                          'custom_backend_module': None,
[36m(TaskRunnerV1 pid=4817)[0m                                                          'engine_kwargs': {},
[36m(TaskRunnerV1 pid=4817)[0m                                                          'update_weights_bucket_megabytes': 2048},
[36m(TaskRunnerV1 pid=4817)[0m                                    'cudagraph_capture_sizes': None,
[36m(TaskRunnerV1 pid=4817)[0m                                    'data_parallel_size': 1,
[36m(TaskRunnerV1 pid=4817)[0m                                    'disable_log_stats': True,
[36m(TaskRunnerV1 pid=4817)[0m                                    'disaggregation': {'bootstrap_port': None,
[36m(TaskRunnerV1 pid=4817)[0m                                                       'decode_replicas': 1,
[36m(TaskRunnerV1 pid=4817)[0m                                                       'decode_tensor_model_parallel_size': None,
[36m(TaskRunnerV1 pid=4817)[0m                                                       'enabled': False,
[36m(TaskRunnerV1 pid=4817)[0m                                                       'ib_device': None,
[36m(TaskRunnerV1 pid=4817)[0m                                                       'prefill_replicas': 1,
[36m(TaskRunnerV1 pid=4817)[0m                                                       'transfer_backend': 'nixl'},
[36m(TaskRunnerV1 pid=4817)[0m                                    'do_sample': True,
[36m(TaskRunnerV1 pid=4817)[0m                                    'dtype': 'bfloat16',
[36m(TaskRunnerV1 pid=4817)[0m                                    'enable_chunked_prefill': True,
[36m(TaskRunnerV1 pid=4817)[0m                                    'enable_prefix_caching': True,
[36m(TaskRunnerV1 pid=4817)[0m                                    'enable_rollout_routing_replay': False,
[36m(TaskRunnerV1 pid=4817)[0m                                    'enforce_eager': False,
[36m(TaskRunnerV1 pid=4817)[0m                                    'engine_kwargs': {'sglang': {},
[36m(TaskRunnerV1 pid=4817)[0m                                                      'trtllm': {},
[36m(TaskRunnerV1 pid=4817)[0m                                                      'vllm': {}},
[36m(TaskRunnerV1 pid=4817)[0m                                    'expert_parallel_size': 1,
[36m(TaskRunnerV1 pid=4817)[0m                                    'free_cache_engine': True,
[36m(TaskRunnerV1 pid=4817)[0m                                    'full_determinism': False,
[36m(TaskRunnerV1 pid=4817)[0m                                    'gpu_memory_utilization': 0.6,
[36m(TaskRunnerV1 pid=4817)[0m                                    'ignore_eos': False,
[36m(TaskRunnerV1 pid=4817)[0m                                    'layered_summon': False,
[36m(TaskRunnerV1 pid=4817)[0m                                    'load_format': 'dummy',
[36m(TaskRunnerV1 pid=4817)[0m                                    'log_prob_max_token_len_per_gpu': 32768,
[36m(TaskRunnerV1 pid=4817)[0m                                    'log_prob_micro_batch_size': None,
[36m(TaskRunnerV1 pid=4817)[0m                                    'log_prob_micro_batch_size_per_gpu': None,
[36m(TaskRunnerV1 pid=4817)[0m                                    'log_prob_use_dynamic_bsz': True,
[36m(TaskRunnerV1 pid=4817)[0m                                    'logprobs_mode': 'processed_logprobs',
[36m(TaskRunnerV1 pid=4817)[0m                                    'max_model_len': None,
[36m(TaskRunnerV1 pid=4817)[0m                                    'max_num_batched_tokens': 8192,
[36m(TaskRunnerV1 pid=4817)[0m                                    'max_num_seqs': 1024,
[36m(TaskRunnerV1 pid=4817)[0m                                    'mode': 'async',
[36m(TaskRunnerV1 pid=4817)[0m                                    'moe_load_balance_metrics_interval': 0,
[36m(TaskRunnerV1 pid=4817)[0m                                    'mtp': {'_target_': 'verl.workers.config.MtpConfig',
[36m(TaskRunnerV1 pid=4817)[0m                                            'detach_encoder': False,
[36m(TaskRunnerV1 pid=4817)[0m                                            'enable': False,
[36m(TaskRunnerV1 pid=4817)[0m                                            'enable_rollout': False,
[36m(TaskRunnerV1 pid=4817)[0m                                            'enable_train': False,
[36m(TaskRunnerV1 pid=4817)[0m                                            'method': 'mtp',
[36m(TaskRunnerV1 pid=4817)[0m                                            'mtp_loss_scaling_factor': 0.1,
[36m(TaskRunnerV1 pid=4817)[0m                                            'num_speculative_tokens': 1,
[36m(TaskRunnerV1 pid=4817)[0m                                            'speculative_algorithm': 'EAGLE',
[36m(TaskRunnerV1 pid=4817)[0m                                            'speculative_eagle_topk': 1,
[36m(TaskRunnerV1 pid=4817)[0m                                            'speculative_num_draft_tokens': 4,
[36m(TaskRunnerV1 pid=4817)[0m                                            'speculative_num_steps': 3},
[36m(TaskRunnerV1 pid=4817)[0m                                    'multi_stage_wake_up': False,
[36m(TaskRunnerV1 pid=4817)[0m                                    'multi_turn': {'_target_': 'verl.workers.config.MultiTurnConfig',
[36m(TaskRunnerV1 pid=4817)[0m                                                   'enable': False,
[36m(TaskRunnerV1 pid=4817)[0m                                                   'format': 'hermes',
[36m(TaskRunnerV1 pid=4817)[0m                                                   'function_tool_path': None,
[36m(TaskRunnerV1 pid=4817)[0m                                                   'max_assistant_turns': None,
[36m(TaskRunnerV1 pid=4817)[0m                                                   'max_parallel_calls': 1,
[36m(TaskRunnerV1 pid=4817)[0m                                                   'max_tool_response_length': 256,
[36m(TaskRunnerV1 pid=4817)[0m                                                   'max_user_turns': None,
[36m(TaskRunnerV1 pid=4817)[0m                                                   'num_repeat_rollouts': None,
[36m(TaskRunnerV1 pid=4817)[0m                                                   'tokenization_sanity_check_mode': 'strict',
[36m(TaskRunnerV1 pid=4817)[0m                                                   'tool_config_path': None,
[36m(TaskRunnerV1 pid=4817)[0m                                                   'tool_response_truncate_side': 'middle',
[36m(TaskRunnerV1 pid=4817)[0m                                                   'use_inference_chat_template': False},
[36m(TaskRunnerV1 pid=4817)[0m                                    'n': 8,
[36m(TaskRunnerV1 pid=4817)[0m                                    'n_gpus_per_node': 2,
[36m(TaskRunnerV1 pid=4817)[0m                                    'name': 'vllm',
[36m(TaskRunnerV1 pid=4817)[0m                                    'nnodes': 0,
[36m(TaskRunnerV1 pid=4817)[0m                                    'over_sample_rate': 0,
[36m(TaskRunnerV1 pid=4817)[0m                                    'pipeline_model_parallel_size': 1,
[36m(TaskRunnerV1 pid=4817)[0m                                    'profiler': {'_target_': 'verl.utils.profiler.ProfilerConfig',
[36m(TaskRunnerV1 pid=4817)[0m                                                 'all_ranks': False,
[36m(TaskRunnerV1 pid=4817)[0m                                                 'enable': False,
[36m(TaskRunnerV1 pid=4817)[0m                                                 'ranks': [],
[36m(TaskRunnerV1 pid=4817)[0m                                                 'save_path': 'outputs/profile',
[36m(TaskRunnerV1 pid=4817)[0m                                                 'tool': None,
[36m(TaskRunnerV1 pid=4817)[0m                                                 'tool_config': {'npu': {'_target_': 'verl.utils.profiler.config.NPUToolConfig',
[36m(TaskRunnerV1 pid=4817)[0m                                                                         'analysis': True,
[36m(TaskRunnerV1 pid=4817)[0m                                                                         'contents': [],
[36m(TaskRunnerV1 pid=4817)[0m                                                                         'discrete': False,
[36m(TaskRunnerV1 pid=4817)[0m                                                                         'level': 'level0',
[36m(TaskRunnerV1 pid=4817)[0m                                                                         'profile_token_end': None,
[36m(TaskRunnerV1 pid=4817)[0m                                                                         'profile_token_start': None},
[36m(TaskRunnerV1 pid=4817)[0m                                                                 'precision_debugger': {'_target_': 'verl.utils.profiler.config.PrecisionDebuggerToolConfig',
[36m(TaskRunnerV1 pid=4817)[0m                                                                                        'config_path': None,
[36m(TaskRunnerV1 pid=4817)[0m                                                                                        'stages': None,
[36m(TaskRunnerV1 pid=4817)[0m                                                                                        'steps': None,
[36m(TaskRunnerV1 pid=4817)[0m                                                                                        'strict': False},
[36m(TaskRunnerV1 pid=4817)[0m                                                                 'torch': {'_target_': 'verl.utils.profiler.config.TorchProfilerToolConfig',
[36m(TaskRunnerV1 pid=4817)[0m                                                                           'contents': [],
[36m(TaskRunnerV1 pid=4817)[0m                                                                           'discrete': False,
[36m(TaskRunnerV1 pid=4817)[0m                                                                           'profile_token_end': None,
[36m(TaskRunnerV1 pid=4817)[0m                                                                           'profile_token_start': None}}},
[36m(TaskRunnerV1 pid=4817)[0m                                    'prometheus': {'_target_': 'verl.workers.config.PrometheusConfig',
[36m(TaskRunnerV1 pid=4817)[0m                                                   'enable': False,
[36m(TaskRunnerV1 pid=4817)[0m                                                   'file': '/tmp/ray/session_latest/metrics/prometheus/prometheus.yml',
[36m(TaskRunnerV1 pid=4817)[0m                                                   'port': 9090,
[36m(TaskRunnerV1 pid=4817)[0m                                                   'served_model_name': '/workspace/models/DeepSeek-R1-Distill-Qwen-1.5B'},
[36m(TaskRunnerV1 pid=4817)[0m                                    'prompt_length': 2048,
[36m(TaskRunnerV1 pid=4817)[0m                                    'qat': {'_target_': 'verl.workers.config.QATEngineConfig',
[36m(TaskRunnerV1 pid=4817)[0m                                            'activation_observer': 'static_minmax',
[36m(TaskRunnerV1 pid=4817)[0m                                            'enable': False,
[36m(TaskRunnerV1 pid=4817)[0m                                            'group_size': 16,
[36m(TaskRunnerV1 pid=4817)[0m                                            'ignore_patterns': ['lm_head',
[36m(TaskRunnerV1 pid=4817)[0m                                                                'embed_tokens',
[36m(TaskRunnerV1 pid=4817)[0m                                                                're:.*mlp.gate$'],
[36m(TaskRunnerV1 pid=4817)[0m                                            'mode': 'w4a16',
[36m(TaskRunnerV1 pid=4817)[0m                                            'quantization_config_path': None},
[36m(TaskRunnerV1 pid=4817)[0m                                    'quantization': None,
[36m(TaskRunnerV1 pid=4817)[0m                                    'quantization_config_file': None,
[36m(TaskRunnerV1 pid=4817)[0m                                    'response_length': 16384,
[36m(TaskRunnerV1 pid=4817)[0m                                    'scheduling_policy': 'fcfs',
[36m(TaskRunnerV1 pid=4817)[0m                                    'seed': 42,
[36m(TaskRunnerV1 pid=4817)[0m                                    'skip_tokenizer_init': True,
[36m(TaskRunnerV1 pid=4817)[0m                                    'temperature': 1.0,
[36m(TaskRunnerV1 pid=4817)[0m                                    'tensor_model_parallel_size': 1,
[36m(TaskRunnerV1 pid=4817)[0m                                    'top_k': -1,
[36m(TaskRunnerV1 pid=4817)[0m                                    'top_p': 1.0,
[36m(TaskRunnerV1 pid=4817)[0m                                    'trace': {'_target_': 'verl.workers.config.TraceConfig',
[36m(TaskRunnerV1 pid=4817)[0m                                              'backend': None,
[36m(TaskRunnerV1 pid=4817)[0m                                              'experiment_name': 'r1distill1.5b-euruscode-colocated',
[36m(TaskRunnerV1 pid=4817)[0m                                              'max_samples_per_step_per_worker': None,
[36m(TaskRunnerV1 pid=4817)[0m                                              'project_name': 'colocated-m3a',
[36m(TaskRunnerV1 pid=4817)[0m                                              'token2text': False},
[36m(TaskRunnerV1 pid=4817)[0m                                    'val_kwargs': {'_target_': 'verl.workers.config.SamplingConfig',
[36m(TaskRunnerV1 pid=4817)[0m                                                   'do_sample': False,
[36m(TaskRunnerV1 pid=4817)[0m                                                   'n': 1,
[36m(TaskRunnerV1 pid=4817)[0m                                                   'temperature': 0,
[36m(TaskRunnerV1 pid=4817)[0m                                                   'top_k': -1,
[36m(TaskRunnerV1 pid=4817)[0m                                                   'top_p': 1.0}}},
[36m(TaskRunnerV1 pid=4817)[0m  'algorithm': {'_target_': 'verl.trainer.config.AlgoConfig',
[36m(TaskRunnerV1 pid=4817)[0m                'adv_estimator': 'grpo',
[36m(TaskRunnerV1 pid=4817)[0m                'filter_groups': {'_target_': 'verl.trainer.config.FilterGroupsConfig',
[36m(TaskRunnerV1 pid=4817)[0m                                  'enable': False,
[36m(TaskRunnerV1 pid=4817)[0m                                  'max_inflight_gen_batches': 1,
[36m(TaskRunnerV1 pid=4817)[0m                                  'max_num_gen_batches': 0,
[36m(TaskRunnerV1 pid=4817)[0m                                  'metric': None},
[36m(TaskRunnerV1 pid=4817)[0m                'gamma': 1.0,
[36m(TaskRunnerV1 pid=4817)[0m                'kl_ctrl': {'_target_': 'verl.trainer.config.KLControlConfig',
[36m(TaskRunnerV1 pid=4817)[0m                            'horizon': 10000,
[36m(TaskRunnerV1 pid=4817)[0m                            'kl_coef': 0.0,
[36m(TaskRunnerV1 pid=4817)[0m                            'target_kl': 0.1,
[36m(TaskRunnerV1 pid=4817)[0m                            'type': 'fixed'},
[36m(TaskRunnerV1 pid=4817)[0m                'kl_penalty': 'kl',
[36m(TaskRunnerV1 pid=4817)[0m                'lam': 1.0,
[36m(TaskRunnerV1 pid=4817)[0m                'norm_adv_by_std_in_grpo': True,
[36m(TaskRunnerV1 pid=4817)[0m                'pf_ppo': {'reweight_method': 'pow', 'weight_pow': 2.0},
[36m(TaskRunnerV1 pid=4817)[0m                'rollout_correction': {'bypass_mode': False,
[36m(TaskRunnerV1 pid=4817)[0m                                       'loss_type': 'ppo_clip',
[36m(TaskRunnerV1 pid=4817)[0m                                       'rollout_is': None,
[36m(TaskRunnerV1 pid=4817)[0m                                       'rollout_is_batch_normalize': False,
[36m(TaskRunnerV1 pid=4817)[0m                                       'rollout_is_threshold': 2.0,
[36m(TaskRunnerV1 pid=4817)[0m                                       'rollout_rs': None,
[36m(TaskRunnerV1 pid=4817)[0m                                       'rollout_rs_threshold': None},
[36m(TaskRunnerV1 pid=4817)[0m                'use_kl_in_reward': False,
[36m(TaskRunnerV1 pid=4817)[0m                'use_pf_ppo': False},
[36m(TaskRunnerV1 pid=4817)[0m  'critic': {'_target_': 'verl.workers.config.FSDPCriticConfig',
[36m(TaskRunnerV1 pid=4817)[0m             'checkpoint': {'_target_': 'verl.trainer.config.CheckpointConfig',
[36m(TaskRunnerV1 pid=4817)[0m                            'async_save': False,
[36m(TaskRunnerV1 pid=4817)[0m                            'load_contents': ['model', 'optimizer', 'extra'],
[36m(TaskRunnerV1 pid=4817)[0m                            'save_contents': ['model', 'optimizer', 'extra']},
[36m(TaskRunnerV1 pid=4817)[0m             'cliprange_value': 0.5,
[36m(TaskRunnerV1 pid=4817)[0m             'data_loader_seed': 42,
[36m(TaskRunnerV1 pid=4817)[0m             'enable': None,
[36m(TaskRunnerV1 pid=4817)[0m             'forward_max_token_len_per_gpu': 32768,
[36m(TaskRunnerV1 pid=4817)[0m             'forward_micro_batch_size': None,
[36m(TaskRunnerV1 pid=4817)[0m             'forward_micro_batch_size_per_gpu': None,
[36m(TaskRunnerV1 pid=4817)[0m             'fsdp': {'_target_': 'verl.workers.config.FSDPEngineConfig',
[36m(TaskRunnerV1 pid=4817)[0m                      'dtype': 'bfloat16',
[36m(TaskRunnerV1 pid=4817)[0m                      'entropy_checkpointing': False,
[36m(TaskRunnerV1 pid=4817)[0m                      'entropy_from_logits_chunk_size': 2048,
[36m(TaskRunnerV1 pid=4817)[0m                      'entropy_from_logits_with_chunking': False,
[36m(TaskRunnerV1 pid=4817)[0m                      'forward_only': False,
[36m(TaskRunnerV1 pid=4817)[0m                      'forward_prefetch': False,
[36m(TaskRunnerV1 pid=4817)[0m                      'fsdp_size': -1,
[36m(TaskRunnerV1 pid=4817)[0m                      'full_determinism': False,
[36m(TaskRunnerV1 pid=4817)[0m                      'model_dtype': 'fp32',
[36m(TaskRunnerV1 pid=4817)[0m                      'offload_policy': False,
[36m(TaskRunnerV1 pid=4817)[0m                      'optimizer_offload': False,
[36m(TaskRunnerV1 pid=4817)[0m                      'param_offload': False,
[36m(TaskRunnerV1 pid=4817)[0m                      'qat': {'_target_': 'verl.workers.config.QATEngineConfig',
[36m(TaskRunnerV1 pid=4817)[0m                              'activation_observer': 'static_minmax',
[36m(TaskRunnerV1 pid=4817)[0m                              'enable': False,
[36m(TaskRunnerV1 pid=4817)[0m                              'group_size': 16,
[36m(TaskRunnerV1 pid=4817)[0m                              'ignore_patterns': ['lm_head',
[36m(TaskRunnerV1 pid=4817)[0m                                                  'embed_tokens',
[36m(TaskRunnerV1 pid=4817)[0m                                                  're:.*mlp.gate$'],
[36m(TaskRunnerV1 pid=4817)[0m                              'mode': 'w4a16',
[36m(TaskRunnerV1 pid=4817)[0m                              'quantization_config_path': None},
[36m(TaskRunnerV1 pid=4817)[0m                      'reshard_after_forward': True,
[36m(TaskRunnerV1 pid=4817)[0m                      'seed': 42,
[36m(TaskRunnerV1 pid=4817)[0m                      'strategy': 'fsdp',
[36m(TaskRunnerV1 pid=4817)[0m                      'ulysses_sequence_parallel_size': 1,
[36m(TaskRunnerV1 pid=4817)[0m                      'use_orig_params': False,
[36m(TaskRunnerV1 pid=4817)[0m                      'use_torch_compile': True,
[36m(TaskRunnerV1 pid=4817)[0m                      'wrap_policy': {'min_num_params': 0}},
[36m(TaskRunnerV1 pid=4817)[0m             'grad_clip': 1.0,
[36m(TaskRunnerV1 pid=4817)[0m             'loss_agg_mode': 'token-mean',
[36m(TaskRunnerV1 pid=4817)[0m             'loss_scale_factor': None,
[36m(TaskRunnerV1 pid=4817)[0m             'model': {'_target_': 'verl.workers.config.HFModelConfig',
[36m(TaskRunnerV1 pid=4817)[0m                       'custom_chat_template': None,
[36m(TaskRunnerV1 pid=4817)[0m                       'enable_activation_offload': False,
[36m(TaskRunnerV1 pid=4817)[0m                       'enable_gradient_checkpointing': True,
[36m(TaskRunnerV1 pid=4817)[0m                       'exclude_modules': None,
[36m(TaskRunnerV1 pid=4817)[0m                       'external_lib': None,
[36m(TaskRunnerV1 pid=4817)[0m                       'fused_kernel_options': {'impl_backend': 'torch'},
[36m(TaskRunnerV1 pid=4817)[0m                       'hf_config_path': None,
[36m(TaskRunnerV1 pid=4817)[0m                       'lora': {'a2a_experimental': False,
[36m(TaskRunnerV1 pid=4817)[0m                                'adapter_path': None,
[36m(TaskRunnerV1 pid=4817)[0m                                'alpha': 32,
[36m(TaskRunnerV1 pid=4817)[0m                                'dropout': 0.0,
[36m(TaskRunnerV1 pid=4817)[0m                                'dropout_position': 'pre',
[36m(TaskRunnerV1 pid=4817)[0m                                'dtype': None,
[36m(TaskRunnerV1 pid=4817)[0m                                'exclude_modules': [],
[36m(TaskRunnerV1 pid=4817)[0m                                'freeze_language_model': True,
[36m(TaskRunnerV1 pid=4817)[0m                                'freeze_vision_model': True,
[36m(TaskRunnerV1 pid=4817)[0m                                'freeze_vision_projection': True,
[36m(TaskRunnerV1 pid=4817)[0m                                'lora_A_init_method': 'xavier',
[36m(TaskRunnerV1 pid=4817)[0m                                'lora_B_init_method': 'zero',
[36m(TaskRunnerV1 pid=4817)[0m                                'merge': False,
[36m(TaskRunnerV1 pid=4817)[0m                                'rank': 0,
[36m(TaskRunnerV1 pid=4817)[0m                                'target_modules': ['linear_qkv',
[36m(TaskRunnerV1 pid=4817)[0m                                                   'linear_proj',
[36m(TaskRunnerV1 pid=4817)[0m                                                   'linear_fc1',
[36m(TaskRunnerV1 pid=4817)[0m                                                   'linear_fc2'],
[36m(TaskRunnerV1 pid=4817)[0m                                'type': 'lora'},
[36m(TaskRunnerV1 pid=4817)[0m                       'lora_adapter_path': None,
[36m(TaskRunnerV1 pid=4817)[0m                       'lora_alpha': 16,
[36m(TaskRunnerV1 pid=4817)[0m                       'lora_rank': 0,
[36m(TaskRunnerV1 pid=4817)[0m                       'mtp': {'_target_': 'verl.workers.config.MtpConfig',
[36m(TaskRunnerV1 pid=4817)[0m                               'detach_encoder': False,
[36m(TaskRunnerV1 pid=4817)[0m                               'enable': False,
[36m(TaskRunnerV1 pid=4817)[0m                               'enable_rollout': False,
[36m(TaskRunnerV1 pid=4817)[0m                               'enable_train': False,
[36m(TaskRunnerV1 pid=4817)[0m                               'method': 'mtp',
[36m(TaskRunnerV1 pid=4817)[0m                               'mtp_loss_scaling_factor': 0.1,
[36m(TaskRunnerV1 pid=4817)[0m                               'num_speculative_tokens': 1,
[36m(TaskRunnerV1 pid=4817)[0m                               'speculative_algorithm': 'EAGLE',
[36m(TaskRunnerV1 pid=4817)[0m                               'speculative_eagle_topk': 1,
[36m(TaskRunnerV1 pid=4817)[0m                               'speculative_num_draft_tokens': 4,
[36m(TaskRunnerV1 pid=4817)[0m                               'speculative_num_steps': 3},
[36m(TaskRunnerV1 pid=4817)[0m                       'override_config': {},
[36m(TaskRunnerV1 pid=4817)[0m                       'path': '~/models/deepseek-llm-7b-chat',
[36m(TaskRunnerV1 pid=4817)[0m                       'target_modules': 'all-linear',
[36m(TaskRunnerV1 pid=4817)[0m                       'tiled_mlp': {'enabled': False, 'num_shards': 4},
[36m(TaskRunnerV1 pid=4817)[0m                       'tokenizer_path': None,
[36m(TaskRunnerV1 pid=4817)[0m                       'trust_remote_code': False,
[36m(TaskRunnerV1 pid=4817)[0m                       'use_fused_kernels': False,
[36m(TaskRunnerV1 pid=4817)[0m                       'use_liger': False,
[36m(TaskRunnerV1 pid=4817)[0m                       'use_remove_padding': True,
[36m(TaskRunnerV1 pid=4817)[0m                       'use_shm': False},
[36m(TaskRunnerV1 pid=4817)[0m             'optim': {'_target_': 'verl.workers.config.FSDPOptimizerConfig',
[36m(TaskRunnerV1 pid=4817)[0m                       'betas': [0.9, 0.999],
[36m(TaskRunnerV1 pid=4817)[0m                       'clip_grad': 1.0,
[36m(TaskRunnerV1 pid=4817)[0m                       'lr': 1e-05,
[36m(TaskRunnerV1 pid=4817)[0m                       'lr_scheduler_type': 'constant',
[36m(TaskRunnerV1 pid=4817)[0m                       'lr_warmup_steps': -1,
[36m(TaskRunnerV1 pid=4817)[0m                       'lr_warmup_steps_ratio': 0.0,
[36m(TaskRunnerV1 pid=4817)[0m                       'min_lr_ratio': 0.0,
[36m(TaskRunnerV1 pid=4817)[0m                       'num_cycles': 0.5,
[36m(TaskRunnerV1 pid=4817)[0m                       'optimizer': 'AdamW',
[36m(TaskRunnerV1 pid=4817)[0m                       'optimizer_impl': 'torch.optim',
[36m(TaskRunnerV1 pid=4817)[0m                       'override_optimizer_config': None,
[36m(TaskRunnerV1 pid=4817)[0m                       'total_training_steps': -1,
[36m(TaskRunnerV1 pid=4817)[0m                       'warmup_style': None,
[36m(TaskRunnerV1 pid=4817)[0m                       'weight_decay': 0.01,
[36m(TaskRunnerV1 pid=4817)[0m                       'zero_indexed_step': True},
[36m(TaskRunnerV1 pid=4817)[0m             'ppo_epochs': 1,
[36m(TaskRunnerV1 pid=4817)[0m             'ppo_max_token_len_per_gpu': 32768,
[36m(TaskRunnerV1 pid=4817)[0m             'ppo_micro_batch_size': None,
[36m(TaskRunnerV1 pid=4817)[0m             'ppo_micro_batch_size_per_gpu': None,
[36m(TaskRunnerV1 pid=4817)[0m             'ppo_mini_batch_size': 8,
[36m(TaskRunnerV1 pid=4817)[0m             'profiler': {'_target_': 'verl.utils.profiler.ProfilerConfig',
[36m(TaskRunnerV1 pid=4817)[0m                          'all_ranks': False,
[36m(TaskRunnerV1 pid=4817)[0m                          'enable': False,
[36m(TaskRunnerV1 pid=4817)[0m                          'ranks': [],
[36m(TaskRunnerV1 pid=4817)[0m                          'save_path': 'outputs/profile',
[36m(TaskRunnerV1 pid=4817)[0m                          'tool': None,
[36m(TaskRunnerV1 pid=4817)[0m                          'tool_config': {'npu': {'_target_': 'verl.utils.profiler.config.NPUToolConfig',
[36m(TaskRunnerV1 pid=4817)[0m                                                  'analysis': True,
[36m(TaskRunnerV1 pid=4817)[0m                                                  'contents': [],
[36m(TaskRunnerV1 pid=4817)[0m                                                  'discrete': False,
[36m(TaskRunnerV1 pid=4817)[0m                                                  'level': 'level0'},
[36m(TaskRunnerV1 pid=4817)[0m                                          'nsys': {'_target_': 'verl.utils.profiler.config.NsightToolConfig',
[36m(TaskRunnerV1 pid=4817)[0m                                                   'discrete': False},
[36m(TaskRunnerV1 pid=4817)[0m                                          'precision_debugger': {'_target_': 'verl.utils.profiler.config.PrecisionDebuggerToolConfig',
[36m(TaskRunnerV1 pid=4817)[0m                                                                 'config_path': None,
[36m(TaskRunnerV1 pid=4817)[0m                                                                 'stages': None,
[36m(TaskRunnerV1 pid=4817)[0m                                                                 'steps': None,
[36m(TaskRunnerV1 pid=4817)[0m                                                                 'strict': False},
[36m(TaskRunnerV1 pid=4817)[0m                                          'torch': {'_target_': 'verl.utils.profiler.config.TorchProfilerToolConfig',
[36m(TaskRunnerV1 pid=4817)[0m                                                    'contents': [],
[36m(TaskRunnerV1 pid=4817)[0m                                                    'discrete': False,
[36m(TaskRunnerV1 pid=4817)[0m                                                    'schedule': {'_target_': 'verl.utils.profiler.config.TorchProfilerScheduleConfig',
[36m(TaskRunnerV1 pid=4817)[0m                                                                 'active': 0,
[36m(TaskRunnerV1 pid=4817)[0m                                                                 'repeat': 0,
[36m(TaskRunnerV1 pid=4817)[0m                                                                 'skip_first': 0,
[36m(TaskRunnerV1 pid=4817)[0m                                                                 'wait': 0,
[36m(TaskRunnerV1 pid=4817)[0m                                                                 'warmup': 0}},
[36m(TaskRunnerV1 pid=4817)[0m                                          'torch_memory': {'_target_': 'verl.utils.profiler.config.TorchMemoryToolConfig',
[36m(TaskRunnerV1 pid=4817)[0m                                                           'stack_depth': 32,
[36m(TaskRunnerV1 pid=4817)[0m                                                           'trace_alloc_max_entries': 100000}}},
[36m(TaskRunnerV1 pid=4817)[0m             'rollout_n': 8,
[36m(TaskRunnerV1 pid=4817)[0m             'shuffle': False,
[36m(TaskRunnerV1 pid=4817)[0m             'strategy': 'fsdp',
[36m(TaskRunnerV1 pid=4817)[0m             'ulysses_sequence_parallel_size': 1,
[36m(TaskRunnerV1 pid=4817)[0m             'use_dynamic_bsz': True},
[36m(TaskRunnerV1 pid=4817)[0m  'custom_reward_function': {'name': None, 'path': None},
[36m(TaskRunnerV1 pid=4817)[0m  'data': {'apply_chat_template_kwargs': {},
[36m(TaskRunnerV1 pid=4817)[0m           'audio_key': 'audios',
[36m(TaskRunnerV1 pid=4817)[0m           'continuous_token': {'enable': False, 'model_family': 'auto'},
[36m(TaskRunnerV1 pid=4817)[0m           'custom_cls': {'name': None, 'path': None},
[36m(TaskRunnerV1 pid=4817)[0m           'dataloader_num_workers': 8,
[36m(TaskRunnerV1 pid=4817)[0m           'filter_overlong_prompts': False,
[36m(TaskRunnerV1 pid=4817)[0m           'filter_overlong_prompts_workers': 1,
[36m(TaskRunnerV1 pid=4817)[0m           'function_tool_path': None,
[36m(TaskRunnerV1 pid=4817)[0m           'gen_batch_size': None,
[36m(TaskRunnerV1 pid=4817)[0m           'image_key': 'images',
[36m(TaskRunnerV1 pid=4817)[0m           'image_patch_size': 14,
[36m(TaskRunnerV1 pid=4817)[0m           'max_prompt_length': 2048,
[36m(TaskRunnerV1 pid=4817)[0m           'max_response_length': 16384,
[36m(TaskRunnerV1 pid=4817)[0m           'mm_processor_kwargs': {},
[36m(TaskRunnerV1 pid=4817)[0m           'prompt_key': 'prompt',
[36m(TaskRunnerV1 pid=4817)[0m           'return_full_prompt': False,
[36m(TaskRunnerV1 pid=4817)[0m           'return_multi_modal_inputs': True,
[36m(TaskRunnerV1 pid=4817)[0m           'return_raw_chat': True,
[36m(TaskRunnerV1 pid=4817)[0m           'return_raw_input_ids': False,
[36m(TaskRunnerV1 pid=4817)[0m           'reward_fn_key': 'data_source',
[36m(TaskRunnerV1 pid=4817)[0m           'seed': None,
[36m(TaskRunnerV1 pid=4817)[0m           'shuffle': True,
[36m(TaskRunnerV1 pid=4817)[0m           'tokenizer': None,
[36m(TaskRunnerV1 pid=4817)[0m           'tool_config_path': None,
[36m(TaskRunnerV1 pid=4817)[0m           'train_batch_size': 8,
[36m(TaskRunnerV1 pid=4817)[0m           'train_files': '/workspace/data/eurus_code/train.parquet',
[36m(TaskRunnerV1 pid=4817)[0m           'train_max_samples': -1,
[36m(TaskRunnerV1 pid=4817)[0m           'truncation': 'left',
[36m(TaskRunnerV1 pid=4817)[0m           'trust_remote_code': False,
[36m(TaskRunnerV1 pid=4817)[0m           'use_shm': False,
[36m(TaskRunnerV1 pid=4817)[0m           'val_batch_size': None,
[36m(TaskRunnerV1 pid=4817)[0m           'val_files': '/workspace/data/eurus_code/val.parquet',
[36m(TaskRunnerV1 pid=4817)[0m           'val_max_samples': -1,
[36m(TaskRunnerV1 pid=4817)[0m           'validation_shuffle': False,
[36m(TaskRunnerV1 pid=4817)[0m           'video_key': 'videos'},
[36m(TaskRunnerV1 pid=4817)[0m  'distillation': {'_target_': 'verl.workers.config.DistillationConfig',
[36m(TaskRunnerV1 pid=4817)[0m                   'distillation_loss': {'_target_': 'verl.workers.config.DistillationLossConfig',
[36m(TaskRunnerV1 pid=4817)[0m                                         'clip_ratio': 0.2,
[36m(TaskRunnerV1 pid=4817)[0m                                         'clip_ratio_high': 0.2,
[36m(TaskRunnerV1 pid=4817)[0m                                         'clip_ratio_low': 0.2,
[36m(TaskRunnerV1 pid=4817)[0m                                         'distillation_loss_coef': 1.0,
[36m(TaskRunnerV1 pid=4817)[0m                                         'log_prob_min_clamp': None,
[36m(TaskRunnerV1 pid=4817)[0m                                         'loss_max_clamp': None,
[36m(TaskRunnerV1 pid=4817)[0m                                         'loss_mode': 'k3',
[36m(TaskRunnerV1 pid=4817)[0m                                         'policy_loss_mode': 'vanilla',
[36m(TaskRunnerV1 pid=4817)[0m                                         'topk': 32,
[36m(TaskRunnerV1 pid=4817)[0m                                         'use_policy_gradient': False,
[36m(TaskRunnerV1 pid=4817)[0m                                         'use_task_rewards': True},
[36m(TaskRunnerV1 pid=4817)[0m                   'enabled': False,
[36m(TaskRunnerV1 pid=4817)[0m                   'n_gpus_per_node': 8,
[36m(TaskRunnerV1 pid=4817)[0m                   'nnodes': 0,
[36m(TaskRunnerV1 pid=4817)[0m                   'teacher_key': 'data_source',
[36m(TaskRunnerV1 pid=4817)[0m                   'teacher_models': {'teacher_model': {'_target_': 'verl.workers.config.DistillationTeacherModelConfig',
[36m(TaskRunnerV1 pid=4817)[0m                                                        'inference': {'_target_': 'verl.workers.config.RolloutConfig',
[36m(TaskRunnerV1 pid=4817)[0m                                                                      'cudagraph_capture_sizes': None,
[36m(TaskRunnerV1 pid=4817)[0m                                                                      'data_parallel_size': 1,
[36m(TaskRunnerV1 pid=4817)[0m                                                                      'disable_log_stats': True,
[36m(TaskRunnerV1 pid=4817)[0m                                                                      'dtype': 'bfloat16',
[36m(TaskRunnerV1 pid=4817)[0m                                                                      'enable_chunked_prefill': True,
[36m(TaskRunnerV1 pid=4817)[0m                                                                      'enable_prefix_caching': True,
[36m(TaskRunnerV1 pid=4817)[0m                                                                      'enforce_eager': True,
[36m(TaskRunnerV1 pid=4817)[0m                                                                      'engine_kwargs': {},
[36m(TaskRunnerV1 pid=4817)[0m                                                                      'expert_parallel_size': 1,
[36m(TaskRunnerV1 pid=4817)[0m                                                                      'free_cache_engine': True,
[36m(TaskRunnerV1 pid=4817)[0m                                                                      'gpu_memory_utilization': 0.5,
[36m(TaskRunnerV1 pid=4817)[0m                                                                      'limit_images': None,
[36m(TaskRunnerV1 pid=4817)[0m                                                                      'load_format': 'auto',
[36m(TaskRunnerV1 pid=4817)[0m                                                                      'max_model_len': None,
[36m(TaskRunnerV1 pid=4817)[0m                                                                      'max_num_batched_tokens': 8192,
[36m(TaskRunnerV1 pid=4817)[0m                                                                      'max_num_seqs': 1024,
[36m(TaskRunnerV1 pid=4817)[0m                                                                      'name': 'vllm',
[36m(TaskRunnerV1 pid=4817)[0m                                                                      'prompt_length': 2048,
[36m(TaskRunnerV1 pid=4817)[0m                                                                      'response_length': 16384,
[36m(TaskRunnerV1 pid=4817)[0m                                                                      'skip_tokenizer_init': True,
[36m(TaskRunnerV1 pid=4817)[0m                                                                      'temperature': 1.0,
[36m(TaskRunnerV1 pid=4817)[0m                                                                      'tensor_model_parallel_size': 2},
[36m(TaskRunnerV1 pid=4817)[0m                                                        'key': None,
[36m(TaskRunnerV1 pid=4817)[0m                                                        'model_path': None,
[36m(TaskRunnerV1 pid=4817)[0m                                                        'num_replicas': 0}}},
[36m(TaskRunnerV1 pid=4817)[0m  'global_profiler': {'_target_': 'verl.utils.profiler.ProfilerConfig',
[36m(TaskRunnerV1 pid=4817)[0m                      'global_tool_config': {'nsys': {'_target_': 'verl.utils.profiler.config.NsightToolConfig',
[36m(TaskRunnerV1 pid=4817)[0m                                                      'controller_nsight_options': {'cuda-graph-trace': 'graph',
[36m(TaskRunnerV1 pid=4817)[0m                                                                                    'cuda-memory-usage': 'true',
[36m(TaskRunnerV1 pid=4817)[0m                                                                                    'trace': 'cuda,nvtx,cublas,ucx'},
[36m(TaskRunnerV1 pid=4817)[0m                                                      'discrete': False,
[36m(TaskRunnerV1 pid=4817)[0m                                                      'worker_nsight_options': {'capture-range': 'cudaProfilerApi',
[36m(TaskRunnerV1 pid=4817)[0m                                                                                'capture-range-end': None,
[36m(TaskRunnerV1 pid=4817)[0m                                                                                'cuda-graph-trace': 'graph',
[36m(TaskRunnerV1 pid=4817)[0m                                                                                'cuda-memory-usage': 'true',
[36m(TaskRunnerV1 pid=4817)[0m                                                                                'kill': 'none',
[36m(TaskRunnerV1 pid=4817)[0m                                                                                'trace': 'cuda,nvtx,cublas,ucx'}},
[36m(TaskRunnerV1 pid=4817)[0m                                             'precision_debugger': {'_target_': 'verl.utils.profiler.config.PrecisionDebuggerToolConfig',
[36m(TaskRunnerV1 pid=4817)[0m                                                                    'config_path': None,
[36m(TaskRunnerV1 pid=4817)[0m                                                                    'stages': None,
[36m(TaskRunnerV1 pid=4817)[0m                                                                    'steps': None,
[36m(TaskRunnerV1 pid=4817)[0m                                                                    'strict': False},
[36m(TaskRunnerV1 pid=4817)[0m                                             'torch_memory': {'context': 'all',
[36m(TaskRunnerV1 pid=4817)[0m                                                              'kw_args': {},
[36m(TaskRunnerV1 pid=4817)[0m                                                              'stack_depth': 32,
[36m(TaskRunnerV1 pid=4817)[0m                                                              'stacks': 'all',
[36m(TaskRunnerV1 pid=4817)[0m                                                              'trace_alloc_max_entries': 100000}},
[36m(TaskRunnerV1 pid=4817)[0m                      'profile_continuous_steps': False,
[36m(TaskRunnerV1 pid=4817)[0m                      'save_path': 'outputs/profile',
[36m(TaskRunnerV1 pid=4817)[0m                      'steps': None,
[36m(TaskRunnerV1 pid=4817)[0m                      'tool': None},
[36m(TaskRunnerV1 pid=4817)[0m  'model_engine': 'dp',
[36m(TaskRunnerV1 pid=4817)[0m  'ray_kwargs': {'ray_init': {'num_cpus': None}, 'timeline_json_file': None},
[36m(TaskRunnerV1 pid=4817)[0m  'reward': {'_target_': 'verl.workers.config.RewardConfig',
[36m(TaskRunnerV1 pid=4817)[0m             'custom_reward_function': {'name': 'compute_score', 'path': None},
[36m(TaskRunnerV1 pid=4817)[0m             'num_workers': 8,
[36m(TaskRunnerV1 pid=4817)[0m             'reward_manager': {'_target_': 'verl.workers.config.reward.RewardManagerConfig',
[36m(TaskRunnerV1 pid=4817)[0m                                'module': {'_target_': 'verl.trainer.config.config.ModuleConfig',
[36m(TaskRunnerV1 pid=4817)[0m                                           'name': 'custom_reward_manager',
[36m(TaskRunnerV1 pid=4817)[0m                                           'path': None},
[36m(TaskRunnerV1 pid=4817)[0m                                'name': 'naive',
[36m(TaskRunnerV1 pid=4817)[0m                                'source': 'register'},
[36m(TaskRunnerV1 pid=4817)[0m             'reward_model': {'_target_': 'verl.workers.config.RewardModelConfig',
[36m(TaskRunnerV1 pid=4817)[0m                              'enable': False,
[36m(TaskRunnerV1 pid=4817)[0m                              'enable_resource_pool': False,
[36m(TaskRunnerV1 pid=4817)[0m                              'model_path': None,
[36m(TaskRunnerV1 pid=4817)[0m                              'n_gpus_per_node': 8,
[36m(TaskRunnerV1 pid=4817)[0m                              'nnodes': 0,
[36m(TaskRunnerV1 pid=4817)[0m                              'rollout': {'_target_': 'verl.workers.config.RolloutConfig',
[36m(TaskRunnerV1 pid=4817)[0m                                          'cudagraph_capture_sizes': None,
[36m(TaskRunnerV1 pid=4817)[0m                                          'data_parallel_size': 1,
[36m(TaskRunnerV1 pid=4817)[0m                                          'disable_log_stats': True,
[36m(TaskRunnerV1 pid=4817)[0m                                          'disaggregation': {'bootstrap_port': None,
[36m(TaskRunnerV1 pid=4817)[0m                                                             'decode_replicas': 1,
[36m(TaskRunnerV1 pid=4817)[0m                                                             'decode_tensor_model_parallel_size': None,
[36m(TaskRunnerV1 pid=4817)[0m                                                             'enabled': False,
[36m(TaskRunnerV1 pid=4817)[0m                                                             'ib_device': None,
[36m(TaskRunnerV1 pid=4817)[0m                                                             'prefill_replicas': 1,
[36m(TaskRunnerV1 pid=4817)[0m                                                             'transfer_backend': 'nixl'},
[36m(TaskRunnerV1 pid=4817)[0m                                          'do_sample': True,
[36m(TaskRunnerV1 pid=4817)[0m                                          'dtype': 'bfloat16',
[36m(TaskRunnerV1 pid=4817)[0m                                          'enable_chunked_prefill': True,
[36m(TaskRunnerV1 pid=4817)[0m                                          'enable_prefix_caching': True,
[36m(TaskRunnerV1 pid=4817)[0m                                          'enforce_eager': True,
[36m(TaskRunnerV1 pid=4817)[0m                                          'engine_kwargs': {},
[36m(TaskRunnerV1 pid=4817)[0m                                          'expert_parallel_size': 1,
[36m(TaskRunnerV1 pid=4817)[0m                                          'free_cache_engine': True,
[36m(TaskRunnerV1 pid=4817)[0m                                          'full_determinism': False,
[36m(TaskRunnerV1 pid=4817)[0m                                          'gpu_memory_utilization': 0.5,
[36m(TaskRunnerV1 pid=4817)[0m                                          'ignore_eos': False,
[36m(TaskRunnerV1 pid=4817)[0m                                          'layered_summon': False,
[36m(TaskRunnerV1 pid=4817)[0m                                          'limit_images': None,
[36m(TaskRunnerV1 pid=4817)[0m                                          'load_format': 'auto',
[36m(TaskRunnerV1 pid=4817)[0m                                          'max_model_len': None,
[36m(TaskRunnerV1 pid=4817)[0m                                          'max_num_batched_tokens': 8192,
[36m(TaskRunnerV1 pid=4817)[0m                                          'max_num_seqs': 1024,
[36m(TaskRunnerV1 pid=4817)[0m                                          'mtp': None,
[36m(TaskRunnerV1 pid=4817)[0m                                          'multi_stage_wake_up': False,
[36m(TaskRunnerV1 pid=4817)[0m                                          'n': 1,
[36m(TaskRunnerV1 pid=4817)[0m                                          'name': '???',
[36m(TaskRunnerV1 pid=4817)[0m                                          'pipeline_model_parallel_size': 1,
[36m(TaskRunnerV1 pid=4817)[0m                                          'prompt_length': 2048,
[36m(TaskRunnerV1 pid=4817)[0m                                          'quantization': None,
[36m(TaskRunnerV1 pid=4817)[0m                                          'quantization_config_file': None,
[36m(TaskRunnerV1 pid=4817)[0m                                          'response_length': 2048,
[36m(TaskRunnerV1 pid=4817)[0m                                          'scheduling_policy': 'fcfs',
[36m(TaskRunnerV1 pid=4817)[0m                                          'seed': 42,
[36m(TaskRunnerV1 pid=4817)[0m                                          'skip_tokenizer_init': False,
[36m(TaskRunnerV1 pid=4817)[0m                                          'temperature': 1.0,
[36m(TaskRunnerV1 pid=4817)[0m                                          'tensor_model_parallel_size': 2,
[36m(TaskRunnerV1 pid=4817)[0m                                          'top_k': -1,
[36m(TaskRunnerV1 pid=4817)[0m                                          'top_p': 1}},
[36m(TaskRunnerV1 pid=4817)[0m             'sandbox_fusion': {'_target_': 'verl.workers.config.SandboxFusionConfig',
[36m(TaskRunnerV1 pid=4817)[0m                                'max_concurrent': 64,
[36m(TaskRunnerV1 pid=4817)[0m                                'memory_limit_mb': 1024,
[36m(TaskRunnerV1 pid=4817)[0m                                'url': None}},
[36m(TaskRunnerV1 pid=4817)[0m  'reward_model': {'enable': None,
[36m(TaskRunnerV1 pid=4817)[0m                   'enable_resource_pool': None,
[36m(TaskRunnerV1 pid=4817)[0m                   'model': {'external_lib': None,
[36m(TaskRunnerV1 pid=4817)[0m                             'path': None,
[36m(TaskRunnerV1 pid=4817)[0m                             'trust_remote_code': None},
[36m(TaskRunnerV1 pid=4817)[0m                   'n_gpus_per_node': None,
[36m(TaskRunnerV1 pid=4817)[0m                   'nnodes': None,
[36m(TaskRunnerV1 pid=4817)[0m                   'num_workers': None,
[36m(TaskRunnerV1 pid=4817)[0m                   'reward_loop_class_name': None,
[36m(TaskRunnerV1 pid=4817)[0m                   'reward_loop_module_path': None,
[36m(TaskRunnerV1 pid=4817)[0m                   'reward_loop_source': None,
[36m(TaskRunnerV1 pid=4817)[0m                   'reward_manager': None,
[36m(TaskRunnerV1 pid=4817)[0m                   'rollout': {'cudagraph_capture_sizes': None,
[36m(TaskRunnerV1 pid=4817)[0m                               'data_parallel_size': None,
[36m(TaskRunnerV1 pid=4817)[0m                               'disable_log_stats': None,
[36m(TaskRunnerV1 pid=4817)[0m                               'dtype': None,
[36m(TaskRunnerV1 pid=4817)[0m                               'enable_chunked_prefill': None,
[36m(TaskRunnerV1 pid=4817)[0m                               'enable_prefix_caching': None,
[36m(TaskRunnerV1 pid=4817)[0m                               'enforce_eager': None,
[36m(TaskRunnerV1 pid=4817)[0m                               'engine_kwargs': None,
[36m(TaskRunnerV1 pid=4817)[0m                               'expert_parallel_size': None,
[36m(TaskRunnerV1 pid=4817)[0m                               'free_cache_engine': None,
[36m(TaskRunnerV1 pid=4817)[0m                               'gpu_memory_utilization': None,
[36m(TaskRunnerV1 pid=4817)[0m                               'limit_images': None,
[36m(TaskRunnerV1 pid=4817)[0m                               'load_format': None,
[36m(TaskRunnerV1 pid=4817)[0m                               'max_model_len': None,
[36m(TaskRunnerV1 pid=4817)[0m                               'max_num_batched_tokens': None,
[36m(TaskRunnerV1 pid=4817)[0m                               'max_num_seqs': None,
[36m(TaskRunnerV1 pid=4817)[0m                               'name': None,
[36m(TaskRunnerV1 pid=4817)[0m                               'prompt_length': None,
[36m(TaskRunnerV1 pid=4817)[0m                               'response_length': None,
[36m(TaskRunnerV1 pid=4817)[0m                               'skip_tokenizer_init': None,
[36m(TaskRunnerV1 pid=4817)[0m                               'tensor_model_parallel_size': None}},
[36m(TaskRunnerV1 pid=4817)[0m  'sandbox_fusion': {'max_concurrent': None,
[36m(TaskRunnerV1 pid=4817)[0m                     'memory_limit_mb': None,
[36m(TaskRunnerV1 pid=4817)[0m                     'url': None},
[36m(TaskRunnerV1 pid=4817)[0m  'skip': {'_target_': 'verl.utils.skip.SkipManagerConfig',
[36m(TaskRunnerV1 pid=4817)[0m           'async_rollout': {'action': 'cache',
[36m(TaskRunnerV1 pid=4817)[0m                             'dump_dir': '~/.verl/rollout_dump',
[36m(TaskRunnerV1 pid=4817)[0m                             'enable': False,
[36m(TaskRunnerV1 pid=4817)[0m                             'steps': []},
[36m(TaskRunnerV1 pid=4817)[0m           'rollout': {'action': 'cache',
[36m(TaskRunnerV1 pid=4817)[0m                       'dump_dir': '~/.verl/rollout_dump',
[36m(TaskRunnerV1 pid=4817)[0m                       'enable': False,
[36m(TaskRunnerV1 pid=4817)[0m                       'steps': []},
[36m(TaskRunnerV1 pid=4817)[0m           'rollout_tq': {'action': 'cache',
[36m(TaskRunnerV1 pid=4817)[0m                          'dump_dir': '~/.verl/rollout_dump',
[36m(TaskRunnerV1 pid=4817)[0m                          'enable': False,
[36m(TaskRunnerV1 pid=4817)[0m                          'steps': []}},
[36m(TaskRunnerV1 pid=4817)[0m  'trainer': {'balance_batch': True,
[36m(TaskRunnerV1 pid=4817)[0m              'critic_warmup': 0,
[36m(TaskRunnerV1 pid=4817)[0m              'default_hdfs_dir': None,
[36m(TaskRunnerV1 pid=4817)[0m              'default_local_dir': '/workspace/results/ckpts',
[36m(TaskRunnerV1 pid=4817)[0m              'del_local_ckpt_after_load': False,
[36m(TaskRunnerV1 pid=4817)[0m              'device': 'cuda',
[36m(TaskRunnerV1 pid=4817)[0m              'esi_redundant_time': 0,
[36m(TaskRunnerV1 pid=4817)[0m              'experiment_name': 'r1distill1.5b-euruscode-colocated',
[36m(TaskRunnerV1 pid=4817)[0m              'log_val_generations': 0,
[36m(TaskRunnerV1 pid=4817)[0m              'logger': ['console'],
[36m(TaskRunnerV1 pid=4817)[0m              'max_actor_ckpt_to_keep': None,
[36m(TaskRunnerV1 pid=4817)[0m              'max_critic_ckpt_to_keep': None,
[36m(TaskRunnerV1 pid=4817)[0m              'n_gpus_per_node': 2,
[36m(TaskRunnerV1 pid=4817)[0m              'nnodes': 1,
[36m(TaskRunnerV1 pid=4817)[0m              'project_name': 'colocated-m3a',
[36m(TaskRunnerV1 pid=4817)[0m              'ray_wait_register_center_timeout': 300,
[36m(TaskRunnerV1 pid=4817)[0m              'resume_from_path': None,
[36m(TaskRunnerV1 pid=4817)[0m              'resume_mode': 'disable',
[36m(TaskRunnerV1 pid=4817)[0m              'rollout_data_dir': None,
[36m(TaskRunnerV1 pid=4817)[0m              'save_freq': -1,
[36m(TaskRunnerV1 pid=4817)[0m              'test_freq': -1,
[36m(TaskRunnerV1 pid=4817)[0m              'total_epochs': 10,
[36m(TaskRunnerV1 pid=4817)[0m              'total_training_steps': None,
[36m(TaskRunnerV1 pid=4817)[0m              'use_v1': True,
[36m(TaskRunnerV1 pid=4817)[0m              'v1': {'colocate_async': {'num_warmup_batches': 1},
[36m(TaskRunnerV1 pid=4817)[0m                     'sampler': {'custom_sampler': {'name': None, 'path': None},
[36m(TaskRunnerV1 pid=4817)[0m                                 'max_off_policy_strategy': 'drop',
[36m(TaskRunnerV1 pid=4817)[0m                                 'max_off_policy_threshold': 8,
[36m(TaskRunnerV1 pid=4817)[0m                                 'sampler_kwargs': {},
[36m(TaskRunnerV1 pid=4817)[0m                                 'sync_refill_failed_groups': False},
[36m(TaskRunnerV1 pid=4817)[0m                     'separate_async': {'num_warmup_batches': 1,
[36m(TaskRunnerV1 pid=4817)[0m                                        'parameter_sync_step': 4},
[36m(TaskRunnerV1 pid=4817)[0m                     'sync': {},
[36m(TaskRunnerV1 pid=4817)[0m                     'trainer_mode': 'sync'},
[36m(TaskRunnerV1 pid=4817)[0m              'val_before_train': False,
[36m(TaskRunnerV1 pid=4817)[0m              'val_only': False,
[36m(TaskRunnerV1 pid=4817)[0m              'validation_data_dir': None},
[36m(TaskRunnerV1 pid=4817)[0m  'transfer_queue': {'backend': {'MooncakeStore': {'auto_init': False,
[36m(TaskRunnerV1 pid=4817)[0m                                                   'device_name': '',
[36m(TaskRunnerV1 pid=4817)[0m                                                   'global_segment_size': 4294967296,
[36m(TaskRunnerV1 pid=4817)[0m                                                   'local_buffer_size': 1073741824,
[36m(TaskRunnerV1 pid=4817)[0m                                                   'local_hostname': 'localhost',
[36m(TaskRunnerV1 pid=4817)[0m                                                   'master_server_address': 'localhost:50124',
[36m(TaskRunnerV1 pid=4817)[0m                                                   'metadata_server': 'localhost:50123',
[36m(TaskRunnerV1 pid=4817)[0m                                                   'protocol': 'tcp'},
[36m(TaskRunnerV1 pid=4817)[0m                                 'SimpleStorage': {'num_data_storage_units': 8,
[36m(TaskRunnerV1 pid=4817)[0m                                                   'total_storage_size': 100000},
[36m(TaskRunnerV1 pid=4817)[0m                                 'storage_backend': 'SimpleStorage'},
[36m(TaskRunnerV1 pid=4817)[0m                     'enable': True,
[36m(TaskRunnerV1 pid=4817)[0m                     'metrics': {'enabled': False, 'port': 0}}}
[36m(TaskRunnerV1 pid=4817)[0m /workspace/verl-src/verl/trainer/ppo/v1/trainer_base.py:129: UserWarning: Disabled critic as algorithm.adv_estimator != gae. If it is not intended, please set critic.enable=True
[36m(TaskRunnerV1 pid=4817)[0m   self.use_critic = need_critic(self.config)
[36m(TaskRunnerV1 pid=4817)[0m Using dataset class: RLHFDataset
[36m(TaskRunnerV1 pid=4817)[0m Generating train split: 0 examples [00:00, ? examples/s]
[36m(TaskRunnerV1 pid=4817)[0m dataset len: 512
[36m(TaskRunnerV1 pid=4817)[0m Using dataset class: RLHFDataset
[36m(TaskRunnerV1 pid=4817)[0m Generating train split: 512 examples [00:00, 45574.78 examples/s]
[36m(TaskRunnerV1 pid=4817)[0m dataset len: 64
[36m(TaskRunnerV1 pid=4817)[0m colocated worker base class <class 'verl.single_controller.base.worker.Worker'>
[36m(TaskRunnerV1 pid=4817)[0m Generating train split: 0 examples [00:00, ? examples/s]Generating train split: 64 examples [00:00, 18300.75 examples/s]
[36m(TaskRunnerV1 pid=4817)[0m INFO:2026-08-08 00:20:33,322:train and validate dataloader initialized, train dataset size: 512, val dataset size: 64
[36m(TaskRunnerV1 pid=4817)[0m INFO:2026-08-08 00:20:33,322:Total training steps: 640
[36m(TaskRunnerV1 pid=4817)[0m /workspace/verl-src/verl/trainer/ppo/v1/trainer_base.py:755: UserWarning: Disabled critic as algorithm.adv_estimator != gae. If it is not intended, please set critic.enable=True
[36m(TaskRunnerV1 pid=4817)[0m   if need_critic(config):
[36m(TaskRunnerV1 pid=4817)[0m INFO:2026-08-08 00:20:33,325:worker group kwargs: {'device_name': 'cuda'}
[36m(TaskRunnerV1 pid=4817)[0m INFO:2026-08-08 00:20:34,118:create worker group dict_keys(['actor_rollout'])
[36m(WorkerDict pid=6525)[0m Flash Attention 2 only supports torch.float16 and torch.bfloat16 dtypes, but the current dype in Qwen2ForCausalLM is torch.float32. You should run training or inference using Automatic Mixed-Precision via the `with torch.autocast(device_type='torch_device'):` decorator, or load the model with the `dtype` argument. Example: `model = AutoModel.from_pretrained("openai/whisper-tiny", attn_implementation="flash_attention_2", dtype=torch.float16)`
[36m(WorkerDict pid=6525)[0m Flash Attention 2 only supports torch.float16 and torch.bfloat16 dtypes, but the current dype in Qwen2Model is torch.float32. You should run training or inference using Automatic Mixed-Precision via the `with torch.autocast(device_type='torch_device'):` decorator, or load the model with the `dtype` argument. Example: `model = AutoModel.from_pretrained("openai/whisper-tiny", attn_implementation="flash_attention_2", dtype=torch.float16)`
[36m(WorkerDict pid=6525)[0m Loading weights:   0%|          | 0/339 [00:00<?, ?it/s]
[36m(WorkerDict pid=6525)[0m Loading weights:   0%|          | 1/339 [00:00<02:16,  2.47it/s]
[36m(WorkerDict pid=6525)[0m Loading weights:  99%|█████████▉| 335/339 [00:00<00:00, 514.38it/s]Loading weights: 100%|██████████| 339/339 [00:00<00:00, 388.92it/s]
[36m(WorkerDict pid=6524)[0m Monkey patch state_dict in AutoModelForCausalLMWithValueHead. 
[36m(WorkerDict pid=6524)[0m Monkey patch _flash_attention_forward in transformers.integrations.flash_attention
[36m(WorkerDict pid=6524)[0m Skipping monkey patch for Qwen2ForCausalLM as use_fused_kernels is False or fused_kernels_backend is torch
[36m(WorkerDict pid=6524)[0m Qwen2ForCausalLM contains 1.78B parameters
[36m(WorkerDict pid=6524)[0m Before FSDP, memory allocated (GB): 0.00, memory reserved (GB): 0.00, device memory used/total (GB): 0.51/79.18
[36m(WorkerDict pid=6524)[0m NCCL version 2.28.9+cuda13.0
[36m(WorkerDict pid=6525)[0m /workspace/verl-src/verl/workers/engine/fsdp/transformer_impl.py:465: FutureWarning: FSDP.state_dict_type() and FSDP.set_state_dict_type() are being deprecated. Please use APIs, get_state_dict() and set_state_dict(), which can support different parallelisms, FSDP1, FSDP2, DDP. API doc: https://pytorch.org/docs/stable/distributed.checkpoint.html#torch.distributed.checkpoint.state_dict.get_state_dict .Tutorial: https://pytorch.org/tutorials/recipes/distributed_checkpoint_recipe.html .
[36m(WorkerDict pid=6525)[0m   FSDP.set_state_dict_type(
[36m(WorkerDict pid=6524)[0m After FSDP, memory allocated (GB): 3.33, memory reserved (GB): 8.06, device memory used/total (GB): 9.53/79.18
[36m(WorkerDict pid=6524)[0m Total steps: 640, num_warmup_steps: 0
[36m(WorkerDict pid=6525)[0m WARNING 08-08 00:20:49 [nixl_utils.py:34] NIXL is not available
[36m(WorkerDict pid=6525)[0m WARNING 08-08 00:20:49 [nixl_utils.py:44] NIXL agent config is not available
[36m(TaskRunnerV1 pid=4817)[0m INFO:2026-08-08 00:20:50,573:actor and ref model engine initialized
[36m(WorkerDict pid=6524)[0m Flash Attention 2 only supports torch.float16 and torch.bfloat16 dtypes, but the current dype in Qwen2Model is torch.float32. You should run training or inference using Automatic Mixed-Precision via the `with torch.autocast(device_type='torch_device'):` decorator, or load the model with the `dtype` argument. Example: `model = AutoModel.from_pretrained("openai/whisper-tiny", attn_implementation="flash_attention_2", dtype=torch.float16)`[32m [repeated 2x across cluster] (Ray deduplicates logs by default. Set RAY_DEDUP_LOGS=0 to disable log deduplication, or see https://docs.ray.io/en/master/ray-observability/user-guides/configure-logging.html#log-deduplication for more options.)[0m
[36m(WorkerDict pid=6524)[0m Loading weights:   0%|          | 0/339 [00:00<?, ?it/s]
[36m(WorkerDict pid=6525)[0m Loading weights:  78%|███████▊  | 265/339 [00:00<00:00, 500.76it/s][32m [repeated 6x across cluster][0m
[36m(TaskRunnerV1 pid=4817)[0m INFO:2026-08-08 00:20:50,685:reward loop manager initialized
[36m(WorkerDict pid=6525)[0m Monkey patch state_dict in AutoModelForCausalLMWithValueHead. 
[36m(WorkerDict pid=6525)[0m Monkey patch _flash_attention_forward in transformers.integrations.flash_attention
[36m(WorkerDict pid=6525)[0m Skipping monkey patch for Qwen2ForCausalLM as use_fused_kernels is False or fused_kernels_backend is torch
[36m(pid=7994)[0m WARNING 08-08 00:21:00 [nixl_utils.py:34] NIXL is not available[32m [repeated 3x across cluster][0m
[36m(pid=7994)[0m WARNING 08-08 00:21:00 [nixl_utils.py:44] NIXL agent config is not available[32m [repeated 3x across cluster][0m
[36m(vLLMHttpServer pid=7994)[0m ['serve',
[36m(vLLMHttpServer pid=7994)[0m  '/workspace/models/DeepSeek-R1-Distill-Qwen-1.5B',
[36m(vLLMHttpServer pid=7994)[0m  '--dtype',
[36m(vLLMHttpServer pid=7994)[0m  'bfloat16',
[36m(vLLMHttpServer pid=7994)[0m  '--load_format',
[36m(vLLMHttpServer pid=7994)[0m  'dummy',
[36m(vLLMHttpServer pid=7994)[0m  '--distributed_executor_backend',
[36m(vLLMHttpServer pid=7994)[0m  'mp',
[36m(vLLMHttpServer pid=7994)[0m  '--worker_extension_cls',
[36m(vLLMHttpServer pid=7994)[0m  'verl.workers.rollout.vllm_rollout.utils.vLLMColocateWorkerExtension',
[36m(vLLMHttpServer pid=7994)[0m  '--max_model_len',
[36m(vLLMHttpServer pid=7994)[0m  '131072',
[36m(vLLMHttpServer pid=7994)[0m  '--max_num_seqs',
[36m(vLLMHttpServer pid=7994)[0m  '1024',
[36m(vLLMHttpServer pid=7994)[0m  '--enable_chunked_prefill',
[36m(vLLMHttpServer pid=7994)[0m  '--max_num_batched_tokens',
[36m(vLLMHttpServer pid=7994)[0m  '8192',
[36m(vLLMHttpServer pid=7994)[0m  '--enable_prefix_caching',
[36m(vLLMHttpServer pid=7994)[0m  '--enable_sleep_mode',
[36m(vLLMHttpServer pid=7994)[0m  '--logprobs_mode',
[36m(vLLMHttpServer pid=7994)[0m  'processed_logprobs',
[36m(vLLMHttpServer pid=7994)[0m  '--gpu_memory_utilization',
[36m(vLLMHttpServer pid=7994)[0m  '0.6',
[36m(vLLMHttpServer pid=7994)[0m  '--disable_log_stats',
[36m(vLLMHttpServer pid=7994)[0m  '--tensor_parallel_size',
[36m(vLLMHttpServer pid=7994)[0m  '1',
[36m(vLLMHttpServer pid=7994)[0m  '--seed',
[36m(vLLMHttpServer pid=7994)[0m  '42',
[36m(vLLMHttpServer pid=7994)[0m  '--override_generation_config',
[36m(vLLMHttpServer pid=7994)[0m  '{"temperature": 1.0, "top_k": -1, "top_p": 1.0, "repetition_penalty": 1.0, '
[36m(vLLMHttpServer pid=7994)[0m  '"max_new_tokens": 16384}',
[36m(vLLMHttpServer pid=7994)[0m  '--hf_overrides',
[36m(vLLMHttpServer pid=7994)[0m  '{}',
[36m(vLLMHttpServer pid=7994)[0m  '--scheduling_policy',
[36m(vLLMHttpServer pid=7994)[0m  'fcfs',
[36m(vLLMHttpServer pid=7994)[0m  '--compilation_config',
[36m(vLLMHttpServer pid=7994)[0m  '{"cudagraph_mode": "FULL_AND_PIECEWISE"}',
[36m(vLLMHttpServer pid=7994)[0m  '--mm_processor_cache_gb',
[36m(vLLMHttpServer pid=7994)[0m  '0']
[36m(vLLMHttpServer pid=7994)[0m WARNING 08-08 00:21:02 [envs.py:1830] Unknown vLLM environment variable detected: VLLM_USE_V1
[36m(vLLMHttpServer pid=7995)[0m WARNING 08-08 00:21:10 [system_utils.py:157] We must use the `spawn` multiprocessing start method. Overriding VLLM_WORKER_MULTIPROC_METHOD to 'spawn'. See https://docs.vllm.ai/en/latest/usage/troubleshooting.html#python-multiprocessing for more information. Reasons: In a Ray actor and can only be spawned; CUDA is initialized
[36m(pid=7995)[0m WARNING 08-08 00:21:00 [nixl_utils.py:34] NIXL is not available
[36m(pid=7995)[0m WARNING 08-08 00:21:00 [nixl_utils.py:44] NIXL agent config is not available
[36m(vLLMHttpServer pid=7995)[0m WARNING 08-08 00:21:02 [envs.py:1830] Unknown vLLM environment variable detected: VLLM_USE_V1
[36m(vLLMHttpServer pid=7995)[0m WARNING 08-08 00:21:21 [nixl_utils.py:34] NIXL is not available
[36m(vLLMHttpServer pid=7995)[0m WARNING 08-08 00:21:21 [nixl_utils.py:44] NIXL agent config is not available
[36m(vLLMHttpServer pid=7994)[0m WARNING 08-08 00:21:10 [system_utils.py:157] We must use the `spawn` multiprocessing start method. Overriding VLLM_WORKER_MULTIPROC_METHOD to 'spawn'. See https://docs.vllm.ai/en/latest/usage/troubleshooting.html#python-multiprocessing for more information. Reasons: In a Ray actor and can only be spawned; CUDA is initialized
[36m(vLLMHttpServer pid=7995)[0m (Worker pid=9278) 2026-08-08 00:21:45,077 - INFO - autotuner.py:457 - flashinfer.jit: [Autotuner]: Autotuning process starts ...
[36m(WorkerDict pid=6524)[0m Loading weights:  96%|█████████▌| 326/339 [00:00<00:00, 503.51it/s]Loading weights: 100%|██████████| 339/339 [00:00<00:00, 414.15it/s]
[36m(WorkerDict pid=6524)[0m /workspace/verl-src/verl/workers/engine/fsdp/transformer_impl.py:465: FutureWarning: FSDP.state_dict_type() and FSDP.set_state_dict_type() are being deprecated. Please use APIs, get_state_dict() and set_state_dict(), which can support different parallelisms, FSDP1, FSDP2, DDP. API doc: https://pytorch.org/docs/stable/distributed.checkpoint.html#torch.distributed.checkpoint.state_dict.get_state_dict .Tutorial: https://pytorch.org/tutorials/recipes/distributed_checkpoint_recipe.html .
[36m(WorkerDict pid=6524)[0m   FSDP.set_state_dict_type(
[36m(vLLMHttpServer pid=7995)[0m (Worker pid=9278) 2026-08-08 00:21:45,090 - INFO - autotuner.py:466 - flashinfer.jit: [Autotuner]: Autotuning process ends
[36m(vLLMHttpServer pid=7995)[0m (Worker pid=9278) Capturing CUDA graphs (mixed prefill-decode, PIECEWISE):   0%|          | 0/51 [00:00<?, ?it/s]
[36m(vLLMHttpServer pid=7995)[0m Capturing CUDA graphs (mixed prefill-decode, PIECEWISE):   8%|▊         | 4/51 [00:00<00:01, 39.39it/s]
[36m(vLLMHttpServer pid=7995)[0m Capturing CUDA graphs (mixed prefill-decode, PIECEWISE):  16%|█▌        | 8/51 [00:00<00:01, 35.96it/s]
[36m(vLLMHttpServer pid=7995)[0m Capturing CUDA graphs (mixed prefill-decode, PIECEWISE):  94%|█████████▍| 48/51 [00:01<00:00, 30.73it/s]
[36m(vLLMHttpServer pid=7995)[0m Capturing CUDA graphs (mixed prefill-decode, PIECEWISE): 100%|██████████| 51/51 [00:01<00:00, 32.75it/s]
[36m(vLLMHttpServer pid=7995)[0m (Worker pid=9278) Capturing CUDA graphs (decode, FULL):   0%|          | 0/51 [00:00<?, ?it/s]
[36m(vLLMHttpServer pid=7995)[0m Capturing CUDA graphs (decode, FULL):  12%|█▏        | 6/51 [00:00<00:00, 50.07it/s]
[36m(vLLMHttpServer pid=7995)[0m Capturing CUDA graphs (decode, FULL):  24%|██▎       | 12/51 [00:00<00:00, 51.50it/s]
[36m(vLLMHttpServer pid=7994)[0m Capturing CUDA graphs (mixed prefill-decode, PIECEWISE): 100%|██████████| 51/51 [00:01<00:00, 28.06it/s]Capturing CUDA graphs (mixed prefill-decode, PIECEWISE): 100%|██████████| 51/51 [00:01<00:00, 29.56it/s]
[36m(vLLMHttpServer pid=7995)[0m Capturing CUDA graphs (decode, FULL):  35%|███▌      | 18/51 [00:00<00:00, 51.32it/s]
[36m(vLLMHttpServer pid=7995)[0m Capturing CUDA graphs (decode, FULL):  94%|█████████▍| 48/51 [00:00<00:00, 51.70it/s]
[36m(vLLMHttpServer pid=7995)[0m Capturing CUDA graphs (decode, FULL): 100%|██████████| 51/51 [00:00<00:00, 51.46it/s]
[36m(vLLMHttpServer pid=7994)[0m Capturing CUDA graphs (decode, FULL):  98%|█████████▊| 50/51 [00:01<00:00, 46.94it/s]Capturing CUDA graphs (decode, FULL): 100%|██████████| 51/51 [00:01<00:00, 46.73it/s]
[36m(vLLMHttpServer pid=7995)[0m (EngineCore pid=9010) WARNING 08-08 00:21:50 [nixl_utils.py:34] NIXL is not available
[36m(vLLMHttpServer pid=7995)[0m (EngineCore pid=9010) WARNING 08-08 00:21:50 [nixl_utils.py:44] NIXL agent config is not available
[36m(vLLMHttpServer pid=7994)[0m WARNING 08-08 00:21:21 [nixl_utils.py:34] NIXL is not available
[36m(vLLMHttpServer pid=7994)[0m WARNING 08-08 00:21:21 [nixl_utils.py:44] NIXL agent config is not available
[36m(vLLMHttpServer pid=7995)[0m WARNING 08-08 00:21:50 [api_router.py:30] LoRA dynamic loading & unloading is enabled in the API server. This should ONLY be used for local development!
[36m(vLLMHttpServer pid=7995)[0m WARNING 08-08 00:21:51 [model.py:1437] Default vLLM sampling parameters have been overridden by the model's `generation_config.json`: `{'repetition_penalty': 1.0, 'temperature': 1.0, 'top_k': -1, 'top_p': 1.0, 'max_tokens': 16384}`. If this is not intended, please relaunch vLLM instance with `--generation-config vllm`.
[36m(TaskRunnerV1 pid=4817)[0m LLMServerManager: ['10.96.1.23:40903', '10.96.1.23:38955']
[36m(TaskRunnerV1 pid=4817)[0m INFO:2026-08-08 00:21:52,699:checkpoint engine manager initialized
[36m(vLLMHttpServer pid=7994)[0m (Worker pid=9290) 2026-08-08 00:21:45,251 - INFO - autotuner.py:457 - flashinfer.jit: [Autotuner]: Autotuning process starts ...
[36m(vLLMHttpServer pid=7994)[0m (Worker pid=9290) 2026-08-08 00:21:45,265 - INFO - autotuner.py:466 - flashinfer.jit: [Autotuner]: Autotuning process ends
[36m(vLLMHttpServer pid=7994)[0m (Worker pid=9290) Capturing CUDA graphs (mixed prefill-decode, PIECEWISE):   0%|          | 0/51 [00:00<?, ?it/s]
[36m(vLLMHttpServer pid=7994)[0m Capturing CUDA graphs (mixed prefill-decode, PIECEWISE):  88%|████████▊ | 45/51 [00:01<00:00, 27.92it/s][32m [repeated 21x across cluster][0m
[36m(vLLMHttpServer pid=7994)[0m Capturing CUDA graphs (mixed prefill-decode, PIECEWISE):  94%|█████████▍| 48/51 [00:01<00:00, 27.66it/s]
[36m(vLLMHttpServer pid=7994)[0m (Worker pid=9290) Capturing CUDA graphs (decode, FULL):   0%|          | 0/51 [00:00<?, ?it/s]
[36m(vLLMHttpServer pid=7994)[0m Capturing CUDA graphs (decode, FULL):  88%|████████▊ | 45/51 [00:00<00:00, 45.91it/s][32m [repeated 13x across cluster][0m
[36m(TaskRunnerV1 pid=4817)[0m INFO:2026-08-08 00:21:53,209:all initialize finished, ready to fit
[36m(WorkerDict pid=6525)[0m /workspace/verl-src/verl/plugin/platform/platform_cuda.py:99: FutureWarning: torch.cuda._set_allocator_settings is deprecated. Use torch._C._accelerator_setAllocatorSettings instead.
[36m(WorkerDict pid=6525)[0m   torch.cuda.memory._set_allocator_settings(settings)
[36m(vLLMHttpServer pid=7994)[0m (EngineCore pid=9027) WARNING 08-08 00:21:53 [scheduler.py:1919] reset_connector called but no KV connector is configured.
[36m(vLLMHttpServer pid=7994)[0m (Worker pid=9290) WARNING 08-08 00:21:54 [layerwise.py:225] RotaryEmbedding: Failed to load weights
[36m(TaskRunnerV1 pid=4817)[0m Training Progress:   0%|          | 0/640 [00:00<?, ?it/s]
[36m(GlobalRequestLoadBalancer pid=11228)[0m W0808 00:21:58.615000 11228 torch/utils/cpp_extension.py:140] No CUDA runtime is found, using CUDA_HOME='/usr/local/cuda'
[36m(WorkerDict pid=6524)[0m /workspace/verl-src/verl/plugin/platform/platform_cuda.py:99: FutureWarning: torch.cuda._set_allocator_settings is deprecated. Use torch._C._accelerator_setAllocatorSettings instead.
[36m(WorkerDict pid=6524)[0m   torch.cuda.memory._set_allocator_settings(settings)
[36m(GlobalRequestLoadBalancer pid=11228)[0m WARNING 08-08 00:22:00 [nixl_utils.py:34] NIXL is not available
[36m(GlobalRequestLoadBalancer pid=11228)[0m WARNING 08-08 00:22:00 [nixl_utils.py:44] NIXL agent config is not available
[36m(vLLMHttpServer pid=7994)[0m (EngineCore pid=9027) WARNING 08-08 00:21:50 [nixl_utils.py:34] NIXL is not available
[36m(vLLMHttpServer pid=7994)[0m (EngineCore pid=9027) WARNING 08-08 00:21:50 [nixl_utils.py:44] NIXL agent config is not available
[36m(vLLMHttpServer pid=7994)[0m WARNING 08-08 00:21:51 [api_router.py:30] LoRA dynamic loading & unloading is enabled in the API server. This should ONLY be used for local development!
[36m(vLLMHttpServer pid=7994)[0m WARNING 08-08 00:21:51 [model.py:1437] Default vLLM sampling parameters have been overridden by the model's `generation_config.json`: `{'repetition_penalty': 1.0, 'temperature': 1.0, 'top_k': -1, 'top_p': 1.0, 'max_tokens': 16384}`. If this is not intended, please relaunch vLLM instance with `--generation-config vllm`.
[36m(vLLMHttpServer pid=7995)[0m (EngineCore pid=9010) WARNING 08-08 00:21:54 [scheduler.py:1919] reset_connector called but no KV connector is configured.[32m [repeated 5x across cluster][0m
[36m(vLLMHttpServer pid=7995)[0m (Worker pid=9278) WARNING 08-08 00:21:54 [layerwise.py:225] RotaryEmbedding: Failed to load weights
[36m(pid=11436)[0m WARNING:2026-08-08 00:22:01,442:Platform 'nvidia' (PlatformCUDA) is registered but not available. This may be due to this ray actor being a CPU-only actor.
[36m(AgentLoopWorkerTQ pid=11436)[0m Using dataset class: RLHFDataset
[36m(AgentLoopWorkerTQ pid=11436)[0m Using blocking ray.get inside async actor. This blocks the event loop. Please use `await` on object ref with asyncio.gather if you want to yield execution to the event loop instead.
[36m(pid=11445)[0m W0808 00:22:02.639000 11445 torch/utils/cpp_extension.py:140] No CUDA runtime is found, using CUDA_HOME='/usr/local/cuda'[32m [repeated 8x across cluster][0m
[36m(pid=11445)[0m WARNING:2026-08-08 00:22:01,636:Platform 'nvidia' (PlatformCUDA) is registered but not available. This may be due to this ray actor being a CPU-only actor.[32m [repeated 7x across cluster][0m
[36m(AgentLoopWorkerTQ pid=11436)[0m WARNING 08-08 00:22:08 [nixl_utils.py:34] NIXL is not available
[36m(AgentLoopWorkerTQ pid=11436)[0m WARNING 08-08 00:22:08 [nixl_utils.py:44] NIXL agent config is not available
[36m(vLLMHttpServer pid=7994)[0m WARNING 08-08 00:22:08 [input_processor.py:274] Passing raw prompts to InputProcessor is deprecated and will be removed in v0.18. You should instead pass the outputs of Renderer.render_cmpl() or Renderer.render_chat().
[36m(AgentLoopWorkerTQ pid=11444)[0m Using blocking ray.get inside async actor. This blocks the event loop. Please use `await` on object ref with asyncio.gather if you want to yield execution to the event loop instead.[32m [repeated 7x across cluster][0m
[36m(RewardLoopWorker pid=7443)[0m WARNING:2026-08-08 00:22:26,949:Platform 'nvidia' (PlatformCUDA) is registered but not available. This may be due to this ray actor being a CPU-only actor.
[36m(RewardLoopWorker pid=7441)[0m WARNING:2026-08-08 00:22:27,874:Platform 'nvidia' (PlatformCUDA) is registered but not available. This may be due to this ray actor being a CPU-only actor.
[36m(RewardLoopWorker pid=7444)[0m WARNING:2026-08-08 00:22:40,024:Platform 'nvidia' (PlatformCUDA) is registered but not available. This may be due to this ray actor being a CPU-only actor.[32m [repeated 2x across cluster][0m
[36m(RewardLoopWorker pid=7442)[0m WARNING:2026-08-08 00:22:48,096:Platform 'nvidia' (PlatformCUDA) is registered but not available. This may be due to this ray actor being a CPU-only actor.[32m [repeated 2x across cluster][0m
[36m(RewardLoopWorker pid=7446)[0m WARNING:2026-08-08 00:23:01,482:Platform 'nvidia' (PlatformCUDA) is registered but not available. This may be due to this ray actor being a CPU-only actor.[32m [repeated 2x across cluster][0m
[36m(TaskRunnerV1 pid=4817)[0m INFO:2026-08-08 00:23:06,971:pending: 0, running: 7, finished: 1, failure: 0
[36m(TaskRunnerV1 pid=4817)[0m INFO:2026-08-08 00:24:07,038:pending: 0, running: 1, finished: 7, failure: 0
[36m(WorkerDict pid=6525)[0m Using blocking ray.get inside async actor. This blocks the event loop. Please use `await` on object ref with asyncio.gather if you want to yield execution to the event loop instead.
[36m(WorkerDict pid=6525)[0m [rank1]:W0808 00:24:33.826000 6525 torch/fx/_symbolic_trace.py:53] is_fx_tracing will return true for both fx.symbolic_trace and torch.export. Please use is_fx_tracing_symbolic_tracing() for specifically fx.symbolic_trace or torch.compiler.is_compiling() for specifically torch.export/compile.
[36m(WorkerDict pid=6525)[0m /usr/local/lib/python3.12/dist-packages/torch/_inductor/lowering.py:7836: UserWarning: 
[36m(WorkerDict pid=6525)[0m Online softmax is disabled on the fly since Inductor decides to
[36m(WorkerDict pid=6525)[0m split the reduction. Cut an issue to PyTorch if this is an
[36m(WorkerDict pid=6525)[0m important use case and you want to speed it up with online
[36m(WorkerDict pid=6525)[0m softmax.
[36m(WorkerDict pid=6525)[0m 
[36m(WorkerDict pid=6525)[0m   warnings.warn(
[36m(WorkerDict pid=6524)[0m 
[36m(WorkerDict pid=6525)[0m /workspace/verl-src/verl/plugin/platform/platform_cuda.py:99: FutureWarning: torch.cuda._set_allocator_settings is deprecated. Use torch._C._accelerator_setAllocatorSettings instead.
[36m(WorkerDict pid=6525)[0m   torch.cuda.memory._set_allocator_settings(settings)
[36m(WorkerDict pid=6524)[0m Using blocking ray.get inside async actor. This blocks the event loop. Please use `await` on object ref with asyncio.gather if you want to yield execution to the event loop instead.
[36m(WorkerDict pid=6524)[0m [rank0]:W0808 00:24:33.826000 6524 torch/fx/_symbolic_trace.py:53] is_fx_tracing will return true for both fx.symbolic_trace and torch.export. Please use is_fx_tracing_symbolic_tracing() for specifically fx.symbolic_trace or torch.compiler.is_compiling() for specifically torch.export/compile.
[36m(WorkerDict pid=6524)[0m /usr/local/lib/python3.12/dist-packages/torch/_inductor/lowering.py:7836: UserWarning: 
[36m(WorkerDict pid=6524)[0m Online softmax is disabled on the fly since Inductor decides to
[36m(WorkerDict pid=6524)[0m split the reduction. Cut an issue to PyTorch if this is an
[36m(WorkerDict pid=6524)[0m important use case and you want to speed it up with online
[36m(WorkerDict pid=6524)[0m softmax.
[36m(WorkerDict pid=6524)[0m   warnings.warn(
[36m(vLLMHttpServer pid=7994)[0m (EngineCore pid=9027) WARNING 08-08 00:25:00 [scheduler.py:1919] reset_connector called but no KV connector is configured.
[36m(AgentLoopWorkerTQ pid=11444)[0m Using dataset class: RLHFDataset[32m [repeated 7x across cluster][0m
[36m(AgentLoopWorkerTQ pid=11444)[0m WARNING 08-08 00:22:08 [nixl_utils.py:34] NIXL is not available[32m [repeated 7x across cluster][0m
[36m(AgentLoopWorkerTQ pid=11444)[0m WARNING 08-08 00:22:08 [nixl_utils.py:44] NIXL agent config is not available[32m [repeated 7x across cluster][0m
[36m(vLLMHttpServer pid=7995)[0m WARNING 08-08 00:22:08 [input_processor.py:274] Passing raw prompts to InputProcessor is deprecated and will be removed in v0.18. You should instead pass the outputs of Renderer.render_cmpl() or Renderer.render_chat().
[36m(vLLMHttpServer pid=7994)[0m (Worker pid=9290) WARNING 08-08 00:25:01 [layerwise.py:225] RotaryEmbedding: Failed to load weights
[36m(TaskRunnerV1 pid=4817)[0m step:1 - global_seqlen/min:337576.0 - global_seqlen/max:484240.0 - global_seqlen/minmax_diff:146664.0 - global_seqlen/balanced_min:410703.0 - global_seqlen/balanced_max:411113.0 - global_seqlen/mean:410908.0 - actor/entropy:1.1315181255340576 - training/rollout_probs_diff_valid:1.0 - training/rollout_probs_diff_max:0.7336784601211548 - training/rollout_probs_diff_mean:0.005436456296592951 - training/rollout_probs_diff_std:0.008574477396905422 - training/rollout_actor_probs_pearson_corr:0.9996157884597778 - rollout_corr/training_ppl:3.0836949348449707 - rollout_corr/training_log_ppl:1.121651530265808 - rollout_corr/kl:0.0007556809578090906 - rollout_corr/k3_kl:0.000773272302467376 - rollout_corr/rollout_ppl:3.0813748836517334 - rollout_corr/rollout_log_ppl:1.1209124326705933 - rollout_corr/log_ppl_diff:0.0007391022518277168 - rollout_corr/log_ppl_abs_diff:0.0007709460332989693 - rollout_corr/log_ppl_diff_max:0.0016410350799560547 - rollout_corr/log_ppl_diff_min:-0.0009697675704956055 - rollout_corr/ppl_ratio:1.0007394552230835 - rollout_corr/chi2_token:0.0016186237335205078 - rollout_corr/chi2_seq:374.15936279296875 - actor/pg_clipfrac:0.0 - actor/ppo_kl:0.0 - actor/pg_clipfrac_lower:0.0 - actor/pg_loss:0.041510871378704906 - actor/loss:0.041510872542858124 - actor/grad_norm:0.06614918261766434 - actor/lr:1e-06 - actor/perf/max_memory_allocated_gb:30.643779277801514 - actor/perf/max_memory_reserved_gb:37.697265625 - actor/perf/cpu_memory_used_gb:43.42436218261719 - perf/mfu/actor:0.3026675627655389 - training/global_step:1 - training/epoch:0 - critic/score/mean:0.15625 - critic/score/max:1.0 - critic/score/min:0.0 - critic/rewards/mean:0.15625 - critic/rewards/max:1.0 - critic/rewards/min:0.0 - critic/advantages/mean:-0.041510868817567825 - critic/advantages/max:1.6201815605163574 - critic/advantages/min:-1.20761239528656 - critic/returns/mean:-0.041510868817567825 - critic/returns/max:1.6201815605163574 - critic/returns/min:-1.20761239528656 - response_length/mean:12293.75 - response_length/max:16384.0 - response_length/min:5200.0 - response_length/clip_ratio:0.09375 - response_length_non_aborted/mean:12293.75 - response_length_non_aborted/max:16384.0 - response_length_non_aborted/min:5200.0 - response_length_non_aborted/clip_ratio:0.09375 - response/aborted_ratio:0.0 - prompt_length/mean:547.125 - prompt_length/max:816.0 - prompt_length/min:178.0 - prompt_length/clip_ratio:0.125 - timing_s/gen:146.67128568305634 - timing_s/old_log_prob:7.68322259793058 - timing_s/adv:0.10584257903974503 - timing_s/update_actor:19.497544198995456 - timing_s/update_weights:1.8130050590261817 - timing_s/step:187.56347639090382 - timing_per_token_ms/adv:0.00012879109075479794 - timing_per_token_ms/update_actor:0.023724950839355108 - timing_per_token_ms/gen:0.186414953842217 - perf/total_num_tokens:821816 - perf/time_per_step:187.56347639090382 - perf/throughput:2190.7676692002688 - training/num_turns/mean:np.float64(2.0) - training/num_turns/max:np.int64(2) - training/num_turns/min:np.int64(2) - training/off_policy/trajectory_spans/mean:np.float64(1.0) - training/off_policy/trajectory_spans/max:np.int64(1) - training/off_policy/trajectory_spans/min:np.int64(1) - training/off_policy/trajectory_staleness/mean:np.float64(0.0) - training/off_policy/trajectory_staleness/max:np.int64(0) - training/off_policy/trajectory_staleness/min:np.int64(0) - training/off_policy/trajectory_staleness_worst/mean:np.float64(0.0) - training/off_policy/trajectory_staleness_worst/max:np.int64(0) - training/off_policy/trajectory_staleness_worst/min:np.int64(0)
[36m(TaskRunnerV1 pid=4817)[0m Training Progress:   0%|          | 1/640 [03:07<33:18:16, 187.63s/it]
[36m(TransferQueueController pid=5376)[0m 2026-08-08 00:25:28,801 - INFO - transfer_queue.utils.perf_utils - TQ_CONTROLLER_450da3e2: [Performance] Total success requests: 364, Total req/min: 72.48, Total avg process time: 0.0002s; 
[36m(TransferQueueController pid=5376)[0m Time range: last 5.02 minutes; 
[36m(TransferQueueController pid=5376)[0m Per-operation statistics: KV_RETRIEVE_META: req_count=103, req/min=20.51, avg_time=0.000481s, max_time=0.001845s, min_time=0.000143s; SET_CUSTOM_META: req_count=98, req/min=19.51, avg_time=0.000022s, max_time=0.000039s, min_time=0.000009s; KV_LIST: req_count=88, req/min=17.52, avg_time=0.000049s, max_time=0.000082s, min_time=0.000019s; NOTIFY_DATA_UPDATE: req_count=72, req/min=14.34, avg_time=0.000208s, max_time=0.000349s, min_time=0.000117s; CLEAR_META: req_count=2, req/min=0.40, avg_time=0.000321s, max_time=0.000369s, min_time=0.000273s; KV_RETRIEVE_KEYS: req_count=1, req/min=0.20, avg_time=0.000051s, max_time=0.000051s, min_time=0.000051s
[36m(WorkerDict pid=6524)[0m /workspace/verl-src/verl/plugin/platform/platform_cuda.py:99: FutureWarning: torch.cuda._set_allocator_settings is deprecated. Use torch._C._accelerator_setAllocatorSettings instead.
[36m(WorkerDict pid=6524)[0m   torch.cuda.memory._set_allocator_settings(settings)
[36m(SimpleStorageUnit pid=5546)[0m Per-operation statistics: PUT_DATA: req_count=13, req/min=2.59, avg_time=0.001144s, max_time=0.001704s, min_time=0.000973s; CLEAR_DATA: req_count=2, req/min=0.40, avg_time=0.001242s, max_time=0.001393s, min_time=0.001090s; GET_DATA: req_count=7, req/min=1.39, avg_time=0.001429s, max_time=0.001871s, min_time=0.001140s
[36m(SimpleStorageUnit pid=5549)[0m 2026-08-08 00:25:34,715 - INFO - transfer_queue.utils.perf_utils - TQ_STORAGE_UNIT_1d3193ae: [Performance] Total success requests: 22, Total req/min: 4.34, Total avg process time: 0.0013s; [32m [repeated 3x across cluster][0m
[36m(SimpleStorageUnit pid=5549)[0m Time range: last 5.07 minutes; [32m [repeated 3x across cluster][0m
[36m(SimpleStorageUnit pid=5547)[0m Per-operation statistics: PUT_DATA: req_count=14, req/min=2.72, avg_time=0.001084s, max_time=0.001599s, min_time=0.000965s; CLEAR_DATA: req_count=2, req/min=0.39, avg_time=0.001258s, max_time=0.001462s, min_time=0.001054s; GET_DATA: req_count=7, req/min=1.36, avg_time=0.001368s, max_time=0.001907s, min_time=0.001077s[32m [repeated 5x across cluster][0m
[36m(SimpleStorageUnit pid=5550)[0m 2026-08-08 00:25:43,881 - INFO - transfer_queue.utils.perf_utils - TQ_STORAGE_UNIT_c7198b3e: [Performance] Total success requests: 23, Total req/min: 4.40, Total avg process time: 0.0013s; [32m [repeated 4x across cluster][0m
[36m(SimpleStorageUnit pid=5550)[0m Time range: last 5.23 minutes; [32m [repeated 4x across cluster][0m
[36m(SimpleStorageUnit pid=5550)[0m Per-operation statistics: PUT_DATA: req_count=14, req/min=2.68, avg_time=0.001141s, max_time=0.001667s, min_time=0.000967s; CLEAR_DATA: req_count=2, req/min=0.38, avg_time=0.001238s, max_time=0.001337s, min_time=0.001138s; GET_DATA: req_count=7, req/min=1.34, avg_time=0.001516s, max_time=0.002036s, min_time=0.001206s
[36m(SimpleStorageUnit pid=5551)[0m Per-operation statistics: PUT_DATA: req_count=14, req/min=2.66, avg_time=0.001198s, max_time=0.001762s, min_time=0.000944s; CLEAR_DATA: req_count=2, req/min=0.38, avg_time=0.001280s, max_time=0.001447s, min_time=0.001113s; GET_DATA: req_count=7, req/min=1.33, avg_time=0.001476s, max_time=0.001905s, min_time=0.001184s
[36m(TaskRunnerV1 pid=4817)[0m INFO:2026-08-08 00:26:02,832:pending: 0, running: 7, finished: 1, failure: 0
[36m(SimpleStorageUnit pid=5551)[0m 2026-08-08 00:25:45,886 - INFO - transfer_queue.utils.perf_utils - TQ_STORAGE_UNIT_f6772729: [Performance] Total success requests: 23, Total req/min: 4.37, Total avg process time: 0.0013s; 
[36m(SimpleStorageUnit pid=5551)[0m Time range: last 5.26 minutes; 
[36m(TaskRunnerV1 pid=4817)[0m INFO:2026-08-08 00:27:02,900:pending: 0, running: 3, finished: 5, failure: 0
[36m(vLLMHttpServer pid=7994)[0m (EngineCore pid=9027) WARNING 08-08 00:27:55 [scheduler.py:1919] reset_connector called but no KV connector is configured.[32m [repeated 6x across cluster][0m
[36m(vLLMHttpServer pid=7995)[0m (Worker pid=9278) WARNING 08-08 00:25:01 [layerwise.py:225] RotaryEmbedding: Failed to load weights
[36m(vLLMHttpServer pid=7994)[0m (Worker pid=9290) WARNING 08-08 00:27:56 [layerwise.py:225] RotaryEmbedding: Failed to load weights
[36m(TaskRunnerV1 pid=4817)[0m step:2 - global_seqlen/min:353573.0 - global_seqlen/max:507035.0 - global_seqlen/minmax_diff:153462.0 - global_seqlen/balanced_min:430127.0 - global_seqlen/balanced_max:430481.0 - global_seqlen/mean:430304.0 - actor/entropy:1.1567965745925903 - training/rollout_probs_diff_valid:1.0 - training/rollout_probs_diff_max:0.9899814128875732 - training/rollout_probs_diff_mean:0.0054402961395680904 - training/rollout_probs_diff_std:0.008770718239247799 - training/rollout_actor_probs_pearson_corr:0.9996016621589661 - rollout_corr/training_ppl:3.1351029872894287 - rollout_corr/training_log_ppl:1.129414439201355 - rollout_corr/kl:0.0008213917608372867 - rollout_corr/k3_kl:0.0007983014802448452 - rollout_corr/rollout_ppl:3.1325788497924805 - rollout_corr/rollout_log_ppl:1.128636360168457 - rollout_corr/log_ppl_diff:0.0007779523730278015 - rollout_corr/log_ppl_abs_diff:0.0008071437478065491 - rollout_corr/log_ppl_diff_max:0.0015805959701538086 - rollout_corr/log_ppl_diff_min:-0.0005035996437072754 - rollout_corr/ppl_ratio:1.000778317451477 - rollout_corr/chi2_token:0.0015679597854614258 - rollout_corr/chi2_seq:0.09344708919525146 - actor/pg_clipfrac:0.0 - actor/ppo_kl:0.0 - actor/pg_clipfrac_lower:0.0 - actor/pg_loss:0.03128670563455671 - actor/loss:0.03128670156002045 - actor/grad_norm:0.06028658151626587 - actor/lr:1e-06 - actor/perf/max_memory_allocated_gb:35.8838415145874 - actor/perf/max_memory_reserved_gb:46.0078125 - actor/perf/cpu_memory_used_gb:45.605323791503906 - perf/mfu/actor:0.3083011571029063 - training/global_step:2 - training/epoch:0 - critic/score/mean:0.06640625 - critic/score/max:1.0 - critic/score/min:0.0 - critic/rewards/mean:0.06640625 - critic/rewards/max:1.0 - critic/rewards/min:0.0 - critic/advantages/mean:-0.03128672018647194 - critic/advantages/max:2.4748666286468506 - critic/advantages/min:-1.1576616764068604 - critic/returns/mean:-0.03128672018647194 - critic/returns/max:2.4748666286468506 - critic/returns/min:-1.1576616764068604 - response_length/mean:12962.25 - response_length/max:16384.0 - response_length/min:3389.0 - response_length/clip_ratio:0.1875 - response_length_non_aborted/mean:12962.25 - response_length_non_aborted/max:16384.0 - response_length_non_aborted/min:3389.0 - response_length_non_aborted/clip_ratio:0.1875 - response/aborted_ratio:0.0 - prompt_length/mean:484.75 - prompt_length/max:959.0 - prompt_length/min:201.0 - prompt_length/clip_ratio:0.125 - timing_s/gen:146.6663434410002 - timing_s/old_log_prob:5.799034057999961 - timing_s/adv:0.09266007493715733 - timing_s/update_actor:20.35558553703595 - timing_s/update_weights:1.8599216219736263 - timing_s/step:174.79476450604852 - timing_per_token_ms/adv:0.00010766815430156045 - timing_per_token_ms/update_actor:0.023652563695708093 - timing_per_token_ms/gen:0.17679504841101107 - perf/total_num_tokens:860608 - perf/time_per_step:174.79476450604852 - perf/throughput:2461.767097063768 - training/num_turns/mean:np.float64(2.0) - training/num_turns/max:np.int64(2) - training/num_turns/min:np.int64(2) - training/off_policy/trajectory_spans/mean:np.float64(1.0) - training/off_policy/trajectory_spans/max:np.int64(1) - training/off_policy/trajectory_spans/min:np.int64(1) - training/off_policy/trajectory_staleness/mean:np.float64(0.0) - training/off_policy/trajectory_staleness/max:np.int64(0) - training/off_policy/trajectory_staleness/min:np.int64(0) - training/off_policy/trajectory_staleness_worst/mean:np.float64(0.0) - training/off_policy/trajectory_staleness_worst/max:np.int64(0) - training/off_policy/trajectory_staleness_worst/min:np.int64(0)
[36m(TaskRunnerV1 pid=4817)[0m Training Progress:   0%|          | 2/640 [06:02<31:55:15, 180.12s/it]
[36m(TaskRunnerV1 pid=4817)[0m INFO:2026-08-08 00:28:57,696:pending: 0, running: 2, finished: 6, failure: 0
[36m(TaskRunnerV1 pid=4817)[0m INFO:2026-08-08 00:29:57,762:pending: 0, running: 1, finished: 7, failure: 0
[36m(vLLMHttpServer pid=7994)[0m (EngineCore pid=9027) WARNING 08-08 00:30:13 [scheduler.py:1919] reset_connector called but no KV connector is configured.[32m [repeated 6x across cluster][0m
[36m(vLLMHttpServer pid=7995)[0m (Worker pid=9278) WARNING 08-08 00:27:56 [layerwise.py:225] RotaryEmbedding: Failed to load weights
[36m(vLLMHttpServer pid=7994)[0m (Worker pid=9290) WARNING 08-08 00:30:14 [layerwise.py:225] RotaryEmbedding: Failed to load weights
[36m(TaskRunnerV1 pid=4817)[0m step:3 - global_seqlen/min:123308.0 - global_seqlen/max:341704.0 - global_seqlen/minmax_diff:218396.0 - global_seqlen/balanced_min:232171.0 - global_seqlen/balanced_max:232841.0 - global_seqlen/mean:232506.0 - actor/entropy:1.0934689044952393 - training/rollout_probs_diff_valid:1.0 - training/rollout_probs_diff_max:0.2215883433818817 - training/rollout_probs_diff_mean:0.005379858892410994 - training/rollout_probs_diff_std:0.008498501032590866 - training/rollout_actor_probs_pearson_corr:0.9996123313903809 - rollout_corr/training_ppl:2.7865211963653564 - rollout_corr/training_log_ppl:1.002938151359558 - rollout_corr/kl:0.0006814823136664927 - rollout_corr/k3_kl:0.0007753534591756761 - rollout_corr/rollout_ppl:2.7846882343292236 - rollout_corr/rollout_log_ppl:1.0023096799850464 - rollout_corr/log_ppl_diff:0.0006283624097704887 - rollout_corr/log_ppl_abs_diff:0.0007207700982689857 - rollout_corr/log_ppl_diff_max:0.0020371675491333008 - rollout_corr/log_ppl_diff_min:-0.0015339851379394531 - rollout_corr/ppl_ratio:1.0006287097930908 - rollout_corr/chi2_token:0.001741647720336914 - rollout_corr/chi2_seq:0.5116230249404907 - actor/pg_clipfrac:0.0 - actor/ppo_kl:0.0 - actor/pg_clipfrac_lower:0.0 - actor/pg_loss:0.029562758121755905 - actor/loss:0.029562752693891525 - actor/grad_norm:0.13377168774604797 - actor/lr:1e-06 - actor/perf/max_memory_allocated_gb:35.8838415145874 - actor/perf/max_memory_reserved_gb:51.1640625 - actor/perf/cpu_memory_used_gb:42.84232711791992 - perf/mfu/actor:0.3109932334274292 - training/global_step:3 - training/epoch:0 - critic/score/mean:0.271484375 - critic/score/max:1.0 - critic/score/min:0.0 - critic/rewards/mean:0.271484375 - critic/rewards/max:1.0 - critic/rewards/min:0.0 - critic/advantages/mean:-0.029562704265117645 - critic/advantages/max:1.9995908737182617 - critic/advantages/min:-2.4748644828796387 - critic/returns/mean:-0.029562704265117645 - critic/returns/max:1.9995908737182617 - critic/returns/min:-2.4748644828796387 - response_length/mean:6834.6875 - response_length/max:16384.0 - response_length/min:1231.0 - response_length/clip_ratio:0.015625 - response_length_non_aborted/mean:6834.6875 - response_length_non_aborted/max:16384.0 - response_length_non_aborted/min:1231.0 - response_length_non_aborted/clip_ratio:0.015625 - response/aborted_ratio:0.0 - prompt_length/mean:431.125 - prompt_length/max:846.0 - prompt_length/min:99.0 - prompt_length/clip_ratio:0.125 - timing_s/gen:122.65650140796788 - timing_s/old_log_prob:2.9852558369748294 - timing_s/adv:0.09220367099624127 - timing_s/update_actor:9.973674991982989 - timing_s/update_weights:1.8339533540420234 - timing_s/step:137.56024036894087 - timing_per_token_ms/adv:0.00019828234754423816 - timing_per_token_ms/update_actor:0.021448209921427812 - timing_per_token_ms/gen:0.2804089922910884 - perf/total_num_tokens:465012 - perf/time_per_step:137.56024036894087 - perf/throughput:1690.2122253960274 - training/num_turns/mean:np.float64(2.0) - training/num_turns/max:np.int64(2) - training/num_turns/min:np.int64(2) - training/off_policy/trajectory_spans/mean:np.float64(1.0) - training/off_policy/trajectory_spans/max:np.int64(1) - training/off_policy/trajectory_spans/min:np.int64(1) - training/off_policy/trajectory_staleness/mean:np.float64(0.0) - training/off_policy/trajectory_staleness/max:np.int64(0) - training/off_policy/trajectory_staleness/min:np.int64(0) - training/off_policy/trajectory_staleness_worst/mean:np.float64(0.0) - training/off_policy/trajectory_staleness_worst/max:np.int64(0) - training/off_policy/trajectory_staleness_worst/min:np.int64(0)
[36m(TaskRunnerV1 pid=4817)[0m Training Progress:   0%|          | 3/640 [08:20<28:26:14, 160.71s/it]
[36m(TransferQueueController pid=5376)[0m 2026-08-08 00:30:29,085 - INFO - transfer_queue.utils.perf_utils - TQ_CONTROLLER_450da3e2: [Performance] Total success requests: 636, Total req/min: 127.08, Total avg process time: 0.0002s; 
[36m(TransferQueueController pid=5376)[0m Time range: last 5.00 minutes; 
[36m(TransferQueueController pid=5376)[0m Per-operation statistics: KV_RETRIEVE_META: req_count=186, req/min=37.16, avg_time=0.000500s, max_time=0.002735s, min_time=0.000147s; NOTIFY_DATA_UPDATE: req_count=140, req/min=27.97, avg_time=0.000215s, max_time=0.000305s, min_time=0.000077s; SET_CUSTOM_META: req_count=175, req/min=34.97, avg_time=0.000021s, max_time=0.000059s, min_time=0.000009s; KV_LIST: req_count=129, req/min=25.78, avg_time=0.000055s, max_time=0.000085s, min_time=0.000031s; CLEAR_META: req_count=4, req/min=0.80, avg_time=0.000294s, max_time=0.000322s, min_time=0.000261s; KV_RETRIEVE_KEYS: req_count=2, req/min=0.40, avg_time=0.000042s, max_time=0.000046s, min_time=0.000038s
[36m(SimpleStorageUnit pid=5546)[0m Per-operation statistics: PUT_DATA: req_count=25, req/min=4.92, avg_time=0.001214s, max_time=0.001739s, min_time=0.000955s; CLEAR_DATA: req_count=4, req/min=0.79, avg_time=0.001285s, max_time=0.001420s, min_time=0.001131s; GET_DATA: req_count=14, req/min=2.76, avg_time=0.001389s, max_time=0.002174s, min_time=0.000987s
[36m(SimpleStorageUnit pid=5546)[0m 2026-08-08 00:30:36,220 - INFO - transfer_queue.utils.perf_utils - TQ_STORAGE_UNIT_aa034751: [Performance] Total success requests: 43, Total req/min: 8.47, Total avg process time: 0.0013s; 
[36m(SimpleStorageUnit pid=5546)[0m Time range: last 5.08 minutes; 
[36m(SimpleStorageUnit pid=5552)[0m 2026-08-08 00:30:41,043 - INFO - transfer_queue.utils.perf_utils - TQ_STORAGE_UNIT_32f050ae: [Performance] Total success requests: 43, Total req/min: 8.35, Total avg process time: 0.0014s; 
[36m(SimpleStorageUnit pid=5552)[0m Time range: last 5.15 minutes; 
[36m(SimpleStorageUnit pid=5549)[0m Per-operation statistics: PUT_DATA: req_count=25, req/min=4.67, avg_time=0.001184s, max_time=0.001661s, min_time=0.000975s; CLEAR_DATA: req_count=4, req/min=0.75, avg_time=0.001276s, max_time=0.001411s, min_time=0.001141s; GET_DATA: req_count=14, req/min=2.62, avg_time=0.001320s, max_time=0.001916s, min_time=0.000980s[32m [repeated 2x across cluster][0m
[36m(SimpleStorageUnit pid=5549)[0m 2026-08-08 00:30:55,772 - INFO - transfer_queue.utils.perf_utils - TQ_STORAGE_UNIT_1d3193ae: [Performance] Total success requests: 43, Total req/min: 8.04, Total avg process time: 0.0012s; 
[36m(SimpleStorageUnit pid=5549)[0m Time range: last 5.35 minutes; 
[36m(SimpleStorageUnit pid=5548)[0m 2026-08-08 00:30:58,962 - INFO - transfer_queue.utils.perf_utils - TQ_STORAGE_UNIT_30983958: [Performance] Total success requests: 43, Total req/min: 7.97, Total avg process time: 0.0013s; 
[36m(SimpleStorageUnit pid=5548)[0m Time range: last 5.39 minutes; 
[36m(SimpleStorageUnit pid=5547)[0m Per-operation statistics: PUT_DATA: req_count=25, req/min=4.64, avg_time=0.001177s, max_time=0.001681s, min_time=0.000973s; CLEAR_DATA: req_count=4, req/min=0.74, avg_time=0.001437s, max_time=0.002162s, min_time=0.001084s; GET_DATA: req_count=14, req/min=2.60, avg_time=0.001370s, max_time=0.001832s, min_time=0.001090s[32m [repeated 3x across cluster][0m
[36m(TaskRunnerV1 pid=4817)[0m INFO:2026-08-08 00:31:15,315:pending: 0, running: 7, finished: 1, failure: 0
[36m(SimpleStorageUnit pid=5551)[0m 2026-08-08 00:31:03,729 - INFO - transfer_queue.utils.perf_utils - TQ_STORAGE_UNIT_f6772729: [Performance] Total success requests: 43, Total req/min: 8.12, Total avg process time: 0.0013s; [32m [repeated 4x across cluster][0m
[36m(SimpleStorageUnit pid=5551)[0m Time range: last 5.30 minutes; [32m [repeated 4x across cluster][0m
[36m(SimpleStorageUnit pid=5551)[0m Per-operation statistics: PUT_DATA: req_count=25, req/min=4.72, avg_time=0.001223s, max_time=0.001773s, min_time=0.000951s; CLEAR_DATA: req_count=4, req/min=0.76, avg_time=0.001244s, max_time=0.001429s, min_time=0.001096s; GET_DATA: req_count=14, req/min=2.64, avg_time=0.001529s, max_time=0.001997s, min_time=0.001103s[32m [repeated 2x across cluster][0m
[36m(vLLMHttpServer pid=7994)[0m (EngineCore pid=9027) WARNING 08-08 00:32:35 [scheduler.py:1919] reset_connector called but no KV connector is configured.[32m [repeated 6x across cluster][0m
[36m(vLLMHttpServer pid=7995)[0m (Worker pid=9278) WARNING 08-08 00:30:14 [layerwise.py:225] RotaryEmbedding: Failed to load weights
[36m(vLLMHttpServer pid=7994)[0m (Worker pid=9290) WARNING 08-08 00:32:36 [layerwise.py:225] RotaryEmbedding: Failed to load weights
[36m(TaskRunnerV1 pid=4817)[0m step:4 - global_seqlen/min:270856.0 - global_seqlen/max:502844.0 - global_seqlen/minmax_diff:231988.0 - global_seqlen/balanced_min:386822.0 - global_seqlen/balanced_max:386878.0 - global_seqlen/mean:386850.0 - actor/entropy:1.2327123880386353 - training/rollout_probs_diff_valid:1.0 - training/rollout_probs_diff_max:0.5928144454956055 - training/rollout_probs_diff_mean:0.005514081567525864 - training/rollout_probs_diff_std:0.008496121503412724 - training/rollout_actor_probs_pearson_corr:0.9996196031570435 - rollout_corr/training_ppl:3.2031822204589844 - rollout_corr/training_log_ppl:1.1387879848480225 - rollout_corr/kl:0.0008480829419568181 - rollout_corr/k3_kl:0.0008052107295952737 - rollout_corr/rollout_ppl:3.2004799842834473 - rollout_corr/rollout_log_ppl:1.1379725933074951 - rollout_corr/log_ppl_diff:0.0008154828101396561 - rollout_corr/log_ppl_abs_diff:0.0008708648383617401 - rollout_corr/log_ppl_diff_max:0.0019894838333129883 - rollout_corr/log_ppl_diff_min:-0.0014539361000061035 - rollout_corr/ppl_ratio:1.000815987586975 - rollout_corr/chi2_token:0.0015357732772827148 - rollout_corr/chi2_seq:-0.7057846784591675 - actor/pg_clipfrac:0.0 - actor/ppo_kl:0.0 - actor/pg_clipfrac_lower:0.0 - actor/pg_loss:0.012445930391550064 - actor/loss:0.012445926666259766 - actor/grad_norm:0.061067476868629456 - actor/lr:1e-06 - actor/perf/max_memory_allocated_gb:36.72189712524414 - actor/perf/max_memory_reserved_gb:51.1640625 - actor/perf/cpu_memory_used_gb:43.19385528564453 - perf/mfu/actor:0.3092084390925268 - training/global_step:4 - training/epoch:0 - critic/score/mean:0.15234375 - critic/score/max:1.0 - critic/score/min:0.0 - critic/rewards/mean:0.15234375 - critic/rewards/max:1.0 - critic/rewards/min:0.0 - critic/advantages/mean:-0.012445916421711445 - critic/advantages/max:1.620180368423462 - critic/advantages/min:-0.5400601625442505 - critic/returns/mean:-0.012445916421711445 - critic/returns/max:1.620180368423462 - critic/returns/min:-0.5400601625442505 - response_length/mean:11540.9375 - response_length/max:16384.0 - response_length/min:808.0 - response_length/clip_ratio:0.078125 - response_length_non_aborted/mean:11540.9375 - response_length_non_aborted/max:16384.0 - response_length_non_aborted/min:808.0 - response_length_non_aborted/clip_ratio:0.078125 - response/aborted_ratio:0.0 - prompt_length/mean:548.125 - prompt_length/max:919.0 - prompt_length/min:90.0 - prompt_length/clip_ratio:0.125 - timing_s/gen:116.63814208609983 - timing_s/old_log_prob:5.220484407967888 - timing_s/adv:0.0935296640964225 - timing_s/update_actor:18.267747769947164 - timing_s/update_weights:1.8597367570037022 - timing_s/step:142.10114986996632 - timing_per_token_ms/adv:0.00012088621441957153 - timing_per_token_ms/update_actor:0.02361089281368381 - timing_per_token_ms/gen:0.1579135984485931 - perf/total_num_tokens:773700 - perf/time_per_step:142.10114986996632 - perf/throughput:2722.356577367587 - training/num_turns/mean:np.float64(2.0) - training/num_turns/max:np.int64(2) - training/num_turns/min:np.int64(2) - training/off_policy/trajectory_spans/mean:np.float64(1.0) - training/off_policy/trajectory_spans/max:np.int64(1) - training/off_policy/trajectory_spans/min:np.int64(1) - training/off_policy/trajectory_staleness/mean:np.float64(0.0) - training/off_policy/trajectory_staleness/max:np.int64(0) - training/off_policy/trajectory_staleness/min:np.int64(0) - training/off_policy/trajectory_staleness_worst/mean:np.float64(0.0) - training/off_policy/trajectory_staleness_worst/max:np.int64(0) - training/off_policy/trajectory_staleness_worst/min:np.int64(0)
[36m(TaskRunnerV1 pid=4817)[0m Training Progress:   1%|          | 4/640 [10:42<27:05:56, 153.39s/it]
[36m(TaskRunnerV1 pid=4817)[0m INFO:2026-08-08 00:33:37,476:pending: 0, running: 8, finished: 0, failure: 0
[36m(TaskRunnerV1 pid=4817)[0m INFO:2026-08-08 00:34:37,541:pending: 0, running: 1, finished: 7, failure: 0
[36m(vLLMHttpServer pid=7994)[0m (EngineCore pid=9027) WARNING 08-08 00:35:13 [scheduler.py:1919] reset_connector called but no KV connector is configured.[32m [repeated 6x across cluster][0m
[36m(vLLMHttpServer pid=7995)[0m (Worker pid=9278) WARNING 08-08 00:32:36 [layerwise.py:225] RotaryEmbedding: Failed to load weights
[36m(vLLMHttpServer pid=7994)[0m (Worker pid=9290) WARNING 08-08 00:35:13 [layerwise.py:225] RotaryEmbedding: Failed to load weights
[36m(TaskRunnerV1 pid=4817)[0m step:5 - global_seqlen/min:388031.0 - global_seqlen/max:500514.0 - global_seqlen/minmax_diff:112483.0 - global_seqlen/balanced_min:444177.0 - global_seqlen/balanced_max:444368.0 - global_seqlen/mean:444272.5 - actor/entropy:1.1041464805603027 - training/rollout_probs_diff_valid:1.0 - training/rollout_probs_diff_max:0.9732818603515625 - training/rollout_probs_diff_mean:0.0053154416382312775 - training/rollout_probs_diff_std:0.008613796904683113 - training/rollout_actor_probs_pearson_corr:0.9996141195297241 - rollout_corr/training_ppl:3.0366859436035156 - rollout_corr/training_log_ppl:1.105494499206543 - rollout_corr/kl:0.0008162807207554579 - rollout_corr/k3_kl:0.0007614815840497613 - rollout_corr/rollout_ppl:3.034210205078125 - rollout_corr/rollout_log_ppl:1.1046799421310425 - rollout_corr/log_ppl_diff:0.0008145412430167198 - rollout_corr/log_ppl_abs_diff:0.0008145412430167198 - rollout_corr/log_ppl_diff_max:0.0015090703964233398 - rollout_corr/log_ppl_diff_min:0.0001188516616821289 - rollout_corr/ppl_ratio:1.0008149147033691 - rollout_corr/chi2_token:0.0014040470123291016 - rollout_corr/chi2_seq:-0.9994159936904907 - actor/pg_clipfrac:0.0 - actor/ppo_kl:0.0 - actor/pg_clipfrac_lower:0.0 - actor/pg_loss:0.007557118311524391 - actor/loss:0.00755712017416954 - actor/grad_norm:0.06682521104812622 - actor/lr:1e-06 - actor/perf/max_memory_allocated_gb:38.752150535583496 - actor/perf/max_memory_reserved_gb:52.00390625 - actor/perf/cpu_memory_used_gb:43.13764190673828 - perf/mfu/actor:0.3086663216036235 - training/global_step:5 - training/epoch:0 - critic/score/mean:0.015625 - critic/score/max:0.375 - critic/score/min:0.0 - critic/rewards/mean:0.015625 - critic/rewards/max:0.375 - critic/rewards/min:0.0 - critic/advantages/mean:-0.0075571429915726185 - critic/advantages/max:2.4748551845550537 - critic/advantages/min:-0.7245576977729797 - critic/returns/mean:-0.0075571429915726185 - critic/returns/max:2.4748551845550537 - critic/returns/min:-0.7245576977729797 - response_length/mean:13443.765625 - response_length/max:16384.0 - response_length/min:8677.0 - response_length/clip_ratio:0.234375 - response_length_non_aborted/mean:13443.765625 - response_length_non_aborted/max:16384.0 - response_length_non_aborted/min:8677.0 - response_length_non_aborted/clip_ratio:0.234375 - response/aborted_ratio:0.0 - prompt_length/mean:439.75 - prompt_length/max:830.0 - prompt_length/min:171.0 - prompt_length/clip_ratio:0.125 - timing_s/gen:128.65822833694983 - timing_s/old_log_prob:5.956907519022934 - timing_s/adv:0.09400747204199433 - timing_s/update_actor:20.933661555987783 - timing_s/update_weights:1.8731221460038796 - timing_s/step:157.53447531093843 - timing_per_token_ms/adv:0.00010579933716580964 - timing_per_token_ms/update_actor:0.023559483825791358 - timing_per_token_ms/gen:0.14953286704333194 - perf/total_num_tokens:888545 - perf/time_per_step:157.53447531093843 - perf/throughput:2820.160470418324 - training/num_turns/mean:np.float64(2.0) - training/num_turns/max:np.int64(2) - training/num_turns/min:np.int64(2) - training/off_policy/trajectory_spans/mean:np.float64(1.0) - training/off_policy/trajectory_spans/max:np.int64(1) - training/off_policy/trajectory_spans/min:np.int64(1) - training/off_policy/trajectory_staleness/mean:np.float64(0.0) - training/off_policy/trajectory_staleness/max:np.int64(0) - training/off_policy/trajectory_staleness/min:np.int64(0) - training/off_policy/trajectory_staleness_worst/mean:np.float64(0.0) - training/off_policy/trajectory_staleness_worst/max:np.int64(0) - training/off_policy/trajectory_staleness_worst/min:np.int64(0)
[36m(TaskRunnerV1 pid=4817)[0m Training Progress:   1%|          | 5/640 [13:19<27:19:26, 154.91s/it]
[36m(TransferQueueController pid=5376)[0m 2026-08-08 00:35:29,485 - INFO - transfer_queue.utils.perf_utils - TQ_CONTROLLER_450da3e2: [Performance] Total success requests: 653, Total req/min: 130.43, Total avg process time: 0.0002s; 
[36m(TransferQueueController pid=5376)[0m Time range: last 5.01 minutes; 
[36m(TransferQueueController pid=5376)[0m Per-operation statistics: NOTIFY_DATA_UPDATE: req_count=148, req/min=29.56, avg_time=0.000211s, max_time=0.000289s, min_time=0.000094s; SET_CUSTOM_META: req_count=182, req/min=36.35, avg_time=0.000021s, max_time=0.000040s, min_time=0.000008s; KV_LIST: req_count=125, req/min=24.97, avg_time=0.000051s, max_time=0.000082s, min_time=0.000019s; KV_RETRIEVE_META: req_count=192, req/min=38.35, avg_time=0.000492s, max_time=0.002237s, min_time=0.000140s; CLEAR_META: req_count=4, req/min=0.80, avg_time=0.000311s, max_time=0.000364s, min_time=0.000269s; KV_RETRIEVE_KEYS: req_count=2, req/min=0.40, avg_time=0.000055s, max_time=0.000070s, min_time=0.000040s
[36m(SimpleStorageUnit pid=5546)[0m Per-operation statistics: PUT_DATA: req_count=26, req/min=5.01, avg_time=0.001125s, max_time=0.001640s, min_time=0.000932s; CLEAR_DATA: req_count=4, req/min=0.77, avg_time=0.001262s, max_time=0.001431s, min_time=0.001140s; GET_DATA: req_count=14, req/min=2.70, avg_time=0.001347s, max_time=0.001959s, min_time=0.001086s
[36m(SimpleStorageUnit pid=5546)[0m 2026-08-08 00:35:47,458 - INFO - transfer_queue.utils.perf_utils - TQ_STORAGE_UNIT_aa034751: [Performance] Total success requests: 44, Total req/min: 8.48, Total avg process time: 0.0012s; 
[36m(SimpleStorageUnit pid=5546)[0m Time range: last 5.19 minutes; 
[36m(SimpleStorageUnit pid=5552)[0m 2026-08-08 00:35:48,525 - INFO - transfer_queue.utils.perf_utils - TQ_STORAGE_UNIT_32f050ae: [Performance] Total success requests: 44, Total req/min: 8.59, Total avg process time: 0.0013s; 
[36m(SimpleStorageUnit pid=5552)[0m Time range: last 5.12 minutes; 
[36m(SimpleStorageUnit pid=5549)[0m Per-operation statistics: PUT_DATA: req_count=27, req/min=5.35, avg_time=0.001146s, max_time=0.001913s, min_time=0.000947s; CLEAR_DATA: req_count=4, req/min=0.79, avg_time=0.001287s, max_time=0.001502s, min_time=0.001157s; GET_DATA: req_count=14, req/min=2.77, avg_time=0.001346s, max_time=0.001781s, min_time=0.001150s[32m [repeated 2x across cluster][0m
[36m(SimpleStorageUnit pid=5549)[0m 2026-08-08 00:35:58,582 - INFO - transfer_queue.utils.perf_utils - TQ_STORAGE_UNIT_1d3193ae: [Performance] Total success requests: 45, Total req/min: 8.92, Total avg process time: 0.0012s; 
[36m(SimpleStorageUnit pid=5549)[0m Time range: last 5.05 minutes; 
[36m(SimpleStorageUnit pid=5548)[0m 2026-08-08 00:35:59,346 - INFO - transfer_queue.utils.perf_utils - TQ_STORAGE_UNIT_30983958: [Performance] Total success requests: 45, Total req/min: 8.99, Total avg process time: 0.0012s; 
[36m(SimpleStorageUnit pid=5548)[0m Time range: last 5.01 minutes; 
[36m(SimpleStorageUnit pid=5545)[0m Per-operation statistics: PUT_DATA: req_count=28, req/min=5.51, avg_time=0.001234s, max_time=0.001787s, min_time=0.000961s; CLEAR_DATA: req_count=4, req/min=0.79, avg_time=0.001382s, max_time=0.002013s, min_time=0.001065s; GET_DATA: req_count=14, req/min=2.76, avg_time=0.001304s, max_time=0.001827s, min_time=0.001007s[32m [repeated 2x across cluster][0m
[36m(SimpleStorageUnit pid=5545)[0m 2026-08-08 00:36:04,694 - INFO - transfer_queue.utils.perf_utils - TQ_STORAGE_UNIT_402cee8a: [Performance] Total success requests: 46, Total req/min: 9.06, Total avg process time: 0.0013s; 
[36m(SimpleStorageUnit pid=5545)[0m Time range: last 5.08 minutes; 
[36m(SimpleStorageUnit pid=5547)[0m 2026-08-08 00:36:07,413 - INFO - transfer_queue.utils.perf_utils - TQ_STORAGE_UNIT_711be711: [Performance] Total success requests: 46, Total req/min: 9.04, Total avg process time: 0.0012s; 
[36m(SimpleStorageUnit pid=5547)[0m Time range: last 5.09 minutes; 
[36m(TaskRunnerV1 pid=4817)[0m INFO:2026-08-08 00:36:15,083:pending: 0, running: 4, finished: 4, failure: 0
[36m(SimpleStorageUnit pid=5551)[0m Per-operation statistics: PUT_DATA: req_count=28, req/min=5.51, avg_time=0.001177s, max_time=0.001758s, min_time=0.000903s; CLEAR_DATA: req_count=4, req/min=0.79, avg_time=0.001602s, max_time=0.002727s, min_time=0.001118s; GET_DATA: req_count=14, req/min=2.75, avg_time=0.001469s, max_time=0.002052s, min_time=0.001103s[32m [repeated 3x across cluster][0m
[36m(SimpleStorageUnit pid=5551)[0m 2026-08-08 00:36:08,748 - INFO - transfer_queue.utils.perf_utils - TQ_STORAGE_UNIT_f6772729: [Performance] Total success requests: 46, Total req/min: 9.05, Total avg process time: 0.0013s; [32m [repeated 2x across cluster][0m
[36m(SimpleStorageUnit pid=5551)[0m Time range: last 5.08 minutes; [32m [repeated 2x across cluster][0m
[36m(vLLMHttpServer pid=7994)[0m (EngineCore pid=9027) WARNING 08-08 00:36:35 [scheduler.py:1919] reset_connector called but no KV connector is configured.[32m [repeated 6x across cluster][0m
[36m(vLLMHttpServer pid=7995)[0m (Worker pid=9278) WARNING 08-08 00:35:13 [layerwise.py:225] RotaryEmbedding: Failed to load weights
[36m(vLLMHttpServer pid=7994)[0m (Worker pid=9290) WARNING 08-08 00:36:35 [layerwise.py:225] RotaryEmbedding: Failed to load weights
[36m(TaskRunnerV1 pid=4817)[0m step:6 - global_seqlen/min:142975.0 - global_seqlen/max:441674.0 - global_seqlen/minmax_diff:298699.0 - global_seqlen/balanced_min:292274.0 - global_seqlen/balanced_max:292375.0 - global_seqlen/mean:292324.5 - actor/entropy:1.0336570739746094 - training/rollout_probs_diff_valid:1.0 - training/rollout_probs_diff_max:0.5757907032966614 - training/rollout_probs_diff_mean:0.005214379169046879 - training/rollout_probs_diff_std:0.00849044881761074 - training/rollout_actor_probs_pearson_corr:0.9996247887611389 - rollout_corr/training_ppl:2.678208351135254 - rollout_corr/training_log_ppl:0.9745398163795471 - rollout_corr/kl:0.0006157495663501322 - rollout_corr/k3_kl:0.0007242278661578894 - rollout_corr/rollout_ppl:2.6766159534454346 - rollout_corr/rollout_log_ppl:0.9739494323730469 - rollout_corr/log_ppl_diff:0.0005903858691453934 - rollout_corr/log_ppl_abs_diff:0.0006462149322032928 - rollout_corr/log_ppl_diff_max:0.0019527673721313477 - rollout_corr/log_ppl_diff_min:-0.000645756721496582 - rollout_corr/ppl_ratio:1.0005906820297241 - rollout_corr/chi2_token:0.001746058464050293 - rollout_corr/chi2_seq:0.2772864103317261 - actor/pg_clipfrac:0.0 - actor/ppo_kl:0.0 - actor/pg_clipfrac_lower:0.0 - actor/pg_loss:0.10040846932679415 - actor/loss:0.10040847957134247 - actor/grad_norm:0.11709915846586227 - actor/lr:1e-06 - actor/perf/max_memory_allocated_gb:38.752150535583496 - actor/perf/max_memory_reserved_gb:54.07421875 - actor/perf/cpu_memory_used_gb:43.15749740600586 - perf/mfu/actor:0.3050807388361113 - training/global_step:6 - training/epoch:0 - critic/score/mean:0.34765625 - critic/score/max:1.0 - critic/score/min:0.0 - critic/rewards/mean:0.34765625 - critic/rewards/max:1.0 - critic/rewards/min:0.0 - critic/advantages/mean:-0.10040852427482605 - critic/advantages/max:2.252037763595581 - critic/advantages/min:-2.4748666286468506 - critic/returns/mean:-0.10040852427482605 - critic/returns/max:2.252037763595581 - critic/returns/min:-2.4748666286468506 - response_length/mean:8760.390625 - response_length/max:16384.0 - response_length/min:1079.0 - response_length/clip_ratio:0.109375 - response_length_non_aborted/mean:8760.390625 - response_length_non_aborted/max:16384.0 - response_length_non_aborted/min:1079.0 - response_length_non_aborted/clip_ratio:0.109375 - response/aborted_ratio:0.0 - prompt_length/mean:374.75 - prompt_length/max:569.0 - prompt_length/min:161.0 - prompt_length/clip_ratio:0.125 - timing_s/gen:62.5780779060442 - timing_s/old_log_prob:3.8556898769456893 - timing_s/adv:0.08837361505720764 - timing_s/update_actor:13.440672146040015 - timing_s/update_weights:1.8430597849655896 - timing_s/step:81.82730467803776 - timing_per_token_ms/adv:0.00015115670266639924 - timing_per_token_ms/update_actor:0.022989301522862462 - timing_per_token_ms/gen:0.11161402603344991 - perf/total_num_tokens:584649 - perf/time_per_step:81.82730467803776 - perf/throughput:3572.456665292791 - training/num_turns/mean:np.float64(2.0) - training/num_turns/max:np.int64(2) - training/num_turns/min:np.int64(2) - training/off_policy/trajectory_spans/mean:np.float64(1.0) - training/off_policy/trajectory_spans/max:np.int64(1) - training/off_policy/trajectory_spans/min:np.int64(1) - training/off_policy/trajectory_staleness/mean:np.float64(0.0) - training/off_policy/trajectory_staleness/max:np.int64(0) - training/off_policy/trajectory_staleness/min:np.int64(0) - training/off_policy/trajectory_staleness_worst/mean:np.float64(0.0) - training/off_policy/trajectory_staleness_worst/max:np.int64(0) - training/off_policy/trajectory_staleness_worst/min:np.int64(0)
[36m(TaskRunnerV1 pid=4817)[0m Training Progress:   1%|          | 6/640 [14:41<22:54:30, 130.08s/it]
[36m(TaskRunnerV1 pid=4817)[0m INFO:2026-08-08 00:37:36,961:pending: 0, running: 7, finished: 1, failure: 0
[36m(vLLMHttpServer pid=7994)[0m (EngineCore pid=9027) WARNING 08-08 00:38:13 [scheduler.py:1919] reset_connector called but no KV connector is configured.[32m [repeated 6x across cluster][0m
[36m(vLLMHttpServer pid=7995)[0m (Worker pid=9278) WARNING 08-08 00:36:35 [layerwise.py:225] RotaryEmbedding: Failed to load weights
[36m(vLLMHttpServer pid=7994)[0m (Worker pid=9290) WARNING 08-08 00:38:14 [layerwise.py:225] RotaryEmbedding: Failed to load weights
[36m(TaskRunnerV1 pid=4817)[0m step:7 - global_seqlen/min:285500.0 - global_seqlen/max:505142.0 - global_seqlen/minmax_diff:219642.0 - global_seqlen/balanced_min:395109.0 - global_seqlen/balanced_max:395533.0 - global_seqlen/mean:395321.0 - actor/entropy:1.0865658521652222 - training/rollout_probs_diff_valid:1.0 - training/rollout_probs_diff_max:0.31751084327697754 - training/rollout_probs_diff_mean:0.005334415938705206 - training/rollout_probs_diff_std:0.008427507244050503 - training/rollout_actor_probs_pearson_corr:0.9996193051338196 - rollout_corr/training_ppl:2.8601233959198 - rollout_corr/training_log_ppl:1.0377602577209473 - rollout_corr/kl:0.0007211176562123001 - rollout_corr/k3_kl:0.0007345436024479568 - rollout_corr/rollout_ppl:2.8580212593078613 - rollout_corr/rollout_log_ppl:1.0370253324508667 - rollout_corr/log_ppl_diff:0.0007348638027906418 - rollout_corr/log_ppl_abs_diff:0.0007348638027906418 - rollout_corr/log_ppl_diff_max:0.0019618868827819824 - rollout_corr/log_ppl_diff_min:0.0001372694969177246 - rollout_corr/ppl_ratio:1.0007351636886597 - rollout_corr/chi2_token:0.0014986991882324219 - rollout_corr/chi2_seq:-0.9936769604682922 - actor/pg_clipfrac:0.0 - actor/ppo_kl:0.0 - actor/pg_clipfrac_lower:0.0 - actor/pg_loss:0.03531515842769295 - actor/loss:0.03531515598297119 - actor/grad_norm:0.05972343683242798 - actor/lr:1e-06 - actor/perf/max_memory_allocated_gb:38.752150535583496 - actor/perf/max_memory_reserved_gb:54.07421875 - actor/perf/cpu_memory_used_gb:43.01268005371094 - perf/mfu/actor:0.30814531078090607 - training/global_step:7 - training/epoch:0 - critic/score/mean:0.1875 - critic/score/max:1.0 - critic/score/min:0.0 - critic/rewards/mean:0.1875 - critic/rewards/max:1.0 - critic/rewards/min:0.0 - critic/advantages/mean:-0.035315148532390594 - critic/advantages/max:2.4748666286468506 - critic/advantages/min:-0.5640735030174255 - critic/returns/mean:-0.035315148532390594 - critic/returns/max:2.4748666286468506 - critic/returns/min:-0.5640735030174255 - response_length/mean:11803.40625 - response_length/max:16384.0 - response_length/min:2839.0 - response_length/clip_ratio:0.1875 - response_length_non_aborted/mean:11803.40625 - response_length_non_aborted/max:16384.0 - response_length_non_aborted/min:2839.0 - response_length_non_aborted/clip_ratio:0.1875 - response/aborted_ratio:0.0 - prompt_length/mean:550.375 - prompt_length/max:861.0 - prompt_length/min:270.0 - prompt_length/clip_ratio:0.125 - timing_s/gen:72.58129056403413 - timing_s/old_log_prob:5.317504931939766 - timing_s/adv:0.09513486304786056 - timing_s/update_actor:18.542887802934274 - timing_s/update_weights:1.8743707010289654 - timing_s/step:98.42988837091252 - timing_per_token_ms/adv:0.00012032609328603914 - timing_per_token_ms/update_actor:0.023452950643823973 - timing_per_token_ms/gen:0.09608096519282587 - perf/total_num_tokens:790642 - perf/time_per_step:98.42988837091252 - perf/throughput:4016.269921086522 - training/num_turns/mean:np.float64(2.0) - training/num_turns/max:np.int64(2) - training/num_turns/min:np.int64(2) - training/off_policy/trajectory_spans/mean:np.float64(1.0) - training/off_policy/trajectory_spans/max:np.int64(1) - training/off_policy/trajectory_spans/min:np.int64(1) - training/off_policy/trajectory_staleness/mean:np.float64(0.0) - training/off_policy/trajectory_staleness/max:np.int64(0) - training/off_policy/trajectory_staleness/min:np.int64(0) - training/off_policy/trajectory_staleness_worst/mean:np.float64(0.0) - training/off_policy/trajectory_staleness_worst/max:np.int64(0) - training/off_policy/trajectory_staleness_worst/min:np.int64(0)
[36m(TaskRunnerV1 pid=4817)[0m Training Progress:   1%|          | 7/640 [16:20<21:03:23, 119.75s/it]
[36m(TaskRunnerV1 pid=4817)[0m INFO:2026-08-08 00:39:15,454:pending: 0, running: 6, finished: 2, failure: 0
[36m(TaskRunnerV1 pid=4817)[0m INFO:2026-08-08 00:40:15,520:pending: 0, running: 1, finished: 7, failure: 0
[36m(vLLMHttpServer pid=7994)[0m (EngineCore pid=9027) WARNING 08-08 00:40:40 [scheduler.py:1919] reset_connector called but no KV connector is configured.[32m [repeated 6x across cluster][0m
[36m(vLLMHttpServer pid=7995)[0m (Worker pid=9278) WARNING 08-08 00:38:14 [layerwise.py:225] RotaryEmbedding: Failed to load weights
[36m(vLLMHttpServer pid=7994)[0m (Worker pid=9290) WARNING 08-08 00:40:41 [layerwise.py:225] RotaryEmbedding: Failed to load weights
[36m(TaskRunnerV1 pid=4817)[0m step:8 - global_seqlen/min:284082.0 - global_seqlen/max:511975.0 - global_seqlen/minmax_diff:227893.0 - global_seqlen/balanced_min:397984.0 - global_seqlen/balanced_max:398073.0 - global_seqlen/mean:398028.5 - actor/entropy:1.1211262941360474 - training/rollout_probs_diff_valid:1.0 - training/rollout_probs_diff_max:0.8102931976318359 - training/rollout_probs_diff_mean:0.005437043029814959 - training/rollout_probs_diff_std:0.00862321350723505 - training/rollout_actor_probs_pearson_corr:0.9995983839035034 - rollout_corr/training_ppl:3.0277621746063232 - rollout_corr/training_log_ppl:1.1035226583480835 - rollout_corr/kl:0.000709217565599829 - rollout_corr/k3_kl:0.0007609518943354487 - rollout_corr/rollout_ppl:3.025601387023926 - rollout_corr/rollout_log_ppl:1.1028071641921997 - rollout_corr/log_ppl_diff:0.0007156040519475937 - rollout_corr/log_ppl_abs_diff:0.0007349196821451187 - rollout_corr/log_ppl_diff_max:0.002547740936279297 - rollout_corr/log_ppl_diff_min:-0.0005617141723632812 - rollout_corr/ppl_ratio:1.000715970993042 - rollout_corr/chi2_token:0.001634836196899414 - rollout_corr/chi2_seq:96.90531921386719 - actor/pg_clipfrac:0.0 - actor/ppo_kl:0.0 - actor/pg_clipfrac_lower:0.0 - actor/pg_loss:0.05539837689138949 - actor/loss:0.0553983673453331 - actor/grad_norm:0.08696051687002182 - actor/lr:1e-06 - actor/perf/max_memory_allocated_gb:38.752150535583496 - actor/perf/max_memory_reserved_gb:54.07421875 - actor/perf/cpu_memory_used_gb:43.167198181152344 - perf/mfu/actor:0.3036737628286526 - training/global_step:8 - training/epoch:0 - critic/score/mean:0.16015625 - critic/score/max:1.0 - critic/score/min:0.0 - critic/rewards/mean:0.16015625 - critic/rewards/max:1.0 - critic/rewards/min:0.0 - critic/advantages/mean:-0.055398404598236084 - critic/advantages/max:2.4748597145080566 - critic/advantages/min:-1.75899338722229 - critic/returns/mean:-0.055398404598236084 - critic/returns/max:2.4748597145080566 - critic/returns/min:-1.75899338722229 - response_length/mean:11941.890625 - response_length/max:16384.0 - response_length/min:2099.0 - response_length/clip_ratio:0.234375 - response_length_non_aborted/mean:11941.890625 - response_length_non_aborted/max:16384.0 - response_length_non_aborted/min:2099.0 - response_length_non_aborted/clip_ratio:0.234375 - response/aborted_ratio:0.0 - prompt_length/mean:496.5 - prompt_length/max:836.0 - prompt_length/min:133.0 - prompt_length/clip_ratio:0.25 - timing_s/gen:120.65794629196171 - timing_s/old_log_prob:5.355216977070086 - timing_s/adv:0.09332359302788973 - timing_s/update_actor:19.07005739293527 - timing_s/update_weights:1.8650420740013942 - timing_s/step:147.06019641191233 - timing_per_token_ms/adv:0.00011723229998340536 - timing_per_token_ms/update_actor:0.0239556431171829 - timing_per_token_ms/gen:0.1578711838865047 - perf/total_num_tokens:796057 - perf/time_per_step:147.06019641191233 - perf/throughput:2706.5685325560903 - training/num_turns/mean:np.float64(2.0) - training/num_turns/max:np.int64(2) - training/num_turns/min:np.int64(2) - training/off_policy/trajectory_spans/mean:np.float64(1.0) - training/off_policy/trajectory_spans/max:np.int64(1) - training/off_policy/trajectory_spans/min:np.int64(1) - training/off_policy/trajectory_staleness/mean:np.float64(0.0) - training/off_policy/trajectory_staleness/max:np.int64(0) - training/off_policy/trajectory_staleness/min:np.int64(0) - training/off_policy/trajectory_staleness_worst/mean:np.float64(0.0) - training/off_policy/trajectory_staleness_worst/max:np.int64(0) - training/off_policy/trajectory_staleness_worst/min:np.int64(0)
[36m(TaskRunnerV1 pid=4817)[0m Training Progress:   1%|▏         | 8/640 [18:47<22:33:10, 128.47s/it]
[36m(TransferQueueController pid=5376)[0m 2026-08-08 00:40:42,446 - INFO - transfer_queue.utils.perf_utils - TQ_CONTROLLER_450da3e2: [Performance] Total success requests: 777, Total req/min: 148.96, Total avg process time: 0.0002s; 
[36m(TransferQueueController pid=5376)[0m Time range: last 5.22 minutes; 
[36m(TransferQueueController pid=5376)[0m Per-operation statistics: NOTIFY_DATA_UPDATE: req_count=184, req/min=35.28, avg_time=0.000211s, max_time=0.000314s, min_time=0.000087s; SET_CUSTOM_META: req_count=225, req/min=43.14, avg_time=0.000021s, max_time=0.000043s, min_time=0.000008s; KV_RETRIEVE_META: req_count=238, req/min=45.63, avg_time=0.000506s, max_time=0.002406s, min_time=0.000155s; KV_LIST: req_count=122, req/min=23.39, avg_time=0.000051s, max_time=0.000081s, min_time=0.000032s; CLEAR_META: req_count=5, req/min=0.96, avg_time=0.000288s, max_time=0.000339s, min_time=0.000249s; KV_RETRIEVE_KEYS: req_count=3, req/min=0.58, avg_time=0.000042s, max_time=0.000046s, min_time=0.000039s
[36m(SimpleStorageUnit pid=5546)[0m Per-operation statistics: PUT_DATA: req_count=35, req/min=6.85, avg_time=0.001134s, max_time=0.001702s, min_time=0.000938s; CLEAR_DATA: req_count=6, req/min=1.17, avg_time=0.001349s, max_time=0.001786s, min_time=0.001133s; GET_DATA: req_count=21, req/min=4.11, avg_time=0.001414s, max_time=0.002412s, min_time=0.001085s
[36m(SimpleStorageUnit pid=5546)[0m 2026-08-08 00:40:54,245 - INFO - transfer_queue.utils.perf_utils - TQ_STORAGE_UNIT_aa034751: [Performance] Total success requests: 62, Total req/min: 12.13, Total avg process time: 0.0012s; 
[36m(SimpleStorageUnit pid=5546)[0m Time range: last 5.11 minutes; 
[36m(SimpleStorageUnit pid=5552)[0m 2026-08-08 00:40:54,501 - INFO - transfer_queue.utils.perf_utils - TQ_STORAGE_UNIT_32f050ae: [Performance] Total success requests: 62, Total req/min: 12.16, Total avg process time: 0.0012s; 
[36m(SimpleStorageUnit pid=5552)[0m Time range: last 5.10 minutes; 
[36m(SimpleStorageUnit pid=5549)[0m Per-operation statistics: PUT_DATA: req_count=35, req/min=6.97, avg_time=0.001111s, max_time=0.001431s, min_time=0.000955s; CLEAR_DATA: req_count=6, req/min=1.19, avg_time=0.001331s, max_time=0.001534s, min_time=0.001146s; GET_DATA: req_count=21, req/min=4.18, avg_time=0.001388s, max_time=0.002027s, min_time=0.001068s[32m [repeated 2x across cluster][0m
[36m(SimpleStorageUnit pid=5549)[0m 2026-08-08 00:40:59,962 - INFO - transfer_queue.utils.perf_utils - TQ_STORAGE_UNIT_1d3193ae: [Performance] Total success requests: 62, Total req/min: 12.34, Total avg process time: 0.0012s; 
[36m(SimpleStorageUnit pid=5549)[0m Time range: last 5.02 minutes; 
[36m(SimpleStorageUnit pid=5548)[0m 2026-08-08 00:41:00,158 - INFO - transfer_queue.utils.perf_utils - TQ_STORAGE_UNIT_30983958: [Performance] Total success requests: 62, Total req/min: 12.37, Total avg process time: 0.0012s; 
[36m(SimpleStorageUnit pid=5548)[0m Time range: last 5.01 minutes; 
[36m(SimpleStorageUnit pid=5545)[0m Per-operation statistics: PUT_DATA: req_count=35, req/min=6.76, avg_time=0.001150s, max_time=0.001702s, min_time=0.000958s; CLEAR_DATA: req_count=6, req/min=1.16, avg_time=0.001393s, max_time=0.002168s, min_time=0.000986s; GET_DATA: req_count=21, req/min=4.05, avg_time=0.001397s, max_time=0.001949s, min_time=0.000974s[32m [repeated 2x across cluster][0m
[36m(SimpleStorageUnit pid=5545)[0m 2026-08-08 00:41:15,501 - INFO - transfer_queue.utils.perf_utils - TQ_STORAGE_UNIT_402cee8a: [Performance] Total success requests: 62, Total req/min: 11.97, Total avg process time: 0.0013s; 
[36m(SimpleStorageUnit pid=5545)[0m Time range: last 5.18 minutes; 
[36m(SimpleStorageUnit pid=5547)[0m 2026-08-08 00:41:17,011 - INFO - transfer_queue.utils.perf_utils - TQ_STORAGE_UNIT_711be711: [Performance] Total success requests: 62, Total req/min: 12.02, Total avg process time: 0.0013s; 
[36m(SimpleStorageUnit pid=5547)[0m Time range: last 5.16 minutes; 
[36m(vLLMHttpServer pid=7994)[0m (EngineCore pid=9027) WARNING 08-08 00:41:52 [scheduler.py:1919] reset_connector called but no KV connector is configured.[32m [repeated 6x across cluster][0m
[36m(vLLMHttpServer pid=7995)[0m (Worker pid=9278) WARNING 08-08 00:40:41 [layerwise.py:225] RotaryEmbedding: Failed to load weights
[36m(vLLMHttpServer pid=7994)[0m (Worker pid=9290) WARNING 08-08 00:41:53 [layerwise.py:225] RotaryEmbedding: Failed to load weights
[36m(TaskRunnerV1 pid=4817)[0m step:9 - global_seqlen/min:84827.0 - global_seqlen/max:389650.0 - global_seqlen/minmax_diff:304823.0 - global_seqlen/balanced_min:237237.0 - global_seqlen/balanced_max:237240.0 - global_seqlen/mean:237238.5 - actor/entropy:1.0799704790115356 - training/rollout_probs_diff_valid:1.0 - training/rollout_probs_diff_max:0.36681586503982544 - training/rollout_probs_diff_mean:0.005410467274487019 - training/rollout_probs_diff_std:0.008543302305042744 - training/rollout_actor_probs_pearson_corr:0.9996126890182495 - rollout_corr/training_ppl:2.599699020385742 - rollout_corr/training_log_ppl:0.9255945086479187 - rollout_corr/kl:0.0007263058214448392 - rollout_corr/k3_kl:0.0007420051260851324 - rollout_corr/rollout_ppl:2.597989320755005 - rollout_corr/rollout_log_ppl:0.9249802231788635 - rollout_corr/log_ppl_diff:0.0006142840720713139 - rollout_corr/log_ppl_abs_diff:0.0008260873146355152 - rollout_corr/log_ppl_diff_max:0.0019794106483459473 - rollout_corr/log_ppl_diff_min:-0.001904606819152832 - rollout_corr/ppl_ratio:1.0006146430969238 - rollout_corr/chi2_token:0.001516580581665039 - rollout_corr/chi2_seq:0.6362094879150391 - actor/pg_clipfrac:0.0 - actor/ppo_kl:0.0 - actor/pg_clipfrac_lower:0.0 - actor/pg_loss:-0.0038297888822853565 - actor/loss:-0.003829789347946644 - actor/grad_norm:0.03711884096264839 - actor/lr:1e-06 - actor/perf/max_memory_allocated_gb:38.752150535583496 - actor/perf/max_memory_reserved_gb:54.07421875 - actor/perf/cpu_memory_used_gb:43.24228286743164 - perf/mfu/actor:0.3153633800173061 - training/global_step:9 - training/epoch:0 - critic/score/mean:0.349609375 - critic/score/max:1.0 - critic/score/min:0.0 - critic/rewards/mean:0.349609375 - critic/rewards/max:1.0 - critic/rewards/min:0.0 - critic/advantages/mean:0.0038297877181321383 - critic/advantages/max:0.5751648545265198 - critic/advantages/min:-2.256416082382202 - critic/returns/mean:0.0038297877181321383 - critic/returns/max:0.5751648545265198 - critic/returns/min:-2.256416082382202 - response_length/mean:7078.578125 - response_length/max:16384.0 - response_length/min:541.0 - response_length/clip_ratio:0.03125 - response_length_non_aborted/mean:7078.578125 - response_length_non_aborted/max:16384.0 - response_length_non_aborted/min:541.0 - response_length_non_aborted/clip_ratio:0.03125 - response/aborted_ratio:0.0 - prompt_length/mean:335.125 - prompt_length/max:748.0 - prompt_length/min:91.0 - prompt_length/clip_ratio:0.125 - timing_s/gen:56.585893132025376 - timing_s/old_log_prob:3.1356517690001056 - timing_s/adv:0.08960573503281921 - timing_s/update_actor:10.42025000799913 - timing_s/update_weights:1.8455238959286362 - timing_s/step:72.09454162907787 - timing_per_token_ms/adv:0.00018885158823888032 - timing_per_token_ms/update_actor:0.021961549259498624 - timing_per_token_ms/gen:0.12490567520407166 - perf/total_num_tokens:474477 - perf/time_per_step:72.09454162907787 - perf/throughput:3290.6582750824327 - training/num_turns/mean:np.float64(2.0) - training/num_turns/max:np.int64(2) - training/num_turns/min:np.int64(2) - training/off_policy/trajectory_spans/mean:np.float64(1.0) - training/off_policy/trajectory_spans/max:np.int64(1) - training/off_policy/trajectory_spans/min:np.int64(1) - training/off_policy/trajectory_staleness/mean:np.float64(0.0) - training/off_policy/trajectory_staleness/max:np.int64(0) - training/off_policy/trajectory_staleness/min:np.int64(0) - training/off_policy/trajectory_staleness_worst/mean:np.float64(0.0) - training/off_policy/trajectory_staleness_worst/max:np.int64(0) - training/off_policy/trajectory_staleness_worst/min:np.int64(0)
[36m(TaskRunnerV1 pid=4817)[0m Training Progress:   1%|▏         | 9/640 [19:59<19:25:53, 110.86s/it]
[36m(SimpleStorageUnit pid=5551)[0m Per-operation statistics: PUT_DATA: req_count=35, req/min=6.75, avg_time=0.001112s, max_time=0.001609s, min_time=0.000883s; CLEAR_DATA: req_count=6, req/min=1.16, avg_time=0.001293s, max_time=0.001609s, min_time=0.001088s; GET_DATA: req_count=21, req/min=4.05, avg_time=0.001479s, max_time=0.002289s, min_time=0.001054s[32m [repeated 3x across cluster][0m
[36m(SimpleStorageUnit pid=5551)[0m 2026-08-08 00:41:20,039 - INFO - transfer_queue.utils.perf_utils - TQ_STORAGE_UNIT_f6772729: [Performance] Total success requests: 62, Total req/min: 11.95, Total avg process time: 0.0013s; [32m [repeated 2x across cluster][0m
[36m(SimpleStorageUnit pid=5551)[0m Time range: last 5.19 minutes; [32m [repeated 2x across cluster][0m
[36m(TaskRunnerV1 pid=4817)[0m INFO:2026-08-08 00:42:54,728:pending: 0, running: 8, finished: 0, failure: 0
[36m(vLLMHttpServer pid=7994)[0m (EngineCore pid=9027) WARNING 08-08 00:44:15 [scheduler.py:1919] reset_connector called but no KV connector is configured.[32m [repeated 6x across cluster][0m
[36m(vLLMHttpServer pid=7995)[0m (Worker pid=9278) WARNING 08-08 00:41:53 [layerwise.py:225] RotaryEmbedding: Failed to load weights
[36m(vLLMHttpServer pid=7994)[0m (Worker pid=9290) WARNING 08-08 00:44:16 [layerwise.py:225] RotaryEmbedding: Failed to load weights
[36m(TaskRunnerV1 pid=4817)[0m step:10 - global_seqlen/min:373730.0 - global_seqlen/max:496414.0 - global_seqlen/minmax_diff:122684.0 - global_seqlen/balanced_min:434811.0 - global_seqlen/balanced_max:435333.0 - global_seqlen/mean:435072.0 - actor/entropy:1.1767964363098145 - training/rollout_probs_diff_valid:1.0 - training/rollout_probs_diff_max:0.9201804399490356 - training/rollout_probs_diff_mean:0.00547253992408514 - training/rollout_probs_diff_std:0.008520200848579407 - training/rollout_actor_probs_pearson_corr:0.9996153712272644 - rollout_corr/training_ppl:3.281646251678467 - rollout_corr/training_log_ppl:1.1787846088409424 - rollout_corr/kl:0.0008230884559452534 - rollout_corr/k3_kl:0.0007850656984373927 - rollout_corr/rollout_ppl:3.278824806213379 - rollout_corr/rollout_log_ppl:1.1779358386993408 - rollout_corr/log_ppl_diff:0.0008486798033118248 - rollout_corr/log_ppl_abs_diff:0.0008561639115214348 - rollout_corr/log_ppl_diff_max:0.001724839210510254 - rollout_corr/log_ppl_diff_min:-0.00020635128021240234 - rollout_corr/ppl_ratio:1.0008490085601807 - rollout_corr/chi2_token:0.0014929771423339844 - rollout_corr/chi2_seq:7.989579200744629 - actor/pg_clipfrac:0.0 - actor/ppo_kl:0.0 - actor/pg_clipfrac_lower:0.0 - actor/pg_loss:0.022606232669204473 - actor/loss:0.02260623127222061 - actor/grad_norm:0.05977791175246239 - actor/lr:1e-06 - actor/perf/max_memory_allocated_gb:38.752150535583496 - actor/perf/max_memory_reserved_gb:54.07421875 - actor/perf/cpu_memory_used_gb:43.346614837646484 - perf/mfu/actor:0.3086809923946895 - training/global_step:10 - training/epoch:0 - critic/score/mean:0.078125 - critic/score/max:0.5 - critic/score/min:0.0 - critic/rewards/mean:0.078125 - critic/rewards/max:0.5 - critic/rewards/min:0.0 - critic/advantages/mean:-0.02260623686015606 - critic/advantages/max:2.184046506881714 - critic/advantages/min:-0.923182487487793 - critic/returns/mean:-0.02260623686015606 - critic/returns/max:2.184046506881714 - critic/returns/min:-0.923182487487793 - response_length/mean:13158.375 - response_length/max:16384.0 - response_length/min:6352.0 - response_length/clip_ratio:0.15625 - response_length_non_aborted/mean:13158.375 - response_length_non_aborted/max:16384.0 - response_length_non_aborted/min:6352.0 - response_length_non_aborted/clip_ratio:0.15625 - response/aborted_ratio:0.0 - prompt_length/mean:437.625 - prompt_length/max:819.0 - prompt_length/min:284.0 - prompt_length/clip_ratio:0.125 - timing_s/gen:114.63607546500862 - timing_s/old_log_prob:5.808225676999427 - timing_s/adv:0.09450195194222033 - timing_s/update_actor:20.431884550023824 - timing_s/update_weights:1.8522305680671707 - timing_s/step:142.84152538899798 - timing_per_token_ms/adv:0.00010860495727399181 - timing_per_token_ms/update_actor:0.02348103825346589 - timing_per_token_ms/gen:0.13612537103865482 - perf/total_num_tokens:870144 - perf/time_per_step:142.84152538899798 - perf/throughput:3045.8369778338306 - training/num_turns/mean:np.float64(2.0) - training/num_turns/max:np.int64(2) - training/num_turns/min:np.int64(2) - training/off_policy/trajectory_spans/mean:np.float64(1.0) - training/off_policy/trajectory_spans/max:np.int64(1) - training/off_policy/trajectory_spans/min:np.int64(1) - training/off_policy/trajectory_staleness/mean:np.float64(0.0) - training/off_policy/trajectory_staleness/max:np.int64(0) - training/off_policy/trajectory_staleness/min:np.int64(0) - training/off_policy/trajectory_staleness_worst/mean:np.float64(0.0) - training/off_policy/trajectory_staleness_worst/max:np.int64(0) - training/off_policy/trajectory_staleness_worst/min:np.int64(0)
[36m(TaskRunnerV1 pid=4817)[0m Training Progress:   2%|▏         | 10/640 [22:22<21:07:55, 120.75s/it]
[36m(TaskRunnerV1 pid=4817)[0m INFO:2026-08-08 00:45:17,635:pending: 0, running: 6, finished: 2, failure: 0
[36m(vLLMHttpServer pid=7994)[0m (EngineCore pid=9027) WARNING 08-08 00:45:51 [scheduler.py:1919] reset_connector called but no KV connector is configured.[32m [repeated 6x across cluster][0m
[36m(vLLMHttpServer pid=7995)[0m (Worker pid=9278) WARNING 08-08 00:44:16 [layerwise.py:225] RotaryEmbedding: Failed to load weights
[36m(vLLMHttpServer pid=7994)[0m (Worker pid=9290) WARNING 08-08 00:45:52 [layerwise.py:225] RotaryEmbedding: Failed to load weights
[36m(TransferQueueController pid=5376)[0m 2026-08-08 00:45:53,257 - INFO - transfer_queue.utils.perf_utils - TQ_CONTROLLER_450da3e2: [Performance] Total success requests: 861, Total req/min: 166.21, Total avg process time: 0.0002s; 
[36m(TransferQueueController pid=5376)[0m Time range: last 5.18 minutes; 
[36m(TransferQueueController pid=5376)[0m Per-operation statistics: KV_RETRIEVE_META: req_count=270, req/min=52.12, avg_time=0.000502s, max_time=0.001964s, min_time=0.000142s; CLEAR_META: req_count=6, req/min=1.16, avg_time=0.000313s, max_time=0.000357s, min_time=0.000276s; SET_CUSTOM_META: req_count=255, req/min=49.23, avg_time=0.000021s, max_time=0.000045s, min_time=0.000009s; KV_LIST: req_count=123, req/min=23.74, avg_time=0.000051s, max_time=0.000089s, min_time=0.000028s; NOTIFY_DATA_UPDATE: req_count=204, req/min=39.38, avg_time=0.000212s, max_time=0.000315s, min_time=0.000096s; KV_RETRIEVE_KEYS: req_count=3, req/min=0.58, avg_time=0.000043s, max_time=0.000043s, min_time=0.000041s
[36m(TaskRunnerV1 pid=4817)[0m step:11 - global_seqlen/min:293561.0 - global_seqlen/max:475367.0 - global_seqlen/minmax_diff:181806.0 - global_seqlen/balanced_min:384329.0 - global_seqlen/balanced_max:384599.0 - global_seqlen/mean:384464.0 - actor/entropy:1.1401855945587158 - training/rollout_probs_diff_valid:1.0 - training/rollout_probs_diff_max:0.58747398853302 - training/rollout_probs_diff_mean:0.005417845211923122 - training/rollout_probs_diff_std:0.008512689732015133 - training/rollout_actor_probs_pearson_corr:0.9996199607849121 - rollout_corr/training_ppl:3.0415287017822266 - rollout_corr/training_log_ppl:1.0977983474731445 - rollout_corr/kl:0.0007165544666349888 - rollout_corr/k3_kl:0.0007810858660377562 - rollout_corr/rollout_ppl:3.039354085922241 - rollout_corr/rollout_log_ppl:1.0970826148986816 - rollout_corr/log_ppl_diff:0.0007155817002058029 - rollout_corr/log_ppl_abs_diff:0.0007295329123735428 - rollout_corr/log_ppl_diff_max:0.0015833377838134766 - rollout_corr/log_ppl_diff_min:-0.00028395652770996094 - rollout_corr/ppl_ratio:1.0007158517837524 - rollout_corr/chi2_token:0.0016884803771972656 - rollout_corr/chi2_seq:8.1072359085083 - actor/pg_clipfrac:0.0 - actor/ppo_kl:0.0 - actor/pg_clipfrac_lower:0.0 - actor/pg_loss:0.03700525069143623 - actor/loss:0.03700524941086769 - actor/grad_norm:0.11168655008077621 - actor/lr:1e-06 - actor/perf/max_memory_allocated_gb:38.752150535583496 - actor/perf/max_memory_reserved_gb:54.07421875 - actor/perf/cpu_memory_used_gb:43.2039909362793 - perf/mfu/actor:0.3044986351756786 - training/global_step:11 - training/epoch:0 - critic/score/mean:0.2664620578289032 - critic/score/max:1.0 - critic/score/min:0.0 - critic/rewards/mean:0.2664620578289032 - critic/rewards/max:1.0 - critic/rewards/min:0.0 - critic/advantages/mean:-0.03700525686144829 - critic/advantages/max:2.474862575531006 - critic/advantages/min:-2.4748458862304688 - critic/returns/mean:-0.03700525686144829 - critic/returns/max:2.474862575531006 - critic/returns/min:-2.4748458862304688 - response_length/mean:11503.125 - response_length/max:16384.0 - response_length/min:2170.0 - response_length/clip_ratio:0.046875 - response_length_non_aborted/mean:11503.125 - response_length_non_aborted/max:16384.0 - response_length_non_aborted/min:2170.0 - response_length_non_aborted/clip_ratio:0.046875 - response/aborted_ratio:0.0 - prompt_length/mean:511.375 - prompt_length/max:876.0 - prompt_length/min:157.0 - prompt_length/clip_ratio:0.125 - timing_s/gen:70.59779055498075 - timing_s/old_log_prob:5.0943450519116595 - timing_s/adv:0.09287278400734067 - timing_s/update_actor:18.03792890405748 - timing_s/update_weights:1.8495430550538003 - timing_s/step:95.69056790601462 - timing_per_token_ms/adv:0.00012078215906735178 - timing_per_token_ms/update_actor:0.023458540856956023 - timing_per_token_ms/gen:0.09589485269625203 - perf/total_num_tokens:768928 - perf/time_per_step:95.69056790601462 - perf/throughput:4017.7836584438805 - training/num_turns/mean:np.float64(2.0) - training/num_turns/max:np.int64(2) - training/num_turns/min:np.int64(2) - training/off_policy/trajectory_spans/mean:np.float64(1.0) - training/off_policy/trajectory_spans/max:np.int64(1) - training/off_policy/trajectory_spans/min:np.int64(1) - training/off_policy/trajectory_staleness/mean:np.float64(0.0) - training/off_policy/trajectory_staleness/max:np.int64(0) - training/off_policy/trajectory_staleness/min:np.int64(0) - training/off_policy/trajectory_staleness_worst/mean:np.float64(0.0) - training/off_policy/trajectory_staleness_worst/max:np.int64(0) - training/off_policy/trajectory_staleness_worst/min:np.int64(0)
[36m(TaskRunnerV1 pid=4817)[0m Training Progress:   2%|▏         | 11/640 [23:58<19:45:41, 113.10s/it]
[36m(SimpleStorageUnit pid=5546)[0m Per-operation statistics: PUT_DATA: req_count=34, req/min=6.68, avg_time=0.001194s, max_time=0.002353s, min_time=0.000899s; CLEAR_DATA: req_count=6, req/min=1.18, avg_time=0.001346s, max_time=0.001715s, min_time=0.001189s; GET_DATA: req_count=21, req/min=4.13, avg_time=0.001474s, max_time=0.002047s, min_time=0.001074s
[36m(SimpleStorageUnit pid=5546)[0m 2026-08-08 00:45:59,525 - INFO - transfer_queue.utils.perf_utils - TQ_STORAGE_UNIT_aa034751: [Performance] Total success requests: 61, Total req/min: 11.99, Total avg process time: 0.0013s; 
[36m(SimpleStorageUnit pid=5546)[0m Time range: last 5.09 minutes; 
[36m(SimpleStorageUnit pid=5552)[0m 2026-08-08 00:46:01,239 - INFO - transfer_queue.utils.perf_utils - TQ_STORAGE_UNIT_32f050ae: [Performance] Total success requests: 61, Total req/min: 11.93, Total avg process time: 0.0014s; 
[36m(SimpleStorageUnit pid=5552)[0m Time range: last 5.11 minutes; 
[36m(SimpleStorageUnit pid=5545)[0m Per-operation statistics: PUT_DATA: req_count=33, req/min=6.41, avg_time=0.001218s, max_time=0.001828s, min_time=0.000952s; CLEAR_DATA: req_count=6, req/min=1.16, avg_time=0.001507s, max_time=0.002066s, min_time=0.001196s; GET_DATA: req_count=21, req/min=4.08, avg_time=0.001341s, max_time=0.001988s, min_time=0.001012s[32m [repeated 4x across cluster][0m
[36m(SimpleStorageUnit pid=5545)[0m 2026-08-08 00:46:24,595 - INFO - transfer_queue.utils.perf_utils - TQ_STORAGE_UNIT_402cee8a: [Performance] Total success requests: 60, Total req/min: 11.65, Total avg process time: 0.0013s; [32m [repeated 3x across cluster][0m
[36m(SimpleStorageUnit pid=5545)[0m Time range: last 5.15 minutes; [32m [repeated 3x across cluster][0m
[36m(SimpleStorageUnit pid=5551)[0m Per-operation statistics: PUT_DATA: req_count=33, req/min=6.39, avg_time=0.001269s, max_time=0.002398s, min_time=0.000974s; CLEAR_DATA: req_count=6, req/min=1.16, avg_time=0.001532s, max_time=0.001866s, min_time=0.001224s; GET_DATA: req_count=21, req/min=4.07, avg_time=0.001510s, max_time=0.002030s, min_time=0.001111s[32m [repeated 3x across cluster][0m
[36m(SimpleStorageUnit pid=5551)[0m 2026-08-08 00:46:29,727 - INFO - transfer_queue.utils.perf_utils - TQ_STORAGE_UNIT_f6772729: [Performance] Total success requests: 60, Total req/min: 11.62, Total avg process time: 0.0014s; [32m [repeated 3x across cluster][0m
[36m(SimpleStorageUnit pid=5551)[0m Time range: last 5.16 minutes; [32m [repeated 3x across cluster][0m
[36m(TaskRunnerV1 pid=4817)[0m INFO:2026-08-08 00:46:53,393:pending: 0, running: 6, finished: 2, failure: 0
[36m(vLLMHttpServer pid=7994)[0m (EngineCore pid=9027) WARNING 08-08 00:47:29 [scheduler.py:1919] reset_connector called but no KV connector is configured.[32m [repeated 6x across cluster][0m
[36m(vLLMHttpServer pid=7995)[0m (Worker pid=9278) WARNING 08-08 00:45:52 [layerwise.py:225] RotaryEmbedding: Failed to load weights
[36m(vLLMHttpServer pid=7994)[0m (Worker pid=9290) WARNING 08-08 00:47:30 [layerwise.py:225] RotaryEmbedding: Failed to load weights
[36m(TaskRunnerV1 pid=4817)[0m step:12 - global_seqlen/min:235205.0 - global_seqlen/max:521728.0 - global_seqlen/minmax_diff:286523.0 - global_seqlen/balanced_min:378257.0 - global_seqlen/balanced_max:378676.0 - global_seqlen/mean:378466.5 - actor/entropy:1.1397931575775146 - training/rollout_probs_diff_valid:1.0 - training/rollout_probs_diff_max:0.5386912226676941 - training/rollout_probs_diff_mean:0.005433761514723301 - training/rollout_probs_diff_std:0.008573315106332302 - training/rollout_actor_probs_pearson_corr:0.9996109008789062 - rollout_corr/training_ppl:3.0170722007751465 - rollout_corr/training_log_ppl:1.091322898864746 - rollout_corr/kl:0.0008059257525019348 - rollout_corr/k3_kl:0.0007789793889969587 - rollout_corr/rollout_ppl:3.014791250228882 - rollout_corr/rollout_log_ppl:1.0905835628509521 - rollout_corr/log_ppl_diff:0.0007392792031168938 - rollout_corr/log_ppl_abs_diff:0.0008029220625758171 - rollout_corr/log_ppl_diff_max:0.001595616340637207 - rollout_corr/log_ppl_diff_min:-0.001135706901550293 - rollout_corr/ppl_ratio:1.0007396936416626 - rollout_corr/chi2_token:0.0016525983810424805 - rollout_corr/chi2_seq:0.965643048286438 - actor/pg_clipfrac:0.0 - actor/ppo_kl:0.0 - actor/pg_clipfrac_lower:0.0 - actor/pg_loss:0.034912855830043554 - actor/loss:0.03491285815834999 - actor/grad_norm:0.08504286408424377 - actor/lr:1e-06 - actor/perf/max_memory_allocated_gb:38.752150535583496 - actor/perf/max_memory_reserved_gb:54.07421875 - actor/perf/cpu_memory_used_gb:43.00883865356445 - perf/mfu/actor:0.3046600166331497 - training/global_step:12 - training/epoch:0 - critic/score/mean:0.142578125 - critic/score/max:1.0 - critic/score/min:0.0 - critic/rewards/mean:0.142578125 - critic/rewards/max:1.0 - critic/rewards/min:0.0 - critic/advantages/mean:-0.03491288423538208 - critic/advantages/max:2.4748177528381348 - critic/advantages/min:-1.135178804397583 - critic/returns/mean:-0.03491288423538208 - critic/returns/max:2.4748177528381348 - critic/returns/min:-1.135178804397583 - response_length/mean:11353.078125 - response_length/max:16384.0 - response_length/min:958.0 - response_length/clip_ratio:0.203125 - response_length_non_aborted/mean:11353.078125 - response_length_non_aborted/max:16384.0 - response_length_non_aborted/min:958.0 - response_length_non_aborted/clip_ratio:0.203125 - response/aborted_ratio:0.0 - prompt_length/mean:474.0 - prompt_length/max:861.0 - prompt_length/min:202.0 - prompt_length/clip_ratio:0.125 - timing_s/gen:72.58372827805579 - timing_s/old_log_prob:5.131599416024983 - timing_s/adv:0.09612263203598559 - timing_s/update_actor:18.113588394015096 - timing_s/update_weights:1.8346716719679534 - timing_s/step:97.78057984902989 - timing_per_token_ms/adv:0.0001269896173584526 - timing_per_token_ms/update_actor:0.02393024005297047 - timing_per_token_ms/gen:0.09989544173462839 - perf/total_num_tokens:756933 - perf/time_per_step:97.78057984902989 - perf/throughput:3870.5691926182094 - training/num_turns/mean:np.float64(2.0) - training/num_turns/max:np.int64(2) - training/num_turns/min:np.int64(2) - training/off_policy/trajectory_spans/mean:np.float64(1.0) - training/off_policy/trajectory_spans/max:np.int64(1) - training/off_policy/trajectory_spans/min:np.int64(1) - training/off_policy/trajectory_staleness/mean:np.float64(0.0) - training/off_policy/trajectory_staleness/max:np.int64(0) - training/off_policy/trajectory_staleness/min:np.int64(0) - training/off_policy/trajectory_staleness_worst/mean:np.float64(0.0) - training/off_policy/trajectory_staleness_worst/max:np.int64(0) - training/off_policy/trajectory_staleness_worst/min:np.int64(0)
[36m(TaskRunnerV1 pid=4817)[0m Training Progress:   2%|▏         | 12/640 [25:36<18:55:14, 108.46s/it]
[36m(TaskRunnerV1 pid=4817)[0m INFO:2026-08-08 00:48:31,241:pending: 0, running: 5, finished: 3, failure: 0
[36m(vLLMHttpServer pid=7994)[0m (EngineCore pid=9027) WARNING 08-08 00:49:28 [scheduler.py:1919] reset_connector called but no KV connector is configured.[32m [repeated 6x across cluster][0m
[36m(vLLMHttpServer pid=7995)[0m (Worker pid=9278) WARNING 08-08 00:47:30 [layerwise.py:225] RotaryEmbedding: Failed to load weights
[36m(vLLMHttpServer pid=7994)[0m (Worker pid=9290) WARNING 08-08 00:49:29 [layerwise.py:225] RotaryEmbedding: Failed to load weights
[36m(TaskRunnerV1 pid=4817)[0m step:13 - global_seqlen/min:268179.0 - global_seqlen/max:488601.0 - global_seqlen/minmax_diff:220422.0 - global_seqlen/balanced_min:378303.0 - global_seqlen/balanced_max:378477.0 - global_seqlen/mean:378390.0 - actor/entropy:1.129025936126709 - training/rollout_probs_diff_valid:1.0 - training/rollout_probs_diff_max:0.5199474096298218 - training/rollout_probs_diff_mean:0.005384321324527264 - training/rollout_probs_diff_std:0.008423229679465294 - training/rollout_actor_probs_pearson_corr:0.9996230602264404 - rollout_corr/training_ppl:2.9993484020233154 - rollout_corr/training_log_ppl:1.0843703746795654 - rollout_corr/kl:0.0008046465809457004 - rollout_corr/k3_kl:0.0007548730936832726 - rollout_corr/rollout_ppl:2.9969866275787354 - rollout_corr/rollout_log_ppl:1.0836012363433838 - rollout_corr/log_ppl_diff:0.0007690088823437691 - rollout_corr/log_ppl_abs_diff:0.0007824944332242012 - rollout_corr/log_ppl_diff_max:0.002260565757751465 - rollout_corr/log_ppl_diff_min:-0.0004315376281738281 - rollout_corr/ppl_ratio:1.0007693767547607 - rollout_corr/chi2_token:0.0014318227767944336 - rollout_corr/chi2_seq:-0.8761798143386841 - actor/pg_clipfrac:0.0 - actor/ppo_kl:0.0 - actor/pg_clipfrac_lower:0.0 - actor/pg_loss:0.025215325760655105 - actor/loss:0.025215324014425278 - actor/grad_norm:0.07788468152284622 - actor/lr:1e-06 - actor/perf/max_memory_allocated_gb:38.752150535583496 - actor/perf/max_memory_reserved_gb:54.07421875 - actor/perf/cpu_memory_used_gb:43.4609260559082 - perf/mfu/actor:0.30626633063696085 - training/global_step:13 - training/epoch:0 - critic/score/mean:0.14453125 - critic/score/max:1.0 - critic/score/min:0.0 - critic/rewards/mean:0.14453125 - critic/rewards/max:1.0 - critic/rewards/min:0.0 - critic/advantages/mean:-0.025215333327651024 - critic/advantages/max:2.184046506881714 - critic/advantages/min:-0.935412585735321 - critic/returns/mean:-0.025215333327651024 - critic/returns/max:2.184046506881714 - critic/returns/min:-0.935412585735321 - response_length/mean:11311.0625 - response_length/max:16384.0 - response_length/min:2135.0 - response_length/clip_ratio:0.15625 - response_length_non_aborted/mean:11311.0625 - response_length_non_aborted/max:16384.0 - response_length_non_aborted/min:2135.0 - response_length_non_aborted/clip_ratio:0.15625 - response/aborted_ratio:0.0 - prompt_length/mean:513.625 - prompt_length/max:867.0 - prompt_length/min:189.0 - prompt_length/clip_ratio:0.125 - timing_s/gen:94.61478925601114 - timing_s/old_log_prob:5.057448616018519 - timing_s/adv:0.09544697601813823 - timing_s/update_actor:17.680987425963394 - timing_s/update_weights:1.8397398870438337 - timing_s/step:119.30838980199769 - timing_per_token_ms/adv:0.00012612248740471237 - timing_per_token_ms/update_actor:0.02336344436423187 - timing_per_token_ms/gen:0.13070001886429095 - perf/total_num_tokens:756780 - perf/time_per_step:119.30838980199769 - perf/throughput:3171.5288474512986 - training/num_turns/mean:np.float64(2.0) - training/num_turns/max:np.int64(2) - training/num_turns/min:np.int64(2) - training/off_policy/trajectory_spans/mean:np.float64(1.0) - training/off_policy/trajectory_spans/max:np.int64(1) - training/off_policy/trajectory_spans/min:np.int64(1) - training/off_policy/trajectory_staleness/mean:np.float64(0.0) - training/off_policy/trajectory_staleness/max:np.int64(0) - training/off_policy/trajectory_staleness/min:np.int64(0) - training/off_policy/trajectory_staleness_worst/mean:np.float64(0.0) - training/off_policy/trajectory_staleness_worst/max:np.int64(0) - training/off_policy/trajectory_staleness_worst/min:np.int64(0)
[36m(TaskRunnerV1 pid=4817)[0m Training Progress:   2%|▏         | 13/640 [27:35<19:27:58, 111.77s/it]
[36m(TaskRunnerV1 pid=4817)[0m INFO:2026-08-08 00:50:30,617:pending: 0, running: 3, finished: 5, failure: 0
[36m(TransferQueueController pid=5376)[0m 2026-08-08 00:50:54,645 - INFO - transfer_queue.utils.perf_utils - TQ_CONTROLLER_450da3e2: [Performance] Total success requests: 838, Total req/min: 166.83, Total avg process time: 0.0002s; 
[36m(TransferQueueController pid=5376)[0m Time range: last 5.02 minutes; 
[36m(TransferQueueController pid=5376)[0m Per-operation statistics: KV_RETRIEVE_META: req_count=258, req/min=51.36, avg_time=0.000473s, max_time=0.002750s, min_time=0.000143s; CLEAR_META: req_count=5, req/min=1.00, avg_time=0.000335s, max_time=0.000443s, min_time=0.000266s; SET_CUSTOM_META: req_count=247, req/min=49.17, avg_time=0.000021s, max_time=0.000043s, min_time=0.000009s; KV_LIST: req_count=128, req/min=25.48, avg_time=0.000052s, max_time=0.000083s, min_time=0.000034s; NOTIFY_DATA_UPDATE: req_count=198, req/min=39.42, avg_time=0.000210s, max_time=0.000286s, min_time=0.000085s; KV_RETRIEVE_KEYS: req_count=2, req/min=0.40, avg_time=0.000034s, max_time=0.000035s, min_time=0.000033s
[36m(TaskRunnerV1 pid=4817)[0m INFO:2026-08-08 00:51:30,685:pending: 0, running: 2, finished: 6, failure: 0
[36m(SimpleStorageUnit pid=5552)[0m 2026-08-08 00:51:36,560 - INFO - transfer_queue.utils.perf_utils - TQ_STORAGE_UNIT_32f050ae: [Performance] Total success requests: 49, Total req/min: 8.77, Total avg process time: 0.0013s; 
[36m(SimpleStorageUnit pid=5552)[0m Time range: last 5.59 minutes; 
[36m(SimpleStorageUnit pid=5552)[0m Per-operation statistics: PUT_DATA: req_count=31, req/min=5.55, avg_time=0.001173s, max_time=0.001753s, min_time=0.000943s; CLEAR_DATA: req_count=4, req/min=0.72, avg_time=0.001417s, max_time=0.001891s, min_time=0.001121s; GET_DATA: req_count=14, req/min=2.51, avg_time=0.001485s, max_time=0.001918s, min_time=0.001090s
[36m(SimpleStorageUnit pid=5549)[0m 2026-08-08 00:51:58,156 - INFO - transfer_queue.utils.perf_utils - TQ_STORAGE_UNIT_1d3193ae: [Performance] Total success requests: 49, Total req/min: 8.27, Total avg process time: 0.0012s; 
[36m(SimpleStorageUnit pid=5549)[0m Time range: last 5.93 minutes; 
[36m(SimpleStorageUnit pid=5549)[0m Per-operation statistics: PUT_DATA: req_count=31, req/min=5.23, avg_time=0.001173s, max_time=0.001640s, min_time=0.000960s; CLEAR_DATA: req_count=4, req/min=0.67, avg_time=0.001297s, max_time=0.001454s, min_time=0.001039s; GET_DATA: req_count=14, req/min=2.36, avg_time=0.001347s, max_time=0.001654s, min_time=0.001154s
[36m(SimpleStorageUnit pid=5550)[0m 2026-08-08 00:51:58,722 - INFO - transfer_queue.utils.perf_utils - TQ_STORAGE_UNIT_c7198b3e: [Performance] Total success requests: 48, Total req/min: 8.75, Total avg process time: 0.0013s; 
[36m(SimpleStorageUnit pid=5550)[0m Time range: last 5.49 minutes; 
[36m(SimpleStorageUnit pid=5550)[0m Per-operation statistics: PUT_DATA: req_count=29, req/min=5.28, avg_time=0.001166s, max_time=0.001766s, min_time=0.000965s; CLEAR_DATA: req_count=5, req/min=0.91, avg_time=0.001333s, max_time=0.001599s, min_time=0.001170s; GET_DATA: req_count=14, req/min=2.55, avg_time=0.001462s, max_time=0.002516s, min_time=0.001111s
[36m(vLLMHttpServer pid=7994)[0m (EngineCore pid=9027) WARNING 08-08 00:52:17 [scheduler.py:1919] reset_connector called but no KV connector is configured.[32m [repeated 6x across cluster][0m
[36m(vLLMHttpServer pid=7995)[0m (Worker pid=9278) WARNING 08-08 00:49:29 [layerwise.py:225] RotaryEmbedding: Failed to load weights
[36m(vLLMHttpServer pid=7994)[0m (Worker pid=9290) WARNING 08-08 00:52:17 [layerwise.py:225] RotaryEmbedding: Failed to load weights
[36m(TaskRunnerV1 pid=4817)[0m step:14 - global_seqlen/min:173434.0 - global_seqlen/max:431894.0 - global_seqlen/minmax_diff:258460.0 - global_seqlen/balanced_min:302168.0 - global_seqlen/balanced_max:303160.0 - global_seqlen/mean:302664.0 - actor/entropy:1.0637269020080566 - training/rollout_probs_diff_valid:1.0 - training/rollout_probs_diff_max:0.614403486251831 - training/rollout_probs_diff_mean:0.005331515334546566 - training/rollout_probs_diff_std:0.008786246180534363 - training/rollout_actor_probs_pearson_corr:0.9995957612991333 - rollout_corr/training_ppl:2.711158275604248 - rollout_corr/training_log_ppl:0.974209189414978 - rollout_corr/kl:0.0007672932115383446 - rollout_corr/k3_kl:0.0007603660342283547 - rollout_corr/rollout_ppl:2.7091078758239746 - rollout_corr/rollout_log_ppl:0.9734768867492676 - rollout_corr/log_ppl_diff:0.0007323315367102623 - rollout_corr/log_ppl_abs_diff:0.0008657826110720634 - rollout_corr/log_ppl_diff_max:0.002719104290008545 - rollout_corr/log_ppl_diff_min:-0.0016067028045654297 - rollout_corr/ppl_ratio:1.0007327795028687 - rollout_corr/chi2_token:0.001481175422668457 - rollout_corr/chi2_seq:14.522741317749023 - actor/pg_clipfrac:0.0 - actor/ppo_kl:0.0 - actor/pg_clipfrac_lower:0.0 - actor/pg_loss:0.04062052222434431 - actor/loss:0.04062052071094513 - actor/grad_norm:0.10655267536640167 - actor/lr:1e-06 - actor/perf/max_memory_allocated_gb:38.752150535583496 - actor/perf/max_memory_reserved_gb:54.07421875 - actor/perf/cpu_memory_used_gb:46.02457809448242 - perf/mfu/actor:0.30638090274865504 - training/global_step:14 - training/epoch:0 - critic/score/mean:0.4290364682674408 - critic/score/max:1.0 - critic/score/min:0.0 - critic/rewards/mean:0.4290364682674408 - critic/rewards/max:1.0 - critic/rewards/min:0.0 - critic/advantages/mean:-0.04062048718333244 - critic/advantages/max:2.4748597145080566 - critic/advantages/min:-1.707035779953003 - critic/returns/mean:-0.04062048718333244 - critic/returns/max:2.4748597145080566 - critic/returns/min:-1.707035779953003 - response_length/mean:9070.875 - response_length/max:15988.0 - response_length/min:772.0 - response_length/clip_ratio:0.015625 - response_length_non_aborted/mean:9070.875 - response_length_non_aborted/max:15988.0 - response_length_non_aborted/min:772.0 - response_length_non_aborted/clip_ratio:0.015625 - response/aborted_ratio:0.0 - prompt_length/mean:387.375 - prompt_length/max:689.0 - prompt_length/min:94.0 - prompt_length/clip_ratio:0.125 - timing_s/gen:148.67721337405965 - timing_s/old_log_prob:3.9540943109896034 - timing_s/adv:0.095986383035779 - timing_s/update_actor:13.78745170799084 - timing_s/update_weights:1.8697088210610673 - timing_s/step:168.40833936200943 - timing_per_token_ms/adv:0.00015856921047065228 - timing_per_token_ms/update_actor:0.022776827947808196 - timing_per_token_ms/gen:0.2561033482403497 - perf/total_num_tokens:605328 - perf/time_per_step:168.40833936200943 - perf/throughput:1797.2031619490974 - training/num_turns/mean:np.float64(2.0) - training/num_turns/max:np.int64(2) - training/num_turns/min:np.int64(2) - training/off_policy/trajectory_spans/mean:np.float64(1.0) - training/off_policy/trajectory_spans/max:np.int64(1) - training/off_policy/trajectory_spans/min:np.int64(1) - training/off_policy/trajectory_staleness/mean:np.float64(0.0) - training/off_policy/trajectory_staleness/max:np.int64(0) - training/off_policy/trajectory_staleness/min:np.int64(0) - training/off_policy/trajectory_staleness_worst/mean:np.float64(0.0) - training/off_policy/trajectory_staleness_worst/max:np.int64(0) - training/off_policy/trajectory_staleness_worst/min:np.int64(0)
[36m(TaskRunnerV1 pid=4817)[0m Training Progress:   2%|▏         | 14/640 [30:23<22:24:47, 128.89s/it]
[36m(SimpleStorageUnit pid=5548)[0m 2026-08-08 00:51:58,722 - INFO - transfer_queue.utils.perf_utils - TQ_STORAGE_UNIT_30983958: [Performance] Total success requests: 49, Total req/min: 8.26, Total avg process time: 0.0012s; [32m [repeated 5x across cluster][0m
[36m(SimpleStorageUnit pid=5548)[0m Time range: last 5.93 minutes; [32m [repeated 5x across cluster][0m
[36m(SimpleStorageUnit pid=5548)[0m Per-operation statistics: PUT_DATA: req_count=30, req/min=5.06, avg_time=0.001141s, max_time=0.001697s, min_time=0.000936s; CLEAR_DATA: req_count=5, req/min=0.84, avg_time=0.001409s, max_time=0.001648s, min_time=0.001212s; GET_DATA: req_count=14, req/min=2.36, avg_time=0.001389s, max_time=0.002116s, min_time=0.001045s[32m [repeated 5x across cluster][0m
[36m(TaskRunnerV1 pid=4817)[0m INFO:2026-08-08 00:53:19,080:pending: 0, running: 5, finished: 3, failure: 0
[36m(vLLMHttpServer pid=7994)[0m (EngineCore pid=9027) WARNING 08-08 00:53:55 [scheduler.py:1919] reset_connector called but no KV connector is configured.[32m [repeated 6x across cluster][0m
[36m(vLLMHttpServer pid=7995)[0m (Worker pid=9278) WARNING 08-08 00:52:17 [layerwise.py:225] RotaryEmbedding: Failed to load weights
[36m(vLLMHttpServer pid=7994)[0m (Worker pid=9290) WARNING 08-08 00:53:56 [layerwise.py:225] RotaryEmbedding: Failed to load weights
[36m(TaskRunnerV1 pid=4817)[0m step:15 - global_seqlen/min:184274.0 - global_seqlen/max:474392.0 - global_seqlen/minmax_diff:290118.0 - global_seqlen/balanced_min:329228.0 - global_seqlen/balanced_max:329438.0 - global_seqlen/mean:329333.0 - actor/entropy:1.131602168083191 - training/rollout_probs_diff_valid:1.0 - training/rollout_probs_diff_max:0.929905354976654 - training/rollout_probs_diff_mean:0.005459413398057222 - training/rollout_probs_diff_std:0.00861269235610962 - training/rollout_actor_probs_pearson_corr:0.9996030926704407 - rollout_corr/training_ppl:2.8249309062957764 - rollout_corr/training_log_ppl:1.01423180103302 - rollout_corr/kl:0.0007193583878688514 - rollout_corr/k3_kl:0.0007698186091147363 - rollout_corr/rollout_ppl:2.823035717010498 - rollout_corr/rollout_log_ppl:1.013577938079834 - rollout_corr/log_ppl_diff:0.0006538126617670059 - rollout_corr/log_ppl_abs_diff:0.0007665175944566727 - rollout_corr/log_ppl_diff_max:0.002492368221282959 - rollout_corr/log_ppl_diff_min:-0.0014997124671936035 - rollout_corr/ppl_ratio:1.0006542205810547 - rollout_corr/chi2_token:0.0016307830810546875 - rollout_corr/chi2_seq:0.5990214347839355 - actor/pg_clipfrac:0.0 - actor/ppo_kl:0.0 - actor/pg_clipfrac_lower:0.0 - actor/pg_loss:0.03463269956409931 - actor/loss:0.03463270142674446 - actor/grad_norm:0.09736693650484085 - actor/lr:1e-06 - actor/perf/max_memory_allocated_gb:38.752150535583496 - actor/perf/max_memory_reserved_gb:54.07421875 - actor/perf/cpu_memory_used_gb:43.26972198486328 - perf/mfu/actor:0.3027473829472866 - training/global_step:15 - training/epoch:0 - critic/score/mean:0.212890625 - critic/score/max:1.0 - critic/score/min:0.0 - critic/rewards/mean:0.212890625 - critic/rewards/max:1.0 - critic/rewards/min:0.0 - critic/advantages/mean:-0.034632738679647446 - critic/advantages/max:2.4748458862304688 - critic/advantages/min:-2.4748666286468506 - critic/returns/mean:-0.034632738679647446 - critic/returns/max:2.4748458862304688 - critic/returns/min:-2.4748666286468506 - response_length/mean:9827.90625 - response_length/max:16384.0 - response_length/min:565.0 - response_length/clip_ratio:0.09375 - response_length_non_aborted/mean:9827.90625 - response_length_non_aborted/max:16384.0 - response_length_non_aborted/min:565.0 - response_length_non_aborted/clip_ratio:0.09375 - response/aborted_ratio:0.0 - prompt_length/mean:463.75 - prompt_length/max:868.0 - prompt_length/min:102.0 - prompt_length/clip_ratio:0.125 - timing_s/gen:76.59418487001676 - timing_s/old_log_prob:4.423771352041513 - timing_s/adv:0.09176745696458966 - timing_s/update_actor:15.644568654941395 - timing_s/update_weights:1.8818122970405966 - timing_s/step:98.65482709999196 - timing_per_token_ms/adv:0.00013932320320859078 - timing_per_token_ms/update_actor:0.023751899528655487 - timing_per_token_ms/gen:0.1217740694864699 - perf/total_num_tokens:658666 - perf/time_per_step:98.65482709999196 - perf/throughput:3338.2350330025242 - training/num_turns/mean:np.float64(2.0) - training/num_turns/max:np.int64(2) - training/num_turns/min:np.int64(2) - training/off_policy/trajectory_spans/mean:np.float64(1.0) - training/off_policy/trajectory_spans/max:np.int64(1) - training/off_policy/trajectory_spans/min:np.int64(1) - training/off_policy/trajectory_staleness/mean:np.float64(0.0) - training/off_policy/trajectory_staleness/max:np.int64(0) - training/off_policy/trajectory_staleness/min:np.int64(0) - training/off_policy/trajectory_staleness_worst/mean:np.float64(0.0) - training/off_policy/trajectory_staleness_worst/max:np.int64(0) - training/off_policy/trajectory_staleness_worst/min:np.int64(0)
[36m(TaskRunnerV1 pid=4817)[0m Training Progress:   2%|▏         | 15/640 [32:02<20:47:53, 119.80s/it]
[36m(TaskRunnerV1 pid=4817)[0m INFO:2026-08-08 00:54:57,794:pending: 0, running: 7, finished: 1, failure: 0
[36m(TransferQueueController pid=5376)[0m 2026-08-08 00:55:55,860 - INFO - transfer_queue.utils.perf_utils - TQ_CONTROLLER_450da3e2: [Performance] Total success requests: 628, Total req/min: 125.09, Total avg process time: 0.0002s; 
[36m(TransferQueueController pid=5376)[0m Time range: last 5.02 minutes; 
[36m(TransferQueueController pid=5376)[0m Per-operation statistics: KV_LIST: req_count=131, req/min=26.09, avg_time=0.000055s, max_time=0.000127s, min_time=0.000034s; KV_RETRIEVE_META: req_count=182, req/min=36.25, avg_time=0.000509s, max_time=0.002415s, min_time=0.000156s; NOTIFY_DATA_UPDATE: req_count=137, req/min=27.29, avg_time=0.000219s, max_time=0.000315s, min_time=0.000106s; SET_CUSTOM_META: req_count=172, req/min=34.26, avg_time=0.000022s, max_time=0.000060s, min_time=0.000011s; CLEAR_META: req_count=4, req/min=0.80, avg_time=0.000324s, max_time=0.000405s, min_time=0.000266s; KV_RETRIEVE_KEYS: req_count=2, req/min=0.40, avg_time=0.000040s, max_time=0.000050s, min_time=0.000029s
[36m(TaskRunnerV1 pid=4817)[0m INFO:2026-08-08 00:55:57,861:pending: 0, running: 1, finished: 7, failure: 0
[36m(vLLMHttpServer pid=7994)[0m (EngineCore pid=9027) WARNING 08-08 00:56:49 [scheduler.py:1919] reset_connector called but no KV connector is configured.[32m [repeated 6x across cluster][0m
[36m(vLLMHttpServer pid=7995)[0m (Worker pid=9278) WARNING 08-08 00:53:56 [layerwise.py:225] RotaryEmbedding: Failed to load weights
[36m(vLLMHttpServer pid=7994)[0m (Worker pid=9290) WARNING 08-08 00:56:49 [layerwise.py:225] RotaryEmbedding: Failed to load weights
[36m(TaskRunnerV1 pid=4817)[0m step:16 - global_seqlen/min:360116.0 - global_seqlen/max:507610.0 - global_seqlen/minmax_diff:147494.0 - global_seqlen/balanced_min:433595.0 - global_seqlen/balanced_max:434131.0 - global_seqlen/mean:433863.0 - actor/entropy:1.0745173692703247 - training/rollout_probs_diff_valid:1.0 - training/rollout_probs_diff_max:0.9055259823799133 - training/rollout_probs_diff_mean:0.00529479281976819 - training/rollout_probs_diff_std:0.00869075022637844 - training/rollout_actor_probs_pearson_corr:0.999605119228363 - rollout_corr/training_ppl:2.895073890686035 - rollout_corr/training_log_ppl:1.054887056350708 - rollout_corr/kl:0.0007141265086829662 - rollout_corr/k3_kl:0.0007555643678642809 - rollout_corr/rollout_ppl:2.892993688583374 - rollout_corr/rollout_log_ppl:1.0541659593582153 - rollout_corr/log_ppl_diff:0.0007210215553641319 - rollout_corr/log_ppl_abs_diff:0.0007210215553641319 - rollout_corr/log_ppl_diff_max:0.0016477704048156738 - rollout_corr/log_ppl_diff_min:8.392333984375e-05 - rollout_corr/ppl_ratio:1.0007213354110718 - rollout_corr/chi2_token:0.0018237829208374023 - rollout_corr/chi2_seq:-0.9943676590919495 - actor/pg_clipfrac:0.0 - actor/ppo_kl:0.0 - actor/pg_clipfrac_lower:0.0 - actor/pg_loss:0.017167187994346023 - actor/loss:0.017167195677757263 - actor/grad_norm:0.10220199078321457 - actor/lr:1e-06 - actor/perf/max_memory_allocated_gb:38.752150535583496 - actor/perf/max_memory_reserved_gb:54.07421875 - actor/perf/cpu_memory_used_gb:43.70502471923828 - perf/mfu/actor:0.30478358883254786 - training/global_step:16 - training/epoch:0 - critic/score/mean:0.13320311903953552 - critic/score/max:1.0 - critic/score/min:0.0 - critic/rewards/mean:0.13320311903953552 - critic/rewards/max:1.0 - critic/rewards/min:0.0 - critic/advantages/mean:-0.017167197540402412 - critic/advantages/max:2.4748458862304688 - critic/advantages/min:-1.4101837873458862 - critic/returns/mean:-0.017167197540402412 - critic/returns/max:2.4748458862304688 - critic/returns/min:-1.4101837873458862 - response_length/mean:13044.09375 - response_length/max:16384.0 - response_length/min:3383.0 - response_length/clip_ratio:0.234375 - response_length_non_aborted/mean:13044.09375 - response_length_non_aborted/max:16384.0 - response_length_non_aborted/min:3383.0 - response_length_non_aborted/clip_ratio:0.234375 - response/aborted_ratio:0.0 - prompt_length/mean:514.125 - prompt_length/max:886.0 - prompt_length/min:279.0 - prompt_length/clip_ratio:0.125 - timing_s/gen:144.68824435700662 - timing_s/old_log_prob:5.848859527031891 - timing_s/adv:0.09803993301466107 - timing_s/update_actor:20.749815784976818 - timing_s/update_weights:1.8705633589997888 - timing_s/step:173.27480890601873 - timing_per_token_ms/adv:0.0001129848973231885 - timing_per_token_ms/update_actor:0.023912866256141706 - timing_per_token_ms/gen:0.1733162810239867 - perf/total_num_tokens:867726 - perf/time_per_step:173.27480890601873 - perf/throughput:2503.9011887487914 - training/num_turns/mean:np.float64(2.0) - training/num_turns/max:np.int64(2) - training/num_turns/min:np.int64(2) - training/off_policy/trajectory_spans/mean:np.float64(1.0) - training/off_policy/trajectory_spans/max:np.int64(1) - training/off_policy/trajectory_spans/min:np.int64(1) - training/off_policy/trajectory_staleness/mean:np.float64(0.0) - training/off_policy/trajectory_staleness/max:np.int64(0) - training/off_policy/trajectory_staleness/min:np.int64(0) - training/off_policy/trajectory_staleness_worst/mean:np.float64(0.0) - training/off_policy/trajectory_staleness_worst/max:np.int64(0) - training/off_policy/trajectory_staleness_worst/min:np.int64(0)
[36m(TaskRunnerV1 pid=4817)[0m Training Progress:   2%|▎         | 16/640 [34:55<23:33:30, 135.91s/it]
[36m(SimpleStorageUnit pid=5552)[0m 2026-08-08 00:56:51,008 - INFO - transfer_queue.utils.perf_utils - TQ_STORAGE_UNIT_32f050ae: [Performance] Total success requests: 54, Total req/min: 10.30, Total avg process time: 0.0013s; 
[36m(SimpleStorageUnit pid=5552)[0m Time range: last 5.24 minutes; 
[36m(SimpleStorageUnit pid=5552)[0m Per-operation statistics: CLEAR_DATA: req_count=5, req/min=0.95, avg_time=0.001416s, max_time=0.001932s, min_time=0.001176s; GET_DATA: req_count=21, req/min=4.01, avg_time=0.001539s, max_time=0.002499s, min_time=0.001030s; PUT_DATA: req_count=28, req/min=5.34, avg_time=0.001179s, max_time=0.001764s, min_time=0.000978s
[36m(SimpleStorageUnit pid=5548)[0m Per-operation statistics: GET_DATA: req_count=21, req/min=4.14, avg_time=0.001380s, max_time=0.002096s, min_time=0.001011s; PUT_DATA: req_count=29, req/min=5.71, avg_time=0.001156s, max_time=0.001625s, min_time=0.000925s; CLEAR_DATA: req_count=5, req/min=0.99, avg_time=0.001355s, max_time=0.001775s, min_time=0.001131s
[36m(SimpleStorageUnit pid=5548)[0m 2026-08-08 00:57:03,229 - INFO - transfer_queue.utils.perf_utils - TQ_STORAGE_UNIT_30983958: [Performance] Total success requests: 55, Total req/min: 10.84, Total avg process time: 0.0013s; 
[36m(SimpleStorageUnit pid=5548)[0m Time range: last 5.08 minutes; 
[36m(SimpleStorageUnit pid=5545)[0m 2026-08-08 00:57:06,901 - INFO - transfer_queue.utils.perf_utils - TQ_STORAGE_UNIT_402cee8a: [Performance] Total success requests: 55, Total req/min: 10.71, Total avg process time: 0.0013s; 
[36m(SimpleStorageUnit pid=5545)[0m Time range: last 5.14 minutes; 
[36m(SimpleStorageUnit pid=5550)[0m Per-operation statistics: GET_DATA: req_count=21, req/min=4.07, avg_time=0.001349s, max_time=0.001766s, min_time=0.000966s; PUT_DATA: req_count=29, req/min=5.62, avg_time=0.001227s, max_time=0.001790s, min_time=0.000997s; CLEAR_DATA: req_count=5, req/min=0.97, avg_time=0.001386s, max_time=0.001791s, min_time=0.001181s[32m [repeated 3x across cluster][0m
[36m(SimpleStorageUnit pid=5549)[0m Per-operation statistics: CLEAR_DATA: req_count=6, req/min=1.14, avg_time=0.001296s, max_time=0.001439s, min_time=0.001141s; GET_DATA: req_count=21, req/min=3.97, avg_time=0.001415s, max_time=0.002188s, min_time=0.000996s; PUT_DATA: req_count=29, req/min=5.49, avg_time=0.001170s, max_time=0.001582s, min_time=0.000933s
[36m(SimpleStorageUnit pid=5549)[0m 2026-08-08 00:57:15,277 - INFO - transfer_queue.utils.perf_utils - TQ_STORAGE_UNIT_1d3193ae: [Performance] Total success requests: 56, Total req/min: 10.60, Total avg process time: 0.0013s; [32m [repeated 5x across cluster][0m
[36m(SimpleStorageUnit pid=5549)[0m Time range: last 5.29 minutes; [32m [repeated 5x across cluster][0m
[36m(SimpleStorageUnit pid=5546)[0m Per-operation statistics: GET_DATA: req_count=21, req/min=4.04, avg_time=0.001395s, max_time=0.001932s, min_time=0.001058s; PUT_DATA: req_count=29, req/min=5.58, avg_time=0.001142s, max_time=0.001660s, min_time=0.000963s; CLEAR_DATA: req_count=5, req/min=0.96, avg_time=0.001495s, max_time=0.001976s, min_time=0.001166s[32m [repeated 2x across cluster][0m
[36m(TaskRunnerV1 pid=4817)[0m INFO:2026-08-08 00:57:51,135:pending: 0, running: 6, finished: 2, failure: 0
[36m(TaskRunnerV1 pid=4817)[0m INFO:2026-08-08 00:58:51,200:pending: 0, running: 1, finished: 7, failure: 0
[36m(vLLMHttpServer pid=7994)[0m (EngineCore pid=9027) WARNING 08-08 00:59:47 [scheduler.py:1919] reset_connector called but no KV connector is configured.[32m [repeated 6x across cluster][0m
[36m(vLLMHttpServer pid=7995)[0m (Worker pid=9278) WARNING 08-08 00:56:49 [layerwise.py:225] RotaryEmbedding: Failed to load weights
[36m(vLLMHttpServer pid=7994)[0m (Worker pid=9290) WARNING 08-08 00:59:48 [layerwise.py:225] RotaryEmbedding: Failed to load weights
[36m(TaskRunnerV1 pid=4817)[0m step:17 - global_seqlen/min:304102.0 - global_seqlen/max:488243.0 - global_seqlen/minmax_diff:184141.0 - global_seqlen/balanced_min:395986.0 - global_seqlen/balanced_max:396359.0 - global_seqlen/mean:396172.5 - actor/entropy:1.0841106176376343 - training/rollout_probs_diff_valid:1.0 - training/rollout_probs_diff_max:0.857115626335144 - training/rollout_probs_diff_mean:0.005303488112986088 - training/rollout_probs_diff_std:0.008474946022033691 - training/rollout_actor_probs_pearson_corr:0.9996213912963867 - rollout_corr/training_ppl:2.9146037101745605 - rollout_corr/training_log_ppl:1.061920166015625 - rollout_corr/kl:0.0007419469766318798 - rollout_corr/k3_kl:0.0007382322219200432 - rollout_corr/rollout_ppl:2.912412405014038 - rollout_corr/rollout_log_ppl:1.0611789226531982 - rollout_corr/log_ppl_diff:0.0007412005215883255 - rollout_corr/log_ppl_abs_diff:0.000743623822927475 - rollout_corr/log_ppl_diff_max:0.0018054842948913574 - rollout_corr/log_ppl_diff_min:-7.75456428527832e-05 - rollout_corr/ppl_ratio:1.0007414817810059 - rollout_corr/chi2_token:0.0014591217041015625 - rollout_corr/chi2_seq:-0.9458179473876953 - actor/pg_clipfrac:0.0 - actor/ppo_kl:0.0 - actor/pg_clipfrac_lower:0.0 - actor/pg_loss:0.020862457808107138 - actor/loss:0.020862456411123276 - actor/grad_norm:0.07903090119361877 - actor/lr:1e-06 - actor/perf/max_memory_allocated_gb:38.752150535583496 - actor/perf/max_memory_reserved_gb:54.07421875 - actor/perf/cpu_memory_used_gb:43.193450927734375 - perf/mfu/actor:0.30678456689029776 - training/global_step:17 - training/epoch:0 - critic/score/mean:0.158203125 - critic/score/max:1.0 - critic/score/min:0.0 - critic/rewards/mean:0.158203125 - critic/rewards/max:1.0 - critic/rewards/min:0.0 - critic/advantages/mean:-0.020862450823187828 - critic/advantages/max:2.4748597145080566 - critic/advantages/min:-2.474865674972534 - critic/returns/mean:-0.020862450823187828 - critic/returns/max:2.4748597145080566 - critic/returns/min:-2.474865674972534 - response_length/mean:11957.015625 - response_length/max:16384.0 - response_length/min:3677.0 - response_length/clip_ratio:0.109375 - response_length_non_aborted/mean:11957.015625 - response_length_non_aborted/max:16384.0 - response_length_non_aborted/min:3677.0 - response_length_non_aborted/clip_ratio:0.109375 - response/aborted_ratio:0.0 - prompt_length/mean:423.375 - prompt_length/max:860.0 - prompt_length/min:151.0 - prompt_length/clip_ratio:0.125 - timing_s/gen:152.66828914696816 - timing_s/old_log_prob:5.278301466023549 - timing_s/adv:0.09379419300239533 - timing_s/update_actor:18.523635452031158 - timing_s/update_weights:1.8407573450822383 - timing_s/step:178.42288710107096 - timing_per_token_ms/adv:0.00011837544630482344 - timing_per_token_ms/update_actor:0.02337824489588646 - timing_per_token_ms/gen:0.19950145527399338 - perf/total_num_tokens:792345 - perf/time_per_step:178.42288710107096 - perf/throughput:2220.4130111154445 - training/num_turns/mean:np.float64(2.0) - training/num_turns/max:np.int64(2) - training/num_turns/min:np.int64(2) - training/off_policy/trajectory_spans/mean:np.float64(1.0) - training/off_policy/trajectory_spans/max:np.int64(1) - training/off_policy/trajectory_spans/min:np.int64(1) - training/off_policy/trajectory_staleness/mean:np.float64(0.0) - training/off_policy/trajectory_staleness/max:np.int64(0) - training/off_policy/trajectory_staleness/min:np.int64(0) - training/off_policy/trajectory_staleness_worst/mean:np.float64(0.0) - training/off_policy/trajectory_staleness_worst/max:np.int64(0) - training/off_policy/trajectory_staleness_worst/min:np.int64(0)
[36m(TaskRunnerV1 pid=4817)[0m Training Progress:   3%|▎         | 17/640 [37:54<25:45:30, 148.85s/it]
[36m(TaskRunnerV1 pid=4817)[0m INFO:2026-08-08 01:00:50,057:pending: 0, running: 7, finished: 1, failure: 0
[36m(TransferQueueController pid=5376)[0m 2026-08-08 01:00:56,066 - INFO - transfer_queue.utils.perf_utils - TQ_CONTROLLER_450da3e2: [Performance] Total success requests: 534, Total req/min: 106.73, Total avg process time: 0.0002s; 
[36m(TransferQueueController pid=5376)[0m Time range: last 5.00 minutes; 
[36m(TransferQueueController pid=5376)[0m Per-operation statistics: KV_LIST: req_count=124, req/min=24.78, avg_time=0.000052s, max_time=0.000083s, min_time=0.000034s; KV_RETRIEVE_META: req_count=151, req/min=30.18, avg_time=0.000513s, max_time=0.002651s, min_time=0.000165s; NOTIFY_DATA_UPDATE: req_count=112, req/min=22.38, avg_time=0.000209s, max_time=0.000285s, min_time=0.000124s; SET_CUSTOM_META: req_count=141, req/min=28.18, avg_time=0.000020s, max_time=0.000048s, min_time=0.000008s; CLEAR_META: req_count=4, req/min=0.80, avg_time=0.000316s, max_time=0.000369s, min_time=0.000261s; KV_RETRIEVE_KEYS: req_count=2, req/min=0.40, avg_time=0.000035s, max_time=0.000037s, min_time=0.000034s
[36m(vLLMHttpServer pid=7994)[0m (EngineCore pid=9027) WARNING 08-08 01:01:32 [scheduler.py:1919] reset_connector called but no KV connector is configured.[32m [repeated 6x across cluster][0m
[36m(vLLMHttpServer pid=7995)[0m (Worker pid=9278) WARNING 08-08 00:59:48 [layerwise.py:225] RotaryEmbedding: Failed to load weights
[36m(vLLMHttpServer pid=7994)[0m (Worker pid=9290) WARNING 08-08 01:01:33 [layerwise.py:225] RotaryEmbedding: Failed to load weights
[36m(TaskRunnerV1 pid=4817)[0m step:18 - global_seqlen/min:346457.0 - global_seqlen/max:511912.0 - global_seqlen/minmax_diff:165455.0 - global_seqlen/balanced_min:428981.0 - global_seqlen/balanced_max:429388.0 - global_seqlen/mean:429184.5 - actor/entropy:1.0959184169769287 - training/rollout_probs_diff_valid:1.0 - training/rollout_probs_diff_max:0.9740777015686035 - training/rollout_probs_diff_mean:0.005364807788282633 - training/rollout_probs_diff_std:0.008661514148116112 - training/rollout_actor_probs_pearson_corr:0.9995930790901184 - rollout_corr/training_ppl:2.986412286758423 - rollout_corr/training_log_ppl:1.0886352062225342 - rollout_corr/kl:0.0007511384319514036 - rollout_corr/k3_kl:0.0007529055001214147 - rollout_corr/rollout_ppl:2.984161376953125 - rollout_corr/rollout_log_ppl:1.0878854990005493 - rollout_corr/log_ppl_diff:0.0007497705519199371 - rollout_corr/log_ppl_abs_diff:0.0007497705519199371 - rollout_corr/log_ppl_diff_max:0.0015868544578552246 - rollout_corr/log_ppl_diff_min:1.0371208190917969e-05 - rollout_corr/ppl_ratio:1.0007500648498535 - rollout_corr/chi2_token:0.0014923810958862305 - rollout_corr/chi2_seq:-0.98664790391922 - actor/pg_clipfrac:0.0 - actor/ppo_kl:0.0 - actor/pg_clipfrac_lower:0.0 - actor/pg_loss:0.01299207378178835 - actor/loss:0.012992069125175476 - actor/grad_norm:0.06593729555606842 - actor/lr:1e-06 - actor/perf/max_memory_allocated_gb:38.752150535583496 - actor/perf/max_memory_reserved_gb:54.07421875 - actor/perf/cpu_memory_used_gb:43.68497848510742 - perf/mfu/actor:0.3068173215848067 - training/global_step:18 - training/epoch:0 - critic/score/mean:0.1364397406578064 - critic/score/max:1.0 - critic/score/min:0.0 - critic/rewards/mean:0.1364397406578064 - critic/rewards/max:1.0 - critic/rewards/min:0.0 - critic/advantages/mean:-0.012992062605917454 - critic/advantages/max:1.620157241821289 - critic/advantages/min:-2.4336299896240234 - critic/returns/mean:-0.012992062605917454 - critic/returns/max:1.620157241821289 - critic/returns/min:-2.4336299896240234 - response_length/mean:12928.890625 - response_length/max:16384.0 - response_length/min:4699.0 - response_length/clip_ratio:0.171875 - response_length_non_aborted/mean:12928.890625 - response_length_non_aborted/max:16384.0 - response_length_non_aborted/min:4699.0 - response_length_non_aborted/clip_ratio:0.171875 - response/aborted_ratio:0.0 - prompt_length/mean:483.125 - prompt_length/max:901.0 - prompt_length/min:208.0 - prompt_length/clip_ratio:0.125 - timing_s/gen:76.59931741293985 - timing_s/old_log_prob:5.793894145986997 - timing_s/adv:0.09728068194817752 - timing_s/update_actor:20.29574280011002 - timing_s/update_weights:1.8678800320485607 - timing_s/step:104.67224911006633 - timing_per_token_ms/adv:0.00011333200750280767 - timing_per_token_ms/update_actor:0.023644543081250628 - timing_per_token_ms/gen:0.09257285634877782 - perf/total_num_tokens:858369 - perf/time_per_step:104.67224911006633 - perf/throughput:4100.270163763256 - training/num_turns/mean:np.float64(2.0) - training/num_turns/max:np.int64(2) - training/num_turns/min:np.int64(2) - training/off_policy/trajectory_spans/mean:np.float64(1.0) - training/off_policy/trajectory_spans/max:np.int64(1) - training/off_policy/trajectory_spans/min:np.int64(1) - training/off_policy/trajectory_staleness/mean:np.float64(0.0) - training/off_policy/trajectory_staleness/max:np.int64(0) - training/off_policy/trajectory_staleness/min:np.int64(0) - training/off_policy/trajectory_staleness_worst/mean:np.float64(0.0) - training/off_policy/trajectory_staleness_worst/max:np.int64(0) - training/off_policy/trajectory_staleness_worst/min:np.int64(0)
[36m(TaskRunnerV1 pid=4817)[0m Training Progress:   3%|▎         | 18/640 [39:39<23:25:37, 135.59s/it]
[36m(SimpleStorageUnit pid=5545)[0m 2026-08-08 01:02:08,527 - INFO - transfer_queue.utils.perf_utils - TQ_STORAGE_UNIT_402cee8a: [Performance] Total success requests: 43, Total req/min: 8.55, Total avg process time: 0.0013s; 
[36m(SimpleStorageUnit pid=5545)[0m Time range: last 5.03 minutes; 
[36m(SimpleStorageUnit pid=5545)[0m Per-operation statistics: PUT_DATA: req_count=25, req/min=4.97, avg_time=0.001118s, max_time=0.001712s, min_time=0.000919s; CLEAR_DATA: req_count=4, req/min=0.80, avg_time=0.001511s, max_time=0.002186s, min_time=0.001090s; GET_DATA: req_count=14, req/min=2.78, avg_time=0.001472s, max_time=0.002187s, min_time=0.000996s
[36m(SimpleStorageUnit pid=5550)[0m 2026-08-08 01:02:16,790 - INFO - transfer_queue.utils.perf_utils - TQ_STORAGE_UNIT_c7198b3e: [Performance] Total success requests: 43, Total req/min: 8.37, Total avg process time: 0.0013s; [32m [repeated 2x across cluster][0m
[36m(SimpleStorageUnit pid=5550)[0m Time range: last 5.14 minutes; [32m [repeated 2x across cluster][0m
[36m(SimpleStorageUnit pid=5550)[0m Per-operation statistics: PUT_DATA: req_count=25, req/min=4.86, avg_time=0.001113s, max_time=0.001560s, min_time=0.001021s; CLEAR_DATA: req_count=4, req/min=0.78, avg_time=0.001483s, max_time=0.002000s, min_time=0.001153s; GET_DATA: req_count=14, req/min=2.72, avg_time=0.001514s, max_time=0.002488s, min_time=0.001090s[32m [repeated 2x across cluster][0m
[36m(SimpleStorageUnit pid=5552)[0m Per-operation statistics: CLEAR_DATA: req_count=5, req/min=0.90, avg_time=0.001745s, max_time=0.002159s, min_time=0.001178s; PUT_DATA: req_count=26, req/min=4.70, avg_time=0.001199s, max_time=0.001725s, min_time=0.000947s; GET_DATA: req_count=14, req/min=2.53, avg_time=0.001562s, max_time=0.001968s, min_time=0.001067s
[36m(SimpleStorageUnit pid=5552)[0m 2026-08-08 01:02:22,757 - INFO - transfer_queue.utils.perf_utils - TQ_STORAGE_UNIT_32f050ae: [Performance] Total success requests: 45, Total req/min: 8.14, Total avg process time: 0.0014s; [32m [repeated 3x across cluster][0m
[36m(SimpleStorageUnit pid=5552)[0m Time range: last 5.53 minutes; [32m [repeated 3x across cluster][0m
[36m(SimpleStorageUnit pid=5546)[0m Per-operation statistics: PUT_DATA: req_count=25, req/min=4.86, avg_time=0.001113s, max_time=0.001822s, min_time=0.000942s; CLEAR_DATA: req_count=4, req/min=0.78, avg_time=0.001346s, max_time=0.001466s, min_time=0.001116s; GET_DATA: req_count=14, req/min=2.72, avg_time=0.001430s, max_time=0.002345s, min_time=0.001070s[32m [repeated 2x across cluster][0m
[36m(TaskRunnerV1 pid=4817)[0m INFO:2026-08-08 01:02:34,791:pending: 0, running: 7, finished: 1, failure: 0
[36m(SimpleStorageUnit pid=5548)[0m 2026-08-08 01:02:24,618 - INFO - transfer_queue.utils.perf_utils - TQ_STORAGE_UNIT_30983958: [Performance] Total success requests: 44, Total req/min: 8.21, Total avg process time: 0.0013s; [32m [repeated 2x across cluster][0m
[36m(SimpleStorageUnit pid=5548)[0m Time range: last 5.36 minutes; [32m [repeated 2x across cluster][0m
[36m(SimpleStorageUnit pid=5548)[0m Per-operation statistics: PUT_DATA: req_count=26, req/min=4.85, avg_time=0.001201s, max_time=0.001725s, min_time=0.000934s; CLEAR_DATA: req_count=4, req/min=0.75, avg_time=0.001364s, max_time=0.001544s, min_time=0.001159s; GET_DATA: req_count=14, req/min=2.61, avg_time=0.001436s, max_time=0.002336s, min_time=0.001112s[32m [repeated 2x across cluster][0m
[36m(vLLMHttpServer pid=7994)[0m (EngineCore pid=9027) WARNING 08-08 01:03:16 [scheduler.py:1919] reset_connector called but no KV connector is configured.[32m [repeated 6x across cluster][0m
[36m(vLLMHttpServer pid=7995)[0m (Worker pid=9278) WARNING 08-08 01:01:33 [layerwise.py:225] RotaryEmbedding: Failed to load weights
[36m(vLLMHttpServer pid=7994)[0m (Worker pid=9290) WARNING 08-08 01:03:17 [layerwise.py:225] RotaryEmbedding: Failed to load weights
[36m(TaskRunnerV1 pid=4817)[0m step:19 - global_seqlen/min:302751.0 - global_seqlen/max:511333.0 - global_seqlen/minmax_diff:208582.0 - global_seqlen/balanced_min:406646.0 - global_seqlen/balanced_max:407438.0 - global_seqlen/mean:407042.0 - actor/entropy:1.1423405408859253 - training/rollout_probs_diff_valid:1.0 - training/rollout_probs_diff_max:0.3521035313606262 - training/rollout_probs_diff_mean:0.005421874113380909 - training/rollout_probs_diff_std:0.008457156829535961 - training/rollout_actor_probs_pearson_corr:0.9996182322502136 - rollout_corr/training_ppl:3.0139317512512207 - rollout_corr/training_log_ppl:1.0799649953842163 - rollout_corr/kl:0.0008848698926158249 - rollout_corr/k3_kl:0.0007542704697698355 - rollout_corr/rollout_ppl:3.011369228363037 - rollout_corr/rollout_log_ppl:1.0791655778884888 - rollout_corr/log_ppl_diff:0.0007995031774044037 - rollout_corr/log_ppl_abs_diff:0.0008536428213119507 - rollout_corr/log_ppl_diff_max:0.0015745162963867188 - rollout_corr/log_ppl_diff_min:-0.0010791420936584473 - rollout_corr/ppl_ratio:1.0008000135421753 - rollout_corr/chi2_token:0.0012617111206054688 - rollout_corr/chi2_seq:0.0946035385131836 - actor/pg_clipfrac:0.0 - actor/ppo_kl:0.0 - actor/pg_clipfrac_lower:0.0 - actor/pg_loss:0.04730352875776589 - actor/loss:0.04730352759361267 - actor/grad_norm:0.08101236075162888 - actor/lr:1e-06 - actor/perf/max_memory_allocated_gb:38.752150535583496 - actor/perf/max_memory_reserved_gb:54.07421875 - actor/perf/cpu_memory_used_gb:43.61205291748047 - perf/mfu/actor:0.30456816843109324 - training/global_step:19 - training/epoch:0 - critic/score/mean:0.06640625 - critic/score/max:1.0 - critic/score/min:0.0 - critic/rewards/mean:0.06640625 - critic/rewards/max:1.0 - critic/rewards/min:0.0 - critic/advantages/mean:-0.04730354622006416 - critic/advantages/max:2.4748597145080566 - critic/advantages/min:-0.8366544842720032 - critic/returns/mean:-0.04730354622006416 - critic/returns/max:2.4748597145080566 - critic/returns/min:-0.8366544842720032 - response_length/mean:12203.1875 - response_length/max:16384.0 - response_length/min:1370.0 - response_length/clip_ratio:0.1875 - response_length_non_aborted/mean:12203.1875 - response_length_non_aborted/max:16384.0 - response_length_non_aborted/min:1370.0 - response_length_non_aborted/clip_ratio:0.1875 - response/aborted_ratio:0.0 - prompt_length/mean:516.875 - prompt_length/max:743.0 - prompt_length/min:264.0 - prompt_length/clip_ratio:0.125 - timing_s/gen:76.59824784600642 - timing_s/old_log_prob:5.519964289967902 - timing_s/adv:0.09375169803388417 - timing_s/update_actor:19.501058909925632 - timing_s/update_weights:1.89612798509188 - timing_s/step:103.62769223703071 - timing_per_token_ms/adv:0.00011516219214956216 - timing_per_token_ms/update_actor:0.02395460285415956 - timing_per_token_ms/gen:0.09807663961517024 - perf/total_num_tokens:814084 - perf/time_per_step:103.62769223703071 - perf/throughput:3927.9269007454172 - training/num_turns/mean:np.float64(2.0) - training/num_turns/max:np.int64(2) - training/num_turns/min:np.int64(2) - training/off_policy/trajectory_spans/mean:np.float64(1.0) - training/off_policy/trajectory_spans/max:np.int64(1) - training/off_policy/trajectory_spans/min:np.int64(1) - training/off_policy/trajectory_staleness/mean:np.float64(0.0) - training/off_policy/trajectory_staleness/max:np.int64(0) - training/off_policy/trajectory_staleness/min:np.int64(0) - training/off_policy/trajectory_staleness_worst/mean:np.float64(0.0) - training/off_policy/trajectory_staleness_worst/max:np.int64(0) - training/off_policy/trajectory_staleness_worst/min:np.int64(0)
[36m(TaskRunnerV1 pid=4817)[0m Training Progress:   3%|▎         | 19/640 [41:23<21:44:12, 126.01s/it]
[36m(TaskRunnerV1 pid=4817)[0m INFO:2026-08-08 01:04:18,487:pending: 0, running: 7, finished: 1, failure: 0
[36m(vLLMHttpServer pid=7994)[0m (EngineCore pid=9027) WARNING 08-08 01:04:51 [scheduler.py:1919] reset_connector called but no KV connector is configured.[32m [repeated 6x across cluster][0m
[36m(vLLMHttpServer pid=7995)[0m (Worker pid=9278) WARNING 08-08 01:03:17 [layerwise.py:225] RotaryEmbedding: Failed to load weights
[36m(vLLMHttpServer pid=7994)[0m (Worker pid=9290) WARNING 08-08 01:04:52 [layerwise.py:225] RotaryEmbedding: Failed to load weights
[36m(TaskRunnerV1 pid=4817)[0m step:20 - global_seqlen/min:255224.0 - global_seqlen/max:482325.0 - global_seqlen/minmax_diff:227101.0 - global_seqlen/balanced_min:368568.0 - global_seqlen/balanced_max:368981.0 - global_seqlen/mean:368774.5 - actor/entropy:1.1442676782608032 - training/rollout_probs_diff_valid:1.0 - training/rollout_probs_diff_max:0.8331781029701233 - training/rollout_probs_diff_mean:0.0054521686397492886 - training/rollout_probs_diff_std:0.00874399859458208 - training/rollout_actor_probs_pearson_corr:0.999601423740387 - rollout_corr/training_ppl:3.0488715171813965 - rollout_corr/training_log_ppl:1.1009547710418701 - rollout_corr/kl:0.0007666946621611714 - rollout_corr/k3_kl:0.0008052504272200167 - rollout_corr/rollout_ppl:3.046597480773926 - rollout_corr/rollout_log_ppl:1.1002378463745117 - rollout_corr/log_ppl_diff:0.0007169023156166077 - rollout_corr/log_ppl_abs_diff:0.000735066831111908 - rollout_corr/log_ppl_diff_max:0.0017393827438354492 - rollout_corr/log_ppl_diff_min:-0.00025475025177001953 - rollout_corr/ppl_ratio:1.0007171630859375 - rollout_corr/chi2_token:0.0016853809356689453 - rollout_corr/chi2_seq:11.673535346984863 - actor/pg_clipfrac:0.0 - actor/ppo_kl:0.0 - actor/pg_clipfrac_lower:0.0 - actor/pg_loss:0.027391151059418917 - actor/loss:0.02739115245640278 - actor/grad_norm:0.0840054601430893 - actor/lr:1e-06 - actor/perf/max_memory_allocated_gb:38.752150535583496 - actor/perf/max_memory_reserved_gb:54.07421875 - actor/perf/cpu_memory_used_gb:43.39598846435547 - perf/mfu/actor:0.30657797883130034 - training/global_step:20 - training/epoch:0 - critic/score/mean:0.0813802108168602 - critic/score/max:1.0 - critic/score/min:0.0 - critic/rewards/mean:0.0813802108168602 - critic/rewards/max:1.0 - critic/rewards/min:0.0 - critic/advantages/mean:-0.02739114686846733 - critic/advantages/max:2.474853038787842 - critic/advantages/min:-1.2499949932098389 - critic/returns/mean:-0.02739114686846733 - critic/returns/max:2.474853038787842 - critic/returns/min:-1.2499949932098389 - response_length/mean:11062.453125 - response_length/max:16384.0 - response_length/min:940.0 - response_length/clip_ratio:0.109375 - response_length_non_aborted/mean:11062.453125 - response_length_non_aborted/max:16384.0 - response_length_non_aborted/min:940.0 - response_length_non_aborted/clip_ratio:0.109375 - response/aborted_ratio:0.0 - prompt_length/mean:461.75 - prompt_length/max:888.0 - prompt_length/min:137.0 - prompt_length/clip_ratio:0.125 - timing_s/gen:70.58974788489286 - timing_s/old_log_prob:4.91555796796456 - timing_s/adv:0.0937013179063797 - timing_s/update_actor:17.225067864987068 - timing_s/update_weights:1.8552534360205755 - timing_s/step:94.70076053100638 - timing_per_token_ms/adv:0.00012704419354697748 - timing_per_token_ms/update_actor:0.023354472536722397 - timing_per_token_ms/gen:0.09970345620799645 - perf/total_num_tokens:737549 - perf/time_per_step:94.70076053100638 - perf/throughput:3894.102834361694 - training/num_turns/mean:np.float64(2.0) - training/num_turns/max:np.int64(2) - training/num_turns/min:np.int64(2) - training/off_policy/trajectory_spans/mean:np.float64(1.0) - training/off_policy/trajectory_spans/max:np.int64(1) - training/off_policy/trajectory_spans/min:np.int64(1) - training/off_policy/trajectory_staleness/mean:np.float64(0.0) - training/off_policy/trajectory_staleness/max:np.int64(0) - training/off_policy/trajectory_staleness/min:np.int64(0) - training/off_policy/trajectory_staleness_worst/mean:np.float64(0.0) - training/off_policy/trajectory_staleness_worst/max:np.int64(0) - training/off_policy/trajectory_staleness_worst/min:np.int64(0)
[36m(TaskRunnerV1 pid=4817)[0m Training Progress:   3%|▎         | 20/640 [42:58<20:05:09, 116.63s/it]
[36m(TaskRunnerV1 pid=4817)[0m INFO:2026-08-08 01:05:53,248:pending: 0, running: 5, finished: 3, failure: 0
[36m(TransferQueueController pid=5376)[0m 2026-08-08 01:05:56,883 - INFO - transfer_queue.utils.perf_utils - TQ_CONTROLLER_450da3e2: [Performance] Total success requests: 902, Total req/min: 179.91, Total avg process time: 0.0002s; 
[36m(TransferQueueController pid=5376)[0m Time range: last 5.01 minutes; 
[36m(TransferQueueController pid=5376)[0m Per-operation statistics: KV_RETRIEVE_META: req_count=289, req/min=57.64, avg_time=0.000482s, max_time=0.001974s, min_time=0.000139s; NOTIFY_DATA_UPDATE: req_count=219, req/min=43.68, avg_time=0.000212s, max_time=0.000313s, min_time=0.000090s; SET_CUSTOM_META: req_count=273, req/min=54.45, avg_time=0.000021s, max_time=0.000046s, min_time=0.000008s; KV_LIST: req_count=112, req/min=22.34, avg_time=0.000048s, max_time=0.000075s, min_time=0.000030s; CLEAR_META: req_count=6, req/min=1.20, avg_time=0.000306s, max_time=0.000354s, min_time=0.000260s; KV_RETRIEVE_KEYS: req_count=3, req/min=0.60, avg_time=0.000043s, max_time=0.000056s, min_time=0.000028s
[36m(vLLMHttpServer pid=7994)[0m (EngineCore pid=9027) WARNING 08-08 01:07:13 [scheduler.py:1919] reset_connector called but no KV connector is configured.[32m [repeated 6x across cluster][0m
[36m(vLLMHttpServer pid=7995)[0m (Worker pid=9278) WARNING 08-08 01:04:52 [layerwise.py:225] RotaryEmbedding: Failed to load weights
[36m(vLLMHttpServer pid=7994)[0m (Worker pid=9290) WARNING 08-08 01:07:14 [layerwise.py:225] RotaryEmbedding: Failed to load weights
[36m(SimpleStorageUnit pid=5547)[0m Per-operation statistics: PUT_DATA: req_count=34, req/min=6.68, avg_time=0.001182s, max_time=0.001774s, min_time=0.000891s; CLEAR_DATA: req_count=5, req/min=0.98, avg_time=0.001416s, max_time=0.001713s, min_time=0.001198s; GET_DATA: req_count=21, req/min=4.13, avg_time=0.001331s, max_time=0.001753s, min_time=0.001052s
[36m(SimpleStorageUnit pid=5547)[0m 2026-08-08 01:07:15,551 - INFO - transfer_queue.utils.perf_utils - TQ_STORAGE_UNIT_711be711: [Performance] Total success requests: 60, Total req/min: 11.80, Total avg process time: 0.0013s; 
[36m(SimpleStorageUnit pid=5547)[0m Time range: last 5.09 minutes; 
[36m(SimpleStorageUnit pid=5545)[0m 2026-08-08 01:07:15,549 - INFO - transfer_queue.utils.perf_utils - TQ_STORAGE_UNIT_402cee8a: [Performance] Total success requests: 60, Total req/min: 11.73, Total avg process time: 0.0012s; 
[36m(SimpleStorageUnit pid=5545)[0m Time range: last 5.12 minutes; 
[36m(TaskRunnerV1 pid=4817)[0m step:21 - global_seqlen/min:259046.0 - global_seqlen/max:464734.0 - global_seqlen/minmax_diff:205688.0 - global_seqlen/balanced_min:361557.0 - global_seqlen/balanced_max:362223.0 - global_seqlen/mean:361890.0 - actor/entropy:1.101446270942688 - training/rollout_probs_diff_valid:1.0 - training/rollout_probs_diff_max:0.8553324341773987 - training/rollout_probs_diff_mean:0.005381400231271982 - training/rollout_probs_diff_std:0.008740185759961605 - training/rollout_actor_probs_pearson_corr:0.9996024370193481 - rollout_corr/training_ppl:2.9654383659362793 - rollout_corr/training_log_ppl:1.073897123336792 - rollout_corr/kl:0.0007773286779411137 - rollout_corr/k3_kl:0.0008435025811195374 - rollout_corr/rollout_ppl:2.963178873062134 - rollout_corr/rollout_log_ppl:1.0731348991394043 - rollout_corr/log_ppl_diff:0.0007621375843882561 - rollout_corr/log_ppl_abs_diff:0.0007761130109429359 - rollout_corr/log_ppl_diff_max:0.0018186569213867188 - rollout_corr/log_ppl_diff_min:-0.00020629167556762695 - rollout_corr/ppl_ratio:1.0007625818252563 - rollout_corr/chi2_token:0.0067566633224487305 - rollout_corr/chi2_seq:0.7675513029098511 - actor/pg_clipfrac:0.0 - actor/ppo_kl:0.0 - actor/pg_clipfrac_lower:0.0 - actor/pg_loss:0.03270705393515527 - actor/loss:0.03270705044269562 - actor/grad_norm:0.09814935177564621 - actor/lr:1e-06 - actor/perf/max_memory_allocated_gb:38.752150535583496 - actor/perf/max_memory_reserved_gb:54.07421875 - actor/perf/cpu_memory_used_gb:43.62523651123047 - perf/mfu/actor:0.3019824488527992 - training/global_step:21 - training/epoch:0 - critic/score/mean:0.287109375 - critic/score/max:1.0 - critic/score/min:0.0 - critic/rewards/mean:0.287109375 - critic/rewards/max:1.0 - critic/rewards/min:0.0 - critic/advantages/mean:-0.032707057893276215 - critic/advantages/max:2.4748177528381348 - critic/advantages/min:-1.6128965616226196 - critic/returns/mean:-0.032707057893276215 - critic/returns/max:2.4748177528381348 - critic/returns/min:-1.6128965616226196 - response_length/mean:10896.3125 - response_length/max:16384.0 - response_length/min:3027.0 - response_length/clip_ratio:0.078125 - response_length_non_aborted/mean:10896.3125 - response_length_non_aborted/max:16384.0 - response_length_non_aborted/min:3027.0 - response_length_non_aborted/clip_ratio:0.078125 - response/aborted_ratio:0.0 - prompt_length/mean:412.75 - prompt_length/max:780.0 - prompt_length/min:157.0 - prompt_length/clip_ratio:0.125 - timing_s/gen:118.65283556492068 - timing_s/old_log_prob:4.812383726006374 - timing_s/adv:0.09381971601396799 - timing_s/update_actor:16.936997458920814 - timing_s/update_weights:1.8510088809998706 - timing_s/step:142.36436420003884 - timing_per_token_ms/adv:0.00012962463181349028 - timing_per_token_ms/update_actor:0.02340075362530163 - timing_per_token_ms/gen:0.1701447673882229 - perf/total_num_tokens:723780 - perf/time_per_step:142.36436420003884 - perf/throughput:2541.9984982442766 - training/num_turns/mean:np.float64(2.0) - training/num_turns/max:np.int64(2) - training/num_turns/min:np.int64(2) - training/off_policy/trajectory_spans/mean:np.float64(1.0) - training/off_policy/trajectory_spans/max:np.int64(1) - training/off_policy/trajectory_spans/min:np.int64(1) - training/off_policy/trajectory_staleness/mean:np.float64(0.0) - training/off_policy/trajectory_staleness/max:np.int64(0) - training/off_policy/trajectory_staleness/min:np.int64(0) - training/off_policy/trajectory_staleness_worst/mean:np.float64(0.0) - training/off_policy/trajectory_staleness_worst/max:np.int64(0) - training/off_policy/trajectory_staleness_worst/min:np.int64(0)
[36m(TaskRunnerV1 pid=4817)[0m Training Progress:   3%|▎         | 21/640 [45:20<21:23:06, 124.37s/it]
[36m(SimpleStorageUnit pid=5550)[0m Per-operation statistics: PUT_DATA: req_count=35, req/min=6.86, avg_time=0.001261s, max_time=0.001846s, min_time=0.000886s; CLEAR_DATA: req_count=6, req/min=1.18, avg_time=0.001509s, max_time=0.002020s, min_time=0.001146s; GET_DATA: req_count=21, req/min=4.12, avg_time=0.001589s, max_time=0.002201s, min_time=0.001133s[32m [repeated 2x across cluster][0m
[36m(SimpleStorageUnit pid=5550)[0m 2026-08-08 01:07:22,961 - INFO - transfer_queue.utils.perf_utils - TQ_STORAGE_UNIT_c7198b3e: [Performance] Total success requests: 62, Total req/min: 12.15, Total avg process time: 0.0014s; 
[36m(SimpleStorageUnit pid=5550)[0m Time range: last 5.10 minutes; 
[36m(SimpleStorageUnit pid=5551)[0m 2026-08-08 01:07:23,499 - INFO - transfer_queue.utils.perf_utils - TQ_STORAGE_UNIT_f6772729: [Performance] Total success requests: 62, Total req/min: 12.20, Total avg process time: 0.0013s; 
[36m(SimpleStorageUnit pid=5551)[0m Time range: last 5.08 minutes; 
[36m(TaskRunnerV1 pid=4817)[0m INFO:2026-08-08 01:08:15,677:pending: 0, running: 5, finished: 3, failure: 0
[36m(SimpleStorageUnit pid=5548)[0m Per-operation statistics: PUT_DATA: req_count=35, req/min=6.94, avg_time=0.001212s, max_time=0.001759s, min_time=0.000928s; CLEAR_DATA: req_count=6, req/min=1.19, avg_time=0.001422s, max_time=0.001776s, min_time=0.001203s; GET_DATA: req_count=21, req/min=4.17, avg_time=0.001421s, max_time=0.002110s, min_time=0.000944s[32m [repeated 5x across cluster][0m
[36m(SimpleStorageUnit pid=5548)[0m 2026-08-08 01:07:27,055 - INFO - transfer_queue.utils.perf_utils - TQ_STORAGE_UNIT_30983958: [Performance] Total success requests: 62, Total req/min: 12.30, Total avg process time: 0.0013s; [32m [repeated 4x across cluster][0m
[36m(SimpleStorageUnit pid=5548)[0m Time range: last 5.04 minutes; [32m [repeated 4x across cluster][0m
[36m(TaskRunnerV1 pid=4817)[0m INFO:2026-08-08 01:09:15,746:pending: 0, running: 1, finished: 7, failure: 0
[36m(vLLMHttpServer pid=7994)[0m (EngineCore pid=9027) WARNING 08-08 01:09:49 [scheduler.py:1919] reset_connector called but no KV connector is configured.[32m [repeated 6x across cluster][0m
[36m(vLLMHttpServer pid=7995)[0m (Worker pid=9278) WARNING 08-08 01:07:14 [layerwise.py:225] RotaryEmbedding: Failed to load weights
[36m(vLLMHttpServer pid=7994)[0m (Worker pid=9290) WARNING 08-08 01:09:50 [layerwise.py:225] RotaryEmbedding: Failed to load weights
[36m(TaskRunnerV1 pid=4817)[0m step:22 - global_seqlen/min:227918.0 - global_seqlen/max:476244.0 - global_seqlen/minmax_diff:248326.0 - global_seqlen/balanced_min:351858.0 - global_seqlen/balanced_max:352304.0 - global_seqlen/mean:352081.0 - actor/entropy:1.055598497390747 - training/rollout_probs_diff_valid:1.0 - training/rollout_probs_diff_max:0.8874481320381165 - training/rollout_probs_diff_mean:0.0052662319503724575 - training/rollout_probs_diff_std:0.00887781661003828 - training/rollout_actor_probs_pearson_corr:0.9996002912521362 - rollout_corr/training_ppl:2.7498295307159424 - rollout_corr/training_log_ppl:0.9914612174034119 - rollout_corr/kl:0.0007549336878582835 - rollout_corr/k3_kl:0.0007694682572036982 - rollout_corr/rollout_ppl:2.7477855682373047 - rollout_corr/rollout_log_ppl:0.9907300472259521 - rollout_corr/log_ppl_diff:0.0007311035878956318 - rollout_corr/log_ppl_abs_diff:0.000747219193726778 - rollout_corr/log_ppl_diff_max:0.0016498565673828125 - rollout_corr/log_ppl_diff_min:-0.0005156993865966797 - rollout_corr/ppl_ratio:1.0007314682006836 - rollout_corr/chi2_token:0.0015773773193359375 - rollout_corr/chi2_seq:0.13044822216033936 - actor/pg_clipfrac:0.0 - actor/ppo_kl:0.0 - actor/pg_clipfrac_lower:0.0 - actor/pg_loss:0.016156980447703972 - actor/loss:0.016156986355781555 - actor/grad_norm:0.08416485786437988 - actor/lr:1e-06 - actor/perf/max_memory_allocated_gb:38.752150535583496 - actor/perf/max_memory_reserved_gb:54.07421875 - actor/perf/cpu_memory_used_gb:43.884483337402344 - perf/mfu/actor:0.30892377231825774 - training/global_step:22 - training/epoch:0 - critic/score/mean:0.181640625 - critic/score/max:1.0 - critic/score/min:0.0 - critic/rewards/mean:0.181640625 - critic/rewards/max:1.0 - critic/rewards/min:0.0 - critic/advantages/mean:-0.01615702547132969 - critic/advantages/max:2.4748551845550537 - critic/advantages/min:-1.0487399101257324 - critic/returns/mean:-0.01615702547132969 - critic/returns/max:2.4748551845550537 - critic/returns/min:-1.0487399101257324 - response_length/mean:10614.03125 - response_length/max:16384.0 - response_length/min:1704.0 - response_length/clip_ratio:0.078125 - response_length_non_aborted/mean:10614.03125 - response_length_non_aborted/max:16384.0 - response_length_non_aborted/min:1704.0 - response_length_non_aborted/clip_ratio:0.078125 - response/aborted_ratio:0.0 - prompt_length/mean:388.5 - prompt_length/max:836.0 - prompt_length/min:194.0 - prompt_length/clip_ratio:0.125 - timing_s/gen:132.66524939599913 - timing_s/old_log_prob:4.649653412983753 - timing_s/adv:0.09451694297604263 - timing_s/update_actor:16.24821992299985 - timing_s/update_weights:1.910215931944549 - timing_s/step:155.59137726202607 - timing_per_token_ms/adv:0.00013422613400899597 - timing_per_token_ms/update_actor:0.023074548077004795 - timing_per_token_ms/gen:0.19529757101595932 - perf/total_num_tokens:704162 - perf/time_per_step:155.59137726202607 - perf/throughput:2262.8567610599175 - training/num_turns/mean:np.float64(2.0) - training/num_turns/max:np.int64(2) - training/num_turns/min:np.int64(2) - training/off_policy/trajectory_spans/mean:np.float64(1.0) - training/off_policy/trajectory_spans/max:np.int64(1) - training/off_policy/trajectory_spans/min:np.int64(1) - training/off_policy/trajectory_staleness/mean:np.float64(0.0) - training/off_policy/trajectory_staleness/max:np.int64(0) - training/off_policy/trajectory_staleness/min:np.int64(0) - training/off_policy/trajectory_staleness_worst/mean:np.float64(0.0) - training/off_policy/trajectory_staleness_worst/max:np.int64(0) - training/off_policy/trajectory_staleness_worst/min:np.int64(0)
[36m(TaskRunnerV1 pid=4817)[0m Training Progress:   3%|▎         | 22/640 [47:56<22:57:43, 133.76s/it]
[36m(TaskRunnerV1 pid=4817)[0m INFO:2026-08-08 01:10:51,325:pending: 0, running: 7, finished: 1, failure: 0
[36m(TransferQueueController pid=5376)[0m 2026-08-08 01:10:56,898 - INFO - transfer_queue.utils.perf_utils - TQ_CONTROLLER_450da3e2: [Performance] Total success requests: 610, Total req/min: 121.99, Total avg process time: 0.0002s; 
[36m(TransferQueueController pid=5376)[0m Time range: last 5.00 minutes; 
[36m(TransferQueueController pid=5376)[0m Per-operation statistics: NOTIFY_DATA_UPDATE: req_count=134, req/min=26.80, avg_time=0.000215s, max_time=0.000291s, min_time=0.000084s; SET_CUSTOM_META: req_count=166, req/min=33.20, avg_time=0.000022s, max_time=0.000048s, min_time=0.000010s; KV_RETRIEVE_META: req_count=176, req/min=35.20, avg_time=0.000516s, max_time=0.002166s, min_time=0.000150s; KV_LIST: req_count=128, req/min=25.60, avg_time=0.000054s, max_time=0.000086s, min_time=0.000020s; CLEAR_META: req_count=4, req/min=0.80, avg_time=0.000311s, max_time=0.000331s, min_time=0.000297s; KV_RETRIEVE_KEYS: req_count=2, req/min=0.40, avg_time=0.000053s, max_time=0.000059s, min_time=0.000048s
[36m(vLLMHttpServer pid=7994)[0m (EngineCore pid=9027) WARNING 08-08 01:11:29 [scheduler.py:1919] reset_connector called but no KV connector is configured.[32m [repeated 6x across cluster][0m
[36m(vLLMHttpServer pid=7995)[0m (Worker pid=9278) WARNING 08-08 01:09:50 [layerwise.py:225] RotaryEmbedding: Failed to load weights
[36m(vLLMHttpServer pid=7994)[0m (Worker pid=9290) WARNING 08-08 01:11:30 [layerwise.py:225] RotaryEmbedding: Failed to load weights
[36m(TaskRunnerV1 pid=4817)[0m step:23 - global_seqlen/min:305834.0 - global_seqlen/max:487537.0 - global_seqlen/minmax_diff:181703.0 - global_seqlen/balanced_min:396278.0 - global_seqlen/balanced_max:397093.0 - global_seqlen/mean:396685.5 - actor/entropy:1.0632940530776978 - training/rollout_probs_diff_valid:1.0 - training/rollout_probs_diff_max:0.9768928289413452 - training/rollout_probs_diff_mean:0.005227214191108942 - training/rollout_probs_diff_std:0.00853414461016655 - training/rollout_actor_probs_pearson_corr:0.9996240139007568 - rollout_corr/training_ppl:2.819937229156494 - rollout_corr/training_log_ppl:1.0284792184829712 - rollout_corr/kl:0.0006847061449661851 - rollout_corr/k3_kl:0.0007293058442883193 - rollout_corr/rollout_ppl:2.8179993629455566 - rollout_corr/rollout_log_ppl:1.0277900695800781 - rollout_corr/log_ppl_diff:0.0006891600787639618 - rollout_corr/log_ppl_abs_diff:0.0007075369358062744 - rollout_corr/log_ppl_diff_max:0.001687765121459961 - rollout_corr/log_ppl_diff_min:-0.00042176246643066406 - rollout_corr/ppl_ratio:1.0006895065307617 - rollout_corr/chi2_token:0.001544952392578125 - rollout_corr/chi2_seq:100.69456481933594 - actor/pg_clipfrac:0.0 - actor/ppo_kl:0.0 - actor/pg_clipfrac_lower:0.0 - actor/pg_loss:0.040091276401653886 - actor/loss:0.04009127989411354 - actor/grad_norm:0.08933185040950775 - actor/lr:1e-06 - actor/perf/max_memory_allocated_gb:38.752150535583496 - actor/perf/max_memory_reserved_gb:54.07421875 - actor/perf/cpu_memory_used_gb:43.39717483520508 - perf/mfu/actor:0.3053380996051573 - training/global_step:23 - training/epoch:0 - critic/score/mean:0.23828125 - critic/score/max:1.0 - critic/score/min:0.0 - critic/rewards/mean:0.23828125 - critic/rewards/max:1.0 - critic/rewards/min:0.0 - critic/advantages/mean:-0.040091272443532944 - critic/advantages/max:1.7948732376098633 - critic/advantages/min:-2.4748177528381348 - critic/returns/mean:-0.040091272443532944 - critic/returns/max:1.7948732376098633 - critic/returns/min:-2.4748177528381348 - response_length/mean:11930.546875 - response_length/max:16384.0 - response_length/min:2734.0 - response_length/clip_ratio:0.140625 - response_length_non_aborted/mean:11930.546875 - response_length_non_aborted/max:16384.0 - response_length_non_aborted/min:2734.0 - response_length_non_aborted/clip_ratio:0.140625 - response/aborted_ratio:0.0 - prompt_length/mean:465.875 - prompt_length/max:824.0 - prompt_length/min:260.0 - prompt_length/clip_ratio:0.125 - timing_s/gen:74.58621206996031 - timing_s/old_log_prob:5.3151031559100375 - timing_s/adv:0.09992431988939643 - timing_s/update_actor:18.647346423007548 - timing_s/update_weights:1.86315635999199 - timing_s/step:100.5305133650545 - timing_per_token_ms/adv:0.0001259490451370121 - timing_per_token_ms/update_actor:0.02350394257290416 - timing_per_token_ms/gen:0.09768282844059735 - perf/total_num_tokens:793371 - perf/time_per_step:100.5305133650545 - perf/throughput:3945.921359811659 - training/num_turns/mean:np.float64(2.0) - training/num_turns/max:np.int64(2) - training/num_turns/min:np.int64(2) - training/off_policy/trajectory_spans/mean:np.float64(1.0) - training/off_policy/trajectory_spans/max:np.int64(1) - training/off_policy/trajectory_spans/min:np.int64(1) - training/off_policy/trajectory_staleness/mean:np.float64(0.0) - training/off_policy/trajectory_staleness/max:np.int64(0) - training/off_policy/trajectory_staleness/min:np.int64(0) - training/off_policy/trajectory_staleness_worst/mean:np.float64(0.0) - training/off_policy/trajectory_staleness_worst/max:np.int64(0) - training/off_policy/trajectory_staleness_worst/min:np.int64(0)
[36m(TaskRunnerV1 pid=4817)[0m Training Progress:   4%|▎         | 23/640 [49:36<21:13:09, 123.81s/it]
[36m(SimpleStorageUnit pid=5552)[0m 2026-08-08 01:12:24,949 - INFO - transfer_queue.utils.perf_utils - TQ_STORAGE_UNIT_32f050ae: [Performance] Total success requests: 44, Total req/min: 8.79, Total avg process time: 0.0013s; 
[36m(SimpleStorageUnit pid=5552)[0m Time range: last 5.01 minutes; 
[36m(SimpleStorageUnit pid=5552)[0m Per-operation statistics: PUT_DATA: req_count=26, req/min=5.19, avg_time=0.001183s, max_time=0.001645s, min_time=0.000972s; CLEAR_DATA: req_count=4, req/min=0.80, avg_time=0.001320s, max_time=0.001438s, min_time=0.001162s; GET_DATA: req_count=14, req/min=2.80, avg_time=0.001558s, max_time=0.001916s, min_time=0.001131s
[36m(SimpleStorageUnit pid=5545)[0m Per-operation statistics: CLEAR_DATA: req_count=5, req/min=0.96, avg_time=0.001595s, max_time=0.002108s, min_time=0.001301s; PUT_DATA: req_count=28, req/min=5.40, avg_time=0.001102s, max_time=0.001404s, min_time=0.000979s; GET_DATA: req_count=14, req/min=2.70, avg_time=0.001310s, max_time=0.001748s, min_time=0.000984s
[36m(SimpleStorageUnit pid=5548)[0m 2026-08-08 01:12:30,902 - INFO - transfer_queue.utils.perf_utils - TQ_STORAGE_UNIT_30983958: [Performance] Total success requests: 45, Total req/min: 8.89, Total avg process time: 0.0012s; [32m [repeated 7x across cluster][0m
[36m(SimpleStorageUnit pid=5548)[0m Time range: last 5.06 minutes; [32m [repeated 7x across cluster][0m
[36m(SimpleStorageUnit pid=5548)[0m Per-operation statistics: PUT_DATA: req_count=27, req/min=5.33, avg_time=0.001138s, max_time=0.001733s, min_time=0.000933s; CLEAR_DATA: req_count=4, req/min=0.79, avg_time=0.001281s, max_time=0.001475s, min_time=0.001139s; GET_DATA: req_count=14, req/min=2.76, avg_time=0.001377s, max_time=0.002227s, min_time=0.001005s[32m [repeated 5x across cluster][0m
[36m(TaskRunnerV1 pid=4817)[0m INFO:2026-08-08 01:12:31,922:pending: 0, running: 7, finished: 1, failure: 0
[36m(SimpleStorageUnit pid=5547)[0m Per-operation statistics: CLEAR_DATA: req_count=5, req/min=0.96, avg_time=0.001343s, max_time=0.001566s, min_time=0.001139s; PUT_DATA: req_count=28, req/min=5.39, avg_time=0.001125s, max_time=0.001678s, min_time=0.000946s; GET_DATA: req_count=14, req/min=2.70, avg_time=0.001391s, max_time=0.001980s, min_time=0.001063s
[36m(TaskRunnerV1 pid=4817)[0m INFO:2026-08-08 01:13:31,990:pending: 0, running: 1, finished: 7, failure: 0
[36m(vLLMHttpServer pid=7994)[0m (EngineCore pid=9027) WARNING 08-08 01:14:01 [scheduler.py:1919] reset_connector called but no KV connector is configured.[32m [repeated 6x across cluster][0m
[36m(vLLMHttpServer pid=7995)[0m (Worker pid=9278) WARNING 08-08 01:11:30 [layerwise.py:225] RotaryEmbedding: Failed to load weights
[36m(vLLMHttpServer pid=7994)[0m (Worker pid=9290) WARNING 08-08 01:14:02 [layerwise.py:225] RotaryEmbedding: Failed to load weights
[36m(TaskRunnerV1 pid=4817)[0m step:24 - global_seqlen/min:316020.0 - global_seqlen/max:512795.0 - global_seqlen/minmax_diff:196775.0 - global_seqlen/balanced_min:414106.0 - global_seqlen/balanced_max:414709.0 - global_seqlen/mean:414407.5 - actor/entropy:1.1589375734329224 - training/rollout_probs_diff_valid:1.0 - training/rollout_probs_diff_max:0.7668850421905518 - training/rollout_probs_diff_mean:0.005509847309440374 - training/rollout_probs_diff_std:0.008579513989388943 - training/rollout_actor_probs_pearson_corr:0.999602198600769 - rollout_corr/training_ppl:3.1301565170288086 - rollout_corr/training_log_ppl:1.1347668170928955 - rollout_corr/kl:0.0007678156835027039 - rollout_corr/k3_kl:0.0007627630257047713 - rollout_corr/rollout_ppl:3.127772569656372 - rollout_corr/rollout_log_ppl:1.1340056657791138 - rollout_corr/log_ppl_diff:0.0007612267509102821 - rollout_corr/log_ppl_abs_diff:0.0007711304351687431 - rollout_corr/log_ppl_diff_max:0.001726984977722168 - rollout_corr/log_ppl_diff_min:-0.00031691789627075195 - rollout_corr/ppl_ratio:1.0007615089416504 - rollout_corr/chi2_token:0.0015131235122680664 - rollout_corr/chi2_seq:-0.6104481220245361 - actor/pg_clipfrac:0.0 - actor/ppo_kl:0.0 - actor/pg_clipfrac_lower:0.0 - actor/pg_loss:0.043621202814392745 - actor/loss:0.04362120479345322 - actor/grad_norm:0.08334600180387497 - actor/lr:1e-06 - actor/perf/max_memory_allocated_gb:38.752150535583496 - actor/perf/max_memory_reserved_gb:54.07421875 - actor/perf/cpu_memory_used_gb:43.5991096496582 - perf/mfu/actor:0.3073974369489104 - training/global_step:24 - training/epoch:0 - critic/score/mean:0.12890625 - critic/score/max:1.0 - critic/score/min:0.0 - critic/rewards/mean:0.12890625 - critic/rewards/max:1.0 - critic/rewards/min:0.0 - critic/advantages/mean:-0.04362119734287262 - critic/advantages/max:2.4748666286468506 - critic/advantages/min:-1.1144633293151855 - critic/returns/mean:-0.04362119734287262 - critic/returns/max:2.4748666286468506 - critic/returns/min:-1.1144633293151855 - response_length/mean:12396.734375 - response_length/max:16384.0 - response_length/min:3529.0 - response_length/clip_ratio:0.171875 - response_length_non_aborted/mean:12396.734375 - response_length_non_aborted/max:16384.0 - response_length_non_aborted/min:3529.0 - response_length_non_aborted/clip_ratio:0.171875 - response/aborted_ratio:0.0 - prompt_length/mean:553.5 - prompt_length/max:853.0 - prompt_length/min:297.0 - prompt_length/clip_ratio:0.125 - timing_s/gen:124.65261820598971 - timing_s/old_log_prob:5.554982469999231 - timing_s/adv:0.09936848795041442 - timing_s/update_actor:19.553854426019825 - timing_s/update_weights:1.861857216921635 - timing_s/step:151.74030786403455 - timing_per_token_ms/adv:0.00011989224127267776 - timing_per_token_ms/update_actor:0.023592544085254036 - timing_per_token_ms/gen:0.15711372854744976 - perf/total_num_tokens:828815 - perf/time_per_step:151.74030786403455 - perf/throughput:2731.031100657354 - training/num_turns/mean:np.float64(2.0) - training/num_turns/max:np.int64(2) - training/num_turns/min:np.int64(2) - training/off_policy/trajectory_spans/mean:np.float64(1.0) - training/off_policy/trajectory_spans/max:np.int64(1) - training/off_policy/trajectory_spans/min:np.int64(1) - training/off_policy/trajectory_staleness/mean:np.float64(0.0) - training/off_policy/trajectory_staleness/max:np.int64(0) - training/off_policy/trajectory_staleness/min:np.int64(0) - training/off_policy/trajectory_staleness_worst/mean:np.float64(0.0) - training/off_policy/trajectory_staleness_worst/max:np.int64(0) - training/off_policy/trajectory_staleness_worst/min:np.int64(0)
[36m(TaskRunnerV1 pid=4817)[0m Training Progress:   4%|▍         | 24/640 [52:08<22:37:20, 132.21s/it]
[36m(TaskRunnerV1 pid=4817)[0m INFO:2026-08-08 01:15:03,727:pending: 0, running: 7, finished: 1, failure: 0
[36m(vLLMHttpServer pid=7994)[0m (EngineCore pid=9027) WARNING 08-08 01:15:36 [scheduler.py:1919] reset_connector called but no KV connector is configured.[32m [repeated 6x across cluster][0m
[36m(vLLMHttpServer pid=7995)[0m (Worker pid=9278) WARNING 08-08 01:14:02 [layerwise.py:225] RotaryEmbedding: Failed to load weights
[36m(vLLMHttpServer pid=7994)[0m (Worker pid=9290) WARNING 08-08 01:15:37 [layerwise.py:225] RotaryEmbedding: Failed to load weights
[36m(TaskRunnerV1 pid=4817)[0m step:25 - global_seqlen/min:238928.0 - global_seqlen/max:487224.0 - global_seqlen/minmax_diff:248296.0 - global_seqlen/balanced_min:363035.0 - global_seqlen/balanced_max:363117.0 - global_seqlen/mean:363076.0 - actor/entropy:1.0661989450454712 - training/rollout_probs_diff_valid:1.0 - training/rollout_probs_diff_max:0.5857571959495544 - training/rollout_probs_diff_mean:0.005261354614049196 - training/rollout_probs_diff_std:0.008457476273179054 - training/rollout_actor_probs_pearson_corr:0.9996277093887329 - rollout_corr/training_ppl:2.743164539337158 - rollout_corr/training_log_ppl:0.9878236055374146 - rollout_corr/kl:0.0007388598169200122 - rollout_corr/k3_kl:0.0007250402122735977 - rollout_corr/rollout_ppl:2.741060495376587 - rollout_corr/rollout_log_ppl:0.9870426654815674 - rollout_corr/log_ppl_diff:0.0007809512317180634 - rollout_corr/log_ppl_abs_diff:0.0008060969412326813 - rollout_corr/log_ppl_diff_max:0.0028467774391174316 - rollout_corr/log_ppl_diff_min:-0.0007371306419372559 - rollout_corr/ppl_ratio:1.000781536102295 - rollout_corr/chi2_token:0.0014140605926513672 - rollout_corr/chi2_seq:13.361226081848145 - actor/pg_clipfrac:0.0 - actor/ppo_kl:0.0 - actor/pg_clipfrac_lower:0.0 - actor/pg_loss:-0.01279709252412431 - actor/loss:-0.012797083705663681 - actor/grad_norm:0.1111658588051796 - actor/lr:1e-06 - actor/perf/max_memory_allocated_gb:38.752150535583496 - actor/perf/max_memory_reserved_gb:54.07421875 - actor/perf/cpu_memory_used_gb:43.682743072509766 - perf/mfu/actor:0.30258165888175576 - training/global_step:25 - training/epoch:0 - critic/score/mean:0.283203125 - critic/score/max:1.0 - critic/score/min:0.0 - critic/rewards/mean:0.283203125 - critic/rewards/max:1.0 - critic/rewards/min:0.0 - critic/advantages/mean:0.01279709953814745 - critic/advantages/max:2.1840620040893555 - critic/advantages/min:-1.5512056350708008 - critic/returns/mean:0.01279709953814745 - critic/returns/max:2.1840620040893555 - critic/returns/min:-1.5512056350708008 - response_length/mean:10893.0 - response_length/max:16384.0 - response_length/min:1483.0 - response_length/clip_ratio:0.09375 - response_length_non_aborted/mean:10893.0 - response_length_non_aborted/max:16384.0 - response_length_non_aborted/min:1483.0 - response_length_non_aborted/clip_ratio:0.09375 - response/aborted_ratio:0.0 - prompt_length/mean:453.125 - prompt_length/max:631.0 - prompt_length/min:260.0 - prompt_length/clip_ratio:0.125 - timing_s/gen:70.59643840207718 - timing_s/old_log_prob:4.842074376996607 - timing_s/adv:0.09170769597403705 - timing_s/update_actor:17.20491495297756 - timing_s/update_weights:1.8527077659964561 - timing_s/step:94.61046218289994 - timing_per_token_ms/adv:0.00012629269901348071 - timing_per_token_ms/update_actor:0.023693269388471782 - timing_per_token_ms/gen:0.10126405490062021 - perf/total_num_tokens:726152 - perf/time_per_step:94.61046218289994 - perf/throughput:3837.5882711375552 - training/num_turns/mean:np.float64(2.0) - training/num_turns/max:np.int64(2) - training/num_turns/min:np.int64(2) - training/off_policy/trajectory_spans/mean:np.float64(1.0) - training/off_policy/trajectory_spans/max:np.int64(1) - training/off_policy/trajectory_spans/min:np.int64(1) - training/off_policy/trajectory_staleness/mean:np.float64(0.0) - training/off_policy/trajectory_staleness/max:np.int64(0) - training/off_policy/trajectory_staleness/min:np.int64(0) - training/off_policy/trajectory_staleness_worst/mean:np.float64(0.0) - training/off_policy/trajectory_staleness_worst/max:np.int64(0) - training/off_policy/trajectory_staleness_worst/min:np.int64(0)
[36m(TaskRunnerV1 pid=4817)[0m Training Progress:   4%|▍         | 25/640 [53:43<20:39:42, 120.95s/it]
[36m(TransferQueueController pid=5376)[0m 2026-08-08 01:15:58,362 - INFO - transfer_queue.utils.perf_utils - TQ_CONTROLLER_450da3e2: [Performance] Total success requests: 690, Total req/min: 137.33, Total avg process time: 0.0002s; 
[36m(TransferQueueController pid=5376)[0m Time range: last 5.02 minutes; 
[36m(TransferQueueController pid=5376)[0m Per-operation statistics: NOTIFY_DATA_UPDATE: req_count=152, req/min=30.25, avg_time=0.000209s, max_time=0.000280s, min_time=0.000081s; SET_CUSTOM_META: req_count=200, req/min=39.81, avg_time=0.000020s, max_time=0.000044s, min_time=0.000009s; KV_LIST: req_count=115, req/min=22.89, avg_time=0.000049s, max_time=0.000082s, min_time=0.000024s; KV_RETRIEVE_META: req_count=214, req/min=42.59, avg_time=0.000519s, max_time=0.002611s, min_time=0.000142s; CLEAR_META: req_count=6, req/min=1.19, avg_time=0.000318s, max_time=0.000360s, min_time=0.000271s; KV_RETRIEVE_KEYS: req_count=3, req/min=0.60, avg_time=0.000042s, max_time=0.000049s, min_time=0.000031s
[36m(TaskRunnerV1 pid=4817)[0m INFO:2026-08-08 01:16:38,399:pending: 0, running: 8, finished: 0, failure: 0
[36m(SimpleStorageUnit pid=5550)[0m 2026-08-08 01:17:28,463 - INFO - transfer_queue.utils.perf_utils - TQ_STORAGE_UNIT_c7198b3e: [Performance] Total success requests: 47, Total req/min: 9.39, Total avg process time: 0.0013s; 
[36m(SimpleStorageUnit pid=5550)[0m Time range: last 5.01 minutes; 
[36m(SimpleStorageUnit pid=5550)[0m Per-operation statistics: PUT_DATA: req_count=28, req/min=5.59, avg_time=0.001290s, max_time=0.001778s, min_time=0.000965s; CLEAR_DATA: req_count=5, req/min=1.00, avg_time=0.001351s, max_time=0.001611s, min_time=0.001085s; GET_DATA: req_count=14, req/min=2.80, avg_time=0.001381s, max_time=0.001946s, min_time=0.001098s
[36m(SimpleStorageUnit pid=5548)[0m 2026-08-08 01:17:34,442 - INFO - transfer_queue.utils.perf_utils - TQ_STORAGE_UNIT_30983958: [Performance] Total success requests: 49, Total req/min: 9.69, Total avg process time: 0.0012s; [32m [repeated 6x across cluster][0m
[36m(SimpleStorageUnit pid=5548)[0m Time range: last 5.06 minutes; [32m [repeated 6x across cluster][0m
[36m(SimpleStorageUnit pid=5548)[0m Per-operation statistics: PUT_DATA: req_count=28, req/min=5.53, avg_time=0.001150s, max_time=0.001622s, min_time=0.000971s; CLEAR_DATA: req_count=5, req/min=0.99, avg_time=0.001498s, max_time=0.002170s, min_time=0.001031s; GET_DATA: req_count=16, req/min=3.16, avg_time=0.001279s, max_time=0.001747s, min_time=0.001068s[32m [repeated 6x across cluster][0m
[36m(vLLMHttpServer pid=7994)[0m (EngineCore pid=9027) WARNING 08-08 01:17:54 [scheduler.py:1919] reset_connector called but no KV connector is configured.[32m [repeated 6x across cluster][0m
[36m(vLLMHttpServer pid=7995)[0m (Worker pid=9278) WARNING 08-08 01:15:37 [layerwise.py:225] RotaryEmbedding: Failed to load weights
[36m(vLLMHttpServer pid=7994)[0m (Worker pid=9290) WARNING 08-08 01:17:55 [layerwise.py:225] RotaryEmbedding: Failed to load weights
[36m(TaskRunnerV1 pid=4817)[0m step:26 - global_seqlen/min:365306.0 - global_seqlen/max:476625.0 - global_seqlen/minmax_diff:111319.0 - global_seqlen/balanced_min:420775.0 - global_seqlen/balanced_max:421156.0 - global_seqlen/mean:420965.5 - actor/entropy:1.136183261871338 - training/rollout_probs_diff_valid:1.0 - training/rollout_probs_diff_max:0.8898893594741821 - training/rollout_probs_diff_mean:0.005451222416013479 - training/rollout_probs_diff_std:0.008518886752426624 - training/rollout_actor_probs_pearson_corr:0.9996101260185242 - rollout_corr/training_ppl:3.128925085067749 - rollout_corr/training_log_ppl:1.137131929397583 - rollout_corr/kl:0.0006872444064356387 - rollout_corr/k3_kl:0.0007701515569351614 - rollout_corr/rollout_ppl:3.126760482788086 - rollout_corr/rollout_log_ppl:1.1364425420761108 - rollout_corr/log_ppl_diff:0.0006893696263432503 - rollout_corr/log_ppl_abs_diff:0.0007075304165482521 - rollout_corr/log_ppl_diff_max:0.0013877153396606445 - rollout_corr/log_ppl_diff_min:-0.0004897117614746094 - rollout_corr/ppl_ratio:1.0006896257400513 - rollout_corr/chi2_token:0.0016930103302001953 - rollout_corr/chi2_seq:22387.287109375 - actor/pg_clipfrac:0.0 - actor/ppo_kl:0.0 - actor/pg_clipfrac_lower:0.0 - actor/pg_loss:0.018100429556994868 - actor/loss:0.018100429326295853 - actor/grad_norm:0.10198698192834854 - actor/lr:1e-06 - actor/perf/max_memory_allocated_gb:38.752150535583496 - actor/perf/max_memory_reserved_gb:54.07421875 - actor/perf/cpu_memory_used_gb:43.75440216064453 - perf/mfu/actor:0.3052441356011797 - training/global_step:26 - training/epoch:0 - critic/score/mean:0.1875 - critic/score/max:1.0 - critic/score/min:0.0 - critic/rewards/mean:0.1875 - critic/rewards/max:1.0 - critic/rewards/min:0.0 - critic/advantages/mean:-0.018100425601005554 - critic/advantages/max:2.3385183811187744 - critic/advantages/min:-1.157272219657898 - critic/returns/mean:-0.018100425601005554 - critic/returns/max:2.3385183811187744 - critic/returns/min:-1.157272219657898 - response_length/mean:12637.921875 - response_length/max:16384.0 - response_length/min:6866.0 - response_length/clip_ratio:0.0625 - response_length_non_aborted/mean:12637.921875 - response_length_non_aborted/max:16384.0 - response_length_non_aborted/min:6866.0 - response_length_non_aborted/clip_ratio:0.0625 - response/aborted_ratio:0.0 - prompt_length/mean:517.25 - prompt_length/max:872.0 - prompt_length/min:262.0 - prompt_length/clip_ratio:0.125 - timing_s/gen:110.63799992192071 - timing_s/old_log_prob:5.545923523022793 - timing_s/adv:0.0926072420552373 - timing_s/update_actor:19.817397587001324 - timing_s/update_weights:1.84572721098084 - timing_s/step:137.95883710996713 - timing_per_token_ms/adv:0.00010999386179536957 - timing_per_token_ms/update_actor:0.023538030535758064 - timing_per_token_ms/gen:0.1367882129576791 - perf/total_num_tokens:841931 - perf/time_per_step:137.95883710996713 - perf/throughput:3051.384810270965 - training/num_turns/mean:np.float64(2.0) - training/num_turns/max:np.int64(2) - training/num_turns/min:np.int64(2) - training/off_policy/trajectory_spans/mean:np.float64(1.0) - training/off_policy/trajectory_spans/max:np.int64(1) - training/off_policy/trajectory_spans/min:np.int64(1) - training/off_policy/trajectory_staleness/mean:np.float64(0.0) - training/off_policy/trajectory_staleness/max:np.int64(0) - training/off_policy/trajectory_staleness/min:np.int64(0) - training/off_policy/trajectory_staleness_worst/mean:np.float64(0.0) - training/off_policy/trajectory_staleness_worst/max:np.int64(0) - training/off_policy/trajectory_staleness_worst/min:np.int64(0)
[36m(TaskRunnerV1 pid=4817)[0m Training Progress:   4%|▍         | 26/640 [56:01<21:30:07, 126.07s/it]
[36m(SimpleStorageUnit pid=5549)[0m 2026-08-08 01:17:34,444 - INFO - transfer_queue.utils.perf_utils - TQ_STORAGE_UNIT_1d3193ae: [Performance] Total success requests: 50, Total req/min: 9.85, Total avg process time: 0.0012s; 
[36m(SimpleStorageUnit pid=5549)[0m Time range: last 5.08 minutes; 
[36m(SimpleStorageUnit pid=5549)[0m Per-operation statistics: PUT_DATA: req_count=29, req/min=5.71, avg_time=0.001099s, max_time=0.001407s, min_time=0.000971s; CLEAR_DATA: req_count=5, req/min=0.98, avg_time=0.001282s, max_time=0.001503s, min_time=0.001121s; GET_DATA: req_count=16, req/min=3.15, avg_time=0.001412s, max_time=0.002084s, min_time=0.001167s
[36m(TaskRunnerV1 pid=4817)[0m INFO:2026-08-08 01:18:56,425:pending: 0, running: 6, finished: 2, failure: 0
[36m(vLLMHttpServer pid=7994)[0m (EngineCore pid=9027) WARNING 08-08 01:19:35 [scheduler.py:1919] reset_connector called but no KV connector is configured.[32m [repeated 6x across cluster][0m
[36m(vLLMHttpServer pid=7995)[0m (Worker pid=9278) WARNING 08-08 01:17:55 [layerwise.py:225] RotaryEmbedding: Failed to load weights
[36m(vLLMHttpServer pid=7994)[0m (Worker pid=9290) WARNING 08-08 01:19:36 [layerwise.py:225] RotaryEmbedding: Failed to load weights
[36m(TaskRunnerV1 pid=4817)[0m step:27 - global_seqlen/min:293840.0 - global_seqlen/max:521536.0 - global_seqlen/minmax_diff:227696.0 - global_seqlen/balanced_min:407587.0 - global_seqlen/balanced_max:407789.0 - global_seqlen/mean:407688.0 - actor/entropy:1.1313910484313965 - training/rollout_probs_diff_valid:1.0 - training/rollout_probs_diff_max:0.9869625568389893 - training/rollout_probs_diff_mean:0.005334600806236267 - training/rollout_probs_diff_std:0.008826667442917824 - training/rollout_actor_probs_pearson_corr:0.9996052384376526 - rollout_corr/training_ppl:3.0578432083129883 - rollout_corr/training_log_ppl:1.103736162185669 - rollout_corr/kl:0.0008220906020142138 - rollout_corr/k3_kl:0.0007928464328870177 - rollout_corr/rollout_ppl:3.055314540863037 - rollout_corr/rollout_log_ppl:1.102916955947876 - rollout_corr/log_ppl_diff:0.0008193673565983772 - rollout_corr/log_ppl_abs_diff:0.0008553685620427132 - rollout_corr/log_ppl_diff_max:0.0029714107513427734 - rollout_corr/log_ppl_diff_min:-0.0005021095275878906 - rollout_corr/ppl_ratio:1.0008198022842407 - rollout_corr/chi2_token:0.0014995336532592773 - rollout_corr/chi2_seq:61.23773193359375 - actor/pg_clipfrac:0.0 - actor/ppo_kl:0.0 - actor/pg_clipfrac_lower:0.0 - actor/pg_loss:0.01730022847186774 - actor/loss:0.017300225794315338 - actor/grad_norm:0.06814111769199371 - actor/lr:1e-06 - actor/perf/max_memory_allocated_gb:38.752150535583496 - actor/perf/max_memory_reserved_gb:54.07421875 - actor/perf/cpu_memory_used_gb:43.67386245727539 - perf/mfu/actor:0.3071648891250931 - training/global_step:27 - training/epoch:0 - critic/score/mean:0.017578125 - critic/score/max:0.75 - critic/score/min:0.0 - critic/rewards/mean:0.017578125 - critic/rewards/max:0.75 - critic/rewards/min:0.0 - critic/advantages/mean:-0.017300210893154144 - critic/advantages/max:2.4748644828796387 - critic/advantages/min:-0.35355204343795776 - critic/returns/mean:-0.017300210893154144 - critic/returns/max:2.4748644828796387 - critic/returns/min:-0.35355204343795776 - response_length/mean:12265.25 - response_length/max:16384.0 - response_length/min:3560.0 - response_length/clip_ratio:0.234375 - response_length_non_aborted/mean:12265.25 - response_length_non_aborted/max:16384.0 - response_length_non_aborted/min:3560.0 - response_length_non_aborted/clip_ratio:0.234375 - response/aborted_ratio:0.0 - prompt_length/mean:475.0 - prompt_length/max:750.0 - prompt_length/min:255.0 - prompt_length/clip_ratio:0.125 - timing_s/gen:74.59046946302988 - timing_s/old_log_prob:5.4817543239332736 - timing_s/adv:0.09367207495961338 - timing_s/update_actor:19.277607811032794 - timing_s/update_weights:1.888761545997113 - timing_s/step:101.35045452206396 - timing_per_token_ms/adv:0.00011488206049676884 - timing_per_token_ms/update_actor:0.02364259901080335 - timing_per_token_ms/gen:0.09502261147223594 - perf/total_num_tokens:815376 - perf/time_per_step:101.35045452206396 - perf/throughput:4022.5571944647418 - training/num_turns/mean:np.float64(2.0) - training/num_turns/max:np.int64(2) - training/num_turns/min:np.int64(2) - training/off_policy/trajectory_spans/mean:np.float64(1.0) - training/off_policy/trajectory_spans/max:np.int64(1) - training/off_policy/trajectory_spans/min:np.int64(1) - training/off_policy/trajectory_staleness/mean:np.float64(0.0) - training/off_policy/trajectory_staleness/max:np.int64(0) - training/off_policy/trajectory_staleness/min:np.int64(0) - training/off_policy/trajectory_staleness_worst/mean:np.float64(0.0) - training/off_policy/trajectory_staleness_worst/max:np.int64(0) - training/off_policy/trajectory_staleness_worst/min:np.int64(0)
[36m(TaskRunnerV1 pid=4817)[0m Training Progress:   4%|▍         | 27/640 [57:42<20:12:26, 118.67s/it]
[36m(TaskRunnerV1 pid=4817)[0m INFO:2026-08-08 01:20:37,841:pending: 0, running: 6, finished: 2, failure: 0
[36m(TransferQueueController pid=5376)[0m 2026-08-08 01:20:58,922 - INFO - transfer_queue.utils.perf_utils - TQ_CONTROLLER_450da3e2: [Performance] Total success requests: 810, Total req/min: 161.70, Total avg process time: 0.0002s; 
[36m(TransferQueueController pid=5376)[0m Time range: last 5.01 minutes; 
[36m(TransferQueueController pid=5376)[0m Per-operation statistics: KV_LIST: req_count=124, req/min=24.75, avg_time=0.000051s, max_time=0.000082s, min_time=0.000027s; KV_RETRIEVE_META: req_count=247, req/min=49.31, avg_time=0.000469s, max_time=0.002179s, min_time=0.000153s; NOTIFY_DATA_UPDATE: req_count=197, req/min=39.33, avg_time=0.000214s, max_time=0.000311s, min_time=0.000110s; SET_CUSTOM_META: req_count=236, req/min=47.11, avg_time=0.000021s, max_time=0.000062s, min_time=0.000010s; CLEAR_META: req_count=4, req/min=0.80, avg_time=0.000294s, max_time=0.000361s, min_time=0.000232s; KV_RETRIEVE_KEYS: req_count=2, req/min=0.40, avg_time=0.000044s, max_time=0.000050s, min_time=0.000039s
[36m(TaskRunnerV1 pid=4817)[0m INFO:2026-08-08 01:21:37,910:pending: 0, running: 1, finished: 7, failure: 0
[36m(vLLMHttpServer pid=7994)[0m (EngineCore pid=9027) WARNING 08-08 01:22:19 [scheduler.py:1919] reset_connector called but no KV connector is configured.[32m [repeated 6x across cluster][0m
[36m(vLLMHttpServer pid=7995)[0m (Worker pid=9278) WARNING 08-08 01:19:36 [layerwise.py:225] RotaryEmbedding: Failed to load weights
[36m(vLLMHttpServer pid=7994)[0m (Worker pid=9290) WARNING 08-08 01:22:20 [layerwise.py:225] RotaryEmbedding: Failed to load weights
[36m(TaskRunnerV1 pid=4817)[0m step:28 - global_seqlen/min:256306.0 - global_seqlen/max:495296.0 - global_seqlen/minmax_diff:238990.0 - global_seqlen/balanced_min:375690.0 - global_seqlen/balanced_max:375912.0 - global_seqlen/mean:375801.0 - actor/entropy:1.1139014959335327 - training/rollout_probs_diff_valid:1.0 - training/rollout_probs_diff_max:0.531278669834137 - training/rollout_probs_diff_mean:0.005403307732194662 - training/rollout_probs_diff_std:0.00848336797207594 - training/rollout_actor_probs_pearson_corr:0.9996143579483032 - rollout_corr/training_ppl:2.85075044631958 - rollout_corr/training_log_ppl:1.0238596200942993 - rollout_corr/kl:0.0007255880045704544 - rollout_corr/k3_kl:0.0007556008058600128 - rollout_corr/rollout_ppl:2.8486995697021484 - rollout_corr/rollout_log_ppl:1.023146629333496 - rollout_corr/log_ppl_diff:0.0007130117155611515 - rollout_corr/log_ppl_abs_diff:0.0007646162994205952 - rollout_corr/log_ppl_diff_max:0.0018679499626159668 - rollout_corr/log_ppl_diff_min:-0.0005074143409729004 - rollout_corr/ppl_ratio:1.0007133483886719 - rollout_corr/chi2_token:0.0016342401504516602 - rollout_corr/chi2_seq:16.83481788635254 - actor/pg_clipfrac:0.0 - actor/ppo_kl:0.0 - actor/pg_clipfrac_lower:0.0 - actor/pg_loss:0.07067829254083335 - actor/loss:0.07067828625440598 - actor/grad_norm:0.10346831381320953 - actor/lr:1e-06 - actor/perf/max_memory_allocated_gb:38.752150535583496 - actor/perf/max_memory_reserved_gb:54.07421875 - actor/perf/cpu_memory_used_gb:43.927581787109375 - perf/mfu/actor:0.3032179518217241 - training/global_step:28 - training/epoch:0 - critic/score/mean:0.16015625 - critic/score/max:1.0 - critic/score/min:0.0 - critic/rewards/mean:0.16015625 - critic/rewards/max:1.0 - critic/rewards/min:0.0 - critic/advantages/mean:-0.07067830115556717 - critic/advantages/max:2.4748666286468506 - critic/advantages/min:-1.2302463054656982 - critic/returns/mean:-0.07067830115556717 - critic/returns/max:2.4748666286468506 - critic/returns/min:-1.2302463054656982 - response_length/mean:11274.03125 - response_length/max:16384.0 - response_length/min:1373.0 - response_length/clip_ratio:0.078125 - response_length_non_aborted/mean:11274.03125 - response_length_non_aborted/max:16384.0 - response_length_non_aborted/min:1373.0 - response_length_non_aborted/clip_ratio:0.078125 - response/aborted_ratio:0.0 - prompt_length/mean:469.75 - prompt_length/max:782.0 - prompt_length/min:257.0 - prompt_length/clip_ratio:0.125 - timing_s/gen:138.66377981600817 - timing_s/old_log_prob:5.018486910965294 - timing_s/adv:0.09490792907308787 - timing_s/update_actor:17.884727486991324 - timing_s/update_weights:1.9078587760450318 - timing_s/step:163.5925005619647 - timing_per_token_ms/adv:0.00012627418377424206 - timing_per_token_ms/update_actor:0.023795476178870366 - timing_per_token_ms/gen:0.19217806936849918 - perf/total_num_tokens:751602 - perf/time_per_step:163.5925005619647 - perf/throughput:2297.177429949829 - training/num_turns/mean:np.float64(2.0) - training/num_turns/max:np.int64(2) - training/num_turns/min:np.int64(2) - training/off_policy/trajectory_spans/mean:np.float64(1.0) - training/off_policy/trajectory_spans/max:np.int64(1) - training/off_policy/trajectory_spans/min:np.int64(1) - training/off_policy/trajectory_staleness/mean:np.float64(0.0) - training/off_policy/trajectory_staleness/max:np.int64(0) - training/off_policy/trajectory_staleness/min:np.int64(0) - training/off_policy/trajectory_staleness_worst/mean:np.float64(0.0) - training/off_policy/trajectory_staleness_worst/max:np.int64(0) - training/off_policy/trajectory_staleness_worst/min:np.int64(0)
[36m(TaskRunnerV1 pid=4817)[0m Training Progress:   4%|▍         | 28/640 [1:00:26<22:28:06, 132.17s/it]
[36m(SimpleStorageUnit pid=5545)[0m 2026-08-08 01:22:34,258 - INFO - transfer_queue.utils.perf_utils - TQ_STORAGE_UNIT_402cee8a: [Performance] Total success requests: 55, Total req/min: 10.79, Total avg process time: 0.0013s; 
[36m(SimpleStorageUnit pid=5545)[0m Time range: last 5.10 minutes; 
[36m(SimpleStorageUnit pid=5545)[0m Per-operation statistics: GET_DATA: req_count=21, req/min=4.12, avg_time=0.001356s, max_time=0.002262s, min_time=0.000964s; PUT_DATA: req_count=29, req/min=5.69, avg_time=0.001250s, max_time=0.001761s, min_time=0.000904s; CLEAR_DATA: req_count=5, req/min=0.98, avg_time=0.001320s, max_time=0.001443s, min_time=0.001082s
[36m(SimpleStorageUnit pid=5551)[0m 2026-08-08 01:22:40,475 - INFO - transfer_queue.utils.perf_utils - TQ_STORAGE_UNIT_f6772729: [Performance] Total success requests: 54, Total req/min: 10.40, Total avg process time: 0.0013s; [32m [repeated 3x across cluster][0m
[36m(SimpleStorageUnit pid=5551)[0m Time range: last 5.19 minutes; [32m [repeated 3x across cluster][0m
[36m(SimpleStorageUnit pid=5551)[0m Per-operation statistics: GET_DATA: req_count=20, req/min=3.85, avg_time=0.001474s, max_time=0.002304s, min_time=0.001068s; PUT_DATA: req_count=29, req/min=5.59, avg_time=0.001195s, max_time=0.001681s, min_time=0.000941s; CLEAR_DATA: req_count=5, req/min=0.96, avg_time=0.001360s, max_time=0.001504s, min_time=0.001119s[32m [repeated 3x across cluster][0m
[36m(SimpleStorageUnit pid=5549)[0m Per-operation statistics: PUT_DATA: req_count=28, req/min=5.47, avg_time=0.001170s, max_time=0.001729s, min_time=0.000902s; GET_DATA: req_count=19, req/min=3.71, avg_time=0.001417s, max_time=0.002120s, min_time=0.001021s; CLEAR_DATA: req_count=5, req/min=0.98, avg_time=0.001561s, max_time=0.002006s, min_time=0.001162s
[36m(TaskRunnerV1 pid=4817)[0m INFO:2026-08-08 01:23:21,493:pending: 0, running: 7, finished: 1, failure: 0
[36m(SimpleStorageUnit pid=5548)[0m 2026-08-08 01:22:42,540 - INFO - transfer_queue.utils.perf_utils - TQ_STORAGE_UNIT_30983958: [Performance] Total success requests: 53, Total req/min: 10.32, Total avg process time: 0.0012s; [32m [repeated 4x across cluster][0m
[36m(SimpleStorageUnit pid=5548)[0m Time range: last 5.13 minutes; [32m [repeated 4x across cluster][0m
[36m(SimpleStorageUnit pid=5552)[0m Per-operation statistics: GET_DATA: req_count=21, req/min=4.03, avg_time=0.001450s, max_time=0.001995s, min_time=0.001096s; PUT_DATA: req_count=29, req/min=5.56, avg_time=0.001222s, max_time=0.001765s, min_time=0.000948s; CLEAR_DATA: req_count=5, req/min=0.96, avg_time=0.001312s, max_time=0.001416s, min_time=0.001069s[32m [repeated 2x across cluster][0m
[36m(SimpleStorageUnit pid=5548)[0m Per-operation statistics: PUT_DATA: req_count=29, req/min=5.65, avg_time=0.001101s, max_time=0.001719s, min_time=0.000885s; GET_DATA: req_count=19, req/min=3.70, avg_time=0.001340s, max_time=0.002237s, min_time=0.001000s; CLEAR_DATA: req_count=5, req/min=0.97, avg_time=0.001451s, max_time=0.002119s, min_time=0.001099s
[36m(TaskRunnerV1 pid=4817)[0m INFO:2026-08-08 01:24:21,562:pending: 0, running: 2, finished: 6, failure: 0
[36m(vLLMHttpServer pid=7994)[0m (EngineCore pid=9027) WARNING 08-08 01:25:16 [scheduler.py:1919] reset_connector called but no KV connector is configured.[32m [repeated 6x across cluster][0m
[36m(vLLMHttpServer pid=7995)[0m (Worker pid=9278) WARNING 08-08 01:22:20 [layerwise.py:225] RotaryEmbedding: Failed to load weights
[36m(vLLMHttpServer pid=7994)[0m (Worker pid=9290) WARNING 08-08 01:25:17 [layerwise.py:225] RotaryEmbedding: Failed to load weights
[36m(TaskRunnerV1 pid=4817)[0m step:29 - global_seqlen/min:286712.0 - global_seqlen/max:476826.0 - global_seqlen/minmax_diff:190114.0 - global_seqlen/balanced_min:381562.0 - global_seqlen/balanced_max:381976.0 - global_seqlen/mean:381769.0 - actor/entropy:1.0333822965621948 - training/rollout_probs_diff_valid:1.0 - training/rollout_probs_diff_max:0.9486939907073975 - training/rollout_probs_diff_mean:0.005188244394958019 - training/rollout_probs_diff_std:0.0089063486084342 - training/rollout_actor_probs_pearson_corr:0.9995934963226318 - rollout_corr/training_ppl:2.7713048458099365 - rollout_corr/training_log_ppl:1.0133507251739502 - rollout_corr/kl:0.0006752591580152512 - rollout_corr/k3_kl:0.0007430021069012582 - rollout_corr/rollout_ppl:2.769442081451416 - rollout_corr/rollout_log_ppl:1.012686848640442 - rollout_corr/log_ppl_diff:0.0006637685000896454 - rollout_corr/log_ppl_abs_diff:0.0006968416273593903 - rollout_corr/log_ppl_diff_max:0.001855611801147461 - rollout_corr/log_ppl_diff_min:-0.0003542304039001465 - rollout_corr/ppl_ratio:1.0006641149520874 - rollout_corr/chi2_token:0.0016255378723144531 - rollout_corr/chi2_seq:0.595578670501709 - actor/pg_clipfrac:0.0 - actor/ppo_kl:0.0 - actor/pg_clipfrac_lower:0.0 - actor/pg_loss:0.07513009675312787 - actor/loss:0.07513009756803513 - actor/grad_norm:0.06851498037576675 - actor/lr:1e-06 - actor/perf/max_memory_allocated_gb:38.752150535583496 - actor/perf/max_memory_reserved_gb:54.07421875 - actor/perf/cpu_memory_used_gb:44.225746154785156 - perf/mfu/actor:0.31046538423454784 - training/global_step:29 - training/epoch:0 - critic/score/mean:0.220703125 - critic/score/max:1.0 - critic/score/min:0.0 - critic/rewards/mean:0.220703125 - critic/rewards/max:1.0 - critic/rewards/min:0.0 - critic/advantages/mean:-0.07513011991977692 - critic/advantages/max:2.4748666286468506 - critic/advantages/min:-1.9377999305725098 - critic/returns/mean:-0.07513011991977692 - critic/returns/max:2.4748666286468506 - critic/returns/min:-1.9377999305725098 - response_length/mean:11605.15625 - response_length/max:16384.0 - response_length/min:2509.0 - response_length/clip_ratio:0.09375 - response_length_non_aborted/mean:11605.15625 - response_length_non_aborted/max:16384.0 - response_length_non_aborted/min:2509.0 - response_length_non_aborted/clip_ratio:0.09375 - response/aborted_ratio:0.0 - prompt_length/mean:325.125 - prompt_length/max:662.0 - prompt_length/min:120.0 - prompt_length/clip_ratio:0.125 - timing_s/gen:152.6872157609323 - timing_s/old_log_prob:5.047985324985348 - timing_s/adv:0.09678511705715209 - timing_s/update_actor:17.54468833305873 - timing_s/update_weights:1.9287833709968254 - timing_s/step:177.3225949560292 - timing_per_token_ms/adv:0.0001267587429272048 - timing_per_token_ms/update_actor:0.022978146906976117 - timing_per_token_ms/gen:0.20557566782132444 - perf/total_num_tokens:763538 - perf/time_per_step:177.3225949560292 - perf/throughput:2152.9630789278012 - training/num_turns/mean:np.float64(2.0) - training/num_turns/max:np.int64(2) - training/num_turns/min:np.int64(2) - training/off_policy/trajectory_spans/mean:np.float64(1.0) - training/off_policy/trajectory_spans/max:np.int64(1) - training/off_policy/trajectory_spans/min:np.int64(1) - training/off_policy/trajectory_staleness/mean:np.float64(0.0) - training/off_policy/trajectory_staleness/max:np.int64(0) - training/off_policy/trajectory_staleness/min:np.int64(0) - training/off_policy/trajectory_staleness_worst/mean:np.float64(0.0) - training/off_policy/trajectory_staleness_worst/max:np.int64(0) - training/off_policy/trajectory_staleness_worst/min:np.int64(0)
[36m(TaskRunnerV1 pid=4817)[0m Training Progress:   5%|▍         | 29/640 [1:03:23<24:44:03, 145.73s/it]
[36m(TransferQueueController pid=5376)[0m 2026-08-08 01:25:58,983 - INFO - transfer_queue.utils.perf_utils - TQ_CONTROLLER_450da3e2: [Performance] Total success requests: 476, Total req/min: 95.18, Total avg process time: 0.0002s; 
[36m(TransferQueueController pid=5376)[0m Time range: last 5.00 minutes; 
[36m(TransferQueueController pid=5376)[0m Per-operation statistics: NOTIFY_DATA_UPDATE: req_count=91, req/min=18.20, avg_time=0.000211s, max_time=0.000307s, min_time=0.000083s; SET_CUSTOM_META: req_count=121, req/min=24.20, avg_time=0.000020s, max_time=0.000038s, min_time=0.000009s; KV_RETRIEVE_META: req_count=131, req/min=26.19, avg_time=0.000536s, max_time=0.002602s, min_time=0.000178s; KV_LIST: req_count=127, req/min=25.39, avg_time=0.000054s, max_time=0.000082s, min_time=0.000036s; CLEAR_META: req_count=4, req/min=0.80, avg_time=0.000331s, max_time=0.000380s, min_time=0.000269s; KV_RETRIEVE_KEYS: req_count=2, req/min=0.40, avg_time=0.000034s, max_time=0.000037s, min_time=0.000031s
[36m(TaskRunnerV1 pid=4817)[0m INFO:2026-08-08 01:26:18,878:pending: 0, running: 6, finished: 2, failure: 0
[36m(vLLMHttpServer pid=7994)[0m (EngineCore pid=9027) WARNING 08-08 01:27:07 [scheduler.py:1919] reset_connector called but no KV connector is configured.[32m [repeated 6x across cluster][0m
[36m(vLLMHttpServer pid=7995)[0m (Worker pid=9278) WARNING 08-08 01:25:17 [layerwise.py:225] RotaryEmbedding: Failed to load weights
[36m(vLLMHttpServer pid=7994)[0m (Worker pid=9290) WARNING 08-08 01:27:07 [layerwise.py:225] RotaryEmbedding: Failed to load weights
[36m(TaskRunnerV1 pid=4817)[0m step:30 - global_seqlen/min:287972.0 - global_seqlen/max:494733.0 - global_seqlen/minmax_diff:206761.0 - global_seqlen/balanced_min:391215.0 - global_seqlen/balanced_max:391490.0 - global_seqlen/mean:391352.5 - actor/entropy:1.1433695554733276 - training/rollout_probs_diff_valid:1.0 - training/rollout_probs_diff_max:0.7230832576751709 - training/rollout_probs_diff_mean:0.005410199519246817 - training/rollout_probs_diff_std:0.008573370054364204 - training/rollout_actor_probs_pearson_corr:0.999607264995575 - rollout_corr/training_ppl:3.0726799964904785 - rollout_corr/training_log_ppl:1.1141895055770874 - rollout_corr/kl:0.0007913571316748857 - rollout_corr/k3_kl:0.0007742786547169089 - rollout_corr/rollout_ppl:3.070188045501709 - rollout_corr/rollout_log_ppl:1.1133800745010376 - rollout_corr/log_ppl_diff:0.0008093500509858131 - rollout_corr/log_ppl_abs_diff:0.0008172588422894478 - rollout_corr/log_ppl_diff_max:0.0019834041595458984 - rollout_corr/log_ppl_diff_min:-0.00013756752014160156 - rollout_corr/ppl_ratio:1.0008097887039185 - rollout_corr/chi2_token:0.0015436410903930664 - rollout_corr/chi2_seq:-0.8102539777755737 - actor/pg_clipfrac:0.0 - actor/ppo_kl:0.0 - actor/pg_clipfrac_lower:0.0 - actor/pg_loss:0.008652589051052928 - actor/loss:0.008652586489915848 - actor/grad_norm:0.08893575519323349 - actor/lr:1e-06 - actor/perf/max_memory_allocated_gb:38.752150535583496 - actor/perf/max_memory_reserved_gb:54.07421875 - actor/perf/cpu_memory_used_gb:44.903804779052734 - perf/mfu/actor:0.3059850135468446 - training/global_step:30 - training/epoch:0 - critic/score/mean:0.1972656100988388 - critic/score/max:1.0 - critic/score/min:0.0 - critic/rewards/mean:0.1972656100988388 - critic/rewards/max:1.0 - critic/rewards/min:0.0 - critic/advantages/mean:-0.008652618154883385 - critic/advantages/max:2.4748458862304688 - critic/advantages/min:-1.9313756227493286 - critic/returns/mean:-0.008652618154883385 - critic/returns/max:2.4748458862304688 - critic/returns/min:-1.9313756227493286 - response_length/mean:11786.140625 - response_length/max:16384.0 - response_length/min:1770.0 - response_length/clip_ratio:0.09375 - response_length_non_aborted/mean:11786.140625 - response_length_non_aborted/max:16384.0 - response_length_non_aborted/min:1770.0 - response_length_non_aborted/clip_ratio:0.09375 - response/aborted_ratio:0.0 - prompt_length/mean:443.625 - prompt_length/max:729.0 - prompt_length/min:277.0 - prompt_length/clip_ratio:0.125 - timing_s/gen:84.6178377791075 - timing_s/old_log_prob:5.186885021976195 - timing_s/adv:0.09535935102030635 - timing_s/update_actor:18.388846788089722 - timing_s/update_weights:1.879003381007351 - timing_s/step:110.18689003807958 - timing_per_token_ms/adv:0.00012183306740126401 - timing_per_token_ms/update_actor:0.023493968721408093 - timing_per_token_ms/gen:0.11217868150105792 - perf/total_num_tokens:782705 - perf/time_per_step:110.18689003807958 - perf/throughput:3551.7156339084636 - training/num_turns/mean:np.float64(2.0) - training/num_turns/max:np.int64(2) - training/num_turns/min:np.int64(2) - training/off_policy/trajectory_spans/mean:np.float64(1.0) - training/off_policy/trajectory_spans/max:np.int64(1) - training/off_policy/trajectory_spans/min:np.int64(1) - training/off_policy/trajectory_staleness/mean:np.float64(0.0) - training/off_policy/trajectory_staleness/max:np.int64(0) - training/off_policy/trajectory_staleness/min:np.int64(0) - training/off_policy/trajectory_staleness_worst/mean:np.float64(0.0) - training/off_policy/trajectory_staleness_worst/max:np.int64(0) - training/off_policy/trajectory_staleness_worst/min:np.int64(0)
[36m(TaskRunnerV1 pid=4817)[0m Training Progress:   5%|▍         | 30/640 [1:05:13<22:53:23, 135.09s/it]
[36m(SimpleStorageUnit pid=5549)[0m 2026-08-08 01:27:47,672 - INFO - transfer_queue.utils.perf_utils - TQ_STORAGE_UNIT_1d3193ae: [Performance] Total success requests: 42, Total req/min: 8.24, Total avg process time: 0.0013s; 
[36m(SimpleStorageUnit pid=5549)[0m Time range: last 5.10 minutes; 
[36m(SimpleStorageUnit pid=5549)[0m Per-operation statistics: PUT_DATA: req_count=24, req/min=4.71, avg_time=0.001139s, max_time=0.001666s, min_time=0.000949s; CLEAR_DATA: req_count=4, req/min=0.78, avg_time=0.001357s, max_time=0.001485s, min_time=0.001071s; GET_DATA: req_count=14, req/min=2.75, avg_time=0.001543s, max_time=0.002028s, min_time=0.001181s
[36m(SimpleStorageUnit pid=5551)[0m 2026-08-08 01:27:53,878 - INFO - transfer_queue.utils.perf_utils - TQ_STORAGE_UNIT_f6772729: [Performance] Total success requests: 43, Total req/min: 8.23, Total avg process time: 0.0014s; [32m [repeated 5x across cluster][0m
[36m(SimpleStorageUnit pid=5551)[0m Time range: last 5.22 minutes; [32m [repeated 5x across cluster][0m
[36m(SimpleStorageUnit pid=5551)[0m Per-operation statistics: PUT_DATA: req_count=25, req/min=4.79, avg_time=0.001256s, max_time=0.001857s, min_time=0.000907s; CLEAR_DATA: req_count=4, req/min=0.77, avg_time=0.001693s, max_time=0.002099s, min_time=0.001398s; GET_DATA: req_count=14, req/min=2.68, avg_time=0.001526s, max_time=0.002057s, min_time=0.001138s[32m [repeated 5x across cluster][0m
[36m(TaskRunnerV1 pid=4817)[0m INFO:2026-08-08 01:28:09,128:pending: 0, running: 7, finished: 1, failure: 0
[36m(SimpleStorageUnit pid=5552)[0m 2026-08-08 01:27:56,312 - INFO - transfer_queue.utils.perf_utils - TQ_STORAGE_UNIT_32f050ae: [Performance] Total success requests: 43, Total req/min: 8.19, Total avg process time: 0.0013s; [32m [repeated 2x across cluster][0m
[36m(SimpleStorageUnit pid=5552)[0m Time range: last 5.25 minutes; [32m [repeated 2x across cluster][0m
[36m(SimpleStorageUnit pid=5552)[0m Per-operation statistics: PUT_DATA: req_count=25, req/min=4.76, avg_time=0.001164s, max_time=0.001577s, min_time=0.000954s; CLEAR_DATA: req_count=4, req/min=0.76, avg_time=0.001566s, max_time=0.002084s, min_time=0.001195s; GET_DATA: req_count=14, req/min=2.67, avg_time=0.001315s, max_time=0.001762s, min_time=0.001088s[32m [repeated 2x across cluster][0m
[36m(vLLMHttpServer pid=7994)[0m (EngineCore pid=9027) WARNING 08-08 01:29:32 [scheduler.py:1919] reset_connector called but no KV connector is configured.[32m [repeated 6x across cluster][0m
[36m(vLLMHttpServer pid=7995)[0m (Worker pid=9278) WARNING 08-08 01:27:07 [layerwise.py:225] RotaryEmbedding: Failed to load weights
[36m(vLLMHttpServer pid=7994)[0m (Worker pid=9290) WARNING 08-08 01:29:33 [layerwise.py:225] RotaryEmbedding: Failed to load weights
[36m(TaskRunnerV1 pid=4817)[0m step:31 - global_seqlen/min:346864.0 - global_seqlen/max:512516.0 - global_seqlen/minmax_diff:165652.0 - global_seqlen/balanced_min:429686.0 - global_seqlen/balanced_max:429694.0 - global_seqlen/mean:429690.0 - actor/entropy:1.1776654720306396 - training/rollout_probs_diff_valid:1.0 - training/rollout_probs_diff_max:0.5814664363861084 - training/rollout_probs_diff_mean:0.005477652419358492 - training/rollout_probs_diff_std:0.008514835499227047 - training/rollout_actor_probs_pearson_corr:0.999610960483551 - rollout_corr/training_ppl:3.232147455215454 - rollout_corr/training_log_ppl:1.1612160205841064 - rollout_corr/kl:0.0007809631642885506 - rollout_corr/k3_kl:0.0007928236736916006 - rollout_corr/rollout_ppl:3.229659080505371 - rollout_corr/rollout_log_ppl:1.1604540348052979 - rollout_corr/log_ppl_diff:0.0007621496915817261 - rollout_corr/log_ppl_abs_diff:0.0007658693939447403 - rollout_corr/log_ppl_diff_max:0.001707315444946289 - rollout_corr/log_ppl_diff_min:-0.00011903047561645508 - rollout_corr/ppl_ratio:1.0007624626159668 - rollout_corr/chi2_token:0.0017769336700439453 - rollout_corr/chi2_seq:-0.9153520464897156 - actor/pg_clipfrac:0.0 - actor/ppo_kl:0.0 - actor/pg_clipfrac_lower:0.0 - actor/pg_loss:-0.01201308285817504 - actor/loss:-0.012013081461191177 - actor/grad_norm:0.09767159074544907 - actor/lr:1e-06 - actor/perf/max_memory_allocated_gb:38.752150535583496 - actor/perf/max_memory_reserved_gb:54.07421875 - actor/perf/cpu_memory_used_gb:46.83415985107422 - perf/mfu/actor:0.3036697012668373 - training/global_step:31 - training/epoch:0 - critic/score/mean:0.189453125 - critic/score/max:1.0 - critic/score/min:0.0 - critic/rewards/mean:0.189453125 - critic/rewards/max:1.0 - critic/rewards/min:0.0 - critic/advantages/mean:0.012013115920126438 - critic/advantages/max:2.4748666286468506 - critic/advantages/min:-2.4748551845550537 - critic/returns/mean:0.012013115920126438 - critic/returns/max:2.4748666286468506 - critic/returns/min:-2.4748551845550537 - response_length/mean:12952.1875 - response_length/max:16384.0 - response_length/min:2781.0 - response_length/clip_ratio:0.1875 - response_length_non_aborted/mean:12952.1875 - response_length_non_aborted/max:16384.0 - response_length_non_aborted/min:2781.0 - response_length_non_aborted/clip_ratio:0.1875 - response/aborted_ratio:0.0 - prompt_length/mean:475.625 - prompt_length/max:697.0 - prompt_length/min:195.0 - prompt_length/clip_ratio:0.125 - timing_s/gen:116.63934810005594 - timing_s/old_log_prob:5.788414729060605 - timing_s/adv:0.09410228906199336 - timing_s/update_actor:20.641684514004737 - timing_s/update_weights:1.8903756929794326 - timing_s/step:145.07240180601366 - timing_per_token_ms/adv:0.00010950020836183453 - timing_per_token_ms/update_actor:0.02401927495869666 - timing_per_token_ms/gen:0.14070903575657578 - perf/total_num_tokens:859380 - perf/time_per_step:145.07240180601366 - perf/throughput:2961.900365960496 - training/num_turns/mean:np.float64(2.0) - training/num_turns/max:np.int64(2) - training/num_turns/min:np.int64(2) - training/off_policy/trajectory_spans/mean:np.float64(1.0) - training/off_policy/trajectory_spans/max:np.int64(1) - training/off_policy/trajectory_spans/min:np.int64(1) - training/off_policy/trajectory_staleness/mean:np.float64(0.0) - training/off_policy/trajectory_staleness/max:np.int64(0) - training/off_policy/trajectory_staleness/min:np.int64(0) - training/off_policy/trajectory_staleness_worst/mean:np.float64(0.0) - training/off_policy/trajectory_staleness_worst/max:np.int64(0) - training/off_policy/trajectory_staleness_worst/min:np.int64(0)
[36m(TaskRunnerV1 pid=4817)[0m Training Progress:   5%|▍         | 31/640 [1:07:39<23:21:45, 138.10s/it]
[36m(TaskRunnerV1 pid=4817)[0m INFO:2026-08-08 01:30:34,270:pending: 0, running: 8, finished: 0, failure: 0
[36m(vLLMHttpServer pid=7994)[0m (EngineCore pid=9027) WARNING 08-08 01:31:17 [scheduler.py:1919] reset_connector called but no KV connector is configured.[32m [repeated 6x across cluster][0m
[36m(vLLMHttpServer pid=7995)[0m (Worker pid=9278) WARNING 08-08 01:29:33 [layerwise.py:225] RotaryEmbedding: Failed to load weights
[36m(vLLMHttpServer pid=7994)[0m (Worker pid=9290) WARNING 08-08 01:31:18 [layerwise.py:225] RotaryEmbedding: Failed to load weights
[36m(TaskRunnerV1 pid=4817)[0m step:32 - global_seqlen/min:357602.0 - global_seqlen/max:512804.0 - global_seqlen/minmax_diff:155202.0 - global_seqlen/balanced_min:435003.0 - global_seqlen/balanced_max:435403.0 - global_seqlen/mean:435203.0 - actor/entropy:1.0909925699234009 - training/rollout_probs_diff_valid:1.0 - training/rollout_probs_diff_max:0.7350375652313232 - training/rollout_probs_diff_mean:0.005383303388953209 - training/rollout_probs_diff_std:0.008759546093642712 - training/rollout_actor_probs_pearson_corr:0.9996033906936646 - rollout_corr/training_ppl:2.9663891792297363 - rollout_corr/training_log_ppl:1.0815367698669434 - rollout_corr/kl:0.0007632840424776077 - rollout_corr/k3_kl:0.0007592866895720363 - rollout_corr/rollout_ppl:2.9641122817993164 - rollout_corr/rollout_log_ppl:1.080771565437317 - rollout_corr/log_ppl_diff:0.0007651634514331818 - rollout_corr/log_ppl_abs_diff:0.000765722244977951 - rollout_corr/log_ppl_diff_max:0.001606762409210205 - rollout_corr/log_ppl_diff_min:-1.7881393432617188e-05 - rollout_corr/ppl_ratio:1.0007655620574951 - rollout_corr/chi2_token:0.0015093088150024414 - rollout_corr/chi2_seq:-0.9738133549690247 - actor/pg_clipfrac:0.0 - actor/ppo_kl:0.0 - actor/pg_clipfrac_lower:0.0 - actor/pg_loss:0.026606865576468408 - actor/loss:0.026606867089867592 - actor/grad_norm:0.07301998138427734 - actor/lr:1e-06 - actor/perf/max_memory_allocated_gb:38.752150535583496 - actor/perf/max_memory_reserved_gb:54.07421875 - actor/perf/cpu_memory_used_gb:43.980838775634766 - perf/mfu/actor:0.3052850921794109 - training/global_step:32 - training/epoch:0 - critic/score/mean:0.126953125 - critic/score/max:1.0 - critic/score/min:0.0 - critic/rewards/mean:0.126953125 - critic/rewards/max:1.0 - critic/rewards/min:0.0 - critic/advantages/mean:-0.026606867089867592 - critic/advantages/max:2.4748177528381348 - critic/advantages/min:-1.1582378149032593 - critic/returns/mean:-0.026606867089867592 - critic/returns/max:2.4748177528381348 - critic/returns/min:-1.1582378149032593 - response_length/mean:13004.84375 - response_length/max:16384.0 - response_length/min:4948.0 - response_length/clip_ratio:0.203125 - response_length_non_aborted/mean:13004.84375 - response_length_non_aborted/max:16384.0 - response_length_non_aborted/min:4948.0 - response_length_non_aborted/clip_ratio:0.203125 - response/aborted_ratio:0.0 - prompt_length/mean:595.25 - prompt_length/max:1027.0 - prompt_length/min:230.0 - prompt_length/clip_ratio:0.125 - timing_s/gen:76.59819236595649 - timing_s/old_log_prob:5.889532612054609 - timing_s/adv:0.09698677307460457 - timing_s/update_actor:20.764250093023293 - timing_s/update_weights:1.8847005739808083 - timing_s/step:105.25313827791251 - timing_per_token_ms/adv:0.00011142705022093664 - timing_per_token_ms/update_actor:0.023855821413252314 - timing_per_token_ms/gen:0.0920308447164596 - perf/total_num_tokens:870406 - perf/time_per_step:105.25313827791251 - perf/throughput:4134.822078662217 - training/num_turns/mean:np.float64(2.0) - training/num_turns/max:np.int64(2) - training/num_turns/min:np.int64(2) - training/off_policy/trajectory_spans/mean:np.float64(1.0) - training/off_policy/trajectory_spans/max:np.int64(1) - training/off_policy/trajectory_spans/min:np.int64(1) - training/off_policy/trajectory_staleness/mean:np.float64(0.0) - training/off_policy/trajectory_staleness/max:np.int64(0) - training/off_policy/trajectory_staleness/min:np.int64(0) - training/off_policy/trajectory_staleness_worst/mean:np.float64(0.0) - training/off_policy/trajectory_staleness_worst/max:np.int64(0) - training/off_policy/trajectory_staleness_worst/min:np.int64(0)
[36m(TaskRunnerV1 pid=4817)[0m Training Progress:   5%|▌         | 32/640 [1:09:24<21:39:48, 128.27s/it]
[36m(TransferQueueController pid=5376)[0m 2026-08-08 01:31:19,454 - INFO - transfer_queue.utils.perf_utils - TQ_CONTROLLER_450da3e2: [Performance] Total success requests: 787, Total req/min: 147.35, Total avg process time: 0.0002s; 
[36m(TransferQueueController pid=5376)[0m Time range: last 5.34 minutes; 
[36m(TransferQueueController pid=5376)[0m Per-operation statistics: NOTIFY_DATA_UPDATE: req_count=188, req/min=35.20, avg_time=0.000215s, max_time=0.000329s, min_time=0.000077s; SET_CUSTOM_META: req_count=229, req/min=42.87, avg_time=0.000022s, max_time=0.000049s, min_time=0.000010s; KV_RETRIEVE_META: req_count=242, req/min=45.31, avg_time=0.000518s, max_time=0.002716s, min_time=0.000141s; KV_LIST: req_count=120, req/min=22.47, avg_time=0.000050s, max_time=0.000086s, min_time=0.000034s; CLEAR_META: req_count=5, req/min=0.94, avg_time=0.000304s, max_time=0.000373s, min_time=0.000257s; KV_RETRIEVE_KEYS: req_count=3, req/min=0.56, avg_time=0.000048s, max_time=0.000053s, min_time=0.000043s
[36m(TaskRunnerV1 pid=4817)[0m INFO:2026-08-08 01:32:19,594:pending: 0, running: 7, finished: 1, failure: 0
[36m(vLLMHttpServer pid=7994)[0m (EngineCore pid=9027) WARNING 08-08 01:32:54 [scheduler.py:1919] reset_connector called but no KV connector is configured.[32m [repeated 6x across cluster][0m
[36m(vLLMHttpServer pid=7995)[0m (Worker pid=9278) WARNING 08-08 01:31:18 [layerwise.py:225] RotaryEmbedding: Failed to load weights
[36m(vLLMHttpServer pid=7994)[0m (Worker pid=9290) WARNING 08-08 01:32:55 [layerwise.py:225] RotaryEmbedding: Failed to load weights
[36m(TaskRunnerV1 pid=4817)[0m step:33 - global_seqlen/min:264116.0 - global_seqlen/max:474661.0 - global_seqlen/minmax_diff:210545.0 - global_seqlen/balanced_min:369336.0 - global_seqlen/balanced_max:369441.0 - global_seqlen/mean:369388.5 - actor/entropy:1.1461478471755981 - training/rollout_probs_diff_valid:1.0 - training/rollout_probs_diff_max:0.569517970085144 - training/rollout_probs_diff_mean:0.005455928388983011 - training/rollout_probs_diff_std:0.008501741103827953 - training/rollout_actor_probs_pearson_corr:0.9996148943901062 - rollout_corr/training_ppl:3.039522409439087 - rollout_corr/training_log_ppl:1.0994559526443481 - rollout_corr/kl:0.0007378525333479047 - rollout_corr/k3_kl:0.0007624322315678 - rollout_corr/rollout_ppl:3.03723406791687 - rollout_corr/rollout_log_ppl:1.098722219467163 - rollout_corr/log_ppl_diff:0.0007337043061852455 - rollout_corr/log_ppl_abs_diff:0.0007603010162711143 - rollout_corr/log_ppl_diff_max:0.001960158348083496 - rollout_corr/log_ppl_diff_min:-0.000550389289855957 - rollout_corr/ppl_ratio:1.0007339715957642 - rollout_corr/chi2_token:0.0015791654586791992 - rollout_corr/chi2_seq:58.07863235473633 - actor/pg_clipfrac:0.0 - actor/ppo_kl:0.0 - actor/pg_clipfrac_lower:0.0 - actor/pg_loss:0.05921934498474002 - actor/loss:0.05921934172511101 - actor/grad_norm:0.1080663651227951 - actor/lr:1e-06 - actor/perf/max_memory_allocated_gb:38.752150535583496 - actor/perf/max_memory_reserved_gb:54.07421875 - actor/perf/cpu_memory_used_gb:43.672542572021484 - perf/mfu/actor:0.304187608969438 - training/global_step:33 - training/epoch:0 - critic/score/mean:0.26171875 - critic/score/max:1.0 - critic/score/min:0.0 - critic/rewards/mean:0.26171875 - critic/rewards/max:1.0 - critic/rewards/min:0.0 - critic/advantages/mean:-0.05921933799982071 - critic/advantages/max:2.474862575531006 - critic/advantages/min:-1.6201815605163574 - critic/returns/mean:-0.05921933799982071 - critic/returns/max:2.474862575531006 - critic/returns/min:-1.6201815605163574 - response_length/mean:11027.015625 - response_length/max:16384.0 - response_length/min:2446.0 - response_length/clip_ratio:0.015625 - response_length_non_aborted/mean:11027.015625 - response_length_non_aborted/max:16384.0 - response_length_non_aborted/min:2446.0 - response_length_non_aborted/clip_ratio:0.015625 - response/aborted_ratio:0.0 - prompt_length/mean:516.375 - prompt_length/max:785.0 - prompt_length/min:233.0 - prompt_length/clip_ratio:0.125 - timing_s/gen:72.60580197698437 - timing_s/old_log_prob:4.929406423005275 - timing_s/adv:0.09358587302267551 - timing_s/update_actor:17.30898406705819 - timing_s/update_weights:1.8287209999980405 - timing_s/step:96.78493565507233 - timing_per_token_ms/adv:0.0001266767549919333 - timing_per_token_ms/update_actor:0.02342924057876489 - timing_per_token_ms/gen:0.10288057027128596 - perf/total_num_tokens:738777 - perf/time_per_step:96.78493565507233 - perf/throughput:3816.5908516636077 - training/num_turns/mean:np.float64(2.0) - training/num_turns/max:np.int64(2) - training/num_turns/min:np.int64(2) - training/off_policy/trajectory_spans/mean:np.float64(1.0) - training/off_policy/trajectory_spans/max:np.int64(1) - training/off_policy/trajectory_spans/min:np.int64(1) - training/off_policy/trajectory_staleness/mean:np.float64(0.0) - training/off_policy/trajectory_staleness/max:np.int64(0) - training/off_policy/trajectory_staleness/min:np.int64(0) - training/off_policy/trajectory_staleness_worst/mean:np.float64(0.0) - training/off_policy/trajectory_staleness_worst/max:np.int64(0) - training/off_policy/trajectory_staleness_worst/min:np.int64(0)
[36m(TaskRunnerV1 pid=4817)[0m Training Progress:   5%|▌         | 33/640 [1:11:01<20:02:18, 118.84s/it]
[36m(SimpleStorageUnit pid=5550)[0m 2026-08-08 01:32:56,318 - INFO - transfer_queue.utils.perf_utils - TQ_STORAGE_UNIT_c7198b3e: [Performance] Total success requests: 60, Total req/min: 11.79, Total avg process time: 0.0014s; 
[36m(SimpleStorageUnit pid=5550)[0m Time range: last 5.09 minutes; 
[36m(SimpleStorageUnit pid=5550)[0m Per-operation statistics: PUT_DATA: req_count=34, req/min=6.68, avg_time=0.001210s, max_time=0.001777s, min_time=0.000996s; CLEAR_DATA: req_count=5, req/min=0.98, avg_time=0.001366s, max_time=0.001971s, min_time=0.001046s; GET_DATA: req_count=21, req/min=4.13, avg_time=0.001604s, max_time=0.002320s, min_time=0.001091s
[36m(TaskRunnerV1 pid=4817)[0m INFO:2026-08-08 01:33:56,447:pending: 0, running: 6, finished: 2, failure: 0
[36m(SimpleStorageUnit pid=5549)[0m 2026-08-08 01:32:56,319 - INFO - transfer_queue.utils.perf_utils - TQ_STORAGE_UNIT_1d3193ae: [Performance] Total success requests: 61, Total req/min: 11.86, Total avg process time: 0.0013s; [32m [repeated 7x across cluster][0m
[36m(SimpleStorageUnit pid=5549)[0m Time range: last 5.14 minutes; [32m [repeated 7x across cluster][0m
[36m(SimpleStorageUnit pid=5549)[0m Per-operation statistics: PUT_DATA: req_count=35, req/min=6.80, avg_time=0.001210s, max_time=0.001825s, min_time=0.000989s; CLEAR_DATA: req_count=5, req/min=0.97, avg_time=0.001292s, max_time=0.001479s, min_time=0.001126s; GET_DATA: req_count=21, req/min=4.08, avg_time=0.001460s, max_time=0.002092s, min_time=0.001047s[32m [repeated 7x across cluster][0m
[36m(vLLMHttpServer pid=7994)[0m (EngineCore pid=9027) WARNING 08-08 01:35:16 [scheduler.py:1919] reset_connector called but no KV connector is configured.[32m [repeated 6x across cluster][0m
[36m(vLLMHttpServer pid=7995)[0m (Worker pid=9278) WARNING 08-08 01:32:55 [layerwise.py:225] RotaryEmbedding: Failed to load weights
[36m(vLLMHttpServer pid=7994)[0m (Worker pid=9290) WARNING 08-08 01:35:17 [layerwise.py:225] RotaryEmbedding: Failed to load weights
[36m(TaskRunnerV1 pid=4817)[0m step:34 - global_seqlen/min:266476.0 - global_seqlen/max:463805.0 - global_seqlen/minmax_diff:197329.0 - global_seqlen/balanced_min:365023.0 - global_seqlen/balanced_max:365258.0 - global_seqlen/mean:365140.5 - actor/entropy:1.1311618089675903 - training/rollout_probs_diff_valid:1.0 - training/rollout_probs_diff_max:0.8692423105239868 - training/rollout_probs_diff_mean:0.0052983881905674934 - training/rollout_probs_diff_std:0.008556392975151539 - training/rollout_actor_probs_pearson_corr:0.9996239542961121 - rollout_corr/training_ppl:3.040731906890869 - rollout_corr/training_log_ppl:1.0959738492965698 - rollout_corr/kl:0.0007557359058409929 - rollout_corr/k3_kl:0.0007437759777531028 - rollout_corr/rollout_ppl:3.038484573364258 - rollout_corr/rollout_log_ppl:1.0952589511871338 - rollout_corr/log_ppl_diff:0.0007148934528231621 - rollout_corr/log_ppl_abs_diff:0.0007402477785944939 - rollout_corr/log_ppl_diff_max:0.001859903335571289 - rollout_corr/log_ppl_diff_min:-0.0002332925796508789 - rollout_corr/ppl_ratio:1.0007152557373047 - rollout_corr/chi2_token:0.0014598369598388672 - rollout_corr/chi2_seq:-0.5432634353637695 - actor/pg_clipfrac:0.0 - actor/ppo_kl:0.0 - actor/pg_clipfrac_lower:0.0 - actor/pg_loss:0.04597344441572204 - actor/loss:0.04597344622015953 - actor/grad_norm:0.07993915677070618 - actor/lr:1e-06 - actor/perf/max_memory_allocated_gb:38.752150535583496 - actor/perf/max_memory_reserved_gb:54.07421875 - actor/perf/cpu_memory_used_gb:43.87916564941406 - perf/mfu/actor:0.3094841505651477 - training/global_step:34 - training/epoch:0 - critic/score/mean:0.15156249701976776 - critic/score/max:1.0 - critic/score/min:0.0 - critic/rewards/mean:0.15156249701976776 - critic/rewards/max:1.0 - critic/rewards/min:0.0 - critic/advantages/mean:-0.04597347602248192 - critic/advantages/max:1.601253628730774 - critic/advantages/min:-1.504294514656067 - critic/returns/mean:-0.04597347602248192 - critic/returns/max:1.601253628730774 - critic/returns/min:-1.504294514656067 - response_length/mean:11037.390625 - response_length/max:16384.0 - response_length/min:2987.0 - response_length/clip_ratio:0.109375 - response_length_non_aborted/mean:11037.390625 - response_length_non_aborted/max:16384.0 - response_length_non_aborted/min:2987.0 - response_length_non_aborted/clip_ratio:0.109375 - response/aborted_ratio:0.0 - prompt_length/mean:373.25 - prompt_length/max:583.0 - prompt_length/min:130.0 - prompt_length/clip_ratio:0.125 - timing_s/gen:118.63760513497982 - timing_s/old_log_prob:4.787607184029184 - timing_s/adv:0.0971046689664945 - timing_s/update_actor:16.692122905980796 - timing_s/update_weights:1.8934987270040438 - timing_s/step:142.12839472398628 - timing_per_token_ms/adv:0.0001329689105515473 - timing_per_token_ms/update_actor:0.022857123362076785 - timing_per_token_ms/gen:0.1679484439044269 - perf/total_num_tokens:730281 - perf/time_per_step:142.12839472398628 - perf/throughput:2569.089031851122 - training/num_turns/mean:np.float64(2.0) - training/num_turns/max:np.int64(2) - training/num_turns/min:np.int64(2) - training/off_policy/trajectory_spans/mean:np.float64(1.0) - training/off_policy/trajectory_spans/max:np.int64(1) - training/off_policy/trajectory_spans/min:np.int64(1) - training/off_policy/trajectory_staleness/mean:np.float64(0.0) - training/off_policy/trajectory_staleness/max:np.int64(0) - training/off_policy/trajectory_staleness/min:np.int64(0) - training/off_policy/trajectory_staleness_worst/mean:np.float64(0.0) - training/off_policy/trajectory_staleness_worst/max:np.int64(0) - training/off_policy/trajectory_staleness_worst/min:np.int64(0)
[36m(TaskRunnerV1 pid=4817)[0m Training Progress:   5%|▌         | 34/640 [1:13:23<21:11:03, 125.85s/it]
[36m(TaskRunnerV1 pid=4817)[0m INFO:2026-08-08 01:36:18,631:pending: 0, running: 6, finished: 2, failure: 0
[36m(TransferQueueController pid=5376)[0m 2026-08-08 01:36:19,762 - INFO - transfer_queue.utils.perf_utils - TQ_CONTROLLER_450da3e2: [Performance] Total success requests: 811, Total req/min: 162.03, Total avg process time: 0.0002s; 
[36m(TransferQueueController pid=5376)[0m Time range: last 5.01 minutes; 
[36m(TransferQueueController pid=5376)[0m Per-operation statistics: KV_RETRIEVE_META: req_count=249, req/min=49.75, avg_time=0.000487s, max_time=0.002508s, min_time=0.000156s; CLEAR_META: req_count=5, req/min=1.00, avg_time=0.000315s, max_time=0.000354s, min_time=0.000270s; SET_CUSTOM_META: req_count=237, req/min=47.35, avg_time=0.000022s, max_time=0.000053s, min_time=0.000010s; KV_LIST: req_count=128, req/min=25.57, avg_time=0.000051s, max_time=0.000080s, min_time=0.000023s; NOTIFY_DATA_UPDATE: req_count=190, req/min=37.96, avg_time=0.000216s, max_time=0.000307s, min_time=0.000085s; KV_RETRIEVE_KEYS: req_count=2, req/min=0.40, avg_time=0.000034s, max_time=0.000035s, min_time=0.000034s
[36m(vLLMHttpServer pid=7994)[0m (EngineCore pid=9027) WARNING 08-08 01:36:53 [scheduler.py:1919] reset_connector called but no KV connector is configured.[32m [repeated 6x across cluster][0m
[36m(vLLMHttpServer pid=7995)[0m (Worker pid=9278) WARNING 08-08 01:35:17 [layerwise.py:225] RotaryEmbedding: Failed to load weights
[36m(vLLMHttpServer pid=7994)[0m (Worker pid=9290) WARNING 08-08 01:36:54 [layerwise.py:225] RotaryEmbedding: Failed to load weights
[36m(TaskRunnerV1 pid=4817)[0m step:35 - global_seqlen/min:299107.0 - global_seqlen/max:453676.0 - global_seqlen/minmax_diff:154569.0 - global_seqlen/balanced_min:376295.0 - global_seqlen/balanced_max:376488.0 - global_seqlen/mean:376391.5 - actor/entropy:1.2095367908477783 - training/rollout_probs_diff_valid:1.0 - training/rollout_probs_diff_max:0.4666295349597931 - training/rollout_probs_diff_mean:0.005534269846975803 - training/rollout_probs_diff_std:0.008512941189110279 - training/rollout_actor_probs_pearson_corr:0.9996079206466675 - rollout_corr/training_ppl:3.3047103881835938 - rollout_corr/training_log_ppl:1.1848112344741821 - rollout_corr/kl:0.0008862543036229908 - rollout_corr/k3_kl:0.0008052658522501588 - rollout_corr/rollout_ppl:3.3017690181732178 - rollout_corr/rollout_log_ppl:1.1839215755462646 - rollout_corr/log_ppl_diff:0.0008896449580788612 - rollout_corr/log_ppl_abs_diff:0.0008934540674090385 - rollout_corr/log_ppl_diff_max:0.002448439598083496 - rollout_corr/log_ppl_diff_min:-7.271766662597656e-05 - rollout_corr/ppl_ratio:1.0008902549743652 - rollout_corr/chi2_token:0.0014476776123046875 - rollout_corr/chi2_seq:-0.903934895992279 - actor/pg_clipfrac:0.0 - actor/ppo_kl:0.0 - actor/pg_clipfrac_lower:0.0 - actor/pg_loss:0.036343530169688165 - actor/loss:0.0363435260951519 - actor/grad_norm:0.07224555313587189 - actor/lr:1e-06 - actor/perf/max_memory_allocated_gb:38.752150535583496 - actor/perf/max_memory_reserved_gb:54.07421875 - actor/perf/cpu_memory_used_gb:45.2260856628418 - perf/mfu/actor:0.3110788612256917 - training/global_step:35 - training/epoch:0 - critic/score/mean:0.080078125 - critic/score/max:1.0 - critic/score/min:0.0 - critic/rewards/mean:0.080078125 - critic/rewards/max:1.0 - critic/rewards/min:0.0 - critic/advantages/mean:-0.036343514919281006 - critic/advantages/max:2.184046506881714 - critic/advantages/min:-1.296352744102478 - critic/returns/mean:-0.036343514919281006 - critic/returns/max:2.184046506881714 - critic/returns/min:-1.296352744102478 - response_length/mean:11218.859375 - response_length/max:16384.0 - response_length/min:4228.0 - response_length/clip_ratio:0.03125 - response_length_non_aborted/mean:11218.859375 - response_length_non_aborted/max:16384.0 - response_length_non_aborted/min:4228.0 - response_length_non_aborted/clip_ratio:0.03125 - response/aborted_ratio:0.0 - prompt_length/mean:543.375 - prompt_length/max:809.0 - prompt_length/min:286.0 - prompt_length/clip_ratio:0.125 - timing_s/gen:72.6056698380271 - timing_s/old_log_prob:4.940358440042473 - timing_s/adv:0.09952270798385143 - timing_s/update_actor:17.107669441960752 - timing_s/update_weights:1.8666389469290152 - timing_s/step:96.63707405293826 - timing_per_token_ms/adv:0.00013220637020741892 - timing_per_token_ms/update_actor:0.022725897691580114 - timing_per_token_ms/gen:0.10112111697800592 - perf/total_num_tokens:752783 - perf/time_per_step:96.63707405293826 - perf/throughput:3894.8975192875864 - training/num_turns/mean:np.float64(2.0) - training/num_turns/max:np.int64(2) - training/num_turns/min:np.int64(2) - training/off_policy/trajectory_spans/mean:np.float64(1.0) - training/off_policy/trajectory_spans/max:np.int64(1) - training/off_policy/trajectory_spans/min:np.int64(1) - training/off_policy/trajectory_staleness/mean:np.float64(0.0) - training/off_policy/trajectory_staleness/max:np.int64(0) - training/off_policy/trajectory_staleness/min:np.int64(0) - training/off_policy/trajectory_staleness_worst/mean:np.float64(0.0) - training/off_policy/trajectory_staleness_worst/max:np.int64(0) - training/off_policy/trajectory_staleness_worst/min:np.int64(0)
[36m(TaskRunnerV1 pid=4817)[0m Training Progress:   5%|▌         | 35/640 [1:15:00<19:40:47, 117.10s/it]
[36m(TaskRunnerV1 pid=4817)[0m INFO:2026-08-08 01:37:55,340:pending: 0, running: 5, finished: 3, failure: 0
[36m(SimpleStorageUnit pid=5549)[0m 2026-08-08 01:38:00,174 - INFO - transfer_queue.utils.perf_utils - TQ_STORAGE_UNIT_1d3193ae: [Performance] Total success requests: 50, Total req/min: 9.87, Total avg process time: 0.0014s; 
[36m(SimpleStorageUnit pid=5549)[0m Time range: last 5.06 minutes; 
[36m(SimpleStorageUnit pid=5549)[0m Per-operation statistics: CLEAR_DATA: req_count=5, req/min=0.99, avg_time=0.001376s, max_time=0.001842s, min_time=0.001084s; PUT_DATA: req_count=31, req/min=6.12, avg_time=0.001202s, max_time=0.001765s, min_time=0.000981s; GET_DATA: req_count=14, req/min=2.76, avg_time=0.001686s, max_time=0.001964s, min_time=0.001240s
[36m(vLLMHttpServer pid=7994)[0m (EngineCore pid=9027) WARNING 08-08 01:38:23 [scheduler.py:1919] reset_connector called but no KV connector is configured.[32m [repeated 6x across cluster][0m
[36m(vLLMHttpServer pid=7995)[0m (Worker pid=9278) WARNING 08-08 01:36:54 [layerwise.py:225] RotaryEmbedding: Failed to load weights
[36m(vLLMHttpServer pid=7994)[0m (Worker pid=9290) WARNING 08-08 01:38:23 [layerwise.py:225] RotaryEmbedding: Failed to load weights
[36m(TaskRunnerV1 pid=4817)[0m step:36 - global_seqlen/min:180314.0 - global_seqlen/max:472529.0 - global_seqlen/minmax_diff:292215.0 - global_seqlen/balanced_min:326375.0 - global_seqlen/balanced_max:326468.0 - global_seqlen/mean:326421.5 - actor/entropy:1.090664267539978 - training/rollout_probs_diff_valid:1.0 - training/rollout_probs_diff_max:0.9438672065734863 - training/rollout_probs_diff_mean:0.005316473543643951 - training/rollout_probs_diff_std:0.008568743243813515 - training/rollout_actor_probs_pearson_corr:0.9996181726455688 - rollout_corr/training_ppl:2.749037981033325 - rollout_corr/training_log_ppl:0.9874900579452515 - rollout_corr/kl:0.0007214656216092408 - rollout_corr/k3_kl:0.0007534414762631059 - rollout_corr/rollout_ppl:2.7470932006835938 - rollout_corr/rollout_log_ppl:0.9867805242538452 - rollout_corr/log_ppl_diff:0.0007094908505678177 - rollout_corr/log_ppl_abs_diff:0.0008186753839254379 - rollout_corr/log_ppl_diff_max:0.0022772550582885742 - rollout_corr/log_ppl_diff_min:-0.0014047026634216309 - rollout_corr/ppl_ratio:1.000709891319275 - rollout_corr/chi2_token:0.0015915632247924805 - rollout_corr/chi2_seq:174.75502014160156 - actor/pg_clipfrac:0.0 - actor/ppo_kl:0.0 - actor/pg_clipfrac_lower:0.0 - actor/pg_loss:0.019966843770816922 - actor/loss:0.019966844469308853 - actor/grad_norm:0.06395646929740906 - actor/lr:1e-06 - actor/perf/max_memory_allocated_gb:38.752150535583496 - actor/perf/max_memory_reserved_gb:54.07421875 - actor/perf/cpu_memory_used_gb:44.048851013183594 - perf/mfu/actor:0.31274186465208026 - training/global_step:36 - training/epoch:0 - critic/score/mean:0.34765625 - critic/score/max:1.0 - critic/score/min:0.0 - critic/rewards/mean:0.34765625 - critic/rewards/max:1.0 - critic/rewards/min:0.0 - critic/advantages/mean:-0.019966842606663704 - critic/advantages/max:1.9995975494384766 - critic/advantages/min:-1.20761239528656 - critic/returns/mean:-0.019966842606663704 - critic/returns/max:1.9995975494384766 - critic/returns/min:-1.20761239528656 - response_length/mean:9845.046875 - response_length/max:16384.0 - response_length/min:841.0 - response_length/clip_ratio:0.140625 - response_length_non_aborted/mean:9845.046875 - response_length_non_aborted/max:16384.0 - response_length_non_aborted/min:841.0 - response_length_non_aborted/clip_ratio:0.140625 - response/aborted_ratio:0.0 - prompt_length/mean:355.625 - prompt_length/max:711.0 - prompt_length/min:168.0 - prompt_length/clip_ratio:0.125 - timing_s/gen:68.594233499025 - timing_s/old_log_prob:4.342760404921137 - timing_s/adv:0.09446965903043747 - timing_s/update_actor:14.848240841994993 - timing_s/update_weights:1.875142844975926 - timing_s/step:89.78016630699858 - timing_per_token_ms/adv:0.00014470501947702198 - timing_per_token_ms/update_actor:0.022743968828638727 - timing_per_token_ms/gen:0.10886539312919884 - perf/total_num_tokens:652843 - perf/time_per_step:89.78016630699858 - perf/throughput:3635.786314806087 - training/num_turns/mean:np.float64(2.0) - training/num_turns/max:np.int64(2) - training/num_turns/min:np.int64(2) - training/off_policy/trajectory_spans/mean:np.float64(1.0) - training/off_policy/trajectory_spans/max:np.int64(1) - training/off_policy/trajectory_spans/min:np.int64(1) - training/off_policy/trajectory_staleness/mean:np.float64(0.0) - training/off_policy/trajectory_staleness/max:np.int64(0) - training/off_policy/trajectory_staleness/min:np.int64(0) - training/off_policy/trajectory_staleness_worst/mean:np.float64(0.0) - training/off_policy/trajectory_staleness_worst/max:np.int64(0) - training/off_policy/trajectory_staleness_worst/min:np.int64(0)
[36m(TaskRunnerV1 pid=4817)[0m Training Progress:   6%|▌         | 36/640 [1:16:29<18:16:30, 108.92s/it]
[36m(SimpleStorageUnit pid=5552)[0m 2026-08-08 01:38:01,714 - INFO - transfer_queue.utils.perf_utils - TQ_STORAGE_UNIT_32f050ae: [Performance] Total success requests: 51, Total req/min: 10.02, Total avg process time: 0.0012s; [32m [repeated 7x across cluster][0m
[36m(SimpleStorageUnit pid=5552)[0m Time range: last 5.09 minutes; [32m [repeated 7x across cluster][0m
[36m(SimpleStorageUnit pid=5552)[0m Per-operation statistics: CLEAR_DATA: req_count=5, req/min=0.98, avg_time=0.001323s, max_time=0.001510s, min_time=0.001081s; PUT_DATA: req_count=32, req/min=6.29, avg_time=0.001107s, max_time=0.001614s, min_time=0.000972s; GET_DATA: req_count=14, req/min=2.75, avg_time=0.001314s, max_time=0.001807s, min_time=0.001062s[32m [repeated 7x across cluster][0m
[36m(TaskRunnerV1 pid=4817)[0m INFO:2026-08-08 01:39:25,176:pending: 0, running: 8, finished: 0, failure: 0
[36m(vLLMHttpServer pid=7994)[0m (EngineCore pid=9027) WARNING 08-08 01:40:10 [scheduler.py:1919] reset_connector called but no KV connector is configured.[32m [repeated 6x across cluster][0m
[36m(vLLMHttpServer pid=7995)[0m (Worker pid=9278) WARNING 08-08 01:38:23 [layerwise.py:225] RotaryEmbedding: Failed to load weights
[36m(vLLMHttpServer pid=7994)[0m (Worker pid=9290) WARNING 08-08 01:40:11 [layerwise.py:225] RotaryEmbedding: Failed to load weights
[36m(TaskRunnerV1 pid=4817)[0m step:37 - global_seqlen/min:363388.0 - global_seqlen/max:519451.0 - global_seqlen/minmax_diff:156063.0 - global_seqlen/balanced_min:441286.0 - global_seqlen/balanced_max:441553.0 - global_seqlen/mean:441419.5 - actor/entropy:1.1656917333602905 - training/rollout_probs_diff_valid:1.0 - training/rollout_probs_diff_max:0.33492225408554077 - training/rollout_probs_diff_mean:0.005462758243083954 - training/rollout_probs_diff_std:0.008422437123954296 - training/rollout_actor_probs_pearson_corr:0.9996129274368286 - rollout_corr/training_ppl:3.198819875717163 - rollout_corr/training_log_ppl:1.147661805152893 - rollout_corr/kl:0.0007946561090648174 - rollout_corr/k3_kl:0.000760246126446873 - rollout_corr/rollout_ppl:3.1962597370147705 - rollout_corr/rollout_log_ppl:1.146871566772461 - rollout_corr/log_ppl_diff:0.0007902812212705612 - rollout_corr/log_ppl_abs_diff:0.0007902812212705612 - rollout_corr/log_ppl_diff_max:0.001758873462677002 - rollout_corr/log_ppl_diff_min:0.00022542476654052734 - rollout_corr/ppl_ratio:1.0007907152175903 - rollout_corr/chi2_token:0.0014504194259643555 - rollout_corr/chi2_seq:-0.9969900250434875 - actor/pg_clipfrac:0.0 - actor/ppo_kl:0.0 - actor/pg_clipfrac_lower:0.0 - actor/pg_loss:-0.005316573544405401 - actor/loss:-0.00531657412648201 - actor/grad_norm:0.06777887046337128 - actor/lr:1e-06 - actor/perf/max_memory_allocated_gb:38.752150535583496 - actor/perf/max_memory_reserved_gb:54.07421875 - actor/perf/cpu_memory_used_gb:43.75947952270508 - perf/mfu/actor:0.3087258833360507 - training/global_step:37 - training/epoch:0 - critic/score/mean:0.12109375 - critic/score/max:1.0 - critic/score/min:0.0 - critic/rewards/mean:0.12109375 - critic/rewards/max:1.0 - critic/rewards/min:0.0 - critic/advantages/mean:0.005316547118127346 - critic/advantages/max:2.474862575531006 - critic/advantages/min:-1.1576616764068604 - critic/returns/mean:0.005316547118127346 - critic/returns/max:2.474862575531006 - critic/returns/min:-1.1576616764068604 - response_length/mean:13309.234375 - response_length/max:16384.0 - response_length/min:3888.0 - response_length/clip_ratio:0.265625 - response_length_non_aborted/mean:13309.234375 - response_length_non_aborted/max:16384.0 - response_length_non_aborted/min:3888.0 - response_length_non_aborted/clip_ratio:0.265625 - response/aborted_ratio:0.0 - prompt_length/mean:485.125 - prompt_length/max:700.0 - prompt_length/min:316.0 - prompt_length/clip_ratio:0.125 - timing_s/gen:78.59143947204575 - timing_s/old_log_prob:5.989181995973922 - timing_s/adv:0.09445863799192011 - timing_s/update_actor:20.925806051003747 - timing_s/update_weights:1.9088125029811636 - timing_s/step:107.52963269210886 - timing_per_token_ms/adv:0.00010699418352827652 - timing_per_token_ms/update_actor:0.023702856410969322 - timing_per_token_ms/gen:0.0922661069112561 - perf/total_num_tokens:882839 - perf/time_per_step:107.52963269210886 - perf/throughput:4105.096325065322 - training/num_turns/mean:np.float64(2.0) - training/num_turns/max:np.int64(2) - training/num_turns/min:np.int64(2) - training/off_policy/trajectory_spans/mean:np.float64(1.0) - training/off_policy/trajectory_spans/max:np.int64(1) - training/off_policy/trajectory_spans/min:np.int64(1) - training/off_policy/trajectory_staleness/mean:np.float64(0.0) - training/off_policy/trajectory_staleness/max:np.int64(0) - training/off_policy/trajectory_staleness/min:np.int64(0) - training/off_policy/trajectory_staleness_worst/mean:np.float64(0.0) - training/off_policy/trajectory_staleness_worst/max:np.int64(0) - training/off_policy/trajectory_staleness_worst/min:np.int64(0)
[36m(TaskRunnerV1 pid=4817)[0m Training Progress:   6%|▌         | 37/640 [1:18:17<18:10:41, 108.53s/it]
[36m(TaskRunnerV1 pid=4817)[0m INFO:2026-08-08 01:41:12,773:pending: 0, running: 7, finished: 1, failure: 0
[36m(TransferQueueController pid=5376)[0m 2026-08-08 01:41:20,783 - INFO - transfer_queue.utils.perf_utils - TQ_CONTROLLER_450da3e2: [Performance] Total success requests: 881, Total req/min: 175.60, Total avg process time: 0.0002s; 
[36m(TransferQueueController pid=5376)[0m Time range: last 5.02 minutes; 
[36m(TransferQueueController pid=5376)[0m Per-operation statistics: NOTIFY_DATA_UPDATE: req_count=212, req/min=42.26, avg_time=0.000213s, max_time=0.000305s, min_time=0.000089s; SET_CUSTOM_META: req_count=265, req/min=52.82, avg_time=0.000022s, max_time=0.000054s, min_time=0.000008s; KV_RETRIEVE_META: req_count=279, req/min=55.61, avg_time=0.000495s, max_time=0.002501s, min_time=0.000139s; KV_LIST: req_count=116, req/min=23.12, avg_time=0.000049s, max_time=0.000091s, min_time=0.000029s; CLEAR_META: req_count=6, req/min=1.20, avg_time=0.000313s, max_time=0.000360s, min_time=0.000271s; KV_RETRIEVE_KEYS: req_count=3, req/min=0.60, avg_time=0.000044s, max_time=0.000045s, min_time=0.000041s
[36m(vLLMHttpServer pid=7994)[0m (EngineCore pid=9027) WARNING 08-08 01:42:22 [scheduler.py:1919] reset_connector called but no KV connector is configured.[32m [repeated 6x across cluster][0m
[36m(vLLMHttpServer pid=7995)[0m (Worker pid=9278) WARNING 08-08 01:40:11 [layerwise.py:225] RotaryEmbedding: Failed to load weights
[36m(vLLMHttpServer pid=7994)[0m (Worker pid=9290) WARNING 08-08 01:42:23 [layerwise.py:225] RotaryEmbedding: Failed to load weights
[36m(TaskRunnerV1 pid=4817)[0m step:38 - global_seqlen/min:319660.0 - global_seqlen/max:457999.0 - global_seqlen/minmax_diff:138339.0 - global_seqlen/balanced_min:388732.0 - global_seqlen/balanced_max:388927.0 - global_seqlen/mean:388829.5 - actor/entropy:1.1253234148025513 - training/rollout_probs_diff_valid:1.0 - training/rollout_probs_diff_max:0.9967375993728638 - training/rollout_probs_diff_mean:0.005454374011605978 - training/rollout_probs_diff_std:0.00881506223231554 - training/rollout_actor_probs_pearson_corr:0.9995878338813782 - rollout_corr/training_ppl:3.0482115745544434 - rollout_corr/training_log_ppl:1.1031019687652588 - rollout_corr/kl:0.0008062925189733505 - rollout_corr/k3_kl:0.0007927031256258488 - rollout_corr/rollout_ppl:3.0457396507263184 - rollout_corr/rollout_log_ppl:1.1023035049438477 - rollout_corr/log_ppl_diff:0.0007985327392816544 - rollout_corr/log_ppl_abs_diff:0.0008044298738241196 - rollout_corr/log_ppl_diff_max:0.002277195453643799 - rollout_corr/log_ppl_diff_min:-0.00018870830535888672 - rollout_corr/ppl_ratio:1.0007989406585693 - rollout_corr/chi2_token:0.001521468162536621 - rollout_corr/chi2_seq:0.44887638092041016 - actor/pg_clipfrac:0.0 - actor/ppo_kl:0.0 - actor/pg_clipfrac_lower:0.0 - actor/pg_loss:0.0539195011369884 - actor/loss:0.05391950160264969 - actor/grad_norm:0.11557283997535706 - actor/lr:1e-06 - actor/perf/max_memory_allocated_gb:38.752150535583496 - actor/perf/max_memory_reserved_gb:54.07421875 - actor/perf/cpu_memory_used_gb:44.255126953125 - perf/mfu/actor:0.30387364397677247 - training/global_step:38 - training/epoch:0 - critic/score/mean:0.3828125 - critic/score/max:1.0 - critic/score/min:0.0 - critic/rewards/mean:0.3828125 - critic/rewards/max:1.0 - critic/rewards/min:0.0 - critic/advantages/mean:-0.05391952022910118 - critic/advantages/max:2.4748551845550537 - critic/advantages/min:-2.0119411945343018 - critic/returns/mean:-0.05391952022910118 - critic/returns/max:2.4748551845550537 - critic/returns/min:-2.0119411945343018 - response_length/mean:11684.546875 - response_length/max:16384.0 - response_length/min:5105.0 - response_length/clip_ratio:0.015625 - response_length_non_aborted/mean:11684.546875 - response_length_non_aborted/max:16384.0 - response_length_non_aborted/min:5105.0 - response_length_non_aborted/clip_ratio:0.015625 - response/aborted_ratio:0.0 - prompt_length/mean:466.375 - prompt_length/max:662.0 - prompt_length/min:295.0 - prompt_length/clip_ratio:0.125 - timing_s/gen:106.63704161404166 - timing_s/old_log_prob:5.068793721031398 - timing_s/adv:0.09806629596278071 - timing_s/update_actor:18.129190368927084 - timing_s/update_weights:1.9011505249654874 - timing_s/step:131.85350868303794 - timing_per_token_ms/adv:0.00012610449562440698 - timing_per_token_ms/update_actor:0.023312519200481295 - timing_per_token_ms/gen:0.14259892086909884 - perf/total_num_tokens:777659 - perf/time_per_step:131.85350868303794 - perf/throughput:2948.950724813137 - training/num_turns/mean:np.float64(2.0) - training/num_turns/max:np.int64(2) - training/num_turns/min:np.int64(2) - training/off_policy/trajectory_spans/mean:np.float64(1.0) - training/off_policy/trajectory_spans/max:np.int64(1) - training/off_policy/trajectory_spans/min:np.int64(1) - training/off_policy/trajectory_staleness/mean:np.float64(0.0) - training/off_policy/trajectory_staleness/max:np.int64(0) - training/off_policy/trajectory_staleness/min:np.int64(0) - training/off_policy/trajectory_staleness_worst/mean:np.float64(0.0) - training/off_policy/trajectory_staleness_worst/max:np.int64(0) - training/off_policy/trajectory_staleness_worst/min:np.int64(0)
[36m(TaskRunnerV1 pid=4817)[0m Training Progress:   6%|▌         | 38/640 [1:20:29<19:19:16, 115.54s/it]
[36m(SimpleStorageUnit pid=5545)[0m 2026-08-08 01:43:01,297 - INFO - transfer_queue.utils.perf_utils - TQ_STORAGE_UNIT_402cee8a: [Performance] Total success requests: 59, Total req/min: 11.79, Total avg process time: 0.0013s; 
[36m(SimpleStorageUnit pid=5545)[0m Time range: last 5.01 minutes; 
[36m(SimpleStorageUnit pid=5545)[0m Per-operation statistics: CLEAR_DATA: req_count=6, req/min=1.20, avg_time=0.001433s, max_time=0.002113s, min_time=0.001181s; GET_DATA: req_count=21, req/min=4.20, avg_time=0.001331s, max_time=0.002359s, min_time=0.000978s; PUT_DATA: req_count=32, req/min=6.39, avg_time=0.001249s, max_time=0.001767s, min_time=0.000963s
[36m(SimpleStorageUnit pid=5546)[0m 2026-08-08 01:43:06,415 - INFO - transfer_queue.utils.perf_utils - TQ_STORAGE_UNIT_aa034751: [Performance] Total success requests: 59, Total req/min: 11.62, Total avg process time: 0.0013s; [32m [repeated 4x across cluster][0m
[36m(SimpleStorageUnit pid=5546)[0m Time range: last 5.08 minutes; [32m [repeated 4x across cluster][0m
[36m(SimpleStorageUnit pid=5546)[0m Per-operation statistics: CLEAR_DATA: req_count=6, req/min=1.18, avg_time=0.001319s, max_time=0.001399s, min_time=0.001217s; GET_DATA: req_count=21, req/min=4.13, avg_time=0.001410s, max_time=0.002319s, min_time=0.001092s; PUT_DATA: req_count=32, req/min=6.30, avg_time=0.001139s, max_time=0.001799s, min_time=0.000956s[32m [repeated 4x across cluster][0m
[36m(SimpleStorageUnit pid=5549)[0m Per-operation statistics: PUT_DATA: req_count=33, req/min=6.43, avg_time=0.001166s, max_time=0.001843s, min_time=0.000949s; CLEAR_DATA: req_count=6, req/min=1.17, avg_time=0.001349s, max_time=0.001462s, min_time=0.001200s; GET_DATA: req_count=21, req/min=4.09, avg_time=0.001521s, max_time=0.002245s, min_time=0.001118s
[36m(TaskRunnerV1 pid=4817)[0m INFO:2026-08-08 01:43:24,686:pending: 0, running: 6, finished: 2, failure: 0
[36m(SimpleStorageUnit pid=5548)[0m 2026-08-08 01:43:10,183 - INFO - transfer_queue.utils.perf_utils - TQ_STORAGE_UNIT_30983958: [Performance] Total success requests: 60, Total req/min: 11.62, Total avg process time: 0.0013s; [32m [repeated 3x across cluster][0m
[36m(SimpleStorageUnit pid=5548)[0m Time range: last 5.16 minutes; [32m [repeated 3x across cluster][0m
[36m(SimpleStorageUnit pid=5548)[0m Per-operation statistics: CLEAR_DATA: req_count=6, req/min=1.16, avg_time=0.001428s, max_time=0.001682s, min_time=0.001192s; GET_DATA: req_count=21, req/min=4.07, avg_time=0.001402s, max_time=0.002187s, min_time=0.001044s; PUT_DATA: req_count=33, req/min=6.39, avg_time=0.001195s, max_time=0.001727s, min_time=0.000956s[32m [repeated 2x across cluster][0m
[36m(TaskRunnerV1 pid=4817)[0m INFO:2026-08-08 01:44:24,753:pending: 0, running: 1, finished: 7, failure: 0
[36m(vLLMHttpServer pid=7994)[0m (EngineCore pid=9027) WARNING 08-08 01:45:13 [scheduler.py:1919] reset_connector called but no KV connector is configured.[32m [repeated 6x across cluster][0m
[36m(vLLMHttpServer pid=7995)[0m (Worker pid=9278) WARNING 08-08 01:42:23 [layerwise.py:225] RotaryEmbedding: Failed to load weights
[36m(vLLMHttpServer pid=7994)[0m (Worker pid=9290) WARNING 08-08 01:45:14 [layerwise.py:225] RotaryEmbedding: Failed to load weights
[36m(TaskRunnerV1 pid=4817)[0m step:39 - global_seqlen/min:201654.0 - global_seqlen/max:474808.0 - global_seqlen/minmax_diff:273154.0 - global_seqlen/balanced_min:338175.0 - global_seqlen/balanced_max:338287.0 - global_seqlen/mean:338231.0 - actor/entropy:1.0650038719177246 - training/rollout_probs_diff_valid:1.0 - training/rollout_probs_diff_max:0.9973625540733337 - training/rollout_probs_diff_mean:0.005371753592044115 - training/rollout_probs_diff_std:0.008618154563009739 - training/rollout_actor_probs_pearson_corr:0.9996116161346436 - rollout_corr/training_ppl:2.7141294479370117 - rollout_corr/training_log_ppl:0.9783448576927185 - rollout_corr/kl:0.0007037805626168847 - rollout_corr/k3_kl:0.0007482880027964711 - rollout_corr/rollout_ppl:2.7122015953063965 - rollout_corr/rollout_log_ppl:0.9776387214660645 - rollout_corr/log_ppl_diff:0.0007060766220092773 - rollout_corr/log_ppl_abs_diff:0.0007589878514409065 - rollout_corr/log_ppl_diff_max:0.0021692514419555664 - rollout_corr/log_ppl_diff_min:-0.0007524192333221436 - rollout_corr/ppl_ratio:1.000706434249878 - rollout_corr/chi2_token:0.0015703439712524414 - rollout_corr/chi2_seq:28.590559005737305 - actor/pg_clipfrac:0.0 - actor/ppo_kl:0.0 - actor/pg_clipfrac_lower:0.0 - actor/pg_loss:0.07722052990084194 - actor/loss:0.07722052931785583 - actor/grad_norm:0.1032429188489914 - actor/lr:1e-06 - actor/perf/max_memory_allocated_gb:38.752150535583496 - actor/perf/max_memory_reserved_gb:54.07421875 - actor/perf/cpu_memory_used_gb:43.843990325927734 - perf/mfu/actor:0.3074035929767777 - training/global_step:39 - training/epoch:0 - critic/score/mean:0.373046875 - critic/score/max:1.0 - critic/score/min:0.0 - critic/rewards/mean:0.373046875 - critic/rewards/max:1.0 - critic/rewards/min:0.0 - critic/advantages/mean:-0.07722055166959763 - critic/advantages/max:1.6201711893081665 - critic/advantages/min:-2.441600799560547 - critic/returns/mean:-0.07722055166959763 - critic/returns/max:1.6201711893081665 - critic/returns/min:-2.441600799560547 - response_length/mean:10114.71875 - response_length/max:16384.0 - response_length/min:1299.0 - response_length/clip_ratio:0.09375 - response_length_non_aborted/mean:10114.71875 - response_length_non_aborted/max:16384.0 - response_length_non_aborted/min:1299.0 - response_length_non_aborted/clip_ratio:0.09375 - response/aborted_ratio:0.0 - prompt_length/mean:455.0 - prompt_length/max:569.0 - prompt_length/min:305.0 - prompt_length/clip_ratio:0.125 - timing_s/gen:148.68087615200784 - timing_s/old_log_prob:4.46434630593285 - timing_s/adv:0.09838723507709801 - timing_s/update_actor:15.631644210079685 - timing_s/update_weights:1.8876790999202058 - timing_s/step:170.78170949104242 - timing_per_token_ms/adv:0.00014544384618367034 - timing_per_token_ms/update_actor:0.02310794133311211 - timing_per_token_ms/gen:0.22967901998017715 - perf/total_num_tokens:676462 - perf/time_per_step:170.78170949104242 - perf/throughput:1980.4872606556287 - training/num_turns/mean:np.float64(2.0) - training/num_turns/max:np.int64(2) - training/num_turns/min:np.int64(2) - training/off_policy/trajectory_spans/mean:np.float64(1.0) - training/off_policy/trajectory_spans/max:np.int64(1) - training/off_policy/trajectory_spans/min:np.int64(1) - training/off_policy/trajectory_staleness/mean:np.float64(0.0) - training/off_policy/trajectory_staleness/max:np.int64(0) - training/off_policy/trajectory_staleness/min:np.int64(0) - training/off_policy/trajectory_staleness_worst/mean:np.float64(0.0) - training/off_policy/trajectory_staleness_worst/max:np.int64(0) - training/off_policy/trajectory_staleness_worst/min:np.int64(0)
[36m(TaskRunnerV1 pid=4817)[0m Training Progress:   6%|▌         | 39/640 [1:23:20<22:03:32, 132.13s/it]
[36m(TaskRunnerV1 pid=4817)[0m INFO:2026-08-08 01:46:15,531:pending: 0, running: 6, finished: 2, failure: 0
[36m(TransferQueueController pid=5376)[0m 2026-08-08 01:46:21,378 - INFO - transfer_queue.utils.perf_utils - TQ_CONTROLLER_450da3e2: [Performance] Total success requests: 558, Total req/min: 111.38, Total avg process time: 0.0002s; 
[36m(TransferQueueController pid=5376)[0m Time range: last 5.01 minutes; 
[36m(TransferQueueController pid=5376)[0m Per-operation statistics: KV_LIST: req_count=127, req/min=25.35, avg_time=0.000056s, max_time=0.000091s, min_time=0.000035s; KV_RETRIEVE_META: req_count=159, req/min=31.74, avg_time=0.000520s, max_time=0.001755s, min_time=0.000136s; NOTIFY_DATA_UPDATE: req_count=118, req/min=23.55, avg_time=0.000217s, max_time=0.000333s, min_time=0.000088s; SET_CUSTOM_META: req_count=148, req/min=29.54, avg_time=0.000021s, max_time=0.000044s, min_time=0.000009s; CLEAR_META: req_count=4, req/min=0.80, avg_time=0.000363s, max_time=0.000398s, min_time=0.000294s; KV_RETRIEVE_KEYS: req_count=2, req/min=0.40, avg_time=0.000041s, max_time=0.000044s, min_time=0.000038s
[36m(vLLMHttpServer pid=7994)[0m (EngineCore pid=9027) WARNING 08-08 01:46:51 [scheduler.py:1919] reset_connector called but no KV connector is configured.[32m [repeated 6x across cluster][0m
[36m(vLLMHttpServer pid=7995)[0m (Worker pid=9278) WARNING 08-08 01:45:14 [layerwise.py:225] RotaryEmbedding: Failed to load weights
[36m(vLLMHttpServer pid=7994)[0m (Worker pid=9290) WARNING 08-08 01:46:52 [layerwise.py:225] RotaryEmbedding: Failed to load weights
[36m(TaskRunnerV1 pid=4817)[0m step:40 - global_seqlen/min:259527.0 - global_seqlen/max:506382.0 - global_seqlen/minmax_diff:246855.0 - global_seqlen/balanced_min:382922.0 - global_seqlen/balanced_max:382987.0 - global_seqlen/mean:382954.5 - actor/entropy:1.137347936630249 - training/rollout_probs_diff_valid:1.0 - training/rollout_probs_diff_max:0.5058444142341614 - training/rollout_probs_diff_mean:0.005475832149386406 - training/rollout_probs_diff_std:0.008548171259462833 - training/rollout_actor_probs_pearson_corr:0.9996092319488525 - rollout_corr/training_ppl:3.0021920204162598 - rollout_corr/training_log_ppl:1.0863484144210815 - rollout_corr/kl:0.0007148038130253553 - rollout_corr/k3_kl:0.0007887204410508275 - rollout_corr/rollout_ppl:3.0000123977661133 - rollout_corr/rollout_log_ppl:1.085612416267395 - rollout_corr/log_ppl_diff:0.0007360456511378288 - rollout_corr/log_ppl_abs_diff:0.0007360456511378288 - rollout_corr/log_ppl_diff_max:0.0018047094345092773 - rollout_corr/log_ppl_diff_min:3.272294998168945e-05 - rollout_corr/ppl_ratio:1.0007362365722656 - rollout_corr/chi2_token:0.0017580986022949219 - rollout_corr/chi2_seq:-0.9793340563774109 - actor/pg_clipfrac:0.0 - actor/ppo_kl:0.0 - actor/pg_clipfrac_lower:0.0 - actor/pg_loss:0.01185747911222279 - actor/loss:0.011857477016746998 - actor/grad_norm:0.07726719975471497 - actor/lr:1e-06 - actor/perf/max_memory_allocated_gb:38.752150535583496 - actor/perf/max_memory_reserved_gb:54.07421875 - actor/perf/cpu_memory_used_gb:43.681758880615234 - perf/mfu/actor:0.30576223546544146 - training/global_step:40 - training/epoch:0 - critic/score/mean:0.02734375 - critic/score/max:0.625 - critic/score/min:0.0 - critic/rewards/mean:0.02734375 - critic/rewards/max:0.625 - critic/rewards/min:0.0 - critic/advantages/mean:-0.011857463046908379 - critic/advantages/max:2.4748177528381348 - critic/advantages/min:-0.5400586128234863 - critic/returns/mean:-0.011857463046908379 - critic/returns/max:2.4748177528381348 - critic/returns/min:-0.5400586128234863 - response_length/mean:11494.828125 - response_length/max:16384.0 - response_length/min:1390.0 - response_length/clip_ratio:0.203125 - response_length_non_aborted/mean:11494.828125 - response_length_non_aborted/max:16384.0 - response_length_non_aborted/min:1390.0 - response_length_non_aborted/clip_ratio:0.203125 - response/aborted_ratio:0.0 - prompt_length/mean:472.5 - prompt_length/max:735.0 - prompt_length/min:125.0 - prompt_length/clip_ratio:0.125 - timing_s/gen:72.59775361104403 - timing_s/old_log_prob:5.165662679937668 - timing_s/adv:0.09714828105643392 - timing_s/update_actor:18.215526008047163 - timing_s/update_weights:1.8761158509878442 - timing_s/step:97.97038816311397 - timing_per_token_ms/adv:0.0001268405007075696 - timing_per_token_ms/update_actor:0.023782885444677063 - timing_per_token_ms/gen:0.09868263255763669 - perf/total_num_tokens:765909 - perf/time_per_step:97.97038816311397 - perf/throughput:3908.880093058395 - training/num_turns/mean:np.float64(2.0) - training/num_turns/max:np.int64(2) - training/num_turns/min:np.int64(2) - training/off_policy/trajectory_spans/mean:np.float64(1.0) - training/off_policy/trajectory_spans/max:np.int64(1) - training/off_policy/trajectory_spans/min:np.int64(1) - training/off_policy/trajectory_staleness/mean:np.float64(0.0) - training/off_policy/trajectory_staleness/max:np.int64(0) - training/off_policy/trajectory_staleness/min:np.int64(0) - training/off_policy/trajectory_staleness_worst/mean:np.float64(0.0) - training/off_policy/trajectory_staleness_worst/max:np.int64(0) - training/off_policy/trajectory_staleness_worst/min:np.int64(0)
[36m(TaskRunnerV1 pid=4817)[0m Training Progress:   6%|▋         | 40/640 [1:24:58<20:19:01, 121.90s/it]
[36m(TaskRunnerV1 pid=4817)[0m INFO:2026-08-08 01:47:53,562:pending: 0, running: 5, finished: 3, failure: 0
[36m(SimpleStorageUnit pid=5545)[0m 2026-08-08 01:48:01,578 - INFO - transfer_queue.utils.perf_utils - TQ_STORAGE_UNIT_402cee8a: [Performance] Total success requests: 47, Total req/min: 9.39, Total avg process time: 0.0012s; 
[36m(SimpleStorageUnit pid=5545)[0m Time range: last 5.00 minutes; 
[36m(SimpleStorageUnit pid=5545)[0m Per-operation statistics: PUT_DATA: req_count=28, req/min=5.59, avg_time=0.001203s, max_time=0.001937s, min_time=0.000865s; CLEAR_DATA: req_count=5, req/min=1.00, avg_time=0.001228s, max_time=0.001382s, min_time=0.001094s; GET_DATA: req_count=14, req/min=2.80, avg_time=0.001321s, max_time=0.002080s, min_time=0.000967s
[36m(vLLMHttpServer pid=7994)[0m (EngineCore pid=9027) WARNING 08-08 01:48:22 [scheduler.py:1919] reset_connector called but no KV connector is configured.[32m [repeated 6x across cluster][0m
[36m(vLLMHttpServer pid=7995)[0m (Worker pid=9278) WARNING 08-08 01:46:52 [layerwise.py:225] RotaryEmbedding: Failed to load weights
[36m(vLLMHttpServer pid=7994)[0m (Worker pid=9290) WARNING 08-08 01:48:23 [layerwise.py:225] RotaryEmbedding: Failed to load weights
[36m(TaskRunnerV1 pid=4817)[0m step:41 - global_seqlen/min:222868.0 - global_seqlen/max:464616.0 - global_seqlen/minmax_diff:241748.0 - global_seqlen/balanced_min:343476.0 - global_seqlen/balanced_max:344008.0 - global_seqlen/mean:343742.0 - actor/entropy:1.0446289777755737 - training/rollout_probs_diff_valid:1.0 - training/rollout_probs_diff_max:0.4849590063095093 - training/rollout_probs_diff_mean:0.005200795363634825 - training/rollout_probs_diff_std:0.008482467383146286 - training/rollout_actor_probs_pearson_corr:0.999623715877533 - rollout_corr/training_ppl:2.7158000469207764 - rollout_corr/training_log_ppl:0.9855684041976929 - rollout_corr/kl:0.0007506503607146442 - rollout_corr/k3_kl:0.0007261222926899791 - rollout_corr/rollout_ppl:2.713808298110962 - rollout_corr/rollout_log_ppl:0.9848571419715881 - rollout_corr/log_ppl_diff:0.0007112380117177963 - rollout_corr/log_ppl_abs_diff:0.0007436368614435196 - rollout_corr/log_ppl_diff_max:0.001483917236328125 - rollout_corr/log_ppl_diff_min:-0.0009028315544128418 - rollout_corr/ppl_ratio:1.0007116794586182 - rollout_corr/chi2_token:0.001392364501953125 - rollout_corr/chi2_seq:-0.5064469575881958 - actor/pg_clipfrac:0.0 - actor/ppo_kl:0.0 - actor/pg_clipfrac_lower:0.0 - actor/pg_loss:0.007478750078007579 - actor/loss:0.007478745654225349 - actor/grad_norm:0.07261569052934647 - actor/lr:1e-06 - actor/perf/max_memory_allocated_gb:38.752150535583496 - actor/perf/max_memory_reserved_gb:54.07421875 - actor/perf/cpu_memory_used_gb:43.623329162597656 - perf/mfu/actor:0.31060833716776776 - training/global_step:41 - training/epoch:0 - critic/score/mean:0.21484375 - critic/score/max:1.0 - critic/score/min:0.0 - critic/rewards/mean:0.21484375 - critic/rewards/max:1.0 - critic/rewards/min:0.0 - critic/advantages/mean:-0.007478747051209211 - critic/advantages/max:1.0729900598526 - critic/advantages/min:-1.9030687808990479 - critic/returns/mean:-0.007478747051209211 - critic/returns/max:1.0729900598526 - critic/returns/min:-1.9030687808990479 - response_length/mean:10297.9375 - response_length/max:16384.0 - response_length/min:1212.0 - response_length/clip_ratio:0.09375 - response_length_non_aborted/mean:10297.9375 - response_length_non_aborted/max:16384.0 - response_length_non_aborted/min:1212.0 - response_length_non_aborted/clip_ratio:0.09375 - response/aborted_ratio:0.0 - prompt_length/mean:444.0 - prompt_length/max:785.0 - prompt_length/min:150.0 - prompt_length/clip_ratio:0.125 - timing_s/gen:68.57715335697867 - timing_s/old_log_prob:4.5519736730493605 - timing_s/adv:0.09339477506000549 - timing_s/update_actor:15.689403146039695 - timing_s/update_weights:1.8411395270377398 - timing_s/step:90.77479610603768 - timing_per_token_ms/adv:0.0001358501071443197 - timing_per_token_ms/update_actor:0.022821481148709927 - timing_per_token_ms/gen:0.1040517114424895 - perf/total_num_tokens:687484 - perf/time_per_step:90.77479610603768 - perf/throughput:3786.7559581016426 - training/num_turns/mean:np.float64(2.0) - training/num_turns/max:np.int64(2) - training/num_turns/min:np.int64(2) - training/off_policy/trajectory_spans/mean:np.float64(1.0) - training/off_policy/trajectory_spans/max:np.int64(1) - training/off_policy/trajectory_spans/min:np.int64(1) - training/off_policy/trajectory_staleness/mean:np.float64(0.0) - training/off_policy/trajectory_staleness/max:np.int64(0) - training/off_policy/trajectory_staleness/min:np.int64(0) - training/off_policy/trajectory_staleness_worst/mean:np.float64(0.0) - training/off_policy/trajectory_staleness_worst/max:np.int64(0) - training/off_policy/trajectory_staleness_worst/min:np.int64(0)
[36m(TaskRunnerV1 pid=4817)[0m Training Progress:   6%|▋         | 41/640 [1:26:29<18:43:57, 112.58s/it]
[36m(SimpleStorageUnit pid=5546)[0m 2026-08-08 01:48:06,555 - INFO - transfer_queue.utils.perf_utils - TQ_STORAGE_UNIT_aa034751: [Performance] Total success requests: 50, Total req/min: 10.00, Total avg process time: 0.0013s; [32m [repeated 4x across cluster][0m
[36m(SimpleStorageUnit pid=5546)[0m Time range: last 5.00 minutes; [32m [repeated 4x across cluster][0m
[36m(SimpleStorageUnit pid=5546)[0m Per-operation statistics: PUT_DATA: req_count=29, req/min=5.80, avg_time=0.001166s, max_time=0.001758s, min_time=0.000969s; CLEAR_DATA: req_count=5, req/min=1.00, avg_time=0.001399s, max_time=0.002059s, min_time=0.001129s; GET_DATA: req_count=16, req/min=3.20, avg_time=0.001490s, max_time=0.002007s, min_time=0.001127s[32m [repeated 4x across cluster][0m
[36m(vLLMHttpServer pid=7994)[0m (EngineCore pid=9027) WARNING 08-08 01:49:33 [scheduler.py:1919] reset_connector called but no KV connector is configured.[32m [repeated 6x across cluster][0m
[36m(vLLMHttpServer pid=7995)[0m (Worker pid=9278) WARNING 08-08 01:48:23 [layerwise.py:225] RotaryEmbedding: Failed to load weights
[36m(vLLMHttpServer pid=7994)[0m (Worker pid=9290) WARNING 08-08 01:49:34 [layerwise.py:225] RotaryEmbedding: Failed to load weights
[36m(TaskRunnerV1 pid=4817)[0m step:42 - global_seqlen/min:158154.0 - global_seqlen/max:360868.0 - global_seqlen/minmax_diff:202714.0 - global_seqlen/balanced_min:259265.0 - global_seqlen/balanced_max:259757.0 - global_seqlen/mean:259511.0 - actor/entropy:1.079849362373352 - training/rollout_probs_diff_valid:1.0 - training/rollout_probs_diff_max:0.2839100956916809 - training/rollout_probs_diff_mean:0.005301379598677158 - training/rollout_probs_diff_std:0.008444909937679768 - training/rollout_actor_probs_pearson_corr:0.9996157884597778 - rollout_corr/training_ppl:2.8302993774414062 - rollout_corr/training_log_ppl:1.0295438766479492 - rollout_corr/kl:0.0006878542480990291 - rollout_corr/k3_kl:0.0007367382640950382 - rollout_corr/rollout_ppl:2.8283133506774902 - rollout_corr/rollout_log_ppl:1.0288445949554443 - rollout_corr/log_ppl_diff:0.0006993450224399567 - rollout_corr/log_ppl_abs_diff:0.0007428396493196487 - rollout_corr/log_ppl_diff_max:0.0018805265426635742 - rollout_corr/log_ppl_diff_min:-0.0007954835891723633 - rollout_corr/ppl_ratio:1.000699758529663 - rollout_corr/chi2_token:0.0015833377838134766 - rollout_corr/chi2_seq:3.856189727783203 - actor/pg_clipfrac:0.0 - actor/ppo_kl:0.0 - actor/pg_clipfrac_lower:0.0 - actor/pg_loss:0.06940636178478599 - actor/loss:0.06940635293722153 - actor/grad_norm:0.12345217168331146 - actor/lr:1e-06 - actor/perf/max_memory_allocated_gb:38.752150535583496 - actor/perf/max_memory_reserved_gb:54.07421875 - actor/perf/cpu_memory_used_gb:43.69234085083008 - perf/mfu/actor:0.3110510476310678 - training/global_step:42 - training/epoch:0 - critic/score/mean:0.432291716337204 - critic/score/max:1.0 - critic/score/min:0.0 - critic/rewards/mean:0.432291716337204 - critic/rewards/max:1.0 - critic/rewards/min:0.0 - critic/advantages/mean:-0.06940633803606033 - critic/advantages/max:0.935412585735321 - critic/advantages/min:-1.75899338722229 - critic/returns/mean:-0.06940633803606033 - critic/returns/max:0.935412585735321 - critic/returns/min:-1.75899338722229 - response_length/mean:7696.84375 - response_length/max:16384.0 - response_length/min:2132.0 - response_length/clip_ratio:0.015625 - response_length_non_aborted/mean:7696.84375 - response_length_non_aborted/max:16384.0 - response_length_non_aborted/min:2132.0 - response_length_non_aborted/clip_ratio:0.015625 - response/aborted_ratio:0.0 - prompt_length/mean:412.875 - prompt_length/max:600.0 - prompt_length/min:97.0 - prompt_length/clip_ratio:0.125 - timing_s/gen:54.59065465896856 - timing_s/old_log_prob:3.3114390729460865 - timing_s/adv:0.09167353005614132 - timing_s/update_actor:11.23537850403227 - timing_s/update_weights:1.8698168629780412 - timing_s/step:71.11677016806789 - timing_per_token_ms/adv:0.00017662744557290697 - timing_per_token_ms/update_actor:0.021647210530636986 - timing_per_token_ms/gen:0.1108219169768626 - perf/total_num_tokens:519022 - perf/time_per_step:71.11677016806789 - perf/throughput:3649.083041689131 - training/num_turns/mean:np.float64(2.0) - training/num_turns/max:np.int64(2) - training/num_turns/min:np.int64(2) - training/off_policy/trajectory_spans/mean:np.float64(1.0) - training/off_policy/trajectory_spans/max:np.int64(1) - training/off_policy/trajectory_spans/min:np.int64(1) - training/off_policy/trajectory_staleness/mean:np.float64(0.0) - training/off_policy/trajectory_staleness/max:np.int64(0) - training/off_policy/trajectory_staleness/min:np.int64(0) - training/off_policy/trajectory_staleness_worst/mean:np.float64(0.0) - training/off_policy/trajectory_staleness_worst/max:np.int64(0) - training/off_policy/trajectory_staleness_worst/min:np.int64(0)
[36m(TaskRunnerV1 pid=4817)[0m Training Progress:   7%|▋         | 42/640 [1:27:40<16:38:16, 100.16s/it]
[36m(SimpleStorageUnit pid=5549)[0m 2026-08-08 01:48:24,279 - INFO - transfer_queue.utils.perf_utils - TQ_STORAGE_UNIT_1d3193ae: [Performance] Total success requests: 58, Total req/min: 11.00, Total avg process time: 0.0013s; [32m [repeated 3x across cluster][0m
[36m(SimpleStorageUnit pid=5549)[0m Time range: last 5.27 minutes; [32m [repeated 3x across cluster][0m
[36m(SimpleStorageUnit pid=5549)[0m Per-operation statistics: PUT_DATA: req_count=32, req/min=6.07, avg_time=0.001196s, max_time=0.001691s, min_time=0.000950s; CLEAR_DATA: req_count=5, req/min=0.95, avg_time=0.001386s, max_time=0.001873s, min_time=0.001155s; GET_DATA: req_count=21, req/min=3.98, avg_time=0.001456s, max_time=0.001950s, min_time=0.001054s[32m [repeated 3x across cluster][0m
[36m(TaskRunnerV1 pid=4817)[0m INFO:2026-08-08 01:50:35,576:pending: 0, running: 5, finished: 3, failure: 0
[36m(TransferQueueController pid=5376)[0m 2026-08-08 01:51:21,628 - INFO - transfer_queue.utils.perf_utils - TQ_CONTROLLER_450da3e2: [Performance] Total success requests: 922, Total req/min: 184.25, Total avg process time: 0.0002s; 
[36m(TransferQueueController pid=5376)[0m Time range: last 5.00 minutes; 
[36m(TransferQueueController pid=5376)[0m Per-operation statistics: NOTIFY_DATA_UPDATE: req_count=222, req/min=44.36, avg_time=0.000207s, max_time=0.000286s, min_time=0.000082s; SET_CUSTOM_META: req_count=278, req/min=55.55, avg_time=0.000020s, max_time=0.000050s, min_time=0.000007s; KV_LIST: req_count=121, req/min=24.18, avg_time=0.000052s, max_time=0.000084s, min_time=0.000035s; KV_RETRIEVE_META: req_count=292, req/min=58.35, avg_time=0.000477s, max_time=0.002736s, min_time=0.000133s; CLEAR_META: req_count=6, req/min=1.20, avg_time=0.000303s, max_time=0.000358s, min_time=0.000255s; KV_RETRIEVE_KEYS: req_count=3, req/min=0.60, avg_time=0.000039s, max_time=0.000045s, min_time=0.000034s
[36m(TaskRunnerV1 pid=4817)[0m INFO:2026-08-08 01:51:35,643:pending: 0, running: 1, finished: 7, failure: 0
[36m(vLLMHttpServer pid=7994)[0m (EngineCore pid=9027) WARNING 08-08 01:52:27 [scheduler.py:1919] reset_connector called but no KV connector is configured.[32m [repeated 6x across cluster][0m
[36m(vLLMHttpServer pid=7995)[0m (Worker pid=9278) WARNING 08-08 01:49:34 [layerwise.py:225] RotaryEmbedding: Failed to load weights
[36m(vLLMHttpServer pid=7994)[0m (Worker pid=9290) WARNING 08-08 01:52:28 [layerwise.py:225] RotaryEmbedding: Failed to load weights
[36m(TaskRunnerV1 pid=4817)[0m step:43 - global_seqlen/min:293108.0 - global_seqlen/max:495363.0 - global_seqlen/minmax_diff:202255.0 - global_seqlen/balanced_min:394166.0 - global_seqlen/balanced_max:394305.0 - global_seqlen/mean:394235.5 - actor/entropy:1.213562250137329 - training/rollout_probs_diff_valid:1.0 - training/rollout_probs_diff_max:0.9334984421730042 - training/rollout_probs_diff_mean:0.0056195855140686035 - training/rollout_probs_diff_std:0.008794876746833324 - training/rollout_actor_probs_pearson_corr:0.999581515789032 - rollout_corr/training_ppl:3.2875566482543945 - rollout_corr/training_log_ppl:1.1832618713378906 - rollout_corr/kl:0.0007787750801071525 - rollout_corr/k3_kl:0.0008152530062943697 - rollout_corr/rollout_ppl:3.285060405731201 - rollout_corr/rollout_log_ppl:1.1825079917907715 - rollout_corr/log_ppl_diff:0.0007538944482803345 - rollout_corr/log_ppl_abs_diff:0.0007538944482803345 - rollout_corr/log_ppl_diff_max:0.0016210079193115234 - rollout_corr/log_ppl_diff_min:8.404254913330078e-05 - rollout_corr/ppl_ratio:1.0007542371749878 - rollout_corr/chi2_token:0.0016858577728271484 - rollout_corr/chi2_seq:-0.9842242002487183 - actor/pg_clipfrac:0.0 - actor/ppo_kl:0.0 - actor/pg_clipfrac_lower:0.0 - actor/pg_loss:0.02011603955179453 - actor/loss:0.020116040483117104 - actor/grad_norm:0.036706820130348206 - actor/lr:1e-06 - actor/perf/max_memory_allocated_gb:38.752150535583496 - actor/perf/max_memory_reserved_gb:54.07421875 - actor/perf/cpu_memory_used_gb:43.899044036865234 - perf/mfu/actor:0.3120994609952624 - training/global_step:43 - training/epoch:0 - critic/score/mean:0.087890625 - critic/score/max:1.0 - critic/score/min:0.0 - critic/rewards/mean:0.087890625 - critic/rewards/max:1.0 - critic/rewards/min:0.0 - critic/advantages/mean:-0.020116053521633148 - critic/advantages/max:0.9710325002670288 - critic/advantages/min:-1.8909580707550049 - critic/returns/mean:-0.020116053521633148 - critic/returns/max:0.9710325002670288 - critic/returns/min:-1.8909580707550049 - response_length/mean:11824.109375 - response_length/max:16384.0 - response_length/min:1728.0 - response_length/clip_ratio:0.078125 - response_length_non_aborted/mean:11824.109375 - response_length_non_aborted/max:16384.0 - response_length_non_aborted/min:1728.0 - response_length_non_aborted/clip_ratio:0.078125 - response/aborted_ratio:0.0 - prompt_length/mean:495.75 - prompt_length/max:735.0 - prompt_length/min:320.0 - prompt_length/clip_ratio:0.125 - timing_s/gen:148.68086881993804 - timing_s/old_log_prob:5.279542842064984 - timing_s/adv:0.0929134750040248 - timing_s/update_actor:18.22049691202119 - timing_s/update_weights:1.8631045250222087 - timing_s/step:174.15401641395874 - timing_per_token_ms/adv:0.00011784006641211257 - timing_per_token_ms/update_actor:0.023108645609060053 - timing_per_token_ms/gen:0.19647471971321576 - perf/total_num_tokens:788471 - perf/time_per_step:174.15401641395874 - perf/throughput:2263.7175307109446 - training/num_turns/mean:np.float64(2.0) - training/num_turns/max:np.int64(2) - training/num_turns/min:np.int64(2) - training/off_policy/trajectory_spans/mean:np.float64(1.0) - training/off_policy/trajectory_spans/max:np.int64(1) - training/off_policy/trajectory_spans/min:np.int64(1) - training/off_policy/trajectory_staleness/mean:np.float64(0.0) - training/off_policy/trajectory_staleness/max:np.int64(0) - training/off_policy/trajectory_staleness/min:np.int64(0) - training/off_policy/trajectory_staleness_worst/mean:np.float64(0.0) - training/off_policy/trajectory_staleness_worst/max:np.int64(0) - training/off_policy/trajectory_staleness_worst/min:np.int64(0)
[36m(TaskRunnerV1 pid=4817)[0m Training Progress:   7%|▋         | 43/640 [1:30:34<20:17:40, 122.38s/it]
[36m(SimpleStorageUnit pid=5545)[0m 2026-08-08 01:53:05,232 - INFO - transfer_queue.utils.perf_utils - TQ_STORAGE_UNIT_402cee8a: [Performance] Total success requests: 57, Total req/min: 11.26, Total avg process time: 0.0012s; 
[36m(SimpleStorageUnit pid=5545)[0m Time range: last 5.06 minutes; 
[36m(SimpleStorageUnit pid=5545)[0m Per-operation statistics: GET_DATA: req_count=21, req/min=4.15, avg_time=0.001280s, max_time=0.001987s, min_time=0.000913s; PUT_DATA: req_count=31, req/min=6.13, avg_time=0.001074s, max_time=0.001253s, min_time=0.000959s; CLEAR_DATA: req_count=5, req/min=0.99, avg_time=0.001591s, max_time=0.001939s, min_time=0.001173s
[36m(SimpleStorageUnit pid=5547)[0m 2026-08-08 01:53:11,909 - INFO - transfer_queue.utils.perf_utils - TQ_STORAGE_UNIT_711be711: [Performance] Total success requests: 56, Total req/min: 10.85, Total avg process time: 0.0012s; 
[36m(SimpleStorageUnit pid=5547)[0m Time range: last 5.16 minutes; 
[36m(SimpleStorageUnit pid=5547)[0m Per-operation statistics: GET_DATA: req_count=20, req/min=3.87, avg_time=0.001281s, max_time=0.002032s, min_time=0.001035s; PUT_DATA: req_count=31, req/min=6.00, avg_time=0.001172s, max_time=0.001739s, min_time=0.000928s; CLEAR_DATA: req_count=5, req/min=0.97, avg_time=0.001254s, max_time=0.001479s, min_time=0.001043s
[36m(SimpleStorageUnit pid=5550)[0m 2026-08-08 01:53:13,033 - INFO - transfer_queue.utils.perf_utils - TQ_STORAGE_UNIT_c7198b3e: [Performance] Total success requests: 54, Total req/min: 10.57, Total avg process time: 0.0013s; 
[36m(SimpleStorageUnit pid=5550)[0m Time range: last 5.11 minutes; 
[36m(SimpleStorageUnit pid=5550)[0m Per-operation statistics: PUT_DATA: req_count=30, req/min=5.87, avg_time=0.001143s, max_time=0.001799s, min_time=0.000928s; GET_DATA: req_count=19, req/min=3.72, avg_time=0.001415s, max_time=0.002016s, min_time=0.001034s; CLEAR_DATA: req_count=5, req/min=0.98, avg_time=0.001345s, max_time=0.001467s, min_time=0.001155s
[36m(SimpleStorageUnit pid=5546)[0m 2026-08-08 01:53:18,968 - INFO - transfer_queue.utils.perf_utils - TQ_STORAGE_UNIT_aa034751: [Performance] Total success requests: 54, Total req/min: 10.37, Total avg process time: 0.0013s; [32m [repeated 2x across cluster][0m
[36m(SimpleStorageUnit pid=5546)[0m Time range: last 5.21 minutes; [32m [repeated 2x across cluster][0m
[36m(SimpleStorageUnit pid=5546)[0m Per-operation statistics: PUT_DATA: req_count=30, req/min=5.76, avg_time=0.001156s, max_time=0.001655s, min_time=0.000874s; GET_DATA: req_count=19, req/min=3.65, avg_time=0.001448s, max_time=0.001948s, min_time=0.001118s; CLEAR_DATA: req_count=5, req/min=0.96, avg_time=0.001493s, max_time=0.002047s, min_time=0.001111s[32m [repeated 2x across cluster][0m
[36m(SimpleStorageUnit pid=5549)[0m Per-operation statistics: CLEAR_DATA: req_count=5, req/min=1.00, avg_time=0.001378s, max_time=0.001966s, min_time=0.001136s; PUT_DATA: req_count=28, req/min=5.59, avg_time=0.001163s, max_time=0.001620s, min_time=0.000934s; GET_DATA: req_count=14, req/min=2.80, avg_time=0.001424s, max_time=0.001927s, min_time=0.001059s
[36m(SimpleStorageUnit pid=5549)[0m 2026-08-08 01:53:24,639 - INFO - transfer_queue.utils.perf_utils - TQ_STORAGE_UNIT_1d3193ae: [Performance] Total success requests: 47, Total req/min: 9.39, Total avg process time: 0.0013s; 
[36m(SimpleStorageUnit pid=5549)[0m Time range: last 5.01 minutes; 
[36m(SimpleStorageUnit pid=5548)[0m 2026-08-08 01:53:27,089 - INFO - transfer_queue.utils.perf_utils - TQ_STORAGE_UNIT_30983958: [Performance] Total success requests: 48, Total req/min: 9.51, Total avg process time: 0.0012s; 
[36m(SimpleStorageUnit pid=5548)[0m Time range: last 5.05 minutes; 
[36m(TaskRunnerV1 pid=4817)[0m INFO:2026-08-08 01:53:29,804:pending: 0, running: 6, finished: 2, failure: 0
[36m(SimpleStorageUnit pid=5552)[0m Per-operation statistics: CLEAR_DATA: req_count=5, req/min=0.98, avg_time=0.001373s, max_time=0.001549s, min_time=0.001179s; PUT_DATA: req_count=29, req/min=5.70, avg_time=0.001117s, max_time=0.001617s, min_time=0.000910s; GET_DATA: req_count=14, req/min=2.75, avg_time=0.001583s, max_time=0.002085s, min_time=0.001114s[32m [repeated 2x across cluster][0m
[36m(TaskRunnerV1 pid=4817)[0m INFO:2026-08-08 01:54:29,872:pending: 0, running: 1, finished: 7, failure: 0
[36m(SimpleStorageUnit pid=5552)[0m 2026-08-08 01:53:29,326 - INFO - transfer_queue.utils.perf_utils - TQ_STORAGE_UNIT_32f050ae: [Performance] Total success requests: 48, Total req/min: 9.44, Total avg process time: 0.0013s; 
[36m(SimpleStorageUnit pid=5552)[0m Time range: last 5.08 minutes; 
[36m(vLLMHttpServer pid=7994)[0m (EngineCore pid=9027) WARNING 08-08 01:55:15 [scheduler.py:1919] reset_connector called but no KV connector is configured.[32m [repeated 6x across cluster][0m
[36m(vLLMHttpServer pid=7995)[0m (Worker pid=9278) WARNING 08-08 01:52:28 [layerwise.py:225] RotaryEmbedding: Failed to load weights
[36m(vLLMHttpServer pid=7994)[0m (Worker pid=9290) WARNING 08-08 01:55:15 [layerwise.py:225] RotaryEmbedding: Failed to load weights
[36m(TaskRunnerV1 pid=4817)[0m step:44 - global_seqlen/min:263143.0 - global_seqlen/max:494155.0 - global_seqlen/minmax_diff:231012.0 - global_seqlen/balanced_min:378626.0 - global_seqlen/balanced_max:378672.0 - global_seqlen/mean:378649.0 - actor/entropy:1.1713851690292358 - training/rollout_probs_diff_valid:1.0 - training/rollout_probs_diff_max:0.7599432468414307 - training/rollout_probs_diff_mean:0.0055329748429358006 - training/rollout_probs_diff_std:0.008658082224428654 - training/rollout_actor_probs_pearson_corr:0.9995945692062378 - rollout_corr/training_ppl:3.062032699584961 - rollout_corr/training_log_ppl:1.09812331199646 - rollout_corr/kl:0.000789400830399245 - rollout_corr/k3_kl:0.0007845377549529076 - rollout_corr/rollout_ppl:3.0596230030059814 - rollout_corr/rollout_log_ppl:1.0973559617996216 - rollout_corr/log_ppl_diff:0.0007672728970646858 - rollout_corr/log_ppl_abs_diff:0.0008042389526963234 - rollout_corr/log_ppl_diff_max:0.0016666650772094727 - rollout_corr/log_ppl_diff_min:-0.0006853342056274414 - rollout_corr/ppl_ratio:1.0007675886154175 - rollout_corr/chi2_token:0.0015566349029541016 - rollout_corr/chi2_seq:0.8923890590667725 - actor/pg_clipfrac:0.0 - actor/ppo_kl:0.0 - actor/pg_clipfrac_lower:0.0 - actor/pg_loss:0.024300951277837157 - actor/loss:0.0243009552359581 - actor/grad_norm:0.06622075289487839 - actor/lr:1e-06 - actor/perf/max_memory_allocated_gb:38.752150535583496 - actor/perf/max_memory_reserved_gb:54.07421875 - actor/perf/cpu_memory_used_gb:44.10231018066406 - perf/mfu/actor:0.31016280571322646 - training/global_step:44 - training/epoch:0 - critic/score/mean:0.263671875 - critic/score/max:1.0 - critic/score/min:0.0 - critic/rewards/mean:0.263671875 - critic/rewards/max:1.0 - critic/rewards/min:0.0 - critic/advantages/mean:-0.024300962686538696 - critic/advantages/max:2.0754895210266113 - critic/advantages/min:-1.2009649276733398 - critic/returns/mean:-0.024300962686538696 - critic/returns/max:2.0754895210266113 - critic/returns/min:-1.2009649276733398 - response_length/mean:11450.15625 - response_length/max:16384.0 - response_length/min:1998.0 - response_length/clip_ratio:0.140625 - response_length_non_aborted/mean:11450.15625 - response_length_non_aborted/max:16384.0 - response_length_non_aborted/min:1998.0 - response_length_non_aborted/clip_ratio:0.140625 - response/aborted_ratio:0.0 - prompt_length/mean:382.625 - prompt_length/max:830.0 - prompt_length/min:153.0 - prompt_length/clip_ratio:0.125 - timing_s/gen:142.67541342496406 - timing_s/old_log_prob:5.039592007989995 - timing_s/adv:0.09859873005189002 - timing_s/update_actor:17.604480884969234 - timing_s/update_weights:1.8640934710856527 - timing_s/step:167.3041261259932 - timing_per_token_ms/adv:0.0001301980594850244 - timing_per_token_ms/update_actor:0.02324643784212983 - timing_per_token_ms/gen:0.19469632432003392 - perf/total_num_tokens:757298 - perf/time_per_step:167.3041261259932 - perf/throughput:2263.2376664449234 - training/num_turns/mean:np.float64(2.0) - training/num_turns/max:np.int64(2) - training/num_turns/min:np.int64(2) - training/off_policy/trajectory_spans/mean:np.float64(1.0) - training/off_policy/trajectory_spans/max:np.int64(1) - training/off_policy/trajectory_spans/min:np.int64(1) - training/off_policy/trajectory_staleness/mean:np.float64(0.0) - training/off_policy/trajectory_staleness/max:np.int64(0) - training/off_policy/trajectory_staleness/min:np.int64(0) - training/off_policy/trajectory_staleness_worst/mean:np.float64(0.0) - training/off_policy/trajectory_staleness_worst/max:np.int64(0) - training/off_policy/trajectory_staleness_worst/min:np.int64(0)
[36m(TaskRunnerV1 pid=4817)[0m Training Progress:   7%|▋         | 44/640 [1:33:21<22:29:42, 135.88s/it]
[36m(TaskRunnerV1 pid=4817)[0m INFO:2026-08-08 01:56:17,168:pending: 0, running: 4, finished: 4, failure: 0
[36m(TransferQueueController pid=5376)[0m 2026-08-08 01:56:21,703 - INFO - transfer_queue.utils.perf_utils - TQ_CONTROLLER_450da3e2: [Performance] Total success requests: 629, Total req/min: 125.77, Total avg process time: 0.0002s; 
[36m(TransferQueueController pid=5376)[0m Time range: last 5.00 minutes; 
[36m(TransferQueueController pid=5376)[0m Per-operation statistics: KV_RETRIEVE_META: req_count=185, req/min=36.99, avg_time=0.000508s, max_time=0.002895s, min_time=0.000140s; NOTIFY_DATA_UPDATE: req_count=138, req/min=27.59, avg_time=0.000208s, max_time=0.000294s, min_time=0.000094s; SET_CUSTOM_META: req_count=173, req/min=34.59, avg_time=0.000020s, max_time=0.000045s, min_time=0.000008s; KV_LIST: req_count=126, req/min=25.19, avg_time=0.000054s, max_time=0.000079s, min_time=0.000037s; CLEAR_META: req_count=5, req/min=1.00, avg_time=0.000330s, max_time=0.000450s, min_time=0.000254s; KV_RETRIEVE_KEYS: req_count=2, req/min=0.40, avg_time=0.000041s, max_time=0.000041s, min_time=0.000041s
[36m(vLLMHttpServer pid=7994)[0m (EngineCore pid=9027) WARNING 08-08 01:56:41 [scheduler.py:1919] reset_connector called but no KV connector is configured.[32m [repeated 6x across cluster][0m
[36m(vLLMHttpServer pid=7995)[0m (Worker pid=9278) WARNING 08-08 01:55:15 [layerwise.py:225] RotaryEmbedding: Failed to load weights
[36m(vLLMHttpServer pid=7994)[0m (Worker pid=9290) WARNING 08-08 01:56:42 [layerwise.py:225] RotaryEmbedding: Failed to load weights
[36m(TaskRunnerV1 pid=4817)[0m step:45 - global_seqlen/min:234795.0 - global_seqlen/max:446920.0 - global_seqlen/minmax_diff:212125.0 - global_seqlen/balanced_min:340432.0 - global_seqlen/balanced_max:341283.0 - global_seqlen/mean:340857.5 - actor/entropy:1.1220508813858032 - training/rollout_probs_diff_valid:1.0 - training/rollout_probs_diff_max:0.40892475843429565 - training/rollout_probs_diff_mean:0.005434875842183828 - training/rollout_probs_diff_std:0.008455035276710987 - training/rollout_actor_probs_pearson_corr:0.9996153712272644 - rollout_corr/training_ppl:2.9447641372680664 - rollout_corr/training_log_ppl:1.063289761543274 - rollout_corr/kl:0.0007952581509016454 - rollout_corr/k3_kl:0.0007485565729439259 - rollout_corr/rollout_ppl:2.9424004554748535 - rollout_corr/rollout_log_ppl:1.0624858140945435 - rollout_corr/log_ppl_diff:0.0008039604872465134 - rollout_corr/log_ppl_abs_diff:0.0008078273385763168 - rollout_corr/log_ppl_diff_max:0.002958357334136963 - rollout_corr/log_ppl_diff_min:-9.715557098388672e-05 - rollout_corr/ppl_ratio:1.0008044242858887 - rollout_corr/chi2_token:0.0014040470123291016 - rollout_corr/chi2_seq:-0.8811270594596863 - actor/pg_clipfrac:0.0 - actor/ppo_kl:0.0 - actor/pg_clipfrac_lower:0.0 - actor/pg_loss:0.004666711203753948 - actor/loss:0.004666708409786224 - actor/grad_norm:0.08951146900653839 - actor/lr:1e-06 - actor/perf/max_memory_allocated_gb:38.752150535583496 - actor/perf/max_memory_reserved_gb:54.07421875 - actor/perf/cpu_memory_used_gb:43.603477478027344 - perf/mfu/actor:0.30911821629661734 - training/global_step:45 - training/epoch:0 - critic/score/mean:0.1506696492433548 - critic/score/max:1.0 - critic/score/min:0.0 - critic/rewards/mean:0.1506696492433548 - critic/rewards/max:1.0 - critic/rewards/min:0.0 - critic/advantages/mean:-0.004666720982640982 - critic/advantages/max:2.4748177528381348 - critic/advantages/min:-2.4748666286468506 - critic/returns/mean:-0.004666720982640982 - critic/returns/max:2.4748177528381348 - critic/returns/min:-2.4748666286468506 - response_length/mean:10267.296875 - response_length/max:16384.0 - response_length/min:2254.0 - response_length/clip_ratio:0.03125 - response_length_non_aborted/mean:10267.296875 - response_length_non_aborted/max:16384.0 - response_length_non_aborted/min:2254.0 - response_length_non_aborted/clip_ratio:0.03125 - response/aborted_ratio:0.0 - prompt_length/mean:384.5 - prompt_length/max:605.0 - prompt_length/min:226.0 - prompt_length/clip_ratio:0.125 - timing_s/gen:64.58539887308143 - timing_s/old_log_prob:4.47791215905454 - timing_s/adv:0.09326002898160368 - timing_s/update_actor:15.462460680049844 - timing_s/update_weights:1.8688290530117229 - timing_s/step:86.50539474899415 - timing_per_token_ms/adv:0.00013680207855423993 - timing_per_token_ms/update_actor:0.022681708162575042 - timing_per_token_ms/gen:0.09828749179826335 - perf/total_num_tokens:681715 - perf/time_per_step:86.50539474899415 - perf/throughput:3940.3033878874166 - training/num_turns/mean:np.float64(2.0) - training/num_turns/max:np.int64(2) - training/num_turns/min:np.int64(2) - training/off_policy/trajectory_spans/mean:np.float64(1.0) - training/off_policy/trajectory_spans/max:np.int64(1) - training/off_policy/trajectory_spans/min:np.int64(1) - training/off_policy/trajectory_staleness/mean:np.float64(0.0) - training/off_policy/trajectory_staleness/max:np.int64(0) - training/off_policy/trajectory_staleness/min:np.int64(0) - training/off_policy/trajectory_staleness_worst/mean:np.float64(0.0) - training/off_policy/trajectory_staleness_worst/max:np.int64(0) - training/off_policy/trajectory_staleness_worst/min:np.int64(0)
[36m(TaskRunnerV1 pid=4817)[0m Training Progress:   7%|▋         | 45/640 [1:34:48<20:00:44, 121.08s/it]
[36m(TaskRunnerV1 pid=4817)[0m INFO:2026-08-08 01:57:43,735:pending: 0, running: 6, finished: 2, failure: 0
[36m(vLLMHttpServer pid=7994)[0m (EngineCore pid=9027) WARNING 08-08 01:58:18 [scheduler.py:1919] reset_connector called but no KV connector is configured.[32m [repeated 6x across cluster][0m
[36m(vLLMHttpServer pid=7995)[0m (Worker pid=9278) WARNING 08-08 01:56:42 [layerwise.py:225] RotaryEmbedding: Failed to load weights
[36m(vLLMHttpServer pid=7994)[0m (Worker pid=9290) WARNING 08-08 01:58:19 [layerwise.py:225] RotaryEmbedding: Failed to load weights
[36m(TaskRunnerV1 pid=4817)[0m step:46 - global_seqlen/min:244667.0 - global_seqlen/max:504246.0 - global_seqlen/minmax_diff:259579.0 - global_seqlen/balanced_min:374153.0 - global_seqlen/balanced_max:374760.0 - global_seqlen/mean:374456.5 - actor/entropy:1.0743213891983032 - training/rollout_probs_diff_valid:1.0 - training/rollout_probs_diff_max:0.20184051990509033 - training/rollout_probs_diff_mean:0.0053121005184948444 - training/rollout_probs_diff_std:0.00836771260946989 - training/rollout_actor_probs_pearson_corr:0.9996218681335449 - rollout_corr/training_ppl:2.809772491455078 - rollout_corr/training_log_ppl:1.0183302164077759 - rollout_corr/kl:0.0006650579161942005 - rollout_corr/k3_kl:0.0007195483194664121 - rollout_corr/rollout_ppl:2.8078806400299072 - rollout_corr/rollout_log_ppl:1.0176637172698975 - rollout_corr/log_ppl_diff:0.0006663976237177849 - rollout_corr/log_ppl_abs_diff:0.0007211687043309212 - rollout_corr/log_ppl_diff_max:0.002016305923461914 - rollout_corr/log_ppl_diff_min:-0.0005465149879455566 - rollout_corr/ppl_ratio:1.0006667375564575 - rollout_corr/chi2_token:0.001557469367980957 - rollout_corr/chi2_seq:7.396004676818848 - actor/pg_clipfrac:0.0 - actor/ppo_kl:0.0 - actor/pg_clipfrac_lower:0.0 - actor/pg_loss:0.04664925951510668 - actor/loss:0.046649254858493805 - actor/grad_norm:0.0831553116440773 - actor/lr:1e-06 - actor/perf/max_memory_allocated_gb:38.752150535583496 - actor/perf/max_memory_reserved_gb:54.07421875 - actor/perf/cpu_memory_used_gb:43.665855407714844 - perf/mfu/actor:0.3070098604868125 - training/global_step:46 - training/epoch:0 - critic/score/mean:0.08203125 - critic/score/max:0.75 - critic/score/min:0.0 - critic/rewards/mean:0.08203125 - critic/rewards/max:0.75 - critic/rewards/min:0.0 - critic/advantages/mean:-0.04664923623204231 - critic/advantages/max:2.4748458862304688 - critic/advantages/min:-2.397197723388672 - critic/returns/mean:-0.04664923623204231 - critic/returns/max:2.4748458862304688 - critic/returns/min:-2.397197723388672 - response_length/mean:11223.265625 - response_length/max:16384.0 - response_length/min:2758.0 - response_length/clip_ratio:0.125 - response_length_non_aborted/mean:11223.265625 - response_length_non_aborted/max:16384.0 - response_length_non_aborted/min:2758.0 - response_length_non_aborted/clip_ratio:0.125 - response/aborted_ratio:0.0 - prompt_length/mean:478.5 - prompt_length/max:737.0 - prompt_length/min:226.0 - prompt_length/clip_ratio:0.125 - timing_s/gen:72.58904788794462 - timing_s/old_log_prob:5.021199850947596 - timing_s/adv:0.09891637705732137 - timing_s/update_actor:17.548921620938927 - timing_s/update_weights:1.824703335063532 - timing_s/step:97.10213497595396 - timing_per_token_ms/adv:0.00013207993058916238 - timing_per_token_ms/update_actor:0.02343252369893289 - timing_per_token_ms/gen:0.10105827583040339 - perf/total_num_tokens:748913 - perf/time_per_step:97.10213497595396 - perf/throughput:3856.3158275843175 - training/num_turns/mean:np.float64(2.0) - training/num_turns/max:np.int64(2) - training/num_turns/min:np.int64(2) - training/off_policy/trajectory_spans/mean:np.float64(1.0) - training/off_policy/trajectory_spans/max:np.int64(1) - training/off_policy/trajectory_spans/min:np.int64(1) - training/off_policy/trajectory_staleness/mean:np.float64(0.0) - training/off_policy/trajectory_staleness/max:np.int64(0) - training/off_policy/trajectory_staleness/min:np.int64(0) - training/off_policy/trajectory_staleness_worst/mean:np.float64(0.0) - training/off_policy/trajectory_staleness_worst/max:np.int64(0) - training/off_policy/trajectory_staleness_worst/min:np.int64(0)
[36m(TaskRunnerV1 pid=4817)[0m Training Progress:   7%|▋         | 46/640 [1:36:25<18:47:41, 113.91s/it]
[36m(SimpleStorageUnit pid=5550)[0m 2026-08-08 01:58:20,774 - INFO - transfer_queue.utils.perf_utils - TQ_STORAGE_UNIT_c7198b3e: [Performance] Total success requests: 59, Total req/min: 11.50, Total avg process time: 0.0012s; 
[36m(SimpleStorageUnit pid=5550)[0m Time range: last 5.13 minutes; 
[36m(SimpleStorageUnit pid=5550)[0m Per-operation statistics: PUT_DATA: req_count=33, req/min=6.43, avg_time=0.001142s, max_time=0.001682s, min_time=0.000970s; CLEAR_DATA: req_count=5, req/min=0.97, avg_time=0.001263s, max_time=0.001427s, min_time=0.001031s; GET_DATA: req_count=21, req/min=4.09, avg_time=0.001320s, max_time=0.001828s, min_time=0.000911s
[36m(SimpleStorageUnit pid=5548)[0m 2026-08-08 01:58:29,154 - INFO - transfer_queue.utils.perf_utils - TQ_STORAGE_UNIT_30983958: [Performance] Total success requests: 59, Total req/min: 11.72, Total avg process time: 0.0012s; [32m [repeated 5x across cluster][0m
[36m(SimpleStorageUnit pid=5548)[0m Time range: last 5.03 minutes; [32m [repeated 5x across cluster][0m
[36m(SimpleStorageUnit pid=5548)[0m Per-operation statistics: PUT_DATA: req_count=32, req/min=6.36, avg_time=0.001163s, max_time=0.001843s, min_time=0.000925s; CLEAR_DATA: req_count=6, req/min=1.19, avg_time=0.001297s, max_time=0.001730s, min_time=0.001069s; GET_DATA: req_count=21, req/min=4.17, avg_time=0.001354s, max_time=0.002241s, min_time=0.000963s[32m [repeated 5x across cluster][0m
[36m(SimpleStorageUnit pid=5552)[0m 2026-08-08 01:58:46,020 - INFO - transfer_queue.utils.perf_utils - TQ_STORAGE_UNIT_32f050ae: [Performance] Total success requests: 59, Total req/min: 11.18, Total avg process time: 0.0013s; 
[36m(SimpleStorageUnit pid=5552)[0m Time range: last 5.28 minutes; 
[36m(SimpleStorageUnit pid=5552)[0m Per-operation statistics: PUT_DATA: req_count=32, req/min=6.06, avg_time=0.001193s, max_time=0.001688s, min_time=0.001004s; CLEAR_DATA: req_count=6, req/min=1.14, avg_time=0.001254s, max_time=0.001444s, min_time=0.001092s; GET_DATA: req_count=21, req/min=3.98, avg_time=0.001431s, max_time=0.002305s, min_time=0.001014s
[36m(SimpleStorageUnit pid=5549)[0m 2026-08-08 01:58:49,715 - INFO - transfer_queue.utils.perf_utils - TQ_STORAGE_UNIT_1d3193ae: [Performance] Total success requests: 60, Total req/min: 11.07, Total avg process time: 0.0013s; 
[36m(SimpleStorageUnit pid=5549)[0m Time range: last 5.42 minutes; 
[36m(SimpleStorageUnit pid=5549)[0m Per-operation statistics: PUT_DATA: req_count=33, req/min=6.09, avg_time=0.001142s, max_time=0.001541s, min_time=0.001020s; CLEAR_DATA: req_count=6, req/min=1.11, avg_time=0.001570s, max_time=0.002154s, min_time=0.001127s; GET_DATA: req_count=21, req/min=3.88, avg_time=0.001463s, max_time=0.002044s, min_time=0.001050s
[36m(TaskRunnerV1 pid=4817)[0m INFO:2026-08-08 01:59:20,895:pending: 0, running: 7, finished: 1, failure: 0
[36m(vLLMHttpServer pid=7994)[0m (EngineCore pid=9027) WARNING 08-08 02:00:03 [scheduler.py:1919] reset_connector called but no KV connector is configured.[32m [repeated 6x across cluster][0m
[36m(vLLMHttpServer pid=7995)[0m (Worker pid=9278) WARNING 08-08 01:58:19 [layerwise.py:225] RotaryEmbedding: Failed to load weights
[36m(vLLMHttpServer pid=7994)[0m (Worker pid=9290) WARNING 08-08 02:00:03 [layerwise.py:225] RotaryEmbedding: Failed to load weights
[36m(TaskRunnerV1 pid=4817)[0m step:47 - global_seqlen/min:337550.0 - global_seqlen/max:509832.0 - global_seqlen/minmax_diff:172282.0 - global_seqlen/balanced_min:423621.0 - global_seqlen/balanced_max:423761.0 - global_seqlen/mean:423691.0 - actor/entropy:1.201605200767517 - training/rollout_probs_diff_valid:1.0 - training/rollout_probs_diff_max:0.39500775933265686 - training/rollout_probs_diff_mean:0.005590579938143492 - training/rollout_probs_diff_std:0.008456876501441002 - training/rollout_actor_probs_pearson_corr:0.9996021389961243 - rollout_corr/training_ppl:3.2458598613739014 - rollout_corr/training_log_ppl:1.1679567098617554 - rollout_corr/kl:0.0008258603629656136 - rollout_corr/k3_kl:0.0007895447197370231 - rollout_corr/rollout_ppl:3.243274688720703 - rollout_corr/rollout_log_ppl:1.167176604270935 - rollout_corr/log_ppl_diff:0.0007800227031111717 - rollout_corr/log_ppl_abs_diff:0.0008309381082653999 - rollout_corr/log_ppl_diff_max:0.0017828941345214844 - rollout_corr/log_ppl_diff_min:-0.001001894474029541 - rollout_corr/ppl_ratio:1.0007803440093994 - rollout_corr/chi2_token:0.0015053749084472656 - rollout_corr/chi2_seq:3.839982032775879 - actor/pg_clipfrac:0.0 - actor/ppo_kl:0.0 - actor/pg_clipfrac_lower:0.0 - actor/pg_loss:0.02529260446317494 - actor/loss:0.02529260329902172 - actor/grad_norm:0.05193188413977623 - actor/lr:1e-06 - actor/perf/max_memory_allocated_gb:38.752150535583496 - actor/perf/max_memory_reserved_gb:54.07421875 - actor/perf/cpu_memory_used_gb:43.98496627807617 - perf/mfu/actor:0.3116414308341565 - training/global_step:47 - training/epoch:0 - critic/score/mean:0.09765625 - critic/score/max:1.0 - critic/score/min:0.0 - critic/rewards/mean:0.09765625 - critic/rewards/max:1.0 - critic/rewards/min:0.0 - critic/advantages/mean:-0.02529260329902172 - critic/advantages/max:2.4748666286468506 - critic/advantages/min:-1.3787145614624023 - critic/returns/mean:-0.02529260329902172 - critic/returns/max:2.4748666286468506 - critic/returns/min:-1.3787145614624023 - response_length/mean:12760.96875 - response_length/max:16384.0 - response_length/min:2712.0 - response_length/clip_ratio:0.171875 - response_length_non_aborted/mean:12760.96875 - response_length_non_aborted/max:16384.0 - response_length_non_aborted/min:2712.0 - response_length_non_aborted/clip_ratio:0.171875 - response/aborted_ratio:0.0 - prompt_length/mean:479.375 - prompt_length/max:616.0 - prompt_length/min:253.0 - prompt_length/clip_ratio:0.125 - timing_s/gen:76.60103824303951 - timing_s/old_log_prob:5.733065669075586 - timing_s/adv:0.09574531100224704 - timing_s/update_actor:19.810841772006825 - timing_s/update_weights:1.8627634670119733 - timing_s/step:104.12119527894538 - timing_per_token_ms/adv:0.00011298955017010869 - timing_per_token_ms/update_actor:0.023378879622185537 - timing_per_token_ms/gen:0.09379313169679945 - perf/total_num_tokens:847382 - perf/time_per_step:104.12119527894538 - perf/throughput:4069.2099131681375 - training/num_turns/mean:np.float64(2.0) - training/num_turns/max:np.int64(2) - training/num_turns/min:np.int64(2) - training/off_policy/trajectory_spans/mean:np.float64(1.0) - training/off_policy/trajectory_spans/max:np.int64(1) - training/off_policy/trajectory_spans/min:np.int64(1) - training/off_policy/trajectory_staleness/mean:np.float64(0.0) - training/off_policy/trajectory_staleness/max:np.int64(0) - training/off_policy/trajectory_staleness/min:np.int64(0) - training/off_policy/trajectory_staleness_worst/mean:np.float64(0.0) - training/off_policy/trajectory_staleness_worst/max:np.int64(0) - training/off_policy/trajectory_staleness_worst/min:np.int64(0)
[36m(TaskRunnerV1 pid=4817)[0m Training Progress:   7%|▋         | 47/640 [1:38:09<18:16:57, 110.99s/it]
[36m(TaskRunnerV1 pid=4817)[0m INFO:2026-08-08 02:01:05,083:pending: 0, running: 6, finished: 2, failure: 0
[36m(TransferQueueController pid=5376)[0m 2026-08-08 02:01:23,104 - INFO - transfer_queue.utils.perf_utils - TQ_CONTROLLER_450da3e2: [Performance] Total success requests: 846, Total req/min: 168.41, Total avg process time: 0.0002s; 
[36m(TransferQueueController pid=5376)[0m Time range: last 5.02 minutes; 
[36m(TransferQueueController pid=5376)[0m Per-operation statistics: NOTIFY_DATA_UPDATE: req_count=203, req/min=40.41, avg_time=0.000210s, max_time=0.000296s, min_time=0.000070s; SET_CUSTOM_META: req_count=253, req/min=50.36, avg_time=0.000022s, max_time=0.000053s, min_time=0.000009s; KV_RETRIEVE_KEYS: req_count=3, req/min=0.60, avg_time=0.000034s, max_time=0.000045s, min_time=0.000028s; KV_RETRIEVE_META: req_count=266, req/min=52.95, avg_time=0.000498s, max_time=0.002796s, min_time=0.000139s; CLEAR_META: req_count=5, req/min=1.00, avg_time=0.000341s, max_time=0.000430s, min_time=0.000264s; KV_LIST: req_count=116, req/min=23.09, avg_time=0.000049s, max_time=0.000076s, min_time=0.000017s
[36m(TaskRunnerV1 pid=4817)[0m INFO:2026-08-08 02:02:05,150:pending: 0, running: 1, finished: 7, failure: 0
[36m(vLLMHttpServer pid=7994)[0m (EngineCore pid=9027) WARNING 08-08 02:03:00 [scheduler.py:1919] reset_connector called but no KV connector is configured.[32m [repeated 6x across cluster][0m
[36m(vLLMHttpServer pid=7995)[0m (Worker pid=9278) WARNING 08-08 02:00:03 [layerwise.py:225] RotaryEmbedding: Failed to load weights
[36m(vLLMHttpServer pid=7995)[0m (Worker pid=9278) WARNING 08-08 02:03:01 [layerwise.py:225] RotaryEmbedding: Failed to load weights
[36m(TaskRunnerV1 pid=4817)[0m step:48 - global_seqlen/min:306753.0 - global_seqlen/max:512725.0 - global_seqlen/minmax_diff:205972.0 - global_seqlen/balanced_min:409651.0 - global_seqlen/balanced_max:409827.0 - global_seqlen/mean:409739.0 - actor/entropy:1.1373168230056763 - training/rollout_probs_diff_valid:1.0 - training/rollout_probs_diff_max:0.959303617477417 - training/rollout_probs_diff_mean:0.005477861035615206 - training/rollout_probs_diff_std:0.008590850979089737 - training/rollout_actor_probs_pearson_corr:0.9996119737625122 - rollout_corr/training_ppl:3.005744695663452 - rollout_corr/training_log_ppl:1.0872385501861572 - rollout_corr/kl:0.0008049512980505824 - rollout_corr/k3_kl:0.0007884232909418643 - rollout_corr/rollout_ppl:3.0033373832702637 - rollout_corr/rollout_log_ppl:1.0864330530166626 - rollout_corr/log_ppl_diff:0.0008054245263338089 - rollout_corr/log_ppl_abs_diff:0.0008121244609355927 - rollout_corr/log_ppl_diff_max:0.0015193819999694824 - rollout_corr/log_ppl_diff_min:-0.00013452768325805664 - rollout_corr/ppl_ratio:1.0008057355880737 - rollout_corr/chi2_token:0.0015938282012939453 - rollout_corr/chi2_seq:-0.8082823157310486 - actor/pg_clipfrac:0.0 - actor/ppo_kl:0.0 - actor/pg_clipfrac_lower:0.0 - actor/pg_loss:0.02189287671353668 - actor/loss:0.02189287357032299 - actor/grad_norm:0.0722038522362709 - actor/lr:1e-06 - actor/perf/max_memory_allocated_gb:38.752150535583496 - actor/perf/max_memory_reserved_gb:54.07421875 - actor/perf/cpu_memory_used_gb:44.08217239379883 - perf/mfu/actor:0.30700779546386486 - training/global_step:48 - training/epoch:0 - critic/score/mean:0.2265625 - critic/score/max:1.0 - critic/score/min:0.0 - critic/rewards/mean:0.2265625 - critic/rewards/max:1.0 - critic/rewards/min:0.0 - critic/advantages/mean:-0.021892910823225975 - critic/advantages/max:2.4748551845550537 - critic/advantages/min:-2.4748551845550537 - critic/returns/mean:-0.021892910823225975 - critic/returns/max:2.4748551845550537 - critic/returns/min:-2.4748551845550537 - response_length/mean:12210.46875 - response_length/max:16384.0 - response_length/min:2424.0 - response_length/clip_ratio:0.140625 - response_length_non_aborted/mean:12210.46875 - response_length_non_aborted/max:16384.0 - response_length_non_aborted/min:2424.0 - response_length_non_aborted/clip_ratio:0.140625 - response/aborted_ratio:0.0 - prompt_length/mean:593.875 - prompt_length/max:996.0 - prompt_length/min:362.0 - prompt_length/clip_ratio:0.125 - timing_s/gen:150.67876466107555 - timing_s/old_log_prob:5.488216054975055 - timing_s/adv:0.09554129501339048 - timing_s/update_actor:19.45181380806025 - timing_s/update_weights:1.9098091199994087 - timing_s/step:177.64245142997243 - timing_per_token_ms/adv:0.00011658799261650768 - timing_per_token_ms/update_actor:0.023736834677758587 - timing_per_token_ms/gen:0.1928145221967261 - perf/total_num_tokens:819478 - perf/time_per_step:177.64245142997243 - perf/throughput:2306.5376361433587 - training/num_turns/mean:np.float64(2.0) - training/num_turns/max:np.int64(2) - training/num_turns/min:np.int64(2) - training/off_policy/trajectory_spans/mean:np.float64(1.0) - training/off_policy/trajectory_spans/max:np.int64(1) - training/off_policy/trajectory_spans/min:np.int64(1) - training/off_policy/trajectory_staleness/mean:np.float64(0.0) - training/off_policy/trajectory_staleness/max:np.int64(0) - training/off_policy/trajectory_staleness/min:np.int64(0) - training/off_policy/trajectory_staleness_worst/mean:np.float64(0.0) - training/off_policy/trajectory_staleness_worst/max:np.int64(0) - training/off_policy/trajectory_staleness_worst/min:np.int64(0)
[36m(TaskRunnerV1 pid=4817)[0m Training Progress:   8%|▊         | 48/640 [1:41:07<21:32:35, 131.01s/it]
[36m(SimpleStorageUnit pid=5546)[0m 2026-08-08 02:03:20,876 - INFO - transfer_queue.utils.perf_utils - TQ_STORAGE_UNIT_aa034751: [Performance] Total success requests: 44, Total req/min: 8.80, Total avg process time: 0.0013s; 
[36m(SimpleStorageUnit pid=5546)[0m Time range: last 5.00 minutes; 
[36m(SimpleStorageUnit pid=5546)[0m Per-operation statistics: CLEAR_DATA: req_count=5, req/min=1.00, avg_time=0.001523s, max_time=0.001973s, min_time=0.001132s; PUT_DATA: req_count=25, req/min=5.00, avg_time=0.001149s, max_time=0.001540s, min_time=0.000914s; GET_DATA: req_count=14, req/min=2.80, avg_time=0.001455s, max_time=0.002090s, min_time=0.000962s
[36m(SimpleStorageUnit pid=5545)[0m 2026-08-08 02:03:31,911 - INFO - transfer_queue.utils.perf_utils - TQ_STORAGE_UNIT_402cee8a: [Performance] Total success requests: 45, Total req/min: 8.68, Total avg process time: 0.0013s; 
[36m(SimpleStorageUnit pid=5545)[0m Time range: last 5.19 minutes; 
[36m(SimpleStorageUnit pid=5545)[0m Per-operation statistics: CLEAR_DATA: req_count=5, req/min=0.96, avg_time=0.001626s, max_time=0.002076s, min_time=0.001207s; PUT_DATA: req_count=26, req/min=5.01, avg_time=0.001171s, max_time=0.001657s, min_time=0.000917s; GET_DATA: req_count=14, req/min=2.70, avg_time=0.001314s, max_time=0.002166s, min_time=0.000990s
[36m(SimpleStorageUnit pid=5547)[0m 2026-08-08 02:03:32,347 - INFO - transfer_queue.utils.perf_utils - TQ_STORAGE_UNIT_711be711: [Performance] Total success requests: 45, Total req/min: 8.67, Total avg process time: 0.0014s; 
[36m(SimpleStorageUnit pid=5547)[0m Time range: last 5.19 minutes; 
[36m(SimpleStorageUnit pid=5547)[0m Per-operation statistics: CLEAR_DATA: req_count=5, req/min=0.96, avg_time=0.001764s, max_time=0.002198s, min_time=0.001425s; PUT_DATA: req_count=26, req/min=5.01, avg_time=0.001200s, max_time=0.001715s, min_time=0.000909s; GET_DATA: req_count=14, req/min=2.70, avg_time=0.001587s, max_time=0.002170s, min_time=0.001167s
[36m(SimpleStorageUnit pid=5548)[0m Per-operation statistics: PUT_DATA: req_count=26, req/min=4.97, avg_time=0.001183s, max_time=0.001759s, min_time=0.000973s; CLEAR_DATA: req_count=4, req/min=0.76, avg_time=0.001406s, max_time=0.001589s, min_time=0.001071s; GET_DATA: req_count=14, req/min=2.68, avg_time=0.001641s, max_time=0.002218s, min_time=0.001103s
[36m(SimpleStorageUnit pid=5548)[0m 2026-08-08 02:03:42,997 - INFO - transfer_queue.utils.perf_utils - TQ_STORAGE_UNIT_30983958: [Performance] Total success requests: 44, Total req/min: 8.41, Total avg process time: 0.0013s; [32m [repeated 3x across cluster][0m
[36m(SimpleStorageUnit pid=5548)[0m Time range: last 5.23 minutes; [32m [repeated 3x across cluster][0m
[36m(SimpleStorageUnit pid=5551)[0m Per-operation statistics: CLEAR_DATA: req_count=5, req/min=0.95, avg_time=0.001443s, max_time=0.001621s, min_time=0.001335s; PUT_DATA: req_count=26, req/min=4.95, avg_time=0.001188s, max_time=0.001665s, min_time=0.000910s; GET_DATA: req_count=14, req/min=2.67, avg_time=0.001582s, max_time=0.002228s, min_time=0.001086s[32m [repeated 2x across cluster][0m
[36m(SimpleStorageUnit pid=5552)[0m Per-operation statistics: PUT_DATA: req_count=26, req/min=5.17, avg_time=0.001176s, max_time=0.001711s, min_time=0.000897s; CLEAR_DATA: req_count=4, req/min=0.79, avg_time=0.001716s, max_time=0.002059s, min_time=0.001178s; GET_DATA: req_count=14, req/min=2.78, avg_time=0.001487s, max_time=0.001930s, min_time=0.001111s
[36m(SimpleStorageUnit pid=5552)[0m 2026-08-08 02:03:48,052 - INFO - transfer_queue.utils.perf_utils - TQ_STORAGE_UNIT_32f050ae: [Performance] Total success requests: 44, Total req/min: 8.74, Total avg process time: 0.0013s; 
[36m(SimpleStorageUnit pid=5552)[0m Time range: last 5.03 minutes; 
[36m(SimpleStorageUnit pid=5549)[0m 2026-08-08 02:03:54,303 - INFO - transfer_queue.utils.perf_utils - TQ_STORAGE_UNIT_1d3193ae: [Performance] Total success requests: 45, Total req/min: 8.86, Total avg process time: 0.0013s; 
[36m(SimpleStorageUnit pid=5549)[0m Time range: last 5.08 minutes; 
[36m(SimpleStorageUnit pid=5549)[0m Per-operation statistics: PUT_DATA: req_count=27, req/min=5.32, avg_time=0.001205s, max_time=0.001733s, min_time=0.000944s; CLEAR_DATA: req_count=4, req/min=0.79, avg_time=0.001269s, max_time=0.001396s, min_time=0.001143s; GET_DATA: req_count=14, req/min=2.76, avg_time=0.001483s, max_time=0.002109s, min_time=0.001135s
[36m(TaskRunnerV1 pid=4817)[0m INFO:2026-08-08 02:04:02,794:pending: 0, running: 7, finished: 1, failure: 0
[36m(vLLMHttpServer pid=7994)[0m (EngineCore pid=9027) WARNING 08-08 02:04:39 [scheduler.py:1919] reset_connector called but no KV connector is configured.[32m [repeated 6x across cluster][0m
[36m(vLLMHttpServer pid=7994)[0m (Worker pid=9290) WARNING 08-08 02:03:01 [layerwise.py:225] RotaryEmbedding: Failed to load weights
[36m(vLLMHttpServer pid=7994)[0m (Worker pid=9290) WARNING 08-08 02:04:39 [layerwise.py:225] RotaryEmbedding: Failed to load weights
[36m(TaskRunnerV1 pid=4817)[0m step:49 - global_seqlen/min:293228.0 - global_seqlen/max:491204.0 - global_seqlen/minmax_diff:197976.0 - global_seqlen/balanced_min:392050.0 - global_seqlen/balanced_max:392382.0 - global_seqlen/mean:392216.0 - actor/entropy:1.06623113155365 - training/rollout_probs_diff_valid:1.0 - training/rollout_probs_diff_max:0.7610707879066467 - training/rollout_probs_diff_mean:0.005233061965554953 - training/rollout_probs_diff_std:0.008641835302114487 - training/rollout_actor_probs_pearson_corr:0.999618411064148 - rollout_corr/training_ppl:2.884464740753174 - rollout_corr/training_log_ppl:1.0461894273757935 - rollout_corr/kl:0.0006981560727581382 - rollout_corr/k3_kl:0.0007348090875893831 - rollout_corr/rollout_ppl:2.882460594177246 - rollout_corr/rollout_log_ppl:1.0455121994018555 - rollout_corr/log_ppl_diff:0.0006772633641958237 - rollout_corr/log_ppl_abs_diff:0.0006827265024185181 - rollout_corr/log_ppl_diff_max:0.0012930035591125488 - rollout_corr/log_ppl_diff_min:-0.0001748204231262207 - rollout_corr/ppl_ratio:1.0006775856018066 - rollout_corr/chi2_token:0.0015510320663452148 - rollout_corr/chi2_seq:-0.8978962302207947 - actor/pg_clipfrac:0.0 - actor/ppo_kl:0.0 - actor/pg_clipfrac_lower:0.0 - actor/pg_loss:0.06422599777579308 - actor/loss:0.06422599405050278 - actor/grad_norm:0.09533092379570007 - actor/lr:1e-06 - actor/perf/max_memory_allocated_gb:38.752150535583496 - actor/perf/max_memory_reserved_gb:54.07421875 - actor/perf/cpu_memory_used_gb:43.67655944824219 - perf/mfu/actor:0.3046202225310475 - training/global_step:49 - training/epoch:0 - critic/score/mean:0.2805989682674408 - critic/score/max:1.0 - critic/score/min:0.0 - critic/rewards/mean:0.2805989682674408 - critic/rewards/max:1.0 - critic/rewards/min:0.0 - critic/advantages/mean:-0.06422601640224457 - critic/advantages/max:2.474853038787842 - critic/advantages/min:-2.4748551845550537 - critic/returns/mean:-0.06422601640224457 - critic/returns/max:2.474853038787842 - critic/returns/min:-2.4748551845550537 - response_length/mean:11743.125 - response_length/max:16384.0 - response_length/min:2649.0 - response_length/clip_ratio:0.15625 - response_length_non_aborted/mean:11743.125 - response_length_non_aborted/max:16384.0 - response_length_non_aborted/min:2649.0 - response_length_non_aborted/clip_ratio:0.15625 - response/aborted_ratio:0.0 - prompt_length/mean:513.625 - prompt_length/max:672.0 - prompt_length/min:378.0 - prompt_length/clip_ratio:0.125 - timing_s/gen:72.58817539794836 - timing_s/old_log_prob:5.209150692098774 - timing_s/adv:0.10250963200815022 - timing_s/update_actor:18.468251978047192 - timing_s/update_weights:1.8166500029619783 - timing_s/step:98.20481196593028 - timing_per_token_ms/adv:0.00013068007425519383 - timing_per_token_ms/update_actor:0.02354347091659595 - timing_per_token_ms/gen:0.09658334051565858 - perf/total_num_tokens:784432 - perf/time_per_step:98.20481196593028 - perf/throughput:3993.857247403209 - training/num_turns/mean:np.float64(2.0) - training/num_turns/max:np.int64(2) - training/num_turns/min:np.int64(2) - training/off_policy/trajectory_spans/mean:np.float64(1.0) - training/off_policy/trajectory_spans/max:np.int64(1) - training/off_policy/trajectory_spans/min:np.int64(1) - training/off_policy/trajectory_staleness/mean:np.float64(0.0) - training/off_policy/trajectory_staleness/max:np.int64(0) - training/off_policy/trajectory_staleness/min:np.int64(0) - training/off_policy/trajectory_staleness_worst/mean:np.float64(0.0) - training/off_policy/trajectory_staleness_worst/max:np.int64(0) - training/off_policy/trajectory_staleness_worst/min:np.int64(0)
[36m(TaskRunnerV1 pid=4817)[0m Training Progress:   8%|▊         | 49/640 [1:42:45<19:53:40, 121.19s/it]
[36m(TaskRunnerV1 pid=4817)[0m INFO:2026-08-08 02:05:41,061:pending: 0, running: 7, finished: 1, failure: 0
[36m(TransferQueueController pid=5376)[0m 2026-08-08 02:06:23,108 - INFO - transfer_queue.utils.perf_utils - TQ_CONTROLLER_450da3e2: [Performance] Total success requests: 617, Total req/min: 123.40, Total avg process time: 0.0002s; 
[36m(TransferQueueController pid=5376)[0m Time range: last 5.00 minutes; 
[36m(TransferQueueController pid=5376)[0m Per-operation statistics: KV_LIST: req_count=125, req/min=25.00, avg_time=0.000051s, max_time=0.000087s, min_time=0.000035s; KV_RETRIEVE_META: req_count=180, req/min=36.00, avg_time=0.000492s, max_time=0.002849s, min_time=0.000140s; NOTIFY_DATA_UPDATE: req_count=136, req/min=27.20, avg_time=0.000211s, max_time=0.000338s, min_time=0.000093s; SET_CUSTOM_META: req_count=170, req/min=34.00, avg_time=0.000020s, max_time=0.000044s, min_time=0.000008s; CLEAR_META: req_count=4, req/min=0.80, avg_time=0.000329s, max_time=0.000401s, min_time=0.000291s; KV_RETRIEVE_KEYS: req_count=2, req/min=0.40, avg_time=0.000046s, max_time=0.000060s, min_time=0.000033s
[36m(vLLMHttpServer pid=7994)[0m (EngineCore pid=9027) WARNING 08-08 02:06:56 [scheduler.py:1919] reset_connector called but no KV connector is configured.[32m [repeated 6x across cluster][0m
[36m(vLLMHttpServer pid=7995)[0m (Worker pid=9278) WARNING 08-08 02:04:39 [layerwise.py:225] RotaryEmbedding: Failed to load weights
[36m(vLLMHttpServer pid=7995)[0m (Worker pid=9278) WARNING 08-08 02:06:57 [layerwise.py:225] RotaryEmbedding: Failed to load weights
[36m(TaskRunnerV1 pid=4817)[0m step:50 - global_seqlen/min:318403.0 - global_seqlen/max:499704.0 - global_seqlen/minmax_diff:181301.0 - global_seqlen/balanced_min:408828.0 - global_seqlen/balanced_max:409279.0 - global_seqlen/mean:409053.5 - actor/entropy:1.148268222808838 - training/rollout_probs_diff_valid:1.0 - training/rollout_probs_diff_max:0.4623681902885437 - training/rollout_probs_diff_mean:0.0054597314447164536 - training/rollout_probs_diff_std:0.008443855680525303 - training/rollout_actor_probs_pearson_corr:0.9996182918548584 - rollout_corr/training_ppl:3.114985942840576 - rollout_corr/training_log_ppl:1.1283997297286987 - rollout_corr/kl:0.0007401756593026221 - rollout_corr/k3_kl:0.0007633062778040767 - rollout_corr/rollout_ppl:3.112687349319458 - rollout_corr/rollout_log_ppl:1.1276612281799316 - rollout_corr/log_ppl_diff:0.0007385089993476868 - rollout_corr/log_ppl_abs_diff:0.000745801255106926 - rollout_corr/log_ppl_diff_max:0.0020984411239624023 - rollout_corr/log_ppl_diff_min:-0.00020200014114379883 - rollout_corr/ppl_ratio:1.0007388591766357 - rollout_corr/chi2_token:0.0015736818313598633 - rollout_corr/chi2_seq:-0.9260097742080688 - actor/pg_clipfrac:0.0 - actor/ppo_kl:0.0 - actor/pg_clipfrac_lower:0.0 - actor/pg_loss:0.06025956862140447 - actor/loss:0.06025957316160202 - actor/grad_norm:0.0859246701002121 - actor/lr:1e-06 - actor/perf/max_memory_allocated_gb:38.752150535583496 - actor/perf/max_memory_reserved_gb:54.07421875 - actor/perf/cpu_memory_used_gb:44.20009994506836 - perf/mfu/actor:0.3059755765740081 - training/global_step:50 - training/epoch:0 - critic/score/mean:0.24609375 - critic/score/max:1.0 - critic/score/min:0.0 - critic/rewards/mean:0.24609375 - critic/rewards/max:1.0 - critic/rewards/min:0.0 - critic/advantages/mean:-0.060259584337472916 - critic/advantages/max:2.184046506881714 - critic/advantages/min:-2.4748666286468506 - critic/returns/mean:-0.060259584337472916 - critic/returns/max:2.184046506881714 - critic/returns/min:-2.4748666286468506 - response_length/mean:12302.921875 - response_length/max:16384.0 - response_length/min:1677.0 - response_length/clip_ratio:0.09375 - response_length_non_aborted/mean:12302.921875 - response_length_non_aborted/max:16384.0 - response_length_non_aborted/min:1677.0 - response_length_non_aborted/clip_ratio:0.09375 - response/aborted_ratio:0.0 - prompt_length/mean:480.0 - prompt_length/max:704.0 - prompt_length/min:304.0 - prompt_length/clip_ratio:0.125 - timing_s/gen:110.63714270002674 - timing_s/old_log_prob:5.454830685979687 - timing_s/adv:0.09553012403193861 - timing_s/update_actor:19.36345491791144 - timing_s/update_weights:1.840273131034337 - timing_s/step:137.4092977719847 - timing_per_token_ms/adv:0.00011676971842550988 - timing_per_token_ms/update_actor:0.023668609262494318 - timing_per_token_ms/gen:0.14051177210193558 - perf/total_num_tokens:818107 - perf/time_per_step:137.4092977719847 - perf/throughput:2976.8982640372583 - training/num_turns/mean:np.float64(2.0) - training/num_turns/max:np.int64(2) - training/num_turns/min:np.int64(2) - training/off_policy/trajectory_spans/mean:np.float64(1.0) - training/off_policy/trajectory_spans/max:np.int64(1) - training/off_policy/trajectory_spans/min:np.int64(1) - training/off_policy/trajectory_staleness/mean:np.float64(0.0) - training/off_policy/trajectory_staleness/max:np.int64(0) - training/off_policy/trajectory_staleness/min:np.int64(0) - training/off_policy/trajectory_staleness_worst/mean:np.float64(0.0) - training/off_policy/trajectory_staleness_worst/max:np.int64(0) - training/off_policy/trajectory_staleness_worst/min:np.int64(0)
[36m(TaskRunnerV1 pid=4817)[0m Training Progress:   8%|▊         | 50/640 [1:45:03<20:39:42, 126.07s/it]
[36m(TaskRunnerV1 pid=4817)[0m INFO:2026-08-08 02:07:58,540:pending: 0, running: 5, finished: 3, failure: 0
[36m(SimpleStorageUnit pid=5550)[0m 2026-08-08 02:08:46,602 - INFO - transfer_queue.utils.perf_utils - TQ_STORAGE_UNIT_c7198b3e: [Performance] Total success requests: 49, Total req/min: 9.38, Total avg process time: 0.0014s; 
[36m(SimpleStorageUnit pid=5550)[0m Time range: last 5.22 minutes; 
[36m(SimpleStorageUnit pid=5550)[0m Per-operation statistics: PUT_DATA: req_count=30, req/min=5.74, avg_time=0.001215s, max_time=0.001697s, min_time=0.000947s; CLEAR_DATA: req_count=5, req/min=0.96, avg_time=0.001435s, max_time=0.002017s, min_time=0.001183s; GET_DATA: req_count=14, req/min=2.68, avg_time=0.001663s, max_time=0.002305s, min_time=0.001112s
[36m(vLLMHttpServer pid=7994)[0m (EngineCore pid=9027) WARNING 08-08 02:09:05 [scheduler.py:1919] reset_connector called but no KV connector is configured.[32m [repeated 6x across cluster][0m
[36m(vLLMHttpServer pid=7994)[0m (Worker pid=9290) WARNING 08-08 02:06:57 [layerwise.py:225] RotaryEmbedding: Failed to load weights
[36m(vLLMHttpServer pid=7994)[0m (Worker pid=9290) WARNING 08-08 02:09:06 [layerwise.py:225] RotaryEmbedding: Failed to load weights
[36m(SimpleStorageUnit pid=5549)[0m 2026-08-08 02:09:07,201 - INFO - transfer_queue.utils.perf_utils - TQ_STORAGE_UNIT_1d3193ae: [Performance] Total success requests: 58, Total req/min: 11.12, Total avg process time: 0.0013s; [32m [repeated 7x across cluster][0m
[36m(SimpleStorageUnit pid=5549)[0m Time range: last 5.21 minutes; [32m [repeated 7x across cluster][0m
[36m(SimpleStorageUnit pid=5549)[0m Per-operation statistics: PUT_DATA: req_count=32, req/min=6.14, avg_time=0.001134s, max_time=0.001577s, min_time=0.000955s; CLEAR_DATA: req_count=5, req/min=0.96, avg_time=0.001320s, max_time=0.001542s, min_time=0.001114s; GET_DATA: req_count=21, req/min=4.03, avg_time=0.001432s, max_time=0.002103s, min_time=0.001053s[32m [repeated 7x across cluster][0m
[36m(TaskRunnerV1 pid=4817)[0m step:51 - global_seqlen/min:152896.0 - global_seqlen/max:456940.0 - global_seqlen/minmax_diff:304044.0 - global_seqlen/balanced_min:304573.0 - global_seqlen/balanced_max:305263.0 - global_seqlen/mean:304918.0 - actor/entropy:1.0772624015808105 - training/rollout_probs_diff_valid:1.0 - training/rollout_probs_diff_max:0.4817589819431305 - training/rollout_probs_diff_mean:0.005276832263916731 - training/rollout_probs_diff_std:0.0083946967497468 - training/rollout_actor_probs_pearson_corr:0.9996300339698792 - rollout_corr/training_ppl:2.729461908340454 - rollout_corr/training_log_ppl:0.9826846718788147 - rollout_corr/kl:0.0007182562258094549 - rollout_corr/k3_kl:0.0007190000033006072 - rollout_corr/rollout_ppl:2.727612018585205 - rollout_corr/rollout_log_ppl:0.9820431470870972 - rollout_corr/log_ppl_diff:0.0006415685638785362 - rollout_corr/log_ppl_abs_diff:0.0007008174434304237 - rollout_corr/log_ppl_diff_max:0.0016610026359558105 - rollout_corr/log_ppl_diff_min:-0.0006369352340698242 - rollout_corr/ppl_ratio:1.0006418228149414 - rollout_corr/chi2_token:0.0014399290084838867 - rollout_corr/chi2_seq:0.6618503332138062 - actor/pg_clipfrac:0.0 - actor/ppo_kl:0.0 - actor/pg_clipfrac_lower:0.0 - actor/pg_loss:0.02470663865096867 - actor/loss:0.024706635624170303 - actor/grad_norm:0.10258016735315323 - actor/lr:1e-06 - actor/perf/max_memory_allocated_gb:38.752150535583496 - actor/perf/max_memory_reserved_gb:54.07421875 - actor/perf/cpu_memory_used_gb:43.8094482421875 - perf/mfu/actor:0.3071203964821941 - training/global_step:51 - training/epoch:0 - critic/score/mean:0.26953125 - critic/score/max:1.0 - critic/score/min:0.0 - critic/rewards/mean:0.26953125 - critic/rewards/max:1.0 - critic/rewards/min:0.0 - critic/advantages/mean:-0.0247066430747509 - critic/advantages/max:2.4748666286468506 - critic/advantages/min:-2.4748644828796387 - critic/returns/mean:-0.0247066430747509 - critic/returns/max:2.4748666286468506 - critic/returns/min:-2.4748644828796387 - response_length/mean:9105.5625 - response_length/max:16384.0 - response_length/min:698.0 - response_length/clip_ratio:0.09375 - response_length_non_aborted/mean:9105.5625 - response_length_non_aborted/max:16384.0 - response_length_non_aborted/min:698.0 - response_length_non_aborted/clip_ratio:0.09375 - response/aborted_ratio:0.0 - prompt_length/mean:423.125 - prompt_length/max:773.0 - prompt_length/min:137.0 - prompt_length/clip_ratio:0.125 - timing_s/gen:108.63249377009925 - timing_s/old_log_prob:4.050590428989381 - timing_s/adv:0.09346664603799582 - timing_s/update_actor:14.070435108966194 - timing_s/update_weights:1.854171718005091 - timing_s/step:128.72259185800795 - timing_per_token_ms/adv:0.00015326521562845718 - timing_per_token_ms/update_actor:0.023072490159594044 - timing_per_token_ms/gen:0.18641162642701103 - perf/total_num_tokens:609836 - perf/time_per_step:128.72259185800795 - perf/throughput:2368.799412742953 - training/num_turns/mean:np.float64(2.0) - training/num_turns/max:np.int64(2) - training/num_turns/min:np.int64(2) - training/off_policy/trajectory_spans/mean:np.float64(1.0) - training/off_policy/trajectory_spans/max:np.int64(1) - training/off_policy/trajectory_spans/min:np.int64(1) - training/off_policy/trajectory_staleness/mean:np.float64(0.0) - training/off_policy/trajectory_staleness/max:np.int64(0) - training/off_policy/trajectory_staleness/min:np.int64(0) - training/off_policy/trajectory_staleness_worst/mean:np.float64(0.0) - training/off_policy/trajectory_staleness_worst/max:np.int64(0) - training/off_policy/trajectory_staleness_worst/min:np.int64(0)
[36m(TaskRunnerV1 pid=4817)[0m Training Progress:   8%|▊         | 51/640 [1:47:12<20:45:35, 126.89s/it]
[36m(TaskRunnerV1 pid=4817)[0m INFO:2026-08-08 02:10:07,329:pending: 0, running: 8, finished: 0, failure: 0
[36m(vLLMHttpServer pid=7994)[0m (EngineCore pid=9027) WARNING 08-08 02:11:16 [scheduler.py:1919] reset_connector called but no KV connector is configured.[32m [repeated 6x across cluster][0m
[36m(vLLMHttpServer pid=7995)[0m (Worker pid=9278) WARNING 08-08 02:09:06 [layerwise.py:225] RotaryEmbedding: Failed to load weights
[36m(vLLMHttpServer pid=7994)[0m (Worker pid=9290) WARNING 08-08 02:11:17 [layerwise.py:225] RotaryEmbedding: Failed to load weights
[36m(TaskRunnerV1 pid=4817)[0m step:52 - global_seqlen/min:293812.0 - global_seqlen/max:458065.0 - global_seqlen/minmax_diff:164253.0 - global_seqlen/balanced_min:375866.0 - global_seqlen/balanced_max:376011.0 - global_seqlen/mean:375938.5 - actor/entropy:1.1308623552322388 - training/rollout_probs_diff_valid:1.0 - training/rollout_probs_diff_max:0.8229847550392151 - training/rollout_probs_diff_mean:0.005426478106528521 - training/rollout_probs_diff_std:0.008703035302460194 - training/rollout_actor_probs_pearson_corr:0.9996029734611511 - rollout_corr/training_ppl:3.0735931396484375 - rollout_corr/training_log_ppl:1.1133753061294556 - rollout_corr/kl:0.0008303398499265313 - rollout_corr/k3_kl:0.0007732242229394615 - rollout_corr/rollout_ppl:3.07102108001709 - rollout_corr/rollout_log_ppl:1.1125483512878418 - rollout_corr/log_ppl_diff:0.0008268412202596664 - rollout_corr/log_ppl_abs_diff:0.0008283276110887527 - rollout_corr/log_ppl_diff_max:0.0018461942672729492 - rollout_corr/log_ppl_diff_min:-4.756450653076172e-05 - rollout_corr/ppl_ratio:1.0008273124694824 - rollout_corr/chi2_token:0.0014331340789794922 - rollout_corr/chi2_seq:-0.9470185041427612 - actor/pg_clipfrac:0.0 - actor/ppo_kl:0.0 - actor/pg_clipfrac_lower:0.0 - actor/pg_loss:0.06264396174810827 - actor/loss:0.06264396011829376 - actor/grad_norm:0.11224610358476639 - actor/lr:1e-06 - actor/perf/max_memory_allocated_gb:38.752150535583496 - actor/perf/max_memory_reserved_gb:54.07421875 - actor/perf/cpu_memory_used_gb:43.87556838989258 - perf/mfu/actor:0.30601303767811483 - training/global_step:52 - training/epoch:0 - critic/score/mean:0.236328125 - critic/score/max:1.0 - critic/score/min:0.0 - critic/rewards/mean:0.236328125 - critic/rewards/max:1.0 - critic/rewards/min:0.0 - critic/advantages/mean:-0.06264392286539078 - critic/advantages/max:2.4748177528381348 - critic/advantages/min:-1.611489176750183 - critic/returns/mean:-0.06264392286539078 - critic/returns/max:2.4748177528381348 - critic/returns/min:-1.611489176750183 - response_length/mean:11258.828125 - response_length/max:16384.0 - response_length/min:5107.0 - response_length/clip_ratio:0.046875 - response_length_non_aborted/mean:11258.828125 - response_length_non_aborted/max:16384.0 - response_length_non_aborted/min:5107.0 - response_length_non_aborted/clip_ratio:0.046875 - response/aborted_ratio:0.0 - prompt_length/mean:489.25 - prompt_length/max:732.0 - prompt_length/min:169.0 - prompt_length/clip_ratio:0.125 - timing_s/gen:106.6252585418988 - timing_s/old_log_prob:4.915662445011549 - timing_s/adv:0.09225473494734615 - timing_s/update_actor:17.367014528950676 - timing_s/update_weights:1.8661836229730397 - timing_s/step:130.8892426090315 - timing_per_token_ms/adv:0.0001226992379702347 - timing_per_token_ms/update_actor:0.023098212246086363 - timing_per_token_ms/gen:0.14797451797117372 - perf/total_num_tokens:751877 - perf/time_per_step:130.8892426090315 - perf/throughput:2872.1879086957133 - training/num_turns/mean:np.float64(2.0) - training/num_turns/max:np.int64(2) - training/num_turns/min:np.int64(2) - training/off_policy/trajectory_spans/mean:np.float64(1.0) - training/off_policy/trajectory_spans/max:np.int64(1) - training/off_policy/trajectory_spans/min:np.int64(1) - training/off_policy/trajectory_staleness/mean:np.float64(0.0) - training/off_policy/trajectory_staleness/max:np.int64(0) - training/off_policy/trajectory_staleness/min:np.int64(0) - training/off_policy/trajectory_staleness_worst/mean:np.float64(0.0) - training/off_policy/trajectory_staleness_worst/max:np.int64(0) - training/off_policy/trajectory_staleness_worst/min:np.int64(0)
[36m(TaskRunnerV1 pid=4817)[0m Training Progress:   8%|▊         | 52/640 [1:49:23<20:55:26, 128.11s/it]
[36m(TransferQueueController pid=5376)[0m 2026-08-08 02:11:23,807 - INFO - transfer_queue.utils.perf_utils - TQ_CONTROLLER_450da3e2: [Performance] Total success requests: 658, Total req/min: 131.29, Total avg process time: 0.0002s; 
[36m(TransferQueueController pid=5376)[0m Time range: last 5.01 minutes; 
[36m(TransferQueueController pid=5376)[0m Per-operation statistics: KV_LIST: req_count=116, req/min=23.15, avg_time=0.000054s, max_time=0.000092s, min_time=0.000034s; KV_RETRIEVE_META: req_count=203, req/min=40.51, avg_time=0.000535s, max_time=0.003020s, min_time=0.000154s; NOTIFY_DATA_UPDATE: req_count=143, req/min=28.53, avg_time=0.000207s, max_time=0.000291s, min_time=0.000081s; SET_CUSTOM_META: req_count=187, req/min=37.31, avg_time=0.000020s, max_time=0.000046s, min_time=0.000009s; CLEAR_META: req_count=6, req/min=1.20, avg_time=0.000336s, max_time=0.000423s, min_time=0.000271s; KV_RETRIEVE_KEYS: req_count=3, req/min=0.60, avg_time=0.000045s, max_time=0.000047s, min_time=0.000044s
[36m(TaskRunnerV1 pid=4817)[0m INFO:2026-08-08 02:12:18,275:pending: 0, running: 6, finished: 2, failure: 0
[36m(vLLMHttpServer pid=7994)[0m (EngineCore pid=9027) WARNING 08-08 02:12:53 [scheduler.py:1919] reset_connector called but no KV connector is configured.[32m [repeated 6x across cluster][0m
[36m(vLLMHttpServer pid=7995)[0m (Worker pid=9278) WARNING 08-08 02:11:17 [layerwise.py:225] RotaryEmbedding: Failed to load weights
[36m(vLLMHttpServer pid=7994)[0m (Worker pid=9290) WARNING 08-08 02:12:54 [layerwise.py:225] RotaryEmbedding: Failed to load weights
[36m(TaskRunnerV1 pid=4817)[0m step:53 - global_seqlen/min:263105.0 - global_seqlen/max:493046.0 - global_seqlen/minmax_diff:229941.0 - global_seqlen/balanced_min:377845.0 - global_seqlen/balanced_max:378306.0 - global_seqlen/mean:378075.5 - actor/entropy:1.1283036470413208 - training/rollout_probs_diff_valid:1.0 - training/rollout_probs_diff_max:0.8256332874298096 - training/rollout_probs_diff_mean:0.005460464861243963 - training/rollout_probs_diff_std:0.008592926897108555 - training/rollout_actor_probs_pearson_corr:0.9995964765548706 - rollout_corr/training_ppl:3.0052433013916016 - rollout_corr/training_log_ppl:1.0911122560501099 - rollout_corr/kl:0.0007597305229865015 - rollout_corr/k3_kl:0.0007647586171515286 - rollout_corr/rollout_ppl:3.003000259399414 - rollout_corr/rollout_log_ppl:1.0903780460357666 - rollout_corr/log_ppl_diff:0.0007342463359236717 - rollout_corr/log_ppl_abs_diff:0.0007742838934063911 - rollout_corr/log_ppl_diff_max:0.0016143321990966797 - rollout_corr/log_ppl_diff_min:-0.0012812018394470215 - rollout_corr/ppl_ratio:1.000734567642212 - rollout_corr/chi2_token:0.0015829801559448242 - rollout_corr/chi2_seq:-0.5266009569168091 - actor/pg_clipfrac:0.0 - actor/ppo_kl:0.0 - actor/pg_clipfrac_lower:0.0 - actor/pg_loss:0.028642753342865035 - actor/loss:0.028642751276493073 - actor/grad_norm:0.08821940422058105 - actor/lr:1e-06 - actor/perf/max_memory_allocated_gb:38.752150535583496 - actor/perf/max_memory_reserved_gb:54.07421875 - actor/perf/cpu_memory_used_gb:44.02530288696289 - perf/mfu/actor:0.30595456041202757 - training/global_step:53 - training/epoch:0 - critic/score/mean:0.259765625 - critic/score/max:1.0 - critic/score/min:0.0 - critic/rewards/mean:0.259765625 - critic/rewards/max:1.0 - critic/rewards/min:0.0 - critic/advantages/mean:-0.028642762452363968 - critic/advantages/max:2.4748177528381348 - critic/advantages/min:-2.4748666286468506 - critic/returns/mean:-0.028642762452363968 - critic/returns/max:2.4748177528381348 - critic/returns/min:-2.4748666286468506 - response_length/mean:11332.359375 - response_length/max:16384.0 - response_length/min:1043.0 - response_length/clip_ratio:0.140625 - response_length_non_aborted/mean:11332.359375 - response_length_non_aborted/max:16384.0 - response_length_non_aborted/min:1043.0 - response_length_non_aborted/clip_ratio:0.140625 - response/aborted_ratio:0.0 - prompt_length/mean:482.5 - prompt_length/max:916.0 - prompt_length/min:131.0 - prompt_length/clip_ratio:0.125 - timing_s/gen:72.5965114099672 - timing_s/old_log_prob:5.084717529010959 - timing_s/adv:0.09262892103288323 - timing_s/update_actor:17.789874839014374 - timing_s/update_weights:1.8843760669697076 - timing_s/step:97.46944493905175 - timing_per_token_ms/adv:0.00012250056011680634 - timing_per_token_ms/update_actor:0.023526881322664884 - timing_per_token_ms/gen:0.10009570410228343 - perf/total_num_tokens:756151 - perf/time_per_step:97.46944493905175 - perf/throughput:3878.913029990198 - training/num_turns/mean:np.float64(2.0) - training/num_turns/max:np.int64(2) - training/num_turns/min:np.int64(2) - training/off_policy/trajectory_spans/mean:np.float64(1.0) - training/off_policy/trajectory_spans/max:np.int64(1) - training/off_policy/trajectory_spans/min:np.int64(1) - training/off_policy/trajectory_staleness/mean:np.float64(0.0) - training/off_policy/trajectory_staleness/max:np.int64(0) - training/off_policy/trajectory_staleness/min:np.int64(0) - training/off_policy/trajectory_staleness_worst/mean:np.float64(0.0) - training/off_policy/trajectory_staleness_worst/max:np.int64(0) - training/off_policy/trajectory_staleness_worst/min:np.int64(0)
[36m(TaskRunnerV1 pid=4817)[0m Training Progress:   8%|▊         | 53/640 [1:51:00<19:23:34, 118.93s/it]
[36m(SimpleStorageUnit pid=5546)[0m 2026-08-08 02:13:47,229 - INFO - transfer_queue.utils.perf_utils - TQ_STORAGE_UNIT_aa034751: [Performance] Total success requests: 56, Total req/min: 11.18, Total avg process time: 0.0013s; 
[36m(SimpleStorageUnit pid=5546)[0m Time range: last 5.01 minutes; 
[36m(SimpleStorageUnit pid=5546)[0m Per-operation statistics: GET_DATA: req_count=21, req/min=4.19, avg_time=0.001404s, max_time=0.002030s, min_time=0.001108s; PUT_DATA: req_count=30, req/min=5.99, avg_time=0.001148s, max_time=0.001637s, min_time=0.000981s; CLEAR_DATA: req_count=5, req/min=1.00, avg_time=0.001575s, max_time=0.002070s, min_time=0.001216s
[36m(SimpleStorageUnit pid=5552)[0m Per-operation statistics: PUT_DATA: req_count=30, req/min=5.99, avg_time=0.001140s, max_time=0.001564s, min_time=0.000919s; GET_DATA: req_count=19, req/min=3.79, avg_time=0.001333s, max_time=0.001974s, min_time=0.001031s; CLEAR_DATA: req_count=5, req/min=1.00, avg_time=0.001450s, max_time=0.001907s, min_time=0.001123s
[36m(TaskRunnerV1 pid=4817)[0m INFO:2026-08-08 02:13:55,807:pending: 0, running: 7, finished: 1, failure: 0
[36m(SimpleStorageUnit pid=5552)[0m 2026-08-08 02:13:51,649 - INFO - transfer_queue.utils.perf_utils - TQ_STORAGE_UNIT_32f050ae: [Performance] Total success requests: 54, Total req/min: 10.78, Total avg process time: 0.0012s; [32m [repeated 6x across cluster][0m
[36m(SimpleStorageUnit pid=5552)[0m Time range: last 5.01 minutes; [32m [repeated 6x across cluster][0m
[36m(SimpleStorageUnit pid=5551)[0m Per-operation statistics: GET_DATA: req_count=21, req/min=4.15, avg_time=0.001517s, max_time=0.002208s, min_time=0.001037s; PUT_DATA: req_count=31, req/min=6.13, avg_time=0.001162s, max_time=0.001724s, min_time=0.000976s; CLEAR_DATA: req_count=5, req/min=0.99, avg_time=0.001363s, max_time=0.001488s, min_time=0.001139s[32m [repeated 5x across cluster][0m
[36m(SimpleStorageUnit pid=5549)[0m Per-operation statistics: CLEAR_DATA: req_count=5, req/min=1.00, avg_time=0.001365s, max_time=0.001518s, min_time=0.001231s; PUT_DATA: req_count=29, req/min=5.80, avg_time=0.001126s, max_time=0.001616s, min_time=0.000983s; GET_DATA: req_count=14, req/min=2.80, avg_time=0.001425s, max_time=0.001846s, min_time=0.001108s
[36m(SimpleStorageUnit pid=5549)[0m 2026-08-08 02:14:07,331 - INFO - transfer_queue.utils.perf_utils - TQ_STORAGE_UNIT_1d3193ae: [Performance] Total success requests: 48, Total req/min: 9.60, Total avg process time: 0.0012s; 
[36m(SimpleStorageUnit pid=5549)[0m Time range: last 5.00 minutes; 
[36m(TaskRunnerV1 pid=4817)[0m INFO:2026-08-08 02:14:55,873:pending: 0, running: 2, finished: 6, failure: 0
[36m(vLLMHttpServer pid=7994)[0m (EngineCore pid=9027) WARNING 08-08 02:16:01 [scheduler.py:1919] reset_connector called but no KV connector is configured.[32m [repeated 6x across cluster][0m
[36m(vLLMHttpServer pid=7995)[0m (Worker pid=9278) WARNING 08-08 02:12:54 [layerwise.py:225] RotaryEmbedding: Failed to load weights
[36m(vLLMHttpServer pid=7994)[0m (Worker pid=9290) WARNING 08-08 02:16:02 [layerwise.py:225] RotaryEmbedding: Failed to load weights
[36m(TaskRunnerV1 pid=4817)[0m step:54 - global_seqlen/min:384961.0 - global_seqlen/max:519933.0 - global_seqlen/minmax_diff:134972.0 - global_seqlen/balanced_min:452332.0 - global_seqlen/balanced_max:452562.0 - global_seqlen/mean:452447.0 - actor/entropy:1.123943567276001 - training/rollout_probs_diff_valid:1.0 - training/rollout_probs_diff_max:0.41473016142845154 - training/rollout_probs_diff_mean:0.005421869456768036 - training/rollout_probs_diff_std:0.008545310236513615 - training/rollout_actor_probs_pearson_corr:0.9996179342269897 - rollout_corr/training_ppl:3.097102165222168 - rollout_corr/training_log_ppl:1.1221530437469482 - rollout_corr/kl:0.0007697417167946696 - rollout_corr/k3_kl:0.0007679581176489592 - rollout_corr/rollout_ppl:3.094672918319702 - rollout_corr/rollout_log_ppl:1.1213756799697876 - rollout_corr/log_ppl_diff:0.0007774056866765022 - rollout_corr/log_ppl_abs_diff:0.0007774056866765022 - rollout_corr/log_ppl_diff_max:0.0014024972915649414 - rollout_corr/log_ppl_diff_min:0.00014317035675048828 - rollout_corr/ppl_ratio:1.0007777214050293 - rollout_corr/chi2_token:0.001519918441772461 - rollout_corr/chi2_seq:-0.9993569850921631 - actor/pg_clipfrac:0.0 - actor/ppo_kl:0.0 - actor/pg_clipfrac_lower:0.0 - actor/pg_loss:0.004068133886903524 - actor/loss:0.004068135283887386 - actor/grad_norm:0.03181375935673714 - actor/lr:1e-06 - actor/perf/max_memory_allocated_gb:38.93218231201172 - actor/perf/max_memory_reserved_gb:54.07421875 - actor/perf/cpu_memory_used_gb:45.68125915527344 - perf/mfu/actor:0.31308678556498404 - training/global_step:54 - training/epoch:0 - critic/score/mean:0.033203125 - critic/score/max:1.0 - critic/score/min:0.0 - critic/rewards/mean:0.033203125 - critic/rewards/max:1.0 - critic/rewards/min:0.0 - critic/advantages/mean:-0.0040681432001292706 - critic/advantages/max:1.872944712638855 - critic/advantages/min:-0.6774480938911438 - critic/returns/mean:-0.0040681432001292706 - critic/returns/max:1.872944712638855 - critic/returns/min:-0.6774480938911438 - response_length/mean:13473.71875 - response_length/max:16384.0 - response_length/min:7894.0 - response_length/clip_ratio:0.296875 - response_length_non_aborted/mean:13473.71875 - response_length_non_aborted/max:16384.0 - response_length_non_aborted/min:7894.0 - response_length_non_aborted/clip_ratio:0.296875 - response/aborted_ratio:0.0 - prompt_length/mean:665.25 - prompt_length/max:867.0 - prompt_length/min:412.0 - prompt_length/clip_ratio:0.125 - timing_s/gen:158.6988771170145 - timing_s/old_log_prob:6.083018656005152 - timing_s/adv:0.09709180693607777 - timing_s/update_actor:21.158676191000268 - timing_s/update_weights:1.9277986870147288 - timing_s/step:187.984710423043 - timing_per_token_ms/adv:0.00010729633187542162 - timing_per_token_ms/update_actor:0.02338249141998982 - timing_per_token_ms/gen:0.18403753269329237 - perf/total_num_tokens:904894 - perf/time_per_step:187.984710423043 - perf/throughput:2406.8287201752096 - training/num_turns/mean:np.float64(2.0) - training/num_turns/max:np.int64(2) - training/num_turns/min:np.int64(2) - training/off_policy/trajectory_spans/mean:np.float64(1.0) - training/off_policy/trajectory_spans/max:np.int64(1) - training/off_policy/trajectory_spans/min:np.int64(1) - training/off_policy/trajectory_staleness/mean:np.float64(0.0) - training/off_policy/trajectory_staleness/max:np.int64(0) - training/off_policy/trajectory_staleness/min:np.int64(0) - training/off_policy/trajectory_staleness_worst/mean:np.float64(0.0) - training/off_policy/trajectory_staleness_worst/max:np.int64(0) - training/off_policy/trajectory_staleness_worst/min:np.int64(0)
[36m(TaskRunnerV1 pid=4817)[0m Training Progress:   8%|▊         | 54/640 [1:54:08<22:44:06, 139.67s/it]
[36m(TransferQueueController pid=5376)[0m 2026-08-08 02:16:23,822 - INFO - transfer_queue.utils.perf_utils - TQ_CONTROLLER_450da3e2: [Performance] Total success requests: 676, Total req/min: 135.19, Total avg process time: 0.0002s; 
[36m(TransferQueueController pid=5376)[0m Time range: last 5.00 minutes; 
[36m(TransferQueueController pid=5376)[0m Per-operation statistics: NOTIFY_DATA_UPDATE: req_count=156, req/min=31.20, avg_time=0.000211s, max_time=0.000312s, min_time=0.000099s; SET_CUSTOM_META: req_count=190, req/min=38.00, avg_time=0.000021s, max_time=0.000043s, min_time=0.000008s; KV_LIST: req_count=125, req/min=25.00, avg_time=0.000051s, max_time=0.000076s, min_time=0.000029s; KV_RETRIEVE_META: req_count=199, req/min=39.80, avg_time=0.000491s, max_time=0.001910s, min_time=0.000147s; CLEAR_META: req_count=4, req/min=0.80, avg_time=0.000356s, max_time=0.000448s, min_time=0.000259s; KV_RETRIEVE_KEYS: req_count=2, req/min=0.40, avg_time=0.000036s, max_time=0.000041s, min_time=0.000030s
[36m(TaskRunnerV1 pid=4817)[0m INFO:2026-08-08 02:17:03,862:pending: 0, running: 2, finished: 6, failure: 0
[36m(vLLMHttpServer pid=7994)[0m (EngineCore pid=9027) WARNING 08-08 02:18:04 [scheduler.py:1919] reset_connector called but no KV connector is configured.[32m [repeated 6x across cluster][0m
[36m(vLLMHttpServer pid=7995)[0m (Worker pid=9278) WARNING 08-08 02:16:02 [layerwise.py:225] RotaryEmbedding: Failed to load weights
[36m(vLLMHttpServer pid=7994)[0m (Worker pid=9290) WARNING 08-08 02:18:05 [layerwise.py:225] RotaryEmbedding: Failed to load weights
[36m(TaskRunnerV1 pid=4817)[0m step:55 - global_seqlen/min:170289.0 - global_seqlen/max:449870.0 - global_seqlen/minmax_diff:279581.0 - global_seqlen/balanced_min:310061.0 - global_seqlen/balanced_max:310098.0 - global_seqlen/mean:310079.5 - actor/entropy:1.118761420249939 - training/rollout_probs_diff_valid:1.0 - training/rollout_probs_diff_max:0.35263705253601074 - training/rollout_probs_diff_mean:0.0054349713027477264 - training/rollout_probs_diff_std:0.008471416309475899 - training/rollout_actor_probs_pearson_corr:0.9996206164360046 - rollout_corr/training_ppl:2.864722490310669 - rollout_corr/training_log_ppl:1.0355467796325684 - rollout_corr/kl:0.0006392163340933621 - rollout_corr/k3_kl:0.0007551029557362199 - rollout_corr/rollout_ppl:2.862976551055908 - rollout_corr/rollout_log_ppl:1.0349555015563965 - rollout_corr/log_ppl_diff:0.0005912585183978081 - rollout_corr/log_ppl_abs_diff:0.000620122067630291 - rollout_corr/log_ppl_diff_max:0.0013109445571899414 - rollout_corr/log_ppl_diff_min:-0.0004310011863708496 - rollout_corr/ppl_ratio:1.000591516494751 - rollout_corr/chi2_token:0.0017461776733398438 - rollout_corr/chi2_seq:-0.49578845500946045 - actor/pg_clipfrac:0.0 - actor/ppo_kl:0.0 - actor/pg_clipfrac_lower:0.0 - actor/pg_loss:-0.013205122493673116 - actor/loss:-0.013205122202634811 - actor/grad_norm:0.10770796984434128 - actor/lr:1e-06 - actor/perf/max_memory_allocated_gb:38.93218231201172 - actor/perf/max_memory_reserved_gb:54.25 - actor/perf/cpu_memory_used_gb:45.51010513305664 - perf/mfu/actor:0.3057813025880337 - training/global_step:55 - training/epoch:0 - critic/score/mean:0.14218750596046448 - critic/score/max:1.0 - critic/score/min:0.0 - critic/rewards/mean:0.14218750596046448 - critic/rewards/max:1.0 - critic/rewards/min:0.0 - critic/advantages/mean:0.013205097988247871 - critic/advantages/max:2.4748623371124268 - critic/advantages/min:-1.657737135887146 - critic/returns/mean:0.013205097988247871 - critic/returns/max:2.4748623371124268 - critic/returns/min:-1.657737135887146 - response_length/mean:9251.359375 - response_length/max:16384.0 - response_length/min:2249.0 - response_length/clip_ratio:0.015625 - response_length_non_aborted/mean:9251.359375 - response_length_non_aborted/max:16384.0 - response_length_non_aborted/min:2249.0 - response_length_non_aborted/clip_ratio:0.015625 - response/aborted_ratio:0.0 - prompt_length/mean:438.625 - prompt_length/max:648.0 - prompt_length/min:189.0 - prompt_length/clip_ratio:0.125 - timing_s/gen:102.62013201601803 - timing_s/old_log_prob:4.064597276970744 - timing_s/adv:0.0931076860288158 - timing_s/update_actor:14.195570689043961 - timing_s/update_weights:1.8801224009366706 - timing_s/step:122.87166563502979 - timing_per_token_ms/adv:0.000150135184732973 - timing_per_token_ms/update_actor:0.022890211524857273 - timing_per_token_ms/gen:0.1733193466771235 - perf/total_num_tokens:620159 - perf/time_per_step:122.87166563502979 - perf/throughput:2523.604595066209 - training/num_turns/mean:np.float64(2.0) - training/num_turns/max:np.int64(2) - training/num_turns/min:np.int64(2) - training/off_policy/trajectory_spans/mean:np.float64(1.0) - training/off_policy/trajectory_spans/max:np.int64(1) - training/off_policy/trajectory_spans/min:np.int64(1) - training/off_policy/trajectory_staleness/mean:np.float64(0.0) - training/off_policy/trajectory_staleness/max:np.int64(0) - training/off_policy/trajectory_staleness/min:np.int64(0) - training/off_policy/trajectory_staleness_worst/mean:np.float64(0.0) - training/off_policy/trajectory_staleness_worst/max:np.int64(0) - training/off_policy/trajectory_staleness_worst/min:np.int64(0)
[36m(TaskRunnerV1 pid=4817)[0m Training Progress:   9%|▊         | 55/640 [1:56:11<21:52:49, 134.65s/it]
[36m(SimpleStorageUnit pid=5548)[0m 2026-08-08 02:18:51,260 - INFO - transfer_queue.utils.perf_utils - TQ_STORAGE_UNIT_30983958: [Performance] Total success requests: 42, Total req/min: 8.32, Total avg process time: 0.0012s; 
[36m(SimpleStorageUnit pid=5548)[0m Time range: last 5.05 minutes; 
[36m(SimpleStorageUnit pid=5548)[0m Per-operation statistics: PUT_DATA: req_count=24, req/min=4.76, avg_time=0.001126s, max_time=0.001688s, min_time=0.000973s; CLEAR_DATA: req_count=4, req/min=0.79, avg_time=0.001327s, max_time=0.001540s, min_time=0.001120s; GET_DATA: req_count=14, req/min=2.77, avg_time=0.001255s, max_time=0.001637s, min_time=0.001072s
[36m(SimpleStorageUnit pid=5546)[0m 2026-08-08 02:18:56,280 - INFO - transfer_queue.utils.perf_utils - TQ_STORAGE_UNIT_aa034751: [Performance] Total success requests: 43, Total req/min: 8.35, Total avg process time: 0.0013s; [32m [repeated 5x across cluster][0m
[36m(SimpleStorageUnit pid=5546)[0m Time range: last 5.15 minutes; [32m [repeated 5x across cluster][0m
[36m(SimpleStorageUnit pid=5546)[0m Per-operation statistics: PUT_DATA: req_count=25, req/min=4.85, avg_time=0.001169s, max_time=0.001735s, min_time=0.000951s; CLEAR_DATA: req_count=4, req/min=0.78, avg_time=0.001331s, max_time=0.001648s, min_time=0.001143s; GET_DATA: req_count=14, req/min=2.72, avg_time=0.001423s, max_time=0.002012s, min_time=0.001033s[32m [repeated 5x across cluster][0m
[36m(TaskRunnerV1 pid=4817)[0m INFO:2026-08-08 02:19:06,792:pending: 0, running: 6, finished: 2, failure: 0
[36m(SimpleStorageUnit pid=5552)[0m 2026-08-08 02:18:57,442 - INFO - transfer_queue.utils.perf_utils - TQ_STORAGE_UNIT_32f050ae: [Performance] Total success requests: 42, Total req/min: 8.24, Total avg process time: 0.0013s; 
[36m(SimpleStorageUnit pid=5552)[0m Time range: last 5.10 minutes; 
[36m(SimpleStorageUnit pid=5552)[0m Per-operation statistics: PUT_DATA: req_count=24, req/min=4.71, avg_time=0.001183s, max_time=0.001666s, min_time=0.001000s; CLEAR_DATA: req_count=4, req/min=0.78, avg_time=0.001466s, max_time=0.002039s, min_time=0.001128s; GET_DATA: req_count=14, req/min=2.75, avg_time=0.001411s, max_time=0.001840s, min_time=0.001140s
[36m(SimpleStorageUnit pid=5549)[0m 2026-08-08 02:19:11,161 - INFO - transfer_queue.utils.perf_utils - TQ_STORAGE_UNIT_1d3193ae: [Performance] Total success requests: 42, Total req/min: 8.29, Total avg process time: 0.0013s; 
[36m(SimpleStorageUnit pid=5549)[0m Time range: last 5.06 minutes; 
[36m(SimpleStorageUnit pid=5549)[0m Per-operation statistics: PUT_DATA: req_count=24, req/min=4.74, avg_time=0.001121s, max_time=0.001575s, min_time=0.000997s; CLEAR_DATA: req_count=4, req/min=0.79, avg_time=0.001347s, max_time=0.001543s, min_time=0.001164s; GET_DATA: req_count=14, req/min=2.76, avg_time=0.001497s, max_time=0.002204s, min_time=0.001118s
[36m(TaskRunnerV1 pid=4817)[0m INFO:2026-08-08 02:20:06,861:pending: 0, running: 1, finished: 7, failure: 0
[36m(vLLMHttpServer pid=7994)[0m (EngineCore pid=9027) WARNING 08-08 02:20:31 [scheduler.py:1919] reset_connector called but no KV connector is configured.[32m [repeated 6x across cluster][0m
[36m(vLLMHttpServer pid=7995)[0m (Worker pid=9278) WARNING 08-08 02:18:05 [layerwise.py:225] RotaryEmbedding: Failed to load weights
[36m(vLLMHttpServer pid=7994)[0m (Worker pid=9290) WARNING 08-08 02:20:32 [layerwise.py:225] RotaryEmbedding: Failed to load weights
[36m(TaskRunnerV1 pid=4817)[0m step:56 - global_seqlen/min:292034.0 - global_seqlen/max:501920.0 - global_seqlen/minmax_diff:209886.0 - global_seqlen/balanced_min:396549.0 - global_seqlen/balanced_max:397405.0 - global_seqlen/mean:396977.0 - actor/entropy:1.1107131242752075 - training/rollout_probs_diff_valid:1.0 - training/rollout_probs_diff_max:0.9178047180175781 - training/rollout_probs_diff_mean:0.005390925332903862 - training/rollout_probs_diff_std:0.008565209805965424 - training/rollout_actor_probs_pearson_corr:0.9996117949485779 - rollout_corr/training_ppl:2.9838109016418457 - rollout_corr/training_log_ppl:1.083742380142212 - rollout_corr/kl:0.0006774392677471042 - rollout_corr/k3_kl:0.000753828149754554 - rollout_corr/rollout_ppl:2.9817540645599365 - rollout_corr/rollout_log_ppl:1.0830641984939575 - rollout_corr/log_ppl_diff:0.0006782803684473038 - rollout_corr/log_ppl_abs_diff:0.0006991848349571228 - rollout_corr/log_ppl_diff_max:0.0020043253898620605 - rollout_corr/log_ppl_diff_min:-0.0002835988998413086 - rollout_corr/ppl_ratio:1.0006786584854126 - rollout_corr/chi2_token:0.001657724380493164 - rollout_corr/chi2_seq:0.38678884506225586 - actor/pg_clipfrac:0.0 - actor/ppo_kl:0.0 - actor/pg_clipfrac_lower:0.0 - actor/pg_loss:0.020847793435677886 - actor/loss:0.020847797393798828 - actor/grad_norm:0.099136583507061 - actor/lr:1e-06 - actor/perf/max_memory_allocated_gb:38.93218231201172 - actor/perf/max_memory_reserved_gb:54.25 - actor/perf/cpu_memory_used_gb:44.100868225097656 - perf/mfu/actor:0.3030200967448769 - training/global_step:56 - training/epoch:0 - critic/score/mean:0.1675967276096344 - critic/score/max:1.0 - critic/score/min:0.0 - critic/rewards/mean:0.1675967276096344 - critic/rewards/max:1.0 - critic/rewards/min:0.0 - critic/advantages/mean:-0.02084784395992756 - critic/advantages/max:2.474853038787842 - critic/advantages/min:-0.9354003667831421 - critic/returns/mean:-0.02084784395992756 - critic/returns/max:2.474853038787842 - critic/returns/min:-0.9354003667831421 - response_length/mean:12023.40625 - response_length/max:16384.0 - response_length/min:1797.0 - response_length/clip_ratio:0.203125 - response_length_non_aborted/mean:12023.40625 - response_length_non_aborted/max:16384.0 - response_length_non_aborted/min:1797.0 - response_length_non_aborted/clip_ratio:0.203125 - response/aborted_ratio:0.0 - prompt_length/mean:382.125 - prompt_length/max:690.0 - prompt_length/min:56.0 - prompt_length/clip_ratio:0.125 - timing_s/gen:120.63985967100598 - timing_s/old_log_prob:5.3152802609838545 - timing_s/adv:0.09548868902493268 - timing_s/update_actor:18.966304250061512 - timing_s/update_weights:1.8756460689473897 - timing_s/step:146.91158917895518 - timing_per_token_ms/adv:0.00012026980029690975 - timing_per_token_ms/update_actor:0.023888417024237565 - timing_per_token_ms/gen:0.15677735311983396 - perf/total_num_tokens:793954 - perf/time_per_step:146.91158917895518 - perf/throughput:2702.148974213576 - training/num_turns/mean:np.float64(2.0) - training/num_turns/max:np.int64(2) - training/num_turns/min:np.int64(2) - training/off_policy/trajectory_spans/mean:np.float64(1.0) - training/off_policy/trajectory_spans/max:np.int64(1) - training/off_policy/trajectory_spans/min:np.int64(1) - training/off_policy/trajectory_staleness/mean:np.float64(0.0) - training/off_policy/trajectory_staleness/max:np.int64(0) - training/off_policy/trajectory_staleness/min:np.int64(0) - training/off_policy/trajectory_staleness_worst/mean:np.float64(0.0) - training/off_policy/trajectory_staleness_worst/max:np.int64(0) - training/off_policy/trajectory_staleness_worst/min:np.int64(0)
[36m(TaskRunnerV1 pid=4817)[0m Training Progress:   9%|▉         | 56/640 [1:58:38<22:26:34, 138.35s/it]
[36m(TransferQueueController pid=5376)[0m 2026-08-08 02:21:25,101 - INFO - transfer_queue.utils.perf_utils - TQ_CONTROLLER_450da3e2: [Performance] Total success requests: 642, Total req/min: 127.85, Total avg process time: 0.0002s; 
[36m(TransferQueueController pid=5376)[0m Time range: last 5.02 minutes; 
[36m(TransferQueueController pid=5376)[0m Per-operation statistics: KV_LIST: req_count=128, req/min=25.49, avg_time=0.000053s, max_time=0.000084s, min_time=0.000031s; KV_RETRIEVE_META: req_count=188, req/min=37.44, avg_time=0.000496s, max_time=0.002585s, min_time=0.000150s; NOTIFY_DATA_UPDATE: req_count=143, req/min=28.48, avg_time=0.000211s, max_time=0.000293s, min_time=0.000080s; SET_CUSTOM_META: req_count=177, req/min=35.25, avg_time=0.000021s, max_time=0.000052s, min_time=0.000009s; CLEAR_META: req_count=4, req/min=0.80, avg_time=0.000323s, max_time=0.000345s, min_time=0.000267s; KV_RETRIEVE_KEYS: req_count=2, req/min=0.40, avg_time=0.000039s, max_time=0.000048s, min_time=0.000030s
[36m(TaskRunnerV1 pid=4817)[0m INFO:2026-08-08 02:21:33,766:pending: 0, running: 6, finished: 2, failure: 0
[36m(TaskRunnerV1 pid=4817)[0m INFO:2026-08-08 02:22:33,835:pending: 0, running: 1, finished: 7, failure: 0
[36m(vLLMHttpServer pid=7994)[0m (EngineCore pid=9027) WARNING 08-08 02:22:59 [scheduler.py:1919] reset_connector called but no KV connector is configured.[32m [repeated 6x across cluster][0m
[36m(vLLMHttpServer pid=7995)[0m (Worker pid=9278) WARNING 08-08 02:20:32 [layerwise.py:225] RotaryEmbedding: Failed to load weights
[36m(vLLMHttpServer pid=7994)[0m (Worker pid=9290) WARNING 08-08 02:23:00 [layerwise.py:225] RotaryEmbedding: Failed to load weights
[36m(TaskRunnerV1 pid=4817)[0m step:57 - global_seqlen/min:293861.0 - global_seqlen/max:482806.0 - global_seqlen/minmax_diff:188945.0 - global_seqlen/balanced_min:388235.0 - global_seqlen/balanced_max:388432.0 - global_seqlen/mean:388333.5 - actor/entropy:1.06584632396698 - training/rollout_probs_diff_valid:1.0 - training/rollout_probs_diff_max:0.4300215244293213 - training/rollout_probs_diff_mean:0.005213804077357054 - training/rollout_probs_diff_std:0.00833443459123373 - training/rollout_actor_probs_pearson_corr:0.9996287822723389 - rollout_corr/training_ppl:2.8492915630340576 - rollout_corr/training_log_ppl:1.04048490524292 - rollout_corr/kl:0.000773763982579112 - rollout_corr/k3_kl:0.0007139390800148249 - rollout_corr/rollout_ppl:2.847106456756592 - rollout_corr/rollout_log_ppl:1.0397255420684814 - rollout_corr/log_ppl_diff:0.000759354792535305 - rollout_corr/log_ppl_abs_diff:0.0007599843665957451 - rollout_corr/log_ppl_diff_max:0.0017819404602050781 - rollout_corr/log_ppl_diff_min:-1.0132789611816406e-05 - rollout_corr/ppl_ratio:1.0007597208023071 - rollout_corr/chi2_token:0.0013201236724853516 - rollout_corr/chi2_seq:-0.9418966174125671 - actor/pg_clipfrac:0.0 - actor/ppo_kl:0.0 - actor/pg_clipfrac_lower:0.0 - actor/pg_loss:0.05075828707776964 - actor/loss:0.05075828731060028 - actor/grad_norm:0.07611488550901413 - actor/lr:1e-06 - actor/perf/max_memory_allocated_gb:38.93218231201172 - actor/perf/max_memory_reserved_gb:54.25 - actor/perf/cpu_memory_used_gb:44.20611572265625 - perf/mfu/actor:0.30823968293029974 - training/global_step:57 - training/epoch:0 - critic/score/mean:0.166015625 - critic/score/max:1.0 - critic/score/min:0.0 - critic/rewards/mean:0.166015625 - critic/rewards/max:1.0 - critic/rewards/min:0.0 - critic/advantages/mean:-0.050758279860019684 - critic/advantages/max:2.4748458862304688 - critic/advantages/min:-1.2076085805892944 - critic/returns/mean:-0.050758279860019684 - critic/returns/max:2.4748458862304688 - critic/returns/min:-1.2076085805892944 - response_length/mean:11690.546875 - response_length/max:16384.0 - response_length/min:4279.0 - response_length/clip_ratio:0.125 - response_length_non_aborted/mean:11690.546875 - response_length_non_aborted/max:16384.0 - response_length_non_aborted/min:4279.0 - response_length_non_aborted/clip_ratio:0.125 - response/aborted_ratio:0.0 - prompt_length/mean:444.875 - prompt_length/max:622.0 - prompt_length/min:315.0 - prompt_length/clip_ratio:0.125 - timing_s/gen:122.63952801690903 - timing_s/old_log_prob:5.145725212059915 - timing_s/adv:0.0959172990405932 - timing_s/update_actor:17.99400278995745 - timing_s/update_weights:1.8744932339759544 - timing_s/step:147.76865154702682 - timing_per_token_ms/adv:0.00012349861528891174 - timing_per_token_ms/update_actor:0.023168233992119466 - timing_per_token_ms/gen:0.16391385670434716 - perf/total_num_tokens:776667 - perf/time_per_step:147.76865154702682 - perf/throughput:2627.9829715872743 - training/num_turns/mean:np.float64(2.0) - training/num_turns/max:np.int64(2) - training/num_turns/min:np.int64(2) - training/off_policy/trajectory_spans/mean:np.float64(1.0) - training/off_policy/trajectory_spans/max:np.int64(1) - training/off_policy/trajectory_spans/min:np.int64(1) - training/off_policy/trajectory_staleness/mean:np.float64(0.0) - training/off_policy/trajectory_staleness/max:np.int64(0) - training/off_policy/trajectory_staleness/min:np.int64(0) - training/off_policy/trajectory_staleness_worst/mean:np.float64(0.0) - training/off_policy/trajectory_staleness_worst/max:np.int64(0) - training/off_policy/trajectory_staleness_worst/min:np.int64(0)
[36m(TaskRunnerV1 pid=4817)[0m Training Progress:   9%|▉         | 57/640 [2:01:06<22:51:56, 141.19s/it]
[36m(SimpleStorageUnit pid=5550)[0m 2026-08-08 02:23:53,111 - INFO - transfer_queue.utils.perf_utils - TQ_STORAGE_UNIT_c7198b3e: [Performance] Total success requests: 41, Total req/min: 8.19, Total avg process time: 0.0013s; 
[36m(SimpleStorageUnit pid=5550)[0m Time range: last 5.01 minutes; 
[36m(SimpleStorageUnit pid=5550)[0m Per-operation statistics: PUT_DATA: req_count=23, req/min=4.59, avg_time=0.001181s, max_time=0.001648s, min_time=0.000987s; CLEAR_DATA: req_count=4, req/min=0.80, avg_time=0.001454s, max_time=0.001601s, min_time=0.001320s; GET_DATA: req_count=14, req/min=2.80, avg_time=0.001344s, max_time=0.002093s, min_time=0.001078s
[36m(SimpleStorageUnit pid=5548)[0m 2026-08-08 02:23:58,786 - INFO - transfer_queue.utils.perf_utils - TQ_STORAGE_UNIT_30983958: [Performance] Total success requests: 42, Total req/min: 8.19, Total avg process time: 0.0012s; 
[36m(SimpleStorageUnit pid=5548)[0m Time range: last 5.13 minutes; 
[36m(SimpleStorageUnit pid=5548)[0m Per-operation statistics: PUT_DATA: req_count=24, req/min=4.68, avg_time=0.001172s, max_time=0.001636s, min_time=0.000942s; CLEAR_DATA: req_count=4, req/min=0.78, avg_time=0.001308s, max_time=0.001488s, min_time=0.001150s; GET_DATA: req_count=14, req/min=2.73, avg_time=0.001321s, max_time=0.001626s, min_time=0.001089s
[36m(SimpleStorageUnit pid=5545)[0m 2026-08-08 02:23:59,665 - INFO - transfer_queue.utils.perf_utils - TQ_STORAGE_UNIT_402cee8a: [Performance] Total success requests: 42, Total req/min: 8.19, Total avg process time: 0.0012s; 
[36m(SimpleStorageUnit pid=5545)[0m Time range: last 5.13 minutes; 
[36m(SimpleStorageUnit pid=5545)[0m Per-operation statistics: PUT_DATA: req_count=24, req/min=4.68, avg_time=0.001161s, max_time=0.001623s, min_time=0.000954s; CLEAR_DATA: req_count=4, req/min=0.78, avg_time=0.001299s, max_time=0.001411s, min_time=0.001161s; GET_DATA: req_count=14, req/min=2.73, avg_time=0.001276s, max_time=0.001928s, min_time=0.001010s
[36m(TaskRunnerV1 pid=4817)[0m INFO:2026-08-08 02:24:01,605:pending: 0, running: 8, finished: 0, failure: 0
[36m(SimpleStorageUnit pid=5549)[0m 2026-08-08 02:24:13,130 - INFO - transfer_queue.utils.perf_utils - TQ_STORAGE_UNIT_1d3193ae: [Performance] Total success requests: 43, Total req/min: 8.54, Total avg process time: 0.0013s; [32m [repeated 5x across cluster][0m
[36m(SimpleStorageUnit pid=5549)[0m Time range: last 5.03 minutes; [32m [repeated 5x across cluster][0m
[36m(SimpleStorageUnit pid=5549)[0m Per-operation statistics: PUT_DATA: req_count=25, req/min=4.97, avg_time=0.001170s, max_time=0.001882s, min_time=0.000981s; CLEAR_DATA: req_count=4, req/min=0.79, avg_time=0.001300s, max_time=0.001362s, min_time=0.001221s; GET_DATA: req_count=14, req/min=2.78, avg_time=0.001378s, max_time=0.001902s, min_time=0.001068s[32m [repeated 5x across cluster][0m
[36m(vLLMHttpServer pid=7994)[0m (EngineCore pid=9027) WARNING 08-08 02:24:56 [scheduler.py:1919] reset_connector called but no KV connector is configured.[32m [repeated 6x across cluster][0m
[36m(vLLMHttpServer pid=7995)[0m (Worker pid=9278) WARNING 08-08 02:23:00 [layerwise.py:225] RotaryEmbedding: Failed to load weights
[36m(vLLMHttpServer pid=7994)[0m (Worker pid=9290) WARNING 08-08 02:24:57 [layerwise.py:225] RotaryEmbedding: Failed to load weights
[36m(TaskRunnerV1 pid=4817)[0m step:58 - global_seqlen/min:359697.0 - global_seqlen/max:506951.0 - global_seqlen/minmax_diff:147254.0 - global_seqlen/balanced_min:433166.0 - global_seqlen/balanced_max:433482.0 - global_seqlen/mean:433324.0 - actor/entropy:1.123591661453247 - training/rollout_probs_diff_valid:1.0 - training/rollout_probs_diff_max:0.9394447207450867 - training/rollout_probs_diff_mean:0.005379565991461277 - training/rollout_probs_diff_std:0.008697791956365108 - training/rollout_actor_probs_pearson_corr:0.9996007084846497 - rollout_corr/training_ppl:3.0949103832244873 - rollout_corr/training_log_ppl:1.1198077201843262 - rollout_corr/kl:0.0008029720629565418 - rollout_corr/k3_kl:0.0007789243827573955 - rollout_corr/rollout_ppl:3.0923807621002197 - rollout_corr/rollout_log_ppl:1.1189948320388794 - rollout_corr/log_ppl_diff:0.0008127614855766296 - rollout_corr/log_ppl_abs_diff:0.0008127614855766296 - rollout_corr/log_ppl_diff_max:0.0016728043556213379 - rollout_corr/log_ppl_diff_min:4.029273986816406e-05 - rollout_corr/ppl_ratio:1.0008131265640259 - rollout_corr/chi2_token:0.0014944076538085938 - rollout_corr/chi2_seq:-0.9949632287025452 - actor/pg_clipfrac:0.0 - actor/ppo_kl:0.0 - actor/pg_clipfrac_lower:0.0 - actor/pg_loss:0.02020003172219731 - actor/loss:0.020200030878186226 - actor/grad_norm:0.06438405811786652 - actor/lr:1e-06 - actor/perf/max_memory_allocated_gb:38.93218231201172 - actor/perf/max_memory_reserved_gb:54.25 - actor/perf/cpu_memory_used_gb:44.037349700927734 - perf/mfu/actor:0.3067734829585877 - training/global_step:58 - training/epoch:0 - critic/score/mean:0.1448102742433548 - critic/score/max:1.0 - critic/score/min:0.0 - critic/rewards/mean:0.1448102742433548 - critic/rewards/max:1.0 - critic/rewards/min:0.0 - critic/advantages/mean:-0.020200040191411972 - critic/advantages/max:1.7378902435302734 - critic/advantages/min:-1.75899338722229 - critic/returns/mean:-0.020200040191411972 - critic/returns/max:1.7378902435302734 - critic/returns/min:-1.75899338722229 - response_length/mean:13066.625 - response_length/max:16384.0 - response_length/min:3746.0 - response_length/clip_ratio:0.125 - response_length_non_aborted/mean:13066.625 - response_length_non_aborted/max:16384.0 - response_length_non_aborted/min:3746.0 - response_length_non_aborted/clip_ratio:0.125 - response/aborted_ratio:0.0 - prompt_length/mean:474.75 - prompt_length/max:826.0 - prompt_length/min:173.0 - prompt_length/clip_ratio:0.125 - timing_s/gen:88.6146136430325 - timing_s/old_log_prob:5.876148586045019 - timing_s/adv:0.09586437197867781 - timing_s/update_actor:20.62840225500986 - timing_s/update_weights:1.8661138719180599 - timing_s/step:117.09890317590907 - timing_per_token_ms/adv:0.00011061511937796869 - timing_per_token_ms/update_actor:0.023802515271494146 - timing_per_token_ms/gen:0.10596487908487331 - perf/total_num_tokens:866648 - perf/time_per_step:117.09890317590907 - perf/throughput:3700.495805234394 - training/num_turns/mean:np.float64(2.0) - training/num_turns/max:np.int64(2) - training/num_turns/min:np.int64(2) - training/off_policy/trajectory_spans/mean:np.float64(1.0) - training/off_policy/trajectory_spans/max:np.int64(1) - training/off_policy/trajectory_spans/min:np.int64(1) - training/off_policy/trajectory_staleness/mean:np.float64(0.0) - training/off_policy/trajectory_staleness/max:np.int64(0) - training/off_policy/trajectory_staleness/min:np.int64(0) - training/off_policy/trajectory_staleness_worst/mean:np.float64(0.0) - training/off_policy/trajectory_staleness_worst/max:np.int64(0) - training/off_policy/trajectory_staleness_worst/min:np.int64(0)
[36m(TaskRunnerV1 pid=4817)[0m Training Progress:   9%|▉         | 58/640 [2:03:03<21:39:39, 133.98s/it]
[36m(TaskRunnerV1 pid=4817)[0m INFO:2026-08-08 02:25:58,768:pending: 0, running: 5, finished: 3, failure: 0
[36m(TransferQueueController pid=5376)[0m 2026-08-08 02:26:25,680 - INFO - transfer_queue.utils.perf_utils - TQ_CONTROLLER_450da3e2: [Performance] Total success requests: 733, Total req/min: 146.32, Total avg process time: 0.0002s; 
[36m(TransferQueueController pid=5376)[0m Time range: last 5.01 minutes; 
[36m(TransferQueueController pid=5376)[0m Per-operation statistics: NOTIFY_DATA_UPDATE: req_count=170, req/min=33.93, avg_time=0.000214s, max_time=0.000302s, min_time=0.000084s; SET_CUSTOM_META: req_count=211, req/min=42.12, avg_time=0.000021s, max_time=0.000062s, min_time=0.000008s; KV_RETRIEVE_META: req_count=221, req/min=44.11, avg_time=0.000478s, max_time=0.001904s, min_time=0.000149s; KV_LIST: req_count=125, req/min=24.95, avg_time=0.000051s, max_time=0.000079s, min_time=0.000028s; CLEAR_META: req_count=4, req/min=0.80, avg_time=0.000327s, max_time=0.000377s, min_time=0.000264s; KV_RETRIEVE_KEYS: req_count=2, req/min=0.40, avg_time=0.000035s, max_time=0.000039s, min_time=0.000031s
[36m(vLLMHttpServer pid=7994)[0m (EngineCore pid=9027) WARNING 08-08 02:26:51 [scheduler.py:1919] reset_connector called but no KV connector is configured.[32m [repeated 6x across cluster][0m
[36m(vLLMHttpServer pid=7995)[0m (Worker pid=9278) WARNING 08-08 02:24:57 [layerwise.py:225] RotaryEmbedding: Failed to load weights
[36m(vLLMHttpServer pid=7994)[0m (Worker pid=9290) WARNING 08-08 02:26:52 [layerwise.py:225] RotaryEmbedding: Failed to load weights
[36m(TaskRunnerV1 pid=4817)[0m step:59 - global_seqlen/min:323636.0 - global_seqlen/max:481744.0 - global_seqlen/minmax_diff:158108.0 - global_seqlen/balanced_min:402685.0 - global_seqlen/balanced_max:402695.0 - global_seqlen/mean:402690.0 - actor/entropy:1.0643376111984253 - training/rollout_probs_diff_valid:1.0 - training/rollout_probs_diff_max:0.5384314656257629 - training/rollout_probs_diff_mean:0.005343655124306679 - training/rollout_probs_diff_std:0.008444768376648426 - training/rollout_actor_probs_pearson_corr:0.999617338180542 - rollout_corr/training_ppl:2.916398525238037 - rollout_corr/training_log_ppl:1.065801978111267 - rollout_corr/kl:0.000713747285772115 - rollout_corr/k3_kl:0.0007251114584505558 - rollout_corr/rollout_ppl:2.9142704010009766 - rollout_corr/rollout_log_ppl:1.0650802850723267 - rollout_corr/log_ppl_diff:0.0007217396050691605 - rollout_corr/log_ppl_abs_diff:0.0007271897047758102 - rollout_corr/log_ppl_diff_max:0.0017992258071899414 - rollout_corr/log_ppl_diff_min:-0.00017440319061279297 - rollout_corr/ppl_ratio:1.000722050666809 - rollout_corr/chi2_token:0.001468658447265625 - rollout_corr/chi2_seq:-0.749646782875061 - actor/pg_clipfrac:0.0 - actor/ppo_kl:0.0 - actor/pg_clipfrac_lower:0.0 - actor/pg_loss:0.04975400655530393 - actor/loss:0.049754008650779724 - actor/grad_norm:0.09426666796207428 - actor/lr:1e-06 - actor/perf/max_memory_allocated_gb:38.93218231201172 - actor/perf/max_memory_reserved_gb:54.25 - actor/perf/cpu_memory_used_gb:43.71474838256836 - perf/mfu/actor:0.3044027248809461 - training/global_step:59 - training/epoch:0 - critic/score/mean:0.232421875 - critic/score/max:1.0 - critic/score/min:0.0 - critic/rewards/mean:0.232421875 - critic/rewards/max:1.0 - critic/rewards/min:0.0 - critic/advantages/mean:-0.0497540608048439 - critic/advantages/max:2.474865674972534 - critic/advantages/min:-1.6201812028884888 - critic/returns/mean:-0.0497540608048439 - critic/returns/max:2.474865674972534 - critic/returns/min:-1.6201812028884888 - response_length/mean:12149.8125 - response_length/max:16384.0 - response_length/min:6312.0 - response_length/clip_ratio:0.15625 - response_length_non_aborted/mean:12149.8125 - response_length_non_aborted/max:16384.0 - response_length_non_aborted/min:6312.0 - response_length_non_aborted/clip_ratio:0.15625 - response/aborted_ratio:0.0 - prompt_length/mean:434.25 - prompt_length/max:807.0 - prompt_length/min:219.0 - prompt_length/clip_ratio:0.125 - timing_s/gen:88.62713489797898 - timing_s/old_log_prob:5.321176997967996 - timing_s/adv:0.09418294206261635 - timing_s/update_actor:18.923737494973466 - timing_s/update_weights:1.8580219380091876 - timing_s/step:114.84113751596306 - timing_per_token_ms/adv:0.00011694224100749503 - timing_per_token_ms/update_actor:0.023496656851391226 - timing_per_token_ms/gen:0.11397698382431182 - perf/total_num_tokens:805380 - perf/time_per_step:114.84113751596306 - perf/throughput:3506.4960928659 - training/num_turns/mean:np.float64(2.0) - training/num_turns/max:np.int64(2) - training/num_turns/min:np.int64(2) - training/off_policy/trajectory_spans/mean:np.float64(1.0) - training/off_policy/trajectory_spans/max:np.int64(1) - training/off_policy/trajectory_spans/min:np.int64(1) - training/off_policy/trajectory_staleness/mean:np.float64(0.0) - training/off_policy/trajectory_staleness/max:np.int64(0) - training/off_policy/trajectory_staleness/min:np.int64(0) - training/off_policy/trajectory_staleness_worst/mean:np.float64(0.0) - training/off_policy/trajectory_staleness_worst/max:np.int64(0) - training/off_policy/trajectory_staleness_worst/min:np.int64(0)
[36m(TaskRunnerV1 pid=4817)[0m Training Progress:   9%|▉         | 59/640 [2:04:58<20:41:59, 128.26s/it]
[36m(TaskRunnerV1 pid=4817)[0m INFO:2026-08-08 02:27:53,672:pending: 0, running: 8, finished: 0, failure: 0
[36m(TaskRunnerV1 pid=4817)[0m INFO:2026-08-08 02:28:53,737:pending: 0, running: 1, finished: 7, failure: 0
[36m(SimpleStorageUnit pid=5549)[0m 2026-08-08 02:29:31,159 - INFO - transfer_queue.utils.perf_utils - TQ_STORAGE_UNIT_1d3193ae: [Performance] Total success requests: 44, Total req/min: 8.30, Total avg process time: 0.0014s; 
[36m(SimpleStorageUnit pid=5549)[0m Time range: last 5.30 minutes; 
[36m(SimpleStorageUnit pid=5549)[0m Per-operation statistics: PUT_DATA: req_count=26, req/min=4.91, avg_time=0.001243s, max_time=0.001795s, min_time=0.000890s; CLEAR_DATA: req_count=4, req/min=0.75, avg_time=0.001409s, max_time=0.001583s, min_time=0.001233s; GET_DATA: req_count=14, req/min=2.64, avg_time=0.001589s, max_time=0.002167s, min_time=0.001044s
[36m(vLLMHttpServer pid=7994)[0m (EngineCore pid=9027) WARNING 08-08 02:29:58 [scheduler.py:1919] reset_connector called but no KV connector is configured.[32m [repeated 6x across cluster][0m
[36m(vLLMHttpServer pid=7995)[0m (Worker pid=9278) WARNING 08-08 02:26:52 [layerwise.py:225] RotaryEmbedding: Failed to load weights
[36m(vLLMHttpServer pid=7994)[0m (Worker pid=9290) WARNING 08-08 02:29:59 [layerwise.py:225] RotaryEmbedding: Failed to load weights
[36m(TaskRunnerV1 pid=4817)[0m step:60 - global_seqlen/min:352621.0 - global_seqlen/max:505553.0 - global_seqlen/minmax_diff:152932.0 - global_seqlen/balanced_min:428780.0 - global_seqlen/balanced_max:429394.0 - global_seqlen/mean:429087.0 - actor/entropy:1.128381371498108 - training/rollout_probs_diff_valid:1.0 - training/rollout_probs_diff_max:0.5143450498580933 - training/rollout_probs_diff_mean:0.005354646593332291 - training/rollout_probs_diff_std:0.008480522781610489 - training/rollout_actor_probs_pearson_corr:0.9996275901794434 - rollout_corr/training_ppl:3.1053364276885986 - rollout_corr/training_log_ppl:1.121617317199707 - rollout_corr/kl:0.0007427363889291883 - rollout_corr/k3_kl:0.0007683380972594023 - rollout_corr/rollout_ppl:3.1029932498931885 - rollout_corr/rollout_log_ppl:1.1208691596984863 - rollout_corr/log_ppl_diff:0.000748257152736187 - rollout_corr/log_ppl_abs_diff:0.000748257152736187 - rollout_corr/log_ppl_diff_max:0.0021341443061828613 - rollout_corr/log_ppl_diff_min:4.482269287109375e-05 - rollout_corr/ppl_ratio:1.000748634338379 - rollout_corr/chi2_token:0.0015844106674194336 - rollout_corr/chi2_seq:-0.9934254288673401 - actor/pg_clipfrac:0.0 - actor/ppo_kl:0.0 - actor/pg_clipfrac_lower:0.0 - actor/pg_loss:0.02941585553344339 - actor/loss:0.02941584773361683 - actor/grad_norm:0.06753779202699661 - actor/lr:1e-06 - actor/perf/max_memory_allocated_gb:38.93218231201172 - actor/perf/max_memory_reserved_gb:54.25 - actor/perf/cpu_memory_used_gb:44.36342239379883 - perf/mfu/actor:0.30657721800377236 - training/global_step:60 - training/epoch:0 - critic/score/mean:0.134765625 - critic/score/max:1.0 - critic/score/min:0.0 - critic/rewards/mean:0.134765625 - critic/rewards/max:1.0 - critic/rewards/min:0.0 - critic/advantages/mean:-0.02941586636006832 - critic/advantages/max:2.441600799560547 - critic/advantages/min:-0.935412585735321 - critic/returns/mean:-0.02941586636006832 - critic/returns/max:2.441600799560547 - critic/returns/min:-0.935412585735321 - response_length/mean:12981.46875 - response_length/max:16384.0 - response_length/min:5053.0 - response_length/clip_ratio:0.15625 - response_length_non_aborted/mean:12981.46875 - response_length_non_aborted/max:16384.0 - response_length_non_aborted/min:5053.0 - response_length_non_aborted/clip_ratio:0.15625 - response/aborted_ratio:0.0 - prompt_length/mean:427.5 - prompt_length/max:547.0 - prompt_length/min:309.0 - prompt_length/clip_ratio:0.125 - timing_s/gen:158.68294310302008 - timing_s/old_log_prob:5.7369711169740185 - timing_s/adv:0.09737895196303725 - timing_s/update_actor:20.291246543987654 - timing_s/update_weights:1.851361577049829 - timing_s/step:186.68196713505313 - timing_per_token_ms/adv:0.00011347227014922062 - timing_per_token_ms/update_actor:0.02364467642224963 - timing_per_token_ms/gen:0.19099695371409253 - perf/total_num_tokens:858174 - perf/time_per_step:186.68196713505313 - perf/throughput:2298.491957123965 - training/num_turns/mean:np.float64(2.0) - training/num_turns/max:np.int64(2) - training/num_turns/min:np.int64(2) - training/off_policy/trajectory_spans/mean:np.float64(1.0) - training/off_policy/trajectory_spans/max:np.int64(1) - training/off_policy/trajectory_spans/min:np.int64(1) - training/off_policy/trajectory_staleness/mean:np.float64(0.0) - training/off_policy/trajectory_staleness/max:np.int64(0) - training/off_policy/trajectory_staleness/min:np.int64(0) - training/off_policy/trajectory_staleness_worst/mean:np.float64(0.0) - training/off_policy/trajectory_staleness_worst/max:np.int64(0) - training/off_policy/trajectory_staleness_worst/min:np.int64(0)
[36m(TaskRunnerV1 pid=4817)[0m Training Progress:   9%|▉         | 60/640 [2:08:05<23:29:27, 145.81s/it]
[36m(SimpleStorageUnit pid=5548)[0m 2026-08-08 02:29:31,789 - INFO - transfer_queue.utils.perf_utils - TQ_STORAGE_UNIT_30983958: [Performance] Total success requests: 48, Total req/min: 8.65, Total avg process time: 0.0013s; [32m [repeated 7x across cluster][0m
[36m(SimpleStorageUnit pid=5548)[0m Time range: last 5.55 minutes; [32m [repeated 7x across cluster][0m
[36m(SimpleStorageUnit pid=5548)[0m Per-operation statistics: PUT_DATA: req_count=29, req/min=5.23, avg_time=0.001149s, max_time=0.001554s, min_time=0.000950s; CLEAR_DATA: req_count=5, req/min=0.90, avg_time=0.001486s, max_time=0.002188s, min_time=0.001184s; GET_DATA: req_count=14, req/min=2.52, avg_time=0.001474s, max_time=0.002332s, min_time=0.000977s[32m [repeated 7x across cluster][0m
[36m(TaskRunnerV1 pid=4817)[0m INFO:2026-08-08 02:31:00,421:pending: 0, running: 2, finished: 6, failure: 0
[36m(TransferQueueController pid=5376)[0m 2026-08-08 02:31:26,454 - INFO - transfer_queue.utils.perf_utils - TQ_CONTROLLER_450da3e2: [Performance] Total success requests: 611, Total req/min: 121.89, Total avg process time: 0.0002s; 
[36m(TransferQueueController pid=5376)[0m Time range: last 5.01 minutes; 
[36m(TransferQueueController pid=5376)[0m Per-operation statistics: NOTIFY_DATA_UPDATE: req_count=135, req/min=26.93, avg_time=0.000206s, max_time=0.000279s, min_time=0.000087s; SET_CUSTOM_META: req_count=168, req/min=33.51, avg_time=0.000020s, max_time=0.000042s, min_time=0.000009s; KV_RETRIEVE_META: req_count=177, req/min=35.31, avg_time=0.000492s, max_time=0.002675s, min_time=0.000145s; KV_LIST: req_count=125, req/min=24.94, avg_time=0.000054s, max_time=0.000115s, min_time=0.000034s; CLEAR_META: req_count=4, req/min=0.80, avg_time=0.000321s, max_time=0.000371s, min_time=0.000302s; KV_RETRIEVE_KEYS: req_count=2, req/min=0.40, avg_time=0.000037s, max_time=0.000042s, min_time=0.000032s
[36m(TaskRunnerV1 pid=4817)[0m INFO:2026-08-08 02:32:00,492:pending: 0, running: 2, finished: 6, failure: 0
[36m(vLLMHttpServer pid=7994)[0m (EngineCore pid=9027) WARNING 08-08 02:32:30 [scheduler.py:1919] reset_connector called but no KV connector is configured.[32m [repeated 6x across cluster][0m
[36m(vLLMHttpServer pid=7995)[0m (Worker pid=9278) WARNING 08-08 02:29:59 [layerwise.py:225] RotaryEmbedding: Failed to load weights
[36m(vLLMHttpServer pid=7994)[0m (Worker pid=9290) WARNING 08-08 02:32:30 [layerwise.py:225] RotaryEmbedding: Failed to load weights
[36m(TaskRunnerV1 pid=4817)[0m step:61 - global_seqlen/min:181818.0 - global_seqlen/max:413055.0 - global_seqlen/minmax_diff:231237.0 - global_seqlen/balanced_min:297406.0 - global_seqlen/balanced_max:297467.0 - global_seqlen/mean:297436.5 - actor/entropy:1.1407828330993652 - training/rollout_probs_diff_valid:1.0 - training/rollout_probs_diff_max:0.7193468809127808 - training/rollout_probs_diff_mean:0.005373546853661537 - training/rollout_probs_diff_std:0.00858059711754322 - training/rollout_actor_probs_pearson_corr:0.9996041059494019 - rollout_corr/training_ppl:2.9838640689849854 - rollout_corr/training_log_ppl:1.0703320503234863 - rollout_corr/kl:0.0008049121825024486 - rollout_corr/k3_kl:0.0007670266786590219 - rollout_corr/rollout_ppl:2.981454610824585 - rollout_corr/rollout_log_ppl:1.0695514678955078 - rollout_corr/log_ppl_diff:0.0007805116474628448 - rollout_corr/log_ppl_abs_diff:0.0008171107620000839 - rollout_corr/log_ppl_diff_max:0.0021518468856811523 - rollout_corr/log_ppl_diff_min:-0.0008957386016845703 - rollout_corr/ppl_ratio:1.0007808208465576 - rollout_corr/chi2_token:0.0014522075653076172 - rollout_corr/chi2_seq:-0.11053043603897095 - actor/pg_clipfrac:0.0 - actor/ppo_kl:0.0 - actor/pg_clipfrac_lower:0.0 - actor/pg_loss:0.025658117374405265 - actor/loss:0.025658125057816505 - actor/grad_norm:0.0962454155087471 - actor/lr:1e-06 - actor/perf/max_memory_allocated_gb:38.93218231201172 - actor/perf/max_memory_reserved_gb:54.25 - actor/perf/cpu_memory_used_gb:44.19329071044922 - perf/mfu/actor:0.30975733477055234 - training/global_step:61 - training/epoch:0 - critic/score/mean:0.302734375 - critic/score/max:1.0 - critic/score/min:0.0 - critic/rewards/mean:0.302734375 - critic/rewards/max:1.0 - critic/rewards/min:0.0 - critic/advantages/mean:-0.02565814182162285 - critic/advantages/max:1.8480392694473267 - critic/advantages/min:-1.5831410884857178 - critic/returns/mean:-0.02565814182162285 - critic/returns/max:1.8480392694473267 - critic/returns/min:-1.5831410884857178 - response_length/mean:8860.640625 - response_length/max:16384.0 - response_length/min:1489.0 - response_length/clip_ratio:0.015625 - response_length_non_aborted/mean:8860.640625 - response_length_non_aborted/max:16384.0 - response_length_non_aborted/min:1489.0 - response_length_non_aborted/clip_ratio:0.015625 - response/aborted_ratio:0.0 - prompt_length/mean:434.25 - prompt_length/max:944.0 - prompt_length/min:173.0 - prompt_length/clip_ratio:0.125 - timing_s/gen:132.67533714906313 - timing_s/old_log_prob:3.847836372908205 - timing_s/adv:0.09417940501589328 - timing_s/update_actor:13.226075339945965 - timing_s/update_weights:1.8549637249670923 - timing_s/step:151.7161083619576 - timing_per_token_ms/adv:0.00015831850666594933 - timing_per_token_ms/update_actor:0.022233443676122407 - timing_per_token_ms/gen:0.23396188048808395 - perf/total_num_tokens:594873 - perf/time_per_step:151.7161083619576 - perf/throughput:1960.4806846903107 - training/num_turns/mean:np.float64(2.0) - training/num_turns/max:np.int64(2) - training/num_turns/min:np.int64(2) - training/off_policy/trajectory_spans/mean:np.float64(1.0) - training/off_policy/trajectory_spans/max:np.int64(1) - training/off_policy/trajectory_spans/min:np.int64(1) - training/off_policy/trajectory_staleness/mean:np.float64(0.0) - training/off_policy/trajectory_staleness/max:np.int64(0) - training/off_policy/trajectory_staleness/min:np.int64(0) - training/off_policy/trajectory_staleness_worst/mean:np.float64(0.0) - training/off_policy/trajectory_staleness_worst/max:np.int64(0) - training/off_policy/trajectory_staleness_worst/min:np.int64(0)
[36m(TaskRunnerV1 pid=4817)[0m Training Progress:  10%|▉         | 61/640 [2:10:36<23:44:19, 147.60s/it]
[36m(TaskRunnerV1 pid=4817)[0m INFO:2026-08-08 02:33:32,195:pending: 0, running: 7, finished: 1, failure: 0
[36m(TaskRunnerV1 pid=4817)[0m INFO:2026-08-08 02:34:32,261:pending: 0, running: 1, finished: 7, failure: 0
[36m(SimpleStorageUnit pid=5552)[0m 2026-08-08 02:34:37,707 - INFO - transfer_queue.utils.perf_utils - TQ_STORAGE_UNIT_32f050ae: [Performance] Total success requests: 41, Total req/min: 8.04, Total avg process time: 0.0012s; 
[36m(SimpleStorageUnit pid=5552)[0m Time range: last 5.10 minutes; 
[36m(SimpleStorageUnit pid=5552)[0m Per-operation statistics: GET_DATA: req_count=14, req/min=2.75, avg_time=0.001356s, max_time=0.001905s, min_time=0.001077s; PUT_DATA: req_count=24, req/min=4.71, avg_time=0.001177s, max_time=0.001661s, min_time=0.000966s; CLEAR_DATA: req_count=3, req/min=0.59, avg_time=0.001319s, max_time=0.001456s, min_time=0.001134s
[36m(SimpleStorageUnit pid=5549)[0m Per-operation statistics: CLEAR_DATA: req_count=4, req/min=0.77, avg_time=0.001382s, max_time=0.001659s, min_time=0.001225s; GET_DATA: req_count=14, req/min=2.70, avg_time=0.001565s, max_time=0.002337s, min_time=0.001121s; PUT_DATA: req_count=24, req/min=4.63, avg_time=0.001162s, max_time=0.001698s, min_time=0.000963s
[36m(SimpleStorageUnit pid=5550)[0m 2026-08-08 02:34:44,281 - INFO - transfer_queue.utils.perf_utils - TQ_STORAGE_UNIT_c7198b3e: [Performance] Total success requests: 42, Total req/min: 8.06, Total avg process time: 0.0012s; [32m [repeated 2x across cluster][0m
[36m(SimpleStorageUnit pid=5550)[0m Time range: last 5.21 minutes; [32m [repeated 2x across cluster][0m
[36m(SimpleStorageUnit pid=5550)[0m Per-operation statistics: GET_DATA: req_count=14, req/min=2.69, avg_time=0.001294s, max_time=0.001979s, min_time=0.001050s; PUT_DATA: req_count=24, req/min=4.61, avg_time=0.001139s, max_time=0.001774s, min_time=0.000947s; CLEAR_DATA: req_count=4, req/min=0.77, avg_time=0.001296s, max_time=0.001406s, min_time=0.001184s
[36m(SimpleStorageUnit pid=5551)[0m Per-operation statistics: GET_DATA: req_count=14, req/min=2.69, avg_time=0.001368s, max_time=0.001765s, min_time=0.001091s; PUT_DATA: req_count=24, req/min=4.61, avg_time=0.001186s, max_time=0.001818s, min_time=0.000938s; CLEAR_DATA: req_count=4, req/min=0.77, avg_time=0.001283s, max_time=0.001474s, min_time=0.001112s
[36m(vLLMHttpServer pid=7994)[0m (EngineCore pid=9027) WARNING 08-08 02:35:11 [scheduler.py:1919] reset_connector called but no KV connector is configured.[32m [repeated 6x across cluster][0m
[36m(vLLMHttpServer pid=7995)[0m (Worker pid=9278) WARNING 08-08 02:32:30 [layerwise.py:225] RotaryEmbedding: Failed to load weights
[36m(vLLMHttpServer pid=7994)[0m (Worker pid=9290) WARNING 08-08 02:35:12 [layerwise.py:225] RotaryEmbedding: Failed to load weights
[36m(TaskRunnerV1 pid=4817)[0m step:62 - global_seqlen/min:340773.0 - global_seqlen/max:517769.0 - global_seqlen/minmax_diff:176996.0 - global_seqlen/balanced_min:429052.0 - global_seqlen/balanced_max:429490.0 - global_seqlen/mean:429271.0 - actor/entropy:1.1777886152267456 - training/rollout_probs_diff_valid:1.0 - training/rollout_probs_diff_max:0.2632068991661072 - training/rollout_probs_diff_mean:0.0054074544459581375 - training/rollout_probs_diff_std:0.00836858432739973 - training/rollout_actor_probs_pearson_corr:0.9996262192726135 - rollout_corr/training_ppl:3.1626603603363037 - rollout_corr/training_log_ppl:1.136467456817627 - rollout_corr/kl:0.0007066227844916284 - rollout_corr/k3_kl:0.0007584861014038324 - rollout_corr/rollout_ppl:3.1604409217834473 - rollout_corr/rollout_log_ppl:1.1357680559158325 - rollout_corr/log_ppl_diff:0.0006995424628257751 - rollout_corr/log_ppl_abs_diff:0.0007033273577690125 - rollout_corr/log_ppl_diff_max:0.0015887022018432617 - rollout_corr/log_ppl_diff_min:-0.00012111663818359375 - rollout_corr/ppl_ratio:1.0006998777389526 - rollout_corr/chi2_token:0.0016273260116577148 - rollout_corr/chi2_seq:-0.8707976341247559 - actor/pg_clipfrac:0.0 - actor/ppo_kl:0.0 - actor/pg_clipfrac_lower:0.0 - actor/pg_loss:0.0044505426194518805 - actor/loss:0.004450533539056778 - actor/grad_norm:0.09593401849269867 - actor/lr:1e-06 - actor/perf/max_memory_allocated_gb:38.93218231201172 - actor/perf/max_memory_reserved_gb:54.25 - actor/perf/cpu_memory_used_gb:44.34639358520508 - perf/mfu/actor:0.3023215643668723 - training/global_step:62 - training/epoch:0 - critic/score/mean:0.1640625 - critic/score/max:1.0 - critic/score/min:0.0 - critic/rewards/mean:0.1640625 - critic/rewards/max:1.0 - critic/rewards/min:0.0 - critic/advantages/mean:-0.004450538195669651 - critic/advantages/max:2.4748597145080566 - critic/advantages/min:-0.7717394232749939 - critic/returns/mean:-0.004450538195669651 - critic/returns/max:2.4748597145080566 - critic/returns/min:-0.7717394232749939 - response_length/mean:12923.84375 - response_length/max:16384.0 - response_length/min:2654.0 - response_length/clip_ratio:0.234375 - response_length_non_aborted/mean:12923.84375 - response_length_non_aborted/max:16384.0 - response_length_non_aborted/min:2654.0 - response_length_non_aborted/clip_ratio:0.234375 - response/aborted_ratio:0.0 - prompt_length/mean:490.875 - prompt_length/max:811.0 - prompt_length/min:226.0 - prompt_length/clip_ratio:0.125 - timing_s/gen:132.66094930598047 - timing_s/old_log_prob:5.810556656098925 - timing_s/adv:0.09796845295932144 - timing_s/update_actor:20.834759261924773 - timing_s/update_weights:1.8365529041038826 - timing_s/step:161.2587802420603 - timing_per_token_ms/adv:0.00011411026246744066 - timing_per_token_ms/update_actor:0.02426760631620209 - timing_per_token_ms/gen:0.16038783608057353 - perf/total_num_tokens:858542 - perf/time_per_step:161.2587802420603 - perf/throughput:2662.0007875269507 - training/num_turns/mean:np.float64(2.0) - training/num_turns/max:np.int64(2) - training/num_turns/min:np.int64(2) - training/off_policy/trajectory_spans/mean:np.float64(1.0) - training/off_policy/trajectory_spans/max:np.int64(1) - training/off_policy/trajectory_spans/min:np.int64(1) - training/off_policy/trajectory_staleness/mean:np.float64(0.0) - training/off_policy/trajectory_staleness/max:np.int64(0) - training/off_policy/trajectory_staleness/min:np.int64(0) - training/off_policy/trajectory_staleness_worst/mean:np.float64(0.0) - training/off_policy/trajectory_staleness_worst/max:np.int64(0) - training/off_policy/trajectory_staleness_worst/min:np.int64(0)
[36m(TaskRunnerV1 pid=4817)[0m Training Progress:  10%|▉         | 62/640 [2:13:18<24:21:31, 151.71s/it]
[36m(SimpleStorageUnit pid=5548)[0m 2026-08-08 02:34:44,283 - INFO - transfer_queue.utils.perf_utils - TQ_STORAGE_UNIT_30983958: [Performance] Total success requests: 42, Total req/min: 8.06, Total avg process time: 0.0013s; [32m [repeated 5x across cluster][0m
[36m(SimpleStorageUnit pid=5548)[0m Time range: last 5.21 minutes; [32m [repeated 5x across cluster][0m
[36m(SimpleStorageUnit pid=5548)[0m Per-operation statistics: GET_DATA: req_count=14, req/min=2.69, avg_time=0.001407s, max_time=0.002079s, min_time=0.001102s; PUT_DATA: req_count=24, req/min=4.61, avg_time=0.001269s, max_time=0.001790s, min_time=0.000963s; CLEAR_DATA: req_count=4, req/min=0.77, avg_time=0.001304s, max_time=0.001717s, min_time=0.001118s[32m [repeated 4x across cluster][0m
[36m(TaskRunnerV1 pid=4817)[0m INFO:2026-08-08 02:36:13,520:pending: 0, running: 5, finished: 3, failure: 0
[36m(TransferQueueController pid=5376)[0m 2026-08-08 02:36:29,135 - INFO - transfer_queue.utils.perf_utils - TQ_CONTROLLER_450da3e2: [Performance] Total success requests: 632, Total req/min: 125.28, Total avg process time: 0.0002s; 
[36m(TransferQueueController pid=5376)[0m Time range: last 5.04 minutes; 
[36m(TransferQueueController pid=5376)[0m Per-operation statistics: KV_LIST: req_count=126, req/min=24.98, avg_time=0.000052s, max_time=0.000085s, min_time=0.000028s; KV_RETRIEVE_META: req_count=186, req/min=36.87, avg_time=0.000500s, max_time=0.001995s, min_time=0.000179s; NOTIFY_DATA_UPDATE: req_count=139, req/min=27.55, avg_time=0.000208s, max_time=0.000284s, min_time=0.000087s; SET_CUSTOM_META: req_count=174, req/min=34.49, avg_time=0.000021s, max_time=0.000046s, min_time=0.000009s; CLEAR_META: req_count=5, req/min=0.99, avg_time=0.000314s, max_time=0.000384s, min_time=0.000271s; KV_RETRIEVE_KEYS: req_count=2, req/min=0.40, avg_time=0.000043s, max_time=0.000045s, min_time=0.000041s
[36m(vLLMHttpServer pid=7994)[0m (EngineCore pid=9027) WARNING 08-08 02:36:47 [scheduler.py:1919] reset_connector called but no KV connector is configured.[32m [repeated 6x across cluster][0m
[36m(vLLMHttpServer pid=7995)[0m (Worker pid=9278) WARNING 08-08 02:35:12 [layerwise.py:225] RotaryEmbedding: Failed to load weights
[36m(vLLMHttpServer pid=7994)[0m (Worker pid=9290) WARNING 08-08 02:36:48 [layerwise.py:225] RotaryEmbedding: Failed to load weights
[36m(TaskRunnerV1 pid=4817)[0m step:63 - global_seqlen/min:299963.0 - global_seqlen/max:482801.0 - global_seqlen/minmax_diff:182838.0 - global_seqlen/balanced_min:391120.0 - global_seqlen/balanced_max:391644.0 - global_seqlen/mean:391382.0 - actor/entropy:1.1035770177841187 - training/rollout_probs_diff_valid:1.0 - training/rollout_probs_diff_max:0.8957099318504333 - training/rollout_probs_diff_mean:0.005387332756072283 - training/rollout_probs_diff_std:0.00867260992527008 - training/rollout_actor_probs_pearson_corr:0.9996010065078735 - rollout_corr/training_ppl:2.933399200439453 - rollout_corr/training_log_ppl:1.063400387763977 - rollout_corr/kl:0.0007993602193892002 - rollout_corr/k3_kl:0.000773455947637558 - rollout_corr/rollout_ppl:2.931114673614502 - rollout_corr/rollout_log_ppl:1.062642216682434 - rollout_corr/log_ppl_diff:0.0007581822574138641 - rollout_corr/log_ppl_abs_diff:0.0007600337266921997 - rollout_corr/log_ppl_diff_max:0.0021271705627441406 - rollout_corr/log_ppl_diff_min:-4.0590763092041016e-05 - rollout_corr/ppl_ratio:1.0007585287094116 - rollout_corr/chi2_token:0.0015088319778442383 - rollout_corr/chi2_seq:-0.9402881264686584 - actor/pg_clipfrac:0.0 - actor/ppo_kl:0.0 - actor/pg_clipfrac_lower:0.0 - actor/pg_loss:0.015449153608642519 - actor/loss:0.015449158847332 - actor/grad_norm:0.08147184550762177 - actor/lr:1e-06 - actor/perf/max_memory_allocated_gb:38.93218231201172 - actor/perf/max_memory_reserved_gb:54.25 - actor/perf/cpu_memory_used_gb:44.06005096435547 - perf/mfu/actor:0.307254138455927 - training/global_step:63 - training/epoch:0 - critic/score/mean:0.32421875 - critic/score/max:1.0 - critic/score/min:0.0 - critic/rewards/mean:0.32421875 - critic/rewards/max:1.0 - critic/rewards/min:0.0 - critic/advantages/mean:-0.01544913835823536 - critic/advantages/max:2.4748177528381348 - critic/advantages/min:-2.4748666286468506 - critic/returns/mean:-0.01544913835823536 - critic/returns/max:2.4748177528381348 - critic/returns/min:-2.4748666286468506 - response_length/mean:11798.1875 - response_length/max:16384.0 - response_length/min:2816.0 - response_length/clip_ratio:0.125 - response_length_non_aborted/mean:11798.1875 - response_length_non_aborted/max:16384.0 - response_length_non_aborted/min:2816.0 - response_length_non_aborted/clip_ratio:0.125 - response/aborted_ratio:0.0 - prompt_length/mean:432.5 - prompt_length/max:822.0 - prompt_length/min:191.0 - prompt_length/clip_ratio:0.125 - timing_s/gen:70.58146387001034 - timing_s/old_log_prob:5.169242926989682 - timing_s/adv:0.09201425698120147 - timing_s/update_actor:18.24532944196835 - timing_s/update_weights:1.8718261029571295 - timing_s/step:95.98312041803729 - timing_per_token_ms/adv:0.00011755044557644637 - timing_per_token_ms/update_actor:0.023308850997195006 - timing_per_token_ms/gen:0.09347498274365545 - perf/total_num_tokens:782764 - perf/time_per_step:95.98312041803729 - perf/throughput:4077.6127958270768 - training/num_turns/mean:np.float64(2.0) - training/num_turns/max:np.int64(2) - training/num_turns/min:np.int64(2) - training/off_policy/trajectory_spans/mean:np.float64(1.0) - training/off_policy/trajectory_spans/max:np.int64(1) - training/off_policy/trajectory_spans/min:np.int64(1) - training/off_policy/trajectory_staleness/mean:np.float64(0.0) - training/off_policy/trajectory_staleness/max:np.int64(0) - training/off_policy/trajectory_staleness/min:np.int64(0) - training/off_policy/trajectory_staleness_worst/mean:np.float64(0.0) - training/off_policy/trajectory_staleness_worst/max:np.int64(0) - training/off_policy/trajectory_staleness_worst/min:np.int64(0)
[36m(TaskRunnerV1 pid=4817)[0m Training Progress:  10%|▉         | 63/640 [2:14:54<21:38:23, 135.01s/it]
[36m(TaskRunnerV1 pid=4817)[0m INFO:2026-08-08 02:37:49,565:pending: 0, running: 6, finished: 2, failure: 0
[36m(vLLMHttpServer pid=7994)[0m (EngineCore pid=9027) WARNING 08-08 02:38:29 [scheduler.py:1919] reset_connector called but no KV connector is configured.[32m [repeated 6x across cluster][0m
[36m(vLLMHttpServer pid=7995)[0m (Worker pid=9278) WARNING 08-08 02:36:48 [layerwise.py:225] RotaryEmbedding: Failed to load weights
[36m(vLLMHttpServer pid=7994)[0m (Worker pid=9290) WARNING 08-08 02:38:29 [layerwise.py:225] RotaryEmbedding: Failed to load weights
[36m(TaskRunnerV1 pid=4817)[0m step:64 - global_seqlen/min:306087.0 - global_seqlen/max:512964.0 - global_seqlen/minmax_diff:206877.0 - global_seqlen/balanced_min:409228.0 - global_seqlen/balanced_max:409823.0 - global_seqlen/mean:409525.5 - actor/entropy:1.104329228401184 - training/rollout_probs_diff_valid:1.0 - training/rollout_probs_diff_max:0.5948405265808105 - training/rollout_probs_diff_mean:0.005401051137596369 - training/rollout_probs_diff_std:0.0085050780326128 - training/rollout_actor_probs_pearson_corr:0.9996073842048645 - rollout_corr/training_ppl:2.96773362159729 - rollout_corr/training_log_ppl:1.0768887996673584 - rollout_corr/kl:0.000728696002624929 - rollout_corr/k3_kl:0.0007419181056320667 - rollout_corr/rollout_ppl:2.965514898300171 - rollout_corr/rollout_log_ppl:1.0761502981185913 - rollout_corr/log_ppl_diff:0.0007385406643152237 - rollout_corr/log_ppl_abs_diff:0.0007427111268043518 - rollout_corr/log_ppl_diff_max:0.001988351345062256 - rollout_corr/log_ppl_diff_min:-0.0001334547996520996 - rollout_corr/ppl_ratio:1.0007388591766357 - rollout_corr/chi2_token:0.0015075206756591797 - rollout_corr/chi2_seq:-0.8378796577453613 - actor/pg_clipfrac:0.0 - actor/ppo_kl:0.0 - actor/pg_clipfrac_lower:0.0 - actor/pg_loss:0.0067988233640789986 - actor/loss:0.006798824295401573 - actor/grad_norm:0.07492800056934357 - actor/lr:1e-06 - actor/perf/max_memory_allocated_gb:38.93218231201172 - actor/perf/max_memory_reserved_gb:54.25 - actor/perf/cpu_memory_used_gb:44.028968811035156 - perf/mfu/actor:0.30747660881172456 - training/global_step:64 - training/epoch:0 - critic/score/mean:0.181640625 - critic/score/max:1.0 - critic/score/min:0.0 - critic/rewards/mean:0.181640625 - critic/rewards/max:1.0 - critic/rewards/min:0.0 - critic/advantages/mean:-0.006798809394240379 - critic/advantages/max:2.4748551845550537 - critic/advantages/min:-2.4748458862304688 - critic/returns/mean:-0.006798809394240379 - critic/returns/max:2.4748551845550537 - critic/returns/min:-2.4748458862304688 - response_length/mean:12404.171875 - response_length/max:16384.0 - response_length/min:2209.0 - response_length/clip_ratio:0.1875 - response_length_non_aborted/mean:12404.171875 - response_length_non_aborted/max:16384.0 - response_length_non_aborted/min:2209.0 - response_length_non_aborted/clip_ratio:0.1875 - response/aborted_ratio:0.0 - prompt_length/mean:393.5 - prompt_length/max:767.0 - prompt_length/min:160.0 - prompt_length/clip_ratio:0.125 - timing_s/gen:74.58626576408278 - timing_s/old_log_prob:5.4894566929433495 - timing_s/adv:0.09414778603240848 - timing_s/update_actor:19.326339024933986 - timing_s/update_weights:1.9178100710269064 - timing_s/step:101.4311881311005 - timing_per_token_ms/adv:0.00011494740380319232 - timing_per_token_ms/update_actor:0.023596014198058467 - timing_per_token_ms/gen:0.09395310015919893 - perf/total_num_tokens:819051 - perf/time_per_step:101.4311881311005 - perf/throughput:4037.4711915105 - training/num_turns/mean:np.float64(2.0) - training/num_turns/max:np.int64(2) - training/num_turns/min:np.int64(2) - training/off_policy/trajectory_spans/mean:np.float64(1.0) - training/off_policy/trajectory_spans/max:np.int64(1) - training/off_policy/trajectory_spans/min:np.int64(1) - training/off_policy/trajectory_staleness/mean:np.float64(0.0) - training/off_policy/trajectory_staleness/max:np.int64(0) - training/off_policy/trajectory_staleness/min:np.int64(0) - training/off_policy/trajectory_staleness_worst/mean:np.float64(0.0) - training/off_policy/trajectory_staleness_worst/max:np.int64(0) - training/off_policy/trajectory_staleness_worst/min:np.int64(0)
[36m(TaskRunnerV1 pid=4817)[0m Training Progress:  10%|█         | 64/640 [2:16:35<19:59:36, 124.96s/it]
[36m(TaskRunnerV1 pid=4817)[0m INFO:2026-08-08 02:39:31,266:pending: 0, running: 4, finished: 4, failure: 0
[36m(SimpleStorageUnit pid=5552)[0m 2026-08-08 02:39:39,909 - INFO - transfer_queue.utils.perf_utils - TQ_STORAGE_UNIT_32f050ae: [Performance] Total success requests: 67, Total req/min: 13.30, Total avg process time: 0.0013s; 
[36m(SimpleStorageUnit pid=5552)[0m Time range: last 5.04 minutes; 
[36m(SimpleStorageUnit pid=5552)[0m Per-operation statistics: CLEAR_DATA: req_count=7, req/min=1.39, avg_time=0.001468s, max_time=0.002219s, min_time=0.001078s; GET_DATA: req_count=23, req/min=4.57, avg_time=0.001520s, max_time=0.002045s, min_time=0.001069s; PUT_DATA: req_count=37, req/min=7.35, avg_time=0.001149s, max_time=0.001682s, min_time=0.000919s
[36m(vLLMHttpServer pid=7994)[0m (EngineCore pid=9027) WARNING 08-08 02:39:54 [scheduler.py:1919] reset_connector called but no KV connector is configured.[32m [repeated 6x across cluster][0m
[36m(vLLMHttpServer pid=7995)[0m (Worker pid=9278) WARNING 08-08 02:38:29 [layerwise.py:225] RotaryEmbedding: Failed to load weights
[36m(vLLMHttpServer pid=7994)[0m (Worker pid=9290) WARNING 08-08 02:39:55 [layerwise.py:225] RotaryEmbedding: Failed to load weights
[36m(TaskRunnerV1 pid=4817)[0m step:65 - global_seqlen/min:158990.0 - global_seqlen/max:471541.0 - global_seqlen/minmax_diff:312551.0 - global_seqlen/balanced_min:315075.0 - global_seqlen/balanced_max:315456.0 - global_seqlen/mean:315265.5 - actor/entropy:1.0610994100570679 - training/rollout_probs_diff_valid:1.0 - training/rollout_probs_diff_max:0.5576947331428528 - training/rollout_probs_diff_mean:0.005299977958202362 - training/rollout_probs_diff_std:0.008459683507680893 - training/rollout_actor_probs_pearson_corr:0.9996179342269897 - rollout_corr/training_ppl:2.688469171524048 - rollout_corr/training_log_ppl:0.9715486764907837 - rollout_corr/kl:0.0007365082856267691 - rollout_corr/k3_kl:0.000721385411452502 - rollout_corr/rollout_ppl:2.6866259574890137 - rollout_corr/rollout_log_ppl:0.9708775281906128 - rollout_corr/log_ppl_diff:0.0006710747256875038 - rollout_corr/log_ppl_abs_diff:0.0006863651797175407 - rollout_corr/log_ppl_diff_max:0.0018287301063537598 - rollout_corr/log_ppl_diff_min:-0.00023871660232543945 - rollout_corr/ppl_ratio:1.00067138671875 - rollout_corr/chi2_token:0.0014073848724365234 - rollout_corr/chi2_seq:-0.6576220989227295 - actor/pg_clipfrac:0.0 - actor/ppo_kl:0.0 - actor/pg_clipfrac_lower:0.0 - actor/pg_loss:0.02150359470397234 - actor/loss:0.021503595635294914 - actor/grad_norm:0.06107339262962341 - actor/lr:1e-06 - actor/perf/max_memory_allocated_gb:38.93218231201172 - actor/perf/max_memory_reserved_gb:54.25 - actor/perf/cpu_memory_used_gb:43.98802947998047 - perf/mfu/actor:0.3124581908951898 - training/global_step:65 - training/epoch:1 - critic/score/mean:0.27734375 - critic/score/max:1.0 - critic/score/min:0.0 - critic/rewards/mean:0.27734375 - critic/rewards/max:1.0 - critic/rewards/min:0.0 - critic/advantages/mean:-0.021503595635294914 - critic/advantages/max:0.8829168677330017 - critic/advantages/min:-2.4748666286468506 - critic/returns/mean:-0.021503595635294914 - critic/returns/max:0.8829168677330017 - critic/returns/min:-2.4748666286468506 - response_length/mean:9537.046875 - response_length/max:16384.0 - response_length/min:1443.0 - response_length/clip_ratio:0.125 - response_length_non_aborted/mean:9537.046875 - response_length_non_aborted/max:16384.0 - response_length_non_aborted/min:1443.0 - response_length_non_aborted/clip_ratio:0.125 - response/aborted_ratio:0.0 - prompt_length/mean:315.0 - prompt_length/max:643.0 - prompt_length/min:125.0 - prompt_length/clip_ratio:0.125 - timing_s/gen:64.59342814190313 - timing_s/old_log_prob:4.239184999954887 - timing_s/adv:0.10958484502043575 - timing_s/update_actor:14.317996812984347 - timing_s/update_weights:1.9231789130717516 - timing_s/step:85.40434965898748 - timing_per_token_ms/adv:0.0001737977118023313 - timing_per_token_ms/update_actor:0.022707839603420526 - timing_per_token_ms/gen:0.10582650247456568 - perf/total_num_tokens:630531 - perf/time_per_step:85.40434965898748 - perf/throughput:3691.445473899504 - training/num_turns/mean:np.float64(2.0) - training/num_turns/max:np.int64(2) - training/num_turns/min:np.int64(2) - training/off_policy/trajectory_spans/mean:np.float64(1.0) - training/off_policy/trajectory_spans/max:np.int64(1) - training/off_policy/trajectory_spans/min:np.int64(1) - training/off_policy/trajectory_staleness/mean:np.float64(0.0) - training/off_policy/trajectory_staleness/max:np.int64(0) - training/off_policy/trajectory_staleness/min:np.int64(0) - training/off_policy/trajectory_staleness_worst/mean:np.float64(0.0) - training/off_policy/trajectory_staleness_worst/max:np.int64(0) - training/off_policy/trajectory_staleness_worst/min:np.int64(0)
[36m(TaskRunnerV1 pid=4817)[0m Training Progress:  10%|█         | 65/640 [2:18:01<18:04:00, 113.11s/it]
[36m(SimpleStorageUnit pid=5550)[0m 2026-08-08 02:39:56,405 - INFO - transfer_queue.utils.perf_utils - TQ_STORAGE_UNIT_c7198b3e: [Performance] Total success requests: 74, Total req/min: 14.23, Total avg process time: 0.0013s; 
[36m(SimpleStorageUnit pid=5550)[0m Time range: last 5.20 minutes; 
[36m(SimpleStorageUnit pid=5550)[0m Per-operation statistics: GET_DATA: req_count=28, req/min=5.38, avg_time=0.001400s, max_time=0.002299s, min_time=0.001036s; PUT_DATA: req_count=40, req/min=7.69, avg_time=0.001166s, max_time=0.001807s, min_time=0.000955s; CLEAR_DATA: req_count=6, req/min=1.15, avg_time=0.001372s, max_time=0.001853s, min_time=0.001096s
[36m(SimpleStorageUnit pid=5549)[0m Per-operation statistics: CLEAR_DATA: req_count=7, req/min=1.34, avg_time=0.001257s, max_time=0.001457s, min_time=0.001074s; GET_DATA: req_count=28, req/min=5.35, avg_time=0.001396s, max_time=0.002079s, min_time=0.001045s; PUT_DATA: req_count=40, req/min=7.64, avg_time=0.001172s, max_time=0.001758s, min_time=0.000934s
[36m(TaskRunnerV1 pid=4817)[0m INFO:2026-08-08 02:40:56,544:pending: 0, running: 8, finished: 0, failure: 0
[36m(SimpleStorageUnit pid=5549)[0m 2026-08-08 02:39:56,406 - INFO - transfer_queue.utils.perf_utils - TQ_STORAGE_UNIT_1d3193ae: [Performance] Total success requests: 75, Total req/min: 14.33, Total avg process time: 0.0013s; [32m [repeated 6x across cluster][0m
[36m(SimpleStorageUnit pid=5549)[0m Time range: last 5.23 minutes; [32m [repeated 6x across cluster][0m
[36m(SimpleStorageUnit pid=5548)[0m Per-operation statistics: GET_DATA: req_count=28, req/min=5.38, avg_time=0.001330s, max_time=0.002284s, min_time=0.000968s; PUT_DATA: req_count=40, req/min=7.69, avg_time=0.001207s, max_time=0.002260s, min_time=0.000926s; CLEAR_DATA: req_count=6, req/min=1.15, avg_time=0.001321s, max_time=0.001690s, min_time=0.001110s[32m [repeated 5x across cluster][0m
[36m(vLLMHttpServer pid=7994)[0m (EngineCore pid=9027) WARNING 08-08 02:41:40 [scheduler.py:1919] reset_connector called but no KV connector is configured.[32m [repeated 6x across cluster][0m
[36m(vLLMHttpServer pid=7995)[0m (Worker pid=9278) WARNING 08-08 02:39:55 [layerwise.py:225] RotaryEmbedding: Failed to load weights
[36m(vLLMHttpServer pid=7994)[0m (Worker pid=9290) WARNING 08-08 02:41:40 [layerwise.py:225] RotaryEmbedding: Failed to load weights
[36m(TransferQueueController pid=5376)[0m Per-operation statistics: NOTIFY_DATA_UPDATE: req_count=207, req/min=39.72, avg_time=0.000208s, max_time=0.000299s, min_time=0.000087s; SET_CUSTOM_META: req_count=259, req/min=49.70, avg_time=0.000021s, max_time=0.000056s, min_time=0.000009s; KV_RETRIEVE_KEYS: req_count=4, req/min=0.77, avg_time=0.000046s, max_time=0.000050s, min_time=0.000038s; KV_RETRIEVE_META: req_count=276, req/min=52.96, avg_time=0.000526s, max_time=0.002487s, min_time=0.000149s; CLEAR_META: req_count=6, req/min=1.15, avg_time=0.000317s, max_time=0.000376s, min_time=0.000254s; KV_LIST: req_count=110, req/min=21.11, avg_time=0.000048s, max_time=0.000073s, min_time=0.000030s
[36m(TransferQueueController pid=5376)[0m 2026-08-08 02:41:41,822 - INFO - transfer_queue.utils.perf_utils - TQ_CONTROLLER_450da3e2: [Performance] Total success requests: 862, Total req/min: 165.40, Total avg process time: 0.0002s; 
[36m(TransferQueueController pid=5376)[0m Time range: last 5.21 minutes; 
[36m(TaskRunnerV1 pid=4817)[0m step:66 - global_seqlen/min:378108.0 - global_seqlen/max:499197.0 - global_seqlen/minmax_diff:121089.0 - global_seqlen/balanced_min:438564.0 - global_seqlen/balanced_max:438741.0 - global_seqlen/mean:438652.5 - actor/entropy:1.1122125387191772 - training/rollout_probs_diff_valid:1.0 - training/rollout_probs_diff_max:0.6024092435836792 - training/rollout_probs_diff_mean:0.0054776775650680065 - training/rollout_probs_diff_std:0.00848338007926941 - training/rollout_actor_probs_pearson_corr:0.999606728553772 - rollout_corr/training_ppl:3.0609562397003174 - rollout_corr/training_log_ppl:1.1102321147918701 - rollout_corr/kl:0.0007599493837915361 - rollout_corr/k3_kl:0.0007410790421999991 - rollout_corr/rollout_ppl:3.0585520267486572 - rollout_corr/rollout_log_ppl:1.1094591617584229 - rollout_corr/log_ppl_diff:0.0007729753851890564 - rollout_corr/log_ppl_abs_diff:0.0007735304534435272 - rollout_corr/log_ppl_diff_max:0.0015497207641601562 - rollout_corr/log_ppl_diff_min:-1.7762184143066406e-05 - rollout_corr/ppl_ratio:1.000773310661316 - rollout_corr/chi2_token:0.0014394521713256836 - rollout_corr/chi2_seq:-0.9688579440116882 - actor/pg_clipfrac:0.0 - actor/ppo_kl:0.0 - actor/pg_clipfrac_lower:0.0 - actor/pg_loss:0.03210688170656795 - actor/loss:0.03210688382387161 - actor/grad_norm:0.06851223111152649 - actor/lr:1e-06 - actor/perf/max_memory_allocated_gb:38.93218231201172 - actor/perf/max_memory_reserved_gb:54.25 - actor/perf/cpu_memory_used_gb:43.881778717041016 - perf/mfu/actor:0.30513117578406823 - training/global_step:66 - training/epoch:1 - critic/score/mean:0.0864955335855484 - critic/score/max:1.0 - critic/score/min:0.0 - critic/rewards/mean:0.0864955335855484 - critic/rewards/max:1.0 - critic/rewards/min:0.0 - critic/advantages/mean:-0.03210687264800072 - critic/advantages/max:2.4748177528381348 - critic/advantages/min:-0.935412585735321 - critic/returns/mean:-0.03210687264800072 - critic/returns/max:2.4748177528381348 - critic/returns/min:-0.935412585735321 - response_length/mean:13128.140625 - response_length/max:16384.0 - response_length/min:7492.0 - response_length/clip_ratio:0.1875 - response_length_non_aborted/mean:13128.140625 - response_length_non_aborted/max:16384.0 - response_length_non_aborted/min:7492.0 - response_length_non_aborted/clip_ratio:0.1875 - response/aborted_ratio:0.0 - prompt_length/mean:579.75 - prompt_length/max:836.0 - prompt_length/min:416.0 - prompt_length/clip_ratio:0.125 - timing_s/gen:76.60494594299234 - timing_s/old_log_prob:5.896709245047532 - timing_s/adv:0.09627152804750949 - timing_s/update_actor:20.88301685603801 - timing_s/update_weights:1.8448684880277142 - timing_s/step:105.35178822395392 - timing_per_token_ms/adv:0.00010973552874713981 - timing_per_token_ms/update_actor:0.023803599496227665 - timing_per_token_ms/gen:0.09117454745113651 - perf/total_num_tokens:877305 - perf/time_per_step:105.35178822395392 - perf/throughput:4163.692969952485 - training/num_turns/mean:np.float64(2.0) - training/num_turns/max:np.int64(2) - training/num_turns/min:np.int64(2) - training/off_policy/trajectory_spans/mean:np.float64(1.0) - training/off_policy/trajectory_spans/max:np.int64(1) - training/off_policy/trajectory_spans/min:np.int64(1) - training/off_policy/trajectory_staleness/mean:np.float64(0.0) - training/off_policy/trajectory_staleness/max:np.int64(0) - training/off_policy/trajectory_staleness/min:np.int64(0) - training/off_policy/trajectory_staleness_worst/mean:np.float64(0.0) - training/off_policy/trajectory_staleness_worst/max:np.int64(0) - training/off_policy/trajectory_staleness_worst/min:np.int64(0)
[36m(TaskRunnerV1 pid=4817)[0m Training Progress:  10%|█         | 66/640 [2:19:46<17:40:02, 110.81s/it]
[36m(TaskRunnerV1 pid=4817)[0m INFO:2026-08-08 02:42:41,960:pending: 0, running: 4, finished: 4, failure: 0
[36m(vLLMHttpServer pid=7994)[0m (EngineCore pid=9027) WARNING 08-08 02:43:27 [scheduler.py:1919] reset_connector called but no KV connector is configured.[32m [repeated 6x across cluster][0m
[36m(vLLMHttpServer pid=7995)[0m (Worker pid=9278) WARNING 08-08 02:41:40 [layerwise.py:225] RotaryEmbedding: Failed to load weights
[36m(vLLMHttpServer pid=7994)[0m (Worker pid=9290) WARNING 08-08 02:43:28 [layerwise.py:225] RotaryEmbedding: Failed to load weights
[36m(TaskRunnerV1 pid=4817)[0m step:67 - global_seqlen/min:213531.0 - global_seqlen/max:443021.0 - global_seqlen/minmax_diff:229490.0 - global_seqlen/balanced_min:328116.0 - global_seqlen/balanced_max:328436.0 - global_seqlen/mean:328276.0 - actor/entropy:1.075566053390503 - training/rollout_probs_diff_valid:1.0 - training/rollout_probs_diff_max:0.3301698565483093 - training/rollout_probs_diff_mean:0.00538970809429884 - training/rollout_probs_diff_std:0.008479397743940353 - training/rollout_actor_probs_pearson_corr:0.9996166229248047 - rollout_corr/training_ppl:2.8922998905181885 - rollout_corr/training_log_ppl:1.0511009693145752 - rollout_corr/kl:0.0007035139133222401 - rollout_corr/k3_kl:0.0007454173173755407 - rollout_corr/rollout_ppl:2.8902454376220703 - rollout_corr/rollout_log_ppl:1.050389289855957 - rollout_corr/log_ppl_diff:0.0007116654887795448 - rollout_corr/log_ppl_abs_diff:0.0007502986118197441 - rollout_corr/log_ppl_diff_max:0.0022912025451660156 - rollout_corr/log_ppl_diff_min:-0.0005860328674316406 - rollout_corr/ppl_ratio:1.0007120370864868 - rollout_corr/chi2_token:0.0015813112258911133 - rollout_corr/chi2_seq:3090.921875 - actor/pg_clipfrac:0.0 - actor/ppo_kl:0.0 - actor/pg_clipfrac_lower:0.0 - actor/pg_loss:0.017826928989961743 - actor/loss:0.017826929688453674 - actor/grad_norm:0.07632693648338318 - actor/lr:1e-06 - actor/perf/max_memory_allocated_gb:38.93218231201172 - actor/perf/max_memory_reserved_gb:54.25 - actor/perf/cpu_memory_used_gb:43.756103515625 - perf/mfu/actor:0.30911230610368595 - training/global_step:67 - training/epoch:1 - critic/score/mean:0.189453125 - critic/score/max:1.0 - critic/score/min:0.0 - critic/rewards/mean:0.189453125 - critic/rewards/max:1.0 - critic/rewards/min:0.0 - critic/advantages/mean:-0.01782693900167942 - critic/advantages/max:1.1881316900253296 - critic/advantages/min:-2.256416082382202 - critic/returns/mean:-0.01782693900167942 - critic/returns/max:1.1881316900253296 - critic/returns/min:-2.256416082382202 - response_length/mean:9822.625 - response_length/max:16384.0 - response_length/min:1678.0 - response_length/clip_ratio:0.078125 - response_length_non_aborted/mean:9822.625 - response_length_non_aborted/max:16384.0 - response_length_non_aborted/min:1678.0 - response_length_non_aborted/clip_ratio:0.078125 - response/aborted_ratio:0.0 - prompt_length/mean:436.0 - prompt_length/max:729.0 - prompt_length/min:194.0 - prompt_length/clip_ratio:0.125 - timing_s/gen:86.6249645530479 - timing_s/old_log_prob:4.322102505946532 - timing_s/adv:0.09533805795945227 - timing_s/update_actor:14.856306844041683 - timing_s/update_weights:1.887193348025903 - timing_s/step:107.8061809890205 - timing_per_token_ms/adv:0.00014521021634151182 - timing_per_token_ms/update_actor:0.022627768773900138 - timing_per_token_ms/gen:0.13779565759065154 - perf/total_num_tokens:656552 - perf/time_per_step:107.8061809890205 - perf/throughput:3045.0573147882233 - training/num_turns/mean:np.float64(2.0) - training/num_turns/max:np.int64(2) - training/num_turns/min:np.int64(2) - training/off_policy/trajectory_spans/mean:np.float64(1.0) - training/off_policy/trajectory_spans/max:np.int64(1) - training/off_policy/trajectory_spans/min:np.int64(1) - training/off_policy/trajectory_staleness/mean:np.float64(0.0) - training/off_policy/trajectory_staleness/max:np.int64(0) - training/off_policy/trajectory_staleness/min:np.int64(0) - training/off_policy/trajectory_staleness_worst/mean:np.float64(0.0) - training/off_policy/trajectory_staleness_worst/max:np.int64(0) - training/off_policy/trajectory_staleness_worst/min:np.int64(0)
[36m(TaskRunnerV1 pid=4817)[0m Training Progress:  10%|█         | 67/640 [2:21:34<17:29:46, 109.92s/it]
[36m(TaskRunnerV1 pid=4817)[0m INFO:2026-08-08 02:44:29,825:pending: 0, running: 4, finished: 4, failure: 0
[36m(SimpleStorageUnit pid=5552)[0m 2026-08-08 02:44:51,536 - INFO - transfer_queue.utils.perf_utils - TQ_STORAGE_UNIT_32f050ae: [Performance] Total success requests: 59, Total req/min: 11.36, Total avg process time: 0.0012s; 
[36m(SimpleStorageUnit pid=5552)[0m Time range: last 5.19 minutes; 
[36m(SimpleStorageUnit pid=5552)[0m Per-operation statistics: PUT_DATA: req_count=35, req/min=6.74, avg_time=0.001172s, max_time=0.001807s, min_time=0.000941s; GET_DATA: req_count=19, req/min=3.66, avg_time=0.001332s, max_time=0.001718s, min_time=0.000973s; CLEAR_DATA: req_count=5, req/min=0.96, avg_time=0.001469s, max_time=0.002187s, min_time=0.001112s
[36m(SimpleStorageUnit pid=5550)[0m Per-operation statistics: CLEAR_DATA: req_count=6, req/min=1.16, avg_time=0.001417s, max_time=0.001668s, min_time=0.001119s; PUT_DATA: req_count=32, req/min=6.16, avg_time=0.001240s, max_time=0.001735s, min_time=0.000947s; GET_DATA: req_count=14, req/min=2.70, avg_time=0.001394s, max_time=0.002030s, min_time=0.001088s
[36m(SimpleStorageUnit pid=5550)[0m 2026-08-08 02:45:07,875 - INFO - transfer_queue.utils.perf_utils - TQ_STORAGE_UNIT_c7198b3e: [Performance] Total success requests: 52, Total req/min: 10.02, Total avg process time: 0.0013s; 
[36m(SimpleStorageUnit pid=5550)[0m Time range: last 5.19 minutes; 
[36m(SimpleStorageUnit pid=5551)[0m 2026-08-08 02:45:07,877 - INFO - transfer_queue.utils.perf_utils - TQ_STORAGE_UNIT_f6772729: [Performance] Total success requests: 52, Total req/min: 10.02, Total avg process time: 0.0013s; 
[36m(SimpleStorageUnit pid=5551)[0m Time range: last 5.19 minutes; 
[36m(vLLMHttpServer pid=7994)[0m (EngineCore pid=9027) WARNING 08-08 02:45:28 [scheduler.py:1919] reset_connector called but no KV connector is configured.[32m [repeated 6x across cluster][0m
[36m(vLLMHttpServer pid=7995)[0m (Worker pid=9278) WARNING 08-08 02:43:28 [layerwise.py:225] RotaryEmbedding: Failed to load weights
[36m(vLLMHttpServer pid=7994)[0m (Worker pid=9290) WARNING 08-08 02:45:29 [layerwise.py:225] RotaryEmbedding: Failed to load weights
[36m(TaskRunnerV1 pid=4817)[0m step:68 - global_seqlen/min:194499.0 - global_seqlen/max:477832.0 - global_seqlen/minmax_diff:283333.0 - global_seqlen/balanced_min:336093.0 - global_seqlen/balanced_max:336238.0 - global_seqlen/mean:336165.5 - actor/entropy:1.0726823806762695 - training/rollout_probs_diff_valid:1.0 - training/rollout_probs_diff_max:0.2790079116821289 - training/rollout_probs_diff_mean:0.0052082655020058155 - training/rollout_probs_diff_std:0.008304731920361519 - training/rollout_actor_probs_pearson_corr:0.9996398687362671 - rollout_corr/training_ppl:2.786978244781494 - rollout_corr/training_log_ppl:1.0136386156082153 - rollout_corr/kl:0.000763228686992079 - rollout_corr/k3_kl:0.0007102701347321272 - rollout_corr/rollout_ppl:2.7848565578460693 - rollout_corr/rollout_log_ppl:1.0128856897354126 - rollout_corr/log_ppl_diff:0.0007528979331254959 - rollout_corr/log_ppl_abs_diff:0.0007679592818021774 - rollout_corr/log_ppl_diff_max:0.0023447275161743164 - rollout_corr/log_ppl_diff_min:-0.00046753883361816406 - rollout_corr/ppl_ratio:1.0007532835006714 - rollout_corr/chi2_token:0.001316070556640625 - rollout_corr/chi2_seq:-0.5088343024253845 - actor/pg_clipfrac:0.0 - actor/ppo_kl:0.0 - actor/pg_clipfrac_lower:0.0 - actor/pg_loss:0.028217188897542655 - actor/loss:0.02821720391511917 - actor/grad_norm:0.10439523309469223 - actor/lr:1e-06 - actor/perf/max_memory_allocated_gb:38.93218231201172 - actor/perf/max_memory_reserved_gb:54.25 - actor/perf/cpu_memory_used_gb:43.76964569091797 - perf/mfu/actor:0.303366510846648 - training/global_step:68 - training/epoch:1 - critic/score/mean:0.3448660671710968 - critic/score/max:1.0 - critic/score/min:0.0 - critic/rewards/mean:0.3448660671710968 - critic/rewards/max:1.0 - critic/rewards/min:0.0 - critic/advantages/mean:-0.02821720391511917 - critic/advantages/max:2.4748666286468506 - critic/advantages/min:-2.1840620040893555 - critic/returns/mean:-0.02821720391511917 - critic/returns/max:2.4748666286468506 - critic/returns/min:-2.1840620040893555 - response_length/mean:10136.421875 - response_length/max:16384.0 - response_length/min:1497.0 - response_length/clip_ratio:0.09375 - response_length_non_aborted/mean:10136.421875 - response_length_non_aborted/max:16384.0 - response_length_non_aborted/min:1497.0 - response_length_non_aborted/clip_ratio:0.09375 - response/aborted_ratio:0.0 - prompt_length/mean:368.75 - prompt_length/max:538.0 - prompt_length/min:173.0 - prompt_length/clip_ratio:0.125 - timing_s/gen:98.63327514298726 - timing_s/old_log_prob:4.4768412000266835 - timing_s/adv:0.09573194896802306 - timing_s/update_actor:15.751297635026276 - timing_s/update_weights:1.906972922035493 - timing_s/step:120.88289811403956 - timing_per_token_ms/adv:0.00014238812276694523 - timing_per_token_ms/update_actor:0.023427891373484604 - timing_per_token_ms/gen:0.15204032972524398 - perf/total_num_tokens:672331 - perf/time_per_step:120.88289811403956 - perf/throughput:2780.918601760071 - training/num_turns/mean:np.float64(2.0) - training/num_turns/max:np.int64(2) - training/num_turns/min:np.int64(2) - training/off_policy/trajectory_spans/mean:np.float64(1.0) - training/off_policy/trajectory_spans/max:np.int64(1) - training/off_policy/trajectory_spans/min:np.int64(1) - training/off_policy/trajectory_staleness/mean:np.float64(0.0) - training/off_policy/trajectory_staleness/max:np.int64(0) - training/off_policy/trajectory_staleness/min:np.int64(0) - training/off_policy/trajectory_staleness_worst/mean:np.float64(0.0) - training/off_policy/trajectory_staleness_worst/max:np.int64(0) - training/off_policy/trajectory_staleness_worst/min:np.int64(0)
[36m(TaskRunnerV1 pid=4817)[0m Training Progress:  11%|█         | 68/640 [2:23:35<17:59:28, 113.23s/it]
[36m(SimpleStorageUnit pid=5549)[0m Per-operation statistics: CLEAR_DATA: req_count=5, req/min=0.96, avg_time=0.001515s, max_time=0.002098s, min_time=0.001181s; PUT_DATA: req_count=32, req/min=6.17, avg_time=0.001149s, max_time=0.001606s, min_time=0.000914s; GET_DATA: req_count=14, req/min=2.70, avg_time=0.001355s, max_time=0.002014s, min_time=0.001060s[32m [repeated 6x across cluster][0m
[36m(SimpleStorageUnit pid=5549)[0m 2026-08-08 02:45:07,840 - INFO - transfer_queue.utils.perf_utils - TQ_STORAGE_UNIT_1d3193ae: [Performance] Total success requests: 51, Total req/min: 9.83, Total avg process time: 0.0012s; [32m [repeated 5x across cluster][0m
[36m(SimpleStorageUnit pid=5549)[0m Time range: last 5.19 minutes; [32m [repeated 5x across cluster][0m
[36m(TaskRunnerV1 pid=4817)[0m INFO:2026-08-08 02:46:30,775:pending: 0, running: 7, finished: 1, failure: 0
[36m(TransferQueueController pid=5376)[0m 2026-08-08 02:46:42,789 - INFO - transfer_queue.utils.perf_utils - TQ_CONTROLLER_450da3e2: [Performance] Total success requests: 838, Total req/min: 167.06, Total avg process time: 0.0002s; 
[36m(TransferQueueController pid=5376)[0m Time range: last 5.02 minutes; 
[36m(TransferQueueController pid=5376)[0m Per-operation statistics: KV_RETRIEVE_META: req_count=257, req/min=51.23, avg_time=0.000477s, max_time=0.002777s, min_time=0.000158s; CLEAR_META: req_count=5, req/min=1.00, avg_time=0.000342s, max_time=0.000420s, min_time=0.000257s; SET_CUSTOM_META: req_count=246, req/min=49.04, avg_time=0.000021s, max_time=0.000042s, min_time=0.000010s; KV_LIST: req_count=131, req/min=26.12, avg_time=0.000051s, max_time=0.000086s, min_time=0.000034s; NOTIFY_DATA_UPDATE: req_count=197, req/min=39.27, avg_time=0.000215s, max_time=0.000296s, min_time=0.000077s; KV_RETRIEVE_KEYS: req_count=2, req/min=0.40, avg_time=0.000053s, max_time=0.000059s, min_time=0.000047s
[36m(TaskRunnerV1 pid=4817)[0m INFO:2026-08-08 02:47:30,843:pending: 0, running: 1, finished: 7, failure: 0
[36m(vLLMHttpServer pid=7994)[0m (EngineCore pid=9027) WARNING 08-08 02:48:00 [scheduler.py:1919] reset_connector called but no KV connector is configured.[32m [repeated 6x across cluster][0m
[36m(vLLMHttpServer pid=7995)[0m (Worker pid=9278) WARNING 08-08 02:45:29 [layerwise.py:225] RotaryEmbedding: Failed to load weights
[36m(vLLMHttpServer pid=7994)[0m (Worker pid=9290) WARNING 08-08 02:48:01 [layerwise.py:225] RotaryEmbedding: Failed to load weights
[36m(TaskRunnerV1 pid=4817)[0m step:69 - global_seqlen/min:278303.0 - global_seqlen/max:489916.0 - global_seqlen/minmax_diff:211613.0 - global_seqlen/balanced_min:383849.0 - global_seqlen/balanced_max:384370.0 - global_seqlen/mean:384109.5 - actor/entropy:1.1404693126678467 - training/rollout_probs_diff_valid:1.0 - training/rollout_probs_diff_max:0.5862756967544556 - training/rollout_probs_diff_mean:0.005418537650257349 - training/rollout_probs_diff_std:0.008520485833287239 - training/rollout_actor_probs_pearson_corr:0.9996165037155151 - rollout_corr/training_ppl:3.0904829502105713 - rollout_corr/training_log_ppl:1.1181639432907104 - rollout_corr/kl:0.0007722823647782207 - rollout_corr/k3_kl:0.0007859023753553629 - rollout_corr/rollout_ppl:3.0880892276763916 - rollout_corr/rollout_log_ppl:1.1173977851867676 - rollout_corr/log_ppl_diff:0.0007661348208785057 - rollout_corr/log_ppl_abs_diff:0.0007847500964999199 - rollout_corr/log_ppl_diff_max:0.0019538402557373047 - rollout_corr/log_ppl_diff_min:-0.0004591941833496094 - rollout_corr/ppl_ratio:1.0007665157318115 - rollout_corr/chi2_token:0.001797318458557129 - rollout_corr/chi2_seq:-0.7455902099609375 - actor/pg_clipfrac:0.0 - actor/ppo_kl:0.0 - actor/pg_clipfrac_lower:0.0 - actor/pg_loss:0.027012427104637027 - actor/loss:0.027012428268790245 - actor/grad_norm:0.08711490035057068 - actor/lr:1e-06 - actor/perf/max_memory_allocated_gb:38.93218231201172 - actor/perf/max_memory_reserved_gb:54.25 - actor/perf/cpu_memory_used_gb:44.114097595214844 - perf/mfu/actor:0.30991272810615283 - training/global_step:69 - training/epoch:1 - critic/score/mean:0.150390625 - critic/score/max:1.0 - critic/score/min:0.0 - critic/rewards/mean:0.150390625 - critic/rewards/max:1.0 - critic/rewards/min:0.0 - critic/advantages/mean:-0.0270124152302742 - critic/advantages/max:2.173689842224121 - critic/advantages/min:-2.4748177528381348 - critic/returns/mean:-0.0270124152302742 - critic/returns/max:2.173689842224121 - critic/returns/min:-2.4748177528381348 - response_length/mean:11587.171875 - response_length/max:16384.0 - response_length/min:1736.0 - response_length/clip_ratio:0.0625 - response_length_non_aborted/mean:11587.171875 - response_length_non_aborted/max:16384.0 - response_length_non_aborted/min:1736.0 - response_length_non_aborted/clip_ratio:0.0625 - response/aborted_ratio:0.0 - prompt_length/mean:416.25 - prompt_length/max:824.0 - prompt_length/min:120.0 - prompt_length/clip_ratio:0.125 - timing_s/gen:126.65534736099653 - timing_s/old_log_prob:5.110116914031096 - timing_s/adv:0.09462027298286557 - timing_s/update_actor:17.825899872928858 - timing_s/update_weights:1.912056087050587 - timing_s/step:151.61676776502281 - timing_per_token_ms/adv:0.0001231683582192911 - timing_per_token_ms/update_actor:0.023204190306317415 - timing_per_token_ms/gen:0.17079144280109945 - perf/total_num_tokens:768219 - perf/time_per_step:151.61676776502281 - perf/throughput:2533.4236157526902 - training/num_turns/mean:np.float64(2.0) - training/num_turns/max:np.int64(2) - training/num_turns/min:np.int64(2) - training/off_policy/trajectory_spans/mean:np.float64(1.0) - training/off_policy/trajectory_spans/max:np.int64(1) - training/off_policy/trajectory_spans/min:np.int64(1) - training/off_policy/trajectory_staleness/mean:np.float64(0.0) - training/off_policy/trajectory_staleness/max:np.int64(0) - training/off_policy/trajectory_staleness/min:np.int64(0) - training/off_policy/trajectory_staleness_worst/mean:np.float64(0.0) - training/off_policy/trajectory_staleness_worst/max:np.int64(0) - training/off_policy/trajectory_staleness_worst/min:np.int64(0)
[36m(TaskRunnerV1 pid=4817)[0m Training Progress:  11%|█         | 69/640 [2:26:07<19:47:21, 124.77s/it]
[36m(TaskRunnerV1 pid=4817)[0m INFO:2026-08-08 02:49:02,456:pending: 0, running: 4, finished: 4, failure: 0
[36m(TaskRunnerV1 pid=4817)[0m INFO:2026-08-08 02:50:02,524:pending: 0, running: 1, finished: 7, failure: 0
[36m(vLLMHttpServer pid=7994)[0m (Worker pid=9290) WARNING 08-08 02:50:05 [multiproc_executor.py:884] WorkerProc was terminated
[36m(vLLMHttpServer pid=7995)[0m (EngineCore pid=9010) WARNING 08-08 02:48:02 [scheduler.py:1919] reset_connector called but no KV connector is configured.[32m [repeated 5x across cluster][0m
[36m(vLLMHttpServer pid=7995)[0m (Worker pid=9278) WARNING 08-08 02:48:01 [layerwise.py:225] RotaryEmbedding: Failed to load weights
Traceback (most recent call last):
  File "<frozen runpy>", line 198, in _run_module_as_main
  File "<frozen runpy>", line 88, in _run_code
  File "/workspace/verl-src/verl/trainer/main_ppo.py", line 197, in <module>
    main()
  File "/usr/local/lib/python3.12/dist-packages/hydra/main.py", line 94, in decorated_main
    _run_hydra(
  File "/usr/local/lib/python3.12/dist-packages/hydra/_internal/utils.py", line 394, in _run_hydra
    _run_app(
  File "/usr/local/lib/python3.12/dist-packages/hydra/_internal/utils.py", line 457, in _run_app
    run_and_report(
  File "/usr/local/lib/python3.12/dist-packages/hydra/_internal/utils.py", line 220, in run_and_report
    return func()
           ^^^^^^
  File "/usr/local/lib/python3.12/dist-packages/hydra/_internal/utils.py", line 458, in <lambda>
    lambda: hydra.run(
            ^^^^^^^^^^
  File "/usr/local/lib/python3.12/dist-packages/hydra/_internal/hydra.py", line 119, in run
    ret = run_job(
          ^^^^^^^^
  File "/usr/local/lib/python3.12/dist-packages/hydra/core/utils.py", line 186, in run_job
    ret.return_value = task_function(task_cfg)
                       ^^^^^^^^^^^^^^^^^^^^^^^
  File "/workspace/verl-src/verl/trainer/main_ppo.py", line 185, in main
    run_ppo(config, task_runner_class=TaskRunnerV1)
  File "/workspace/verl-src/verl/trainer/main_ppo.py", line 94, in run_ppo
    ray.get(runner.run.remote(config))
  File "/usr/local/lib/python3.12/dist-packages/ray/_private/auto_init_hook.py", line 22, in auto_init_wrapper
    return fn(*args, **kwargs)
           ^^^^^^^^^^^^^^^^^^^
  File "/usr/local/lib/python3.12/dist-packages/ray/_private/client_mode_hook.py", line 107, in wrapper
    return func(*args, **kwargs)
           ^^^^^^^^^^^^^^^^^^^^^
  File "/usr/local/lib/python3.12/dist-packages/ray/_private/worker.py", line 2980, in get
    values, debugger_breakpoint = worker.get_objects(
                                  ^^^^^^^^^^^^^^^^^^^
  File "/usr/local/lib/python3.12/dist-packages/ray/_private/worker.py", line 993, in get_objects
    ] = self.core_worker.get_objects(
        ^^^^^^^^^^^^^^^^^^^^^^^^^^^^^
  File "python/ray/_raylet.pyx", line 3012, in ray._raylet.CoreWorker.get_objects
  File "python/ray/includes/common.pxi", line 104, in ray._raylet.check_status
KeyboardInterrupt
[36m(vLLMHttpServer pid=7995)[0m (Worker pid=9278) WARNING 08-08 02:50:05 [multiproc_executor.py:884] WorkerProc was terminated
