ray init kwargs: {'num_cpus': None, 'runtime_env': {'env_vars': {'TOKENIZERS_PARALLELISM': 'true', 'NCCL_DEBUG': 'WARN', 'VLLM_LOGGING_LEVEL': 'WARN', 'VLLM_ALLOW_RUNTIME_LORA_UPDATING': 'true', 'VLLM_DISABLE_COMPILE_CACHE': '1', 'HCCL_HOST_SOCKET_PORT_RANGE': 'auto', 'HCCL_NPU_SOCKET_PORT_RANGE': 'auto', 'HSA_NO_SCRATCH_RECLAIM': '1', 'PYTHONHASHSEED': '0', 'VERL_FULL_DETERMINISM': '0', 'VLLM_BATCH_INVARIANT': '0', 'VERL_RL_INSIGHT_ENABLE': '0'}, 'working_dir': None}}
2026-07-25 23:53:19,176	INFO worker.py:2003 -- Started a local Ray instance. View the dashboard at [1m[32mhttp://127.0.0.1:8265 [39m[22m
/usr/local/lib/python3.12/dist-packages/ray/_private/worker.py:2051: FutureWarning: Tip: In future versions of Ray, Ray will no longer override accelerator visible devices env var if num_gpus=0 or num_gpus=None (default). To enable this behavior and turn off this error message, set RAY_ACCEL_ENV_VAR_OVERRIDE_ON_ZERO=0
  warnings.warn(
[36m(pid=14107)[0m WARNING:2026-07-25 23:53:26,619:Platform 'nvidia' (PlatformCUDA) is registered but not available. This may be due to this ray actor being a CPU-only actor.
[36m(pid=14107)[0m W0725 23:53:27.536000 14107 torch/utils/cpp_extension.py:140] No CUDA runtime is found, using CUDA_HOME='/usr/local/cuda'
[36m(FullyAsyncTaskRunner pid=14107)[0m [ASYNC MAIN] Starting fully async PPO training...
[36m(FullyAsyncTaskRunner pid=14107)[0m [ASYNC MAIN] TaskRunner hostname: async-longcot-79fr7, PID: 14107
[36m(FullyAsyncTaskRunner pid=14107)[0m {'actor_rollout_ref': {'actor': {'_target_': 'verl.workers.config.FSDPActorConfig',
[36m(FullyAsyncTaskRunner pid=14107)[0m                                  'calculate_entropy': False,
[36m(FullyAsyncTaskRunner pid=14107)[0m                                  'calculate_sum_pi_squared': False,
[36m(FullyAsyncTaskRunner pid=14107)[0m                                  'checkpoint': {'_target_': 'verl.trainer.config.CheckpointConfig',
[36m(FullyAsyncTaskRunner pid=14107)[0m                                                 'async_save': False,
[36m(FullyAsyncTaskRunner pid=14107)[0m                                                 'load_contents': ['model',
[36m(FullyAsyncTaskRunner pid=14107)[0m                                                                   'optimizer',
[36m(FullyAsyncTaskRunner pid=14107)[0m                                                                   'extra'],
[36m(FullyAsyncTaskRunner pid=14107)[0m                                                 'save_contents': ['model',
[36m(FullyAsyncTaskRunner pid=14107)[0m                                                                   'optimizer',
[36m(FullyAsyncTaskRunner pid=14107)[0m                                                                   'extra'],
[36m(FullyAsyncTaskRunner pid=14107)[0m                                                 'strict': True},
[36m(FullyAsyncTaskRunner pid=14107)[0m                                  'clip_ratio': 0.2,
[36m(FullyAsyncTaskRunner pid=14107)[0m                                  'clip_ratio_c': 3.0,
[36m(FullyAsyncTaskRunner pid=14107)[0m                                  'clip_ratio_high': 0.2,
[36m(FullyAsyncTaskRunner pid=14107)[0m                                  'clip_ratio_low': 0.2,
[36m(FullyAsyncTaskRunner pid=14107)[0m                                  'data_loader_seed': 42,
[36m(FullyAsyncTaskRunner pid=14107)[0m                                  'entropy_checkpointing': False,
[36m(FullyAsyncTaskRunner pid=14107)[0m                                  'entropy_coeff': 0,
[36m(FullyAsyncTaskRunner pid=14107)[0m                                  'entropy_from_logits_chunk_size': 2048,
[36m(FullyAsyncTaskRunner pid=14107)[0m                                  'entropy_from_logits_with_chunking': False,
[36m(FullyAsyncTaskRunner pid=14107)[0m                                  'freeze_vision_tower': False,
[36m(FullyAsyncTaskRunner pid=14107)[0m                                  'fsdp_config': {'_target_': 'verl.workers.config.FSDPEngineConfig',
[36m(FullyAsyncTaskRunner pid=14107)[0m                                                  'dtype': 'bfloat16',
[36m(FullyAsyncTaskRunner pid=14107)[0m                                                  'entropy_checkpointing': False,
[36m(FullyAsyncTaskRunner pid=14107)[0m                                                  'entropy_from_logits_chunk_size': 2048,
[36m(FullyAsyncTaskRunner pid=14107)[0m                                                  'entropy_from_logits_with_chunking': False,
[36m(FullyAsyncTaskRunner pid=14107)[0m                                                  'forward_only': False,
[36m(FullyAsyncTaskRunner pid=14107)[0m                                                  'forward_prefetch': False,
[36m(FullyAsyncTaskRunner pid=14107)[0m                                                  'fsdp_size': -1,
[36m(FullyAsyncTaskRunner pid=14107)[0m                                                  'full_determinism': False,
[36m(FullyAsyncTaskRunner pid=14107)[0m                                                  'model_dtype': 'fp32',
[36m(FullyAsyncTaskRunner pid=14107)[0m                                                  'offload_policy': False,
[36m(FullyAsyncTaskRunner pid=14107)[0m                                                  'optimizer_offload': False,
[36m(FullyAsyncTaskRunner pid=14107)[0m                                                  'param_offload': False,
[36m(FullyAsyncTaskRunner pid=14107)[0m                                                  'qat': {'_target_': 'verl.workers.config.QATEngineConfig',
[36m(FullyAsyncTaskRunner pid=14107)[0m                                                          'activation_observer': 'static_minmax',
[36m(FullyAsyncTaskRunner pid=14107)[0m                                                          'enable': False,
[36m(FullyAsyncTaskRunner pid=14107)[0m                                                          'group_size': 16,
[36m(FullyAsyncTaskRunner pid=14107)[0m                                                          'ignore_patterns': ['lm_head',
[36m(FullyAsyncTaskRunner pid=14107)[0m                                                                              'embed_tokens',
[36m(FullyAsyncTaskRunner pid=14107)[0m                                                                              're:.*mlp.gate$'],
[36m(FullyAsyncTaskRunner pid=14107)[0m                                                          'mode': 'w4a16',
[36m(FullyAsyncTaskRunner pid=14107)[0m                                                          'quantization_config_path': None},
[36m(FullyAsyncTaskRunner pid=14107)[0m                                                  'reshard_after_forward': True,
[36m(FullyAsyncTaskRunner pid=14107)[0m                                                  'seed': 42,
[36m(FullyAsyncTaskRunner pid=14107)[0m                                                  'strategy': 'fsdp',
[36m(FullyAsyncTaskRunner pid=14107)[0m                                                  'ulysses_sequence_parallel_size': 1,
[36m(FullyAsyncTaskRunner pid=14107)[0m                                                  'use_orig_params': False,
[36m(FullyAsyncTaskRunner pid=14107)[0m                                                  'use_torch_compile': True,
[36m(FullyAsyncTaskRunner pid=14107)[0m                                                  'wrap_policy': {'min_num_params': 0}},
[36m(FullyAsyncTaskRunner pid=14107)[0m                                  'grad_clip': 1.0,
[36m(FullyAsyncTaskRunner pid=14107)[0m                                  'kl_loss_coef': 0.0,
[36m(FullyAsyncTaskRunner pid=14107)[0m                                  'kl_loss_type': 'low_var_kl',
[36m(FullyAsyncTaskRunner pid=14107)[0m                                  'loss_agg_mode': 'token-mean',
[36m(FullyAsyncTaskRunner pid=14107)[0m                                  'loss_scale_factor': None,
[36m(FullyAsyncTaskRunner pid=14107)[0m                                  'optim': {'_target_': 'verl.workers.config.FSDPOptimizerConfig',
[36m(FullyAsyncTaskRunner pid=14107)[0m                                            'betas': [0.9, 0.999],
[36m(FullyAsyncTaskRunner pid=14107)[0m                                            'clip_grad': 1.0,
[36m(FullyAsyncTaskRunner pid=14107)[0m                                            'lr': 1e-06,
[36m(FullyAsyncTaskRunner pid=14107)[0m                                            'lr_scheduler_type': 'constant',
[36m(FullyAsyncTaskRunner pid=14107)[0m                                            'lr_warmup_steps': -1,
[36m(FullyAsyncTaskRunner pid=14107)[0m                                            'lr_warmup_steps_ratio': 0.0,
[36m(FullyAsyncTaskRunner pid=14107)[0m                                            'min_lr_ratio': 0.0,
[36m(FullyAsyncTaskRunner pid=14107)[0m                                            'num_cycles': 0.5,
[36m(FullyAsyncTaskRunner pid=14107)[0m                                            'optimizer': 'AdamW',
[36m(FullyAsyncTaskRunner pid=14107)[0m                                            'optimizer_impl': 'torch.optim',
[36m(FullyAsyncTaskRunner pid=14107)[0m                                            'override_optimizer_config': None,
[36m(FullyAsyncTaskRunner pid=14107)[0m                                            'total_training_steps': -1,
[36m(FullyAsyncTaskRunner pid=14107)[0m                                            'warmup_style': None,
[36m(FullyAsyncTaskRunner pid=14107)[0m                                            'weight_decay': 0.01,
[36m(FullyAsyncTaskRunner pid=14107)[0m                                            'zero_indexed_step': True},
[36m(FullyAsyncTaskRunner pid=14107)[0m                                  'policy_loss': {'_target_': 'verl.workers.config.PolicyLossConfig',
[36m(FullyAsyncTaskRunner pid=14107)[0m                                                  'clip_cov_lb': 1.0,
[36m(FullyAsyncTaskRunner pid=14107)[0m                                                  'clip_cov_ratio': 0.0002,
[36m(FullyAsyncTaskRunner pid=14107)[0m                                                  'clip_cov_ub': 5.0,
[36m(FullyAsyncTaskRunner pid=14107)[0m                                                  'kl_cov_ratio': 0.0002,
[36m(FullyAsyncTaskRunner pid=14107)[0m                                                  'loss_mode': 'vanilla',
[36m(FullyAsyncTaskRunner pid=14107)[0m                                                  'ppo_kl_coef': 0.1},
[36m(FullyAsyncTaskRunner pid=14107)[0m                                  'ppo_epochs': 1,
[36m(FullyAsyncTaskRunner pid=14107)[0m                                  'ppo_max_token_len_per_gpu': 24576,
[36m(FullyAsyncTaskRunner pid=14107)[0m                                  'ppo_micro_batch_size': None,
[36m(FullyAsyncTaskRunner pid=14107)[0m                                  'ppo_micro_batch_size_per_gpu': 1,
[36m(FullyAsyncTaskRunner pid=14107)[0m                                  'ppo_mini_batch_size': 64,
[36m(FullyAsyncTaskRunner pid=14107)[0m                                  'profiler': {'_target_': 'verl.utils.profiler.ProfilerConfig',
[36m(FullyAsyncTaskRunner pid=14107)[0m                                               'all_ranks': False,
[36m(FullyAsyncTaskRunner pid=14107)[0m                                               'enable': False,
[36m(FullyAsyncTaskRunner pid=14107)[0m                                               'ranks': [],
[36m(FullyAsyncTaskRunner pid=14107)[0m                                               'save_path': 'outputs/profile',
[36m(FullyAsyncTaskRunner pid=14107)[0m                                               'tool': None,
[36m(FullyAsyncTaskRunner pid=14107)[0m                                               'tool_config': {'npu': {'_target_': 'verl.utils.profiler.config.NPUToolConfig',
[36m(FullyAsyncTaskRunner pid=14107)[0m                                                                       'analysis': True,
[36m(FullyAsyncTaskRunner pid=14107)[0m                                                                       'contents': [],
[36m(FullyAsyncTaskRunner pid=14107)[0m                                                                       'discrete': False,
[36m(FullyAsyncTaskRunner pid=14107)[0m                                                                       'level': 'level0'},
[36m(FullyAsyncTaskRunner pid=14107)[0m                                                               'nsys': {'_target_': 'verl.utils.profiler.config.NsightToolConfig',
[36m(FullyAsyncTaskRunner pid=14107)[0m                                                                        'discrete': False},
[36m(FullyAsyncTaskRunner pid=14107)[0m                                                               'precision_debugger': {'_target_': 'verl.utils.profiler.config.PrecisionDebuggerToolConfig',
[36m(FullyAsyncTaskRunner pid=14107)[0m                                                                                      'config_path': None,
[36m(FullyAsyncTaskRunner pid=14107)[0m                                                                                      'stages': None,
[36m(FullyAsyncTaskRunner pid=14107)[0m                                                                                      'steps': None,
[36m(FullyAsyncTaskRunner pid=14107)[0m                                                                                      'strict': False},
[36m(FullyAsyncTaskRunner pid=14107)[0m                                                               'torch': {'_target_': 'verl.utils.profiler.config.TorchProfilerToolConfig',
[36m(FullyAsyncTaskRunner pid=14107)[0m                                                                         'contents': [],
[36m(FullyAsyncTaskRunner pid=14107)[0m                                                                         'discrete': False,
[36m(FullyAsyncTaskRunner pid=14107)[0m                                                                         'schedule': {'_target_': 'verl.utils.profiler.config.TorchProfilerScheduleConfig',
[36m(FullyAsyncTaskRunner pid=14107)[0m                                                                                      'active': 0,
[36m(FullyAsyncTaskRunner pid=14107)[0m                                                                                      'repeat': 0,
[36m(FullyAsyncTaskRunner pid=14107)[0m                                                                                      'skip_first': 0,
[36m(FullyAsyncTaskRunner pid=14107)[0m                                                                                      'wait': 0,
[36m(FullyAsyncTaskRunner pid=14107)[0m                                                                                      'warmup': 0}},
[36m(FullyAsyncTaskRunner pid=14107)[0m                                                               'torch_memory': {'_target_': 'verl.utils.profiler.config.TorchMemoryToolConfig',
[36m(FullyAsyncTaskRunner pid=14107)[0m                                                                                'stack_depth': 32,
[36m(FullyAsyncTaskRunner pid=14107)[0m                                                                                'trace_alloc_max_entries': 100000}}},
[36m(FullyAsyncTaskRunner pid=14107)[0m                                  'qat': {'activation_observer': 'static_minmax',
[36m(FullyAsyncTaskRunner pid=14107)[0m                                          'enable': False,
[36m(FullyAsyncTaskRunner pid=14107)[0m                                          'group_size': 16,
[36m(FullyAsyncTaskRunner pid=14107)[0m                                          'ignore_patterns': ['lm_head',
[36m(FullyAsyncTaskRunner pid=14107)[0m                                                              'embed_tokens',
[36m(FullyAsyncTaskRunner pid=14107)[0m                                                              're:.*mlp.gate$'],
[36m(FullyAsyncTaskRunner pid=14107)[0m                                          'mode': 'w4a16',
[36m(FullyAsyncTaskRunner pid=14107)[0m                                          'quantization_config_path': None},
[36m(FullyAsyncTaskRunner pid=14107)[0m                                  'rollout_n': 8,
[36m(FullyAsyncTaskRunner pid=14107)[0m                                  'router_replay': {'_target_': 'verl.workers.config.RouterReplayConfig',
[36m(FullyAsyncTaskRunner pid=14107)[0m                                                    'mode': 'disabled',
[36m(FullyAsyncTaskRunner pid=14107)[0m                                                    'record_file': None,
[36m(FullyAsyncTaskRunner pid=14107)[0m                                                    'replay_file': None},
[36m(FullyAsyncTaskRunner pid=14107)[0m                                  'shuffle': False,
[36m(FullyAsyncTaskRunner pid=14107)[0m                                  'strategy': 'fsdp',
[36m(FullyAsyncTaskRunner pid=14107)[0m                                  'tau_neg': 1.05,
[36m(FullyAsyncTaskRunner pid=14107)[0m                                  'tau_pos': 1.0,
[36m(FullyAsyncTaskRunner pid=14107)[0m                                  'ulysses_sequence_parallel_size': 1,
[36m(FullyAsyncTaskRunner pid=14107)[0m                                  'use_dynamic_bsz': True,
[36m(FullyAsyncTaskRunner pid=14107)[0m                                  'use_fused_kernels': False,
[36m(FullyAsyncTaskRunner pid=14107)[0m                                  'use_kl_loss': False,
[36m(FullyAsyncTaskRunner pid=14107)[0m                                  'use_prefix_grouper': False,
[36m(FullyAsyncTaskRunner pid=14107)[0m                                  'use_remove_padding': True,
[36m(FullyAsyncTaskRunner pid=14107)[0m                                  'use_rollout_log_probs': True,
[36m(FullyAsyncTaskRunner pid=14107)[0m                                  'use_torch_compile': True},
[36m(FullyAsyncTaskRunner pid=14107)[0m                        'hybrid_engine': False,
[36m(FullyAsyncTaskRunner pid=14107)[0m                        'model': {'_target_': 'verl.workers.config.HFModelConfig',
[36m(FullyAsyncTaskRunner pid=14107)[0m                                  'custom_chat_template': None,
[36m(FullyAsyncTaskRunner pid=14107)[0m                                  'enable_activation_offload': False,
[36m(FullyAsyncTaskRunner pid=14107)[0m                                  'enable_gradient_checkpointing': True,
[36m(FullyAsyncTaskRunner pid=14107)[0m                                  'exclude_modules': None,
[36m(FullyAsyncTaskRunner pid=14107)[0m                                  'external_lib': None,
[36m(FullyAsyncTaskRunner pid=14107)[0m                                  'fused_kernel_options': {'impl_backend': 'torch'},
[36m(FullyAsyncTaskRunner pid=14107)[0m                                  'hf_config_path': None,
[36m(FullyAsyncTaskRunner pid=14107)[0m                                  'lora': {'a2a_experimental': False,
[36m(FullyAsyncTaskRunner pid=14107)[0m                                           'adapter_path': None,
[36m(FullyAsyncTaskRunner pid=14107)[0m                                           'alpha': 32,
[36m(FullyAsyncTaskRunner pid=14107)[0m                                           'dropout': 0.0,
[36m(FullyAsyncTaskRunner pid=14107)[0m                                           'dropout_position': 'pre',
[36m(FullyAsyncTaskRunner pid=14107)[0m                                           'dtype': None,
[36m(FullyAsyncTaskRunner pid=14107)[0m                                           'exclude_modules': [],
[36m(FullyAsyncTaskRunner pid=14107)[0m                                           'freeze_language_model': True,
[36m(FullyAsyncTaskRunner pid=14107)[0m                                           'freeze_vision_model': True,
[36m(FullyAsyncTaskRunner pid=14107)[0m                                           'freeze_vision_projection': True,
[36m(FullyAsyncTaskRunner pid=14107)[0m                                           'lora_A_init_method': 'xavier',
[36m(FullyAsyncTaskRunner pid=14107)[0m                                           'lora_B_init_method': 'zero',
[36m(FullyAsyncTaskRunner pid=14107)[0m                                           'merge': False,
[36m(FullyAsyncTaskRunner pid=14107)[0m                                           'rank': 0,
[36m(FullyAsyncTaskRunner pid=14107)[0m                                           'target_modules': ['linear_qkv',
[36m(FullyAsyncTaskRunner pid=14107)[0m                                                              'linear_proj',
[36m(FullyAsyncTaskRunner pid=14107)[0m                                                              'linear_fc1',
[36m(FullyAsyncTaskRunner pid=14107)[0m                                                              'linear_fc2'],
[36m(FullyAsyncTaskRunner pid=14107)[0m                                           'type': 'lora'},
[36m(FullyAsyncTaskRunner pid=14107)[0m                                  'lora_adapter_path': None,
[36m(FullyAsyncTaskRunner pid=14107)[0m                                  'lora_alpha': 16,
[36m(FullyAsyncTaskRunner pid=14107)[0m                                  'lora_rank': 0,
[36m(FullyAsyncTaskRunner pid=14107)[0m                                  'mtp': {'_target_': 'verl.workers.config.MtpConfig',
[36m(FullyAsyncTaskRunner pid=14107)[0m                                          'detach_encoder': False,
[36m(FullyAsyncTaskRunner pid=14107)[0m                                          'enable': False,
[36m(FullyAsyncTaskRunner pid=14107)[0m                                          'enable_rollout': False,
[36m(FullyAsyncTaskRunner pid=14107)[0m                                          'enable_train': False,
[36m(FullyAsyncTaskRunner pid=14107)[0m                                          'method': 'mtp',
[36m(FullyAsyncTaskRunner pid=14107)[0m                                          'mtp_loss_scaling_factor': 0.1,
[36m(FullyAsyncTaskRunner pid=14107)[0m                                          'num_speculative_tokens': 1,
[36m(FullyAsyncTaskRunner pid=14107)[0m                                          'speculative_algorithm': 'EAGLE',
[36m(FullyAsyncTaskRunner pid=14107)[0m                                          'speculative_eagle_topk': 1,
[36m(FullyAsyncTaskRunner pid=14107)[0m                                          'speculative_num_draft_tokens': 4,
[36m(FullyAsyncTaskRunner pid=14107)[0m                                          'speculative_num_steps': 3},
[36m(FullyAsyncTaskRunner pid=14107)[0m                                  'override_config': {},
[36m(FullyAsyncTaskRunner pid=14107)[0m                                  'path': '/workspace/models/DeepSeek-R1-Distill-Qwen-1.5B',
[36m(FullyAsyncTaskRunner pid=14107)[0m                                  'target_modules': 'all-linear',
[36m(FullyAsyncTaskRunner pid=14107)[0m                                  'tiled_mlp': {'enabled': False,
[36m(FullyAsyncTaskRunner pid=14107)[0m                                                'num_shards': 4},
[36m(FullyAsyncTaskRunner pid=14107)[0m                                  'tokenizer_path': None,
[36m(FullyAsyncTaskRunner pid=14107)[0m                                  'trust_remote_code': False,
[36m(FullyAsyncTaskRunner pid=14107)[0m                                  'use_fused_kernels': False,
[36m(FullyAsyncTaskRunner pid=14107)[0m                                  'use_liger': False,
[36m(FullyAsyncTaskRunner pid=14107)[0m                                  'use_remove_padding': True,
[36m(FullyAsyncTaskRunner pid=14107)[0m                                  'use_shm': False},
[36m(FullyAsyncTaskRunner pid=14107)[0m                        'nccl_timeout': 600,
[36m(FullyAsyncTaskRunner pid=14107)[0m                        'ref': {'_target_': 'verl.workers.config.FSDPActorConfig',
[36m(FullyAsyncTaskRunner pid=14107)[0m                                'entropy_checkpointing': False,
[36m(FullyAsyncTaskRunner pid=14107)[0m                                'entropy_from_logits_chunk_size': 2048,
[36m(FullyAsyncTaskRunner pid=14107)[0m                                'entropy_from_logits_with_chunking': False,
[36m(FullyAsyncTaskRunner pid=14107)[0m                                'fsdp_config': {'_target_': 'verl.workers.config.FSDPEngineConfig',
[36m(FullyAsyncTaskRunner pid=14107)[0m                                                'dtype': 'bfloat16',
[36m(FullyAsyncTaskRunner pid=14107)[0m                                                'entropy_checkpointing': False,
[36m(FullyAsyncTaskRunner pid=14107)[0m                                                'entropy_from_logits_chunk_size': 2048,
[36m(FullyAsyncTaskRunner pid=14107)[0m                                                'entropy_from_logits_with_chunking': False,
[36m(FullyAsyncTaskRunner pid=14107)[0m                                                'forward_only': True,
[36m(FullyAsyncTaskRunner pid=14107)[0m                                                'forward_prefetch': False,
[36m(FullyAsyncTaskRunner pid=14107)[0m                                                'fsdp_size': -1,
[36m(FullyAsyncTaskRunner pid=14107)[0m                                                'full_determinism': False,
[36m(FullyAsyncTaskRunner pid=14107)[0m                                                'model_dtype': 'fp32',
[36m(FullyAsyncTaskRunner pid=14107)[0m                                                'offload_policy': False,
[36m(FullyAsyncTaskRunner pid=14107)[0m                                                'optimizer_offload': False,
[36m(FullyAsyncTaskRunner pid=14107)[0m                                                'param_offload': False,
[36m(FullyAsyncTaskRunner pid=14107)[0m                                                'qat': {'_target_': 'verl.workers.config.QATEngineConfig',
[36m(FullyAsyncTaskRunner pid=14107)[0m                                                        'activation_observer': 'static_minmax',
[36m(FullyAsyncTaskRunner pid=14107)[0m                                                        'enable': False,
[36m(FullyAsyncTaskRunner pid=14107)[0m                                                        'group_size': 16,
[36m(FullyAsyncTaskRunner pid=14107)[0m                                                        'ignore_patterns': ['lm_head',
[36m(FullyAsyncTaskRunner pid=14107)[0m                                                                            'embed_tokens',
[36m(FullyAsyncTaskRunner pid=14107)[0m                                                                            're:.*mlp.gate$'],
[36m(FullyAsyncTaskRunner pid=14107)[0m                                                        'mode': 'w4a16',
[36m(FullyAsyncTaskRunner pid=14107)[0m                                                        'quantization_config_path': None},
[36m(FullyAsyncTaskRunner pid=14107)[0m                                                'reshard_after_forward': True,
[36m(FullyAsyncTaskRunner pid=14107)[0m                                                'seed': 42,
[36m(FullyAsyncTaskRunner pid=14107)[0m                                                'strategy': 'fsdp',
[36m(FullyAsyncTaskRunner pid=14107)[0m                                                'ulysses_sequence_parallel_size': 1,
[36m(FullyAsyncTaskRunner pid=14107)[0m                                                'use_orig_params': False,
[36m(FullyAsyncTaskRunner pid=14107)[0m                                                'use_torch_compile': True,
[36m(FullyAsyncTaskRunner pid=14107)[0m                                                'wrap_policy': {'min_num_params': 0}},
[36m(FullyAsyncTaskRunner pid=14107)[0m                                'log_prob_max_token_len_per_gpu': 24576,
[36m(FullyAsyncTaskRunner pid=14107)[0m                                'log_prob_micro_batch_size': None,
[36m(FullyAsyncTaskRunner pid=14107)[0m                                'log_prob_micro_batch_size_per_gpu': None,
[36m(FullyAsyncTaskRunner pid=14107)[0m                                'log_prob_use_dynamic_bsz': True,
[36m(FullyAsyncTaskRunner pid=14107)[0m                                'profiler': {'_target_': 'verl.utils.profiler.ProfilerConfig',
[36m(FullyAsyncTaskRunner pid=14107)[0m                                             'all_ranks': False,
[36m(FullyAsyncTaskRunner pid=14107)[0m                                             'enable': False,
[36m(FullyAsyncTaskRunner pid=14107)[0m                                             'ranks': [],
[36m(FullyAsyncTaskRunner pid=14107)[0m                                             'save_path': 'outputs/profile',
[36m(FullyAsyncTaskRunner pid=14107)[0m                                             'tool': None,
[36m(FullyAsyncTaskRunner pid=14107)[0m                                             'tool_config': {'npu': {'_target_': 'verl.utils.profiler.config.NPUToolConfig',
[36m(FullyAsyncTaskRunner pid=14107)[0m                                                                     'analysis': True,
[36m(FullyAsyncTaskRunner pid=14107)[0m                                                                     'contents': [],
[36m(FullyAsyncTaskRunner pid=14107)[0m                                                                     'discrete': False,
[36m(FullyAsyncTaskRunner pid=14107)[0m                                                                     'level': 'level0'},
[36m(FullyAsyncTaskRunner pid=14107)[0m                                                             'nsys': {'_target_': 'verl.utils.profiler.config.NsightToolConfig',
[36m(FullyAsyncTaskRunner pid=14107)[0m                                                                      'discrete': False},
[36m(FullyAsyncTaskRunner pid=14107)[0m                                                             'precision_debugger': {'_target_': 'verl.utils.profiler.config.PrecisionDebuggerToolConfig',
[36m(FullyAsyncTaskRunner pid=14107)[0m                                                                                    'config_path': None,
[36m(FullyAsyncTaskRunner pid=14107)[0m                                                                                    'stages': None,
[36m(FullyAsyncTaskRunner pid=14107)[0m                                                                                    'steps': None,
[36m(FullyAsyncTaskRunner pid=14107)[0m                                                                                    'strict': False},
[36m(FullyAsyncTaskRunner pid=14107)[0m                                                             'torch': {'_target_': 'verl.utils.profiler.config.TorchProfilerToolConfig',
[36m(FullyAsyncTaskRunner pid=14107)[0m                                                                       'contents': [],
[36m(FullyAsyncTaskRunner pid=14107)[0m                                                                       'discrete': False,
[36m(FullyAsyncTaskRunner pid=14107)[0m                                                                       'schedule': {'_target_': 'verl.utils.profiler.config.TorchProfilerScheduleConfig',
[36m(FullyAsyncTaskRunner pid=14107)[0m                                                                                    'active': 0,
[36m(FullyAsyncTaskRunner pid=14107)[0m                                                                                    'repeat': 0,
[36m(FullyAsyncTaskRunner pid=14107)[0m                                                                                    'skip_first': 0,
[36m(FullyAsyncTaskRunner pid=14107)[0m                                                                                    'wait': 0,
[36m(FullyAsyncTaskRunner pid=14107)[0m                                                                                    'warmup': 0}},
[36m(FullyAsyncTaskRunner pid=14107)[0m                                                             'torch_memory': {'_target_': 'verl.utils.profiler.config.TorchMemoryToolConfig',
[36m(FullyAsyncTaskRunner pid=14107)[0m                                                                              'stack_depth': 32,
[36m(FullyAsyncTaskRunner pid=14107)[0m                                                                              'trace_alloc_max_entries': 100000}}},
[36m(FullyAsyncTaskRunner pid=14107)[0m                                'rollout_n': 8,
[36m(FullyAsyncTaskRunner pid=14107)[0m                                'router_replay': {'_target_': 'verl.workers.config.RouterReplayConfig',
[36m(FullyAsyncTaskRunner pid=14107)[0m                                                  'mode': 'disabled',
[36m(FullyAsyncTaskRunner pid=14107)[0m                                                  'record_file': None,
[36m(FullyAsyncTaskRunner pid=14107)[0m                                                  'replay_file': None},
[36m(FullyAsyncTaskRunner pid=14107)[0m                                'strategy': 'fsdp',
[36m(FullyAsyncTaskRunner pid=14107)[0m                                'ulysses_sequence_parallel_size': 1,
[36m(FullyAsyncTaskRunner pid=14107)[0m                                'use_torch_compile': True},
[36m(FullyAsyncTaskRunner pid=14107)[0m                        'rollout': {'_target_': 'verl.workers.config.RolloutConfig',
[36m(FullyAsyncTaskRunner pid=14107)[0m                                    'agent': {'_target_': 'verl.workers.config.AgentLoopConfig',
[36m(FullyAsyncTaskRunner pid=14107)[0m                                              'agent_loop_config_path': None,
[36m(FullyAsyncTaskRunner pid=14107)[0m                                              'custom_async_server': {'_target_': 'verl.workers.config.CustomAsyncServerConfig',
[36m(FullyAsyncTaskRunner pid=14107)[0m                                                                      'name': None,
[36m(FullyAsyncTaskRunner pid=14107)[0m                                                                      'path': None},
[36m(FullyAsyncTaskRunner pid=14107)[0m                                              'default_agent_loop': 'single_turn_agent',
[36m(FullyAsyncTaskRunner pid=14107)[0m                                              'num_workers': 8},
[36m(FullyAsyncTaskRunner pid=14107)[0m                                    'calculate_log_probs': True,
[36m(FullyAsyncTaskRunner pid=14107)[0m                                    'checkpoint_engine': {'_target_': 'verl.workers.config.CheckpointEngineConfig',
[36m(FullyAsyncTaskRunner pid=14107)[0m                                                          'backend': 'nccl',
[36m(FullyAsyncTaskRunner pid=14107)[0m                                                          'custom_backend_module': None,
[36m(FullyAsyncTaskRunner pid=14107)[0m                                                          'engine_kwargs': {},
[36m(FullyAsyncTaskRunner pid=14107)[0m                                                          'update_weights_bucket_megabytes': 2048},
[36m(FullyAsyncTaskRunner pid=14107)[0m                                    'cudagraph_capture_sizes': None,
[36m(FullyAsyncTaskRunner pid=14107)[0m                                    'data_parallel_size': 1,
[36m(FullyAsyncTaskRunner pid=14107)[0m                                    'disable_log_stats': True,
[36m(FullyAsyncTaskRunner pid=14107)[0m                                    'disaggregation': {'bootstrap_port': None,
[36m(FullyAsyncTaskRunner pid=14107)[0m                                                       'decode_replicas': 1,
[36m(FullyAsyncTaskRunner pid=14107)[0m                                                       'decode_tensor_model_parallel_size': None,
[36m(FullyAsyncTaskRunner pid=14107)[0m                                                       'enabled': False,
[36m(FullyAsyncTaskRunner pid=14107)[0m                                                       'ib_device': None,
[36m(FullyAsyncTaskRunner pid=14107)[0m                                                       'prefill_replicas': 1,
[36m(FullyAsyncTaskRunner pid=14107)[0m                                                       'transfer_backend': 'nixl'},
[36m(FullyAsyncTaskRunner pid=14107)[0m                                    'do_sample': True,
[36m(FullyAsyncTaskRunner pid=14107)[0m                                    'dtype': 'bfloat16',
[36m(FullyAsyncTaskRunner pid=14107)[0m                                    'enable_chunked_prefill': True,
[36m(FullyAsyncTaskRunner pid=14107)[0m                                    'enable_prefix_caching': True,
[36m(FullyAsyncTaskRunner pid=14107)[0m                                    'enable_rollout_routing_replay': False,
[36m(FullyAsyncTaskRunner pid=14107)[0m                                    'enforce_eager': False,
[36m(FullyAsyncTaskRunner pid=14107)[0m                                    'engine_kwargs': {'sglang': {},
[36m(FullyAsyncTaskRunner pid=14107)[0m                                                      'trtllm': {},
[36m(FullyAsyncTaskRunner pid=14107)[0m                                                      'vllm': {}},
[36m(FullyAsyncTaskRunner pid=14107)[0m                                    'expert_parallel_size': 1,
[36m(FullyAsyncTaskRunner pid=14107)[0m                                    'free_cache_engine': True,
[36m(FullyAsyncTaskRunner pid=14107)[0m                                    'full_determinism': False,
[36m(FullyAsyncTaskRunner pid=14107)[0m                                    'gpu_memory_utilization': 0.8,
[36m(FullyAsyncTaskRunner pid=14107)[0m                                    'ignore_eos': False,
[36m(FullyAsyncTaskRunner pid=14107)[0m                                    'layered_summon': False,
[36m(FullyAsyncTaskRunner pid=14107)[0m                                    'load_format': 'dummy',
[36m(FullyAsyncTaskRunner pid=14107)[0m                                    'log_prob_max_token_len_per_gpu': 24576,
[36m(FullyAsyncTaskRunner pid=14107)[0m                                    'log_prob_micro_batch_size': None,
[36m(FullyAsyncTaskRunner pid=14107)[0m                                    'log_prob_micro_batch_size_per_gpu': None,
[36m(FullyAsyncTaskRunner pid=14107)[0m                                    'log_prob_use_dynamic_bsz': True,
[36m(FullyAsyncTaskRunner pid=14107)[0m                                    'logprobs_mode': 'processed_logprobs',
[36m(FullyAsyncTaskRunner pid=14107)[0m                                    'max_model_len': None,
[36m(FullyAsyncTaskRunner pid=14107)[0m                                    'max_num_batched_tokens': 8192,
[36m(FullyAsyncTaskRunner pid=14107)[0m                                    'max_num_seqs': 1024,
[36m(FullyAsyncTaskRunner pid=14107)[0m                                    'mode': 'async',
[36m(FullyAsyncTaskRunner pid=14107)[0m                                    'moe_load_balance_metrics_interval': 0,
[36m(FullyAsyncTaskRunner pid=14107)[0m                                    'mtp': {'_target_': 'verl.workers.config.MtpConfig',
[36m(FullyAsyncTaskRunner pid=14107)[0m                                            'detach_encoder': False,
[36m(FullyAsyncTaskRunner pid=14107)[0m                                            'enable': False,
[36m(FullyAsyncTaskRunner pid=14107)[0m                                            'enable_rollout': False,
[36m(FullyAsyncTaskRunner pid=14107)[0m                                            'enable_train': False,
[36m(FullyAsyncTaskRunner pid=14107)[0m                                            'method': 'mtp',
[36m(FullyAsyncTaskRunner pid=14107)[0m                                            'mtp_loss_scaling_factor': 0.1,
[36m(FullyAsyncTaskRunner pid=14107)[0m                                            'num_speculative_tokens': 1,
[36m(FullyAsyncTaskRunner pid=14107)[0m                                            'speculative_algorithm': 'EAGLE',
[36m(FullyAsyncTaskRunner pid=14107)[0m                                            'speculative_eagle_topk': 1,
[36m(FullyAsyncTaskRunner pid=14107)[0m                                            'speculative_num_draft_tokens': 4,
[36m(FullyAsyncTaskRunner pid=14107)[0m                                            'speculative_num_steps': 3},
[36m(FullyAsyncTaskRunner pid=14107)[0m                                    'multi_stage_wake_up': False,
[36m(FullyAsyncTaskRunner pid=14107)[0m                                    'multi_turn': {'_target_': 'verl.workers.config.MultiTurnConfig',
[36m(FullyAsyncTaskRunner pid=14107)[0m                                                   'enable': False,
[36m(FullyAsyncTaskRunner pid=14107)[0m                                                   'format': 'hermes',
[36m(FullyAsyncTaskRunner pid=14107)[0m                                                   'function_tool_path': None,
[36m(FullyAsyncTaskRunner pid=14107)[0m                                                   'max_assistant_turns': None,
[36m(FullyAsyncTaskRunner pid=14107)[0m                                                   'max_parallel_calls': 1,
[36m(FullyAsyncTaskRunner pid=14107)[0m                                                   'max_tool_response_length': 256,
[36m(FullyAsyncTaskRunner pid=14107)[0m                                                   'max_user_turns': None,
[36m(FullyAsyncTaskRunner pid=14107)[0m                                                   'num_repeat_rollouts': None,
[36m(FullyAsyncTaskRunner pid=14107)[0m                                                   'tokenization_sanity_check_mode': 'strict',
[36m(FullyAsyncTaskRunner pid=14107)[0m                                                   'tool_config_path': None,
[36m(FullyAsyncTaskRunner pid=14107)[0m                                                   'tool_response_truncate_side': 'middle',
[36m(FullyAsyncTaskRunner pid=14107)[0m                                                   'use_inference_chat_template': False},
[36m(FullyAsyncTaskRunner pid=14107)[0m                                    'n': 8,
[36m(FullyAsyncTaskRunner pid=14107)[0m                                    'n_gpus_per_node': 1,
[36m(FullyAsyncTaskRunner pid=14107)[0m                                    'name': 'vllm',
[36m(FullyAsyncTaskRunner pid=14107)[0m                                    'nnodes': 1,
[36m(FullyAsyncTaskRunner pid=14107)[0m                                    'over_sample_rate': 0,
[36m(FullyAsyncTaskRunner pid=14107)[0m                                    'pipeline_model_parallel_size': 1,
[36m(FullyAsyncTaskRunner pid=14107)[0m                                    'profiler': {'_target_': 'verl.utils.profiler.ProfilerConfig',
[36m(FullyAsyncTaskRunner pid=14107)[0m                                                 'all_ranks': False,
[36m(FullyAsyncTaskRunner pid=14107)[0m                                                 'enable': False,
[36m(FullyAsyncTaskRunner pid=14107)[0m                                                 'ranks': [],
[36m(FullyAsyncTaskRunner pid=14107)[0m                                                 'save_path': 'outputs/profile',
[36m(FullyAsyncTaskRunner pid=14107)[0m                                                 'tool': None,
[36m(FullyAsyncTaskRunner pid=14107)[0m                                                 'tool_config': {'npu': {'_target_': 'verl.utils.profiler.config.NPUToolConfig',
[36m(FullyAsyncTaskRunner pid=14107)[0m                                                                         'analysis': True,
[36m(FullyAsyncTaskRunner pid=14107)[0m                                                                         'contents': [],
[36m(FullyAsyncTaskRunner pid=14107)[0m                                                                         'discrete': False,
[36m(FullyAsyncTaskRunner pid=14107)[0m                                                                         'level': 'level0',
[36m(FullyAsyncTaskRunner pid=14107)[0m                                                                         'profile_token_end': None,
[36m(FullyAsyncTaskRunner pid=14107)[0m                                                                         'profile_token_start': None},
[36m(FullyAsyncTaskRunner pid=14107)[0m                                                                 'precision_debugger': {'_target_': 'verl.utils.profiler.config.PrecisionDebuggerToolConfig',
[36m(FullyAsyncTaskRunner pid=14107)[0m                                                                                        'config_path': None,
[36m(FullyAsyncTaskRunner pid=14107)[0m                                                                                        'stages': None,
[36m(FullyAsyncTaskRunner pid=14107)[0m                                                                                        'steps': None,
[36m(FullyAsyncTaskRunner pid=14107)[0m                                                                                        'strict': False},
[36m(FullyAsyncTaskRunner pid=14107)[0m                                                                 'torch': {'_target_': 'verl.utils.profiler.config.TorchProfilerToolConfig',
[36m(FullyAsyncTaskRunner pid=14107)[0m                                                                           'contents': [],
[36m(FullyAsyncTaskRunner pid=14107)[0m                                                                           'discrete': False,
[36m(FullyAsyncTaskRunner pid=14107)[0m                                                                           'profile_token_end': None,
[36m(FullyAsyncTaskRunner pid=14107)[0m                                                                           'profile_token_start': None}}},
[36m(FullyAsyncTaskRunner pid=14107)[0m                                    'prometheus': {'_target_': 'verl.workers.config.PrometheusConfig',
[36m(FullyAsyncTaskRunner pid=14107)[0m                                                   'enable': False,
[36m(FullyAsyncTaskRunner pid=14107)[0m                                                   'file': '/tmp/ray/session_latest/metrics/prometheus/prometheus.yml',
[36m(FullyAsyncTaskRunner pid=14107)[0m                                                   'port': 9090,
[36m(FullyAsyncTaskRunner pid=14107)[0m                                                   'served_model_name': '/workspace/models/DeepSeek-R1-Distill-Qwen-1.5B'},
[36m(FullyAsyncTaskRunner pid=14107)[0m                                    'prompt_length': 2048,
[36m(FullyAsyncTaskRunner pid=14107)[0m                                    'qat': {'_target_': 'verl.workers.config.QATEngineConfig',
[36m(FullyAsyncTaskRunner pid=14107)[0m                                            'activation_observer': 'static_minmax',
[36m(FullyAsyncTaskRunner pid=14107)[0m                                            'enable': False,
[36m(FullyAsyncTaskRunner pid=14107)[0m                                            'group_size': 16,
[36m(FullyAsyncTaskRunner pid=14107)[0m                                            'ignore_patterns': ['lm_head',
[36m(FullyAsyncTaskRunner pid=14107)[0m                                                                'embed_tokens',
[36m(FullyAsyncTaskRunner pid=14107)[0m                                                                're:.*mlp.gate$'],
[36m(FullyAsyncTaskRunner pid=14107)[0m                                            'mode': 'w4a16',
[36m(FullyAsyncTaskRunner pid=14107)[0m                                            'quantization_config_path': None},
[36m(FullyAsyncTaskRunner pid=14107)[0m                                    'quantization': None,
[36m(FullyAsyncTaskRunner pid=14107)[0m                                    'quantization_config_file': None,
[36m(FullyAsyncTaskRunner pid=14107)[0m                                    'response_length': 8192,
[36m(FullyAsyncTaskRunner pid=14107)[0m                                    'scheduling_policy': 'fcfs',
[36m(FullyAsyncTaskRunner pid=14107)[0m                                    'seed': 42,
[36m(FullyAsyncTaskRunner pid=14107)[0m                                    'skip_tokenizer_init': True,
[36m(FullyAsyncTaskRunner pid=14107)[0m                                    'standalone_gpu_memory_utilization': None,
[36m(FullyAsyncTaskRunner pid=14107)[0m                                    'temperature': 1.0,
[36m(FullyAsyncTaskRunner pid=14107)[0m                                    'tensor_model_parallel_size': 1,
[36m(FullyAsyncTaskRunner pid=14107)[0m                                    'top_k': -1,
[36m(FullyAsyncTaskRunner pid=14107)[0m                                    'top_p': 1.0,
[36m(FullyAsyncTaskRunner pid=14107)[0m                                    'trace': {'_target_': 'verl.workers.config.TraceConfig',
[36m(FullyAsyncTaskRunner pid=14107)[0m                                              'backend': None,
[36m(FullyAsyncTaskRunner pid=14107)[0m                                              'experiment_name': 'r1distill1.5b-dapomath-s8',
[36m(FullyAsyncTaskRunner pid=14107)[0m                                              'max_samples_per_step_per_worker': None,
[36m(FullyAsyncTaskRunner pid=14107)[0m                                              'project_name': 'async-longcot',
[36m(FullyAsyncTaskRunner pid=14107)[0m                                              'token2text': False},
[36m(FullyAsyncTaskRunner pid=14107)[0m                                    'val_kwargs': {'_target_': 'verl.workers.config.SamplingConfig',
[36m(FullyAsyncTaskRunner pid=14107)[0m                                                   'do_sample': False,
[36m(FullyAsyncTaskRunner pid=14107)[0m                                                   'n': 1,
[36m(FullyAsyncTaskRunner pid=14107)[0m                                                   'temperature': 0,
[36m(FullyAsyncTaskRunner pid=14107)[0m                                                   'top_k': -1,
[36m(FullyAsyncTaskRunner pid=14107)[0m                                                   'top_p': 1.0}}},
[36m(FullyAsyncTaskRunner pid=14107)[0m  'algorithm': {'_target_': 'verl.trainer.config.AlgoConfig',
[36m(FullyAsyncTaskRunner pid=14107)[0m                'adv_estimator': 'grpo',
[36m(FullyAsyncTaskRunner pid=14107)[0m                'filter_groups': {'_target_': 'verl.trainer.config.FilterGroupsConfig',
[36m(FullyAsyncTaskRunner pid=14107)[0m                                  'enable': False,
[36m(FullyAsyncTaskRunner pid=14107)[0m                                  'max_inflight_gen_batches': 1,
[36m(FullyAsyncTaskRunner pid=14107)[0m                                  'max_num_gen_batches': 0,
[36m(FullyAsyncTaskRunner pid=14107)[0m                                  'metric': None},
[36m(FullyAsyncTaskRunner pid=14107)[0m                'gamma': 1.0,
[36m(FullyAsyncTaskRunner pid=14107)[0m                'kl_ctrl': {'_target_': 'verl.trainer.config.KLControlConfig',
[36m(FullyAsyncTaskRunner pid=14107)[0m                            'horizon': 10000,
[36m(FullyAsyncTaskRunner pid=14107)[0m                            'kl_coef': 0.0,
[36m(FullyAsyncTaskRunner pid=14107)[0m                            'target_kl': 0.1,
[36m(FullyAsyncTaskRunner pid=14107)[0m                            'type': 'fixed'},
[36m(FullyAsyncTaskRunner pid=14107)[0m                'kl_penalty': 'kl',
[36m(FullyAsyncTaskRunner pid=14107)[0m                'lam': 1.0,
[36m(FullyAsyncTaskRunner pid=14107)[0m                'norm_adv_by_std_in_grpo': True,
[36m(FullyAsyncTaskRunner pid=14107)[0m                'pf_ppo': {'reweight_method': 'pow', 'weight_pow': 2.0},
[36m(FullyAsyncTaskRunner pid=14107)[0m                'rollout_correction': {'bypass_mode': True,
[36m(FullyAsyncTaskRunner pid=14107)[0m                                       'loss_type': 'ppo_clip',
[36m(FullyAsyncTaskRunner pid=14107)[0m                                       'rollout_is': None,
[36m(FullyAsyncTaskRunner pid=14107)[0m                                       'rollout_is_batch_normalize': False,
[36m(FullyAsyncTaskRunner pid=14107)[0m                                       'rollout_is_threshold': 2.0,
[36m(FullyAsyncTaskRunner pid=14107)[0m                                       'rollout_rs': None,
[36m(FullyAsyncTaskRunner pid=14107)[0m                                       'rollout_rs_threshold': None},
[36m(FullyAsyncTaskRunner pid=14107)[0m                'use_kl_in_reward': False,
[36m(FullyAsyncTaskRunner pid=14107)[0m                'use_pf_ppo': False},
[36m(FullyAsyncTaskRunner pid=14107)[0m  'async_training': {'concurrent_samples_per_replica': 16,
[36m(FullyAsyncTaskRunner pid=14107)[0m                     'dynamic_schedule_deactivate_ratio': 0.3,
[36m(FullyAsyncTaskRunner pid=14107)[0m                     'dynamic_schedule_enable_rebalance': True,
[36m(FullyAsyncTaskRunner pid=14107)[0m                     'dynamic_schedule_policy': 'default',
[36m(FullyAsyncTaskRunner pid=14107)[0m                     'partial_rollout': True,
[36m(FullyAsyncTaskRunner pid=14107)[0m                     'require_batches': 1,
[36m(FullyAsyncTaskRunner pid=14107)[0m                     'staleness_threshold': 8,
[36m(FullyAsyncTaskRunner pid=14107)[0m                     'trigger_parameter_sync_step': 1,
[36m(FullyAsyncTaskRunner pid=14107)[0m                     'use_dynamic_resource_scheduling': False,
[36m(FullyAsyncTaskRunner pid=14107)[0m                     'use_trainer_do_validate': False},
[36m(FullyAsyncTaskRunner pid=14107)[0m  'critic': {'_target_': 'verl.workers.config.FSDPCriticConfig',
[36m(FullyAsyncTaskRunner pid=14107)[0m             'checkpoint': {'_target_': 'verl.trainer.config.CheckpointConfig',
[36m(FullyAsyncTaskRunner pid=14107)[0m                            'async_save': False,
[36m(FullyAsyncTaskRunner pid=14107)[0m                            'load_contents': ['model', 'optimizer', 'extra'],
[36m(FullyAsyncTaskRunner pid=14107)[0m                            'save_contents': ['model', 'optimizer', 'extra']},
[36m(FullyAsyncTaskRunner pid=14107)[0m             'cliprange_value': 0.5,
[36m(FullyAsyncTaskRunner pid=14107)[0m             'data_loader_seed': 42,
[36m(FullyAsyncTaskRunner pid=14107)[0m             'enable': None,
[36m(FullyAsyncTaskRunner pid=14107)[0m             'forward_max_token_len_per_gpu': 32768,
[36m(FullyAsyncTaskRunner pid=14107)[0m             'forward_micro_batch_size': None,
[36m(FullyAsyncTaskRunner pid=14107)[0m             'forward_micro_batch_size_per_gpu': None,
[36m(FullyAsyncTaskRunner pid=14107)[0m             'fsdp': {'_target_': 'verl.workers.config.FSDPEngineConfig',
[36m(FullyAsyncTaskRunner pid=14107)[0m                      'dtype': 'bfloat16',
[36m(FullyAsyncTaskRunner pid=14107)[0m                      'entropy_checkpointing': False,
[36m(FullyAsyncTaskRunner pid=14107)[0m                      'entropy_from_logits_chunk_size': 2048,
[36m(FullyAsyncTaskRunner pid=14107)[0m                      'entropy_from_logits_with_chunking': False,
[36m(FullyAsyncTaskRunner pid=14107)[0m                      'forward_only': False,
[36m(FullyAsyncTaskRunner pid=14107)[0m                      'forward_prefetch': False,
[36m(FullyAsyncTaskRunner pid=14107)[0m                      'fsdp_size': -1,
[36m(FullyAsyncTaskRunner pid=14107)[0m                      'full_determinism': False,
[36m(FullyAsyncTaskRunner pid=14107)[0m                      'model_dtype': 'fp32',
[36m(FullyAsyncTaskRunner pid=14107)[0m                      'offload_policy': False,
[36m(FullyAsyncTaskRunner pid=14107)[0m                      'optimizer_offload': False,
[36m(FullyAsyncTaskRunner pid=14107)[0m                      'param_offload': False,
[36m(FullyAsyncTaskRunner pid=14107)[0m                      'qat': {'_target_': 'verl.workers.config.QATEngineConfig',
[36m(FullyAsyncTaskRunner pid=14107)[0m                              'activation_observer': 'static_minmax',
[36m(FullyAsyncTaskRunner pid=14107)[0m                              'enable': False,
[36m(FullyAsyncTaskRunner pid=14107)[0m                              'group_size': 16,
[36m(FullyAsyncTaskRunner pid=14107)[0m                              'ignore_patterns': ['lm_head',
[36m(FullyAsyncTaskRunner pid=14107)[0m                                                  'embed_tokens',
[36m(FullyAsyncTaskRunner pid=14107)[0m                                                  're:.*mlp.gate$'],
[36m(FullyAsyncTaskRunner pid=14107)[0m                              'mode': 'w4a16',
[36m(FullyAsyncTaskRunner pid=14107)[0m                              'quantization_config_path': None},
[36m(FullyAsyncTaskRunner pid=14107)[0m                      'reshard_after_forward': True,
[36m(FullyAsyncTaskRunner pid=14107)[0m                      'seed': 42,
[36m(FullyAsyncTaskRunner pid=14107)[0m                      'strategy': 'fsdp',
[36m(FullyAsyncTaskRunner pid=14107)[0m                      'ulysses_sequence_parallel_size': 1,
[36m(FullyAsyncTaskRunner pid=14107)[0m                      'use_orig_params': False,
[36m(FullyAsyncTaskRunner pid=14107)[0m                      'use_torch_compile': True,
[36m(FullyAsyncTaskRunner pid=14107)[0m                      'wrap_policy': {'min_num_params': 0}},
[36m(FullyAsyncTaskRunner pid=14107)[0m             'grad_clip': 1.0,
[36m(FullyAsyncTaskRunner pid=14107)[0m             'loss_agg_mode': 'token-mean',
[36m(FullyAsyncTaskRunner pid=14107)[0m             'loss_scale_factor': None,
[36m(FullyAsyncTaskRunner pid=14107)[0m             'model': {'_target_': 'verl.workers.config.HFModelConfig',
[36m(FullyAsyncTaskRunner pid=14107)[0m                       'custom_chat_template': None,
[36m(FullyAsyncTaskRunner pid=14107)[0m                       'enable_activation_offload': False,
[36m(FullyAsyncTaskRunner pid=14107)[0m                       'enable_gradient_checkpointing': True,
[36m(FullyAsyncTaskRunner pid=14107)[0m                       'exclude_modules': None,
[36m(FullyAsyncTaskRunner pid=14107)[0m                       'external_lib': None,
[36m(FullyAsyncTaskRunner pid=14107)[0m                       'fused_kernel_options': {'impl_backend': 'torch'},
[36m(FullyAsyncTaskRunner pid=14107)[0m                       'hf_config_path': None,
[36m(FullyAsyncTaskRunner pid=14107)[0m                       'lora': {'a2a_experimental': False,
[36m(FullyAsyncTaskRunner pid=14107)[0m                                'adapter_path': None,
[36m(FullyAsyncTaskRunner pid=14107)[0m                                'alpha': 32,
[36m(FullyAsyncTaskRunner pid=14107)[0m                                'dropout': 0.0,
[36m(FullyAsyncTaskRunner pid=14107)[0m                                'dropout_position': 'pre',
[36m(FullyAsyncTaskRunner pid=14107)[0m                                'dtype': None,
[36m(FullyAsyncTaskRunner pid=14107)[0m                                'exclude_modules': [],
[36m(FullyAsyncTaskRunner pid=14107)[0m                                'freeze_language_model': True,
[36m(FullyAsyncTaskRunner pid=14107)[0m                                'freeze_vision_model': True,
[36m(FullyAsyncTaskRunner pid=14107)[0m                                'freeze_vision_projection': True,
[36m(FullyAsyncTaskRunner pid=14107)[0m                                'lora_A_init_method': 'xavier',
[36m(FullyAsyncTaskRunner pid=14107)[0m                                'lora_B_init_method': 'zero',
[36m(FullyAsyncTaskRunner pid=14107)[0m                                'merge': False,
[36m(FullyAsyncTaskRunner pid=14107)[0m                                'rank': 0,
[36m(FullyAsyncTaskRunner pid=14107)[0m                                'target_modules': ['linear_qkv',
[36m(FullyAsyncTaskRunner pid=14107)[0m                                                   'linear_proj',
[36m(FullyAsyncTaskRunner pid=14107)[0m                                                   'linear_fc1',
[36m(FullyAsyncTaskRunner pid=14107)[0m                                                   'linear_fc2'],
[36m(FullyAsyncTaskRunner pid=14107)[0m                                'type': 'lora'},
[36m(FullyAsyncTaskRunner pid=14107)[0m                       'lora_adapter_path': None,
[36m(FullyAsyncTaskRunner pid=14107)[0m                       'lora_alpha': 16,
[36m(FullyAsyncTaskRunner pid=14107)[0m                       'lora_rank': 0,
[36m(FullyAsyncTaskRunner pid=14107)[0m                       'mtp': {'_target_': 'verl.workers.config.MtpConfig',
[36m(FullyAsyncTaskRunner pid=14107)[0m                               'detach_encoder': False,
[36m(FullyAsyncTaskRunner pid=14107)[0m                               'enable': False,
[36m(FullyAsyncTaskRunner pid=14107)[0m                               'enable_rollout': False,
[36m(FullyAsyncTaskRunner pid=14107)[0m                               'enable_train': False,
[36m(FullyAsyncTaskRunner pid=14107)[0m                               'method': 'mtp',
[36m(FullyAsyncTaskRunner pid=14107)[0m                               'mtp_loss_scaling_factor': 0.1,
[36m(FullyAsyncTaskRunner pid=14107)[0m                               'num_speculative_tokens': 1,
[36m(FullyAsyncTaskRunner pid=14107)[0m                               'speculative_algorithm': 'EAGLE',
[36m(FullyAsyncTaskRunner pid=14107)[0m                               'speculative_eagle_topk': 1,
[36m(FullyAsyncTaskRunner pid=14107)[0m                               'speculative_num_draft_tokens': 4,
[36m(FullyAsyncTaskRunner pid=14107)[0m                               'speculative_num_steps': 3},
[36m(FullyAsyncTaskRunner pid=14107)[0m                       'override_config': {},
[36m(FullyAsyncTaskRunner pid=14107)[0m                       'path': '~/models/deepseek-llm-7b-chat',
[36m(FullyAsyncTaskRunner pid=14107)[0m                       'target_modules': 'all-linear',
[36m(FullyAsyncTaskRunner pid=14107)[0m                       'tiled_mlp': {'enabled': False, 'num_shards': 4},
[36m(FullyAsyncTaskRunner pid=14107)[0m                       'tokenizer_path': None,
[36m(FullyAsyncTaskRunner pid=14107)[0m                       'trust_remote_code': False,
[36m(FullyAsyncTaskRunner pid=14107)[0m                       'use_fused_kernels': False,
[36m(FullyAsyncTaskRunner pid=14107)[0m                       'use_liger': False,
[36m(FullyAsyncTaskRunner pid=14107)[0m                       'use_remove_padding': True,
[36m(FullyAsyncTaskRunner pid=14107)[0m                       'use_shm': False},
[36m(FullyAsyncTaskRunner pid=14107)[0m             'optim': {'_target_': 'verl.workers.config.FSDPOptimizerConfig',
[36m(FullyAsyncTaskRunner pid=14107)[0m                       'betas': [0.9, 0.999],
[36m(FullyAsyncTaskRunner pid=14107)[0m                       'clip_grad': 1.0,
[36m(FullyAsyncTaskRunner pid=14107)[0m                       'lr': 1e-05,
[36m(FullyAsyncTaskRunner pid=14107)[0m                       'lr_scheduler_type': 'constant',
[36m(FullyAsyncTaskRunner pid=14107)[0m                       'lr_warmup_steps': -1,
[36m(FullyAsyncTaskRunner pid=14107)[0m                       'lr_warmup_steps_ratio': 0.0,
[36m(FullyAsyncTaskRunner pid=14107)[0m                       'min_lr_ratio': 0.0,
[36m(FullyAsyncTaskRunner pid=14107)[0m                       'num_cycles': 0.5,
[36m(FullyAsyncTaskRunner pid=14107)[0m                       'optimizer': 'AdamW',
[36m(FullyAsyncTaskRunner pid=14107)[0m                       'optimizer_impl': 'torch.optim',
[36m(FullyAsyncTaskRunner pid=14107)[0m                       'override_optimizer_config': None,
[36m(FullyAsyncTaskRunner pid=14107)[0m                       'total_training_steps': -1,
[36m(FullyAsyncTaskRunner pid=14107)[0m                       'warmup_style': None,
[36m(FullyAsyncTaskRunner pid=14107)[0m                       'weight_decay': 0.01,
[36m(FullyAsyncTaskRunner pid=14107)[0m                       'zero_indexed_step': True},
[36m(FullyAsyncTaskRunner pid=14107)[0m             'ppo_epochs': 1,
[36m(FullyAsyncTaskRunner pid=14107)[0m             'ppo_max_token_len_per_gpu': 32768,
[36m(FullyAsyncTaskRunner pid=14107)[0m             'ppo_micro_batch_size': None,
[36m(FullyAsyncTaskRunner pid=14107)[0m             'ppo_micro_batch_size_per_gpu': None,
[36m(FullyAsyncTaskRunner pid=14107)[0m             'ppo_mini_batch_size': 64,
[36m(FullyAsyncTaskRunner pid=14107)[0m             'profiler': {'_target_': 'verl.utils.profiler.ProfilerConfig',
[36m(FullyAsyncTaskRunner pid=14107)[0m                          'all_ranks': False,
[36m(FullyAsyncTaskRunner pid=14107)[0m                          'enable': False,
[36m(FullyAsyncTaskRunner pid=14107)[0m                          'ranks': [],
[36m(FullyAsyncTaskRunner pid=14107)[0m                          'save_path': 'outputs/profile',
[36m(FullyAsyncTaskRunner pid=14107)[0m                          'tool': None,
[36m(FullyAsyncTaskRunner pid=14107)[0m                          'tool_config': {'npu': {'_target_': 'verl.utils.profiler.config.NPUToolConfig',
[36m(FullyAsyncTaskRunner pid=14107)[0m                                                  'analysis': True,
[36m(FullyAsyncTaskRunner pid=14107)[0m                                                  'contents': [],
[36m(FullyAsyncTaskRunner pid=14107)[0m                                                  'discrete': False,
[36m(FullyAsyncTaskRunner pid=14107)[0m                                                  'level': 'level0'},
[36m(FullyAsyncTaskRunner pid=14107)[0m                                          'nsys': {'_target_': 'verl.utils.profiler.config.NsightToolConfig',
[36m(FullyAsyncTaskRunner pid=14107)[0m                                                   'discrete': False},
[36m(FullyAsyncTaskRunner pid=14107)[0m                                          'precision_debugger': {'_target_': 'verl.utils.profiler.config.PrecisionDebuggerToolConfig',
[36m(FullyAsyncTaskRunner pid=14107)[0m                                                                 'config_path': None,
[36m(FullyAsyncTaskRunner pid=14107)[0m                                                                 'stages': None,
[36m(FullyAsyncTaskRunner pid=14107)[0m                                                                 'steps': None,
[36m(FullyAsyncTaskRunner pid=14107)[0m                                                                 'strict': False},
[36m(FullyAsyncTaskRunner pid=14107)[0m                                          'torch': {'_target_': 'verl.utils.profiler.config.TorchProfilerToolConfig',
[36m(FullyAsyncTaskRunner pid=14107)[0m                                                    'contents': [],
[36m(FullyAsyncTaskRunner pid=14107)[0m                                                    'discrete': False,
[36m(FullyAsyncTaskRunner pid=14107)[0m                                                    'schedule': {'_target_': 'verl.utils.profiler.config.TorchProfilerScheduleConfig',
[36m(FullyAsyncTaskRunner pid=14107)[0m                                                                 'active': 0,
[36m(FullyAsyncTaskRunner pid=14107)[0m                                                                 'repeat': 0,
[36m(FullyAsyncTaskRunner pid=14107)[0m                                                                 'skip_first': 0,
[36m(FullyAsyncTaskRunner pid=14107)[0m                                                                 'wait': 0,
[36m(FullyAsyncTaskRunner pid=14107)[0m                                                                 'warmup': 0}},
[36m(FullyAsyncTaskRunner pid=14107)[0m                                          'torch_memory': {'_target_': 'verl.utils.profiler.config.TorchMemoryToolConfig',
[36m(FullyAsyncTaskRunner pid=14107)[0m                                                           'stack_depth': 32,
[36m(FullyAsyncTaskRunner pid=14107)[0m                                                           'trace_alloc_max_entries': 100000}}},
[36m(FullyAsyncTaskRunner pid=14107)[0m             'rollout_n': 8,
[36m(FullyAsyncTaskRunner pid=14107)[0m             'shuffle': False,
[36m(FullyAsyncTaskRunner pid=14107)[0m             'strategy': 'fsdp',
[36m(FullyAsyncTaskRunner pid=14107)[0m             'ulysses_sequence_parallel_size': 1,
[36m(FullyAsyncTaskRunner pid=14107)[0m             'use_dynamic_bsz': True},
[36m(FullyAsyncTaskRunner pid=14107)[0m  'data': {'apply_chat_template_kwargs': {},
[36m(FullyAsyncTaskRunner pid=14107)[0m           'audio_key': 'audios',
[36m(FullyAsyncTaskRunner pid=14107)[0m           'continuous_token': {'enable': False, 'model_family': 'auto'},
[36m(FullyAsyncTaskRunner pid=14107)[0m           'custom_cls': {'name': None, 'path': None},
[36m(FullyAsyncTaskRunner pid=14107)[0m           'dataloader_num_workers': 8,
[36m(FullyAsyncTaskRunner pid=14107)[0m           'filter_overlong_prompts': False,
[36m(FullyAsyncTaskRunner pid=14107)[0m           'filter_overlong_prompts_workers': 1,
[36m(FullyAsyncTaskRunner pid=14107)[0m           'function_tool_path': None,
[36m(FullyAsyncTaskRunner pid=14107)[0m           'gen_batch_size': 1,
[36m(FullyAsyncTaskRunner pid=14107)[0m           'image_key': 'images',
[36m(FullyAsyncTaskRunner pid=14107)[0m           'image_patch_size': 14,
[36m(FullyAsyncTaskRunner pid=14107)[0m           'max_prompt_length': 2048,
[36m(FullyAsyncTaskRunner pid=14107)[0m           'max_response_length': 8192,
[36m(FullyAsyncTaskRunner pid=14107)[0m           'mm_processor_kwargs': {},
[36m(FullyAsyncTaskRunner pid=14107)[0m           'prompt_key': 'prompt',
[36m(FullyAsyncTaskRunner pid=14107)[0m           'return_full_prompt': False,
[36m(FullyAsyncTaskRunner pid=14107)[0m           'return_multi_modal_inputs': True,
[36m(FullyAsyncTaskRunner pid=14107)[0m           'return_raw_chat': True,
[36m(FullyAsyncTaskRunner pid=14107)[0m           'return_raw_input_ids': False,
[36m(FullyAsyncTaskRunner pid=14107)[0m           'reward_fn_key': 'data_source',
[36m(FullyAsyncTaskRunner pid=14107)[0m           'seed': None,
[36m(FullyAsyncTaskRunner pid=14107)[0m           'shuffle': True,
[36m(FullyAsyncTaskRunner pid=14107)[0m           'tokenizer': None,
[36m(FullyAsyncTaskRunner pid=14107)[0m           'tool_config_path': None,
[36m(FullyAsyncTaskRunner pid=14107)[0m           'train_batch_size': 0,
[36m(FullyAsyncTaskRunner pid=14107)[0m           'train_files': '/workspace/data/dapo_math/train.parquet',
[36m(FullyAsyncTaskRunner pid=14107)[0m           'train_max_samples': -1,
[36m(FullyAsyncTaskRunner pid=14107)[0m           'truncation': 'left',
[36m(FullyAsyncTaskRunner pid=14107)[0m           'trust_remote_code': False,
[36m(FullyAsyncTaskRunner pid=14107)[0m           'use_shm': False,
[36m(FullyAsyncTaskRunner pid=14107)[0m           'val_batch_size': None,
[36m(FullyAsyncTaskRunner pid=14107)[0m           'val_files': '/workspace/data/dapo_math/val.parquet',
[36m(FullyAsyncTaskRunner pid=14107)[0m           'val_max_samples': -1,
[36m(FullyAsyncTaskRunner pid=14107)[0m           'validation_shuffle': False,
[36m(FullyAsyncTaskRunner pid=14107)[0m           'video_key': 'videos'},
[36m(FullyAsyncTaskRunner pid=14107)[0m  'distillation': {'_target_': 'verl.workers.config.DistillationConfig',
[36m(FullyAsyncTaskRunner pid=14107)[0m                   'distillation_loss': {'_target_': 'verl.workers.config.DistillationLossConfig',
[36m(FullyAsyncTaskRunner pid=14107)[0m                                         'clip_ratio': 0.2,
[36m(FullyAsyncTaskRunner pid=14107)[0m                                         'clip_ratio_high': 0.2,
[36m(FullyAsyncTaskRunner pid=14107)[0m                                         'clip_ratio_low': 0.2,
[36m(FullyAsyncTaskRunner pid=14107)[0m                                         'distillation_loss_coef': 1.0,
[36m(FullyAsyncTaskRunner pid=14107)[0m                                         'log_prob_min_clamp': None,
[36m(FullyAsyncTaskRunner pid=14107)[0m                                         'loss_max_clamp': None,
[36m(FullyAsyncTaskRunner pid=14107)[0m                                         'loss_mode': 'k3',
[36m(FullyAsyncTaskRunner pid=14107)[0m                                         'policy_loss_mode': 'vanilla',
[36m(FullyAsyncTaskRunner pid=14107)[0m                                         'topk': 32,
[36m(FullyAsyncTaskRunner pid=14107)[0m                                         'use_policy_gradient': False,
[36m(FullyAsyncTaskRunner pid=14107)[0m                                         'use_task_rewards': True},
[36m(FullyAsyncTaskRunner pid=14107)[0m                   'enabled': False,
[36m(FullyAsyncTaskRunner pid=14107)[0m                   'n_gpus_per_node': 8,
[36m(FullyAsyncTaskRunner pid=14107)[0m                   'nnodes': 0,
[36m(FullyAsyncTaskRunner pid=14107)[0m                   'teacher_key': 'data_source',
[36m(FullyAsyncTaskRunner pid=14107)[0m                   'teacher_models': {'teacher_model': {'_target_': 'verl.workers.config.DistillationTeacherModelConfig',
[36m(FullyAsyncTaskRunner pid=14107)[0m                                                        'inference': {'_target_': 'verl.workers.config.RolloutConfig',
[36m(FullyAsyncTaskRunner pid=14107)[0m                                                                      'cudagraph_capture_sizes': None,
[36m(FullyAsyncTaskRunner pid=14107)[0m                                                                      'data_parallel_size': 1,
[36m(FullyAsyncTaskRunner pid=14107)[0m                                                                      'disable_log_stats': True,
[36m(FullyAsyncTaskRunner pid=14107)[0m                                                                      'dtype': 'bfloat16',
[36m(FullyAsyncTaskRunner pid=14107)[0m                                                                      'enable_chunked_prefill': True,
[36m(FullyAsyncTaskRunner pid=14107)[0m                                                                      'enable_prefix_caching': True,
[36m(FullyAsyncTaskRunner pid=14107)[0m                                                                      'enforce_eager': True,
[36m(FullyAsyncTaskRunner pid=14107)[0m                                                                      'engine_kwargs': {},
[36m(FullyAsyncTaskRunner pid=14107)[0m                                                                      'expert_parallel_size': 1,
[36m(FullyAsyncTaskRunner pid=14107)[0m                                                                      'free_cache_engine': True,
[36m(FullyAsyncTaskRunner pid=14107)[0m                                                                      'gpu_memory_utilization': 0.5,
[36m(FullyAsyncTaskRunner pid=14107)[0m                                                                      'limit_images': None,
[36m(FullyAsyncTaskRunner pid=14107)[0m                                                                      'load_format': 'auto',
[36m(FullyAsyncTaskRunner pid=14107)[0m                                                                      'max_model_len': None,
[36m(FullyAsyncTaskRunner pid=14107)[0m                                                                      'max_num_batched_tokens': 8192,
[36m(FullyAsyncTaskRunner pid=14107)[0m                                                                      'max_num_seqs': 1024,
[36m(FullyAsyncTaskRunner pid=14107)[0m                                                                      'name': 'vllm',
[36m(FullyAsyncTaskRunner pid=14107)[0m                                                                      'prompt_length': 2048,
[36m(FullyAsyncTaskRunner pid=14107)[0m                                                                      'response_length': 8192,
[36m(FullyAsyncTaskRunner pid=14107)[0m                                                                      'skip_tokenizer_init': True,
[36m(FullyAsyncTaskRunner pid=14107)[0m                                                                      'temperature': 1.0,
[36m(FullyAsyncTaskRunner pid=14107)[0m                                                                      'tensor_model_parallel_size': 2},
[36m(FullyAsyncTaskRunner pid=14107)[0m                                                        'key': None,
[36m(FullyAsyncTaskRunner pid=14107)[0m                                                        'model_path': None,
[36m(FullyAsyncTaskRunner pid=14107)[0m                                                        'num_replicas': 0}}},
[36m(FullyAsyncTaskRunner pid=14107)[0m  'global_profiler': {'_target_': 'verl.utils.profiler.ProfilerConfig',
[36m(FullyAsyncTaskRunner pid=14107)[0m                      'global_tool_config': {'nsys': {'_target_': 'verl.utils.profiler.config.NsightToolConfig',
[36m(FullyAsyncTaskRunner pid=14107)[0m                                                      'controller_nsight_options': {'cuda-graph-trace': 'graph',
[36m(FullyAsyncTaskRunner pid=14107)[0m                                                                                    'cuda-memory-usage': 'true',
[36m(FullyAsyncTaskRunner pid=14107)[0m                                                                                    'trace': 'cuda,nvtx,cublas,ucx'},
[36m(FullyAsyncTaskRunner pid=14107)[0m                                                      'discrete': False,
[36m(FullyAsyncTaskRunner pid=14107)[0m                                                      'worker_nsight_options': {'capture-range': 'cudaProfilerApi',
[36m(FullyAsyncTaskRunner pid=14107)[0m                                                                                'capture-range-end': None,
[36m(FullyAsyncTaskRunner pid=14107)[0m                                                                                'cuda-graph-trace': 'graph',
[36m(FullyAsyncTaskRunner pid=14107)[0m                                                                                'cuda-memory-usage': 'true',
[36m(FullyAsyncTaskRunner pid=14107)[0m                                                                                'kill': 'none',
[36m(FullyAsyncTaskRunner pid=14107)[0m                                                                                'trace': 'cuda,nvtx,cublas,ucx'}},
[36m(FullyAsyncTaskRunner pid=14107)[0m                                             'precision_debugger': {'_target_': 'verl.utils.profiler.config.PrecisionDebuggerToolConfig',
[36m(FullyAsyncTaskRunner pid=14107)[0m                                                                    'config_path': None,
[36m(FullyAsyncTaskRunner pid=14107)[0m                                                                    'stages': None,
[36m(FullyAsyncTaskRunner pid=14107)[0m                                                                    'steps': None,
[36m(FullyAsyncTaskRunner pid=14107)[0m                                                                    'strict': False},
[36m(FullyAsyncTaskRunner pid=14107)[0m                                             'torch_memory': {'context': 'all',
[36m(FullyAsyncTaskRunner pid=14107)[0m                                                              'kw_args': {},
[36m(FullyAsyncTaskRunner pid=14107)[0m                                                              'stack_depth': 32,
[36m(FullyAsyncTaskRunner pid=14107)[0m                                                              'stacks': 'all',
[36m(FullyAsyncTaskRunner pid=14107)[0m                                                              'trace_alloc_max_entries': 100000}},
[36m(FullyAsyncTaskRunner pid=14107)[0m                      'profile_continuous_steps': False,
[36m(FullyAsyncTaskRunner pid=14107)[0m                      'save_path': 'outputs/profile',
[36m(FullyAsyncTaskRunner pid=14107)[0m                      'steps': None,
[36m(FullyAsyncTaskRunner pid=14107)[0m                      'tool': None},
[36m(FullyAsyncTaskRunner pid=14107)[0m  'model_engine': 'dp',
[36m(FullyAsyncTaskRunner pid=14107)[0m  'ray_kwargs': {'ray_init': {'num_cpus': None}, 'timeline_json_file': None},
[36m(FullyAsyncTaskRunner pid=14107)[0m  'reward': {'_target_': 'verl.workers.config.RewardConfig',
[36m(FullyAsyncTaskRunner pid=14107)[0m             'custom_reward_function': {'name': 'compute_score', 'path': None},
[36m(FullyAsyncTaskRunner pid=14107)[0m             'num_workers': 8,
[36m(FullyAsyncTaskRunner pid=14107)[0m             'reward_manager': {'_target_': 'verl.workers.config.reward.RewardManagerConfig',
[36m(FullyAsyncTaskRunner pid=14107)[0m                                'module': {'_target_': 'verl.trainer.config.config.ModuleConfig',
[36m(FullyAsyncTaskRunner pid=14107)[0m                                           'name': 'custom_reward_manager',
[36m(FullyAsyncTaskRunner pid=14107)[0m                                           'path': None},
[36m(FullyAsyncTaskRunner pid=14107)[0m                                'name': 'naive',
[36m(FullyAsyncTaskRunner pid=14107)[0m                                'source': 'register'},
[36m(FullyAsyncTaskRunner pid=14107)[0m             'reward_model': {'_target_': 'verl.workers.config.RewardModelConfig',
[36m(FullyAsyncTaskRunner pid=14107)[0m                              'enable': False,
[36m(FullyAsyncTaskRunner pid=14107)[0m                              'enable_resource_pool': False,
[36m(FullyAsyncTaskRunner pid=14107)[0m                              'model_path': None,
[36m(FullyAsyncTaskRunner pid=14107)[0m                              'n_gpus_per_node': 8,
[36m(FullyAsyncTaskRunner pid=14107)[0m                              'nnodes': 0,
[36m(FullyAsyncTaskRunner pid=14107)[0m                              'rollout': {'_target_': 'verl.workers.config.RolloutConfig',
[36m(FullyAsyncTaskRunner pid=14107)[0m                                          'cudagraph_capture_sizes': None,
[36m(FullyAsyncTaskRunner pid=14107)[0m                                          'data_parallel_size': 1,
[36m(FullyAsyncTaskRunner pid=14107)[0m                                          'disable_log_stats': True,
[36m(FullyAsyncTaskRunner pid=14107)[0m                                          'disaggregation': {'bootstrap_port': None,
[36m(FullyAsyncTaskRunner pid=14107)[0m                                                             'decode_replicas': 1,
[36m(FullyAsyncTaskRunner pid=14107)[0m                                                             'decode_tensor_model_parallel_size': None,
[36m(FullyAsyncTaskRunner pid=14107)[0m                                                             'enabled': False,
[36m(FullyAsyncTaskRunner pid=14107)[0m                                                             'ib_device': None,
[36m(FullyAsyncTaskRunner pid=14107)[0m                                                             'prefill_replicas': 1,
[36m(FullyAsyncTaskRunner pid=14107)[0m                                                             'transfer_backend': 'nixl'},
[36m(FullyAsyncTaskRunner pid=14107)[0m                                          'do_sample': True,
[36m(FullyAsyncTaskRunner pid=14107)[0m                                          'dtype': 'bfloat16',
[36m(FullyAsyncTaskRunner pid=14107)[0m                                          'enable_chunked_prefill': True,
[36m(FullyAsyncTaskRunner pid=14107)[0m                                          'enable_prefix_caching': True,
[36m(FullyAsyncTaskRunner pid=14107)[0m                                          'enforce_eager': True,
[36m(FullyAsyncTaskRunner pid=14107)[0m                                          'engine_kwargs': {},
[36m(FullyAsyncTaskRunner pid=14107)[0m                                          'expert_parallel_size': 1,
[36m(FullyAsyncTaskRunner pid=14107)[0m                                          'free_cache_engine': True,
[36m(FullyAsyncTaskRunner pid=14107)[0m                                          'full_determinism': False,
[36m(FullyAsyncTaskRunner pid=14107)[0m                                          'gpu_memory_utilization': 0.5,
[36m(FullyAsyncTaskRunner pid=14107)[0m                                          'ignore_eos': False,
[36m(FullyAsyncTaskRunner pid=14107)[0m                                          'layered_summon': False,
[36m(FullyAsyncTaskRunner pid=14107)[0m                                          'limit_images': None,
[36m(FullyAsyncTaskRunner pid=14107)[0m                                          'load_format': 'auto',
[36m(FullyAsyncTaskRunner pid=14107)[0m                                          'max_model_len': None,
[36m(FullyAsyncTaskRunner pid=14107)[0m                                          'max_num_batched_tokens': 8192,
[36m(FullyAsyncTaskRunner pid=14107)[0m                                          'max_num_seqs': 1024,
[36m(FullyAsyncTaskRunner pid=14107)[0m                                          'mtp': None,
[36m(FullyAsyncTaskRunner pid=14107)[0m                                          'multi_stage_wake_up': False,
[36m(FullyAsyncTaskRunner pid=14107)[0m                                          'n': 1,
[36m(FullyAsyncTaskRunner pid=14107)[0m                                          'name': '???',
[36m(FullyAsyncTaskRunner pid=14107)[0m                                          'pipeline_model_parallel_size': 1,
[36m(FullyAsyncTaskRunner pid=14107)[0m                                          'prompt_length': 2048,
[36m(FullyAsyncTaskRunner pid=14107)[0m                                          'quantization': None,
[36m(FullyAsyncTaskRunner pid=14107)[0m                                          'quantization_config_file': None,
[36m(FullyAsyncTaskRunner pid=14107)[0m                                          'response_length': 2048,
[36m(FullyAsyncTaskRunner pid=14107)[0m                                          'scheduling_policy': 'fcfs',
[36m(FullyAsyncTaskRunner pid=14107)[0m                                          'seed': 42,
[36m(FullyAsyncTaskRunner pid=14107)[0m                                          'skip_tokenizer_init': False,
[36m(FullyAsyncTaskRunner pid=14107)[0m                                          'temperature': 1.0,
[36m(FullyAsyncTaskRunner pid=14107)[0m                                          'tensor_model_parallel_size': 2,
[36m(FullyAsyncTaskRunner pid=14107)[0m                                          'top_k': -1,
[36m(FullyAsyncTaskRunner pid=14107)[0m                                          'top_p': 1}},
[36m(FullyAsyncTaskRunner pid=14107)[0m             'sandbox_fusion': {'_target_': 'verl.workers.config.SandboxFusionConfig',
[36m(FullyAsyncTaskRunner pid=14107)[0m                                'max_concurrent': 64,
[36m(FullyAsyncTaskRunner pid=14107)[0m                                'memory_limit_mb': 1024,
[36m(FullyAsyncTaskRunner pid=14107)[0m                                'url': None}},
[36m(FullyAsyncTaskRunner pid=14107)[0m  'rollout': {'n': 4,
[36m(FullyAsyncTaskRunner pid=14107)[0m              'n_gpus_per_node': 1,
[36m(FullyAsyncTaskRunner pid=14107)[0m              'nnodes': 1,
[36m(FullyAsyncTaskRunner pid=14107)[0m              'total_rollout_steps': 65536},
[36m(FullyAsyncTaskRunner pid=14107)[0m  'skip': {'_target_': 'verl.utils.skip.SkipManagerConfig',
[36m(FullyAsyncTaskRunner pid=14107)[0m           'async_rollout': {'action': 'cache',
[36m(FullyAsyncTaskRunner pid=14107)[0m                             'dump_dir': '~/.verl/rollout_dump',
[36m(FullyAsyncTaskRunner pid=14107)[0m                             'enable': False,
[36m(FullyAsyncTaskRunner pid=14107)[0m                             'steps': []},
[36m(FullyAsyncTaskRunner pid=14107)[0m           'rollout': {'action': 'cache',
[36m(FullyAsyncTaskRunner pid=14107)[0m                       'dump_dir': '~/.verl/rollout_dump',
[36m(FullyAsyncTaskRunner pid=14107)[0m                       'enable': False,
[36m(FullyAsyncTaskRunner pid=14107)[0m                       'steps': []},
[36m(FullyAsyncTaskRunner pid=14107)[0m           'rollout_tq': {'action': 'cache',
[36m(FullyAsyncTaskRunner pid=14107)[0m                          'dump_dir': '~/.verl/rollout_dump',
[36m(FullyAsyncTaskRunner pid=14107)[0m                          'enable': False,
[36m(FullyAsyncTaskRunner pid=14107)[0m                          'steps': []}},
[36m(FullyAsyncTaskRunner pid=14107)[0m  'trainer': {'balance_batch': True,
[36m(FullyAsyncTaskRunner pid=14107)[0m              'critic_warmup': 0,
[36m(FullyAsyncTaskRunner pid=14107)[0m              'default_hdfs_dir': None,
[36m(FullyAsyncTaskRunner pid=14107)[0m              'default_local_dir': '/workspace/results/ckpts',
[36m(FullyAsyncTaskRunner pid=14107)[0m              'del_local_ckpt_after_load': False,
[36m(FullyAsyncTaskRunner pid=14107)[0m              'device': 'cuda',
[36m(FullyAsyncTaskRunner pid=14107)[0m              'esi_redundant_time': 0,
[36m(FullyAsyncTaskRunner pid=14107)[0m              'experiment_name': 'r1distill1.5b-dapomath-s8',
[36m(FullyAsyncTaskRunner pid=14107)[0m              'log_val_generations': 0,
[36m(FullyAsyncTaskRunner pid=14107)[0m              'logger': ['console'],
[36m(FullyAsyncTaskRunner pid=14107)[0m              'max_actor_ckpt_to_keep': None,
[36m(FullyAsyncTaskRunner pid=14107)[0m              'max_critic_ckpt_to_keep': None,
[36m(FullyAsyncTaskRunner pid=14107)[0m              'n_gpus_per_node': 1,
[36m(FullyAsyncTaskRunner pid=14107)[0m              'nnodes': 1,
[36m(FullyAsyncTaskRunner pid=14107)[0m              'project_name': 'async-longcot',
[36m(FullyAsyncTaskRunner pid=14107)[0m              'ray_wait_register_center_timeout': 300,
[36m(FullyAsyncTaskRunner pid=14107)[0m              'resume_from_path': None,
[36m(FullyAsyncTaskRunner pid=14107)[0m              'resume_mode': 'disable',
[36m(FullyAsyncTaskRunner pid=14107)[0m              'rollout_data_dir': None,
[36m(FullyAsyncTaskRunner pid=14107)[0m              'save_freq': -1,
[36m(FullyAsyncTaskRunner pid=14107)[0m              'test_freq': -1,
[36m(FullyAsyncTaskRunner pid=14107)[0m              'total_epochs': 10,
[36m(FullyAsyncTaskRunner pid=14107)[0m              'total_training_steps': None,
[36m(FullyAsyncTaskRunner pid=14107)[0m              'use_v1': True,
[36m(FullyAsyncTaskRunner pid=14107)[0m              'v1': {'colocate_async': {'num_warmup_batches': 1},
[36m(FullyAsyncTaskRunner pid=14107)[0m                     'sampler': {'custom_sampler': {'name': None, 'path': None},
[36m(FullyAsyncTaskRunner pid=14107)[0m                                 'max_off_policy_strategy': 'drop',
[36m(FullyAsyncTaskRunner pid=14107)[0m                                 'max_off_policy_threshold': 8,
[36m(FullyAsyncTaskRunner pid=14107)[0m                                 'sampler_kwargs': {},
[36m(FullyAsyncTaskRunner pid=14107)[0m                                 'sync_refill_failed_groups': False},
[36m(FullyAsyncTaskRunner pid=14107)[0m                     'separate_async': {'num_warmup_batches': 1,
[36m(FullyAsyncTaskRunner pid=14107)[0m                                        'parameter_sync_step': 4},
[36m(FullyAsyncTaskRunner pid=14107)[0m                     'sync': {},
[36m(FullyAsyncTaskRunner pid=14107)[0m                     'trainer_mode': 'sync'},
[36m(FullyAsyncTaskRunner pid=14107)[0m              'val_before_train': False,
[36m(FullyAsyncTaskRunner pid=14107)[0m              'val_only': False,
[36m(FullyAsyncTaskRunner pid=14107)[0m              'validation_data_dir': None},
[36m(FullyAsyncTaskRunner pid=14107)[0m  'transfer_queue': {'backend': {'MooncakeStore': {'auto_init': False,
[36m(FullyAsyncTaskRunner pid=14107)[0m                                                   'device_name': '',
[36m(FullyAsyncTaskRunner pid=14107)[0m                                                   'global_segment_size': 4294967296,
[36m(FullyAsyncTaskRunner pid=14107)[0m                                                   'local_buffer_size': 1073741824,
[36m(FullyAsyncTaskRunner pid=14107)[0m                                                   'local_hostname': 'localhost',
[36m(FullyAsyncTaskRunner pid=14107)[0m                                                   'master_server_address': 'localhost:50124',
[36m(FullyAsyncTaskRunner pid=14107)[0m                                                   'metadata_server': 'localhost:50123',
[36m(FullyAsyncTaskRunner pid=14107)[0m                                                   'protocol': 'tcp'},
[36m(FullyAsyncTaskRunner pid=14107)[0m                                 'SimpleStorage': {'num_data_storage_units': 8,
[36m(FullyAsyncTaskRunner pid=14107)[0m                                                   'total_storage_size': 100000},
[36m(FullyAsyncTaskRunner pid=14107)[0m                                 'storage_backend': 'SimpleStorage'},
[36m(FullyAsyncTaskRunner pid=14107)[0m                     'enable': False,
[36m(FullyAsyncTaskRunner pid=14107)[0m                     'metrics': {'enabled': False, 'port': 0}}}
[36m(FullyAsyncTaskRunner pid=14107)[0m [ASYNC MAIN] Initializing model and tokenizer...
[36m(FullyAsyncTaskRunner pid=14107)[0m [ASYNC MAIN] Creating worker mapping and resource pools...
[36m(FullyAsyncTaskRunner pid=14107)[0m [ASYNC MAIN] Creating FullyAsyncTrainer first (needed for hybrid worker group injection)...
[36m(FullyAsyncTaskRunner pid=14107)[0m [ASYNC MAIN] Starting create trainer...
[36m(pid=15034)[0m WARNING:2026-07-25 23:53:38,182:Platform 'nvidia' (PlatformCUDA) is registered but not available. This may be due to this ray actor being a CPU-only actor.
[36m(pid=15034)[0m W0725 23:53:39.106000 15034 torch/utils/cpp_extension.py:140] No CUDA runtime is found, using CUDA_HOME='/usr/local/cuda'
[36m(FullyAsyncTrainer pid=15034)[0m colocated worker base class <class 'verl.single_controller.base.worker.Worker'>
[36m(FullyAsyncTrainer pid=15034)[0m /workspace/verl-src/verl/experimental/fully_async_policy/fully_async_trainer.py:92: UserWarning: Disabled critic as algorithm.adv_estimator != gae. If it is not intended, please set critic.enable=True
[36m(FullyAsyncTrainer pid=15034)[0m   self.use_critic = need_critic(self.config)
[36m(FullyAsyncTrainer pid=15034)[0m Using blocking ray.get inside async actor. This blocks the event loop. Please use `await` on object ref with asyncio.gather if you want to yield execution to the event loop instead.
[36m(WorkerDict pid=16209)[0m Flash Attention 2 only supports torch.float16 and torch.bfloat16 dtypes, but the current dype in Qwen2ForCausalLM is torch.float32. You should run training or inference using Automatic Mixed-Precision via the `with torch.autocast(device_type='torch_device'):` decorator, or load the model with the `dtype` argument. Example: `model = AutoModel.from_pretrained("openai/whisper-tiny", attn_implementation="flash_attention_2", dtype=torch.float16)`
[36m(WorkerDict pid=16209)[0m Flash Attention 2 only supports torch.float16 and torch.bfloat16 dtypes, but the current dype in Qwen2Model is torch.float32. You should run training or inference using Automatic Mixed-Precision via the `with torch.autocast(device_type='torch_device'):` decorator, or load the model with the `dtype` argument. Example: `model = AutoModel.from_pretrained("openai/whisper-tiny", attn_implementation="flash_attention_2", dtype=torch.float16)`
[36m(WorkerDict pid=16209)[0m Loading weights:   0%|          | 0/339 [00:00<?, ?it/s]
[36m(WorkerDict pid=16209)[0m Loading weights:   0%|          | 1/339 [00:00<02:09,  2.61it/s]
[36m(WorkerDict pid=16209)[0m Loading weights:  47%|████▋     | 160/339 [00:00<00:00, 423.10it/s]
[36m(WorkerDict pid=16209)[0m Loading weights:  73%|███████▎  | 246/339 [00:00<00:00, 458.08it/s]
[36m(WorkerDict pid=16209)[0m Loading weights:  93%|█████████▎| 316/339 [00:00<00:00, 486.55it/s]Loading weights: 100%|██████████| 339/339 [00:00<00:00, 415.98it/s]
[36m(WorkerDict pid=16209)[0m Monkey patch state_dict in AutoModelForCausalLMWithValueHead. 
[36m(WorkerDict pid=16209)[0m Monkey patch _flash_attention_forward in transformers.integrations.flash_attention
[36m(WorkerDict pid=16209)[0m Skipping monkey patch for Qwen2ForCausalLM as use_fused_kernels is False or fused_kernels_backend is torch
[36m(WorkerDict pid=16209)[0m Qwen2ForCausalLM contains 1.78B parameters
[36m(WorkerDict pid=16209)[0m Before FSDP, memory allocated (GB): 0.00, memory reserved (GB): 0.00, device memory used/total (GB): 0.51/79.18
[36m(WorkerDict pid=16209)[0m NCCL version 2.28.9+cuda13.0
[36m(WorkerDict pid=16209)[0m /usr/local/lib/python3.12/dist-packages/torch/distributed/fsdp/fully_sharded_data_parallel.py:478: UserWarning: FSDP is switching to use `NO_SHARD` instead of ShardingStrategy.FULL_SHARD since the world size is 1.
[36m(WorkerDict pid=16209)[0m   _init_core_state(
[36m(WorkerDict pid=16209)[0m After FSDP, memory allocated (GB): 6.62, memory reserved (GB): 10.35, device memory used/total (GB): 11.50/79.18
[36m(WorkerDict pid=16209)[0m Total steps: -1, num_warmup_steps: 0
[36m(WorkerDict pid=16209)[0m /workspace/verl-src/verl/workers/engine/fsdp/transformer_impl.py:459: FutureWarning: FSDP.state_dict_type() and FSDP.set_state_dict_type() are being deprecated. Please use APIs, get_state_dict() and set_state_dict(), which can support different parallelisms, FSDP1, FSDP2, DDP. API doc: https://pytorch.org/docs/stable/distributed.checkpoint.html#torch.distributed.checkpoint.state_dict.get_state_dict .Tutorial: https://pytorch.org/tutorials/recipes/distributed_checkpoint_recipe.html .
[36m(WorkerDict pid=16209)[0m   FSDP.set_state_dict_type(
[36m(FullyAsyncTaskRunner pid=14107)[0m [ASYNC MAIN] FullyAsyncTrainer created and initialized successfully
[36m(FullyAsyncTaskRunner pid=14107)[0m [ASYNC MAIN] Injecting trainer's worker group into rollouter for hybrid replicas...
[36m(FullyAsyncTaskRunner pid=14107)[0m [ASYNC MAIN] Neither use_trainer_do_validate nor use_dynamic_resource_scheduling enabled, skipping hybrid worker group setup
[36m(FullyAsyncTaskRunner pid=14107)[0m [ASYNC MAIN] Creating FullyAsyncRollouter...
[36m(FullyAsyncTaskRunner pid=14107)[0m [ASYNC MAIN] Starting create rollouter...
[36m(pid=17033)[0m WARNING:2026-07-25 23:54:03,683:Platform 'nvidia' (PlatformCUDA) is registered but not available. This may be due to this ray actor being a CPU-only actor.
[36m(pid=17033)[0m W0725 23:54:04.613000 17033 torch/utils/cpp_extension.py:140] No CUDA runtime is found, using CUDA_HOME='/usr/local/cuda'
[36m(FullyAsyncRollouter pid=17033)[0m [FullyAsyncRollouter] Creating datasets...
[36m(FullyAsyncRollouter pid=17033)[0m Using dataset class: RLHFDataset
[36m(FullyAsyncRollouter pid=17033)[0m Generating train split: 0 examples [00:00, ? examples/s]Generating train split: 512 examples [00:00, 112966.00 examples/s]
[36m(FullyAsyncRollouter pid=17033)[0m dataset len: 512
[36m(FullyAsyncRollouter pid=17033)[0m Using dataset class: RLHFDataset
[36m(FullyAsyncRollouter pid=17033)[0m Generating train split: 0 examples [00:00, ? examples/s]Generating train split: 64 examples [00:00, 24804.61 examples/s]
[36m(FullyAsyncRollouter pid=17033)[0m dataset len: 64
[36m(FullyAsyncRollouter pid=17033)[0m Size of train dataloader: 512, Size of val dataloader: 1
[36m(FullyAsyncRollouter pid=17033)[0m Total training steps: 5120
[36m(FullyAsyncRollouter pid=17033)[0m [FullyAsyncRollouter] Total rollout steps: 5120
[36m(FullyAsyncRollouter pid=17033)[0m WARNING 07-25 23:54:10 [nixl_utils.py:34] NIXL is not available
[36m(FullyAsyncRollouter pid=17033)[0m WARNING 07-25 23:54:10 [nixl_utils.py:44] NIXL agent config is not available
[36m(FullyAsyncRollouter pid=17033)[0m Using blocking ray.get inside async actor. This blocks the event loop. Please use `await` on object ref with asyncio.gather if you want to yield execution to the event loop instead.
[36m(CheckpointEngineWorker pid=18479)[0m WARNING 07-25 23:54:19 [nixl_utils.py:34] NIXL is not available
[36m(CheckpointEngineWorker pid=18479)[0m WARNING 07-25 23:54:19 [nixl_utils.py:44] NIXL agent config is not available
[36m(pid=19207)[0m WARNING 07-25 23:54:29 [nixl_utils.py:34] NIXL is not available
[36m(pid=19207)[0m WARNING 07-25 23:54:29 [nixl_utils.py:44] NIXL agent config is not available
[36m(vLLMHttpServer pid=19207)[0m ['serve',
[36m(vLLMHttpServer pid=19207)[0m  '/workspace/models/DeepSeek-R1-Distill-Qwen-1.5B',
[36m(vLLMHttpServer pid=19207)[0m  '--dtype',
[36m(vLLMHttpServer pid=19207)[0m  'bfloat16',
[36m(vLLMHttpServer pid=19207)[0m  '--load_format',
[36m(vLLMHttpServer pid=19207)[0m  'auto',
[36m(vLLMHttpServer pid=19207)[0m  '--distributed_executor_backend',
[36m(vLLMHttpServer pid=19207)[0m  'mp',
[36m(vLLMHttpServer pid=19207)[0m  '--worker_extension_cls',
[36m(vLLMHttpServer pid=19207)[0m  'verl.workers.rollout.vllm_rollout.utils.vLLMColocateWorkerExtension',
[36m(vLLMHttpServer pid=19207)[0m  '--max_model_len',
[36m(vLLMHttpServer pid=19207)[0m  '131072',
[36m(vLLMHttpServer pid=19207)[0m  '--max_num_seqs',
[36m(vLLMHttpServer pid=19207)[0m  '1024',
[36m(vLLMHttpServer pid=19207)[0m  '--enable_chunked_prefill',
[36m(vLLMHttpServer pid=19207)[0m  '--max_num_batched_tokens',
[36m(vLLMHttpServer pid=19207)[0m  '8192',
[36m(vLLMHttpServer pid=19207)[0m  '--enable_prefix_caching',
[36m(vLLMHttpServer pid=19207)[0m  '--enable_sleep_mode',
[36m(vLLMHttpServer pid=19207)[0m  '--logprobs_mode',
[36m(vLLMHttpServer pid=19207)[0m  'processed_logprobs',
[36m(vLLMHttpServer pid=19207)[0m  '--gpu_memory_utilization',
[36m(vLLMHttpServer pid=19207)[0m  '0.8',
[36m(vLLMHttpServer pid=19207)[0m  '--disable_log_stats',
[36m(vLLMHttpServer pid=19207)[0m  '--tensor_parallel_size',
[36m(vLLMHttpServer pid=19207)[0m  '1',
[36m(vLLMHttpServer pid=19207)[0m  '--seed',
[36m(vLLMHttpServer pid=19207)[0m  '42',
[36m(vLLMHttpServer pid=19207)[0m  '--override_generation_config',
[36m(vLLMHttpServer pid=19207)[0m  '{"temperature": 1.0, "top_k": -1, "top_p": 1.0, "repetition_penalty": 1.0, '
[36m(vLLMHttpServer pid=19207)[0m  '"max_new_tokens": 8192}',
[36m(vLLMHttpServer pid=19207)[0m  '--hf_overrides',
[36m(vLLMHttpServer pid=19207)[0m  '{}',
[36m(vLLMHttpServer pid=19207)[0m  '--scheduling_policy',
[36m(vLLMHttpServer pid=19207)[0m  'fcfs',
[36m(vLLMHttpServer pid=19207)[0m  '--compilation_config',
[36m(vLLMHttpServer pid=19207)[0m  '{"cudagraph_mode": "FULL_AND_PIECEWISE"}',
[36m(vLLMHttpServer pid=19207)[0m  '--mm_processor_cache_gb',
[36m(vLLMHttpServer pid=19207)[0m  '0']
[36m(vLLMHttpServer pid=19207)[0m WARNING 07-25 23:54:31 [envs.py:1830] Unknown vLLM environment variable detected: VLLM_USE_V1
[36m(vLLMHttpServer pid=19207)[0m WARNING 07-25 23:54:39 [system_utils.py:157] We must use the `spawn` multiprocessing start method. Overriding VLLM_WORKER_MULTIPROC_METHOD to 'spawn'. See https://docs.vllm.ai/en/latest/usage/troubleshooting.html#python-multiprocessing for more information. Reasons: In a Ray actor and can only be spawned; CUDA is initialized
[36m(vLLMHttpServer pid=19207)[0m WARNING 07-25 23:54:50 [nixl_utils.py:34] NIXL is not available
[36m(vLLMHttpServer pid=19207)[0m WARNING 07-25 23:54:50 [nixl_utils.py:44] NIXL agent config is not available
[36m(vLLMHttpServer pid=19207)[0m (Worker pid=20572) Loading safetensors checkpoint shards:   0% Completed | 0/1 [00:00<?, ?it/s]
[36m(vLLMHttpServer pid=19207)[0m (Worker pid=20572) Loading safetensors checkpoint shards: 100% Completed | 1/1 [00:00<00:00,  1.75it/s]
[36m(vLLMHttpServer pid=19207)[0m (Worker pid=20572) Loading safetensors checkpoint shards: 100% Completed | 1/1 [00:00<00:00,  1.75it/s]
[36m(vLLMHttpServer pid=19207)[0m (Worker pid=20572) 
[36m(vLLMHttpServer pid=19207)[0m (Worker pid=20572) 2026-07-25 23:55:16,420 - INFO - autotuner.py:457 - flashinfer.jit: [Autotuner]: Autotuning process starts ...
[36m(vLLMHttpServer pid=19207)[0m (Worker pid=20572) 2026-07-25 23:55:16,430 - INFO - autotuner.py:466 - flashinfer.jit: [Autotuner]: Autotuning process ends
[36m(vLLMHttpServer pid=19207)[0m (Worker pid=20572) Capturing CUDA graphs (mixed prefill-decode, PIECEWISE):   0%|          | 0/51 [00:00<?, ?it/s]
[36m(vLLMHttpServer pid=19207)[0m Capturing CUDA graphs (mixed prefill-decode, PIECEWISE):   8%|▊         | 4/51 [00:00<00:01, 37.78it/s]
[36m(vLLMHttpServer pid=19207)[0m Capturing CUDA graphs (mixed prefill-decode, PIECEWISE):  16%|█▌        | 8/51 [00:00<00:01, 34.21it/s]
[36m(vLLMHttpServer pid=19207)[0m Capturing CUDA graphs (mixed prefill-decode, PIECEWISE):  24%|██▎       | 12/51 [00:00<00:01, 33.14it/s]
[36m(vLLMHttpServer pid=19207)[0m Capturing CUDA graphs (mixed prefill-decode, PIECEWISE):  31%|███▏      | 16/51 [00:00<00:01, 32.79it/s]
[36m(vLLMHttpServer pid=19207)[0m Capturing CUDA graphs (mixed prefill-decode, PIECEWISE):  39%|███▉      | 20/51 [00:00<00:00, 32.85it/s]
[36m(vLLMHttpServer pid=19207)[0m Capturing CUDA graphs (mixed prefill-decode, PIECEWISE):  47%|████▋     | 24/51 [00:00<00:00, 31.30it/s]
[36m(vLLMHttpServer pid=19207)[0m Capturing CUDA graphs (mixed prefill-decode, PIECEWISE):  55%|█████▍    | 28/51 [00:00<00:00, 31.38it/s]
[36m(vLLMHttpServer pid=19207)[0m Capturing CUDA graphs (mixed prefill-decode, PIECEWISE):  63%|██████▎   | 32/51 [00:01<00:00, 30.92it/s]
[36m(vLLMHttpServer pid=19207)[0m Capturing CUDA graphs (mixed prefill-decode, PIECEWISE):  71%|███████   | 36/51 [00:01<00:00, 30.90it/s]
[36m(vLLMHttpServer pid=19207)[0m Capturing CUDA graphs (mixed prefill-decode, PIECEWISE):  78%|███████▊  | 40/51 [00:01<00:00, 30.06it/s]
[36m(vLLMHttpServer pid=19207)[0m Capturing CUDA graphs (mixed prefill-decode, PIECEWISE):  86%|████████▋ | 44/51 [00:01<00:00, 28.95it/s]
[36m(vLLMHttpServer pid=19207)[0m Capturing CUDA graphs (mixed prefill-decode, PIECEWISE):  92%|█████████▏| 47/51 [00:01<00:00, 28.57it/s]
[36m(vLLMHttpServer pid=19207)[0m Capturing CUDA graphs (mixed prefill-decode, PIECEWISE): 100%|██████████| 51/51 [00:01<00:00, 29.24it/s]Capturing CUDA graphs (mixed prefill-decode, PIECEWISE): 100%|██████████| 51/51 [00:01<00:00, 30.71it/s]
[36m(vLLMHttpServer pid=19207)[0m (Worker pid=20572) Capturing CUDA graphs (decode, FULL):   0%|          | 0/51 [00:00<?, ?it/s]
[36m(vLLMHttpServer pid=19207)[0m Capturing CUDA graphs (decode, FULL):  10%|▉         | 5/51 [00:00<00:00, 47.37it/s]
[36m(vLLMHttpServer pid=19207)[0m Capturing CUDA graphs (decode, FULL):  20%|█▉        | 10/51 [00:00<00:00, 48.24it/s]
[36m(vLLMHttpServer pid=19207)[0m Capturing CUDA graphs (decode, FULL):  29%|██▉       | 15/51 [00:00<00:00, 48.88it/s]
[36m(vLLMHttpServer pid=19207)[0m Capturing CUDA graphs (decode, FULL):  39%|███▉      | 20/51 [00:00<00:00, 48.42it/s]
[36m(vLLMHttpServer pid=19207)[0m Capturing CUDA graphs (decode, FULL):  49%|████▉     | 25/51 [00:00<00:00, 48.61it/s]
[36m(vLLMHttpServer pid=19207)[0m Capturing CUDA graphs (decode, FULL):  59%|█████▉    | 30/51 [00:00<00:00, 48.68it/s]
[36m(vLLMHttpServer pid=19207)[0m Capturing CUDA graphs (decode, FULL):  69%|██████▊   | 35/51 [00:00<00:00, 48.80it/s]
[36m(vLLMHttpServer pid=19207)[0m Capturing CUDA graphs (decode, FULL):  80%|████████  | 41/51 [00:00<00:00, 49.27it/s]
[36m(vLLMHttpServer pid=19207)[0m Capturing CUDA graphs (decode, FULL):  90%|█████████ | 46/51 [00:00<00:00, 49.29it/s]
[36m(vLLMHttpServer pid=19207)[0m Capturing CUDA graphs (decode, FULL): 100%|██████████| 51/51 [00:01<00:00, 49.45it/s]Capturing CUDA graphs (decode, FULL): 100%|██████████| 51/51 [00:01<00:00, 48.98it/s]
[36m(vLLMHttpServer pid=19207)[0m (EngineCore pid=20179) WARNING 07-25 23:55:22 [nixl_utils.py:34] NIXL is not available
[36m(vLLMHttpServer pid=19207)[0m (EngineCore pid=20179) WARNING 07-25 23:55:22 [nixl_utils.py:44] NIXL agent config is not available
[36m(vLLMHttpServer pid=19207)[0m WARNING 07-25 23:55:22 [api_router.py:30] LoRA dynamic loading & unloading is enabled in the API server. This should ONLY be used for local development!
[36m(vLLMHttpServer pid=19207)[0m WARNING 07-25 23:55:22 [model.py:1437] Default vLLM sampling parameters have been overridden by the model's `generation_config.json`: `{'repetition_penalty': 1.0, 'temperature': 1.0, 'top_k': -1, 'top_p': 1.0, 'max_tokens': 8192}`. If this is not intended, please relaunch vLLM instance with `--generation-config vllm`.
[36m(FullyAsyncRollouter pid=17033)[0m LLMServerManager: ['10.108.6.7:42357']
[36m(FullyAsyncRollouter pid=17033)[0m [FullyAsyncLLMServerManager] Created: 1 standalone replicas (rank 0+), 0 hybrid replicas registered (sleeping, rank 0--1)
[36m(FullyAsyncTaskRunner pid=14107)[0m [ASYNC MAIN] Rollouter created and initialized successfully
[36m(FullyAsyncTaskRunner pid=14107)[0m [ASYNC MAIN] Setting up rollouter reference on trainer
[36m(FullyAsyncRollouter pid=17033)[0m [FullyAsyncRollouter] required_samples : 64 max_required_samples: 576 max_queue_size: 576 total_train_steps: 80 total_rollout_steps: 5120 max_concurrent_samples: 16 
[36m(FullyAsyncTrainer pid=15034)[0m WARNING 07-25 23:55:26 [nixl_utils.py:34] NIXL is not available
[36m(FullyAsyncTrainer pid=15034)[0m WARNING 07-25 23:55:26 [nixl_utils.py:44] NIXL agent config is not available
[36m(FullyAsyncTaskRunner pid=14107)[0m total_train_steps 80
[36m(FullyAsyncTaskRunner pid=14107)[0m [ASYNC MAIN] Creating MessageQueue... max_queue_size 576
[36m(FullyAsyncTrainer pid=15034)[0m [FullyAsyncTrainer] Checkpoint manager initialized (backend=nccl)
[36m(FullyAsyncTrainer pid=15034)[0m Training Progress:   0%|          | 0/80 [00:00<?, ?it/s]
[36m(FullyAsyncTaskRunner pid=14107)[0m [ASYNC MAIN] Param sync before fit..
[36m(FullyAsyncRollouter pid=17033)[0m [FullyAsyncRollouter] Resume mode is disabled, starting from scratch
[33m(raylet)[0m It looks like you're creating a detached actor in an anonymous namespace. In order to access this actor in the future, you will need to explicitly connect to this namespace with ray.init(namespace="f6d86051-0515-47db-8f34-82cd74290ce9", ...)
[36m(WorkerDict pid=16209)[0m Using blocking ray.get inside async actor. This blocks the event loop. Please use `await` on object ref with asyncio.gather if you want to yield execution to the event loop instead.
[36m(MessageQueue pid=23825)[0m [MessageQueue] initialized with max_queue_size=576
[36m(WorkerDict pid=16209)[0m /usr/local/lib/python3.12/dist-packages/torch/utils/_contextlib.py:124: UserWarning: When using ``NO_SHARD`` for ``ShardingStrategy``, full_state_dict will be returned.
[36m(WorkerDict pid=16209)[0m   return func(*args, **kwargs)
[36m(FullyAsyncTaskRunner pid=14107)[0m [ASYNC MAIN] All components initialized successfully
[36m(FullyAsyncTaskRunner pid=14107)[0m [ASYNC MAIN] Starting Rollouter and Trainer...
[36m(FullyAsyncTrainer pid=15034)[0m [FullyAsyncTrainer] _fit_update_weights, timing_s/param_sync: 2.6476 seconds self.current_param_version: 0
[36m(FullyAsyncTrainer pid=15034)[0m step:0 - fully_async/rollouter/active_time:81.18459582328796 - fully_async/rollouter/version_time:81.18459582328796 - fully_async/rollouter/idle_ratio:0 - fully_async/rollouter/step_generated_samples:0 - dynamic_resource/rollout_resource_utilization:0.0
[36m(FullyAsyncTrainer pid=15034)[0m [FullyAsyncTrainer] Starting FullyAsyncTrainer...
[36m(FullyAsyncTrainer pid=15034)[0m [FullyAsyncTrainer] Requesting 64 samples from queue
[36m(FullyAsyncRollouter pid=17033)[0m [FullyAsyncRollouter][RolloutResourceUtilization] raw active_count_history (timestamp, active_count, max_concurrent): [(1785023648.0731492, 0, 16), (1785023729.2577405, 0, 16)]
[36m(FullyAsyncRollouter pid=17033)[0m [FullyAsyncRollouter][Public][reset_staleness] reset staleness_samples to: 0 idle_ratio: 0.0000 step_generated_samples(this_step): 0 rollout_resource_utilization: 0.0000 recent_history(last 10 steps): []
[36m(FullyAsyncRollouter pid=17033)[0m [FullyAsyncRollouter] Starting FullyAsyncRollouter...
[36m(FullyAsyncRollouter pid=17033)[0m [FullyAsyncRollouter] Start streaming mode, maximum concurrent samples: 16
[36m(vLLMHttpServer pid=19207)[0m (Worker pid=20572) WARNING 07-25 23:55:29 [layerwise.py:225] RotaryEmbedding: Failed to load weights
[36m(vLLMHttpServer pid=19207)[0m (EngineCore pid=20179) WARNING 07-25 23:55:29 [scheduler.py:1919] reset_connector called but no KV connector is configured.
[36m(GlobalRequestLoadBalancer pid=23185)[0m W0725 23:55:30.568000 23185 torch/utils/cpp_extension.py:140] No CUDA runtime is found, using CUDA_HOME='/usr/local/cuda'
[36m(AgentLoopWorker pid=23189)[0m Using dataset class: RLHFDataset
[36m(AgentLoopWorker pid=23189)[0m WARNING:2026-07-25 23:55:31,597:Platform 'nvidia' (PlatformCUDA) is registered but not available. This may be due to this ray actor being a CPU-only actor.
[36m(GlobalRequestLoadBalancer pid=23185)[0m WARNING 07-25 23:55:32 [nixl_utils.py:34] NIXL is not available
[36m(GlobalRequestLoadBalancer pid=23185)[0m WARNING 07-25 23:55:32 [nixl_utils.py:44] NIXL agent config is not available
[36m(CheckpointEngineWorker pid=18479)[0m Using blocking ray.get inside async actor. This blocks the event loop. Please use `await` on object ref with asyncio.gather if you want to yield execution to the event loop instead.
[36m(vLLMHttpServer pid=19207)[0m WARNING 07-25 23:55:35 [input_processor.py:274] Passing raw prompts to InputProcessor is deprecated and will be removed in v0.18. You should instead pass the outputs of Renderer.render_cmpl() or Renderer.render_chat().
[36m(AgentLoopWorker pid=23191)[0m W0725 23:55:34.102000 23191 torch/utils/cpp_extension.py:140] No CUDA runtime is found, using CUDA_HOME='/usr/local/cuda'[32m [repeated 8x across cluster] (Ray deduplicates logs by default. Set RAY_DEDUP_LOGS=0 to disable log deduplication, or see https://docs.ray.io/en/master/ray-observability/user-guides/configure-logging.html#log-deduplication for more options.)[0m
[36m(RewardLoopWorker pid=17719)[0m WARNING:2026-07-25 23:55:40,554:Platform 'nvidia' (PlatformCUDA) is registered but not available. This may be due to this ray actor being a CPU-only actor.[32m [repeated 8x across cluster][0m
[36m(RewardLoopWorker pid=17717)[0m WARNING:2026-07-25 23:55:47,521:Platform 'nvidia' (PlatformCUDA) is registered but not available. This may be due to this ray actor being a CPU-only actor.[32m [repeated 6x across cluster][0m
[36m(FullyAsyncTrainer pid=15034)[0m [FullyAsyncTrainer] sample collected 1/64. mq_len: 0
[36m(AgentLoopWorker pid=23199)[0m Using dataset class: RLHFDataset[32m [repeated 7x across cluster][0m
[36m(AgentLoopWorker pid=23198)[0m WARNING 07-25 23:55:35 [nixl_utils.py:34] NIXL is not available[32m [repeated 8x across cluster][0m
[36m(AgentLoopWorker pid=23198)[0m WARNING 07-25 23:55:35 [nixl_utils.py:44] NIXL agent config is not available[32m [repeated 8x across cluster][0m
[36m(FullyAsyncTrainer pid=15034)[0m [FullyAsyncTrainer] sample collected 2/64. mq_len: 0
[36m(FullyAsyncTrainer pid=15034)[0m [FullyAsyncTrainer] sample collected 3/64. mq_len: 0
[36m(FullyAsyncTrainer pid=15034)[0m [FullyAsyncTrainer] sample collected 4/64. mq_len: 0
[36m(FullyAsyncTrainer pid=15034)[0m [FullyAsyncTrainer] sample collected 5/64. mq_len: 0
[36m(FullyAsyncTrainer pid=15034)[0m [FullyAsyncTrainer] sample collected 6/64. mq_len: 0
[36m(FullyAsyncTrainer pid=15034)[0m [FullyAsyncTrainer] sample collected 7/64. mq_len: 0
[36m(FullyAsyncTrainer pid=15034)[0m [FullyAsyncTrainer] sample collected 8/64. mq_len: 0
[36m(FullyAsyncTrainer pid=15034)[0m [FullyAsyncTrainer] sample collected 9/64. mq_len: 0
[36m(FullyAsyncTrainer pid=15034)[0m [FullyAsyncTrainer] sample collected 10/64. mq_len: 0
[36m(FullyAsyncTrainer pid=15034)[0m [FullyAsyncTrainer] sample collected 11/64. mq_len: 0
[36m(FullyAsyncTrainer pid=15034)[0m [FullyAsyncTrainer] sample collected 12/64. mq_len: 0
[36m(FullyAsyncTrainer pid=15034)[0m [FullyAsyncTrainer] sample collected 13/64. mq_len: 0
[36m(FullyAsyncTrainer pid=15034)[0m [FullyAsyncTrainer] sample collected 14/64. mq_len: 0
[36m(FullyAsyncTrainer pid=15034)[0m [FullyAsyncTrainer] sample collected 15/64. mq_len: 0
[36m(FullyAsyncTrainer pid=15034)[0m [FullyAsyncTrainer] sample collected 16/64. mq_len: 0
[36m(FullyAsyncRollouter pid=17033)[0m [FullyAsyncRollouter][MonitorLoop][Statistics] {'count/dropped_stale_samples': 0,
[36m(FullyAsyncRollouter pid=17033)[0m  'count/staleness_samples': 33,
[36m(FullyAsyncRollouter pid=17033)[0m  'count/total_generated_samples': 16,
[36m(FullyAsyncRollouter pid=17033)[0m  'monitor/active_tasks_size': 16,
[36m(FullyAsyncRollouter pid=17033)[0m  'monitor/queue/mq_queue_size': 0,
[36m(FullyAsyncRollouter pid=17033)[0m  'monitor/queue/pending_queue_size': 128,
[36m(FullyAsyncRollouter pid=17033)[0m  'static/max_concurrent_samples': 16,
[36m(FullyAsyncRollouter pid=17033)[0m  'static/max_queue_size': 576,
[36m(FullyAsyncRollouter pid=17033)[0m  'static/max_required_samples': 576,
[36m(FullyAsyncRollouter pid=17033)[0m  'static/required_samples': 64,
[36m(FullyAsyncRollouter pid=17033)[0m  'static/staleness_threshold': 8}
[36m(FullyAsyncTrainer pid=15034)[0m [FullyAsyncTrainer] sample collected 17/64. mq_len: 0
[36m(FullyAsyncTrainer pid=15034)[0m [FullyAsyncTrainer] sample collected 18/64. mq_len: 0
[36m(FullyAsyncTrainer pid=15034)[0m [FullyAsyncTrainer] sample collected 19/64. mq_len: 0
[36m(FullyAsyncTrainer pid=15034)[0m [FullyAsyncTrainer] sample collected 20/64. mq_len: 0
[36m(FullyAsyncTrainer pid=15034)[0m [FullyAsyncTrainer] sample collected 21/64. mq_len: 0
[36m(FullyAsyncTrainer pid=15034)[0m [FullyAsyncTrainer] sample collected 22/64. mq_len: 0
[36m(FullyAsyncTrainer pid=15034)[0m [FullyAsyncTrainer] sample collected 23/64. mq_len: 0
[36m(FullyAsyncTrainer pid=15034)[0m [FullyAsyncTrainer] sample collected 24/64. mq_len: 0
[36m(FullyAsyncTrainer pid=15034)[0m [FullyAsyncTrainer] sample collected 25/64. mq_len: 0
[36m(FullyAsyncTrainer pid=15034)[0m [FullyAsyncTrainer] sample collected 26/64. mq_len: 0
[36m(FullyAsyncTrainer pid=15034)[0m [FullyAsyncTrainer] sample collected 27/64. mq_len: 0
[36m(FullyAsyncTrainer pid=15034)[0m [FullyAsyncTrainer] sample collected 28/64. mq_len: 0
[36m(FullyAsyncTrainer pid=15034)[0m [FullyAsyncTrainer] sample collected 29/64. mq_len: 0
[36m(FullyAsyncTrainer pid=15034)[0m [FullyAsyncTrainer] sample collected 30/64. mq_len: 0
[36m(FullyAsyncTrainer pid=15034)[0m [FullyAsyncTrainer] sample collected 31/64. mq_len: 0
[36m(FullyAsyncTrainer pid=15034)[0m [FullyAsyncTrainer] sample collected 32/64. mq_len: 0
[36m(FullyAsyncTrainer pid=15034)[0m [FullyAsyncTrainer] sample collected 33/64. mq_len: 0
[36m(FullyAsyncRollouter pid=17033)[0m [FullyAsyncRollouter][MonitorLoop][Statistics] {'count/dropped_stale_samples': 0,
[36m(FullyAsyncRollouter pid=17033)[0m  'count/staleness_samples': 50,
[36m(FullyAsyncRollouter pid=17033)[0m  'count/total_generated_samples': 33,
[36m(FullyAsyncRollouter pid=17033)[0m  'monitor/active_tasks_size': 16,
[36m(FullyAsyncRollouter pid=17033)[0m  'monitor/queue/mq_queue_size': 0,
[36m(FullyAsyncRollouter pid=17033)[0m  'monitor/queue/pending_queue_size': 128,
[36m(FullyAsyncRollouter pid=17033)[0m  'static/max_concurrent_samples': 16,
[36m(FullyAsyncRollouter pid=17033)[0m  'static/max_queue_size': 576,
[36m(FullyAsyncRollouter pid=17033)[0m  'static/max_required_samples': 576,
[36m(FullyAsyncRollouter pid=17033)[0m  'static/required_samples': 64,
[36m(FullyAsyncRollouter pid=17033)[0m  'static/staleness_threshold': 8}
[36m(FullyAsyncTrainer pid=15034)[0m [FullyAsyncTrainer] sample collected 34/64. mq_len: 0
[36m(FullyAsyncTrainer pid=15034)[0m [FullyAsyncTrainer] sample collected 35/64. mq_len: 0
[36m(FullyAsyncTrainer pid=15034)[0m [FullyAsyncTrainer] sample collected 36/64. mq_len: 0
[36m(FullyAsyncTrainer pid=15034)[0m [FullyAsyncTrainer] sample collected 37/64. mq_len: 0
[36m(FullyAsyncTrainer pid=15034)[0m [FullyAsyncTrainer] sample collected 38/64. mq_len: 0
[36m(FullyAsyncTrainer pid=15034)[0m [FullyAsyncTrainer] sample collected 39/64. mq_len: 0
[36m(FullyAsyncTrainer pid=15034)[0m [FullyAsyncTrainer] sample collected 40/64. mq_len: 0
[36m(FullyAsyncTrainer pid=15034)[0m [FullyAsyncTrainer] sample collected 41/64. mq_len: 0
[36m(FullyAsyncTrainer pid=15034)[0m [FullyAsyncTrainer] sample collected 42/64. mq_len: 0
[36m(FullyAsyncTrainer pid=15034)[0m [FullyAsyncTrainer] sample collected 43/64. mq_len: 0
[36m(FullyAsyncTrainer pid=15034)[0m [FullyAsyncTrainer] sample collected 44/64. mq_len: 0
[36m(FullyAsyncTrainer pid=15034)[0m [FullyAsyncTrainer] sample collected 45/64. mq_len: 0
[36m(FullyAsyncTrainer pid=15034)[0m [FullyAsyncTrainer] sample collected 46/64. mq_len: 0
[36m(FullyAsyncTrainer pid=15034)[0m [FullyAsyncTrainer] sample collected 47/64. mq_len: 0
[36m(FullyAsyncTrainer pid=15034)[0m [FullyAsyncTrainer] sample collected 48/64. mq_len: 0
[36m(FullyAsyncTrainer pid=15034)[0m [FullyAsyncTrainer] sample collected 49/64. mq_len: 0
[36m(FullyAsyncTrainer pid=15034)[0m [FullyAsyncTrainer] sample collected 50/64. mq_len: 0
[36m(FullyAsyncTrainer pid=15034)[0m [FullyAsyncTrainer] sample collected 51/64. mq_len: 0
[36m(FullyAsyncTrainer pid=15034)[0m [FullyAsyncTrainer] sample collected 52/64. mq_len: 0
[36m(FullyAsyncTrainer pid=15034)[0m [FullyAsyncTrainer] sample collected 53/64. mq_len: 0
[36m(FullyAsyncRollouter pid=17033)[0m [FullyAsyncRollouter][MonitorLoop][Statistics] {'count/dropped_stale_samples': 0,
[36m(FullyAsyncRollouter pid=17033)[0m  'count/staleness_samples': 70,
[36m(FullyAsyncRollouter pid=17033)[0m  'count/total_generated_samples': 53,
[36m(FullyAsyncRollouter pid=17033)[0m  'monitor/active_tasks_size': 16,
[36m(FullyAsyncRollouter pid=17033)[0m  'monitor/queue/mq_queue_size': 0,
[36m(FullyAsyncRollouter pid=17033)[0m  'monitor/queue/pending_queue_size': 128,
[36m(FullyAsyncRollouter pid=17033)[0m  'static/max_concurrent_samples': 16,
[36m(FullyAsyncRollouter pid=17033)[0m  'static/max_queue_size': 576,
[36m(FullyAsyncRollouter pid=17033)[0m  'static/max_required_samples': 576,
[36m(FullyAsyncRollouter pid=17033)[0m  'static/required_samples': 64,
[36m(FullyAsyncRollouter pid=17033)[0m  'static/staleness_threshold': 8}
[36m(FullyAsyncTrainer pid=15034)[0m [FullyAsyncTrainer] sample collected 54/64. mq_len: 0
[36m(FullyAsyncTrainer pid=15034)[0m [FullyAsyncTrainer] sample collected 55/64. mq_len: 0
[36m(FullyAsyncTrainer pid=15034)[0m [FullyAsyncTrainer] sample collected 56/64. mq_len: 0
[36m(FullyAsyncTrainer pid=15034)[0m [FullyAsyncTrainer] sample collected 57/64. mq_len: 0
[36m(FullyAsyncTrainer pid=15034)[0m [FullyAsyncTrainer] sample collected 58/64. mq_len: 0
[36m(FullyAsyncTrainer pid=15034)[0m [FullyAsyncTrainer] sample collected 59/64. mq_len: 0
[36m(FullyAsyncTrainer pid=15034)[0m [FullyAsyncTrainer] sample collected 60/64. mq_len: 0
[36m(FullyAsyncTrainer pid=15034)[0m [FullyAsyncTrainer] sample collected 61/64. mq_len: 0
[36m(FullyAsyncTrainer pid=15034)[0m [FullyAsyncTrainer] sample collected 62/64. mq_len: 0
[36m(FullyAsyncTrainer pid=15034)[0m [FullyAsyncTrainer] sample collected 63/64. mq_len: 0
[36m(FullyAsyncTrainer pid=15034)[0m [FullyAsyncTrainer] sample collected 64/64. mq_len: 0
[36m(FullyAsyncTrainer pid=15034)[0m [FullyAsyncTrainer] Collected 64/64 samples. mq_len: 0
[36m(FullyAsyncTrainer pid=15034)[0m [FullyAsyncTrainer] Loop collection completed: 64/64 samples, total wait time: 237.79 seconds. mq_len: 0
[36m(FullyAsyncTrainer pid=15034)[0m [BatchUtils] Assembling batch from 64 RolloutSample objects
[36m(FullyAsyncTrainer pid=15034)[0m [BatchUtils] Batch assembly completed in 0.23s
[36m(FullyAsyncTrainer pid=15034)[0m W0725 23:59:27.572000 15034 torch/fx/_symbolic_trace.py:53] is_fx_tracing will return true for both fx.symbolic_trace and torch.export. Please use is_fx_tracing_symbolic_tracing() for specifically fx.symbolic_trace or torch.compiler.is_compiling() for specifically torch.export/compile.
[36m(RewardLoopWorker pid=17715)[0m WARNING:2026-07-25 23:55:52,466:Platform 'nvidia' (PlatformCUDA) is registered but not available. This may be due to this ray actor being a CPU-only actor.
[36m(FullyAsyncRollouter pid=17033)[0m [FullyAsyncRollouter][MonitorLoop][Statistics] {'count/dropped_stale_samples': 0,
[36m(FullyAsyncRollouter pid=17033)[0m  'count/staleness_samples': 90,
[36m(FullyAsyncRollouter pid=17033)[0m  'count/total_generated_samples': 73,
[36m(FullyAsyncRollouter pid=17033)[0m  'monitor/active_tasks_size': 16,
[36m(FullyAsyncRollouter pid=17033)[0m  'monitor/queue/mq_queue_size': 9,
[36m(FullyAsyncRollouter pid=17033)[0m  'monitor/queue/pending_queue_size': 128,
[36m(FullyAsyncRollouter pid=17033)[0m  'static/max_concurrent_samples': 16,
[36m(FullyAsyncRollouter pid=17033)[0m  'static/max_queue_size': 576,
[36m(FullyAsyncRollouter pid=17033)[0m  'static/max_required_samples': 576,
[36m(FullyAsyncRollouter pid=17033)[0m  'static/required_samples': 64,
[36m(FullyAsyncRollouter pid=17033)[0m  'static/staleness_threshold': 8}
[36m(MessageQueue pid=23825)[0m MessageQueue stats: produced=100, queue_size=36
[36m(FullyAsyncRollouter pid=17033)[0m [FullyAsyncRollouter][MonitorLoop][Statistics] {'count/dropped_stale_samples': 0,
[36m(FullyAsyncRollouter pid=17033)[0m  'count/staleness_samples': 118,
[36m(FullyAsyncRollouter pid=17033)[0m  'count/total_generated_samples': 101,
[36m(FullyAsyncRollouter pid=17033)[0m  'monitor/active_tasks_size': 16,
[36m(FullyAsyncRollouter pid=17033)[0m  'monitor/queue/mq_queue_size': 37,
[36m(FullyAsyncRollouter pid=17033)[0m  'monitor/queue/pending_queue_size': 128,
[36m(FullyAsyncRollouter pid=17033)[0m  'static/max_concurrent_samples': 16,
[36m(FullyAsyncRollouter pid=17033)[0m  'static/max_queue_size': 576,
[36m(FullyAsyncRollouter pid=17033)[0m  'static/max_required_samples': 576,
[36m(FullyAsyncRollouter pid=17033)[0m  'static/required_samples': 64,
[36m(FullyAsyncRollouter pid=17033)[0m  'static/staleness_threshold': 8}
[36m(FullyAsyncTrainer pid=15034)[0m [FullyAsyncTrainer] global_steps: 1 local_trigger_step: 1 trigger_parameter_sync_step: 1 00:01:43.237
[36m(WorkerDict pid=16209)[0m /usr/local/lib/python3.12/dist-packages/torch/utils/_contextlib.py:124: UserWarning: When using ``NO_SHARD`` for ``ShardingStrategy``, full_state_dict will be returned.
[36m(WorkerDict pid=16209)[0m   return func(*args, **kwargs)
[36m(WorkerDict pid=16209)[0m [rank0]:W0725 23:59:31.066000 16209 torch/fx/_symbolic_trace.py:53] is_fx_tracing will return true for both fx.symbolic_trace and torch.export. Please use is_fx_tracing_symbolic_tracing() for specifically fx.symbolic_trace or torch.compiler.is_compiling() for specifically torch.export/compile.
[36m(vLLMHttpServer pid=19207)[0m (Worker pid=20572) WARNING 07-26 00:01:44 [layerwise.py:225] RotaryEmbedding: Failed to load weights
[36m(vLLMHttpServer pid=19207)[0m (EngineCore pid=20179) WARNING 07-26 00:01:44 [scheduler.py:1919] reset_connector called but no KV connector is configured.
[36m(FullyAsyncTrainer pid=15034)[0m [FullyAsyncTrainer] _fit_update_weights, timing_s/param_sync: 1.3041 seconds self.current_param_version: 1
[36m(FullyAsyncTrainer pid=15034)[0m step:1 - fully_async/rollouter/active_time:395.1486773490906 - fully_async/rollouter/version_time:395.1486773490906 - fully_async/rollouter/idle_ratio:0 - fully_async/rollouter/step_generated_samples:110 - dynamic_resource/rollout_resource_utilization:0.9993826675795968
[36m(FullyAsyncTrainer pid=15034)[0m [FullyAsyncTrainer] Requesting 64 samples from queue
[36m(FullyAsyncTrainer pid=15034)[0m [FullyAsyncTrainer] sample collected 1/64. mq_len: 45
[36m(FullyAsyncTrainer pid=15034)[0m [FullyAsyncTrainer] sample collected 2/64. mq_len: 44
[36m(FullyAsyncTrainer pid=15034)[0m [FullyAsyncTrainer] sample collected 3/64. mq_len: 43
[36m(FullyAsyncTrainer pid=15034)[0m [FullyAsyncTrainer] sample collected 4/64. mq_len: 42
[36m(FullyAsyncTrainer pid=15034)[0m [FullyAsyncTrainer] sample collected 5/64. mq_len: 41
[36m(FullyAsyncTrainer pid=15034)[0m [FullyAsyncTrainer] sample collected 6/64. mq_len: 40
[36m(FullyAsyncTrainer pid=15034)[0m [FullyAsyncTrainer] sample collected 7/64. mq_len: 39
[36m(FullyAsyncTrainer pid=15034)[0m [FullyAsyncTrainer] sample collected 8/64. mq_len: 38
[36m(FullyAsyncTrainer pid=15034)[0m [FullyAsyncTrainer] sample collected 9/64. mq_len: 37
[36m(FullyAsyncTrainer pid=15034)[0m [FullyAsyncTrainer] sample collected 10/64. mq_len: 36
[36m(FullyAsyncTrainer pid=15034)[0m [FullyAsyncTrainer] sample collected 11/64. mq_len: 35
[36m(FullyAsyncTrainer pid=15034)[0m [FullyAsyncTrainer] sample collected 12/64. mq_len: 34
[36m(FullyAsyncTrainer pid=15034)[0m [FullyAsyncTrainer] sample collected 13/64. mq_len: 33
[36m(FullyAsyncTrainer pid=15034)[0m [FullyAsyncTrainer] sample collected 14/64. mq_len: 32
[36m(FullyAsyncTrainer pid=15034)[0m [FullyAsyncTrainer] sample collected 15/64. mq_len: 31
[36m(FullyAsyncTrainer pid=15034)[0m [FullyAsyncTrainer] sample collected 16/64. mq_len: 30
[36m(FullyAsyncTrainer pid=15034)[0m [FullyAsyncTrainer] sample collected 17/64. mq_len: 29
[36m(FullyAsyncTrainer pid=15034)[0m [FullyAsyncTrainer] sample collected 18/64. mq_len: 28
[36m(FullyAsyncTrainer pid=15034)[0m [FullyAsyncTrainer] sample collected 19/64. mq_len: 27
[36m(FullyAsyncTrainer pid=15034)[0m [FullyAsyncTrainer] sample collected 20/64. mq_len: 26
[36m(FullyAsyncTrainer pid=15034)[0m [FullyAsyncTrainer] sample collected 21/64. mq_len: 25
[36m(FullyAsyncTrainer pid=15034)[0m [FullyAsyncTrainer] sample collected 22/64. mq_len: 24
[36m(FullyAsyncTrainer pid=15034)[0m Training Progress:   1%|▏         | 1/80 [06:37<8:43:53, 397.89s/it]
[36m(FullyAsyncRollouter pid=17033)[0m [FullyAsyncRollouter][RolloutResourceUtilization] raw active_count_history (timestamp, active_count, max_concurrent): [(1785023729.2578664, 0, 16), (1785023729.4797945, 1, 16), (1785023729.485351, 2, 16), (1785023729.4880323, 3, 16), (1785023729.4904842, 4, 16), (1785023729.4930475, 5, 16), (1785023729.4956996, 6, 16), (1785023729.4984097, 7, 16), (1785023729.501058, 8, 16), (1785023729.5035195, 9, 16), (1785023729.5058348, 10, 16), (1785023729.5079792, 11, 16), (1785023729.510086, 12, 16), (1785023729.5121663, 13, 16), (1785023729.5141923, 14, 16), (1785023729.5162122, 15, 16), (1785023729.5181732, 16, 16), (1785023777.973061, 15, 16), (1785023777.9731576, 16, 16), (1785023786.588623, 15, 16), (1785023786.5886493, 16, 16), (1785023794.2812483, 15, 16), (1785023794.2812955, 16, 16), (1785023794.2975714, 15, 16), (1785023794.2975905, 16, 16), (1785023794.3116074, 15, 16), (1785023794.311628, 16, 16), (1785023794.3294163, 15, 16), (1785023794.3294346, 16, 16), (1785023794.3326316, 14, 16), (1785023794.3326476, 15, 16), (1785023794.3359988, 16, 16), (1785023794.3887048, 15, 16), (1785023794.388729, 16, 16), (1785023794.4126973, 15, 16), (1785023794.412717, 16, 16), (1785023794.4290335, 15, 16), (1785023794.4290528, 16, 16), (1785023794.4475694, 15, 16), (1785023794.4475873, 16, 16), (1785023794.4894931, 15, 16), (1785023794.489513, 16, 16), (1785023794.509492, 15, 16), (1785023794.5095096, 16, 16), (1785023794.5122082, 15, 16), (1785023794.5122232, 16, 16), (1785023794.5317361, 15, 16), (1785023794.5317514, 16, 16), (1785023812.323144, 15, 16), (1785023812.3231926, 16, 16), (1785023831.6443214, 15, 16), (1785023831.644375, 16, 16), (1785023839.338208, 15, 16), (1785023839.3382316, 16, 16), (1785023839.8187711, 15, 16), (1785023839.8187954, 16, 16), (1785023846.4965458, 15, 16), (1785023846.4965918, 16, 16), (1785023848.7100813, 14, 16), (1785023848.7101033, 15, 16), (1785023848.711231, 16, 16), (1785023848.7149487, 15, 16), (1785023848.7149627, 16, 16), (1785023848.7284617, 15, 16), (1785023848.7284782, 16, 16), (1785023848.7545319, 15, 16), (1785023848.7545505, 16, 16), (1785023848.7792323, 15, 16), (1785023848.7792587, 16, 16), (1785023848.7825818, 15, 16), (1785023848.7826009, 16, 16), (1785023848.8369095, 15, 16), (1785023848.8369298, 16, 16), (1785023848.8405023, 15, 16), (1785023848.8405163, 16, 16), (1785023848.8519435, 15, 16), (1785023848.851959, 16, 16), (1785023848.9154897, 15, 16), (1785023848.915508, 16, 16), (1785023866.7116284, 15, 16), (1785023866.711688, 16, 16), (1785023882.419513, 15, 16), (1785023882.4195755, 16, 16), (1785023888.1129773, 15, 16), (1785023888.1130064, 16, 16), (1785023897.1482632, 15, 16), (1785023897.1483254, 16, 16), (1785023897.3224983, 15, 16), (1785023897.322525, 16, 16), (1785023905.9964223, 15, 16), (1785023905.9964542, 16, 16), (1785023909.898871, 15, 16), (1785023909.8989313, 16, 16), (1785023911.131158, 15, 16), (1785023911.1311808, 16, 16), (1785023911.1351194, 15, 16), (1785023911.1351357, 16, 16), (1785023911.2469976, 15, 16), (1785023911.2470176, 16, 16), (1785023911.3173912, 15, 16), (1785023911.3174112, 16, 16), (1785023911.3590286, 15, 16), (1785023911.3590488, 16, 16), (1785023911.4181814, 15, 16), (1785023911.4182088, 16, 16), (1785023911.8148527, 15, 16), (1785023911.814876, 16, 16), (1785023911.827702, 15, 16), (1785023911.8277185, 16, 16), (1785023911.872572, 15, 16), (1785023911.872589, 16, 16), (1785023911.9272385, 15, 16), (1785023911.9272559, 16, 16), (1785023920.9222481, 15, 16), (1785023920.9222987, 16, 16), (1785023927.262131, 15, 16), (1785023927.2621558, 16, 16), (1785023940.9117775, 15, 16), (1785023940.911833, 16, 16), (1785023945.136554, 15, 16), (1785023945.1365774, 16, 16), (1785023953.3046546, 15, 16), (1785023953.3047018, 16, 16), (1785023956.3318338, 15, 16), (1785023956.3318558, 16, 16), (1785023960.5810502, 15, 16), (1785023960.5810719, 16, 16), (1785023960.791268, 15, 16), (1785023960.791287, 16, 16), (1785023963.9742997, 15, 16), (1785023963.9743443, 16, 16), (1785023966.9919052, 15, 16), (1785023966.9919264, 16, 16), (1785023967.0019367, 15, 16), (1785023967.0019517, 16, 16), (1785023967.0102055, 15, 16), (1785023967.01022, 16, 16), (1785023967.0252101, 15, 16), (1785023967.0252266, 16, 16), (1785023967.0442307, 15, 16), (1785023967.0442464, 16, 16), (1785023967.04734, 15, 16), (1785023967.047356, 16, 16), (1785023967.0588894, 15, 16), (1785023967.0589058, 16, 16), (1785023974.6332064, 15, 16), (1785023974.6332521, 16, 16), (1785023975.783433, 15, 16), (1785023975.783455, 16, 16), (1785023986.7320817, 15, 16), (1785023986.732127, 16, 16), (1785023986.7574508, 15, 16), (1785023986.757468, 16, 16), (1785023996.5364406, 15, 16), (1785023996.5364618, 16, 16), (1785024000.9970446, 15, 16), (1785024000.9970903, 16, 16), (1785024001.0509477, 15, 16), (1785024001.0509665, 16, 16), (1785024009.3809752, 15, 16), (1785024009.380998, 16, 16), (1785024012.9565127, 15, 16), (1785024012.956558, 16, 16), (1785024013.1713457, 15, 16), (1785024013.1713667, 16, 16), (1785024020.4169362, 15, 16), (1785024020.416958, 16, 16), (1785024023.4397793, 15, 16), (1785024023.4398386, 16, 16), (1785024025.3078663, 15, 16), (1785024025.307892, 16, 16), (1785024025.8222628, 15, 16), (1785024025.8222837, 16, 16), (1785024025.8454585, 15, 16), (1785024025.8454766, 16, 16), (1785024025.9277833, 15, 16), (1785024025.9278026, 16, 16), (1785024025.961528, 15, 16), (1785024025.9615452, 16, 16), (1785024025.9765072, 15, 16), (1785024025.9765217, 16, 16), (1785024027.394616, 15, 16), (1785024027.394637, 16, 16), (1785024030.2632043, 15, 16), (1785024030.2632258, 16, 16), (1785024030.609265, 15, 16), (1785024030.6092873, 16, 16), (1785024031.3517056, 15, 16), (1785024031.3517256, 16, 16), (1785024034.06298, 15, 16), (1785024034.0630267, 16, 16), (1785024037.4980867, 15, 16), (1785024037.4981093, 16, 16), (1785024046.5026348, 15, 16), (1785024046.502681, 16, 16), (1785024052.2395208, 15, 16), (1785024052.239543, 16, 16), (1785024055.840079, 15, 16), (1785024055.8401008, 16, 16), (1785024056.2225456, 15, 16), (1785024056.222568, 16, 16), (1785024060.3511925, 15, 16), (1785024060.3512385, 16, 16), (1785024062.4710112, 15, 16), (1785024062.4710338, 16, 16), (1785024066.4891677, 15, 16), (1785024066.48919, 16, 16), (1785024072.5875466, 15, 16), (1785024072.5875952, 16, 16), (1785024073.734027, 15, 16), (1785024073.7340493, 16, 16), (1785024076.9034255, 15, 16), (1785024076.9034474, 16, 16), (1785024080.8271072, 15, 16), (1785024080.8271294, 16, 16), (1785024081.1051795, 15, 16), (1785024081.105202, 16, 16), (1785024082.964029, 15, 16), (1785024082.9640768, 16, 16), (1785024086.7881563, 15, 16), (1785024086.7881775, 16, 16), (1785024087.1383975, 15, 16), (1785024087.1384192, 16, 16), (1785024090.556923, 15, 16), (1785024090.5569503, 16, 16), (1785024090.9421363, 15, 16), (1785024090.9421577, 16, 16), (1785024093.864613, 15, 16), (1785024093.8646603, 16, 16), (1785024094.9305062, 15, 16), (1785024094.930533, 16, 16), (1785024101.5189536, 15, 16), (1785024101.5189755, 16, 16), (1785024124.4052641, 15, 16), (1785024124.4066145, 15, 16)]
[36m(FullyAsyncRollouter pid=17033)[0m [FullyAsyncRollouter][Public][reset_staleness] reset staleness_samples to: 61 idle_ratio: 0.0000 step_generated_samples(this_step): 110 rollout_resource_utilization: 0.9994 recent_history(last 10 steps): [(2, 110)]
[36m(FullyAsyncTrainer pid=15034)[0m [FullyAsyncTrainer] sample collected 23/64. mq_len: 23
[36m(FullyAsyncTrainer pid=15034)[0m [FullyAsyncTrainer] sample collected 24/64. mq_len: 22
[36m(FullyAsyncTrainer pid=15034)[0m [FullyAsyncTrainer] sample collected 25/64. mq_len: 21
[36m(FullyAsyncTrainer pid=15034)[0m [FullyAsyncTrainer] sample collected 26/64. mq_len: 20
[36m(FullyAsyncTrainer pid=15034)[0m [FullyAsyncTrainer] sample collected 27/64. mq_len: 19
[36m(FullyAsyncTrainer pid=15034)[0m [FullyAsyncTrainer] sample collected 28/64. mq_len: 18
[36m(FullyAsyncTrainer pid=15034)[0m [FullyAsyncTrainer] sample collected 29/64. mq_len: 17
[36m(FullyAsyncTrainer pid=15034)[0m [FullyAsyncTrainer] sample collected 30/64. mq_len: 16
[36m(FullyAsyncTrainer pid=15034)[0m [FullyAsyncTrainer] sample collected 31/64. mq_len: 15
[36m(FullyAsyncTrainer pid=15034)[0m [FullyAsyncTrainer] sample collected 32/64. mq_len: 14
[36m(FullyAsyncTrainer pid=15034)[0m [FullyAsyncTrainer] sample collected 33/64. mq_len: 13
[36m(FullyAsyncTrainer pid=15034)[0m [FullyAsyncTrainer] sample collected 34/64. mq_len: 12
[36m(FullyAsyncTrainer pid=15034)[0m [FullyAsyncTrainer] sample collected 35/64. mq_len: 11
[36m(FullyAsyncTrainer pid=15034)[0m [FullyAsyncTrainer] sample collected 36/64. mq_len: 10
[36m(FullyAsyncTrainer pid=15034)[0m [FullyAsyncTrainer] sample collected 37/64. mq_len: 9
[36m(FullyAsyncTrainer pid=15034)[0m [FullyAsyncTrainer] sample collected 38/64. mq_len: 8
[36m(FullyAsyncTrainer pid=15034)[0m [FullyAsyncTrainer] sample collected 39/64. mq_len: 7
[36m(FullyAsyncTrainer pid=15034)[0m [FullyAsyncTrainer] sample collected 40/64. mq_len: 6
[36m(FullyAsyncTrainer pid=15034)[0m [FullyAsyncTrainer] sample collected 41/64. mq_len: 5
[36m(FullyAsyncTrainer pid=15034)[0m [FullyAsyncTrainer] sample collected 42/64. mq_len: 4
[36m(FullyAsyncTrainer pid=15034)[0m [FullyAsyncTrainer] sample collected 43/64. mq_len: 3
[36m(FullyAsyncTrainer pid=15034)[0m [FullyAsyncTrainer] sample collected 44/64. mq_len: 2
[36m(FullyAsyncTrainer pid=15034)[0m [FullyAsyncTrainer] sample collected 45/64. mq_len: 1
[36m(FullyAsyncTrainer pid=15034)[0m [FullyAsyncTrainer] sample collected 46/64. mq_len: 0
[36m(FullyAsyncTrainer pid=15034)[0m [FullyAsyncTrainer] sample collected 47/64. mq_len: 0
[36m(FullyAsyncTrainer pid=15034)[0m [FullyAsyncTrainer] sample collected 48/64. mq_len: 0
[36m(FullyAsyncTrainer pid=15034)[0m [FullyAsyncTrainer] sample collected 49/64. mq_len: 0
[36m(FullyAsyncTrainer pid=15034)[0m [FullyAsyncTrainer] sample collected 50/64. mq_len: 0
[36m(FullyAsyncTrainer pid=15034)[0m [FullyAsyncTrainer] sample collected 51/64. mq_len: 0
[36m(FullyAsyncTrainer pid=15034)[0m [FullyAsyncTrainer] sample collected 52/64. mq_len: 0
[36m(FullyAsyncTrainer pid=15034)[0m [FullyAsyncTrainer] sample collected 53/64. mq_len: 0
[36m(FullyAsyncTrainer pid=15034)[0m [FullyAsyncTrainer] sample collected 54/64. mq_len: 0
[36m(FullyAsyncTrainer pid=15034)[0m [FullyAsyncTrainer] sample collected 55/64. mq_len: 0
[36m(FullyAsyncTrainer pid=15034)[0m [FullyAsyncTrainer] sample collected 56/64. mq_len: 0
[36m(FullyAsyncTrainer pid=15034)[0m [FullyAsyncTrainer] sample collected 57/64. mq_len: 0
[36m(FullyAsyncRollouter pid=17033)[0m [FullyAsyncRollouter][MonitorLoop][Statistics] {'count/dropped_stale_samples': 0,
[36m(FullyAsyncRollouter pid=17033)[0m  'count/staleness_samples': 73,
[36m(FullyAsyncRollouter pid=17033)[0m  'count/total_generated_samples': 121,
[36m(FullyAsyncRollouter pid=17033)[0m  'monitor/active_tasks_size': 16,
[36m(FullyAsyncRollouter pid=17033)[0m  'monitor/queue/mq_queue_size': 0,
[36m(FullyAsyncRollouter pid=17033)[0m  'monitor/queue/pending_queue_size': 128,
[36m(FullyAsyncRollouter pid=17033)[0m  'static/max_concurrent_samples': 16,
[36m(FullyAsyncRollouter pid=17033)[0m  'static/max_queue_size': 576,
[36m(FullyAsyncRollouter pid=17033)[0m  'static/max_required_samples': 576,
[36m(FullyAsyncRollouter pid=17033)[0m  'static/required_samples': 64,
[36m(FullyAsyncRollouter pid=17033)[0m  'static/staleness_threshold': 8}
[36m(FullyAsyncTrainer pid=15034)[0m [FullyAsyncTrainer] sample collected 58/64. mq_len: 0
[36m(FullyAsyncTrainer pid=15034)[0m [FullyAsyncTrainer] sample collected 59/64. mq_len: 0
[36m(FullyAsyncTrainer pid=15034)[0m [FullyAsyncTrainer] sample collected 60/64. mq_len: 0
[36m(FullyAsyncTrainer pid=15034)[0m [FullyAsyncTrainer] sample collected 61/64. mq_len: 0
[36m(FullyAsyncTrainer pid=15034)[0m [FullyAsyncTrainer] sample collected 62/64. mq_len: 0
[36m(FullyAsyncTrainer pid=15034)[0m [FullyAsyncTrainer] sample collected 63/64. mq_len: 0
[36m(FullyAsyncTrainer pid=15034)[0m [FullyAsyncTrainer] sample collected 64/64. mq_len: 0
[36m(FullyAsyncTrainer pid=15034)[0m [FullyAsyncTrainer] Collected 64/64 samples. mq_len: 0
[36m(FullyAsyncTrainer pid=15034)[0m [FullyAsyncTrainer] Loop collection completed: 64/64 samples, total wait time: 42.58 seconds. mq_len: 0
[36m(FullyAsyncTrainer pid=15034)[0m [BatchUtils] Assembling batch from 64 RolloutSample objects
[36m(FullyAsyncTrainer pid=15034)[0m [BatchUtils] Batch assembly completed in 0.22s
[36m(FullyAsyncRollouter pid=17033)[0m [FullyAsyncRollouter][MonitorLoop][Statistics] {'count/dropped_stale_samples': 0,
[36m(FullyAsyncRollouter pid=17033)[0m  'count/staleness_samples': 94,
[36m(FullyAsyncRollouter pid=17033)[0m  'count/total_generated_samples': 142,
[36m(FullyAsyncRollouter pid=17033)[0m  'monitor/active_tasks_size': 16,
[36m(FullyAsyncRollouter pid=17033)[0m  'monitor/queue/mq_queue_size': 14,
[36m(FullyAsyncRollouter pid=17033)[0m  'monitor/queue/pending_queue_size': 128,
[36m(FullyAsyncRollouter pid=17033)[0m  'static/max_concurrent_samples': 16,
[36m(FullyAsyncRollouter pid=17033)[0m  'static/max_queue_size': 576,
[36m(FullyAsyncRollouter pid=17033)[0m  'static/max_required_samples': 576,
[36m(FullyAsyncRollouter pid=17033)[0m  'static/required_samples': 64,
[36m(FullyAsyncRollouter pid=17033)[0m  'static/staleness_threshold': 8}
[36m(FullyAsyncRollouter pid=17033)[0m [FullyAsyncRollouter][MonitorLoop][Statistics] {'count/dropped_stale_samples': 0,
[36m(FullyAsyncRollouter pid=17033)[0m  'count/staleness_samples': 111,
[36m(FullyAsyncRollouter pid=17033)[0m  'count/total_generated_samples': 159,
[36m(FullyAsyncRollouter pid=17033)[0m  'monitor/active_tasks_size': 16,
[36m(FullyAsyncRollouter pid=17033)[0m  'monitor/queue/mq_queue_size': 31,
[36m(FullyAsyncRollouter pid=17033)[0m  'monitor/queue/pending_queue_size': 128,
[36m(FullyAsyncRollouter pid=17033)[0m  'static/max_concurrent_samples': 16,
[36m(FullyAsyncRollouter pid=17033)[0m  'static/max_queue_size': 576,
[36m(FullyAsyncRollouter pid=17033)[0m  'static/max_required_samples': 576,
[36m(FullyAsyncRollouter pid=17033)[0m  'static/required_samples': 64,
[36m(FullyAsyncRollouter pid=17033)[0m  'static/staleness_threshold': 8}
[36m(FullyAsyncTrainer pid=15034)[0m [FullyAsyncTrainer] global_steps: 2 local_trigger_step: 1 trigger_parameter_sync_step: 1 00:04:37.511
[36m(vLLMHttpServer pid=19207)[0m (Worker pid=20572) WARNING 07-26 00:04:38 [layerwise.py:225] RotaryEmbedding: Failed to load weights
[36m(vLLMHttpServer pid=19207)[0m (EngineCore pid=20179) WARNING 07-26 00:04:38 [scheduler.py:1919] reset_connector called but no KV connector is configured.
[36m(FullyAsyncTrainer pid=15034)[0m [FullyAsyncTrainer] _fit_update_weights, timing_s/param_sync: 1.4647 seconds self.current_param_version: 2
[36m(FullyAsyncTrainer pid=15034)[0m step:2 - fully_async/rollouter/active_time:162.74785208702087 - fully_async/rollouter/version_time:162.74785208702087 - fully_async/rollouter/idle_ratio:0 - fully_async/rollouter/step_generated_samples:51 - dynamic_resource/rollout_resource_utilization:0.9999989334202654
[36m(FullyAsyncTrainer pid=15034)[0m aggregated metrics done. cost 0.0003 seconds.
[36m(FullyAsyncTrainer pid=15034)[0m step:2 - training/global_step:1.0 - training/epoch:0.0 - fully_async/count/stale_trajectory_processed:0.0 - fully_async/count/current_param_version:0.0 - fully_async/processing_time/avg:44.451871269164045 - fully_async/processing_time/max:62.947084763999555 - fully_async/processing_time/min:2.14520072599953 - fully_async/processing_time/tp50:54.21661775949997 - fully_async/processing_time/tp99:62.91255654670061 - fully_async/processing_time/tp95:62.63680861730022 - fully_async/monitor/active_tasks_size:16.0 - fully_async/monitor/queue/pending_queue_size:128.0 - fully_async/monitor/queue/mq_queue_size:0.0 - fully_async/count/total_generated_samples:0.0 - fully_async/count/staleness_samples:17.0 - fully_async/count/dropped_stale_samples:0.0 - fully_async/static/max_required_samples:576.0 - fully_async/static/required_samples:64.0 - fully_async/static/staleness_threshold:8.0 - fully_async/static/max_queue_size:576.0 - fully_async/static/max_concurrent_samples:16.0 - fully_async/partial/total_partial_num:0.0 - fully_async/partial/partial_ratio:0.0 - fully_async/partial/max_partial_span:0.0 - timing_s/agent_loop/tool_calls/max:0.0 - timing_s/agent_loop/tool_calls/min:0.0 - timing_s/agent_loop/tool_calls/mean:0.0 - fully_async/total_wait_time:237.78948211669922 - actor/pg_clipfrac:0.0002673366028134564 - actor/ppo_kl:0.0006374500640718264 - actor/pg_clipfrac_lower:1.2194892834111885e-06 - actor/pg_loss:0.06815650172211463 - actor/loss:0.06815649569034576 - actor/grad_norm:0.0258176326751709 - actor/lr:1e-06 - actor/perf/max_memory_allocated_gb:33.16529846191406 - actor/perf/max_memory_reserved_gb:71.89453125 - actor/perf/cpu_memory_used_gb:50.40305709838867 - perf/mfu/actor:0.31772141769562134 - dynamic_resource/train_compute_time_s:135.78438530700078 - dynamic_resource/train_allocated_time_s:395.1473653316498 - critic/score/mean:-0.66015625 - critic/score/max:1.0 - critic/score/min:-1.0 - critic/rewards/mean:-0.66015625 - critic/rewards/max:1.0 - critic/rewards/min:-1.0 - critic/advantages/mean:-0.06812848895788193 - critic/advantages/max:2.474870204925537 - critic/advantages/min:-1.6201833486557007 - critic/returns/mean:-0.06812848895788193 - critic/returns/max:2.474870204925537 - critic/returns/min:-1.6201833486557007 - response_length/mean:6373.583984375 - response_length/max:8192.0 - response_length/min:340.0 - response_length/clip_ratio:0.513671875 - response_length_non_aborted/mean:6373.583984375 - response_length_non_aborted/max:8192.0 - response_length_non_aborted/min:340.0 - response_length_non_aborted/clip_ratio:0.513671875 - response/aborted_ratio:0.0 - prompt_length/mean:147.8125 - prompt_length/max:335.0 - prompt_length/min:76.0 - prompt_length/clip_ratio:0.0 - num_turns/min:2.0 - num_turns/max:2.0 - num_turns/mean:2.0 - timing_s/start_profile:6.116999429650605e-06 - timing_s/gen:238.18419307799923 - timing_s/reward:2.121700072166277e-05 - timing_s/adv:0.00923247100035951 - timing_s/update_actor:135.7751316189997 - timing_s/timing_s/param_sync:1.3041332279999551 - timing_s/step:395.14739072500015 - timing_s/stop_profile:6.3580000642105006e-06 - timing_per_token_ms/adv:2.765077996067485e-06 - timing_per_token_ms/update_actor:0.04066395971763612 - timing_per_token_ms/gen:0.07298931076234741 - perf/total_num_tokens:3338955.0 - perf/time_per_step:395.14739072500015 - perf/throughput:4224.948814509217 - dynamic_resource/mq_size:46.0 - fully_async/trainer/idle_ratio:0.6027730377796211 - dynamic_resource/train_resource_utilization:0.3436297372071203 - dynamic_resource/rollout_resource_utilization:0.9999989334202654 - dynamic_resource/resource_utilization:0.6718143353136928
[36m(FullyAsyncTrainer pid=15034)[0m [FullyAsyncTrainer] Requesting 64 samples from queue
[36m(FullyAsyncTrainer pid=15034)[0m [FullyAsyncTrainer] sample collected 1/64. mq_len: 32
[36m(FullyAsyncTrainer pid=15034)[0m [FullyAsyncTrainer] sample collected 2/64. mq_len: 31
[36m(FullyAsyncTrainer pid=15034)[0m [FullyAsyncTrainer] sample collected 3/64. mq_len: 30
[36m(FullyAsyncTrainer pid=15034)[0m [FullyAsyncTrainer] sample collected 4/64. mq_len: 29
[36m(FullyAsyncTrainer pid=15034)[0m [FullyAsyncTrainer] sample collected 5/64. mq_len: 28
[36m(FullyAsyncTrainer pid=15034)[0m [FullyAsyncTrainer] sample collected 6/64. mq_len: 27
[36m(FullyAsyncTrainer pid=15034)[0m [FullyAsyncTrainer] sample collected 7/64. mq_len: 26
[36m(FullyAsyncTrainer pid=15034)[0m [FullyAsyncTrainer] sample collected 8/64. mq_len: 25
[36m(FullyAsyncTrainer pid=15034)[0m [FullyAsyncTrainer] sample collected 9/64. mq_len: 24
[36m(FullyAsyncTrainer pid=15034)[0m [FullyAsyncTrainer] sample collected 10/64. mq_len: 23
[36m(FullyAsyncTrainer pid=15034)[0m [FullyAsyncTrainer] sample collected 11/64. mq_len: 22
[36m(FullyAsyncTrainer pid=15034)[0m [FullyAsyncTrainer] sample collected 12/64. mq_len: 21
[36m(FullyAsyncTrainer pid=15034)[0m [FullyAsyncTrainer] sample collected 13/64. mq_len: 20
[36m(FullyAsyncTrainer pid=15034)[0m [FullyAsyncTrainer] sample collected 14/64. mq_len: 19
[36m(FullyAsyncTrainer pid=15034)[0m [FullyAsyncTrainer] sample collected 15/64. mq_len: 18
[36m(FullyAsyncTrainer pid=15034)[0m [FullyAsyncTrainer] sample collected 16/64. mq_len: 17
[36m(FullyAsyncTrainer pid=15034)[0m [FullyAsyncTrainer] sample collected 17/64. mq_len: 16
[36m(FullyAsyncTrainer pid=15034)[0m [FullyAsyncTrainer] sample collected 18/64. mq_len: 15
[36m(FullyAsyncTrainer pid=15034)[0m [FullyAsyncTrainer] sample collected 19/64. mq_len: 14
[36m(FullyAsyncTrainer pid=15034)[0m [FullyAsyncTrainer] sample collected 20/64. mq_len: 13
[36m(FullyAsyncTrainer pid=15034)[0m [FullyAsyncTrainer] sample collected 21/64. mq_len: 12
[36m(FullyAsyncTrainer pid=15034)[0m [FullyAsyncTrainer] sample collected 22/64. mq_len: 11
[36m(FullyAsyncTrainer pid=15034)[0m [FullyAsyncTrainer] sample collected 23/64. mq_len: 10
[36m(FullyAsyncTrainer pid=15034)[0m Training Progress:   2%|▎         | 2/80 [09:20<5:37:26, 259.57s/it]
[36m(FullyAsyncRollouter pid=17033)[0m [FullyAsyncRollouter][RolloutResourceUtilization] raw active_count_history (timestamp, active_count, max_concurrent): [(1785024124.4070625, 15, 16), (1785024124.407152, 16, 16), (1785024126.3185234, 15, 16), (1785024126.3185458, 16, 16), (1785024128.3104553, 15, 16), (1785024128.310478, 16, 16), (1785024128.3963737, 15, 16), (1785024128.3963943, 16, 16), (1785024128.462154, 15, 16), (1785024128.4621727, 16, 16), (1785024132.5298445, 15, 16), (1785024132.5298681, 16, 16), (1785024135.5847347, 15, 16), (1785024135.584797, 16, 16), (1785024138.3599622, 15, 16), (1785024138.359985, 16, 16), (1785024141.7866461, 15, 16), (1785024141.7866693, 16, 16), (1785024142.3576043, 15, 16), (1785024142.3576279, 16, 16), (1785024143.2357647, 15, 16), (1785024143.2357876, 16, 16), (1785024143.5193915, 15, 16), (1785024143.5194135, 16, 16), (1785024150.0873928, 15, 16), (1785024150.087457, 16, 16), (1785024153.063697, 15, 16), (1785024153.0637457, 16, 16), (1785024156.2048316, 15, 16), (1785024156.2048604, 16, 16), (1785024158.958117, 15, 16), (1785024158.9581385, 16, 16), (1785024159.7444427, 15, 16), (1785024159.7444632, 16, 16), (1785024161.0146976, 15, 16), (1785024161.014742, 16, 16), (1785024167.0118625, 15, 16), (1785024167.0118847, 16, 16), (1785024167.9386084, 15, 16), (1785024167.9386294, 16, 16), (1785024178.332094, 15, 16), (1785024178.33214, 16, 16), (1785024183.2431738, 15, 16), (1785024183.2431967, 16, 16), (1785024183.4348962, 15, 16), (1785024183.4349177, 16, 16), (1785024189.4723527, 15, 16), (1785024189.4724, 16, 16), (1785024192.1454196, 15, 16), (1785024192.14544, 16, 16), (1785024192.4934762, 15, 16), (1785024192.493497, 16, 16), (1785024193.4557116, 15, 16), (1785024193.4557438, 16, 16), (1785024195.7285593, 15, 16), (1785024195.728581, 16, 16), (1785024195.780616, 15, 16), (1785024195.7806342, 16, 16), (1785024199.497731, 15, 16), (1785024199.4977748, 16, 16), (1785024201.1342742, 15, 16), (1785024201.1342957, 16, 16), (1785024206.1259768, 15, 16), (1785024206.1259987, 16, 16), (1785024207.2391427, 15, 16), (1785024207.2391644, 16, 16), (1785024217.3163562, 15, 16), (1785024217.3164022, 16, 16), (1785024218.9507458, 15, 16), (1785024218.9507687, 16, 16), (1785024219.4521608, 15, 16), (1785024219.452183, 16, 16), (1785024227.0148342, 15, 16), (1785024227.014855, 16, 16), (1785024227.3116608, 15, 16), (1785024227.3116832, 16, 16), (1785024235.870859, 15, 16), (1785024235.8709106, 16, 16), (1785024242.8952012, 15, 16), (1785024242.895222, 16, 16), (1785024248.9407268, 15, 16), (1785024248.9407713, 16, 16), (1785024251.7550411, 15, 16), (1785024251.7550683, 16, 16), (1785024252.2997637, 15, 16), (1785024252.2997866, 16, 16), (1785024253.2894087, 15, 16), (1785024253.2894318, 16, 16), (1785024256.1659813, 15, 16), (1785024256.1660023, 16, 16), (1785024258.8668, 15, 16), (1785024258.866834, 16, 16), (1785024260.8121703, 15, 16), (1785024260.81222, 16, 16), (1785024262.148982, 15, 16), (1785024262.149006, 16, 16), (1785024265.800691, 15, 16), (1785024265.8007126, 16, 16), (1785024267.5241022, 15, 16), (1785024267.5241241, 16, 16), (1785024276.3098774, 15, 16), (1785024276.309927, 16, 16), (1785024287.1537502, 15, 16), (1785024287.1549764, 15, 16)]
[36m(FullyAsyncRollouter pid=17033)[0m [FullyAsyncRollouter][Public][reset_staleness] reset staleness_samples to: 48 idle_ratio: 0.0000 step_generated_samples(this_step): 51 rollout_resource_utilization: 1.0000 recent_history(last 10 steps): [(2, 110), (3, 51)]
[36m(FullyAsyncTrainer pid=15034)[0m [FullyAsyncTrainer] sample collected 24/64. mq_len: 9
[36m(FullyAsyncTrainer pid=15034)[0m [FullyAsyncTrainer] sample collected 25/64. mq_len: 8
[36m(FullyAsyncTrainer pid=15034)[0m [FullyAsyncTrainer] sample collected 26/64. mq_len: 7
[36m(FullyAsyncTrainer pid=15034)[0m [FullyAsyncTrainer] sample collected 27/64. mq_len: 6
[36m(FullyAsyncTrainer pid=15034)[0m [FullyAsyncTrainer] sample collected 28/64. mq_len: 5
[36m(FullyAsyncTrainer pid=15034)[0m [FullyAsyncTrainer] sample collected 29/64. mq_len: 4
[36m(FullyAsyncTrainer pid=15034)[0m [FullyAsyncTrainer] sample collected 30/64. mq_len: 3
[36m(FullyAsyncTrainer pid=15034)[0m [FullyAsyncTrainer] sample collected 31/64. mq_len: 2
[36m(FullyAsyncTrainer pid=15034)[0m [FullyAsyncTrainer] sample collected 32/64. mq_len: 1
[36m(FullyAsyncTrainer pid=15034)[0m [FullyAsyncTrainer] sample collected 33/64. mq_len: 0
[36m(FullyAsyncTrainer pid=15034)[0m 
[36m(FullyAsyncTrainer pid=15034)[0m [FullyAsyncTrainer] sample collected 34/64. mq_len: 0
[36m(FullyAsyncTrainer pid=15034)[0m [FullyAsyncTrainer] sample collected 35/64. mq_len: 0
[36m(FullyAsyncTrainer pid=15034)[0m [FullyAsyncTrainer] sample collected 36/64. mq_len: 0
[36m(FullyAsyncTrainer pid=15034)[0m [FullyAsyncTrainer] sample collected 37/64. mq_len: 0
[36m(FullyAsyncTrainer pid=15034)[0m [FullyAsyncTrainer] sample collected 38/64. mq_len: 0
[36m(FullyAsyncTrainer pid=15034)[0m [FullyAsyncTrainer] sample collected 39/64. mq_len: 0
[36m(FullyAsyncTrainer pid=15034)[0m [FullyAsyncTrainer] sample collected 40/64. mq_len: 0
[36m(FullyAsyncTrainer pid=15034)[0m [FullyAsyncTrainer] sample collected 41/64. mq_len: 0
[36m(FullyAsyncRollouter pid=17033)[0m [FullyAsyncRollouter][MonitorLoop][Statistics] {'count/dropped_stale_samples': 0,
[36m(FullyAsyncRollouter pid=17033)[0m  'count/staleness_samples': 57,
[36m(FullyAsyncRollouter pid=17033)[0m  'count/total_generated_samples': 169,
[36m(FullyAsyncRollouter pid=17033)[0m  'monitor/active_tasks_size': 16,
[36m(FullyAsyncRollouter pid=17033)[0m  'monitor/queue/mq_queue_size': 0,
[36m(FullyAsyncRollouter pid=17033)[0m  'monitor/queue/pending_queue_size': 128,
[36m(FullyAsyncRollouter pid=17033)[0m  'static/max_concurrent_samples': 16,
[36m(FullyAsyncRollouter pid=17033)[0m  'static/max_queue_size': 576,
[36m(FullyAsyncRollouter pid=17033)[0m  'static/max_required_samples': 576,
[36m(FullyAsyncRollouter pid=17033)[0m  'static/required_samples': 64,
[36m(FullyAsyncRollouter pid=17033)[0m  'static/staleness_threshold': 8}
[36m(FullyAsyncTrainer pid=15034)[0m [FullyAsyncTrainer] sample collected 42/64. mq_len: 0
[36m(FullyAsyncTrainer pid=15034)[0m [FullyAsyncTrainer] sample collected 43/64. mq_len: 0
[36m(FullyAsyncTrainer pid=15034)[0m [FullyAsyncTrainer] sample collected 44/64. mq_len: 0
[36m(FullyAsyncTrainer pid=15034)[0m [FullyAsyncTrainer] sample collected 45/64. mq_len: 0
[36m(FullyAsyncTrainer pid=15034)[0m [FullyAsyncTrainer] sample collected 46/64. mq_len: 0
[36m(FullyAsyncTrainer pid=15034)[0m [FullyAsyncTrainer] sample collected 47/64. mq_len: 0
[36m(FullyAsyncTrainer pid=15034)[0m [FullyAsyncTrainer] sample collected 48/64. mq_len: 0
[36m(FullyAsyncTrainer pid=15034)[0m [FullyAsyncTrainer] sample collected 49/64. mq_len: 0
[36m(FullyAsyncTrainer pid=15034)[0m [FullyAsyncTrainer] sample collected 50/64. mq_len: 0
[36m(FullyAsyncTrainer pid=15034)[0m [FullyAsyncTrainer] sample collected 51/64. mq_len: 0
[36m(FullyAsyncTrainer pid=15034)[0m [FullyAsyncTrainer] sample collected 52/64. mq_len: 0
[36m(FullyAsyncTrainer pid=15034)[0m [FullyAsyncTrainer] sample collected 53/64. mq_len: 0
[36m(FullyAsyncTrainer pid=15034)[0m [FullyAsyncTrainer] sample collected 54/64. mq_len: 0
[36m(FullyAsyncTrainer pid=15034)[0m [FullyAsyncTrainer] sample collected 55/64. mq_len: 0
[36m(FullyAsyncTrainer pid=15034)[0m [FullyAsyncTrainer] sample collected 56/64. mq_len: 0
[36m(FullyAsyncTrainer pid=15034)[0m [FullyAsyncTrainer] sample collected 57/64. mq_len: 0
[36m(FullyAsyncTrainer pid=15034)[0m [FullyAsyncTrainer] sample collected 58/64. mq_len: 0
[36m(FullyAsyncTrainer pid=15034)[0m [FullyAsyncTrainer] sample collected 59/64. mq_len: 0
[36m(FullyAsyncTrainer pid=15034)[0m [FullyAsyncTrainer] sample collected 60/64. mq_len: 0
[36m(FullyAsyncTrainer pid=15034)[0m [FullyAsyncTrainer] sample collected 61/64. mq_len: 0
[36m(FullyAsyncTrainer pid=15034)[0m [FullyAsyncTrainer] sample collected 62/64. mq_len: 0
[36m(FullyAsyncTrainer pid=15034)[0m [FullyAsyncTrainer] sample collected 63/64. mq_len: 0
[36m(FullyAsyncTrainer pid=15034)[0m [FullyAsyncTrainer] sample collected 64/64. mq_len: 0
[36m(FullyAsyncTrainer pid=15034)[0m [FullyAsyncTrainer] Collected 64/64 samples. mq_len: 0
[36m(FullyAsyncTrainer pid=15034)[0m [FullyAsyncTrainer] Loop collection completed: 64/64 samples, total wait time: 111.80 seconds. mq_len: 0
[36m(FullyAsyncTrainer pid=15034)[0m [BatchUtils] Assembling batch from 64 RolloutSample objects
[36m(FullyAsyncTrainer pid=15034)[0m [BatchUtils] Batch assembly completed in 0.23s
[36m(FullyAsyncRollouter pid=17033)[0m [FullyAsyncRollouter][MonitorLoop][Statistics] {'count/dropped_stale_samples': 0,
[36m(FullyAsyncRollouter pid=17033)[0m  'count/staleness_samples': 85,
[36m(FullyAsyncRollouter pid=17033)[0m  'count/total_generated_samples': 197,
[36m(FullyAsyncRollouter pid=17033)[0m  'monitor/active_tasks_size': 16,
[36m(FullyAsyncRollouter pid=17033)[0m  'monitor/queue/mq_queue_size': 5,
[36m(FullyAsyncRollouter pid=17033)[0m  'monitor/queue/pending_queue_size': 128,
[36m(FullyAsyncRollouter pid=17033)[0m  'static/max_concurrent_samples': 16,
[36m(FullyAsyncRollouter pid=17033)[0m  'static/max_queue_size': 576,
[36m(FullyAsyncRollouter pid=17033)[0m  'static/max_required_samples': 576,
[36m(FullyAsyncRollouter pid=17033)[0m  'static/required_samples': 64,
[36m(FullyAsyncRollouter pid=17033)[0m  'static/staleness_threshold': 8}
[36m(MessageQueue pid=23825)[0m MessageQueue stats: produced=200, queue_size=8
[36m(FullyAsyncRollouter pid=17033)[0m [FullyAsyncRollouter][MonitorLoop][Statistics] {'count/dropped_stale_samples': 0,
[36m(FullyAsyncRollouter pid=17033)[0m  'count/staleness_samples': 109,
[36m(FullyAsyncRollouter pid=17033)[0m  'count/total_generated_samples': 221,
[36m(FullyAsyncRollouter pid=17033)[0m  'monitor/active_tasks_size': 16,
[36m(FullyAsyncRollouter pid=17033)[0m  'monitor/queue/mq_queue_size': 29,
[36m(FullyAsyncRollouter pid=17033)[0m  'monitor/queue/pending_queue_size': 128,
[36m(FullyAsyncRollouter pid=17033)[0m  'static/max_concurrent_samples': 16,
[36m(FullyAsyncRollouter pid=17033)[0m  'static/max_queue_size': 576,
[36m(FullyAsyncRollouter pid=17033)[0m  'static/max_required_samples': 576,
[36m(FullyAsyncRollouter pid=17033)[0m  'static/required_samples': 64,
[36m(FullyAsyncRollouter pid=17033)[0m  'static/staleness_threshold': 8}
[36m(FullyAsyncTrainer pid=15034)[0m [FullyAsyncTrainer] global_steps: 3 local_trigger_step: 1 trigger_parameter_sync_step: 1 00:08:38.258
[36m(vLLMHttpServer pid=19207)[0m (Worker pid=20572) WARNING 07-26 00:08:39 [layerwise.py:225] RotaryEmbedding: Failed to load weights
[36m(vLLMHttpServer pid=19207)[0m (EngineCore pid=20179) WARNING 07-26 00:08:39 [scheduler.py:1919] reset_connector called but no KV connector is configured.
[36m(FullyAsyncTrainer pid=15034)[0m [FullyAsyncTrainer] _fit_update_weights, timing_s/param_sync: 1.4504 seconds self.current_param_version: 3
[36m(FullyAsyncTrainer pid=15034)[0m step:3 - fully_async/rollouter/active_time:235.94853591918945 - fully_async/rollouter/version_time:235.94853591918945 - fully_async/rollouter/idle_ratio:0 - fully_async/rollouter/step_generated_samples:75 - dynamic_resource/rollout_resource_utilization:0.9999990044991953
[36m(FullyAsyncTrainer pid=15034)[0m aggregated metrics done. cost 0.0002 seconds.
[36m(FullyAsyncTrainer pid=15034)[0m step:3 - training/global_step:2.0 - training/epoch:0.0 - fully_async/count/stale_trajectory_processed:390.0 - fully_async/count/current_param_version:1.0 - fully_async/processing_time/avg:37.53965744701564 - fully_async/processing_time/max:72.41138109399981 - fully_async/processing_time/min:2.79768873500052 - fully_async/processing_time/tp50:36.21836622400042 - fully_async/processing_time/tp99:72.11870278213996 - fully_async/processing_time/tp95:69.09858732435013 - fully_async/monitor/active_tasks_size:16.0 - fully_async/monitor/queue/pending_queue_size:128.0 - fully_async/monitor/queue/mq_queue_size:0.0 - fully_async/count/total_generated_samples:64.0 - fully_async/count/staleness_samples:81.0 - fully_async/count/dropped_stale_samples:0.0 - fully_async/static/max_required_samples:576.0 - fully_async/static/required_samples:64.0 - fully_async/static/staleness_threshold:8.0 - fully_async/static/max_queue_size:576.0 - fully_async/static/max_concurrent_samples:16.0 - fully_async/partial/total_partial_num:98.0 - fully_async/partial/partial_ratio:0.19140625 - fully_async/partial/max_partial_span:1.0 - timing_s/agent_loop/tool_calls/max:0.0 - timing_s/agent_loop/tool_calls/min:0.0 - timing_s/agent_loop/tool_calls/mean:0.0 - fully_async/total_wait_time:42.581127405166626 - actor/pg_clipfrac:0.0002988995990259961 - actor/ppo_kl:0.0006381966342272343 - actor/pg_clipfrac_lower:1.115461169607251e-06 - actor/pg_loss:0.051070538560452405 - actor/loss:0.05107053741812706 - actor/grad_norm:0.027553927153348923 - actor/lr:1e-06 - actor/perf/max_memory_allocated_gb:40.25760555267334 - actor/perf/max_memory_reserved_gb:72.0 - actor/perf/cpu_memory_used_gb:50.850284576416016 - perf/mfu/actor:0.3229586722503042 - dynamic_resource/train_compute_time_s:110.17725275499924 - dynamic_resource/train_allocated_time_s:162.71977591514587 - critic/score/mean:-0.5078125 - critic/score/max:1.0 - critic/score/min:-1.0 - critic/rewards/mean:-0.5078125 - critic/rewards/max:1.0 - critic/rewards/min:-1.0 - critic/advantages/mean:-0.051057472825050354 - critic/advantages/max:2.474870204925537 - critic/advantages/min:-1.6201833486557007 - critic/returns/mean:-0.051057472825050354 - critic/returns/max:2.474870204925537 - critic/returns/min:-1.6201833486557007 - response_length/mean:5307.970703125 - response_length/max:8192.0 - response_length/min:414.0 - response_length/clip_ratio:0.37109375 - response_length_non_aborted/mean:5307.970703125 - response_length_non_aborted/max:8192.0 - response_length_non_aborted/min:414.0 - response_length_non_aborted/clip_ratio:0.37109375 - response/aborted_ratio:0.0 - prompt_length/mean:151.984375 - prompt_length/max:603.0 - prompt_length/min:74.0 - prompt_length/clip_ratio:0.0 - num_turns/min:2.0 - num_turns/max:2.0 - num_turns/mean:2.0 - timing_s/start_profile:6.94699974701507e-06 - timing_s/gen:42.89679107400025 - timing_s/reward:2.3908999537525233e-05 - timing_s/adv:0.00951974599956884 - timing_s/update_actor:110.16770910000014 - timing_s/timing_s/param_sync:1.4646541780002735 - timing_s/step:162.7197989719998 - timing_s/stop_profile:7.161000212363433e-06 - timing_per_token_ms/adv:3.4053858757740896e-06 - timing_per_token_ms/update_actor:0.03940898849113418 - timing_per_token_ms/gen:0.015784336378699432 - perf/total_num_tokens:2795497.0 - perf/time_per_step:162.7197989719998 - perf/throughput:8589.910440096593 - dynamic_resource/mq_size:33.0 - fully_async/trainer/idle_ratio:0.26362367299496087 - dynamic_resource/train_resource_utilization:0.6770981101427636 - dynamic_resource/rollout_resource_utilization:0.9999990044991953 - dynamic_resource/resource_utilization:0.8385485573209794
[36m(FullyAsyncTrainer pid=15034)[0m [FullyAsyncTrainer] Requesting 64 samples from queue
[36m(FullyAsyncTrainer pid=15034)[0m [FullyAsyncTrainer] sample collected 1/64. mq_len: 43
[36m(FullyAsyncTrainer pid=15034)[0m Training Progress:   4%|▍         | 3/80 [13:16<5:19:16, 248.78s/it]
[36m(FullyAsyncRollouter pid=17033)[0m [FullyAsyncRollouter][RolloutResourceUtilization] raw active_count_history (timestamp, active_count, max_concurrent): [(1785024287.1552422, 15, 16), (1785024287.155353, 16, 16), (1785024287.4196262, 15, 16), (1785024287.4196537, 16, 16), (1785024297.754282, 15, 16), (1785024297.7543366, 16, 16), (1785024298.9301665, 15, 16), (1785024298.930194, 16, 16), (1785024307.6112, 15, 16), (1785024307.6112213, 16, 16), (1785024307.8411522, 15, 16), (1785024307.841195, 16, 16), (1785024316.7012916, 15, 16), (1785024316.7013133, 16, 16), (1785024323.1545634, 15, 16), (1785024323.1546068, 16, 16), (1785024324.027409, 15, 16), (1785024324.027431, 16, 16), (1785024333.4963086, 15, 16), (1785024333.4963546, 16, 16), (1785024333.9793143, 15, 16), (1785024333.9793372, 16, 16), (1785024334.90697, 15, 16), (1785024334.9069917, 16, 16), (1785024344.085352, 15, 16), (1785024344.0854023, 16, 16), (1785024345.9897125, 15, 16), (1785024345.989735, 16, 16), (1785024347.0820642, 15, 16), (1785024347.0820842, 16, 16), (1785024347.086162, 15, 16), (1785024347.0861762, 16, 16), (1785024347.1061685, 15, 16), (1785024347.1061845, 16, 16), (1785024351.3677242, 15, 16), (1785024351.3677459, 16, 16), (1785024351.4666874, 15, 16), (1785024351.4667053, 16, 16), (1785024353.0385334, 15, 16), (1785024353.0385547, 16, 16), (1785024356.1722689, 15, 16), (1785024356.1723154, 16, 16), (1785024357.056683, 15, 16), (1785024357.056704, 16, 16), (1785024357.06069, 15, 16), (1785024357.0607047, 16, 16), (1785024357.4237502, 15, 16), (1785024357.423772, 16, 16), (1785024358.754709, 15, 16), (1785024358.7547302, 16, 16), (1785024360.7873335, 15, 16), (1785024360.7873647, 16, 16), (1785024364.9664226, 15, 16), (1785024364.9664507, 16, 16), (1785024367.0290914, 15, 16), (1785024367.0291378, 16, 16), (1785024370.2501292, 15, 16), (1785024370.2501504, 16, 16), (1785024377.8274546, 15, 16), (1785024377.8275847, 16, 16), (1785024384.9601135, 15, 16), (1785024384.9601364, 16, 16), (1785024398.98495, 15, 16), (1785024398.9849994, 16, 16), (1785024400.6246266, 15, 16), (1785024400.6246502, 16, 16), (1785024400.639071, 15, 16), (1785024400.6390893, 16, 16), (1785024401.8237183, 15, 16), (1785024401.8237402, 16, 16), (1785024406.6808624, 15, 16), (1785024406.6808913, 16, 16), (1785024406.8456423, 15, 16), (1785024406.8456688, 16, 16), (1785024409.0543404, 15, 16), (1785024409.0543997, 16, 16), (1785024413.8701785, 15, 16), (1785024413.8702073, 16, 16), (1785024414.3306565, 15, 16), (1785024414.3306835, 16, 16), (1785024417.7147756, 15, 16), (1785024417.7148037, 16, 16), (1785024419.6196678, 15, 16), (1785024419.6197271, 16, 16), (1785024424.874201, 15, 16), (1785024424.8742392, 16, 16), (1785024427.5676675, 15, 16), (1785024427.567699, 16, 16), (1785024430.999973, 15, 16), (1785024431.0000381, 16, 16), (1785024431.0037029, 15, 16), (1785024431.0037186, 16, 16), (1785024438.0031466, 15, 16), (1785024438.0031755, 16, 16), (1785024442.8158438, 15, 16), (1785024442.8159034, 16, 16), (1785024443.9290018, 15, 16), (1785024443.9290304, 16, 16), (1785024445.9827485, 15, 16), (1785024445.9827747, 16, 16), (1785024454.2473724, 15, 16), (1785024454.2474325, 16, 16), (1785024454.3118389, 15, 16), (1785024454.3118625, 16, 16), (1785024455.5601366, 15, 16), (1785024455.5601661, 16, 16), (1785024456.6435614, 15, 16), (1785024456.6435921, 16, 16), (1785024456.6698558, 15, 16), (1785024456.6698773, 16, 16), (1785024456.9660583, 15, 16), (1785024456.9660838, 16, 16), (1785024460.1597838, 15, 16), (1785024460.1598248, 16, 16), (1785024466.4465306, 15, 16), (1785024466.4465897, 16, 16), (1785024468.809338, 15, 16), (1785024468.8093677, 16, 16), (1785024470.8099759, 15, 16), (1785024470.8100216, 16, 16), (1785024471.3297021, 15, 16), (1785024471.329733, 16, 16), (1785024480.182086, 15, 16), (1785024480.1821444, 16, 16), (1785024484.6646044, 15, 16), (1785024484.6646318, 16, 16), (1785024484.740838, 15, 16), (1785024484.7408636, 16, 16), (1785024487.6007316, 15, 16), (1785024487.6007624, 16, 16), (1785024491.008891, 15, 16), (1785024491.0089498, 16, 16), (1785024497.3756795, 15, 16), (1785024497.3757088, 16, 16), (1785024499.6597455, 15, 16), (1785024499.659773, 16, 16), (1785024509.168308, 15, 16), (1785024509.1683683, 16, 16), (1785024509.3472605, 15, 16), (1785024509.3472853, 16, 16), (1785024511.6308575, 15, 16), (1785024511.630888, 16, 16), (1785024511.7464025, 15, 16), (1785024511.7464247, 16, 16), (1785024512.7727954, 15, 16), (1785024512.772834, 16, 16), (1785024512.9672353, 15, 16), (1785024512.967259, 16, 16), (1785024516.0721886, 15, 16), (1785024516.0722191, 16, 16), (1785024523.1026683, 15, 16), (1785024523.1038249, 15, 16)]
[36m(FullyAsyncRollouter pid=17033)[0m [FullyAsyncRollouter][Public][reset_staleness] reset staleness_samples to: 59 idle_ratio: 0.0000 step_generated_samples(this_step): 75 rollout_resource_utilization: 1.0000 recent_history(last 10 steps): [(2, 110), (3, 51), (4, 75)]
[36m(FullyAsyncTrainer pid=15034)[0m [FullyAsyncTrainer] sample collected 2/64. mq_len: 42
[36m(FullyAsyncTrainer pid=15034)[0m [FullyAsyncTrainer] sample collected 3/64. mq_len: 41
[36m(FullyAsyncTrainer pid=15034)[0m [FullyAsyncTrainer] sample collected 4/64. mq_len: 40
[36m(FullyAsyncTrainer pid=15034)[0m [FullyAsyncTrainer] sample collected 5/64. mq_len: 39
[36m(FullyAsyncTrainer pid=15034)[0m [FullyAsyncTrainer] sample collected 6/64. mq_len: 38
[36m(FullyAsyncTrainer pid=15034)[0m [FullyAsyncTrainer] sample collected 7/64. mq_len: 37
[36m(FullyAsyncTrainer pid=15034)[0m [FullyAsyncTrainer] sample collected 8/64. mq_len: 36
[36m(FullyAsyncTrainer pid=15034)[0m [FullyAsyncTrainer] sample collected 9/64. mq_len: 35
[36m(FullyAsyncTrainer pid=15034)[0m [FullyAsyncTrainer] sample collected 10/64. mq_len: 34
[36m(FullyAsyncTrainer pid=15034)[0m [FullyAsyncTrainer] sample collected 11/64. mq_len: 33
[36m(FullyAsyncTrainer pid=15034)[0m [FullyAsyncTrainer] sample collected 12/64. mq_len: 32
[36m(FullyAsyncTrainer pid=15034)[0m [FullyAsyncTrainer] sample collected 13/64. mq_len: 31
[36m(FullyAsyncTrainer pid=15034)[0m [FullyAsyncTrainer] sample collected 14/64. mq_len: 30
[36m(FullyAsyncTrainer pid=15034)[0m [FullyAsyncTrainer] sample collected 15/64. mq_len: 29
[36m(FullyAsyncTrainer pid=15034)[0m [FullyAsyncTrainer] sample collected 16/64. mq_len: 28
[36m(FullyAsyncTrainer pid=15034)[0m [FullyAsyncTrainer] sample collected 17/64. mq_len: 27
[36m(FullyAsyncTrainer pid=15034)[0m [FullyAsyncTrainer] sample collected 18/64. mq_len: 26
[36m(FullyAsyncTrainer pid=15034)[0m [FullyAsyncTrainer] sample collected 19/64. mq_len: 25
[36m(FullyAsyncTrainer pid=15034)[0m [FullyAsyncTrainer] sample collected 20/64. mq_len: 24
[36m(FullyAsyncTrainer pid=15034)[0m [FullyAsyncTrainer] sample collected 21/64. mq_len: 23
[36m(FullyAsyncTrainer pid=15034)[0m [FullyAsyncTrainer] sample collected 22/64. mq_len: 22
[36m(FullyAsyncTrainer pid=15034)[0m [FullyAsyncTrainer] sample collected 23/64. mq_len: 21
[36m(FullyAsyncTrainer pid=15034)[0m [FullyAsyncTrainer] sample collected 24/64. mq_len: 20
[36m(FullyAsyncTrainer pid=15034)[0m [FullyAsyncTrainer] sample collected 25/64. mq_len: 19
[36m(FullyAsyncTrainer pid=15034)[0m [FullyAsyncTrainer] sample collected 26/64. mq_len: 18
[36m(FullyAsyncTrainer pid=15034)[0m [FullyAsyncTrainer] sample collected 27/64. mq_len: 17
[36m(FullyAsyncTrainer pid=15034)[0m [FullyAsyncTrainer] sample collected 28/64. mq_len: 16
[36m(FullyAsyncTrainer pid=15034)[0m [FullyAsyncTrainer] sample collected 29/64. mq_len: 15
[36m(FullyAsyncTrainer pid=15034)[0m [FullyAsyncTrainer] sample collected 30/64. mq_len: 14
[36m(FullyAsyncTrainer pid=15034)[0m [FullyAsyncTrainer] sample collected 31/64. mq_len: 13
[36m(FullyAsyncTrainer pid=15034)[0m [FullyAsyncTrainer] sample collected 32/64. mq_len: 12
[36m(FullyAsyncTrainer pid=15034)[0m [FullyAsyncTrainer] sample collected 33/64. mq_len: 11
[36m(FullyAsyncTrainer pid=15034)[0m [FullyAsyncTrainer] sample collected 34/64. mq_len: 10
[36m(FullyAsyncTrainer pid=15034)[0m [FullyAsyncTrainer] sample collected 35/64. mq_len: 9
[36m(FullyAsyncTrainer pid=15034)[0m [FullyAsyncTrainer] sample collected 36/64. mq_len: 8
[36m(FullyAsyncTrainer pid=15034)[0m [FullyAsyncTrainer] sample collected 37/64. mq_len: 7
[36m(FullyAsyncTrainer pid=15034)[0m [FullyAsyncTrainer] sample collected 38/64. mq_len: 6
[36m(FullyAsyncTrainer pid=15034)[0m [FullyAsyncTrainer] sample collected 39/64. mq_len: 5
[36m(FullyAsyncTrainer pid=15034)[0m [FullyAsyncTrainer] sample collected 40/64. mq_len: 4
[36m(FullyAsyncTrainer pid=15034)[0m [FullyAsyncTrainer] sample collected 41/64. mq_len: 3
[36m(FullyAsyncTrainer pid=15034)[0m [FullyAsyncTrainer] sample collected 42/64. mq_len: 2
[36m(FullyAsyncTrainer pid=15034)[0m [FullyAsyncTrainer] sample collected 43/64. mq_len: 1
[36m(FullyAsyncTrainer pid=15034)[0m [FullyAsyncTrainer] sample collected 44/64. mq_len: 0
[36m(FullyAsyncTrainer pid=15034)[0m [FullyAsyncTrainer] sample collected 45/64. mq_len: 0
[36m(FullyAsyncTrainer pid=15034)[0m [FullyAsyncTrainer] sample collected 46/64. mq_len: 0
[36m(FullyAsyncTrainer pid=15034)[0m [FullyAsyncTrainer] sample collected 47/64. mq_len: 0
[36m(FullyAsyncTrainer pid=15034)[0m [FullyAsyncTrainer] sample collected 48/64. mq_len: 0
[36m(FullyAsyncTrainer pid=15034)[0m [FullyAsyncTrainer] sample collected 49/64. mq_len: 0
[36m(FullyAsyncTrainer pid=15034)[0m [FullyAsyncTrainer] sample collected 50/64. mq_len: 0
[36m(FullyAsyncTrainer pid=15034)[0m [FullyAsyncTrainer] sample collected 51/64. mq_len: 0
[36m(FullyAsyncRollouter pid=17033)[0m [FullyAsyncRollouter][MonitorLoop][Statistics] {'count/dropped_stale_samples': 0,
[36m(FullyAsyncRollouter pid=17033)[0m  'count/staleness_samples': 67,
[36m(FullyAsyncRollouter pid=17033)[0m  'count/total_generated_samples': 243,
[36m(FullyAsyncRollouter pid=17033)[0m  'monitor/active_tasks_size': 16,
[36m(FullyAsyncRollouter pid=17033)[0m  'monitor/queue/mq_queue_size': 0,
[36m(FullyAsyncRollouter pid=17033)[0m  'monitor/queue/pending_queue_size': 128,
[36m(FullyAsyncRollouter pid=17033)[0m  'static/max_concurrent_samples': 16,
[36m(FullyAsyncRollouter pid=17033)[0m  'static/max_queue_size': 576,
[36m(FullyAsyncRollouter pid=17033)[0m  'static/max_required_samples': 576,
[36m(FullyAsyncRollouter pid=17033)[0m  'static/required_samples': 64,
[36m(FullyAsyncRollouter pid=17033)[0m  'static/staleness_threshold': 8}
[36m(FullyAsyncTrainer pid=15034)[0m [FullyAsyncTrainer] sample collected 52/64. mq_len: 0
[36m(FullyAsyncTrainer pid=15034)[0m [FullyAsyncTrainer] sample collected 53/64. mq_len: 0
[36m(FullyAsyncTrainer pid=15034)[0m [FullyAsyncTrainer] sample collected 54/64. mq_len: 0
[36m(FullyAsyncTrainer pid=15034)[0m [FullyAsyncTrainer] sample collected 55/64. mq_len: 0
[36m(FullyAsyncTrainer pid=15034)[0m [FullyAsyncTrainer] sample collected 56/64. mq_len: 0
[36m(FullyAsyncTrainer pid=15034)[0m [FullyAsyncTrainer] sample collected 57/64. mq_len: 0
[36m(FullyAsyncTrainer pid=15034)[0m [FullyAsyncTrainer] sample collected 58/64. mq_len: 0
[36m(FullyAsyncTrainer pid=15034)[0m [FullyAsyncTrainer] sample collected 59/64. mq_len: 0
[36m(FullyAsyncTrainer pid=15034)[0m [FullyAsyncTrainer] sample collected 60/64. mq_len: 0
[36m(FullyAsyncTrainer pid=15034)[0m [FullyAsyncTrainer] sample collected 61/64. mq_len: 0
[36m(FullyAsyncTrainer pid=15034)[0m [FullyAsyncTrainer] sample collected 62/64. mq_len: 0
[36m(FullyAsyncTrainer pid=15034)[0m [FullyAsyncTrainer] sample collected 63/64. mq_len: 0
[36m(FullyAsyncTrainer pid=15034)[0m [FullyAsyncTrainer] sample collected 64/64. mq_len: 0
[36m(FullyAsyncTrainer pid=15034)[0m [FullyAsyncTrainer] Collected 64/64 samples. mq_len: 0
[36m(FullyAsyncTrainer pid=15034)[0m [FullyAsyncTrainer] Loop collection completed: 64/64 samples, total wait time: 62.03 seconds. mq_len: 0
[36m(FullyAsyncTrainer pid=15034)[0m [BatchUtils] Assembling batch from 64 RolloutSample objects
[36m(FullyAsyncTrainer pid=15034)[0m [BatchUtils] Batch assembly completed in 0.24s
[36m(FullyAsyncRollouter pid=17033)[0m [FullyAsyncRollouter][MonitorLoop][Statistics] {'count/dropped_stale_samples': 0,
[36m(FullyAsyncRollouter pid=17033)[0m  'count/staleness_samples': 89,
[36m(FullyAsyncRollouter pid=17033)[0m  'count/total_generated_samples': 265,
[36m(FullyAsyncRollouter pid=17033)[0m  'monitor/active_tasks_size': 16,
[36m(FullyAsyncRollouter pid=17033)[0m  'monitor/queue/mq_queue_size': 9,
[36m(FullyAsyncRollouter pid=17033)[0m  'monitor/queue/pending_queue_size': 128,
[36m(FullyAsyncRollouter pid=17033)[0m  'static/max_concurrent_samples': 16,
[36m(FullyAsyncRollouter pid=17033)[0m  'static/max_queue_size': 576,
[36m(FullyAsyncRollouter pid=17033)[0m  'static/max_required_samples': 576,
[36m(FullyAsyncRollouter pid=17033)[0m  'static/required_samples': 64,
[36m(FullyAsyncRollouter pid=17033)[0m  'static/staleness_threshold': 8}
[36m(FullyAsyncRollouter pid=17033)[0m [FullyAsyncRollouter][MonitorLoop][Statistics] {'count/dropped_stale_samples': 0,
[36m(FullyAsyncRollouter pid=17033)[0m  'count/staleness_samples': 106,
[36m(FullyAsyncRollouter pid=17033)[0m  'count/total_generated_samples': 282,
[36m(FullyAsyncRollouter pid=17033)[0m  'monitor/active_tasks_size': 16,
[36m(FullyAsyncRollouter pid=17033)[0m  'monitor/queue/mq_queue_size': 26,
[36m(FullyAsyncRollouter pid=17033)[0m  'monitor/queue/pending_queue_size': 128,
[36m(FullyAsyncRollouter pid=17033)[0m  'static/max_concurrent_samples': 16,
[36m(FullyAsyncRollouter pid=17033)[0m  'static/max_queue_size': 576,
[36m(FullyAsyncRollouter pid=17033)[0m  'static/max_required_samples': 576,
[36m(FullyAsyncRollouter pid=17033)[0m  'static/required_samples': 64,
[36m(FullyAsyncRollouter pid=17033)[0m  'static/staleness_threshold': 8}
[36m(FullyAsyncTrainer pid=15034)[0m [FullyAsyncTrainer] global_steps: 4 local_trigger_step: 1 trigger_parameter_sync_step: 1 00:11:40.920
[36m(vLLMHttpServer pid=19207)[0m (Worker pid=20572) WARNING 07-26 00:11:42 [layerwise.py:225] RotaryEmbedding: Failed to load weights
[36m(vLLMHttpServer pid=19207)[0m (EngineCore pid=20179) WARNING 07-26 00:11:42 [scheduler.py:1919] reset_connector called but no KV connector is configured.
[36m(FullyAsyncTrainer pid=15034)[0m [FullyAsyncTrainer] _fit_update_weights, timing_s/param_sync: 1.2195 seconds self.current_param_version: 4
[36m(FullyAsyncTrainer pid=15034)[0m step:4 - fully_async/rollouter/active_time:203.8754527568817 - fully_async/rollouter/version_time:203.8754527568817 - fully_async/rollouter/idle_ratio:0 - fully_async/rollouter/step_generated_samples:54 - dynamic_resource/rollout_resource_utilization:0.9999990985139848
[36m(FullyAsyncRollouter pid=17033)[0m [FullyAsyncRollouter][RolloutResourceUtilization] raw active_count_history (timestamp, active_count, max_concurrent): [(1785024523.104178, 15, 16), (1785024523.1042778, 16, 16), (1785024529.1916227, 15, 16), (1785024529.1916525, 16, 16), (1785024529.308178, 15, 16), (1785024529.3082035, 16, 16), (1785024540.2505615, 15, 16), (1785024540.250621, 16, 16), (1785024542.0375018, 15, 16), (1785024542.0375319, 16, 16), (1785024542.9734619, 15, 16), (1785024542.9734972, 16, 16), (1785024543.1686234, 15, 16), (1785024543.1686504, 16, 16), (1785024545.7031293, 15, 16), (1785024545.7031593, 16, 16), (1785024551.4213772, 15, 16), (1785024551.4214356, 16, 16), (1785024555.3075438, 15, 16), (1785024555.3075721, 16, 16), (1785024557.140425, 15, 16), (1785024557.140454, 16, 16), (1785024561.4284017, 15, 16), (1785024561.4284475, 16, 16), (1785024565.065593, 15, 16), (1785024565.0656219, 16, 16), (1785024565.7404702, 15, 16), (1785024565.7405047, 16, 16), (1785024569.329312, 15, 16), (1785024569.32934, 16, 16), (1785024572.873169, 15, 16), (1785024572.8732266, 16, 16), (1785024576.9657428, 15, 16), (1785024576.965773, 16, 16), (1785024577.0594862, 15, 16), (1785024577.0595095, 16, 16), (1785024577.2090669, 15, 16), (1785024577.2090929, 16, 16), (1785024577.2729535, 15, 16), (1785024577.2729752, 16, 16), (1785024585.1634793, 15, 16), (1785024585.1635401, 16, 16), (1785024599.0571518, 15, 16), (1785024599.0572178, 16, 16), (1785024600.7923245, 15, 16), (1785024600.7923539, 16, 16), (1785024600.9623687, 15, 16), (1785024600.962396, 16, 16), (1785024600.9882224, 15, 16), (1785024600.988248, 16, 16), (1785024609.5412068, 15, 16), (1785024609.5412662, 16, 16), (1785024613.126396, 15, 16), (1785024613.1264248, 16, 16), (1785024613.522382, 15, 16), (1785024613.5224156, 16, 16), (1785024614.6154115, 15, 16), (1785024614.6154406, 16, 16), (1785024615.397469, 15, 16), (1785024615.3975046, 16, 16), (1785024619.9975443, 15, 16), (1785024619.9976053, 16, 16), (1785024624.330312, 15, 16), (1785024624.3303406, 16, 16), (1785024625.0005684, 15, 16), (1785024625.0005965, 16, 16), (1785024637.4914732, 15, 16), (1785024637.4915304, 16, 16), (1785024637.5696292, 15, 16), (1785024637.5696542, 16, 16), (1785024637.869839, 15, 16), (1785024637.869866, 16, 16), (1785024645.9565763, 15, 16), (1785024645.956605, 16, 16), (1785024659.5616844, 15, 16), (1785024659.5617447, 16, 16), (1785024662.7588508, 15, 16), (1785024662.758881, 16, 16), (1785024662.9163444, 15, 16), (1785024662.9163713, 16, 16), (1785024662.9201283, 15, 16), (1785024662.9201424, 16, 16), (1785024672.569878, 15, 16), (1785024672.5699358, 16, 16), (1785024676.3226678, 15, 16), (1785024676.3226972, 16, 16), (1785024676.5675383, 15, 16), (1785024676.5675633, 16, 16), (1785024678.6841125, 15, 16), (1785024678.684139, 16, 16), (1785024678.8446412, 15, 16), (1785024678.8446689, 16, 16), (1785024678.905873, 15, 16), (1785024678.905895, 16, 16), (1785024682.8654485, 15, 16), (1785024682.865515, 16, 16), (1785024687.1397188, 15, 16), (1785024687.139748, 16, 16), (1785024687.4093983, 15, 16), (1785024687.4094255, 16, 16), (1785024693.2855105, 15, 16), (1785024693.2855704, 16, 16), (1785024698.9772255, 15, 16), (1785024698.9772468, 16, 16), (1785024698.9856997, 15, 16), (1785024698.9857173, 16, 16), (1785024699.0078697, 15, 16), (1785024699.007887, 16, 16), (1785024726.9787073, 15, 16), (1785024726.9796891, 15, 16)]
[36m(FullyAsyncRollouter pid=17033)[0m [FullyAsyncRollouter][Public][reset_staleness] reset staleness_samples to: 49 idle_ratio: 0.0000 step_generated_samples(this_step): 54 rollout_resource_utilization: 1.0000 recent_history(last 10 steps): [(2, 110), (3, 51), (4, 75), (5, 54)]
[36m(FullyAsyncTrainer pid=15034)[0m aggregated metrics done. cost 0.0002 seconds.
[36m(FullyAsyncTrainer pid=15034)[0m step:4 - training/global_step:3.0 - training/epoch:0.0 - fully_async/count/stale_trajectory_processed:665.0 - fully_async/count/current_param_version:2.0 - fully_async/processing_time/avg:44.1083733736543 - fully_async/processing_time/max:83.78050615899974 - fully_async/processing_time/min:4.689150342000175 - fully_async/processing_time/tp50:48.647468877499705 - fully_async/processing_time/tp99:83.17584267364079 - fully_async/processing_time/tp95:81.22738817145004 - fully_async/monitor/active_tasks_size:16.0 - fully_async/monitor/queue/pending_queue_size:128.0 - fully_async/monitor/queue/mq_queue_size:0.0 - fully_async/count/total_generated_samples:128.0 - fully_async/count/staleness_samples:80.0 - fully_async/count/dropped_stale_samples:0.0 - fully_async/static/max_required_samples:576.0 - fully_async/static/required_samples:64.0 - fully_async/static/staleness_threshold:8.0 - fully_async/static/max_queue_size:576.0 - fully_async/static/max_concurrent_samples:16.0 - fully_async/partial/total_partial_num:109.0 - fully_async/partial/partial_ratio:0.212890625 - fully_async/partial/max_partial_span:1.0 - timing_s/agent_loop/tool_calls/max:0.0 - timing_s/agent_loop/tool_calls/min:0.0 - timing_s/agent_loop/tool_calls/mean:0.0 - fully_async/total_wait_time:111.80298519134521 - actor/pg_clipfrac:0.00019389264328983552 - actor/ppo_kl:0.0006961082772619651 - actor/pg_clipfrac_lower:1.0423683876084633e-06 - actor/pg_loss:0.03926052398128377 - actor/loss:0.03926052525639534 - actor/grad_norm:0.025459356606006622 - actor/lr:1e-06 - actor/perf/max_memory_allocated_gb:40.25760555267334 - actor/perf/max_memory_reserved_gb:72.3984375 - actor/perf/cpu_memory_used_gb:51.34255599975586 - perf/mfu/actor:0.32228240673822683 - dynamic_resource/train_compute_time_s:118.94750826000018 - dynamic_resource/train_allocated_time_s:235.920503616333 - critic/score/mean:-0.59765625 - critic/score/max:1.0 - critic/score/min:-1.0 - critic/rewards/mean:-0.59765625 - critic/rewards/max:1.0 - critic/rewards/min:-1.0 - critic/advantages/mean:-0.03925830498337746 - critic/advantages/max:2.474870204925537 - critic/advantages/min:-2.474870204925537 - critic/returns/mean:-0.03925830498337746 - critic/returns/max:2.474870204925537 - critic/returns/min:-2.474870204925537 - response_length/mean:5710.2734375 - response_length/max:8192.0 - response_length/min:607.0 - response_length/clip_ratio:0.404296875 - response_length_non_aborted/mean:5710.2734375 - response_length_non_aborted/max:8192.0 - response_length_non_aborted/min:607.0 - response_length_non_aborted/clip_ratio:0.404296875 - response/aborted_ratio:0.0 - prompt_length/mean:152.578125 - prompt_length/max:466.0 - prompt_length/min:82.0 - prompt_length/clip_ratio:0.0 - num_turns/min:2.0 - num_turns/max:2.0 - num_turns/mean:2.0 - timing_s/start_profile:5.830000191053841e-06 - timing_s/gen:112.12425216000065 - timing_s/reward:2.1750000087195076e-05 - timing_s/adv:0.009044385999914084 - timing_s/update_actor:118.93844212400018 - timing_s/timing_s/param_sync:1.4504328419998274 - timing_s/step:235.9205234739993 - timing_s/stop_profile:5.3490002756007016e-06 - timing_per_token_ms/adv:3.0130076154528594e-06 - timing_per_token_ms/update_actor:0.03962263794282065 - timing_per_token_ms/gen:0.03835064684676079 - perf/total_num_tokens:3001780.0 - perf/time_per_step:235.9205234739993 - perf/throughput:6361.845836466247 - dynamic_resource/mq_size:44.0 - fully_async/trainer/idle_ratio:0.47526281524361663 - dynamic_resource/train_resource_utilization:0.504184699662388 - dynamic_resource/rollout_resource_utilization:0.9999990985139848 - dynamic_resource/resource_utilization:0.7520918990881864
[36m(FullyAsyncTrainer pid=15034)[0m [FullyAsyncTrainer] Requesting 64 samples from queue
[36m(FullyAsyncTrainer pid=15034)[0m [FullyAsyncTrainer] sample collected 1/64. mq_len: 33
[36m(FullyAsyncTrainer pid=15034)[0m [FullyAsyncTrainer] sample collected 2/64. mq_len: 32
[36m(FullyAsyncTrainer pid=15034)[0m [FullyAsyncTrainer] sample collected 3/64. mq_len: 31
[36m(FullyAsyncTrainer pid=15034)[0m [FullyAsyncTrainer] sample collected 4/64. mq_len: 30
[36m(FullyAsyncTrainer pid=15034)[0m [FullyAsyncTrainer] sample collected 5/64. mq_len: 29
[36m(FullyAsyncTrainer pid=15034)[0m [FullyAsyncTrainer] sample collected 6/64. mq_len: 28
[36m(FullyAsyncTrainer pid=15034)[0m [FullyAsyncTrainer] sample collected 7/64. mq_len: 27
[36m(FullyAsyncTrainer pid=15034)[0m [FullyAsyncTrainer] sample collected 8/64. mq_len: 26
[36m(FullyAsyncTrainer pid=15034)[0m [FullyAsyncTrainer] sample collected 9/64. mq_len: 25
[36m(FullyAsyncTrainer pid=15034)[0m [FullyAsyncTrainer] sample collected 10/64. mq_len: 24
[36m(FullyAsyncTrainer pid=15034)[0m [FullyAsyncTrainer] sample collected 11/64. mq_len: 23
[36m(FullyAsyncTrainer pid=15034)[0m [FullyAsyncTrainer] sample collected 12/64. mq_len: 22
[36m(FullyAsyncTrainer pid=15034)[0m [FullyAsyncTrainer] sample collected 13/64. mq_len: 21
[36m(FullyAsyncTrainer pid=15034)[0m [FullyAsyncTrainer] sample collected 14/64. mq_len: 20
[36m(FullyAsyncTrainer pid=15034)[0m [FullyAsyncTrainer] sample collected 15/64. mq_len: 19
[36m(FullyAsyncTrainer pid=15034)[0m [FullyAsyncTrainer] sample collected 16/64. mq_len: 18
[36m(FullyAsyncTrainer pid=15034)[0m [FullyAsyncTrainer] sample collected 17/64. mq_len: 17
[36m(FullyAsyncTrainer pid=15034)[0m [FullyAsyncTrainer] sample collected 18/64. mq_len: 16
[36m(FullyAsyncTrainer pid=15034)[0m [FullyAsyncTrainer] sample collected 19/64. mq_len: 15
[36m(FullyAsyncTrainer pid=15034)[0m [FullyAsyncTrainer] sample collected 20/64. mq_len: 14
[36m(FullyAsyncTrainer pid=15034)[0m [FullyAsyncTrainer] sample collected 21/64. mq_len: 13
[36m(FullyAsyncTrainer pid=15034)[0m [FullyAsyncTrainer] sample collected 22/64. mq_len: 12
[36m(FullyAsyncTrainer pid=15034)[0m [FullyAsyncTrainer] sample collected 23/64. mq_len: 11
[36m(FullyAsyncTrainer pid=15034)[0m [FullyAsyncTrainer] sample collected 24/64. mq_len: 10
[36m(FullyAsyncTrainer pid=15034)[0m [FullyAsyncTrainer] sample collected 25/64. mq_len: 9
[36m(FullyAsyncTrainer pid=15034)[0m [FullyAsyncTrainer] sample collected 26/64. mq_len: 8
[36m(FullyAsyncTrainer pid=15034)[0m [FullyAsyncTrainer] sample collected 27/64. mq_len: 7
[36m(FullyAsyncTrainer pid=15034)[0m [FullyAsyncTrainer] sample collected 28/64. mq_len: 6
[36m(FullyAsyncTrainer pid=15034)[0m [FullyAsyncTrainer] sample collected 29/64. mq_len: 5
[36m(FullyAsyncTrainer pid=15034)[0m [FullyAsyncTrainer] sample collected 30/64. mq_len: 4
[36m(FullyAsyncTrainer pid=15034)[0m [FullyAsyncTrainer] sample collected 31/64. mq_len: 3
[36m(FullyAsyncTrainer pid=15034)[0m [FullyAsyncTrainer] sample collected 32/64. mq_len: 2
[36m(FullyAsyncTrainer pid=15034)[0m [FullyAsyncTrainer] sample collected 33/64. mq_len: 1
[36m(FullyAsyncTrainer pid=15034)[0m Training Progress:   5%|▌         | 4/80 [16:40<4:52:40, 231.05s/it]
[36m(FullyAsyncTrainer pid=15034)[0m [FullyAsyncTrainer] sample collected 34/64. mq_len: 0
[36m(FullyAsyncTrainer pid=15034)[0m [FullyAsyncTrainer] sample collected 35/64. mq_len: 0
[36m(FullyAsyncTrainer pid=15034)[0m [FullyAsyncTrainer] sample collected 36/64. mq_len: 0
[36m(FullyAsyncTrainer pid=15034)[0m [FullyAsyncTrainer] sample collected 37/64. mq_len: 0
[36m(FullyAsyncTrainer pid=15034)[0m [FullyAsyncTrainer] sample collected 38/64. mq_len: 0
[36m(FullyAsyncTrainer pid=15034)[0m [FullyAsyncTrainer] sample collected 39/64. mq_len: 0
[36m(FullyAsyncTrainer pid=15034)[0m [FullyAsyncTrainer] sample collected 40/64. mq_len: 0
[36m(FullyAsyncTrainer pid=15034)[0m [FullyAsyncTrainer] sample collected 41/64. mq_len: 0
[36m(FullyAsyncRollouter pid=17033)[0m [FullyAsyncRollouter][MonitorLoop][Statistics] {'count/dropped_stale_samples': 0,
[36m(FullyAsyncRollouter pid=17033)[0m  'count/staleness_samples': 57,
[36m(FullyAsyncRollouter pid=17033)[0m  'count/total_generated_samples': 297,
[36m(FullyAsyncRollouter pid=17033)[0m  'monitor/active_tasks_size': 16,
[36m(FullyAsyncRollouter pid=17033)[0m  'monitor/queue/mq_queue_size': 0,
[36m(FullyAsyncRollouter pid=17033)[0m  'monitor/queue/pending_queue_size': 128,
[36m(FullyAsyncRollouter pid=17033)[0m  'static/max_concurrent_samples': 16,
[36m(FullyAsyncRollouter pid=17033)[0m  'static/max_queue_size': 576,
[36m(FullyAsyncRollouter pid=17033)[0m  'static/max_required_samples': 576,
[36m(FullyAsyncRollouter pid=17033)[0m  'static/required_samples': 64,
[36m(FullyAsyncRollouter pid=17033)[0m  'static/staleness_threshold': 8}
[36m(FullyAsyncTrainer pid=15034)[0m [FullyAsyncTrainer] sample collected 42/64. mq_len: 0
[36m(FullyAsyncTrainer pid=15034)[0m [FullyAsyncTrainer] sample collected 43/64. mq_len: 0
[36m(FullyAsyncTrainer pid=15034)[0m [FullyAsyncTrainer] sample collected 44/64. mq_len: 0
[36m(MessageQueue pid=23825)[0m MessageQueue stats: produced=300, queue_size=1
[36m(FullyAsyncTrainer pid=15034)[0m [FullyAsyncTrainer] sample collected 45/64. mq_len: 0
[36m(FullyAsyncTrainer pid=15034)[0m [FullyAsyncTrainer] sample collected 46/64. mq_len: 0
[36m(FullyAsyncTrainer pid=15034)[0m [FullyAsyncTrainer] sample collected 47/64. mq_len: 0
[36m(FullyAsyncTrainer pid=15034)[0m [FullyAsyncTrainer] sample collected 48/64. mq_len: 0
[36m(FullyAsyncTrainer pid=15034)[0m [FullyAsyncTrainer] sample collected 49/64. mq_len: 0
[36m(FullyAsyncTrainer pid=15034)[0m [FullyAsyncTrainer] sample collected 50/64. mq_len: 0
[36m(FullyAsyncTrainer pid=15034)[0m [FullyAsyncTrainer] sample collected 51/64. mq_len: 0
[36m(FullyAsyncTrainer pid=15034)[0m [FullyAsyncTrainer] sample collected 52/64. mq_len: 0
[36m(FullyAsyncTrainer pid=15034)[0m [FullyAsyncTrainer] sample collected 53/64. mq_len: 0
[36m(FullyAsyncTrainer pid=15034)[0m [FullyAsyncTrainer] sample collected 54/64. mq_len: 0
[36m(FullyAsyncTrainer pid=15034)[0m [FullyAsyncTrainer] sample collected 55/64. mq_len: 0
[36m(FullyAsyncTrainer pid=15034)[0m [FullyAsyncTrainer] sample collected 56/64. mq_len: 0
[36m(FullyAsyncTrainer pid=15034)[0m [FullyAsyncTrainer] sample collected 57/64. mq_len: 0
[36m(FullyAsyncTrainer pid=15034)[0m [FullyAsyncTrainer] sample collected 58/64. mq_len: 0
[36m(FullyAsyncTrainer pid=15034)[0m [FullyAsyncTrainer] sample collected 59/64. mq_len: 0
[36m(FullyAsyncTrainer pid=15034)[0m [FullyAsyncTrainer] sample collected 60/64. mq_len: 0
[36m(FullyAsyncTrainer pid=15034)[0m [FullyAsyncTrainer] sample collected 61/64. mq_len: 0
[36m(FullyAsyncTrainer pid=15034)[0m [FullyAsyncTrainer] sample collected 62/64. mq_len: 0
[36m(FullyAsyncTrainer pid=15034)[0m [FullyAsyncTrainer] sample collected 63/64. mq_len: 0
[36m(FullyAsyncRollouter pid=17033)[0m [FullyAsyncRollouter][MonitorLoop][Statistics] {'count/dropped_stale_samples': 0,
[36m(FullyAsyncRollouter pid=17033)[0m  'count/staleness_samples': 79,
[36m(FullyAsyncRollouter pid=17033)[0m  'count/total_generated_samples': 319,
[36m(FullyAsyncRollouter pid=17033)[0m  'monitor/active_tasks_size': 16,
[36m(FullyAsyncRollouter pid=17033)[0m  'monitor/queue/mq_queue_size': 0,
[36m(FullyAsyncRollouter pid=17033)[0m  'monitor/queue/pending_queue_size': 128,
[36m(FullyAsyncRollouter pid=17033)[0m  'static/max_concurrent_samples': 16,
[36m(FullyAsyncRollouter pid=17033)[0m  'static/max_queue_size': 576,
[36m(FullyAsyncRollouter pid=17033)[0m  'static/max_required_samples': 576,
[36m(FullyAsyncRollouter pid=17033)[0m  'static/required_samples': 64,
[36m(FullyAsyncRollouter pid=17033)[0m  'static/staleness_threshold': 8}
[36m(FullyAsyncTrainer pid=15034)[0m [FullyAsyncTrainer] sample collected 64/64. mq_len: 0
[36m(FullyAsyncTrainer pid=15034)[0m [FullyAsyncTrainer] Collected 64/64 samples. mq_len: 0
[36m(FullyAsyncTrainer pid=15034)[0m [FullyAsyncTrainer] Loop collection completed: 64/64 samples, total wait time: 96.71 seconds. mq_len: 0
[36m(FullyAsyncTrainer pid=15034)[0m [BatchUtils] Assembling batch from 64 RolloutSample objects
[36m(FullyAsyncTrainer pid=15034)[0m [BatchUtils] Batch assembly completed in 0.24s
[36m(FullyAsyncRollouter pid=17033)[0m [FullyAsyncRollouter][MonitorLoop][Statistics] {'count/dropped_stale_samples': 0,
[36m(FullyAsyncRollouter pid=17033)[0m  'count/staleness_samples': 101,
[36m(FullyAsyncRollouter pid=17033)[0m  'count/total_generated_samples': 341,
[36m(FullyAsyncRollouter pid=17033)[0m  'monitor/active_tasks_size': 16,
[36m(FullyAsyncRollouter pid=17033)[0m  'monitor/queue/mq_queue_size': 21,
[36m(FullyAsyncRollouter pid=17033)[0m  'monitor/queue/pending_queue_size': 128,
[36m(FullyAsyncRollouter pid=17033)[0m  'static/max_concurrent_samples': 16,
[36m(FullyAsyncRollouter pid=17033)[0m  'static/max_queue_size': 576,
[36m(FullyAsyncRollouter pid=17033)[0m  'static/max_required_samples': 576,
[36m(FullyAsyncRollouter pid=17033)[0m  'static/required_samples': 64,
[36m(FullyAsyncRollouter pid=17033)[0m  'static/staleness_threshold': 8}
[36m(FullyAsyncTrainer pid=15034)[0m [FullyAsyncTrainer] global_steps: 5 local_trigger_step: 1 trigger_parameter_sync_step: 1 00:15:58.216
[36m(vLLMHttpServer pid=19207)[0m (Worker pid=20572) WARNING 07-26 00:15:59 [layerwise.py:225] RotaryEmbedding: Failed to load weights
[36m(vLLMHttpServer pid=19207)[0m (EngineCore pid=20179) WARNING 07-26 00:15:59 [scheduler.py:1919] reset_connector called but no KV connector is configured.
[36m(FullyAsyncRollouter pid=17033)[0m [FullyAsyncRollouter][MonitorLoop][Statistics] {'count/dropped_stale_samples': 0,
[36m(FullyAsyncRollouter pid=17033)[0m  'count/staleness_samples': 118,
[36m(FullyAsyncRollouter pid=17033)[0m  'count/total_generated_samples': 358,
[36m(FullyAsyncRollouter pid=17033)[0m  'monitor/active_tasks_size': 16,
[36m(FullyAsyncRollouter pid=17033)[0m  'monitor/queue/mq_queue_size': 38,
[36m(FullyAsyncRollouter pid=17033)[0m  'monitor/queue/pending_queue_size': 128,
[36m(FullyAsyncRollouter pid=17033)[0m  'static/max_concurrent_samples': 16,
[36m(FullyAsyncRollouter pid=17033)[0m  'static/max_queue_size': 576,
[36m(FullyAsyncRollouter pid=17033)[0m  'static/max_required_samples': 576,
[36m(FullyAsyncRollouter pid=17033)[0m  'static/required_samples': 64,
[36m(FullyAsyncRollouter pid=17033)[0m  'static/staleness_threshold': 8}
[36m(FullyAsyncTrainer pid=15034)[0m [FullyAsyncTrainer] _fit_update_weights, timing_s/param_sync: 1.1912 seconds self.current_param_version: 5
[36m(FullyAsyncTrainer pid=15034)[0m step:5 - fully_async/rollouter/active_time:254.27483582496643 - fully_async/rollouter/version_time:254.27483582496643 - fully_async/rollouter/idle_ratio:0 - fully_async/rollouter/step_generated_samples:69 - dynamic_resource/rollout_resource_utilization:0.9999992137293967
[36m(FullyAsyncTrainer pid=15034)[0m aggregated metrics done. cost 0.0002 seconds.
[36m(FullyAsyncTrainer pid=15034)[0m step:5 - training/global_step:4.0 - training/epoch:0.0 - fully_async/count/stale_trajectory_processed:1035.0 - fully_async/count/current_param_version:3.0 - fully_async/processing_time/avg:39.13186684059766 - fully_async/processing_time/max:71.58339866899951 - fully_async/processing_time/min:4.548602587999994 - fully_async/processing_time/tp50:42.623705322000205 - fully_async/processing_time/tp99:71.17393285893054 - fully_async/processing_time/tp95:65.23651746129948 - fully_async/monitor/active_tasks_size:16.0 - fully_async/monitor/queue/pending_queue_size:128.0 - fully_async/monitor/queue/mq_queue_size:0.0 - fully_async/count/total_generated_samples:192.0 - fully_async/count/staleness_samples:80.0 - fully_async/count/dropped_stale_samples:0.0 - fully_async/static/max_required_samples:576.0 - fully_async/static/required_samples:64.0 - fully_async/static/staleness_threshold:8.0 - fully_async/static/max_queue_size:576.0 - fully_async/static/max_concurrent_samples:16.0 - fully_async/partial/total_partial_num:102.0 - fully_async/partial/partial_ratio:0.19921875 - fully_async/partial/max_partial_span:1.0 - timing_s/agent_loop/tool_calls/max:0.0 - timing_s/agent_loop/tool_calls/min:0.0 - timing_s/agent_loop/tool_calls/mean:0.0 - fully_async/total_wait_time:62.03213167190552 - actor/pg_clipfrac:0.0002445787097713037 - actor/ppo_kl:0.0005603637110652926 - actor/pg_clipfrac_lower:1.4009603243418194e-06 - actor/pg_loss:0.05020259868251742 - actor/loss:0.05020260065793991 - actor/grad_norm:0.028023945167660713 - actor/lr:1e-06 - actor/perf/max_memory_allocated_gb:40.25760555267334 - actor/perf/max_memory_reserved_gb:72.3984375 - actor/perf/cpu_memory_used_gb:51.803035736083984 - perf/mfu/actor:0.32541074126924724 - dynamic_resource/train_compute_time_s:115.41407558099945 - dynamic_resource/train_allocated_time_s:203.8466465473175 - critic/score/mean:-0.46875 - critic/score/max:1.0 - critic/score/min:-1.0 - critic/rewards/mean:-0.46875 - critic/rewards/max:1.0 - critic/rewards/min:-1.0 - critic/advantages/mean:-0.0501873753964901 - critic/advantages/max:2.474870204925537 - critic/advantages/min:-2.474870204925537 - critic/returns/mean:-0.0501873753964901 - critic/returns/max:2.474870204925537 - critic/returns/min:-2.474870204925537 - response_length/mean:5582.583984375 - response_length/max:8192.0 - response_length/min:708.0 - response_length/clip_ratio:0.384765625 - response_length_non_aborted/mean:5582.583984375 - response_length_non_aborted/max:8192.0 - response_length_non_aborted/min:708.0 - response_length_non_aborted/clip_ratio:0.384765625 - response/aborted_ratio:0.0 - prompt_length/mean:149.375 - prompt_length/max:411.0 - prompt_length/min:80.0 - prompt_length/clip_ratio:0.0 - num_turns/min:2.0 - num_turns/max:2.0 - num_turns/mean:2.0 - timing_s/start_profile:7.2129996624425985e-06 - timing_s/gen:62.37037474899989 - timing_s/reward:2.2120999346952885e-05 - timing_s/adv:0.009692157999779738 - timing_s/update_actor:115.40436130200032 - timing_s/timing_s/param_sync:1.2195291399993948 - timing_s/step:203.84666674599976 - timing_s/stop_profile:5.27099928149255e-06 - timing_per_token_ms/adv:3.3025351620487713e-06 - timing_per_token_ms/update_actor:0.039323230292190654 - timing_per_token_ms/gen:0.02182092352261826 - perf/total_num_tokens:2934763.0 - perf/time_per_step:203.84666674599976 - perf/throughput:7198.457170891148 - dynamic_resource/mq_size:34.0 - fully_async/trainer/idle_ratio:0.3059671062795234 - dynamic_resource/train_resource_utilization:0.5661808890940435 - dynamic_resource/rollout_resource_utilization:0.9999992137293967 - dynamic_resource/resource_utilization:0.7830900514117201
[36m(FullyAsyncTrainer pid=15034)[0m [FullyAsyncTrainer] Requesting 64 samples from queue
[36m(FullyAsyncTrainer pid=15034)[0m [FullyAsyncTrainer] sample collected 1/64. mq_len: 38
[36m(FullyAsyncTrainer pid=15034)[0m [FullyAsyncTrainer] sample collected 2/64. mq_len: 37
[36m(FullyAsyncTrainer pid=15034)[0m [FullyAsyncTrainer] sample collected 3/64. mq_len: 36
[36m(FullyAsyncTrainer pid=15034)[0m [FullyAsyncTrainer] sample collected 4/64. mq_len: 35
[36m(FullyAsyncTrainer pid=15034)[0m [FullyAsyncTrainer] sample collected 5/64. mq_len: 34
[36m(FullyAsyncTrainer pid=15034)[0m [FullyAsyncTrainer] sample collected 6/64. mq_len: 33
[36m(FullyAsyncTrainer pid=15034)[0m [FullyAsyncTrainer] sample collected 7/64. mq_len: 32
[36m(FullyAsyncTrainer pid=15034)[0m [FullyAsyncTrainer] sample collected 8/64. mq_len: 31
[36m(FullyAsyncTrainer pid=15034)[0m [FullyAsyncTrainer] sample collected 9/64. mq_len: 30
[36m(FullyAsyncTrainer pid=15034)[0m Training Progress:   6%|▋         | 5/80 [20:54<4:59:17, 239.43s/it]
[36m(FullyAsyncRollouter pid=17033)[0m [FullyAsyncRollouter][RolloutResourceUtilization] raw active_count_history (timestamp, active_count, max_concurrent): [(1785024726.9800758, 15, 16), (1785024726.980215, 16, 16), (1785024736.8841274, 15, 16), (1785024736.8841522, 16, 16), (1785024740.4693313, 15, 16), (1785024740.4693897, 16, 16), (1785024740.7268436, 15, 16), (1785024740.7268639, 16, 16), (1785024743.3932204, 15, 16), (1785024743.3932433, 16, 16), (1785024744.0884383, 15, 16), (1785024744.0884612, 16, 16), (1785024744.2939513, 15, 16), (1785024744.2939718, 16, 16), (1785024744.3913085, 15, 16), (1785024744.3913271, 16, 16), (1785024756.827891, 15, 16), (1785024756.827939, 16, 16), (1785024757.3926103, 15, 16), (1785024757.3926318, 16, 16), (1785024759.0492835, 15, 16), (1785024759.0493047, 16, 16), (1785024759.755166, 15, 16), (1785024759.7551906, 16, 16), (1785024763.2143729, 15, 16), (1785024763.2143948, 16, 16), (1785024767.5304594, 15, 16), (1785024767.5305035, 16, 16), (1785024768.1867476, 15, 16), (1785024768.1867695, 16, 16), (1785024768.796616, 15, 16), (1785024768.7966366, 16, 16), (1785024783.1015437, 15, 16), (1785024783.10159, 16, 16), (1785024788.8709936, 15, 16), (1785024788.8710165, 16, 16), (1785024798.6160803, 15, 16), (1785024798.6161273, 16, 16), (1785024802.0633013, 15, 16), (1785024802.063323, 16, 16), (1785024805.5709522, 15, 16), (1785024805.570975, 16, 16), (1785024805.748379, 15, 16), (1785024805.7483988, 16, 16), (1785024805.8637214, 15, 16), (1785024805.863741, 16, 16), (1785024805.951482, 15, 16), (1785024805.9515002, 16, 16), (1785024813.1011012, 15, 16), (1785024813.1011474, 16, 16), (1785024813.5936997, 15, 16), (1785024813.5937247, 16, 16), (1785024817.8602645, 15, 16), (1785024817.8602867, 16, 16), (1785024818.0678306, 15, 16), (1785024818.0678513, 16, 16), (1785024820.2264092, 15, 16), (1785024820.2264302, 16, 16), (1785024822.593472, 15, 16), (1785024822.5934923, 16, 16), (1785024823.7161138, 15, 16), (1785024823.7161608, 16, 16), (1785024827.6401694, 15, 16), (1785024827.640191, 16, 16), (1785024829.2031345, 15, 16), (1785024829.2031565, 16, 16), (1785024829.2242336, 15, 16), (1785024829.2242491, 16, 16), (1785024842.1490688, 15, 16), (1785024842.1491148, 16, 16), (1785024844.4548528, 15, 16), (1785024844.454874, 16, 16), (1785024859.6508389, 15, 16), (1785024859.6508868, 16, 16), (1785024859.7320757, 15, 16), (1785024859.732094, 16, 16), (1785024862.424522, 15, 16), (1785024862.4245489, 16, 16), (1785024863.6917543, 15, 16), (1785024863.691775, 16, 16), (1785024863.7354429, 15, 16), (1785024863.7354605, 16, 16), (1785024863.7429092, 15, 16), (1785024863.7429252, 16, 16), (1785024865.8462496, 15, 16), (1785024865.8462708, 16, 16), (1785024871.0565104, 15, 16), (1785024871.056558, 16, 16), (1785024872.0538023, 15, 16), (1785024872.053833, 16, 16), (1785024875.8747745, 15, 16), (1785024875.8747966, 16, 16), (1785024879.6821706, 15, 16), (1785024879.6821938, 16, 16), (1785024879.9731345, 15, 16), (1785024879.9731555, 16, 16), (1785024881.265116, 15, 16), (1785024881.2651598, 16, 16), (1785024881.690373, 15, 16), (1785024881.690394, 16, 16), (1785024883.6114314, 15, 16), (1785024883.6114528, 16, 16), (1785024885.2577343, 15, 16), (1785024885.257755, 16, 16), (1785024900.2569335, 15, 16), (1785024900.256994, 16, 16), (1785024902.4592738, 15, 16), (1785024902.4593017, 16, 16), (1785024904.423985, 15, 16), (1785024904.424021, 16, 16), (1785024916.7882662, 15, 16), (1785024916.7883248, 16, 16), (1785024920.8494823, 15, 16), (1785024920.8495076, 16, 16), (1785024921.641003, 15, 16), (1785024921.6410306, 16, 16), (1785024921.644589, 15, 16), (1785024921.6446097, 16, 16), (1785024924.6385658, 15, 16), (1785024924.6385925, 16, 16), (1785024930.6027687, 15, 16), (1785024930.602839, 16, 16), (1785024935.1274261, 15, 16), (1785024935.127455, 16, 16), (1785024936.871131, 15, 16), (1785024936.8711588, 16, 16), (1785024939.872246, 15, 16), (1785024939.8722749, 16, 16), (1785024940.804152, 15, 16), (1785024940.804216, 16, 16), (1785024941.9480014, 15, 16), (1785024941.9480302, 16, 16), (1785024942.5307539, 15, 16), (1785024942.5307813, 16, 16), (1785024946.1602051, 15, 16), (1785024946.160234, 16, 16), (1785024953.826205, 15, 16), (1785024953.826268, 16, 16), (1785024981.2539477, 15, 16), (1785024981.2549767, 15, 16)]
[36m(FullyAsyncRollouter pid=17033)[0m [FullyAsyncRollouter][Public][reset_staleness] reset staleness_samples to: 54 idle_ratio: 0.0000 step_generated_samples(this_step): 69 rollout_resource_utilization: 1.0000 recent_history(last 10 steps): [(2, 110), (3, 51), (4, 75), (5, 54), (6, 69)]
[36m(FullyAsyncTrainer pid=15034)[0m [FullyAsyncTrainer] sample collected 10/64. mq_len: 29
[36m(FullyAsyncTrainer pid=15034)[0m [FullyAsyncTrainer] sample collected 11/64. mq_len: 28
[36m(FullyAsyncTrainer pid=15034)[0m [FullyAsyncTrainer] sample collected 12/64. mq_len: 27
[36m(FullyAsyncTrainer pid=15034)[0m [FullyAsyncTrainer] sample collected 13/64. mq_len: 26
[36m(FullyAsyncTrainer pid=15034)[0m [FullyAsyncTrainer] sample collected 14/64. mq_len: 25
[36m(FullyAsyncTrainer pid=15034)[0m [FullyAsyncTrainer] sample collected 15/64. mq_len: 24
[36m(FullyAsyncTrainer pid=15034)[0m [FullyAsyncTrainer] sample collected 16/64. mq_len: 23
[36m(FullyAsyncTrainer pid=15034)[0m [FullyAsyncTrainer] sample collected 17/64. mq_len: 22
[36m(FullyAsyncTrainer pid=15034)[0m [FullyAsyncTrainer] sample collected 18/64. mq_len: 21
[36m(FullyAsyncTrainer pid=15034)[0m [FullyAsyncTrainer] sample collected 19/64. mq_len: 20
[36m(FullyAsyncTrainer pid=15034)[0m [FullyAsyncTrainer] sample collected 20/64. mq_len: 19
[36m(FullyAsyncTrainer pid=15034)[0m [FullyAsyncTrainer] sample collected 21/64. mq_len: 18
[36m(FullyAsyncTrainer pid=15034)[0m [FullyAsyncTrainer] sample collected 22/64. mq_len: 17
[36m(FullyAsyncTrainer pid=15034)[0m [FullyAsyncTrainer] sample collected 23/64. mq_len: 16
[36m(FullyAsyncTrainer pid=15034)[0m [FullyAsyncTrainer] sample collected 24/64. mq_len: 15
[36m(FullyAsyncTrainer pid=15034)[0m [FullyAsyncTrainer] sample collected 25/64. mq_len: 14
[36m(FullyAsyncTrainer pid=15034)[0m [FullyAsyncTrainer] sample collected 26/64. mq_len: 13
[36m(FullyAsyncTrainer pid=15034)[0m [FullyAsyncTrainer] sample collected 27/64. mq_len: 12
[36m(FullyAsyncTrainer pid=15034)[0m [FullyAsyncTrainer] sample collected 28/64. mq_len: 11
[36m(FullyAsyncTrainer pid=15034)[0m [FullyAsyncTrainer] sample collected 29/64. mq_len: 10
[36m(FullyAsyncTrainer pid=15034)[0m [FullyAsyncTrainer] sample collected 30/64. mq_len: 9
[36m(FullyAsyncTrainer pid=15034)[0m [FullyAsyncTrainer] sample collected 31/64. mq_len: 8
[36m(FullyAsyncTrainer pid=15034)[0m [FullyAsyncTrainer] sample collected 32/64. mq_len: 7
[36m(FullyAsyncTrainer pid=15034)[0m [FullyAsyncTrainer] sample collected 33/64. mq_len: 6
[36m(FullyAsyncTrainer pid=15034)[0m [FullyAsyncTrainer] sample collected 34/64. mq_len: 5
[36m(FullyAsyncTrainer pid=15034)[0m [FullyAsyncTrainer] sample collected 35/64. mq_len: 4
[36m(FullyAsyncTrainer pid=15034)[0m [FullyAsyncTrainer] sample collected 36/64. mq_len: 3
[36m(FullyAsyncTrainer pid=15034)[0m [FullyAsyncTrainer] sample collected 37/64. mq_len: 2
[36m(FullyAsyncTrainer pid=15034)[0m [FullyAsyncTrainer] sample collected 38/64. mq_len: 1
[36m(FullyAsyncTrainer pid=15034)[0m [FullyAsyncTrainer] sample collected 39/64. mq_len: 0
[36m(FullyAsyncTrainer pid=15034)[0m [FullyAsyncTrainer] sample collected 40/64. mq_len: 0
[36m(FullyAsyncTrainer pid=15034)[0m [FullyAsyncTrainer] sample collected 41/64. mq_len: 0
[36m(FullyAsyncTrainer pid=15034)[0m [FullyAsyncTrainer] sample collected 42/64. mq_len: 0
[36m(FullyAsyncTrainer pid=15034)[0m [FullyAsyncTrainer] sample collected 43/64. mq_len: 0
[36m(FullyAsyncTrainer pid=15034)[0m [FullyAsyncTrainer] sample collected 44/64. mq_len: 0
[36m(FullyAsyncTrainer pid=15034)[0m [FullyAsyncTrainer] sample collected 45/64. mq_len: 0
[36m(FullyAsyncTrainer pid=15034)[0m [FullyAsyncTrainer] sample collected 46/64. mq_len: 0
[36m(FullyAsyncTrainer pid=15034)[0m [FullyAsyncTrainer] sample collected 47/64. mq_len: 0
[36m(FullyAsyncTrainer pid=15034)[0m [FullyAsyncTrainer] sample collected 48/64. mq_len: 0
[36m(FullyAsyncTrainer pid=15034)[0m [FullyAsyncTrainer] sample collected 49/64. mq_len: 0
[36m(FullyAsyncTrainer pid=15034)[0m [FullyAsyncTrainer] sample collected 50/64. mq_len: 0
[36m(FullyAsyncTrainer pid=15034)[0m [FullyAsyncTrainer] sample collected 51/64. mq_len: 0
[36m(FullyAsyncTrainer pid=15034)[0m [FullyAsyncTrainer] sample collected 52/64. mq_len: 0
[36m(FullyAsyncRollouter pid=17033)[0m [FullyAsyncRollouter][MonitorLoop][Statistics] {'count/dropped_stale_samples': 0,
[36m(FullyAsyncRollouter pid=17033)[0m  'count/staleness_samples': 68,
[36m(FullyAsyncRollouter pid=17033)[0m  'count/total_generated_samples': 372,
[36m(FullyAsyncRollouter pid=17033)[0m  'monitor/active_tasks_size': 16,
[36m(FullyAsyncRollouter pid=17033)[0m  'monitor/queue/mq_queue_size': 0,
[36m(FullyAsyncRollouter pid=17033)[0m  'monitor/queue/pending_queue_size': 128,
[36m(FullyAsyncRollouter pid=17033)[0m  'static/max_concurrent_samples': 16,
[36m(FullyAsyncRollouter pid=17033)[0m  'static/max_queue_size': 576,
[36m(FullyAsyncRollouter pid=17033)[0m  'static/max_required_samples': 576,
[36m(FullyAsyncRollouter pid=17033)[0m  'static/required_samples': 64,
[36m(FullyAsyncRollouter pid=17033)[0m  'static/staleness_threshold': 8}
[36m(FullyAsyncTrainer pid=15034)[0m [FullyAsyncTrainer] sample collected 53/64. mq_len: 0
[36m(FullyAsyncTrainer pid=15034)[0m [FullyAsyncTrainer] sample collected 54/64. mq_len: 0
[36m(FullyAsyncTrainer pid=15034)[0m [FullyAsyncTrainer] sample collected 55/64. mq_len: 0
[36m(FullyAsyncTrainer pid=15034)[0m [FullyAsyncTrainer] sample collected 56/64. mq_len: 0
[36m(FullyAsyncTrainer pid=15034)[0m [FullyAsyncTrainer] sample collected 57/64. mq_len: 0
[36m(FullyAsyncTrainer pid=15034)[0m [FullyAsyncTrainer] sample collected 58/64. mq_len: 0
[36m(FullyAsyncTrainer pid=15034)[0m [FullyAsyncTrainer] sample collected 59/64. mq_len: 0
[36m(FullyAsyncTrainer pid=15034)[0m [FullyAsyncTrainer] sample collected 60/64. mq_len: 0
[36m(FullyAsyncTrainer pid=15034)[0m [FullyAsyncTrainer] sample collected 61/64. mq_len: 0
[36m(FullyAsyncTrainer pid=15034)[0m [FullyAsyncTrainer] sample collected 62/64. mq_len: 0
[36m(FullyAsyncTrainer pid=15034)[0m [FullyAsyncTrainer] sample collected 63/64. mq_len: 0
[36m(FullyAsyncTrainer pid=15034)[0m [FullyAsyncTrainer] sample collected 64/64. mq_len: 0
[36m(FullyAsyncTrainer pid=15034)[0m [FullyAsyncTrainer] Collected 64/64 samples. mq_len: 0
[36m(FullyAsyncTrainer pid=15034)[0m [FullyAsyncTrainer] Loop collection completed: 64/64 samples, total wait time: 95.43 seconds. mq_len: 0
[36m(FullyAsyncTrainer pid=15034)[0m [BatchUtils] Assembling batch from 64 RolloutSample objects
[36m(FullyAsyncTrainer pid=15034)[0m [BatchUtils] Batch assembly completed in 0.23s
[36m(FullyAsyncRollouter pid=17033)[0m [FullyAsyncRollouter][MonitorLoop][Statistics] {'count/dropped_stale_samples': 0,
[36m(FullyAsyncRollouter pid=17033)[0m  'count/staleness_samples': 87,
[36m(FullyAsyncRollouter pid=17033)[0m  'count/total_generated_samples': 391,
[36m(FullyAsyncRollouter pid=17033)[0m  'monitor/active_tasks_size': 16,
[36m(FullyAsyncRollouter pid=17033)[0m  'monitor/queue/mq_queue_size': 7,
[36m(FullyAsyncRollouter pid=17033)[0m  'monitor/queue/pending_queue_size': 128,
[36m(FullyAsyncRollouter pid=17033)[0m  'static/max_concurrent_samples': 16,
[36m(FullyAsyncRollouter pid=17033)[0m  'static/max_queue_size': 576,
[36m(FullyAsyncRollouter pid=17033)[0m  'static/max_required_samples': 576,
[36m(FullyAsyncRollouter pid=17033)[0m  'static/required_samples': 64,
[36m(FullyAsyncRollouter pid=17033)[0m  'static/staleness_threshold': 8}
[36m(MessageQueue pid=23825)[0m MessageQueue stats: produced=400, queue_size=16
[36m(FullyAsyncRollouter pid=17033)[0m [FullyAsyncRollouter][MonitorLoop][Statistics] {'count/dropped_stale_samples': 0,
[36m(FullyAsyncRollouter pid=17033)[0m  'count/staleness_samples': 103,
[36m(FullyAsyncRollouter pid=17033)[0m  'count/total_generated_samples': 407,
[36m(FullyAsyncRollouter pid=17033)[0m  'monitor/active_tasks_size': 16,
[36m(FullyAsyncRollouter pid=17033)[0m  'monitor/queue/mq_queue_size': 23,
[36m(FullyAsyncRollouter pid=17033)[0m  'monitor/queue/pending_queue_size': 128,
[36m(FullyAsyncRollouter pid=17033)[0m  'static/max_concurrent_samples': 16,
[36m(FullyAsyncRollouter pid=17033)[0m  'static/max_queue_size': 576,
[36m(FullyAsyncRollouter pid=17033)[0m  'static/max_required_samples': 576,
[36m(FullyAsyncRollouter pid=17033)[0m  'static/required_samples': 64,
[36m(FullyAsyncRollouter pid=17033)[0m  'static/staleness_threshold': 8}
[36m(FullyAsyncTrainer pid=15034)[0m [FullyAsyncTrainer] global_steps: 6 local_trigger_step: 1 trigger_parameter_sync_step: 1 00:20:11.304
[36m(vLLMHttpServer pid=19207)[0m (Worker pid=20572) WARNING 07-26 00:20:12 [layerwise.py:225] RotaryEmbedding: Failed to load weights
[36m(vLLMHttpServer pid=19207)[0m (EngineCore pid=20179) WARNING 07-26 00:20:12 [scheduler.py:1919] reset_connector called but no KV connector is configured.
[36m(FullyAsyncTrainer pid=15034)[0m [FullyAsyncTrainer] _fit_update_weights, timing_s/param_sync: 1.2207 seconds self.current_param_version: 6
[36m(FullyAsyncTrainer pid=15034)[0m step:6 - fully_async/rollouter/active_time:247.16260051727295 - fully_async/rollouter/version_time:247.16260051727295 - fully_async/rollouter/idle_ratio:0 - fully_async/rollouter/step_generated_samples:64 - dynamic_resource/rollout_resource_utilization:0.9999991431141435
[36m(FullyAsyncTrainer pid=15034)[0m aggregated metrics done. cost 0.0002 seconds.
[36m(FullyAsyncTrainer pid=15034)[0m step:6 - training/global_step:5.0 - training/epoch:0.0 - fully_async/count/stale_trajectory_processed:1308.0 - fully_async/count/current_param_version:4.0 - fully_async/processing_time/avg:50.289171933087886 - fully_async/processing_time/max:81.57178934100011 - fully_async/processing_time/min:5.837529751000147 - fully_async/processing_time/tp50:58.13008505800053 - fully_async/processing_time/tp99:81.48086656349969 - fully_async/processing_time/tp95:80.81646279470029 - fully_async/monitor/active_tasks_size:16.0 - fully_async/monitor/queue/pending_queue_size:128.0 - fully_async/monitor/queue/mq_queue_size:0.0 - fully_async/count/total_generated_samples:256.0 - fully_async/count/staleness_samples:80.0 - fully_async/count/dropped_stale_samples:0.0 - fully_async/static/max_required_samples:576.0 - fully_async/static/required_samples:64.0 - fully_async/static/staleness_threshold:8.0 - fully_async/static/max_queue_size:576.0 - fully_async/static/max_concurrent_samples:16.0 - fully_async/partial/total_partial_num:119.0 - fully_async/partial/partial_ratio:0.232421875 - fully_async/partial/max_partial_span:1.0 - timing_s/agent_loop/tool_calls/max:0.0 - timing_s/agent_loop/tool_calls/min:0.0 - timing_s/agent_loop/tool_calls/mean:0.0 - fully_async/total_wait_time:96.7085976600647 - actor/pg_clipfrac:0.0002504183952808397 - actor/ppo_kl:0.0006795169591487797 - actor/pg_clipfrac_lower:1.5058663268354249e-06 - actor/pg_loss:0.041572784884010616 - actor/loss:0.04157278686761856 - actor/grad_norm:0.024695418775081635 - actor/lr:1e-06 - actor/perf/max_memory_allocated_gb:40.25760555267334 - actor/perf/max_memory_reserved_gb:73.05859375 - actor/perf/cpu_memory_used_gb:51.06064987182617 - perf/mfu/actor:0.32463320181167593 - dynamic_resource/train_compute_time_s:134.16404743600106 - dynamic_resource/train_allocated_time_s:254.24603915214539 - critic/score/mean:-0.66015625 - critic/score/max:1.0 - critic/score/min:-1.0 - critic/rewards/mean:-0.66015625 - critic/rewards/max:1.0 - critic/rewards/min:-1.0 - critic/advantages/mean:-0.04156430438160896 - critic/advantages/max:2.474870204925537 - critic/advantages/min:-2.474870204925537 - critic/returns/mean:-0.04156430438160896 - critic/returns/max:2.474870204925537 - critic/returns/min:-2.474870204925537 - response_length/mean:6427.689453125 - response_length/max:8192.0 - response_length/min:732.0 - response_length/clip_ratio:0.521484375 - response_length_non_aborted/mean:6427.689453125 - response_length_non_aborted/max:8192.0 - response_length_non_aborted/min:732.0 - response_length_non_aborted/clip_ratio:0.521484375 - response/aborted_ratio:0.0 - prompt_length/mean:149.109375 - prompt_length/max:268.0 - prompt_length/min:88.0 - prompt_length/clip_ratio:0.0 - num_turns/min:2.0 - num_turns/max:2.0 - num_turns/mean:2.0 - timing_s/start_profile:6.7219998527434655e-06 - timing_s/gen:97.04108747999999 - timing_s/reward:2.2017000446794555e-05 - timing_s/adv:0.009505492000243976 - timing_s/update_actor:134.15451992700036 - timing_s/timing_s/param_sync:1.1911948860006305 - timing_s/step:254.24605921900002 - timing_s/stop_profile:6.369000402628444e-06 - timing_per_token_ms/adv:2.822864823473609e-06 - timing_per_token_ms/update_actor:0.0398401340195961 - timing_per_token_ms/gen:0.029487014792263812 - perf/total_num_tokens:3367321.0 - perf/time_per_step:254.24605921900002 - perf/throughput:6622.169504502505 - dynamic_resource/mq_size:39.0 - fully_async/trainer/idle_ratio:0.3816817762214032 - dynamic_resource/train_resource_utilization:0.5276937563448723 - dynamic_resource/rollout_resource_utilization:0.9999991431141435 - dynamic_resource/resource_utilization:0.7638464497295079
[36m(FullyAsyncTrainer pid=15034)[0m [FullyAsyncTrainer] Requesting 64 samples from queue
[36m(FullyAsyncTrainer pid=15034)[0m [FullyAsyncTrainer] sample collected 1/64. mq_len: 38
[36m(FullyAsyncTrainer pid=15034)[0m [FullyAsyncTrainer] sample collected 2/64. mq_len: 37
[36m(FullyAsyncTrainer pid=15034)[0m [FullyAsyncTrainer] sample collected 3/64. mq_len: 36
[36m(FullyAsyncTrainer pid=15034)[0m [FullyAsyncTrainer] sample collected 4/64. mq_len: 35
[36m(FullyAsyncTrainer pid=15034)[0m [FullyAsyncTrainer] sample collected 5/64. mq_len: 34
[36m(FullyAsyncTrainer pid=15034)[0m [FullyAsyncTrainer] sample collected 6/64. mq_len: 33
[36m(FullyAsyncTrainer pid=15034)[0m [FullyAsyncTrainer] sample collected 7/64. mq_len: 32
[36m(FullyAsyncTrainer pid=15034)[0m [FullyAsyncTrainer] sample collected 8/64. mq_len: 31
[36m(FullyAsyncTrainer pid=15034)[0m [FullyAsyncTrainer] sample collected 9/64. mq_len: 30
[36m(FullyAsyncTrainer pid=15034)[0m [FullyAsyncTrainer] sample collected 10/64. mq_len: 29
[36m(FullyAsyncTrainer pid=15034)[0m [FullyAsyncTrainer] sample collected 11/64. mq_len: 28
[36m(FullyAsyncTrainer pid=15034)[0m [FullyAsyncTrainer] sample collected 12/64. mq_len: 27
[36m(FullyAsyncTrainer pid=15034)[0m [FullyAsyncTrainer] sample collected 13/64. mq_len: 26
[36m(FullyAsyncTrainer pid=15034)[0m [FullyAsyncTrainer] sample collected 14/64. mq_len: 25
[36m(FullyAsyncTrainer pid=15034)[0m [FullyAsyncTrainer] sample collected 15/64. mq_len: 24
[36m(FullyAsyncTrainer pid=15034)[0m Training Progress:   8%|▊         | 6/80 [25:01<4:58:32, 242.06s/it]
[36m(FullyAsyncRollouter pid=17033)[0m [FullyAsyncRollouter][RolloutResourceUtilization] raw active_count_history (timestamp, active_count, max_concurrent): [(1785024981.2552943, 15, 16), (1785024981.2554395, 16, 16), (1785024983.7922924, 15, 16), (1785024983.7923205, 16, 16), (1785025000.8144696, 15, 16), (1785025000.814527, 16, 16), (1785025006.082161, 15, 16), (1785025006.0821908, 16, 16), (1785025007.013633, 15, 16), (1785025007.0136607, 16, 16), (1785025007.3727953, 15, 16), (1785025007.3728344, 16, 16), (1785025011.0916648, 15, 16), (1785025011.091725, 16, 16), (1785025018.0399618, 15, 16), (1785025018.0399952, 16, 16), (1785025023.0801818, 15, 16), (1785025023.0802398, 16, 16), (1785025025.5829475, 15, 16), (1785025025.5830135, 16, 16), (1785025028.3039582, 15, 16), (1785025028.3039844, 16, 16), (1785025029.0643954, 15, 16), (1785025029.0644262, 16, 16), (1785025031.3574414, 15, 16), (1785025031.3574789, 16, 16), (1785025031.4903903, 15, 16), (1785025031.4904141, 16, 16), (1785025033.9444866, 15, 16), (1785025033.944555, 16, 16), (1785025033.9532547, 15, 16), (1785025033.9532728, 16, 16), (1785025048.8964536, 15, 16), (1785025048.896507, 16, 16), (1785025050.2041411, 15, 16), (1785025050.2041676, 16, 16), (1785025052.3192937, 15, 16), (1785025052.3193188, 16, 16), (1785025060.4414735, 15, 16), (1785025060.4415257, 16, 16), (1785025067.016968, 15, 16), (1785025067.0169945, 16, 16), (1785025071.3686016, 15, 16), (1785025071.3686585, 16, 16), (1785025071.7190595, 15, 16), (1785025071.7190852, 16, 16), (1785025072.126152, 15, 16), (1785025072.1261787, 16, 16), (1785025074.7654815, 15, 16), (1785025074.7655065, 16, 16), (1785025076.7067366, 15, 16), (1785025076.7067623, 16, 16), (1785025080.5054357, 15, 16), (1785025080.5054634, 16, 16), (1785025084.8687613, 15, 16), (1785025084.868826, 16, 16), (1785025086.0941663, 15, 16), (1785025086.0941908, 16, 16), (1785025088.9269435, 15, 16), (1785025088.9269688, 16, 16), (1785025091.561424, 15, 16), (1785025091.5614467, 16, 16), (1785025091.583178, 15, 16), (1785025091.5831964, 16, 16), (1785025094.6029155, 15, 16), (1785025094.6029434, 16, 16), (1785025110.6491652, 15, 16), (1785025110.6492212, 16, 16), (1785025114.418374, 15, 16), (1785025114.4184117, 16, 16), (1785025122.1262035, 15, 16), (1785025122.1262596, 16, 16), (1785025129.2370362, 15, 16), (1785025129.2370613, 16, 16), (1785025134.4691644, 15, 16), (1785025134.46922, 16, 16), (1785025134.562276, 15, 16), (1785025134.5622988, 16, 16), (1785025134.758555, 15, 16), (1785025134.758581, 16, 16), (1785025137.940731, 15, 16), (1785025137.940757, 16, 16), (1785025139.843441, 15, 16), (1785025139.843466, 16, 16), (1785025143.4990387, 15, 16), (1785025143.499066, 16, 16), (1785025147.8777227, 15, 16), (1785025147.877777, 16, 16), (1785025148.7902546, 15, 16), (1785025148.7902808, 16, 16), (1785025150.3355408, 15, 16), (1785025150.3355663, 16, 16), (1785025154.4548564, 15, 16), (1785025154.454888, 16, 16), (1785025154.4977033, 15, 16), (1785025154.497724, 16, 16), (1785025157.189584, 15, 16), (1785025157.1896145, 16, 16), (1785025164.4636667, 15, 16), (1785025164.4637187, 16, 16), (1785025169.1612456, 15, 16), (1785025169.1612709, 16, 16), (1785025170.3599982, 15, 16), (1785025170.3600228, 16, 16), (1785025171.249308, 15, 16), (1785025171.2493343, 16, 16), (1785025174.1849544, 15, 16), (1785025174.1849818, 16, 16), (1785025182.3726976, 15, 16), (1785025182.3727608, 16, 16), (1785025193.299848, 15, 16), (1785025193.2999048, 16, 16), (1785025195.9534984, 15, 16), (1785025195.953523, 16, 16), (1785025196.4079185, 15, 16), (1785025196.407942, 16, 16), (1785025198.2500155, 15, 16), (1785025198.2500403, 16, 16), (1785025202.0442808, 15, 16), (1785025202.0443077, 16, 16), (1785025207.082825, 15, 16), (1785025207.08288, 16, 16), (1785025207.53971, 15, 16), (1785025207.5397332, 16, 16), (1785025208.1649864, 15, 16), (1785025208.165012, 16, 16), (1785025209.7437985, 15, 16), (1785025209.7438357, 16, 16), (1785025228.4169524, 15, 16), (1785025228.4179735, 15, 16)]
[36m(FullyAsyncRollouter pid=17033)[0m [FullyAsyncRollouter][Public][reset_staleness] reset staleness_samples to: 54 idle_ratio: 0.0000 step_generated_samples(this_step): 64 rollout_resource_utilization: 1.0000 recent_history(last 10 steps): [(2, 110), (3, 51), (4, 75), (5, 54), (6, 69), (7, 64)]
[36m(FullyAsyncTrainer pid=15034)[0m [FullyAsyncTrainer] sample collected 16/64. mq_len: 23
[36m(FullyAsyncTrainer pid=15034)[0m [FullyAsyncTrainer] sample collected 17/64. mq_len: 22
[36m(FullyAsyncTrainer pid=15034)[0m [FullyAsyncTrainer] sample collected 18/64. mq_len: 21
[36m(FullyAsyncTrainer pid=15034)[0m [FullyAsyncTrainer] sample collected 19/64. mq_len: 20
[36m(FullyAsyncTrainer pid=15034)[0m [FullyAsyncTrainer] sample collected 20/64. mq_len: 19
[36m(FullyAsyncTrainer pid=15034)[0m [FullyAsyncTrainer] sample collected 21/64. mq_len: 18
[36m(FullyAsyncTrainer pid=15034)[0m [FullyAsyncTrainer] sample collected 22/64. mq_len: 17
[36m(FullyAsyncTrainer pid=15034)[0m [FullyAsyncTrainer] sample collected 23/64. mq_len: 16
[36m(FullyAsyncTrainer pid=15034)[0m [FullyAsyncTrainer] sample collected 24/64. mq_len: 15
[36m(FullyAsyncTrainer pid=15034)[0m [FullyAsyncTrainer] sample collected 25/64. mq_len: 14
[36m(FullyAsyncTrainer pid=15034)[0m [FullyAsyncTrainer] sample collected 26/64. mq_len: 13
[36m(FullyAsyncTrainer pid=15034)[0m [FullyAsyncTrainer] sample collected 27/64. mq_len: 12
[36m(FullyAsyncTrainer pid=15034)[0m [FullyAsyncTrainer] sample collected 28/64. mq_len: 11
[36m(FullyAsyncTrainer pid=15034)[0m [FullyAsyncTrainer] sample collected 29/64. mq_len: 10
[36m(FullyAsyncTrainer pid=15034)[0m [FullyAsyncTrainer] sample collected 30/64. mq_len: 9
[36m(FullyAsyncTrainer pid=15034)[0m [FullyAsyncTrainer] sample collected 31/64. mq_len: 8
[36m(FullyAsyncTrainer pid=15034)[0m [FullyAsyncTrainer] sample collected 32/64. mq_len: 7
[36m(FullyAsyncTrainer pid=15034)[0m [FullyAsyncTrainer] sample collected 33/64. mq_len: 6
[36m(FullyAsyncTrainer pid=15034)[0m [FullyAsyncTrainer] sample collected 34/64. mq_len: 5
[36m(FullyAsyncTrainer pid=15034)[0m [FullyAsyncTrainer] sample collected 35/64. mq_len: 4
[36m(FullyAsyncTrainer pid=15034)[0m [FullyAsyncTrainer] sample collected 36/64. mq_len: 3
[36m(FullyAsyncTrainer pid=15034)[0m [FullyAsyncTrainer] sample collected 37/64. mq_len: 2
[36m(FullyAsyncTrainer pid=15034)[0m [FullyAsyncTrainer] sample collected 38/64. mq_len: 1
[36m(FullyAsyncTrainer pid=15034)[0m [FullyAsyncTrainer] sample collected 39/64. mq_len: 0
[36m(FullyAsyncTrainer pid=15034)[0m [FullyAsyncTrainer] sample collected 40/64. mq_len: 0
[36m(FullyAsyncTrainer pid=15034)[0m [FullyAsyncTrainer] sample collected 41/64. mq_len: 0
[36m(FullyAsyncTrainer pid=15034)[0m [FullyAsyncTrainer] sample collected 42/64. mq_len: 0
[36m(FullyAsyncRollouter pid=17033)[0m [FullyAsyncRollouter][MonitorLoop][Statistics] {'count/dropped_stale_samples': 0,
[36m(FullyAsyncRollouter pid=17033)[0m  'count/staleness_samples': 58,
[36m(FullyAsyncRollouter pid=17033)[0m  'count/total_generated_samples': 426,
[36m(FullyAsyncRollouter pid=17033)[0m  'monitor/active_tasks_size': 16,
[36m(FullyAsyncRollouter pid=17033)[0m  'monitor/queue/mq_queue_size': 0,
[36m(FullyAsyncRollouter pid=17033)[0m  'monitor/queue/pending_queue_size': 128,
[36m(FullyAsyncRollouter pid=17033)[0m  'static/max_concurrent_samples': 16,
[36m(FullyAsyncRollouter pid=17033)[0m  'static/max_queue_size': 576,
[36m(FullyAsyncRollouter pid=17033)[0m  'static/max_required_samples': 576,
[36m(FullyAsyncRollouter pid=17033)[0m  'static/required_samples': 64,
[36m(FullyAsyncRollouter pid=17033)[0m  'static/staleness_threshold': 8}
[36m(FullyAsyncTrainer pid=15034)[0m [FullyAsyncTrainer] sample collected 43/64. mq_len: 0
[36m(FullyAsyncTrainer pid=15034)[0m [FullyAsyncTrainer] sample collected 44/64. mq_len: 0
[36m(FullyAsyncTrainer pid=15034)[0m [FullyAsyncTrainer] sample collected 45/64. mq_len: 0
[36m(FullyAsyncTrainer pid=15034)[0m [FullyAsyncTrainer] sample collected 46/64. mq_len: 0
[36m(FullyAsyncTrainer pid=15034)[0m [FullyAsyncTrainer] sample collected 47/64. mq_len: 0
[36m(FullyAsyncTrainer pid=15034)[0m [FullyAsyncTrainer] sample collected 48/64. mq_len: 0
[36m(FullyAsyncTrainer pid=15034)[0m [FullyAsyncTrainer] sample collected 49/64. mq_len: 0
[36m(FullyAsyncTrainer pid=15034)[0m [FullyAsyncTrainer] sample collected 50/64. mq_len: 0
[36m(FullyAsyncTrainer pid=15034)[0m [FullyAsyncTrainer] sample collected 51/64. mq_len: 0
[36m(FullyAsyncTrainer pid=15034)[0m [FullyAsyncTrainer] sample collected 52/64. mq_len: 0
[36m(FullyAsyncTrainer pid=15034)[0m [FullyAsyncTrainer] sample collected 53/64. mq_len: 0
[36m(FullyAsyncTrainer pid=15034)[0m [FullyAsyncTrainer] sample collected 54/64. mq_len: 0
[36m(FullyAsyncTrainer pid=15034)[0m [FullyAsyncTrainer] sample collected 55/64. mq_len: 0
[36m(FullyAsyncTrainer pid=15034)[0m [FullyAsyncTrainer] sample collected 56/64. mq_len: 0
[36m(FullyAsyncTrainer pid=15034)[0m [FullyAsyncTrainer] sample collected 57/64. mq_len: 0
[36m(FullyAsyncTrainer pid=15034)[0m [FullyAsyncTrainer] sample collected 58/64. mq_len: 0
[36m(FullyAsyncTrainer pid=15034)[0m [FullyAsyncTrainer] sample collected 59/64. mq_len: 0
[36m(FullyAsyncTrainer pid=15034)[0m [FullyAsyncTrainer] sample collected 60/64. mq_len: 0
[36m(FullyAsyncTrainer pid=15034)[0m [FullyAsyncTrainer] sample collected 61/64. mq_len: 0
[36m(FullyAsyncRollouter pid=17033)[0m [FullyAsyncRollouter][MonitorLoop][Statistics] {'count/dropped_stale_samples': 0,
[36m(FullyAsyncRollouter pid=17033)[0m  'count/staleness_samples': 77,
[36m(FullyAsyncRollouter pid=17033)[0m  'count/total_generated_samples': 445,
[36m(FullyAsyncRollouter pid=17033)[0m  'monitor/active_tasks_size': 16,
[36m(FullyAsyncRollouter pid=17033)[0m  'monitor/queue/mq_queue_size': 0,
[36m(FullyAsyncRollouter pid=17033)[0m  'monitor/queue/pending_queue_size': 128,
[36m(FullyAsyncRollouter pid=17033)[0m  'static/max_concurrent_samples': 16,
[36m(FullyAsyncRollouter pid=17033)[0m  'static/max_queue_size': 576,
[36m(FullyAsyncRollouter pid=17033)[0m  'static/max_required_samples': 576,
[36m(FullyAsyncRollouter pid=17033)[0m  'static/required_samples': 64,
[36m(FullyAsyncRollouter pid=17033)[0m  'static/staleness_threshold': 8}
[36m(FullyAsyncTrainer pid=15034)[0m [FullyAsyncTrainer] sample collected 62/64. mq_len: 0
[36m(FullyAsyncTrainer pid=15034)[0m [FullyAsyncTrainer] sample collected 63/64. mq_len: 0
[36m(FullyAsyncTrainer pid=15034)[0m [FullyAsyncTrainer] sample collected 64/64. mq_len: 0
[36m(FullyAsyncTrainer pid=15034)[0m [FullyAsyncTrainer] Collected 64/64 samples. mq_len: 0
[36m(FullyAsyncTrainer pid=15034)[0m [FullyAsyncTrainer] Loop collection completed: 64/64 samples, total wait time: 78.49 seconds. mq_len: 0
[36m(FullyAsyncTrainer pid=15034)[0m [BatchUtils] Assembling batch from 64 RolloutSample objects
[36m(FullyAsyncTrainer pid=15034)[0m [BatchUtils] Batch assembly completed in 0.23s
[36m(FullyAsyncRollouter pid=17033)[0m [FullyAsyncRollouter][MonitorLoop][Statistics] {'count/dropped_stale_samples': 0,
[36m(FullyAsyncRollouter pid=17033)[0m  'count/staleness_samples': 98,
[36m(FullyAsyncRollouter pid=17033)[0m  'count/total_generated_samples': 466,
[36m(FullyAsyncRollouter pid=17033)[0m  'monitor/active_tasks_size': 16,
[36m(FullyAsyncRollouter pid=17033)[0m  'monitor/queue/mq_queue_size': 18,
[36m(FullyAsyncRollouter pid=17033)[0m  'monitor/queue/pending_queue_size': 128,
[36m(FullyAsyncRollouter pid=17033)[0m  'static/max_concurrent_samples': 16,
[36m(FullyAsyncRollouter pid=17033)[0m  'static/max_queue_size': 576,
[36m(FullyAsyncRollouter pid=17033)[0m  'static/max_required_samples': 576,
[36m(FullyAsyncRollouter pid=17033)[0m  'static/required_samples': 64,
[36m(FullyAsyncRollouter pid=17033)[0m  'static/staleness_threshold': 8}
[36m(FullyAsyncRollouter pid=17033)[0m [FullyAsyncRollouter][MonitorLoop][Statistics] {'count/dropped_stale_samples': 0,
[36m(FullyAsyncRollouter pid=17033)[0m  'count/staleness_samples': 117,
[36m(FullyAsyncRollouter pid=17033)[0m  'count/total_generated_samples': 485,
[36m(FullyAsyncRollouter pid=17033)[0m  'monitor/active_tasks_size': 16,
[36m(FullyAsyncRollouter pid=17033)[0m  'monitor/queue/mq_queue_size': 37,
[36m(FullyAsyncRollouter pid=17033)[0m  'monitor/queue/pending_queue_size': 128,
[36m(FullyAsyncRollouter pid=17033)[0m  'static/max_concurrent_samples': 16,
[36m(FullyAsyncRollouter pid=17033)[0m  'static/max_queue_size': 576,
[36m(FullyAsyncRollouter pid=17033)[0m  'static/max_required_samples': 576,
[36m(FullyAsyncRollouter pid=17033)[0m  'static/required_samples': 64,
[36m(FullyAsyncRollouter pid=17033)[0m  'static/staleness_threshold': 8}
[36m(FullyAsyncTrainer pid=15034)[0m [FullyAsyncTrainer] global_steps: 7 local_trigger_step: 1 trigger_parameter_sync_step: 1 00:24:01.267
[36m(vLLMHttpServer pid=19207)[0m (Worker pid=20572) WARNING 07-26 00:24:03 [layerwise.py:225] RotaryEmbedding: Failed to load weights
[36m(vLLMHttpServer pid=19207)[0m (EngineCore pid=20179) WARNING 07-26 00:24:03 [scheduler.py:1919] reset_connector called but no KV connector is configured.
[36m(FullyAsyncTrainer pid=15034)[0m [FullyAsyncTrainer] _fit_update_weights, timing_s/param_sync: 1.7989 seconds self.current_param_version: 7
[36m(FullyAsyncTrainer pid=15034)[0m step:7 - fully_async/rollouter/active_time:227.34965300559998 - fully_async/rollouter/version_time:227.34965300559998 - fully_async/rollouter/idle_ratio:0 - fully_async/rollouter/step_generated_samples:63 - dynamic_resource/rollout_resource_utilization:0.9999991110415525
[36m(FullyAsyncTrainer pid=15034)[0m aggregated metrics done. cost 0.0002 seconds.
[36m(FullyAsyncTrainer pid=15034)[0m step:7 - training/global_step:6.0 - training/epoch:0.0 - fully_async/count/stale_trajectory_processed:1625.0 - fully_async/count/current_param_version:5.0 - fully_async/processing_time/avg:51.86082832864453 - fully_async/processing_time/max:89.47625079999943 - fully_async/processing_time/min:4.907480134999787 - fully_async/processing_time/tp50:57.84421089499983 - fully_async/processing_time/tp99:89.39283442068974 - fully_async/processing_time/tp95:88.10332710539993 - fully_async/monitor/active_tasks_size:16.0 - fully_async/monitor/queue/pending_queue_size:128.0 - fully_async/monitor/queue/mq_queue_size:0.0 - fully_async/count/total_generated_samples:320.0 - fully_async/count/staleness_samples:80.0 - fully_async/count/dropped_stale_samples:0.0 - fully_async/static/max_required_samples:576.0 - fully_async/static/required_samples:64.0 - fully_async/static/staleness_threshold:8.0 - fully_async/static/max_queue_size:576.0 - fully_async/static/max_concurrent_samples:16.0 - fully_async/partial/total_partial_num:115.0 - fully_async/partial/partial_ratio:0.224609375 - fully_async/partial/max_partial_span:1.0 - timing_s/agent_loop/tool_calls/max:0.0 - timing_s/agent_loop/tool_calls/min:0.0 - timing_s/agent_loop/tool_calls/mean:0.0 - fully_async/total_wait_time:95.42806243896484 - actor/pg_clipfrac:0.00022614392261598667 - actor/ppo_kl:0.0006420870882641256 - actor/pg_clipfrac_lower:6.059861228288063e-07 - actor/pg_loss:0.05120771834117477 - actor/loss:0.05120772123336792 - actor/grad_norm:0.02093118615448475 - actor/lr:1e-06 - actor/perf/max_memory_allocated_gb:40.25760555267334 - actor/perf/max_memory_reserved_gb:73.05859375 - actor/perf/cpu_memory_used_gb:51.319580078125 - perf/mfu/actor:0.3230705272625113 - dynamic_resource/train_compute_time_s:134.26268390699897 - dynamic_resource/train_allocated_time_s:247.1348762512207 - critic/score/mean:-0.66796875 - critic/score/max:1.0 - critic/score/min:-1.0 - critic/rewards/mean:-0.66796875 - critic/rewards/max:1.0 - critic/rewards/min:-1.0 - critic/advantages/mean:-0.05119302123785019 - critic/advantages/max:2.474870204925537 - critic/advantages/min:-1.6201833486557007 - critic/returns/mean:-0.05119302123785019 - critic/returns/max:2.474870204925537 - critic/returns/min:-1.6201833486557007 - response_length/mean:6418.212890625 - response_length/max:8192.0 - response_length/min:659.0 - response_length/clip_ratio:0.54296875 - response_length_non_aborted/mean:6418.212890625 - response_length_non_aborted/max:8192.0 - response_length_non_aborted/min:659.0 - response_length_non_aborted/clip_ratio:0.54296875 - response/aborted_ratio:0.0 - prompt_length/mean:149.984375 - prompt_length/max:339.0 - prompt_length/min:74.0 - prompt_length/clip_ratio:0.0 - num_turns/min:2.0 - num_turns/max:2.0 - num_turns/mean:2.0 - timing_s/start_profile:6.924000444996636e-06 - timing_s/gen:95.7556597189996 - timing_s/reward:2.1658999685314484e-05 - timing_s/adv:0.011409187000026577 - timing_s/update_actor:134.25125306099926 - timing_s/timing_s/param_sync:1.2207167659998959 - timing_s/step:247.1348962309994 - timing_s/stop_profile:4.711000656243414e-06 - timing_per_token_ms/adv:3.3926460272515134e-06 - timing_per_token_ms/update_actor:0.03992107240856651 - timing_per_token_ms/gen:0.029139384447943884 - perf/total_num_tokens:3362917.0 - perf/time_per_step:247.1348962309994 - perf/throughput:6803.808469154127 - dynamic_resource/mq_size:39.0 - fully_async/trainer/idle_ratio:0.38746312713966485 - dynamic_resource/train_resource_utilization:0.5432769584917532 - dynamic_resource/rollout_resource_utilization:0.9999991110415525 - dynamic_resource/resource_utilization:0.7716380347666528
[36m(FullyAsyncTrainer pid=15034)[0m Training Progress:   9%|▉         | 7/80 [28:49<4:48:39, 237.25s/it]
[36m(FullyAsyncRollouter pid=17033)[0m [FullyAsyncRollouter][RolloutResourceUtilization] raw active_count_history (timestamp, active_count, max_concurrent): [(1785025228.4182754, 15, 16), (1785025228.4184072, 16, 16), (1785025229.1903498, 15, 16), (1785025229.1903744, 16, 16), (1785025231.7336125, 15, 16), (1785025231.7336428, 16, 16), (1785025236.8544505, 15, 16), (1785025236.854475, 16, 16), (1785025239.221538, 15, 16), (1785025239.221592, 16, 16), (1785025239.760694, 15, 16), (1785025239.7607176, 16, 16), (1785025243.2782123, 15, 16), (1785025243.278237, 16, 16), (1785025243.9001353, 15, 16), (1785025243.9001608, 16, 16), (1785025244.595563, 15, 16), (1785025244.5955899, 16, 16), (1785025248.8777533, 15, 16), (1785025248.8777802, 16, 16), (1785025267.234323, 15, 16), (1785025267.234376, 16, 16), (1785025270.1039474, 15, 16), (1785025270.1039715, 16, 16), (1785025272.050974, 15, 16), (1785025272.0510037, 16, 16), (1785025272.276081, 15, 16), (1785025272.2761054, 16, 16), (1785025273.5215714, 15, 16), (1785025273.5215971, 16, 16), (1785025273.5553443, 15, 16), (1785025273.555365, 16, 16), (1785025279.5967088, 15, 16), (1785025279.596772, 16, 16), (1785025287.7546825, 15, 16), (1785025287.75471, 16, 16), (1785025288.7804725, 15, 16), (1785025288.7804976, 16, 16), (1785025292.3189144, 15, 16), (1785025292.3189688, 16, 16), (1785025297.7673678, 15, 16), (1785025297.767401, 16, 16), (1785025301.3163354, 15, 16), (1785025301.3163612, 16, 16), (1785025301.5631897, 15, 16), (1785025301.5632253, 16, 16), (1785025305.138037, 15, 16), (1785025305.1381004, 16, 16), (1785025306.933275, 15, 16), (1785025306.9332986, 16, 16), (1785025306.9363022, 15, 16), (1785025306.9363172, 16, 16), (1785025328.5221715, 15, 16), (1785025328.5222263, 16, 16), (1785025331.1519914, 15, 16), (1785025331.1520162, 16, 16), (1785025333.323937, 15, 16), (1785025333.3239613, 16, 16), (1785025333.5665216, 15, 16), (1785025333.5665462, 16, 16), (1785025333.6142452, 15, 16), (1785025333.6142657, 16, 16), (1785025334.9546824, 15, 16), (1785025334.9547079, 16, 16), (1785025341.4711723, 15, 16), (1785025341.4712265, 16, 16), (1785025342.4192133, 15, 16), (1785025342.4192379, 16, 16), (1785025351.3130155, 15, 16), (1785025351.3130407, 16, 16), (1785025351.6039786, 15, 16), (1785025351.6040313, 16, 16), (1785025356.0999265, 15, 16), (1785025356.099952, 16, 16), (1785025362.960173, 15, 16), (1785025362.9602282, 16, 16), (1785025363.1272533, 15, 16), (1785025363.127278, 16, 16), (1785025363.8474214, 15, 16), (1785025363.847445, 16, 16), (1785025366.7191052, 15, 16), (1785025366.7191367, 16, 16), (1785025368.2071548, 15, 16), (1785025368.2071807, 16, 16), (1785025369.7396612, 15, 16), (1785025369.7396898, 16, 16), (1785025369.7974305, 15, 16), (1785025369.7974508, 16, 16), (1785025390.9930732, 15, 16), (1785025390.993123, 16, 16), (1785025393.6132822, 15, 16), (1785025393.6133082, 16, 16), (1785025396.4321089, 15, 16), (1785025396.4321363, 16, 16), (1785025396.8540678, 15, 16), (1785025396.8540921, 16, 16), (1785025396.8835769, 15, 16), (1785025396.8835971, 16, 16), (1785025402.8738332, 15, 16), (1785025402.8738887, 16, 16), (1785025403.1343, 15, 16), (1785025403.1343257, 16, 16), (1785025409.542979, 15, 16), (1785025409.5430038, 16, 16), (1785025409.8142197, 15, 16), (1785025409.8142507, 16, 16), (1785025411.0131717, 15, 16), (1785025411.013196, 16, 16), (1785025411.5996315, 15, 16), (1785025411.5996568, 16, 16), (1785025419.6168268, 15, 16), (1785025419.6168835, 16, 16), (1785025420.0075479, 15, 16), (1785025420.0075715, 16, 16), (1785025423.0691462, 15, 16), (1785025423.0691717, 16, 16), (1785025423.5533714, 15, 16), (1785025423.553396, 16, 16), (1785025426.3003592, 15, 16), (1785025426.3003845, 16, 16), (1785025430.0812824, 15, 16), (1785025430.0813375, 16, 16), (1785025430.3775318, 15, 16), (1785025430.3775568, 16, 16), (1785025439.7602375, 15, 16), (1785025439.7602684, 16, 16), (1785025455.7668612, 15, 16), (1785025455.7679899, 15, 16)]
[36m(FullyAsyncRollouter pid=17033)[0m [FullyAsyncRollouter][Public][reset_staleness] reset staleness_samples to: 53 idle_ratio: 0.0000 step_generated_samples(this_step): 63 rollout_resource_utilization: 1.0000 recent_history(last 10 steps): [(2, 110), (3, 51), (4, 75), (5, 54), (6, 69), (7, 64), (8, 63)]
[36m(FullyAsyncTrainer pid=15034)[0m [FullyAsyncTrainer] Requesting 64 samples from queue
[36m(FullyAsyncTrainer pid=15034)[0m [FullyAsyncTrainer] sample collected 1/64. mq_len: 37
[36m(FullyAsyncTrainer pid=15034)[0m [FullyAsyncTrainer] sample collected 2/64. mq_len: 36
[36m(FullyAsyncTrainer pid=15034)[0m [FullyAsyncTrainer] sample collected 3/64. mq_len: 35
[36m(FullyAsyncTrainer pid=15034)[0m [FullyAsyncTrainer] sample collected 4/64. mq_len: 34
[36m(FullyAsyncTrainer pid=15034)[0m [FullyAsyncTrainer] sample collected 5/64. mq_len: 33
[36m(FullyAsyncTrainer pid=15034)[0m [FullyAsyncTrainer] sample collected 6/64. mq_len: 32
[36m(FullyAsyncTrainer pid=15034)[0m [FullyAsyncTrainer] sample collected 7/64. mq_len: 31
[36m(FullyAsyncTrainer pid=15034)[0m [FullyAsyncTrainer] sample collected 8/64. mq_len: 30
[36m(FullyAsyncTrainer pid=15034)[0m [FullyAsyncTrainer] sample collected 9/64. mq_len: 29
[36m(FullyAsyncTrainer pid=15034)[0m [FullyAsyncTrainer] sample collected 10/64. mq_len: 28
[36m(FullyAsyncTrainer pid=15034)[0m [FullyAsyncTrainer] sample collected 11/64. mq_len: 27
[36m(FullyAsyncTrainer pid=15034)[0m [FullyAsyncTrainer] sample collected 12/64. mq_len: 26
[36m(FullyAsyncTrainer pid=15034)[0m [FullyAsyncTrainer] sample collected 13/64. mq_len: 25
[36m(FullyAsyncTrainer pid=15034)[0m [FullyAsyncTrainer] sample collected 14/64. mq_len: 24
[36m(FullyAsyncTrainer pid=15034)[0m [FullyAsyncTrainer] sample collected 15/64. mq_len: 23
[36m(FullyAsyncTrainer pid=15034)[0m [FullyAsyncTrainer] sample collected 16/64. mq_len: 22
[36m(FullyAsyncTrainer pid=15034)[0m [FullyAsyncTrainer] sample collected 17/64. mq_len: 21
[36m(FullyAsyncTrainer pid=15034)[0m [FullyAsyncTrainer] sample collected 18/64. mq_len: 20
[36m(FullyAsyncTrainer pid=15034)[0m [FullyAsyncTrainer] sample collected 19/64. mq_len: 19
[36m(FullyAsyncTrainer pid=15034)[0m [FullyAsyncTrainer] sample collected 20/64. mq_len: 18
[36m(FullyAsyncTrainer pid=15034)[0m [FullyAsyncTrainer] sample collected 21/64. mq_len: 17
[36m(FullyAsyncTrainer pid=15034)[0m [FullyAsyncTrainer] sample collected 22/64. mq_len: 16
[36m(FullyAsyncTrainer pid=15034)[0m [FullyAsyncTrainer] sample collected 23/64. mq_len: 15
[36m(FullyAsyncTrainer pid=15034)[0m [FullyAsyncTrainer] sample collected 24/64. mq_len: 14
[36m(FullyAsyncTrainer pid=15034)[0m [FullyAsyncTrainer] sample collected 25/64. mq_len: 13
[36m(FullyAsyncTrainer pid=15034)[0m [FullyAsyncTrainer] sample collected 26/64. mq_len: 12
[36m(FullyAsyncTrainer pid=15034)[0m [FullyAsyncTrainer] sample collected 27/64. mq_len: 11
[36m(FullyAsyncTrainer pid=15034)[0m [FullyAsyncTrainer] sample collected 28/64. mq_len: 10
[36m(FullyAsyncTrainer pid=15034)[0m [FullyAsyncTrainer] sample collected 29/64. mq_len: 9
[36m(FullyAsyncTrainer pid=15034)[0m [FullyAsyncTrainer] sample collected 30/64. mq_len: 8
[36m(FullyAsyncTrainer pid=15034)[0m [FullyAsyncTrainer] sample collected 31/64. mq_len: 7
[36m(FullyAsyncTrainer pid=15034)[0m [FullyAsyncTrainer] sample collected 32/64. mq_len: 6
[36m(FullyAsyncTrainer pid=15034)[0m [FullyAsyncTrainer] sample collected 33/64. mq_len: 5
[36m(FullyAsyncTrainer pid=15034)[0m [FullyAsyncTrainer] sample collected 34/64. mq_len: 4
[36m(FullyAsyncTrainer pid=15034)[0m [FullyAsyncTrainer] sample collected 35/64. mq_len: 3
[36m(FullyAsyncTrainer pid=15034)[0m [FullyAsyncTrainer] sample collected 36/64. mq_len: 2
[36m(FullyAsyncTrainer pid=15034)[0m [FullyAsyncTrainer] sample collected 37/64. mq_len: 1
[36m(FullyAsyncTrainer pid=15034)[0m [FullyAsyncTrainer] sample collected 38/64. mq_len: 0
[36m(FullyAsyncTrainer pid=15034)[0m [FullyAsyncTrainer] sample collected 39/64. mq_len: 0
[36m(FullyAsyncTrainer pid=15034)[0m [FullyAsyncTrainer] sample collected 40/64. mq_len: 0
[36m(FullyAsyncTrainer pid=15034)[0m [FullyAsyncTrainer] sample collected 41/64. mq_len: 0
[36m(FullyAsyncTrainer pid=15034)[0m [FullyAsyncTrainer] sample collected 42/64. mq_len: 0
[36m(FullyAsyncTrainer pid=15034)[0m [FullyAsyncTrainer] sample collected 43/64. mq_len: 0
[36m(FullyAsyncTrainer pid=15034)[0m [FullyAsyncTrainer] sample collected 44/64. mq_len: 0
[36m(FullyAsyncTrainer pid=15034)[0m [FullyAsyncTrainer] sample collected 45/64. mq_len: 0
[36m(FullyAsyncTrainer pid=15034)[0m [FullyAsyncTrainer] sample collected 46/64. mq_len: 0
[36m(FullyAsyncTrainer pid=15034)[0m [FullyAsyncTrainer] sample collected 47/64. mq_len: 0
[36m(FullyAsyncTrainer pid=15034)[0m [FullyAsyncTrainer] sample collected 48/64. mq_len: 0
[36m(FullyAsyncTrainer pid=15034)[0m [FullyAsyncTrainer] sample collected 49/64. mq_len: 0
[36m(FullyAsyncTrainer pid=15034)[0m [FullyAsyncTrainer] sample collected 50/64. mq_len: 0
[36m(FullyAsyncTrainer pid=15034)[0m [FullyAsyncTrainer] sample collected 51/64. mq_len: 0
[36m(FullyAsyncTrainer pid=15034)[0m [FullyAsyncTrainer] sample collected 52/64. mq_len: 0
[36m(FullyAsyncTrainer pid=15034)[0m [FullyAsyncTrainer] sample collected 53/64. mq_len: 0
[36m(MessageQueue pid=23825)[0m MessageQueue stats: produced=500, queue_size=1
[36m(FullyAsyncRollouter pid=17033)[0m [FullyAsyncRollouter][MonitorLoop][Statistics] {'count/dropped_stale_samples': 0,
[36m(FullyAsyncRollouter pid=17033)[0m  'count/staleness_samples': 69,
[36m(FullyAsyncRollouter pid=17033)[0m  'count/total_generated_samples': 501,
[36m(FullyAsyncRollouter pid=17033)[0m  'monitor/active_tasks_size': 16,
[36m(FullyAsyncRollouter pid=17033)[0m  'monitor/queue/mq_queue_size': 0,
[36m(FullyAsyncRollouter pid=17033)[0m  'monitor/queue/pending_queue_size': 128,
[36m(FullyAsyncRollouter pid=17033)[0m  'static/max_concurrent_samples': 16,
[36m(FullyAsyncRollouter pid=17033)[0m  'static/max_queue_size': 576,
[36m(FullyAsyncRollouter pid=17033)[0m  'static/max_required_samples': 576,
[36m(FullyAsyncRollouter pid=17033)[0m  'static/required_samples': 64,
[36m(FullyAsyncRollouter pid=17033)[0m  'static/staleness_threshold': 8}
[36m(FullyAsyncTrainer pid=15034)[0m [FullyAsyncTrainer] sample collected 54/64. mq_len: 0
[36m(FullyAsyncTrainer pid=15034)[0m [FullyAsyncTrainer] sample collected 55/64. mq_len: 0
[36m(FullyAsyncTrainer pid=15034)[0m [FullyAsyncTrainer] sample collected 56/64. mq_len: 0
[36m(FullyAsyncTrainer pid=15034)[0m [FullyAsyncTrainer] sample collected 57/64. mq_len: 0
[36m(FullyAsyncTrainer pid=15034)[0m [FullyAsyncTrainer] sample collected 58/64. mq_len: 0
[36m(FullyAsyncTrainer pid=15034)[0m [FullyAsyncTrainer] sample collected 59/64. mq_len: 0
[36m(FullyAsyncTrainer pid=15034)[0m [FullyAsyncTrainer] sample collected 60/64. mq_len: 0
[36m(FullyAsyncTrainer pid=15034)[0m [FullyAsyncTrainer] sample collected 61/64. mq_len: 0
[36m(FullyAsyncTrainer pid=15034)[0m [FullyAsyncTrainer] sample collected 62/64. mq_len: 0
[36m(FullyAsyncTrainer pid=15034)[0m [FullyAsyncTrainer] sample collected 63/64. mq_len: 0
[36m(FullyAsyncTrainer pid=15034)[0m [FullyAsyncTrainer] sample collected 64/64. mq_len: 0
[36m(FullyAsyncTrainer pid=15034)[0m [FullyAsyncTrainer] Collected 64/64 samples. mq_len: 0
[36m(FullyAsyncTrainer pid=15034)[0m [FullyAsyncTrainer] Loop collection completed: 64/64 samples, total wait time: 77.80 seconds. mq_len: 0
[36m(FullyAsyncTrainer pid=15034)[0m [BatchUtils] Assembling batch from 64 RolloutSample objects
[36m(FullyAsyncTrainer pid=15034)[0m [BatchUtils] Batch assembly completed in 0.22s
[36m(FullyAsyncRollouter pid=17033)[0m [FullyAsyncRollouter][MonitorLoop][Statistics] {'count/dropped_stale_samples': 0,
[36m(FullyAsyncRollouter pid=17033)[0m  'count/staleness_samples': 89,
[36m(FullyAsyncRollouter pid=17033)[0m  'count/total_generated_samples': 521,
[36m(FullyAsyncRollouter pid=17033)[0m  'monitor/active_tasks_size': 16,
[36m(FullyAsyncRollouter pid=17033)[0m  'monitor/queue/mq_queue_size': 9,
[36m(FullyAsyncRollouter pid=17033)[0m  'monitor/queue/pending_queue_size': 128,
[36m(FullyAsyncRollouter pid=17033)[0m  'static/max_concurrent_samples': 16,
[36m(FullyAsyncRollouter pid=17033)[0m  'static/max_queue_size': 576,
[36m(FullyAsyncRollouter pid=17033)[0m  'static/max_required_samples': 576,
[36m(FullyAsyncRollouter pid=17033)[0m  'static/required_samples': 64,
[36m(FullyAsyncRollouter pid=17033)[0m  'static/staleness_threshold': 8}
[36m(FullyAsyncRollouter pid=17033)[0m [FullyAsyncRollouter][MonitorLoop][Statistics] {'count/dropped_stale_samples': 0,
[36m(FullyAsyncRollouter pid=17033)[0m  'count/staleness_samples': 108,
[36m(FullyAsyncRollouter pid=17033)[0m  'count/total_generated_samples': 540,
[36m(FullyAsyncRollouter pid=17033)[0m  'monitor/active_tasks_size': 16,
[36m(FullyAsyncRollouter pid=17033)[0m  'monitor/queue/mq_queue_size': 28,
[36m(FullyAsyncRollouter pid=17033)[0m  'monitor/queue/pending_queue_size': 128,
[36m(FullyAsyncRollouter pid=17033)[0m  'static/max_concurrent_samples': 16,
[36m(FullyAsyncRollouter pid=17033)[0m  'static/max_queue_size': 576,
[36m(FullyAsyncRollouter pid=17033)[0m  'static/max_required_samples': 576,
[36m(FullyAsyncRollouter pid=17033)[0m  'static/required_samples': 64,
[36m(FullyAsyncRollouter pid=17033)[0m  'static/staleness_threshold': 8}
[36m(FullyAsyncTrainer pid=15034)[0m [FullyAsyncTrainer] global_steps: 8 local_trigger_step: 1 trigger_parameter_sync_step: 1 00:27:38.811
[36m(vLLMHttpServer pid=19207)[0m (Worker pid=20572) WARNING 07-26 00:27:39 [layerwise.py:225] RotaryEmbedding: Failed to load weights
[36m(vLLMHttpServer pid=19207)[0m (EngineCore pid=20179) WARNING 07-26 00:27:39 [scheduler.py:1919] reset_connector called but no KV connector is configured.
[36m(FullyAsyncTrainer pid=15034)[0m [FullyAsyncTrainer] _fit_update_weights, timing_s/param_sync: 1.1200 seconds self.current_param_version: 8
[36m(FullyAsyncTrainer pid=15034)[0m step:8 - fully_async/rollouter/active_time:206.8404824733734 - fully_async/rollouter/version_time:206.8404824733734 - fully_async/rollouter/idle_ratio:0 - fully_async/rollouter/step_generated_samples:65 - dynamic_resource/rollout_resource_utilization:0.9999989959536597
[36m(FullyAsyncTrainer pid=15034)[0m aggregated metrics done. cost 0.0002 seconds.
[36m(FullyAsyncTrainer pid=15034)[0m step:8 - training/global_step:7.0 - training/epoch:0.0 - fully_async/count/stale_trajectory_processed:1950.0 - fully_async/count/current_param_version:6.0 - fully_async/processing_time/avg:49.05466688356641 - fully_async/processing_time/max:76.74484722599937 - fully_async/processing_time/min:5.193223197000407 - fully_async/processing_time/tp50:59.037955868500376 - fully_async/processing_time/tp99:76.17012617375977 - fully_async/processing_time/tp95:74.47585762569948 - fully_async/monitor/active_tasks_size:16.0 - fully_async/monitor/queue/pending_queue_size:128.0 - fully_async/monitor/queue/mq_queue_size:0.0 - fully_async/count/total_generated_samples:384.0 - fully_async/count/staleness_samples:80.0 - fully_async/count/dropped_stale_samples:0.0 - fully_async/static/max_required_samples:576.0 - fully_async/static/required_samples:64.0 - fully_async/static/staleness_threshold:8.0 - fully_async/static/max_queue_size:576.0 - fully_async/static/max_concurrent_samples:16.0 - fully_async/partial/total_partial_num:107.0 - fully_async/partial/partial_ratio:0.208984375 - fully_async/partial/max_partial_span:1.0 - timing_s/agent_loop/tool_calls/max:0.0 - timing_s/agent_loop/tool_calls/min:0.0 - timing_s/agent_loop/tool_calls/mean:0.0 - fully_async/total_wait_time:78.49430084228516 - actor/pg_clipfrac:0.00019493958002978775 - actor/ppo_kl:0.0006207809170861593 - actor/pg_clipfrac_lower:0.0 - actor/pg_loss:0.040815997977915686 - actor/loss:0.04081599786877632 - actor/grad_norm:0.022494394332170486 - actor/lr:1e-06 - actor/perf/max_memory_allocated_gb:40.25760555267334 - actor/perf/max_memory_reserved_gb:73.146484375 - actor/perf/cpu_memory_used_gb:51.69977569580078 - perf/mfu/actor:0.3229727623986524 - dynamic_resource/train_compute_time_s:134.00343637800052 - dynamic_resource/train_allocated_time_s:227.3224756717682 - critic/score/mean:-0.734375 - critic/score/max:1.0 - critic/score/min:-1.0 - critic/rewards/mean:-0.734375 - critic/rewards/max:1.0 - critic/rewards/min:-1.0 - critic/advantages/mean:-0.04080819711089134 - critic/advantages/max:2.474870204925537 - critic/advantages/min:-1.6201833486557007 - critic/returns/mean:-0.04080819711089134 - critic/returns/max:2.474870204925537 - critic/returns/min:-1.6201833486557007 - response_length/mean:6408.75 - response_length/max:8192.0 - response_length/min:702.0 - response_length/clip_ratio:0.509765625 - response_length_non_aborted/mean:6408.75 - response_length_non_aborted/max:8192.0 - response_length_non_aborted/min:702.0 - response_length_non_aborted/clip_ratio:0.509765625 - response/aborted_ratio:0.0 - prompt_length/mean:171.46875 - prompt_length/max:436.0 - prompt_length/min:85.0 - prompt_length/clip_ratio:0.0 - num_turns/min:2.0 - num_turns/max:2.0 - num_turns/mean:2.0 - timing_s/start_profile:5.932000021857675e-06 - timing_s/gen:78.81556784700024 - timing_s/reward:2.1153000488993712e-05 - timing_s/adv:0.009552804999657383 - timing_s/update_actor:133.99386242000037 - timing_s/timing_s/param_sync:1.7989322180001182 - timing_s/step:227.322496107 - timing_s/stop_profile:5.485000656335615e-06 - timing_per_token_ms/adv:2.835441035293215e-06 - timing_per_token_ms/update_actor:0.039771742016792865 - timing_per_token_ms/gen:0.024019762972681463 - perf/total_num_tokens:3369072.0 - perf/time_per_step:227.322496107 - perf/throughput:7410.335663422832 - dynamic_resource/mq_size:38.0 - fully_async/trainer/idle_ratio:0.3467125744119139 - dynamic_resource/train_resource_utilization:0.5894860857115096 - dynamic_resource/rollout_resource_utilization:0.9999989959536597 - dynamic_resource/resource_utilization:0.7947425408325847
[36m(FullyAsyncTrainer pid=15034)[0m [FullyAsyncTrainer] Requesting 64 samples from queue
[36m(FullyAsyncTrainer pid=15034)[0m [FullyAsyncTrainer] sample collected 1/64. mq_len: 38
[36m(FullyAsyncTrainer pid=15034)[0m [FullyAsyncTrainer] sample collected 2/64. mq_len: 37
[36m(FullyAsyncTrainer pid=15034)[0m [FullyAsyncTrainer] sample collected 3/64. mq_len: 36
[36m(FullyAsyncTrainer pid=15034)[0m [FullyAsyncTrainer] sample collected 4/64. mq_len: 35
[36m(FullyAsyncTrainer pid=15034)[0m [FullyAsyncTrainer] sample collected 5/64. mq_len: 34
[36m(FullyAsyncTrainer pid=15034)[0m [FullyAsyncTrainer] sample collected 6/64. mq_len: 33
[36m(FullyAsyncTrainer pid=15034)[0m [FullyAsyncTrainer] sample collected 7/64. mq_len: 32
[36m(FullyAsyncTrainer pid=15034)[0m Training Progress:  10%|█         | 8/80 [32:16<4:33:04, 227.57s/it]
[36m(FullyAsyncRollouter pid=17033)[0m [FullyAsyncRollouter][RolloutResourceUtilization] raw active_count_history (timestamp, active_count, max_concurrent): [(1785025455.7682898, 15, 16), (1785025455.7683737, 16, 16), (1785025466.0951219, 15, 16), (1785025466.095176, 16, 16), (1785025467.0092518, 15, 16), (1785025467.009277, 16, 16), (1785025469.442542, 15, 16), (1785025469.4425664, 16, 16), (1785025471.8813407, 15, 16), (1785025471.8813658, 16, 16), (1785025471.9075348, 15, 16), (1785025471.9075549, 16, 16), (1785025472.4909492, 15, 16), (1785025472.4909766, 16, 16), (1785025484.9662583, 15, 16), (1785025484.9663134, 16, 16), (1785025485.6477592, 15, 16), (1785025485.6477928, 16, 16), (1785025487.5523705, 15, 16), (1785025487.5523956, 16, 16), (1785025488.2081687, 15, 16), (1785025488.208196, 16, 16), (1785025494.0504684, 15, 16), (1785025494.0504928, 16, 16), (1785025496.6057413, 15, 16), (1785025496.6057954, 16, 16), (1785025499.908168, 15, 16), (1785025499.908194, 16, 16), (1785025505.2978494, 15, 16), (1785025505.2978745, 16, 16), (1785025505.310008, 15, 16), (1785025505.310026, 16, 16), (1785025509.5400658, 15, 16), (1785025509.5401225, 16, 16), (1785025514.0630236, 15, 16), (1785025514.0630512, 16, 16), (1785025517.1958838, 15, 16), (1785025517.1959102, 16, 16), (1785025521.2850318, 15, 16), (1785025521.285086, 16, 16), (1785025523.5887537, 15, 16), (1785025523.588779, 16, 16), (1785025525.5569892, 15, 16), (1785025525.5570152, 16, 16), (1785025525.6060317, 15, 16), (1785025525.606051, 16, 16), (1785025525.8489032, 15, 16), (1785025525.8489265, 16, 16), (1785025526.664407, 15, 16), (1785025526.664432, 16, 16), (1785025528.814454, 15, 16), (1785025528.8144798, 16, 16), (1785025533.593896, 15, 16), (1785025533.5939505, 16, 16), (1785025538.4510765, 15, 16), (1785025538.4511018, 16, 16), (1785025539.2556868, 15, 16), (1785025539.2557113, 16, 16), (1785025547.6039608, 15, 16), (1785025547.6040168, 16, 16), (1785025548.1709268, 15, 16), (1785025548.170952, 16, 16), (1785025550.596759, 15, 16), (1785025550.596786, 16, 16), (1785025558.5116677, 15, 16), (1785025558.5117233, 16, 16), (1785025558.5599792, 15, 16), (1785025558.5600004, 16, 16), (1785025563.2968395, 15, 16), (1785025563.2968643, 16, 16), (1785025568.135234, 15, 16), (1785025568.13526, 16, 16), (1785025571.2019658, 15, 16), (1785025571.202025, 16, 16), (1785025571.218688, 15, 16), (1785025571.2187064, 16, 16), (1785025576.6082096, 15, 16), (1785025576.6082356, 16, 16), (1785025578.7427971, 15, 16), (1785025578.742831, 16, 16), (1785025579.9377677, 15, 16), (1785025579.9377933, 16, 16), (1785025581.1021922, 15, 16), (1785025581.1022184, 16, 16), (1785025584.1629307, 15, 16), (1785025584.1629968, 16, 16), (1785025589.6812677, 15, 16), (1785025589.681298, 16, 16), (1785025593.970606, 15, 16), (1785025593.970631, 16, 16), (1785025596.0867612, 15, 16), (1785025596.0868285, 16, 16), (1785025604.3162663, 15, 16), (1785025604.3162916, 16, 16), (1785025604.611754, 15, 16), (1785025604.6117785, 16, 16), (1785025615.4630284, 15, 16), (1785025615.4630826, 16, 16), (1785025615.478524, 15, 16), (1785025615.4785402, 16, 16), (1785025621.6554732, 15, 16), (1785025621.6554985, 16, 16), (1785025621.8913047, 15, 16), (1785025621.8913293, 16, 16), (1785025626.0572863, 15, 16), (1785025626.0573437, 16, 16), (1785025629.906635, 15, 16), (1785025629.906661, 16, 16), (1785025630.157213, 15, 16), (1785025630.1572452, 16, 16), (1785025637.8777995, 15, 16), (1785025637.877869, 16, 16), (1785025640.5248418, 15, 16), (1785025640.5248728, 16, 16), (1785025641.0064335, 15, 16), (1785025641.0064578, 16, 16), (1785025645.1787198, 15, 16), (1785025645.1787484, 16, 16), (1785025649.480925, 15, 16), (1785025649.4809783, 16, 16), (1785025650.3900118, 15, 16), (1785025650.3900378, 16, 16), (1785025654.7406042, 15, 16), (1785025654.7406282, 16, 16), (1785025656.998035, 15, 16), (1785025656.9980607, 16, 16), (1785025658.3327577, 15, 16), (1785025658.3327823, 16, 16), (1785025658.6144962, 15, 16), (1785025658.6145265, 16, 16), (1785025662.6077018, 15, 16), (1785025662.6088262, 15, 16)]
[36m(FullyAsyncRollouter pid=17033)[0m [FullyAsyncRollouter][Public][reset_staleness] reset staleness_samples to: 54 idle_ratio: 0.0000 step_generated_samples(this_step): 65 rollout_resource_utilization: 1.0000 recent_history(last 10 steps): [(2, 110), (3, 51), (4, 75), (5, 54), (6, 69), (7, 64), (8, 63), (9, 65)]
[36m(FullyAsyncTrainer pid=15034)[0m [FullyAsyncTrainer] sample collected 8/64. mq_len: 31
[36m(FullyAsyncTrainer pid=15034)[0m [FullyAsyncTrainer] sample collected 9/64. mq_len: 30
[36m(FullyAsyncTrainer pid=15034)[0m [FullyAsyncTrainer] sample collected 10/64. mq_len: 29
[36m(FullyAsyncTrainer pid=15034)[0m [FullyAsyncTrainer] sample collected 11/64. mq_len: 28
[36m(FullyAsyncTrainer pid=15034)[0m [FullyAsyncTrainer] sample collected 12/64. mq_len: 27
[36m(FullyAsyncTrainer pid=15034)[0m [FullyAsyncTrainer] sample collected 13/64. mq_len: 26
[36m(FullyAsyncTrainer pid=15034)[0m [FullyAsyncTrainer] sample collected 14/64. mq_len: 25
[36m(FullyAsyncTrainer pid=15034)[0m [FullyAsyncTrainer] sample collected 15/64. mq_len: 24
[36m(FullyAsyncTrainer pid=15034)[0m [FullyAsyncTrainer] sample collected 16/64. mq_len: 23
[36m(FullyAsyncTrainer pid=15034)[0m [FullyAsyncTrainer] sample collected 17/64. mq_len: 22
[36m(FullyAsyncTrainer pid=15034)[0m [FullyAsyncTrainer] sample collected 18/64. mq_len: 21
[36m(FullyAsyncTrainer pid=15034)[0m [FullyAsyncTrainer] sample collected 19/64. mq_len: 20
[36m(FullyAsyncTrainer pid=15034)[0m [FullyAsyncTrainer] sample collected 20/64. mq_len: 19
[36m(FullyAsyncTrainer pid=15034)[0m [FullyAsyncTrainer] sample collected 21/64. mq_len: 18
[36m(FullyAsyncTrainer pid=15034)[0m [FullyAsyncTrainer] sample collected 22/64. mq_len: 17
[36m(FullyAsyncTrainer pid=15034)[0m [FullyAsyncTrainer] sample collected 23/64. mq_len: 16
[36m(FullyAsyncTrainer pid=15034)[0m [FullyAsyncTrainer] sample collected 24/64. mq_len: 15
[36m(FullyAsyncTrainer pid=15034)[0m [FullyAsyncTrainer] sample collected 25/64. mq_len: 14
[36m(FullyAsyncTrainer pid=15034)[0m [FullyAsyncTrainer] sample collected 26/64. mq_len: 13
[36m(FullyAsyncTrainer pid=15034)[0m [FullyAsyncTrainer] sample collected 27/64. mq_len: 12
[36m(FullyAsyncTrainer pid=15034)[0m [FullyAsyncTrainer] sample collected 28/64. mq_len: 11
[36m(FullyAsyncTrainer pid=15034)[0m [FullyAsyncTrainer] sample collected 29/64. mq_len: 10
[36m(FullyAsyncTrainer pid=15034)[0m [FullyAsyncTrainer] sample collected 30/64. mq_len: 9
[36m(FullyAsyncTrainer pid=15034)[0m [FullyAsyncTrainer] sample collected 31/64. mq_len: 8
[36m(FullyAsyncTrainer pid=15034)[0m [FullyAsyncTrainer] sample collected 32/64. mq_len: 7
[36m(FullyAsyncTrainer pid=15034)[0m [FullyAsyncTrainer] sample collected 33/64. mq_len: 6
[36m(FullyAsyncTrainer pid=15034)[0m [FullyAsyncTrainer] sample collected 34/64. mq_len: 5
[36m(FullyAsyncTrainer pid=15034)[0m [FullyAsyncTrainer] sample collected 35/64. mq_len: 4
[36m(FullyAsyncTrainer pid=15034)[0m [FullyAsyncTrainer] sample collected 36/64. mq_len: 3
[36m(FullyAsyncTrainer pid=15034)[0m [FullyAsyncTrainer] sample collected 37/64. mq_len: 2
[36m(FullyAsyncTrainer pid=15034)[0m [FullyAsyncTrainer] sample collected 38/64. mq_len: 1
[36m(FullyAsyncTrainer pid=15034)[0m [FullyAsyncTrainer] sample collected 39/64. mq_len: 0
[36m(FullyAsyncTrainer pid=15034)[0m [FullyAsyncTrainer] sample collected 40/64. mq_len: 0
[36m(FullyAsyncTrainer pid=15034)[0m [FullyAsyncTrainer] sample collected 41/64. mq_len: 0
[36m(FullyAsyncTrainer pid=15034)[0m [FullyAsyncTrainer] sample collected 42/64. mq_len: 0
[36m(FullyAsyncTrainer pid=15034)[0m [FullyAsyncTrainer] sample collected 43/64. mq_len: 0
[36m(FullyAsyncRollouter pid=17033)[0m [FullyAsyncRollouter][MonitorLoop][Statistics] {'count/dropped_stale_samples': 0,
[36m(FullyAsyncRollouter pid=17033)[0m  'count/staleness_samples': 59,
[36m(FullyAsyncRollouter pid=17033)[0m  'count/total_generated_samples': 555,
[36m(FullyAsyncRollouter pid=17033)[0m  'monitor/active_tasks_size': 16,
[36m(FullyAsyncRollouter pid=17033)[0m  'monitor/queue/mq_queue_size': 0,
[36m(FullyAsyncRollouter pid=17033)[0m  'monitor/queue/pending_queue_size': 128,
[36m(FullyAsyncRollouter pid=17033)[0m  'static/max_concurrent_samples': 16,
[36m(FullyAsyncRollouter pid=17033)[0m  'static/max_queue_size': 576,
[36m(FullyAsyncRollouter pid=17033)[0m  'static/max_required_samples': 576,
[36m(FullyAsyncRollouter pid=17033)[0m  'static/required_samples': 64,
[36m(FullyAsyncRollouter pid=17033)[0m  'static/staleness_threshold': 8}
[36m(FullyAsyncTrainer pid=15034)[0m [FullyAsyncTrainer] sample collected 44/64. mq_len: 0
[36m(FullyAsyncTrainer pid=15034)[0m [FullyAsyncTrainer] sample collected 45/64. mq_len: 0
[36m(FullyAsyncTrainer pid=15034)[0m [FullyAsyncTrainer] sample collected 46/64. mq_len: 0
[36m(FullyAsyncTrainer pid=15034)[0m [FullyAsyncTrainer] sample collected 47/64. mq_len: 0
[36m(FullyAsyncTrainer pid=15034)[0m [FullyAsyncTrainer] sample collected 48/64. mq_len: 0
[36m(FullyAsyncTrainer pid=15034)[0m [FullyAsyncTrainer] sample collected 49/64. mq_len: 0
[36m(FullyAsyncTrainer pid=15034)[0m [FullyAsyncTrainer] sample collected 50/64. mq_len: 0
[36m(FullyAsyncTrainer pid=15034)[0m [FullyAsyncTrainer] sample collected 51/64. mq_len: 0
[36m(FullyAsyncTrainer pid=15034)[0m [FullyAsyncTrainer] sample collected 52/64. mq_len: 0
[36m(FullyAsyncTrainer pid=15034)[0m [FullyAsyncTrainer] sample collected 53/64. mq_len: 0
[36m(FullyAsyncTrainer pid=15034)[0m [FullyAsyncTrainer] sample collected 54/64. mq_len: 0
[36m(FullyAsyncTrainer pid=15034)[0m [FullyAsyncTrainer] sample collected 55/64. mq_len: 0
[36m(FullyAsyncTrainer pid=15034)[0m [FullyAsyncTrainer] sample collected 56/64. mq_len: 0
[36m(FullyAsyncTrainer pid=15034)[0m [FullyAsyncTrainer] sample collected 57/64. mq_len: 0
[36m(FullyAsyncTrainer pid=15034)[0m [FullyAsyncTrainer] sample collected 58/64. mq_len: 0
[36m(FullyAsyncTrainer pid=15034)[0m [FullyAsyncTrainer] sample collected 59/64. mq_len: 0
[36m(FullyAsyncTrainer pid=15034)[0m [FullyAsyncTrainer] sample collected 60/64. mq_len: 0
[36m(FullyAsyncTrainer pid=15034)[0m [FullyAsyncTrainer] sample collected 61/64. mq_len: 0
[36m(FullyAsyncTrainer pid=15034)[0m [FullyAsyncTrainer] sample collected 62/64. mq_len: 0
[36m(FullyAsyncRollouter pid=17033)[0m [FullyAsyncRollouter][MonitorLoop][Statistics] {'count/dropped_stale_samples': 0,
[36m(FullyAsyncRollouter pid=17033)[0m  'count/staleness_samples': 78,
[36m(FullyAsyncRollouter pid=17033)[0m  'count/total_generated_samples': 574,
[36m(FullyAsyncRollouter pid=17033)[0m  'monitor/active_tasks_size': 16,
[36m(FullyAsyncRollouter pid=17033)[0m  'monitor/queue/mq_queue_size': 0,
[36m(FullyAsyncRollouter pid=17033)[0m  'monitor/queue/pending_queue_size': 128,
[36m(FullyAsyncRollouter pid=17033)[0m  'static/max_concurrent_samples': 16,
[36m(FullyAsyncRollouter pid=17033)[0m  'static/max_queue_size': 576,
[36m(FullyAsyncRollouter pid=17033)[0m  'static/max_required_samples': 576,
[36m(FullyAsyncRollouter pid=17033)[0m  'static/required_samples': 64,
[36m(FullyAsyncRollouter pid=17033)[0m  'static/staleness_threshold': 8}
[36m(FullyAsyncTrainer pid=15034)[0m [FullyAsyncTrainer] sample collected 63/64. mq_len: 0
[36m(FullyAsyncTrainer pid=15034)[0m [FullyAsyncTrainer] sample collected 64/64. mq_len: 0
[36m(FullyAsyncTrainer pid=15034)[0m [FullyAsyncTrainer] Collected 64/64 samples. mq_len: 0
[36m(FullyAsyncTrainer pid=15034)[0m [FullyAsyncTrainer] Loop collection completed: 64/64 samples, total wait time: 116.75 seconds. mq_len: 0
[36m(FullyAsyncTrainer pid=15034)[0m [BatchUtils] Assembling batch from 64 RolloutSample objects
[36m(FullyAsyncTrainer pid=15034)[0m [BatchUtils] Batch assembly completed in 0.24s
[36m(FullyAsyncRollouter pid=17033)[0m [FullyAsyncRollouter][MonitorLoop][Statistics] {'count/dropped_stale_samples': 0,
[36m(FullyAsyncRollouter pid=17033)[0m  'count/staleness_samples': 103,
[36m(FullyAsyncRollouter pid=17033)[0m  'count/total_generated_samples': 599,
[36m(FullyAsyncRollouter pid=17033)[0m  'monitor/active_tasks_size': 16,
[36m(FullyAsyncRollouter pid=17033)[0m  'monitor/queue/mq_queue_size': 23,
[36m(FullyAsyncRollouter pid=17033)[0m  'monitor/queue/pending_queue_size': 128,
[36m(FullyAsyncRollouter pid=17033)[0m  'static/max_concurrent_samples': 16,
[36m(FullyAsyncRollouter pid=17033)[0m  'static/max_queue_size': 576,
[36m(FullyAsyncRollouter pid=17033)[0m  'static/max_required_samples': 576,
[36m(FullyAsyncRollouter pid=17033)[0m  'static/required_samples': 64,
[36m(FullyAsyncRollouter pid=17033)[0m  'static/staleness_threshold': 8}
[36m(MessageQueue pid=23825)[0m MessageQueue stats: produced=600, queue_size=24
[36m(FullyAsyncRollouter pid=17033)[0m [FullyAsyncRollouter][MonitorLoop][Statistics] {'count/dropped_stale_samples': 0,
[36m(FullyAsyncRollouter pid=17033)[0m  'count/staleness_samples': 124,
[36m(FullyAsyncRollouter pid=17033)[0m  'count/total_generated_samples': 620,
[36m(FullyAsyncRollouter pid=17033)[0m  'monitor/active_tasks_size': 16,
[36m(FullyAsyncRollouter pid=17033)[0m  'monitor/queue/mq_queue_size': 44,
[36m(FullyAsyncRollouter pid=17033)[0m  'monitor/queue/pending_queue_size': 128,
[36m(FullyAsyncRollouter pid=17033)[0m  'static/max_concurrent_samples': 16,
[36m(FullyAsyncRollouter pid=17033)[0m  'static/max_queue_size': 576,
[36m(FullyAsyncRollouter pid=17033)[0m  'static/max_required_samples': 576,
[36m(FullyAsyncRollouter pid=17033)[0m  'static/required_samples': 64,
[36m(FullyAsyncRollouter pid=17033)[0m  'static/staleness_threshold': 8}
[36m(FullyAsyncTrainer pid=15034)[0m [FullyAsyncTrainer] global_steps: 9 local_trigger_step: 1 trigger_parameter_sync_step: 1 00:31:52.112
[36m(vLLMHttpServer pid=19207)[0m (Worker pid=20572) WARNING 07-26 00:31:53 [layerwise.py:225] RotaryEmbedding: Failed to load weights
[36m(vLLMHttpServer pid=19207)[0m (EngineCore pid=20179) WARNING 07-26 00:31:53 [scheduler.py:1919] reset_connector called but no KV connector is configured.
[36m(FullyAsyncTrainer pid=15034)[0m [FullyAsyncTrainer] _fit_update_weights, timing_s/param_sync: 1.3814 seconds self.current_param_version: 9
[36m(FullyAsyncTrainer pid=15034)[0m step:9 - fully_async/rollouter/active_time:273.7466576099396 - fully_async/rollouter/version_time:273.7466576099396 - fully_async/rollouter/idle_ratio:0 - fully_async/rollouter/step_generated_samples:71 - dynamic_resource/rollout_resource_utilization:0.9999992409706542
[36m(FullyAsyncRollouter pid=17033)[0m [FullyAsyncRollouter][RolloutResourceUtilization] raw active_count_history (timestamp, active_count, max_concurrent): [(1785025662.6091473, 15, 16), (1785025662.6092358, 16, 16), (1785025680.3691192, 15, 16), (1785025680.3691711, 16, 16), (1785025680.5159233, 15, 16), (1785025680.5159464, 16, 16), (1785025697.5858426, 15, 16), (1785025697.5858955, 16, 16), (1785025698.4391975, 15, 16), (1785025698.4392226, 16, 16), (1785025708.3213668, 15, 16), (1785025708.3214214, 16, 16), (1785025717.6344588, 15, 16), (1785025717.6344843, 16, 16), (1785025718.8494163, 15, 16), (1785025718.849471, 16, 16), (1785025720.515672, 15, 16), (1785025720.515696, 16, 16), (1785025721.2376785, 15, 16), (1785025721.2377021, 16, 16), (1785025728.7760315, 15, 16), (1785025728.776057, 16, 16), (1785025728.8563058, 15, 16), (1785025728.856351, 16, 16), (1785025729.0764086, 15, 16), (1785025729.0764346, 16, 16), (1785025729.0934134, 15, 16), (1785025729.0934327, 16, 16), (1785025729.0989888, 15, 16), (1785025729.0990045, 16, 16), (1785025729.1278489, 15, 16), (1785025729.1278656, 16, 16), (1785025729.1891272, 15, 16), (1785025729.1891484, 16, 16), (1785025744.9832528, 15, 16), (1785025744.9833066, 16, 16), (1785025745.2230356, 15, 16), (1785025745.2230597, 16, 16), (1785025745.4106398, 15, 16), (1785025745.4106634, 16, 16), (1785025761.5440543, 15, 16), (1785025761.544107, 16, 16), (1785025761.6889393, 15, 16), (1785025761.6889634, 16, 16), (1785025764.663364, 15, 16), (1785025764.6633906, 16, 16), (1785025769.7296803, 15, 16), (1785025769.7297046, 16, 16), (1785025779.3289165, 15, 16), (1785025779.3289697, 16, 16), (1785025779.3891597, 15, 16), (1785025779.3891797, 16, 16), (1785025780.0969408, 15, 16), (1785025780.0969672, 16, 16), (1785025784.111742, 15, 16), (1785025784.1117668, 16, 16), (1785025784.3209448, 15, 16), (1785025784.320971, 16, 16), (1785025787.3535655, 15, 16), (1785025787.35359, 16, 16), (1785025787.57606, 15, 16), (1785025787.5760856, 16, 16), (1785025788.268847, 15, 16), (1785025788.2688746, 16, 16), (1785025788.9183717, 15, 16), (1785025788.9183965, 16, 16), (1785025795.899859, 15, 16), (1785025795.8999126, 16, 16), (1785025795.9603062, 15, 16), (1785025795.9603298, 16, 16), (1785025796.8370864, 15, 16), (1785025796.83711, 16, 16), (1785025803.8672829, 15, 16), (1785025803.8673089, 16, 16), (1785025804.6613648, 15, 16), (1785025804.66139, 16, 16), (1785025805.7710228, 15, 16), (1785025805.771057, 16, 16), (1785025808.0793927, 15, 16), (1785025808.079444, 16, 16), (1785025809.0862956, 15, 16), (1785025809.0863209, 16, 16), (1785025819.5057614, 15, 16), (1785025819.5058265, 16, 16), (1785025819.5819366, 15, 16), (1785025819.5819595, 16, 16), (1785025821.4032571, 15, 16), (1785025821.4032874, 16, 16), (1785025823.693558, 15, 16), (1785025823.693583, 16, 16), (1785025829.616575, 15, 16), (1785025829.6166232, 16, 16), (1785025832.024426, 15, 16), (1785025832.0244577, 16, 16), (1785025833.226575, 15, 16), (1785025833.226599, 16, 16), (1785025838.3018153, 15, 16), (1785025838.3018408, 16, 16), (1785025842.9607997, 15, 16), (1785025842.960863, 16, 16), (1785025844.2748709, 15, 16), (1785025844.2748995, 16, 16), (1785025844.2777681, 15, 16), (1785025844.277782, 16, 16), (1785025851.053487, 15, 16), (1785025851.053512, 16, 16), (1785025857.496297, 15, 16), (1785025857.4963458, 16, 16), (1785025862.4403064, 15, 16), (1785025862.440341, 16, 16), (1785025862.4706178, 15, 16), (1785025862.4706397, 16, 16), (1785025862.4909408, 15, 16), (1785025862.4909594, 16, 16), (1785025867.02458, 15, 16), (1785025867.0246055, 16, 16), (1785025878.8078568, 15, 16), (1785025878.807909, 16, 16), (1785025881.7562537, 15, 16), (1785025881.7562776, 16, 16), (1785025883.9731045, 15, 16), (1785025883.9731302, 16, 16), (1785025889.5238755, 15, 16), (1785025889.523928, 16, 16), (1785025891.7876508, 15, 16), (1785025891.787676, 16, 16), (1785025893.5701015, 15, 16), (1785025893.5701256, 16, 16), (1785025898.4974792, 15, 16), (1785025898.4975164, 16, 16), (1785025900.0573647, 15, 16), (1785025900.0574164, 16, 16), (1785025902.8611722, 15, 16), (1785025902.8611965, 16, 16), (1785025903.6958241, 15, 16), (1785025903.69585, 16, 16), (1785025903.9221463, 15, 16), (1785025903.9221706, 16, 16), (1785025904.5055232, 15, 16), (1785025904.5055497, 16, 16), (1785025910.623743, 15, 16), (1785025910.6237953, 16, 16), (1785025936.3548777, 15, 16), (1785025936.3558645, 15, 16)]
[36m(FullyAsyncRollouter pid=17033)[0m [FullyAsyncRollouter][Public][reset_staleness] reset staleness_samples to: 61 idle_ratio: 0.0000 step_generated_samples(this_step): 71 rollout_resource_utilization: 1.0000 recent_history(last 10 steps): [(2, 110), (3, 51), (4, 75), (5, 54), (6, 69), (7, 64), (8, 63), (9, 65), (10, 71)]
[36m(FullyAsyncTrainer pid=15034)[0m aggregated metrics done. cost 0.0002 seconds.
[36m(FullyAsyncTrainer pid=15034)[0m step:9 - training/global_step:8.0 - training/epoch:0.0 - fully_async/count/stale_trajectory_processed:2275.0 - fully_async/count/current_param_version:7.0 - fully_async/processing_time/avg:45.66172935432422 - fully_async/processing_time/max:76.77588349800044 - fully_async/processing_time/min:4.035182222000003 - fully_async/processing_time/tp50:54.23859319599978 - fully_async/processing_time/tp99:76.52529108097008 - fully_async/processing_time/tp95:75.45540976569946 - fully_async/monitor/active_tasks_size:16.0 - fully_async/monitor/queue/pending_queue_size:128.0 - fully_async/monitor/queue/mq_queue_size:0.0 - fully_async/count/total_generated_samples:448.0 - fully_async/count/staleness_samples:80.0 - fully_async/count/dropped_stale_samples:0.0 - fully_async/static/max_required_samples:576.0 - fully_async/static/required_samples:64.0 - fully_async/static/staleness_threshold:8.0 - fully_async/static/max_queue_size:576.0 - fully_async/static/max_concurrent_samples:16.0 - fully_async/partial/total_partial_num:99.0 - fully_async/partial/partial_ratio:0.193359375 - fully_async/partial/max_partial_span:1.0 - timing_s/agent_loop/tool_calls/max:0.0 - timing_s/agent_loop/tool_calls/min:0.0 - timing_s/agent_loop/tool_calls/mean:0.0 - fully_async/total_wait_time:77.79924726486206 - actor/pg_clipfrac:0.0002644562993623367 - actor/ppo_kl:0.0006503096717835888 - actor/pg_clipfrac_lower:6.424412504202337e-07 - actor/pg_loss:0.049864451415487565 - actor/loss:0.049864452332258224 - actor/grad_norm:0.023691631853580475 - actor/lr:1e-06 - actor/perf/max_memory_allocated_gb:40.25760555267334 - actor/perf/max_memory_reserved_gb:73.146484375 - actor/perf/cpu_memory_used_gb:50.88496017456055 - perf/mfu/actor:0.32201330073651985 - dynamic_resource/train_compute_time_s:124.90073474900055 - dynamic_resource/train_allocated_time_s:206.8124008178711 - critic/score/mean:-0.5703125 - critic/score/max:1.0 - critic/score/min:-1.0 - critic/rewards/mean:-0.5703125 - critic/rewards/max:1.0 - critic/rewards/min:-1.0 - critic/advantages/mean:-0.049849025905132294 - critic/advantages/max:2.474870204925537 - critic/advantages/min:-2.474870204925537 - critic/returns/mean:-0.049849025905132294 - critic/returns/max:2.474870204925537 - critic/returns/min:-2.474870204925537 - response_length/mean:5956.724609375 - response_length/max:8192.0 - response_length/min:619.0 - response_length/clip_ratio:0.478515625 - response_length_non_aborted/mean:5956.724609375 - response_length_non_aborted/max:8192.0 - response_length_non_aborted/min:619.0 - response_length_non_aborted/clip_ratio:0.478515625 - response/aborted_ratio:0.0 - prompt_length/mean:144.6875 - prompt_length/max:478.0 - prompt_length/min:75.0 - prompt_length/clip_ratio:0.0 - num_turns/min:2.0 - num_turns/max:2.0 - num_turns/mean:2.0 - timing_s/start_profile:6.2549997892347164e-06 - timing_s/gen:78.11096731299949 - timing_s/reward:2.022399985435186e-05 - timing_s/adv:0.00896044300043286 - timing_s/update_actor:124.89175408200026 - timing_s/timing_s/param_sync:1.1199852999998257 - timing_s/step:206.812421781 - timing_s/stop_profile:5.61500019102823e-06 - timing_per_token_ms/adv:2.8683303014936223e-06 - timing_per_token_ms/update_actor:0.03997913971695213 - timing_per_token_ms/gen:0.025611471578372885 - perf/total_num_tokens:3123923.0 - perf/time_per_step:206.812421781 - perf/throughput:7552.551662752679 - dynamic_resource/mq_size:39.0 - fully_async/trainer/idle_ratio:0.3776899213322572 - dynamic_resource/train_resource_utilization:0.6039325217204655 - dynamic_resource/rollout_resource_utilization:0.9999992409706542 - dynamic_resource/resource_utilization:0.8019658813455599
[36m(FullyAsyncTrainer pid=15034)[0m [FullyAsyncTrainer] Requesting 64 samples from queue
[36m(FullyAsyncTrainer pid=15034)[0m [FullyAsyncTrainer] sample collected 1/64. mq_len: 45
[36m(FullyAsyncTrainer pid=15034)[0m [FullyAsyncTrainer] sample collected 2/64. mq_len: 44
[36m(FullyAsyncTrainer pid=15034)[0m [FullyAsyncTrainer] sample collected 3/64. mq_len: 43
[36m(FullyAsyncTrainer pid=15034)[0m [FullyAsyncTrainer] sample collected 4/64. mq_len: 42
[36m(FullyAsyncTrainer pid=15034)[0m [FullyAsyncTrainer] sample collected 5/64. mq_len: 41
[36m(FullyAsyncTrainer pid=15034)[0m [FullyAsyncTrainer] sample collected 6/64. mq_len: 40
[36m(FullyAsyncTrainer pid=15034)[0m [FullyAsyncTrainer] sample collected 7/64. mq_len: 39
[36m(FullyAsyncTrainer pid=15034)[0m [FullyAsyncTrainer] sample collected 8/64. mq_len: 38
[36m(FullyAsyncTrainer pid=15034)[0m [FullyAsyncTrainer] sample collected 9/64. mq_len: 37
[36m(FullyAsyncTrainer pid=15034)[0m [FullyAsyncTrainer] sample collected 10/64. mq_len: 36
[36m(FullyAsyncTrainer pid=15034)[0m [FullyAsyncTrainer] sample collected 11/64. mq_len: 35
[36m(FullyAsyncTrainer pid=15034)[0m [FullyAsyncTrainer] sample collected 12/64. mq_len: 34
[36m(FullyAsyncTrainer pid=15034)[0m [FullyAsyncTrainer] sample collected 13/64. mq_len: 33
[36m(FullyAsyncTrainer pid=15034)[0m [FullyAsyncTrainer] sample collected 14/64. mq_len: 32
[36m(FullyAsyncTrainer pid=15034)[0m [FullyAsyncTrainer] sample collected 15/64. mq_len: 31
[36m(FullyAsyncTrainer pid=15034)[0m [FullyAsyncTrainer] sample collected 16/64. mq_len: 30
[36m(FullyAsyncTrainer pid=15034)[0m [FullyAsyncTrainer] sample collected 17/64. mq_len: 29
[36m(FullyAsyncTrainer pid=15034)[0m [FullyAsyncTrainer] sample collected 18/64. mq_len: 28
[36m(FullyAsyncTrainer pid=15034)[0m [FullyAsyncTrainer] sample collected 19/64. mq_len: 27
[36m(FullyAsyncTrainer pid=15034)[0m [FullyAsyncTrainer] sample collected 20/64. mq_len: 26
[36m(FullyAsyncTrainer pid=15034)[0m [FullyAsyncTrainer] sample collected 21/64. mq_len: 25
[36m(FullyAsyncTrainer pid=15034)[0m [FullyAsyncTrainer] sample collected 22/64. mq_len: 24
[36m(FullyAsyncTrainer pid=15034)[0m [FullyAsyncTrainer] sample collected 23/64. mq_len: 23
[36m(FullyAsyncTrainer pid=15034)[0m [FullyAsyncTrainer] sample collected 24/64. mq_len: 22
[36m(FullyAsyncTrainer pid=15034)[0m [FullyAsyncTrainer] sample collected 25/64. mq_len: 21
[36m(FullyAsyncTrainer pid=15034)[0m [FullyAsyncTrainer] sample collected 26/64. mq_len: 20
[36m(FullyAsyncTrainer pid=15034)[0m [FullyAsyncTrainer] sample collected 27/64. mq_len: 19
[36m(FullyAsyncTrainer pid=15034)[0m Training Progress:  11%|█▏        | 9/80 [36:49<4:46:22, 242.01s/it]
[36m(FullyAsyncTrainer pid=15034)[0m [FullyAsyncTrainer] sample collected 28/64. mq_len: 18
[36m(FullyAsyncTrainer pid=15034)[0m [FullyAsyncTrainer] sample collected 29/64. mq_len: 17
[36m(FullyAsyncTrainer pid=15034)[0m [FullyAsyncTrainer] sample collected 30/64. mq_len: 16
[36m(FullyAsyncTrainer pid=15034)[0m [FullyAsyncTrainer] sample collected 31/64. mq_len: 15
[36m(FullyAsyncTrainer pid=15034)[0m [FullyAsyncTrainer] sample collected 32/64. mq_len: 14
[36m(FullyAsyncTrainer pid=15034)[0m [FullyAsyncTrainer] sample collected 33/64. mq_len: 13
[36m(FullyAsyncTrainer pid=15034)[0m [FullyAsyncTrainer] sample collected 34/64. mq_len: 12
[36m(FullyAsyncTrainer pid=15034)[0m [FullyAsyncTrainer] sample collected 35/64. mq_len: 11
[36m(FullyAsyncTrainer pid=15034)[0m [FullyAsyncTrainer] sample collected 36/64. mq_len: 10
[36m(FullyAsyncTrainer pid=15034)[0m [FullyAsyncTrainer] sample collected 37/64. mq_len: 9
[36m(FullyAsyncTrainer pid=15034)[0m [FullyAsyncTrainer] sample collected 38/64. mq_len: 8
[36m(FullyAsyncTrainer pid=15034)[0m [FullyAsyncTrainer] sample collected 39/64. mq_len: 7
[36m(FullyAsyncTrainer pid=15034)[0m [FullyAsyncTrainer] sample collected 40/64. mq_len: 6
[36m(FullyAsyncTrainer pid=15034)[0m [FullyAsyncTrainer] sample collected 41/64. mq_len: 5
[36m(FullyAsyncTrainer pid=15034)[0m [FullyAsyncTrainer] sample collected 42/64. mq_len: 4
[36m(FullyAsyncTrainer pid=15034)[0m [FullyAsyncTrainer] sample collected 43/64. mq_len: 3
[36m(FullyAsyncTrainer pid=15034)[0m [FullyAsyncTrainer] sample collected 44/64. mq_len: 2
[36m(FullyAsyncTrainer pid=15034)[0m [FullyAsyncTrainer] sample collected 45/64. mq_len: 1
[36m(FullyAsyncTrainer pid=15034)[0m [FullyAsyncTrainer] sample collected 46/64. mq_len: 0
[36m(FullyAsyncTrainer pid=15034)[0m [FullyAsyncTrainer] sample collected 47/64. mq_len: 0
[36m(FullyAsyncTrainer pid=15034)[0m [FullyAsyncTrainer] sample collected 48/64. mq_len: 0
[36m(FullyAsyncTrainer pid=15034)[0m [FullyAsyncTrainer] sample collected 49/64. mq_len: 0
[36m(FullyAsyncTrainer pid=15034)[0m [FullyAsyncTrainer] sample collected 50/64. mq_len: 0
[36m(FullyAsyncTrainer pid=15034)[0m [FullyAsyncTrainer] sample collected 51/64. mq_len: 0
[36m(FullyAsyncTrainer pid=15034)[0m [FullyAsyncTrainer] sample collected 52/64. mq_len: 0
[36m(FullyAsyncTrainer pid=15034)[0m [FullyAsyncTrainer] sample collected 53/64. mq_len: 0
[36m(FullyAsyncTrainer pid=15034)[0m [FullyAsyncTrainer] sample collected 54/64. mq_len: 0
[36m(FullyAsyncTrainer pid=15034)[0m [FullyAsyncTrainer] sample collected 55/64. mq_len: 0
[36m(FullyAsyncTrainer pid=15034)[0m [FullyAsyncTrainer] sample collected 56/64. mq_len: 0
[36m(FullyAsyncRollouter pid=17033)[0m [FullyAsyncRollouter][MonitorLoop][Statistics] {'count/dropped_stale_samples': 0,
[36m(FullyAsyncRollouter pid=17033)[0m  'count/staleness_samples': 72,
[36m(FullyAsyncRollouter pid=17033)[0m  'count/total_generated_samples': 632,
[36m(FullyAsyncRollouter pid=17033)[0m  'monitor/active_tasks_size': 16,
[36m(FullyAsyncRollouter pid=17033)[0m  'monitor/queue/mq_queue_size': 0,
[36m(FullyAsyncRollouter pid=17033)[0m  'monitor/queue/pending_queue_size': 128,
[36m(FullyAsyncRollouter pid=17033)[0m  'static/max_concurrent_samples': 16,
[36m(FullyAsyncRollouter pid=17033)[0m  'static/max_queue_size': 576,
[36m(FullyAsyncRollouter pid=17033)[0m  'static/max_required_samples': 576,
[36m(FullyAsyncRollouter pid=17033)[0m  'static/required_samples': 64,
[36m(FullyAsyncRollouter pid=17033)[0m  'static/staleness_threshold': 8}
[36m(FullyAsyncTrainer pid=15034)[0m [FullyAsyncTrainer] sample collected 57/64. mq_len: 0
[36m(FullyAsyncTrainer pid=15034)[0m [FullyAsyncTrainer] sample collected 58/64. mq_len: 0
[36m(FullyAsyncTrainer pid=15034)[0m [FullyAsyncTrainer] sample collected 59/64. mq_len: 0
[36m(FullyAsyncTrainer pid=15034)[0m [FullyAsyncTrainer] sample collected 60/64. mq_len: 0
[36m(FullyAsyncTrainer pid=15034)[0m [FullyAsyncTrainer] sample collected 61/64. mq_len: 0
[36m(FullyAsyncTrainer pid=15034)[0m [FullyAsyncTrainer] sample collected 62/64. mq_len: 0
[36m(FullyAsyncTrainer pid=15034)[0m [FullyAsyncTrainer] sample collected 63/64. mq_len: 0
[36m(FullyAsyncTrainer pid=15034)[0m [FullyAsyncTrainer] sample collected 64/64. mq_len: 0
[36m(FullyAsyncTrainer pid=15034)[0m [FullyAsyncTrainer] Collected 64/64 samples. mq_len: 0
[36m(FullyAsyncTrainer pid=15034)[0m [FullyAsyncTrainer] Loop collection completed: 64/64 samples, total wait time: 64.67 seconds. mq_len: 0
[36m(FullyAsyncTrainer pid=15034)[0m [BatchUtils] Assembling batch from 64 RolloutSample objects
[36m(FullyAsyncTrainer pid=15034)[0m [BatchUtils] Batch assembly completed in 0.22s
[36m(FullyAsyncRollouter pid=17033)[0m [FullyAsyncRollouter][MonitorLoop][Statistics] {'count/dropped_stale_samples': 0,
[36m(FullyAsyncRollouter pid=17033)[0m  'count/staleness_samples': 89,
[36m(FullyAsyncRollouter pid=17033)[0m  'count/total_generated_samples': 649,
[36m(FullyAsyncRollouter pid=17033)[0m  'monitor/active_tasks_size': 16,
[36m(FullyAsyncRollouter pid=17033)[0m  'monitor/queue/mq_queue_size': 9,
[36m(FullyAsyncRollouter pid=17033)[0m  'monitor/queue/pending_queue_size': 128,
[36m(FullyAsyncRollouter pid=17033)[0m  'static/max_concurrent_samples': 16,
[36m(FullyAsyncRollouter pid=17033)[0m  'static/max_queue_size': 576,
[36m(FullyAsyncRollouter pid=17033)[0m  'static/max_required_samples': 576,
[36m(FullyAsyncRollouter pid=17033)[0m  'static/required_samples': 64,
[36m(FullyAsyncRollouter pid=17033)[0m  'static/staleness_threshold': 8}
[36m(FullyAsyncRollouter pid=17033)[0m [FullyAsyncRollouter][MonitorLoop][Statistics] {'count/dropped_stale_samples': 0,
[36m(FullyAsyncRollouter pid=17033)[0m  'count/staleness_samples': 115,
[36m(FullyAsyncRollouter pid=17033)[0m  'count/total_generated_samples': 675,
[36m(FullyAsyncRollouter pid=17033)[0m  'monitor/active_tasks_size': 16,
[36m(FullyAsyncRollouter pid=17033)[0m  'monitor/queue/mq_queue_size': 35,
[36m(FullyAsyncRollouter pid=17033)[0m  'monitor/queue/pending_queue_size': 128,
[36m(FullyAsyncRollouter pid=17033)[0m  'static/max_concurrent_samples': 16,
[36m(FullyAsyncRollouter pid=17033)[0m  'static/max_queue_size': 576,
[36m(FullyAsyncRollouter pid=17033)[0m  'static/max_required_samples': 576,
[36m(FullyAsyncRollouter pid=17033)[0m  'static/required_samples': 64,
[36m(FullyAsyncRollouter pid=17033)[0m  'static/staleness_threshold': 8}
[36m(FullyAsyncTrainer pid=15034)[0m [FullyAsyncTrainer] global_steps: 10 local_trigger_step: 1 trigger_parameter_sync_step: 1 00:35:26.153
[36m(vLLMHttpServer pid=19207)[0m (Worker pid=20572) WARNING 07-26 00:35:27 [layerwise.py:225] RotaryEmbedding: Failed to load weights
[36m(vLLMHttpServer pid=19207)[0m (EngineCore pid=20179) WARNING 07-26 00:35:27 [scheduler.py:1919] reset_connector called but no KV connector is configured.
[36m(FullyAsyncTrainer pid=15034)[0m [FullyAsyncTrainer] _fit_update_weights, timing_s/param_sync: 1.1794 seconds self.current_param_version: 10
[36m(FullyAsyncTrainer pid=15034)[0m step:10 - fully_async/rollouter/active_time:194.45298624038696 - fully_async/rollouter/version_time:194.45298624038696 - fully_async/rollouter/idle_ratio:0 - fully_async/rollouter/step_generated_samples:56 - dynamic_resource/rollout_resource_utilization:0.999999059429225
[36m(FullyAsyncTrainer pid=15034)[0m aggregated metrics done. cost 0.0002 seconds.
[36m(FullyAsyncTrainer pid=15034)[0m step:10 - training/global_step:9.0 - training/epoch:0.0 - fully_async/count/stale_trajectory_processed:2597.0 - fully_async/count/current_param_version:8.0 - fully_async/processing_time/avg:47.68816851787304 - fully_async/processing_time/max:80.16893794499993 - fully_async/processing_time/min:3.719324831999984 - fully_async/processing_time/tp50:53.576442393500656 - fully_async/processing_time/tp99:79.91510581477058 - fully_async/processing_time/tp95:78.12875517755064 - fully_async/monitor/active_tasks_size:16.0 - fully_async/monitor/queue/pending_queue_size:128.0 - fully_async/monitor/queue/mq_queue_size:0.0 - fully_async/count/total_generated_samples:512.0 - fully_async/count/staleness_samples:80.0 - fully_async/count/dropped_stale_samples:0.0 - fully_async/static/max_required_samples:576.0 - fully_async/static/required_samples:64.0 - fully_async/static/staleness_threshold:8.0 - fully_async/static/max_queue_size:576.0 - fully_async/static/max_concurrent_samples:16.0 - fully_async/partial/total_partial_num:110.0 - fully_async/partial/partial_ratio:0.21484375 - fully_async/partial/max_partial_span:1.0 - timing_s/agent_loop/tool_calls/max:0.0 - timing_s/agent_loop/tool_calls/min:0.0 - timing_s/agent_loop/tool_calls/mean:0.0 - fully_async/total_wait_time:116.7490348815918 - actor/pg_clipfrac:0.00024053099998448435 - actor/ppo_kl:0.0005965514898274277 - actor/pg_clipfrac_lower:1.2336053634284968e-06 - actor/pg_loss:0.05005710103796446 - actor/loss:0.050057101994752884 - actor/grad_norm:0.02158549055457115 - actor/lr:1e-06 - actor/perf/max_memory_allocated_gb:40.25760555267334 - actor/perf/max_memory_reserved_gb:73.146484375 - actor/perf/cpu_memory_used_gb:51.01759719848633 - perf/mfu/actor:0.32199601406870737 - dynamic_resource/train_compute_time_s:132.37245375900056 - dynamic_resource/train_allocated_time_s:273.71160769462585 - critic/score/mean:-0.70703125 - critic/score/max:1.0 - critic/score/min:-1.0 - critic/rewards/mean:-0.70703125 - critic/rewards/max:1.0 - critic/rewards/min:-1.0 - critic/advantages/mean:-0.050044719129800797 - critic/advantages/max:2.474870204925537 - critic/advantages/min:-2.474870204925537 - critic/returns/mean:-0.050044719129800797 - critic/returns/max:2.474870204925537 - critic/returns/min:-2.474870204925537 - response_length/mean:6337.92578125 - response_length/max:8192.0 - response_length/min:650.0 - response_length/clip_ratio:0.494140625 - response_length_non_aborted/mean:6337.92578125 - response_length_non_aborted/max:8192.0 - response_length_non_aborted/min:650.0 - response_length_non_aborted/clip_ratio:0.494140625 - response/aborted_ratio:0.0 - prompt_length/mean:146.46875 - prompt_length/max:292.0 - prompt_length/min:75.0 - prompt_length/clip_ratio:0.0 - num_turns/min:2.0 - num_turns/max:2.0 - num_turns/mean:2.0 - timing_s/start_profile:7.1619997470406815e-06 - timing_s/gen:117.09297858900027 - timing_s/reward:1.8267000996274874e-05 - timing_s/adv:0.009995813999921666 - timing_s/update_actor:132.36243967799965 - timing_s/timing_s/param_sync:1.3813979250007833 - timing_s/step:273.71162751200063 - timing_s/stop_profile:4.4270000216783956e-06 - timing_per_token_ms/adv:3.010778280764716e-06 - timing_per_token_ms/update_actor:0.03986808463769677 - timing_per_token_ms/gen:0.036083922674388945 - perf/total_num_tokens:3320010.0 - perf/time_per_step:273.71162751200063 - perf/throughput:6064.795328898545 - dynamic_resource/mq_size:46.0 - fully_async/trainer/idle_ratio:0.4277968738608536 - dynamic_resource/train_resource_utilization:0.48362016822715703 - dynamic_resource/rollout_resource_utilization:0.999999059429225 - dynamic_resource/resource_utilization:0.741809613828191
[36m(FullyAsyncTrainer pid=15034)[0m [FullyAsyncTrainer] Requesting 64 samples from queue
[36m(FullyAsyncTrainer pid=15034)[0m Training Progress:  12%|█▎        | 10/80 [40:04<4:25:12, 227.33s/it]
[36m(FullyAsyncRollouter pid=17033)[0m [FullyAsyncRollouter][RolloutResourceUtilization] raw active_count_history (timestamp, active_count, max_concurrent): [(1785025936.3561797, 15, 16), (1785025936.3563097, 16, 16), (1785025941.9433913, 15, 16), (1785025941.9434166, 16, 16), (1785025942.2141302, 15, 16), (1785025942.2141562, 16, 16), (1785025944.546824, 15, 16), (1785025944.54685, 16, 16), (1785025947.2063239, 15, 16), (1785025947.2063754, 16, 16), (1785025958.7831104, 15, 16), (1785025958.783162, 16, 16), (1785025962.2045908, 15, 16), (1785025962.2046146, 16, 16), (1785025971.6325762, 15, 16), (1785025971.6326287, 16, 16), (1785025974.4885273, 15, 16), (1785025974.4885523, 16, 16), (1785025976.3196926, 15, 16), (1785025976.3197176, 16, 16), (1785025976.5197465, 15, 16), (1785025976.519771, 16, 16), (1785025982.8835742, 15, 16), (1785025982.8836284, 16, 16), (1785025982.887218, 15, 16), (1785025982.8872335, 16, 16), (1785025982.9013531, 15, 16), (1785025982.9013693, 16, 16), (1785025982.9328659, 15, 16), (1785025982.9328842, 16, 16), (1785025982.9869323, 15, 16), (1785025982.986949, 16, 16), (1785025983.0042539, 15, 16), (1785025983.0042703, 16, 16), (1785026000.7075343, 15, 16), (1785026000.707593, 16, 16), (1785026001.0567985, 15, 16), (1785026001.0568342, 16, 16), (1785026008.7747078, 15, 16), (1785026008.7747324, 16, 16), (1785026011.1282136, 15, 16), (1785026011.128268, 16, 16), (1785026021.3303354, 15, 16), (1785026021.3303995, 16, 16), (1785026024.3656418, 15, 16), (1785026024.3656673, 16, 16), (1785026024.6739566, 15, 16), (1785026024.673982, 16, 16), (1785026032.640283, 15, 16), (1785026032.640334, 16, 16), (1785026034.6067164, 15, 16), (1785026034.606742, 16, 16), (1785026036.9434936, 15, 16), (1785026036.9435208, 16, 16), (1785026037.270176, 15, 16), (1785026037.2702012, 16, 16), (1785026043.5495496, 15, 16), (1785026043.549603, 16, 16), (1785026043.8417857, 15, 16), (1785026043.8418214, 16, 16), (1785026044.7964172, 15, 16), (1785026044.7964413, 16, 16), (1785026044.804422, 15, 16), (1785026044.804439, 16, 16), (1785026044.890674, 15, 16), (1785026044.8906944, 16, 16), (1785026047.2594225, 15, 16), (1785026047.2594478, 16, 16), (1785026059.338269, 15, 16), (1785026059.3383207, 16, 16), (1785026066.0863736, 15, 16), (1785026066.0863996, 16, 16), (1785026068.3650362, 15, 16), (1785026068.3650599, 16, 16), (1785026077.0838568, 15, 16), (1785026077.0839083, 16, 16), (1785026079.9643445, 15, 16), (1785026079.964374, 16, 16), (1785026083.1669674, 15, 16), (1785026083.1669924, 16, 16), (1785026083.277052, 15, 16), (1785026083.2770739, 16, 16), (1785026092.6050153, 15, 16), (1785026092.6050777, 16, 16), (1785026094.7822561, 15, 16), (1785026094.7822816, 16, 16), (1785026097.8913393, 15, 16), (1785026097.8913639, 16, 16), (1785026097.9354103, 15, 16), (1785026097.935428, 16, 16), (1785026104.3299453, 15, 16), (1785026104.330016, 16, 16), (1785026104.3822846, 15, 16), (1785026104.3823097, 16, 16), (1785026104.5461614, 15, 16), (1785026104.5461853, 16, 16), (1785026104.703503, 15, 16), (1785026104.7035258, 16, 16), (1785026106.2730844, 15, 16), (1785026106.2731092, 16, 16), (1785026108.452307, 15, 16), (1785026108.452332, 16, 16), (1785026111.6849124, 15, 16), (1785026111.6849365, 16, 16), (1785026111.715958, 15, 16), (1785026111.7159796, 16, 16), (1785026113.024664, 15, 16), (1785026113.0246892, 16, 16), (1785026121.73884, 15, 16), (1785026121.7388961, 16, 16), (1785026122.1741652, 15, 16), (1785026122.1741915, 16, 16), (1785026130.808196, 15, 16), (1785026130.809226, 15, 16)]
[36m(FullyAsyncRollouter pid=17033)[0m [FullyAsyncRollouter][Public][reset_staleness] reset staleness_samples to: 53 idle_ratio: 0.0000 step_generated_samples(this_step): 56 rollout_resource_utilization: 1.0000 recent_history(last 10 steps): [(2, 110), (3, 51), (4, 75), (5, 54), (6, 69), (7, 64), (8, 63), (9, 65), (10, 71), (11, 56)]
[36m(FullyAsyncTrainer pid=15034)[0m [FullyAsyncTrainer] sample collected 1/64. mq_len: 37
[36m(FullyAsyncTrainer pid=15034)[0m [FullyAsyncTrainer] sample collected 2/64. mq_len: 36
[36m(FullyAsyncTrainer pid=15034)[0m [FullyAsyncTrainer] sample collected 3/64. mq_len: 35
[36m(FullyAsyncTrainer pid=15034)[0m [FullyAsyncTrainer] sample collected 4/64. mq_len: 34
[36m(FullyAsyncTrainer pid=15034)[0m [FullyAsyncTrainer] sample collected 5/64. mq_len: 33
[36m(FullyAsyncTrainer pid=15034)[0m [FullyAsyncTrainer] sample collected 6/64. mq_len: 32
[36m(FullyAsyncTrainer pid=15034)[0m [FullyAsyncTrainer] sample collected 7/64. mq_len: 31
[36m(FullyAsyncTrainer pid=15034)[0m [FullyAsyncTrainer] sample collected 8/64. mq_len: 30
[36m(FullyAsyncTrainer pid=15034)[0m [FullyAsyncTrainer] sample collected 9/64. mq_len: 29
[36m(FullyAsyncTrainer pid=15034)[0m [FullyAsyncTrainer] sample collected 10/64. mq_len: 28
[36m(FullyAsyncTrainer pid=15034)[0m [FullyAsyncTrainer] sample collected 11/64. mq_len: 27
[36m(FullyAsyncTrainer pid=15034)[0m [FullyAsyncTrainer] sample collected 12/64. mq_len: 26
[36m(FullyAsyncTrainer pid=15034)[0m [FullyAsyncTrainer] sample collected 13/64. mq_len: 25
[36m(FullyAsyncTrainer pid=15034)[0m [FullyAsyncTrainer] sample collected 14/64. mq_len: 24
[36m(FullyAsyncTrainer pid=15034)[0m [FullyAsyncTrainer] sample collected 15/64. mq_len: 23
[36m(FullyAsyncTrainer pid=15034)[0m [FullyAsyncTrainer] sample collected 16/64. mq_len: 22
[36m(FullyAsyncTrainer pid=15034)[0m [FullyAsyncTrainer] sample collected 17/64. mq_len: 21
[36m(FullyAsyncTrainer pid=15034)[0m [FullyAsyncTrainer] sample collected 18/64. mq_len: 20
[36m(FullyAsyncTrainer pid=15034)[0m [FullyAsyncTrainer] sample collected 19/64. mq_len: 19
[36m(FullyAsyncTrainer pid=15034)[0m [FullyAsyncTrainer] sample collected 20/64. mq_len: 18
[36m(FullyAsyncTrainer pid=15034)[0m [FullyAsyncTrainer] sample collected 21/64. mq_len: 17
[36m(FullyAsyncTrainer pid=15034)[0m [FullyAsyncTrainer] sample collected 22/64. mq_len: 16
[36m(FullyAsyncTrainer pid=15034)[0m [FullyAsyncTrainer] sample collected 23/64. mq_len: 15
[36m(FullyAsyncTrainer pid=15034)[0m [FullyAsyncTrainer] sample collected 24/64. mq_len: 14
[36m(FullyAsyncTrainer pid=15034)[0m [FullyAsyncTrainer] sample collected 25/64. mq_len: 13
[36m(FullyAsyncTrainer pid=15034)[0m [FullyAsyncTrainer] sample collected 26/64. mq_len: 12
[36m(FullyAsyncTrainer pid=15034)[0m [FullyAsyncTrainer] sample collected 27/64. mq_len: 11
[36m(FullyAsyncTrainer pid=15034)[0m [FullyAsyncTrainer] sample collected 28/64. mq_len: 10
[36m(FullyAsyncTrainer pid=15034)[0m [FullyAsyncTrainer] sample collected 29/64. mq_len: 9
[36m(FullyAsyncTrainer pid=15034)[0m [FullyAsyncTrainer] sample collected 30/64. mq_len: 8
[36m(FullyAsyncTrainer pid=15034)[0m [FullyAsyncTrainer] sample collected 31/64. mq_len: 7
[36m(FullyAsyncTrainer pid=15034)[0m [FullyAsyncTrainer] sample collected 32/64. mq_len: 6
[36m(FullyAsyncTrainer pid=15034)[0m [FullyAsyncTrainer] sample collected 33/64. mq_len: 5
[36m(FullyAsyncTrainer pid=15034)[0m [FullyAsyncTrainer] sample collected 34/64. mq_len: 4
[36m(FullyAsyncTrainer pid=15034)[0m [FullyAsyncTrainer] sample collected 35/64. mq_len: 3
[36m(FullyAsyncTrainer pid=15034)[0m [FullyAsyncTrainer] sample collected 36/64. mq_len: 2
[36m(FullyAsyncTrainer pid=15034)[0m [FullyAsyncTrainer] sample collected 37/64. mq_len: 1
[36m(FullyAsyncTrainer pid=15034)[0m [FullyAsyncTrainer] sample collected 38/64. mq_len: 0
[36m(FullyAsyncTrainer pid=15034)[0m [FullyAsyncTrainer] sample collected 39/64. mq_len: 0
[36m(FullyAsyncTrainer pid=15034)[0m [FullyAsyncTrainer] sample collected 40/64. mq_len: 0
[36m(FullyAsyncTrainer pid=15034)[0m [FullyAsyncTrainer] sample collected 41/64. mq_len: 0
[36m(FullyAsyncTrainer pid=15034)[0m [FullyAsyncTrainer] sample collected 42/64. mq_len: 0
[36m(FullyAsyncTrainer pid=15034)[0m [FullyAsyncTrainer] sample collected 43/64. mq_len: 0
[36m(FullyAsyncTrainer pid=15034)[0m [FullyAsyncTrainer] sample collected 44/64. mq_len: 0
[36m(FullyAsyncTrainer pid=15034)[0m [FullyAsyncTrainer] sample collected 45/64. mq_len: 0
[36m(FullyAsyncTrainer pid=15034)[0m [FullyAsyncTrainer] sample collected 46/64. mq_len: 0
[36m(FullyAsyncTrainer pid=15034)[0m [FullyAsyncTrainer] sample collected 47/64. mq_len: 0
[36m(FullyAsyncTrainer pid=15034)[0m [FullyAsyncTrainer] sample collected 48/64. mq_len: 0
[36m(FullyAsyncTrainer pid=15034)[0m [FullyAsyncTrainer] sample collected 49/64. mq_len: 0
[36m(FullyAsyncTrainer pid=15034)[0m [FullyAsyncTrainer] sample collected 50/64. mq_len: 0
[36m(FullyAsyncRollouter pid=17033)[0m [FullyAsyncRollouter][MonitorLoop][Statistics] {'count/dropped_stale_samples': 0,
[36m(FullyAsyncRollouter pid=17033)[0m  'count/staleness_samples': 66,
[36m(FullyAsyncRollouter pid=17033)[0m  'count/total_generated_samples': 690,
[36m(FullyAsyncRollouter pid=17033)[0m  'monitor/active_tasks_size': 16,
[36m(FullyAsyncRollouter pid=17033)[0m  'monitor/queue/mq_queue_size': 0,
[36m(FullyAsyncRollouter pid=17033)[0m  'monitor/queue/pending_queue_size': 128,
[36m(FullyAsyncRollouter pid=17033)[0m  'static/max_concurrent_samples': 16,
[36m(FullyAsyncRollouter pid=17033)[0m  'static/max_queue_size': 576,
[36m(FullyAsyncRollouter pid=17033)[0m  'static/max_required_samples': 576,
[36m(FullyAsyncRollouter pid=17033)[0m  'static/required_samples': 64,
[36m(FullyAsyncRollouter pid=17033)[0m  'static/staleness_threshold': 8}
[36m(FullyAsyncTrainer pid=15034)[0m [FullyAsyncTrainer] sample collected 51/64. mq_len: 0
[36m(FullyAsyncTrainer pid=15034)[0m [FullyAsyncTrainer] sample collected 52/64. mq_len: 0
[36m(FullyAsyncTrainer pid=15034)[0m [FullyAsyncTrainer] sample collected 53/64. mq_len: 0
[36m(FullyAsyncTrainer pid=15034)[0m [FullyAsyncTrainer] sample collected 54/64. mq_len: 0
[36m(FullyAsyncTrainer pid=15034)[0m [FullyAsyncTrainer] sample collected 55/64. mq_len: 0
[36m(FullyAsyncTrainer pid=15034)[0m [FullyAsyncTrainer] sample collected 56/64. mq_len: 0
[36m(FullyAsyncTrainer pid=15034)[0m [FullyAsyncTrainer] sample collected 57/64. mq_len: 0
[36m(FullyAsyncTrainer pid=15034)[0m [FullyAsyncTrainer] sample collected 58/64. mq_len: 0
[36m(FullyAsyncTrainer pid=15034)[0m [FullyAsyncTrainer] sample collected 59/64. mq_len: 0
[36m(FullyAsyncTrainer pid=15034)[0m [FullyAsyncTrainer] sample collected 60/64. mq_len: 0
[36m(MessageQueue pid=23825)[0m MessageQueue stats: produced=700, queue_size=1
[36m(FullyAsyncTrainer pid=15034)[0m [FullyAsyncTrainer] sample collected 61/64. mq_len: 0
[36m(FullyAsyncTrainer pid=15034)[0m [FullyAsyncTrainer] sample collected 62/64. mq_len: 0
[36m(FullyAsyncTrainer pid=15034)[0m [FullyAsyncTrainer] sample collected 63/64. mq_len: 0
[36m(FullyAsyncTrainer pid=15034)[0m [FullyAsyncTrainer] sample collected 64/64. mq_len: 0
[36m(FullyAsyncTrainer pid=15034)[0m [FullyAsyncTrainer] Collected 64/64 samples. mq_len: 0
[36m(FullyAsyncTrainer pid=15034)[0m [FullyAsyncTrainer] Loop collection completed: 64/64 samples, total wait time: 97.72 seconds. mq_len: 0
[36m(FullyAsyncTrainer pid=15034)[0m [BatchUtils] Assembling batch from 64 RolloutSample objects
[36m(FullyAsyncTrainer pid=15034)[0m [BatchUtils] Batch assembly completed in 0.24s
[36m(FullyAsyncRollouter pid=17033)[0m [FullyAsyncRollouter][MonitorLoop][Statistics] {'count/dropped_stale_samples': 0,
[36m(FullyAsyncRollouter pid=17033)[0m  'count/staleness_samples': 86,
[36m(FullyAsyncRollouter pid=17033)[0m  'count/total_generated_samples': 710,
[36m(FullyAsyncRollouter pid=17033)[0m  'monitor/active_tasks_size': 16,
[36m(FullyAsyncRollouter pid=17033)[0m  'monitor/queue/mq_queue_size': 6,
[36m(FullyAsyncRollouter pid=17033)[0m  'monitor/queue/pending_queue_size': 128,
[36m(FullyAsyncRollouter pid=17033)[0m  'static/max_concurrent_samples': 16,
[36m(FullyAsyncRollouter pid=17033)[0m  'static/max_queue_size': 576,
[36m(FullyAsyncRollouter pid=17033)[0m  'static/max_required_samples': 576,
[36m(FullyAsyncRollouter pid=17033)[0m  'static/required_samples': 64,
[36m(FullyAsyncRollouter pid=17033)[0m  'static/staleness_threshold': 8}
[36m(FullyAsyncRollouter pid=17033)[0m [FullyAsyncRollouter][MonitorLoop][Statistics] {'count/dropped_stale_samples': 0,
[36m(FullyAsyncRollouter pid=17033)[0m  'count/staleness_samples': 111,
[36m(FullyAsyncRollouter pid=17033)[0m  'count/total_generated_samples': 735,
[36m(FullyAsyncRollouter pid=17033)[0m  'monitor/active_tasks_size': 16,
[36m(FullyAsyncRollouter pid=17033)[0m  'monitor/queue/mq_queue_size': 31,
[36m(FullyAsyncRollouter pid=17033)[0m  'monitor/queue/pending_queue_size': 128,
[36m(FullyAsyncRollouter pid=17033)[0m  'static/max_concurrent_samples': 16,
[36m(FullyAsyncRollouter pid=17033)[0m  'static/max_queue_size': 576,
[36m(FullyAsyncRollouter pid=17033)[0m  'static/max_required_samples': 576,
[36m(FullyAsyncRollouter pid=17033)[0m  'static/required_samples': 64,
[36m(FullyAsyncRollouter pid=17033)[0m  'static/staleness_threshold': 8}
[36m(FullyAsyncTrainer pid=15034)[0m [FullyAsyncTrainer] global_steps: 11 local_trigger_step: 1 trigger_parameter_sync_step: 1 00:39:11.612
[36m(vLLMHttpServer pid=19207)[0m (Worker pid=20572) WARNING 07-26 00:39:12 [layerwise.py:225] RotaryEmbedding: Failed to load weights
[36m(vLLMHttpServer pid=19207)[0m (EngineCore pid=20179) WARNING 07-26 00:39:12 [scheduler.py:1919] reset_connector called but no KV connector is configured.
[36m(FullyAsyncTrainer pid=15034)[0m [FullyAsyncTrainer] _fit_update_weights, timing_s/param_sync: 1.3912 seconds self.current_param_version: 11
[36m(FullyAsyncTrainer pid=15034)[0m step:11 - fully_async/rollouter/active_time:247.35047459602356 - fully_async/rollouter/version_time:247.35047459602356 - fully_async/rollouter/idle_ratio:0 - fully_async/rollouter/step_generated_samples:70 - dynamic_resource/rollout_resource_utilization:0.9999991474397822
[36m(FullyAsyncRollouter pid=17033)[0m [FullyAsyncRollouter][RolloutResourceUtilization] raw active_count_history (timestamp, active_count, max_concurrent): [(1785026130.8094974, 15, 16), (1785026130.809597, 16, 16), (1785026131.680383, 15, 16), (1785026131.6804082, 16, 16), (1785026145.2971785, 15, 16), (1785026145.297229, 16, 16), (1785026154.4732141, 15, 16), (1785026154.4732404, 16, 16), (1785026161.6233308, 15, 16), (1785026161.6233807, 16, 16), (1785026167.0710208, 15, 16), (1785026167.0710506, 16, 16), (1785026171.002038, 15, 16), (1785026171.002064, 16, 16), (1785026171.098722, 15, 16), (1785026171.0987446, 16, 16), (1785026173.1656709, 15, 16), (1785026173.165741, 16, 16), (1785026178.4335196, 15, 16), (1785026178.4335446, 16, 16), (1785026178.8583252, 15, 16), (1785026178.8583515, 16, 16), (1785026178.8867526, 15, 16), (1785026178.886773, 16, 16), (1785026181.4764612, 15, 16), (1785026181.4764874, 16, 16), (1785026183.534754, 15, 16), (1785026183.534804, 16, 16), (1785026184.1864805, 15, 16), (1785026184.1865032, 16, 16), (1785026184.7735486, 15, 16), (1785026184.7735746, 16, 16), (1785026188.1890554, 15, 16), (1785026188.1890812, 16, 16), (1785026189.7720532, 15, 16), (1785026189.7720766, 16, 16), (1785026191.7262652, 15, 16), (1785026191.7262883, 16, 16), (1785026192.6145432, 15, 16), (1785026192.6145678, 16, 16), (1785026193.8205657, 15, 16), (1785026193.8206182, 16, 16), (1785026193.8472002, 15, 16), (1785026193.8472192, 16, 16), (1785026207.440073, 15, 16), (1785026207.4401257, 16, 16), (1785026219.0645478, 15, 16), (1785026219.0645986, 16, 16), (1785026224.365741, 15, 16), (1785026224.3657682, 16, 16), (1785026228.5465512, 15, 16), (1785026228.5465767, 16, 16), (1785026228.5619218, 15, 16), (1785026228.561941, 16, 16), (1785026236.3723629, 15, 16), (1785026236.3724132, 16, 16), (1785026236.972949, 15, 16), (1785026236.9729764, 16, 16), (1785026242.4511023, 15, 16), (1785026242.4511263, 16, 16), (1785026242.4550526, 15, 16), (1785026242.4550722, 16, 16), (1785026243.0453932, 15, 16), (1785026243.0454187, 16, 16), (1785026243.7684386, 15, 16), (1785026243.7684648, 16, 16), (1785026247.0289664, 15, 16), (1785026247.0290177, 16, 16), (1785026248.7562828, 15, 16), (1785026248.7563133, 16, 16), (1785026251.179894, 15, 16), (1785026251.1799188, 16, 16), (1785026252.2122855, 15, 16), (1785026252.212319, 16, 16), (1785026255.041993, 15, 16), (1785026255.042021, 16, 16), (1785026255.8163965, 15, 16), (1785026255.816423, 16, 16), (1785026270.165773, 15, 16), (1785026270.1658354, 16, 16), (1785026279.8327749, 15, 16), (1785026279.8327992, 16, 16), (1785026284.8169038, 15, 16), (1785026284.816956, 16, 16), (1785026284.8669624, 15, 16), (1785026284.8669856, 16, 16), (1785026289.2335734, 15, 16), (1785026289.233599, 16, 16), (1785026289.2898376, 15, 16), (1785026289.2898583, 16, 16), (1785026293.048023, 15, 16), (1785026293.0480494, 16, 16), (1785026295.3173826, 15, 16), (1785026295.3174338, 16, 16), (1785026295.491546, 15, 16), (1785026295.4915702, 16, 16), (1785026296.0961792, 15, 16), (1785026296.096205, 16, 16), (1785026301.035171, 15, 16), (1785026301.035196, 16, 16), (1785026301.1955075, 15, 16), (1785026301.1955347, 16, 16), (1785026301.2086272, 15, 16), (1785026301.2086515, 16, 16), (1785026305.928527, 15, 16), (1785026305.9285808, 16, 16), (1785026306.6415796, 15, 16), (1785026306.6416056, 16, 16), (1785026307.8138893, 15, 16), (1785026307.8139215, 16, 16), (1785026311.8289042, 15, 16), (1785026311.8289304, 16, 16), (1785026312.5819638, 15, 16), (1785026312.5819883, 16, 16), (1785026313.754833, 15, 16), (1785026313.7548597, 16, 16), (1785026318.1944218, 15, 16), (1785026318.1944835, 16, 16), (1785026320.840177, 15, 16), (1785026320.840204, 16, 16), (1785026320.9808724, 15, 16), (1785026320.9808958, 16, 16), (1785026322.1747732, 15, 16), (1785026322.1747968, 16, 16), (1785026324.7210164, 15, 16), (1785026324.7210412, 16, 16), (1785026326.529511, 15, 16), (1785026326.5295365, 16, 16), (1785026327.4193203, 15, 16), (1785026327.4193625, 16, 16), (1785026331.629576, 15, 16), (1785026331.629627, 16, 16), (1785026334.8706164, 15, 16), (1785026334.8706422, 16, 16), (1785026335.1624002, 15, 16), (1785026335.162426, 16, 16), (1785026339.0286024, 15, 16), (1785026339.0286257, 16, 16), (1785026343.8626502, 15, 16), (1785026343.8627033, 16, 16), (1785026378.158984, 15, 16), (1785026378.1600409, 15, 16)]
[36m(FullyAsyncRollouter pid=17033)[0m [FullyAsyncRollouter][Public][reset_staleness] reset staleness_samples to: 59 idle_ratio: 0.0000 step_generated_samples(this_step): 70 rollout_resource_utilization: 1.0000 recent_history(last 10 steps): [(3, 51), (4, 75), (5, 54), (6, 69), (7, 64), (8, 63), (9, 65), (10, 71), (11, 56), (12, 70)]
[36m(FullyAsyncTrainer pid=15034)[0m aggregated metrics done. cost 0.0003 seconds.
[36m(FullyAsyncTrainer pid=15034)[0m step:11 - training/global_step:10.0 - training/epoch:0.0 - fully_async/count/stale_trajectory_processed:2962.0 - fully_async/count/current_param_version:9.0 - fully_async/processing_time/avg:46.98923728147855 - fully_async/processing_time/max:84.31666158000007 - fully_async/processing_time/min:5.642279399000472 - fully_async/processing_time/tp50:54.20706350199998 - fully_async/processing_time/tp99:83.61455746851009 - fully_async/processing_time/tp95:80.21348640785054 - fully_async/monitor/active_tasks_size:16.0 - fully_async/monitor/queue/pending_queue_size:128.0 - fully_async/monitor/queue/mq_queue_size:0.0 - fully_async/count/total_generated_samples:576.0 - fully_async/count/staleness_samples:80.0 - fully_async/count/dropped_stale_samples:0.0 - fully_async/static/max_required_samples:576.0 - fully_async/static/required_samples:64.0 - fully_async/static/staleness_threshold:8.0 - fully_async/static/max_queue_size:576.0 - fully_async/static/max_concurrent_samples:16.0 - fully_async/partial/total_partial_num:123.0 - fully_async/partial/partial_ratio:0.240234375 - fully_async/partial/max_partial_span:1.0 - timing_s/agent_loop/tool_calls/max:0.0 - timing_s/agent_loop/tool_calls/min:0.0 - timing_s/agent_loop/tool_calls/mean:0.0 - fully_async/total_wait_time:64.66968393325806 - actor/pg_clipfrac:0.00027818578904446813 - actor/ppo_kl:0.0007128314917267286 - actor/pg_clipfrac_lower:9.705945276366476e-07 - actor/pg_loss:0.0507176333321695 - actor/loss:0.050717636942863464 - actor/grad_norm:0.024814099073410034 - actor/lr:1e-06 - actor/perf/max_memory_allocated_gb:40.25760555267334 - actor/perf/max_memory_reserved_gb:73.146484375 - actor/perf/cpu_memory_used_gb:51.39724349975586 - perf/mfu/actor:0.3252544738321298 - dynamic_resource/train_compute_time_s:124.76805367199995 - dynamic_resource/train_allocated_time_s:194.41824531555176 - critic/score/mean:-0.61328125 - critic/score/max:1.0 - critic/score/min:-1.0 - critic/rewards/mean:-0.61328125 - critic/rewards/max:1.0 - critic/rewards/min:-1.0 - critic/advantages/mean:-0.05070595443248749 - critic/advantages/max:2.474870204925537 - critic/advantages/min:-2.474870204925537 - critic/returns/mean:-0.05070595443248749 - critic/returns/max:2.474870204925537 - critic/returns/min:-2.474870204925537 - response_length/mean:6045.365234375 - response_length/max:8192.0 - response_length/min:730.0 - response_length/clip_ratio:0.447265625 - response_length_non_aborted/mean:6045.365234375 - response_length_non_aborted/max:8192.0 - response_length_non_aborted/min:730.0 - response_length_non_aborted/clip_ratio:0.447265625 - response/aborted_ratio:0.0 - prompt_length/mean:143.859375 - prompt_length/max:313.0 - prompt_length/min:74.0 - prompt_length/clip_ratio:0.0 - num_turns/min:2.0 - num_turns/max:2.0 - num_turns/mean:2.0 - timing_s/start_profile:5.856998541275971e-06 - timing_s/gen:64.99119477000022 - timing_s/reward:1.750899900798686e-05 - timing_s/adv:0.010083172001031926 - timing_s/update_actor:124.75795299099991 - timing_s/timing_s/param_sync:1.1794436779982789 - timing_s/step:194.4182641820007 - timing_s/stop_profile:5.011999746784568e-06 - timing_per_token_ms/adv:3.181932561420515e-06 - timing_per_token_ms/update_actor:0.03936969367155553 - timing_per_token_ms/gen:0.020997230500380173 - perf/total_num_tokens:3168883.0 - perf/time_per_step:194.4182641820007 - perf/throughput:8149.653566070096 - dynamic_resource/mq_size:38.0 - fully_async/trainer/idle_ratio:0.33428543888839596 - dynamic_resource/train_resource_utilization:0.6417507444812824 - dynamic_resource/rollout_resource_utilization:0.9999991474397822 - dynamic_resource/resource_utilization:0.8208749459605323
[36m(FullyAsyncTrainer pid=15034)[0m [FullyAsyncTrainer] Requesting 64 samples from queue
[36m(FullyAsyncTrainer pid=15034)[0m [FullyAsyncTrainer] sample collected 1/64. mq_len: 43
[36m(FullyAsyncTrainer pid=15034)[0m [FullyAsyncTrainer] sample collected 2/64. mq_len: 42
[36m(FullyAsyncTrainer pid=15034)[0m [FullyAsyncTrainer] sample collected 3/64. mq_len: 41
[36m(FullyAsyncTrainer pid=15034)[0m [FullyAsyncTrainer] sample collected 4/64. mq_len: 40
[36m(FullyAsyncTrainer pid=15034)[0m [FullyAsyncTrainer] sample collected 5/64. mq_len: 39
[36m(FullyAsyncTrainer pid=15034)[0m [FullyAsyncTrainer] sample collected 6/64. mq_len: 38
[36m(FullyAsyncTrainer pid=15034)[0m [FullyAsyncTrainer] sample collected 7/64. mq_len: 37
[36m(FullyAsyncTrainer pid=15034)[0m [FullyAsyncTrainer] sample collected 8/64. mq_len: 36
[36m(FullyAsyncTrainer pid=15034)[0m [FullyAsyncTrainer] sample collected 9/64. mq_len: 35
[36m(FullyAsyncTrainer pid=15034)[0m [FullyAsyncTrainer] sample collected 10/64. mq_len: 34
[36m(FullyAsyncTrainer pid=15034)[0m [FullyAsyncTrainer] sample collected 11/64. mq_len: 33
[36m(FullyAsyncTrainer pid=15034)[0m [FullyAsyncTrainer] sample collected 12/64. mq_len: 32
[36m(FullyAsyncTrainer pid=15034)[0m [FullyAsyncTrainer] sample collected 13/64. mq_len: 31
[36m(FullyAsyncTrainer pid=15034)[0m [FullyAsyncTrainer] sample collected 14/64. mq_len: 30
[36m(FullyAsyncTrainer pid=15034)[0m [FullyAsyncTrainer] sample collected 15/64. mq_len: 29
[36m(FullyAsyncTrainer pid=15034)[0m [FullyAsyncTrainer] sample collected 16/64. mq_len: 28
[36m(FullyAsyncTrainer pid=15034)[0m [FullyAsyncTrainer] sample collected 17/64. mq_len: 27
[36m(FullyAsyncTrainer pid=15034)[0m [FullyAsyncTrainer] sample collected 18/64. mq_len: 26
[36m(FullyAsyncTrainer pid=15034)[0m [FullyAsyncTrainer] sample collected 19/64. mq_len: 25
[36m(FullyAsyncTrainer pid=15034)[0m [FullyAsyncTrainer] sample collected 20/64. mq_len: 24
[36m(FullyAsyncTrainer pid=15034)[0m [FullyAsyncTrainer] sample collected 21/64. mq_len: 23
[36m(FullyAsyncTrainer pid=15034)[0m [FullyAsyncTrainer] sample collected 22/64. mq_len: 22
[36m(FullyAsyncTrainer pid=15034)[0m Training Progress:  14%|█▍        | 11/80 [44:11<4:28:28, 233.45s/it]
[36m(FullyAsyncTrainer pid=15034)[0m [FullyAsyncTrainer] sample collected 23/64. mq_len: 21
[36m(FullyAsyncTrainer pid=15034)[0m [FullyAsyncTrainer] sample collected 24/64. mq_len: 20
[36m(FullyAsyncTrainer pid=15034)[0m [FullyAsyncTrainer] sample collected 25/64. mq_len: 20
[36m(FullyAsyncTrainer pid=15034)[0m [FullyAsyncTrainer] sample collected 26/64. mq_len: 19
[36m(FullyAsyncTrainer pid=15034)[0m [FullyAsyncTrainer] sample collected 27/64. mq_len: 18
[36m(FullyAsyncTrainer pid=15034)[0m [FullyAsyncTrainer] sample collected 28/64. mq_len: 17
[36m(FullyAsyncTrainer pid=15034)[0m [FullyAsyncTrainer] sample collected 29/64. mq_len: 16
[36m(FullyAsyncTrainer pid=15034)[0m [FullyAsyncTrainer] sample collected 30/64. mq_len: 15
[36m(FullyAsyncTrainer pid=15034)[0m [FullyAsyncTrainer] sample collected 31/64. mq_len: 14
[36m(FullyAsyncTrainer pid=15034)[0m [FullyAsyncTrainer] sample collected 32/64. mq_len: 13
[36m(FullyAsyncTrainer pid=15034)[0m [FullyAsyncTrainer] sample collected 33/64. mq_len: 12
[36m(FullyAsyncTrainer pid=15034)[0m [FullyAsyncTrainer] sample collected 34/64. mq_len: 11
[36m(FullyAsyncTrainer pid=15034)[0m [FullyAsyncTrainer] sample collected 35/64. mq_len: 10
[36m(FullyAsyncTrainer pid=15034)[0m [FullyAsyncTrainer] sample collected 36/64. mq_len: 9
[36m(FullyAsyncTrainer pid=15034)[0m [FullyAsyncTrainer] sample collected 37/64. mq_len: 8
[36m(FullyAsyncTrainer pid=15034)[0m [FullyAsyncTrainer] sample collected 38/64. mq_len: 7
[36m(FullyAsyncTrainer pid=15034)[0m [FullyAsyncTrainer] sample collected 39/64. mq_len: 6
[36m(FullyAsyncTrainer pid=15034)[0m [FullyAsyncTrainer] sample collected 40/64. mq_len: 5
[36m(FullyAsyncTrainer pid=15034)[0m [FullyAsyncTrainer] sample collected 41/64. mq_len: 4
[36m(FullyAsyncTrainer pid=15034)[0m [FullyAsyncTrainer] sample collected 42/64. mq_len: 3
[36m(FullyAsyncTrainer pid=15034)[0m [FullyAsyncTrainer] sample collected 43/64. mq_len: 2
[36m(FullyAsyncTrainer pid=15034)[0m [FullyAsyncTrainer] sample collected 44/64. mq_len: 1
[36m(FullyAsyncTrainer pid=15034)[0m [FullyAsyncTrainer] sample collected 45/64. mq_len: 0
[36m(FullyAsyncTrainer pid=15034)[0m [FullyAsyncTrainer] sample collected 46/64. mq_len: 0
[36m(FullyAsyncRollouter pid=17033)[0m [FullyAsyncRollouter][MonitorLoop][Statistics] {'count/dropped_stale_samples': 0,
[36m(FullyAsyncRollouter pid=17033)[0m  'count/staleness_samples': 62,
[36m(FullyAsyncRollouter pid=17033)[0m  'count/total_generated_samples': 750,
[36m(FullyAsyncRollouter pid=17033)[0m  'monitor/active_tasks_size': 16,
[36m(FullyAsyncRollouter pid=17033)[0m  'monitor/queue/mq_queue_size': 0,
[36m(FullyAsyncRollouter pid=17033)[0m  'monitor/queue/pending_queue_size': 128,
[36m(FullyAsyncRollouter pid=17033)[0m  'static/max_concurrent_samples': 16,
[36m(FullyAsyncRollouter pid=17033)[0m  'static/max_queue_size': 576,
[36m(FullyAsyncRollouter pid=17033)[0m  'static/max_required_samples': 576,
[36m(FullyAsyncRollouter pid=17033)[0m  'static/required_samples': 64,
[36m(FullyAsyncRollouter pid=17033)[0m  'static/staleness_threshold': 8}
[36m(FullyAsyncTrainer pid=15034)[0m [FullyAsyncTrainer] sample collected 47/64. mq_len: 0
[36m(FullyAsyncTrainer pid=15034)[0m [FullyAsyncTrainer] sample collected 48/64. mq_len: 0
[36m(FullyAsyncTrainer pid=15034)[0m [FullyAsyncTrainer] sample collected 49/64. mq_len: 0
[36m(FullyAsyncTrainer pid=15034)[0m [FullyAsyncTrainer] sample collected 50/64. mq_len: 0
[36m(FullyAsyncTrainer pid=15034)[0m [FullyAsyncTrainer] sample collected 51/64. mq_len: 0
[36m(FullyAsyncTrainer pid=15034)[0m [FullyAsyncTrainer] sample collected 52/64. mq_len: 0
[36m(FullyAsyncTrainer pid=15034)[0m [FullyAsyncTrainer] sample collected 53/64. mq_len: 0
[36m(FullyAsyncTrainer pid=15034)[0m [FullyAsyncTrainer] sample collected 54/64. mq_len: 0
[36m(FullyAsyncTrainer pid=15034)[0m [FullyAsyncTrainer] sample collected 55/64. mq_len: 0
[36m(FullyAsyncTrainer pid=15034)[0m [FullyAsyncTrainer] sample collected 56/64. mq_len: 0
[36m(FullyAsyncTrainer pid=15034)[0m [FullyAsyncTrainer] sample collected 57/64. mq_len: 0
[36m(FullyAsyncTrainer pid=15034)[0m [FullyAsyncTrainer] sample collected 58/64. mq_len: 0
[36m(FullyAsyncTrainer pid=15034)[0m [FullyAsyncTrainer] sample collected 59/64. mq_len: 0
[36m(FullyAsyncTrainer pid=15034)[0m [FullyAsyncTrainer] sample collected 60/64. mq_len: 0
[36m(FullyAsyncTrainer pid=15034)[0m [FullyAsyncTrainer] sample collected 61/64. mq_len: 0
[36m(FullyAsyncTrainer pid=15034)[0m [FullyAsyncTrainer] sample collected 62/64. mq_len: 0
[36m(FullyAsyncTrainer pid=15034)[0m [FullyAsyncTrainer] sample collected 63/64. mq_len: 0
[36m(FullyAsyncTrainer pid=15034)[0m [FullyAsyncTrainer] sample collected 64/64. mq_len: 0
[36m(FullyAsyncTrainer pid=15034)[0m [FullyAsyncTrainer] Collected 64/64 samples. mq_len: 0
[36m(FullyAsyncTrainer pid=15034)[0m [FullyAsyncTrainer] Loop collection completed: 64/64 samples, total wait time: 45.45 seconds. mq_len: 0
[36m(FullyAsyncTrainer pid=15034)[0m [BatchUtils] Assembling batch from 64 RolloutSample objects
[36m(FullyAsyncTrainer pid=15034)[0m [BatchUtils] Batch assembly completed in 0.22s
[36m(FullyAsyncRollouter pid=17033)[0m [FullyAsyncRollouter][MonitorLoop][Statistics] {'count/dropped_stale_samples': 0,
[36m(FullyAsyncRollouter pid=17033)[0m  'count/staleness_samples': 89,
[36m(FullyAsyncRollouter pid=17033)[0m  'count/total_generated_samples': 777,
[36m(FullyAsyncRollouter pid=17033)[0m  'monitor/active_tasks_size': 16,
[36m(FullyAsyncRollouter pid=17033)[0m  'monitor/queue/mq_queue_size': 9,
[36m(FullyAsyncRollouter pid=17033)[0m  'monitor/queue/pending_queue_size': 128,
[36m(FullyAsyncRollouter pid=17033)[0m  'static/max_concurrent_samples': 16,
[36m(FullyAsyncRollouter pid=17033)[0m  'static/max_queue_size': 576,
[36m(FullyAsyncRollouter pid=17033)[0m  'static/max_required_samples': 576,
[36m(FullyAsyncRollouter pid=17033)[0m  'static/required_samples': 64,
[36m(FullyAsyncRollouter pid=17033)[0m  'static/staleness_threshold': 8}
[36m(FullyAsyncRollouter pid=17033)[0m [FullyAsyncRollouter][MonitorLoop][Statistics] {'count/dropped_stale_samples': 0,
[36m(FullyAsyncRollouter pid=17033)[0m  'count/staleness_samples': 107,
[36m(FullyAsyncRollouter pid=17033)[0m  'count/total_generated_samples': 795,
[36m(FullyAsyncRollouter pid=17033)[0m  'monitor/active_tasks_size': 16,
[36m(FullyAsyncRollouter pid=17033)[0m  'monitor/queue/mq_queue_size': 27,
[36m(FullyAsyncRollouter pid=17033)[0m  'monitor/queue/pending_queue_size': 128,
[36m(FullyAsyncRollouter pid=17033)[0m  'static/max_concurrent_samples': 16,
[36m(FullyAsyncRollouter pid=17033)[0m  'static/max_queue_size': 576,
[36m(FullyAsyncRollouter pid=17033)[0m  'static/max_required_samples': 576,
[36m(FullyAsyncRollouter pid=17033)[0m  'static/required_samples': 64,
[36m(FullyAsyncRollouter pid=17033)[0m  'static/staleness_threshold': 8}
[36m(MessageQueue pid=23825)[0m MessageQueue stats: produced=800, queue_size=32
[36m(FullyAsyncTrainer pid=15034)[0m [FullyAsyncTrainer] global_steps: 12 local_trigger_step: 1 trigger_parameter_sync_step: 1 00:42:21.131
[36m(vLLMHttpServer pid=19207)[0m (Worker pid=20572) WARNING 07-26 00:42:22 [layerwise.py:225] RotaryEmbedding: Failed to load weights
[36m(vLLMHttpServer pid=19207)[0m (EngineCore pid=20179) WARNING 07-26 00:42:22 [scheduler.py:1919] reset_connector called but no KV connector is configured.
[36m(FullyAsyncTrainer pid=15034)[0m [FullyAsyncTrainer] _fit_update_weights, timing_s/param_sync: 1.1576 seconds self.current_param_version: 12
[36m(FullyAsyncTrainer pid=15034)[0m step:12 - fully_async/rollouter/active_time:179.77654886245728 - fully_async/rollouter/version_time:179.77654886245728 - fully_async/rollouter/idle_ratio:0 - fully_async/rollouter/step_generated_samples:56 - dynamic_resource/rollout_resource_utilization:0.9999989561199841
[36m(FullyAsyncTrainer pid=15034)[0m aggregated metrics done. cost 0.0003 seconds.
[36m(FullyAsyncTrainer pid=15034)[0m step:12 - training/global_step:11.0 - training/epoch:0.0 - fully_async/count/stale_trajectory_processed:3290.0 - fully_async/count/current_param_version:10.0 - fully_async/processing_time/avg:44.540492653300774 - fully_async/processing_time/max:76.68773272599901 - fully_async/processing_time/min:3.16207811500135 - fully_async/processing_time/tp50:56.02177293850036 - fully_async/processing_time/tp99:76.5549699162101 - fully_async/processing_time/tp95:73.95507648314997 - fully_async/monitor/active_tasks_size:16.0 - fully_async/monitor/queue/pending_queue_size:128.0 - fully_async/monitor/queue/mq_queue_size:0.0 - fully_async/count/total_generated_samples:640.0 - fully_async/count/staleness_samples:80.0 - fully_async/count/dropped_stale_samples:0.0 - fully_async/static/max_required_samples:576.0 - fully_async/static/required_samples:64.0 - fully_async/static/staleness_threshold:8.0 - fully_async/static/max_queue_size:576.0 - fully_async/static/max_concurrent_samples:16.0 - fully_async/partial/total_partial_num:96.0 - fully_async/partial/partial_ratio:0.1875 - fully_async/partial/max_partial_span:1.0 - timing_s/agent_loop/tool_calls/max:0.0 - timing_s/agent_loop/tool_calls/min:0.0 - timing_s/agent_loop/tool_calls/mean:0.0 - fully_async/total_wait_time:97.71618580818176 - actor/pg_clipfrac:0.0002019738616072573 - actor/ppo_kl:0.0006516042232542532 - actor/pg_clipfrac_lower:3.349242324475199e-07 - actor/pg_loss:0.04365009140383336 - actor/loss:0.04365009069442749 - actor/grad_norm:0.023865679278969765 - actor/lr:1e-06 - actor/perf/max_memory_allocated_gb:40.25760555267334 - actor/perf/max_memory_reserved_gb:73.146484375 - actor/perf/cpu_memory_used_gb:51.84168243408203 - perf/mfu/actor:0.321625514775436 - dynamic_resource/train_compute_time_s:122.69185072400069 - dynamic_resource/train_allocated_time_s:247.3097174167633 - critic/score/mean:-0.515625 - critic/score/max:1.0 - critic/score/min:-1.0 - critic/rewards/mean:-0.515625 - critic/rewards/max:1.0 - critic/rewards/min:-1.0 - critic/advantages/mean:-0.043631695210933685 - critic/advantages/max:2.474870204925537 - critic/advantages/min:-2.474870204925537 - critic/returns/mean:-0.043631695210933685 - critic/returns/max:2.474870204925537 - critic/returns/min:-2.474870204925537 - response_length/mean:5852.880859375 - response_length/max:8192.0 - response_length/min:463.0 - response_length/clip_ratio:0.466796875 - response_length_non_aborted/mean:5852.880859375 - response_length_non_aborted/max:8192.0 - response_length_non_aborted/min:463.0 - response_length_non_aborted/clip_ratio:0.466796875 - response/aborted_ratio:0.0 - prompt_length/mean:140.65625 - prompt_length/max:255.0 - prompt_length/min:76.0 - prompt_length/clip_ratio:0.0 - num_turns/min:2.0 - num_turns/max:2.0 - num_turns/mean:2.0 - timing_s/start_profile:6.194999514264055e-06 - timing_s/gen:98.06726828300089 - timing_s/reward:1.743500070006121e-05 - timing_s/adv:0.009801575000892626 - timing_s/update_actor:122.6820317139991 - timing_s/timing_s/param_sync:1.3912391329995444 - timing_s/step:247.3097359860003 - timing_s/stop_profile:4.4839998736279085e-06 - timing_per_token_ms/adv:3.1940573361386422e-06 - timing_per_token_ms/update_actor:0.039978620106748804 - timing_per_token_ms/gen:0.03272536003503913 - perf/total_num_tokens:3068691.0 - perf/time_per_step:247.3097359860003 - perf/throughput:6204.145153779373 - dynamic_resource/mq_size:44.0 - fully_async/trainer/idle_ratio:0.39653622164131974 - dynamic_resource/train_resource_utilization:0.49610606491956755 - dynamic_resource/rollout_resource_utilization:0.9999989561199841 - dynamic_resource/resource_utilization:0.7480525105197758
[36m(FullyAsyncTrainer pid=15034)[0m Training Progress:  15%|█▌        | 12/80 [47:11<4:06:04, 217.13s/it]
[36m(FullyAsyncRollouter pid=17033)[0m [FullyAsyncRollouter][RolloutResourceUtilization] raw active_count_history (timestamp, active_count, max_concurrent): [(1785026378.1603546, 15, 16), (1785026378.1604946, 16, 16), (1785026378.2814276, 15, 16), (1785026378.2814565, 16, 16), (1785026379.5534253, 15, 16), (1785026379.5534487, 16, 16), (1785026390.8616915, 15, 16), (1785026390.8617418, 16, 16), (1785026393.0681717, 15, 16), (1785026393.068196, 16, 16), (1785026396.482432, 15, 16), (1785026396.4824567, 16, 16), (1785026399.8151479, 15, 16), (1785026399.8151731, 16, 16), (1785026400.644958, 15, 16), (1785026400.6449826, 16, 16), (1785026400.7502685, 15, 16), (1785026400.7502909, 16, 16), (1785026403.361292, 15, 16), (1785026403.3613455, 16, 16), (1785026403.4596415, 15, 16), (1785026403.4596665, 16, 16), (1785026405.015468, 15, 16), (1785026405.0154955, 16, 16), (1785026408.3777037, 15, 16), (1785026408.3777316, 16, 16), (1785026409.0670648, 15, 16), (1785026409.06709, 16, 16), (1785026411.6812444, 15, 16), (1785026411.6812706, 16, 16), (1785026412.3069668, 15, 16), (1785026412.3069947, 16, 16), (1785026414.6265144, 15, 16), (1785026414.626587, 16, 16), (1785026418.0455887, 15, 16), (1785026418.0456133, 16, 16), (1785026420.9025445, 15, 16), (1785026420.9025705, 16, 16), (1785026421.7571383, 15, 16), (1785026421.7571633, 16, 16), (1785026423.6409702, 15, 16), (1785026423.640998, 16, 16), (1785026428.9900923, 15, 16), (1785026428.9901493, 16, 16), (1785026431.841462, 15, 16), (1785026431.8414865, 16, 16), (1785026436.706277, 15, 16), (1785026436.7063022, 16, 16), (1785026438.019215, 15, 16), (1785026438.0192409, 16, 16), (1785026452.0934691, 15, 16), (1785026452.093522, 16, 16), (1785026456.2465866, 15, 16), (1785026456.2466116, 16, 16), (1785026456.3307946, 15, 16), (1785026456.3308337, 16, 16), (1785026456.3337812, 15, 16), (1785026456.333797, 16, 16), (1785026459.8431842, 15, 16), (1785026459.84321, 16, 16), (1785026463.9220536, 15, 16), (1785026463.9221103, 16, 16), (1785026464.999604, 15, 16), (1785026464.9996321, 16, 16), (1785026467.7997463, 15, 16), (1785026467.7997758, 16, 16), (1785026468.637919, 15, 16), (1785026468.6379457, 16, 16), (1785026475.055698, 15, 16), (1785026475.055753, 16, 16), (1785026475.2390192, 15, 16), (1785026475.2390451, 16, 16), (1785026479.8756306, 15, 16), (1785026479.8756618, 16, 16), (1785026480.189211, 15, 16), (1785026480.1892345, 16, 16), (1785026483.3810568, 15, 16), (1785026483.3810854, 16, 16), (1785026488.2125547, 15, 16), (1785026488.212607, 16, 16), (1785026490.9332693, 15, 16), (1785026490.9332948, 16, 16), (1785026496.4589002, 15, 16), (1785026496.458927, 16, 16), (1785026512.8277316, 15, 16), (1785026512.8277853, 16, 16), (1785026516.9103181, 15, 16), (1785026516.9103441, 16, 16), (1785026516.9626265, 15, 16), (1785026516.962649, 16, 16), (1785026516.9661984, 15, 16), (1785026516.9662132, 16, 16), (1785026518.6270788, 15, 16), (1785026518.6271045, 16, 16), (1785026519.9990613, 15, 16), (1785026519.9990845, 16, 16), (1785026523.7695198, 15, 16), (1785026523.7695773, 16, 16), (1785026524.7210429, 15, 16), (1785026524.7210693, 16, 16), (1785026525.1005044, 15, 16), (1785026525.100529, 16, 16), (1785026529.2438848, 15, 16), (1785026529.2439098, 16, 16), (1785026535.5439005, 15, 16), (1785026535.5439649, 16, 16), (1785026536.4593515, 15, 16), (1785026536.4593766, 16, 16), (1785026540.014743, 15, 16), (1785026540.014778, 16, 16), (1785026540.3434296, 15, 16), (1785026540.3434544, 16, 16), (1785026557.9358778, 15, 16), (1785026557.9369776, 15, 16)]
[36m(FullyAsyncRollouter pid=17033)[0m [FullyAsyncRollouter][Public][reset_staleness] reset staleness_samples to: 51 idle_ratio: 0.0000 step_generated_samples(this_step): 56 rollout_resource_utilization: 1.0000 recent_history(last 10 steps): [(4, 75), (5, 54), (6, 69), (7, 64), (8, 63), (9, 65), (10, 71), (11, 56), (12, 70), (13, 56)]
[36m(FullyAsyncTrainer pid=15034)[0m [FullyAsyncTrainer] Requesting 64 samples from queue
[36m(FullyAsyncTrainer pid=15034)[0m [FullyAsyncTrainer] sample collected 1/64. mq_len: 35
[36m(FullyAsyncTrainer pid=15034)[0m [FullyAsyncTrainer] sample collected 2/64. mq_len: 34
[36m(FullyAsyncTrainer pid=15034)[0m [FullyAsyncTrainer] sample collected 3/64. mq_len: 33
[36m(FullyAsyncTrainer pid=15034)[0m [FullyAsyncTrainer] sample collected 4/64. mq_len: 32
[36m(FullyAsyncTrainer pid=15034)[0m [FullyAsyncTrainer] sample collected 5/64. mq_len: 31
[36m(FullyAsyncTrainer pid=15034)[0m [FullyAsyncTrainer] sample collected 6/64. mq_len: 30
[36m(FullyAsyncTrainer pid=15034)[0m [FullyAsyncTrainer] sample collected 7/64. mq_len: 29
[36m(FullyAsyncTrainer pid=15034)[0m [FullyAsyncTrainer] sample collected 8/64. mq_len: 28
[36m(FullyAsyncTrainer pid=15034)[0m [FullyAsyncTrainer] sample collected 9/64. mq_len: 27
[36m(FullyAsyncTrainer pid=15034)[0m [FullyAsyncTrainer] sample collected 10/64. mq_len: 26
[36m(FullyAsyncTrainer pid=15034)[0m [FullyAsyncTrainer] sample collected 11/64. mq_len: 25
[36m(FullyAsyncTrainer pid=15034)[0m [FullyAsyncTrainer] sample collected 12/64. mq_len: 24
[36m(FullyAsyncTrainer pid=15034)[0m [FullyAsyncTrainer] sample collected 13/64. mq_len: 23
[36m(FullyAsyncTrainer pid=15034)[0m [FullyAsyncTrainer] sample collected 14/64. mq_len: 22
[36m(FullyAsyncTrainer pid=15034)[0m [FullyAsyncTrainer] sample collected 15/64. mq_len: 21
[36m(FullyAsyncTrainer pid=15034)[0m [FullyAsyncTrainer] sample collected 16/64. mq_len: 20
[36m(FullyAsyncTrainer pid=15034)[0m [FullyAsyncTrainer] sample collected 17/64. mq_len: 19
[36m(FullyAsyncTrainer pid=15034)[0m [FullyAsyncTrainer] sample collected 18/64. mq_len: 18
[36m(FullyAsyncTrainer pid=15034)[0m [FullyAsyncTrainer] sample collected 19/64. mq_len: 17
[36m(FullyAsyncTrainer pid=15034)[0m [FullyAsyncTrainer] sample collected 20/64. mq_len: 16
[36m(FullyAsyncTrainer pid=15034)[0m [FullyAsyncTrainer] sample collected 21/64. mq_len: 15
[36m(FullyAsyncTrainer pid=15034)[0m [FullyAsyncTrainer] sample collected 22/64. mq_len: 14
[36m(FullyAsyncTrainer pid=15034)[0m [FullyAsyncTrainer] sample collected 23/64. mq_len: 13
[36m(FullyAsyncTrainer pid=15034)[0m [FullyAsyncTrainer] sample collected 24/64. mq_len: 12
[36m(FullyAsyncTrainer pid=15034)[0m [FullyAsyncTrainer] sample collected 25/64. mq_len: 11
[36m(FullyAsyncTrainer pid=15034)[0m [FullyAsyncTrainer] sample collected 26/64. mq_len: 10
[36m(FullyAsyncTrainer pid=15034)[0m [FullyAsyncTrainer] sample collected 27/64. mq_len: 9
[36m(FullyAsyncTrainer pid=15034)[0m [FullyAsyncTrainer] sample collected 28/64. mq_len: 8
[36m(FullyAsyncTrainer pid=15034)[0m [FullyAsyncTrainer] sample collected 29/64. mq_len: 7
[36m(FullyAsyncTrainer pid=15034)[0m [FullyAsyncTrainer] sample collected 30/64. mq_len: 6
[36m(FullyAsyncTrainer pid=15034)[0m [FullyAsyncTrainer] sample collected 31/64. mq_len: 5
[36m(FullyAsyncTrainer pid=15034)[0m [FullyAsyncTrainer] sample collected 32/64. mq_len: 4
[36m(FullyAsyncTrainer pid=15034)[0m [FullyAsyncTrainer] sample collected 33/64. mq_len: 3
[36m(FullyAsyncTrainer pid=15034)[0m [FullyAsyncTrainer] sample collected 34/64. mq_len: 2
[36m(FullyAsyncTrainer pid=15034)[0m [FullyAsyncTrainer] sample collected 35/64. mq_len: 1
[36m(FullyAsyncTrainer pid=15034)[0m [FullyAsyncTrainer] sample collected 36/64. mq_len: 0
[36m(FullyAsyncTrainer pid=15034)[0m [FullyAsyncTrainer] sample collected 37/64. mq_len: 0
[36m(FullyAsyncTrainer pid=15034)[0m [FullyAsyncTrainer] sample collected 38/64. mq_len: 0
[36m(FullyAsyncTrainer pid=15034)[0m [FullyAsyncTrainer] sample collected 39/64. mq_len: 0
[36m(FullyAsyncTrainer pid=15034)[0m [FullyAsyncTrainer] sample collected 40/64. mq_len: 0
[36m(FullyAsyncTrainer pid=15034)[0m [FullyAsyncTrainer] sample collected 41/64. mq_len: 0
[36m(FullyAsyncRollouter pid=17033)[0m [FullyAsyncRollouter][MonitorLoop][Statistics] {'count/dropped_stale_samples': 0,
[36m(FullyAsyncRollouter pid=17033)[0m  'count/staleness_samples': 57,
[36m(FullyAsyncRollouter pid=17033)[0m  'count/total_generated_samples': 809,
[36m(FullyAsyncRollouter pid=17033)[0m  'monitor/active_tasks_size': 16,
[36m(FullyAsyncRollouter pid=17033)[0m  'monitor/queue/mq_queue_size': 0,
[36m(FullyAsyncRollouter pid=17033)[0m  'monitor/queue/pending_queue_size': 128,
[36m(FullyAsyncRollouter pid=17033)[0m  'static/max_concurrent_samples': 16,
[36m(FullyAsyncRollouter pid=17033)[0m  'static/max_queue_size': 576,
[36m(FullyAsyncRollouter pid=17033)[0m  'static/max_required_samples': 576,
[36m(FullyAsyncRollouter pid=17033)[0m  'static/required_samples': 64,
[36m(FullyAsyncRollouter pid=17033)[0m  'static/staleness_threshold': 8}
[36m(FullyAsyncTrainer pid=15034)[0m [FullyAsyncTrainer] sample collected 42/64. mq_len: 0
[36m(FullyAsyncTrainer pid=15034)[0m [FullyAsyncTrainer] sample collected 43/64. mq_len: 0
[36m(FullyAsyncTrainer pid=15034)[0m [FullyAsyncTrainer] sample collected 44/64. mq_len: 0
[36m(FullyAsyncTrainer pid=15034)[0m [FullyAsyncTrainer] sample collected 45/64. mq_len: 0
[36m(FullyAsyncTrainer pid=15034)[0m [FullyAsyncTrainer] sample collected 46/64. mq_len: 0
[36m(FullyAsyncTrainer pid=15034)[0m [FullyAsyncTrainer] sample collected 47/64. mq_len: 0
[36m(FullyAsyncTrainer pid=15034)[0m [FullyAsyncTrainer] sample collected 48/64. mq_len: 0
[36m(FullyAsyncTrainer pid=15034)[0m [FullyAsyncTrainer] sample collected 49/64. mq_len: 0
[36m(FullyAsyncTrainer pid=15034)[0m [FullyAsyncTrainer] sample collected 50/64. mq_len: 0
[36m(FullyAsyncTrainer pid=15034)[0m [FullyAsyncTrainer] sample collected 51/64. mq_len: 0
[36m(FullyAsyncTrainer pid=15034)[0m [FullyAsyncTrainer] sample collected 52/64. mq_len: 0
[36m(FullyAsyncTrainer pid=15034)[0m [FullyAsyncTrainer] sample collected 53/64. mq_len: 0
[36m(FullyAsyncTrainer pid=15034)[0m [FullyAsyncTrainer] sample collected 54/64. mq_len: 0
[36m(FullyAsyncTrainer pid=15034)[0m [FullyAsyncTrainer] sample collected 55/64. mq_len: 0
[36m(FullyAsyncTrainer pid=15034)[0m [FullyAsyncTrainer] sample collected 56/64. mq_len: 0
[36m(FullyAsyncTrainer pid=15034)[0m [FullyAsyncTrainer] sample collected 57/64. mq_len: 0
[36m(FullyAsyncTrainer pid=15034)[0m [FullyAsyncTrainer] sample collected 58/64. mq_len: 0
[36m(FullyAsyncTrainer pid=15034)[0m [FullyAsyncTrainer] sample collected 59/64. mq_len: 0
[36m(FullyAsyncTrainer pid=15034)[0m [FullyAsyncTrainer] sample collected 60/64. mq_len: 0
[36m(FullyAsyncTrainer pid=15034)[0m [FullyAsyncTrainer] sample collected 61/64. mq_len: 0
[36m(FullyAsyncTrainer pid=15034)[0m [FullyAsyncTrainer] sample collected 62/64. mq_len: 0
[36m(FullyAsyncTrainer pid=15034)[0m [FullyAsyncTrainer] sample collected 63/64. mq_len: 0
[36m(FullyAsyncTrainer pid=15034)[0m [FullyAsyncTrainer] sample collected 64/64. mq_len: 0
[36m(FullyAsyncTrainer pid=15034)[0m [FullyAsyncTrainer] Collected 64/64 samples. mq_len: 0
[36m(FullyAsyncTrainer pid=15034)[0m [FullyAsyncTrainer] Loop collection completed: 64/64 samples, total wait time: 107.66 seconds. mq_len: 0
[36m(FullyAsyncRollouter pid=17033)[0m [FullyAsyncRollouter][MonitorLoop][Statistics] {'count/dropped_stale_samples': 0,
[36m(FullyAsyncRollouter pid=17033)[0m  'count/staleness_samples': 80,
[36m(FullyAsyncRollouter pid=17033)[0m  'count/total_generated_samples': 832,
[36m(FullyAsyncRollouter pid=17033)[0m  'monitor/active_tasks_size': 16,
[36m(FullyAsyncRollouter pid=17033)[0m  'monitor/queue/mq_queue_size': 0,
[36m(FullyAsyncRollouter pid=17033)[0m  'monitor/queue/pending_queue_size': 128,
[36m(FullyAsyncRollouter pid=17033)[0m  'static/max_concurrent_samples': 16,
[36m(FullyAsyncRollouter pid=17033)[0m  'static/max_queue_size': 576,
[36m(FullyAsyncRollouter pid=17033)[0m  'static/max_required_samples': 576,
[36m(FullyAsyncRollouter pid=17033)[0m  'static/required_samples': 64,
[36m(FullyAsyncRollouter pid=17033)[0m  'static/staleness_threshold': 8}
[36m(FullyAsyncTrainer pid=15034)[0m [BatchUtils] Assembling batch from 64 RolloutSample objects
[36m(FullyAsyncTrainer pid=15034)[0m [BatchUtils] Batch assembly completed in 0.23s
[36m(FullyAsyncRollouter pid=17033)[0m [FullyAsyncRollouter][MonitorLoop][Statistics] {'count/dropped_stale_samples': 0,
[36m(FullyAsyncRollouter pid=17033)[0m  'count/staleness_samples': 101,
[36m(FullyAsyncRollouter pid=17033)[0m  'count/total_generated_samples': 853,
[36m(FullyAsyncRollouter pid=17033)[0m  'monitor/active_tasks_size': 16,
[36m(FullyAsyncRollouter pid=17033)[0m  'monitor/queue/mq_queue_size': 21,
[36m(FullyAsyncRollouter pid=17033)[0m  'monitor/queue/pending_queue_size': 128,
[36m(FullyAsyncRollouter pid=17033)[0m  'static/max_concurrent_samples': 16,
[36m(FullyAsyncRollouter pid=17033)[0m  'static/max_queue_size': 576,
[36m(FullyAsyncRollouter pid=17033)[0m  'static/max_required_samples': 576,
[36m(FullyAsyncRollouter pid=17033)[0m  'static/required_samples': 64,
[36m(FullyAsyncRollouter pid=17033)[0m  'static/staleness_threshold': 8}
[36m(FullyAsyncTrainer pid=15034)[0m [FullyAsyncTrainer] global_steps: 13 local_trigger_step: 1 trigger_parameter_sync_step: 1 00:46:34.781
[36m(vLLMHttpServer pid=19207)[0m (Worker pid=20572) WARNING 07-26 00:46:36 [layerwise.py:225] RotaryEmbedding: Failed to load weights
[36m(vLLMHttpServer pid=19207)[0m (EngineCore pid=20179) WARNING 07-26 00:46:36 [scheduler.py:1919] reset_connector called but no KV connector is configured.
[36m(FullyAsyncTrainer pid=15034)[0m [FullyAsyncTrainer] _fit_update_weights, timing_s/param_sync: 1.6044 seconds self.current_param_version: 13
[36m(FullyAsyncTrainer pid=15034)[0m step:13 - fully_async/rollouter/active_time:242.7060353755951 - fully_async/rollouter/version_time:242.7060353755951 - fully_async/rollouter/idle_ratio:0 - fully_async/rollouter/step_generated_samples:72 - dynamic_resource/rollout_resource_utilization:0.9999990771580942
[36m(FullyAsyncTrainer pid=15034)[0m aggregated metrics done. cost 0.0002 seconds.
[36m(FullyAsyncTrainer pid=15034)[0m step:13 - training/global_step:12.0 - training/epoch:0.0 - fully_async/count/stale_trajectory_processed:3645.0 - fully_async/count/current_param_version:11.0 - fully_async/processing_time/avg:43.07054613251758 - fully_async/processing_time/max:84.19912502999978 - fully_async/processing_time/min:4.000285912999971 - fully_async/processing_time/tp50:48.87372758299989 - fully_async/processing_time/tp99:84.14087964017997 - fully_async/processing_time/tp95:82.53252457000062 - fully_async/monitor/active_tasks_size:16.0 - fully_async/monitor/queue/pending_queue_size:128.0 - fully_async/monitor/queue/mq_queue_size:0.0 - fully_async/count/total_generated_samples:704.0 - fully_async/count/staleness_samples:80.0 - fully_async/count/dropped_stale_samples:0.0 - fully_async/static/max_required_samples:576.0 - fully_async/static/required_samples:64.0 - fully_async/static/staleness_threshold:8.0 - fully_async/static/max_queue_size:576.0 - fully_async/static/max_concurrent_samples:16.0 - fully_async/partial/total_partial_num:117.0 - fully_async/partial/partial_ratio:0.228515625 - fully_async/partial/max_partial_span:1.0 - timing_s/agent_loop/tool_calls/max:0.0 - timing_s/agent_loop/tool_calls/min:0.0 - timing_s/agent_loop/tool_calls/mean:0.0 - fully_async/total_wait_time:45.446619272232056 - actor/pg_clipfrac:0.00023009381676116796 - actor/ppo_kl:0.0006296093956772277 - actor/pg_clipfrac_lower:1.0545478319780024e-06 - actor/pg_loss:0.04100644557547639 - actor/loss:0.04100644215941429 - actor/grad_norm:0.027454186230897903 - actor/lr:1e-06 - actor/perf/max_memory_allocated_gb:40.25760555267334 - actor/perf/max_memory_reserved_gb:73.146484375 - actor/perf/cpu_memory_used_gb:51.22035598754883 - perf/mfu/actor:0.32389202496918457 - dynamic_resource/train_compute_time_s:117.15786061400104 - dynamic_resource/train_allocated_time_s:179.73809456825256 - critic/score/mean:-0.421875 - critic/score/max:1.0 - critic/score/min:-1.0 - critic/rewards/mean:-0.421875 - critic/rewards/max:1.0 - critic/rewards/min:-1.0 - critic/advantages/mean:-0.04099425673484802 - critic/advantages/max:2.474870204925537 - critic/advantages/min:-2.474870204925537 - critic/returns/mean:-0.04099425673484802 - critic/returns/max:2.474870204925537 - critic/returns/min:-2.474870204925537 - response_length/mean:5604.91796875 - response_length/max:8192.0 - response_length/min:479.0 - response_length/clip_ratio:0.41796875 - response_length_non_aborted/mean:5604.91796875 - response_length_non_aborted/max:8192.0 - response_length_non_aborted/min:479.0 - response_length_non_aborted/clip_ratio:0.41796875 - response/aborted_ratio:0.0 - prompt_length/mean:166.9375 - prompt_length/max:478.0 - prompt_length/min:79.0 - prompt_length/clip_ratio:0.0 - num_turns/min:2.0 - num_turns/max:2.0 - num_turns/mean:2.0 - timing_s/start_profile:4.920000719721429e-06 - timing_s/gen:45.77220603400019 - timing_s/reward:1.693900048849173e-05 - timing_s/adv:0.009132330000284128 - timing_s/update_actor:117.14871134500027 - timing_s/timing_s/param_sync:1.1575703350008553 - timing_s/step:179.73811289200057 - timing_s/stop_profile:4.220000846544281e-06 - timing_per_token_ms/adv:3.090268307717652e-06 - timing_per_token_ms/update_actor:0.03964168508454626 - timing_per_token_ms/gen:0.01595007106412553 - perf/total_num_tokens:2955190.0 - perf/time_per_step:179.73811289200057 - perf/throughput:8220.82181806284 - dynamic_resource/mq_size:36.0 - fully_async/trainer/idle_ratio:0.254660546377848 - dynamic_resource/train_resource_utilization:0.6518254290801568 - dynamic_resource/rollout_resource_utilization:0.9999990771580942 - dynamic_resource/resource_utilization:0.8259122531191255
[36m(FullyAsyncTrainer pid=15034)[0m Training Progress:  16%|█▋        | 13/80 [51:14<4:11:06, 224.87s/it]
[36m(FullyAsyncRollouter pid=17033)[0m [FullyAsyncRollouter][RolloutResourceUtilization] raw active_count_history (timestamp, active_count, max_concurrent): [(1785026557.937278, 15, 16), (1785026557.937432, 16, 16), (1785026569.8205814, 15, 16), (1785026569.8206346, 16, 16), (1785026569.8856986, 15, 16), (1785026569.8857207, 16, 16), (1785026573.6881409, 15, 16), (1785026573.6881657, 16, 16), (1785026586.5737948, 15, 16), (1785026586.573857, 16, 16), (1785026592.0719829, 15, 16), (1785026592.0720086, 16, 16), (1785026596.8980563, 15, 16), (1785026596.8981152, 16, 16), (1785026596.90188, 15, 16), (1785026596.9018958, 16, 16), (1785026596.9825187, 15, 16), (1785026596.9825375, 16, 16), (1785026598.8123963, 15, 16), (1785026598.8124235, 16, 16), (1785026603.2446995, 15, 16), (1785026603.2447243, 16, 16), (1785026606.885247, 15, 16), (1785026606.8852715, 16, 16), (1785026610.3140826, 15, 16), (1785026610.3141375, 16, 16), (1785026610.509578, 15, 16), (1785026610.5096033, 16, 16), (1785026610.5258524, 15, 16), (1785026610.5258744, 16, 16), (1785026610.5620937, 15, 16), (1785026610.5621111, 16, 16), (1785026610.6091902, 15, 16), (1785026610.6092083, 16, 16), (1785026620.921113, 15, 16), (1785026620.9211636, 16, 16), (1785026621.4281547, 15, 16), (1785026621.4281795, 16, 16), (1785026625.122898, 15, 16), (1785026625.1229248, 16, 16), (1785026630.749307, 15, 16), (1785026630.7493386, 16, 16), (1785026634.015518, 15, 16), (1785026634.0155714, 16, 16), (1785026638.702634, 15, 16), (1785026638.7026608, 16, 16), (1785026655.669403, 15, 16), (1785026655.6694543, 16, 16), (1785026655.7264314, 15, 16), (1785026655.7264507, 16, 16), (1785026656.5762587, 15, 16), (1785026656.576283, 16, 16), (1785026660.712027, 15, 16), (1785026660.7120519, 16, 16), (1785026663.7094357, 15, 16), (1785026663.7094598, 16, 16), (1785026665.6322434, 15, 16), (1785026665.6322665, 16, 16), (1785026668.0209622, 15, 16), (1785026668.021015, 16, 16), (1785026668.1727486, 15, 16), (1785026668.1727736, 16, 16), (1785026668.3983836, 15, 16), (1785026668.3984091, 16, 16), (1785026668.4681344, 15, 16), (1785026668.468156, 16, 16), (1785026678.8997192, 15, 16), (1785026678.89977, 16, 16), (1785026680.1972358, 15, 16), (1785026680.1972606, 16, 16), (1785026683.2541504, 15, 16), (1785026683.254176, 16, 16), (1785026689.0322182, 15, 16), (1785026689.0322685, 16, 16), (1785026691.6218932, 15, 16), (1785026691.6219184, 16, 16), (1785026696.89651, 15, 16), (1785026696.896538, 16, 16), (1785026698.6595144, 15, 16), (1785026698.6595392, 16, 16), (1785026701.0837739, 15, 16), (1785026701.0838392, 16, 16), (1785026713.1737187, 15, 16), (1785026713.1737692, 16, 16), (1785026713.1766806, 15, 16), (1785026713.1766963, 16, 16), (1785026713.306139, 15, 16), (1785026713.3061614, 16, 16), (1785026717.1614988, 15, 16), (1785026717.1615252, 16, 16), (1785026718.8747125, 15, 16), (1785026718.8747365, 16, 16), (1785026722.9773934, 15, 16), (1785026722.9774199, 16, 16), (1785026725.0909467, 15, 16), (1785026725.091004, 16, 16), (1785026725.1455154, 15, 16), (1785026725.1455374, 16, 16), (1785026728.3532388, 15, 16), (1785026728.3532667, 16, 16), (1785026736.1290348, 15, 16), (1785026736.1290927, 16, 16), (1785026737.2670653, 15, 16), (1785026737.26709, 16, 16), (1785026741.445292, 15, 16), (1785026741.4453163, 16, 16), (1785026747.2327976, 15, 16), (1785026747.2328598, 16, 16), (1785026747.780628, 15, 16), (1785026747.7806554, 16, 16), (1785026750.5398269, 15, 16), (1785026750.539851, 16, 16), (1785026756.5970569, 15, 16), (1785026756.597081, 16, 16), (1785026758.9871063, 15, 16), (1785026758.987158, 16, 16), (1785026759.7949145, 15, 16), (1785026759.794941, 16, 16), (1785026765.021513, 15, 16), (1785026765.0215392, 16, 16), (1785026770.699805, 15, 16), (1785026770.6998715, 16, 16), (1785026770.920993, 15, 16), (1785026770.921018, 16, 16), (1785026771.1383822, 15, 16), (1785026771.1384072, 16, 16), (1785026774.3645625, 15, 16), (1785026774.3645875, 16, 16), (1785026776.5304174, 15, 16), (1785026776.5304427, 16, 16), (1785026779.8630412, 15, 16), (1785026779.863067, 16, 16), (1785026781.5875864, 15, 16), (1785026781.5876393, 16, 16), (1785026781.7341611, 15, 16), (1785026781.7341862, 16, 16), (1785026782.075236, 15, 16), (1785026782.0752628, 16, 16), (1785026792.2392557, 15, 16), (1785026792.239309, 16, 16), (1785026793.5159798, 15, 16), (1785026793.5160074, 16, 16), (1785026793.5255024, 15, 16), (1785026793.5255191, 16, 16), (1785026800.642255, 15, 16), (1785026800.6433716, 15, 16)]
[36m(FullyAsyncRollouter pid=17033)[0m [FullyAsyncRollouter][Public][reset_staleness] reset staleness_samples to: 59 idle_ratio: 0.0000 step_generated_samples(this_step): 72 rollout_resource_utilization: 1.0000 recent_history(last 10 steps): [(5, 54), (6, 69), (7, 64), (8, 63), (9, 65), (10, 71), (11, 56), (12, 70), (13, 56), (14, 72)]
[36m(FullyAsyncTrainer pid=15034)[0m [FullyAsyncTrainer] Requesting 64 samples from queue
[36m(FullyAsyncTrainer pid=15034)[0m [FullyAsyncTrainer] sample collected 1/64. mq_len: 43
[36m(FullyAsyncTrainer pid=15034)[0m [FullyAsyncTrainer] sample collected 2/64. mq_len: 42
[36m(FullyAsyncTrainer pid=15034)[0m [FullyAsyncTrainer] sample collected 3/64. mq_len: 41
[36m(FullyAsyncTrainer pid=15034)[0m [FullyAsyncTrainer] sample collected 4/64. mq_len: 40
[36m(FullyAsyncTrainer pid=15034)[0m [FullyAsyncTrainer] sample collected 5/64. mq_len: 39
[36m(FullyAsyncTrainer pid=15034)[0m [FullyAsyncTrainer] sample collected 6/64. mq_len: 38
[36m(FullyAsyncTrainer pid=15034)[0m [FullyAsyncTrainer] sample collected 7/64. mq_len: 37
[36m(FullyAsyncTrainer pid=15034)[0m [FullyAsyncTrainer] sample collected 8/64. mq_len: 36
[36m(FullyAsyncTrainer pid=15034)[0m [FullyAsyncTrainer] sample collected 9/64. mq_len: 35
[36m(FullyAsyncTrainer pid=15034)[0m [FullyAsyncTrainer] sample collected 10/64. mq_len: 34
[36m(FullyAsyncTrainer pid=15034)[0m [FullyAsyncTrainer] sample collected 11/64. mq_len: 33
[36m(FullyAsyncTrainer pid=15034)[0m [FullyAsyncTrainer] sample collected 12/64. mq_len: 32
[36m(FullyAsyncTrainer pid=15034)[0m [FullyAsyncTrainer] sample collected 13/64. mq_len: 31
[36m(FullyAsyncTrainer pid=15034)[0m [FullyAsyncTrainer] sample collected 14/64. mq_len: 30
[36m(FullyAsyncTrainer pid=15034)[0m [FullyAsyncTrainer] sample collected 15/64. mq_len: 29
[36m(FullyAsyncTrainer pid=15034)[0m [FullyAsyncTrainer] sample collected 16/64. mq_len: 28
[36m(FullyAsyncTrainer pid=15034)[0m [FullyAsyncTrainer] sample collected 17/64. mq_len: 27
[36m(FullyAsyncTrainer pid=15034)[0m [FullyAsyncTrainer] sample collected 18/64. mq_len: 26
[36m(FullyAsyncTrainer pid=15034)[0m [FullyAsyncTrainer] sample collected 19/64. mq_len: 25
[36m(FullyAsyncTrainer pid=15034)[0m [FullyAsyncTrainer] sample collected 20/64. mq_len: 24
[36m(FullyAsyncTrainer pid=15034)[0m [FullyAsyncTrainer] sample collected 21/64. mq_len: 23
[36m(FullyAsyncTrainer pid=15034)[0m [FullyAsyncTrainer] sample collected 22/64. mq_len: 22
[36m(FullyAsyncTrainer pid=15034)[0m [FullyAsyncTrainer] sample collected 23/64. mq_len: 21
[36m(FullyAsyncTrainer pid=15034)[0m [FullyAsyncTrainer] sample collected 24/64. mq_len: 20
[36m(FullyAsyncTrainer pid=15034)[0m [FullyAsyncTrainer] sample collected 25/64. mq_len: 19
[36m(FullyAsyncTrainer pid=15034)[0m [FullyAsyncTrainer] sample collected 26/64. mq_len: 18
[36m(FullyAsyncTrainer pid=15034)[0m [FullyAsyncTrainer] sample collected 27/64. mq_len: 17
[36m(FullyAsyncTrainer pid=15034)[0m [FullyAsyncTrainer] sample collected 28/64. mq_len: 16
[36m(FullyAsyncTrainer pid=15034)[0m [FullyAsyncTrainer] sample collected 29/64. mq_len: 15
[36m(FullyAsyncTrainer pid=15034)[0m 
[36m(FullyAsyncTrainer pid=15034)[0m [FullyAsyncTrainer] sample collected 30/64. mq_len: 14
[36m(FullyAsyncTrainer pid=15034)[0m [FullyAsyncTrainer] sample collected 31/64. mq_len: 13
[36m(FullyAsyncTrainer pid=15034)[0m [FullyAsyncTrainer] sample collected 32/64. mq_len: 12
[36m(FullyAsyncTrainer pid=15034)[0m [FullyAsyncTrainer] sample collected 33/64. mq_len: 11
[36m(FullyAsyncTrainer pid=15034)[0m [FullyAsyncTrainer] sample collected 34/64. mq_len: 10
[36m(FullyAsyncTrainer pid=15034)[0m [FullyAsyncTrainer] sample collected 35/64. mq_len: 9
[36m(FullyAsyncTrainer pid=15034)[0m [FullyAsyncTrainer] sample collected 36/64. mq_len: 8
[36m(FullyAsyncTrainer pid=15034)[0m [FullyAsyncTrainer] sample collected 37/64. mq_len: 7
[36m(FullyAsyncTrainer pid=15034)[0m [FullyAsyncTrainer] sample collected 38/64. mq_len: 6
[36m(FullyAsyncTrainer pid=15034)[0m [FullyAsyncTrainer] sample collected 39/64. mq_len: 5
[36m(FullyAsyncTrainer pid=15034)[0m [FullyAsyncTrainer] sample collected 40/64. mq_len: 4
[36m(FullyAsyncTrainer pid=15034)[0m [FullyAsyncTrainer] sample collected 41/64. mq_len: 3
[36m(FullyAsyncTrainer pid=15034)[0m [FullyAsyncTrainer] sample collected 42/64. mq_len: 2
[36m(FullyAsyncTrainer pid=15034)[0m [FullyAsyncTrainer] sample collected 43/64. mq_len: 1
[36m(FullyAsyncTrainer pid=15034)[0m [FullyAsyncTrainer] sample collected 44/64. mq_len: 0
[36m(FullyAsyncTrainer pid=15034)[0m [FullyAsyncTrainer] sample collected 45/64. mq_len: 0
[36m(FullyAsyncRollouter pid=17033)[0m [FullyAsyncRollouter][MonitorLoop][Statistics] {'count/dropped_stale_samples': 0,
[36m(FullyAsyncRollouter pid=17033)[0m  'count/staleness_samples': 61,
[36m(FullyAsyncRollouter pid=17033)[0m  'count/total_generated_samples': 877,
[36m(FullyAsyncRollouter pid=17033)[0m  'monitor/active_tasks_size': 16,
[36m(FullyAsyncRollouter pid=17033)[0m  'monitor/queue/mq_queue_size': 0,
[36m(FullyAsyncRollouter pid=17033)[0m  'monitor/queue/pending_queue_size': 128,
[36m(FullyAsyncRollouter pid=17033)[0m  'static/max_concurrent_samples': 16,
[36m(FullyAsyncRollouter pid=17033)[0m  'static/max_queue_size': 576,
[36m(FullyAsyncRollouter pid=17033)[0m  'static/max_required_samples': 576,
[36m(FullyAsyncRollouter pid=17033)[0m  'static/required_samples': 64,
[36m(FullyAsyncRollouter pid=17033)[0m  'static/staleness_threshold': 8}
[36m(FullyAsyncTrainer pid=15034)[0m [FullyAsyncTrainer] sample collected 46/64. mq_len: 0
[36m(FullyAsyncTrainer pid=15034)[0m [FullyAsyncTrainer] sample collected 47/64. mq_len: 0
[36m(FullyAsyncTrainer pid=15034)[0m [FullyAsyncTrainer] sample collected 48/64. mq_len: 0
[36m(FullyAsyncTrainer pid=15034)[0m [FullyAsyncTrainer] sample collected 49/64. mq_len: 0
[36m(FullyAsyncTrainer pid=15034)[0m [FullyAsyncTrainer] sample collected 50/64. mq_len: 0
[36m(FullyAsyncTrainer pid=15034)[0m [FullyAsyncTrainer] sample collected 51/64. mq_len: 0
[36m(FullyAsyncTrainer pid=15034)[0m [FullyAsyncTrainer] sample collected 52/64. mq_len: 0
[36m(FullyAsyncTrainer pid=15034)[0m [FullyAsyncTrainer] sample collected 53/64. mq_len: 0
[36m(FullyAsyncTrainer pid=15034)[0m [FullyAsyncTrainer] sample collected 54/64. mq_len: 0
[36m(FullyAsyncTrainer pid=15034)[0m [FullyAsyncTrainer] sample collected 55/64. mq_len: 0
[36m(FullyAsyncTrainer pid=15034)[0m [FullyAsyncTrainer] sample collected 56/64. mq_len: 0
[36m(FullyAsyncTrainer pid=15034)[0m [FullyAsyncTrainer] sample collected 57/64. mq_len: 0
[36m(FullyAsyncTrainer pid=15034)[0m [FullyAsyncTrainer] sample collected 58/64. mq_len: 0
[36m(FullyAsyncTrainer pid=15034)[0m [FullyAsyncTrainer] sample collected 59/64. mq_len: 0
[36m(FullyAsyncTrainer pid=15034)[0m [FullyAsyncTrainer] sample collected 60/64. mq_len: 0
[36m(FullyAsyncTrainer pid=15034)[0m [FullyAsyncTrainer] sample collected 61/64. mq_len: 0
[36m(FullyAsyncTrainer pid=15034)[0m [FullyAsyncTrainer] sample collected 62/64. mq_len: 0
[36m(FullyAsyncTrainer pid=15034)[0m [FullyAsyncTrainer] sample collected 63/64. mq_len: 0
[36m(FullyAsyncRollouter pid=17033)[0m [FullyAsyncRollouter][MonitorLoop][Statistics] {'count/dropped_stale_samples': 0,
[36m(FullyAsyncRollouter pid=17033)[0m  'count/staleness_samples': 79,
[36m(FullyAsyncRollouter pid=17033)[0m  'count/total_generated_samples': 895,
[36m(FullyAsyncRollouter pid=17033)[0m  'monitor/active_tasks_size': 16,
[36m(FullyAsyncRollouter pid=17033)[0m  'monitor/queue/mq_queue_size': 0,
[36m(FullyAsyncRollouter pid=17033)[0m  'monitor/queue/pending_queue_size': 128,
[36m(FullyAsyncRollouter pid=17033)[0m  'static/max_concurrent_samples': 16,
[36m(FullyAsyncRollouter pid=17033)[0m  'static/max_queue_size': 576,
[36m(FullyAsyncRollouter pid=17033)[0m  'static/max_required_samples': 576,
[36m(FullyAsyncRollouter pid=17033)[0m  'static/required_samples': 64,
[36m(FullyAsyncRollouter pid=17033)[0m  'static/staleness_threshold': 8}
[36m(FullyAsyncTrainer pid=15034)[0m [FullyAsyncTrainer] sample collected 64/64. mq_len: 0
[36m(FullyAsyncTrainer pid=15034)[0m [FullyAsyncTrainer] Collected 64/64 samples. mq_len: 0
[36m(FullyAsyncTrainer pid=15034)[0m [FullyAsyncTrainer] Loop collection completed: 64/64 samples, total wait time: 70.87 seconds. mq_len: 0
[36m(FullyAsyncTrainer pid=15034)[0m [BatchUtils] Assembling batch from 64 RolloutSample objects
[36m(FullyAsyncTrainer pid=15034)[0m [BatchUtils] Batch assembly completed in 0.23s
[36m(MessageQueue pid=23825)[0m MessageQueue stats: produced=900, queue_size=4
[36m(FullyAsyncRollouter pid=17033)[0m [FullyAsyncRollouter][MonitorLoop][Statistics] {'count/dropped_stale_samples': 0,
[36m(FullyAsyncRollouter pid=17033)[0m  'count/staleness_samples': 100,
[36m(FullyAsyncRollouter pid=17033)[0m  'count/total_generated_samples': 916,
[36m(FullyAsyncRollouter pid=17033)[0m  'monitor/active_tasks_size': 16,
[36m(FullyAsyncRollouter pid=17033)[0m  'monitor/queue/mq_queue_size': 20,
[36m(FullyAsyncRollouter pid=17033)[0m  'monitor/queue/pending_queue_size': 128,
[36m(FullyAsyncRollouter pid=17033)[0m  'static/max_concurrent_samples': 16,
[36m(FullyAsyncRollouter pid=17033)[0m  'static/max_queue_size': 576,
[36m(FullyAsyncRollouter pid=17033)[0m  'static/max_required_samples': 576,
[36m(FullyAsyncRollouter pid=17033)[0m  'static/required_samples': 64,
[36m(FullyAsyncRollouter pid=17033)[0m  'static/staleness_threshold': 8}
[36m(FullyAsyncTrainer pid=15034)[0m [FullyAsyncTrainer] global_steps: 14 local_trigger_step: 1 trigger_parameter_sync_step: 1 00:49:52.296
[36m(vLLMHttpServer pid=19207)[0m (Worker pid=20572) WARNING 07-26 00:49:53 [layerwise.py:225] RotaryEmbedding: Failed to load weights
[36m(vLLMHttpServer pid=19207)[0m (EngineCore pid=20179) WARNING 07-26 00:49:53 [scheduler.py:1919] reset_connector called but no KV connector is configured.
[36m(FullyAsyncTrainer pid=15034)[0m [FullyAsyncTrainer] _fit_update_weights, timing_s/param_sync: 1.3423 seconds self.current_param_version: 14
[36m(FullyAsyncTrainer pid=15034)[0m step:14 - fully_async/rollouter/active_time:204.6206614971161 - fully_async/rollouter/version_time:204.6206614971161 - fully_async/rollouter/idle_ratio:0 - fully_async/rollouter/step_generated_samples:56 - dynamic_resource/rollout_resource_utilization:0.9999991196389283
[36m(FullyAsyncTrainer pid=15034)[0m aggregated metrics done. cost 0.0002 seconds.
[36m(FullyAsyncTrainer pid=15034)[0m step:14 - training/global_step:13.0 - training/epoch:0.0 - fully_async/count/stale_trajectory_processed:3939.0 - fully_async/count/current_param_version:12.0 - fully_async/processing_time/avg:47.25749954430081 - fully_async/processing_time/max:83.05583517100058 - fully_async/processing_time/min:5.736720889000935 - fully_async/processing_time/tp50:55.95417188200099 - fully_async/processing_time/tp99:82.30067931612092 - fully_async/processing_time/tp95:79.44141831195047 - fully_async/monitor/active_tasks_size:16.0 - fully_async/monitor/queue/pending_queue_size:128.0 - fully_async/monitor/queue/mq_queue_size:0.0 - fully_async/count/total_generated_samples:768.0 - fully_async/count/staleness_samples:80.0 - fully_async/count/dropped_stale_samples:0.0 - fully_async/static/max_required_samples:576.0 - fully_async/static/required_samples:64.0 - fully_async/static/staleness_threshold:8.0 - fully_async/static/max_queue_size:576.0 - fully_async/static/max_concurrent_samples:16.0 - fully_async/partial/total_partial_num:114.0 - fully_async/partial/partial_ratio:0.22265625 - fully_async/partial/max_partial_span:1.0 - timing_s/agent_loop/tool_calls/max:0.0 - timing_s/agent_loop/tool_calls/min:0.0 - timing_s/agent_loop/tool_calls/mean:0.0 - fully_async/total_wait_time:107.65940976142883 - actor/pg_clipfrac:0.00029812938051195073 - actor/ppo_kl:0.0006260516936642737 - actor/pg_clipfrac_lower:1.2557864355392556e-06 - actor/pg_loss:0.06501309119539656 - actor/loss:0.065013088285923 - actor/grad_norm:0.0275063905864954 - actor/lr:1e-06 - actor/perf/max_memory_allocated_gb:40.25760555267334 - actor/perf/max_memory_reserved_gb:73.146484375 - actor/perf/cpu_memory_used_gb:51.55129623413086 - perf/mfu/actor:0.32277472438043453 - dynamic_resource/train_compute_time_s:128.78436341000088 - dynamic_resource/train_allocated_time_s:242.66806268692017 - critic/score/mean:-0.5859375 - critic/score/max:1.0 - critic/score/min:-1.0 - critic/rewards/mean:-0.5859375 - critic/rewards/max:1.0 - critic/rewards/min:-1.0 - critic/advantages/mean:-0.06500420719385147 - critic/advantages/max:2.474870204925537 - critic/advantages/min:-2.474870204925537 - critic/returns/mean:-0.06500420719385147 - critic/returns/max:2.474870204925537 - critic/returns/min:-2.474870204925537 - response_length/mean:6188.56640625 - response_length/max:8192.0 - response_length/min:828.0 - response_length/clip_ratio:0.484375 - response_length_non_aborted/mean:6188.56640625 - response_length_non_aborted/max:8192.0 - response_length_non_aborted/min:828.0 - response_length_non_aborted/clip_ratio:0.484375 - response/aborted_ratio:0.0 - prompt_length/mean:146.53125 - prompt_length/max:436.0 - prompt_length/min:88.0 - prompt_length/clip_ratio:0.0 - num_turns/min:2.0 - num_turns/max:2.0 - num_turns/mean:2.0 - timing_s/start_profile:6.243000825634226e-06 - timing_s/gen:108.01861015800023 - timing_s/reward:1.7292000848101452e-05 - timing_s/adv:0.009284642999773496 - timing_s/update_actor:128.77506147500026 - timing_s/timing_s/param_sync:1.6043667049998476 - timing_s/step:242.6680826569991 - timing_s/stop_profile:4.437999450601637e-06 - timing_per_token_ms/adv:2.8624765304197212e-06 - timing_per_token_ms/update_actor:0.03970164401415732 - timing_per_token_ms/gen:0.03409090799313005 - perf/total_num_tokens:3243570.0 - perf/time_per_step:242.6680826569991 - perf/throughput:6683.140948092145 - dynamic_resource/mq_size:44.0 - fully_async/trainer/idle_ratio:0.4451290378829089 - dynamic_resource/train_resource_utilization:0.5307017412347041 - dynamic_resource/rollout_resource_utilization:0.9999991196389283 - dynamic_resource/resource_utilization:0.7653504304368162
[36m(FullyAsyncTrainer pid=15034)[0m [FullyAsyncTrainer] Requesting 64 samples from queue
[36m(FullyAsyncTrainer pid=15034)[0m [FullyAsyncTrainer] sample collected 1/64. mq_len: 35
[36m(FullyAsyncTrainer pid=15034)[0m [FullyAsyncTrainer] sample collected 2/64. mq_len: 34
[36m(FullyAsyncTrainer pid=15034)[0m [FullyAsyncTrainer] sample collected 3/64. mq_len: 33
[36m(FullyAsyncTrainer pid=15034)[0m [FullyAsyncTrainer] sample collected 4/64. mq_len: 32
[36m(FullyAsyncTrainer pid=15034)[0m [FullyAsyncTrainer] sample collected 5/64. mq_len: 31
[36m(FullyAsyncTrainer pid=15034)[0m [FullyAsyncTrainer] sample collected 6/64. mq_len: 30
[36m(FullyAsyncTrainer pid=15034)[0m [FullyAsyncTrainer] sample collected 7/64. mq_len: 29
[36m(FullyAsyncTrainer pid=15034)[0m [FullyAsyncTrainer] sample collected 8/64. mq_len: 28
[36m(FullyAsyncTrainer pid=15034)[0m [FullyAsyncTrainer] sample collected 9/64. mq_len: 27
[36m(FullyAsyncTrainer pid=15034)[0m [FullyAsyncTrainer] sample collected 10/64. mq_len: 26
[36m(FullyAsyncTrainer pid=15034)[0m [FullyAsyncTrainer] sample collected 11/64. mq_len: 25
[36m(FullyAsyncTrainer pid=15034)[0m [FullyAsyncTrainer] sample collected 12/64. mq_len: 24
[36m(FullyAsyncTrainer pid=15034)[0m [FullyAsyncTrainer] sample collected 13/64. mq_len: 23
[36m(FullyAsyncTrainer pid=15034)[0m [FullyAsyncTrainer] sample collected 14/64. mq_len: 22
[36m(FullyAsyncTrainer pid=15034)[0m [FullyAsyncTrainer] sample collected 15/64. mq_len: 21
[36m(FullyAsyncTrainer pid=15034)[0m [FullyAsyncTrainer] sample collected 16/64. mq_len: 20
[36m(FullyAsyncTrainer pid=15034)[0m [FullyAsyncTrainer] sample collected 17/64. mq_len: 19
[36m(FullyAsyncTrainer pid=15034)[0m [FullyAsyncTrainer] sample collected 18/64. mq_len: 18
[36m(FullyAsyncTrainer pid=15034)[0m [FullyAsyncTrainer] sample collected 19/64. mq_len: 17
[36m(FullyAsyncTrainer pid=15034)[0m Training Progress:  18%|█▊        | 14/80 [54:38<4:00:37, 218.76s/it]
[36m(FullyAsyncRollouter pid=17033)[0m [FullyAsyncRollouter][RolloutResourceUtilization] raw active_count_history (timestamp, active_count, max_concurrent): [(1785026800.6437073, 15, 16), (1785026800.643797, 16, 16), (1785026801.7053444, 15, 16), (1785026801.7053702, 16, 16), (1785026815.91554, 15, 16), (1785026815.9155946, 16, 16), (1785026824.1552854, 15, 16), (1785026824.1553097, 16, 16), (1785026824.9318523, 15, 16), (1785026824.9319801, 16, 16), (1785026835.51407, 15, 16), (1785026835.514136, 16, 16), (1785026836.0794082, 15, 16), (1785026836.079432, 16, 16), (1785026836.0818284, 15, 16), (1785026836.081843, 16, 16), (1785026839.259989, 15, 16), (1785026839.2600107, 16, 16), (1785026840.515248, 15, 16), (1785026840.5152817, 16, 16), (1785026846.0170572, 15, 16), (1785026846.0171044, 16, 16), (1785026847.4138613, 15, 16), (1785026847.4138827, 16, 16), (1785026847.4441473, 15, 16), (1785026847.4441657, 16, 16), (1785026854.2471054, 15, 16), (1785026854.2471275, 16, 16), (1785026855.3011956, 15, 16), (1785026855.3012176, 16, 16), (1785026857.8650491, 15, 16), (1785026857.8651032, 16, 16), (1785026858.9306798, 15, 16), (1785026858.9307141, 16, 16), (1785026859.2849715, 15, 16), (1785026859.2849925, 16, 16), (1785026859.3026733, 15, 16), (1785026859.302691, 16, 16), (1785026862.3407257, 15, 16), (1785026862.3407462, 16, 16), (1785026871.544242, 15, 16), (1785026871.5442894, 16, 16), (1785026871.6391547, 15, 16), (1785026871.6391737, 16, 16), (1785026874.6752524, 15, 16), (1785026874.675275, 16, 16), (1785026880.4246154, 15, 16), (1785026880.424638, 16, 16), (1785026891.5477898, 15, 16), (1785026891.5478508, 16, 16), (1785026893.2654598, 15, 16), (1785026893.2654805, 16, 16), (1785026895.402548, 15, 16), (1785026895.4025698, 16, 16), (1785026897.144675, 15, 16), (1785026897.1446993, 16, 16), (1785026898.4192688, 15, 16), (1785026898.41929, 16, 16), (1785026903.897658, 15, 16), (1785026903.897703, 16, 16), (1785026904.1184998, 15, 16), (1785026904.1185205, 16, 16), (1785026911.9439335, 15, 16), (1785026911.9439552, 16, 16), (1785026914.9431164, 15, 16), (1785026914.9431655, 16, 16), (1785026916.5705318, 15, 16), (1785026916.5705516, 16, 16), (1785026916.5841868, 15, 16), (1785026916.5842025, 16, 16), (1785026921.596026, 15, 16), (1785026921.5960479, 16, 16), (1785026924.070146, 15, 16), (1785026924.070169, 16, 16), (1785026931.5511217, 15, 16), (1785026931.5511703, 16, 16), (1785026931.7614636, 15, 16), (1785026931.7614887, 16, 16), (1785026935.2625444, 15, 16), (1785026935.2625659, 16, 16), (1785026939.11166, 15, 16), (1785026939.1116812, 16, 16), (1785026942.0790381, 15, 16), (1785026942.0790925, 16, 16), (1785026952.6138244, 15, 16), (1785026952.613875, 16, 16), (1785026956.7642567, 15, 16), (1785026956.764277, 16, 16), (1785026958.7450335, 15, 16), (1785026958.745056, 16, 16), (1785026960.1320043, 15, 16), (1785026960.132026, 16, 16), (1785026960.9782202, 15, 16), (1785026960.9782417, 16, 16), (1785026966.3814597, 15, 16), (1785026966.3815062, 16, 16), (1785026966.4736016, 15, 16), (1785026966.473621, 16, 16), (1785026973.763122, 15, 16), (1785026973.7631435, 16, 16), (1785026976.4617426, 15, 16), (1785026976.4617863, 16, 16), (1785026976.5814874, 15, 16), (1785026976.5815077, 16, 16), (1785026979.6292322, 15, 16), (1785026979.6292539, 16, 16), (1785026979.7142198, 15, 16), (1785026979.7142396, 16, 16), (1785026991.2670195, 15, 16), (1785026991.2670724, 16, 16), (1785026992.5239518, 15, 16), (1785026992.5239744, 16, 16), (1785027005.2633827, 15, 16), (1785027005.2644515, 15, 16)]
[36m(FullyAsyncRollouter pid=17033)[0m [FullyAsyncRollouter][Public][reset_staleness] reset staleness_samples to: 51 idle_ratio: 0.0000 step_generated_samples(this_step): 56 rollout_resource_utilization: 1.0000 recent_history(last 10 steps): [(6, 69), (7, 64), (8, 63), (9, 65), (10, 71), (11, 56), (12, 70), (13, 56), (14, 72), (15, 56)]
[36m(FullyAsyncTrainer pid=15034)[0m [FullyAsyncTrainer] sample collected 20/64. mq_len: 16
[36m(FullyAsyncTrainer pid=15034)[0m [FullyAsyncTrainer] sample collected 21/64. mq_len: 15
[36m(FullyAsyncTrainer pid=15034)[0m [FullyAsyncTrainer] sample collected 22/64. mq_len: 14
[36m(FullyAsyncTrainer pid=15034)[0m [FullyAsyncTrainer] sample collected 23/64. mq_len: 13
[36m(FullyAsyncTrainer pid=15034)[0m [FullyAsyncTrainer] sample collected 24/64. mq_len: 12
[36m(FullyAsyncTrainer pid=15034)[0m [FullyAsyncTrainer] sample collected 25/64. mq_len: 11
[36m(FullyAsyncTrainer pid=15034)[0m [FullyAsyncTrainer] sample collected 26/64. mq_len: 10
[36m(FullyAsyncTrainer pid=15034)[0m [FullyAsyncTrainer] sample collected 27/64. mq_len: 9
[36m(FullyAsyncTrainer pid=15034)[0m [FullyAsyncTrainer] sample collected 28/64. mq_len: 8
[36m(FullyAsyncTrainer pid=15034)[0m [FullyAsyncTrainer] sample collected 29/64. mq_len: 7
[36m(FullyAsyncTrainer pid=15034)[0m [FullyAsyncTrainer] sample collected 30/64. mq_len: 6
[36m(FullyAsyncTrainer pid=15034)[0m [FullyAsyncTrainer] sample collected 31/64. mq_len: 5
[36m(FullyAsyncTrainer pid=15034)[0m [FullyAsyncTrainer] sample collected 32/64. mq_len: 4
[36m(FullyAsyncTrainer pid=15034)[0m [FullyAsyncTrainer] sample collected 33/64. mq_len: 3
[36m(FullyAsyncTrainer pid=15034)[0m [FullyAsyncTrainer] sample collected 34/64. mq_len: 2
[36m(FullyAsyncTrainer pid=15034)[0m [FullyAsyncTrainer] sample collected 35/64. mq_len: 1
[36m(FullyAsyncTrainer pid=15034)[0m [FullyAsyncTrainer] sample collected 36/64. mq_len: 0
[36m(FullyAsyncTrainer pid=15034)[0m [FullyAsyncTrainer] sample collected 37/64. mq_len: 0
[36m(FullyAsyncTrainer pid=15034)[0m [FullyAsyncTrainer] sample collected 38/64. mq_len: 0
[36m(FullyAsyncTrainer pid=15034)[0m [FullyAsyncTrainer] sample collected 39/64. mq_len: 0
[36m(FullyAsyncTrainer pid=15034)[0m [FullyAsyncTrainer] sample collected 40/64. mq_len: 0
[36m(FullyAsyncTrainer pid=15034)[0m [FullyAsyncTrainer] sample collected 41/64. mq_len: 0
[36m(FullyAsyncRollouter pid=17033)[0m [FullyAsyncRollouter][MonitorLoop][Statistics] {'count/dropped_stale_samples': 0,
[36m(FullyAsyncRollouter pid=17033)[0m  'count/staleness_samples': 57,
[36m(FullyAsyncRollouter pid=17033)[0m  'count/total_generated_samples': 937,
[36m(FullyAsyncRollouter pid=17033)[0m  'monitor/active_tasks_size': 16,
[36m(FullyAsyncRollouter pid=17033)[0m  'monitor/queue/mq_queue_size': 0,
[36m(FullyAsyncRollouter pid=17033)[0m  'monitor/queue/pending_queue_size': 128,
[36m(FullyAsyncRollouter pid=17033)[0m  'static/max_concurrent_samples': 16,
[36m(FullyAsyncRollouter pid=17033)[0m  'static/max_queue_size': 576,
[36m(FullyAsyncRollouter pid=17033)[0m  'static/max_required_samples': 576,
[36m(FullyAsyncRollouter pid=17033)[0m  'static/required_samples': 64,
[36m(FullyAsyncRollouter pid=17033)[0m  'static/staleness_threshold': 8}
[36m(FullyAsyncTrainer pid=15034)[0m [FullyAsyncTrainer] sample collected 42/64. mq_len: 0
[36m(FullyAsyncTrainer pid=15034)[0m [FullyAsyncTrainer] sample collected 43/64. mq_len: 0
[36m(FullyAsyncTrainer pid=15034)[0m [FullyAsyncTrainer] sample collected 44/64. mq_len: 0
[36m(FullyAsyncTrainer pid=15034)[0m [FullyAsyncTrainer] sample collected 45/64. mq_len: 0
[36m(FullyAsyncTrainer pid=15034)[0m [FullyAsyncTrainer] sample collected 46/64. mq_len: 0
[36m(FullyAsyncTrainer pid=15034)[0m [FullyAsyncTrainer] sample collected 47/64. mq_len: 0
[36m(FullyAsyncTrainer pid=15034)[0m [FullyAsyncTrainer] sample collected 48/64. mq_len: 0
[36m(FullyAsyncTrainer pid=15034)[0m [FullyAsyncTrainer] sample collected 49/64. mq_len: 0
[36m(FullyAsyncTrainer pid=15034)[0m [FullyAsyncTrainer] sample collected 50/64. mq_len: 0
[36m(FullyAsyncTrainer pid=15034)[0m [FullyAsyncTrainer] sample collected 51/64. mq_len: 0
[36m(FullyAsyncTrainer pid=15034)[0m [FullyAsyncTrainer] sample collected 52/64. mq_len: 0
[36m(FullyAsyncTrainer pid=15034)[0m [FullyAsyncTrainer] sample collected 53/64. mq_len: 0
[36m(FullyAsyncTrainer pid=15034)[0m [FullyAsyncTrainer] sample collected 54/64. mq_len: 0
[36m(FullyAsyncTrainer pid=15034)[0m [FullyAsyncTrainer] sample collected 55/64. mq_len: 0
[36m(FullyAsyncTrainer pid=15034)[0m [FullyAsyncTrainer] sample collected 56/64. mq_len: 0
[36m(FullyAsyncTrainer pid=15034)[0m [FullyAsyncTrainer] sample collected 57/64. mq_len: 0
[36m(FullyAsyncTrainer pid=15034)[0m [FullyAsyncTrainer] sample collected 58/64. mq_len: 0
[36m(FullyAsyncRollouter pid=17033)[0m [FullyAsyncRollouter][MonitorLoop][Statistics] {'count/dropped_stale_samples': 0,
[36m(FullyAsyncRollouter pid=17033)[0m  'count/staleness_samples': 74,
[36m(FullyAsyncRollouter pid=17033)[0m  'count/total_generated_samples': 954,
[36m(FullyAsyncRollouter pid=17033)[0m  'monitor/active_tasks_size': 16,
[36m(FullyAsyncRollouter pid=17033)[0m  'monitor/queue/mq_queue_size': 0,
[36m(FullyAsyncRollouter pid=17033)[0m  'monitor/queue/pending_queue_size': 128,
[36m(FullyAsyncRollouter pid=17033)[0m  'static/max_concurrent_samples': 16,
[36m(FullyAsyncRollouter pid=17033)[0m  'static/max_queue_size': 576,
[36m(FullyAsyncRollouter pid=17033)[0m  'static/max_required_samples': 576,
[36m(FullyAsyncRollouter pid=17033)[0m  'static/required_samples': 64,
[36m(FullyAsyncRollouter pid=17033)[0m  'static/staleness_threshold': 8}
[36m(FullyAsyncTrainer pid=15034)[0m [FullyAsyncTrainer] sample collected 59/64. mq_len: 0
[36m(FullyAsyncTrainer pid=15034)[0m [FullyAsyncTrainer] sample collected 60/64. mq_len: 0
[36m(FullyAsyncTrainer pid=15034)[0m [FullyAsyncTrainer] sample collected 61/64. mq_len: 0
[36m(FullyAsyncTrainer pid=15034)[0m [FullyAsyncTrainer] sample collected 62/64. mq_len: 0
[36m(FullyAsyncTrainer pid=15034)[0m [FullyAsyncTrainer] sample collected 63/64. mq_len: 0
[36m(FullyAsyncTrainer pid=15034)[0m [FullyAsyncTrainer] sample collected 64/64. mq_len: 0
[36m(FullyAsyncTrainer pid=15034)[0m [FullyAsyncTrainer] Collected 64/64 samples. mq_len: 0
[36m(FullyAsyncTrainer pid=15034)[0m [FullyAsyncTrainer] Loop collection completed: 64/64 samples, total wait time: 102.57 seconds. mq_len: 0
[36m(FullyAsyncTrainer pid=15034)[0m [BatchUtils] Assembling batch from 64 RolloutSample objects
[36m(FullyAsyncTrainer pid=15034)[0m [BatchUtils] Batch assembly completed in 0.25s
[36m(FullyAsyncRollouter pid=17033)[0m [FullyAsyncRollouter][MonitorLoop][Statistics] {'count/dropped_stale_samples': 0,
[36m(FullyAsyncRollouter pid=17033)[0m  'count/staleness_samples': 91,
[36m(FullyAsyncRollouter pid=17033)[0m  'count/total_generated_samples': 971,
[36m(FullyAsyncRollouter pid=17033)[0m  'monitor/active_tasks_size': 16,
[36m(FullyAsyncRollouter pid=17033)[0m  'monitor/queue/mq_queue_size': 11,
[36m(FullyAsyncRollouter pid=17033)[0m  'monitor/queue/pending_queue_size': 128,
[36m(FullyAsyncRollouter pid=17033)[0m  'static/max_concurrent_samples': 16,
[36m(FullyAsyncRollouter pid=17033)[0m  'static/max_queue_size': 576,
[36m(FullyAsyncRollouter pid=17033)[0m  'static/max_required_samples': 576,
[36m(FullyAsyncRollouter pid=17033)[0m  'static/required_samples': 64,
[36m(FullyAsyncRollouter pid=17033)[0m  'static/staleness_threshold': 8}
[36m(FullyAsyncRollouter pid=17033)[0m [FullyAsyncRollouter][MonitorLoop][Statistics] {'count/dropped_stale_samples': 0,
[36m(FullyAsyncRollouter pid=17033)[0m  'count/staleness_samples': 113,
[36m(FullyAsyncRollouter pid=17033)[0m  'count/total_generated_samples': 993,
[36m(FullyAsyncRollouter pid=17033)[0m  'monitor/active_tasks_size': 16,
[36m(FullyAsyncRollouter pid=17033)[0m  'monitor/queue/mq_queue_size': 33,
[36m(FullyAsyncRollouter pid=17033)[0m  'monitor/queue/pending_queue_size': 128,
[36m(FullyAsyncRollouter pid=17033)[0m  'static/max_concurrent_samples': 16,
[36m(FullyAsyncRollouter pid=17033)[0m  'static/max_queue_size': 576,
[36m(FullyAsyncRollouter pid=17033)[0m  'static/max_required_samples': 576,
[36m(FullyAsyncRollouter pid=17033)[0m  'static/required_samples': 64,
[36m(FullyAsyncRollouter pid=17033)[0m  'static/staleness_threshold': 8}
[36m(MessageQueue pid=23825)[0m MessageQueue stats: produced=1000, queue_size=40
[36m(FullyAsyncTrainer pid=15034)[0m [FullyAsyncTrainer] global_steps: 15 local_trigger_step: 1 trigger_parameter_sync_step: 1 00:53:55.107
[36m(vLLMHttpServer pid=19207)[0m (Worker pid=20572) WARNING 07-26 00:53:56 [layerwise.py:225] RotaryEmbedding: Failed to load weights
[36m(vLLMHttpServer pid=19207)[0m (EngineCore pid=20179) WARNING 07-26 00:53:56 [scheduler.py:1919] reset_connector called but no KV connector is configured.
[36m(FullyAsyncTrainer pid=15034)[0m [FullyAsyncTrainer] _fit_update_weights, timing_s/param_sync: 1.2104 seconds self.current_param_version: 15
[36m(FullyAsyncTrainer pid=15034)[0m step:15 - fully_async/rollouter/active_time:248.3623447418213 - fully_async/rollouter/version_time:248.3623447418213 - fully_async/rollouter/idle_ratio:0 - fully_async/rollouter/step_generated_samples:69 - dynamic_resource/rollout_resource_utilization:0.9999991754522629
[36m(FullyAsyncRollouter pid=17033)[0m [FullyAsyncRollouter][RolloutResourceUtilization] raw active_count_history (timestamp, active_count, max_concurrent): [(1785027005.2647302, 15, 16), (1785027005.2648716, 16, 16), (1785027007.1505592, 15, 16), (1785027007.1505806, 16, 16), (1785027007.5541723, 15, 16), (1785027007.5541935, 16, 16), (1785027007.8442402, 15, 16), (1785027007.8442736, 16, 16), (1785027012.584171, 15, 16), (1785027012.5841937, 16, 16), (1785027014.6972551, 15, 16), (1785027014.6972775, 16, 16), (1785027021.3502066, 15, 16), (1785027021.3502545, 16, 16), (1785027026.871105, 15, 16), (1785027026.8711271, 16, 16), (1785027033.3284624, 15, 16), (1785027033.328513, 16, 16), (1785027037.9946702, 15, 16), (1785027037.9946916, 16, 16), (1785027044.3589714, 15, 16), (1785027044.359023, 16, 16), (1785027050.723802, 15, 16), (1785027050.7238374, 16, 16), (1785027053.026229, 15, 16), (1785027053.02625, 16, 16), (1785027055.250914, 15, 16), (1785027055.250961, 16, 16), (1785027055.3395753, 15, 16), (1785027055.3395963, 16, 16), (1785027056.806138, 15, 16), (1785027056.8061604, 16, 16), (1785027058.1961477, 15, 16), (1785027058.1961696, 16, 16), (1785027058.2573526, 15, 16), (1785027058.2573724, 16, 16), (1785027068.9845197, 15, 16), (1785027068.9845657, 16, 16), (1785027070.9109597, 15, 16), (1785027070.9109812, 16, 16), (1785027071.3163078, 15, 16), (1785027071.3163352, 16, 16), (1785027071.78722, 15, 16), (1785027071.7872405, 16, 16), (1785027078.6426768, 15, 16), (1785027078.6426973, 16, 16), (1785027084.9941583, 15, 16), (1785027084.9942048, 16, 16), (1785027090.8730223, 15, 16), (1785027090.8730438, 16, 16), (1785027093.402109, 15, 16), (1785027093.4021323, 16, 16), (1785027095.8809757, 15, 16), (1785027095.881021, 16, 16), (1785027105.0425296, 15, 16), (1785027105.0425525, 16, 16), (1785027107.8727622, 15, 16), (1785027107.872805, 16, 16), (1785027111.201592, 15, 16), (1785027111.2016177, 16, 16), (1785027113.7159395, 15, 16), (1785027113.7159674, 16, 16), (1785027116.1925735, 15, 16), (1785027116.1925943, 16, 16), (1785027116.3234975, 15, 16), (1785027116.3235302, 16, 16), (1785027117.596466, 15, 16), (1785027117.5964863, 16, 16), (1785027131.104967, 15, 16), (1785027131.1050127, 16, 16), (1785027132.1886582, 15, 16), (1785027132.18868, 16, 16), (1785027132.5186887, 15, 16), (1785027132.5187092, 16, 16), (1785027133.6114554, 15, 16), (1785027133.6114762, 16, 16), (1785027133.775061, 15, 16), (1785027133.7750905, 16, 16), (1785027139.8658657, 15, 16), (1785027139.865888, 16, 16), (1785027143.163502, 15, 16), (1785027143.1635473, 16, 16), (1785027145.8486376, 15, 16), (1785027145.8486588, 16, 16), (1785027150.0528588, 15, 16), (1785027150.0528836, 16, 16), (1785027150.4149683, 15, 16), (1785027150.4149897, 16, 16), (1785027151.5224185, 15, 16), (1785027151.522448, 16, 16), (1785027154.47036, 15, 16), (1785027154.4704087, 16, 16), (1785027155.7965639, 15, 16), (1785027155.7965872, 16, 16), (1785027162.597275, 15, 16), (1785027162.5972986, 16, 16), (1785027163.840825, 15, 16), (1785027163.840847, 16, 16), (1785027166.7168908, 15, 16), (1785027166.716937, 16, 16), (1785027170.8756163, 15, 16), (1785027170.8756387, 16, 16), (1785027173.1558564, 15, 16), (1785027173.155877, 16, 16), (1785027176.1094751, 15, 16), (1785027176.109497, 16, 16), (1785027187.4841444, 15, 16), (1785027187.484189, 16, 16), (1785027190.5021174, 15, 16), (1785027190.502142, 16, 16), (1785027190.733986, 15, 16), (1785027190.7340076, 16, 16), (1785027194.7220314, 15, 16), (1785027194.7220542, 16, 16), (1785027197.4695916, 15, 16), (1785027197.4696124, 16, 16), (1785027203.840873, 15, 16), (1785027203.8409188, 16, 16), (1785027208.8854868, 15, 16), (1785027208.8855085, 16, 16), (1785027210.345024, 15, 16), (1785027210.345049, 16, 16), (1785027210.714279, 15, 16), (1785027210.714301, 16, 16), (1785027213.9793773, 15, 16), (1785027213.9794242, 16, 16), (1785027213.988822, 15, 16), (1785027213.9888422, 16, 16), (1785027215.4641628, 15, 16), (1785027215.46419, 16, 16), (1785027224.4942002, 15, 16), (1785027224.4942477, 16, 16), (1785027227.008403, 15, 16), (1785027227.008429, 16, 16), (1785027231.258607, 15, 16), (1785027231.2586293, 16, 16), (1785027233.4770088, 15, 16), (1785027233.477032, 16, 16), (1785027253.625962, 15, 16), (1785027253.6271343, 15, 16)]
[36m(FullyAsyncRollouter pid=17033)[0m [FullyAsyncRollouter][Public][reset_staleness] reset staleness_samples to: 56 idle_ratio: 0.0000 step_generated_samples(this_step): 69 rollout_resource_utilization: 1.0000 recent_history(last 10 steps): [(7, 64), (8, 63), (9, 65), (10, 71), (11, 56), (12, 70), (13, 56), (14, 72), (15, 56), (16, 69)]
[36m(FullyAsyncTrainer pid=15034)[0m aggregated metrics done. cost 0.0002 seconds.
[36m(FullyAsyncTrainer pid=15034)[0m step:15 - training/global_step:14.0 - training/epoch:0.0 - fully_async/count/stale_trajectory_processed:4300.0 - fully_async/count/current_param_version:13.0 - fully_async/processing_time/avg:42.65460298734773 - fully_async/processing_time/max:77.28023723300066 - fully_async/processing_time/min:5.778305871999692 - fully_async/processing_time/tp50:46.6244418414999 - fully_async/processing_time/tp99:76.63762602209118 - fully_async/processing_time/tp95:75.40342469660018 - fully_async/monitor/active_tasks_size:16.0 - fully_async/monitor/queue/pending_queue_size:128.0 - fully_async/monitor/queue/mq_queue_size:0.0 - fully_async/count/total_generated_samples:832.0 - fully_async/count/staleness_samples:80.0 - fully_async/count/dropped_stale_samples:0.0 - fully_async/static/max_required_samples:576.0 - fully_async/static/required_samples:64.0 - fully_async/static/staleness_threshold:8.0 - fully_async/static/max_queue_size:576.0 - fully_async/static/max_concurrent_samples:16.0 - fully_async/partial/total_partial_num:111.0 - fully_async/partial/partial_ratio:0.216796875 - fully_async/partial/max_partial_span:1.0 - timing_s/agent_loop/tool_calls/max:0.0 - timing_s/agent_loop/tool_calls/min:0.0 - timing_s/agent_loop/tool_calls/mean:0.0 - fully_async/total_wait_time:70.8657603263855 - actor/pg_clipfrac:0.00024840079039413173 - actor/ppo_kl:0.0006460130163994167 - actor/pg_clipfrac_lower:1.6677001234887529e-06 - actor/pg_loss:0.048093169563799165 - actor/loss:0.048093169927597046 - actor/grad_norm:0.024665480479598045 - actor/lr:1e-06 - actor/perf/max_memory_allocated_gb:40.25760555267334 - actor/perf/max_memory_reserved_gb:73.146484375 - actor/perf/cpu_memory_used_gb:51.74097442626953 - perf/mfu/actor:0.32277495334379364 - dynamic_resource/train_compute_time_s:120.39953065100053 - dynamic_resource/train_allocated_time_s:204.58178997039795 - critic/score/mean:-0.5546875 - critic/score/max:1.0 - critic/score/min:-1.0 - critic/rewards/mean:-0.5546875 - critic/rewards/max:1.0 - critic/rewards/min:-1.0 - critic/advantages/mean:-0.048077840358018875 - critic/advantages/max:2.474870204925537 - critic/advantages/min:-2.474870204925537 - critic/returns/mean:-0.048077840358018875 - critic/returns/max:2.474870204925537 - critic/returns/min:-2.474870204925537 - response_length/mean:5794.53515625 - response_length/max:8192.0 - response_length/min:885.0 - response_length/clip_ratio:0.412109375 - response_length_non_aborted/mean:5794.53515625 - response_length_non_aborted/max:8192.0 - response_length_non_aborted/min:885.0 - response_length_non_aborted/clip_ratio:0.412109375 - response/aborted_ratio:0.0 - prompt_length/mean:151.1875 - prompt_length/max:339.0 - prompt_length/min:79.0 - prompt_length/clip_ratio:0.0 - num_turns/min:2.0 - num_turns/max:2.0 - num_turns/mean:2.0 - timing_s/start_profile:4.78999936603941e-06 - timing_s/gen:71.21172903000115 - timing_s/reward:1.7488000594312325e-05 - timing_s/adv:0.009196818000418716 - timing_s/update_actor:120.39031634499952 - timing_s/timing_s/param_sync:1.3422572660001606 - timing_s/step:204.58180859200002 - timing_s/stop_profile:4.083000021637417e-06 - timing_per_token_ms/adv:3.021085273492537e-06 - timing_per_token_ms/update_actor:0.03954730992441373 - timing_per_token_ms/gen:0.024002858643752144 - perf/total_num_tokens:3044210.0 - perf/time_per_step:204.58180859200002 - perf/throughput:7440.0798901702565 - dynamic_resource/mq_size:36.0 - fully_async/trainer/idle_ratio:0.3480843654677996 - dynamic_resource/train_resource_utilization:0.5885153838394991 - dynamic_resource/rollout_resource_utilization:0.9999991754522629 - dynamic_resource/resource_utilization:0.794257279645881
[36m(FullyAsyncTrainer pid=15034)[0m [FullyAsyncTrainer] Requesting 64 samples from queue
[36m(FullyAsyncTrainer pid=15034)[0m [FullyAsyncTrainer] sample collected 1/64. mq_len: 40
[36m(FullyAsyncTrainer pid=15034)[0m [FullyAsyncTrainer] sample collected 2/64. mq_len: 39
[36m(FullyAsyncTrainer pid=15034)[0m [FullyAsyncTrainer] sample collected 3/64. mq_len: 38
[36m(FullyAsyncTrainer pid=15034)[0m [FullyAsyncTrainer] sample collected 4/64. mq_len: 37
[36m(FullyAsyncTrainer pid=15034)[0m [FullyAsyncTrainer] sample collected 5/64. mq_len: 36
[36m(FullyAsyncTrainer pid=15034)[0m [FullyAsyncTrainer] sample collected 6/64. mq_len: 35
[36m(FullyAsyncTrainer pid=15034)[0m [FullyAsyncTrainer] sample collected 7/64. mq_len: 34
[36m(FullyAsyncTrainer pid=15034)[0m [FullyAsyncTrainer] sample collected 8/64. mq_len: 33
[36m(FullyAsyncTrainer pid=15034)[0m [FullyAsyncTrainer] sample collected 9/64. mq_len: 32
[36m(FullyAsyncTrainer pid=15034)[0m [FullyAsyncTrainer] sample collected 10/64. mq_len: 31
[36m(FullyAsyncTrainer pid=15034)[0m [FullyAsyncTrainer] sample collected 11/64. mq_len: 30
[36m(FullyAsyncTrainer pid=15034)[0m [FullyAsyncTrainer] sample collected 12/64. mq_len: 29
[36m(FullyAsyncTrainer pid=15034)[0m [FullyAsyncTrainer] sample collected 13/64. mq_len: 28
[36m(FullyAsyncTrainer pid=15034)[0m [FullyAsyncTrainer] sample collected 14/64. mq_len: 27
[36m(FullyAsyncTrainer pid=15034)[0m [FullyAsyncTrainer] sample collected 15/64. mq_len: 26
[36m(FullyAsyncTrainer pid=15034)[0m [FullyAsyncTrainer] sample collected 16/64. mq_len: 25
[36m(FullyAsyncTrainer pid=15034)[0m [FullyAsyncTrainer] sample collected 17/64. mq_len: 24
[36m(FullyAsyncTrainer pid=15034)[0m [FullyAsyncTrainer] sample collected 18/64. mq_len: 23
[36m(FullyAsyncTrainer pid=15034)[0m [FullyAsyncTrainer] sample collected 19/64. mq_len: 22
[36m(FullyAsyncTrainer pid=15034)[0m [FullyAsyncTrainer] sample collected 20/64. mq_len: 21
[36m(FullyAsyncTrainer pid=15034)[0m [FullyAsyncTrainer] sample collected 21/64. mq_len: 20
[36m(FullyAsyncTrainer pid=15034)[0m [FullyAsyncTrainer] sample collected 22/64. mq_len: 19
[36m(FullyAsyncTrainer pid=15034)[0m [FullyAsyncTrainer] sample collected 23/64. mq_len: 18
[36m(FullyAsyncTrainer pid=15034)[0m [FullyAsyncTrainer] sample collected 24/64. mq_len: 17
[36m(FullyAsyncTrainer pid=15034)[0m [FullyAsyncTrainer] sample collected 25/64. mq_len: 16
[36m(FullyAsyncTrainer pid=15034)[0m [FullyAsyncTrainer] sample collected 26/64. mq_len: 15
[36m(FullyAsyncTrainer pid=15034)[0m [FullyAsyncTrainer] sample collected 27/64. mq_len: 14
[36m(FullyAsyncTrainer pid=15034)[0m Training Progress:  19%|█▉        | 15/80 [58:47<4:06:39, 227.68s/it]
[36m(FullyAsyncTrainer pid=15034)[0m [FullyAsyncTrainer] sample collected 28/64. mq_len: 13
[36m(FullyAsyncTrainer pid=15034)[0m [FullyAsyncTrainer] sample collected 29/64. mq_len: 12
[36m(FullyAsyncTrainer pid=15034)[0m [FullyAsyncTrainer] sample collected 30/64. mq_len: 11
[36m(FullyAsyncTrainer pid=15034)[0m [FullyAsyncTrainer] sample collected 31/64. mq_len: 10
[36m(FullyAsyncTrainer pid=15034)[0m [FullyAsyncTrainer] sample collected 32/64. mq_len: 9
[36m(FullyAsyncTrainer pid=15034)[0m [FullyAsyncTrainer] sample collected 33/64. mq_len: 8
[36m(FullyAsyncTrainer pid=15034)[0m [FullyAsyncTrainer] sample collected 34/64. mq_len: 7
[36m(FullyAsyncTrainer pid=15034)[0m [FullyAsyncTrainer] sample collected 35/64. mq_len: 6
[36m(FullyAsyncTrainer pid=15034)[0m [FullyAsyncTrainer] sample collected 36/64. mq_len: 5
[36m(FullyAsyncTrainer pid=15034)[0m [FullyAsyncTrainer] sample collected 37/64. mq_len: 4
[36m(FullyAsyncTrainer pid=15034)[0m [FullyAsyncTrainer] sample collected 38/64. mq_len: 3
[36m(FullyAsyncTrainer pid=15034)[0m [FullyAsyncTrainer] sample collected 39/64. mq_len: 2
[36m(FullyAsyncTrainer pid=15034)[0m [FullyAsyncTrainer] sample collected 40/64. mq_len: 1
[36m(FullyAsyncTrainer pid=15034)[0m [FullyAsyncTrainer] sample collected 41/64. mq_len: 0
[36m(FullyAsyncTrainer pid=15034)[0m [FullyAsyncTrainer] sample collected 42/64. mq_len: 0
[36m(FullyAsyncTrainer pid=15034)[0m [FullyAsyncTrainer] sample collected 43/64. mq_len: 0
[36m(FullyAsyncTrainer pid=15034)[0m [FullyAsyncTrainer] sample collected 44/64. mq_len: 0
[36m(FullyAsyncTrainer pid=15034)[0m [FullyAsyncTrainer] sample collected 45/64. mq_len: 0
[36m(FullyAsyncTrainer pid=15034)[0m [FullyAsyncTrainer] sample collected 46/64. mq_len: 0
[36m(FullyAsyncTrainer pid=15034)[0m [FullyAsyncTrainer] sample collected 47/64. mq_len: 0
[36m(FullyAsyncTrainer pid=15034)[0m [FullyAsyncTrainer] sample collected 48/64. mq_len: 0
[36m(FullyAsyncRollouter pid=17033)[0m [FullyAsyncRollouter][MonitorLoop][Statistics] {'count/dropped_stale_samples': 0,
[36m(FullyAsyncRollouter pid=17033)[0m  'count/staleness_samples': 64,
[36m(FullyAsyncRollouter pid=17033)[0m  'count/total_generated_samples': 1008,
[36m(FullyAsyncRollouter pid=17033)[0m  'monitor/active_tasks_size': 16,
[36m(FullyAsyncRollouter pid=17033)[0m  'monitor/queue/mq_queue_size': 0,
[36m(FullyAsyncRollouter pid=17033)[0m  'monitor/queue/pending_queue_size': 128,
[36m(FullyAsyncRollouter pid=17033)[0m  'static/max_concurrent_samples': 16,
[36m(FullyAsyncRollouter pid=17033)[0m  'static/max_queue_size': 576,
[36m(FullyAsyncRollouter pid=17033)[0m  'static/max_required_samples': 576,
[36m(FullyAsyncRollouter pid=17033)[0m  'static/required_samples': 64,
[36m(FullyAsyncRollouter pid=17033)[0m  'static/staleness_threshold': 8}
[36m(FullyAsyncTrainer pid=15034)[0m [FullyAsyncTrainer] sample collected 49/64. mq_len: 0
[36m(FullyAsyncTrainer pid=15034)[0m [FullyAsyncTrainer] sample collected 50/64. mq_len: 0
[36m(FullyAsyncTrainer pid=15034)[0m [FullyAsyncTrainer] sample collected 51/64. mq_len: 0
[36m(FullyAsyncTrainer pid=15034)[0m [FullyAsyncTrainer] sample collected 52/64. mq_len: 0
[36m(FullyAsyncTrainer pid=15034)[0m [FullyAsyncTrainer] sample collected 53/64. mq_len: 0
[36m(FullyAsyncTrainer pid=15034)[0m [FullyAsyncTrainer] sample collected 54/64. mq_len: 0
[36m(FullyAsyncTrainer pid=15034)[0m [FullyAsyncTrainer] sample collected 55/64. mq_len: 0
[36m(FullyAsyncTrainer pid=15034)[0m [FullyAsyncTrainer] sample collected 56/64. mq_len: 0
[36m(FullyAsyncTrainer pid=15034)[0m [FullyAsyncTrainer] sample collected 57/64. mq_len: 0
[36m(FullyAsyncTrainer pid=15034)[0m [FullyAsyncTrainer] sample collected 58/64. mq_len: 0
[36m(FullyAsyncTrainer pid=15034)[0m [FullyAsyncTrainer] sample collected 59/64. mq_len: 0
[36m(FullyAsyncTrainer pid=15034)[0m [FullyAsyncTrainer] sample collected 60/64. mq_len: 0
[36m(FullyAsyncTrainer pid=15034)[0m [FullyAsyncTrainer] sample collected 61/64. mq_len: 0
[36m(FullyAsyncTrainer pid=15034)[0m [FullyAsyncTrainer] sample collected 62/64. mq_len: 0
[36m(FullyAsyncTrainer pid=15034)[0m [FullyAsyncTrainer] sample collected 63/64. mq_len: 0
[36m(FullyAsyncTrainer pid=15034)[0m [FullyAsyncTrainer] sample collected 64/64. mq_len: 0
[36m(FullyAsyncTrainer pid=15034)[0m [FullyAsyncTrainer] Collected 64/64 samples. mq_len: 0
[36m(FullyAsyncTrainer pid=15034)[0m [FullyAsyncTrainer] Loop collection completed: 64/64 samples, total wait time: 67.24 seconds. mq_len: 0
[36m(FullyAsyncTrainer pid=15034)[0m [BatchUtils] Assembling batch from 64 RolloutSample objects
[36m(FullyAsyncTrainer pid=15034)[0m [BatchUtils] Batch assembly completed in 0.71s
[36m(FullyAsyncRollouter pid=17033)[0m [FullyAsyncRollouter][MonitorLoop][Statistics] {'count/dropped_stale_samples': 0,
[36m(FullyAsyncRollouter pid=17033)[0m  'count/staleness_samples': 90,
[36m(FullyAsyncRollouter pid=17033)[0m  'count/total_generated_samples': 1034,
[36m(FullyAsyncRollouter pid=17033)[0m  'monitor/active_tasks_size': 16,
[36m(FullyAsyncRollouter pid=17033)[0m  'monitor/queue/mq_queue_size': 10,
[36m(FullyAsyncRollouter pid=17033)[0m  'monitor/queue/pending_queue_size': 128,
[36m(FullyAsyncRollouter pid=17033)[0m  'static/max_concurrent_samples': 16,
[36m(FullyAsyncRollouter pid=17033)[0m  'static/max_queue_size': 576,
[36m(FullyAsyncRollouter pid=17033)[0m  'static/max_required_samples': 576,
[36m(FullyAsyncRollouter pid=17033)[0m  'static/required_samples': 64,
[36m(FullyAsyncRollouter pid=17033)[0m  'static/staleness_threshold': 8}
[36m(FullyAsyncRollouter pid=17033)[0m [FullyAsyncRollouter][MonitorLoop][Statistics] {'count/dropped_stale_samples': 0,
[36m(FullyAsyncRollouter pid=17033)[0m  'count/staleness_samples': 115,
[36m(FullyAsyncRollouter pid=17033)[0m  'count/total_generated_samples': 1059,
[36m(FullyAsyncRollouter pid=17033)[0m  'monitor/active_tasks_size': 16,
[36m(FullyAsyncRollouter pid=17033)[0m  'monitor/queue/mq_queue_size': 35,
[36m(FullyAsyncRollouter pid=17033)[0m  'monitor/queue/pending_queue_size': 128,
[36m(FullyAsyncRollouter pid=17033)[0m  'static/max_concurrent_samples': 16,
[36m(FullyAsyncRollouter pid=17033)[0m  'static/max_queue_size': 576,
[36m(FullyAsyncRollouter pid=17033)[0m  'static/max_required_samples': 576,
[36m(FullyAsyncRollouter pid=17033)[0m  'static/required_samples': 64,
[36m(FullyAsyncRollouter pid=17033)[0m  'static/staleness_threshold': 8}
[36m(FullyAsyncTrainer pid=15034)[0m [FullyAsyncTrainer] global_steps: 16 local_trigger_step: 1 trigger_parameter_sync_step: 1 00:57:18.351
[36m(vLLMHttpServer pid=19207)[0m (Worker pid=20572) WARNING 07-26 00:57:20 [layerwise.py:225] RotaryEmbedding: Failed to load weights
[36m(vLLMHttpServer pid=19207)[0m (EngineCore pid=20179) WARNING 07-26 00:57:20 [scheduler.py:1919] reset_connector called but no KV connector is configured.
[36m(FullyAsyncTrainer pid=15034)[0m [FullyAsyncTrainer] _fit_update_weights, timing_s/param_sync: 1.7811 seconds self.current_param_version: 16
[36m(FullyAsyncTrainer pid=15034)[0m step:16 - fully_async/rollouter/active_time:204.0422716140747 - fully_async/rollouter/version_time:204.0422716140747 - fully_async/rollouter/idle_ratio:0 - fully_async/rollouter/step_generated_samples:62 - dynamic_resource/rollout_resource_utilization:0.9999989268278345
[36m(FullyAsyncTrainer pid=15034)[0m aggregated metrics done. cost 0.0002 seconds.
[36m(FullyAsyncTrainer pid=15034)[0m step:16 - training/global_step:15.0 - training/epoch:0.0 - fully_async/count/stale_trajectory_processed:4609.0 - fully_async/count/current_param_version:14.0 - fully_async/processing_time/avg:46.096699050138675 - fully_async/processing_time/max:78.8181967799992 - fully_async/processing_time/min:3.4001616799996555 - fully_async/processing_time/tp50:56.366591564499686 - fully_async/processing_time/tp99:78.60642960244012 - fully_async/processing_time/tp95:76.84146930410016 - fully_async/monitor/active_tasks_size:16.0 - fully_async/monitor/queue/pending_queue_size:128.0 - fully_async/monitor/queue/mq_queue_size:0.0 - fully_async/count/total_generated_samples:896.0 - fully_async/count/staleness_samples:80.0 - fully_async/count/dropped_stale_samples:0.0 - fully_async/static/max_required_samples:576.0 - fully_async/static/required_samples:64.0 - fully_async/static/staleness_threshold:8.0 - fully_async/static/max_queue_size:576.0 - fully_async/static/max_concurrent_samples:16.0 - fully_async/partial/total_partial_num:91.0 - fully_async/partial/partial_ratio:0.177734375 - fully_async/partial/max_partial_span:1.0 - timing_s/agent_loop/tool_calls/max:0.0 - timing_s/agent_loop/tool_calls/min:0.0 - timing_s/agent_loop/tool_calls/mean:0.0 - fully_async/total_wait_time:102.57371950149536 - actor/pg_clipfrac:0.0002580231194424555 - actor/ppo_kl:0.0006288311551895819 - actor/pg_clipfrac_lower:2.2588910653649346e-06 - actor/pg_loss:0.05829301079938887 - actor/loss:0.05829301103949547 - actor/grad_norm:0.025326892733573914 - actor/lr:1e-06 - actor/perf/max_memory_allocated_gb:40.25760555267334 - actor/perf/max_memory_reserved_gb:73.146484375 - actor/perf/cpu_memory_used_gb:52.15300369262695 - perf/mfu/actor:0.32152725948277966 - dynamic_resource/train_compute_time_s:126.86620613400191 - dynamic_resource/train_allocated_time_s:248.32607078552246 - critic/score/mean:-0.52734375 - critic/score/max:1.0 - critic/score/min:-1.0 - critic/rewards/mean:-0.52734375 - critic/rewards/max:1.0 - critic/rewards/min:-1.0 - critic/advantages/mean:-0.05829088017344475 - critic/advantages/max:2.474870204925537 - critic/advantages/min:-2.474870204925537 - critic/returns/mean:-0.05829088017344475 - critic/returns/max:2.474870204925537 - critic/returns/min:-2.474870204925537 - response_length/mean:6028.75 - response_length/max:8192.0 - response_length/min:476.0 - response_length/clip_ratio:0.494140625 - response_length_non_aborted/mean:6028.75 - response_length_non_aborted/max:8192.0 - response_length_non_aborted/min:476.0 - response_length_non_aborted/clip_ratio:0.494140625 - response/aborted_ratio:0.0 - prompt_length/mean:157.84375 - prompt_length/max:411.0 - prompt_length/min:74.0 - prompt_length/clip_ratio:0.0 - num_turns/min:2.0 - num_turns/max:2.0 - num_turns/mean:2.0 - timing_s/start_profile:5.126999894855544e-06 - timing_s/gen:102.93744054999843 - timing_s/reward:1.6885000150068663e-05 - timing_s/adv:0.009738207001646515 - timing_s/update_actor:126.85645104200012 - timing_s/timing_s/param_sync:1.2103662780009472 - timing_s/step:248.32609082999988 - timing_s/stop_profile:4.7410012484760955e-06 - timing_per_token_ms/adv:3.0743792656647042e-06 - timing_per_token_ms/update_actor:0.040048937420758636 - timing_per_token_ms/gen:0.033348486597423295 - perf/total_num_tokens:3167536.0 - perf/time_per_step:248.32609082999988 - perf/throughput:6377.775266007882 - dynamic_resource/mq_size:41.0 - fully_async/trainer/idle_ratio:0.41452527282148444 - dynamic_resource/train_resource_utilization:0.5108855696572245 - dynamic_resource/rollout_resource_utilization:0.9999989268278345 - dynamic_resource/resource_utilization:0.7554422482425296
[36m(FullyAsyncTrainer pid=15034)[0m [FullyAsyncTrainer] Requesting 64 samples from queue
[36m(FullyAsyncTrainer pid=15034)[0m [FullyAsyncTrainer] sample collected 1/64. mq_len: 38
[36m(FullyAsyncTrainer pid=15034)[0m [FullyAsyncTrainer] sample collected 2/64. mq_len: 37
[36m(FullyAsyncTrainer pid=15034)[0m [FullyAsyncTrainer] sample collected 3/64. mq_len: 36
[36m(FullyAsyncTrainer pid=15034)[0m [FullyAsyncTrainer] sample collected 4/64. mq_len: 35
[36m(FullyAsyncTrainer pid=15034)[0m [FullyAsyncTrainer] sample collected 5/64. mq_len: 34
[36m(FullyAsyncTrainer pid=15034)[0m [FullyAsyncTrainer] sample collected 6/64. mq_len: 33
[36m(FullyAsyncTrainer pid=15034)[0m [FullyAsyncTrainer] sample collected 7/64. mq_len: 32
[36m(FullyAsyncTrainer pid=15034)[0m Training Progress:  20%|██        | 16/80 [1:02:11<3:55:16, 220.57s/it]
[36m(FullyAsyncRollouter pid=17033)[0m [FullyAsyncRollouter][RolloutResourceUtilization] raw active_count_history (timestamp, active_count, max_concurrent): [(1785027253.6274395, 15, 16), (1785027253.627538, 16, 16), (1785027263.1410892, 15, 16), (1785027263.141112, 16, 16), (1785027267.0695913, 15, 16), (1785027267.0696507, 16, 16), (1785027267.6752195, 15, 16), (1785027267.675249, 16, 16), (1785027272.4360864, 15, 16), (1785027272.4361148, 16, 16), (1785027273.8223767, 15, 16), (1785027273.822411, 16, 16), (1785027274.054776, 15, 16), (1785027274.0548031, 16, 16), (1785027275.1246665, 15, 16), (1785027275.1246927, 16, 16), (1785027280.300291, 15, 16), (1785027280.30035, 16, 16), (1785027282.1589134, 15, 16), (1785027282.1589437, 16, 16), (1785027286.775977, 15, 16), (1785027286.7760112, 16, 16), (1785027286.9465525, 15, 16), (1785027286.9465828, 16, 16), (1785027289.5396707, 15, 16), (1785027289.5397007, 16, 16), (1785027291.2540882, 15, 16), (1785027291.2541504, 16, 16), (1785027291.2908602, 15, 16), (1785027291.290883, 16, 16), (1785027293.9781475, 15, 16), (1785027293.978175, 16, 16), (1785027297.2659996, 15, 16), (1785027297.2660294, 16, 16), (1785027297.387407, 15, 16), (1785027297.3874338, 16, 16), (1785027301.509016, 15, 16), (1785027301.5090718, 16, 16), (1785027306.2007132, 15, 16), (1785027306.2007427, 16, 16), (1785027309.5808039, 15, 16), (1785027309.580847, 16, 16), (1785027310.8864298, 15, 16), (1785027310.88646, 16, 16), (1785027312.8031347, 15, 16), (1785027312.8032043, 16, 16), (1785027320.9032633, 15, 16), (1785027320.9032917, 16, 16), (1785027325.770103, 15, 16), (1785027325.770175, 16, 16), (1785027328.9184027, 15, 16), (1785027328.9184332, 16, 16), (1785027331.056431, 15, 16), (1785027331.0564594, 16, 16), (1785027331.2985852, 15, 16), (1785027331.298614, 16, 16), (1785027331.687733, 15, 16), (1785027331.6877596, 16, 16), (1785027335.0926747, 15, 16), (1785027335.0927014, 16, 16), (1785027342.1297154, 15, 16), (1785027342.129775, 16, 16), (1785027343.7601109, 15, 16), (1785027343.7601392, 16, 16), (1785027343.9546332, 15, 16), (1785027343.954661, 16, 16), (1785027346.5412147, 15, 16), (1785027346.5412426, 16, 16), (1785027355.720011, 15, 16), (1785027355.7200718, 16, 16), (1785027355.8728435, 15, 16), (1785027355.8728707, 16, 16), (1785027360.8576155, 15, 16), (1785027360.8576453, 16, 16), (1785027366.6196184, 15, 16), (1785027366.6196792, 16, 16), (1785027369.792479, 15, 16), (1785027369.792509, 16, 16), (1785027373.1966577, 15, 16), (1785027373.1966853, 16, 16), (1785027380.4501357, 15, 16), (1785027380.4501965, 16, 16), (1785027385.0866306, 15, 16), (1785027385.0866604, 16, 16), (1785027386.0702088, 15, 16), (1785027386.070238, 16, 16), (1785027388.151905, 15, 16), (1785027388.1519332, 16, 16), (1785027389.8166325, 15, 16), (1785027389.8166616, 16, 16), (1785027390.9056718, 15, 16), (1785027390.905732, 16, 16), (1785027390.970033, 15, 16), (1785027390.9700625, 16, 16), (1785027392.1713326, 15, 16), (1785027392.1713607, 16, 16), (1785027399.1923862, 15, 16), (1785027399.1924148, 16, 16), (1785027399.758395, 15, 16), (1785027399.7584224, 16, 16), (1785027400.2713451, 15, 16), (1785027400.271376, 16, 16), (1785027400.771903, 15, 16), (1785027400.7719314, 16, 16), (1785027401.6060464, 15, 16), (1785027401.6061082, 16, 16), (1785027409.542527, 15, 16), (1785027409.5425541, 16, 16), (1785027409.6101608, 15, 16), (1785027409.61019, 16, 16), (1785027410.5640311, 15, 16), (1785027410.5640602, 16, 16), (1785027411.9771857, 15, 16), (1785027411.977248, 16, 16), (1785027417.0732248, 15, 16), (1785027417.0732536, 16, 16), (1785027421.2445025, 15, 16), (1785027421.2445343, 16, 16), (1785027424.0196106, 15, 16), (1785027424.0196733, 16, 16), (1785027427.9678836, 15, 16), (1785027427.9679117, 16, 16), (1785027435.4279652, 15, 16), (1785027435.4280255, 16, 16), (1785027457.6686397, 15, 16), (1785027457.669783, 15, 16)]
[36m(FullyAsyncRollouter pid=17033)[0m [FullyAsyncRollouter][Public][reset_staleness] reset staleness_samples to: 54 idle_ratio: 0.0000 step_generated_samples(this_step): 62 rollout_resource_utilization: 1.0000 recent_history(last 10 steps): [(8, 63), (9, 65), (10, 71), (11, 56), (12, 70), (13, 56), (14, 72), (15, 56), (16, 69), (17, 62)]
[36m(FullyAsyncTrainer pid=15034)[0m [FullyAsyncTrainer] sample collected 8/64. mq_len: 31
[36m(FullyAsyncTrainer pid=15034)[0m [FullyAsyncTrainer] sample collected 9/64. mq_len: 30
[36m(FullyAsyncTrainer pid=15034)[0m [FullyAsyncTrainer] sample collected 10/64. mq_len: 29
[36m(FullyAsyncTrainer pid=15034)[0m [FullyAsyncTrainer] sample collected 11/64. mq_len: 28
[36m(FullyAsyncTrainer pid=15034)[0m [FullyAsyncTrainer] sample collected 12/64. mq_len: 27
[36m(FullyAsyncTrainer pid=15034)[0m [FullyAsyncTrainer] sample collected 13/64. mq_len: 26
[36m(FullyAsyncTrainer pid=15034)[0m 
[36m(FullyAsyncTrainer pid=15034)[0m [FullyAsyncTrainer] sample collected 14/64. mq_len: 25
[36m(FullyAsyncTrainer pid=15034)[0m [FullyAsyncTrainer] sample collected 15/64. mq_len: 24
[36m(FullyAsyncTrainer pid=15034)[0m [FullyAsyncTrainer] sample collected 16/64. mq_len: 23
[36m(FullyAsyncTrainer pid=15034)[0m [FullyAsyncTrainer] sample collected 17/64. mq_len: 22
[36m(FullyAsyncTrainer pid=15034)[0m [FullyAsyncTrainer] sample collected 18/64. mq_len: 21
[36m(FullyAsyncTrainer pid=15034)[0m [FullyAsyncTrainer] sample collected 19/64. mq_len: 20
[36m(FullyAsyncTrainer pid=15034)[0m [FullyAsyncTrainer] sample collected 20/64. mq_len: 19
[36m(FullyAsyncTrainer pid=15034)[0m [FullyAsyncTrainer] sample collected 21/64. mq_len: 18
[36m(FullyAsyncTrainer pid=15034)[0m [FullyAsyncTrainer] sample collected 22/64. mq_len: 17
[36m(FullyAsyncTrainer pid=15034)[0m [FullyAsyncTrainer] sample collected 23/64. mq_len: 16
[36m(FullyAsyncTrainer pid=15034)[0m [FullyAsyncTrainer] sample collected 24/64. mq_len: 15
[36m(FullyAsyncTrainer pid=15034)[0m [FullyAsyncTrainer] sample collected 25/64. mq_len: 14
[36m(FullyAsyncTrainer pid=15034)[0m [FullyAsyncTrainer] sample collected 26/64. mq_len: 13
[36m(FullyAsyncTrainer pid=15034)[0m [FullyAsyncTrainer] sample collected 27/64. mq_len: 12
[36m(FullyAsyncTrainer pid=15034)[0m [FullyAsyncTrainer] sample collected 28/64. mq_len: 11
[36m(FullyAsyncTrainer pid=15034)[0m [FullyAsyncTrainer] sample collected 29/64. mq_len: 10
[36m(FullyAsyncTrainer pid=15034)[0m [FullyAsyncTrainer] sample collected 30/64. mq_len: 9
[36m(FullyAsyncTrainer pid=15034)[0m [FullyAsyncTrainer] sample collected 31/64. mq_len: 8
[36m(FullyAsyncTrainer pid=15034)[0m [FullyAsyncTrainer] sample collected 32/64. mq_len: 7
[36m(FullyAsyncTrainer pid=15034)[0m [FullyAsyncTrainer] sample collected 33/64. mq_len: 6
[36m(FullyAsyncTrainer pid=15034)[0m [FullyAsyncTrainer] sample collected 34/64. mq_len: 5
[36m(FullyAsyncTrainer pid=15034)[0m [FullyAsyncTrainer] sample collected 35/64. mq_len: 4
[36m(FullyAsyncTrainer pid=15034)[0m [FullyAsyncTrainer] sample collected 36/64. mq_len: 3
[36m(FullyAsyncTrainer pid=15034)[0m [FullyAsyncTrainer] sample collected 37/64. mq_len: 2
[36m(FullyAsyncTrainer pid=15034)[0m [FullyAsyncTrainer] sample collected 38/64. mq_len: 1
[36m(FullyAsyncTrainer pid=15034)[0m [FullyAsyncTrainer] sample collected 39/64. mq_len: 0
[36m(FullyAsyncTrainer pid=15034)[0m [FullyAsyncTrainer] sample collected 40/64. mq_len: 0
[36m(FullyAsyncTrainer pid=15034)[0m [FullyAsyncTrainer] sample collected 41/64. mq_len: 0
[36m(FullyAsyncTrainer pid=15034)[0m [FullyAsyncTrainer] sample collected 42/64. mq_len: 0
[36m(FullyAsyncTrainer pid=15034)[0m [FullyAsyncTrainer] sample collected 43/64. mq_len: 0
[36m(FullyAsyncTrainer pid=15034)[0m [FullyAsyncTrainer] sample collected 44/64. mq_len: 0
[36m(FullyAsyncTrainer pid=15034)[0m [FullyAsyncTrainer] sample collected 45/64. mq_len: 0
[36m(FullyAsyncTrainer pid=15034)[0m [FullyAsyncTrainer] sample collected 46/64. mq_len: 0
[36m(FullyAsyncRollouter pid=17033)[0m [FullyAsyncRollouter][MonitorLoop][Statistics] {'count/dropped_stale_samples': 0,
[36m(FullyAsyncRollouter pid=17033)[0m  'count/staleness_samples': 62,
[36m(FullyAsyncRollouter pid=17033)[0m  'count/total_generated_samples': 1070,
[36m(FullyAsyncRollouter pid=17033)[0m  'monitor/active_tasks_size': 16,
[36m(FullyAsyncRollouter pid=17033)[0m  'monitor/queue/mq_queue_size': 0,
[36m(FullyAsyncRollouter pid=17033)[0m  'monitor/queue/pending_queue_size': 128,
[36m(FullyAsyncRollouter pid=17033)[0m  'static/max_concurrent_samples': 16,
[36m(FullyAsyncRollouter pid=17033)[0m  'static/max_queue_size': 576,
[36m(FullyAsyncRollouter pid=17033)[0m  'static/max_required_samples': 576,
[36m(FullyAsyncRollouter pid=17033)[0m  'static/required_samples': 64,
[36m(FullyAsyncRollouter pid=17033)[0m  'static/staleness_threshold': 8}
[36m(FullyAsyncTrainer pid=15034)[0m [FullyAsyncTrainer] sample collected 47/64. mq_len: 0
[36m(FullyAsyncTrainer pid=15034)[0m [FullyAsyncTrainer] sample collected 48/64. mq_len: 0
[36m(FullyAsyncTrainer pid=15034)[0m [FullyAsyncTrainer] sample collected 49/64. mq_len: 0
[36m(FullyAsyncTrainer pid=15034)[0m [FullyAsyncTrainer] sample collected 50/64. mq_len: 0
[36m(FullyAsyncTrainer pid=15034)[0m [FullyAsyncTrainer] sample collected 51/64. mq_len: 0
[36m(FullyAsyncTrainer pid=15034)[0m [FullyAsyncTrainer] sample collected 52/64. mq_len: 0
[36m(FullyAsyncTrainer pid=15034)[0m [FullyAsyncTrainer] sample collected 53/64. mq_len: 0
[36m(FullyAsyncTrainer pid=15034)[0m [FullyAsyncTrainer] sample collected 54/64. mq_len: 0
[36m(FullyAsyncTrainer pid=15034)[0m [FullyAsyncTrainer] sample collected 55/64. mq_len: 0
[36m(FullyAsyncTrainer pid=15034)[0m [FullyAsyncTrainer] sample collected 56/64. mq_len: 0
[36m(FullyAsyncTrainer pid=15034)[0m [FullyAsyncTrainer] sample collected 57/64. mq_len: 0
[36m(FullyAsyncTrainer pid=15034)[0m [FullyAsyncTrainer] sample collected 58/64. mq_len: 0
[36m(FullyAsyncTrainer pid=15034)[0m [FullyAsyncTrainer] sample collected 59/64. mq_len: 0
[36m(FullyAsyncTrainer pid=15034)[0m [FullyAsyncTrainer] sample collected 60/64. mq_len: 0
[36m(FullyAsyncTrainer pid=15034)[0m [FullyAsyncTrainer] sample collected 61/64. mq_len: 0
[36m(FullyAsyncTrainer pid=15034)[0m [FullyAsyncTrainer] sample collected 62/64. mq_len: 0
[36m(FullyAsyncTrainer pid=15034)[0m [FullyAsyncTrainer] sample collected 63/64. mq_len: 0
[36m(FullyAsyncTrainer pid=15034)[0m [FullyAsyncTrainer] sample collected 64/64. mq_len: 0
[36m(FullyAsyncTrainer pid=15034)[0m [FullyAsyncTrainer] Collected 64/64 samples. mq_len: 0
[36m(FullyAsyncTrainer pid=15034)[0m [FullyAsyncTrainer] Loop collection completed: 64/64 samples, total wait time: 75.35 seconds. mq_len: 0
[36m(FullyAsyncTrainer pid=15034)[0m [BatchUtils] Assembling batch from 64 RolloutSample objects
[36m(FullyAsyncTrainer pid=15034)[0m [BatchUtils] Batch assembly completed in 0.22s
[36m(FullyAsyncRollouter pid=17033)[0m [FullyAsyncRollouter][MonitorLoop][Statistics] {'count/dropped_stale_samples': 0,
[36m(FullyAsyncRollouter pid=17033)[0m  'count/staleness_samples': 82,
[36m(FullyAsyncRollouter pid=17033)[0m  'count/total_generated_samples': 1090,
[36m(FullyAsyncRollouter pid=17033)[0m  'monitor/active_tasks_size': 16,
[36m(FullyAsyncRollouter pid=17033)[0m  'monitor/queue/mq_queue_size': 2,
[36m(FullyAsyncRollouter pid=17033)[0m  'monitor/queue/pending_queue_size': 128,
[36m(FullyAsyncRollouter pid=17033)[0m  'static/max_concurrent_samples': 16,
[36m(FullyAsyncRollouter pid=17033)[0m  'static/max_queue_size': 576,
[36m(FullyAsyncRollouter pid=17033)[0m  'static/max_required_samples': 576,
[36m(FullyAsyncRollouter pid=17033)[0m  'static/required_samples': 64,
[36m(FullyAsyncRollouter pid=17033)[0m  'static/staleness_threshold': 8}
[36m(MessageQueue pid=23825)[0m MessageQueue stats: produced=1100, queue_size=12
[36m(FullyAsyncRollouter pid=17033)[0m [FullyAsyncRollouter][MonitorLoop][Statistics] {'count/dropped_stale_samples': 0,
[36m(FullyAsyncRollouter pid=17033)[0m  'count/staleness_samples': 108,
[36m(FullyAsyncRollouter pid=17033)[0m  'count/total_generated_samples': 1116,
[36m(FullyAsyncRollouter pid=17033)[0m  'monitor/active_tasks_size': 16,
[36m(FullyAsyncRollouter pid=17033)[0m  'monitor/queue/mq_queue_size': 28,
[36m(FullyAsyncRollouter pid=17033)[0m  'monitor/queue/pending_queue_size': 128,
[36m(FullyAsyncRollouter pid=17033)[0m  'static/max_concurrent_samples': 16,
[36m(FullyAsyncRollouter pid=17033)[0m  'static/max_queue_size': 576,
[36m(FullyAsyncRollouter pid=17033)[0m  'static/max_required_samples': 576,
[36m(FullyAsyncRollouter pid=17033)[0m  'static/required_samples': 64,
[36m(FullyAsyncRollouter pid=17033)[0m  'static/staleness_threshold': 8}
[36m(FullyAsyncTrainer pid=15034)[0m [FullyAsyncTrainer] global_steps: 17 local_trigger_step: 1 trigger_parameter_sync_step: 1 01:00:51.711
[36m(vLLMHttpServer pid=19207)[0m (Worker pid=20572) WARNING 07-26 01:00:53 [layerwise.py:225] RotaryEmbedding: Failed to load weights
[36m(vLLMHttpServer pid=19207)[0m (EngineCore pid=20179) WARNING 07-26 01:00:53 [scheduler.py:1919] reset_connector called but no KV connector is configured.
[36m(FullyAsyncTrainer pid=15034)[0m [FullyAsyncTrainer] _fit_update_weights, timing_s/param_sync: 1.4356 seconds self.current_param_version: 17
[36m(FullyAsyncTrainer pid=15034)[0m step:17 - fully_async/rollouter/active_time:215.57937788963318 - fully_async/rollouter/version_time:215.57937788963318 - fully_async/rollouter/idle_ratio:0 - fully_async/rollouter/step_generated_samples:62 - dynamic_resource/rollout_resource_utilization:0.9999990773670205
[36m(FullyAsyncRollouter pid=17033)[0m [FullyAsyncRollouter][RolloutResourceUtilization] raw active_count_history (timestamp, active_count, max_concurrent): [(1785027457.6701267, 15, 16), (1785027457.670289, 16, 16), (1785027464.034314, 15, 16), (1785027464.0343492, 16, 16), (1785027464.1975777, 15, 16), (1785027464.1976037, 16, 16), (1785027465.2644317, 15, 16), (1785027465.2644613, 16, 16), (1785027474.2165163, 15, 16), (1785027474.2165914, 16, 16), (1785027475.4188743, 15, 16), (1785027475.4189022, 16, 16), (1785027475.669143, 15, 16), (1785027475.66917, 16, 16), (1785027477.1879349, 15, 16), (1785027477.1879637, 16, 16), (1785027484.9875662, 15, 16), (1785027484.9876297, 16, 16), (1785027488.0857143, 15, 16), (1785027488.0857432, 16, 16), (1785027489.2220979, 15, 16), (1785027489.222126, 16, 16), (1785027491.0961587, 15, 16), (1785027491.096187, 16, 16), (1785027496.3796902, 15, 16), (1785027496.3797486, 16, 16), (1785027500.2419477, 15, 16), (1785027500.2419758, 16, 16), (1785027500.5952, 15, 16), (1785027500.5952296, 16, 16), (1785027503.2519507, 15, 16), (1785027503.2519803, 16, 16), (1785027504.8887777, 15, 16), (1785027504.888824, 16, 16), (1785027504.8932352, 15, 16), (1785027504.8932526, 16, 16), (1785027506.9124236, 15, 16), (1785027506.9124856, 16, 16), (1785027514.9657807, 15, 16), (1785027514.9658184, 16, 16), (1785027523.0683935, 15, 16), (1785027523.0684705, 16, 16), (1785027523.6152377, 15, 16), (1785027523.6152663, 16, 16), (1785027523.742069, 15, 16), (1785027523.7421002, 16, 16), (1785027526.5939233, 15, 16), (1785027526.5939584, 16, 16), (1785027531.88119, 15, 16), (1785027531.88122, 16, 16), (1785027533.0536904, 15, 16), (1785027533.0537136, 16, 16), (1785027535.1849275, 15, 16), (1785027535.1849759, 16, 16), (1785027542.3671217, 15, 16), (1785027542.367141, 16, 16), (1785027545.6662154, 15, 16), (1785027545.6662602, 16, 16), (1785027549.7187145, 15, 16), (1785027549.718736, 16, 16), (1785027552.2246602, 15, 16), (1785027552.2246833, 16, 16), (1785027552.3745122, 15, 16), (1785027552.3745327, 16, 16), (1785027555.334042, 15, 16), (1785027555.3340683, 16, 16), (1785027555.6634784, 15, 16), (1785027555.6635013, 16, 16), (1785027557.2559967, 15, 16), (1785027557.2560425, 16, 16), (1785027558.4316123, 15, 16), (1785027558.4316332, 16, 16), (1785027560.7197716, 15, 16), (1785027560.7197907, 16, 16), (1785027560.7225947, 15, 16), (1785027560.72261, 16, 16), (1785027568.1503112, 15, 16), (1785027568.150367, 16, 16), (1785027579.178564, 15, 16), (1785027579.1786242, 16, 16), (1785027579.2727845, 15, 16), (1785027579.272803, 16, 16), (1785027579.679448, 15, 16), (1785027579.6794686, 16, 16), (1785027582.9652343, 15, 16), (1785027582.9652553, 16, 16), (1785027584.052636, 15, 16), (1785027584.0526621, 16, 16), (1785027585.0811832, 15, 16), (1785027585.081205, 16, 16), (1785027588.4842446, 15, 16), (1785027588.4842668, 16, 16), (1785027592.6616566, 15, 16), (1785027592.6617017, 16, 16), (1785027595.1793, 15, 16), (1785027595.1793232, 16, 16), (1785027600.8643205, 15, 16), (1785027600.864342, 16, 16), (1785027603.5902524, 15, 16), (1785027603.590299, 16, 16), (1785027609.4512854, 15, 16), (1785027609.4513073, 16, 16), (1785027609.914382, 15, 16), (1785027609.9144025, 16, 16), (1785027612.3321264, 15, 16), (1785027612.3321486, 16, 16), (1785027612.4236543, 15, 16), (1785027612.423674, 16, 16), (1785027617.169855, 15, 16), (1785027617.1699026, 16, 16), (1785027618.5220315, 15, 16), (1785027618.5220518, 16, 16), (1785027623.1261106, 15, 16), (1785027623.1261327, 16, 16), (1785027640.6896846, 15, 16), (1785027640.6897364, 16, 16), (1785027643.8040295, 15, 16), (1785027643.804053, 16, 16), (1785027646.0095437, 15, 16), (1785027646.009565, 16, 16), (1785027648.0732841, 15, 16), (1785027648.0733051, 16, 16), (1785027651.924462, 15, 16), (1785027651.9245088, 16, 16), (1785027673.2485266, 15, 16), (1785027673.2495651, 15, 16)]
[36m(FullyAsyncRollouter pid=17033)[0m [FullyAsyncRollouter][Public][reset_staleness] reset staleness_samples to: 52 idle_ratio: 0.0000 step_generated_samples(this_step): 62 rollout_resource_utilization: 1.0000 recent_history(last 10 steps): [(9, 65), (10, 71), (11, 56), (12, 70), (13, 56), (14, 72), (15, 56), (16, 69), (17, 62), (18, 62)]
[36m(FullyAsyncTrainer pid=15034)[0m aggregated metrics done. cost 0.0004 seconds.
[36m(FullyAsyncTrainer pid=15034)[0m step:17 - training/global_step:16.0 - training/epoch:0.0 - fully_async/count/stale_trajectory_processed:4955.0 - fully_async/count/current_param_version:15.0 - fully_async/processing_time/avg:42.64240847721874 - fully_async/processing_time/max:77.65340696100066 - fully_async/processing_time/min:3.4819924060011544 - fully_async/processing_time/tp50:48.88152604199968 - fully_async/processing_time/tp99:77.58887219615923 - fully_async/processing_time/tp95:76.16494203114999 - fully_async/monitor/active_tasks_size:16.0 - fully_async/monitor/queue/pending_queue_size:128.0 - fully_async/monitor/queue/mq_queue_size:0.0 - fully_async/count/total_generated_samples:960.0 - fully_async/count/staleness_samples:80.0 - fully_async/count/dropped_stale_samples:0.0 - fully_async/static/max_required_samples:576.0 - fully_async/static/required_samples:64.0 - fully_async/static/staleness_threshold:8.0 - fully_async/static/max_queue_size:576.0 - fully_async/static/max_concurrent_samples:16.0 - fully_async/partial/total_partial_num:102.0 - fully_async/partial/partial_ratio:0.19921875 - fully_async/partial/max_partial_span:1.0 - timing_s/agent_loop/tool_calls/max:0.0 - timing_s/agent_loop/tool_calls/min:0.0 - timing_s/agent_loop/tool_calls/mean:0.0 - fully_async/total_wait_time:67.24450898170471 - actor/pg_clipfrac:0.0002683704150513222 - actor/ppo_kl:0.0006613114488269882 - actor/pg_clipfrac_lower:1.4062087151008502e-06 - actor/pg_loss:0.06759287355998822 - actor/loss:0.06759287416934967 - actor/grad_norm:0.028520703315734863 - actor/lr:1e-06 - actor/perf/max_memory_allocated_gb:40.25760555267334 - actor/perf/max_memory_reserved_gb:73.146484375 - actor/perf/cpu_memory_used_gb:51.232582092285156 - perf/mfu/actor:0.3227945186578758 - dynamic_resource/train_compute_time_s:116.62564993600063 - dynamic_resource/train_allocated_time_s:204.00854682922363 - critic/score/mean:-0.453125 - critic/score/max:1.0 - critic/score/min:-1.0 - critic/rewards/mean:-0.453125 - critic/rewards/max:1.0 - critic/rewards/min:-1.0 - critic/advantages/mean:-0.06757546961307526 - critic/advantages/max:2.474870204925537 - critic/advantages/min:-2.474870204925537 - critic/returns/mean:-0.06757546961307526 - critic/returns/max:2.474870204925537 - critic/returns/min:-2.474870204925537 - response_length/mean:5586.498046875 - response_length/max:8192.0 - response_length/min:487.0 - response_length/clip_ratio:0.41796875 - response_length_non_aborted/mean:5586.498046875 - response_length_non_aborted/max:8192.0 - response_length_non_aborted/min:487.0 - response_length_non_aborted/clip_ratio:0.41796875 - response/aborted_ratio:0.0 - prompt_length/mean:163.421875 - prompt_length/max:603.0 - prompt_length/min:74.0 - prompt_length/clip_ratio:0.0 - num_turns/min:2.0 - num_turns/max:2.0 - num_turns/mean:2.0 - timing_s/start_profile:5.914000212214887e-06 - timing_s/gen:68.06137324799965 - timing_s/reward:1.9315999452373944e-05 - timing_s/adv:0.009274795000237646 - timing_s/update_actor:116.61635582500094 - timing_s/timing_s/param_sync:1.7811326399987593 - timing_s/step:204.0085662929996 - timing_s/stop_profile:3.923998519894667e-06 - timing_per_token_ms/adv:3.1504497855566756e-06 - timing_per_token_ms/update_actor:0.039612085570825184 - timing_per_token_ms/gen:0.02379529510430235 - perf/total_num_tokens:2943959.0 - perf/time_per_step:204.0085662929996 - perf/throughput:7215.282802810962 - dynamic_resource/mq_size:39.0 - fully_async/trainer/idle_ratio:0.33362017333257016 - dynamic_resource/train_resource_utilization:0.5716704116010808 - dynamic_resource/rollout_resource_utilization:0.9999990773670205 - dynamic_resource/resource_utilization:0.7858347444840507
[36m(FullyAsyncTrainer pid=15034)[0m [FullyAsyncTrainer] Requesting 64 samples from queue
[36m(FullyAsyncTrainer pid=15034)[0m [FullyAsyncTrainer] sample collected 1/64. mq_len: 36
[36m(FullyAsyncTrainer pid=15034)[0m [FullyAsyncTrainer] sample collected 2/64. mq_len: 35
[36m(FullyAsyncTrainer pid=15034)[0m [FullyAsyncTrainer] sample collected 3/64. mq_len: 34
[36m(FullyAsyncTrainer pid=15034)[0m [FullyAsyncTrainer] sample collected 4/64. mq_len: 33
[36m(FullyAsyncTrainer pid=15034)[0m [FullyAsyncTrainer] sample collected 5/64. mq_len: 32
[36m(FullyAsyncTrainer pid=15034)[0m [FullyAsyncTrainer] sample collected 6/64. mq_len: 31
[36m(FullyAsyncTrainer pid=15034)[0m [FullyAsyncTrainer] sample collected 7/64. mq_len: 30
[36m(FullyAsyncTrainer pid=15034)[0m [FullyAsyncTrainer] sample collected 8/64. mq_len: 29
[36m(FullyAsyncTrainer pid=15034)[0m [FullyAsyncTrainer] sample collected 9/64. mq_len: 28
[36m(FullyAsyncTrainer pid=15034)[0m [FullyAsyncTrainer] sample collected 10/64. mq_len: 27
[36m(FullyAsyncTrainer pid=15034)[0m [FullyAsyncTrainer] sample collected 11/64. mq_len: 26
[36m(FullyAsyncTrainer pid=15034)[0m [FullyAsyncTrainer] sample collected 12/64. mq_len: 25
[36m(FullyAsyncTrainer pid=15034)[0m [FullyAsyncTrainer] sample collected 13/64. mq_len: 24
[36m(FullyAsyncTrainer pid=15034)[0m [FullyAsyncTrainer] sample collected 14/64. mq_len: 23
[36m(FullyAsyncTrainer pid=15034)[0m [FullyAsyncTrainer] sample collected 15/64. mq_len: 22
[36m(FullyAsyncTrainer pid=15034)[0m [FullyAsyncTrainer] sample collected 16/64. mq_len: 21
[36m(FullyAsyncTrainer pid=15034)[0m [FullyAsyncTrainer] sample collected 17/64. mq_len: 20
[36m(FullyAsyncTrainer pid=15034)[0m [FullyAsyncTrainer] sample collected 18/64. mq_len: 19
[36m(FullyAsyncTrainer pid=15034)[0m [FullyAsyncTrainer] sample collected 19/64. mq_len: 18
[36m(FullyAsyncTrainer pid=15034)[0m [FullyAsyncTrainer] sample collected 20/64. mq_len: 17
[36m(FullyAsyncTrainer pid=15034)[0m [FullyAsyncTrainer] sample collected 21/64. mq_len: 16
[36m(FullyAsyncTrainer pid=15034)[0m [FullyAsyncTrainer] sample collected 22/64. mq_len: 15
[36m(FullyAsyncTrainer pid=15034)[0m [FullyAsyncTrainer] sample collected 23/64. mq_len: 14
[36m(FullyAsyncTrainer pid=15034)[0m [FullyAsyncTrainer] sample collected 24/64. mq_len: 13
[36m(FullyAsyncTrainer pid=15034)[0m [FullyAsyncTrainer] sample collected 25/64. mq_len: 12
[36m(FullyAsyncTrainer pid=15034)[0m [FullyAsyncTrainer] sample collected 26/64. mq_len: 11
[36m(FullyAsyncTrainer pid=15034)[0m Training Progress:  21%|██▏       | 17/80 [1:05:46<3:50:01, 219.07s/it]
[36m(FullyAsyncTrainer pid=15034)[0m [FullyAsyncTrainer] sample collected 27/64. mq_len: 10
[36m(FullyAsyncTrainer pid=15034)[0m [FullyAsyncTrainer] sample collected 28/64. mq_len: 9
[36m(FullyAsyncTrainer pid=15034)[0m [FullyAsyncTrainer] sample collected 29/64. mq_len: 8
[36m(FullyAsyncTrainer pid=15034)[0m [FullyAsyncTrainer] sample collected 30/64. mq_len: 7
[36m(FullyAsyncTrainer pid=15034)[0m [FullyAsyncTrainer] sample collected 31/64. mq_len: 6
[36m(FullyAsyncTrainer pid=15034)[0m [FullyAsyncTrainer] sample collected 32/64. mq_len: 5
[36m(FullyAsyncTrainer pid=15034)[0m [FullyAsyncTrainer] sample collected 33/64. mq_len: 4
[36m(FullyAsyncTrainer pid=15034)[0m [FullyAsyncTrainer] sample collected 34/64. mq_len: 3
[36m(FullyAsyncTrainer pid=15034)[0m [FullyAsyncTrainer] sample collected 35/64. mq_len: 2
[36m(FullyAsyncTrainer pid=15034)[0m [FullyAsyncTrainer] sample collected 36/64. mq_len: 1
[36m(FullyAsyncTrainer pid=15034)[0m [FullyAsyncTrainer] sample collected 37/64. mq_len: 0
[36m(FullyAsyncTrainer pid=15034)[0m [FullyAsyncTrainer] sample collected 38/64. mq_len: 0
[36m(FullyAsyncTrainer pid=15034)[0m [FullyAsyncTrainer] sample collected 39/64. mq_len: 0
[36m(FullyAsyncRollouter pid=17033)[0m [FullyAsyncRollouter][MonitorLoop][Statistics] {'count/dropped_stale_samples': 0,
[36m(FullyAsyncRollouter pid=17033)[0m  'count/staleness_samples': 55,
[36m(FullyAsyncRollouter pid=17033)[0m  'count/total_generated_samples': 1127,
[36m(FullyAsyncRollouter pid=17033)[0m  'monitor/active_tasks_size': 16,
[36m(FullyAsyncRollouter pid=17033)[0m  'monitor/queue/mq_queue_size': 0,
[36m(FullyAsyncRollouter pid=17033)[0m  'monitor/queue/pending_queue_size': 128,
[36m(FullyAsyncRollouter pid=17033)[0m  'static/max_concurrent_samples': 16,
[36m(FullyAsyncRollouter pid=17033)[0m  'static/max_queue_size': 576,
[36m(FullyAsyncRollouter pid=17033)[0m  'static/max_required_samples': 576,
[36m(FullyAsyncRollouter pid=17033)[0m  'static/required_samples': 64,
[36m(FullyAsyncRollouter pid=17033)[0m  'static/staleness_threshold': 8}
[36m(FullyAsyncTrainer pid=15034)[0m [FullyAsyncTrainer] sample collected 40/64. mq_len: 0
[36m(FullyAsyncTrainer pid=15034)[0m [FullyAsyncTrainer] sample collected 41/64. mq_len: 0
[36m(FullyAsyncTrainer pid=15034)[0m [FullyAsyncTrainer] sample collected 42/64. mq_len: 0
[36m(FullyAsyncTrainer pid=15034)[0m [FullyAsyncTrainer] sample collected 43/64. mq_len: 0
[36m(FullyAsyncTrainer pid=15034)[0m [FullyAsyncTrainer] sample collected 44/64. mq_len: 0
[36m(FullyAsyncTrainer pid=15034)[0m [FullyAsyncTrainer] sample collected 45/64. mq_len: 0
[36m(FullyAsyncTrainer pid=15034)[0m [FullyAsyncTrainer] sample collected 46/64. mq_len: 0
[36m(FullyAsyncTrainer pid=15034)[0m [FullyAsyncTrainer] sample collected 47/64. mq_len: 0
[36m(FullyAsyncTrainer pid=15034)[0m [FullyAsyncTrainer] sample collected 48/64. mq_len: 0
[36m(FullyAsyncTrainer pid=15034)[0m [FullyAsyncTrainer] sample collected 49/64. mq_len: 0
[36m(FullyAsyncTrainer pid=15034)[0m [FullyAsyncTrainer] sample collected 50/64. mq_len: 0
[36m(FullyAsyncTrainer pid=15034)[0m [FullyAsyncTrainer] sample collected 51/64. mq_len: 0
[36m(FullyAsyncTrainer pid=15034)[0m [FullyAsyncTrainer] sample collected 52/64. mq_len: 0
[36m(FullyAsyncTrainer pid=15034)[0m [FullyAsyncTrainer] sample collected 53/64. mq_len: 0
[36m(FullyAsyncTrainer pid=15034)[0m [FullyAsyncTrainer] sample collected 54/64. mq_len: 0
[36m(FullyAsyncTrainer pid=15034)[0m [FullyAsyncTrainer] sample collected 55/64. mq_len: 0
[36m(FullyAsyncTrainer pid=15034)[0m [FullyAsyncTrainer] sample collected 56/64. mq_len: 0
[36m(FullyAsyncTrainer pid=15034)[0m [FullyAsyncTrainer] sample collected 57/64. mq_len: 0
[36m(FullyAsyncTrainer pid=15034)[0m [FullyAsyncTrainer] sample collected 58/64. mq_len: 0
[36m(FullyAsyncTrainer pid=15034)[0m [FullyAsyncTrainer] sample collected 59/64. mq_len: 0
[36m(FullyAsyncTrainer pid=15034)[0m [FullyAsyncTrainer] sample collected 60/64. mq_len: 0
[36m(FullyAsyncTrainer pid=15034)[0m [FullyAsyncTrainer] sample collected 61/64. mq_len: 0
[36m(FullyAsyncTrainer pid=15034)[0m [FullyAsyncTrainer] sample collected 62/64. mq_len: 0
[36m(FullyAsyncTrainer pid=15034)[0m [FullyAsyncTrainer] sample collected 63/64. mq_len: 0
[36m(FullyAsyncTrainer pid=15034)[0m [FullyAsyncTrainer] sample collected 64/64. mq_len: 0
[36m(FullyAsyncTrainer pid=15034)[0m [FullyAsyncTrainer] Collected 64/64 samples. mq_len: 0
[36m(FullyAsyncTrainer pid=15034)[0m [FullyAsyncTrainer] Loop collection completed: 64/64 samples, total wait time: 74.39 seconds. mq_len: 0
[36m(FullyAsyncTrainer pid=15034)[0m [BatchUtils] Assembling batch from 64 RolloutSample objects
[36m(FullyAsyncTrainer pid=15034)[0m [BatchUtils] Batch assembly completed in 0.24s
[36m(FullyAsyncRollouter pid=17033)[0m [FullyAsyncRollouter][MonitorLoop][Statistics] {'count/dropped_stale_samples': 0,
[36m(FullyAsyncRollouter pid=17033)[0m  'count/staleness_samples': 81,
[36m(FullyAsyncRollouter pid=17033)[0m  'count/total_generated_samples': 1153,
[36m(FullyAsyncRollouter pid=17033)[0m  'monitor/active_tasks_size': 16,
[36m(FullyAsyncRollouter pid=17033)[0m  'monitor/queue/mq_queue_size': 1,
[36m(FullyAsyncRollouter pid=17033)[0m  'monitor/queue/pending_queue_size': 128,
[36m(FullyAsyncRollouter pid=17033)[0m  'static/max_concurrent_samples': 16,
[36m(FullyAsyncRollouter pid=17033)[0m  'static/max_queue_size': 576,
[36m(FullyAsyncRollouter pid=17033)[0m  'static/max_required_samples': 576,
[36m(FullyAsyncRollouter pid=17033)[0m  'static/required_samples': 64,
[36m(FullyAsyncRollouter pid=17033)[0m  'static/staleness_threshold': 8}
[36m(FullyAsyncRollouter pid=17033)[0m [FullyAsyncRollouter][MonitorLoop][Statistics] {'count/dropped_stale_samples': 0,
[36m(FullyAsyncRollouter pid=17033)[0m  'count/staleness_samples': 105,
[36m(FullyAsyncRollouter pid=17033)[0m  'count/total_generated_samples': 1177,
[36m(FullyAsyncRollouter pid=17033)[0m  'monitor/active_tasks_size': 16,
[36m(FullyAsyncRollouter pid=17033)[0m  'monitor/queue/mq_queue_size': 25,
[36m(FullyAsyncRollouter pid=17033)[0m  'monitor/queue/pending_queue_size': 128,
[36m(FullyAsyncRollouter pid=17033)[0m  'static/max_concurrent_samples': 16,
[36m(FullyAsyncRollouter pid=17033)[0m  'static/max_queue_size': 576,
[36m(FullyAsyncRollouter pid=17033)[0m  'static/max_required_samples': 576,
[36m(FullyAsyncRollouter pid=17033)[0m  'static/required_samples': 64,
[36m(FullyAsyncRollouter pid=17033)[0m  'static/staleness_threshold': 8}
[36m(FullyAsyncTrainer pid=15034)[0m [FullyAsyncTrainer] global_steps: 18 local_trigger_step: 1 trigger_parameter_sync_step: 1 01:04:29.629
[36m(vLLMHttpServer pid=19207)[0m (Worker pid=20572) WARNING 07-26 01:04:30 [layerwise.py:225] RotaryEmbedding: Failed to load weights
[36m(vLLMHttpServer pid=19207)[0m (EngineCore pid=20179) WARNING 07-26 01:04:30 [scheduler.py:1919] reset_connector called but no KV connector is configured.
[36m(FullyAsyncTrainer pid=15034)[0m [FullyAsyncTrainer] _fit_update_weights, timing_s/param_sync: 1.2327 seconds self.current_param_version: 18
[36m(FullyAsyncTrainer pid=15034)[0m step:18 - fully_async/rollouter/active_time:215.01396226882935 - fully_async/rollouter/version_time:215.01396226882935 - fully_async/rollouter/idle_ratio:0 - fully_async/rollouter/step_generated_samples:66 - dynamic_resource/rollout_resource_utilization:0.9999990741091559
[36m(FullyAsyncTrainer pid=15034)[0m aggregated metrics done. cost 0.0002 seconds.
[36m(FullyAsyncTrainer pid=15034)[0m step:18 - training/global_step:17.0 - training/epoch:0.0 - fully_async/count/stale_trajectory_processed:5293.0 - fully_async/count/current_param_version:16.0 - fully_async/processing_time/avg:42.629577884722686 - fully_async/processing_time/max:79.24557514300068 - fully_async/processing_time/min:3.7091340590013715 - fully_async/processing_time/tp50:47.78211253800055 - fully_async/processing_time/tp99:79.04534550599105 - fully_async/processing_time/tp95:76.87884124945103 - fully_async/monitor/active_tasks_size:16.0 - fully_async/monitor/queue/pending_queue_size:128.0 - fully_async/monitor/queue/mq_queue_size:0.0 - fully_async/count/total_generated_samples:1024.0 - fully_async/count/staleness_samples:80.0 - fully_async/count/dropped_stale_samples:0.0 - fully_async/static/max_required_samples:576.0 - fully_async/static/required_samples:64.0 - fully_async/static/staleness_threshold:8.0 - fully_async/static/max_queue_size:576.0 - fully_async/static/max_concurrent_samples:16.0 - fully_async/partial/total_partial_num:94.0 - fully_async/partial/partial_ratio:0.18359375 - fully_async/partial/max_partial_span:1.0 - timing_s/agent_loop/tool_calls/max:0.0 - timing_s/agent_loop/tool_calls/min:0.0 - timing_s/agent_loop/tool_calls/mean:0.0 - fully_async/total_wait_time:75.3532235622406 - actor/pg_clipfrac:0.0003110096796098944 - actor/ppo_kl:0.0006572755836878357 - actor/pg_clipfrac_lower:1.3843063705459573e-06 - actor/pg_loss:0.06824396125375642 - actor/loss:0.06824396550655365 - actor/grad_norm:0.026923546567559242 - actor/lr:1e-06 - actor/perf/max_memory_allocated_gb:40.25760555267334 - actor/perf/max_memory_reserved_gb:73.146484375 - actor/perf/cpu_memory_used_gb:51.58020782470703 - perf/mfu/actor:0.3229024262127024 - dynamic_resource/train_compute_time_s:118.31747548099884 - dynamic_resource/train_allocated_time_s:215.5446298122406 - critic/score/mean:-0.49609375 - critic/score/max:1.0 - critic/score/min:-1.0 - critic/rewards/mean:-0.49609375 - critic/rewards/max:1.0 - critic/rewards/min:-1.0 - critic/advantages/mean:-0.06824351847171783 - critic/advantages/max:2.474870204925537 - critic/advantages/min:-2.474870204925537 - critic/returns/mean:-0.06824351847171783 - critic/returns/max:2.474870204925537 - critic/returns/min:-2.474870204925537 - response_length/mean:5687.251953125 - response_length/max:8192.0 - response_length/min:519.0 - response_length/clip_ratio:0.408203125 - response_length_non_aborted/mean:5687.251953125 - response_length_non_aborted/max:8192.0 - response_length_non_aborted/min:519.0 - response_length_non_aborted/clip_ratio:0.408203125 - response/aborted_ratio:0.0 - prompt_length/mean:153.53125 - prompt_length/max:466.0 - prompt_length/min:85.0 - prompt_length/clip_ratio:0.0 - num_turns/min:2.0 - num_turns/max:2.0 - num_turns/mean:2.0 - timing_s/start_profile:5.294999937177636e-06 - timing_s/gen:75.68653825300134 - timing_s/reward:1.843399877543561e-05 - timing_s/adv:0.009797443000934436 - timing_s/update_actor:118.30765960399913 - timing_s/timing_s/param_sync:1.4355595689994516 - timing_s/step:215.54464775999986 - timing_s/stop_profile:5.750998752773739e-06 - timing_per_token_ms/adv:3.2762097471725905e-06 - timing_per_token_ms/update_actor:0.039561414904157266 - timing_per_token_ms/gen:0.025992389864874375 - perf/total_num_tokens:2990481.0 - perf/time_per_step:215.54464775999986 - perf/throughput:6937.033767894293 - dynamic_resource/mq_size:37.0 - fully_async/trainer/idle_ratio:0.3511408844504235 - dynamic_resource/train_resource_utilization:0.54892332777701 - dynamic_resource/rollout_resource_utilization:0.9999990741091559 - dynamic_resource/resource_utilization:0.7744612009430829
[36m(FullyAsyncTrainer pid=15034)[0m [FullyAsyncTrainer] Requesting 64 samples from queue
[36m(FullyAsyncTrainer pid=15034)[0m [FullyAsyncTrainer] sample collected 1/64. mq_len: 38
[36m(FullyAsyncTrainer pid=15034)[0m [FullyAsyncTrainer] sample collected 2/64. mq_len: 37
[36m(FullyAsyncTrainer pid=15034)[0m [FullyAsyncTrainer] sample collected 3/64. mq_len: 36
[36m(FullyAsyncTrainer pid=15034)[0m [FullyAsyncTrainer] sample collected 4/64. mq_len: 35
[36m(FullyAsyncTrainer pid=15034)[0m [FullyAsyncTrainer] sample collected 5/64. mq_len: 34
[36m(FullyAsyncTrainer pid=15034)[0m [FullyAsyncTrainer] sample collected 6/64. mq_len: 33
[36m(FullyAsyncTrainer pid=15034)[0m Training Progress:  22%|██▎       | 18/80 [1:09:21<3:45:06, 217.85s/it]
[36m(FullyAsyncRollouter pid=17033)[0m [FullyAsyncRollouter][RolloutResourceUtilization] raw active_count_history (timestamp, active_count, max_concurrent): [(1785027673.249879, 15, 16), (1785027673.2500215, 16, 16), (1785027675.3417692, 15, 16), (1785027675.3417916, 16, 16), (1785027677.2483435, 15, 16), (1785027677.2483745, 16, 16), (1785027683.4962776, 15, 16), (1785027683.4963236, 16, 16), (1785027683.8056545, 15, 16), (1785027683.8056748, 16, 16), (1785027685.6552384, 15, 16), (1785027685.6552596, 16, 16), (1785027686.1839385, 15, 16), (1785027686.1839604, 16, 16), (1785027691.5416145, 15, 16), (1785027691.5416377, 16, 16), (1785027692.4987886, 15, 16), (1785027692.4988194, 16, 16), (1785027694.2584827, 15, 16), (1785027694.258529, 16, 16), (1785027694.482246, 15, 16), (1785027694.4822679, 16, 16), (1785027701.0335052, 15, 16), (1785027701.0335264, 16, 16), (1785027702.9876227, 15, 16), (1785027702.987644, 16, 16), (1785027706.4095583, 15, 16), (1785027706.4096034, 16, 16), (1785027713.200257, 15, 16), (1785027713.2002807, 16, 16), (1785027713.4778204, 15, 16), (1785027713.4778416, 16, 16), (1785027716.3754644, 15, 16), (1785027716.3754873, 16, 16), (1785027717.1461263, 15, 16), (1785027717.1461737, 16, 16), (1785027717.1689644, 15, 16), (1785027717.1689818, 16, 16), (1785027726.915012, 15, 16), (1785027726.915033, 16, 16), (1785027730.8291728, 15, 16), (1785027730.8292196, 16, 16), (1785027732.6241696, 15, 16), (1785027732.6241918, 16, 16), (1785027737.5185535, 15, 16), (1785027737.5185745, 16, 16), (1785027737.5454738, 15, 16), (1785027737.54549, 16, 16), (1785027740.5536232, 15, 16), (1785027740.5536451, 16, 16), (1785027746.1812725, 15, 16), (1785027746.1813197, 16, 16), (1785027746.9182127, 15, 16), (1785027746.918236, 16, 16), (1785027747.678707, 15, 16), (1785027747.678729, 16, 16), (1785027747.7785523, 15, 16), (1785027747.7785718, 16, 16), (1785027756.6612277, 15, 16), (1785027756.6612728, 16, 16), (1785027758.8052487, 15, 16), (1785027758.80527, 16, 16), (1785027760.4540083, 15, 16), (1785027760.4540298, 16, 16), (1785027767.9168968, 15, 16), (1785027767.9169428, 16, 16), (1785027767.968141, 15, 16), (1785027767.96816, 16, 16), (1785027770.8420215, 15, 16), (1785027770.8420415, 16, 16), (1785027771.0282834, 15, 16), (1785027771.0283058, 16, 16), (1785027781.8975794, 15, 16), (1785027781.8976235, 16, 16), (1785027786.6085148, 15, 16), (1785027786.6085377, 16, 16), (1785027788.526829, 15, 16), (1785027788.5268555, 16, 16), (1785027795.1378844, 15, 16), (1785027795.1379297, 16, 16), (1785027795.2836273, 15, 16), (1785027795.2836468, 16, 16), (1785027797.6288042, 15, 16), (1785027797.6288347, 16, 16), (1785027804.7231722, 15, 16), (1785027804.7231934, 16, 16), (1785027805.3271928, 15, 16), (1785027805.3272471, 16, 16), (1785027805.360391, 15, 16), (1785027805.3604083, 16, 16), (1785027806.9149652, 15, 16), (1785027806.9149897, 16, 16), (1785027809.479189, 15, 16), (1785027809.4792106, 16, 16), (1785027813.824723, 15, 16), (1785027813.8247507, 16, 16), (1785027813.82853, 15, 16), (1785027813.8285458, 16, 16), (1785027815.7025533, 15, 16), (1785027815.7026167, 16, 16), (1785027817.563313, 15, 16), (1785027817.5633423, 16, 16), (1785027822.9937465, 15, 16), (1785027822.9937732, 16, 16), (1785027823.0697846, 15, 16), (1785027823.0698054, 16, 16), (1785027830.0623145, 15, 16), (1785027830.062374, 16, 16), (1785027830.186489, 15, 16), (1785027830.1865237, 16, 16), (1785027836.8802822, 15, 16), (1785027836.880312, 16, 16), (1785027840.039871, 15, 16), (1785027840.0398993, 16, 16), (1785027841.8360405, 15, 16), (1785027841.8361008, 16, 16), (1785027848.9611557, 15, 16), (1785027848.9611838, 16, 16), (1785027849.0794826, 15, 16), (1785027849.0795054, 16, 16), (1785027851.9713848, 15, 16), (1785027851.9714434, 16, 16), (1785027855.7811174, 15, 16), (1785027855.7811468, 16, 16), (1785027859.9517565, 15, 16), (1785027859.9517846, 16, 16), (1785027860.2342007, 15, 16), (1785027860.2342284, 16, 16), (1785027861.4283454, 15, 16), (1785027861.4283772, 16, 16), (1785027862.6356514, 15, 16), (1785027862.6357107, 16, 16), (1785027888.262829, 15, 16), (1785027888.2639, 15, 16)]
[36m(FullyAsyncRollouter pid=17033)[0m [FullyAsyncRollouter][Public][reset_staleness] reset staleness_samples to: 54 idle_ratio: 0.0000 step_generated_samples(this_step): 66 rollout_resource_utilization: 1.0000 recent_history(last 10 steps): [(10, 71), (11, 56), (12, 70), (13, 56), (14, 72), (15, 56), (16, 69), (17, 62), (18, 62), (19, 66)]
[36m(FullyAsyncTrainer pid=15034)[0m [FullyAsyncTrainer] sample collected 7/64. mq_len: 32
[36m(FullyAsyncTrainer pid=15034)[0m [FullyAsyncTrainer] sample collected 8/64. mq_len: 31
[36m(FullyAsyncTrainer pid=15034)[0m [FullyAsyncTrainer] sample collected 9/64. mq_len: 30
[36m(FullyAsyncTrainer pid=15034)[0m [FullyAsyncTrainer] sample collected 10/64. mq_len: 29
[36m(FullyAsyncTrainer pid=15034)[0m [FullyAsyncTrainer] sample collected 11/64. mq_len: 28
[36m(FullyAsyncTrainer pid=15034)[0m [FullyAsyncTrainer] sample collected 12/64. mq_len: 27
[36m(FullyAsyncTrainer pid=15034)[0m [FullyAsyncTrainer] sample collected 13/64. mq_len: 26
[36m(FullyAsyncTrainer pid=15034)[0m [FullyAsyncTrainer] sample collected 14/64. mq_len: 25
[36m(FullyAsyncTrainer pid=15034)[0m [FullyAsyncTrainer] sample collected 15/64. mq_len: 24
[36m(FullyAsyncTrainer pid=15034)[0m [FullyAsyncTrainer] sample collected 16/64. mq_len: 23
[36m(FullyAsyncTrainer pid=15034)[0m [FullyAsyncTrainer] sample collected 17/64. mq_len: 22
[36m(FullyAsyncTrainer pid=15034)[0m [FullyAsyncTrainer] sample collected 18/64. mq_len: 21
[36m(FullyAsyncTrainer pid=15034)[0m [FullyAsyncTrainer] sample collected 19/64. mq_len: 20
[36m(FullyAsyncTrainer pid=15034)[0m [FullyAsyncTrainer] sample collected 20/64. mq_len: 19
[36m(FullyAsyncTrainer pid=15034)[0m [FullyAsyncTrainer] sample collected 21/64. mq_len: 18
[36m(FullyAsyncTrainer pid=15034)[0m [FullyAsyncTrainer] sample collected 22/64. mq_len: 17
[36m(FullyAsyncTrainer pid=15034)[0m [FullyAsyncTrainer] sample collected 23/64. mq_len: 16
[36m(FullyAsyncTrainer pid=15034)[0m [FullyAsyncTrainer] sample collected 24/64. mq_len: 15
[36m(FullyAsyncTrainer pid=15034)[0m [FullyAsyncTrainer] sample collected 25/64. mq_len: 14
[36m(FullyAsyncTrainer pid=15034)[0m [FullyAsyncTrainer] sample collected 26/64. mq_len: 13
[36m(FullyAsyncTrainer pid=15034)[0m [FullyAsyncTrainer] sample collected 27/64. mq_len: 12
[36m(FullyAsyncTrainer pid=15034)[0m [FullyAsyncTrainer] sample collected 28/64. mq_len: 11
[36m(FullyAsyncTrainer pid=15034)[0m [FullyAsyncTrainer] sample collected 29/64. mq_len: 10
[36m(FullyAsyncTrainer pid=15034)[0m [FullyAsyncTrainer] sample collected 30/64. mq_len: 9
[36m(FullyAsyncTrainer pid=15034)[0m [FullyAsyncTrainer] sample collected 31/64. mq_len: 8
[36m(FullyAsyncTrainer pid=15034)[0m [FullyAsyncTrainer] sample collected 32/64. mq_len: 7
[36m(FullyAsyncTrainer pid=15034)[0m [FullyAsyncTrainer] sample collected 33/64. mq_len: 6
[36m(FullyAsyncTrainer pid=15034)[0m [FullyAsyncTrainer] sample collected 34/64. mq_len: 5
[36m(FullyAsyncTrainer pid=15034)[0m [FullyAsyncTrainer] sample collected 35/64. mq_len: 4
[36m(FullyAsyncTrainer pid=15034)[0m [FullyAsyncTrainer] sample collected 36/64. mq_len: 3
[36m(FullyAsyncTrainer pid=15034)[0m [FullyAsyncTrainer] sample collected 37/64. mq_len: 2
[36m(FullyAsyncTrainer pid=15034)[0m [FullyAsyncTrainer] sample collected 38/64. mq_len: 1
[36m(FullyAsyncTrainer pid=15034)[0m [FullyAsyncTrainer] sample collected 39/64. mq_len: 0
[36m(FullyAsyncTrainer pid=15034)[0m [FullyAsyncTrainer] sample collected 40/64. mq_len: 0
[36m(FullyAsyncRollouter pid=17033)[0m [FullyAsyncRollouter][MonitorLoop][Statistics] {'count/dropped_stale_samples': 0,
[36m(FullyAsyncRollouter pid=17033)[0m  'count/staleness_samples': 56,
[36m(FullyAsyncRollouter pid=17033)[0m  'count/total_generated_samples': 1192,
[36m(FullyAsyncRollouter pid=17033)[0m  'monitor/active_tasks_size': 16,
[36m(FullyAsyncRollouter pid=17033)[0m  'monitor/queue/mq_queue_size': 0,
[36m(FullyAsyncRollouter pid=17033)[0m  'monitor/queue/pending_queue_size': 128,
[36m(FullyAsyncRollouter pid=17033)[0m  'static/max_concurrent_samples': 16,
[36m(FullyAsyncRollouter pid=17033)[0m  'static/max_queue_size': 576,
[36m(FullyAsyncRollouter pid=17033)[0m  'static/max_required_samples': 576,
[36m(FullyAsyncRollouter pid=17033)[0m  'static/required_samples': 64,
[36m(FullyAsyncRollouter pid=17033)[0m  'static/staleness_threshold': 8}
[36m(FullyAsyncTrainer pid=15034)[0m [FullyAsyncTrainer] sample collected 41/64. mq_len: 0
[36m(FullyAsyncTrainer pid=15034)[0m [FullyAsyncTrainer] sample collected 42/64. mq_len: 0
[36m(FullyAsyncTrainer pid=15034)[0m [FullyAsyncTrainer] sample collected 43/64. mq_len: 0
[36m(FullyAsyncTrainer pid=15034)[0m [FullyAsyncTrainer] sample collected 44/64. mq_len: 0
[36m(FullyAsyncTrainer pid=15034)[0m [FullyAsyncTrainer] sample collected 45/64. mq_len: 0
[36m(FullyAsyncTrainer pid=15034)[0m [FullyAsyncTrainer] sample collected 46/64. mq_len: 0
[36m(FullyAsyncTrainer pid=15034)[0m [FullyAsyncTrainer] sample collected 47/64. mq_len: 0
[36m(FullyAsyncTrainer pid=15034)[0m [FullyAsyncTrainer] sample collected 48/64. mq_len: 0
[36m(MessageQueue pid=23825)[0m MessageQueue stats: produced=1200, queue_size=1
[36m(FullyAsyncTrainer pid=15034)[0m [FullyAsyncTrainer] sample collected 49/64. mq_len: 0
[36m(FullyAsyncTrainer pid=15034)[0m [FullyAsyncTrainer] sample collected 50/64. mq_len: 0
[36m(FullyAsyncTrainer pid=15034)[0m [FullyAsyncTrainer] sample collected 51/64. mq_len: 0
[36m(FullyAsyncTrainer pid=15034)[0m [FullyAsyncTrainer] sample collected 52/64. mq_len: 0
[36m(FullyAsyncTrainer pid=15034)[0m [FullyAsyncTrainer] sample collected 53/64. mq_len: 0
[36m(FullyAsyncTrainer pid=15034)[0m [FullyAsyncTrainer] sample collected 54/64. mq_len: 0
[36m(FullyAsyncTrainer pid=15034)[0m [FullyAsyncTrainer] sample collected 55/64. mq_len: 0
[36m(FullyAsyncTrainer pid=15034)[0m [FullyAsyncTrainer] sample collected 56/64. mq_len: 0
[36m(FullyAsyncTrainer pid=15034)[0m [FullyAsyncTrainer] sample collected 57/64. mq_len: 0
[36m(FullyAsyncRollouter pid=17033)[0m [FullyAsyncRollouter][MonitorLoop][Statistics] {'count/dropped_stale_samples': 0,
[36m(FullyAsyncRollouter pid=17033)[0m  'count/staleness_samples': 73,
[36m(FullyAsyncRollouter pid=17033)[0m  'count/total_generated_samples': 1209,
[36m(FullyAsyncRollouter pid=17033)[0m  'monitor/active_tasks_size': 16,
[36m(FullyAsyncRollouter pid=17033)[0m  'monitor/queue/mq_queue_size': 0,
[36m(FullyAsyncRollouter pid=17033)[0m  'monitor/queue/pending_queue_size': 128,
[36m(FullyAsyncRollouter pid=17033)[0m  'static/max_concurrent_samples': 16,
[36m(FullyAsyncRollouter pid=17033)[0m  'static/max_queue_size': 576,
[36m(FullyAsyncRollouter pid=17033)[0m  'static/max_required_samples': 576,
[36m(FullyAsyncRollouter pid=17033)[0m  'static/required_samples': 64,
[36m(FullyAsyncRollouter pid=17033)[0m  'static/staleness_threshold': 8}
[36m(FullyAsyncTrainer pid=15034)[0m [FullyAsyncTrainer] sample collected 58/64. mq_len: 0
[36m(FullyAsyncTrainer pid=15034)[0m [FullyAsyncTrainer] sample collected 59/64. mq_len: 0
[36m(FullyAsyncTrainer pid=15034)[0m [FullyAsyncTrainer] sample collected 60/64. mq_len: 0
[36m(FullyAsyncTrainer pid=15034)[0m [FullyAsyncTrainer] sample collected 61/64. mq_len: 0
[36m(FullyAsyncTrainer pid=15034)[0m [FullyAsyncTrainer] sample collected 62/64. mq_len: 0
[36m(FullyAsyncTrainer pid=15034)[0m [FullyAsyncTrainer] sample collected 63/64. mq_len: 0
[36m(FullyAsyncTrainer pid=15034)[0m [FullyAsyncTrainer] sample collected 64/64. mq_len: 0
[36m(FullyAsyncTrainer pid=15034)[0m [FullyAsyncTrainer] Collected 64/64 samples. mq_len: 0
[36m(FullyAsyncTrainer pid=15034)[0m [FullyAsyncTrainer] Loop collection completed: 64/64 samples, total wait time: 91.65 seconds. mq_len: 0
[36m(FullyAsyncTrainer pid=15034)[0m [BatchUtils] Assembling batch from 64 RolloutSample objects
[36m(FullyAsyncTrainer pid=15034)[0m [BatchUtils] Batch assembly completed in 0.22s
[36m(FullyAsyncRollouter pid=17033)[0m [FullyAsyncRollouter][MonitorLoop][Statistics] {'count/dropped_stale_samples': 0,
[36m(FullyAsyncRollouter pid=17033)[0m  'count/staleness_samples': 94,
[36m(FullyAsyncRollouter pid=17033)[0m  'count/total_generated_samples': 1230,
[36m(FullyAsyncRollouter pid=17033)[0m  'monitor/active_tasks_size': 16,
[36m(FullyAsyncRollouter pid=17033)[0m  'monitor/queue/mq_queue_size': 14,
[36m(FullyAsyncRollouter pid=17033)[0m  'monitor/queue/pending_queue_size': 128,
[36m(FullyAsyncRollouter pid=17033)[0m  'static/max_concurrent_samples': 16,
[36m(FullyAsyncRollouter pid=17033)[0m  'static/max_queue_size': 576,
[36m(FullyAsyncRollouter pid=17033)[0m  'static/max_required_samples': 576,
[36m(FullyAsyncRollouter pid=17033)[0m  'static/required_samples': 64,
[36m(FullyAsyncRollouter pid=17033)[0m  'static/staleness_threshold': 8}
[36m(FullyAsyncRollouter pid=17033)[0m [FullyAsyncRollouter][MonitorLoop][Statistics] {'count/dropped_stale_samples': 0,
[36m(FullyAsyncRollouter pid=17033)[0m  'count/staleness_samples': 118,
[36m(FullyAsyncRollouter pid=17033)[0m  'count/total_generated_samples': 1254,
[36m(FullyAsyncRollouter pid=17033)[0m  'monitor/active_tasks_size': 16,
[36m(FullyAsyncRollouter pid=17033)[0m  'monitor/queue/mq_queue_size': 38,
[36m(FullyAsyncRollouter pid=17033)[0m  'monitor/queue/pending_queue_size': 128,
[36m(FullyAsyncRollouter pid=17033)[0m  'static/max_concurrent_samples': 16,
[36m(FullyAsyncRollouter pid=17033)[0m  'static/max_queue_size': 576,
[36m(FullyAsyncRollouter pid=17033)[0m  'static/max_required_samples': 576,
[36m(FullyAsyncRollouter pid=17033)[0m  'static/required_samples': 64,
[36m(FullyAsyncRollouter pid=17033)[0m  'static/staleness_threshold': 8}
[36m(FullyAsyncTrainer pid=15034)[0m [FullyAsyncTrainer] global_steps: 19 local_trigger_step: 1 trigger_parameter_sync_step: 1 01:08:26.646
[36m(vLLMHttpServer pid=19207)[0m (Worker pid=20572) WARNING 07-26 01:08:28 [layerwise.py:225] RotaryEmbedding: Failed to load weights
[36m(vLLMHttpServer pid=19207)[0m (EngineCore pid=20179) WARNING 07-26 01:08:28 [scheduler.py:1919] reset_connector called but no KV connector is configured.
[36m(FullyAsyncTrainer pid=15034)[0m [FullyAsyncTrainer] _fit_update_weights, timing_s/param_sync: 1.4759 seconds self.current_param_version: 19
[36m(FullyAsyncTrainer pid=15034)[0m step:19 - fully_async/rollouter/active_time:228.20201635360718 - fully_async/rollouter/version_time:228.20201635360718 - fully_async/rollouter/idle_ratio:0 - fully_async/rollouter/step_generated_samples:64 - dynamic_resource/rollout_resource_utilization:0.9999990670860992
[36m(FullyAsyncTrainer pid=15034)[0m aggregated metrics done. cost 0.0003 seconds.
[36m(FullyAsyncTrainer pid=15034)[0m step:19 - training/global_step:18.0 - training/epoch:0.0 - fully_async/count/stale_trajectory_processed:5600.0 - fully_async/count/current_param_version:17.0 - fully_async/processing_time/avg:44.444711184626996 - fully_async/processing_time/max:82.62213086699921 - fully_async/processing_time/min:2.979818507001255 - fully_async/processing_time/tp50:50.13414034299967 - fully_async/processing_time/tp99:82.54881440215908 - fully_async/processing_time/tp95:82.33850278905001 - fully_async/monitor/active_tasks_size:16.0 - fully_async/monitor/queue/pending_queue_size:128.0 - fully_async/monitor/queue/mq_queue_size:0.0 - fully_async/count/total_generated_samples:1088.0 - fully_async/count/staleness_samples:80.0 - fully_async/count/dropped_stale_samples:0.0 - fully_async/static/max_required_samples:576.0 - fully_async/static/required_samples:64.0 - fully_async/static/staleness_threshold:8.0 - fully_async/static/max_queue_size:576.0 - fully_async/static/max_concurrent_samples:16.0 - fully_async/partial/total_partial_num:101.0 - fully_async/partial/partial_ratio:0.197265625 - fully_async/partial/max_partial_span:1.0 - timing_s/agent_loop/tool_calls/max:0.0 - timing_s/agent_loop/tool_calls/min:0.0 - timing_s/agent_loop/tool_calls/mean:0.0 - fully_async/total_wait_time:74.39212894439697 - actor/pg_clipfrac:0.00024231268125004136 - actor/ppo_kl:0.0006213010497158393 - actor/pg_clipfrac_lower:6.716499337926507e-07 - actor/pg_loss:0.04131459168638685 - actor/loss:0.04131459444761276 - actor/grad_norm:0.025571012869477272 - actor/lr:1e-06 - actor/perf/max_memory_allocated_gb:40.25760555267334 - actor/perf/max_memory_reserved_gb:73.146484375 - actor/perf/cpu_memory_used_gb:52.10239791870117 - perf/mfu/actor:0.3211916593692156 - dynamic_resource/train_compute_time_s:121.59074478100047 - dynamic_resource/train_allocated_time_s:214.9731101989746 - critic/score/mean:-0.51171875 - critic/score/max:1.0 - critic/score/min:-1.0 - critic/rewards/mean:-0.51171875 - critic/rewards/max:1.0 - critic/rewards/min:-1.0 - critic/advantages/mean:-0.041309650987386703 - critic/advantages/max:2.474870204925537 - critic/advantages/min:-2.474870204925537 - critic/returns/mean:-0.041309650987386703 - critic/returns/max:2.474870204925537 - critic/returns/min:-2.474870204925537 - response_length/mean:5817.58984375 - response_length/max:8192.0 - response_length/min:468.0 - response_length/clip_ratio:0.41015625 - response_length_non_aborted/mean:5817.58984375 - response_length_non_aborted/max:8192.0 - response_length_non_aborted/min:468.0 - response_length_non_aborted/clip_ratio:0.41015625 - response/aborted_ratio:0.0 - prompt_length/mean:157.140625 - prompt_length/max:603.0 - prompt_length/min:76.0 - prompt_length/clip_ratio:0.0 - num_turns/min:2.0 - num_turns/max:2.0 - num_turns/mean:2.0 - timing_s/start_profile:5.39900065632537e-06 - timing_s/gen:74.74486887400053 - timing_s/reward:1.8431001080898568e-05 - timing_s/adv:0.00981071400019573 - timing_s/update_actor:121.58091563599919 - timing_s/timing_s/param_sync:1.2326528720004717 - timing_s/step:214.97312988299927 - timing_s/stop_profile:4.385001375339925e-06 - timing_per_token_ms/adv:3.207098777401612e-06 - timing_per_token_ms/update_actor:0.03974450849181847 - timing_per_token_ms/gen:0.025093909323354795 - perf/total_num_tokens:3059062.0 - perf/time_per_step:214.97312988299927 - perf/throughput:7114.986886186467 - dynamic_resource/mq_size:39.0 - fully_async/trainer/idle_ratio:0.3476940067564769 - dynamic_resource/train_resource_utilization:0.5656090878922421 - dynamic_resource/rollout_resource_utilization:0.9999990670860992 - dynamic_resource/resource_utilization:0.7828040774891707
[36m(FullyAsyncTrainer pid=15034)[0m Training Progress:  24%|██▍       | 19/80 [1:13:09<3:44:38, 220.96s/it]
[36m(FullyAsyncRollouter pid=17033)[0m [FullyAsyncRollouter][RolloutResourceUtilization] raw active_count_history (timestamp, active_count, max_concurrent): [(1785027888.264213, 15, 16), (1785027888.2643557, 16, 16), (1785027889.3391628, 15, 16), (1785027889.33919, 16, 16), (1785027901.0680308, 15, 16), (1785027901.0680912, 16, 16), (1785027901.3595724, 15, 16), (1785027901.3595998, 16, 16), (1785027901.5536478, 15, 16), (1785027901.5536776, 16, 16), (1785027909.7270594, 15, 16), (1785027909.7270887, 16, 16), (1785027910.2575786, 15, 16), (1785027910.2576075, 16, 16), (1785027917.865635, 15, 16), (1785027917.865696, 16, 16), (1785027921.2882302, 15, 16), (1785027921.2882578, 16, 16), (1785027929.8896658, 15, 16), (1785027929.8897262, 16, 16), (1785027930.3453906, 15, 16), (1785027930.345419, 16, 16), (1785027930.3725646, 15, 16), (1785027930.3725858, 16, 16), (1785027935.1730218, 15, 16), (1785027935.173051, 16, 16), (1785027935.5796134, 15, 16), (1785027935.57964, 16, 16), (1785027936.2309067, 15, 16), (1785027936.2309344, 16, 16), (1785027936.2446132, 15, 16), (1785027936.2446349, 16, 16), (1785027936.2540495, 15, 16), (1785027936.2540698, 16, 16), (1785027949.5049894, 15, 16), (1785027949.5050478, 16, 16), (1785027949.860509, 15, 16), (1785027949.8605373, 16, 16), (1785027960.4336925, 15, 16), (1785027960.433752, 16, 16), (1785027960.5728397, 15, 16), (1785027960.5728655, 16, 16), (1785027960.8994892, 15, 16), (1785027960.899516, 16, 16), (1785027969.7875392, 15, 16), (1785027969.7875676, 16, 16), (1785027971.5796244, 15, 16), (1785027971.579683, 16, 16), (1785027976.4908679, 15, 16), (1785027976.4908962, 16, 16), (1785027979.9482706, 15, 16), (1785027979.9482987, 16, 16), (1785027989.6520903, 15, 16), (1785027989.6521518, 16, 16), (1785027991.1161149, 15, 16), (1785027991.1161423, 16, 16), (1785027991.1535003, 15, 16), (1785027991.1535263, 16, 16), (1785027996.410033, 15, 16), (1785027996.410064, 16, 16), (1785027996.7388234, 15, 16), (1785027996.7388518, 16, 16), (1785027997.159499, 15, 16), (1785027997.1595266, 16, 16), (1785027997.375727, 15, 16), (1785027997.3757527, 16, 16), (1785028003.7697008, 15, 16), (1785028003.769769, 16, 16), (1785028008.5543544, 15, 16), (1785028008.5543878, 16, 16), (1785028009.0856369, 15, 16), (1785028009.0856705, 16, 16), (1785028009.8435159, 15, 16), (1785028009.8435452, 16, 16), (1785028009.8846433, 15, 16), (1785028009.8846674, 16, 16), (1785028018.6623058, 15, 16), (1785028018.662377, 16, 16), (1785028027.5281794, 15, 16), (1785028027.5282176, 16, 16), (1785028029.346021, 15, 16), (1785028029.346083, 16, 16), (1785028034.8649251, 15, 16), (1785028034.864957, 16, 16), (1785028037.8773375, 15, 16), (1785028037.8773668, 16, 16), (1785028043.805056, 15, 16), (1785028043.805121, 16, 16), (1785028048.839073, 15, 16), (1785028048.8391, 16, 16), (1785028048.842962, 15, 16), (1785028048.842977, 16, 16), (1785028054.3869076, 15, 16), (1785028054.3869746, 16, 16), (1785028054.5651453, 15, 16), (1785028054.5651727, 16, 16), (1785028055.146357, 15, 16), (1785028055.1463838, 16, 16), (1785028061.8807704, 15, 16), (1785028061.8807976, 16, 16), (1785028063.1658015, 15, 16), (1785028063.1658435, 16, 16), (1785028063.1695147, 15, 16), (1785028063.16953, 16, 16), (1785028067.8995686, 15, 16), (1785028067.8996305, 16, 16), (1785028067.9914827, 15, 16), (1785028067.991504, 16, 16), (1785028068.8119757, 15, 16), (1785028068.8120065, 16, 16), (1785028068.8211448, 15, 16), (1785028068.8211622, 16, 16), (1785028069.5683074, 15, 16), (1785028069.568336, 16, 16), (1785028077.49718, 15, 16), (1785028077.497215, 16, 16), (1785028086.9652221, 15, 16), (1785028086.9652836, 16, 16), (1785028087.3450263, 15, 16), (1785028087.345059, 16, 16), (1785028092.5847688, 15, 16), (1785028092.5848038, 16, 16), (1785028093.0457897, 15, 16), (1785028093.045827, 16, 16), (1785028095.3934088, 15, 16), (1785028095.3934388, 16, 16), (1785028095.922406, 15, 16), (1785028095.92244, 16, 16), (1785028116.465283, 15, 16), (1785028116.4662902, 15, 16)]
[36m(FullyAsyncRollouter pid=17033)[0m [FullyAsyncRollouter][Public][reset_staleness] reset staleness_samples to: 54 idle_ratio: 0.0000 step_generated_samples(this_step): 64 rollout_resource_utilization: 1.0000 recent_history(last 10 steps): [(11, 56), (12, 70), (13, 56), (14, 72), (15, 56), (16, 69), (17, 62), (18, 62), (19, 66), (20, 64)]
[36m(FullyAsyncTrainer pid=15034)[0m [FullyAsyncTrainer] Requesting 64 samples from queue
[36m(FullyAsyncTrainer pid=15034)[0m [FullyAsyncTrainer] sample collected 1/64. mq_len: 38
[36m(FullyAsyncTrainer pid=15034)[0m [FullyAsyncTrainer] sample collected 2/64. mq_len: 37
[36m(FullyAsyncTrainer pid=15034)[0m [FullyAsyncTrainer] sample collected 3/64. mq_len: 36
[36m(FullyAsyncTrainer pid=15034)[0m [FullyAsyncTrainer] sample collected 4/64. mq_len: 35
[36m(FullyAsyncTrainer pid=15034)[0m [FullyAsyncTrainer] sample collected 5/64. mq_len: 34
[36m(FullyAsyncTrainer pid=15034)[0m [FullyAsyncTrainer] sample collected 6/64. mq_len: 33
[36m(FullyAsyncTrainer pid=15034)[0m [FullyAsyncTrainer] sample collected 7/64. mq_len: 32
[36m(FullyAsyncTrainer pid=15034)[0m [FullyAsyncTrainer] sample collected 8/64. mq_len: 31
[36m(FullyAsyncTrainer pid=15034)[0m [FullyAsyncTrainer] sample collected 9/64. mq_len: 30
[36m(FullyAsyncTrainer pid=15034)[0m [FullyAsyncTrainer] sample collected 10/64. mq_len: 29
[36m(FullyAsyncTrainer pid=15034)[0m [FullyAsyncTrainer] sample collected 11/64. mq_len: 28
[36m(FullyAsyncTrainer pid=15034)[0m [FullyAsyncTrainer] sample collected 12/64. mq_len: 27
[36m(FullyAsyncTrainer pid=15034)[0m [FullyAsyncTrainer] sample collected 13/64. mq_len: 26
[36m(FullyAsyncTrainer pid=15034)[0m [FullyAsyncTrainer] sample collected 14/64. mq_len: 25
[36m(FullyAsyncTrainer pid=15034)[0m [FullyAsyncTrainer] sample collected 15/64. mq_len: 24
[36m(FullyAsyncTrainer pid=15034)[0m [FullyAsyncTrainer] sample collected 16/64. mq_len: 23
[36m(FullyAsyncTrainer pid=15034)[0m [FullyAsyncTrainer] sample collected 17/64. mq_len: 22
[36m(FullyAsyncTrainer pid=15034)[0m [FullyAsyncTrainer] sample collected 18/64. mq_len: 21
[36m(FullyAsyncTrainer pid=15034)[0m [FullyAsyncTrainer] sample collected 19/64. mq_len: 20
[36m(FullyAsyncTrainer pid=15034)[0m [FullyAsyncTrainer] sample collected 20/64. mq_len: 19
[36m(FullyAsyncTrainer pid=15034)[0m [FullyAsyncTrainer] sample collected 21/64. mq_len: 18
[36m(FullyAsyncTrainer pid=15034)[0m [FullyAsyncTrainer] sample collected 22/64. mq_len: 17
[36m(FullyAsyncTrainer pid=15034)[0m [FullyAsyncTrainer] sample collected 23/64. mq_len: 16
[36m(FullyAsyncTrainer pid=15034)[0m [FullyAsyncTrainer] sample collected 24/64. mq_len: 15
[36m(FullyAsyncTrainer pid=15034)[0m [FullyAsyncTrainer] sample collected 25/64. mq_len: 14
[36m(FullyAsyncTrainer pid=15034)[0m [FullyAsyncTrainer] sample collected 26/64. mq_len: 13
[36m(FullyAsyncTrainer pid=15034)[0m [FullyAsyncTrainer] sample collected 27/64. mq_len: 12
[36m(FullyAsyncTrainer pid=15034)[0m [FullyAsyncTrainer] sample collected 28/64. mq_len: 11
[36m(FullyAsyncTrainer pid=15034)[0m [FullyAsyncTrainer] sample collected 29/64. mq_len: 10
[36m(FullyAsyncTrainer pid=15034)[0m [FullyAsyncTrainer] sample collected 30/64. mq_len: 9
[36m(FullyAsyncTrainer pid=15034)[0m [FullyAsyncTrainer] sample collected 31/64. mq_len: 8
[36m(FullyAsyncTrainer pid=15034)[0m [FullyAsyncTrainer] sample collected 32/64. mq_len: 7
[36m(FullyAsyncTrainer pid=15034)[0m [FullyAsyncTrainer] sample collected 33/64. mq_len: 6
[36m(FullyAsyncTrainer pid=15034)[0m [FullyAsyncTrainer] sample collected 34/64. mq_len: 5
[36m(FullyAsyncTrainer pid=15034)[0m [FullyAsyncTrainer] sample collected 35/64. mq_len: 4
[36m(FullyAsyncTrainer pid=15034)[0m [FullyAsyncTrainer] sample collected 36/64. mq_len: 3
[36m(FullyAsyncTrainer pid=15034)[0m [FullyAsyncTrainer] sample collected 37/64. mq_len: 2
[36m(FullyAsyncTrainer pid=15034)[0m [FullyAsyncTrainer] sample collected 38/64. mq_len: 1
[36m(FullyAsyncTrainer pid=15034)[0m [FullyAsyncTrainer] sample collected 39/64. mq_len: 0
[36m(FullyAsyncTrainer pid=15034)[0m [FullyAsyncTrainer] sample collected 40/64. mq_len: 0
[36m(FullyAsyncTrainer pid=15034)[0m [FullyAsyncTrainer] sample collected 41/64. mq_len: 0
[36m(FullyAsyncTrainer pid=15034)[0m [FullyAsyncTrainer] sample collected 42/64. mq_len: 0
[36m(FullyAsyncTrainer pid=15034)[0m [FullyAsyncTrainer] sample collected 43/64. mq_len: 0
[36m(FullyAsyncTrainer pid=15034)[0m [FullyAsyncTrainer] sample collected 44/64. mq_len: 0
[36m(FullyAsyncTrainer pid=15034)[0m [FullyAsyncTrainer] sample collected 45/64. mq_len: 0
[36m(FullyAsyncTrainer pid=15034)[0m [FullyAsyncTrainer] sample collected 46/64. mq_len: 0
[36m(FullyAsyncTrainer pid=15034)[0m [FullyAsyncTrainer] sample collected 47/64. mq_len: 0
[36m(FullyAsyncTrainer pid=15034)[0m [FullyAsyncTrainer] sample collected 48/64. mq_len: 0
[36m(FullyAsyncTrainer pid=15034)[0m [FullyAsyncTrainer] sample collected 49/64. mq_len: 0
[36m(FullyAsyncTrainer pid=15034)[0m [FullyAsyncTrainer] sample collected 50/64. mq_len: 0
[36m(FullyAsyncTrainer pid=15034)[0m [FullyAsyncTrainer] sample collected 51/64. mq_len: 0
[36m(FullyAsyncRollouter pid=17033)[0m [FullyAsyncRollouter][MonitorLoop][Statistics] {'count/dropped_stale_samples': 0,
[36m(FullyAsyncRollouter pid=17033)[0m  'count/staleness_samples': 67,
[36m(FullyAsyncRollouter pid=17033)[0m  'count/total_generated_samples': 1267,
[36m(FullyAsyncRollouter pid=17033)[0m  'monitor/active_tasks_size': 16,
[36m(FullyAsyncRollouter pid=17033)[0m  'monitor/queue/mq_queue_size': 0,
[36m(FullyAsyncRollouter pid=17033)[0m  'monitor/queue/pending_queue_size': 128,
[36m(FullyAsyncRollouter pid=17033)[0m  'static/max_concurrent_samples': 16,
[36m(FullyAsyncRollouter pid=17033)[0m  'static/max_queue_size': 576,
[36m(FullyAsyncRollouter pid=17033)[0m  'static/max_required_samples': 576,
[36m(FullyAsyncRollouter pid=17033)[0m  'static/required_samples': 64,
[36m(FullyAsyncRollouter pid=17033)[0m  'static/staleness_threshold': 8}
[36m(FullyAsyncTrainer pid=15034)[0m [FullyAsyncTrainer] sample collected 52/64. mq_len: 0
[36m(FullyAsyncTrainer pid=15034)[0m [FullyAsyncTrainer] sample collected 53/64. mq_len: 0
[36m(FullyAsyncTrainer pid=15034)[0m [FullyAsyncTrainer] sample collected 54/64. mq_len: 0
[36m(FullyAsyncTrainer pid=15034)[0m [FullyAsyncTrainer] sample collected 55/64. mq_len: 0
[36m(FullyAsyncTrainer pid=15034)[0m [FullyAsyncTrainer] sample collected 56/64. mq_len: 0
[36m(FullyAsyncTrainer pid=15034)[0m [FullyAsyncTrainer] sample collected 57/64. mq_len: 0
[36m(FullyAsyncTrainer pid=15034)[0m [FullyAsyncTrainer] sample collected 58/64. mq_len: 0
[36m(FullyAsyncTrainer pid=15034)[0m [FullyAsyncTrainer] sample collected 59/64. mq_len: 0
[36m(FullyAsyncTrainer pid=15034)[0m [FullyAsyncTrainer] sample collected 60/64. mq_len: 0
[36m(FullyAsyncTrainer pid=15034)[0m [FullyAsyncTrainer] sample collected 61/64. mq_len: 0
[36m(FullyAsyncTrainer pid=15034)[0m [FullyAsyncTrainer] sample collected 62/64. mq_len: 0
[36m(FullyAsyncTrainer pid=15034)[0m [FullyAsyncTrainer] sample collected 63/64. mq_len: 0
[36m(FullyAsyncTrainer pid=15034)[0m [FullyAsyncTrainer] sample collected 64/64. mq_len: 0
[36m(FullyAsyncTrainer pid=15034)[0m [FullyAsyncTrainer] Collected 64/64 samples. mq_len: 0
[36m(FullyAsyncTrainer pid=15034)[0m [FullyAsyncTrainer] Loop collection completed: 64/64 samples, total wait time: 91.38 seconds. mq_len: 0
[36m(FullyAsyncTrainer pid=15034)[0m [BatchUtils] Assembling batch from 64 RolloutSample objects
[36m(FullyAsyncTrainer pid=15034)[0m [BatchUtils] Batch assembly completed in 0.23s
[36m(FullyAsyncRollouter pid=17033)[0m [FullyAsyncRollouter][MonitorLoop][Statistics] {'count/dropped_stale_samples': 0,
[36m(FullyAsyncRollouter pid=17033)[0m  'count/staleness_samples': 91,
[36m(FullyAsyncRollouter pid=17033)[0m  'count/total_generated_samples': 1291,
[36m(FullyAsyncRollouter pid=17033)[0m  'monitor/active_tasks_size': 16,
[36m(FullyAsyncRollouter pid=17033)[0m  'monitor/queue/mq_queue_size': 11,
[36m(FullyAsyncRollouter pid=17033)[0m  'monitor/queue/pending_queue_size': 128,
[36m(FullyAsyncRollouter pid=17033)[0m  'static/max_concurrent_samples': 16,
[36m(FullyAsyncRollouter pid=17033)[0m  'static/max_queue_size': 576,
[36m(FullyAsyncRollouter pid=17033)[0m  'static/max_required_samples': 576,
[36m(FullyAsyncRollouter pid=17033)[0m  'static/required_samples': 64,
[36m(FullyAsyncRollouter pid=17033)[0m  'static/staleness_threshold': 8}
[36m(MessageQueue pid=23825)[0m MessageQueue stats: produced=1300, queue_size=20
[36m(FullyAsyncRollouter pid=17033)[0m [FullyAsyncRollouter][MonitorLoop][Statistics] {'count/dropped_stale_samples': 0,
[36m(FullyAsyncRollouter pid=17033)[0m  'count/staleness_samples': 108,
[36m(FullyAsyncRollouter pid=17033)[0m  'count/total_generated_samples': 1308,
[36m(FullyAsyncRollouter pid=17033)[0m  'monitor/active_tasks_size': 16,
[36m(FullyAsyncRollouter pid=17033)[0m  'monitor/queue/mq_queue_size': 28,
[36m(FullyAsyncRollouter pid=17033)[0m  'monitor/queue/pending_queue_size': 128,
[36m(FullyAsyncRollouter pid=17033)[0m  'static/max_concurrent_samples': 16,
[36m(FullyAsyncRollouter pid=17033)[0m  'static/max_queue_size': 576,
[36m(FullyAsyncRollouter pid=17033)[0m  'static/max_required_samples': 576,
[36m(FullyAsyncRollouter pid=17033)[0m  'static/required_samples': 64,
[36m(FullyAsyncRollouter pid=17033)[0m  'static/staleness_threshold': 8}
[36m(FullyAsyncTrainer pid=15034)[0m [FullyAsyncTrainer] global_steps: 20 local_trigger_step: 1 trigger_parameter_sync_step: 1 01:12:13.645
[36m(vLLMHttpServer pid=19207)[0m (Worker pid=20572) WARNING 07-26 01:12:14 [layerwise.py:225] RotaryEmbedding: Failed to load weights
[36m(vLLMHttpServer pid=19207)[0m (EngineCore pid=20179) WARNING 07-26 01:12:14 [scheduler.py:1919] reset_connector called but no KV connector is configured.
[36m(FullyAsyncTrainer pid=15034)[0m [FullyAsyncTrainer] _fit_update_weights, timing_s/param_sync: 1.1396 seconds self.current_param_version: 20
[36m(FullyAsyncTrainer pid=15034)[0m step:20 - fully_async/rollouter/active_time:225.07633256912231 - fully_async/rollouter/version_time:225.07633256912231 - fully_async/rollouter/idle_ratio:0 - fully_async/rollouter/step_generated_samples:61 - dynamic_resource/rollout_resource_utilization:0.9999990372482755
[36m(FullyAsyncTrainer pid=15034)[0m aggregated metrics done. cost 0.0003 seconds.
[36m(FullyAsyncTrainer pid=15034)[0m step:20 - training/global_step:19.0 - training/epoch:0.0 - fully_async/count/stale_trajectory_processed:5915.0 - fully_async/count/current_param_version:18.0 - fully_async/processing_time/avg:44.989993046541045 - fully_async/processing_time/max:81.23462753100102 - fully_async/processing_time/min:5.0682464109995635 - fully_async/processing_time/tp50:53.30203598950084 - fully_async/processing_time/tp99:81.17890628890024 - fully_async/processing_time/tp95:80.1232288919502 - fully_async/monitor/active_tasks_size:16.0 - fully_async/monitor/queue/pending_queue_size:128.0 - fully_async/monitor/queue/mq_queue_size:0.0 - fully_async/count/total_generated_samples:1152.0 - fully_async/count/staleness_samples:80.0 - fully_async/count/dropped_stale_samples:0.0 - fully_async/static/max_required_samples:576.0 - fully_async/static/required_samples:64.0 - fully_async/static/staleness_threshold:8.0 - fully_async/static/max_queue_size:576.0 - fully_async/static/max_concurrent_samples:16.0 - fully_async/partial/total_partial_num:117.0 - fully_async/partial/partial_ratio:0.228515625 - fully_async/partial/max_partial_span:1.0 - timing_s/agent_loop/tool_calls/max:0.0 - timing_s/agent_loop/tool_calls/min:0.0 - timing_s/agent_loop/tool_calls/mean:0.0 - fully_async/total_wait_time:91.65135097503662 - actor/pg_clipfrac:0.0002629081404460197 - actor/ppo_kl:0.000651210703638704 - actor/pg_clipfrac_lower:1.606807222566387e-06 - actor/pg_loss:0.06999849100975553 - actor/loss:0.06999848783016205 - actor/grad_norm:0.024727072566747665 - actor/lr:1e-06 - actor/perf/max_memory_allocated_gb:40.25760555267334 - actor/perf/max_memory_reserved_gb:73.146484375 - actor/perf/cpu_memory_used_gb:51.35504913330078 - perf/mfu/actor:0.32199615788577235 - dynamic_resource/train_compute_time_s:126.35740389500097 - dynamic_resource/train_allocated_time_s:228.16541624069214 - critic/score/mean:-0.52734375 - critic/score/max:1.0 - critic/score/min:-1.0 - critic/rewards/mean:-0.52734375 - critic/rewards/max:1.0 - critic/rewards/min:-1.0 - critic/advantages/mean:-0.07000692188739777 - critic/advantages/max:2.474870204925537 - critic/advantages/min:-2.474870204925537 - critic/returns/mean:-0.07000692188739777 - critic/returns/max:2.474870204925537 - critic/returns/min:-2.474870204925537 - response_length/mean:6022.16796875 - response_length/max:8192.0 - response_length/min:779.0 - response_length/clip_ratio:0.458984375 - response_length_non_aborted/mean:6022.16796875 - response_length_non_aborted/max:8192.0 - response_length_non_aborted/min:779.0 - response_length_non_aborted/clip_ratio:0.458984375 - response/aborted_ratio:0.0 - prompt_length/mean:157.734375 - prompt_length/max:411.0 - prompt_length/min:79.0 - prompt_length/clip_ratio:0.0 - num_turns/min:2.0 - num_turns/max:2.0 - num_turns/mean:2.0 - timing_s/start_profile:5.511999916052446e-06 - timing_s/gen:91.9845985209995 - timing_s/reward:1.751099989633076e-05 - timing_s/adv:0.009233308001057594 - timing_s/update_actor:126.34815307600002 - timing_s/timing_s/param_sync:1.4759493319998 - timing_s/step:228.1654355210012 - timing_s/stop_profile:4.748999344883487e-06 - timing_per_token_ms/adv:2.9181374860727325e-06 - timing_per_token_ms/update_actor:0.039931656319154525 - timing_per_token_ms/gen:0.029832681505829534 - perf/total_num_tokens:3164110.0 - perf/time_per_step:228.1654355210012 - perf/throughput:6933.806588134081 - dynamic_resource/mq_size:39.0 - fully_async/trainer/idle_ratio:0.4031486991487494 - dynamic_resource/train_resource_utilization:0.5537973544671919 - dynamic_resource/rollout_resource_utilization:0.9999990372482755 - dynamic_resource/resource_utilization:0.7768981958577337
[36m(FullyAsyncTrainer pid=15034)[0m [FullyAsyncTrainer] Requesting 64 samples from queue
[36m(FullyAsyncTrainer pid=15034)[0m [FullyAsyncTrainer] sample collected 1/64. mq_len: 35
[36m(FullyAsyncTrainer pid=15034)[0m [FullyAsyncTrainer] sample collected 2/64. mq_len: 34
[36m(FullyAsyncTrainer pid=15034)[0m [FullyAsyncTrainer] sample collected 3/64. mq_len: 33
[36m(FullyAsyncTrainer pid=15034)[0m [FullyAsyncTrainer] sample collected 4/64. mq_len: 32
[36m(FullyAsyncTrainer pid=15034)[0m [FullyAsyncTrainer] sample collected 5/64. mq_len: 31
[36m(FullyAsyncTrainer pid=15034)[0m [FullyAsyncTrainer] sample collected 6/64. mq_len: 30
[36m(FullyAsyncTrainer pid=15034)[0m [FullyAsyncTrainer] sample collected 7/64. mq_len: 29
[36m(FullyAsyncTrainer pid=15034)[0m [FullyAsyncTrainer] sample collected 8/64. mq_len: 28
[36m(FullyAsyncTrainer pid=15034)[0m [FullyAsyncTrainer] sample collected 9/64. mq_len: 27
[36m(FullyAsyncTrainer pid=15034)[0m [FullyAsyncTrainer] sample collected 10/64. mq_len: 26
[36m(FullyAsyncTrainer pid=15034)[0m [FullyAsyncTrainer] sample collected 11/64. mq_len: 25
[36m(FullyAsyncTrainer pid=15034)[0m [FullyAsyncTrainer] sample collected 12/64. mq_len: 24
[36m(FullyAsyncTrainer pid=15034)[0m Training Progress:  25%|██▌       | 20/80 [1:16:55<3:42:11, 222.19s/it]
[36m(FullyAsyncRollouter pid=17033)[0m [FullyAsyncRollouter][RolloutResourceUtilization] raw active_count_history (timestamp, active_count, max_concurrent): [(1785028116.466606, 15, 16), (1785028116.4666994, 16, 16), (1785028128.9283772, 15, 16), (1785028128.9284678, 16, 16), (1785028136.3630385, 15, 16), (1785028136.363067, 16, 16), (1785028137.2338555, 15, 16), (1785028137.2338843, 16, 16), (1785028146.296724, 15, 16), (1785028146.2967844, 16, 16), (1785028148.1153295, 15, 16), (1785028148.1153572, 16, 16), (1785028148.4820092, 15, 16), (1785028148.4820354, 16, 16), (1785028150.0556488, 15, 16), (1785028150.0556777, 16, 16), (1785028155.3733418, 15, 16), (1785028155.3733706, 16, 16), (1785028155.4329946, 15, 16), (1785028155.4330204, 16, 16), (1785028159.9955041, 15, 16), (1785028159.995565, 16, 16), (1785028163.9515028, 15, 16), (1785028163.9515336, 16, 16), (1785028165.0814323, 15, 16), (1785028165.0814686, 16, 16), (1785028170.721962, 15, 16), (1785028170.722022, 16, 16), (1785028172.9547107, 15, 16), (1785028172.9547405, 16, 16), (1785028173.5256143, 15, 16), (1785028173.5256424, 16, 16), (1785028177.5566244, 15, 16), (1785028177.5566523, 16, 16), (1785028177.6365032, 15, 16), (1785028177.636529, 16, 16), (1785028181.466881, 15, 16), (1785028181.4669414, 16, 16), (1785028195.6009488, 15, 16), (1785028195.6010091, 16, 16), (1785028196.4898646, 15, 16), (1785028196.4898934, 16, 16), (1785028202.1626074, 15, 16), (1785028202.1626358, 16, 16), (1785028205.4404213, 15, 16), (1785028205.4404488, 16, 16), (1785028205.457417, 15, 16), (1785028205.457436, 16, 16), (1785028207.0083501, 15, 16), (1785028207.0084102, 16, 16), (1785028207.879017, 15, 16), (1785028207.8790448, 16, 16), (1785028211.5680895, 15, 16), (1785028211.5681186, 16, 16), (1785028214.9584012, 15, 16), (1785028214.95843, 16, 16), (1785028215.720798, 15, 16), (1785028215.7208364, 16, 16), (1785028219.3991675, 15, 16), (1785028219.3992345, 16, 16), (1785028227.214246, 15, 16), (1785028227.2142751, 16, 16), (1785028228.5594866, 15, 16), (1785028228.559517, 16, 16), (1785028229.344408, 15, 16), (1785028229.3444362, 16, 16), (1785028233.3918228, 15, 16), (1785028233.3918836, 16, 16), (1785028233.43223, 15, 16), (1785028233.4322507, 16, 16), (1785028237.5031521, 15, 16), (1785028237.503181, 16, 16), (1785028242.326123, 15, 16), (1785028242.326151, 16, 16), (1785028251.8266969, 15, 16), (1785028251.8267548, 16, 16), (1785028253.3626819, 15, 16), (1785028253.3627143, 16, 16), (1785028259.9731784, 15, 16), (1785028259.9732134, 16, 16), (1785028263.1678464, 15, 16), (1785028263.1679082, 16, 16), (1785028263.2059188, 15, 16), (1785028263.205941, 16, 16), (1785028264.4432635, 15, 16), (1785028264.4432964, 16, 16), (1785028272.7763152, 15, 16), (1785028272.776343, 16, 16), (1785028273.7095504, 15, 16), (1785028273.709611, 16, 16), (1785028277.5890698, 15, 16), (1785028277.5890994, 16, 16), (1785028285.9939303, 15, 16), (1785028285.9939942, 16, 16), (1785028287.2567632, 15, 16), (1785028287.2567909, 16, 16), (1785028288.1881976, 15, 16), (1785028288.188224, 16, 16), (1785028292.0980444, 15, 16), (1785028292.0980716, 16, 16), (1785028292.1020362, 15, 16), (1785028292.102053, 16, 16), (1785028296.0964966, 15, 16), (1785028296.096583, 16, 16), (1785028296.8407805, 15, 16), (1785028296.840826, 16, 16), (1785028300.7037838, 15, 16), (1785028300.7038214, 16, 16), (1785028310.213443, 15, 16), (1785028310.2135043, 16, 16), (1785028311.5403955, 15, 16), (1785028311.540423, 16, 16), (1785028313.6230865, 15, 16), (1785028313.6231167, 16, 16), (1785028317.822287, 15, 16), (1785028317.8223155, 16, 16), (1785028321.0798907, 15, 16), (1785028321.0799506, 16, 16), (1785028331.39594, 15, 16), (1785028331.395998, 16, 16), (1785028332.613626, 15, 16), (1785028332.6136615, 16, 16), (1785028341.5419643, 15, 16), (1785028341.5429995, 15, 16)]
[36m(FullyAsyncRollouter pid=17033)[0m [FullyAsyncRollouter][Public][reset_staleness] reset staleness_samples to: 51 idle_ratio: 0.0000 step_generated_samples(this_step): 61 rollout_resource_utilization: 1.0000 recent_history(last 10 steps): [(12, 70), (13, 56), (14, 72), (15, 56), (16, 69), (17, 62), (18, 62), (19, 66), (20, 64), (21, 61)]
[36m(FullyAsyncTrainer pid=15034)[0m [FullyAsyncTrainer] sample collected 13/64. mq_len: 23
[36m(FullyAsyncTrainer pid=15034)[0m [FullyAsyncTrainer] sample collected 14/64. mq_len: 22
[36m(FullyAsyncTrainer pid=15034)[0m [FullyAsyncTrainer] sample collected 15/64. mq_len: 21
[36m(FullyAsyncTrainer pid=15034)[0m [FullyAsyncTrainer] sample collected 16/64. mq_len: 20
[36m(FullyAsyncTrainer pid=15034)[0m [FullyAsyncTrainer] sample collected 17/64. mq_len: 19
[36m(FullyAsyncTrainer pid=15034)[0m [FullyAsyncTrainer] sample collected 18/64. mq_len: 18
[36m(FullyAsyncTrainer pid=15034)[0m [FullyAsyncTrainer] sample collected 19/64. mq_len: 17
[36m(FullyAsyncTrainer pid=15034)[0m [FullyAsyncTrainer] sample collected 20/64. mq_len: 16
[36m(FullyAsyncTrainer pid=15034)[0m [FullyAsyncTrainer] sample collected 21/64. mq_len: 15
[36m(FullyAsyncTrainer pid=15034)[0m [FullyAsyncTrainer] sample collected 22/64. mq_len: 14
[36m(FullyAsyncTrainer pid=15034)[0m [FullyAsyncTrainer] sample collected 23/64. mq_len: 13
[36m(FullyAsyncTrainer pid=15034)[0m [FullyAsyncTrainer] sample collected 24/64. mq_len: 12
[36m(FullyAsyncTrainer pid=15034)[0m [FullyAsyncTrainer] sample collected 25/64. mq_len: 11
[36m(FullyAsyncTrainer pid=15034)[0m [FullyAsyncTrainer] sample collected 26/64. mq_len: 10
[36m(FullyAsyncTrainer pid=15034)[0m [FullyAsyncTrainer] sample collected 27/64. mq_len: 9
[36m(FullyAsyncTrainer pid=15034)[0m [FullyAsyncTrainer] sample collected 28/64. mq_len: 8
[36m(FullyAsyncTrainer pid=15034)[0m [FullyAsyncTrainer] sample collected 29/64. mq_len: 7
[36m(FullyAsyncTrainer pid=15034)[0m [FullyAsyncTrainer] sample collected 30/64. mq_len: 6
[36m(FullyAsyncTrainer pid=15034)[0m [FullyAsyncTrainer] sample collected 31/64. mq_len: 5
[36m(FullyAsyncTrainer pid=15034)[0m [FullyAsyncTrainer] sample collected 32/64. mq_len: 4
[36m(FullyAsyncTrainer pid=15034)[0m [FullyAsyncTrainer] sample collected 33/64. mq_len: 3
[36m(FullyAsyncTrainer pid=15034)[0m [FullyAsyncTrainer] sample collected 34/64. mq_len: 2
[36m(FullyAsyncTrainer pid=15034)[0m [FullyAsyncTrainer] sample collected 35/64. mq_len: 1
[36m(FullyAsyncTrainer pid=15034)[0m [FullyAsyncTrainer] sample collected 36/64. mq_len: 0
[36m(FullyAsyncTrainer pid=15034)[0m [FullyAsyncTrainer] sample collected 37/64. mq_len: 0
[36m(FullyAsyncTrainer pid=15034)[0m [FullyAsyncTrainer] sample collected 38/64. mq_len: 0
[36m(FullyAsyncTrainer pid=15034)[0m [FullyAsyncTrainer] sample collected 39/64. mq_len: 0
[36m(FullyAsyncTrainer pid=15034)[0m [FullyAsyncTrainer] sample collected 40/64. mq_len: 0
[36m(FullyAsyncTrainer pid=15034)[0m [FullyAsyncTrainer] sample collected 41/64. mq_len: 0
[36m(FullyAsyncTrainer pid=15034)[0m [FullyAsyncTrainer] sample collected 42/64. mq_len: 0
[36m(FullyAsyncTrainer pid=15034)[0m [FullyAsyncTrainer] sample collected 43/64. mq_len: 0
[36m(FullyAsyncRollouter pid=17033)[0m [FullyAsyncRollouter][MonitorLoop][Statistics] {'count/dropped_stale_samples': 0,
[36m(FullyAsyncRollouter pid=17033)[0m  'count/staleness_samples': 59,
[36m(FullyAsyncRollouter pid=17033)[0m  'count/total_generated_samples': 1323,
[36m(FullyAsyncRollouter pid=17033)[0m  'monitor/active_tasks_size': 16,
[36m(FullyAsyncRollouter pid=17033)[0m  'monitor/queue/mq_queue_size': 0,
[36m(FullyAsyncRollouter pid=17033)[0m  'monitor/queue/pending_queue_size': 128,
[36m(FullyAsyncRollouter pid=17033)[0m  'static/max_concurrent_samples': 16,
[36m(FullyAsyncRollouter pid=17033)[0m  'static/max_queue_size': 576,
[36m(FullyAsyncRollouter pid=17033)[0m  'static/max_required_samples': 576,
[36m(FullyAsyncRollouter pid=17033)[0m  'static/required_samples': 64,
[36m(FullyAsyncRollouter pid=17033)[0m  'static/staleness_threshold': 8}
[36m(FullyAsyncTrainer pid=15034)[0m [FullyAsyncTrainer] sample collected 44/64. mq_len: 0
[36m(FullyAsyncTrainer pid=15034)[0m [FullyAsyncTrainer] sample collected 45/64. mq_len: 0
[36m(FullyAsyncTrainer pid=15034)[0m [FullyAsyncTrainer] sample collected 46/64. mq_len: 0
[36m(FullyAsyncTrainer pid=15034)[0m [FullyAsyncTrainer] sample collected 47/64. mq_len: 0
[36m(FullyAsyncTrainer pid=15034)[0m [FullyAsyncTrainer] sample collected 48/64. mq_len: 0
[36m(FullyAsyncTrainer pid=15034)[0m [FullyAsyncTrainer] sample collected 49/64. mq_len: 0
[36m(FullyAsyncTrainer pid=15034)[0m [FullyAsyncTrainer] sample collected 50/64. mq_len: 0
[36m(FullyAsyncTrainer pid=15034)[0m [FullyAsyncTrainer] sample collected 51/64. mq_len: 0
[36m(FullyAsyncTrainer pid=15034)[0m [FullyAsyncTrainer] sample collected 52/64. mq_len: 0
[36m(FullyAsyncTrainer pid=15034)[0m [FullyAsyncTrainer] sample collected 53/64. mq_len: 0
[36m(FullyAsyncTrainer pid=15034)[0m [FullyAsyncTrainer] sample collected 54/64. mq_len: 0
[36m(FullyAsyncTrainer pid=15034)[0m [FullyAsyncTrainer] sample collected 55/64. mq_len: 0
[36m(FullyAsyncTrainer pid=15034)[0m [FullyAsyncTrainer] sample collected 56/64. mq_len: 0
[36m(FullyAsyncTrainer pid=15034)[0m [FullyAsyncTrainer] sample collected 57/64. mq_len: 0
[36m(FullyAsyncTrainer pid=15034)[0m [FullyAsyncTrainer] sample collected 58/64. mq_len: 0
[36m(FullyAsyncTrainer pid=15034)[0m [FullyAsyncTrainer] sample collected 59/64. mq_len: 0
[36m(FullyAsyncTrainer pid=15034)[0m [FullyAsyncTrainer] sample collected 60/64. mq_len: 0
[36m(FullyAsyncTrainer pid=15034)[0m [FullyAsyncTrainer] sample collected 61/64. mq_len: 0
[36m(FullyAsyncTrainer pid=15034)[0m [FullyAsyncTrainer] sample collected 62/64. mq_len: 0
[36m(FullyAsyncTrainer pid=15034)[0m [FullyAsyncTrainer] sample collected 63/64. mq_len: 0
[36m(FullyAsyncTrainer pid=15034)[0m [FullyAsyncTrainer] sample collected 64/64. mq_len: 0
[36m(FullyAsyncTrainer pid=15034)[0m [FullyAsyncTrainer] Collected 64/64 samples. mq_len: 0
[36m(FullyAsyncTrainer pid=15034)[0m [FullyAsyncTrainer] Loop collection completed: 64/64 samples, total wait time: 94.59 seconds. mq_len: 0
[36m(FullyAsyncTrainer pid=15034)[0m [BatchUtils] Assembling batch from 64 RolloutSample objects
[36m(FullyAsyncTrainer pid=15034)[0m [BatchUtils] Batch assembly completed in 0.24s
[36m(FullyAsyncRollouter pid=17033)[0m [FullyAsyncRollouter][MonitorLoop][Statistics] {'count/dropped_stale_samples': 0,
[36m(FullyAsyncRollouter pid=17033)[0m  'count/staleness_samples': 82,
[36m(FullyAsyncRollouter pid=17033)[0m  'count/total_generated_samples': 1346,
[36m(FullyAsyncRollouter pid=17033)[0m  'monitor/active_tasks_size': 16,
[36m(FullyAsyncRollouter pid=17033)[0m  'monitor/queue/mq_queue_size': 2,
[36m(FullyAsyncRollouter pid=17033)[0m  'monitor/queue/pending_queue_size': 128,
[36m(FullyAsyncRollouter pid=17033)[0m  'static/max_concurrent_samples': 16,
[36m(FullyAsyncRollouter pid=17033)[0m  'static/max_queue_size': 576,
[36m(FullyAsyncRollouter pid=17033)[0m  'static/max_required_samples': 576,
[36m(FullyAsyncRollouter pid=17033)[0m  'static/required_samples': 64,
[36m(FullyAsyncRollouter pid=17033)[0m  'static/staleness_threshold': 8}
[36m(FullyAsyncRollouter pid=17033)[0m [FullyAsyncRollouter][MonitorLoop][Statistics] {'count/dropped_stale_samples': 0,
[36m(FullyAsyncRollouter pid=17033)[0m  'count/staleness_samples': 107,
[36m(FullyAsyncRollouter pid=17033)[0m  'count/total_generated_samples': 1371,
[36m(FullyAsyncRollouter pid=17033)[0m  'monitor/active_tasks_size': 16,
[36m(FullyAsyncRollouter pid=17033)[0m  'monitor/queue/mq_queue_size': 27,
[36m(FullyAsyncRollouter pid=17033)[0m  'monitor/queue/pending_queue_size': 128,
[36m(FullyAsyncRollouter pid=17033)[0m  'static/max_concurrent_samples': 16,
[36m(FullyAsyncRollouter pid=17033)[0m  'static/max_queue_size': 576,
[36m(FullyAsyncRollouter pid=17033)[0m  'static/max_required_samples': 576,
[36m(FullyAsyncRollouter pid=17033)[0m  'static/required_samples': 64,
[36m(FullyAsyncRollouter pid=17033)[0m  'static/staleness_threshold': 8}
[36m(FullyAsyncTrainer pid=15034)[0m [FullyAsyncTrainer] global_steps: 21 local_trigger_step: 1 trigger_parameter_sync_step: 1 01:16:00.298
[36m(vLLMHttpServer pid=19207)[0m (Worker pid=20572) WARNING 07-26 01:16:01 [layerwise.py:225] RotaryEmbedding: Failed to load weights
[36m(vLLMHttpServer pid=19207)[0m (EngineCore pid=20179) WARNING 07-26 01:16:01 [scheduler.py:1919] reset_connector called but no KV connector is configured.
[36m(FullyAsyncTrainer pid=15034)[0m [FullyAsyncTrainer] _fit_update_weights, timing_s/param_sync: 1.6230 seconds self.current_param_version: 21
[36m(FullyAsyncTrainer pid=15034)[0m step:21 - fully_async/rollouter/active_time:245.83118844032288 - fully_async/rollouter/version_time:245.83118844032288 - fully_async/rollouter/idle_ratio:0 - fully_async/rollouter/step_generated_samples:67 - dynamic_resource/rollout_resource_utilization:0.999999083313201
[36m(FullyAsyncTrainer pid=15034)[0m aggregated metrics done. cost 0.0002 seconds.
[36m(FullyAsyncTrainer pid=15034)[0m step:21 - training/global_step:20.0 - training/epoch:0.0 - fully_async/count/stale_trajectory_processed:6236.0 - fully_async/count/current_param_version:19.0 - fully_async/processing_time/avg:47.725320759201146 - fully_async/processing_time/max:86.50056407600096 - fully_async/processing_time/min:4.769442071999947 - fully_async/processing_time/tp50:57.02501153999947 - fully_async/processing_time/tp99:86.31036505047985 - fully_async/processing_time/tp95:84.78519174639969 - fully_async/monitor/active_tasks_size:16.0 - fully_async/monitor/queue/pending_queue_size:128.0 - fully_async/monitor/queue/mq_queue_size:0.0 - fully_async/count/total_generated_samples:1216.0 - fully_async/count/staleness_samples:80.0 - fully_async/count/dropped_stale_samples:0.0 - fully_async/static/max_required_samples:576.0 - fully_async/static/required_samples:64.0 - fully_async/static/staleness_threshold:8.0 - fully_async/static/max_queue_size:576.0 - fully_async/static/max_concurrent_samples:16.0 - fully_async/partial/total_partial_num:111.0 - fully_async/partial/partial_ratio:0.216796875 - fully_async/partial/max_partial_span:1.0 - timing_s/agent_loop/tool_calls/max:0.0 - timing_s/agent_loop/tool_calls/min:0.0 - timing_s/agent_loop/tool_calls/mean:0.0 - fully_async/total_wait_time:91.37988686561584 - actor/pg_clipfrac:0.0003101260116700148 - actor/ppo_kl:0.0006235258350538653 - actor/pg_clipfrac_lower:9.68497754580002e-07 - actor/pg_loss:0.0676109229116264 - actor/loss:0.06761091947555542 - actor/grad_norm:0.02609989605844021 - actor/lr:1e-06 - actor/perf/max_memory_allocated_gb:40.25760555267334 - actor/perf/max_memory_reserved_gb:73.146484375 - actor/perf/cpu_memory_used_gb:51.858238220214844 - perf/mfu/actor:0.3227232997017076 - dynamic_resource/train_compute_time_s:125.41932938600075 - dynamic_resource/train_allocated_time_s:225.03945112228394 - critic/score/mean:-0.5078125 - critic/score/max:1.0 - critic/score/min:-1.0 - critic/rewards/mean:-0.5078125 - critic/rewards/max:1.0 - critic/rewards/min:-1.0 - critic/advantages/mean:-0.06760989129543304 - critic/advantages/max:2.474870204925537 - critic/advantages/min:-2.474870204925537 - critic/returns/mean:-0.06760989129543304 - critic/returns/max:2.474870204925537 - critic/returns/min:-2.474870204925537 - response_length/mean:6030.447265625 - response_length/max:8192.0 - response_length/min:749.0 - response_length/clip_ratio:0.4765625 - response_length_non_aborted/mean:6030.447265625 - response_length_non_aborted/max:8192.0 - response_length_non_aborted/min:749.0 - response_length_non_aborted/clip_ratio:0.4765625 - response/aborted_ratio:0.0 - prompt_length/mean:137.859375 - prompt_length/max:302.0 - prompt_length/min:75.0 - prompt_length/clip_ratio:0.0 - num_turns/min:2.0 - num_turns/max:2.0 - num_turns/mean:2.0 - timing_s/start_profile:5.746998795075342e-06 - timing_s/gen:91.71970900300039 - timing_s/reward:1.8797998563968576e-05 - timing_s/adv:0.00999420400148665 - timing_s/update_actor:125.4093163840007 - timing_s/timing_s/param_sync:1.139627410000685 - timing_s/step:225.03946990300028 - timing_s/stop_profile:4.447001629159786e-06 - timing_per_token_ms/adv:3.1645524173269325e-06 - timing_per_token_ms/update_actor:0.0397094511237987 - timing_per_token_ms/gen:0.02970593204050163 - perf/total_num_tokens:3158173.0 - perf/time_per_step:225.03946990300028 - perf/throughput:7016.93129956554 - dynamic_resource/mq_size:36.0 - fully_async/trainer/idle_ratio:0.4075716541748642 - dynamic_resource/train_resource_utilization:0.5573215218955067 - dynamic_resource/rollout_resource_utilization:0.999999083313201 - dynamic_resource/resource_utilization:0.7786603026043538
[36m(FullyAsyncTrainer pid=15034)[0m Training Progress:  26%|██▋       | 21/80 [1:21:00<3:45:28, 229.30s/it]
[36m(FullyAsyncRollouter pid=17033)[0m [FullyAsyncRollouter][RolloutResourceUtilization] raw active_count_history (timestamp, active_count, max_concurrent): [(1785028341.5432968, 15, 16), (1785028341.5434327, 16, 16), (1785028342.067079, 15, 16), (1785028342.067107, 16, 16), (1785028351.5974045, 15, 16), (1785028351.5974603, 16, 16), (1785028352.5590718, 15, 16), (1785028352.5591013, 16, 16), (1785028363.6175637, 15, 16), (1785028363.6176233, 16, 16), (1785028364.5583854, 15, 16), (1785028364.5584137, 16, 16), (1785028369.7920644, 15, 16), (1785028369.792093, 16, 16), (1785028369.8595984, 15, 16), (1785028369.8596268, 16, 16), (1785028374.9931822, 15, 16), (1785028374.9932413, 16, 16), (1785028378.9848216, 15, 16), (1785028378.9848516, 16, 16), (1785028379.7537303, 15, 16), (1785028379.753759, 16, 16), (1785028381.546841, 15, 16), (1785028381.5468676, 16, 16), (1785028384.3712964, 15, 16), (1785028384.371326, 16, 16), (1785028387.7036135, 15, 16), (1785028387.7036743, 16, 16), (1785028389.189529, 15, 16), (1785028389.189557, 16, 16), (1785028396.2606654, 15, 16), (1785028396.260695, 16, 16), (1785028396.3573384, 15, 16), (1785028396.357369, 16, 16), (1785028396.3604038, 15, 16), (1785028396.36042, 16, 16), (1785028400.131794, 15, 16), (1785028400.1318643, 16, 16), (1785028401.1800015, 15, 16), (1785028401.1800318, 16, 16), (1785028409.1444023, 15, 16), (1785028409.1444306, 16, 16), (1785028409.8931623, 15, 16), (1785028409.8931909, 16, 16), (1785028410.5738957, 15, 16), (1785028410.5739584, 16, 16), (1785028411.9486783, 15, 16), (1785028411.9487078, 16, 16), (1785028420.5006986, 15, 16), (1785028420.5007255, 16, 16), (1785028420.95645, 15, 16), (1785028420.9565172, 16, 16), (1785028425.6075263, 15, 16), (1785028425.6075637, 16, 16), (1785028435.35124, 15, 16), (1785028435.3513153, 16, 16), (1785028436.1685483, 15, 16), (1785028436.1685753, 16, 16), (1785028440.7793932, 15, 16), (1785028440.779423, 16, 16), (1785028444.322452, 15, 16), (1785028444.3224812, 16, 16), (1785028445.8882096, 15, 16), (1785028445.8882794, 16, 16), (1785028451.992698, 15, 16), (1785028451.9927273, 16, 16), (1785028452.8854864, 15, 16), (1785028452.8855155, 16, 16), (1785028453.0513687, 15, 16), (1785028453.0513961, 16, 16), (1785028453.8925686, 15, 16), (1785028453.89261, 16, 16), (1785028456.2981863, 15, 16), (1785028456.298248, 16, 16), (1785028457.138589, 15, 16), (1785028457.1386175, 16, 16), (1785028457.8294408, 15, 16), (1785028457.8294792, 16, 16), (1785028463.0365841, 15, 16), (1785028463.0366147, 16, 16), (1785028465.385692, 15, 16), (1785028465.3857198, 16, 16), (1785028465.45276, 15, 16), (1785028465.4527826, 16, 16), (1785028468.0327106, 15, 16), (1785028468.0327728, 16, 16), (1785028468.194652, 15, 16), (1785028468.1946821, 16, 16), (1785028468.755729, 15, 16), (1785028468.7557573, 16, 16), (1785028485.147462, 15, 16), (1785028485.1475213, 16, 16), (1785028488.5962825, 15, 16), (1785028488.5963185, 16, 16), (1785028488.6495585, 15, 16), (1785028488.6495855, 16, 16), (1785028488.6533918, 15, 16), (1785028488.6534076, 16, 16), (1785028501.039731, 15, 16), (1785028501.0397935, 16, 16), (1785028505.3516536, 15, 16), (1785028505.351683, 16, 16), (1785028505.5415776, 15, 16), (1785028505.5416033, 16, 16), (1785028506.467832, 15, 16), (1785028506.4678597, 16, 16), (1785028507.0700374, 15, 16), (1785028507.0700717, 16, 16), (1785028508.9019144, 15, 16), (1785028508.9019508, 16, 16), (1785028509.9614809, 15, 16), (1785028509.9615104, 16, 16), (1785028516.435681, 15, 16), (1785028516.4357412, 16, 16), (1785028517.551681, 15, 16), (1785028517.5517156, 16, 16), (1785028518.8878896, 15, 16), (1785028518.8879178, 16, 16), (1785028518.9213476, 15, 16), (1785028518.9213727, 16, 16), (1785028522.077714, 15, 16), (1785028522.077742, 16, 16), (1785028523.1647797, 15, 16), (1785028523.1648226, 16, 16), (1785028539.496622, 15, 16), (1785028539.4966793, 16, 16), (1785028543.015688, 15, 16), (1785028543.0157206, 16, 16), (1785028547.4762535, 15, 16), (1785028547.47629, 16, 16), (1785028547.7054887, 15, 16), (1785028547.7055163, 16, 16), (1785028547.7104528, 15, 16), (1785028547.7104766, 16, 16), (1785028587.3735242, 15, 16), (1785028587.3745458, 15, 16)]
[36m(FullyAsyncRollouter pid=17033)[0m [FullyAsyncRollouter][Public][reset_staleness] reset staleness_samples to: 54 idle_ratio: 0.0000 step_generated_samples(this_step): 67 rollout_resource_utilization: 1.0000 recent_history(last 10 steps): [(13, 56), (14, 72), (15, 56), (16, 69), (17, 62), (18, 62), (19, 66), (20, 64), (21, 61), (22, 67)]
[36m(FullyAsyncTrainer pid=15034)[0m [FullyAsyncTrainer] Requesting 64 samples from queue
[36m(FullyAsyncTrainer pid=15034)[0m [FullyAsyncTrainer] sample collected 1/64. mq_len: 38
[36m(FullyAsyncTrainer pid=15034)[0m [FullyAsyncTrainer] sample collected 2/64. mq_len: 37
[36m(FullyAsyncTrainer pid=15034)[0m [FullyAsyncTrainer] sample collected 3/64. mq_len: 36
[36m(FullyAsyncTrainer pid=15034)[0m [FullyAsyncTrainer] sample collected 4/64. mq_len: 35
[36m(FullyAsyncTrainer pid=15034)[0m [FullyAsyncTrainer] sample collected 5/64. mq_len: 34
[36m(FullyAsyncTrainer pid=15034)[0m [FullyAsyncTrainer] sample collected 6/64. mq_len: 33
[36m(FullyAsyncTrainer pid=15034)[0m [FullyAsyncTrainer] sample collected 7/64. mq_len: 32
[36m(FullyAsyncTrainer pid=15034)[0m [FullyAsyncTrainer] sample collected 8/64. mq_len: 31
[36m(FullyAsyncTrainer pid=15034)[0m [FullyAsyncTrainer] sample collected 9/64. mq_len: 30
[36m(FullyAsyncTrainer pid=15034)[0m [FullyAsyncTrainer] sample collected 10/64. mq_len: 29
[36m(FullyAsyncTrainer pid=15034)[0m [FullyAsyncTrainer] sample collected 11/64. mq_len: 28
[36m(FullyAsyncTrainer pid=15034)[0m [FullyAsyncTrainer] sample collected 12/64. mq_len: 27
[36m(FullyAsyncTrainer pid=15034)[0m [FullyAsyncTrainer] sample collected 13/64. mq_len: 26
[36m(FullyAsyncTrainer pid=15034)[0m [FullyAsyncTrainer] sample collected 14/64. mq_len: 25
[36m(FullyAsyncTrainer pid=15034)[0m [FullyAsyncTrainer] sample collected 15/64. mq_len: 24
[36m(FullyAsyncTrainer pid=15034)[0m [FullyAsyncTrainer] sample collected 16/64. mq_len: 23
[36m(FullyAsyncTrainer pid=15034)[0m [FullyAsyncTrainer] sample collected 17/64. mq_len: 22
[36m(FullyAsyncTrainer pid=15034)[0m [FullyAsyncTrainer] sample collected 18/64. mq_len: 21
[36m(FullyAsyncTrainer pid=15034)[0m [FullyAsyncTrainer] sample collected 19/64. mq_len: 20
[36m(FullyAsyncTrainer pid=15034)[0m [FullyAsyncTrainer] sample collected 20/64. mq_len: 19
[36m(FullyAsyncTrainer pid=15034)[0m [FullyAsyncTrainer] sample collected 21/64. mq_len: 18
[36m(FullyAsyncTrainer pid=15034)[0m [FullyAsyncTrainer] sample collected 22/64. mq_len: 17
[36m(FullyAsyncTrainer pid=15034)[0m [FullyAsyncTrainer] sample collected 23/64. mq_len: 16
[36m(FullyAsyncTrainer pid=15034)[0m [FullyAsyncTrainer] sample collected 24/64. mq_len: 15
[36m(FullyAsyncTrainer pid=15034)[0m [FullyAsyncTrainer] sample collected 25/64. mq_len: 14
[36m(FullyAsyncTrainer pid=15034)[0m [FullyAsyncTrainer] sample collected 26/64. mq_len: 13
[36m(FullyAsyncTrainer pid=15034)[0m [FullyAsyncTrainer] sample collected 27/64. mq_len: 12
[36m(FullyAsyncTrainer pid=15034)[0m [FullyAsyncTrainer] sample collected 28/64. mq_len: 11
[36m(FullyAsyncTrainer pid=15034)[0m [FullyAsyncTrainer] sample collected 29/64. mq_len: 10
[36m(FullyAsyncTrainer pid=15034)[0m [FullyAsyncTrainer] sample collected 30/64. mq_len: 9
[36m(FullyAsyncTrainer pid=15034)[0m [FullyAsyncTrainer] sample collected 31/64. mq_len: 8
[36m(FullyAsyncTrainer pid=15034)[0m [FullyAsyncTrainer] sample collected 32/64. mq_len: 7
[36m(FullyAsyncTrainer pid=15034)[0m [FullyAsyncTrainer] sample collected 33/64. mq_len: 6
[36m(FullyAsyncTrainer pid=15034)[0m [FullyAsyncTrainer] sample collected 34/64. mq_len: 5
[36m(FullyAsyncTrainer pid=15034)[0m [FullyAsyncTrainer] sample collected 35/64. mq_len: 4
[36m(FullyAsyncTrainer pid=15034)[0m [FullyAsyncTrainer] sample collected 36/64. mq_len: 3
[36m(FullyAsyncTrainer pid=15034)[0m [FullyAsyncTrainer] sample collected 37/64. mq_len: 2
[36m(FullyAsyncTrainer pid=15034)[0m [FullyAsyncTrainer] sample collected 38/64. mq_len: 1
[36m(FullyAsyncTrainer pid=15034)[0m [FullyAsyncTrainer] sample collected 39/64. mq_len: 0
[36m(FullyAsyncTrainer pid=15034)[0m [FullyAsyncTrainer] sample collected 40/64. mq_len: 0
[36m(FullyAsyncTrainer pid=15034)[0m [FullyAsyncTrainer] sample collected 41/64. mq_len: 0
[36m(FullyAsyncTrainer pid=15034)[0m [FullyAsyncTrainer] sample collected 42/64. mq_len: 0
[36m(FullyAsyncTrainer pid=15034)[0m [FullyAsyncTrainer] sample collected 43/64. mq_len: 0
[36m(FullyAsyncRollouter pid=17033)[0m [FullyAsyncRollouter][MonitorLoop][Statistics] {'count/dropped_stale_samples': 0,
[36m(FullyAsyncRollouter pid=17033)[0m  'count/staleness_samples': 59,
[36m(FullyAsyncRollouter pid=17033)[0m  'count/total_generated_samples': 1387,
[36m(FullyAsyncRollouter pid=17033)[0m  'monitor/active_tasks_size': 16,
[36m(FullyAsyncRollouter pid=17033)[0m  'monitor/queue/mq_queue_size': 0,
[36m(FullyAsyncRollouter pid=17033)[0m  'monitor/queue/pending_queue_size': 128,
[36m(FullyAsyncRollouter pid=17033)[0m  'static/max_concurrent_samples': 16,
[36m(FullyAsyncRollouter pid=17033)[0m  'static/max_queue_size': 576,
[36m(FullyAsyncRollouter pid=17033)[0m  'static/max_required_samples': 576,
[36m(FullyAsyncRollouter pid=17033)[0m  'static/required_samples': 64,
[36m(FullyAsyncRollouter pid=17033)[0m  'static/staleness_threshold': 8}
[36m(FullyAsyncTrainer pid=15034)[0m [FullyAsyncTrainer] sample collected 44/64. mq_len: 0
[36m(FullyAsyncTrainer pid=15034)[0m [FullyAsyncTrainer] sample collected 45/64. mq_len: 0
[36m(FullyAsyncTrainer pid=15034)[0m [FullyAsyncTrainer] sample collected 46/64. mq_len: 0
[36m(FullyAsyncTrainer pid=15034)[0m [FullyAsyncTrainer] sample collected 47/64. mq_len: 0
[36m(FullyAsyncTrainer pid=15034)[0m [FullyAsyncTrainer] sample collected 48/64. mq_len: 0
[36m(FullyAsyncTrainer pid=15034)[0m [FullyAsyncTrainer] sample collected 49/64. mq_len: 0
[36m(FullyAsyncTrainer pid=15034)[0m [FullyAsyncTrainer] sample collected 50/64. mq_len: 0
[36m(FullyAsyncTrainer pid=15034)[0m [FullyAsyncTrainer] sample collected 51/64. mq_len: 0
[36m(FullyAsyncTrainer pid=15034)[0m [FullyAsyncTrainer] sample collected 52/64. mq_len: 0
[36m(FullyAsyncTrainer pid=15034)[0m [FullyAsyncTrainer] sample collected 53/64. mq_len: 0
[36m(FullyAsyncTrainer pid=15034)[0m [FullyAsyncTrainer] sample collected 54/64. mq_len: 0
[36m(FullyAsyncTrainer pid=15034)[0m [FullyAsyncTrainer] sample collected 55/64. mq_len: 0
[36m(FullyAsyncTrainer pid=15034)[0m [FullyAsyncTrainer] sample collected 56/64. mq_len: 0
[36m(MessageQueue pid=23825)[0m MessageQueue stats: produced=1400, queue_size=1
[36m(FullyAsyncTrainer pid=15034)[0m [FullyAsyncTrainer] sample collected 57/64. mq_len: 0
[36m(FullyAsyncTrainer pid=15034)[0m [FullyAsyncTrainer] sample collected 58/64. mq_len: 0
[36m(FullyAsyncTrainer pid=15034)[0m [FullyAsyncTrainer] sample collected 59/64. mq_len: 0
[36m(FullyAsyncTrainer pid=15034)[0m [FullyAsyncTrainer] sample collected 60/64. mq_len: 0
[36m(FullyAsyncTrainer pid=15034)[0m [FullyAsyncTrainer] sample collected 61/64. mq_len: 0
[36m(FullyAsyncRollouter pid=17033)[0m [FullyAsyncRollouter][MonitorLoop][Statistics] {'count/dropped_stale_samples': 0,
[36m(FullyAsyncRollouter pid=17033)[0m  'count/staleness_samples': 77,
[36m(FullyAsyncRollouter pid=17033)[0m  'count/total_generated_samples': 1405,
[36m(FullyAsyncRollouter pid=17033)[0m  'monitor/active_tasks_size': 16,
[36m(FullyAsyncRollouter pid=17033)[0m  'monitor/queue/mq_queue_size': 0,
[36m(FullyAsyncRollouter pid=17033)[0m  'monitor/queue/pending_queue_size': 128,
[36m(FullyAsyncRollouter pid=17033)[0m  'static/max_concurrent_samples': 16,
[36m(FullyAsyncRollouter pid=17033)[0m  'static/max_queue_size': 576,
[36m(FullyAsyncRollouter pid=17033)[0m  'static/max_required_samples': 576,
[36m(FullyAsyncRollouter pid=17033)[0m  'static/required_samples': 64,
[36m(FullyAsyncRollouter pid=17033)[0m  'static/staleness_threshold': 8}
[36m(FullyAsyncTrainer pid=15034)[0m [FullyAsyncTrainer] sample collected 62/64. mq_len: 0
[36m(FullyAsyncTrainer pid=15034)[0m [FullyAsyncTrainer] sample collected 63/64. mq_len: 0
[36m(FullyAsyncTrainer pid=15034)[0m [FullyAsyncTrainer] sample collected 64/64. mq_len: 0
[36m(FullyAsyncTrainer pid=15034)[0m [FullyAsyncTrainer] Collected 64/64 samples. mq_len: 0
[36m(FullyAsyncTrainer pid=15034)[0m [FullyAsyncTrainer] Loop collection completed: 64/64 samples, total wait time: 78.83 seconds. mq_len: 0
[36m(FullyAsyncTrainer pid=15034)[0m [BatchUtils] Assembling batch from 64 RolloutSample objects
[36m(FullyAsyncTrainer pid=15034)[0m [BatchUtils] Batch assembly completed in 0.24s
[36m(FullyAsyncRollouter pid=17033)[0m [FullyAsyncRollouter][MonitorLoop][Statistics] {'count/dropped_stale_samples': 0,
[36m(FullyAsyncRollouter pid=17033)[0m  'count/staleness_samples': 101,
[36m(FullyAsyncRollouter pid=17033)[0m  'count/total_generated_samples': 1429,
[36m(FullyAsyncRollouter pid=17033)[0m  'monitor/active_tasks_size': 16,
[36m(FullyAsyncRollouter pid=17033)[0m  'monitor/queue/mq_queue_size': 21,
[36m(FullyAsyncRollouter pid=17033)[0m  'monitor/queue/pending_queue_size': 128,
[36m(FullyAsyncRollouter pid=17033)[0m  'static/max_concurrent_samples': 16,
[36m(FullyAsyncRollouter pid=17033)[0m  'static/max_queue_size': 576,
[36m(FullyAsyncRollouter pid=17033)[0m  'static/max_required_samples': 576,
[36m(FullyAsyncRollouter pid=17033)[0m  'static/required_samples': 64,
[36m(FullyAsyncRollouter pid=17033)[0m  'static/staleness_threshold': 8}
[36m(FullyAsyncRollouter pid=17033)[0m [FullyAsyncRollouter][MonitorLoop][Statistics] {'count/dropped_stale_samples': 0,
[36m(FullyAsyncRollouter pid=17033)[0m  'count/staleness_samples': 120,
[36m(FullyAsyncRollouter pid=17033)[0m  'count/total_generated_samples': 1448,
[36m(FullyAsyncRollouter pid=17033)[0m  'monitor/active_tasks_size': 16,
[36m(FullyAsyncRollouter pid=17033)[0m  'monitor/queue/mq_queue_size': 40,
[36m(FullyAsyncRollouter pid=17033)[0m  'monitor/queue/pending_queue_size': 128,
[36m(FullyAsyncRollouter pid=17033)[0m  'static/max_concurrent_samples': 16,
[36m(FullyAsyncRollouter pid=17033)[0m  'static/max_queue_size': 576,
[36m(FullyAsyncRollouter pid=17033)[0m  'static/max_required_samples': 576,
[36m(FullyAsyncRollouter pid=17033)[0m  'static/required_samples': 64,
[36m(FullyAsyncRollouter pid=17033)[0m  'static/staleness_threshold': 8}
[36m(FullyAsyncTrainer pid=15034)[0m [FullyAsyncTrainer] global_steps: 22 local_trigger_step: 1 trigger_parameter_sync_step: 1 01:19:51.347
[36m(vLLMHttpServer pid=19207)[0m (Worker pid=20572) WARNING 07-26 01:19:52 [layerwise.py:225] RotaryEmbedding: Failed to load weights
[36m(vLLMHttpServer pid=19207)[0m (EngineCore pid=20179) WARNING 07-26 01:19:52 [scheduler.py:1919] reset_connector called but no KV connector is configured.
[36m(FullyAsyncTrainer pid=15034)[0m [FullyAsyncTrainer] _fit_update_weights, timing_s/param_sync: 1.1567 seconds self.current_param_version: 22
[36m(FullyAsyncTrainer pid=15034)[0m step:22 - fully_async/rollouter/active_time:208.83207821846008 - fully_async/rollouter/version_time:208.83207821846008 - fully_async/rollouter/idle_ratio:0 - fully_async/rollouter/step_generated_samples:66 - dynamic_resource/rollout_resource_utilization:0.9999989308208385
[36m(FullyAsyncTrainer pid=15034)[0m aggregated metrics done. cost 0.0002 seconds.
[36m(FullyAsyncTrainer pid=15034)[0m step:22 - training/global_step:21.0 - training/epoch:0.0 - fully_async/count/stale_trajectory_processed:6551.0 - fully_async/count/current_param_version:20.0 - fully_async/processing_time/avg:44.056061511353526 - fully_async/processing_time/max:78.219751016999 - fully_async/processing_time/min:2.280420189999859 - fully_async/processing_time/tp50:52.37208317749992 - fully_async/processing_time/tp99:78.13400788694034 - fully_async/processing_time/tp95:76.60560235084985 - fully_async/monitor/active_tasks_size:16.0 - fully_async/monitor/queue/pending_queue_size:128.0 - fully_async/monitor/queue/mq_queue_size:0.0 - fully_async/count/total_generated_samples:1280.0 - fully_async/count/staleness_samples:80.0 - fully_async/count/dropped_stale_samples:0.0 - fully_async/static/max_required_samples:576.0 - fully_async/static/required_samples:64.0 - fully_async/static/staleness_threshold:8.0 - fully_async/static/max_queue_size:576.0 - fully_async/static/max_concurrent_samples:16.0 - fully_async/partial/total_partial_num:93.0 - fully_async/partial/partial_ratio:0.181640625 - fully_async/partial/max_partial_span:1.0 - timing_s/agent_loop/tool_calls/max:0.0 - timing_s/agent_loop/tool_calls/min:0.0 - timing_s/agent_loop/tool_calls/mean:0.0 - fully_async/total_wait_time:94.59160494804382 - actor/pg_clipfrac:0.0002623933552570179 - actor/ppo_kl:0.0005749091191944444 - actor/pg_clipfrac_lower:6.517629742575082e-07 - actor/pg_loss:0.06261175120744156 - actor/loss:0.06261174380779266 - actor/grad_norm:0.02513827756047249 - actor/lr:1e-06 - actor/perf/max_memory_allocated_gb:40.25760555267334 - actor/perf/max_memory_reserved_gb:73.146484375 - actor/perf/cpu_memory_used_gb:52.16339111328125 - perf/mfu/actor:0.3247485752045789 - dynamic_resource/train_compute_time_s:123.76700818900099 - dynamic_resource/train_allocated_time_s:245.79559087753296 - critic/score/mean:-0.5625 - critic/score/max:1.0 - critic/score/min:-1.0 - critic/rewards/mean:-0.5625 - critic/rewards/max:1.0 - critic/rewards/min:-1.0 - critic/advantages/mean:-0.06258831918239594 - critic/advantages/max:2.474870204925537 - critic/advantages/min:-2.474870204925537 - critic/returns/mean:-0.06258831918239594 - critic/returns/max:2.474870204925537 - critic/returns/min:-2.474870204925537 - response_length/mean:5971.431640625 - response_length/max:8192.0 - response_length/min:356.0 - response_length/clip_ratio:0.45703125 - response_length_non_aborted/mean:5971.431640625 - response_length_non_aborted/max:8192.0 - response_length_non_aborted/min:356.0 - response_length_non_aborted/clip_ratio:0.45703125 - response/aborted_ratio:0.0 - prompt_length/mean:158.03125 - prompt_length/max:436.0 - prompt_length/min:85.0 - prompt_length/clip_ratio:0.0 - num_turns/min:2.0 - num_turns/max:2.0 - num_turns/mean:2.0 - timing_s/start_profile:5.572999725700356e-06 - timing_s/gen:94.94980822400066 - timing_s/reward:1.7931999536813237e-05 - timing_s/adv:0.00969561600140878 - timing_s/update_actor:123.75729464100004 - timing_s/timing_s/param_sync:1.6230479819987522 - timing_s/step:245.79561001000002 - timing_s/stop_profile:4.07799961976707e-06 - timing_per_token_ms/adv:3.0894631945182735e-06 - timing_per_token_ms/update_actor:0.03943468953297742 - timing_per_token_ms/gen:0.031056010576400284 - perf/total_num_tokens:3138285.0 - perf/time_per_step:245.79561001000002 - perf/throughput:6383.9321619135535 - dynamic_resource/mq_size:39.0 - fully_async/trainer/idle_ratio:0.38629578542976295 - dynamic_resource/train_resource_utilization:0.5035363236058518 - dynamic_resource/rollout_resource_utilization:0.9999989308208385 - dynamic_resource/resource_utilization:0.7517676272133451
[36m(FullyAsyncTrainer pid=15034)[0m Training Progress:  28%|██▊       | 22/80 [1:24:29<3:35:42, 223.15s/it]
[36m(FullyAsyncRollouter pid=17033)[0m [FullyAsyncRollouter][RolloutResourceUtilization] raw active_count_history (timestamp, active_count, max_concurrent): [(1785028587.374872, 15, 16), (1785028587.374967, 16, 16), (1785028592.9095645, 15, 16), (1785028592.9095907, 16, 16), (1785028593.3979719, 15, 16), (1785028593.3979995, 16, 16), (1785028594.471227, 15, 16), (1785028594.4712534, 16, 16), (1785028594.723881, 15, 16), (1785028594.72391, 16, 16), (1785028599.646558, 15, 16), (1785028599.6466208, 16, 16), (1785028607.3846498, 15, 16), (1785028607.3846874, 16, 16), (1785028608.414774, 15, 16), (1785028608.414802, 16, 16), (1785028609.1780846, 15, 16), (1785028609.1781147, 16, 16), (1785028610.5952778, 15, 16), (1785028610.5953865, 16, 16), (1785028614.4586596, 15, 16), (1785028614.4586847, 16, 16), (1785028628.2651587, 15, 16), (1785028628.2652185, 16, 16), (1785028629.6616044, 15, 16), (1785028629.6616313, 16, 16), (1785028631.1563723, 15, 16), (1785028631.156398, 16, 16), (1785028631.7866561, 15, 16), (1785028631.786685, 16, 16), (1785028633.6531496, 15, 16), (1785028633.6531763, 16, 16), (1785028633.7020018, 15, 16), (1785028633.7020242, 16, 16), (1785028633.71741, 15, 16), (1785028633.717428, 16, 16), (1785028649.3221276, 15, 16), (1785028649.3221936, 16, 16), (1785028654.2653933, 15, 16), (1785028654.2654185, 16, 16), (1785028654.4481544, 15, 16), (1785028654.4481797, 16, 16), (1785028655.0714622, 15, 16), (1785028655.0714877, 16, 16), (1785028658.873374, 15, 16), (1785028658.8734007, 16, 16), (1785028661.6838021, 15, 16), (1785028661.683869, 16, 16), (1785028664.6481533, 15, 16), (1785028664.6481807, 16, 16), (1785028666.25841, 15, 16), (1785028666.258437, 16, 16), (1785028667.6999786, 15, 16), (1785028667.7000043, 16, 16), (1785028671.4172258, 15, 16), (1785028671.4172516, 16, 16), (1785028673.0693595, 15, 16), (1785028673.069411, 16, 16), (1785028673.22831, 15, 16), (1785028673.2283328, 16, 16), (1785028683.830408, 15, 16), (1785028683.8304608, 16, 16), (1785028685.0639336, 15, 16), (1785028685.063958, 16, 16), (1785028687.0299215, 15, 16), (1785028687.0299468, 16, 16), (1785028689.5468574, 15, 16), (1785028689.5468817, 16, 16), (1785028693.639919, 15, 16), (1785028693.6399448, 16, 16), (1785028701.6118398, 15, 16), (1785028701.6118937, 16, 16), (1785028704.6216493, 15, 16), (1785028704.6216753, 16, 16), (1785028705.8506193, 15, 16), (1785028705.8506446, 16, 16), (1785028707.593, 15, 16), (1785028707.5930285, 16, 16), (1785028709.6515017, 15, 16), (1785028709.6515265, 16, 16), (1785028709.6852958, 15, 16), (1785028709.6853156, 16, 16), (1785028710.3729708, 15, 16), (1785028710.3729944, 16, 16), (1785028715.0811381, 15, 16), (1785028715.0811942, 16, 16), (1785028715.1075056, 15, 16), (1785028715.1075265, 16, 16), (1785028721.074909, 15, 16), (1785028721.0749338, 16, 16), (1785028722.771827, 15, 16), (1785028722.7718546, 16, 16), (1785028724.9116342, 15, 16), (1785028724.9116635, 16, 16), (1785028730.4305916, 15, 16), (1785028730.4306445, 16, 16), (1785028742.2461107, 15, 16), (1785028742.2461631, 16, 16), (1785028745.0540516, 15, 16), (1785028745.0540764, 16, 16), (1785028746.0550764, 15, 16), (1785028746.0551033, 16, 16), (1785028746.1701343, 15, 16), (1785028746.170162, 16, 16), (1785028752.0430598, 15, 16), (1785028752.0430899, 16, 16), (1785028762.7644775, 15, 16), (1785028762.7645311, 16, 16), (1785028763.4700994, 15, 16), (1785028763.4701257, 16, 16), (1785028765.0211854, 15, 16), (1785028765.0212162, 16, 16), (1785028766.5336823, 15, 16), (1785028766.533706, 16, 16), (1785028766.6964831, 15, 16), (1785028766.6965058, 16, 16), (1785028767.4976058, 15, 16), (1785028767.4976294, 16, 16), (1785028769.0067682, 15, 16), (1785028769.006793, 16, 16), (1785028771.1339757, 15, 16), (1785028771.1340067, 16, 16), (1785028771.1719387, 15, 16), (1785028771.1719613, 16, 16), (1785028771.5485897, 15, 16), (1785028771.5486145, 16, 16), (1785028777.6218271, 15, 16), (1785028777.621883, 16, 16), (1785028782.9823298, 15, 16), (1785028782.9823594, 16, 16), (1785028785.0751848, 15, 16), (1785028785.0752165, 16, 16), (1785028796.2057142, 15, 16), (1785028796.2070372, 15, 16)]
[36m(FullyAsyncRollouter pid=17033)[0m [FullyAsyncRollouter][Public][reset_staleness] reset staleness_samples to: 56 idle_ratio: 0.0000 step_generated_samples(this_step): 66 rollout_resource_utilization: 1.0000 recent_history(last 10 steps): [(14, 72), (15, 56), (16, 69), (17, 62), (18, 62), (19, 66), (20, 64), (21, 61), (22, 67), (23, 66)]
[36m(FullyAsyncTrainer pid=15034)[0m [FullyAsyncTrainer] Requesting 64 samples from queue
[36m(FullyAsyncTrainer pid=15034)[0m [FullyAsyncTrainer] sample collected 1/64. mq_len: 40
[36m(FullyAsyncTrainer pid=15034)[0m [FullyAsyncTrainer] sample collected 2/64. mq_len: 39
[36m(FullyAsyncTrainer pid=15034)[0m [FullyAsyncTrainer] sample collected 3/64. mq_len: 38
[36m(FullyAsyncTrainer pid=15034)[0m [FullyAsyncTrainer] sample collected 4/64. mq_len: 37
[36m(FullyAsyncTrainer pid=15034)[0m [FullyAsyncTrainer] sample collected 5/64. mq_len: 36
[36m(FullyAsyncTrainer pid=15034)[0m [FullyAsyncTrainer] sample collected 6/64. mq_len: 35
[36m(FullyAsyncTrainer pid=15034)[0m [FullyAsyncTrainer] sample collected 7/64. mq_len: 34
[36m(FullyAsyncTrainer pid=15034)[0m [FullyAsyncTrainer] sample collected 8/64. mq_len: 33
[36m(FullyAsyncTrainer pid=15034)[0m [FullyAsyncTrainer] sample collected 9/64. mq_len: 32
[36m(FullyAsyncTrainer pid=15034)[0m [FullyAsyncTrainer] sample collected 10/64. mq_len: 31
[36m(FullyAsyncTrainer pid=15034)[0m [FullyAsyncTrainer] sample collected 11/64. mq_len: 30
[36m(FullyAsyncTrainer pid=15034)[0m [FullyAsyncTrainer] sample collected 12/64. mq_len: 29
[36m(FullyAsyncTrainer pid=15034)[0m [FullyAsyncTrainer] sample collected 13/64. mq_len: 28
[36m(FullyAsyncTrainer pid=15034)[0m [FullyAsyncTrainer] sample collected 14/64. mq_len: 27
[36m(FullyAsyncTrainer pid=15034)[0m [FullyAsyncTrainer] sample collected 15/64. mq_len: 26
[36m(FullyAsyncTrainer pid=15034)[0m [FullyAsyncTrainer] sample collected 16/64. mq_len: 25
[36m(FullyAsyncTrainer pid=15034)[0m [FullyAsyncTrainer] sample collected 17/64. mq_len: 24
[36m(FullyAsyncTrainer pid=15034)[0m [FullyAsyncTrainer] sample collected 18/64. mq_len: 23
[36m(FullyAsyncTrainer pid=15034)[0m [FullyAsyncTrainer] sample collected 19/64. mq_len: 22
[36m(FullyAsyncTrainer pid=15034)[0m [FullyAsyncTrainer] sample collected 20/64. mq_len: 21
[36m(FullyAsyncTrainer pid=15034)[0m [FullyAsyncTrainer] sample collected 21/64. mq_len: 20
[36m(FullyAsyncTrainer pid=15034)[0m [FullyAsyncTrainer] sample collected 22/64. mq_len: 19
[36m(FullyAsyncTrainer pid=15034)[0m [FullyAsyncTrainer] sample collected 23/64. mq_len: 18
[36m(FullyAsyncTrainer pid=15034)[0m [FullyAsyncTrainer] sample collected 24/64. mq_len: 17
[36m(FullyAsyncTrainer pid=15034)[0m [FullyAsyncTrainer] sample collected 25/64. mq_len: 16
[36m(FullyAsyncTrainer pid=15034)[0m [FullyAsyncTrainer] sample collected 26/64. mq_len: 15
[36m(FullyAsyncTrainer pid=15034)[0m [FullyAsyncTrainer] sample collected 27/64. mq_len: 14
[36m(FullyAsyncTrainer pid=15034)[0m [FullyAsyncTrainer] sample collected 28/64. mq_len: 13
[36m(FullyAsyncTrainer pid=15034)[0m [FullyAsyncTrainer] sample collected 29/64. mq_len: 12
[36m(FullyAsyncTrainer pid=15034)[0m [FullyAsyncTrainer] sample collected 30/64. mq_len: 11
[36m(FullyAsyncTrainer pid=15034)[0m [FullyAsyncTrainer] sample collected 31/64. mq_len: 10
[36m(FullyAsyncTrainer pid=15034)[0m [FullyAsyncTrainer] sample collected 32/64. mq_len: 9
[36m(FullyAsyncTrainer pid=15034)[0m [FullyAsyncTrainer] sample collected 33/64. mq_len: 8
[36m(FullyAsyncTrainer pid=15034)[0m [FullyAsyncTrainer] sample collected 34/64. mq_len: 7
[36m(FullyAsyncTrainer pid=15034)[0m [FullyAsyncTrainer] sample collected 35/64. mq_len: 6
[36m(FullyAsyncTrainer pid=15034)[0m [FullyAsyncTrainer] sample collected 36/64. mq_len: 5
[36m(FullyAsyncTrainer pid=15034)[0m [FullyAsyncTrainer] sample collected 37/64. mq_len: 4
[36m(FullyAsyncTrainer pid=15034)[0m [FullyAsyncTrainer] sample collected 38/64. mq_len: 3
[36m(FullyAsyncTrainer pid=15034)[0m [FullyAsyncTrainer] sample collected 39/64. mq_len: 2
[36m(FullyAsyncTrainer pid=15034)[0m [FullyAsyncTrainer] sample collected 40/64. mq_len: 1
[36m(FullyAsyncTrainer pid=15034)[0m [FullyAsyncTrainer] sample collected 41/64. mq_len: 0
[36m(FullyAsyncTrainer pid=15034)[0m [FullyAsyncTrainer] sample collected 42/64. mq_len: 0
[36m(FullyAsyncTrainer pid=15034)[0m [FullyAsyncTrainer] sample collected 43/64. mq_len: 0
[36m(FullyAsyncTrainer pid=15034)[0m [FullyAsyncTrainer] sample collected 44/64. mq_len: 0
[36m(FullyAsyncTrainer pid=15034)[0m [FullyAsyncTrainer] sample collected 45/64. mq_len: 0
[36m(FullyAsyncTrainer pid=15034)[0m [FullyAsyncTrainer] sample collected 46/64. mq_len: 0
[36m(FullyAsyncTrainer pid=15034)[0m [FullyAsyncTrainer] sample collected 47/64. mq_len: 0
[36m(FullyAsyncTrainer pid=15034)[0m [FullyAsyncTrainer] sample collected 48/64. mq_len: 0
[36m(FullyAsyncTrainer pid=15034)[0m [FullyAsyncTrainer] sample collected 49/64. mq_len: 0
[36m(FullyAsyncTrainer pid=15034)[0m [FullyAsyncTrainer] sample collected 50/64. mq_len: 0
[36m(FullyAsyncTrainer pid=15034)[0m [FullyAsyncTrainer] sample collected 51/64. mq_len: 0
[36m(FullyAsyncTrainer pid=15034)[0m [FullyAsyncTrainer] sample collected 52/64. mq_len: 0
[36m(FullyAsyncTrainer pid=15034)[0m [FullyAsyncTrainer] sample collected 53/64. mq_len: 0
[36m(FullyAsyncTrainer pid=15034)[0m [FullyAsyncTrainer] sample collected 54/64. mq_len: 0
[36m(FullyAsyncTrainer pid=15034)[0m [FullyAsyncTrainer] sample collected 55/64. mq_len: 0
[36m(FullyAsyncTrainer pid=15034)[0m [FullyAsyncTrainer] sample collected 56/64. mq_len: 0
[36m(FullyAsyncTrainer pid=15034)[0m [FullyAsyncTrainer] sample collected 57/64. mq_len: 0
[36m(FullyAsyncRollouter pid=17033)[0m [FullyAsyncRollouter][MonitorLoop][Statistics] {'count/dropped_stale_samples': 0,
[36m(FullyAsyncRollouter pid=17033)[0m  'count/staleness_samples': 73,
[36m(FullyAsyncRollouter pid=17033)[0m  'count/total_generated_samples': 1465,
[36m(FullyAsyncRollouter pid=17033)[0m  'monitor/active_tasks_size': 16,
[36m(FullyAsyncRollouter pid=17033)[0m  'monitor/queue/mq_queue_size': 0,
[36m(FullyAsyncRollouter pid=17033)[0m  'monitor/queue/pending_queue_size': 128,
[36m(FullyAsyncRollouter pid=17033)[0m  'static/max_concurrent_samples': 16,
[36m(FullyAsyncRollouter pid=17033)[0m  'static/max_queue_size': 576,
[36m(FullyAsyncRollouter pid=17033)[0m  'static/max_required_samples': 576,
[36m(FullyAsyncRollouter pid=17033)[0m  'static/required_samples': 64,
[36m(FullyAsyncRollouter pid=17033)[0m  'static/staleness_threshold': 8}
[36m(FullyAsyncTrainer pid=15034)[0m [FullyAsyncTrainer] sample collected 58/64. mq_len: 0
[36m(FullyAsyncTrainer pid=15034)[0m [FullyAsyncTrainer] sample collected 59/64. mq_len: 0
[36m(FullyAsyncTrainer pid=15034)[0m [FullyAsyncTrainer] sample collected 60/64. mq_len: 0
[36m(FullyAsyncTrainer pid=15034)[0m [FullyAsyncTrainer] sample collected 61/64. mq_len: 0
[36m(FullyAsyncTrainer pid=15034)[0m [FullyAsyncTrainer] sample collected 62/64. mq_len: 0
[36m(FullyAsyncTrainer pid=15034)[0m [FullyAsyncTrainer] sample collected 63/64. mq_len: 0
[36m(FullyAsyncTrainer pid=15034)[0m [FullyAsyncTrainer] sample collected 64/64. mq_len: 0
[36m(FullyAsyncTrainer pid=15034)[0m [FullyAsyncTrainer] Collected 64/64 samples. mq_len: 0
[36m(FullyAsyncTrainer pid=15034)[0m [FullyAsyncTrainer] Loop collection completed: 64/64 samples, total wait time: 81.38 seconds. mq_len: 0
[36m(FullyAsyncTrainer pid=15034)[0m [BatchUtils] Assembling batch from 64 RolloutSample objects
[36m(FullyAsyncTrainer pid=15034)[0m [BatchUtils] Batch assembly completed in 0.23s
[36m(FullyAsyncRollouter pid=17033)[0m [FullyAsyncRollouter][MonitorLoop][Statistics] {'count/dropped_stale_samples': 0,
[36m(FullyAsyncRollouter pid=17033)[0m  'count/staleness_samples': 96,
[36m(FullyAsyncRollouter pid=17033)[0m  'count/total_generated_samples': 1488,
[36m(FullyAsyncRollouter pid=17033)[0m  'monitor/active_tasks_size': 16,
[36m(FullyAsyncRollouter pid=17033)[0m  'monitor/queue/mq_queue_size': 16,
[36m(FullyAsyncRollouter pid=17033)[0m  'monitor/queue/pending_queue_size': 128,
[36m(FullyAsyncRollouter pid=17033)[0m  'static/max_concurrent_samples': 16,
[36m(FullyAsyncRollouter pid=17033)[0m  'static/max_queue_size': 576,
[36m(FullyAsyncRollouter pid=17033)[0m  'static/max_required_samples': 576,
[36m(FullyAsyncRollouter pid=17033)[0m  'static/required_samples': 64,
[36m(FullyAsyncRollouter pid=17033)[0m  'static/staleness_threshold': 8}
[36m(MessageQueue pid=23825)[0m MessageQueue stats: produced=1500, queue_size=28
[36m(vLLMHttpServer pid=19207)[0m (Worker pid=20572) WARNING 07-26 01:23:05 [multiproc_executor.py:884] WorkerProc was terminated
Traceback (most recent call last):
  File "<frozen runpy>", line 198, in _run_module_as_main
  File "<frozen runpy>", line 88, in _run_code
  File "/workspace/verl-src/verl/experimental/fully_async_policy/fully_async_main.py", line 243, in <module>
    main()
  File "/usr/local/lib/python3.12/dist-packages/hydra/main.py", line 94, in decorated_main
    _run_hydra(
  File "/usr/local/lib/python3.12/dist-packages/hydra/_internal/utils.py", line 394, in _run_hydra
    _run_app(
  File "/usr/local/lib/python3.12/dist-packages/hydra/_internal/utils.py", line 457, in _run_app
    run_and_report(
  File "/usr/local/lib/python3.12/dist-packages/hydra/_internal/utils.py", line 220, in run_and_report
    return func()
           ^^^^^^
  File "/usr/local/lib/python3.12/dist-packages/hydra/_internal/utils.py", line 458, in <lambda>
    lambda: hydra.run(
            ^^^^^^^^^^
  File "/usr/local/lib/python3.12/dist-packages/hydra/_internal/hydra.py", line 119, in run
    ret = run_job(
          ^^^^^^^^
  File "/usr/local/lib/python3.12/dist-packages/hydra/core/utils.py", line 186, in run_job
    ret.return_value = task_function(task_cfg)
                       ^^^^^^^^^^^^^^^^^^^^^^^
  File "/workspace/verl-src/verl/experimental/fully_async_policy/fully_async_main.py", line 238, in main
    run_ppo(config, task_runner_class=FullyAsyncTaskRunner)
  File "/workspace/verl-src/verl/trainer/main_ppo.py", line 94, in run_ppo
    ray.get(runner.run.remote(config))
  File "/usr/local/lib/python3.12/dist-packages/ray/_private/auto_init_hook.py", line 22, in auto_init_wrapper
    return fn(*args, **kwargs)
           ^^^^^^^^^^^^^^^^^^^
  File "/usr/local/lib/python3.12/dist-packages/ray/_private/client_mode_hook.py", line 107, in wrapper
    return func(*args, **kwargs)
           ^^^^^^^^^^^^^^^^^^^^^
  File "/usr/local/lib/python3.12/dist-packages/ray/_private/worker.py", line 2980, in get
    values, debugger_breakpoint = worker.get_objects(
                                  ^^^^^^^^^^^^^^^^^^^
  File "/usr/local/lib/python3.12/dist-packages/ray/_private/worker.py", line 993, in get_objects
    ] = self.core_worker.get_objects(
        ^^^^^^^^^^^^^^^^^^^^^^^^^^^^^
  File "python/ray/_raylet.pyx", line 3012, in ray._raylet.CoreWorker.get_objects
  File "python/ray/includes/common.pxi", line 104, in ray._raylet.check_status
KeyboardInterrupt
