timestamp_ms,gpu_index,gpu_util_pct,mem_util_pct,power_w
1782638040161,0,0,0,70.74
1782638040161,1,0,0,74.59
1782638040161,2,0,0,72.06
1782638040161,3,0,0,69.19
1782638040161,4,0,0,68.21
1782638040161,5,0,0,69.08
1782638040161,6,0,0,65.84
1782638040161,7,0,0,68.82
1782638040492,0,0,0,70.73
1782638040492,1,0,0,74.59
1782638040492,2,0,0,72.06
1782638040492,3,0,0,69.21
1782638040492,4,0,0,68.21
1782638040492,5,0,0,69.11
1782638040492,6,0,0,65.96
1782638040492,7,0,0,68.86
1782638041222,0,0,0,70.72
1782638041222,1,0,0,74.59
1782638041222,2,0,0,72.05
1782638041222,3,0,0,69.24
1782638041222,4,0,0,68.10
1782638041222,5,0,0,69.11
1782638041222,6,0,0,65.97
1782638041222,7,0,0,68.85
1782638041464,0,0,0,70.72
1782638041464,1,0,0,74.58
1782638041464,2,0,0,72.05
1782638041464,3,0,0,69.20
1782638041464,4,0,0,68.15
1782638041464,5,0,0,69.13
1782638041464,6,0,0,65.96
1782638041464,7,0,0,68.86
1782638041707,0,0,0,70.72
1782638041707,1,0,0,74.58
1782638041707,2,0,0,72.05
1782638041707,3,0,0,69.20
1782638041707,4,0,0,68.18
1782638041707,5,0,0,69.12
1782638041707,6,0,0,65.97
1782638041707,7,0,0,68.86
1782638041957,0,0,0,70.71
1782638041957,1,0,0,74.60
1782638041957,2,0,0,72.02
1782638041957,3,0,0,69.21
1782638041957,4,0,0,68.07
1782638041957,5,0,0,69.10
1782638041957,6,0,0,66.03
1782638041957,7,0,0,68.85
1782638042199,0,0,0,70.69
1782638042199,1,0,0,74.61
1782638042199,2,0,0,72.03
1782638042199,3,0,0,69.21
1782638042199,4,0,0,68.17
1782638042199,5,0,0,69.11
1782638042199,6,0,0,66.05
1782638042199,7,0,0,68.86
1782638042441,0,0,0,70.69
1782638042441,1,0,0,74.63
1782638042441,2,0,0,72.04
1782638042441,3,0,0,69.21
1782638042441,4,0,0,68.21
1782638042441,5,0,0,69.06
1782638042441,6,0,0,66.03
1782638042441,7,0,0,68.83
1782638042683,0,0,0,70.68
1782638042683,1,0,0,74.64
1782638042683,2,0,0,72.02
1782638042683,3,0,0,69.21
1782638042683,4,0,0,68.13
1782638042683,5,0,0,69.08
1782638042683,6,0,0,65.98
1782638042683,7,0,0,68.85
1782638042926,0,0,0,70.70
1782638042926,1,0,0,74.64
1782638042926,2,0,0,72.04
1782638042926,3,0,0,69.21
1782638042926,4,0,0,68.16
1782638042926,5,0,0,69.08
1782638042926,6,0,0,65.89
1782638042926,7,0,0,68.86
1782638043228,0,0,0,70.75
1782638043228,1,0,0,74.64
1782638043228,2,0,0,72.02
1782638043228,3,0,0,69.17
1782638043228,4,0,0,68.15
1782638043228,5,0,0,69.06
1782638043228,6,0,0,65.95
1782638043228,7,0,0,68.86
1782638043974,0,0,0,70.75
1782638043974,1,0,0,74.66
1782638043974,2,0,0,72.05
1782638043974,3,0,0,69.19
1782638043974,4,0,0,68.12
1782638043974,5,0,0,69.04
1782638043974,6,0,0,65.90
1782638043974,7,0,0,68.86
1782638045082,0,0,0,70.78
1782638045082,1,0,0,74.61
1782638045082,2,0,0,72.03
1782638045082,3,0,0,69.20
1782638045082,4,0,0,68.18
1782638045082,5,0,0,71.01
1782638045082,6,0,0,66.02
1782638045082,7,0,0,68.90
1782638045919,0,0,0,70.79
1782638045919,1,0,0,74.58
1782638045919,2,0,0,72.05
1782638045919,3,0,0,69.18
1782638045919,4,0,0,68.15
1782638045919,5,0,0,72.23
1782638045919,6,0,0,66.01
1782638045919,7,0,0,68.90
1782638046163,0,0,0,70.77
1782638046163,1,0,0,74.57
1782638046163,2,0,0,72.03
1782638046163,3,0,0,69.18
1782638046163,4,0,0,68.19
1782638046163,5,0,0,72.22
1782638046163,6,0,0,65.99
1782638046163,7,0,0,68.90
1782638046406,0,0,0,70.77
1782638046406,1,0,0,74.58
1782638046406,2,0,0,72.03
1782638046406,3,0,0,69.19
1782638046406,4,0,0,68.12
1782638046406,5,0,0,72.27
1782638046406,6,0,0,65.98
1782638046406,7,0,0,68.86
1782638046651,0,0,0,70.74
1782638046651,1,0,0,74.58
1782638046651,2,0,0,72.03
1782638046651,3,0,0,69.21
1782638046651,4,0,0,68.16
1782638046651,5,0,0,71.87
1782638046651,6,0,0,66.00
1782638046651,7,0,0,68.86
1782638046895,0,0,0,70.72
1782638046895,1,0,0,74.57
1782638046895,2,0,0,72.05
1782638046895,3,0,0,69.25
1782638046895,4,0,0,68.18
1782638046895,5,0,0,69.70
1782638046895,6,0,0,65.98
1782638046895,7,0,0,68.85
1782638047729,0,0,0,70.71
1782638047729,1,0,0,74.58
1782638047729,2,0,0,72.03
1782638047729,3,0,0,69.21
1782638047729,4,0,0,68.16
1782638047729,5,0,0,69.12
1782638047729,6,0,0,65.99
1782638047729,7,0,0,68.84
1782638047975,0,0,0,70.72
1782638047975,1,0,0,74.60
1782638047975,2,0,0,72.04
1782638047975,3,0,0,69.19
1782638047975,4,0,0,68.19
1782638047975,5,0,0,69.13
1782638047975,6,0,0,66.01
1782638047975,7,0,0,68.82
1782638048217,0,0,0,70.74
1782638048217,1,0,0,74.59
1782638048217,2,0,0,72.03
1782638048217,3,0,0,69.18
1782638048217,4,0,0,68.12
1782638048217,5,0,0,69.14
1782638048217,6,0,0,66.01
1782638048217,7,0,0,68.84
1782638048460,0,0,0,70.71
1782638048460,1,0,0,74.60
1782638048460,2,0,0,72.03
1782638048460,3,0,0,69.19
1782638048460,4,0,0,68.18
1782638048460,5,0,0,69.14
1782638048460,6,0,0,66.00
1782638048460,7,0,0,68.83
1782638048704,0,0,0,70.74
1782638048704,1,0,0,74.61
1782638048704,2,0,0,72.02
1782638048704,3,0,0,69.20
1782638048704,4,0,0,68.20
1782638048704,5,0,0,69.14
1782638048704,6,0,0,65.94
1782638048704,7,0,0,68.83
1782638048948,0,0,0,70.74
1782638048948,1,0,0,74.60
1782638048948,2,0,0,71.99
1782638048948,3,0,0,69.18
1782638048948,4,0,0,68.15
1782638048948,5,0,0,69.13
1782638048948,6,0,0,65.90
1782638048948,7,0,0,68.82
1782638049189,0,0,0,70.71
1782638049189,1,0,0,74.64
1782638049189,2,0,0,71.99
1782638049189,3,0,0,69.17
1782638049189,4,0,0,68.17
1782638049189,5,0,0,69.10
1782638049189,6,0,0,65.91
1782638049189,7,0,0,68.85
1782638049436,0,0,0,70.73
1782638049436,1,0,0,74.64
1782638049436,2,0,0,71.99
1782638049436,3,0,0,69.17
1782638049436,4,0,0,68.14
1782638049436,5,0,0,69.07
1782638049436,6,0,0,65.93
1782638049436,7,0,0,68.85
1782638049678,0,0,0,70.73
1782638049678,1,0,0,74.65
1782638049678,2,0,0,71.98
1782638049678,3,0,0,69.16
1782638049678,4,0,0,68.08
1782638049678,5,0,0,69.09
1782638049678,6,0,0,65.96
1782638049678,7,0,0,68.85
1782638049922,0,0,0,70.75
1782638049922,1,0,0,74.66
1782638049922,2,0,0,71.99
1782638049922,3,0,0,69.18
1782638049922,4,0,0,68.14
1782638049922,5,0,0,69.07
1782638049922,6,0,0,65.95
1782638049922,7,0,0,68.84
1782638050165,0,0,0,70.75
1782638050165,1,0,0,74.65
1782638050165,2,0,0,72.00
1782638050165,3,0,0,69.20
1782638050165,4,0,0,68.17
1782638050165,5,0,0,69.04
1782638050165,6,0,0,65.93
1782638050165,7,0,0,68.85
1782638050406,0,0,0,70.76
1782638050406,1,0,0,74.63
1782638050406,2,0,0,72.01
1782638050406,3,0,0,69.21
1782638050406,4,0,0,68.10
1782638050406,5,0,0,69.07
1782638050406,6,0,0,65.93
1782638050406,7,0,0,68.87
1782638050649,0,0,0,70.77
1782638050649,1,0,0,74.64
1782638050649,2,0,0,72.01
1782638050649,3,0,0,69.20
1782638050649,4,0,0,68.15
1782638050649,5,0,0,69.04
1782638050649,6,0,0,65.97
1782638050649,7,0,0,68.86
1782638050892,0,0,0,70.79
1782638050892,1,0,0,74.62
1782638050892,2,0,0,72.01
1782638050892,3,0,0,69.19
1782638050892,4,0,0,68.14
1782638050892,5,0,0,69.05
1782638050892,6,0,0,66.02
1782638050892,7,0,0,68.89
1782638051137,0,0,0,70.79
1782638051137,1,0,0,74.62
1782638051137,2,0,0,71.99
1782638051137,3,0,0,69.18
1782638051137,4,0,0,68.11
1782638051137,5,0,0,69.07
1782638051137,6,0,0,66.07
1782638051137,7,0,0,68.88
1782638051380,0,0,0,70.78
1782638051380,1,0,0,74.63
1782638051380,2,0,0,71.99
1782638051380,3,0,0,69.16
1782638051380,4,0,0,68.11
1782638051380,5,0,0,69.07
1782638051380,6,0,0,66.07
1782638051380,7,0,0,68.87
1782638051623,0,0,0,70.78
1782638051623,1,0,0,74.63
1782638051623,2,0,0,72.00
1782638051623,3,0,0,69.17
1782638051623,4,0,0,68.08
1782638051623,5,0,0,69.06
1782638051623,6,0,0,66.04
1782638051623,7,0,0,68.91
1782638051871,0,0,0,70.75
1782638051871,1,0,0,74.62
1782638051871,2,0,0,71.99
1782638051871,3,0,0,69.17
1782638051871,4,0,0,68.07
1782638051871,5,0,0,69.08
1782638051871,6,0,0,66.04
1782638051871,7,0,0,68.88
1782638052120,0,0,0,70.74
1782638052120,1,0,0,74.61
1782638052120,2,0,0,72.00
1782638052120,3,0,0,69.19
1782638052120,4,0,0,68.15
1782638052120,5,0,0,69.05
1782638052120,6,0,0,66.06
1782638052120,7,0,0,68.88
1782638052370,0,0,0,70.74
1782638052370,1,0,0,74.61
1782638052370,2,0,0,72.00
1782638052370,3,0,0,69.21
1782638052370,4,0,0,68.14
1782638052370,5,0,0,69.08
1782638052370,6,0,0,66.06
1782638052370,7,0,0,68.85
1782638052617,0,0,0,70.72
1782638052617,1,0,0,74.61
1782638052617,2,0,0,72.01
1782638052617,3,0,0,69.21
1782638052617,4,0,0,68.10
1782638052617,5,0,0,69.07
1782638052617,6,0,0,66.05
1782638052617,7,0,0,68.82
1782638052860,0,0,0,70.75
1782638052860,1,0,0,74.61
1782638052860,2,0,0,72.04
1782638052860,3,0,0,69.22
1782638052860,4,0,0,68.16
1782638052860,5,0,0,69.08
1782638052860,6,0,0,65.98
1782638052860,7,0,0,68.83
1782638053102,0,0,0,70.73
1782638053102,1,0,0,74.60
1782638053102,2,0,0,72.04
1782638053102,3,0,0,69.24
1782638053102,4,0,0,68.13
1782638053102,5,0,0,69.10
1782638053102,6,0,0,65.94
1782638053102,7,0,0,68.82
1782638053600,0,0,0,70.68
1782638053600,1,0,0,74.59
1782638053600,2,0,0,72.01
1782638053600,3,0,0,69.25
1782638053600,4,0,0,68.19
1782638053600,5,0,0,69.06
1782638053600,6,0,0,65.97
1782638053600,7,0,0,68.81
1782638054140,0,0,0,70.70
1782638054140,1,0,0,74.61
1782638054140,2,0,0,72.00
1782638054140,3,0,0,69.25
1782638054140,4,0,0,68.09
1782638054140,5,0,0,69.08
1782638054140,6,0,0,65.98
1782638054140,7,0,0,68.85
1782638054423,0,0,0,70.70
1782638054423,1,0,0,74.62
1782638054423,2,0,0,71.98
1782638054423,3,0,0,69.24
1782638054423,4,0,0,68.15
1782638054423,5,0,0,69.07
1782638054423,6,0,0,65.99
1782638054423,7,0,0,68.87
1782638054672,0,0,0,70.71
1782638054672,1,0,0,74.60
1782638054672,2,0,0,71.98
1782638054672,3,0,0,69.22
1782638054672,4,0,0,68.18
1782638054672,5,0,0,69.06
1782638054672,6,0,0,65.97
1782638054672,7,0,0,68.87
1782638054948,0,0,0,70.72
1782638054948,1,0,0,74.57
1782638054948,2,0,0,71.98
1782638054948,3,0,0,69.16
1782638054948,4,0,0,68.17
1782638054948,5,0,0,69.10
1782638054948,6,0,0,65.99
1782638054948,7,0,0,68.88
1782638055227,0,0,0,70.75
1782638055227,1,0,0,74.55
1782638055227,2,0,0,71.97
1782638055227,3,0,0,69.14
1782638055227,4,0,0,68.06
1782638055227,5,0,0,69.11
1782638055227,6,0,0,66.01
1782638055227,7,0,0,68.85
1782638055495,0,0,0,70.72
1782638055495,1,0,0,74.57
1782638055495,2,0,0,72.00
1782638055495,3,0,0,69.15
1782638055495,4,0,0,68.14
1782638055495,5,0,0,69.09
1782638055495,6,0,0,66.01
1782638055495,7,0,0,68.85
1782638055750,0,0,0,70.72
1782638055750,1,0,0,74.60
1782638055750,2,0,0,72.01
1782638055750,3,0,0,69.16
1782638055750,4,0,0,68.17
1782638055750,5,0,0,69.14
1782638055750,6,0,0,65.99
1782638055750,7,0,0,68.86
1782638055999,0,0,0,70.71
1782638055999,1,0,0,74.63
1782638055999,2,0,0,72.00
1782638055999,3,0,0,69.18
1782638055999,4,0,0,68.08
1782638055999,5,0,0,69.10
1782638055999,6,0,0,65.94
1782638055999,7,0,0,68.85
1782638056249,0,0,0,70.71
1782638056249,1,0,0,74.64
1782638056249,2,0,0,72.00
1782638056249,3,0,0,69.18
1782638056249,4,0,0,68.14
1782638056249,5,0,0,69.09
1782638056249,6,0,0,65.89
1782638056249,7,0,0,68.86
1782638056497,0,0,0,70.73
1782638056497,1,0,0,74.64
1782638056497,2,0,0,71.99
1782638056497,3,0,0,69.18
1782638056497,4,0,0,68.14
1782638056497,5,0,0,69.07
1782638056497,6,0,0,65.91
1782638056497,7,0,0,68.87
1782638056747,0,0,0,70.74
1782638056747,1,0,0,74.65
1782638056747,2,0,0,71.99
1782638056747,3,0,0,69.17
1782638056747,4,0,0,68.04
1782638056747,5,0,0,69.04
1782638056747,6,0,0,65.95
1782638056747,7,0,0,68.85
1782638056996,0,0,0,70.75
1782638056996,1,0,0,74.64
1782638056996,2,0,0,71.98
1782638056996,3,0,0,69.16
1782638056996,4,0,0,68.10
1782638056996,5,0,0,69.04
1782638056996,6,0,0,65.96
1782638056996,7,0,0,68.88
1782638057245,0,0,0,70.75
1782638057245,1,0,0,74.62
1782638057245,2,0,0,72.00
1782638057245,3,0,0,69.16
1782638057245,4,0,0,68.12
1782638057245,5,0,0,69.04
1782638057245,6,0,0,65.99
1782638057245,7,0,0,68.89
1782638057493,0,0,0,70.75
1782638057493,1,0,0,74.61
1782638057493,2,0,0,72.00
1782638057493,3,0,0,69.18
1782638057493,4,0,0,68.05
1782638057493,5,0,0,69.05
1782638057493,6,0,0,65.97
1782638057493,7,0,0,68.87
1782638057741,0,0,0,70.73
1782638057741,1,0,0,74.58
1782638057741,2,0,0,72.00
1782638057741,3,0,0,69.20
1782638057741,4,0,0,68.11
1782638057741,5,0,0,69.05
1782638057741,6,0,0,65.94
1782638057741,7,0,0,68.90
1782638057990,0,0,0,70.74
1782638057990,1,0,0,74.57
1782638057990,2,0,0,72.02
1782638057990,3,0,0,69.21
1782638057990,4,0,0,68.14
1782638057990,5,0,0,69.07
1782638057990,6,0,0,65.97
1782638057990,7,0,0,68.89
1782638058240,0,0,0,70.74
1782638058240,1,0,0,74.55
1782638058240,2,0,0,72.00
1782638058240,3,0,0,69.21
1782638058240,4,0,0,68.07
1782638058240,5,0,0,69.02
1782638058240,6,0,0,65.96
1782638058240,7,0,0,68.88
1782638058488,0,0,0,70.73
1782638058488,1,0,0,74.54
1782638058488,2,0,0,71.99
1782638058488,3,0,0,69.21
1782638058488,4,0,0,68.12
1782638058488,5,0,0,69.04
1782638058488,6,0,0,65.96
1782638058488,7,0,0,68.87
1782638058739,0,0,0,70.75
1782638058739,1,0,0,74.56
1782638058739,2,0,0,72.01
1782638058739,3,0,0,69.20
1782638058739,4,0,0,68.11
1782638058739,5,0,0,69.08
1782638058739,6,0,0,65.98
1782638058739,7,0,0,68.84
1782638059119,0,0,0,70.73
1782638059119,1,0,0,74.57
1782638059119,2,0,0,72.00
1782638059119,3,0,0,69.20
1782638059119,4,0,0,68.11
1782638059119,5,0,0,69.11
1782638059119,6,0,0,65.93
1782638059119,7,0,0,68.81
1782638059368,0,0,0,70.71
1782638059368,1,0,0,74.59
1782638059368,2,0,0,72.00
1782638059368,3,0,0,69.22
1782638059368,4,0,0,68.16
1782638059368,5,0,0,69.13
1782638059368,6,0,0,65.93
1782638059368,7,0,0,68.81
1782638059682,0,0,0,70.68
1782638059682,1,0,0,74.60
1782638059682,2,0,0,72.00
1782638059682,3,0,0,69.25
1782638059682,4,0,0,68.07
1782638059682,5,0,0,69.12
1782638059682,6,0,0,65.89
1782638059682,7,0,0,68.82
1782638059933,0,0,0,70.67
1782638059933,1,0,0,74.61
1782638059933,2,0,0,72.01
1782638059933,3,0,0,69.23
1782638059933,4,0,0,68.14
1782638059933,5,0,0,69.14
1782638059933,6,0,0,65.88
1782638059933,7,0,0,68.81
1782638060180,0,0,0,70.66
1782638060180,1,0,0,74.60
1782638060180,2,0,0,72.03
1782638060180,3,0,0,69.21
1782638060180,4,0,0,68.18
1782638060180,5,0,0,69.08
1782638060180,6,0,0,65.87
1782638060180,7,0,0,68.83
1782638060427,0,0,0,70.66
1782638060427,1,0,0,74.61
1782638060427,2,0,0,72.03
1782638060427,3,0,0,69.21
1782638060427,4,0,0,68.09
1782638060427,5,0,0,69.09
1782638060427,6,0,0,65.87
1782638060427,7,0,0,68.84
1782638060677,0,0,0,70.68
1782638060677,1,0,0,74.60
1782638060677,2,0,0,72.03
1782638060677,3,0,0,69.17
1782638060677,4,0,0,68.14
1782638060677,5,0,0,69.05
1782638060677,6,0,0,65.88
1782638060677,7,0,0,68.86
1782638060925,0,0,0,70.69
1782638060925,1,0,0,74.58
1782638060925,2,0,0,72.01
1782638060925,3,0,0,69.16
1782638060925,4,0,0,68.16
1782638060925,5,0,0,69.06
1782638060925,6,0,0,65.91
1782638060925,7,0,0,68.86
1782638061175,0,0,0,70.70
1782638061175,1,0,0,74.58
1782638061175,2,0,0,72.01
1782638061175,3,0,0,69.17
1782638061175,4,0,0,68.06
1782638061175,5,0,0,69.08
1782638061175,6,0,0,65.93
1782638061175,7,0,0,68.84
1782638061426,0,0,0,70.71
1782638061426,1,0,0,74.56
1782638061426,2,0,0,71.99
1782638061426,3,0,0,69.17
1782638061426,4,0,0,68.15
1782638061426,5,0,0,69.05
1782638061426,6,0,0,65.90
1782638061426,7,0,0,68.84
1782638061676,0,0,0,70.73
1782638061676,1,0,0,74.57
1782638061676,2,0,0,71.98
1782638061676,3,0,0,69.18
1782638061676,4,0,0,68.19
1782638061676,5,0,0,69.09
1782638061676,6,0,0,65.87
1782638061676,7,0,0,68.83
1782638061926,0,0,0,70.69
1782638061926,1,0,0,74.58
1782638061926,2,0,0,71.96
1782638061926,3,0,0,69.15
1782638061926,4,0,0,68.09
1782638061926,5,0,0,69.08
1782638061926,6,0,0,65.88
1782638061926,7,0,0,68.83
1782638062232,0,0,0,70.69
1782638062232,1,0,0,74.61
1782638062232,2,0,0,71.93
1782638062232,3,0,0,69.16
1782638062232,4,0,0,68.09
1782638062232,5,0,0,69.09
1782638062232,6,0,0,65.89
1782638062232,7,0,0,68.84
1782638062591,0,0,0,70.70
1782638062591,1,0,0,74.63
1782638062591,2,0,0,71.94
1782638062591,3,0,0,69.14
1782638062591,4,0,0,68.13
1782638062591,5,0,0,69.10
1782638062591,6,0,0,65.94
1782638062591,7,0,0,68.85
1782638062840,0,0,0,70.72
1782638062840,1,0,0,74.63
1782638062840,2,0,0,71.96
1782638062840,3,0,0,69.14
1782638062840,4,0,0,68.12
1782638062840,5,0,0,69.06
1782638062840,6,0,0,65.92
1782638062840,7,0,0,68.84
1782638063089,0,0,0,70.73
1782638063089,1,0,0,74.62
1782638063089,2,0,0,71.96
1782638063089,3,0,0,69.14
1782638063089,4,0,0,68.04
1782638063089,5,0,0,69.06
1782638063089,6,0,0,65.86
1782638063089,7,0,0,68.82
1782638063338,0,0,0,70.71
1782638063338,1,0,0,74.58
1782638063338,2,0,0,72.00
1782638063338,3,0,0,69.19
1782638063338,4,0,0,68.09
1782638063338,5,0,0,69.07
1782638063338,6,0,0,65.90
1782638063338,7,0,0,68.84
1782638064195,0,0,0,70.74
1782638064195,1,0,0,74.56
1782638064195,2,0,0,71.99
1782638064195,3,0,0,69.18
1782638064195,4,0,0,68.03
1782638064195,5,0,0,69.09
1782638064195,6,0,0,65.93
1782638064195,7,0,0,68.85
1782638064445,0,0,0,70.72
1782638064445,1,0,0,74.57
1782638064445,2,0,0,71.98
1782638064445,3,0,0,69.17
1782638064445,4,0,0,68.08
1782638064445,5,0,0,69.04
1782638064445,6,0,0,65.96
1782638064445,7,0,0,68.86
1782638064693,0,0,0,70.73
1782638064693,1,0,0,74.57
1782638064693,2,0,0,71.99
1782638064693,3,0,0,69.17
1782638064693,4,0,0,68.14
1782638064693,5,0,0,69.08
1782638064693,6,0,0,65.96
1782638064693,7,0,0,68.85
1782638064944,0,0,0,70.72
1782638064944,1,0,0,74.58
1782638064944,2,0,0,71.98
1782638064944,3,0,0,69.16
1782638064944,4,0,0,68.11
1782638064944,5,0,0,69.11
1782638064944,6,0,0,66.01
1782638064944,7,0,0,68.85
1782638065253,0,0,0,70.73
1782638065253,1,0,0,74.58
1782638065253,2,0,0,71.97
1782638065253,3,0,0,69.18
1782638065253,4,0,0,68.05
1782638065253,5,0,0,69.04
1782638065253,6,0,0,66.04
1782638065253,7,0,0,68.83
1782638065502,0,0,0,70.75
1782638065502,1,0,0,74.57
1782638065502,2,0,0,71.99
1782638065502,3,0,0,69.20
1782638065502,4,0,0,68.09
1782638065502,5,0,0,69.06
1782638065502,6,0,0,66.03
1782638065502,7,0,0,68.80
1782638065832,0,0,0,70.73
1782638065832,1,0,0,74.58
1782638065832,2,0,0,72.01
1782638065832,3,0,0,69.21
1782638065832,4,0,0,68.11
1782638065832,5,0,0,69.07
1782638065832,6,0,0,65.97
1782638065832,7,0,0,68.80
1782638066080,0,0,0,70.70
1782638066080,1,0,0,74.57
1782638066080,2,0,0,72.01
1782638066080,3,0,0,69.22
1782638066080,4,0,0,68.12
1782638066080,5,0,0,69.01
1782638066080,6,0,0,65.90
1782638066080,7,0,0,68.80
1782638066331,0,0,0,70.69
1782638066331,1,0,0,74.57
1782638066331,2,0,0,72.03
1782638066331,3,0,0,69.22
1782638066331,4,0,0,68.07
1782638066331,5,0,0,69.06
1782638066331,6,0,0,65.95
1782638066331,7,0,0,68.79
1782638066603,0,0,0,70.69
1782638066603,1,0,0,74.58
1782638066603,2,0,0,72.03
1782638066603,3,0,0,69.20
1782638066603,4,0,0,68.14
1782638066603,5,0,0,69.13
1782638066603,6,0,0,65.98
1782638066603,7,0,0,68.82
1782638066854,0,0,0,70.68
1782638066854,1,0,0,74.58
1782638066854,2,0,0,72.01
1782638066854,3,0,0,69.17
1782638066854,4,0,0,68.19
1782638066854,5,0,0,69.07
1782638066854,6,0,0,66.02
1782638066854,7,0,0,68.82
1782638067104,0,0,0,70.68
1782638067104,1,0,0,74.58
1782638067104,2,0,0,72.01
1782638067104,3,0,0,69.17
1782638067104,4,0,0,68.10
1782638067104,5,0,0,69.11
1782638067104,6,0,0,66.00
1782638067104,7,0,0,68.82
1782638067352,0,0,0,70.69
1782638067352,1,0,0,74.60
1782638067352,2,0,0,72.02
1782638067352,3,0,0,69.16
1782638067352,4,0,0,68.15
1782638067352,5,0,0,69.09
1782638067352,6,0,0,65.92
1782638067352,7,0,0,68.83
1782638067600,0,0,0,70.65
1782638067600,1,0,0,74.59
1782638067600,2,0,0,71.99
1782638067600,3,0,0,69.15
1782638067600,4,0,0,68.17
1782638067600,5,0,0,69.06
1782638067600,6,0,0,65.88
1782638067600,7,0,0,68.82
1782638067848,0,0,0,70.67
1782638067848,1,0,0,74.59
1782638067848,2,0,0,71.97
1782638067848,3,0,0,69.14
1782638067848,4,0,0,68.07
1782638067848,5,0,0,69.08
1782638067848,6,0,0,65.90
1782638067848,7,0,0,68.84
1782638068097,0,0,0,70.67
1782638068097,1,0,0,74.59
1782638068097,2,0,0,71.97
1782638068097,3,0,0,69.14
1782638068097,4,0,0,68.14
1782638068097,5,0,0,69.05
1782638068097,6,0,0,65.93
1782638068097,7,0,0,68.83
1782638068347,0,0,0,70.67
1782638068347,1,0,0,74.59
1782638068347,2,0,0,71.94
1782638068347,3,0,0,69.13
1782638068347,4,0,0,68.16
1782638068347,5,0,0,69.07
1782638068347,6,0,0,65.96
1782638068347,7,0,0,68.85
1782638068597,0,0,0,70.69
1782638068597,1,0,0,74.60
1782638068597,2,0,0,71.93
1782638068597,3,0,0,69.15
1782638068597,4,0,0,68.10
1782638068597,5,0,0,69.06
1782638068597,6,0,0,65.98
1782638068597,7,0,0,68.86
1782638068850,0,0,0,70.66
1782638068850,1,0,0,74.61
1782638068850,2,0,0,71.93
1782638068850,3,0,0,69.16
1782638068850,4,0,0,68.13
1782638068850,5,0,0,69.08
1782638068850,6,0,0,65.96
1782638068850,7,0,0,68.86
1782638069100,0,0,0,70.67
1782638069100,1,0,0,74.62
1782638069100,2,0,0,71.92
1782638069100,3,0,0,69.18
1782638069100,4,0,0,68.12
1782638069100,5,0,0,69.06
1782638069100,6,0,0,65.93
1782638069100,7,0,0,68.86
1782638069346,0,0,0,70.67
1782638069346,1,0,0,74.63
1782638069346,2,0,0,71.92
1782638069346,3,0,0,69.17
1782638069346,4,0,0,68.03
1782638069346,5,0,0,69.07
1782638069346,6,0,0,65.95
1782638069346,7,0,0,68.85
1782638069595,0,0,0,70.66
1782638069595,1,0,0,74.63
1782638069595,2,0,0,71.93
1782638069595,3,0,0,69.15
1782638069595,4,0,0,68.09
1782638069595,5,0,0,69.06
1782638069595,6,0,0,65.97
1782638069595,7,0,0,68.82
1782638069845,0,0,0,70.68
1782638069845,1,0,0,74.63
1782638069845,2,0,0,71.93
1782638069845,3,0,0,69.16
1782638069845,4,0,0,68.11
1782638069845,5,0,0,69.04
1782638069845,6,0,0,65.99
1782638069845,7,0,0,68.82
1782638070096,0,0,0,70.68
1782638070096,1,0,0,74.63
1782638070096,2,0,0,71.94
1782638070096,3,0,0,69.15
1782638070096,4,0,0,68.04
1782638070096,5,0,0,69.07
1782638070096,6,0,0,65.99
1782638070096,7,0,0,68.82
1782638070346,0,0,0,70.66
1782638070346,1,0,0,74.60
1782638070346,2,0,0,71.95
1782638070346,3,0,0,69.14
1782638070346,4,0,0,68.08
1782638070346,5,0,0,69.02
1782638070346,6,0,0,65.91
1782638070346,7,0,0,68.83
1782638070602,0,0,0,70.68
1782638070602,1,0,0,74.61
1782638070602,2,0,0,71.96
1782638070602,3,0,0,69.17
1782638070602,4,0,0,68.10
1782638070602,5,0,0,69.08
1782638070602,6,0,0,65.91
1782638070602,7,0,0,68.84
1782638070851,0,0,0,70.68
1782638070851,1,0,0,74.60
1782638070851,2,0,0,71.95
1782638070851,3,0,0,69.19
1782638070851,4,0,0,68.02
1782638070851,5,0,0,69.05
1782638070851,6,0,0,65.91
1782638070851,7,0,0,68.86
1782638071120,0,0,0,70.70
1782638071120,1,0,0,74.56
1782638071120,2,0,0,71.96
1782638071120,3,0,0,69.21
1782638071120,4,0,0,68.04
1782638071120,5,0,0,69.05
1782638071120,6,0,0,65.93
1782638071120,7,0,0,68.86
1782638071371,0,0,0,70.71
1782638071371,1,0,0,74.56
1782638071371,2,0,0,71.96
1782638071371,3,0,0,69.20
1782638071371,4,0,0,68.11
1782638071371,5,0,0,69.10
1782638071371,6,0,0,65.94
1782638071371,7,0,0,68.87
1782638071622,0,0,0,70.71
1782638071622,1,0,0,74.56
1782638071622,2,0,0,71.95
1782638071622,3,0,0,69.18
1782638071622,4,0,0,68.11
1782638071622,5,0,0,69.07
1782638071622,6,0,0,65.93
1782638071622,7,0,0,68.87
1782638071890,0,0,0,70.70
1782638071890,1,0,0,74.56
1782638071890,2,0,0,71.97
1782638071890,3,0,0,69.16
1782638071890,4,0,0,68.07
1782638071890,5,0,0,69.07
1782638071890,6,0,0,65.90
1782638071890,7,0,0,68.85
1782638072138,0,0,0,70.67
1782638072138,1,0,0,74.59
1782638072138,2,0,0,72.00
1782638072138,3,0,0,69.16
1782638072138,4,0,0,68.07
1782638072138,5,0,0,69.12
1782638072138,6,0,0,65.90
1782638072138,7,0,0,68.84
1782638072386,0,0,0,70.67
1782638072386,1,0,0,74.60
1782638072386,2,0,0,71.98
1782638072386,3,0,0,69.20
1782638072386,4,0,0,68.11
1782638072386,5,0,0,69.11
1782638072386,6,0,0,65.92
1782638072386,7,0,0,68.82
1782638072636,0,0,0,70.68
1782638072636,1,0,0,74.60
1782638072636,2,0,0,72.01
1782638072636,3,0,0,69.20
1782638072636,4,0,0,68.19
1782638072636,5,0,0,69.11
1782638072636,6,0,0,65.88
1782638072636,7,0,0,68.82
1782638072886,0,0,0,70.71
1782638072886,1,0,0,74.59
1782638072886,2,0,0,71.99
1782638072886,3,0,0,69.19
1782638072886,4,0,0,68.34
1782638072886,5,0,0,69.09
1782638072886,6,0,0,65.85
1782638072886,7,0,0,68.82
1782638073135,0,0,0,70.71
1782638073135,1,0,0,74.57
1782638073135,2,0,0,71.97
1782638073135,3,0,0,69.17
1782638073135,4,0,0,68.46
1782638073135,5,0,0,69.10
1782638073135,6,0,0,65.82
1782638073135,7,0,0,68.82
1782638073383,0,0,0,70.71
1782638073383,1,0,0,74.58
1782638073383,2,0,0,71.98
1782638073383,3,0,0,69.14
1782638073383,4,0,0,68.46
1782638073383,5,0,0,69.10
1782638073383,6,0,0,65.84
1782638073383,7,0,0,68.85
1782638073631,0,0,0,70.71
1782638073631,1,0,0,74.59
1782638073631,2,0,0,71.96
1782638073631,3,0,0,69.14
1782638073631,4,0,0,68.45
1782638073631,5,0,0,69.08
1782638073631,6,0,0,65.86
1782638073631,7,0,0,68.84
1782638073881,0,0,0,70.69
1782638073881,1,0,0,74.61
1782638073881,2,0,0,71.97
1782638073881,3,0,0,69.14
1782638073881,4,0,0,68.44
1782638073881,5,0,0,69.07
1782638073881,6,0,0,65.90
1782638073881,7,0,0,68.83
1782638074132,0,0,0,70.70
1782638074132,1,0,0,74.61
1782638074132,2,0,0,71.99
1782638074132,3,0,0,69.16
1782638074132,4,0,0,68.38
1782638074132,5,0,0,69.09
1782638074132,6,0,0,65.89
1782638074132,7,0,0,68.81
1782638074380,0,0,0,70.68
1782638074380,1,0,0,74.61
1782638074380,2,0,0,71.96
1782638074380,3,0,0,69.16
1782638074380,4,0,0,68.47
1782638074380,5,0,0,69.05
1782638074380,6,0,0,65.82
1782638074380,7,0,0,68.82
1782638074631,0,0,0,70.68
1782638074631,1,0,0,74.61
1782638074631,2,0,0,71.96
1782638074631,3,0,0,69.16
1782638074631,4,0,0,68.50
1782638074631,5,0,0,69.07
1782638074631,6,0,0,65.80
1782638074631,7,0,0,68.81
1782638074880,0,0,0,70.69
1782638074880,1,0,0,74.60
1782638074880,2,0,0,71.96
1782638074880,3,0,0,69.16
1782638074880,4,0,0,68.43
1782638074880,5,0,0,69.08
1782638074880,6,0,0,65.80
1782638074880,7,0,0,68.83
1782638075131,0,0,0,70.66
1782638075131,1,0,0,74.60
1782638075131,2,0,0,71.93
1782638075131,3,0,0,69.13
1782638075131,4,0,0,68.46
1782638075131,5,0,0,69.04
1782638075131,6,0,0,65.82
1782638075131,7,0,0,68.84
1782638075380,0,0,0,70.68
1782638075380,1,0,0,74.61
1782638075380,2,0,0,71.94
1782638075380,3,0,0,69.12
1782638075380,4,0,0,68.44
1782638075380,5,0,0,69.06
1782638075380,6,0,0,65.86
1782638075380,7,0,0,68.83
1782638075631,0,0,0,70.68
1782638075631,1,0,0,74.60
1782638075631,2,0,0,71.96
1782638075631,3,0,0,69.11
1782638075631,4,0,0,68.37
1782638075631,5,0,0,69.04
1782638075631,6,0,0,65.89
1782638075631,7,0,0,68.85
1782638075880,0,0,0,70.69
1782638075880,1,0,0,74.62
1782638075880,2,0,0,71.94
1782638075880,3,0,0,69.12
1782638075880,4,0,0,68.44
1782638075880,5,0,0,69.04
1782638075880,6,0,0,65.84
1782638075880,7,0,0,68.84
1782638076128,0,0,0,70.71
1782638076128,1,0,0,74.62
1782638076128,2,0,0,71.94
1782638076128,3,0,0,69.13
1782638076128,4,0,0,68.46
1782638076128,5,0,0,69.06
1782638076128,6,0,0,65.86
1782638076128,7,0,0,68.82
1782638076376,0,0,0,70.69
1782638076376,1,0,0,74.60
1782638076376,2,0,0,71.94
1782638076376,3,0,0,69.17
1782638076376,4,0,0,68.41
1782638076376,5,0,0,69.07
1782638076376,6,0,0,65.89
1782638076376,7,0,0,68.83
1782638076692,0,0,0,70.69
1782638076692,1,0,0,74.58
1782638076692,2,0,0,71.94
1782638076692,3,0,0,69.18
1782638076692,4,0,0,68.43
1782638076692,5,0,0,69.03
1782638076692,6,0,0,65.91
1782638076692,7,0,0,68.80
1782638076940,0,0,0,70.71
1782638076940,1,0,0,74.59
1782638076940,2,0,0,71.94
1782638076940,3,0,0,69.18
1782638076940,4,0,0,68.43
1782638076940,5,0,0,69.06
1782638076940,6,0,0,65.92
1782638076940,7,0,0,68.79
1782638077189,0,0,0,70.70
1782638077189,1,0,0,74.56
1782638077189,2,0,0,71.95
1782638077189,3,0,0,69.18
1782638077189,4,0,0,68.36
1782638077189,5,0,0,69.06
1782638077189,6,0,0,65.88
1782638077189,7,0,0,68.81
1782638077438,0,0,0,70.72
1782638077438,1,0,0,74.56
1782638077438,2,0,0,71.94
1782638077438,3,0,0,69.18
1782638077438,4,0,0,68.39
1782638077438,5,0,0,69.05
1782638077438,6,0,0,65.85
1782638077438,7,0,0,68.79
1782638077687,0,0,0,70.70
1782638077687,1,0,0,74.58
1782638077687,2,0,0,71.93
1782638077687,3,0,0,69.19
1782638077687,4,0,0,68.45
1782638077687,5,0,0,69.07
1782638077687,6,0,0,65.88
1782638077687,7,0,0,68.78
1782638077937,0,0,0,70.70
1782638077937,1,0,0,74.54
1782638077937,2,0,0,71.94
1782638077937,3,0,0,69.19
1782638077937,4,0,0,68.42
1782638077937,5,0,0,69.09
1782638077937,6,0,0,65.91
1782638077937,7,0,0,68.79
1782638078186,0,0,0,70.69
1782638078186,1,0,0,74.55
1782638078186,2,0,0,71.94
1782638078186,3,0,0,69.19
1782638078186,4,0,0,68.42
1782638078186,5,0,0,69.06
1782638078186,6,0,0,65.94
1782638078186,7,0,0,68.77
1782638078436,0,0,0,70.68
1782638078436,1,0,0,74.53
1782638078436,2,0,0,71.95
1782638078436,3,0,0,69.19
1782638078436,4,0,0,68.42
1782638078436,5,0,0,69.08
1782638078436,6,0,0,65.92
1782638078436,7,0,0,68.79
1782638078685,0,0,0,70.69
1782638078685,1,0,0,74.50
1782638078685,2,0,0,71.97
1782638078685,3,0,0,69.17
1782638078685,4,0,0,68.37
1782638078685,5,0,0,69.04
1782638078685,6,0,0,65.88
1782638078685,7,0,0,68.79
1782638078935,0,0,0,70.69
1782638078935,1,0,0,74.51
1782638078935,2,0,0,71.98
1782638078935,3,0,0,69.18
1782638078935,4,0,0,68.38
1782638078935,5,0,0,69.05
1782638078935,6,0,0,65.86
1782638078935,7,0,0,68.79
1782638079185,0,0,0,70.68
1782638079185,1,0,0,74.51
1782638079185,2,0,0,71.99
1782638079185,3,0,0,69.17
1782638079185,4,0,0,68.46
1782638079185,5,0,0,69.06
1782638079185,6,0,0,65.89
1782638079185,7,0,0,68.79
1782638079434,0,0,0,70.67
1782638079434,1,0,0,74.53
1782638079434,2,0,0,72.00
1782638079434,3,0,0,69.16
1782638079434,4,0,0,68.48
1782638079434,5,0,0,69.04
1782638079434,6,0,0,65.90
1782638079434,7,0,0,68.78
1782638079686,0,0,0,70.69
1782638079686,1,0,0,74.54
1782638079686,2,0,0,71.98
1782638079686,3,0,0,69.17
1782638079686,4,0,0,68.44
1782638079686,5,0,0,69.08
1782638079686,6,0,0,65.91
1782638079686,7,0,0,68.78
1782638079938,0,0,0,70.67
1782638079938,1,0,0,74.57
1782638079938,2,0,0,71.96
1782638079938,3,0,0,69.16
1782638079938,4,0,0,68.46
1782638079938,5,0,0,69.07
1782638079938,6,0,0,65.86
1782638079938,7,0,0,68.80
1782638080188,0,0,0,70.67
1782638080188,1,0,0,74.57
1782638080188,2,0,0,71.93
1782638080188,3,0,0,69.15
1782638080188,4,0,0,68.42
1782638080188,5,0,0,69.08
1782638080188,6,0,0,65.81
1782638080188,7,0,0,68.80
1782638080438,0,0,0,70.70
1782638080438,1,0,0,74.57
1782638080438,2,0,0,71.93
1782638080438,3,0,0,69.14
1782638080438,4,0,0,68.38
1782638080438,5,0,0,69.10
1782638080438,6,0,0,65.83
1782638080438,7,0,0,68.80
1782638080688,0,0,0,70.68
1782638080688,1,0,0,74.59
1782638080688,2,0,0,71.93
1782638080688,3,0,0,69.11
1782638080688,4,0,0,68.48
1782638080688,5,0,0,69.11
1782638080688,6,0,0,65.84
1782638080688,7,0,0,68.81
1782638080939,0,0,0,70.71
1782638080939,1,0,0,74.57
1782638080939,2,0,0,71.94
1782638080939,3,0,0,69.12
1782638080939,4,0,0,68.50
1782638080939,5,0,0,69.10
1782638080939,6,0,0,65.87
1782638080939,7,0,0,68.77
1782638081187,0,0,0,70.71
1782638081187,1,0,0,74.56
1782638081187,2,0,0,71.95
1782638081187,3,0,0,69.12
1782638081187,4,0,0,68.47
1782638081187,5,0,0,69.11
1782638081187,6,0,0,65.89
1782638081187,7,0,0,68.77
1782638081437,0,0,0,70.69
1782638081437,1,0,0,74.56
1782638081437,2,0,0,71.95
1782638081437,3,0,0,69.13
1782638081437,4,0,0,68.47
1782638081437,5,0,0,69.10
1782638081437,6,0,0,65.85
1782638081437,7,0,0,68.79
1782638081684,0,0,0,70.69
1782638081684,1,0,0,74.57
1782638081684,2,0,0,71.95
1782638081684,3,0,0,69.16
1782638081684,4,0,0,68.40
1782638081684,5,0,0,69.07
1782638081684,6,0,0,65.81
1782638081684,7,0,0,68.82
1782638082802,0,0,0,70.70
1782638082802,1,0,0,74.53
1782638082802,2,0,0,71.95
1782638082802,3,0,0,69.18
1782638082802,4,0,0,68.45
1782638082802,5,0,0,69.05
1782638082802,6,0,0,65.87
1782638082802,7,0,0,68.82
1782638084190,0,0,0,70.70
1782638084190,1,0,0,74.54
1782638084190,2,0,0,71.93
1782638084190,3,0,0,69.16
1782638084190,4,0,0,68.35
1782638084190,5,0,0,69.07
1782638084190,6,0,0,65.88
1782638084190,7,0,0,68.84
1782638084439,0,0,0,70.69
1782638084439,1,0,0,74.53
1782638084439,2,0,0,71.94
1782638084439,3,0,0,69.15
1782638084439,4,0,0,68.41
1782638084439,5,0,0,69.08
1782638084439,6,0,0,65.90
1782638084439,7,0,0,68.78
1782638084686,0,0,0,70.70
1782638084686,1,0,0,74.55
1782638084686,2,0,0,71.96
1782638084686,3,0,0,69.17
1782638084686,4,0,0,68.44
1782638084686,5,0,0,69.09
1782638084686,6,0,0,65.96
1782638084686,7,0,0,68.78
1782638084933,0,0,0,70.69
1782638084933,1,0,0,74.57
1782638084933,2,0,0,71.96
1782638084933,3,0,0,69.18
1782638084933,4,0,0,68.36
1782638084933,5,0,0,69.08
1782638084933,6,0,0,66.02
1782638084933,7,0,0,68.77
1782638085182,0,0,0,70.69
1782638085182,1,0,0,74.56
1782638085182,2,0,0,71.97
1782638085182,3,0,0,69.18
1782638085182,4,0,0,68.43
1782638085182,5,0,0,69.06
1782638085182,6,0,0,66.07
1782638085182,7,0,0,68.76
1782638085431,0,0,0,70.66
1782638085431,1,0,0,74.59
1782638085431,2,0,0,71.96
1782638085431,3,0,0,69.17
1782638085431,4,0,0,68.47
1782638085431,5,0,0,69.08
1782638085431,6,0,0,66.04
1782638085431,7,0,0,68.79
1782638085682,0,0,0,70.66
1782638085682,1,0,0,74.59
1782638085682,2,0,0,71.94
1782638085682,3,0,0,69.16
1782638085682,4,0,0,68.39
1782638085682,5,0,0,69.03
1782638085682,6,0,0,65.96
1782638085682,7,0,0,68.79
1782638085932,0,0,0,70.66
1782638085932,1,0,0,74.59
1782638085932,2,0,0,71.93
1782638085932,3,0,0,69.13
1782638085932,4,0,0,68.44
1782638085932,5,0,0,69.09
1782638085932,6,0,0,65.92
1782638085932,7,0,0,68.81
1782638086285,0,0,0,70.68
1782638086285,1,0,0,74.58
1782638086285,2,0,0,71.93
1782638086285,3,0,0,69.14
1782638086285,4,0,0,68.50
1782638086285,5,0,0,69.10
1782638086285,6,0,0,65.91
1782638086285,7,0,0,68.83
1782638087504,0,0,0,70.71
1782638087504,1,0,0,74.61
1782638087504,2,0,0,71.91
1782638087504,3,0,0,69.15
1782638087504,4,0,0,68.49
1782638087504,5,0,0,69.06
1782638087504,6,0,0,65.92
1782638087504,7,0,0,68.83
1782638088538,0,0,0,70.70
1782638088538,1,0,0,74.58
1782638088538,2,0,0,71.92
1782638088538,3,0,0,69.17
1782638088538,4,0,0,68.45
1782638088538,5,0,0,69.07
1782638088538,6,0,0,65.89
1782638088538,7,0,0,68.84
1782638089063,0,0,0,70.71
1782638089063,1,0,0,74.58
1782638089063,2,0,0,71.91
1782638089063,3,0,0,69.16
1782638089063,4,0,0,68.39
1782638089063,5,0,0,69.06
1782638089063,6,0,0,65.88
1782638089063,7,0,0,68.87
1782638090437,0,0,0,70.65
1782638090437,1,0,0,74.59
1782638090437,2,0,0,71.92
1782638090437,3,0,0,69.16
1782638090437,4,0,0,68.45
1782638090437,5,0,0,69.05
1782638090437,6,0,0,65.93
1782638090437,7,0,0,68.83
1782638095170,0,0,0,70.68
1782638095170,1,0,0,74.60
1782638095170,2,0,0,71.91
1782638095170,3,0,0,69.15
1782638095170,4,0,0,68.43
1782638095170,5,0,0,69.04
1782638095170,6,0,0,65.93
1782638095170,7,0,0,68.84
1782638095423,0,0,0,70.68
1782638095423,1,0,0,74.60
1782638095423,2,0,0,71.92
1782638095423,3,0,0,69.14
1782638095423,4,0,0,68.34
1782638095423,5,0,0,69.05
1782638095423,6,0,0,65.92
1782638095423,7,0,0,68.83
1782638095673,0,0,0,70.71
1782638095673,1,0,0,74.57
1782638095673,2,0,0,71.91
1782638095673,3,0,0,69.15
1782638095673,4,0,0,68.37
1782638095673,5,0,0,69.02
1782638095673,6,0,0,65.86
1782638095673,7,0,0,68.84
1782638095925,0,0,0,70.69
1782638095925,1,0,0,74.57
1782638095925,2,0,0,71.92
1782638095925,3,0,0,69.16
1782638095925,4,0,0,68.41
1782638095925,5,0,0,69.04
1782638095925,6,0,0,65.85
1782638095925,7,0,0,68.82
1782638096176,0,0,0,70.69
1782638096176,1,0,0,74.54
1782638096176,2,0,0,71.92
1782638096176,3,0,0,69.16
1782638096176,4,0,0,68.33
1782638096176,5,0,0,69.02
1782638096176,6,0,0,65.87
1782638096176,7,0,0,68.85
1782638096427,0,0,0,70.68
1782638096427,1,0,0,74.54
1782638096427,2,0,0,71.93
1782638096427,3,0,0,69.17
1782638096427,4,0,0,68.36
1782638096427,5,0,0,68.99
1782638096427,6,0,0,65.93
1782638096427,7,0,0,68.84
1782638096685,0,0,0,70.66
1782638096685,1,0,0,74.54
1782638096685,2,0,0,71.93
1782638096685,3,0,0,69.17
1782638096685,4,0,0,68.42
1782638096685,5,0,0,69.02
1782638096685,6,0,0,65.93
1782638096685,7,0,0,68.82
1782638096990,0,0,0,70.67
1782638096990,1,0,0,74.52
1782638096990,2,0,0,71.93
1782638096990,3,0,0,69.17
1782638096990,4,0,0,68.42
1782638096990,5,0,0,69.05
1782638096990,6,0,0,65.92
1782638096990,7,0,0,68.85
1782638097242,0,0,0,70.69
1782638097242,1,0,0,74.53
1782638097242,2,0,0,71.92
1782638097242,3,0,0,69.19
1782638097242,4,0,0,68.32
1782638097242,5,0,0,69.02
1782638097242,6,0,0,65.92
1782638097242,7,0,0,68.80
1782638097493,0,0,0,70.69
1782638097493,1,0,0,74.51
1782638097493,2,0,0,71.93
1782638097493,3,0,0,69.20
1782638097493,4,0,0,68.40
1782638097493,5,0,0,69.05
1782638097493,6,0,0,65.89
1782638097493,7,0,0,68.80
1782638097746,0,0,0,70.68
1782638097746,1,0,0,74.54
1782638097746,2,0,0,71.93
1782638097746,3,0,0,69.20
1782638097746,4,0,0,68.45
1782638097746,5,0,0,69.09
1782638097746,6,0,0,65.89
1782638097746,7,0,0,68.80
1782638097999,0,0,0,70.63
1782638097999,1,0,0,74.56
1782638097999,2,0,0,71.93
1782638097999,3,0,0,69.19
1782638097999,4,0,0,68.39
1782638097999,5,0,0,69.05
1782638097999,6,0,0,65.87
1782638097999,7,0,0,68.77
1782638098249,0,0,0,70.61
1782638098249,1,0,0,74.55
1782638098249,2,0,0,71.94
1782638098249,3,0,0,69.15
1782638098249,4,0,0,68.45
1782638098249,5,0,0,69.07
1782638098249,6,0,0,65.85
1782638098249,7,0,0,68.79
1782638098498,0,0,0,70.60
1782638098498,1,0,0,74.56
1782638098498,2,0,0,71.91
1782638098498,3,0,0,69.15
1782638098498,4,0,0,68.46
1782638098498,5,0,0,69.04
1782638098498,6,0,0,65.87
1782638098498,7,0,0,68.79
1782638098748,0,0,0,70.61
1782638098748,1,0,0,74.55
1782638098748,2,0,0,71.90
1782638098748,3,0,0,69.13
1782638098748,4,0,0,68.38
1782638098748,5,0,0,69.04
1782638098748,6,0,0,65.89
1782638098748,7,0,0,68.77
1782638098998,0,0,0,70.61
1782638098998,1,0,0,74.54
1782638098998,2,0,0,71.91
1782638098998,3,0,0,69.14
1782638098998,4,0,0,68.43
1782638098998,5,0,0,69.07
1782638098998,6,0,0,65.90
1782638098998,7,0,0,68.79
1782638099246,0,0,0,70.60
1782638099246,1,0,0,74.55
1782638099246,2,0,0,71.89
1782638099246,3,0,0,69.17
1782638099246,4,0,0,68.45
1782638099246,5,0,0,69.07
1782638099246,6,0,0,65.87
1782638099246,7,0,0,68.80
1782638099496,0,0,0,70.60
1782638099496,1,0,0,74.57
1782638099496,2,0,0,71.92
1782638099496,3,0,0,69.16
1782638099496,4,0,0,68.35
1782638099496,5,0,0,69.10
1782638099496,6,0,0,65.83
1782638099496,7,0,0,68.79
1782638099744,0,0,0,70.59
1782638099744,1,0,0,74.57
1782638099744,2,0,0,71.91
1782638099744,3,0,0,69.15
1782638099744,4,0,0,68.41
1782638099744,5,0,0,69.10
1782638099744,6,0,0,65.81
1782638099744,7,0,0,68.80
1782638099995,0,0,0,70.60
1782638099995,1,0,0,74.59
1782638099995,2,0,0,71.90
1782638099995,3,0,0,69.13
1782638099995,4,0,0,68.44
1782638099995,5,0,0,69.06
1782638099995,6,0,0,65.83
1782638099995,7,0,0,68.81
1782638100244,0,0,0,70.59
1782638100244,1,0,0,74.59
1782638100244,2,0,0,71.91
1782638100244,3,0,0,69.08
1782638100244,4,0,0,68.36
1782638100244,5,0,0,69.07
1782638100244,6,0,0,65.85
1782638100244,7,0,0,68.82
1782638100501,0,0,0,70.61
1782638100501,1,0,0,74.58
1782638100501,2,0,0,71.88
1782638100501,3,0,0,69.10
1782638100501,4,0,0,68.43
1782638100501,5,0,0,69.07
1782638100501,6,0,0,65.85
1782638100501,7,0,0,68.84
1782638100755,0,0,0,70.64
1782638100755,1,0,0,74.59
1782638100755,2,0,0,71.87
1782638100755,3,0,0,69.11
1782638100755,4,0,0,68.47
1782638100755,5,0,0,69.07
1782638100755,6,0,0,65.84
1782638100755,7,0,0,68.84
1782638101011,0,0,0,70.66
1782638101011,1,0,0,74.59
1782638101011,2,0,0,71.87
1782638101011,3,0,0,69.17
1782638101011,4,0,0,68.38
1782638101011,5,0,0,69.07
1782638101011,6,0,0,65.83
1782638101011,7,0,0,68.85
1782638101263,0,0,0,70.68
1782638101263,1,0,0,74.58
1782638101263,2,0,0,71.86
1782638101263,3,0,0,69.20
1782638101263,4,0,0,68.41
1782638101263,5,0,0,69.05
1782638101263,6,0,0,65.87
1782638101263,7,0,0,68.85
1782638101516,0,0,0,70.69
1782638101516,1,0,0,74.57
1782638101516,2,0,0,71.87
1782638101516,3,0,0,69.18
1782638101516,4,0,0,68.42
1782638101516,5,0,0,69.01
1782638101516,6,0,0,65.90
1782638101516,7,0,0,68.86
1782638101769,0,0,0,70.69
1782638101769,1,0,0,74.55
1782638101769,2,0,0,71.87
1782638101769,3,0,0,69.19
1782638101769,4,0,0,68.30
1782638101769,5,0,0,69.02
1782638101769,6,0,0,65.92
1782638101769,7,0,0,68.86
1782638102021,0,0,0,70.66
1782638102021,1,0,0,74.53
1782638102021,2,0,0,71.87
1782638102021,3,0,0,69.15
1782638102021,4,0,0,68.36
1782638102021,5,0,0,68.97
1782638102021,6,0,0,65.90
1782638102021,7,0,0,68.85
1782638102273,0,0,0,70.68
1782638102273,1,0,0,74.53
1782638102273,2,0,0,71.88
1782638102273,3,0,0,69.17
1782638102273,4,0,0,68.41
1782638102273,5,0,0,69.00
1782638102273,6,0,0,65.83
1782638102273,7,0,0,68.82
1782638102586,0,0,0,70.64
1782638102586,1,0,0,74.54
1782638102586,2,0,0,71.90
1782638102586,3,0,0,69.18
1782638102586,4,0,0,68.41
1782638102586,5,0,0,69.04
1782638102586,6,0,0,65.85
1782638102586,7,0,0,68.83
1782638102840,0,0,0,70.65
1782638102840,1,0,0,74.52
1782638102840,2,0,0,71.90
1782638102840,3,0,0,69.20
1782638102840,4,0,0,68.34
1782638102840,5,0,0,69.04
1782638102840,6,0,0,65.91
1782638102840,7,0,0,68.83
1782638103096,0,0,0,70.65
1782638103096,1,0,0,74.51
1782638103096,2,0,0,71.91
1782638103096,3,0,0,69.21
1782638103096,4,0,0,68.42
1782638103096,5,0,0,69.01
1782638103096,6,0,0,65.94
1782638103096,7,0,0,68.82
1782638103352,0,0,0,70.63
1782638103352,1,0,0,74.53
1782638103352,2,0,0,71.91
1782638103352,3,0,0,69.19
1782638103352,4,0,0,68.44
1782638103352,5,0,0,69.02
1782638103352,6,0,0,65.97
1782638103352,7,0,0,68.83
1782638103604,0,0,0,70.63
1782638103604,1,0,0,74.53
1782638103604,2,0,0,71.91
1782638103604,3,0,0,69.20
1782638103604,4,0,0,68.35
1782638103604,5,0,0,69.00
1782638103604,6,0,0,65.96
1782638103604,7,0,0,68.82
1782638103859,0,0,0,70.64
1782638103859,1,0,0,74.55
1782638103859,2,0,0,71.92
1782638103859,3,0,0,69.17
1782638103859,4,0,0,68.39
1782638103859,5,0,0,69.00
1782638103859,6,0,0,65.96
1782638103859,7,0,0,68.81
1782638104111,0,0,0,70.64
1782638104111,1,0,0,74.56
1782638104111,2,0,0,71.93
1782638104111,3,0,0,69.18
1782638104111,4,0,0,68.39
1782638104111,5,0,0,69.06
1782638104111,6,0,0,65.98
1782638104111,7,0,0,68.82
1782638104366,0,0,0,70.62
1782638104366,1,0,0,74.54
1782638104366,2,0,0,71.93
1782638104366,3,0,0,69.19
1782638104366,4,0,0,68.32
1782638104366,5,0,0,69.07
1782638104366,6,0,0,65.98
1782638104366,7,0,0,68.80
1782638104619,0,0,0,70.62
1782638104619,1,0,0,74.57
1782638104619,2,0,0,71.92
1782638104619,3,0,0,69.15
1782638104619,4,0,0,68.39
1782638104619,5,0,0,69.10
1782638104619,6,0,0,66.00
1782638104619,7,0,0,68.79
1782638104874,0,0,0,70.61
1782638104874,1,0,0,74.57
1782638104874,2,0,0,71.91
1782638104874,3,0,0,69.16
1782638104874,4,0,0,68.45
1782638104874,5,0,0,69.10
1782638104874,6,0,0,65.98
1782638104874,7,0,0,68.79
1782638105129,0,0,0,70.59
1782638105129,1,0,0,74.58
1782638105129,2,0,0,71.90
1782638105129,3,0,0,69.12
1782638105129,4,0,0,68.36
1782638105129,5,0,0,69.10
1782638105129,6,0,0,65.95
1782638105129,7,0,0,68.78
1782638105382,0,0,0,70.62
1782638105382,1,0,0,74.59
1782638105382,2,0,0,71.87
1782638105382,3,0,0,69.12
1782638105382,4,0,0,68.41
1782638105382,5,0,0,69.09
1782638105382,6,0,0,66.00
1782638105382,7,0,0,68.78
1782638105640,0,0,0,70.61
1782638105640,1,0,0,74.59
1782638105640,2,0,0,71.87
1782638105640,3,0,0,69.11
1782638105640,4,0,0,68.42
1782638105640,5,0,0,69.08
1782638105640,6,0,0,65.99
1782638105640,7,0,0,68.78
1782638105892,0,0,0,70.63
1782638105892,1,0,0,74.58
1782638105892,2,0,0,71.88
1782638105892,3,0,0,69.10
1782638105892,4,0,0,68.34
1782638105892,5,0,0,69.06
1782638105892,6,0,0,66.00
1782638105892,7,0,0,68.79
1782638106144,0,0,0,70.64
1782638106144,1,0,0,74.58
1782638106144,2,0,0,71.90
1782638106144,3,0,0,69.12
1782638106144,4,0,0,68.38
1782638106144,5,0,0,69.04
1782638106144,6,0,0,65.97
1782638106144,7,0,0,68.80
1782638106398,0,0,0,70.62
1782638106398,1,0,0,74.59
1782638106398,2,0,0,71.89
1782638106398,3,0,0,69.13
1782638106398,4,0,0,68.42
1782638106398,5,0,0,69.06
1782638106398,6,0,0,65.91
1782638106398,7,0,0,68.81
1782638106649,0,0,0,70.64
1782638106649,1,0,0,74.60
1782638106649,2,0,0,71.87
1782638106649,3,0,0,69.14
1782638106649,4,0,0,68.36
1782638106649,5,0,0,69.06
1782638106649,6,0,0,65.84
1782638106649,7,0,0,68.80
1782638106905,0,0,0,70.64
1782638106905,1,0,0,74.60
1782638106905,2,0,0,71.87
1782638106905,3,0,0,69.12
1782638106905,4,0,0,68.40
1782638106905,5,0,0,69.05
1782638106905,6,0,0,65.81
1782638106905,7,0,0,68.81
1782638107154,0,0,0,70.62
1782638107154,1,0,0,74.59
1782638107154,2,0,0,71.86
1782638107154,3,0,0,69.11
1782638107154,4,0,0,68.43
1782638107154,5,0,0,69.04
1782638107154,6,0,0,65.83
1782638107154,7,0,0,68.82
1782638107405,0,0,0,70.63
1782638107405,1,0,0,74.60
1782638107405,2,0,0,71.87
1782638107405,3,0,0,69.12
1782638107405,4,0,0,68.35
1782638107405,5,0,0,69.00
1782638107405,6,0,0,65.84
1782638107405,7,0,0,68.83
1782638107655,0,0,0,70.63
1782638107655,1,0,0,74.59
1782638107655,2,0,0,71.90
1782638107655,3,0,0,69.13
1782638107655,4,0,0,68.39
1782638107655,5,0,0,69.01
1782638107655,6,0,0,65.87
1782638107655,7,0,0,68.84
1782638107905,0,0,0,70.65
1782638107905,1,0,0,74.58
1782638107905,2,0,0,71.89
1782638107905,3,0,0,69.14
1782638107905,4,0,0,68.43
1782638107905,5,0,0,69.02
1782638107905,6,0,0,65.85
1782638107905,7,0,0,68.84
1782638108154,0,0,0,70.69
1782638108154,1,0,0,74.56
1782638108154,2,0,0,71.90
1782638108154,3,0,0,69.17
1782638108154,4,0,0,68.38
1782638108154,5,0,0,69.00
1782638108154,6,0,0,65.87
1782638108154,7,0,0,68.84
1782638108434,0,0,0,70.68
1782638108434,1,0,0,74.52
1782638108434,2,0,0,71.92
1782638108434,3,0,0,69.15
1782638108434,4,0,0,68.37
1782638108434,5,0,0,69.05
1782638108434,6,0,0,65.89
1782638108434,7,0,0,68.84
1782638108689,0,0,0,70.68
1782638108689,1,0,0,74.54
1782638108689,2,0,0,71.88
1782638108689,3,0,0,69.15
1782638108689,4,0,0,68.40
1782638108689,5,0,0,69.03
1782638108689,6,0,0,65.89
1782638108689,7,0,0,68.85
1782638108942,0,0,0,70.66
1782638108942,1,0,0,74.56
1782638108942,2,0,0,71.87
1782638108942,3,0,0,69.15
1782638108942,4,0,0,68.43
1782638108942,5,0,0,69.05
1782638108942,6,0,0,65.88
1782638108942,7,0,0,68.86
1782638109193,0,0,0,70.66
1782638109193,1,0,0,74.52
1782638109193,2,0,0,71.89
1782638109193,3,0,0,69.13
1782638109193,4,0,0,68.36
1782638109193,5,0,0,69.03
1782638109193,6,0,0,65.86
1782638109193,7,0,0,68.84
1782638109445,0,0,0,70.67
1782638109445,1,0,0,74.51
1782638109445,2,0,0,71.88
1782638109445,3,0,0,69.16
1782638109445,4,0,0,68.38
1782638109445,5,0,0,69.03
1782638109445,6,0,0,65.86
1782638109445,7,0,0,68.81
1782638109697,0,0,0,98.52
1782638109697,1,0,0,97.72
1782638109697,2,0,0,100.00
1782638109697,3,0,0,97.02
1782638109697,4,0,0,95.26
1782638109697,5,0,0,99.20
1782638109697,6,0,0,92.64
1782638109697,7,2,0,96.83
1782638110515,0,21,0,108.43
1782638110515,1,1,0,111.03
1782638110515,2,2,0,109.68
1782638110515,3,3,0,106.47
1782638110515,4,0,0,104.51
1782638110515,5,3,0,108.42
1782638110515,6,3,0,101.04
1782638110515,7,0,0,105.32
1782638110731,0,0,0,122.46
1782638110731,1,0,0,119.81
1782638110731,2,0,0,119.11
1782638110731,3,2,0,119.22
1782638110731,4,0,0,113.48
1782638110731,5,0,0,117.87
1782638110731,6,0,0,109.73
1782638110731,7,0,0,116.51
1782638110971,0,0,0,120.56
1782638110971,1,0,0,119.50
1782638110971,2,0,0,119.27
1782638110971,3,0,0,117.28
1782638110971,4,0,0,114.61
1782638110971,5,0,0,117.40
1782638110971,6,0,0,110.33
1782638110971,7,0,0,114.96
1782638112044,0,1,0,120.54
1782638112044,1,0,0,119.54
1782638112044,2,1,0,119.23
1782638112044,3,0,0,117.00
1782638112044,4,1,0,114.52
1782638112044,5,0,0,117.36
1782638112044,6,0,0,110.25
1782638112044,7,0,0,115.20
1782638112490,0,0,0,120.83
1782638112490,1,0,0,119.57
1782638112490,2,0,0,119.24
1782638112490,3,0,0,116.80
1782638112490,4,0,0,114.55
1782638112490,5,0,0,117.39
1782638112490,6,0,0,110.36
1782638112490,7,0,0,115.22
1782638112897,0,0,0,120.86
1782638112897,1,0,0,119.59
1782638112897,2,0,0,119.22
1782638112897,3,0,0,116.87
1782638112897,4,0,0,114.53
1782638112897,5,0,0,117.39
1782638112897,6,0,0,110.37
1782638112897,7,0,0,115.20
1782638113279,0,29,2,122.93
1782638113279,1,47,3,125.15
1782638113279,2,69,3,124.08
1782638113279,3,12,3,120.72
1782638113279,4,100,2,119.17
1782638113279,5,21,3,122.16
1782638113279,6,1,0,115.27
1782638113279,7,88,3,120.19
1782638113512,0,29,2,127.33
1782638113512,1,100,0,128.37
1782638113512,2,97,3,128.17
1782638113512,3,86,3,125.87
1782638113512,4,91,3,123.10
1782638113512,5,91,3,126.41
1782638113512,6,90,3,118.91
1782638113512,7,91,3,123.72
1782638113743,0,31,2,132.69
1782638113743,1,92,3,133.66
1782638113743,2,90,3,133.06
1782638113743,3,93,3,132.30
1782638113743,4,97,2,129.20
1782638113743,5,93,3,131.83
1782638113743,6,93,3,124.90
1782638113743,7,97,3,130.05
1782638114003,0,28,2,135.93
1782638114003,1,93,3,140.06
1782638114003,2,91,3,139.46
1782638114003,3,96,3,136.91
1782638114003,4,91,3,134.88
1782638114003,5,94,3,138.23
1782638114003,6,100,0,129.96
1782638114003,7,86,3,134.37
1782638114221,0,27,2,139.34
1782638114221,1,100,0,141.07
1782638114221,2,97,3,140.66
1782638114221,3,94,3,139.65
1782638114221,4,97,2,135.59
1782638114221,5,97,3,139.70
1782638114221,6,93,3,131.41
1782638114221,7,98,3,135.76
1782638114454,0,30,2,137.83
1782638114454,1,98,3,142.28
1782638114454,2,94,3,141.27
1782638114454,3,98,3,138.28
1782638114454,4,91,3,136.29
1782638114454,5,94,3,140.39
1782638114454,6,100,0,131.59
1782638114454,7,93,3,136.11
1782638114687,0,29,2,139.44
1782638114687,1,100,0,140.48
1782638114687,2,96,3,140.29
1782638114687,3,94,3,139.49
1782638114687,4,94,3,135.05
1782638114687,5,96,3,139.10
1782638114687,6,96,3,131.31
1782638114687,7,94,3,134.85
1782638114921,0,30,2,138.15
1782638114921,1,95,3,142.76
1782638114921,2,90,3,140.32
1782638114921,3,93,2,137.32
1782638114921,4,100,0,135.65
1782638114921,5,87,3,139.89
1782638114921,6,100,0,130.92
1782638114921,7,94,3,135.97
1782638115148,0,28,1,137.86
1782638115148,1,100,0,140.73
1782638115148,2,99,2,140.44
1782638115148,3,94,2,138.44
1782638115148,4,95,3,135.44
1782638115148,5,94,3,138.82
1782638115148,6,94,3,131.06
1782638115148,7,95,3,134.29
1782638115375,0,31,2,138.57
1782638115375,1,100,0,140.32
1782638115375,2,94,3,139.48
1782638115375,3,94,3,138.00
1782638115375,4,100,0,135.11
1782638115375,5,96,3,138.73
1782638115375,6,94,3,130.69
1782638115375,7,94,3,135.09
1782638115606,0,28,2,137.45
1782638115606,1,97,3,141.28
1782638115606,2,97,2,140.65
1782638115606,3,99,3,138.66
1782638115606,4,95,3,136.28
1782638115606,5,93,3,140.25
1782638115606,6,100,0,131.67
1782638115606,7,92,3,136.26
1782638115824,0,28,2,138.91
1782638115824,1,100,0,140.56
1782638115824,2,93,3,140.19
1782638115824,3,94,3,138.99
1782638115824,4,100,0,135.98
1782638115824,5,94,3,139.30
1782638115824,6,95,3,131.38
1782638115824,7,94,3,135.37
1782638116054,0,31,2,137.66
1782638116054,1,95,3,141.19
1782638116054,2,96,2,141.21
1782638116054,3,99,2,138.43
1782638116054,4,92,3,137.24
1782638116054,5,97,3,141.57
1782638116054,6,100,0,132.67
1782638116054,7,89,3,136.59
1782638116281,0,28,1,139.38
1782638116281,1,100,0,140.42
1782638116281,2,100,2,139.84
1782638116281,3,98,3,140.52
1782638116281,4,95,3,136.04
1782638116281,5,93,3,139.34
1782638116281,6,94,3,131.64
1782638116281,7,95,3,135.67
1782638116499,0,30,2,137.66
1782638116499,1,97,3,142.14
1782638116499,2,93,3,139.64
1782638116499,3,98,2,138.29
1782638116499,4,100,0,135.91
1782638116499,5,93,3,140.68
1782638116499,6,100,0,131.34
1782638116499,7,88,2,135.89
1782638116730,0,27,0,138.77
1782638116730,1,98,1,141.52
1782638116730,2,100,0,140.79
1782638116730,3,100,2,140.20
1782638116730,4,94,3,136.49
1782638116730,5,88,3,140.20
1782638116730,6,85,3,130.92
1782638116730,7,96,3,135.24
1782638116972,0,34,2,137.94
1782638116972,1,83,6,141.46
1782638116972,2,94,6,137.94
1782638116972,3,100,0,137.51
1782638116972,4,100,0,133.91
1782638116972,5,94,6,139.77
1782638116972,6,100,0,128.55
1782638116972,7,100,0,132.96
1782638117192,0,27,0,133.96
1782638117192,1,100,0,136.68
1782638117192,2,100,0,135.09
1782638117192,3,100,0,133.69
1782638117192,4,100,0,130.84
1782638117192,5,100,0,134.12
1782638117192,6,100,0,126.01
1782638117192,7,100,0,130.38
1782638117445,0,20,12,135.23
1782638117445,1,100,12,136.99
1782638117445,2,100,12,134.29
1782638117445,3,100,0,133.49
1782638117445,4,100,11,130.57
1782638117445,5,100,0,133.86
1782638117445,6,100,0,124.66
1782638117445,7,87,1,128.83
1782638117692,0,0,0,130.88
1782638117692,1,9,0,130.56
1782638117692,2,10,0,129.65
1782638117692,3,30,0,128.99
1782638117692,4,13,0,125.35
1782638117692,5,27,0,128.97
1782638117692,6,50,0,121.11
1782638117692,7,9,0,125.08
1782638117931,0,33,0,127.24
1782638117931,1,16,0,126.48
1782638117931,2,16,0,126.31
1782638117931,3,16,0,123.71
1782638117931,4,15,0,121.33
1782638117931,5,16,0,124.65
1782638117931,6,9,0,117.07
1782638117931,7,9,0,121.36
1782638118178,0,9,0,127.06
1782638118178,1,9,0,125.94
1782638118178,2,16,0,125.77
1782638118178,3,14,0,123.29
1782638118178,4,12,0,120.85
1782638118178,5,5,0,124.09
1782638118178,6,12,0,116.60
1782638118178,7,11,0,120.85
1782638118429,0,9,0,121.28
1782638118429,1,9,0,120.48
1782638118429,2,15,0,123.56
1782638118429,3,9,0,117.75
1782638118429,4,13,0,119.08
1782638118429,5,9,0,119.13
1782638118429,6,15,0,111.17
1782638118429,7,42,5,116.89
1782638118718,0,12,0,121.34
1782638118718,1,16,2,121.04
1782638118718,2,44,7,121.16
1782638118718,3,35,4,118.75
1782638118718,4,8,1,116.48
1782638118718,5,48,7,119.24
1782638118718,6,18,1,112.33
1782638118718,7,0,0,116.88
1782638118943,0,9,0,121.26
1782638118943,1,0,0,120.97
1782638118943,2,0,0,121.00
1782638118943,3,0,0,118.55
1782638118943,4,0,0,116.31
1782638118943,5,0,0,119.14
1782638118943,6,0,0,112.26
1782638118943,7,0,0,116.73
1782638119165,0,14,0,122.61
1782638119165,1,0,0,120.83
1782638119165,2,0,0,120.90
1782638119165,3,0,0,118.45
1782638119165,4,0,0,116.22
1782638119165,5,0,0,119.04
1782638119165,6,0,0,112.09
1782638119165,7,0,0,116.57
1782638119384,0,0,0,122.54
1782638119384,1,0,0,120.69
1782638119384,2,0,0,120.74
1782638119384,3,0,0,118.36
1782638119384,4,0,0,115.99
1782638119384,5,0,0,118.88
1782638119384,6,0,0,111.89
1782638119384,7,0,0,116.40
1782638119619,0,0,0,122.45
1782638119619,1,0,0,119.38
1782638119619,2,0,0,119.49
1782638119619,3,0,0,117.14
1782638119619,4,0,0,114.71
1782638119619,5,0,0,117.47
1782638119619,6,0,0,110.49
1782638119619,7,0,0,115.08
1782638119838,0,0,0,122.26
1782638119838,1,0,0,119.41
1782638119838,2,0,0,119.39
1782638119838,3,0,0,117.05
1782638119838,4,0,0,114.65
1782638119838,5,0,0,117.44
1782638119838,6,0,0,110.44
1782638119838,7,0,0,115.08
1782638120057,0,0,0,120.90
1782638120057,1,0,0,119.41
1782638120057,2,0,0,119.39
1782638120057,3,0,0,117.05
1782638120057,4,0,0,114.65
1782638120057,5,0,0,117.44
1782638120057,6,0,0,110.47
1782638120057,7,0,0,115.11
1782638120275,0,0,0,120.77
1782638120275,1,0,0,119.41
1782638120275,2,0,0,119.42
1782638120275,3,0,0,117.04
1782638120275,4,0,0,114.65
1782638120275,5,0,0,117.47
1782638120275,6,0,0,110.48
1782638120275,7,0,0,115.11
1782638120498,0,0,0,120.78
1782638120498,1,0,0,119.39
1782638120498,2,0,0,119.41
1782638120498,3,0,0,117.02
1782638120498,4,0,0,114.58
1782638120498,5,0,0,117.46
1782638120498,6,0,0,110.50
1782638120498,7,0,0,115.11
1782638120719,0,0,0,120.79
1782638120719,1,0,0,119.37
1782638120719,2,0,0,119.44
1782638120719,3,0,0,117.02
1782638120719,4,0,0,114.65
1782638120719,5,0,0,117.50
1782638120719,6,0,0,110.44
1782638120719,7,0,0,115.10
1782638120937,0,0,0,120.78
1782638120937,1,0,0,119.37
1782638120937,2,0,0,119.44
1782638120937,3,0,0,117.05
1782638120937,4,0,0,114.63
1782638120937,5,0,0,117.49
1782638120937,6,0,0,110.41
1782638120937,7,0,0,115.10
1782638121154,0,0,0,120.80
1782638121154,1,0,0,119.35
1782638121154,2,0,0,119.45
1782638121154,3,0,0,117.07
1782638121154,4,0,0,114.66
1782638121154,5,0,0,117.46
1782638121154,6,0,0,110.41
1782638121154,7,0,0,115.08
1782638121371,0,0,0,120.80
1782638121371,1,0,0,119.35
1782638121371,2,0,0,119.44
1782638121371,3,0,0,117.08
1782638121371,4,0,0,114.68
1782638121371,5,0,0,117.45
1782638121371,6,0,0,110.43
1782638121371,7,0,0,115.11
1782638121591,0,0,0,120.81
1782638121591,1,0,0,119.37
1782638121591,2,0,0,119.45
1782638121591,3,0,0,117.09
1782638121591,4,0,0,114.59
1782638121591,5,0,0,117.45
1782638121591,6,0,0,110.42
1782638121591,7,0,0,115.12
1782638121811,0,0,0,120.79
1782638121811,1,0,0,119.36
1782638121811,2,0,0,119.43
1782638121811,3,0,0,117.10
1782638121811,4,0,0,114.65
1782638121811,5,0,0,117.44
1782638121811,6,0,0,110.44
1782638121811,7,0,0,115.12
1782638122030,0,0,0,120.79
1782638122030,1,0,0,119.35
1782638122030,2,0,0,119.45
1782638122030,3,0,0,117.10
1782638122030,4,0,0,114.60
1782638122030,5,0,0,117.48
1782638122030,6,0,0,110.44
1782638122030,7,0,0,115.14
1782638122249,0,0,0,120.75
1782638122249,1,0,0,119.36
1782638122249,2,0,0,119.45
1782638122249,3,0,0,117.10
1782638122249,4,0,0,114.63
1782638122249,5,0,0,117.44
1782638122249,6,0,0,110.44
1782638122249,7,0,0,115.15
1782638122466,0,0,0,120.75
1782638122466,1,0,0,119.38
1782638122466,2,0,0,119.48
1782638122466,3,0,0,117.11
1782638122466,4,0,0,114.63
1782638122466,5,0,0,117.51
1782638122466,6,0,0,110.44
1782638122466,7,0,0,115.15
1782638122683,0,0,0,120.78
1782638122683,1,0,0,119.38
1782638122683,2,0,0,119.51
1782638122683,3,0,0,117.11
1782638122683,4,0,0,114.60
1782638122683,5,0,0,117.50
1782638122683,6,0,0,110.49
1782638122683,7,0,0,115.12
1782638122901,0,0,0,120.76
1782638122901,1,0,0,119.38
1782638122901,2,0,0,119.53
1782638122901,3,0,0,117.11
1782638122901,4,0,0,114.69
1782638122901,5,0,0,117.54
1782638122901,6,0,0,110.50
1782638122901,7,0,0,115.13
1782638123145,0,0,0,120.84
1782638123145,1,0,0,119.38
1782638123145,2,0,0,119.53
1782638123145,3,0,0,117.12
1782638123145,4,0,0,114.62
1782638123145,5,0,0,117.56
1782638123145,6,0,0,110.49
1782638123145,7,0,0,115.13
1782638123368,0,0,0,120.84
1782638123368,1,0,0,119.39
1782638123368,2,0,0,119.54
1782638123368,3,0,0,117.11
1782638123368,4,0,0,114.67
1782638123368,5,0,0,117.55
1782638123368,6,0,0,110.43
1782638123368,7,0,0,115.14
1782638123586,0,0,0,120.82
1782638123586,1,0,0,119.40
1782638123586,2,0,0,119.57
1782638123586,3,0,0,117.10
1782638123586,4,0,0,114.74
1782638123586,5,0,0,117.57
1782638123586,6,0,0,110.38
1782638123586,7,0,0,115.12
1782638123805,0,0,0,120.82
1782638123805,1,0,0,119.43
1782638123805,2,0,0,119.56
1782638123805,3,0,0,117.09
1782638123805,4,0,0,114.67
1782638123805,5,0,0,117.54
1782638123805,6,0,0,110.39
1782638123805,7,0,0,115.12
1782638124024,0,0,0,120.85
1782638124024,1,0,0,119.50
1782638124024,2,0,0,119.57
1782638124024,3,0,0,117.11
1782638124024,4,0,0,114.70
1782638124024,5,0,0,117.63
1782638124024,6,0,0,110.49
1782638124024,7,0,0,115.11
1782638124675,0,0,0,120.90
1782638124675,1,0,0,119.51
1782638124675,2,0,0,119.60
1782638124675,3,0,0,117.19
1782638124675,4,0,0,114.73
1782638124675,5,0,0,117.68
1782638124675,6,0,0,110.53
1782638124675,7,0,0,115.20
1782638125501,0,0,0,120.90
1782638125501,1,0,0,119.50
1782638125501,2,0,0,119.59
1782638125501,3,0,0,117.18
1782638125501,4,0,0,114.83
1782638125501,5,0,0,117.71
1782638125501,6,0,0,110.52
1782638125501,7,0,0,115.18
1782638125719,0,0,0,120.91
1782638125719,1,0,0,119.52
1782638125719,2,0,0,119.58
1782638125719,3,0,0,117.18
1782638125719,4,0,0,114.75
1782638125719,5,0,0,117.69
1782638125719,6,0,0,110.49
1782638125719,7,0,0,115.17
1782638125937,0,0,0,120.90
1782638125937,1,0,0,119.51
1782638125937,2,0,0,119.59
1782638125937,3,0,0,117.18
1782638125937,4,0,0,114.82
1782638125937,5,0,0,117.66
1782638125937,6,0,0,110.52
1782638125937,7,0,0,115.16
1782638126155,0,0,0,120.92
1782638126155,1,0,0,119.51
1782638126155,2,0,0,119.58
1782638126155,3,0,0,117.15
1782638126155,4,0,0,114.77
1782638126155,5,0,0,117.68
1782638126155,6,0,0,110.54
1782638126155,7,0,0,115.13
1782638126374,0,0,0,120.91
1782638126374,1,0,0,119.48
1782638126374,2,0,0,119.58
1782638126374,3,0,0,117.15
1782638126374,4,0,0,114.78
1782638126374,5,0,0,117.63
1782638126374,6,0,0,110.55
1782638126374,7,0,0,115.13
1782638126665,0,0,0,120.96
1782638126665,1,0,0,119.52
1782638126665,2,0,0,119.62
1782638126665,3,0,0,117.20
1782638126665,4,0,0,114.85
1782638126665,5,0,0,117.63
1782638126665,6,0,0,110.55
1782638126665,7,0,0,115.19
1782638127364,0,0,0,121.00
1782638127364,1,0,0,119.50
1782638127364,2,0,0,119.65
1782638127364,3,0,0,117.23
1782638127364,4,0,0,114.84
1782638127364,5,0,0,117.68
1782638127364,6,0,0,110.53
1782638127364,7,0,0,115.21
1782638127940,0,0,0,121.01
1782638127940,1,0,0,119.49
1782638127940,2,0,0,119.65
1782638127940,3,0,0,117.24
1782638127940,4,0,0,114.77
1782638127940,5,0,0,117.67
1782638127940,6,0,0,110.46
1782638127940,7,0,0,115.24
1782638128160,0,0,0,121.03
1782638128160,1,0,0,119.51
1782638128160,2,0,0,119.67
1782638128160,3,0,0,117.22
1782638128160,4,0,0,114.82
1782638128160,5,0,0,117.65
1782638128160,6,0,0,110.40
1782638128160,7,0,0,115.24
1782638128381,0,0,0,121.04
1782638128381,1,0,0,119.53
1782638128381,2,0,0,119.66
1782638128381,3,0,0,117.22
1782638128381,4,0,0,114.85
1782638128381,5,0,0,117.63
1782638128381,6,0,0,110.38
1782638128381,7,0,0,115.25
1782638128600,0,0,0,121.03
1782638128600,1,0,0,119.52
1782638128600,2,0,0,119.67
1782638128600,3,0,0,117.23
1782638128600,4,0,0,114.82
1782638128600,5,0,0,117.60
1782638128600,6,0,0,110.36
1782638128600,7,0,0,115.26
1782638128821,0,0,0,121.03
1782638128821,1,0,0,119.52
1782638128821,2,0,0,119.68
1782638128821,3,0,0,117.22
1782638128821,4,0,0,114.86
1782638128821,5,0,0,117.63
1782638128821,6,0,0,110.37
1782638128821,7,0,0,115.24
1782638129041,0,0,0,121.01
1782638129041,1,0,0,119.54
1782638129041,2,0,0,119.69
1782638129041,3,0,0,117.22
1782638129041,4,0,0,114.79
1782638129041,5,0,0,117.66
1782638129041,6,0,0,110.40
1782638129041,7,0,0,115.26
1782638129288,0,0,0,121.00
1782638129288,1,0,0,119.53
1782638129288,2,0,0,119.69
1782638129288,3,0,0,117.24
1782638129288,4,0,0,114.83
1782638129288,5,0,0,117.69
1782638129288,6,0,0,110.43
1782638129288,7,0,0,115.23
1782638129575,0,0,0,121.00
1782638129575,1,0,0,119.56
1782638129575,2,0,0,119.71
1782638129575,3,0,0,117.23
1782638129575,4,0,0,114.85
1782638129575,5,0,0,117.70
1782638129575,6,0,0,110.49
1782638129575,7,0,0,115.21
1782638129883,0,0,0,121.00
1782638129883,1,0,0,119.55
1782638129883,2,0,0,119.72
1782638129883,3,0,0,117.25
1782638129883,4,0,0,114.91
1782638129883,5,0,0,117.71
1782638129883,6,0,0,110.58
1782638129883,7,0,0,115.20
1782638130132,0,0,0,121.00
1782638130132,1,0,0,119.59
1782638130132,2,0,0,119.76
1782638130132,3,0,0,117.21
1782638130132,4,0,0,114.88
1782638130132,5,0,0,117.70
1782638130132,6,0,0,110.57
1782638130132,7,0,0,115.21
1782638130620,0,0,0,121.00
1782638130620,1,0,0,119.61
1782638130620,2,0,0,119.76
1782638130620,3,0,0,117.21
1782638130620,4,0,0,114.82
1782638130620,5,0,0,117.72
1782638130620,6,0,0,110.50
1782638130620,7,0,0,115.27
1782638131232,0,0,0,121.01
1782638131232,1,0,0,119.60
1782638131232,2,0,0,119.75
1782638131232,3,0,0,117.25
1782638131232,4,0,0,114.88
1782638131232,5,0,0,117.73
1782638131232,6,0,0,110.60
1782638131232,7,0,0,115.24
1782638131462,0,0,0,121.01
1782638131462,1,0,0,119.67
1782638131462,2,0,0,119.73
1782638131462,3,0,0,117.25
1782638131462,4,0,0,114.92
1782638131462,5,0,0,117.76
1782638131462,6,0,0,110.63
1782638131462,7,0,0,115.26
1782638131682,0,0,0,121.04
1782638131682,1,0,0,119.68
1782638131682,2,0,0,119.74
1782638131682,3,0,0,117.26
1782638131682,4,0,0,114.87
1782638131682,5,0,0,117.75
1782638131682,6,0,0,110.64
1782638131682,7,0,0,115.25
1782638131911,0,0,0,121.04
1782638131911,1,0,0,119.68
1782638131911,2,0,0,119.73
1782638131911,3,0,0,117.27
1782638131911,4,0,0,114.91
1782638131911,5,0,0,117.75
1782638131911,6,0,0,110.61
1782638131911,7,0,0,115.23
1782638132131,0,0,0,121.05
1782638132131,1,0,0,119.72
1782638132131,2,0,0,119.73
1782638132131,3,0,0,117.26
1782638132131,4,0,0,114.93
1782638132131,5,0,0,117.70
1782638132131,6,0,0,110.56
1782638132131,7,0,0,115.24
1782638132352,0,0,0,121.05
1782638132352,1,0,0,119.62
1782638132352,2,0,0,119.73
1782638132352,3,0,0,117.27
1782638132352,4,0,0,114.86
1782638132352,5,0,0,117.71
1782638132352,6,0,0,110.49
1782638132352,7,0,0,115.28
1782638132639,0,0,0,120.80
1782638132639,1,0,0,119.63
1782638132639,2,0,0,119.74
1782638132639,3,0,0,117.27
1782638132639,4,0,0,114.93
1782638132639,5,0,0,117.70
1782638132639,6,0,0,110.48
1782638132639,7,0,0,115.28
1782638132859,0,0,0,120.64
1782638132859,1,0,0,119.61
1782638132859,2,0,0,119.73
1782638132859,3,0,0,117.29
1782638132859,4,0,0,114.89
1782638132859,5,0,0,117.71
1782638132859,6,0,0,110.51
1782638132859,7,0,0,115.28
1782638133078,0,0,0,120.50
1782638133078,1,0,0,119.59
1782638133078,2,0,0,119.75
1782638133078,3,0,0,117.30
1782638133078,4,0,0,114.86
1782638133078,5,0,0,117.70
1782638133078,6,0,0,110.59
1782638133078,7,0,0,115.29
1782638133305,0,0,0,120.33
1782638133305,1,0,0,119.60
1782638133305,2,0,0,119.76
1782638133305,3,0,0,117.29
1782638133305,4,0,0,114.91
1782638133305,5,0,0,117.71
1782638133305,6,0,0,110.59
1782638133305,7,0,0,115.27
1782638133528,0,0,0,120.25
1782638133528,1,0,0,119.60
1782638133528,2,0,0,119.77
1782638133528,3,0,0,117.29
1782638133528,4,0,0,114.91
1782638133528,5,0,0,117.69
1782638133528,6,0,0,110.61
1782638133528,7,0,0,115.28
1782638133850,0,0,0,120.27
1782638133850,1,0,0,119.58
1782638133850,2,0,0,119.78
1782638133850,3,0,0,117.31
1782638133850,4,0,0,114.82
1782638133850,5,0,0,117.71
1782638133850,6,0,0,110.57
1782638133850,7,0,0,115.29
1782638134083,0,0,0,120.29
1782638134083,1,0,0,119.57
1782638134083,2,0,0,119.81
1782638134083,3,0,0,117.30
1782638134083,4,0,0,114.87
1782638134083,5,0,0,117.68
1782638134083,6,0,0,110.56
1782638134083,7,0,0,115.28
1782638134304,0,0,0,120.28
1782638134304,1,0,0,119.57
1782638134304,2,0,0,119.82
1782638134304,3,0,0,117.29
1782638134304,4,0,0,114.87
1782638134304,5,0,0,117.71
1782638134304,6,0,0,110.63
1782638134304,7,0,0,115.30
1782638134527,0,0,0,120.29
1782638134527,1,0,0,119.57
1782638134527,2,0,0,119.83
1782638134527,3,0,0,117.31
1782638134527,4,0,0,114.89
1782638134527,5,0,0,117.69
1782638134527,6,0,0,110.66
1782638134527,7,0,0,115.30
1782638134765,0,0,0,120.26
1782638134765,1,0,0,119.61
1782638134765,2,0,0,119.84
1782638134765,3,0,0,117.30
1782638134765,4,0,0,114.91
1782638134765,5,0,0,117.72
1782638134765,6,0,0,110.72
1782638134765,7,0,0,115.31
1782638135016,0,0,0,120.29
1782638135016,1,0,0,119.63
1782638135016,2,0,0,119.84
1782638135016,3,0,0,117.31
1782638135016,4,0,0,114.95
1782638135016,5,0,0,117.73
1782638135016,6,0,0,110.71
1782638135016,7,0,0,115.33
1782638135414,0,0,0,120.29
1782638135414,1,0,0,119.66
1782638135414,2,0,0,119.86
1782638135414,3,0,0,117.32
1782638135414,4,0,0,114.93
1782638135414,5,0,0,117.74
1782638135414,6,0,0,110.67
1782638135414,7,0,0,115.34
1782638135637,0,0,0,120.26
1782638135637,1,0,0,119.67
1782638135637,2,0,0,119.87
1782638135637,3,0,0,117.32
1782638135637,4,0,0,114.92
1782638135637,5,0,0,117.71
1782638135637,6,0,0,110.68
1782638135637,7,0,0,115.34
1782638135857,0,0,0,120.28
1782638135857,1,0,0,119.65
1782638135857,2,0,0,119.87
1782638135857,3,0,0,117.29
1782638135857,4,0,0,114.94
1782638135857,5,0,0,117.70
1782638135857,6,0,0,110.69
1782638135857,7,0,0,115.36
1782638136077,0,0,0,120.25
1782638136077,1,0,0,119.68
1782638136077,2,0,0,119.89
1782638136077,3,0,0,117.29
1782638136077,4,0,0,114.86
1782638136077,5,0,0,117.73
1782638136077,6,0,0,110.72
1782638136077,7,0,0,115.35
1782638136297,0,0,0,120.24
1782638136297,1,0,0,119.68
1782638136297,2,0,0,119.90
1782638136297,3,0,0,117.28
1782638136297,4,0,0,114.90
1782638136297,5,0,0,117.74
1782638136297,6,0,0,110.73
1782638136297,7,0,0,115.35
1782638136517,0,0,0,120.24
1782638136517,1,0,0,119.68
1782638136517,2,0,0,119.89
1782638136517,3,0,0,117.29
1782638136517,4,0,0,114.91
1782638136517,5,0,0,117.74
1782638136517,6,0,0,110.72
1782638136517,7,0,0,115.30
1782638136736,0,0,0,120.24
1782638136736,1,0,0,119.69
1782638136736,2,0,0,119.89
1782638136736,3,0,0,117.29
1782638136736,4,0,0,114.93
1782638136736,5,0,0,117.74
1782638136736,6,0,0,110.72
1782638136736,7,0,0,115.30
1782638136994,0,0,0,120.23
1782638136994,1,0,0,119.68
1782638136994,2,0,0,119.88
1782638136994,3,0,0,117.32
1782638136994,4,0,0,114.94
1782638136994,5,0,0,117.77
1782638136994,6,0,0,110.72
1782638136994,7,0,0,115.28
1782638137243,0,0,0,120.23
1782638137243,1,0,0,119.67
1782638137243,2,0,0,119.89
1782638137243,3,0,0,117.33
1782638137243,4,0,0,115.01
1782638137243,5,0,0,117.77
1782638137243,6,0,0,110.78
1782638137243,7,0,0,115.29
1782638137600,0,0,0,120.25
1782638137600,1,0,0,119.66
1782638137600,2,0,0,119.86
1782638137600,3,0,0,117.31
1782638137600,4,0,0,114.94
1782638137600,5,0,0,117.78
1782638137600,6,0,0,110.80
1782638137600,7,0,0,115.28
1782638137889,0,0,0,120.25
1782638137889,1,0,0,119.67
1782638137889,2,0,0,119.88
1782638137889,3,0,0,117.32
1782638137889,4,0,0,114.90
1782638137889,5,0,0,117.78
1782638137889,6,0,0,110.82
1782638137889,7,0,0,115.29
1782638138105,0,0,0,120.25
1782638138105,1,0,0,119.68
1782638138105,2,0,0,119.88
1782638138105,3,0,0,117.33
1782638138105,4,0,0,114.96
1782638138105,5,0,0,117.79
1782638138105,6,0,0,110.79
1782638138105,7,0,0,115.30
1782638138323,0,0,0,120.25
1782638138323,1,0,0,119.69
1782638138323,2,0,0,119.87
1782638138323,3,0,0,117.33
1782638138323,4,0,0,114.90
1782638138323,5,0,0,117.77
1782638138323,6,0,0,110.77
1782638138323,7,0,0,115.29
1782638138588,0,0,0,120.29
1782638138588,1,0,0,119.72
1782638138588,2,0,0,119.86
1782638138588,3,0,0,117.35
1782638138588,4,0,0,114.96
1782638138588,5,0,0,117.75
1782638138588,6,0,0,110.70
1782638138588,7,0,0,115.32
1782638138839,0,0,0,120.33
1782638138839,1,0,0,119.70
1782638138839,2,0,0,119.88
1782638138839,3,0,0,117.35
1782638138839,4,0,0,114.98
1782638138839,5,0,0,117.74
1782638138839,6,0,0,110.69
1782638138839,7,0,0,115.34
1782638139199,0,0,0,120.36
1782638139199,1,0,0,119.71
1782638139199,2,0,0,119.89
1782638139199,3,0,0,117.40
1782638139199,4,0,0,114.91
1782638139199,5,0,0,117.77
1782638139199,6,0,0,110.75
1782638139199,7,0,0,115.35
1782638139637,0,0,0,120.37
1782638139637,1,0,0,119.69
1782638139637,2,0,0,119.92
1782638139637,3,0,0,117.40
1782638139637,4,0,0,115.00
1782638139637,5,0,0,117.74
1782638139637,6,0,0,110.75
1782638139637,7,0,0,115.37
1782638139907,0,0,0,120.35
1782638139907,1,0,0,119.69
1782638139907,2,0,0,119.93
1782638139907,3,0,0,117.39
1782638139907,4,0,0,115.05
1782638139907,5,0,0,117.77
1782638139907,6,0,0,110.73
1782638139907,7,0,0,115.36
1782638140126,0,0,0,120.37
1782638140126,1,0,0,119.69
1782638140126,2,0,0,119.93
1782638140126,3,0,0,117.38
1782638140126,4,0,0,114.97
1782638140126,5,0,0,117.73
1782638140126,6,0,0,110.70
1782638140126,7,0,0,115.35
1782638140345,0,0,0,120.39
1782638140345,1,0,0,119.68
1782638140345,2,0,0,119.92
1782638140345,3,0,0,117.35
1782638140345,4,0,0,115.00
1782638140345,5,0,0,117.76
1782638140345,6,0,0,110.69
1782638140345,7,0,0,115.34
1782638140564,0,0,0,120.43
1782638140564,1,0,0,119.69
1782638140564,2,0,0,119.90
1782638140564,3,0,0,117.33
1782638140564,4,0,0,115.02
1782638140564,5,0,0,117.75
1782638140564,6,0,0,110.73
1782638140564,7,0,0,115.35
1782638140807,0,0,0,120.42
1782638140807,1,0,0,119.69
1782638140807,2,0,0,119.92
1782638140807,3,0,0,117.35
1782638140807,4,0,0,114.95
1782638140807,5,0,0,117.75
1782638140807,6,0,0,110.70
1782638140807,7,0,0,115.37
1782638141025,0,0,0,120.44
1782638141025,1,0,0,119.69
1782638141025,2,0,0,119.90
1782638141025,3,0,0,117.35
1782638141025,4,0,0,115.00
1782638141025,5,0,0,117.77
1782638141025,6,0,0,110.71
1782638141025,7,0,0,115.38
1782638141246,0,0,0,120.40
1782638141246,1,0,0,119.69
1782638141246,2,0,0,119.93
1782638141246,3,0,0,117.38
1782638141246,4,0,0,114.95
1782638141246,5,0,0,117.73
1782638141246,6,0,0,110.71
1782638141246,7,0,0,115.40
1782638141466,0,0,0,120.38
1782638141466,1,0,0,119.69
1782638141466,2,0,0,119.96
1782638141466,3,0,0,117.38
1782638141466,4,0,0,114.99
1782638141466,5,0,0,117.78
1782638141466,6,0,0,110.68
1782638141466,7,0,0,115.40
1782638141756,0,0,0,120.40
1782638141756,1,0,0,119.71
1782638141756,2,0,0,119.96
1782638141756,3,0,0,117.38
1782638141756,4,0,0,115.00
1782638141756,5,0,0,117.76
1782638141756,6,0,0,110.70
1782638141756,7,0,0,115.40
1782638141975,0,0,0,120.39
1782638141975,1,0,0,119.74
1782638141975,2,0,0,119.99
1782638141975,3,0,0,117.36
1782638141975,4,0,0,114.94
1782638141975,5,0,0,117.80
1782638141975,6,0,0,110.75
1782638141975,7,0,0,115.38
1782638142194,0,0,0,120.41
1782638142194,1,0,0,119.73
1782638142194,2,0,0,120.00
1782638142194,3,0,0,117.35
1782638142194,4,0,0,115.01
1782638142194,5,0,0,117.81
1782638142194,6,0,0,110.74
1782638142194,7,0,0,115.36
1782638142414,0,0,0,120.41
1782638142414,1,0,0,119.74
1782638142414,2,0,0,120.00
1782638142414,3,0,0,117.35
1782638142414,4,0,0,115.00
1782638142414,5,0,0,117.82
1782638142414,6,0,0,110.75
1782638142414,7,0,0,115.37
1782638142653,0,0,0,120.39
1782638142653,1,0,0,119.72
1782638142653,2,0,0,119.99
1782638142653,3,0,0,117.35
1782638142653,4,0,0,115.02
1782638142653,5,0,0,117.81
1782638142653,6,0,0,110.73
1782638142653,7,0,0,115.35
1782638142872,0,0,0,120.38
1782638142872,1,0,0,119.75
1782638142872,2,0,0,120.00
1782638142872,3,0,0,117.37
1782638142872,4,0,0,115.04
1782638142872,5,0,0,117.79
1782638142872,6,0,0,110.68
1782638142872,7,0,0,115.33
1782638143092,0,0,0,120.38
1782638143092,1,0,0,119.74
1782638143092,2,0,0,120.00
1782638143092,3,0,0,117.37
1782638143092,4,0,0,115.00
1782638143092,5,0,0,117.81
1782638143092,6,0,0,110.69
1782638143092,7,0,0,115.33
1782638143315,0,0,0,120.39
1782638143315,1,0,0,119.74
1782638143315,2,0,0,120.00
1782638143315,3,0,0,117.38
1782638143315,4,0,0,115.05
1782638143315,5,0,0,117.81
1782638143315,6,0,0,110.72
1782638143315,7,0,0,115.33
1782638143540,0,0,0,120.41
1782638143540,1,0,0,119.75
1782638143540,2,0,0,120.04
1782638143540,3,0,0,117.38
1782638143540,4,0,0,115.05
1782638143540,5,0,0,117.81
1782638143540,6,0,0,110.74
1782638143540,7,0,0,115.33
1782638143760,0,0,0,120.39
1782638143760,1,0,0,119.71
1782638143760,2,0,0,120.06
1782638143760,3,0,0,117.38
1782638143760,4,0,0,115.07
1782638143760,5,0,0,117.83
1782638143760,6,0,0,110.75
1782638143760,7,0,0,115.32
1782638143979,0,0,0,120.42
1782638143979,1,0,0,119.72
1782638143979,2,0,0,120.03
1782638143979,3,0,0,117.39
1782638143979,4,0,0,115.11
1782638143979,5,0,0,117.80
1782638143979,6,0,0,110.69
1782638143979,7,0,0,115.35
1782638144199,0,0,0,120.39
1782638144199,1,0,0,119.72
1782638144199,2,0,0,120.04
1782638144199,3,0,0,117.39
1782638144199,4,0,0,115.00
1782638144199,5,0,0,117.84
1782638144199,6,0,0,110.66
1782638144199,7,0,0,115.35
1782638144421,0,0,0,120.42
1782638144421,1,0,0,119.71
1782638144421,2,0,0,120.00
1782638144421,3,0,0,117.40
1782638144421,4,0,0,115.08
1782638144421,5,0,0,117.81
1782638144421,6,0,0,110.59
1782638144421,7,0,0,115.37
1782638144641,0,0,0,120.40
1782638144641,1,0,0,119.73
1782638144641,2,0,0,120.00
1782638144641,3,0,0,117.41
1782638144641,4,0,0,115.03
1782638144641,5,0,0,117.85
1782638144641,6,0,0,110.56
1782638144641,7,0,0,115.37
1782638144861,0,0,0,120.40
1782638144861,1,0,0,119.74
1782638144861,2,0,0,119.99
1782638144861,3,0,0,117.41
1782638144861,4,0,0,115.07
1782638144861,5,0,0,117.87
1782638144861,6,0,0,110.60
1782638144861,7,0,0,115.39
1782638145081,0,0,0,120.40
1782638145081,1,0,0,119.73
1782638145081,2,0,0,120.00
1782638145081,3,0,0,117.42
1782638145081,4,0,0,115.12
1782638145081,5,0,0,117.85
1782638145081,6,0,0,110.62
1782638145081,7,0,0,115.39
1782638145300,0,0,0,120.42
1782638145300,1,0,0,119.73
1782638145300,2,0,0,120.03
1782638145300,3,0,0,117.40
1782638145300,4,0,0,115.02
1782638145300,5,0,0,117.88
1782638145300,6,0,0,110.59
1782638145300,7,0,0,115.37
1782638145533,0,0,0,120.42
1782638145533,1,0,0,119.76
1782638145533,2,0,0,120.05
1782638145533,3,0,0,117.40
1782638145533,4,0,0,115.10
1782638145533,5,0,0,117.83
1782638145533,6,0,0,110.59
1782638145533,7,0,0,115.37
1782638145753,0,0,0,120.46
1782638145753,1,0,0,119.72
1782638145753,2,0,0,120.04
1782638145753,3,0,0,117.38
1782638145753,4,0,0,115.03
1782638145753,5,0,0,117.83
1782638145753,6,0,0,110.55
1782638145753,7,0,0,115.36
1782638145972,0,0,0,120.48
1782638145972,1,0,0,119.75
1782638145972,2,0,0,120.03
1782638145972,3,0,0,117.39
1782638145972,4,0,0,115.10
1782638145972,5,0,0,117.85
1782638145972,6,0,0,110.48
1782638145972,7,0,0,115.36
1782638146191,0,0,0,120.50
1782638146191,1,0,0,119.72
1782638146191,2,0,0,120.03
1782638146191,3,0,0,117.38
1782638146191,4,0,0,115.14
1782638146191,5,0,0,117.83
1782638146191,6,0,0,110.51
1782638146191,7,0,0,115.35
1782638146410,0,0,0,120.51
1782638146410,1,0,0,119.71
1782638146410,2,0,0,120.02
1782638146410,3,0,0,117.41
1782638146410,4,0,0,115.04
1782638146410,5,0,0,117.82
1782638146410,6,0,0,110.56
1782638146410,7,0,0,115.36
1782638146630,0,0,0,120.49
1782638146630,1,0,0,119.73
1782638146630,2,0,0,120.05
1782638146630,3,0,0,117.43
1782638146630,4,0,0,115.13
1782638146630,5,0,0,117.83
1782638146630,6,0,0,110.60
1782638146630,7,0,0,115.37
1782638146849,0,0,0,120.48
1782638146849,1,0,0,119.73
1782638146849,2,0,0,120.04
1782638146849,3,0,0,117.44
1782638146849,4,0,0,115.06
1782638146849,5,0,0,117.78
1782638146849,6,0,0,110.59
1782638146849,7,0,0,115.39
1782638147067,0,0,0,120.50
1782638147067,1,0,0,119.73
1782638147067,2,0,0,120.07
1782638147067,3,0,0,117.44
1782638147067,4,0,0,115.10
1782638147067,5,0,0,117.83
1782638147067,6,0,0,110.62
1782638147067,7,0,0,115.40
1782638147282,0,0,0,120.51
1782638147282,1,0,0,119.71
1782638147282,2,0,0,120.07
1782638147282,3,0,0,117.43
1782638147282,4,0,0,115.11
1782638147282,5,0,0,117.84
1782638147282,6,0,0,110.58
1782638147282,7,0,0,115.42
1782638147499,0,0,0,120.52
1782638147499,1,0,0,119.71
1782638147499,2,0,0,120.07
1782638147499,3,0,0,117.41
1782638147499,4,0,0,115.03
1782638147499,5,0,0,117.84
1782638147499,6,0,0,110.56
1782638147499,7,0,0,115.42
1782638147716,0,0,0,120.51
1782638147716,1,0,0,119.72
1782638147716,2,0,0,120.06
1782638147716,3,0,0,117.41
1782638147716,4,0,0,115.08
1782638147716,5,0,0,117.86
1782638147716,6,0,0,110.57
1782638147716,7,0,0,115.43
1782638147934,0,0,0,120.52
1782638147934,1,0,0,119.73
1782638147934,2,0,0,120.08
1782638147934,3,0,0,117.40
1782638147934,4,0,0,115.02
1782638147934,5,0,0,117.83
1782638147934,6,0,0,110.58
1782638147934,7,0,0,115.43
1782638148152,0,0,0,120.50
1782638148152,1,0,0,119.73
1782638148152,2,0,0,120.08
1782638148152,3,0,0,117.41
1782638148152,4,0,0,115.09
1782638148152,5,0,0,117.85
1782638148152,6,0,0,110.57
1782638148152,7,0,0,115.40
1782638148404,0,0,0,120.49
1782638148404,1,0,0,119.75
1782638148404,2,0,0,120.11
1782638148404,3,0,0,117.42
1782638148404,4,0,0,115.11
1782638148404,5,0,0,117.85
1782638148404,6,0,0,110.56
1782638148404,7,0,0,115.41
1782638148622,0,0,0,120.47
1782638148622,1,0,0,119.78
1782638148622,2,0,0,120.13
1782638148622,3,0,0,117.41
1782638148622,4,0,0,115.02
1782638148622,5,0,0,117.90
1782638148622,6,0,0,110.56
1782638148622,7,0,0,115.38
1782638148839,0,0,0,120.46
1782638148839,1,0,0,119.79
1782638148839,2,0,0,120.10
1782638148839,3,0,0,117.43
1782638148839,4,0,0,115.10
1782638148839,5,0,0,117.89
1782638148839,6,0,0,110.62
1782638148839,7,0,0,115.37
1782638149058,0,0,0,120.47
1782638149058,1,0,0,119.80
1782638149058,2,0,0,120.10
1782638149058,3,0,0,117.41
1782638149058,4,0,0,115.04
1782638149058,5,0,0,117.91
1782638149058,6,0,0,110.66
1782638149058,7,0,0,115.37
1782638149276,0,0,0,120.46
1782638149276,1,0,0,119.79
1782638149276,2,0,0,120.08
1782638149276,3,0,0,117.40
1782638149276,4,0,0,115.08
1782638149276,5,0,0,117.88
1782638149276,6,0,0,110.70
1782638149276,7,0,0,115.37
1782638149521,0,0,0,120.47
1782638149521,1,0,0,119.80
1782638149521,2,0,0,120.11
1782638149521,3,0,0,117.41
1782638149521,4,0,0,115.16
1782638149521,5,0,0,117.88
1782638149521,6,0,0,110.73
1782638149521,7,0,0,115.38
1782638149740,0,0,0,120.47
1782638149740,1,0,0,119.79
1782638149740,2,0,0,120.13
1782638149740,3,0,0,117.39
1782638149740,4,0,0,115.08
1782638149740,5,0,0,117.88
1782638149740,6,0,0,110.69
1782638149740,7,0,0,115.38
1782638149958,0,0,0,120.48
1782638149958,1,0,0,119.78
1782638149958,2,0,0,120.17
1782638149958,3,0,0,117.41
1782638149958,4,0,0,115.16
1782638149958,5,0,0,117.90
1782638149958,6,0,0,110.66
1782638149958,7,0,0,115.39
1782638150178,0,0,0,120.48
1782638150178,1,0,0,119.81
1782638150178,2,0,0,120.17
1782638150178,3,0,0,117.41
1782638150178,4,0,0,115.20
1782638150178,5,0,0,117.90
1782638150178,6,0,0,110.67
1782638150178,7,0,0,115.37
1782638150426,0,0,0,120.49
1782638150426,1,0,0,119.81
1782638150426,2,0,0,120.15
1782638150426,3,0,0,117.42
1782638150426,4,0,0,115.18
1782638150426,5,0,0,117.92
1782638150426,6,0,0,110.71
1782638150426,7,0,0,115.38
1782638150672,0,0,0,120.49
1782638150672,1,0,0,119.84
1782638150672,2,0,0,120.13
1782638150672,3,0,0,117.44
1782638150672,4,0,0,115.21
1782638150672,5,0,0,117.91
1782638150672,6,0,0,110.79
1782638150672,7,0,0,115.39
1782638150891,0,0,0,120.50
1782638150891,1,0,0,119.83
1782638150891,2,0,0,120.12
1782638150891,3,0,0,117.44
1782638150891,4,0,0,115.20
1782638150891,5,0,0,117.92
1782638150891,6,0,0,110.75
1782638150891,7,0,0,115.39
1782638151109,0,0,0,120.53
1782638151109,1,0,0,119.87
1782638151109,2,0,0,120.14
1782638151109,3,0,0,117.44
1782638151109,4,0,0,115.21
1782638151109,5,0,0,117.88
1782638151109,6,0,0,110.69
1782638151109,7,0,0,115.41
1782638151327,0,0,0,120.51
1782638151327,1,0,0,119.83
1782638151327,2,0,0,120.13
1782638151327,3,0,0,117.44
1782638151327,4,0,0,115.23
1782638151327,5,0,0,117.89
1782638151327,6,0,0,110.66
1782638151327,7,0,0,115.40
1782638151547,0,0,0,120.51
1782638151547,1,0,0,119.82
1782638151547,2,0,0,120.15
1782638151547,3,0,0,117.45
1782638151547,4,0,0,115.18
1782638151547,5,0,0,117.89
1782638151547,6,0,0,110.62
1782638151547,7,0,0,115.40
1782638151767,0,0,0,120.55
1782638151767,1,0,0,119.81
1782638151767,2,0,0,120.14
1782638151767,3,0,0,117.43
1782638151767,4,0,0,115.21
1782638151767,5,0,0,117.89
1782638151767,6,0,0,110.60
1782638151767,7,0,0,115.39
1782638151986,0,0,0,120.56
1782638151986,1,0,0,119.81
1782638151986,2,0,0,120.15
1782638151986,3,0,0,117.43
1782638151986,4,0,0,115.17
1782638151986,5,0,0,117.85
1782638151986,6,0,0,110.64
1782638151986,7,0,0,115.41
1782638152206,0,0,0,120.59
1782638152206,1,0,0,119.78
1782638152206,2,0,0,120.17
1782638152206,3,0,0,117.44
1782638152206,4,0,0,115.18
1782638152206,5,0,0,117.88
1782638152206,6,0,0,110.68
1782638152206,7,0,0,115.41
1782638152503,0,0,0,120.59
1782638152503,1,0,0,119.80
1782638152503,2,0,0,120.20
1782638152503,3,0,0,117.46
1782638152503,4,0,0,115.18
1782638152503,5,0,0,117.91
1782638152503,6,0,0,110.63
1782638152503,7,0,0,115.43
1782638152809,0,0,0,120.57
1782638152809,1,0,0,119.82
1782638152809,2,0,0,120.20
1782638152809,3,0,0,117.48
1782638152809,4,0,0,115.26
1782638152809,5,0,0,117.92
1782638152809,6,0,0,110.65
1782638152809,7,0,0,115.44
1782638153069,0,0,0,120.57
1782638153069,1,0,0,119.83
1782638153069,2,0,0,120.23
1782638153069,3,0,0,117.50
1782638153069,4,0,0,115.16
1782638153069,5,0,0,117.90
1782638153069,6,0,0,110.64
1782638153069,7,0,0,115.42
1782638153290,0,0,0,120.57
1782638153290,1,0,0,119.84
1782638153290,2,0,0,120.23
1782638153290,3,0,0,117.49
1782638153290,4,0,0,115.21
1782638153290,5,0,0,117.93
1782638153290,6,0,0,110.65
1782638153290,7,0,0,115.43
1782638153514,0,0,0,120.57
1782638153514,1,0,0,119.84
1782638153514,2,0,0,120.24
1782638153514,3,0,0,117.48
1782638153514,4,0,0,115.20
1782638153514,5,0,0,117.90
1782638153514,6,0,0,110.69
1782638153514,7,0,0,115.44
1782638153770,0,0,0,120.56
1782638153770,1,0,0,119.83
1782638153770,2,0,0,120.25
1782638153770,3,0,0,117.47
1782638153770,4,0,0,115.14
1782638153770,5,0,0,117.93
1782638153770,6,0,0,110.74
1782638153770,7,0,0,115.45
1782638153988,0,0,0,120.56
1782638153988,1,0,0,119.81
1782638153988,2,0,0,120.23
1782638153988,3,0,0,117.47
1782638153988,4,0,0,115.14
1782638153988,5,0,0,117.91
1782638153988,6,0,0,110.72
1782638153988,7,0,0,115.47
1782638154205,0,0,0,120.59
1782638154205,1,0,0,119.78
1782638154205,2,0,0,120.26
1782638154205,3,0,0,117.48
1782638154205,4,0,0,115.18
1782638154205,5,0,0,117.87
1782638154205,6,0,0,110.68
1782638154205,7,0,0,115.45
1782638154594,0,0,0,120.62
1782638154594,1,0,0,119.80
1782638154594,2,0,0,120.28
1782638154594,3,0,0,117.49
1782638154594,4,0,0,115.18
1782638154594,5,0,0,117.91
1782638154594,6,0,0,110.69
1782638154594,7,0,0,115.46
1782638155025,0,0,0,120.63
1782638155025,1,0,0,119.85
1782638155025,2,0,0,120.27
1782638155025,3,0,0,117.49
1782638155025,4,0,0,115.24
1782638155025,5,0,0,117.93
1782638155025,6,0,0,110.74
1782638155025,7,0,0,115.44
1782638155260,0,0,0,120.61
1782638155260,1,0,0,119.85
1782638155260,2,0,0,120.26
1782638155260,3,0,0,117.48
1782638155260,4,0,0,115.19
1782638155260,5,0,0,117.94
1782638155260,6,0,0,110.79
1782638155260,7,0,0,115.44
1782638155498,0,0,0,120.60
1782638155498,1,0,0,119.86
1782638155498,2,0,0,120.26
1782638155498,3,0,0,117.49
1782638155498,4,0,0,115.19
1782638155498,5,0,0,117.94
1782638155498,6,0,0,110.80
1782638155498,7,0,0,115.44
1782638155716,0,0,0,120.57
1782638155716,1,0,0,119.86
1782638155716,2,0,0,120.25
1782638155716,3,0,0,117.47
1782638155716,4,0,0,115.23
1782638155716,5,0,0,117.95
1782638155716,6,0,0,110.77
1782638155716,7,0,0,115.44
1782638155934,0,0,0,120.56
1782638155934,1,0,0,119.85
1782638155934,2,0,0,120.24
1782638155934,3,0,0,117.47
1782638155934,4,0,0,115.18
1782638155934,5,0,0,117.92
1782638155934,6,0,0,110.78
1782638155934,7,0,0,115.42
1782638156154,0,0,0,120.54
1782638156154,1,0,0,119.85
1782638156154,2,0,0,120.24
1782638156154,3,0,0,117.46
1782638156154,4,0,0,115.23
1782638156154,5,0,0,117.96
1782638156154,6,0,0,110.78
1782638156154,7,0,0,115.42
1782638156374,0,0,0,120.53
1782638156374,1,0,0,119.85
1782638156374,2,0,0,120.23
1782638156374,3,0,0,117.46
1782638156374,4,0,0,115.16
1782638156374,5,0,0,117.96
1782638156374,6,0,0,110.77
1782638156374,7,0,0,115.41
1782638156609,0,0,0,120.55
1782638156609,1,0,0,119.87
1782638156609,2,0,0,120.23
1782638156609,3,0,0,117.47
1782638156609,4,0,0,115.12
1782638156609,5,0,0,117.92
1782638156609,6,0,0,110.78
1782638156609,7,0,0,115.40
1782638156935,0,0,0,120.56
1782638156935,1,0,0,119.85
1782638156935,2,0,0,120.25
1782638156935,3,0,0,117.48
1782638156935,4,0,0,115.22
1782638156935,5,0,0,117.95
1782638156935,6,0,0,110.74
1782638156935,7,0,0,115.42
1782638157156,0,0,0,120.57
1782638157156,1,0,0,119.84
1782638157156,2,0,0,120.22
1782638157156,3,0,0,117.50
1782638157156,4,0,0,115.16
1782638157156,5,0,0,117.95
1782638157156,6,0,0,110.68
1782638157156,7,0,0,115.42
1782638157375,0,0,0,120.59
1782638157375,1,0,0,119.84
1782638157375,2,0,0,120.23
1782638157375,3,0,0,117.50
1782638157375,4,0,0,115.24
1782638157375,5,0,0,117.95
1782638157375,6,0,0,110.64
1782638157375,7,0,0,115.41
1782638157596,0,0,0,120.57
1782638157596,1,0,0,119.82
1782638157596,2,0,0,120.23
1782638157596,3,0,0,117.50
1782638157596,4,0,0,115.28
1782638157596,5,0,0,117.97
1782638157596,6,0,0,110.67
1782638157596,7,0,0,115.41
1782638157815,0,0,0,120.58
1782638157815,1,0,0,119.84
1782638157815,2,0,0,120.24
1782638157815,3,0,0,117.50
1782638157815,4,0,0,115.19
1782638157815,5,0,0,117.92
1782638157815,6,0,0,110.70
1782638157815,7,0,0,115.41
1782638158036,0,0,0,120.57
1782638158036,1,0,0,119.85
1782638158036,2,0,0,120.22
1782638158036,3,0,0,117.48
1782638158036,4,0,0,115.23
1782638158036,5,0,0,117.89
1782638158036,6,0,0,110.72
1782638158036,7,0,0,115.41
1782638158256,0,0,0,120.58
1782638158256,1,0,0,119.85
1782638158256,2,0,0,120.23
1782638158256,3,0,0,117.49
1782638158256,4,0,0,115.17
1782638158256,5,0,0,117.90
1782638158256,6,0,0,110.76
1782638158256,7,0,0,115.43
1782638158476,0,0,0,120.57
1782638158476,1,0,0,119.87
1782638158476,2,0,0,120.25
1782638158476,3,0,0,117.49
1782638158476,4,0,0,115.21
1782638158476,5,0,0,117.90
1782638158476,6,0,0,110.77
1782638158476,7,0,0,115.44
1782638158774,0,0,0,120.62
1782638158774,1,0,0,119.86
1782638158774,2,0,0,120.27
1782638158774,3,0,0,117.56
1782638158774,4,0,0,115.20
1782638158774,5,0,0,117.91
1782638158774,6,0,0,110.74
1782638158774,7,0,0,115.47
1782638159191,0,0,0,120.62
1782638159191,1,0,0,119.89
1782638159191,2,0,0,120.31
1782638159191,3,0,0,117.54
1782638159191,4,0,0,115.28
1782638159191,5,0,0,117.93
1782638159191,6,0,0,110.80
1782638159191,7,0,0,115.49
1782638159544,0,0,0,120.67
1782638159544,1,1,0,119.91
1782638159544,2,2,0,120.36
1782638159544,3,0,0,117.54
1782638159544,4,0,0,115.25
1782638159544,5,0,0,117.92
1782638159544,6,0,0,110.87
1782638159544,7,0,0,115.51
1782638159828,0,1,0,120.71
1782638159828,1,0,0,119.94
1782638159828,2,0,0,120.36
1782638159828,3,0,0,117.54
1782638159828,4,0,0,115.28
1782638159828,5,1,0,117.98
1782638159828,6,0,0,110.90
1782638159828,7,0,0,115.51
1782638160050,0,3,0,120.71
1782638160050,1,0,0,119.95
1782638160050,2,3,0,120.46
1782638160050,3,0,0,117.51
1782638160050,4,0,0,115.19
1782638160050,5,0,0,118.00
1782638160050,6,0,0,110.88
1782638160050,7,0,0,115.49
1782638160277,0,0,0,120.75
1782638160277,1,4,0,120.06
1782638160277,2,0,0,120.46
1782638160277,3,0,0,117.52
1782638160277,4,0,0,115.23
1782638160277,5,4,0,118.00
1782638160277,6,0,0,110.84
1782638160277,7,0,0,115.50
1782638160503,0,2,0,120.85
1782638160503,1,0,0,120.10
1782638160503,2,4,1,121.14
1782638160503,3,0,0,117.52
1782638160503,4,0,0,115.18
1782638160503,5,2,0,118.18
1782638160503,6,0,0,110.85
1782638160503,7,0,0,115.51
1782638160947,0,3,0,121.11
1782638160947,1,4,1,120.42
1782638160947,2,35,14,127.20
1782638160947,3,1,0,117.55
1782638160947,4,0,0,115.18
1782638160947,5,3,0,118.48
1782638160947,6,0,0,110.87
1782638160947,7,0,0,115.52
1782638161388,0,2,0,121.37
1782638161388,1,2,0,120.64
1782638161388,2,0,0,149.79
1782638161388,3,1,0,117.63
1782638161388,4,0,0,115.18
1782638161388,5,2,0,118.67
1782638161388,6,0,0,110.86
1782638161388,7,0,0,115.51
1782638161723,0,72,31,150.33
1782638161723,1,53,22,150.86
1782638161723,2,0,0,148.86
1782638161723,3,0,0,117.61
1782638161723,4,3,0,115.29
1782638161723,5,7,1,149.30
1782638161723,6,3,0,110.88
1782638161723,7,0,0,115.48
1782638161955,0,0,0,150.08
1782638161955,1,0,0,150.24
1782638161955,2,0,0,149.21
1782638161955,3,0,0,117.66
1782638161955,4,0,0,115.35
1782638161955,5,0,0,149.76
1782638161955,6,0,0,111.08
1782638161955,7,0,0,115.47
1782638162207,0,0,0,149.89
1782638162207,1,0,0,150.16
1782638162207,2,0,0,120.93
1782638162207,3,0,0,117.64
1782638162207,4,3,0,115.39
1782638162207,5,0,0,149.04
1782638162207,6,0,0,111.14
1782638162207,7,2,0,115.57
1782638162442,0,0,0,148.88
1782638162442,1,0,0,150.60
1782638162442,2,0,0,120.51
1782638162442,3,13,2,118.35
1782638162442,4,0,0,115.44
1782638162442,5,0,0,149.01
1782638162442,6,0,0,111.17
1782638162442,7,0,0,115.56
1782638162673,0,0,0,120.28
1782638162673,1,0,0,129.45
1782638162673,2,0,0,120.48
1782638162673,3,75,33,147.61
1782638162673,4,13,2,116.39
1782638162673,5,0,0,122.55
1782638162673,6,12,2,111.94
1782638162673,7,0,0,115.63
1782638162908,0,0,0,120.12
1782638162908,1,0,0,120.21
1782638162908,2,0,0,120.48
1782638162908,3,0,0,147.65
1782638162908,4,61,26,146.60
1782638162908,5,0,0,118.15
1782638162908,6,10,3,140.27
1782638162908,7,0,0,115.64
1782638163136,0,0,0,120.11
1782638163136,1,0,0,120.15
1782638163136,2,0,0,120.47
1782638163136,3,0,0,147.11
1782638163136,4,0,0,147.09
1782638163136,5,0,0,118.08
1782638163136,6,0,0,140.13
1782638163136,7,19,3,116.18
1782638163368,0,0,0,120.11
1782638163368,1,0,0,120.13
1782638163368,2,0,0,120.46
1782638163368,3,0,0,146.52
1782638163368,4,0,0,147.31
1782638163368,5,0,0,118.09
1782638163368,6,0,0,139.52
1782638163368,7,26,10,145.54
1782638163596,0,0,0,120.10
1782638163596,1,0,0,120.05
1782638163596,2,0,0,120.48
1782638163596,3,0,0,117.92
1782638163596,4,0,0,147.30
1782638163596,5,0,0,118.09
1782638163596,6,0,0,138.98
1782638163596,7,0,0,146.20
1782638163822,0,0,0,120.11
1782638163822,1,0,0,120.04
1782638163822,2,0,0,120.46
1782638163822,3,0,0,117.77
1782638163822,4,0,0,146.46
1782638163822,5,0,0,118.12
1782638163822,6,0,0,111.61
1782638163822,7,0,0,146.26
1782638164049,0,0,0,120.11
1782638164049,1,0,0,120.05
1782638164049,2,0,0,120.46
1782638164049,3,0,0,117.72
1782638164049,4,0,0,116.75
1782638164049,5,0,0,118.12
1782638164049,6,0,0,110.91
1782638164049,7,0,0,146.06
1782638164277,0,0,0,120.11
1782638164277,1,0,0,120.06
1782638164277,2,0,0,120.47
1782638164277,3,0,0,117.68
1782638164277,4,0,0,116.69
1782638164277,5,0,0,118.08
1782638164277,6,0,0,110.89
1782638164277,7,0,0,134.79
1782638164503,0,0,0,120.11
1782638164503,1,0,0,120.07
1782638164503,2,0,0,120.45
1782638164503,3,0,0,117.68
1782638164503,4,0,0,116.69
1782638164503,5,0,0,118.10
1782638164503,6,0,0,110.85
1782638164503,7,0,0,115.74
1782638164731,0,0,0,120.11
1782638164731,1,0,0,120.04
1782638164731,2,0,0,120.47
1782638164731,3,0,0,117.69
1782638164731,4,0,0,116.64
1782638164731,5,0,0,118.05
1782638164731,6,0,0,110.85
1782638164731,7,0,0,115.69
1782638164955,0,0,0,120.12
1782638164955,1,0,0,120.03
1782638164955,2,0,0,120.47
1782638164955,3,0,0,117.68
1782638164955,4,0,0,116.64
1782638164955,5,0,0,118.06
1782638164955,6,0,0,110.90
1782638164955,7,0,0,115.67
1782638165225,0,0,0,120.13
1782638165225,1,0,0,120.02
1782638165225,2,0,0,120.46
1782638165225,3,0,0,117.69
1782638165225,4,0,0,116.65
1782638165225,5,0,0,118.07
1782638165225,6,0,0,110.93
1782638165225,7,0,0,115.68
1782638165450,0,0,0,120.17
1782638165450,1,0,0,120.01
1782638165450,2,0,0,120.46
1782638165450,3,0,0,117.71
1782638165450,4,0,0,116.65
1782638165450,5,0,0,118.08
1782638165450,6,0,0,110.98
1782638165450,7,0,0,115.67
1782638165677,0,0,0,120.16
1782638165677,1,0,0,120.01
1782638165677,2,0,0,120.47
1782638165677,3,0,0,117.70
1782638165677,4,0,0,116.64
1782638165677,5,0,0,118.10
1782638165677,6,0,0,111.00
1782638165677,7,0,0,115.68
1782638165903,0,0,0,120.18
1782638165903,1,0,0,120.03
1782638165903,2,0,0,120.48
1782638165903,3,0,0,117.69
1782638165903,4,0,0,116.60
1782638165903,5,0,0,118.09
1782638165903,6,0,0,111.02
1782638165903,7,0,0,115.69
1782638166127,0,0,0,120.18
1782638166127,1,0,0,120.01
1782638166127,2,0,0,120.49
1782638166127,3,0,0,117.69
1782638166127,4,0,0,116.64
1782638166127,5,0,0,118.08
1782638166127,6,0,0,110.94
1782638166127,7,0,0,115.71
1782638166350,0,0,0,120.17
1782638166350,1,0,0,120.01
1782638166350,2,0,0,120.49
1782638166350,3,0,0,117.67
1782638166350,4,0,0,116.63
1782638166350,5,0,0,118.04
1782638166350,6,0,0,110.87
1782638166350,7,0,0,115.69
1782638166574,0,0,0,120.18
1782638166574,1,0,0,120.00
1782638166574,2,0,0,120.49
1782638166574,3,0,0,117.68
1782638166574,4,0,0,116.64
1782638166574,5,0,0,118.05
1782638166574,6,0,0,110.83
1782638166574,7,0,0,115.70
1782638166799,0,0,0,120.19
1782638166799,1,0,0,120.02
1782638166799,2,0,0,120.51
1782638166799,3,0,0,117.65
1782638166799,4,0,0,116.65
1782638166799,5,0,0,118.03
1782638166799,6,0,0,110.82
1782638166799,7,0,0,115.68
1782638167024,0,0,0,120.17
1782638167024,1,0,0,120.03
1782638167024,2,0,0,120.50
1782638167024,3,0,0,117.64
1782638167024,4,0,0,116.60
1782638167024,5,0,0,118.07
1782638167024,6,0,0,110.84
1782638167024,7,0,0,115.68
1782638167250,0,0,0,120.19
1782638167250,1,0,0,120.03
1782638167250,2,0,0,120.51
1782638167250,3,0,0,117.66
1782638167250,4,0,0,116.62
1782638167250,5,0,0,118.10
1782638167250,6,0,0,110.84
1782638167250,7,0,0,115.67
1782638167477,0,0,0,120.17
1782638167477,1,0,0,120.00
1782638167477,2,0,0,120.53
1782638167477,3,0,0,117.66
1782638167477,4,0,0,116.64
1782638167477,5,0,0,118.07
1782638167477,6,0,0,110.81
1782638167477,7,0,0,115.66
1782638167703,0,0,0,120.14
1782638167703,1,0,0,120.01
1782638167703,2,0,0,120.54
1782638167703,3,0,0,117.68
1782638167703,4,0,0,116.55
1782638167703,5,0,0,118.12
1782638167703,6,0,0,110.79
1782638167703,7,0,0,115.65
1782638167928,0,0,0,120.13
1782638167928,1,0,0,120.01
1782638167928,2,0,0,120.54
1782638167928,3,0,0,117.70
1782638167928,4,0,0,116.61
1782638167928,5,0,0,118.09
1782638167928,6,0,0,110.80
1782638167928,7,0,0,115.65
1782638168152,0,0,0,120.10
1782638168152,1,0,0,120.01
1782638168152,2,0,0,120.55
1782638168152,3,0,0,117.68
1782638168152,4,0,0,116.57
1782638168152,5,0,0,118.08
1782638168152,6,0,0,110.80
1782638168152,7,0,0,115.62
1782638168377,0,0,0,120.10
1782638168377,1,0,0,120.02
1782638168377,2,0,0,120.56
1782638168377,3,0,0,117.69
1782638168377,4,0,0,116.59
1782638168377,5,0,0,118.09
1782638168377,6,0,0,110.84
1782638168377,7,0,0,115.62
1782638168603,0,0,0,120.10
1782638168603,1,0,0,120.04
1782638168603,2,0,0,122.84
1782638168603,3,0,0,117.67
1782638168603,4,0,0,116.64
1782638168603,5,0,0,118.08
1782638168603,6,0,0,110.85
1782638168603,7,0,0,115.61
1782638168828,0,0,0,120.09
1782638168828,1,0,0,120.05
1782638168828,2,8,6,123.95
1782638168828,3,0,0,117.65
1782638168828,4,0,0,116.57
1782638168828,5,0,0,118.10
1782638168828,6,0,0,110.81
1782638168828,7,0,0,115.62
1782638169053,0,0,0,120.11
1782638169053,1,0,0,120.07
1782638169053,2,0,0,133.93
1782638169053,3,0,0,117.65
1782638169053,4,0,0,116.62
1782638169053,5,0,0,118.17
1782638169053,6,0,0,110.83
1782638169053,7,0,0,115.62
1782638169279,0,0,0,120.11
1782638169279,1,0,0,120.06
1782638169279,2,0,0,134.57
1782638169279,3,0,0,117.67
1782638169279,4,0,0,116.68
1782638169279,5,33,27,129.38
1782638169279,6,0,0,110.85
1782638169279,7,0,0,115.62
1782638169504,0,0,0,120.07
1782638169504,1,0,0,120.06
1782638169504,2,26,19,144.32
1782638169504,3,0,0,117.65
1782638169504,4,0,0,116.60
1782638169504,5,0,0,129.65
1782638169504,6,0,0,110.88
1782638169504,7,0,0,115.62
1782638169731,0,41,33,133.69
1782638169731,1,0,0,123.37
1782638169731,2,0,0,144.04
1782638169731,3,0,0,117.67
1782638169731,4,0,0,116.67
1782638169731,5,0,0,142.09
1782638169731,6,0,0,110.93
1782638169731,7,0,0,115.61
1782638169958,0,0,0,133.96
1782638169958,1,41,33,133.12
1782638169958,2,0,0,144.04
1782638169958,3,0,0,117.69
1782638169958,4,0,0,116.60
1782638169958,5,0,0,142.09
1782638169958,6,0,0,110.92
1782638169958,7,0,0,115.60
1782638170183,0,0,0,134.08
1782638170183,1,0,0,133.14
1782638170183,2,0,0,136.40
1782638170183,3,0,0,117.69
1782638170183,4,0,0,116.64
1782638170183,5,0,0,132.50
1782638170183,6,0,0,110.95
1782638170183,7,0,0,115.62
1782638170408,0,0,0,143.99
1782638170408,1,28,20,140.79
1782638170408,2,22,15,142.72
1782638170408,3,27,20,125.71
1782638170408,4,0,0,116.70
1782638170408,5,24,18,140.95
1782638170408,6,27,20,119.10
1782638170408,7,0,0,115.62
1782638170636,0,0,0,130.38
1782638170636,1,0,0,140.87
1782638170636,2,0,0,130.62
1782638170636,3,0,0,125.77
1782638170636,4,0,0,116.60
1782638170636,5,0,0,140.97
1782638170636,6,0,0,119.30
1782638170636,7,0,0,115.62
1782638170890,0,0,0,130.38
1782638170890,1,0,0,128.30
1782638170890,2,0,0,130.58
1782638170890,3,0,0,125.76
1782638170890,4,0,0,118.35
1782638170890,5,0,0,128.36
1782638170890,6,0,0,119.15
1782638170890,7,0,0,115.65
1782638171115,0,0,0,130.04
1782638171115,1,0,0,128.04
1782638171115,2,0,0,130.37
1782638171115,3,0,0,125.76
1782638171115,4,0,0,118.38
1782638171115,5,0,0,128.53
1782638171115,6,0,0,119.17
1782638171115,7,0,0,115.64
1782638171339,0,0,0,120.49
1782638171339,1,0,0,128.18
1782638171339,2,0,0,120.60
1782638171339,3,0,0,125.77
1782638171339,4,0,0,118.32
1782638171339,5,0,0,128.34
1782638171339,6,0,0,119.23
1782638171339,7,0,0,115.64
1782638171564,0,0,0,120.21
1782638171564,1,0,0,120.07
1782638171564,2,0,0,120.56
1782638171564,3,0,0,117.71
1782638171564,4,0,0,118.41
1782638171564,5,0,0,118.14
1782638171564,6,0,0,111.02
1782638171564,7,0,0,115.62
1782638171791,0,0,0,120.18
1782638171791,1,0,0,120.03
1782638171791,2,0,0,120.54
1782638171791,3,0,0,117.71
1782638171791,4,0,0,116.66
1782638171791,5,0,0,118.11
1782638171791,6,0,0,110.92
1782638171791,7,0,0,115.62
1782638172016,0,0,0,120.19
1782638172016,1,0,0,120.05
1782638172016,2,0,0,120.53
1782638172016,3,0,0,117.73
1782638172016,4,0,0,116.65
1782638172016,5,0,0,118.12
1782638172016,6,0,0,110.91
1782638172016,7,0,0,115.63
1782638172241,0,0,0,138.28
1782638172241,1,0,0,120.07
1782638172241,2,0,0,123.80
1782638172241,3,0,0,137.70
1782638172241,4,0,0,116.69
1782638172241,5,0,0,118.11
1782638172241,6,0,0,130.37
1782638172241,7,46,48,143.78
1782638172519,0,60,55,177.52
1782638172519,1,89,84,174.29
1782638172519,2,0,0,175.26
1782638172519,3,95,100,172.96
1782638172519,4,31,25,172.27
1782638172519,5,94,99,174.30
1782638172519,6,71,66,163.70
1782638172519,7,1,0,171.77
1782638172746,0,0,0,177.81
1782638172746,1,0,0,173.37
1782638172746,2,0,0,176.44
1782638172746,3,0,0,174.22
1782638172746,4,0,0,173.45
1782638172746,5,0,0,175.47
1782638172746,6,0,0,164.84
1782638172746,7,0,0,171.86
1782638172971,0,0,0,176.84
1782638172971,1,0,0,174.51
1782638172971,2,0,0,176.41
1782638172971,3,0,0,174.26
1782638172971,4,0,0,172.40
1782638172971,5,0,0,174.41
1782638172971,6,0,0,164.89
1782638172971,7,0,0,170.82
1782638173197,0,0,0,177.01
1782638173197,1,0,0,173.50
1782638173197,2,0,0,175.43
1782638173197,3,0,0,173.20
1782638173197,4,0,0,172.40
1782638173197,5,0,0,174.41
1782638173197,6,0,0,164.94
1782638173197,7,0,0,170.86
1782638173422,0,0,0,135.76
1782638173422,1,0,0,121.28
1782638173422,2,0,0,120.90
1782638173422,3,0,0,119.22
1782638173422,4,0,0,120.24
1782638173422,5,0,0,118.66
1782638173422,6,0,0,115.43
1782638173422,7,0,0,116.22
1782638173648,0,0,0,120.99
1782638173648,1,0,0,120.32
1782638173648,2,0,0,120.71
1782638173648,3,0,0,121.83
1782638173648,4,0,0,116.79
1782638173648,5,0,0,118.22
1782638173648,6,0,0,111.11
1782638173648,7,0,0,115.79
1782638173898,0,95,100,170.01
1782638173898,1,95,99,167.14
1782638173898,2,0,0,165.59
1782638173898,3,84,88,164.42
1782638173898,4,61,63,166.86
1782638173898,5,67,71,165.40
1782638173898,6,80,84,157.45
1782638173898,7,15,16,162.02
1782638174127,0,0,0,169.12
1782638174127,1,0,0,167.32
1782638174127,2,0,0,165.60
1782638174127,3,0,0,164.56
1782638174127,4,0,0,166.95
1782638174127,5,0,0,165.39
1782638174127,6,0,0,158.47
1782638174127,7,0,0,163.00
1782638174352,0,0,0,170.11
1782638174352,1,0,0,168.36
1782638174352,2,0,0,165.64
1782638174352,3,0,0,166.05
1782638174352,4,0,0,165.96
1782638174352,5,0,0,165.40
1782638174352,6,0,0,158.49
1782638174352,7,0,0,162.09
1782638174590,0,0,0,215.95
1782638174590,1,81,83,224.64
1782638174590,2,70,72,233.36
1782638174590,3,85,87,220.71
1782638174590,4,21,22,220.83
1782638174590,5,80,83,230.18
1782638174590,6,58,56,180.80
1782638174590,7,57,59,230.89
1782638174861,0,89,53,296.78
1782638174861,1,100,49,287.79
1782638174861,2,100,50,290.34
1782638174861,3,98,49,294.19
1782638174861,4,83,55,292.62
1782638174861,5,100,48,293.69
1782638174861,6,79,80,272.73
1782638174861,7,5,4,285.65
1782638175105,0,0,0,296.88
1782638175105,1,0,0,297.20
1782638175105,2,0,0,292.24
1782638175105,3,0,0,293.93
1782638175105,4,0,0,283.46
1782638175105,5,1,0,299.15
1782638175105,6,83,55,284.77
1782638175105,7,0,0,285.54
1782638175330,0,0,0,293.37
1782638175330,1,0,0,297.14
1782638175330,2,0,0,288.80
1782638175330,3,0,0,290.49
1782638175330,4,0,0,280.01
1782638175330,5,0,0,295.40
1782638175330,6,0,0,284.57
1782638175330,7,0,0,285.68
1782638175556,0,0,0,255.13
1782638175556,1,0,0,280.34
1782638175556,2,0,0,259.83
1782638175556,3,0,0,236.72
1782638175556,4,0,0,265.91
1782638175556,5,0,0,275.12
1782638175556,6,0,0,281.40
1782638175556,7,0,0,252.50
1782638175781,0,0,0,151.95
1782638175781,1,0,0,202.54
1782638175781,2,0,0,123.19
1782638175781,3,0,0,131.51
1782638175781,4,0,0,124.55
1782638175781,5,0,0,184.16
1782638175781,6,0,0,186.41
1782638175781,7,0,0,118.38
1782638176006,0,0,0,120.74
1782638176006,1,0,0,120.27
1782638176006,2,0,0,120.63
1782638176006,3,0,0,117.68
1782638176006,4,0,0,116.16
1782638176006,5,0,0,117.49
1782638176006,6,0,0,111.31
1782638176006,7,0,0,116.07
1782638176232,0,0,0,120.67
1782638176232,1,0,0,120.19
1782638176232,2,0,0,120.77
1782638176232,3,0,0,117.60
1782638176232,4,0,0,116.08
1782638176232,5,0,0,117.67
1782638176232,6,0,0,111.52
1782638176232,7,0,0,116.02
1782638176500,0,0,0,120.62
1782638176500,1,0,0,120.06
1782638176500,2,0,0,120.73
1782638176500,3,0,0,117.49
1782638176500,4,0,0,115.60
1782638176500,5,0,0,117.70
1782638176500,6,0,0,111.55
1782638176500,7,0,0,115.95
1782638176726,0,0,0,120.57
1782638176726,1,0,0,120.01
1782638176726,2,0,0,120.67
1782638176726,3,0,0,117.43
1782638176726,4,0,0,115.42
1782638176726,5,0,0,117.63
1782638176726,6,0,0,111.54
1782638176726,7,0,0,115.93
1782638176951,0,0,0,120.57
1782638176951,1,0,0,119.94
1782638176951,2,0,0,120.67
1782638176951,3,0,0,117.36
1782638176951,4,0,0,115.17
1782638176951,5,0,0,117.63
1782638176951,6,0,0,111.57
1782638176951,7,0,0,115.90
1782638177177,0,0,0,120.54
1782638177177,1,0,0,119.91
1782638177177,2,0,0,120.61
1782638177177,3,0,0,117.34
1782638177177,4,0,0,115.01
1782638177177,5,0,0,117.61
1782638177177,6,0,0,111.56
1782638177177,7,0,0,115.89
1782638177402,0,0,0,120.55
1782638177402,1,0,0,119.84
1782638177402,2,0,0,120.61
1782638177402,3,0,0,117.31
1782638177402,4,0,0,114.99
1782638177402,5,0,0,117.57
1782638177402,6,0,0,111.54
1782638177402,7,0,0,115.89
1782638177627,0,0,0,120.54
1782638177627,1,0,0,119.79
1782638177627,2,0,0,120.60
1782638177627,3,0,0,117.29
1782638177627,4,0,0,114.96
1782638177627,5,0,0,117.56
1782638177627,6,0,0,111.50
1782638177627,7,0,0,115.90
1782638177851,0,0,0,120.55
1782638177851,1,0,0,119.79
1782638177851,2,0,0,120.59
1782638177851,3,0,0,117.27
1782638177851,4,0,0,114.98
1782638177851,5,0,0,117.57
1782638177851,6,0,0,111.40
1782638177851,7,0,0,115.90
1782638178076,0,0,0,120.55
1782638178076,1,0,0,119.76
1782638178076,2,0,0,120.61
1782638178076,3,0,0,117.25
1782638178076,4,0,0,115.02
1782638178076,5,0,0,117.52
1782638178076,6,0,0,111.40
1782638178076,7,0,0,115.88
1782638178300,0,0,0,120.52
1782638178300,1,0,0,119.79
1782638178300,2,0,0,120.61
1782638178300,3,0,0,117.25
1782638178300,4,0,0,114.93
1782638178300,5,0,0,117.53
1782638178300,6,0,0,111.40
1782638178300,7,0,0,115.89
1782638178524,0,0,0,120.51
1782638178524,1,0,0,119.77
1782638178524,2,0,0,120.62
1782638178524,3,0,0,117.25
1782638178524,4,0,0,114.97
1782638178524,5,0,0,117.53
1782638178524,6,0,0,111.48
1782638178524,7,0,0,115.86
1782638178750,0,0,0,120.52
1782638178750,1,0,0,119.77
1782638178750,2,0,0,120.61
1782638178750,3,0,0,117.22
1782638178750,4,0,0,114.94
1782638178750,5,0,0,117.51
1782638178750,6,0,0,111.53
1782638178750,7,0,0,115.86
1782638178978,0,0,0,120.52
1782638178978,1,0,0,119.77
1782638178978,2,0,0,120.60
1782638178978,3,0,0,117.21
1782638178978,4,0,0,114.95
1782638178978,5,0,0,117.54
1782638178978,6,0,0,111.52
1782638178978,7,0,0,115.85
1782638179206,0,0,0,120.50
1782638179206,1,0,0,119.77
1782638179206,2,0,0,120.61
1782638179206,3,0,0,117.20
1782638179206,4,0,0,114.92
1782638179206,5,0,0,117.53
1782638179206,6,0,0,111.52
1782638179206,7,0,0,115.85
1782638179433,0,0,0,120.50
1782638179433,1,0,0,119.75
1782638179433,2,0,0,120.62
1782638179433,3,0,0,117.18
1782638179433,4,0,0,114.88
1782638179433,5,0,0,117.49
1782638179433,6,0,0,111.45
1782638179433,7,0,0,115.85
1782638179660,0,0,0,120.50
1782638179660,1,0,0,119.77
1782638179660,2,0,0,120.62
1782638179660,3,0,0,117.14
1782638179660,4,0,0,114.90
1782638179660,5,0,0,117.47
1782638179660,6,0,0,111.45
1782638179660,7,0,0,115.87
1782638179887,0,0,0,120.48
1782638179887,1,0,0,119.78
1782638179887,2,0,0,120.64
1782638179887,3,0,0,117.14
1782638179887,4,0,0,114.93
1782638179887,5,0,0,117.50
1782638179887,6,0,0,111.49
1782638179887,7,0,0,115.87
1782638180113,0,0,0,120.48
1782638180113,1,0,0,119.77
1782638180113,2,0,0,120.64
1782638180113,3,0,0,117.14
1782638180113,4,0,0,114.89
1782638180113,5,0,0,117.48
1782638180113,6,0,0,111.49
1782638180113,7,0,0,115.88
1782638180340,0,0,0,120.49
1782638180340,1,0,0,119.77
1782638180340,2,0,0,120.62
1782638180340,3,0,0,117.11
1782638180340,4,0,0,114.92
1782638180340,5,0,0,117.49
1782638180340,6,0,0,111.51
1782638180340,7,0,0,115.86
1782638180566,0,0,0,120.49
1782638180566,1,0,0,119.76
1782638180566,2,0,0,120.62
1782638180566,3,0,0,117.13
1782638180566,4,0,0,114.92
1782638180566,5,0,0,117.49
1782638180566,6,0,0,111.55
1782638180566,7,0,0,115.86
1782638180794,0,0,0,120.49
1782638180794,1,0,0,119.74
1782638180794,2,0,0,120.61
1782638180794,3,0,0,117.14
1782638180794,4,0,0,114.88
1782638180794,5,0,0,117.47
1782638180794,6,0,0,111.53
1782638180794,7,0,0,115.82
1782638181021,0,0,0,120.46
1782638181021,1,0,0,119.70
1782638181021,2,0,0,120.61
1782638181021,3,0,0,117.14
1782638181021,4,0,0,114.90
1782638181021,5,0,0,117.47
1782638181021,6,0,0,111.51
1782638181021,7,0,0,115.82
1782638181248,0,0,0,120.44
1782638181248,1,0,0,119.71
1782638181248,2,0,0,120.61
1782638181248,3,0,0,117.15
1782638181248,4,0,0,114.87
1782638181248,5,0,0,117.44
1782638181248,6,0,0,111.52
1782638181248,7,0,0,115.79
1782638181474,0,18,9,124.25
1782638181474,1,0,0,119.72
1782638181474,2,0,0,124.45
1782638181474,3,0,0,120.69
1782638181474,4,0,0,118.10
1782638181474,5,0,0,118.95
1782638181474,6,0,0,114.43
1782638181474,7,17,8,119.89
1782638181707,0,0,0,124.27
1782638181707,1,0,0,122.27
1782638181707,2,0,0,124.46
1782638181707,3,0,0,120.76
1782638181707,4,0,0,118.70
1782638181707,5,1,1,121.71
1782638181707,6,0,0,115.02
1782638181707,7,0,0,119.89
1782638181934,0,0,0,124.21
1782638181934,1,0,0,122.22
1782638181934,2,0,0,124.52
1782638181934,3,0,0,120.76
1782638181934,4,0,0,118.71
1782638181934,5,0,0,121.79
1782638181934,6,0,0,115.04
1782638181934,7,0,0,119.98
1782638182178,0,0,0,124.27
1782638182178,1,0,0,122.22
1782638182178,2,0,0,124.58
1782638182178,3,0,0,120.68
1782638182178,4,0,0,118.84
1782638182178,5,0,0,121.91
1782638182178,6,0,0,115.08
1782638182178,7,0,0,119.93
1782638182406,0,0,0,124.22
1782638182406,1,0,0,122.28
1782638182406,2,5,1,141.29
1782638182406,3,24,15,141.64
1782638182406,4,0,0,115.68
1782638182406,5,6,1,135.60
1782638182406,6,0,0,115.01
1782638182406,7,0,0,119.93
1782638182646,0,27,15,152.18
1782638182646,1,7,2,128.27
1782638182646,2,20,11,149.76
1782638182646,3,0,0,147.05
1782638182646,4,0,0,122.07
1782638182646,5,16,8,145.85
1782638182646,6,0,0,111.54
1782638182646,7,8,1,139.80
1782638182882,0,0,0,152.24
1782638182882,1,14,8,145.74
1782638182882,2,0,0,149.63
1782638182882,3,0,0,147.70
1782638182882,4,0,0,141.60
1782638182882,5,0,0,146.37
1782638182882,6,35,22,137.76
1782638182882,7,0,0,140.85
1782638183110,0,0,0,151.64
1782638183110,1,0,0,146.33
1782638183110,2,0,0,150.21
1782638183110,3,0,0,147.14
1782638183110,4,0,0,142.14
1782638183110,5,0,0,146.34
1782638183110,6,0,0,137.91
1782638183110,7,0,0,141.35
1782638183337,0,0,0,152.29
1782638183337,1,0,0,146.37
1782638183337,2,0,0,150.10
1782638183337,3,0,0,147.22
1782638183337,4,0,0,142.09
1782638183337,5,0,0,145.76
1782638183337,6,0,0,138.45
1782638183337,7,0,0,141.37
1782638183565,0,0,0,121.42
1782638183565,1,0,0,146.40
1782638183565,2,0,0,120.67
1782638183565,3,0,0,117.32
1782638183565,4,0,0,142.16
1782638183565,5,1,0,117.84
1782638183565,6,0,0,138.41
1782638183565,7,0,0,140.60
1782638183794,0,1,0,120.58
1782638183794,1,0,0,119.84
1782638183794,2,0,0,122.71
1782638183794,3,65,27,167.16
1782638183794,4,0,0,115.03
1782638183794,5,0,0,119.89
1782638183794,6,0,0,121.30
1782638183794,7,1,0,115.91
1782638184045,0,0,0,123.23
1782638184045,1,0,0,119.79
1782638184045,2,89,39,225.69
1782638184045,3,24,12,225.34
1782638184045,4,0,0,114.99
1782638184045,5,100,49,226.48
1782638184045,6,0,0,111.53
1782638184045,7,0,0,115.87
1782638184283,0,100,48,223.38
1782638184283,1,0,0,119.76
1782638184283,2,0,0,226.43
1782638184283,3,7,5,261.17
1782638184283,4,0,0,114.96
1782638184283,5,0,0,226.19
1782638184283,6,0,0,111.44
1782638184283,7,100,45,184.20
1782638184523,0,0,0,223.38
1782638184523,1,37,14,199.07
1782638184523,2,0,0,226.44
1782638184523,3,26,18,286.82
1782638184523,4,2,0,116.24
1782638184523,5,0,0,229.92
1782638184523,6,0,0,111.45
1782638184523,7,0,0,216.66
1782638184775,0,0,0,243.60
1782638184775,1,57,28,222.11
1782638184775,2,28,19,265.09
1782638184775,3,24,18,279.27
1782638184775,4,100,50,220.97
1782638184775,5,26,18,273.68
1782638184775,6,72,27,125.44
1782638184775,7,0,0,229.05
1782638185031,0,23,15,275.78
1782638185031,1,33,22,239.02
1782638185031,2,19,13,191.55
1782638185031,3,22,17,231.51
1782638185031,4,0,0,221.14
1782638185031,5,27,19,198.07
1782638185031,6,9,4,214.03
1782638185031,7,31,20,259.59
1782638185278,0,21,15,211.20
1782638185278,1,21,14,276.71
1782638185278,2,20,16,218.35
1782638185278,3,16,12,224.68
1782638185278,4,22,14,258.40
1782638185278,5,20,14,229.41
1782638185278,6,0,0,213.82
1782638185278,7,17,12,246.87
1782638185531,0,16,12,239.23
1782638185531,1,25,18,241.01
1782638185531,2,21,17,233.74
1782638185531,3,13,11,207.71
1782638185531,4,29,20,289.94
1782638185531,5,21,17,241.71
1782638185531,6,21,15,238.84
1782638185531,7,22,17,221.40
1782638185792,0,21,17,233.07
1782638185792,1,15,11,232.82
1782638185792,2,14,11,211.39
1782638185792,3,19,15,198.35
1782638185792,4,17,12,215.27
1782638185792,5,20,16,214.11
1782638185792,6,26,18,274.27
1782638185792,7,21,17,240.77
1782638186053,0,20,16,209.94
1782638186053,1,17,13,230.09
1782638186053,2,20,16,199.29
1782638186053,3,13,10,180.29
1782638186053,4,22,17,236.14
1782638186053,5,14,11,195.43
1782638186053,6,23,18,207.33
1782638186053,7,16,13,208.84
1782638186310,0,13,10,199.93
1782638186310,1,16,12,202.06
1782638186310,2,14,11,183.62
1782638186310,3,52,30,213.21
1782638186310,4,20,16,223.93
1782638186310,5,13,10,175.16
1782638186310,6,15,11,234.40
1782638186310,7,13,10,197.87
1782638186595,0,13,10,180.93
1782638186595,1,13,10,188.65
1782638186595,2,14,11,173.05
1782638186595,3,45,27,236.57
1782638186595,4,17,14,202.54
1782638186595,5,18,15,166.67
1782638186595,6,16,13,217.69
1782638186595,7,18,15,183.85
1782638186850,0,30,18,195.84
1782638186850,1,14,11,175.75
1782638186850,2,27,15,200.34
1782638186850,3,34,23,265.95
1782638186850,4,13,10,191.85
1782638186850,5,49,27,195.36
1782638186850,6,19,16,191.59
1782638186850,7,27,15,187.62
1782638187114,0,46,26,227.38
1782638187114,1,26,17,195.83
1782638187114,2,31,20,238.28
1782638187114,3,31,22,282.83
1782638187114,4,18,15,177.92
1782638187114,5,39,23,238.59
1782638187114,6,13,10,175.89
1782638187114,7,47,27,217.22
1782638187376,0,36,22,253.36
1782638187376,1,38,24,232.20
1782638187376,2,34,23,262.57
1782638187376,3,26,21,250.96
1782638187376,4,43,23,212.49
1782638187376,5,32,22,257.90
1782638187376,6,12,10,168.29
1782638187376,7,40,26,253.60
1782638187690,0,23,16,267.66
1782638187690,1,18,12,259.69
1782638187690,2,22,16,264.65
1782638187690,3,18,15,204.99
1782638187690,4,27,18,241.06
1782638187690,5,22,16,263.60
1782638187690,6,47,27,204.66
1782638187690,7,29,21,271.51
1782638187958,0,25,19,244.49
1782638187958,1,32,22,270.76
1782638187958,2,29,22,224.18
1782638187958,3,26,15,181.49
1782638187958,4,37,26,269.67
1782638187958,5,21,16,235.95
1782638187958,6,33,22,244.40
1782638187958,7,31,23,247.47
1782638188223,0,21,16,220.89
1782638188223,1,32,25,237.49
1782638188223,2,18,15,199.99
1782638188223,3,0,0,159.80
1782638188223,4,24,17,270.68
1782638188223,5,1,1,191.32
1782638188223,6,26,18,263.64
1782638188223,7,26,20,222.01
1782638188470,0,0,0,185.56
1782638188470,1,25,20,213.71
1782638188470,2,0,0,170.59
1782638188470,3,0,0,137.80
1782638188470,4,27,20,241.94
1782638188470,5,0,0,168.64
1782638188470,6,34,25,261.62
1782638188470,7,0,0,176.49
1782638188710,0,0,0,166.79
1782638188710,1,0,0,176.61
1782638188710,2,0,0,152.36
1782638188710,3,0,0,135.43
1782638188710,4,0,0,199.34
1782638188710,5,0,0,152.96
1782638188710,6,27,21,235.33
1782638188710,7,0,0,156.17
1782638188949,0,13,7,156.50
1782638188949,1,0,0,155.72
1782638188949,2,0,0,148.53
1782638188949,3,0,0,119.28
1782638188949,4,0,0,169.56
1782638188949,5,38,21,147.43
1782638188949,6,24,20,205.55
1782638188949,7,2,2,155.51
1782638189183,0,0,0,140.58
1782638189183,1,38,21,154.01
1782638189183,2,0,0,138.02
1782638189183,3,0,0,118.45
1782638189183,4,0,0,156.86
1782638189183,5,0,0,138.34
1782638189183,6,0,0,161.38
1782638189183,7,0,0,135.51
1782638189418,0,0,0,139.44
1782638189418,1,0,0,137.70
1782638189418,2,0,0,138.41
1782638189418,3,0,0,118.36
1782638189418,4,13,7,141.30
1782638189418,5,0,0,137.69
1782638189418,6,0,0,143.75
1782638189418,7,0,0,133.40
1782638189652,0,0,0,139.69
1782638189652,1,0,0,137.73
1782638189652,2,0,0,138.16
1782638189652,3,0,0,118.29
1782638189652,4,0,0,134.07
1782638189652,5,0,0,137.91
1782638189652,6,0,0,142.24
1782638189652,7,0,0,133.16
1782638189884,0,0,0,123.82
1782638189884,1,0,0,137.75
1782638189884,2,0,0,122.64
1782638189884,3,0,0,118.25
1782638189884,4,0,0,133.94
1782638189884,5,0,0,118.81
1782638189884,6,0,0,129.48
1782638189884,7,0,0,117.12
1782638190116,0,0,0,123.80
1782638190116,1,0,0,121.77
1782638190116,2,0,0,122.62
1782638190116,3,0,0,118.21
1782638190116,4,0,0,133.82
1782638190116,5,0,0,118.44
1782638190116,6,0,0,129.33
1782638190116,7,0,0,117.00
1782638190348,0,0,0,123.82
1782638190348,1,0,0,121.69
1782638190348,2,0,0,122.58
1782638190348,3,0,0,118.18
1782638190348,4,0,0,117.32
1782638190348,5,0,0,118.40
1782638190348,6,0,0,129.16
1782638190348,7,0,0,116.97
1782638190583,0,0,0,123.78
1782638190583,1,0,0,121.66
1782638190583,2,0,0,122.57
1782638190583,3,0,0,118.15
1782638190583,4,0,0,117.36
1782638190583,5,0,0,118.34
1782638190583,6,0,0,112.66
1782638190583,7,0,0,116.97
1782638190815,0,0,0,123.76
1782638190815,1,0,0,121.64
1782638190815,2,0,0,122.57
1782638190815,3,0,0,118.14
1782638190815,4,0,0,117.36
1782638190815,5,0,0,118.35
1782638190815,6,0,0,112.71
1782638190815,7,0,0,116.95
1782638191046,0,0,0,123.73
1782638191046,1,0,0,121.62
1782638191046,2,0,0,122.55
1782638191046,3,0,0,118.12
1782638191046,4,0,0,117.35
1782638191046,5,0,0,118.34
1782638191046,6,0,0,112.57
1782638191046,7,0,0,116.94
1782638191277,0,0,0,123.73
1782638191277,1,0,0,121.58
1782638191277,2,0,0,122.55
1782638191277,3,0,0,118.10
1782638191277,4,0,0,117.32
1782638191277,5,0,0,118.35
1782638191277,6,0,0,112.57
1782638191277,7,0,0,116.94
1782638191508,0,0,0,123.73
1782638191508,1,0,0,121.53
1782638191508,2,0,0,122.56
1782638191508,3,0,0,118.09
1782638191508,4,0,0,117.31
1782638191508,5,0,0,118.35
1782638191508,6,0,0,112.55
1782638191508,7,0,0,116.92
1782638191743,0,0,0,123.72
1782638191743,1,0,0,121.53
1782638191743,2,0,0,122.54
1782638191743,3,0,0,118.07
1782638191743,4,0,0,117.26
1782638191743,5,0,0,118.36
1782638191743,6,0,0,112.54
1782638191743,7,0,0,116.94
1782638191973,0,0,0,123.73
1782638191973,1,0,0,121.51
1782638191973,2,0,0,122.54
1782638191973,3,0,0,118.03
1782638191973,4,0,0,117.28
1782638191973,5,0,0,118.36
1782638191973,6,0,0,112.48
1782638191973,7,0,0,116.91
1782638192203,0,0,0,123.73
1782638192203,1,0,0,121.50
1782638192203,2,0,0,122.51
1782638192203,3,0,0,118.02
1782638192203,4,0,0,117.26
1782638192203,5,0,0,118.36
1782638192203,6,0,0,112.48
1782638192203,7,0,0,116.91
1782638192434,0,0,0,123.73
1782638192434,1,0,0,121.49
1782638192434,2,0,0,122.53
1782638192434,3,0,0,118.01
1782638192434,4,0,0,117.21
1782638192434,5,0,0,118.33
1782638192434,6,0,0,112.51
1782638192434,7,0,0,116.86
1782638192666,0,0,0,123.71
1782638192666,1,0,0,121.50
1782638192666,2,0,0,122.51
1782638192666,3,0,0,118.00
1782638192666,4,0,0,117.23
1782638192666,5,0,0,118.30
1782638192666,6,0,0,112.51
1782638192666,7,0,0,116.83
1782638192896,0,0,0,123.75
1782638192896,1,0,0,121.48
1782638192896,2,0,0,122.51
1782638192896,3,0,0,117.99
1782638192896,4,0,0,117.24
1782638192896,5,0,0,118.29
1782638192896,6,0,0,112.54
1782638192896,7,0,0,116.85
1782638193126,0,0,0,123.71
1782638193126,1,0,0,121.48
1782638193126,2,0,0,122.51
1782638193126,3,0,0,117.99
1782638193126,4,0,0,117.18
1782638193126,5,0,0,118.32
1782638193126,6,0,0,112.53
1782638193126,7,0,0,116.82
1782638193398,0,0,0,123.68
1782638193398,1,0,0,121.47
1782638193398,2,0,0,122.50
1782638193398,3,0,0,117.99
1782638193398,4,0,0,117.16
1782638193398,5,0,0,118.29
1782638193398,6,0,0,112.50
1782638193398,7,0,0,116.81
1782638193626,0,23,4,124.82
1782638193626,1,28,4,124.34
1782638193626,2,44,7,125.04
1782638193626,3,22,3,119.37
1782638193626,4,35,5,119.92
1782638193626,5,23,4,120.72
1782638193626,6,30,5,115.22
1782638193626,7,28,4,119.50
1782638193963,0,35,5,126.51
1782638193963,1,21,3,124.46
1782638193963,2,0,0,125.38
1782638193963,3,0,0,120.40
1782638193963,4,0,0,120.21
1782638193963,5,49,8,121.39
1782638193963,6,0,0,115.29
1782638193963,7,0,0,119.77
1782638194191,0,0,0,126.45
1782638194191,1,0,0,124.40
1782638194191,2,0,0,125.36
1782638194191,3,0,0,120.42
1782638194191,4,0,0,120.09
1782638194191,5,0,0,121.39
1782638194191,6,0,0,115.27
1782638194191,7,0,0,119.69
1782638194424,0,0,0,126.80
1782638194424,1,0,0,124.59
1782638194424,2,11,2,125.61
1782638194424,3,0,0,120.55
1782638194424,4,5,1,120.25
1782638194424,5,0,0,121.36
1782638194424,6,5,1,115.33
1782638194424,7,8,1,119.80
1782638194783,0,8,1,125.06
1782638194783,1,8,1,122.63
1782638194783,2,13,2,123.87
1782638194783,3,12,2,119.05
1782638194783,4,10,2,118.56
1782638194783,5,13,2,119.56
1782638194783,6,10,1,113.52
1782638194783,7,9,1,118.26
1782638195064,0,99,0,127.89
1782638195064,1,100,1,124.80
1782638195064,2,100,1,125.51
1782638195064,3,100,1,122.74
1782638195064,4,92,1,122.61
1782638195064,5,100,1,119.99
1782638195064,6,100,1,118.06
1782638195064,7,98,1,123.50
1782638195334,0,44,21,154.70
1782638195334,1,53,20,149.45
1782638195334,2,65,28,151.08
1782638195334,3,46,22,150.60
1782638195334,4,55,31,143.76
1782638195334,5,70,14,143.23
1782638195334,6,80,25,138.12
1782638195334,7,70,31,145.92
1782638195593,0,98,1,156.61
1782638195593,1,100,1,151.51
1782638195593,2,100,1,155.33
1782638195593,3,100,1,154.24
1782638195593,4,100,1,147.15
1782638195593,5,100,1,147.09
1782638195593,6,83,2,140.53
1782638195593,7,100,1,147.90
1782638196047,0,0,0,132.35
1782638196047,1,0,0,129.06
1782638196047,2,0,0,130.02
1782638196047,3,0,0,126.10
1782638196047,4,0,0,123.55
1782638196047,5,0,0,125.83
1782638196047,6,0,0,119.57
1782638196047,7,0,0,123.13
1782638196922,0,75,36,149.76
1782638196922,1,60,29,140.90
1782638196922,2,86,0,139.48
1782638196922,3,96,9,146.59
1782638196922,4,0,0,135.19
1782638196922,5,96,16,138.45
1782638196922,6,90,42,132.43
1782638196922,7,63,0,138.40
1782638197292,0,0,0,151.44
1782638197292,1,0,0,147.84
1782638197292,2,0,0,150.47
1782638197292,3,20,12,146.92
1782638197292,4,0,0,146.50
1782638197292,5,5,4,148.03
1782638197292,6,0,0,140.19
1782638197292,7,0,0,146.87
1782638197525,0,0,0,151.48
1782638197525,1,0,0,147.88
1782638197525,2,0,0,149.95
1782638197525,3,0,0,147.51
1782638197525,4,0,0,146.33
1782638197525,5,0,0,148.81
1782638197525,6,0,0,139.76
1782638197525,7,0,0,146.41
1782638197782,0,0,0,152.22
1782638197782,1,0,0,149.18
1782638197782,2,0,0,150.67
1782638197782,3,22,3,147.71
1782638197782,4,0,0,147.22
1782638197782,5,22,3,148.91
1782638197782,6,3,0,140.56
1782638197782,7,3,0,147.14
1782638198013,0,0,0,142.79
1782638198013,1,0,0,133.13
1782638198013,2,3,0,137.78
1782638198013,3,0,0,138.09
1782638198013,4,0,0,132.49
1782638198013,5,0,0,131.60
1782638198013,6,0,0,123.91
1782638198013,7,0,0,129.47
1782638198255,0,6,1,125.45
1782638198255,1,10,2,123.40
1782638198255,2,44,7,124.62
1782638198255,3,6,1,120.62
1782638198255,4,0,0,119.79
1782638198255,5,11,2,120.84
1782638198255,6,58,9,114.97
1782638198255,7,0,0,119.34
1782638198513,0,0,0,126.17
1782638198513,1,0,0,124.11
1782638198513,2,0,0,124.99
1782638198513,3,0,0,120.54
1782638198513,4,0,0,119.42
1782638198513,5,0,0,120.60
1782638198513,6,0,0,114.91
1782638198513,7,0,0,119.33
1782638198742,0,0,0,125.44
1782638198742,1,0,0,123.30
1782638198742,2,0,0,124.34
1782638198742,3,0,0,119.75
1782638198742,4,0,0,119.05
1782638198742,5,0,0,120.10
1782638198742,6,0,0,114.26
1782638198742,7,0,0,118.55
1782638199015,0,0,0,125.49
1782638199015,1,0,0,123.34
1782638199015,2,0,0,124.28
1782638199015,3,0,0,119.77
1782638199015,4,0,0,119.00
1782638199015,5,0,0,120.00
1782638199015,6,0,0,114.13
1782638199015,7,0,0,118.55
1782638199243,0,0,0,125.46
1782638199243,1,0,0,122.18
1782638199243,2,0,0,124.25
1782638199243,3,0,0,118.61
1782638199243,4,0,0,117.26
1782638199243,5,0,0,118.72
1782638199243,6,0,0,112.36
1782638199243,7,0,0,116.90
1782638199502,0,0,0,123.76
1782638199502,1,0,0,121.46
1782638199502,2,0,0,122.58
1782638199502,3,0,0,118.01
1782638199502,4,0,0,117.22
1782638199502,5,0,0,118.28
1782638199502,6,0,0,112.33
1782638199502,7,0,0,116.88
1782638199767,0,0,0,123.75
1782638199767,1,0,0,121.45
1782638199767,2,0,0,122.56
1782638199767,3,0,0,117.99
1782638199767,4,0,0,117.26
1782638199767,5,0,0,118.32
1782638199767,6,0,0,112.36
1782638199767,7,0,0,116.85
1782638199992,0,0,0,123.72
1782638199992,1,0,0,121.44
1782638199992,2,0,0,122.54
1782638199992,3,0,0,117.96
1782638199992,4,0,0,117.28
1782638199992,5,0,0,118.34
1782638199992,6,0,0,112.44
1782638199992,7,0,0,116.82
1782638200217,0,0,0,123.69
1782638200217,1,0,0,121.43
1782638200217,2,0,0,122.53
1782638200217,3,0,0,117.94
1782638200217,4,0,0,117.25
1782638200217,5,0,0,118.35
1782638200217,6,0,0,112.47
1782638200217,7,0,0,116.82
1782638200442,0,0,0,123.70
1782638200442,1,0,0,121.44
1782638200442,2,0,0,122.53
1782638200442,3,0,0,117.93
1782638200442,4,0,0,117.27
1782638200442,5,0,0,118.35
1782638200442,6,0,0,112.49
1782638200442,7,0,0,116.78
1782638200667,0,0,0,123.69
1782638200667,1,0,0,121.44
1782638200667,2,0,0,122.53
1782638200667,3,0,0,117.92
1782638200667,4,0,0,117.22
1782638200667,5,0,0,118.34
1782638200667,6,0,0,112.45
1782638200667,7,0,0,116.76
1782638200895,0,0,0,123.71
1782638200895,1,0,0,121.46
1782638200895,2,0,0,122.51
1782638200895,3,0,0,117.94
1782638200895,4,0,0,117.26
1782638200895,5,0,0,118.34
1782638200895,6,0,0,112.45
1782638200895,7,0,0,116.75
1782638201123,0,0,0,123.69
1782638201123,1,0,0,121.43
1782638201123,2,0,0,122.51
1782638201123,3,0,0,117.94
1782638201123,4,0,0,117.31
1782638201123,5,0,0,118.31
1782638201123,6,0,0,112.44
1782638201123,7,0,0,116.75
1782638201393,0,0,0,123.72
1782638201393,1,0,0,121.44
1782638201393,2,0,0,122.54
1782638201393,3,0,0,117.99
1782638201393,4,0,0,117.34
1782638201393,5,0,0,118.33
1782638201393,6,0,0,112.49
1782638201393,7,0,0,116.80
1782638202136,0,0,0,123.70
1782638202136,1,0,0,121.40
1782638202136,2,0,0,122.50
1782638202136,3,0,0,118.00
1782638202136,4,0,0,117.23
1782638202136,5,0,0,118.28
1782638202136,6,0,0,112.38
1782638202136,7,0,0,116.82
1782638202686,0,0,0,123.71
1782638202686,1,0,0,121.39
1782638202686,2,0,0,122.48
1782638202686,3,0,0,117.98
1782638202686,4,0,0,117.23
1782638202686,5,0,0,118.28
1782638202686,6,0,0,112.35
1782638202686,7,0,0,116.83
1782638202915,0,0,0,123.70
1782638202915,1,0,0,121.39
1782638202915,2,0,0,122.49
1782638202915,3,0,0,117.99
1782638202915,4,0,0,117.27
1782638202915,5,0,0,118.25
1782638202915,6,0,0,112.39
1782638202915,7,0,0,116.79
1782638203148,0,0,0,123.71
1782638203148,1,0,0,121.40
1782638203148,2,0,0,122.48
1782638203148,3,0,0,117.98
1782638203148,4,0,0,117.19
1782638203148,5,0,0,118.24
1782638203148,6,0,0,112.41
1782638203148,7,0,0,116.79
1782638203376,0,0,0,123.74
1782638203376,1,0,0,121.41
1782638203376,2,0,0,122.49
1782638203376,3,0,0,117.94
1782638203376,4,0,0,117.08
1782638203376,5,0,0,118.24
1782638203376,6,0,0,112.44
1782638203376,7,0,0,116.78
1782638203603,0,0,0,123.72
1782638203603,1,0,0,121.42
1782638203603,2,0,0,122.49
1782638203603,3,0,0,117.91
1782638203603,4,0,0,116.88
1782638203603,5,0,0,118.22
1782638203603,6,0,0,112.46
1782638203603,7,0,0,116.79
1782638203830,0,0,0,123.75
1782638203830,1,0,0,121.40
1782638203830,2,0,0,122.47
1782638203830,3,0,0,117.91
1782638203830,4,0,0,116.68
1782638203830,5,0,0,118.24
1782638203830,6,0,0,112.43
1782638203830,7,0,0,116.80
1782638204056,0,0,0,123.71
1782638204056,1,0,0,121.38
1782638204056,2,0,0,122.47
1782638204056,3,0,0,117.93
1782638204056,4,0,0,116.57
1782638204056,5,0,0,118.20
1782638204056,6,0,0,112.40
1782638204056,7,0,0,116.79
1782638204283,0,0,0,123.72
1782638204283,1,0,0,121.37
1782638204283,2,0,0,122.50
1782638204283,3,0,0,117.94
1782638204283,4,0,0,116.46
1782638204283,5,0,0,118.24
1782638204283,6,0,0,112.32
1782638204283,7,0,0,116.79
1782638204509,0,0,0,123.70
1782638204509,1,0,0,121.39
1782638204509,2,0,0,122.50
1782638204509,3,0,0,117.94
1782638204509,4,0,0,116.45
1782638204509,5,0,0,118.22
1782638204509,6,0,0,112.31
1782638204509,7,0,0,116.77
1782638204755,0,0,0,123.72
1782638204755,1,0,0,121.36
1782638204755,2,0,0,122.49
1782638204755,3,0,0,117.94
1782638204755,4,0,0,116.50
1782638204755,5,0,0,118.23
1782638204755,6,0,0,112.31
1782638204755,7,0,0,116.77
1782638204983,0,0,0,123.73
1782638204983,1,0,0,121.38
1782638204983,2,0,0,122.49
1782638204983,3,0,0,117.95
1782638204983,4,0,0,116.46
1782638204983,5,0,0,118.21
1782638204983,6,0,0,112.28
1782638204983,7,0,0,116.79
1782638205342,0,0,0,123.74
1782638205342,1,0,0,121.38
1782638205342,2,0,0,122.50
1782638205342,3,0,0,117.92
1782638205342,4,0,0,116.46
1782638205342,5,0,0,118.25
1782638205342,6,0,0,112.26
1782638205342,7,0,0,116.80
1782638205729,0,0,0,123.75
1782638205729,1,0,0,121.40
1782638205729,2,0,0,122.52
1782638205729,3,0,0,117.92
1782638205729,4,0,0,116.47
1782638205729,5,0,0,118.26
1782638205729,6,0,0,112.28
1782638205729,7,0,0,116.77
1782638206186,0,0,0,123.75
1782638206186,1,0,0,121.42
1782638206186,2,0,0,122.52
1782638206186,3,0,0,117.91
1782638206186,4,0,0,116.44
1782638206186,5,0,0,118.23
1782638206186,6,0,0,112.34
1782638206186,7,0,0,116.74
1782638206738,0,0,0,123.70
1782638206738,1,0,0,121.39
1782638206738,2,0,0,122.51
1782638206738,3,0,0,117.90
1782638206738,4,0,0,116.16
1782638206738,5,0,0,118.23
1782638206738,6,0,0,112.39
1782638206738,7,0,0,116.71
1782638207219,0,0,0,123.69
1782638207219,1,0,0,121.36
1782638207219,2,0,0,122.50
1782638207219,3,0,0,117.90
1782638207219,4,0,0,115.99
1782638207219,5,0,0,118.24
1782638207219,6,0,0,112.41
1782638207219,7,0,0,116.70
1782638207590,0,0,0,123.71
1782638207590,1,0,0,121.36
1782638207590,2,0,0,122.51
1782638207590,3,0,0,117.93
1782638207590,4,0,0,115.84
1782638207590,5,0,0,118.28
1782638207590,6,0,0,112.42
1782638207590,7,0,0,116.69
1782638208090,0,0,0,123.69
1782638208090,1,0,0,121.35
1782638208090,2,0,0,122.50
1782638208090,3,0,0,117.95
1782638208090,4,0,0,115.81
1782638208090,5,0,0,118.25
1782638208090,6,0,0,112.39
1782638208090,7,0,0,116.69
1782638208318,0,0,0,123.66
1782638208318,1,0,0,121.31
1782638208318,2,0,0,122.50
1782638208318,3,0,0,117.94
1782638208318,4,0,0,115.84
1782638208318,5,0,0,118.28
1782638208318,6,0,0,112.40
1782638208318,7,0,0,116.68
1782638208557,0,0,0,123.63
1782638208557,1,0,0,121.28
1782638208557,2,0,0,122.50
1782638208557,3,0,0,117.91
1782638208557,4,0,0,115.87
1782638208557,5,0,0,118.27
1782638208557,6,0,0,112.39
1782638208557,7,0,0,116.69
1782638208918,0,0,0,123.64
1782638208918,1,0,0,121.27
1782638208918,2,0,0,122.50
1782638208918,3,0,0,117.92
1782638208918,4,0,0,115.85
1782638208918,5,0,0,118.21
1782638208918,6,0,0,112.46
1782638208918,7,0,0,116.71
1782638209292,0,0,0,123.69
1782638209292,1,0,0,121.32
1782638209292,2,0,0,122.51
1782638209292,3,0,0,117.93
1782638209292,4,0,0,115.87
1782638209292,5,0,0,118.23
1782638209292,6,0,0,112.45
1782638209292,7,0,0,116.74
1782638209713,0,0,0,123.71
1782638209713,1,0,0,121.33
1782638209713,2,0,0,122.51
1782638209713,3,0,0,117.94
1782638209713,4,0,0,115.88
1782638209713,5,0,0,118.19
1782638209713,6,0,0,112.39
1782638209713,7,0,0,116.78
1782638210133,0,0,0,123.73
1782638210133,1,0,0,121.32
1782638210133,2,0,0,122.51
1782638210133,3,0,0,117.95
1782638210133,4,0,0,115.84
1782638210133,5,0,0,118.25
1782638210133,6,0,0,112.36
1782638210133,7,0,0,116.75
1782638210466,0,0,0,123.74
1782638210466,1,0,0,121.32
1782638210466,2,0,0,122.51
1782638210466,3,0,0,117.92
1782638210466,4,0,0,115.88
1782638210466,5,0,0,118.25
1782638210466,6,0,0,112.36
1782638210466,7,0,0,116.76
1782638210694,0,0,0,123.71
1782638210694,1,0,0,121.36
1782638210694,2,0,0,122.52
1782638210694,3,0,0,117.91
1782638210694,4,0,0,115.87
1782638210694,5,0,0,118.20
1782638210694,6,0,0,112.40
1782638210694,7,0,0,116.73
1782638210922,0,0,0,123.70
1782638210922,1,0,0,121.36
1782638210922,2,0,0,122.53
1782638210922,3,0,0,117.89
1782638210922,4,0,0,115.82
1782638210922,5,0,0,118.21
1782638210922,6,0,0,112.39
1782638210922,7,0,0,116.70
1782638211149,0,0,0,123.67
1782638211149,1,0,0,121.38
1782638211149,2,0,0,122.53
1782638211149,3,0,0,117.88
1782638211149,4,0,0,115.83
1782638211149,5,0,0,118.20
1782638211149,6,0,0,112.42
1782638211149,7,0,0,116.71
1782638211378,0,0,0,123.70
1782638211378,1,0,0,121.37
1782638211378,2,0,0,122.52
1782638211378,3,0,0,117.86
1782638211378,4,0,0,115.76
1782638211378,5,0,0,118.19
1782638211378,6,0,0,112.38
1782638211378,7,0,0,116.71
1782638211607,0,0,0,123.68
1782638211607,1,0,0,121.33
1782638211607,2,0,0,122.50
1782638211607,3,0,0,117.87
1782638211607,4,0,0,115.80
1782638211607,5,0,0,118.21
1782638211607,6,0,0,112.32
1782638211607,7,0,0,116.70
1782638211836,0,0,0,123.69
1782638211836,1,0,0,121.32
1782638211836,2,0,0,122.49
1782638211836,3,0,0,117.84
1782638211836,4,0,0,115.82
1782638211836,5,0,0,118.22
1782638211836,6,0,0,112.34
1782638211836,7,0,0,116.71
1782638212066,0,0,0,123.69
1782638212066,1,0,0,121.30
1782638212066,2,0,0,122.48
1782638212066,3,0,0,117.84
1782638212066,4,0,0,115.75
1782638212066,5,0,0,118.22
1782638212066,6,0,0,112.34
1782638212066,7,0,0,116.70
1782638212295,0,0,0,123.66
1782638212295,1,0,0,121.29
1782638212295,2,0,0,122.49
1782638212295,3,0,0,117.84
1782638212295,4,0,0,115.78
1782638212295,5,0,0,118.18
1782638212295,6,0,0,112.33
1782638212295,7,0,0,116.68
1782638212525,0,0,0,123.68
1782638212525,1,0,0,121.31
1782638212525,2,0,0,122.52
1782638212525,3,0,0,117.84
1782638212525,4,0,0,115.81
1782638212525,5,0,0,118.21
1782638212525,6,0,0,112.28
1782638212525,7,0,0,116.69
1782638212754,0,0,0,123.70
1782638212754,1,0,0,121.31
1782638212754,2,0,0,122.51
1782638212754,3,0,0,117.84
1782638212754,4,0,0,115.76
1782638212754,5,0,0,118.17
1782638212754,6,0,0,112.29
1782638212754,7,0,0,116.69
1782638212983,0,0,0,123.69
1782638212983,1,0,0,121.32
1782638212983,2,0,0,122.51
1782638212983,3,0,0,117.84
1782638212983,4,0,0,115.78
1782638212983,5,0,0,118.21
1782638212983,6,0,0,112.29
1782638212983,7,0,0,116.68
1782638213213,0,0,0,123.68
1782638213213,1,0,0,121.32
1782638213213,2,0,0,122.47
1782638213213,3,0,0,117.87
1782638213213,4,0,0,115.81
1782638213213,5,0,0,118.22
1782638213213,6,0,0,112.29
1782638213213,7,0,0,116.67
1782638213442,0,0,0,123.66
1782638213442,1,0,0,121.34
1782638213442,2,0,0,122.46
1782638213442,3,0,0,117.88
1782638213442,4,0,0,115.79
1782638213442,5,0,0,118.22
1782638213442,6,0,0,112.32
1782638213442,7,0,0,116.66
1782638213671,0,0,0,123.64
1782638213671,1,0,0,121.31
1782638213671,2,0,0,122.42
1782638213671,3,0,0,117.89
1782638213671,4,0,0,115.81
1782638213671,5,0,0,118.24
1782638213671,6,0,0,112.33
1782638213671,7,0,0,116.64
1782638213900,0,0,0,123.63
1782638213900,1,0,0,121.31
1782638213900,2,0,0,122.44
1782638213900,3,0,0,117.90
1782638213900,4,0,0,115.82
1782638213900,5,0,0,118.23
1782638213900,6,0,0,112.31
1782638213900,7,0,0,116.62
1782638214130,0,0,0,123.64
1782638214130,1,0,0,121.26
1782638214130,2,0,0,122.45
1782638214130,3,0,0,117.90
1782638214130,4,0,0,115.79
1782638214130,5,0,0,118.21
1782638214130,6,0,0,112.27
1782638214130,7,0,0,116.62
1782638214358,0,0,0,123.63
1782638214358,1,0,0,121.25
1782638214358,2,0,0,122.45
1782638214358,3,0,0,117.90
1782638214358,4,0,0,115.80
1782638214358,5,0,0,118.18
1782638214358,6,0,0,112.25
1782638214358,7,0,0,116.63
1782638214587,0,0,0,123.64
1782638214587,1,0,0,121.23
1782638214587,2,0,0,122.48
1782638214587,3,0,0,117.89
1782638214587,4,0,0,115.72
1782638214587,5,0,0,118.19
1782638214587,6,0,0,112.30
1782638214587,7,0,0,116.63
1782638214816,0,0,0,123.62
1782638214816,1,0,0,121.24
1782638214816,2,0,0,122.47
1782638214816,3,0,0,117.90
1782638214816,4,0,0,115.78
1782638214816,5,0,0,118.17
1782638214816,6,0,0,112.32
1782638214816,7,0,0,116.63
1782638215045,0,0,0,123.63
1782638215045,1,0,0,121.23
1782638215045,2,0,0,122.45
1782638215045,3,0,0,117.89
1782638215045,4,0,0,115.81
1782638215045,5,0,0,118.19
1782638215045,6,0,0,112.35
1782638215045,7,0,0,116.65
1782638215294,0,0,0,123.63
1782638215294,1,0,0,121.24
1782638215294,2,0,0,122.44
1782638215294,3,0,0,117.90
1782638215294,4,0,0,115.79
1782638215294,5,0,0,118.18
1782638215294,6,0,0,112.36
1782638215294,7,0,0,116.66
1782638215597,0,0,0,123.64
1782638215597,1,0,0,121.23
1782638215597,2,0,0,122.43
1782638215597,3,0,0,117.91
1782638215597,4,0,0,115.76
1782638215597,5,0,0,118.18
1782638215597,6,0,0,112.31
1782638215597,7,0,0,116.64
1782638215831,0,0,0,123.68
1782638215831,1,0,0,121.24
1782638215831,2,0,0,122.44
1782638215831,3,0,0,117.92
1782638215831,4,0,0,115.80
1782638215831,5,0,0,118.19
1782638215831,6,0,0,112.30
1782638215831,7,0,0,116.67
1782638216127,0,0,0,125.07
1782638216127,1,0,0,123.01
1782638216127,2,7,5,124.31
1782638216127,3,0,0,119.55
1782638216127,4,7,5,117.96
1782638216127,5,0,0,120.84
1782638216127,6,0,0,114.45
1782638216127,7,7,5,119.22
1782638216400,0,69,58,214.52
1782638216400,1,78,66,187.79
1782638216400,2,95,80,220.46
1782638216400,3,100,85,214.53
1782638216400,4,0,0,117.93
1782638216400,5,100,85,229.51
1782638216400,6,100,85,219.57
1782638216400,7,0,0,119.27
1782638216926,0,94,80,374.63
1782638216926,1,100,85,339.38
1782638216926,2,98,83,371.74
1782638216926,3,100,86,375.95
1782638216926,4,94,79,264.61
1782638216926,5,100,85,388.88
1782638216926,6,100,86,376.89
1782638216926,7,95,80,251.63
1782638217268,0,100,86,498.30
1782638217268,1,100,85,461.53
1782638217268,2,100,86,492.36
1782638217268,3,100,86,500.14
1782638217268,4,100,86,385.60
1782638217268,5,100,85,513.40
1782638217268,6,100,86,498.62
1782638217268,7,100,86,371.10
1782638217558,0,94,81,542.23
1782638217558,1,97,83,522.81
1782638217558,2,95,80,531.91
1782638217558,3,100,83,529.39
1782638217558,4,90,74,514.36
1782638217558,5,100,84,544.20
1782638217558,6,100,84,528.53
1782638217558,7,93,78,506.94
1782638217854,0,95,80,569.36
1782638217854,1,95,80,549.55
1782638217854,2,100,85,561.35
1782638217854,3,98,82,551.10
1782638217854,4,97,82,564.09
1782638217854,5,100,85,577.77
1782638217854,6,95,80,553.08
1782638217854,7,100,85,558.41
1782638218143,0,100,85,607.45
1782638218143,1,100,85,587.62
1782638218143,2,100,85,581.87
1782638218143,3,100,85,584.94
1782638218143,4,100,85,586.03
1782638218143,5,100,85,601.29
1782638218143,6,100,85,585.45
1782638218143,7,100,85,591.47
1782638218433,0,100,86,635.96
1782638218433,1,100,85,616.20
1782638218433,2,100,86,612.38
1782638218433,3,100,86,616.65
1782638218433,4,100,85,617.80
1782638218433,5,100,86,636.88
1782638218433,6,100,86,606.74
1782638218433,7,100,86,619.00
1782638218724,0,100,86,650.86
1782638218724,1,100,86,631.76
1782638218724,2,100,86,624.56
1782638218724,3,100,86,640.84
1782638218724,4,100,86,631.63
1782638218724,5,100,86,647.37
1782638218724,6,100,86,619.50
1782638218724,7,100,86,627.67
1782638219022,0,100,87,651.85
1782638219022,1,100,86,637.75
1782638219022,2,100,87,634.37
1782638219022,3,100,87,647.34
1782638219022,4,100,86,638.10
1782638219022,5,100,87,654.04
1782638219022,6,100,87,627.18
1782638219022,7,100,86,640.89
1782638219311,0,100,87,652.44
1782638219311,1,100,86,637.91
1782638219311,2,100,87,636.69
1782638219311,3,100,86,648.84
1782638219311,4,100,87,639.99
1782638219311,5,100,87,656.24
1782638219311,6,100,87,627.30
1782638219311,7,100,87,643.51
1782638219600,0,100,87,654.35
1782638219600,1,100,87,640.55
1782638219600,2,100,87,637.04
1782638219600,3,100,87,650.21
1782638219600,4,100,87,640.61
1782638219600,5,100,88,656.83
1782638219600,6,100,87,628.18
1782638219600,7,100,87,645.84
1782638219891,0,100,88,654.68
1782638219891,1,100,87,641.12
1782638219891,2,100,88,637.23
1782638219891,3,100,87,652.56
1782638219891,4,100,87,641.48
1782638219891,5,100,88,657.33
1782638219891,6,100,88,628.88
1782638219891,7,100,87,645.09
1782638220184,0,100,88,654.25
1782638220184,1,100,88,644.95
1782638220184,2,100,88,636.74
1782638220184,3,100,88,655.70
1782638220184,4,100,88,642.24
1782638220184,5,100,88,657.30
1782638220184,6,100,88,630.33
1782638220184,7,100,88,644.25
1782638220480,0,100,88,654.15
1782638220480,1,100,88,647.10
1782638220480,2,100,88,638.30
1782638220480,3,100,88,655.73
1782638220480,4,100,88,644.32
1782638220480,5,100,88,654.11
1782638220480,6,100,88,629.64
1782638220480,7,100,88,642.42
1782638220778,0,100,88,654.60
1782638220778,1,100,88,646.90
1782638220778,2,100,88,638.23
1782638220778,3,100,88,657.51
1782638220778,4,100,88,646.57
1782638220778,5,100,89,654.55
1782638220778,6,100,89,630.69
1782638220778,7,100,88,644.41
1782638221069,0,100,89,656.57
1782638221069,1,100,88,648.59
1782638221069,2,100,89,640.43
1782638221069,3,100,89,656.34
1782638221069,4,100,89,647.20
1782638221069,5,100,89,656.14
1782638221069,6,100,89,632.06
1782638221069,7,100,89,645.51
1782638221360,0,100,89,658.83
1782638221360,1,100,88,649.35
1782638221360,2,100,89,641.04
1782638221360,3,100,89,655.89
1782638221360,4,100,89,646.64
1782638221360,5,100,89,651.29
1782638221360,6,100,89,634.59
1782638221360,7,100,89,647.61
1782638221724,0,100,89,658.45
1782638221724,1,100,89,651.08
1782638221724,2,100,87,605.34
1782638221724,3,100,88,608.97
1782638221724,4,100,89,635.45
1782638221724,5,100,88,602.97
1782638221724,6,100,88,587.27
1782638221724,7,100,89,638.42
1782638222635,0,100,89,507.32
1782638222635,1,100,88,495.64
1782638222635,2,56,50,483.27
1782638222635,3,32,28,457.28
1782638222635,4,100,88,487.35
1782638222635,5,100,89,470.46
1782638222635,6,0,0,422.42
1782638222635,7,100,89,441.92
1782638223816,0,0,0,309.65
1782638223816,1,0,0,299.49
1782638223816,2,0,0,289.24
1782638223816,3,0,0,300.01
1782638223816,4,0,0,291.44
1782638223816,5,0,0,268.96
1782638223816,6,0,0,262.56
1782638223816,7,0,0,286.33
1782638224048,0,0,0,233.49
1782638224048,1,0,0,225.93
1782638224048,2,0,0,216.76
1782638224048,3,0,0,227.49
1782638224048,4,0,0,215.09
1782638224048,5,0,0,204.21
1782638224048,6,0,0,199.54
1782638224048,7,0,0,217.92
1782638224280,0,0,0,129.75
1782638224280,1,0,0,158.70
1782638224280,2,0,0,152.44
1782638224280,3,0,0,128.02
1782638224280,4,0,0,152.89
1782638224280,5,0,0,137.75
1782638224280,6,0,0,135.09
1782638224280,7,0,0,151.54
1782638224511,0,0,0,126.93
1782638224511,1,0,0,126.83
1782638224511,2,0,0,126.73
1782638224511,3,0,0,123.06
1782638224511,4,0,0,119.53
1782638224511,5,0,0,121.43
1782638224511,6,0,0,114.79
1782638224511,7,0,0,120.05
1782638224741,0,0,0,126.53
1782638224741,1,0,0,126.18
1782638224741,2,0,0,126.38
1782638224741,3,0,0,122.58
1782638224741,4,0,0,119.12
1782638224741,5,0,0,121.32
1782638224741,6,0,0,114.61
1782638224741,7,0,0,119.76
1782638224972,0,0,0,126.29
1782638224972,1,0,0,125.96
1782638224972,2,0,0,126.25
1782638224972,3,0,0,122.16
1782638224972,4,0,0,119.02
1782638224972,5,0,0,121.25
1782638224972,6,0,0,114.54
1782638224972,7,0,0,119.66
1782638225200,0,0,0,126.16
1782638225200,1,0,0,125.76
1782638225200,2,0,0,126.09
1782638225200,3,0,0,121.92
1782638225200,4,0,0,118.91
1782638225200,5,0,0,121.16
1782638225200,6,0,0,114.42
1782638225200,7,0,0,119.52
1782638225431,0,0,0,126.06
1782638225431,1,0,0,125.52
1782638225431,2,0,0,126.02
1782638225431,3,0,0,121.74
1782638225431,4,0,0,118.83
1782638225431,5,0,0,121.09
1782638225431,6,0,0,114.29
1782638225431,7,0,0,119.44
1782638225660,0,0,0,125.95
1782638225660,1,0,0,125.34
1782638225660,2,0,0,125.93
1782638225660,3,0,0,121.54
1782638225660,4,0,0,118.77
1782638225660,5,0,0,121.01
1782638225660,6,0,0,114.24
1782638225660,7,0,0,119.37
1782638225890,0,0,0,125.88
1782638225890,1,0,0,124.92
1782638225890,2,0,0,125.85
1782638225890,3,0,0,121.36
1782638225890,4,0,0,118.72
1782638225890,5,0,0,120.98
1782638225890,6,0,0,114.21
1782638225890,7,0,0,119.31
1782638226120,0,0,0,125.82
1782638226120,1,0,0,124.32
1782638226120,2,0,0,125.81
1782638226120,3,0,0,121.29
1782638226120,4,0,0,118.69
1782638226120,5,0,0,120.91
1782638226120,6,0,0,114.21
1782638226120,7,0,0,119.25
1782638226354,0,0,0,125.73
1782638226354,1,0,0,123.91
1782638226354,2,0,0,125.77
1782638226354,3,0,0,121.23
1782638226354,4,0,0,118.64
1782638226354,5,0,0,120.90
1782638226354,6,0,0,114.24
1782638226354,7,0,0,119.21
1782638226586,0,0,0,125.68
1782638226586,1,0,0,123.52
1782638226586,2,0,0,125.69
1782638226586,3,0,0,121.17
1782638226586,4,0,0,118.64
1782638226586,5,0,0,120.86
1782638226586,6,0,0,114.22
1782638226586,7,0,0,119.16
1782638226814,0,0,0,125.63
1782638226814,1,0,0,123.31
1782638226814,2,0,0,125.65
1782638226814,3,0,0,121.13
1782638226814,4,0,0,118.61
1782638226814,5,0,0,120.81
1782638226814,6,0,0,114.17
1782638226814,7,0,0,119.10
1782638227040,0,0,0,125.60
1782638227040,1,0,0,123.24
1782638227040,2,0,0,125.62
1782638227040,3,0,0,121.10
1782638227040,4,0,0,118.60
1782638227040,5,0,0,120.80
1782638227040,6,0,0,114.10
1782638227040,7,0,0,119.07
1782638227267,0,0,0,125.55
1782638227267,1,0,0,123.19
1782638227267,2,0,0,125.56
1782638227267,3,0,0,121.04
1782638227267,4,0,0,118.57
1782638227267,5,0,0,120.78
1782638227267,6,0,0,114.09
1782638227267,7,0,0,119.05
1782638227494,0,0,0,125.53
1782638227494,1,0,0,123.16
1782638227494,2,0,0,125.54
1782638227494,3,0,0,121.01
1782638227494,4,0,0,118.55
1782638227494,5,0,0,120.75
1782638227494,6,0,0,114.06
1782638227494,7,0,0,119.04
1782638227734,0,0,0,125.52
1782638227734,1,0,0,123.12
1782638227734,2,0,0,125.52
1782638227734,3,0,0,120.96
1782638227734,4,0,0,118.54
1782638227734,5,0,0,120.73
1782638227734,6,0,0,114.05
1782638227734,7,0,0,119.00
1782638227963,0,0,0,125.50
1782638227963,1,0,0,123.04
1782638227963,2,0,0,125.48
1782638227963,3,0,0,120.89
1782638227963,4,0,0,118.50
1782638227963,5,0,0,120.65
1782638227963,6,0,0,114.08
1782638227963,7,0,0,119.00
1782638228191,0,0,0,125.49
1782638228191,1,0,0,122.93
1782638228191,2,0,0,125.48
1782638228191,3,0,0,120.87
1782638228191,4,0,0,118.49
1782638228191,5,0,0,120.64
1782638228191,6,0,0,114.08
1782638228191,7,0,0,118.98
1782638228419,0,0,0,125.45
1782638228419,1,0,0,122.78
1782638228419,2,0,0,125.46
1782638228419,3,0,0,120.83
1782638228419,4,0,0,118.46
1782638228419,5,0,0,120.59
1782638228419,6,0,0,114.05
1782638228419,7,0,0,118.95
1782638228646,0,0,0,125.45
1782638228646,1,0,0,122.68
1782638228646,2,0,0,125.46
1782638228646,3,0,0,120.80
1782638228646,4,0,0,118.45
1782638228646,5,0,0,120.57
1782638228646,6,0,0,114.00
1782638228646,7,0,0,118.92
1782638228876,0,0,0,125.40
1782638228876,1,0,0,122.57
1782638228876,2,0,0,125.43
1782638228876,3,0,0,120.77
1782638228876,4,0,0,118.43
1782638228876,5,0,0,120.56
1782638228876,6,0,0,113.97
1782638228876,7,0,0,118.89
1782638229103,0,0,0,125.40
1782638229103,1,0,0,122.55
1782638229103,2,0,0,125.39
1782638229103,3,0,0,120.74
1782638229103,4,0,0,118.43
1782638229103,5,0,0,120.53
1782638229103,6,0,0,113.91
1782638229103,7,0,0,118.88
1782638229334,0,0,0,125.37
1782638229334,1,0,0,122.51
1782638229334,2,0,0,125.40
1782638229334,3,0,0,120.73
1782638229334,4,0,0,118.41
1782638229334,5,0,0,120.51
1782638229334,6,0,0,113.91
1782638229334,7,0,0,118.86
1782638229567,0,0,0,125.33
1782638229567,1,0,0,122.47
1782638229567,2,0,0,125.38
1782638229567,3,0,0,120.69
1782638229567,4,0,0,118.40
1782638229567,5,0,0,120.45
1782638229567,6,0,0,113.92
1782638229567,7,0,0,118.87
1782638229794,0,0,0,125.32
1782638229794,1,0,0,122.45
1782638229794,2,0,0,125.36
1782638229794,3,0,0,120.67
1782638229794,4,0,0,118.37
1782638229794,5,0,0,120.44
1782638229794,6,0,0,113.91
1782638229794,7,0,0,118.86
1782638230046,0,100,82,239.80
1782638230046,1,100,82,213.68
1782638230046,2,73,61,202.08
1782638230046,3,98,81,239.57
1782638230046,4,34,28,212.09
1782638230046,5,100,82,219.49
1782638230046,6,100,81,200.12
1782638230046,7,98,80,262.45
1782638230332,0,100,84,393.77
1782638230332,1,100,84,368.55
1782638230332,2,100,85,355.05
1782638230332,3,100,85,398.52
1782638230332,4,100,84,368.85
1782638230332,5,100,84,373.50
1782638230332,6,100,84,349.14
1782638230332,7,100,85,367.91
1782638230621,0,100,85,558.17
1782638230621,1,100,85,525.93
1782638230621,2,100,85,509.16
1782638230621,3,100,85,560.60
1782638230621,4,100,85,527.84
1782638230621,5,100,85,532.35
1782638230621,6,100,86,509.72
1782638230621,7,100,85,528.63
1782638230914,0,100,85,648.03
1782638230914,1,100,85,643.08
1782638230914,2,100,85,633.92
1782638230914,3,100,85,646.66
1782638230914,4,100,85,646.68
1782638230914,5,100,85,654.74
1782638230914,6,100,85,628.43
1782638230914,7,100,85,650.41
1782638231206,0,100,85,657.07
1782638231206,1,100,86,650.29
1782638231206,2,100,86,641.49
1782638231206,3,100,86,657.09
1782638231206,4,100,85,648.81
1782638231206,5,100,86,660.99
1782638231206,6,100,86,634.38
1782638231206,7,100,86,654.54
1782638231494,0,100,86,657.75
1782638231494,1,100,86,652.82
1782638231494,2,100,86,643.65
1782638231494,3,100,86,658.73
1782638231494,4,100,86,650.61
1782638231494,5,100,86,664.21
1782638231494,6,100,86,635.26
1782638231494,7,100,87,655.78
1782638231782,0,100,87,659.70
1782638231782,1,100,86,654.62
1782638231782,2,100,87,645.89
1782638231782,3,100,87,658.33
1782638231782,4,100,87,652.36
1782638231782,5,100,87,666.07
1782638231782,6,100,86,634.43
1782638231782,7,100,87,656.31
1782638232072,0,100,87,662.89
1782638232072,1,100,86,655.05
1782638232072,2,100,87,647.22
1782638232072,3,100,87,661.65
1782638232072,4,100,87,654.07
1782638232072,5,100,87,666.92
1782638232072,6,100,87,633.81
1782638232072,7,100,87,656.05
1782638232363,0,100,87,664.66
1782638232363,1,100,87,655.86
1782638232363,2,100,87,647.69
1782638232363,3,100,87,662.59
1782638232363,4,100,87,655.41
1782638232363,5,100,88,667.46
1782638232363,6,100,88,634.71
1782638232363,7,100,87,657.11
1782638232656,0,100,88,666.12
1782638232656,1,100,88,656.98
1782638232656,2,100,88,648.66
1782638232656,3,100,88,665.42
1782638232656,4,100,88,656.02
1782638232656,5,100,88,669.76
1782638232656,6,100,88,636.45
1782638232656,7,100,88,657.44
1782638232952,0,100,88,670.05
1782638232952,1,100,87,658.40
1782638232952,2,100,88,648.29
1782638232952,3,100,88,665.88
1782638232952,4,100,87,656.77
1782638232952,5,100,88,670.93
1782638232952,6,100,88,640.73
1782638232952,7,100,88,656.99
1782638233360,0,100,88,672.37
1782638233360,1,100,88,658.99
1782638233360,2,100,88,650.67
1782638233360,3,100,88,667.15
1782638233360,4,100,88,657.00
1782638233360,5,100,89,671.96
1782638233360,6,100,89,640.40
1782638233360,7,100,88,658.03
1782638233652,0,100,89,675.17
1782638233652,1,100,89,659.47
1782638233652,2,100,89,652.05
1782638233652,3,100,89,666.60
1782638233652,4,100,89,657.20
1782638233652,5,100,89,672.12
1782638233652,6,100,89,641.54
1782638233652,7,100,89,657.42
1782638233948,0,100,89,674.14
1782638233948,1,100,89,660.29
1782638233948,2,100,89,652.66
1782638233948,3,100,89,666.57
1782638233948,4,100,88,658.52
1782638233948,5,100,89,672.38
1782638233948,6,100,89,641.30
1782638233948,7,100,89,656.13
1782638234238,0,100,89,674.84
1782638234238,1,100,89,660.64
1782638234238,2,100,89,654.30
1782638234238,3,100,89,665.48
1782638234238,4,100,88,663.30
1782638234238,5,100,89,673.25
1782638234238,6,100,89,640.53
1782638234238,7,100,89,656.47
1782638234527,0,100,89,677.38
1782638234527,1,100,89,661.46
1782638234527,2,100,89,652.85
1782638234527,3,100,90,667.35
1782638234527,4,100,89,664.46
1782638234527,5,100,89,679.51
1782638234527,6,100,89,640.44
1782638234527,7,100,89,656.81
1782638234819,0,100,90,677.91
1782638234819,1,100,89,659.48
1782638234819,2,100,90,647.05
1782638234819,3,100,90,668.53
1782638234819,4,100,89,666.23
1782638234819,5,100,90,678.27
1782638234819,6,100,90,642.95
1782638234819,7,100,90,658.66
1782638235111,0,100,90,676.97
1782638235111,1,100,90,662.69
1782638235111,2,100,89,643.81
1782638235111,3,100,90,670.55
1782638235111,4,100,89,666.18
1782638235111,5,100,90,678.34
1782638235111,6,100,89,642.07
1782638235111,7,100,89,661.93
1782638235402,0,100,90,677.34
1782638235402,1,100,90,660.86
1782638235402,2,100,90,642.40
1782638235402,3,100,90,671.01
1782638235402,4,100,89,666.34
1782638235402,5,100,90,677.31
1782638235402,6,100,90,642.68
1782638235402,7,100,90,662.62
1782638235696,0,100,90,677.40
1782638235696,1,100,90,659.17
1782638235696,2,100,90,645.94
1782638235696,3,100,90,672.22
1782638235696,4,100,90,665.76
1782638235696,5,100,90,674.31
1782638235696,6,100,90,643.24
1782638235696,7,100,91,665.87
1782638235988,0,100,91,680.09
1782638235988,1,100,91,659.53
1782638235988,2,100,91,655.11
1782638235988,3,100,91,670.79
1782638235988,4,100,91,666.81
1782638235988,5,100,91,674.55
1782638235988,6,100,91,643.77
1782638235988,7,100,91,657.58
1782638236281,0,100,90,679.22
1782638236281,1,100,90,659.98
1782638236281,2,100,90,655.89
1782638236281,3,100,90,670.89
1782638236281,4,100,90,667.16
1782638236281,5,100,90,674.50
1782638236281,6,100,90,642.18
1782638236281,7,100,90,655.09
1782638236575,0,100,90,680.50
1782638236575,1,100,91,660.50
1782638236575,2,100,91,656.61
1782638236575,3,100,91,670.71
1782638236575,4,100,90,668.02
1782638236575,5,100,91,672.82
1782638236575,6,100,91,642.82
1782638236575,7,100,91,654.40
1782638236870,0,100,91,680.94
1782638236870,1,100,91,661.59
1782638236870,2,100,91,655.89
1782638236870,3,100,91,671.03
1782638236870,4,100,91,668.33
1782638236870,5,100,91,671.70
1782638236870,6,100,91,642.56
1782638236870,7,100,91,655.20
1782638237163,0,100,91,682.50
1782638237163,1,100,91,663.40
1782638237163,2,100,92,656.67
1782638237163,3,100,92,671.84
1782638237163,4,100,91,669.83
1782638237163,5,100,92,671.26
1782638237163,6,100,92,643.79
1782638237163,7,100,92,654.91
1782638237457,0,100,91,682.72
1782638237457,1,100,91,661.76
1782638237457,2,100,91,656.90
1782638237457,3,100,91,673.06
1782638237457,4,100,91,668.72
1782638237457,5,100,91,670.76
1782638237457,6,100,91,644.15
1782638237457,7,100,91,657.46
1782638237756,0,100,91,682.50
1782638237756,1,100,91,662.15
1782638237756,2,100,92,657.38
1782638237756,3,100,92,673.30
1782638237756,4,100,91,668.86
1782638237756,5,100,91,669.54
1782638237756,6,100,92,645.05
1782638237756,7,100,92,656.99
1782638238055,0,100,92,683.21
1782638238055,1,100,92,663.01
1782638238055,2,100,92,658.79
1782638238055,3,100,92,674.49
1782638238055,4,100,92,669.80
1782638238055,5,100,92,671.03
1782638238055,6,100,92,645.47
1782638238055,7,100,92,658.35
1782638238352,0,100,92,684.91
1782638238352,1,100,92,665.30
1782638238352,2,100,92,657.86
1782638238352,3,100,93,675.01
1782638238352,4,100,92,669.92
1782638238352,5,100,92,672.28
1782638238352,6,100,93,645.78
1782638238352,7,100,92,658.28
1782638238651,0,100,92,684.58
1782638238651,1,100,92,667.90
1782638238651,2,100,92,657.22
1782638238651,3,100,92,674.44
1782638238651,4,100,92,670.70
1782638238651,5,100,92,671.77
1782638238651,6,100,92,644.98
1782638238651,7,100,92,658.30
1782638239028,0,100,92,683.64
1782638239028,1,100,92,667.97
1782638239028,2,100,92,658.68
1782638239028,3,100,92,677.49
1782638239028,4,100,92,668.14
1782638239028,5,100,92,671.91
1782638239028,6,100,93,645.04
1782638239028,7,100,92,658.42
1782638239329,0,100,93,684.94
1782638239329,1,100,92,666.72
1782638239329,2,100,93,659.66
1782638239329,3,100,93,678.79
1782638239329,4,100,93,665.53
1782638239329,5,100,93,672.45
1782638239329,6,100,93,646.75
1782638239329,7,100,93,657.59
1782638239629,0,100,93,684.83
1782638239629,1,100,93,667.45
1782638239629,2,100,93,660.62
1782638239629,3,100,93,680.33
1782638239629,4,100,93,663.60
1782638239629,5,100,93,672.58
1782638239629,6,100,93,649.45
1782638239629,7,100,93,658.81
1782638239925,0,100,93,685.81
1782638239925,1,100,93,668.05
1782638239925,2,100,93,660.30
1782638239925,3,100,93,676.47
1782638239925,4,100,93,663.90
1782638239925,5,100,93,673.30
1782638239925,6,100,93,650.22
1782638239925,7,100,93,659.06
1782638240220,0,100,93,685.24
1782638240220,1,100,93,666.71
1782638240220,2,100,93,660.11
1782638240220,3,100,93,676.43
1782638240220,4,100,93,665.56
1782638240220,5,100,93,674.52
1782638240220,6,100,93,650.31
1782638240220,7,100,93,660.51
1782638240521,0,100,93,686.74
1782638240521,1,100,93,665.93
1782638240521,2,100,94,662.78
1782638240521,3,100,93,674.13
1782638240521,4,100,93,666.77
1782638240521,5,100,94,675.72
1782638240521,6,100,94,650.32
1782638240521,7,100,94,661.87
1782638240819,0,100,94,687.06
1782638240819,1,100,94,664.05
1782638240819,2,100,94,661.98
1782638240819,3,100,94,674.72
1782638240819,4,100,94,668.67
1782638240819,5,100,94,677.38
1782638240819,6,100,94,650.61
1782638240819,7,100,94,663.51
1782638241116,0,100,94,688.88
1782638241116,1,100,94,665.80
1782638241116,2,100,94,663.97
1782638241116,3,100,94,674.95
1782638241116,4,100,93,667.34
1782638241116,5,100,94,676.01
1782638241116,6,100,94,650.44
1782638241116,7,100,94,661.36
1782638241414,0,100,94,688.43
1782638241414,1,100,93,667.32
1782638241414,2,100,94,663.47
1782638241414,3,100,94,674.85
1782638241414,4,100,93,667.70
1782638241414,5,100,94,675.54
1782638241414,6,100,94,651.04
1782638241414,7,100,94,661.62
1782638241713,0,100,94,688.70
1782638241713,1,100,94,667.04
1782638241713,2,100,94,663.20
1782638241713,3,100,94,675.47
1782638241713,4,100,94,668.26
1782638241713,5,100,94,675.40
1782638241713,6,100,94,650.78
1782638241713,7,100,94,660.97
1782638242014,0,100,94,689.59
1782638242014,1,100,94,668.54
1782638242014,2,100,94,661.39
1782638242014,3,100,94,675.92
1782638242014,4,100,94,669.74
1782638242014,5,100,95,676.96
1782638242014,6,100,95,650.68
1782638242014,7,100,94,662.19
1782638242314,0,100,95,689.42
1782638242314,1,100,94,668.80
1782638242314,2,100,95,662.60
1782638242314,3,100,95,676.61
1782638242314,4,100,94,669.89
1782638242314,5,100,95,676.45
1782638242314,6,100,95,651.71
1782638242314,7,100,94,663.09
1782638242613,0,100,94,688.95
1782638242613,1,100,94,668.33
1782638242613,2,100,94,662.00
1782638242613,3,100,94,677.00
1782638242613,4,100,94,670.24
1782638242613,5,100,94,675.67
1782638242613,6,100,94,652.42
1782638242613,7,100,94,663.81
1782638242913,0,100,94,689.88
1782638242913,1,100,94,669.03
1782638242913,2,100,95,661.11
1782638242913,3,100,94,676.60
1782638242913,4,100,94,670.61
1782638242913,5,100,94,672.82
1782638242913,6,100,95,652.92
1782638242913,7,100,95,664.91
1782638243210,0,100,95,690.72
1782638243210,1,100,95,669.22
1782638243210,2,100,95,659.73
1782638243210,3,100,95,677.24
1782638243210,4,100,95,671.68
1782638243210,5,100,95,673.14
1782638243210,6,100,95,653.87
1782638243210,7,100,95,665.23
1782638243510,0,100,95,692.60
1782638243510,1,100,95,670.28
1782638243510,2,100,95,660.18
1782638243510,3,100,95,678.32
1782638243510,4,100,95,671.87
1782638243510,5,100,95,672.71
1782638243510,6,100,95,655.73
1782638243510,7,100,95,665.16
1782638243809,0,100,95,692.55
1782638243809,1,100,95,671.50
1782638243809,2,100,95,661.15
1782638243809,3,100,95,679.18
1782638243809,4,100,95,670.93
1782638243809,5,100,95,676.90
1782638243809,6,100,95,656.56
1782638243809,7,100,95,664.94
1782638244106,0,100,95,692.47
1782638244106,1,100,95,671.95
1782638244106,2,100,95,660.67
1782638244106,3,100,95,678.63
1782638244106,4,100,95,671.46
1782638244106,5,100,95,676.42
1782638244106,6,100,95,656.07
1782638244106,7,100,95,664.54
1782638244403,0,100,95,691.87
1782638244403,1,100,95,672.18
1782638244403,2,100,95,660.22
1782638244403,3,100,95,679.04
1782638244403,4,100,95,671.66
1782638244403,5,100,95,676.30
1782638244403,6,100,95,654.97
1782638244403,7,100,96,667.36
1782638244792,0,100,95,692.12
1782638244792,1,100,96,672.85
1782638244792,2,100,96,661.17
1782638244792,3,100,96,679.31
1782638244792,4,100,95,669.85
1782638244792,5,100,96,674.44
1782638244792,6,100,96,654.68
1782638244792,7,100,96,668.34
1782638245106,0,100,96,693.29
1782638245106,1,100,96,673.32
1782638245106,2,100,96,661.87
1782638245106,3,100,96,679.30
1782638245106,4,100,95,670.28
1782638245106,5,100,95,673.81
1782638245106,6,100,96,655.07
1782638245106,7,100,95,669.31
1782638245409,0,100,95,692.51
1782638245409,1,100,95,672.82
1782638245409,2,100,95,662.05
1782638245409,3,100,96,679.03
1782638245409,4,100,95,669.68
1782638245409,5,100,96,674.10
1782638245409,6,100,96,653.64
1782638245409,7,100,96,672.62
1782638245712,0,100,96,692.38
1782638245712,1,100,95,672.96
1782638245712,2,100,96,663.51
1782638245712,3,100,96,679.40
1782638245712,4,100,96,670.87
1782638245712,5,100,96,675.23
1782638245712,6,100,96,654.59
1782638245712,7,100,96,673.52
1782638246013,0,100,96,692.31
1782638246013,1,100,96,673.61
1782638246013,2,100,96,664.89
1782638246013,3,100,96,681.77
1782638246013,4,100,96,671.45
1782638246013,5,100,96,676.94
1782638246013,6,100,96,660.24
1782638246013,7,100,96,678.23
1782638246316,0,100,96,693.43
1782638246316,1,100,96,674.39
1782638246316,2,100,96,667.35
1782638246316,3,100,96,682.12
1782638246316,4,100,96,672.43
1782638246316,5,100,96,675.58
1782638246316,6,100,97,662.53
1782638246316,7,100,96,678.94
1782638246655,0,100,96,691.51
1782638246655,1,100,96,673.48
1782638246655,2,100,96,667.95
1782638246655,3,100,96,683.33
1782638246655,4,100,96,673.34
1782638246655,5,100,96,676.59
1782638246655,6,100,97,663.44
1782638246655,7,100,96,686.37
1782638246958,0,100,96,692.13
1782638246958,1,100,96,678.58
1782638246958,2,100,96,667.64
1782638246958,3,100,96,682.73
1782638246958,4,100,96,674.16
1782638246958,5,100,96,676.34
1782638246958,6,100,96,664.15
1782638246958,7,100,96,687.10
1782638247260,0,100,96,692.54
1782638247260,1,100,96,679.86
1782638247260,2,100,96,668.45
1782638247260,3,100,96,683.49
1782638247260,4,100,96,675.18
1782638247260,5,100,96,676.99
1782638247260,6,100,97,668.25
1782638247260,7,100,97,689.14
1782638247560,0,100,96,693.86
1782638247560,1,100,96,683.47
1782638247560,2,100,97,669.95
1782638247560,3,100,97,683.14
1782638247560,4,100,96,674.48
1782638247560,5,100,96,674.44
1782638247560,6,100,97,671.25
1782638247560,7,100,97,692.41
1782638247864,0,100,97,691.68
1782638247864,1,100,97,683.69
1782638247864,2,100,97,669.46
1782638247864,3,100,97,683.10
1782638247864,4,100,96,674.39
1782638247864,5,100,97,674.90
1782638247864,6,100,97,666.95
1782638247864,7,100,97,691.05
1782638248165,0,100,97,692.12
1782638248165,1,100,96,683.23
1782638248165,2,100,97,669.85
1782638248165,3,100,97,681.86
1782638248165,4,100,96,673.77
1782638248165,5,100,96,674.73
1782638248165,6,100,97,669.81
1782638248165,7,100,97,688.46
1782638248469,0,100,97,691.34
1782638248469,1,100,97,687.83
1782638248469,2,100,97,669.41
1782638248469,3,100,97,681.31
1782638248469,4,100,96,671.93
1782638248469,5,100,97,675.02
1782638248469,6,100,97,668.17
1782638248469,7,100,97,690.60
1782638248769,0,100,97,693.13
1782638248769,1,100,97,691.79
1782638248769,2,100,97,671.30
1782638248769,3,100,97,677.55
1782638248769,4,100,97,672.19
1782638248769,5,100,97,673.81
1782638248769,6,100,97,673.02
1782638248769,7,100,97,687.67
1782638249068,0,100,97,692.49
1782638249068,1,100,97,694.70
1782638249068,2,100,97,672.94
1782638249068,3,100,97,681.07
1782638249068,4,100,97,672.96
1782638249068,5,100,97,674.54
1782638249068,6,100,97,674.74
1782638249068,7,100,97,691.42
1782638249369,0,100,97,691.73
1782638249369,1,100,97,692.08
1782638249369,2,100,97,672.62
1782638249369,3,100,97,681.21
1782638249369,4,100,97,673.39
1782638249369,5,100,97,674.63
1782638249369,6,100,98,681.01
1782638249369,7,100,97,692.96
1782638249671,0,100,97,693.52
1782638249671,1,100,97,691.59
1782638249671,2,100,97,671.41
1782638249671,3,100,98,684.57
1782638249671,4,100,97,675.66
1782638249671,5,100,97,677.90
1782638249671,6,100,98,674.58
1782638249671,7,100,97,691.26
1782638249975,0,100,97,695.68
1782638249975,1,100,97,692.88
1782638249975,2,100,97,671.64
1782638249975,3,100,97,684.70
1782638249975,4,100,97,676.14
1782638249975,5,100,97,677.33
1782638249975,6,100,97,675.71
1782638249975,7,100,97,690.94
1782638250276,0,100,97,695.44
1782638250276,1,100,98,692.03
1782638250276,2,100,97,671.84
1782638250276,3,100,97,683.85
1782638250276,4,100,97,675.79
1782638250276,5,100,97,677.04
1782638250276,6,100,98,670.75
1782638250276,7,100,97,691.03
1782638250722,0,100,98,695.47
1782638250722,1,100,98,690.44
1782638250722,2,100,98,674.02
1782638250722,3,100,98,684.50
1782638250722,4,100,97,677.79
1782638250722,5,100,97,677.43
1782638250722,6,100,98,674.61
1782638250722,7,100,98,689.97
1782638251022,0,100,98,695.05
1782638251022,1,100,97,686.69
1782638251022,2,100,98,669.16
1782638251022,3,100,98,688.53
1782638251022,4,100,97,679.11
1782638251022,5,100,97,672.57
1782638251022,6,100,98,672.03
1782638251022,7,100,97,687.49
1782638251325,0,100,97,692.90
1782638251325,1,100,98,689.53
1782638251325,2,100,98,669.13
1782638251325,3,100,98,687.78
1782638251325,4,100,97,680.00
1782638251325,5,100,97,674.15
1782638251325,6,100,98,672.71
1782638251325,7,100,98,687.05
1782638251627,0,100,97,688.18
1782638251627,1,100,98,691.74
1782638251627,2,100,98,669.80
1782638251627,3,100,98,687.22
1782638251627,4,100,97,676.69
1782638251627,5,100,98,675.57
1782638251627,6,100,98,674.64
1782638251627,7,100,98,685.02
1782638251986,0,100,98,689.20
1782638251986,1,100,98,691.44
1782638251986,2,100,98,675.38
1782638251986,3,100,98,685.04
1782638251986,4,100,97,673.47
1782638251986,5,100,98,683.37
1782638251986,6,100,98,673.04
1782638251986,7,100,98,689.51
1782638252291,0,100,98,689.98
1782638252291,1,100,98,688.00
1782638252291,2,100,98,678.38
1782638252291,3,100,98,685.27
1782638252291,4,100,98,672.61
1782638252291,5,100,98,682.71
1782638252291,6,100,98,670.41
1782638252291,7,100,98,689.29
1782638252592,0,100,98,691.56
1782638252592,1,100,98,690.19
1782638252592,2,100,98,678.76
1782638252592,3,100,98,686.59
1782638252592,4,100,98,673.49
1782638252592,5,100,98,681.19
1782638252592,6,100,99,666.23
1782638252592,7,100,98,687.59
1782638252896,0,100,98,692.27
1782638252896,1,100,98,692.07
1782638252896,2,100,98,679.96
1782638252896,3,100,98,683.36
1782638252896,4,100,97,678.53
1782638252896,5,100,98,677.76
1782638252896,6,100,99,665.21
1782638252896,7,100,98,683.53
1782638253211,0,100,98,690.24
1782638253211,1,100,98,694.14
1782638253211,2,100,98,678.36
1782638253211,3,100,98,683.67
1782638253211,4,100,98,679.63
1782638253211,5,100,98,676.99
1782638253211,6,100,98,671.30
1782638253211,7,100,98,683.12
1782638253514,0,100,98,690.95
1782638253514,1,100,98,692.65
1782638253514,2,100,98,676.92
1782638253514,3,100,98,684.26
1782638253514,4,100,98,681.48
1782638253514,5,100,98,677.02
1782638253514,6,100,98,666.86
1782638253514,7,100,98,686.98
1782638253817,0,100,98,694.87
1782638253817,1,100,98,691.84
1782638253817,2,100,98,676.31
1782638253817,3,100,98,682.28
1782638253817,4,100,98,676.60
1782638253817,5,100,98,676.80
1782638253817,6,100,99,664.39
1782638253817,7,100,98,682.13
1782638254119,0,100,99,693.51
1782638254119,1,100,98,693.54
1782638254119,2,100,99,674.62
1782638254119,3,100,99,684.03
1782638254119,4,100,98,676.14
1782638254119,5,100,98,676.66
1782638254119,6,100,99,659.58
1782638254119,7,100,98,681.16
1782638254422,0,100,99,692.72
1782638254422,1,100,98,694.34
1782638254422,2,100,99,675.40
1782638254422,3,100,99,683.90
1782638254422,4,100,98,675.92
1782638254422,5,100,98,678.37
1782638254422,6,100,99,658.59
1782638254422,7,100,98,679.13
1782638254727,0,100,99,695.22
1782638254727,1,100,98,688.62
1782638254727,2,100,99,674.36
1782638254727,3,100,99,684.46
1782638254727,4,100,98,676.48
1782638254727,5,100,98,678.84
1782638254727,6,100,99,664.61
1782638254727,7,100,99,678.50
1782638255042,0,100,98,694.75
1782638255042,1,100,99,689.72
1782638255042,2,100,99,674.95
1782638255042,3,100,99,685.33
1782638255042,4,100,98,676.57
1782638255042,5,100,98,679.82
1782638255042,6,100,99,667.93
1782638255042,7,100,99,676.68
1782638255344,0,100,99,694.39
1782638255344,1,100,99,690.83
1782638255344,2,100,99,676.11
1782638255344,3,100,99,685.91
1782638255344,4,100,98,676.66
1782638255344,5,100,98,679.78
1782638255344,6,100,99,672.18
1782638255344,7,100,99,676.92
1782638255658,0,100,99,691.71
1782638255658,1,100,99,691.58
1782638255658,2,100,99,677.43
1782638255658,3,100,99,686.48
1782638255658,4,100,98,677.31
1782638255658,5,100,99,678.84
1782638255658,6,100,99,673.31
1782638255658,7,100,99,676.11
1782638255963,0,100,99,693.15
1782638255963,1,100,99,694.26
1782638255963,2,100,99,677.25
1782638255963,3,100,99,685.05
1782638255963,4,100,98,676.85
1782638255963,5,100,99,678.49
1782638255963,6,100,99,671.90
1782638255963,7,100,99,681.46
1782638256375,0,100,99,695.41
1782638256375,1,100,99,695.09
1782638256375,2,100,99,676.22
1782638256375,3,100,99,684.68
1782638256375,4,100,98,676.96
1782638256375,5,100,99,677.52
1782638256375,6,100,99,666.62
1782638256375,7,100,99,680.84
1782638256692,0,100,99,694.16
1782638256692,1,100,99,695.76
1782638256692,2,100,99,675.93
1782638256692,3,100,99,685.37
1782638256692,4,100,98,675.62
1782638256692,5,100,99,679.15
1782638256692,6,100,99,667.81
1782638256692,7,100,99,682.19
1782638256996,0,100,99,692.62
1782638256996,1,100,99,695.35
1782638256996,2,100,99,676.68
1782638256996,3,100,99,687.16
1782638256996,4,100,98,676.04
1782638256996,5,100,99,678.28
1782638256996,6,100,99,672.62
1782638256996,7,100,99,676.69
1782638257301,0,100,99,692.75
1782638257301,1,100,99,694.47
1782638257301,2,100,100,677.24
1782638257301,3,100,99,687.83
1782638257301,4,100,99,675.06
1782638257301,5,100,99,677.38
1782638257301,6,100,100,678.80
1782638257301,7,100,99,677.15
1782638257606,0,100,99,692.20
1782638257606,1,100,99,694.09
1782638257606,2,100,100,676.65
1782638257606,3,100,100,686.61
1782638257606,4,100,99,674.70
1782638257606,5,100,99,676.92
1782638257606,6,100,100,675.99
1782638257606,7,100,99,676.03
1782638257912,0,100,99,692.53
1782638257912,1,100,99,695.99
1782638257912,2,100,100,677.01
1782638257912,3,100,100,685.57
1782638257912,4,100,98,674.81
1782638257912,5,100,99,676.61
1782638257912,6,100,100,672.81
1782638257912,7,100,99,676.51
1782638258217,0,100,99,689.97
1782638258217,1,100,99,696.16
1782638258217,2,100,99,675.78
1782638258217,3,100,99,685.78
1782638258217,4,100,98,674.54
1782638258217,5,100,99,678.47
1782638258217,6,100,100,670.23
1782638258217,7,100,99,675.83
1782638258520,0,100,99,692.79
1782638258520,1,100,99,695.02
1782638258520,2,100,100,676.14
1782638258520,3,100,100,686.21
1782638258520,4,100,99,675.67
1782638258520,5,100,99,679.38
1782638258520,6,100,100,673.48
1782638258520,7,100,99,676.02
1782638258823,0,100,99,693.48
1782638258823,1,100,99,692.76
1782638258823,2,100,100,676.95
1782638258823,3,100,100,685.27
1782638258823,4,100,99,675.83
1782638258823,5,100,99,678.95
1782638258823,6,100,100,673.11
1782638258823,7,100,99,676.67
1782638259126,0,100,99,695.08
1782638259126,1,100,99,691.57
1782638259126,2,100,100,676.91
1782638259126,3,100,100,685.61
1782638259126,4,100,99,676.15
1782638259126,5,100,99,677.72
1782638259126,6,100,100,672.61
1782638259126,7,100,99,676.19
1782638259430,0,100,100,694.00
1782638259430,1,100,99,693.33
1782638259430,2,100,100,677.52
1782638259430,3,100,100,684.99
1782638259430,4,100,99,676.29
1782638259430,5,100,99,677.87
1782638259430,6,100,100,669.83
1782638259430,7,100,99,676.16
1782638259736,0,100,99,695.27
1782638259736,1,100,99,690.86
1782638259736,2,100,100,677.46
1782638259736,3,100,100,685.80
1782638259736,4,100,99,676.47
1782638259736,5,100,99,677.59
1782638259736,6,100,100,673.40
1782638259736,7,100,99,675.92
1782638260042,0,100,100,694.56
1782638260042,1,100,100,691.95
1782638260042,2,100,100,678.41
1782638260042,3,100,100,685.86
1782638260042,4,100,99,676.19
1782638260042,5,100,99,678.28
1782638260042,6,100,100,670.20
1782638260042,7,100,100,676.59
1782638260346,0,100,100,695.58
1782638260346,1,100,100,692.89
1782638260346,2,100,100,678.38
1782638260346,3,100,100,686.30
1782638260346,4,100,99,676.42
1782638260346,5,100,99,678.64
1782638260346,6,100,100,675.29
1782638260346,7,100,100,676.79
1782638260652,0,100,100,693.85
1782638260652,1,100,100,692.21
1782638260652,2,100,100,678.05
1782638260652,3,100,100,686.17
1782638260652,4,100,99,675.34
1782638260652,5,100,99,677.91
1782638260652,6,100,100,674.75
1782638260652,7,100,100,676.88
1782638260958,0,100,100,694.35
1782638260958,1,100,100,694.75
1782638260958,2,100,100,677.55
1782638260958,3,100,100,685.37
1782638260958,4,100,99,674.56
1782638260958,5,100,100,677.72
1782638260958,6,100,100,680.30
1782638260958,7,100,100,677.47
1782638261263,0,100,100,694.30
1782638261263,1,100,100,693.88
1782638261263,2,100,100,677.26
1782638261263,3,100,100,684.80
1782638261263,4,100,99,674.41
1782638261263,5,100,99,676.66
1782638261263,6,100,100,673.70
1782638261263,7,100,100,677.78
1782638261569,0,100,100,694.11
1782638261569,1,100,100,695.00
1782638261569,2,100,100,677.07
1782638261569,3,100,100,685.47
1782638261569,4,100,99,673.79
1782638261569,5,100,99,676.30
1782638261569,6,100,100,669.73
1782638261569,7,100,100,679.44
1782638261875,0,100,100,694.39
1782638261875,1,100,100,695.33
1782638261875,2,100,100,676.92
1782638261875,3,100,100,686.08
1782638261875,4,100,99,673.75
1782638261875,5,100,99,676.21
1782638261875,6,100,100,667.08
1782638261875,7,100,100,678.94
1782638262295,0,100,100,694.03
1782638262295,1,100,100,696.47
1782638262295,2,100,100,676.88
1782638262295,3,100,100,686.58
1782638262295,4,100,99,673.73
1782638262295,5,100,100,677.21
1782638262295,6,100,100,667.71
1782638262295,7,100,100,678.73
1782638262602,0,100,100,695.88
1782638262602,1,100,100,695.17
1782638262602,2,100,100,677.68
1782638262602,3,100,100,687.15
1782638262602,4,100,99,674.98
1782638262602,5,100,100,676.96
1782638262602,6,100,100,672.43
1782638262602,7,100,100,677.70
1782638262906,0,100,100,695.58
1782638262906,1,100,100,693.31
1782638262906,2,100,100,678.38
1782638262906,3,100,100,686.07
1782638262906,4,100,99,675.28
1782638262906,5,100,100,677.71
1782638262906,6,100,100,668.40
1782638262906,7,100,100,677.15
1782638263210,0,100,100,695.49
1782638263210,1,100,100,689.60
1782638263210,2,100,100,677.37
1782638263210,3,100,100,684.15
1782638263210,4,100,99,674.46
1782638263210,5,100,100,677.06
1782638263210,6,100,100,668.51
1782638263210,7,100,100,677.60
1782638263513,0,100,100,694.21
1782638263513,1,100,100,693.95
1782638263513,2,100,100,677.43
1782638263513,3,100,100,682.65
1782638263513,4,100,99,673.37
1782638263513,5,100,100,677.10
1782638263513,6,100,100,665.51
1782638263513,7,100,100,677.51
1782638263818,0,100,100,693.43
1782638263818,1,100,100,692.64
1782638263818,2,100,100,676.29
1782638263818,3,100,100,682.83
1782638263818,4,100,100,673.03
1782638263818,5,100,100,677.43
1782638263818,6,100,100,662.63
1782638263818,7,100,100,677.86
1782638264123,0,100,100,695.01
1782638264123,1,100,100,693.34
1782638264123,2,100,100,676.19
1782638264123,3,100,100,683.05
1782638264123,4,100,100,672.99
1782638264123,5,100,100,676.99
1782638264123,6,100,100,662.95
1782638264123,7,100,100,677.52
1782638264425,0,100,100,694.51
1782638264425,1,100,100,693.10
1782638264425,2,100,100,676.89
1782638264425,3,100,100,683.09
1782638264425,4,100,100,673.20
1782638264425,5,100,100,677.67
1782638264425,6,100,100,663.06
1782638264425,7,100,100,678.56
1782638264729,0,100,100,694.31
1782638264729,1,100,100,693.73
1782638264729,2,100,100,676.61
1782638264729,3,100,100,682.92
1782638264729,4,100,100,673.30
1782638264729,5,100,100,676.61
1782638264729,6,100,100,663.41
1782638264729,7,100,100,678.09
1782638265034,0,100,100,694.07
1782638265034,1,100,100,693.48
1782638265034,2,100,100,676.67
1782638265034,3,100,100,682.62
1782638265034,4,100,99,674.34
1782638265034,5,100,100,676.94
1782638265034,6,100,100,663.80
1782638265034,7,100,100,678.22
1782638265339,0,100,100,695.38
1782638265339,1,100,100,695.67
1782638265339,2,100,100,675.10
1782638265339,3,100,100,682.92
1782638265339,4,100,100,674.59
1782638265339,5,100,100,676.20
1782638265339,6,100,100,663.35
1782638265339,7,100,100,678.00
1782638265642,0,100,100,694.03
1782638265642,1,100,100,695.02
1782638265642,2,100,100,676.29
1782638265642,3,100,100,682.52
1782638265642,4,100,100,674.23
1782638265642,5,100,100,676.12
1782638265642,6,100,100,667.63
1782638265642,7,100,100,677.89
1782638265946,0,100,100,694.17
1782638265946,1,100,100,692.75
1782638265946,2,100,100,676.54
1782638265946,3,100,100,683.93
1782638265946,4,100,100,673.86
1782638265946,5,100,100,676.22
1782638265946,6,100,100,668.82
1782638265946,7,100,100,677.74
1782638266250,0,100,100,693.68
1782638266250,1,100,100,694.84
1782638266250,2,100,100,678.52
1782638266250,3,100,100,684.14
1782638266250,4,100,100,673.49
1782638266250,5,100,100,676.33
1782638266250,6,100,100,673.41
1782638266250,7,100,100,676.97
1782638266562,0,100,100,694.32
1782638266562,1,100,100,693.15
1782638266562,2,100,100,678.54
1782638266562,3,100,100,685.28
1782638266562,4,100,100,672.06
1782638266562,5,100,100,675.68
1782638266562,6,100,100,670.06
1782638266562,7,100,100,677.83
1782638266866,0,100,100,693.84
1782638266866,1,100,100,696.31
1782638266866,2,100,100,677.84
1782638266866,3,100,100,686.05
1782638266866,4,100,100,673.55
1782638266866,5,100,100,676.47
1782638266866,6,100,100,668.53
1782638266866,7,100,100,677.91
1782638267174,0,100,100,693.72
1782638267174,1,100,100,693.61
1782638267174,2,100,100,677.00
1782638267174,3,100,100,686.83
1782638267174,4,100,100,675.17
1782638267174,5,100,100,676.33
1782638267174,6,100,100,668.83
1782638267174,7,100,100,677.90
1782638267479,0,100,100,694.37
1782638267479,1,100,100,693.66
1782638267479,2,100,100,676.51
1782638267479,3,100,100,686.70
1782638267479,4,100,100,675.81
1782638267479,5,100,100,677.36
1782638267479,6,100,100,663.96
1782638267479,7,100,100,678.29
1782638267784,0,100,100,695.26
1782638267784,1,100,100,691.41
1782638267784,2,100,100,677.33
1782638267784,3,100,100,686.45
1782638267784,4,100,100,676.07
1782638267784,5,100,100,676.58
1782638267784,6,100,100,668.62
1782638267784,7,100,100,677.29
1782638268169,0,100,100,695.33
1782638268169,1,100,100,692.17
1782638268169,2,100,100,676.66
1782638268169,3,100,100,684.56
1782638268169,4,100,100,674.07
1782638268169,5,100,100,677.49
1782638268169,6,100,100,668.19
1782638268169,7,100,100,677.67
1782638268476,0,100,100,694.21
1782638268476,1,100,100,690.34
1782638268476,2,100,100,679.60
1782638268476,3,100,100,682.91
1782638268476,4,100,100,674.61
1782638268476,5,100,100,676.97
1782638268476,6,100,100,675.65
1782638268476,7,100,100,676.54
1782638268782,0,100,100,693.74
1782638268782,1,100,100,691.11
1782638268782,2,100,100,679.20
1782638268782,3,100,100,681.34
1782638268782,4,100,100,674.23
1782638268782,5,100,100,676.98
1782638268782,6,100,100,671.32
1782638268782,7,100,100,676.85
1782638269085,0,100,100,695.52
1782638269085,1,100,100,691.75
1782638269085,2,100,100,681.95
1782638269085,3,100,100,680.39
1782638269085,4,100,100,673.69
1782638269085,5,100,100,677.97
1782638269085,6,100,100,674.64
1782638269085,7,100,100,675.68
1782638269388,0,100,100,695.43
1782638269388,1,100,100,691.33
1782638269388,2,100,100,684.30
1782638269388,3,100,100,680.94
1782638269388,4,100,100,674.97
1782638269388,5,100,100,679.32
1782638269388,6,100,100,675.23
1782638269388,7,100,100,675.11
1782638269692,0,100,100,695.22
1782638269692,1,100,100,693.16
1782638269692,2,100,100,683.60
1782638269692,3,100,100,681.70
1782638269692,4,100,100,674.01
1782638269692,5,100,100,679.30
1782638269692,6,100,100,669.27
1782638269692,7,100,100,675.47
1782638269995,0,100,100,694.41
1782638269995,1,100,100,692.49
1782638269995,2,100,100,684.00
1782638269995,3,100,100,682.22
1782638269995,4,100,100,674.69
1782638269995,5,100,100,678.85
1782638269995,6,100,100,664.79
1782638269995,7,100,100,677.39
1782638270299,0,100,100,694.29
1782638270299,1,100,100,688.78
1782638270299,2,100,100,683.70
1782638270299,3,100,100,681.63
1782638270299,4,100,100,673.59
1782638270299,5,100,100,676.95
1782638270299,6,100,100,659.03
1782638270299,7,100,100,677.35
1782638270599,0,100,100,694.22
1782638270599,1,100,100,685.29
1782638270599,2,100,100,683.21
1782638270599,3,100,100,680.47
1782638270599,4,100,100,674.25
1782638270599,5,100,100,676.73
1782638270599,6,100,100,658.50
1782638270599,7,100,100,675.88
1782638270904,0,100,100,694.35
1782638270904,1,100,100,680.80
1782638270904,2,100,100,682.70
1782638270904,3,100,100,679.08
1782638270904,4,100,100,674.33
1782638270904,5,100,100,678.02
1782638270904,6,100,100,658.52
1782638270904,7,100,100,672.02
1782638271205,0,100,100,693.14
1782638271205,1,100,100,677.75
1782638271205,2,100,100,681.17
1782638271205,3,100,100,678.60
1782638271205,4,100,100,672.93
1782638271205,5,100,100,676.68
1782638271205,6,100,100,663.32
1782638271205,7,100,100,667.17
1782638271510,0,100,100,689.34
1782638271510,1,100,100,674.62
1782638271510,2,100,100,676.16
1782638271510,3,100,100,680.20
1782638271510,4,100,100,670.01
1782638271510,5,100,100,674.73
1782638271510,6,100,100,663.85
1782638271510,7,100,100,663.01
1782638271813,0,100,100,685.61
1782638271813,1,100,100,671.58
1782638271813,2,100,100,673.46
1782638271813,3,100,100,676.31
1782638271813,4,100,100,665.30
1782638271813,5,100,100,669.50
1782638271813,6,100,100,660.73
1782638271813,7,100,100,660.83
1782638272116,0,100,100,682.97
1782638272116,1,100,100,670.39
1782638272116,2,100,100,665.34
1782638272116,3,100,100,672.03
1782638272116,4,100,100,660.12
1782638272116,5,100,100,665.01
1782638272116,6,100,100,656.51
1782638272116,7,100,100,660.01
1782638272418,0,100,100,681.17
1782638272418,1,100,100,668.62
1782638272418,2,100,100,661.61
1782638272418,3,100,100,665.01
1782638272418,4,100,100,659.33
1782638272418,5,100,100,664.97
1782638272418,6,100,100,648.72
1782638272418,7,100,100,659.37
1782638272718,0,100,100,680.23
1782638272718,1,100,100,666.88
1782638272718,2,100,100,659.11
1782638272718,3,100,77,669.25
1782638272718,4,100,99,658.33
1782638272718,5,100,100,664.95
1782638272718,6,100,100,646.90
1782638272718,7,100,100,658.76
1782638273021,0,100,100,679.68
1782638273021,1,100,100,667.35
1782638273021,2,100,100,657.93
1782638273021,3,100,100,669.31
1782638273021,4,100,99,658.75
1782638273021,5,100,100,665.43
1782638273021,6,100,100,645.51
1782638273021,7,100,100,658.85
1782638273323,0,100,100,678.80
1782638273323,1,100,100,666.19
1782638273323,2,100,100,656.24
1782638273323,3,100,100,670.19
1782638273323,4,100,99,657.94
1782638273323,5,100,99,664.54
1782638273323,6,100,100,644.68
1782638273323,7,100,100,657.26
1782638273623,0,100,100,676.78
1782638273623,1,100,100,666.60
1782638273623,2,100,100,654.97
1782638273623,3,100,100,665.62
1782638273623,4,100,99,655.62
1782638273623,5,100,99,662.31
1782638273623,6,100,100,645.05
1782638273623,7,100,100,656.45
1782638273996,0,100,100,674.82
1782638273996,1,100,99,664.01
1782638273996,2,100,100,653.27
1782638273996,3,100,100,664.82
1782638273996,4,100,99,655.62
1782638273996,5,100,99,660.01
1782638273996,6,100,100,645.65
1782638273996,7,100,99,654.37
1782638274297,0,100,99,672.40
1782638274297,1,100,99,662.86
1782638274297,2,100,99,651.85
1782638274297,3,100,100,662.68
1782638274297,4,100,99,655.52
1782638274297,5,100,99,657.67
1782638274297,6,100,99,643.74
1782638274297,7,100,99,654.56
1782638274615,0,100,99,671.99
1782638274615,1,100,98,659.50
1782638274615,2,100,100,651.97
1782638274615,3,100,99,661.44
1782638274615,4,100,98,655.72
1782638274615,5,100,99,657.06
1782638274615,6,100,100,641.82
1782638274615,7,100,99,653.42
1782638274919,0,100,99,670.91
1782638274919,1,100,99,655.33
1782638274919,2,100,99,650.56
1782638274919,3,100,99,659.23
1782638274919,4,100,98,653.83
1782638274919,5,100,99,657.32
1782638274919,6,100,99,639.33
1782638274919,7,100,99,651.83
1782638275219,0,100,99,672.13
1782638275219,1,100,98,648.04
1782638275219,2,100,99,650.86
1782638275219,3,100,99,658.21
1782638275219,4,100,98,653.31
1782638275219,5,100,99,658.85
1782638275219,6,100,99,637.63
1782638275219,7,100,98,643.29
1782638275518,0,100,98,668.96
1782638275518,1,100,98,641.46
1782638275518,2,100,99,648.22
1782638275518,3,100,99,657.13
1782638275518,4,100,98,647.29
1782638275518,5,100,98,651.23
1782638275518,6,100,99,636.77
1782638275518,7,100,98,635.38
1782638275817,0,100,98,660.77
1782638275817,1,100,98,633.41
1782638275817,2,100,99,643.33
1782638275817,3,100,98,653.71
1782638275817,4,100,98,639.33
1782638275817,5,100,98,642.12
1782638275817,6,100,98,634.52
1782638275817,7,100,98,624.26
1782638276113,0,100,98,650.63
1782638276113,1,100,97,630.33
1782638276113,2,100,98,634.39
1782638276113,3,100,98,646.20
1782638276113,4,100,98,632.30
1782638276113,5,100,98,632.54
1782638276113,6,100,98,625.73
1782638276113,7,100,97,622.62
1782638276408,0,100,98,641.04
1782638276408,1,100,97,629.04
1782638276408,2,100,98,626.98
1782638276408,3,100,98,634.71
1782638276408,4,100,97,624.47
1782638276408,5,100,98,628.13
1782638276408,6,100,98,618.82
1782638276408,7,100,97,620.46
1782638276744,0,100,97,639.67
1782638276744,1,100,97,629.44
1782638276744,2,100,97,619.42
1782638276744,3,100,97,628.03
1782638276744,4,100,97,624.18
1782638276744,5,100,97,627.73
1782638276744,6,100,97,610.08
1782638276744,7,100,97,619.69
1782638277043,0,100,97,638.34
1782638277043,1,100,97,628.51
1782638277043,2,100,97,617.16
1782638277043,3,100,97,625.36
1782638277043,4,100,97,623.68
1782638277043,5,100,97,626.72
1782638277043,6,100,97,608.70
1782638277043,7,100,97,618.57
1782638277339,0,100,97,637.31
1782638277339,1,100,97,627.10
1782638277339,2,100,97,616.52
1782638277339,3,100,97,623.85
1782638277339,4,100,97,622.88
1782638277339,5,100,97,625.88
1782638277339,6,100,93,614.33
1782638277339,7,100,97,617.71
1782638277634,0,100,97,635.43
1782638277634,1,100,97,625.03
1782638277634,2,100,97,615.28
1782638277634,3,100,96,623.53
1782638277634,4,100,97,621.53
1782638277634,5,100,97,626.61
1782638277634,6,100,97,614.27
1782638277634,7,100,97,617.37
1782638277925,0,100,97,631.93
1782638277925,1,96,64,658.80
1782638277925,2,100,97,615.37
1782638277925,3,100,97,622.68
1782638277925,4,100,96,619.33
1782638277925,5,100,97,626.36
1782638277925,6,100,97,613.10
1782638277925,7,100,47,652.84
1782638278214,0,100,97,643.51
1782638278214,1,100,43,687.99
1782638278214,2,100,97,615.60
1782638278214,3,100,96,621.47
1782638278214,4,100,96,631.00
1782638278214,5,100,43,655.17
1782638278214,6,100,97,605.44
1782638278214,7,100,46,686.73
1782638278492,0,100,43,676.84
1782638278492,1,100,42,697.58
1782638278492,2,100,96,614.27
1782638278492,3,100,96,620.92
1782638278492,4,100,49,653.71
1782638278492,5,100,44,680.79
1782638278492,6,100,96,605.40
1782638278492,7,100,41,693.35
1782638278765,0,100,44,696.21
1782638278765,1,100,41,700.04
1782638278765,2,100,52,643.77
1782638278765,3,100,97,647.79
1782638278765,4,100,41,686.98
1782638278765,5,100,43,694.53
1782638278765,6,100,97,626.91
1782638278765,7,100,43,697.15
1782638279027,0,100,41,700.56
1782638279027,1,100,45,696.88
1782638279027,2,100,46,680.76
1782638279027,3,100,45,690.23
1782638279027,4,100,41,696.39
1782638279027,5,100,42,701.28
1782638279027,6,100,46,668.71
1782638279027,7,100,44,697.29
1782638279289,0,100,43,700.60
1782638279289,1,100,43,672.06
1782638279289,2,100,41,695.70
1782638279289,3,100,43,695.21
1782638279289,4,100,41,695.99
1782638279289,5,100,43,691.98
1782638279289,6,100,45,694.97
1782638279289,7,100,90,648.56
1782638279637,0,100,44,694.80
1782638279637,1,100,87,625.57
1782638279637,2,100,41,702.37
1782638279637,3,100,43,698.70
1782638279637,4,100,44,690.31
1782638279637,5,100,40,691.06
1782638279637,6,100,44,707.09
1782638279637,7,100,88,605.59
1782638279912,0,100,75,683.32
1782638279912,1,100,87,562.45
1782638279912,2,100,45,696.14
1782638279912,3,100,44,690.14
1782638279912,4,100,76,679.76
1782638279912,5,100,80,663.04
1782638279912,6,100,45,701.53
1782638279912,7,100,90,536.28
1782638280205,0,100,90,639.75
1782638280205,1,100,90,505.28
1782638280205,2,100,42,693.00
1782638280205,3,100,43,692.89
1782638280205,4,100,90,630.74
1782638280205,5,100,89,604.66
1782638280205,6,100,44,696.15
1782638280205,7,100,90,491.10
1782638280499,0,100,89,579.97
1782638280499,1,100,90,510.07
1782638280499,2,93,41,690.94
1782638280499,3,100,41,681.37
1782638280499,4,100,89,569.29
1782638280499,5,100,89,537.27
1782638280499,6,100,42,703.08
1782638280499,7,100,88,491.67
1782638280804,0,100,88,532.50
1782638280804,1,100,88,507.34
1782638280804,2,100,92,625.84
1782638280804,3,100,92,617.54
1782638280804,4,100,88,515.20
1782638280804,5,100,88,507.17
1782638280804,6,100,93,631.38
1782638280804,7,100,88,489.50
1782638281108,0,100,87,527.31
1782638281108,1,100,88,502.98
1782638281108,2,100,92,557.22
1782638281108,3,100,91,554.54
1782638281108,4,100,87,510.10
1782638281108,5,100,88,509.07
1782638281108,6,100,92,559.31
1782638281108,7,100,90,489.14
1782638281410,0,100,91,523.38
1782638281410,1,100,88,495.92
1782638281410,2,100,91,516.80
1782638281410,3,100,90,508.64
1782638281410,4,100,90,506.46
1782638281410,5,100,91,508.42
1782638281410,6,100,91,510.63
1782638281410,7,100,90,488.89
1782638281715,0,100,90,517.14
1782638281715,1,100,89,494.38
1782638281715,2,100,90,504.76
1782638281715,3,100,90,504.33
1782638281715,4,100,89,502.33
1782638281715,5,100,90,505.06
1782638281715,6,100,91,491.66
1782638281715,7,100,87,484.55
1782638282037,0,100,87,511.17
1782638282037,1,100,87,489.96
1782638282037,2,100,90,506.06
1782638282037,3,100,89,505.21
1782638282037,4,100,88,496.46
1782638282037,5,100,88,499.09
1782638282037,6,100,91,494.38
1782638282037,7,100,89,479.37
1782638282336,0,100,88,502.33
1782638282336,1,100,89,487.92
1782638282336,2,100,89,507.24
1782638282336,3,100,89,507.83
1782638282336,4,100,87,491.97
1782638282336,5,100,87,493.30
1782638282336,6,100,90,496.82
1782638282336,7,100,88,472.24
1782638282637,0,100,88,500.52
1782638282637,1,100,88,480.23
1782638282637,2,100,88,504.90
1782638282637,3,100,89,508.88
1782638282637,4,100,86,487.72
1782638282637,5,100,89,489.13
1782638282637,6,100,89,496.30
1782638282637,7,100,88,465.48
1782638282943,0,100,90,502.18
1782638282943,1,100,88,474.67
1782638282943,2,100,88,509.60
1782638282943,3,100,91,506.25
1782638282943,4,100,89,486.95
1782638282943,5,100,89,489.06
1782638282943,6,100,88,493.00
1782638282943,7,100,88,459.77
1782638283249,0,100,87,501.76
1782638283249,1,100,88,468.00
1782638283249,2,100,91,509.35
1782638283249,3,100,88,500.62
1782638283249,4,100,86,485.91
1782638283249,5,100,89,485.86
1782638283249,6,100,88,493.55
1782638283249,7,100,88,453.21
1782638283555,0,100,89,495.54
1782638283555,1,100,88,461.69
1782638283555,2,100,90,511.56
1782638283555,3,100,88,494.28
1782638283555,4,100,88,481.46
1782638283555,5,100,89,480.16
1782638283555,6,100,91,492.61
1782638283555,7,54,48,408.39
1782638283852,0,100,89,489.97
1782638283852,1,79,69,423.31
1782638283852,2,100,88,503.65
1782638283852,3,100,88,492.52
1782638283852,4,100,88,475.46
1782638283852,5,100,89,472.14
1782638283852,6,100,91,493.08
1782638283852,7,0,0,308.93
1782638284138,0,100,88,480.39
1782638284138,1,0,0,324.98
1782638284138,2,100,87,498.79
1782638284138,3,100,87,490.45
1782638284138,4,100,88,467.96
1782638284138,5,100,89,466.79
1782638284138,6,100,87,487.00
1782638284138,7,0,0,211.22
1782638284424,0,100,88,474.60
1782638284424,1,0,0,232.40
1782638284424,2,100,89,493.77
1782638284424,3,100,90,490.54
1782638284424,4,100,88,460.00
1782638284424,5,100,88,460.93
1782638284424,6,100,87,482.36
1782638284424,7,0,0,124.27
1782638284711,0,100,88,468.04
1782638284711,1,0,0,137.74
1782638284711,2,100,90,493.12
1782638284711,3,100,89,489.67
1782638284711,4,100,88,454.93
1782638284711,5,100,88,453.89
1782638284711,6,100,89,479.58
1782638284711,7,0,0,122.42
1782638284995,0,33,29,409.60
1782638284995,1,0,0,130.14
1782638284995,2,100,90,492.50
1782638284995,3,100,89,486.28
1782638284995,4,64,56,406.07
1782638284995,5,0,0,360.36
1782638284995,6,100,90,479.55
1782638284995,7,0,0,122.18
1782638285311,0,0,0,307.90
1782638285311,1,0,0,129.54
1782638285311,2,100,87,489.12
1782638285311,3,100,88,479.97
1782638285311,4,0,0,306.36
1782638285311,5,0,0,294.90
1782638285311,6,100,87,475.27
1782638285311,7,0,0,121.96
1782638285569,0,0,0,246.83
1782638285569,1,0,0,128.88
1782638285569,2,100,88,481.59
1782638285569,3,100,88,474.59
1782638285569,4,0,0,241.94
1782638285569,5,0,0,198.84
1782638285569,6,100,89,472.25
1782638285569,7,0,0,121.78
1782638285828,0,0,0,144.26
1782638285828,1,0,0,128.57
1782638285828,2,100,88,472.17
1782638285828,3,100,88,466.08
1782638285828,4,0,0,146.65
1782638285828,5,0,0,124.78
1782638285828,6,100,88,462.02
1782638285828,7,0,0,121.56
1782638286086,0,0,0,132.18
1782638286086,1,0,0,128.37
1782638286086,2,100,88,466.54
1782638286086,3,100,88,459.91
1782638286086,4,0,0,125.66
1782638286086,5,0,0,123.89
1782638286086,6,100,88,455.38
1782638286086,7,0,0,121.44
1782638286345,0,0,0,131.51
1782638286345,1,0,0,128.16
1782638286345,2,100,88,459.31
1782638286345,3,100,88,455.92
1782638286345,4,0,0,124.60
1782638286345,5,0,0,123.42
1782638286345,6,100,88,447.71
1782638286345,7,0,0,121.28
1782638286598,0,0,0,130.75
1782638286598,1,0,0,128.01
1782638286598,2,100,88,454.84
1782638286598,3,0,0,366.49
1782638286598,4,0,0,124.43
1782638286598,5,0,0,123.26
1782638286598,6,100,88,442.64
1782638286598,7,0,0,121.23
1782638286844,0,0,0,130.56
1782638286844,1,0,0,127.93
1782638286844,2,24,21,378.81
1782638286844,3,0,0,302.13
1782638286844,4,0,0,124.25
1782638286844,5,0,0,123.05
1782638286844,6,2,2,396.10
1782638286844,7,0,0,121.15
1782638287071,0,0,0,130.41
1782638287071,1,0,0,127.79
1782638287071,2,0,0,316.03
1782638287071,3,0,0,238.02
1782638287071,4,0,0,124.12
1782638287071,5,0,0,122.75
1782638287071,6,0,0,332.15
1782638287071,7,0,0,121.09
1782638287300,0,18,3,131.31
1782638287300,1,20,3,128.94
1782638287300,2,20,3,189.39
1782638287300,3,40,6,128.29
1782638287300,4,18,3,126.21
1782638287300,5,55,8,125.58
1782638287300,6,41,6,209.64
1782638287300,7,19,3,123.47
1782638287690,0,47,7,133.00
1782638287690,1,0,0,130.68
1782638287690,2,52,8,138.85
1782638287690,3,0,0,127.69
1782638287690,4,20,3,126.76
1782638287690,5,0,0,125.53
1782638287690,6,0,0,148.89
1782638287690,7,54,8,123.53
1782638287917,0,0,0,132.76
1782638287917,1,0,0,130.49
1782638287917,2,0,0,137.20
1782638287917,3,0,0,127.07
1782638287917,4,0,0,126.64
1782638287917,5,0,0,125.37
1782638287917,6,0,0,123.07
1782638287917,7,0,0,123.28
1782638288144,0,2,0,132.72
1782638288144,1,2,0,130.44
1782638288144,2,0,0,136.75
1782638288144,3,0,0,126.84
1782638288144,4,1,0,126.54
1782638288144,5,0,0,125.36
1782638288144,6,1,0,122.34
1782638288144,7,2,0,123.00
1782638288371,0,0,0,132.15
1782638288371,1,0,0,128.96
1782638288371,2,0,0,135.65
1782638288371,3,0,0,125.86
1782638288371,4,0,0,125.43
1782638288371,5,0,0,123.92
1782638288371,6,0,0,121.39
1782638288371,7,0,0,121.95
1782638288623,0,38,0,129.83
1782638288623,1,78,1,127.51
1782638288623,2,35,0,133.93
1782638288623,3,100,1,124.01
1782638288623,4,100,1,123.87
1782638288623,5,100,1,122.75
1782638288623,6,100,1,119.66
1782638288623,7,17,0,120.38
1782638288883,0,75,1,130.02
1782638288883,1,0,0,127.50
1782638288883,2,100,1,133.95
1782638288883,3,0,0,124.17
1782638288883,4,68,0,123.86
1782638288883,5,0,0,122.79
1782638288883,6,20,0,119.75
1782638288883,7,100,1,120.51
1782638289116,0,0,0,129.79
1782638289116,1,0,0,127.39
1782638289116,2,0,0,133.82
1782638289116,3,0,0,124.06
1782638289116,4,0,0,123.93
1782638289116,5,0,0,122.79
1782638289116,6,0,0,119.60
1782638289116,7,0,0,120.41
1782638289345,0,1,0,130.22
1782638289345,1,20,0,127.86
1782638289345,2,0,0,134.12
1782638289345,3,37,0,124.50
1782638289345,4,0,0,124.74
1782638289345,5,48,0,123.48
1782638289345,6,83,0,120.25
1782638289345,7,22,0,120.83
1782638289575,0,0,0,129.73
1782638289575,1,0,0,127.28
1782638289575,2,0,0,133.74
1782638289575,3,1,0,123.95
1782638289575,4,1,0,124.24
1782638289575,5,0,0,123.29
1782638289575,6,1,0,119.84
1782638289575,7,0,0,120.64
1782638289879,0,49,0,133.80
1782638289879,1,17,1,132.79
1782638289879,2,0,0,137.35
1782638289879,3,2,1,126.70
1782638289879,4,21,3,128.75
1782638289879,5,5,1,128.95
1782638289879,6,6,0,124.52
1782638289879,7,0,0,125.77
1782638290126,0,39,5,142.47
1782638290126,1,44,5,141.35
1782638290126,2,60,5,176.74
1782638290126,3,2,1,140.05
1782638290126,4,99,20,165.07
1782638290126,5,4,1,174.14
1782638290126,6,8,3,159.53
1782638290126,7,10,4,163.39
1782638290384,0,98,45,310.58
1782638290384,1,98,28,282.19
1782638290384,2,98,45,293.32
1782638290384,3,97,45,258.03
1782638290384,4,97,47,283.33
1782638290384,5,97,49,294.37
1782638290384,6,97,46,278.96
1782638290384,7,98,47,284.68
1782638290641,0,97,45,381.36
1782638290641,1,23,9,379.41
1782638290641,2,98,45,392.00
1782638290641,3,7,2,371.16
1782638290641,4,49,24,394.40
1782638290641,5,24,12,394.85
1782638290641,6,2,1,379.17
1782638290641,7,97,46,383.90
1782638290894,0,0,0,376.55
1782638290894,1,0,0,380.00
1782638290894,2,23,10,388.48
1782638290894,3,0,0,384.56
1782638290894,4,0,0,389.58
1782638290894,5,0,0,388.27
1782638290894,6,0,0,375.16
1782638290894,7,24,10,378.83
1782638291154,0,0,0,370.87
1782638291154,1,0,0,348.68
1782638291154,2,0,0,354.81
1782638291154,3,0,0,373.54
1782638291154,4,0,0,359.27
1782638291154,5,0,0,350.71
1782638291154,6,0,0,351.91
1782638291154,7,0,0,353.38
1782638291393,0,0,0,216.86
1782638291393,1,0,0,236.50
1782638291393,2,0,0,239.97
1782638291393,3,0,0,263.78
1782638291393,4,0,0,240.75
1782638291393,5,0,0,232.86
1782638291393,6,0,0,234.48
1782638291393,7,0,0,235.07
1782638291638,0,0,0,142.68
1782638291638,1,1,2,141.87
1782638291638,2,0,0,135.75
1782638291638,3,0,0,142.60
1782638291638,4,0,0,122.83
1782638291638,5,1,2,121.64
1782638291638,6,0,0,118.50
1782638291638,7,0,0,120.12
1782638291877,0,0,0,128.61
1782638291877,1,0,0,126.48
1782638291877,2,0,0,131.54
1782638291877,3,0,0,123.90
1782638291877,4,0,0,122.48
1782638291877,5,0,0,121.70
1782638291877,6,0,0,117.85
1782638291877,7,0,0,120.08
1782638292115,0,0,0,128.35
1782638292115,1,0,0,126.25
1782638292115,2,0,0,131.43
1782638292115,3,0,0,123.51
1782638292115,4,0,0,122.42
1782638292115,5,0,0,121.72
1782638292115,6,0,0,117.67
1782638292115,7,0,0,120.11
1782638292353,0,0,0,128.19
1782638292353,1,0,0,125.96
1782638292353,2,0,0,131.15
1782638292353,3,0,0,123.31
1782638292353,4,0,0,122.30
1782638292353,5,0,0,121.59
1782638292353,6,0,0,117.47
1782638292353,7,0,0,119.96
1782638292592,0,0,0,127.65
1782638292592,1,0,0,125.01
1782638292592,2,0,0,130.33
1782638292592,3,0,0,121.86
1782638292592,4,0,0,121.72
1782638292592,5,0,0,121.03
1782638292592,6,0,0,116.66
1782638292592,7,0,0,119.23
1782638292831,0,28,6,150.36
1782638292831,1,0,0,130.62
1782638292831,2,26,6,191.63
1782638292831,3,95,28,158.16
1782638292831,4,8,5,182.52
1782638292831,5,87,34,184.85
1782638292831,6,98,19,173.11
1782638292831,7,44,6,177.40
1782638293091,0,98,46,329.84
1782638293091,1,98,46,307.67
1782638293091,2,98,48,308.00
1782638293091,3,98,45,334.39
1782638293091,4,98,42,294.59
1782638293091,5,98,44,301.29
1782638293091,6,98,42,286.59
1782638293091,7,98,43,290.36
1782638293353,0,57,27,417.81
1782638293353,1,98,46,426.67
1782638293353,2,56,28,429.65
1782638293353,3,94,43,424.04
1782638293353,4,92,1,414.89
1782638293353,5,93,41,412.30
1782638293353,6,97,43,407.79
1782638293353,7,91,41,407.81
1782638293591,0,0,0,424.91
1782638293591,1,0,0,433.24
1782638293591,2,0,0,430.52
1782638293591,3,0,0,424.62
1782638293591,4,100,0,415.99
1782638293591,5,0,0,412.51
1782638293591,6,100,0,408.60
1782638293591,7,100,0,408.89
1782638293831,0,98,46,360.32
1782638293831,1,96,38,357.61
1782638293831,2,97,47,356.17
1782638293831,3,98,47,348.28
1782638293831,4,98,46,348.99
1782638293831,5,98,47,360.58
1782638293831,6,98,46,348.57
1782638293831,7,98,47,350.97
1782638294607,0,98,47,574.57
1782638294607,1,98,46,574.90
1782638294607,2,97,48,576.72
1782638294607,3,98,47,575.46
1782638294607,4,98,46,571.79
1782638294607,5,98,47,580.02
1782638294607,6,94,46,570.94
1782638294607,7,91,44,603.14
1782638295900,0,98,47,687.95
1782638295900,1,98,46,687.74
1782638295900,2,97,48,680.93
1782638295900,3,98,47,702.32
1782638295900,4,98,47,688.69
1782638295900,5,98,46,693.00
1782638295900,6,98,47,691.97
1782638295900,7,91,43,688.64
1782638296308,0,98,45,691.68
1782638296308,1,98,46,691.89
1782638296308,2,97,47,691.77
1782638296308,3,98,46,697.32
1782638296308,4,98,47,695.45
1782638296308,5,98,47,689.96
1782638296308,6,98,46,686.67
1782638296308,7,98,46,684.91
1782638296573,0,98,46,686.49
1782638296573,1,98,47,678.96
1782638296573,2,97,47,686.90
1782638296573,3,98,44,692.77
1782638296573,4,98,45,682.34
1782638296573,5,98,48,682.17
1782638296573,6,90,43,683.12
1782638296573,7,98,47,690.84
1782638296868,0,98,44,692.81
1782638296868,1,98,43,690.77
1782638296868,2,98,44,702.04
1782638296868,3,98,45,694.48
1782638296868,4,98,44,690.14
1782638296868,5,98,46,694.98
1782638296868,6,98,44,695.81
1782638296868,7,98,45,695.51
1782638297130,0,98,46,685.40
1782638297130,1,98,46,677.38
1782638297130,2,97,47,692.91
1782638297130,3,98,47,685.92
1782638297130,4,98,47,679.42
1782638297130,5,98,47,687.68
1782638297130,6,98,47,682.12
1782638297130,7,98,47,688.15
1782638297393,0,98,45,691.40
1782638297393,1,98,45,687.23
1782638297393,2,98,46,691.22
1782638297393,3,99,47,696.38
1782638297393,4,98,47,683.47
1782638297393,5,98,47,694.29
1782638297393,6,98,47,687.89
1782638297393,7,98,46,691.74
1782638297652,0,92,43,683.22
1782638297652,1,98,45,685.82
1782638297652,2,90,43,686.19
1782638297652,3,98,45,688.62
1782638297652,4,98,46,684.56
1782638297652,5,98,46,688.65
1782638297652,6,98,44,685.31
1782638297652,7,92,41,687.30
1782638297914,0,98,46,696.35
1782638297914,1,98,45,686.41
1782638297914,2,98,46,683.40
1782638297914,3,98,45,697.87
1782638297914,4,98,45,685.32
1782638297914,5,98,45,687.70
1782638297914,6,98,44,697.18
1782638297914,7,98,45,696.80
1782638298174,0,91,43,687.27
1782638298174,1,91,44,684.57
1782638298174,2,89,43,682.32
1782638298174,3,92,41,688.28
1782638298174,4,98,47,685.07
1782638298174,5,91,45,683.67
1782638298174,6,92,41,686.78
1782638298174,7,91,45,686.91
1782638298432,0,98,47,687.97
1782638298432,1,98,46,687.20
1782638298432,2,97,47,692.24
1782638298432,3,98,46,682.53
1782638298432,4,98,47,691.16
1782638298432,5,98,46,689.69
1782638298432,6,98,46,690.68
1782638298432,7,98,47,693.44
1782638298691,0,98,47,688.86
1782638298691,1,98,46,683.41
1782638298691,2,97,45,683.58
1782638298691,3,91,45,684.08
1782638298691,4,92,44,686.84
1782638298691,5,92,43,687.47
1782638298691,6,91,44,687.74
1782638298691,7,98,46,687.97
1782638298952,0,98,46,687.68
1782638298952,1,98,46,680.59
1782638298952,2,98,46,680.27
1782638298952,3,98,46,687.86
1782638298952,4,98,43,685.01
1782638298952,5,98,46,684.47
1782638298952,6,98,44,690.78
1782638298952,7,98,46,685.00
1782638299211,0,99,44,680.97
1782638299211,1,98,45,677.04
1782638299211,2,99,47,677.16
1782638299211,3,98,47,683.28
1782638299211,4,92,44,676.44
1782638299211,5,98,46,688.04
1782638299211,6,98,44,684.36
1782638299211,7,98,45,680.62
1782638299473,0,98,46,682.98
1782638299473,1,98,44,679.33
1782638299473,2,98,48,678.50
1782638299473,3,98,46,689.35
1782638299473,4,98,46,678.27
1782638299473,5,98,46,689.57
1782638299473,6,98,46,684.31
1782638299473,7,98,47,683.89
1782638299732,0,92,43,682.94
1782638299732,1,91,41,680.58
1782638299732,2,89,43,684.51
1782638299732,3,99,45,689.32
1782638299732,4,91,42,682.33
1782638299732,5,99,46,686.97
1782638299732,6,98,46,688.82
1782638299732,7,92,43,689.14
1782638299992,0,98,45,681.96
1782638299992,1,98,44,688.84
1782638299992,2,97,46,688.59
1782638299992,3,98,45,691.09
1782638299992,4,98,46,689.66
1782638299992,5,98,45,692.55
1782638299992,6,98,46,689.34
1782638299992,7,98,45,691.91
1782638300251,0,98,44,688.50
1782638300251,1,92,43,683.72
1782638300251,2,97,44,685.03
1782638300251,3,93,42,685.66
1782638300251,4,98,46,686.61
1782638300251,5,90,41,682.79
1782638300251,6,99,46,682.79
1782638300251,7,98,43,681.04
1782638300513,0,98,46,683.28
1782638300513,1,98,45,686.22
1782638300513,2,89,44,688.50
1782638300513,3,98,46,685.08
1782638300513,4,98,47,691.27
1782638300513,5,98,46,683.40
1782638300513,6,98,45,684.81
1782638300513,7,98,45,681.09
1782638300773,0,98,47,685.92
1782638300773,1,98,47,679.14
1782638300773,2,98,47,689.65
1782638300773,3,98,45,692.01
1782638300773,4,99,44,690.38
1782638300773,5,98,46,693.66
1782638300773,6,98,45,690.23
1782638300773,7,98,46,686.29
1782638301034,0,98,46,688.78
1782638301034,1,91,40,680.56
1782638301034,2,98,47,689.80
1782638301034,3,98,46,685.87
1782638301034,4,98,44,691.13
1782638301034,5,98,46,689.91
1782638301034,6,98,45,694.11
1782638301034,7,91,41,691.10
1782638301295,0,98,45,694.53
1782638301295,1,98,45,686.18
1782638301295,2,98,46,690.19
1782638301295,3,98,45,691.40
1782638301295,4,98,44,691.51
1782638301295,5,98,46,698.00
1782638301295,6,98,45,697.71
1782638301295,7,98,45,696.29
1782638301554,0,98,46,686.51
1782638301554,1,98,46,684.24
1782638301554,2,97,47,684.65
1782638301554,3,91,44,686.47
1782638301554,4,98,46,687.36
1782638301554,5,98,47,683.07
1782638301554,6,91,44,689.56
1782638301554,7,98,46,687.26
1782638301813,0,98,45,693.20
1782638301813,1,98,45,686.24
1782638301813,2,97,46,681.30
1782638301813,3,98,45,693.57
1782638301813,4,98,46,684.82
1782638301813,5,98,46,686.02
1782638301813,6,98,47,688.64
1782638301813,7,98,46,693.38
1782638302071,0,98,45,693.34
1782638302071,1,98,44,680.26
1782638302071,2,97,46,679.14
1782638302071,3,98,46,691.28
1782638302071,4,91,42,679.17
1782638302071,5,98,46,685.68
1782638302071,6,98,47,691.71
1782638302071,7,98,46,690.83
1782638302384,0,98,45,688.41
1782638302384,1,98,43,688.65
1782638302384,2,98,45,686.26
1782638302384,3,98,45,687.35
1782638302384,4,98,46,688.58
1782638302384,5,98,45,698.78
1782638302384,6,98,45,695.15
1782638302384,7,98,46,687.25
1782638302640,0,92,42,686.23
1782638302640,1,91,41,678.92
1782638302640,2,90,42,685.01
1782638302640,3,98,47,689.99
1782638302640,4,91,42,687.91
1782638302640,5,98,47,688.95
1782638302640,6,98,46,692.22
1782638302640,7,98,48,689.85
1782638302901,0,98,44,692.78
1782638302901,1,98,44,685.77
1782638302901,2,98,47,682.67
1782638302901,3,98,45,694.45
1782638302901,4,98,45,686.94
1782638302901,5,98,44,687.57
1782638302901,6,98,45,691.97
1782638302901,7,98,45,685.38
1782638303160,0,91,44,685.33
1782638303160,1,92,41,686.36
1782638303160,2,89,44,680.73
1782638303160,3,91,41,684.38
1782638303160,4,98,45,684.69
1782638303160,5,92,43,683.01
1782638303160,6,99,47,687.15
1782638303160,7,98,45,683.41
1782638303419,0,98,46,688.26
1782638303419,1,98,46,687.59
1782638303419,2,98,46,682.65
1782638303419,3,98,45,685.62
1782638303419,4,98,45,687.53
1782638303419,5,98,46,684.44
1782638303419,6,98,45,694.14
1782638303419,7,98,44,691.01
1782638303682,0,98,45,683.40
1782638303682,1,91,42,680.99
1782638303682,2,98,45,680.92
1782638303682,3,92,42,687.09
1782638303682,4,99,43,685.34
1782638303682,5,91,45,682.99
1782638303682,6,91,42,687.66
1782638303682,7,99,46,681.40
1782638303945,0,98,46,690.96
1782638303945,1,98,45,686.88
1782638303945,2,97,47,687.73
1782638303945,3,98,47,692.47
1782638303945,4,98,46,688.78
1782638303945,5,98,46,684.96
1782638303945,6,98,46,692.65
1782638303945,7,98,46,689.42
1782638304211,0,98,45,682.80
1782638304211,1,98,44,684.40
1782638304211,2,98,46,681.22
1782638304211,3,91,43,685.95
1782638304211,4,92,44,684.90
1782638304211,5,98,46,683.16
1782638304211,6,98,45,685.20
1782638304211,7,92,43,682.74
1782638304471,0,98,46,684.51
1782638304471,1,98,46,689.33
1782638304471,2,98,48,683.89
1782638304471,3,98,46,689.46
1782638304471,4,98,47,686.57
1782638304471,5,98,46,692.72
1782638304471,6,98,46,689.39
1782638304471,7,98,47,688.96
1782638304731,0,92,43,678.16
1782638304731,1,99,45,694.68
1782638304731,2,90,43,676.67
1782638304731,3,98,45,680.28
1782638304731,4,91,43,678.77
1782638304731,5,98,46,687.01
1782638304731,6,98,45,680.59
1782638304731,7,91,43,678.84
1782638304992,0,98,46,686.46
1782638304992,1,98,47,684.00
1782638304992,2,97,47,683.61
1782638304992,3,98,47,683.14
1782638304992,4,98,46,686.82
1782638304992,5,98,47,692.47
1782638304992,6,98,46,682.27
1782638304992,7,98,46,683.33
1782638305251,0,98,44,696.19
1782638305251,1,92,41,681.99
1782638305251,2,97,44,684.20
1782638305251,3,99,44,692.02
1782638305251,4,98,45,682.62
1782638305251,5,96,45,687.41
1782638305251,6,98,44,682.80
1782638305251,7,98,44,682.87
1782638305511,0,98,46,687.97
1782638305511,1,98,46,683.72
1782638305511,2,89,42,680.28
1782638305511,3,98,47,684.60
1782638305511,4,98,46,679.92
1782638305511,5,98,46,688.82
1782638305511,6,98,46,677.10
1782638305511,7,98,47,686.03
1782638305771,0,98,45,691.42
1782638305771,1,98,45,696.52
1782638305771,2,98,46,697.62
1782638305771,3,98,45,693.02
1782638305771,4,98,46,696.54
1782638305771,5,98,47,699.89
1782638305771,6,98,46,694.31
1782638305771,7,99,44,698.26
1782638306031,0,91,43,690.67
1782638306031,1,91,44,691.16
1782638306031,2,89,44,691.23
1782638306031,3,98,46,684.88
1782638306031,4,98,46,688.03
1782638306031,5,92,43,687.14
1782638306031,6,98,46,686.58
1782638306031,7,98,46,693.58
1782638306289,0,98,45,701.41
1782638306289,1,98,44,696.70
1782638306289,2,98,46,685.49
1782638306289,3,98,44,698.42
1782638306289,4,98,45,687.01
1782638306289,5,98,44,694.85
1782638306289,6,98,45,686.10
1782638306289,7,98,45,693.79
1782638306585,0,98,46,690.04
1782638306585,1,98,46,690.77
1782638306585,2,97,48,684.09
1782638306585,3,92,45,694.41
1782638306585,4,98,46,691.91
1782638306585,5,91,44,684.60
1782638306585,6,92,42,691.06
1782638306585,7,98,46,694.28
1782638306847,0,98,46,692.63
1782638306847,1,98,46,698.61
1782638306847,2,97,47,690.10
1782638306847,3,98,46,699.53
1782638306847,4,98,46,694.97
1782638306847,5,98,46,697.62
1782638306847,6,98,46,696.48
1782638306847,7,98,45,698.51
1782638307107,0,98,46,687.10
1782638307107,1,98,46,687.95
1782638307107,2,99,47,680.62
1782638307107,3,98,47,693.19
1782638307107,4,92,43,684.41
1782638307107,5,98,47,686.62
1782638307107,6,96,45,685.92
1782638307107,7,91,44,687.61
1782638307366,0,98,45,684.28
1782638307366,1,98,45,690.54
1782638307366,2,98,45,678.88
1782638307366,3,98,45,689.86
1782638307366,4,98,44,688.50
1782638307366,5,98,45,687.48
1782638307366,6,98,45,687.87
1782638307366,7,98,45,694.76
1782638307625,0,92,43,683.62
1782638307625,1,92,42,687.26
1782638307625,2,91,43,679.16
1782638307625,3,98,46,685.34
1782638307625,4,91,44,675.37
1782638307625,5,99,44,688.56
1782638307625,6,98,47,679.80
1782638307625,7,98,47,682.84
1782638307890,0,98,43,683.30
1782638307890,1,98,42,680.10
1782638307890,2,97,46,678.77
1782638307890,3,98,45,689.77
1782638307890,4,98,47,683.70
1782638307890,5,98,44,689.73
1782638307890,6,98,46,694.08
1782638307890,7,98,46,693.78
1782638308207,0,91,44,682.24
1782638308207,1,92,41,682.81
1782638308207,2,90,44,687.53
1782638308207,3,98,46,684.83
1782638308207,4,98,47,677.27
1782638308207,5,92,42,687.67
1782638308207,6,99,46,685.73
1782638308207,7,98,46,681.61
1782638308472,0,98,47,685.95
1782638308472,1,98,45,696.24
1782638308472,2,98,47,686.76
1782638308472,3,98,46,685.73
1782638308472,4,98,46,675.67
1782638308472,5,98,46,689.44
1782638308472,6,98,46,694.67
1782638308472,7,98,45,683.34
1782638308734,0,98,47,687.78
1782638308734,1,92,41,692.73
1782638308734,2,98,48,688.74
1782638308734,3,91,44,687.00
1782638308734,4,98,46,683.36
1782638308734,5,91,45,688.16
1782638308734,6,92,44,686.23
1782638308734,7,98,46,689.45
1782638308995,0,98,45,685.14
1782638308995,1,98,46,690.03
1782638308995,2,97,46,691.27
1782638308995,3,98,46,685.92
1782638308995,4,98,46,687.74
1782638308995,5,98,46,689.81
1782638308995,6,98,46,688.76
1782638308995,7,98,46,690.67
1782638309254,0,98,45,690.58
1782638309254,1,98,44,689.58
1782638309254,2,98,46,686.14
1782638309254,3,91,43,686.12
1782638309254,4,91,43,686.73
1782638309254,5,98,48,692.87
1782638309254,6,91,44,691.53
1782638309254,7,92,42,692.14
1782638309517,0,98,45,693.37
1782638309517,1,98,43,687.84
1782638309517,2,97,46,687.35
1782638309517,3,98,46,688.48
1782638309517,4,98,46,688.63
1782638309517,5,98,47,693.02
1782638309517,6,98,45,686.09
1782638309517,7,98,45,691.07
1782638309779,0,95,45,683.89
1782638309779,1,99,45,676.10
1782638309779,2,89,43,681.37
1782638309779,3,98,47,683.63
1782638309779,4,91,42,677.75
1782638309779,5,98,47,689.32
1782638309779,6,98,46,684.79
1782638309779,7,90,41,683.96
1782638310042,0,98,44,685.98
1782638310042,1,97,44,680.63
1782638310042,2,97,44,682.33
1782638310042,3,98,50,687.99
1782638310042,4,98,47,686.87
1782638310042,5,98,46,690.03
1782638310042,6,97,49,690.09
1782638310042,7,98,47,689.94
1782638310302,0,100,1,599.06
1782638310302,1,100,1,622.21
1782638310302,2,97,43,630.86
1782638310302,3,85,15,600.67
1782638310302,4,99,47,632.69
1782638310302,5,85,7,625.16
1782638310302,6,85,23,624.45
1782638310302,7,84,40,639.59
1782638310570,0,46,1,434.33
1782638310570,1,64,1,455.82
1782638310570,2,47,1,411.13
1782638310570,3,4,1,419.58
1782638310570,4,4,1,410.77
1782638310570,5,7,1,397.85
1782638310570,6,6,1,395.03
1782638310570,7,4,1,402.58
1782638310917,0,6,1,283.18
1782638310917,1,8,1,300.89
1782638310917,2,5,1,255.31
1782638310917,3,7,1,264.51
1782638310917,4,14,1,251.26
1782638310917,5,7,1,291.63
1782638310917,6,6,1,234.70
1782638310917,7,25,0,253.15
1782638311178,0,0,0,171.41
1782638311178,1,0,0,136.19
1782638311178,2,0,0,144.77
1782638311178,3,10,0,155.14
1782638311178,4,0,0,136.90
1782638311178,5,0,0,130.11
1782638311178,6,22,0,126.12
1782638311178,7,0,0,135.38
1782638311406,0,0,0,134.77
1782638311406,1,0,0,133.01
1782638311406,2,0,0,135.86
1782638311406,3,0,0,128.45
1782638311406,4,0,0,127.01
1782638311406,5,0,0,125.83
1782638311406,6,0,0,122.52
1782638311406,7,0,0,124.09
1782638311634,0,0,0,133.59
1782638311634,1,0,0,131.71
1782638311634,2,0,0,134.98
1782638311634,3,0,0,126.99
1782638311634,4,0,0,125.81
1782638311634,5,0,0,124.81
1782638311634,6,0,0,121.30
1782638311634,7,0,0,123.09
1782638311888,0,0,0,132.67
1782638311888,1,0,0,130.24
1782638311888,2,0,0,134.48
1782638311888,3,0,0,126.18
1782638311888,4,0,0,125.03
1782638311888,5,0,0,124.29
1782638311888,6,0,0,120.65
1782638311888,7,0,0,122.42
1782638312116,0,0,0,131.60
1782638312116,1,0,0,129.36
1782638312116,2,0,0,133.64
1782638312116,3,0,0,125.26
1782638312116,4,0,0,124.26
1782638312116,5,0,0,123.75
1782638312116,6,0,0,119.96
1782638312116,7,0,0,121.77
1782638312340,0,0,0,131.35
1782638312340,1,0,0,129.04
1782638312340,2,0,0,133.39
1782638312340,3,0,0,124.82
1782638312340,4,0,0,124.06
1782638312340,5,0,0,123.59
1782638312340,6,0,0,119.67
1782638312340,7,0,0,121.54
1782638312564,0,0,0,131.12
1782638312564,1,0,0,128.76
1782638312564,2,0,0,133.04
1782638312564,3,0,0,124.58
1782638312564,4,0,0,123.82
1782638312564,5,0,0,123.37
1782638312564,6,0,0,119.26
1782638312564,7,0,0,121.40
1782638312790,0,0,0,130.92
1782638312790,1,0,0,128.18
1782638312790,2,0,0,132.80
1782638312790,3,0,0,124.38
1782638312790,4,0,0,123.69
1782638312790,5,0,0,123.29
1782638312790,6,0,0,119.06
1782638312790,7,0,0,121.28
1782638313069,0,49,0,131.08
1782638313069,1,100,1,128.16
1782638313069,2,93,1,133.13
1782638313069,3,100,1,124.50
1782638313069,4,77,1,124.15
1782638313069,5,100,1,123.65
1782638313069,6,100,1,119.31
1782638313069,7,100,1,121.58
1782638313320,0,0,0,131.03
1782638313320,1,0,0,127.95
1782638313320,2,81,0,132.96
1782638313320,3,0,0,124.19
1782638313320,4,0,0,124.08
1782638313320,5,0,0,123.62
1782638313320,6,15,0,119.28
1782638313320,7,54,0,121.66
1782638313552,0,0,0,130.85
1782638313552,1,0,0,127.45
1782638313552,2,0,0,132.67
1782638313552,3,0,0,123.91
1782638313552,4,0,0,123.89
1782638313552,5,0,0,123.47
1782638313552,6,0,0,119.10
1782638313552,7,0,0,121.49
1782638313837,0,2,0,139.28
1782638313837,1,20,9,143.52
1782638313837,2,1,0,143.08
1782638313837,3,19,5,131.37
1782638313837,4,15,2,132.66
1782638313837,5,14,7,142.80
1782638313837,6,19,4,140.41
1782638313837,7,14,3,133.62
1782638314133,0,87,40,263.62
1782638314133,1,98,46,246.12
1782638314133,2,86,40,286.99
1782638314133,3,91,41,269.47
1782638314133,4,73,36,285.38
1782638314133,5,90,46,297.02
1782638314133,6,87,41,295.14
1782638314133,7,75,36,280.53
1782638314412,0,91,37,373.96
1782638314412,1,15,5,379.89
1782638314412,2,84,37,375.08
1782638314412,3,4,2,366.18
1782638314412,4,68,34,375.76
1782638314412,5,0,0,384.78
1782638314412,6,13,7,373.93
1782638314412,7,51,25,372.91
1782638314710,0,0,0,391.15
1782638314710,1,0,0,384.63
1782638314710,2,24,11,387.56
1782638314710,3,2,0,383.11
1782638314710,4,26,12,394.59
1782638314710,5,2,0,392.71
1782638314710,6,2,0,387.30
1782638314710,7,23,10,391.33
1782638314954,0,0,0,311.52
1782638314954,1,3,3,331.13
1782638314954,2,3,3,344.23
1782638314954,3,0,0,292.65
1782638314954,4,1,1,289.37
1782638314954,5,2,3,275.11
1782638314954,6,0,0,260.20
1782638314954,7,0,0,276.45
1782638315323,0,0,0,149.75
1782638315323,1,0,0,145.90
1782638315323,2,3,3,154.75
1782638315323,3,3,3,143.79
1782638315323,4,3,3,147.82
1782638315323,5,0,0,141.57
1782638315323,6,0,0,137.69
1782638315323,7,3,3,143.22
1782638315692,0,23,12,175.93
1782638315692,1,42,23,170.25
1782638315692,2,23,12,197.94
1782638315692,3,81,40,179.09
1782638315692,4,52,27,196.59
1782638315692,5,71,35,195.36
1782638315692,6,73,37,192.56
1782638315692,7,63,36,197.85
1782638316016,0,99,53,321.91
1782638316016,1,99,54,301.25
1782638316016,2,98,54,336.63
1782638316016,3,99,54,321.22
1782638316016,4,99,57,352.27
1782638316016,5,99,56,330.93
1782638316016,6,99,55,330.26
1782638316016,7,99,54,345.13
1782638316320,0,99,53,466.53
1782638316320,1,99,54,441.26
1782638316320,2,99,53,470.85
1782638316320,3,99,54,459.36
1782638316320,4,99,57,496.43
1782638316320,5,99,57,466.77
1782638316320,6,99,55,470.15
1782638316320,7,99,54,483.60
1782638316627,0,99,53,574.90
1782638316627,1,99,54,591.84
1782638316627,2,99,53,565.18
1782638316627,3,99,55,558.93
1782638316627,4,99,56,599.12
1782638316627,5,99,56,573.89
1782638316627,6,99,55,563.28
1782638316627,7,99,55,581.66
1782638316934,0,2,2,507.60
1782638316934,1,20,12,515.43
1782638316934,2,2,2,517.88
1782638316934,3,0,0,480.63
1782638316934,4,2,2,549.29
1782638316934,5,48,25,510.26
1782638316934,6,81,42,500.89
1782638316934,7,0,0,466.60
1782638317287,0,0,0,461.70
1782638317287,1,98,47,452.18
1782638317287,2,5,4,444.00
1782638317287,3,81,36,456.86
1782638317287,4,20,13,459.29
1782638317287,5,92,40,443.32
1782638317287,6,86,29,430.35
1782638317287,7,55,21,443.73
1782638317573,0,98,47,487.52
1782638317573,1,97,47,485.58
1782638317573,2,98,48,481.31
1782638317573,3,97,45,483.37
1782638317573,4,98,44,474.07
1782638317573,5,98,45,477.27
1782638317573,6,98,45,463.02
1782638317573,7,97,45,459.43
1782638317899,0,99,55,512.65
1782638317899,1,27,15,478.31
1782638317899,2,59,37,476.88
1782638317899,3,87,43,517.04
1782638317899,4,57,25,450.58
1782638317899,5,99,42,484.36
1782638317899,6,100,39,458.46
1782638317899,7,99,52,504.74
1782638318187,0,99,55,636.40
1782638318187,1,99,56,616.36
1782638318187,2,99,55,614.88
1782638318187,3,99,55,609.09
1782638318187,4,99,51,589.58
1782638318187,5,99,53,613.77
1782638318187,6,99,53,588.15
1782638318187,7,99,52,590.99
1782638318475,0,99,55,610.00
1782638318475,1,99,55,585.35
1782638318475,2,99,55,586.65
1782638318475,3,99,54,595.00
1782638318475,4,99,51,565.48
1782638318475,5,99,53,577.84
1782638318475,6,99,53,547.21
1782638318475,7,99,51,561.51
1782638318762,0,99,55,607.42
1782638318762,1,99,56,613.52
1782638318762,2,99,55,609.94
1782638318762,3,99,55,596.83
1782638318762,4,99,53,564.20
1782638318762,5,99,52,597.45
1782638318762,6,99,52,552.12
1782638318762,7,99,53,564.09
1782638319051,0,99,57,627.24
1782638319051,1,62,38,597.89
1782638319051,2,99,58,593.08
1782638319051,3,93,51,611.41
1782638319051,4,99,52,567.79
1782638319051,5,83,45,571.55
1782638319051,6,99,51,543.84
1782638319051,7,99,54,556.56
1782638319367,0,97,45,625.14
1782638319367,1,89,42,614.46
1782638319367,2,97,45,608.40
1782638319367,3,97,51,618.82
1782638319367,4,97,47,604.58
1782638319367,5,97,47,609.73
1782638319367,6,98,49,594.84
1782638319367,7,98,47,599.42
1782638319706,0,99,51,626.44
1782638319706,1,99,49,615.72
1782638319706,2,97,45,616.31
1782638319706,3,94,57,626.56
1782638319706,4,93,52,615.67
1782638319706,5,99,55,628.28
1782638319706,6,94,55,609.60
1782638319706,7,99,57,615.30
1782638319998,0,99,55,623.24
1782638319998,1,99,54,606.88
1782638319998,2,98,54,611.27
1782638319998,3,99,57,635.34
1782638319998,4,99,56,621.16
1782638319998,5,99,56,640.85
1782638319998,6,99,58,635.07
1782638319998,7,99,57,639.09
1782638320292,0,99,55,621.68
1782638320292,1,99,55,604.48
1782638320292,2,98,53,613.87
1782638320292,3,99,57,639.53
1782638320292,4,99,56,635.84
1782638320292,5,99,55,656.46
1782638320292,6,99,58,634.07
1782638320292,7,99,57,626.09
1782638320582,0,99,54,594.26
1782638320582,1,99,54,575.96
1782638320582,2,99,53,573.04
1782638320582,3,99,57,620.10
1782638320582,4,99,56,606.54
1782638320582,5,99,55,644.11
1782638320582,6,99,58,610.31
1782638320582,7,99,55,610.49
1782638320876,0,99,54,561.08
1782638320876,1,39,36,519.58
1782638320876,2,98,53,525.41
1782638320876,3,34,29,573.61
1782638320876,4,83,49,550.97
1782638320876,5,38,36,584.22
1782638320876,6,49,40,544.47
1782638320876,7,65,39,544.22
1782638321162,0,98,47,538.84
1782638321162,1,98,46,535.91
1782638321162,2,98,48,532.62
1782638321162,3,97,47,553.46
1782638321162,4,98,47,547.40
1782638321162,5,98,48,579.05
1782638321162,6,86,41,546.36
1782638321162,7,98,47,545.36
1782638321446,0,69,39,560.00
1782638321446,1,85,47,571.12
1782638321446,2,98,48,532.27
1782638321446,3,98,45,545.21
1782638321446,4,4,4,539.35
1782638321446,5,99,44,528.97
1782638321446,6,98,47,521.00
1782638321446,7,0,0,522.32
1782638321854,0,0,0,446.51
1782638321854,1,0,0,449.89
1782638321854,2,0,0,433.96
1782638321854,3,3,4,439.21
1782638321854,4,3,4,434.42
1782638321854,5,3,4,420.13
1782638321854,6,0,0,419.26
1782638321854,7,3,4,421.33
1782638322222,0,94,20,366.00
1782638322222,1,100,5,362.19
1782638322222,2,83,21,358.93
1782638322222,3,99,47,350.33
1782638322222,4,83,43,341.88
1782638322222,5,99,53,346.41
1782638322222,6,99,53,329.97
1782638322222,7,99,56,347.48
1782638322518,0,99,55,356.48
1782638322518,1,99,55,334.68
1782638322518,2,99,54,370.87
1782638322518,3,99,55,356.62
1782638322518,4,99,54,367.01
1782638322518,5,99,55,386.53
1782638322518,6,99,55,361.07
1782638322518,7,99,55,378.05
1782638322820,0,99,55,500.59
1782638322820,1,99,55,470.17
1782638322820,2,99,55,518.99
1782638322820,3,99,55,502.59
1782638322820,4,99,55,518.24
1782638322820,5,99,55,537.27
1782638322820,6,99,56,506.17
1782638322820,7,99,54,521.95
1782638323124,0,99,55,621.32
1782638323124,1,99,55,595.27
1782638323124,2,99,56,606.32
1782638323124,3,99,55,613.76
1782638323124,4,99,57,615.61
1782638323124,5,99,56,627.20
1782638323124,6,99,57,597.61
1782638323124,7,99,56,612.42
1782638323429,0,99,57,626.91
1782638323429,1,99,54,614.29
1782638323429,2,99,55,605.06
1782638323429,3,99,56,617.60
1782638323429,4,99,55,609.30
1782638323429,5,100,58,612.32
1782638323429,6,99,55,587.58
1782638323429,7,99,55,602.86
1782638323741,0,97,47,637.48
1782638323741,1,97,46,636.29
1782638323741,2,97,47,630.27
1782638323741,3,98,47,637.84
1782638323741,4,97,47,636.13
1782638323741,5,98,47,645.64
1782638323741,6,98,47,624.40
1782638323741,7,98,46,635.36
1782638324040,0,97,46,655.03
1782638324040,1,94,61,657.97
1782638324040,2,97,47,652.41
1782638324040,3,94,54,656.44
1782638324040,4,97,47,654.82
1782638324040,5,94,56,657.84
1782638324040,6,93,52,644.69
1782638324040,7,98,46,651.53
1782638324354,0,99,55,655.61
1782638324354,1,99,54,650.73
1782638324354,2,99,56,647.64
1782638324354,3,99,55,655.93
1782638324354,4,99,55,652.09
1782638324354,5,99,56,658.04
1782638324354,6,99,56,646.69
1782638324354,7,99,55,652.65
1782638324654,0,99,57,655.68
1782638324654,1,99,54,637.89
1782638324654,2,99,57,639.97
1782638324654,3,99,56,646.60
1782638324654,4,99,55,642.35
1782638324654,5,99,55,655.68
1782638324654,6,99,56,633.72
1782638324654,7,99,56,640.14
1782638324956,0,99,56,626.50
1782638324956,1,99,55,608.98
1782638324956,2,99,55,608.96
1782638324956,3,99,56,615.18
1782638324956,4,99,54,614.84
1782638324956,5,99,55,628.86
1782638324956,6,99,57,600.84
1782638324956,7,99,55,615.73
1782638325375,0,99,55,630.02
1782638325375,1,99,55,614.18
1782638325375,2,99,55,612.38
1782638325375,3,99,56,606.80
1782638325375,4,99,55,622.82
1782638325375,5,99,56,626.89
1782638325375,6,99,55,600.26
1782638325375,7,99,54,618.20
1782638325682,0,89,43,633.92
1782638325682,1,98,46,630.53
1782638325682,2,89,45,626.82
1782638325682,3,98,47,643.26
1782638325682,4,98,48,631.62
1782638325682,5,98,47,644.06
1782638325682,6,98,47,624.09
1782638325682,7,98,47,630.48
1782638325981,0,98,46,659.83
1782638325981,1,97,46,653.36
1782638325981,2,98,46,655.09
1782638325981,3,94,59,660.40
1782638325981,4,93,49,655.03
1782638325981,5,98,46,665.45
1782638325981,6,97,46,640.61
1782638325981,7,94,52,645.81
1782638326299,0,99,54,652.60
1782638326299,1,99,55,644.59
1782638326299,2,100,51,642.98
1782638326299,3,99,55,656.73
1782638326299,4,99,53,641.43
1782638326299,5,99,56,664.47
1782638326299,6,99,56,643.83
1782638326299,7,99,56,644.81
1782638326602,0,99,57,646.55
1782638326602,1,99,55,639.61
1782638326602,2,99,57,641.44
1782638326602,3,99,57,645.43
1782638326602,4,99,55,639.17
1782638326602,5,99,55,650.81
1782638326602,6,99,56,625.28
1782638326602,7,99,56,628.42
1782638326904,0,99,55,617.47
1782638326904,1,99,55,609.14
1782638326904,2,99,55,609.48
1782638326904,3,99,54,613.72
1782638326904,4,99,55,607.89
1782638326904,5,99,55,622.72
1782638326904,6,99,54,598.35
1782638326904,7,99,55,607.57
1782638327205,0,99,54,628.37
1782638327205,1,99,55,616.57
1782638327205,2,99,55,613.80
1782638327205,3,99,55,621.17
1782638327205,4,99,55,616.00
1782638327205,5,99,54,627.19
1782638327205,6,99,55,607.71
1782638327205,7,99,55,619.71
1782638327508,0,98,48,630.36
1782638327508,1,97,47,616.34
1782638327508,2,99,54,615.89
1782638327508,3,90,50,623.74
1782638327508,4,100,58,626.36
1782638327508,5,90,45,630.07
1782638327508,6,91,50,612.52
1782638327508,7,97,45,630.70
1782638327809,0,98,47,658.85
1782638327809,1,98,46,650.79
1782638327809,2,98,47,642.90
1782638327809,3,98,46,654.48
1782638327809,4,98,47,645.33
1782638327809,5,98,47,659.80
1782638327809,6,97,46,650.55
1782638327809,7,97,46,663.71
1782638328110,0,99,53,659.59
1782638328110,1,99,51,656.67
1782638328110,2,96,45,645.75
1782638328110,3,99,53,654.91
1782638328110,4,99,54,649.25
1782638328110,5,99,52,658.65
1782638328110,6,100,53,641.56
1782638328110,7,99,55,652.03
1782638328415,0,99,54,669.20
1782638328415,1,99,55,665.94
1782638328415,2,99,55,653.66
1782638328415,3,99,54,663.75
1782638328415,4,99,55,651.10
1782638328415,5,99,56,659.86
1782638328415,6,99,55,640.57
1782638328415,7,99,56,651.11
1782638328719,0,99,55,634.18
1782638328719,1,99,56,637.98
1782638328719,2,99,55,617.10
1782638328719,3,99,57,635.92
1782638328719,4,99,55,622.28
1782638328719,5,99,55,628.18
1782638328719,6,99,55,607.64
1782638328719,7,99,56,617.57
1782638329020,0,99,55,626.58
1782638329020,1,99,54,617.01
1782638329020,2,99,55,614.13
1782638329020,3,99,55,625.48
1782638329020,4,99,57,618.79
1782638329020,5,99,56,622.77
1782638329020,6,99,55,606.84
1782638329020,7,99,55,616.43
1782638329321,0,99,57,615.23
1782638329321,1,99,54,617.42
1782638329321,2,100,58,582.09
1782638329321,3,99,54,611.50
1782638329321,4,84,65,584.62
1782638329321,5,99,54,587.94
1782638329321,6,99,56,579.68
1782638329321,7,67,55,583.44
1782638329626,0,70,33,589.40
1782638329626,1,50,24,579.61
1782638329626,2,69,34,581.85
1782638329626,3,98,46,587.09
1782638329626,4,98,47,585.26
1782638329626,5,98,46,595.74
1782638329626,6,98,45,584.22
1782638329626,7,98,47,590.23
1782638329925,0,98,46,617.77
1782638329925,1,98,45,610.41
1782638329925,2,97,47,610.59
1782638329925,3,98,47,622.92
1782638329925,4,97,45,606.00
1782638329925,5,98,46,619.17
1782638329925,6,98,47,612.68
1782638329925,7,95,53,612.08
1782638330231,0,99,51,611.07
1782638330231,1,100,54,609.93
1782638330231,2,99,54,612.36
1782638330231,3,99,55,614.26
1782638330231,4,99,53,611.45
1782638330231,5,99,55,619.74
1782638330231,6,99,54,607.22
1782638330231,7,99,55,610.93
1782638330529,0,99,53,659.07
1782638330529,1,99,55,664.03
1782638330529,2,99,55,651.07
1782638330529,3,99,55,657.45
1782638330529,4,99,55,652.41
1782638330529,5,99,54,660.69
1782638330529,6,99,55,645.99
1782638330529,7,99,55,652.47
1782638330830,0,99,55,620.27
1782638330830,1,99,56,619.86
1782638330830,2,99,54,616.68
1782638330830,3,99,56,617.37
1782638330830,4,99,56,618.77
1782638330830,5,99,55,628.66
1782638330830,6,99,55,600.81
1782638330830,7,99,55,611.82
1782638331244,0,99,56,631.34
1782638331244,1,99,55,620.55
1782638331244,2,99,56,618.13
1782638331244,3,99,55,618.69
1782638331244,4,99,57,624.05
1782638331244,5,99,56,629.45
1782638331244,6,99,54,609.15
1782638331244,7,99,55,618.61
1782638331550,0,98,47,627.89
1782638331550,1,97,46,625.94
1782638331550,2,98,48,622.19
1782638331550,3,91,48,625.89
1782638331550,4,98,46,630.57
1782638331550,5,87,45,643.03
1782638331550,6,92,49,615.63
1782638331550,7,98,46,624.66
1782638331852,0,98,47,654.98
1782638331852,1,98,46,656.57
1782638331852,2,98,47,656.09
1782638331852,3,97,46,655.42
1782638331852,4,97,45,659.47
1782638331852,5,98,47,676.20
1782638331852,6,98,46,651.03
1782638331852,7,98,46,658.65
1782638332151,0,99,53,652.38
1782638332151,1,99,56,650.34
1782638332151,2,99,53,642.15
1782638332151,3,100,56,653.47
1782638332151,4,99,55,653.30
1782638332151,5,99,52,661.30
1782638332151,6,100,59,639.98
1782638332151,7,99,56,649.73
1782638332453,0,99,55,666.00
1782638332453,1,99,55,653.12
1782638332453,2,99,55,647.05
1782638332453,3,99,56,659.03
1782638332453,4,99,55,655.02
1782638332453,5,99,54,663.37
1782638332453,6,99,55,644.69
1782638332453,7,99,55,654.87
1782638332755,0,99,55,638.57
1782638332755,1,99,55,623.47
1782638332755,2,99,56,614.54
1782638332755,3,99,55,625.03
1782638332755,4,99,56,629.98
1782638332755,5,99,55,634.12
1782638332755,6,99,55,608.73
1782638332755,7,99,54,623.86
1782638333056,0,99,55,628.06
1782638333056,1,99,55,621.03
1782638333056,2,99,56,614.75
1782638333056,3,99,55,619.72
1782638333056,4,99,56,624.78
1782638333056,5,99,55,630.70
1782638333056,6,99,56,607.66
1782638333056,7,99,55,620.65
1782638333356,0,99,56,625.14
1782638333356,1,99,55,613.14
1782638333356,2,99,56,613.32
1782638333356,3,99,55,610.56
1782638333356,4,91,51,620.98
1782638333356,5,99,56,623.30
1782638333356,6,99,54,598.45
1782638333356,7,91,50,610.53
1782638333658,0,98,46,643.97
1782638333658,1,98,46,647.28
1782638333658,2,98,47,644.59
1782638333658,3,98,47,639.46
1782638333658,4,97,46,652.14
1782638333658,5,98,47,654.55
1782638333658,6,98,47,633.22
1782638333658,7,98,47,639.64
1782638333958,0,94,55,660.82
1782638333958,1,93,53,653.81
1782638333958,2,94,55,652.10
1782638333958,3,98,46,656.81
1782638333958,4,94,62,657.33
1782638333958,5,99,45,663.86
1782638333958,6,98,47,643.08
1782638333958,7,100,52,644.66
1782638334255,0,99,55,658.67
1782638334255,1,99,55,654.63
1782638334255,2,99,55,650.71
1782638334255,3,99,55,651.64
1782638334255,4,99,56,659.85
1782638334255,5,99,56,671.00
1782638334255,6,99,56,644.34
1782638334255,7,99,56,646.99
1782638334556,0,99,56,655.53
1782638334556,1,99,55,640.57
1782638334556,2,99,57,633.65
1782638334556,3,99,55,649.01
1782638334556,4,99,55,645.71
1782638334556,5,99,56,649.36
1782638334556,6,99,54,628.45
1782638334556,7,99,55,630.68
1782638334862,0,99,54,626.48
1782638334862,1,99,56,616.03
1782638334862,2,99,55,603.42
1782638334862,3,99,55,621.12
1782638334862,4,99,56,614.79
1782638334862,5,99,55,622.93
1782638334862,6,99,56,595.17
1782638334862,7,99,55,604.59
1782638335164,0,99,55,630.79
1782638335164,1,99,54,619.97
1782638335164,2,99,56,612.45
1782638335164,3,99,55,626.15
1782638335164,4,99,56,621.28
1782638335164,5,99,56,626.15
1782638335164,6,99,57,607.35
1782638335164,7,99,55,614.58
1782638335466,0,91,52,630.66
1782638335466,1,98,47,628.30
1782638335466,2,91,51,622.29
1782638335466,3,98,47,632.00
1782638335466,4,90,44,626.49
1782638335466,5,98,47,639.43
1782638335466,6,98,47,621.36
1782638335466,7,93,46,626.99
1782638335766,0,98,46,660.12
1782638335766,1,98,46,665.77
1782638335766,2,97,47,658.15
1782638335766,3,98,47,659.64
1782638335766,4,98,48,664.19
1782638335766,5,98,47,674.21
1782638335766,6,98,47,656.35
1782638335766,7,98,48,663.96
1782638336068,0,95,57,661.22
1782638336068,1,99,56,658.22
1782638336068,2,94,58,652.31
1782638336068,3,99,53,659.43
1782638336068,4,99,50,654.09
1782638336068,5,99,55,661.51
1782638336068,6,99,52,644.79
1782638336068,7,100,51,654.50
1782638336372,0,99,56,662.52
1782638336372,1,99,54,661.58
1782638336372,2,99,56,655.69
1782638336372,3,99,54,652.78
1782638336372,4,99,58,658.23
1782638336372,5,99,55,661.66
1782638336372,6,99,55,632.51
1782638336372,7,99,55,645.34
1782638336706,0,99,54,629.62
1782638336706,1,99,54,626.88
1782638336706,2,99,55,607.57
1782638336706,3,99,54,623.62
1782638336706,4,99,56,614.76
1782638336706,5,99,54,620.93
1782638336706,6,99,55,595.20
1782638336706,7,99,54,614.65
1782638337097,0,99,55,627.76
1782638337097,1,99,55,621.94
1782638337097,2,99,56,614.32
1782638337097,3,99,55,625.26
1782638337097,4,99,56,625.47
1782638337097,5,99,55,630.65
1782638337097,6,99,57,605.91
1782638337097,7,99,54,618.48
1782638337400,0,59,49,582.27
1782638337400,1,80,61,570.79
1782638337400,2,61,51,566.12
1782638337400,3,91,45,582.66
1782638337400,4,22,12,574.08
1782638337400,5,94,64,584.07
1782638337400,6,99,58,572.64
1782638337400,7,36,17,583.78
1782638337703,0,98,47,613.48
1782638337703,1,98,46,601.36
1782638337703,2,98,48,601.56
1782638337703,3,98,47,615.37
1782638337703,4,98,46,599.41
1782638337703,5,98,46,618.66
1782638337703,6,98,46,604.70
1782638337703,7,98,47,612.72
1782638338003,0,95,52,620.95
1782638338003,1,95,47,609.94
1782638338003,2,95,53,614.80
1782638338003,3,99,53,624.02
1782638338003,4,95,59,609.80
1782638338003,5,98,45,628.47
1782638338003,6,98,47,606.78
1782638338003,7,100,60,612.09
1782638338307,0,99,55,648.32
1782638338307,1,99,55,631.07
1782638338307,2,99,55,626.87
1782638338307,3,99,54,672.00
1782638338307,4,99,55,623.91
1782638338307,5,99,55,658.97
1782638338307,6,99,56,659.26
1782638338307,7,99,54,662.42
1782638338609,0,99,55,642.05
1782638338609,1,99,55,640.63
1782638338609,2,99,55,638.89
1782638338609,3,99,56,642.91
1782638338609,4,99,56,640.50
1782638338609,5,99,55,649.50
1782638338609,6,99,55,624.67
1782638338609,7,99,56,627.22
1782638338910,0,99,55,619.98
1782638338910,1,99,56,607.08
1782638338910,2,99,56,606.59
1782638338910,3,99,57,623.61
1782638338910,4,99,55,608.45
1782638338910,5,99,55,626.65
1782638338910,6,99,55,603.64
1782638338910,7,99,56,609.84
1782638339211,0,99,55,627.84
1782638339211,1,99,54,617.25
1782638339211,2,99,55,614.27
1782638339211,3,99,55,624.07
1782638339211,4,99,56,602.30
1782638339211,5,99,55,634.56
1782638339211,6,99,55,603.78
1782638339211,7,99,55,606.66
1782638339517,0,98,46,641.71
1782638339517,1,98,46,629.29
1782638339517,2,91,53,624.57
1782638339517,3,98,47,642.04
1782638339517,4,97,47,636.81
1782638339517,5,98,48,648.80
1782638339517,6,98,47,633.22
1782638339517,7,97,46,636.12
1782638339829,0,98,46,668.43
1782638339829,1,97,46,662.79
1782638339829,2,98,47,651.64
1782638339829,3,93,54,663.48
1782638339829,4,97,47,652.06
1782638339829,5,93,54,661.63
1782638339829,6,96,45,654.96
1782638339829,7,98,47,655.53
1782638340140,0,99,55,670.76
1782638340140,1,99,57,659.46
1782638340140,2,99,56,653.71
1782638340140,3,99,56,661.33
1782638340140,4,99,56,659.52
1782638340140,5,99,55,657.72
1782638340140,6,99,54,649.71
1782638340140,7,99,56,655.76
1782638340444,0,99,56,663.81
1782638340444,1,99,55,648.14
1782638340444,2,99,55,645.82
1782638340444,3,99,55,654.18
1782638340444,4,99,57,649.22
1782638340444,5,99,56,651.21
1782638340444,6,99,55,640.59
1782638340444,7,99,55,646.12
1782638340747,0,99,54,631.33
1782638340747,1,99,54,619.31
1782638340747,2,99,55,615.15
1782638340747,3,99,54,622.00
1782638340747,4,99,56,611.47
1782638340747,5,99,54,615.74
1782638340747,6,99,55,601.70
1782638340747,7,99,55,608.52
1782638341049,0,99,55,625.79
1782638341049,1,99,55,619.27
1782638341049,2,99,56,616.48
1782638341049,3,99,55,618.83
1782638341049,4,99,56,615.04
1782638341049,5,99,55,626.30
1782638341049,6,99,57,608.57
1782638341049,7,99,55,612.97
1782638341351,0,91,50,624.88
1782638341351,1,91,50,622.34
1782638341351,2,90,49,619.87
1782638341351,3,92,54,622.74
1782638341351,4,98,48,614.60
1782638341351,5,91,53,630.90
1782638341351,6,100,58,614.28
1782638341351,7,98,47,619.23
1782638341652,0,98,46,657.13
1782638341652,1,97,46,651.76
1782638341652,2,98,48,647.25
1782638341652,3,98,46,652.61
1782638341652,4,97,46,645.06
1782638341652,5,98,47,664.38
1782638341652,6,97,46,645.26
1782638341652,7,98,46,649.38
1782638341972,0,100,51,661.14
1782638341972,1,100,52,650.38
1782638341972,2,100,54,647.82
1782638341972,3,94,59,653.63
1782638341972,4,99,54,643.27
1782638341972,5,94,58,663.07
1782638341972,6,94,57,647.08
1782638341972,7,99,55,644.05
1782638342275,0,99,55,673.51
1782638342275,1,99,54,660.53
1782638342275,2,99,56,656.37
1782638342275,3,99,55,668.41
1782638342275,4,99,55,652.90
1782638342275,5,99,56,671.27
1782638342275,6,99,57,660.15
1782638342275,7,99,55,655.51
1782638342574,0,99,57,632.15
1782638342574,1,99,55,627.22
1782638342574,2,99,56,610.90
1782638342574,3,99,56,626.28
1782638342574,4,99,55,612.22
1782638342574,5,99,55,631.66
1782638342574,6,99,56,610.96
1782638342574,7,99,56,613.63
1782638342937,0,99,56,625.95
1782638342937,1,99,55,619.81
1782638342937,2,99,55,614.89
1782638342937,3,99,54,623.61
1782638342937,4,99,54,614.97
1782638342937,5,99,55,631.78
1782638342937,6,99,55,606.96
1782638342937,7,99,55,615.32
1782638343242,0,99,54,622.88
1782638343242,1,99,55,608.44
1782638343242,2,99,54,614.34
1782638343242,3,91,49,619.34
1782638343242,4,99,56,615.42
1782638343242,5,90,47,629.99
1782638343242,6,92,50,603.16
1782638343242,7,97,57,615.03
1782638343541,0,98,46,649.60
1782638343541,1,97,45,638.71
1782638343541,2,97,47,645.98
1782638343541,3,98,47,647.93
1782638343541,4,98,48,643.03
1782638343541,5,98,47,660.11
1782638343541,6,98,47,636.78
1782638343541,7,97,47,645.84
1782638343836,0,99,45,659.54
1782638343836,1,98,47,656.96
1782638343836,2,99,46,651.81
1782638343836,3,100,58,653.78
1782638343836,4,93,55,652.41
1782638343836,5,99,53,663.47
1782638343836,6,100,59,650.09
1782638343836,7,94,56,651.56
1782638344137,0,99,56,659.78
1782638344137,1,99,55,653.48
1782638344137,2,99,55,655.77
1782638344137,3,99,55,651.16
1782638344137,4,99,54,665.02
1782638344137,5,99,55,668.92
1782638344137,6,99,55,651.73
1782638344137,7,99,55,661.54
1782638344442,0,99,54,648.59
1782638344442,1,99,55,644.26
1782638344442,2,99,54,639.62
1782638344442,3,99,55,637.39
1782638344442,4,99,55,642.40
1782638344442,5,99,56,640.22
1782638344442,6,99,55,633.44
1782638344442,7,99,56,631.84
1782638344744,0,99,55,630.08
1782638344744,1,99,57,618.20
1782638344744,2,99,55,613.28
1782638344744,3,99,57,619.44
1782638344744,4,99,55,621.79
1782638344744,5,99,55,625.10
1782638344744,6,99,55,602.91
1782638344744,7,99,57,612.80
1782638345048,0,99,55,629.72
1782638345048,1,99,54,619.59
1782638345048,2,99,55,614.37
1782638345048,3,99,55,621.97
1782638345048,4,99,56,619.40
1782638345048,5,99,54,629.50
1782638345048,6,99,55,611.50
1782638345048,7,99,55,616.47
1782638345352,0,57,23,582.64
1782638345352,1,37,14,580.52
1782638345352,2,48,24,571.06
1782638345352,3,31,30,576.99
1782638345352,4,98,47,573.97
1782638345352,5,23,14,585.48
1782638345352,6,45,38,563.21
1782638345352,7,98,47,572.64
1782638345655,0,98,46,611.92
1782638345655,1,98,46,610.71
1782638345655,2,97,47,600.90
1782638345655,3,98,46,605.88
1782638345655,4,98,46,604.54
1782638345655,5,98,46,613.84
1782638345655,6,98,46,597.24
1782638345655,7,98,46,606.50
1782638345954,0,100,52,613.60
1782638345954,1,97,64,610.03
1782638345954,2,100,57,605.41
1782638345954,3,95,56,609.40
1782638345954,4,99,55,614.74
1782638345954,5,95,57,610.07
1782638345954,6,95,56,599.74
1782638345954,7,99,54,610.21
1782638346253,0,99,55,659.20
1782638346253,1,99,56,662.45
1782638346253,2,99,54,656.70
1782638346253,3,99,55,659.65
1782638346253,4,99,55,671.30
1782638346253,5,99,55,669.61
1782638346253,6,99,56,655.50
1782638346253,7,99,54,664.17
1782638346555,0,99,55,647.02
1782638346555,1,99,54,632.34
1782638346555,2,99,56,626.75
1782638346555,3,99,55,636.39
1782638346555,4,99,56,640.36
1782638346555,5,99,56,642.07
1782638346555,6,99,57,625.05
1782638346555,7,99,56,632.13
1782638346857,0,99,56,628.14
1782638346857,1,99,55,624.89
1782638346857,2,99,56,605.18
1782638346857,3,99,57,617.97
1782638346857,4,99,55,619.51
1782638346857,5,99,55,629.03
1782638346857,6,99,56,607.22
1782638346857,7,99,55,611.93
1782638347153,0,99,55,630.26
1782638347153,1,99,54,611.55
1782638347153,2,99,55,606.14
1782638347153,3,99,54,620.00
1782638347153,4,99,54,615.20
1782638347153,5,99,55,619.76
1782638347153,6,99,54,607.97
1782638347153,7,100,58,613.29
1782638347464,0,97,47,639.04
1782638347464,1,98,46,639.48
1782638347464,2,97,48,629.30
1782638347464,3,98,47,636.21
1782638347464,4,98,47,639.04
1782638347464,5,98,47,649.72
1782638347464,6,98,47,631.39
1782638347464,7,98,47,636.56
1782638347766,0,98,46,658.83
1782638347766,1,98,46,654.07
1782638347766,2,98,46,647.37
1782638347766,3,98,46,659.34
1782638347766,4,93,54,649.73
1782638347766,5,98,46,662.65
1782638347766,6,98,47,651.55
1782638347766,7,94,54,653.36
1782638348087,0,100,52,655.96
1782638348087,1,99,54,648.08
1782638348087,2,100,52,647.14
1782638348087,3,99,56,654.63
1782638348087,4,99,55,660.40
1782638348087,5,99,55,665.67
1782638348087,6,99,55,651.12
1782638348087,7,99,57,657.10
1782638348450,0,99,55,650.02
1782638348450,1,99,55,634.42
1782638348450,2,99,55,634.31
1782638348450,3,99,55,635.97
1782638348450,4,99,55,638.69
1782638348450,5,99,54,641.94
1782638348450,6,99,56,624.98
1782638348450,7,99,54,634.65
1782638348784,0,99,55,620.39
1782638348784,1,99,55,621.22
1782638348784,2,99,55,615.91
1782638348784,3,99,56,613.57
1782638348784,4,99,55,625.39
1782638348784,5,99,55,624.81
1782638348784,6,99,55,599.12
1782638348784,7,99,55,614.37
1782638349088,0,99,55,630.12
1782638349088,1,99,54,628.71
1782638349088,2,99,55,618.52
1782638349088,3,99,55,608.70
1782638349088,4,99,55,626.01
1782638349088,5,99,55,624.68
1782638349088,6,99,55,603.79
1782638349088,7,99,56,617.18
1782638349394,0,98,47,638.01
1782638349394,1,98,47,640.94
1782638349394,2,97,48,631.66
1782638349394,3,89,44,645.53
1782638349394,4,98,47,636.81
1782638349394,5,97,48,639.04
1782638349394,6,91,47,622.95
1782638349394,7,98,47,628.94
1782638349693,0,98,46,662.70
1782638349693,1,93,43,660.53
1782638349693,2,98,47,657.62
1782638349693,3,98,47,662.77
1782638349693,4,97,47,666.10
1782638349693,5,98,46,661.54
1782638349693,6,98,47,658.38
1782638349693,7,97,47,660.53
1782638349995,0,99,54,654.85
1782638349995,1,99,52,653.64
1782638349995,2,99,54,650.26
1782638349995,3,99,53,655.21
1782638349995,4,99,55,655.68
1782638349995,5,99,53,656.56
1782638349995,6,99,51,648.01
1782638349995,7,99,55,653.25
1782638350291,0,99,55,657.39
1782638350291,1,99,53,648.25
1782638350291,2,99,55,650.40
1782638350291,3,99,55,660.91
1782638350291,4,99,56,655.51
1782638350291,5,99,55,654.79
1782638350291,6,99,54,647.48
1782638350291,7,99,56,652.91
1782638350594,0,99,55,631.09
1782638350594,1,99,55,617.78
1782638350594,2,99,56,618.57
1782638350594,3,99,56,619.16
1782638350594,4,99,54,625.70
1782638350594,5,99,55,623.04
1782638350594,6,99,55,613.45
1782638350594,7,99,55,622.47
1782638350897,0,99,55,624.00
1782638350897,1,99,56,622.90
1782638350897,2,99,55,612.86
1782638350897,3,99,56,626.96
1782638350897,4,99,56,622.55
1782638350897,5,99,55,625.90
1782638350897,6,99,55,602.93
1782638350897,7,99,54,614.32
1782638351195,0,92,53,616.77
1782638351195,1,100,58,619.25
1782638351195,2,91,53,610.63
1782638351195,3,99,54,611.77
1782638351195,4,90,50,619.08
1782638351195,5,99,55,629.71
1782638351195,6,99,56,601.49
1782638351195,7,90,43,608.52
1782638351491,0,98,46,646.40
1782638351491,1,98,46,654.30
1782638351491,2,97,47,639.68
1782638351491,3,98,47,644.77
1782638351491,4,97,46,647.41
1782638351491,5,98,47,658.70
1782638351491,6,98,46,636.48
1782638351491,7,97,46,638.43
1782638351789,0,94,53,657.95
1782638351789,1,94,54,653.15
1782638351789,2,93,57,646.57
1782638351789,3,92,44,650.65
1782638351789,4,99,51,646.90
1782638351789,5,93,51,666.34
1782638351789,6,99,45,639.95
1782638351789,7,100,57,651.19
1782638352095,0,99,56,654.58
1782638352095,1,99,56,656.17
1782638352095,2,99,55,644.24
1782638352095,3,99,57,651.52
1782638352095,4,99,55,641.49
1782638352095,5,99,55,669.39
1782638352095,6,99,55,644.07
1782638352095,7,99,56,648.26
1782638352396,0,99,55,642.01
1782638352396,1,99,54,634.45
1782638352396,2,99,55,626.67
1782638352396,3,99,55,627.96
1782638352396,4,99,56,626.75
1782638352396,5,99,55,647.56
1782638352396,6,99,54,618.83
1782638352396,7,99,55,627.50
1782638352701,0,99,54,622.01
1782638352701,1,99,55,617.43
1782638352701,2,99,55,607.70
1782638352701,3,99,55,619.36
1782638352701,4,99,55,610.52
1782638352701,5,99,55,623.50
1782638352701,6,99,55,601.75
1782638352701,7,99,55,615.00
1782638353005,0,99,55,620.00
1782638353005,1,99,57,625.80
1782638353005,2,99,55,613.39
1782638353005,3,100,57,610.52
1782638353005,4,99,55,622.36
1782638353005,5,99,55,628.74
1782638353005,6,99,55,589.97
1782638353005,7,99,55,601.69
1782638353319,0,98,47,587.74
1782638353319,1,97,47,574.87
1782638353319,2,75,58,568.54
1782638353319,3,66,29,583.02
1782638353319,4,25,22,571.66
1782638353319,5,74,37,578.14
1782638353319,6,52,19,565.77
1782638353319,7,98,46,575.57
1782638353619,0,98,47,612.70
1782638353619,1,98,47,604.97
1782638353619,2,97,47,595.99
1782638353619,3,98,47,612.21
1782638353619,4,98,47,611.73
1782638353619,5,98,47,611.76
1782638353619,6,98,47,602.40
1782638353619,7,98,47,610.67
1782638353928,0,99,54,608.06
1782638353928,1,99,52,606.50
1782638353928,2,99,53,596.55
1782638353928,3,99,56,607.77
1782638353928,4,99,54,599.01
1782638353928,5,99,53,616.85
1782638353928,6,100,54,593.84
1782638353928,7,99,54,606.66
1782638354299,0,99,55,652.46
1782638354299,1,99,55,653.79
1782638354299,2,99,54,645.46
1782638354299,3,99,56,649.44
1782638354299,4,99,55,649.71
1782638354299,5,99,57,664.69
1782638354299,6,99,55,642.34
1782638354299,7,99,55,646.35
1782638354610,0,99,55,626.58
1782638354610,1,99,57,624.43
1782638354610,2,99,55,616.25
1782638354610,3,99,55,620.32
1782638354610,4,99,55,618.45
1782638354610,5,99,55,635.49
1782638354610,6,99,55,599.31
1782638354610,7,99,56,610.53
1782638354911,0,99,56,631.68
1782638354911,1,99,55,617.13
1782638354911,2,99,56,616.34
1782638354911,3,99,55,623.45
1782638354911,4,99,57,616.20
1782638354911,5,99,56,628.30
1782638354911,6,99,55,607.21
1782638354911,7,99,55,617.89
1782638355209,0,99,57,629.92
1782638355209,1,99,54,615.82
1782638355209,2,100,58,610.21
1782638355209,3,98,48,627.62
1782638355209,4,91,50,607.23
1782638355209,5,99,54,629.60
1782638355209,6,99,56,617.17
1782638355209,7,91,50,620.03
1782638355511,0,98,46,656.61
1782638355511,1,98,46,648.31
1782638355511,2,98,47,636.97
1782638355511,3,97,47,653.73
1782638355511,4,98,46,639.39
1782638355511,5,98,46,659.94
1782638355511,6,98,47,638.88
1782638355511,7,97,46,648.17
1782638355808,0,93,53,654.25
1782638355808,1,93,52,654.42
1782638355808,2,93,54,647.38
1782638355808,3,99,54,657.01
1782638355808,4,99,53,649.82
1782638355808,5,95,44,667.03
1782638355808,6,98,47,646.12
1782638355808,7,100,59,645.40
1782638356109,0,99,57,667.65
1782638356109,1,99,55,653.55
1782638356109,2,99,56,644.99
1782638356109,3,99,55,664.85
1782638356109,4,99,57,650.26
1782638356109,5,99,56,663.92
1782638356109,6,99,55,650.89
1782638356109,7,99,55,654.10
1782638356410,0,99,54,640.25
1782638356410,1,99,54,636.64
1782638356410,2,99,55,628.08
1782638356410,3,99,55,636.48
1782638356410,4,99,55,635.57
1782638356410,5,99,54,650.25
1782638356410,6,99,55,615.97
1782638356410,7,99,55,623.48
1782638356729,0,99,55,629.68
1782638356729,1,99,55,615.07
1782638356729,2,99,56,608.41
1782638356729,3,99,55,619.36
1782638356729,4,99,56,620.09
1782638356729,5,99,55,628.98
1782638356729,6,99,56,606.67
1782638356729,7,99,56,616.05
1782638357032,0,99,57,627.96
1782638357032,1,99,55,620.71
1782638357032,2,99,57,601.26
1782638357032,3,99,55,614.24
1782638357032,4,99,55,608.17
1782638357032,5,100,58,618.63
1782638357032,6,99,55,596.02
1782638357032,7,99,56,606.39
1782638357330,0,98,46,642.29
1782638357330,1,98,46,633.92
1782638357330,2,88,50,626.51
1782638357330,3,98,46,640.92
1782638357330,4,98,46,635.25
1782638357330,5,98,47,648.31
1782638357330,6,98,47,628.90
1782638357330,7,98,46,640.45
1782638357631,0,98,47,661.22
1782638357631,1,97,46,659.06
1782638357631,2,97,47,651.74
1782638357631,3,93,53,657.82
1782638357631,4,98,46,652.82
1782638357631,5,94,55,659.32
1782638357631,6,93,50,645.48
1782638357631,7,98,46,654.88
1782638357934,0,99,55,657.60
1782638357934,1,99,54,651.16
1782638357934,2,99,55,650.18
1782638357934,3,99,55,651.80
1782638357934,4,99,57,648.53
1782638357934,5,99,55,655.27
1782638357934,6,99,55,643.98
1782638357934,7,99,55,649.98
1782638358236,0,99,57,653.82
1782638358236,1,99,55,650.07
1782638358236,2,99,57,640.61
1782638358236,3,99,54,648.97
1782638358236,4,99,55,640.22
1782638358236,5,99,54,650.71
1782638358236,6,99,55,636.42
1782638358236,7,99,55,639.60
1782638358536,0,99,55,629.35
1782638358536,1,99,55,621.91
1782638358536,2,99,56,611.09
1782638358536,3,99,55,619.22
1782638358536,4,99,55,611.55
1782638358536,5,99,56,620.11
1782638358536,6,99,55,602.37
1782638358536,7,99,55,608.76
1782638358842,0,99,55,629.96
1782638358842,1,99,55,616.06
1782638358842,2,99,56,616.17
1782638358842,3,99,55,621.67
1782638358842,4,99,56,617.99
1782638358842,5,99,57,626.80
1782638358842,6,99,55,607.97
1782638358842,7,99,55,615.54
1782638359141,0,89,45,626.82
1782638359141,1,90,48,617.31
1782638359141,2,87,45,624.25
1782638359141,3,90,52,625.34
1782638359141,4,98,47,621.82
1782638359141,5,91,50,634.64
1782638359141,6,96,56,620.08
1782638359141,7,98,47,625.75
1782638359446,0,98,46,655.34
1782638359446,1,98,46,648.59
1782638359446,2,97,47,650.00
1782638359446,3,98,46,652.76
1782638359446,4,98,47,653.90
1782638359446,5,98,47,661.65
1782638359446,6,97,46,651.87
1782638359446,7,98,47,653.78
1782638359752,0,99,52,658.31
1782638359752,1,100,54,655.69
1782638359752,2,99,52,649.33
1782638359752,3,99,55,659.74
1782638359752,4,99,56,654.59
1782638359752,5,93,58,662.41
1782638359752,6,99,57,651.20
1782638359752,7,99,55,648.30
1782638360153,0,99,57,662.32
1782638360153,1,99,56,658.85
1782638360153,2,99,57,640.89
1782638360153,3,99,55,659.37
1782638360153,4,99,55,651.92
1782638360153,5,99,57,655.09
1782638360153,6,99,54,638.88
1782638360153,7,99,55,639.81
1782638360455,0,99,55,636.31
1782638360455,1,99,54,622.39
1782638360455,2,99,55,614.82
1782638360455,3,99,55,632.54
1782638360455,4,99,55,618.02
1782638360455,5,99,55,628.88
1782638360455,6,99,54,606.24
1782638360455,7,99,56,615.63
1782638360760,0,99,55,632.78
1782638360760,1,99,54,618.34
1782638360760,2,99,56,614.17
1782638360760,3,99,55,619.94
1782638360760,4,99,56,615.34
1782638360760,5,99,55,627.36
1782638360760,6,99,56,603.99
1782638360760,7,99,56,614.59
1782638361060,0,99,57,596.48
1782638361060,1,99,55,608.40
1782638361060,2,99,56,560.43
1782638361060,3,64,53,580.45
1782638361060,4,100,58,560.63
1782638361060,5,50,42,569.59
1782638361060,6,84,63,548.33
1782638361060,7,94,57,558.16
1782638361345,0,98,46,594.27
1782638361345,1,98,46,586.00
1782638361345,2,97,47,588.39
1782638361345,3,98,47,588.69
1782638361345,4,98,47,582.84
1782638361345,5,98,47,602.25
1782638361345,6,98,47,583.36
1782638361345,7,98,48,594.47
1782638361644,0,98,47,614.97
1782638361644,1,98,46,619.07
1782638361644,2,98,47,608.39
1782638361644,3,94,51,608.93
1782638361644,4,98,46,607.56
1782638361644,5,95,52,616.34
1782638361644,6,99,47,604.44
1782638361644,7,98,46,608.28
1782638361947,0,99,55,611.95
1782638361947,1,99,54,610.11
1782638361947,2,99,55,615.70
1782638361947,3,99,55,610.68
1782638361947,4,99,55,613.40
1782638361947,5,99,55,624.77
1782638361947,6,99,52,614.48
1782638361947,7,99,57,617.54
1782638362247,0,99,55,656.58
1782638362247,1,99,55,655.24
1782638362247,2,99,55,645.81
1782638362247,3,99,55,645.56
1782638362247,4,99,54,649.27
1782638362247,5,99,54,654.26
1782638362247,6,99,56,643.08
1782638362247,7,99,55,640.94
1782638362548,0,98,55,630.45
1782638362548,1,99,55,623.45
1782638362548,2,99,55,611.34
1782638362548,3,99,54,617.60
1782638362548,4,99,55,615.32
1782638362548,5,99,55,621.19
1782638362548,6,99,55,601.99
1782638362548,7,99,54,613.22
1782638362848,0,99,54,628.21
1782638362848,1,99,56,619.49
1782638362848,2,99,56,619.87
1782638362848,3,99,55,618.62
1782638362848,4,99,55,618.24
1782638362848,5,99,55,630.91
1782638362848,6,99,55,609.02
1782638362848,7,99,56,616.90
1782638363149,0,90,50,627.90
1782638363149,1,91,50,610.79
1782638363149,2,88,50,620.80
1782638363149,3,93,54,622.18
1782638363149,4,98,47,621.95
1782638363149,5,91,52,633.43
1782638363149,6,99,57,614.63
1782638363149,7,98,47,622.25
1782638363448,0,98,46,652.77
1782638363448,1,98,45,642.16
1782638363448,2,97,47,649.31
1782638363448,3,98,47,654.54
1782638363448,4,98,47,648.97
1782638363448,5,98,47,664.92
1782638363448,6,98,47,646.13
1782638363448,7,98,47,652.59
1782638363750,0,99,53,651.84
1782638363750,1,100,59,651.77
1782638363750,2,99,55,644.54
1782638363750,3,94,57,657.48
1782638363750,4,99,54,648.76
1782638363750,5,93,62,666.94
1782638363750,6,93,55,649.59
1782638363750,7,99,53,650.58
1782638364052,0,99,55,657.04
1782638364052,1,99,57,650.66
1782638364052,2,99,55,653.11
1782638364052,3,99,55,665.98
1782638364052,4,99,56,660.12
1782638364052,5,99,55,667.94
1782638364052,6,99,56,653.28
1782638364052,7,99,55,657.06
1782638364354,0,99,57,638.24
1782638364354,1,99,55,635.43
1782638364354,2,99,55,625.54
1782638364354,3,99,55,636.63
1782638364354,4,99,55,630.32
1782638364354,5,99,56,638.22
1782638364354,6,99,55,617.26
1782638364354,7,99,55,622.74
1782638364657,0,99,54,626.39
1782638364657,1,99,54,622.17
1782638364657,2,99,55,610.62
1782638364657,3,99,55,619.69
1782638364657,4,99,55,616.20
1782638364657,5,99,55,625.67
1782638364657,6,99,56,605.85
1782638364657,7,99,56,613.88
1782638364960,0,99,55,629.81
1782638364960,1,99,55,608.29
1782638364960,2,89,52,605.40
1782638364960,3,99,55,620.65
1782638364960,4,99,55,608.48
1782638364960,5,99,56,612.22
1782638364960,6,99,56,595.82
1782638364960,7,100,58,602.09
1782638365263,0,98,47,642.05
1782638365263,1,97,45,640.46
1782638365263,2,98,49,628.73
1782638365263,3,98,46,641.89
1782638365263,4,98,46,633.13
1782638365263,5,98,46,644.76
1782638365263,6,98,46,627.38
1782638365263,7,98,46,636.35
1782638365561,0,98,46,658.84
1782638365561,1,98,46,655.44
1782638365561,2,93,65,652.10
1782638365561,3,100,53,654.02
1782638365561,4,93,55,651.16
1782638365561,5,99,54,660.71
1782638365561,6,95,59,645.61
1782638365561,7,93,57,655.71
1782638365975,0,99,55,657.53
1782638365975,1,99,56,664.11
1782638365975,2,99,55,660.97
1782638365975,3,99,55,657.52
1782638365975,4,99,56,656.11
1782638365975,5,99,54,671.04
1782638365975,6,99,55,657.45
1782638365975,7,99,55,666.48
1782638366276,0,99,56,647.11
1782638366276,1,99,55,636.77
1782638366276,2,99,56,638.30
1782638366276,3,99,55,636.22
1782638366276,4,99,57,638.27
1782638366276,5,99,57,639.47
1782638366276,6,99,55,621.32
1782638366276,7,99,55,626.68
1782638366623,0,99,55,627.97
1782638366623,1,99,54,621.69
1782638366623,2,99,55,615.14
1782638366623,3,99,55,621.65
1782638366623,4,99,55,616.62
1782638366623,5,99,55,625.86
1782638366623,6,99,55,603.74
1782638366623,7,99,57,621.09
1782638366928,0,99,54,618.91
1782638366928,1,99,54,622.55
1782638366928,2,99,56,618.90
1782638366928,3,99,56,608.16
1782638366928,4,99,54,611.28
1782638366928,5,99,55,623.46
1782638366928,6,99,57,599.06
1782638366928,7,91,50,611.41
1782638367227,0,98,47,645.77
1782638367227,1,98,46,637.37
1782638367227,2,97,47,629.19
1782638367227,3,97,47,644.92
1782638367227,4,98,46,634.32
1782638367227,5,98,49,641.46
1782638367227,6,98,46,635.15
1782638367227,7,98,46,640.62
1782638367526,0,93,51,658.72
1782638367526,1,93,46,655.32
1782638367526,2,98,48,655.88
1782638367526,3,98,48,664.67
1782638367526,4,93,60,652.36
1782638367526,5,99,46,663.88
1782638367526,6,98,47,649.01
1782638367526,7,100,62,653.60
1782638367837,0,99,54,660.07
1782638367837,1,99,52,650.41
1782638367837,2,99,55,645.19
1782638367837,3,99,55,665.29
1782638367837,4,99,56,656.32
1782638367837,5,99,53,660.90
1782638367837,6,99,56,648.19
1782638367837,7,99,56,654.21
1782638368136,0,99,55,653.38
1782638368136,1,99,55,645.95
1782638368136,2,99,56,636.86
1782638368136,3,99,56,648.38
1782638368136,4,99,56,641.55
1782638368136,5,99,55,649.46
1782638368136,6,99,57,630.64
1782638368136,7,99,56,634.79
1782638368440,0,99,56,625.95
1782638368440,1,99,56,620.22
1782638368440,2,99,54,599.37
1782638368440,3,99,57,616.61
1782638368440,4,99,55,617.42
1782638368440,5,99,55,628.27
1782638368440,6,99,55,602.81
1782638368440,7,99,56,612.81
1782638368743,0,99,55,627.29
1782638368743,1,99,54,623.77
1782638368743,2,99,56,609.95
1782638368743,3,99,55,619.06
1782638368743,4,99,54,616.12
1782638368743,5,99,55,624.26
1782638368743,6,99,54,611.08
1782638368743,7,99,55,619.44
1782638369051,0,94,59,573.00
1782638369051,1,100,57,567.18
1782638369051,2,22,21,566.58
1782638369051,3,38,14,569.83
1782638369051,4,56,47,572.96
1782638369051,5,54,22,580.65
1782638369051,6,25,9,566.88
1782638369051,7,37,34,571.90
1782638369351,0,98,46,607.44
1782638369351,1,98,45,595.59
1782638369351,2,97,48,594.74
1782638369351,3,98,46,601.68
1782638369351,4,98,47,602.10
1782638369351,5,98,46,610.53
1782638369351,6,98,47,599.80
1782638369351,7,98,47,601.80
1782638369650,0,98,47,622.28
1782638369650,1,98,47,611.47
1782638369650,2,95,56,604.51
1782638369650,3,96,61,611.42
1782638369650,4,95,52,607.54
1782638369650,5,100,51,611.79
1782638369650,6,95,58,607.28
1782638369650,7,95,56,612.99
1782638369957,0,99,55,637.74
1782638369957,1,99,55,658.84
1782638369957,2,99,55,639.67
1782638369957,3,99,55,639.11
1782638369957,4,99,56,665.35
1782638369957,5,99,55,672.85
1782638369957,6,99,55,660.35
1782638369957,7,99,54,661.85
1782638370265,0,99,55,651.81
1782638370265,1,99,54,635.44
1782638370265,2,99,55,633.04
1782638370265,3,99,55,642.86
1782638370265,4,99,56,638.13
1782638370265,5,99,55,638.91
1782638370265,6,99,56,633.14
1782638370265,7,99,56,643.80
1782638370572,0,99,57,620.20
1782638370572,1,99,55,615.22
1782638370572,2,99,55,615.70
1782638370572,3,99,55,618.37
1782638370572,4,99,55,618.08
1782638370572,5,99,56,626.50
1782638370572,6,99,54,606.47
1782638370572,7,99,55,616.38
1782638370877,0,99,54,632.30
1782638370877,1,99,54,618.80
1782638370877,2,99,55,618.25
1782638370877,3,99,55,626.80
1782638370877,4,99,56,622.42
1782638370877,5,99,55,627.77
1782638370877,6,99,56,609.34
1782638370877,7,99,56,616.91
1782638371176,0,98,47,635.76
1782638371176,1,98,47,633.00
1782638371176,2,97,47,632.45
1782638371176,3,90,44,630.86
1782638371176,4,98,46,634.13
1782638371176,5,97,48,643.57
1782638371176,6,91,48,623.17
1782638371176,7,98,46,631.78
1782638371472,0,98,46,659.58
1782638371472,1,98,45,657.77
1782638371472,2,97,47,657.03
1782638371472,3,98,47,655.98
1782638371472,4,94,56,654.33
1782638371472,5,98,47,661.71
1782638371472,6,97,46,646.94
1782638371472,7,94,57,650.89
1782638371917,0,99,55,652.76
1782638371917,1,99,56,651.15
1782638371917,2,99,57,643.89
1782638371917,3,99,56,664.03
1782638371917,4,99,56,651.16
1782638371917,5,99,56,659.88
1782638371917,6,99,56,650.97
1782638371917,7,99,54,655.53
1782638372216,0,99,55,636.91
1782638372216,1,99,56,638.01
1782638372216,2,99,56,635.19
1782638372216,3,99,55,634.12
1782638372216,4,99,55,639.89
1782638372216,5,99,55,649.46
1782638372216,6,99,55,620.83
1782638372216,7,99,56,622.46
1782638372518,0,99,56,623.08
1782638372518,1,99,55,605.62
1782638372518,2,99,55,608.30
1782638372518,3,99,55,617.00
1782638372518,4,99,56,613.38
1782638372518,5,99,56,624.67
1782638372518,6,99,55,602.05
1782638372518,7,99,55,611.54
1782638372818,0,99,54,626.42
1782638372818,1,99,55,613.64
1782638372818,2,99,55,616.05
1782638372818,3,99,54,625.20
1782638372818,4,99,56,616.73
1782638372818,5,99,55,631.81
1782638372818,6,99,56,600.59
1782638372818,7,99,55,607.46
1782638373120,0,98,46,637.89
1782638373120,1,98,46,624.58
1782638373120,2,88,44,624.69
1782638373120,3,98,48,632.77
1782638373120,4,90,49,629.17
1782638373120,5,98,46,632.34
1782638373120,6,98,48,626.68
1782638373120,7,98,47,634.69
1782638373418,0,98,47,663.00
1782638373418,1,98,46,654.21
1782638373418,2,97,47,654.09
1782638373418,3,99,45,658.10
1782638373418,4,98,46,656.67
1782638373418,5,98,47,663.37
1782638373418,6,98,47,651.42
1782638373418,7,97,46,658.10
1782638373722,0,99,54,652.85
1782638373722,1,99,54,650.62
1782638373722,2,99,54,646.98
1782638373722,3,99,54,649.48
1782638373722,4,100,55,653.64
1782638373722,5,99,53,652.12
1782638373722,6,99,52,645.02
1782638373722,7,99,56,651.76
1782638374028,0,99,55,652.93
1782638374028,1,99,55,656.03
1782638374028,2,99,55,652.49
1782638374028,3,99,57,648.65
1782638374028,4,99,55,648.14
1782638374028,5,99,56,657.76
1782638374028,6,99,55,637.65
1782638374028,7,99,55,644.15
1782638374331,0,99,56,626.78
1782638374331,1,99,54,626.74
1782638374331,2,99,56,622.88
1782638374331,3,99,55,616.63
1782638374331,4,99,55,620.32
1782638374331,5,99,55,625.30
1782638374331,6,99,55,605.63
1782638374331,7,99,55,612.27
1782638374630,0,99,56,625.98
1782638374630,1,99,55,619.55
1782638374630,2,99,56,616.16
1782638374630,3,99,54,622.00
1782638374630,4,99,55,621.51
1782638374630,5,99,56,630.04
1782638374630,6,99,56,609.29
1782638374630,7,99,55,619.54
1782638374931,0,91,51,623.20
1782638374931,1,91,51,605.64
1782638374931,2,99,55,605.76
1782638374931,3,99,56,624.38
1782638374931,4,99,56,610.43
1782638374931,5,100,58,627.37
1782638374931,6,99,55,616.40
1782638374931,7,98,47,623.24
1782638375230,0,98,46,649.61
1782638375230,1,98,45,632.83
1782638375230,2,98,47,632.27
1782638375230,3,98,47,655.24
1782638375230,4,98,46,636.53
1782638375230,5,98,47,656.27
1782638375230,6,98,47,646.45
1782638375230,7,98,47,653.45
1782638375530,0,100,59,655.86
1782638375530,1,94,58,649.17
1782638375530,2,93,47,641.48
1782638375530,3,93,55,658.95
1782638375530,4,98,46,649.01
1782638375530,5,94,56,661.45
1782638375530,6,93,51,646.70
1782638375530,7,99,54,653.70
1782638375834,0,99,55,657.13
1782638375834,1,99,55,645.58
1782638375834,2,99,57,641.10
1782638375834,3,99,55,667.59
1782638375834,4,99,55,658.76
1782638375834,5,99,54,661.65
1782638375834,6,99,56,653.98
1782638375834,7,99,55,663.95
1782638376134,0,99,55,643.52
1782638376134,1,99,56,637.06
1782638376134,2,99,56,635.22
1782638376134,3,99,55,637.44
1782638376134,4,99,56,630.04
1782638376134,5,99,55,648.47
1782638376134,6,99,56,619.40
1782638376134,7,99,55,633.83
1782638376436,0,99,55,626.78
1782638376436,1,99,54,603.34
1782638376436,2,99,54,606.49
1782638376436,3,99,55,619.29
1782638376436,4,99,55,611.33
1782638376436,5,99,56,630.86
1782638376436,6,99,54,604.14
1782638376436,7,99,55,617.03
1782638376739,0,99,55,630.27
1782638376739,1,99,54,615.23
1782638376739,2,99,55,608.37
1782638376739,3,99,54,616.75
1782638376739,4,99,55,610.09
1782638376739,5,99,55,616.85
1782638376739,6,99,55,601.50
1782638376739,7,99,56,614.05
1782638377052,0,91,29,517.06
1782638377052,1,91,39,530.45
1782638377052,2,100,1,478.13
1782638377052,3,100,1,487.90
1782638377052,4,100,1,476.66
1782638377052,5,100,1,479.03
1782638377052,6,100,1,472.26
1782638377052,7,100,1,483.56
1782638377372,0,4,1,322.75
1782638377372,1,3,0,292.29
1782638377372,2,2,0,293.23
1782638377372,3,2,0,250.48
1782638377372,4,4,1,287.32
1782638377372,5,3,0,282.29
1782638377372,6,3,0,277.05
1782638377372,7,3,0,286.27
1782638377830,0,4,1,145.57
1782638377830,1,5,1,135.29
1782638377830,2,7,1,139.30
1782638377830,3,5,1,132.32
1782638377830,4,7,1,129.49
1782638377830,5,4,1,126.84
1782638377830,6,5,1,124.30
1782638377830,7,7,1,125.68
1782638378196,0,6,1,135.21
1782638378196,1,5,1,133.39
1782638378196,2,5,1,138.07
1782638378196,3,5,1,129.95
1782638378196,4,6,1,128.44
1782638378196,5,4,1,126.24
1782638378196,6,5,1,123.17
1782638378196,7,6,1,124.78
1782638378561,0,7,1,134.43
1782638378561,1,6,1,132.60
1782638378561,2,5,1,137.66
1782638378561,3,5,1,129.40
1782638378561,4,4,1,128.40
1782638378561,5,5,1,125.97
1782638378561,6,3,0,122.87
1782638378561,7,4,1,124.55
1782638378910,0,5,1,133.80
1782638378910,1,6,1,132.08
1782638378910,2,6,1,136.83
1782638378910,3,6,1,128.57
1782638378910,4,5,1,127.99
1782638378910,5,7,1,125.71
1782638378910,6,6,1,122.27
1782638378910,7,4,1,124.17
1782638379246,0,3,0,133.68
1782638379246,1,5,1,131.51
1782638379246,2,7,1,136.58
1782638379246,3,5,1,127.99
1782638379246,4,6,1,127.80
1782638379246,5,5,1,125.27
1782638379246,6,6,1,121.92
1782638379246,7,7,1,123.91
1782638379592,0,6,1,133.46
1782638379592,1,5,1,131.16
1782638379592,2,0,0,136.00
1782638379592,3,4,1,127.47
1782638379592,4,0,0,127.25
1782638379592,5,5,1,125.12
1782638379592,6,4,1,121.42
1782638379592,7,1,0,123.73
1782638379827,0,0,0,132.72
1782638379827,1,0,0,130.76
1782638379827,2,2,0,135.54
1782638379827,3,1,0,126.96
1782638379827,4,0,0,126.65
1782638379827,5,0,0,124.73
1782638379827,6,22,0,120.95
1782638379827,7,0,0,123.29
1782638380114,0,39,0,132.41
1782638380114,1,0,0,130.25
1782638380114,2,0,0,135.16
1782638380114,3,0,0,126.61
1782638380114,4,35,0,126.14
1782638380114,5,0,0,124.31
1782638380114,6,0,0,120.62
1782638380114,7,3,0,122.87
1782638380395,0,43,0,131.82
1782638380395,1,37,0,129.65
1782638380395,2,9,0,134.52
1782638380395,3,2,0,126.09
1782638380395,4,39,0,125.43
1782638380395,5,8,0,123.93
1782638380395,6,18,0,120.16
1782638380395,7,9,0,122.40
1782638380662,0,9,0,131.46
1782638380662,1,9,0,129.13
1782638380662,2,13,0,134.37
1782638380662,3,10,0,125.73
1782638380662,4,10,0,125.21
1782638380662,5,9,0,123.65
1782638380662,6,9,0,120.08
1782638380662,7,12,0,122.05
1782638380934,0,9,0,131.32
1782638380934,1,9,0,128.73
1782638380934,2,9,0,134.18
1782638380934,3,9,0,125.59
1782638380934,4,9,0,125.10
1782638380934,5,9,0,123.55
1782638380934,6,9,0,119.98
1782638380934,7,9,0,121.94
1782638381197,0,15,0,131.29
1782638381197,1,15,0,128.43
1782638381197,2,9,0,134.13
1782638381197,3,9,0,125.61
1782638381197,4,16,0,125.07
1782638381197,5,21,0,123.57
1782638381197,6,9,0,119.79
1782638381197,7,10,0,121.92
1782638381457,0,9,0,131.07
1782638381457,1,9,0,128.19
1782638381457,2,9,0,133.92
1782638381457,3,11,0,125.43
1782638381457,4,17,0,124.88
1782638381457,5,16,0,123.40
1782638381457,6,16,0,119.68
1782638381457,7,11,0,121.77
1782638381718,0,16,0,130.96
1782638381718,1,9,0,128.08
1782638381718,2,13,0,133.76
1782638381718,3,13,0,125.35
1782638381718,4,24,0,124.74
1782638381718,5,25,0,123.31
1782638381718,6,16,0,119.60
1782638381718,7,15,0,121.74
1782638381981,0,9,0,130.81
1782638381981,1,9,0,127.91
1782638381981,2,10,0,133.61
1782638381981,3,9,0,125.24
1782638381981,4,12,0,124.61
1782638381981,5,20,0,123.24
1782638381981,6,16,0,119.44
1782638381981,7,15,0,121.71
1782638382246,0,12,0,130.66
1782638382246,1,9,0,127.84
1782638382246,2,14,0,133.50
1782638382246,3,13,0,125.14
1782638382246,4,9,0,124.49
1782638382246,5,13,0,123.14
1782638382246,6,15,0,119.41
1782638382246,7,16,0,121.65
1782638382507,0,9,0,130.56
1782638382507,1,9,0,127.65
1782638382507,2,9,0,133.30
1782638382507,3,9,0,125.05
1782638382507,4,13,0,124.41
1782638382507,5,9,0,122.98
1782638382507,6,14,0,119.30
1782638382507,7,14,0,121.54
1782638382769,0,13,0,130.44
1782638382769,1,13,0,127.55
1782638382769,2,9,0,133.17
1782638382769,3,15,0,124.96
1782638382769,4,9,0,124.27
1782638382769,5,9,0,122.90
1782638382769,6,13,0,119.19
1782638382769,7,9,0,121.42
1782638383032,0,5,1,130.64
1782638383032,1,6,1,127.92
1782638383032,2,7,1,133.38
1782638383032,3,10,1,125.49
1782638383032,4,8,1,124.90
1782638383032,5,8,1,123.38
1782638383032,6,5,1,119.51
1782638383032,7,6,1,121.80
1782638383524,0,5,1,131.26
1782638383524,1,44,1,128.21
1782638383524,2,6,1,133.82
1782638383524,3,62,1,125.91
1782638383524,4,5,1,125.39
1782638383524,5,47,1,123.80
1782638383524,6,80,1,119.96
1782638383524,7,6,1,122.31
1782638383781,0,96,6,139.21
1782638383781,1,99,1,140.95
1782638383781,2,35,21,147.73
1782638383781,3,95,0,138.51
1782638383781,4,71,16,139.85
1782638383781,5,100,1,138.53
1782638383781,6,87,10,132.88
1782638383781,7,67,20,135.13
1782638384090,0,79,20,160.54
1782638384090,1,100,1,155.76
1782638384090,2,89,13,163.63
1782638384090,3,97,5,155.84
1782638384090,4,55,19,156.16
1782638384090,5,100,1,154.76
1782638384090,6,100,1,149.04
1782638384090,7,90,16,151.65
1782638384356,0,35,4,161.23
1782638384356,1,53,4,157.35
1782638384356,2,4,1,163.79
1782638384356,3,81,2,157.32
1782638384356,4,16,3,156.60
1782638384356,5,76,3,154.76
1782638384356,6,26,4,149.74
1782638384356,7,4,1,152.34
1782638384706,0,5,1,161.22
1782638384706,1,40,15,162.63
1782638384706,2,5,1,169.91
1782638384706,3,20,1,161.10
1782638384706,4,3,1,162.48
1782638384706,5,34,1,162.06
1782638384706,6,73,29,156.22
1782638384706,7,4,1,157.69
1782638384970,0,24,12,166.25
1782638384970,1,40,20,166.95
1782638384970,2,73,39,172.73
1782638384970,3,80,37,159.09
1782638384970,4,90,39,157.83
1782638384970,5,67,31,164.50
1782638384970,6,6,5,151.49
1782638384970,7,0,0,154.65
1782638385208,0,0,0,163.11
1782638385208,1,0,0,159.88
1782638385208,2,0,0,164.72
1782638385208,3,0,0,157.40
1782638385208,4,0,0,156.99
1782638385208,5,0,0,156.89
1782638385208,6,0,0,150.16
1782638385208,7,0,0,154.34
1782638385445,0,0,0,161.96
1782638385445,1,0,0,158.70
1782638385445,2,0,0,164.31
1782638385445,3,25,4,156.97
1782638385445,4,23,3,156.67
1782638385445,5,0,0,156.00
1782638385445,6,21,3,149.87
1782638385445,7,26,4,153.52
1782638385694,0,25,4,161.95
1782638385694,1,25,4,158.51
1782638385694,2,0,0,156.96
1782638385694,3,0,0,153.43
1782638385694,4,0,0,149.13
1782638385694,5,0,0,146.32
1782638385694,6,0,0,142.94
1782638385694,7,0,0,147.17
1782638385931,0,0,0,129.82
1782638385931,1,0,0,127.35
1782638385931,2,0,0,132.71
1782638385931,3,0,0,125.09
1782638385931,4,0,0,125.59
1782638385931,5,54,8,124.49
1782638385931,6,5,1,120.82
1782638385931,7,0,0,123.06
1782638386170,0,58,9,131.48
1782638386170,1,59,9,128.82
1782638386170,2,0,0,134.16
1782638386170,3,34,5,126.48
1782638386170,4,49,7,125.80
1782638386170,5,0,0,124.41
1782638386170,6,0,0,120.69
1782638386170,7,0,0,122.89
1782638386402,0,0,0,131.45
1782638386402,1,0,0,128.72
1782638386402,2,0,0,134.10
1782638386402,3,0,0,125.73
1782638386402,4,0,0,124.97
1782638386402,5,0,0,123.71
1782638386402,6,0,0,119.92
1782638386402,7,0,0,121.99
1782638386633,0,0,0,130.71
1782638386633,1,0,0,128.02
1782638386633,2,0,0,133.40
1782638386633,3,0,0,125.52
1782638386633,4,0,0,124.90
1782638386633,5,0,0,123.70
1782638386633,6,0,0,119.85
1782638386633,7,0,0,121.82
1782638386865,0,0,0,130.65
1782638386865,1,0,0,127.95
1782638386865,2,0,0,133.36
1782638386865,3,0,0,125.48
1782638386865,4,0,0,124.84
1782638386865,5,0,0,122.01
1782638386865,6,0,0,118.82
1782638386865,7,0,0,121.68
1782638387095,0,0,0,130.29
1782638387095,1,0,0,126.20
1782638387095,2,0,0,131.59
1782638387095,3,0,0,123.65
1782638387095,4,0,0,122.99
1782638387095,5,0,0,121.84
1782638387095,6,0,0,118.03
1782638387095,7,0,0,119.71
1782638387327,0,0,0,128.82
1782638387327,1,0,0,126.15
1782638387327,2,0,0,131.55
1782638387327,3,0,0,123.62
1782638387327,4,0,0,123.01
1782638387327,5,0,0,121.84
1782638387327,6,0,0,118.02
1782638387327,7,0,0,119.68
1782638387557,0,0,0,128.77
1782638387557,1,0,0,126.11
1782638387557,2,0,0,131.51
1782638387557,3,0,0,123.56
1782638387557,4,0,0,122.96
1782638387557,5,0,0,121.82
1782638387557,6,0,0,118.01
1782638387557,7,0,0,119.63
1782638387787,0,0,0,128.74
1782638387787,1,0,0,137.48
1782638387787,2,11,10,137.44
1782638387787,3,0,0,123.52
1782638387787,4,0,0,129.15
1782638387787,5,0,0,129.76
1782638387787,6,0,0,122.00
1782638387787,7,0,0,125.46
1782638388061,0,100,84,255.80
1782638388061,1,100,84,284.38
1782638388061,2,100,81,278.77
1782638388061,3,100,82,262.64
1782638388061,4,100,81,274.18
1782638388061,5,100,83,281.25
1782638388061,6,100,84,264.18
1782638388061,7,100,81,267.33
1782638388354,0,100,85,420.16
1782638388354,1,100,85,431.94
1782638388354,2,100,85,435.52
1782638388354,3,100,84,423.22
1782638388354,4,100,85,438.15
1782638388354,5,100,85,441.25
1782638388354,6,100,85,420.13
1782638388354,7,100,85,424.69
1782638388646,0,100,85,583.50
1782638388646,1,100,85,548.68
1782638388646,2,100,86,593.50
1782638388646,3,100,86,583.21
1782638388646,4,100,85,590.44
1782638388646,5,100,86,611.42
1782638388646,6,100,85,577.93
1782638388646,7,100,85,591.68
1782638388941,0,100,85,672.64
1782638388941,1,100,85,655.94
1782638388941,2,100,85,655.22
1782638388941,3,100,86,659.59
1782638388941,4,100,85,661.88
1782638388941,5,100,85,667.39
1782638388941,6,100,86,643.16
1782638388941,7,100,85,654.84
1782638389352,0,100,86,675.38
1782638389352,1,100,86,658.92
1782638389352,2,100,86,658.38
1782638389352,3,100,86,661.30
1782638389352,4,100,86,664.27
1782638389352,5,100,86,667.05
1782638389352,6,100,86,645.96
1782638389352,7,100,86,654.56
1782638389644,0,100,86,675.72
1782638389644,1,100,86,661.07
1782638389644,2,100,87,658.66
1782638389644,3,100,87,662.88
1782638389644,4,100,86,664.98
1782638389644,5,100,87,668.00
1782638389644,6,100,87,647.89
1782638389644,7,100,87,656.66
1782638389937,0,100,86,678.37
1782638389937,1,100,86,663.87
1782638389937,2,100,86,660.76
1782638389937,3,100,86,664.44
1782638389937,4,100,86,666.00
1782638389937,5,100,86,667.92
1782638389937,6,100,86,648.43
1782638389937,7,100,87,658.38
1782638390230,0,100,87,679.43
1782638390230,1,100,87,663.92
1782638390230,2,100,87,662.15
1782638390230,3,100,87,667.42
1782638390230,4,100,87,667.61
1782638390230,5,100,87,668.53
1782638390230,6,100,87,647.23
1782638390230,7,100,87,660.10
1782638390524,0,100,88,682.77
1782638390524,1,100,87,665.15
1782638390524,2,100,88,663.50
1782638390524,3,100,88,669.79
1782638390524,4,100,87,669.35
1782638390524,5,100,87,670.95
1782638390524,6,100,88,647.08
1782638390524,7,100,88,661.07
1782638390825,0,100,88,684.34
1782638390825,1,100,88,663.85
1782638390825,2,100,88,666.59
1782638390825,3,100,87,671.10
1782638390825,4,100,87,672.26
1782638390825,5,100,87,671.02
1782638390825,6,100,88,646.57
1782638390825,7,100,88,661.22
1782638391118,0,100,88,684.50
1782638391118,1,100,88,665.14
1782638391118,2,100,88,666.36
1782638391118,3,100,88,671.04
1782638391118,4,100,87,673.27
1782638391118,5,100,87,670.53
1782638391118,6,100,88,646.05
1782638391118,7,100,88,660.84
1782638391409,0,100,88,684.68
1782638391409,1,100,88,666.71
1782638391409,2,100,89,666.16
1782638391409,3,100,89,672.40
1782638391409,4,100,88,670.79
1782638391409,5,100,88,671.29
1782638391409,6,100,88,647.29
1782638391409,7,100,89,660.48
1782638391704,0,100,89,685.24
1782638391704,1,100,89,668.03
1782638391704,2,100,89,665.34
1782638391704,3,100,89,673.66
1782638391704,4,100,88,670.66
1782638391704,5,100,89,673.14
1782638391704,6,100,89,648.19
1782638391704,7,100,89,660.38
1782638391999,0,100,89,684.88
1782638391999,1,100,89,666.34
1782638391999,2,100,89,662.83
1782638391999,3,100,89,673.74
1782638391999,4,100,88,665.65
1782638391999,5,100,89,672.47
1782638391999,6,100,88,648.53
1782638391999,7,100,88,660.58
1782638392292,0,100,89,686.46
1782638392292,1,100,89,665.98
1782638392292,2,100,89,663.04
1782638392292,3,100,89,677.10
1782638392292,4,100,88,666.24
1782638392292,5,100,89,671.24
1782638392292,6,100,89,650.43
1782638392292,7,100,89,660.04
1782638392586,0,100,89,686.74
1782638392586,1,100,89,667.25
1782638392586,2,100,90,664.32
1782638392586,3,100,89,674.94
1782638392586,4,100,89,667.17
1782638392586,5,100,89,672.47
1782638392586,6,100,89,650.20
1782638392586,7,100,89,663.66
1782638392880,0,100,90,684.55
1782638392880,1,100,90,665.57
1782638392880,2,100,90,661.29
1782638392880,3,100,90,679.34
1782638392880,4,100,89,669.02
1782638392880,5,100,90,673.29
1782638392880,6,100,90,650.65
1782638392880,7,100,90,664.56
1782638393175,0,100,89,680.38
1782638393175,1,100,89,667.77
1782638393175,2,100,90,664.53
1782638393175,3,100,89,675.64
1782638393175,4,100,89,672.01
1782638393175,5,100,90,676.66
1782638393175,6,100,89,660.22
1782638393175,7,100,89,664.99
1782638393469,0,100,90,680.75
1782638393469,1,100,90,666.73
1782638393469,2,100,90,664.96
1782638393469,3,100,90,677.14
1782638393469,4,100,90,671.15
1782638393469,5,100,90,677.47
1782638393469,6,100,90,658.55
1782638393469,7,100,90,662.85
1782638393764,0,100,90,680.35
1782638393764,1,100,90,669.38
1782638393764,2,100,91,669.64
1782638393764,3,100,90,670.83
1782638393764,4,100,90,670.53
1782638393764,5,100,91,679.19
1782638393764,6,100,90,658.29
1782638393764,7,100,90,663.43
1782638394058,0,100,91,686.28
1782638394058,1,100,90,671.43
1782638394058,2,100,91,670.54
1782638394058,3,100,91,674.29
1782638394058,4,100,90,669.80
1782638394058,5,100,91,682.57
1782638394058,6,100,90,653.77
1782638394058,7,100,91,663.31
1782638394355,0,100,90,686.42
1782638394355,1,100,90,671.47
1782638394355,2,100,91,671.10
1782638394355,3,100,90,674.89
1782638394355,4,100,90,670.15
1782638394355,5,100,91,683.83
1782638394355,6,100,90,651.39
1782638394355,7,100,90,663.32
1782638394653,0,100,91,685.90
1782638394653,1,100,91,670.34
1782638394653,2,100,91,670.60
1782638394653,3,100,91,676.37
1782638394653,4,100,90,671.08
1782638394653,5,100,91,686.29
1782638394653,6,100,91,653.73
1782638394653,7,100,91,663.13
1782638395045,0,100,91,686.97
1782638395045,1,100,91,669.50
1782638395045,2,100,91,670.40
1782638395045,3,100,91,676.68
1782638395045,4,100,91,670.21
1782638395045,5,100,92,686.76
1782638395045,6,100,91,654.63
1782638395045,7,100,91,663.96
1782638395344,0,100,91,689.02
1782638395344,1,100,92,669.62
1782638395344,2,100,91,670.34
1782638395344,3,100,92,676.77
1782638395344,4,100,91,670.56
1782638395344,5,100,92,687.98
1782638395344,6,100,91,655.16
1782638395344,7,100,91,664.60
1782638395643,0,100,91,691.09
1782638395643,1,100,91,670.19
1782638395643,2,100,91,669.40
1782638395643,3,100,92,677.18
1782638395643,4,100,91,671.26
1782638395643,5,100,92,685.99
1782638395643,6,100,92,655.53
1782638395643,7,100,91,665.45
1782638395939,0,100,92,691.63
1782638395939,1,100,92,670.05
1782638395939,2,100,92,668.93
1782638395939,3,100,92,677.78
1782638395939,4,100,92,674.02
1782638395939,5,100,92,684.87
1782638395939,6,100,92,656.18
1782638395939,7,100,92,667.73
1782638396236,0,100,92,692.50
1782638396236,1,100,92,670.57
1782638396236,2,100,92,668.15
1782638396236,3,100,92,678.02
1782638396236,4,100,92,676.52
1782638396236,5,100,92,685.26
1782638396236,6,100,92,654.99
1782638396236,7,100,92,666.63
1782638396553,0,100,92,691.09
1782638396553,1,100,92,672.10
1782638396553,2,100,92,668.61
1782638396553,3,100,93,677.74
1782638396553,4,100,92,677.23
1782638396553,5,100,93,686.43
1782638396553,6,100,92,653.66
1782638396553,7,100,92,667.72
1782638396851,0,100,92,692.28
1782638396851,1,100,92,672.51
1782638396851,2,100,92,669.52
1782638396851,3,100,92,678.72
1782638396851,4,100,92,677.46
1782638396851,5,100,92,686.71
1782638396851,6,100,92,653.39
1782638396851,7,100,92,668.51
1782638397151,0,100,93,691.09
1782638397151,1,100,92,674.17
1782638397151,2,100,93,669.98
1782638397151,3,100,93,678.06
1782638397151,4,100,93,675.93
1782638397151,5,100,93,687.34
1782638397151,6,100,93,653.31
1782638397151,7,100,93,667.64
1782638397450,0,100,93,690.99
1782638397450,1,100,93,675.06
1782638397450,2,100,93,669.27
1782638397450,3,100,93,678.45
1782638397450,4,100,93,676.34
1782638397450,5,100,93,688.96
1782638397450,6,100,93,654.54
1782638397450,7,100,93,668.75
1782638397748,0,100,93,692.11
1782638397748,1,100,93,677.96
1782638397748,2,100,93,668.74
1782638397748,3,100,93,680.08
1782638397748,4,100,93,676.92
1782638397748,5,100,93,690.91
1782638397748,6,100,93,656.52
1782638397748,7,100,93,668.86
1782638398051,0,100,93,694.25
1782638398051,1,100,93,678.67
1782638398051,2,100,93,668.51
1782638398051,3,100,93,679.01
1782638398051,4,100,92,677.67
1782638398051,5,100,93,690.61
1782638398051,6,100,93,655.52
1782638398051,7,100,93,670.14
1782638398348,0,100,93,697.00
1782638398348,1,100,93,677.56
1782638398348,2,100,93,670.87
1782638398348,3,100,93,677.72
1782638398348,4,100,93,678.81
1782638398348,5,100,93,688.76
1782638398348,6,100,93,656.49
1782638398348,7,100,93,669.60
1782638398648,0,100,93,694.20
1782638398648,1,100,93,676.93
1782638398648,2,100,94,670.59
1782638398648,3,100,94,677.69
1782638398648,4,100,93,677.23
1782638398648,5,100,93,687.53
1782638398648,6,100,94,656.39
1782638398648,7,100,93,669.31
1782638398956,0,100,94,692.89
1782638398956,1,100,94,675.51
1782638398956,2,100,94,672.40
1782638398956,3,100,94,679.32
1782638398956,4,100,94,676.33
1782638398956,5,100,93,686.24
1782638398956,6,100,94,657.82
1782638398956,7,100,94,668.78
1782638399257,0,100,94,691.66
1782638399257,1,100,94,675.84
1782638399257,2,100,93,671.56
1782638399257,3,100,93,680.97
1782638399257,4,100,93,676.24
1782638399257,5,100,93,687.12
1782638399257,6,100,93,656.38
1782638399257,7,100,93,668.38
1782638399556,0,100,94,692.88
1782638399556,1,100,94,676.75
1782638399556,2,100,94,669.79
1782638399556,3,100,94,681.02
1782638399556,4,100,94,677.43
1782638399556,5,100,93,687.14
1782638399556,6,100,94,655.74
1782638399556,7,100,94,668.89
1782638399856,0,100,94,694.07
1782638399856,1,100,94,679.31
1782638399856,2,100,94,669.38
1782638399856,3,100,94,681.42
1782638399856,4,100,94,677.60
1782638399856,5,100,94,685.43
1782638399856,6,100,94,656.53
1782638399856,7,100,94,669.03
1782638400157,0,100,94,694.66
1782638400157,1,100,94,680.78
1782638400157,2,100,94,667.51
1782638400157,3,100,94,678.95
1782638400157,4,100,94,677.77
1782638400157,5,100,94,685.06
1782638400157,6,100,94,657.75
1782638400157,7,100,94,669.15
1782638400471,0,100,94,694.99
1782638400471,1,100,94,680.53
1782638400471,2,100,94,668.02
1782638400471,3,100,94,678.05
1782638400471,4,100,94,678.97
1782638400471,5,100,95,684.94
1782638400471,6,100,94,659.11
1782638400471,7,100,94,668.01
1782638400873,0,100,94,694.14
1782638400873,1,100,94,679.72
1782638400873,2,100,94,667.13
1782638400873,3,100,95,678.20
1782638400873,4,100,94,678.93
1782638400873,5,100,95,687.53
1782638400873,6,100,94,659.00
1782638400873,7,100,94,668.31
1782638401172,0,100,95,693.16
1782638401172,1,100,94,680.49
1782638401172,2,100,95,667.97
1782638401172,3,100,95,679.16
1782638401172,4,100,95,679.42
1782638401172,5,100,95,687.96
1782638401172,6,100,95,658.27
1782638401172,7,100,95,668.95
1782638401478,0,100,95,691.39
1782638401478,1,100,95,681.02
1782638401478,2,100,95,668.35
1782638401478,3,100,95,680.59
1782638401478,4,100,95,679.23
1782638401478,5,100,95,688.41
1782638401478,6,100,95,657.49
1782638401478,7,100,95,669.70
1782638401784,0,100,95,692.00
1782638401784,1,100,95,682.12
1782638401784,2,100,95,666.43
1782638401784,3,100,95,682.13
1782638401784,4,100,95,680.18
1782638401784,5,100,95,689.60
1782638401784,6,100,95,657.81
1782638401784,7,100,95,668.95
1782638402085,0,100,95,693.58
1782638402085,1,100,95,681.55
1782638402085,2,100,95,667.14
1782638402085,3,100,95,682.19
1782638402085,4,100,95,680.86
1782638402085,5,100,95,690.96
1782638402085,6,100,95,658.16
1782638402085,7,100,95,668.57
1782638402384,0,100,95,695.06
1782638402384,1,100,95,680.30
1782638402384,2,100,95,667.95
1782638402384,3,100,95,681.46
1782638402384,4,100,95,681.32
1782638402384,5,100,95,690.62
1782638402384,6,100,95,658.93
1782638402384,7,100,95,667.12
1782638402686,0,100,95,694.19
1782638402686,1,100,95,680.46
1782638402686,2,100,95,670.56
1782638402686,3,100,95,683.66
1782638402686,4,100,95,679.61
1782638402686,5,100,96,689.97
1782638402686,6,100,95,659.58
1782638402686,7,100,95,666.55
1782638402987,0,100,96,694.54
1782638402987,1,100,95,681.41
1782638402987,2,100,96,671.36
1782638402987,3,100,96,683.21
1782638402987,4,100,95,678.16
1782638402987,5,100,96,688.90
1782638402987,6,100,96,659.23
1782638402987,7,100,96,667.61
1782638403290,0,100,96,692.04
1782638403290,1,100,95,681.87
1782638403290,2,100,96,670.71
1782638403290,3,100,95,683.66
1782638403290,4,100,95,678.75
1782638403290,5,100,96,689.03
1782638403290,6,100,95,658.68
1782638403290,7,100,96,668.70
1782638403590,0,100,95,691.91
1782638403590,1,100,95,682.23
1782638403590,2,100,96,671.03
1782638403590,3,100,95,683.73
1782638403590,4,100,95,678.43
1782638403590,5,100,95,688.31
1782638403590,6,100,95,657.39
1782638403590,7,100,96,669.43
1782638403892,0,100,96,692.52
1782638403892,1,100,96,683.03
1782638403892,2,100,96,670.12
1782638403892,3,100,96,682.30
1782638403892,4,100,95,678.68
1782638403892,5,100,96,689.45
1782638403892,6,100,96,658.37
1782638403892,7,100,96,670.34
1782638404194,0,100,96,692.03
1782638404194,1,100,96,682.97
1782638404194,2,100,96,670.73
1782638404194,3,100,96,682.35
1782638404194,4,100,96,680.42
1782638404194,5,100,96,689.74
1782638404194,6,100,96,658.23
1782638404194,7,100,96,670.71
1782638404497,0,100,96,694.37
1782638404497,1,100,96,682.98
1782638404497,2,100,96,671.30
1782638404497,3,100,96,681.93
1782638404497,4,100,96,681.46
1782638404497,5,100,96,690.94
1782638404497,6,100,96,658.86
1782638404497,7,100,96,669.00
1782638404799,0,100,96,694.85
1782638404799,1,100,96,683.57
1782638404799,2,100,96,671.11
1782638404799,3,100,96,681.66
1782638404799,4,100,96,681.03
1782638404799,5,100,97,691.31
1782638404799,6,100,96,659.88
1782638404799,7,100,96,668.27
1782638405100,0,100,96,693.36
1782638405100,1,100,96,683.36
1782638405100,2,100,96,670.70
1782638405100,3,100,96,682.27
1782638405100,4,100,96,679.57
1782638405100,5,100,96,691.79
1782638405100,6,100,96,659.79
1782638405100,7,100,96,667.62
1782638405405,0,100,96,692.11
1782638405405,1,100,96,683.39
1782638405405,2,100,96,670.51
1782638405405,3,100,96,682.73
1782638405405,4,100,96,679.15
1782638405405,5,100,97,690.65
1782638405405,6,100,96,659.56
1782638405405,7,100,96,669.78
1782638405706,0,100,96,691.51
1782638405706,1,100,96,683.48
1782638405706,2,100,97,669.66
1782638405706,3,100,97,683.64
1782638405706,4,100,96,679.42
1782638405706,5,100,97,694.01
1782638405706,6,100,97,657.43
1782638405706,7,100,96,670.71
1782638406007,0,100,97,693.99
1782638406007,1,100,97,684.57
1782638406007,2,100,97,669.40
1782638406007,3,100,97,682.98
1782638406007,4,100,97,679.36
1782638406007,5,100,97,693.46
1782638406007,6,100,97,655.03
1782638406007,7,100,97,669.62
1782638406308,0,100,96,692.07
1782638406308,1,100,96,685.69
1782638406308,2,100,97,670.02
1782638406308,3,100,96,681.79
1782638406308,4,100,96,679.16
1782638406308,5,100,97,693.62
1782638406308,6,100,96,654.78
1782638406308,7,100,97,675.55
1782638406715,0,100,97,692.52
1782638406715,1,100,97,681.80
1782638406715,2,100,97,671.08
1782638406715,3,100,97,677.84
1782638406715,4,100,97,679.58
1782638406715,5,100,97,690.64
1782638406715,6,100,97,657.26
1782638406715,7,100,97,674.69
1782638407018,0,100,97,691.73
1782638407018,1,100,97,681.85
1782638407018,2,100,97,673.03
1782638407018,3,100,97,677.64
1782638407018,4,100,97,680.11
1782638407018,5,100,97,689.89
1782638407018,6,100,97,659.71
1782638407018,7,100,97,680.21
1782638407319,0,100,97,694.47
1782638407319,1,100,97,681.25
1782638407319,2,100,97,674.20
1782638407319,3,100,97,677.55
1782638407319,4,100,97,680.35
1782638407319,5,100,97,689.58
1782638407319,6,100,97,658.85
1782638407319,7,100,97,686.14
1782638407620,0,100,97,694.01
1782638407620,1,100,97,682.72
1782638407620,2,100,97,673.61
1782638407620,3,100,97,678.73
1782638407620,4,100,97,679.12
1782638407620,5,100,97,691.65
1782638407620,6,100,97,656.82
1782638407620,7,100,97,681.37
1782638407926,0,100,97,694.60
1782638407926,1,100,97,683.93
1782638407926,2,100,97,672.22
1782638407926,3,100,97,681.47
1782638407926,4,100,97,678.61
1782638407926,5,100,96,693.40
1782638407926,6,100,97,657.01
1782638407926,7,100,97,676.20
1782638408230,0,100,97,694.66
1782638408230,1,100,97,683.82
1782638408230,2,100,97,670.56
1782638408230,3,100,97,683.04
1782638408230,4,100,97,677.43
1782638408230,5,100,96,693.55
1782638408230,6,100,97,658.15
1782638408230,7,100,97,672.23
1782638408533,0,100,97,692.59
1782638408533,1,100,97,683.00
1782638408533,2,100,97,670.04
1782638408533,3,100,97,683.28
1782638408533,4,100,97,677.49
1782638408533,5,100,97,691.74
1782638408533,6,100,97,659.78
1782638408533,7,100,97,673.12
1782638408837,0,100,97,691.77
1782638408837,1,100,97,684.37
1782638408837,2,100,98,668.98
1782638408837,3,100,98,683.71
1782638408837,4,100,97,680.26
1782638408837,5,100,97,689.90
1782638408837,6,100,98,660.88
1782638408837,7,100,97,676.80
1782638409136,0,100,98,689.14
1782638409136,1,100,98,688.06
1782638409136,2,100,98,667.57
1782638409136,3,100,98,681.16
1782638409136,4,100,97,679.98
1782638409136,5,100,97,689.20
1782638409136,6,100,98,661.29
1782638409136,7,100,98,677.34
1782638409439,0,100,98,689.34
1782638409439,1,100,98,686.97
1782638409439,2,100,98,667.70
1782638409439,3,100,97,681.72
1782638409439,4,100,97,679.27
1782638409439,5,100,97,688.16
1782638409439,6,100,97,661.41
1782638409439,7,100,97,677.28
1782638409743,0,100,98,691.08
1782638409743,1,100,97,686.18
1782638409743,2,100,98,672.83
1782638409743,3,100,98,681.67
1782638409743,4,100,97,678.78
1782638409743,5,100,97,683.77
1782638409743,6,100,98,659.21
1782638409743,7,100,98,678.68
1782638410058,0,100,98,690.74
1782638410058,1,100,98,689.72
1782638410058,2,100,98,675.05
1782638410058,3,100,98,682.57
1782638410058,4,100,97,676.66
1782638410058,5,100,97,684.30
1782638410058,6,100,98,665.34
1782638410058,7,100,98,673.21
1782638410362,0,100,98,687.27
1782638410362,1,100,98,688.38
1782638410362,2,100,98,675.03
1782638410362,3,100,98,681.36
1782638410362,4,100,98,684.27
1782638410362,5,100,98,685.64
1782638410362,6,100,98,665.01
1782638410362,7,100,98,670.52
1782638410663,0,100,98,690.11
1782638410663,1,100,98,688.69
1782638410663,2,100,98,672.98
1782638410663,3,100,98,679.53
1782638410663,4,100,98,683.75
1782638410663,5,100,97,687.93
1782638410663,6,100,98,666.29
1782638410663,7,100,98,676.50
1782638410970,0,100,98,689.70
1782638410970,1,100,98,681.01
1782638410970,2,100,98,672.30
1782638410970,3,100,98,678.27
1782638410970,4,100,98,682.04
1782638410970,5,100,98,687.73
1782638410970,6,100,98,663.37
1782638410970,7,100,98,676.18
1782638411272,0,100,98,691.89
1782638411272,1,100,98,681.37
1782638411272,2,100,98,671.40
1782638411272,3,100,98,676.56
1782638411272,4,100,98,679.90
1782638411272,5,100,97,688.82
1782638411272,6,100,98,659.75
1782638411272,7,100,98,675.38
1782638411576,0,100,98,692.66
1782638411576,1,100,98,681.28
1782638411576,2,100,98,670.73
1782638411576,3,100,98,678.40
1782638411576,4,100,98,679.54
1782638411576,5,100,98,688.55
1782638411576,6,100,98,659.24
1782638411576,7,100,98,672.72
1782638411879,0,100,98,691.69
1782638411879,1,100,98,681.95
1782638411879,2,100,98,672.12
1782638411879,3,100,98,678.98
1782638411879,4,100,98,679.75
1782638411879,5,100,98,688.57
1782638411879,6,100,98,658.46
1782638411879,7,100,98,671.42
1782638412183,0,100,99,693.67
1782638412183,1,100,98,684.32
1782638412183,2,100,99,671.21
1782638412183,3,100,99,682.71
1782638412183,4,100,98,680.30
1782638412183,5,100,98,688.41
1782638412183,6,100,99,660.64
1782638412183,7,100,99,671.25
1782638412555,0,100,99,691.90
1782638412555,1,100,99,684.08
1782638412555,2,100,98,671.33
1782638412555,3,100,98,682.74
1782638412555,4,100,98,680.05
1782638412555,5,100,98,688.56
1782638412555,6,100,98,659.63
1782638412555,7,100,98,669.81
1782638412861,0,100,98,692.73
1782638412861,1,100,98,684.12
1782638412861,2,100,98,670.59
1782638412861,3,100,98,681.93
1782638412861,4,100,98,680.68
1782638412861,5,100,98,689.02
1782638412861,6,100,98,660.03
1782638412861,7,100,98,669.88
1782638413166,0,100,99,693.68
1782638413166,1,100,98,683.67
1782638413166,2,100,99,672.90
1782638413166,3,100,99,682.69
1782638413166,4,100,99,680.42
1782638413166,5,100,98,689.48
1782638413166,6,100,98,659.23
1782638413166,7,100,99,669.47
1782638413471,0,100,99,695.10
1782638413471,1,100,99,684.39
1782638413471,2,100,99,673.52
1782638413471,3,100,99,683.51
1782638413471,4,100,98,680.72
1782638413471,5,100,98,691.30
1782638413471,6,100,99,660.44
1782638413471,7,100,99,669.39
1782638413775,0,100,99,693.98
1782638413775,1,100,99,685.33
1782638413775,2,100,99,673.46
1782638413775,3,100,99,684.28
1782638413775,4,100,99,681.09
1782638413775,5,100,99,691.23
1782638413775,6,100,99,660.29
1782638413775,7,100,99,670.36
1782638414079,0,100,99,691.53
1782638414079,1,100,99,684.64
1782638414079,2,100,99,672.17
1782638414079,3,100,99,683.10
1782638414079,4,100,99,681.33
1782638414079,5,100,99,690.99
1782638414079,6,100,99,661.02
1782638414079,7,100,99,671.19
1782638414384,0,100,99,693.53
1782638414384,1,100,99,684.78
1782638414384,2,100,99,670.68
1782638414384,3,100,99,683.15
1782638414384,4,100,99,680.35
1782638414384,5,100,99,689.34
1782638414384,6,100,98,661.27
1782638414384,7,100,99,670.31
1782638414691,0,100,99,696.30
1782638414691,1,100,99,684.13
1782638414691,2,100,99,670.25
1782638414691,3,100,99,681.90
1782638414691,4,100,99,680.51
1782638414691,5,100,99,690.89
1782638414691,6,100,99,660.28
1782638414691,7,100,99,671.50
1782638414994,0,100,99,698.20
1782638414994,1,100,99,684.62
1782638414994,2,100,99,671.52
1782638414994,3,100,99,682.83
1782638414994,4,100,99,681.88
1782638414994,5,100,99,691.01
1782638414994,6,100,99,660.36
1782638414994,7,100,99,671.08
1782638415298,0,100,99,696.23
1782638415298,1,100,99,684.43
1782638415298,2,100,99,671.42
1782638415298,3,100,99,682.77
1782638415298,4,100,99,681.24
1782638415298,5,100,99,692.91
1782638415298,6,100,99,660.07
1782638415298,7,100,99,670.58
1782638415603,0,100,99,694.75
1782638415603,1,100,99,685.24
1782638415603,2,100,99,672.18
1782638415603,3,100,99,682.13
1782638415603,4,100,99,680.63
1782638415603,5,100,99,692.30
1782638415603,6,100,99,660.70
1782638415603,7,100,99,671.26
1782638415910,0,100,99,693.79
1782638415910,1,100,99,685.34
1782638415910,2,100,99,671.86
1782638415910,3,100,99,681.47
1782638415910,4,100,99,680.55
1782638415910,5,100,99,691.79
1782638415910,6,100,99,661.78
1782638415910,7,100,99,670.24
1782638416215,0,100,99,694.62
1782638416215,1,100,99,685.57
1782638416215,2,100,99,672.64
1782638416215,3,100,99,682.65
1782638416215,4,100,99,680.60
1782638416215,5,100,99,690.75
1782638416215,6,100,99,661.36
1782638416215,7,100,99,670.92
1782638416522,0,100,99,692.97
1782638416522,1,100,99,684.73
1782638416522,2,100,99,672.42
1782638416522,3,100,99,683.92
1782638416522,4,100,99,681.20
1782638416522,5,100,99,691.28
1782638416522,6,100,99,666.90
1782638416522,7,100,99,671.07
1782638416825,0,100,99,692.18
1782638416825,1,100,99,685.00
1782638416825,2,100,100,671.68
1782638416825,3,100,100,686.01
1782638416825,4,100,99,680.64
1782638416825,5,100,99,691.91
1782638416825,6,100,99,666.81
1782638416825,7,100,100,671.32
1782638417125,0,100,100,693.55
1782638417125,1,100,100,684.38
1782638417125,2,100,100,671.81
1782638417125,3,100,100,686.16
1782638417125,4,100,99,680.56
1782638417125,5,100,99,692.42
1782638417125,6,100,99,666.48
1782638417125,7,100,100,670.75
1782638417430,0,100,100,695.51
1782638417430,1,100,100,685.19
1782638417430,2,100,100,671.92
1782638417430,3,100,100,686.39
1782638417430,4,100,100,680.16
1782638417430,5,100,100,692.18
1782638417430,6,100,99,662.43
1782638417430,7,100,100,670.65
1782638417736,0,100,100,696.00
1782638417736,1,100,100,685.51
1782638417736,2,100,100,671.65
1782638417736,3,100,99,684.39
1782638417736,4,100,100,679.75
1782638417736,5,100,100,692.42
1782638417736,6,100,99,660.85
1782638417736,7,100,99,670.77
1782638418042,0,100,99,694.11
1782638418042,1,100,100,686.19
1782638418042,2,100,100,671.75
1782638418042,3,100,100,683.74
1782638418042,4,100,99,680.46
1782638418042,5,100,99,692.46
1782638418042,6,100,100,661.53
1782638418042,7,100,99,670.97
1782638418418,0,100,100,694.61
1782638418418,1,100,100,685.99
1782638418418,2,100,100,672.55
1782638418418,3,100,100,681.85
1782638418418,4,100,100,680.78
1782638418418,5,100,100,692.44
1782638418418,6,100,100,661.39
1782638418418,7,100,100,671.11
1782638418726,0,100,100,695.66
1782638418726,1,100,100,686.45
1782638418726,2,100,100,672.35
1782638418726,3,100,100,681.27
1782638418726,4,100,100,681.63
1782638418726,5,100,100,692.48
1782638418726,6,100,100,661.59
1782638418726,7,100,100,670.53
1782638419032,0,100,100,693.95
1782638419032,1,100,100,686.95
1782638419032,2,100,100,671.93
1782638419032,3,100,100,681.43
1782638419032,4,100,100,681.60
1782638419032,5,100,100,691.89
1782638419032,6,100,100,661.40
1782638419032,7,100,100,671.08
1782638419336,0,100,100,692.94
1782638419336,1,100,100,686.65
1782638419336,2,100,100,671.59
1782638419336,3,100,100,680.71
1782638419336,4,100,100,681.20
1782638419336,5,100,100,692.71
1782638419336,6,100,100,661.75
1782638419336,7,100,100,671.15
1782638419641,0,100,100,693.10
1782638419641,1,100,100,685.90
1782638419641,2,100,100,671.61
1782638419641,3,100,100,681.22
1782638419641,4,100,100,681.29
1782638419641,5,100,100,692.52
1782638419641,6,100,100,662.25
1782638419641,7,100,100,671.99
1782638419948,0,100,100,693.51
1782638419948,1,100,100,686.67
1782638419948,2,100,100,671.51
1782638419948,3,100,100,680.97
1782638419948,4,100,100,680.31
1782638419948,5,100,100,693.02
1782638419948,6,100,100,661.76
1782638419948,7,100,100,672.53
1782638420254,0,100,100,691.86
1782638420254,1,100,100,686.68
1782638420254,2,100,100,671.15
1782638420254,3,100,100,680.76
1782638420254,4,100,100,679.81
1782638420254,5,100,100,692.44
1782638420254,6,100,100,662.47
1782638420254,7,100,100,672.75
1782638420560,0,100,100,692.18
1782638420560,1,100,100,686.94
1782638420560,2,100,100,670.65
1782638420560,3,100,100,681.79
1782638420560,4,100,100,679.62
1782638420560,5,100,100,692.56
1782638420560,6,100,100,661.14
1782638420560,7,100,100,672.87
1782638420866,0,100,100,694.23
1782638420866,1,100,100,685.98
1782638420866,2,100,100,670.56
1782638420866,3,100,100,682.41
1782638420866,4,100,100,679.79
1782638420866,5,100,100,691.87
1782638420866,6,100,100,660.39
1782638420866,7,100,100,671.76
1782638421174,0,100,100,694.85
1782638421174,1,100,100,683.68
1782638421174,2,100,100,670.92
1782638421174,3,100,100,684.33
1782638421174,4,100,100,679.81
1782638421174,5,100,100,691.82
1782638421174,6,100,100,660.16
1782638421174,7,100,100,670.88
1782638421479,0,100,100,693.13
1782638421479,1,100,100,683.03
1782638421479,2,100,100,670.98
1782638421479,3,100,100,683.96
1782638421479,4,100,100,679.73
1782638421479,5,100,100,691.43
1782638421479,6,100,100,661.61
1782638421479,7,100,100,669.94
1782638421785,0,100,100,692.57
1782638421785,1,100,100,682.82
1782638421785,2,100,100,671.60
1782638421785,3,100,100,684.49
1782638421785,4,100,100,680.47
1782638421785,5,100,100,691.77
1782638421785,6,100,100,661.62
1782638421785,7,100,100,669.73
1782638422092,0,100,100,693.91
1782638422092,1,100,100,683.70
1782638422092,2,100,100,671.58
1782638422092,3,100,100,683.56
1782638422092,4,100,100,680.76
1782638422092,5,100,100,691.83
1782638422092,6,100,100,661.90
1782638422092,7,100,100,669.60
1782638422397,0,100,100,694.14
1782638422397,1,100,100,685.44
1782638422397,2,100,100,671.12
1782638422397,3,100,100,683.19
1782638422397,4,100,100,681.01
1782638422397,5,100,100,692.32
1782638422397,6,100,100,661.16
1782638422397,7,100,100,670.37
1782638422702,0,100,100,695.06
1782638422702,1,100,100,686.34
1782638422702,2,100,100,670.94
1782638422702,3,100,100,682.61
1782638422702,4,100,100,680.55
1782638422702,5,100,100,692.44
1782638422702,6,100,100,660.93
1782638422702,7,100,100,669.53
1782638423014,0,100,100,694.04
1782638423014,1,100,100,686.52
1782638423014,2,100,100,671.06
1782638423014,3,100,100,682.10
1782638423014,4,100,100,680.37
1782638423014,5,100,100,692.39
1782638423014,6,100,100,660.83
1782638423014,7,100,100,669.53
1782638423320,0,100,100,693.58
1782638423320,1,100,100,686.78
1782638423320,2,100,100,669.94
1782638423320,3,100,100,683.24
1782638423320,4,100,100,681.33
1782638423320,5,100,100,692.76
1782638423320,6,100,100,660.63
1782638423320,7,100,100,669.57
1782638423630,0,100,100,692.74
1782638423630,1,100,100,687.08
1782638423630,2,100,100,671.28
1782638423630,3,100,100,683.55
1782638423630,4,100,100,681.40
1782638423630,5,100,100,692.22
1782638423630,6,100,100,661.02
1782638423630,7,100,100,671.29
1782638424025,0,100,100,694.19
1782638424025,1,100,100,686.53
1782638424025,2,100,100,671.23
1782638424025,3,100,100,684.01
1782638424025,4,100,100,682.20
1782638424025,5,100,100,691.94
1782638424025,6,100,100,661.84
1782638424025,7,100,100,671.70
1782638424345,0,100,100,694.69
1782638424345,1,100,100,686.01
1782638424345,2,100,100,671.28
1782638424345,3,100,100,682.27
1782638424345,4,100,100,680.52
1782638424345,5,100,100,691.27
1782638424345,6,100,100,661.12
1782638424345,7,100,100,672.15
1782638424660,0,100,100,693.71
1782638424660,1,100,100,685.39
1782638424660,2,100,100,669.98
1782638424660,3,100,100,681.77
1782638424660,4,100,100,680.19
1782638424660,5,100,100,691.13
1782638424660,6,100,100,661.33
1782638424660,7,100,100,672.21
1782638424965,0,100,100,691.45
1782638424965,1,100,100,689.34
1782638424965,2,100,100,670.00
1782638424965,3,100,100,681.55
1782638424965,4,100,100,680.61
1782638424965,5,100,100,691.10
1782638424965,6,100,100,659.57
1782638424965,7,100,100,672.90
1782638425270,0,100,100,692.14
1782638425270,1,100,100,687.77
1782638425270,2,100,100,669.84
1782638425270,3,100,100,681.84
1782638425270,4,100,100,681.78
1782638425270,5,100,100,692.53
1782638425270,6,100,100,659.62
1782638425270,7,100,100,673.50
1782638425575,0,100,100,692.75
1782638425575,1,100,100,687.98
1782638425575,2,100,100,670.60
1782638425575,3,100,100,681.83
1782638425575,4,100,100,683.00
1782638425575,5,100,100,692.42
1782638425575,6,100,100,661.36
1782638425575,7,100,100,672.33
1782638425880,0,100,100,692.37
1782638425880,1,100,100,683.84
1782638425880,2,100,100,671.35
1782638425880,3,100,100,681.72
1782638425880,4,100,100,682.31
1782638425880,5,100,100,692.36
1782638425880,6,100,100,660.87
1782638425880,7,100,100,671.33
1782638426188,0,100,100,691.84
1782638426188,1,100,100,684.90
1782638426188,2,100,100,671.46
1782638426188,3,100,100,679.17
1782638426188,4,100,100,681.83
1782638426188,5,100,100,692.80
1782638426188,6,100,100,663.92
1782638426188,7,100,100,669.37
1782638426495,0,100,100,692.12
1782638426495,1,100,100,687.54
1782638426495,2,100,100,671.29
1782638426495,3,100,100,677.92
1782638426495,4,100,100,679.75
1782638426495,5,100,100,691.30
1782638426495,6,100,100,667.52
1782638426495,7,100,100,667.58
1782638426802,0,100,100,693.47
1782638426802,1,100,100,689.07
1782638426802,2,100,100,669.41
1782638426802,3,100,100,677.05
1782638426802,4,100,100,679.28
1782638426802,5,100,100,695.16
1782638426802,6,100,100,667.35
1782638426802,7,100,100,673.16
1782638427107,0,100,100,694.36
1782638427107,1,100,100,692.34
1782638427107,2,100,100,668.24
1782638427107,3,100,100,677.94
1782638427107,4,100,100,677.97
1782638427107,5,100,100,693.08
1782638427107,6,100,100,665.18
1782638427107,7,100,100,673.35
1782638427410,0,100,100,693.51
1782638427410,1,100,100,690.32
1782638427410,2,100,100,668.62
1782638427410,3,100,100,678.35
1782638427410,4,100,100,677.84
1782638427410,5,100,100,692.86
1782638427410,6,100,100,659.02
1782638427410,7,100,100,675.06
1782638427713,0,100,100,691.64
1782638427713,1,100,100,690.29
1782638427713,2,100,100,669.79
1782638427713,3,100,100,678.73
1782638427713,4,100,100,675.72
1782638427713,5,100,100,691.46
1782638427713,6,100,100,658.63
1782638427713,7,100,100,677.09
1782638428017,0,100,100,691.68
1782638428017,1,100,100,688.61
1782638428017,2,100,100,669.54
1782638428017,3,100,100,678.00
1782638428017,4,100,100,674.82
1782638428017,5,100,100,686.76
1782638428017,6,100,100,658.66
1782638428017,7,100,100,678.04
1782638428321,0,100,100,691.36
1782638428321,1,100,100,689.64
1782638428321,2,100,100,668.82
1782638428321,3,100,100,678.95
1782638428321,4,100,100,673.22
1782638428321,5,100,100,686.17
1782638428321,6,100,100,659.99
1782638428321,7,100,100,676.78
1782638428628,0,100,100,692.63
1782638428628,1,100,100,684.81
1782638428628,2,100,100,668.57
1782638428628,3,100,100,678.85
1782638428628,4,100,100,673.19
1782638428628,5,100,100,686.03
1782638428628,6,100,100,657.83
1782638428628,7,100,100,671.12
1782638428933,0,100,100,690.78
1782638428933,1,100,100,684.26
1782638428933,2,100,100,667.01
1782638428933,3,100,100,679.25
1782638428933,4,100,100,675.86
1782638428933,5,100,100,687.34
1782638428933,6,100,100,658.31
1782638428933,7,100,100,669.35
1782638429237,0,100,100,690.20
1782638429237,1,100,100,682.48
1782638429237,2,100,100,666.72
1782638429237,3,100,100,676.03
1782638429237,4,100,100,677.03
1782638429237,5,100,100,688.02
1782638429237,6,100,100,657.51
1782638429237,7,100,100,665.51
1782638429548,0,100,100,687.77
1782638429548,1,100,100,679.30
1782638429548,2,100,100,665.55
1782638429548,3,100,100,671.88
1782638429548,4,100,100,676.61
1782638429548,5,100,100,688.26
1782638429548,6,100,100,656.84
1782638429548,7,100,100,664.54
1782638429960,0,100,100,685.92
1782638429960,1,100,100,676.89
1782638429960,2,100,100,661.98
1782638429960,3,100,100,666.98
1782638429960,4,100,100,668.82
1782638429960,5,100,100,684.42
1782638429960,6,100,100,652.87
1782638429960,7,100,100,661.51
1782638430266,0,100,100,682.26
1782638430266,1,100,100,674.09
1782638430266,2,100,100,658.65
1782638430266,3,100,100,665.73
1782638430266,4,100,100,664.13
1782638430266,5,100,100,681.30
1782638430266,6,100,100,652.24
1782638430266,7,100,100,656.91
1782638430591,0,100,100,679.46
1782638430591,1,100,100,669.97
1782638430591,2,100,100,654.64
1782638430591,3,100,100,662.83
1782638430591,4,100,100,662.43
1782638430591,5,100,100,676.05
1782638430591,6,100,100,651.36
1782638430591,7,100,100,653.35
1782638430898,0,100,100,678.78
1782638430898,1,100,100,668.31
1782638430898,2,100,100,652.10
1782638430898,3,100,100,663.17
1782638430898,4,100,100,663.28
1782638430898,5,100,100,673.57
1782638430898,6,100,100,650.26
1782638430898,7,100,100,652.45
1782638431203,0,100,100,677.61
1782638431203,1,100,100,665.31
1782638431203,2,100,100,652.13
1782638431203,3,100,100,662.95
1782638431203,4,100,100,662.93
1782638431203,5,100,100,670.41
1782638431203,6,100,100,646.98
1782638431203,7,100,100,651.18
1782638431506,0,100,100,676.74
1782638431506,1,100,100,664.57
1782638431506,2,100,100,652.19
1782638431506,3,100,100,661.56
1782638431506,4,100,100,662.05
1782638431506,5,100,100,669.58
1782638431506,6,100,100,643.61
1782638431506,7,100,100,650.07
1782638431821,0,100,100,675.99
1782638431821,1,100,100,664.33
1782638431821,2,100,100,652.04
1782638431821,3,100,100,661.57
1782638431821,4,100,100,659.80
1782638431821,5,100,100,669.40
1782638431821,6,100,100,641.73
1782638431821,7,100,99,649.74
1782638432126,0,100,100,674.02
1782638432126,1,100,100,663.54
1782638432126,2,100,100,650.90
1782638432126,3,100,99,659.79
1782638432126,4,100,100,659.75
1782638432126,5,100,100,668.41
1782638432126,6,100,99,641.50
1782638432126,7,100,100,648.84
1782638432428,0,100,99,672.26
1782638432428,1,100,99,661.98
1782638432428,2,100,100,648.00
1782638432428,3,100,100,658.90
1782638432428,4,100,100,659.05
1782638432428,5,100,100,667.80
1782638432428,6,100,100,639.64
1782638432428,7,100,99,647.15
1782638432734,0,100,99,670.41
1782638432734,1,100,99,661.43
1782638432734,2,100,100,646.15
1782638432734,3,100,99,655.71
1782638432734,4,100,99,659.91
1782638432734,5,100,100,667.36
1782638432734,6,100,99,638.78
1782638432734,7,100,99,645.53
1782638433040,0,100,99,670.20
1782638433040,1,100,99,659.45
1782638433040,2,100,99,645.25
1782638433040,3,100,99,654.88
1782638433040,4,100,99,659.53
1782638433040,5,100,99,667.46
1782638433040,6,100,99,636.12
1782638433040,7,100,99,643.17
1782638433348,0,100,99,670.10
1782638433348,1,100,99,657.45
1782638433348,2,100,99,644.96
1782638433348,3,100,98,652.41
1782638433348,4,100,98,658.06
1782638433348,5,100,99,666.49
1782638433348,6,100,98,635.57
1782638433348,7,100,98,641.51
1782638433653,0,100,99,669.20
1782638433653,1,100,98,656.60
1782638433653,2,100,98,643.77
1782638433653,3,100,98,650.61
1782638433653,4,100,99,655.05
1782638433653,5,100,98,664.44
1782638433653,6,100,98,630.20
1782638433653,7,100,98,640.30
1782638433956,0,100,98,660.70
1782638433956,1,100,98,653.17
1782638433956,2,100,98,640.09
1782638433956,3,100,98,642.16
1782638433956,4,100,98,647.06
1782638433956,5,100,98,663.44
1782638433956,6,100,98,623.93
1782638433956,7,100,98,631.56
1782638434254,0,100,98,651.03
1782638434254,1,100,98,645.61
1782638434254,2,100,98,631.27
1782638434254,3,100,97,634.39
1782638434254,4,100,98,638.14
1782638434254,5,100,98,654.90
1782638434254,6,100,97,615.31
1782638434254,7,100,98,624.98
1782638434554,0,100,97,642.74
1782638434554,1,100,97,637.93
1782638434554,2,100,98,623.72
1782638434554,3,100,97,624.90
1782638434554,4,100,98,630.40
1782638434554,5,100,98,645.79
1782638434554,6,100,97,608.57
1782638434554,7,100,98,617.19
1782638434854,0,100,97,637.69
1782638434854,1,100,98,629.52
1782638434854,2,100,97,615.66
1782638434854,3,100,97,623.06
1782638434854,4,100,97,625.90
1782638434854,5,100,98,637.93
1782638434854,6,100,97,607.01
1782638434854,7,100,97,614.55
1782638435155,0,100,97,635.90
1782638435155,1,100,97,628.23
1782638435155,2,100,97,615.08
1782638435155,3,100,97,621.08
1782638435155,4,100,97,623.99
1782638435155,5,100,97,633.82
1782638435155,6,100,97,606.02
1782638435155,7,100,97,613.86
1782638435454,0,100,97,635.09
1782638435454,1,100,97,626.09
1782638435454,2,100,97,612.77
1782638435454,3,100,96,620.16
1782638435454,4,100,97,622.13
1782638435454,5,100,97,632.89
1782638435454,6,100,96,604.71
1782638435454,7,100,97,612.14
1782638435832,0,100,97,634.06
1782638435832,1,100,97,624.34
1782638435832,2,100,97,611.22
1782638435832,3,100,96,620.36
1782638435832,4,100,97,620.55
1782638435832,5,100,97,631.90
1782638435832,6,100,97,603.19
1782638435832,7,100,97,610.17
1782638436133,0,100,97,632.88
1782638436133,1,100,97,623.72
1782638436133,2,100,97,609.94
1782638436133,3,100,96,620.54
1782638436133,4,100,97,620.03
1782638436133,5,100,97,631.23
1782638436133,6,100,96,602.28
1782638436133,7,100,97,612.01
1782638436434,0,100,96,633.33
1782638436434,1,100,97,620.83
1782638436434,2,100,96,607.62
1782638436434,3,100,96,627.71
1782638436434,4,100,96,622.38
1782638436434,5,100,97,630.28
1782638436434,6,95,89,624.75
1782638436434,7,100,96,611.64
1782638436717,0,96,52,660.91
1782638436717,1,100,51,644.58
1782638436717,2,96,75,637.54
1782638436717,3,100,44,662.79
1782638436717,4,100,55,660.35
1782638436717,5,97,70,636.22
1782638436717,6,100,48,659.02
1782638436717,7,100,58,660.81
1782638436981,0,100,45,690.67
1782638436981,1,100,48,664.12
1782638436981,2,100,48,660.74
1782638436981,3,100,51,691.53
1782638436981,4,100,47,682.29
1782638436981,5,100,43,659.67
1782638436981,6,100,44,682.10
1782638436981,7,97,47,689.47
1782638437246,0,100,42,694.66
1782638437246,1,97,48,694.16
1782638437246,2,100,44,690.52
1782638437246,3,100,44,698.69
1782638437246,4,100,43,697.26
1782638437246,5,100,58,689.05
1782638437246,6,100,43,697.54
1782638437246,7,100,42,696.65
1782638437510,0,100,43,698.37
1782638437510,1,100,41,702.39
1782638437510,2,100,42,702.48
1782638437510,3,100,43,699.81
1782638437510,4,100,41,699.43
1782638437510,5,100,42,698.21
1782638437510,6,100,44,696.11
1782638437510,7,100,42,697.08
1782638437773,0,100,44,695.90
1782638437773,1,100,45,697.62
1782638437773,2,100,45,698.34
1782638437773,3,100,44,696.69
1782638437773,4,100,44,693.50
1782638437773,5,100,43,697.29
1782638437773,6,100,45,697.06
1782638437773,7,100,45,689.11
1782638438036,0,100,44,692.16
1782638438036,1,100,44,699.84
1782638438036,2,100,45,699.09
1782638438036,3,100,42,696.94
1782638438036,4,100,44,696.83
1782638438036,5,100,45,698.32
1782638438036,6,100,45,691.05
1782638438036,7,100,45,694.46
1782638438298,0,100,41,696.25
1782638438298,1,100,44,696.70
1782638438298,2,100,44,694.27
1782638438298,3,100,42,690.98
1782638438298,4,100,44,686.57
1782638438298,5,100,43,694.59
1782638438298,6,100,91,662.90
1782638438298,7,100,41,696.31
1782638438578,0,100,92,669.93
1782638438578,1,99,42,698.84
1782638438578,2,100,64,679.01
1782638438578,3,100,91,629.70
1782638438578,4,100,90,622.73
1782638438578,5,100,42,695.65
1782638438578,6,100,91,594.87
1782638438578,7,100,92,649.39
1782638438879,0,100,92,610.68
1782638438879,1,100,91,611.67
1782638438879,2,100,92,610.30
1782638438879,3,100,91,566.47
1782638438879,4,100,90,561.32
1782638438879,5,100,91,666.56
1782638438879,6,100,90,527.15
1782638438879,7,100,92,581.87
1782638439187,0,100,91,559.13
1782638439187,1,100,91,553.08
1782638439187,2,100,92,552.44
1782638439187,3,100,90,519.03
1782638439187,4,100,89,503.76
1782638439187,5,100,92,609.07
1782638439187,6,100,90,491.64
1782638439187,7,100,91,531.17
1782638439492,0,100,90,521.78
1782638439492,1,100,90,509.50
1782638439492,2,100,92,505.34
1782638439492,3,100,89,508.03
1782638439492,4,100,88,503.96
1782638439492,5,100,92,559.21
1782638439492,6,100,88,491.80
1782638439492,7,100,91,496.00
1782638439794,0,100,89,522.16
1782638439794,1,100,90,506.80
1782638439794,2,100,91,504.76
1782638439794,3,100,88,505.89
1782638439794,4,100,87,504.28
1782638439794,5,100,92,510.39
1782638439794,6,100,89,494.46
1782638439794,7,100,89,497.48
1782638440099,0,100,89,521.97
1782638440099,1,100,89,507.55
1782638440099,2,100,90,508.08
1782638440099,3,100,87,505.05
1782638440099,4,100,91,501.19
1782638440099,5,100,90,506.19
1782638440099,6,100,91,496.46
1782638440099,7,100,89,498.63
1782638440404,0,100,87,522.88
1782638440404,1,100,88,508.41
1782638440404,2,100,89,508.22
1782638440404,3,100,91,499.99
1782638440404,4,100,90,500.26
1782638440404,5,100,90,507.32
1782638440404,6,100,91,495.69
1782638440404,7,100,87,500.19
1782638440711,0,100,89,519.07
1782638440711,1,100,87,508.37
1782638440711,2,100,88,511.22
1782638440711,3,100,90,499.50
1782638440711,4,100,88,494.59
1782638440711,5,100,89,507.07
1782638440711,6,100,87,490.07
1782638440711,7,100,88,499.49
1782638441018,0,100,91,517.60
1782638441018,1,100,91,509.06
1782638441018,2,100,89,509.32
1782638441018,3,100,88,495.98
1782638441018,4,100,87,489.86
1782638441018,5,100,88,506.30
1782638441018,6,100,88,481.54
1782638441018,7,100,90,494.39
1782638441406,0,100,88,504.36
1782638441406,1,100,87,503.86
1782638441406,2,100,90,511.03
1782638441406,3,100,88,492.94
1782638441406,4,100,89,487.88
1782638441406,5,100,87,505.66
1782638441406,6,100,88,478.69
1782638441406,7,100,89,490.15
1782638441746,0,100,87,501.19
1782638441746,1,100,88,493.70
1782638441746,2,100,89,506.28
1782638441746,3,100,90,492.68
1782638441746,4,100,90,486.90
1782638441746,5,100,91,504.33
1782638441746,6,100,90,480.29
1782638441746,7,100,88,486.77
1782638442057,0,100,90,500.65
1782638442057,1,100,87,487.53
1782638442057,2,100,88,502.30
1782638442057,3,100,87,489.69
1782638442057,4,100,89,481.28
1782638442057,5,100,90,501.94
1782638442057,6,100,89,474.38
1782638442057,7,100,90,487.23
1782638442369,0,100,87,501.31
1782638442369,1,100,89,487.02
1782638442369,2,100,90,494.95
1782638442369,3,100,89,485.43
1782638442369,4,100,88,473.51
1782638442369,5,100,88,496.96
1782638442369,6,100,89,467.83
1782638442369,7,100,88,484.91
1782638442677,0,100,88,497.68
1782638442677,1,100,88,486.73
1782638442677,2,100,90,493.77
1782638442677,3,100,88,475.86
1782638442677,4,100,88,466.83
1782638442677,5,100,87,492.09
1782638442677,6,100,88,459.39
1782638442677,7,99,87,480.49
1782638442985,0,100,88,489.88
1782638442985,1,100,89,482.78
1782638442985,2,100,89,488.23
1782638442985,3,100,88,469.21
1782638442985,4,100,88,459.91
1782638442985,5,100,90,489.05
1782638442985,6,100,88,454.38
1782638442985,7,100,89,473.80
1782638443291,0,100,88,481.36
1782638443291,1,100,88,474.87
1782638443291,2,100,88,481.86
1782638443291,3,100,88,463.28
1782638443291,4,100,88,453.23
1782638443291,5,100,87,487.67
1782638443291,6,100,88,448.74
1782638443291,7,100,88,465.89
1782638443599,0,100,88,474.68
1782638443599,1,100,88,469.69
1782638443599,2,100,88,474.11
1782638443599,3,100,88,458.22
1782638443599,4,4,4,393.47
1782638443599,5,100,89,483.98
1782638443599,6,100,88,425.94
1782638443599,7,100,88,459.92
1782638443885,0,100,88,469.38
1782638443885,1,100,88,466.81
1782638443885,2,100,88,466.69
1782638443885,3,0,0,375.12
1782638443885,4,0,0,297.21
1782638443885,5,100,89,477.73
1782638443885,6,0,0,327.47
1782638443885,7,100,88,453.42
1782638444165,0,0,0,428.01
1782638444165,1,100,88,459.50
1782638444165,2,100,88,462.19
1782638444165,3,0,0,275.17
1782638444165,4,0,0,233.86
1782638444165,5,100,88,473.08
1782638444165,6,0,0,262.98
1782638444165,7,100,88,434.29
1782638444426,0,0,0,363.21
1782638444426,1,24,21,379.98
1782638444426,2,100,88,450.79
1782638444426,3,0,0,214.65
1782638444426,4,0,0,134.92
1782638444426,5,100,89,467.74
1782638444426,6,0,0,167.33
1782638444426,7,0,0,335.26
1782638444675,0,0,0,265.12
1782638444675,1,0,0,317.13
1782638444675,2,0,0,387.41
1782638444675,3,0,0,150.94
1782638444675,4,0,0,126.31
1782638444675,5,100,88,463.95
1782638444675,6,0,0,120.81
1782638444675,7,0,0,273.13
1782638444915,0,0,0,195.04
1782638444915,1,0,0,248.71
1782638444915,2,0,0,292.80
1782638444915,3,0,0,125.40
1782638444915,4,0,0,125.79
1782638444915,5,100,88,453.80
1782638444915,6,0,0,119.04
1782638444915,7,0,0,178.48
1782638445151,0,0,0,136.58
1782638445151,1,0,0,158.13
1782638445151,2,0,0,230.20
1782638445151,3,0,0,125.01
1782638445151,4,0,0,125.66
1782638445151,5,0,0,388.69
1782638445151,6,0,0,118.82
1782638445151,7,0,0,124.38
1782638445412,0,38,6,134.05
1782638445412,1,19,3,131.60
1782638445412,2,38,6,140.32
1782638445412,3,40,6,127.50
1782638445412,4,41,6,127.70
1782638445412,5,28,4,291.33
1782638445412,6,20,3,119.78
1782638445412,7,22,3,124.01
1782638445731,0,0,0,133.74
1782638445731,1,28,4,131.41
1782638445731,2,0,0,137.05
1782638445731,3,0,0,127.33
1782638445731,4,12,2,128.11
1782638445731,5,0,0,195.59
1782638445731,6,0,0,121.10
1782638445731,7,23,4,125.30
1782638445960,0,0,0,133.54
1782638445960,1,0,0,130.67
1782638445960,2,0,0,136.79
1782638445960,3,0,0,127.20
1782638445960,4,0,0,128.02
1782638445960,5,0,0,129.27
1782638445960,6,0,0,120.90
1782638445960,7,0,0,125.09
1782638446187,0,0,0,133.26
1782638446187,1,2,0,130.45
1782638446187,2,2,0,136.53
1782638446187,3,0,0,126.99
1782638446187,4,0,0,127.91
1782638446187,5,2,0,127.03
1782638446187,6,0,0,120.81
1782638446187,7,0,0,125.12
1782638446416,0,0,0,131.63
1782638446416,1,0,0,127.97
1782638446416,2,0,0,134.40
1782638446416,3,0,0,124.74
1782638446416,4,0,0,125.66
1782638446416,5,0,0,124.24
1782638446416,6,0,0,119.57
1782638446416,7,0,0,123.67
1782638446701,0,100,1,130.72
1782638446701,1,60,0,127.45
1782638446701,2,100,1,133.91
1782638446701,3,100,1,124.34
1782638446701,4,92,1,125.37
1782638446701,5,81,0,124.28
1782638446701,6,79,1,118.36
1782638446701,7,80,1,122.57
1782638446946,0,0,0,130.59
1782638446946,1,0,0,127.39
1782638446946,2,3,0,133.84
1782638446946,3,0,0,124.24
1782638446946,4,28,0,125.39
1782638446946,5,0,0,124.18
1782638446946,6,0,0,118.40
1782638446946,7,0,0,122.48
1782638447219,0,0,0,130.42
1782638447219,1,0,0,127.24
1782638447219,2,0,0,133.71
1782638447219,3,0,0,124.24
1782638447219,4,0,0,125.46
1782638447219,5,100,0,124.24
1782638447219,6,31,0,118.51
1782638447219,7,100,0,122.50
1782638447448,0,0,0,130.74
1782638447448,1,30,0,127.55
1782638447448,2,0,0,133.97
1782638447448,3,2,0,124.65
1782638447448,4,0,0,125.81
1782638447448,5,0,0,124.28
1782638447448,6,7,0,118.67
1782638447448,7,0,0,122.59
1782638447679,0,0,0,133.10
1782638447679,1,0,0,128.09
1782638447679,2,3,0,140.46
1782638447679,3,1,0,129.36
1782638447679,4,0,0,133.67
1782638447679,5,41,7,133.87
1782638447679,6,7,3,124.96
1782638447679,7,0,0,131.05
1782638448002,0,97,46,240.16
1782638448002,1,36,17,203.81
1782638448002,2,12,4,206.76
1782638448002,3,9,4,244.06
1782638448002,4,98,45,254.88
1782638448002,5,98,45,266.03
1782638448002,6,72,32,249.37
1782638448002,7,98,44,254.27
1782638448261,0,98,47,408.25
1782638448261,1,85,41,411.21
1782638448261,2,98,47,409.59
1782638448261,3,98,45,400.40
1782638448261,4,98,45,397.54
1782638448261,5,33,16,404.30
1782638448261,6,68,31,391.79
1782638448261,7,97,44,397.80
1782638448611,0,82,41,464.79
1782638448611,1,0,0,435.36
1782638448611,2,87,42,485.34
1782638448611,3,0,0,461.02
1782638448611,4,51,22,468.00
1782638448611,5,39,20,488.06
1782638448611,6,8,3,467.99
1782638448611,7,82,30,477.14
1782638448875,0,98,47,594.57
1782638448875,1,98,48,590.47
1782638448875,2,98,47,587.29
1782638448875,3,98,46,582.58
1782638448875,4,98,47,571.82
1782638448875,5,98,47,590.28
1782638448875,6,98,47,571.47
1782638448875,7,98,47,578.72
1782638449137,0,98,46,587.91
1782638449137,1,99,46,584.29
1782638449137,2,98,47,581.87
1782638449137,3,98,46,578.54
1782638449137,4,98,47,579.55
1782638449137,5,91,44,583.77
1782638449137,6,91,43,570.30
1782638449137,7,98,47,582.47
1782638449402,0,98,46,639.54
1782638449402,1,98,45,605.80
1782638449402,2,98,48,660.08
1782638449402,3,98,47,641.01
1782638449402,4,98,47,662.12
1782638449402,5,98,47,665.27
1782638449402,6,98,46,646.18
1782638449402,7,98,46,658.61
1782638449665,0,98,44,701.59
1782638449665,1,98,40,697.45
1782638449665,2,98,46,693.43
1782638449665,3,98,44,704.77
1782638449665,4,98,43,694.37
1782638449665,5,98,44,695.84
1782638449665,6,98,42,690.87
1782638449665,7,98,44,698.91
1782638449930,0,98,47,685.64
1782638449930,1,98,45,686.84
1782638449930,2,98,47,684.11
1782638449930,3,98,46,696.19
1782638449930,4,95,45,685.54
1782638449930,5,98,47,689.27
1782638449930,6,98,46,676.89
1782638449930,7,98,47,685.31
1782638450195,0,99,46,689.20
1782638450195,1,98,44,691.40
1782638450195,2,98,47,685.56
1782638450195,3,98,46,693.37
1782638450195,4,98,47,687.48
1782638450195,5,98,47,694.27
1782638450195,6,98,46,677.40
1782638450195,7,99,46,680.26
1782638450456,0,98,45,688.39
1782638450456,1,91,45,689.22
1782638450456,2,98,46,685.54
1782638450456,3,90,43,693.03
1782638450456,4,98,47,686.61
1782638450456,5,98,47,685.78
1782638450456,6,98,47,682.82
1782638450456,7,98,46,680.29
1782638450719,0,98,44,699.17
1782638450719,1,98,45,698.14
1782638450719,2,98,45,700.29
1782638450719,3,98,44,695.39
1782638450719,4,98,44,699.85
1782638450719,5,99,44,695.07
1782638450719,6,98,46,699.82
1782638450719,7,98,44,698.33
1782638450984,0,98,46,689.74
1782638450984,1,98,45,687.51
1782638450984,2,93,42,684.26
1782638450984,3,91,44,682.05
1782638450984,4,99,46,683.04
1782638450984,5,98,46,685.25
1782638450984,6,98,47,684.50
1782638450984,7,92,42,683.53
1782638451249,0,98,46,688.33
1782638451249,1,98,46,687.91
1782638451249,2,98,47,688.88
1782638451249,3,98,46,682.86
1782638451249,4,98,46,690.06
1782638451249,5,98,47,693.20
1782638451249,6,98,46,688.55
1782638451249,7,98,46,683.79
1782638451509,0,91,45,689.20
1782638451509,1,99,46,687.53
1782638451509,2,91,46,684.17
1782638451509,3,98,47,686.85
1782638451509,4,91,43,688.38
1782638451509,5,98,44,690.58
1782638451509,6,98,45,685.92
1782638451509,7,91,43,686.73
1782638451774,0,98,45,693.30
1782638451774,1,98,45,689.50
1782638451774,2,98,45,678.38
1782638451774,3,98,45,696.92
1782638451774,4,98,45,686.28
1782638451774,5,98,45,686.92
1782638451774,6,98,45,681.65
1782638451774,7,98,45,679.44
1782638452036,0,98,47,683.04
1782638452036,1,92,44,691.24
1782638452036,2,98,48,679.03
1782638452036,3,98,46,693.40
1782638452036,4,91,44,684.84
1782638452036,5,91,45,682.36
1782638452036,6,92,41,680.52
1782638452036,7,91,42,683.82
1782638452300,0,98,45,681.74
1782638452300,1,98,46,695.39
1782638452300,2,98,46,685.18
1782638452300,3,98,46,693.36
1782638452300,4,98,46,692.92
1782638452300,5,98,46,691.30
1782638452300,6,98,45,685.98
1782638452300,7,98,45,690.24
1782638452565,0,98,47,689.51
1782638452565,1,92,43,687.47
1782638452565,2,99,48,685.65
1782638452565,3,93,44,692.30
1782638452565,4,98,47,687.34
1782638452565,5,98,47,691.19
1782638452565,6,91,42,684.20
1782638452565,7,98,46,686.77
1782638452878,0,98,45,690.39
1782638452878,1,98,45,682.25
1782638452878,2,98,44,684.44
1782638452878,3,98,44,692.82
1782638452878,4,98,46,685.48
1782638452878,5,98,46,687.49
1782638452878,6,98,45,680.41
1782638452878,7,98,45,684.60
1782638453137,0,94,45,682.16
1782638453137,1,90,44,680.82
1782638453137,2,92,45,686.00
1782638453137,3,92,44,682.24
1782638453137,4,98,45,680.73
1782638453137,5,98,47,693.38
1782638453137,6,98,47,682.44
1782638453137,7,99,45,687.61
1782638453403,0,98,44,679.25
1782638453403,1,98,46,680.69
1782638453403,2,98,47,686.07
1782638453403,3,98,46,686.04
1782638453403,4,98,44,680.12
1782638453403,5,98,45,698.15
1782638453403,6,98,46,680.91
1782638453403,7,98,44,689.34
1782638453665,0,91,41,681.67
1782638453665,1,98,46,683.31
1782638453665,2,92,41,687.46
1782638453665,3,98,44,683.95
1782638453665,4,92,41,683.51
1782638453665,5,96,45,687.70
1782638453665,6,99,45,682.35
1782638453665,7,92,41,684.95
1782638453929,0,98,45,689.72
1782638453929,1,98,45,679.36
1782638453929,2,98,45,685.97
1782638453929,3,98,45,693.74
1782638453929,4,98,45,685.31
1782638453929,5,98,45,689.78
1782638453929,6,98,45,687.72
1782638453929,7,98,45,684.06
1782638454193,0,90,44,687.77
1782638454193,1,98,44,683.80
1782638454193,2,98,45,684.63
1782638454193,3,98,45,685.92
1782638454193,4,98,44,686.74
1782638454193,5,92,44,684.83
1782638454193,6,92,44,682.46
1782638454193,7,91,45,683.11
1782638454461,0,98,46,689.05
1782638454461,1,98,45,685.20
1782638454461,2,98,47,681.98
1782638454461,3,98,47,688.40
1782638454461,4,98,46,686.42
1782638454461,5,98,46,687.05
1782638454461,6,98,45,683.33
1782638454461,7,98,45,684.58
1782638454728,0,98,46,686.38
1782638454728,1,91,41,689.28
1782638454728,2,98,46,686.44
1782638454728,3,98,45,681.11
1782638454728,4,98,45,687.75
1782638454728,5,91,46,684.01
1782638454728,6,91,42,684.73
1782638454728,7,98,45,686.20
1782638454992,0,98,46,691.59
1782638454992,1,98,44,693.59
1782638454992,2,98,47,690.48
1782638454992,3,98,45,690.23
1782638454992,4,90,43,693.76
1782638454992,5,98,46,690.60
1782638454992,6,98,46,687.99
1782638454992,7,98,46,684.28
1782638455255,0,99,44,696.36
1782638455255,1,98,44,685.97
1782638455255,2,99,45,684.80
1782638455255,3,98,45,694.15
1782638455255,4,98,46,684.92
1782638455255,5,98,46,682.73
1782638455255,6,98,45,686.29
1782638455255,7,98,47,682.82
1782638455520,0,98,46,695.52
1782638455520,1,91,41,692.96
1782638455520,2,98,46,687.76
1782638455520,3,98,46,694.23
1782638455520,4,98,46,691.02
1782638455520,5,98,45,689.63
1782638455520,6,98,46,690.88
1782638455520,7,98,46,690.21
1782638455783,0,91,42,683.61
1782638455783,1,98,46,695.97
1782638455783,2,98,46,693.27
1782638455783,3,98,46,689.03
1782638455783,4,98,45,695.61
1782638455783,5,99,45,699.07
1782638455783,6,98,46,694.60
1782638455783,7,98,45,698.07
1782638456049,0,98,45,690.13
1782638456049,1,90,41,691.80
1782638456049,2,98,46,687.02
1782638456049,3,91,42,691.74
1782638456049,4,98,45,697.41
1782638456049,5,98,46,689.86
1782638456049,6,98,47,692.22
1782638456049,7,98,45,694.95
1782638456312,0,98,44,693.49
1782638456312,1,98,44,683.57
1782638456312,2,98,44,684.07
1782638456312,3,98,44,698.29
1782638456312,4,98,45,691.53
1782638456312,5,91,43,687.63
1782638456312,6,99,44,686.93
1782638456312,7,98,44,687.20
1782638456602,0,98,45,689.34
1782638456602,1,98,46,689.86
1782638456602,2,91,43,688.01
1782638456602,3,90,43,694.29
1782638456602,4,91,43,691.87
1782638456602,5,98,46,689.58
1782638456602,6,98,46,687.50
1782638456602,7,98,46,686.82
1782638456867,0,98,46,688.99
1782638456867,1,98,45,697.16
1782638456867,2,98,45,690.45
1782638456867,3,98,46,694.94
1782638456867,4,98,45,693.39
1782638456867,5,98,45,698.15
1782638456867,6,98,45,697.59
1782638456867,7,98,45,691.20
1782638457130,0,96,45,686.72
1782638457130,1,98,46,687.43
1782638457130,2,98,47,683.69
1782638457130,3,98,47,690.66
1782638457130,4,91,45,685.80
1782638457130,5,98,47,692.97
1782638457130,6,98,46,689.12
1782638457130,7,91,45,686.55
1782638457393,0,98,45,689.74
1782638457393,1,98,44,694.07
1782638457393,2,98,46,686.98
1782638457393,3,98,45,697.02
1782638457393,4,98,46,685.42
1782638457393,5,98,45,697.34
1782638457393,6,98,45,687.28
1782638457393,7,98,46,693.94
1782638457659,0,98,47,681.61
1782638457659,1,92,42,680.56
1782638457659,2,98,47,678.92
1782638457659,3,99,46,687.52
1782638457659,4,98,46,683.43
1782638457659,5,91,43,689.28
1782638457659,6,91,43,681.92
1782638457659,7,98,46,687.32
1782638457923,0,98,46,683.08
1782638457923,1,98,44,691.65
1782638457923,2,98,47,689.65
1782638457923,3,98,46,692.39
1782638457923,4,98,45,692.48
1782638457923,5,98,45,692.45
1782638457923,6,98,45,693.62
1782638457923,7,98,47,692.79
1782638458188,0,98,45,683.38
1782638458188,1,91,43,685.66
1782638458188,2,93,42,684.82
1782638458188,3,92,43,680.76
1782638458188,4,91,43,686.38
1782638458188,5,98,47,687.06
1782638458188,6,98,47,682.28
1782638458188,7,99,43,687.01
1782638458452,0,98,44,692.15
1782638458452,1,98,45,685.43
1782638458452,2,98,45,682.75
1782638458452,3,98,44,693.94
1782638458452,4,98,45,681.82
1782638458452,5,98,45,685.64
1782638458452,6,98,46,690.73
1782638458452,7,98,45,680.60
1782638458750,0,91,41,687.13
1782638458750,1,98,46,687.15
1782638458750,2,91,42,683.84
1782638458750,3,91,45,684.47
1782638458750,4,90,42,685.27
1782638458750,5,98,46,686.17
1782638458750,6,98,47,681.52
1782638458750,7,91,41,684.35
1782638459014,0,98,45,686.22
1782638459014,1,98,45,688.95
1782638459014,2,98,45,693.22
1782638459014,3,98,46,682.94
1782638459014,4,98,46,693.07
1782638459014,5,98,45,696.68
1782638459014,6,98,45,694.05
1782638459014,7,98,45,696.55
1782638459278,0,91,41,684.85
1782638459278,1,98,46,684.49
1782638459278,2,91,41,682.87
1782638459278,3,98,45,679.54
1782638459278,4,91,39,682.84
1782638459278,5,92,41,680.93
1782638459278,6,99,47,682.93
1782638459278,7,91,38,682.40
1782638459542,0,98,46,686.78
1782638459542,1,98,44,686.72
1782638459542,2,97,46,680.25
1782638459542,3,98,46,679.14
1782638459542,4,98,46,684.31
1782638459542,5,98,44,683.71
1782638459542,6,98,44,679.79
1782638459542,7,98,46,685.49
1782638459807,0,98,47,685.08
1782638459807,1,99,46,687.06
1782638459807,2,98,46,680.29
1782638459807,3,98,45,685.48
1782638459807,4,98,45,682.14
1782638459807,5,91,45,682.16
1782638459807,6,92,43,681.84
1782638459807,7,91,44,685.47
1782638460072,0,98,46,684.54
1782638460072,1,98,46,682.66
1782638460072,2,98,46,684.92
1782638460072,3,98,46,687.02
1782638460072,4,98,45,683.90
1782638460072,5,98,45,685.85
1782638460072,6,98,46,684.28
1782638460072,7,98,46,686.09
1782638460336,0,98,46,681.99
1782638460336,1,92,40,684.44
1782638460336,2,98,45,686.64
1782638460336,3,99,45,681.32
1782638460336,4,98,46,680.84
1782638460336,5,95,44,678.64
1782638460336,6,91,42,686.18
1782638460336,7,98,46,685.70
1782638460607,0,98,46,686.79
1782638460607,1,98,45,686.57
1782638460607,2,98,46,685.60
1782638460607,3,98,46,682.22
1782638460607,4,98,44,685.00
1782638460607,5,98,46,681.29
1782638460607,6,98,46,680.02
1782638460607,7,98,46,683.57
1782638460873,0,99,45,688.97
1782638460873,1,98,43,686.78
1782638460873,2,99,46,688.48
1782638460873,3,98,44,676.46
1782638460873,4,92,42,683.36
1782638460873,5,98,45,677.08
1782638460873,6,98,45,681.87
1782638460873,7,99,45,684.15
1782638461135,0,98,46,688.80
1782638461135,1,98,45,688.85
1782638461135,2,98,46,686.28
1782638461135,3,98,46,680.84
1782638461135,4,98,45,686.77
1782638461135,5,98,45,683.40
1782638461135,6,98,46,686.64
1782638461135,7,98,47,685.03
1782638461397,0,91,43,686.82
1782638461397,1,98,44,691.37
1782638461397,2,98,45,693.31
1782638461397,3,98,44,675.66
1782638461397,4,98,46,696.05
1782638461397,5,99,44,693.47
1782638461397,6,98,46,686.70
1782638461397,7,92,43,684.71
1782638461660,0,98,46,690.59
1782638461660,1,98,46,692.13
1782638461660,2,98,47,690.73
1782638461660,3,91,44,682.17
1782638461660,4,98,46,689.81
1782638461660,5,98,46,687.04
1782638461660,6,98,46,692.26
1782638461660,7,98,46,687.85
1782638461944,0,98,44,694.73
1782638461944,1,98,46,679.79
1782638461944,2,98,44,682.95
1782638461944,3,98,45,687.53
1782638461944,4,98,46,680.50
1782638461944,5,92,42,679.11
1782638461944,6,99,46,681.68
1782638461944,7,98,44,676.03
1782638462205,0,98,46,687.85
1782638462205,1,98,47,684.01
1782638462205,2,91,42,685.06
1782638462205,3,96,45,683.34
1782638462205,4,98,46,689.56
1782638462205,5,98,47,683.88
1782638462205,6,98,47,687.92
1782638462205,7,98,46,685.44
1782638462468,0,98,45,690.14
1782638462468,1,98,46,694.30
1782638462468,2,98,45,692.00
1782638462468,3,98,47,690.79
1782638462468,4,99,44,690.39
1782638462468,5,98,45,700.94
1782638462468,6,98,45,695.89
1782638462468,7,98,45,692.11
1782638462734,0,98,47,686.95
1782638462734,1,98,45,692.15
1782638462734,2,98,48,687.77
1782638462734,3,98,46,680.49
1782638462734,4,98,45,689.58
1782638462734,5,98,46,688.10
1782638462734,6,98,46,690.21
1782638462734,7,91,42,693.39
1782638462998,0,98,46,697.85
1782638462998,1,98,45,692.81
1782638462998,2,98,46,685.45
1782638462998,3,98,46,695.33
1782638462998,4,98,45,691.42
1782638462998,5,98,44,694.01
1782638462998,6,98,44,684.33
1782638462998,7,98,45,687.07
1782638463260,0,98,47,690.24
1782638463260,1,91,40,686.47
1782638463260,2,98,47,684.95
1782638463260,3,99,47,682.55
1782638463260,4,98,46,685.73
1782638463260,5,96,45,677.95
1782638463260,6,91,41,680.49
1782638463260,7,98,47,690.77
1782638463521,0,98,45,692.40
1782638463521,1,98,46,687.21
1782638463521,2,98,45,691.69
1782638463521,3,98,46,690.10
1782638463521,4,98,45,688.69
1782638463521,5,98,45,689.08
1782638463521,6,98,45,693.55
1782638463521,7,98,46,693.34
1782638463781,0,98,45,689.84
1782638463781,1,91,44,683.50
1782638463781,2,99,47,685.08
1782638463781,3,91,42,684.52
1782638463781,4,92,43,684.29
1782638463781,5,98,46,682.32
1782638463781,6,98,47,684.88
1782638463781,7,99,44,683.78
1782638464046,0,98,45,691.70
1782638464046,1,98,46,692.21
1782638464046,2,98,45,686.81
1782638464046,3,98,46,680.43
1782638464046,4,98,45,685.08
1782638464046,5,98,46,681.78
1782638464046,6,98,46,694.10
1782638464046,7,98,45,689.96
1782638464347,0,91,41,688.21
1782638464347,1,98,46,685.62
1782638464347,2,92,42,687.24
1782638464347,3,91,44,685.07
1782638464347,4,92,42,685.70
1782638464347,5,98,47,683.91
1782638464347,6,98,46,690.55
1782638464347,7,91,42,685.87
1782638464609,0,98,44,693.25
1782638464609,1,98,44,684.99
1782638464609,2,98,46,689.03
1782638464609,3,98,46,682.97
1782638464609,4,98,44,687.88
1782638464609,5,98,45,688.14
1782638464609,6,98,45,689.13
1782638464609,7,98,44,689.66
1782638464873,0,91,44,689.29
1782638464873,1,98,45,680.04
1782638464873,2,91,44,682.33
1782638464873,3,98,44,683.03
1782638464873,4,98,45,682.12
1782638464873,5,92,44,682.17
1782638464873,6,99,47,683.62
1782638464873,7,91,42,686.50
1782638465137,0,98,46,692.90
1782638465137,1,98,42,692.34
1782638465137,2,98,46,686.97
1782638465137,3,98,46,682.92
1782638465137,4,98,46,688.73
1782638465137,5,98,45,678.07
1782638465137,6,98,45,688.45
1782638465137,7,98,46,696.08
1782638465402,0,100,1,615.70
1782638465402,1,87,34,637.00
1782638465402,2,98,45,650.58
1782638465402,3,98,46,609.25
1782638465402,4,100,1,598.20
1782638465402,5,85,15,585.63
1782638465402,6,85,29,586.59
1782638465402,7,85,1,590.46
1782638465672,0,59,1,457.58
1782638465672,1,5,1,427.14
1782638465672,2,63,1,440.62
1782638465672,3,32,1,442.90
1782638465672,4,5,1,435.84
1782638465672,5,6,1,429.96
1782638465672,6,4,1,427.28
1782638465672,7,81,1,426.22
1782638466013,0,5,1,294.26
1782638466013,1,4,1,259.99
1782638466013,2,5,1,273.85
1782638466013,3,4,1,276.48
1782638466013,4,7,1,258.57
1782638466013,5,7,1,253.60
1782638466013,6,6,1,253.23
1782638466013,7,5,1,245.74
1782638466333,0,5,0,136.98
1782638466333,1,4,1,139.17
1782638466333,2,4,0,136.69
1782638466333,3,20,0,129.67
1782638466333,4,10,0,128.12
1782638466333,5,0,0,127.32
1782638466333,6,0,0,121.98
1782638466333,7,0,0,131.13
1782638466565,0,0,0,134.80
1782638466565,1,0,0,132.96
1782638466565,2,0,0,135.82
1782638466565,3,0,0,128.31
1782638466565,4,0,0,127.02
1782638466565,5,0,0,126.27
1782638466565,6,0,0,121.34
1782638466565,7,0,0,123.89
1782638466794,0,0,0,133.02
1782638466794,1,0,0,131.87
1782638466794,2,0,0,135.18
1782638466794,3,0,0,127.36
1782638466794,4,0,0,126.38
1782638466794,5,0,0,125.79
1782638466794,6,0,0,120.84
1782638466794,7,0,0,123.32
1782638467021,0,0,0,132.13
1782638467021,1,0,0,130.95
1782638467021,2,0,0,134.62
1782638467021,3,0,0,126.13
1782638467021,4,0,0,125.70
1782638467021,5,0,0,125.22
1782638467021,6,0,0,120.30
1782638467021,7,0,0,122.75
1782638467250,0,0,0,131.39
1782638467250,1,0,0,129.80
1782638467250,2,0,0,133.66
1782638467250,3,0,0,125.19
1782638467250,4,0,0,124.71
1782638467250,5,0,0,124.27
1782638467250,6,0,0,119.23
1782638467250,7,0,0,121.85
1782638467477,0,0,0,131.04
1782638467477,1,0,0,129.45
1782638467477,2,0,0,133.42
1782638467477,3,0,0,124.91
1782638467477,4,0,0,124.46
1782638467477,5,0,0,124.03
1782638467477,6,0,0,118.95
1782638467477,7,0,0,121.66
1782638467704,0,0,0,130.66
1782638467704,1,0,0,129.20
1782638467704,2,0,0,133.17
1782638467704,3,0,0,124.58
1782638467704,4,0,0,124.29
1782638467704,5,0,0,123.82
1782638467704,6,0,0,118.68
1782638467704,7,0,0,121.56
1782638467934,0,0,0,130.39
1782638467934,1,0,0,128.79
1782638467934,2,0,0,132.85
1782638467934,3,0,0,124.42
1782638467934,4,0,0,124.05
1782638467934,5,0,0,123.59
1782638467934,6,0,0,118.46
1782638467934,7,0,0,121.38
1782638468224,0,100,1,130.82
1782638468224,1,73,1,129.16
1782638468224,2,100,1,133.17
1782638468224,3,36,0,124.72
1782638468224,4,99,1,124.55
1782638468224,5,97,1,124.14
1782638468224,6,93,1,118.89
1782638468224,7,100,1,121.87
1782638468524,0,100,1,131.19
1782638468524,1,100,1,129.27
1782638468524,2,95,1,133.48
1782638468524,3,100,1,125.02
1782638468524,4,100,1,125.04
1782638468524,5,100,1,124.54
1782638468524,6,100,1,119.23
1782638468524,7,100,1,122.34
1782638468843,0,28,0,131.41
1782638468843,1,100,1,129.25
1782638468843,2,100,1,133.86
1782638468843,3,100,1,125.24
1782638468843,4,23,0,125.36
1782638468843,5,100,1,124.82
1782638468843,6,100,1,119.50
1782638468843,7,36,0,122.68
1782638469091,0,0,0,130.79
1782638469091,1,0,0,128.80
1782638469091,2,0,0,133.62
1782638469091,3,91,1,124.98
1782638469091,4,0,0,125.08
1782638469091,5,0,0,124.47
1782638469091,6,0,0,119.21
1782638469091,7,0,0,122.43
1782638469332,0,0,0,130.17
1782638469332,1,0,0,128.02
1782638469332,2,0,0,132.66
1782638469332,3,0,0,123.88
1782638469332,4,0,0,124.25
1782638469332,5,2,0,123.73
1782638469332,6,0,0,118.47
1782638469332,7,0,0,121.79
1782638469598,0,45,19,167.21
1782638469598,1,20,4,144.70
1782638469598,2,45,22,193.09
1782638469598,3,3,0,164.35
1782638469598,4,85,38,192.07
1782638469598,5,40,12,191.61
1782638469598,6,21,7,186.31
1782638469598,7,93,40,195.06
1782638469890,0,63,29,287.47
1782638469890,1,89,30,312.99
1782638469890,2,66,29,302.42
1782638469890,3,69,31,282.76
1782638469890,4,75,35,309.03
1782638469890,5,82,23,303.62
1782638469890,6,80,27,299.28
1782638469890,7,67,29,300.01
1782638470229,0,55,27,413.83
1782638470229,1,86,33,411.89
1782638470229,2,52,26,422.44
1782638470229,3,19,9,403.05
1782638470229,4,92,44,420.92
1782638470229,5,27,12,421.70
1782638470229,6,17,7,407.74
1782638470229,7,0,0,403.13
1782638470651,0,8,9,354.50
1782638470651,1,6,7,334.70
1782638470651,2,0,0,332.35
1782638470651,3,0,0,338.22
1782638470651,4,7,8,322.34
1782638470651,5,0,0,318.85
1782638470651,6,7,8,310.02
1782638470651,7,3,3,308.38
1782638471102,0,0,0,203.57
1782638471102,1,0,0,216.18
1782638471102,2,3,4,185.44
1782638471102,3,0,0,189.69
1782638471102,4,12,7,193.01
1782638471102,5,100,34,190.52
1782638471102,6,18,9,182.00
1782638471102,7,26,12,192.64
1782638471423,0,99,54,244.85
1782638471423,1,29,16,267.40
1782638471423,2,99,54,260.92
1782638471423,3,47,23,239.51
1782638471423,4,96,51,255.13
1782638471423,5,99,41,254.15
1782638471423,6,50,25,245.78
1782638471423,7,99,51,271.46
1782638471738,0,98,50,385.42
1782638471738,1,99,54,404.20
1782638471738,2,95,49,395.34
1782638471738,3,99,49,368.63
1782638471738,4,99,53,398.47
1782638471738,5,99,52,389.69
1782638471738,6,99,52,373.13
1782638471738,7,99,52,401.61
1782638472064,0,99,54,573.41
1782638472064,1,99,54,554.99
1782638472064,2,99,54,531.63
1782638472064,3,99,52,535.70
1782638472064,4,99,52,529.87
1782638472064,5,99,53,526.64
1782638472064,6,98,51,499.98
1782638472064,7,99,51,522.41
1782638472375,0,99,50,609.56
1782638472375,1,99,54,613.14
1782638472375,2,99,54,591.07
1782638472375,3,99,52,582.04
1782638472375,4,99,53,585.77
1782638472375,5,99,53,589.43
1782638472375,6,99,51,545.77
1782638472375,7,99,51,572.86
1782638472737,0,2,1,521.81
1782638472737,1,2,2,492.93
1782638472737,2,1,1,486.67
1782638472737,3,2,2,447.76
1782638472737,4,2,2,470.08
1782638472737,5,0,0,473.31
1782638472737,6,2,2,439.82
1782638472737,7,2,2,452.55
1782638473067,0,98,47,467.06
1782638473067,1,54,22,473.09
1782638473067,2,98,48,460.45
1782638473067,3,57,11,466.77
1782638473067,4,98,46,463.60
1782638473067,5,97,46,459.36
1782638473067,6,59,29,434.19
1782638473067,7,98,46,453.46
1782638473362,0,92,51,504.96
1782638473362,1,98,46,506.57
1782638473362,2,93,52,481.36
1782638473362,3,98,47,493.52
1782638473362,4,98,46,466.28
1782638473362,5,98,47,478.00
1782638473362,6,98,47,461.90
1782638473362,7,17,19,466.24
1782638473716,0,100,41,530.65
1782638473716,1,69,41,553.93
1782638473716,2,83,51,546.16
1782638473716,3,79,43,535.09
1782638473716,4,100,54,541.40
1782638473716,5,99,57,549.81
1782638473716,6,99,54,541.47
1782638473716,7,99,50,558.59
1782638474019,0,99,55,590.64
1782638474019,1,99,55,574.52
1782638474019,2,99,55,577.85
1782638474019,3,99,54,579.52
1782638474019,4,99,56,570.76
1782638474019,5,99,54,575.58
1782638474019,6,99,56,562.29
1782638474019,7,99,56,567.42
1782638474324,0,99,56,565.47
1782638474324,1,99,54,541.40
1782638474324,2,99,56,549.07
1782638474324,3,99,55,545.69
1782638474324,4,99,54,544.03
1782638474324,5,99,55,542.52
1782638474324,6,99,56,517.88
1782638474324,7,99,54,531.89
1782638474625,0,99,56,609.33
1782638474625,1,99,55,602.07
1782638474625,2,99,57,598.02
1782638474625,3,99,55,614.61
1782638474625,4,99,55,620.23
1782638474625,5,99,56,622.67
1782638474625,6,99,55,599.00
1782638474625,7,99,56,609.48
1782638474929,0,99,55,626.97
1782638474929,1,99,56,598.99
1782638474929,2,99,55,600.16
1782638474929,3,99,56,621.54
1782638474929,4,99,55,605.45
1782638474929,5,94,54,612.29
1782638474929,6,99,54,583.38
1782638474929,7,99,57,598.15
1782638475245,0,98,47,634.91
1782638475245,1,98,43,629.45
1782638475245,2,97,47,626.72
1782638475245,3,98,47,631.68
1782638475245,4,98,47,635.66
1782638475245,5,98,47,639.03
1782638475245,6,98,47,617.94
1782638475245,7,98,46,636.20
1782638475551,0,100,61,661.06
1782638475551,1,98,42,645.28
1782638475551,2,99,58,643.81
1782638475551,3,93,54,653.76
1782638475551,4,99,53,650.80
1782638475551,5,94,56,654.04
1782638475551,6,93,52,639.75
1782638475551,7,99,53,655.95
1782638475955,0,99,53,659.26
1782638475955,1,99,53,642.17
1782638475955,2,99,54,644.46
1782638475955,3,99,56,651.85
1782638475955,4,99,55,657.95
1782638475955,5,99,55,665.85
1782638475955,6,99,56,654.82
1782638475955,7,99,55,670.47
1782638476259,0,99,55,653.45
1782638476259,1,99,52,619.81
1782638476259,2,99,56,627.31
1782638476259,3,99,57,628.13
1782638476259,4,99,56,637.54
1782638476259,5,99,55,640.07
1782638476259,6,99,55,620.44
1782638476259,7,99,56,633.31
1782638476568,0,99,55,623.51
1782638476568,1,99,52,597.67
1782638476568,2,99,55,609.70
1782638476568,3,99,55,619.22
1782638476568,4,99,57,618.47
1782638476568,5,99,55,617.09
1782638476568,6,99,55,591.54
1782638476568,7,99,55,611.12
1782638476878,0,99,54,622.60
1782638476878,1,99,52,603.24
1782638476878,2,98,54,611.21
1782638476878,3,94,64,610.16
1782638476878,4,99,55,620.95
1782638476878,5,99,55,622.31
1782638476878,6,95,56,577.03
1782638476878,7,99,54,608.92
1782638477188,0,98,47,582.50
1782638477188,1,54,20,555.62
1782638477188,2,41,35,562.89
1782638477188,3,95,45,581.04
1782638477188,4,34,10,570.31
1782638477188,5,98,48,573.12
1782638477188,6,88,36,566.26
1782638477188,7,38,18,564.97
1782638477486,0,98,47,607.51
1782638477486,1,98,45,594.24
1782638477486,2,98,47,592.71
1782638477486,3,98,47,607.81
1782638477486,4,98,47,600.54
1782638477486,5,98,47,603.97
1782638477486,6,98,48,608.96
1782638477486,7,98,47,603.42
1782638477789,0,99,55,606.40
1782638477789,1,100,57,601.89
1782638477789,2,94,55,600.62
1782638477789,3,100,52,605.78
1782638477789,4,95,58,603.86
1782638477789,5,99,53,610.56
1782638477789,6,99,51,598.93
1782638477789,7,100,57,601.54
1782638478091,0,99,55,662.65
1782638478091,1,99,56,661.09
1782638478091,2,99,55,651.76
1782638478091,3,99,55,660.94
1782638478091,4,99,53,653.61
1782638478091,5,99,55,660.87
1782638478091,6,99,55,643.98
1782638478091,7,99,54,649.15
1782638478393,0,99,56,632.65
1782638478393,1,99,55,629.49
1782638478393,2,99,55,630.67
1782638478393,3,99,56,632.59
1782638478393,4,99,55,621.81
1782638478393,5,99,55,633.14
1782638478393,6,99,55,605.62
1782638478393,7,99,54,612.07
1782638478696,0,99,55,625.05
1782638478696,1,99,54,613.45
1782638478696,2,99,55,612.20
1782638478696,3,99,55,622.17
1782638478696,4,99,55,618.85
1782638478696,5,99,55,628.10
1782638478696,6,99,54,602.44
1782638478696,7,99,56,614.80
1782638479002,0,91,51,616.68
1782638479002,1,99,55,611.44
1782638479002,2,91,52,608.56
1782638479002,3,99,55,613.00
1782638479002,4,90,46,618.91
1782638479002,5,99,54,619.05
1782638479002,6,99,55,602.14
1782638479002,7,91,44,616.47
1782638479302,0,98,46,648.07
1782638479302,1,92,44,633.19
1782638479302,2,98,48,637.59
1782638479302,3,98,46,645.65
1782638479302,4,98,47,647.01
1782638479302,5,98,47,652.66
1782638479302,6,98,47,638.92
1782638479302,7,98,47,644.66
1782638479602,0,93,61,666.89
1782638479602,1,98,46,657.32
1782638479602,2,98,47,647.97
1782638479602,3,98,47,660.00
1782638479602,4,99,52,659.10
1782638479602,5,94,54,662.59
1782638479602,6,95,43,648.41
1782638479602,7,99,54,657.26
1782638479905,0,99,55,661.74
1782638479905,1,100,53,655.99
1782638479905,2,99,56,650.92
1782638479905,3,99,54,655.19
1782638479905,4,99,56,656.55
1782638479905,5,99,55,661.19
1782638479905,6,99,56,643.17
1782638479905,7,99,55,659.53
1782638480208,0,99,56,650.97
1782638480208,1,99,54,648.15
1782638480208,2,99,57,638.49
1782638480208,3,99,55,644.86
1782638480208,4,99,55,643.53
1782638480208,5,99,56,644.22
1782638480208,6,99,55,627.99
1782638480208,7,99,55,637.30
1782638480511,0,99,55,623.75
1782638480511,1,99,55,614.99
1782638480511,2,98,54,610.66
1782638480511,3,99,56,610.47
1782638480511,4,99,55,621.28
1782638480511,5,99,56,622.79
1782638480511,6,99,55,601.85
1782638480511,7,99,55,616.11
1782638480816,0,99,56,627.64
1782638480816,1,99,55,615.08
1782638480816,2,99,56,613.97
1782638480816,3,99,55,620.39
1782638480816,4,99,56,620.54
1782638480816,5,99,56,627.52
1782638480816,6,99,57,603.26
1782638480816,7,99,54,613.70
1782638481120,0,90,50,631.38
1782638481120,1,99,54,616.14
1782638481120,2,90,50,620.65
1782638481120,3,98,47,628.49
1782638481120,4,98,47,627.94
1782638481120,5,98,46,643.34
1782638481120,6,98,47,615.20
1782638481120,7,98,47,626.26
1782638481417,0,98,47,658.87
1782638481417,1,98,45,661.10
1782638481417,2,98,48,655.08
1782638481417,3,94,54,656.92
1782638481417,4,98,45,664.14
1782638481417,5,98,47,674.54
1782638481417,6,98,46,645.71
1782638481417,7,93,51,655.90
1782638481779,0,99,55,651.95
1782638481779,1,99,55,652.83
1782638481779,2,100,50,643.35
1782638481779,3,99,55,657.05
1782638481779,4,99,53,654.08
1782638481779,5,99,55,663.62
1782638481779,6,99,54,642.73
1782638481779,7,99,51,643.46
1782638482081,0,99,55,650.84
1782638482081,1,99,54,647.24
1782638482081,2,99,55,646.92
1782638482081,3,99,56,646.77
1782638482081,4,99,56,650.67
1782638482081,5,99,55,662.66
1782638482081,6,99,54,630.64
1782638482081,7,99,55,644.60
1782638482381,0,98,55,622.57
1782638482381,1,99,55,622.83
1782638482381,2,99,56,611.74
1782638482381,3,99,56,613.12
1782638482381,4,99,54,620.89
1782638482381,5,99,55,635.58
1782638482381,6,99,55,595.97
1782638482381,7,99,55,614.73
1782638482686,0,99,55,631.02
1782638482686,1,99,57,621.09
1782638482686,2,99,55,611.63
1782638482686,3,99,55,613.67
1782638482686,4,99,56,618.72
1782638482686,5,99,55,621.61
1782638482686,6,99,55,607.21
1782638482686,7,99,56,615.84
1782638482987,0,97,47,624.83
1782638482987,1,90,43,612.39
1782638482987,2,99,56,608.07
1782638482987,3,88,49,616.55
1782638482987,4,99,57,617.41
1782638482987,5,91,49,620.22
1782638482987,6,91,50,612.02
1782638482987,7,100,58,615.62
1782638483286,0,98,46,652.32
1782638483286,1,98,46,643.98
1782638483286,2,98,47,641.67
1782638483286,3,98,47,650.08
1782638483286,4,98,46,649.76
1782638483286,5,98,47,649.95
1782638483286,6,98,47,642.96
1782638483286,7,98,47,646.41
1782638483582,0,99,53,652.08
1782638483582,1,99,50,651.74
1782638483582,2,98,46,649.78
1782638483582,3,100,58,647.87
1782638483582,4,93,54,656.85
1782638483582,5,100,56,660.31
1782638483582,6,94,60,644.01
1782638483582,7,94,56,654.64
1782638483887,0,99,55,666.24
1782638483887,1,99,54,652.93
1782638483887,2,99,55,651.05
1782638483887,3,99,54,660.24
1782638483887,4,99,55,652.21
1782638483887,5,99,54,666.75
1782638483887,6,99,54,656.47
1782638483887,7,99,57,657.31
1782638484196,0,99,54,638.52
1782638484196,1,99,55,638.76
1782638484196,2,99,55,625.80
1782638484196,3,99,56,628.66
1782638484196,4,99,55,627.08
1782638484196,5,99,54,640.87
1782638484196,6,99,56,619.36
1782638484196,7,99,55,627.23
1782638484503,0,99,55,623.00
1782638484503,1,99,55,621.32
1782638484503,2,99,55,616.77
1782638484503,3,99,55,618.15
1782638484503,4,99,55,620.23
1782638484503,5,99,55,628.06
1782638484503,6,99,55,604.08
1782638484503,7,99,54,614.72
1782638484812,0,99,55,628.37
1782638484812,1,99,54,627.26
1782638484812,2,99,56,600.42
1782638484812,3,99,55,618.04
1782638484812,4,94,64,608.90
1782638484812,5,99,55,615.05
1782638484812,6,99,55,589.85
1782638484812,7,91,67,598.11
1782638485111,0,49,22,587.94
1782638485111,1,90,67,583.42
1782638485111,2,48,22,585.56
1782638485111,3,98,48,584.36
1782638485111,4,98,47,590.94
1782638485111,5,98,47,598.96
1782638485111,6,98,47,573.47
1782638485111,7,98,47,586.04
1782638485410,0,98,47,615.02
1782638485410,1,98,46,612.08
1782638485410,2,98,47,618.50
1782638485410,3,98,47,613.84
1782638485410,4,98,46,623.44
1782638485410,5,98,46,631.10
1782638485410,6,98,47,609.97
1782638485410,7,98,46,618.61
1782638485716,0,100,52,611.32
1782638485716,1,95,59,611.47
1782638485716,2,100,57,606.93
1782638485716,3,99,55,614.33
1782638485716,4,99,53,614.34
1782638485716,5,99,55,626.08
1782638485716,6,99,55,603.06
1782638485716,7,99,53,611.18
1782638486022,0,99,55,665.54
1782638486022,1,99,57,655.92
1782638486022,2,99,56,649.16
1782638486022,3,99,57,664.67
1782638486022,4,99,56,659.43
1782638486022,5,99,55,663.92
1782638486022,6,99,55,643.96
1782638486022,7,99,55,651.43
1782638486328,0,99,55,636.60
1782638486328,1,99,54,623.83
1782638486328,2,99,55,617.34
1782638486328,3,99,55,636.66
1782638486328,4,99,57,629.42
1782638486328,5,99,56,632.37
1782638486328,6,99,55,609.18
1782638486328,7,99,55,618.83
1782638486652,0,99,54,625.08
1782638486652,1,99,55,620.79
1782638486652,2,99,54,617.85
1782638486652,3,99,54,625.57
1782638486652,4,99,55,625.70
1782638486652,5,99,54,627.84
1782638486652,6,99,56,604.77
1782638486652,7,99,55,614.66
1782638486956,0,97,47,624.77
1782638486956,1,90,44,615.16
1782638486956,2,99,55,607.05
1782638486956,3,91,51,629.75
1782638486956,4,98,47,626.28
1782638486956,5,91,50,636.34
1782638486956,6,91,52,615.11
1782638486956,7,98,47,627.55
1782638487327,0,98,46,652.81
1782638487327,1,98,46,655.81
1782638487327,2,98,46,648.05
1782638487327,3,97,46,659.33
1782638487327,4,97,46,653.47
1782638487327,5,98,47,668.32
1782638487327,6,98,46,644.34
1782638487327,7,98,45,657.63
1782638487638,0,99,49,656.11
1782638487638,1,100,48,655.78
1782638487638,2,100,51,643.71
1782638487638,3,100,61,656.67
1782638487638,4,99,55,645.85
1782638487638,5,100,56,664.51
1782638487638,6,93,60,646.69
1782638487638,7,99,55,657.03
1782638487943,0,99,55,672.65
1782638487943,1,99,57,663.21
1782638487943,2,99,55,657.91
1782638487943,3,99,57,665.99
1782638487943,4,99,56,657.74
1782638487943,5,99,55,664.90
1782638487943,6,99,55,655.66
1782638487943,7,99,55,656.49
1782638488244,0,99,55,642.72
1782638488244,1,99,54,629.10
1782638488244,2,99,56,621.50
1782638488244,3,99,55,632.04
1782638488244,4,99,57,626.31
1782638488244,5,99,55,637.68
1782638488244,6,99,54,622.55
1782638488244,7,99,55,627.67
1782638488548,0,99,56,629.17
1782638488548,1,99,56,621.99
1782638488548,2,99,57,618.77
1782638488548,3,99,54,616.71
1782638488548,4,99,54,623.92
1782638488548,5,99,55,630.53
1782638488548,6,99,55,610.29
1782638488548,7,99,55,618.66
1782638488852,0,99,55,628.97
1782638488852,1,99,56,607.98
1782638488852,2,99,55,603.03
1782638488852,3,99,56,618.23
1782638488852,4,92,53,610.28
1782638488852,5,99,55,618.57
1782638488852,6,99,55,599.75
1782638488852,7,91,51,607.70
1782638489154,0,98,46,640.09
1782638489154,1,98,46,636.47
1782638489154,2,98,48,631.98
1782638489154,3,98,46,641.00
1782638489154,4,97,45,637.87
1782638489154,5,98,47,651.98
1782638489154,6,98,46,632.62
1782638489154,7,98,46,640.12
1782638489453,0,93,46,652.69
1782638489453,1,98,44,649.93
1782638489453,2,93,50,646.41
1782638489453,3,98,47,660.77
1782638489453,4,94,56,656.41
1782638489453,5,98,47,670.44
1782638489453,6,98,47,648.79
1782638489453,7,94,59,653.23
1782638489764,0,99,54,650.19
1782638489764,1,99,54,648.13
1782638489764,2,99,54,642.59
1782638489764,3,99,56,662.44
1782638489764,4,99,55,654.70
1782638489764,5,99,56,668.05
1782638489764,6,99,55,644.27
1782638489764,7,99,55,648.83
1782638490070,0,99,55,646.38
1782638490070,1,99,54,642.17
1782638490070,2,99,55,640.79
1782638490070,3,99,57,646.79
1782638490070,4,99,55,650.93
1782638490070,5,99,55,651.61
1782638490070,6,99,55,637.24
1782638490070,7,99,55,639.20
1782638490377,0,99,55,625.41
1782638490377,1,99,55,615.42
1782638490377,2,99,55,601.81
1782638490377,3,99,55,627.25
1782638490377,4,99,56,619.59
1782638490377,5,99,55,624.24
1782638490377,6,99,55,605.92
1782638490377,7,99,55,607.19
1782638490688,0,99,55,629.08
1782638490688,1,99,55,622.30
1782638490688,2,99,55,611.97
1782638490688,3,99,56,622.74
1782638490688,4,99,55,624.13
1782638490688,5,99,55,629.79
1782638490688,6,99,55,608.66
1782638490688,7,99,54,614.20
1782638490992,0,98,46,638.18
1782638490992,1,98,46,627.86
1782638490992,2,100,57,612.44
1782638490992,3,98,47,631.46
1782638490992,4,91,50,625.08
1782638490992,5,98,47,633.83
1782638490992,6,97,47,622.37
1782638490992,7,90,48,625.08
1782638491293,0,98,46,668.23
1782638491293,1,98,46,658.50
1782638491293,2,98,47,649.02
1782638491293,3,98,45,661.01
1782638491293,4,98,46,659.86
1782638491293,5,93,51,662.48
1782638491293,6,98,46,649.85
1782638491293,7,98,46,654.48
1782638491598,0,99,55,657.31
1782638491598,1,99,55,659.12
1782638491598,2,94,56,651.10
1782638491598,3,99,53,653.53
1782638491598,4,99,55,653.98
1782638491598,5,99,54,656.73
1782638491598,6,100,52,647.10
1782638491598,7,99,55,652.87
1782638491939,0,99,56,659.88
1782638491939,1,99,54,652.32
1782638491939,2,99,56,647.42
1782638491939,3,99,57,650.96
1782638491939,4,99,55,652.89
1782638491939,5,99,55,655.51
1782638491939,6,99,56,646.77
1782638491939,7,99,56,646.70
1782638492245,0,99,55,631.92
1782638492245,1,99,55,623.03
1782638492245,2,99,55,612.51
1782638492245,3,99,55,623.61
1782638492245,4,99,55,620.02
1782638492245,5,99,55,626.62
1782638492245,6,99,54,611.33
1782638492245,7,99,55,615.02
1782638492550,0,99,54,630.22
1782638492550,1,99,55,617.55
1782638492550,2,99,54,615.73
1782638492550,3,99,55,622.80
1782638492550,4,99,55,621.62
1782638492550,5,99,56,630.08
1782638492550,6,99,55,609.41
1782638492550,7,99,55,616.65
1782638492858,0,93,69,578.82
1782638492858,1,94,60,572.65
1782638492858,2,81,60,569.81
1782638492858,3,59,30,576.59
1782638492858,4,36,33,576.89
1782638492858,5,76,37,588.46
1782638492858,6,43,20,562.41
1782638492858,7,29,22,573.34
1782638493227,0,98,47,608.08
1782638493227,1,98,46,601.08
1782638493227,2,98,47,607.46
1782638493227,3,98,47,611.78
1782638493227,4,98,47,607.95
1782638493227,5,98,47,617.83
1782638493227,6,98,47,598.11
1782638493227,7,98,46,606.13
1782638493523,0,98,44,617.02
1782638493523,1,98,45,619.61
1782638493523,2,98,45,613.17
1782638493523,3,100,55,620.39
1782638493523,4,95,57,610.41
1782638493523,5,99,53,622.87
1782638493523,6,100,55,605.11
1782638493523,7,95,56,605.86
1782638493826,0,99,56,636.30
1782638493826,1,99,54,662.31
1782638493826,2,99,56,648.67
1782638493826,3,99,55,643.69
1782638493826,4,99,57,655.70
1782638493826,5,99,56,667.91
1782638493826,6,99,57,636.23
1782638493826,7,99,56,654.15
1782638494131,0,99,57,646.43
1782638494131,1,99,53,631.43
1782638494131,2,99,57,636.03
1782638494131,3,99,55,636.80
1782638494131,4,99,55,635.93
1782638494131,5,99,55,650.45
1782638494131,6,99,55,624.58
1782638494131,7,99,56,630.68
1782638494435,0,99,55,620.64
1782638494435,1,99,55,616.22
1782638494435,2,99,55,616.37
1782638494435,3,99,55,613.73
1782638494435,4,99,54,621.33
1782638494435,5,99,55,631.68
1782638494435,6,99,55,605.16
1782638494435,7,99,54,616.77
1782638494738,0,99,53,630.50
1782638494738,1,99,54,620.18
1782638494738,2,99,54,622.92
1782638494738,3,99,56,618.45
1782638494738,4,99,55,624.83
1782638494738,5,99,55,633.04
1782638494738,6,99,55,608.01
1782638494738,7,99,55,621.26
1782638495051,0,98,46,640.84
1782638495051,1,98,45,632.74
1782638495051,2,98,47,633.69
1782638495051,3,98,48,627.81
1782638495051,4,98,47,637.14
1782638495051,5,98,47,638.59
1782638495051,6,91,43,619.78
1782638495051,7,98,47,634.99
1782638495347,0,98,46,665.80
1782638495347,1,93,52,655.06
1782638495347,2,98,47,659.70
1782638495347,3,98,46,663.12
1782638495347,4,98,46,665.57
1782638495347,5,99,45,666.66
1782638495347,6,98,47,652.30
1782638495347,7,98,46,654.04
1782638495646,0,99,55,657.41
1782638495646,1,99,54,652.10
1782638495646,2,99,56,649.48
1782638495646,3,100,53,651.35
1782638495646,4,99,55,652.92
1782638495646,5,99,54,660.31
1782638495646,6,99,53,643.58
1782638495646,7,99,55,650.69
1782638495948,0,99,56,662.75
1782638495948,1,99,55,649.91
1782638495948,2,99,55,649.55
1782638495948,3,99,55,654.51
1782638495948,4,99,57,653.80
1782638495948,5,99,57,661.65
1782638495948,6,99,55,646.90
1782638495948,7,99,56,651.56
1782638496249,0,99,55,634.51
1782638496249,1,99,53,618.52
1782638496249,2,99,55,625.32
1782638496249,3,99,54,623.12
1782638496249,4,99,55,629.49
1782638496249,5,99,55,632.45
1782638496249,6,99,55,613.07
1782638496249,7,99,57,620.44
1782638496549,0,99,55,630.47
1782638496549,1,99,55,616.99
1782638496549,2,99,56,614.81
1782638496549,3,99,55,620.61
1782638496549,4,99,54,621.98
1782638496549,5,99,55,635.47
1782638496549,6,99,55,605.48
1782638496549,7,99,54,620.07
1782638496853,0,91,52,618.61
1782638496853,1,93,54,617.57
1782638496853,2,91,51,614.24
1782638496853,3,99,55,616.50
1782638496853,4,90,44,618.99
1782638496853,5,99,56,630.57
1782638496853,6,99,54,602.62
1782638496853,7,96,47,617.96
1782638497152,0,98,47,647.28
1782638497152,1,98,45,649.06
1782638497152,2,97,47,640.11
1782638497152,3,98,47,649.80
1782638497152,4,98,47,648.21
1782638497152,5,98,46,659.54
1782638497152,6,98,47,637.31
1782638497152,7,98,46,650.42
1782638497451,0,94,58,653.80
1782638497451,1,94,59,651.38
1782638497451,2,94,57,648.47
1782638497451,3,93,52,659.00
1782638497451,4,100,51,655.51
1782638497451,5,94,54,660.84
1782638497451,6,93,44,646.17
1782638497451,7,100,54,654.16
1782638497755,0,99,55,655.03
1782638497755,1,99,55,655.40
1782638497755,2,99,55,648.27
1782638497755,3,99,55,657.48
1782638497755,4,99,55,655.36
1782638497755,5,99,56,662.75
1782638497755,6,99,57,648.76
1782638497755,7,99,55,660.79
1782638498056,0,99,57,648.26
1782638498056,1,99,55,631.76
1782638498056,2,99,57,636.64
1782638498056,3,99,55,642.35
1782638498056,4,99,55,633.70
1782638498056,5,99,57,643.34
1782638498056,6,99,55,628.26
1782638498056,7,99,55,636.60
1782638498356,0,99,55,618.20
1782638498356,1,99,55,614.16
1782638498356,2,99,55,615.88
1782638498356,3,99,55,612.41
1782638498356,4,99,55,617.28
1782638498356,5,99,55,624.68
1782638498356,6,99,56,604.04
1782638498356,7,99,56,616.42
1782638498660,0,99,56,621.12
1782638498660,1,91,49,609.51
1782638498660,2,99,55,608.25
1782638498660,3,92,54,607.94
1782638498660,4,99,56,612.43
1782638498660,5,91,53,621.41
1782638498660,6,100,58,594.94
1782638498660,7,99,55,609.87
1782638499119,0,98,46,653.61
1782638499119,1,98,46,640.78
1782638499119,2,97,47,645.29
1782638499119,3,98,46,646.54
1782638499119,4,98,47,649.91
1782638499119,5,98,47,665.16
1782638499119,6,98,46,641.77
1782638499119,7,98,46,654.10
1782638499418,0,99,52,662.45
1782638499418,1,100,53,655.23
1782638499418,2,99,53,647.78
1782638499418,3,94,57,654.68
1782638499418,4,99,54,651.37
1782638499418,5,93,64,665.23
1782638499418,6,94,56,645.75
1782638499418,7,99,55,650.60
1782638499722,0,99,55,658.40
1782638499722,1,99,56,654.18
1782638499722,2,99,55,656.40
1782638499722,3,99,55,661.72
1782638499722,4,99,55,660.03
1782638499722,5,99,56,677.42
1782638499722,6,99,57,657.41
1782638499722,7,99,55,664.86
1782638500029,0,99,57,644.28
1782638500029,1,99,55,642.34
1782638500029,2,99,57,629.90
1782638500029,3,99,55,638.29
1782638500029,4,99,55,633.24
1782638500029,5,99,57,641.15
1782638500029,6,99,55,625.49
1782638500029,7,99,55,630.39
1782638500332,0,99,54,625.81
1782638500332,1,99,55,616.11
1782638500332,2,99,54,613.69
1782638500332,3,99,56,619.54
1782638500332,4,99,56,620.58
1782638500332,5,99,55,622.24
1782638500332,6,99,56,607.09
1782638500332,7,99,55,618.71
1782638500640,0,99,56,629.47
1782638500640,1,99,54,610.33
1782638500640,2,99,55,615.25
1782638500640,3,99,55,620.87
1782638500640,4,99,56,619.13
1782638500640,5,99,56,622.91
1782638500640,6,99,56,605.04
1782638500640,7,100,58,609.59
1782638500945,0,26,22,591.22
1782638500945,1,98,46,586.08
1782638500945,2,28,23,583.21
1782638500945,3,98,47,580.46
1782638500945,4,64,31,584.25
1782638500945,5,98,47,594.54
1782638500945,6,98,47,575.10
1782638500945,7,81,39,581.88
1782638501245,0,98,46,617.38
1782638501245,1,98,45,620.04
1782638501245,2,98,48,608.67
1782638501245,3,98,46,608.20
1782638501245,4,98,47,614.41
1782638501245,5,98,46,625.40
1782638501245,6,98,46,609.41
1782638501245,7,98,47,613.98
1782638501549,0,95,55,621.21
1782638501549,1,99,55,616.12
1782638501549,2,95,57,612.03
1782638501549,3,99,53,610.37
1782638501549,4,100,51,615.49
1782638501549,5,98,55,623.22
1782638501549,6,99,53,605.79
1782638501549,7,99,51,612.10
1782638501851,0,99,55,670.97
1782638501851,1,99,56,660.26
1782638501851,2,99,55,656.48
1782638501851,3,99,56,660.08
1782638501851,4,99,55,662.86
1782638501851,5,99,55,669.42
1782638501851,6,99,55,654.64
1782638501851,7,99,55,661.14
1782638502155,0,99,56,643.45
1782638502155,1,99,55,632.14
1782638502155,2,99,56,629.13
1782638502155,3,99,55,629.89
1782638502155,4,99,57,636.31
1782638502155,5,99,57,640.88
1782638502155,6,99,55,618.89
1782638502155,7,99,55,630.82
1782638502456,0,99,55,629.45
1782638502456,1,99,54,622.25
1782638502456,2,99,55,618.06
1782638502456,3,99,55,610.63
1782638502456,4,99,55,624.09
1782638502456,5,99,55,626.97
1782638502456,6,99,55,604.69
1782638502456,7,99,56,618.89
1782638502758,0,99,56,628.35
1782638502758,1,91,50,620.38
1782638502758,2,99,55,607.79
1782638502758,3,100,57,606.61
1782638502758,4,99,54,612.50
1782638502758,5,91,53,620.60
1782638502758,6,99,55,601.37
1782638502758,7,99,54,616.63
1782638503055,0,98,46,645.51
1782638503055,1,98,47,649.35
1782638503055,2,98,47,640.08
1782638503055,3,98,47,636.62
1782638503055,4,98,46,641.49
1782638503055,5,98,47,650.76
1782638503055,6,98,46,637.51
1782638503055,7,98,46,647.04
1782638503355,0,98,46,658.76
1782638503355,1,100,58,657.91
1782638503355,2,98,47,652.05
1782638503355,3,94,55,653.09
1782638503355,4,98,45,656.01
1782638503355,5,94,64,662.03
1782638503355,6,93,54,648.61
1782638503355,7,93,43,660.01
1782638503658,0,99,54,658.54
1782638503658,1,99,55,654.45
1782638503658,2,99,55,648.62
1782638503658,3,99,54,652.08
1782638503658,4,99,55,654.80
1782638503658,5,98,54,660.90
1782638503658,6,99,56,645.85
1782638503658,7,99,55,654.75
1782638503960,0,99,55,648.43
1782638503960,1,99,55,643.00
1782638503960,2,99,55,635.66
1782638503960,3,99,55,641.17
1782638503960,4,99,55,643.19
1782638503960,5,99,56,651.99
1782638503960,6,99,57,631.30
1782638503960,7,99,55,644.31
1782638504264,0,99,56,624.95
1782638504264,1,99,55,610.02
1782638504264,2,99,56,602.34
1782638504264,3,99,55,611.19
1782638504264,4,99,55,611.53
1782638504264,5,99,57,623.44
1782638504264,6,99,55,597.45
1782638504264,7,99,55,611.89
1782638504565,0,99,55,629.37
1782638504565,1,99,55,625.07
1782638504565,2,99,55,616.18
1782638504565,3,99,55,619.57
1782638504565,4,99,53,623.55
1782638504565,5,99,55,631.78
1782638504565,6,99,54,603.22
1782638504565,7,99,57,617.46
1782638504950,0,97,47,640.20
1782638504950,1,97,46,642.71
1782638504950,2,97,48,634.76
1782638504950,3,98,47,629.33
1782638504950,4,98,47,637.54
1782638504950,5,98,47,650.32
1782638504950,6,98,47,629.09
1782638504950,7,98,47,639.61
1782638505249,0,98,47,669.24
1782638505249,1,98,46,657.00
1782638505249,2,98,47,652.54
1782638505249,3,98,46,661.65
1782638505249,4,93,53,656.08
1782638505249,5,98,47,666.88
1782638505249,6,98,46,648.14
1782638505249,7,94,56,657.34
1782638505553,0,100,51,662.19
1782638505553,1,99,55,652.30
1782638505553,2,99,53,653.08
1782638505553,3,99,54,650.53
1782638505553,4,99,55,652.48
1782638505553,5,99,54,664.09
1782638505553,6,99,56,645.52
1782638505553,7,99,55,651.86
1782638505861,0,99,55,655.03
1782638505861,1,99,55,645.28
1782638505861,2,99,55,649.68
1782638505861,3,99,56,650.90
1782638505861,4,99,55,643.58
1782638505861,5,99,55,656.72
1782638505861,6,99,56,637.09
1782638505861,7,99,55,649.00
1782638506165,0,99,56,632.27
1782638506165,1,99,55,617.26
1782638506165,2,99,55,620.46
1782638506165,3,99,55,619.42
1782638506165,4,99,57,616.47
1782638506165,5,99,57,627.57
1782638506165,6,99,55,609.12
1782638506165,7,99,55,620.49
1782638506473,0,99,55,630.24
1782638506473,1,99,54,619.94
1782638506473,2,99,55,619.22
1782638506473,3,99,55,617.79
1782638506473,4,99,55,618.13
1782638506473,5,99,55,629.57
1782638506473,6,99,56,604.59
1782638506473,7,99,57,619.31
1782638506780,0,99,55,627.46
1782638506780,1,98,47,624.74
1782638506780,2,99,55,617.65
1782638506780,3,90,44,612.84
1782638506780,4,91,52,618.96
1782638506780,5,97,48,633.44
1782638506780,6,89,49,610.33
1782638506780,7,91,51,623.85
1782638507079,0,98,46,654.09
1782638507079,1,98,45,652.49
1782638507079,2,98,47,649.87
1782638507079,3,98,46,644.20
1782638507079,4,98,47,651.89
1782638507079,5,98,45,663.82
1782638507079,6,98,46,641.90
1782638507079,7,98,47,649.41
1782638507386,0,93,52,657.92
1782638507386,1,99,54,650.02
1782638507386,2,93,52,650.59
1782638507386,3,99,53,650.10
1782638507386,4,93,58,655.24
1782638507386,5,99,54,664.19
1782638507386,6,99,51,645.46
1782638507386,7,93,61,647.30
1782638507690,0,99,54,662.00
1782638507690,1,99,55,659.74
1782638507690,2,99,54,657.85
1782638507690,3,99,56,654.94
1782638507690,4,99,55,661.15
1782638507690,5,99,55,674.69
1782638507690,6,99,56,640.60
1782638507690,7,99,55,658.41
1782638507992,0,99,56,634.62
1782638507992,1,99,54,633.30
1782638507992,2,99,56,628.90
1782638507992,3,99,55,628.11
1782638507992,4,99,55,633.35
1782638507992,5,99,56,641.94
1782638507992,6,99,57,612.19
1782638507992,7,99,55,630.31
1782638508293,0,99,57,630.26
1782638508293,1,99,55,622.76
1782638508293,2,99,57,612.48
1782638508293,3,99,54,616.81
1782638508293,4,99,55,619.56
1782638508293,5,99,57,631.05
1782638508293,6,99,55,605.57
1782638508293,7,99,56,620.61
1782638508594,0,98,57,615.50
1782638508594,1,99,54,623.02
1782638508594,2,99,55,618.25
1782638508594,3,99,54,602.15
1782638508594,4,99,55,622.68
1782638508594,5,99,55,627.74
1782638508594,6,99,55,571.61
1782638508594,7,99,57,613.69
1782638508894,0,47,23,574.51
1782638508894,1,62,14,565.93
1782638508894,2,76,25,561.90
1782638508894,3,97,47,570.80
1782638508894,4,98,47,568.21
1782638508894,5,39,1,573.53
1782638508894,6,25,20,551.27
1782638508894,7,98,47,564.56
1782638509193,0,98,46,606.02
1782638509193,1,98,46,592.85
1782638509193,2,98,47,592.07
1782638509193,3,98,46,598.92
1782638509193,4,98,46,595.65
1782638509193,5,98,46,602.48
1782638509193,6,98,46,582.84
1782638509193,7,98,46,595.96
1782638509508,0,99,53,602.92
1782638509508,1,98,60,595.17
1782638509508,2,100,56,598.91
1782638509508,3,99,55,594.71
1782638509508,4,99,53,603.73
1782638509508,5,99,55,607.32
1782638509508,6,99,54,590.67
1782638509508,7,99,54,597.72
1782638509810,0,99,55,665.09
1782638509810,1,99,56,664.10
1782638509810,2,99,55,651.94
1782638509810,3,99,56,662.58
1782638509810,4,99,55,659.89
1782638509810,5,99,55,664.17
1782638509810,6,99,55,644.93
1782638509810,7,99,55,653.98
1782638510116,0,99,56,640.48
1782638510116,1,99,54,639.51
1782638510116,2,99,56,624.36
1782638510116,3,99,55,627.49
1782638510116,4,99,57,629.14
1782638510116,5,99,57,632.17
1782638510116,6,99,55,614.05
1782638510116,7,99,55,618.76
1782638510460,0,99,55,629.77
1782638510460,1,99,54,624.05
1782638510460,2,99,55,617.48
1782638510460,3,99,54,622.97
1782638510460,4,99,55,620.42
1782638510460,5,99,55,628.20
1782638510460,6,99,54,604.20
1782638510460,7,99,56,623.65
1782638510806,0,97,47,631.21
1782638510806,1,90,43,622.09
1782638510806,2,99,55,610.12
1782638510806,3,91,51,626.71
1782638510806,4,99,53,618.20
1782638510806,5,91,50,637.92
1782638510806,6,91,51,613.60
1782638510806,7,99,57,625.68
1782638511107,0,98,47,659.48
1782638511107,1,98,46,649.90
1782638511107,2,98,47,638.18
1782638511107,3,98,47,658.92
1782638511107,4,98,46,652.49
1782638511107,5,98,46,666.44
1782638511107,6,98,46,645.34
1782638511107,7,97,46,657.54
1782638511418,0,100,52,658.75
1782638511418,1,100,52,657.12
1782638511418,2,100,53,644.83
1782638511418,3,100,60,654.61
1782638511418,4,99,54,644.70
1782638511418,5,100,53,663.17
1782638511418,6,94,58,646.70
1782638511418,7,99,54,645.77
1782638511722,0,99,55,669.86
1782638511722,1,99,56,659.53
1782638511722,2,99,55,653.26
1782638511722,3,99,56,662.17
1782638511722,4,99,56,653.24
1782638511722,5,99,55,667.02
1782638511722,6,99,55,650.01
1782638511722,7,99,54,652.66
1782638512033,0,99,56,642.91
1782638512033,1,99,54,640.27
1782638512033,2,99,56,620.60
1782638512033,3,99,55,631.60
1782638512033,4,99,57,624.00
1782638512033,5,99,56,640.96
1782638512033,6,99,57,620.30
1782638512033,7,99,55,620.00
1782638512337,0,99,57,628.80
1782638512337,1,99,54,623.89
1782638512337,2,99,57,617.72
1782638512337,3,99,54,617.28
1782638512337,4,99,55,622.86
1782638512337,5,99,54,633.10
1782638512337,6,99,56,610.21
1782638512337,7,99,55,618.63
1782638512642,0,99,55,628.78
1782638512642,1,99,55,610.62
1782638512642,2,99,55,603.99
1782638512642,3,99,55,619.45
1782638512642,4,91,52,610.01
1782638512642,5,99,55,619.14
1782638512642,6,99,56,597.55
1782638512642,7,91,50,606.96
1782638512943,0,98,47,644.25
1782638512943,1,98,46,638.69
1782638512943,2,97,47,635.71
1782638512943,3,98,47,639.67
1782638512943,4,98,45,639.06
1782638512943,5,98,47,649.80
1782638512943,6,98,46,632.72
1782638512943,7,98,46,631.99
1782638513242,0,93,47,655.80
1782638513242,1,98,44,649.09
1782638513242,2,92,50,648.47
1782638513242,3,98,46,660.18
1782638513242,4,93,54,651.18
1782638513242,5,98,47,666.43
1782638513242,6,98,47,648.27
1782638513242,7,94,58,645.92
1782638513552,0,99,55,654.70
1782638513552,1,99,54,644.72
1782638513552,2,99,53,646.47
1782638513552,3,99,56,654.41
1782638513552,4,99,55,645.40
1782638513552,5,99,56,664.76
1782638513552,6,99,55,644.13
1782638513552,7,99,55,647.13
1782638513857,0,99,55,650.44
1782638513857,1,99,56,638.14
1782638513857,2,99,55,642.48
1782638513857,3,99,57,653.97
1782638513857,4,99,56,641.97
1782638513857,5,99,55,649.39
1782638513857,6,99,55,633.22
1782638513857,7,99,56,641.82
1782638514160,0,99,55,624.03
1782638514160,1,99,55,606.41
1782638514160,2,99,55,610.55
1782638514160,3,99,55,622.59
1782638514160,4,99,57,608.30
1782638514160,5,99,54,615.28
1782638514160,6,99,55,598.01
1782638514160,7,99,55,612.47
1782638514467,0,99,54,628.99
1782638514467,1,99,55,617.55
1782638514467,2,99,55,613.31
1782638514467,3,99,56,622.70
1782638514467,4,99,55,616.77
1782638514467,5,99,55,630.80
1782638514467,6,99,55,606.29
1782638514467,7,99,54,617.33
1782638514776,0,100,58,623.89
1782638514776,1,98,47,619.99
1782638514776,2,100,57,615.86
1782638514776,3,98,48,621.84
1782638514776,4,90,47,622.09
1782638514776,5,98,48,635.28
1782638514776,6,96,47,610.54
1782638514776,7,84,46,622.92
1782638515077,0,97,46,653.92
1782638515077,1,98,46,649.45
1782638515077,2,97,47,644.61
1782638515077,3,98,46,655.44
1782638515077,4,98,48,649.17
1782638515077,5,98,46,661.82
1782638515077,6,98,46,643.70
1782638515077,7,98,47,655.54
1782638515381,0,93,55,654.80
1782638515381,1,99,55,648.78
1782638515381,2,93,53,645.91
1782638515381,3,99,51,658.73
1782638515381,4,100,56,640.36
1782638515381,5,99,54,657.73
1782638515381,6,100,51,642.46
1782638515381,7,99,51,651.15
1782638515687,0,99,57,661.92
1782638515687,1,99,56,659.73
1782638515687,2,99,57,660.75
1782638515687,3,99,54,659.62
1782638515687,4,99,55,653.48
1782638515687,5,99,56,669.52
1782638515687,6,99,55,654.14
1782638515687,7,99,55,656.78
1782638515992,0,99,55,633.76
1782638515992,1,99,55,615.55
1782638515992,2,99,55,618.71
1782638515992,3,99,55,628.86
1782638515992,4,99,55,614.62
1782638515992,5,99,55,629.61
1782638515992,6,99,56,609.97
1782638515992,7,99,55,617.06
1782638516386,0,99,55,632.93
1782638516386,1,99,55,617.24
1782638516386,2,99,55,619.75
1782638516386,3,99,55,624.29
1782638516386,4,99,55,625.50
1782638516386,5,99,57,637.32
1782638516386,6,99,55,611.94
1782638516386,7,99,56,621.82
1782638516722,0,93,67,577.45
1782638516722,1,93,58,561.22
1782638516722,2,92,67,576.51
1782638516722,3,54,22,565.93
1782638516722,4,33,30,577.46
1782638516722,5,67,29,579.96
1782638516722,6,35,12,559.89
1782638516722,7,26,24,577.01
1782638517014,0,98,46,610.49
1782638517014,1,98,46,589.78
1782638517014,2,97,48,586.13
1782638517014,3,98,47,599.79
1782638517014,4,98,47,605.81
1782638517014,5,98,47,609.22
1782638517014,6,98,47,593.15
1782638517014,7,98,46,604.84
1782638517312,0,98,45,624.27
1782638517312,1,98,46,611.67
1782638517312,2,98,46,607.85
1782638517312,3,100,55,609.53
1782638517312,4,95,55,611.87
1782638517312,5,98,47,612.81
1782638517312,6,95,61,604.10
1782638517312,7,95,58,608.94
1782638517612,0,99,55,641.84
1782638517612,1,99,56,615.71
1782638517612,2,99,53,616.04
1782638517612,3,99,55,630.95
1782638517612,4,99,55,658.88
1782638517612,5,99,55,653.06
1782638517612,6,99,55,646.75
1782638517612,7,99,55,663.80
1782638517917,0,99,55,649.60
1782638517917,1,99,54,649.99
1782638517917,2,99,56,647.53
1782638517917,3,99,55,643.05
1782638517917,4,99,56,642.06
1782638517917,5,99,56,641.05
1782638517917,6,99,54,633.20
1782638517917,7,99,55,633.63
1782638518220,0,99,54,618.09
1782638518220,1,99,54,620.24
1782638518220,2,99,57,618.64
1782638518220,3,99,54,611.53
1782638518220,4,99,56,621.91
1782638518220,5,98,54,625.73
1782638518220,6,99,55,607.30
1782638518220,7,99,55,617.01
1782638518523,0,99,55,624.46
1782638518523,1,99,55,622.64
1782638518523,2,99,55,615.52
1782638518523,3,99,55,621.54
1782638518523,4,99,54,623.63
1782638518523,5,99,55,632.35
1782638518523,6,99,56,606.76
1782638518523,7,99,55,618.66
1782638518827,0,98,46,631.64
1782638518827,1,98,46,624.86
1782638518827,2,97,47,628.10
1782638518827,3,93,45,630.81
1782638518827,4,98,47,635.87
1782638518827,5,98,47,643.61
1782638518827,6,90,45,624.51
1782638518827,7,98,46,633.90
1782638519125,0,98,47,658.58
1782638519125,1,98,47,653.06
1782638519125,2,97,47,658.13
1782638519125,3,98,47,661.82
1782638519125,4,98,47,662.05
1782638519125,5,98,46,668.88
1782638519125,6,98,47,656.34
1782638519125,7,98,46,656.79
1782638519435,0,99,55,660.36
1782638519435,1,99,54,651.87
1782638519435,2,99,54,646.88
1782638519435,3,99,52,656.57
1782638519435,4,99,56,652.06
1782638519435,5,99,53,665.24
1782638519435,6,99,51,648.19
1782638519435,7,99,55,651.53
1782638519738,0,99,55,665.11
1782638519738,1,99,56,653.63
1782638519738,2,99,55,645.35
1782638519738,3,99,55,659.81
1782638519738,4,99,55,653.89
1782638519738,5,99,56,661.32
1782638519738,6,99,57,646.59
1782638519738,7,99,55,645.97
1782638520046,0,99,57,639.21
1782638520046,1,99,55,624.38
1782638520046,2,99,57,615.41
1782638520046,3,99,55,628.15
1782638520046,4,99,55,619.64
1782638520046,5,99,57,627.20
1782638520046,6,99,55,611.44
1782638520046,7,99,55,617.17
1782638520351,0,99,54,628.55
1782638520351,1,99,55,620.92
1782638520351,2,99,55,615.29
1782638520351,3,99,55,620.42
1782638520351,4,99,56,621.95
1782638520351,5,99,55,626.39
1782638520351,6,99,56,604.43
1782638520351,7,99,56,619.84
1782638520656,0,92,53,620.43
1782638520656,1,100,57,615.20
1782638520656,2,91,53,609.51
1782638520656,3,99,54,610.50
1782638520656,4,90,48,620.95
1782638520656,5,99,55,623.94
1782638520656,6,99,56,603.86
1782638520656,7,90,44,617.71
1782638520957,0,97,45,645.17
1782638520957,1,97,45,647.39
1782638520957,2,97,47,638.90
1782638520957,3,98,47,642.41
1782638520957,4,98,46,648.08
1782638520957,5,98,46,652.25
1782638520957,6,98,47,635.21
1782638520957,7,98,46,645.60
1782638521254,0,94,55,660.12
1782638521254,1,94,54,659.12
1782638521254,2,93,56,645.64
1782638521254,3,93,43,651.62
1782638521254,4,99,53,654.93
1782638521254,5,93,51,660.00
1782638521254,6,99,45,646.26
1782638521254,7,99,51,650.10
1782638521558,0,99,55,657.16
1782638521558,1,99,57,659.72
1782638521558,2,99,55,651.78
1782638521558,3,99,56,653.72
1782638521558,4,99,55,651.11
1782638521558,5,99,55,663.89
1782638521558,6,99,56,649.43
1782638521558,7,99,55,663.22
1782638521877,0,99,55,641.89
1782638521877,1,99,54,636.63
1782638521877,2,99,55,627.16
1782638521877,3,99,56,627.04
1782638521877,4,99,56,623.51
1782638521877,5,99,54,635.84
1782638521877,6,99,55,619.96
1782638521877,7,99,55,620.48
1782638522266,0,99,55,627.82
1782638522266,1,99,54,620.33
1782638522266,2,99,55,614.81
1782638522266,3,99,56,617.33
1782638522266,4,99,55,617.56
1782638522266,5,99,55,625.75
1782638522266,6,99,55,608.14
1782638522266,7,99,54,617.59
1782638522573,0,99,55,625.26
1782638522573,1,91,50,609.46
1782638522573,2,99,55,603.35
1782638522573,3,100,58,614.59
1782638522573,4,99,55,610.64
1782638522573,5,92,54,618.77
1782638522573,6,99,55,596.64
1782638522573,7,99,54,610.83
1782638522876,0,98,46,642.13
1782638522876,1,97,46,642.53
1782638522876,2,97,47,639.75
1782638522876,3,98,47,640.55
1782638522876,4,98,47,643.77
1782638522876,5,98,47,649.78
1782638522876,6,98,47,634.99
1782638522876,7,98,47,646.58
1782638523172,0,98,46,661.49
1782638523172,1,94,58,654.16
1782638523172,2,97,47,652.03
1782638523172,3,94,57,656.34
1782638523172,4,98,45,656.99
1782638523172,5,94,55,665.38
1782638523172,6,93,55,649.20
1782638523172,7,98,46,653.98
1782638523473,0,99,55,663.37
1782638523473,1,99,55,653.61
1782638523473,2,99,55,647.82
1782638523473,3,99,56,653.67
1782638523473,4,99,56,652.31
1782638523473,5,99,55,662.32
1782638523473,6,99,55,646.35
1782638523473,7,99,55,653.30
1782638523778,0,99,55,656.19
1782638523778,1,99,54,641.82
1782638523778,2,99,55,637.16
1782638523778,3,99,55,645.29
1782638523778,4,99,56,645.45
1782638523778,5,99,55,648.25
1782638523778,6,99,54,634.93
1782638523778,7,99,56,640.88
1782638524084,0,99,54,630.66
1782638524084,1,99,55,612.23
1782638524084,2,99,55,606.76
1782638524084,3,99,55,609.02
1782638524084,4,99,54,612.96
1782638524084,5,99,54,621.92
1782638524084,6,99,55,602.02
1782638524084,7,99,55,611.35
1782638524389,0,99,55,631.13
1782638524389,1,99,56,619.78
1782638524389,2,99,55,613.79
1782638524389,3,99,56,618.88
1782638524389,4,99,55,620.72
1782638524389,5,99,55,626.99
1782638524389,6,99,55,604.06
1782638524389,7,99,54,618.60
1782638524695,0,37,33,580.58
1782638524695,1,55,46,569.17
1782638524695,2,33,32,565.86
1782638524695,3,98,47,572.49
1782638524695,4,45,17,567.81
1782638524695,5,81,61,574.22
1782638524695,6,93,60,555.06
1782638524695,7,60,25,567.94
1782638524995,0,98,47,612.93
1782638524995,1,98,46,599.42
1782638524995,2,97,47,593.97
1782638524995,3,98,47,602.71
1782638524995,4,98,47,599.46
1782638524995,5,98,46,604.83
1782638524995,6,98,46,591.21
1782638524995,7,98,47,597.18
1782638525293,0,95,56,615.21
1782638525293,1,95,53,610.50
1782638525293,2,96,52,603.12
1782638525293,3,98,46,609.61
1782638525293,4,100,63,608.62
1782638525293,5,99,45,614.55
1782638525293,6,98,47,604.69
1782638525293,7,100,55,605.99
1782638525594,0,99,55,666.52
1782638525594,1,99,55,636.17
1782638525594,2,99,55,634.11
1782638525594,3,99,56,667.44
1782638525594,4,99,54,639.69
1782638525594,5,99,54,649.29
1782638525594,6,99,56,630.75
1782638525594,7,99,54,645.14
1782638525900,0,99,55,648.50
1782638525900,1,99,55,639.68
1782638525900,2,99,55,637.51
1782638525900,3,99,57,641.67
1782638525900,4,99,55,642.35
1782638525900,5,99,56,646.23
1782638525900,6,99,55,632.39
1782638525900,7,99,54,634.62
1782638526201,0,99,55,629.21
1782638526201,1,99,54,616.14
1782638526201,2,99,55,611.27
1782638526201,3,99,55,621.81
1782638526201,4,99,55,617.93
1782638526201,5,99,55,628.17
1782638526201,6,99,54,599.94
1782638526201,7,99,56,613.80
1782638526500,0,99,55,629.37
1782638526500,1,99,55,619.84
1782638526500,2,99,56,616.91
1782638526500,3,99,53,620.32
1782638526500,4,99,54,624.48
1782638526500,5,99,55,630.20
1782638526500,6,99,55,609.39
1782638526500,7,99,55,617.49
1782638526802,0,98,46,640.27
1782638526802,1,98,46,627.16
1782638526802,2,90,50,623.25
1782638526802,3,98,47,641.36
1782638526802,4,90,43,633.49
1782638526802,5,98,46,641.75
1782638526802,6,98,47,612.38
1782638526802,7,97,47,629.07
1782638527098,0,98,47,660.34
1782638527098,1,98,46,659.75
1782638527098,2,97,47,657.45
1782638527098,3,93,51,653.51
1782638527098,4,98,47,667.09
1782638527098,5,98,47,676.94
1782638527098,6,98,45,640.95
1782638527098,7,98,46,659.69
1782638527408,0,99,56,656.76
1782638527408,1,99,54,657.19
1782638527408,2,93,59,651.99
1782638527408,3,99,54,649.02
1782638527408,4,99,52,656.09
1782638527408,5,99,55,666.88
1782638527408,6,99,53,638.26
1782638527408,7,100,52,651.51
1782638527708,0,99,54,656.22
1782638527708,1,99,55,648.94
1782638527708,2,99,55,644.67
1782638527708,3,99,56,646.16
1782638527708,4,99,55,644.08
1782638527708,5,98,55,656.65
1782638527708,6,99,55,635.70
1782638527708,7,99,55,645.59
1782638528070,0,99,55,633.20
1782638528070,1,99,56,621.71
1782638528070,2,99,55,608.49
1782638528070,3,99,57,621.73
1782638528070,4,99,55,616.87
1782638528070,5,99,55,619.76
1782638528070,6,99,55,602.08
1782638528070,7,99,56,612.79
1782638528369,0,99,55,632.63
1782638528369,1,99,55,620.38
1782638528369,2,99,56,614.67
1782638528369,3,99,55,618.37
1782638528369,4,99,57,623.03
1782638528369,5,99,55,629.27
1782638528369,6,99,55,606.03
1782638528369,7,99,55,616.94
1782638528673,0,90,47,629.68
1782638528673,1,90,49,618.54
1782638528673,2,88,48,615.53
1782638528673,3,91,52,621.03
1782638528673,4,98,47,623.51
1782638528673,5,91,50,630.90
1782638528673,6,100,58,608.32
1782638528673,7,98,47,625.71
1782638528971,0,98,47,657.05
1782638528971,1,98,45,650.47
1782638528971,2,98,47,646.37
1782638528971,3,98,47,650.74
1782638528971,4,98,46,654.59
1782638528971,5,98,46,660.71
1782638528971,6,98,46,646.39
1782638528971,7,98,46,658.98
1782638529277,0,99,53,663.02
1782638529277,1,100,53,650.53
1782638529277,2,99,54,648.11
1782638529277,3,94,56,651.49
1782638529277,4,99,55,651.43
1782638529277,5,93,59,662.21
1782638529277,6,94,55,647.50
1782638529277,7,99,56,658.64
1782638529579,0,99,55,673.03
1782638529579,1,99,55,657.91
1782638529579,2,99,55,655.36
1782638529579,3,99,56,662.60
1782638529579,4,99,55,656.97
1782638529579,5,99,53,673.72
1782638529579,6,99,56,657.77
1782638529579,7,99,55,657.52
1782638529884,0,99,55,644.49
1782638529884,1,99,55,629.34
1782638529884,2,99,55,625.20
1782638529884,3,99,56,633.95
1782638529884,4,99,55,624.37
1782638529884,5,98,55,642.71
1782638529884,6,99,55,620.10
1782638529884,7,99,54,631.24
1782638530187,0,99,55,627.36
1782638530187,1,99,54,619.52
1782638530187,2,99,55,612.86
1782638530187,3,99,55,618.92
1782638530187,4,99,55,620.98
1782638530187,5,99,55,630.28
1782638530187,6,99,54,605.16
1782638530187,7,99,55,622.71
1782638530496,0,99,55,617.74
1782638530496,1,99,55,607.70
1782638530496,2,99,56,605.14
1782638530496,3,90,48,621.26
1782638530496,4,99,57,609.71
1782638530496,5,99,55,609.99
1782638530496,6,99,55,596.36
1782638530496,7,92,53,608.99
1782638530797,0,98,46,644.37
1782638530797,1,97,45,635.44
1782638530797,2,97,48,632.35
1782638530797,3,98,47,651.70
1782638530797,4,98,46,637.65
1782638530797,5,98,47,643.98
1782638530797,6,98,46,625.06
1782638530797,7,98,46,639.49
1782638531096,0,98,44,657.62
1782638531096,1,98,46,650.55
1782638531096,2,98,45,650.66
1782638531096,3,98,47,657.37
1782638531096,4,93,56,656.92
1782638531096,5,98,47,664.43
1782638531096,6,98,47,652.43
1782638531096,7,94,55,659.45
1782638531392,0,99,54,659.90
1782638531392,1,99,55,653.63
1782638531392,2,99,53,650.54
1782638531392,3,99,55,658.21
1782638531392,4,99,55,655.02
1782638531392,5,99,56,664.62
1782638531392,6,99,56,648.13
1782638531392,7,99,57,657.05
1782638531693,0,99,54,652.30
1782638531693,1,99,55,646.19
1782638531693,2,99,54,646.10
1782638531693,3,99,56,645.70
1782638531693,4,99,55,649.52
1782638531693,5,99,54,651.01
1782638531693,6,99,56,636.77
1782638531693,7,99,56,644.66
1782638531995,0,99,56,630.65
1782638531995,1,99,55,615.11
1782638531995,2,99,56,611.87
1782638531995,3,99,57,627.07
1782638531995,4,99,55,614.18
1782638531995,5,99,55,619.79
1782638531995,6,99,55,597.88
1782638531995,7,99,55,613.22
1782638532303,0,99,55,633.20
1782638532303,1,99,54,616.11
1782638532303,2,99,55,617.86
1782638532303,3,99,55,623.33
1782638532303,4,99,56,618.39
1782638532303,5,99,55,629.72
1782638532303,6,99,54,604.50
1782638532303,7,99,54,616.79
1782638532609,0,100,1,529.38
1782638532609,1,100,1,547.45
1782638532609,2,99,54,551.54
1782638532609,3,94,32,515.86
1782638532609,4,93,65,543.77
1782638532609,5,94,17,550.45
1782638532609,6,88,38,487.42
1782638532609,7,88,62,536.70
1782638532921,0,45,1,388.31
1782638532921,1,4,1,359.04
1782638532921,2,45,1,358.24
1782638532921,3,5,1,371.72
1782638532921,4,7,1,353.61
1782638532921,5,5,1,356.05
1782638532921,6,5,1,349.87
1782638532921,7,7,1,346.54
1782638533297,0,4,1,151.05
1782638533297,1,3,1,172.37
1782638533297,2,6,1,142.83
1782638533297,3,3,1,140.82
1782638533297,4,4,1,133.07
1782638533297,5,2,0,129.00
1782638533297,6,5,1,127.20
1782638533297,7,3,0,126.58
1782638533748,0,2,0,136.81
1782638533748,1,4,1,133.93
1782638533748,2,2,0,138.80
1782638533748,3,3,0,129.19
1782638533748,4,3,1,129.84
1782638533748,5,3,1,126.53
1782638533748,6,4,1,122.58
1782638533748,7,3,0,124.73
1782638534107,0,6,1,136.22
1782638534107,1,5,1,132.73
1782638534107,2,4,1,138.04
1782638534107,3,5,1,128.63
1782638534107,4,7,1,129.38
1782638534107,5,5,1,125.97
1782638534107,6,5,1,121.84
1782638534107,7,6,1,124.29
1782638534462,0,8,1,135.74
1782638534462,1,7,1,132.15
1782638534462,2,7,1,137.60
1782638534462,3,5,1,128.26
1782638534462,4,5,1,128.99
1782638534462,5,5,1,125.47
1782638534462,6,4,1,121.64
1782638534462,7,5,1,124.17
1782638534811,0,6,1,135.57
1782638534811,1,7,1,132.10
1782638534811,2,4,1,137.14
1782638534811,3,7,1,128.03
1782638534811,4,5,1,128.75
1782638534811,5,8,1,125.50
1782638534811,6,5,1,121.51
1782638534811,7,5,1,123.94
1782638535178,0,100,2,135.82
1782638535178,1,100,2,132.52
1782638535178,2,100,2,137.62
1782638535178,3,66,2,128.44
1782638535178,4,100,2,129.33
1782638535178,5,99,2,126.04
1782638535178,6,55,2,122.20
1782638535178,7,100,2,124.67
1782638535593,0,100,2,136.98
1782638535593,1,100,2,132.88
1782638535593,2,100,2,138.41
1782638535593,3,100,3,129.36
1782638535593,4,100,2,130.32
1782638535593,5,100,2,127.06
1782638535593,6,100,2,122.99
1782638535593,7,100,2,125.45
1782638535868,0,100,1,136.95
1782638535868,1,100,1,135.91
1782638535868,2,100,1,140.60
1782638535868,3,100,1,129.90
1782638535868,4,80,0,133.48
1782638535868,5,100,1,130.16
1782638535868,6,100,1,124.77
1782638535868,7,98,1,128.97
1782638536163,0,78,18,165.06
1782638536163,1,93,9,157.42
1782638536163,2,59,19,165.66
1782638536163,3,72,23,157.30
1782638536163,4,77,27,158.03
1782638536163,5,85,17,153.82
1782638536163,6,74,28,151.15
1782638536163,7,63,30,153.09
1782638536424,0,73,2,163.82
1782638536424,1,91,1,157.10
1782638536424,2,73,1,165.38
1782638536424,3,100,1,156.12
1782638536424,4,28,4,158.11
1782638536424,5,100,1,154.15
1782638536424,6,100,1,150.88
1782638536424,7,24,4,152.86
1782638536794,0,5,1,164.38
1782638536794,1,5,1,156.40
1782638536794,2,4,1,164.01
1782638536794,3,7,1,158.10
1782638536794,4,4,1,157.13
1782638536794,5,6,1,153.39
1782638536794,6,7,1,149.60
1782638536794,7,5,1,152.18
1782638537085,0,91,43,178.73
1782638537085,1,88,44,164.76
1782638537085,2,84,43,171.96
1782638537085,3,80,37,168.07
1782638537085,4,48,24,163.59
1782638537085,5,88,44,161.56
1782638537085,6,74,29,158.44
1782638537085,7,30,17,159.44
1782638537317,0,0,0,167.07
1782638537317,1,0,0,160.46
1782638537317,2,0,0,167.03
1782638537317,3,0,0,159.59
1782638537317,4,0,0,158.86
1782638537317,5,0,0,155.58
1782638537317,6,1,1,152.31
1782638537317,7,0,0,154.06
1782638537551,0,0,0,165.61
1782638537551,1,0,0,159.25
1782638537551,2,0,0,165.32
1782638537551,3,0,0,157.85
1782638537551,4,15,2,157.79
1782638537551,5,0,0,155.09
1782638537551,6,0,0,151.49
1782638537551,7,8,1,154.01
1782638537790,0,0,0,165.25
1782638537790,1,0,0,159.44
1782638537790,2,22,3,165.43
1782638537790,3,3,0,157.98
1782638537790,4,0,0,157.29
1782638537790,5,3,0,154.73
1782638537790,6,3,0,151.27
1782638537790,7,3,0,153.16
1782638538023,0,0,0,151.44
1782638538023,1,0,0,136.06
1782638538023,2,3,0,142.00
1782638538023,3,0,0,141.67
1782638538023,4,0,0,136.55
1782638538023,5,0,0,132.01
1782638538023,6,0,0,127.01
1782638538023,7,0,0,129.92
1782638538258,0,0,0,133.25
1782638538258,1,0,0,129.25
1782638538258,2,0,0,134.78
1782638538258,3,0,0,125.63
1782638538258,4,31,5,127.72
1782638538258,5,20,3,125.13
1782638538258,6,0,0,120.73
1782638538258,7,0,0,123.64
1782638538559,0,19,3,132.90
1782638538559,1,32,5,129.69
1782638538559,2,24,4,134.82
1782638538559,3,0,0,126.91
1782638538559,4,0,0,126.97
1782638538559,5,0,0,124.33
1782638538559,6,0,0,120.00
1782638538559,7,0,0,122.82
1782638538790,0,0,0,131.98
1782638538790,1,0,0,128.76
1782638538790,2,0,0,134.54
1782638538790,3,0,0,126.00
1782638538790,4,0,0,126.64
1782638538790,5,0,0,124.14
1782638538790,6,0,0,119.86
1782638538790,7,0,0,122.32
1782638539020,0,0,0,131.82
1782638539020,1,0,0,128.65
1782638539020,2,0,0,134.39
1782638539020,3,0,0,125.80
1782638539020,4,0,0,126.49
1782638539020,5,0,0,124.06
1782638539020,6,0,0,119.77
1782638539020,7,0,0,122.14
1782638539251,0,0,0,131.66
1782638539251,1,0,0,128.61
1782638539251,2,0,0,133.78
1782638539251,3,0,0,125.18
1782638539251,4,0,0,124.29
1782638539251,5,0,0,122.23
1782638539251,6,0,0,117.90
1782638539251,7,0,0,120.08
1782638539511,0,0,0,129.71
1782638539511,1,0,0,126.73
1782638539511,2,0,0,132.42
1782638539511,3,0,0,123.52
1782638539511,4,0,0,124.03
1782638539511,5,0,0,122.17
1782638539511,6,0,0,117.80
1782638539511,7,0,0,120.00
1782638539741,0,0,0,166.41
1782638539741,1,100,83,190.57
1782638539741,2,0,0,186.19
1782638539741,3,81,69,159.60
1782638539741,4,17,15,181.18
1782638539741,5,100,85,184.01
1782638539741,6,73,63,168.69
1782638539741,7,35,30,184.93
1782638540032,0,100,84,323.90
1782638540032,1,100,82,288.51
1782638540032,2,100,84,342.02
1782638540032,3,84,69,301.27
1782638540032,4,100,84,331.42
1782638540032,5,100,82,343.98
1782638540032,6,100,82,322.93
1782638540032,7,100,84,336.72
1782638540323,0,100,85,486.22
1782638540323,1,100,84,448.99
1782638540323,2,100,85,500.46
1782638540323,3,100,85,462.03
1782638540323,4,100,85,497.39
1782638540323,5,100,85,507.52
1782638540323,6,100,85,479.15
1782638540323,7,100,85,503.21
1782638540615,0,100,85,639.12
1782638540615,1,100,85,608.21
1782638540615,2,100,85,606.18
1782638540615,3,100,86,619.83
1782638540615,4,100,85,640.99
1782638540615,5,100,86,615.84
1782638540615,6,100,86,619.97
1782638540615,7,100,86,600.57
1782638540908,0,100,85,672.47
1782638540908,1,100,85,654.99
1782638540908,2,100,85,660.98
1782638540908,3,100,86,662.20
1782638540908,4,100,85,661.88
1782638540908,5,100,85,666.69
1782638540908,6,100,85,638.66
1782638540908,7,100,86,655.29
1782638541198,0,100,86,672.72
1782638541198,1,100,86,659.36
1782638541198,2,100,86,662.51
1782638541198,3,100,86,662.85
1782638541198,4,100,86,665.21
1782638541198,5,100,86,667.98
1782638541198,6,100,86,638.67
1782638541198,7,100,86,655.36
1782638541490,0,100,87,673.34
1782638541490,1,100,86,659.91
1782638541490,2,100,87,662.85
1782638541490,3,100,87,664.40
1782638541490,4,100,86,664.93
1782638541490,5,100,86,668.39
1782638541490,6,100,86,639.51
1782638541490,7,100,87,655.13
1782638541786,0,100,87,673.75
1782638541786,1,100,86,662.23
1782638541786,2,100,87,662.40
1782638541786,3,100,86,664.66
1782638541786,4,100,86,664.60
1782638541786,5,100,87,670.43
1782638541786,6,100,86,641.19
1782638541786,7,100,86,656.95
1782638542079,0,100,87,674.86
1782638542079,1,100,87,661.93
1782638542079,2,100,87,662.33
1782638542079,3,100,87,665.98
1782638542079,4,100,87,664.16
1782638542079,5,100,87,673.22
1782638542079,6,100,87,644.58
1782638542079,7,100,87,658.26
1782638542375,0,100,87,674.27
1782638542375,1,100,88,663.50
1782638542375,2,100,88,663.03
1782638542375,3,100,87,667.64
1782638542375,4,100,87,665.46
1782638542375,5,100,88,673.78
1782638542375,6,100,88,647.14
1782638542375,7,100,88,658.68
1782638542669,0,100,88,674.66
1782638542669,1,100,88,665.12
1782638542669,2,100,88,664.69
1782638542669,3,100,88,667.97
1782638542669,4,100,87,669.05
1782638542669,5,100,88,673.83
1782638542669,6,100,88,646.57
1782638542669,7,100,88,657.28
1782638542961,0,100,88,675.68
1782638542961,1,100,88,666.36
1782638542961,2,100,88,665.00
1782638542961,3,100,88,668.71
1782638542961,4,100,87,669.52
1782638542961,5,100,88,673.57
1782638542961,6,100,88,645.40
1782638542961,7,100,88,658.42
1782638543255,0,100,88,676.49
1782638543255,1,100,88,667.97
1782638543255,2,100,89,665.06
1782638543255,3,100,88,670.47
1782638543255,4,100,88,671.00
1782638543255,5,100,88,673.30
1782638543255,6,100,88,644.88
1782638543255,7,100,89,658.02
1782638543546,0,100,89,676.33
1782638543546,1,100,89,669.39
1782638543546,2,100,89,664.58
1782638543546,3,100,89,670.36
1782638543546,4,100,89,671.02
1782638543546,5,100,89,675.19
1782638543546,6,100,89,644.41
1782638543546,7,100,89,660.21
1782638543842,0,100,89,676.78
1782638543842,1,100,89,669.74
1782638543842,2,100,89,661.27
1782638543842,3,100,89,671.29
1782638543842,4,100,88,672.83
1782638543842,5,100,89,676.50
1782638543842,6,100,89,646.30
1782638543842,7,100,89,659.76
1782638544140,0,100,89,679.22
1782638544140,1,100,89,669.53
1782638544140,2,100,89,661.97
1782638544140,3,100,89,668.12
1782638544140,4,100,89,672.35
1782638544140,5,100,89,678.74
1782638544140,6,100,89,646.05
1782638544140,7,100,89,661.31
1782638544433,0,100,89,679.56
1782638544433,1,100,89,664.11
1782638544433,2,100,90,662.23
1782638544433,3,100,89,668.01
1782638544433,4,100,89,673.27
1782638544433,5,100,90,680.49
1782638544433,6,100,89,644.52
1782638544433,7,100,90,662.97
1782638544728,0,100,90,668.32
1782638544728,1,100,90,659.22
1782638544728,2,100,90,663.56
1782638544728,3,100,90,670.34
1782638544728,4,100,90,671.95
1782638544728,5,100,90,681.17
1782638544728,6,100,90,646.14
1782638544728,7,100,90,661.14
1782638545024,0,100,89,666.16
1782638545024,1,100,90,659.73
1782638545024,2,100,90,665.58
1782638545024,3,100,89,673.96
1782638545024,4,100,89,671.05
1782638545024,5,100,90,677.71
1782638545024,6,100,89,647.73
1782638545024,7,100,90,661.54
1782638545377,0,100,90,664.96
1782638545377,1,100,90,664.89
1782638545377,2,100,90,666.97
1782638545377,3,100,90,675.17
1782638545377,4,100,90,670.83
1782638545377,5,100,90,676.70
1782638545377,6,100,90,649.91
1782638545377,7,100,90,662.64
1782638545673,0,100,90,670.35
1782638545673,1,100,90,669.36
1782638545673,2,100,91,669.04
1782638545673,3,100,90,674.31
1782638545673,4,100,90,672.12
1782638545673,5,100,90,676.34
1782638545673,6,100,90,653.90
1782638545673,7,100,91,660.43
1782638545967,0,100,91,681.51
1782638545967,1,100,91,669.13
1782638545967,2,100,91,669.32
1782638545967,3,100,91,672.52
1782638545967,4,100,91,672.73
1782638545967,5,100,91,678.06
1782638545967,6,100,91,654.45
1782638545967,7,100,91,661.65
1782638546262,0,100,90,682.00
1782638546262,1,100,90,668.56
1782638546262,2,100,91,668.91
1782638546262,3,100,90,673.52
1782638546262,4,100,90,672.89
1782638546262,5,100,90,678.48
1782638546262,6,100,90,655.82
1782638546262,7,100,90,661.40
1782638546618,0,100,91,683.73
1782638546618,1,100,91,667.16
1782638546618,2,100,91,668.27
1782638546618,3,100,91,672.77
1782638546618,4,100,91,672.62
1782638546618,5,100,91,677.52
1782638546618,6,100,91,654.75
1782638546618,7,100,91,662.30
1782638546918,0,100,91,683.37
1782638546918,1,100,91,667.15
1782638546918,2,100,91,668.42
1782638546918,3,100,91,674.65
1782638546918,4,100,91,674.42
1782638546918,5,100,92,677.79
1782638546918,6,100,92,655.60
1782638546918,7,100,91,663.80
1782638547219,0,100,91,683.48
1782638547219,1,100,91,669.99
1782638547219,2,100,91,667.29
1782638547219,3,100,91,674.50
1782638547219,4,100,91,675.72
1782638547219,5,100,92,679.47
1782638547219,6,100,92,655.57
1782638547219,7,100,92,664.25
1782638547517,0,100,91,682.01
1782638547517,1,100,91,670.98
1782638547517,2,100,91,667.17
1782638547517,3,100,91,674.23
1782638547517,4,100,91,676.02
1782638547517,5,100,92,680.30
1782638547517,6,100,91,656.15
1782638547517,7,100,91,663.82
1782638547817,0,100,92,681.97
1782638547817,1,100,92,670.77
1782638547817,2,100,92,667.83
1782638547817,3,100,92,676.20
1782638547817,4,100,92,675.88
1782638547817,5,100,92,681.45
1782638547817,6,100,92,655.60
1782638547817,7,100,92,664.40
1782638548113,0,100,92,681.19
1782638548113,1,100,92,671.04
1782638548113,2,100,92,668.90
1782638548113,3,100,92,677.76
1782638548113,4,100,92,674.45
1782638548113,5,100,92,681.18
1782638548113,6,100,92,657.00
1782638548113,7,100,92,663.24
1782638548412,0,100,92,679.17
1782638548412,1,100,92,670.33
1782638548412,2,100,92,670.14
1782638548412,3,100,92,678.89
1782638548412,4,100,92,674.06
1782638548412,5,100,93,679.01
1782638548412,6,100,93,656.16
1782638548412,7,100,93,664.46
1782638548713,0,100,92,679.75
1782638548713,1,100,92,672.78
1782638548713,2,100,92,670.05
1782638548713,3,100,92,679.43
1782638548713,4,100,92,674.51
1782638548713,5,100,92,680.08
1782638548713,6,100,92,657.26
1782638548713,7,100,92,666.18
1782638549012,0,100,93,679.88
1782638549012,1,100,92,672.45
1782638549012,2,100,93,670.73
1782638549012,3,100,92,679.08
1782638549012,4,100,92,674.32
1782638549012,5,100,93,680.45
1782638549012,6,100,93,657.42
1782638549012,7,100,92,668.41
1782638549316,0,100,93,681.04
1782638549316,1,100,93,671.40
1782638549316,2,100,93,672.38
1782638549316,3,100,93,682.06
1782638549316,4,100,93,675.63
1782638549316,5,100,93,682.05
1782638549316,6,100,93,658.04
1782638549316,7,100,93,668.94
1782638549614,0,100,93,681.84
1782638549614,1,100,93,671.61
1782638549614,2,100,93,673.00
1782638549614,3,100,93,682.09
1782638549614,4,100,93,674.78
1782638549614,5,100,93,682.36
1782638549614,6,100,93,661.73
1782638549614,7,100,93,668.64
1782638549914,0,100,93,681.07
1782638549914,1,100,93,671.81
1782638549914,2,100,93,673.11
1782638549914,3,100,93,683.18
1782638549914,4,100,93,674.75
1782638549914,5,100,93,683.11
1782638549914,6,100,93,660.93
1782638549914,7,100,93,666.24
1782638550216,0,100,93,681.80
1782638550216,1,100,93,673.72
1782638550216,2,100,93,673.29
1782638550216,3,100,93,679.36
1782638550216,4,100,93,676.49
1782638550216,5,100,93,684.86
1782638550216,6,100,93,659.80
1782638550216,7,100,93,667.74
1782638550525,0,100,94,681.79
1782638550525,1,100,93,675.59
1782638550525,2,100,94,672.47
1782638550525,3,100,94,678.61
1782638550525,4,100,93,678.03
1782638550525,5,100,94,685.25
1782638550525,6,100,94,656.65
1782638550525,7,100,94,667.26
1782638550832,0,100,94,682.91
1782638550832,1,100,94,676.25
1782638550832,2,100,94,673.28
1782638550832,3,100,94,678.48
1782638550832,4,100,94,680.22
1782638550832,5,100,94,685.16
1782638550832,6,100,94,657.23
1782638550832,7,100,94,668.75
1782638551217,0,100,93,682.49
1782638551217,1,100,94,675.60
1782638551217,2,100,94,672.71
1782638551217,3,100,93,679.45
1782638551217,4,100,93,678.99
1782638551217,5,100,94,684.29
1782638551217,6,100,94,655.46
1782638551217,7,100,93,668.18
1782638551520,0,100,94,682.66
1782638551520,1,100,94,675.40
1782638551520,2,100,94,673.46
1782638551520,3,100,94,680.27
1782638551520,4,100,94,680.30
1782638551520,5,100,94,684.53
1782638551520,6,100,94,655.12
1782638551520,7,100,94,669.61
1782638551840,0,100,94,682.93
1782638551840,1,100,94,674.73
1782638551840,2,100,94,673.59
1782638551840,3,100,94,678.74
1782638551840,4,100,94,680.03
1782638551840,5,100,94,683.94
1782638551840,6,100,94,654.31
1782638551840,7,100,94,668.30
1782638552142,0,100,94,683.56
1782638552142,1,100,94,675.68
1782638552142,2,100,95,673.07
1782638552142,3,100,94,677.67
1782638552142,4,100,94,677.41
1782638552142,5,100,95,684.87
1782638552142,6,100,95,655.82
1782638552142,7,100,94,667.54
1782638552443,0,100,94,683.86
1782638552443,1,100,94,674.90
1782638552443,2,100,94,672.23
1782638552443,3,100,94,676.90
1782638552443,4,100,94,676.86
1782638552443,5,100,94,684.95
1782638552443,6,100,94,655.96
1782638552443,7,100,94,668.84
1782638552752,0,100,94,683.51
1782638552752,1,100,94,675.61
1782638552752,2,100,94,672.26
1782638552752,3,100,94,677.55
1782638552752,4,100,94,676.44
1782638552752,5,100,94,686.00
1782638552752,6,100,95,656.47
1782638552752,7,100,94,668.83
1782638553054,0,100,95,684.73
1782638553054,1,100,95,674.79
1782638553054,2,100,95,672.34
1782638553054,3,100,95,679.37
1782638553054,4,100,95,677.23
1782638553054,5,100,95,686.52
1782638553054,6,100,95,658.88
1782638553054,7,100,95,669.20
1782638553358,0,100,95,684.63
1782638553358,1,100,95,674.39
1782638553358,2,100,95,671.99
1782638553358,3,100,95,679.57
1782638553358,4,100,95,679.25
1782638553358,5,100,95,686.59
1782638553358,6,100,95,659.54
1782638553358,7,100,95,668.18
1782638553662,0,100,95,684.33
1782638553662,1,100,95,674.29
1782638553662,2,100,95,672.27
1782638553662,3,100,95,680.13
1782638553662,4,100,95,678.71
1782638553662,5,100,95,686.11
1782638553662,6,100,95,660.01
1782638553662,7,100,95,668.70
1782638553963,0,100,95,683.54
1782638553963,1,100,95,676.60
1782638553963,2,100,95,671.90
1782638553963,3,100,95,680.10
1782638553963,4,100,95,677.59
1782638553963,5,100,95,684.99
1782638553963,6,100,95,659.74
1782638553963,7,100,95,668.06
1782638554269,0,100,95,683.66
1782638554269,1,100,95,677.51
1782638554269,2,100,95,671.66
1782638554269,3,100,95,679.92
1782638554269,4,100,95,677.79
1782638554269,5,100,95,685.55
1782638554269,6,100,95,658.24
1782638554269,7,100,95,667.95
1782638554571,0,100,95,681.66
1782638554571,1,100,95,677.80
1782638554571,2,100,95,672.88
1782638554571,3,100,95,680.39
1782638554571,4,100,95,678.20
1782638554571,5,100,95,685.27
1782638554571,6,100,95,658.14
1782638554571,7,100,95,665.81
1782638554875,0,100,96,681.81
1782638554875,1,100,96,676.95
1782638554875,2,100,96,672.02
1782638554875,3,100,95,680.74
1782638554875,4,100,95,680.12
1782638554875,5,100,96,685.83
1782638554875,6,100,96,657.87
1782638554875,7,100,96,666.60
1782638555175,0,100,96,681.30
1782638555175,1,100,96,675.79
1782638555175,2,100,96,674.66
1782638555175,3,100,95,680.58
1782638555175,4,100,95,679.35
1782638555175,5,100,96,684.82
1782638555175,6,100,96,657.78
1782638555175,7,100,95,666.41
1782638555477,0,100,96,681.04
1782638555477,1,100,95,675.66
1782638555477,2,100,96,673.56
1782638555477,3,100,95,681.70
1782638555477,4,100,95,679.55
1782638555477,5,100,96,684.76
1782638555477,6,100,96,657.83
1782638555477,7,100,96,668.21
1782638555780,0,100,96,684.04
1782638555780,1,100,96,675.93
1782638555780,2,100,96,673.81
1782638555780,3,100,96,682.34
1782638555780,4,100,96,678.95
1782638555780,5,100,96,684.89
1782638555780,6,100,96,658.24
1782638555780,7,100,96,668.57
1782638556083,0,100,96,684.64
1782638556083,1,100,96,674.72
1782638556083,2,100,96,673.10
1782638556083,3,100,96,682.33
1782638556083,4,100,96,680.02
1782638556083,5,100,96,685.62
1782638556083,6,100,96,657.65
1782638556083,7,100,96,668.43
1782638556383,0,100,96,683.85
1782638556383,1,100,96,675.20
1782638556383,2,100,96,674.18
1782638556383,3,100,96,682.26
1782638556383,4,100,96,680.84
1782638556383,5,100,96,686.69
1782638556383,6,100,96,658.55
1782638556383,7,100,96,667.45
1782638556687,0,100,96,682.12
1782638556687,1,100,96,675.07
1782638556687,2,100,96,674.66
1782638556687,3,100,96,680.54
1782638556687,4,100,96,681.92
1782638556687,5,100,96,685.02
1782638556687,6,100,96,659.68
1782638556687,7,100,96,667.22
1782638557060,0,100,96,682.15
1782638557060,1,100,96,676.12
1782638557060,2,100,96,673.61
1782638557060,3,100,96,681.88
1782638557060,4,100,96,680.99
1782638557060,5,100,96,685.12
1782638557060,6,100,96,660.40
1782638557060,7,100,97,671.59
1782638557362,0,100,96,682.68
1782638557362,1,100,96,677.14
1782638557362,2,100,97,672.55
1782638557362,3,100,96,681.37
1782638557362,4,100,96,680.71
1782638557362,5,100,97,685.14
1782638557362,6,100,96,659.98
1782638557362,7,100,96,673.57
1782638557666,0,100,97,683.05
1782638557666,1,100,97,677.05
1782638557666,2,100,97,672.67
1782638557666,3,100,96,681.13
1782638557666,4,100,97,681.27
1782638557666,5,100,97,686.25
1782638557666,6,100,97,659.70
1782638557666,7,100,97,674.29
1782638557968,0,100,97,683.92
1782638557968,1,100,97,677.28
1782638557968,2,100,97,673.67
1782638557968,3,100,97,679.90
1782638557968,4,100,97,681.45
1782638557968,5,100,97,685.95
1782638557968,6,100,97,658.13
1782638557968,7,100,97,675.81
1782638558271,0,100,97,684.02
1782638558271,1,100,97,676.87
1782638558271,2,100,97,674.03
1782638558271,3,100,96,679.29
1782638558271,4,100,96,681.84
1782638558271,5,100,97,684.27
1782638558271,6,100,97,659.43
1782638558271,7,100,96,670.78
1782638558573,0,100,97,685.69
1782638558573,1,100,97,676.81
1782638558573,2,100,97,673.66
1782638558573,3,100,97,679.28
1782638558573,4,100,97,681.31
1782638558573,5,100,97,684.11
1782638558573,6,100,97,659.49
1782638558573,7,100,97,675.45
1782638558875,0,100,97,686.09
1782638558875,1,100,97,675.54
1782638558875,2,100,97,674.18
1782638558875,3,100,97,682.24
1782638558875,4,100,97,682.49
1782638558875,5,100,97,684.85
1782638558875,6,100,97,660.64
1782638558875,7,100,97,680.26
1782638559179,0,100,97,685.40
1782638559179,1,100,97,675.59
1782638559179,2,100,97,674.52
1782638559179,3,100,97,683.40
1782638559179,4,100,97,683.22
1782638559179,5,100,97,685.93
1782638559179,6,100,97,660.02
1782638559179,7,100,97,679.81
1782638559483,0,100,97,683.74
1782638559483,1,100,97,675.53
1782638559483,2,100,97,673.84
1782638559483,3,100,97,683.49
1782638559483,4,100,97,683.70
1782638559483,5,100,98,686.72
1782638559483,6,100,97,658.22
1782638559483,7,100,97,675.53
1782638559788,0,100,97,683.46
1782638559788,1,100,97,674.66
1782638559788,2,100,97,673.92
1782638559788,3,100,97,683.99
1782638559788,4,100,97,684.23
1782638559788,5,100,97,686.32
1782638559788,6,100,97,658.97
1782638559788,7,100,97,674.71
1782638560093,0,100,97,683.60
1782638560093,1,100,97,679.10
1782638560093,2,100,97,674.96
1782638560093,3,100,97,680.89
1782638560093,4,100,97,683.28
1782638560093,5,100,97,686.23
1782638560093,6,100,97,659.41
1782638560093,7,100,97,669.68
1782638560397,0,100,97,685.06
1782638560397,1,100,97,679.59
1782638560397,2,100,97,677.11
1782638560397,3,100,97,680.34
1782638560397,4,100,97,681.05
1782638560397,5,100,98,687.87
1782638560397,6,100,97,659.81
1782638560397,7,100,97,669.10
1782638560702,0,100,98,683.99
1782638560702,1,100,98,680.76
1782638560702,2,100,98,678.12
1782638560702,3,100,97,679.32
1782638560702,4,100,97,681.14
1782638560702,5,100,98,689.43
1782638560702,6,100,98,659.49
1782638560702,7,100,98,675.02
1782638561007,0,100,98,683.84
1782638561007,1,100,98,678.23
1782638561007,2,100,98,677.28
1782638561007,3,100,98,682.26
1782638561007,4,100,98,682.33
1782638561007,5,100,98,687.68
1782638561007,6,100,98,658.10
1782638561007,7,100,98,674.62
1782638561310,0,100,98,682.92
1782638561310,1,100,98,677.43
1782638561310,2,100,98,673.74
1782638561310,3,100,97,682.21
1782638561310,4,100,97,680.88
1782638561310,5,100,98,682.94
1782638561310,6,100,98,656.02
1782638561310,7,100,98,680.93
1782638561617,0,100,98,681.76
1782638561617,1,100,98,677.81
1782638561617,2,100,98,674.54
1782638561617,3,100,98,684.11
1782638561617,4,100,97,682.14
1782638561617,5,100,98,681.20
1782638561617,6,100,98,655.94
1782638561617,7,100,98,678.59
1782638561921,0,100,98,687.05
1782638561921,1,100,98,677.90
1782638561921,2,100,98,673.05
1782638561921,3,100,98,682.84
1782638561921,4,100,98,683.64
1782638561921,5,100,98,681.14
1782638561921,6,100,98,658.51
1782638561921,7,100,98,678.95
1782638562225,0,100,98,689.70
1782638562225,1,100,98,680.04
1782638562225,2,100,98,672.79
1782638562225,3,100,98,684.34
1782638562225,4,100,98,688.76
1782638562225,5,100,98,683.20
1782638562225,6,100,98,659.95
1782638562225,7,100,98,672.47
1782638562616,0,100,98,690.55
1782638562616,1,100,98,683.35
1782638562616,2,100,98,670.01
1782638562616,3,100,98,682.17
1782638562616,4,100,98,689.63
1782638562616,5,100,98,686.71
1782638562616,6,100,98,663.19
1782638562616,7,100,98,667.22
1782638562961,0,100,98,683.86
1782638562961,1,100,98,681.28
1782638562961,2,100,98,670.67
1782638562961,3,100,98,682.56
1782638562961,4,100,98,688.41
1782638562961,5,100,98,686.01
1782638562961,6,100,98,662.22
1782638562961,7,100,98,666.37
1782638563268,0,100,98,682.00
1782638563268,1,100,98,676.82
1782638563268,2,100,98,670.64
1782638563268,3,100,98,679.44
1782638563268,4,100,98,684.14
1782638563268,5,100,98,685.00
1782638563268,6,100,98,663.03
1782638563268,7,100,98,667.75
1782638563571,0,100,98,682.14
1782638563571,1,100,98,676.31
1782638563571,2,100,98,672.15
1782638563571,3,100,98,679.69
1782638563571,4,100,98,681.85
1782638563571,5,100,98,684.67
1782638563571,6,100,98,660.50
1782638563571,7,100,98,667.47
1782638563876,0,100,98,685.61
1782638563876,1,100,98,676.74
1782638563876,2,100,99,672.23
1782638563876,3,100,98,678.89
1782638563876,4,100,99,682.96
1782638563876,5,100,99,684.46
1782638563876,6,100,98,663.71
1782638563876,7,100,98,671.44
1782638564189,0,100,99,687.67
1782638564189,1,100,99,676.74
1782638564189,2,100,99,671.77
1782638564189,3,100,99,679.59
1782638564189,4,100,98,682.45
1782638564189,5,100,99,684.72
1782638564189,6,100,99,663.18
1782638564189,7,100,99,670.12
1782638564493,0,100,98,686.58
1782638564493,1,100,99,675.64
1782638564493,2,100,99,671.03
1782638564493,3,100,98,679.49
1782638564493,4,100,98,682.47
1782638564493,5,100,99,685.69
1782638564493,6,100,99,662.49
1782638564493,7,100,98,670.57
1782638564796,0,100,99,685.20
1782638564796,1,100,99,675.12
1782638564796,2,100,99,671.62
1782638564796,3,100,98,681.46
1782638564796,4,100,98,681.81
1782638564796,5,100,99,686.98
1782638564796,6,100,98,662.03
1782638564796,7,100,98,675.15
1782638565102,0,100,99,683.87
1782638565102,1,100,99,675.11
1782638565102,2,100,99,672.09
1782638565102,3,100,99,682.27
1782638565102,4,100,98,681.51
1782638565102,5,100,99,686.59
1782638565102,6,100,99,660.06
1782638565102,7,100,99,675.98
1782638565408,0,100,99,683.52
1782638565408,1,100,99,675.02
1782638565408,2,100,99,672.23
1782638565408,3,100,99,682.61
1782638565408,4,100,99,682.28
1782638565408,5,100,99,685.48
1782638565408,6,100,99,659.96
1782638565408,7,100,99,678.08
1782638565713,0,100,99,684.22
1782638565713,1,100,99,675.33
1782638565713,2,100,99,672.30
1782638565713,3,100,99,681.65
1782638565713,4,100,99,681.99
1782638565713,5,100,99,684.61
1782638565713,6,100,99,660.19
1782638565713,7,100,99,678.43
1782638566017,0,100,99,685.91
1782638566017,1,100,99,676.82
1782638566017,2,100,99,673.14
1782638566017,3,100,99,681.69
1782638566017,4,100,99,681.84
1782638566017,5,100,99,684.28
1782638566017,6,100,99,660.12
1782638566017,7,100,99,672.38
1782638566323,0,100,99,687.20
1782638566323,1,100,99,677.39
1782638566323,2,100,99,672.78
1782638566323,3,100,99,681.90
1782638566323,4,100,99,680.63
1782638566323,5,100,99,684.23
1782638566323,6,100,99,660.44
1782638566323,7,100,99,669.87
1782638566628,0,100,99,687.95
1782638566628,1,100,99,676.97
1782638566628,2,100,99,673.05
1782638566628,3,100,99,683.96
1782638566628,4,100,99,680.13
1782638566628,5,100,99,683.56
1782638566628,6,100,99,660.92
1782638566628,7,100,99,670.10
1782638566935,0,100,99,687.24
1782638566935,1,100,99,676.78
1782638566935,2,100,99,672.92
1782638566935,3,100,99,685.23
1782638566935,4,100,99,680.57
1782638566935,5,100,99,683.24
1782638566935,6,100,99,660.70
1782638566935,7,100,99,671.73
1782638567239,0,100,99,686.80
1782638567239,1,100,99,677.12
1782638567239,2,100,100,672.52
1782638567239,3,100,99,686.09
1782638567239,4,100,99,681.90
1782638567239,5,100,100,683.55
1782638567239,6,100,99,660.55
1782638567239,7,100,99,672.10
1782638567547,0,100,99,685.71
1782638567547,1,100,99,677.44
1782638567547,2,100,99,672.58
1782638567547,3,100,99,685.61
1782638567547,4,100,99,681.99
1782638567547,5,100,100,683.73
1782638567547,6,100,99,659.86
1782638567547,7,100,99,670.88
1782638567851,0,100,99,685.90
1782638567851,1,100,100,677.60
1782638567851,2,100,100,672.56
1782638567851,3,100,99,683.99
1782638567851,4,100,99,682.15
1782638567851,5,100,100,684.16
1782638567851,6,100,99,659.01
1782638567851,7,100,99,670.05
1782638568156,0,100,99,685.83
1782638568156,1,100,99,677.08
1782638568156,2,100,99,673.16
1782638568156,3,100,99,682.95
1782638568156,4,100,99,681.70
1782638568156,5,100,100,686.29
1782638568156,6,100,99,659.47
1782638568156,7,100,99,669.94
1782638568572,0,100,99,686.44
1782638568572,1,100,99,678.33
1782638568572,2,100,99,674.20
1782638568572,3,100,99,682.37
1782638568572,4,100,99,682.05
1782638568572,5,100,100,687.93
1782638568572,6,100,99,659.61
1782638568572,7,100,99,670.94
1782638568878,0,100,100,686.88
1782638568878,1,100,100,678.09
1782638568878,2,100,100,673.89
1782638568878,3,100,99,683.08
1782638568878,4,100,99,681.67
1782638568878,5,100,100,688.86
1782638568878,6,100,100,660.35
1782638568878,7,100,100,671.16
1782638569182,0,100,100,686.25
1782638569182,1,100,100,678.78
1782638569182,2,100,100,674.05
1782638569182,3,100,100,682.48
1782638569182,4,100,100,680.19
1782638569182,5,100,100,688.96
1782638569182,6,100,100,660.59
1782638569182,7,100,100,670.78
1782638569490,0,100,100,685.95
1782638569490,1,100,100,677.87
1782638569490,2,100,100,671.93
1782638569490,3,100,100,682.21
1782638569490,4,100,100,678.57
1782638569490,5,100,100,688.56
1782638569490,6,100,100,659.74
1782638569490,7,100,99,671.24
1782638569794,0,100,100,684.97
1782638569794,1,100,100,677.42
1782638569794,2,100,100,671.24
1782638569794,3,100,99,682.33
1782638569794,4,100,99,678.42
1782638569794,5,100,100,688.36
1782638569794,6,100,100,659.79
1782638569794,7,100,99,671.44
1782638570100,0,100,100,685.07
1782638570100,1,100,100,677.06
1782638570100,2,100,100,671.14
1782638570100,3,100,100,682.51
1782638570100,4,100,100,679.60
1782638570100,5,100,100,687.53
1782638570100,6,100,100,659.55
1782638570100,7,100,100,671.80
1782638570406,0,100,100,686.00
1782638570406,1,100,100,677.42
1782638570406,2,100,100,671.06
1782638570406,3,100,100,683.03
1782638570406,4,100,100,682.00
1782638570406,5,100,100,687.10
1782638570406,6,100,100,659.41
1782638570406,7,100,100,671.57
1782638570712,0,100,100,685.82
1782638570712,1,100,100,677.57
1782638570712,2,100,100,673.49
1782638570712,3,100,100,683.16
1782638570712,4,100,100,681.72
1782638570712,5,100,100,688.43
1782638570712,6,100,100,659.61
1782638570712,7,100,100,672.05
1782638571016,0,100,100,685.60
1782638571016,1,100,100,677.05
1782638571016,2,100,100,673.46
1782638571016,3,100,100,682.69
1782638571016,4,100,100,681.10
1782638571016,5,100,100,688.25
1782638571016,6,100,100,660.86
1782638571016,7,100,100,672.12
1782638571324,0,100,100,685.30
1782638571324,1,100,100,676.82
1782638571324,2,100,100,673.87
1782638571324,3,100,100,682.70
1782638571324,4,100,100,681.03
1782638571324,5,100,100,688.41
1782638571324,6,100,100,660.56
1782638571324,7,100,100,671.09
1782638571631,0,100,100,684.57
1782638571631,1,100,100,676.83
1782638571631,2,100,100,674.38
1782638571631,3,100,100,681.41
1782638571631,4,100,100,682.02
1782638571631,5,100,100,687.32
1782638571631,6,100,100,659.92
1782638571631,7,100,100,675.70
1782638571940,0,100,100,684.11
1782638571940,1,100,100,675.89
1782638571940,2,100,100,675.40
1782638571940,3,100,100,680.63
1782638571940,4,100,100,683.10
1782638571940,5,100,100,686.83
1782638571940,6,100,100,659.63
1782638571940,7,100,100,676.10
1782638572249,0,100,100,685.08
1782638572249,1,100,100,676.88
1782638572249,2,100,100,675.13
1782638572249,3,100,100,680.00
1782638572249,4,100,100,682.71
1782638572249,5,100,100,687.35
1782638572249,6,100,100,660.19
1782638572249,7,100,100,676.80
1782638572557,0,100,100,686.14
1782638572557,1,100,100,676.76
1782638572557,2,100,100,675.23
1782638572557,3,100,100,679.88
1782638572557,4,100,100,682.37
1782638572557,5,100,100,686.44
1782638572557,6,100,100,661.00
1782638572557,7,100,100,672.41
1782638572864,0,100,100,686.16
1782638572864,1,100,100,676.71
1782638572864,2,100,100,675.23
1782638572864,3,100,100,679.84
1782638572864,4,100,100,682.60
1782638572864,5,100,100,686.79
1782638572864,6,100,100,660.73
1782638572864,7,100,100,672.87
1782638573171,0,100,100,685.77
1782638573171,1,100,100,677.23
1782638573171,2,100,100,675.47
1782638573171,3,100,100,681.23
1782638573171,4,100,100,683.35
1782638573171,5,100,100,686.13
1782638573171,6,100,100,660.58
1782638573171,7,100,100,677.50
1782638573476,0,100,100,685.48
1782638573476,1,100,100,677.50
1782638573476,2,100,100,674.94
1782638573476,3,100,100,682.60
1782638573476,4,100,100,683.13
1782638573476,5,100,100,684.90
1782638573476,6,100,100,660.87
1782638573476,7,100,100,677.42
1782638573784,0,100,100,685.67
1782638573784,1,100,100,677.60
1782638573784,2,100,100,674.14
1782638573784,3,100,100,683.43
1782638573784,4,100,100,683.60
1782638573784,5,100,100,685.55
1782638573784,6,100,100,659.77
1782638573784,7,100,100,676.84
1782638574091,0,100,100,686.56
1782638574091,1,100,100,678.50
1782638574091,2,100,100,673.16
1782638574091,3,100,100,684.25
1782638574091,4,100,100,684.00
1782638574091,5,100,100,686.40
1782638574091,6,100,100,659.71
1782638574091,7,100,100,671.46
1782638574516,0,100,100,687.26
1782638574516,1,100,100,678.39
1782638574516,2,100,100,673.27
1782638574516,3,100,100,683.32
1782638574516,4,100,100,684.04
1782638574516,5,100,100,688.21
1782638574516,6,100,100,660.05
1782638574516,7,100,100,671.85
1782638574825,0,100,100,687.03
1782638574825,1,100,100,679.45
1782638574825,2,100,100,673.96
1782638574825,3,100,100,683.60
1782638574825,4,100,100,684.98
1782638574825,5,100,100,688.19
1782638574825,6,100,100,660.21
1782638574825,7,100,100,671.81
1782638575132,0,100,100,686.37
1782638575132,1,100,100,679.98
1782638575132,2,100,100,672.88
1782638575132,3,100,100,682.84
1782638575132,4,100,100,683.88
1782638575132,5,100,100,688.03
1782638575132,6,100,100,660.87
1782638575132,7,100,100,672.96
1782638575440,0,100,100,685.69
1782638575440,1,100,100,679.34
1782638575440,2,100,100,672.89
1782638575440,3,100,100,683.84
1782638575440,4,100,100,684.14
1782638575440,5,100,100,687.52
1782638575440,6,100,100,660.76
1782638575440,7,100,100,673.17
1782638575750,0,100,100,684.19
1782638575750,1,100,100,678.47
1782638575750,2,100,100,673.73
1782638575750,3,100,100,685.52
1782638575750,4,100,100,681.97
1782638575750,5,100,100,686.09
1782638575750,6,100,100,661.01
1782638575750,7,100,100,673.22
1782638576057,0,100,100,684.33
1782638576057,1,100,100,677.38
1782638576057,2,100,100,675.13
1782638576057,3,100,100,685.02
1782638576057,4,100,100,682.65
1782638576057,5,100,100,687.05
1782638576057,6,100,100,661.10
1782638576057,7,100,100,671.67
1782638576365,0,100,100,685.46
1782638576365,1,100,100,677.90
1782638576365,2,100,100,676.11
1782638576365,3,100,100,683.90
1782638576365,4,100,100,683.00
1782638576365,5,100,100,685.49
1782638576365,6,100,100,661.32
1782638576365,7,100,100,671.71
1782638576716,0,100,100,686.28
1782638576716,1,100,100,678.56
1782638576716,2,100,100,675.17
1782638576716,3,100,100,682.82
1782638576716,4,100,100,682.47
1782638576716,5,100,100,687.95
1782638576716,6,100,100,661.02
1782638576716,7,100,100,672.02
1782638577020,0,100,100,686.82
1782638577020,1,100,100,678.18
1782638577020,2,100,100,674.51
1782638577020,3,100,100,683.37
1782638577020,4,100,100,682.27
1782638577020,5,100,100,687.19
1782638577020,6,100,100,660.06
1782638577020,7,100,100,671.36
1782638577325,0,100,100,687.16
1782638577325,1,100,100,678.22
1782638577325,2,100,100,673.60
1782638577325,3,100,100,683.02
1782638577325,4,100,100,682.79
1782638577325,5,100,100,686.34
1782638577325,6,100,100,660.40
1782638577325,7,100,100,676.47
1782638577631,0,100,100,687.17
1782638577631,1,100,100,677.97
1782638577631,2,100,100,672.84
1782638577631,3,100,100,682.43
1782638577631,4,100,100,683.37
1782638577631,5,100,100,685.74
1782638577631,6,100,100,661.01
1782638577631,7,100,100,681.12
1782638577937,0,100,100,687.94
1782638577937,1,100,100,679.30
1782638577937,2,100,100,672.51
1782638577937,3,100,100,680.79
1782638577937,4,100,100,682.81
1782638577937,5,100,100,686.61
1782638577937,6,100,100,660.01
1782638577937,7,100,100,688.95
1782638578242,0,100,100,686.46
1782638578242,1,100,100,679.31
1782638578242,2,100,100,672.93
1782638578242,3,100,100,680.16
1782638578242,4,100,100,680.88
1782638578242,5,100,100,688.51
1782638578242,6,100,100,658.48
1782638578242,7,100,100,689.69
1782638578547,0,100,100,685.27
1782638578547,1,100,100,677.71
1782638578547,2,100,100,677.15
1782638578547,3,100,100,679.10
1782638578547,4,100,100,679.53
1782638578547,5,100,100,688.17
1782638578547,6,100,100,659.63
1782638578547,7,100,100,688.00
1782638578853,0,100,100,683.58
1782638578853,1,100,100,675.89
1782638578853,2,100,100,677.13
1782638578853,3,100,100,680.10
1782638578853,4,100,100,679.13
1782638578853,5,100,100,685.86
1782638578853,6,100,100,658.62
1782638578853,7,100,100,687.93
1782638579158,0,100,100,683.28
1782638579158,1,100,100,679.19
1782638579158,2,100,100,674.87
1782638579158,3,100,100,679.16
1782638579158,4,100,100,678.29
1782638579158,5,100,100,684.15
1782638579158,6,100,100,660.98
1782638579158,7,100,100,689.22
1782638579464,0,100,100,682.97
1782638579464,1,100,100,680.71
1782638579464,2,100,100,672.04
1782638579464,3,100,100,678.34
1782638579464,4,100,100,678.58
1782638579464,5,100,100,685.65
1782638579464,6,100,100,660.91
1782638579464,7,100,100,685.91
1782638579767,0,100,100,682.97
1782638579767,1,100,100,684.21
1782638579767,2,100,100,668.47
1782638579767,3,100,100,678.68
1782638579767,4,100,100,677.42
1782638579767,5,100,100,685.79
1782638579767,6,100,100,661.37
1782638579767,7,100,100,689.60
1782638580173,0,100,100,681.84
1782638580173,1,100,100,680.28
1782638580173,2,100,100,672.83
1782638580173,3,100,100,680.12
1782638580173,4,100,100,677.76
1782638580173,5,100,100,684.19
1782638580173,6,100,100,662.02
1782638580173,7,100,100,683.83
1782638580514,0,100,100,681.15
1782638580514,1,100,100,683.57
1782638580514,2,100,100,672.31
1782638580514,3,100,100,680.39
1782638580514,4,100,100,679.04
1782638580514,5,100,100,679.84
1782638580514,6,100,100,659.54
1782638580514,7,100,100,685.29
1782638580826,0,100,100,681.42
1782638580826,1,100,100,678.99
1782638580826,2,100,100,671.33
1782638580826,3,100,100,678.39
1782638580826,4,100,100,680.34
1782638580826,5,100,100,678.62
1782638580826,6,100,100,659.01
1782638580826,7,100,100,674.96
1782638581135,0,100,100,681.60
1782638581135,1,100,100,677.73
1782638581135,2,100,100,667.16
1782638581135,3,100,100,678.05
1782638581135,4,100,100,679.61
1782638581135,5,100,100,677.66
1782638581135,6,100,100,657.87
1782638581135,7,100,100,670.91
1782638581439,0,100,100,681.35
1782638581439,1,100,100,673.36
1782638581439,2,100,100,667.59
1782638581439,3,100,100,673.70
1782638581439,4,100,100,676.15
1782638581439,5,100,100,679.97
1782638581439,6,100,100,656.72
1782638581439,7,100,100,662.59
1782638581744,0,100,100,678.78
1782638581744,1,100,100,673.26
1782638581744,2,100,100,666.92
1782638581744,3,100,100,670.55
1782638581744,4,100,100,671.27
1782638581744,5,100,100,678.23
1782638581744,6,100,100,651.80
1782638581744,7,100,100,662.15
1782638582080,0,100,100,674.29
1782638582080,1,100,100,671.02
1782638582080,2,100,100,662.39
1782638582080,3,100,100,665.36
1782638582080,4,100,100,666.99
1782638582080,5,100,100,673.56
1782638582080,6,100,100,650.06
1782638582080,7,100,100,658.65
1782638582384,0,100,100,670.97
1782638582384,1,100,100,667.05
1782638582384,2,100,100,658.45
1782638582384,3,100,100,661.93
1782638582384,4,100,100,664.13
1782638582384,5,100,100,667.58
1782638582384,6,100,100,646.22
1782638582384,7,100,100,658.65
1782638582688,0,100,100,668.82
1782638582688,1,100,100,663.12
1782638582688,2,100,100,654.79
1782638582688,3,100,100,660.88
1782638582688,4,100,100,663.95
1782638582688,5,100,100,664.96
1782638582688,6,100,100,644.40
1782638582688,7,100,100,654.30
1782638582992,0,100,100,668.63
1782638582992,1,100,100,660.10
1782638582992,2,100,100,654.51
1782638582992,3,100,100,660.69
1782638582992,4,100,100,664.25
1782638582992,5,100,100,665.46
1782638582992,6,100,100,644.18
1782638582992,7,100,100,653.17
1782638583295,0,100,100,668.57
1782638583295,1,100,100,658.87
1782638583295,2,100,100,654.02
1782638583295,3,100,100,660.44
1782638583295,4,100,100,661.67
1782638583295,5,100,100,667.72
1782638583295,6,100,100,640.75
1782638583295,7,100,100,651.95
1782638583597,0,100,100,667.78
1782638583597,1,100,100,659.35
1782638583597,2,100,100,652.72
1782638583597,3,100,100,659.43
1782638583597,4,100,100,659.23
1782638583597,5,100,100,666.73
1782638583597,6,100,100,642.27
1782638583597,7,100,100,650.14
1782638583899,0,100,100,667.44
1782638583899,1,100,100,658.33
1782638583899,2,100,100,651.13
1782638583899,3,100,100,657.55
1782638583899,4,100,100,657.92
1782638583899,5,100,100,666.37
1782638583899,6,100,100,642.85
1782638583899,7,100,99,647.14
1782638584202,0,100,100,665.47
1782638584202,1,100,99,657.85
1782638584202,2,100,100,650.04
1782638584202,3,100,99,656.10
1782638584202,4,100,99,657.64
1782638584202,5,100,100,665.84
1782638584202,6,100,99,641.15
1782638584202,7,100,99,646.11
1782638584503,0,100,100,663.62
1782638584503,1,100,100,656.08
1782638584503,2,100,99,649.95
1782638584503,3,100,99,654.49
1782638584503,4,100,99,658.63
1782638584503,5,100,99,664.14
1782638584503,6,100,99,640.17
1782638584503,7,100,99,644.52
1782638584809,0,100,99,662.39
1782638584809,1,100,99,655.56
1782638584809,2,100,99,650.04
1782638584809,3,100,99,651.36
1782638584809,4,100,99,657.70
1782638584809,5,100,100,662.17
1782638584809,6,100,99,637.97
1782638584809,7,100,99,642.52
1782638585117,0,100,99,661.92
1782638585117,1,100,99,655.24
1782638585117,2,100,99,648.64
1782638585117,3,100,99,650.59
1782638585117,4,100,98,656.70
1782638585117,5,100,99,659.68
1782638585117,6,100,99,637.55
1782638585117,7,100,99,641.51
1782638585425,0,100,99,661.61
1782638585425,1,100,99,654.35
1782638585425,2,100,99,647.36
1782638585425,3,100,99,646.44
1782638585425,4,100,98,655.12
1782638585425,5,100,99,658.60
1782638585425,6,100,98,635.98
1782638585425,7,100,99,637.19
1782638585728,0,100,99,659.75
1782638585728,1,100,98,652.49
1782638585728,2,100,99,645.33
1782638585728,3,100,98,640.78
1782638585728,4,100,98,645.28
1782638585728,5,100,99,657.97
1782638585728,6,100,98,631.58
1782638585728,7,100,98,627.65
1782638586115,0,100,98,646.91
1782638586115,1,100,98,650.49
1782638586115,2,100,98,638.27
1782638586115,3,100,98,631.27
1782638586115,4,100,98,637.08
1782638586115,5,100,98,651.27
1782638586115,6,100,98,622.49
1782638586115,7,100,97,618.69
1782638586413,0,100,98,637.01
1782638586413,1,100,98,642.36
1782638586413,2,100,98,631.12
1782638586413,3,100,97,625.93
1782638586413,4,100,97,627.85
1782638586413,5,100,98,642.93
1782638586413,6,100,97,614.67
1782638586413,7,100,97,613.16
1782638586714,0,100,97,630.78
1782638586714,1,100,98,634.68
1782638586714,2,100,97,622.85
1782638586714,3,100,97,624.40
1782638586714,4,100,97,626.37
1782638586714,5,100,98,632.74
1782638586714,6,100,97,607.61
1782638586714,7,100,97,612.02
1782638587011,0,100,97,627.45
1782638587011,1,100,98,626.49
1782638587011,2,100,97,616.85
1782638587011,3,100,97,623.57
1782638587011,4,100,97,624.60
1782638587011,5,100,98,628.14
1782638587011,6,100,97,606.67
1782638587011,7,100,97,613.93
1782638587307,0,100,97,626.85
1782638587307,1,100,97,623.27
1782638587307,2,100,97,616.27
1782638587307,3,100,97,620.38
1782638587307,4,100,97,624.69
1782638587307,5,100,97,627.57
1782638587307,6,100,97,606.30
1782638587307,7,100,97,612.61
1782638587605,0,100,97,626.26
1782638587605,1,100,97,622.55
1782638587605,2,100,97,616.54
1782638587605,3,100,96,620.60
1782638587605,4,100,96,621.22
1782638587605,5,100,97,632.05
1782638587605,6,100,97,605.09
1782638587605,7,100,97,610.15
1782638587908,0,100,97,625.40
1782638587908,1,100,97,621.83
1782638587908,2,100,97,615.94
1782638587908,3,100,97,619.66
1782638587908,4,100,97,619.01
1782638587908,5,100,97,631.16
1782638587908,6,100,97,604.66
1782638587908,7,100,96,609.42
1782638588206,0,100,97,626.20
1782638588206,1,100,97,620.93
1782638588206,2,100,97,615.80
1782638588206,3,97,89,629.84
1782638588206,4,100,96,617.44
1782638588206,5,100,97,631.50
1782638588206,6,100,96,603.71
1782638588206,7,100,72,650.54
1782638588496,0,100,96,631.59
1782638588496,1,100,97,621.64
1782638588496,2,100,96,614.23
1782638588496,3,100,55,655.71
1782638588496,4,100,43,654.89
1782638588496,5,100,97,625.56
1782638588496,6,100,97,617.24
1782638588496,7,100,45,680.07
1782638588773,0,100,54,664.80
1782638588773,1,100,96,620.22
1782638588773,2,97,65,637.31
1782638588773,3,100,45,690.79
1782638588773,4,100,71,691.20
1782638588773,5,100,43,664.62
1782638588773,6,100,61,650.55
1782638588773,7,100,45,695.90
1782638589041,0,100,43,690.31
1782638589041,1,100,53,649.98
1782638589041,2,100,49,657.62
1782638589041,3,100,42,701.12
1782638589041,4,100,44,697.08
1782638589041,5,100,67,685.64
1782638589041,6,100,45,677.76
1782638589041,7,100,42,704.15
1782638589309,0,100,42,697.19
1782638589309,1,100,50,684.15
1782638589309,2,100,45,691.26
1782638589309,3,100,43,695.64
1782638589309,4,100,44,702.17
1782638589309,5,100,45,701.66
1782638589309,6,100,44,697.69
1782638589309,7,100,40,697.03
1782638589571,0,100,42,700.80
1782638589571,1,100,44,697.53
1782638589571,2,100,42,701.94
1782638589571,3,100,42,690.53
1782638589571,4,100,44,703.00
1782638589571,5,100,42,707.28
1782638589571,6,100,45,698.93
1782638589571,7,100,43,691.80
1782638589834,0,100,44,693.62
1782638589834,1,100,42,706.26
1782638589834,2,100,45,699.69
1782638589834,3,100,41,688.37
1782638589834,4,100,42,696.16
1782638589834,5,100,44,700.37
1782638589834,6,100,44,696.66
1782638589834,7,100,42,695.78
1782638590100,0,100,44,694.27
1782638590100,1,100,44,699.53
1782638590100,2,100,45,699.80
1782638590100,3,100,40,669.61
1782638590100,4,100,41,689.34
1782638590100,5,100,42,693.20
1782638590100,6,100,45,695.86
1782638590100,7,100,91,637.19
1782638590380,0,100,43,693.81
1782638590380,1,100,44,696.31
1782638590380,2,100,44,698.83
1782638590380,3,100,90,609.04
1782638590380,4,100,91,627.46
1782638590380,5,100,41,696.05
1782638590380,6,100,63,686.92
1782638590380,7,100,90,578.71
1782638590662,0,100,92,660.92
1782638590662,1,100,42,698.49
1782638590662,2,95,42,695.24
1782638590662,3,100,90,551.05
1782638590662,4,100,90,567.09
1782638590662,5,100,43,697.58
1782638590662,6,100,92,623.28
1782638590662,7,100,90,534.67
1782638590951,0,100,92,599.33
1782638590951,1,100,43,696.48
1782638590951,2,100,90,648.88
1782638590951,3,100,88,505.01
1782638590951,4,100,89,515.25
1782638590951,5,100,91,640.83
1782638590951,6,100,92,558.38
1782638590951,7,100,88,498.01
1782638591253,0,100,92,557.26
1782638591253,1,100,91,661.69
1782638591253,2,100,92,593.72
1782638591253,3,100,88,508.80
1782638591253,4,100,88,502.71
1782638591253,5,100,91,594.71
1782638591253,6,100,91,509.83
1782638591253,7,100,87,497.67
1782638591559,0,100,92,520.61
1782638591559,1,100,91,592.77
1782638591559,2,100,92,545.03
1782638591559,3,100,87,507.91
1782638591559,4,100,88,504.32
1782638591559,5,100,92,545.94
1782638591559,6,100,90,495.66
1782638591559,7,100,88,496.89
1782638591975,0,100,91,521.60
1782638591975,1,100,92,524.21
1782638591975,2,100,92,505.75
1782638591975,3,100,90,508.47
1782638591975,4,100,90,501.62
1782638591975,5,100,91,514.30
1782638591975,6,100,88,496.94
1782638591975,7,100,91,495.27
1782638592280,0,100,89,521.62
1782638592280,1,100,92,513.86
1782638592280,2,100,91,501.93
1782638592280,3,100,89,502.49
1782638592280,4,100,89,499.99
1782638592280,5,100,91,509.45
1782638592280,6,100,88,497.47
1782638592280,7,100,87,491.35
1782638592583,0,100,89,522.67
1782638592583,1,100,91,508.72
1782638592583,2,100,91,501.70
1782638592583,3,100,88,498.26
1782638592583,4,100,87,492.42
1782638592583,5,100,90,507.35
1782638592583,6,100,90,498.66
1782638592583,7,100,88,487.81
1782638592891,0,100,88,524.05
1782638592891,1,100,91,505.27
1782638592891,2,100,90,502.43
1782638592891,3,100,87,493.20
1782638592891,4,100,87,490.88
1782638592891,5,100,90,509.08
1782638592891,6,100,91,497.36
1782638592891,7,100,89,483.59
1782638593195,0,100,89,522.10
1782638593195,1,100,90,505.36
1782638593195,2,100,89,507.44
1782638593195,3,100,90,492.70
1782638593195,4,100,88,487.55
1782638593195,5,100,89,509.78
1782638593195,6,100,87,493.87
1782638593195,7,100,90,484.54
1782638593501,0,100,90,518.51
1782638593501,1,100,90,505.21
1782638593501,2,100,88,507.11
1782638593501,3,100,90,491.45
1782638593501,4,100,90,489.84
1782638593501,5,100,88,510.41
1782638593501,6,100,88,488.71
1782638593501,7,100,87,481.22
1782638593809,0,100,87,509.15
1782638593809,1,100,89,506.95
1782638593809,2,100,88,507.78
1782638593809,3,100,89,488.33
1782638593809,4,100,86,485.37
1782638593809,5,100,87,508.81
1782638593809,6,100,87,484.35
1782638593809,7,100,89,477.12
1782638594115,0,100,88,499.47
1782638594115,1,100,88,509.12
1782638594115,2,100,91,507.66
1782638594115,3,100,88,477.83
1782638594115,4,100,88,480.67
1782638594115,5,100,91,508.05
1782638594115,6,100,90,482.05
1782638594115,7,100,88,469.42
1782638594424,0,100,90,496.98
1782638594424,1,100,87,510.98
1782638594424,2,100,90,508.64
1782638594424,3,100,88,471.13
1782638594424,4,100,88,472.08
1782638594424,5,100,89,505.11
1782638594424,6,100,86,482.00
1782638594424,7,100,88,463.49
1782638594734,0,100,90,498.78
1782638594734,1,100,91,510.13
1782638594734,2,100,88,503.63
1782638594734,3,100,88,463.85
1782638594734,4,100,88,465.78
1782638594734,5,100,88,500.16
1782638594734,6,100,89,474.42
1782638594734,7,100,88,457.05
1782638595043,0,100,89,497.07
1782638595043,1,100,89,505.72
1782638595043,2,100,87,493.18
1782638595043,3,100,88,458.16
1782638595043,4,100,88,458.04
1782638595043,5,100,87,493.68
1782638595043,6,100,88,465.46
1782638595043,7,100,88,450.82
1782638595348,0,100,89,491.78
1782638595348,1,100,88,499.83
1782638595348,2,100,90,488.16
1782638595348,3,0,0,387.88
1782638595348,4,100,87,454.56
1782638595348,5,100,90,492.45
1782638595348,6,100,88,456.84
1782638595348,7,0,0,374.70
1782638595638,0,100,88,482.96
1782638595638,1,100,87,494.78
1782638595638,2,100,90,486.82
1782638595638,3,0,0,286.98
1782638595638,4,0,0,363.15
1782638595638,5,100,87,490.28
1782638595638,6,100,88,451.46
1782638595638,7,0,0,275.89
1782638595919,0,100,88,477.65
1782638595919,1,100,89,492.59
1782638595919,2,100,89,484.42
1782638595919,3,0,0,226.06
1782638595919,4,0,0,268.37
1782638595919,5,100,88,485.75
1782638595919,6,100,88,445.99
1782638595919,7,0,0,184.78
1782638596204,0,100,88,470.91
1782638596204,1,100,87,489.50
1782638596204,2,100,89,479.98
1782638596204,3,0,0,128.12
1782638596204,4,0,0,167.73
1782638596204,5,100,89,480.31
1782638596204,6,0,0,390.52
1782638596204,7,0,0,123.35
1782638596475,0,100,88,440.99
1782638596475,1,100,89,487.00
1782638596475,2,100,88,473.40
1782638596475,3,0,0,125.27
1782638596475,4,0,0,126.27
1782638596475,5,100,88,473.89
1782638596475,6,0,0,296.46
1782638596475,7,0,0,122.66
1782638596738,0,0,0,374.10
1782638596738,1,100,89,482.19
1782638596738,2,100,88,466.16
1782638596738,3,0,0,124.88
1782638596738,4,0,0,124.57
1782638596738,5,100,88,470.11
1782638596738,6,0,0,233.75
1782638596738,7,0,0,122.43
1782638596997,0,0,0,275.07
1782638596997,1,100,88,475.01
1782638596997,2,100,88,459.17
1782638596997,3,0,0,124.40
1782638596997,4,0,0,124.39
1782638596997,5,100,88,461.25
1782638596997,6,0,0,141.76
1782638596997,7,0,0,122.24
1782638597258,0,0,0,176.60
1782638597258,1,100,88,469.54
1782638597258,2,100,88,439.01
1782638597258,3,0,0,123.98
1782638597258,4,0,0,124.32
1782638597258,5,100,88,397.16
1782638597258,6,0,0,119.74
1782638597258,7,0,0,122.15
1782638597548,0,0,0,134.26
1782638597548,1,100,88,462.60
1782638597548,2,0,0,344.35
1782638597548,3,0,0,123.75
1782638597548,4,0,0,124.35
1782638597548,5,0,0,327.97
1782638597548,6,0,0,119.50
1782638597548,7,0,0,121.98
1782638597787,0,0,0,132.52
1782638597787,1,100,88,449.78
1782638597787,2,0,0,281.42
1782638597787,3,0,0,123.41
1782638597787,4,0,0,124.42
1782638597787,5,0,0,265.24
1782638597787,6,0,0,119.37
1782638597787,7,0,0,121.90
1782638598020,0,0,0,132.45
1782638598020,1,38,33,350.07
1782638598020,2,0,0,188.37
1782638598020,3,0,0,123.31
1782638598020,4,0,0,124.42
1782638598020,5,0,0,164.93
1782638598020,6,0,0,119.19
1782638598020,7,0,0,121.78
1782638598250,0,0,0,132.37
1782638598250,1,0,0,284.75
1782638598250,2,0,0,136.37
1782638598250,3,0,0,123.21
1782638598250,4,0,0,124.39
1782638598250,5,0,0,125.10
1782638598250,6,0,0,119.12
1782638598250,7,0,0,121.67
1782638598481,0,0,0,132.10
1782638598481,1,0,0,224.21
1782638598481,2,0,0,134.59
1782638598481,3,0,0,123.04
1782638598481,4,0,0,124.27
1782638598481,5,0,0,123.96
1782638598481,6,0,0,119.03
1782638598481,7,0,0,121.59
1782638598711,0,0,0,131.95
1782638598711,1,0,0,161.90
1782638598711,2,0,0,134.07
1782638598711,3,0,0,122.94
1782638598711,4,0,0,124.11
1782638598711,5,0,0,123.75
1782638598711,6,0,0,118.91
1782638598711,7,0,0,121.53
1782638598941,0,0,0,131.81
1782638598941,1,0,0,130.53
1782638598941,2,0,0,133.85
1782638598941,3,0,0,122.85
1782638598941,4,0,0,124.06
1782638598941,5,0,0,123.52
1782638598941,6,0,0,118.85
1782638598941,7,0,0,121.41
1782638599170,0,16,2,134.14
1782638599170,1,15,2,130.87
1782638599170,2,22,3,135.28
1782638599170,3,22,3,124.90
1782638599170,4,12,2,125.92
1782638599170,5,24,4,125.35
1782638599170,6,33,5,120.78
1782638599170,7,17,3,123.71
1782638599515,0,0,0,134.29
1782638599515,1,36,5,132.22
1782638599515,2,0,0,136.00
1782638599515,3,61,9,125.42
1782638599515,4,0,0,126.76
1782638599515,5,16,3,125.78
1782638599515,6,0,0,121.65
1782638599515,7,59,9,124.06
1782638599746,0,0,0,134.15
1782638599746,1,0,0,131.86
1782638599746,2,0,0,135.79
1782638599746,3,0,0,125.33
1782638599746,4,0,0,126.71
1782638599746,5,0,0,125.68
1782638599746,6,0,0,121.50
1782638599746,7,0,0,124.01
1782638599977,0,0,0,134.02
1782638599977,1,0,0,131.81
1782638599977,2,0,0,135.66
1782638599977,3,0,0,125.22
1782638599977,4,1,0,126.63
1782638599977,5,2,0,125.58
1782638599977,6,0,0,121.42
1782638599977,7,4,1,123.97
1782638600207,0,0,0,132.89
1782638600207,1,0,0,130.93
1782638600207,2,0,0,134.11
1782638600207,3,0,0,124.24
1782638600207,4,0,0,124.57
1782638600207,5,0,0,123.68
1782638600207,6,0,0,119.22
1782638600207,7,0,0,123.06
1782638600433,0,0,0,131.02
1782638600433,1,0,0,128.63
1782638600433,2,0,0,132.78
1782638600433,3,0,0,122.34
1782638600433,4,0,0,123.60
1782638600433,5,0,0,122.48
1782638600433,6,0,0,118.15
1782638600433,7,0,0,121.01
1782638600661,0,0,0,130.92
1782638600661,1,0,0,128.54
1782638600661,2,0,0,132.65
1782638600661,3,0,0,122.30
1782638600661,4,0,0,123.54
1782638600661,5,0,0,122.31
1782638600661,6,0,0,118.03
1782638600661,7,0,0,120.97
1782638600916,0,50,0,131.08
1782638600916,1,31,0,128.85
1782638600916,2,100,1,132.99
1782638600916,3,0,0,122.58
1782638600916,4,100,1,123.90
1782638600916,5,0,0,122.40
1782638600916,6,86,1,118.40
1782638600916,7,100,1,121.33
1782638601184,0,100,1,131.34
1782638601184,1,100,1,128.94
1782638601184,2,3,0,133.13
1782638601184,3,0,0,122.77
1782638601184,4,65,0,124.08
1782638601184,5,100,1,122.50
1782638601184,6,80,1,118.53
1782638601184,7,27,0,121.45
1782638601418,0,0,0,131.24
1782638601418,1,0,0,128.83
1782638601418,2,0,0,132.99
1782638601418,3,0,0,122.75
1782638601418,4,0,0,124.17
1782638601418,5,0,0,122.44
1782638601418,6,25,0,118.55
1782638601418,7,0,0,121.45
1782638601652,0,0,0,131.57
1782638601652,1,19,0,129.18
1782638601652,2,35,0,133.27
1782638601652,3,0,0,123.04
1782638601652,4,83,0,124.53
1782638601652,5,92,0,122.89
1782638601652,6,26,0,119.02
1782638601652,7,84,0,121.73
1782638601884,0,0,0,131.26
1782638601884,1,0,0,128.92
1782638601884,2,0,0,132.70
1782638601884,3,0,0,122.64
1782638601884,4,0,0,124.06
1782638601884,5,0,0,122.61
1782638601884,6,0,0,118.47
1782638601884,7,0,0,121.23
1782638602182,0,26,0,159.89
1782638602182,1,0,0,141.62
1782638602182,2,41,6,142.98
1782638602182,3,23,6,158.62
1782638602182,4,39,4,138.36
1782638602182,5,20,0,139.56
1782638602182,6,85,27,169.42
1782638602182,7,39,6,135.12
1782638602440,0,69,20,280.76
1782638602440,1,97,45,306.95
1782638602440,2,97,46,296.96
1782638602440,3,97,45,277.26
1782638602440,4,97,46,301.70
1782638602440,5,97,45,305.40
1782638602440,6,97,46,289.55
1782638602440,7,97,46,306.08
1782638602705,0,23,11,363.61
1782638602705,1,45,22,377.49
1782638602705,2,0,0,369.53
1782638602705,3,85,42,374.80
1782638602705,4,0,0,375.78
1782638602705,5,71,34,376.86
1782638602705,6,8,4,362.95
1782638602705,7,0,0,378.80
1782638602983,0,75,37,525.79
1782638602983,1,97,45,546.34
1782638602983,2,97,45,530.86
1782638602983,3,97,44,519.31
1782638602983,4,98,44,540.09
1782638602983,5,98,45,547.46
1782638602983,6,97,48,531.02
1782638602983,7,97,46,545.08
1782638603323,0,90,43,609.23
1782638603323,1,95,44,600.26
1782638603323,2,98,48,593.23
1782638603323,3,97,44,592.32
1782638603323,4,91,43,596.97
1782638603323,5,98,46,600.39
1782638603323,6,87,45,596.84
1782638603323,7,90,44,600.26
1782638603590,0,98,47,625.24
1782638603590,1,98,46,608.37
1782638603590,2,97,47,635.64
1782638603590,3,97,47,634.95
1782638603590,4,98,48,640.61
1782638603590,5,98,47,651.45
1782638603590,6,98,46,647.96
1782638603590,7,98,47,647.98
1782638603854,0,65,32,677.09
1782638603854,1,63,30,676.58
1782638603854,2,93,42,671.93
1782638603854,3,70,30,686.09
1782638603854,4,98,45,679.98
1782638603854,5,77,32,693.26
1782638603854,6,90,39,680.80
1782638603854,7,98,42,678.45
1782638604120,0,98,46,672.54
1782638604120,1,98,46,680.62
1782638604120,2,98,47,677.18
1782638604120,3,98,47,686.45
1782638604120,4,98,47,683.33
1782638604120,5,98,46,691.47
1782638604120,6,98,47,679.33
1782638604120,7,98,47,684.05
1782638604382,0,98,46,670.11
1782638604382,1,98,45,677.70
1782638604382,2,99,47,676.92
1782638604382,3,89,42,689.16
1782638604382,4,98,46,681.14
1782638604382,5,98,46,690.61
1782638604382,6,94,44,678.90
1782638604382,7,98,45,678.17
1782638604646,0,90,44,674.43
1782638604646,1,98,46,679.09
1782638604646,2,98,47,675.51
1782638604646,3,98,47,688.87
1782638604646,4,98,47,681.46
1782638604646,5,98,48,691.53
1782638604646,6,98,46,680.99
1782638604646,7,98,47,681.65
1782638604910,0,98,43,681.79
1782638604910,1,98,41,686.70
1782638604910,2,90,42,681.01
1782638604910,3,98,43,692.19
1782638604910,4,97,47,683.57
1782638604910,5,98,42,694.26
1782638604910,6,98,43,683.33
1782638604910,7,95,44,685.29
1782638605171,0,98,47,685.03
1782638605171,1,90,43,685.05
1782638605171,2,98,47,679.46
1782638605171,3,98,47,691.75
1782638605171,4,98,48,687.32
1782638605171,5,91,44,696.67
1782638605171,6,98,47,684.58
1782638605171,7,98,47,683.59
1782638605433,0,98,47,693.62
1782638605433,1,98,46,688.28
1782638605433,2,98,45,683.98
1782638605433,3,97,45,702.48
1782638605433,4,98,45,689.57
1782638605433,5,98,46,689.01
1782638605433,6,99,47,686.81
1782638605433,7,98,44,688.37
1782638605694,0,98,45,685.70
1782638605694,1,98,46,684.47
1782638605694,2,98,45,686.72
1782638605694,3,97,47,688.67
1782638605694,4,98,45,692.74
1782638605694,5,98,47,694.12
1782638605694,6,97,45,693.34
1782638605694,7,98,45,696.14
1782638605957,0,98,45,697.02
1782638605957,1,98,45,696.24
1782638605957,2,98,45,692.48
1782638605957,3,97,44,686.72
1782638605957,4,98,44,701.32
1782638605957,5,98,44,694.42
1782638605957,6,98,45,696.50
1782638605957,7,98,44,698.91
1782638606218,0,91,43,687.20
1782638606218,1,97,46,689.38
1782638606218,2,98,48,689.37
1782638606218,3,97,47,684.00
1782638606218,4,91,44,697.86
1782638606218,5,98,46,686.83
1782638606218,6,98,46,686.24
1782638606218,7,90,44,688.11
1782638606482,0,98,45,688.19
1782638606482,1,98,45,690.21
1782638606482,2,98,46,688.40
1782638606482,3,98,46,693.63
1782638606482,4,98,47,691.39
1782638606482,5,98,46,687.67
1782638606482,6,97,45,680.17
1782638606482,7,98,47,689.32
1782638606744,0,91,41,686.43
1782638606744,1,91,41,685.54
1782638606744,2,98,48,687.94
1782638606744,3,99,45,689.22
1782638606744,4,98,45,696.28
1782638606744,5,92,44,683.85
1782638606744,6,90,42,683.59
1782638606744,7,98,46,686.53
1782638607008,0,98,45,685.65
1782638607008,1,98,45,691.92
1782638607008,2,98,46,694.69
1782638607008,3,97,45,687.13
1782638607008,4,98,44,692.64
1782638607008,5,98,46,694.00
1782638607008,6,98,46,700.10
1782638607008,7,98,45,692.33
1782638607268,0,91,42,686.58
1782638607268,1,91,44,686.85
1782638607268,2,98,47,685.34
1782638607268,3,90,43,685.84
1782638607268,4,98,45,683.77
1782638607268,5,92,44,684.96
1782638607268,6,98,47,692.41
1782638607268,7,99,44,682.67
1782638607530,0,98,46,690.06
1782638607530,1,98,46,694.22
1782638607530,2,98,45,683.58
1782638607530,3,97,47,686.22
1782638607530,4,98,46,678.45
1782638607530,5,98,47,682.75
1782638607530,6,98,47,689.98
1782638607530,7,98,46,686.18
1782638607792,0,98,44,685.07
1782638607792,1,98,43,688.86
1782638607792,2,91,44,685.11
1782638607792,3,89,46,686.69
1782638607792,4,94,45,683.55
1782638607792,5,91,45,695.90
1782638607792,6,98,46,689.46
1782638607792,7,92,43,681.14
1782638608054,0,98,46,683.31
1782638608054,1,98,46,695.03
1782638608054,2,98,45,688.09
1782638608054,3,98,45,692.53
1782638608054,4,98,45,685.23
1782638608054,5,98,47,697.20
1782638608054,6,98,46,688.85
1782638608054,7,98,44,683.96
1782638608315,0,99,46,681.88
1782638608315,1,98,45,685.16
1782638608315,2,90,44,681.70
1782638608315,3,98,45,689.26
1782638608315,4,92,44,676.83
1782638608315,5,98,46,692.01
1782638608315,6,92,44,682.40
1782638608315,7,91,44,686.01
1782638608577,0,98,47,689.27
1782638608577,1,98,47,689.60
1782638608577,2,98,46,684.51
1782638608577,3,97,45,694.54
1782638608577,4,98,45,683.36
1782638608577,5,98,48,694.24
1782638608577,6,98,45,684.05
1782638608577,7,98,45,686.73
1782638608891,0,92,41,684.90
1782638608891,1,91,42,684.39
1782638608891,2,98,47,680.34
1782638608891,3,98,45,684.15
1782638608891,4,91,42,683.10
1782638608891,5,99,43,685.18
1782638608891,6,92,42,681.74
1782638608891,7,98,45,682.94
1782638609175,0,98,47,682.52
1782638609175,1,98,46,689.05
1782638609175,2,98,46,680.40
1782638609175,3,98,46,683.45
1782638609175,4,98,46,681.90
1782638609175,5,98,47,690.63
1782638609175,6,97,47,679.13
1782638609175,7,98,46,684.85
1782638609437,0,98,45,686.51
1782638609437,1,90,42,690.95
1782638609437,2,98,44,684.77
1782638609437,3,91,43,678.57
1782638609437,4,98,46,685.90
1782638609437,5,92,42,687.12
1782638609437,6,90,44,678.75
1782638609437,7,98,47,687.07
1782638609702,0,98,46,693.67
1782638609702,1,98,45,689.87
1782638609702,2,98,46,684.08
1782638609702,3,97,47,685.04
1782638609702,4,98,46,689.74
1782638609702,5,98,46,687.22
1782638609702,6,98,47,669.33
1782638609702,7,98,46,687.43
1782638609964,0,98,45,693.31
1782638609964,1,98,44,685.07
1782638609964,2,91,42,682.60
1782638609964,3,90,42,688.27
1782638609964,4,99,43,684.59
1782638609964,5,98,44,688.25
1782638609964,6,98,45,675.52
1782638609964,7,99,46,686.07
1782638610225,0,98,46,696.04
1782638610225,1,98,46,685.39
1782638610225,2,98,46,680.83
1782638610225,3,97,46,688.98
1782638610225,4,98,45,687.57
1782638610225,5,98,46,689.17
1782638610225,6,98,46,680.41
1782638610225,7,98,44,691.48
1782638610491,0,98,45,686.27
1782638610491,1,98,46,686.38
1782638610491,2,91,43,679.09
1782638610491,3,97,45,686.95
1782638610491,4,91,42,680.01
1782638610491,5,98,46,687.53
1782638610491,6,98,45,687.31
1782638610491,7,98,45,687.22
1782638610754,0,98,46,688.79
1782638610754,1,98,46,686.40
1782638610754,2,98,46,676.05
1782638610754,3,93,42,687.63
1782638610754,4,98,46,680.47
1782638610754,5,98,47,690.23
1782638610754,6,97,46,690.05
1782638610754,7,98,47,683.75
1782638611018,0,98,45,689.93
1782638611018,1,99,43,685.32
1782638611018,2,98,44,679.96
1782638611018,3,98,45,689.62
1782638611018,4,98,45,681.42
1782638611018,5,98,44,683.53
1782638611018,6,91,40,684.12
1782638611018,7,98,45,682.58
1782638611282,0,98,44,687.03
1782638611282,1,98,45,686.22
1782638611282,2,92,42,684.09
1782638611282,3,98,46,689.19
1782638611282,4,91,42,683.62
1782638611282,5,98,45,686.83
1782638611282,6,98,45,679.77
1782638611282,7,91,44,682.37
1782638611543,0,98,45,690.56
1782638611543,1,97,43,689.00
1782638611543,2,98,46,692.37
1782638611543,3,98,45,695.43
1782638611543,4,98,47,693.41
1782638611543,5,98,45,696.35
1782638611543,6,98,45,687.78
1782638611543,7,98,47,681.89
1782638611812,0,92,41,688.54
1782638611812,1,98,45,685.14
1782638611812,2,98,47,682.10
1782638611812,3,98,47,692.06
1782638611812,4,92,42,679.17
1782638611812,5,98,47,689.40
1782638611812,6,98,46,687.01
1782638611812,7,98,46,678.32
1782638612079,0,98,44,691.13
1782638612079,1,98,43,689.62
1782638612079,2,98,46,688.29
1782638612079,3,97,45,699.01
1782638612079,4,98,46,687.75
1782638612079,5,98,45,694.77
1782638612079,6,98,45,686.81
1782638612079,7,98,46,685.61
1782638612342,0,91,44,684.55
1782638612342,1,91,42,689.24
1782638612342,2,98,47,685.94
1782638612342,3,90,43,688.63
1782638612342,4,98,46,682.65
1782638612342,5,92,43,687.23
1782638612342,6,90,42,692.18
1782638612342,7,98,46,683.80
1782638612606,0,98,46,692.81
1782638612606,1,98,46,686.06
1782638612606,2,98,46,691.06
1782638612606,3,98,45,691.64
1782638612606,4,98,46,689.09
1782638612606,5,98,44,694.97
1782638612606,6,98,45,693.87
1782638612606,7,98,45,688.45
1782638612870,0,98,47,689.62
1782638612870,1,91,43,687.87
1782638612870,2,91,43,686.56
1782638612870,3,90,42,691.32
1782638612870,4,99,44,686.79
1782638612870,5,91,45,690.72
1782638612870,6,97,47,683.03
1782638612870,7,97,45,682.38
1782638613132,0,98,44,691.31
1782638613132,1,97,43,693.60
1782638613132,2,98,45,691.58
1782638613132,3,98,46,691.22
1782638613132,4,98,45,680.88
1782638613132,5,98,45,691.40
1782638613132,6,98,45,685.39
1782638613132,7,98,45,690.87
1782638613394,0,98,44,685.99
1782638613394,1,98,45,681.45
1782638613394,2,90,43,684.31
1782638613394,3,89,42,689.49
1782638613394,4,92,44,681.04
1782638613394,5,98,48,690.51
1782638613394,6,98,47,684.88
1782638613394,7,92,42,679.31
1782638613660,0,98,45,687.35
1782638613660,1,98,46,686.42
1782638613660,2,98,47,685.17
1782638613660,3,97,46,695.53
1782638613660,4,98,46,678.42
1782638613660,5,98,46,695.08
1782638613660,6,98,45,683.51
1782638613660,7,98,46,680.05
1782638613923,0,92,43,682.46
1782638613923,1,99,47,693.05
1782638613923,2,98,48,686.07
1782638613923,3,97,46,683.56
1782638613923,4,91,43,680.84
1782638613923,5,98,46,696.03
1782638613923,6,91,43,686.07
1782638613923,7,91,44,681.76
1782638614187,0,98,45,686.83
1782638614187,1,98,45,695.42
1782638614187,2,98,47,685.48
1782638614187,3,97,45,688.07
1782638614187,4,98,45,677.08
1782638614187,5,98,47,699.58
1782638614187,6,98,44,691.82
1782638614187,7,98,46,681.83
1782638614451,0,91,40,685.09
1782638614451,1,88,41,688.47
1782638614451,2,98,46,680.17
1782638614451,3,99,46,689.52
1782638614451,4,98,47,678.51
1782638614451,5,94,43,694.30
1782638614451,6,91,43,681.07
1782638614451,7,98,46,680.86
1782638614758,0,98,46,686.12
1782638614758,1,97,46,686.54
1782638614758,2,98,46,679.77
1782638614758,3,98,47,689.25
1782638614758,4,98,46,678.93
1782638614758,5,98,46,691.08
1782638614758,6,98,45,681.28
1782638614758,7,98,46,679.00
1782638615022,0,98,45,692.12
1782638615022,1,87,44,688.16
1782638615022,2,99,47,684.62
1782638615022,3,90,43,687.07
1782638615022,4,98,46,684.04
1782638615022,5,92,44,684.28
1782638615022,6,98,47,689.09
1782638615022,7,99,45,688.34
1782638615286,0,98,46,690.72
1782638615286,1,98,45,689.59
1782638615286,2,98,47,686.14
1782638615286,3,97,46,684.86
1782638615286,4,98,46,691.25
1782638615286,5,98,46,682.45
1782638615286,6,98,45,682.43
1782638615286,7,98,46,688.73
1782638615551,0,98,45,687.93
1782638615551,1,98,45,688.40
1782638615551,2,91,42,683.54
1782638615551,3,97,45,683.35
1782638615551,4,98,46,687.26
1782638615551,5,98,45,682.28
1782638615551,6,98,46,691.19
1782638615551,7,92,41,690.20
1782638615819,0,98,46,693.62
1782638615819,1,98,45,687.90
1782638615819,2,98,47,683.30
1782638615819,3,97,45,688.22
1782638615819,4,98,45,691.68
1782638615819,5,98,46,684.98
1782638615819,6,98,45,691.52
1782638615819,7,98,46,691.24
1782638616084,0,99,43,690.59
1782638616084,1,98,44,682.93
1782638616084,2,98,45,683.20
1782638616084,3,98,46,693.37
1782638616084,4,98,46,684.14
1782638616084,5,98,45,685.51
1782638616084,6,99,46,688.44
1782638616084,7,98,46,687.34
1782638616347,0,98,45,692.25
1782638616347,1,97,45,688.07
1782638616347,2,98,46,684.24
1782638616347,3,98,47,693.67
1782638616347,4,98,45,687.20
1782638616347,5,98,46,694.01
1782638616347,6,98,45,693.13
1782638616347,7,98,45,689.26
1782638616608,0,98,45,686.42
1782638616608,1,98,44,689.61
1782638616608,2,98,45,687.76
1782638616608,3,98,45,686.99
1782638616608,4,98,44,685.80
1782638616608,5,91,45,683.62
1782638616608,6,91,42,691.53
1782638616608,7,98,45,683.41
1782638616872,0,98,45,681.50
1782638616872,1,97,45,687.21
1782638616872,2,98,48,685.87
1782638616872,3,98,46,689.99
1782638616872,4,91,44,685.04
1782638616872,5,98,46,689.59
1782638616872,6,98,46,687.96
1782638616872,7,91,42,682.92
1782638617136,0,98,46,686.19
1782638617136,1,97,45,686.47
1782638617136,2,98,45,691.85
1782638617136,3,97,46,694.44
1782638617136,4,98,45,685.86
1782638617136,5,98,45,690.89
1782638617136,6,98,46,687.64
1782638617136,7,98,45,682.95
1782638617395,0,91,44,686.58
1782638617395,1,91,42,688.52
1782638617395,2,98,47,684.55
1782638617395,3,97,47,695.55
1782638617395,4,98,47,685.18
1782638617395,5,98,47,695.69
1782638617395,6,98,45,688.49
1782638617395,7,98,47,684.14
1782638617658,0,98,45,694.29
1782638617658,1,98,43,691.19
1782638617658,2,98,47,688.83
1782638617658,3,98,45,699.05
1782638617658,4,98,46,685.58
1782638617658,5,98,46,695.92
1782638617658,6,98,44,690.31
1782638617658,7,98,46,694.20
1782638617919,0,94,45,689.32
1782638617919,1,90,45,688.98
1782638617919,2,98,46,683.41
1782638617919,3,90,43,699.79
1782638617919,4,98,47,678.20
1782638617919,5,98,46,694.03
1782638617919,6,98,47,686.65
1782638617919,7,98,47,686.37
1782638618180,0,98,45,694.74
1782638618180,1,98,44,686.80
1782638618180,2,98,45,681.11
1782638618180,3,98,45,698.21
1782638618180,4,98,46,685.04
1782638618180,5,98,46,692.96
1782638618180,6,98,45,692.04
1782638618180,7,98,46,689.95
1782638618441,0,98,45,684.95
1782638618441,1,98,46,687.28
1782638618441,2,91,43,684.68
1782638618441,3,89,46,694.62
1782638618441,4,92,44,677.58
1782638618441,5,98,42,688.51
1782638618441,6,98,40,678.75
1782638618441,7,92,43,673.08
1782638618703,0,98,46,684.16
1782638618703,1,98,46,688.92
1782638618703,2,98,46,692.08
1782638618703,3,97,46,697.60
1782638618703,4,98,46,689.38
1782638618703,5,98,42,697.11
1782638618703,6,98,39,677.59
1782638618703,7,98,41,675.07
1782638618968,0,99,47,689.46
1782638618968,1,98,44,689.26
1782638618968,2,90,41,686.86
1782638618968,3,97,46,689.69
1782638618968,4,91,42,685.65
1782638618968,5,92,40,691.91
1782638618968,6,91,36,668.29
1782638618968,7,90,40,665.47
1782638619233,0,98,46,690.08
1782638619233,1,97,45,680.27
1782638619233,2,98,45,683.35
1782638619233,3,96,45,687.12
1782638619233,4,98,45,678.49
1782638619233,5,91,43,688.63
1782638619233,6,98,45,662.11
1782638619233,7,97,45,666.50
1782638619495,0,98,44,693.15
1782638619495,1,97,45,691.80
1782638619495,2,98,45,686.76
1782638619495,3,89,41,684.43
1782638619495,4,98,45,689.54
1782638619495,5,98,45,695.72
1782638619495,6,97,45,683.38
1782638619495,7,90,43,683.27
1782638619759,0,98,45,627.78
1782638619759,1,97,44,651.33
1782638619759,2,84,30,608.06
1782638619759,3,81,15,610.00
1782638619759,4,98,47,597.45
1782638619759,5,100,1,604.00
1782638619759,6,100,1,603.61
1782638619759,7,84,40,591.56
1782638620060,0,48,1,406.43
1782638620060,1,66,1,433.67
1782638620060,2,3,0,446.37
1782638620060,3,2,0,400.11
1782638620060,4,5,1,425.39
1782638620060,5,5,1,371.95
1782638620060,6,4,1,370.34
1782638620060,7,4,1,420.11
1782638620467,0,4,1,240.32
1782638620467,1,5,1,217.25
1782638620467,2,4,1,228.96
1782638620467,3,2,0,236.98
1782638620467,4,3,0,197.88
1782638620467,5,4,1,200.39
1782638620467,6,4,1,205.24
1782638620467,7,3,0,192.99
1782638620813,0,6,1,137.55
1782638620813,1,6,1,135.19
1782638620813,2,38,0,138.38
1782638620813,3,10,1,129.03
1782638620813,4,12,1,127.80
1782638620813,5,0,0,126.48
1782638620813,6,0,0,120.92
1782638620813,7,18,1,125.62
1782638621045,0,0,0,136.17
1782638621045,1,0,0,132.92
1782638621045,2,0,0,137.71
1782638621045,3,0,0,127.61
1782638621045,4,0,0,127.01
1782638621045,5,0,0,125.77
1782638621045,6,0,0,120.28
1782638621045,7,0,0,124.17
1782638621272,0,0,0,135.20
1782638621272,1,0,0,131.87
1782638621272,2,0,0,137.00
1782638621272,3,0,0,126.95
1782638621272,4,0,0,126.67
1782638621272,5,0,0,125.39
1782638621272,6,0,0,120.00
1782638621272,7,0,0,123.78
1782638621502,0,0,0,134.64
1782638621502,1,0,0,131.12
1782638621502,2,0,0,136.32
1782638621502,3,0,0,126.07
1782638621502,4,0,0,126.21
1782638621502,5,0,0,125.05
1782638621502,6,0,0,119.55
1782638621502,7,0,0,123.33
1782638621732,0,0,0,133.95
1782638621732,1,0,0,129.59
1782638621732,2,0,0,135.37
1782638621732,3,0,0,125.16
1782638621732,4,0,0,125.04
1782638621732,5,0,0,124.43
1782638621732,6,0,0,118.68
1782638621732,7,0,0,122.42
1782638621962,0,0,0,133.27
1782638621962,1,0,0,129.18
1782638621962,2,0,0,135.13
1782638621962,3,0,0,124.42
1782638621962,4,0,0,124.72
1782638621962,5,0,0,124.20
1782638621962,6,0,0,118.48
1782638621962,7,0,0,122.26
1782638622192,0,0,0,132.95
1782638622192,1,0,0,128.89
1782638622192,2,0,0,134.90
1782638622192,3,0,0,123.90
1782638622192,4,0,0,124.46
1782638622192,5,0,0,124.06
1782638622192,6,0,0,118.32
1782638622192,7,0,0,122.08
1782638622420,0,0,0,132.76
1782638622420,1,0,0,128.66
1782638622420,2,0,0,134.61
1782638622420,3,0,0,123.59
1782638622420,4,0,0,124.09
1782638622420,5,29,0,124.01
1782638622420,6,0,0,118.18
1782638622420,7,0,0,121.87
1782638622694,0,93,1,132.91
1782638622694,1,98,1,128.93
1782638622694,2,100,1,134.90
1782638622694,3,51,0,123.90
1782638622694,4,100,1,124.45
1782638622694,5,100,1,124.61
1782638622694,6,95,1,118.60
1782638622694,7,100,1,122.30
1782638623008,0,100,1,133.35
1782638623008,1,100,1,129.28
1782638623008,2,100,1,135.28
1782638623008,3,100,1,124.36
1782638623008,4,96,1,124.89
1782638623008,5,100,1,125.11
1782638623008,6,100,1,119.10
1782638623008,7,91,1,122.77
1782638623326,0,100,1,133.78
1782638623326,1,100,1,129.57
1782638623326,2,100,1,135.60
1782638623326,3,100,1,124.79
1782638623326,4,100,1,125.32
1782638623326,5,65,0,125.42
1782638623326,6,100,1,119.61
1782638623326,7,100,1,123.23
1782638623579,0,0,0,133.55
1782638623579,1,0,0,129.22
1782638623579,2,0,0,135.40
1782638623579,3,0,0,124.42
1782638623579,4,0,0,125.16
1782638623579,5,0,0,124.97
1782638623579,6,21,0,119.49
1782638623579,7,0,0,123.02
1782638623819,0,0,0,132.98
1782638623819,1,0,0,128.61
1782638623819,2,0,0,134.45
1782638623819,3,0,0,123.79
1782638623819,4,0,0,124.28
1782638623819,5,0,0,124.19
1782638623819,6,0,0,118.64
1782638623819,7,0,0,122.20
1782638624057,0,25,5,161.41
1782638624057,1,26,4,137.83
1782638624057,2,1,0,147.06
1782638624057,3,2,0,159.46
1782638624057,4,1,0,133.55
1782638624057,5,11,5,137.53
1782638624057,6,22,6,129.29
1782638624057,7,1,0,138.87
1782638624351,0,87,34,270.42
1782638624351,1,76,34,288.03
1782638624351,2,97,46,283.39
1782638624351,3,74,36,313.36
1782638624351,4,89,41,282.83
1782638624351,5,98,41,277.06
1782638624351,6,81,35,277.42
1782638624351,7,97,47,287.16
1782638624641,0,0,0,384.57
1782638624641,1,17,8,384.05
1782638624641,2,12,9,384.91
1782638624641,3,55,25,381.24
1782638624641,4,21,11,385.50
1782638624641,5,16,6,374.48
1782638624641,6,0,0,384.48
1782638624641,7,26,13,378.78
1782638625039,0,0,0,362.16
1782638625039,1,4,4,331.20
1782638625039,2,0,0,336.49
1782638625039,3,0,0,354.76
1782638625039,4,0,0,333.19
1782638625039,5,0,0,326.31
1782638625039,6,0,0,330.62
1782638625039,7,0,0,313.17
1782638625413,0,3,3,255.07
1782638625413,1,100,40,244.86
1782638625413,2,100,2,250.87
1782638625413,3,77,38,237.53
1782638625413,4,0,0,242.35
1782638625413,5,60,33,231.80
1782638625413,6,63,34,238.61
1782638625413,7,0,0,233.80
1782638625720,0,99,55,314.95
1782638625720,1,99,55,328.26
1782638625720,2,98,54,332.44
1782638625720,3,99,54,311.33
1782638625720,4,99,55,336.87
1782638625720,5,99,55,337.31
1782638625720,6,99,56,325.52
1782638625720,7,99,54,341.42
1782638626042,0,94,52,496.04
1782638626042,1,94,50,500.99
1782638626042,2,99,47,508.44
1782638626042,3,92,51,499.05
1782638626042,4,86,47,522.07
1782638626042,5,86,49,524.87
1782638626042,6,98,54,500.40
1782638626042,7,93,49,529.75
1782638626439,0,17,10,532.43
1782638626439,1,99,55,524.76
1782638626439,2,24,11,546.76
1782638626439,3,2,2,515.06
1782638626439,4,56,31,543.69
1782638626439,5,70,35,565.40
1782638626439,6,99,52,522.54
1782638626439,7,38,20,533.12
1782638626867,0,40,21,449.95
1782638626867,1,31,11,428.62
1782638626867,2,0,0,431.43
1782638626867,3,0,0,451.94
1782638626867,4,0,0,440.86
1782638626867,5,83,38,448.07
1782638626867,6,58,29,431.06
1782638626867,7,0,0,436.11
1782638627160,0,97,47,493.61
1782638627160,1,97,46,476.15
1782638627160,2,97,46,473.15
1782638627160,3,97,44,489.36
1782638627160,4,97,45,481.03
1782638627160,5,97,43,481.43
1782638627160,6,90,48,456.19
1782638627160,7,97,45,476.33
1782638627467,0,99,56,495.65
1782638627467,1,99,39,462.66
1782638627467,2,51,34,450.65
1782638627467,3,98,44,492.44
1782638627467,4,63,37,451.89
1782638627467,5,99,48,466.57
1782638627467,6,99,42,491.04
1782638627467,7,94,46,468.67
1782638627765,0,99,56,633.76
1782638627765,1,99,55,602.96
1782638627765,2,99,55,587.76
1782638627765,3,99,54,623.32
1782638627765,4,99,54,599.15
1782638627765,5,99,52,597.44
1782638627765,6,99,54,597.82
1782638627765,7,99,54,610.73
1782638628063,0,99,56,616.57
1782638628063,1,99,56,590.42
1782638628063,2,99,56,588.37
1782638628063,3,99,54,590.31
1782638628063,4,99,54,590.72
1782638628063,5,99,53,594.88
1782638628063,6,99,53,563.42
1782638628063,7,99,53,591.25
1782638628360,0,99,57,631.21
1782638628360,1,99,55,595.42
1782638628360,2,99,55,591.61
1782638628360,3,99,54,599.74
1782638628360,4,99,53,593.81
1782638628360,5,99,53,594.12
1782638628360,6,96,54,568.38
1782638628360,7,99,54,603.75
1782638628669,0,97,46,642.43
1782638628669,1,97,45,619.59
1782638628669,2,90,45,610.45
1782638628669,3,97,47,622.77
1782638628669,4,91,49,616.36
1782638628669,5,97,46,623.22
1782638628669,6,97,46,603.56
1782638628669,7,91,49,621.12
1782638628964,0,94,55,654.40
1782638628964,1,97,45,634.69
1782638628964,2,94,55,635.38
1782638628964,3,94,56,630.98
1782638628964,4,94,52,632.84
1782638628964,5,92,51,641.17
1782638628964,6,99,53,612.25
1782638628964,7,93,51,637.44
1782638629264,0,99,55,650.92
1782638629264,1,99,55,637.53
1782638629264,2,99,56,636.17
1782638629264,3,99,56,631.89
1782638629264,4,99,56,638.40
1782638629264,5,99,55,638.45
1782638629264,6,99,55,617.37
1782638629264,7,99,55,638.70
1782638629564,0,99,55,648.35
1782638629564,1,99,56,638.64
1782638629564,2,99,55,642.20
1782638629564,3,99,56,636.88
1782638629564,4,99,56,642.09
1782638629564,5,99,56,644.01
1782638629564,6,99,56,606.25
1782638629564,7,99,55,634.39
1782638629865,0,99,56,627.58
1782638629865,1,99,53,609.46
1782638629865,2,99,55,617.01
1782638629865,3,99,56,614.53
1782638629865,4,99,55,613.46
1782638629865,5,99,55,619.32
1782638629865,6,99,55,590.72
1782638629865,7,99,56,611.52
1782638630166,0,97,46,632.05
1782638630166,1,91,51,618.61
1782638630166,2,97,46,620.21
1782638630166,3,96,45,627.27
1782638630166,4,95,41,626.65
1782638630166,5,90,39,621.78
1782638630166,6,91,45,599.37
1782638630166,7,93,45,616.49
1782638630458,0,97,45,640.68
1782638630458,1,98,44,643.80
1782638630458,2,97,45,643.74
1782638630458,3,97,46,638.88
1782638630458,4,98,46,644.54
1782638630458,5,94,53,645.23
1782638630458,6,93,52,624.08
1782638630458,7,97,47,637.59
1782638630752,0,99,54,638.46
1782638630752,1,99,53,635.66
1782638630752,2,99,53,637.49
1782638630752,3,99,54,639.33
1782638630752,4,99,55,638.34
1782638630752,5,99,56,646.81
1782638630752,6,99,57,623.84
1782638630752,7,99,56,626.95
1782638631056,0,99,56,646.09
1782638631056,1,99,55,644.05
1782638631056,2,99,54,646.61
1782638631056,3,99,55,645.53
1782638631056,4,99,56,647.94
1782638631056,5,99,56,657.89
1782638631056,6,99,56,637.50
1782638631056,7,99,55,631.80
1782638631358,0,99,55,621.93
1782638631358,1,99,54,610.05
1782638631358,2,99,55,613.78
1782638631358,3,99,54,618.89
1782638631358,4,99,55,620.39
1782638631358,5,99,55,634.34
1782638631358,6,99,56,609.52
1782638631358,7,99,56,597.95
1782638631653,0,44,37,576.76
1782638631653,1,65,53,559.63
1782638631653,2,95,42,569.49
1782638631653,3,92,63,570.88
1782638631653,4,38,13,579.48
1782638631653,5,25,7,583.46
1782638631653,6,32,30,565.29
1782638631653,7,53,21,560.18
1782638632011,0,98,46,605.43
1782638632011,1,98,46,603.60
1782638632011,2,98,47,601.60
1782638632011,3,97,46,600.59
1782638632011,4,98,46,608.41
1782638632011,5,98,47,614.61
1782638632011,6,98,47,598.16
1782638632011,7,98,46,595.63
1782638632303,0,0,0,518.23
1782638632303,1,95,53,535.77
1782638632303,2,0,0,484.84
1782638632303,3,0,0,509.44
1782638632303,4,15,16,492.64
1782638632303,5,23,12,492.56
1782638632303,6,0,0,476.88
1782638632303,7,3,4,472.58
1782638632686,0,99,45,512.41
1782638632686,1,100,40,506.46
1782638632686,2,99,46,502.53
1782638632686,3,44,21,509.99
1782638632686,4,100,36,503.20
1782638632686,5,99,36,505.63
1782638632686,6,100,35,493.26
1782638632686,7,99,54,494.47
1782638632990,0,99,56,481.69
1782638632990,1,99,55,479.53
1782638632990,2,99,56,473.07
1782638632990,3,99,56,478.87
1782638632990,4,99,54,475.40
1782638632990,5,99,55,470.34
1782638632990,6,99,55,453.19
1782638632990,7,99,55,467.49
1782638633289,0,99,55,511.33
1782638633289,1,99,57,482.59
1782638633289,2,99,55,536.86
1782638633289,3,99,56,521.52
1782638633289,4,99,55,545.30
1782638633289,5,99,55,534.14
1782638633289,6,99,55,517.42
1782638633289,7,99,54,544.66
1782638633592,0,99,54,611.17
1782638633592,1,99,55,599.23
1782638633592,2,99,54,614.49
1782638633592,3,99,55,613.03
1782638633592,4,99,57,619.56
1782638633592,5,99,56,627.22
1782638633592,6,99,55,594.44
1782638633592,7,99,55,619.68
