timestamp_ms,gpu_index,gpu_util_pct,mem_util_pct,power_w
1782792715146,0,0,0,69.61
1782792715146,1,0,0,68.22
1782792715433,0,0,0,69.61
1782792715433,1,0,0,68.21
1782792715574,0,0,0,69.61
1782792715574,1,0,0,68.23
1782792715709,0,0,0,69.62
1782792715709,1,0,0,68.19
1782792715845,0,0,0,69.60
1782792715845,1,0,0,68.22
1782792715980,0,0,0,69.58
1782792715980,1,0,0,68.24
1782792716117,0,0,0,69.59
1782792716117,1,0,0,68.25
1782792716253,0,0,0,69.59
1782792716253,1,0,0,68.23
1782792716389,0,0,0,69.58
1782792716389,1,0,0,68.20
1782792716525,0,0,0,69.57
1782792716525,1,0,0,68.20
1782792716660,0,0,0,69.60
1782792716660,1,0,0,68.20
1782792716796,0,0,0,69.61
1782792716796,1,0,0,68.23
1782792716931,0,0,0,69.60
1782792716931,1,0,0,68.18
1782792717066,0,0,0,69.60
1782792717066,1,0,0,68.22
1782792717202,0,0,0,69.60
1782792717202,1,0,0,68.17
1782792717337,0,0,0,69.62
1782792717337,1,0,0,68.21
1782792717474,0,0,0,69.60
1782792717474,1,0,0,68.18
1782792717609,0,0,0,69.62
1782792717609,1,0,0,68.22
1782792717850,0,0,0,69.99
1782792717850,1,0,0,68.21
1782792718064,0,0,0,70.65
1782792718064,1,0,0,68.56
1782792718199,0,0,0,70.97
1782792718199,1,0,0,68.89
1782792718334,0,0,0,71.27
1782792718334,1,0,0,69.25
1782792718469,0,0,0,71.93
1782792718469,1,0,0,69.94
1782792718604,0,0,0,72.31
1782792718604,1,0,0,70.30
1782792718739,0,0,0,72.58
1782792718739,1,0,0,70.61
1782792718874,0,0,0,72.89
1782792718874,1,0,0,71.31
1782792719008,0,0,0,72.88
1782792719008,1,0,0,71.54
1782792719143,0,0,0,72.88
1782792719143,1,0,0,71.62
1782792719278,0,0,0,72.91
1782792719278,1,0,0,71.62
1782792719412,0,0,0,72.88
1782792719412,1,0,0,71.66
1782792719547,0,0,0,72.87
1782792719547,1,0,0,71.65
1782792719681,0,0,0,72.50
1782792719681,1,0,0,71.67
1782792719817,0,0,0,72.19
1782792719817,1,0,0,71.67
1782792719953,0,0,0,71.89
1782792719953,1,0,0,71.03
1782792720088,0,0,0,71.21
1782792720088,1,0,0,70.69
1782792720223,0,0,0,70.92
1782792720223,1,0,0,70.33
1782792720359,0,0,0,70.56
1782792720359,1,0,0,69.63
1782792720495,0,0,0,69.93
1782792720495,1,0,0,69.31
1782792720630,0,0,0,69.66
1782792720630,1,0,0,68.95
1782792720766,0,0,0,69.63
1782792720766,1,0,0,68.29
1782792720901,0,0,0,69.62
1782792720901,1,0,0,68.26
1782792721037,0,0,0,69.64
1782792721037,1,0,0,68.24
1782792721174,0,0,0,69.62
1782792721174,1,0,0,68.26
1782792721309,0,0,0,69.61
1782792721309,1,0,0,68.26
1782792721580,0,0,0,69.62
1782792721580,1,0,0,68.28
1782792721717,0,0,0,69.61
1782792721717,1,0,0,68.29
1782792721852,0,0,0,69.60
1782792721852,1,0,0,68.28
1782792721987,0,0,0,69.60
1782792721987,1,0,0,68.29
1782792722122,0,0,0,69.61
1782792722122,1,0,0,68.31
1782792722257,0,0,0,69.62
1782792722257,1,0,0,68.26
1782792722393,0,0,0,69.61
1782792722393,1,0,0,68.29
1782792722529,0,0,0,69.61
1782792722529,1,0,0,68.23
1782792722665,0,0,0,69.63
1782792722665,1,0,0,68.25
1782792722801,0,0,0,69.64
1782792722801,1,0,0,68.21
1782792722936,0,0,0,69.62
1782792722936,1,0,0,68.23
1782792723073,0,0,0,69.62
1782792723073,1,0,0,68.18
1782792723210,0,0,0,69.61
1782792723210,1,0,0,68.21
1782792723345,0,0,0,69.63
1782792723345,1,0,0,68.20
1782792723479,0,0,0,69.62
1782792723479,1,0,0,68.20
1782792723614,0,0,0,69.60
1782792723614,1,0,0,68.20
1782792723748,0,0,0,69.60
1782792723748,1,0,0,68.21
1782792723883,0,0,0,69.62
1782792723883,1,0,0,68.21
1782792724019,0,0,0,69.63
1782792724019,1,0,0,68.22
1782792724154,0,0,0,69.62
1782792724154,1,0,0,68.24
1782792724290,0,0,0,69.62
1782792724290,1,0,0,68.24
1782792724425,0,0,0,69.62
1782792724425,1,0,0,68.28
1782792724564,0,0,0,69.64
1782792724564,1,0,0,68.24
1782792724700,0,0,0,69.64
1782792724700,1,0,0,68.25
1782792724836,0,0,0,69.64
1782792724836,1,0,0,68.22
1782792724971,0,0,0,69.65
1782792724971,1,0,0,68.24
1782792725107,0,0,0,69.66
1782792725107,1,0,0,68.21
1782792725242,0,0,0,69.67
1782792725242,1,0,0,68.26
1782792725377,0,0,0,69.67
1782792725377,1,0,0,68.23
1782792725513,0,0,0,69.68
1782792725513,1,0,0,68.27
1782792725648,0,0,0,69.69
1782792725648,1,0,0,68.29
1782792725784,0,0,0,69.67
1782792725784,1,0,0,68.30
1782792725919,0,0,0,69.68
1782792725919,1,0,0,68.30
1782792726054,0,0,0,69.67
1782792726054,1,0,0,68.30
1782792726189,0,0,0,69.67
1782792726189,1,0,0,68.27
1782792726325,0,0,0,69.69
1782792726325,1,0,0,68.27
1782792726460,0,0,0,69.69
1782792726460,1,0,0,68.26
1782792726596,0,0,0,69.68
1782792726596,1,0,0,68.25
1782792726732,0,0,0,69.70
1782792726732,1,0,0,68.28
1782792726867,0,0,0,69.73
1782792726867,1,0,0,68.28
1782792727004,0,0,0,69.72
1782792727004,1,0,0,68.30
1782792727141,0,0,0,69.69
1782792727141,1,0,0,68.26
1782792727277,0,0,0,69.70
1782792727277,1,0,0,68.29
1782792727413,0,0,0,69.71
1782792727413,1,0,0,68.25
1782792727549,0,0,0,69.70
1782792727549,1,0,0,68.28
1782792727684,0,0,0,69.68
1782792727684,1,0,0,68.27
1782792727819,0,0,0,69.67
1782792727819,1,0,0,68.30
1782792727954,0,0,0,69.67
1782792727954,1,0,0,68.26
1782792728090,0,0,0,69.67
1782792728090,1,0,0,68.29
1782792728226,0,0,0,69.67
1782792728226,1,0,0,68.29
1782792728361,0,0,0,69.66
1782792728361,1,0,0,68.30
1782792728496,0,0,0,69.66
1782792728496,1,0,0,68.27
1782792728767,0,0,0,69.65
1782792728767,1,0,0,68.25
1782792728902,0,0,0,69.64
1782792728902,1,0,0,68.27
1782792729042,0,0,0,69.65
1782792729042,1,0,0,68.26
1782792729188,0,0,0,69.63
1782792729188,1,0,0,68.25
1782792729358,0,0,0,69.63
1782792729358,1,0,0,68.24
1782792729503,0,0,0,69.62
1782792729503,1,0,0,68.26
1782792729638,0,0,0,69.63
1782792729638,1,0,0,68.23
1782792729774,0,0,0,69.66
1782792729774,1,0,0,68.26
1782792729909,0,0,0,69.64
1782792729909,1,0,0,68.24
1782792730045,0,0,0,69.62
1782792730045,1,0,0,68.22
1782792730180,0,0,0,69.65
1782792730180,1,0,0,68.19
1782792730315,0,0,0,69.66
1782792730315,1,0,0,68.21
1782792730450,0,0,0,69.67
1782792730450,1,0,0,68.18
1782792730586,0,0,0,69.65
1782792730586,1,0,0,68.21
1782792730722,0,0,0,69.65
1782792730722,1,0,0,68.17
1782792730857,0,0,0,69.66
1782792730857,1,0,0,68.22
1782792730994,0,0,0,69.69
1782792730994,1,0,0,68.22
1782792731130,0,0,0,69.69
1782792731130,1,0,0,68.26
1782792731265,0,0,0,69.68
1782792731265,1,0,0,68.27
1782792731401,0,0,0,69.70
1782792731401,1,0,0,68.25
1782792731537,0,0,0,69.70
1782792731537,1,0,0,68.28
1782792731673,0,0,0,69.69
1782792731673,1,0,0,68.28
1782792731808,0,0,0,69.68
1782792731808,1,0,0,68.30
1782792731943,0,0,0,69.68
1782792731943,1,0,0,68.27
1782792732078,0,0,0,69.70
1782792732078,1,0,0,68.29
1782792732213,0,0,0,69.69
1782792732213,1,0,0,68.24
1782792732349,0,0,0,69.68
1782792732349,1,0,0,68.28
1782792732484,0,0,0,69.69
1782792732484,1,0,0,68.23
1782792732620,0,0,0,69.70
1782792732620,1,0,0,68.27
1782792732756,0,0,0,69.70
1782792732756,1,0,0,68.24
1782792732891,0,0,0,69.67
1782792732891,1,0,0,68.28
1782792733027,0,0,0,69.68
1782792733027,1,0,0,68.25
1782792733162,0,0,0,69.68
1782792733162,1,0,0,68.29
1782792733298,0,0,0,69.69
1782792733298,1,0,0,68.30
1782792733433,0,0,0,69.67
1782792733433,1,0,0,68.32
1782792733568,0,0,0,69.66
1782792733568,1,0,0,68.32
1782792733703,0,0,0,69.66
1782792733703,1,0,0,68.29
1782792733838,0,0,0,69.67
1782792733838,1,0,0,68.29
1782792733973,0,0,0,69.64
1782792733973,1,0,0,68.27
1782792734108,0,0,0,69.63
1782792734108,1,0,0,68.31
1782792734244,0,0,0,69.64
1782792734244,1,0,0,68.27
1782792734379,0,0,0,69.65
1782792734379,1,0,0,68.30
1782792734515,0,0,0,69.64
1782792734515,1,0,0,68.25
1782792734650,0,0,0,69.64
1782792734650,1,0,0,68.28
1782792734785,0,0,0,69.64
1782792734785,1,0,0,68.24
1782792734920,0,0,0,69.66
1782792734920,1,0,0,68.30
1782792735055,0,0,0,69.67
1782792735055,1,0,0,68.25
1782792735190,0,0,0,69.64
1782792735190,1,0,0,68.28
1782792735325,0,0,0,69.64
1782792735325,1,0,0,68.24
1782792735463,0,0,0,69.65
1782792735463,1,0,0,68.28
1782792735655,0,0,0,69.62
1782792735655,1,0,0,68.24
1782792735790,0,0,0,69.62
1782792735790,1,0,0,68.26
1782792735925,0,0,0,69.63
1782792735925,1,0,0,68.20
1782792736060,0,0,0,69.62
1782792736060,1,0,0,68.24
1782792736195,0,0,0,69.60
1782792736195,1,0,0,68.21
1782792736330,0,0,0,69.62
1782792736330,1,0,0,68.23
1782792736465,0,0,0,69.64
1782792736465,1,0,0,68.20
1782792736600,0,0,0,69.64
1782792736600,1,0,0,68.18
1782792736736,0,0,0,69.62
1782792736736,1,0,0,68.22
1782792736897,0,0,0,69.62
1782792736897,1,0,0,68.21
1782792737033,0,0,0,69.64
1782792737033,1,0,0,68.23
1782792737168,0,0,0,69.65
1782792737168,1,0,0,68.25
1782792737303,0,0,0,69.62
1782792737303,1,0,0,68.29
1782792737438,0,0,0,69.65
1782792737438,1,0,0,68.28
1782792737574,0,0,0,69.64
1782792737574,1,0,0,68.31
1782792737709,0,0,0,69.66
1782792737709,1,0,0,68.26
1782792737844,0,0,0,69.65
1782792737844,1,0,0,68.30
1782792737980,0,0,0,69.64
1782792737980,1,0,0,68.26
1782792738114,0,0,0,69.65
1782792738114,1,0,0,68.28
1782792738250,0,0,0,69.67
1782792738250,1,0,0,68.23
1782792738384,0,0,0,69.68
1782792738384,1,0,0,68.25
1782792738519,0,0,0,69.66
1782792738519,1,0,0,68.23
1782792738654,0,0,0,69.67
1782792738654,1,0,0,68.27
1782792738789,0,0,0,69.69
1782792738789,1,0,0,68.26
1782792738924,0,0,0,69.70
1782792738924,1,0,0,68.30
1782792739062,0,0,0,69.69
1782792739062,1,0,0,68.29
1782792739198,0,0,0,69.68
1782792739198,1,0,0,68.28
1782792739334,0,0,0,69.69
1782792739334,1,0,0,68.29
1782792739470,0,0,0,69.69
1782792739470,1,0,0,68.30
1782792739606,0,0,0,69.69
1782792739606,1,0,0,68.31
1782792739742,0,0,0,69.68
1782792739742,1,0,0,68.27
1782792739878,0,0,0,69.69
1782792739878,1,0,0,68.29
1782792740015,0,0,0,69.68
1782792740015,1,0,0,68.27
1782792740151,0,0,0,69.68
1782792740151,1,0,0,68.27
1782792740287,0,0,0,69.67
1782792740287,1,0,0,68.23
1782792740422,0,0,0,69.66
1782792740422,1,0,0,68.26
1782792740559,0,0,0,69.66
1782792740559,1,0,0,68.23
1782792740695,0,0,0,69.65
1782792740695,1,0,0,68.29
1782792740830,0,0,0,69.60
1782792740830,1,0,0,68.25
1782792740965,0,0,0,69.61
1782792740965,1,0,0,68.29
1782792741101,0,0,0,69.61
1782792741101,1,0,0,68.27
1782792741237,0,0,0,69.61
1782792741237,1,0,0,68.28
1782792741373,0,0,0,69.61
1782792741373,1,0,0,68.26
1782792741508,0,0,0,69.59
1782792741508,1,0,0,68.26
1782792741645,0,0,0,69.62
1782792741645,1,0,0,68.22
1782792741781,0,0,0,69.63
1782792741781,1,0,0,68.22
1782792741916,0,0,0,69.63
1782792741916,1,0,0,68.20
1782792742051,0,0,0,69.62
1782792742051,1,0,0,68.21
1782792742187,0,0,0,69.63
1782792742187,1,0,0,68.22
1782792742322,0,0,0,69.65
1782792742322,1,0,0,68.20
1782792742458,0,0,0,69.65
1782792742458,1,0,0,68.22
1782792742594,0,0,0,69.65
1782792742594,1,0,0,68.19
1782792742729,0,0,0,69.67
1782792742729,1,0,0,68.24
1782792742865,0,0,0,69.68
1782792742865,1,0,0,68.20
1782792743000,0,0,0,69.68
1782792743000,1,0,0,68.24
1782792743136,0,0,0,69.67
1782792743136,1,0,0,68.23
1782792743273,0,0,0,69.67
1782792743273,1,0,0,68.27
1782792743407,0,0,0,69.68
1782792743407,1,0,0,68.26
1782792743542,0,0,0,69.70
1782792743542,1,0,0,68.27
1782792743677,0,0,0,69.68
1782792743677,1,0,0,68.26
1782792743812,0,0,0,69.67
1782792743812,1,0,0,68.23
1782792743947,0,0,0,69.67
1782792743947,1,0,0,68.22
1782792744082,0,0,0,69.69
1782792744082,1,0,0,68.22
1782792744217,0,0,0,69.69
1782792744217,1,0,0,68.23
1782792744352,0,0,0,69.67
1782792744352,1,0,0,68.22
1782792744487,0,0,0,69.68
1782792744487,1,0,0,68.27
1782792744622,0,0,0,69.69
1782792744622,1,0,0,68.26
1782792744756,0,0,0,69.70
1782792744756,1,0,0,68.29
1782792744892,0,0,0,69.69
1782792744892,1,0,0,68.26
1782792745027,0,0,0,69.69
1782792745027,1,0,0,68.32
1782792745163,0,0,0,69.69
1782792745163,1,0,0,68.29
1782792745299,0,0,0,69.70
1782792745299,1,0,0,68.32
1782792745434,0,0,0,69.66
1782792745434,1,0,0,68.28
1782792745570,0,0,0,69.66
1782792745570,1,0,0,68.30
1782792745705,0,0,0,69.66
1782792745705,1,0,0,68.28
1782792745841,0,0,0,69.67
1782792745841,1,0,0,68.27
1782792745977,0,0,0,69.66
1782792745977,1,0,0,68.27
1782792746112,0,0,0,69.64
1782792746112,1,0,0,68.27
1782792746353,0,0,0,69.64
1782792746353,1,0,0,68.25
1782792746488,0,0,0,69.65
1782792746488,1,0,0,68.27
1782792746624,0,0,0,69.63
1782792746624,1,0,0,68.25
1782792746760,0,0,0,69.60
1782792746760,1,0,0,68.28
1782792746894,0,0,0,69.62
1782792746894,1,0,0,68.26
1782792747029,0,0,0,69.61
1782792747029,1,0,0,68.28
1782792747165,0,0,0,69.61
1782792747165,1,0,0,68.24
1782792747300,0,0,0,69.61
1782792747300,1,0,0,68.24
1782792747437,0,0,0,69.61
1782792747437,1,0,0,68.23
1782792747573,0,0,0,69.62
1782792747573,1,0,0,68.25
1782792747708,0,0,0,69.65
1782792747708,1,0,0,68.26
1782792747843,0,0,0,69.65
1782792747843,1,0,0,68.24
1782792747977,0,0,0,69.67
1782792747977,1,0,0,68.24
1782792748113,0,0,0,69.69
1782792748113,1,0,0,68.21
1782792748247,0,0,0,69.68
1782792748247,1,0,0,68.23
1782792748383,0,0,0,69.67
1782792748383,1,0,0,68.22
1782792748518,0,0,0,69.68
1782792748518,1,0,0,68.24
1782792748654,0,0,0,69.68
1782792748654,1,0,0,68.23
1782792748788,0,0,0,69.68
1782792748788,1,0,0,68.27
1782792748923,0,0,0,69.68
1782792748923,1,0,0,68.28
1782792749058,0,0,0,69.63
1782792749058,1,0,0,68.31
1782792749193,0,0,0,69.65
1782792749193,1,0,0,68.28
1782792749328,0,0,0,69.67
1782792749328,1,0,0,68.31
1782792749464,0,0,0,69.65
1782792749464,1,0,0,68.27
1782792749599,0,0,0,69.63
1782792749599,1,0,0,68.27
1782792749739,0,0,0,69.65
1782792749739,1,0,0,68.26
1782792749875,0,0,0,69.65
1782792749875,1,0,0,68.27
1782792750010,0,0,0,69.67
1782792750010,1,0,0,68.26
1782792750145,0,0,0,69.67
1782792750145,1,0,0,68.26
1782792750282,0,0,0,69.65
1782792750282,1,0,0,68.26
1782792750418,0,0,0,69.67
1782792750418,1,0,0,68.28
1782792750554,0,0,0,69.70
1782792750554,1,0,0,68.29
1782792750689,0,0,0,69.69
1782792750689,1,0,0,68.24
1782792750824,0,0,0,69.69
1782792750824,1,0,0,68.29
1782792750960,0,0,0,69.70
1782792750960,1,0,0,68.27
1782792751095,0,0,0,69.71
1782792751095,1,0,0,68.30
1782792751231,0,0,0,69.70
1782792751231,1,0,0,68.28
1782792751367,0,0,0,69.70
1782792751367,1,0,0,68.30
1782792751502,0,0,0,69.71
1782792751502,1,0,0,68.27
1782792751637,0,0,0,69.71
1782792751637,1,0,0,68.28
1782792751772,0,0,0,69.71
1782792751772,1,0,0,68.26
1782792751908,0,0,0,69.69
1782792751908,1,0,0,68.26
1782792752043,0,0,0,69.70
1782792752043,1,0,0,68.24
1782792752178,0,0,0,69.70
1782792752178,1,0,0,68.25
1782792752313,0,0,0,69.68
1782792752313,1,0,0,68.28
1782792752448,0,0,0,69.65
1782792752448,1,0,0,68.27
1782792752583,0,0,0,69.63
1782792752583,1,0,0,68.30
1782792752719,0,0,0,69.65
1782792752719,1,0,0,68.30
1782792752855,0,0,0,69.66
1782792752855,1,0,0,68.30
1782792752991,0,0,0,69.64
1782792752991,1,0,0,68.27
1782792753128,0,0,0,69.62
1782792753128,1,0,0,68.31
1782792753263,0,0,0,69.64
1782792753263,1,0,0,68.26
1782792753398,0,0,0,69.64
1782792753398,1,0,0,68.28
1782792753533,0,0,0,69.66
1782792753533,1,0,0,68.23
1782792753669,0,0,0,69.63
1782792753669,1,0,0,68.25
1782792753803,0,0,0,69.61
1782792753803,1,0,0,68.23
1782792753939,0,0,0,69.63
1782792753939,1,0,0,68.25
1782792754074,0,0,0,69.62
1782792754074,1,0,0,68.21
1782792754209,0,0,0,69.61
1782792754209,1,0,0,68.23
1782792754345,0,0,0,69.62
1782792754345,1,0,0,68.24
1782792754480,0,0,0,69.62
1782792754480,1,0,0,68.26
1782792754615,0,0,0,69.61
1782792754615,1,0,0,68.28
1782792754750,0,0,0,69.64
1782792754750,1,0,0,68.28
1782792754886,0,0,0,69.64
1782792754886,1,0,0,68.31
1782792755022,0,0,0,69.65
1782792755022,1,0,0,68.28
1782792755157,0,0,0,69.67
1782792755157,1,0,0,68.29
1782792755292,0,0,0,69.67
1782792755292,1,0,0,68.26
1782792755428,0,0,0,69.65
1782792755428,1,0,0,68.26
1782792755563,0,0,0,69.68
1782792755563,1,0,0,68.23
1782792755699,0,0,0,69.70
1782792755699,1,0,0,68.27
1782792755834,0,0,0,69.70
1782792755834,1,0,0,68.23
1782792755970,0,0,0,69.69
1782792755970,1,0,0,68.25
1782792756105,0,0,0,69.69
1782792756105,1,0,0,68.27
1782792756241,0,0,0,69.71
1782792756241,1,0,0,68.29
1782792756481,0,0,0,69.72
1782792756481,1,0,0,68.28
1782792756617,0,0,0,69.72
1782792756617,1,0,0,68.31
1782792756753,0,0,0,69.68
1782792756753,1,0,0,68.29
1782792756889,0,0,0,69.69
1782792756889,1,0,0,68.34
1782792757024,0,0,0,69.69
1782792757024,1,0,0,68.30
1782792757160,0,0,0,69.67
1782792757160,1,0,0,68.32
1782792757295,0,0,0,69.65
1782792757295,1,0,0,68.29
1782792757431,0,0,0,69.65
1782792757431,1,0,0,68.30
1782792757566,0,0,0,69.68
1782792757566,1,0,0,68.29
1782792757703,0,0,0,69.69
1782792757703,1,0,0,68.28
1782792757838,0,0,0,69.68
1782792757838,1,0,0,68.26
1782792757973,0,0,0,69.67
1782792757973,1,0,0,68.28
1782792758108,0,0,0,69.67
1782792758108,1,0,0,68.30
1782792758261,0,0,0,69.68
1782792758261,1,0,0,68.32
1782792758397,0,0,0,69.67
1782792758397,1,0,0,68.33
1782792758532,0,0,0,69.64
1782792758532,1,0,0,68.31
1782792758667,0,0,0,69.64
1782792758667,1,0,0,68.32
1782792758802,0,0,0,69.63
1782792758802,1,0,0,68.27
1782792758937,0,0,0,69.64
1782792758937,1,0,0,68.28
1782792759072,0,0,0,69.62
1782792759072,1,0,0,68.26
1782792759209,0,0,0,69.62
1782792759209,1,0,0,68.26
1782792759343,0,0,0,69.63
1782792759343,1,0,0,68.21
1782792759478,0,0,0,69.64
1782792759478,1,0,0,68.24
1782792759613,0,0,0,69.64
1782792759613,1,0,0,68.21
1782792759748,0,0,0,69.63
1782792759748,1,0,0,68.22
1782792759883,0,0,0,69.65
1782792759883,1,0,0,68.20
1782792760018,0,0,0,69.66
1782792760018,1,0,0,68.22
1782792760154,0,0,0,69.65
1782792760154,1,0,0,68.22
1782792760289,0,0,0,69.63
1782792760289,1,0,0,68.24
1782792760423,0,0,0,69.62
1782792760423,1,0,0,68.25
1782792760558,0,0,0,69.62
1782792760558,1,0,0,68.25
1782792760694,0,0,0,69.62
1782792760694,1,0,0,68.27
1782792760829,0,0,0,69.63
1782792760829,1,0,0,68.26
1782792760965,0,0,0,69.66
1782792760965,1,0,0,68.28
1782792761100,0,0,0,69.67
1782792761100,1,0,0,68.25
1782792761236,0,0,0,69.67
1782792761236,1,0,0,68.26
1782792761372,0,0,0,69.68
1782792761372,1,0,0,68.24
1782792761509,0,0,0,69.68
1782792761509,1,0,0,68.28
1782792761642,0,0,0,74.25
1782792761642,1,0,0,68.25
1782792761776,0,0,0,84.01
1782792761776,1,0,0,68.27
1782792761910,0,11,0,88.83
1782792761910,1,0,0,68.27
1782792762043,0,11,0,94.06
1782792762043,1,0,0,68.29
1782792762177,0,20,1,103.98
1782792762177,1,0,0,68.28
1782792762310,0,0,0,108.81
1782792762310,1,0,0,68.31
1782792762443,0,0,0,112.79
1782792762443,1,0,0,68.30
1782792762578,0,29,1,118.99
1782792762578,1,0,0,68.30
1782792762711,0,0,0,119.00
1782792762711,1,0,0,68.31
1782792762844,0,0,0,118.96
1782792762844,1,0,0,68.28
1782792762977,0,2,0,118.57
1782792762977,1,0,0,68.30
1782792763110,0,0,0,118.22
1782792763110,1,0,0,68.26
1782792763243,0,0,0,118.21
1782792763243,1,0,0,68.26
1782792763376,0,0,0,118.15
1782792763376,1,0,0,68.23
1782792763509,0,0,0,117.95
1782792763509,1,0,0,68.25
1782792763642,0,0,0,117.76
1782792763642,1,0,0,68.25
1782792763776,0,0,0,117.74
1782792763776,1,0,0,68.29
1782792763909,0,0,0,117.69
1782792763909,1,0,0,68.30
1782792764041,0,0,0,117.69
1782792764041,1,0,0,68.31
1782792764174,0,0,0,117.68
1782792764174,1,0,0,68.30
1782792764308,0,0,0,117.67
1782792764308,1,0,0,68.29
1782792764441,0,0,0,117.68
1782792764441,1,0,0,68.28
1782792764574,0,0,0,117.70
1782792764574,1,0,0,68.26
1782792764707,0,0,0,117.69
1782792764707,1,0,0,68.28
1782792764839,0,0,0,117.68
1782792764839,1,0,0,68.23
1782792764972,0,0,0,117.69
1782792764972,1,0,0,68.27
1782792765105,0,0,0,117.69
1782792765105,1,0,0,68.23
1782792765239,0,0,0,117.69
1782792765239,1,0,0,68.26
1782792765371,0,0,0,117.70
1782792765371,1,0,0,68.23
1782792765504,0,0,0,117.70
1782792765504,1,0,0,68.25
1782792765637,0,0,0,117.71
1782792765637,1,0,0,68.22
1782792765772,0,0,0,117.75
1782792765772,1,0,0,68.26
1782792765905,0,0,0,117.74
1782792765905,1,0,0,68.26
1782792766038,0,0,0,117.74
1782792766038,1,0,0,68.25
1782792766171,0,0,0,117.76
1782792766171,1,0,0,68.26
1782792766304,0,0,0,117.76
1782792766304,1,0,0,68.23
1782792766438,0,0,0,117.76
1782792766438,1,0,0,68.25
1782792766571,0,0,0,117.72
1782792766571,1,0,0,68.23
1782792766704,0,0,0,117.73
1782792766704,1,0,0,68.25
1782792766837,0,0,0,117.74
1782792766837,1,0,0,68.23
1782792766970,0,0,0,117.77
1782792766970,1,0,0,68.26
1782792767102,0,0,0,117.76
1782792767102,1,0,0,68.21
1782792767234,0,0,0,117.75
1782792767234,1,0,0,68.19
1782792767368,0,0,0,117.78
1782792767368,1,0,0,68.21
1782792767501,0,0,0,117.80
1782792767501,1,0,0,68.23
1782792767634,0,0,0,117.82
1782792767634,1,0,0,68.23
1782792767766,0,0,0,117.80
1782792767766,1,0,0,68.24
1782792767899,0,0,0,117.80
1782792767899,1,0,0,68.26
1782792768032,0,0,0,117.81
1782792768032,1,0,0,68.23
1782792768165,0,0,0,117.83
1782792768165,1,0,0,68.28
1782792768298,0,0,0,117.83
1782792768298,1,0,0,68.25
1782792768431,0,0,0,117.82
1782792768431,1,0,0,68.27
1782792768564,0,0,0,117.82
1782792768564,1,0,0,68.25
1782792768704,0,0,0,117.82
1782792768704,1,0,0,68.27
1782792768836,0,0,0,117.83
1782792768836,1,0,0,68.29
1782792768969,0,0,0,117.82
1782792768969,1,0,0,68.26
1782792769102,0,0,0,117.82
1782792769102,1,0,0,68.26
1782792769235,0,0,0,117.84
1782792769235,1,0,0,68.22
1782792769367,0,0,0,117.87
1782792769367,1,0,0,68.26
1782792769500,0,0,0,117.87
1782792769500,1,0,0,68.24
1782792769633,0,0,0,117.86
1782792769633,1,0,0,68.28
1782792769769,0,0,0,117.89
1782792769769,1,0,0,68.26
1782792769903,0,0,0,117.90
1782792769903,1,0,0,68.30
1782792770041,0,0,0,117.90
1782792770041,1,0,0,68.30
1782792770175,0,0,0,117.89
1782792770175,1,0,0,68.32
1782792770308,0,0,0,117.88
1782792770308,1,0,0,68.30
1782792770440,0,0,0,117.87
1782792770440,1,0,0,68.28
1782792770574,0,0,0,117.88
1782792770574,1,0,0,68.28
1782792770706,0,0,0,117.86
1782792770706,1,0,0,68.26
1782792770839,0,0,0,117.85
1782792770839,1,0,0,68.30
1782792770972,0,0,0,117.84
1782792770972,1,0,0,68.26
1782792771105,0,0,0,117.83
1782792771105,1,0,0,68.29
1782792771238,0,0,0,117.83
1782792771238,1,0,0,68.24
1782792771370,0,0,0,117.83
1782792771370,1,0,0,68.27
1782792771503,0,0,0,117.84
1782792771503,1,0,0,68.24
1782792771635,0,0,0,117.85
1782792771635,1,0,0,68.27
1782792771768,0,0,0,117.84
1782792771768,1,0,0,68.25
1782792771900,0,0,0,117.84
1782792771900,1,0,0,68.25
1782792772034,0,0,0,117.85
1782792772034,1,0,0,68.26
1782792772168,0,0,0,117.85
1782792772168,1,0,0,68.26
1782792772301,0,0,0,117.86
1782792772301,1,0,0,68.25
1782792772434,0,0,0,117.86
1782792772434,1,0,0,68.23
1782792772567,0,0,0,117.86
1782792772567,1,0,0,68.23
1782792772700,0,0,0,117.86
1782792772700,1,0,0,68.23
1782792772833,0,0,0,117.87
1782792772833,1,0,0,68.24
1782792772966,0,0,0,117.86
1782792772966,1,0,0,68.22
1782792773099,0,0,0,117.86
1782792773099,1,0,0,68.24
1782792773232,0,0,0,117.86
1782792773232,1,0,0,68.21
1782792773366,0,0,0,117.87
1782792773366,1,0,0,68.23
1782792773499,0,0,0,117.87
1782792773499,1,0,0,68.19
1782792773632,0,0,0,117.88
1782792773632,1,0,0,68.22
1782792773765,0,0,0,117.88
1782792773765,1,0,0,68.20
1782792773898,0,0,0,117.88
1782792773898,1,0,0,68.23
1782792774031,0,0,0,117.90
1782792774031,1,0,0,68.25
1782792774165,0,0,0,117.89
1782792774165,1,0,0,68.24
1782792774298,0,0,0,117.89
1782792774298,1,0,0,68.24
1782792774432,0,0,0,117.89
1782792774432,1,0,0,68.22
1782792774565,0,0,0,117.92
1782792774565,1,0,0,68.24
1782792774698,0,0,0,117.91
1782792774698,1,0,0,68.21
1782792774831,0,0,0,117.93
1782792774831,1,0,0,68.25
1782792774965,0,0,0,117.91
1782792774965,1,0,0,68.23
1782792775101,0,0,0,117.94
1782792775101,1,0,0,68.28
1782792775235,0,0,0,117.96
1782792775235,1,0,0,68.27
1782792775368,0,0,0,117.96
1782792775368,1,0,0,68.29
1782792775502,0,0,0,117.96
1782792775502,1,0,0,68.27
1782792775637,0,0,0,117.96
1782792775637,1,0,0,68.28
1782792775771,0,0,0,117.98
1782792775771,1,0,0,68.27
1782792775905,0,0,0,117.98
1782792775905,1,0,0,68.29
1782792776038,0,0,0,117.97
1782792776038,1,0,0,68.30
1782792776172,0,0,0,117.95
1782792776172,1,0,0,68.29
1782792776305,0,0,0,117.97
1782792776305,1,0,0,68.29
1782792776439,0,0,0,117.97
1782792776439,1,0,0,68.26
1782792776572,0,0,0,117.93
1782792776572,1,0,0,68.29
1782792776706,0,0,0,117.93
1782792776706,1,0,0,68.25
1782792776839,0,0,0,117.93
1782792776839,1,0,0,68.28
1782792776974,0,0,0,117.93
1782792776974,1,0,0,68.24
1782792777107,0,0,0,117.92
1782792777107,1,0,0,68.28
1782792777240,0,0,0,117.90
1782792777240,1,0,0,68.27
1782792777374,0,0,0,117.89
1782792777374,1,0,0,68.29
1782792777507,0,0,0,117.91
1782792777507,1,0,0,68.27
1782792777641,0,0,0,117.93
1782792777641,1,0,0,68.26
1782792777774,0,0,0,117.91
1782792777774,1,0,0,68.25
1782792777908,0,0,0,117.89
1782792777908,1,0,0,68.25
1782792778041,0,0,0,117.90
1782792778041,1,0,0,68.29
1782792778174,0,0,0,117.94
1782792778174,1,0,0,68.24
1782792778307,0,0,0,117.96
1782792778307,1,0,0,68.24
1782792778441,0,0,0,117.95
1782792778441,1,0,0,68.20
1782792778574,0,0,0,117.95
1782792778574,1,0,0,68.21
1782792778707,0,0,0,117.97
1782792778707,1,0,0,68.20
1782792778840,0,0,0,117.99
1782792778840,1,0,0,68.22
1782792778974,0,0,0,118.01
1782792778974,1,0,0,68.18
1782792779106,0,0,0,118.01
1782792779106,1,0,0,68.22
1782792779239,0,0,0,118.01
1782792779239,1,0,0,68.22
1782792779373,0,0,0,118.03
1782792779373,1,0,0,68.24
1782792779506,0,0,0,118.04
1782792779506,1,0,0,68.24
1782792779639,0,0,0,118.01
1782792779639,1,0,0,68.22
1782792779773,0,0,0,118.01
1782792779773,1,0,0,68.26
1782792779907,0,0,0,118.03
1782792779907,1,0,0,68.25
1782792780040,0,0,0,118.03
1782792780040,1,0,0,68.27
1782792780174,0,0,0,118.01
1782792780174,1,0,0,68.26
1782792780307,0,0,0,118.01
1782792780307,1,0,0,68.29
1782792780441,0,0,0,118.01
1782792780441,1,0,0,68.24
1782792780574,0,0,0,118.04
1782792780574,1,0,0,68.25
1782792780707,0,0,0,118.03
1782792780707,1,0,0,68.23
1782792780847,0,0,0,118.02
1782792780847,1,0,0,68.24
1782792780980,0,0,0,118.01
1782792780980,1,0,0,68.23
1782792781113,0,0,0,118.02
1782792781113,1,0,0,68.25
1782792781245,0,0,0,118.03
1782792781245,1,0,0,68.28
1782792781378,0,0,0,118.02
1782792781378,1,0,0,68.26
1782792781511,0,0,0,118.01
1782792781511,1,0,0,68.27
1782792781644,0,0,0,118.03
1782792781644,1,0,0,68.25
1782792781777,0,0,0,118.04
1782792781777,1,0,0,68.27
1782792781910,0,0,0,118.04
1782792781910,1,0,0,68.25
1782792782043,0,0,0,118.03
1782792782043,1,0,0,68.28
1782792782176,0,0,0,118.03
1782792782176,1,0,0,68.22
1782792782309,0,0,0,118.03
1782792782309,1,0,0,68.25
1782792782494,0,0,0,118.04
1782792782494,1,0,0,68.24
1782792782627,0,0,0,118.02
1782792782627,1,0,0,68.26
1782792782759,0,0,0,118.01
1782792782759,1,0,0,68.23
1782792782892,0,0,0,118.03
1782792782892,1,0,0,68.25
1782792783025,0,0,0,118.04
1782792783025,1,0,0,68.22
1782792783158,0,0,0,118.03
1782792783158,1,0,0,68.25
1782792783290,0,0,0,118.00
1782792783290,1,0,0,68.21
1782792783422,0,0,0,118.01
1782792783422,1,0,0,68.23
1782792783555,0,0,0,118.00
1782792783555,1,0,0,68.21
1782792783687,0,0,0,118.01
1782792783687,1,0,0,68.23
1782792783820,0,0,0,118.00
1782792783820,1,0,0,68.26
1782792783952,0,0,0,118.00
1782792783952,1,0,0,68.24
1782792784085,0,0,0,118.02
1782792784085,1,0,0,68.24
1782792784218,0,0,0,118.04
1782792784218,1,0,0,68.21
1782792784351,0,0,0,118.03
1782792784351,1,0,0,68.21
1782792784484,0,0,0,118.03
1782792784484,1,0,0,68.19
1782792784617,0,0,0,118.04
1782792784617,1,0,0,68.21
1782792784750,0,0,0,118.04
1782792784750,1,0,0,68.19
1782792784883,0,0,0,118.05
1782792784883,1,0,0,68.21
1782792785016,0,0,0,118.04
1782792785016,1,0,0,68.20
1782792785149,0,0,0,118.03
1782792785149,1,0,0,68.19
1782792785281,0,0,0,118.06
1782792785281,1,0,0,68.21
1782792785413,0,0,0,118.07
1782792785413,1,0,0,68.23
1782792785560,0,0,0,118.06
1782792785560,1,0,0,68.23
1782792785693,0,0,0,118.06
1782792785693,1,0,0,68.26
1782792785826,0,0,0,118.07
1782792785826,1,0,0,68.29
1782792785959,0,0,0,118.08
1782792785959,1,0,0,68.26
1782792786092,0,0,0,118.08
1782792786092,1,0,0,68.25
1782792786225,0,0,0,118.07
1782792786225,1,0,0,68.21
1782792786358,0,0,0,118.07
1782792786358,1,0,0,68.22
1782792786492,0,0,0,118.07
1782792786492,1,0,0,68.18
1782792786625,0,0,0,118.07
1782792786625,1,0,0,68.22
1782792786757,0,0,0,118.06
1782792786757,1,0,0,68.18
1782792786890,0,0,0,118.06
1782792786890,1,0,0,68.23
1782792787023,0,0,0,118.08
1782792787023,1,0,0,68.23
1782792787155,0,0,0,118.07
1782792787155,1,0,0,68.25
1782792787288,0,0,0,118.07
1782792787288,1,0,0,68.23
1782792787421,0,0,0,118.06
1782792787421,1,0,0,68.23
1782792787555,0,0,0,118.06
1782792787555,1,0,0,68.24
1782792787688,0,0,0,118.09
1782792787688,1,0,0,68.24
1782792787821,0,0,0,118.09
1782792787821,1,0,0,68.28
1782792787954,0,0,0,118.07
1782792787954,1,0,0,68.23
1782792788087,0,0,0,118.07
1782792788087,1,0,0,68.27
1782792788220,0,0,0,118.07
1782792788220,1,0,0,68.23
1782792788353,0,0,0,118.09
1782792788353,1,0,0,68.26
1782792788486,0,0,0,118.09
1782792788486,1,0,0,68.23
1782792788619,0,0,0,118.09
1782792788619,1,0,0,68.25
1782792788752,0,0,0,118.09
1782792788752,1,0,0,68.22
1782792788885,0,0,0,118.10
1782792788885,1,0,0,68.25
1782792789018,0,0,0,118.10
1782792789018,1,0,0,68.25
1782792789151,0,0,0,118.07
1782792789151,1,0,0,68.21
1782792789285,0,0,0,118.05
1782792789285,1,0,0,68.24
1782792789418,0,0,0,118.04
1782792789418,1,0,0,68.22
1782792789551,0,0,0,118.04
1782792789551,1,0,0,68.25
1782792789683,0,0,0,118.01
1782792789683,1,0,0,68.21
1782792789815,0,0,0,118.01
1782792789815,1,0,0,68.24
1782792789947,0,0,0,118.02
1782792789947,1,0,0,68.21
1782792790080,0,0,0,118.03
1782792790080,1,0,0,68.23
1782792790212,0,0,0,118.03
1782792790212,1,0,0,68.20
1782792790344,0,0,0,118.02
1782792790344,1,0,0,68.20
1782792790477,0,0,0,118.03
1782792790477,1,0,0,68.19
1782792790610,0,0,0,118.04
1782792790610,1,0,0,68.21
1782792790742,0,0,0,118.06
1782792790742,1,0,0,68.22
1782792790875,0,0,0,118.04
1782792790875,1,0,0,68.23
1782792791008,0,0,0,118.04
1782792791008,1,0,0,68.24
1782792791140,0,0,0,118.05
1782792791140,1,0,0,68.21
1782792791273,0,0,0,118.06
1782792791273,1,0,0,68.25
1782792791406,0,0,0,118.06
1782792791406,1,0,0,68.21
1782792791539,0,0,0,118.05
1782792791539,1,0,0,68.24
1782792791671,0,0,0,118.04
1782792791671,1,0,0,68.21
1782792791804,0,0,0,118.06
1782792791804,1,0,0,68.24
1782792791937,0,0,0,118.06
1782792791937,1,0,0,68.22
1782792792070,0,0,0,118.05
1782792792070,1,0,0,68.22
1782792792203,0,0,0,118.05
1782792792203,1,0,0,68.19
1782792792335,0,0,0,118.05
1782792792335,1,0,0,68.19
1782792792468,0,0,0,118.09
1782792792468,1,0,0,68.19
1782792792601,0,0,0,118.04
1782792792601,1,0,0,68.21
1782792792734,0,0,0,118.08
1782792792734,1,0,0,68.24
1782792792867,0,0,0,118.08
1782792792867,1,0,0,68.25
1782792793000,0,0,0,118.07
1782792793000,1,0,0,68.27
1782792793133,0,0,0,118.10
1782792793133,1,0,0,68.23
1782792793266,0,0,0,118.11
1782792793266,1,0,0,68.30
1782792793399,0,0,0,118.09
1782792793399,1,0,0,68.26
1782792793532,0,0,0,118.10
1782792793532,1,0,0,68.28
1782792793664,0,0,0,118.14
1782792793664,1,0,0,68.25
1782792793798,0,0,0,118.11
1782792793798,1,0,0,68.27
1782792793931,0,0,0,118.11
1782792793931,1,0,0,68.26
1782792794063,0,0,0,118.12
1782792794063,1,0,0,68.25
1782792794195,0,0,0,118.12
1782792794195,1,0,0,68.23
1782792794341,0,0,0,118.12
1782792794341,1,0,0,68.22
1782792794473,0,0,0,118.12
1782792794473,1,0,0,68.27
1782792794665,0,0,0,118.11
1782792794665,1,0,0,68.27
1782792794798,0,0,0,118.11
1782792794798,1,0,0,68.25
1782792794931,0,0,0,118.11
1782792794931,1,0,0,68.28
1782792795064,0,0,0,118.10
1782792795064,1,0,0,68.27
1782792795197,0,0,0,118.09
1782792795197,1,0,0,68.30
1782792795330,0,0,0,118.08
1782792795330,1,0,0,68.23
1782792795463,0,0,0,118.08
1782792795463,1,0,0,68.26
1782792795596,0,0,0,118.09
1782792795596,1,0,0,68.22
1782792795729,0,0,0,118.07
1782792795729,1,0,0,68.23
1782792795863,0,0,0,118.06
1782792795863,1,0,0,68.19
1782792795996,0,0,0,118.07
1782792795996,1,0,0,68.21
1782792796129,0,0,0,118.07
1782792796129,1,0,0,68.18
1782792796261,0,0,0,118.07
1782792796261,1,0,0,68.19
1782792796394,0,0,0,118.06
1782792796394,1,0,0,68.21
1782792796527,0,0,0,118.06
1782792796527,1,0,0,68.21
1782792796661,0,0,0,118.06
1782792796661,1,0,0,68.21
1782792796794,0,0,0,118.08
1782792796794,1,0,0,68.18
1782792796926,0,0,0,118.07
1782792796926,1,0,0,68.23
1782792797059,0,0,0,118.07
1782792797059,1,0,0,68.21
1782792797192,0,0,0,118.10
1782792797192,1,0,0,68.23
1782792797325,0,0,0,118.09
1782792797325,1,0,0,68.20
1782792797458,0,0,0,118.09
1782792797458,1,0,0,68.22
1782792797592,0,0,0,118.10
1782792797592,1,0,0,68.19
1782792797727,0,0,0,118.11
1782792797727,1,0,0,68.23
1782792797859,0,0,0,118.11
1782792797859,1,0,0,68.19
1782792797992,0,0,0,118.11
1782792797992,1,0,0,68.20
1782792798125,0,0,0,118.10
1782792798125,1,0,0,68.20
1782792798258,0,0,0,118.10
1782792798258,1,0,0,68.22
1782792798390,0,0,0,118.10
1782792798390,1,0,0,68.24
1782792798522,0,0,0,118.12
1782792798522,1,0,0,68.25
1782792798654,0,0,0,118.11
1782792798654,1,0,0,68.25
1782792798787,0,0,0,118.10
1782792798787,1,0,0,68.22
1782792798919,0,0,0,118.11
1782792798919,1,0,0,68.27
1782792799052,0,0,0,118.12
1782792799052,1,0,0,68.24
1782792799184,0,0,0,118.12
1782792799184,1,0,0,68.26
1782792799317,0,0,0,118.11
1782792799317,1,0,0,68.23
1782792799450,0,0,0,118.11
1782792799450,1,0,0,68.26
1782792799583,0,0,0,118.12
1782792799583,1,0,0,68.23
1782792799716,0,0,0,118.12
1782792799716,1,0,0,68.25
1782792799849,0,0,0,118.12
1782792799849,1,0,0,68.21
1782792799982,0,0,0,118.11
1782792799982,1,0,0,68.18
1782792800115,0,0,0,118.11
1782792800115,1,0,0,68.23
1782792800248,0,0,0,118.12
1782792800248,1,0,0,68.21
1782792800380,0,0,0,118.14
1782792800380,1,0,0,68.25
1782792800513,0,0,0,118.13
1782792800513,1,0,0,68.21
1782792800645,0,0,0,118.12
1782792800645,1,0,0,68.27
1782792800777,0,0,0,118.14
1782792800777,1,0,0,68.26
1782792800911,0,0,0,118.13
1782792800911,1,0,0,68.27
1782792801044,0,0,0,118.12
1782792801044,1,0,0,68.25
1782792801176,0,0,0,118.09
1782792801176,1,0,0,68.28
1782792801309,0,0,0,118.08
1782792801309,1,0,0,68.27
1782792801442,0,0,0,118.08
1782792801442,1,0,0,68.27
1782792801575,0,0,0,118.07
1782792801575,1,0,0,68.25
1782792801708,0,0,0,118.06
1782792801708,1,0,0,68.21
1782792801841,0,0,0,118.06
1782792801841,1,0,0,68.21
1782792801975,0,0,0,118.07
1782792801975,1,0,0,68.19
1782792802108,0,0,0,118.07
1782792802108,1,0,0,68.20
1782792802242,0,0,0,118.08
1782792802242,1,0,0,68.17
1782792802376,0,0,0,118.06
1782792802376,1,0,0,68.20
1782792802510,0,0,0,118.06
1782792802510,1,0,0,68.18
1782792802642,0,0,0,118.07
1782792802642,1,0,0,68.21
1782792802776,0,0,0,118.08
1782792802776,1,0,0,68.19
1782792802910,0,0,0,118.07
1782792802910,1,0,0,68.21
1782792803044,0,0,0,118.07
1782792803044,1,0,0,68.20
1782792803178,0,0,0,118.10
1782792803178,1,0,0,68.22
1782792803312,0,0,0,118.10
1782792803312,1,0,0,68.25
1782792803445,0,0,0,118.11
1782792803445,1,0,0,68.23
1782792803578,0,0,0,118.09
1782792803578,1,0,0,68.24
1782792803711,0,0,0,118.10
1782792803711,1,0,0,68.22
1782792803844,0,0,0,118.11
1782792803844,1,0,0,68.22
1782792803976,0,0,0,118.11
1782792803976,1,0,0,68.19
1782792804109,0,0,0,118.09
1782792804109,1,0,0,68.24
1782792804242,0,0,0,118.09
1782792804242,1,0,0,68.21
1782792804375,0,0,0,118.11
1782792804375,1,0,0,68.25
1782792804508,0,0,0,118.14
1782792804508,1,0,0,68.25
1782792804641,0,0,0,118.14
1782792804641,1,0,0,68.28
1782792804773,0,0,0,118.13
1782792804773,1,0,0,68.28
1782792804905,0,0,0,118.13
1782792804905,1,0,0,68.29
1782792805038,0,0,0,118.14
1782792805038,1,0,0,68.28
1782792805171,0,0,0,118.15
1782792805171,1,0,0,68.28
1782792805304,0,0,0,118.15
1782792805304,1,0,0,68.30
1782792805437,0,0,0,118.16
1782792805437,1,0,0,68.28
1782792805569,0,0,0,118.18
1782792805569,1,0,0,68.28
1782792805702,0,0,0,118.18
1782792805702,1,0,0,68.25
1782792805834,0,0,0,118.17
1782792805834,1,0,0,68.28
1782792805967,0,0,0,118.16
1782792805967,1,0,0,68.25
1782792806100,0,0,0,118.16
1782792806100,1,0,0,68.28
1782792806233,0,0,0,118.16
1782792806233,1,0,0,68.26
1782792806367,0,0,0,118.16
1782792806367,1,0,0,68.31
1782792806499,0,0,0,118.14
1782792806499,1,0,0,68.32
1782792806632,0,0,0,118.15
1782792806632,1,0,0,68.30
1782792806766,0,0,0,118.16
1782792806766,1,0,0,68.29
1782792806900,0,0,0,118.18
1782792806900,1,0,0,68.27
1782792807032,0,0,0,118.18
1782792807032,1,0,0,68.28
1782792807164,0,0,0,118.18
1782792807164,1,0,0,68.26
1782792807297,0,0,0,118.16
1782792807297,1,0,0,68.29
1782792807431,0,0,0,118.18
1782792807431,1,0,0,68.25
1782792807564,0,0,0,118.17
1782792807564,1,0,0,68.29
1782792807696,0,0,0,118.13
1782792807696,1,0,0,68.27
1782792807829,0,0,0,118.14
1782792807829,1,0,0,68.30
1782792807962,0,0,0,118.14
1782792807962,1,0,0,68.26
1782792808095,0,0,0,118.14
1782792808095,1,0,0,68.28
1782792808227,0,0,0,118.14
1782792808227,1,0,0,68.25
1782792808360,0,0,0,118.11
1782792808360,1,0,0,68.27
1782792808493,0,0,0,118.12
1782792808493,1,0,0,68.27
1782792808626,0,0,0,118.12
1782792808626,1,0,0,68.25
1782792808759,0,0,0,118.13
1782792808759,1,0,0,68.27
1782792808892,0,0,0,118.12
1782792808892,1,0,0,68.23
1782792809026,0,0,0,118.12
1782792809026,1,0,0,68.25
1782792809159,0,0,0,118.12
1782792809159,1,0,0,68.21
1782792809291,0,0,0,118.17
1782792809291,1,0,0,68.24
1782792809424,0,0,0,118.16
1782792809424,1,0,0,68.20
1782792809557,0,0,0,118.15
1782792809557,1,0,0,68.22
1782792809689,0,0,0,118.15
1782792809689,1,0,0,68.19
1782792809821,0,0,0,118.15
1782792809821,1,0,0,68.18
1782792809954,0,0,0,118.15
1782792809954,1,0,0,68.17
1782792810086,0,0,0,118.14
1782792810086,1,0,0,68.18
1782792810219,0,0,0,118.14
1782792810219,1,0,0,68.18
1782792810353,0,0,0,118.14
1782792810353,1,0,0,68.22
1782792810486,0,0,0,118.19
1782792810486,1,0,0,68.25
1782792810619,0,0,0,118.19
1782792810619,1,0,0,68.25
1782792810752,0,0,0,118.19
1782792810752,1,0,0,68.28
1782792810884,0,0,0,118.23
1782792810884,1,0,0,68.25
1782792811016,0,0,0,118.22
1782792811016,1,0,0,68.28
1782792811149,0,0,0,118.25
1782792811149,1,0,0,68.25
1782792811282,0,0,0,118.25
1782792811282,1,0,0,68.28
1782792811415,0,0,0,118.22
1782792811415,1,0,0,68.28
1782792811548,0,0,0,118.22
1782792811548,1,0,0,68.26
1782792811680,0,0,0,118.24
1782792811680,1,0,0,68.26
1782792811813,0,0,0,118.24
1782792811813,1,0,0,68.23
1782792811945,0,0,0,118.21
1782792811945,1,0,0,68.27
1782792812078,0,0,0,118.22
1782792812078,1,0,0,68.26
1782792812211,0,0,0,118.20
1782792812211,1,0,0,68.30
1782792812343,0,0,0,118.21
1782792812343,1,0,0,68.28
1782792812477,0,0,0,118.22
1782792812477,1,0,0,68.33
1782792812610,0,0,0,118.21
1782792812610,1,0,0,68.30
1782792812743,0,0,0,118.21
1782792812743,1,0,0,68.34
1782792812876,0,0,0,118.23
1782792812876,1,0,0,68.31
1782792813008,0,0,0,118.24
1782792813008,1,0,0,68.31
1782792813141,0,0,0,118.23
1782792813141,1,0,0,68.29
1782792813274,0,0,0,118.23
1782792813274,1,0,0,68.30
1782792813407,0,0,0,118.25
1782792813407,1,0,0,68.30
1782792813540,0,0,0,118.23
1782792813540,1,0,0,68.26
1782792813673,0,0,0,118.22
1782792813673,1,0,0,68.27
1782792813806,0,0,0,118.20
1782792813806,1,0,0,68.22
1782792813939,0,0,0,118.20
1782792813939,1,0,0,68.26
1782792814072,0,0,0,118.20
1782792814072,1,0,0,68.23
1782792814205,0,0,0,118.21
1782792814205,1,0,0,68.27
1782792814338,0,0,0,118.19
1782792814338,1,0,0,68.24
1782792814471,0,0,0,118.18
1782792814471,1,0,0,68.27
1782792814605,0,0,0,118.18
1782792814605,1,0,0,68.27
1782792814738,0,0,0,118.21
1782792814738,1,0,0,68.29
1782792814870,0,0,0,118.21
1782792814870,1,0,0,68.24
1782792815003,0,0,0,118.18
1782792815003,1,0,0,68.22
1782792815136,0,0,0,118.18
1782792815136,1,0,0,68.21
1782792815268,0,0,0,118.20
1782792815268,1,0,0,68.21
1782792815420,0,0,0,118.19
1782792815420,1,0,0,68.23
1782792815553,0,0,0,118.20
1782792815553,1,0,0,68.22
1782792815686,0,0,0,118.19
1782792815686,1,0,0,68.23
1782792815819,0,0,0,118.21
1782792815819,1,0,0,72.03
1782792815950,0,0,0,118.23
1782792815950,1,1,0,80.78
1782792816080,0,0,0,118.24
1782792816080,1,1,0,85.13
1782792816212,0,0,0,118.23
1782792816212,1,0,0,89.60
1782792816343,0,0,0,118.23
1782792816343,1,1,0,98.97
1782792816474,0,0,0,118.25
1782792816474,1,1,0,102.78
1782792816605,0,0,0,118.23
1782792816605,1,0,0,107.95
1782792816736,0,0,0,118.23
1782792816736,1,2,0,113.18
1782792816868,0,0,0,118.22
1782792816868,1,2,0,113.26
1782792816999,0,0,0,118.22
1782792816999,1,18,0,113.26
1782792817130,0,0,0,118.22
1782792817130,1,0,0,113.24
1782792817261,0,0,0,118.23
1782792817261,1,0,0,113.22
1782792817392,0,0,0,118.21
1782792817392,1,0,0,113.26
1782792817524,0,0,0,118.23
1782792817524,1,0,0,113.20
1782792817654,0,0,0,118.25
1782792817654,1,0,0,113.17
1782792817786,0,0,0,118.25
1782792817786,1,0,0,113.08
1782792817916,0,0,0,118.24
1782792817916,1,0,0,113.02
1782792818047,0,0,0,118.22
1782792818047,1,0,0,112.94
1782792818177,0,0,0,118.23
1782792818177,1,0,0,112.96
1782792818308,0,0,0,118.24
1782792818308,1,0,0,112.97
1782792818439,0,0,0,118.26
1782792818439,1,0,0,112.94
1782792818570,0,0,0,118.24
1782792818570,1,0,0,112.94
1782792818700,0,0,0,118.22
1782792818700,1,0,0,112.91
1782792818831,0,0,0,118.24
1782792818831,1,0,0,112.93
1782792818962,0,0,0,118.26
1782792818962,1,0,0,112.89
1782792819092,0,0,0,118.27
1782792819092,1,0,0,112.92
1782792819223,0,0,0,118.25
1782792819223,1,0,0,112.94
1782792819353,0,0,0,118.26
1782792819353,1,0,0,112.94
1782792819483,0,0,0,118.26
1782792819483,1,0,0,112.96
1782792819613,0,0,0,118.26
1782792819613,1,0,0,112.93
1782792819743,0,0,0,118.25
1782792819743,1,0,0,112.99
1782792819873,0,0,0,118.23
1782792819873,1,0,0,112.96
1782792820003,0,0,0,118.22
1782792820003,1,0,0,112.99
1782792820134,0,0,0,118.23
1782792820134,1,0,0,112.98
1782792820264,0,0,0,118.24
1782792820264,1,0,0,113.01
1782792820393,0,0,0,118.23
1782792820393,1,0,0,112.98
1782792820524,0,0,0,118.21
1782792820524,1,0,0,113.01
1782792820656,0,0,0,118.22
1782792820656,1,0,0,112.97
1782792820786,0,0,0,118.23
1782792820786,1,0,0,112.98
1782792820916,0,0,0,118.22
1782792820916,1,0,0,113.01
1782792821046,0,0,0,118.21
1782792821046,1,0,0,112.99
1782792821176,0,0,0,118.21
1782792821176,1,0,0,113.02
1782792821306,0,0,0,118.20
1782792821306,1,0,0,112.98
1782792821438,0,0,0,118.20
1782792821438,1,0,0,113.00
1782792821568,0,0,0,118.21
1782792821568,1,0,0,112.96
1782792821699,0,0,0,118.18
1782792821699,1,0,0,112.99
1782792821830,0,0,0,118.20
1782792821830,1,0,0,112.96
1782792821960,0,0,0,118.21
1782792821960,1,0,0,113.01
1782792822091,0,0,0,118.22
1782792822091,1,0,0,113.02
1782792822221,0,0,0,118.24
1782792822221,1,0,0,113.00
1782792822352,0,0,0,118.25
1782792822352,1,0,0,113.03
1782792822484,0,0,0,118.26
1782792822484,1,0,0,113.02
1782792822614,0,0,0,118.27
1782792822614,1,0,0,113.06
1782792822745,0,0,0,118.29
1782792822745,1,0,0,113.02
1782792822875,0,0,0,118.26
1782792822875,1,0,0,113.07
1782792823005,0,0,0,118.26
1782792823005,1,0,0,113.03
1782792823135,0,0,0,118.27
1782792823135,1,0,0,113.07
1782792823266,0,0,0,118.27
1782792823266,1,0,0,113.06
1782792823396,0,0,0,118.25
1782792823396,1,0,0,116.00
1782792823527,0,0,0,118.25
1782792823527,1,0,0,116.19
1782792823657,0,0,0,118.26
1782792823657,1,0,0,119.17
1782792823788,0,0,0,118.27
1782792823788,1,19,16,120.72
1782792823918,0,0,0,118.28
1782792823918,1,19,16,120.89
1782792824048,0,0,0,118.26
1782792824048,1,0,0,120.98
1782792824179,0,0,0,118.26
1782792824179,1,0,0,124.56
1782792824310,0,0,0,118.27
1782792824310,1,0,0,126.27
1782792824440,0,0,0,118.28
1782792824440,1,0,0,123.20
1782792824571,0,0,0,118.26
1782792824571,1,0,0,123.03
1782792824702,0,0,0,118.27
1782792824702,1,0,0,123.02
1782792824832,0,0,0,118.27
1782792824832,1,0,0,122.05
1782792824963,0,0,0,118.25
1782792824963,1,14,11,122.10
1782792825093,0,0,0,118.25
1782792825093,1,14,11,122.05
1782792825223,0,0,0,118.25
1782792825223,1,0,0,121.76
1782792825354,0,0,0,118.24
1782792825354,1,0,0,116.78
1782792825484,0,0,0,118.25
1782792825484,1,0,0,116.81
1782792825615,0,0,0,118.26
1782792825615,1,0,0,116.80
1782792825745,0,0,0,118.25
1782792825745,1,0,0,116.75
1782792825875,0,0,0,118.22
1782792825875,1,0,0,113.63
1782792826006,0,0,0,118.24
1782792826006,1,0,0,113.31
1782792826136,0,0,0,118.25
1782792826136,1,0,0,113.31
1782792826267,0,0,0,118.23
1782792826267,1,0,0,113.36
1782792826397,0,0,0,118.25
1782792826397,1,0,0,113.33
1782792826529,0,0,0,118.23
1782792826529,1,12,12,126.12
1782792826659,0,0,0,118.23
1782792826659,1,12,12,126.16
1782792826789,0,0,0,118.23
1782792826789,1,0,0,125.90
1782792826920,0,0,0,118.24
1782792826920,1,0,0,125.93
1782792827050,0,0,0,118.24
1782792827050,1,0,0,125.90
1782792827181,0,0,0,118.25
1782792827181,1,0,0,126.18
1782792827310,0,0,0,118.25
1782792827310,1,0,0,126.15
1782792827440,0,0,0,118.27
1782792827440,1,0,0,125.92
1782792827572,0,0,0,118.27
1782792827572,1,0,0,124.24
1782792827702,0,0,0,118.25
1782792827702,1,0,0,124.46
1782792827833,0,0,0,118.25
1782792827833,1,0,0,124.43
1782792827963,0,0,0,118.27
1782792827963,1,0,0,124.46
1782792828094,0,0,0,118.28
1782792828094,1,0,0,126.55
1782792828227,0,0,0,118.26
1782792828227,1,14,11,151.06
1782792828357,0,0,0,118.25
1782792828357,1,3,2,150.38
1782792828488,0,0,0,118.26
1782792828488,1,3,2,151.06
1782792828618,0,0,0,118.29
1782792828618,1,0,0,140.82
1782792828748,0,0,0,118.29
1782792828748,1,0,0,139.69
1782792828878,0,0,0,118.27
1782792828878,1,0,0,139.70
1782792829008,0,0,0,118.29
1782792829008,1,0,0,139.67
1782792829139,0,0,0,118.29
1782792829139,1,0,0,121.86
1782792829270,0,0,0,118.30
1782792829270,1,0,0,113.28
1782792829400,0,0,0,118.32
1782792829400,1,0,0,113.17
1782792829531,0,0,0,118.30
1782792829531,1,0,0,113.21
1782792829661,0,0,0,118.31
1782792829661,1,0,0,113.21
1782792829792,0,0,0,118.32
1782792829792,1,0,0,113.24
1782792829922,0,0,0,118.32
1782792829922,1,0,0,113.21
1782792830053,0,0,0,118.31
1782792830053,1,0,0,113.25
1782792830183,0,0,0,118.31
1782792830183,1,0,0,113.22
1782792830314,0,0,0,118.32
1782792830314,1,0,0,113.24
1782792830444,0,0,0,118.31
1782792830444,1,0,0,113.23
1782792830575,0,0,0,118.32
1782792830575,1,0,0,113.25
1782792830706,0,0,0,118.32
1782792830706,1,0,0,113.27
1782792830836,0,0,0,118.31
1782792830836,1,0,0,113.25
1782792830966,0,0,0,118.32
1782792830966,1,0,0,113.24
1782792831100,0,0,0,118.32
1782792831100,1,0,0,113.20
1782792831230,0,0,0,118.30
1782792831230,1,0,0,113.23
1782792831361,0,0,0,118.31
1782792831361,1,0,0,113.19
1782792831492,0,0,0,118.29
1782792831492,1,0,0,113.22
1782792831622,0,0,0,118.27
1782792831622,1,0,0,113.22
1782792831752,0,0,0,118.28
1782792831752,1,0,0,113.25
1782792831883,0,0,0,118.25
1782792831883,1,0,0,113.22
1782792832014,0,0,0,118.24
1782792832014,1,0,0,113.25
1782792832145,0,0,0,118.24
1782792832145,1,0,0,113.24
1782792832276,0,0,0,118.23
1782792832276,1,0,0,113.25
1782792832407,0,0,0,118.24
1782792832407,1,0,0,113.28
1782792832537,0,0,0,118.23
1782792832537,1,0,0,113.25
1782792832669,0,0,0,118.21
1782792832669,1,0,0,113.27
1782792832799,0,0,0,118.23
1782792832799,1,0,0,113.22
1782792832930,0,0,0,118.23
1782792832930,1,0,0,113.25
1782792833061,0,0,0,118.24
1782792833061,1,0,0,113.21
1782792833191,0,0,0,118.25
1782792833191,1,0,0,113.25
1782792833322,0,0,0,118.26
1782792833322,1,0,0,113.22
1782792833453,0,0,0,118.26
1782792833453,1,0,0,113.21
1782792833584,0,0,0,118.30
1782792833584,1,0,0,113.18
1782792833715,0,0,0,118.30
1782792833715,1,0,0,113.18
1782792833845,0,0,0,118.29
1782792833845,1,0,0,113.17
1782792833976,0,0,0,118.32
1782792833976,1,0,0,113.17
1782792834107,0,0,0,118.33
1782792834107,1,0,0,113.21
1782792834238,0,0,0,118.32
1782792834238,1,0,0,113.21
1782792834369,0,0,0,118.32
1782792834369,1,0,0,113.23
1782792834499,0,0,0,118.33
1782792834499,1,0,0,113.21
1782792834630,0,0,0,118.34
1782792834630,1,0,0,117.95
1782792834761,0,0,0,118.34
1782792834761,1,0,0,117.92
1782792834892,0,0,0,118.33
1782792834892,1,0,0,117.95
1782792835023,0,0,0,118.32
1782792835023,1,0,0,117.86
1782792835155,0,0,0,118.31
1782792835155,1,0,0,117.96
1782792835286,0,0,0,118.33
1782792835286,1,0,0,117.95
1782792835418,0,0,0,118.35
1782792835418,1,0,0,119.40
1782792835550,0,0,0,118.35
1782792835550,1,1,0,115.96
1782792835681,0,0,0,118.35
1782792835681,1,1,0,115.54
1782792835812,0,0,0,118.37
1782792835812,1,0,0,115.60
1782792835944,0,0,0,118.39
1782792835944,1,0,0,115.53
1782792836075,0,0,0,118.39
1782792836075,1,0,0,115.60
1782792836211,0,0,0,118.37
1782792836211,1,0,0,115.57
1782792836343,0,0,0,118.38
1782792836343,1,0,0,114.08
1782792836474,0,0,0,118.37
1782792836474,1,0,0,114.01
1782792836607,0,0,0,118.38
1782792836607,1,19,8,124.76
1782792836738,0,0,0,118.37
1782792836738,1,0,0,125.09
1782792836870,0,0,0,118.37
1782792836870,1,0,0,125.36
1782792837001,0,0,0,118.36
1782792837001,1,3,1,126.65
1782792837133,0,0,0,118.38
1782792837133,1,8,2,129.72
1782792837263,0,0,0,118.40
1782792837263,1,8,2,130.92
1782792837395,0,0,0,118.37
1782792837395,1,8,2,132.12
1782792837526,0,0,0,118.37
1782792837526,1,8,2,132.68
1782792837658,0,0,0,118.36
1782792837658,1,7,1,122.95
1782792837789,0,0,0,118.27
1782792837789,1,7,1,123.53
1782792837920,0,0,0,118.20
1782792837920,1,7,1,124.22
1782792838052,0,0,0,118.18
1782792838052,1,6,1,122.34
1782792838183,0,0,0,118.05
1782792838183,1,5,1,121.33
1782792838314,0,0,0,117.98
1782792838314,1,5,1,121.41
1782792838445,0,0,0,117.97
1782792838445,1,14,2,124.74
1782792838577,0,0,0,117.85
1782792838577,1,16,2,125.69
1782792838708,0,0,0,117.84
1782792838708,1,16,2,127.14
1782792838839,0,0,0,117.87
1782792838839,1,13,2,128.71
1782792838970,0,0,0,117.86
1782792838970,1,11,2,129.06
1782792839101,0,0,0,117.84
1782792839101,1,11,2,129.28
1782792839233,0,0,0,117.84
1782792839233,1,7,1,128.04
1782792839365,0,0,0,117.82
1782792839365,1,0,0,125.12
1782792839496,0,0,0,117.86
1782792839496,1,0,0,126.39
1782792839627,0,0,0,117.89
1782792839627,1,24,11,126.88
1782792839758,0,0,0,117.86
1782792839758,1,0,0,123.46
1782792839889,0,0,0,117.85
1782792839889,1,0,0,122.07
1782792840020,0,0,0,117.87
1782792840020,1,0,0,121.04
1782792840151,0,0,0,117.88
1782792840151,1,0,0,120.18
1782792840282,0,0,0,117.89
1782792840282,1,0,0,120.17
1782792840413,0,0,0,117.89
1782792840413,1,0,0,120.19
1782792840545,0,0,0,117.85
1782792840545,1,0,0,114.10
1782792840675,0,0,0,117.85
1782792840675,1,0,0,114.09
1782792840805,0,0,0,117.89
1782792840805,1,0,0,114.05
1782792840936,0,0,0,117.88
1782792840936,1,0,0,114.10
1782792841066,0,0,0,117.89
1782792841066,1,0,0,114.07
1782792841197,0,0,0,117.89
1782792841197,1,0,0,114.09
1782792841329,0,0,0,117.89
1782792841329,1,0,0,114.07
1782792841461,0,0,0,117.92
1782792841461,1,0,0,114.11
1782792841592,0,0,0,117.92
1782792841592,1,0,0,114.09
1782792841724,0,0,0,117.90
1782792841724,1,0,0,114.08
1782792841855,0,0,0,117.91
1782792841855,1,0,0,114.09
1782792841987,0,0,0,117.91
1782792841987,1,0,0,114.09
1782792842118,0,0,0,117.91
1782792842118,1,0,0,114.10
1782792842249,0,0,0,117.91
1782792842249,1,0,0,114.08
1782792842380,0,0,0,117.91
1782792842380,1,0,0,114.09
1782792842513,0,0,0,117.92
1782792842513,1,0,0,114.06
1782792842644,0,0,0,117.94
1782792842644,1,0,0,114.11
1782792842776,0,0,0,117.92
1782792842776,1,0,0,114.07
1782792842907,0,0,0,117.92
1782792842907,1,0,0,114.10
1782792843038,0,0,0,117.93
1782792843038,1,0,0,114.07
1782792843169,0,0,0,117.93
1782792843169,1,0,0,114.09
1782792843300,0,0,0,117.94
1782792843300,1,0,0,114.09
1782792843431,0,0,0,117.94
1782792843431,1,0,0,114.07
1782792843563,0,0,0,117.93
1782792843563,1,0,0,114.05
1782792843695,0,0,0,117.94
1782792843695,1,0,0,114.04
1782792843827,0,0,0,117.94
1782792843827,1,0,0,114.09
1782792843957,0,0,0,117.94
1782792843957,1,0,0,114.04
1782792844089,0,0,0,117.92
1782792844089,1,0,0,114.06
1782792844220,0,0,0,117.90
1782792844220,1,0,0,114.04
1782792844352,0,0,0,117.89
1782792844352,1,0,0,114.05
1782792844483,0,0,0,117.88
1782792844483,1,0,0,114.03
1782792844615,0,0,0,117.86
1782792844615,1,0,0,114.05
1782792844746,0,0,0,117.84
1782792844746,1,0,0,114.01
1782792844878,0,0,0,117.85
1782792844878,1,0,0,114.04
1782792845010,0,0,0,117.86
1782792845010,1,0,0,114.05
1782792845142,0,0,0,118.08
1782792845142,1,0,0,114.46
1782792845274,0,0,0,118.17
1782792845274,1,0,0,114.46
1782792845406,0,0,0,118.16
1782792845406,1,0,0,114.42
1782792845538,0,0,0,118.18
1782792845538,1,0,0,114.43
1782792845669,0,0,0,118.20
1782792845669,1,0,0,114.44
1782792845801,0,0,0,118.24
1782792845801,1,0,0,114.49
1782792845933,0,0,0,118.23
1782792845933,1,0,0,114.45
1782792846065,0,0,0,118.26
1782792846065,1,0,0,114.47
1782792846196,0,0,0,118.00
1782792846196,1,0,0,114.06
1782792846328,0,0,0,118.00
1782792846328,1,0,0,114.07
1782792846460,0,0,0,117.99
1782792846460,1,0,0,114.14
1782792846635,0,0,0,118.02
1782792846635,1,9,0,114.35
1782792846783,0,1,0,119.24
1782792846783,1,1,0,114.41
1782792846917,0,23,5,122.40
1782792846917,1,1,0,118.16
1782792847049,0,23,5,122.43
1782792847049,1,17,7,118.46
1782792847181,0,0,0,122.43
1782792847181,1,0,0,118.50
1782792847314,0,0,0,122.36
1782792847314,1,0,0,118.68
1782792847447,0,0,0,122.54
1782792847447,1,5,1,118.91
1782792847580,0,0,0,122.62
1782792847580,1,0,0,118.87
1782792847712,0,0,0,122.48
1782792847712,1,0,0,118.78
1782792847845,0,0,0,121.39
1782792847845,1,0,0,114.97
1782792847977,0,0,0,118.24
1782792847977,1,0,0,114.66
1782792848110,0,0,0,118.22
1782792848110,1,0,0,114.68
1782792848242,0,0,0,118.23
1782792848242,1,0,0,114.45
1782792848375,0,0,0,118.21
1782792848375,1,0,0,114.16
1782792848508,0,0,0,118.03
1782792848508,1,0,0,114.08
1782792848640,0,0,0,118.05
1782792848640,1,0,0,114.11
1782792848772,0,0,0,118.06
1782792848772,1,0,0,114.07
1782792848905,0,0,0,118.04
1782792848905,1,0,0,114.09
1782792849037,0,0,0,118.03
1782792849037,1,0,0,114.05
1782792849169,0,0,0,118.01
1782792849169,1,0,0,114.08
1782792849301,0,0,0,118.02
1782792849301,1,0,0,114.08
1782792849433,0,0,0,118.02
1782792849433,1,0,0,114.08
1782792849566,0,0,0,118.01
1782792849566,1,0,0,114.06
1782792849698,0,0,0,117.99
1782792849698,1,0,0,114.06
1782792849848,0,0,0,117.99
1782792849848,1,0,0,114.06
1782792849979,0,0,0,118.05
1782792849979,1,0,0,114.07
1782792850112,0,0,0,118.03
1782792850112,1,0,0,114.10
1782792850243,0,0,0,118.04
1782792850243,1,0,0,114.07
1782792850374,0,0,0,118.02
1782792850374,1,0,0,114.08
1782792850505,0,0,0,118.03
1782792850505,1,0,0,114.03
1782792850636,0,0,0,118.04
1782792850636,1,0,0,114.05
1782792850767,0,0,0,118.03
1782792850767,1,0,0,114.02
1782792850898,0,0,0,117.97
1782792850898,1,0,0,114.06
1782792851029,0,0,0,117.97
1782792851029,1,0,0,114.00
1782792851186,0,0,0,117.98
1782792851186,1,0,0,114.05
1782792851318,0,0,0,117.97
1782792851318,1,0,0,114.02
1782792851450,0,0,0,117.98
1782792851450,1,0,0,114.07
1782792851584,0,0,0,117.99
1782792851584,1,0,0,114.04
1782792851716,0,0,0,117.97
1782792851716,1,0,0,114.05
1782792851848,0,0,0,118.00
1782792851848,1,0,0,114.00
1782792851980,0,0,0,118.00
1782792851980,1,0,0,114.03
1782792852112,0,0,0,117.99
1782792852112,1,0,0,114.06
1782792852244,0,0,0,117.99
1782792852244,1,0,0,114.04
1782792852376,0,0,0,117.98
1782792852376,1,0,0,114.05
1782792852509,0,0,0,117.97
1782792852509,1,0,0,114.01
1782792852640,0,0,0,117.97
1782792852640,1,0,0,114.05
1782792852772,0,0,0,117.95
1782792852772,1,0,0,114.03
1782792852904,0,0,0,117.95
1782792852904,1,0,0,114.06
1782792853036,0,0,0,117.96
1782792853036,1,0,0,114.02
1782792853168,0,0,0,117.96
1782792853168,1,0,0,114.06
1782792853300,0,0,0,117.95
1782792853300,1,0,0,114.03
1782792853432,0,0,0,117.97
1782792853432,1,0,0,114.04
1782792853564,0,0,0,118.00
1782792853564,1,0,0,114.02
1782792853697,0,0,0,118.04
1782792853697,1,0,0,114.04
1782792853833,0,0,0,118.06
1782792853833,1,0,0,114.03
1782792853964,0,0,0,118.04
1782792853964,1,0,0,114.06
1782792854095,0,0,0,118.04
1782792854095,1,0,0,114.07
1782792854228,0,0,0,118.05
1782792854228,1,0,0,114.27
1782792854359,0,0,0,118.06
1782792854359,1,2,0,114.27
1782792854491,0,0,0,118.03
1782792854491,1,0,0,114.27
1782792854621,0,0,0,118.03
1782792854621,1,0,0,114.31
1782792854753,0,0,0,118.01
1782792854753,1,0,0,116.73
1782792854884,0,0,0,118.00
1782792854884,1,7,3,127.07
1782792855039,0,0,0,118.00
1782792855039,1,65,33,164.11
1782792855175,0,0,0,117.98
1782792855175,1,65,33,177.21
1782792855309,0,0,0,117.97
1782792855309,1,58,23,185.27
1782792855442,0,0,0,117.99
1782792855442,1,56,17,205.36
1782792855580,0,0,0,118.00
1782792855580,1,56,17,212.53
1782792855714,0,0,0,118.00
1782792855714,1,63,19,221.80
1782792855847,0,0,0,117.99
1782792855847,1,48,19,236.04
1782792855981,0,0,0,118.01
1782792855981,1,48,19,225.63
1782792856116,0,0,0,118.01
1782792856116,1,53,19,220.20
1782792856249,0,0,0,118.01
1782792856249,1,50,17,218.66
1782792856383,0,0,0,117.96
1782792856383,1,50,17,219.71
1782792856517,0,0,0,117.95
1782792856517,1,49,18,223.67
1782792856650,0,0,0,117.94
1782792856650,1,60,19,226.67
1782792856783,0,0,0,117.92
1782792856783,1,60,19,227.25
1782792856917,0,0,0,117.89
1782792856917,1,52,17,221.58
1782792857052,0,0,0,117.85
1782792857052,1,54,18,221.71
1782792857185,0,0,0,117.87
1782792857185,1,54,18,224.53
1782792857320,0,0,0,117.88
1782792857320,1,52,18,225.78
1782792857455,0,0,0,117.88
1782792857455,1,59,21,224.32
1782792857588,0,0,0,117.86
1782792857588,1,59,21,226.78
1782792857722,0,0,0,117.83
1782792857722,1,56,19,227.80
1782792857856,0,0,0,117.85
1782792857856,1,54,19,228.94
1782792857990,0,0,0,117.89
1782792857990,1,54,19,230.26
1782792858123,0,0,0,117.88
1782792858123,1,62,22,230.15
1782792858256,0,0,0,117.88
1782792858256,1,52,17,223.67
1782792858392,0,0,0,117.88
1782792858392,1,52,17,225.65
1782792858525,0,0,0,117.90
1782792858525,1,71,27,227.26
1782792858658,0,0,0,117.90
1782792858658,1,61,21,226.81
1782792858795,0,0,0,117.92
1782792858795,1,61,21,225.77
1782792858928,0,0,0,117.92
1782792858928,1,55,17,225.21
1782792859061,0,0,0,117.92
1782792859061,1,65,21,222.32
1782792859195,0,0,0,117.92
1782792859195,1,65,21,221.38
1782792859329,0,0,0,117.93
1782792859329,1,47,15,224.71
1782792859462,0,0,0,117.94
1782792859462,1,61,19,222.26
1782792859597,0,0,0,117.94
1782792859597,1,61,19,219.00
1782792859730,0,0,0,117.96
1782792859730,1,53,17,216.46
1782792859864,0,0,0,117.98
1782792859864,1,61,19,214.40
1782792859998,0,0,0,117.96
1782792859998,1,61,19,211.22
1782792860132,0,0,0,117.97
1782792860132,1,45,13,211.25
1782792860267,0,0,0,118.01
1782792860267,1,51,16,207.42
1782792860402,0,0,0,118.00
1782792860402,1,51,16,205.98
1782792860536,0,0,0,118.00
1782792860536,1,48,18,209.83
1782792860670,0,0,0,118.00
1782792860670,1,58,22,212.71
1782792860804,0,0,0,117.99
1782792860804,1,58,22,213.59
1782792860937,0,0,0,118.00
1782792860937,1,52,17,220.89
1782792861070,0,0,0,118.04
1782792861070,1,66,22,223.64
1782792861205,0,0,0,118.00
1782792861205,1,66,22,225.54
1782792861338,0,0,0,117.99
1782792861338,1,65,20,225.53
1782792861472,0,0,0,118.00
1782792861472,1,63,24,222.13
1782792861605,0,0,0,118.01
1782792861605,1,63,24,224.14
1782792861738,0,0,0,118.01
1782792861738,1,65,23,223.52
1782792861878,0,0,0,118.01
1782792861878,1,63,22,223.62
1782792862013,0,0,0,118.01
1782792862013,1,63,22,219.00
1782792862146,0,0,0,118.05
1782792862146,1,48,15,222.90
1782792862280,0,0,0,118.01
1782792862280,1,73,30,229.88
1782792862414,0,0,0,118.02
1782792862414,1,73,30,226.01
1782792862547,0,0,0,118.02
1782792862547,1,53,17,223.80
1782792862680,0,0,0,118.02
1782792862680,1,48,15,225.77
1782792862814,0,0,0,118.02
1782792862814,1,48,15,225.38
1782792862946,0,0,0,118.02
1782792862946,1,49,16,226.05
1782792863080,0,0,0,117.95
1782792863080,1,61,23,228.94
1782792863214,0,0,0,117.96
1782792863214,1,61,23,224.38
1782792863347,0,0,0,117.96
1782792863347,1,60,19,221.38
1782792863481,0,0,0,117.96
1782792863481,1,53,18,221.77
1782792863615,0,0,0,117.95
1782792863615,1,53,18,224.81
1782792863748,0,0,0,117.92
1782792863748,1,55,18,223.37
1782792863882,0,0,0,117.93
1782792863882,1,61,22,225.14
1782792864015,0,0,0,117.98
1782792864015,1,61,22,224.53
1782792864149,0,0,0,117.98
1782792864149,1,67,22,222.15
1782792864284,0,0,0,117.99
1782792864284,1,48,15,220.53
1782792864417,0,0,0,118.00
1782792864417,1,48,15,222.63
1782792864551,0,0,0,117.99
1782792864551,1,68,26,227.26
1782792864685,0,0,0,118.00
1782792864685,1,51,16,224.98
1782792864818,0,0,0,118.01
1782792864818,1,51,16,226.66
1782792864951,0,0,0,117.97
1782792864951,1,68,25,231.12
1782792865084,0,0,0,117.93
1782792865084,1,67,22,230.77
1782792865218,0,0,0,117.96
1782792865218,1,67,22,230.54
1782792865351,0,0,0,117.98
1782792865351,1,61,20,232.84
1782792865485,0,0,0,117.97
1782792865485,1,51,15,224.80
1782792865618,0,0,0,117.97
1782792865618,1,51,15,224.75
1782792865751,0,0,0,117.99
1782792865751,1,50,19,227.73
1782792865886,0,0,0,118.03
1782792865886,1,56,19,224.36
1782792866019,0,0,0,118.05
1782792866019,1,56,19,223.02
1782792866154,0,0,0,118.03
1782792866154,1,60,24,226.32
1782792866287,0,0,0,118.02
1782792866287,1,66,22,227.81
1782792866421,0,0,0,118.04
1782792866421,1,66,22,225.85
1782792866555,0,0,0,118.06
1782792866555,1,56,17,225.58
1782792866689,0,0,0,118.06
1782792866689,1,60,22,228.43
1782792866823,0,0,0,118.04
1782792866823,1,60,22,227.25
1782792866956,0,0,0,118.04
1782792866956,1,57,19,226.91
1782792867090,0,0,0,118.06
1782792867090,1,60,20,226.25
1782792867223,0,0,0,118.09
1782792867223,1,60,20,223.85
1782792867357,0,0,0,118.06
1782792867357,1,65,23,226.01
1782792867491,0,0,0,118.03
1782792867491,1,42,13,224.21
1782792867625,0,0,0,118.06
1782792867625,1,42,13,227.00
1782792867758,0,0,0,118.04
1782792867758,1,67,23,227.40
1782792867892,0,0,0,118.02
1782792867892,1,57,17,224.20
1782792868025,0,0,0,118.04
1782792868025,1,57,17,221.00
1782792868159,0,0,0,118.02
1782792868159,1,57,23,224.30
1782792868295,0,0,0,118.00
1782792868295,1,63,22,223.27
1782792868429,0,0,0,118.04
1782792868429,1,63,22,220.16
1782792868563,0,0,0,118.02
1782792868563,1,63,20,220.03
1782792868699,0,0,0,117.99
1782792868699,1,58,21,219.39
1782792868832,0,0,0,118.01
1782792868832,1,58,21,219.57
1782792868967,0,0,0,118.03
1782792868967,1,66,23,227.43
1782792869100,0,0,0,118.06
1782792869100,1,52,17,224.20
1782792869234,0,0,0,118.07
1782792869234,1,52,17,220.58
1782792869369,0,0,0,118.06
1782792869369,1,53,19,225.94
1782792869502,0,0,0,118.06
1782792869502,1,59,22,226.66
1782792869636,0,0,0,118.09
1782792869636,1,60,19,229.56
1782792869769,0,0,0,118.11
1782792869769,1,60,19,226.43
1782792869904,0,0,0,118.10
1782792869904,1,56,20,225.79
1782792870037,0,0,0,118.07
1782792870037,1,63,20,230.05
1782792870171,0,0,0,118.07
1782792870171,1,63,20,231.37
1782792870306,0,0,0,118.10
1782792870306,1,61,19,232.54
1782792870440,0,0,0,118.10
1782792870440,1,50,17,225.86
1782792870574,0,0,0,118.07
1782792870574,1,50,17,227.06
1782792870708,0,0,0,118.09
1782792870708,1,47,16,224.89
1782792870846,0,0,0,118.10
1782792870846,1,67,26,228.47
1782792870981,0,0,0,118.11
1782792870981,1,67,26,228.73
1782792871115,0,0,0,118.09
1782792871115,1,57,20,228.18
1782792871249,0,0,0,118.09
1782792871249,1,58,20,228.15
1782792871384,0,0,0,118.10
1782792871384,1,58,20,229.06
1782792871517,0,0,0,118.12
1782792871517,1,59,21,230.55
1782792871650,0,0,0,118.09
1782792871650,1,64,20,230.09
1782792871783,0,0,0,118.07
1782792871783,1,64,20,229.22
1782792871917,0,0,0,118.11
1782792871917,1,57,18,224.53
1782792872050,0,0,0,118.11
1782792872050,1,67,23,225.66
1782792872183,0,0,0,118.14
1782792872183,1,67,23,222.84
1782792872317,0,0,0,118.13
1782792872317,1,45,14,220.06
1782792872451,0,0,0,118.12
1782792872451,1,41,14,218.77
1782792872585,0,0,0,118.16
1782792872585,1,41,14,219.68
1782792872719,0,0,0,118.17
1782792872719,1,59,22,221.39
1782792872854,0,0,0,118.17
1782792872854,1,49,15,225.94
1782792872989,0,0,0,118.20
1782792872989,1,49,15,225.27
1782792873123,0,0,0,118.18
1782792873123,1,51,18,221.94
1782792873256,0,0,0,118.18
1782792873256,1,59,20,225.82
1782792873390,0,0,0,118.24
1782792873390,1,59,20,223.44
1782792873523,0,0,0,118.23
1782792873523,1,65,25,228.59
1782792873657,0,0,0,118.21
1782792873657,1,52,16,226.77
1782792873791,0,0,0,118.18
1782792873791,1,52,16,224.57
1782792873925,0,0,0,118.17
1782792873925,1,58,20,225.09
1782792874060,0,0,0,118.19
1782792874060,1,56,19,226.36
1782792874194,0,0,0,118.17
1782792874194,1,56,19,226.58
1782792874329,0,0,0,118.16
1782792874329,1,48,15,224.87
1782792874462,0,0,0,118.16
1782792874462,1,56,20,226.40
1782792874596,0,0,0,118.20
1782792874596,1,56,20,223.03
1782792874730,0,0,0,118.20
1782792874730,1,55,19,222.64
1782792874864,0,0,0,118.20
1782792874864,1,54,18,224.31
1782792874999,0,0,0,118.18
1782792874999,1,54,18,221.82
1782792875133,0,0,0,118.18
1782792875133,1,50,16,221.63
1782792875267,0,0,0,118.20
1782792875267,1,50,19,222.85
1782792875400,0,0,0,118.20
1782792875400,1,50,19,221.98
1782792875534,0,0,0,118.20
1782792875534,1,53,19,220.95
1782792875667,0,0,0,118.19
1782792875667,1,53,20,225.42
1782792875800,0,0,0,118.22
1782792875800,1,53,20,225.94
1782792875934,0,0,0,118.21
1782792875934,1,66,23,230.65
1782792876067,0,0,0,118.23
1782792876067,1,67,22,234.52
1782792876201,0,0,0,118.19
1782792876201,1,67,22,233.59
1782792876336,0,0,0,118.18
1782792876336,1,52,18,233.50
1782792876470,0,0,0,118.19
1782792876470,1,60,22,236.14
1782792876603,0,0,0,118.17
1782792876603,1,60,22,234.10
1782792876737,0,0,0,118.14
1782792876737,1,61,22,234.27
1782792876870,0,0,0,118.17
1782792876870,1,63,22,231.27
1782792877003,0,0,0,118.17
1782792877003,1,63,22,231.17
1782792877137,0,0,0,118.18
1782792877137,1,66,22,232.35
1782792877272,0,0,0,118.19
1782792877272,1,58,18,231.48
1782792877405,0,0,0,118.20
1782792877405,1,58,18,230.22
1782792877540,0,0,0,118.20
1782792877540,1,54,18,227.22
1782792877674,0,0,0,118.22
1782792877674,1,55,19,228.52
1782792877808,0,0,0,118.24
1782792877808,1,55,19,227.93
1782792877941,0,0,0,118.22
1782792877941,1,69,25,227.36
1782792878075,0,0,0,118.21
1782792878075,1,65,21,226.03
1782792878208,0,0,0,118.23
1782792878208,1,65,21,224.86
1782792878342,0,0,0,118.27
1782792878342,1,60,18,224.57
1782792878475,0,0,0,118.26
1782792878475,1,46,16,224.20
1782792878609,0,0,0,118.27
1782792878609,1,46,16,222.90
1782792878743,0,0,0,118.23
1782792878743,1,48,17,224.10
1782792878876,0,0,0,118.24
1782792878876,1,67,26,226.92
1782792879010,0,0,0,118.28
1782792879010,1,67,26,226.86
1782792879143,0,0,0,118.27
1782792879143,1,56,17,224.70
1782792879279,0,0,0,118.30
1782792879279,1,55,18,226.78
1782792879412,0,0,0,118.30
1782792879412,1,55,18,226.39
1782792879546,0,0,0,118.29
1782792879546,1,44,16,227.19
1782792879680,0,0,0,118.32
1782792879680,1,54,19,226.90
1782792879813,0,0,0,118.34
1782792879813,1,54,19,224.26
1782792879946,0,0,0,118.34
1782792879946,1,48,16,218.04
1782792880080,0,0,0,118.34
1782792880080,1,50,16,218.62
1782792880213,0,0,0,118.34
1782792880213,1,50,16,220.93
1782792880347,0,0,0,118.32
1782792880347,1,50,16,223.57
1782792880480,0,0,0,118.31
1782792880480,1,53,17,225.18
1782792880613,0,0,0,118.31
1782792880613,1,53,17,221.62
1782792880747,0,0,0,118.32
1782792880747,1,55,19,220.19
1782792880881,0,0,0,118.31
1782792880881,1,68,26,226.25
1782792881016,0,0,0,118.25
1782792881016,1,68,26,224.89
1782792881150,0,0,0,118.24
1782792881150,1,51,17,224.31
1782792881285,0,0,0,118.23
1782792881285,1,58,19,224.61
1782792881420,0,0,0,118.22
1782792881420,1,58,19,220.66
1782792881555,0,0,0,118.24
1782792881555,1,43,15,221.65
1782792881690,0,0,0,118.20
1782792881690,1,51,17,222.78
1782792881824,0,0,0,118.19
1782792881824,1,51,17,224.82
1782792881957,0,0,0,118.23
1782792881957,1,55,19,221.30
1782792882091,0,0,0,118.27
1782792882091,1,53,19,222.16
1782792882227,0,0,0,118.25
1782792882227,1,53,19,223.05
1782792882361,0,0,0,118.25
1782792882361,1,45,14,225.14
1782792882495,0,0,0,118.24
1782792882495,1,51,18,226.09
1782792882630,0,0,0,118.28
1782792882630,1,51,18,226.03
1782792882766,0,0,0,118.30
1782792882766,1,53,18,221.07
1782792882899,0,0,0,118.29
1782792882899,1,54,21,221.19
1782792883034,0,0,0,118.29
1782792883034,1,54,21,225.03
1782792883167,0,0,0,118.27
1782792883167,1,49,17,222.90
1782792883301,0,0,0,118.30
1782792883301,1,54,17,225.00
1782792883435,0,0,0,118.29
1782792883435,1,54,17,222.81
1782792883570,0,0,0,118.31
1782792883570,1,65,24,224.73
1782792883703,0,0,0,118.29
1782792883703,1,59,22,225.91
1782792883837,0,0,0,118.29
1782792883837,1,59,22,228.73
1782792883970,0,0,0,118.31
1782792883970,1,53,18,222.38
1782792884105,0,0,0,118.31
1782792884105,1,56,21,225.48
1782792884238,0,0,0,118.34
1782792884238,1,56,21,226.38
1782792884372,0,0,0,118.34
1782792884372,1,54,18,226.03
1782792884506,0,0,0,118.36
1782792884506,1,65,21,224.74
1782792884640,0,0,0,118.36
1782792884640,1,65,21,222.78
1782792884773,0,0,0,118.34
1782792884773,1,53,18,223.13
1782792884908,0,0,0,118.36
1782792884908,1,57,18,223.17
1782792885042,0,0,0,118.35
1782792885042,1,58,20,223.35
1782792885176,0,0,0,118.39
1782792885176,1,58,20,221.87
1782792885312,0,0,0,118.39
1782792885312,1,53,17,221.89
1782792885446,0,0,0,118.38
1782792885446,1,50,19,219.55
1782792885583,0,0,0,118.34
1782792885583,1,50,19,223.93
1782792885717,0,0,0,118.38
1782792885717,1,55,20,224.27
1782792885851,0,0,0,118.37
1782792885851,1,57,19,223.09
1782792885985,0,0,0,118.35
1782792885985,1,57,19,223.39
1782792886118,0,0,0,118.33
1782792886118,1,61,21,224.01
1782792886253,0,0,0,118.33
1782792886253,1,65,20,225.31
1782792886386,0,0,0,118.34
1782792886386,1,65,20,225.40
1782792886520,0,0,0,118.36
1782792886520,1,50,18,225.50
1782792886656,0,0,0,118.34
1782792886656,1,54,20,223.60
1782792886790,0,0,0,118.32
1782792886790,1,54,20,222.21
1782792886924,0,0,0,118.32
1782792886924,1,49,16,222.54
1782792887057,0,0,0,118.36
1782792887057,1,63,22,224.54
1782792887191,0,0,0,118.34
1782792887191,1,63,22,220.99
1782792887325,0,0,0,118.35
1782792887325,1,51,18,220.74
1782792887460,0,0,0,118.38
1782792887460,1,48,17,223.67
1782792887595,0,0,0,118.39
1782792887595,1,48,17,221.36
1782792887730,0,0,0,118.40
1782792887730,1,64,23,224.01
1782792887863,0,0,0,118.40
1782792887863,1,61,20,227.15
1782792887996,0,0,0,118.43
1782792887996,1,61,20,226.57
1782792888131,0,0,0,118.43
1782792888131,1,53,16,221.69
1782792888264,0,0,0,118.45
1782792888264,1,51,18,221.38
1782792888398,0,0,0,118.38
1782792888398,1,51,18,220.70
1782792888532,0,0,0,118.36
1782792888532,1,56,20,221.71
1782792888665,0,0,0,118.35
1782792888665,1,65,21,220.41
1782792888799,0,0,0,118.35
1782792888799,1,65,21,218.61
1782792888933,0,0,0,118.33
1782792888933,1,57,20,218.06
1782792889068,0,0,0,118.32
1782792889068,1,65,20,220.97
1782792889200,0,0,0,118.32
1782792889200,1,65,20,219.89
1782792889336,0,0,0,118.32
1782792889336,1,65,21,221.65
1782792889470,0,0,0,118.36
1782792889470,1,47,15,217.59
1782792889605,0,0,0,118.37
1782792889605,1,47,15,219.32
1782792889739,0,0,0,118.38
1782792889739,1,61,23,219.70
1782792889874,0,0,0,118.42
1782792889874,1,68,25,224.93
1782792890007,0,0,0,118.42
1782792890007,1,68,25,224.56
1782792890142,0,0,0,118.42
1782792890142,1,62,20,226.27
1782792890275,0,0,0,118.42
1782792890275,1,57,20,230.20
1782792890409,0,0,0,118.42
1782792890409,1,57,20,233.32
1782792890543,0,0,0,118.42
1782792890543,1,52,16,231.29
1782792890677,0,0,0,118.46
1782792890677,1,50,18,228.90
1782792890811,0,0,0,118.45
1782792890811,1,50,18,226.77
1782792890945,0,0,0,118.43
1782792890945,1,65,26,229.39
1782792891079,0,0,0,118.44
1782792891079,1,60,20,227.87
1782792891213,0,0,0,118.43
1782792891213,1,60,20,225.25
1782792891347,0,0,0,118.45
1782792891347,1,65,23,222.43
1782792891482,0,0,0,118.45
1782792891482,1,68,22,226.14
1782792891616,0,0,0,118.45
1782792891616,1,68,22,226.27
1782792891749,0,0,0,118.43
1782792891749,1,54,17,224.29
1782792891883,0,0,0,118.44
1782792891883,1,57,20,221.60
1782792892018,0,0,0,118.48
1782792892018,1,57,20,224.40
1782792892152,0,0,0,118.51
1782792892152,1,66,22,225.05
1782792892287,0,0,0,118.47
1782792892287,1,56,20,225.20
1782792892420,0,0,0,118.48
1782792892420,1,56,20,227.62
1782792892555,0,0,0,118.47
1782792892555,1,62,22,228.89
1782792892692,0,0,0,118.48
1782792892692,1,42,13,228.60
1782792892826,0,0,0,118.44
1782792892826,1,42,13,229.73
1782792892959,0,0,0,118.41
1782792892959,1,64,25,231.01
1782792893093,0,0,0,118.42
1782792893093,1,48,18,229.06
1782792893227,0,0,0,118.45
1782792893227,1,48,18,232.02
1782792893360,0,0,0,118.46
1782792893360,1,65,24,230.72
1782792893495,0,0,0,118.44
1782792893495,1,63,20,229.29
1782792893629,0,0,0,118.43
1782792893629,1,63,20,229.20
1782792893763,0,0,0,118.43
1782792893763,1,52,16,230.55
1782792893896,0,0,0,118.46
1782792893896,1,55,19,227.10
1782792894031,0,0,0,118.46
1782792894031,1,55,19,224.55
1782792894165,0,0,0,118.43
1782792894165,1,52,16,223.01
1782792894299,0,0,0,118.43
1782792894299,1,54,18,219.46
1782792894432,0,0,0,118.44
1782792894432,1,54,18,220.93
1782792894566,0,0,0,118.45
1782792894566,1,61,20,220.29
1782792894700,0,0,0,118.45
1782792894700,1,62,20,222.13
1782792894834,0,0,0,118.46
1782792894834,1,62,20,222.28
1782792894967,0,0,0,118.45
1782792894967,1,52,18,220.68
1782792895100,0,0,0,118.47
1782792895100,1,50,19,222.19
1782792895234,0,0,0,118.48
1782792895234,1,50,19,223.02
1782792895368,0,0,0,118.49
1782792895368,1,65,25,227.60
1782792895501,0,0,0,118.47
1782792895501,1,70,24,231.46
1782792895635,0,0,0,118.50
1782792895635,1,70,24,232.78
1782792895769,0,0,0,118.53
1782792895769,1,56,18,230.02
1782792895903,0,0,0,118.55
1782792895903,1,48,17,230.22
1782792896037,0,0,0,118.53
1782792896037,1,48,17,229.04
1782792896172,0,0,0,118.51
1782792896172,1,65,22,228.56
1782792896306,0,0,0,118.53
1782792896306,1,45,14,222.44
1782792896440,0,0,0,118.55
1782792896440,1,45,14,221.98
1782792896575,0,0,0,118.56
1782792896575,1,60,22,222.26
1782792896710,0,0,0,118.51
1782792896710,1,60,18,223.13
1782792896845,0,0,0,118.53
1782792896845,1,60,18,220.86
1782792896978,0,0,0,118.54
1782792896978,1,47,18,228.16
1782792897112,0,0,0,118.58
1782792897112,1,51,18,227.63
1782792897245,0,0,0,118.55
1782792897245,1,51,18,234.91
1782792897380,0,0,0,118.56
1782792897380,1,55,18,236.04
1782792897514,0,0,0,118.56
1782792897514,1,58,18,233.18
1782792897647,0,0,0,118.56
1782792897647,1,46,15,231.29
1782792897781,0,0,0,118.61
1782792897781,1,46,15,235.43
1782792897915,0,0,0,118.61
1782792897915,1,65,23,237.62
1782792898050,0,0,0,118.61
1782792898050,1,39,12,227.37
1782792898184,0,0,0,118.62
1782792898184,1,39,12,225.33
1782792898318,0,0,0,118.63
1782792898318,1,52,18,226.35
1782792898451,0,0,0,118.62
1782792898451,1,56,17,223.74
1782792898585,0,0,0,118.62
1782792898585,1,56,17,221.37
1782792898718,0,0,0,118.57
1782792898718,1,57,22,225.41
1782792898851,0,0,0,118.61
1782792898851,1,58,22,226.97
1782792898985,0,0,0,118.60
1782792898985,1,58,22,228.12
1782792899119,0,0,0,118.60
1782792899119,1,55,17,229.00
1782792899255,0,0,0,118.60
1782792899255,1,59,20,229.41
1782792899389,0,0,0,118.61
1782792899389,1,59,20,228.89
1782792899523,0,0,0,118.60
1782792899523,1,57,18,230.49
1782792899656,0,0,0,118.59
1782792899656,1,55,18,229.27
1782792899790,0,0,0,118.55
1782792899790,1,55,18,227.30
1782792899924,0,0,0,118.54
1782792899924,1,56,18,225.64
1782792900059,0,0,0,118.57
1782792900059,1,58,20,225.89
1782792900194,0,0,0,118.58
1782792900194,1,58,20,222.69
1782792900328,0,0,0,118.58
1782792900328,1,53,18,221.46
1782792900462,0,0,0,118.57
1782792900462,1,62,23,224.50
1782792900596,0,0,0,118.57
1782792900596,1,62,23,224.19
1782792900730,0,0,0,118.57
1782792900730,1,60,20,224.98
1782792900864,0,0,0,118.61
1782792900864,1,54,17,224.12
1782792900998,0,0,0,118.59
1782792900998,1,54,17,224.23
1782792901135,0,0,0,118.58
1782792901135,1,58,21,225.21
1782792901269,0,0,0,118.61
1782792901269,1,62,23,229.85
1782792901403,0,0,0,118.63
1782792901403,1,62,23,228.40
1782792901536,0,0,0,118.61
1782792901536,1,69,24,227.32
1782792901669,0,0,0,118.61
1782792901669,1,61,19,227.26
1782792901804,0,0,0,118.62
1782792901804,1,61,19,226.16
1782792901937,0,0,0,118.66
1782792901937,1,70,26,229.89
1782792902071,0,0,0,118.62
1782792902071,1,59,20,231.39
1782792902205,0,0,0,118.62
1782792902205,1,59,20,232.34
1782792902338,0,0,0,118.61
1782792902338,1,60,20,229.56
1782792902472,0,0,0,118.61
1782792902472,1,42,14,226.94
1782792902607,0,0,0,118.63
1782792902607,1,42,14,231.24
1782792902740,0,0,0,118.65
1782792902740,1,57,21,233.96
1782792902874,0,0,0,118.64
1782792902874,1,62,21,233.28
1782792903013,0,0,0,118.65
1782792903013,1,62,21,230.63
1782792903147,0,0,0,118.65
1782792903147,1,66,22,230.55
1782792903282,0,0,0,118.66
1782792903282,1,62,20,228.42
1782792903415,0,0,0,118.64
1782792903415,1,62,20,228.69
1782792903548,0,0,0,118.65
1782792903548,1,61,22,230.65
1782792903681,0,0,0,118.64
1782792903681,1,54,18,228.98
1782792903816,0,0,0,118.62
1782792903816,1,54,18,231.10
1782792903950,0,0,0,118.63
1782792903950,1,69,22,229.83
1782792904084,0,0,0,118.63
1782792904084,1,54,17,227.02
1782792904217,0,0,0,118.64
1782792904217,1,54,17,229.98
1782792904351,0,0,0,118.64
1782792904351,1,61,22,235.12
1782792904486,0,0,0,118.67
1782792904486,1,53,17,231.36
1782792904620,0,0,0,118.66
1782792904620,1,53,17,229.48
1782792904753,0,0,0,118.67
1782792904753,1,58,22,230.08
1782792904886,0,0,0,118.66
1782792904886,1,56,20,229.08
1782792905020,0,0,0,118.69
1782792905020,1,56,20,231.52
1782792905155,0,0,0,118.69
1782792905155,1,65,23,234.46
1782792905288,0,0,0,118.68
1782792905288,1,53,18,232.12
1782792905422,0,0,0,118.67
1782792905422,1,53,18,232.30
1782792905556,0,0,0,118.66
1782792905556,1,57,19,233.02
1782792905690,0,0,0,118.69
1782792905690,1,55,19,231.48
1782792905824,0,0,0,118.70
1782792905824,1,55,19,232.75
1782792905959,0,0,0,118.68
1782792905959,1,50,17,231.42
1782792906094,0,0,0,118.66
1782792906094,1,63,23,229.61
1782792906227,0,0,0,118.66
1782792906227,1,63,23,227.91
1782792906361,0,0,0,118.68
1782792906361,1,65,22,229.59
1782792906496,0,0,0,118.66
1782792906496,1,58,18,227.52
1782792906630,0,0,0,118.64
1782792906630,1,58,18,228.37
1782792906764,0,0,0,118.62
1782792906764,1,49,17,223.84
1782792906898,0,0,0,118.61
1782792906898,1,60,24,227.68
1782792907032,0,0,0,118.61
1782792907032,1,60,24,227.66
1782792907166,0,0,0,118.63
1782792907166,1,64,23,228.24
1782792907299,0,0,0,118.59
1782792907299,1,49,15,224.30
1782792907433,0,0,0,118.59
1782792907433,1,49,15,223.93
1782792907567,0,0,0,118.62
1782792907567,1,50,17,224.90
1782792907702,0,0,0,118.64
1782792907702,1,62,20,225.78
1782792907835,0,0,0,118.63
1782792907835,1,62,20,226.43
1782792907969,0,0,0,118.64
1782792907969,1,58,20,224.33
1782792908104,0,0,0,118.68
1782792908104,1,52,16,221.74
1782792908239,0,0,0,118.68
1782792908239,1,52,16,221.00
1782792908373,0,0,0,118.68
1782792908373,1,68,26,227.38
1782792908508,0,0,0,118.67
1782792908508,1,58,18,226.30
1782792908642,0,0,0,118.69
1782792908642,1,58,18,223.42
1782792908776,0,0,0,118.69
1782792908776,1,60,21,224.47
1782792908911,0,0,0,118.73
1782792908911,1,59,21,224.86
1782792909044,0,0,0,118.76
1782792909044,1,59,21,222.75
1782792909179,0,0,0,118.75
1782792909179,1,62,21,225.57
1782792909313,0,0,0,118.72
1782792909313,1,49,16,219.37
1782792909446,0,0,0,118.75
1782792909446,1,49,16,219.55
1782792909581,0,0,0,118.75
1782792909581,1,60,20,225.09
1782792909716,0,0,0,118.74
1782792909716,1,53,18,224.74
1782792909849,0,0,0,118.76
1782792909849,1,53,18,226.27
1782792909982,0,0,0,118.74
1782792909982,1,63,22,227.86
1782792910117,0,0,0,118.71
1782792910117,1,58,18,224.35
1782792910251,0,0,0,118.74
1782792910251,1,62,22,225.74
1782792910385,0,0,0,118.75
1782792910385,1,62,22,224.79
1782792910519,0,0,0,118.72
1782792910519,1,51,19,224.56
1782792910653,0,0,0,118.72
1782792910653,1,53,18,222.40
1782792910786,0,0,0,118.74
1782792910786,1,53,18,219.46
1782792910920,0,0,0,118.74
1782792910920,1,57,19,218.81
1782792911055,0,0,0,118.74
1782792911055,1,54,18,219.13
1782792911192,0,0,0,118.71
1782792911192,1,54,18,220.63
1782792911326,0,0,0,118.71
1782792911326,1,57,21,221.49
1782792911460,0,0,0,118.73
1782792911460,1,65,23,223.64
1782792911594,0,0,0,118.72
1782792911594,1,65,23,223.50
1782792911730,0,0,0,118.71
1782792911730,1,53,17,221.77
1782792911864,0,0,0,118.71
1782792911864,1,54,19,223.66
1782792911998,0,0,0,118.67
1782792911998,1,54,19,226.86
1782792912132,0,0,0,118.69
1782792912132,1,56,18,225.19
1782792912267,0,0,0,118.69
1782792912267,1,54,17,224.00
1782792912401,0,0,0,118.67
1782792912401,1,54,17,224.25
1782792912535,0,0,0,118.68
1782792912535,1,45,16,221.59
1782792912669,0,0,0,118.69
1782792912669,1,59,19,228.88
1782792912803,0,0,0,118.69
1782792912803,1,59,19,226.29
1782792912937,0,0,0,118.67
1782792912937,1,53,17,226.04
1782792913071,0,0,0,118.67
1782792913071,1,67,25,229.48
1782792913206,0,0,0,118.69
1782792913206,1,67,25,230.82
1782792913339,0,0,0,118.72
1782792913339,1,52,17,230.86
1782792913474,0,0,0,118.74
1782792913474,1,50,17,228.80
1782792913607,0,0,0,118.69
1782792913607,1,50,17,228.38
1782792913742,0,0,0,118.64
1782792913742,1,58,20,228.61
1782792913877,0,0,0,118.66
1782792913877,1,53,16,228.81
1782792914010,0,0,0,118.72
1782792914010,1,53,16,229.92
1782792914144,0,0,0,118.72
1782792914144,1,62,21,228.26
1782792914277,0,0,0,118.69
1782792914277,1,47,14,225.01
1782792914411,0,0,0,118.67
1782792914411,1,47,14,227.83
1782792914545,0,0,0,118.66
1782792914545,1,53,19,230.13
1782792914680,0,0,0,118.71
1782792914680,1,57,18,226.75
1782792914813,0,0,0,118.72
1782792914813,1,57,18,224.90
1782792914947,0,0,0,118.71
1782792914947,1,51,17,226.14
1782792915081,0,0,0,118.72
1782792915081,1,56,19,223.59
1782792915215,0,0,0,118.75
1782792915215,1,56,19,225.66
1782792915348,0,0,0,118.73
1782792915348,1,61,21,228.75
1782792915482,0,0,0,118.76
1782792915482,1,53,16,225.68
1782792915616,0,0,0,118.76
1782792915616,1,53,16,223.94
1782792915751,0,0,0,118.77
1782792915751,1,57,20,225.58
1782792915884,0,0,0,118.79
1782792915884,1,66,22,229.36
1782792916019,0,3,0,118.78
1782792916019,1,66,22,228.49
1782792916153,0,3,0,118.77
1782792916153,1,50,17,229.12
1782792916287,0,1,0,118.81
1782792916287,1,66,22,232.71
1782792916422,0,2,0,125.26
1782792916422,1,66,22,229.46
1782792916557,0,2,0,135.53
1782792916557,1,51,16,230.24
1782792916691,0,4,2,135.77
1782792916691,1,62,23,232.51
1782792916825,0,0,0,136.09
1782792916825,1,62,23,230.50
1782792916960,0,0,0,136.69
1782792916960,1,66,20,227.42
1782792917093,0,0,0,137.11
1782792917093,1,50,16,225.91
1782792917226,0,0,0,137.96
1782792917226,1,50,16,219.05
1782792917361,0,0,0,138.34
1782792917361,1,63,23,222.85
1782792917496,0,5,0,121.97
1782792917496,1,55,17,223.53
1782792917629,0,0,0,121.75
1782792917629,1,55,17,220.86
1782792917764,0,0,0,140.99
1782792917764,1,55,19,222.27
1782792917899,0,73,44,160.75
1782792917899,1,58,20,223.99
1782792918032,0,0,0,159.72
1782792918032,1,58,20,227.11
1782792918165,0,0,0,159.46
1782792918165,1,68,23,232.00
1782792918300,0,0,0,158.05
1782792918300,1,66,22,233.26
1782792918434,0,0,0,158.50
1782792918434,1,66,22,231.34
1782792918570,0,0,0,174.16
1782792918570,1,41,13,233.32
1782792918705,0,52,31,203.33
1782792918705,1,62,21,232.96
1782792918844,0,40,29,185.22
1782792918844,1,62,21,228.98
1782792918977,0,40,29,184.41
1782792918977,1,66,25,229.86
1782792919111,0,0,0,184.66
1782792919111,1,56,19,227.59
1782792919246,0,10,6,201.59
1782792919246,1,56,19,228.75
1782792919384,0,10,6,224.03
1782792919384,1,59,21,228.37
1782792919522,0,80,59,251.01
1782792919522,1,65,22,233.50
1782792919656,0,7,5,245.96
1782792919656,1,46,14,224.84
1782792919792,0,7,5,272.86
1782792919792,1,46,14,227.02
1782792919929,0,85,62,286.19
1782792919929,1,62,24,227.79
1782792920064,0,0,0,283.08
1782792920064,1,57,20,229.18
1782792920198,0,1,1,285.81
1782792920198,1,57,20,230.13
1782792920334,0,1,1,289.66
1782792920334,1,56,18,228.07
1782792920472,0,73,54,294.36
1782792920472,1,56,18,227.92
1782792920606,0,22,13,297.94
1782792920606,1,56,18,226.63
1782792920743,0,22,13,307.93
1782792920743,1,57,19,228.46
1782792920881,0,67,46,299.85
1782792920881,1,58,20,226.07
1782792921021,0,70,55,331.12
1782792921021,1,58,20,220.60
1782792921155,0,70,55,327.00
1782792921155,1,67,24,222.39
1782792921290,0,2,0,321.40
1782792921290,1,53,17,220.65
1782792921425,0,52,33,304.35
1782792921425,1,53,17,222.14
1782792921563,0,52,33,306.73
1782792921563,1,57,19,226.65
1782792921699,0,34,22,307.65
1782792921699,1,57,18,226.60
1782792921835,0,71,51,312.21
1782792921835,1,57,18,227.27
1782792921969,0,71,51,292.15
1782792921969,1,50,16,228.46
1782792922107,0,20,12,325.03
1782792922107,1,46,15,223.62
1782792922243,0,87,59,360.28
1782792922243,1,46,15,226.20
1782792922377,0,87,59,344.11
1782792922377,1,58,22,231.07
1782792922514,0,0,0,285.91
1782792922514,1,62,20,229.27
1782792922649,0,41,26,306.86
1782792922649,1,62,20,228.02
1782792922786,0,41,26,318.18
1782792922786,1,61,19,227.29
1782792922921,0,90,61,308.38
1782792922921,1,45,15,226.67
1782792923057,0,57,36,314.91
1782792923057,1,68,27,231.04
1782792923194,0,57,36,318.98
1782792923194,1,68,27,231.23
1782792923328,0,91,63,323.87
1782792923328,1,68,23,231.49
1782792923464,0,57,36,353.95
1782792923464,1,56,17,226.40
1782792923601,0,82,62,371.17
1782792923601,1,56,17,225.94
1782792923735,0,82,62,336.20
1782792923735,1,59,21,226.32
1782792923870,0,1,0,309.99
1782792923870,1,62,21,229.61
1782792924006,0,69,49,328.35
1782792924006,1,62,21,228.62
1782792924144,0,69,49,315.52
1782792924144,1,49,17,223.85
1782792924281,0,20,12,308.39
1782792924281,1,49,18,219.50
1782792924418,0,90,63,321.45
1782792924418,1,49,18,218.96
1782792924552,0,90,63,299.25
1782792924552,1,67,25,223.57
1782792924689,0,53,31,310.79
1782792924689,1,51,17,224.91
1782792924826,0,61,41,360.37
1782792924826,1,51,17,225.70
1782792924962,0,61,41,363.40
1782792924962,1,56,19,229.84
1782792925098,0,80,56,363.00
1782792925098,1,66,22,231.67
1782792925233,0,12,12,352.00
1782792925233,1,66,22,230.97
1782792925368,0,12,12,323.95
1782792925368,1,63,22,230.42
1782792925502,0,36,24,346.12
1782792925502,1,54,19,229.14
1782792925639,0,91,65,349.70
1782792925639,1,54,19,229.77
1782792925774,0,91,65,335.80
1782792925774,1,54,17,231.81
1782792925913,0,63,37,362.82
1782792925913,1,53,16,228.86
1782792926050,0,80,56,343.97
1782792926050,1,53,16,227.30
1782792926185,0,80,56,347.00
1782792926185,1,57,19,228.53
1782792926323,0,71,51,410.31
1782792926323,1,60,20,228.50
1782792926457,0,51,36,398.50
1782792926457,1,59,21,228.18
1782792926594,0,51,36,392.10
1782792926594,1,59,21,227.72
1782792926733,0,76,59,402.27
1782792926733,1,55,17,226.09
1782792926868,0,31,27,373.57
1782792926868,1,54,18,226.21
1782792927002,0,1,1,331.99
1782792927002,1,54,18,225.59
1782792927138,0,1,1,338.09
1782792927138,1,58,19,224.04
1782792927275,0,91,70,347.05
1782792927275,1,50,18,223.87
1782792927412,0,59,37,353.56
1782792927412,1,50,18,223.38
1782792927550,0,59,37,361.97
1782792927550,1,54,18,222.45
1782792927685,0,92,63,350.40
1782792927685,1,49,15,222.07
1782792927820,0,0,0,325.02
1782792927820,1,49,15,225.70
1782792927954,0,0,0,321.12
1782792927954,1,52,17,224.88
1782792928088,0,0,0,315.69
1782792928088,1,58,21,224.39
1782792928224,0,33,21,273.59
1782792928224,1,58,21,224.70
1782792928361,0,33,21,289.26
1782792928361,1,58,18,222.22
1782792928496,0,92,64,278.63
1782792928496,1,56,18,222.15
1782792928635,0,84,63,292.17
1782792928635,1,56,18,220.16
1782792928773,0,84,63,315.41
1782792928773,1,60,19,216.79
1782792928909,0,51,34,381.08
1782792928909,1,53,18,216.10
1782792929047,0,91,63,412.68
1782792929047,1,53,18,217.73
1782792929183,0,91,63,433.54
1782792929183,1,57,20,217.75
1782792929321,0,74,53,439.03
1782792929321,1,62,20,219.19
1782792929456,0,63,43,429.50
1782792929456,1,44,14,216.07
1782792929594,0,63,43,433.69
1782792929594,1,44,14,216.40
1782792929731,0,92,67,423.00
1782792929731,1,66,26,221.69
1782792929872,0,66,43,432.52
1782792929872,1,61,20,224.93
1782792930009,0,78,53,421.99
1782792930009,1,61,20,222.40
1782792930147,0,78,53,430.47
1782792930147,1,60,22,223.96
1782792930285,0,85,66,434.78
1782792930285,1,54,19,224.12
1782792930421,0,54,33,433.90
1782792930421,1,54,19,226.37
1782792930557,0,54,33,435.14
1782792930557,1,59,21,230.10
1782792930694,0,93,61,427.38
1782792930694,1,49,16,224.13
1782792930829,0,0,0,372.55
1782792930829,1,49,16,223.13
1782792930962,0,0,0,347.33
1782792930962,1,50,18,227.90
1782792931103,0,58,36,357.81
1782792931103,1,64,23,228.35
1782792931240,0,90,62,349.65
1782792931240,1,64,23,227.60
1782792931376,0,90,62,358.17
1782792931376,1,67,23,228.78
1782792931514,0,86,65,352.95
1782792931514,1,54,17,225.74
1782792931650,0,48,31,355.92
1782792931650,1,54,17,224.21
1782792931787,0,48,31,384.53
1782792931787,1,44,17,229.90
1782792931921,0,93,64,442.07
1782792931921,1,55,20,231.30
1782792932058,0,80,59,443.42
1782792932058,1,52,16,227.35
1782792932194,0,80,59,441.90
1782792932194,1,52,16,227.66
1782792932330,0,62,42,444.01
1782792932330,1,55,21,226.51
1782792932467,0,92,64,442.72
1782792932467,1,62,20,235.26
1782792932603,0,69,49,442.19
1782792932603,1,62,20,235.88
1782792932742,0,69,49,446.68
1782792932742,1,59,21,238.34
1782792932877,0,68,47,438.37
1782792932877,1,53,17,228.99
1782792933014,0,95,70,449.63
1782792933014,1,53,17,229.88
1782792933150,0,95,70,438.18
1782792933150,1,65,22,233.51
1782792933287,0,62,37,444.40
1782792933287,1,54,19,234.60
1782792933424,0,87,57,436.62
1782792933424,1,54,19,232.37
1782792933561,0,87,57,447.99
1782792933561,1,68,22,233.82
1782792933699,0,86,67,435.87
1782792933699,1,50,17,233.05
1782792933843,0,53,33,443.14
1782792933843,1,50,17,237.25
1782792933981,0,53,33,442.17
1782792933981,1,60,21,234.96
1782792934116,0,92,64,413.21
1782792934116,1,41,13,229.86
1782792934250,0,0,0,380.46
1782792934250,1,41,13,229.61
1782792934387,0,0,0,360.01
1782792934387,1,67,25,230.61
1782792934526,0,60,36,362.82
1782792934526,1,58,19,229.84
1782792934662,0,88,62,347.60
1782792934662,1,59,18,226.71
1782792934799,0,75,55,352.85
1782792934799,1,59,18,222.69
1782792934937,0,75,55,352.31
1782792934937,1,54,17,220.85
1782792935071,0,42,29,332.49
1782792935071,1,54,20,226.54
1782792935215,0,80,61,394.95
1782792935215,1,54,20,227.39
1782792935352,0,80,61,407.36
1782792935352,1,52,18,223.20
1782792935489,0,30,20,406.98
1782792935489,1,55,18,224.80
1782792935626,0,91,67,420.92
1782792935626,1,55,18,223.07
1782792935763,0,91,67,398.26
1782792935763,1,53,20,230.44
1782792935897,0,0,0,367.66
1782792935897,1,66,24,233.01
1782792936033,0,32,20,343.48
1782792936033,1,66,24,233.93
1782792936170,0,32,20,347.52
1782792936170,1,57,18,231.51
1782792936303,0,88,60,325.03
1782792936303,1,68,25,234.69
1782792936444,0,65,46,333.15
1782792936444,1,68,25,232.67
1782792936581,0,65,46,326.96
1782792936581,1,45,13,234.71
1782792936717,0,33,21,322.51
1782792936717,1,48,16,231.24
1782792936853,0,84,61,347.93
1782792936853,1,48,16,228.85
1782792936987,0,84,61,361.75
1782792936987,1,55,18,223.62
1782792937129,0,40,25,367.04
1782792937129,1,41,14,222.13
1782792937266,0,81,56,361.95
1782792937266,1,53,17,218.52
1782792937401,0,0,0,318.63
1782792937401,1,53,17,220.18
1782792937536,0,0,0,302.05
1782792937536,1,57,18,222.58
1782792937670,0,59,35,319.21
1782792937670,1,56,17,219.08
1782792937808,0,84,56,310.44
1782792937808,1,56,17,218.16
1782792937944,0,84,56,323.94
1782792937944,1,56,18,217.89
1782792938083,0,58,39,323.55
1782792938083,1,41,14,218.96
1782792938220,0,56,38,310.41
1782792938220,1,41,14,220.00
1782792938356,0,56,38,343.65
1782792938356,1,57,20,223.38
1782792938493,0,76,55,379.44
1782792938493,1,66,21,222.00
1782792938627,0,29,25,368.82
1782792938627,1,66,21,221.51
1782792938762,0,29,25,331.33
1782792938762,1,46,15,223.47
1782792938899,0,5,2,320.93
1782792938899,1,52,19,226.21
1782792939035,0,92,68,338.77
1782792939035,1,52,19,228.37
1782792939169,0,92,68,315.18
1782792939169,1,50,17,227.49
1782792939308,0,43,26,332.79
1782792939308,1,51,18,226.11
1782792939445,0,83,55,316.90
1782792939445,1,51,18,224.68
1782792939582,0,83,55,309.84
1782792939582,1,57,21,228.70
1782792939720,0,64,43,369.40
1782792939720,1,64,23,228.78
1782792939854,0,44,35,359.61
1782792939854,1,64,23,230.94
1782792939988,0,44,35,330.10
1782792939988,1,47,15,228.63
1782792940122,0,3,0,286.49
1782792940122,1,52,18,227.62
1782792940257,0,0,0,261.56
1782792940257,1,52,18,227.56
1782792940390,0,0,0,230.09
1782792940390,1,62,23,229.44
1782792940524,0,0,0,195.70
1782792940524,1,52,21,230.78
1782792940662,0,48,32,193.30
1782792940662,1,63,20,231.91
1782792940800,0,48,32,199.73
1782792940800,1,63,20,230.64
1782792940935,0,93,66,233.23
1782792940935,1,55,20,233.37
1782792941071,0,39,26,259.99
1782792941071,1,66,21,234.96
1782792941210,0,91,65,329.43
1782792941210,1,66,21,233.63
1782792941346,0,91,65,329.82
1782792941346,1,66,23,233.22
1782792941480,0,0,0,329.91
1782792941480,1,56,19,227.41
1782792941614,0,3,2,315.58
1782792941614,1,56,19,225.77
1782792941750,0,3,2,302.52
1782792941750,1,64,24,227.61
1782792941887,0,65,46,300.06
1782792941887,1,55,19,229.52
1782792942020,0,3,0,294.96
1782792942020,1,55,19,227.29
1782792942156,0,3,0,289.68
1782792942156,1,57,19,227.12
1782792942294,0,71,50,285.32
1782792942294,1,59,19,227.79
1782792942429,0,17,17,294.55
1782792942429,1,59,19,232.36
1782792942565,0,17,17,291.18
1782792942565,1,51,16,229.51
1782792942698,0,3,0,282.60
1782792942698,1,65,26,230.61
1782792942835,0,61,38,282.39
1782792942835,1,65,26,229.17
1782792942970,0,61,38,276.11
1782792942970,1,62,19,224.87
1782792943105,0,3,0,268.47
1782792943105,1,52,19,225.45
1782792943240,0,58,37,260.99
1782792943240,1,52,19,225.28
1782792943377,0,58,37,254.88
1782792943377,1,61,20,226.18
1782792943512,0,10,10,254.82
1782792943512,1,51,16,225.74
1782792943648,0,0,0,250.30
1782792943648,1,51,16,224.20
1782792943782,0,0,0,226.59
1782792943782,1,60,24,225.24
1782792943917,0,0,0,190.78
1782792943917,1,59,20,227.79
1782792944052,0,0,0,182.54
1782792944052,1,59,20,227.91
1782792944188,0,0,0,159.28
1782792944188,1,46,14,221.61
1782792944324,0,0,0,124.12
1782792944324,1,45,17,221.55
1782792944459,0,0,0,123.90
1782792944459,1,45,17,224.33
1782792944593,0,0,0,123.87
1782792944593,1,54,18,228.66
1782792944728,0,0,0,123.71
1782792944728,1,56,18,224.18
1782792944862,0,0,0,123.65
1782792944862,1,56,18,222.69
1782792944997,0,0,0,123.61
1782792944997,1,66,24,226.10
1782792945130,0,0,0,123.53
1782792945130,1,63,20,227.62
1782792945264,0,0,0,123.49
1782792945264,1,63,20,225.47
1782792945398,0,0,0,123.45
1782792945398,1,51,16,224.03
1782792945532,0,0,0,123.41
1782792945532,1,42,14,221.46
1782792945670,0,0,0,123.38
1782792945670,1,60,21,224.89
1782792945804,0,0,0,123.35
1782792945804,1,60,21,222.03
1782792945939,0,0,0,123.34
1782792945939,1,46,16,220.93
1782792946073,0,0,0,123.31
1782792946073,1,56,21,221.19
1782792946208,0,0,0,123.28
1782792946208,1,56,21,224.87
1782792946344,0,0,0,123.27
1782792946344,1,54,20,227.04
1782792946477,0,0,0,123.24
1782792946477,1,52,17,225.94
1782792946612,0,0,0,123.24
1782792946612,1,52,17,222.53
1782792946747,0,0,0,123.21
1782792946747,1,51,17,222.71
1782792946884,0,0,0,123.18
1782792946884,1,52,17,224.88
1782792947018,0,0,0,123.18
1782792947018,1,52,17,225.81
1782792947152,0,0,0,123.14
1782792947152,1,59,21,226.96
1782792947286,0,0,0,123.15
1782792947286,1,59,21,225.24
1782792947420,0,0,0,123.13
1782792947420,1,59,21,223.82
1782792947554,0,0,0,123.11
1782792947554,1,52,16,224.28
1782792947688,0,0,0,123.08
1782792947688,1,64,25,226.92
1782792947823,0,0,0,123.06
1782792947823,1,64,25,227.06
1782792947957,0,0,0,123.05
1782792947957,1,50,16,225.04
1782792948092,0,0,0,123.03
1782792948092,1,37,12,222.07
1782792948226,0,0,0,122.96
1782792948226,1,37,12,228.02
1782792948359,0,0,0,122.92
1782792948359,1,52,18,225.49
1782792948496,0,0,0,122.91
1782792948496,1,64,23,231.23
1782792948629,0,0,0,122.89
1782792948629,1,64,23,231.41
1782792948765,0,0,0,122.89
1782792948765,1,62,19,227.53
1782792948899,0,0,0,122.90
1782792948899,1,73,28,232.85
1782792949033,0,0,0,122.83
1782792949033,1,73,28,231.94
1782792949167,0,0,0,122.84
1782792949167,1,60,20,229.95
1782792949305,0,0,0,122.83
1782792949305,1,52,17,230.85
1782792949439,0,0,0,122.81
1782792949439,1,52,17,231.85
1782792949573,0,0,0,122.81
1782792949573,1,60,21,229.79
1782792949707,0,0,0,122.78
1782792949707,1,62,19,229.44
1782792949840,0,0,0,122.75
1782792949840,1,62,19,231.52
1782792949974,0,0,0,122.74
1782792949974,1,58,18,225.63
1782792950108,0,0,0,122.73
1782792950108,1,58,22,226.37
1782792950242,0,0,0,122.71
1782792950242,1,58,22,225.39
1782792950374,0,0,0,122.71
1782792950374,1,66,24,226.95
1782792950509,0,0,0,122.68
1782792950509,1,50,15,224.43
1782792950642,0,0,0,122.65
1782792950642,1,50,15,227.46
1782792950776,0,0,0,122.64
1782792950776,1,70,27,232.08
1782792950910,0,0,0,122.64
1782792950910,1,69,22,231.90
1782792951044,0,0,0,122.61
1782792951044,1,69,22,232.90
1782792951178,0,0,0,122.62
1782792951178,1,55,18,230.47
1782792951312,0,0,0,122.61
1782792951312,1,63,23,230.42
1782792951448,0,0,0,122.60
1782792951448,1,63,23,227.54
1782792951582,0,0,0,122.60
1782792951582,1,53,18,231.20
1782792951717,0,0,0,122.61
1782792951717,1,66,24,226.55
1782792951851,0,0,0,122.60
1782792951851,1,66,24,225.97
1782792951985,0,0,0,122.60
1782792951985,1,49,15,226.08
1782792952120,0,0,0,122.57
1782792952120,1,55,20,228.54
1782792952254,0,0,0,122.56
1782792952254,1,55,20,229.40
1782792952389,0,0,0,122.54
1782792952389,1,56,19,227.34
1782792952523,0,0,0,122.53
1782792952523,1,52,18,226.10
1782792952657,0,0,0,122.51
1782792952657,1,52,18,226.20
1782792952792,0,0,0,122.47
1782792952792,1,50,16,226.84
1782792952926,0,0,0,122.46
1782792952926,1,57,21,229.69
1782792953060,0,0,0,122.43
1782792953060,1,57,21,231.43
1782792953194,0,0,0,122.42
1782792953194,1,63,20,227.29
1782792953327,0,0,0,122.39
1782792953327,1,58,19,227.29
1782792953461,0,0,0,122.36
1782792953461,1,58,19,230.17
1782792953595,0,0,0,122.36
1782792953595,1,53,19,225.85
1782792953729,0,0,0,122.37
1782792953729,1,51,18,227.74
1782792953863,0,0,0,122.37
1782792953863,1,51,18,226.74
1782792953997,0,0,0,122.35
1782792953997,1,51,16,219.91
1782792954131,0,0,0,122.32
1782792954131,1,57,19,220.40
1782792954265,0,0,0,122.33
1782792954265,1,57,19,221.90
1782792954400,0,0,0,122.33
1782792954400,1,60,20,221.70
1782792954535,0,0,0,122.32
1782792954535,1,61,22,222.64
1782792954670,0,0,0,122.32
1782792954670,1,58,20,226.19
1782792954803,0,0,0,122.29
1782792954803,1,58,20,225.43
1782792954939,0,0,0,122.28
1782792954939,1,65,21,228.30
1782792955073,0,0,0,122.26
1782792955073,1,69,25,229.89
1782792955207,0,0,0,122.23
1782792955207,1,69,25,227.83
1782792955340,0,0,0,122.20
1782792955340,1,54,19,229.21
1782792955474,0,0,0,122.18
1782792955474,1,64,20,230.96
1782792955609,0,0,0,122.15
1782792955609,1,64,20,227.26
1782792955744,0,0,0,122.14
1782792955744,1,49,17,227.14
1782792955877,0,0,0,122.12
1782792955877,1,59,20,229.61
1782792956013,0,0,0,122.11
1782792956013,1,59,20,229.19
1782792956147,0,0,0,122.10
1782792956147,1,61,20,227.97
1782792956281,0,0,0,122.10
1782792956281,1,56,19,225.21
1782792956415,0,0,0,122.09
1782792956415,1,56,19,223.10
1782792956548,0,0,0,122.09
1782792956548,1,53,19,225.97
1782792956682,0,0,0,122.10
1782792956682,1,56,19,228.03
1782792956816,0,0,0,122.07
1782792956816,1,56,19,226.37
1782792956951,0,0,0,122.08
1782792956951,1,51,16,224.67
1782792957086,0,0,0,122.07
1782792957086,1,56,19,224.37
1782792957219,0,0,0,122.08
1782792957219,1,56,19,226.09
1782792957354,0,0,0,122.08
1782792957354,1,55,19,228.63
1782792957490,0,0,0,122.08
1782792957490,1,56,18,226.01
1782792957623,0,0,0,122.06
1782792957623,1,56,18,223.32
1782792957756,0,0,0,122.04
1782792957756,1,53,21,224.93
1782792957889,0,0,0,122.06
1782792957889,1,62,20,229.14
1782792958023,0,0,0,122.03
1782792958023,1,62,20,225.80
1782792958159,0,0,0,122.03
1782792958159,1,65,24,228.21
1782792958292,0,0,0,122.01
1782792958292,1,63,24,231.01
1782792958426,0,0,0,121.99
1782792958426,1,63,24,231.93
1782792958560,0,0,0,121.98
1782792958560,1,57,18,231.20
1782792958695,0,0,0,122.00
1782792958695,1,51,16,229.21
1782792958828,0,0,0,122.00
1782792958828,1,51,16,227.28
1782792958961,0,0,0,122.00
1782792958961,1,68,26,230.23
1782792959095,0,0,0,121.98
1782792959095,1,66,23,232.70
1782792959229,0,0,0,121.99
1782792959229,1,66,23,232.37
1782792959363,0,0,0,122.00
1782792959363,1,51,18,230.02
1782792959497,0,0,0,122.00
1782792959497,1,61,20,230.79
1782792959631,0,0,0,121.99
1782792959631,1,61,20,228.39
1782792959764,0,0,0,121.98
1782792959764,1,64,24,232.73
1782792959899,0,0,0,121.99
1782792959899,1,67,23,231.15
1782792960034,0,0,0,122.00
1782792960034,1,67,23,227.32
1782792960169,0,0,0,122.01
1782792960169,1,46,15,227.58
1782792960304,0,0,0,122.00
1782792960304,1,53,19,229.19
1782792960438,0,0,0,121.96
1782792960438,1,53,19,229.10
1782792960572,0,0,0,121.93
1782792960572,1,53,18,232.73
1782792960706,0,0,0,121.94
1782792960706,1,68,25,234.65
1782792960847,0,0,0,121.93
1782792960847,1,68,25,235.74
1782792960980,0,0,0,121.90
1782792960980,1,60,19,233.90
1782792961115,0,0,0,121.84
1782792961115,1,44,13,234.92
1782792961250,0,0,0,121.84
1782792961250,1,44,13,233.42
1782792961387,0,0,0,121.84
1782792961387,1,56,21,230.79
1782792961522,0,0,0,121.84
1782792961522,1,50,16,230.28
1782792961656,0,0,0,121.80
1782792961656,1,50,16,230.18
1782792961790,0,0,0,121.79
1782792961790,1,49,17,223.39
1782792961925,0,0,0,121.77
1782792961925,1,48,17,224.79
1782792962058,0,0,0,121.78
1782792962058,1,48,17,225.10
1782792962192,0,0,0,121.78
1782792962192,1,54,18,223.88
1782792962327,0,0,0,121.76
1782792962327,1,60,22,223.44
1782792962462,0,0,0,121.72
1782792962462,1,60,22,224.90
1782792962596,0,0,0,121.72
1782792962596,1,64,24,227.32
1782792962731,0,0,0,121.72
1782792962731,1,59,18,225.87
1782792962865,0,0,0,121.73
1782792962865,1,59,18,223.55
1782792962999,0,0,0,121.75
1782792962999,1,49,17,224.11
1782792963134,0,0,0,121.73
1782792963134,1,56,19,223.52
1782792963267,0,0,0,121.72
1782792963267,1,56,19,224.05
1782792963401,0,0,0,121.74
1782792963401,1,59,22,225.94
1782792963535,0,0,0,121.75
1782792963535,1,68,22,223.51
1782792963668,0,0,0,121.76
1782792963668,1,68,22,223.27
1782792963802,0,0,0,121.76
1782792963802,1,60,19,227.84
1782792963935,0,0,0,121.74
1782792963935,1,65,21,228.01
1782792964069,0,0,0,121.75
1782792964069,1,65,21,225.13
1782792964203,0,0,0,121.74
1782792964203,1,50,15,223.86
1782792964337,0,0,0,121.74
1782792964337,1,53,20,223.05
1782792964471,0,0,0,121.74
1782792964471,1,53,20,225.76
1782792964605,0,0,0,121.74
1782792964605,1,67,22,224.26
1782792964739,0,0,0,121.72
1782792964739,1,50,16,224.03
1782792964873,0,0,0,121.71
1782792964873,1,58,20,225.26
1782792965008,0,0,0,121.71
1782792965008,1,58,20,225.94
1782792965143,0,0,0,121.70
1782792965143,1,59,20,227.98
1782792965277,0,0,0,121.70
1782792965277,1,59,20,229.11
1782792965410,0,0,0,121.72
1782792965410,1,59,20,225.21
1782792965544,0,0,0,121.72
1782792965544,1,55,20,226.22
1782792965679,0,0,0,121.73
1782792965679,1,65,21,231.37
1782792965815,0,3,0,121.74
1782792965815,1,65,21,228.02
1782792965950,0,3,0,121.71
1782792965950,1,51,18,225.58
1782792966083,0,0,0,121.69
1782792966083,1,55,20,232.76
1782792966217,0,0,0,121.70
1782792966217,1,55,20,234.70
1782792966351,0,0,0,121.68
1782792966351,1,59,19,233.96
1782792966487,0,13,7,140.39
1782792966487,1,56,20,231.09
1782792966624,0,74,46,182.98
1782792966624,1,56,20,231.38
1782792966757,0,74,46,187.74
1782792966757,1,59,20,232.03
1782792966895,0,21,11,205.27
1782792966895,1,57,19,232.57
1782792967030,0,71,43,247.15
1782792967030,1,57,19,230.56
1782792967164,0,71,43,249.98
1782792967164,1,67,23,231.53
1782792967298,0,0,0,247.39
1782792967298,1,55,18,228.21
1782792967436,0,35,22,259.28
1782792967436,1,55,18,231.18
1782792967574,0,35,22,273.11
1782792967574,1,67,25,231.13
1782792967710,0,91,61,274.61
1782792967710,1,62,20,230.38
1782792967847,0,36,22,276.07
1782792967847,1,62,20,232.04
1782792967983,0,36,22,285.43
1782792967983,1,55,19,231.69
1782792968121,0,84,56,290.82
1782792968121,1,65,22,229.45
1782792968257,0,0,0,290.78
1782792968257,1,65,22,228.84
1782792968391,0,0,0,293.61
1782792968391,1,54,19,229.39
1782792968527,0,41,27,297.94
1782792968527,1,72,28,229.64
1782792968664,0,92,65,304.11
1782792968664,1,72,28,230.52
1782792968798,0,92,65,302.14
1782792968798,1,58,18,229.51
1782792968932,0,25,16,309.60
1782792968932,1,63,22,230.79
1782792969069,0,94,71,316.17
1782792969069,1,63,22,233.36
1782792969203,0,94,71,327.60
1782792969203,1,65,23,235.00
1782792969337,0,1,1,324.79
1782792969337,1,59,19,237.11
1782792969473,0,21,13,321.04
1782792969473,1,50,17,229.98
1782792969612,0,87,58,309.45
1782792969612,1,50,17,229.86
1782792969747,0,87,58,319.18
1782792969747,1,53,18,230.82
1782792969882,0,52,31,318.10
1782792969882,1,57,21,230.28
1782792970018,0,74,49,295.49
1782792970018,1,57,21,228.52
1782792970155,0,74,49,304.10
1782792970155,1,65,21,226.46
1782792970290,0,64,43,335.41
1782792970290,1,62,19,225.67
1782792970428,0,53,42,338.87
1782792970428,1,62,19,224.53
1782792970562,0,53,42,310.02
1782792970562,1,56,18,225.38
1782792970698,0,2,0,302.52
1782792970698,1,63,22,223.92
1782792970837,0,75,57,327.91
1782792970837,1,63,22,225.73
1782792970973,0,75,57,306.89
1782792970973,1,55,17,220.65
1782792971110,0,16,9,325.69
1782792971110,1,45,14,219.56
1782792971247,0,93,71,334.02
1782792971247,1,45,14,223.21
1782792971381,0,93,71,306.69
1782792971381,1,50,17,222.68
1782792971519,0,12,8,356.95
1782792971519,1,70,25,227.01
1782792971656,0,93,68,381.47
1782792971656,1,70,25,228.10
1782792971791,0,93,68,361.30
1782792971791,1,55,18,226.36
1782792971925,0,0,0,313.21
1782792971925,1,62,25,232.10
1782792972060,0,33,21,322.37
1782792972060,1,62,25,232.41
1782792972197,0,33,21,327.95
1782792972197,1,67,23,231.12
1782792972332,0,90,61,328.27
1782792972332,1,48,15,230.93
1782792972470,0,66,46,331.30
1782792972470,1,48,15,231.04
1782792972606,0,66,46,327.79
1782792972606,1,57,21,227.03
1782792972742,0,32,21,327.49
1782792972742,1,60,21,228.43
1782792972878,0,91,68,358.03
1782792972878,1,58,19,225.97
1782792973015,0,50,31,369.82
1782792973015,1,58,19,224.28
1782792973154,0,50,31,371.64
1782792973154,1,55,17,222.03
1782792973291,0,82,58,363.31
1782792973291,1,70,27,230.96
1782792973425,0,1,0,316.52
1782792973425,1,70,27,231.55
1782792973561,0,1,0,324.62
1782792973561,1,58,18,229.03
1782792973702,0,75,36,328.52
1782792973702,1,56,18,229.34
1782792973840,0,92,65,318.52
1782792973840,1,56,18,230.13
1782792973977,0,92,65,337.02
1782792973977,1,57,20,232.52
1782792974113,0,72,51,347.76
1782792974113,1,58,20,233.12
1782792974248,0,57,39,350.44
1782792974248,1,58,20,235.32
1782792974382,0,57,39,382.87
1782792974382,1,68,24,235.56
1782792974519,0,80,61,401.05
1782792974519,1,62,21,236.68
1782792974656,0,35,23,411.85
1782792974656,1,62,21,235.73
1782792974792,0,35,23,407.26
1782792974792,1,58,19,237.39
1782792974930,0,94,67,405.30
1782792974930,1,55,19,235.75
1782792975064,0,5,6,371.94
1782792975064,1,55,19,237.26
1782792975197,0,5,6,336.90
1782792975197,1,64,23,239.55
1782792975332,0,26,16,306.11
1782792975332,1,63,20,237.36
1782792975466,0,0,0,262.58
1782792975466,1,63,20,230.48
1782792975609,0,0,0,241.27
1782792975609,1,45,15,234.31
1782792975743,0,0,0,203.77
1782792975743,1,68,24,234.35
1782792975880,0,80,60,204.49
1782792975880,1,65,20,232.75
1782792976016,0,62,41,254.52
1782792976016,1,65,20,227.99
1782792976156,0,62,41,289.66
1782792976156,1,47,16,224.05
1782792976292,0,92,63,304.67
1782792976292,1,48,17,223.90
1782792976428,0,78,56,375.16
1782792976428,1,48,17,228.03
1782792976565,0,78,56,405.12
1782792976565,1,56,17,226.69
1782792976702,0,62,42,430.35
1782792976702,1,59,21,220.79
1782792976839,0,90,63,448.32
1782792976839,1,59,21,220.07
1782792976976,0,90,63,451.86
1782792976976,1,61,22,227.13
1782792977113,0,69,48,450.57
1782792977113,1,42,15,227.48
1782792977248,0,68,47,447.36
1782792977248,1,42,15,230.63
1782792977391,0,68,47,449.17
1782792977391,1,57,19,226.22
1782792977530,0,94,71,442.23
1782792977530,1,57,20,230.14
1782792977665,0,62,38,449.81
1782792977665,1,57,20,232.32
1782792977802,0,62,38,450.81
1782792977802,1,65,22,231.96
1782792977939,0,83,57,444.38
1782792977939,1,60,21,230.31
1782792978075,0,84,65,443.74
1782792978075,1,60,21,235.79
1782792978211,0,84,65,433.64
1782792978211,1,67,22,231.02
1782792978348,0,52,33,442.41
1782792978348,1,58,18,229.89
1782792978484,0,93,63,434.27
1782792978484,1,53,18,230.47
1782792978628,0,85,63,445.88
1782792978628,1,53,18,232.69
1782792978765,0,85,63,434.27
1782792978765,1,67,22,231.84
1782792978902,0,52,34,441.96
1782792978902,1,62,20,231.24
1782792979039,0,93,64,440.70
1782792979039,1,62,20,229.68
1782792979174,0,93,64,417.20
1782792979174,1,62,22,230.35
1782792979309,0,0,0,384.91
1782792979309,1,53,17,234.35
1782792979446,0,47,30,371.16
1782792979446,1,53,17,235.25
1782792979583,0,47,30,375.28
1782792979583,1,46,15,232.75
1782792979718,0,93,64,370.54
1782792979718,1,62,23,236.22
1782792979857,0,85,63,374.73
1782792979857,1,62,23,238.81
1782792979995,0,85,63,365.68
1782792979995,1,63,20,236.99
1782792980142,0,55,36,405.16
1782792980142,1,50,16,234.80
1782792980280,0,93,64,431.57
1782792980280,1,57,20,237.67
1782792980417,0,78,59,454.30
1782792980417,1,57,20,233.72
1782792980554,0,78,59,444.37
1782792980554,1,53,18,233.92
1782792980690,0,58,39,451.69
1782792980690,1,59,22,231.62
1782792980828,0,93,64,445.75
1782792980828,1,59,22,231.19
1782792980965,0,93,64,455.99
1782792980965,1,58,18,229.57
1782792981103,0,80,58,460.47
1782792981103,1,53,17,231.61
1782792981238,0,62,39,457.82
1782792981238,1,53,17,226.12
1782792981376,0,62,39,460.40
1782792981376,1,60,23,230.41
1782792981514,0,93,68,453.79
1782792981514,1,67,26,236.30
1782792981651,0,70,49,458.20
1782792981651,1,67,26,235.53
1782792981789,0,70,49,461.08
1782792981789,1,62,19,230.40
1782792981926,0,69,47,459.68
1782792981926,1,47,15,231.96
1782792982065,0,92,67,458.07
1782792982065,1,47,15,233.54
1782792982202,0,92,67,453.30
1782792982202,1,56,19,234.87
1782792982340,0,65,40,462.85
1782792982340,1,61,22,231.06
1782792982475,0,84,57,451.90
1782792982475,1,58,19,225.49
1782792982614,0,84,57,462.89
1782792982614,1,58,19,223.49
1782792982753,0,85,65,445.79
1782792982753,1,51,16,224.24
1782792982887,0,20,19,418.07
1782792982887,1,46,14,225.21
1782792983022,0,5,3,375.01
1782792983022,1,46,14,224.45
1782792983159,0,5,3,373.53
1782792983159,1,68,26,226.63
1782792983296,0,94,73,372.09
1782792983296,1,46,14,222.81
1782792983431,0,33,22,356.49
1782792983431,1,46,14,225.13
1782792983569,0,33,22,361.82
1782792983569,1,62,20,225.05
1782792983706,0,91,63,357.70
1782792983706,1,56,17,220.02
1782792983842,0,65,39,387.82
1782792983842,1,56,17,217.30
1782792983979,0,65,39,425.35
1782792983979,1,60,24,224.56
1782792984114,0,92,64,409.77
1782792984114,1,65,23,224.30
1782792984254,0,71,49,412.11
1782792984254,1,65,23,223.62
1782792984392,0,71,49,432.23
1782792984392,1,47,16,226.86
1782792984527,0,77,59,370.11
1782792984527,1,58,20,226.96
1782792984662,0,1,0,343.37
1782792984662,1,58,20,229.25
1782792984796,0,1,0,350.73
1782792984796,1,64,20,232.43
1782792984933,0,73,52,329.55
1782792984933,1,63,21,226.98
1782792985070,0,24,14,334.61
1782792985070,1,63,21,225.90
1782792985206,0,24,14,333.27
1782792985206,1,55,19,227.91
1782792985342,0,82,56,301.22
1782792985342,1,54,17,229.23
1782792985478,0,51,31,320.71
1782792985478,1,51,17,224.12
1782792985616,0,51,31,356.85
1782792985616,1,51,17,223.61
1782792985752,0,76,51,357.32
1782792985752,1,63,25,226.53
1782792985889,0,71,50,358.11
1782792985889,1,67,22,230.87
1782792986024,0,27,24,343.48
1782792986024,1,67,22,230.54
1782792986158,0,27,24,315.70
1782792986158,1,63,21,228.86
1782792986295,0,15,9,318.57
1782792986295,1,56,18,226.51
1782792986431,0,91,65,346.29
1782792986431,1,56,18,228.33
1782792986566,0,91,65,322.49
1782792986566,1,61,20,230.75
1782792986701,0,38,25,334.65
1782792986701,1,59,18,227.76
1782792986838,0,91,63,336.01
1782792986838,1,59,18,225.02
1782792986974,0,91,63,327.64
1782792986974,1,51,16,226.71
1782792987114,0,59,36,361.64
1782792987114,1,67,25,227.81
1782792987252,0,82,57,384.72
1782792987252,1,67,25,226.13
1782792987386,0,82,57,351.96
1782792987386,1,44,15,225.77
1782792987521,0,0,0,327.05
1782792987521,1,70,30,231.49
1782792987655,0,52,33,329.78
1782792987655,1,70,30,230.41
1782792987794,0,52,33,321.59
1782792987794,1,62,19,230.09
1782792987931,0,49,32,286.72
1782792987931,1,51,18,231.60
1782792988066,0,0,0,261.05
1782792988066,1,51,18,232.62
1782792988201,0,0,0,227.68
1782792988201,1,53,19,234.20
1782792988333,0,0,0,204.84
1782792988333,1,53,17,236.24
1782792988470,0,14,9,226.98
1782792988470,1,53,17,238.15
1782792988606,0,14,9,243.24
1782792988606,1,51,16,229.63
1782792988739,0,86,58,218.78
1782792988739,1,67,27,233.65
1782792988874,0,51,30,236.71
1782792988874,1,67,27,239.79
1782792989011,0,51,30,259.91
1782792989011,1,61,21,234.92
1782792989145,0,75,51,279.92
1782792989145,1,53,17,233.13
1782792989279,0,0,0,280.05
1782792989279,1,49,17,231.41
1782792989415,0,0,0,292.54
1782792989415,1,49,17,230.00
1782792989553,0,59,37,299.70
1782792989553,1,51,19,232.64
1782792989692,0,92,64,302.14
1782792989692,1,55,18,227.39
1782792989828,0,38,26,303.60
1782792989828,1,55,18,224.23
1782792989969,0,38,26,311.60
1782792989969,1,44,13,220.36
1782792990106,0,91,66,325.42
1782792990106,1,48,18,222.02
1782792990240,0,0,0,332.76
1782792990240,1,48,18,223.42
1782792990375,0,0,0,320.75
1782792990375,1,63,23,226.28
1782792990510,0,5,3,317.77
1782792990510,1,66,24,225.34
1782792990648,0,89,65,314.64
1782792990648,1,66,24,225.95
1782792990784,0,89,65,308.91
1782792990784,1,48,16,224.67
1782792990920,0,9,6,295.96
1782792990920,1,64,25,231.86
1782792991057,0,88,64,292.38
1782792991057,1,64,25,233.42
1782792991192,0,88,64,291.28
1782792991192,1,59,18,231.21
1782792991326,0,0,0,291.32
1782792991326,1,51,17,229.02
1782792991462,0,7,4,289.20
1782792991462,1,51,17,228.33
1782792991600,0,7,4,286.80
1782792991600,1,71,28,231.99
1782792991737,0,73,48,272.47
1782792991737,1,60,18,231.54
1782792991873,0,14,8,267.78
1782792991873,1,60,18,231.37
1782792992010,0,14,8,273.21
1782792992010,1,40,13,226.75
1782792992144,0,77,49,252.67
1782792992144,1,58,22,231.65
1782792992278,0,0,0,252.41
1782792992278,1,58,22,231.78
1782792992413,0,0,0,252.15
1782792992413,1,64,20,227.51
1782792992547,0,0,0,214.76
1782792992547,1,50,15,221.28
1782792992682,0,0,0,191.62
1782792992682,1,50,19,223.62
1782792992815,0,0,0,190.69
1782792992815,1,50,19,226.12
1782792992950,0,0,0,150.72
1782792992950,1,61,22,226.43
1782792993084,0,0,0,125.11
1782792993084,1,46,14,220.64
1782792993218,0,0,0,122.22
1782792993218,1,46,14,219.01
1782792993353,0,0,0,122.01
1782792993353,1,53,19,222.90
1782792993487,0,0,0,121.94
1782792993487,1,54,19,226.24
1782792993621,0,0,0,121.81
1782792993621,1,54,19,225.44
1782792993756,0,0,0,121.77
1782792993756,1,40,13,220.20
1782792993889,0,0,0,121.73
1782792993889,1,65,24,222.99
1782792994024,0,0,0,121.64
1782792994024,1,65,24,220.39
1782792994159,0,0,0,121.60
1782792994159,1,61,22,222.18
1782792994293,0,0,0,121.57
1782792994293,1,57,22,223.75
1782792994428,0,0,0,121.53
1782792994428,1,57,22,222.84
1782792994563,0,0,0,121.51
1782792994563,1,59,18,220.57
1782792994700,0,0,0,121.51
1782792994700,1,49,18,223.64
1782792994834,0,0,0,121.47
1782792994834,1,49,18,227.07
1782792994968,0,0,0,121.46
1782792994968,1,64,21,225.68
1782792995105,0,0,0,121.45
1782792995105,1,61,19,222.05
1782792995238,0,0,0,121.60
1782792995238,1,61,19,222.86
1782792995372,0,0,0,121.65
1782792995372,1,51,20,223.73
1782792995507,0,0,0,121.71
1782792995507,1,58,21,229.14
1782792995640,0,0,0,121.79
1782792995640,1,58,21,234.33
1782792995773,0,0,0,121.88
1782792995773,1,60,20,232.38
1782792995907,0,0,0,121.92
1782792995907,1,54,17,228.31
1782792996041,0,0,0,122.02
1782792996041,1,54,17,227.03
1782792996175,0,0,0,122.05
1782792996175,1,55,19,231.35
1782792996310,0,0,0,122.00
1782792996310,1,56,19,225.77
1782792996445,0,0,0,121.95
1782792996445,1,56,19,224.16
1782792996579,0,0,0,121.95
1782792996579,1,60,22,223.84
1782792996713,0,0,0,121.90
1782792996713,1,58,19,224.41
1782792996846,0,0,0,121.86
1782792996846,1,58,19,224.48
1782792996980,0,0,0,121.85
1782792996980,1,49,15,223.71
1782792997114,0,0,0,121.82
1782792997114,1,64,21,228.06
1782792997247,0,0,0,121.78
1782792997247,1,64,21,229.67
1782792997381,0,0,0,121.76
1782792997381,1,55,17,231.00
1782792997516,0,0,0,121.76
1782792997516,1,55,20,230.24
1782792997649,0,0,0,121.75
1782792997649,1,55,20,229.43
1782792997784,0,0,0,121.74
1782792997784,1,68,27,230.20
1782792997919,0,0,0,121.71
1782792997919,1,67,24,232.23
1782792998052,0,0,0,121.70
1782792998052,1,67,24,228.91
1782792998185,0,0,0,121.68
1782792998185,1,55,19,229.97
1782792998318,0,0,0,121.67
1782792998318,1,57,18,228.00
1782792998454,0,0,0,121.61
1782792998454,1,57,18,229.29
1782792998588,0,0,0,121.60
1782792998588,1,52,18,233.93
1782792998721,0,0,0,121.54
1782792998721,1,62,21,228.32
1782792998856,0,0,0,121.53
1782792998856,1,62,21,227.81
1782792998990,0,0,0,121.53
1782792998990,1,56,20,231.22
1782792999124,0,0,0,121.52
1782792999124,1,58,19,232.49
1782792999258,0,0,0,121.51
1782792999258,1,58,19,233.38
1782792999392,0,0,0,121.51
1782792999392,1,62,20,231.53
1782792999526,0,0,0,121.49
1782792999526,1,45,15,230.92
1782792999660,0,0,0,121.52
1782792999660,1,45,15,228.41
1782792999793,0,0,0,121.50
1782792999793,1,60,22,234.11
1782792999927,0,0,0,121.49
1782792999927,1,68,23,232.59
1782793000062,0,0,0,121.49
1782793000062,1,68,23,229.92
1782793000196,0,0,0,121.46
1782793000196,1,61,20,228.70
1782793000331,0,0,0,121.45
1782793000331,1,47,14,229.56
1782793000465,0,0,0,121.45
1782793000465,1,47,14,231.57
1782793000598,0,0,0,121.44
1782793000598,1,66,22,232.81
1782793000736,0,0,0,121.43
1782793000736,1,47,16,228.90
1782793000871,0,0,0,121.42
1782793000871,1,47,16,228.76
1782793001005,0,0,0,121.42
1782793001005,1,66,25,234.34
1782793001138,0,0,0,121.40
1782793001138,1,66,20,229.98
1782793001272,0,0,0,121.39
1782793001272,1,66,20,229.31
1782793001407,0,0,0,121.39
1782793001407,1,50,17,227.49
1782793001541,0,0,0,121.39
1782793001541,1,62,21,226.19
1782793001677,0,0,0,121.39
1782793001677,1,62,21,223.81
1782793001810,0,0,0,121.38
1782793001810,1,57,18,223.93
1782793001945,0,0,0,121.36
1782793001945,1,60,18,215.97
1782793002080,0,0,0,121.36
1782793002080,1,60,18,217.52
1782793002213,0,0,0,121.34
1782793002213,1,46,16,224.71
1782793002346,0,0,0,121.31
1782793002346,1,52,19,228.28
1782793002481,0,0,0,121.31
1782793002481,1,52,19,227.17
1782793002615,0,0,0,121.28
1782793002615,1,64,21,230.63
1782793002749,0,0,0,121.25
1782793002749,1,65,21,229.35
1782793002882,0,0,0,121.25
1782793002882,1,65,21,229.92
1782793003016,0,0,0,121.24
1782793003016,1,60,20,229.40
1782793003152,0,0,0,121.22
1782793003152,1,69,23,229.48
1782793003286,0,0,0,121.22
1782793003286,1,54,18,225.68
1782793003419,0,0,0,121.21
1782793003419,1,54,18,225.48
1782793003552,0,0,0,121.21
1782793003552,1,53,19,226.66
1782793003686,0,0,0,121.19
1782793003686,1,53,19,228.15
1782793003819,0,0,0,121.19
1782793003819,1,63,21,224.84
1782793003953,0,0,0,121.19
1782793003953,1,51,18,227.68
1782793004087,0,0,0,121.19
1782793004087,1,58,23,229.10
1782793004225,0,0,0,121.15
1782793004225,1,58,23,230.58
1782793004359,0,0,0,121.14
1782793004359,1,58,19,231.12
1782793004495,0,0,0,121.12
1782793004495,1,56,19,231.48
1782793004629,0,0,0,121.11
1782793004629,1,56,19,229.41
1782793004762,0,0,0,121.09
1782793004762,1,67,27,232.85
1782793004896,0,0,0,121.06
1782793004896,1,63,19,230.90
1782793005031,0,0,0,121.04
1782793005031,1,63,19,231.42
1782793005164,0,0,0,121.04
1782793005164,1,60,20,229.51
1782793005297,0,0,0,121.05
1782793005297,1,61,21,231.06
1782793005432,0,0,0,121.06
1782793005432,1,61,21,231.05
1782793005566,0,0,0,121.04
1782793005566,1,64,23,231.71
1782793005700,0,0,0,121.03
1782793005700,1,45,14,222.81
1782793005835,0,0,0,121.03
1782793005835,1,45,14,224.17
1782793005969,0,0,0,121.03
1782793005969,1,61,23,226.20
1782793006103,0,0,0,121.03
1782793006103,1,59,20,228.06
1782793006237,0,0,0,121.00
1782793006237,1,59,20,226.28
1782793006372,0,0,0,120.97
1782793006372,1,49,15,223.80
1782793006507,0,0,0,120.98
1782793006507,1,47,18,222.38
1782793006640,0,0,0,121.00
1782793006640,1,47,18,221.43
1782793006775,0,0,0,121.00
1782793006775,1,66,24,224.84
1782793006909,0,0,0,120.99
1782793006909,1,59,19,222.75
1782793007043,0,0,0,120.96
1782793007043,1,59,19,219.69
1782793007176,0,0,0,120.97
1782793007176,1,58,21,223.01
1782793007310,0,0,0,120.97
1782793007310,1,64,22,226.87
1782793007444,0,0,0,120.98
1782793007444,1,64,22,227.10
1782793007578,0,0,0,120.96
1782793007578,1,58,21,227.89
1782793007712,0,0,0,120.95
1782793007712,1,66,21,226.99
1782793007845,0,0,0,120.92
1782793007845,1,66,21,224.40
1782793007979,0,0,0,120.93
1782793007979,1,64,19,222.33
1782793008112,0,0,0,120.92
1782793008112,1,63,19,213.39
1782793008246,0,0,0,120.91
1782793008246,1,63,19,211.22
1782793008381,0,0,0,120.89
1782793008381,1,46,18,211.96
1782793008517,0,0,0,120.89
1782793008517,1,51,17,215.68
1782793008651,0,0,0,120.87
1782793008651,1,51,17,215.40
1782793008785,0,0,0,120.87
1782793008785,1,50,18,218.51
1782793008919,0,0,0,120.88
1782793008919,1,69,22,224.83
1782793009053,0,0,0,120.85
1782793009053,1,69,22,225.75
1782793009187,0,0,0,120.86
1782793009187,1,64,23,233.08
1782793009322,0,0,0,120.86
1782793009322,1,59,18,229.30
1782793009457,0,0,0,120.83
1782793009457,1,59,18,223.56
1782793009592,0,0,0,120.83
1782793009592,1,41,13,224.02
1782793009727,0,0,0,120.84
1782793009727,1,61,23,224.68
1782793009861,0,0,0,120.81
1782793009861,1,61,23,224.06
1782793009996,0,0,0,120.80
1782793009996,1,54,17,227.08
1782793010130,0,0,0,120.79
1782793010130,1,56,18,224.42
1782793010263,0,0,0,120.80
1782793010263,1,56,18,225.50
1782793010397,0,0,0,120.79
1782793010397,1,70,24,230.26
1782793010532,0,0,0,120.78
1782793010532,1,54,18,229.75
1782793010665,0,0,0,120.76
1782793010665,1,54,18,230.78
1782793010800,0,0,0,120.74
1782793010800,1,59,21,229.89
1782793010934,0,0,0,120.72
1782793010934,1,71,23,231.60
1782793011068,0,0,0,120.71
1782793011068,1,71,23,230.26
1782793011203,0,0,0,120.73
1782793011203,1,71,23,228.40
1782793011338,0,0,0,120.73
1782793011338,1,47,17,229.49
1782793011473,0,0,0,120.71
1782793011473,1,47,17,230.95
1782793011607,0,0,0,120.68
1782793011607,1,58,20,231.92
1782793011741,0,0,0,120.69
1782793011741,1,66,21,231.20
1782793011875,0,0,0,120.69
1782793011875,1,66,21,231.37
1782793012009,0,0,0,120.69
1782793012009,1,61,19,230.96
1782793012142,0,0,0,120.66
1782793012142,1,69,22,229.52
1782793012278,0,0,0,120.64
1782793012278,1,69,22,229.38
1782793012411,0,0,0,120.62
1782793012411,1,66,20,221.31
1782793012545,0,0,0,120.65
1782793012545,1,64,19,218.20
1782793012678,0,0,0,120.65
1782793012678,1,64,19,214.61
1782793012812,0,0,0,120.63
1782793012812,1,68,21,208.70
1782793012945,0,0,0,120.62
1782793012945,1,71,22,206.27
1782793013078,0,0,0,120.62
1782793013078,1,71,22,202.76
1782793013212,0,0,0,120.65
1782793013212,1,68,21,199.49
1782793013346,0,0,0,120.67
1782793013346,1,71,22,199.81
1782793013479,0,0,0,120.67
1782793013479,1,71,22,199.82
1782793013612,0,0,0,120.66
1782793013612,1,68,21,201.25
1782793013744,0,0,0,120.67
1782793013744,1,71,22,202.14
1782793013878,0,0,0,120.66
1782793013878,1,71,22,202.22
1782793014010,0,0,0,120.66
1782793014010,1,70,22,203.38
1782793014144,0,0,0,120.63
1782793014144,1,69,22,203.45
1782793014277,0,3,0,120.60
1782793014277,1,69,22,203.14
1782793014412,0,3,0,120.58
1782793014412,1,69,21,202.68
1782793014545,0,0,0,120.57
1782793014545,1,68,21,200.91
1782793014678,0,0,0,120.56
1782793014678,1,68,21,199.60
1782793014813,0,0,0,131.09
1782793014813,1,66,20,198.60
1782793014947,0,29,16,173.10
1782793014947,1,60,18,196.57
1782793015081,0,68,42,183.09
1782793015081,1,60,18,196.11
1782793015215,0,68,42,200.66
1782793015215,1,70,21,189.82
1782793015350,0,41,21,248.54
1782793015350,1,0,0,182.25
1782793015481,0,71,51,251.09
1782793015481,1,0,0,173.50
1782793015613,0,71,51,248.72
1782793015613,1,0,0,159.60
1782793015744,0,3,0,269.81
1782793015744,1,0,0,151.57
1782793015880,0,55,31,280.89
1782793015880,1,0,0,143.78
1782793016015,0,55,31,282.51
1782793016015,1,0,0,129.16
1782793016154,0,52,33,288.46
1782793016154,1,0,0,121.18
1782793016288,0,65,43,307.34
1782793016288,1,0,0,116.68
1782793016424,0,65,43,299.45
1782793016424,1,0,0,116.56
1782793016555,0,47,37,292.88
1782793016555,1,0,0,116.52
1782793016687,0,3,0,312.22
1782793016687,1,0,0,116.47
1782793016824,0,3,0,319.19
1782793016824,1,0,0,116.48
1782793016960,0,71,51,312.67
1782793016960,1,0,0,116.43
1782793017091,0,35,23,322.50
1782793017091,1,0,0,116.44
1782793017228,0,71,50,326.82
1782793017228,1,0,0,116.41
1782793017363,0,71,50,329.58
1782793017363,1,0,0,116.40
1782793017495,0,59,47,333.40
1782793017495,1,0,0,116.37
1782793017626,0,59,47,337.36
1782793017626,1,0,0,116.39
1782793017761,0,2,0,339.25
1782793017761,1,0,0,116.37
1782793017896,0,76,54,330.23
1782793017896,1,0,0,116.37
1782793018030,0,31,20,337.63
1782793018030,1,0,0,116.36
1782793018164,0,31,20,341.18
1782793018164,1,0,0,116.35
1782793018296,0,92,62,317.79
1782793018296,1,0,0,116.34
1782793018429,0,63,41,343.02
1782793018429,1,0,0,116.38
1782793018564,0,63,41,363.56
1782793018564,1,0,0,116.35
1782793018695,0,47,38,348.22
1782793018695,1,0,0,116.37
1782793018827,0,2,0,313.33
1782793018827,1,0,0,116.32
1782793018960,0,2,0,335.56
1782793018960,1,0,0,116.32
1782793019094,0,88,66,340.24
1782793019094,1,0,0,116.29
1782793019227,0,33,22,339.18
1782793019227,1,0,0,116.28
1782793019363,0,33,22,349.99
1782793019363,1,0,0,116.28
1782793019496,0,92,64,331.45
1782793019496,1,0,0,116.29
1782793019630,0,59,35,362.96
1782793019630,1,0,0,116.25
1782793019764,0,59,35,393.45
1782793019764,1,0,0,116.26
1782793019896,0,85,64,380.80
1782793019896,1,0,0,116.25
1782793020028,0,1,0,330.72
1782793020028,1,0,0,116.24
1782793020161,0,1,0,349.82
1782793020161,1,0,0,116.21
1782793020295,0,78,54,347.70
1782793020295,1,0,0,116.24
1782793020429,0,35,22,343.21
1782793020429,1,0,0,116.17
1782793020563,0,35,22,349.62
1782793020563,1,0,0,116.19
1782793020695,0,83,55,332.28
1782793020695,1,0,0,116.16
1782793020835,0,77,53,362.10
1782793020835,1,0,0,116.17
1782793020968,0,77,53,374.82
1782793020968,1,0,0,116.14
1782793021101,0,30,18,388.64
1782793021101,1,0,0,116.18
1782793021236,0,90,61,374.64
1782793021236,1,0,0,116.14
1782793021368,0,90,61,358.99
1782793021368,1,0,0,116.15
1782793021500,0,0,0,339.59
1782793021500,1,0,0,116.11
1782793021637,0,78,57,361.84
1782793021637,1,0,0,116.14
1782793021772,0,78,57,351.19
1782793021772,1,0,0,116.11
1782793021905,0,42,29,349.62
1782793021905,1,0,0,116.14
1782793022039,0,94,73,371.27
1782793022039,1,0,0,116.10
1782793022172,0,94,73,356.03
1782793022172,1,0,0,116.10
1782793022310,0,48,32,377.67
1782793022310,1,0,0,116.06
1782793022444,0,93,65,419.52
1782793022444,1,0,0,116.09
1782793022579,0,93,65,416.61
1782793022579,1,0,0,116.06
1782793022714,0,70,47,418.55
1782793022714,1,0,0,116.07
1782793022850,0,72,56,399.41
1782793022850,1,0,0,116.01
1782793022982,0,72,56,367.10
1782793022982,1,0,0,116.03
1782793023114,0,0,0,331.86
1782793023114,1,0,0,115.99
1782793023246,0,0,0,283.18
1782793023246,1,0,0,116.02
1782793023378,0,0,0,246.78
1782793023378,1,0,0,115.99
1782793023510,0,0,0,225.90
1782793023510,1,0,0,115.97
1782793023644,0,64,40,223.49
1782793023644,1,0,0,115.93
1782793023779,0,64,40,221.43
1782793023779,1,0,0,115.94
1782793023912,0,88,59,250.23
1782793023912,1,0,0,115.94
1782793024047,0,90,69,319.83
1782793024047,1,0,0,115.98
1782793024179,0,90,69,348.54
1782793024179,1,0,0,115.95
1782793024312,0,61,37,377.89
1782793024312,1,0,0,115.97
1782793024446,0,93,62,441.34
1782793024446,1,0,0,115.93
1782793024581,0,93,62,458.90
1782793024581,1,0,0,115.96
1782793024715,0,87,67,457.47
1782793024715,1,0,0,115.93
1782793024848,0,58,36,460.30
1782793024848,1,0,0,115.92
1782793024982,0,58,36,458.82
1782793024982,1,0,0,115.92
1782793025115,0,92,63,449.33
1782793025115,1,0,0,115.93
1782793025249,0,88,67,460.80
1782793025249,1,0,0,115.90
1782793025381,0,88,67,450.72
1782793025381,1,0,0,115.93
1782793025514,0,57,36,460.50
1782793025514,1,0,0,115.92
1782793025648,0,92,63,451.95
1782793025648,1,0,0,115.96
1782793025783,0,92,63,462.47
1782793025783,1,0,0,115.96
1782793025918,0,87,67,462.74
1782793025918,1,0,0,115.98
1782793026051,0,63,38,466.96
1782793026051,1,0,0,115.94
1782793026185,0,63,38,468.49
1782793026185,1,0,0,115.95
1782793026319,0,94,59,458.62
1782793026319,1,0,0,115.91
1782793026453,0,88,67,470.98
1782793026453,1,0,0,115.94
1782793026589,0,88,67,447.78
1782793026589,1,0,0,115.91
1782793026721,0,19,19,421.46
1782793026721,1,0,0,115.87
1782793026855,0,21,13,387.80
1782793026855,1,0,0,115.83
1782793026990,0,21,13,397.80
1782793026990,1,0,0,115.84
1782793027123,0,93,65,386.31
1782793027123,1,0,0,115.81
1782793027258,0,82,60,394.46
1782793027258,1,0,0,115.84
1782793027393,0,82,60,381.58
1782793027393,1,0,0,115.80
1782793027527,0,64,43,381.81
1782793027527,1,0,0,115.81
1782793027663,0,94,66,427.67
1782793027663,1,0,0,115.82
1782793027797,0,94,66,464.45
1782793027797,1,0,0,115.84
1782793027932,0,82,60,457.31
1782793027932,1,0,0,115.81
1782793028066,0,65,44,465.21
1782793028066,1,0,0,115.84
1782793028201,0,65,44,467.82
1782793028201,1,0,0,115.83
1782793028333,0,94,65,465.51
1782793028333,1,0,0,115.86
1782793028466,0,81,58,472.01
1782793028466,1,0,0,115.85
1782793028601,0,81,58,462.25
1782793028601,1,0,0,115.86
1782793028734,0,66,43,471.14
1782793028734,1,0,0,115.84
1782793028868,0,94,68,460.51
1782793028868,1,0,0,115.84
1782793029002,0,94,68,463.74
1782793029002,1,0,0,115.80
1782793029137,0,78,55,457.87
1782793029137,1,0,0,115.83
1782793029271,0,70,47,461.86
1782793029271,1,0,0,115.80
1782793029404,0,70,47,469.36
1782793029404,1,0,0,115.75
1782793029537,0,95,62,470.29
1782793029537,1,0,0,115.71
1782793029676,0,75,52,474.97
1782793029676,1,0,0,115.74
1782793029811,0,75,52,470.17
1782793029811,1,0,0,115.70
1782793029942,0,83,62,412.13
1782793029942,1,0,0,115.72
1782793030075,0,1,0,396.15
1782793030075,1,0,0,115.68
1782793030213,0,1,0,400.62
1782793030213,1,0,0,115.66
1782793030346,0,82,61,378.24
1782793030346,1,0,0,115.64
1782793030481,0,36,23,373.30
1782793030481,1,0,0,115.68
1782793030616,0,36,23,375.31
1782793030616,1,0,0,115.64
1782793030747,0,93,67,356.05
1782793030747,1,0,0,115.68
1782793030879,0,61,39,378.34
1782793030879,1,0,0,115.66
1782793031014,0,61,39,414.77
1782793031014,1,0,0,115.68
1782793031147,0,93,66,415.97
1782793031147,1,0,0,115.65
1782793031283,0,75,54,417.21
1782793031283,1,0,0,115.68
1782793031416,0,75,54,427.31
1782793031416,1,0,0,115.62
1782793031552,0,58,47,361.37
1782793031552,1,0,0,115.66
1782793031685,0,1,0,358.33
1782793031685,1,0,0,115.64
1782793031820,0,1,0,361.80
1782793031820,1,0,0,115.63
1782793031951,0,83,61,338.90
1782793031951,1,0,0,115.60
1782793032082,0,47,29,354.65
1782793032082,1,0,0,115.62
1782793032217,0,47,29,356.36
1782793032217,1,0,0,115.63
1782793032350,0,69,46,330.49
1782793032350,1,0,0,115.68
1782793032485,0,78,55,360.74
1782793032485,1,0,0,115.65
1782793032617,0,78,55,378.54
1782793032617,1,0,0,115.67
1782793032751,0,31,20,387.43
1782793032751,1,0,0,115.64
1782793032888,0,90,61,366.23
1782793032888,1,0,0,115.66
1782793033020,0,90,61,350.32
1782793033020,1,0,0,115.63
1782793033155,0,2,0,323.53
1782793033155,1,0,0,115.67
1782793033291,0,72,51,347.21
1782793033291,1,0,0,115.65
1782793033423,0,72,51,337.27
1782793033423,1,0,0,115.69
1782793033556,0,33,22,347.47
1782793033556,1,0,0,115.67
1782793033690,0,85,65,358.70
1782793033690,1,0,0,115.65
1782793033823,0,85,65,331.18
1782793033823,1,0,0,115.61
1782793033962,0,25,16,379.58
1782793033962,1,0,0,115.63
1782793034096,0,92,65,400.67
1782793034096,1,0,0,115.56
1782793034228,0,92,65,372.64
1782793034228,1,0,0,115.59
1782793034360,0,0,0,340.92
1782793034360,1,0,0,115.57
1782793034499,0,52,30,344.60
1782793034499,1,0,0,115.53
1782793034632,0,52,30,340.68
1782793034632,1,0,0,115.50
1782793034766,0,36,23,338.68
1782793034766,1,0,0,115.54
1782793034901,0,76,53,347.16
1782793034901,1,0,0,115.50
1782793035034,0,76,53,315.70
1782793035034,1,0,0,115.54
1782793035169,0,66,45,345.95
1782793035169,1,0,0,115.52
1782793035306,0,36,31,369.41
1782793035306,1,0,0,115.51
1782793035438,0,3,0,316.66
1782793035438,1,0,0,115.50
1782793035570,0,3,0,289.46
1782793035570,1,0,0,115.55
1782793035703,0,0,0,276.73
1782793035703,1,0,0,115.53
1782793035835,0,0,0,210.27
1782793035835,1,0,0,115.58
1782793035968,0,0,0,202.11
1782793035968,1,0,0,115.57
1782793036103,0,5,3,211.84
1782793036103,1,0,0,115.55
1782793036238,0,91,64,220.59
1782793036238,1,0,0,115.51
1782793036371,0,91,64,226.03
1782793036371,1,0,0,115.52
1782793036504,0,67,40,256.41
1782793036504,1,0,0,115.48
1782793036639,0,93,66,322.32
1782793036639,1,0,0,115.51
1782793036774,0,93,66,333.34
1782793036774,1,0,0,115.49
1782793036906,0,0,0,333.49
1782793036906,1,0,0,115.50
1782793037038,0,54,31,328.46
1782793037038,1,0,0,115.47
1782793037170,0,54,31,325.64
1782793037170,1,0,0,115.51
1782793037304,0,79,51,326.42
1782793037304,1,0,0,115.51
1782793037435,0,79,51,317.88
1782793037435,1,0,0,115.57
1782793037567,0,7,4,322.52
1782793037567,1,0,0,115.54
1782793037701,0,76,57,316.46
1782793037701,1,0,0,115.56
1782793037833,0,76,57,296.25
1782793037833,1,0,0,115.53
1782793037964,0,3,0,300.60
1782793037964,1,0,0,115.56
1782793038098,0,58,34,304.39
1782793038098,1,0,0,115.52
1782793038231,0,58,34,307.45
1782793038231,1,0,0,115.54
1782793038363,0,3,0,285.37
1782793038363,1,0,0,115.54
1782793038496,0,77,51,284.95
1782793038496,1,0,0,115.50
1782793038632,0,77,51,287.05
1782793038632,1,0,0,115.46
1782793038764,0,0,0,250.32
1782793038764,1,0,0,115.49
1782793038897,0,0,0,247.74
1782793038897,1,0,0,115.45
1782793039031,0,0,0,246.22
1782793039031,1,0,0,115.49
1782793039164,0,0,0,195.59
1782793039164,1,0,0,115.48
1782793039297,0,0,0,191.27
1782793039297,1,0,0,115.50
1782793039430,0,0,0,175.51
1782793039430,1,0,0,115.48
1782793039562,0,0,0,126.20
1782793039562,1,0,0,115.52
1782793039694,0,0,0,123.44
1782793039694,1,0,0,115.53
1782793039827,0,0,0,123.35
1782793039827,1,0,0,115.51
1782793039959,0,0,0,123.15
1782793039959,1,0,0,115.50
1782793040094,0,0,0,123.06
1782793040094,1,0,0,115.49
1782793040227,0,0,0,123.02
1782793040227,1,0,0,115.48
1782793040359,0,0,0,122.91
1782793040359,1,0,0,115.47
1782793040491,0,0,0,122.88
1782793040491,1,0,0,115.48
1782793040624,0,0,0,122.83
1782793040624,1,0,0,115.44
1782793040756,0,0,0,122.73
1782793040756,1,0,0,115.41
1782793040889,0,0,0,122.70
1782793040889,1,0,0,115.41
1782793041021,0,0,0,122.66
1782793041021,1,0,0,115.40
1782793041153,0,0,0,122.60
1782793041153,1,0,0,115.40
1782793041285,0,0,0,122.59
1782793041285,1,0,0,115.43
1782793041418,0,0,0,122.56
1782793041418,1,0,0,115.40
1782793041550,0,0,0,122.48
1782793041550,1,0,0,115.41
1782793041682,0,0,0,122.46
1782793041682,1,0,0,115.40
1782793041818,0,0,0,122.45
1782793041818,1,0,0,115.41
1782793041950,0,0,0,122.42
1782793041950,1,0,0,115.42
1782793042081,0,0,0,122.41
1782793042081,1,0,0,115.43
1782793042212,0,0,0,122.39
1782793042212,1,0,0,115.42
1782793042344,0,0,0,122.34
1782793042344,1,0,0,115.43
1782793042476,0,0,0,122.33
1782793042476,1,0,0,115.41
1782793042608,0,0,0,122.30
1782793042608,1,0,0,115.42
1782793042740,0,0,0,122.27
1782793042740,1,0,0,115.40
1782793042871,0,0,0,122.25
1782793042871,1,0,0,115.43
1782793043003,0,0,0,122.22
1782793043003,1,0,0,115.42
1782793043134,0,0,0,122.18
1782793043134,1,0,0,115.42
1782793043266,0,0,0,122.13
1782793043266,1,0,0,115.39
1782793043397,0,0,0,122.10
1782793043397,1,0,0,115.40
1782793043528,0,0,0,122.09
1782793043528,1,0,0,115.40
1782793043659,0,0,0,122.06
1782793043659,1,0,0,115.41
1782793043790,0,0,0,122.06
1782793043790,1,0,0,115.38
1782793043921,0,0,0,122.03
1782793043921,1,0,0,115.39
1782793044051,0,0,0,122.02
1782793044051,1,0,0,115.35
1782793044182,0,0,0,122.01
1782793044182,1,0,0,115.37
1782793044314,0,0,0,122.00
1782793044314,1,0,0,115.34
1782793044445,0,0,0,121.98
1782793044445,1,0,0,115.37
1782793044576,0,0,0,121.96
1782793044576,1,0,0,115.34
1782793044707,0,0,0,121.95
1782793044707,1,0,0,115.36
1782793044837,0,0,0,121.94
1782793044837,1,0,0,115.32
1782793044968,0,0,0,121.92
1782793044968,1,0,0,115.35
1782793045099,0,0,0,121.92
1782793045099,1,0,0,115.33
1782793045230,0,0,0,121.90
1782793045230,1,0,0,115.39
1782793045360,0,0,0,121.88
1782793045360,1,0,0,115.33
1782793045491,0,0,0,121.86
1782793045491,1,0,0,115.34
1782793045621,0,0,0,121.84
1782793045621,1,0,0,115.35
1782793045751,0,0,0,121.81
1782793045751,1,0,0,115.39
1782793045883,0,0,0,121.80
1782793045883,1,0,0,115.40
1782793046014,0,0,0,121.79
1782793046014,1,0,0,115.41
1782793046146,0,0,0,121.77
1782793046146,1,0,0,115.39
1782793046278,0,0,0,121.75
1782793046278,1,0,0,115.35
1782793046410,0,0,0,121.74
1782793046410,1,0,0,115.34
1782793046542,0,0,0,121.73
1782793046542,1,0,0,115.34
1782793046673,0,0,0,121.72
1782793046673,1,0,0,115.33
1782793046804,0,0,0,121.73
1782793046804,1,0,0,115.30
1782793046937,0,0,0,121.71
1782793046937,1,0,0,115.31
1782793047068,0,0,0,121.68
1782793047068,1,0,0,115.28
1782793047199,0,0,0,121.65
1782793047199,1,0,0,115.27
1782793047331,0,0,0,121.63
1782793047331,1,0,0,115.30
1782793047464,0,0,0,121.60
1782793047464,1,0,0,115.32
1782793047596,0,0,0,121.59
1782793047596,1,0,0,115.29
1782793047728,0,0,0,121.58
1782793047728,1,0,0,115.31
1782793047859,0,0,0,121.53
1782793047859,1,0,0,115.29
1782793047991,0,0,0,121.52
1782793047991,1,0,0,115.32
1782793048122,0,0,0,121.51
1782793048122,1,0,0,115.29
1782793048253,0,0,0,121.50
1782793048253,1,0,0,115.31
1782793048384,0,0,0,121.49
1782793048384,1,0,0,115.26
1782793048516,0,0,0,121.47
1782793048516,1,0,0,115.26
1782793048648,0,0,0,121.42
1782793048648,1,0,0,115.23
1782793048781,0,0,0,121.41
1782793048781,1,0,0,115.26
1782793048912,0,0,0,121.41
1782793048912,1,0,0,115.23
1782793049044,0,0,0,121.39
1782793049044,1,0,0,115.26
1782793049177,0,0,0,121.37
1782793049177,1,0,0,115.22
1782793049309,0,0,0,121.37
1782793049309,1,0,0,115.27
1782793049442,0,0,0,121.34
1782793049442,1,0,0,115.26
1782793049573,0,0,0,121.36
1782793049573,1,0,0,115.28
1782793049704,0,0,0,121.36
1782793049704,1,0,0,115.27
1782793049835,0,0,0,121.35
1782793049835,1,0,0,115.30
1782793049966,0,0,0,121.32
1782793049966,1,0,0,115.26
1782793050097,0,0,0,121.31
1782793050097,1,0,0,115.27
1782793050229,0,0,0,121.30
1782793050229,1,0,0,115.26
1782793050360,0,0,0,121.28
1782793050360,1,0,0,115.28
1782793050493,0,0,0,121.29
1782793050493,1,0,0,115.26
1782793050625,0,0,0,121.28
1782793050625,1,0,0,115.27
1782793050757,0,0,0,121.26
1782793050757,1,0,0,115.23
1782793050889,0,0,0,121.24
1782793050889,1,0,0,115.22
1782793051021,0,0,0,121.22
1782793051021,1,0,0,115.24
1782793051152,0,0,0,121.22
1782793051152,1,0,0,115.27
1782793051284,0,0,0,121.21
1782793051284,1,0,0,115.26
1782793051416,0,0,0,121.20
1782793051416,1,0,0,115.26
1782793051548,0,0,0,121.18
1782793051548,1,0,0,115.23
1782793051679,0,0,0,121.17
1782793051679,1,0,0,115.24
1782793051811,0,0,0,121.16
1782793051811,1,0,0,115.23
1782793051942,0,0,0,121.18
1782793051942,1,0,0,115.25
1782793052075,0,0,0,121.18
1782793052075,1,0,0,115.24
1782793052207,0,0,0,121.18
1782793052207,1,0,0,115.24
1782793052338,0,0,0,121.16
1782793052338,1,0,0,115.20
1782793052470,0,0,0,121.14
1782793052470,1,0,0,115.20
1782793052602,0,0,0,121.11
1782793052602,1,0,0,115.19
1782793052733,0,0,0,121.11
1782793052733,1,0,0,115.19
1782793052864,0,0,0,121.09
1782793052864,1,0,0,115.21
1782793052995,0,0,0,121.06
1782793052995,1,0,0,115.18
1782793053126,0,0,0,121.05
1782793053126,1,0,0,115.17
1782793053257,0,0,0,120.99
1782793053257,1,0,0,115.15
1782793053388,0,0,0,120.98
1782793053388,1,0,0,115.18
1782793053519,0,0,0,120.97
1782793053519,1,0,0,115.14
1782793053651,0,0,0,120.95
1782793053651,1,0,0,115.15
1782793053782,0,0,0,120.94
1782793053782,1,0,0,115.11
1782793053914,0,0,0,120.93
1782793053914,1,0,0,115.12
1782793054045,0,0,0,120.89
1782793054045,1,0,0,115.11
1782793054177,0,0,0,120.89
1782793054177,1,0,0,115.17
1782793054309,0,0,0,120.89
1782793054309,1,0,0,115.14
1782793054441,0,0,0,120.86
1782793054441,1,0,0,115.18
1782793054573,0,0,0,120.84
1782793054573,1,0,0,115.14
1782793054704,0,0,0,120.84
1782793054704,1,0,0,115.16
1782793054836,0,0,0,120.82
1782793054836,1,0,0,115.14
1782793054966,0,0,0,120.81
1782793054966,1,0,0,115.19
1782793055098,0,0,0,120.79
1782793055098,1,0,0,115.14
1782793055229,0,0,0,120.80
1782793055229,1,0,0,115.16
1782793055359,0,0,0,120.76
1782793055359,1,0,0,115.13
1782793055491,0,0,0,120.77
1782793055491,1,0,0,115.14
1782793055622,0,0,0,120.75
1782793055622,1,0,0,115.14
1782793055753,0,0,0,120.75
1782793055753,1,0,0,115.15
1782793055884,0,0,0,120.74
1782793055884,1,0,0,115.15
1782793056016,0,0,0,120.74
1782793056016,1,0,0,115.17
1782793056147,0,0,0,120.70
1782793056147,1,0,0,115.13
1782793056279,0,0,0,120.71
1782793056279,1,0,0,115.11
1782793056410,0,0,0,120.69
1782793056410,1,0,0,115.09
1782793056541,0,0,0,120.69
1782793056541,1,0,0,115.12
1782793056673,0,0,0,120.70
1782793056673,1,0,0,115.11
1782793056805,0,0,0,120.68
1782793056805,1,0,0,115.12
1782793056936,0,0,0,120.68
1782793056936,1,0,0,115.10
1782793057068,0,0,0,120.66
1782793057068,1,0,0,115.11
1782793057202,0,0,0,120.68
1782793057202,1,0,0,115.13
1782793057334,0,0,0,120.66
1782793057334,1,0,0,115.13
1782793057466,0,0,0,120.67
1782793057466,1,0,0,115.17
1782793057597,0,0,0,120.66
1782793057597,1,0,0,115.14
1782793057729,0,0,0,120.65
1782793057729,1,0,0,115.16
1782793057860,0,0,0,120.63
1782793057860,1,0,0,115.13
1782793057991,0,0,0,120.63
1782793057991,1,0,0,115.15
1782793058122,0,0,0,120.63
1782793058122,1,0,0,115.12
1782793058253,0,0,0,120.61
1782793058253,1,0,0,115.11
1782793058385,0,0,0,120.59
1782793058385,1,0,0,115.06
1782793058517,0,0,0,120.57
1782793058517,1,0,0,115.06
1782793058648,0,0,0,120.57
1782793058648,1,0,0,115.04
1782793058780,0,0,0,120.56
1782793058780,1,0,0,115.06
1782793058911,0,0,0,120.55
1782793058911,1,0,0,115.01
1782793059042,0,0,0,120.54
1782793059042,1,0,0,115.03
1782793059173,0,0,0,120.52
1782793059173,1,0,0,114.99
1782793059304,0,0,0,120.50
1782793059304,1,0,0,115.00
1782793059435,0,0,0,120.48
1782793059435,1,0,0,114.97
1782793059566,0,0,0,120.48
1782793059566,1,0,0,115.00
1782793059698,0,0,0,120.47
1782793059698,1,0,0,114.98
1782793059831,0,0,0,120.46
1782793059831,1,0,0,115.01
1782793059963,0,0,0,120.44
1782793059963,1,0,0,114.99
1782793060095,0,0,0,120.42
1782793060095,1,0,0,114.98
1782793060226,0,0,0,120.42
1782793060226,1,0,0,114.97
1782793060359,0,16,9,143.40
1782793060359,1,0,0,115.00
1782793060493,0,82,50,176.68
1782793060493,1,0,0,115.00
1782793060625,0,82,50,186.29
1782793060625,1,0,0,115.01
1782793060758,0,40,22,222.73
1782793060758,1,0,0,115.00
1782793060892,0,75,53,250.05
1782793060892,1,0,0,114.99
1782793061024,0,75,53,251.36
1782793061024,1,0,0,114.98
1782793061156,0,3,0,259.69
1782793061156,1,0,0,115.01
1782793061290,0,61,36,281.95
1782793061290,1,0,0,115.04
1782793061426,0,61,36,295.79
1782793061426,1,0,0,115.05
1782793061557,0,40,25,285.41
1782793061557,1,0,0,115.06
1782793061690,0,68,45,292.39
1782793061690,1,0,0,115.03
1782793061824,0,68,45,308.33
1782793061824,1,0,0,115.02
1782793061956,0,31,27,290.19
1782793061956,1,0,0,115.04
1782793062088,0,3,1,287.38
1782793062088,1,0,0,115.07
1782793062223,0,3,1,320.35
1782793062223,1,0,0,115.04
1782793062363,0,94,75,322.97
1782793062363,1,0,0,115.04
1782793062495,0,4,1,306.86
1782793062495,1,0,0,115.02
1782793062630,0,4,1,326.86
1782793062630,1,0,0,115.04
1782793062763,0,79,60,328.87
1782793062763,1,0,0,115.06
1782793062899,0,29,26,323.72
1782793062899,1,0,0,115.10
1782793063030,0,29,26,323.81
1782793063030,1,0,0,115.06
1782793063163,0,13,7,315.56
1782793063163,1,0,0,115.08
1782793063297,0,90,64,326.85
1782793063297,1,0,0,115.05
1782793063429,0,90,64,309.81
1782793063429,1,0,0,115.05
1782793063562,0,53,31,320.86
1782793063562,1,0,0,115.02
1782793063696,0,65,43,324.02
1782793063696,1,0,0,115.07
1782793063829,0,65,43,304.83
1782793063829,1,0,0,115.01
1782793063963,0,76,52,345.32
1782793063963,1,0,0,115.05
1782793064098,0,18,17,356.19
1782793064098,1,0,0,114.99
1782793064231,0,18,17,338.15
1782793064231,1,0,0,114.99
1782793064365,0,21,14,330.78
1782793064365,1,0,0,114.98
1782793064499,0,91,63,340.14
1782793064499,1,0,0,115.01
1782793064631,0,91,63,333.63
1782793064631,1,0,0,114.99
1782793064763,0,58,36,345.33
1782793064763,1,0,0,115.04
1782793064898,0,88,60,348.15
1782793064898,1,0,0,114.94
1782793065030,0,88,60,327.66
1782793065030,1,0,0,115.00
1782793065165,0,71,49,383.70
1782793065165,1,0,0,114.98
1782793065299,0,54,44,392.45
1782793065299,1,0,0,115.03
1782793065431,0,54,44,360.09
1782793065431,1,0,0,114.97
1782793065562,0,8,4,341.86
1782793065562,1,0,0,115.00
1782793065697,0,91,64,346.53
1782793065697,1,0,0,114.95
1782793065829,0,91,64,334.20
1782793065829,1,0,0,115.00
1782793065961,0,54,31,350.36
1782793065961,1,0,0,114.96
1782793066095,0,52,35,340.23
1782793066095,1,0,0,114.96
1782793066229,0,52,35,333.45
1782793066229,1,0,0,114.94
1782793066363,0,90,67,360.68
1782793066363,1,0,0,114.98
1782793066496,0,52,31,387.47
1782793066496,1,0,0,114.94
1782793066631,0,52,31,392.16
1782793066631,1,0,0,114.99
1782793066765,0,83,62,369.28
1782793066765,1,0,0,114.94
1782793066897,0,1,0,342.86
1782793066897,1,0,0,114.93
1782793067031,0,1,0,341.01
1782793067031,1,0,0,114.93
1782793067166,0,81,61,361.86
1782793067166,1,0,0,114.93
1782793067298,0,37,25,347.30
1782793067298,1,0,0,114.92
1782793067431,0,37,25,355.64
1782793067431,1,0,0,114.93
1782793067565,0,93,68,357.53
1782793067565,1,0,0,114.90
1782793067699,0,63,40,362.56
1782793067699,1,0,0,114.89
1782793067833,0,63,40,392.77
1782793067833,1,0,0,114.91
1782793067968,0,92,66,409.42
1782793067968,1,0,0,114.94
1782793068100,0,0,0,373.62
1782793068100,1,0,0,114.93
1782793068232,0,0,0,344.25
1782793068232,1,0,0,114.95
1782793068364,0,0,0,285.39
1782793068364,1,0,0,114.93
1782793068496,0,48,32,279.46
1782793068496,1,0,0,114.90
1782793068634,0,48,32,287.11
1782793068634,1,0,0,114.90
1782793068769,0,92,66,276.60
1782793068769,1,0,0,114.91
1782793068901,0,0,0,240.16
1782793068901,1,0,0,114.91
1782793069033,0,0,0,239.16
1782793069033,1,0,0,114.89
1782793069169,0,75,52,307.89
1782793069169,1,0,0,114.88
1782793069303,0,69,46,339.46
1782793069303,1,0,0,114.87
1782793069436,0,69,46,369.29
1782793069436,1,0,0,114.86
1782793069570,0,94,66,380.14
1782793069570,1,0,0,114.88
1782793069704,0,81,58,379.59
1782793069704,1,0,0,114.85
1782793069839,0,81,58,398.92
1782793069839,1,0,0,114.88
1782793069973,0,69,44,456.23
1782793069973,1,0,0,114.90
1782793070108,0,94,64,459.75
1782793070108,1,0,0,114.89
1782793070241,0,94,64,453.42
1782793070241,1,0,0,114.90
1782793070376,0,84,61,463.27
1782793070376,1,0,0,114.89
1782793070508,0,64,41,450.97
1782793070508,1,0,0,114.86
1782793070645,0,94,64,458.83
1782793070645,1,0,0,114.86
1782793070780,0,94,64,451.21
1782793070780,1,0,0,114.88
1782793070919,0,85,62,461.22
1782793070919,1,0,0,114.82
1782793071053,0,62,40,452.19
1782793071053,1,0,0,114.83
1782793071187,0,62,40,459.75
1782793071187,1,0,0,114.81
1782793071323,0,93,63,460.19
1782793071323,1,0,0,114.81
1782793071458,0,87,64,459.08
1782793071458,1,0,0,114.81
1782793071593,0,87,64,459.81
1782793071593,1,0,0,114.84
1782793071727,0,60,38,455.34
1782793071727,1,0,0,114.80
1782793071861,0,94,62,458.99
1782793071861,1,0,0,114.80
1782793071992,0,94,62,452.56
1782793071992,1,0,0,114.81
1782793072128,0,89,66,461.62
1782793072128,1,0,0,114.82
1782793072262,0,18,18,428.08
1782793072262,1,0,0,114.79
1782793072394,0,18,18,401.38
1782793072394,1,0,0,114.83
1782793072527,0,17,11,375.39
1782793072527,1,0,0,114.81
1782793072662,0,94,66,386.32
1782793072662,1,0,0,114.86
1782793072796,0,94,66,376.68
1782793072796,1,0,0,114.83
1782793072934,0,83,59,383.58
1782793072934,1,0,0,114.84
1782793073068,0,66,42,387.07
1782793073068,1,0,0,114.82
1782793073202,0,66,42,393.15
1782793073202,1,0,0,114.83
1782793073337,0,94,65,422.90
1782793073337,1,0,0,114.81
1782793073471,0,84,62,475.63
1782793073471,1,0,0,114.84
1782793073606,0,84,62,477.25
1782793073606,1,0,0,114.78
1782793073739,0,63,42,467.51
1782793073739,1,0,0,114.81
1782793073873,0,93,64,472.31
1782793073873,1,0,0,114.78
1782793074006,0,93,64,458.33
1782793074006,1,0,0,114.82
1782793074141,0,85,64,464.47
1782793074141,1,0,0,114.81
1782793074276,0,58,38,453.40
1782793074276,1,0,0,114.84
1782793074415,0,58,38,464.92
1782793074415,1,0,0,114.80
1782793074550,0,93,64,457.07
1782793074550,1,0,0,114.83
1782793074683,0,87,64,468.25
1782793074683,1,0,0,114.80
1782793074817,0,87,64,469.87
1782793074817,1,0,0,114.85
1782793074951,0,61,39,467.01
1782793074951,1,0,0,114.80
1782793075086,0,94,63,466.55
1782793075086,1,0,0,114.82
1782793075220,0,94,63,457.90
1782793075220,1,0,0,114.80
1782793075355,0,88,66,465.97
1782793075355,1,0,0,114.82
1782793075489,0,61,39,458.35
1782793075489,1,0,0,114.81
1782793075624,0,61,39,463.11
1782793075624,1,0,0,114.81
1782793075759,0,94,62,430.32
1782793075759,1,0,0,114.77
1782793075891,0,0,0,404.62
1782793075891,1,0,0,114.76
1782793076023,0,0,0,381.80
1782793076023,1,0,0,114.76
1782793076161,0,76,55,389.14
1782793076161,1,0,0,114.78
1782793076296,0,48,33,373.12
1782793076296,1,0,0,114.78
1782793076429,0,48,33,370.57
1782793076429,1,0,0,114.81
1782793076563,0,93,73,373.95
1782793076563,1,0,0,114.77
1782793076695,0,37,25,357.40
1782793076695,1,0,0,114.77
1782793076831,0,37,25,383.68
1782793076831,1,0,0,114.75
1782793076966,0,93,66,420.90
1782793076966,1,0,0,114.74
1782793077100,0,67,42,420.95
1782793077100,1,0,0,114.76
1782793077235,0,67,42,421.54
1782793077235,1,0,0,114.73
1782793077370,0,85,64,404.71
1782793077370,1,0,0,114.70
1782793077504,0,1,0,371.16
1782793077504,1,0,0,114.70
1782793077637,0,1,0,361.91
1782793077637,1,0,0,114.68
1782793077771,0,81,57,370.38
1782793077771,1,0,0,114.68
1782793077904,0,35,22,354.40
1782793077904,1,0,0,114.69
1782793078038,0,35,22,365.21
1782793078038,1,0,0,114.70
1782793078171,0,86,58,339.29
1782793078171,1,0,0,114.69
1782793078304,0,78,55,337.23
1782793078304,1,0,0,114.73
1782793078439,0,78,55,365.02
1782793078439,1,0,0,114.72
1782793078573,0,29,18,393.70
1782793078573,1,0,0,114.67
1782793078709,0,91,62,393.82
1782793078709,1,0,0,114.67
1782793078841,0,91,62,371.18
1782793078841,1,0,0,114.67
1782793078972,0,2,0,338.19
1782793078972,1,0,0,114.69
1782793079104,0,73,51,332.59
1782793079104,1,0,0,114.70
1782793079239,0,73,51,354.87
1782793079239,1,0,0,114.65
1782793079372,0,35,23,333.00
1782793079372,1,0,0,114.61
1782793079508,0,86,65,350.86
1782793079508,1,0,0,114.65
1782793079643,0,86,65,346.70
1782793079643,1,0,0,114.63
1782793079777,0,28,18,345.99
1782793079777,1,0,0,114.68
1782793079912,0,92,64,381.57
1782793079912,1,0,0,114.67
1782793080045,0,92,64,388.42
1782793080045,1,0,0,114.66
1782793080176,0,0,0,327.45
1782793080176,1,0,0,114.63
1782793080309,0,56,32,341.31
1782793080309,1,0,0,114.73
1782793080444,0,56,32,347.46
1782793080444,1,0,0,114.71
1782793080576,0,48,31,298.56
1782793080576,1,0,0,114.75
1782793080709,0,0,0,288.28
1782793080709,1,0,0,114.72
1782793080844,0,0,0,256.10
1782793080844,1,0,0,114.75
1782793080977,0,0,0,204.85
1782793080977,1,0,0,114.72
1782793081111,0,54,31,232.15
1782793081111,1,0,0,114.75
1782793081247,0,54,31,263.68
1782793081247,1,0,0,114.70
1782793081379,0,54,35,244.33
1782793081379,1,0,0,114.73
1782793081516,0,76,52,257.46
1782793081516,1,0,0,114.70
1782793081651,0,76,52,292.61
1782793081651,1,0,0,114.72
1782793081783,0,17,17,289.52
1782793081783,1,0,0,114.69
1782793081914,0,16,11,304.00
1782793081914,1,0,0,114.73
1782793082047,0,16,11,330.53
1782793082047,1,0,0,114.69
1782793082182,0,95,72,338.05
1782793082182,1,0,0,114.71
1782793082313,0,7,5,323.70
1782793082313,1,0,0,114.66
1782793082447,0,7,5,332.72
1782793082447,1,0,0,114.69
1782793082583,0,89,66,334.72
1782793082583,1,0,0,114.66
1782793082715,0,17,17,331.86
1782793082715,1,0,0,114.68
1782793082847,0,17,17,335.98
1782793082847,1,0,0,114.63
1782793082980,0,12,7,324.44
1782793082980,1,0,0,114.61
1782793083114,0,93,66,326.44
1782793083114,1,0,0,114.59
1782793083246,0,93,66,310.15
1782793083246,1,0,0,114.64
1782793083380,0,29,18,315.89
1782793083380,1,0,0,114.61
1782793083514,0,91,61,321.33
1782793083514,1,0,0,114.63
1782793083647,0,91,61,299.80
1782793083647,1,0,0,114.58
1782793083780,0,0,0,291.13
1782793083780,1,0,0,114.58
1782793083912,0,43,22,308.53
1782793083912,1,0,0,114.59
1782793084047,0,43,22,313.33
1782793084047,1,0,0,114.60
1782793084179,0,47,28,283.96
1782793084179,1,0,0,114.63
1782793084312,0,58,35,294.07
1782793084312,1,0,0,114.65
1782793084447,0,58,35,296.77
1782793084447,1,0,0,114.62
1782793084580,0,20,19,255.35
1782793084580,1,0,0,114.61
1782793084712,0,3,2,256.15
1782793084712,1,2,2,119.60
1782793084844,0,3,2,260.08
1782793084844,1,2,2,120.31
1782793084977,0,0,0,216.54
1782793084977,1,0,0,120.25
1782793085110,0,0,0,197.54
1782793085110,1,5,1,120.71
1782793085251,0,57,9,168.56
1782793085251,1,5,1,120.79
1782793085388,0,57,9,143.04
1782793085388,1,3,1,125.37
1782793085521,0,0,0,130.58
1782793085521,1,54,22,152.86
1782793085656,0,0,0,129.64
1782793085656,1,54,22,159.45
1782793085791,0,0,0,125.64
1782793085791,1,37,13,167.57
1782793085926,0,0,0,125.49
1782793085926,1,64,23,190.70
1782793086060,0,0,0,125.35
1782793086060,1,64,23,201.15
1782793086195,0,0,0,123.79
1782793086195,1,65,20,208.26
1782793086330,0,0,0,122.16
1782793086330,1,53,16,226.20
1782793086465,0,0,0,122.02
1782793086465,1,53,16,226.39
1782793086601,0,0,0,121.97
1782793086601,1,52,19,220.86
1782793086737,0,0,0,121.93
1782793086737,1,37,11,215.47
1782793086872,0,0,0,121.86
1782793086872,1,37,11,213.90
1782793087006,0,0,0,121.83
1782793087006,1,55,19,213.91
1782793087141,0,0,0,121.80
1782793087141,1,58,21,215.62
1782793087277,0,0,0,121.78
1782793087277,1,58,21,211.68
1782793087412,0,0,0,121.75
1782793087412,1,54,17,211.82
1782793087548,0,0,0,121.77
1782793087548,1,47,16,213.73
1782793087682,0,0,0,121.73
1782793087682,1,47,16,216.27
1782793087816,0,0,0,121.70
1782793087816,1,56,18,218.38
1782793087950,0,0,0,121.67
1782793087950,1,58,20,219.07
1782793088085,0,0,0,121.61
1782793088085,1,58,20,217.83
1782793088220,0,0,0,121.61
1782793088220,1,50,17,219.55
1782793088355,0,0,0,121.57
1782793088355,1,42,13,220.12
1782793088490,0,0,0,121.53
1782793088490,1,42,13,221.26
1782793088625,0,0,0,121.50
1782793088625,1,56,19,217.29
1782793088759,0,0,0,121.43
1782793088759,1,52,17,216.62
1782793088895,0,0,0,121.44
1782793088895,1,52,17,218.14
1782793089029,0,0,0,121.43
1782793089029,1,54,18,216.86
1782793089163,0,0,0,121.43
1782793089163,1,54,18,215.41
1782793089298,0,0,0,121.40
1782793089298,1,54,18,215.13
1782793089433,0,0,0,121.38
1782793089433,1,50,17,211.78
1782793089568,0,0,0,121.35
1782793089568,1,45,15,211.98
1782793089703,0,0,0,121.36
1782793089703,1,45,15,213.32
1782793089837,0,0,0,121.35
1782793089837,1,51,18,216.01
1782793089971,0,0,0,121.31
1782793089971,1,58,19,218.73
1782793090107,0,0,0,121.27
1782793090107,1,58,19,215.47
1782793090242,0,0,0,121.25
1782793090242,1,59,17,217.56
1782793090376,0,0,0,121.22
1782793090376,1,60,23,220.24
1782793090511,0,0,0,121.24
1782793090511,1,63,21,220.59
1782793090646,0,0,0,121.22
1782793090646,1,63,21,219.69
1782793090780,0,0,0,121.17
1782793090780,1,49,15,218.73
1782793090914,0,0,0,121.17
1782793090914,1,48,16,213.80
1782793091050,0,0,0,121.14
1782793091050,1,48,16,212.50
1782793091185,0,0,0,121.13
1782793091185,1,55,19,216.01
1782793091319,0,0,0,121.11
1782793091319,1,58,20,211.43
1782793091455,0,0,0,121.05
1782793091455,1,58,20,210.67
1782793091588,0,0,0,121.03
1782793091588,1,55,16,210.41
1782793091722,0,0,0,121.02
1782793091722,1,50,18,213.96
1782793091856,0,0,0,120.97
1782793091856,1,50,18,215.29
1782793091993,0,0,0,120.96
1782793091993,1,61,19,213.75
1782793092128,0,0,0,120.93
1782793092128,1,41,14,215.48
1782793092264,0,0,0,120.88
1782793092264,1,41,14,217.41
1782793092398,0,0,0,120.87
1782793092398,1,55,17,216.71
1782793092533,0,0,0,120.87
1782793092533,1,48,15,216.94
1782793092668,0,0,0,120.81
1782793092668,1,48,15,215.85
1782793092804,0,0,0,120.80
1782793092804,1,50,16,211.50
1782793092939,0,0,0,120.81
1782793092939,1,55,19,214.76
1782793093073,0,0,0,120.79
1782793093073,1,55,19,217.27
1782793093209,0,0,0,120.78
1782793093209,1,59,18,214.38
1782793093344,0,0,0,120.76
1782793093344,1,50,17,216.76
1782793093479,0,0,0,120.72
1782793093479,1,50,17,217.20
1782793093613,0,0,0,120.71
1782793093613,1,51,16,218.01
1782793093748,0,0,0,120.71
1782793093748,1,56,18,217.96
1782793093882,0,0,0,120.66
1782793093882,1,56,18,216.67
1782793094015,0,0,0,120.67
1782793094015,1,48,17,217.94
1782793094150,0,0,0,120.67
1782793094150,1,50,18,221.23
1782793094285,0,0,0,120.65
1782793094285,1,50,18,217.26
1782793094419,0,0,0,120.66
1782793094419,1,52,15,213.28
1782793094554,0,0,0,120.67
1782793094554,1,49,18,218.10
1782793094688,0,0,0,120.67
1782793094688,1,49,18,219.91
1782793094824,0,0,0,120.67
1782793094824,1,62,22,216.66
1782793094958,0,0,0,120.62
1782793094958,1,50,15,216.07
1782793095092,0,0,0,120.59
1782793095092,1,50,15,217.07
1782793095226,0,0,0,120.61
1782793095226,1,54,19,218.76
1782793095360,0,0,0,120.55
1782793095360,1,61,22,222.42
1782793095495,0,0,0,120.54
1782793095495,1,61,22,224.47
1782793095629,0,0,0,120.52
1782793095629,1,55,18,218.13
1782793095762,0,0,0,120.50
1782793095762,1,55,17,216.35
1782793095898,0,0,0,120.50
1782793095898,1,55,17,217.30
1782793096033,0,0,0,120.50
1782793096033,1,44,14,216.42
1782793096167,0,0,0,120.51
1782793096167,1,56,21,215.34
1782793096303,0,0,0,120.53
1782793096303,1,56,21,215.58
1782793096439,0,0,0,120.52
1782793096439,1,56,17,211.81
1782793096573,0,0,0,120.50
1782793096573,1,55,18,210.34
1782793096708,0,0,0,120.49
1782793096708,1,55,18,211.45
1782793096843,0,0,0,120.49
1782793096843,1,52,18,211.98
1782793096977,0,0,0,120.45
1782793096977,1,48,16,211.04
1782793097112,0,0,0,120.45
1782793097112,1,60,21,212.79
1782793097245,0,0,0,120.41
1782793097245,1,60,21,210.14
1782793097380,0,0,0,120.35
1782793097380,1,56,17,211.45
1782793097515,0,0,0,120.36
1782793097515,1,43,14,211.21
1782793097649,0,0,0,120.33
1782793097649,1,43,14,212.51
1782793097784,0,0,0,120.32
1782793097784,1,61,20,209.46
1782793097917,0,0,0,120.31
1782793097917,1,55,19,208.93
1782793098052,0,0,0,120.28
1782793098052,1,55,19,209.32
1782793098186,0,0,0,120.28
1782793098186,1,62,22,209.16
1782793098319,0,0,0,120.28
1782793098319,1,59,17,209.89
1782793098454,0,0,0,120.24
1782793098454,1,59,17,210.04
1782793098590,0,0,0,120.24
1782793098590,1,44,14,211.81
1782793098724,0,0,0,120.22
1782793098724,1,56,17,214.97
1782793098858,0,0,0,120.19
1782793098858,1,56,17,216.06
1782793098992,0,0,0,120.20
1782793098992,1,52,17,215.48
1782793099127,0,0,0,120.21
1782793099127,1,50,18,216.94
1782793099261,0,0,0,120.19
1782793099261,1,50,18,217.66
1782793099395,0,0,0,120.20
1782793099395,1,56,20,220.63
1782793099529,0,0,0,120.20
1782793099529,1,56,17,218.00
1782793099663,0,0,0,120.19
1782793099663,1,56,17,215.78
1782793099797,0,0,0,120.20
1782793099797,1,44,15,215.83
1782793099932,0,0,0,120.21
1782793099932,1,64,23,219.03
1782793100066,0,0,0,120.20
1782793100066,1,64,23,218.46
1782793100201,0,0,0,120.20
1782793100201,1,52,16,214.41
1782793100335,0,0,0,120.20
1782793100335,1,59,21,216.23
1782793100471,0,0,0,120.14
1782793100471,1,59,21,215.97
1782793100605,0,0,0,120.14
1782793100605,1,58,18,216.51
1782793100739,0,0,0,120.14
1782793100739,1,53,20,216.21
1782793100875,0,0,0,120.10
1782793100875,1,53,20,215.30
1782793101008,0,0,0,120.08
1782793101008,1,53,18,214.85
1782793101142,0,0,0,120.08
1782793101142,1,52,16,214.17
1782793101276,0,0,0,120.05
1782793101276,1,52,16,214.77
1782793101411,0,0,0,120.07
1782793101411,1,55,19,212.96
1782793101544,0,0,0,120.10
1782793101544,1,53,17,216.41
1782793101678,0,0,0,120.09
1782793101678,1,53,17,216.20
1782793101812,0,0,0,120.08
1782793101812,1,45,14,217.81
1782793101946,0,0,0,120.08
1782793101946,1,61,20,216.52
1782793102081,0,0,0,120.05
1782793102081,1,61,20,220.24
1782793102215,0,0,0,120.06
1782793102215,1,60,20,221.65
1782793102348,0,0,0,120.06
1782793102348,1,59,19,220.44
1782793102482,0,0,0,120.05
1782793102482,1,59,19,218.97
1782793102616,0,0,0,120.04
1782793102616,1,47,15,218.13
1782793102750,0,0,0,120.02
1782793102750,1,64,22,221.16
1782793102884,0,0,0,120.01
1782793102884,1,64,22,218.48
1782793103018,0,0,0,120.02
1782793103018,1,60,19,219.57
1782793103153,0,0,0,120.02
1782793103153,1,63,21,217.70
1782793103287,0,0,0,119.99
1782793103287,1,63,21,217.16
1782793103427,0,0,0,119.97
1782793103427,1,55,18,221.58
1782793103561,0,0,0,119.95
1782793103561,1,63,20,220.52
1782793103694,0,0,0,119.97
1782793103694,1,63,20,222.52
1782793103829,0,0,0,119.96
1782793103829,1,58,23,223.89
1782793103963,0,0,0,119.94
1782793103963,1,66,22,223.65
1782793104097,0,0,0,119.92
1782793104097,1,66,22,221.97
1782793104232,0,0,0,119.90
1782793104232,1,56,17,224.38
1782793104366,0,0,0,119.89
1782793104366,1,58,19,221.50
1782793104500,0,0,0,119.89
1782793104500,1,58,19,222.27
1782793104634,0,0,0,119.87
1782793104634,1,64,20,221.17
1782793104769,0,0,0,119.82
1782793104769,1,53,18,221.04
1782793104902,0,0,0,119.80
1782793104902,1,53,18,219.98
1782793105036,0,0,0,119.79
1782793105036,1,61,22,222.76
1782793105170,0,0,0,119.83
1782793105170,1,56,17,222.34
1782793105304,0,0,0,119.83
1782793105304,1,56,17,219.74
1782793105438,0,0,0,119.81
1782793105438,1,52,18,222.42
1782793105571,0,0,0,119.80
1782793105571,1,65,21,221.92
1782793105706,0,0,0,119.82
1782793105706,1,65,21,222.52
1782793105840,0,0,0,119.83
1782793105840,1,53,16,219.17
1782793105975,0,0,0,119.82
1782793105975,1,55,20,218.81
1782793106108,0,0,0,119.81
1782793106108,1,55,20,216.43
1782793106242,0,0,0,119.80
1782793106242,1,49,16,216.59
1782793106376,0,0,0,119.82
1782793106376,1,42,15,215.89
1782793106511,0,0,0,119.83
1782793106511,1,42,15,213.11
1782793106644,0,0,0,119.85
1782793106644,1,50,16,211.96
1782793106778,0,0,0,119.85
1782793106778,1,56,18,212.35
1782793106912,0,0,0,119.88
1782793106912,1,56,18,213.73
1782793107046,0,0,0,119.87
1782793107046,1,56,19,213.05
1782793107179,0,0,0,119.84
1782793107179,1,51,16,215.93
1782793107314,0,0,0,119.85
1782793107314,1,51,16,216.80
1782793107448,0,0,0,119.84
1782793107448,1,64,20,214.18
1782793107582,0,0,0,119.81
1782793107582,1,43,14,213.16
1782793107716,0,0,0,119.81
1782793107716,1,56,19,215.26
1782793107850,0,0,0,119.79
1782793107850,1,56,19,218.79
1782793107983,0,0,0,119.78
1782793107983,1,67,23,216.63
1782793108117,0,0,0,119.78
1782793108117,1,57,17,215.59
1782793108251,0,0,0,119.80
1782793108251,1,57,17,214.20
1782793108385,0,0,0,119.78
1782793108385,1,51,18,214.40
1782793108518,0,0,0,119.77
1782793108518,1,46,16,217.96
1782793108652,0,0,0,119.79
1782793108652,1,46,16,218.72
1782793108786,0,0,0,119.75
1782793108786,1,59,19,219.84
1782793108919,0,0,0,119.76
1782793108919,1,53,17,216.84
1782793109053,0,0,0,119.75
1782793109053,1,53,17,217.67
1782793109187,0,0,0,119.71
1782793109187,1,64,20,217.57
1782793109321,0,0,0,119.71
1782793109321,1,50,16,218.73
1782793109455,0,0,0,119.69
1782793109455,1,50,16,218.46
1782793109591,0,0,0,119.70
1782793109591,1,56,19,218.90
1782793109723,0,0,0,119.68
1782793109723,1,57,19,218.17
1782793109857,0,0,0,119.65
1782793109857,1,57,19,217.30
1782793109992,0,0,0,119.63
1782793109992,1,64,19,213.71
1782793110126,0,0,0,119.65
1782793110126,1,55,20,216.48
1782793110260,0,0,0,119.62
1782793110260,1,55,20,217.10
1782793110395,0,0,0,119.62
1782793110395,1,55,20,218.72
1782793110529,0,0,0,119.61
1782793110529,1,54,17,213.69
1782793110663,0,0,0,119.60
1782793110663,1,54,17,216.57
1782793110797,0,0,0,119.61
1782793110797,1,63,23,215.12
1782793110931,0,0,0,119.63
1782793110931,1,54,16,215.44
1782793111066,0,0,0,119.65
1782793111066,1,54,16,214.29
1782793111200,0,0,0,119.65
1782793111200,1,49,18,218.29
1782793111334,0,0,0,119.66
1782793111334,1,57,19,216.32
1782793111469,0,0,0,119.64
1782793111469,1,57,19,216.85
1782793111602,0,0,0,119.65
1782793111602,1,56,17,219.48
1782793111737,0,0,0,119.66
1782793111737,1,46,16,215.96
1782793111871,0,0,0,119.67
1782793111871,1,46,16,215.14
1782793112006,0,0,0,119.68
1782793112006,1,38,13,215.94
1782793112141,0,0,0,119.67
1782793112141,1,60,21,216.80
1782793112276,0,0,0,119.66
1782793112276,1,60,21,216.90
1782793112409,0,0,0,119.66
1782793112409,1,60,19,216.39
1782793112544,0,0,0,119.67
1782793112544,1,51,16,214.58
1782793112678,0,0,0,119.66
1782793112678,1,51,16,214.20
1782793112812,0,0,0,119.66
1782793112812,1,51,19,217.04
1782793112948,0,0,0,119.64
1782793112948,1,60,22,221.78
1782793113081,0,0,0,119.63
1782793113081,1,60,22,221.07
1782793113216,0,0,0,119.64
1782793113216,1,61,19,215.01
1782793113351,0,0,0,119.66
1782793113351,1,38,12,214.65
1782793113484,0,0,0,119.65
1782793113484,1,38,12,220.36
1782793113618,0,0,0,119.62
1782793113618,1,50,18,223.61
1782793113752,0,0,0,119.62
1782793113752,1,45,14,219.92
1782793113887,0,0,0,119.64
1782793113887,1,45,14,217.83
1782793114021,0,0,0,119.64
1782793114021,1,52,19,217.21
1782793114154,0,0,0,119.66
1782793114154,1,49,17,218.23
1782793114289,0,0,0,119.63
1782793114289,1,49,17,221.49
1782793114424,0,0,0,119.62
1782793114424,1,53,17,221.24
1782793114558,0,0,0,119.66
1782793114558,1,54,19,221.24
1782793114692,0,0,0,119.67
1782793114692,1,54,19,218.64
1782793114826,0,0,0,119.67
1782793114826,1,52,16,220.08
1782793114960,0,0,0,119.64
1782793114960,1,61,19,216.39
1782793115095,0,0,0,119.62
1782793115095,1,61,19,214.03
1782793115229,0,0,0,119.60
1782793115229,1,46,15,214.75
1782793115362,0,0,0,119.61
1782793115362,1,55,19,216.35
1782793115496,0,0,0,119.57
1782793115496,1,55,19,211.89
1782793115630,0,0,0,119.56
1782793115630,1,49,16,211.47
1782793115767,0,0,0,119.55
1782793115767,1,52,17,212.33
1782793115902,0,0,0,119.56
1782793115902,1,52,17,214.55
1782793116037,0,0,0,119.58
1782793116037,1,57,18,217.06
1782793116171,0,0,0,119.59
1782793116171,1,55,17,217.62
1782793116304,0,0,0,119.57
1782793116304,1,55,17,213.69
1782793116439,0,0,0,119.59
1782793116439,1,42,13,213.57
1782793116573,0,0,0,119.58
1782793116573,1,47,15,215.70
1782793116708,0,0,0,119.58
1782793116708,1,47,15,214.22
1782793116843,0,0,0,119.58
1782793116843,1,43,14,214.16
1782793116977,0,0,0,119.55
1782793116977,1,47,17,212.40
1782793117111,0,0,0,119.52
1782793117111,1,47,17,212.34
1782793117245,0,0,0,119.51
1782793117245,1,44,15,214.33
1782793117378,0,0,0,119.49
1782793117378,1,48,16,216.85
1782793117512,0,0,0,119.48
1782793117512,1,48,16,217.75
1782793117647,0,0,0,119.51
1782793117647,1,59,20,217.86
1782793117781,0,0,0,119.50
1782793117781,1,42,13,215.04
1782793117916,0,0,0,119.49
1782793117916,1,55,20,220.78
1782793118053,0,0,0,119.49
1782793118053,1,55,20,219.65
1782793118187,0,0,0,119.52
1782793118187,1,44,15,216.93
1782793118322,0,0,0,119.54
1782793118322,1,50,18,214.98
1782793118456,0,0,0,119.54
1782793118456,1,50,18,215.08
1782793118590,0,0,0,119.54
1782793118590,1,55,18,212.14
1782793118725,0,0,0,119.53
1782793118725,1,36,11,213.34
1782793118859,0,0,0,119.57
1782793118859,1,36,11,210.17
1782793118993,0,0,0,119.57
1782793118993,1,58,20,210.62
1782793119128,0,0,0,119.56
1782793119128,1,53,17,210.42
1782793119262,0,0,0,119.56
1782793119262,1,53,17,211.78
1782793119396,0,0,0,119.56
1782793119396,1,50,16,211.26
1782793119530,0,0,0,119.54
1782793119530,1,56,20,213.26
1782793119665,0,0,0,119.56
1782793119665,1,56,20,214.86
1782793119799,0,0,0,119.55
1782793119799,1,56,19,214.05
1782793119933,0,0,0,119.56
1782793119933,1,46,15,217.30
1782793120067,0,0,0,119.56
1782793120067,1,46,15,218.79
1782793120203,0,0,0,119.54
1782793120203,1,53,17,218.03
1782793120336,0,0,0,119.54
1782793120336,1,41,14,217.37
1782793120469,0,0,0,119.54
1782793120469,1,41,14,217.84
1782793120603,0,0,0,119.56
1782793120603,1,59,21,220.34
1782793120737,0,0,0,119.55
1782793120737,1,54,17,219.70
1782793120871,0,0,0,119.52
1782793120871,1,54,17,217.44
1782793121006,0,0,0,119.53
1782793121006,1,55,18,214.98
1782793121140,0,0,0,119.54
1782793121140,1,57,22,218.74
1782793121274,0,0,0,119.55
1782793121274,1,57,22,218.74
1782793121408,0,0,0,119.55
1782793121408,1,41,13,218.30
1782793121544,0,0,0,119.54
1782793121544,1,65,21,215.91
1782793121678,0,0,0,119.53
1782793121678,1,65,21,215.60
1782793121814,0,0,0,119.53
1782793121814,1,44,14,216.45
1782793121948,0,0,0,119.55
1782793121948,1,48,16,217.01
1782793122082,0,0,0,119.54
1782793122082,1,48,16,216.84
1782793122217,0,0,0,119.53
1782793122217,1,54,19,216.87
1782793122351,0,0,0,119.52
1782793122351,1,48,14,213.92
1782793122484,0,0,0,119.52
1782793122484,1,48,14,212.66
1782793122619,0,0,0,119.53
1782793122619,1,40,13,215.11
1782793122755,0,0,0,119.52
1782793122755,1,63,22,215.03
1782793122889,0,0,0,119.50
1782793122889,1,63,22,214.32
1782793123023,0,0,0,119.51
1782793123023,1,50,16,211.05
1782793123159,0,0,0,119.50
1782793123159,1,45,15,209.44
1782793123294,0,0,0,119.52
1782793123294,1,45,15,214.54
1782793123428,0,0,0,119.54
1782793123428,1,65,24,215.43
1782793123564,0,0,0,119.50
1782793123564,1,58,17,213.30
1782793123699,0,0,0,119.50
1782793123699,1,58,17,213.25
1782793123833,0,0,0,119.50
1782793123833,1,56,21,217.91
1782793123967,0,0,0,119.51
1782793123967,1,64,19,217.64
1782793124101,0,0,0,119.50
1782793124101,1,64,19,219.19
1782793124235,0,0,0,119.51
1782793124235,1,52,16,214.82
1782793124369,0,0,0,119.48
1782793124369,1,62,24,212.56
1782793124502,0,0,0,119.46
1782793124502,1,62,24,217.95
1782793124639,0,0,0,119.46
1782793124639,1,64,24,220.38
1782793124772,0,0,0,119.46
1782793124772,1,51,16,218.46
1782793124906,0,0,0,119.46
1782793124906,1,51,16,218.12
1782793125039,0,0,0,119.45
1782793125039,1,58,19,218.31
1782793125173,0,0,0,119.44
1782793125173,1,52,16,218.38
1782793125308,0,0,0,119.45
1782793125308,1,52,16,217.73
1782793125442,0,0,0,119.48
1782793125442,1,48,16,216.45
1782793125577,0,0,0,119.49
1782793125577,1,52,16,214.46
1782793125712,0,0,0,119.50
1782793125712,1,52,16,211.53
1782793125847,0,0,0,119.49
1782793125847,1,52,18,210.77
1782793125981,0,0,0,119.50
1782793125981,1,47,16,211.74
1782793126115,0,0,0,119.52
1782793126115,1,47,16,210.66
1782793126251,0,0,0,119.52
1782793126251,1,47,15,209.43
1782793126384,0,0,0,119.51
1782793126384,1,55,19,209.66
1782793126518,0,0,0,119.50
1782793126518,1,55,19,210.10
1782793126652,0,0,0,119.49
1782793126652,1,62,21,210.73
1782793126786,0,0,0,119.50
1782793126786,1,60,18,208.30
1782793126921,0,0,0,119.49
1782793126921,1,40,12,204.60
1782793127056,0,0,0,119.49
1782793127056,1,40,12,207.09
1782793127191,0,0,0,119.45
1782793127191,1,51,18,209.32
1782793127326,0,0,0,119.43
1782793127326,1,62,21,213.02
1782793127461,0,0,0,119.45
1782793127461,1,62,21,213.64
1782793127595,0,0,0,119.45
1782793127595,1,57,18,213.63
1782793127730,0,0,0,119.44
1782793127730,1,52,15,214.83
1782793127864,0,0,0,119.41
1782793127864,1,52,15,215.60
1782793127998,0,0,0,119.41
1782793127998,1,39,13,219.87
1782793128132,0,0,0,119.43
1782793128132,1,53,19,218.63
1782793128267,0,0,0,119.43
1782793128267,1,53,19,214.18
1782793128401,0,0,0,119.42
1782793128401,1,54,17,212.47
1782793128536,0,0,0,119.40
1782793128536,1,55,20,214.92
1782793128669,0,0,0,119.39
1782793128669,1,55,20,216.58
1782793128803,0,0,0,119.39
1782793128803,1,54,17,216.81
1782793128938,0,0,0,119.42
1782793128938,1,44,14,213.65
1782793129074,0,0,0,119.45
1782793129074,1,44,14,215.11
1782793129211,0,0,0,119.46
1782793129211,1,59,21,215.03
1782793129344,0,0,0,119.44
1782793129344,1,53,17,218.99
1782793129478,0,0,0,119.45
1782793129478,1,53,17,218.02
1782793129612,0,0,0,119.45
1782793129612,1,58,22,217.56
1782793129747,0,0,0,119.43
1782793129747,1,51,16,221.71
1782793129881,0,0,0,119.40
1782793129881,1,51,16,223.29
1782793130016,0,0,0,119.38
1782793130016,1,50,15,223.34
1782793130151,0,0,0,119.39
1782793130151,1,44,14,220.70
1782793130285,0,0,0,119.39
1782793130285,1,44,14,220.76
1782793130418,0,0,0,119.40
1782793130418,1,64,21,219.74
1782793130553,0,0,0,119.39
1782793130553,1,57,19,218.02
1782793130687,0,0,0,119.39
1782793130687,1,57,19,215.63
1782793130821,0,0,0,119.40
1782793130821,1,47,15,215.75
1782793130956,0,0,0,119.41
1782793130956,1,61,21,215.82
1782793131090,0,0,0,119.43
1782793131090,1,61,21,216.65
1782793131224,0,0,0,119.43
1782793131224,1,51,17,215.84
1782793131358,0,0,0,119.43
1782793131358,1,56,19,217.20
1782793131494,0,0,0,119.45
1782793131494,1,56,19,215.71
1782793131629,0,0,0,119.46
1782793131629,1,55,16,215.98
1782793131762,0,0,0,119.44
1782793131762,1,52,19,215.82
1782793131895,0,0,0,119.44
1782793131895,1,52,19,213.54
1782793132030,0,0,0,119.43
1782793132030,1,55,18,218.51
1782793132164,0,0,0,119.40
1782793132164,1,55,18,220.59
1782793132297,0,0,0,119.41
1782793132297,1,55,18,218.50
1782793132432,0,0,0,119.42
1782793132432,1,57,18,220.26
1782793132566,0,0,0,119.45
1782793132566,1,55,17,221.52
1782793132700,0,0,0,119.46
1782793132700,1,55,17,219.96
1782793132835,0,0,0,119.44
1782793132835,1,51,19,222.93
1782793132969,0,0,0,119.45
1782793132969,1,53,17,219.51
1782793133103,0,0,0,119.47
1782793133103,1,53,17,219.59
1782793133238,0,0,0,119.48
1782793133238,1,54,18,218.67
1782793133372,0,0,0,119.46
1782793133372,1,57,18,216.17
1782793133508,0,0,0,119.45
1782793133508,1,57,18,214.34
1782793133641,0,0,0,119.44
1782793133641,1,48,15,213.65
1782793133775,0,0,0,119.44
1782793133775,1,49,19,215.61
1782793133909,0,0,0,119.44
1782793133909,1,49,19,213.43
1782793134043,0,0,0,119.45
1782793134043,1,48,16,214.13
1782793134177,0,0,0,119.43
1782793134177,1,51,17,213.78
1782793134312,0,0,0,119.41
1782793134312,1,51,17,214.45
1782793134445,0,0,0,119.42
1782793134445,1,56,18,214.61
1782793134579,0,0,0,119.39
1782793134579,1,44,15,216.30
1782793134714,0,0,0,119.40
1782793134714,1,44,15,216.94
1782793134849,0,0,0,119.38
1782793134849,1,55,18,211.42
1782793134983,0,0,0,119.37
1782793134983,1,56,17,210.81
1782793135117,0,0,0,119.35
1782793135117,1,56,17,213.87
1782793135251,0,0,0,119.37
1782793135251,1,52,18,212.40
1782793135386,0,0,0,119.38
1782793135386,1,45,14,214.43
1782793135520,0,0,0,119.37
1782793135520,1,45,14,215.99
1782793135654,0,0,0,119.37
1782793135654,1,61,20,211.88
1782793135787,0,0,0,119.40
1782793135787,1,43,14,213.53
1782793135922,0,0,0,119.38
1782793135922,1,43,14,214.43
1782793136057,0,0,0,119.40
1782793136057,1,52,18,210.81
1782793136190,0,0,0,119.41
1782793136190,1,58,19,209.76
1782793136325,0,0,0,119.38
1782793136325,1,50,17,212.39
1782793136459,0,0,0,119.39
1782793136459,1,50,17,213.52
1782793136593,0,0,0,119.42
1782793136593,1,63,22,216.29
1782793136728,0,0,0,119.42
1782793136728,1,54,17,214.36
1782793136863,0,0,0,119.41
1782793136863,1,54,17,214.37
1782793136996,0,0,0,119.39
1782793136996,1,54,17,214.73
1782793137130,0,0,0,119.39
1782793137130,1,44,16,216.11
1782793137263,0,0,0,119.39
1782793137263,1,44,16,219.25
1782793137397,0,0,0,121.68
1782793137397,1,62,21,217.56
1782793137533,0,40,17,137.93
1782793137533,1,55,18,212.46
1782793137669,0,43,24,173.88
1782793137669,1,55,18,215.63
1782793137805,0,43,24,177.59
1782793137805,1,55,20,218.24
1782793137940,0,39,17,193.34
1782793137940,1,50,15,217.28
1782793138078,0,48,36,232.85
1782793138078,1,50,15,219.53
1782793138212,0,48,36,235.22
1782793138212,1,62,21,216.66
1782793138345,0,3,0,235.27
1782793138345,1,62,19,217.07
1782793138480,0,55,33,250.20
1782793138480,1,62,19,217.57
1782793138618,0,55,33,252.78
1782793138618,1,57,19,219.14
1782793138753,0,14,8,241.76
1782793138753,1,53,16,216.35
1782793138888,0,53,33,262.70
1782793138888,1,53,16,217.48
1782793139028,0,53,33,262.13
1782793139028,1,46,15,218.82
1782793139162,0,21,20,250.09
1782793139162,1,43,13,219.99
1782793139297,0,3,0,256.02
1782793139297,1,43,13,220.60
1782793139433,0,3,0,266.32
1782793139433,1,57,21,221.56
1782793139570,0,71,50,268.34
1782793139570,1,57,18,217.91
1782793139704,0,3,0,271.58
1782793139704,1,57,18,219.51
1782793139840,0,3,0,278.20
1782793139840,1,47,16,220.30
1782793139978,0,68,47,292.80
1782793139978,1,66,24,219.05
1782793140113,0,17,17,290.52
1782793140113,1,66,24,218.25
1782793140247,0,17,17,287.26
1782793140247,1,63,19,213.74
1782793140384,0,0,0,294.92
1782793140384,1,58,22,213.65
1782793140527,0,72,54,299.91
1782793140527,1,53,20,218.09
1782793140664,0,18,11,304.68
1782793140664,1,53,20,217.70
1782793140799,0,18,11,308.71
1782793140799,1,54,17,214.74
1782793140940,0,67,48,307.45
1782793140940,1,51,18,213.26
1782793141078,0,50,40,314.35
1782793141078,1,51,18,214.94
1782793141212,0,50,40,318.20
1782793141212,1,50,17,217.18
1782793141346,0,2,0,314.51
1782793141346,1,49,16,214.79
1782793141483,0,70,50,311.14
1782793141483,1,49,16,213.85
1782793141621,0,70,50,296.09
1782793141621,1,56,19,211.74
1782793141758,0,10,6,304.40
1782793141758,1,53,17,214.76
1782793141895,0,83,59,306.34
1782793141895,1,53,17,214.82
1782793142030,0,83,59,284.62
1782793142030,1,55,18,210.63
1782793142166,0,30,19,322.50
1782793142166,1,49,17,210.68
1782793142303,0,90,60,352.10
1782793142303,1,49,17,213.05
1782793142438,0,90,60,331.48
1782793142438,1,61,22,210.63
1782793142573,0,0,0,285.83
1782793142573,1,45,13,209.44
1782793142710,0,47,30,302.58
1782793142710,1,45,13,207.16
1782793142846,0,47,30,313.14
1782793142846,1,42,14,210.40
1782793142982,0,90,62,314.75
1782793142982,1,56,20,210.76
1782793143118,0,55,31,317.97
1782793143118,1,56,20,212.31
1782793143256,0,55,31,330.05
1782793143256,1,57,18,209.41
1782793143391,0,72,49,327.30
1782793143391,1,48,15,209.32
1782793143528,0,62,41,357.40
1782793143528,1,62,21,214.50
1782793143666,0,63,49,376.82
1782793143666,1,62,21,214.89
1782793143801,0,63,49,347.27
1782793143801,1,57,17,212.47
1782793143935,0,1,0,311.26
1782793143935,1,48,16,212.12
1782793144072,0,75,53,330.67
1782793144072,1,48,16,210.47
1782793144211,0,75,53,320.66
1782793144211,1,51,16,213.78
1782793144347,0,18,10,315.84
1782793144347,1,40,13,212.66
1782793144483,0,87,60,335.57
1782793144483,1,40,13,210.77
1782793144623,0,87,60,308.83
1782793144623,1,50,16,210.17
1782793144759,0,52,29,317.11
1782793144759,1,54,18,215.98
1782793144895,0,55,37,362.85
1782793144895,1,54,18,215.73
1782793145032,0,55,37,367.18
1782793145032,1,46,15,215.49
1782793145170,0,76,54,371.16
1782793145170,1,47,16,216.15
1782793145305,0,18,18,357.73
1782793145305,1,47,16,219.18
1782793145439,0,18,18,327.24
1782793145439,1,60,19,215.37
1782793145576,0,16,10,321.54
1782793145576,1,44,13,215.89
1782793145715,0,100,65,332.67
1782793145715,1,44,13,218.26
1782793145852,0,100,65,329.05
1782793145852,1,65,24,218.72
1782793145987,0,11,7,288.48
1782793145987,1,60,21,218.77
1782793146122,0,0,0,260.53
1782793146122,1,60,21,219.28
1782793146257,0,0,0,230.65
1782793146257,1,55,17,213.45
1782793146391,0,0,0,246.39
1782793146391,1,48,16,215.90
1782793146526,0,74,53,263.79
1782793146526,1,56,21,219.98
1782793146663,0,74,53,276.78
1782793146663,1,56,21,217.85
1782793146799,0,59,41,267.42
1782793146799,1,53,18,217.95
1782793146936,0,93,70,300.49
1782793146936,1,57,18,213.85
1782793147072,0,40,27,358.33
1782793147072,1,57,18,213.16
1782793147207,0,40,27,390.76
1782793147207,1,47,15,216.37
1782793147343,0,93,65,426.79
1782793147343,1,48,16,217.97
1782793147481,0,72,49,429.83
1782793147481,1,48,16,218.19
1782793147618,0,72,49,430.86
1782793147618,1,59,20,218.01
1782793147752,0,61,42,432.15
1782793147752,1,63,20,215.67
1782793147889,0,92,72,437.22
1782793147889,1,63,20,218.58
1782793148027,0,92,72,437.99
1782793148027,1,54,19,218.96
1782793148164,0,46,30,440.23
1782793148164,1,51,16,217.58
1782793148302,0,94,64,438.73
1782793148302,1,51,16,216.41
1782793148439,0,94,64,432.87
1782793148439,1,50,15,213.28
1782793148573,0,0,0,360.79
1782793148573,1,45,14,213.32
1782793148709,0,68,41,374.42
1782793148709,1,45,14,212.92
1782793148847,0,68,41,382.91
1782793148847,1,48,16,212.25
1782793148982,0,92,58,360.66
1782793148982,1,44,14,213.77
1782793149119,0,61,43,363.24
1782793149119,1,44,14,215.10
1782793149257,0,61,43,365.16
1782793149257,1,50,20,219.00
1782793149393,0,70,48,370.15
1782793149393,1,56,17,218.23
1782793149532,0,84,64,411.54
1782793149532,1,52,16,217.65
1782793149670,0,46,30,424.56
1782793149670,1,52,16,215.87
1782793149807,0,46,30,415.95
1782793149807,1,51,18,216.15
1782793149945,0,93,63,417.42
1782793149945,1,56,16,211.46
1782793150081,0,65,40,429.66
1782793150081,1,56,16,212.60
1782793150219,0,65,40,429.14
1782793150219,1,61,23,209.04
1782793150357,0,84,57,428.70
1782793150357,1,62,20,211.25
1782793150493,0,84,63,431.66
1782793150493,1,62,20,210.94
1782793150630,0,84,63,435.73
1782793150630,1,47,14,217.39
1782793150768,0,51,34,434.77
1782793150768,1,60,19,216.43
1782793150907,0,93,65,436.58
1782793150907,1,60,19,218.32
1782793151042,0,93,65,434.59
1782793151042,1,52,18,220.86
1782793151177,0,0,0,366.92
1782793151177,1,37,13,221.04
1782793151312,0,32,20,365.74
1782793151312,1,37,13,220.98
1782793151451,0,32,20,361.73
1782793151451,1,55,19,221.19
1782793151586,0,89,61,333.75
1782793151586,1,48,15,219.32
1782793151722,0,65,44,341.94
1782793151722,1,48,15,216.97
1782793151859,0,65,44,340.88
1782793151859,1,45,14,216.10
1782793151995,0,34,22,318.15
1782793151995,1,54,18,214.57
1782793152133,0,89,66,348.98
1782793152133,1,51,17,214.95
1782793152269,0,52,32,364.63
1782793152269,1,51,17,211.84
1782793152407,0,52,32,371.89
1782793152407,1,46,16,212.07
1782793152544,0,77,54,364.43
1782793152544,1,55,18,213.23
1782793152679,0,2,0,326.84
1782793152679,1,55,18,212.62
1782793152813,0,2,0,313.49
1782793152813,1,51,18,215.13
1782793152953,0,72,50,331.31
1782793152953,1,56,19,218.46
1782793153091,0,34,23,313.60
1782793153091,1,56,19,218.17
1782793153228,0,34,23,325.78
1782793153228,1,58,18,220.74
1782793153365,0,71,52,335.93
1782793153365,1,46,15,220.16
1782793153500,0,15,9,318.36
1782793153500,1,46,15,215.51
1782793153636,0,15,9,348.25
1782793153636,1,47,15,220.45
1782793153773,0,92,69,384.78
1782793153773,1,53,17,219.69
1782793153907,0,0,0,356.93
1782793153907,1,53,17,219.93
1782793154042,0,0,0,320.37
1782793154042,1,54,20,219.51
1782793154180,0,25,15,332.59
1782793154180,1,53,19,218.87
1782793154319,0,87,58,331.64
1782793154319,1,53,19,219.27
1782793154453,0,87,58,309.23
1782793154453,1,56,18,220.07
1782793154591,0,51,29,325.27
1782793154591,1,44,15,221.66
1782793154729,0,61,40,307.93
1782793154729,1,52,18,219.23
1782793154866,0,61,40,297.77
1782793154866,1,52,18,219.84
1782793155003,0,58,37,357.47
1782793155003,1,47,16,219.21
1782793155141,0,54,42,348.14
1782793155141,1,55,18,221.84
1782793155276,0,3,0,292.23
1782793155276,1,55,18,221.26
1782793155411,0,3,0,299.32
1782793155411,1,59,19,220.16
1782793155546,0,55,30,300.69
1782793155546,1,51,18,221.98
1782793155684,0,83,57,307.68
1782793155684,1,51,18,220.30
1782793155819,0,83,57,299.67
1782793155819,1,48,16,223.27
1782793155955,0,61,39,300.73
1782793155955,1,46,14,222.19
1782793156093,0,92,64,319.57
1782793156093,1,46,14,220.17
1782793156230,0,92,64,323.15
1782793156230,1,50,15,218.37
1782793156365,0,0,0,327.17
1782793156365,1,47,15,221.67
1782793156499,0,42,25,316.74
1782793156499,1,47,15,222.61
1782793156640,0,42,25,309.71
1782793156640,1,46,16,219.91
1782793156776,0,84,56,307.35
1782793156776,1,44,14,218.23
1782793156911,0,0,0,276.25
1782793156911,1,44,14,217.55
1782793157046,0,0,0,245.20
1782793157046,1,49,15,216.32
1782793157181,0,0,0,202.12
1782793157181,1,56,21,219.70
1782793157315,0,0,0,203.49
1782793157315,1,56,21,220.25
1782793157449,0,0,0,212.08
1782793157449,1,52,17,220.89
1782793157588,0,49,25,213.96
1782793157588,1,53,18,220.91
1782793157725,0,81,60,207.63
1782793157725,1,53,18,221.46
1782793157860,0,81,60,207.23
1782793157860,1,53,17,223.92
1782793157994,0,3,0,213.55
1782793157994,1,55,20,227.27
1782793158131,0,42,20,232.53
1782793158131,1,63,19,221.80
1782793158267,0,42,20,262.82
1782793158267,1,63,19,221.31
1782793158402,0,42,24,271.52
1782793158402,1,55,19,221.29
1782793158538,0,37,16,268.27
1782793158538,1,49,16,217.52
1782793158677,0,53,39,249.96
1782793158677,1,49,16,219.29
1782793158811,0,53,39,249.12
1782793158811,1,53,19,219.80
1782793158945,0,3,0,251.46
1782793158945,1,50,17,218.58
1782793159081,0,41,20,252.51
1782793159081,1,50,17,218.34
1782793159219,0,41,20,251.75
1782793159219,1,53,16,217.77
1782793159353,0,27,14,241.86
1782793159353,1,69,24,221.65
1782793159493,0,53,31,247.98
1782793159493,1,69,24,220.37
1782793159629,0,53,31,247.72
1782793159629,1,53,16,221.15
1782793159764,0,27,23,237.01
1782793159764,1,57,19,218.09
1782793159902,0,0,0,236.81
1782793159902,1,57,19,215.39
1782793160037,0,0,0,228.76
1782793160037,1,47,15,214.60
1782793160173,0,0,0,189.27
1782793160173,1,59,21,214.97
1782793160307,0,0,0,183.30
1782793160307,1,59,21,212.83
1782793160443,0,0,0,174.44
1782793160443,1,55,19,212.37
1782793160579,0,0,0,130.31
1782793160579,1,59,18,214.86
1782793160714,0,0,0,122.37
1782793160714,1,59,18,214.30
1782793160849,0,0,0,122.23
1782793160849,1,50,16,216.75
1782793160983,0,0,0,122.07
1782793160983,1,47,16,217.09
1782793161118,0,0,0,122.03
1782793161118,1,47,16,217.04
1782793161252,0,0,0,122.00
1782793161252,1,54,19,215.38
1782793161388,0,0,0,121.89
1782793161388,1,50,16,216.29
1782793161522,0,0,0,121.86
1782793161522,1,50,16,214.80
1782793161658,0,0,0,121.84
1782793161658,1,56,17,211.96
1782793161793,0,0,0,121.77
1782793161793,1,40,13,213.84
1782793161929,0,0,0,121.75
1782793161929,1,40,13,216.53
1782793162063,0,0,0,121.75
1782793162063,1,55,18,218.19
1782793162198,0,0,0,121.66
1782793162198,1,46,15,221.14
1782793162333,0,0,0,121.65
1782793162333,1,55,18,218.76
1782793162467,0,0,0,121.65
1782793162467,1,55,18,218.98
1782793162602,0,0,0,121.62
1782793162602,1,46,16,222.15
1782793162735,0,0,0,121.59
1782793162735,1,55,18,222.54
1782793162870,0,0,0,121.58
1782793162870,1,55,18,220.60
1782793163004,0,0,0,121.53
1782793163004,1,56,20,218.44
1782793163138,0,0,0,121.50
1782793163138,1,59,18,217.18
1782793163273,0,0,0,121.46
1782793163273,1,59,18,216.82
1782793163410,0,0,0,121.44
1782793163410,1,51,17,216.76
1782793163546,0,0,0,121.42
1782793163546,1,59,18,216.98
1782793163679,0,0,0,121.39
1782793163679,1,59,18,216.00
1782793163816,0,0,0,121.35
1782793163816,1,47,17,218.65
1782793163950,0,0,0,121.36
1782793163950,1,61,20,217.17
1782793164085,0,0,0,121.34
1782793164085,1,61,20,213.70
1782793164219,0,0,0,121.32
1782793164219,1,49,15,213.23
1782793164352,0,0,0,121.34
1782793164352,1,50,18,214.63
1782793164485,0,0,0,121.32
1782793164485,1,50,18,213.74
1782793164620,0,0,0,121.31
1782793164620,1,63,21,214.21
1782793164754,0,0,0,121.30
1782793164754,1,41,14,208.43
1782793164889,0,0,0,121.29
1782793164889,1,41,14,210.11
1782793165024,0,0,0,121.27
1782793165024,1,47,15,210.92
1782793165158,0,0,0,121.26
1782793165158,1,51,15,216.07
1782793165292,0,0,0,121.20
1782793165292,1,51,15,216.71
1782793165426,0,0,0,121.17
1782793165426,1,58,21,215.95
1782793165561,0,0,0,121.17
1782793165561,1,60,20,216.44
1782793165696,0,0,0,121.13
1782793165696,1,60,20,217.34
1782793165830,0,0,0,121.11
1782793165830,1,46,14,217.52
1782793165964,0,0,0,121.10
1782793165964,1,62,20,217.64
1782793166099,0,0,0,121.07
1782793166099,1,62,20,216.24
1782793166233,0,0,0,121.05
1782793166233,1,61,18,216.19
1782793166366,0,0,0,121.06
1782793166366,1,48,16,215.08
1782793166500,0,0,0,121.06
1782793166500,1,48,16,217.26
1782793166633,0,0,0,121.06
1782793166633,1,70,26,220.49
1782793166767,0,0,0,121.05
1782793166767,1,58,19,223.64
1782793166901,0,0,0,121.00
1782793166901,1,58,19,221.08
1782793167034,0,0,0,121.01
1782793167034,1,46,15,219.94
1782793167169,0,0,0,121.03
1782793167169,1,61,19,221.55
1782793167303,0,0,0,120.98
1782793167303,1,61,19,220.86
1782793167437,0,0,0,120.95
1782793167437,1,52,17,218.08
1782793167573,0,0,0,120.93
1782793167573,1,52,20,216.43
1782793167707,0,0,0,120.89
1782793167707,1,52,20,218.68
1782793167843,0,0,0,120.92
1782793167843,1,55,17,214.04
1782793167977,0,0,0,120.91
1782793167977,1,43,14,214.78
1782793168112,0,0,0,120.88
1782793168112,1,43,14,215.33
1782793168246,0,0,0,120.86
1782793168246,1,51,17,215.74
1782793168380,0,0,0,120.87
1782793168380,1,49,16,214.52
1782793168514,0,0,0,120.89
1782793168514,1,49,16,212.97
1782793168647,0,0,0,120.89
1782793168647,1,53,20,213.19
1782793168780,0,0,0,120.87
1782793168780,1,52,19,213.12
1782793168915,0,0,0,120.86
1782793168915,1,52,19,215.40
1782793169049,0,0,0,120.84
1782793169049,1,61,19,212.93
1782793169182,0,0,0,120.83
1782793169182,1,56,18,211.64
1782793169316,0,0,0,120.81
1782793169316,1,56,18,209.80
1782793169450,0,0,0,120.79
1782793169450,1,54,18,213.54
1782793169585,0,0,0,120.77
1782793169585,1,50,16,211.45
1782793169719,0,0,0,120.76
1782793169719,1,50,16,211.14
1782793169852,0,0,0,120.75
1782793169852,1,40,14,212.17
1782793169985,0,0,0,120.75
1782793169985,1,36,10,209.15
1782793170121,0,0,0,120.73
1782793170121,1,36,10,211.49
1782793170256,0,0,0,120.74
1782793170256,1,38,13,210.80
1782793170389,0,0,0,120.73
1782793170389,1,68,27,215.58
1782793170525,0,0,0,120.69
1782793170525,1,68,27,215.42
1782793170659,0,0,0,120.70
1782793170659,1,60,18,215.03
1782793170793,0,0,0,120.69
1782793170793,1,50,17,216.60
1782793170927,0,0,0,120.68
1782793170927,1,50,17,215.69
1782793171063,0,0,0,120.65
1782793171063,1,45,15,219.50
1782793171198,0,0,0,120.62
1782793171198,1,50,17,221.56
1782793171333,0,0,0,120.64
1782793171333,1,50,17,221.68
1782793171468,0,0,0,120.61
1782793171468,1,50,15,213.33
1782793171602,0,0,0,120.63
1782793171602,1,51,18,212.63
1782793171737,0,0,0,120.61
1782793171737,1,51,16,215.75
1782793171872,0,0,0,120.61
1782793171872,1,51,16,211.29
1782793172006,0,0,0,120.60
1782793172006,1,49,18,212.86
1782793172139,0,0,0,120.59
1782793172139,1,51,16,213.79
1782793172274,0,0,0,120.59
1782793172274,1,51,16,215.13
1782793172409,0,0,0,120.58
1782793172409,1,52,16,214.25
1782793172543,0,0,0,120.55
1782793172543,1,55,20,219.48
1782793172678,0,0,0,120.54
1782793172678,1,55,20,215.70
1782793172811,0,0,0,120.51
1782793172811,1,49,16,215.15
1782793172946,0,0,0,120.51
1782793172946,1,39,12,215.21
1782793173079,0,0,0,120.51
1782793173079,1,39,12,214.62
1782793173213,0,0,0,120.52
1782793173213,1,59,21,215.21
1782793173348,0,0,0,120.50
1782793173348,1,47,14,212.30
1782793173482,0,0,0,120.49
1782793173482,1,47,14,213.74
1782793173615,0,0,0,120.48
1782793173615,1,50,19,213.65
1782793173749,0,0,0,120.48
1782793173749,1,57,20,216.55
1782793173883,0,0,0,120.48
1782793173883,1,57,20,216.29
1782793174018,0,0,0,120.46
1782793174018,1,54,16,217.39
1782793174153,0,0,0,120.46
1782793174153,1,52,18,213.77
1782793174288,0,0,0,120.43
1782793174288,1,52,18,214.07
1782793174422,0,0,0,120.43
1782793174422,1,54,20,217.11
1782793174555,0,0,0,120.43
1782793174555,1,56,18,216.40
1782793174690,0,0,0,120.42
1782793174690,1,56,18,214.99
1782793174823,0,0,0,120.39
1782793174823,1,54,19,214.58
1782793174957,0,0,0,120.39
1782793174957,1,40,13,214.53
1782793175091,0,0,0,120.39
1782793175091,1,40,13,217.38
1782793175224,0,0,0,120.39
1782793175224,1,43,15,214.45
1782793175358,0,0,0,120.40
1782793175358,1,48,15,215.23
1782793175494,0,0,0,120.39
1782793175494,1,48,15,214.56
1782793175627,0,0,0,120.39
1782793175627,1,53,16,213.91
1782793175761,0,0,0,120.37
1782793175761,1,45,15,213.00
1782793175895,0,0,0,120.39
1782793175895,1,45,15,213.30
1782793176030,0,0,0,120.39
1782793176030,1,59,19,214.65
1782793176163,0,0,0,120.40
1782793176163,1,50,16,214.89
1782793176297,0,0,0,120.41
1782793176297,1,50,16,212.04
1782793176431,0,0,0,120.40
1782793176431,1,65,21,213.35
1782793176565,0,0,0,120.42
1782793176565,1,45,14,209.95
1782793176701,0,0,0,120.42
1782793176701,1,45,14,212.63
1782793176836,0,0,0,120.42
1782793176836,1,62,22,214.34
1782793176970,0,0,0,120.40
1782793176970,1,57,18,211.98
1782793177105,0,0,0,120.40
1782793177105,1,57,18,210.92
1782793177240,0,0,0,120.36
1782793177240,1,53,18,213.17
1782793177375,0,0,0,120.35
1782793177375,1,51,17,212.25
1782793177511,0,0,0,120.35
1782793177511,1,51,17,214.86
1782793177647,0,0,0,120.35
1782793177647,1,47,15,213.76
1782793177782,0,0,0,120.31
1782793177782,1,55,20,213.04
1782793177918,0,0,0,120.33
1782793177918,1,55,20,213.22
1782793178052,0,0,0,120.32
1782793178052,1,63,21,216.24
1782793178185,0,0,0,120.31
1782793178185,1,55,18,215.63
1782793178319,0,0,0,120.29
1782793178319,1,55,18,219.28
1782793178455,0,0,0,120.28
1782793178455,1,52,16,218.74
1782793178589,0,0,0,120.28
1782793178589,1,65,22,221.78
1782793178724,0,0,0,120.27
1782793178724,1,65,22,221.62
1782793178859,0,0,0,120.32
1782793178859,1,49,16,221.44
1782793178992,0,0,0,120.28
1782793178992,1,51,19,221.13
1782793179127,0,0,0,120.25
1782793179127,1,51,19,222.88
1782793179261,0,0,0,120.25
1782793179261,1,63,20,218.24
1782793179396,0,0,0,120.28
1782793179396,1,56,19,219.49
1782793179529,0,0,0,120.27
1782793179529,1,56,19,220.60
1782793179665,0,0,0,120.27
1782793179665,1,47,15,218.54
1782793179798,0,0,0,120.23
1782793179798,1,53,19,220.68
1782793179932,0,0,0,120.21
1782793179932,1,53,19,220.19
1782793180066,0,0,0,120.23
1782793180066,1,51,16,214.39
1782793180201,0,0,0,120.24
1782793180201,1,45,15,212.66
1782793180336,0,0,0,120.23
1782793180336,1,45,15,214.04
1782793180471,0,0,0,120.22
1782793180471,1,66,26,215.46
1782793180604,0,0,0,120.21
1782793180604,1,55,18,217.80
1782793180738,0,0,0,120.22
1782793180738,1,55,18,217.27
1782793180872,0,0,0,120.19
1782793180872,1,51,18,218.27
1782793181007,0,0,0,120.19
1782793181007,1,54,18,220.45
1782793181142,0,0,0,120.20
1782793181142,1,65,23,226.30
1782793181277,0,0,0,120.22
1782793181277,1,65,23,225.26
1782793181413,0,0,0,120.21
1782793181413,1,46,14,220.46
1782793181548,0,0,0,120.20
1782793181548,1,46,15,219.70
1782793181682,0,0,0,120.21
1782793181682,1,46,15,219.19
1782793181815,0,0,0,120.23
1782793181815,1,44,17,217.78
1782793181950,0,0,0,120.21
1782793181950,1,55,19,218.81
1782793182084,0,0,0,120.21
1782793182084,1,55,19,219.43
1782793182218,0,0,0,120.19
1782793182218,1,49,17,216.09
1782793182352,0,0,0,120.17
1782793182352,1,49,15,219.81
1782793182487,0,0,0,120.18
1782793182487,1,49,15,216.82
1782793182623,0,0,0,120.17
1782793182623,1,43,14,215.86
1782793182758,0,3,0,120.17
1782793182758,1,48,17,216.36
1782793182891,0,0,0,120.18
1782793182891,1,48,17,215.71
1782793183027,0,0,0,120.17
1782793183027,1,49,16,216.36
1782793183162,0,0,0,120.17
1782793183162,1,60,19,220.11
1782793183295,0,0,0,121.57
1782793183295,1,60,19,215.15
1782793183433,0,0,0,139.68
1782793183433,1,62,20,216.20
1782793183569,0,56,35,163.52
1782793183569,1,43,15,218.55
1782793183704,0,2,1,182.51
1782793183704,1,43,15,220.61
1782793183840,0,2,1,202.44
1782793183840,1,62,22,220.30
1782793183977,0,67,43,226.64
1782793183977,1,57,18,219.88
1782793184111,0,0,0,238.84
1782793184111,1,57,18,216.92
1782793184244,0,0,0,238.94
1782793184244,1,45,14,215.84
1782793184379,0,3,0,237.72
1782793184379,1,44,15,213.68
1782793184518,0,61,37,240.55
1782793184518,1,44,15,217.72
1782793184653,0,61,37,234.72
1782793184653,1,57,19,219.52
1782793184789,0,0,0,234.04
1782793184789,1,59,19,218.83
1782793184925,0,68,44,237.08
1782793184925,1,59,19,219.39
1782793185065,0,68,44,238.79
1782793185065,1,56,18,220.00
1782793185198,0,0,0,238.95
1782793185198,1,60,20,222.42
1782793185333,0,18,11,253.45
1782793185333,1,60,20,223.90
1782793185473,0,18,11,264.48
1782793185473,1,48,15,222.12
1782793185613,0,90,63,269.64
1782793185613,1,53,17,218.05
1782793185750,0,15,9,277.64
1782793185750,1,55,17,218.00
1782793185888,0,89,66,292.63
1782793185888,1,55,17,215.10
1782793186026,0,89,66,290.43
1782793186026,1,40,13,212.36
1782793186161,0,0,0,290.06
1782793186161,1,35,11,211.79
1782793186296,0,13,8,294.03
1782793186296,1,35,11,211.58
1782793186433,0,13,8,286.44
1782793186433,1,58,20,214.51
1782793186569,0,92,73,291.67
1782793186569,1,50,14,211.59
1782793186705,0,2,0,298.78
1782793186705,1,50,14,209.92
1782793186844,0,2,0,303.67
1782793186844,1,53,19,215.90
1782793186981,0,76,57,314.12
1782793186981,1,57,18,218.88
1782793187119,0,30,26,318.28
1782793187119,1,57,18,215.30
1782793187255,0,30,26,314.48
1782793187255,1,59,20,222.46
1782793187391,0,3,1,312.67
1782793187391,1,50,16,220.34
1782793187528,0,81,59,306.25
1782793187528,1,50,16,222.02
1782793187663,0,81,59,297.92
1782793187663,1,57,18,224.32
1782793187799,0,27,17,317.65
1782793187799,1,49,15,223.59
1782793187936,0,89,60,308.49
1782793187936,1,49,15,222.82
1782793188072,0,89,60,285.34
1782793188072,1,51,17,223.20
1782793188211,0,48,27,332.38
1782793188211,1,47,14,219.99
1782793188346,0,82,60,348.60
1782793188346,1,44,15,217.30
1782793188480,0,82,60,295.93
1782793188480,1,44,15,215.14
1782793188615,0,2,0,303.51
1782793188615,1,55,17,215.23
1782793188755,0,68,48,308.65
1782793188755,1,52,18,213.02
1782793188893,0,37,25,299.30
1782793188893,1,52,18,215.54
1782793189030,0,37,25,318.07
1782793189030,1,63,21,217.71
1782793189167,0,67,50,331.82
1782793189167,1,42,13,214.12
1782793189302,0,17,11,316.47
1782793189302,1,42,13,214.17
1782793189439,0,17,11,340.04
1782793189439,1,52,17,216.68
1782793189577,0,83,63,378.02
1782793189577,1,49,14,214.12
1782793189711,0,12,12,357.77
1782793189711,1,49,14,212.41
1782793189846,0,12,12,321.81
1782793189846,1,46,16,213.58
1782793189982,0,26,16,336.27
1782793189982,1,51,19,211.43
1782793190121,0,91,61,337.26
1782793190121,1,51,19,214.83
1782793190258,0,91,61,321.52
1782793190258,1,66,22,220.74
1782793190395,0,70,48,349.76
1782793190395,1,52,17,218.31
1782793190529,0,34,22,329.91
1782793190529,1,52,17,221.18
1782793190671,0,34,22,330.38
1782793190671,1,56,18,227.79
1782793190807,0,92,64,369.65
1782793190807,1,58,21,229.50
1782793190942,0,60,39,385.78
1782793190942,1,47,15,225.57
1782793191080,0,60,39,386.88
1782793191080,1,47,15,222.92
1782793191215,0,59,46,355.21
1782793191215,1,47,15,219.77
1782793191350,0,0,0,325.56
1782793191350,1,52,17,222.56
1782793191485,0,0,0,278.86
1782793191485,1,52,17,221.63
1782793191620,0,0,0,251.49
1782793191620,1,66,23,222.62
1782793191755,0,0,0,214.71
1782793191755,1,59,19,221.93
1782793191889,0,46,30,205.41
1782793191889,1,59,19,219.79
1782793192028,0,46,30,205.57
1782793192028,1,67,24,224.06
1782793192165,0,93,65,221.89
1782793192165,1,43,13,222.24
1782793192303,0,83,61,284.45
1782793192303,1,43,13,221.95
1782793192443,0,83,61,319.05
1782793192443,1,50,17,225.30
1782793192580,0,55,37,387.50
1782793192580,1,58,19,222.09
1782793192720,0,93,65,417.25
1782793192720,1,58,19,221.48
1782793192855,0,93,65,436.65
1782793192855,1,47,15,219.88
1782793192995,0,78,53,444.61
1782793192995,1,51,17,217.63
1782793193133,0,62,41,438.92
1782793193133,1,51,17,219.27
1782793193272,0,62,41,444.66
1782793193272,1,54,17,216.97
1782793193411,0,92,69,435.21
1782793193411,1,51,18,216.35
1782793193549,0,54,35,441.60
1782793193549,1,55,18,214.64
1782793193687,0,92,65,433.14
1782793193687,1,55,18,214.48
1782793193823,0,92,65,439.11
1782793193823,1,36,10,211.51
1782793193961,0,79,59,438.65
1782793193961,1,65,25,215.10
1782793194099,0,52,42,420.99
1782793194099,1,65,25,214.75
1782793194234,0,52,42,386.72
1782793194234,1,58,17,212.88
1782793194369,0,0,0,358.02
1782793194369,1,54,22,215.33
1782793194509,0,87,62,377.43
1782793194509,1,54,22,211.88
1782793194646,0,87,62,374.87
1782793194646,1,53,19,212.13
1782793194783,0,49,31,361.62
1782793194783,1,56,18,215.53
1782793194957,0,100,48,354.72
1782793194957,1,49,16,213.89
1782793195095,0,56,39,369.34
1782793195095,1,49,16,216.02
1782793195230,0,56,39,401.49
1782793195230,1,53,18,218.26
1782793195367,0,82,65,434.60
1782793195367,1,62,19,219.33
1782793195503,0,44,29,414.28
1782793195503,1,62,19,215.60
1782793195642,0,44,29,410.76
1782793195642,1,49,16,215.09
1782793195781,0,93,65,424.84
1782793195781,1,63,23,216.63
1782793195917,0,66,39,435.80
1782793195917,1,63,23,217.30
1782793196054,0,66,39,434.32
1782793196054,1,49,16,214.21
1782793196191,0,88,59,434.72
1782793196191,1,62,21,216.09
1782793196329,0,79,59,433.93
1782793196329,1,62,21,213.96
1782793196465,0,79,59,433.70
1782793196465,1,51,15,215.21
1782793196602,0,55,38,436.38
1782793196602,1,50,17,217.26
1782793196739,0,90,66,435.29
1782793196739,1,50,17,217.61
1782793196875,0,90,66,429.81
1782793196875,1,51,17,212.87
1782793197009,0,0,0,362.34
1782793197009,1,44,15,212.12
1782793197145,0,23,15,359.66
1782793197145,1,56,18,212.45
1782793197283,0,23,15,362.19
1782793197283,1,56,18,214.38
1782793197417,0,85,57,332.83
1782793197417,1,43,12,212.94
1782793197552,0,50,28,334.71
1782793197552,1,65,23,215.94
1782793197689,0,66,45,298.53
1782793197689,1,65,23,215.90
1782793197824,0,66,45,304.22
1782793197824,1,40,13,214.77
1782793197962,0,69,49,339.68
1782793197962,1,46,15,215.99
1782793198097,0,22,14,355.61
1782793198097,1,46,15,216.13
1782793198233,0,22,14,352.21
1782793198233,1,57,20,216.33
1782793198370,0,81,57,351.35
1782793198370,1,44,13,215.46
1782793198505,0,1,1,330.14
1782793198505,1,44,13,213.21
1782793198639,0,1,1,300.19
1782793198639,1,55,19,210.36
1782793198776,0,23,15,310.44
1782793198776,1,45,15,210.45
1782793198914,0,91,64,324.59
1782793198914,1,45,15,210.41
1782793199049,0,91,64,303.05
1782793199049,1,49,17,210.60
1782793199184,0,44,28,326.95
1782793199184,1,52,17,208.81
1782793199322,0,90,63,322.99
1782793199322,1,52,17,209.69
1782793199456,0,90,63,321.18
1782793199456,1,62,21,215.59
1782793199596,0,59,35,390.06
1782793199596,1,47,15,214.15
1782793199735,0,82,57,387.49
1782793199735,1,47,15,213.81
1782793199870,0,82,57,357.70
1782793199870,1,55,20,216.91
1782793200004,0,1,0,336.52
1782793200004,1,52,16,214.72
1782793200139,0,59,39,333.75
1782793200139,1,52,16,216.42
1782793200275,0,59,39,326.73
1782793200275,1,51,16,217.92
1782793200413,0,30,19,325.17
1782793200413,1,49,16,215.70
1782793200549,0,74,53,326.26
1782793200549,1,58,18,218.92
1782793200684,0,74,53,305.72
1782793200684,1,58,18,216.86
1782793200819,0,19,12,328.27
1782793200819,1,56,18,216.32
1782793200956,0,88,60,353.20
1782793200956,1,58,20,218.40
1782793201091,0,0,0,312.19
1782793201091,1,58,20,219.16
1782793201225,0,0,0,285.92
1782793201225,1,48,14,216.34
1782793201362,0,36,24,307.27
1782793201362,1,48,16,215.88
1782793201500,0,89,66,312.41
1782793201500,1,48,16,215.33
1782793201635,0,89,66,303.04
1782793201635,1,53,18,215.07
1782793201769,0,1,1,304.77
1782793201769,1,45,13,216.10
1782793201906,0,78,59,303.11
1782793201906,1,45,13,215.37
1782793202044,0,78,59,323.73
1782793202044,1,49,16,213.90
1782793202179,0,27,24,324.73
1782793202179,1,55,19,214.51
1782793202314,0,3,0,300.98
1782793202314,1,55,19,215.68
1782793202449,0,3,0,298.74
1782793202449,1,56,18,213.26
1782793202588,0,61,40,307.51
1782793202588,1,54,18,213.73
1782793202724,0,20,12,294.89
1782793202724,1,54,18,211.88
1782793202859,0,20,12,268.66
1782793202859,1,53,17,212.00
1782793202994,0,0,0,205.07
1782793202994,1,52,18,213.69
1782793203128,0,0,0,200.98
1782793203128,1,52,18,213.87
1782793203263,0,0,0,200.80
1782793203263,1,60,21,214.40
1782793203399,0,18,11,221.75
1782793203399,1,58,18,213.93
1782793203537,0,90,64,229.78
1782793203537,1,58,18,217.74
1782793203671,0,90,64,209.49
1782793203671,1,57,18,216.66
1782793203805,0,0,0,207.63
1782793203805,1,46,15,217.14
1782793203940,0,16,8,224.18
1782793203940,1,46,15,219.33
1782793204077,0,16,8,246.13
1782793204077,1,57,20,220.56
1782793204212,0,65,39,270.17
1782793204212,1,54,17,218.03
1782793204348,0,15,8,265.73
1782793204348,1,44,14,214.51
1782793204484,0,15,8,267.54
1782793204484,1,44,14,215.82
1782793204622,0,79,50,251.89
1782793204622,1,56,21,218.25
1782793204756,0,0,0,249.43
1782793204756,1,59,18,219.56
1782793204891,0,15,8,251.71
1782793204891,1,59,18,215.08
1782793205027,0,15,8,253.22
1782793205027,1,39,13,212.56
1782793205163,0,70,43,252.56
1782793205163,1,52,19,217.51
1782793205299,0,24,13,254.22
1782793205299,1,52,19,217.57
1782793205436,0,24,13,253.22
1782793205436,1,54,17,218.46
1782793205574,0,73,43,250.65
1782793205574,1,43,15,213.66
1782793205708,0,0,0,246.34
1782793205708,1,43,15,217.16
1782793205843,0,0,0,243.92
1782793205843,1,60,18,217.12
1782793205977,0,0,0,229.53
1782793205977,1,54,19,220.76
1782793206114,0,0,0,185.62
1782793206114,1,54,19,220.95
1782793206249,0,0,0,184.71
1782793206249,1,50,17,217.87
1782793206385,0,0,0,169.02
1782793206385,1,49,14,215.70
1782793206521,0,0,0,122.75
1782793206521,1,49,14,214.81
1782793206656,0,0,0,122.10
1782793206656,1,45,16,212.95
1782793206794,0,0,0,121.85
1782793206794,1,43,14,211.54
1782793206928,0,0,0,121.77
1782793206928,1,43,14,215.52
1782793207063,0,0,0,121.74
1782793207063,1,56,17,209.18
1782793207198,0,0,0,121.64
1782793207198,1,51,18,211.57
1782793207334,0,0,0,121.60
1782793207334,1,51,18,212.48
1782793207469,0,0,0,121.58
1782793207469,1,51,16,214.07
1782793207602,0,0,0,121.50
1782793207602,1,46,16,213.75
1782793207737,0,0,0,121.47
1782793207737,1,46,16,213.63
1782793207872,0,0,0,121.45
1782793207872,1,54,18,214.84
1782793208009,0,0,0,121.37
1782793208009,1,52,16,213.25
1782793208144,0,0,0,121.36
1782793208144,1,52,16,214.06
1782793208279,0,0,0,121.35
1782793208279,1,51,16,212.30
1782793208413,0,0,0,121.31
1782793208413,1,44,13,210.82
1782793208548,0,0,0,121.27
1782793208548,1,44,13,212.48
1782793208682,0,0,0,121.27
1782793208682,1,55,18,209.54
1782793208817,0,0,0,121.26
1782793208817,1,62,21,211.15
1782793208951,0,0,0,121.25
1782793208951,1,64,19,209.08
1782793209084,0,0,0,121.25
1782793209084,1,64,19,206.95
1782793209218,0,0,0,121.19
1782793209218,1,67,20,205.66
1782793209351,0,0,0,121.18
1782793209351,1,68,20,204.04
1782793209483,0,0,0,121.15
1782793209483,1,68,20,201.65
1782793209616,0,0,0,121.12
1782793209616,1,61,18,197.93
1782793209752,0,0,0,121.11
1782793209752,1,0,0,179.23
1782793209883,0,0,0,121.09
1782793209883,1,0,0,170.67
1782793210015,0,0,0,121.08
1782793210015,1,0,0,162.92
1782793210147,0,0,0,121.06
1782793210147,1,0,0,155.29
1782793210278,0,0,0,121.06
1782793210278,1,0,0,139.81
1782793210409,0,0,0,121.05
1782793210409,1,0,0,131.69
1782793210540,0,0,0,121.05
1782793210540,1,0,0,124.83
1782793210671,0,0,0,121.06
1782793210671,1,0,0,116.58
1782793210802,0,0,0,121.01
1782793210802,1,0,0,116.43
1782793210932,0,0,0,120.99
1782793210932,1,0,0,116.33
1782793211063,0,0,0,120.96
1782793211063,1,0,0,116.30
1782793211194,0,0,0,120.96
1782793211194,1,0,0,116.28
1782793211325,0,0,0,120.95
1782793211325,1,0,0,116.29
1782793211457,0,0,0,120.93
1782793211457,1,0,0,116.21
1782793211588,0,0,0,120.92
1782793211588,1,0,0,116.22
1782793211718,0,0,0,120.88
1782793211718,1,0,0,116.18
1782793211848,0,0,0,120.88
1782793211848,1,0,0,116.19
1782793211978,0,0,0,120.88
1782793211978,1,0,0,116.14
1782793212110,0,0,0,120.85
1782793212110,1,0,0,116.15
1782793212240,0,0,0,120.85
1782793212240,1,0,0,116.09
1782793212372,0,0,0,120.84
1782793212372,1,0,0,116.11
1782793212505,0,0,0,120.79
1782793212505,1,0,0,116.07
1782793212636,0,0,0,120.80
1782793212636,1,0,0,116.08
1782793212767,0,0,0,120.80
1782793212767,1,0,0,116.05
1782793212898,0,0,0,120.77
1782793212898,1,0,0,116.09
1782793213030,0,0,0,120.76
1782793213030,1,0,0,116.04
1782793213162,0,0,0,120.76
1782793213162,1,0,0,116.07
1782793213293,0,0,0,120.73
1782793213293,1,0,0,116.03
1782793213426,0,0,0,120.71
1782793213426,1,0,0,116.03
1782793213558,0,0,0,120.72
1782793213558,1,0,0,116.00
1782793213689,0,0,0,120.71
1782793213689,1,0,0,116.03
1782793213821,0,0,0,120.68
1782793213821,1,0,0,115.98
1782793213951,0,0,0,120.66
1782793213951,1,0,0,115.99
1782793214083,0,0,0,120.65
1782793214083,1,0,0,115.94
1782793214214,0,0,0,120.59
1782793214214,1,0,0,115.95
1782793214345,0,0,0,120.59
1782793214345,1,0,0,115.94
1782793214476,0,0,0,120.57
1782793214476,1,0,0,115.96
1782793214607,0,0,0,120.54
1782793214607,1,0,0,115.92
1782793214738,0,0,0,120.50
1782793214738,1,0,0,115.91
1782793214870,0,0,0,120.49
1782793214870,1,0,0,115.89
1782793215002,0,0,0,120.48
1782793215002,1,0,0,115.91
1782793215134,0,0,0,120.48
1782793215134,1,0,0,115.89
1782793215265,0,0,0,120.48
1782793215265,1,0,0,115.92
1782793215397,0,0,0,120.44
1782793215397,1,0,0,115.87
1782793215527,0,0,0,120.43
1782793215527,1,0,0,115.87
1782793215658,0,0,0,120.42
1782793215658,1,0,0,115.87
1782793215790,0,0,0,120.43
1782793215790,1,0,0,115.90
1782793215922,0,0,0,120.42
1782793215922,1,0,0,115.88
1782793216053,0,0,0,120.42
1782793216053,1,0,0,115.88
1782793216185,0,0,0,120.40
1782793216185,1,0,0,115.84
1782793216316,0,0,0,120.38
1782793216316,1,0,0,115.84
1782793216448,0,0,0,120.40
1782793216448,1,0,0,115.87
1782793216580,0,0,0,120.40
1782793216580,1,0,0,115.86
1782793216712,0,0,0,120.39
1782793216712,1,0,0,115.83
1782793216844,0,0,0,120.38
1782793216844,1,0,0,115.81
1782793216976,0,0,0,120.37
1782793216976,1,0,0,115.80
1782793217107,0,0,0,120.36
1782793217107,1,0,0,115.80
1782793217238,0,0,0,120.35
1782793217238,1,0,0,115.80
1782793217369,0,0,0,120.34
1782793217369,1,0,0,115.78
1782793217503,0,0,0,120.31
1782793217503,1,0,0,115.75
1782793217634,0,0,0,120.29
1782793217634,1,0,0,115.75
1782793217765,0,0,0,120.27
1782793217765,1,0,0,115.71
1782793217897,0,0,0,120.26
1782793217897,1,0,0,115.71
1782793218029,0,0,0,120.25
1782793218029,1,0,0,115.71
1782793218162,0,0,0,120.24
1782793218162,1,0,0,115.72
1782793218294,0,0,0,120.25
1782793218294,1,0,0,115.69
1782793218426,0,0,0,120.23
1782793218426,1,0,0,115.67
1782793218557,0,0,0,120.23
1782793218557,1,0,0,115.66
1782793218689,0,0,0,120.24
1782793218689,1,0,0,115.67
1782793218820,0,0,0,120.25
1782793218820,1,0,0,115.68
1782793218952,0,0,0,120.24
1782793218952,1,0,0,115.67
1782793219084,0,0,0,120.25
1782793219084,1,0,0,115.65
1782793219216,0,0,0,120.41
1782793219216,1,0,0,115.64
1782793219347,0,0,0,120.48
1782793219347,1,0,0,115.65
1782793219478,0,0,0,120.54
1782793219478,1,0,0,115.62
1782793219610,0,0,0,120.67
1782793219610,1,0,0,115.62
1782793219740,0,0,0,120.71
1782793219740,1,0,0,115.60
1782793219872,0,0,0,120.76
1782793219872,1,0,0,115.61
1782793220003,0,0,0,120.87
1782793220003,1,0,0,115.59
1782793220135,0,0,0,120.82
1782793220135,1,0,0,115.62
1782793220267,0,0,0,120.82
1782793220267,1,0,0,115.61
1782793220398,0,0,0,120.79
1782793220398,1,0,0,115.61
1782793220530,0,0,0,120.78
1782793220530,1,0,0,115.59
1782793220660,0,0,0,120.76
1782793220660,1,0,0,115.60
1782793220792,0,0,0,120.74
1782793220792,1,0,0,115.58
1782793220923,0,0,0,120.73
1782793220923,1,0,0,115.61
1782793221054,0,0,0,120.74
1782793221054,1,0,0,115.61
1782793221186,0,0,0,120.74
1782793221186,1,0,0,115.62
1782793221318,0,0,0,120.73
1782793221318,1,0,0,115.60
1782793221450,0,0,0,120.71
1782793221450,1,0,0,115.62
1782793221583,0,0,0,120.72
1782793221583,1,0,0,115.61
1782793221716,0,0,0,120.74
1782793221716,1,0,0,115.64
1782793221847,0,0,0,120.74
1782793221847,1,0,0,115.62
1782793221977,0,0,0,120.72
1782793221977,1,0,0,115.63
1782793222109,0,0,0,120.68
1782793222109,1,0,0,115.59
1782793222240,0,0,0,120.67
1782793222240,1,0,0,115.63
1782793222372,0,0,0,120.65
1782793222372,1,0,0,115.60
1782793222504,0,0,0,120.65
1782793222504,1,0,0,115.63
1782793222635,0,0,0,120.63
1782793222635,1,0,0,115.59
1782793222767,0,0,0,120.61
1782793222767,1,0,0,115.61
1782793222898,0,0,0,120.59
1782793222898,1,0,0,115.57
1782793223030,0,0,0,120.59
1782793223030,1,0,0,115.57
1782793223161,0,0,0,120.60
1782793223161,1,0,0,115.54
1782793223292,0,0,0,120.60
1782793223292,1,0,0,115.57
1782793223424,0,0,0,120.60
1782793223424,1,0,0,115.54
1782793223555,0,0,0,120.58
1782793223555,1,0,0,115.54
1782793223687,0,0,0,120.57
1782793223687,1,0,0,115.51
1782793223818,0,0,0,120.58
1782793223818,1,0,0,115.52
1782793223950,0,0,0,120.58
1782793223950,1,0,0,115.51
1782793224082,0,0,0,120.60
1782793224082,1,0,0,115.49
1782793224214,0,0,0,120.57
1782793224214,1,0,0,115.47
1782793224346,0,0,0,120.57
1782793224346,1,0,0,115.45
1782793224479,0,0,0,120.55
1782793224479,1,0,0,115.44
1782793224610,0,0,0,120.55
1782793224610,1,0,0,115.46
1782793224742,0,0,0,120.56
1782793224742,1,0,0,115.45
1782793224873,0,0,0,120.56
1782793224873,1,0,0,115.45
1782793225004,0,0,0,120.54
1782793225004,1,0,0,115.44
1782793225135,0,0,0,120.53
1782793225135,1,0,0,115.43
1782793225266,0,0,0,120.52
1782793225266,1,0,0,115.41
1782793225398,0,0,0,120.53
1782793225398,1,0,0,115.44
1782793225530,0,0,0,120.53
1782793225530,1,0,0,115.43
1782793225662,0,0,0,120.53
1782793225662,1,0,0,115.43
1782793225794,0,0,0,120.51
1782793225794,1,0,0,115.40
1782793225926,0,0,0,120.49
1782793225926,1,0,0,115.40
1782793226057,0,0,0,120.51
1782793226057,1,0,0,115.41
1782793226188,0,0,0,120.53
1782793226188,1,0,0,115.44
1782793226320,0,0,0,120.51
1782793226320,1,0,0,115.44
1782793226451,0,0,0,120.49
1782793226451,1,0,0,115.42
1782793226583,0,0,0,120.49
1782793226583,1,0,0,115.42
1782793226716,0,0,0,120.46
1782793226716,1,0,0,115.41
1782793226848,0,0,0,120.47
1782793226848,1,0,0,115.42
1782793226980,0,0,0,120.49
1782793226980,1,0,0,115.40
1782793227113,0,0,0,120.45
1782793227113,1,0,0,115.40
1782793227245,0,0,0,120.45
1782793227245,1,0,0,115.38
1782793227378,0,0,0,120.44
1782793227378,1,0,0,115.38
1782793227512,0,41,20,145.88
1782793227512,1,0,0,115.37
1782793227646,0,41,20,171.54
1782793227646,1,0,0,115.41
1782793227778,0,45,26,174.39
1782793227778,1,0,0,115.41
1782793227910,0,58,34,214.55
1782793227910,1,0,0,115.40
1782793228043,0,58,34,233.82
1782793228043,1,0,0,115.36
1782793228175,0,17,17,234.27
1782793228175,1,0,0,115.35
1782793228307,0,3,1,247.76
1782793228307,1,0,0,115.33
1782793228440,0,3,1,267.30
1782793228440,1,0,0,115.36
1782793228573,0,85,57,274.36
1782793228573,1,0,0,115.31
1782793228705,0,28,15,265.42
1782793228705,1,0,0,115.35
1782793228843,0,28,15,278.36
1782793228843,1,0,0,115.31
1782793228979,0,73,46,272.61
1782793228979,1,0,0,115.36
1782793229111,0,3,0,250.27
1782793229111,1,0,0,115.33
1782793229243,0,3,0,276.15
1782793229243,1,0,0,115.37
1782793229382,0,56,34,290.58
1782793229382,1,0,0,115.35
1782793229514,0,43,27,270.78
1782793229514,1,0,0,115.35
1782793229647,0,43,27,293.16
1782793229647,1,0,0,115.32
1782793229782,0,67,44,306.12
1782793229782,1,0,0,115.32
1782793229916,0,33,28,283.42
1782793229916,1,0,0,115.26
1782793230047,0,33,28,282.80
1782793230047,1,0,0,115.31
1782793230180,0,3,0,298.62
1782793230180,1,0,0,115.26
1782793230318,0,82,63,316.98
1782793230318,1,0,0,115.30
1782793230453,0,82,63,303.07
1782793230453,1,0,0,115.29
1782793230586,0,8,4,314.46
1782793230586,1,0,0,115.29
1782793230722,0,78,59,324.66
1782793230722,1,0,0,115.26
1782793230863,0,78,59,323.73
1782793230863,1,0,0,115.27
1782793230995,0,27,24,319.13
1782793230995,1,0,0,115.28
1782793231127,0,17,10,334.48
1782793231127,1,0,0,115.29
1782793231265,0,17,10,337.87
1782793231265,1,0,0,115.26
1782793231398,0,90,60,316.59
1782793231398,1,0,0,115.27
1782793231532,0,54,29,339.76
1782793231532,1,0,0,115.25
1782793231666,0,54,29,347.62
1782793231666,1,0,0,115.22
1782793231799,0,52,34,311.51
1782793231799,1,0,0,115.19
1782793231933,0,73,52,343.33
1782793231933,1,0,0,115.22
1782793232069,0,73,52,359.71
1782793232069,1,0,0,115.19
1782793232201,0,9,9,312.44
1782793232201,1,0,0,115.19
1782793232335,0,39,26,313.18
1782793232335,1,0,0,115.16
1782793232471,0,39,26,334.05
1782793232471,1,0,0,115.12
1782793232603,0,91,63,315.85
1782793232603,1,0,0,115.14
1782793232736,0,63,41,333.55
1782793232736,1,0,0,115.20
1782793232870,0,63,41,347.83
1782793232870,1,0,0,115.18
1782793233002,0,57,38,335.75
1782793233002,1,0,0,115.19
1782793233138,0,77,56,369.10
1782793233138,1,0,0,115.17
1782793233271,0,77,56,394.83
1782793233271,1,0,0,115.20
1782793233402,0,18,18,338.75
1782793233402,1,0,0,115.19
1782793233535,0,21,12,331.04
1782793233535,1,0,0,115.22
1782793233671,0,21,12,344.10
1782793233671,1,0,0,115.17
1782793233803,0,91,61,328.77
1782793233803,1,0,0,115.20
1782793233935,0,67,46,347.91
1782793233935,1,0,0,115.17
1782793234069,0,67,46,346.27
1782793234069,1,0,0,115.20
1782793234202,0,34,22,327.10
1782793234202,1,0,0,115.19
1782793234337,0,92,66,357.55
1782793234337,1,0,0,115.20
1782793234471,0,92,66,374.62
1782793234471,1,0,0,115.18
1782793234606,0,59,35,392.66
1782793234606,1,0,0,115.22
1782793234740,0,63,49,368.92
1782793234740,1,0,0,115.18
1782793234871,0,63,49,353.24
1782793234871,1,0,0,115.19
1782793235005,0,2,1,342.75
1782793235005,1,0,0,115.17
1782793235140,0,95,70,366.75
1782793235140,1,0,0,115.21
1782793235272,0,95,70,348.83
1782793235272,1,0,0,115.17
1782793235405,0,0,0,300.31
1782793235405,1,0,0,115.18
1782793235538,0,0,0,265.95
1782793235538,1,0,0,115.14
1782793235671,0,0,0,229.45
1782793235671,1,0,0,115.17
1782793235805,0,16,10,284.53
1782793235805,1,0,0,115.13
1782793235939,0,93,67,301.97
1782793235939,1,0,0,115.16
1782793236071,0,93,67,288.16
1782793236071,1,0,0,115.10
1782793236206,0,75,51,314.34
1782793236206,1,0,0,115.15
1782793236338,0,59,40,337.42
1782793236338,1,0,0,115.09
1782793236473,0,59,40,369.01
1782793236473,1,0,0,115.12
1782793236608,0,90,62,426.97
1782793236608,1,0,0,115.08
1782793236742,0,61,38,444.97
1782793236742,1,0,0,115.09
1782793236877,0,61,38,442.02
1782793236877,1,0,0,115.03
1782793237010,0,83,58,442.50
1782793237010,1,0,0,115.06
1782793237145,0,86,65,442.60
1782793237145,1,0,0,115.03
1782793237279,0,86,65,427.99
1782793237279,1,0,0,115.03
1782793237421,0,50,32,440.45
1782793237421,1,0,0,115.00
1782793237556,0,93,64,433.05
1782793237556,1,0,0,115.00
1782793237689,0,93,64,411.20
1782793237689,1,0,0,114.99
1782793237821,0,0,0,361.90
1782793237821,1,0,0,115.04
1782793237957,0,76,53,375.81
1782793237957,1,0,0,115.02
1782793238092,0,76,53,376.67
1782793238092,1,0,0,115.04
1782793238226,0,61,42,377.85
1782793238226,1,0,0,115.01
1782793238360,0,94,69,379.95
1782793238360,1,0,0,115.06
1782793238494,0,94,69,369.28
1782793238494,1,0,0,115.03
1782793238630,0,71,47,413.08
1782793238630,1,0,0,115.06
1782793238761,0,70,49,435.63
1782793238761,1,0,0,115.03
1782793238898,0,70,49,449.76
1782793238898,1,0,0,115.05
1782793239033,0,96,73,440.63
1782793239033,1,0,0,115.02
1782793239166,0,63,39,452.52
1782793239166,1,0,0,115.05
1782793239302,0,87,60,441.69
1782793239302,1,0,0,114.99
1782793239436,0,87,60,452.26
1782793239436,1,0,0,115.03
1782793239571,0,86,65,453.43
1782793239571,1,0,0,115.00
1782793239703,0,50,32,452.54
1782793239703,1,0,0,115.03
1782793239838,0,50,32,455.51
1782793239838,1,0,0,114.99
1782793239973,0,93,65,449.10
1782793239973,1,0,0,115.02
1782793240105,0,0,0,389.89
1782793240105,1,0,0,114.98
1782793240238,0,0,0,375.13
1782793240238,1,0,0,115.00
1782793240373,0,72,50,381.50
1782793240373,1,0,0,114.99
1782793240504,0,34,21,355.56
1782793240504,1,0,0,115.01
1782793240643,0,34,21,359.98
1782793240643,1,0,0,114.96
1782793240777,0,91,62,350.43
1782793240777,1,0,0,114.98
1782793240911,0,69,47,334.62
1782793240911,1,0,0,114.96
1782793241045,0,69,47,358.14
1782793241045,1,0,0,114.97
1782793241178,0,37,24,386.86
1782793241178,1,0,0,114.93
1782793241313,0,88,60,392.71
1782793241313,1,0,0,114.99
1782793241445,0,88,60,371.72
1782793241445,1,0,0,114.96
1782793241577,0,0,0,347.49
1782793241577,1,0,0,115.00
1782793241712,0,61,36,338.34
1782793241712,1,0,0,114.97
1782793241846,0,61,36,352.70
1782793241846,1,0,0,114.99
1782793241977,0,61,41,334.12
1782793241977,1,0,0,114.97
1782793242113,0,76,54,354.67
1782793242113,1,0,0,114.99
1782793242247,0,76,54,346.96
1782793242247,1,0,0,114.96
1782793242380,0,22,14,332.54
1782793242380,1,0,0,114.95
1782793242516,0,93,67,390.87
1782793242516,1,0,0,114.92
1782793242651,0,93,67,391.21
1782793242651,1,0,0,114.93
1782793242783,0,0,0,360.48
1782793242783,1,0,0,114.88
1782793242916,0,47,28,340.59
1782793242916,1,0,0,114.91
1782793243051,0,47,28,344.32
1782793243051,1,0,0,114.90
1782793243183,0,75,49,319.58
1782793243183,1,0,0,114.91
1782793243314,0,72,49,335.61
1782793243314,1,0,0,114.86
1782793243448,0,72,49,326.98
1782793243448,1,0,0,114.86
1782793243581,0,20,12,316.32
1782793243581,1,0,0,114.79
1782793243715,0,92,63,359.17
1782793243715,1,0,0,114.84
1782793243846,0,92,63,363.29
1782793243846,1,0,0,114.85
1782793243977,0,0,0,338.36
1782793243977,1,0,0,114.85
1782793244111,0,65,40,325.61
1782793244111,1,0,0,114.81
1782793244245,0,65,40,341.39
1782793244245,1,0,0,114.80
1782793244379,0,93,65,331.27
1782793244379,1,0,0,114.80
1782793244513,0,63,39,329.70
1782793244513,1,0,0,114.85
1782793244648,0,63,39,334.66
1782793244648,1,0,0,114.87
1782793244781,0,92,65,328.24
1782793244781,1,0,0,114.84
1782793244914,0,0,0,325.20
1782793244914,1,0,0,114.82
1782793245046,0,0,0,327.72
1782793245046,1,0,0,114.82
1782793245177,0,57,31,322.42
1782793245177,1,0,0,114.81
1782793245312,0,67,43,303.41
1782793245312,1,0,0,114.81
1782793245445,0,67,43,305.02
1782793245445,1,0,0,114.82
1782793245579,0,5,3,278.95
1782793245579,1,0,0,114.80
1782793245712,0,0,0,215.92
1782793245712,1,0,0,114.78
1782793245845,0,0,0,213.90
1782793245845,1,0,0,114.76
1782793245978,0,2,1,225.87
1782793245978,1,0,0,114.75
1782793246113,0,92,65,249.68
1782793246113,1,0,0,114.76
1782793246245,0,92,65,226.27
1782793246245,1,0,0,114.79
1782793246377,0,0,0,210.17
1782793246377,1,0,0,114.82
1782793246511,0,41,22,227.32
1782793246511,1,0,0,114.81
1782793246646,0,41,22,253.26
1782793246646,1,0,0,114.77
1782793246777,0,53,31,263.47
1782793246777,1,0,0,114.67
1782793246911,0,54,31,294.43
1782793246911,1,0,0,114.62
1782793247045,0,54,31,295.56
1782793247045,1,0,0,114.61
1782793247177,0,34,28,263.60
1782793247177,1,0,0,114.47
1782793247308,0,3,0,263.83
1782793247308,1,0,0,114.41
1782793247445,0,3,0,280.96
1782793247445,1,0,0,114.30
1782793247579,0,78,50,285.82
1782793247579,1,0,0,114.23
1782793247711,0,23,12,262.70
1782793247711,1,0,0,114.19
1782793247846,0,23,12,269.61
1782793247846,1,0,0,114.21
1782793247980,0,75,48,266.13
1782793247980,1,0,0,114.16
1782793248112,0,0,0,233.72
1782793248112,1,0,0,114.18
1782793248244,0,0,0,234.97
1782793248244,1,0,0,114.16
1782793248377,0,0,0,226.56
1782793248377,1,0,0,114.16
1782793248508,0,0,0,184.46
1782793248508,1,0,0,114.11
1782793248640,0,0,0,181.90
1782793248640,1,0,0,114.16
1782793248772,0,0,0,166.19
1782793248772,1,0,0,114.13
1782793248905,0,0,0,122.43
1782793248905,1,0,0,114.16
1782793249038,0,0,0,122.16
1782793249038,1,0,0,114.14
1782793249171,0,0,0,122.03
1782793249171,1,0,0,114.14
1782793249304,0,0,0,121.87
1782793249304,1,0,0,114.12
1782793249436,0,0,0,121.82
1782793249436,1,0,0,114.15
1782793249569,0,0,0,121.77
1782793249569,1,0,0,114.12
1782793249701,0,0,0,121.68
1782793249701,1,0,0,114.16
1782793249835,0,0,0,121.65
1782793249835,1,0,0,114.15
1782793249968,0,0,0,121.60
1782793249968,1,0,0,114.15
1782793250101,0,0,0,121.59
1782793250101,1,0,0,114.12
1782793250233,0,0,0,121.55
1782793250233,1,0,0,114.14
1782793250365,0,0,0,121.52
1782793250365,1,0,0,114.12
1782793250497,0,0,0,121.50
1782793250497,1,0,0,114.15
1782793250629,0,0,0,121.45
1782793250629,1,0,0,114.14
1782793250762,0,0,0,121.45
1782793250762,1,0,0,114.12
1782793250895,0,0,0,121.43
1782793250895,1,0,0,114.10
1782793251028,0,0,0,121.40
1782793251028,1,0,0,114.12
1782793251159,0,0,0,121.40
1782793251159,1,0,0,114.11
1782793251292,0,0,0,121.38
1782793251292,1,0,0,114.13
1782793251425,0,0,0,121.33
1782793251425,1,0,0,114.13
1782793251557,0,0,0,121.32
1782793251557,1,0,0,114.15
1782793251690,0,0,0,121.30
1782793251690,1,0,0,114.13
1782793251823,0,0,0,121.28
1782793251823,1,0,0,114.15
1782793251954,0,0,0,121.26
1782793251954,1,0,0,114.17
1782793252086,0,0,0,121.25
1782793252086,1,0,0,114.17
1782793252218,0,0,0,121.20
1782793252218,1,0,0,114.17
1782793252350,0,0,0,121.18
1782793252350,1,0,0,114.16
1782793252481,0,0,0,121.16
1782793252481,1,0,0,114.17
1782793252612,0,0,0,121.16
1782793252612,1,0,0,114.16
1782793252744,0,0,0,121.15
1782793252744,1,0,0,114.21
1782793252875,0,0,0,121.13
1782793252875,1,0,0,114.17
1782793253006,0,0,0,121.08
1782793253006,1,0,0,114.19
1782793253138,0,0,0,121.08
1782793253138,1,0,0,114.15
1782793253269,0,0,0,121.06
1782793253269,1,0,0,114.16
1782793253399,0,0,0,121.05
1782793253399,1,0,0,114.14
1782793253530,0,0,0,121.01
1782793253530,1,0,0,114.18
1782793253661,0,0,0,121.01
1782793253661,1,0,0,114.13
1782793253793,0,0,0,120.99
1782793253793,1,0,0,114.18
1782793253924,0,0,0,120.97
1782793253924,1,0,0,114.13
1782793254055,0,0,0,120.96
1782793254055,1,0,0,114.15
1782793254187,0,0,0,120.95
1782793254187,1,0,0,114.13
1782793254319,0,0,0,120.93
1782793254319,1,0,0,114.18
1782793254451,0,0,0,120.92
1782793254451,1,0,0,114.15
1782793254583,0,0,0,120.91
1782793254583,1,0,0,114.18
1782793254714,0,0,0,120.89
1782793254714,1,0,0,114.14
1782793254845,0,0,0,120.91
1782793254845,1,0,0,114.14
1782793254976,0,0,0,120.89
1782793254976,1,0,0,114.12
1782793255108,0,0,0,120.88
1782793255108,1,0,0,114.15
1782793255239,0,0,0,120.87
1782793255239,1,0,0,114.12
1782793255371,0,0,0,120.86
1782793255371,1,0,0,114.14
1782793255505,0,0,0,120.86
1782793255505,1,0,0,114.10
1782793255638,0,0,0,120.85
1782793255638,1,0,0,114.11
1782793255770,0,0,0,120.83
1782793255770,1,0,0,114.09
1782793255902,0,0,0,120.81
1782793255902,1,0,0,114.13
1782793256033,0,0,0,120.78
1782793256033,1,0,0,114.14
1782793256164,0,0,0,120.76
1782793256164,1,0,0,114.15
1782793256295,0,0,0,120.76
1782793256295,1,0,0,114.12
1782793256427,0,0,0,120.75
1782793256427,1,0,0,114.12
1782793256558,0,0,0,120.74
1782793256558,1,0,0,114.12
1782793256691,0,0,0,120.72
1782793256691,1,0,0,114.12
1782793256822,0,0,0,120.70
1782793256822,1,0,0,114.14
1782793256955,0,0,0,120.70
1782793256955,1,0,0,114.10
1782793257088,0,0,0,120.69
1782793257088,1,0,0,114.10
1782793257220,0,0,0,120.67
1782793257220,1,0,0,114.09
1782793257351,0,0,0,120.66
1782793257351,1,0,0,114.12
1782793257483,0,0,0,120.65
1782793257483,1,0,0,114.08
1782793257616,0,0,0,120.63
1782793257616,1,0,0,114.12
1782793257747,0,0,0,120.62
1782793257747,1,0,0,114.10
1782793257880,0,0,0,120.61
1782793257880,1,0,0,114.10
1782793258012,0,0,0,120.59
1782793258012,1,0,0,114.07
1782793258145,0,0,0,120.57
1782793258145,1,0,0,114.12
1782793258276,0,0,0,120.56
1782793258276,1,0,0,114.08
1782793258408,0,0,0,120.52
1782793258408,1,0,0,114.11
1782793258540,0,0,0,120.53
1782793258540,1,0,0,114.08
1782793258673,0,0,0,120.49
1782793258673,1,0,0,114.10
1782793258805,0,0,0,120.48
1782793258805,1,0,0,114.10
1782793258937,0,0,0,120.47
1782793258937,1,0,0,114.11
1782793259068,0,0,0,120.46
1782793259068,1,0,0,114.08
1782793259199,0,0,0,120.44
1782793259199,1,0,0,114.11
1782793259331,0,0,0,120.45
1782793259331,1,0,0,114.11
1782793259462,0,0,0,120.45
1782793259462,1,0,0,114.12
1782793259595,0,0,0,120.45
1782793259595,1,0,0,114.09
1782793259727,0,0,0,120.42
1782793259727,1,0,0,114.10
1782793259858,0,0,0,120.42
1782793259858,1,0,0,114.09
1782793259990,0,0,0,120.41
1782793259990,1,0,0,114.09
1782793260122,0,0,0,120.42
1782793260122,1,0,0,114.10
1782793260254,0,0,0,120.41
1782793260254,1,0,0,114.08
1782793260385,0,0,0,120.41
1782793260385,1,0,0,114.07
1782793260517,0,0,0,120.38
1782793260517,1,0,0,114.06
1782793260649,0,0,0,120.38
1782793260649,1,0,0,114.08
1782793260781,0,0,0,120.38
1782793260781,1,0,0,114.08
1782793260913,0,0,0,120.39
1782793260913,1,0,0,114.07
1782793261044,0,0,0,120.39
1782793261044,1,0,0,114.05
1782793261177,0,0,0,120.39
1782793261177,1,0,0,114.06
1782793261308,0,0,0,120.35
1782793261308,1,0,0,114.05
1782793261439,0,0,0,120.36
1782793261439,1,0,0,114.07
1782793261571,0,0,0,120.36
1782793261571,1,0,0,114.04
1782793261702,0,0,0,120.35
1782793261702,1,0,0,114.06
1782793261834,0,0,0,120.36
1782793261834,1,0,0,114.02
1782793261965,0,0,0,120.35
1782793261965,1,0,0,114.05
1782793262097,0,0,0,120.34
1782793262097,1,0,0,114.04
1782793262228,0,0,0,120.33
1782793262228,1,0,0,114.08
1782793262360,0,0,0,120.33
1782793262360,1,0,0,114.05
1782793262492,0,0,0,120.34
1782793262492,1,0,0,114.08
1782793262624,0,0,0,120.32
1782793262624,1,0,0,114.05
1782793262755,0,0,0,120.30
1782793262755,1,0,0,114.08
1782793262886,0,0,0,120.29
1782793262886,1,0,0,114.08
1782793263018,0,0,0,120.29
1782793263018,1,0,0,114.11
1782793263149,0,0,0,120.27
1782793263149,1,0,0,114.10
1782793263280,0,0,0,120.27
1782793263280,1,0,0,114.12
1782793263411,0,0,0,120.27
1782793263411,1,0,0,114.08
1782793263543,0,0,0,120.27
1782793263543,1,0,0,114.09
1782793263675,0,0,0,120.27
1782793263675,1,0,0,114.07
1782793263807,0,0,0,120.26
1782793263807,1,0,0,114.07
1782793263939,0,0,0,120.24
1782793263939,1,0,0,114.07
1782793264070,0,0,0,120.23
1782793264070,1,0,0,114.10
1782793264202,0,0,0,120.23
1782793264202,1,0,0,114.07
1782793264333,0,0,0,120.21
1782793264333,1,0,0,114.07
1782793264464,0,0,0,120.18
1782793264464,1,0,0,114.08
1782793264596,0,0,0,120.18
1782793264596,1,0,0,114.08
1782793264727,0,0,0,120.16
1782793264727,1,0,0,114.09
1782793264859,0,0,0,120.14
1782793264859,1,0,0,114.09
1782793264990,0,0,0,120.14
1782793264990,1,0,0,114.10
1782793265122,0,0,0,120.10
1782793265122,1,0,0,114.08
1782793265253,0,0,0,120.11
1782793265253,1,0,0,114.12
1782793265385,0,0,0,120.13
1782793265385,1,0,0,114.09
1782793265516,0,0,0,120.11
1782793265516,1,0,0,114.09
1782793265647,0,0,0,120.11
1782793265647,1,0,0,114.07
1782793265778,0,0,0,120.11
1782793265778,1,0,0,114.10
1782793265909,0,0,0,120.11
1782793265909,1,0,0,114.07
1782793266040,0,0,0,120.11
1782793266040,1,0,0,114.08
1782793266172,0,0,0,120.12
1782793266172,1,0,0,114.05
1782793266303,0,0,0,120.11
1782793266303,1,0,0,114.07
1782793266434,0,0,0,120.09
1782793266434,1,0,0,114.03
1782793266566,0,0,0,120.09
1782793266566,1,0,0,114.06
1782793266699,0,0,0,120.07
1782793266699,1,0,0,114.02
1782793266831,0,0,0,120.07
1782793266831,1,0,0,114.04
1782793266962,0,0,0,120.07
1782793266962,1,0,0,114.01
1782793267094,0,0,0,120.08
1782793267094,1,0,0,114.04
1782793267224,0,0,0,120.04
1782793267224,1,0,0,114.01
1782793267356,0,0,0,120.03
1782793267356,1,0,0,113.99
1782793267487,0,0,0,120.03
1782793267487,1,0,0,113.99
1782793267619,0,0,0,120.04
1782793267619,1,0,0,114.01
1782793267750,0,0,0,120.03
1782793267750,1,0,0,114.01
1782793267882,0,0,0,120.03
1782793267882,1,0,0,114.01
1782793268013,0,0,0,120.00
1782793268013,1,0,0,113.98
1782793268145,0,0,0,120.01
1782793268145,1,0,0,113.99
1782793268276,0,0,0,120.00
1782793268276,1,0,0,113.98
1782793268407,0,0,0,120.00
1782793268407,1,0,0,113.99
1782793268538,0,0,0,119.99
1782793268538,1,0,0,113.99
1782793268669,0,0,0,119.99
1782793268669,1,0,0,113.97
1782793268800,0,0,0,119.98
1782793268800,1,0,0,113.97
1782793268932,0,0,0,119.98
1782793268932,1,0,0,113.96
1782793269063,0,0,0,119.99
1782793269063,1,0,0,113.98
1782793269194,0,0,0,119.98
1782793269194,1,0,0,113.97
1782793269326,0,3,0,119.98
1782793269326,1,0,0,114.02
1782793269458,0,3,0,119.98
1782793269458,1,0,0,113.99
1782793269590,0,0,0,119.96
1782793269590,1,0,0,114.03
1782793269722,0,0,0,119.96
1782793269722,1,0,0,114.00
1782793269855,0,0,0,123.04
1782793269855,1,0,0,114.02
1782793269988,0,23,12,139.60
1782793269988,1,0,0,113.97
1782793270122,0,70,42,174.91
1782793270122,1,0,0,114.01
1782793270254,0,70,42,186.84
1782793270254,1,0,0,113.99
1782793270390,0,43,20,207.30
1782793270390,1,0,0,114.04
1782793270527,0,54,40,235.44
1782793270527,1,0,0,114.01
1782793270659,0,54,40,235.59
1782793270659,1,0,0,114.04
1782793270790,0,3,0,235.66
1782793270790,1,0,0,114.02
1782793270923,0,51,28,261.65
1782793270923,1,0,0,114.06
1782793271057,0,51,28,252.00
1782793271057,1,0,0,114.04
1782793271189,0,20,11,250.48
1782793271189,1,0,0,114.06
1782793271325,0,67,41,270.17
1782793271325,1,0,0,114.01
1782793271461,0,67,41,254.37
1782793271461,1,0,0,114.00
1782793271593,0,1,1,247.48
1782793271593,1,0,0,113.96
1782793271725,0,10,6,270.04
1782793271725,1,0,0,114.00
1782793271857,0,10,6,279.44
1782793271857,1,0,0,113.99
1782793271992,0,93,68,284.49
1782793271992,1,0,0,114.01
1782793272123,0,19,12,286.53
1782793272123,1,0,0,114.00
1782793272260,0,19,12,294.64
1782793272260,1,0,0,113.97
1782793272395,0,92,65,295.54
1782793272395,1,0,0,113.96
1782793272527,0,0,0,289.49
1782793272527,1,0,0,113.97
1782793272659,0,0,0,290.11
1782793272659,1,0,0,114.03
1782793272792,0,23,15,298.34
1782793272792,1,0,0,113.99
1782793272927,0,95,69,304.92
1782793272927,1,0,0,113.97
1782793273059,0,95,69,303.77
1782793273059,1,0,0,113.97
1782793273193,0,17,11,316.04
1782793273193,1,0,0,113.96
1782793273327,0,94,70,321.33
1782793273327,1,0,0,113.93
1782793273463,0,94,70,323.19
1782793273463,1,0,0,113.90
1782793273595,0,3,3,327.35
1782793273595,1,0,0,113.87
1782793273729,0,32,20,327.54
1782793273729,1,0,0,113.90
1782793273864,0,32,20,336.04
1782793273864,1,0,0,113.88
1782793273997,0,91,61,308.63
1782793273997,1,0,0,113.88
1782793274130,0,50,28,324.37
1782793274130,1,0,0,113.87
1782793274265,0,50,28,328.67
1782793274265,1,0,0,113.89
1782793274397,0,47,30,303.24
1782793274397,1,0,0,113.89
1782793274533,0,73,51,347.70
1782793274533,1,0,0,113.94
1782793274666,0,73,51,360.18
1782793274666,1,0,0,113.92
1782793274798,0,16,17,335.98
1782793274798,1,0,0,113.94
1782793274930,0,20,13,313.65
1782793274930,1,0,0,113.90
1782793275069,0,20,13,333.05
1782793275069,1,0,0,113.89
1782793275204,0,90,64,331.42
1782793275204,1,0,0,113.87
1782793275337,0,49,31,331.86
1782793275337,1,0,0,113.88
1782793275472,0,49,31,343.63
1782793275472,1,0,0,113.84
1782793275604,0,92,64,321.63
1782793275604,1,0,0,113.88
1782793275738,0,60,38,358.46
1782793275738,1,0,0,113.88
1782793275872,0,60,38,396.74
1782793275872,1,0,0,113.91
1782793276004,0,74,57,377.08
1782793276004,1,0,0,113.89
1782793276137,0,1,0,324.89
1782793276137,1,0,0,113.92
1782793276270,0,1,0,342.54
1782793276270,1,0,0,113.90
1782793276405,0,79,58,349.51
1782793276405,1,0,0,113.93
1782793276539,0,38,24,333.88
1782793276539,1,0,0,113.94
1782793276674,0,38,24,344.88
1782793276674,1,0,0,113.94
1782793276805,0,84,57,320.50
1782793276805,1,0,0,113.91
1782793276944,0,75,53,343.99
1782793276944,1,0,0,113.89
1782793277077,0,75,53,358.80
1782793277077,1,0,0,113.89
1782793277209,0,28,18,380.89
1782793277209,1,0,0,113.95
1782793277344,0,91,62,377.27
1782793277344,1,0,0,113.97
1782793277477,0,91,62,362.93
1782793277477,1,0,0,113.96
1782793277610,0,0,0,335.48
1782793277610,1,0,0,113.95
1782793277743,0,0,0,285.98
1782793277743,1,0,0,113.95
1782793277876,0,0,0,258.72
1782793277876,1,0,0,113.96
1782793278008,0,0,0,227.76
1782793278008,1,0,0,113.95
1782793278141,0,15,10,211.92
1782793278141,1,0,0,113.97
1782793278275,0,15,10,211.68
1782793278275,1,0,0,113.88
1782793278410,0,94,67,221.42
1782793278410,1,0,0,113.89
1782793278544,0,74,50,284.81
1782793278544,1,0,0,113.85
1782793278678,0,74,50,320.76
1782793278678,1,0,0,113.86
1782793278812,0,74,49,376.51
1782793278812,1,0,0,113.89
1782793278947,0,93,72,417.74
1782793278947,1,0,0,113.92
1782793279079,0,93,72,440.50
1782793279079,1,0,0,113.94
1782793279217,0,57,36,445.81
1782793279217,1,0,0,113.97
1782793279352,0,93,65,438.15
1782793279352,1,0,0,113.94
1782793279485,0,93,65,448.86
1782793279485,1,0,0,113.95
1782793279620,0,87,64,434.84
1782793279620,1,0,0,113.94
1782793279755,0,53,35,445.92
1782793279755,1,0,0,114.00
1782793279890,0,53,35,445.62
1782793279890,1,0,0,113.94
1782793280021,0,94,65,446.95
1782793280021,1,0,0,113.94
1782793280157,0,80,59,447.93
1782793280157,1,0,0,113.89
1782793280292,0,80,59,446.27
1782793280292,1,0,0,113.92
1782793280424,0,59,47,386.98
1782793280424,1,0,0,113.90
1782793280555,0,1,0,376.29
1782793280555,1,0,0,113.91
1782793280691,0,1,0,387.72
1782793280691,1,0,0,113.86
1782793280826,0,96,67,380.09
1782793280826,1,0,0,113.89
1782793280960,0,64,40,389.39
1782793280960,1,0,0,113.85
1782793281095,0,64,40,389.58
1782793281095,1,0,0,113.86
1782793281230,0,92,64,381.71
1782793281230,1,0,0,113.80
1782793281365,0,86,65,410.32
1782793281365,1,0,0,113.81
1782793281497,0,86,65,436.07
1782793281497,1,0,0,113.77
1782793281636,0,52,34,456.04
1782793281636,1,0,0,113.81
1782793281770,0,93,65,443.33
1782793281770,1,0,0,113.79
1782793281904,0,93,65,446.88
1782793281904,1,0,0,113.84
1782793282039,0,81,60,442.70
1782793282039,1,0,0,113.83
1782793282174,0,58,39,450.01
1782793282174,1,0,0,113.91
1782793282310,0,58,39,448.69
1782793282310,1,0,0,113.86
1782793282442,0,94,65,453.22
1782793282442,1,0,0,113.92
1782793282580,0,71,48,451.74
1782793282580,1,0,0,113.90
1782793282715,0,85,63,429.20
1782793282715,1,0,0,113.96
1782793282847,0,85,63,403.99
1782793282847,1,0,0,113.94
1782793282979,0,1,0,371.71
1782793282979,1,0,0,113.97
1782793283117,0,78,55,372.54
1782793283117,1,0,0,113.94
1782793283251,0,78,55,351.19
1782793283251,1,0,0,113.95
1782793283384,0,30,19,346.52
1782793283384,1,0,0,113.93
1782793283518,0,91,62,335.41
1782793283518,1,0,0,113.96
1782793283652,0,91,62,326.10
1782793283652,1,0,0,114.03
1782793283788,0,74,52,349.25
1782793283788,1,0,0,114.01
1782793283920,0,29,18,385.69
1782793283920,1,0,0,113.99
1782793284057,0,29,18,392.92
1782793284057,1,0,0,113.95
1782793284190,0,91,62,384.36
1782793284190,1,0,0,113.96
1782793284322,0,0,0,338.38
1782793284322,1,0,0,113.94
1782793284456,0,0,0,330.09
1782793284456,1,0,0,113.97
1782793284592,0,64,43,344.48
1782793284592,1,0,0,113.92
1782793284725,0,54,36,330.09
1782793284725,1,0,0,113.92
1782793284860,0,54,36,337.84
1782793284860,1,0,0,113.86
1782793284995,0,76,55,348.69
1782793284995,1,0,0,113.87
1782793285127,0,17,11,328.63
1782793285127,1,0,0,113.86
1782793285264,0,17,11,360.82
1782793285264,1,0,0,113.86
1782793285399,0,93,67,387.74
1782793285399,1,0,0,113.88
1782793285531,0,0,0,343.38
1782793285531,1,0,0,113.92
1782793285663,0,0,0,321.30
1782793285663,1,0,0,113.90
1782793285800,0,48,29,333.52
1782793285800,1,0,0,113.91
1782793285935,0,73,48,308.92
1782793285935,1,0,0,113.88
1782793286068,0,73,48,322.16
1782793286068,1,0,0,113.88
1782793286203,0,70,48,330.13
1782793286203,1,0,0,113.87
1782793286334,0,19,11,309.08
1782793286334,1,0,0,113.93
1782793286471,0,19,11,334.65
1782793286471,1,0,0,113.92
1782793286605,0,92,65,358.51
1782793286605,1,0,0,113.95
1782793286737,0,0,0,327.44
1782793286737,1,0,0,113.91
1782793286869,0,0,0,301.81
1782793286869,1,0,0,113.94
1782793287002,0,34,23,317.39
1782793287002,1,0,0,113.94
1782793287137,0,93,67,321.46
1782793287137,1,0,0,113.98
1782793287269,0,93,67,311.80
1782793287269,1,0,0,113.91
1782793287405,0,30,20,316.68
1782793287405,1,0,0,113.93
1782793287540,0,93,69,324.64
1782793287540,1,0,0,113.91
1782793287672,0,93,69,331.48
1782793287672,1,0,0,113.93
1782793287804,0,0,0,329.11
1782793287804,1,0,0,113.90
1782793287937,0,32,20,327.86
1782793287937,1,0,0,113.93
1782793288071,0,32,20,328.35
1782793288071,1,0,0,113.91
1782793288204,0,92,61,312.83
1782793288204,1,0,0,113.94
1782793288337,0,54,32,318.20
1782793288337,1,0,0,113.93
1782793288477,0,54,32,320.45
1782793288477,1,0,0,113.95
1782793288610,0,83,56,296.34
1782793288610,1,0,0,113.92
1782793288742,0,0,0,289.06
1782793288742,1,0,0,113.94
1782793288875,0,0,0,283.93
1782793288875,1,0,0,113.90
1782793289007,0,0,0,260.78
1782793289007,1,0,0,113.90
1782793289139,0,0,0,212.25
1782793289139,1,0,0,113.91
1782793289272,0,0,0,204.53
1782793289272,1,0,0,113.92
1782793289404,0,19,10,191.95
1782793289404,1,0,0,113.90
1782793289538,0,80,49,191.50
1782793289538,1,0,0,113.91
1782793289670,0,80,49,201.38
1782793289670,1,0,0,113.91
1782793289806,0,42,22,225.57
1782793289806,1,0,0,113.93
1782793289940,0,68,49,256.62
1782793289940,1,0,0,113.95
1782793290072,0,68,49,254.33
1782793290072,1,0,0,113.92
1782793290205,0,3,0,256.97
1782793290205,1,0,0,113.94
1782793290338,0,61,36,281.57
1782793290338,1,0,0,113.92
1782793290472,0,61,36,266.41
1782793290472,1,0,0,113.89
1782793290605,0,3,0,262.80
1782793290605,1,0,0,113.86
1782793290739,0,79,51,279.19
1782793290739,1,0,0,113.90
1782793290871,0,79,51,252.47
1782793290871,1,0,0,113.88
1782793291003,0,0,0,243.60
1782793291003,1,0,0,113.91
1782793291138,0,21,7,245.21
1782793291138,1,0,0,118.49
1782793291271,0,21,7,225.40
1782793291271,1,0,0,118.81
1782793291405,0,0,0,197.53
1782793291405,1,5,1,118.84
1782793291539,0,0,0,180.11
1782793291539,1,5,1,119.35
1782793291672,0,0,0,154.13
1782793291672,1,14,2,123.09
1782793291808,0,0,0,129.29
1782793291808,1,42,16,133.91
1782793291942,0,0,0,127.53
1782793291942,1,42,16,144.43
1782793292077,0,0,0,126.91
1782793292077,1,35,11,159.04
1782793292212,0,0,0,123.04
1782793292212,1,58,18,167.35
1782793292347,0,0,0,123.01
1782793292347,1,58,18,174.97
1782793292483,0,0,0,123.07
1782793292483,1,48,15,193.40
1782793292619,0,0,0,121.40
1782793292619,1,56,20,204.12
1782793292755,0,0,0,121.44
1782793292755,1,56,20,209.68
1782793292890,0,0,0,121.46
1782793292890,1,46,14,204.93
1782793293025,0,0,0,121.58
1782793293025,1,41,15,206.89
1782793293160,0,0,0,121.57
1782793293160,1,41,15,204.26
1782793293296,0,0,0,121.49
1782793293296,1,51,16,207.40
1782793293432,0,0,0,121.46
1782793293432,1,49,15,205.62
1782793293566,0,0,0,121.43
1782793293566,1,48,17,202.49
1782793293702,0,0,0,121.42
1782793293702,1,48,17,201.50
1782793293836,0,0,0,121.39
1782793293836,1,60,18,203.60
1782793293970,0,0,0,121.36
1782793293970,1,44,15,201.46
1782793294104,0,0,0,121.33
1782793294104,1,44,15,202.47
1782793294239,0,0,0,121.32
1782793294239,1,57,18,203.80
1782793294374,0,0,0,121.31
1782793294374,1,52,16,204.70
1782793294509,0,0,0,121.30
1782793294509,1,52,16,205.70
1782793294644,0,0,0,121.26
1782793294644,1,49,15,206.01
1782793294778,0,0,0,121.24
1782793294778,1,47,15,205.27
1782793294913,0,0,0,121.21
1782793294913,1,47,15,207.29
1782793295048,0,0,0,121.18
1782793295048,1,53,16,208.74
1782793295183,0,0,0,121.16
1782793295183,1,52,17,210.10
1782793295318,0,0,0,121.11
1782793295318,1,52,17,209.36
1782793295452,0,0,0,121.08
1782793295452,1,55,18,211.89
1782793295587,0,0,0,121.05
1782793295587,1,54,17,212.67
1782793295721,0,0,0,121.01
1782793295721,1,54,17,211.63
1782793295857,0,0,0,120.99
1782793295857,1,65,21,213.66
1782793295990,0,0,0,120.99
1782793295990,1,49,14,211.06
1782793296124,0,0,0,120.95
1782793296124,1,49,14,212.13
1782793296260,0,0,0,120.92
1782793296260,1,55,19,212.61
1782793296395,0,0,0,120.91
1782793296395,1,51,16,209.57
1782793296530,0,0,0,120.92
1782793296530,1,51,16,210.74
1782793296664,0,0,0,120.93
1782793296664,1,62,20,210.50
1782793296798,0,0,0,120.91
1782793296798,1,49,15,209.13
1782793296934,0,0,0,120.91
1782793296934,1,49,15,207.21
1782793297069,0,0,0,120.89
1782793297069,1,41,12,209.42
1782793297203,0,0,0,120.88
1782793297203,1,49,15,207.20
1782793297338,0,0,0,120.89
1782793297338,1,49,15,207.47
1782793297472,0,0,0,120.89
1782793297472,1,50,15,204.98
1782793297608,0,0,0,120.87
1782793297608,1,44,14,202.58
1782793297743,0,0,0,120.82
1782793297743,1,44,14,202.20
1782793297878,0,0,0,120.80
1782793297878,1,41,13,202.16
1782793298014,0,0,0,120.78
1782793298014,1,50,15,198.50
1782793298148,0,0,0,120.77
1782793298148,1,50,15,196.79
1782793298283,0,0,0,120.77
1782793298283,1,49,15,197.44
1782793298418,0,0,0,120.74
1782793298418,1,49,15,198.05
1782793298553,0,0,0,120.73
1782793298553,1,49,15,196.37
1782793298688,0,0,0,120.72
1782793298688,1,50,15,200.36
1782793298823,0,0,0,120.74
1782793298823,1,51,17,201.28
1782793298958,0,0,0,120.74
1782793298958,1,51,17,201.87
1782793299092,0,0,0,120.74
1782793299092,1,54,16,203.54
1782793299226,0,0,0,120.67
1782793299226,1,50,17,205.15
1782793299360,0,0,0,120.65
1782793299360,1,50,17,206.08
1782793299498,0,0,0,120.63
1782793299498,1,64,19,206.01
1782793299632,0,0,0,120.60
1782793299632,1,45,13,205.58
1782793299768,0,0,0,120.58
1782793299768,1,45,13,203.28
1782793299903,0,0,0,120.60
1782793299903,1,46,15,201.46
1782793300037,0,0,0,120.59
1782793300037,1,56,18,204.52
1782793300172,0,0,0,120.58
1782793300172,1,55,17,205.79
1782793300307,0,0,0,120.59
1782793300307,1,55,17,205.01
1782793300442,0,0,0,120.60
1782793300442,1,47,14,203.53
1782793300575,0,0,0,120.59
1782793300575,1,46,16,206.53
1782793300709,0,0,0,120.60
1782793300709,1,46,16,210.78
1782793300844,0,0,0,120.56
1782793300844,1,56,17,211.88
1782793300978,0,0,0,120.55
1782793300978,1,57,19,214.37
1782793301112,0,0,0,120.51
1782793301112,1,57,19,212.73
1782793301245,0,0,0,120.50
1782793301245,1,60,18,212.37
1782793301379,0,0,0,120.47
1782793301379,1,42,14,214.53
1782793301514,0,0,0,120.45
1782793301514,1,42,14,214.96
1782793301649,0,0,0,120.39
1782793301649,1,50,16,213.58
1782793301783,0,0,0,120.40
1782793301783,1,55,20,210.20
1782793301918,0,0,0,120.40
1782793301918,1,55,20,209.22
1782793302052,0,0,0,120.37
1782793302052,1,61,18,206.05
1782793302187,0,0,0,120.36
1782793302187,1,44,13,202.79
1782793302323,0,0,0,120.36
1782793302323,1,44,13,202.46
1782793302458,0,0,0,120.33
1782793302458,1,66,23,205.19
1782793302594,0,0,0,120.32
1782793302594,1,61,18,204.93
1782793302729,0,0,0,120.33
1782793302729,1,61,18,205.92
1782793302863,0,0,0,120.32
1782793302863,1,42,14,205.09
1782793302998,0,0,0,120.31
1782793302998,1,54,17,205.64
1782793303133,0,0,0,120.30
1782793303133,1,54,17,205.51
1782793303267,0,0,0,120.31
1782793303267,1,51,16,209.41
1782793303401,0,0,0,120.30
1782793303401,1,54,17,207.76
1782793303537,0,0,0,120.32
1782793303537,1,54,17,207.24
1782793303671,0,0,0,120.30
1782793303671,1,56,17,207.93
1782793303806,0,0,0,120.28
1782793303806,1,36,11,204.69
1782793303944,0,0,0,120.26
1782793303944,1,36,11,205.17
1782793304079,0,0,0,120.25
1782793304079,1,51,15,204.27
1782793304214,0,0,0,120.25
1782793304214,1,45,14,203.54
1782793304349,0,0,0,120.24
1782793304349,1,45,14,203.35
1782793304484,0,0,0,120.21
1782793304484,1,55,17,204.54
1782793304618,0,0,0,120.18
1782793304618,1,50,15,203.61
1782793304753,0,0,0,120.17
1782793304753,1,50,15,202.57
1782793304886,0,0,0,120.18
1782793304886,1,50,17,204.87
1782793305022,0,0,0,120.17
1782793305022,1,51,17,206.33
1782793305157,0,0,0,120.16
1782793305157,1,51,17,207.30
1782793305292,0,0,0,120.13
1782793305292,1,51,15,205.53
1782793305427,0,0,0,120.14
1782793305427,1,51,15,205.82
1782793305562,0,0,0,120.15
1782793305562,1,51,15,204.50
1782793305696,0,0,0,120.15
1782793305696,1,39,13,204.21
1782793305830,0,0,0,120.15
1782793305830,1,43,14,203.20
1782793305964,0,0,0,120.13
1782793305964,1,43,14,203.57
1782793306099,0,0,0,120.12
1782793306099,1,58,17,201.91
1782793306234,0,0,0,120.11
1782793306234,1,57,17,200.26
1782793306367,0,0,0,120.11
1782793306367,1,57,17,200.95
1782793306502,0,0,0,120.11
1782793306502,1,47,16,201.97
1782793306635,0,0,0,120.11
1782793306635,1,40,13,202.24
1782793306769,0,0,0,120.10
1782793306769,1,40,13,201.96
1782793306903,0,0,0,120.07
1782793306903,1,62,20,201.96
1782793307040,0,0,0,120.07
1782793307040,1,46,13,200.94
1782793307174,0,0,0,120.08
1782793307174,1,43,15,203.14
1782793307308,0,0,0,120.07
1782793307308,1,43,15,203.73
1782793307442,0,0,0,120.05
1782793307442,1,49,15,202.63
1782793307576,0,0,0,120.05
1782793307576,1,59,18,206.33
1782793307711,0,0,0,120.04
1782793307711,1,59,18,205.95
1782793307844,0,0,0,120.02
1782793307844,1,48,15,204.96
1782793307978,0,0,0,120.03
1782793307978,1,58,18,208.96
1782793308113,0,0,0,120.01
1782793308113,1,58,18,208.47
1782793308248,0,0,0,119.99
1782793308248,1,53,17,210.24
1782793308382,0,0,0,119.96
1782793308382,1,59,17,208.58
1782793308516,0,0,0,119.95
1782793308516,1,59,17,206.91
1782793308651,0,0,0,119.94
1782793308651,1,49,15,204.85
1782793308786,0,0,0,119.94
1782793308786,1,52,16,203.50
1782793308920,0,0,0,119.91
1782793308920,1,52,16,199.49
1782793309057,0,0,0,119.92
1782793309057,1,42,13,199.47
1782793309191,0,0,0,119.93
1782793309191,1,52,19,205.01
1782793309326,0,0,0,119.90
1782793309326,1,52,19,205.07
1782793309459,0,0,0,119.91
1782793309459,1,62,19,205.71
1782793309594,0,0,0,119.90
1782793309594,1,51,17,205.95
1782793309728,0,0,0,119.86
1782793309728,1,51,17,206.86
1782793309862,0,0,0,119.88
1782793309862,1,52,17,209.24
1782793309996,0,0,0,119.88
1782793309996,1,51,15,211.45
1782793310131,0,0,0,119.86
1782793310131,1,51,15,208.87
1782793310265,0,0,0,119.87
1782793310265,1,52,18,206.80
1782793310400,0,0,0,119.86
1782793310400,1,44,13,205.79
1782793310534,0,0,0,119.84
1782793310534,1,44,13,206.28
1782793310668,0,0,0,119.86
1782793310668,1,49,16,208.04
1782793310802,0,0,0,119.86
1782793310802,1,49,14,203.80
1782793310936,0,0,0,119.85
1782793310936,1,49,14,202.34
1782793311071,0,0,0,119.84
1782793311071,1,59,18,201.50
1782793311204,0,0,0,119.83
1782793311204,1,45,15,200.26
1782793311338,0,0,0,119.80
1782793311338,1,45,15,197.10
1782793311473,0,0,0,119.81
1782793311473,1,52,17,198.53
1782793311608,0,0,0,119.81
1782793311608,1,55,18,199.34
1782793311742,0,0,0,119.81
1782793311742,1,55,18,199.05
1782793311876,0,0,0,119.81
1782793311876,1,57,17,201.46
1782793312010,0,0,0,119.80
1782793312010,1,56,18,202.83
1782793312144,0,0,0,119.82
1782793312144,1,56,18,204.56
1782793312278,0,0,0,119.85
1782793312278,1,59,18,208.76
1782793312412,0,0,0,119.85
1782793312412,1,53,15,207.90
1782793312545,0,0,0,119.84
1782793312545,1,53,15,207.47
1782793312679,0,0,0,119.83
1782793312679,1,54,17,206.48
1782793312813,0,0,0,119.82
1782793312813,1,54,16,206.38
1782793312947,0,0,0,119.82
1782793312947,1,54,16,206.64
1782793313080,0,0,0,119.82
1782793313080,1,54,20,205.51
1782793313217,0,0,0,119.81
1782793313217,1,41,12,204.66
1782793313352,0,0,0,119.78
1782793313352,1,41,12,202.01
1782793313486,0,0,0,119.78
1782793313486,1,51,18,205.30
1782793313619,0,0,0,119.77
1782793313619,1,59,19,204.63
1782793313753,0,0,0,119.78
1782793313753,1,59,19,203.50
1782793313887,0,0,0,119.79
1782793313887,1,51,15,202.79
1782793314022,0,0,0,119.74
1782793314022,1,51,17,201.15
1782793314157,0,0,0,119.73
1782793314157,1,51,17,202.04
1782793314293,0,0,0,119.75
1782793314293,1,50,15,204.73
1782793314427,0,0,0,119.75
1782793314427,1,50,15,201.63
1782793314563,0,0,0,119.73
1782793314563,1,50,15,203.64
1782793314697,0,0,0,119.72
1782793314697,1,45,14,207.31
1782793314831,0,0,0,119.70
1782793314831,1,50,15,208.12
1782793314966,0,0,0,119.72
1782793314966,1,50,15,206.07
1782793315100,0,0,0,119.71
1782793315100,1,48,15,204.56
1782793315234,0,0,0,119.71
1782793315234,1,43,14,205.66
1782793315369,0,0,0,119.71
1782793315369,1,43,14,203.50
1782793315503,0,0,0,119.72
1782793315503,1,57,17,199.36
1782793315637,0,0,0,119.72
1782793315637,1,46,15,198.95
1782793315771,0,0,0,119.74
1782793315771,1,46,15,199.41
1782793315908,0,0,0,119.73
1782793315908,1,55,18,200.71
1782793316041,0,0,0,119.75
1782793316041,1,46,14,199.47
1782793316176,0,0,0,119.76
1782793316176,1,49,18,201.43
1782793316311,0,0,0,119.74
1782793316311,1,49,18,200.50
1782793316445,0,0,0,119.73
1782793316445,1,45,15,201.46
1782793316580,0,0,0,119.73
1782793316580,1,47,15,203.70
1782793316715,0,0,0,119.74
1782793316715,1,47,15,201.48
1782793316848,0,0,0,119.71
1782793316848,1,59,18,199.16
1782793316981,0,0,0,119.71
1782793316981,1,56,17,202.81
1782793317115,0,0,0,119.69
1782793317115,1,56,17,202.86
1782793317250,0,0,0,119.70
1782793317250,1,50,15,202.30
1782793317385,0,0,0,119.73
1782793317385,1,59,19,202.48
1782793317519,0,0,0,119.72
1782793317519,1,59,19,200.88
1782793317653,0,0,0,119.70
1782793317653,1,47,16,203.26
1782793317787,0,0,0,119.72
1782793317787,1,52,16,204.91
1782793317921,0,0,0,119.72
1782793317921,1,52,16,204.36
1782793318056,0,0,0,119.71
1782793318056,1,49,14,203.87
1782793318190,0,0,0,119.72
1782793318190,1,44,15,206.77
1782793318324,0,0,0,119.69
1782793318324,1,44,15,208.07
1782793318458,0,0,0,119.68
1782793318458,1,61,20,207.78
1782793318593,0,0,0,119.70
1782793318593,1,48,15,207.52
1782793318726,0,0,0,119.69
1782793318726,1,48,15,206.79
1782793318859,0,0,0,119.69
1782793318859,1,47,16,209.26
1782793318993,0,0,0,119.71
1782793318993,1,57,17,210.28
1782793319128,0,0,0,119.69
1782793319128,1,57,17,209.75
1782793319263,0,0,0,119.68
1782793319263,1,44,15,208.71
1782793319397,0,0,0,119.71
1782793319397,1,46,14,208.48
1782793319532,0,0,0,119.71
1782793319532,1,46,14,207.60
1782793319666,0,0,0,119.70
1782793319666,1,48,14,207.22
1782793319800,0,0,0,119.69
1782793319800,1,53,19,205.78
1782793319934,0,0,0,119.67
1782793319934,1,53,19,205.41
1782793320068,0,0,0,119.67
1782793320068,1,61,19,207.96
1782793320203,0,0,0,119.68
1782793320203,1,36,10,205.67
1782793320338,0,0,0,119.66
1782793320338,1,36,10,202.34
1782793320473,0,0,0,119.67
1782793320473,1,45,15,203.49
1782793320606,0,0,0,119.65
1782793320606,1,62,19,204.29
1782793320740,0,0,0,119.68
1782793320740,1,62,19,202.39
1782793320873,0,0,0,119.69
1782793320873,1,53,20,202.17
1782793321008,0,0,0,119.70
1782793321008,1,51,16,198.67
1782793321143,0,0,0,119.67
1782793321143,1,51,16,197.09
1782793321279,0,0,0,119.64
1782793321279,1,53,18,198.64
1782793321414,0,0,0,119.64
1782793321414,1,44,15,200.23
1782793321549,0,0,0,119.61
1782793321549,1,44,15,199.78
1782793321682,0,0,0,119.60
1782793321682,1,50,16,201.96
1782793321816,0,0,0,119.60
1782793321816,1,42,14,198.58
1782793321950,0,0,0,119.59
1782793321950,1,42,14,200.95
1782793322085,0,0,0,119.57
1782793322085,1,60,20,204.79
1782793322221,0,0,0,119.58
1782793322221,1,38,12,204.23
1782793322356,0,0,0,119.62
1782793322356,1,38,12,206.54
1782793322491,0,0,0,119.64
1782793322491,1,49,16,204.13
1782793322625,0,0,0,119.64
1782793322625,1,58,19,208.13
1782793322760,0,0,0,119.63
1782793322760,1,58,19,209.44
1782793322895,0,0,0,119.63
1782793322895,1,55,16,206.60
1782793323030,0,0,0,119.63
1782793323030,1,54,19,208.93
1782793323164,0,0,0,119.63
1782793323164,1,54,19,206.85
1782793323298,0,0,0,119.62
1782793323298,1,45,15,208.91
1782793323432,0,0,0,119.60
1782793323432,1,49,15,207.49
1782793323566,0,0,0,119.60
1782793323566,1,49,15,208.01
1782793323699,0,0,0,119.60
1782793323699,1,49,16,207.30
1782793323834,0,0,0,119.63
1782793323834,1,59,18,208.43
1782793323969,0,0,0,119.64
1782793323969,1,59,18,207.68
1782793324102,0,0,0,119.63
1782793324102,1,47,15,206.56
1782793324235,0,0,0,119.61
1782793324235,1,52,17,205.21
1782793324369,0,0,0,119.63
1782793324369,1,52,17,204.66
1782793324509,0,0,0,119.64
1782793324509,1,55,17,205.80
1782793324643,0,0,0,119.62
1782793324643,1,51,17,205.96
1782793324777,0,0,0,119.61
1782793324777,1,51,17,203.76
1782793324910,0,0,0,119.60
1782793324910,1,62,19,206.29
1782793325047,0,0,0,119.59
1782793325047,1,60,19,206.63
1782793325181,0,0,0,119.59
1782793325181,1,46,15,210.18
1782793325315,0,0,0,119.60
1782793325315,1,46,15,210.29
1782793325449,0,0,0,119.59
1782793325449,1,59,19,212.07
1782793325582,0,0,0,119.57
1782793325582,1,47,15,214.45
1782793325717,0,0,0,119.57
1782793325717,1,47,15,214.33
1782793325850,0,0,0,119.56
1782793325850,1,50,16,214.50
1782793325985,0,0,0,119.58
1782793325985,1,55,17,214.31
1782793326119,0,0,0,119.56
1782793326119,1,55,17,211.75
1782793326253,0,0,0,119.55
1782793326253,1,50,15,211.45
1782793326386,0,0,0,119.53
1782793326386,1,51,16,209.06
1782793326520,0,0,0,119.51
1782793326520,1,51,16,208.38
1782793326655,0,0,0,119.48
1782793326655,1,53,16,206.67
1782793326789,0,0,0,119.48
1782793326789,1,43,13,203.32
1782793326923,0,0,0,119.44
1782793326923,1,43,13,203.13
1782793327058,0,0,0,119.45
1782793327058,1,55,18,203.71
1782793327192,0,0,0,119.45
1782793327192,1,47,14,203.11
1782793327327,0,0,0,119.44
1782793327327,1,47,14,202.74
1782793327461,0,0,0,119.45
1782793327461,1,52,17,201.12
1782793327596,0,0,0,119.47
1782793327596,1,53,17,201.17
1782793327730,0,0,0,119.46
1782793327730,1,53,17,201.41
1782793327863,0,0,0,119.49
1782793327863,1,51,17,202.98
1782793327998,0,0,0,119.50
1782793327998,1,65,20,204.53
1782793328132,0,0,0,119.50
1782793328132,1,65,20,206.17
1782793328267,0,0,0,119.50
1782793328267,1,45,13,205.25
1782793328401,0,0,0,119.48
1782793328401,1,45,14,207.48
1782793328535,0,0,0,119.45
1782793328535,1,45,14,209.35
1782793328669,0,0,0,119.46
1782793328669,1,60,18,209.45
1782793328804,0,0,0,119.45
1782793328804,1,44,15,208.09
1782793328938,0,0,0,119.45
1782793328938,1,44,15,207.01
1782793329072,0,0,0,119.45
1782793329072,1,53,16,206.75
1782793329206,0,0,0,119.44
1782793329206,1,53,17,207.21
1782793329340,0,0,0,119.47
1782793329340,1,53,17,207.68
1782793329474,0,0,0,119.51
1782793329474,1,58,19,206.04
1782793329609,0,0,0,119.51
1782793329609,1,44,13,201.57
1782793329743,0,0,0,119.50
1782793329743,1,44,13,202.18
1782793329877,0,0,0,119.48
1782793329877,1,52,17,202.58
1782793330012,0,0,0,119.46
1782793330012,1,63,19,200.07
1782793330146,0,0,0,119.48
1782793330146,1,63,19,200.93
1782793330280,0,0,0,119.48
1782793330280,1,50,17,200.80
1782793330415,0,0,0,119.46
1782793330415,1,53,16,198.64
1782793330548,0,0,0,119.43
1782793330548,1,53,16,198.66
1782793330683,0,0,0,119.44
1782793330683,1,48,15,201.14
1782793330818,0,0,0,119.44
1782793330818,1,49,19,203.93
1782793330952,0,0,0,119.44
1782793330952,1,49,19,203.58
1782793331086,0,0,0,119.43
1782793331086,1,60,19,210.57
1782793331222,0,0,0,119.42
1782793331222,1,61,18,208.59
1782793331355,0,0,0,119.39
1782793331355,1,61,18,207.02
1782793331490,0,0,0,119.41
1782793331490,1,44,14,210.58
1782793331624,0,0,0,119.42
1782793331624,1,57,18,211.30
1782793331760,0,0,0,119.43
1782793331760,1,57,18,213.04
1782793331893,0,0,0,119.42
1782793331893,1,55,17,211.45
1782793332027,0,0,0,119.43
1782793332027,1,57,18,207.03
1782793332161,0,0,0,119.41
1782793332161,1,57,18,206.63
1782793332295,0,0,0,119.43
1782793332295,1,45,14,209.37
1782793332430,0,0,0,119.41
1782793332430,1,51,16,210.56
1782793332563,0,0,0,119.39
1782793332563,1,51,16,209.42
1782793332699,0,0,0,119.37
1782793332699,1,47,14,211.10
1782793332833,0,0,0,119.36
1782793332833,1,64,20,211.39
1782793332968,0,0,0,119.39
1782793332968,1,64,20,210.80
1782793333102,0,0,0,119.38
1782793333102,1,43,13,211.92
1782793333236,0,0,0,119.38
1782793333236,1,53,17,211.95
1782793333370,0,0,0,119.39
1782793333370,1,53,17,211.31
1782793333504,0,0,0,119.37
1782793333504,1,58,18,208.95
1782793333638,0,0,0,119.39
1782793333638,1,55,16,209.19
1782793333772,0,0,0,119.41
1782793333772,1,55,16,206.60
1782793333906,0,0,0,119.40
1782793333906,1,48,16,207.83
1782793334040,0,0,0,119.38
1782793334040,1,60,18,207.28
1782793334174,0,0,0,119.36
1782793334174,1,60,18,203.60
1782793334309,0,0,0,119.37
1782793334309,1,42,14,204.88
1782793334443,0,0,0,119.37
1782793334443,1,58,17,204.34
1782793334576,0,0,0,119.38
1782793334576,1,58,17,205.10
1782793334710,0,0,0,119.39
1782793334710,1,50,15,206.37
1782793334845,0,0,0,119.39
1782793334845,1,57,19,205.52
1782793334978,0,0,0,119.43
1782793334978,1,57,19,204.73
1782793335112,0,0,0,119.42
1782793335112,1,56,18,209.77
1782793335246,0,0,0,119.42
1782793335246,1,63,19,208.01
1782793335380,0,0,0,119.43
1782793335380,1,63,19,205.06
1782793335516,0,0,0,119.43
1782793335516,1,45,13,206.27
1782793335653,0,0,0,119.41
1782793335653,1,56,19,204.85
1782793335788,0,0,0,119.42
1782793335788,1,46,14,201.89
1782793335922,0,0,0,119.43
1782793335922,1,46,14,202.08
1782793336057,0,0,0,119.42
1782793336057,1,55,18,202.28
1782793336193,0,0,0,119.40
1782793336193,1,62,19,202.42
1782793336327,0,0,0,119.42
1782793336327,1,62,19,203.58
1782793336460,0,0,0,119.42
1782793336460,1,47,14,202.96
1782793336594,0,0,0,119.43
1782793336594,1,50,16,202.24
1782793336728,0,0,0,119.43
1782793336728,1,50,16,201.54
1782793336863,0,0,0,119.41
1782793336863,1,43,13,201.51
1782793336996,0,0,0,119.43
1782793336996,1,53,18,200.18
1782793337130,0,0,0,119.44
1782793337130,1,53,18,200.61
1782793337264,0,0,0,119.44
1782793337264,1,62,19,199.60
1782793337397,0,0,0,119.44
1782793337397,1,45,13,200.65
1782793337531,0,0,0,119.42
1782793337531,1,45,13,202.37
1782793337664,0,0,0,119.42
1782793337664,1,48,15,203.40
1782793337798,0,0,0,119.44
1782793337798,1,47,13,202.51
1782793337932,0,0,0,119.42
1782793337932,1,47,13,203.90
1782793338066,0,0,0,119.42
1782793338066,1,51,17,202.70
1782793338200,0,0,0,119.40
1782793338200,1,43,13,202.53
1782793338334,0,0,0,119.37
1782793338334,1,43,13,202.42
1782793338470,0,0,0,119.35
1782793338470,1,54,19,204.73
1782793338604,0,0,0,119.37
1782793338604,1,47,14,199.85
1782793338737,0,0,0,123.73
1782793338737,1,47,14,201.24
1782793338875,0,0,0,139.59
1782793338875,1,49,17,206.49
1782793339012,0,48,28,163.31
1782793339012,1,60,18,205.84
1782793339148,0,25,13,179.55
1782793339148,1,60,18,205.99
1782793339283,0,25,13,194.94
1782793339283,1,49,16,205.14
1782793339421,0,52,30,222.52
1782793339421,1,61,20,206.71
1782793339555,0,32,26,235.96
1782793339555,1,61,20,207.76
1782793339690,0,32,26,233.80
1782793339690,1,50,15,206.50
1782793339826,0,3,0,239.67
1782793339826,1,54,16,203.17
1782793339962,0,55,34,240.26
1782793339962,1,54,16,203.47
1782793340098,0,55,34,233.84
1782793340098,1,56,19,207.07
1782793340235,0,9,4,246.67
1782793340235,1,49,15,207.39
1782793340372,0,55,34,245.86
1782793340372,1,49,15,208.50
1782793340510,0,55,34,238.83
1782793340510,1,53,17,207.47
1782793340644,0,20,19,238.58
1782793340644,1,47,15,208.06
1782793340778,0,3,0,242.99
1782793340778,1,47,15,208.82
1782793340914,0,3,0,244.42
1782793340914,1,56,18,211.26
1782793341051,0,56,33,242.56
1782793341051,1,52,15,208.82
1782793341186,0,3,0,243.85
1782793341186,1,57,17,207.86
1782793341323,0,3,0,245.52
1782793341323,1,57,17,206.34
1782793341461,0,55,33,239.27
1782793341461,1,50,17,206.98
1782793341594,0,17,17,239.34
1782793341594,1,45,13,204.55
1782793341729,0,3,0,244.74
1782793341729,1,45,13,204.79
1782793341866,0,3,0,254.07
1782793341866,1,54,18,205.55
1782793342003,0,64,41,253.65
1782793342003,1,57,17,202.25
1782793342136,0,1,0,265.33
1782793342136,1,57,17,201.56
1782793342272,0,1,0,265.07
1782793342272,1,47,14,204.33
1782793342410,0,64,42,271.48
1782793342410,1,47,15,202.51
1782793342544,0,13,13,271.66
1782793342544,1,47,15,203.67
1782793342678,0,13,13,271.68
1782793342678,1,64,21,205.69
1782793342817,0,3,0,277.48
1782793342817,1,53,17,205.37
1782793342954,0,58,41,277.81
1782793342954,1,53,17,204.74
1782793343091,0,58,41,282.45
1782793343091,1,51,16,209.05
1782793343227,0,22,13,274.14
1782793343227,1,50,16,208.84
1782793343369,0,49,30,272.65
1782793343369,1,50,16,209.73
1782793343507,0,49,30,290.10
1782793343507,1,37,13,210.70
1782793343641,0,69,47,294.26
1782793343641,1,56,17,208.66
1782793343776,0,1,0,279.85
1782793343776,1,56,17,209.04
1782793343913,0,1,0,281.89
1782793343913,1,63,20,205.35
1782793344049,0,54,33,275.71
1782793344049,1,52,17,205.76
1782793344185,0,33,20,283.07
1782793344185,1,60,19,204.35
1782793344323,0,33,20,290.09
1782793344323,1,60,19,204.33
1782793344460,0,69,46,273.34
1782793344460,1,56,18,206.04
1782793344597,0,17,10,282.90
1782793344597,1,57,17,201.82
1782793344734,0,68,44,332.08
1782793344734,1,57,17,202.87
1782793344872,0,68,44,312.93
1782793344872,1,43,14,205.06
1782793345007,0,0,0,289.09
1782793345007,1,63,19,206.60
1782793345148,0,25,16,287.20
1782793345148,1,63,19,207.88
1782793345301,0,25,16,285.27
1782793345301,1,50,17,207.29
1782793345438,0,100,72,288.84
1782793345438,1,56,17,206.68
1782793345574,0,11,6,295.28
1782793345574,1,56,17,206.54
1782793345711,0,11,6,299.67
1782793345711,1,56,17,210.76
1782793345846,0,91,70,315.67
1782793345846,1,48,15,212.51
1782793345982,0,27,17,339.82
1782793345982,1,48,15,211.04
1782793346121,0,27,17,366.37
1782793346121,1,64,20,209.11
1782793346259,0,84,59,349.21
1782793346259,1,38,13,209.68
1782793346394,0,0,0,325.12
1782793346394,1,62,19,213.34
1782793346529,0,0,0,333.32
1782793346529,1,62,19,213.71
1782793346667,0,55,35,334.18
1782793346667,1,62,19,214.30
1782793346801,0,87,60,313.49
1782793346801,1,48,14,206.61
1782793346936,0,0,0,280.94
1782793346936,1,48,14,207.18
1782793347070,0,0,0,243.92
1782793347070,1,48,16,207.74
1782793347205,0,0,0,215.83
1782793347205,1,63,21,210.90
1782793347341,0,15,10,245.87
1782793347341,1,63,21,207.12
1782793347478,0,15,10,267.90
1782793347478,1,52,16,207.85
1782793347615,0,91,66,258.12
1782793347615,1,47,14,206.97
1782793347753,0,63,38,275.46
1782793347753,1,47,14,209.37
1782793347890,0,63,38,308.16
1782793347890,1,57,19,209.10
1782793348027,0,79,55,329.75
1782793348027,1,45,15,209.94
1782793348164,0,75,57,395.01
1782793348164,1,45,15,207.84
1782793348300,0,75,57,405.98
1782793348300,1,53,16,207.38
1782793348436,0,38,25,412.99
1782793348436,1,50,16,205.80
1782793348573,0,91,63,405.18
1782793348573,1,50,16,206.43
1782793348710,0,91,63,413.61
1782793348710,1,38,11,201.87
1782793348848,0,62,38,413.90
1782793348848,1,37,12,202.02
1782793348986,0,80,57,401.18
1782793348986,1,37,12,204.38
1782793349121,0,80,57,369.15
1782793349121,1,58,19,204.66
1782793349257,0,0,0,355.71
1782793349257,1,52,15,203.38
1782793349410,0,80,38,347.61
1782793349410,1,56,18,205.60
1782793349547,0,92,64,336.96
1782793349547,1,56,18,203.22
1782793349685,0,92,64,339.29
1782793349685,1,48,15,208.42
1782793349823,0,75,55,339.33
1782793349823,1,49,15,210.13
1782793349959,0,47,32,349.97
1782793349959,1,49,15,208.98
1782793350095,0,47,32,379.67
1782793350095,1,56,17,205.70
1782793350232,0,93,67,407.95
1782793350232,1,49,16,206.58
1782793350367,0,63,39,416.59
1782793350367,1,49,16,207.86
1782793350507,0,63,39,415.73
1782793350507,1,55,18,208.35
1782793350644,0,89,62,419.58
1782793350644,1,42,13,208.07
1782793350782,0,80,59,419.73
1782793350782,1,42,13,208.39
1782793350917,0,80,59,414.11
1782793350917,1,57,20,208.71
1782793351057,0,46,30,420.95
1782793351057,1,51,16,210.99
1782793351195,0,92,65,414.21
1782793351195,1,59,18,209.96
1782793351329,0,92,65,389.64
1782793351329,1,59,18,207.51
1782793351464,0,0,0,338.21
1782793351464,1,45,16,207.19
1782793351600,0,32,21,347.15
1782793351600,1,54,18,207.51
1782793351738,0,89,61,334.06
1782793351738,1,54,18,206.03
1782793351873,0,89,61,332.40
1782793351873,1,46,13,201.68
1782793352012,0,55,35,328.91
1782793352012,1,51,18,202.77
1782793352152,0,90,62,304.21
1782793352152,1,51,18,201.42
1782793352291,0,90,62,328.39
1782793352291,1,56,18,204.63
1782793352429,0,54,30,365.44
1782793352429,1,43,15,202.72
1782793352568,0,80,60,361.64
1782793352568,1,43,15,199.99
1782793352701,0,80,60,324.07
1782793352701,1,54,16,201.63
1782793352837,0,2,0,315.19
1782793352837,1,59,22,208.52
1782793352974,0,63,41,319.56
1782793352974,1,59,22,208.00
1782793353109,0,63,41,294.30
1782793353109,1,55,16,207.10
1782793353243,0,14,8,306.21
1782793353243,1,47,15,207.33
1782793353380,0,82,58,298.34
1782793353380,1,47,15,210.01
1782793353516,0,82,58,277.42
1782793353516,1,57,18,213.17
1782793353654,0,31,18,320.48
1782793353654,1,50,16,213.14
1782793353795,0,81,52,328.43
1782793353795,1,56,18,211.63
1782793353931,0,81,52,308.52
1782793353931,1,56,18,214.46
1782793354065,0,0,0,291.57
1782793354065,1,65,20,212.77
1782793354202,0,55,33,290.01
1782793354202,1,57,17,210.68
1782793354339,0,89,60,279.99
1782793354339,1,57,17,208.86
1782793354474,0,89,60,292.88
1782793354474,1,53,19,210.84
1782793354613,0,53,32,288.75
1782793354613,1,51,17,211.52
1782793354750,0,91,62,293.82
1782793354750,1,51,17,206.81
1782793354885,0,91,62,297.25
1782793354885,1,55,18,206.83
1782793355021,0,0,0,297.34
1782793355021,1,59,18,203.62
1782793355157,0,29,17,281.42
1782793355157,1,59,18,202.62
1782793355295,0,29,17,276.54
1782793355295,1,52,18,206.76
1782793355434,0,74,47,272.75
1782793355434,1,49,15,205.07
1782793355571,0,29,16,267.32
1782793355571,1,49,15,204.88
1782793355708,0,29,16,255.88
1782793355708,1,44,15,208.93
1782793355843,0,81,51,257.96
1782793355843,1,59,20,208.23
1782793355978,0,0,0,255.25
1782793355978,1,59,20,211.01
1782793356113,0,0,0,258.96
1782793356113,1,63,20,211.77
1782793356251,0,29,16,259.35
1782793356251,1,48,16,209.32
1782793356385,0,69,42,247.42
1782793356385,1,48,16,210.36
1782793356521,0,69,42,256.11
1782793356521,1,55,18,210.55
1782793356660,0,43,20,259.46
1782793356660,1,50,15,208.85
1782793356795,0,63,45,241.45
1782793356795,1,53,18,209.15
1782793356930,0,63,45,239.07
1782793356930,1,53,18,206.33
1782793357064,0,3,0,232.26
1782793357064,1,56,17,205.01
1782793357198,0,0,0,213.86
1782793357198,1,49,15,207.43
1782793357332,0,0,0,181.11
1782793357332,1,49,15,207.75
1782793357469,0,0,0,170.76
1782793357469,1,61,18,205.10
1782793357606,0,44,24,165.07
1782793357606,1,45,15,204.04
1782793357744,0,73,46,179.94
1782793357744,1,45,15,203.09
1782793357881,0,73,46,182.52
1782793357881,1,53,17,201.46
1782793358017,0,13,7,198.62
1782793358017,1,44,13,199.50
1782793358156,0,74,47,239.45
1782793358156,1,44,13,200.89
1782793358291,0,74,47,242.00
1782793358291,1,45,15,200.37
1782793358426,0,3,0,239.66
1782793358426,1,60,17,202.11
1782793358563,0,15,8,240.50
1782793358563,1,60,17,202.23
1782793358700,0,15,8,244.30
1782793358700,1,41,14,203.32
1782793358835,0,25,14,242.64
1782793358835,1,53,16,201.84
1782793358972,0,20,11,242.75
1782793358972,1,53,16,205.46
1782793359110,0,20,11,238.18
1782793359110,1,52,16,206.73
1782793359247,0,53,32,238.99
1782793359247,1,50,15,204.36
1782793359381,0,0,0,241.30
1782793359381,1,50,15,204.62
1782793359519,0,0,0,237.18
1782793359519,1,60,22,209.59
1782793359653,0,0,0,196.54
1782793359653,1,49,14,207.06
1782793359788,0,0,0,183.98
1782793359788,1,49,14,205.68
1782793359922,0,0,0,178.54
1782793359922,1,47,15,205.10
1782793360057,0,0,0,141.81
1782793360057,1,49,15,204.72
1782793360193,0,0,0,124.97
1782793360193,1,43,14,203.08
1782793360327,0,0,0,121.05
1782793360327,1,43,14,203.38
1782793360462,0,0,0,120.98
1782793360462,1,50,15,200.17
1782793360601,0,0,0,121.04
1782793360601,1,41,14,199.71
1782793360736,0,0,0,121.04
1782793360736,1,41,14,201.78
1782793360870,0,0,0,121.07
1782793360870,1,54,18,203.19
1782793361004,0,0,0,121.11
1782793361004,1,49,15,199.61
1782793361139,0,0,0,121.21
1782793361139,1,49,15,200.26
1782793361274,0,0,0,121.25
1782793361274,1,43,14,199.27
1782793361408,0,0,0,121.30
1782793361408,1,48,17,198.96
1782793361542,0,0,0,121.24
1782793361542,1,48,17,200.49
1782793361677,0,0,0,121.22
1782793361677,1,51,15,197.48
1782793361811,0,0,0,121.22
1782793361811,1,44,15,193.87
1782793361947,0,0,0,121.20
1782793361947,1,44,15,196.80
1782793362083,0,0,0,121.19
1782793362083,1,53,16,198.36
1782793362217,0,0,0,121.15
1782793362217,1,34,11,197.21
1782793362352,0,0,0,121.08
1782793362352,1,34,11,199.92
1782793362488,0,0,0,121.08
1782793362488,1,64,22,198.99
1782793362622,0,0,0,121.09
1782793362622,1,54,16,202.44
1782793362756,0,0,0,121.04
1782793362756,1,54,16,205.29
1782793362891,0,0,0,121.03
1782793362891,1,50,15,201.94
1782793363026,0,0,0,120.99
1782793363026,1,62,21,204.70
1782793363160,0,0,0,120.93
1782793363160,1,62,21,205.58
1782793363295,0,0,0,120.94
1782793363295,1,50,15,205.89
1782793363430,0,0,0,120.94
1782793363430,1,52,17,205.85
1782793363565,0,0,0,120.86
1782793363565,1,52,17,205.70
1782793363701,0,0,0,120.85
1782793363701,1,53,17,207.90
1782793363836,0,0,0,120.78
1782793363836,1,58,17,208.78
1782793363970,0,0,0,120.81
1782793363970,1,58,17,207.68
1782793364104,0,0,0,120.80
1782793364104,1,46,14,207.56
1782793364238,0,0,0,120.79
1782793364238,1,58,18,210.28
1782793364374,0,0,0,120.78
1782793364374,1,58,18,208.29
1782793364508,0,0,0,120.78
1782793364508,1,50,15,205.89
1782793364642,0,0,0,120.78
1782793364642,1,47,16,204.84
1782793364776,0,0,0,120.77
1782793364776,1,47,16,205.99
1782793364910,0,0,0,120.78
1782793364910,1,62,19,206.06
1782793365045,0,0,0,120.75
1782793365045,1,55,18,207.24
1782793365179,0,0,0,120.77
1782793365179,1,55,18,204.85
1782793365315,0,0,0,120.78
1782793365315,1,39,11,202.27
1782793365449,0,0,0,120.74
1782793365449,1,52,17,205.26
1782793365583,0,0,0,120.74
1782793365583,1,52,17,204.50
1782793365726,0,0,0,120.72
1782793365726,1,45,14,200.90
1782793365861,0,0,0,120.70
1782793365861,1,43,14,200.18
1782793365995,0,0,0,120.68
1782793365995,1,51,18,201.06
1782793366129,0,0,0,120.67
1782793366129,1,51,18,202.22
1782793366263,0,0,0,120.63
1782793366263,1,49,14,202.11
1782793366397,0,0,0,120.64
1782793366397,1,46,16,203.60
1782793366532,0,0,0,120.63
1782793366532,1,46,16,205.02
1782793366665,0,0,0,120.62
1782793366665,1,45,14,204.73
1782793366800,0,0,0,120.58
1782793366800,1,60,19,207.49
1782793366933,0,0,0,120.60
1782793366933,1,60,19,207.93
1782793367067,0,0,0,120.61
1782793367067,1,57,19,207.59
1782793367202,0,0,0,120.60
1782793367202,1,46,14,207.12
1782793367338,0,0,0,120.57
1782793367338,1,46,14,205.42
1782793367473,0,0,0,120.56
1782793367473,1,47,15,203.65
1782793367607,0,0,0,120.53
1782793367607,1,51,15,204.22
1782793367742,0,0,0,120.51
1782793367742,1,51,15,203.69
1782793367876,0,0,0,120.49
1782793367876,1,54,17,202.12
1782793368010,0,0,0,120.46
1782793368010,1,56,19,202.98
1782793368146,0,0,0,120.41
1782793368146,1,56,19,205.34
1782793368280,0,0,0,120.39
1782793368280,1,41,13,204.79
1782793368415,0,0,0,120.38
1782793368415,1,57,19,208.22
1782793368549,0,0,0,120.37
1782793368549,1,57,19,206.46
1782793368684,0,0,0,120.36
1782793368684,1,52,16,206.64
1782793368818,0,0,0,120.38
1782793368818,1,48,15,208.16
1782793368953,0,0,0,120.35
1782793368953,1,48,15,205.98
1782793369087,0,0,0,120.34
1782793369087,1,49,15,204.52
1782793369223,0,0,0,120.35
1782793369223,1,47,16,204.44
1782793369358,0,0,0,120.36
1782793369358,1,47,16,204.85
1782793369493,0,0,0,120.33
1782793369493,1,64,21,204.49
1782793369626,0,0,0,120.32
1782793369626,1,51,15,205.51
1782793369760,0,0,0,120.25
1782793369760,1,51,15,205.83
1782793369896,0,0,0,120.26
1782793369896,1,59,19,208.11
1782793370031,0,0,0,120.27
1782793370031,1,58,18,209.89
1782793370167,0,0,0,120.27
1782793370167,1,58,18,213.05
1782793370302,0,0,0,120.24
1782793370302,1,61,19,210.51
1782793370436,0,0,0,120.21
1782793370436,1,47,15,208.57
1782793370570,0,0,0,120.20
1782793370570,1,47,15,210.88
1782793370705,0,0,0,120.22
1782793370705,1,54,17,212.27
1782793370839,0,0,0,120.21
1782793370839,1,52,17,210.69
1782793370974,0,0,0,120.17
1782793370974,1,52,17,210.04
1782793371108,0,0,0,120.15
1782793371108,1,53,16,209.29
1782793371241,0,0,0,120.15
1782793371241,1,59,19,210.73
1782793371376,0,0,0,120.15
1782793371376,1,59,19,210.76
1782793371510,0,0,0,120.15
1782793371510,1,46,14,206.69
1782793371644,0,0,0,120.12
1782793371644,1,51,18,207.55
1782793371778,0,0,0,120.11
1782793371778,1,51,18,206.72
1782793371913,0,0,0,120.08
1782793371913,1,62,19,207.57
1782793372046,0,0,0,120.11
1782793372046,1,42,13,207.92
1782793372182,0,0,0,120.09
1782793372182,1,42,13,206.24
1782793372316,0,0,0,120.09
1782793372316,1,48,16,207.70
1782793372450,0,0,0,120.06
1782793372450,1,51,16,209.71
1782793372584,0,0,0,120.07
1782793372584,1,51,16,209.50
1782793372718,0,0,0,120.10
1782793372718,1,52,17,205.67
1782793372852,0,0,0,120.11
1782793372852,1,63,20,204.39
1782793372985,0,0,0,120.12
1782793372985,1,63,20,204.70
1782793373119,0,0,0,120.10
1782793373119,1,52,18,209.62
1782793373253,0,0,0,120.05
1782793373253,1,57,18,208.90
1782793373386,0,0,0,120.05
1782793373386,1,57,18,209.37
1782793373520,0,0,0,120.05
1782793373520,1,51,16,210.39
1782793373654,0,0,0,120.02
1782793373654,1,50,15,210.28
1782793373790,0,0,0,120.01
1782793373790,1,50,15,210.89
1782793373924,0,0,0,119.99
1782793373924,1,60,19,211.65
1782793374058,0,0,0,119.98
1782793374058,1,40,13,210.37
1782793374194,0,0,0,120.00
1782793374194,1,40,13,206.45
1782793374328,0,0,0,120.03
1782793374328,1,48,16,208.12
1782793374463,0,0,0,120.01
1782793374463,1,54,17,206.28
1782793374597,0,0,0,119.98
1782793374597,1,46,14,205.46
1782793374731,0,0,0,119.98
1782793374731,1,46,14,204.46
1782793374866,0,0,0,120.01
1782793374866,1,41,12,202.35
1782793375000,0,0,0,120.00
1782793375000,1,53,18,203.69
1782793375135,0,0,0,120.01
1782793375135,1,53,18,205.91
1782793375269,0,0,0,119.96
1782793375269,1,52,16,206.17
1782793375403,0,0,0,119.96
1782793375403,1,49,16,207.15
1782793375537,0,0,0,119.94
1782793375537,1,49,16,206.90
1782793375671,0,0,0,119.93
1782793375671,1,46,14,209.50
1782793375805,0,0,0,119.91
1782793375805,1,52,15,209.04
1782793375940,0,0,0,119.88
1782793375940,1,52,15,208.40
1782793376074,0,0,0,119.87
1782793376074,1,50,16,209.55
1782793376209,0,0,0,119.88
1782793376209,1,52,17,207.60
1782793376342,0,0,0,119.87
1782793376342,1,52,17,205.78
1782793376478,0,0,0,119.88
1782793376478,1,55,19,206.70
1782793376612,0,0,0,119.88
1782793376612,1,48,15,205.56
1782793376748,0,0,0,119.85
1782793376748,1,48,15,207.05
1782793376883,0,0,0,119.85
1782793376883,1,62,19,208.90
1782793377017,0,0,0,119.85
1782793377017,1,38,12,205.25
1782793377151,0,0,0,119.82
1782793377151,1,38,12,207.48
1782793377286,0,0,0,119.78
1782793377286,1,49,17,207.38
1782793377420,0,0,0,119.79
1782793377420,1,48,14,205.09
1782793377554,0,0,0,119.79
1782793377554,1,48,14,205.27
1782793377689,0,0,0,119.80
1782793377689,1,44,15,202.68
1782793377822,0,0,0,119.81
1782793377822,1,53,16,201.14
1782793377957,0,0,0,119.82
1782793377957,1,53,16,200.76
1782793378092,0,0,0,119.80
1782793378092,1,46,14,202.16
1782793378226,0,0,0,119.81
1782793378226,1,58,17,200.65
1782793378363,0,0,0,119.83
1782793378363,1,58,17,199.50
1782793378496,0,0,0,119.81
1782793378496,1,48,14,199.27
1782793378630,0,0,0,119.81
1782793378630,1,55,19,202.09
1782793378764,0,0,0,119.79
1782793378764,1,55,19,201.22
1782793378898,0,0,0,119.76
1782793378898,1,50,14,203.30
1782793379032,0,0,0,119.75
1782793379032,1,43,13,204.51
1782793379167,0,0,0,119.77
1782793379167,1,43,13,203.98
1782793379301,0,0,0,119.79
1782793379301,1,57,17,207.93
1782793379435,0,0,0,119.78
1782793379435,1,55,17,211.07
1782793379572,0,0,0,119.78
1782793379572,1,55,17,212.13
1782793379706,0,0,0,119.76
1782793379706,1,55,17,213.75
1782793379840,0,0,0,119.78
1782793379840,1,64,21,215.90
1782793379975,0,0,0,119.78
1782793379975,1,64,21,213.72
1782793380110,0,0,0,119.75
1782793380110,1,45,13,213.41
1782793380244,0,0,0,119.77
1782793380244,1,49,16,211.95
1782793380377,0,0,0,119.76
1782793380377,1,49,16,210.81
1782793380511,0,0,0,119.77
1782793380511,1,53,17,207.52
1782793380646,0,0,0,119.79
1782793380646,1,53,16,206.45
1782793380781,0,0,0,119.80
1782793380781,1,53,16,202.29
1782793380915,0,0,0,119.78
1782793380915,1,50,16,204.00
1782793381049,0,0,0,119.79
1782793381049,1,54,18,205.49
1782793381183,0,0,0,119.80
1782793381183,1,54,18,203.82
1782793381318,0,0,0,119.76
1782793381318,1,55,16,201.68
1782793381452,0,0,0,119.78
1782793381452,1,43,15,204.12
1782793381586,0,0,0,119.75
1782793381586,1,43,15,205.86
1782793381721,0,0,0,119.73
1782793381721,1,63,20,207.09
1782793381855,0,0,0,119.72
1782793381855,1,39,12,204.70
1782793381988,0,0,0,119.74
1782793381988,1,39,12,206.96
1782793382124,0,0,0,119.73
1782793382124,1,61,21,207.87
1782793382257,0,0,0,119.71
1782793382257,1,45,14,207.54
1782793382393,0,18,10,124.87
1782793382393,1,45,14,210.01
1782793382529,0,18,10,142.16
1782793382529,1,49,16,204.32
1782793382665,0,67,40,177.61
1782793382665,1,48,16,204.41
1782793382801,0,24,13,185.38
1782793382801,1,49,16,207.23
1782793382936,0,24,13,188.25
1782793382936,1,49,16,205.06
1782793383070,0,0,0,188.34
1782793383070,1,55,20,206.10
1782793383203,0,0,0,188.41
1782793383203,1,62,19,211.36
1782793383338,0,0,0,188.44
1782793383338,1,62,19,210.87
1782793383475,0,17,6,200.13
1782793383475,1,59,17,210.04
1782793383611,0,51,38,191.85
1782793383611,1,44,14,209.52
1782793383746,0,3,0,177.60
1782793383746,1,44,14,209.67
1782793383880,0,3,0,172.56
1782793383880,1,49,16,211.01
1782793384019,0,41,20,185.30
1782793384019,1,62,19,208.39
1782793384156,0,29,16,225.78
1782793384156,1,62,19,205.43
1782793384291,0,29,16,228.52
1782793384291,1,49,18,204.09
1782793384427,0,50,30,237.75
1782793384427,1,61,19,206.07
1782793384565,0,37,30,239.36
1782793384565,1,61,19,204.60
1782793384699,0,37,30,236.94
1782793384699,1,38,12,205.61
1782793384833,0,3,0,237.00
1782793384833,1,53,17,207.21
1782793384969,0,54,32,249.24
1782793384969,1,53,17,205.00
1782793385105,0,54,32,254.74
1782793385105,1,49,14,203.13
1782793385240,0,6,3,250.65
1782793385240,1,55,19,204.20
1782793385376,0,60,36,254.94
1782793385376,1,55,19,203.32
1782793385514,0,60,36,252.10
1782793385514,1,54,16,206.24
1782793385648,0,7,7,241.48
1782793385648,1,50,15,204.98
1782793385783,0,5,3,241.60
1782793385783,1,50,15,204.50
1782793385919,0,5,3,255.65
1782793385919,1,54,18,204.71
1782793386057,0,80,57,260.59
1782793386057,1,55,16,205.13
1782793386192,0,16,9,255.20
1782793386192,1,55,16,208.63
1782793386327,0,16,9,264.16
1782793386327,1,46,16,206.87
1782793386464,0,87,58,273.83
1782793386464,1,54,17,210.86
1782793386599,0,0,0,267.11
1782793386599,1,54,17,206.08
1782793386734,0,0,0,267.03
1782793386734,1,52,15,207.98
1782793386871,0,28,18,277.14
1782793386871,1,52,16,204.56
1782793387008,0,90,62,288.50
1782793387008,1,52,17,209.94
1782793387144,0,27,17,292.25
1782793387144,1,52,17,209.65
1782793387281,0,27,17,290.13
1782793387281,1,57,18,210.62
1782793387418,0,90,65,297.11
1782793387418,1,49,15,205.66
1782793387555,0,0,0,300.58
1782793387555,1,49,15,207.75
1782793387689,0,0,0,300.54
1782793387689,1,47,14,209.00
1782793387824,0,37,22,309.48
1782793387824,1,54,16,206.71
1782793387960,0,81,52,308.14
1782793387960,1,54,16,205.55
1782793388095,0,81,52,287.63
1782793388095,1,49,16,201.64
1782793388230,0,48,26,303.80
1782793388230,1,50,17,201.20
1782793388369,0,54,35,296.95
1782793388369,1,50,17,202.14
1782793388503,0,54,35,275.54
1782793388503,1,54,16,200.64
1782793388642,0,69,47,329.90
1782793388642,1,47,15,201.43
1782793388780,0,19,18,329.01
1782793388780,1,47,15,199.92
1782793388914,0,19,18,302.46
1782793388914,1,56,17,202.97
1782793389050,0,8,4,294.58
1782793389050,1,45,14,206.51
1782793389191,0,90,67,309.89
1782793389191,1,45,14,204.63
1782793389328,0,90,67,314.72
1782793389328,1,55,17,201.00
1782793389464,0,20,13,316.09
1782793389464,1,59,19,202.73
1782793389603,0,89,64,330.48
1782793389603,1,45,13,200.31
1782793389740,0,89,64,322.74
1782793389740,1,45,13,200.14
1782793389876,0,25,16,339.75
1782793389876,1,44,15,200.85
1782793390012,0,92,67,370.55
1782793390012,1,58,18,201.03
1782793390150,0,0,0,344.62
1782793390150,1,58,18,200.45
1782793390285,0,0,0,310.66
1782793390285,1,49,17,203.82
1782793390423,0,43,29,322.52
1782793390423,1,61,20,204.05
1782793390559,0,87,61,323.61
1782793390559,1,61,20,204.72
1782793390696,0,87,61,321.44
1782793390696,1,55,18,207.13
1782793390834,0,68,48,344.88
1782793390834,1,64,20,208.90
1782793390971,0,72,50,354.87
1782793390971,1,64,20,204.38
1782793391107,0,72,50,348.20
1782793391107,1,43,14,209.77
1782793391244,0,82,61,417.08
1782793391244,1,62,20,207.66
1782793391383,0,45,30,416.91
1782793391383,1,62,20,204.93
1782793391520,0,45,30,419.98
1782793391520,1,48,14,202.89
1782793391658,0,93,66,420.29
1782793391658,1,37,12,203.01
1782793391795,0,56,36,415.02
1782793391795,1,37,12,199.67
1782793391931,0,56,36,418.11
1782793391931,1,42,13,202.48
1782793392069,0,92,65,421.12
1782793392069,1,47,16,200.90
1782793392209,0,76,56,419.83
1782793392209,1,61,21,202.40
1782793392346,0,67,53,427.13
1782793392346,1,61,21,202.17
1782793392481,0,67,53,393.81
1782793392481,1,37,12,202.47
1782793392616,0,1,0,360.26
1782793392616,1,57,20,206.88
1782793392754,0,86,61,376.45
1782793392754,1,57,20,209.10
1782793392892,0,86,61,373.48
1782793392892,1,60,18,206.34
1782793393028,0,13,8,348.38
1782793393028,1,53,17,207.90
1782793393163,0,0,0,291.55
1782793393163,1,53,17,203.89
1782793393297,0,0,0,258.50
1782793393297,1,56,17,204.59
1782793393433,0,0,0,230.69
1782793393433,1,52,16,208.18
1782793393569,0,74,53,269.19
1782793393569,1,52,16,208.18
1782793393706,0,74,53,281.98
1782793393706,1,57,18,205.55
1782793393841,0,50,33,257.59
1782793393841,1,55,17,206.70
1782793393982,0,91,67,288.17
1782793393982,1,55,17,207.67
1782793394121,0,91,67,309.85
1782793394121,1,52,17,206.80
1782793394258,0,57,33,382.04
1782793394258,1,49,17,206.25
1782793394397,0,83,56,407.56
1782793394397,1,49,17,207.28
1782793394533,0,83,56,432.02
1782793394533,1,62,20,207.19
1782793394671,0,82,62,430.37
1782793394671,1,58,20,207.64
1782793394806,0,39,25,426.18
1782793394806,1,57,18,212.46
1782793394944,0,89,60,423.22
1782793394944,1,57,18,212.62
1782793395083,0,89,60,418.11
1782793395083,1,56,16,213.80
1782793395220,0,73,53,414.75
1782793395220,1,48,15,212.42
1782793395359,0,66,50,407.85
1782793395359,1,48,15,213.21
1782793395495,0,66,50,387.25
1782793395495,1,48,16,215.01
1782793395630,0,2,0,354.33
1782793395630,1,52,17,212.35
1782793395766,0,71,49,350.00
1782793395766,1,52,17,209.93
1782793395904,0,71,49,351.30
1782793395904,1,49,15,206.46
1782793396040,0,36,23,327.93
1782793396040,1,48,16,207.14
1782793396177,0,70,49,326.26
1782793396177,1,48,16,209.03
1782793396315,0,70,49,322.59
1782793396315,1,45,14,205.86
1782793396449,0,29,19,331.60
1782793396449,1,42,14,208.45
1782793396587,0,77,58,360.88
1782793396587,1,42,14,206.24
1782793396726,0,77,58,375.69
1782793396726,1,53,18,206.28
1782793396860,0,19,18,321.59
1782793396860,1,57,18,204.88
1782793396996,0,5,2,307.29
1782793396996,1,57,18,204.63
1782793397132,0,5,2,313.44
1782793397132,1,52,16,201.12
1782793397270,0,78,56,303.98
1782793397270,1,53,17,200.60
1782793397405,0,15,9,303.18
1782793397405,1,57,17,197.78
1782793397541,0,15,9,300.19
1782793397541,1,57,17,197.67
1782793397679,0,85,58,284.73
1782793397679,1,45,15,196.75
1782793397815,0,48,28,300.94
1782793397815,1,57,17,199.54
1782793397952,0,76,52,349.58
1782793397952,1,57,17,198.34
1782793398092,0,76,52,331.39
1782793398092,1,51,15,200.10
1782793398228,0,0,0,302.64
1782793398228,1,49,15,202.43
1782793398363,0,55,34,299.01
1782793398363,1,49,15,205.27
1782793398498,0,55,34,296.81
1782793398498,1,60,19,205.90
1782793398637,0,91,62,300.30
1782793398637,1,52,17,208.50
1782793398772,0,55,34,289.32
1782793398772,1,52,17,206.54
1782793398907,0,55,34,293.54
1782793398907,1,57,17,207.54
1782793399046,0,92,62,299.12
1782793399046,1,52,18,207.56
1782793399181,0,0,0,302.61
1782793399181,1,52,18,206.86
1782793399315,0,0,0,302.64
1782793399315,1,54,16,203.15
1782793399451,0,21,13,287.84
1782793399451,1,51,16,204.22
1782793399588,0,83,54,281.50
1782793399588,1,51,16,205.18
1782793399723,0,83,54,282.53
1782793399723,1,54,17,204.79
1782793399859,0,33,19,273.49
1782793399859,1,57,18,207.74
1782793399997,0,82,53,273.40
1782793399997,1,57,18,204.49
1782793400133,0,82,53,266.35
1782793400133,1,46,14,204.63
1782793400267,0,0,0,266.24
1782793400267,1,51,16,204.92
1782793400406,0,42,20,276.91
1782793400406,1,51,17,203.60
1782793400544,0,42,20,284.64
1782793400544,1,51,17,203.41
1782793400680,0,50,29,264.48
1782793400680,1,63,19,202.22
1782793400817,0,37,17,267.34
1782793400817,1,52,16,200.95
1782793400953,0,62,45,257.80
1782793400953,1,52,16,203.99
1782793401088,0,62,45,250.43
1782793401088,1,60,21,206.11
1782793401222,0,3,0,247.81
1782793401222,1,61,19,207.38
1782793401358,0,44,23,259.01
1782793401358,1,61,19,210.62
1782793401495,0,44,23,253.89
1782793401495,1,62,19,210.44
1782793401630,0,27,15,243.96
1782793401630,1,52,17,208.35
1782793401766,0,47,27,250.54
1782793401766,1,52,17,208.10
1782793401904,0,47,27,258.78
1782793401904,1,54,16,209.48
1782793402039,0,35,28,246.16
1782793402039,1,57,19,208.84
1782793402175,0,3,0,246.99
1782793402175,1,57,19,206.37
1782793402311,0,3,0,248.33
1782793402311,1,56,17,203.91
1782793402446,0,0,0,228.15
1782793402446,1,54,18,204.46
1782793402580,0,0,0,196.49
1782793402580,1,54,18,207.07
1782793402714,0,0,0,188.93
1782793402714,1,56,18,209.71
1782793402849,0,3,2,165.23
1782793402849,1,64,21,209.77
1782793402986,0,70,42,179.08
1782793402986,1,64,21,206.86
1782793403122,0,70,42,180.57
1782793403122,1,45,14,209.66
1782793403258,0,36,19,206.56
1782793403258,1,57,18,210.51
1782793403394,0,73,51,226.02
1782793403394,1,57,18,210.17
1782793403528,0,73,51,229.21
1782793403528,1,64,20,210.73
1782793403664,0,0,0,229.43
1782793403664,1,51,15,208.76
1782793403799,0,0,0,227.39
1782793403799,1,51,15,206.97
1782793403933,0,0,0,210.36
1782793403933,1,51,15,207.93
1782793404068,0,0,0,177.62
1782793404068,1,62,18,206.04
1782793404203,0,0,0,164.44
1782793404203,1,62,18,203.52
1782793404338,0,0,0,144.72
1782793404338,1,62,18,199.99
1782793404473,0,0,0,122.04
1782793404473,1,65,19,198.53
1782793404608,0,0,0,121.96
1782793404608,1,41,12,188.33
1782793404741,0,0,0,121.89
1782793404741,1,41,12,180.69
1782793404874,0,0,0,121.77
1782793404874,1,0,0,172.09
1782793405007,0,0,0,121.75
1782793405007,1,0,0,154.52
1782793405140,0,0,0,121.71
1782793405140,1,0,0,147.38
1782793405272,0,0,0,121.66
1782793405272,1,0,0,140.41
1782793405406,0,0,0,121.63
1782793405406,1,0,0,131.64
1782793405539,0,0,0,121.58
1782793405539,1,0,0,117.65
1782793405672,0,0,0,121.52
1782793405672,1,0,0,115.75
1782793405804,0,0,0,121.53
1782793405804,1,0,0,115.61
1782793405937,0,0,0,121.51
1782793405937,1,0,0,115.58
1782793406069,0,0,0,121.47
1782793406069,1,0,0,115.57
1782793406201,0,0,0,121.44
1782793406201,1,0,0,115.60
1782793406334,0,0,0,121.43
1782793406334,1,0,0,115.53
1782793406466,0,0,0,121.40
1782793406466,1,0,0,115.54
1782793406598,0,0,0,121.39
1782793406598,1,0,0,115.51
1782793406731,0,0,0,121.38
1782793406731,1,0,0,115.49
1782793406861,0,0,0,121.36
1782793406861,1,0,0,115.46
1782793406993,0,0,0,121.33
1782793406993,1,0,0,115.50
1782793407126,0,0,0,121.31
1782793407126,1,0,0,115.42
1782793407259,0,0,0,121.29
1782793407259,1,0,0,115.43
1782793407391,0,0,0,121.27
1782793407391,1,0,0,115.41
1782793407523,0,0,0,121.26
1782793407523,1,0,0,115.42
1782793407655,0,0,0,121.24
1782793407655,1,0,0,115.41
1782793407787,0,0,0,121.22
1782793407787,1,0,0,115.42
1782793407918,0,0,0,121.19
1782793407918,1,0,0,115.36
1782793408049,0,0,0,121.18
1782793408049,1,0,0,115.38
1782793408181,0,0,0,121.17
1782793408181,1,0,0,115.34
1782793408311,0,0,0,121.16
1782793408311,1,0,0,115.33
1782793408443,0,0,0,121.14
1782793408443,1,0,0,115.29
1782793408574,0,0,0,121.13
1782793408574,1,0,0,115.32
1782793408706,0,0,0,121.10
1782793408706,1,0,0,115.28
1782793408837,0,0,0,121.11
1782793408837,1,0,0,115.30
1782793408968,0,0,0,121.11
1782793408968,1,0,0,115.29
1782793409099,0,0,0,121.10
1782793409099,1,0,0,115.29
1782793409232,0,0,0,121.09
1782793409232,1,0,0,115.27
1782793409363,0,0,0,121.09
1782793409363,1,0,0,115.31
1782793409494,0,0,0,121.06
1782793409494,1,0,0,115.27
1782793409626,0,0,0,121.07
1782793409626,1,0,0,115.27
1782793409757,0,0,0,121.06
1782793409757,1,0,0,115.23
1782793409888,0,0,0,121.06
1782793409888,1,0,0,115.25
1782793410019,0,0,0,121.04
1782793410019,1,0,0,115.21
1782793410151,0,0,0,121.04
1782793410151,1,0,0,115.23
1782793410283,0,0,0,121.02
1782793410283,1,0,0,115.21
1782793410415,0,0,0,121.03
1782793410415,1,0,0,115.24
1782793410545,0,0,0,121.04
1782793410545,1,0,0,115.20
1782793410676,0,0,0,121.00
1782793410676,1,0,0,115.20
1782793410808,0,0,0,120.98
1782793410808,1,0,0,115.21
1782793410940,0,0,0,120.99
1782793410940,1,0,0,115.21
1782793411073,0,0,0,120.98
1782793411073,1,0,0,115.19
1782793411204,0,0,0,120.97
1782793411204,1,0,0,115.17
1782793411335,0,0,0,120.95
1782793411335,1,0,0,115.16
1782793411466,0,0,0,120.89
1782793411466,1,0,0,115.15
1782793411598,0,0,0,120.89
1782793411598,1,0,0,115.16
1782793411730,0,0,0,120.90
1782793411730,1,0,0,115.14
1782793411861,0,0,0,120.89
1782793411861,1,0,0,115.13
1782793411992,0,0,0,120.89
1782793411992,1,0,0,115.11
1782793412123,0,0,0,120.88
1782793412123,1,0,0,115.11
1782793412255,0,0,0,120.85
1782793412255,1,0,0,115.11
1782793412386,0,0,0,120.85
1782793412386,1,0,0,115.14
1782793412518,0,0,0,120.87
1782793412518,1,0,0,115.13
1782793412650,0,0,0,120.87
1782793412650,1,0,0,115.13
1782793412782,0,0,0,120.83
1782793412782,1,0,0,115.12
1782793412914,0,0,0,120.80
1782793412914,1,0,0,115.12
1782793413046,0,0,0,120.77
1782793413046,1,0,0,115.11
1782793413177,0,0,0,120.76
1782793413177,1,0,0,115.12
1782793413309,0,0,0,120.75
1782793413309,1,0,0,115.08
1782793413440,0,0,0,120.74
1782793413440,1,0,0,115.06
1782793413572,0,0,0,120.70
1782793413572,1,0,0,115.02
1782793413704,0,0,0,120.69
1782793413704,1,0,0,115.04
1782793413836,0,0,0,120.67
1782793413836,1,0,0,114.99
1782793413969,0,0,0,120.69
1782793413969,1,0,0,115.01
1782793414100,0,0,0,120.69
1782793414100,1,0,0,114.98
1782793414233,0,0,0,120.67
1782793414233,1,0,0,114.98
1782793414365,0,0,0,120.65
1782793414365,1,0,0,114.98
1782793414498,0,0,0,120.65
1782793414498,1,0,0,115.01
1782793414631,0,0,0,120.64
1782793414631,1,0,0,114.97
1782793414762,0,0,0,120.64
1782793414762,1,0,0,115.00
1782793414894,0,0,0,120.64
1782793414894,1,0,0,114.99
1782793415025,0,0,0,120.62
1782793415025,1,0,0,114.97
1782793415157,0,0,0,120.61
1782793415157,1,0,0,114.94
1782793415290,0,0,0,120.61
1782793415290,1,0,0,114.98
1782793415421,0,0,0,120.60
1782793415421,1,0,0,114.92
1782793415554,0,0,0,120.61
1782793415554,1,0,0,114.96
1782793415685,0,0,0,120.61
1782793415685,1,0,0,114.93
1782793415819,0,0,0,120.59
1782793415819,1,0,0,114.98
1782793415952,0,0,0,120.59
1782793415952,1,0,0,114.96
1782793416085,0,0,0,120.58
1782793416085,1,0,0,114.99
1782793416217,0,0,0,120.57
1782793416217,1,0,0,114.99
1782793416349,0,0,0,120.56
1782793416349,1,0,0,115.00
1782793416480,0,0,0,120.54
1782793416480,1,0,0,115.00
1782793416612,0,0,0,120.52
1782793416612,1,0,0,115.02
1782793416744,0,0,0,120.52
1782793416744,1,0,0,114.97
1782793416875,0,0,0,120.51
1782793416875,1,0,0,114.98
1782793417006,0,0,0,120.51
1782793417006,1,0,0,114.99
1782793417137,0,0,0,120.52
1782793417137,1,0,0,114.97
1782793417268,0,0,0,120.51
1782793417268,1,0,0,114.95
1782793417399,0,0,0,120.49
1782793417399,1,0,0,114.94
1782793417531,0,0,0,120.50
1782793417531,1,0,0,114.93
1782793417662,0,0,0,120.51
1782793417662,1,0,0,114.93
1782793417793,0,0,0,120.51
1782793417793,1,0,0,114.95
1782793417924,0,0,0,120.51
1782793417924,1,0,0,114.93
1782793418055,0,0,0,120.49
1782793418055,1,0,0,114.93
1782793418186,0,0,0,120.48
1782793418186,1,0,0,114.90
1782793418317,0,0,0,120.48
1782793418317,1,0,0,114.90
1782793418448,0,0,0,120.49
1782793418448,1,0,0,114.89
1782793418580,0,0,0,120.46
1782793418580,1,0,0,114.92
1782793418712,0,0,0,120.44
1782793418712,1,0,0,114.90
1782793418844,0,0,0,120.44
1782793418844,1,0,0,114.90
1782793418976,0,0,0,120.42
1782793418976,1,0,0,114.87
1782793419109,0,0,0,120.42
1782793419109,1,0,0,114.89
1782793419241,0,0,0,120.40
1782793419241,1,0,0,114.86
1782793419372,0,0,0,120.37
1782793419372,1,0,0,114.90
1782793419505,0,0,0,120.36
1782793419505,1,0,0,114.86
1782793419636,0,0,0,120.34
1782793419636,1,0,0,114.87
1782793419768,0,0,0,120.34
1782793419768,1,0,0,114.85
1782793419900,0,0,0,120.35
1782793419900,1,0,0,114.89
1782793420031,0,0,0,120.34
1782793420031,1,0,0,114.85
1782793420163,0,0,0,120.31
1782793420163,1,0,0,114.89
1782793420294,0,0,0,120.30
1782793420294,1,0,0,114.82
1782793420425,0,0,0,120.31
1782793420425,1,0,0,114.84
1782793420556,0,0,0,120.31
1782793420556,1,0,0,114.81
1782793420688,0,0,0,120.30
1782793420688,1,0,0,114.84
1782793420819,0,0,0,120.28
1782793420819,1,0,0,114.83
1782793420951,0,0,0,120.26
1782793420951,1,0,0,114.87
1782793421083,0,0,0,120.26
1782793421083,1,0,0,114.82
1782793421214,0,0,0,120.27
1782793421214,1,0,0,114.85
1782793421346,0,0,0,120.27
1782793421346,1,0,0,114.83
1782793421478,0,0,0,120.25
1782793421478,1,0,0,114.84
1782793421609,0,0,0,120.25
1782793421609,1,0,0,114.86
1782793421741,0,0,0,120.24
1782793421741,1,0,0,114.85
1782793421873,0,0,0,120.26
1782793421873,1,0,0,114.81
1782793422004,0,0,0,120.26
1782793422004,1,0,0,114.81
1782793422136,0,0,0,120.26
1782793422136,1,0,0,114.79
1782793422268,0,0,0,120.26
1782793422268,1,0,0,114.81
1782793422399,0,0,0,120.25
1782793422399,1,0,0,114.83
1782793422531,0,0,0,120.27
1782793422531,1,0,0,114.82
1782793422663,0,0,0,120.29
1782793422663,1,0,0,114.81
1782793422795,0,0,0,120.29
1782793422795,1,0,0,114.79
1782793422927,0,0,0,120.29
1782793422927,1,0,0,114.78
1782793423059,0,0,0,120.27
1782793423059,1,0,0,114.81
1782793423191,0,0,0,120.25
1782793423191,1,0,0,114.83
1782793423323,0,0,0,120.23
1782793423323,1,0,0,114.80
1782793423453,0,0,0,120.24
1782793423453,1,0,0,114.79
1782793423585,0,0,0,120.23
1782793423585,1,0,0,114.78
1782793423716,0,0,0,120.21
1782793423716,1,0,0,114.76
1782793423848,0,0,0,120.19
1782793423848,1,0,0,114.76
1782793423979,0,0,0,120.19
1782793423979,1,0,0,114.80
1782793424111,0,0,0,120.20
1782793424111,1,0,0,114.75
1782793424242,0,0,0,120.21
1782793424242,1,0,0,114.78
1782793424374,0,0,0,120.18
1782793424374,1,0,0,114.76
1782793424504,0,0,0,120.17
1782793424504,1,0,0,114.81
1782793424635,0,0,0,120.15
1782793424635,1,0,0,114.78
1782793424766,0,0,0,120.16
1782793424766,1,0,0,114.82
1782793424899,0,0,0,120.15
1782793424899,1,0,0,114.76
1782793425032,0,27,14,137.30
1782793425032,1,0,0,114.78
1782793425166,0,60,35,178.60
1782793425166,1,0,0,114.73
1782793425298,0,60,35,183.81
1782793425298,1,0,0,114.76
1782793425431,0,49,26,204.44
1782793425431,1,0,0,114.73
1782793425565,0,33,27,244.03
1782793425565,1,0,0,114.77
1782793425697,0,33,27,241.67
1782793425697,1,0,0,114.73
1782793425829,0,3,0,244.24
1782793425829,1,0,0,114.77
1782793425963,0,63,39,270.03
1782793425963,1,0,0,114.72
1782793426096,0,63,39,261.29
1782793426096,1,0,0,114.73
1782793426228,0,12,7,246.79
1782793426228,1,0,0,114.69
1782793426362,0,78,48,274.64
1782793426362,1,0,0,114.74
1782793426498,0,78,48,250.38
1782793426498,1,0,0,114.69
1782793426631,0,0,0,237.31
1782793426631,1,0,0,114.70
1782793426763,0,44,20,256.40
1782793426763,1,0,0,114.65
1782793426899,0,44,20,272.87
1782793426899,1,0,0,114.68
1782793427031,0,37,21,264.24
1782793427031,1,0,0,114.65
1782793427163,0,0,0,238.64
1782793427163,1,0,0,114.67
1782793427295,0,0,0,221.02
1782793427295,1,0,0,114.64
1782793427428,0,0,0,189.11
1782793427428,1,0,0,114.65
1782793427560,0,27,14,197.11
1782793427560,1,0,0,114.61
1782793427694,0,27,14,217.07
1782793427694,1,0,0,114.61
1782793427827,0,77,52,226.25
1782793427827,1,0,0,114.61
1782793427958,0,3,0,187.89
1782793427958,1,0,0,114.65
1782793428091,0,3,0,196.84
1782793428091,1,0,0,114.62
1782793428223,0,60,38,219.76
1782793428223,1,0,0,114.66
1782793428357,0,19,11,254.64
1782793428357,1,0,0,114.64
1782793428490,0,19,11,277.99
1782793428490,1,0,0,114.66
1782793428625,0,71,48,289.27
1782793428625,1,0,0,114.65
1782793428759,0,0,0,263.35
1782793428759,1,0,0,114.66
1782793428892,0,0,0,261.75
1782793428892,1,0,0,114.65
1782793429025,0,30,19,277.67
1782793429025,1,0,0,114.66
1782793429162,0,91,62,309.75
1782793429162,1,0,0,114.63
1782793429298,0,91,62,290.65
1782793429298,1,0,0,114.64
1782793429432,0,40,25,304.63
1782793429432,1,0,0,114.60
1782793429566,0,92,63,323.75
1782793429566,1,0,0,114.59
1782793429703,0,92,63,308.33
1782793429703,1,0,0,114.61
1782793429834,0,0,0,307.67
1782793429834,1,0,0,114.59
1782793429966,0,50,28,313.54
1782793429966,1,0,0,114.59
1782793430100,0,50,28,321.85
1782793430100,1,0,0,114.56
1782793430232,0,46,29,304.77
1782793430232,1,0,0,114.54
1782793430364,0,78,55,322.35
1782793430364,1,0,0,114.52
1782793430498,0,78,55,321.61
1782793430498,1,0,0,114.56
1782793430632,0,34,21,308.02
1782793430632,1,0,0,114.53
1782793430766,0,84,59,348.62
1782793430766,1,0,0,114.53
1782793430898,0,84,59,354.80
1782793430898,1,0,0,114.51
1782793431030,0,2,0,330.79
1782793431030,1,0,0,114.51
1782793431165,0,76,54,332.51
1782793431165,1,0,0,114.53
1782793431300,0,76,54,342.84
1782793431300,1,0,0,114.57
1782793431432,0,23,15,320.44
1782793431432,1,0,0,114.52
1782793431566,0,94,73,350.11
1782793431566,1,0,0,114.55
1782793431701,0,94,73,342.44
1782793431701,1,0,0,114.54
1782793431835,0,35,22,332.06
1782793431835,1,0,0,114.54
1782793431971,0,92,62,396.18
1782793431971,1,0,0,114.51
1782793432109,0,92,62,389.51
1782793432109,1,0,0,114.54
1782793432242,0,0,0,362.99
1782793432242,1,0,0,114.48
1782793432376,0,70,46,353.53
1782793432376,1,0,0,114.45
1782793432553,0,70,46,339.15
1782793432553,1,0,0,114.45
1782793432688,0,96,69,333.45
1782793432688,1,0,0,114.44
1782793432821,0,71,46,351.23
1782793432821,1,0,0,114.45
1782793432956,0,71,46,361.62
1782793432956,1,0,0,114.44
1782793433089,0,79,54,366.59
1782793433089,1,0,0,114.45
1782793433223,0,84,64,400.82
1782793433223,1,0,0,114.45
1782793433357,0,84,64,424.58
1782793433357,1,0,0,114.48
1782793433492,0,49,31,443.29
1782793433492,1,0,0,114.49
1782793433626,0,93,63,440.78
1782793433626,1,0,0,114.49
1782793433760,0,79,56,439.73
1782793433760,1,0,0,114.49
1782793433895,0,79,56,439.12
1782793433895,1,0,0,114.48
1782793434028,0,57,39,427.99
1782793434028,1,0,0,114.45
1782793434165,0,95,70,445.45
1782793434165,1,0,0,114.46
1782793434301,0,95,70,440.73
1782793434301,1,0,0,114.49
1782793434434,0,10,10,418.51
1782793434434,1,0,0,114.46
1782793434566,0,41,26,374.20
1782793434566,1,0,0,114.49
1782793434701,0,41,26,385.33
1782793434701,1,0,0,114.47
1782793434836,0,92,63,382.49
1782793434836,1,0,0,114.49
1782793434970,0,87,61,386.18
1782793434970,1,0,0,114.50
1782793435105,0,87,61,393.77
1782793435105,1,0,0,114.54
1782793435239,0,47,30,377.87
1782793435239,1,0,0,114.51
1782793435374,0,93,63,408.38
1782793435374,1,0,0,114.50
1782793435506,0,93,63,439.30
1782793435506,1,0,0,114.48
1782793435643,0,83,60,451.06
1782793435643,1,0,0,114.48
1782793435777,0,48,31,442.34
1782793435777,1,0,0,114.44
1782793435914,0,48,31,452.77
1782793435914,1,0,0,114.43
1782793436049,0,93,63,451.89
1782793436049,1,0,0,114.43
1782793436183,0,84,61,445.23
1782793436183,1,0,0,114.49
1782793436317,0,84,61,444.94
1782793436317,1,0,0,114.47
1782793436451,0,48,31,428.17
1782793436451,1,0,0,114.50
1782793436585,0,92,63,440.26
1782793436585,1,0,0,114.48
1782793436719,0,92,63,411.78
1782793436719,1,0,0,114.50
1782793436851,0,0,0,389.55
1782793436851,1,0,0,114.49
1782793436985,0,66,43,355.31
1782793436985,1,0,0,114.52
1782793437120,0,66,43,372.98
1782793437120,1,0,0,114.46
1782793437252,0,49,33,352.53
1782793437252,1,0,0,114.46
1782793437384,0,0,0,295.79
1782793437384,1,0,0,114.42
1782793437517,0,0,0,265.03
1782793437517,1,0,0,114.41
1782793437649,0,0,0,225.30
1782793437649,1,0,0,114.39
1782793437782,0,56,34,248.73
1782793437782,1,0,0,114.43
1782793437919,0,56,34,275.16
1782793437919,1,0,0,114.39
1782793438053,0,89,61,274.62
1782793438053,1,0,0,114.42
1782793438188,0,69,47,259.26
1782793438188,1,0,0,114.38
1782793438322,0,69,47,299.95
1782793438322,1,0,0,114.39
1782793438455,0,61,48,318.31
1782793438455,1,0,0,114.37
1782793438587,0,2,0,318.64
1782793438587,1,0,0,114.42
1782793438720,0,2,0,345.09
1782793438720,1,0,0,114.37
1782793438855,0,84,61,345.02
1782793438855,1,0,0,114.41
1782793438987,0,44,26,317.14
1782793438987,1,0,0,114.38
1782793439123,0,44,26,334.75
1782793439123,1,0,0,114.41
1782793439257,0,67,44,330.80
1782793439257,1,0,0,114.37
1782793439391,0,69,46,307.61
1782793439391,1,0,0,114.40
1782793439527,0,69,46,333.21
1782793439527,1,0,0,114.39
1782793439659,0,18,18,320.64
1782793439659,1,0,0,114.43
1782793439792,0,3,0,291.05
1782793439792,1,0,0,114.40
1782793439925,0,3,0,300.52
1782793439925,1,0,0,114.39
1782793440059,0,77,55,311.36
1782793440059,1,0,0,114.37
1782793440191,0,4,1,290.26
1782793440191,1,0,0,114.37
1782793440325,0,4,1,305.09
1782793440325,1,0,0,114.36
1782793440458,0,83,62,314.05
1782793440458,1,0,0,114.36
1782793440593,0,13,13,305.38
1782793440593,1,0,0,114.35
1782793440725,0,13,13,308.91
1782793440725,1,0,0,114.36
1782793440858,0,9,5,310.31
1782793440858,1,0,0,114.36
1782793440991,0,85,59,307.87
1782793440991,1,0,0,114.36
1782793441125,0,85,59,292.88
1782793441125,1,0,0,114.35
1782793441259,0,24,14,301.49
1782793441259,1,0,0,114.37
1782793441395,0,86,56,297.94
1782793441395,1,0,0,114.39
1782793441528,0,86,56,274.29
1782793441528,1,0,0,114.39
1782793441660,0,0,0,270.51
1782793441660,1,0,0,114.39
1782793441795,0,44,21,282.47
1782793441795,1,0,0,114.36
1782793441929,0,44,21,286.70
1782793441929,1,0,0,114.37
1782793442061,0,47,27,259.66
1782793442061,1,0,0,114.38
1782793442195,0,56,33,266.94
1782793442195,1,0,0,114.41
1782793442329,0,56,33,274.59
1782793442329,1,0,0,114.42
1782793442462,0,22,20,239.32
1782793442462,1,0,0,114.45
1782793442595,0,3,0,236.93
1782793442595,1,0,0,114.42
1782793442728,0,3,0,256.44
1782793442728,1,0,0,114.45
1782793442863,0,70,45,270.87
1782793442863,1,0,0,114.44
1782793442995,0,11,6,254.06
1782793442995,1,0,0,114.47
1782793443128,0,11,6,264.74
1782793443128,1,0,0,114.44
1782793443262,0,77,48,272.34
1782793443262,1,0,0,114.47
1782793443394,0,0,0,244.58
1782793443394,1,0,0,114.40
1782793443526,0,0,0,250.89
1782793443526,1,0,0,114.41
1782793443658,0,42,20,263.26
1782793443658,1,0,0,114.41
1782793443792,0,36,20,247.23
1782793443792,1,0,0,114.46
1782793443925,0,36,20,254.14
1782793443925,1,0,0,114.43
1782793444060,0,61,36,266.31
1782793444060,1,0,0,114.45
1782793444196,0,14,14,244.31
1782793444196,1,0,0,114.41
1782793444329,0,14,14,235.48
1782793444329,1,0,0,114.41
1782793444461,0,0,0,235.33
1782793444461,1,0,0,114.38
1782793444594,0,0,0,220.26
1782793444594,1,0,0,114.40
1782793444726,0,0,0,193.14
1782793444726,1,0,0,114.35
1782793444859,0,0,0,183.24
1782793444859,1,0,0,114.38
1782793444992,0,0,0,151.87
1782793444992,1,0,0,114.33
1782793445125,0,0,0,122.18
1782793445125,1,0,0,114.38
1782793445258,0,0,0,121.49
1782793445258,1,0,0,114.33
1782793445390,0,0,0,121.43
1782793445390,1,0,0,114.36
1782793445523,0,0,0,121.41
1782793445523,1,0,0,114.33
1782793445656,0,0,0,121.42
1782793445656,1,0,0,114.36
1782793445789,0,0,0,121.46
1782793445789,1,0,0,114.31
1782793445921,0,0,0,121.49
1782793445921,1,0,0,114.34
1782793446053,0,0,0,121.53
1782793446053,1,0,0,114.29
1782793446185,0,0,0,121.44
1782793446185,1,0,0,114.31
1782793446318,0,0,0,121.40
1782793446318,1,0,0,114.29
1782793446450,0,0,0,121.37
1782793446450,1,0,0,114.32
1782793446582,0,0,0,121.33
1782793446582,1,0,0,114.29
1782793446714,0,0,0,121.31
1782793446714,1,0,0,114.25
1782793446846,0,0,0,121.31
1782793446846,1,0,0,114.27
1782793446978,0,0,0,121.28
1782793446978,1,0,0,114.28
1782793447110,0,0,0,121.25
1782793447110,1,0,0,114.32
1782793447243,0,0,0,121.23
1782793447243,1,0,0,114.29
1782793447375,0,0,0,121.21
1782793447375,1,0,0,114.29
1782793447508,0,0,0,121.20
1782793447508,1,0,0,114.26
1782793447640,0,0,0,121.18
1782793447640,1,0,0,114.27
1782793447773,0,0,0,121.15
1782793447773,1,0,0,114.25
1782793447905,0,0,0,121.13
1782793447905,1,0,0,114.29
1782793448037,0,0,0,121.10
1782793448037,1,0,0,114.25
1782793448169,0,0,0,121.10
1782793448169,1,0,0,114.28
1782793448300,0,0,0,121.07
1782793448300,1,0,0,114.25
1782793448433,0,0,0,121.04
1782793448433,1,0,0,114.27
1782793448564,0,0,0,121.03
1782793448564,1,0,0,114.25
1782793448696,0,0,0,120.99
1782793448696,1,0,0,114.27
1782793448827,0,0,0,120.96
1782793448827,1,0,0,114.24
1782793448957,0,0,0,120.94
1782793448957,1,0,0,114.29
1782793449088,0,0,0,120.90
1782793449088,1,0,0,114.26
1782793449219,0,0,0,120.88
1782793449219,1,0,0,114.29
1782793449350,0,0,0,120.87
1782793449350,1,0,0,114.25
1782793449481,0,0,0,120.80
1782793449481,1,0,0,114.29
1782793449612,0,0,0,120.77
1782793449612,1,0,0,114.30
1782793449743,0,0,0,120.77
1782793449743,1,0,0,114.31
1782793449874,0,0,0,120.73
1782793449874,1,0,0,114.29
1782793450005,0,0,0,120.72
1782793450005,1,0,0,114.26
1782793450136,0,0,0,120.70
1782793450136,1,0,0,114.24
1782793450266,0,0,0,120.67
1782793450266,1,0,0,114.27
1782793450398,0,0,0,120.64
1782793450398,1,0,0,114.27
1782793450530,0,0,0,120.64
1782793450530,1,0,0,114.21
1782793450660,0,0,0,120.63
1782793450660,1,0,0,114.21
1782793450792,0,0,0,120.58
1782793450792,1,0,0,114.19
1782793450923,0,0,0,120.59
1782793450923,1,0,0,114.18
1782793451054,0,0,0,120.55
1782793451054,1,0,0,114.19
1782793451185,0,0,0,120.51
1782793451185,1,0,0,114.21
1782793451315,0,0,0,120.50
1782793451315,1,0,0,114.15
1782793451448,0,0,0,120.49
1782793451448,1,0,0,114.19
1782793451580,0,0,0,120.46
1782793451580,1,0,0,114.14
1782793451712,0,0,0,120.45
1782793451712,1,0,0,114.18
1782793451844,0,0,0,120.44
1782793451844,1,0,0,114.14
1782793451976,0,0,0,120.42
1782793451976,1,0,0,114.18
1782793452107,0,0,0,120.41
1782793452107,1,0,0,114.13
1782793452239,0,0,0,120.41
1782793452239,1,0,0,114.15
1782793452370,0,0,0,120.39
1782793452370,1,0,0,114.11
1782793452502,0,0,0,120.38
1782793452502,1,0,0,114.13
1782793452633,0,0,0,120.36
1782793452633,1,0,0,114.10
1782793452765,0,0,0,120.35
1782793452765,1,0,0,114.15
1782793452897,0,0,0,120.32
1782793452897,1,0,0,114.12
1782793453029,0,0,0,120.33
1782793453029,1,0,0,114.16
1782793453160,0,0,0,120.32
1782793453160,1,0,0,114.13
1782793453291,0,0,0,120.30
1782793453291,1,0,0,114.13
1782793453422,0,0,0,120.30
1782793453422,1,0,0,114.13
1782793453554,0,0,0,120.28
1782793453554,1,0,0,114.16
1782793453685,0,0,0,120.26
1782793453685,1,0,0,114.16
1782793453815,0,0,0,120.25
1782793453815,1,0,0,114.14
1782793453947,0,0,0,120.22
1782793453947,1,0,0,114.14
1782793454079,0,0,0,120.19
1782793454079,1,0,0,114.12
1782793454211,0,0,0,120.18
1782793454211,1,0,0,114.14
1782793454344,0,0,0,120.17
1782793454344,1,0,0,114.11
1782793454477,0,0,0,120.16
1782793454477,1,0,0,114.11
1782793454609,0,0,0,120.15
1782793454609,1,0,0,114.07
1782793454740,0,0,0,120.13
1782793454740,1,0,0,114.09
1782793454871,0,0,0,120.13
1782793454871,1,0,0,114.06
1782793455003,0,0,0,120.12
1782793455003,1,0,0,114.09
1782793455135,0,0,0,120.12
1782793455135,1,0,0,114.07
1782793455266,0,0,0,120.11
1782793455266,1,0,0,114.11
1782793455397,0,0,0,120.07
1782793455397,1,0,0,114.08
1782793455529,0,0,0,120.07
1782793455529,1,0,0,114.12
1782793455663,0,0,0,120.04
1782793455663,1,0,0,114.07
1782793455795,0,0,0,120.03
1782793455795,1,0,0,114.09
1782793455927,0,0,0,120.02
1782793455927,1,0,0,114.07
1782793456059,0,0,0,120.01
1782793456059,1,0,0,114.11
1782793456191,0,0,0,119.95
1782793456191,1,0,0,114.09
1782793456323,0,0,0,119.93
1782793456323,1,0,0,114.09
1782793456454,0,0,0,119.92
1782793456454,1,0,0,114.07
1782793456586,0,0,0,119.90
1782793456586,1,0,0,114.07
1782793456717,0,0,0,119.87
1782793456717,1,0,0,114.08
1782793456848,0,0,0,119.86
1782793456848,1,0,0,114.05
1782793456979,0,0,0,119.81
1782793456979,1,0,0,114.04
1782793457111,0,0,0,119.82
1782793457111,1,0,0,114.00
1782793457242,0,0,0,119.83
1782793457242,1,0,0,113.99
1782793457373,0,0,0,119.82
1782793457373,1,0,0,114.01
1782793457506,0,0,0,119.81
1782793457506,1,0,0,114.03
1782793457637,0,0,0,119.81
1782793457637,1,0,0,114.01
1782793457768,0,0,0,119.81
1782793457768,1,0,0,114.04
1782793457899,0,0,0,119.82
1782793457899,1,0,0,114.01
1782793458031,0,0,0,119.83
1782793458031,1,0,0,114.02
1782793458162,0,0,0,119.82
1782793458162,1,0,0,114.01
1782793458293,0,0,0,119.76
1782793458293,1,0,0,114.05
1782793458424,0,0,0,119.77
1782793458424,1,0,0,114.00
1782793458555,0,0,0,119.77
1782793458555,1,0,0,114.02
1782793458686,0,0,0,119.76
1782793458686,1,0,0,113.98
1782793458817,0,0,0,119.76
1782793458817,1,0,0,114.00
1782793458948,0,0,0,119.75
1782793458948,1,0,0,113.97
1782793459079,0,0,0,119.73
1782793459079,1,0,0,113.99
1782793459211,0,0,0,119.74
1782793459211,1,0,0,113.98
1782793459342,0,0,0,119.74
1782793459342,1,0,0,114.03
1782793459475,0,0,0,119.74
1782793459475,1,0,0,113.98
1782793459607,0,0,0,119.72
1782793459607,1,0,0,113.99
1782793459738,0,0,0,119.71
1782793459738,1,0,0,113.97
1782793459870,0,0,0,119.70
1782793459870,1,0,0,114.01
1782793460001,0,0,0,119.70
1782793460001,1,0,0,114.00
1782793460133,0,0,0,119.70
1782793460133,1,0,0,113.99
1782793460264,0,0,0,119.69
1782793460264,1,0,0,113.95
1782793460396,0,0,0,119.68
1782793460396,1,0,0,113.94
1782793460527,0,0,0,119.68
1782793460527,1,0,0,113.93
1782793460658,0,0,0,119.67
1782793460658,1,0,0,113.94
1782793460789,0,0,0,119.68
1782793460789,1,0,0,113.96
1782793460921,0,0,0,119.66
1782793460921,1,0,0,113.94
1782793461052,0,0,0,119.64
1782793461052,1,0,0,113.97
1782793461183,0,0,0,119.61
1782793461183,1,0,0,113.96
1782793461315,0,0,0,119.60
1782793461315,1,0,0,114.00
1782793461446,0,0,0,119.60
1782793461446,1,0,0,113.96
1782793461577,0,0,0,119.61
1782793461577,1,0,0,114.02
1782793461709,0,0,0,119.61
1782793461709,1,0,0,113.98
1782793461839,0,0,0,119.60
1782793461839,1,0,0,114.01
1782793461971,0,0,0,119.60
1782793461971,1,0,0,113.98
1782793462102,0,0,0,119.61
1782793462102,1,0,0,114.02
1782793462233,0,0,0,119.61
1782793462233,1,0,0,113.97
1782793462364,0,0,0,119.59
1782793462364,1,0,0,114.01
1782793462496,0,0,0,119.56
1782793462496,1,0,0,113.96
1782793462628,0,0,0,119.54
1782793462628,1,0,0,113.97
1782793462759,0,0,0,119.51
1782793462759,1,0,0,113.94
1782793462890,0,0,0,119.50
1782793462890,1,0,0,113.93
1782793463022,0,0,0,119.50
1782793463022,1,0,0,113.89
1782793463154,0,0,0,119.50
1782793463154,1,0,0,113.90
1782793463285,0,0,0,119.46
1782793463285,1,0,0,113.93
1782793463417,0,0,0,119.46
1782793463417,1,0,0,113.92
1782793463547,0,0,0,119.47
1782793463547,1,0,0,113.97
1782793463678,0,0,0,119.47
1782793463678,1,0,0,113.98
1782793463809,0,0,0,119.48
1782793463809,1,0,0,114.01
1782793463940,0,0,0,119.47
1782793463940,1,0,0,113.98
1782793464071,0,0,0,119.44
1782793464071,1,0,0,114.01
1782793464204,0,0,0,119.43
1782793464204,1,0,0,113.96
1782793464335,0,0,0,119.45
1782793464335,1,0,0,113.96
1782793464467,0,0,0,119.45
1782793464467,1,0,0,113.93
1782793464598,0,0,0,119.43
1782793464598,1,0,0,113.95
1782793464729,0,0,0,119.44
1782793464729,1,0,0,113.91
1782793464860,0,0,0,119.42
1782793464860,1,0,0,113.96
1782793464991,0,0,0,119.43
1782793464991,1,0,0,113.91
1782793465122,0,0,0,119.44
1782793465122,1,0,0,113.92
1782793465253,0,0,0,119.44
1782793465253,1,0,0,113.93
1782793465384,0,0,0,119.44
1782793465384,1,0,0,113.98
1782793465517,0,0,0,119.43
1782793465517,1,0,0,113.97
1782793465651,0,19,10,135.37
1782793465651,1,0,0,114.00
1782793465785,0,77,46,175.93
1782793465785,1,0,0,113.97
1782793465916,0,77,46,178.46
1782793465916,1,0,0,113.97
1782793466048,0,39,20,196.72
1782793466048,1,0,0,113.95
1782793466182,0,62,44,239.16
1782793466182,1,0,0,113.97
1782793466314,0,62,44,241.73
1782793466314,1,0,0,113.98
1782793466445,0,3,0,241.87
1782793466445,1,0,0,113.96
1782793466577,0,0,0,230.73
1782793466577,1,0,0,113.95
1782793466710,0,0,0,210.18
1782793466710,1,0,0,113.91
1782793466842,0,0,0,184.46
1782793466842,1,0,0,113.92
1782793466974,0,0,0,167.82
1782793466974,1,0,0,113.89
1782793467107,0,0,0,156.24
1782793467107,1,0,0,113.95
1782793467241,0,64,41,168.39
1782793467241,1,0,0,113.92
1782793467372,0,64,41,184.36
1782793467372,1,0,0,113.96
1782793467506,0,9,5,203.37
1782793467506,1,0,0,113.94
1782793467640,0,76,49,228.05
1782793467640,1,0,0,113.99
1782793467772,0,76,49,233.48
1782793467772,1,0,0,113.97
1782793467904,0,0,0,235.93
1782793467904,1,0,0,113.99
1782793468037,0,32,17,249.07
1782793468037,1,0,0,113.97
1782793468171,0,32,17,259.71
1782793468171,1,0,0,113.99
1782793468303,0,61,35,247.53
1782793468303,1,0,0,113.96
1782793468434,0,50,27,262.16
1782793468434,1,0,0,113.99
1782793468567,0,50,27,274.69
1782793468567,1,0,0,113.95
1782793468699,0,37,29,246.14
1782793468699,1,0,0,113.97
1782793468831,0,3,0,243.74
1782793468831,1,0,0,113.94
1782793468964,0,3,0,266.17
1782793468964,1,0,0,113.94
1782793469098,0,66,42,270.45
1782793469098,1,0,0,113.97
1782793469231,0,3,0,261.94
1782793469231,1,0,0,114.00
1782793469363,0,3,0,272.36
1782793469363,1,0,0,113.96
1782793469496,0,80,56,271.31
1782793469496,1,0,0,113.95
1782793469627,0,0,0,263.03
1782793469627,1,0,0,113.91
1782793469759,0,0,0,260.35
1782793469759,1,0,0,113.93
1782793469892,0,33,21,292.29
1782793469892,1,0,0,113.96
1782793470027,0,90,62,302.52
1782793470027,1,0,0,113.96
1782793470160,0,90,62,278.52
1782793470160,1,0,0,113.94
1782793470293,0,42,26,310.53
1782793470293,1,0,0,113.90
1782793470428,0,91,63,314.34
1782793470428,1,0,0,113.90
1782793470561,0,91,63,303.48
1782793470561,1,0,0,113.90
1782793470693,0,0,0,314.19
1782793470693,1,0,0,113.95
1782793470826,0,60,37,316.04
1782793470826,1,0,0,113.90
1782793470961,0,60,37,330.84
1782793470961,1,0,0,113.95
1782793471095,0,29,18,327.15
1782793471095,1,0,0,113.92
1782793471230,0,92,67,332.74
1782793471230,1,0,0,113.96
1782793471361,0,92,67,318.85
1782793471361,1,0,0,113.97
1782793471500,0,47,28,324.24
1782793471500,1,0,0,114.01
1782793471635,0,79,59,344.16
1782793471635,1,0,0,114.00
1782793471767,0,79,59,339.30
1782793471767,1,0,0,114.03
1782793471900,0,2,0,303.18
1782793471900,1,0,0,114.01
1782793472034,0,73,52,325.08
1782793472034,1,0,0,114.02
1782793472169,0,73,52,334.68
1782793472169,1,0,0,114.02
1782793472303,0,29,19,331.25
1782793472303,1,0,0,114.04
1782793472439,0,94,72,349.61
1782793472439,1,0,0,113.98
1782793472571,0,94,72,335.50
1782793472571,1,0,0,113.99
1782793472704,0,36,23,368.05
1782793472704,1,0,0,113.98
1782793472840,0,92,62,396.22
1782793472840,1,0,0,114.01
1782793472972,0,92,62,386.36
1782793472972,1,0,0,113.98
1782793473103,0,0,0,338.24
1782793473103,1,0,0,114.01
1782793473241,0,81,60,361.67
1782793473241,1,0,0,113.94
1782793473376,0,58,40,355.09
1782793473376,1,0,0,113.94
1782793473510,0,58,40,371.56
1782793473510,1,0,0,114.00
1782793473645,0,95,70,382.24
1782793473645,1,0,0,114.02
1782793473777,0,58,38,371.32
1782793473777,1,0,0,113.99
1782793473916,0,58,38,399.94
1782793473916,1,0,0,114.01
1782793474052,0,94,66,424.94
1782793474052,1,0,0,113.99
1782793474186,0,82,60,437.08
1782793474186,1,0,0,114.03
1782793474321,0,82,60,436.80
1782793474321,1,0,0,114.07
1782793474455,0,54,37,434.29
1782793474455,1,0,0,114.06
1782793474591,0,94,69,436.21
1782793474591,1,0,0,114.06
1782793474727,0,94,69,434.74
1782793474727,1,0,0,114.02
1782793474859,0,38,25,414.38
1782793474859,1,0,0,113.99
1782793474991,0,0,0,345.12
1782793474991,1,0,0,113.98
1782793475124,0,0,0,317.74
1782793475124,1,0,0,113.98
1782793475256,0,0,0,289.64
1782793475256,1,0,0,113.96
1782793475392,0,94,69,293.82
1782793475392,1,0,0,113.97
1782793475528,0,94,69,285.18
1782793475528,1,0,0,113.93
1782793475660,0,0,0,244.60
1782793475660,1,0,0,113.97
1782793475793,0,48,32,242.49
1782793475793,1,0,0,113.94
1782793475930,0,48,32,282.03
1782793475930,1,0,0,113.94
1782793476064,0,93,65,316.00
1782793476064,1,0,0,113.93
1782793476199,0,79,58,367.71
1782793476199,1,0,0,113.96
1782793476333,0,79,58,379.15
1782793476333,1,0,0,113.94
1782793476466,0,56,39,366.55
1782793476466,1,0,0,113.97
1782793476601,0,95,70,409.11
1782793476601,1,0,0,113.95
1782793476736,0,95,70,435.45
1782793476736,1,0,0,113.98
1782793476869,0,62,40,431.52
1782793476869,1,0,0,113.93
1782793477004,0,93,65,423.80
1782793477004,1,0,0,113.99
1782793477138,0,93,65,433.74
1782793477138,1,0,0,113.97
1782793477273,0,82,61,430.91
1782793477273,1,0,0,114.00
1782793477407,0,53,36,430.49
1782793477407,1,0,0,113.99
1782793477541,0,53,36,429.25
1782793477541,1,0,0,114.02
1782793477675,0,94,68,429.58
1782793477675,1,0,0,113.99
1782793477807,0,0,0,400.87
1782793477807,1,0,0,114.03
1782793477939,0,0,0,366.85
1782793477939,1,0,0,114.04
1782793478073,0,30,20,360.03
1782793478073,1,0,0,114.06
1782793478208,0,92,64,368.79
1782793478208,1,0,0,114.09
1782793478339,0,92,64,343.31
1782793478339,1,0,0,114.06
1782793478471,0,59,34,348.05
1782793478471,1,0,0,114.03
1782793478606,0,77,52,335.62
1782793478606,1,0,0,114.06
1782793478740,0,77,52,326.53
1782793478740,1,0,0,114.04
1782793478875,0,64,43,356.15
1782793478875,1,0,0,114.07
1782793479011,0,59,46,385.48
1782793479011,1,0,0,114.07
1782793479143,0,59,46,358.48
1782793479143,1,0,0,114.02
1782793479276,0,2,0,321.09
1782793479276,1,0,0,114.04
1782793479411,0,74,52,337.53
1782793479411,1,0,0,114.04
1782793479545,0,74,52,314.64
1782793479545,1,0,0,114.03
1782793479679,0,25,16,324.33
1782793479679,1,0,0,114.04
1782793479814,0,90,60,324.26
1782793479814,1,0,0,114.02
1782793479946,0,90,60,294.67
1782793479946,1,0,0,113.98
1782793480081,0,60,37,342.22
1782793480081,1,0,0,113.96
1782793480218,0,42,34,345.16
1782793480218,1,0,0,113.96
1782793480350,0,42,34,327.18
1782793480350,1,0,0,113.92
1782793480482,0,3,0,310.60
1782793480482,1,0,0,113.90
1782793480616,0,69,47,315.28
1782793480616,1,0,0,113.95
1782793480751,0,69,47,321.37
1782793480751,1,0,0,113.89
1782793480884,0,19,11,307.25
1782793480884,1,0,0,113.94
1782793481020,0,69,48,312.43
1782793481020,1,0,0,113.87
1782793481155,0,69,48,311.50
1782793481155,1,0,0,113.90
1782793481288,0,23,21,306.51
1782793481288,1,0,0,113.85
1782793481420,0,2,1,313.67
1782793481420,1,0,0,113.90
1782793481554,0,2,1,303.33
1782793481554,1,0,0,113.89
1782793481689,0,85,59,288.97
1782793481689,1,0,0,113.96
1782793481820,0,22,13,304.78
1782793481820,1,0,0,113.91
1782793481954,0,22,13,301.02
1782793481954,1,0,0,113.94
1782793482088,0,80,52,275.28
1782793482088,1,0,0,113.89
1782793482220,0,0,0,267.70
1782793482220,1,0,0,113.90
1782793482353,0,0,0,270.52
1782793482353,1,0,0,113.88
1782793482490,0,43,21,287.78
1782793482490,1,0,0,113.91
1782793482623,0,48,27,265.69
1782793482623,1,0,0,113.89
1782793482757,0,48,27,261.56
1782793482757,1,0,0,113.90
1782793482890,0,53,31,272.90
1782793482890,1,0,0,113.91
1782793483023,0,30,25,247.75
1782793483023,1,0,0,113.89
1782793483154,0,30,25,236.34
1782793483154,1,0,0,113.89
1782793483288,0,3,0,255.90
1782793483288,1,0,0,113.90
1782793483422,0,75,49,266.65
1782793483422,1,0,0,113.93
1782793483554,0,75,49,250.22
1782793483554,1,0,0,113.89
1782793483687,0,23,13,265.32
1782793483687,1,0,0,113.93
1782793483820,0,75,48,269.80
1782793483820,1,0,0,113.87
1782793483951,0,75,48,241.79
1782793483951,1,0,0,113.90
1782793484083,0,3,0,237.61
1782793484083,1,0,0,113.91
1782793484216,0,0,0,234.99
1782793484216,1,0,0,113.95
1782793484349,0,0,0,219.88
1782793484349,1,0,0,113.93
1782793484481,0,0,0,183.65
1782793484481,1,0,0,113.93
1782793484613,0,18,10,185.86
1782793484613,1,0,0,113.90
1782793484747,0,18,10,183.99
1782793484747,1,0,0,113.90
1782793484880,0,77,46,181.78
1782793484880,1,0,0,113.84
1782793485012,0,42,19,207.40
1782793485012,1,0,0,113.87
1782793485146,0,42,19,230.83
1782793485146,1,0,0,113.82
1782793485278,0,52,38,242.89
1782793485278,1,0,0,113.87
1782793485411,0,0,0,245.17
1782793485411,1,0,0,113.84
1782793485544,0,0,0,248.88
1782793485544,1,0,0,119.11
1782793485677,0,8,1,237.64
1782793485677,1,12,6,119.10
1782793485812,0,0,0,191.06
1782793485812,1,12,6,119.04
1782793485945,0,0,0,183.15
1782793485945,1,0,0,119.74
1782793486080,0,40,6,141.59
1782793486080,1,12,2,119.90
1782793486217,0,0,0,129.18
1782793486217,1,12,2,125.47
1782793486354,0,0,0,129.10
1782793486354,1,36,11,139.75
1782793486491,0,0,0,125.96
1782793486491,1,38,13,146.53
1782793486627,0,0,0,124.19
1782793486627,1,48,14,156.87
1782793486765,0,0,0,124.23
1782793486765,1,48,14,163.81
1782793486899,0,0,0,124.08
1782793486899,1,42,13,169.19
1782793487036,0,0,0,122.09
1782793487036,1,45,14,181.81
1782793487172,0,0,0,120.81
1782793487172,1,45,14,184.43
1782793487306,0,0,0,120.68
1782793487306,1,34,11,183.96
1782793487442,0,0,0,120.68
1782793487442,1,44,13,184.46
1782793487577,0,0,0,120.64
1782793487577,1,44,13,184.36
1782793487713,0,0,0,120.56
1782793487713,1,47,15,185.32
1782793487849,0,0,0,120.53
1782793487849,1,54,16,186.15
1782793487984,0,0,0,120.45
1782793487984,1,54,16,185.65
1782793488121,0,0,0,120.41
1782793488121,1,40,11,188.30
1782793488257,0,0,0,120.42
1782793488257,1,39,12,188.68
1782793488392,0,0,0,120.38
1782793488392,1,39,12,191.17
1782793488527,0,0,0,120.37
1782793488527,1,58,18,187.85
1782793488662,0,0,0,120.36
1782793488662,1,36,10,188.46
1782793488796,0,0,0,120.30
1782793488796,1,36,10,186.49
1782793488931,0,0,0,120.29
1782793488931,1,40,11,189.94
1782793489066,0,0,0,120.29
1782793489066,1,53,16,187.21
1782793489201,0,0,0,120.27
1782793489201,1,53,16,187.32
1782793489335,0,0,0,120.24
1782793489335,1,41,12,186.93
1782793489471,0,0,0,120.22
1782793489471,1,44,12,188.15
1782793489605,0,0,0,120.22
1782793489605,1,44,12,190.45
1782793489741,0,0,0,120.21
1782793489741,1,48,15,191.19
1782793489877,0,0,0,120.21
1782793489877,1,49,14,190.81
1782793490011,0,0,0,120.19
1782793490011,1,49,14,192.12
1782793490146,0,0,0,120.19
1782793490146,1,53,16,193.31
1782793490282,0,0,0,120.16
1782793490282,1,39,12,192.47
1782793490417,0,0,0,120.15
1782793490417,1,39,12,192.44
1782793490552,0,0,0,120.12
1782793490552,1,47,13,192.58
1782793490687,0,0,0,120.14
1782793490687,1,48,14,190.90
1782793490822,0,0,0,120.12
1782793490822,1,48,14,190.37
1782793490956,0,0,0,120.08
1782793490956,1,40,12,189.37
1782793491092,0,0,0,120.07
1782793491092,1,39,11,189.20
1782793491226,0,0,0,120.07
1782793491226,1,39,11,188.63
1782793491360,0,0,0,120.06
1782793491360,1,48,14,186.07
1782793491495,0,0,0,120.05
1782793491495,1,41,12,183.78
1782793491631,0,0,0,120.03
1782793491631,1,42,12,183.03
1782793491766,0,0,0,119.99
1782793491766,1,42,12,184.38
1782793491902,0,0,0,119.99
1782793491902,1,44,13,184.37
1782793492037,0,0,0,119.98
1782793492037,1,36,10,180.13
1782793492173,0,0,0,119.98
1782793492173,1,36,10,180.09
1782793492308,0,0,0,119.95
1782793492308,1,38,12,179.88
1782793492444,0,0,0,119.96
1782793492444,1,48,14,182.21
1782793492578,0,0,0,119.93
1782793492578,1,48,14,182.34
1782793492713,0,0,0,119.92
1782793492713,1,49,14,181.90
1782793492848,0,0,0,119.91
1782793492848,1,50,15,182.32
1782793492983,0,0,0,119.92
1782793492983,1,50,15,182.31
1782793493119,0,0,0,119.90
1782793493119,1,38,11,182.99
1782793493255,0,0,0,119.90
1782793493255,1,45,13,182.98
1782793493391,0,0,0,119.87
1782793493391,1,45,13,184.01
1782793493526,0,0,0,119.89
1782793493526,1,51,17,183.85
1782793493660,0,0,0,119.86
1782793493660,1,42,13,186.68
1782793493795,0,0,0,119.83
1782793493795,1,42,13,187.00
1782793493930,0,0,0,119.80
1782793493930,1,45,13,188.91
1782793494065,0,0,0,119.79
1782793494065,1,47,14,188.57
1782793494200,0,0,0,119.77
1782793494200,1,47,14,186.40
1782793494334,0,0,0,119.78
1782793494334,1,41,12,185.49
1782793494469,0,0,0,119.77
1782793494469,1,36,10,184.54
1782793494605,0,0,0,119.77
1782793494605,1,36,10,184.53
1782793494739,0,0,0,119.76
1782793494739,1,39,12,180.02
1782793494874,0,0,0,119.76
1782793494874,1,46,13,178.73
1782793495010,0,0,0,119.76
1782793495010,1,46,13,178.19
1782793495144,0,0,0,119.74
1782793495144,1,34,10,182.33
1782793495279,0,0,0,119.73
1782793495279,1,42,12,183.36
1782793495413,0,0,0,119.71
1782793495413,1,42,12,185.74
1782793495547,0,0,0,119.69
1782793495547,1,45,13,186.90
1782793495682,0,0,0,119.69
1782793495682,1,48,14,187.27
1782793495818,0,0,0,119.69
1782793495818,1,48,14,187.77
1782793495952,0,0,0,119.67
1782793495952,1,41,13,189.86
1782793496087,0,0,0,119.66
1782793496087,1,47,14,188.66
1782793496221,0,0,0,119.67
1782793496221,1,47,14,189.37
1782793496356,0,0,0,119.69
1782793496356,1,47,14,187.76
1782793496491,0,0,0,119.68
1782793496491,1,46,13,188.42
1782793496625,0,0,0,119.67
1782793496625,1,46,13,188.73
1782793496760,0,0,0,119.65
1782793496760,1,50,15,189.72
1782793496895,0,0,0,119.65
1782793496895,1,43,12,187.51
1782793497030,0,0,0,119.65
1782793497030,1,42,12,190.40
1782793497165,0,0,0,119.66
1782793497165,1,42,12,189.85
1782793497300,0,0,0,119.63
1782793497300,1,38,11,190.61
1782793497434,0,0,0,119.64
1782793497434,1,43,12,188.42
1782793497568,0,0,0,119.63
1782793497568,1,43,12,187.89
1782793497702,0,0,0,119.65
1782793497702,1,46,14,187.98
1782793497837,0,0,0,119.64
1782793497837,1,50,16,188.44
1782793497972,0,0,0,119.63
1782793497972,1,50,16,185.69
1782793498107,0,0,0,119.60
1782793498107,1,42,12,183.77
1782793498241,0,0,0,119.60
1782793498241,1,43,13,184.45
1782793498377,0,0,0,119.59
1782793498377,1,43,13,183.97
1782793498511,0,0,0,119.60
1782793498511,1,48,14,185.65
1782793498645,0,0,0,119.56
1782793498645,1,53,16,188.20
1782793498780,0,0,0,119.55
1782793498780,1,53,16,187.62
1782793498915,0,0,0,119.53
1782793498915,1,54,16,189.34
1782793499050,0,0,0,119.56
1782793499050,1,48,15,191.28
1782793499184,0,0,0,119.55
1782793499184,1,48,15,191.33
1782793499319,0,0,0,119.56
1782793499319,1,44,12,190.28
1782793499453,0,0,0,119.54
1782793499453,1,55,16,190.52
1782793499588,0,0,0,119.50
1782793499588,1,55,16,192.24
1782793499723,0,0,0,119.49
1782793499723,1,48,14,190.26
1782793499857,0,0,0,119.50
1782793499857,1,42,13,190.54
1782793499992,0,0,0,119.45
1782793499992,1,42,13,189.36
1782793500127,0,0,0,119.44
1782793500127,1,49,14,189.41
1782793500261,0,0,0,119.41
1782793500261,1,56,16,190.06
1782793500397,0,0,0,119.39
1782793500397,1,56,16,188.77
1782793500531,0,0,0,119.40
1782793500531,1,44,13,187.31
1782793500665,0,0,0,119.42
1782793500665,1,44,14,187.43
1782793500799,0,0,0,119.41
1782793500799,1,44,14,188.02
1782793500934,0,0,0,119.40
1782793500934,1,54,16,185.76
1782793501068,0,0,0,119.40
1782793501068,1,41,12,186.25
1782793501202,0,0,0,119.41
1782793501202,1,41,12,185.61
1782793501337,0,0,0,119.42
1782793501337,1,55,16,187.04
1782793501473,0,0,0,119.40
1782793501473,1,42,13,188.84
1782793501607,0,0,0,119.41
1782793501607,1,42,13,189.26
1782793501742,0,0,0,119.40
1782793501742,1,55,16,188.79
1782793501876,0,0,0,119.41
1782793501876,1,45,14,189.94
1782793502010,0,0,0,119.43
1782793502010,1,45,14,192.43
1782793502144,0,0,0,119.43
1782793502144,1,52,15,195.58
1782793502278,0,0,0,119.41
1782793502278,1,54,17,195.55
1782793502412,0,0,0,119.39
1782793502412,1,54,17,195.54
1782793502546,0,0,0,119.38
1782793502546,1,52,15,194.15
1782793502681,0,0,0,119.35
1782793502681,1,46,14,193.89
1782793502816,0,0,0,119.36
1782793502816,1,46,14,194.48
1782793502951,0,0,0,119.33
1782793502951,1,58,17,192.50
1782793503085,0,0,0,119.32
1782793503085,1,42,13,193.90
1782793503221,0,0,0,119.33
1782793503221,1,42,13,192.71
1782793503355,0,0,0,119.34
1782793503355,1,49,15,194.29
1782793503490,0,0,0,119.38
1782793503490,1,47,14,196.62
1782793503624,0,0,0,119.40
1782793503624,1,47,14,195.71
1782793503758,0,0,0,119.40
1782793503758,1,42,12,195.66
1782793503892,0,0,0,119.40
1782793503892,1,52,15,197.52
1782793504027,0,0,0,119.40
1782793504027,1,52,15,196.48
1782793504163,0,0,0,119.39
1782793504163,1,40,12,194.23
1782793504299,0,0,0,119.39
1782793504299,1,55,17,191.95
1782793504436,0,0,0,119.39
1782793504436,1,43,13,190.77
1782793504571,0,0,0,119.37
1782793504571,1,43,13,190.61
1782793504707,0,0,0,119.35
1782793504707,1,46,14,189.65
1782793504841,0,0,0,119.37
1782793504841,1,43,13,189.63
1782793504975,0,0,0,119.38
1782793504975,1,43,13,190.21
1782793505110,0,0,0,119.37
1782793505110,1,53,16,190.21
1782793505244,0,0,0,119.34
1782793505244,1,45,14,191.13
1782793505379,0,0,0,119.33
1782793505379,1,45,14,189.87
1782793505513,0,0,0,119.31
1782793505513,1,45,13,190.59
1782793505647,0,0,0,119.34
1782793505647,1,45,14,193.29
1782793505780,0,0,0,119.32
1782793505780,1,45,14,192.57
1782793505915,0,0,0,119.29
1782793505915,1,41,12,193.07
1782793506049,0,0,0,119.27
1782793506049,1,44,13,193.04
1782793506184,0,0,0,119.29
1782793506184,1,44,13,192.91
1782793506318,0,0,0,119.32
1782793506318,1,38,11,195.32
1782793506453,0,0,0,119.33
1782793506453,1,42,13,194.44
1782793506588,0,0,0,119.31
1782793506588,1,42,13,195.15
1782793506723,0,0,0,119.31
1782793506723,1,47,14,194.14
1782793506860,0,0,0,119.31
1782793506860,1,55,17,194.90
1782793506995,0,0,0,119.28
1782793506995,1,55,17,193.34
1782793507129,0,0,0,119.28
1782793507129,1,47,14,194.74
1782793507264,0,0,0,119.28
1782793507264,1,43,13,191.08
1782793507398,0,0,0,119.27
1782793507398,1,43,13,193.86
1782793507533,0,0,0,119.28
1782793507533,1,51,15,191.97
1782793507670,0,0,0,119.25
1782793507670,1,47,15,192.70
1782793507804,0,0,0,119.26
1782793507804,1,47,15,191.55
1782793507938,0,0,0,119.28
1782793507938,1,53,16,192.27
1782793508073,0,0,0,119.28
1782793508073,1,36,10,189.11
1782793508207,0,0,0,119.23
1782793508207,1,36,10,190.65
1782793508342,0,0,0,119.26
1782793508342,1,57,17,190.01
1782793508476,0,0,0,119.28
1782793508476,1,41,12,189.93
1782793508611,0,0,0,119.28
1782793508611,1,41,12,190.60
1782793508745,0,0,0,119.28
1782793508745,1,45,13,191.03
1782793508879,0,0,0,119.28
1782793508879,1,40,12,189.87
1782793509014,0,0,0,119.29
1782793509014,1,40,12,191.00
1782793509149,0,0,0,119.32
1782793509149,1,49,15,191.76
1782793509284,0,0,0,119.30
1782793509284,1,53,17,191.07
1782793509419,0,0,0,119.28
1782793509419,1,53,17,190.66
1782793509555,0,0,0,119.29
1782793509555,1,41,12,192.27
1782793509690,0,0,0,119.27
1782793509690,1,42,13,191.29
1782793509824,0,0,0,119.28
1782793509824,1,42,13,189.74
1782793509959,0,0,0,119.28
1782793509959,1,52,17,191.10
1782793510094,0,0,0,119.28
1782793510094,1,55,17,192.37
1782793510228,0,0,0,119.27
1782793510228,1,55,17,192.91
1782793510362,0,0,0,119.27
1782793510362,1,38,12,194.43
1782793510496,0,0,0,119.28
1782793510496,1,55,16,194.60
1782793510631,0,0,0,119.28
1782793510631,1,55,16,192.79
1782793510765,0,0,0,119.29
1782793510765,1,42,13,195.09
1782793510899,0,0,0,119.28
1782793510899,1,60,18,194.50
1782793511033,0,0,0,119.26
1782793511033,1,60,18,194.36
1782793511168,0,0,0,119.28
1782793511168,1,60,18,193.44
1782793511302,0,0,0,119.29
1782793511302,1,40,12,193.30
1782793511437,0,0,0,119.29
1782793511437,1,36,11,190.65
1782793511573,0,0,0,119.27
1782793511573,1,36,11,190.31
1782793511710,0,0,0,119.24
1782793511710,1,33,10,189.52
1782793511845,0,0,0,119.24
1782793511845,1,56,17,188.03
1782793511979,0,0,0,119.25
1782793511979,1,56,17,187.67
1782793512113,0,0,0,119.27
1782793512113,1,42,12,185.80
1782793512247,0,0,0,119.25
1782793512247,1,39,12,184.63
1782793512381,0,0,0,119.24
1782793512381,1,39,12,183.22
1782793512516,0,0,0,119.22
1782793512516,1,35,10,182.73
1782793512651,0,0,0,119.22
1782793512651,1,44,13,186.57
1782793512786,0,0,0,119.24
1782793512786,1,44,13,186.91
1782793512920,0,0,0,119.24
1782793512920,1,39,12,185.36
1782793513053,0,0,0,119.23
1782793513053,1,51,15,186.46
1782793513187,0,0,0,119.20
1782793513187,1,51,15,187.09
1782793513322,0,0,0,119.21
1782793513322,1,47,14,188.21
1782793513457,0,0,0,119.24
1782793513457,1,46,13,189.45
1782793513591,0,0,0,119.25
1782793513591,1,46,13,186.95
1782793513725,0,0,0,119.22
1782793513725,1,45,13,185.90
1782793513860,0,0,0,119.24
1782793513860,1,40,11,186.33
1782793513995,0,0,0,119.24
1782793513995,1,40,11,184.20
1782793514132,0,0,0,119.24
1782793514132,1,49,14,184.79
1782793514267,0,0,0,119.24
1782793514267,1,44,13,184.69
1782793514402,0,0,0,119.23
1782793514402,1,44,13,186.47
1782793514536,0,0,0,119.23
1782793514536,1,37,11,185.41
1782793514670,0,0,0,119.25
1782793514670,1,38,11,185.55
1782793514806,0,0,0,119.28
1782793514806,1,38,11,186.21
1782793514940,0,0,0,119.26
1782793514940,1,50,16,189.84
1782793515076,0,0,0,119.25
1782793515076,1,41,12,188.92
1782793515210,0,0,0,119.24
1782793515210,1,41,12,190.35
1782793515345,0,0,0,119.24
1782793515345,1,43,12,189.80
1782793515479,0,0,0,119.23
1782793515479,1,44,13,188.43
1782793515614,0,0,0,119.20
1782793515614,1,44,13,187.60
1782793515749,0,0,0,119.20
1782793515749,1,43,13,189.18
1782793515884,0,0,0,119.20
1782793515884,1,48,14,188.46
1782793516018,0,0,0,119.20
1782793516018,1,48,14,187.49
1782793516154,0,0,0,119.22
1782793516154,1,46,13,184.43
1782793516289,0,0,0,119.26
1782793516289,1,38,12,183.70
1782793516426,0,0,0,119.26
1782793516426,1,38,12,184.81
1782793516562,0,0,0,119.25
1782793516562,1,44,14,187.87
1782793516698,0,0,0,119.26
1782793516698,1,49,15,187.95
1782793516833,0,0,0,119.26
1782793516833,1,49,15,187.88
1782793516968,0,0,0,119.28
1782793516968,1,56,17,188.78
1782793517103,0,0,0,119.30
1782793517103,1,35,10,187.12
1782793517239,0,0,0,119.28
1782793517239,1,49,15,189.42
1782793517373,0,0,0,119.25
1782793517373,1,49,15,185.80
1782793517509,0,0,0,119.26
1782793517509,1,54,16,185.85
1782793517644,0,0,0,119.26
1782793517644,1,38,11,181.30
1782793517780,0,0,0,119.27
1782793517780,1,38,11,182.12
1782793517914,0,0,0,119.21
1782793517914,1,38,12,179.68
1782793518050,0,0,0,119.21
1782793518050,1,41,12,180.87
1782793518184,0,0,0,119.21
1782793518184,1,41,12,181.46
1782793518320,0,0,0,119.20
1782793518320,1,40,12,181.30
1782793518455,0,0,0,119.20
1782793518455,1,31,10,181.38
1782793518588,0,0,0,119.18
1782793518588,1,31,10,183.10
1782793518723,0,0,0,119.17
1782793518723,1,42,12,184.79
1782793518858,0,0,0,119.18
1782793518858,1,34,10,183.36
1782793518992,0,0,0,119.18
1782793518992,1,34,10,183.59
1782793519127,0,0,0,119.17
1782793519127,1,52,15,184.10
1782793519262,0,0,0,119.16
1782793519262,1,49,15,183.53
1782793519397,0,0,0,119.19
1782793519397,1,49,15,184.84
1782793519532,0,0,0,119.23
1782793519532,1,34,10,185.01
1782793519666,0,0,0,119.23
1782793519666,1,47,13,185.87
1782793519800,0,0,0,119.25
1782793519800,1,47,13,186.85
1782793519935,0,0,0,119.21
1782793519935,1,37,11,187.06
1782793520068,0,0,0,119.21
1782793520068,1,46,14,187.95
1782793520203,0,0,0,119.24
1782793520203,1,46,14,189.69
1782793520339,0,0,0,119.21
1782793520339,1,46,13,187.19
1782793520474,0,0,0,119.20
1782793520474,1,45,13,187.87
1782793520609,0,0,0,119.17
1782793520609,1,45,13,187.40
1782793520746,0,0,0,119.18
1782793520746,1,46,13,185.82
1782793520881,0,0,0,119.21
1782793520881,1,46,14,187.89
1782793521017,0,0,0,119.25
1782793521017,1,46,14,186.51
1782793521153,0,0,0,119.23
1782793521153,1,49,15,187.10
1782793521286,0,0,0,119.22
1782793521286,1,38,11,186.71
1782793521420,0,0,0,119.24
1782793521420,1,38,11,189.63
1782793521554,0,0,0,119.22
1782793521554,1,41,12,190.71
1782793521688,0,0,0,119.24
1782793521688,1,43,13,191.13
1782793521822,0,0,0,119.25
1782793521822,1,43,13,190.75
1782793521957,0,0,0,119.25
1782793521957,1,48,14,189.23
1782793522092,0,0,0,119.24
1782793522092,1,39,11,186.46
1782793522227,0,0,0,119.26
1782793522227,1,39,11,186.37
1782793522361,0,0,0,119.26
1782793522361,1,38,12,183.88
1782793522496,0,0,0,119.24
1782793522496,1,38,11,182.15
1782793522631,0,0,0,119.24
1782793522631,1,38,11,182.39
1782793522765,0,0,0,119.23
1782793522765,1,34,10,181.94
1782793522899,0,0,0,119.22
1782793522899,1,33,10,181.07
1782793523034,0,0,0,119.22
1782793523034,1,33,10,181.02
1782793523169,0,0,0,119.22
1782793523169,1,48,14,181.78
1782793523302,0,0,0,119.21
1782793523302,1,37,10,181.98
1782793523437,0,0,0,119.22
1782793523437,1,37,10,182.45
1782793523571,0,0,0,119.24
1782793523571,1,53,16,186.21
1782793523706,0,0,0,119.25
1782793523706,1,49,14,187.32
1782793523840,0,0,0,119.25
1782793523840,1,49,14,188.42
1782793523974,0,0,0,119.24
1782793523974,1,43,12,189.09
1782793524109,0,0,0,119.26
1782793524109,1,46,13,190.32
1782793524243,0,0,0,119.24
1782793524243,1,46,13,190.21
1782793524378,0,0,0,119.26
1782793524378,1,46,13,189.31
1782793524513,0,0,0,119.22
1782793524513,1,43,13,186.20
1782793524647,0,0,0,119.19
1782793524647,1,51,16,187.65
1782793524781,0,0,0,119.17
1782793524781,1,51,16,187.27
1782793524916,0,0,0,119.18
1782793524916,1,48,15,186.60
1782793525049,0,0,0,119.16
1782793525049,1,43,13,184.72
1782793525184,0,0,0,119.16
1782793525184,1,43,13,184.44
1782793525318,0,0,0,119.18
1782793525318,1,38,12,184.27
1782793525452,0,0,0,119.18
1782793525452,1,48,14,184.88
1782793525587,0,0,0,119.22
1782793525587,1,48,14,185.06
1782793525723,0,0,0,119.23
1782793525723,1,42,13,183.99
1782793525857,0,0,0,119.24
1782793525857,1,53,16,186.53
1782793525992,0,0,0,119.25
1782793525992,1,53,16,185.56
1782793526125,0,0,0,119.23
1782793526125,1,43,12,184.99
1782793526260,0,0,0,119.19
1782793526260,1,46,13,186.40
1782793526395,0,0,0,119.20
1782793526395,1,46,13,185.58
1782793526529,0,0,0,119.19
1782793526529,1,39,11,186.41
1782793526664,0,0,0,119.18
1782793526664,1,40,11,186.04
1782793526800,0,0,0,119.17
1782793526800,1,40,11,185.43
1782793526935,0,0,0,123.20
1782793526935,1,37,11,184.15
1782793527072,0,37,20,137.85
1782793527072,1,45,14,185.77
1782793527209,0,63,37,172.26
1782793527209,1,45,14,186.23
1782793527343,0,63,37,173.55
1782793527343,1,34,10,183.79
1782793527481,0,21,11,188.16
1782793527481,1,45,14,183.80
1782793527618,0,63,38,229.98
1782793527618,1,45,14,183.46
1782793527753,0,63,38,232.81
1782793527753,1,37,11,182.70
1782793527888,0,0,0,230.68
1782793527888,1,44,13,183.07
1782793528022,0,7,4,225.67
1782793528022,1,44,13,185.09
1782793528158,0,7,4,224.51
1782793528158,1,48,14,183.67
1782793528295,0,74,50,235.82
1782793528295,1,43,13,185.46
1782793528430,0,0,0,221.04
1782793528430,1,43,13,184.67
1782793528564,0,0,0,205.55
1782793528564,1,52,15,186.02
1782793528699,0,0,0,178.08
1782793528699,1,43,13,188.27
1782793528834,0,0,0,178.06
1782793528834,1,43,13,188.90
1782793528968,0,0,0,184.12
1782793528968,1,51,16,188.41
1782793529107,0,39,20,196.94
1782793529107,1,48,15,189.68
1782793529245,0,67,46,190.36
1782793529245,1,49,14,188.98
1782793529379,0,67,46,185.81
1782793529379,1,49,14,188.45
1782793529515,0,3,0,195.93
1782793529515,1,44,14,188.59
1782793529652,0,39,18,212.09
1782793529652,1,59,17,189.17
1782793529790,0,39,18,243.32
1782793529790,1,59,17,188.26
1782793529924,0,49,29,246.13
1782793529924,1,49,15,189.01
1782793530058,0,39,18,248.63
1782793530058,1,41,12,188.38
1782793530195,0,63,44,239.77
1782793530195,1,41,12,190.07
1782793530330,0,63,44,241.93
1782793530330,1,53,16,189.90
1782793530465,0,0,0,241.95
1782793530465,1,38,11,189.92
1782793530601,0,37,20,233.74
1782793530601,1,38,11,189.75
1782793530740,0,37,20,238.31
1782793530740,1,51,15,188.84
1782793530877,0,61,37,238.35
1782793530877,1,43,14,189.87
1782793531014,0,37,20,233.27
1782793531014,1,43,14,190.36
1782793531152,0,37,20,236.17
1782793531152,1,45,13,190.99
1782793531293,0,62,38,236.61
1782793531293,1,50,15,191.15
1782793531429,0,0,0,236.52
1782793531429,1,50,15,190.86
1782793531563,0,0,0,234.84
1782793531563,1,45,14,190.85
1782793531699,0,21,11,237.66
1782793531699,1,52,15,191.22
1782793531838,0,68,41,242.13
1782793531838,1,52,15,189.90
1782793531973,0,68,41,242.09
1782793531973,1,48,14,186.94
1782793532108,0,29,15,243.57
1782793532108,1,30,8,186.89
1782793532247,0,67,41,242.18
1782793532247,1,48,14,185.72
1782793532382,0,67,41,242.67
1782793532382,1,48,14,187.27
1782793532517,0,0,0,244.39
1782793532517,1,35,11,186.67
1782793532654,0,26,14,239.68
1782793532654,1,38,12,185.96
1782793532792,0,26,14,243.58
1782793532792,1,38,12,185.57
1782793532926,0,79,49,244.68
1782793532926,1,48,14,185.29
1782793533063,0,29,16,244.53
1782793533063,1,44,12,184.44
1782793533201,0,70,43,249.56
1782793533201,1,44,12,182.88
1782793533335,0,70,43,247.54
1782793533335,1,41,12,183.92
1782793533471,0,0,0,247.54
1782793533471,1,40,12,181.33
1782793533604,0,29,18,259.15
1782793533604,1,40,12,180.57
1782793533739,0,29,18,258.07
1782793533739,1,39,11,183.08
1782793533878,0,80,56,269.67
1782793533878,1,44,13,184.32
1782793534012,0,10,7,270.08
1782793534012,1,44,13,185.15
1782793534149,0,10,7,270.65
1782793534149,1,39,12,187.10
1782793534287,0,72,53,279.54
1782793534287,1,43,13,186.78
1782793534422,0,17,17,300.26
1782793534422,1,43,13,186.41
1782793534558,0,17,17,300.28
1782793534558,1,47,15,189.43
1782793534694,0,8,4,300.88
1782793534694,1,42,12,189.70
1782793534832,0,91,65,302.83
1782793534832,1,42,12,190.48
1782793534966,0,91,65,305.49
1782793534966,1,42,13,188.34
1782793535103,0,35,22,321.63
1782793535103,1,38,11,187.96
1782793535241,0,86,58,313.42
1782793535241,1,45,13,189.29
1782793535379,0,86,58,307.09
1782793535379,1,45,13,190.62
1782793535518,0,52,31,363.66
1782793535518,1,40,12,189.39
1782793535653,0,61,41,361.79
1782793535653,1,41,12,187.50
1782793535789,0,61,41,348.67
1782793535789,1,41,12,185.04
1782793535927,0,38,21,365.04
1782793535927,1,45,13,186.40
1782793536066,0,76,57,353.63
1782793536066,1,34,10,187.32
1782793536202,0,1,0,298.77
1782793536202,1,34,10,186.76
1782793536339,0,1,0,311.89
1782793536339,1,44,12,184.98
1782793536485,0,71,33,303.55
1782793536485,1,53,17,186.08
1782793536624,0,75,48,298.74
1782793536624,1,53,17,184.60
1782793536762,0,75,48,300.95
1782793536762,1,44,13,186.26
1782793536902,0,54,33,306.22
1782793536902,1,43,12,184.64
1782793537039,0,59,39,294.75
1782793537039,1,43,12,184.68
1782793537173,0,59,39,294.72
1782793537173,1,45,14,182.10
1782793537311,0,0,0,268.76
1782793537311,1,44,13,182.75
1782793537446,0,0,0,250.19
1782793537446,1,41,12,180.29
1782793537581,0,0,0,228.69
1782793537581,1,41,12,181.12
1782793537717,0,8,5,239.04
1782793537717,1,38,12,180.94
1782793537856,0,91,67,247.14
1782793537856,1,49,14,181.70
1782793537992,0,91,67,233.03
1782793537992,1,49,14,181.73
1782793538131,0,37,24,267.03
1782793538131,1,44,13,180.43
1782793538269,0,84,57,294.02
1782793538269,1,42,13,182.86
1782793538403,0,0,0,293.42
1782793538403,1,42,13,182.88
1782793538539,0,0,0,296.80
1782793538539,1,50,14,183.48
1782793538676,0,27,17,311.33
1782793538676,1,45,13,187.10
1782793538814,0,90,63,304.10
1782793538814,1,45,13,187.54
1782793538947,0,90,63,292.36
1782793538947,1,44,13,186.57
1782793539084,0,21,13,293.31
1782793539084,1,46,13,187.07
1782793539222,0,90,66,288.60
1782793539222,1,46,13,186.98
1782793539362,0,90,66,294.80
1782793539362,1,41,12,186.44
1782793539499,0,0,0,295.09
1782793539499,1,46,13,186.25
1782793539633,0,10,5,285.20
1782793539633,1,46,13,186.41
1782793539770,0,10,5,284.29
1782793539770,1,44,12,185.59
1782793539909,0,80,55,273.81
1782793539909,1,41,12,185.73
1782793540045,0,19,11,277.54
1782793540045,1,38,11,186.68
1782793540183,0,19,11,275.56
1782793540183,1,38,11,186.59
1782793540321,0,79,49,255.75
1782793540321,1,46,14,188.22
1782793540456,0,0,0,255.59
1782793540456,1,45,13,190.32
1782793540590,0,0,0,252.83
1782793540590,1,45,13,190.59
1782793540724,0,17,9,259.11
1782793540724,1,50,16,192.94
1782793540860,0,73,44,249.05
1782793540860,1,49,14,193.37
1782793540995,0,22,12,246.71
1782793540995,1,49,14,192.29
1782793541133,0,22,12,248.96
1782793541133,1,43,13,193.85
1782793541270,0,69,41,244.25
1782793541270,1,40,11,192.27
1782793541406,0,0,0,238.24
1782793541406,1,40,11,190.00
1782793541541,0,0,0,238.17
1782793541541,1,52,16,191.55
1782793541678,0,16,9,239.57
1782793541678,1,48,15,189.56
1782793541815,0,69,43,242.64
1782793541815,1,48,15,189.18
1782793541950,0,69,43,242.22
1782793541950,1,44,12,189.39
1782793542088,0,15,8,241.80
1782793542088,1,40,12,188.19
1782793542226,0,72,46,236.25
1782793542226,1,40,12,186.63
1782793542360,0,72,46,240.41
1782793542360,1,45,13,189.10
1782793542495,0,0,0,240.55
1782793542495,1,50,15,188.21
1782793542632,0,19,10,244.48
1782793542632,1,50,15,190.36
1782793542769,0,19,10,243.04
1782793542769,1,44,13,189.09
1782793542906,0,60,36,236.95
1782793542906,1,49,14,189.60
1782793543043,0,11,6,241.08
1782793543043,1,40,11,188.39
1782793543182,0,11,6,241.07
1782793543182,1,40,11,187.99
1782793543318,0,70,45,240.82
1782793543318,1,40,12,187.24
1782793543453,0,0,0,243.12
1782793543453,1,46,14,189.10
1782793543588,0,0,0,240.67
1782793543588,1,46,14,187.93
1782793543725,0,13,7,242.28
1782793543725,1,41,12,186.63
1782793543862,0,70,44,242.55
1782793543862,1,39,12,187.51
1782793543996,0,19,10,251.36
1782793543996,1,39,12,188.15
1782793544134,0,19,10,249.73
1782793544134,1,53,15,187.81
1782793544271,0,70,42,249.05
1782793544271,1,41,12,188.49
1782793544406,0,0,0,241.87
1782793544406,1,41,12,188.29
1782793544542,0,0,0,243.99
1782793544542,1,42,13,187.10
1782793544679,0,26,14,248.21
1782793544679,1,49,14,188.24
1782793544817,0,66,39,243.48
1782793544817,1,49,14,188.14
1782793544952,0,66,39,247.94
1782793544952,1,45,13,188.02
1782793545088,0,33,17,241.18
1782793545088,1,41,12,188.20
1782793545226,0,55,33,241.00
1782793545226,1,41,12,187.73
1782793545362,0,55,33,237.69
1782793545362,1,44,13,186.05
1782793545502,0,0,0,235.44
1782793545502,1,55,17,187.98
1782793545637,0,0,0,221.05
1782793545637,1,55,17,187.32
1782793545773,0,0,0,200.57
1782793545773,1,43,12,186.49
1782793545909,0,0,0,177.14
1782793545909,1,42,12,185.66
1782793546045,0,0,0,162.43
1782793546045,1,42,12,185.48
1782793546182,0,0,0,139.43
1782793546182,1,37,11,186.90
1782793546318,0,0,0,121.15
1782793546318,1,38,11,184.46
1782793546454,0,0,0,121.11
1782793546454,1,43,13,184.24
1782793546589,0,0,0,121.10
1782793546589,1,43,13,184.17
1782793546724,0,0,0,120.89
1782793546724,1,40,13,184.48
1782793546858,0,0,0,120.85
1782793546858,1,38,12,182.00
1782793546994,0,0,0,120.82
1782793546994,1,38,12,183.42
1782793547130,0,0,0,120.75
1782793547130,1,38,12,183.24
1782793547266,0,0,0,120.75
1782793547266,1,52,15,183.38
1782793547402,0,0,0,120.69
1782793547402,1,52,15,181.64
1782793547537,0,0,0,120.65
1782793547537,1,39,13,181.44
1782793547672,0,0,0,120.64
1782793547672,1,38,11,180.30
1782793547808,0,0,0,120.61
1782793547808,1,38,11,181.28
1782793547942,0,0,0,120.60
1782793547942,1,53,15,182.52
1782793548077,0,0,0,120.57
1782793548077,1,39,11,181.23
1782793548211,0,0,0,120.52
1782793548211,1,39,11,180.22
1782793548345,0,0,0,120.50
1782793548345,1,45,15,182.51
1782793548480,0,0,0,120.49
1782793548480,1,36,12,184.60
1782793548617,0,0,0,120.49
1782793548617,1,36,12,186.27
1782793548751,0,0,0,120.48
1782793548751,1,41,12,185.37
1782793548886,0,0,0,120.50
1782793548886,1,51,15,186.89
1782793549021,0,0,0,120.44
1782793549021,1,51,15,186.46
1782793549156,0,0,0,120.45
1782793549156,1,38,11,188.42
1782793549291,0,0,0,120.43
1782793549291,1,43,13,187.25
1782793549426,0,0,0,120.40
1782793549426,1,43,13,188.34
1782793549560,0,0,0,120.36
1782793549560,1,40,12,187.88
1782793549695,0,0,0,120.35
1782793549695,1,52,16,190.88
1782793549829,0,0,0,120.32
1782793549829,1,52,16,192.34
1782793549964,0,0,0,120.32
1782793549964,1,46,14,191.14
1782793550098,0,0,0,120.32
1782793550098,1,48,14,191.63
1782793550232,0,0,0,120.30
1782793550232,1,48,14,191.00
1782793550365,0,0,0,120.27
1782793550365,1,59,17,189.37
1782793550500,0,0,0,120.28
1782793550500,1,44,13,189.57
1782793550634,0,0,0,120.27
1782793550634,1,44,13,187.49
1782793550775,0,0,0,120.27
1782793550775,1,46,14,183.92
1782793550910,0,0,0,120.25
1782793550910,1,36,10,181.91
1782793551043,0,0,0,120.25
1782793551043,1,36,10,184.53
1782793551178,0,0,0,120.25
1782793551178,1,50,14,185.83
1782793551312,0,0,0,120.28
1782793551312,1,49,15,186.82
1782793551447,0,0,0,120.29
1782793551447,1,49,15,186.21
1782793551582,0,0,0,120.26
1782793551582,1,45,14,187.65
1782793551718,0,0,0,120.26
1782793551718,1,46,13,186.56
1782793551852,0,0,0,120.26
1782793551852,1,38,11,188.15
1782793551986,0,0,0,120.26
1782793551986,1,38,11,186.99
1782793552120,0,0,0,120.25
1782793552120,1,46,15,189.84
1782793552254,0,0,0,120.23
1782793552254,1,43,12,188.82
1782793552390,0,0,0,120.21
1782793552390,1,43,12,188.73
1782793552524,0,0,0,120.22
1782793552524,1,43,14,189.16
1782793552657,0,0,0,120.21
1782793552657,1,44,13,188.52
1782793552793,0,0,0,120.23
1782793552793,1,44,13,187.81
1782793552927,0,0,0,120.20
1782793552927,1,43,13,190.08
1782793553061,0,0,0,120.19
1782793553061,1,42,13,188.72
1782793553197,0,0,0,120.19
1782793553197,1,42,13,189.18
1782793553332,0,0,0,120.19
1782793553332,1,43,12,188.56
1782793553469,0,0,0,120.19
1782793553469,1,38,12,187.22
1782793553605,0,0,0,120.18
1782793553605,1,38,12,187.13
1782793553741,0,0,0,120.15
1782793553741,1,42,12,186.69
1782793553877,0,0,0,120.15
1782793553877,1,45,14,187.20
1782793554012,0,0,0,120.14
1782793554012,1,45,14,184.07
1782793554147,0,0,0,120.15
1782793554147,1,45,14,184.67
1782793554281,0,0,0,120.14
1782793554281,1,46,14,184.37
1782793554416,0,0,0,120.13
1782793554416,1,46,14,185.08
1782793554551,0,0,0,120.11
1782793554551,1,40,12,186.50
1782793554687,0,0,0,120.11
1782793554687,1,36,11,186.02
1782793554821,0,0,0,120.11
1782793554821,1,36,11,185.26
1782793554955,0,0,0,120.10
1782793554955,1,44,13,186.88
1782793555089,0,0,0,120.09
1782793555089,1,41,12,186.45
1782793555224,0,0,0,120.06
1782793555224,1,41,12,187.90
1782793555358,0,0,0,120.04
1782793555358,1,48,14,185.60
1782793555492,0,0,0,120.04
1782793555492,1,47,14,186.17
1782793555626,0,0,0,120.05
1782793555626,1,47,14,185.45
1782793555760,0,0,0,120.05
1782793555760,1,43,12,187.50
1782793555896,0,0,0,120.00
1782793555896,1,41,12,186.00
1782793556034,0,0,0,119.99
1782793556034,1,41,12,185.32
1782793556170,0,0,0,119.99
1782793556170,1,42,13,187.56
1782793556305,0,0,0,120.00
1782793556305,1,41,12,187.80
1782793556439,0,0,0,119.99
1782793556439,1,41,12,186.86
1782793556574,0,0,0,119.97
1782793556574,1,42,14,189.13
1782793556710,0,0,0,119.97
1782793556710,1,47,13,188.37
1782793556844,0,0,0,120.00
1782793556844,1,47,13,186.14
1782793556979,0,0,0,119.99
1782793556979,1,43,14,188.05
1782793557114,0,0,0,119.99
1782793557114,1,47,14,187.71
1782793557250,0,0,0,119.96
1782793557250,1,47,14,184.91
1782793557386,0,0,0,119.94
1782793557386,1,42,11,185.54
1782793557520,0,0,0,119.97
1782793557520,1,35,10,183.14
1782793557654,0,0,0,119.97
1782793557654,1,54,16,185.38
1782793557790,0,0,0,119.96
1782793557790,1,54,16,185.01
1782793557924,0,0,0,119.95
1782793557924,1,40,12,184.61
1782793558061,0,0,0,119.93
1782793558061,1,44,13,186.35
1782793558196,0,0,0,119.94
1782793558196,1,44,13,186.90
1782793558331,0,0,0,119.97
1782793558331,1,50,16,189.19
1782793558466,0,0,0,119.96
1782793558466,1,47,13,189.90
1782793558600,0,0,0,119.94
1782793558600,1,47,13,187.91
1782793558734,0,0,0,119.92
1782793558734,1,41,13,186.76
1782793558868,0,0,0,119.92
1782793558868,1,40,11,189.43
1782793559001,0,0,0,119.93
1782793559001,1,40,11,187.52
1782793559136,0,0,0,119.93
1782793559136,1,45,14,187.59
1782793559270,0,0,0,119.93
1782793559270,1,51,15,184.79
1782793559405,0,0,0,119.90
1782793559405,1,51,15,185.29
1782793559541,0,0,0,119.91
1782793559541,1,40,11,185.44
1782793559676,0,0,0,119.91
1782793559676,1,53,16,188.79
1782793559813,0,0,0,119.92
1782793559813,1,53,16,185.97
1782793559948,0,0,0,119.90
1782793559948,1,55,16,187.09
1782793560081,0,0,0,119.88
1782793560081,1,46,13,186.10
1782793560215,0,0,0,119.84
1782793560215,1,46,13,186.43
1782793560350,0,0,0,119.86
1782793560350,1,40,12,186.90
1782793560484,0,0,0,119.85
1782793560484,1,43,13,186.86
1782793560618,0,0,0,119.85
1782793560618,1,43,13,186.83
1782793560752,0,0,0,119.82
1782793560752,1,55,16,189.79
1782793560886,0,0,0,119.82
1782793560886,1,45,14,190.91
1782793561021,0,0,0,119.80
1782793561021,1,45,14,190.01
1782793561156,0,0,0,119.83
1782793561156,1,52,15,191.09
1782793561290,0,0,0,119.82
1782793561290,1,36,10,190.66
1782793561425,0,0,0,119.79
1782793561425,1,36,10,192.19
1782793561559,0,0,0,119.79
1782793561559,1,38,11,188.74
1782793561694,0,0,0,119.79
1782793561694,1,35,10,186.02
1782793561827,0,0,0,119.79
1782793561827,1,35,10,186.74
1782793561961,0,0,0,119.81
1782793561961,1,33,9,186.00
1782793562095,0,0,0,119.81
1782793562095,1,51,15,186.52
1782793562231,0,0,0,119.82
1782793562231,1,51,15,186.79
1782793562368,0,0,0,119.80
1782793562368,1,40,12,185.48
1782793562503,0,0,0,119.79
1782793562503,1,42,13,185.61
1782793562638,0,0,0,119.81
1782793562638,1,42,13,187.08
1782793562773,0,0,0,119.81
1782793562773,1,43,13,189.06
1782793562908,0,0,0,119.77
1782793562908,1,42,13,191.02
1782793563043,0,0,0,119.78
1782793563043,1,42,13,189.28
1782793563178,0,0,0,119.78
1782793563178,1,48,15,186.79
1782793563312,0,0,0,119.78
1782793563312,1,47,14,188.22
1782793563446,0,0,0,119.80
1782793563446,1,47,14,189.84
1782793563580,0,0,0,119.79
1782793563580,1,39,12,187.98
1782793563714,0,0,0,119.75
1782793563714,1,46,14,187.65
1782793563849,0,0,0,119.76
1782793563849,1,46,14,185.08
1782793563984,0,0,0,119.76
1782793563984,1,42,13,186.99
1782793564119,0,0,0,119.72
1782793564119,1,45,13,187.35
1782793564254,0,0,0,119.71
1782793564254,1,50,15,188.40
1782793564388,0,0,0,119.70
1782793564388,1,50,15,189.34
1782793564522,0,0,0,119.69
1782793564522,1,36,10,188.11
1782793564657,0,0,0,119.71
1782793564657,1,48,14,189.46
1782793564791,0,0,0,119.75
1782793564791,1,48,14,190.53
1782793564925,0,0,0,119.74
1782793564925,1,43,13,189.65
1782793565060,0,0,0,119.76
1782793565060,1,46,14,190.46
1782793565193,0,0,0,119.78
1782793565193,1,46,14,189.67
1782793565327,0,0,0,119.80
1782793565327,1,46,13,189.09
1782793565462,0,0,0,119.80
1782793565462,1,48,14,190.99
1782793565597,0,0,0,119.80
1782793565597,1,48,14,190.53
1782793565731,0,0,0,119.75
1782793565731,1,42,12,190.53
1782793565865,0,0,0,119.75
1782793565865,1,42,13,191.99
1782793565998,0,0,0,119.76
1782793565998,1,42,13,191.93
1782793566134,0,0,0,119.75
1782793566134,1,47,14,191.21
1782793566268,0,0,0,119.74
1782793566268,1,53,16,192.11
1782793566402,0,0,0,119.72
1782793566402,1,53,16,191.83
1782793566536,0,0,0,119.72
1782793566536,1,48,14,190.89
1782793566670,0,0,0,119.75
1782793566670,1,51,17,191.11
1782793566804,0,0,0,119.74
1782793566804,1,51,17,189.80
1782793566939,0,0,0,119.73
1782793566939,1,52,15,189.17
1782793567074,0,0,0,119.71
1782793567074,1,66,19,189.77
1782793567208,0,0,0,119.70
1782793567208,1,66,19,190.39
1782793567341,0,0,0,119.68
1782793567341,1,67,20,189.62
1782793567475,0,0,0,119.68
1782793567475,1,68,20,189.34
1782793567607,0,0,0,119.65
1782793567607,1,68,20,190.44
1782793567740,0,0,0,119.66
1782793567740,1,70,20,189.55
1782793567872,0,0,0,119.67
1782793567872,1,0,0,181.11
1782793568004,0,0,0,119.71
1782793568004,1,0,0,174.13
1782793568137,0,0,0,119.70
1782793568137,1,0,0,166.47
1782793568269,0,3,0,119.71
1782793568269,1,0,0,151.57
1782793568402,0,60,35,163.90
1782793568402,1,0,0,143.57
1782793568536,0,60,35,177.40
1782793568536,1,0,0,136.22
1782793568669,0,5,2,186.80
1782793568669,1,0,0,120.41
1782793568803,0,81,53,234.20
1782793568803,1,0,0,115.68
1782793568937,0,81,53,237.28
1782793568937,1,0,0,115.34
1782793569069,0,0,0,237.37
1782793569069,1,0,0,115.28
1782793569202,0,0,0,237.50
1782793569202,1,0,0,115.24
1782793569335,0,0,0,219.16
1782793569335,1,0,0,115.21
1782793569467,0,0,0,197.59
1782793569467,1,0,0,115.16
1782793569600,0,0,0,178.93
1782793569600,1,0,0,115.15
1782793569733,0,0,0,181.30
1782793569733,1,0,0,115.18
1782793569867,0,67,43,181.42
1782793569867,1,0,0,115.13
1782793569998,0,67,43,180.18
1782793569998,1,0,0,115.13
1782793570131,0,16,9,220.43
1782793570131,1,0,0,115.11
1782793570265,0,76,46,240.44
1782793570265,1,0,0,115.11
1782793570397,0,76,46,243.54
1782793570397,1,0,0,115.11
1782793570529,0,0,0,252.24
1782793570529,1,0,0,115.13
1782793570661,0,42,19,273.35
1782793570661,1,0,0,115.10
1782793570796,0,42,19,281.83
1782793570796,1,0,0,115.07
1782793570929,0,35,20,258.57
1782793570929,1,0,0,115.02
1782793571064,0,61,36,272.73
1782793571064,1,0,0,115.00
1782793571195,0,61,36,270.23
1782793571195,1,0,0,114.98
1782793571328,0,12,12,242.47
1782793571328,1,0,0,115.02
1782793571461,0,10,5,259.63
1782793571461,1,0,0,114.97
1782793571594,0,10,5,274.20
1782793571594,1,0,0,115.02
1782793571726,0,77,48,245.73
1782793571726,1,0,0,114.96
1782793571859,0,37,20,263.02
1782793571859,1,0,0,114.96
1782793571992,0,37,20,277.45
1782793571992,1,0,0,114.94
1782793572125,0,69,49,242.73
1782793572125,1,0,0,114.99
1782793572257,0,3,0,242.74
1782793572257,1,0,0,114.92
1782793572391,0,3,0,257.88
1782793572391,1,0,0,114.94
1782793572525,0,59,35,260.62
1782793572525,1,0,0,114.92
1782793572657,0,4,1,253.40
1782793572657,1,0,0,114.91
1782793572791,0,4,1,271.06
1782793572791,1,0,0,114.87
1782793572924,0,73,48,258.50
1782793572924,1,0,0,114.92
1782793573055,0,0,0,243.70
1782793573055,1,0,0,114.89
1782793573187,0,0,0,241.17
1782793573187,1,0,0,114.89
1782793573319,0,22,12,274.86
1782793573319,1,0,0,114.85
1782793573453,0,83,51,268.89
1782793573453,1,0,0,114.85
1782793573586,0,83,51,262.12
1782793573586,1,0,0,114.82
1782793573719,0,46,22,280.96
1782793573719,1,0,0,114.83
1782793573854,0,61,45,266.14
1782793573854,1,0,0,114.83
1782793573986,0,61,45,257.21
1782793573986,1,0,0,114.82
1782793574118,0,3,0,278.55
1782793574118,1,0,0,114.78
1782793574256,0,63,40,293.39
1782793574256,1,0,0,114.83
1782793574391,0,63,40,288.42
1782793574391,1,0,0,114.80
1782793574525,0,40,25,288.96
1782793574525,1,0,0,114.81
1782793574659,0,67,45,305.42
1782793574659,1,0,0,114.79
1782793574792,0,67,45,300.20
1782793574792,1,0,0,114.83
1782793574924,0,37,31,296.78
1782793574924,1,0,0,114.81
1782793575058,0,16,9,321.26
1782793575058,1,0,0,114.84
1782793575192,0,16,9,334.87
1782793575192,1,0,0,114.80
1782793575324,0,91,62,326.00
1782793575324,1,0,0,114.82
1782793575461,0,64,43,350.36
1782793575461,1,0,0,114.82
1782793575596,0,64,43,351.17
1782793575596,1,0,0,114.86
1782793575730,0,42,28,343.11
1782793575730,1,0,0,114.90
1782793575865,0,93,70,373.66
1782793575865,1,0,0,114.92
1782793575998,0,93,70,389.58
1782793575998,1,0,0,114.88
1782793576132,0,54,32,394.01
1782793576132,1,0,0,114.88
1782793576267,0,78,58,372.30
1782793576267,1,0,0,114.86
1782793576399,0,78,58,351.06
1782793576399,1,0,0,114.85
1782793576533,0,1,0,294.72
1782793576533,1,0,0,114.87
1782793576665,0,0,0,278.20
1782793576665,1,0,0,114.80
1782793576797,0,0,0,243.47
1782793576797,1,0,0,114.81
1782793576929,0,0,0,222.62
1782793576929,1,0,0,114.78
1782793577061,0,61,36,223.36
1782793577061,1,0,0,114.78
1782793577196,0,61,36,224.82
1782793577196,1,0,0,114.79
1782793577330,0,59,40,258.04
1782793577330,1,0,0,114.85
1782793577465,0,80,59,293.29
1782793577465,1,0,0,114.79
1782793577596,0,80,59,311.86
1782793577596,1,0,0,114.80
1782793577733,0,41,24,387.99
1782793577733,1,0,0,114.77
1782793577867,0,94,56,401.60
1782793577867,1,0,0,114.77
1782793578001,0,94,56,413.21
1782793578001,1,0,0,114.79
1782793578136,0,73,50,410.17
1782793578136,1,0,0,114.80
1782793578268,0,52,41,397.11
1782793578268,1,0,0,114.73
1782793578401,0,52,41,366.82
1782793578401,1,0,0,114.75
1782793578536,0,3,0,342.99
1782793578536,1,0,0,114.68
1782793578670,0,68,45,348.51
1782793578670,1,0,0,114.72
1782793578803,0,68,45,326.77
1782793578803,1,0,0,114.69
1782793578937,0,25,15,309.99
1782793578937,1,0,0,114.73
1782793579071,0,69,48,312.31
1782793579071,1,0,0,114.70
1782793579206,0,69,48,297.16
1782793579206,1,0,0,114.73
1782793579338,0,21,20,295.37
1782793579338,1,0,0,114.68
1782793579470,0,3,0,301.32
1782793579470,1,0,0,114.72
1782793579608,0,3,0,294.31
1782793579608,1,0,0,114.71
1782793579740,0,77,51,271.21
1782793579740,1,0,0,114.70
1782793579873,0,21,12,285.11
1782793579873,1,0,0,114.64
1782793580009,0,86,54,274.55
1782793580009,1,0,0,114.67
1782793580142,0,86,54,253.16
1782793580142,1,0,0,114.62
1782793580274,0,0,0,252.76
1782793580274,1,0,0,114.64
1782793580408,0,38,20,277.71
1782793580408,1,0,0,114.61
1782793580543,0,38,20,283.86
1782793580543,1,0,0,114.63
1782793580675,0,51,29,255.20
1782793580675,1,0,0,114.59
1782793580809,0,54,32,275.36
1782793580809,1,0,0,114.65
1782793580943,0,54,32,266.68
1782793580943,1,0,0,114.63
1782793581075,0,23,21,244.62
1782793581075,1,0,0,114.65
1782793581207,0,23,21,264.29
1782793581207,1,0,0,114.61
1782793581340,0,4,2,274.43
1782793581340,1,0,0,114.61
1782793581475,0,77,52,275.96
1782793581475,1,0,0,114.59
1782793581607,0,24,13,267.24
1782793581607,1,0,0,114.65
1782793581744,0,24,13,277.74
1782793581744,1,0,0,114.64
1782793581879,0,71,44,263.55
1782793581879,1,0,0,114.64
1782793582011,0,3,0,243.65
1782793582011,1,0,0,114.62
1782793582144,0,3,0,257.83
1782793582144,1,0,0,114.62
1782793582280,0,46,24,266.26
1782793582280,1,0,0,114.64
1782793582413,0,23,13,246.85
1782793582413,1,0,0,114.64
1782793582546,0,23,13,264.37
1782793582546,1,0,0,114.67
1782793582681,0,64,39,275.01
1782793582681,1,0,0,114.65
1782793582813,0,4,4,241.86
1782793582813,1,0,0,114.65
1782793582945,0,4,4,239.49
1782793582945,1,0,0,114.61
1782793583078,0,13,7,256.70
1782793583078,1,0,0,114.60
1782793583212,0,73,44,259.05
1782793583212,1,0,0,114.59
1782793583344,0,73,44,250.87
1782793583344,1,0,0,114.58
1782793583476,0,39,20,269.85
1782793583476,1,0,0,114.58
1782793583609,0,64,46,253.32
1782793583609,1,0,0,114.60
1782793583741,0,64,46,244.87
1782793583741,1,0,0,114.55
1782793583873,0,3,0,242.42
1782793583873,1,0,0,114.57
1782793584006,0,3,0,244.77
1782793584006,1,0,0,114.58
1782793584139,0,0,0,200.80
1782793584139,1,0,0,114.61
1782793584272,0,0,0,186.15
1782793584272,1,0,0,114.60
1782793584405,0,0,0,185.85
1782793584405,1,0,0,114.62
1782793584539,0,27,14,180.15
1782793584539,1,0,0,114.59
1782793584670,0,66,38,179.23
1782793584670,1,0,0,114.59
1782793584804,0,66,38,195.48
1782793584804,1,0,0,114.57
1782793584939,0,42,18,237.95
1782793584939,1,0,0,114.59
1782793585071,0,43,33,241.36
1782793585071,1,0,0,114.56
1782793585205,0,43,33,241.37
1782793585205,1,0,0,114.58
1782793585337,0,0,0,235.81
1782793585337,1,0,0,114.52
1782793585470,0,0,0,215.31
1782793585470,1,0,0,114.51
1782793585601,0,0,0,192.72
1782793585601,1,0,0,114.46
1782793585734,0,0,0,171.05
1782793585734,1,0,0,114.48
1782793585866,0,0,0,150.85
1782793585866,1,0,0,114.44
1782793585999,0,0,0,125.55
1782793585999,1,0,0,114.46
1782793586132,0,0,0,120.46
1782793586132,1,0,0,114.41
1782793586265,0,0,0,120.43
1782793586265,1,0,0,114.44
1782793586397,0,0,0,120.47
1782793586397,1,0,0,114.41
1782793586530,0,0,0,120.50
1782793586530,1,0,0,114.45
1782793586662,0,0,0,120.52
1782793586662,1,0,0,114.42
1782793586795,0,0,0,120.54
1782793586795,1,0,0,114.46
1782793586927,0,0,0,120.62
1782793586927,1,0,0,114.43
1782793587059,0,0,0,120.68
1782793587059,1,0,0,114.49
1782793587192,0,0,0,120.71
1782793587192,1,0,0,114.46
1782793587324,0,0,0,120.64
1782793587324,1,0,0,114.47
1782793587457,0,0,0,120.62
1782793587457,1,0,0,114.49
1782793587589,0,0,0,120.59
1782793587589,1,0,0,114.48
1782793587721,0,0,0,120.59
1782793587721,1,0,0,114.46
1782793587854,0,0,0,120.57
1782793587854,1,0,0,114.43
1782793587986,0,0,0,120.54
1782793587986,1,0,0,114.41
1782793588118,0,0,0,120.50
1782793588118,1,0,0,114.41
1782793588251,0,0,0,120.49
1782793588251,1,0,0,114.41
1782793588383,0,0,0,120.47
1782793588383,1,0,0,114.36
1782793588516,0,0,0,120.46
1782793588516,1,0,0,114.38
1782793588648,0,0,0,120.44
1782793588648,1,0,0,114.35
1782793588780,0,0,0,120.42
1782793588780,1,0,0,114.35
1782793588913,0,0,0,120.39
1782793588913,1,0,0,114.34
1782793589044,0,0,0,120.39
1782793589044,1,0,0,114.36
1782793589176,0,0,0,120.38
1782793589176,1,0,0,114.32
1782793589308,0,0,0,120.39
1782793589308,1,0,0,114.36
1782793589440,0,0,0,120.36
1782793589440,1,0,0,114.32
1782793589571,0,0,0,120.35
1782793589571,1,0,0,114.34
1782793589702,0,0,0,120.33
1782793589702,1,0,0,114.31
1782793589833,0,0,0,120.33
1782793589833,1,0,0,114.33
1782793589964,0,0,0,120.32
1782793589964,1,0,0,114.29
1782793590095,0,0,0,120.30
1782793590095,1,0,0,114.32
1782793590227,0,0,0,120.25
1782793590227,1,0,0,114.31
1782793590359,0,0,0,120.24
1782793590359,1,0,0,114.33
1782793590490,0,0,0,120.23
1782793590490,1,0,0,114.30
1782793590622,0,0,0,120.21
1782793590622,1,0,0,114.33
1782793590753,0,0,0,120.20
1782793590753,1,0,0,114.35
1782793590885,0,0,0,120.21
1782793590885,1,0,0,114.34
1782793591017,0,0,0,120.16
1782793591017,1,0,0,114.33
1782793591149,0,0,0,120.16
1782793591149,1,0,0,114.33
1782793591280,0,0,0,120.16
1782793591280,1,0,0,114.27
1782793591413,0,0,0,120.17
1782793591413,1,0,0,114.29
1782793591544,0,0,0,120.17
1782793591544,1,0,0,114.30
1782793591676,0,0,0,120.16
1782793591676,1,0,0,114.27
1782793591807,0,0,0,120.16
1782793591807,1,0,0,114.27
1782793591939,0,0,0,120.13
1782793591939,1,0,0,114.25
1782793592069,0,0,0,120.13
1782793592069,1,0,0,114.25
1782793592200,0,0,0,120.11
1782793592200,1,0,0,114.26
1782793592332,0,0,0,120.08
1782793592332,1,0,0,114.28
1782793592465,0,0,0,120.06
1782793592465,1,0,0,114.28
1782793592598,0,0,0,120.04
1782793592598,1,0,0,114.28
1782793592731,0,0,0,120.04
1782793592731,1,0,0,114.27
1782793592862,0,0,0,120.03
1782793592862,1,0,0,114.29
1782793592994,0,0,0,120.03
1782793592994,1,0,0,114.27
1782793593125,0,0,0,120.01
1782793593125,1,0,0,114.30
1782793593256,0,0,0,120.01
1782793593256,1,0,0,114.26
1782793593387,0,0,0,120.00
1782793593387,1,0,0,114.30
1782793593518,0,0,0,119.99
1782793593518,1,0,0,114.25
1782793593650,0,0,0,119.99
1782793593650,1,0,0,114.28
1782793593782,0,0,0,119.97
1782793593782,1,0,0,114.25
1782793593914,0,0,0,119.94
1782793593914,1,0,0,114.27
1782793594045,0,0,0,119.96
1782793594045,1,0,0,114.25
1782793594177,0,0,0,119.96
1782793594177,1,0,0,114.27
1782793594308,0,0,0,119.95
1782793594308,1,0,0,114.25
1782793594440,0,0,0,119.93
1782793594440,1,0,0,114.25
1782793594571,0,0,0,119.93
1782793594571,1,0,0,114.26
1782793594702,0,0,0,119.92
1782793594702,1,0,0,114.29
1782793594834,0,0,0,119.93
1782793594834,1,0,0,114.27
1782793594966,0,0,0,119.93
1782793594966,1,0,0,114.27
1782793595098,0,0,0,119.92
1782793595098,1,0,0,114.25
1782793595231,0,0,0,119.90
1782793595231,1,0,0,114.25
1782793595363,0,0,0,119.89
1782793595363,1,0,0,114.23
1782793595496,0,0,0,119.88
1782793595496,1,0,0,114.24
1782793595628,0,0,0,119.89
1782793595628,1,0,0,114.24
1782793595759,0,0,0,119.89
1782793595759,1,0,0,114.22
1782793595891,0,0,0,119.89
1782793595891,1,0,0,114.24
1782793596021,0,0,0,119.87
1782793596021,1,0,0,114.22
1782793596153,0,0,0,119.87
1782793596153,1,0,0,114.25
1782793596285,0,0,0,119.88
1782793596285,1,0,0,114.20
1782793596417,0,0,0,119.87
1782793596417,1,0,0,114.25
1782793596549,0,0,0,119.86
1782793596549,1,0,0,114.21
1782793596681,0,0,0,119.85
1782793596681,1,0,0,114.23
1782793596814,0,0,0,119.86
1782793596814,1,0,0,114.18
1782793596946,0,0,0,119.86
1782793596946,1,0,0,114.20
1782793597078,0,0,0,119.87
1782793597078,1,0,0,114.16
1782793597209,0,0,0,119.88
1782793597209,1,0,0,114.20
1782793597341,0,0,0,119.84
1782793597341,1,0,0,114.18
1782793597473,0,0,0,119.84
1782793597473,1,0,0,114.18
1782793597604,0,0,0,119.85
1782793597604,1,0,0,114.13
1782793597736,0,0,0,119.85
1782793597736,1,0,0,114.15
1782793597868,0,0,0,119.85
1782793597868,1,0,0,114.14
1782793597999,0,0,0,119.84
1782793597999,1,0,0,114.18
1782793598131,0,0,0,119.76
1782793598131,1,0,0,114.16
1782793598263,0,0,0,119.76
1782793598263,1,0,0,114.19
1782793598394,0,0,0,119.77
1782793598394,1,0,0,114.18
1782793598526,0,0,0,119.75
1782793598526,1,0,0,114.18
1782793598657,0,0,0,119.73
1782793598657,1,0,0,114.21
1782793598788,0,0,0,119.73
1782793598788,1,0,0,114.19
1782793598919,0,0,0,119.71
1782793598919,1,0,0,114.21
1782793599050,0,0,0,119.73
1782793599050,1,0,0,114.17
1782793599182,0,0,0,119.74
1782793599182,1,0,0,114.18
1782793599315,0,0,0,119.71
1782793599315,1,0,0,114.18
1782793599445,0,0,0,119.70
1782793599445,1,0,0,114.21
1782793599577,0,0,0,119.71
1782793599577,1,0,0,114.17
1782793599709,0,0,0,119.71
1782793599709,1,0,0,114.21
1782793599840,0,0,0,119.70
1782793599840,1,0,0,114.17
1782793599972,0,0,0,119.71
1782793599972,1,0,0,114.19
1782793600103,0,0,0,119.69
1782793600103,1,0,0,114.17
1782793600235,0,0,0,119.66
1782793600235,1,0,0,114.19
1782793600367,0,0,0,119.68
1782793600367,1,0,0,114.14
1782793600499,0,0,0,119.68
1782793600499,1,0,0,114.19
1782793600632,0,0,0,119.65
1782793600632,1,0,0,114.16
1782793600764,0,0,0,119.63
1782793600764,1,0,0,114.18
1782793600896,0,0,0,119.62
1782793600896,1,0,0,114.15
1782793601027,0,0,0,119.59
1782793601027,1,0,0,114.18
1782793601159,0,0,0,119.60
1782793601159,1,0,0,114.20
1782793601291,0,0,0,119.60
1782793601291,1,0,0,114.20
1782793601422,0,0,0,119.58
1782793601422,1,0,0,114.16
1782793601553,0,0,0,119.59
1782793601553,1,0,0,114.15
1782793601685,0,0,0,119.58
1782793601685,1,0,0,114.13
1782793601816,0,0,0,119.61
1782793601816,1,0,0,114.13
1782793601948,0,0,0,119.62
1782793601948,1,0,0,114.15
1782793602080,0,0,0,119.61
1782793602080,1,0,0,114.14
1782793602212,0,0,0,119.61
1782793602212,1,0,0,114.15
1782793602343,0,0,0,119.60
1782793602343,1,0,0,114.13
1782793602475,0,0,0,119.60
1782793602475,1,0,0,114.17
1782793602607,0,0,0,119.60
1782793602607,1,0,0,114.15
1782793602738,0,0,0,119.59
1782793602738,1,0,0,114.20
1782793602869,0,0,0,119.58
1782793602869,1,0,0,114.18
1782793603000,0,0,0,119.57
1782793603000,1,0,0,114.19
1782793603132,0,0,0,119.57
1782793603132,1,0,0,114.15
1782793603263,0,0,0,119.58
1782793603263,1,0,0,114.16
1782793603394,0,0,0,119.58
1782793603394,1,0,0,114.11
1782793603525,0,0,0,119.56
1782793603525,1,0,0,114.15
1782793603657,0,0,0,119.55
1782793603657,1,0,0,114.12
1782793603789,0,0,0,119.54
1782793603789,1,0,0,114.14
1782793603920,0,0,0,119.55
1782793603920,1,0,0,114.10
1782793604051,0,0,0,119.54
1782793604051,1,0,0,114.13
1782793604183,0,0,0,119.52
1782793604183,1,0,0,114.11
1782793604314,0,0,0,119.47
1782793604314,1,0,0,114.14
1782793604445,0,0,0,119.47
1782793604445,1,0,0,114.14
1782793604576,0,0,0,119.48
1782793604576,1,0,0,114.16
1782793604708,0,0,0,119.46
1782793604708,1,0,0,114.12
1782793604839,0,0,0,119.43
1782793604839,1,0,0,114.12
1782793604971,0,0,0,119.42
1782793604971,1,0,0,114.13
1782793605103,0,0,0,119.43
1782793605103,1,0,0,114.13
1782793605234,0,0,0,119.43
1782793605234,1,0,0,114.18
1782793605365,0,0,0,119.43
1782793605365,1,0,0,114.18
1782793605497,0,0,0,119.43
1782793605497,1,0,0,114.19
1782793605629,0,0,0,119.39
1782793605629,1,0,0,114.17
1782793605760,0,0,0,119.39
1782793605760,1,0,0,114.21
1782793605892,0,0,0,119.40
1782793605892,1,0,0,114.18
1782793606024,0,3,0,129.24
1782793606024,1,0,0,114.21
1782793606158,0,3,0,148.87
1782793606158,1,0,0,114.20
1782793606292,0,59,36,176.19
1782793606292,1,0,0,114.19
1782793606424,0,10,5,199.14
1782793606424,1,0,0,114.17
1782793606558,0,10,5,221.98
1782793606558,1,0,0,114.18
1782793606693,0,74,46,242.25
1782793606693,1,0,0,114.14
1782793606826,0,0,0,245.40
1782793606826,1,0,0,114.16
1782793606958,0,0,0,247.71
1782793606958,1,0,0,114.15
1782793607091,0,21,12,255.39
1782793607091,1,0,0,114.14
1782793607224,0,69,42,247.72
1782793607224,1,0,0,114.11
1782793607356,0,69,42,254.39
1782793607356,1,0,0,114.12
1782793607492,0,42,20,257.40
1782793607492,1,0,0,114.13
1782793607626,0,57,42,241.02
1782793607626,1,0,0,114.12
1782793607758,0,57,42,240.55
1782793607758,1,0,0,114.15
1782793607890,0,3,0,238.26
1782793607890,1,0,0,114.15
1782793608022,0,0,0,221.91
1782793608022,1,0,0,114.14
1782793608156,0,0,0,191.58
1782793608156,1,0,0,114.12
1782793608289,0,0,0,180.67
1782793608289,1,0,0,114.15
1782793608421,0,22,12,169.07
1782793608421,1,0,0,114.11
1782793608556,0,22,12,174.25
1782793608556,1,0,0,114.12
1782793608688,0,72,43,175.65
1782793608688,1,0,0,114.11
1782793608822,0,42,19,214.40
1782793608822,1,0,0,114.14
1782793608955,0,42,19,239.60
1782793608955,1,0,0,114.12
1782793609087,0,50,37,239.11
1782793609087,1,0,0,114.15
1782793609220,0,3,0,248.56
1782793609220,1,0,0,114.10
1782793609354,0,3,0,265.56
1782793609354,1,0,0,114.13
1782793609487,0,63,39,276.22
1782793609487,1,0,0,114.11
1782793609619,0,11,6,259.87
1782793609619,1,0,0,114.14
1782793609751,0,11,6,267.72
1782793609751,1,0,0,114.08
1782793609885,0,79,50,270.97
1782793609885,1,0,0,114.05
1782793610017,0,0,0,242.17
1782793610017,1,0,0,114.00
1782793610149,0,0,0,250.42
1782793610149,1,0,0,113.99
1782793610282,0,41,19,267.86
1782793610282,1,0,0,113.95
1782793610416,0,46,26,244.84
1782793610416,1,0,0,113.99
1782793610549,0,46,26,261.77
1782793610549,1,0,0,113.99
1782793610683,0,56,32,269.98
1782793610683,1,0,0,114.01
1782793610815,0,56,32,240.85
1782793610815,1,0,0,113.97
1782793610947,0,21,20,240.46
1782793610947,1,0,0,114.03
1782793611080,0,3,1,256.09
1782793611080,1,0,0,114.04
1782793611214,0,3,1,271.27
1782793611214,1,0,0,114.06
1782793611346,0,85,57,253.49
1782793611346,1,0,0,114.10
1782793611480,0,23,13,271.67
1782793611480,1,0,0,114.09
1782793611614,0,23,13,282.27
1782793611614,1,0,0,114.08
1782793611746,0,87,54,256.83
1782793611746,1,0,0,114.07
1782793611877,0,3,0,256.71
1782793611877,1,0,0,114.07
1782793612011,0,3,0,277.76
1782793612011,1,0,0,114.06
1782793612146,0,54,29,299.58
1782793612146,1,0,0,114.07
1782793612278,0,57,37,274.13
1782793612278,1,0,0,114.05
1782793612413,0,57,37,300.27
1782793612413,1,0,0,114.04
1782793612548,0,59,36,310.71
1782793612548,1,0,0,114.01
1782793612680,0,59,46,294.36
1782793612680,1,0,0,114.02
1782793612813,0,59,46,294.06
1782793612813,1,0,0,114.00
1782793612946,0,3,1,330.42
1782793612946,1,0,0,114.02
1782793613081,0,93,67,332.44
1782793613081,1,0,0,114.01
1782793613215,0,53,31,346.21
1782793613215,1,0,0,114.04
1782793613350,0,53,31,351.78
1782793613350,1,0,0,114.03
1782793613482,0,60,40,336.41
1782793613482,1,0,0,114.04
1782793613618,0,80,59,363.17
1782793613618,1,0,0,113.98
1782793613751,0,80,59,370.33
1782793613751,1,0,0,114.01
1782793613885,0,40,25,384.62
1782793613885,1,0,0,114.01
1782793614020,0,85,58,366.57
1782793614020,1,0,0,114.04
1782793614153,0,85,58,354.46
1782793614153,1,0,0,113.99
1782793614286,0,1,0,329.07
1782793614286,1,0,0,114.01
1782793614420,0,75,53,343.57
1782793614420,1,0,0,113.99
1782793614555,0,75,53,331.60
1782793614555,1,0,0,114.01
1782793614690,0,31,20,325.26
1782793614690,1,0,0,113.97
1782793614826,0,91,62,336.34
1782793614826,1,0,0,114.01
1782793614959,0,91,62,332.62
1782793614959,1,0,0,113.96
1782793615094,0,67,45,344.29
1782793615094,1,0,0,114.01
1782793615226,0,40,26,393.54
1782793615226,1,0,0,113.97
1782793615360,0,40,26,394.55
1782793615360,1,0,0,113.95
1782793615495,0,92,65,392.95
1782793615495,1,0,0,113.96
1782793615628,0,0,0,351.66
1782793615628,1,0,0,113.99
1782793615761,0,0,0,323.71
1782793615761,1,0,0,114.00
1782793615894,0,32,20,326.25
1782793615894,1,0,0,114.02
1782793616029,0,92,63,320.29
1782793616029,1,0,0,114.01
1782793616161,0,92,63,296.57
1782793616161,1,0,0,114.01
1782793616293,0,0,0,269.95
1782793616293,1,0,0,113.99
1782793616426,0,0,0,212.02
1782793616426,1,0,0,114.01
1782793616558,0,0,0,205.97
1782793616558,1,0,0,114.04
1782793616692,0,0,0,217.59
1782793616692,1,0,0,114.05
1782793616830,0,68,48,249.85
1782793616830,1,0,0,114.04
1782793616965,0,68,48,240.07
1782793616965,1,0,0,114.08
1782793617098,0,18,18,211.79
1782793617098,1,0,0,114.06
1782793617230,0,7,4,229.70
1782793617230,1,0,0,114.08
1782793617362,0,7,4,255.99
1782793617362,1,0,0,114.14
1782793617496,0,87,59,273.32
1782793617496,1,0,0,114.08
1782793617629,0,23,13,283.44
1782793617629,1,0,0,114.09
1782793617763,0,23,13,290.00
1782793617763,1,0,0,114.09
1782793617899,0,85,53,275.96
1782793617899,1,0,0,114.08
1782793618031,0,0,0,251.56
1782793618031,1,0,0,114.05
1782793618165,0,0,0,263.48
1782793618165,1,0,0,114.07
1782793618301,0,42,19,266.66
1782793618301,1,0,0,114.05
1782793618433,0,38,21,246.13
1782793618433,1,0,0,114.07
1782793618567,0,38,21,260.25
1782793618567,1,0,0,114.05
1782793618702,0,52,30,267.27
1782793618702,1,0,0,114.07
1782793618834,0,22,20,240.25
1782793618834,1,0,0,114.01
1782793618966,0,22,20,240.24
1782793618966,1,0,0,114.08
1782793619100,0,3,0,250.65
1782793619100,1,0,0,114.02
1782793619234,0,70,44,268.27
1782793619234,1,0,0,114.05
1782793619366,0,70,44,246.11
1782793619366,1,0,0,114.02
1782793619500,0,17,9,263.04
1782793619500,1,0,0,114.07
1782793619635,0,77,47,267.26
1782793619635,1,0,0,114.07
1782793619767,0,77,47,243.67
1782793619767,1,0,0,114.12
1782793619899,0,2,0,242.74
1782793619899,1,0,0,114.08
1782793620033,0,43,19,273.39
1782793620033,1,0,0,114.12
1782793620167,0,43,19,272.22
1782793620167,1,0,0,114.12
1782793620300,0,34,19,246.56
1782793620300,1,0,0,114.15
1782793620432,0,54,32,267.80
1782793620432,1,0,0,114.15
1782793620566,0,54,32,261.55
1782793620566,1,0,0,114.17
1782793620698,0,24,22,239.74
1782793620698,1,0,0,114.12
1782793620830,0,3,0,249.03
1782793620830,1,0,0,114.10
1782793620963,0,3,0,261.93
1782793620963,1,0,0,114.15
1782793621097,0,69,44,260.11
1782793621097,1,0,0,114.06
1782793621230,0,17,9,253.20
1782793621230,1,0,0,114.12
1782793621366,0,17,9,261.79
1782793621366,1,0,0,114.07
1782793621502,0,72,43,256.10
1782793621502,1,0,0,114.05
1782793621635,0,0,0,234.06
1782793621635,1,0,0,114.01
1782793621767,0,0,0,239.08
1782793621767,1,0,0,114.04
1782793621900,0,36,19,251.32
1782793621900,1,0,0,114.03
1782793622033,0,56,32,233.86
1782793622033,1,0,0,114.10
1782793622168,0,56,32,247.43
1782793622168,1,0,0,114.06
1782793622303,0,45,24,254.49
1782793622303,1,0,0,114.09
1782793622437,0,39,31,236.73
1782793622437,1,0,0,114.06
1782793622570,0,39,31,234.24
1782793622570,1,0,0,114.07
1782793622706,0,0,0,234.27
1782793622706,1,0,0,114.06
1782793622839,0,0,0,213.49
1782793622839,1,0,0,114.06
1782793622971,0,0,0,187.67
1782793622971,1,0,0,113.99
1782793623104,0,0,0,180.00
1782793623104,1,0,0,114.04
1782793623237,0,0,0,148.52
1782793623237,1,0,0,114.02
1782793623371,0,0,0,123.82
1782793623371,1,0,0,114.03
1782793623504,0,0,0,121.04
1782793623504,1,0,0,114.01
1782793623637,0,0,0,120.94
1782793623637,1,0,0,114.04
1782793623770,0,0,0,120.87
1782793623770,1,0,0,114.01
1782793623903,0,0,0,120.81
1782793623903,1,0,0,114.03
1782793624036,0,0,0,120.73
1782793624036,1,0,0,114.04
1782793624169,0,0,0,120.71
1782793624169,1,0,0,114.06
1782793624301,0,0,0,120.67
1782793624301,1,0,0,114.05
1782793624434,0,0,0,120.61
1782793624434,1,0,0,114.06
1782793624566,0,0,0,120.58
1782793624566,1,0,0,114.06
1782793624699,0,0,0,120.55
1782793624699,1,0,0,114.10
1782793624832,0,0,0,120.52
1782793624832,1,0,0,114.12
1782793624964,0,0,0,120.50
1782793624964,1,0,0,114.08
1782793625096,0,0,0,120.47
1782793625096,1,0,0,114.07
1782793625228,0,0,0,120.42
1782793625228,1,0,0,114.06
1782793625363,0,0,0,120.40
1782793625363,1,0,0,114.09
1782793625495,0,0,0,120.39
1782793625495,1,0,0,114.07
1782793625627,0,0,0,120.37
1782793625627,1,0,0,114.11
1782793625759,0,0,0,120.37
1782793625759,1,0,0,114.04
1782793625892,0,0,0,120.34
1782793625892,1,0,0,114.05
1782793626024,0,0,0,120.32
1782793626024,1,0,0,114.02
1782793626156,0,0,0,120.30
1782793626156,1,0,0,114.05
1782793626288,0,0,0,120.31
1782793626288,1,0,0,114.02
1782793626420,0,0,0,120.32
1782793626420,1,0,0,114.07
1782793626552,0,0,0,120.28
1782793626552,1,0,0,114.02
1782793626683,0,0,0,120.27
1782793626683,1,0,0,114.06
1782793626818,0,0,0,120.27
1782793626818,1,0,0,114.05
1782793626949,0,0,0,120.24
1782793626949,1,0,0,114.06
1782793627080,0,0,0,120.25
1782793627080,1,0,0,114.05
1782793627212,0,0,0,120.28
1782793627212,1,0,0,114.07
1782793627342,0,0,0,120.24
1782793627342,1,0,0,114.04
1782793627474,0,0,0,120.24
1782793627474,1,0,0,114.03
1782793627605,0,0,0,120.25
1782793627605,1,0,0,114.01
1782793627736,0,0,0,120.24
1782793627736,1,0,0,113.98
1782793627867,0,0,0,120.24
1782793627867,1,0,0,114.01
1782793627999,0,0,0,120.21
1782793627999,1,0,0,113.97
1782793628131,0,0,0,120.17
1782793628131,1,0,0,114.01
1782793628262,0,0,0,120.17
1782793628262,1,0,0,113.98
1782793628393,0,0,0,120.18
1782793628393,1,0,0,114.03
1782793628524,0,0,0,120.16
1782793628524,1,0,0,114.03
1782793628655,0,0,0,120.16
1782793628655,1,0,0,114.04
1782793628786,0,0,0,120.14
1782793628786,1,0,0,114.04
1782793628917,0,0,0,120.13
1782793628917,1,0,0,114.09
1782793629048,0,0,0,120.10
1782793629048,1,0,0,114.06
1782793629179,0,0,0,120.12
1782793629179,1,0,0,114.08
1782793629311,0,0,0,120.10
1782793629311,1,0,0,114.05
1782793629442,0,0,0,120.08
1782793629442,1,0,0,114.09
1782793629573,0,0,0,120.04
1782793629573,1,0,0,114.08
1782793629705,0,0,0,120.01
1782793629705,1,0,0,114.09
1782793629837,0,0,0,120.03
1782793629837,1,0,0,114.10
1782793629967,0,0,0,120.02
1782793629967,1,0,0,114.06
1782793630099,0,0,0,120.01
1782793630099,1,0,0,114.04
1782793630231,0,0,0,119.97
1782793630231,1,0,0,114.03
1782793630363,0,0,0,119.95
1782793630363,1,0,0,114.04
1782793630495,0,0,0,119.97
1782793630495,1,0,0,114.02
1782793630628,0,0,0,119.98
1782793630628,1,0,0,114.00
1782793630760,0,0,0,119.96
1782793630760,1,0,0,113.95
1782793630892,0,0,0,119.94
1782793630892,1,0,0,113.97
1782793631023,0,0,0,119.93
1782793631023,1,0,0,113.96
1782793631155,0,0,0,119.93
1782793631155,1,0,0,113.99
1782793631287,0,0,0,119.93
1782793631287,1,0,0,113.98
1782793631418,0,0,0,119.93
1782793631418,1,0,0,114.00
1782793631550,0,0,0,119.91
1782793631550,1,0,0,113.97
1782793631682,0,0,0,119.90
1782793631682,1,0,0,114.04
1782793631814,0,0,0,119.89
1782793631814,1,0,0,114.00
1782793631946,0,0,0,119.90
1782793631946,1,0,0,114.04
1782793632077,0,0,0,119.89
1782793632077,1,0,0,114.04
1782793632209,0,0,0,119.88
1782793632209,1,0,0,114.06
1782793632340,0,0,0,119.86
1782793632340,1,0,0,114.06
1782793632473,0,0,0,119.84
1782793632473,1,0,0,114.09
1782793632605,0,0,0,119.85
1782793632605,1,0,0,114.06
1782793632736,0,0,0,119.86
1782793632736,1,0,0,114.09
1782793632868,0,0,0,119.85
1782793632868,1,0,0,114.13
1782793632998,0,0,0,119.84
1782793632998,1,0,0,114.13
1782793633130,0,0,0,119.84
1782793633130,1,0,0,114.11
1782793633262,0,0,0,119.85
1782793633262,1,0,0,114.10
1782793633395,0,0,0,119.86
1782793633395,1,0,0,114.11
1782793633527,0,0,0,119.86
1782793633527,1,0,0,114.10
1782793633659,0,0,0,119.84
1782793633659,1,0,0,114.13
1782793633791,0,0,0,119.82
1782793633791,1,0,0,114.04
1782793633922,0,0,0,119.83
1782793633922,1,0,0,114.07
1782793634054,0,0,0,119.84
1782793634054,1,0,0,114.02
1782793634186,0,0,0,119.81
1782793634186,1,0,0,114.05
1782793634317,0,0,0,119.80
1782793634317,1,0,0,113.99
1782793634449,0,0,0,119.75
1782793634449,1,0,0,114.03
1782793634581,0,0,0,119.73
1782793634581,1,0,0,114.01
1782793634713,0,0,0,119.75
1782793634713,1,0,0,114.05
1782793634844,0,0,0,119.75
1782793634844,1,0,0,114.03
1782793634976,0,0,0,119.75
1782793634976,1,0,0,114.06
1782793635108,0,0,0,119.72
1782793635108,1,0,0,114.01
1782793635240,0,0,0,119.71
1782793635240,1,0,0,114.06
1782793635372,0,0,0,119.71
1782793635372,1,0,0,114.04
1782793635503,0,0,0,119.71
1782793635503,1,0,0,114.09
1782793635635,0,0,0,119.69
1782793635635,1,0,0,114.06
1782793635766,0,0,0,119.70
1782793635766,1,0,0,114.06
1782793635897,0,0,0,119.66
1782793635897,1,0,0,114.08
1782793636029,0,0,0,119.65
1782793636029,1,0,0,114.08
1782793636161,0,0,0,119.65
1782793636161,1,0,0,114.13
1782793636292,0,0,0,119.65
1782793636292,1,0,0,114.14
1782793636423,0,0,0,119.63
1782793636423,1,0,0,114.12
1782793636555,0,0,0,119.63
1782793636555,1,0,0,114.06
1782793636688,0,0,0,119.63
1782793636688,1,0,0,114.07
1782793636819,0,0,0,119.62
1782793636819,1,0,0,114.05
1782793636950,0,0,0,119.64
1782793636950,1,0,0,114.07
1782793637081,0,0,0,119.65
1782793637081,1,0,0,114.07
1782793637212,0,0,0,119.62
1782793637212,1,0,0,114.11
1782793637344,0,0,0,119.62
1782793637344,1,0,0,114.06
1782793637476,0,0,0,119.62
1782793637476,1,0,0,114.17
1782793637607,0,0,0,119.64
1782793637607,1,0,0,114.14
1782793637738,0,0,0,119.62
1782793637738,1,0,0,114.16
1782793637869,0,0,0,119.61
1782793637869,1,0,0,114.17
1782793638000,0,0,0,119.60
1782793638000,1,0,0,114.21
1782793638132,0,0,0,119.61
1782793638132,1,0,0,114.14
1782793638264,0,0,0,119.62
1782793638264,1,0,0,114.11
1782793638396,0,0,0,119.61
1782793638396,1,0,0,114.06
1782793638527,0,0,0,119.59
1782793638527,1,0,0,114.04
1782793638659,0,0,0,119.58
1782793638659,1,0,0,114.06
1782793638790,0,0,0,119.58
1782793638790,1,0,0,114.03
1782793638922,0,0,0,119.59
1782793638922,1,0,0,114.03
1782793639053,0,0,0,119.58
1782793639053,1,0,0,114.00
1782793639184,0,0,0,119.57
1782793639184,1,0,0,114.01
1782793639316,0,0,0,119.56
1782793639316,1,0,0,113.97
1782793639448,0,0,0,119.56
1782793639448,1,0,0,114.02
1782793639579,0,0,0,119.56
1782793639579,1,0,0,113.99
1782793639711,0,0,0,119.57
1782793639711,1,0,0,114.01
1782793639842,0,0,0,119.56
1782793639842,1,0,0,113.94
1782793639973,0,0,0,119.54
1782793639973,1,0,0,113.99
1782793640105,0,0,0,119.55
1782793640105,1,0,0,113.96
1782793640237,0,0,0,119.55
1782793640237,1,0,0,113.97
1782793640369,0,0,0,119.56
1782793640369,1,0,0,113.97
1782793640499,0,0,0,119.56
1782793640499,1,0,0,114.02
1782793640630,0,0,0,119.54
1782793640630,1,0,0,113.99
1782793640762,0,0,0,119.54
1782793640762,1,0,0,113.98
1782793640893,0,0,0,119.53
1782793640893,1,0,0,113.98
1782793641024,0,0,0,119.53
1782793641024,1,0,0,113.96
1782793641157,0,0,0,119.54
1782793641157,1,0,0,113.99
1782793641289,0,0,0,119.53
1782793641289,1,0,0,114.02
1782793641421,0,0,0,119.50
1782793641421,1,0,0,114.04
1782793641552,0,0,0,119.50
1782793641552,1,0,0,114.02
1782793641683,0,0,0,119.49
1782793641683,1,0,0,114.03
1782793641814,0,0,0,119.50
1782793641814,1,0,0,114.06
1782793641945,0,0,0,119.47
1782793641945,1,0,0,114.08
1782793642076,0,0,0,119.48
1782793642076,1,0,0,114.05
1782793642208,0,0,0,119.44
1782793642208,1,0,0,114.07
1782793642340,0,0,0,119.44
1782793642340,1,0,0,114.01
1782793642473,0,0,0,119.44
1782793642473,1,0,0,114.02
1782793642604,0,0,0,119.44
1782793642604,1,0,0,114.00
1782793642735,0,0,0,119.40
1782793642735,1,0,0,114.03
1782793642867,0,0,0,119.40
1782793642867,1,0,0,114.01
1782793642998,0,0,0,119.40
1782793642998,1,0,0,114.01
1782793643129,0,0,0,119.40
1782793643129,1,0,0,114.00
1782793643260,0,0,0,119.40
1782793643260,1,0,0,114.02
1782793643391,0,0,0,119.39
1782793643391,1,0,0,114.02
1782793643523,0,0,0,119.38
1782793643523,1,0,0,114.04
1782793643655,0,0,0,119.38
1782793643655,1,0,0,114.05
1782793643787,0,0,0,119.38
1782793643787,1,0,0,114.01
1782793643919,0,0,0,119.38
1782793643919,1,0,0,114.01
1782793644051,0,0,0,119.38
1782793644051,1,0,0,113.99
1782793644184,0,0,0,119.36
1782793644184,1,0,0,113.93
1782793644318,0,5,3,137.16
1782793644318,1,0,0,113.95
1782793644451,0,80,53,176.97
1782793644451,1,0,0,113.97
1782793644582,0,80,53,185.12
1782793644582,1,0,0,113.93
1782793644719,0,30,16,207.74
1782793644719,1,0,0,113.94
1782793644852,0,75,52,240.14
1782793644852,1,0,0,113.95
1782793644983,0,75,52,240.27
1782793644983,1,0,0,114.03
1782793645115,0,3,0,238.41
1782793645115,1,0,0,114.00
1782793645247,0,45,24,261.57
1782793645247,1,0,0,114.05
1782793645382,0,45,24,252.57
1782793645382,1,0,0,114.03
1782793645515,0,24,14,244.79
1782793645515,1,0,0,114.06
1782793645650,0,58,35,258.20
1782793645650,1,0,0,114.03
1782793645786,0,58,35,240.75
1782793645786,1,0,0,114.03
1782793645918,0,17,18,234.74
1782793645918,1,0,0,113.96
1782793646049,0,1,0,252.84
1782793646049,1,0,0,113.96
1782793646186,0,1,0,261.65
1782793646186,1,0,0,113.92
1782793646319,0,74,49,255.32
1782793646319,1,0,0,113.97
1782793646453,0,20,11,262.07
1782793646453,1,0,0,113.95
1782793646588,0,20,11,272.02
1782793646588,1,0,0,113.97
1782793646720,0,75,46,255.16
1782793646720,1,0,0,113.94
1782793646852,0,3,0,246.09
1782793646852,1,0,0,113.97
1782793646985,0,3,0,261.70
1782793646985,1,0,0,113.99
1782793647119,0,45,22,275.03
1782793647119,1,0,0,114.03
1782793647251,0,23,13,255.54
1782793647251,1,0,0,114.05
1782793647384,0,23,13,267.72
1782793647384,1,0,0,114.02
1782793647518,0,59,35,271.65
1782793647518,1,0,0,114.00
1782793647651,0,17,17,239.07
1782793647651,1,0,0,113.97
1782793647784,0,17,17,239.03
1782793647784,1,0,0,113.94
1782793647918,0,2,0,255.48
1782793647918,1,0,0,113.96
1782793648053,0,73,47,252.66
1782793648053,1,0,0,113.99
1782793648185,0,73,47,238.22
1782793648185,1,0,0,113.92
1782793648317,0,13,7,246.85
1782793648317,1,0,0,113.94
1782793648452,0,81,50,249.35
1782793648452,1,0,0,113.95
1782793648583,0,81,50,239.71
1782793648583,1,0,0,113.97
1782793648715,0,0,0,237.36
1782793648715,1,0,0,113.99
1782793648848,0,40,22,258.57
1782793648848,1,0,0,114.00
1782793648982,0,40,22,265.32
1782793648982,1,0,0,113.96
1782793649113,0,66,40,244.37
1782793649113,1,0,0,113.98
1782793649245,0,47,25,272.13
1782793649245,1,0,0,113.97
1782793649379,0,47,25,266.89
1782793649379,1,0,0,113.98
1782793649511,0,46,35,248.06
1782793649511,1,0,0,113.95
1782793649642,0,3,0,264.95
1782793649642,1,0,0,113.99
1782793649776,0,3,0,281.34
1782793649776,1,0,0,114.00
1782793649910,0,71,48,294.52
1782793649910,1,0,0,114.02
1782793650041,0,17,10,291.42
1782793650041,1,0,0,114.01
1782793650175,0,17,10,291.67
1782793650175,1,0,0,114.04
1782793650308,0,69,47,301.96
1782793650308,1,0,0,113.99
1782793650440,0,28,25,292.57
1782793650440,1,0,0,113.98
1782793650572,0,28,25,296.02
1782793650572,1,0,0,113.96
1782793650705,0,10,5,310.01
1782793650705,1,0,0,113.97
1782793650848,0,91,65,308.39
1782793650848,1,0,0,114.00
1782793650980,0,91,65,313.29
1782793650980,1,0,0,114.02
1782793651115,0,54,33,331.52
1782793651115,1,0,0,114.03
1782793651249,0,75,50,319.09
1782793651249,1,0,0,114.01
1782793651383,0,75,50,328.73
1782793651383,1,0,0,114.04
1782793651518,0,74,52,361.04
1782793651518,1,0,0,114.05
1782793651649,0,14,9,347.30
1782793651649,1,0,0,114.11
1782793651782,0,14,9,317.68
1782793651782,1,0,0,114.06
1782793651914,0,0,0,290.08
1782793651914,1,0,0,114.10
1782793652045,0,0,0,249.01
1782793652045,1,0,0,114.05
1782793652179,0,0,0,240.73
1782793652179,1,0,0,114.05
1782793652315,0,69,49,267.02
1782793652315,1,0,0,114.00
1782793652447,0,46,37,222.78
1782793652447,1,0,0,114.03
1782793652579,0,46,37,211.53
1782793652579,1,0,0,113.96
1782793652714,0,9,5,239.12
1782793652714,1,0,0,114.02
1782793652848,0,92,65,300.44
1782793652848,1,0,0,113.95
1782793652982,0,92,65,316.41
1782793652982,1,0,0,113.99
1782793653115,0,58,34,347.75
1782793653115,1,0,0,113.95
1782793653248,0,62,41,333.11
1782793653248,1,0,0,113.99
1782793653381,0,62,41,342.18
1782793653381,1,0,0,113.96
1782793653515,0,79,58,376.71
1782793653515,1,0,0,114.04
1782793653650,0,38,24,394.77
1782793653650,1,0,0,113.99
1782793653784,0,38,24,399.39
1782793653784,1,0,0,113.98
1782793653916,0,92,63,386.15
1782793653916,1,0,0,113.97
1782793654048,0,3,0,335.44
1782793654048,1,0,0,113.96
1782793654181,0,3,0,331.26
1782793654181,1,0,0,113.90
1782793654316,0,52,27,340.02
1782793654316,1,0,0,113.94
1782793654449,0,69,45,308.08
1782793654449,1,0,0,113.95
1782793654582,0,69,45,317.32
1782793654582,1,0,0,113.94
1782793654716,0,58,36,320.48
1782793654716,1,0,0,113.94
1782793654850,0,65,50,294.38
1782793654850,1,0,0,113.94
1782793654982,0,65,50,297.71
1782793654982,1,0,0,113.93
1782793655115,0,3,0,304.45
1782793655115,1,0,0,113.95
1782793655248,0,67,41,307.37
1782793655248,1,0,0,114.00
1782793655381,0,67,41,280.53
1782793655381,1,0,0,113.99
1782793655514,0,8,4,294.34
1782793655514,1,0,0,114.04
1782793655649,0,89,57,287.19
1782793655649,1,0,0,114.01
1782793655781,0,89,57,258.78
1782793655781,1,0,0,114.02
1782793655913,0,0,0,255.42
1782793655913,1,0,0,114.00
1782793656046,0,41,21,288.80
1782793656046,1,0,0,114.05
1782793656180,0,41,21,284.77
1782793656180,1,0,0,113.96
1782793656312,0,45,26,259.44
1782793656312,1,0,0,114.00
1782793656448,0,57,33,281.36
1782793656448,1,0,0,113.97
1782793656585,0,57,33,266.95
1782793656585,1,0,0,113.98
1782793656717,0,18,18,243.56
1782793656717,1,0,0,113.97
1782793656849,0,5,3,260.25
1782793656849,1,0,0,113.99
1782793656986,0,5,3,273.40
1782793656986,1,0,0,113.95
1782793657117,0,82,53,257.84
1782793657117,1,0,0,114.00
1782793657251,0,36,19,266.05
1782793657251,1,0,0,113.98
1782793657385,0,36,19,277.65
1782793657385,1,0,0,114.01
1782793657518,0,71,50,250.51
1782793657518,1,0,0,113.99
1782793657649,0,3,0,241.79
1782793657649,1,0,0,113.98
1782793657783,0,3,0,258.05
1782793657783,1,0,0,113.94
1782793657918,0,56,33,268.43
1782793657918,1,0,0,113.94
1782793658049,0,7,3,251.19
1782793658049,1,0,0,113.95
1782793658181,0,7,3,262.88
1782793658181,1,0,0,113.99
1782793658315,0,73,48,266.88
1782793658315,1,0,0,113.99
1782793658447,0,0,0,232.08
1782793658447,1,0,0,113.97
1782793658584,0,0,0,232.05
1782793658584,1,0,0,113.96
1782793658718,0,0,0,229.99
1782793658718,1,0,0,113.95
1782793658852,0,0,0,186.91
1782793658852,1,0,0,113.97
1782793658984,0,0,0,180.79
1782793658984,1,0,0,113.93
1782793659118,0,0,0,181.76
1782793659118,1,0,0,113.93
1782793659253,0,70,45,180.07
1782793659253,1,0,0,113.89
1782793659384,0,70,45,185.28
1782793659384,1,0,0,113.89
1782793659516,0,19,10,206.12
1782793659516,1,0,0,113.86
1782793659651,0,73,44,243.76
1782793659651,1,0,0,113.91
1782793659783,0,73,44,241.49
1782793659783,1,0,0,113.91
1782793659915,0,1,0,243.93
1782793659915,1,0,0,113.98
1782793660048,0,43,19,270.03
1782793660048,1,0,0,113.95
1782793660182,0,43,19,264.16
1782793660182,1,0,0,114.04
1782793660315,0,33,19,251.97
1782793660315,1,0,0,114.01
1782793660450,0,62,100,268.53
1782793660450,1,0,0,114.01
1782793660585,0,62,100,249.32
1782793660585,1,0,0,113.98
1782793660717,0,4,4,238.27
1782793660717,1,0,0,114.00
1782793660849,0,3,2,240.96
1782793660849,1,0,0,114.81
1782793660982,0,3,2,225.63
1782793660982,1,16,7,118.43
1782793661114,0,0,0,205.93
1782793661114,1,0,0,118.46
1782793661247,0,0,0,178.89
1782793661247,1,0,0,118.59
1782793661384,0,0,0,163.10
1782793661384,1,12,2,118.98
1782793661517,0,91,14,140.62
1782793661517,1,0,0,119.02
1782793661650,0,0,0,130.23
1782793661650,1,0,0,119.14
1782793661788,0,0,0,129.53
1782793661788,1,0,0,118.31
1782793661941,0,0,0,125.42
1782793661941,1,0,0,115.05
1782793662084,0,0,0,126.15
1782793662084,1,0,0,115.88
1782793662281,0,0,0,126.21
1782793662281,1,51,8,118.03
1782793662424,0,0,0,124.83
1782793662424,1,51,8,118.52
1782793662556,0,28,4,124.87
1782793662556,1,0,0,118.93
1782793662688,0,0,0,125.29
1782793662688,1,0,0,119.72
1782793662820,0,0,0,125.62
1782793662820,1,0,0,120.11
1782793662952,0,0,0,125.87
1782793662952,1,0,0,120.23
1782793663085,0,0,0,125.86
1782793663085,1,0,0,120.25
1782793663217,0,0,0,125.82
1782793663217,1,0,0,119.15
1782793663349,0,0,0,122.99
1782793663349,1,0,0,118.32
1782793663483,0,0,0,118.08
1782793663483,1,0,0,118.31
1782793663618,0,0,0,113.10
1782793663618,1,0,0,118.27
1782793663751,0,0,0,102.62
1782793663751,1,0,0,118.27
1782793663884,0,0,0,98.00
1782793663884,1,0,0,118.24
1782793664021,0,0,0,92.31
1782793664021,1,0,0,115.07
1782793664158,0,0,0,82.73
1782793664158,1,0,0,110.51
1782793664295,0,0,0,77.58
1782793664295,1,0,0,100.98
1782793664431,0,0,0,72.81
1782793664431,1,0,0,96.25
1782793664568,0,0,0,72.62
1782793664568,1,0,0,91.97
1782793664705,0,0,0,72.37
1782793664705,1,0,0,81.86
1782793664842,0,0,0,72.03
1782793664842,1,0,0,77.02
1782793664980,0,0,0,71.86
1782793664980,1,0,0,70.58
1782793665117,0,0,0,71.69
1782793665117,1,0,0,70.35
1782793665254,0,0,0,71.39
1782793665254,1,0,0,70.19
1782793665391,0,0,0,71.25
1782793665391,1,0,0,69.81
1782793665529,0,0,0,71.14
1782793665529,1,0,0,69.64
1782793665665,0,0,0,70.96
1782793665665,1,0,0,69.47
1782793665804,0,0,0,70.88
1782793665804,1,0,0,69.19
1782793665941,0,0,0,70.75
1782793665941,1,0,0,69.07
