+ echo '=== Phase 5: fully-async code-RLVR training, 1 trainer GPU + 1 rollout GPU ==='
=== Phase 5: fully-async code-RLVR training, 1 trainer GPU + 1 rollout GPU ===
+ echo '  Model: DeepSeek-R1-Distill-Qwen-1.5B | Dataset: Eurus-2-RL-Data code (512 prompts)'
  Model: DeepSeek-R1-Distill-Qwen-1.5B | Dataset: Eurus-2-RL-Data code (512 prompts)
+ echo '  Single-turn long CoT + code, max_response_length=16384, temperature=1.0, n=8'
  Single-turn long CoT + code, max_response_length=16384, temperature=1.0, n=8
+ echo '  Reward: in-tree prime_code, LOCAL test execution, streaming on rollouter'
  Reward: in-tree prime_code, LOCAL test execution, streaming on rollouter
+ echo '  staleness_threshold=8, trigger_parameter_sync_step=1'
  staleness_threshold=8, trigger_parameter_sync_step=1
+ nvidia-smi
Tue Aug  4 23:35:38 2026       
+-----------------------------------------------------------------------------------------+
| NVIDIA-SMI 580.126.20             Driver Version: 580.126.20     CUDA Version: 13.0     |
+-----------------------------------------+------------------------+----------------------+
| GPU  Name                 Persistence-M | Bus-Id          Disp.A | Volatile Uncorr. ECC |
| Fan  Temp   Perf          Pwr:Usage/Cap |           Memory-Usage | GPU-Util  Compute M. |
|                                         |                        |               MIG M. |
|=========================================+========================+======================|
|   0  NVIDIA H100 80GB HBM3          Off |   00000000:04:00.0 Off |                    0 |
| N/A   36C    P0             70W /  700W |       0MiB /  81559MiB |      0%      Default |
|                                         |                        |             Disabled |
+-----------------------------------------+------------------------+----------------------+
|   1  NVIDIA H100 80GB HBM3          Off |   00000000:05:00.0 Off |                    0 |
| N/A   35C    P0             69W /  700W |       0MiB /  81559MiB |      0%      Default |
|                                         |                        |             Disabled |
+-----------------------------------------+------------------------+----------------------+

+-----------------------------------------------------------------------------------------+
| Processes:                                                                              |
|  GPU   GI   CI              PID   Type   Process name                        GPU Memory |
|        ID   ID                                                               Usage      |
|=========================================================================================|
|  No running processes found                                                             |
+-----------------------------------------------------------------------------------------+
+ export PYTHONUNBUFFERED=1
+ PYTHONUNBUFFERED=1
+ export HYDRA_FULL_ERROR=1
+ HYDRA_FULL_ERROR=1
+ TOTAL_ROLLOUT_STEPS=65536
+ set +e
+ timeout --signal=INT --kill-after=120 7200 python3 -m verl.experimental.fully_async_policy.fully_async_main data.train_files=/workspace/data/eurus_code/train.parquet data.val_files=/workspace/data/eurus_code/val.parquet data.prompt_key=prompt data.truncation=left data.max_prompt_length=2048 data.max_response_length=16384 data.train_batch_size=0 data.gen_batch_size=1 data.return_raw_chat=True actor_rollout_ref.model.path=/workspace/models/DeepSeek-R1-Distill-Qwen-1.5B actor_rollout_ref.model.use_remove_padding=True actor_rollout_ref.model.enable_gradient_checkpointing=True actor_rollout_ref.hybrid_engine=False actor_rollout_ref.actor.strategy=fsdp actor_rollout_ref.actor.ppo_mini_batch_size=64 actor_rollout_ref.actor.ppo_micro_batch_size_per_gpu=1 actor_rollout_ref.actor.use_kl_loss=False actor_rollout_ref.actor.kl_loss_coef=0.0 actor_rollout_ref.actor.entropy_coeff=0 actor_rollout_ref.actor.grad_clip=1.0 actor_rollout_ref.actor.loss_agg_mode=token-mean actor_rollout_ref.actor.use_dynamic_bsz=True actor_rollout_ref.actor.ppo_max_token_len_per_gpu=32768 actor_rollout_ref.actor.optim.lr=1e-6 actor_rollout_ref.actor.optim.lr_warmup_steps=-1 actor_rollout_ref.actor.fsdp_config.param_offload=False actor_rollout_ref.actor.fsdp_config.optimizer_offload=False actor_rollout_ref.ref.log_prob_use_dynamic_bsz=True actor_rollout_ref.ref.log_prob_max_token_len_per_gpu=32768 actor_rollout_ref.rollout.name=vllm actor_rollout_ref.rollout.mode=async actor_rollout_ref.rollout.n=8 actor_rollout_ref.rollout.calculate_log_probs=True actor_rollout_ref.rollout.checkpoint_engine.backend=nccl actor_rollout_ref.rollout.gpu_memory_utilization=0.8 actor_rollout_ref.rollout.tensor_model_parallel_size=1 actor_rollout_ref.rollout.enable_chunked_prefill=True actor_rollout_ref.rollout.temperature=1.0 actor_rollout_ref.rollout.top_p=1.0 actor_rollout_ref.rollout.top_k=-1 algorithm.adv_estimator=grpo algorithm.use_kl_in_reward=False algorithm.kl_ctrl.kl_coef=0.0 'trainer.logger=['\''console'\'']' trainer.val_before_train=False trainer.save_freq=-1 trainer.resume_mode=disable trainer.nnodes=1 trainer.n_gpus_per_node=1 trainer.total_epochs=10 trainer.test_freq=-1 trainer.project_name=code-rlvr-m0 trainer.experiment_name=r1distill1.5b-euruscode-s8 trainer.default_local_dir=/workspace/results/ckpts rollout.nnodes=1 rollout.n_gpus_per_node=1 rollout.total_rollout_steps=65536 async_training.staleness_threshold=8 async_training.trigger_parameter_sync_step=1
+ tee /workspace/results/train.log
ray init kwargs: {'num_cpus': None, 'runtime_env': {'env_vars': {'TOKENIZERS_PARALLELISM': 'true', 'NCCL_DEBUG': 'WARN', 'VLLM_LOGGING_LEVEL': 'WARN', 'VLLM_ALLOW_RUNTIME_LORA_UPDATING': 'true', 'VLLM_DISABLE_COMPILE_CACHE': '1', 'HCCL_HOST_SOCKET_PORT_RANGE': 'auto', 'HCCL_NPU_SOCKET_PORT_RANGE': 'auto', 'HSA_NO_SCRATCH_RECLAIM': '1', 'PYTHONHASHSEED': '0', 'VERL_FULL_DETERMINISM': '0', 'VLLM_BATCH_INVARIANT': '0', 'VERL_RL_INSIGHT_ENABLE': '0'}, 'working_dir': None}}
2026-08-04 23:35:51,732	INFO worker.py:2003 -- Started a local Ray instance. View the dashboard at [1m[32mhttp://127.0.0.1:8265 [39m[22m
/usr/local/lib/python3.12/dist-packages/ray/_private/worker.py:2051: FutureWarning: Tip: In future versions of Ray, Ray will no longer override accelerator visible devices env var if num_gpus=0 or num_gpus=None (default). To enable this behavior and turn off this error message, set RAY_ACCEL_ENV_VAR_OVERRIDE_ON_ZERO=0
  warnings.warn(
[36m(pid=5484)[0m WARNING:2026-08-04 23:35:58,337:Platform 'nvidia' (PlatformCUDA) is registered but not available. This may be due to this ray actor being a CPU-only actor.
[36m(pid=5484)[0m W0804 23:35:59.078000 5484 torch/utils/cpp_extension.py:140] No CUDA runtime is found, using CUDA_HOME='/usr/local/cuda'
[36m(FullyAsyncTaskRunner pid=5484)[0m [ASYNC MAIN] Starting fully async PPO training...
[36m(FullyAsyncTaskRunner pid=5484)[0m [ASYNC MAIN] TaskRunner hostname: code-rlvr-m0-pxctd, PID: 5484
[36m(FullyAsyncTaskRunner pid=5484)[0m {'actor_rollout_ref': {'actor': {'_target_': 'verl.workers.config.FSDPActorConfig',
[36m(FullyAsyncTaskRunner pid=5484)[0m                                  'calculate_entropy': False,
[36m(FullyAsyncTaskRunner pid=5484)[0m                                  'calculate_sum_pi_squared': False,
[36m(FullyAsyncTaskRunner pid=5484)[0m                                  'checkpoint': {'_target_': 'verl.trainer.config.CheckpointConfig',
[36m(FullyAsyncTaskRunner pid=5484)[0m                                                 'async_save': False,
[36m(FullyAsyncTaskRunner pid=5484)[0m                                                 'load_contents': ['model',
[36m(FullyAsyncTaskRunner pid=5484)[0m                                                                   'optimizer',
[36m(FullyAsyncTaskRunner pid=5484)[0m                                                                   'extra'],
[36m(FullyAsyncTaskRunner pid=5484)[0m                                                 'save_contents': ['model',
[36m(FullyAsyncTaskRunner pid=5484)[0m                                                                   'optimizer',
[36m(FullyAsyncTaskRunner pid=5484)[0m                                                                   'extra'],
[36m(FullyAsyncTaskRunner pid=5484)[0m                                                 'strict': True},
[36m(FullyAsyncTaskRunner pid=5484)[0m                                  'clip_ratio': 0.2,
[36m(FullyAsyncTaskRunner pid=5484)[0m                                  'clip_ratio_c': 3.0,
[36m(FullyAsyncTaskRunner pid=5484)[0m                                  'clip_ratio_high': 0.2,
[36m(FullyAsyncTaskRunner pid=5484)[0m                                  'clip_ratio_low': 0.2,
[36m(FullyAsyncTaskRunner pid=5484)[0m                                  'data_loader_seed': 42,
[36m(FullyAsyncTaskRunner pid=5484)[0m                                  'entropy_checkpointing': False,
[36m(FullyAsyncTaskRunner pid=5484)[0m                                  'entropy_coeff': 0,
[36m(FullyAsyncTaskRunner pid=5484)[0m                                  'entropy_from_logits_chunk_size': 2048,
[36m(FullyAsyncTaskRunner pid=5484)[0m                                  'entropy_from_logits_with_chunking': False,
[36m(FullyAsyncTaskRunner pid=5484)[0m                                  'freeze_vision_tower': False,
[36m(FullyAsyncTaskRunner pid=5484)[0m                                  'fsdp_config': {'_target_': 'verl.workers.config.FSDPEngineConfig',
[36m(FullyAsyncTaskRunner pid=5484)[0m                                                  'dtype': 'bfloat16',
[36m(FullyAsyncTaskRunner pid=5484)[0m                                                  'entropy_checkpointing': False,
[36m(FullyAsyncTaskRunner pid=5484)[0m                                                  'entropy_from_logits_chunk_size': 2048,
[36m(FullyAsyncTaskRunner pid=5484)[0m                                                  'entropy_from_logits_with_chunking': False,
[36m(FullyAsyncTaskRunner pid=5484)[0m                                                  'forward_only': False,
[36m(FullyAsyncTaskRunner pid=5484)[0m                                                  'forward_prefetch': False,
[36m(FullyAsyncTaskRunner pid=5484)[0m                                                  'fsdp_size': -1,
[36m(FullyAsyncTaskRunner pid=5484)[0m                                                  'full_determinism': False,
[36m(FullyAsyncTaskRunner pid=5484)[0m                                                  'model_dtype': 'fp32',
[36m(FullyAsyncTaskRunner pid=5484)[0m                                                  'offload_policy': False,
[36m(FullyAsyncTaskRunner pid=5484)[0m                                                  'optimizer_offload': False,
[36m(FullyAsyncTaskRunner pid=5484)[0m                                                  'param_offload': False,
[36m(FullyAsyncTaskRunner pid=5484)[0m                                                  'qat': {'_target_': 'verl.workers.config.QATEngineConfig',
[36m(FullyAsyncTaskRunner pid=5484)[0m                                                          'activation_observer': 'static_minmax',
[36m(FullyAsyncTaskRunner pid=5484)[0m                                                          'enable': False,
[36m(FullyAsyncTaskRunner pid=5484)[0m                                                          'group_size': 16,
[36m(FullyAsyncTaskRunner pid=5484)[0m                                                          'ignore_patterns': ['lm_head',
[36m(FullyAsyncTaskRunner pid=5484)[0m                                                                              'embed_tokens',
[36m(FullyAsyncTaskRunner pid=5484)[0m                                                                              're:.*mlp.gate$'],
[36m(FullyAsyncTaskRunner pid=5484)[0m                                                          'mode': 'w4a16',
[36m(FullyAsyncTaskRunner pid=5484)[0m                                                          'quantization_config_path': None},
[36m(FullyAsyncTaskRunner pid=5484)[0m                                                  'reshard_after_forward': True,
[36m(FullyAsyncTaskRunner pid=5484)[0m                                                  'seed': 42,
[36m(FullyAsyncTaskRunner pid=5484)[0m                                                  'strategy': 'fsdp',
[36m(FullyAsyncTaskRunner pid=5484)[0m                                                  'ulysses_sequence_parallel_size': 1,
[36m(FullyAsyncTaskRunner pid=5484)[0m                                                  'use_orig_params': False,
[36m(FullyAsyncTaskRunner pid=5484)[0m                                                  'use_torch_compile': True,
[36m(FullyAsyncTaskRunner pid=5484)[0m                                                  'wrap_policy': {'min_num_params': 0}},
[36m(FullyAsyncTaskRunner pid=5484)[0m                                  'grad_clip': 1.0,
[36m(FullyAsyncTaskRunner pid=5484)[0m                                  'kl_loss_coef': 0.0,
[36m(FullyAsyncTaskRunner pid=5484)[0m                                  'kl_loss_type': 'low_var_kl',
[36m(FullyAsyncTaskRunner pid=5484)[0m                                  'loss_agg_mode': 'token-mean',
[36m(FullyAsyncTaskRunner pid=5484)[0m                                  'loss_scale_factor': None,
[36m(FullyAsyncTaskRunner pid=5484)[0m                                  'optim': {'_target_': 'verl.workers.config.FSDPOptimizerConfig',
[36m(FullyAsyncTaskRunner pid=5484)[0m                                            'betas': [0.9, 0.999],
[36m(FullyAsyncTaskRunner pid=5484)[0m                                            'clip_grad': 1.0,
[36m(FullyAsyncTaskRunner pid=5484)[0m                                            'lr': 1e-06,
[36m(FullyAsyncTaskRunner pid=5484)[0m                                            'lr_scheduler_type': 'constant',
[36m(FullyAsyncTaskRunner pid=5484)[0m                                            'lr_warmup_steps': -1,
[36m(FullyAsyncTaskRunner pid=5484)[0m                                            'lr_warmup_steps_ratio': 0.0,
[36m(FullyAsyncTaskRunner pid=5484)[0m                                            'min_lr_ratio': 0.0,
[36m(FullyAsyncTaskRunner pid=5484)[0m                                            'num_cycles': 0.5,
[36m(FullyAsyncTaskRunner pid=5484)[0m                                            'optimizer': 'AdamW',
[36m(FullyAsyncTaskRunner pid=5484)[0m                                            'optimizer_impl': 'torch.optim',
[36m(FullyAsyncTaskRunner pid=5484)[0m                                            'override_optimizer_config': None,
[36m(FullyAsyncTaskRunner pid=5484)[0m                                            'total_training_steps': -1,
[36m(FullyAsyncTaskRunner pid=5484)[0m                                            'warmup_style': None,
[36m(FullyAsyncTaskRunner pid=5484)[0m                                            'weight_decay': 0.01,
[36m(FullyAsyncTaskRunner pid=5484)[0m                                            'zero_indexed_step': True},
[36m(FullyAsyncTaskRunner pid=5484)[0m                                  'policy_loss': {'_target_': 'verl.workers.config.PolicyLossConfig',
[36m(FullyAsyncTaskRunner pid=5484)[0m                                                  'clip_cov_lb': 1.0,
[36m(FullyAsyncTaskRunner pid=5484)[0m                                                  'clip_cov_ratio': 0.0002,
[36m(FullyAsyncTaskRunner pid=5484)[0m                                                  'clip_cov_ub': 5.0,
[36m(FullyAsyncTaskRunner pid=5484)[0m                                                  'kl_cov_ratio': 0.0002,
[36m(FullyAsyncTaskRunner pid=5484)[0m                                                  'loss_mode': 'vanilla',
[36m(FullyAsyncTaskRunner pid=5484)[0m                                                  'ppo_kl_coef': 0.1},
[36m(FullyAsyncTaskRunner pid=5484)[0m                                  'ppo_epochs': 1,
[36m(FullyAsyncTaskRunner pid=5484)[0m                                  'ppo_max_token_len_per_gpu': 32768,
[36m(FullyAsyncTaskRunner pid=5484)[0m                                  'ppo_micro_batch_size': None,
[36m(FullyAsyncTaskRunner pid=5484)[0m                                  'ppo_micro_batch_size_per_gpu': 1,
[36m(FullyAsyncTaskRunner pid=5484)[0m                                  'ppo_mini_batch_size': 64,
[36m(FullyAsyncTaskRunner pid=5484)[0m                                  'profiler': {'_target_': 'verl.utils.profiler.ProfilerConfig',
[36m(FullyAsyncTaskRunner pid=5484)[0m                                               'all_ranks': False,
[36m(FullyAsyncTaskRunner pid=5484)[0m                                               'enable': False,
[36m(FullyAsyncTaskRunner pid=5484)[0m                                               'ranks': [],
[36m(FullyAsyncTaskRunner pid=5484)[0m                                               'save_path': 'outputs/profile',
[36m(FullyAsyncTaskRunner pid=5484)[0m                                               'tool': None,
[36m(FullyAsyncTaskRunner pid=5484)[0m                                               'tool_config': {'npu': {'_target_': 'verl.utils.profiler.config.NPUToolConfig',
[36m(FullyAsyncTaskRunner pid=5484)[0m                                                                       'analysis': True,
[36m(FullyAsyncTaskRunner pid=5484)[0m                                                                       'contents': [],
[36m(FullyAsyncTaskRunner pid=5484)[0m                                                                       'discrete': False,
[36m(FullyAsyncTaskRunner pid=5484)[0m                                                                       'level': 'level0'},
[36m(FullyAsyncTaskRunner pid=5484)[0m                                                               'nsys': {'_target_': 'verl.utils.profiler.config.NsightToolConfig',
[36m(FullyAsyncTaskRunner pid=5484)[0m                                                                        'discrete': False},
[36m(FullyAsyncTaskRunner pid=5484)[0m                                                               'precision_debugger': {'_target_': 'verl.utils.profiler.config.PrecisionDebuggerToolConfig',
[36m(FullyAsyncTaskRunner pid=5484)[0m                                                                                      'config_path': None,
[36m(FullyAsyncTaskRunner pid=5484)[0m                                                                                      'stages': None,
[36m(FullyAsyncTaskRunner pid=5484)[0m                                                                                      'steps': None,
[36m(FullyAsyncTaskRunner pid=5484)[0m                                                                                      'strict': False},
[36m(FullyAsyncTaskRunner pid=5484)[0m                                                               'torch': {'_target_': 'verl.utils.profiler.config.TorchProfilerToolConfig',
[36m(FullyAsyncTaskRunner pid=5484)[0m                                                                         'contents': [],
[36m(FullyAsyncTaskRunner pid=5484)[0m                                                                         'discrete': False,
[36m(FullyAsyncTaskRunner pid=5484)[0m                                                                         'schedule': {'_target_': 'verl.utils.profiler.config.TorchProfilerScheduleConfig',
[36m(FullyAsyncTaskRunner pid=5484)[0m                                                                                      'active': 0,
[36m(FullyAsyncTaskRunner pid=5484)[0m                                                                                      'repeat': 0,
[36m(FullyAsyncTaskRunner pid=5484)[0m                                                                                      'skip_first': 0,
[36m(FullyAsyncTaskRunner pid=5484)[0m                                                                                      'wait': 0,
[36m(FullyAsyncTaskRunner pid=5484)[0m                                                                                      'warmup': 0}},
[36m(FullyAsyncTaskRunner pid=5484)[0m                                                               'torch_memory': {'_target_': 'verl.utils.profiler.config.TorchMemoryToolConfig',
[36m(FullyAsyncTaskRunner pid=5484)[0m                                                                                'stack_depth': 32,
[36m(FullyAsyncTaskRunner pid=5484)[0m                                                                                'trace_alloc_max_entries': 100000}}},
[36m(FullyAsyncTaskRunner pid=5484)[0m                                  'qat': {'activation_observer': 'static_minmax',
[36m(FullyAsyncTaskRunner pid=5484)[0m                                          'enable': False,
[36m(FullyAsyncTaskRunner pid=5484)[0m                                          'group_size': 16,
[36m(FullyAsyncTaskRunner pid=5484)[0m                                          'ignore_patterns': ['lm_head',
[36m(FullyAsyncTaskRunner pid=5484)[0m                                                              'embed_tokens',
[36m(FullyAsyncTaskRunner pid=5484)[0m                                                              're:.*mlp.gate$'],
[36m(FullyAsyncTaskRunner pid=5484)[0m                                          'mode': 'w4a16',
[36m(FullyAsyncTaskRunner pid=5484)[0m                                          'quantization_config_path': None},
[36m(FullyAsyncTaskRunner pid=5484)[0m                                  'rollout_n': 8,
[36m(FullyAsyncTaskRunner pid=5484)[0m                                  'router_replay': {'_target_': 'verl.workers.config.RouterReplayConfig',
[36m(FullyAsyncTaskRunner pid=5484)[0m                                                    'mode': 'disabled',
[36m(FullyAsyncTaskRunner pid=5484)[0m                                                    'record_file': None,
[36m(FullyAsyncTaskRunner pid=5484)[0m                                                    'replay_file': None},
[36m(FullyAsyncTaskRunner pid=5484)[0m                                  'shuffle': False,
[36m(FullyAsyncTaskRunner pid=5484)[0m                                  'strategy': 'fsdp',
[36m(FullyAsyncTaskRunner pid=5484)[0m                                  'tau_neg': 1.05,
[36m(FullyAsyncTaskRunner pid=5484)[0m                                  'tau_pos': 1.0,
[36m(FullyAsyncTaskRunner pid=5484)[0m                                  'ulysses_sequence_parallel_size': 1,
[36m(FullyAsyncTaskRunner pid=5484)[0m                                  'use_dynamic_bsz': True,
[36m(FullyAsyncTaskRunner pid=5484)[0m                                  'use_fused_kernels': False,
[36m(FullyAsyncTaskRunner pid=5484)[0m                                  'use_kl_loss': False,
[36m(FullyAsyncTaskRunner pid=5484)[0m                                  'use_prefix_grouper': False,
[36m(FullyAsyncTaskRunner pid=5484)[0m                                  'use_remove_padding': True,
[36m(FullyAsyncTaskRunner pid=5484)[0m                                  'use_rollout_log_probs': True,
[36m(FullyAsyncTaskRunner pid=5484)[0m                                  'use_torch_compile': True},
[36m(FullyAsyncTaskRunner pid=5484)[0m                        'hybrid_engine': False,
[36m(FullyAsyncTaskRunner pid=5484)[0m                        'model': {'_target_': 'verl.workers.config.HFModelConfig',
[36m(FullyAsyncTaskRunner pid=5484)[0m                                  'custom_chat_template': None,
[36m(FullyAsyncTaskRunner pid=5484)[0m                                  'enable_activation_offload': False,
[36m(FullyAsyncTaskRunner pid=5484)[0m                                  'enable_gradient_checkpointing': True,
[36m(FullyAsyncTaskRunner pid=5484)[0m                                  'exclude_modules': None,
[36m(FullyAsyncTaskRunner pid=5484)[0m                                  'external_lib': None,
[36m(FullyAsyncTaskRunner pid=5484)[0m                                  'fused_kernel_options': {'impl_backend': 'torch'},
[36m(FullyAsyncTaskRunner pid=5484)[0m                                  'hf_config_path': None,
[36m(FullyAsyncTaskRunner pid=5484)[0m                                  'lora': {'a2a_experimental': False,
[36m(FullyAsyncTaskRunner pid=5484)[0m                                           'adapter_path': None,
[36m(FullyAsyncTaskRunner pid=5484)[0m                                           'alpha': 32,
[36m(FullyAsyncTaskRunner pid=5484)[0m                                           'dropout': 0.0,
[36m(FullyAsyncTaskRunner pid=5484)[0m                                           'dropout_position': 'pre',
[36m(FullyAsyncTaskRunner pid=5484)[0m                                           'dtype': None,
[36m(FullyAsyncTaskRunner pid=5484)[0m                                           'exclude_modules': [],
[36m(FullyAsyncTaskRunner pid=5484)[0m                                           'freeze_language_model': True,
[36m(FullyAsyncTaskRunner pid=5484)[0m                                           'freeze_vision_model': True,
[36m(FullyAsyncTaskRunner pid=5484)[0m                                           'freeze_vision_projection': True,
[36m(FullyAsyncTaskRunner pid=5484)[0m                                           'lora_A_init_method': 'xavier',
[36m(FullyAsyncTaskRunner pid=5484)[0m                                           'lora_B_init_method': 'zero',
[36m(FullyAsyncTaskRunner pid=5484)[0m                                           'merge': False,
[36m(FullyAsyncTaskRunner pid=5484)[0m                                           'rank': 0,
[36m(FullyAsyncTaskRunner pid=5484)[0m                                           'target_modules': ['linear_qkv',
[36m(FullyAsyncTaskRunner pid=5484)[0m                                                              'linear_proj',
[36m(FullyAsyncTaskRunner pid=5484)[0m                                                              'linear_fc1',
[36m(FullyAsyncTaskRunner pid=5484)[0m                                                              'linear_fc2'],
[36m(FullyAsyncTaskRunner pid=5484)[0m                                           'type': 'lora'},
[36m(FullyAsyncTaskRunner pid=5484)[0m                                  'lora_adapter_path': None,
[36m(FullyAsyncTaskRunner pid=5484)[0m                                  'lora_alpha': 16,
[36m(FullyAsyncTaskRunner pid=5484)[0m                                  'lora_rank': 0,
[36m(FullyAsyncTaskRunner pid=5484)[0m                                  'mtp': {'_target_': 'verl.workers.config.MtpConfig',
[36m(FullyAsyncTaskRunner pid=5484)[0m                                          'detach_encoder': False,
[36m(FullyAsyncTaskRunner pid=5484)[0m                                          'enable': False,
[36m(FullyAsyncTaskRunner pid=5484)[0m                                          'enable_rollout': False,
[36m(FullyAsyncTaskRunner pid=5484)[0m                                          'enable_train': False,
[36m(FullyAsyncTaskRunner pid=5484)[0m                                          'method': 'mtp',
[36m(FullyAsyncTaskRunner pid=5484)[0m                                          'mtp_loss_scaling_factor': 0.1,
[36m(FullyAsyncTaskRunner pid=5484)[0m                                          'num_speculative_tokens': 1,
[36m(FullyAsyncTaskRunner pid=5484)[0m                                          'speculative_algorithm': 'EAGLE',
[36m(FullyAsyncTaskRunner pid=5484)[0m                                          'speculative_eagle_topk': 1,
[36m(FullyAsyncTaskRunner pid=5484)[0m                                          'speculative_num_draft_tokens': 4,
[36m(FullyAsyncTaskRunner pid=5484)[0m                                          'speculative_num_steps': 3},
[36m(FullyAsyncTaskRunner pid=5484)[0m                                  'override_config': {},
[36m(FullyAsyncTaskRunner pid=5484)[0m                                  'path': '/workspace/models/DeepSeek-R1-Distill-Qwen-1.5B',
[36m(FullyAsyncTaskRunner pid=5484)[0m                                  'target_modules': 'all-linear',
[36m(FullyAsyncTaskRunner pid=5484)[0m                                  'tiled_mlp': {'enabled': False,
[36m(FullyAsyncTaskRunner pid=5484)[0m                                                'num_shards': 4},
[36m(FullyAsyncTaskRunner pid=5484)[0m                                  'tokenizer_path': None,
[36m(FullyAsyncTaskRunner pid=5484)[0m                                  'trust_remote_code': False,
[36m(FullyAsyncTaskRunner pid=5484)[0m                                  'use_fused_kernels': False,
[36m(FullyAsyncTaskRunner pid=5484)[0m                                  'use_liger': False,
[36m(FullyAsyncTaskRunner pid=5484)[0m                                  'use_remove_padding': True,
[36m(FullyAsyncTaskRunner pid=5484)[0m                                  'use_shm': False},
[36m(FullyAsyncTaskRunner pid=5484)[0m                        'nccl_timeout': 600,
[36m(FullyAsyncTaskRunner pid=5484)[0m                        'ref': {'_target_': 'verl.workers.config.FSDPActorConfig',
[36m(FullyAsyncTaskRunner pid=5484)[0m                                'entropy_checkpointing': False,
[36m(FullyAsyncTaskRunner pid=5484)[0m                                'entropy_from_logits_chunk_size': 2048,
[36m(FullyAsyncTaskRunner pid=5484)[0m                                'entropy_from_logits_with_chunking': False,
[36m(FullyAsyncTaskRunner pid=5484)[0m                                'fsdp_config': {'_target_': 'verl.workers.config.FSDPEngineConfig',
[36m(FullyAsyncTaskRunner pid=5484)[0m                                                'dtype': 'bfloat16',
[36m(FullyAsyncTaskRunner pid=5484)[0m                                                'entropy_checkpointing': False,
[36m(FullyAsyncTaskRunner pid=5484)[0m                                                'entropy_from_logits_chunk_size': 2048,
[36m(FullyAsyncTaskRunner pid=5484)[0m                                                'entropy_from_logits_with_chunking': False,
[36m(FullyAsyncTaskRunner pid=5484)[0m                                                'forward_only': True,
[36m(FullyAsyncTaskRunner pid=5484)[0m                                                'forward_prefetch': False,
[36m(FullyAsyncTaskRunner pid=5484)[0m                                                'fsdp_size': -1,
[36m(FullyAsyncTaskRunner pid=5484)[0m                                                'full_determinism': False,
[36m(FullyAsyncTaskRunner pid=5484)[0m                                                'model_dtype': 'fp32',
[36m(FullyAsyncTaskRunner pid=5484)[0m                                                'offload_policy': False,
[36m(FullyAsyncTaskRunner pid=5484)[0m                                                'optimizer_offload': False,
[36m(FullyAsyncTaskRunner pid=5484)[0m                                                'param_offload': False,
[36m(FullyAsyncTaskRunner pid=5484)[0m                                                'qat': {'_target_': 'verl.workers.config.QATEngineConfig',
[36m(FullyAsyncTaskRunner pid=5484)[0m                                                        'activation_observer': 'static_minmax',
[36m(FullyAsyncTaskRunner pid=5484)[0m                                                        'enable': False,
[36m(FullyAsyncTaskRunner pid=5484)[0m                                                        'group_size': 16,
[36m(FullyAsyncTaskRunner pid=5484)[0m                                                        'ignore_patterns': ['lm_head',
[36m(FullyAsyncTaskRunner pid=5484)[0m                                                                            'embed_tokens',
[36m(FullyAsyncTaskRunner pid=5484)[0m                                                                            're:.*mlp.gate$'],
[36m(FullyAsyncTaskRunner pid=5484)[0m                                                        'mode': 'w4a16',
[36m(FullyAsyncTaskRunner pid=5484)[0m                                                        'quantization_config_path': None},
[36m(FullyAsyncTaskRunner pid=5484)[0m                                                'reshard_after_forward': True,
[36m(FullyAsyncTaskRunner pid=5484)[0m                                                'seed': 42,
[36m(FullyAsyncTaskRunner pid=5484)[0m                                                'strategy': 'fsdp',
[36m(FullyAsyncTaskRunner pid=5484)[0m                                                'ulysses_sequence_parallel_size': 1,
[36m(FullyAsyncTaskRunner pid=5484)[0m                                                'use_orig_params': False,
[36m(FullyAsyncTaskRunner pid=5484)[0m                                                'use_torch_compile': True,
[36m(FullyAsyncTaskRunner pid=5484)[0m                                                'wrap_policy': {'min_num_params': 0}},
[36m(FullyAsyncTaskRunner pid=5484)[0m                                'log_prob_max_token_len_per_gpu': 32768,
[36m(FullyAsyncTaskRunner pid=5484)[0m                                'log_prob_micro_batch_size': None,
[36m(FullyAsyncTaskRunner pid=5484)[0m                                'log_prob_micro_batch_size_per_gpu': None,
[36m(FullyAsyncTaskRunner pid=5484)[0m                                'log_prob_use_dynamic_bsz': True,
[36m(FullyAsyncTaskRunner pid=5484)[0m                                'profiler': {'_target_': 'verl.utils.profiler.ProfilerConfig',
[36m(FullyAsyncTaskRunner pid=5484)[0m                                             'all_ranks': False,
[36m(FullyAsyncTaskRunner pid=5484)[0m                                             'enable': False,
[36m(FullyAsyncTaskRunner pid=5484)[0m                                             'ranks': [],
[36m(FullyAsyncTaskRunner pid=5484)[0m                                             'save_path': 'outputs/profile',
[36m(FullyAsyncTaskRunner pid=5484)[0m                                             'tool': None,
[36m(FullyAsyncTaskRunner pid=5484)[0m                                             'tool_config': {'npu': {'_target_': 'verl.utils.profiler.config.NPUToolConfig',
[36m(FullyAsyncTaskRunner pid=5484)[0m                                                                     'analysis': True,
[36m(FullyAsyncTaskRunner pid=5484)[0m                                                                     'contents': [],
[36m(FullyAsyncTaskRunner pid=5484)[0m                                                                     'discrete': False,
[36m(FullyAsyncTaskRunner pid=5484)[0m                                                                     'level': 'level0'},
[36m(FullyAsyncTaskRunner pid=5484)[0m                                                             'nsys': {'_target_': 'verl.utils.profiler.config.NsightToolConfig',
[36m(FullyAsyncTaskRunner pid=5484)[0m                                                                      'discrete': False},
[36m(FullyAsyncTaskRunner pid=5484)[0m                                                             'precision_debugger': {'_target_': 'verl.utils.profiler.config.PrecisionDebuggerToolConfig',
[36m(FullyAsyncTaskRunner pid=5484)[0m                                                                                    'config_path': None,
[36m(FullyAsyncTaskRunner pid=5484)[0m                                                                                    'stages': None,
[36m(FullyAsyncTaskRunner pid=5484)[0m                                                                                    'steps': None,
[36m(FullyAsyncTaskRunner pid=5484)[0m                                                                                    'strict': False},
[36m(FullyAsyncTaskRunner pid=5484)[0m                                                             'torch': {'_target_': 'verl.utils.profiler.config.TorchProfilerToolConfig',
[36m(FullyAsyncTaskRunner pid=5484)[0m                                                                       'contents': [],
[36m(FullyAsyncTaskRunner pid=5484)[0m                                                                       'discrete': False,
[36m(FullyAsyncTaskRunner pid=5484)[0m                                                                       'schedule': {'_target_': 'verl.utils.profiler.config.TorchProfilerScheduleConfig',
[36m(FullyAsyncTaskRunner pid=5484)[0m                                                                                    'active': 0,
[36m(FullyAsyncTaskRunner pid=5484)[0m                                                                                    'repeat': 0,
[36m(FullyAsyncTaskRunner pid=5484)[0m                                                                                    'skip_first': 0,
[36m(FullyAsyncTaskRunner pid=5484)[0m                                                                                    'wait': 0,
[36m(FullyAsyncTaskRunner pid=5484)[0m                                                                                    'warmup': 0}},
[36m(FullyAsyncTaskRunner pid=5484)[0m                                                             'torch_memory': {'_target_': 'verl.utils.profiler.config.TorchMemoryToolConfig',
[36m(FullyAsyncTaskRunner pid=5484)[0m                                                                              'stack_depth': 32,
[36m(FullyAsyncTaskRunner pid=5484)[0m                                                                              'trace_alloc_max_entries': 100000}}},
[36m(FullyAsyncTaskRunner pid=5484)[0m                                'rollout_n': 8,
[36m(FullyAsyncTaskRunner pid=5484)[0m                                'router_replay': {'_target_': 'verl.workers.config.RouterReplayConfig',
[36m(FullyAsyncTaskRunner pid=5484)[0m                                                  'mode': 'disabled',
[36m(FullyAsyncTaskRunner pid=5484)[0m                                                  'record_file': None,
[36m(FullyAsyncTaskRunner pid=5484)[0m                                                  'replay_file': None},
[36m(FullyAsyncTaskRunner pid=5484)[0m                                'strategy': 'fsdp',
[36m(FullyAsyncTaskRunner pid=5484)[0m                                'ulysses_sequence_parallel_size': 1,
[36m(FullyAsyncTaskRunner pid=5484)[0m                                'use_torch_compile': True},
[36m(FullyAsyncTaskRunner pid=5484)[0m                        'rollout': {'_target_': 'verl.workers.config.RolloutConfig',
[36m(FullyAsyncTaskRunner pid=5484)[0m                                    'agent': {'_target_': 'verl.workers.config.AgentLoopConfig',
[36m(FullyAsyncTaskRunner pid=5484)[0m                                              'agent_loop_config_path': None,
[36m(FullyAsyncTaskRunner pid=5484)[0m                                              'custom_async_server': {'_target_': 'verl.workers.config.CustomAsyncServerConfig',
[36m(FullyAsyncTaskRunner pid=5484)[0m                                                                      'name': None,
[36m(FullyAsyncTaskRunner pid=5484)[0m                                                                      'path': None},
[36m(FullyAsyncTaskRunner pid=5484)[0m                                              'default_agent_loop': 'single_turn_agent',
[36m(FullyAsyncTaskRunner pid=5484)[0m                                              'num_workers': 8},
[36m(FullyAsyncTaskRunner pid=5484)[0m                                    'calculate_log_probs': True,
[36m(FullyAsyncTaskRunner pid=5484)[0m                                    'checkpoint_engine': {'_target_': 'verl.workers.config.CheckpointEngineConfig',
[36m(FullyAsyncTaskRunner pid=5484)[0m                                                          'backend': 'nccl',
[36m(FullyAsyncTaskRunner pid=5484)[0m                                                          'custom_backend_module': None,
[36m(FullyAsyncTaskRunner pid=5484)[0m                                                          'engine_kwargs': {},
[36m(FullyAsyncTaskRunner pid=5484)[0m                                                          'update_weights_bucket_megabytes': 2048},
[36m(FullyAsyncTaskRunner pid=5484)[0m                                    'cudagraph_capture_sizes': None,
[36m(FullyAsyncTaskRunner pid=5484)[0m                                    'data_parallel_size': 1,
[36m(FullyAsyncTaskRunner pid=5484)[0m                                    'disable_log_stats': True,
[36m(FullyAsyncTaskRunner pid=5484)[0m                                    'disaggregation': {'bootstrap_port': None,
[36m(FullyAsyncTaskRunner pid=5484)[0m                                                       'decode_replicas': 1,
[36m(FullyAsyncTaskRunner pid=5484)[0m                                                       'decode_tensor_model_parallel_size': 
[36m(FullyAsyncTaskRunner pid=5484)[0m None,
[36m(FullyAsyncTaskRunner pid=5484)[0m                                                       'enabled': False,
[36m(FullyAsyncTaskRunner pid=5484)[0m                                                       'ib_device': None,
[36m(FullyAsyncTaskRunner pid=5484)[0m                                                       'prefill_replicas': 1,
[36m(FullyAsyncTaskRunner pid=5484)[0m                                                       'transfer_backend': 'nixl'},
[36m(FullyAsyncTaskRunner pid=5484)[0m                                    'do_sample': True,
[36m(FullyAsyncTaskRunner pid=5484)[0m                                    'dtype': 'bfloat16',
[36m(FullyAsyncTaskRunner pid=5484)[0m                                    'enable_chunked_prefill': True,
[36m(FullyAsyncTaskRunner pid=5484)[0m                                    'enable_prefix_caching': True,
[36m(FullyAsyncTaskRunner pid=5484)[0m                                    'enable_rollout_routing_replay': False,
[36m(FullyAsyncTaskRunner pid=5484)[0m                                    'enforce_eager': False,
[36m(FullyAsyncTaskRunner pid=5484)[0m                                    'engine_kwargs': {'sglang': {},
[36m(FullyAsyncTaskRunner pid=5484)[0m                                                      'trtllm': {},
[36m(FullyAsyncTaskRunner pid=5484)[0m                                                      'vllm': {}},
[36m(FullyAsyncTaskRunner pid=5484)[0m                                    'expert_parallel_size': 1,
[36m(FullyAsyncTaskRunner pid=5484)[0m                                    'free_cache_engine': True,
[36m(FullyAsyncTaskRunner pid=5484)[0m                                    'full_determinism': False,
[36m(FullyAsyncTaskRunner pid=5484)[0m                                    'gpu_memory_utilization': 0.8,
[36m(FullyAsyncTaskRunner pid=5484)[0m                                    'ignore_eos': False,
[36m(FullyAsyncTaskRunner pid=5484)[0m                                    'layered_summon': False,
[36m(FullyAsyncTaskRunner pid=5484)[0m                                    'load_format': 'dummy',
[36m(FullyAsyncTaskRunner pid=5484)[0m                                    'log_prob_max_token_len_per_gpu': 32768,
[36m(FullyAsyncTaskRunner pid=5484)[0m                                    'log_prob_micro_batch_size': None,
[36m(FullyAsyncTaskRunner pid=5484)[0m                                    'log_prob_micro_batch_size_per_gpu': None,
[36m(FullyAsyncTaskRunner pid=5484)[0m                                    'log_prob_use_dynamic_bsz': True,
[36m(FullyAsyncTaskRunner pid=5484)[0m                                    'logprobs_mode': 'processed_logprobs',
[36m(FullyAsyncTaskRunner pid=5484)[0m                                    'max_model_len': None,
[36m(FullyAsyncTaskRunner pid=5484)[0m                                    'max_num_batched_tokens': 8192,
[36m(FullyAsyncTaskRunner pid=5484)[0m                                    'max_num_seqs': 1024,
[36m(FullyAsyncTaskRunner pid=5484)[0m                                    'mode': 'async',
[36m(FullyAsyncTaskRunner pid=5484)[0m                                    'moe_load_balance_metrics_interval': 0,
[36m(FullyAsyncTaskRunner pid=5484)[0m                                    'mtp': {'_target_': 'verl.workers.config.MtpConfig',
[36m(FullyAsyncTaskRunner pid=5484)[0m                                            'detach_encoder': False,
[36m(FullyAsyncTaskRunner pid=5484)[0m                                            'enable': False,
[36m(FullyAsyncTaskRunner pid=5484)[0m                                            'enable_rollout': False,
[36m(FullyAsyncTaskRunner pid=5484)[0m                                            'enable_train': False,
[36m(FullyAsyncTaskRunner pid=5484)[0m                                            'method': 'mtp',
[36m(FullyAsyncTaskRunner pid=5484)[0m                                            'mtp_loss_scaling_factor': 0.1,
[36m(FullyAsyncTaskRunner pid=5484)[0m                                            'num_speculative_tokens': 1,
[36m(FullyAsyncTaskRunner pid=5484)[0m                                            'speculative_algorithm': 'EAGLE',
[36m(FullyAsyncTaskRunner pid=5484)[0m                                            'speculative_eagle_topk': 1,
[36m(FullyAsyncTaskRunner pid=5484)[0m                                            'speculative_num_draft_tokens': 4,
[36m(FullyAsyncTaskRunner pid=5484)[0m                                            'speculative_num_steps': 3},
[36m(FullyAsyncTaskRunner pid=5484)[0m                                    'multi_stage_wake_up': False,
[36m(FullyAsyncTaskRunner pid=5484)[0m                                    'multi_turn': {'_target_': 'verl.workers.config.MultiTurnConfig',
[36m(FullyAsyncTaskRunner pid=5484)[0m                                                   'enable': False,
[36m(FullyAsyncTaskRunner pid=5484)[0m                                                   'format': 'hermes',
[36m(FullyAsyncTaskRunner pid=5484)[0m                                                   'function_tool_path': None,
[36m(FullyAsyncTaskRunner pid=5484)[0m                                                   'max_assistant_turns': None,
[36m(FullyAsyncTaskRunner pid=5484)[0m                                                   'max_parallel_calls': 1,
[36m(FullyAsyncTaskRunner pid=5484)[0m                                                   'max_tool_response_length': 256,
[36m(FullyAsyncTaskRunner pid=5484)[0m                                                   'max_user_turns': None,
[36m(FullyAsyncTaskRunner pid=5484)[0m                                                   'num_repeat_rollouts': None,
[36m(FullyAsyncTaskRunner pid=5484)[0m                                                   'tokenization_sanity_check_mode': 'strict',
[36m(FullyAsyncTaskRunner pid=5484)[0m                                                   'tool_config_path': None,
[36m(FullyAsyncTaskRunner pid=5484)[0m                                                   'tool_response_truncate_side': 'middle',
[36m(FullyAsyncTaskRunner pid=5484)[0m                                                   'use_inference_chat_template': False},
[36m(FullyAsyncTaskRunner pid=5484)[0m                                    'n': 8,
[36m(FullyAsyncTaskRunner pid=5484)[0m                                    'n_gpus_per_node': 1,
[36m(FullyAsyncTaskRunner pid=5484)[0m                                    'name': 'vllm',
[36m(FullyAsyncTaskRunner pid=5484)[0m                                    'nnodes': 1,
[36m(FullyAsyncTaskRunner pid=5484)[0m                                    'over_sample_rate': 0,
[36m(FullyAsyncTaskRunner pid=5484)[0m                                    'pipeline_model_parallel_size': 1,
[36m(FullyAsyncTaskRunner pid=5484)[0m                                    'profiler': {'_target_': 'verl.utils.profiler.ProfilerConfig',
[36m(FullyAsyncTaskRunner pid=5484)[0m                                                 'all_ranks': False,
[36m(FullyAsyncTaskRunner pid=5484)[0m                                                 'enable': False,
[36m(FullyAsyncTaskRunner pid=5484)[0m                                                 'ranks': [],
[36m(FullyAsyncTaskRunner pid=5484)[0m                                                 'save_path': 'outputs/profile',
[36m(FullyAsyncTaskRunner pid=5484)[0m                                                 'tool': None,
[36m(FullyAsyncTaskRunner pid=5484)[0m                                                 'tool_config': {'npu': {'_target_': 'verl.utils.profiler.config.NPUToolConfig',
[36m(FullyAsyncTaskRunner pid=5484)[0m                                                                         'analysis': True,
[36m(FullyAsyncTaskRunner pid=5484)[0m                                                                         'contents': []
[36m(FullyAsyncTaskRunner pid=5484)[0m ,
[36m(FullyAsyncTaskRunner pid=5484)[0m                                                                         'discrete': False,
[36m(FullyAsyncTaskRunner pid=5484)[0m                                                                         'level': 'level0',
[36m(FullyAsyncTaskRunner pid=5484)[0m                                                                         'profile_token_end': None,
[36m(FullyAsyncTaskRunner pid=5484)[0m                                                                         'profile_token_start': None},
[36m(FullyAsyncTaskRunner pid=5484)[0m                                                                 'precision_debugger': {'_target_': 'verl.utils.profiler.config.PrecisionDebuggerToolConfig',
[36m(FullyAsyncTaskRunner pid=5484)[0m                                                                                        'config_path': None,
[36m(FullyAsyncTaskRunner pid=5484)[0m                                                                                        'stages': None,
[36m(FullyAsyncTaskRunner pid=5484)[0m                                                                                        'steps': None,
[36m(FullyAsyncTaskRunner pid=5484)[0m                                                                                        'strict': False},
[36m(FullyAsyncTaskRunner pid=5484)[0m                                                                 'torch': {'_target_': 'verl.utils.profiler.config.TorchProfilerToolConfig',
[36m(FullyAsyncTaskRunner pid=5484)[0m                                                                           'contents': [],
[36m(FullyAsyncTaskRunner pid=5484)[0m                                                                           'discrete': False,
[36m(FullyAsyncTaskRunner pid=5484)[0m                                                                           'profile_token_end': None,
[36m(FullyAsyncTaskRunner pid=5484)[0m                                                                           'profile_token_start': None}}},
[36m(FullyAsyncTaskRunner pid=5484)[0m                                    'prometheus': {'_target_': 'verl.workers.config.PrometheusConfig',
[36m(FullyAsyncTaskRunner pid=5484)[0m                                                   'enable': False,
[36m(FullyAsyncTaskRunner pid=5484)[0m                                                   'file': '/tmp/ray/session_latest/metrics/prometheus/prometheus.yml',
[36m(FullyAsyncTaskRunner pid=5484)[0m                                                   'port': 9090,
[36m(FullyAsyncTaskRunner pid=5484)[0m                                                   'served_model_name': '/workspace/models/DeepSeek-R1-Distill-Qwen-1.5B'},
[36m(FullyAsyncTaskRunner pid=5484)[0m                                    'prompt_length': 2048,
[36m(FullyAsyncTaskRunner pid=5484)[0m                                    'qat': {'_target_': 'verl.workers.config.QATEngineConfig',
[36m(FullyAsyncTaskRunner pid=5484)[0m                                            'activation_observer': 'static_minmax',
[36m(FullyAsyncTaskRunner pid=5484)[0m                                            'enable': False,
[36m(FullyAsyncTaskRunner pid=5484)[0m                                            'group_size': 16,
[36m(FullyAsyncTaskRunner pid=5484)[0m                                            'ignore_patterns': ['lm_head',
[36m(FullyAsyncTaskRunner pid=5484)[0m                                                                'embed_tokens',
[36m(FullyAsyncTaskRunner pid=5484)[0m                                                                're:.*mlp.gate$'],
[36m(FullyAsyncTaskRunner pid=5484)[0m                                            'mode': 'w4a16',
[36m(FullyAsyncTaskRunner pid=5484)[0m                                            'quantization_config_path': None},
[36m(FullyAsyncTaskRunner pid=5484)[0m                                    'quantization': None,
[36m(FullyAsyncTaskRunner pid=5484)[0m                                    'quantization_config_file': None,
[36m(FullyAsyncTaskRunner pid=5484)[0m                                    'response_length': 16384,
[36m(FullyAsyncTaskRunner pid=5484)[0m                                    'scheduling_policy': 'fcfs',
[36m(FullyAsyncTaskRunner pid=5484)[0m                                    'seed': 42,
[36m(FullyAsyncTaskRunner pid=5484)[0m                                    'skip_tokenizer_init': True,
[36m(FullyAsyncTaskRunner pid=5484)[0m                                    'standalone_gpu_memory_utilization': None,
[36m(FullyAsyncTaskRunner pid=5484)[0m                                    'temperature': 1.0,
[36m(FullyAsyncTaskRunner pid=5484)[0m                                    'tensor_model_parallel_size': 1,
[36m(FullyAsyncTaskRunner pid=5484)[0m                                    'top_k': -1,
[36m(FullyAsyncTaskRunner pid=5484)[0m                                    'top_p': 1.0,
[36m(FullyAsyncTaskRunner pid=5484)[0m                                    'trace': {'_target_': 'verl.workers.config.TraceConfig',
[36m(FullyAsyncTaskRunner pid=5484)[0m                                              'backend': None,
[36m(FullyAsyncTaskRunner pid=5484)[0m                                              'experiment_name': 'r1distill1.5b-euruscode-s8',
[36m(FullyAsyncTaskRunner pid=5484)[0m                                              'max_samples_per_step_per_worker': None,
[36m(FullyAsyncTaskRunner pid=5484)[0m                                              'project_name': 'code-rlvr-m0',
[36m(FullyAsyncTaskRunner pid=5484)[0m                                              'token2text': False},
[36m(FullyAsyncTaskRunner pid=5484)[0m                                    'val_kwargs': {'_target_': 'verl.workers.config.SamplingConfig',
[36m(FullyAsyncTaskRunner pid=5484)[0m                                                   'do_sample': False,
[36m(FullyAsyncTaskRunner pid=5484)[0m                                                   'n': 1,
[36m(FullyAsyncTaskRunner pid=5484)[0m                                                   'temperature': 0,
[36m(FullyAsyncTaskRunner pid=5484)[0m                                                   'top_k': -1,
[36m(FullyAsyncTaskRunner pid=5484)[0m                                                   'top_p': 1.0}}},
[36m(FullyAsyncTaskRunner pid=5484)[0m  'algorithm': {'_target_': 'verl.trainer.config.AlgoConfig',
[36m(FullyAsyncTaskRunner pid=5484)[0m                'adv_estimator': 'grpo',
[36m(FullyAsyncTaskRunner pid=5484)[0m                'filter_groups': {'_target_': 'verl.trainer.config.FilterGroupsConfig'
[36m(FullyAsyncTaskRunner pid=5484)[0m ,
[36m(FullyAsyncTaskRunner pid=5484)[0m                                  'enable': False,
[36m(FullyAsyncTaskRunner pid=5484)[0m                                  'max_inflight_gen_batches': 1,
[36m(FullyAsyncTaskRunner pid=5484)[0m                                  'max_num_gen_batches': 0,
[36m(FullyAsyncTaskRunner pid=5484)[0m                                  'metric': None},
[36m(FullyAsyncTaskRunner pid=5484)[0m                'gamma': 1.0,
[36m(FullyAsyncTaskRunner pid=5484)[0m                'kl_ctrl': {'_target_': 'verl.trainer.config.KLControlConfig',
[36m(FullyAsyncTaskRunner pid=5484)[0m                            'horizon': 10000,
[36m(FullyAsyncTaskRunner pid=5484)[0m                            'kl_coef': 0.0,
[36m(FullyAsyncTaskRunner pid=5484)[0m                            'target_kl': 0.1,
[36m(FullyAsyncTaskRunner pid=5484)[0m                            'type': 'fixed'},
[36m(FullyAsyncTaskRunner pid=5484)[0m                'kl_penalty': 'kl',
[36m(FullyAsyncTaskRunner pid=5484)[0m                'lam': 1.0,
[36m(FullyAsyncTaskRunner pid=5484)[0m                'norm_adv_by_std_in_grpo': True,
[36m(FullyAsyncTaskRunner pid=5484)[0m                'pf_ppo': {'reweight_method': 'pow', 'weight_pow': 2.0},
[36m(FullyAsyncTaskRunner pid=5484)[0m                'rollout_correction': {'bypass_mode': True,
[36m(FullyAsyncTaskRunner pid=5484)[0m                                       'loss_type': 'ppo_clip',
[36m(FullyAsyncTaskRunner pid=5484)[0m                                       'rollout_is': None,
[36m(FullyAsyncTaskRunner pid=5484)[0m                                       'rollout_is_batch_normalize': False,
[36m(FullyAsyncTaskRunner pid=5484)[0m                                       'rollout_is_threshold': 2.0,
[36m(FullyAsyncTaskRunner pid=5484)[0m                                       'rollout_rs': None,
[36m(FullyAsyncTaskRunner pid=5484)[0m                                       'rollout_rs_threshold': None},
[36m(FullyAsyncTaskRunner pid=5484)[0m                'use_kl_in_reward': False,
[36m(FullyAsyncTaskRunner pid=5484)[0m                'use_pf_ppo': False},
[36m(FullyAsyncTaskRunner pid=5484)[0m  'async_training': {'concurrent_samples_per_replica': 16,
[36m(FullyAsyncTaskRunner pid=5484)[0m                     'dynamic_schedule_deactivate_ratio': 0.3,
[36m(FullyAsyncTaskRunner pid=5484)[0m                     'dynamic_schedule_enable_rebalance': True,
[36m(FullyAsyncTaskRunner pid=5484)[0m                     'dynamic_schedule_policy': 'default',
[36m(FullyAsyncTaskRunner pid=5484)[0m                     'partial_rollout': True,
[36m(FullyAsyncTaskRunner pid=5484)[0m                     'require_batches': 1,
[36m(FullyAsyncTaskRunner pid=5484)[0m                     'staleness_threshold': 8,
[36m(FullyAsyncTaskRunner pid=5484)[0m                     'trigger_parameter_sync_step': 1,
[36m(FullyAsyncTaskRunner pid=5484)[0m                     'use_dynamic_resource_scheduling': False,
[36m(FullyAsyncTaskRunner pid=5484)[0m                     'use_trainer_do_validate': False},
[36m(FullyAsyncTaskRunner pid=5484)[0m  'critic': {'_target_': 'verl.workers.config.FSDPCriticConfig',
[36m(FullyAsyncTaskRunner pid=5484)[0m             'checkpoint': {'_target_': 'verl.trainer.config.CheckpointConfig'
[36m(FullyAsyncTaskRunner pid=5484)[0m ,
[36m(FullyAsyncTaskRunner pid=5484)[0m                            
[36m(FullyAsyncTaskRunner pid=5484)[0m 'async_save': False,
[36m(FullyAsyncTaskRunner pid=5484)[0m                            'load_contents': ['model', 'optimizer', 'extra'],
[36m(FullyAsyncTaskRunner pid=5484)[0m                            'save_contents': ['model', 'optimizer', 'extra']},
[36m(FullyAsyncTaskRunner pid=5484)[0m             'cliprange_value': 0.5,
[36m(FullyAsyncTaskRunner pid=5484)[0m             'data_loader_seed': 42,
[36m(FullyAsyncTaskRunner pid=5484)[0m             'enable': None,
[36m(FullyAsyncTaskRunner pid=5484)[0m             'forward_max_token_len_per_gpu': 32768,
[36m(FullyAsyncTaskRunner pid=5484)[0m             'forward_micro_batch_size': None,
[36m(FullyAsyncTaskRunner pid=5484)[0m             'forward_micro_batch_size_per_gpu': None,
[36m(FullyAsyncTaskRunner pid=5484)[0m             'fsdp': {'_target_': 'verl.workers.config.FSDPEngineConfig',
[36m(FullyAsyncTaskRunner pid=5484)[0m                      'dtype': 'bfloat16',
[36m(FullyAsyncTaskRunner pid=5484)[0m                      'entropy_checkpointing': False,
[36m(FullyAsyncTaskRunner pid=5484)[0m                      'entropy_from_logits_chunk_size': 2048,
[36m(FullyAsyncTaskRunner pid=5484)[0m                      'entropy_from_logits_with_chunking': False,
[36m(FullyAsyncTaskRunner pid=5484)[0m                      'forward_only': False,
[36m(FullyAsyncTaskRunner pid=5484)[0m                      'forward_prefetch': False,
[36m(FullyAsyncTaskRunner pid=5484)[0m                      'fsdp_size': -1,
[36m(FullyAsyncTaskRunner pid=5484)[0m                      'full_determinism': False,
[36m(FullyAsyncTaskRunner pid=5484)[0m                      'model_dtype': 'fp32',
[36m(FullyAsyncTaskRunner pid=5484)[0m                      'offload_policy': False,
[36m(FullyAsyncTaskRunner pid=5484)[0m                      'optimizer_offload': False,
[36m(FullyAsyncTaskRunner pid=5484)[0m                      'param_offload': False,
[36m(FullyAsyncTaskRunner pid=5484)[0m                      'qat': {'_target_': 'verl.workers.config.QATEngineConfig',
[36m(FullyAsyncTaskRunner pid=5484)[0m                              'activation_observer': 'static_minmax',
[36m(FullyAsyncTaskRunner pid=5484)[0m                              'enable': False,
[36m(FullyAsyncTaskRunner pid=5484)[0m                              'group_size': 16,
[36m(FullyAsyncTaskRunner pid=5484)[0m                              'ignore_patterns': ['lm_head',
[36m(FullyAsyncTaskRunner pid=5484)[0m                                                  'embed_tokens',
[36m(FullyAsyncTaskRunner pid=5484)[0m                                                  're:.*mlp.gate$'],
[36m(FullyAsyncTaskRunner pid=5484)[0m                              'mode': 'w4a16',
[36m(FullyAsyncTaskRunner pid=5484)[0m                              'quantization_config_path': None},
[36m(FullyAsyncTaskRunner pid=5484)[0m                      'reshard_after_forward': True,
[36m(FullyAsyncTaskRunner pid=5484)[0m                      'seed': 42,
[36m(FullyAsyncTaskRunner pid=5484)[0m                      'strategy': 'fsdp',
[36m(FullyAsyncTaskRunner pid=5484)[0m                      'ulysses_sequence_parallel_size': 1,
[36m(FullyAsyncTaskRunner pid=5484)[0m                      'use_orig_params': False,
[36m(FullyAsyncTaskRunner pid=5484)[0m                      'use_torch_compile': True,
[36m(FullyAsyncTaskRunner pid=5484)[0m                      'wrap_policy': {'min_num_params': 0}},
[36m(FullyAsyncTaskRunner pid=5484)[0m             'grad_clip': 1.0,
[36m(FullyAsyncTaskRunner pid=5484)[0m             'loss_agg_mode': 'token-mean',
[36m(FullyAsyncTaskRunner pid=5484)[0m             'loss_scale_factor': None,
[36m(FullyAsyncTaskRunner pid=5484)[0m             'model': {'_target_': 'verl.workers.config.HFModelConfig'
[36m(FullyAsyncTaskRunner pid=5484)[0m ,
[36m(FullyAsyncTaskRunner pid=5484)[0m                       'custom_chat_template': None,
[36m(FullyAsyncTaskRunner pid=5484)[0m                       'enable_activation_offload': False,
[36m(FullyAsyncTaskRunner pid=5484)[0m                       'enable_gradient_checkpointing': True,
[36m(FullyAsyncTaskRunner pid=5484)[0m                       'exclude_modules': None,
[36m(FullyAsyncTaskRunner pid=5484)[0m                       'external_lib': None,
[36m(FullyAsyncTaskRunner pid=5484)[0m                       'fused_kernel_options': {'impl_backend': 'torch'},
[36m(FullyAsyncTaskRunner pid=5484)[0m                       'hf_config_path': None,
[36m(FullyAsyncTaskRunner pid=5484)[0m                       'lora': {'a2a_experimental': False,
[36m(FullyAsyncTaskRunner pid=5484)[0m                                'adapter_path': None,
[36m(FullyAsyncTaskRunner pid=5484)[0m                                'alpha': 32,
[36m(FullyAsyncTaskRunner pid=5484)[0m                                'dropout': 0.0,
[36m(FullyAsyncTaskRunner pid=5484)[0m                                'dropout_position': 'pre',
[36m(FullyAsyncTaskRunner pid=5484)[0m                                'dtype': None,
[36m(FullyAsyncTaskRunner pid=5484)[0m                                'exclude_modules': [],
[36m(FullyAsyncTaskRunner pid=5484)[0m                                'freeze_language_model': True,
[36m(FullyAsyncTaskRunner pid=5484)[0m                                'freeze_vision_model': True,
[36m(FullyAsyncTaskRunner pid=5484)[0m                                'freeze_vision_projection': True,
[36m(FullyAsyncTaskRunner pid=5484)[0m                                'lora_A_init_method': 'xavier',
[36m(FullyAsyncTaskRunner pid=5484)[0m                                'lora_B_init_method': 'zero',
[36m(FullyAsyncTaskRunner pid=5484)[0m                                'merge': False,
[36m(FullyAsyncTaskRunner pid=5484)[0m                                'rank': 0,
[36m(FullyAsyncTaskRunner pid=5484)[0m                                'target_modules': ['linear_qkv',
[36m(FullyAsyncTaskRunner pid=5484)[0m                                                   'linear_proj',
[36m(FullyAsyncTaskRunner pid=5484)[0m                                                   'linear_fc1',
[36m(FullyAsyncTaskRunner pid=5484)[0m                                                   'linear_fc2'],
[36m(FullyAsyncTaskRunner pid=5484)[0m                                'type': 'lora'},
[36m(FullyAsyncTaskRunner pid=5484)[0m                       'lora_adapter_path': None,
[36m(FullyAsyncTaskRunner pid=5484)[0m                       'lora_alpha': 16,
[36m(FullyAsyncTaskRunner pid=5484)[0m                       'lora_rank': 0,
[36m(FullyAsyncTaskRunner pid=5484)[0m                       'mtp': {'_target_': 'verl.workers.config.MtpConfig',
[36m(FullyAsyncTaskRunner pid=5484)[0m                               'detach_encoder': False,
[36m(FullyAsyncTaskRunner pid=5484)[0m                               'enable': False,
[36m(FullyAsyncTaskRunner pid=5484)[0m                               'enable_rollout': False,
[36m(FullyAsyncTaskRunner pid=5484)[0m                               'enable_train': False,
[36m(FullyAsyncTaskRunner pid=5484)[0m                               'method': 'mtp',
[36m(FullyAsyncTaskRunner pid=5484)[0m                               'mtp_loss_scaling_factor': 0.1,
[36m(FullyAsyncTaskRunner pid=5484)[0m                               'num_speculative_tokens': 1,
[36m(FullyAsyncTaskRunner pid=5484)[0m                               'speculative_algorithm': 'EAGLE',
[36m(FullyAsyncTaskRunner pid=5484)[0m                               'speculative_eagle_topk': 1,
[36m(FullyAsyncTaskRunner pid=5484)[0m                               'speculative_num_draft_tokens': 4,
[36m(FullyAsyncTaskRunner pid=5484)[0m                               'speculative_num_steps': 3},
[36m(FullyAsyncTaskRunner pid=5484)[0m                       'override_config': {},
[36m(FullyAsyncTaskRunner pid=5484)[0m                       'path': '~/models/deepseek-llm-7b-chat',
[36m(FullyAsyncTaskRunner pid=5484)[0m                       'target_modules': 'all-linear',
[36m(FullyAsyncTaskRunner pid=5484)[0m                       'tiled_mlp': {'enabled': False, 'num_shards': 4},
[36m(FullyAsyncTaskRunner pid=5484)[0m                       'tokenizer_path': None,
[36m(FullyAsyncTaskRunner pid=5484)[0m                       'trust_remote_code': False,
[36m(FullyAsyncTaskRunner pid=5484)[0m                       'use_fused_kernels': False,
[36m(FullyAsyncTaskRunner pid=5484)[0m                       'use_liger': False,
[36m(FullyAsyncTaskRunner pid=5484)[0m                       'use_remove_padding': True,
[36m(FullyAsyncTaskRunner pid=5484)[0m                       'use_shm': False},
[36m(FullyAsyncTaskRunner pid=5484)[0m             'optim': {'_target_': 'verl.workers.config.FSDPOptimizerConfig',
[36m(FullyAsyncTaskRunner pid=5484)[0m                       'betas': [0.9, 0.999],
[36m(FullyAsyncTaskRunner pid=5484)[0m                       'clip_grad': 1.0,
[36m(FullyAsyncTaskRunner pid=5484)[0m                       'lr': 1e-05,
[36m(FullyAsyncTaskRunner pid=5484)[0m                       'lr_scheduler_type': 'constant',
[36m(FullyAsyncTaskRunner pid=5484)[0m                       'lr_warmup_steps': -1,
[36m(FullyAsyncTaskRunner pid=5484)[0m                       'lr_warmup_steps_ratio': 0.0
[36m(FullyAsyncTaskRunner pid=5484)[0m ,
[36m(FullyAsyncTaskRunner pid=5484)[0m                       'min_lr_ratio': 0.0,
[36m(FullyAsyncTaskRunner pid=5484)[0m                       'num_cycles': 0.5,
[36m(FullyAsyncTaskRunner pid=5484)[0m                       'optimizer': 'AdamW',
[36m(FullyAsyncTaskRunner pid=5484)[0m                       'optimizer_impl': 'torch.optim',
[36m(FullyAsyncTaskRunner pid=5484)[0m                       'override_optimizer_config': None,
[36m(FullyAsyncTaskRunner pid=5484)[0m                       'total_training_steps': -1,
[36m(FullyAsyncTaskRunner pid=5484)[0m                       'warmup_style': None,
[36m(FullyAsyncTaskRunner pid=5484)[0m                       'weight_decay': 0.01,
[36m(FullyAsyncTaskRunner pid=5484)[0m                       'zero_indexed_step': True},
[36m(FullyAsyncTaskRunner pid=5484)[0m             'ppo_epochs': 1,
[36m(FullyAsyncTaskRunner pid=5484)[0m             'ppo_max_token_len_per_gpu': 32768,
[36m(FullyAsyncTaskRunner pid=5484)[0m             'ppo_micro_batch_size': None,
[36m(FullyAsyncTaskRunner pid=5484)[0m             'ppo_micro_batch_size_per_gpu': None,
[36m(FullyAsyncTaskRunner pid=5484)[0m             'ppo_mini_batch_size': 64,
[36m(FullyAsyncTaskRunner pid=5484)[0m             'profiler': {'_target_': 'verl.utils.profiler.ProfilerConfig',
[36m(FullyAsyncTaskRunner pid=5484)[0m                          'all_ranks': False,
[36m(FullyAsyncTaskRunner pid=5484)[0m                          'enable': False,
[36m(FullyAsyncTaskRunner pid=5484)[0m                          'ranks': [],
[36m(FullyAsyncTaskRunner pid=5484)[0m                          'save_path': 'outputs/profile',
[36m(FullyAsyncTaskRunner pid=5484)[0m                          'tool': None,
[36m(FullyAsyncTaskRunner pid=5484)[0m                          'tool_config': {'npu': {'_target_': 'verl.utils.profiler.config.NPUToolConfig',
[36m(FullyAsyncTaskRunner pid=5484)[0m                                                  'analysis': True,
[36m(FullyAsyncTaskRunner pid=5484)[0m                                                  'contents': [],
[36m(FullyAsyncTaskRunner pid=5484)[0m                                                  'discrete': False,
[36m(FullyAsyncTaskRunner pid=5484)[0m                                                  'level': 'level0'},
[36m(FullyAsyncTaskRunner pid=5484)[0m                                          'nsys': {'_target_': 'verl.utils.profiler.config.NsightToolConfig',
[36m(FullyAsyncTaskRunner pid=5484)[0m                                                   'discrete': False},
[36m(FullyAsyncTaskRunner pid=5484)[0m                                          'precision_debugger': {'_target_': 'verl.utils.profiler.config.PrecisionDebuggerToolConfig',
[36m(FullyAsyncTaskRunner pid=5484)[0m                                                                 'config_path': None,
[36m(FullyAsyncTaskRunner pid=5484)[0m                                                                 'stages': None,
[36m(FullyAsyncTaskRunner pid=5484)[0m                                                                 'steps': None,
[36m(FullyAsyncTaskRunner pid=5484)[0m                                                                 'strict': False},
[36m(FullyAsyncTaskRunner pid=5484)[0m                                          'torch': {'_target_': 'verl.utils.profiler.config.TorchProfilerToolConfig',
[36m(FullyAsyncTaskRunner pid=5484)[0m                                                    'contents': [],
[36m(FullyAsyncTaskRunner pid=5484)[0m                                                    'discrete': False,
[36m(FullyAsyncTaskRunner pid=5484)[0m                                                    'schedule': {'_target_': 'verl.utils.profiler.config.TorchProfilerScheduleConfig',
[36m(FullyAsyncTaskRunner pid=5484)[0m                                                                 'active': 0,
[36m(FullyAsyncTaskRunner pid=5484)[0m                                                                 'repeat': 0,
[36m(FullyAsyncTaskRunner pid=5484)[0m                                                                 'skip_first': 0,
[36m(FullyAsyncTaskRunner pid=5484)[0m                                                                 'wait': 0,
[36m(FullyAsyncTaskRunner pid=5484)[0m                                                                 'warmup': 0}},
[36m(FullyAsyncTaskRunner pid=5484)[0m                                          'torch_memory': {'_target_': 'verl.utils.profiler.config.TorchMemoryToolConfig',
[36m(FullyAsyncTaskRunner pid=5484)[0m                                                           'stack_depth': 32,
[36m(FullyAsyncTaskRunner pid=5484)[0m                                                           'trace_alloc_max_entries': 100000}}},
[36m(FullyAsyncTaskRunner pid=5484)[0m             'rollout_n': 8,
[36m(FullyAsyncTaskRunner pid=5484)[0m             'shuffle': False,
[36m(FullyAsyncTaskRunner pid=5484)[0m             'strategy': 'fsdp',
[36m(FullyAsyncTaskRunner pid=5484)[0m             
[36m(FullyAsyncTaskRunner pid=5484)[0m 'ulysses_sequence_parallel_size': 1,
[36m(FullyAsyncTaskRunner pid=5484)[0m             'use_dynamic_bsz': True},
[36m(FullyAsyncTaskRunner pid=5484)[0m  'data': {'apply_chat_template_kwargs': {},
[36m(FullyAsyncTaskRunner pid=5484)[0m           'audio_key': 'audios',
[36m(FullyAsyncTaskRunner pid=5484)[0m           'continuous_token': {'enable': False, 'model_family': 'auto'},
[36m(FullyAsyncTaskRunner pid=5484)[0m           'custom_cls': {'name': None, 'path': None},
[36m(FullyAsyncTaskRunner pid=5484)[0m           'dataloader_num_workers': 8,
[36m(FullyAsyncTaskRunner pid=5484)[0m           'filter_overlong_prompts': False,
[36m(FullyAsyncTaskRunner pid=5484)[0m           'filter_overlong_prompts_workers': 1,
[36m(FullyAsyncTaskRunner pid=5484)[0m           'function_tool_path': None,
[36m(FullyAsyncTaskRunner pid=5484)[0m           'gen_batch_size': 1,
[36m(FullyAsyncTaskRunner pid=5484)[0m           'image_key': 'images',
[36m(FullyAsyncTaskRunner pid=5484)[0m           'image_patch_size': 14,
[36m(FullyAsyncTaskRunner pid=5484)[0m           'max_prompt_length': 2048,
[36m(FullyAsyncTaskRunner pid=5484)[0m           'max_response_length': 16384,
[36m(FullyAsyncTaskRunner pid=5484)[0m           'mm_processor_kwargs': {},
[36m(FullyAsyncTaskRunner pid=5484)[0m           'prompt_key': 'prompt',
[36m(FullyAsyncTaskRunner pid=5484)[0m           'return_full_prompt': False,
[36m(FullyAsyncTaskRunner pid=5484)[0m           'return_multi_modal_inputs': True,
[36m(FullyAsyncTaskRunner pid=5484)[0m           'return_raw_chat': True,
[36m(FullyAsyncTaskRunner pid=5484)[0m           'return_raw_input_ids': False,
[36m(FullyAsyncTaskRunner pid=5484)[0m           'reward_fn_key': 'data_source',
[36m(FullyAsyncTaskRunner pid=5484)[0m           'seed': None,
[36m(FullyAsyncTaskRunner pid=5484)[0m           'shuffle': True,
[36m(FullyAsyncTaskRunner pid=5484)[0m           'tokenizer': None,
[36m(FullyAsyncTaskRunner pid=5484)[0m           'tool_config_path': None,
[36m(FullyAsyncTaskRunner pid=5484)[0m           'train_batch_size': 0,
[36m(FullyAsyncTaskRunner pid=5484)[0m           'train_files': '/workspace/data/eurus_code/train.parquet',
[36m(FullyAsyncTaskRunner pid=5484)[0m           'train_max_samples': -1,
[36m(FullyAsyncTaskRunner pid=5484)[0m           'truncation': 'left',
[36m(FullyAsyncTaskRunner pid=5484)[0m           'trust_remote_code': False,
[36m(FullyAsyncTaskRunner pid=5484)[0m           'use_shm': False,
[36m(FullyAsyncTaskRunner pid=5484)[0m           'val_batch_size': None,
[36m(FullyAsyncTaskRunner pid=5484)[0m           'val_files': '/workspace/data/eurus_code/val.parquet',
[36m(FullyAsyncTaskRunner pid=5484)[0m           'val_max_samples': -1,
[36m(FullyAsyncTaskRunner pid=5484)[0m           'validation_shuffle': False,
[36m(FullyAsyncTaskRunner pid=5484)[0m           'video_key': 'videos'},
[36m(FullyAsyncTaskRunner pid=5484)[0m  'distillation': {'_target_': 'verl.workers.config.DistillationConfig',
[36m(FullyAsyncTaskRunner pid=5484)[0m                   'distillation_loss': {'_target_': 'verl.workers.config.DistillationLossConfig',
[36m(FullyAsyncTaskRunner pid=5484)[0m                                         'clip_ratio': 0.2,
[36m(FullyAsyncTaskRunner pid=5484)[0m                                         'clip_ratio_high': 0.2,
[36m(FullyAsyncTaskRunner pid=5484)[0m                                         'clip_ratio_low': 0.2,
[36m(FullyAsyncTaskRunner pid=5484)[0m                                         'distillation_loss_coef': 1.0,
[36m(FullyAsyncTaskRunner pid=5484)[0m                                         'log_prob_min_clamp': None,
[36m(FullyAsyncTaskRunner pid=5484)[0m                                         'loss_max_clamp': None,
[36m(FullyAsyncTaskRunner pid=5484)[0m                                         'loss_mode': 'k3',
[36m(FullyAsyncTaskRunner pid=5484)[0m                                         'policy_loss_mode': 'vanilla',
[36m(FullyAsyncTaskRunner pid=5484)[0m                                         'topk': 32,
[36m(FullyAsyncTaskRunner pid=5484)[0m                                         'use_policy_gradient': False,
[36m(FullyAsyncTaskRunner pid=5484)[0m                                         'use_task_rewards': True},
[36m(FullyAsyncTaskRunner pid=5484)[0m                   'enabled': False,
[36m(FullyAsyncTaskRunner pid=5484)[0m                   'n_gpus_per_node': 8,
[36m(FullyAsyncTaskRunner pid=5484)[0m                   'nnodes': 0,
[36m(FullyAsyncTaskRunner pid=5484)[0m                   
[36m(FullyAsyncTaskRunner pid=5484)[0m 'teacher_key': 'data_source',
[36m(FullyAsyncTaskRunner pid=5484)[0m                   'teacher_models': {'teacher_model': {'_target_': 'verl.workers.config.DistillationTeacherModelConfig',
[36m(FullyAsyncTaskRunner pid=5484)[0m                                                        'inference': {'_target_': 'verl.workers.config.RolloutConfig',
[36m(FullyAsyncTaskRunner pid=5484)[0m                                                                      'cudagraph_capture_sizes': None,
[36m(FullyAsyncTaskRunner pid=5484)[0m                                                                      'data_parallel_size': 1,
[36m(FullyAsyncTaskRunner pid=5484)[0m                                                                      'disable_log_stats': True,
[36m(FullyAsyncTaskRunner pid=5484)[0m                                                                      'dtype': 'bfloat16',
[36m(FullyAsyncTaskRunner pid=5484)[0m                                                                      'enable_chunked_prefill': True,
[36m(FullyAsyncTaskRunner pid=5484)[0m                                                                      'enable_prefix_caching': True,
[36m(FullyAsyncTaskRunner pid=5484)[0m                                                                      'enforce_eager': True,
[36m(FullyAsyncTaskRunner pid=5484)[0m                                                                      'engine_kwargs': {},
[36m(FullyAsyncTaskRunner pid=5484)[0m                                                                      'expert_parallel_size': 1,
[36m(FullyAsyncTaskRunner pid=5484)[0m                                                                      'free_cache_engine': True,
[36m(FullyAsyncTaskRunner pid=5484)[0m                                                                      'gpu_memory_utilization': 0.5,
[36m(FullyAsyncTaskRunner pid=5484)[0m                                                                      'limit_images': None,
[36m(FullyAsyncTaskRunner pid=5484)[0m                                                                      'load_format': 'auto',
[36m(FullyAsyncTaskRunner pid=5484)[0m                                                                      'max_model_len': None,
[36m(FullyAsyncTaskRunner pid=5484)[0m                                                                      'max_num_batched_tokens': 8192,
[36m(FullyAsyncTaskRunner pid=5484)[0m                                                                      'max_num_seqs': 1024,
[36m(FullyAsyncTaskRunner pid=5484)[0m                                                                      'name': 'vllm',
[36m(FullyAsyncTaskRunner pid=5484)[0m                                                                      'prompt_length': 2048,
[36m(FullyAsyncTaskRunner pid=5484)[0m                                                                      'response_length': 16384,
[36m(FullyAsyncTaskRunner pid=5484)[0m                                                                      'skip_tokenizer_init': True,
[36m(FullyAsyncTaskRunner pid=5484)[0m                                                                      'temperature': 1.0,
[36m(FullyAsyncTaskRunner pid=5484)[0m                                                                      'tensor_model_parallel_size': 2},
[36m(FullyAsyncTaskRunner pid=5484)[0m                                                        'key': None,
[36m(FullyAsyncTaskRunner pid=5484)[0m                                                        'model_path': None,
[36m(FullyAsyncTaskRunner pid=5484)[0m                                                        'num_replicas': 0}}},
[36m(FullyAsyncTaskRunner pid=5484)[0m  'global_profiler': {'_target_': 'verl.utils.profiler.ProfilerConfig',
[36m(FullyAsyncTaskRunner pid=5484)[0m                      'global_tool_config': {'nsys': 
[36m(FullyAsyncTaskRunner pid=5484)[0m {'_target_': 'verl.utils.profiler.config.NsightToolConfig',
[36m(FullyAsyncTaskRunner pid=5484)[0m                                                      'controller_nsight_options': {'cuda-graph-trace': 'graph',
[36m(FullyAsyncTaskRunner pid=5484)[0m                                                                                    'cuda-memory-usage': 'true',
[36m(FullyAsyncTaskRunner pid=5484)[0m                                                                                    'trace': 'cuda,nvtx,cublas,ucx'},
[36m(FullyAsyncTaskRunner pid=5484)[0m                                                      'discrete': False,
[36m(FullyAsyncTaskRunner pid=5484)[0m                                                      'worker_nsight_options': {'capture-range': 'cudaProfilerApi',
[36m(FullyAsyncTaskRunner pid=5484)[0m                                                                                'capture-range-end': None,
[36m(FullyAsyncTaskRunner pid=5484)[0m                                                                                'cuda-graph-trace': 'graph',
[36m(FullyAsyncTaskRunner pid=5484)[0m                                                                                'cuda-memory-usage': 'true',
[36m(FullyAsyncTaskRunner pid=5484)[0m                                                                                'kill': 'none',
[36m(FullyAsyncTaskRunner pid=5484)[0m                                                                                'trace': 'cuda,nvtx,cublas,ucx'}},
[36m(FullyAsyncTaskRunner pid=5484)[0m                                             'precision_debugger': {'_target_': 'verl.utils.profiler.config.PrecisionDebuggerToolConfig',
[36m(FullyAsyncTaskRunner pid=5484)[0m                                                                    'config_path': None,
[36m(FullyAsyncTaskRunner pid=5484)[0m                                                                    'stages': None,
[36m(FullyAsyncTaskRunner pid=5484)[0m                                                                    'steps': None,
[36m(FullyAsyncTaskRunner pid=5484)[0m                                                                    'strict': False},
[36m(FullyAsyncTaskRunner pid=5484)[0m                                             'torch_memory': {'context': 'all',
[36m(FullyAsyncTaskRunner pid=5484)[0m                                                              'kw_args': {},
[36m(FullyAsyncTaskRunner pid=5484)[0m                                                              'stack_depth': 32,
[36m(FullyAsyncTaskRunner pid=5484)[0m                                                              'stacks': 'all',
[36m(FullyAsyncTaskRunner pid=5484)[0m                                                              'trace_alloc_max_entries': 100000}},
[36m(FullyAsyncTaskRunner pid=5484)[0m                      'profile_continuous_steps': False,
[36m(FullyAsyncTaskRunner pid=5484)[0m                      
[36m(FullyAsyncTaskRunner pid=5484)[0m 'save_path': 'outputs/profile',
[36m(FullyAsyncTaskRunner pid=5484)[0m                      'steps': None,
[36m(FullyAsyncTaskRunner pid=5484)[0m                      'tool': None},
[36m(FullyAsyncTaskRunner pid=5484)[0m  'model_engine': 'dp',
[36m(FullyAsyncTaskRunner pid=5484)[0m  'ray_kwargs': {'ray_init': {'num_cpus': None}, 'timeline_json_file': None},
[36m(FullyAsyncTaskRunner pid=5484)[0m  'reward': {'_target_': 'verl.workers.config.RewardConfig',
[36m(FullyAsyncTaskRunner pid=5484)[0m             'custom_reward_function': {'name': 'compute_score', 'path': None},
[36m(FullyAsyncTaskRunner pid=5484)[0m             'num_workers': 8,
[36m(FullyAsyncTaskRunner pid=5484)[0m             'reward_manager': {'_target_': 'verl.workers.config.reward.RewardManagerConfig',
[36m(FullyAsyncTaskRunner pid=5484)[0m                                'module': {'_target_': 'verl.trainer.config.config.ModuleConfig',
[36m(FullyAsyncTaskRunner pid=5484)[0m                                           'name': 'custom_reward_manager',
[36m(FullyAsyncTaskRunner pid=5484)[0m                                           'path': None},
[36m(FullyAsyncTaskRunner pid=5484)[0m                                'name': 'naive',
[36m(FullyAsyncTaskRunner pid=5484)[0m                                'source': 'register'},
[36m(FullyAsyncTaskRunner pid=5484)[0m             'reward_model': {'_target_': 'verl.workers.config.RewardModelConfig',
[36m(FullyAsyncTaskRunner pid=5484)[0m                              'enable': False,
[36m(FullyAsyncTaskRunner pid=5484)[0m                              'enable_resource_pool': False,
[36m(FullyAsyncTaskRunner pid=5484)[0m                              'model_path': None,
[36m(FullyAsyncTaskRunner pid=5484)[0m                              'n_gpus_per_node': 8,
[36m(FullyAsyncTaskRunner pid=5484)[0m                              'nnodes': 0,
[36m(FullyAsyncTaskRunner pid=5484)[0m                              'rollout': 
[36m(FullyAsyncTaskRunner pid=5484)[0m {'_target_': 'verl.workers.config.RolloutConfig',
[36m(FullyAsyncTaskRunner pid=5484)[0m                                          'cudagraph_capture_sizes': None,
[36m(FullyAsyncTaskRunner pid=5484)[0m                                          'data_parallel_size': 1,
[36m(FullyAsyncTaskRunner pid=5484)[0m                                          'disable_log_stats': True,
[36m(FullyAsyncTaskRunner pid=5484)[0m                                          'disaggregation': {'bootstrap_port': None,
[36m(FullyAsyncTaskRunner pid=5484)[0m                                                             'decode_replicas': 1,
[36m(FullyAsyncTaskRunner pid=5484)[0m                                                             'decode_tensor_model_parallel_size': None,
[36m(FullyAsyncTaskRunner pid=5484)[0m                                                             'enabled': False,
[36m(FullyAsyncTaskRunner pid=5484)[0m                                                             'ib_device': None,
[36m(FullyAsyncTaskRunner pid=5484)[0m                                                             'prefill_replicas': 1,
[36m(FullyAsyncTaskRunner pid=5484)[0m                                                             'transfer_backend': 'nixl'},
[36m(FullyAsyncTaskRunner pid=5484)[0m                                          'do_sample': True,
[36m(FullyAsyncTaskRunner pid=5484)[0m                                          'dtype': 'bfloat16',
[36m(FullyAsyncTaskRunner pid=5484)[0m                                          'enable_chunked_prefill': True,
[36m(FullyAsyncTaskRunner pid=5484)[0m                                          'enable_prefix_caching': True,
[36m(FullyAsyncTaskRunner pid=5484)[0m                                          'enforce_eager': True,
[36m(FullyAsyncTaskRunner pid=5484)[0m                                          'engine_kwargs': {},
[36m(FullyAsyncTaskRunner pid=5484)[0m                                          'expert_parallel_size': 1,
[36m(FullyAsyncTaskRunner pid=5484)[0m                                          'free_cache_engine': True,
[36m(FullyAsyncTaskRunner pid=5484)[0m                                          'full_determinism': False,
[36m(FullyAsyncTaskRunner pid=5484)[0m                                          'gpu_memory_utilization': 0.5,
[36m(FullyAsyncTaskRunner pid=5484)[0m                                          
[36m(FullyAsyncTaskRunner pid=5484)[0m 'ignore_eos': False,
[36m(FullyAsyncTaskRunner pid=5484)[0m                                          'layered_summon': False,
[36m(FullyAsyncTaskRunner pid=5484)[0m                                          'limit_images': None,
[36m(FullyAsyncTaskRunner pid=5484)[0m                                          'load_format': 'auto',
[36m(FullyAsyncTaskRunner pid=5484)[0m                                          'max_model_len': None,
[36m(FullyAsyncTaskRunner pid=5484)[0m                                          'max_num_batched_tokens': 8192,
[36m(FullyAsyncTaskRunner pid=5484)[0m                                          'max_num_seqs': 1024,
[36m(FullyAsyncTaskRunner pid=5484)[0m                                          'mtp': None,
[36m(FullyAsyncTaskRunner pid=5484)[0m                                          'multi_stage_wake_up': False,
[36m(FullyAsyncTaskRunner pid=5484)[0m                                          'n': 1,
[36m(FullyAsyncTaskRunner pid=5484)[0m                                          'name': '???',
[36m(FullyAsyncTaskRunner pid=5484)[0m                                          'pipeline_model_parallel_size': 1,
[36m(FullyAsyncTaskRunner pid=5484)[0m                                          'prompt_length': 2048,
[36m(FullyAsyncTaskRunner pid=5484)[0m                                          'quantization': None,
[36m(FullyAsyncTaskRunner pid=5484)[0m                                          'quantization_config_file': None,
[36m(FullyAsyncTaskRunner pid=5484)[0m                                          'response_length': 2048,
[36m(FullyAsyncTaskRunner pid=5484)[0m                                          'scheduling_policy': 'fcfs',
[36m(FullyAsyncTaskRunner pid=5484)[0m                                          'seed': 42,
[36m(FullyAsyncTaskRunner pid=5484)[0m                                          'skip_tokenizer_init': False,
[36m(FullyAsyncTaskRunner pid=5484)[0m                                          'temperature': 1.0,
[36m(FullyAsyncTaskRunner pid=5484)[0m                                          'tensor_model_parallel_size': 2,
[36m(FullyAsyncTaskRunner pid=5484)[0m                                          'top_k': -1,
[36m(FullyAsyncTaskRunner pid=5484)[0m                                          'top_p': 1}},
[36m(FullyAsyncTaskRunner pid=5484)[0m             'sandbox_fusion': {'_target_': 'verl.workers.config.SandboxFusionConfig',
[36m(FullyAsyncTaskRunner pid=5484)[0m                                'max_concurrent': 64,
[36m(FullyAsyncTaskRunner pid=5484)[0m                                'memory_limit_mb': 1024,
[36m(FullyAsyncTaskRunner pid=5484)[0m                                'url': None}},
[36m(FullyAsyncTaskRunner pid=5484)[0m  'rollout': {'n': 4,
[36m(FullyAsyncTaskRunner pid=5484)[0m              'n_gpus_per_node': 1,
[36m(FullyAsyncTaskRunner pid=5484)[0m              'nnodes': 1,
[36m(FullyAsyncTaskRunner pid=5484)[0m              'total_rollout_steps': 65536},
[36m(FullyAsyncTaskRunner pid=5484)[0m  'skip': 
[36m(FullyAsyncTaskRunner pid=5484)[0m {'_target_': 'verl.utils.skip.SkipManagerConfig',
[36m(FullyAsyncTaskRunner pid=5484)[0m           'async_rollout': {'action': 'cache',
[36m(FullyAsyncTaskRunner pid=5484)[0m                             'dump_dir': '~/.verl/rollout_dump',
[36m(FullyAsyncTaskRunner pid=5484)[0m                             'enable': False,
[36m(FullyAsyncTaskRunner pid=5484)[0m                             'steps': []},
[36m(FullyAsyncTaskRunner pid=5484)[0m           'rollout': {'action': 'cache',
[36m(FullyAsyncTaskRunner pid=5484)[0m                       'dump_dir': '~/.verl/rollout_dump',
[36m(FullyAsyncTaskRunner pid=5484)[0m                       'enable': False,
[36m(FullyAsyncTaskRunner pid=5484)[0m                       'steps': []},
[36m(FullyAsyncTaskRunner pid=5484)[0m           'rollout_tq': {'action': 'cache',
[36m(FullyAsyncTaskRunner pid=5484)[0m                          'dump_dir': '~/.verl/rollout_dump',
[36m(FullyAsyncTaskRunner pid=5484)[0m                          'enable': False,
[36m(FullyAsyncTaskRunner pid=5484)[0m                          'steps': []}},
[36m(FullyAsyncTaskRunner pid=5484)[0m  'trainer': {'balance_batch': True,
[36m(FullyAsyncTaskRunner pid=5484)[0m              'critic_warmup': 0,
[36m(FullyAsyncTaskRunner pid=5484)[0m              'default_hdfs_dir': None,
[36m(FullyAsyncTaskRunner pid=5484)[0m              'default_local_dir': '/workspace/results/ckpts',
[36m(FullyAsyncTaskRunner pid=5484)[0m              'del_local_ckpt_after_load': False,
[36m(FullyAsyncTaskRunner pid=5484)[0m              'device': 'cuda',
[36m(FullyAsyncTaskRunner pid=5484)[0m              'esi_redundant_time': 0,
[36m(FullyAsyncTaskRunner pid=5484)[0m              'experiment_name': 'r1distill1.5b-euruscode-s8',
[36m(FullyAsyncTaskRunner pid=5484)[0m              'log_val_generations': 0,
[36m(FullyAsyncTaskRunner pid=5484)[0m              'logger': ['console'],
[36m(FullyAsyncTaskRunner pid=5484)[0m              'max_actor_ckpt_to_keep': None,
[36m(FullyAsyncTaskRunner pid=5484)[0m              'max_critic_ckpt_to_keep': None,
[36m(FullyAsyncTaskRunner pid=5484)[0m              'n_gpus_per_node': 1,
[36m(FullyAsyncTaskRunner pid=5484)[0m              'nnodes': 1,
[36m(FullyAsyncTaskRunner pid=5484)[0m              
[36m(FullyAsyncTaskRunner pid=5484)[0m 'project_name': 'code-rlvr-m0',
[36m(FullyAsyncTaskRunner pid=5484)[0m              'ray_wait_register_center_timeout': 300,
[36m(FullyAsyncTaskRunner pid=5484)[0m              'resume_from_path': None,
[36m(FullyAsyncTaskRunner pid=5484)[0m              'resume_mode': 'disable',
[36m(FullyAsyncTaskRunner pid=5484)[0m              'rollout_data_dir': None,
[36m(FullyAsyncTaskRunner pid=5484)[0m              'save_freq': -1,
[36m(FullyAsyncTaskRunner pid=5484)[0m              'test_freq': -1,
[36m(FullyAsyncTaskRunner pid=5484)[0m              'total_epochs': 10,
[36m(FullyAsyncTaskRunner pid=5484)[0m              'total_training_steps': None,
[36m(FullyAsyncTaskRunner pid=5484)[0m              'use_v1': True,
[36m(FullyAsyncTaskRunner pid=5484)[0m              'v1': {'colocate_async': {'num_warmup_batches': 1},
[36m(FullyAsyncTaskRunner pid=5484)[0m                     'sampler': {'custom_sampler': {'name': None, 'path': None},
[36m(FullyAsyncTaskRunner pid=5484)[0m                                 'max_off_policy_strategy': 'drop',
[36m(FullyAsyncTaskRunner pid=5484)[0m                                 'max_off_policy_threshold': 8,
[36m(FullyAsyncTaskRunner pid=5484)[0m                                 'sampler_kwargs': {},
[36m(FullyAsyncTaskRunner pid=5484)[0m                                 'sync_refill_failed_groups': False},
[36m(FullyAsyncTaskRunner pid=5484)[0m                     'separate_async': {'num_warmup_batches': 1,
[36m(FullyAsyncTaskRunner pid=5484)[0m                                        'parameter_sync_step': 4},
[36m(FullyAsyncTaskRunner pid=5484)[0m                     'sync': {},
[36m(FullyAsyncTaskRunner pid=5484)[0m                     'trainer_mode': 'sync'},
[36m(FullyAsyncTaskRunner pid=5484)[0m              'val_before_train': False,
[36m(FullyAsyncTaskRunner pid=5484)[0m              'val_only': False,
[36m(FullyAsyncTaskRunner pid=5484)[0m              'validation_data_dir': None},
[36m(FullyAsyncTaskRunner pid=5484)[0m  'transfer_queue': {'backend': {'MooncakeStore': {'auto_init': False,
[36m(FullyAsyncTaskRunner pid=5484)[0m                                                   'device_name': '',
[36m(FullyAsyncTaskRunner pid=5484)[0m                                                   'global_segment_size': 4294967296,
[36m(FullyAsyncTaskRunner pid=5484)[0m                                                   'local_buffer_size': 1073741824,
[36m(FullyAsyncTaskRunner pid=5484)[0m                                                   'local_hostname': 'localhost',
[36m(FullyAsyncTaskRunner pid=5484)[0m                                                   'master_server_address': 'localhost:50124',
[36m(FullyAsyncTaskRunner pid=5484)[0m                                                   'metadata_server': 
[36m(FullyAsyncTaskRunner pid=5484)[0m 'localhost:50123',
[36m(FullyAsyncTaskRunner pid=5484)[0m                                                   'protocol': 'tcp'},
[36m(FullyAsyncTaskRunner pid=5484)[0m                                 'SimpleStorage': {'num_data_storage_units': 8,
[36m(FullyAsyncTaskRunner pid=5484)[0m                                                   'total_storage_size': 100000},
[36m(FullyAsyncTaskRunner pid=5484)[0m                                 'storage_backend': 'SimpleStorage'},
[36m(FullyAsyncTaskRunner pid=5484)[0m                     'enable': False,
[36m(FullyAsyncTaskRunner pid=5484)[0m                     'metrics': {'enabled': False, 'port': 0}}}
[36m(FullyAsyncTaskRunner pid=5484)[0m [ASYNC MAIN] Initializing model and tokenizer...
[36m(FullyAsyncTaskRunner pid=5484)[0m [ASYNC MAIN] Creating worker mapping and resource pools...
[36m(FullyAsyncTaskRunner pid=5484)[0m [ASYNC MAIN] Creating FullyAsyncTrainer first (needed for hybrid worker group injection)...
[36m(FullyAsyncTaskRunner pid=5484)[0m [ASYNC MAIN] Starting create trainer...
[36m(pid=6094)[0m WARNING:2026-08-04 23:36:09,641:Platform 'nvidia' (PlatformCUDA) is registered but not available. This may be due to this ray actor being a CPU-only actor.
[36m(pid=6094)[0m W0804 23:36:10.376000 6094 torch/utils/cpp_extension.py:140] No CUDA runtime is found, using CUDA_HOME='/usr/local/cuda'
[36m(FullyAsyncTrainer pid=6094)[0m colocated worker base class <class 'verl.single_controller.base.worker.Worker'>
[36m(FullyAsyncTrainer pid=6094)[0m /workspace/verl-src/verl/experimental/fully_async_policy/fully_async_trainer.py:92: UserWarning: Disabled critic as algorithm.adv_estimator != gae. If it is not intended, please set critic.enable=True
[36m(FullyAsyncTrainer pid=6094)[0m   self.use_critic = need_critic(self.config)
[36m(FullyAsyncTrainer pid=6094)[0m Using blocking ray.get inside async actor. This blocks the event loop. Please use `await` on object ref with asyncio.gather if you want to yield execution to the event loop instead.
[36m(WorkerDict pid=6789)[0m Flash Attention 2 only supports torch.float16 and torch.bfloat16 dtypes, but the current dype in Qwen2ForCausalLM is torch.float32. You should run training or inference using Automatic Mixed-Precision via the `with torch.autocast(device_type='torch_device'):` decorator, or load the model with the `dtype` argument. Example: `model = AutoModel.from_pretrained("openai/whisper-tiny", attn_implementation="flash_attention_2", dtype=torch.float16)`
[36m(WorkerDict pid=6789)[0m Flash Attention 2 only supports torch.float16 and torch.bfloat16 dtypes, but the current dype in Qwen2Model is torch.float32. You should run training or inference using Automatic Mixed-Precision via the `with torch.autocast(device_type='torch_device'):` decorator, or load the model with the `dtype` argument. Example: `model = AutoModel.from_pretrained("openai/whisper-tiny", attn_implementation="flash_attention_2", dtype=torch.float16)`
[36m(WorkerDict pid=6789)[0m Loading weights:   0%|          | 0/339 [00:00<?, ?it/s]
[36m(WorkerDict pid=6789)[0m Loading weights:   0%|          | 1/339 [00:00<02:19,  2.43it/s]
[36m(WorkerDict pid=6789)[0m Loading weights:  51%|█████     | 172/339 [00:00<00:00, 430.50it/s]
[36m(WorkerDict pid=6789)[0m Loading weights:  78%|███████▊  | 263/339 [00:00<00:00, 476.23it/s]
[36m(WorkerDict pid=6789)[0m Loading weights: 100%|█████████▉| 338/339 [00:00<00:00, 501.59it/s]Loading weights: 100%|██████████| 339/339 [00:00<00:00, 413.07it/s]
[36m(WorkerDict pid=6789)[0m Monkey patch state_dict in AutoModelForCausalLMWithValueHead. 
[36m(WorkerDict pid=6789)[0m Monkey patch _flash_attention_forward in transformers.integrations.flash_attention
[36m(WorkerDict pid=6789)[0m Skipping monkey patch for Qwen2ForCausalLM as use_fused_kernels is False or fused_kernels_backend is torch
[36m(WorkerDict pid=6789)[0m Qwen2ForCausalLM contains 1.78B parameters
[36m(WorkerDict pid=6789)[0m /usr/local/lib/python3.12/dist-packages/torch/distributed/fsdp/fully_sharded_data_parallel.py:478: UserWarning: FSDP is switching to use `NO_SHARD` instead of ShardingStrategy.FULL_SHARD since the world size is 1.
[36m(WorkerDict pid=6789)[0m   _init_core_state(
[36m(WorkerDict pid=6789)[0m Before FSDP, memory allocated (GB): 0.00, memory reserved (GB): 0.00, device memory used/total (GB): 0.51/79.18
[36m(WorkerDict pid=6789)[0m NCCL version 2.28.9+cuda13.0
[36m(WorkerDict pid=6789)[0m /workspace/verl-src/verl/workers/engine/fsdp/transformer_impl.py:459: FutureWarning: FSDP.state_dict_type() and FSDP.set_state_dict_type() are being deprecated. Please use APIs, get_state_dict() and set_state_dict(), which can support different parallelisms, FSDP1, FSDP2, DDP. API doc: https://pytorch.org/docs/stable/distributed.checkpoint.html#torch.distributed.checkpoint.state_dict.get_state_dict .Tutorial: https://pytorch.org/tutorials/recipes/distributed_checkpoint_recipe.html .
[36m(WorkerDict pid=6789)[0m   FSDP.set_state_dict_type(
[36m(WorkerDict pid=6789)[0m After FSDP, memory allocated (GB): 6.62, memory reserved (GB): 10.35, device memory used/total (GB): 11.50/79.18
[36m(WorkerDict pid=6789)[0m Total steps: -1, num_warmup_steps: 0
[36m(FullyAsyncTaskRunner pid=5484)[0m [ASYNC MAIN] FullyAsyncTrainer created and initialized successfully
[36m(FullyAsyncTaskRunner pid=5484)[0m [ASYNC MAIN] Injecting trainer's worker group into rollouter for hybrid replicas...
[36m(FullyAsyncTaskRunner pid=5484)[0m [ASYNC MAIN] Neither use_trainer_do_validate nor use_dynamic_resource_scheduling enabled, skipping hybrid worker group setup
[36m(FullyAsyncTaskRunner pid=5484)[0m [ASYNC MAIN] Creating FullyAsyncRollouter...
[36m(FullyAsyncTaskRunner pid=5484)[0m [ASYNC MAIN] Starting create rollouter...
[36m(pid=7445)[0m WARNING:2026-08-04 23:36:34,269:Platform 'nvidia' (PlatformCUDA) is registered but not available. This may be due to this ray actor being a CPU-only actor.
[36m(pid=7445)[0m W0804 23:36:35.006000 7445 torch/utils/cpp_extension.py:140] No CUDA runtime is found, using CUDA_HOME='/usr/local/cuda'
[36m(FullyAsyncRollouter pid=7445)[0m [FullyAsyncRollouter] Creating datasets...
[36m(FullyAsyncRollouter pid=7445)[0m Using dataset class: RLHFDataset
[36m(FullyAsyncRollouter pid=7445)[0m dataset len: 512
[36m(FullyAsyncRollouter pid=7445)[0m Using dataset class: RLHFDataset
[36m(FullyAsyncRollouter pid=7445)[0m Generating train split: 0 examples [00:00, ? examples/s]Generating train split: 512 examples [00:00, 62343.48 examples/s]
[36m(FullyAsyncRollouter pid=7445)[0m dataset len: 64
[36m(FullyAsyncRollouter pid=7445)[0m Size of train dataloader: 512, Size of val dataloader: 1
[36m(FullyAsyncRollouter pid=7445)[0m Total training steps: 5120
[36m(FullyAsyncRollouter pid=7445)[0m [FullyAsyncRollouter] Total rollout steps: 5120
[36m(FullyAsyncRollouter pid=7445)[0m Generating train split: 0 examples [00:00, ? examples/s]Generating train split: 64 examples [00:00, 15894.10 examples/s]
[36m(FullyAsyncRollouter pid=7445)[0m WARNING 08-04 23:36:40 [nixl_utils.py:34] NIXL is not available
[36m(FullyAsyncRollouter pid=7445)[0m WARNING 08-04 23:36:40 [nixl_utils.py:44] NIXL agent config is not available
[36m(FullyAsyncRollouter pid=7445)[0m Using blocking ray.get inside async actor. This blocks the event loop. Please use `await` on object ref with asyncio.gather if you want to yield execution to the event loop instead.
[36m(CheckpointEngineWorker pid=8558)[0m WARNING 08-04 23:36:49 [nixl_utils.py:34] NIXL is not available
[36m(CheckpointEngineWorker pid=8558)[0m WARNING 08-04 23:36:49 [nixl_utils.py:44] NIXL agent config is not available
[36m(pid=9124)[0m WARNING 08-04 23:36:59 [nixl_utils.py:34] NIXL is not available
[36m(pid=9124)[0m WARNING 08-04 23:36:59 [nixl_utils.py:44] NIXL agent config is not available
[36m(vLLMHttpServer pid=9124)[0m ['serve',
[36m(vLLMHttpServer pid=9124)[0m  '/workspace/models/DeepSeek-R1-Distill-Qwen-1.5B',
[36m(vLLMHttpServer pid=9124)[0m  '--dtype',
[36m(vLLMHttpServer pid=9124)[0m  'bfloat16',
[36m(vLLMHttpServer pid=9124)[0m  '--load_format',
[36m(vLLMHttpServer pid=9124)[0m  'auto',
[36m(vLLMHttpServer pid=9124)[0m  '--distributed_executor_backend',
[36m(vLLMHttpServer pid=9124)[0m  'mp',
[36m(vLLMHttpServer pid=9124)[0m  '--worker_extension_cls',
[36m(vLLMHttpServer pid=9124)[0m  'verl.workers.rollout.vllm_rollout.utils.vLLMColocateWorkerExtension',
[36m(vLLMHttpServer pid=9124)[0m  '--max_model_len',
[36m(vLLMHttpServer pid=9124)[0m  '131072',
[36m(vLLMHttpServer pid=9124)[0m  '--max_num_seqs',
[36m(vLLMHttpServer pid=9124)[0m  '1024',
[36m(vLLMHttpServer pid=9124)[0m  '--enable_chunked_prefill',
[36m(vLLMHttpServer pid=9124)[0m  '--max_num_batched_tokens',
[36m(vLLMHttpServer pid=9124)[0m  '8192',
[36m(vLLMHttpServer pid=9124)[0m  '--enable_prefix_caching',
[36m(vLLMHttpServer pid=9124)[0m  '--enable_sleep_mode',
[36m(vLLMHttpServer pid=9124)[0m  '--logprobs_mode',
[36m(vLLMHttpServer pid=9124)[0m  'processed_logprobs',
[36m(vLLMHttpServer pid=9124)[0m  '--gpu_memory_utilization',
[36m(vLLMHttpServer pid=9124)[0m  '0.8',
[36m(vLLMHttpServer pid=9124)[0m  '--disable_log_stats',
[36m(vLLMHttpServer pid=9124)[0m  '--tensor_parallel_size',
[36m(vLLMHttpServer pid=9124)[0m  '1',
[36m(vLLMHttpServer pid=9124)[0m  '--seed',
[36m(vLLMHttpServer pid=9124)[0m  '42',
[36m(vLLMHttpServer pid=9124)[0m  '--override_generation_config',
[36m(vLLMHttpServer pid=9124)[0m  '{"temperature": 1.0, "top_k": -1, "top_p": 1.0, "repetition_penalty": 1.0, '
[36m(vLLMHttpServer pid=9124)[0m  '"max_new_tokens": 16384}',
[36m(vLLMHttpServer pid=9124)[0m  '--hf_overrides',
[36m(vLLMHttpServer pid=9124)[0m  '{}',
[36m(vLLMHttpServer pid=9124)[0m  '--scheduling_policy',
[36m(vLLMHttpServer pid=9124)[0m  'fcfs',
[36m(vLLMHttpServer pid=9124)[0m  '--compilation_config',
[36m(vLLMHttpServer pid=9124)[0m  '{"cudagraph_mode": "FULL_AND_PIECEWISE"}',
[36m(vLLMHttpServer pid=9124)[0m  '--mm_processor_cache_gb',
[36m(vLLMHttpServer pid=9124)[0m  '0']
[36m(vLLMHttpServer pid=9124)[0m WARNING 08-04 23:37:01 [envs.py:1830] Unknown vLLM environment variable detected: VLLM_USE_V1
[36m(vLLMHttpServer pid=9124)[0m WARNING 08-04 23:37:08 [system_utils.py:157] We must use the `spawn` multiprocessing start method. Overriding VLLM_WORKER_MULTIPROC_METHOD to 'spawn'. See https://docs.vllm.ai/en/latest/usage/troubleshooting.html#python-multiprocessing for more information. Reasons: In a Ray actor and can only be spawned; CUDA is initialized
[36m(vLLMHttpServer pid=9124)[0m WARNING 08-04 23:37:20 [nixl_utils.py:34] NIXL is not available
[36m(vLLMHttpServer pid=9124)[0m WARNING 08-04 23:37:20 [nixl_utils.py:44] NIXL agent config is not available
[36m(vLLMHttpServer pid=9124)[0m (Worker pid=10185) Loading safetensors checkpoint shards:   0% Completed | 0/1 [00:00<?, ?it/s]
[36m(vLLMHttpServer pid=9124)[0m (Worker pid=10185) Loading safetensors checkpoint shards: 100% Completed | 1/1 [00:00<00:00,  1.83it/s]
[36m(vLLMHttpServer pid=9124)[0m (Worker pid=10185) Loading safetensors checkpoint shards: 100% Completed | 1/1 [00:00<00:00,  1.82it/s]
[36m(vLLMHttpServer pid=9124)[0m (Worker pid=10185) 
[36m(vLLMHttpServer pid=9124)[0m (Worker pid=10185) 2026-08-04 23:37:44,709 - INFO - autotuner.py:457 - flashinfer.jit: [Autotuner]: Autotuning process starts ...
[36m(vLLMHttpServer pid=9124)[0m (Worker pid=10185) 2026-08-04 23:37:44,719 - INFO - autotuner.py:466 - flashinfer.jit: [Autotuner]: Autotuning process ends
[36m(vLLMHttpServer pid=9124)[0m (Worker pid=10185) Capturing CUDA graphs (mixed prefill-decode, PIECEWISE):   0%|          | 0/51 [00:00<?, ?it/s]
[36m(vLLMHttpServer pid=9124)[0m Capturing CUDA graphs (mixed prefill-decode, PIECEWISE):   8%|▊         | 4/51 [00:00<00:01, 37.97it/s]
[36m(vLLMHttpServer pid=9124)[0m Capturing CUDA graphs (mixed prefill-decode, PIECEWISE):  16%|█▌        | 8/51 [00:00<00:01, 34.69it/s]
[36m(vLLMHttpServer pid=9124)[0m Capturing CUDA graphs (mixed prefill-decode, PIECEWISE):  24%|██▎       | 12/51 [00:00<00:01, 33.99it/s]
[36m(vLLMHttpServer pid=9124)[0m Capturing CUDA graphs (mixed prefill-decode, PIECEWISE):  31%|███▏      | 16/51 [00:00<00:01, 34.14it/s]
[36m(vLLMHttpServer pid=9124)[0m Capturing CUDA graphs (mixed prefill-decode, PIECEWISE):  39%|███▉      | 20/51 [00:00<00:00, 34.04it/s]
[36m(vLLMHttpServer pid=9124)[0m Capturing CUDA graphs (mixed prefill-decode, PIECEWISE):  47%|████▋     | 24/51 [00:00<00:00, 32.38it/s]
[36m(vLLMHttpServer pid=9124)[0m Capturing CUDA graphs (mixed prefill-decode, PIECEWISE):  55%|█████▍    | 28/51 [00:00<00:00, 32.28it/s]
[36m(vLLMHttpServer pid=9124)[0m Capturing CUDA graphs (mixed prefill-decode, PIECEWISE):  63%|██████▎   | 32/51 [00:00<00:00, 31.52it/s]
[36m(vLLMHttpServer pid=9124)[0m Capturing CUDA graphs (mixed prefill-decode, PIECEWISE):  71%|███████   | 36/51 [00:01<00:00, 31.75it/s]
[36m(vLLMHttpServer pid=9124)[0m Capturing CUDA graphs (mixed prefill-decode, PIECEWISE):  78%|███████▊  | 40/51 [00:01<00:00, 30.93it/s]
[36m(vLLMHttpServer pid=9124)[0m Capturing CUDA graphs (mixed prefill-decode, PIECEWISE):  86%|████████▋ | 44/51 [00:01<00:00, 30.23it/s]
[36m(vLLMHttpServer pid=9124)[0m Capturing CUDA graphs (mixed prefill-decode, PIECEWISE):  94%|█████████▍| 48/51 [00:01<00:00, 29.77it/s]
[36m(vLLMHttpServer pid=9124)[0m Capturing CUDA graphs (mixed prefill-decode, PIECEWISE): 100%|██████████| 51/51 [00:01<00:00, 31.70it/s]
[36m(vLLMHttpServer pid=9124)[0m (Worker pid=10185) Capturing CUDA graphs (decode, FULL):   0%|          | 0/51 [00:00<?, ?it/s]
[36m(vLLMHttpServer pid=9124)[0m Capturing CUDA graphs (decode, FULL):  10%|▉         | 5/51 [00:00<00:00, 49.85it/s]
[36m(vLLMHttpServer pid=9124)[0m Capturing CUDA graphs (decode, FULL):  20%|█▉        | 10/51 [00:00<00:00, 49.94it/s]
[36m(vLLMHttpServer pid=9124)[0m Capturing CUDA graphs (decode, FULL):  31%|███▏      | 16/51 [00:00<00:00, 50.17it/s]
[36m(vLLMHttpServer pid=9124)[0m Capturing CUDA graphs (decode, FULL):  43%|████▎     | 22/51 [00:00<00:00, 49.87it/s]
[36m(vLLMHttpServer pid=9124)[0m Capturing CUDA graphs (decode, FULL):  53%|█████▎    | 27/51 [00:00<00:00, 49.77it/s]
[36m(vLLMHttpServer pid=9124)[0m Capturing CUDA graphs (decode, FULL):  63%|██████▎   | 32/51 [00:00<00:00, 49.52it/s]
[36m(vLLMHttpServer pid=9124)[0m Capturing CUDA graphs (decode, FULL):  75%|███████▍  | 38/51 [00:00<00:00, 50.15it/s]
[36m(vLLMHttpServer pid=9124)[0m Capturing CUDA graphs (decode, FULL):  86%|████████▋ | 44/51 [00:00<00:00, 50.14it/s]
[36m(vLLMHttpServer pid=9124)[0m Capturing CUDA graphs (decode, FULL):  98%|█████████▊| 50/51 [00:00<00:00, 50.71it/s]
[36m(vLLMHttpServer pid=9124)[0m Capturing CUDA graphs (decode, FULL): 100%|██████████| 51/51 [00:01<00:00, 50.24it/s]
[36m(vLLMHttpServer pid=9124)[0m (EngineCore pid=9943) WARNING 08-04 23:37:50 [nixl_utils.py:34] NIXL is not available
[36m(vLLMHttpServer pid=9124)[0m (EngineCore pid=9943) WARNING 08-04 23:37:50 [nixl_utils.py:44] NIXL agent config is not available
[36m(vLLMHttpServer pid=9124)[0m WARNING 08-04 23:37:50 [api_router.py:30] LoRA dynamic loading & unloading is enabled in the API server. This should ONLY be used for local development!
[36m(vLLMHttpServer pid=9124)[0m WARNING 08-04 23:37:50 [model.py:1437] Default vLLM sampling parameters have been overridden by the model's `generation_config.json`: `{'repetition_penalty': 1.0, 'temperature': 1.0, 'top_k': -1, 'top_p': 1.0, 'max_tokens': 16384}`. If this is not intended, please relaunch vLLM instance with `--generation-config vllm`.
[36m(FullyAsyncRollouter pid=7445)[0m LLMServerManager: ['10.96.2.5:45537']
[36m(FullyAsyncRollouter pid=7445)[0m [FullyAsyncLLMServerManager] Created: 1 standalone replicas (rank 0+), 0 hybrid replicas registered (sleeping, rank 0--1)
[36m(FullyAsyncTaskRunner pid=5484)[0m [ASYNC MAIN] Rollouter created and initialized successfully
[36m(FullyAsyncTaskRunner pid=5484)[0m [ASYNC MAIN] Setting up rollouter reference on trainer
[36m(FullyAsyncRollouter pid=7445)[0m [FullyAsyncRollouter] required_samples : 64 max_required_samples: 576 max_queue_size: 576 total_train_steps: 80 total_rollout_steps: 5120 max_concurrent_samples: 16 
[36m(FullyAsyncTrainer pid=6094)[0m WARNING 08-04 23:37:54 [nixl_utils.py:34] NIXL is not available
[36m(FullyAsyncTrainer pid=6094)[0m WARNING 08-04 23:37:54 [nixl_utils.py:44] NIXL agent config is not available
[36m(FullyAsyncTaskRunner pid=5484)[0m total_train_steps 80
[36m(FullyAsyncTaskRunner pid=5484)[0m [ASYNC MAIN] Creating MessageQueue... max_queue_size 576
[36m(FullyAsyncTaskRunner pid=5484)[0m [ASYNC MAIN] Param sync before fit..
[36m(FullyAsyncTrainer pid=6094)[0m [FullyAsyncTrainer] Checkpoint manager initialized (backend=nccl)
[36m(FullyAsyncTrainer pid=6094)[0m Training Progress:   0%|          | 0/80 [00:00<?, ?it/s]
[36m(FullyAsyncRollouter pid=7445)[0m [FullyAsyncRollouter] Resume mode is disabled, starting from scratch
[33m(raylet)[0m It looks like you're creating a detached actor in an anonymous namespace. In order to access this actor in the future, you will need to explicitly connect to this namespace with ray.init(namespace="99572d8f-b6e5-4556-b101-b8e48dbd6e9c", ...)
[36m(WorkerDict pid=6789)[0m Using blocking ray.get inside async actor. This blocks the event loop. Please use `await` on object ref with asyncio.gather if you want to yield execution to the event loop instead.
[36m(MessageQueue pid=12602)[0m [MessageQueue] initialized with max_queue_size=576
[36m(WorkerDict pid=6789)[0m /usr/local/lib/python3.12/dist-packages/torch/utils/_contextlib.py:124: UserWarning: When using ``NO_SHARD`` for ``ShardingStrategy``, full_state_dict will be returned.
[36m(WorkerDict pid=6789)[0m   return func(*args, **kwargs)
[36m(FullyAsyncTaskRunner pid=5484)[0m [ASYNC MAIN] All components initialized successfully
[36m(FullyAsyncTaskRunner pid=5484)[0m [ASYNC MAIN] Starting Rollouter and Trainer...
[36m(FullyAsyncTrainer pid=6094)[0m [FullyAsyncTrainer] _fit_update_weights, timing_s/param_sync: 2.4873 seconds self.current_param_version: 0
[36m(FullyAsyncTrainer pid=6094)[0m step:0 - fully_async/rollouter/active_time:78.00809264183044 - fully_async/rollouter/version_time:78.00809264183044 - fully_async/rollouter/idle_ratio:0 - fully_async/rollouter/step_generated_samples:0 - dynamic_resource/rollout_resource_utilization:0.0
[36m(FullyAsyncTrainer pid=6094)[0m [FullyAsyncTrainer] Starting FullyAsyncTrainer...
[36m(FullyAsyncTrainer pid=6094)[0m [FullyAsyncTrainer] Requesting 64 samples from queue
[36m(FullyAsyncRollouter pid=7445)[0m [FullyAsyncRollouter][RolloutResourceUtilization] raw active_count_history (timestamp, active_count, max_concurrent): [(1785886598.8609812, 0, 16), (1785886676.8690681, 0, 16)]
[36m(FullyAsyncRollouter pid=7445)[0m [FullyAsyncRollouter][Public][reset_staleness] reset staleness_samples to: 0 idle_ratio: 0.0000 step_generated_samples(this_step): 0 rollout_resource_utilization: 0.0000 recent_history(last 10 steps): []
[36m(FullyAsyncRollouter pid=7445)[0m [FullyAsyncRollouter] Starting FullyAsyncRollouter...
[36m(FullyAsyncRollouter pid=7445)[0m [FullyAsyncRollouter] Start streaming mode, maximum concurrent samples: 16
[36m(vLLMHttpServer pid=9124)[0m (Worker pid=10185) WARNING 08-04 23:37:56 [layerwise.py:225] RotaryEmbedding: Failed to load weights
[36m(vLLMHttpServer pid=9124)[0m (EngineCore pid=9943) WARNING 08-04 23:37:56 [scheduler.py:1919] reset_connector called but no KV connector is configured.
[36m(GlobalRequestLoadBalancer pid=11938)[0m W0804 23:37:58.126000 11938 torch/utils/cpp_extension.py:140] No CUDA runtime is found, using CUDA_HOME='/usr/local/cuda'
[36m(AgentLoopWorker pid=11943)[0m Using dataset class: RLHFDataset
[36m(AgentLoopWorker pid=11943)[0m WARNING:2026-08-04 23:37:59,621:Platform 'nvidia' (PlatformCUDA) is registered but not available. This may be due to this ray actor being a CPU-only actor.
[36m(CheckpointEngineWorker pid=8558)[0m Using blocking ray.get inside async actor. This blocks the event loop. Please use `await` on object ref with asyncio.gather if you want to yield execution to the event loop instead.
[36m(GlobalRequestLoadBalancer pid=11938)[0m WARNING 08-04 23:38:00 [nixl_utils.py:34] NIXL is not available
[36m(GlobalRequestLoadBalancer pid=11938)[0m WARNING 08-04 23:38:00 [nixl_utils.py:44] NIXL agent config is not available
[36m(vLLMHttpServer pid=9124)[0m WARNING 08-04 23:38:03 [input_processor.py:274] Passing raw prompts to InputProcessor is deprecated and will be removed in v0.18. You should instead pass the outputs of Renderer.render_cmpl() or Renderer.render_chat().
[36m(AgentLoopWorker pid=11951)[0m W0804 23:38:01.225000 11951 torch/utils/cpp_extension.py:140] No CUDA runtime is found, using CUDA_HOME='/usr/local/cuda'[32m [repeated 8x across cluster] (Ray deduplicates logs by default. Set RAY_DEDUP_LOGS=0 to disable log deduplication, or see https://docs.ray.io/en/master/ray-observability/user-guides/configure-logging.html#log-deduplication for more options.)[0m
[36m(RewardLoopWorker pid=7986)[0m WARNING:2026-08-04 23:38:46,689:Platform 'nvidia' (PlatformCUDA) is registered but not available. This may be due to this ray actor being a CPU-only actor.[32m [repeated 8x across cluster][0m
[36m(RewardLoopWorker pid=7989)[0m WARNING:2026-08-04 23:38:52,307:Platform 'nvidia' (PlatformCUDA) is registered but not available. This may be due to this ray actor being a CPU-only actor.[32m [repeated 2x across cluster][0m
[36m(RewardLoopWorker pid=7984)[0m WARNING:2026-08-04 23:38:57,739:Platform 'nvidia' (PlatformCUDA) is registered but not available. This may be due to this ray actor being a CPU-only actor.
[36m(RewardLoopWorker pid=7985)[0m WARNING:2026-08-04 23:39:02,694:Platform 'nvidia' (PlatformCUDA) is registered but not available. This may be due to this ray actor being a CPU-only actor.
[36m(RewardLoopWorker pid=7983)[0m WARNING:2026-08-04 23:39:10,002:Platform 'nvidia' (PlatformCUDA) is registered but not available. This may be due to this ray actor being a CPU-only actor.[32m [repeated 2x across cluster][0m
[36m(FullyAsyncTrainer pid=6094)[0m [FullyAsyncTrainer] sample collected 1/64. mq_len: 0
[36m(AgentLoopWorker pid=11950)[0m Using dataset class: RLHFDataset[32m [repeated 7x across cluster][0m
[36m(AgentLoopWorker pid=11955)[0m WARNING 08-04 23:38:02 [nixl_utils.py:34] NIXL is not available[32m [repeated 8x across cluster][0m
[36m(AgentLoopWorker pid=11955)[0m WARNING 08-04 23:38:02 [nixl_utils.py:44] NIXL agent config is not available[32m [repeated 8x across cluster][0m
[36m(RewardLoopWorker pid=7988)[0m WARNING:2026-08-04 23:40:02,981:Platform 'nvidia' (PlatformCUDA) is registered but not available. This may be due to this ray actor being a CPU-only actor.
[36m(FullyAsyncRollouter pid=7445)[0m [FullyAsyncRollouter][MonitorLoop][Statistics] {'count/dropped_stale_samples': 0,
[36m(FullyAsyncRollouter pid=7445)[0m  'count/staleness_samples': 18,
[36m(FullyAsyncRollouter pid=7445)[0m  'count/total_generated_samples': 1,
[36m(FullyAsyncRollouter pid=7445)[0m  'monitor/active_tasks_size': 16,
[36m(FullyAsyncRollouter pid=7445)[0m  'monitor/queue/mq_queue_size': 0,
[36m(FullyAsyncRollouter pid=7445)[0m  'monitor/queue/pending_queue_size': 128,
[36m(FullyAsyncRollouter pid=7445)[0m  'static/max_concurrent_samples': 16,
[36m(FullyAsyncRollouter pid=7445)[0m  'static/max_queue_size': 576,
[36m(FullyAsyncRollouter pid=7445)[0m  'static/max_required_samples': 576,
[36m(FullyAsyncRollouter pid=7445)[0m  'static/required_samples': 64,
[36m(FullyAsyncRollouter pid=7445)[0m  'static/staleness_threshold': 8}
[36m(FullyAsyncTrainer pid=6094)[0m [FullyAsyncTrainer] sample collected 2/64. mq_len: 0
[36m(FullyAsyncTrainer pid=6094)[0m [FullyAsyncTrainer] sample collected 3/64. mq_len: 0
[36m(FullyAsyncTrainer pid=6094)[0m [FullyAsyncTrainer] sample collected 4/64. mq_len: 0
[36m(FullyAsyncTrainer pid=6094)[0m [FullyAsyncTrainer] sample collected 5/64. mq_len: 0
[36m(FullyAsyncTrainer pid=6094)[0m [FullyAsyncTrainer] sample collected 6/64. mq_len: 0
[36m(FullyAsyncTrainer pid=6094)[0m [FullyAsyncTrainer] sample collected 7/64. mq_len: 0
[36m(FullyAsyncTrainer pid=6094)[0m [FullyAsyncTrainer] sample collected 8/64. mq_len: 0
[36m(FullyAsyncTrainer pid=6094)[0m [FullyAsyncTrainer] sample collected 9/64. mq_len: 0
[36m(FullyAsyncTrainer pid=6094)[0m [FullyAsyncTrainer] sample collected 10/64. mq_len: 0
[36m(FullyAsyncTrainer pid=6094)[0m [FullyAsyncTrainer] sample collected 11/64. mq_len: 0
[36m(FullyAsyncTrainer pid=6094)[0m [FullyAsyncTrainer] sample collected 12/64. mq_len: 0
[36m(FullyAsyncTrainer pid=6094)[0m [FullyAsyncTrainer] sample collected 13/64. mq_len: 0
[36m(FullyAsyncTrainer pid=6094)[0m [FullyAsyncTrainer] sample collected 14/64. mq_len: 0
[36m(FullyAsyncTrainer pid=6094)[0m [FullyAsyncTrainer] sample collected 15/64. mq_len: 0
[36m(FullyAsyncTrainer pid=6094)[0m [FullyAsyncTrainer] sample collected 16/64. mq_len: 0
[36m(FullyAsyncTrainer pid=6094)[0m [FullyAsyncTrainer] sample collected 17/64. mq_len: 0
[36m(FullyAsyncRollouter pid=7445)[0m [FullyAsyncRollouter][MonitorLoop][Statistics] {'count/dropped_stale_samples': 0,
[36m(FullyAsyncRollouter pid=7445)[0m  'count/staleness_samples': 34,
[36m(FullyAsyncRollouter pid=7445)[0m  'count/total_generated_samples': 17,
[36m(FullyAsyncRollouter pid=7445)[0m  'monitor/active_tasks_size': 16,
[36m(FullyAsyncRollouter pid=7445)[0m  'monitor/queue/mq_queue_size': 0,
[36m(FullyAsyncRollouter pid=7445)[0m  'monitor/queue/pending_queue_size': 128,
[36m(FullyAsyncRollouter pid=7445)[0m  'static/max_concurrent_samples': 16,
[36m(FullyAsyncRollouter pid=7445)[0m  'static/max_queue_size': 576,
[36m(FullyAsyncRollouter pid=7445)[0m  'static/max_required_samples': 576,
[36m(FullyAsyncRollouter pid=7445)[0m  'static/required_samples': 64,
[36m(FullyAsyncRollouter pid=7445)[0m  'static/staleness_threshold': 8}
[36m(FullyAsyncTrainer pid=6094)[0m [FullyAsyncTrainer] sample collected 18/64. mq_len: 0
[36m(FullyAsyncTrainer pid=6094)[0m [FullyAsyncTrainer] sample collected 19/64. mq_len: 0
[36m(FullyAsyncTrainer pid=6094)[0m [FullyAsyncTrainer] sample collected 20/64. mq_len: 0
[36m(FullyAsyncTrainer pid=6094)[0m [FullyAsyncTrainer] sample collected 21/64. mq_len: 0
[36m(FullyAsyncTrainer pid=6094)[0m [FullyAsyncTrainer] sample collected 22/64. mq_len: 0
[36m(FullyAsyncTrainer pid=6094)[0m [FullyAsyncTrainer] sample collected 23/64. mq_len: 0
[36m(FullyAsyncTrainer pid=6094)[0m [FullyAsyncTrainer] sample collected 24/64. mq_len: 0
[36m(FullyAsyncTrainer pid=6094)[0m [FullyAsyncTrainer] sample collected 25/64. mq_len: 0
[36m(FullyAsyncRollouter pid=7445)[0m [FullyAsyncRollouter][MonitorLoop][Statistics] {'count/dropped_stale_samples': 0,
[36m(FullyAsyncRollouter pid=7445)[0m  'count/staleness_samples': 42,
[36m(FullyAsyncRollouter pid=7445)[0m  'count/total_generated_samples': 25,
[36m(FullyAsyncRollouter pid=7445)[0m  'monitor/active_tasks_size': 16,
[36m(FullyAsyncRollouter pid=7445)[0m  'monitor/queue/mq_queue_size': 0,
[36m(FullyAsyncRollouter pid=7445)[0m  'monitor/queue/pending_queue_size': 128,
[36m(FullyAsyncRollouter pid=7445)[0m  'static/max_concurrent_samples': 16,
[36m(FullyAsyncRollouter pid=7445)[0m  'static/max_queue_size': 576,
[36m(FullyAsyncRollouter pid=7445)[0m  'static/max_required_samples': 576,
[36m(FullyAsyncRollouter pid=7445)[0m  'static/required_samples': 64,
[36m(FullyAsyncRollouter pid=7445)[0m  'static/staleness_threshold': 8}
[36m(FullyAsyncTrainer pid=6094)[0m [FullyAsyncTrainer] sample collected 26/64. mq_len: 0
[36m(FullyAsyncTrainer pid=6094)[0m [FullyAsyncTrainer] sample collected 27/64. mq_len: 0
[36m(FullyAsyncTrainer pid=6094)[0m [FullyAsyncTrainer] sample collected 28/64. mq_len: 0
[36m(FullyAsyncTrainer pid=6094)[0m [FullyAsyncTrainer] sample collected 29/64. mq_len: 0
[36m(FullyAsyncTrainer pid=6094)[0m [FullyAsyncTrainer] sample collected 30/64. mq_len: 0
[36m(FullyAsyncTrainer pid=6094)[0m [FullyAsyncTrainer] sample collected 31/64. mq_len: 0
[36m(FullyAsyncTrainer pid=6094)[0m [FullyAsyncTrainer] sample collected 32/64. mq_len: 0
[36m(FullyAsyncTrainer pid=6094)[0m [FullyAsyncTrainer] sample collected 33/64. mq_len: 0
[36m(FullyAsyncRollouter pid=7445)[0m [FullyAsyncRollouter][MonitorLoop][Statistics] {'count/dropped_stale_samples': 0,
[36m(FullyAsyncRollouter pid=7445)[0m  'count/staleness_samples': 50,
[36m(FullyAsyncRollouter pid=7445)[0m  'count/total_generated_samples': 33,
[36m(FullyAsyncRollouter pid=7445)[0m  'monitor/active_tasks_size': 16,
[36m(FullyAsyncRollouter pid=7445)[0m  'monitor/queue/mq_queue_size': 0,
[36m(FullyAsyncRollouter pid=7445)[0m  'monitor/queue/pending_queue_size': 128,
[36m(FullyAsyncRollouter pid=7445)[0m  'static/max_concurrent_samples': 16,
[36m(FullyAsyncRollouter pid=7445)[0m  'static/max_queue_size': 576,
[36m(FullyAsyncRollouter pid=7445)[0m  'static/max_required_samples': 576,
[36m(FullyAsyncRollouter pid=7445)[0m  'static/required_samples': 64,
[36m(FullyAsyncRollouter pid=7445)[0m  'static/staleness_threshold': 8}
[36m(FullyAsyncTrainer pid=6094)[0m [FullyAsyncTrainer] sample collected 34/64. mq_len: 0
[36m(FullyAsyncTrainer pid=6094)[0m [FullyAsyncTrainer] sample collected 35/64. mq_len: 0
[36m(FullyAsyncTrainer pid=6094)[0m [FullyAsyncTrainer] sample collected 36/64. mq_len: 0
[36m(FullyAsyncTrainer pid=6094)[0m [FullyAsyncTrainer] sample collected 37/64. mq_len: 0
[36m(FullyAsyncTrainer pid=6094)[0m [FullyAsyncTrainer] sample collected 38/64. mq_len: 0
[36m(FullyAsyncTrainer pid=6094)[0m [FullyAsyncTrainer] sample collected 39/64. mq_len: 0
[36m(FullyAsyncTrainer pid=6094)[0m [FullyAsyncTrainer] sample collected 40/64. mq_len: 0
[36m(FullyAsyncTrainer pid=6094)[0m [FullyAsyncTrainer] sample collected 41/64. mq_len: 0
[36m(FullyAsyncRollouter pid=7445)[0m [FullyAsyncRollouter][MonitorLoop][Statistics] {'count/dropped_stale_samples': 0,
[36m(FullyAsyncRollouter pid=7445)[0m  'count/staleness_samples': 58,
[36m(FullyAsyncRollouter pid=7445)[0m  'count/total_generated_samples': 41,
[36m(FullyAsyncRollouter pid=7445)[0m  'monitor/active_tasks_size': 16,
[36m(FullyAsyncRollouter pid=7445)[0m  'monitor/queue/mq_queue_size': 0,
[36m(FullyAsyncRollouter pid=7445)[0m  'monitor/queue/pending_queue_size': 128,
[36m(FullyAsyncRollouter pid=7445)[0m  'static/max_concurrent_samples': 16,
[36m(FullyAsyncRollouter pid=7445)[0m  'static/max_queue_size': 576,
[36m(FullyAsyncRollouter pid=7445)[0m  'static/max_required_samples': 576,
[36m(FullyAsyncRollouter pid=7445)[0m  'static/required_samples': 64,
[36m(FullyAsyncRollouter pid=7445)[0m  'static/staleness_threshold': 8}
[36m(FullyAsyncTrainer pid=6094)[0m [FullyAsyncTrainer] sample collected 42/64. mq_len: 0
[36m(FullyAsyncTrainer pid=6094)[0m [FullyAsyncTrainer] sample collected 43/64. mq_len: 0
[36m(FullyAsyncTrainer pid=6094)[0m [FullyAsyncTrainer] sample collected 44/64. mq_len: 0
[36m(FullyAsyncTrainer pid=6094)[0m [FullyAsyncTrainer] sample collected 45/64. mq_len: 0
[36m(FullyAsyncTrainer pid=6094)[0m [FullyAsyncTrainer] sample collected 46/64. mq_len: 0
[36m(FullyAsyncTrainer pid=6094)[0m [FullyAsyncTrainer] sample collected 47/64. mq_len: 0
[36m(FullyAsyncTrainer pid=6094)[0m [FullyAsyncTrainer] sample collected 48/64. mq_len: 0
[36m(FullyAsyncTrainer pid=6094)[0m [FullyAsyncTrainer] sample collected 49/64. mq_len: 0
[36m(FullyAsyncRollouter pid=7445)[0m [FullyAsyncRollouter][MonitorLoop][Statistics] {'count/dropped_stale_samples': 0,
[36m(FullyAsyncRollouter pid=7445)[0m  'count/staleness_samples': 66,
[36m(FullyAsyncRollouter pid=7445)[0m  'count/total_generated_samples': 49,
[36m(FullyAsyncRollouter pid=7445)[0m  'monitor/active_tasks_size': 16,
[36m(FullyAsyncRollouter pid=7445)[0m  'monitor/queue/mq_queue_size': 0,
[36m(FullyAsyncRollouter pid=7445)[0m  'monitor/queue/pending_queue_size': 128,
[36m(FullyAsyncRollouter pid=7445)[0m  'static/max_concurrent_samples': 16,
[36m(FullyAsyncRollouter pid=7445)[0m  'static/max_queue_size': 576,
[36m(FullyAsyncRollouter pid=7445)[0m  'static/max_required_samples': 576,
[36m(FullyAsyncRollouter pid=7445)[0m  'static/required_samples': 64,
[36m(FullyAsyncRollouter pid=7445)[0m  'static/staleness_threshold': 8}
[36m(FullyAsyncTrainer pid=6094)[0m [FullyAsyncTrainer] sample collected 50/64. mq_len: 0
[36m(FullyAsyncTrainer pid=6094)[0m [FullyAsyncTrainer] sample collected 51/64. mq_len: 0
[36m(FullyAsyncTrainer pid=6094)[0m [FullyAsyncTrainer] sample collected 52/64. mq_len: 0
[36m(FullyAsyncTrainer pid=6094)[0m [FullyAsyncTrainer] sample collected 53/64. mq_len: 0
[36m(FullyAsyncTrainer pid=6094)[0m [FullyAsyncTrainer] sample collected 54/64. mq_len: 0
[36m(FullyAsyncTrainer pid=6094)[0m [FullyAsyncTrainer] sample collected 55/64. mq_len: 0
[36m(FullyAsyncTrainer pid=6094)[0m [FullyAsyncTrainer] sample collected 56/64. mq_len: 0
[36m(FullyAsyncRollouter pid=7445)[0m [FullyAsyncRollouter][MonitorLoop][Statistics] {'count/dropped_stale_samples': 0,
[36m(FullyAsyncRollouter pid=7445)[0m  'count/staleness_samples': 73,
[36m(FullyAsyncRollouter pid=7445)[0m  'count/total_generated_samples': 56,
[36m(FullyAsyncRollouter pid=7445)[0m  'monitor/active_tasks_size': 16,
[36m(FullyAsyncRollouter pid=7445)[0m  'monitor/queue/mq_queue_size': 0,
[36m(FullyAsyncRollouter pid=7445)[0m  'monitor/queue/pending_queue_size': 128,
[36m(FullyAsyncRollouter pid=7445)[0m  'static/max_concurrent_samples': 16,
[36m(FullyAsyncRollouter pid=7445)[0m  'static/max_queue_size': 576,
[36m(FullyAsyncRollouter pid=7445)[0m  'static/max_required_samples': 576,
[36m(FullyAsyncRollouter pid=7445)[0m  'static/required_samples': 64,
[36m(FullyAsyncRollouter pid=7445)[0m  'static/staleness_threshold': 8}
[36m(FullyAsyncTrainer pid=6094)[0m [FullyAsyncTrainer] sample collected 57/64. mq_len: 0
[36m(FullyAsyncTrainer pid=6094)[0m [FullyAsyncTrainer] sample collected 58/64. mq_len: 0
[36m(FullyAsyncTrainer pid=6094)[0m [FullyAsyncTrainer] sample collected 59/64. mq_len: 0
[36m(FullyAsyncTrainer pid=6094)[0m [FullyAsyncTrainer] sample collected 60/64. mq_len: 0
[36m(FullyAsyncTrainer pid=6094)[0m [FullyAsyncTrainer] sample collected 61/64. mq_len: 0
[36m(FullyAsyncTrainer pid=6094)[0m [FullyAsyncTrainer] sample collected 62/64. mq_len: 0
[36m(FullyAsyncTrainer pid=6094)[0m [FullyAsyncTrainer] sample collected 63/64. mq_len: 0
[36m(FullyAsyncTrainer pid=6094)[0m [FullyAsyncTrainer] sample collected 64/64. mq_len: 0
[36m(FullyAsyncTrainer pid=6094)[0m [FullyAsyncTrainer] Collected 64/64 samples. mq_len: 0
[36m(FullyAsyncTrainer pid=6094)[0m [FullyAsyncTrainer] Loop collection completed: 64/64 samples, total wait time: 598.60 seconds. mq_len: 0
[36m(FullyAsyncTrainer pid=6094)[0m [BatchUtils] Assembling batch from 64 RolloutSample objects
[36m(FullyAsyncTrainer pid=6094)[0m [BatchUtils] Batch assembly completed in 0.25s
[36m(FullyAsyncTrainer pid=6094)[0m W0804 23:47:56.179000 6094 torch/fx/_symbolic_trace.py:53] is_fx_tracing will return true for both fx.symbolic_trace and torch.export. Please use is_fx_tracing_symbolic_tracing() for specifically fx.symbolic_trace or torch.compiler.is_compiling() for specifically torch.export/compile.
[36m(FullyAsyncRollouter pid=7445)[0m [FullyAsyncRollouter][MonitorLoop][Statistics] {'count/dropped_stale_samples': 0,
[36m(FullyAsyncRollouter pid=7445)[0m  'count/staleness_samples': 85,
[36m(FullyAsyncRollouter pid=7445)[0m  'count/total_generated_samples': 68,
[36m(FullyAsyncRollouter pid=7445)[0m  'monitor/active_tasks_size': 16,
[36m(FullyAsyncRollouter pid=7445)[0m  'monitor/queue/mq_queue_size': 4,
[36m(FullyAsyncRollouter pid=7445)[0m  'monitor/queue/pending_queue_size': 128,
[36m(FullyAsyncRollouter pid=7445)[0m  'static/max_concurrent_samples': 16,
[36m(FullyAsyncRollouter pid=7445)[0m  'static/max_queue_size': 576,
[36m(FullyAsyncRollouter pid=7445)[0m  'static/max_required_samples': 576,
[36m(FullyAsyncRollouter pid=7445)[0m  'static/required_samples': 64,
[36m(FullyAsyncRollouter pid=7445)[0m  'static/staleness_threshold': 8}
[36m(FullyAsyncRollouter pid=7445)[0m [FullyAsyncRollouter][MonitorLoop][Statistics] {'count/dropped_stale_samples': 0,
[36m(FullyAsyncRollouter pid=7445)[0m  'count/staleness_samples': 91,
[36m(FullyAsyncRollouter pid=7445)[0m  'count/total_generated_samples': 74,
[36m(FullyAsyncRollouter pid=7445)[0m  'monitor/active_tasks_size': 16,
[36m(FullyAsyncRollouter pid=7445)[0m  'monitor/queue/mq_queue_size': 10,
[36m(FullyAsyncRollouter pid=7445)[0m  'monitor/queue/pending_queue_size': 128,
[36m(FullyAsyncRollouter pid=7445)[0m  'static/max_concurrent_samples': 16,
[36m(FullyAsyncRollouter pid=7445)[0m  'static/max_queue_size': 576,
[36m(FullyAsyncRollouter pid=7445)[0m  'static/max_required_samples': 576,
[36m(FullyAsyncRollouter pid=7445)[0m  'static/required_samples': 64,
[36m(FullyAsyncRollouter pid=7445)[0m  'static/staleness_threshold': 8}
[36m(FullyAsyncRollouter pid=7445)[0m [FullyAsyncRollouter][MonitorLoop][Statistics] {'count/dropped_stale_samples': 0,
[36m(FullyAsyncRollouter pid=7445)[0m  'count/staleness_samples': 100,
[36m(FullyAsyncRollouter pid=7445)[0m  'count/total_generated_samples': 83,
[36m(FullyAsyncRollouter pid=7445)[0m  'monitor/active_tasks_size': 16,
[36m(FullyAsyncRollouter pid=7445)[0m  'monitor/queue/mq_queue_size': 19,
[36m(FullyAsyncRollouter pid=7445)[0m  'monitor/queue/pending_queue_size': 128,
[36m(FullyAsyncRollouter pid=7445)[0m  'static/max_concurrent_samples': 16,
[36m(FullyAsyncRollouter pid=7445)[0m  'static/max_queue_size': 576,
[36m(FullyAsyncRollouter pid=7445)[0m  'static/max_required_samples': 576,
[36m(FullyAsyncRollouter pid=7445)[0m  'static/required_samples': 64,
[36m(FullyAsyncRollouter pid=7445)[0m  'static/staleness_threshold': 8}
[36m(FullyAsyncRollouter pid=7445)[0m [FullyAsyncRollouter][MonitorLoop][Statistics] {'count/dropped_stale_samples': 0,
[36m(FullyAsyncRollouter pid=7445)[0m  'count/staleness_samples': 107,
[36m(FullyAsyncRollouter pid=7445)[0m  'count/total_generated_samples': 90,
[36m(FullyAsyncRollouter pid=7445)[0m  'monitor/active_tasks_size': 16,
[36m(FullyAsyncRollouter pid=7445)[0m  'monitor/queue/mq_queue_size': 26,
[36m(FullyAsyncRollouter pid=7445)[0m  'monitor/queue/pending_queue_size': 128,
[36m(FullyAsyncRollouter pid=7445)[0m  'static/max_concurrent_samples': 16,
[36m(FullyAsyncRollouter pid=7445)[0m  'static/max_queue_size': 576,
[36m(FullyAsyncRollouter pid=7445)[0m  'static/max_required_samples': 576,
[36m(FullyAsyncRollouter pid=7445)[0m  'static/required_samples': 64,
[36m(FullyAsyncRollouter pid=7445)[0m  'static/staleness_threshold': 8}
[36m(FullyAsyncTrainer pid=6094)[0m [FullyAsyncTrainer] global_steps: 1 local_trigger_step: 1 trigger_parameter_sync_step: 1 23:52:18.518
[36m(WorkerDict pid=6789)[0m /usr/local/lib/python3.12/dist-packages/torch/utils/_contextlib.py:124: UserWarning: When using ``NO_SHARD`` for ``ShardingStrategy``, full_state_dict will be returned.
[36m(WorkerDict pid=6789)[0m   return func(*args, **kwargs)
[36m(WorkerDict pid=6789)[0m [rank0]:W0804 23:48:00.861000 6789 torch/fx/_symbolic_trace.py:53] is_fx_tracing will return true for both fx.symbolic_trace and torch.export. Please use is_fx_tracing_symbolic_tracing() for specifically fx.symbolic_trace or torch.compiler.is_compiling() for specifically torch.export/compile.
[36m(vLLMHttpServer pid=9124)[0m (Worker pid=10185) WARNING 08-04 23:52:20 [layerwise.py:225] RotaryEmbedding: Failed to load weights
[36m(vLLMHttpServer pid=9124)[0m (EngineCore pid=9943) WARNING 08-04 23:52:20 [scheduler.py:1919] reset_connector called but no KV connector is configured.
[36m(FullyAsyncTrainer pid=6094)[0m [FullyAsyncTrainer] _fit_update_weights, timing_s/param_sync: 1.5766 seconds self.current_param_version: 1
[36m(FullyAsyncTrainer pid=6094)[0m step:1 - fully_async/rollouter/active_time:869.1080875396729 - fully_async/rollouter/version_time:869.1080875396729 - fully_async/rollouter/idle_ratio:0 - fully_async/rollouter/step_generated_samples:93 - dynamic_resource/rollout_resource_utilization:0.9996997091336259
[36m(FullyAsyncRollouter pid=7445)[0m [FullyAsyncRollouter][RolloutResourceUtilization] raw active_count_history (timestamp, active_count, max_concurrent): [(1785886676.86917, 0, 16), (1785886677.108171, 1, 16), (1785886677.1140819, 2, 16), (1785886677.1183007, 3, 16), (1785886677.1202574, 4, 16), (1785886677.1221504, 5, 16), (1785886677.1241238, 6, 16), (1785886677.1261258, 7, 16), (1785886677.1288261, 8, 16), (1785886677.1313648, 9, 16), (1785886677.1338418, 10, 16), (1785886677.1361194, 11, 16), (1785886677.1384754, 12, 16), (1785886677.140733, 13, 16), (1785886677.1429353, 14, 16), (1785886677.1451414, 15, 16), (1785886677.1472383, 16, 16), (1785886802.3480973, 15, 16), (1785886802.3481765, 16, 16), (1785886819.5054195, 15, 16), (1785886819.5054855, 16, 16), (1785886826.6777792, 15, 16), (1785886826.6778042, 16, 16), (1785886841.5513701, 15, 16), (1785886841.5514214, 16, 16), (1785886846.3665307, 15, 16), (1785886846.3665583, 16, 16), (1785886847.2395482, 15, 16), (1785886847.23957, 16, 16), (1785886850.7320158, 15, 16), (1785886850.7320423, 16, 16), (1785886850.7390597, 15, 16), (1785886850.739079, 16, 16), (1785886851.187696, 15, 16), (1785886851.187725, 16, 16), (1785886851.2712553, 15, 16), (1785886851.271289, 16, 16), (1785886851.3088787, 15, 16), (1785886851.3089085, 16, 16), (1785886851.5594313, 15, 16), (1785886851.5594914, 16, 16), (1785886851.6885064, 15, 16), (1785886851.688535, 16, 16), (1785886851.6920636, 15, 16), (1785886851.69208, 16, 16), (1785886851.8299062, 15, 16), (1785886851.8299315, 16, 16), (1785886858.9521012, 15, 16), (1785886858.9521248, 16, 16), (1785886870.7649615, 15, 16), (1785886870.765036, 16, 16), (1785886897.8770792, 15, 16), (1785886897.877131, 16, 16), (1785886917.0440567, 15, 16), (1785886917.0441031, 16, 16), (1785886923.6963682, 15, 16), (1785886923.6963906, 16, 16), (1785886924.5561035, 15, 16), (1785886924.5561268, 16, 16), (1785886930.690677, 15, 16), (1785886930.690728, 16, 16), (1785886937.2777617, 15, 16), (1785886937.2777863, 16, 16), (1785886940.9871037, 15, 16), (1785886940.987153, 16, 16), (1785886942.6323216, 15, 16), (1785886942.6323445, 16, 16), (1785886988.8651745, 15, 16), (1785886988.8652275, 16, 16), (1785886993.6118567, 15, 16), (1785886993.6118786, 16, 16), (1785886993.6158276, 15, 16), (1785886993.615845, 16, 16), (1785886994.04262, 15, 16), (1785886994.0426443, 16, 16), (1785886994.2953894, 15, 16), (1785886994.2954123, 16, 16), (1785886994.6798513, 15, 16), (1785886994.6798751, 16, 16), (1785886996.3165421, 15, 16), (1785886996.3165648, 16, 16), (1785887007.0617669, 15, 16), (1785887007.0618176, 16, 16), (1785887030.1540453, 15, 16), (1785887030.154095, 16, 16), (1785887047.3055565, 15, 16), (1785887047.3056066, 16, 16), (1785887047.8670292, 15, 16), (1785887047.8670566, 16, 16), (1785887083.1079755, 15, 16), (1785887083.1080253, 16, 16), (1785887085.568554, 15, 16), (1785887085.5685782, 16, 16), (1785887089.6794767, 15, 16), (1785887089.6794999, 16, 16), (1785887089.7367482, 15, 16), (1785887089.7367752, 16, 16), (1785887090.387656, 15, 16), (1785887090.387678, 16, 16), (1785887097.7413568, 15, 16), (1785887097.7414117, 16, 16), (1785887101.3197672, 15, 16), (1785887101.3197918, 16, 16), (1785887103.7944798, 15, 16), (1785887103.7945032, 16, 16), (1785887105.3082528, 15, 16), (1785887105.3082771, 16, 16), (1785887107.0133653, 15, 16), (1785887107.0133884, 16, 16), (1785887131.7697978, 15, 16), (1785887131.7698467, 16, 16), (1785887158.057468, 15, 16), (1785887158.057527, 16, 16), (1785887163.848022, 15, 16), (1785887163.8480468, 16, 16), (1785887173.802021, 15, 16), (1785887173.8020785, 16, 16), (1785887186.4208655, 15, 16), (1785887186.4209278, 16, 16), (1785887197.9709086, 15, 16), (1785887197.970957, 16, 16), (1785887209.8078353, 15, 16), (1785887209.8078907, 16, 16), (1785887209.975469, 15, 16), (1785887209.975491, 16, 16), (1785887217.241183, 15, 16), (1785887217.2412055, 16, 16), (1785887229.9256895, 15, 16), (1785887229.925739, 16, 16), (1785887259.6679003, 15, 16), (1785887259.6679513, 16, 16), (1785887259.8205106, 15, 16), (1785887259.8205364, 16, 16), (1785887262.098136, 15, 16), (1785887262.0981653, 16, 16), (1785887263.720132, 15, 16), (1785887263.7201617, 16, 16), (1785887264.1626709, 15, 16), (1785887264.162696, 16, 16), (1785887267.7156427, 15, 16), (1785887267.7156677, 16, 16), (1785887272.7836928, 15, 16), (1785887272.7837405, 16, 16), (1785887275.458054, 15, 16), (1785887275.4580812, 16, 16), (1785887287.4102814, 15, 16), (1785887287.4103298, 16, 16), (1785887287.9787068, 15, 16), (1785887287.9787312, 16, 16), (1785887299.0709863, 15, 16), (1785887299.0710366, 16, 16), (1785887301.9359918, 15, 16), (1785887301.936015, 16, 16), (1785887329.0345616, 15, 16), (1785887329.0346193, 16, 16), (1785887346.1872954, 15, 16), (1785887346.1873426, 16, 16), (1785887371.5012465, 15, 16), (1785887371.5012944, 16, 16), (1785887378.7084775, 15, 16), (1785887378.708503, 16, 16), (1785887380.7602577, 15, 16), (1785887380.7602806, 16, 16), (1785887381.220787, 15, 16), (1785887381.2208142, 16, 16), (1785887414.9514165, 15, 16), (1785887414.9514887, 16, 16), (1785887419.980938, 15, 16), (1785887419.9809632, 16, 16), (1785887420.0076025, 15, 16), (1785887420.0076246, 16, 16), (1785887421.8585608, 15, 16), (1785887421.858584, 16, 16), (1785887429.5607374, 15, 16), (1785887429.5607898, 16, 16), (1785887436.3466024, 15, 16), (1785887436.346631, 16, 16), (1785887454.3434212, 15, 16), (1785887454.3434908, 16, 16), (1785887455.7433662, 15, 16), (1785887455.743391, 16, 16), (1785887456.4206011, 15, 16), (1785887456.4206254, 16, 16), (1785887468.9724905, 15, 16), (1785887468.972543, 16, 16), (1785887469.04032, 15, 16), (1785887469.0403438, 16, 16), (1785887496.970408, 15, 16), (1785887496.9704792, 16, 16), (1785887499.4660761, 15, 16), (1785887499.4660995, 16, 16), (1785887500.1170835, 15, 16), (1785887500.117111, 16, 16), (1785887502.4957576, 15, 16), (1785887502.4957795, 16, 16), (1785887514.5524552, 15, 16), (1785887514.5525062, 16, 16), (1785887534.774152, 15, 16), (1785887534.7742026, 16, 16), (1785887536.1548896, 15, 16), (1785887536.1549158, 16, 16), (1785887545.9760926, 15, 16), (1785887545.9773233, 15, 16)]
[36m(FullyAsyncRollouter pid=7445)[0m [FullyAsyncRollouter][Public][reset_staleness] reset staleness_samples to: 44 idle_ratio: 0.0000 step_generated_samples(this_step): 93 rollout_resource_utilization: 0.9997 recent_history(last 10 steps): [(2, 93)]
[36m(FullyAsyncTrainer pid=6094)[0m [FullyAsyncTrainer] Requesting 64 samples from queue
[36m(FullyAsyncTrainer pid=6094)[0m [FullyAsyncTrainer] sample collected 1/64. mq_len: 28
[36m(FullyAsyncTrainer pid=6094)[0m [FullyAsyncTrainer] sample collected 2/64. mq_len: 27
[36m(FullyAsyncTrainer pid=6094)[0m Training Progress:   1%|▏         | 1/80 [14:31<19:07:48, 871.75s/it]
[36m(FullyAsyncTrainer pid=6094)[0m [FullyAsyncTrainer] sample collected 3/64. mq_len: 26
[36m(FullyAsyncTrainer pid=6094)[0m [FullyAsyncTrainer] sample collected 4/64. mq_len: 25
[36m(FullyAsyncTrainer pid=6094)[0m [FullyAsyncTrainer] sample collected 5/64. mq_len: 24
[36m(FullyAsyncTrainer pid=6094)[0m [FullyAsyncTrainer] sample collected 6/64. mq_len: 23
[36m(FullyAsyncTrainer pid=6094)[0m [FullyAsyncTrainer] sample collected 7/64. mq_len: 22
[36m(FullyAsyncTrainer pid=6094)[0m [FullyAsyncTrainer] sample collected 8/64. mq_len: 21
[36m(FullyAsyncTrainer pid=6094)[0m [FullyAsyncTrainer] sample collected 9/64. mq_len: 20
[36m(FullyAsyncTrainer pid=6094)[0m [FullyAsyncTrainer] sample collected 10/64. mq_len: 19
[36m(FullyAsyncTrainer pid=6094)[0m [FullyAsyncTrainer] sample collected 11/64. mq_len: 18
[36m(FullyAsyncTrainer pid=6094)[0m [FullyAsyncTrainer] sample collected 12/64. mq_len: 17
[36m(FullyAsyncTrainer pid=6094)[0m [FullyAsyncTrainer] sample collected 13/64. mq_len: 16
[36m(FullyAsyncTrainer pid=6094)[0m [FullyAsyncTrainer] sample collected 14/64. mq_len: 15
[36m(FullyAsyncTrainer pid=6094)[0m [FullyAsyncTrainer] sample collected 15/64. mq_len: 14
[36m(FullyAsyncTrainer pid=6094)[0m [FullyAsyncTrainer] sample collected 16/64. mq_len: 13
[36m(FullyAsyncTrainer pid=6094)[0m [FullyAsyncTrainer] sample collected 17/64. mq_len: 12
[36m(FullyAsyncTrainer pid=6094)[0m [FullyAsyncTrainer] sample collected 18/64. mq_len: 11
[36m(FullyAsyncTrainer pid=6094)[0m [FullyAsyncTrainer] sample collected 19/64. mq_len: 10
[36m(FullyAsyncTrainer pid=6094)[0m [FullyAsyncTrainer] sample collected 20/64. mq_len: 9
[36m(FullyAsyncTrainer pid=6094)[0m [FullyAsyncTrainer] sample collected 21/64. mq_len: 8
[36m(FullyAsyncTrainer pid=6094)[0m [FullyAsyncTrainer] sample collected 22/64. mq_len: 7
[36m(FullyAsyncTrainer pid=6094)[0m [FullyAsyncTrainer] sample collected 23/64. mq_len: 6
[36m(FullyAsyncTrainer pid=6094)[0m [FullyAsyncTrainer] sample collected 24/64. mq_len: 5
[36m(FullyAsyncTrainer pid=6094)[0m [FullyAsyncTrainer] sample collected 25/64. mq_len: 4
[36m(FullyAsyncTrainer pid=6094)[0m [FullyAsyncTrainer] sample collected 26/64. mq_len: 3
[36m(FullyAsyncTrainer pid=6094)[0m [FullyAsyncTrainer] sample collected 27/64. mq_len: 2
[36m(FullyAsyncTrainer pid=6094)[0m [FullyAsyncTrainer] sample collected 28/64. mq_len: 1
[36m(FullyAsyncTrainer pid=6094)[0m [FullyAsyncTrainer] sample collected 29/64. mq_len: 0
[36m(FullyAsyncTrainer pid=6094)[0m [FullyAsyncTrainer] sample collected 30/64. mq_len: 0
[36m(FullyAsyncTrainer pid=6094)[0m [FullyAsyncTrainer] sample collected 31/64. mq_len: 0
[36m(FullyAsyncRollouter pid=7445)[0m [FullyAsyncRollouter][MonitorLoop][Statistics] {'count/dropped_stale_samples': 0,
[36m(FullyAsyncRollouter pid=7445)[0m  'count/staleness_samples': 47,
[36m(FullyAsyncRollouter pid=7445)[0m  'count/total_generated_samples': 95,
[36m(FullyAsyncRollouter pid=7445)[0m  'monitor/active_tasks_size': 16,
[36m(FullyAsyncRollouter pid=7445)[0m  'monitor/queue/mq_queue_size': 0,
[36m(FullyAsyncRollouter pid=7445)[0m  'monitor/queue/pending_queue_size': 128,
[36m(FullyAsyncRollouter pid=7445)[0m  'static/max_concurrent_samples': 16,
[36m(FullyAsyncRollouter pid=7445)[0m  'static/max_queue_size': 576,
[36m(FullyAsyncRollouter pid=7445)[0m  'static/max_required_samples': 576,
[36m(FullyAsyncRollouter pid=7445)[0m  'static/required_samples': 64,
[36m(FullyAsyncRollouter pid=7445)[0m  'static/staleness_threshold': 8}
[36m(FullyAsyncTrainer pid=6094)[0m [FullyAsyncTrainer] sample collected 32/64. mq_len: 0
[36m(FullyAsyncTrainer pid=6094)[0m [FullyAsyncTrainer] sample collected 33/64. mq_len: 0
[36m(FullyAsyncTrainer pid=6094)[0m [FullyAsyncTrainer] sample collected 34/64. mq_len: 0
[36m(FullyAsyncTrainer pid=6094)[0m [FullyAsyncTrainer] sample collected 35/64. mq_len: 0
[36m(FullyAsyncTrainer pid=6094)[0m [FullyAsyncTrainer] sample collected 36/64. mq_len: 0
[36m(MessageQueue pid=12602)[0m MessageQueue stats: produced=100, queue_size=1
[36m(FullyAsyncTrainer pid=6094)[0m [FullyAsyncTrainer] sample collected 37/64. mq_len: 0
[36m(FullyAsyncTrainer pid=6094)[0m [FullyAsyncTrainer] sample collected 38/64. mq_len: 0
[36m(FullyAsyncTrainer pid=6094)[0m [FullyAsyncTrainer] sample collected 39/64. mq_len: 0
[36m(FullyAsyncTrainer pid=6094)[0m [FullyAsyncTrainer] sample collected 40/64. mq_len: 0
[36m(FullyAsyncTrainer pid=6094)[0m [FullyAsyncTrainer] sample collected 41/64. mq_len: 0
[36m(FullyAsyncTrainer pid=6094)[0m [FullyAsyncTrainer] sample collected 42/64. mq_len: 0
[36m(FullyAsyncTrainer pid=6094)[0m [FullyAsyncTrainer] sample collected 43/64. mq_len: 0
[36m(FullyAsyncRollouter pid=7445)[0m [FullyAsyncRollouter][MonitorLoop][Statistics] {'count/dropped_stale_samples': 0,
[36m(FullyAsyncRollouter pid=7445)[0m  'count/staleness_samples': 59,
[36m(FullyAsyncRollouter pid=7445)[0m  'count/total_generated_samples': 107,
[36m(FullyAsyncRollouter pid=7445)[0m  'monitor/active_tasks_size': 16,
[36m(FullyAsyncRollouter pid=7445)[0m  'monitor/queue/mq_queue_size': 0,
[36m(FullyAsyncRollouter pid=7445)[0m  'monitor/queue/pending_queue_size': 128,
[36m(FullyAsyncRollouter pid=7445)[0m  'static/max_concurrent_samples': 16,
[36m(FullyAsyncRollouter pid=7445)[0m  'static/max_queue_size': 576,
[36m(FullyAsyncRollouter pid=7445)[0m  'static/max_required_samples': 576,
[36m(FullyAsyncRollouter pid=7445)[0m  'static/required_samples': 64,
[36m(FullyAsyncRollouter pid=7445)[0m  'static/staleness_threshold': 8}
[36m(FullyAsyncTrainer pid=6094)[0m [FullyAsyncTrainer] sample collected 44/64. mq_len: 0
[36m(FullyAsyncTrainer pid=6094)[0m [FullyAsyncTrainer] sample collected 45/64. mq_len: 0
[36m(FullyAsyncTrainer pid=6094)[0m [FullyAsyncTrainer] sample collected 46/64. mq_len: 0
[36m(FullyAsyncTrainer pid=6094)[0m [FullyAsyncTrainer] sample collected 47/64. mq_len: 0
[36m(FullyAsyncTrainer pid=6094)[0m [FullyAsyncTrainer] sample collected 48/64. mq_len: 0
[36m(FullyAsyncTrainer pid=6094)[0m [FullyAsyncTrainer] sample collected 49/64. mq_len: 0
[36m(FullyAsyncTrainer pid=6094)[0m [FullyAsyncTrainer] sample collected 50/64. mq_len: 0
[36m(FullyAsyncTrainer pid=6094)[0m [FullyAsyncTrainer] sample collected 51/64. mq_len: 0
[36m(FullyAsyncRollouter pid=7445)[0m [FullyAsyncRollouter][MonitorLoop][Statistics] {'count/dropped_stale_samples': 0,
[36m(FullyAsyncRollouter pid=7445)[0m  'count/staleness_samples': 67,
[36m(FullyAsyncRollouter pid=7445)[0m  'count/total_generated_samples': 115,
[36m(FullyAsyncRollouter pid=7445)[0m  'monitor/active_tasks_size': 16,
[36m(FullyAsyncRollouter pid=7445)[0m  'monitor/queue/mq_queue_size': 0,
[36m(FullyAsyncRollouter pid=7445)[0m  'monitor/queue/pending_queue_size': 128,
[36m(FullyAsyncRollouter pid=7445)[0m  'static/max_concurrent_samples': 16,
[36m(FullyAsyncRollouter pid=7445)[0m  'static/max_queue_size': 576,
[36m(FullyAsyncRollouter pid=7445)[0m  'static/max_required_samples': 576,
[36m(FullyAsyncRollouter pid=7445)[0m  'static/required_samples': 64,
[36m(FullyAsyncRollouter pid=7445)[0m  'static/staleness_threshold': 8}
[36m(FullyAsyncTrainer pid=6094)[0m [FullyAsyncTrainer] sample collected 52/64. mq_len: 0
[36m(FullyAsyncTrainer pid=6094)[0m [FullyAsyncTrainer] sample collected 53/64. mq_len: 0
[36m(FullyAsyncTrainer pid=6094)[0m [FullyAsyncTrainer] sample collected 54/64. mq_len: 0
[36m(FullyAsyncTrainer pid=6094)[0m [FullyAsyncTrainer] sample collected 55/64. mq_len: 0
[36m(FullyAsyncTrainer pid=6094)[0m [FullyAsyncTrainer] sample collected 56/64. mq_len: 0
[36m(FullyAsyncTrainer pid=6094)[0m [FullyAsyncTrainer] sample collected 57/64. mq_len: 0
[36m(FullyAsyncTrainer pid=6094)[0m [FullyAsyncTrainer] sample collected 58/64. mq_len: 0
[36m(FullyAsyncTrainer pid=6094)[0m [FullyAsyncTrainer] sample collected 59/64. mq_len: 0
[36m(FullyAsyncRollouter pid=7445)[0m [FullyAsyncRollouter][MonitorLoop][Statistics] {'count/dropped_stale_samples': 0,
[36m(FullyAsyncRollouter pid=7445)[0m  'count/staleness_samples': 75,
[36m(FullyAsyncRollouter pid=7445)[0m  'count/total_generated_samples': 123,
[36m(FullyAsyncRollouter pid=7445)[0m  'monitor/active_tasks_size': 16,
[36m(FullyAsyncRollouter pid=7445)[0m  'monitor/queue/mq_queue_size': 0,
[36m(FullyAsyncRollouter pid=7445)[0m  'monitor/queue/pending_queue_size': 128,
[36m(FullyAsyncRollouter pid=7445)[0m  'static/max_concurrent_samples': 16,
[36m(FullyAsyncRollouter pid=7445)[0m  'static/max_queue_size': 576,
[36m(FullyAsyncRollouter pid=7445)[0m  'static/max_required_samples': 576,
[36m(FullyAsyncRollouter pid=7445)[0m  'static/required_samples': 64,
[36m(FullyAsyncRollouter pid=7445)[0m  'static/staleness_threshold': 8}
[36m(FullyAsyncTrainer pid=6094)[0m [FullyAsyncTrainer] sample collected 60/64. mq_len: 0
[36m(FullyAsyncTrainer pid=6094)[0m [FullyAsyncTrainer] sample collected 61/64. mq_len: 0
[36m(FullyAsyncTrainer pid=6094)[0m [FullyAsyncTrainer] sample collected 62/64. mq_len: 0
[36m(FullyAsyncTrainer pid=6094)[0m [FullyAsyncTrainer] sample collected 63/64. mq_len: 0
[36m(FullyAsyncTrainer pid=6094)[0m [FullyAsyncTrainer] sample collected 64/64. mq_len: 0
[36m(FullyAsyncTrainer pid=6094)[0m [FullyAsyncTrainer] Collected 64/64 samples. mq_len: 0
[36m(FullyAsyncTrainer pid=6094)[0m [FullyAsyncTrainer] Loop collection completed: 64/64 samples, total wait time: 340.14 seconds. mq_len: 0
[36m(FullyAsyncTrainer pid=6094)[0m [BatchUtils] Assembling batch from 64 RolloutSample objects
[36m(FullyAsyncTrainer pid=6094)[0m [BatchUtils] Batch assembly completed in 0.26s
[36m(FullyAsyncRollouter pid=7445)[0m [FullyAsyncRollouter][MonitorLoop][Statistics] {'count/dropped_stale_samples': 0,
[36m(FullyAsyncRollouter pid=7445)[0m  'count/staleness_samples': 85,
[36m(FullyAsyncRollouter pid=7445)[0m  'count/total_generated_samples': 133,
[36m(FullyAsyncRollouter pid=7445)[0m  'monitor/active_tasks_size': 16,
[36m(FullyAsyncRollouter pid=7445)[0m  'monitor/queue/mq_queue_size': 5,
[36m(FullyAsyncRollouter pid=7445)[0m  'monitor/queue/pending_queue_size': 128,
[36m(FullyAsyncRollouter pid=7445)[0m  'static/max_concurrent_samples': 16,
[36m(FullyAsyncRollouter pid=7445)[0m  'static/max_queue_size': 576,
[36m(FullyAsyncRollouter pid=7445)[0m  'static/max_required_samples': 576,
[36m(FullyAsyncRollouter pid=7445)[0m  'static/required_samples': 64,
[36m(FullyAsyncRollouter pid=7445)[0m  'static/staleness_threshold': 8}
[36m(FullyAsyncRollouter pid=7445)[0m [FullyAsyncRollouter][MonitorLoop][Statistics] {'count/dropped_stale_samples': 0,
[36m(FullyAsyncRollouter pid=7445)[0m  'count/staleness_samples': 91,
[36m(FullyAsyncRollouter pid=7445)[0m  'count/total_generated_samples': 139,
[36m(FullyAsyncRollouter pid=7445)[0m  'monitor/active_tasks_size': 16,
[36m(FullyAsyncRollouter pid=7445)[0m  'monitor/queue/mq_queue_size': 11,
[36m(FullyAsyncRollouter pid=7445)[0m  'monitor/queue/pending_queue_size': 128,
[36m(FullyAsyncRollouter pid=7445)[0m  'static/max_concurrent_samples': 16,
[36m(FullyAsyncRollouter pid=7445)[0m  'static/max_queue_size': 576,
[36m(FullyAsyncRollouter pid=7445)[0m  'static/max_required_samples': 576,
[36m(FullyAsyncRollouter pid=7445)[0m  'static/required_samples': 64,
[36m(FullyAsyncRollouter pid=7445)[0m  'static/staleness_threshold': 8}
[36m(FullyAsyncRollouter pid=7445)[0m [FullyAsyncRollouter][MonitorLoop][Statistics] {'count/dropped_stale_samples': 0,
[36m(FullyAsyncRollouter pid=7445)[0m  'count/staleness_samples': 99,
[36m(FullyAsyncRollouter pid=7445)[0m  'count/total_generated_samples': 147,
[36m(FullyAsyncRollouter pid=7445)[0m  'monitor/active_tasks_size': 16,
[36m(FullyAsyncRollouter pid=7445)[0m  'monitor/queue/mq_queue_size': 19,
[36m(FullyAsyncRollouter pid=7445)[0m  'monitor/queue/pending_queue_size': 128,
[36m(FullyAsyncRollouter pid=7445)[0m  'static/max_concurrent_samples': 16,
[36m(FullyAsyncRollouter pid=7445)[0m  'static/max_queue_size': 576,
[36m(FullyAsyncRollouter pid=7445)[0m  'static/max_required_samples': 576,
[36m(FullyAsyncRollouter pid=7445)[0m  'static/required_samples': 64,
[36m(FullyAsyncRollouter pid=7445)[0m  'static/staleness_threshold': 8}
[36m(FullyAsyncTrainer pid=6094)[0m [FullyAsyncTrainer] global_steps: 2 local_trigger_step: 1 trigger_parameter_sync_step: 1 00:02:37.910
[36m(vLLMHttpServer pid=9124)[0m (Worker pid=10185) WARNING 08-05 00:02:39 [layerwise.py:225] RotaryEmbedding: Failed to load weights
[36m(vLLMHttpServer pid=9124)[0m (EngineCore pid=9943) WARNING 08-05 00:02:39 [scheduler.py:1919] reset_connector called but no KV connector is configured.
[36m(FullyAsyncRollouter pid=7445)[0m [FullyAsyncRollouter][MonitorLoop][Statistics] {'count/dropped_stale_samples': 0,
[36m(FullyAsyncRollouter pid=7445)[0m  'count/staleness_samples': 106,
[36m(FullyAsyncRollouter pid=7445)[0m  'count/total_generated_samples': 154,
[36m(FullyAsyncRollouter pid=7445)[0m  'monitor/active_tasks_size': 16,
[36m(FullyAsyncRollouter pid=7445)[0m  'monitor/queue/mq_queue_size': 26,
[36m(FullyAsyncRollouter pid=7445)[0m  'monitor/queue/pending_queue_size': 128,
[36m(FullyAsyncRollouter pid=7445)[0m  'static/max_concurrent_samples': 16,
[36m(FullyAsyncRollouter pid=7445)[0m  'static/max_queue_size': 576,
[36m(FullyAsyncRollouter pid=7445)[0m  'static/max_required_samples': 576,
[36m(FullyAsyncRollouter pid=7445)[0m  'static/required_samples': 64,
[36m(FullyAsyncRollouter pid=7445)[0m  'static/staleness_threshold': 8}
[36m(FullyAsyncTrainer pid=6094)[0m [FullyAsyncTrainer] _fit_update_weights, timing_s/param_sync: 1.4988 seconds self.current_param_version: 2
[36m(FullyAsyncTrainer pid=6094)[0m step:2 - fully_async/rollouter/active_time:616.850252866745 - fully_async/rollouter/version_time:616.850252866745 - fully_async/rollouter/idle_ratio:0 - fully_async/rollouter/step_generated_samples:62 - dynamic_resource/rollout_resource_utilization:0.9999996405218978
[36m(FullyAsyncRollouter pid=7445)[0m [FullyAsyncRollouter][RolloutResourceUtilization] raw active_count_history (timestamp, active_count, max_concurrent): [(1785887545.977694, 15, 16), (1785887545.9778106, 16, 16), (1785887557.0949688, 15, 16), (1785887557.0950227, 16, 16), (1785887580.8505707, 15, 16), (1785887580.8506203, 16, 16), (1785887598.3132086, 15, 16), (1785887598.3132553, 16, 16), (1785887603.2050939, 15, 16), (1785887603.205132, 16, 16), (1785887606.6538851, 15, 16), (1785887606.6539073, 16, 16), (1785887608.1248856, 15, 16), (1785887608.1249073, 16, 16), (1785887608.235545, 15, 16), (1785887608.2355666, 16, 16), (1785887624.646599, 15, 16), (1785887624.646649, 16, 16), (1785887630.001065, 15, 16), (1785887630.0010881, 16, 16), (1785887632.3166366, 15, 16), (1785887632.3166597, 16, 16), (1785887637.2546737, 15, 16), (1785887637.254723, 16, 16), (1785887642.9042213, 15, 16), (1785887642.904244, 16, 16), (1785887657.0636992, 15, 16), (1785887657.0637603, 16, 16), (1785887660.3828425, 15, 16), (1785887660.3828697, 16, 16), (1785887668.5513837, 15, 16), (1785887668.5514417, 16, 16), (1785887671.589569, 15, 16), (1785887671.5895944, 16, 16), (1785887681.279289, 15, 16), (1785887681.2793434, 16, 16), (1785887688.0584836, 15, 16), (1785887688.058507, 16, 16), (1785887690.3393426, 15, 16), (1785887690.3393667, 16, 16), (1785887705.83121, 15, 16), (1785887705.831268, 16, 16), (1785887757.997047, 15, 16), (1785887757.997095, 16, 16), (1785887765.2311647, 15, 16), (1785887765.2311852, 16, 16), (1785887768.9427083, 15, 16), (1785887768.9427567, 16, 16), (1785887775.79249, 15, 16), (1785887775.7925124, 16, 16), (1785887776.026237, 15, 16), (1785887776.0262628, 16, 16), (1785887800.910156, 15, 16), (1785887800.910214, 16, 16), (1785887804.694301, 15, 16), (1785887804.6943245, 16, 16), (1785887816.6711366, 15, 16), (1785887816.6711826, 16, 16), (1785887848.5128949, 15, 16), (1785887848.5129442, 16, 16), (1785887851.6805406, 15, 16), (1785887851.6805618, 16, 16), (1785887862.7932658, 15, 16), (1785887862.7933187, 16, 16), (1785887868.6906664, 15, 16), (1785887868.6906946, 16, 16), (1785887878.2854114, 15, 16), (1785887878.285475, 16, 16), (1785887885.8673103, 15, 16), (1785887885.8673344, 16, 16), (1785887886.2444913, 15, 16), (1785887886.2445188, 16, 16), (1785887896.554258, 15, 16), (1785887896.554307, 16, 16), (1785887906.658704, 15, 16), (1785887906.6587527, 16, 16), (1785887914.708146, 15, 16), (1785887914.7081707, 16, 16), (1785887928.0329077, 15, 16), (1785887928.0329645, 16, 16), (1785887936.5647817, 15, 16), (1785887936.5648057, 16, 16), (1785887946.6806226, 15, 16), (1785887946.680679, 16, 16), (1785887950.0287094, 15, 16), (1785887950.028731, 16, 16), (1785887953.9081025, 15, 16), (1785887953.9081242, 16, 16), (1785887967.7857063, 15, 16), (1785887967.785751, 16, 16), (1785887999.7550092, 15, 16), (1785887999.7550566, 16, 16), (1785888004.8916786, 15, 16), (1785888004.8917012, 16, 16), (1785888012.1541839, 15, 16), (1785888012.1542287, 16, 16), (1785888020.3140006, 15, 16), (1785888020.3140247, 16, 16), (1785888029.747144, 15, 16), (1785888029.747205, 16, 16), (1785888033.3833966, 15, 16), (1785888033.383419, 16, 16), (1785888034.9030528, 15, 16), (1785888034.903076, 16, 16), (1785888055.4754152, 15, 16), (1785888055.475473, 16, 16), (1785888061.6841671, 15, 16), (1785888061.684188, 16, 16), (1785888086.5165088, 15, 16), (1785888086.5165648, 16, 16), (1785888097.609202, 15, 16), (1785888097.6092513, 16, 16), (1785888110.988991, 15, 16), (1785888110.989037, 16, 16), (1785888119.583243, 15, 16), (1785888119.5832698, 16, 16), (1785888127.3237712, 15, 16), (1785888127.3238358, 16, 16), (1785888129.8489664, 15, 16), (1785888129.8489878, 16, 16), (1785888137.2002757, 15, 16), (1785888137.2003007, 16, 16), (1785888150.9634795, 15, 16), (1785888150.963528, 16, 16), (1785888162.8268979, 15, 16), (1785888162.8280067, 15, 16)]
[36m(FullyAsyncRollouter pid=7445)[0m [FullyAsyncRollouter][Public][reset_staleness] reset staleness_samples to: 42 idle_ratio: 0.0000 step_generated_samples(this_step): 62 rollout_resource_utilization: 1.0000 recent_history(last 10 steps): [(2, 93), (3, 62)]
[36m(FullyAsyncTrainer pid=6094)[0m aggregated metrics done. cost 0.0002 seconds.
[36m(FullyAsyncTrainer pid=6094)[0m step:2 - training/global_step:1.0 - training/epoch:0.0 - fully_async/count/stale_trajectory_processed:0.0 - fully_async/count/current_param_version:0.0 - fully_async/processing_time/avg:103.94981028163534 - fully_async/processing_time/max:173.3483555939747 - fully_async/processing_time/min:3.7767237779917195 - fully_async/processing_time/tp50:117.28243492849288 - fully_async/processing_time/tp99:173.23023506560597 - fully_async/processing_time/tp95:170.8417217856855 - fully_async/monitor/active_tasks_size:16.0 - fully_async/monitor/queue/pending_queue_size:128.0 - fully_async/monitor/queue/mq_queue_size:0.0 - fully_async/count/total_generated_samples:0.0 - fully_async/count/staleness_samples:17.0 - fully_async/count/dropped_stale_samples:0.0 - fully_async/static/max_required_samples:576.0 - fully_async/static/required_samples:64.0 - fully_async/static/staleness_threshold:8.0 - fully_async/static/max_queue_size:576.0 - fully_async/static/max_concurrent_samples:16.0 - fully_async/partial/total_partial_num:0.0 - fully_async/partial/partial_ratio:0.0 - fully_async/partial/max_partial_span:0.0 - timing_s/agent_loop/tool_calls/max:0.0 - timing_s/agent_loop/tool_calls/min:0.0 - timing_s/agent_loop/tool_calls/mean:0.0 - fully_async/total_wait_time:598.5953216552734 - actor/pg_clipfrac:0.0002844127390354905 - actor/ppo_kl:0.0007792665660547624 - actor/pg_clipfrac_lower:1.819083159456828e-07 - actor/pg_loss:0.0382200448148069 - actor/loss:0.03822004795074463 - actor/grad_norm:0.02718161977827549 - actor/lr:1e-06 - actor/perf/max_memory_allocated_gb:34.086358070373535 - actor/perf/max_memory_reserved_gb:72.91796875 - actor/perf/cpu_memory_used_gb:37.009883880615234 - perf/mfu/actor:0.3142225635024888 - dynamic_resource/train_compute_time_s:262.49780670704786 - dynamic_resource/train_allocated_time_s:869.1067204475403 - critic/score/mean:0.195556640625 - critic/score/max:1.0 - critic/score/min:0.0 - critic/rewards/mean:0.195556640625 - critic/rewards/max:1.0 - critic/rewards/min:0.0 - critic/advantages/mean:-0.038184985518455505 - critic/advantages/max:2.4748666286468506 - critic/advantages/min:-2.1840639114379883 - critic/returns/mean:-0.038184985518455505 - critic/returns/max:2.4748666286468506 - critic/returns/min:-2.1840639114379883 - response_length/mean:10682.34765625 - response_length/max:16384.0 - response_length/min:636.0 - response_length/clip_ratio:0.123046875 - response_length_non_aborted/mean:10682.34765625 - response_length_non_aborted/max:16384.0 - response_length_non_aborted/min:636.0 - response_length_non_aborted/clip_ratio:0.123046875 - response/aborted_ratio:0.0 - prompt_length/mean:468.4375 - prompt_length/max:959.0 - prompt_length/min:90.0 - prompt_length/clip_ratio:0.0 - num_turns/min:2.0 - num_turns/max:2.0 - num_turns/mean:2.0 - timing_s/start_profile:6.7490036599338055e-06 - timing_s/gen:599.1406422249856 - timing_s/reward:2.0096020307391882e-05 - timing_s/adv:0.012014518026262522 - timing_s/update_actor:262.4857720930013 - timing_s/timing_s/param_sync:1.5766483750194311 - timing_s/step:869.1067406480433 - timing_s/stop_profile:4.99701127409935e-06 - timing_per_token_ms/adv:2.104412845483926e-06 - timing_per_token_ms/update_actor:0.04597591258690817 - timing_per_token_ms/gen:0.1095448869950436 - perf/total_num_tokens:5709202.0 - perf/time_per_step:869.1067406480433 - perf/throughput:3284.522908971442 - dynamic_resource/mq_size:29.0 - fully_async/trainer/idle_ratio:0.6893752104353035 - dynamic_resource/train_resource_utilization:0.3020317304322264 - dynamic_resource/rollout_resource_utilization:0.9999996405218978 - dynamic_resource/resource_utilization:0.6510156854770621
[36m(FullyAsyncTrainer pid=6094)[0m [FullyAsyncTrainer] Requesting 64 samples from queue
[36m(FullyAsyncTrainer pid=6094)[0m [FullyAsyncTrainer] sample collected 1/64. mq_len: 26
[36m(FullyAsyncTrainer pid=6094)[0m [FullyAsyncTrainer] sample collected 2/64. mq_len: 25
[36m(FullyAsyncTrainer pid=6094)[0m [FullyAsyncTrainer] sample collected 3/64. mq_len: 24
[36m(FullyAsyncTrainer pid=6094)[0m Training Progress:   2%|▎         | 2/80 [24:48<15:38:21, 721.81s/it]
[36m(FullyAsyncTrainer pid=6094)[0m [FullyAsyncTrainer] sample collected 4/64. mq_len: 23
[36m(FullyAsyncTrainer pid=6094)[0m [FullyAsyncTrainer] sample collected 5/64. mq_len: 22
[36m(FullyAsyncTrainer pid=6094)[0m [FullyAsyncTrainer] sample collected 6/64. mq_len: 21
[36m(FullyAsyncTrainer pid=6094)[0m [FullyAsyncTrainer] sample collected 7/64. mq_len: 20
[36m(FullyAsyncTrainer pid=6094)[0m [FullyAsyncTrainer] sample collected 8/64. mq_len: 19
[36m(FullyAsyncTrainer pid=6094)[0m [FullyAsyncTrainer] sample collected 9/64. mq_len: 18
[36m(FullyAsyncTrainer pid=6094)[0m [FullyAsyncTrainer] sample collected 10/64. mq_len: 17
[36m(FullyAsyncTrainer pid=6094)[0m [FullyAsyncTrainer] sample collected 11/64. mq_len: 16
[36m(FullyAsyncTrainer pid=6094)[0m [FullyAsyncTrainer] sample collected 12/64. mq_len: 15
[36m(FullyAsyncTrainer pid=6094)[0m [FullyAsyncTrainer] sample collected 13/64. mq_len: 14
[36m(FullyAsyncTrainer pid=6094)[0m [FullyAsyncTrainer] sample collected 14/64. mq_len: 13
[36m(FullyAsyncTrainer pid=6094)[0m [FullyAsyncTrainer] sample collected 15/64. mq_len: 12
[36m(FullyAsyncTrainer pid=6094)[0m [FullyAsyncTrainer] sample collected 16/64. mq_len: 11
[36m(FullyAsyncTrainer pid=6094)[0m [FullyAsyncTrainer] sample collected 17/64. mq_len: 10
[36m(FullyAsyncTrainer pid=6094)[0m [FullyAsyncTrainer] sample collected 18/64. mq_len: 9
[36m(FullyAsyncTrainer pid=6094)[0m [FullyAsyncTrainer] sample collected 19/64. mq_len: 8
[36m(FullyAsyncTrainer pid=6094)[0m [FullyAsyncTrainer] sample collected 20/64. mq_len: 7
[36m(FullyAsyncTrainer pid=6094)[0m [FullyAsyncTrainer] sample collected 21/64. mq_len: 6
[36m(FullyAsyncTrainer pid=6094)[0m [FullyAsyncTrainer] sample collected 22/64. mq_len: 5
[36m(FullyAsyncTrainer pid=6094)[0m [FullyAsyncTrainer] sample collected 23/64. mq_len: 4
[36m(FullyAsyncTrainer pid=6094)[0m [FullyAsyncTrainer] sample collected 24/64. mq_len: 3
[36m(FullyAsyncTrainer pid=6094)[0m [FullyAsyncTrainer] sample collected 25/64. mq_len: 2
[36m(FullyAsyncTrainer pid=6094)[0m [FullyAsyncTrainer] sample collected 26/64. mq_len: 1
[36m(FullyAsyncTrainer pid=6094)[0m [FullyAsyncTrainer] sample collected 27/64. mq_len: 0
[36m(FullyAsyncTrainer pid=6094)[0m [FullyAsyncTrainer] sample collected 28/64. mq_len: 0
[36m(FullyAsyncTrainer pid=6094)[0m [FullyAsyncTrainer] sample collected 29/64. mq_len: 0
[36m(FullyAsyncTrainer pid=6094)[0m [FullyAsyncTrainer] sample collected 30/64. mq_len: 0
[36m(FullyAsyncTrainer pid=6094)[0m [FullyAsyncTrainer] sample collected 31/64. mq_len: 0
[36m(FullyAsyncTrainer pid=6094)[0m [FullyAsyncTrainer] sample collected 32/64. mq_len: 0
[36m(FullyAsyncTrainer pid=6094)[0m [FullyAsyncTrainer] sample collected 33/64. mq_len: 0
[36m(FullyAsyncTrainer pid=6094)[0m [FullyAsyncTrainer] sample collected 34/64. mq_len: 0
[36m(FullyAsyncTrainer pid=6094)[0m [FullyAsyncTrainer] sample collected 35/64. mq_len: 0
[36m(FullyAsyncTrainer pid=6094)[0m [FullyAsyncTrainer] sample collected 36/64. mq_len: 0
[36m(FullyAsyncTrainer pid=6094)[0m [FullyAsyncTrainer] sample collected 37/64. mq_len: 0
[36m(FullyAsyncRollouter pid=7445)[0m [FullyAsyncRollouter][MonitorLoop][Statistics] {'count/dropped_stale_samples': 0,
[36m(FullyAsyncRollouter pid=7445)[0m  'count/staleness_samples': 53,
[36m(FullyAsyncRollouter pid=7445)[0m  'count/total_generated_samples': 165,
[36m(FullyAsyncRollouter pid=7445)[0m  'monitor/active_tasks_size': 16,
[36m(FullyAsyncRollouter pid=7445)[0m  'monitor/queue/mq_queue_size': 0,
[36m(FullyAsyncRollouter pid=7445)[0m  'monitor/queue/pending_queue_size': 128,
[36m(FullyAsyncRollouter pid=7445)[0m  'static/max_concurrent_samples': 16,
[36m(FullyAsyncRollouter pid=7445)[0m  'static/max_queue_size': 576,
[36m(FullyAsyncRollouter pid=7445)[0m  'static/max_required_samples': 576,
[36m(FullyAsyncRollouter pid=7445)[0m  'static/required_samples': 64,
[36m(FullyAsyncRollouter pid=7445)[0m  'static/staleness_threshold': 8}
[36m(FullyAsyncTrainer pid=6094)[0m [FullyAsyncTrainer] sample collected 38/64. mq_len: 0
[36m(FullyAsyncTrainer pid=6094)[0m [FullyAsyncTrainer] sample collected 39/64. mq_len: 0
[36m(FullyAsyncTrainer pid=6094)[0m [FullyAsyncTrainer] sample collected 40/64. mq_len: 0
[36m(FullyAsyncTrainer pid=6094)[0m [FullyAsyncTrainer] sample collected 41/64. mq_len: 0
[36m(FullyAsyncTrainer pid=6094)[0m [FullyAsyncTrainer] sample collected 42/64. mq_len: 0
[36m(FullyAsyncRollouter pid=7445)[0m [FullyAsyncRollouter][MonitorLoop][Statistics] {'count/dropped_stale_samples': 0,
[36m(FullyAsyncRollouter pid=7445)[0m  'count/staleness_samples': 58,
[36m(FullyAsyncRollouter pid=7445)[0m  'count/total_generated_samples': 170,
[36m(FullyAsyncRollouter pid=7445)[0m  'monitor/active_tasks_size': 16,
[36m(FullyAsyncRollouter pid=7445)[0m  'monitor/queue/mq_queue_size': 0,
[36m(FullyAsyncRollouter pid=7445)[0m  'monitor/queue/pending_queue_size': 128,
[36m(FullyAsyncRollouter pid=7445)[0m  'static/max_concurrent_samples': 16,
[36m(FullyAsyncRollouter pid=7445)[0m  'static/max_queue_size': 576,
[36m(FullyAsyncRollouter pid=7445)[0m  'static/max_required_samples': 576,
[36m(FullyAsyncRollouter pid=7445)[0m  'static/required_samples': 64,
[36m(FullyAsyncRollouter pid=7445)[0m  'static/staleness_threshold': 8}
[36m(FullyAsyncTrainer pid=6094)[0m [FullyAsyncTrainer] sample collected 43/64. mq_len: 0
[36m(FullyAsyncTrainer pid=6094)[0m [FullyAsyncTrainer] sample collected 44/64. mq_len: 0
[36m(FullyAsyncTrainer pid=6094)[0m [FullyAsyncTrainer] sample collected 45/64. mq_len: 0
[36m(FullyAsyncTrainer pid=6094)[0m [FullyAsyncTrainer] sample collected 46/64. mq_len: 0
[36m(FullyAsyncTrainer pid=6094)[0m [FullyAsyncTrainer] sample collected 47/64. mq_len: 0
[36m(FullyAsyncTrainer pid=6094)[0m [FullyAsyncTrainer] sample collected 48/64. mq_len: 0
[36m(FullyAsyncTrainer pid=6094)[0m [FullyAsyncTrainer] sample collected 49/64. mq_len: 0
[36m(FullyAsyncTrainer pid=6094)[0m [FullyAsyncTrainer] sample collected 50/64. mq_len: 0
[36m(FullyAsyncTrainer pid=6094)[0m [FullyAsyncTrainer] sample collected 51/64. mq_len: 0
[36m(FullyAsyncRollouter pid=7445)[0m [FullyAsyncRollouter][MonitorLoop][Statistics] {'count/dropped_stale_samples': 0,
[36m(FullyAsyncRollouter pid=7445)[0m  'count/staleness_samples': 67,
[36m(FullyAsyncRollouter pid=7445)[0m  'count/total_generated_samples': 179,
[36m(FullyAsyncRollouter pid=7445)[0m  'monitor/active_tasks_size': 16,
[36m(FullyAsyncRollouter pid=7445)[0m  'monitor/queue/mq_queue_size': 0,
[36m(FullyAsyncRollouter pid=7445)[0m  'monitor/queue/pending_queue_size': 128,
[36m(FullyAsyncRollouter pid=7445)[0m  'static/max_concurrent_samples': 16,
[36m(FullyAsyncRollouter pid=7445)[0m  'static/max_queue_size': 576,
[36m(FullyAsyncRollouter pid=7445)[0m  'static/max_required_samples': 576,
[36m(FullyAsyncRollouter pid=7445)[0m  'static/required_samples': 64,
[36m(FullyAsyncRollouter pid=7445)[0m  'static/staleness_threshold': 8}
[36m(FullyAsyncTrainer pid=6094)[0m [FullyAsyncTrainer] sample collected 52/64. mq_len: 0
[36m(FullyAsyncTrainer pid=6094)[0m [FullyAsyncTrainer] sample collected 53/64. mq_len: 0
[36m(FullyAsyncTrainer pid=6094)[0m [FullyAsyncTrainer] sample collected 54/64. mq_len: 0
[36m(FullyAsyncTrainer pid=6094)[0m [FullyAsyncTrainer] sample collected 55/64. mq_len: 0
[36m(FullyAsyncRollouter pid=7445)[0m [FullyAsyncRollouter][MonitorLoop][Statistics] {'count/dropped_stale_samples': 0,
[36m(FullyAsyncRollouter pid=7445)[0m  'count/staleness_samples': 71,
[36m(FullyAsyncRollouter pid=7445)[0m  'count/total_generated_samples': 183,
[36m(FullyAsyncRollouter pid=7445)[0m  'monitor/active_tasks_size': 16,
[36m(FullyAsyncRollouter pid=7445)[0m  'monitor/queue/mq_queue_size': 0,
[36m(FullyAsyncRollouter pid=7445)[0m  'monitor/queue/pending_queue_size': 128,
[36m(FullyAsyncRollouter pid=7445)[0m  'static/max_concurrent_samples': 16,
[36m(FullyAsyncRollouter pid=7445)[0m  'static/max_queue_size': 576,
[36m(FullyAsyncRollouter pid=7445)[0m  'static/max_required_samples': 576,
[36m(FullyAsyncRollouter pid=7445)[0m  'static/required_samples': 64,
[36m(FullyAsyncRollouter pid=7445)[0m  'static/staleness_threshold': 8}
[36m(FullyAsyncRollouter pid=7445)[0m 
[36m(FullyAsyncTrainer pid=6094)[0m [FullyAsyncTrainer] sample collected 56/64. mq_len: 0
[36m(FullyAsyncTrainer pid=6094)[0m [FullyAsyncTrainer] sample collected 57/64. mq_len: 0
[36m(FullyAsyncTrainer pid=6094)[0m [FullyAsyncTrainer] sample collected 58/64. mq_len: 0
[36m(FullyAsyncTrainer pid=6094)[0m [FullyAsyncTrainer] sample collected 59/64. mq_len: 0
[36m(FullyAsyncTrainer pid=6094)[0m [FullyAsyncTrainer] sample collected 60/64. mq_len: 0
[36m(FullyAsyncTrainer pid=6094)[0m [FullyAsyncTrainer] sample collected 61/64. mq_len: 0
[36m(FullyAsyncTrainer pid=6094)[0m [FullyAsyncTrainer] sample collected 62/64. mq_len: 0
[36m(FullyAsyncTrainer pid=6094)[0m [FullyAsyncTrainer] sample collected 63/64. mq_len: 0
[36m(FullyAsyncRollouter pid=7445)[0m [FullyAsyncRollouter][MonitorLoop][Statistics] {'count/dropped_stale_samples': 0,
[36m(FullyAsyncRollouter pid=7445)[0m  'count/staleness_samples': 79,
[36m(FullyAsyncRollouter pid=7445)[0m  'count/total_generated_samples': 191,
[36m(FullyAsyncRollouter pid=7445)[0m  'monitor/active_tasks_size': 16,
[36m(FullyAsyncRollouter pid=7445)[0m  'monitor/queue/mq_queue_size': 0,
[36m(FullyAsyncRollouter pid=7445)[0m  'monitor/queue/pending_queue_size': 128,
[36m(FullyAsyncRollouter pid=7445)[0m  'static/max_concurrent_samples': 16,
[36m(FullyAsyncRollouter pid=7445)[0m  'static/max_queue_size': 576,
[36m(FullyAsyncRollouter pid=7445)[0m  'static/max_required_samples': 576,
[36m(FullyAsyncRollouter pid=7445)[0m  'static/required_samples': 64,
[36m(FullyAsyncRollouter pid=7445)[0m  'static/staleness_threshold': 8}
[36m(FullyAsyncTrainer pid=6094)[0m [FullyAsyncTrainer] sample collected 64/64. mq_len: 0
[36m(FullyAsyncTrainer pid=6094)[0m [FullyAsyncTrainer] Collected 64/64 samples. mq_len: 0
[36m(FullyAsyncTrainer pid=6094)[0m [FullyAsyncTrainer] Loop collection completed: 64/64 samples, total wait time: 371.51 seconds. mq_len: 0
[36m(FullyAsyncTrainer pid=6094)[0m [BatchUtils] Assembling batch from 64 RolloutSample objects
[36m(FullyAsyncTrainer pid=6094)[0m [BatchUtils] Batch assembly completed in 0.26s
[36m(FullyAsyncRollouter pid=7445)[0m [FullyAsyncRollouter][MonitorLoop][Statistics] {'count/dropped_stale_samples': 0,
[36m(FullyAsyncRollouter pid=7445)[0m  'count/staleness_samples': 85,
[36m(FullyAsyncRollouter pid=7445)[0m  'count/total_generated_samples': 197,
[36m(FullyAsyncRollouter pid=7445)[0m  'monitor/active_tasks_size': 16,
[36m(FullyAsyncRollouter pid=7445)[0m  'monitor/queue/mq_queue_size': 5,
[36m(FullyAsyncRollouter pid=7445)[0m  'monitor/queue/pending_queue_size': 128,
[36m(FullyAsyncRollouter pid=7445)[0m  'static/max_concurrent_samples': 16,
[36m(FullyAsyncRollouter pid=7445)[0m  'static/max_queue_size': 576,
[36m(FullyAsyncRollouter pid=7445)[0m  'static/max_required_samples': 576,
[36m(FullyAsyncRollouter pid=7445)[0m  'static/required_samples': 64,
[36m(FullyAsyncRollouter pid=7445)[0m  'static/staleness_threshold': 8}
[36m(MessageQueue pid=12602)[0m MessageQueue stats: produced=200, queue_size=8
[36m(FullyAsyncRollouter pid=7445)[0m [FullyAsyncRollouter][MonitorLoop][Statistics] {'count/dropped_stale_samples': 0,
[36m(FullyAsyncRollouter pid=7445)[0m  'count/staleness_samples': 92,
[36m(FullyAsyncRollouter pid=7445)[0m  'count/total_generated_samples': 204,
[36m(FullyAsyncRollouter pid=7445)[0m  'monitor/active_tasks_size': 16,
[36m(FullyAsyncRollouter pid=7445)[0m  'monitor/queue/mq_queue_size': 12,
[36m(FullyAsyncRollouter pid=7445)[0m  'monitor/queue/pending_queue_size': 128,
[36m(FullyAsyncRollouter pid=7445)[0m  'static/max_concurrent_samples': 16,
[36m(FullyAsyncRollouter pid=7445)[0m  'static/max_queue_size': 576,
[36m(FullyAsyncRollouter pid=7445)[0m  'static/max_required_samples': 576,
[36m(FullyAsyncRollouter pid=7445)[0m  'static/required_samples': 64,
[36m(FullyAsyncRollouter pid=7445)[0m  'static/staleness_threshold': 8}
[36m(FullyAsyncRollouter pid=7445)[0m [FullyAsyncRollouter][MonitorLoop][Statistics] {'count/dropped_stale_samples': 0,
[36m(FullyAsyncRollouter pid=7445)[0m  'count/staleness_samples': 102,
[36m(FullyAsyncRollouter pid=7445)[0m  'count/total_generated_samples': 214,
[36m(FullyAsyncRollouter pid=7445)[0m  'monitor/active_tasks_size': 16,
[36m(FullyAsyncRollouter pid=7445)[0m  'monitor/queue/mq_queue_size': 22,
[36m(FullyAsyncRollouter pid=7445)[0m  'monitor/queue/pending_queue_size': 128,
[36m(FullyAsyncRollouter pid=7445)[0m  'static/max_concurrent_samples': 16,
[36m(FullyAsyncRollouter pid=7445)[0m  'static/max_queue_size': 576,
[36m(FullyAsyncRollouter pid=7445)[0m  'static/max_required_samples': 576,
[36m(FullyAsyncRollouter pid=7445)[0m  'static/required_samples': 64,
[36m(FullyAsyncRollouter pid=7445)[0m  'static/staleness_threshold': 8}
[36m(FullyAsyncRollouter pid=7445)[0m [FullyAsyncRollouter][MonitorLoop][Statistics] {'count/dropped_stale_samples': 0,
[36m(FullyAsyncRollouter pid=7445)[0m  'count/staleness_samples': 107,
[36m(FullyAsyncRollouter pid=7445)[0m  'count/total_generated_samples': 219,
[36m(FullyAsyncRollouter pid=7445)[0m  'monitor/active_tasks_size': 16,
[36m(FullyAsyncRollouter pid=7445)[0m  'monitor/queue/mq_queue_size': 27,
[36m(FullyAsyncRollouter pid=7445)[0m  'monitor/queue/pending_queue_size': 128,
[36m(FullyAsyncRollouter pid=7445)[0m  'static/max_concurrent_samples': 16,
[36m(FullyAsyncRollouter pid=7445)[0m  'static/max_queue_size': 576,
[36m(FullyAsyncRollouter pid=7445)[0m  'static/max_required_samples': 576,
[36m(FullyAsyncRollouter pid=7445)[0m  'static/required_samples': 64,
[36m(FullyAsyncRollouter pid=7445)[0m  'static/staleness_threshold': 8}
[36m(FullyAsyncTrainer pid=6094)[0m [FullyAsyncTrainer] global_steps: 3 local_trigger_step: 1 trigger_parameter_sync_step: 1 00:13:45.949
[36m(vLLMHttpServer pid=9124)[0m (Worker pid=10185) WARNING 08-05 00:13:47 [layerwise.py:225] RotaryEmbedding: Failed to load weights
[36m(vLLMHttpServer pid=9124)[0m (EngineCore pid=9943) WARNING 08-05 00:13:47 [scheduler.py:1919] reset_connector called but no KV connector is configured.
[36m(FullyAsyncTrainer pid=6094)[0m [FullyAsyncTrainer] _fit_update_weights, timing_s/param_sync: 1.7383 seconds self.current_param_version: 3
[36m(FullyAsyncTrainer pid=6094)[0m step:3 - fully_async/rollouter/active_time:675.2236075401306 - fully_async/rollouter/version_time:675.2236075401306 - fully_async/rollouter/idle_ratio:0 - fully_async/rollouter/step_generated_samples:67 - dynamic_resource/rollout_resource_utilization:0.9999996303087999
[36m(FullyAsyncRollouter pid=7445)[0m [FullyAsyncRollouter][RolloutResourceUtilization] raw active_count_history (timestamp, active_count, max_concurrent): [(1785888162.8283832, 15, 16), (1785888162.8285239, 16, 16), (1785888167.3238614, 15, 16), (1785888167.3238852, 16, 16), (1785888173.9987147, 15, 16), (1785888173.9987698, 16, 16), (1785888175.628237, 15, 16), (1785888175.6282594, 16, 16), (1785888191.4958508, 15, 16), (1785888191.4958973, 16, 16), (1785888196.0629194, 15, 16), (1785888196.0629418, 16, 16), (1785888209.0529935, 15, 16), (1785888209.0530512, 16, 16), (1785888213.747278, 15, 16), (1785888213.7473013, 16, 16), (1785888218.914703, 15, 16), (1785888218.91473, 16, 16), (1785888237.7745514, 15, 16), (1785888237.7745988, 16, 16), (1785888238.4663746, 15, 16), (1785888238.4663966, 16, 16), (1785888276.4623256, 15, 16), (1785888276.4623742, 16, 16), (1785888280.3076453, 15, 16), (1785888280.307669, 16, 16), (1785888293.0389516, 15, 16), (1785888293.0390058, 16, 16), (1785888295.9429693, 15, 16), (1785888295.9429917, 16, 16), (1785888310.347634, 15, 16), (1785888310.3476925, 16, 16), (1785888326.074553, 15, 16), (1785888326.0746021, 16, 16), (1785888345.4616206, 15, 16), (1785888345.4616716, 16, 16), (1785888356.3698444, 15, 16), (1785888356.3698928, 16, 16), (1785888359.649274, 15, 16), (1785888359.6492965, 16, 16), (1785888363.7951903, 15, 16), (1785888363.7952125, 16, 16), (1785888367.3157687, 15, 16), (1785888367.3158195, 16, 16), (1785888374.7067926, 15, 16), (1785888374.706816, 16, 16), (1785888379.2443924, 15, 16), (1785888379.2444513, 16, 16), (1785888381.0537364, 15, 16), (1785888381.0537596, 16, 16), (1785888393.294521, 15, 16), (1785888393.2945702, 16, 16), (1785888404.579661, 15, 16), (1785888404.579715, 16, 16), (1785888440.667155, 15, 16), (1785888440.6672053, 16, 16), (1785888440.9315643, 15, 16), (1785888440.9315856, 16, 16), (1785888462.3632028, 15, 16), (1785888462.3632548, 16, 16), (1785888463.2988267, 15, 16), (1785888463.2988508, 16, 16), (1785888464.1619036, 15, 16), (1785888464.1619272, 16, 16), (1785888496.9452069, 15, 16), (1785888496.9452624, 16, 16), (1785888503.908409, 15, 16), (1785888503.9084504, 16, 16), (1785888507.7799177, 15, 16), (1785888507.7799718, 16, 16), (1785888512.285893, 15, 16), (1785888512.2859142, 16, 16), (1785888513.8015437, 15, 16), (1785888513.8015656, 16, 16), (1785888534.4641383, 15, 16), (1785888534.4641964, 16, 16), (1785888537.5673444, 15, 16), (1785888537.567374, 16, 16), (1785888545.6094575, 15, 16), (1785888545.6095164, 16, 16), (1785888550.142345, 15, 16), (1785888550.142368, 16, 16), (1785888552.8194184, 15, 16), (1785888552.8194532, 16, 16), (1785888577.4804902, 15, 16), (1785888577.4805472, 16, 16), (1785888601.0615578, 15, 16), (1785888601.0616071, 16, 16), (1785888605.486713, 15, 16), (1785888605.4867349, 16, 16), (1785888625.8551283, 15, 16), (1785888625.8551795, 16, 16), (1785888632.8561268, 15, 16), (1785888632.8561532, 16, 16), (1785888634.4092882, 15, 16), (1785888634.4093118, 16, 16), (1785888653.9295044, 15, 16), (1785888653.9295664, 16, 16), (1785888660.7738628, 15, 16), (1785888660.7738867, 16, 16), (1785888664.5346346, 15, 16), (1785888664.534683, 16, 16), (1785888679.681875, 15, 16), (1785888679.681936, 16, 16), (1785888687.6805363, 15, 16), (1785888687.6805594, 16, 16), (1785888693.6224923, 15, 16), (1785888693.6225393, 16, 16), (1785888699.860231, 15, 16), (1785888699.8602576, 16, 16), (1785888708.6572225, 15, 16), (1785888708.657275, 16, 16), (1785888715.7680337, 15, 16), (1785888715.7680566, 16, 16), (1785888718.0416322, 15, 16), (1785888718.041655, 16, 16), (1785888718.4425633, 15, 16), (1785888718.4425933, 16, 16), (1785888729.5489783, 15, 16), (1785888729.5490348, 16, 16), (1785888741.6712363, 15, 16), (1785888741.6712852, 16, 16), (1785888754.7201083, 15, 16), (1785888754.720165, 16, 16), (1785888770.9468932, 15, 16), (1785888770.946944, 16, 16), (1785888784.1606898, 15, 16), (1785888784.1607454, 16, 16), (1785888798.6460547, 15, 16), (1785888798.6461153, 16, 16), (1785888822.4091516, 15, 16), (1785888822.4092174, 16, 16), (1785888822.6772087, 15, 16), (1785888822.6772354, 16, 16), (1785888838.050858, 15, 16), (1785888838.0520625, 15, 16)]
[36m(FullyAsyncRollouter pid=7445)[0m [FullyAsyncRollouter][Public][reset_staleness] reset staleness_samples to: 45 idle_ratio: 0.0000 step_generated_samples(this_step): 67 rollout_resource_utilization: 1.0000 recent_history(last 10 steps): [(2, 93), (3, 62), (4, 67)]
[36m(FullyAsyncTrainer pid=6094)[0m aggregated metrics done. cost 0.0002 seconds.
[36m(FullyAsyncTrainer pid=6094)[0m step:3 - training/global_step:2.0 - training/epoch:0.0 - fully_async/count/stale_trajectory_processed:251.0 - fully_async/count/current_param_version:1.0 - fully_async/processing_time/avg:112.96720526087961 - fully_async/processing_time/max:186.45631886197953 - fully_async/processing_time/min:5.476716471021064 - fully_async/processing_time/tp50:124.95096436751192 - fully_async/processing_time/tp99:180.7612368485739 - fully_async/processing_time/tp95:173.5922146511555 - fully_async/monitor/active_tasks_size:16.0 - fully_async/monitor/queue/pending_queue_size:128.0 - fully_async/monitor/queue/mq_queue_size:0.0 - fully_async/count/total_generated_samples:64.0 - fully_async/count/staleness_samples:81.0 - fully_async/count/dropped_stale_samples:0.0 - fully_async/static/max_required_samples:576.0 - fully_async/static/required_samples:64.0 - fully_async/static/staleness_threshold:8.0 - fully_async/static/max_queue_size:576.0 - fully_async/static/max_concurrent_samples:16.0 - fully_async/partial/total_partial_num:101.0 - fully_async/partial/partial_ratio:0.197265625 - fully_async/partial/max_partial_span:1.0 - timing_s/agent_loop/tool_calls/max:0.0 - timing_s/agent_loop/tool_calls/min:0.0 - timing_s/agent_loop/tool_calls/mean:0.0 - fully_async/total_wait_time:340.1437005996704 - actor/pg_clipfrac:0.00033847382494261384 - actor/ppo_kl:0.0007816740190416265 - actor/pg_clipfrac_lower:8.870670474910488e-07 - actor/pg_loss:0.030516550843231016 - actor/loss:0.030516549944877625 - actor/grad_norm:0.028474098071455956 - actor/lr:1e-06 - actor/perf/max_memory_allocated_gb:46.2189564704895 - actor/perf/max_memory_reserved_gb:73.13671875 - actor/perf/cpu_memory_used_gb:38.199867248535156 - perf/mfu/actor:0.3133309919917059 - dynamic_resource/train_compute_time_s:271.2446468460257 - dynamic_resource/train_allocated_time_s:616.718465089798 - critic/score/mean:0.22583472728729248 - critic/score/max:1.0 - critic/score/min:0.0 - critic/rewards/mean:0.22583472728729248 - critic/rewards/max:1.0 - critic/rewards/min:0.0 - critic/advantages/mean:-0.03050018660724163 - critic/advantages/max:2.4748666286468506 - critic/advantages/min:-2.4748666286468506 - critic/returns/mean:-0.03050018660724163 - critic/returns/max:2.4748666286468506 - critic/returns/min:-2.4748666286468506 - response_length/mean:11022.69140625 - response_length/max:16384.0 - response_length/min:555.0 - response_length/clip_ratio:0.099609375 - response_length_non_aborted/mean:11022.69140625 - response_length_non_aborted/max:16384.0 - response_length_non_aborted/min:555.0 - response_length_non_aborted/clip_ratio:0.099609375 - response/aborted_ratio:0.0 - prompt_length/mean:477.09375 - prompt_length/max:886.0 - prompt_length/min:94.0 - prompt_length/clip_ratio:0.0 - num_turns/min:2.0 - num_turns/max:2.0 - num_turns/mean:2.0 - timing_s/start_profile:5.752954166382551e-06 - timing_s/gen:340.55415082600666 - timing_s/reward:2.3760017938911915e-05 - timing_s/adv:0.010096037003677338 - timing_s/update_actor:271.2345270490041 - timing_s/timing_s/param_sync:1.4988162540248595 - timing_s/step:616.7184837319655 - timing_s/stop_profile:4.581990651786327e-06 - timing_per_token_ms/adv:1.7147122320011649e-06 - timing_per_token_ms/update_actor:0.04606650719510794 - timing_per_token_ms/gen:0.060343232094377516 - perf/total_num_tokens:5887890.0 - perf/time_per_step:616.7184837319655 - perf/throughput:4773.5637534085645 - dynamic_resource/mq_size:27.0 - fully_async/trainer/idle_ratio:0.5522035739308508 - dynamic_resource/train_resource_utilization:0.439819240383099 - dynamic_resource/rollout_resource_utilization:0.9999996303087999 - dynamic_resource/resource_utilization:0.7199094353459494
[36m(FullyAsyncTrainer pid=6094)[0m Training Progress:   4%|▍         | 3/80 [36:03<14:59:01, 700.54s/it]
[36m(FullyAsyncTrainer pid=6094)[0m [FullyAsyncTrainer] Requesting 64 samples from queue
[36m(FullyAsyncTrainer pid=6094)[0m [FullyAsyncTrainer] sample collected 1/64. mq_len: 29
[36m(FullyAsyncTrainer pid=6094)[0m [FullyAsyncTrainer] sample collected 2/64. mq_len: 28
[36m(FullyAsyncTrainer pid=6094)[0m [FullyAsyncTrainer] sample collected 3/64. mq_len: 27
[36m(FullyAsyncTrainer pid=6094)[0m [FullyAsyncTrainer] sample collected 4/64. mq_len: 26
[36m(FullyAsyncTrainer pid=6094)[0m [FullyAsyncTrainer] sample collected 5/64. mq_len: 25
[36m(FullyAsyncTrainer pid=6094)[0m [FullyAsyncTrainer] sample collected 6/64. mq_len: 24
[36m(FullyAsyncTrainer pid=6094)[0m [FullyAsyncTrainer] sample collected 7/64. mq_len: 23
[36m(FullyAsyncTrainer pid=6094)[0m [FullyAsyncTrainer] sample collected 8/64. mq_len: 22
[36m(FullyAsyncTrainer pid=6094)[0m [FullyAsyncTrainer] sample collected 9/64. mq_len: 21
[36m(FullyAsyncTrainer pid=6094)[0m [FullyAsyncTrainer] sample collected 10/64. mq_len: 20
[36m(FullyAsyncTrainer pid=6094)[0m [FullyAsyncTrainer] sample collected 11/64. mq_len: 19
[36m(FullyAsyncTrainer pid=6094)[0m [FullyAsyncTrainer] sample collected 12/64. mq_len: 18
[36m(FullyAsyncTrainer pid=6094)[0m [FullyAsyncTrainer] sample collected 13/64. mq_len: 17
[36m(FullyAsyncTrainer pid=6094)[0m [FullyAsyncTrainer] sample collected 14/64. mq_len: 16
[36m(FullyAsyncTrainer pid=6094)[0m [FullyAsyncTrainer] sample collected 15/64. mq_len: 15
[36m(FullyAsyncTrainer pid=6094)[0m [FullyAsyncTrainer] sample collected 16/64. mq_len: 14
[36m(FullyAsyncTrainer pid=6094)[0m [FullyAsyncTrainer] sample collected 17/64. mq_len: 13
[36m(FullyAsyncTrainer pid=6094)[0m [FullyAsyncTrainer] sample collected 18/64. mq_len: 12
[36m(FullyAsyncTrainer pid=6094)[0m [FullyAsyncTrainer] sample collected 19/64. mq_len: 11
[36m(FullyAsyncTrainer pid=6094)[0m [FullyAsyncTrainer] sample collected 20/64. mq_len: 10
[36m(FullyAsyncTrainer pid=6094)[0m [FullyAsyncTrainer] sample collected 21/64. mq_len: 9
[36m(FullyAsyncTrainer pid=6094)[0m [FullyAsyncTrainer] sample collected 22/64. mq_len: 8
[36m(FullyAsyncTrainer pid=6094)[0m [FullyAsyncTrainer] sample collected 23/64. mq_len: 7
[36m(FullyAsyncTrainer pid=6094)[0m [FullyAsyncTrainer] sample collected 24/64. mq_len: 6
[36m(FullyAsyncTrainer pid=6094)[0m [FullyAsyncTrainer] sample collected 25/64. mq_len: 5
[36m(FullyAsyncTrainer pid=6094)[0m [FullyAsyncTrainer] sample collected 26/64. mq_len: 4
[36m(FullyAsyncTrainer pid=6094)[0m [FullyAsyncTrainer] sample collected 27/64. mq_len: 3
[36m(FullyAsyncTrainer pid=6094)[0m [FullyAsyncTrainer] sample collected 28/64. mq_len: 2
[36m(FullyAsyncTrainer pid=6094)[0m [FullyAsyncTrainer] sample collected 29/64. mq_len: 1
[36m(FullyAsyncTrainer pid=6094)[0m [FullyAsyncTrainer] sample collected 30/64. mq_len: 0
[36m(FullyAsyncTrainer pid=6094)[0m [FullyAsyncTrainer] sample collected 31/64. mq_len: 0
[36m(FullyAsyncTrainer pid=6094)[0m [FullyAsyncTrainer] sample collected 32/64. mq_len: 0
[36m(FullyAsyncTrainer pid=6094)[0m [FullyAsyncTrainer] sample collected 33/64. mq_len: 0
[36m(FullyAsyncTrainer pid=6094)[0m [FullyAsyncTrainer] sample collected 34/64. mq_len: 0
[36m(FullyAsyncRollouter pid=7445)[0m [FullyAsyncRollouter][MonitorLoop][Statistics] {'count/dropped_stale_samples': 0,
[36m(FullyAsyncRollouter pid=7445)[0m  'count/staleness_samples': 50,
[36m(FullyAsyncRollouter pid=7445)[0m  'count/total_generated_samples': 226,
[36m(FullyAsyncRollouter pid=7445)[0m  'monitor/active_tasks_size': 16,
[36m(FullyAsyncRollouter pid=7445)[0m  'monitor/queue/mq_queue_size': 0,
[36m(FullyAsyncRollouter pid=7445)[0m  'monitor/queue/pending_queue_size': 128,
[36m(FullyAsyncRollouter pid=7445)[0m  'static/max_concurrent_samples': 16,
[36m(FullyAsyncRollouter pid=7445)[0m  'static/max_queue_size': 576,
[36m(FullyAsyncRollouter pid=7445)[0m  'static/max_required_samples': 576,
[36m(FullyAsyncRollouter pid=7445)[0m  'static/required_samples': 64,
[36m(FullyAsyncRollouter pid=7445)[0m  'static/staleness_threshold': 8}
[36m(FullyAsyncTrainer pid=6094)[0m [FullyAsyncTrainer] sample collected 35/64. mq_len: 0
[36m(FullyAsyncTrainer pid=6094)[0m [FullyAsyncTrainer] sample collected 36/64. mq_len: 0
[36m(FullyAsyncTrainer pid=6094)[0m [FullyAsyncTrainer] sample collected 37/64. mq_len: 0
[36m(FullyAsyncTrainer pid=6094)[0m [FullyAsyncTrainer] sample collected 38/64. mq_len: 0
[36m(FullyAsyncTrainer pid=6094)[0m [FullyAsyncTrainer] sample collected 39/64. mq_len: 0
[36m(FullyAsyncTrainer pid=6094)[0m [FullyAsyncTrainer] sample collected 40/64. mq_len: 0
[36m(FullyAsyncTrainer pid=6094)[0m [FullyAsyncTrainer] sample collected 41/64. mq_len: 0
[36m(FullyAsyncTrainer pid=6094)[0m [FullyAsyncTrainer] sample collected 42/64. mq_len: 0
[36m(FullyAsyncRollouter pid=7445)[0m [FullyAsyncRollouter][MonitorLoop][Statistics] {'count/dropped_stale_samples': 0,
[36m(FullyAsyncRollouter pid=7445)[0m  'count/staleness_samples': 58,
[36m(FullyAsyncRollouter pid=7445)[0m  'count/total_generated_samples': 234,
[36m(FullyAsyncRollouter pid=7445)[0m  'monitor/active_tasks_size': 16,
[36m(FullyAsyncRollouter pid=7445)[0m  'monitor/queue/mq_queue_size': 0,
[36m(FullyAsyncRollouter pid=7445)[0m  'monitor/queue/pending_queue_size': 128,
[36m(FullyAsyncRollouter pid=7445)[0m  'static/max_concurrent_samples': 16,
[36m(FullyAsyncRollouter pid=7445)[0m  'static/max_queue_size': 576,
[36m(FullyAsyncRollouter pid=7445)[0m  'static/max_required_samples': 576,
[36m(FullyAsyncRollouter pid=7445)[0m  'static/required_samples': 64,
[36m(FullyAsyncRollouter pid=7445)[0m  'static/staleness_threshold': 8}
[36m(FullyAsyncTrainer pid=6094)[0m [FullyAsyncTrainer] sample collected 43/64. mq_len: 0
[36m(FullyAsyncTrainer pid=6094)[0m [FullyAsyncTrainer] sample collected 44/64. mq_len: 0
[36m(FullyAsyncTrainer pid=6094)[0m [FullyAsyncTrainer] sample collected 45/64. mq_len: 0
[36m(FullyAsyncTrainer pid=6094)[0m [FullyAsyncTrainer] sample collected 46/64. mq_len: 0
[36m(FullyAsyncTrainer pid=6094)[0m [FullyAsyncTrainer] sample collected 47/64. mq_len: 0
[36m(FullyAsyncTrainer pid=6094)[0m [FullyAsyncTrainer] sample collected 48/64. mq_len: 0
[36m(FullyAsyncTrainer pid=6094)[0m [FullyAsyncTrainer] sample collected 49/64. mq_len: 0
[36m(FullyAsyncRollouter pid=7445)[0m [FullyAsyncRollouter][MonitorLoop][Statistics] {'count/dropped_stale_samples': 0,
[36m(FullyAsyncRollouter pid=7445)[0m  'count/staleness_samples': 65,
[36m(FullyAsyncRollouter pid=7445)[0m  'count/total_generated_samples': 241,
[36m(FullyAsyncRollouter pid=7445)[0m  'monitor/active_tasks_size': 16,
[36m(FullyAsyncRollouter pid=7445)[0m  'monitor/queue/mq_queue_size': 0,
[36m(FullyAsyncRollouter pid=7445)[0m  'monitor/queue/pending_queue_size': 128,
[36m(FullyAsyncRollouter pid=7445)[0m  'static/max_concurrent_samples': 16,
[36m(FullyAsyncRollouter pid=7445)[0m  'static/max_queue_size': 576,
[36m(FullyAsyncRollouter pid=7445)[0m  'static/max_required_samples': 576,
[36m(FullyAsyncRollouter pid=7445)[0m  'static/required_samples': 64,
[36m(FullyAsyncRollouter pid=7445)[0m  'static/staleness_threshold': 8}
[36m(FullyAsyncTrainer pid=6094)[0m [FullyAsyncTrainer] sample collected 50/64. mq_len: 0
[36m(FullyAsyncTrainer pid=6094)[0m [FullyAsyncTrainer] sample collected 51/64. mq_len: 0
[36m(FullyAsyncTrainer pid=6094)[0m [FullyAsyncTrainer] sample collected 52/64. mq_len: 0
[36m(FullyAsyncTrainer pid=6094)[0m [FullyAsyncTrainer] sample collected 53/64. mq_len: 0
[36m(FullyAsyncTrainer pid=6094)[0m [FullyAsyncTrainer] sample collected 54/64. mq_len: 0
[36m(FullyAsyncRollouter pid=7445)[0m [FullyAsyncRollouter][MonitorLoop][Statistics] {'count/dropped_stale_samples': 0,
[36m(FullyAsyncRollouter pid=7445)[0m  'count/staleness_samples': 70,
[36m(FullyAsyncRollouter pid=7445)[0m  'count/total_generated_samples': 246,
[36m(FullyAsyncRollouter pid=7445)[0m  'monitor/active_tasks_size': 16,
[36m(FullyAsyncRollouter pid=7445)[0m  'monitor/queue/mq_queue_size': 0,
[36m(FullyAsyncRollouter pid=7445)[0m  'monitor/queue/pending_queue_size': 128,
[36m(FullyAsyncRollouter pid=7445)[0m  'static/max_concurrent_samples': 16,
[36m(FullyAsyncRollouter pid=7445)[0m  'static/max_queue_size': 576,
[36m(FullyAsyncRollouter pid=7445)[0m  'static/max_required_samples': 576,
[36m(FullyAsyncRollouter pid=7445)[0m  'static/required_samples': 64,
[36m(FullyAsyncRollouter pid=7445)[0m  'static/staleness_threshold': 8}
[36m(FullyAsyncTrainer pid=6094)[0m [FullyAsyncTrainer] sample collected 55/64. mq_len: 0
[36m(FullyAsyncTrainer pid=6094)[0m [FullyAsyncTrainer] sample collected 56/64. mq_len: 0
[36m(FullyAsyncTrainer pid=6094)[0m [FullyAsyncTrainer] sample collected 57/64. mq_len: 0
[36m(FullyAsyncTrainer pid=6094)[0m [FullyAsyncTrainer] sample collected 58/64. mq_len: 0
[36m(FullyAsyncTrainer pid=6094)[0m [FullyAsyncTrainer] sample collected 59/64. mq_len: 0
[36m(FullyAsyncTrainer pid=6094)[0m [FullyAsyncTrainer] sample collected 60/64. mq_len: 0
[36m(FullyAsyncTrainer pid=6094)[0m [FullyAsyncTrainer] sample collected 61/64. mq_len: 0
[36m(FullyAsyncTrainer pid=6094)[0m [FullyAsyncTrainer] sample collected 62/64. mq_len: 0
[36m(FullyAsyncRollouter pid=7445)[0m [FullyAsyncRollouter][MonitorLoop][Statistics] {'count/dropped_stale_samples': 0,
[36m(FullyAsyncRollouter pid=7445)[0m  'count/staleness_samples': 78,
[36m(FullyAsyncRollouter pid=7445)[0m  'count/total_generated_samples': 254,
[36m(FullyAsyncRollouter pid=7445)[0m  'monitor/active_tasks_size': 16,
[36m(FullyAsyncRollouter pid=7445)[0m  'monitor/queue/mq_queue_size': 0,
[36m(FullyAsyncRollouter pid=7445)[0m  'monitor/queue/pending_queue_size': 128,
[36m(FullyAsyncRollouter pid=7445)[0m  'static/max_concurrent_samples': 16,
[36m(FullyAsyncRollouter pid=7445)[0m  'static/max_queue_size': 576,
[36m(FullyAsyncRollouter pid=7445)[0m  'static/max_required_samples': 576,
[36m(FullyAsyncRollouter pid=7445)[0m  'static/required_samples': 64,
[36m(FullyAsyncRollouter pid=7445)[0m  'static/staleness_threshold': 8}
[36m(FullyAsyncTrainer pid=6094)[0m [FullyAsyncTrainer] sample collected 63/64. mq_len: 0
[36m(FullyAsyncTrainer pid=6094)[0m [FullyAsyncTrainer] sample collected 64/64. mq_len: 0
[36m(FullyAsyncTrainer pid=6094)[0m [FullyAsyncTrainer] Collected 64/64 samples. mq_len: 0
[36m(FullyAsyncTrainer pid=6094)[0m [FullyAsyncTrainer] Loop collection completed: 64/64 samples, total wait time: 337.91 seconds. mq_len: 0
[36m(FullyAsyncTrainer pid=6094)[0m [BatchUtils] Assembling batch from 64 RolloutSample objects
[36m(FullyAsyncTrainer pid=6094)[0m [BatchUtils] Batch assembly completed in 0.26s
[36m(FullyAsyncRollouter pid=7445)[0m [FullyAsyncRollouter][MonitorLoop][Statistics] {'count/dropped_stale_samples': 0,
[36m(FullyAsyncRollouter pid=7445)[0m  'count/staleness_samples': 85,
[36m(FullyAsyncRollouter pid=7445)[0m  'count/total_generated_samples': 261,
[36m(FullyAsyncRollouter pid=7445)[0m  'monitor/active_tasks_size': 16,
[36m(FullyAsyncRollouter pid=7445)[0m  'monitor/queue/mq_queue_size': 5,
[36m(FullyAsyncRollouter pid=7445)[0m  'monitor/queue/pending_queue_size': 128,
[36m(FullyAsyncRollouter pid=7445)[0m  'static/max_concurrent_samples': 16,
[36m(FullyAsyncRollouter pid=7445)[0m  'static/max_queue_size': 576,
[36m(FullyAsyncRollouter pid=7445)[0m  'static/max_required_samples': 576,
[36m(FullyAsyncRollouter pid=7445)[0m  'static/required_samples': 64,
[36m(FullyAsyncRollouter pid=7445)[0m  'static/staleness_threshold': 8}
[36m(FullyAsyncRollouter pid=7445)[0m [FullyAsyncRollouter][MonitorLoop][Statistics] {'count/dropped_stale_samples': 0,
[36m(FullyAsyncRollouter pid=7445)[0m  'count/staleness_samples': 93,
[36m(FullyAsyncRollouter pid=7445)[0m  'count/total_generated_samples': 269,
[36m(FullyAsyncRollouter pid=7445)[0m  'monitor/active_tasks_size': 16,
[36m(FullyAsyncRollouter pid=7445)[0m  'monitor/queue/mq_queue_size': 13,
[36m(FullyAsyncRollouter pid=7445)[0m  'monitor/queue/pending_queue_size': 128,
[36m(FullyAsyncRollouter pid=7445)[0m  'static/max_concurrent_samples': 16,
[36m(FullyAsyncRollouter pid=7445)[0m  'static/max_queue_size': 576,
[36m(FullyAsyncRollouter pid=7445)[0m  'static/max_required_samples': 576,
[36m(FullyAsyncRollouter pid=7445)[0m  'static/required_samples': 64,
[36m(FullyAsyncRollouter pid=7445)[0m  'static/staleness_threshold': 8}
[36m(FullyAsyncRollouter pid=7445)[0m [FullyAsyncRollouter][MonitorLoop][Statistics] {'count/dropped_stale_samples': 0,
[36m(FullyAsyncRollouter pid=7445)[0m  'count/staleness_samples': 101,
[36m(FullyAsyncRollouter pid=7445)[0m  'count/total_generated_samples': 277,
[36m(FullyAsyncRollouter pid=7445)[0m  'monitor/active_tasks_size': 16,
[36m(FullyAsyncRollouter pid=7445)[0m  'monitor/queue/mq_queue_size': 21,
[36m(FullyAsyncRollouter pid=7445)[0m  'monitor/queue/pending_queue_size': 128,
[36m(FullyAsyncRollouter pid=7445)[0m  'static/max_concurrent_samples': 16,
[36m(FullyAsyncRollouter pid=7445)[0m  'static/max_queue_size': 576,
[36m(FullyAsyncRollouter pid=7445)[0m  'static/max_required_samples': 576,
[36m(FullyAsyncRollouter pid=7445)[0m  'static/required_samples': 64,
[36m(FullyAsyncRollouter pid=7445)[0m  'static/staleness_threshold': 8}
[36m(FullyAsyncRollouter pid=7445)[0m [FullyAsyncRollouter][MonitorLoop][Statistics] {'count/dropped_stale_samples': 0,
[36m(FullyAsyncRollouter pid=7445)[0m  'count/staleness_samples': 107,
[36m(FullyAsyncRollouter pid=7445)[0m  'count/total_generated_samples': 283,
[36m(FullyAsyncRollouter pid=7445)[0m  'monitor/active_tasks_size': 16,
[36m(FullyAsyncRollouter pid=7445)[0m  'monitor/queue/mq_queue_size': 27,
[36m(FullyAsyncRollouter pid=7445)[0m  'monitor/queue/pending_queue_size': 128,
[36m(FullyAsyncRollouter pid=7445)[0m  'static/max_concurrent_samples': 16,
[36m(FullyAsyncRollouter pid=7445)[0m  'static/max_queue_size': 576,
[36m(FullyAsyncRollouter pid=7445)[0m  'static/max_required_samples': 576,
[36m(FullyAsyncRollouter pid=7445)[0m  'static/required_samples': 64,
[36m(FullyAsyncRollouter pid=7445)[0m  'static/staleness_threshold': 8}
[36m(FullyAsyncTrainer pid=6094)[0m [FullyAsyncTrainer] global_steps: 4 local_trigger_step: 1 trigger_parameter_sync_step: 1 00:24:35.209
[36m(vLLMHttpServer pid=9124)[0m (Worker pid=10185) WARNING 08-05 00:24:36 [layerwise.py:225] RotaryEmbedding: Failed to load weights
[36m(vLLMHttpServer pid=9124)[0m (EngineCore pid=9943) WARNING 08-05 00:24:36 [scheduler.py:1919] reset_connector called but no KV connector is configured.
[36m(FullyAsyncRollouter pid=7445)[0m [FullyAsyncRollouter][MonitorLoop][Statistics] {'count/dropped_stale_samples': 0,
[36m(FullyAsyncRollouter pid=7445)[0m  'count/staleness_samples': 110,
[36m(FullyAsyncRollouter pid=7445)[0m  'count/total_generated_samples': 286,
[36m(FullyAsyncRollouter pid=7445)[0m  'monitor/active_tasks_size': 16,
[36m(FullyAsyncRollouter pid=7445)[0m  'monitor/queue/mq_queue_size': 30,
[36m(FullyAsyncRollouter pid=7445)[0m  'monitor/queue/pending_queue_size': 128,
[36m(FullyAsyncRollouter pid=7445)[0m  'static/max_concurrent_samples': 16,
[36m(FullyAsyncRollouter pid=7445)[0m  'static/max_queue_size': 576,
[36m(FullyAsyncRollouter pid=7445)[0m  'static/max_required_samples': 576,
[36m(FullyAsyncRollouter pid=7445)[0m  'static/required_samples': 64,
[36m(FullyAsyncRollouter pid=7445)[0m  'static/staleness_threshold': 8}
[36m(FullyAsyncTrainer pid=6094)[0m [FullyAsyncTrainer] _fit_update_weights, timing_s/param_sync: 1.7370 seconds self.current_param_version: 4
[36m(FullyAsyncTrainer pid=6094)[0m step:4 - fully_async/rollouter/active_time:661.145964384079 - fully_async/rollouter/version_time:661.145964384079 - fully_async/rollouter/idle_ratio:0 - fully_async/rollouter/step_generated_samples:65 - dynamic_resource/rollout_resource_utilization:0.9999996188308893
[36m(FullyAsyncRollouter pid=7445)[0m [FullyAsyncRollouter][RolloutResourceUtilization] raw active_count_history (timestamp, active_count, max_concurrent): [(1785888838.0523353, 15, 16), (1785888838.052461, 16, 16), (1785888854.0548592, 15, 16), (1785888854.054909, 16, 16), (1785888876.636897, 15, 16), (1785888876.636948, 16, 16), (1785888880.2946408, 15, 16), (1785888880.2946632, 16, 16), (1785888882.365037, 15, 16), (1785888882.3650599, 16, 16), (1785888889.5062792, 15, 16), (1785888889.506336, 16, 16), (1785888893.6625693, 15, 16), (1785888893.662595, 16, 16), (1785888905.9403274, 15, 16), (1785888905.9403875, 16, 16), (1785888909.9409616, 15, 16), (1785888909.9410121, 16, 16), (1785888911.9762752, 15, 16), (1785888911.976305, 16, 16), (1785888918.1067615, 15, 16), (1785888918.1068206, 16, 16), (1785888939.6687315, 15, 16), (1785888939.6688507, 16, 16), (1785888945.6985126, 15, 16), (1785888945.6985378, 16, 16), (1785888955.0376923, 15, 16), (1785888955.0377524, 16, 16), (1785888956.1016283, 15, 16), (1785888956.1016505, 16, 16), (1785888959.4637868, 15, 16), (1785888959.46382, 16, 16), (1785888998.1301303, 15, 16), (1785888998.13018, 16, 16), (1785888998.400692, 15, 16), (1785888998.4007237, 16, 16), (1785889009.6582525, 15, 16), (1785889009.6583014, 16, 16), (1785889019.1008804, 15, 16), (1785889019.100936, 16, 16), (1785889023.8233492, 15, 16), (1785889023.823408, 16, 16), (1785889067.2340667, 15, 16), (1785889067.234116, 16, 16), (1785889070.5120807, 15, 16), (1785889070.5121505, 16, 16), (1785889080.1691756, 15, 16), (1785889080.169224, 16, 16), (1785889086.7634017, 15, 16), (1785889086.7634242, 16, 16), (1785889093.019892, 15, 16), (1785889093.0199437, 16, 16), (1785889095.444683, 15, 16), (1785889095.4447353, 16, 16), (1785889124.8078597, 15, 16), (1785889124.8079174, 16, 16), (1785889127.9026048, 15, 16), (1785889127.9026585, 16, 16), (1785889131.427744, 15, 16), (1785889131.427766, 16, 16), (1785889138.9655461, 15, 16), (1785889138.965615, 16, 16), (1785889142.4610586, 15, 16), (1785889142.4610806, 16, 16), (1785889154.0928967, 15, 16), (1785889154.0929482, 16, 16), (1785889165.2665823, 15, 16), (1785889165.2666314, 16, 16), (1785889176.0737476, 15, 16), (1785889176.0737925, 16, 16), (1785889181.6274617, 15, 16), (1785889181.627484, 16, 16), (1785889193.687708, 15, 16), (1785889193.6877584, 16, 16), (1785889197.4518955, 15, 16), (1785889197.4519193, 16, 16), (1785889214.386254, 15, 16), (1785889214.3863158, 16, 16), (1785889222.284828, 15, 16), (1785889222.2848563, 16, 16), (1785889234.5226653, 15, 16), (1785889234.5227218, 16, 16), (1785889252.8215196, 15, 16), (1785889252.8215697, 16, 16), (1785889257.5707808, 15, 16), (1785889257.5708077, 16, 16), (1785889267.583218, 15, 16), (1785889267.5832684, 16, 16), (1785889274.6610837, 15, 16), (1785889274.661111, 16, 16), (1785889275.7763603, 15, 16), (1785889275.7763822, 16, 16), (1785889284.249391, 15, 16), (1785889284.249457, 16, 16), (1785889291.5945754, 15, 16), (1785889291.5946007, 16, 16), (1785889314.3821397, 15, 16), (1785889314.3821893, 16, 16), (1785889316.4054065, 15, 16), (1785889316.4054296, 16, 16), (1785889321.249222, 15, 16), (1785889321.2492437, 16, 16), (1785889325.6152952, 15, 16), (1785889325.6153543, 16, 16), (1785889326.8317676, 15, 16), (1785889326.831793, 16, 16), (1785889329.2717776, 15, 16), (1785889329.2718, 16, 16), (1785889345.1247163, 15, 16), (1785889345.1247783, 16, 16), (1785889352.8861034, 15, 16), (1785889352.8861263, 16, 16), (1785889362.306286, 15, 16), (1785889362.3063369, 16, 16), (1785889369.5269296, 15, 16), (1785889369.526951, 16, 16), (1785889370.8972585, 15, 16), (1785889370.8972812, 16, 16), (1785889381.6001294, 15, 16), (1785889381.600178, 16, 16), (1785889398.1437066, 15, 16), (1785889398.1437523, 16, 16), (1785889412.0234091, 15, 16), (1785889412.0234675, 16, 16), (1785889424.1436548, 15, 16), (1785889424.1437113, 16, 16), (1785889424.3398297, 15, 16), (1785889424.3398538, 16, 16), (1785889474.0512824, 15, 16), (1785889474.051335, 16, 16), (1785889499.1972172, 15, 16), (1785889499.198349, 15, 16)]
[36m(FullyAsyncRollouter pid=7445)[0m [FullyAsyncRollouter][Public][reset_staleness] reset staleness_samples to: 46 idle_ratio: 0.0000 step_generated_samples(this_step): 65 rollout_resource_utilization: 1.0000 recent_history(last 10 steps): [(2, 93), (3, 62), (4, 67), (5, 65)]
[36m(FullyAsyncTrainer pid=6094)[0m aggregated metrics done. cost 0.0003 seconds.
[36m(FullyAsyncTrainer pid=6094)[0m step:4 - training/global_step:3.0 - training/epoch:0.0 - fully_async/count/stale_trajectory_processed:494.0 - fully_async/count/current_param_version:2.0 - fully_async/processing_time/avg:125.58487093151302 - fully_async/processing_time/max:193.23033941397443 - fully_async/processing_time/min:7.816510106960777 - fully_async/processing_time/tp50:137.00770705399918 - fully_async/processing_time/tp99:184.1076234618522 - fully_async/processing_time/tp95:179.17790879129024 - fully_async/monitor/active_tasks_size:16.0 - fully_async/monitor/queue/pending_queue_size:128.0 - fully_async/monitor/queue/mq_queue_size:0.0 - fully_async/count/total_generated_samples:128.0 - fully_async/count/staleness_samples:80.0 - fully_async/count/dropped_stale_samples:0.0 - fully_async/static/max_required_samples:576.0 - fully_async/static/required_samples:64.0 - fully_async/static/staleness_threshold:8.0 - fully_async/static/max_queue_size:576.0 - fully_async/static/max_concurrent_samples:16.0 - fully_async/partial/total_partial_num:93.0 - fully_async/partial/partial_ratio:0.181640625 - fully_async/partial/max_partial_span:1.0 - timing_s/agent_loop/tool_calls/max:0.0 - timing_s/agent_loop/tool_calls/min:0.0 - timing_s/agent_loop/tool_calls/mean:0.0 - fully_async/total_wait_time:371.5053381919861 - actor/pg_clipfrac:0.0003885952047729309 - actor/ppo_kl:0.0007666491670382433 - actor/pg_clipfrac_lower:3.3582621009979147e-07 - actor/pg_loss:0.0439746780321002 - actor/loss:0.04397467523813248 - actor/grad_norm:0.03151737153530121 - actor/lr:1e-06 - actor/perf/max_memory_allocated_gb:46.32852792739868 - actor/perf/max_memory_reserved_gb:73.13671875 - actor/perf/cpu_memory_used_gb:39.12517547607422 - perf/mfu/actor:0.31263470196291243 - dynamic_resource/train_compute_time_s:291.05074265098665 - dynamic_resource/train_allocated_time_s:675.0851321220398 - critic/score/mean:0.1568894237279892 - critic/score/max:1.0 - critic/score/min:0.0 - critic/rewards/mean:0.1568894237279892 - critic/rewards/max:1.0 - critic/rewards/min:0.0 - critic/advantages/mean:-0.04394835606217384 - critic/advantages/max:2.4748666286468506 - critic/advantages/min:-2.3738505840301514 - critic/returns/mean:-0.04394835606217384 - critic/returns/max:2.4748666286468506 - critic/returns/min:-2.3738505840301514 - response_length/mean:11806.876953125 - response_length/max:16384.0 - response_length/min:730.0 - response_length/clip_ratio:0.123046875 - response_length_non_aborted/mean:11806.876953125 - response_length_non_aborted/max:16384.0 - response_length_non_aborted/min:730.0 - response_length_non_aborted/clip_ratio:0.123046875 - response/aborted_ratio:0.0 - prompt_length/mean:455.765625 - prompt_length/max:901.0 - prompt_length/min:137.0 - prompt_length/clip_ratio:0.0 - num_turns/min:2.0 - num_turns/max:2.0 - num_turns/mean:2.0 - timing_s/start_profile:4.948989953845739e-06 - timing_s/gen:371.9290253719664 - timing_s/reward:2.2528984118252993e-05 - timing_s/adv:0.01099281501956284 - timing_s/update_actor:291.03972730698297 - timing_s/timing_s/param_sync:1.7383341639651917 - timing_s/step:675.0851471080096 - timing_s/stop_profile:5.532987415790558e-06 - timing_per_token_ms/adv:1.7508739815497877e-06 - timing_per_token_ms/update_actor:0.04635517701628771 - timing_per_token_ms/gen:0.06152548896406977 - perf/total_num_tokens:6278473.0 - perf/time_per_step:675.0851471080096 - perf/throughput:4650.134154851641 - dynamic_resource/mq_size:30.0 - fully_async/trainer/idle_ratio:0.5509364662595073 - dynamic_resource/train_resource_utilization:0.4311319103356751 - dynamic_resource/rollout_resource_utilization:0.9999996188308893 - dynamic_resource/resource_utilization:0.7155657645832822
[36m(FullyAsyncTrainer pid=6094)[0m [FullyAsyncTrainer] Requesting 64 samples from queue
[36m(FullyAsyncTrainer pid=6094)[0m [FullyAsyncTrainer] sample collected 1/64. mq_len: 30
[36m(FullyAsyncTrainer pid=6094)[0m [FullyAsyncTrainer] sample collected 2/64. mq_len: 29
[36m(FullyAsyncTrainer pid=6094)[0m [FullyAsyncTrainer] sample collected 3/64. mq_len: 28
[36m(FullyAsyncTrainer pid=6094)[0m Training Progress:   5%|▌         | 4/80 [47:04<14:27:39, 684.99s/it]
[36m(FullyAsyncTrainer pid=6094)[0m [FullyAsyncTrainer] sample collected 4/64. mq_len: 27
[36m(FullyAsyncTrainer pid=6094)[0m [FullyAsyncTrainer] sample collected 5/64. mq_len: 26
[36m(FullyAsyncTrainer pid=6094)[0m [FullyAsyncTrainer] sample collected 6/64. mq_len: 25
[36m(FullyAsyncTrainer pid=6094)[0m [FullyAsyncTrainer] sample collected 7/64. mq_len: 24
[36m(FullyAsyncTrainer pid=6094)[0m [FullyAsyncTrainer] sample collected 8/64. mq_len: 23
[36m(FullyAsyncTrainer pid=6094)[0m [FullyAsyncTrainer] sample collected 9/64. mq_len: 22
[36m(FullyAsyncTrainer pid=6094)[0m [FullyAsyncTrainer] sample collected 10/64. mq_len: 21
[36m(FullyAsyncTrainer pid=6094)[0m [FullyAsyncTrainer] sample collected 11/64. mq_len: 20
[36m(FullyAsyncTrainer pid=6094)[0m [FullyAsyncTrainer] sample collected 12/64. mq_len: 19
[36m(FullyAsyncTrainer pid=6094)[0m [FullyAsyncTrainer] sample collected 13/64. mq_len: 18
[36m(FullyAsyncTrainer pid=6094)[0m [FullyAsyncTrainer] sample collected 14/64. mq_len: 17
[36m(FullyAsyncTrainer pid=6094)[0m [FullyAsyncTrainer] sample collected 15/64. mq_len: 16
[36m(FullyAsyncTrainer pid=6094)[0m [FullyAsyncTrainer] sample collected 16/64. mq_len: 15
[36m(FullyAsyncTrainer pid=6094)[0m [FullyAsyncTrainer] sample collected 17/64. mq_len: 14
[36m(FullyAsyncTrainer pid=6094)[0m [FullyAsyncTrainer] sample collected 18/64. mq_len: 13
[36m(FullyAsyncTrainer pid=6094)[0m [FullyAsyncTrainer] sample collected 19/64. mq_len: 12
[36m(FullyAsyncTrainer pid=6094)[0m [FullyAsyncTrainer] sample collected 20/64. mq_len: 11
[36m(FullyAsyncTrainer pid=6094)[0m [FullyAsyncTrainer] sample collected 21/64. mq_len: 10
[36m(FullyAsyncTrainer pid=6094)[0m [FullyAsyncTrainer] sample collected 22/64. mq_len: 9
[36m(FullyAsyncTrainer pid=6094)[0m [FullyAsyncTrainer] sample collected 23/64. mq_len: 8
[36m(FullyAsyncTrainer pid=6094)[0m [FullyAsyncTrainer] sample collected 24/64. mq_len: 7
[36m(FullyAsyncTrainer pid=6094)[0m [FullyAsyncTrainer] sample collected 25/64. mq_len: 6
[36m(FullyAsyncTrainer pid=6094)[0m [FullyAsyncTrainer] sample collected 26/64. mq_len: 5
[36m(FullyAsyncTrainer pid=6094)[0m [FullyAsyncTrainer] sample collected 27/64. mq_len: 4
[36m(FullyAsyncTrainer pid=6094)[0m [FullyAsyncTrainer] sample collected 28/64. mq_len: 3
[36m(FullyAsyncTrainer pid=6094)[0m [FullyAsyncTrainer] sample collected 29/64. mq_len: 2
[36m(FullyAsyncTrainer pid=6094)[0m [FullyAsyncTrainer] sample collected 30/64. mq_len: 1
[36m(FullyAsyncTrainer pid=6094)[0m [FullyAsyncTrainer] sample collected 31/64. mq_len: 0
[36m(FullyAsyncTrainer pid=6094)[0m [FullyAsyncTrainer] sample collected 32/64. mq_len: 0
[36m(FullyAsyncTrainer pid=6094)[0m [FullyAsyncTrainer] sample collected 33/64. mq_len: 0
[36m(FullyAsyncTrainer pid=6094)[0m [FullyAsyncTrainer] sample collected 34/64. mq_len: 0
[36m(FullyAsyncTrainer pid=6094)[0m [FullyAsyncTrainer] sample collected 35/64. mq_len: 0
[36m(FullyAsyncTrainer pid=6094)[0m [FullyAsyncTrainer] sample collected 36/64. mq_len: 0
[36m(FullyAsyncTrainer pid=6094)[0m [FullyAsyncTrainer] sample collected 37/64. mq_len: 0
[36m(FullyAsyncTrainer pid=6094)[0m [FullyAsyncTrainer] sample collected 38/64. mq_len: 0
[36m(FullyAsyncTrainer pid=6094)[0m [FullyAsyncTrainer] sample collected 39/64. mq_len: 0
[36m(FullyAsyncRollouter pid=7445)[0m [FullyAsyncRollouter][MonitorLoop][Statistics] {'count/dropped_stale_samples': 0,
[36m(FullyAsyncRollouter pid=7445)[0m  'count/staleness_samples': 55,
[36m(FullyAsyncRollouter pid=7445)[0m  'count/total_generated_samples': 295,
[36m(FullyAsyncRollouter pid=7445)[0m  'monitor/active_tasks_size': 16,
[36m(FullyAsyncRollouter pid=7445)[0m  'monitor/queue/mq_queue_size': 0,
[36m(FullyAsyncRollouter pid=7445)[0m  'monitor/queue/pending_queue_size': 128,
[36m(FullyAsyncRollouter pid=7445)[0m  'static/max_concurrent_samples': 16,
[36m(FullyAsyncRollouter pid=7445)[0m  'static/max_queue_size': 576,
[36m(FullyAsyncRollouter pid=7445)[0m  'static/max_required_samples': 576,
[36m(FullyAsyncRollouter pid=7445)[0m  'static/required_samples': 64,
[36m(FullyAsyncRollouter pid=7445)[0m  'static/staleness_threshold': 8}
[36m(FullyAsyncTrainer pid=6094)[0m [FullyAsyncTrainer] sample collected 40/64. mq_len: 0
[36m(FullyAsyncTrainer pid=6094)[0m [FullyAsyncTrainer] sample collected 41/64. mq_len: 0
[36m(FullyAsyncTrainer pid=6094)[0m [FullyAsyncTrainer] sample collected 42/64. mq_len: 0
[36m(FullyAsyncTrainer pid=6094)[0m [FullyAsyncTrainer] sample collected 43/64. mq_len: 0
[36m(FullyAsyncTrainer pid=6094)[0m [FullyAsyncTrainer] sample collected 44/64. mq_len: 0
[36m(MessageQueue pid=12602)[0m MessageQueue stats: produced=300, queue_size=1
[36m(FullyAsyncTrainer pid=6094)[0m [FullyAsyncTrainer] sample collected 45/64. mq_len: 0
[36m(FullyAsyncTrainer pid=6094)[0m [FullyAsyncTrainer] sample collected 46/64. mq_len: 0
[36m(FullyAsyncTrainer pid=6094)[0m [FullyAsyncTrainer] sample collected 47/64. mq_len: 0
[36m(FullyAsyncTrainer pid=6094)[0m [FullyAsyncTrainer] sample collected 48/64. mq_len: 0
[36m(FullyAsyncRollouter pid=7445)[0m [FullyAsyncRollouter][MonitorLoop][Statistics] {'count/dropped_stale_samples': 0,
[36m(FullyAsyncRollouter pid=7445)[0m  'count/staleness_samples': 64,
[36m(FullyAsyncRollouter pid=7445)[0m  'count/total_generated_samples': 304,
[36m(FullyAsyncRollouter pid=7445)[0m  'monitor/active_tasks_size': 16,
[36m(FullyAsyncRollouter pid=7445)[0m  'monitor/queue/mq_queue_size': 0,
[36m(FullyAsyncRollouter pid=7445)[0m  'monitor/queue/pending_queue_size': 128,
[36m(FullyAsyncRollouter pid=7445)[0m  'static/max_concurrent_samples': 16,
[36m(FullyAsyncRollouter pid=7445)[0m  'static/max_queue_size': 576,
[36m(FullyAsyncRollouter pid=7445)[0m  'static/max_required_samples': 576,
[36m(FullyAsyncRollouter pid=7445)[0m  'static/required_samples': 64,
[36m(FullyAsyncRollouter pid=7445)[0m  'static/staleness_threshold': 8}
[36m(FullyAsyncTrainer pid=6094)[0m [FullyAsyncTrainer] sample collected 49/64. mq_len: 0
[36m(FullyAsyncTrainer pid=6094)[0m [FullyAsyncTrainer] sample collected 50/64. mq_len: 0
[36m(FullyAsyncTrainer pid=6094)[0m [FullyAsyncTrainer] sample collected 51/64. mq_len: 0
[36m(FullyAsyncTrainer pid=6094)[0m [FullyAsyncTrainer] sample collected 52/64. mq_len: 0
[36m(FullyAsyncTrainer pid=6094)[0m [FullyAsyncTrainer] sample collected 53/64. mq_len: 0
[36m(FullyAsyncTrainer pid=6094)[0m [FullyAsyncTrainer] sample collected 54/64. mq_len: 0
[36m(FullyAsyncTrainer pid=6094)[0m [FullyAsyncTrainer] sample collected 55/64. mq_len: 0
[36m(FullyAsyncTrainer pid=6094)[0m [FullyAsyncTrainer] sample collected 56/64. mq_len: 0
[36m(FullyAsyncTrainer pid=6094)[0m [FullyAsyncTrainer] sample collected 57/64. mq_len: 0
[36m(FullyAsyncTrainer pid=6094)[0m [FullyAsyncTrainer] sample collected 58/64. mq_len: 0
[36m(FullyAsyncRollouter pid=7445)[0m [FullyAsyncRollouter][MonitorLoop][Statistics] {'count/dropped_stale_samples': 0,
[36m(FullyAsyncRollouter pid=7445)[0m  'count/staleness_samples': 74,
[36m(FullyAsyncRollouter pid=7445)[0m  'count/total_generated_samples': 314,
[36m(FullyAsyncRollouter pid=7445)[0m  'monitor/active_tasks_size': 16,
[36m(FullyAsyncRollouter pid=7445)[0m  'monitor/queue/mq_queue_size': 0,
[36m(FullyAsyncRollouter pid=7445)[0m  'monitor/queue/pending_queue_size': 128,
[36m(FullyAsyncRollouter pid=7445)[0m  'static/max_concurrent_samples': 16,
[36m(FullyAsyncRollouter pid=7445)[0m  'static/max_queue_size': 576,
[36m(FullyAsyncRollouter pid=7445)[0m  'static/max_required_samples': 576,
[36m(FullyAsyncRollouter pid=7445)[0m  'static/required_samples': 64,
[36m(FullyAsyncRollouter pid=7445)[0m  'static/staleness_threshold': 8}
[36m(FullyAsyncTrainer pid=6094)[0m [FullyAsyncTrainer] sample collected 59/64. mq_len: 0
[36m(FullyAsyncTrainer pid=6094)[0m [FullyAsyncTrainer] sample collected 60/64. mq_len: 0
[36m(FullyAsyncTrainer pid=6094)[0m [FullyAsyncTrainer] sample collected 61/64. mq_len: 0
[36m(FullyAsyncTrainer pid=6094)[0m [FullyAsyncTrainer] sample collected 62/64. mq_len: 0
[36m(FullyAsyncTrainer pid=6094)[0m [FullyAsyncTrainer] sample collected 63/64. mq_len: 0
[36m(FullyAsyncTrainer pid=6094)[0m [FullyAsyncTrainer] sample collected 64/64. mq_len: 0
[36m(FullyAsyncTrainer pid=6094)[0m [FullyAsyncTrainer] Collected 64/64 samples. mq_len: 0
[36m(FullyAsyncTrainer pid=6094)[0m [FullyAsyncTrainer] Loop collection completed: 64/64 samples, total wait time: 284.72 seconds. mq_len: 0
[36m(FullyAsyncTrainer pid=6094)[0m [BatchUtils] Assembling batch from 64 RolloutSample objects
[36m(FullyAsyncTrainer pid=6094)[0m [BatchUtils] Batch assembly completed in 0.27s
[36m(FullyAsyncRollouter pid=7445)[0m [FullyAsyncRollouter][MonitorLoop][Statistics] {'count/dropped_stale_samples': 0,
[36m(FullyAsyncRollouter pid=7445)[0m  'count/staleness_samples': 82,
[36m(FullyAsyncRollouter pid=7445)[0m  'count/total_generated_samples': 322,
[36m(FullyAsyncRollouter pid=7445)[0m  'monitor/active_tasks_size': 16,
[36m(FullyAsyncRollouter pid=7445)[0m  'monitor/queue/mq_queue_size': 2,
[36m(FullyAsyncRollouter pid=7445)[0m  'monitor/queue/pending_queue_size': 128,
[36m(FullyAsyncRollouter pid=7445)[0m  'static/max_concurrent_samples': 16,
[36m(FullyAsyncRollouter pid=7445)[0m  'static/max_queue_size': 576,
[36m(FullyAsyncRollouter pid=7445)[0m  'static/max_required_samples': 576,
[36m(FullyAsyncRollouter pid=7445)[0m  'static/required_samples': 64,
[36m(FullyAsyncRollouter pid=7445)[0m  'static/staleness_threshold': 8}
[36m(FullyAsyncRollouter pid=7445)[0m [FullyAsyncRollouter][MonitorLoop][Statistics] {'count/dropped_stale_samples': 0,
[36m(FullyAsyncRollouter pid=7445)[0m  'count/staleness_samples': 92,
[36m(FullyAsyncRollouter pid=7445)[0m  'count/total_generated_samples': 332,
[36m(FullyAsyncRollouter pid=7445)[0m  'monitor/active_tasks_size': 16,
[36m(FullyAsyncRollouter pid=7445)[0m  'monitor/queue/mq_queue_size': 12,
[36m(FullyAsyncRollouter pid=7445)[0m  'monitor/queue/pending_queue_size': 128,
[36m(FullyAsyncRollouter pid=7445)[0m  'static/max_concurrent_samples': 16,
[36m(FullyAsyncRollouter pid=7445)[0m  'static/max_queue_size': 576,
[36m(FullyAsyncRollouter pid=7445)[0m  'static/max_required_samples': 576,
[36m(FullyAsyncRollouter pid=7445)[0m  'static/required_samples': 64,
[36m(FullyAsyncRollouter pid=7445)[0m  'static/staleness_threshold': 8}
[36m(FullyAsyncRollouter pid=7445)[0m [FullyAsyncRollouter][MonitorLoop][Statistics] {'count/dropped_stale_samples': 0,
[36m(FullyAsyncRollouter pid=7445)[0m  'count/staleness_samples': 99,
[36m(FullyAsyncRollouter pid=7445)[0m  'count/total_generated_samples': 339,
[36m(FullyAsyncRollouter pid=7445)[0m  'monitor/active_tasks_size': 16,
[36m(FullyAsyncRollouter pid=7445)[0m  'monitor/queue/mq_queue_size': 19,
[36m(FullyAsyncRollouter pid=7445)[0m  'monitor/queue/pending_queue_size': 128,
[36m(FullyAsyncRollouter pid=7445)[0m  'static/max_concurrent_samples': 16,
[36m(FullyAsyncRollouter pid=7445)[0m  'static/max_queue_size': 576,
[36m(FullyAsyncRollouter pid=7445)[0m  'static/max_required_samples': 576,
[36m(FullyAsyncRollouter pid=7445)[0m  'static/required_samples': 64,
[36m(FullyAsyncRollouter pid=7445)[0m  'static/staleness_threshold': 8}
[36m(FullyAsyncRollouter pid=7445)[0m [FullyAsyncRollouter][MonitorLoop][Statistics] {'count/dropped_stale_samples': 0,
[36m(FullyAsyncRollouter pid=7445)[0m  'count/staleness_samples': 105,
[36m(FullyAsyncRollouter pid=7445)[0m  'count/total_generated_samples': 345,
[36m(FullyAsyncRollouter pid=7445)[0m  'monitor/active_tasks_size': 16,
[36m(FullyAsyncRollouter pid=7445)[0m  'monitor/queue/mq_queue_size': 25,
[36m(FullyAsyncRollouter pid=7445)[0m  'monitor/queue/pending_queue_size': 128,
[36m(FullyAsyncRollouter pid=7445)[0m  'static/max_concurrent_samples': 16,
[36m(FullyAsyncRollouter pid=7445)[0m  'static/max_queue_size': 576,
[36m(FullyAsyncRollouter pid=7445)[0m  'static/max_required_samples': 576,
[36m(FullyAsyncRollouter pid=7445)[0m  'static/required_samples': 64,
[36m(FullyAsyncRollouter pid=7445)[0m  'static/staleness_threshold': 8}
[36m(FullyAsyncRollouter pid=7445)[0m [FullyAsyncRollouter][MonitorLoop][Statistics] {'count/dropped_stale_samples': 0,
[36m(FullyAsyncRollouter pid=7445)[0m  'count/staleness_samples': 114,
[36m(FullyAsyncRollouter pid=7445)[0m  'count/total_generated_samples': 354,
[36m(FullyAsyncRollouter pid=7445)[0m  'monitor/active_tasks_size': 16,
[36m(FullyAsyncRollouter pid=7445)[0m  'monitor/queue/mq_queue_size': 34,
[36m(FullyAsyncRollouter pid=7445)[0m  'monitor/queue/pending_queue_size': 128,
[36m(FullyAsyncRollouter pid=7445)[0m  'static/max_concurrent_samples': 16,
[36m(FullyAsyncRollouter pid=7445)[0m  'static/max_queue_size': 576,
[36m(FullyAsyncRollouter pid=7445)[0m  'static/max_required_samples': 576,
[36m(FullyAsyncRollouter pid=7445)[0m  'static/required_samples': 64,
[36m(FullyAsyncRollouter pid=7445)[0m  'static/staleness_threshold': 8}
[36m(FullyAsyncTrainer pid=6094)[0m [FullyAsyncTrainer] global_steps: 5 local_trigger_step: 1 trigger_parameter_sync_step: 1 00:34:13.323
[36m(vLLMHttpServer pid=9124)[0m (Worker pid=10185) WARNING 08-05 00:34:15 [layerwise.py:225] RotaryEmbedding: Failed to load weights
[36m(vLLMHttpServer pid=9124)[0m (EngineCore pid=9943) WARNING 08-05 00:34:15 [scheduler.py:1919] reset_connector called but no KV connector is configured.
[36m(FullyAsyncTrainer pid=6094)[0m [FullyAsyncTrainer] _fit_update_weights, timing_s/param_sync: 2.0160 seconds self.current_param_version: 5
[36m(FullyAsyncTrainer pid=6094)[0m step:5 - fully_async/rollouter/active_time:571.1816627979279 - fully_async/rollouter/version_time:571.1816627979279 - fully_async/rollouter/idle_ratio:0 - fully_async/rollouter/step_generated_samples:69 - dynamic_resource/rollout_resource_utilization:0.9999995599164345
[36m(FullyAsyncRollouter pid=7445)[0m [FullyAsyncRollouter][RolloutResourceUtilization] raw active_count_history (timestamp, active_count, max_concurrent): [(1785889499.1986375, 15, 16), (1785889499.198767, 16, 16), (1785889499.8729436, 15, 16), (1785889499.872967, 16, 16), (1785889502.7397614, 15, 16), (1785889502.739784, 16, 16), (1785889506.8122823, 15, 16), (1785889506.812304, 16, 16), (1785889511.2067535, 15, 16), (1785889511.2068028, 16, 16), (1785889511.2759686, 15, 16), (1785889511.2759933, 16, 16), (1785889544.1432567, 15, 16), (1785889544.1433127, 16, 16), (1785889547.2915661, 15, 16), (1785889547.2915888, 16, 16), (1785889550.0178463, 15, 16), (1785889550.0178714, 16, 16), (1785889562.5930557, 15, 16), (1785889562.5931075, 16, 16), (1785889567.0413268, 15, 16), (1785889567.0413487, 16, 16), (1785889570.9360504, 15, 16), (1785889570.936074, 16, 16), (1785889581.5339103, 15, 16), (1785889581.5339599, 16, 16), (1785889589.7125065, 15, 16), (1785889589.712562, 16, 16), (1785889594.6263363, 15, 16), (1785889594.626491, 16, 16), (1785889600.5617335, 15, 16), (1785889600.5617614, 16, 16), (1785889610.7924705, 15, 16), (1785889610.7925186, 16, 16), (1785889617.96633, 15, 16), (1785889617.9663515, 16, 16), (1785889621.217755, 15, 16), (1785889621.2178051, 16, 16), (1785889632.539702, 15, 16), (1785889632.5397558, 16, 16), (1785889638.7234268, 15, 16), (1785889638.723458, 16, 16), (1785889653.3463652, 15, 16), (1785889653.3464274, 16, 16), (1785889659.7383869, 15, 16), (1785889659.738409, 16, 16), (1785889660.909313, 15, 16), (1785889660.9093385, 16, 16), (1785889663.8835666, 15, 16), (1785889663.8836143, 16, 16), (1785889700.2175453, 15, 16), (1785889700.2175934, 16, 16), (1785889704.4632316, 15, 16), (1785889704.4632537, 16, 16), (1785889709.132149, 15, 16), (1785889709.132176, 16, 16), (1785889730.5968735, 15, 16), (1785889730.5969257, 16, 16), (1785889738.685647, 15, 16), (1785889738.685668, 16, 16), (1785889754.2889166, 15, 16), (1785889754.2889655, 16, 16), (1785889760.7227771, 15, 16), (1785889760.7228038, 16, 16), (1785889783.761721, 15, 16), (1785889783.761839, 16, 16), (1785889784.0605, 15, 16), (1785889784.0605557, 16, 16), (1785889788.404741, 15, 16), (1785889788.4047625, 16, 16), (1785889792.8753562, 15, 16), (1785889792.875378, 16, 16), (1785889806.781975, 15, 16), (1785889806.7820203, 16, 16), (1785889812.5841663, 15, 16), (1785889812.5841897, 16, 16), (1785889815.255607, 15, 16), (1785889815.2556336, 16, 16), (1785889816.5455897, 15, 16), (1785889816.5456116, 16, 16), (1785889823.8440943, 15, 16), (1785889823.8441572, 16, 16), (1785889824.4083903, 15, 16), (1785889824.4084165, 16, 16), (1785889844.5630174, 15, 16), (1785889844.5630672, 16, 16), (1785889851.0414283, 15, 16), (1785889851.0414598, 16, 16), (1785889851.0851786, 15, 16), (1785889851.085203, 16, 16), (1785889853.470879, 15, 16), (1785889853.4709053, 16, 16), (1785889858.1684253, 15, 16), (1785889858.1684914, 16, 16), (1785889862.8676965, 15, 16), (1785889862.867723, 16, 16), (1785889867.9880137, 15, 16), (1785889867.9880378, 16, 16), (1785889879.1557558, 15, 16), (1785889879.1558068, 16, 16), (1785889892.6331165, 15, 16), (1785889892.6331708, 16, 16), (1785889908.7563558, 15, 16), (1785889908.7564058, 16, 16), (1785889912.4754622, 15, 16), (1785889912.4754899, 16, 16), (1785889939.5919127, 15, 16), (1785889939.5919673, 16, 16), (1785889947.3952951, 15, 16), (1785889947.3953264, 16, 16), (1785889958.5510728, 15, 16), (1785889958.5511289, 16, 16), (1785889968.4611506, 15, 16), (1785889968.461181, 16, 16), (1785889970.6463902, 15, 16), (1785889970.6464472, 16, 16), (1785889976.489763, 15, 16), (1785889976.489786, 16, 16), (1785889989.897527, 15, 16), (1785889989.897589, 16, 16), (1785889993.8539824, 15, 16), (1785889993.8540094, 16, 16), (1785890000.676176, 15, 16), (1785890000.6762264, 16, 16), (1785890013.0212092, 15, 16), (1785890013.0212677, 16, 16), (1785890018.8952796, 15, 16), (1785890018.8953037, 16, 16), (1785890029.059964, 15, 16), (1785890029.0600178, 16, 16), (1785890033.4235098, 15, 16), (1785890033.4235325, 16, 16), (1785890039.7398236, 15, 16), (1785890039.7398808, 16, 16), (1785890040.7695508, 15, 16), (1785890040.7695737, 16, 16), (1785890053.5262945, 15, 16), (1785890053.5263453, 16, 16), (1785890070.379241, 15, 16), (1785890070.3803582, 15, 16)]
[36m(FullyAsyncRollouter pid=7445)[0m [FullyAsyncRollouter][Public][reset_staleness] reset staleness_samples to: 51 idle_ratio: 0.0000 step_generated_samples(this_step): 69 rollout_resource_utilization: 1.0000 recent_history(last 10 steps): [(2, 93), (3, 62), (4, 67), (5, 65), (6, 69)]
[36m(FullyAsyncTrainer pid=6094)[0m aggregated metrics done. cost 0.0003 seconds.
[36m(FullyAsyncTrainer pid=6094)[0m step:5 - training/global_step:4.0 - training/epoch:0.0 - fully_async/count/stale_trajectory_processed:753.0 - fully_async/count/current_param_version:3.0 - fully_async/processing_time/avg:128.4065275031195 - fully_async/processing_time/max:196.4792400660226 - fully_async/processing_time/min:13.775170600041747 - fully_async/processing_time/tp50:137.79830129651236 - fully_async/processing_time/tp99:190.9875614365318 - fully_async/processing_time/tp95:182.42053141955404 - fully_async/monitor/active_tasks_size:16.0 - fully_async/monitor/queue/pending_queue_size:128.0 - fully_async/monitor/queue/mq_queue_size:0.0 - fully_async/count/total_generated_samples:192.0 - fully_async/count/staleness_samples:80.0 - fully_async/count/dropped_stale_samples:0.0 - fully_async/static/max_required_samples:576.0 - fully_async/static/required_samples:64.0 - fully_async/static/staleness_threshold:8.0 - fully_async/static/max_queue_size:576.0 - fully_async/static/max_concurrent_samples:16.0 - fully_async/partial/total_partial_num:101.0 - fully_async/partial/partial_ratio:0.197265625 - fully_async/partial/max_partial_span:1.0 - timing_s/agent_loop/tool_calls/max:0.0 - timing_s/agent_loop/tool_calls/min:0.0 - timing_s/agent_loop/tool_calls/mean:0.0 - fully_async/total_wait_time:337.906706571579 - actor/pg_clipfrac:0.00035597448768015885 - actor/ppo_kl:0.0007979167945302436 - actor/pg_clipfrac_lower:0.0 - actor/pg_loss:0.03546903449023375 - actor/loss:0.03546903282403946 - actor/grad_norm:0.028013646602630615 - actor/lr:1e-06 - actor/perf/max_memory_allocated_gb:46.39696979522705 - actor/perf/max_memory_reserved_gb:73.13671875 - actor/perf/cpu_memory_used_gb:39.52696990966797 - perf/mfu/actor:0.3135328911434713 - dynamic_resource/train_compute_time_s:298.6978903479758 - dynamic_resource/train_allocated_time_s:661.0222816467285 - critic/score/mean:0.149658203125 - critic/score/max:1.0 - critic/score/min:0.0 - critic/rewards/mean:0.149658203125 - critic/rewards/max:1.0 - critic/rewards/min:0.0 - critic/advantages/mean:-0.03546854853630066 - critic/advantages/max:2.4748666286468506 - critic/advantages/min:-2.1840639114379883 - critic/returns/mean:-0.03546854853630066 - critic/returns/max:2.4748666286468506 - critic/returns/min:-2.1840639114379883 - response_length/mean:12124.546875 - response_length/max:16384.0 - response_length/min:1413.0 - response_length/clip_ratio:0.158203125 - response_length_non_aborted/mean:12124.546875 - response_length_non_aborted/max:16384.0 - response_length_non_aborted/min:1413.0 - response_length_non_aborted/clip_ratio:0.158203125 - response/aborted_ratio:0.0 - prompt_length/mean:472.03125 - prompt_length/max:1027.0 - prompt_length/min:120.0 - prompt_length/clip_ratio:0.0 - num_turns/min:2.0 - num_turns/max:2.0 - num_turns/mean:2.0 - timing_s/start_profile:5.995971150696278e-06 - timing_s/gen:338.33292839000933 - timing_s/reward:2.125499304383993e-05 - timing_s/adv:0.009940393967553973 - timing_s/update_actor:298.6879286990152 - timing_s/timing_s/param_sync:1.7370074749924242 - timing_s/step:661.022298707976 - timing_s/stop_profile:4.969013389199972e-06 - timing_per_token_ms/adv:1.5412782563025507e-06 - timing_per_token_ms/update_actor:0.04631216945993133 - timing_per_token_ms/gen:0.054501542001893326 - perf/total_num_tokens:6449448.0 - perf/time_per_step:661.022298707976 - perf/throughput:4878.389134985304 - dynamic_resource/mq_size:31.0 - fully_async/trainer/idle_ratio:0.511832852010151 - dynamic_resource/train_resource_utilization:0.45187265034979485 - dynamic_resource/rollout_resource_utilization:0.9999995599164345 - dynamic_resource/resource_utilization:0.7259361051331147
[36m(FullyAsyncTrainer pid=6094)[0m [FullyAsyncTrainer] Requesting 64 samples from queue
[36m(FullyAsyncTrainer pid=6094)[0m Training Progress:   6%|▋         | 5/80 [56:36<13:24:56, 643.95s/it]
[36m(FullyAsyncTrainer pid=6094)[0m [FullyAsyncTrainer] sample collected 1/64. mq_len: 35
[36m(FullyAsyncTrainer pid=6094)[0m [FullyAsyncTrainer] sample collected 2/64. mq_len: 34
[36m(FullyAsyncTrainer pid=6094)[0m [FullyAsyncTrainer] sample collected 3/64. mq_len: 33
[36m(FullyAsyncTrainer pid=6094)[0m [FullyAsyncTrainer] sample collected 4/64. mq_len: 32
[36m(FullyAsyncTrainer pid=6094)[0m [FullyAsyncTrainer] sample collected 5/64. mq_len: 31
[36m(FullyAsyncTrainer pid=6094)[0m [FullyAsyncTrainer] sample collected 6/64. mq_len: 30
[36m(FullyAsyncTrainer pid=6094)[0m [FullyAsyncTrainer] sample collected 7/64. mq_len: 29
[36m(FullyAsyncTrainer pid=6094)[0m [FullyAsyncTrainer] sample collected 8/64. mq_len: 28
[36m(FullyAsyncTrainer pid=6094)[0m [FullyAsyncTrainer] sample collected 9/64. mq_len: 27
[36m(FullyAsyncTrainer pid=6094)[0m [FullyAsyncTrainer] sample collected 10/64. mq_len: 26
[36m(FullyAsyncTrainer pid=6094)[0m [FullyAsyncTrainer] sample collected 11/64. mq_len: 25
[36m(FullyAsyncTrainer pid=6094)[0m [FullyAsyncTrainer] sample collected 12/64. mq_len: 24
[36m(FullyAsyncTrainer pid=6094)[0m [FullyAsyncTrainer] sample collected 13/64. mq_len: 23
[36m(FullyAsyncTrainer pid=6094)[0m [FullyAsyncTrainer] sample collected 14/64. mq_len: 22
[36m(FullyAsyncTrainer pid=6094)[0m [FullyAsyncTrainer] sample collected 15/64. mq_len: 21
[36m(FullyAsyncTrainer pid=6094)[0m [FullyAsyncTrainer] sample collected 16/64. mq_len: 20
[36m(FullyAsyncTrainer pid=6094)[0m [FullyAsyncTrainer] sample collected 17/64. mq_len: 19
[36m(FullyAsyncTrainer pid=6094)[0m [FullyAsyncTrainer] sample collected 18/64. mq_len: 18
[36m(FullyAsyncTrainer pid=6094)[0m [FullyAsyncTrainer] sample collected 19/64. mq_len: 17
[36m(FullyAsyncTrainer pid=6094)[0m [FullyAsyncTrainer] sample collected 20/64. mq_len: 16
[36m(FullyAsyncTrainer pid=6094)[0m [FullyAsyncTrainer] sample collected 21/64. mq_len: 15
[36m(FullyAsyncTrainer pid=6094)[0m [FullyAsyncTrainer] sample collected 22/64. mq_len: 14
[36m(FullyAsyncTrainer pid=6094)[0m [FullyAsyncTrainer] sample collected 23/64. mq_len: 13
[36m(FullyAsyncTrainer pid=6094)[0m [FullyAsyncTrainer] sample collected 24/64. mq_len: 12
[36m(FullyAsyncTrainer pid=6094)[0m [FullyAsyncTrainer] sample collected 25/64. mq_len: 11
[36m(FullyAsyncTrainer pid=6094)[0m [FullyAsyncTrainer] sample collected 26/64. mq_len: 10
[36m(FullyAsyncTrainer pid=6094)[0m [FullyAsyncTrainer] sample collected 27/64. mq_len: 9
[36m(FullyAsyncTrainer pid=6094)[0m [FullyAsyncTrainer] sample collected 28/64. mq_len: 8
[36m(FullyAsyncTrainer pid=6094)[0m [FullyAsyncTrainer] sample collected 29/64. mq_len: 7
[36m(FullyAsyncTrainer pid=6094)[0m [FullyAsyncTrainer] sample collected 30/64. mq_len: 6
[36m(FullyAsyncTrainer pid=6094)[0m [FullyAsyncTrainer] sample collected 31/64. mq_len: 5
[36m(FullyAsyncTrainer pid=6094)[0m [FullyAsyncTrainer] sample collected 32/64. mq_len: 4
[36m(FullyAsyncTrainer pid=6094)[0m [FullyAsyncTrainer] sample collected 33/64. mq_len: 3
[36m(FullyAsyncTrainer pid=6094)[0m [FullyAsyncTrainer] sample collected 34/64. mq_len: 2
[36m(FullyAsyncTrainer pid=6094)[0m [FullyAsyncTrainer] sample collected 35/64. mq_len: 1
[36m(FullyAsyncTrainer pid=6094)[0m [FullyAsyncTrainer] sample collected 36/64. mq_len: 0
[36m(FullyAsyncTrainer pid=6094)[0m [FullyAsyncTrainer] sample collected 37/64. mq_len: 0
[36m(FullyAsyncTrainer pid=6094)[0m [FullyAsyncTrainer] sample collected 38/64. mq_len: 0
[36m(FullyAsyncTrainer pid=6094)[0m [FullyAsyncTrainer] sample collected 39/64. mq_len: 0
[36m(FullyAsyncTrainer pid=6094)[0m [FullyAsyncTrainer] sample collected 40/64. mq_len: 0
[36m(FullyAsyncTrainer pid=6094)[0m [FullyAsyncTrainer] sample collected 41/64. mq_len: 0
[36m(FullyAsyncTrainer pid=6094)[0m [FullyAsyncTrainer] sample collected 42/64. mq_len: 0
[36m(FullyAsyncRollouter pid=7445)[0m [FullyAsyncRollouter][MonitorLoop][Statistics] {'count/dropped_stale_samples': 0,
[36m(FullyAsyncRollouter pid=7445)[0m  'count/staleness_samples': 58,
[36m(FullyAsyncRollouter pid=7445)[0m  'count/total_generated_samples': 362,
[36m(FullyAsyncRollouter pid=7445)[0m  'monitor/active_tasks_size': 16,
[36m(FullyAsyncRollouter pid=7445)[0m  'monitor/queue/mq_queue_size': 0,
[36m(FullyAsyncRollouter pid=7445)[0m  'monitor/queue/pending_queue_size': 128,
[36m(FullyAsyncRollouter pid=7445)[0m  'static/max_concurrent_samples': 16,
[36m(FullyAsyncRollouter pid=7445)[0m  'static/max_queue_size': 576,
[36m(FullyAsyncRollouter pid=7445)[0m  'static/max_required_samples': 576,
[36m(FullyAsyncRollouter pid=7445)[0m  'static/required_samples': 64,
[36m(FullyAsyncRollouter pid=7445)[0m  'static/staleness_threshold': 8}
[36m(FullyAsyncTrainer pid=6094)[0m [FullyAsyncTrainer] sample collected 43/64. mq_len: 0
[36m(FullyAsyncTrainer pid=6094)[0m [FullyAsyncTrainer] sample collected 44/64. mq_len: 0
[36m(FullyAsyncTrainer pid=6094)[0m [FullyAsyncTrainer] sample collected 45/64. mq_len: 0
[36m(FullyAsyncTrainer pid=6094)[0m [FullyAsyncTrainer] sample collected 46/64. mq_len: 0
[36m(FullyAsyncRollouter pid=7445)[0m [FullyAsyncRollouter][MonitorLoop][Statistics] {'count/dropped_stale_samples': 0,
[36m(FullyAsyncRollouter pid=7445)[0m  'count/staleness_samples': 62,
[36m(FullyAsyncRollouter pid=7445)[0m  'count/total_generated_samples': 366,
[36m(FullyAsyncRollouter pid=7445)[0m  'monitor/active_tasks_size': 16,
[36m(FullyAsyncRollouter pid=7445)[0m  'monitor/queue/mq_queue_size': 0,
[36m(FullyAsyncRollouter pid=7445)[0m  'monitor/queue/pending_queue_size': 128,
[36m(FullyAsyncRollouter pid=7445)[0m  'static/max_concurrent_samples': 16,
[36m(FullyAsyncRollouter pid=7445)[0m  'static/max_queue_size': 576,
[36m(FullyAsyncRollouter pid=7445)[0m  'static/max_required_samples': 576,
[36m(FullyAsyncRollouter pid=7445)[0m  'static/required_samples': 64,
[36m(FullyAsyncRollouter pid=7445)[0m  'static/staleness_threshold': 8}
[36m(FullyAsyncTrainer pid=6094)[0m [FullyAsyncTrainer] sample collected 47/64. mq_len: 0
[36m(FullyAsyncTrainer pid=6094)[0m [FullyAsyncTrainer] sample collected 48/64. mq_len: 0
[36m(FullyAsyncTrainer pid=6094)[0m [FullyAsyncTrainer] sample collected 49/64. mq_len: 0
[36m(FullyAsyncTrainer pid=6094)[0m [FullyAsyncTrainer] sample collected 50/64. mq_len: 0
[36m(FullyAsyncTrainer pid=6094)[0m [FullyAsyncTrainer] sample collected 51/64. mq_len: 0
[36m(FullyAsyncTrainer pid=6094)[0m [FullyAsyncTrainer] sample collected 52/64. mq_len: 0
[36m(FullyAsyncTrainer pid=6094)[0m [FullyAsyncTrainer] sample collected 53/64. mq_len: 0
[36m(FullyAsyncTrainer pid=6094)[0m [FullyAsyncTrainer] sample collected 54/64. mq_len: 0
[36m(FullyAsyncTrainer pid=6094)[0m [FullyAsyncTrainer] sample collected 55/64. mq_len: 0
[36m(FullyAsyncRollouter pid=7445)[0m [FullyAsyncRollouter][MonitorLoop][Statistics] {'count/dropped_stale_samples': 0,
[36m(FullyAsyncRollouter pid=7445)[0m  'count/staleness_samples': 71,
[36m(FullyAsyncRollouter pid=7445)[0m  'count/total_generated_samples': 375,
[36m(FullyAsyncRollouter pid=7445)[0m  'monitor/active_tasks_size': 16,
[36m(FullyAsyncRollouter pid=7445)[0m  'monitor/queue/mq_queue_size': 0,
[36m(FullyAsyncRollouter pid=7445)[0m  'monitor/queue/pending_queue_size': 128,
[36m(FullyAsyncRollouter pid=7445)[0m  'static/max_concurrent_samples': 16,
[36m(FullyAsyncRollouter pid=7445)[0m  'static/max_queue_size': 576,
[36m(FullyAsyncRollouter pid=7445)[0m  'static/max_required_samples': 576,
[36m(FullyAsyncRollouter pid=7445)[0m  'static/required_samples': 64,
[36m(FullyAsyncRollouter pid=7445)[0m  'static/staleness_threshold': 8}
[36m(FullyAsyncTrainer pid=6094)[0m [FullyAsyncTrainer] sample collected 56/64. mq_len: 0
[36m(FullyAsyncTrainer pid=6094)[0m [FullyAsyncTrainer] sample collected 57/64. mq_len: 0
[36m(FullyAsyncTrainer pid=6094)[0m [FullyAsyncTrainer] sample collected 58/64. mq_len: 0
[36m(FullyAsyncTrainer pid=6094)[0m [FullyAsyncTrainer] sample collected 59/64. mq_len: 0
[36m(FullyAsyncTrainer pid=6094)[0m [FullyAsyncTrainer] sample collected 60/64. mq_len: 0
[36m(FullyAsyncRollouter pid=7445)[0m [FullyAsyncRollouter][MonitorLoop][Statistics] {'count/dropped_stale_samples': 0,
[36m(FullyAsyncRollouter pid=7445)[0m  'count/staleness_samples': 76,
[36m(FullyAsyncRollouter pid=7445)[0m  'count/total_generated_samples': 380,
[36m(FullyAsyncRollouter pid=7445)[0m  'monitor/active_tasks_size': 16,
[36m(FullyAsyncRollouter pid=7445)[0m  'monitor/queue/mq_queue_size': 0,
[36m(FullyAsyncRollouter pid=7445)[0m  'monitor/queue/pending_queue_size': 128,
[36m(FullyAsyncRollouter pid=7445)[0m  'static/max_concurrent_samples': 16,
[36m(FullyAsyncRollouter pid=7445)[0m  'static/max_queue_size': 576,
[36m(FullyAsyncRollouter pid=7445)[0m  'static/max_required_samples': 576,
[36m(FullyAsyncRollouter pid=7445)[0m  'static/required_samples': 64,
[36m(FullyAsyncRollouter pid=7445)[0m  'static/staleness_threshold': 8}
[36m(FullyAsyncTrainer pid=6094)[0m [FullyAsyncTrainer] sample collected 61/64. mq_len: 0
[36m(FullyAsyncTrainer pid=6094)[0m [FullyAsyncTrainer] sample collected 62/64. mq_len: 0
[36m(FullyAsyncTrainer pid=6094)[0m [FullyAsyncTrainer] sample collected 63/64. mq_len: 0
[36m(FullyAsyncTrainer pid=6094)[0m [FullyAsyncTrainer] sample collected 64/64. mq_len: 0
[36m(FullyAsyncTrainer pid=6094)[0m [FullyAsyncTrainer] Collected 64/64 samples. mq_len: 0
[36m(FullyAsyncTrainer pid=6094)[0m [FullyAsyncTrainer] Loop collection completed: 64/64 samples, total wait time: 304.04 seconds. mq_len: 0
[36m(FullyAsyncTrainer pid=6094)[0m [BatchUtils] Assembling batch from 64 RolloutSample objects
[36m(FullyAsyncTrainer pid=6094)[0m [BatchUtils] Batch assembly completed in 0.25s
[36m(FullyAsyncRollouter pid=7445)[0m [FullyAsyncRollouter][MonitorLoop][Statistics] {'count/dropped_stale_samples': 0,
[36m(FullyAsyncRollouter pid=7445)[0m  'count/staleness_samples': 86,
[36m(FullyAsyncRollouter pid=7445)[0m  'count/total_generated_samples': 390,
[36m(FullyAsyncRollouter pid=7445)[0m  'monitor/active_tasks_size': 16,
[36m(FullyAsyncRollouter pid=7445)[0m  'monitor/queue/mq_queue_size': 6,
[36m(FullyAsyncRollouter pid=7445)[0m  'monitor/queue/pending_queue_size': 128,
[36m(FullyAsyncRollouter pid=7445)[0m  'static/max_concurrent_samples': 16,
[36m(FullyAsyncRollouter pid=7445)[0m  'static/max_queue_size': 576,
[36m(FullyAsyncRollouter pid=7445)[0m  'static/max_required_samples': 576,
[36m(FullyAsyncRollouter pid=7445)[0m  'static/required_samples': 64,
[36m(FullyAsyncRollouter pid=7445)[0m  'static/staleness_threshold': 8}
[36m(FullyAsyncRollouter pid=7445)[0m [FullyAsyncRollouter][MonitorLoop][Statistics] {'count/dropped_stale_samples': 0,
[36m(FullyAsyncRollouter pid=7445)[0m  'count/staleness_samples': 92,
[36m(FullyAsyncRollouter pid=7445)[0m  'count/total_generated_samples': 396,
[36m(FullyAsyncRollouter pid=7445)[0m  'monitor/active_tasks_size': 16,
[36m(FullyAsyncRollouter pid=7445)[0m  'monitor/queue/mq_queue_size': 12,
[36m(FullyAsyncRollouter pid=7445)[0m  'monitor/queue/pending_queue_size': 128,
[36m(FullyAsyncRollouter pid=7445)[0m  'static/max_concurrent_samples': 16,
[36m(FullyAsyncRollouter pid=7445)[0m  'static/max_queue_size': 576,
[36m(FullyAsyncRollouter pid=7445)[0m  'static/max_required_samples': 576,
[36m(FullyAsyncRollouter pid=7445)[0m  'static/required_samples': 64,
[36m(FullyAsyncRollouter pid=7445)[0m  'static/staleness_threshold': 8}
[36m(MessageQueue pid=12602)[0m MessageQueue stats: produced=400, queue_size=16
[36m(FullyAsyncRollouter pid=7445)[0m [FullyAsyncRollouter][MonitorLoop][Statistics] {'count/dropped_stale_samples': 0,
[36m(FullyAsyncRollouter pid=7445)[0m  'count/staleness_samples': 99,
[36m(FullyAsyncRollouter pid=7445)[0m  'count/total_generated_samples': 403,
[36m(FullyAsyncRollouter pid=7445)[0m  'monitor/active_tasks_size': 16,
[36m(FullyAsyncRollouter pid=7445)[0m  'monitor/queue/mq_queue_size': 19,
[36m(FullyAsyncRollouter pid=7445)[0m  'monitor/queue/pending_queue_size': 128,
[36m(FullyAsyncRollouter pid=7445)[0m  'static/max_concurrent_samples': 16,
[36m(FullyAsyncRollouter pid=7445)[0m  'static/max_queue_size': 576,
[36m(FullyAsyncRollouter pid=7445)[0m  'static/max_required_samples': 576,
[36m(FullyAsyncRollouter pid=7445)[0m  'static/required_samples': 64,
[36m(FullyAsyncRollouter pid=7445)[0m  'static/staleness_threshold': 8}
[36m(FullyAsyncRollouter pid=7445)[0m [FullyAsyncRollouter][MonitorLoop][Statistics] {'count/dropped_stale_samples': 0,
[36m(FullyAsyncRollouter pid=7445)[0m  'count/staleness_samples': 107,
[36m(FullyAsyncRollouter pid=7445)[0m  'count/total_generated_samples': 411,
[36m(FullyAsyncRollouter pid=7445)[0m  'monitor/active_tasks_size': 16,
[36m(FullyAsyncRollouter pid=7445)[0m  'monitor/queue/mq_queue_size': 27,
[36m(FullyAsyncRollouter pid=7445)[0m  'monitor/queue/pending_queue_size': 128,
[36m(FullyAsyncRollouter pid=7445)[0m  'static/max_concurrent_samples': 16,
[36m(FullyAsyncRollouter pid=7445)[0m  'static/max_queue_size': 576,
[36m(FullyAsyncRollouter pid=7445)[0m  'static/max_required_samples': 576,
[36m(FullyAsyncRollouter pid=7445)[0m  'static/required_samples': 64,
[36m(FullyAsyncRollouter pid=7445)[0m  'static/staleness_threshold': 8}
[36m(FullyAsyncTrainer pid=6094)[0m [FullyAsyncTrainer] global_steps: 6 local_trigger_step: 1 trigger_parameter_sync_step: 1 00:44:11.865
[36m(vLLMHttpServer pid=9124)[0m (Worker pid=10185) WARNING 08-05 00:44:13 [layerwise.py:225] RotaryEmbedding: Failed to load weights
[36m(vLLMHttpServer pid=9124)[0m (EngineCore pid=9943) WARNING 08-05 00:44:13 [scheduler.py:1919] reset_connector called but no KV connector is configured.
[36m(FullyAsyncTrainer pid=6094)[0m [FullyAsyncTrainer] _fit_update_weights, timing_s/param_sync: 1.4647 seconds self.current_param_version: 6
[36m(FullyAsyncTrainer pid=6094)[0m step:6 - fully_async/rollouter/active_time:618.2783317565918 - fully_async/rollouter/version_time:618.2783317565918 - fully_async/rollouter/idle_ratio:0 - fully_async/rollouter/step_generated_samples:62 - dynamic_resource/rollout_resource_utilization:0.9999996295908999
[36m(FullyAsyncRollouter pid=7445)[0m [FullyAsyncRollouter][RolloutResourceUtilization] raw active_count_history (timestamp, active_count, max_concurrent): [(1785890070.3806624, 15, 16), (1785890070.380785, 16, 16), (1785890071.0214546, 15, 16), (1785890071.0214763, 16, 16), (1785890095.927673, 15, 16), (1785890095.927721, 16, 16), (1785890106.7720048, 15, 16), (1785890106.7720525, 16, 16), (1785890107.8574786, 15, 16), (1785890107.8575003, 16, 16), (1785890108.0800729, 15, 16), (1785890108.0800989, 16, 16), (1785890111.4225574, 15, 16), (1785890111.4225798, 16, 16), (1785890147.126199, 15, 16), (1785890147.1262567, 16, 16), (1785890164.0538554, 15, 16), (1785890164.0539253, 16, 16), (1785890170.2322354, 15, 16), (1785890170.2322598, 16, 16), (1785890182.6610563, 15, 16), (1785890182.661104, 16, 16), (1785890194.308091, 15, 16), (1785890194.3081403, 16, 16), (1785890197.239528, 15, 16), (1785890197.2396057, 16, 16), (1785890200.760478, 15, 16), (1785890200.7605011, 16, 16), (1785890211.6108007, 15, 16), (1785890211.6108701, 16, 16), (1785890227.2425692, 15, 16), (1785890227.2426188, 16, 16), (1785890228.3710797, 15, 16), (1785890228.3711042, 16, 16), (1785890229.4444299, 15, 16), (1785890229.4444644, 16, 16), (1785890230.2156343, 15, 16), (1785890230.215658, 16, 16), (1785890264.9770985, 15, 16), (1785890264.9771733, 16, 16), (1785890282.865188, 15, 16), (1785890282.865235, 16, 16), (1785890284.8065746, 15, 16), (1785890284.8065953, 16, 16), (1785890284.809692, 15, 16), (1785890284.8097084, 16, 16), (1785890306.411479, 15, 16), (1785890306.4115283, 16, 16), (1785890326.247539, 15, 16), (1785890326.2475884, 16, 16), (1785890336.971089, 15, 16), (1785890336.971143, 16, 16), (1785890361.5724857, 15, 16), (1785890361.5725384, 16, 16), (1785890371.4364092, 15, 16), (1785890371.436442, 16, 16), (1785890374.5550523, 15, 16), (1785890374.5551078, 16, 16), (1785890375.9590898, 15, 16), (1785890375.9591115, 16, 16), (1785890380.0912285, 15, 16), (1785890380.0912507, 16, 16), (1785890380.474547, 15, 16), (1785890380.4745734, 16, 16), (1785890386.9191194, 15, 16), (1785890386.919172, 16, 16), (1785890388.8860805, 15, 16), (1785890388.8861012, 16, 16), (1785890389.6112306, 15, 16), (1785890389.6112561, 16, 16), (1785890440.9715114, 15, 16), (1785890440.9715648, 16, 16), (1785890443.559481, 15, 16), (1785890443.5595036, 16, 16), (1785890452.8873298, 15, 16), (1785890452.8873765, 16, 16), (1785890458.30764, 15, 16), (1785890458.307674, 16, 16), (1785890460.3757253, 15, 16), (1785890460.3757465, 16, 16), (1785890462.177881, 15, 16), (1785890462.177904, 16, 16), (1785890469.7313344, 15, 16), (1785890469.7313914, 16, 16), (1785890480.718952, 15, 16), (1785890480.7189987, 16, 16), (1785890487.5824234, 15, 16), (1785890487.5824554, 16, 16), (1785890492.3381102, 15, 16), (1785890492.3381653, 16, 16), (1785890493.0939403, 15, 16), (1785890493.0939662, 16, 16), (1785890532.346958, 15, 16), (1785890532.3470116, 16, 16), (1785890540.289243, 15, 16), (1785890540.289269, 16, 16), (1785890546.1429994, 15, 16), (1785890546.1430604, 16, 16), (1785890555.9278362, 15, 16), (1785890555.9278586, 16, 16), (1785890557.9012988, 15, 16), (1785890557.9013517, 16, 16), (1785890603.5433564, 15, 16), (1785890603.543418, 16, 16), (1785890603.9317448, 15, 16), (1785890603.9317658, 16, 16), (1785890605.4193285, 15, 16), (1785890605.41935, 16, 16), (1785890606.5762153, 15, 16), (1785890606.5762398, 16, 16), (1785890610.4877334, 15, 16), (1785890610.4877534, 16, 16), (1785890615.3867536, 15, 16), (1785890615.386809, 16, 16), (1785890619.6153543, 15, 16), (1785890619.6153765, 16, 16), (1785890628.7323182, 15, 16), (1785890628.732376, 16, 16), (1785890634.5786405, 15, 16), (1785890634.5786633, 16, 16), (1785890645.0894322, 15, 16), (1785890645.089496, 16, 16), (1785890650.7109337, 15, 16), (1785890650.7109559, 16, 16), (1785890688.65791, 15, 16), (1785890688.6590643, 15, 16)]
[36m(FullyAsyncRollouter pid=7445)[0m [FullyAsyncRollouter][Public][reset_staleness] reset staleness_samples to: 49 idle_ratio: 0.0000 step_generated_samples(this_step): 62 rollout_resource_utilization: 1.0000 recent_history(last 10 steps): [(2, 93), (3, 62), (4, 67), (5, 65), (6, 69), (7, 62)]
[36m(FullyAsyncTrainer pid=6094)[0m aggregated metrics done. cost 0.0002 seconds.
[36m(FullyAsyncTrainer pid=6094)[0m step:6 - training/global_step:5.0 - training/epoch:0.0 - fully_async/count/stale_trajectory_processed:1031.0 - fully_async/count/current_param_version:4.0 - fully_async/processing_time/avg:109.93905772213361 - fully_async/processing_time/max:190.9912353870459 - fully_async/processing_time/min:8.66818727098871 - fully_async/processing_time/tp50:118.53932883602101 - fully_async/processing_time/tp99:185.71502266017777 - fully_async/processing_time/tp95:170.56660347974392 - fully_async/monitor/active_tasks_size:16.0 - fully_async/monitor/queue/pending_queue_size:128.0 - fully_async/monitor/queue/mq_queue_size:0.0 - fully_async/count/total_generated_samples:256.0 - fully_async/count/staleness_samples:80.0 - fully_async/count/dropped_stale_samples:0.0 - fully_async/static/max_required_samples:576.0 - fully_async/static/required_samples:64.0 - fully_async/static/staleness_threshold:8.0 - fully_async/static/max_queue_size:576.0 - fully_async/static/max_concurrent_samples:16.0 - fully_async/partial/total_partial_num:90.0 - fully_async/partial/partial_ratio:0.17578125 - fully_async/partial/max_partial_span:1.0 - timing_s/agent_loop/tool_calls/max:0.0 - timing_s/agent_loop/tool_calls/min:0.0 - timing_s/agent_loop/tool_calls/mean:0.0 - fully_async/total_wait_time:284.7194330692291 - actor/pg_clipfrac:0.00036606649106640056 - actor/ppo_kl:0.0007902537243757655 - actor/pg_clipfrac_lower:5.18208475518299e-07 - actor/pg_loss:0.041781878244364634 - actor/loss:0.041781872510910034 - actor/grad_norm:0.030789151787757874 - actor/lr:1e-06 - actor/perf/max_memory_allocated_gb:46.39696979522705 - actor/perf/max_memory_reserved_gb:73.166015625 - actor/perf/cpu_memory_used_gb:40.62482452392578 - perf/mfu/actor:0.3137641333793562 - dynamic_resource/train_compute_time_s:268.82297961309087 - dynamic_resource/train_allocated_time_s:571.0307290554047 - critic/score/mean:0.21075846254825592 - critic/score/max:1.0 - critic/score/min:0.0 - critic/rewards/mean:0.21075846254825592 - critic/rewards/max:1.0 - critic/rewards/min:0.0 - critic/advantages/mean:-0.04176711291074753 - critic/advantages/max:2.4748644828796387 - critic/advantages/min:-2.4748666286468506 - critic/returns/mean:-0.04176711291074753 - critic/returns/max:2.4748644828796387 - critic/returns/min:-2.4748666286468506 - response_length/mean:11044.0859375 - response_length/max:16384.0 - response_length/min:928.0 - response_length/clip_ratio:0.083984375 - response_length_non_aborted/mean:11044.0859375 - response_length_non_aborted/max:16384.0 - response_length_non_aborted/min:928.0 - response_length_non_aborted/clip_ratio:0.083984375 - response/aborted_ratio:0.0 - prompt_length/mean:450.234375 - prompt_length/max:809.0 - prompt_length/min:125.0 - prompt_length/clip_ratio:0.0 - num_turns/min:2.0 - num_turns/max:2.0 - num_turns/mean:2.0 - timing_s/start_profile:5.311972927302122e-06 - timing_s/gen:285.14863565401174 - timing_s/reward:1.963501563295722e-05 - timing_s/adv:0.012847938050981611 - timing_s/update_actor:268.81011204002425 - timing_s/timing_s/param_sync:2.0159586539957672 - timing_s/step:571.0307460699696 - timing_s/stop_profile:4.13903035223484e-06 - timing_per_token_ms/adv:2.1831329146564934e-06 - timing_per_token_ms/update_actor:0.04567645026450296 - timing_per_token_ms/gen:0.050427978572739326 - perf/total_num_tokens:5885092.0 - perf/time_per_step:571.0307460699696 - perf/throughput:5153.04301957752 - dynamic_resource/mq_size:36.0 - fully_async/trainer/idle_ratio:0.4993577624611335 - dynamic_resource/train_resource_utilization:0.470767974357135 - dynamic_resource/rollout_resource_utilization:0.9999996295908999 - dynamic_resource/resource_utilization:0.7353838019740175
[36m(FullyAsyncTrainer pid=6094)[0m Training Progress:   8%|▊         | 6/80 [1:06:54<13:03:26, 635.22s/it]
[36m(FullyAsyncTrainer pid=6094)[0m [FullyAsyncTrainer] Requesting 64 samples from queue
[36m(FullyAsyncTrainer pid=6094)[0m [FullyAsyncTrainer] sample collected 1/64. mq_len: 33
[36m(FullyAsyncTrainer pid=6094)[0m [FullyAsyncTrainer] sample collected 2/64. mq_len: 32
[36m(FullyAsyncTrainer pid=6094)[0m [FullyAsyncTrainer] sample collected 3/64. mq_len: 31
[36m(FullyAsyncTrainer pid=6094)[0m [FullyAsyncTrainer] sample collected 4/64. mq_len: 30
[36m(FullyAsyncTrainer pid=6094)[0m [FullyAsyncTrainer] sample collected 5/64. mq_len: 29
[36m(FullyAsyncTrainer pid=6094)[0m [FullyAsyncTrainer] sample collected 6/64. mq_len: 28
[36m(FullyAsyncTrainer pid=6094)[0m [FullyAsyncTrainer] sample collected 7/64. mq_len: 27
[36m(FullyAsyncTrainer pid=6094)[0m [FullyAsyncTrainer] sample collected 8/64. mq_len: 26
[36m(FullyAsyncTrainer pid=6094)[0m [FullyAsyncTrainer] sample collected 9/64. mq_len: 25
[36m(FullyAsyncTrainer pid=6094)[0m [FullyAsyncTrainer] sample collected 10/64. mq_len: 24
[36m(FullyAsyncTrainer pid=6094)[0m [FullyAsyncTrainer] sample collected 11/64. mq_len: 23
[36m(FullyAsyncTrainer pid=6094)[0m [FullyAsyncTrainer] sample collected 12/64. mq_len: 22
[36m(FullyAsyncTrainer pid=6094)[0m [FullyAsyncTrainer] sample collected 13/64. mq_len: 21
[36m(FullyAsyncTrainer pid=6094)[0m [FullyAsyncTrainer] sample collected 14/64. mq_len: 20
[36m(FullyAsyncTrainer pid=6094)[0m [FullyAsyncTrainer] sample collected 15/64. mq_len: 19
[36m(FullyAsyncTrainer pid=6094)[0m [FullyAsyncTrainer] sample collected 16/64. mq_len: 18
[36m(FullyAsyncTrainer pid=6094)[0m [FullyAsyncTrainer] sample collected 17/64. mq_len: 17
[36m(FullyAsyncTrainer pid=6094)[0m [FullyAsyncTrainer] sample collected 18/64. mq_len: 16
[36m(FullyAsyncTrainer pid=6094)[0m [FullyAsyncTrainer] sample collected 19/64. mq_len: 15
[36m(FullyAsyncTrainer pid=6094)[0m [FullyAsyncTrainer] sample collected 20/64. mq_len: 14
[36m(FullyAsyncTrainer pid=6094)[0m [FullyAsyncTrainer] sample collected 21/64. mq_len: 13
[36m(FullyAsyncTrainer pid=6094)[0m [FullyAsyncTrainer] sample collected 22/64. mq_len: 12
[36m(FullyAsyncTrainer pid=6094)[0m [FullyAsyncTrainer] sample collected 23/64. mq_len: 11
[36m(FullyAsyncTrainer pid=6094)[0m [FullyAsyncTrainer] sample collected 24/64. mq_len: 10
[36m(FullyAsyncTrainer pid=6094)[0m [FullyAsyncTrainer] sample collected 25/64. mq_len: 9
[36m(FullyAsyncTrainer pid=6094)[0m [FullyAsyncTrainer] sample collected 26/64. mq_len: 8
[36m(FullyAsyncTrainer pid=6094)[0m [FullyAsyncTrainer] sample collected 27/64. mq_len: 7
[36m(FullyAsyncTrainer pid=6094)[0m [FullyAsyncTrainer] sample collected 28/64. mq_len: 6
[36m(FullyAsyncTrainer pid=6094)[0m [FullyAsyncTrainer] sample collected 29/64. mq_len: 5
[36m(FullyAsyncTrainer pid=6094)[0m [FullyAsyncTrainer] sample collected 30/64. mq_len: 4
[36m(FullyAsyncTrainer pid=6094)[0m [FullyAsyncTrainer] sample collected 31/64. mq_len: 3
[36m(FullyAsyncTrainer pid=6094)[0m [FullyAsyncTrainer] sample collected 32/64. mq_len: 2
[36m(FullyAsyncTrainer pid=6094)[0m [FullyAsyncTrainer] sample collected 33/64. mq_len: 1
[36m(FullyAsyncTrainer pid=6094)[0m [FullyAsyncTrainer] sample collected 34/64. mq_len: 0
[36m(FullyAsyncTrainer pid=6094)[0m [FullyAsyncTrainer] sample collected 35/64. mq_len: 0
[36m(FullyAsyncRollouter pid=7445)[0m [FullyAsyncRollouter][MonitorLoop][Statistics] {'count/dropped_stale_samples': 0,
[36m(FullyAsyncRollouter pid=7445)[0m  'count/staleness_samples': 51,
[36m(FullyAsyncRollouter pid=7445)[0m  'count/total_generated_samples': 419,
[36m(FullyAsyncRollouter pid=7445)[0m  'monitor/active_tasks_size': 16,
[36m(FullyAsyncRollouter pid=7445)[0m  'monitor/queue/mq_queue_size': 0,
[36m(FullyAsyncRollouter pid=7445)[0m  'monitor/queue/pending_queue_size': 128,
[36m(FullyAsyncRollouter pid=7445)[0m  'static/max_concurrent_samples': 16,
[36m(FullyAsyncRollouter pid=7445)[0m  'static/max_queue_size': 576,
[36m(FullyAsyncRollouter pid=7445)[0m  'static/max_required_samples': 576,
[36m(FullyAsyncRollouter pid=7445)[0m  'static/required_samples': 64,
[36m(FullyAsyncRollouter pid=7445)[0m  'static/staleness_threshold': 8}
[36m(FullyAsyncTrainer pid=6094)[0m [FullyAsyncTrainer] sample collected 36/64. mq_len: 0
[36m(FullyAsyncTrainer pid=6094)[0m [FullyAsyncTrainer] sample collected 37/64. mq_len: 0
[36m(FullyAsyncTrainer pid=6094)[0m [FullyAsyncTrainer] sample collected 38/64. mq_len: 0
[36m(FullyAsyncTrainer pid=6094)[0m [FullyAsyncTrainer] sample collected 39/64. mq_len: 0
[36m(FullyAsyncTrainer pid=6094)[0m [FullyAsyncTrainer] sample collected 40/64. mq_len: 0
[36m(FullyAsyncTrainer pid=6094)[0m [FullyAsyncTrainer] sample collected 41/64. mq_len: 0
[36m(FullyAsyncTrainer pid=6094)[0m [FullyAsyncTrainer] sample collected 42/64. mq_len: 0
[36m(FullyAsyncTrainer pid=6094)[0m [FullyAsyncTrainer] sample collected 43/64. mq_len: 0
[36m(FullyAsyncTrainer pid=6094)[0m [FullyAsyncTrainer] sample collected 44/64. mq_len: 0
[36m(FullyAsyncRollouter pid=7445)[0m [FullyAsyncRollouter][MonitorLoop][Statistics] {'count/dropped_stale_samples': 0,
[36m(FullyAsyncRollouter pid=7445)[0m  'count/staleness_samples': 60,
[36m(FullyAsyncRollouter pid=7445)[0m  'count/total_generated_samples': 428,
[36m(FullyAsyncRollouter pid=7445)[0m  'monitor/active_tasks_size': 16,
[36m(FullyAsyncRollouter pid=7445)[0m  'monitor/queue/mq_queue_size': 0,
[36m(FullyAsyncRollouter pid=7445)[0m  'monitor/queue/pending_queue_size': 128,
[36m(FullyAsyncRollouter pid=7445)[0m  'static/max_concurrent_samples': 16,
[36m(FullyAsyncRollouter pid=7445)[0m  'static/max_queue_size': 576,
[36m(FullyAsyncRollouter pid=7445)[0m  'static/max_required_samples': 576,
[36m(FullyAsyncRollouter pid=7445)[0m  'static/required_samples': 64,
[36m(FullyAsyncRollouter pid=7445)[0m  'static/staleness_threshold': 8}
[36m(FullyAsyncTrainer pid=6094)[0m [FullyAsyncTrainer] sample collected 45/64. mq_len: 0
[36m(FullyAsyncTrainer pid=6094)[0m [FullyAsyncTrainer] sample collected 46/64. mq_len: 0
[36m(FullyAsyncTrainer pid=6094)[0m [FullyAsyncTrainer] sample collected 47/64. mq_len: 0
[36m(FullyAsyncTrainer pid=6094)[0m [FullyAsyncTrainer] sample collected 48/64. mq_len: 0
[36m(FullyAsyncTrainer pid=6094)[0m [FullyAsyncTrainer] sample collected 49/64. mq_len: 0
[36m(FullyAsyncTrainer pid=6094)[0m [FullyAsyncTrainer] sample collected 50/64. mq_len: 0
[36m(FullyAsyncTrainer pid=6094)[0m [FullyAsyncTrainer] sample collected 51/64. mq_len: 0
[36m(FullyAsyncTrainer pid=6094)[0m [FullyAsyncTrainer] sample collected 52/64. mq_len: 0
[36m(FullyAsyncTrainer pid=6094)[0m [FullyAsyncTrainer] sample collected 53/64. mq_len: 0
[36m(FullyAsyncTrainer pid=6094)[0m [FullyAsyncTrainer] sample collected 54/64. mq_len: 0
[36m(FullyAsyncRollouter pid=7445)[0m [FullyAsyncRollouter][MonitorLoop][Statistics] {'count/dropped_stale_samples': 0,
[36m(FullyAsyncRollouter pid=7445)[0m  'count/staleness_samples': 70,
[36m(FullyAsyncRollouter pid=7445)[0m  'count/total_generated_samples': 438,
[36m(FullyAsyncRollouter pid=7445)[0m  'monitor/active_tasks_size': 16,
[36m(FullyAsyncRollouter pid=7445)[0m  'monitor/queue/mq_queue_size': 0,
[36m(FullyAsyncRollouter pid=7445)[0m  'monitor/queue/pending_queue_size': 128,
[36m(FullyAsyncRollouter pid=7445)[0m  'static/max_concurrent_samples': 16,
[36m(FullyAsyncRollouter pid=7445)[0m  'static/max_queue_size': 576,
[36m(FullyAsyncRollouter pid=7445)[0m  'static/max_required_samples': 576,
[36m(FullyAsyncRollouter pid=7445)[0m  'static/required_samples': 64,
[36m(FullyAsyncRollouter pid=7445)[0m  'static/staleness_threshold': 8}
[36m(FullyAsyncTrainer pid=6094)[0m [FullyAsyncTrainer] sample collected 55/64. mq_len: 0
[36m(FullyAsyncTrainer pid=6094)[0m [FullyAsyncTrainer] sample collected 56/64. mq_len: 0
[36m(FullyAsyncTrainer pid=6094)[0m [FullyAsyncTrainer] sample collected 57/64. mq_len: 0
[36m(FullyAsyncTrainer pid=6094)[0m [FullyAsyncTrainer] sample collected 58/64. mq_len: 0
[36m(FullyAsyncTrainer pid=6094)[0m [FullyAsyncTrainer] sample collected 59/64. mq_len: 0
[36m(FullyAsyncRollouter pid=7445)[0m [FullyAsyncRollouter][MonitorLoop][Statistics] {'count/dropped_stale_samples': 0,
[36m(FullyAsyncRollouter pid=7445)[0m  'count/staleness_samples': 75,
[36m(FullyAsyncRollouter pid=7445)[0m  'count/total_generated_samples': 443,
[36m(FullyAsyncRollouter pid=7445)[0m  'monitor/active_tasks_size': 16,
[36m(FullyAsyncRollouter pid=7445)[0m  'monitor/queue/mq_queue_size': 0,
[36m(FullyAsyncRollouter pid=7445)[0m  'monitor/queue/pending_queue_size': 128,
[36m(FullyAsyncRollouter pid=7445)[0m  'static/max_concurrent_samples': 16,
[36m(FullyAsyncRollouter pid=7445)[0m  'static/max_queue_size': 576,
[36m(FullyAsyncRollouter pid=7445)[0m  'static/max_required_samples': 576,
[36m(FullyAsyncRollouter pid=7445)[0m  'static/required_samples': 64,
[36m(FullyAsyncRollouter pid=7445)[0m  'static/staleness_threshold': 8}
[36m(FullyAsyncTrainer pid=6094)[0m [FullyAsyncTrainer] sample collected 60/64. mq_len: 0
[36m(FullyAsyncTrainer pid=6094)[0m [FullyAsyncTrainer] sample collected 61/64. mq_len: 0
[36m(FullyAsyncTrainer pid=6094)[0m [FullyAsyncTrainer] sample collected 62/64. mq_len: 0
[36m(FullyAsyncTrainer pid=6094)[0m [FullyAsyncTrainer] sample collected 63/64. mq_len: 0
[36m(FullyAsyncTrainer pid=6094)[0m [FullyAsyncTrainer] sample collected 64/64. mq_len: 0
[36m(FullyAsyncTrainer pid=6094)[0m [FullyAsyncTrainer] Collected 64/64 samples. mq_len: 0
[36m(FullyAsyncTrainer pid=6094)[0m [FullyAsyncTrainer] Loop collection completed: 64/64 samples, total wait time: 294.59 seconds. mq_len: 0
[36m(FullyAsyncTrainer pid=6094)[0m [BatchUtils] Assembling batch from 64 RolloutSample objects
[36m(FullyAsyncTrainer pid=6094)[0m [BatchUtils] Batch assembly completed in 0.28s
[36m(FullyAsyncRollouter pid=7445)[0m [FullyAsyncRollouter][MonitorLoop][Statistics] {'count/dropped_stale_samples': 0,
[36m(FullyAsyncRollouter pid=7445)[0m  'count/staleness_samples': 82,
[36m(FullyAsyncRollouter pid=7445)[0m  'count/total_generated_samples': 450,
[36m(FullyAsyncRollouter pid=7445)[0m  'monitor/active_tasks_size': 16,
[36m(FullyAsyncRollouter pid=7445)[0m  'monitor/queue/mq_queue_size': 2,
[36m(FullyAsyncRollouter pid=7445)[0m  'monitor/queue/pending_queue_size': 128,
[36m(FullyAsyncRollouter pid=7445)[0m  'static/max_concurrent_samples': 16,
[36m(FullyAsyncRollouter pid=7445)[0m  'static/max_queue_size': 576,
[36m(FullyAsyncRollouter pid=7445)[0m  'static/max_required_samples': 576,
[36m(FullyAsyncRollouter pid=7445)[0m  'static/required_samples': 64,
[36m(FullyAsyncRollouter pid=7445)[0m  'static/staleness_threshold': 8}
[36m(FullyAsyncRollouter pid=7445)[0m [FullyAsyncRollouter][MonitorLoop][Statistics] {'count/dropped_stale_samples': 0,
[36m(FullyAsyncRollouter pid=7445)[0m  'count/staleness_samples': 89,
[36m(FullyAsyncRollouter pid=7445)[0m  'count/total_generated_samples': 457,
[36m(FullyAsyncRollouter pid=7445)[0m  'monitor/active_tasks_size': 16,
[36m(FullyAsyncRollouter pid=7445)[0m  'monitor/queue/mq_queue_size': 9,
[36m(FullyAsyncRollouter pid=7445)[0m  'monitor/queue/pending_queue_size': 128,
[36m(FullyAsyncRollouter pid=7445)[0m  'static/max_concurrent_samples': 16,
[36m(FullyAsyncRollouter pid=7445)[0m  'static/max_queue_size': 576,
[36m(FullyAsyncRollouter pid=7445)[0m  'static/max_required_samples': 576,
[36m(FullyAsyncRollouter pid=7445)[0m  'static/required_samples': 64,
[36m(FullyAsyncRollouter pid=7445)[0m  'static/staleness_threshold': 8}
[36m(FullyAsyncRollouter pid=7445)[0m [FullyAsyncRollouter][MonitorLoop][Statistics] {'count/dropped_stale_samples': 0,
[36m(FullyAsyncRollouter pid=7445)[0m  'count/staleness_samples': 98,
[36m(FullyAsyncRollouter pid=7445)[0m  'count/total_generated_samples': 466,
[36m(FullyAsyncRollouter pid=7445)[0m  'monitor/active_tasks_size': 16,
[36m(FullyAsyncRollouter pid=7445)[0m  'monitor/queue/mq_queue_size': 18,
[36m(FullyAsyncRollouter pid=7445)[0m  'monitor/queue/pending_queue_size': 128,
[36m(FullyAsyncRollouter pid=7445)[0m  'static/max_concurrent_samples': 16,
[36m(FullyAsyncRollouter pid=7445)[0m  'static/max_queue_size': 576,
[36m(FullyAsyncRollouter pid=7445)[0m  'static/max_required_samples': 576,
[36m(FullyAsyncRollouter pid=7445)[0m  'static/required_samples': 64,
[36m(FullyAsyncRollouter pid=7445)[0m  'static/staleness_threshold': 8}
[36m(FullyAsyncRollouter pid=7445)[0m [FullyAsyncRollouter][MonitorLoop][Statistics] {'count/dropped_stale_samples': 0,
[36m(FullyAsyncRollouter pid=7445)[0m  'count/staleness_samples': 103,
[36m(FullyAsyncRollouter pid=7445)[0m  'count/total_generated_samples': 471,
[36m(FullyAsyncRollouter pid=7445)[0m  'monitor/active_tasks_size': 16,
[36m(FullyAsyncRollouter pid=7445)[0m  'monitor/queue/mq_queue_size': 23,
[36m(FullyAsyncRollouter pid=7445)[0m  'monitor/queue/pending_queue_size': 128,
[36m(FullyAsyncRollouter pid=7445)[0m  'static/max_concurrent_samples': 16,
[36m(FullyAsyncRollouter pid=7445)[0m  'static/max_queue_size': 576,
[36m(FullyAsyncRollouter pid=7445)[0m  'static/max_required_samples': 576,
[36m(FullyAsyncRollouter pid=7445)[0m  'static/required_samples': 64,
[36m(FullyAsyncRollouter pid=7445)[0m  'static/staleness_threshold': 8}
[36m(FullyAsyncTrainer pid=6094)[0m [FullyAsyncTrainer] global_steps: 7 local_trigger_step: 1 trigger_parameter_sync_step: 1 00:54:20.791
[36m(vLLMHttpServer pid=9124)[0m (Worker pid=10185) WARNING 08-05 00:54:22 [layerwise.py:225] RotaryEmbedding: Failed to load weights
[36m(vLLMHttpServer pid=9124)[0m (EngineCore pid=9943) WARNING 08-05 00:54:22 [scheduler.py:1919] reset_connector called but no KV connector is configured.
[36m(FullyAsyncTrainer pid=6094)[0m [FullyAsyncTrainer] _fit_update_weights, timing_s/param_sync: 1.3524 seconds self.current_param_version: 7
[36m(FullyAsyncTrainer pid=6094)[0m step:7 - fully_async/rollouter/active_time:584.7557253837585 - fully_async/rollouter/version_time:584.7557253837585 - fully_async/rollouter/idle_ratio:0 - fully_async/rollouter/step_generated_samples:60 - dynamic_resource/rollout_resource_utilization:0.9999996208937447
[36m(FullyAsyncRollouter pid=7445)[0m [FullyAsyncRollouter][RolloutResourceUtilization] raw active_count_history (timestamp, active_count, max_concurrent): [(1785890688.6593466, 15, 16), (1785890688.6594784, 16, 16), (1785890695.905851, 15, 16), (1785890695.9058719, 16, 16), (1785890705.4197443, 15, 16), (1785890705.41979, 16, 16), (1785890717.8240228, 15, 16), (1785890717.8240714, 16, 16), (1785890730.002746, 15, 16), (1785890730.002805, 16, 16), (1785890748.1251783, 15, 16), (1785890748.1252294, 16, 16), (1785890749.733903, 15, 16), (1785890749.7339287, 16, 16), (1785890776.4725957, 15, 16), (1785890776.4726617, 16, 16), (1785890784.6888082, 15, 16), (1785890784.688832, 16, 16), (1785890785.590487, 15, 16), (1785890785.590509, 16, 16), (1785890786.4217787, 15, 16), (1785890786.4217997, 16, 16), (1785890788.886316, 15, 16), (1785890788.8863635, 16, 16), (1785890790.1140404, 15, 16), (1785890790.1140623, 16, 16), (1785890813.3210893, 15, 16), (1785890813.3211377, 16, 16), (1785890815.8138912, 15, 16), (1785890815.8139155, 16, 16), (1785890824.255304, 15, 16), (1785890824.2553554, 16, 16), (1785890828.2587638, 15, 16), (1785890828.2587862, 16, 16), (1785890845.7572122, 15, 16), (1785890845.7572618, 16, 16), (1785890851.2236135, 15, 16), (1785890851.2236397, 16, 16), (1785890852.2319837, 15, 16), (1785890852.2320063, 16, 16), (1785890852.2555184, 15, 16), (1785890852.255539, 16, 16), (1785890890.6726797, 15, 16), (1785890890.6727278, 16, 16), (1785890892.4974954, 15, 16), (1785890892.4975176, 16, 16), (1785890920.3998127, 15, 16), (1785890920.3998718, 16, 16), (1785890924.3516316, 15, 16), (1785890924.3516634, 16, 16), (1785890929.0270715, 15, 16), (1785890929.0270925, 16, 16), (1785890940.6940877, 15, 16), (1785890940.6941519, 16, 16), (1785890941.1567059, 15, 16), (1785890941.1567287, 16, 16), (1785890945.1361527, 15, 16), (1785890945.136178, 16, 16), (1785890973.2745612, 15, 16), (1785890973.2746165, 16, 16), (1785890983.3837893, 15, 16), (1785890983.383851, 16, 16), (1785890983.5444202, 15, 16), (1785890983.5444493, 16, 16), (1785890993.3593132, 15, 16), (1785890993.359336, 16, 16), (1785891001.2253447, 15, 16), (1785891001.2254028, 16, 16), (1785891008.2450063, 15, 16), (1785891008.2450297, 16, 16), (1785891014.7608821, 15, 16), (1785891014.760941, 16, 16), (1785891037.0106027, 15, 16), (1785891037.0106487, 16, 16), (1785891058.6213815, 15, 16), (1785891058.621431, 16, 16), (1785891059.389127, 15, 16), (1785891059.3891547, 16, 16), (1785891064.0270286, 15, 16), (1785891064.027051, 16, 16), (1785891089.7919543, 15, 16), (1785891089.792003, 16, 16), (1785891094.08323, 15, 16), (1785891094.0832517, 16, 16), (1785891096.5639813, 15, 16), (1785891096.5640028, 16, 16), (1785891098.6008186, 15, 16), (1785891098.6008427, 16, 16), (1785891113.8378723, 15, 16), (1785891113.8379376, 16, 16), (1785891118.843749, 15, 16), (1785891118.843776, 16, 16), (1785891133.6658485, 15, 16), (1785891133.6658988, 16, 16), (1785891134.6965609, 15, 16), (1785891134.696585, 16, 16), (1785891137.928603, 15, 16), (1785891137.9286258, 16, 16), (1785891148.580157, 15, 16), (1785891148.5802162, 16, 16), (1785891174.4542398, 15, 16), (1785891174.4542952, 16, 16), (1785891178.1737025, 15, 16), (1785891178.1737242, 16, 16), (1785891179.3631468, 15, 16), (1785891179.3631685, 16, 16), (1785891227.9431071, 15, 16), (1785891227.943158, 16, 16), (1785891239.0578396, 15, 16), (1785891239.0579014, 16, 16), (1785891243.151005, 15, 16), (1785891243.1510313, 16, 16), (1785891244.4364042, 15, 16), (1785891244.4364278, 16, 16), (1785891245.1984873, 15, 16), (1785891245.1985078, 16, 16), (1785891249.7277198, 15, 16), (1785891249.7277737, 16, 16), (1785891260.1698327, 15, 16), (1785891260.1698785, 16, 16), (1785891273.413928, 15, 16), (1785891273.4151294, 15, 16)]
[36m(FullyAsyncRollouter pid=7445)[0m [FullyAsyncRollouter][Public][reset_staleness] reset staleness_samples to: 45 idle_ratio: 0.0000 step_generated_samples(this_step): 60 rollout_resource_utilization: 1.0000 recent_history(last 10 steps): [(2, 93), (3, 62), (4, 67), (5, 65), (6, 69), (7, 62), (8, 60)]
[36m(FullyAsyncTrainer pid=6094)[0m aggregated metrics done. cost 0.0002 seconds.
[36m(FullyAsyncTrainer pid=6094)[0m step:7 - training/global_step:6.0 - training/epoch:0.0 - fully_async/count/stale_trajectory_processed:1341.0 - fully_async/count/current_param_version:5.0 - fully_async/processing_time/avg:113.2378261784562 - fully_async/processing_time/max:188.08730574900983 - fully_async/processing_time/min:12.573654578009155 - fully_async/processing_time/tp50:124.17681320299744 - fully_async/processing_time/tp99:179.60114265827113 - fully_async/processing_time/tp95:175.70964025886207 - fully_async/monitor/active_tasks_size:16.0 - fully_async/monitor/queue/pending_queue_size:128.0 - fully_async/monitor/queue/mq_queue_size:0.0 - fully_async/count/total_generated_samples:320.0 - fully_async/count/staleness_samples:80.0 - fully_async/count/dropped_stale_samples:0.0 - fully_async/static/max_required_samples:576.0 - fully_async/static/required_samples:64.0 - fully_async/static/staleness_threshold:8.0 - fully_async/static/max_queue_size:576.0 - fully_async/static/max_concurrent_samples:16.0 - fully_async/partial/total_partial_num:90.0 - fully_async/partial/partial_ratio:0.17578125 - fully_async/partial/max_partial_span:1.0 - timing_s/agent_loop/tool_calls/max:0.0 - timing_s/agent_loop/tool_calls/min:0.0 - timing_s/agent_loop/tool_calls/mean:0.0 - fully_async/total_wait_time:304.0355122089386 - actor/pg_clipfrac:0.0003181363574343698 - actor/ppo_kl:0.0007928428308925662 - actor/pg_clipfrac_lower:1.6467541409719674e-07 - actor/pg_loss:0.04364741575955122 - actor/loss:0.043647415935993195 - actor/grad_norm:0.030473362654447556 - actor/lr:1e-06 - actor/perf/max_memory_allocated_gb:47.62937688827515 - actor/perf/max_memory_reserved_gb:73.166015625 - actor/perf/cpu_memory_used_gb:38.43181610107422 - perf/mfu/actor:0.31380676773367916 - dynamic_resource/train_compute_time_s:276.4128116409993 - dynamic_resource/train_allocated_time_s:618.1313512325287 - critic/score/mean:0.2048223465681076 - critic/score/max:1.0 - critic/score/min:0.0 - critic/rewards/mean:0.2048223465681076 - critic/rewards/max:1.0 - critic/rewards/min:0.0 - critic/advantages/mean:-0.04362061992287636 - critic/advantages/max:2.4748666286468506 - critic/advantages/min:-2.4748666286468506 - critic/returns/mean:-0.04362061992287636 - critic/returns/max:2.4748666286468506 - critic/returns/min:-2.4748666286468506 - response_length/mean:11293.384765625 - response_length/max:16384.0 - response_length/min:1531.0 - response_length/clip_ratio:0.1171875 - response_length_non_aborted/mean:11293.384765625 - response_length_non_aborted/max:16384.0 - response_length_non_aborted/min:1531.0 - response_length_non_aborted/clip_ratio:0.1171875 - response/aborted_ratio:0.0 - prompt_length/mean:459.65625 - prompt_length/max:830.0 - prompt_length/min:97.0 - prompt_length/clip_ratio:0.0 - num_turns/min:2.0 - num_turns/max:2.0 - num_turns/mean:2.0 - timing_s/start_profile:6.486952770501375e-06 - timing_s/gen:304.92234544001985 - timing_s/reward:2.5315966922789812e-05 - timing_s/adv:0.010782367025967687 - timing_s/update_actor:276.4020039580064 - timing_s/timing_s/param_sync:1.4647364190313965 - timing_s/step:618.1313676300342 - timing_s/stop_profile:4.007015377283096e-06 - timing_per_token_ms/adv:1.7918180128526721e-06 - timing_per_token_ms/update_actor:0.045932594233508116 - timing_per_token_ms/gen:0.052734540467468054 - perf/total_num_tokens:6017557.0 - perf/time_per_step:618.1313676300342 - perf/throughput:4867.5389368054575 - dynamic_resource/mq_size:34.0 - fully_async/trainer/idle_ratio:0.49329699382368647 - dynamic_resource/train_resource_utilization:0.44717487810615564 - dynamic_resource/rollout_resource_utilization:0.9999996208937447 - dynamic_resource/resource_utilization:0.7235872494999502
[36m(FullyAsyncTrainer pid=6094)[0m [FullyAsyncTrainer] Requesting 64 samples from queue
[36m(FullyAsyncTrainer pid=6094)[0m [FullyAsyncTrainer] sample collected 1/64. mq_len: 29
[36m(FullyAsyncTrainer pid=6094)[0m [FullyAsyncTrainer] sample collected 2/64. mq_len: 28
[36m(FullyAsyncTrainer pid=6094)[0m Training Progress:   9%|▉         | 7/80 [1:16:39<12:32:46, 618.72s/it]
[36m(FullyAsyncTrainer pid=6094)[0m [FullyAsyncTrainer] sample collected 3/64. mq_len: 27
[36m(FullyAsyncTrainer pid=6094)[0m [FullyAsyncTrainer] sample collected 4/64. mq_len: 26
[36m(FullyAsyncTrainer pid=6094)[0m [FullyAsyncTrainer] sample collected 5/64. mq_len: 25
[36m(FullyAsyncTrainer pid=6094)[0m [FullyAsyncTrainer] sample collected 6/64. mq_len: 24
[36m(FullyAsyncTrainer pid=6094)[0m [FullyAsyncTrainer] sample collected 7/64. mq_len: 23
[36m(FullyAsyncTrainer pid=6094)[0m [FullyAsyncTrainer] sample collected 8/64. mq_len: 22
[36m(FullyAsyncTrainer pid=6094)[0m [FullyAsyncTrainer] sample collected 9/64. mq_len: 21
[36m(FullyAsyncTrainer pid=6094)[0m [FullyAsyncTrainer] sample collected 10/64. mq_len: 20
[36m(FullyAsyncTrainer pid=6094)[0m [FullyAsyncTrainer] sample collected 11/64. mq_len: 19
[36m(FullyAsyncTrainer pid=6094)[0m [FullyAsyncTrainer] sample collected 12/64. mq_len: 18
[36m(FullyAsyncTrainer pid=6094)[0m [FullyAsyncTrainer] sample collected 13/64. mq_len: 17
[36m(FullyAsyncTrainer pid=6094)[0m [FullyAsyncTrainer] sample collected 14/64. mq_len: 16
[36m(FullyAsyncTrainer pid=6094)[0m [FullyAsyncTrainer] sample collected 15/64. mq_len: 15
[36m(FullyAsyncTrainer pid=6094)[0m [FullyAsyncTrainer] sample collected 16/64. mq_len: 14
[36m(FullyAsyncTrainer pid=6094)[0m [FullyAsyncTrainer] sample collected 17/64. mq_len: 13
[36m(FullyAsyncTrainer pid=6094)[0m [FullyAsyncTrainer] sample collected 18/64. mq_len: 12
[36m(FullyAsyncTrainer pid=6094)[0m [FullyAsyncTrainer] sample collected 19/64. mq_len: 11
[36m(FullyAsyncTrainer pid=6094)[0m [FullyAsyncTrainer] sample collected 20/64. mq_len: 10
[36m(FullyAsyncTrainer pid=6094)[0m [FullyAsyncTrainer] sample collected 21/64. mq_len: 9
[36m(FullyAsyncTrainer pid=6094)[0m [FullyAsyncTrainer] sample collected 22/64. mq_len: 8
[36m(FullyAsyncTrainer pid=6094)[0m [FullyAsyncTrainer] sample collected 23/64. mq_len: 7
[36m(FullyAsyncTrainer pid=6094)[0m [FullyAsyncTrainer] sample collected 24/64. mq_len: 6
[36m(FullyAsyncTrainer pid=6094)[0m [FullyAsyncTrainer] sample collected 25/64. mq_len: 5
[36m(FullyAsyncTrainer pid=6094)[0m [FullyAsyncTrainer] sample collected 26/64. mq_len: 4
[36m(FullyAsyncTrainer pid=6094)[0m [FullyAsyncTrainer] sample collected 27/64. mq_len: 3
[36m(FullyAsyncTrainer pid=6094)[0m [FullyAsyncTrainer] sample collected 28/64. mq_len: 2
[36m(FullyAsyncTrainer pid=6094)[0m [FullyAsyncTrainer] sample collected 29/64. mq_len: 1
[36m(FullyAsyncTrainer pid=6094)[0m [FullyAsyncTrainer] sample collected 30/64. mq_len: 0
[36m(FullyAsyncTrainer pid=6094)[0m [FullyAsyncTrainer] sample collected 31/64. mq_len: 0
[36m(FullyAsyncTrainer pid=6094)[0m [FullyAsyncTrainer] sample collected 32/64. mq_len: 0
[36m(FullyAsyncTrainer pid=6094)[0m [FullyAsyncTrainer] sample collected 33/64. mq_len: 0
[36m(FullyAsyncTrainer pid=6094)[0m [FullyAsyncTrainer] sample collected 34/64. mq_len: 0
[36m(FullyAsyncTrainer pid=6094)[0m [FullyAsyncTrainer] sample collected 35/64. mq_len: 0
[36m(FullyAsyncTrainer pid=6094)[0m [FullyAsyncTrainer] sample collected 36/64. mq_len: 0
[36m(FullyAsyncTrainer pid=6094)[0m [FullyAsyncTrainer] sample collected 37/64. mq_len: 0
[36m(FullyAsyncTrainer pid=6094)[0m [FullyAsyncTrainer] sample collected 38/64. mq_len: 0
[36m(FullyAsyncRollouter pid=7445)[0m [FullyAsyncRollouter][MonitorLoop][Statistics] {'count/dropped_stale_samples': 0,
[36m(FullyAsyncRollouter pid=7445)[0m  'count/staleness_samples': 54,
[36m(FullyAsyncRollouter pid=7445)[0m  'count/total_generated_samples': 486,
[36m(FullyAsyncRollouter pid=7445)[0m  'monitor/active_tasks_size': 16,
[36m(FullyAsyncRollouter pid=7445)[0m  'monitor/queue/mq_queue_size': 0,
[36m(FullyAsyncRollouter pid=7445)[0m  'monitor/queue/pending_queue_size': 128,
[36m(FullyAsyncRollouter pid=7445)[0m  'static/max_concurrent_samples': 16,
[36m(FullyAsyncRollouter pid=7445)[0m  'static/max_queue_size': 576,
[36m(FullyAsyncRollouter pid=7445)[0m  'static/max_required_samples': 576,
[36m(FullyAsyncRollouter pid=7445)[0m  'static/required_samples': 64,
[36m(FullyAsyncRollouter pid=7445)[0m  'static/staleness_threshold': 8}
[36m(FullyAsyncTrainer pid=6094)[0m [FullyAsyncTrainer] sample collected 39/64. mq_len: 0
[36m(FullyAsyncTrainer pid=6094)[0m [FullyAsyncTrainer] sample collected 40/64. mq_len: 0
[36m(FullyAsyncTrainer pid=6094)[0m [FullyAsyncTrainer] sample collected 41/64. mq_len: 0
[36m(FullyAsyncRollouter pid=7445)[0m [FullyAsyncRollouter][MonitorLoop][Statistics] {'count/dropped_stale_samples': 0,
[36m(FullyAsyncRollouter pid=7445)[0m  'count/staleness_samples': 57,
[36m(FullyAsyncRollouter pid=7445)[0m  'count/total_generated_samples': 489,
[36m(FullyAsyncRollouter pid=7445)[0m  'monitor/active_tasks_size': 16,
[36m(FullyAsyncRollouter pid=7445)[0m  'monitor/queue/mq_queue_size': 0,
[36m(FullyAsyncRollouter pid=7445)[0m  'monitor/queue/pending_queue_size': 128,
[36m(FullyAsyncRollouter pid=7445)[0m  'static/max_concurrent_samples': 16,
[36m(FullyAsyncRollouter pid=7445)[0m  'static/max_queue_size': 576,
[36m(FullyAsyncRollouter pid=7445)[0m  'static/max_required_samples': 576,
[36m(FullyAsyncRollouter pid=7445)[0m  'static/required_samples': 64,
[36m(FullyAsyncRollouter pid=7445)[0m  'static/staleness_threshold': 8}
[36m(FullyAsyncTrainer pid=6094)[0m [FullyAsyncTrainer] sample collected 42/64. mq_len: 0
[36m(FullyAsyncTrainer pid=6094)[0m [FullyAsyncTrainer] sample collected 43/64. mq_len: 0
[36m(FullyAsyncTrainer pid=6094)[0m [FullyAsyncTrainer] sample collected 44/64. mq_len: 0
[36m(FullyAsyncTrainer pid=6094)[0m [FullyAsyncTrainer] sample collected 45/64. mq_len: 0
[36m(FullyAsyncTrainer pid=6094)[0m [FullyAsyncTrainer] sample collected 46/64. mq_len: 0
[36m(FullyAsyncTrainer pid=6094)[0m [FullyAsyncTrainer] sample collected 47/64. mq_len: 0
[36m(FullyAsyncTrainer pid=6094)[0m [FullyAsyncTrainer] sample collected 48/64. mq_len: 0
[36m(FullyAsyncTrainer pid=6094)[0m [FullyAsyncTrainer] sample collected 49/64. mq_len: 0
[36m(FullyAsyncTrainer pid=6094)[0m [FullyAsyncTrainer] sample collected 50/64. mq_len: 0
[36m(FullyAsyncTrainer pid=6094)[0m [FullyAsyncTrainer] sample collected 51/64. mq_len: 0
[36m(FullyAsyncTrainer pid=6094)[0m [FullyAsyncTrainer] sample collected 52/64. mq_len: 0
[36m(MessageQueue pid=12602)[0m MessageQueue stats: produced=500, queue_size=1
[36m(FullyAsyncRollouter pid=7445)[0m [FullyAsyncRollouter][MonitorLoop][Statistics] {'count/dropped_stale_samples': 0,
[36m(FullyAsyncRollouter pid=7445)[0m  'count/staleness_samples': 68,
[36m(FullyAsyncRollouter pid=7445)[0m  'count/total_generated_samples': 500,
[36m(FullyAsyncRollouter pid=7445)[0m  'monitor/active_tasks_size': 16,
[36m(FullyAsyncRollouter pid=7445)[0m  'monitor/queue/mq_queue_size': 0,
[36m(FullyAsyncRollouter pid=7445)[0m  'monitor/queue/pending_queue_size': 128,
[36m(FullyAsyncRollouter pid=7445)[0m  'static/max_concurrent_samples': 16,
[36m(FullyAsyncRollouter pid=7445)[0m  'static/max_queue_size': 576,
[36m(FullyAsyncRollouter pid=7445)[0m  'static/max_required_samples': 576,
[36m(FullyAsyncRollouter pid=7445)[0m  'static/required_samples': 64,
[36m(FullyAsyncRollouter pid=7445)[0m  'static/staleness_threshold': 8}
[36m(FullyAsyncTrainer pid=6094)[0m [FullyAsyncTrainer] sample collected 53/64. mq_len: 0
[36m(FullyAsyncTrainer pid=6094)[0m [FullyAsyncTrainer] sample collected 54/64. mq_len: 0
[36m(FullyAsyncTrainer pid=6094)[0m [FullyAsyncTrainer] sample collected 55/64. mq_len: 0
[36m(FullyAsyncTrainer pid=6094)[0m [FullyAsyncTrainer] sample collected 56/64. mq_len: 0
[36m(FullyAsyncTrainer pid=6094)[0m [FullyAsyncTrainer] sample collected 57/64. mq_len: 0
[36m(FullyAsyncTrainer pid=6094)[0m [FullyAsyncTrainer] sample collected 58/64. mq_len: 0
[36m(FullyAsyncTrainer pid=6094)[0m [FullyAsyncTrainer] sample collected 59/64. mq_len: 0
[36m(FullyAsyncRollouter pid=7445)[0m [FullyAsyncRollouter][MonitorLoop][Statistics] {'count/dropped_stale_samples': 0,
[36m(FullyAsyncRollouter pid=7445)[0m  'count/staleness_samples': 75,
[36m(FullyAsyncRollouter pid=7445)[0m  'count/total_generated_samples': 507,
[36m(FullyAsyncRollouter pid=7445)[0m  'monitor/active_tasks_size': 16,
[36m(FullyAsyncRollouter pid=7445)[0m  'monitor/queue/mq_queue_size': 0,
[36m(FullyAsyncRollouter pid=7445)[0m  'monitor/queue/pending_queue_size': 128,
[36m(FullyAsyncRollouter pid=7445)[0m  'static/max_concurrent_samples': 16,
[36m(FullyAsyncRollouter pid=7445)[0m  'static/max_queue_size': 576,
[36m(FullyAsyncRollouter pid=7445)[0m  'static/max_required_samples': 576,
[36m(FullyAsyncRollouter pid=7445)[0m  'static/required_samples': 64,
[36m(FullyAsyncRollouter pid=7445)[0m  'static/staleness_threshold': 8}
[36m(FullyAsyncTrainer pid=6094)[0m [FullyAsyncTrainer] sample collected 60/64. mq_len: 0
[36m(FullyAsyncTrainer pid=6094)[0m [FullyAsyncTrainer] sample collected 61/64. mq_len: 0
[36m(FullyAsyncTrainer pid=6094)[0m [FullyAsyncTrainer] sample collected 62/64. mq_len: 0
[36m(FullyAsyncTrainer pid=6094)[0m [FullyAsyncTrainer] sample collected 63/64. mq_len: 0
[36m(FullyAsyncTrainer pid=6094)[0m [FullyAsyncTrainer] sample collected 64/64. mq_len: 0
[36m(FullyAsyncTrainer pid=6094)[0m [FullyAsyncTrainer] Collected 64/64 samples. mq_len: 0
[36m(FullyAsyncTrainer pid=6094)[0m [FullyAsyncTrainer] Loop collection completed: 64/64 samples, total wait time: 289.81 seconds. mq_len: 0
[36m(FullyAsyncTrainer pid=6094)[0m [BatchUtils] Assembling batch from 64 RolloutSample objects
[36m(FullyAsyncTrainer pid=6094)[0m [BatchUtils] Batch assembly completed in 0.27s
[36m(FullyAsyncRollouter pid=7445)[0m [FullyAsyncRollouter][MonitorLoop][Statistics] {'count/dropped_stale_samples': 0,
[36m(FullyAsyncRollouter pid=7445)[0m  'count/staleness_samples': 85,
[36m(FullyAsyncRollouter pid=7445)[0m  'count/total_generated_samples': 517,
[36m(FullyAsyncRollouter pid=7445)[0m  'monitor/active_tasks_size': 16,
[36m(FullyAsyncRollouter pid=7445)[0m  'monitor/queue/mq_queue_size': 5,
[36m(FullyAsyncRollouter pid=7445)[0m  'monitor/queue/pending_queue_size': 128,
[36m(FullyAsyncRollouter pid=7445)[0m  'static/max_concurrent_samples': 16,
[36m(FullyAsyncRollouter pid=7445)[0m  'static/max_queue_size': 576,
[36m(FullyAsyncRollouter pid=7445)[0m  'static/max_required_samples': 576,
[36m(FullyAsyncRollouter pid=7445)[0m  'static/required_samples': 64,
[36m(FullyAsyncRollouter pid=7445)[0m  'static/staleness_threshold': 8}
[36m(FullyAsyncRollouter pid=7445)[0m [FullyAsyncRollouter][MonitorLoop][Statistics] {'count/dropped_stale_samples': 0,
[36m(FullyAsyncRollouter pid=7445)[0m  'count/staleness_samples': 87,
[36m(FullyAsyncRollouter pid=7445)[0m  'count/total_generated_samples': 519,
[36m(FullyAsyncRollouter pid=7445)[0m  'monitor/active_tasks_size': 16,
[36m(FullyAsyncRollouter pid=7445)[0m  'monitor/queue/mq_queue_size': 7,
[36m(FullyAsyncRollouter pid=7445)[0m  'monitor/queue/pending_queue_size': 128,
[36m(FullyAsyncRollouter pid=7445)[0m  'static/max_concurrent_samples': 16,
[36m(FullyAsyncRollouter pid=7445)[0m  'static/max_queue_size': 576,
[36m(FullyAsyncRollouter pid=7445)[0m  'static/max_required_samples': 576,
[36m(FullyAsyncRollouter pid=7445)[0m  'static/required_samples': 64,
[36m(FullyAsyncRollouter pid=7445)[0m  'static/staleness_threshold': 8}
[36m(FullyAsyncRollouter pid=7445)[0m [FullyAsyncRollouter][MonitorLoop][Statistics] {'count/dropped_stale_samples': 0,
[36m(FullyAsyncRollouter pid=7445)[0m  'count/staleness_samples': 100,
[36m(FullyAsyncRollouter pid=7445)[0m  'count/total_generated_samples': 532,
[36m(FullyAsyncRollouter pid=7445)[0m  'monitor/active_tasks_size': 16,
[36m(FullyAsyncRollouter pid=7445)[0m  'monitor/queue/mq_queue_size': 20,
[36m(FullyAsyncRollouter pid=7445)[0m  'monitor/queue/pending_queue_size': 128,
[36m(FullyAsyncRollouter pid=7445)[0m  'static/max_concurrent_samples': 16,
[36m(FullyAsyncRollouter pid=7445)[0m  'static/max_queue_size': 576,
[36m(FullyAsyncRollouter pid=7445)[0m  'static/max_required_samples': 576,
[36m(FullyAsyncRollouter pid=7445)[0m  'static/required_samples': 64,
[36m(FullyAsyncRollouter pid=7445)[0m  'static/staleness_threshold': 8}
[36m(FullyAsyncRollouter pid=7445)[0m [FullyAsyncRollouter][MonitorLoop][Statistics] {'count/dropped_stale_samples': 0,
[36m(FullyAsyncRollouter pid=7445)[0m  'count/staleness_samples': 108,
[36m(FullyAsyncRollouter pid=7445)[0m  'count/total_generated_samples': 540,
[36m(FullyAsyncRollouter pid=7445)[0m  'monitor/active_tasks_size': 16,
[36m(FullyAsyncRollouter pid=7445)[0m  'monitor/queue/mq_queue_size': 28,
[36m(FullyAsyncRollouter pid=7445)[0m  'monitor/queue/pending_queue_size': 128,
[36m(FullyAsyncRollouter pid=7445)[0m  'static/max_concurrent_samples': 16,
[36m(FullyAsyncRollouter pid=7445)[0m  'static/max_queue_size': 576,
[36m(FullyAsyncRollouter pid=7445)[0m  'static/max_required_samples': 576,
[36m(FullyAsyncRollouter pid=7445)[0m  'static/required_samples': 64,
[36m(FullyAsyncRollouter pid=7445)[0m  'static/staleness_threshold': 8}
[36m(FullyAsyncTrainer pid=6094)[0m [FullyAsyncTrainer] global_steps: 8 local_trigger_step: 1 trigger_parameter_sync_step: 1 01:04:02.091
[36m(vLLMHttpServer pid=9124)[0m (Worker pid=10185) WARNING 08-05 01:04:03 [layerwise.py:225] RotaryEmbedding: Failed to load weights
[36m(vLLMHttpServer pid=9124)[0m (EngineCore pid=9943) WARNING 08-05 01:04:03 [scheduler.py:1919] reset_connector called but no KV connector is configured.
[36m(FullyAsyncTrainer pid=6094)[0m [FullyAsyncTrainer] _fit_update_weights, timing_s/param_sync: 1.7665 seconds self.current_param_version: 8
[36m(FullyAsyncTrainer pid=6094)[0m step:8 - fully_async/rollouter/active_time:599.6340336799622 - fully_async/rollouter/version_time:599.6340336799622 - fully_async/rollouter/idle_ratio:0 - fully_async/rollouter/step_generated_samples:64 - dynamic_resource/rollout_resource_utilization:0.9999996270448488
[36m(FullyAsyncRollouter pid=7445)[0m [FullyAsyncRollouter][RolloutResourceUtilization] raw active_count_history (timestamp, active_count, max_concurrent): [(1785891273.415551, 15, 16), (1785891273.4156995, 16, 16), (1785891280.990022, 15, 16), (1785891280.9900472, 16, 16), (1785891280.9931922, 15, 16), (1785891280.993209, 16, 16), (1785891282.0619829, 15, 16), (1785891282.0620072, 16, 16), (1785891283.980695, 15, 16), (1785891283.9807413, 16, 16), (1785891286.0224154, 15, 16), (1785891286.022445, 16, 16), (1785891292.633492, 15, 16), (1785891292.6335156, 16, 16), (1785891314.4117908, 15, 16), (1785891314.411843, 16, 16), (1785891316.105746, 15, 16), (1785891316.1057684, 16, 16), (1785891338.0317955, 15, 16), (1785891338.0318477, 16, 16), (1785891358.4136946, 15, 16), (1785891358.4137528, 16, 16), (1785891379.9924808, 15, 16), (1785891379.9925392, 16, 16), (1785891401.0711894, 15, 16), (1785891401.07124, 16, 16), (1785891402.330488, 15, 16), (1785891402.3305125, 16, 16), (1785891408.9187067, 15, 16), (1785891408.9187279, 16, 16), (1785891423.651426, 15, 16), (1785891423.6514974, 16, 16), (1785891431.8372443, 15, 16), (1785891431.8372707, 16, 16), (1785891438.0310884, 15, 16), (1785891438.0311356, 16, 16), (1785891440.6864998, 15, 16), (1785891440.6865242, 16, 16), (1785891445.012578, 15, 16), (1785891445.0126019, 16, 16), (1785891450.7978628, 15, 16), (1785891450.7979128, 16, 16), (1785891453.4231858, 15, 16), (1785891453.4232092, 16, 16), (1785891459.6650562, 15, 16), (1785891459.6650794, 16, 16), (1785891464.5085187, 15, 16), (1785891464.5085666, 16, 16), (1785891472.6539488, 15, 16), (1785891472.653981, 16, 16), (1785891482.400994, 15, 16), (1785891482.4010422, 16, 16), (1785891496.9721394, 15, 16), (1785891496.9722006, 16, 16), (1785891519.6693785, 15, 16), (1785891519.6694243, 16, 16), (1785891522.7856145, 15, 16), (1785891522.785637, 16, 16), (1785891525.6610534, 15, 16), (1785891525.6610758, 16, 16), (1785891531.6293135, 15, 16), (1785891531.6293616, 16, 16), (1785891544.8111937, 15, 16), (1785891544.8112516, 16, 16), (1785891557.6520202, 15, 16), (1785891557.6520677, 16, 16), (1785891562.9166949, 15, 16), (1785891562.9167175, 16, 16), (1785891563.3689978, 15, 16), (1785891563.3690245, 16, 16), (1785891565.6645322, 15, 16), (1785891565.6645539, 16, 16), (1785891570.8540964, 15, 16), (1785891570.8541412, 16, 16), (1785891597.4178617, 15, 16), (1785891597.41792, 16, 16), (1785891599.177789, 15, 16), (1785891599.1778162, 16, 16), (1785891604.145342, 15, 16), (1785891604.1453643, 16, 16), (1785891623.8712208, 15, 16), (1785891623.8712652, 16, 16), (1785891657.4629757, 15, 16), (1785891657.4630249, 16, 16), (1785891674.7770941, 15, 16), (1785891674.777146, 16, 16), (1785891694.1187167, 15, 16), (1785891694.1187646, 16, 16), (1785891696.1976378, 15, 16), (1785891696.1976619, 16, 16), (1785891697.8553298, 15, 16), (1785891697.8553529, 16, 16), (1785891702.3451426, 15, 16), (1785891702.3451755, 16, 16), (1785891710.2157767, 15, 16), (1785891710.215833, 16, 16), (1785891712.5347996, 15, 16), (1785891712.5348222, 16, 16), (1785891715.886241, 15, 16), (1785891715.8862655, 16, 16), (1785891720.053127, 15, 16), (1785891720.053156, 16, 16), (1785891735.1083295, 15, 16), (1785891735.1083784, 16, 16), (1785891735.9354143, 15, 16), (1785891735.935461, 16, 16), (1785891737.4466565, 15, 16), (1785891737.4466803, 16, 16), (1785891740.5859797, 15, 16), (1785891740.586007, 16, 16), (1785891754.6668694, 15, 16), (1785891754.666929, 16, 16), (1785891763.8486662, 15, 16), (1785891763.848688, 16, 16), (1785891773.050875, 15, 16), (1785891773.050923, 16, 16), (1785891779.6965172, 15, 16), (1785891779.6965387, 16, 16), (1785891784.213596, 15, 16), (1785891784.2136412, 16, 16), (1785891789.3622994, 15, 16), (1785891789.3623211, 16, 16), (1785891792.3656533, 15, 16), (1785891792.365678, 16, 16), (1785891813.1464295, 15, 16), (1785891813.146484, 16, 16), (1785891842.0016584, 15, 16), (1785891842.0017054, 16, 16), (1785891873.0485723, 15, 16), (1785891873.049653, 15, 16)]
[36m(FullyAsyncRollouter pid=7445)[0m [FullyAsyncRollouter][Public][reset_staleness] reset staleness_samples to: 45 idle_ratio: 0.0000 step_generated_samples(this_step): 64 rollout_resource_utilization: 1.0000 recent_history(last 10 steps): [(2, 93), (3, 62), (4, 67), (5, 65), (6, 69), (7, 62), (8, 60), (9, 64)]
[36m(FullyAsyncTrainer pid=6094)[0m aggregated metrics done. cost 0.0002 seconds.
[36m(FullyAsyncTrainer pid=6094)[0m step:8 - training/global_step:7.0 - training/epoch:0.0 - fully_async/count/stale_trajectory_processed:1624.0 - fully_async/count/current_param_version:6.0 - fully_async/processing_time/avg:115.85812454823315 - fully_async/processing_time/max:188.90951635700185 - fully_async/processing_time/min:7.243208901025355 - fully_async/processing_time/tp50:124.3941218534892 - fully_async/processing_time/tp99:184.01923870745813 - fully_async/processing_time/tp95:178.09820447830134 - fully_async/monitor/active_tasks_size:16.0 - fully_async/monitor/queue/pending_queue_size:128.0 - fully_async/monitor/queue/mq_queue_size:0.0 - fully_async/count/total_generated_samples:384.0 - fully_async/count/staleness_samples:80.0 - fully_async/count/dropped_stale_samples:0.0 - fully_async/static/max_required_samples:576.0 - fully_async/static/required_samples:64.0 - fully_async/static/staleness_threshold:8.0 - fully_async/static/max_queue_size:576.0 - fully_async/static/max_concurrent_samples:16.0 - fully_async/partial/total_partial_num:109.0 - fully_async/partial/partial_ratio:0.212890625 - fully_async/partial/max_partial_span:1.0 - timing_s/agent_loop/tool_calls/max:0.0 - timing_s/agent_loop/tool_calls/min:0.0 - timing_s/agent_loop/tool_calls/mean:0.0 - fully_async/total_wait_time:294.59019565582275 - actor/pg_clipfrac:0.00032190719582620266 - actor/ppo_kl:0.0008050321805844637 - actor/pg_clipfrac_lower:5.162370389616872e-07 - actor/pg_loss:0.030849506219965406 - actor/loss:0.030849503353238106 - actor/grad_norm:0.0313090980052948 - actor/lr:1e-06 - actor/perf/max_memory_allocated_gb:47.62937688827515 - actor/perf/max_memory_reserved_gb:73.171875 - actor/perf/cpu_memory_used_gb:39.21760940551758 - perf/mfu/actor:0.3143168459540295 - dynamic_resource/train_compute_time_s:276.9607450979529 - dynamic_resource/train_allocated_time_s:584.6132271289825 - critic/score/mean:0.170166015625 - critic/score/max:1.0 - critic/score/min:0.0 - critic/rewards/mean:0.170166015625 - critic/rewards/max:1.0 - critic/rewards/min:0.0 - critic/advantages/mean:-0.03084542788565159 - critic/advantages/max:2.4748597145080566 - critic/advantages/min:-2.4748666286468506 - critic/returns/mean:-0.03084542788565159 - critic/returns/max:2.4748597145080566 - critic/returns/min:-2.4748666286468506 - response_length/mean:11290.59765625 - response_length/max:16384.0 - response_length/min:783.0 - response_length/clip_ratio:0.1328125 - response_length_non_aborted/mean:11290.59765625 - response_length_non_aborted/max:16384.0 - response_length_non_aborted/min:783.0 - response_length_non_aborted/clip_ratio:0.1328125 - response/aborted_ratio:0.0 - prompt_length/mean:490.890625 - prompt_length/max:996.0 - prompt_length/min:56.0 - prompt_length/clip_ratio:0.0 - num_turns/min:2.0 - num_turns/max:2.0 - num_turns/mean:2.0 - timing_s/start_profile:5.078036338090897e-06 - timing_s/gen:295.026146624994 - timing_s/reward:1.9009981770068407e-05 - timing_s/adv:0.009908507985528558 - timing_s/update_actor:276.9508175799856 - timing_s/timing_s/param_sync:1.35242206096882 - timing_s/step:584.6132468080032 - timing_s/stop_profile:5.1959650591015816e-06 - timing_per_token_ms/adv:1.6426239365729934e-06 - timing_per_token_ms/update_actor:0.04591266847387795 - timing_per_token_ms/gen:0.0510356457798289 - perf/total_num_tokens:6032122.0 - perf/time_per_step:584.6132468080032 - perf/throughput:5159.070576090667 - dynamic_resource/mq_size:30.0 - fully_async/trainer/idle_ratio:0.5046518330466185 - dynamic_resource/train_resource_utilization:0.47375039127680796 - dynamic_resource/rollout_resource_utilization:0.9999996270448488 - dynamic_resource/resource_utilization:0.7368750091608284
[36m(FullyAsyncTrainer pid=6094)[0m [FullyAsyncTrainer] Requesting 64 samples from queue
[36m(FullyAsyncTrainer pid=6094)[0m [FullyAsyncTrainer] sample collected 1/64. mq_len: 29
[36m(FullyAsyncTrainer pid=6094)[0m [FullyAsyncTrainer] sample collected 2/64. mq_len: 28
[36m(FullyAsyncTrainer pid=6094)[0m [FullyAsyncTrainer] sample collected 3/64. mq_len: 27
[36m(FullyAsyncTrainer pid=6094)[0m [FullyAsyncTrainer] sample collected 4/64. mq_len: 26
[36m(FullyAsyncTrainer pid=6094)[0m [FullyAsyncTrainer] sample collected 5/64. mq_len: 25
[36m(FullyAsyncTrainer pid=6094)[0m [FullyAsyncTrainer] sample collected 6/64. mq_len: 24
[36m(FullyAsyncTrainer pid=6094)[0m [FullyAsyncTrainer] sample collected 7/64. mq_len: 23
[36m(FullyAsyncTrainer pid=6094)[0m [FullyAsyncTrainer] sample collected 8/64. mq_len: 22
[36m(FullyAsyncTrainer pid=6094)[0m [FullyAsyncTrainer] sample collected 9/64. mq_len: 21
[36m(FullyAsyncTrainer pid=6094)[0m Training Progress:  10%|█         | 8/80 [1:26:38<12:15:10, 612.65s/it]
[36m(FullyAsyncTrainer pid=6094)[0m [FullyAsyncTrainer] sample collected 10/64. mq_len: 20
[36m(FullyAsyncTrainer pid=6094)[0m [FullyAsyncTrainer] sample collected 11/64. mq_len: 19
[36m(FullyAsyncTrainer pid=6094)[0m [FullyAsyncTrainer] sample collected 12/64. mq_len: 18
[36m(FullyAsyncTrainer pid=6094)[0m [FullyAsyncTrainer] sample collected 13/64. mq_len: 17
[36m(FullyAsyncTrainer pid=6094)[0m [FullyAsyncTrainer] sample collected 14/64. mq_len: 16
[36m(FullyAsyncTrainer pid=6094)[0m [FullyAsyncTrainer] sample collected 15/64. mq_len: 15
[36m(FullyAsyncTrainer pid=6094)[0m [FullyAsyncTrainer] sample collected 16/64. mq_len: 14
[36m(FullyAsyncTrainer pid=6094)[0m [FullyAsyncTrainer] sample collected 17/64. mq_len: 13
[36m(FullyAsyncTrainer pid=6094)[0m [FullyAsyncTrainer] sample collected 18/64. mq_len: 12
[36m(FullyAsyncTrainer pid=6094)[0m [FullyAsyncTrainer] sample collected 19/64. mq_len: 11
[36m(FullyAsyncTrainer pid=6094)[0m [FullyAsyncTrainer] sample collected 20/64. mq_len: 10
[36m(FullyAsyncTrainer pid=6094)[0m [FullyAsyncTrainer] sample collected 21/64. mq_len: 9
[36m(FullyAsyncTrainer pid=6094)[0m [FullyAsyncTrainer] sample collected 22/64. mq_len: 8
[36m(FullyAsyncTrainer pid=6094)[0m [FullyAsyncTrainer] sample collected 23/64. mq_len: 7
[36m(FullyAsyncTrainer pid=6094)[0m [FullyAsyncTrainer] sample collected 24/64. mq_len: 6
[36m(FullyAsyncTrainer pid=6094)[0m [FullyAsyncTrainer] sample collected 25/64. mq_len: 5
[36m(FullyAsyncTrainer pid=6094)[0m [FullyAsyncTrainer] sample collected 26/64. mq_len: 4
[36m(FullyAsyncTrainer pid=6094)[0m [FullyAsyncTrainer] sample collected 27/64. mq_len: 3
[36m(FullyAsyncTrainer pid=6094)[0m [FullyAsyncTrainer] sample collected 28/64. mq_len: 2
[36m(FullyAsyncTrainer pid=6094)[0m [FullyAsyncTrainer] sample collected 29/64. mq_len: 1
[36m(FullyAsyncTrainer pid=6094)[0m [FullyAsyncTrainer] sample collected 30/64. mq_len: 0
[36m(FullyAsyncTrainer pid=6094)[0m [FullyAsyncTrainer] sample collected 31/64. mq_len: 0
[36m(FullyAsyncTrainer pid=6094)[0m [FullyAsyncTrainer] sample collected 32/64. mq_len: 0
[36m(FullyAsyncTrainer pid=6094)[0m [FullyAsyncTrainer] sample collected 33/64. mq_len: 0
[36m(FullyAsyncRollouter pid=7445)[0m [FullyAsyncRollouter][MonitorLoop][Statistics] {'count/dropped_stale_samples': 0,
[36m(FullyAsyncRollouter pid=7445)[0m  'count/staleness_samples': 49,
[36m(FullyAsyncRollouter pid=7445)[0m  'count/total_generated_samples': 545,
[36m(FullyAsyncRollouter pid=7445)[0m  'monitor/active_tasks_size': 16,
[36m(FullyAsyncRollouter pid=7445)[0m  'monitor/queue/mq_queue_size': 0,
[36m(FullyAsyncRollouter pid=7445)[0m  'monitor/queue/pending_queue_size': 128,
[36m(FullyAsyncRollouter pid=7445)[0m  'static/max_concurrent_samples': 16,
[36m(FullyAsyncRollouter pid=7445)[0m  'static/max_queue_size': 576,
[36m(FullyAsyncRollouter pid=7445)[0m  'static/max_required_samples': 576,
[36m(FullyAsyncRollouter pid=7445)[0m  'static/required_samples': 64,
[36m(FullyAsyncRollouter pid=7445)[0m  'static/staleness_threshold': 8}
[36m(FullyAsyncTrainer pid=6094)[0m [FullyAsyncTrainer] sample collected 34/64. mq_len: 0
[36m(FullyAsyncTrainer pid=6094)[0m [FullyAsyncTrainer] sample collected 35/64. mq_len: 0
[36m(FullyAsyncTrainer pid=6094)[0m [FullyAsyncTrainer] sample collected 36/64. mq_len: 0
[36m(FullyAsyncTrainer pid=6094)[0m [FullyAsyncTrainer] sample collected 37/64. mq_len: 0
[36m(FullyAsyncTrainer pid=6094)[0m [FullyAsyncTrainer] sample collected 38/64. mq_len: 0
[36m(FullyAsyncTrainer pid=6094)[0m [FullyAsyncTrainer] sample collected 39/64. mq_len: 0
[36m(FullyAsyncTrainer pid=6094)[0m [FullyAsyncTrainer] sample collected 40/64. mq_len: 0
[36m(FullyAsyncTrainer pid=6094)[0m [FullyAsyncTrainer] sample collected 41/64. mq_len: 0
[36m(FullyAsyncTrainer pid=6094)[0m [FullyAsyncTrainer] sample collected 42/64. mq_len: 0
[36m(FullyAsyncTrainer pid=6094)[0m [FullyAsyncTrainer] sample collected 43/64. mq_len: 0
[36m(FullyAsyncTrainer pid=6094)[0m [FullyAsyncTrainer] sample collected 44/64. mq_len: 0
[36m(FullyAsyncRollouter pid=7445)[0m [FullyAsyncRollouter][MonitorLoop][Statistics] {'count/dropped_stale_samples': 0,
[36m(FullyAsyncRollouter pid=7445)[0m  'count/staleness_samples': 60,
[36m(FullyAsyncRollouter pid=7445)[0m  'count/total_generated_samples': 556,
[36m(FullyAsyncRollouter pid=7445)[0m  'monitor/active_tasks_size': 16,
[36m(FullyAsyncRollouter pid=7445)[0m  'monitor/queue/mq_queue_size': 0,
[36m(FullyAsyncRollouter pid=7445)[0m  'monitor/queue/pending_queue_size': 128,
[36m(FullyAsyncRollouter pid=7445)[0m  'static/max_concurrent_samples': 16,
[36m(FullyAsyncRollouter pid=7445)[0m  'static/max_queue_size': 576,
[36m(FullyAsyncRollouter pid=7445)[0m  'static/max_required_samples': 576,
[36m(FullyAsyncRollouter pid=7445)[0m  'static/required_samples': 64,
[36m(FullyAsyncRollouter pid=7445)[0m  'static/staleness_threshold': 8}
[36m(FullyAsyncTrainer pid=6094)[0m [FullyAsyncTrainer] sample collected 45/64. mq_len: 0
[36m(FullyAsyncTrainer pid=6094)[0m [FullyAsyncTrainer] sample collected 46/64. mq_len: 0
[36m(FullyAsyncTrainer pid=6094)[0m [FullyAsyncTrainer] sample collected 47/64. mq_len: 0
[36m(FullyAsyncTrainer pid=6094)[0m [FullyAsyncTrainer] sample collected 48/64. mq_len: 0
[36m(FullyAsyncTrainer pid=6094)[0m [FullyAsyncTrainer] sample collected 49/64. mq_len: 0
[36m(FullyAsyncRollouter pid=7445)[0m [FullyAsyncRollouter][MonitorLoop][Statistics] {'count/dropped_stale_samples': 0,
[36m(FullyAsyncRollouter pid=7445)[0m  'count/staleness_samples': 65,
[36m(FullyAsyncRollouter pid=7445)[0m  'count/total_generated_samples': 561,
[36m(FullyAsyncRollouter pid=7445)[0m  'monitor/active_tasks_size': 16,
[36m(FullyAsyncRollouter pid=7445)[0m  'monitor/queue/mq_queue_size': 0,
[36m(FullyAsyncRollouter pid=7445)[0m  'monitor/queue/pending_queue_size': 128,
[36m(FullyAsyncRollouter pid=7445)[0m  'static/max_concurrent_samples': 16,
[36m(FullyAsyncRollouter pid=7445)[0m  'static/max_queue_size': 576,
[36m(FullyAsyncRollouter pid=7445)[0m  'static/max_required_samples': 576,
[36m(FullyAsyncRollouter pid=7445)[0m  'static/required_samples': 64,
[36m(FullyAsyncRollouter pid=7445)[0m  'static/staleness_threshold': 8}
[36m(FullyAsyncTrainer pid=6094)[0m [FullyAsyncTrainer] sample collected 50/64. mq_len: 0
[36m(FullyAsyncTrainer pid=6094)[0m [FullyAsyncTrainer] sample collected 51/64. mq_len: 0
[36m(FullyAsyncTrainer pid=6094)[0m [FullyAsyncTrainer] sample collected 52/64. mq_len: 0
[36m(FullyAsyncTrainer pid=6094)[0m [FullyAsyncTrainer] sample collected 53/64. mq_len: 0
[36m(FullyAsyncTrainer pid=6094)[0m [FullyAsyncTrainer] sample collected 54/64. mq_len: 0
[36m(FullyAsyncTrainer pid=6094)[0m [FullyAsyncTrainer] sample collected 55/64. mq_len: 0
[36m(FullyAsyncTrainer pid=6094)[0m [FullyAsyncTrainer] sample collected 56/64. mq_len: 0
[36m(FullyAsyncTrainer pid=6094)[0m [FullyAsyncTrainer] sample collected 57/64. mq_len: 0
[36m(FullyAsyncTrainer pid=6094)[0m [FullyAsyncTrainer] sample collected 58/64. mq_len: 0
[36m(FullyAsyncTrainer pid=6094)[0m [FullyAsyncTrainer] sample collected 59/64. mq_len: 0
[36m(FullyAsyncTrainer pid=6094)[0m [FullyAsyncTrainer] sample collected 60/64. mq_len: 0
[36m(FullyAsyncTrainer pid=6094)[0m [FullyAsyncTrainer] sample collected 61/64. mq_len: 0
[36m(FullyAsyncRollouter pid=7445)[0m [FullyAsyncRollouter][MonitorLoop][Statistics] {'count/dropped_stale_samples': 0,
[36m(FullyAsyncRollouter pid=7445)[0m  'count/staleness_samples': 77,
[36m(FullyAsyncRollouter pid=7445)[0m  'count/total_generated_samples': 573,
[36m(FullyAsyncRollouter pid=7445)[0m  'monitor/active_tasks_size': 16,
[36m(FullyAsyncRollouter pid=7445)[0m  'monitor/queue/mq_queue_size': 0,
[36m(FullyAsyncRollouter pid=7445)[0m  'monitor/queue/pending_queue_size': 128,
[36m(FullyAsyncRollouter pid=7445)[0m  'static/max_concurrent_samples': 16,
[36m(FullyAsyncRollouter pid=7445)[0m  'static/max_queue_size': 576,
[36m(FullyAsyncRollouter pid=7445)[0m  'static/max_required_samples': 576,
[36m(FullyAsyncRollouter pid=7445)[0m  'static/required_samples': 64,
[36m(FullyAsyncRollouter pid=7445)[0m  'static/staleness_threshold': 8}
[36m(FullyAsyncTrainer pid=6094)[0m [FullyAsyncTrainer] sample collected 62/64. mq_len: 0
[36m(FullyAsyncTrainer pid=6094)[0m [FullyAsyncTrainer] sample collected 63/64. mq_len: 0
[36m(FullyAsyncTrainer pid=6094)[0m [FullyAsyncTrainer] sample collected 64/64. mq_len: 0
[36m(FullyAsyncTrainer pid=6094)[0m [FullyAsyncTrainer] Collected 64/64 samples. mq_len: 0
[36m(FullyAsyncTrainer pid=6094)[0m [FullyAsyncTrainer] Loop collection completed: 64/64 samples, total wait time: 287.28 seconds. mq_len: 0
[36m(FullyAsyncTrainer pid=6094)[0m [BatchUtils] Assembling batch from 64 RolloutSample objects
[36m(FullyAsyncTrainer pid=6094)[0m [BatchUtils] Batch assembly completed in 0.27s
[36m(FullyAsyncRollouter pid=7445)[0m [FullyAsyncRollouter][MonitorLoop][Statistics] {'count/dropped_stale_samples': 0,
[36m(FullyAsyncRollouter pid=7445)[0m  'count/staleness_samples': 83,
[36m(FullyAsyncRollouter pid=7445)[0m  'count/total_generated_samples': 579,
[36m(FullyAsyncRollouter pid=7445)[0m  'monitor/active_tasks_size': 16,
[36m(FullyAsyncRollouter pid=7445)[0m  'monitor/queue/mq_queue_size': 3,
[36m(FullyAsyncRollouter pid=7445)[0m  'monitor/queue/pending_queue_size': 128,
[36m(FullyAsyncRollouter pid=7445)[0m  'static/max_concurrent_samples': 16,
[36m(FullyAsyncRollouter pid=7445)[0m  'static/max_queue_size': 576,
[36m(FullyAsyncRollouter pid=7445)[0m  'static/max_required_samples': 576,
[36m(FullyAsyncRollouter pid=7445)[0m  'static/required_samples': 64,
[36m(FullyAsyncRollouter pid=7445)[0m  'static/staleness_threshold': 8}
[36m(FullyAsyncRollouter pid=7445)[0m [FullyAsyncRollouter][MonitorLoop][Statistics] {'count/dropped_stale_samples': 0,
[36m(FullyAsyncRollouter pid=7445)[0m  'count/staleness_samples': 94,
[36m(FullyAsyncRollouter pid=7445)[0m  'count/total_generated_samples': 590,
[36m(FullyAsyncRollouter pid=7445)[0m  'monitor/active_tasks_size': 16,
[36m(FullyAsyncRollouter pid=7445)[0m  'monitor/queue/mq_queue_size': 14,
[36m(FullyAsyncRollouter pid=7445)[0m  'monitor/queue/pending_queue_size': 128,
[36m(FullyAsyncRollouter pid=7445)[0m  'static/max_concurrent_samples': 16,
[36m(FullyAsyncRollouter pid=7445)[0m  'static/max_queue_size': 576,
[36m(FullyAsyncRollouter pid=7445)[0m  'static/max_required_samples': 576,
[36m(FullyAsyncRollouter pid=7445)[0m  'static/required_samples': 64,
[36m(FullyAsyncRollouter pid=7445)[0m  'static/staleness_threshold': 8}
[36m(FullyAsyncRollouter pid=7445)[0m [FullyAsyncRollouter][MonitorLoop][Statistics] {'count/dropped_stale_samples': 0,
[36m(FullyAsyncRollouter pid=7445)[0m  'count/staleness_samples': 100,
[36m(FullyAsyncRollouter pid=7445)[0m  'count/total_generated_samples': 596,
[36m(FullyAsyncRollouter pid=7445)[0m  'monitor/active_tasks_size': 16,
[36m(FullyAsyncRollouter pid=7445)[0m  'monitor/queue/mq_queue_size': 20,
[36m(FullyAsyncRollouter pid=7445)[0m  'monitor/queue/pending_queue_size': 128,
[36m(FullyAsyncRollouter pid=7445)[0m  'static/max_concurrent_samples': 16,
[36m(FullyAsyncRollouter pid=7445)[0m  'static/max_queue_size': 576,
[36m(FullyAsyncRollouter pid=7445)[0m  'static/max_required_samples': 576,
[36m(FullyAsyncRollouter pid=7445)[0m  'static/required_samples': 64,
[36m(FullyAsyncRollouter pid=7445)[0m  'static/staleness_threshold': 8}
[36m(MessageQueue pid=12602)[0m MessageQueue stats: produced=600, queue_size=24
[36m(FullyAsyncRollouter pid=7445)[0m [FullyAsyncRollouter][MonitorLoop][Statistics] {'count/dropped_stale_samples': 0,
[36m(FullyAsyncRollouter pid=7445)[0m  'count/staleness_samples': 110,
[36m(FullyAsyncRollouter pid=7445)[0m  'count/total_generated_samples': 606,
[36m(FullyAsyncRollouter pid=7445)[0m  'monitor/active_tasks_size': 16,
[36m(FullyAsyncRollouter pid=7445)[0m  'monitor/queue/mq_queue_size': 30,
[36m(FullyAsyncRollouter pid=7445)[0m  'monitor/queue/pending_queue_size': 128,
[36m(FullyAsyncRollouter pid=7445)[0m  'static/max_concurrent_samples': 16,
[36m(FullyAsyncRollouter pid=7445)[0m  'static/max_queue_size': 576,
[36m(FullyAsyncRollouter pid=7445)[0m  'static/max_required_samples': 576,
[36m(FullyAsyncRollouter pid=7445)[0m  'static/required_samples': 64,
[36m(FullyAsyncRollouter pid=7445)[0m  'static/staleness_threshold': 8}
[36m(FullyAsyncTrainer pid=6094)[0m [FullyAsyncTrainer] global_steps: 9 local_trigger_step: 1 trigger_parameter_sync_step: 1 01:13:55.678
[36m(vLLMHttpServer pid=9124)[0m (Worker pid=10185) WARNING 08-05 01:13:57 [layerwise.py:225] RotaryEmbedding: Failed to load weights
[36m(vLLMHttpServer pid=9124)[0m (EngineCore pid=9943) WARNING 08-05 01:13:57 [scheduler.py:1919] reset_connector called but no KV connector is configured.
[36m(FullyAsyncTrainer pid=6094)[0m [FullyAsyncTrainer] _fit_update_weights, timing_s/param_sync: 1.4851 seconds self.current_param_version: 9
[36m(FullyAsyncTrainer pid=6094)[0m step:9 - fully_async/rollouter/active_time:585.6106424331665 - fully_async/rollouter/version_time:585.6106424331665 - fully_async/rollouter/idle_ratio:0 - fully_async/rollouter/step_generated_samples:67 - dynamic_resource/rollout_resource_utilization:0.9999996171977928
[36m(FullyAsyncRollouter pid=7445)[0m [FullyAsyncRollouter][RolloutResourceUtilization] raw active_count_history (timestamp, active_count, max_concurrent): [(1785891873.0499213, 15, 16), (1785891873.0500567, 16, 16), (1785891875.4510703, 15, 16), (1785891875.451093, 16, 16), (1785891890.7703319, 15, 16), (1785891890.7703946, 16, 16), (1785891892.0819292, 15, 16), (1785891892.0819502, 16, 16), (1785891902.867443, 15, 16), (1785891902.8674965, 16, 16), (1785891910.1519337, 15, 16), (1785891910.151956, 16, 16), (1785891913.7119339, 15, 16), (1785891913.7119823, 16, 16), (1785891914.589796, 15, 16), (1785891914.5898187, 16, 16), (1785891915.3004563, 15, 16), (1785891915.3004797, 16, 16), (1785891921.9160097, 15, 16), (1785891921.916034, 16, 16), (1785891942.4361475, 15, 16), (1785891942.4362028, 16, 16), (1785891948.367619, 15, 16), (1785891948.3676443, 16, 16), (1785891953.7586548, 15, 16), (1785891953.7587035, 16, 16), (1785891956.3665662, 15, 16), (1785891956.3665922, 16, 16), (1785891962.8282871, 15, 16), (1785891962.8283107, 16, 16), (1785891992.7825472, 15, 16), (1785891992.782595, 16, 16), (1785892011.473145, 15, 16), (1785892011.4731953, 16, 16), (1785892020.5259473, 15, 16), (1785892020.525974, 16, 16), (1785892038.3722358, 15, 16), (1785892038.3722923, 16, 16), (1785892038.5222049, 15, 16), (1785892038.5222297, 16, 16), (1785892059.7228572, 15, 16), (1785892059.7229102, 16, 16), (1785892068.824427, 15, 16), (1785892068.8244627, 16, 16), (1785892069.358513, 15, 16), (1785892069.358538, 16, 16), (1785892069.700701, 15, 16), (1785892069.7007265, 16, 16), (1785892073.8791625, 15, 16), (1785892073.8792133, 16, 16), (1785892079.7517831, 15, 16), (1785892079.7518055, 16, 16), (1785892087.3095553, 15, 16), (1785892087.309603, 16, 16), (1785892088.0983465, 15, 16), (1785892088.09837, 16, 16), (1785892092.6936698, 15, 16), (1785892092.693694, 16, 16), (1785892102.4010432, 15, 16), (1785892102.4010906, 16, 16), (1785892104.036723, 15, 16), (1785892104.036744, 16, 16), (1785892110.7583697, 15, 16), (1785892110.7583926, 16, 16), (1785892114.7952642, 15, 16), (1785892114.795317, 16, 16), (1785892132.1461947, 15, 16), (1785892132.146244, 16, 16), (1785892160.4689808, 15, 16), (1785892160.4690297, 16, 16), (1785892165.2726033, 15, 16), (1785892165.2726262, 16, 16), (1785892196.8136735, 15, 16), (1785892196.8137329, 16, 16), (1785892203.0392666, 15, 16), (1785892203.0392923, 16, 16), (1785892213.078551, 15, 16), (1785892213.0786083, 16, 16), (1785892219.2373586, 15, 16), (1785892219.2373848, 16, 16), (1785892224.7166002, 15, 16), (1785892224.7166488, 16, 16), (1785892228.3161573, 15, 16), (1785892228.31618, 16, 16), (1785892229.6715357, 15, 16), (1785892229.6715643, 16, 16), (1785892248.736077, 15, 16), (1785892248.736125, 16, 16), (1785892257.761695, 15, 16), (1785892257.7617214, 16, 16), (1785892258.5157154, 15, 16), (1785892258.5157378, 16, 16), (1785892268.2688496, 15, 16), (1785892268.2689085, 16, 16), (1785892269.683227, 15, 16), (1785892269.6832507, 16, 16), (1785892270.9919846, 15, 16), (1785892270.9920104, 16, 16), (1785892284.8590035, 15, 16), (1785892284.8590577, 16, 16), (1785892288.544966, 15, 16), (1785892288.5449913, 16, 16), (1785892313.5530877, 15, 16), (1785892313.5531485, 16, 16), (1785892325.9743578, 15, 16), (1785892325.9744155, 16, 16), (1785892344.4366128, 15, 16), (1785892344.4366603, 16, 16), (1785892350.7655134, 15, 16), (1785892350.7655466, 16, 16), (1785892367.3566897, 15, 16), (1785892367.3567472, 16, 16), (1785892369.9323614, 15, 16), (1785892369.932387, 16, 16), (1785892370.0226712, 15, 16), (1785892370.0226936, 16, 16), (1785892372.1480894, 15, 16), (1785892372.1481144, 16, 16), (1785892386.3383427, 15, 16), (1785892386.338391, 16, 16), (1785892387.455098, 15, 16), (1785892387.4551198, 16, 16), (1785892392.3547485, 15, 16), (1785892392.3547714, 16, 16), (1785892413.453671, 15, 16), (1785892413.4537263, 16, 16), (1785892415.4832442, 15, 16), (1785892415.483265, 16, 16), (1785892418.97131, 15, 16), (1785892418.9713376, 16, 16), (1785892427.5534775, 15, 16), (1785892427.5535314, 16, 16), (1785892427.9471774, 15, 16), (1785892427.9472, 16, 16), (1785892458.6595862, 15, 16), (1785892458.6606226, 15, 16)]
[36m(FullyAsyncRollouter pid=7445)[0m [FullyAsyncRollouter][Public][reset_staleness] reset staleness_samples to: 48 idle_ratio: 0.0000 step_generated_samples(this_step): 67 rollout_resource_utilization: 1.0000 recent_history(last 10 steps): [(2, 93), (3, 62), (4, 67), (5, 65), (6, 69), (7, 62), (8, 60), (9, 64), (10, 67)]
[36m(FullyAsyncTrainer pid=6094)[0m aggregated metrics done. cost 0.0002 seconds.
[36m(FullyAsyncTrainer pid=6094)[0m step:9 - training/global_step:8.0 - training/epoch:0.0 - fully_async/count/stale_trajectory_processed:1892.0 - fully_async/count/current_param_version:7.0 - fully_async/processing_time/avg:117.16869987494022 - fully_async/processing_time/max:186.92955220100703 - fully_async/processing_time/min:13.692970379022881 - fully_async/processing_time/tp50:127.34259588949499 - fully_async/processing_time/tp99:185.6642227901326 - fully_async/processing_time/tp95:169.6416348830593 - fully_async/monitor/active_tasks_size:16.0 - fully_async/monitor/queue/pending_queue_size:128.0 - fully_async/monitor/queue/mq_queue_size:0.0 - fully_async/count/total_generated_samples:448.0 - fully_async/count/staleness_samples:80.0 - fully_async/count/dropped_stale_samples:0.0 - fully_async/static/max_required_samples:576.0 - fully_async/static/required_samples:64.0 - fully_async/static/staleness_threshold:8.0 - fully_async/static/max_queue_size:576.0 - fully_async/static/max_concurrent_samples:16.0 - fully_async/partial/total_partial_num:92.0 - fully_async/partial/partial_ratio:0.1796875 - fully_async/partial/max_partial_span:1.0 - timing_s/agent_loop/tool_calls/max:0.0 - timing_s/agent_loop/tool_calls/min:0.0 - timing_s/agent_loop/tool_calls/mean:0.0 - fully_async/total_wait_time:289.8137936592102 - actor/pg_clipfrac:0.00033739740864729284 - actor/ppo_kl:0.0007600577634277855 - actor/pg_clipfrac_lower:8.743837423861732e-07 - actor/pg_loss:0.01563020304456586 - actor/loss:0.015630202367901802 - actor/grad_norm:0.030761906877160072 - actor/lr:1e-06 - actor/perf/max_memory_allocated_gb:47.62937688827515 - actor/perf/max_memory_reserved_gb:73.173828125 - actor/perf/cpu_memory_used_gb:43.561668395996094 - perf/mfu/actor:0.3121619338316432 - dynamic_resource/train_compute_time_s:278.27322184003424 - dynamic_resource/train_allocated_time_s:599.4852616786957 - critic/score/mean:0.23830682039260864 - critic/score/max:1.0 - critic/score/min:0.0 - critic/rewards/mean:0.23830682039260864 - critic/rewards/max:1.0 - critic/rewards/min:0.0 - critic/advantages/mean:-0.015622580423951149 - critic/advantages/max:2.4748666286468506 - critic/advantages/min:-2.4748666286468506 - critic/returns/mean:-0.015622580423951149 - critic/returns/max:2.4748666286468506 - critic/returns/min:-2.4748666286468506 - response_length/mean:11364.994140625 - response_length/max:16384.0 - response_length/min:1508.0 - response_length/clip_ratio:0.0859375 - response_length_non_aborted/mean:11364.994140625 - response_length_non_aborted/max:16384.0 - response_length_non_aborted/min:1508.0 - response_length_non_aborted/clip_ratio:0.0859375 - response/aborted_ratio:0.0 - prompt_length/mean:431.765625 - prompt_length/max:944.0 - prompt_length/min:125.0 - prompt_length/clip_ratio:0.0 - num_turns/min:2.0 - num_turns/max:2.0 - num_turns/mean:2.0 - timing_s/start_profile:4.790956154465675e-06 - timing_s/gen:290.2510003600037 - timing_s/reward:2.3221014998853207e-05 - timing_s/adv:0.01488684001378715 - timing_s/update_actor:278.25831177900545 - timing_s/timing_s/param_sync:1.7665185690275393 - timing_s/step:599.4852795089828 - timing_s/stop_profile:4.989036824554205e-06 - timing_per_token_ms/adv:2.4647326875853836e-06 - timing_per_token_ms/update_actor:0.04606970693571435 - timing_per_token_ms/gen:0.049880930695047114 - perf/total_num_tokens:6039941.0 - perf/time_per_step:599.4852795089828 - perf/throughput:5037.6057648547285 - dynamic_resource/mq_size:30.0 - fully_async/trainer/idle_ratio:0.4841670184090892 - dynamic_resource/train_resource_utilization:0.4641869277333118 - dynamic_resource/rollout_resource_utilization:0.9999996171977928 - dynamic_resource/resource_utilization:0.7320932724655523
[36m(FullyAsyncTrainer pid=6094)[0m Training Progress:  11%|█▏        | 9/80 [1:36:24<11:54:57, 604.19s/it]
[36m(FullyAsyncTrainer pid=6094)[0m [FullyAsyncTrainer] Requesting 64 samples from queue
[36m(FullyAsyncTrainer pid=6094)[0m [FullyAsyncTrainer] sample collected 1/64. mq_len: 32
[36m(FullyAsyncTrainer pid=6094)[0m [FullyAsyncTrainer] sample collected 2/64. mq_len: 31
[36m(FullyAsyncTrainer pid=6094)[0m [FullyAsyncTrainer] sample collected 3/64. mq_len: 30
[36m(FullyAsyncTrainer pid=6094)[0m [FullyAsyncTrainer] sample collected 4/64. mq_len: 29
[36m(FullyAsyncTrainer pid=6094)[0m [FullyAsyncTrainer] sample collected 5/64. mq_len: 28
[36m(FullyAsyncTrainer pid=6094)[0m [FullyAsyncTrainer] sample collected 6/64. mq_len: 27
[36m(FullyAsyncTrainer pid=6094)[0m [FullyAsyncTrainer] sample collected 7/64. mq_len: 26
[36m(FullyAsyncTrainer pid=6094)[0m [FullyAsyncTrainer] sample collected 8/64. mq_len: 25
[36m(FullyAsyncTrainer pid=6094)[0m [FullyAsyncTrainer] sample collected 9/64. mq_len: 24
[36m(FullyAsyncTrainer pid=6094)[0m [FullyAsyncTrainer] sample collected 10/64. mq_len: 23
[36m(FullyAsyncTrainer pid=6094)[0m [FullyAsyncTrainer] sample collected 11/64. mq_len: 22
[36m(FullyAsyncTrainer pid=6094)[0m [FullyAsyncTrainer] sample collected 12/64. mq_len: 21
[36m(FullyAsyncTrainer pid=6094)[0m [FullyAsyncTrainer] sample collected 13/64. mq_len: 20
[36m(FullyAsyncTrainer pid=6094)[0m [FullyAsyncTrainer] sample collected 14/64. mq_len: 19
[36m(FullyAsyncTrainer pid=6094)[0m [FullyAsyncTrainer] sample collected 15/64. mq_len: 18
[36m(FullyAsyncTrainer pid=6094)[0m [FullyAsyncTrainer] sample collected 16/64. mq_len: 17
[36m(FullyAsyncTrainer pid=6094)[0m [FullyAsyncTrainer] sample collected 17/64. mq_len: 16
[36m(FullyAsyncTrainer pid=6094)[0m [FullyAsyncTrainer] sample collected 18/64. mq_len: 15
[36m(FullyAsyncTrainer pid=6094)[0m [FullyAsyncTrainer] sample collected 19/64. mq_len: 14
[36m(FullyAsyncTrainer pid=6094)[0m [FullyAsyncTrainer] sample collected 20/64. mq_len: 13
[36m(FullyAsyncTrainer pid=6094)[0m [FullyAsyncTrainer] sample collected 21/64. mq_len: 12
[36m(FullyAsyncTrainer pid=6094)[0m [FullyAsyncTrainer] sample collected 22/64. mq_len: 11
[36m(FullyAsyncTrainer pid=6094)[0m [FullyAsyncTrainer] sample collected 23/64. mq_len: 10
[36m(FullyAsyncTrainer pid=6094)[0m [FullyAsyncTrainer] sample collected 24/64. mq_len: 9
[36m(FullyAsyncTrainer pid=6094)[0m [FullyAsyncTrainer] sample collected 25/64. mq_len: 8
[36m(FullyAsyncTrainer pid=6094)[0m [FullyAsyncTrainer] sample collected 26/64. mq_len: 7
[36m(FullyAsyncTrainer pid=6094)[0m [FullyAsyncTrainer] sample collected 27/64. mq_len: 6
[36m(FullyAsyncTrainer pid=6094)[0m [FullyAsyncTrainer] sample collected 28/64. mq_len: 5
[36m(FullyAsyncTrainer pid=6094)[0m [FullyAsyncTrainer] sample collected 29/64. mq_len: 4
[36m(FullyAsyncTrainer pid=6094)[0m [FullyAsyncTrainer] sample collected 30/64. mq_len: 3
[36m(FullyAsyncTrainer pid=6094)[0m [FullyAsyncTrainer] sample collected 31/64. mq_len: 2
[36m(FullyAsyncTrainer pid=6094)[0m [FullyAsyncTrainer] sample collected 32/64. mq_len: 1
[36m(FullyAsyncTrainer pid=6094)[0m [FullyAsyncTrainer] sample collected 33/64. mq_len: 0
[36m(FullyAsyncTrainer pid=6094)[0m [FullyAsyncTrainer] sample collected 34/64. mq_len: 0
[36m(FullyAsyncTrainer pid=6094)[0m [FullyAsyncTrainer] sample collected 35/64. mq_len: 0
[36m(FullyAsyncRollouter pid=7445)[0m [FullyAsyncRollouter][MonitorLoop][Statistics] {'count/dropped_stale_samples': 0,
[36m(FullyAsyncRollouter pid=7445)[0m  'count/staleness_samples': 51,
[36m(FullyAsyncRollouter pid=7445)[0m  'count/total_generated_samples': 611,
[36m(FullyAsyncRollouter pid=7445)[0m  'monitor/active_tasks_size': 16,
[36m(FullyAsyncRollouter pid=7445)[0m  'monitor/queue/mq_queue_size': 0,
[36m(FullyAsyncRollouter pid=7445)[0m  'monitor/queue/pending_queue_size': 128,
[36m(FullyAsyncRollouter pid=7445)[0m  'static/max_concurrent_samples': 16,
[36m(FullyAsyncRollouter pid=7445)[0m  'static/max_queue_size': 576,
[36m(FullyAsyncRollouter pid=7445)[0m  'static/max_required_samples': 576,
[36m(FullyAsyncRollouter pid=7445)[0m  'static/required_samples': 64,
[36m(FullyAsyncRollouter pid=7445)[0m  'static/staleness_threshold': 8}
[36m(FullyAsyncTrainer pid=6094)[0m [FullyAsyncTrainer] sample collected 36/64. mq_len: 0
[36m(FullyAsyncTrainer pid=6094)[0m [FullyAsyncTrainer] sample collected 37/64. mq_len: 0
[36m(FullyAsyncTrainer pid=6094)[0m [FullyAsyncTrainer] sample collected 38/64. mq_len: 0
[36m(FullyAsyncTrainer pid=6094)[0m [FullyAsyncTrainer] sample collected 39/64. mq_len: 0
[36m(FullyAsyncRollouter pid=7445)[0m [FullyAsyncRollouter][MonitorLoop][Statistics] {'count/dropped_stale_samples': 0,
[36m(FullyAsyncRollouter pid=7445)[0m  'count/staleness_samples': 55,
[36m(FullyAsyncRollouter pid=7445)[0m  'count/total_generated_samples': 615,
[36m(FullyAsyncRollouter pid=7445)[0m  'monitor/active_tasks_size': 16,
[36m(FullyAsyncRollouter pid=7445)[0m  'monitor/queue/mq_queue_size': 0,
[36m(FullyAsyncRollouter pid=7445)[0m  'monitor/queue/pending_queue_size': 128,
[36m(FullyAsyncRollouter pid=7445)[0m  'static/max_concurrent_samples': 16,
[36m(FullyAsyncRollouter pid=7445)[0m  'static/max_queue_size': 576,
[36m(FullyAsyncRollouter pid=7445)[0m  'static/max_required_samples': 576,
[36m(FullyAsyncRollouter pid=7445)[0m  'static/required_samples': 64,
[36m(FullyAsyncRollouter pid=7445)[0m  'static/staleness_threshold': 8}
[36m(FullyAsyncTrainer pid=6094)[0m [FullyAsyncTrainer] sample collected 40/64. mq_len: 0
[36m(FullyAsyncTrainer pid=6094)[0m [FullyAsyncTrainer] sample collected 41/64. mq_len: 0
[36m(FullyAsyncTrainer pid=6094)[0m [FullyAsyncTrainer] sample collected 42/64. mq_len: 0
[36m(FullyAsyncTrainer pid=6094)[0m [FullyAsyncTrainer] sample collected 43/64. mq_len: 0
[36m(FullyAsyncTrainer pid=6094)[0m [FullyAsyncTrainer] sample collected 44/64. mq_len: 0
[36m(FullyAsyncTrainer pid=6094)[0m [FullyAsyncTrainer] sample collected 45/64. mq_len: 0
[36m(FullyAsyncTrainer pid=6094)[0m [FullyAsyncTrainer] sample collected 46/64. mq_len: 0
[36m(FullyAsyncTrainer pid=6094)[0m [FullyAsyncTrainer] sample collected 47/64. mq_len: 0
[36m(FullyAsyncTrainer pid=6094)[0m [FullyAsyncTrainer] sample collected 48/64. mq_len: 0
[36m(FullyAsyncTrainer pid=6094)[0m [FullyAsyncTrainer] sample collected 49/64. mq_len: 0
[36m(FullyAsyncRollouter pid=7445)[0m [FullyAsyncRollouter][MonitorLoop][Statistics] {'count/dropped_stale_samples': 0,
[36m(FullyAsyncRollouter pid=7445)[0m  'count/staleness_samples': 65,
[36m(FullyAsyncRollouter pid=7445)[0m  'count/total_generated_samples': 625,
[36m(FullyAsyncRollouter pid=7445)[0m  'monitor/active_tasks_size': 16,
[36m(FullyAsyncRollouter pid=7445)[0m  'monitor/queue/mq_queue_size': 0,
[36m(FullyAsyncRollouter pid=7445)[0m  'monitor/queue/pending_queue_size': 128,
[36m(FullyAsyncRollouter pid=7445)[0m  'static/max_concurrent_samples': 16,
[36m(FullyAsyncRollouter pid=7445)[0m  'static/max_queue_size': 576,
[36m(FullyAsyncRollouter pid=7445)[0m  'static/max_required_samples': 576,
[36m(FullyAsyncRollouter pid=7445)[0m  'static/required_samples': 64,
[36m(FullyAsyncRollouter pid=7445)[0m  'static/staleness_threshold': 8}
[36m(FullyAsyncTrainer pid=6094)[0m [FullyAsyncTrainer] sample collected 50/64. mq_len: 0
[36m(FullyAsyncTrainer pid=6094)[0m [FullyAsyncTrainer] sample collected 51/64. mq_len: 0
[36m(FullyAsyncTrainer pid=6094)[0m [FullyAsyncTrainer] sample collected 52/64. mq_len: 0
[36m(FullyAsyncTrainer pid=6094)[0m [FullyAsyncTrainer] sample collected 53/64. mq_len: 0
[36m(FullyAsyncTrainer pid=6094)[0m [FullyAsyncTrainer] sample collected 54/64. mq_len: 0
[36m(FullyAsyncTrainer pid=6094)[0m [FullyAsyncTrainer] sample collected 55/64. mq_len: 0
[36m(FullyAsyncRollouter pid=7445)[0m [FullyAsyncRollouter][MonitorLoop][Statistics] {'count/dropped_stale_samples': 0,
[36m(FullyAsyncRollouter pid=7445)[0m  'count/staleness_samples': 71,
[36m(FullyAsyncRollouter pid=7445)[0m  'count/total_generated_samples': 631,
[36m(FullyAsyncRollouter pid=7445)[0m  'monitor/active_tasks_size': 16,
[36m(FullyAsyncRollouter pid=7445)[0m  'monitor/queue/mq_queue_size': 0,
[36m(FullyAsyncRollouter pid=7445)[0m  'monitor/queue/pending_queue_size': 128,
[36m(FullyAsyncRollouter pid=7445)[0m  'static/max_concurrent_samples': 16,
[36m(FullyAsyncRollouter pid=7445)[0m  'static/max_queue_size': 576,
[36m(FullyAsyncRollouter pid=7445)[0m  'static/max_required_samples': 576,
[36m(FullyAsyncRollouter pid=7445)[0m  'static/required_samples': 64,
[36m(FullyAsyncRollouter pid=7445)[0m  'static/staleness_threshold': 8}
[36m(FullyAsyncTrainer pid=6094)[0m [FullyAsyncTrainer] sample collected 56/64. mq_len: 0
[36m(FullyAsyncTrainer pid=6094)[0m [FullyAsyncTrainer] sample collected 57/64. mq_len: 0
[36m(FullyAsyncTrainer pid=6094)[0m [FullyAsyncTrainer] sample collected 58/64. mq_len: 0
[36m(FullyAsyncTrainer pid=6094)[0m [FullyAsyncTrainer] sample collected 59/64. mq_len: 0
[36m(FullyAsyncTrainer pid=6094)[0m [FullyAsyncTrainer] sample collected 60/64. mq_len: 0
[36m(FullyAsyncTrainer pid=6094)[0m [FullyAsyncTrainer] sample collected 61/64. mq_len: 0
[36m(FullyAsyncRollouter pid=7445)[0m [FullyAsyncRollouter][MonitorLoop][Statistics] {'count/dropped_stale_samples': 0,
[36m(FullyAsyncRollouter pid=7445)[0m  'count/staleness_samples': 77,
[36m(FullyAsyncRollouter pid=7445)[0m  'count/total_generated_samples': 637,
[36m(FullyAsyncRollouter pid=7445)[0m  'monitor/active_tasks_size': 16,
[36m(FullyAsyncRollouter pid=7445)[0m  'monitor/queue/mq_queue_size': 0,
[36m(FullyAsyncRollouter pid=7445)[0m  'monitor/queue/pending_queue_size': 128,
[36m(FullyAsyncRollouter pid=7445)[0m  'static/max_concurrent_samples': 16,
[36m(FullyAsyncRollouter pid=7445)[0m  'static/max_queue_size': 576,
[36m(FullyAsyncRollouter pid=7445)[0m  'static/max_required_samples': 576,
[36m(FullyAsyncRollouter pid=7445)[0m  'static/required_samples': 64,
[36m(FullyAsyncRollouter pid=7445)[0m  'static/staleness_threshold': 8}
[36m(FullyAsyncTrainer pid=6094)[0m [FullyAsyncTrainer] sample collected 62/64. mq_len: 0
[36m(FullyAsyncTrainer pid=6094)[0m [FullyAsyncTrainer] sample collected 63/64. mq_len: 0
[36m(FullyAsyncTrainer pid=6094)[0m [FullyAsyncTrainer] sample collected 64/64. mq_len: 0
[36m(FullyAsyncTrainer pid=6094)[0m [FullyAsyncTrainer] Collected 64/64 samples. mq_len: 0
[36m(FullyAsyncTrainer pid=6094)[0m [FullyAsyncTrainer] Loop collection completed: 64/64 samples, total wait time: 334.30 seconds. mq_len: 0
[36m(FullyAsyncTrainer pid=6094)[0m [BatchUtils] Assembling batch from 64 RolloutSample objects
[36m(FullyAsyncTrainer pid=6094)[0m [BatchUtils] Batch assembly completed in 0.28s
[36m(FullyAsyncRollouter pid=7445)[0m [FullyAsyncRollouter][MonitorLoop][Statistics] {'count/dropped_stale_samples': 0,
[36m(FullyAsyncRollouter pid=7445)[0m  'count/staleness_samples': 86,
[36m(FullyAsyncRollouter pid=7445)[0m  'count/total_generated_samples': 646,
[36m(FullyAsyncRollouter pid=7445)[0m  'monitor/active_tasks_size': 16,
[36m(FullyAsyncRollouter pid=7445)[0m  'monitor/queue/mq_queue_size': 6,
[36m(FullyAsyncRollouter pid=7445)[0m  'monitor/queue/pending_queue_size': 128,
[36m(FullyAsyncRollouter pid=7445)[0m  'static/max_concurrent_samples': 16,
[36m(FullyAsyncRollouter pid=7445)[0m  'static/max_queue_size': 576,
[36m(FullyAsyncRollouter pid=7445)[0m  'static/max_required_samples': 576,
[36m(FullyAsyncRollouter pid=7445)[0m  'static/required_samples': 64,
[36m(FullyAsyncRollouter pid=7445)[0m  'static/staleness_threshold': 8}
[36m(FullyAsyncRollouter pid=7445)[0m [FullyAsyncRollouter][MonitorLoop][Statistics] {'count/dropped_stale_samples': 0,
[36m(FullyAsyncRollouter pid=7445)[0m  'count/staleness_samples': 90,
[36m(FullyAsyncRollouter pid=7445)[0m  'count/total_generated_samples': 650,
[36m(FullyAsyncRollouter pid=7445)[0m  'monitor/active_tasks_size': 16,
[36m(FullyAsyncRollouter pid=7445)[0m  'monitor/queue/mq_queue_size': 10,
[36m(FullyAsyncRollouter pid=7445)[0m  'monitor/queue/pending_queue_size': 128,
[36m(FullyAsyncRollouter pid=7445)[0m  'static/max_concurrent_samples': 16,
[36m(FullyAsyncRollouter pid=7445)[0m  'static/max_queue_size': 576,
[36m(FullyAsyncRollouter pid=7445)[0m  'static/max_required_samples': 576,
[36m(FullyAsyncRollouter pid=7445)[0m  'static/required_samples': 64,
[36m(FullyAsyncRollouter pid=7445)[0m  'static/staleness_threshold': 8}
[36m(FullyAsyncRollouter pid=7445)[0m [FullyAsyncRollouter][MonitorLoop][Statistics] {'count/dropped_stale_samples': 0,
[36m(FullyAsyncRollouter pid=7445)[0m  'count/staleness_samples': 99,
[36m(FullyAsyncRollouter pid=7445)[0m  'count/total_generated_samples': 659,
[36m(FullyAsyncRollouter pid=7445)[0m  'monitor/active_tasks_size': 16,
[36m(FullyAsyncRollouter pid=7445)[0m  'monitor/queue/mq_queue_size': 19,
[36m(FullyAsyncRollouter pid=7445)[0m  'monitor/queue/pending_queue_size': 128,
[36m(FullyAsyncRollouter pid=7445)[0m  'static/max_concurrent_samples': 16,
[36m(FullyAsyncRollouter pid=7445)[0m  'static/max_queue_size': 576,
[36m(FullyAsyncRollouter pid=7445)[0m  'static/max_required_samples': 576,
[36m(FullyAsyncRollouter pid=7445)[0m  'static/required_samples': 64,
[36m(FullyAsyncRollouter pid=7445)[0m  'static/staleness_threshold': 8}
[36m(FullyAsyncRollouter pid=7445)[0m [FullyAsyncRollouter][MonitorLoop][Statistics] {'count/dropped_stale_samples': 0,
[36m(FullyAsyncRollouter pid=7445)[0m  'count/staleness_samples': 107,
[36m(FullyAsyncRollouter pid=7445)[0m  'count/total_generated_samples': 667,
[36m(FullyAsyncRollouter pid=7445)[0m  'monitor/active_tasks_size': 16,
[36m(FullyAsyncRollouter pid=7445)[0m  'monitor/queue/mq_queue_size': 27,
[36m(FullyAsyncRollouter pid=7445)[0m  'monitor/queue/pending_queue_size': 128,
[36m(FullyAsyncRollouter pid=7445)[0m  'static/max_concurrent_samples': 16,
[36m(FullyAsyncRollouter pid=7445)[0m  'static/max_queue_size': 576,
[36m(FullyAsyncRollouter pid=7445)[0m  'static/max_required_samples': 576,
[36m(FullyAsyncRollouter pid=7445)[0m  'static/required_samples': 64,
[36m(FullyAsyncRollouter pid=7445)[0m  'static/staleness_threshold': 8}
[36m(FullyAsyncRollouter pid=7445)[0m [FullyAsyncRollouter][MonitorLoop][Statistics] {'count/dropped_stale_samples': 0,
[36m(FullyAsyncRollouter pid=7445)[0m  'count/staleness_samples': 114,
[36m(FullyAsyncRollouter pid=7445)[0m  'count/total_generated_samples': 674,
[36m(FullyAsyncRollouter pid=7445)[0m  'monitor/active_tasks_size': 16,
[36m(FullyAsyncRollouter pid=7445)[0m  'monitor/queue/mq_queue_size': 34,
[36m(FullyAsyncRollouter pid=7445)[0m  'monitor/queue/pending_queue_size': 128,
[36m(FullyAsyncRollouter pid=7445)[0m  'static/max_concurrent_samples': 16,
[36m(FullyAsyncRollouter pid=7445)[0m  'static/max_queue_size': 576,
[36m(FullyAsyncRollouter pid=7445)[0m  'static/max_required_samples': 576,
[36m(FullyAsyncRollouter pid=7445)[0m  'static/required_samples': 64,
[36m(FullyAsyncRollouter pid=7445)[0m  'static/staleness_threshold': 8}
[36m(FullyAsyncTrainer pid=6094)[0m [FullyAsyncTrainer] global_steps: 10 local_trigger_step: 1 trigger_parameter_sync_step: 1 01:24:41.413
[36m(vLLMHttpServer pid=9124)[0m (Worker pid=10185) WARNING 08-05 01:24:42 [layerwise.py:225] RotaryEmbedding: Failed to load weights
[36m(vLLMHttpServer pid=9124)[0m (EngineCore pid=9943) WARNING 08-05 01:24:42 [scheduler.py:1919] reset_connector called but no KV connector is configured.
[36m(FullyAsyncTrainer pid=6094)[0m [FullyAsyncTrainer] _fit_update_weights, timing_s/param_sync: 1.4906 seconds self.current_param_version: 10
[36m(FullyAsyncTrainer pid=6094)[0m step:10 - fully_async/rollouter/active_time:659.4309484958649 - fully_async/rollouter/version_time:659.4309484958649 - fully_async/rollouter/idle_ratio:0 - fully_async/rollouter/step_generated_samples:67 - dynamic_resource/rollout_resource_utilization:0.9999996386288033
[36m(FullyAsyncRollouter pid=7445)[0m [FullyAsyncRollouter][RolloutResourceUtilization] raw active_count_history (timestamp, active_count, max_concurrent): [(1785892458.6608908, 15, 16), (1785892458.6610026, 16, 16), (1785892462.5846505, 15, 16), (1785892462.5846844, 16, 16), (1785892477.7517955, 15, 16), (1785892477.7518508, 16, 16), (1785892519.6591294, 15, 16), (1785892519.6591828, 16, 16), (1785892530.5568128, 15, 16), (1785892530.556858, 16, 16), (1785892545.307414, 15, 16), (1785892545.3074765, 16, 16), (1785892554.202358, 15, 16), (1785892554.2023814, 16, 16), (1785892574.8063693, 15, 16), (1785892574.806417, 16, 16), (1785892575.547969, 15, 16), (1785892575.5479982, 16, 16), (1785892576.1420207, 15, 16), (1785892576.142044, 16, 16), (1785892588.9658558, 15, 16), (1785892588.965925, 16, 16), (1785892590.3082662, 15, 16), (1785892590.3082886, 16, 16), (1785892593.2817576, 15, 16), (1785892593.2817824, 16, 16), (1785892616.5354848, 15, 16), (1785892616.5355399, 16, 16), (1785892619.9013975, 15, 16), (1785892619.9014213, 16, 16), (1785892622.2889872, 15, 16), (1785892622.2890103, 16, 16), (1785892625.2514262, 15, 16), (1785892625.2514656, 16, 16), (1785892641.2763844, 15, 16), (1785892641.2764423, 16, 16), (1785892653.6407006, 15, 16), (1785892653.6407695, 16, 16), (1785892660.2377853, 15, 16), (1785892660.2378094, 16, 16), (1785892701.2256598, 15, 16), (1785892701.2257082, 16, 16), (1785892702.2795267, 15, 16), (1785892702.2795563, 16, 16), (1785892706.9488246, 15, 16), (1785892706.9488463, 16, 16), (1785892714.094145, 15, 16), (1785892714.0942154, 16, 16), (1785892746.5159888, 15, 16), (1785892746.5160477, 16, 16), (1785892761.938311, 15, 16), (1785892761.9383705, 16, 16), (1785892763.5101938, 15, 16), (1785892763.510221, 16, 16), (1785892767.7941434, 15, 16), (1785892767.7941706, 16, 16), (1785892770.4061182, 15, 16), (1785892770.4061484, 16, 16), (1785892782.7741475, 15, 16), (1785892782.7742128, 16, 16), (1785892785.5792458, 15, 16), (1785892785.5792687, 16, 16), (1785892793.1009824, 15, 16), (1785892793.101034, 16, 16), (1785892793.5750768, 15, 16), (1785892793.5751054, 16, 16), (1785892795.7372742, 15, 16), (1785892795.7372968, 16, 16), (1785892796.451105, 15, 16), (1785892796.4511297, 16, 16), (1785892798.6021893, 15, 16), (1785892798.602212, 16, 16), (1785892810.878329, 15, 16), (1785892810.8783767, 16, 16), (1785892822.915466, 15, 16), (1785892822.9155169, 16, 16), (1785892852.2678273, 15, 16), (1785892852.2678845, 16, 16), (1785892864.7957864, 15, 16), (1785892864.7958343, 16, 16), (1785892870.7513003, 15, 16), (1785892870.751322, 16, 16), (1785892885.0507746, 15, 16), (1785892885.050823, 16, 16), (1785892899.9885721, 15, 16), (1785892899.9886236, 16, 16), (1785892901.880785, 15, 16), (1785892901.8808055, 16, 16), (1785892918.1934588, 15, 16), (1785892918.1935096, 16, 16), (1785892925.2436965, 15, 16), (1785892925.2437189, 16, 16), (1785892933.1927369, 15, 16), (1785892933.192793, 16, 16), (1785892938.9838696, 15, 16), (1785892938.9839008, 16, 16), (1785892945.3938286, 15, 16), (1785892945.3938918, 16, 16), (1785892948.7787316, 15, 16), (1785892948.7787557, 16, 16), (1785892954.6128654, 15, 16), (1785892954.6128979, 16, 16), (1785892968.924839, 15, 16), (1785892968.9248931, 16, 16), (1785892971.718722, 15, 16), (1785892971.7187426, 16, 16), (1785892971.8750944, 15, 16), (1785892971.8751206, 16, 16), (1785892978.3254716, 15, 16), (1785892978.325504, 16, 16), (1785892993.8423693, 15, 16), (1785892993.8424437, 16, 16), (1785892995.6844034, 15, 16), (1785892995.6844292, 16, 16), (1785893001.328657, 15, 16), (1785893001.3286784, 16, 16), (1785893005.5277314, 15, 16), (1785893005.527787, 16, 16), (1785893037.1247494, 15, 16), (1785893037.1247976, 16, 16), (1785893047.8497825, 15, 16), (1785893047.8498287, 16, 16), (1785893048.765645, 15, 16), (1785893048.7656684, 16, 16), (1785893052.8633902, 15, 16), (1785893052.8634138, 16, 16), (1785893056.753821, 15, 16), (1785893056.7538428, 16, 16), (1785893066.293943, 15, 16), (1785893066.2940006, 16, 16), (1785893076.2662232, 15, 16), (1785893076.2662516, 16, 16), (1785893076.9763315, 15, 16), (1785893076.976379, 16, 16), (1785893118.090817, 15, 16), (1785893118.0918913, 15, 16)]
[36m(FullyAsyncRollouter pid=7445)[0m [FullyAsyncRollouter][Public][reset_staleness] reset staleness_samples to: 51 idle_ratio: 0.0000 step_generated_samples(this_step): 67 rollout_resource_utilization: 1.0000 recent_history(last 10 steps): [(2, 93), (3, 62), (4, 67), (5, 65), (6, 69), (7, 62), (8, 60), (9, 64), (10, 67), (11, 67)]
[36m(FullyAsyncTrainer pid=6094)[0m aggregated metrics done. cost 0.0003 seconds.
[36m(FullyAsyncTrainer pid=6094)[0m step:10 - training/global_step:9.0 - training/epoch:0.0 - fully_async/count/stale_trajectory_processed:2151.0 - fully_async/count/current_param_version:8.0 - fully_async/processing_time/avg:114.18702064534398 - fully_async/processing_time/max:182.59710436995374 - fully_async/processing_time/min:9.219341786985751 - fully_async/processing_time/tp50:122.58538401196711 - fully_async/processing_time/tp99:180.63084077671692 - fully_async/processing_time/tp95:171.91820108580288 - fully_async/monitor/active_tasks_size:16.0 - fully_async/monitor/queue/pending_queue_size:128.0 - fully_async/monitor/queue/mq_queue_size:0.0 - fully_async/count/total_generated_samples:512.0 - fully_async/count/staleness_samples:80.0 - fully_async/count/dropped_stale_samples:0.0 - fully_async/static/max_required_samples:576.0 - fully_async/static/required_samples:64.0 - fully_async/static/staleness_threshold:8.0 - fully_async/static/max_queue_size:576.0 - fully_async/static/max_concurrent_samples:16.0 - fully_async/partial/total_partial_num:101.0 - fully_async/partial/partial_ratio:0.197265625 - fully_async/partial/max_partial_span:1.0 - timing_s/agent_loop/tool_calls/max:0.0 - timing_s/agent_loop/tool_calls/min:0.0 - timing_s/agent_loop/tool_calls/mean:0.0 - fully_async/total_wait_time:287.2821536064148 - actor/pg_clipfrac:0.0002742421757909102 - actor/ppo_kl:0.000758619533766962 - actor/pg_clipfrac_lower:3.36612846813691e-07 - actor/pg_loss:0.0325888074512477 - actor/loss:0.032588809728622437 - actor/grad_norm:0.029546063393354416 - actor/lr:1e-06 - actor/perf/max_memory_allocated_gb:47.62937688827515 - actor/perf/max_memory_reserved_gb:73.1796875 - actor/perf/cpu_memory_used_gb:39.04811096191406 - perf/mfu/actor:0.3142983425918587 - dynamic_resource/train_compute_time_s:274.7927138610394 - dynamic_resource/train_allocated_time_s:585.4645218849182 - critic/score/mean:0.2137974500656128 - critic/score/max:1.0 - critic/score/min:0.0 - critic/rewards/mean:0.2137974500656128 - critic/rewards/max:1.0 - critic/rewards/min:0.0 - critic/advantages/mean:-0.03258209675550461 - critic/advantages/max:2.4748666286468506 - critic/advantages/min:-2.4748666286468506 - critic/returns/mean:-0.03258209675550461 - critic/returns/max:2.4748666286468506 - critic/returns/min:-2.4748666286468506 - response_length/mean:11296.865234375 - response_length/max:16384.0 - response_length/min:933.0 - response_length/clip_ratio:0.10546875 - response_length_non_aborted/mean:11296.865234375 - response_length_non_aborted/max:16384.0 - response_length_non_aborted/min:933.0 - response_length_non_aborted/clip_ratio:0.10546875 - response/aborted_ratio:0.0 - prompt_length/mean:426.625 - prompt_length/max:836.0 - prompt_length/min:99.0 - prompt_length/clip_ratio:0.0 - num_turns/min:2.0 - num_turns/max:2.0 - num_turns/mean:2.0 - timing_s/start_profile:4.8470101319253445e-06 - timing_s/gen:287.68670323799597 - timing_s/reward:3.1307979952543974e-05 - timing_s/adv:0.0107433230150491 - timing_s/update_actor:274.7819392300444 - timing_s/timing_s/param_sync:1.4850893370457925 - timing_s/step:585.46453754697 - timing_s/stop_profile:4.681001883000135e-06 - timing_per_token_ms/adv:1.7898298496673262e-06 - timing_per_token_ms/update_actor:0.04577847247955608 - timing_per_token_ms/gen:0.04973840801003389 - perf/total_num_tokens:6002427.0 - perf/time_per_step:585.46453754697 - perf/throughput:5126.2088607018695 - dynamic_resource/mq_size:33.0 - fully_async/trainer/idle_ratio:0.49138194508478794 - dynamic_resource/train_resource_utilization:0.4693584386229538 - dynamic_resource/rollout_resource_utilization:0.9999996386288033 - dynamic_resource/resource_utilization:0.7346790386258786
[36m(FullyAsyncTrainer pid=6094)[0m Training Progress:  12%|█▎        | 10/80 [1:47:23<12:04:47, 621.25s/it]
[36m(FullyAsyncTrainer pid=6094)[0m [FullyAsyncTrainer] Requesting 64 samples from queue
[36m(FullyAsyncTrainer pid=6094)[0m [FullyAsyncTrainer] sample collected 1/64. mq_len: 35
[36m(FullyAsyncTrainer pid=6094)[0m [FullyAsyncTrainer] sample collected 2/64. mq_len: 34
[36m(FullyAsyncTrainer pid=6094)[0m [FullyAsyncTrainer] sample collected 3/64. mq_len: 33
[36m(FullyAsyncTrainer pid=6094)[0m [FullyAsyncTrainer] sample collected 4/64. mq_len: 32
[36m(FullyAsyncTrainer pid=6094)[0m [FullyAsyncTrainer] sample collected 5/64. mq_len: 31
[36m(FullyAsyncTrainer pid=6094)[0m [FullyAsyncTrainer] sample collected 6/64. mq_len: 30
[36m(FullyAsyncTrainer pid=6094)[0m [FullyAsyncTrainer] sample collected 7/64. mq_len: 29
[36m(FullyAsyncTrainer pid=6094)[0m [FullyAsyncTrainer] sample collected 8/64. mq_len: 28
[36m(FullyAsyncTrainer pid=6094)[0m [FullyAsyncTrainer] sample collected 9/64. mq_len: 27
[36m(FullyAsyncTrainer pid=6094)[0m [FullyAsyncTrainer] sample collected 10/64. mq_len: 26
[36m(FullyAsyncTrainer pid=6094)[0m [FullyAsyncTrainer] sample collected 11/64. mq_len: 25
[36m(FullyAsyncTrainer pid=6094)[0m [FullyAsyncTrainer] sample collected 12/64. mq_len: 24
[36m(FullyAsyncTrainer pid=6094)[0m [FullyAsyncTrainer] sample collected 13/64. mq_len: 23
[36m(FullyAsyncTrainer pid=6094)[0m [FullyAsyncTrainer] sample collected 14/64. mq_len: 22
[36m(FullyAsyncTrainer pid=6094)[0m [FullyAsyncTrainer] sample collected 15/64. mq_len: 21
[36m(FullyAsyncTrainer pid=6094)[0m [FullyAsyncTrainer] sample collected 16/64. mq_len: 20
[36m(FullyAsyncTrainer pid=6094)[0m [FullyAsyncTrainer] sample collected 17/64. mq_len: 19
[36m(FullyAsyncTrainer pid=6094)[0m [FullyAsyncTrainer] sample collected 18/64. mq_len: 18
[36m(FullyAsyncTrainer pid=6094)[0m [FullyAsyncTrainer] sample collected 19/64. mq_len: 17
[36m(FullyAsyncTrainer pid=6094)[0m [FullyAsyncTrainer] sample collected 20/64. mq_len: 16
[36m(FullyAsyncTrainer pid=6094)[0m [FullyAsyncTrainer] sample collected 21/64. mq_len: 15
[36m(FullyAsyncTrainer pid=6094)[0m [FullyAsyncTrainer] sample collected 22/64. mq_len: 14
[36m(FullyAsyncTrainer pid=6094)[0m [FullyAsyncTrainer] sample collected 23/64. mq_len: 13
[36m(FullyAsyncTrainer pid=6094)[0m [FullyAsyncTrainer] sample collected 24/64. mq_len: 12
[36m(FullyAsyncTrainer pid=6094)[0m [FullyAsyncTrainer] sample collected 25/64. mq_len: 11
[36m(FullyAsyncTrainer pid=6094)[0m [FullyAsyncTrainer] sample collected 26/64. mq_len: 10
[36m(FullyAsyncTrainer pid=6094)[0m [FullyAsyncTrainer] sample collected 27/64. mq_len: 9
[36m(FullyAsyncTrainer pid=6094)[0m [FullyAsyncTrainer] sample collected 28/64. mq_len: 8
[36m(FullyAsyncTrainer pid=6094)[0m [FullyAsyncTrainer] sample collected 29/64. mq_len: 7
[36m(FullyAsyncTrainer pid=6094)[0m [FullyAsyncTrainer] sample collected 30/64. mq_len: 6
[36m(FullyAsyncTrainer pid=6094)[0m [FullyAsyncTrainer] sample collected 31/64. mq_len: 5
[36m(FullyAsyncTrainer pid=6094)[0m [FullyAsyncTrainer] sample collected 32/64. mq_len: 4
[36m(FullyAsyncTrainer pid=6094)[0m [FullyAsyncTrainer] sample collected 33/64. mq_len: 3
[36m(FullyAsyncTrainer pid=6094)[0m [FullyAsyncTrainer] sample collected 34/64. mq_len: 2
[36m(FullyAsyncTrainer pid=6094)[0m [FullyAsyncTrainer] sample collected 35/64. mq_len: 1
[36m(FullyAsyncTrainer pid=6094)[0m [FullyAsyncTrainer] sample collected 36/64. mq_len: 0
[36m(FullyAsyncTrainer pid=6094)[0m [FullyAsyncTrainer] sample collected 37/64. mq_len: 0
[36m(FullyAsyncTrainer pid=6094)[0m [FullyAsyncTrainer] sample collected 38/64. mq_len: 0
[36m(FullyAsyncTrainer pid=6094)[0m [FullyAsyncTrainer] sample collected 39/64. mq_len: 0
[36m(FullyAsyncTrainer pid=6094)[0m [FullyAsyncTrainer] sample collected 40/64. mq_len: 0
[36m(FullyAsyncRollouter pid=7445)[0m [FullyAsyncRollouter][MonitorLoop][Statistics] {'count/dropped_stale_samples': 0,
[36m(FullyAsyncRollouter pid=7445)[0m  'count/staleness_samples': 56,
[36m(FullyAsyncRollouter pid=7445)[0m  'count/total_generated_samples': 680,
[36m(FullyAsyncRollouter pid=7445)[0m  'monitor/active_tasks_size': 16,
[36m(FullyAsyncRollouter pid=7445)[0m  'monitor/queue/mq_queue_size': 0,
[36m(FullyAsyncRollouter pid=7445)[0m  'monitor/queue/pending_queue_size': 128,
[36m(FullyAsyncRollouter pid=7445)[0m  'static/max_concurrent_samples': 16,
[36m(FullyAsyncRollouter pid=7445)[0m  'static/max_queue_size': 576,
[36m(FullyAsyncRollouter pid=7445)[0m  'static/max_required_samples': 576,
[36m(FullyAsyncRollouter pid=7445)[0m  'static/required_samples': 64,
[36m(FullyAsyncRollouter pid=7445)[0m  'static/staleness_threshold': 8}
[36m(FullyAsyncTrainer pid=6094)[0m [FullyAsyncTrainer] sample collected 41/64. mq_len: 0
[36m(FullyAsyncTrainer pid=6094)[0m [FullyAsyncTrainer] sample collected 42/64. mq_len: 0
[36m(FullyAsyncTrainer pid=6094)[0m [FullyAsyncTrainer] sample collected 43/64. mq_len: 0
[36m(FullyAsyncTrainer pid=6094)[0m [FullyAsyncTrainer] sample collected 44/64. mq_len: 0
[36m(FullyAsyncTrainer pid=6094)[0m [FullyAsyncTrainer] sample collected 45/64. mq_len: 0
[36m(FullyAsyncTrainer pid=6094)[0m [FullyAsyncTrainer] sample collected 46/64. mq_len: 0
[36m(FullyAsyncRollouter pid=7445)[0m [FullyAsyncRollouter][MonitorLoop][Statistics] {'count/dropped_stale_samples': 0,
[36m(FullyAsyncRollouter pid=7445)[0m  'count/staleness_samples': 62,
[36m(FullyAsyncRollouter pid=7445)[0m  'count/total_generated_samples': 686,
[36m(FullyAsyncRollouter pid=7445)[0m  'monitor/active_tasks_size': 16,
[36m(FullyAsyncRollouter pid=7445)[0m  'monitor/queue/mq_queue_size': 0,
[36m(FullyAsyncRollouter pid=7445)[0m  'monitor/queue/pending_queue_size': 128,
[36m(FullyAsyncRollouter pid=7445)[0m  'static/max_concurrent_samples': 16,
[36m(FullyAsyncRollouter pid=7445)[0m  'static/max_queue_size': 576,
[36m(FullyAsyncRollouter pid=7445)[0m  'static/max_required_samples': 576,
[36m(FullyAsyncRollouter pid=7445)[0m  'static/required_samples': 64,
[36m(FullyAsyncRollouter pid=7445)[0m  'static/staleness_threshold': 8}
[36m(FullyAsyncTrainer pid=6094)[0m [FullyAsyncTrainer] sample collected 47/64. mq_len: 0
[36m(FullyAsyncTrainer pid=6094)[0m [FullyAsyncTrainer] sample collected 48/64. mq_len: 0
[36m(FullyAsyncTrainer pid=6094)[0m [FullyAsyncTrainer] sample collected 49/64. mq_len: 0
[36m(FullyAsyncTrainer pid=6094)[0m [FullyAsyncTrainer] sample collected 50/64. mq_len: 0
[36m(FullyAsyncTrainer pid=6094)[0m [FullyAsyncTrainer] sample collected 51/64. mq_len: 0
[36m(FullyAsyncTrainer pid=6094)[0m [FullyAsyncTrainer] sample collected 52/64. mq_len: 0
[36m(FullyAsyncTrainer pid=6094)[0m [FullyAsyncTrainer] sample collected 53/64. mq_len: 0
[36m(FullyAsyncTrainer pid=6094)[0m [FullyAsyncTrainer] sample collected 54/64. mq_len: 0
[36m(FullyAsyncTrainer pid=6094)[0m [FullyAsyncTrainer] sample collected 55/64. mq_len: 0
[36m(FullyAsyncRollouter pid=7445)[0m [FullyAsyncRollouter][MonitorLoop][Statistics] {'count/dropped_stale_samples': 0,
[36m(FullyAsyncRollouter pid=7445)[0m  'count/staleness_samples': 71,
[36m(FullyAsyncRollouter pid=7445)[0m  'count/total_generated_samples': 695,
[36m(FullyAsyncRollouter pid=7445)[0m  'monitor/active_tasks_size': 16,
[36m(FullyAsyncRollouter pid=7445)[0m  'monitor/queue/mq_queue_size': 0,
[36m(FullyAsyncRollouter pid=7445)[0m  'monitor/queue/pending_queue_size': 128,
[36m(FullyAsyncRollouter pid=7445)[0m  'static/max_concurrent_samples': 16,
[36m(FullyAsyncRollouter pid=7445)[0m  'static/max_queue_size': 576,
[36m(FullyAsyncRollouter pid=7445)[0m  'static/max_required_samples': 576,
[36m(FullyAsyncRollouter pid=7445)[0m  'static/required_samples': 64,
[36m(FullyAsyncRollouter pid=7445)[0m  'static/staleness_threshold': 8}
[36m(FullyAsyncTrainer pid=6094)[0m [FullyAsyncTrainer] sample collected 56/64. mq_len: 0
[36m(FullyAsyncTrainer pid=6094)[0m [FullyAsyncTrainer] sample collected 57/64. mq_len: 0
[36m(FullyAsyncTrainer pid=6094)[0m [FullyAsyncTrainer] sample collected 58/64. mq_len: 0
[36m(FullyAsyncTrainer pid=6094)[0m [FullyAsyncTrainer] sample collected 59/64. mq_len: 0
[36m(FullyAsyncTrainer pid=6094)[0m [FullyAsyncTrainer] sample collected 60/64. mq_len: 0
[36m(MessageQueue pid=12602)[0m MessageQueue stats: produced=700, queue_size=1
[36m(FullyAsyncTrainer pid=6094)[0m [FullyAsyncTrainer] sample collected 61/64. mq_len: 0
[36m(FullyAsyncRollouter pid=7445)[0m [FullyAsyncRollouter][MonitorLoop][Statistics] {'count/dropped_stale_samples': 0,
[36m(FullyAsyncRollouter pid=7445)[0m  'count/staleness_samples': 77,
[36m(FullyAsyncRollouter pid=7445)[0m  'count/total_generated_samples': 701,
[36m(FullyAsyncRollouter pid=7445)[0m  'monitor/active_tasks_size': 16,
[36m(FullyAsyncRollouter pid=7445)[0m  'monitor/queue/mq_queue_size': 0,
[36m(FullyAsyncRollouter pid=7445)[0m  'monitor/queue/pending_queue_size': 128,
[36m(FullyAsyncRollouter pid=7445)[0m  'static/max_concurrent_samples': 16,
[36m(FullyAsyncRollouter pid=7445)[0m  'static/max_queue_size': 576,
[36m(FullyAsyncRollouter pid=7445)[0m  'static/max_required_samples': 576,
[36m(FullyAsyncRollouter pid=7445)[0m  'static/required_samples': 64,
[36m(FullyAsyncRollouter pid=7445)[0m  'static/staleness_threshold': 8}
[36m(FullyAsyncTrainer pid=6094)[0m [FullyAsyncTrainer] sample collected 62/64. mq_len: 0
[36m(FullyAsyncTrainer pid=6094)[0m [FullyAsyncTrainer] sample collected 63/64. mq_len: 0
[36m(FullyAsyncTrainer pid=6094)[0m [FullyAsyncTrainer] sample collected 64/64. mq_len: 0
[36m(FullyAsyncTrainer pid=6094)[0m [FullyAsyncTrainer] Collected 64/64 samples. mq_len: 0
[36m(FullyAsyncTrainer pid=6094)[0m [FullyAsyncTrainer] Loop collection completed: 64/64 samples, total wait time: 273.52 seconds. mq_len: 0
[36m(FullyAsyncTrainer pid=6094)[0m [BatchUtils] Assembling batch from 64 RolloutSample objects
[36m(FullyAsyncTrainer pid=6094)[0m [BatchUtils] Batch assembly completed in 0.28s
[36m(FullyAsyncRollouter pid=7445)[0m [FullyAsyncRollouter][MonitorLoop][Statistics] {'count/dropped_stale_samples': 0,
[36m(FullyAsyncRollouter pid=7445)[0m  'count/staleness_samples': 86,
[36m(FullyAsyncRollouter pid=7445)[0m  'count/total_generated_samples': 710,
[36m(FullyAsyncRollouter pid=7445)[0m  'monitor/active_tasks_size': 16,
[36m(FullyAsyncRollouter pid=7445)[0m  'monitor/queue/mq_queue_size': 6,
[36m(FullyAsyncRollouter pid=7445)[0m  'monitor/queue/pending_queue_size': 128,
[36m(FullyAsyncRollouter pid=7445)[0m  'static/max_concurrent_samples': 16,
[36m(FullyAsyncRollouter pid=7445)[0m  'static/max_queue_size': 576,
[36m(FullyAsyncRollouter pid=7445)[0m  'static/max_required_samples': 576,
[36m(FullyAsyncRollouter pid=7445)[0m  'static/required_samples': 64,
[36m(FullyAsyncRollouter pid=7445)[0m  'static/staleness_threshold': 8}
[36m(FullyAsyncRollouter pid=7445)[0m [FullyAsyncRollouter][MonitorLoop][Statistics] {'count/dropped_stale_samples': 0,
[36m(FullyAsyncRollouter pid=7445)[0m  'count/staleness_samples': 90,
[36m(FullyAsyncRollouter pid=7445)[0m  'count/total_generated_samples': 714,
[36m(FullyAsyncRollouter pid=7445)[0m  'monitor/active_tasks_size': 16,
[36m(FullyAsyncRollouter pid=7445)[0m  'monitor/queue/mq_queue_size': 10,
[36m(FullyAsyncRollouter pid=7445)[0m  'monitor/queue/pending_queue_size': 128,
[36m(FullyAsyncRollouter pid=7445)[0m  'static/max_concurrent_samples': 16,
[36m(FullyAsyncRollouter pid=7445)[0m  'static/max_queue_size': 576,
[36m(FullyAsyncRollouter pid=7445)[0m  'static/max_required_samples': 576,
[36m(FullyAsyncRollouter pid=7445)[0m  'static/required_samples': 64,
[36m(FullyAsyncRollouter pid=7445)[0m  'static/staleness_threshold': 8}
[36m(FullyAsyncRollouter pid=7445)[0m [FullyAsyncRollouter][MonitorLoop][Statistics] {'count/dropped_stale_samples': 0,
[36m(FullyAsyncRollouter pid=7445)[0m  'count/staleness_samples': 96,
[36m(FullyAsyncRollouter pid=7445)[0m  'count/total_generated_samples': 720,
[36m(FullyAsyncRollouter pid=7445)[0m  'monitor/active_tasks_size': 16,
[36m(FullyAsyncRollouter pid=7445)[0m  'monitor/queue/mq_queue_size': 16,
[36m(FullyAsyncRollouter pid=7445)[0m  'monitor/queue/pending_queue_size': 128,
[36m(FullyAsyncRollouter pid=7445)[0m  'static/max_concurrent_samples': 16,
[36m(FullyAsyncRollouter pid=7445)[0m  'static/max_queue_size': 576,
[36m(FullyAsyncRollouter pid=7445)[0m  'static/max_required_samples': 576,
[36m(FullyAsyncRollouter pid=7445)[0m  'static/required_samples': 64,
[36m(FullyAsyncRollouter pid=7445)[0m  'static/staleness_threshold': 8}
[36m(FullyAsyncRollouter pid=7445)[0m [FullyAsyncRollouter][MonitorLoop][Statistics] {'count/dropped_stale_samples': 0,
[36m(FullyAsyncRollouter pid=7445)[0m  'count/staleness_samples': 104,
[36m(FullyAsyncRollouter pid=7445)[0m  'count/total_generated_samples': 728,
[36m(FullyAsyncRollouter pid=7445)[0m  'monitor/active_tasks_size': 16,
[36m(FullyAsyncRollouter pid=7445)[0m  'monitor/queue/mq_queue_size': 24,
[36m(FullyAsyncRollouter pid=7445)[0m  'monitor/queue/pending_queue_size': 128,
[36m(FullyAsyncRollouter pid=7445)[0m  'static/max_concurrent_samples': 16,
[36m(FullyAsyncRollouter pid=7445)[0m  'static/max_queue_size': 576,
[36m(FullyAsyncRollouter pid=7445)[0m  'static/max_required_samples': 576,
[36m(FullyAsyncRollouter pid=7445)[0m  'static/required_samples': 64,
[36m(FullyAsyncRollouter pid=7445)[0m  'static/staleness_threshold': 8}
[36m(FullyAsyncTrainer pid=6094)[0m [FullyAsyncTrainer] global_steps: 11 local_trigger_step: 1 trigger_parameter_sync_step: 1 01:34:23.474
[36m(vLLMHttpServer pid=9124)[0m (Worker pid=10185) WARNING 08-05 01:34:24 [layerwise.py:225] RotaryEmbedding: Failed to load weights
[36m(vLLMHttpServer pid=9124)[0m (EngineCore pid=9943) WARNING 08-05 01:34:24 [scheduler.py:1919] reset_connector called but no KV connector is configured.
[36m(FullyAsyncTrainer pid=6094)[0m [FullyAsyncTrainer] _fit_update_weights, timing_s/param_sync: 1.5325 seconds self.current_param_version: 11
[36m(FullyAsyncTrainer pid=6094)[0m step:11 - fully_async/rollouter/active_time:556.2611882686615 - fully_async/rollouter/version_time:556.2611882686615 - fully_async/rollouter/idle_ratio:0 - fully_async/rollouter/step_generated_samples:55 - dynamic_resource/rollout_resource_utilization:0.9999996105819278
[36m(FullyAsyncRollouter pid=7445)[0m [FullyAsyncRollouter][RolloutResourceUtilization] raw active_count_history (timestamp, active_count, max_concurrent): [(1785893118.0921774, 15, 16), (1785893118.0922952, 16, 16), (1785893121.4832666, 15, 16), (1785893121.483291, 16, 16), (1785893123.4983797, 15, 16), (1785893123.4984035, 16, 16), (1785893137.524955, 15, 16), (1785893137.5250058, 16, 16), (1785893141.050793, 15, 16), (1785893141.0508163, 16, 16), (1785893155.6688802, 15, 16), (1785893155.668934, 16, 16), (1785893168.140743, 15, 16), (1785893168.140792, 16, 16), (1785893177.0957818, 15, 16), (1785893177.095807, 16, 16), (1785893185.335586, 15, 16), (1785893185.3356414, 16, 16), (1785893187.2189605, 15, 16), (1785893187.2189875, 16, 16), (1785893204.6050909, 15, 16), (1785893204.605146, 16, 16), (1785893217.9772599, 15, 16), (1785893217.9773078, 16, 16), (1785893227.1103845, 15, 16), (1785893227.1104064, 16, 16), (1785893248.7182512, 15, 16), (1785893248.7183006, 16, 16), (1785893251.0482454, 15, 16), (1785893251.0482678, 16, 16), (1785893251.2642694, 15, 16), (1785893251.2642913, 16, 16), (1785893259.165383, 15, 16), (1785893259.16543, 16, 16), (1785893261.7141228, 15, 16), (1785893261.7141466, 16, 16), (1785893271.9497972, 15, 16), (1785893271.9498456, 16, 16), (1785893280.400111, 15, 16), (1785893280.400134, 16, 16), (1785893287.4203365, 15, 16), (1785893287.4203856, 16, 16), (1785893309.5654497, 15, 16), (1785893309.5655038, 16, 16), (1785893319.3910966, 15, 16), (1785893319.39112, 16, 16), (1785893322.639699, 15, 16), (1785893322.6397483, 16, 16), (1785893331.8400605, 15, 16), (1785893331.840082, 16, 16), (1785893356.1096635, 15, 16), (1785893356.1097114, 16, 16), (1785893375.3859682, 15, 16), (1785893375.386017, 16, 16), (1785893378.1360426, 15, 16), (1785893378.1360695, 16, 16), (1785893391.7607706, 15, 16), (1785893391.7608178, 16, 16), (1785893402.9911222, 15, 16), (1785893402.991174, 16, 16), (1785893410.273927, 15, 16), (1785893410.273953, 16, 16), (1785893412.887774, 15, 16), (1785893412.8878007, 16, 16), (1785893427.6659575, 15, 16), (1785893427.666018, 16, 16), (1785893431.1801362, 15, 16), (1785893431.180163, 16, 16), (1785893431.5351794, 15, 16), (1785893431.5352051, 16, 16), (1785893453.458292, 15, 16), (1785893453.458343, 16, 16), (1785893478.6194859, 15, 16), (1785893478.6195433, 16, 16), (1785893492.6847558, 15, 16), (1785893492.6848104, 16, 16), (1785893500.429756, 15, 16), (1785893500.4297783, 16, 16), (1785893503.8078334, 15, 16), (1785893503.8078904, 16, 16), (1785893515.0027888, 15, 16), (1785893515.0028405, 16, 16), (1785893532.6068833, 15, 16), (1785893532.6069412, 16, 16), (1785893533.4376771, 15, 16), (1785893533.4377062, 16, 16), (1785893544.1205194, 15, 16), (1785893544.1205778, 16, 16), (1785893555.2954001, 15, 16), (1785893555.2954662, 16, 16), (1785893569.3926616, 15, 16), (1785893569.3927195, 16, 16), (1785893577.4890027, 15, 16), (1785893577.4890275, 16, 16), (1785893583.6041224, 15, 16), (1785893583.6041756, 16, 16), (1785893586.1417475, 15, 16), (1785893586.14177, 16, 16), (1785893591.9561028, 15, 16), (1785893591.9561307, 16, 16), (1785893594.041988, 15, 16), (1785893594.0420344, 16, 16), (1785893614.9402823, 15, 16), (1785893614.9403284, 16, 16), (1785893636.2915606, 15, 16), (1785893636.2916076, 16, 16), (1785893654.3953967, 15, 16), (1785893654.3954556, 16, 16), (1785893662.386844, 15, 16), (1785893662.386882, 16, 16), (1785893674.3522785, 15, 16), (1785893674.3534188, 15, 16)]
[36m(FullyAsyncRollouter pid=7445)[0m [FullyAsyncRollouter][Public][reset_staleness] reset staleness_samples to: 42 idle_ratio: 0.0000 step_generated_samples(this_step): 55 rollout_resource_utilization: 1.0000 recent_history(last 10 steps): [(3, 62), (4, 67), (5, 65), (6, 69), (7, 62), (8, 60), (9, 64), (10, 67), (11, 67), (12, 55)]
[36m(FullyAsyncTrainer pid=6094)[0m aggregated metrics done. cost 0.0003 seconds.
[36m(FullyAsyncTrainer pid=6094)[0m step:11 - training/global_step:10.0 - training/epoch:0.0 - fully_async/count/stale_trajectory_processed:2426.0 - fully_async/count/current_param_version:9.0 - fully_async/processing_time/avg:121.1491616577971 - fully_async/processing_time/max:203.4694098039763 - fully_async/processing_time/min:8.916039795964025 - fully_async/processing_time/tp50:131.42724563149386 - fully_async/processing_time/tp99:200.06225874260414 - fully_async/processing_time/tp95:177.3901774985221 - fully_async/monitor/active_tasks_size:16.0 - fully_async/monitor/queue/pending_queue_size:128.0 - fully_async/monitor/queue/mq_queue_size:0.0 - fully_async/count/total_generated_samples:576.0 - fully_async/count/staleness_samples:80.0 - fully_async/count/dropped_stale_samples:0.0 - fully_async/static/max_required_samples:576.0 - fully_async/static/required_samples:64.0 - fully_async/static/staleness_threshold:8.0 - fully_async/static/max_queue_size:576.0 - fully_async/static/max_concurrent_samples:16.0 - fully_async/partial/total_partial_num:109.0 - fully_async/partial/partial_ratio:0.212890625 - fully_async/partial/max_partial_span:1.0 - timing_s/agent_loop/tool_calls/max:0.0 - timing_s/agent_loop/tool_calls/min:0.0 - timing_s/agent_loop/tool_calls/mean:0.0 - fully_async/total_wait_time:334.30088472366333 - actor/pg_clipfrac:0.0003382024845959867 - actor/ppo_kl:0.0007539663930254116 - actor/pg_clipfrac_lower:0.0 - actor/pg_loss:0.03550249279214768 - actor/loss:0.035502489656209946 - actor/grad_norm:0.032516319304704666 - actor/lr:1e-06 - actor/perf/max_memory_allocated_gb:47.62937688827515 - actor/perf/max_memory_reserved_gb:73.1796875 - actor/perf/cpu_memory_used_gb:39.44575500488281 - perf/mfu/actor:0.3139238084088862 - dynamic_resource/train_compute_time_s:287.85303662199294 - dynamic_resource/train_allocated_time_s:659.28280210495 - critic/score/mean:0.196916863322258 - critic/score/max:1.0 - critic/score/min:0.0 - critic/rewards/mean:0.196916863322258 - critic/rewards/max:1.0 - critic/rewards/min:0.0 - critic/advantages/mean:-0.03548504412174225 - critic/advantages/max:2.4748666286468506 - critic/advantages/min:-2.474865674972534 - critic/returns/mean:-0.03548504412174225 - critic/returns/max:2.4748666286468506 - critic/returns/min:-2.474865674972534 - response_length/mean:11707.083984375 - response_length/max:16384.0 - response_length/min:905.0 - response_length/clip_ratio:0.09765625 - response_length_non_aborted/mean:11707.083984375 - response_length_non_aborted/max:16384.0 - response_length_non_aborted/min:905.0 - response_length_non_aborted/clip_ratio:0.09765625 - response/aborted_ratio:0.0 - prompt_length/mean:482.546875 - prompt_length/max:1027.0 - prompt_length/min:131.0 - prompt_length/clip_ratio:0.0 - num_turns/min:2.0 - num_turns/max:2.0 - num_turns/mean:2.0 - timing_s/start_profile:4.978966899216175e-06 - timing_s/gen:334.7485474590212 - timing_s/reward:2.19969660975039e-05 - timing_s/adv:0.011036952026188374 - timing_s/update_actor:287.84197767300066 - timing_s/timing_s/param_sync:1.490579585020896 - timing_s/step:659.2828201030497 - timing_s/stop_profile:4.273024387657642e-06 - timing_per_token_ms/adv:1.7684331194959942e-06 - timing_per_token_ms/update_actor:0.04612045837386455 - timing_per_token_ms/gen:0.055847020285197446 - perf/total_num_tokens:6241091.0 - perf/time_per_step:659.2828201030497 - perf/throughput:4733.242555163565 - dynamic_resource/mq_size:36.0 - fully_async/trainer/idle_ratio:0.5077465046134496 - dynamic_resource/train_resource_utilization:0.43661541860782555 - dynamic_resource/rollout_resource_utilization:0.9999996105819278 - dynamic_resource/resource_utilization:0.7183075145948766
[36m(FullyAsyncTrainer pid=6094)[0m [FullyAsyncTrainer] Requesting 64 samples from queue
[36m(FullyAsyncTrainer pid=6094)[0m [FullyAsyncTrainer] sample collected 1/64. mq_len: 26
[36m(FullyAsyncTrainer pid=6094)[0m [FullyAsyncTrainer] sample collected 2/64. mq_len: 25
[36m(FullyAsyncTrainer pid=6094)[0m [FullyAsyncTrainer] sample collected 3/64. mq_len: 24
[36m(FullyAsyncTrainer pid=6094)[0m [FullyAsyncTrainer] sample collected 4/64. mq_len: 23
[36m(FullyAsyncTrainer pid=6094)[0m [FullyAsyncTrainer] sample collected 5/64. mq_len: 22
[36m(FullyAsyncTrainer pid=6094)[0m Training Progress:  14%|█▍        | 11/80 [1:56:40<11:31:33, 601.36s/it]
[36m(FullyAsyncTrainer pid=6094)[0m [FullyAsyncTrainer] sample collected 6/64. mq_len: 21
[36m(FullyAsyncTrainer pid=6094)[0m [FullyAsyncTrainer] sample collected 7/64. mq_len: 20
[36m(FullyAsyncTrainer pid=6094)[0m [FullyAsyncTrainer] sample collected 8/64. mq_len: 19
[36m(FullyAsyncTrainer pid=6094)[0m [FullyAsyncTrainer] sample collected 9/64. mq_len: 18
[36m(FullyAsyncTrainer pid=6094)[0m [FullyAsyncTrainer] sample collected 10/64. mq_len: 17
[36m(FullyAsyncTrainer pid=6094)[0m [FullyAsyncTrainer] sample collected 11/64. mq_len: 16
[36m(FullyAsyncTrainer pid=6094)[0m [FullyAsyncTrainer] sample collected 12/64. mq_len: 15
[36m(FullyAsyncTrainer pid=6094)[0m [FullyAsyncTrainer] sample collected 13/64. mq_len: 14
[36m(FullyAsyncTrainer pid=6094)[0m [FullyAsyncTrainer] sample collected 14/64. mq_len: 13
[36m(FullyAsyncTrainer pid=6094)[0m [FullyAsyncTrainer] sample collected 15/64. mq_len: 12
[36m(FullyAsyncTrainer pid=6094)[0m [FullyAsyncTrainer] sample collected 16/64. mq_len: 11
[36m(FullyAsyncTrainer pid=6094)[0m [FullyAsyncTrainer] sample collected 17/64. mq_len: 10
[36m(FullyAsyncTrainer pid=6094)[0m [FullyAsyncTrainer] sample collected 18/64. mq_len: 9
[36m(FullyAsyncTrainer pid=6094)[0m [FullyAsyncTrainer] sample collected 19/64. mq_len: 8
[36m(FullyAsyncTrainer pid=6094)[0m [FullyAsyncTrainer] sample collected 20/64. mq_len: 7
[36m(FullyAsyncTrainer pid=6094)[0m [FullyAsyncTrainer] sample collected 21/64. mq_len: 6
[36m(FullyAsyncTrainer pid=6094)[0m [FullyAsyncTrainer] sample collected 22/64. mq_len: 5
[36m(FullyAsyncTrainer pid=6094)[0m [FullyAsyncTrainer] sample collected 23/64. mq_len: 4
[36m(FullyAsyncTrainer pid=6094)[0m [FullyAsyncTrainer] sample collected 24/64. mq_len: 3
[36m(FullyAsyncTrainer pid=6094)[0m [FullyAsyncTrainer] sample collected 25/64. mq_len: 2
[36m(FullyAsyncTrainer pid=6094)[0m [FullyAsyncTrainer] sample collected 26/64. mq_len: 1
[36m(FullyAsyncTrainer pid=6094)[0m [FullyAsyncTrainer] sample collected 27/64. mq_len: 0
[36m(FullyAsyncTrainer pid=6094)[0m [FullyAsyncTrainer] sample collected 28/64. mq_len: 0
[36m(FullyAsyncTrainer pid=6094)[0m [FullyAsyncTrainer] sample collected 29/64. mq_len: 0
[36m(FullyAsyncTrainer pid=6094)[0m [FullyAsyncTrainer] sample collected 30/64. mq_len: 0
[36m(FullyAsyncTrainer pid=6094)[0m [FullyAsyncTrainer] sample collected 31/64. mq_len: 0
[36m(FullyAsyncTrainer pid=6094)[0m [FullyAsyncTrainer] sample collected 32/64. mq_len: 0
[36m(FullyAsyncTrainer pid=6094)[0m [FullyAsyncTrainer] sample collected 33/64. mq_len: 0
[36m(FullyAsyncTrainer pid=6094)[0m [FullyAsyncTrainer] sample collected 34/64. mq_len: 0
[36m(FullyAsyncTrainer pid=6094)[0m [FullyAsyncTrainer] sample collected 35/64. mq_len: 0
[36m(FullyAsyncRollouter pid=7445)[0m [FullyAsyncRollouter][MonitorLoop][Statistics] {'count/dropped_stale_samples': 0,
[36m(FullyAsyncRollouter pid=7445)[0m  'count/staleness_samples': 51,
[36m(FullyAsyncRollouter pid=7445)[0m  'count/total_generated_samples': 739,
[36m(FullyAsyncRollouter pid=7445)[0m  'monitor/active_tasks_size': 16,
[36m(FullyAsyncRollouter pid=7445)[0m  'monitor/queue/mq_queue_size': 0,
[36m(FullyAsyncRollouter pid=7445)[0m  'monitor/queue/pending_queue_size': 128,
[36m(FullyAsyncRollouter pid=7445)[0m  'static/max_concurrent_samples': 16,
[36m(FullyAsyncRollouter pid=7445)[0m  'static/max_queue_size': 576,
[36m(FullyAsyncRollouter pid=7445)[0m  'static/max_required_samples': 576,
[36m(FullyAsyncRollouter pid=7445)[0m  'static/required_samples': 64,
[36m(FullyAsyncRollouter pid=7445)[0m  'static/staleness_threshold': 8}
[36m(vLLMHttpServer pid=9124)[0m (Worker pid=10185) WARNING 08-05 01:35:38 [multiproc_executor.py:884] WorkerProc was terminated
Traceback (most recent call last):
  File "<frozen runpy>", line 198, in _run_module_as_main
  File "<frozen runpy>", line 88, in _run_code
  File "/workspace/verl-src/verl/experimental/fully_async_policy/fully_async_main.py", line 243, in <module>
    main()
  File "/usr/local/lib/python3.12/dist-packages/hydra/main.py", line 94, in decorated_main
    _run_hydra(
  File "/usr/local/lib/python3.12/dist-packages/hydra/_internal/utils.py", line 394, in _run_hydra
    _run_app(
  File "/usr/local/lib/python3.12/dist-packages/hydra/_internal/utils.py", line 457, in _run_app
    run_and_report(
  File "/usr/local/lib/python3.12/dist-packages/hydra/_internal/utils.py", line 220, in run_and_report
    return func()
           ^^^^^^
  File "/usr/local/lib/python3.12/dist-packages/hydra/_internal/utils.py", line 458, in <lambda>
    lambda: hydra.run(
            ^^^^^^^^^^
  File "/usr/local/lib/python3.12/dist-packages/hydra/_internal/hydra.py", line 119, in run
    ret = run_job(
          ^^^^^^^^
  File "/usr/local/lib/python3.12/dist-packages/hydra/core/utils.py", line 186, in run_job
    ret.return_value = task_function(task_cfg)
                       ^^^^^^^^^^^^^^^^^^^^^^^
  File "/workspace/verl-src/verl/experimental/fully_async_policy/fully_async_main.py", line 238, in main
    run_ppo(config, task_runner_class=FullyAsyncTaskRunner)
  File "/workspace/verl-src/verl/trainer/main_ppo.py", line 94, in run_ppo
    ray.get(runner.run.remote(config))
  File "/usr/local/lib/python3.12/dist-packages/ray/_private/auto_init_hook.py", line 22, in auto_init_wrapper
    return fn(*args, **kwargs)
           ^^^^^^^^^^^^^^^^^^^
  File "/usr/local/lib/python3.12/dist-packages/ray/_private/client_mode_hook.py", line 107, in wrapper
    return func(*args, **kwargs)
           ^^^^^^^^^^^^^^^^^^^^^
  File "/usr/local/lib/python3.12/dist-packages/ray/_private/worker.py", line 2980, in get
    values, debugger_breakpoint = worker.get_objects(
                                  ^^^^^^^^^^^^^^^^^^^
  File "/usr/local/lib/python3.12/dist-packages/ray/_private/worker.py", line 993, in get_objects
    ] = self.core_worker.get_objects(
        ^^^^^^^^^^^^^^^^^^^^^^^^^^^^^
  File "python/ray/_raylet.pyx", line 3012, in ray._raylet.CoreWorker.get_objects
  File "python/ray/includes/common.pxi", line 104, in ray._raylet.check_status
KeyboardInterrupt
+ TRAIN_RC=124
+ set -e
+ '[' 124 = 124 ']'
