ray init kwargs: {'num_cpus': None, 'runtime_env': {'env_vars': {'TOKENIZERS_PARALLELISM': 'true', 'NCCL_DEBUG': 'WARN', 'VLLM_LOGGING_LEVEL': 'WARN', 'VLLM_ALLOW_RUNTIME_LORA_UPDATING': 'true', 'VLLM_DISABLE_COMPILE_CACHE': '1', 'HCCL_HOST_SOCKET_PORT_RANGE': 'auto', 'HCCL_NPU_SOCKET_PORT_RANGE': 'auto', 'HSA_NO_SCRATCH_RECLAIM': '1', 'PYTHONHASHSEED': '0', 'VERL_FULL_DETERMINISM': '0', 'VLLM_BATCH_INVARIANT': '0', 'VERL_RL_INSIGHT_ENABLE': '0'}, 'working_dir': None}}
2026-07-26 02:58:13,654	INFO worker.py:2003 -- Started a local Ray instance. View the dashboard at [1m[32mhttp://127.0.0.1:8265 [39m[22m
/usr/local/lib/python3.12/dist-packages/ray/_private/worker.py:2051: FutureWarning: Tip: In future versions of Ray, Ray will no longer override accelerator visible devices env var if num_gpus=0 or num_gpus=None (default). To enable this behavior and turn off this error message, set RAY_ACCEL_ENV_VAR_OVERRIDE_ON_ZERO=0
  warnings.warn(
[36m(pid=14109)[0m WARNING:2026-07-26 02:58:21,068:Platform 'nvidia' (PlatformCUDA) is registered but not available. This may be due to this ray actor being a CPU-only actor.
[36m(pid=14109)[0m W0726 02:58:21.988000 14109 torch/utils/cpp_extension.py:140] No CUDA runtime is found, using CUDA_HOME='/usr/local/cuda'
[36m(FullyAsyncTaskRunner pid=14109)[0m [ASYNC MAIN] Starting fully async PPO training...
[36m(FullyAsyncTaskRunner pid=14109)[0m [ASYNC MAIN] TaskRunner hostname: async-longcot-mm77v, PID: 14109
[36m(FullyAsyncTaskRunner pid=14109)[0m {'actor_rollout_ref': {'actor': {'_target_': 'verl.workers.config.FSDPActorConfig',
[36m(FullyAsyncTaskRunner pid=14109)[0m                                  'calculate_entropy': False,
[36m(FullyAsyncTaskRunner pid=14109)[0m                                  'calculate_sum_pi_squared': False,
[36m(FullyAsyncTaskRunner pid=14109)[0m                                  'checkpoint': {'_target_': 'verl.trainer.config.CheckpointConfig',
[36m(FullyAsyncTaskRunner pid=14109)[0m                                                 'async_save': False,
[36m(FullyAsyncTaskRunner pid=14109)[0m                                                 'load_contents': ['model',
[36m(FullyAsyncTaskRunner pid=14109)[0m                                                                   'optimizer',
[36m(FullyAsyncTaskRunner pid=14109)[0m                                                                   'extra'],
[36m(FullyAsyncTaskRunner pid=14109)[0m                                                 'save_contents': ['model',
[36m(FullyAsyncTaskRunner pid=14109)[0m                                                                   'optimizer',
[36m(FullyAsyncTaskRunner pid=14109)[0m                                                                   'extra'],
[36m(FullyAsyncTaskRunner pid=14109)[0m                                                 'strict': True},
[36m(FullyAsyncTaskRunner pid=14109)[0m                                  'clip_ratio': 0.2,
[36m(FullyAsyncTaskRunner pid=14109)[0m                                  'clip_ratio_c': 3.0,
[36m(FullyAsyncTaskRunner pid=14109)[0m                                  'clip_ratio_high': 0.2,
[36m(FullyAsyncTaskRunner pid=14109)[0m                                  'clip_ratio_low': 0.2,
[36m(FullyAsyncTaskRunner pid=14109)[0m                                  'data_loader_seed': 42,
[36m(FullyAsyncTaskRunner pid=14109)[0m                                  'entropy_checkpointing': False,
[36m(FullyAsyncTaskRunner pid=14109)[0m                                  'entropy_coeff': 0,
[36m(FullyAsyncTaskRunner pid=14109)[0m                                  'entropy_from_logits_chunk_size': 2048,
[36m(FullyAsyncTaskRunner pid=14109)[0m                                  'entropy_from_logits_with_chunking': False,
[36m(FullyAsyncTaskRunner pid=14109)[0m                                  'freeze_vision_tower': False,
[36m(FullyAsyncTaskRunner pid=14109)[0m                                  'fsdp_config': {'_target_': 'verl.workers.config.FSDPEngineConfig',
[36m(FullyAsyncTaskRunner pid=14109)[0m                                                  'dtype': 'bfloat16',
[36m(FullyAsyncTaskRunner pid=14109)[0m                                                  'entropy_checkpointing': False,
[36m(FullyAsyncTaskRunner pid=14109)[0m                                                  'entropy_from_logits_chunk_size': 2048,
[36m(FullyAsyncTaskRunner pid=14109)[0m                                                  'entropy_from_logits_with_chunking': False,
[36m(FullyAsyncTaskRunner pid=14109)[0m                                                  'forward_only': False,
[36m(FullyAsyncTaskRunner pid=14109)[0m                                                  'forward_prefetch': False,
[36m(FullyAsyncTaskRunner pid=14109)[0m                                                  'fsdp_size': -1,
[36m(FullyAsyncTaskRunner pid=14109)[0m                                                  'full_determinism': False,
[36m(FullyAsyncTaskRunner pid=14109)[0m                                                  'model_dtype': 'fp32',
[36m(FullyAsyncTaskRunner pid=14109)[0m                                                  'offload_policy': False,
[36m(FullyAsyncTaskRunner pid=14109)[0m                                                  'optimizer_offload': False,
[36m(FullyAsyncTaskRunner pid=14109)[0m                                                  'param_offload': False,
[36m(FullyAsyncTaskRunner pid=14109)[0m                                                  'qat': {'_target_': 'verl.workers.config.QATEngineConfig',
[36m(FullyAsyncTaskRunner pid=14109)[0m                                                          'activation_observer': 'static_minmax',
[36m(FullyAsyncTaskRunner pid=14109)[0m                                                          'enable': False,
[36m(FullyAsyncTaskRunner pid=14109)[0m                                                          'group_size': 16,
[36m(FullyAsyncTaskRunner pid=14109)[0m                                                          'ignore_patterns': ['lm_head',
[36m(FullyAsyncTaskRunner pid=14109)[0m                                                                              'embed_tokens',
[36m(FullyAsyncTaskRunner pid=14109)[0m                                                                              're:.*mlp.gate$'],
[36m(FullyAsyncTaskRunner pid=14109)[0m                                                          'mode': 'w4a16',
[36m(FullyAsyncTaskRunner pid=14109)[0m                                                          'quantization_config_path': None},
[36m(FullyAsyncTaskRunner pid=14109)[0m                                                  'reshard_after_forward': True,
[36m(FullyAsyncTaskRunner pid=14109)[0m                                                  'seed': 42,
[36m(FullyAsyncTaskRunner pid=14109)[0m                                                  'strategy': 'fsdp',
[36m(FullyAsyncTaskRunner pid=14109)[0m                                                  'ulysses_sequence_parallel_size': 1,
[36m(FullyAsyncTaskRunner pid=14109)[0m                                                  'use_orig_params': False,
[36m(FullyAsyncTaskRunner pid=14109)[0m                                                  'use_torch_compile': True,
[36m(FullyAsyncTaskRunner pid=14109)[0m                                                  'wrap_policy': {'min_num_params': 0}},
[36m(FullyAsyncTaskRunner pid=14109)[0m                                  'grad_clip': 1.0,
[36m(FullyAsyncTaskRunner pid=14109)[0m                                  'kl_loss_coef': 0.0,
[36m(FullyAsyncTaskRunner pid=14109)[0m                                  'kl_loss_type': 'low_var_kl',
[36m(FullyAsyncTaskRunner pid=14109)[0m                                  'loss_agg_mode': 'token-mean',
[36m(FullyAsyncTaskRunner pid=14109)[0m                                  'loss_scale_factor': None,
[36m(FullyAsyncTaskRunner pid=14109)[0m                                  'optim': {'_target_': 'verl.workers.config.FSDPOptimizerConfig',
[36m(FullyAsyncTaskRunner pid=14109)[0m                                            'betas': [0.9, 0.999],
[36m(FullyAsyncTaskRunner pid=14109)[0m                                            'clip_grad': 1.0,
[36m(FullyAsyncTaskRunner pid=14109)[0m                                            'lr': 1e-06,
[36m(FullyAsyncTaskRunner pid=14109)[0m                                            'lr_scheduler_type': 'constant',
[36m(FullyAsyncTaskRunner pid=14109)[0m                                            'lr_warmup_steps': -1,
[36m(FullyAsyncTaskRunner pid=14109)[0m                                            'lr_warmup_steps_ratio': 0.0,
[36m(FullyAsyncTaskRunner pid=14109)[0m                                            'min_lr_ratio': 0.0,
[36m(FullyAsyncTaskRunner pid=14109)[0m                                            'num_cycles': 0.5,
[36m(FullyAsyncTaskRunner pid=14109)[0m                                            'optimizer': 'AdamW',
[36m(FullyAsyncTaskRunner pid=14109)[0m                                            'optimizer_impl': 'torch.optim',
[36m(FullyAsyncTaskRunner pid=14109)[0m                                            'override_optimizer_config': None,
[36m(FullyAsyncTaskRunner pid=14109)[0m                                            'total_training_steps': -1,
[36m(FullyAsyncTaskRunner pid=14109)[0m                                            'warmup_style': None,
[36m(FullyAsyncTaskRunner pid=14109)[0m                                            'weight_decay': 0.01,
[36m(FullyAsyncTaskRunner pid=14109)[0m                                            'zero_indexed_step': True},
[36m(FullyAsyncTaskRunner pid=14109)[0m                                  'policy_loss': {'_target_': 'verl.workers.config.PolicyLossConfig',
[36m(FullyAsyncTaskRunner pid=14109)[0m                                                  'clip_cov_lb': 1.0,
[36m(FullyAsyncTaskRunner pid=14109)[0m                                                  'clip_cov_ratio': 0.0002,
[36m(FullyAsyncTaskRunner pid=14109)[0m                                                  'clip_cov_ub': 5.0,
[36m(FullyAsyncTaskRunner pid=14109)[0m                                                  'kl_cov_ratio': 0.0002,
[36m(FullyAsyncTaskRunner pid=14109)[0m                                                  'loss_mode': 'vanilla',
[36m(FullyAsyncTaskRunner pid=14109)[0m                                                  'ppo_kl_coef': 0.1},
[36m(FullyAsyncTaskRunner pid=14109)[0m                                  'ppo_epochs': 1,
[36m(FullyAsyncTaskRunner pid=14109)[0m                                  'ppo_max_token_len_per_gpu': 24576,
[36m(FullyAsyncTaskRunner pid=14109)[0m                                  'ppo_micro_batch_size': None,
[36m(FullyAsyncTaskRunner pid=14109)[0m                                  'ppo_micro_batch_size_per_gpu': 1,
[36m(FullyAsyncTaskRunner pid=14109)[0m                                  'ppo_mini_batch_size': 64,
[36m(FullyAsyncTaskRunner pid=14109)[0m                                  'profiler': {'_target_': 'verl.utils.profiler.ProfilerConfig',
[36m(FullyAsyncTaskRunner pid=14109)[0m                                               'all_ranks': False,
[36m(FullyAsyncTaskRunner pid=14109)[0m                                               'enable': False,
[36m(FullyAsyncTaskRunner pid=14109)[0m                                               'ranks': [],
[36m(FullyAsyncTaskRunner pid=14109)[0m                                               'save_path': 'outputs/profile',
[36m(FullyAsyncTaskRunner pid=14109)[0m                                               'tool': None,
[36m(FullyAsyncTaskRunner pid=14109)[0m                                               'tool_config': {'npu': {'_target_': 'verl.utils.profiler.config.NPUToolConfig',
[36m(FullyAsyncTaskRunner pid=14109)[0m                                                                       'analysis': True,
[36m(FullyAsyncTaskRunner pid=14109)[0m                                                                       'contents': [],
[36m(FullyAsyncTaskRunner pid=14109)[0m                                                                       'discrete': False,
[36m(FullyAsyncTaskRunner pid=14109)[0m                                                                       'level': 'level0'},
[36m(FullyAsyncTaskRunner pid=14109)[0m                                                               'nsys': {'_target_': 'verl.utils.profiler.config.NsightToolConfig',
[36m(FullyAsyncTaskRunner pid=14109)[0m                                                                        'discrete': False},
[36m(FullyAsyncTaskRunner pid=14109)[0m                                                               'precision_debugger': {'_target_': 'verl.utils.profiler.config.PrecisionDebuggerToolConfig',
[36m(FullyAsyncTaskRunner pid=14109)[0m                                                                                      'config_path': None,
[36m(FullyAsyncTaskRunner pid=14109)[0m                                                                                      'stages': None,
[36m(FullyAsyncTaskRunner pid=14109)[0m                                                                                      'steps': None,
[36m(FullyAsyncTaskRunner pid=14109)[0m                                                                                      'strict': False},
[36m(FullyAsyncTaskRunner pid=14109)[0m                                                               'torch': {'_target_': 'verl.utils.profiler.config.TorchProfilerToolConfig',
[36m(FullyAsyncTaskRunner pid=14109)[0m                                                                         'contents': [],
[36m(FullyAsyncTaskRunner pid=14109)[0m                                                                         'discrete': False,
[36m(FullyAsyncTaskRunner pid=14109)[0m                                                                         'schedule': {'_target_': 'verl.utils.profiler.config.TorchProfilerScheduleConfig',
[36m(FullyAsyncTaskRunner pid=14109)[0m                                                                                      'active': 0,
[36m(FullyAsyncTaskRunner pid=14109)[0m                                                                                      'repeat': 0,
[36m(FullyAsyncTaskRunner pid=14109)[0m                                                                                      'skip_first': 0,
[36m(FullyAsyncTaskRunner pid=14109)[0m                                                                                      'wait': 0,
[36m(FullyAsyncTaskRunner pid=14109)[0m                                                                                      'warmup': 0}},
[36m(FullyAsyncTaskRunner pid=14109)[0m                                                               'torch_memory': {'_target_': 'verl.utils.profiler.config.TorchMemoryToolConfig',
[36m(FullyAsyncTaskRunner pid=14109)[0m                                                                                'stack_depth': 32,
[36m(FullyAsyncTaskRunner pid=14109)[0m                                                                                'trace_alloc_max_entries': 100000}}},
[36m(FullyAsyncTaskRunner pid=14109)[0m                                  'qat': {'activation_observer': 'static_minmax',
[36m(FullyAsyncTaskRunner pid=14109)[0m                                          'enable': False,
[36m(FullyAsyncTaskRunner pid=14109)[0m                                          'group_size': 16,
[36m(FullyAsyncTaskRunner pid=14109)[0m                                          'ignore_patterns': ['lm_head',
[36m(FullyAsyncTaskRunner pid=14109)[0m                                                              'embed_tokens',
[36m(FullyAsyncTaskRunner pid=14109)[0m                                                              're:.*mlp.gate$'],
[36m(FullyAsyncTaskRunner pid=14109)[0m                                          'mode': 'w4a16',
[36m(FullyAsyncTaskRunner pid=14109)[0m                                          'quantization_config_path': None},
[36m(FullyAsyncTaskRunner pid=14109)[0m                                  'rollout_n': 8,
[36m(FullyAsyncTaskRunner pid=14109)[0m                                  'router_replay': {'_target_': 'verl.workers.config.RouterReplayConfig',
[36m(FullyAsyncTaskRunner pid=14109)[0m                                                    'mode': 'disabled',
[36m(FullyAsyncTaskRunner pid=14109)[0m                                                    'record_file': None,
[36m(FullyAsyncTaskRunner pid=14109)[0m                                                    'replay_file': None},
[36m(FullyAsyncTaskRunner pid=14109)[0m                                  'shuffle': False,
[36m(FullyAsyncTaskRunner pid=14109)[0m                                  'strategy': 'fsdp',
[36m(FullyAsyncTaskRunner pid=14109)[0m                                  'tau_neg': 1.05,
[36m(FullyAsyncTaskRunner pid=14109)[0m                                  'tau_pos': 1.0,
[36m(FullyAsyncTaskRunner pid=14109)[0m                                  'ulysses_sequence_parallel_size': 1,
[36m(FullyAsyncTaskRunner pid=14109)[0m                                  'use_dynamic_bsz': True,
[36m(FullyAsyncTaskRunner pid=14109)[0m                                  'use_fused_kernels': False,
[36m(FullyAsyncTaskRunner pid=14109)[0m                                  'use_kl_loss': False,
[36m(FullyAsyncTaskRunner pid=14109)[0m                                  'use_prefix_grouper': False,
[36m(FullyAsyncTaskRunner pid=14109)[0m                                  'use_remove_padding': True,
[36m(FullyAsyncTaskRunner pid=14109)[0m                                  'use_rollout_log_probs': True,
[36m(FullyAsyncTaskRunner pid=14109)[0m                                  'use_torch_compile': True},
[36m(FullyAsyncTaskRunner pid=14109)[0m                        'hybrid_engine': False,
[36m(FullyAsyncTaskRunner pid=14109)[0m                        'model': {'_target_': 'verl.workers.config.HFModelConfig',
[36m(FullyAsyncTaskRunner pid=14109)[0m                                  'custom_chat_template': None,
[36m(FullyAsyncTaskRunner pid=14109)[0m                                  'enable_activation_offload': False,
[36m(FullyAsyncTaskRunner pid=14109)[0m                                  'enable_gradient_checkpointing': True,
[36m(FullyAsyncTaskRunner pid=14109)[0m                                  'exclude_modules': None,
[36m(FullyAsyncTaskRunner pid=14109)[0m                                  'external_lib': None,
[36m(FullyAsyncTaskRunner pid=14109)[0m                                  'fused_kernel_options': {'impl_backend': 'torch'},
[36m(FullyAsyncTaskRunner pid=14109)[0m                                  'hf_config_path': None,
[36m(FullyAsyncTaskRunner pid=14109)[0m                                  'lora': {'a2a_experimental': False,
[36m(FullyAsyncTaskRunner pid=14109)[0m                                           'adapter_path': None,
[36m(FullyAsyncTaskRunner pid=14109)[0m                                           'alpha': 32,
[36m(FullyAsyncTaskRunner pid=14109)[0m                                           'dropout': 0.0,
[36m(FullyAsyncTaskRunner pid=14109)[0m                                           'dropout_position': 'pre',
[36m(FullyAsyncTaskRunner pid=14109)[0m                                           'dtype': None,
[36m(FullyAsyncTaskRunner pid=14109)[0m                                           'exclude_modules': [],
[36m(FullyAsyncTaskRunner pid=14109)[0m                                           'freeze_language_model': True,
[36m(FullyAsyncTaskRunner pid=14109)[0m                                           'freeze_vision_model': True,
[36m(FullyAsyncTaskRunner pid=14109)[0m                                           'freeze_vision_projection': True,
[36m(FullyAsyncTaskRunner pid=14109)[0m                                           'lora_A_init_method': 'xavier',
[36m(FullyAsyncTaskRunner pid=14109)[0m                                           'lora_B_init_method': 'zero',
[36m(FullyAsyncTaskRunner pid=14109)[0m                                           'merge': False,
[36m(FullyAsyncTaskRunner pid=14109)[0m                                           'rank': 0,
[36m(FullyAsyncTaskRunner pid=14109)[0m                                           'target_modules': ['linear_qkv',
[36m(FullyAsyncTaskRunner pid=14109)[0m                                                              'linear_proj',
[36m(FullyAsyncTaskRunner pid=14109)[0m                                                              'linear_fc1',
[36m(FullyAsyncTaskRunner pid=14109)[0m                                                              'linear_fc2'],
[36m(FullyAsyncTaskRunner pid=14109)[0m                                           'type': 'lora'},
[36m(FullyAsyncTaskRunner pid=14109)[0m                                  'lora_adapter_path': None,
[36m(FullyAsyncTaskRunner pid=14109)[0m                                  'lora_alpha': 16,
[36m(FullyAsyncTaskRunner pid=14109)[0m                                  'lora_rank': 0,
[36m(FullyAsyncTaskRunner pid=14109)[0m                                  'mtp': {'_target_': 'verl.workers.config.MtpConfig',
[36m(FullyAsyncTaskRunner pid=14109)[0m                                          'detach_encoder': False,
[36m(FullyAsyncTaskRunner pid=14109)[0m                                          'enable': False,
[36m(FullyAsyncTaskRunner pid=14109)[0m                                          'enable_rollout': False,
[36m(FullyAsyncTaskRunner pid=14109)[0m                                          'enable_train': False,
[36m(FullyAsyncTaskRunner pid=14109)[0m                                          'method': 'mtp',
[36m(FullyAsyncTaskRunner pid=14109)[0m                                          'mtp_loss_scaling_factor': 0.1,
[36m(FullyAsyncTaskRunner pid=14109)[0m                                          'num_speculative_tokens': 1,
[36m(FullyAsyncTaskRunner pid=14109)[0m                                          'speculative_algorithm': 'EAGLE',
[36m(FullyAsyncTaskRunner pid=14109)[0m                                          'speculative_eagle_topk': 1,
[36m(FullyAsyncTaskRunner pid=14109)[0m                                          'speculative_num_draft_tokens': 4,
[36m(FullyAsyncTaskRunner pid=14109)[0m                                          'speculative_num_steps': 3},
[36m(FullyAsyncTaskRunner pid=14109)[0m                                  'override_config': {},
[36m(FullyAsyncTaskRunner pid=14109)[0m                                  'path': '/workspace/models/DeepSeek-R1-Distill-Qwen-1.5B',
[36m(FullyAsyncTaskRunner pid=14109)[0m                                  'target_modules': 'all-linear',
[36m(FullyAsyncTaskRunner pid=14109)[0m                                  'tiled_mlp': {'enabled': False,
[36m(FullyAsyncTaskRunner pid=14109)[0m                                                'num_shards': 4},
[36m(FullyAsyncTaskRunner pid=14109)[0m                                  'tokenizer_path': None,
[36m(FullyAsyncTaskRunner pid=14109)[0m                                  'trust_remote_code': False,
[36m(FullyAsyncTaskRunner pid=14109)[0m                                  'use_fused_kernels': False,
[36m(FullyAsyncTaskRunner pid=14109)[0m                                  'use_liger': False,
[36m(FullyAsyncTaskRunner pid=14109)[0m                                  'use_remove_padding': True,
[36m(FullyAsyncTaskRunner pid=14109)[0m                                  'use_shm': False},
[36m(FullyAsyncTaskRunner pid=14109)[0m                        'nccl_timeout': 600,
[36m(FullyAsyncTaskRunner pid=14109)[0m                        'ref': {'_target_': 'verl.workers.config.FSDPActorConfig',
[36m(FullyAsyncTaskRunner pid=14109)[0m                                'entropy_checkpointing': False,
[36m(FullyAsyncTaskRunner pid=14109)[0m                                'entropy_from_logits_chunk_size': 2048,
[36m(FullyAsyncTaskRunner pid=14109)[0m                                'entropy_from_logits_with_chunking': False,
[36m(FullyAsyncTaskRunner pid=14109)[0m                                'fsdp_config': {'_target_': 'verl.workers.config.FSDPEngineConfig',
[36m(FullyAsyncTaskRunner pid=14109)[0m                                                'dtype': 'bfloat16',
[36m(FullyAsyncTaskRunner pid=14109)[0m                                                'entropy_checkpointing': False,
[36m(FullyAsyncTaskRunner pid=14109)[0m                                                'entropy_from_logits_chunk_size': 2048,
[36m(FullyAsyncTaskRunner pid=14109)[0m                                                'entropy_from_logits_with_chunking': False,
[36m(FullyAsyncTaskRunner pid=14109)[0m                                                'forward_only': True,
[36m(FullyAsyncTaskRunner pid=14109)[0m                                                'forward_prefetch': False,
[36m(FullyAsyncTaskRunner pid=14109)[0m                                                'fsdp_size': -1,
[36m(FullyAsyncTaskRunner pid=14109)[0m                                                'full_determinism': False,
[36m(FullyAsyncTaskRunner pid=14109)[0m                                                'model_dtype': 'fp32',
[36m(FullyAsyncTaskRunner pid=14109)[0m                                                'offload_policy': False,
[36m(FullyAsyncTaskRunner pid=14109)[0m                                                'optimizer_offload': False,
[36m(FullyAsyncTaskRunner pid=14109)[0m                                                'param_offload': False,
[36m(FullyAsyncTaskRunner pid=14109)[0m                                                'qat': {'_target_': 'verl.workers.config.QATEngineConfig',
[36m(FullyAsyncTaskRunner pid=14109)[0m                                                        'activation_observer': 'static_minmax',
[36m(FullyAsyncTaskRunner pid=14109)[0m                                                        'enable': False,
[36m(FullyAsyncTaskRunner pid=14109)[0m                                                        'group_size': 16,
[36m(FullyAsyncTaskRunner pid=14109)[0m                                                        'ignore_patterns': ['lm_head',
[36m(FullyAsyncTaskRunner pid=14109)[0m                                                                            'embed_tokens',
[36m(FullyAsyncTaskRunner pid=14109)[0m                                                                            're:.*mlp.gate$'],
[36m(FullyAsyncTaskRunner pid=14109)[0m                                                        'mode': 'w4a16',
[36m(FullyAsyncTaskRunner pid=14109)[0m                                                        'quantization_config_path': None},
[36m(FullyAsyncTaskRunner pid=14109)[0m                                                'reshard_after_forward': True,
[36m(FullyAsyncTaskRunner pid=14109)[0m                                                'seed': 42,
[36m(FullyAsyncTaskRunner pid=14109)[0m                                                'strategy': 'fsdp',
[36m(FullyAsyncTaskRunner pid=14109)[0m                                                'ulysses_sequence_parallel_size': 1,
[36m(FullyAsyncTaskRunner pid=14109)[0m                                                'use_orig_params': False,
[36m(FullyAsyncTaskRunner pid=14109)[0m                                                'use_torch_compile': True,
[36m(FullyAsyncTaskRunner pid=14109)[0m                                                'wrap_policy': {'min_num_params': 0}},
[36m(FullyAsyncTaskRunner pid=14109)[0m                                'log_prob_max_token_len_per_gpu': 24576,
[36m(FullyAsyncTaskRunner pid=14109)[0m                                'log_prob_micro_batch_size': None,
[36m(FullyAsyncTaskRunner pid=14109)[0m                                'log_prob_micro_batch_size_per_gpu': None,
[36m(FullyAsyncTaskRunner pid=14109)[0m                                'log_prob_use_dynamic_bsz': True,
[36m(FullyAsyncTaskRunner pid=14109)[0m                                'profiler': {'_target_': 'verl.utils.profiler.ProfilerConfig',
[36m(FullyAsyncTaskRunner pid=14109)[0m                                             'all_ranks': False,
[36m(FullyAsyncTaskRunner pid=14109)[0m                                             'enable': False,
[36m(FullyAsyncTaskRunner pid=14109)[0m                                             'ranks': [],
[36m(FullyAsyncTaskRunner pid=14109)[0m                                             'save_path': 'outputs/profile',
[36m(FullyAsyncTaskRunner pid=14109)[0m                                             'tool': None,
[36m(FullyAsyncTaskRunner pid=14109)[0m                                             'tool_config': {'npu': {'_target_': 'verl.utils.profiler.config.NPUToolConfig',
[36m(FullyAsyncTaskRunner pid=14109)[0m                                                                     'analysis': True,
[36m(FullyAsyncTaskRunner pid=14109)[0m                                                                     'contents': [],
[36m(FullyAsyncTaskRunner pid=14109)[0m                                                                     'discrete': False,
[36m(FullyAsyncTaskRunner pid=14109)[0m                                                                     'level': 'level0'},
[36m(FullyAsyncTaskRunner pid=14109)[0m                                                             'nsys': {'_target_': 'verl.utils.profiler.config.NsightToolConfig',
[36m(FullyAsyncTaskRunner pid=14109)[0m                                                                      'discrete': False},
[36m(FullyAsyncTaskRunner pid=14109)[0m                                                             'precision_debugger': {'_target_': 'verl.utils.profiler.config.PrecisionDebuggerToolConfig',
[36m(FullyAsyncTaskRunner pid=14109)[0m                                                                                    'config_path': None,
[36m(FullyAsyncTaskRunner pid=14109)[0m                                                                                    'stages': None,
[36m(FullyAsyncTaskRunner pid=14109)[0m                                                                                    'steps': None,
[36m(FullyAsyncTaskRunner pid=14109)[0m                                                                                    'strict': False},
[36m(FullyAsyncTaskRunner pid=14109)[0m                                                             'torch': {'_target_': 'verl.utils.profiler.config.TorchProfilerToolConfig',
[36m(FullyAsyncTaskRunner pid=14109)[0m                                                                       'contents': [],
[36m(FullyAsyncTaskRunner pid=14109)[0m                                                                       'discrete': False,
[36m(FullyAsyncTaskRunner pid=14109)[0m                                                                       'schedule': {'_target_': 'verl.utils.profiler.config.TorchProfilerScheduleConfig',
[36m(FullyAsyncTaskRunner pid=14109)[0m                                                                                    'active': 0,
[36m(FullyAsyncTaskRunner pid=14109)[0m                                                                                    'repeat': 0,
[36m(FullyAsyncTaskRunner pid=14109)[0m                                                                                    'skip_first': 0,
[36m(FullyAsyncTaskRunner pid=14109)[0m                                                                                    'wait': 0,
[36m(FullyAsyncTaskRunner pid=14109)[0m                                                                                    'warmup': 0}},
[36m(FullyAsyncTaskRunner pid=14109)[0m                                                             'torch_memory': {'_target_': 'verl.utils.profiler.config.TorchMemoryToolConfig',
[36m(FullyAsyncTaskRunner pid=14109)[0m                                                                              'stack_depth': 32,
[36m(FullyAsyncTaskRunner pid=14109)[0m                                                                              'trace_alloc_max_entries': 100000}}},
[36m(FullyAsyncTaskRunner pid=14109)[0m                                'rollout_n': 8,
[36m(FullyAsyncTaskRunner pid=14109)[0m                                'router_replay': {'_target_': 'verl.workers.config.RouterReplayConfig',
[36m(FullyAsyncTaskRunner pid=14109)[0m                                                  'mode': 'disabled',
[36m(FullyAsyncTaskRunner pid=14109)[0m                                                  'record_file': None,
[36m(FullyAsyncTaskRunner pid=14109)[0m                                                  'replay_file': None},
[36m(FullyAsyncTaskRunner pid=14109)[0m                                'strategy': 'fsdp',
[36m(FullyAsyncTaskRunner pid=14109)[0m                                'ulysses_sequence_parallel_size': 1,
[36m(FullyAsyncTaskRunner pid=14109)[0m                                'use_torch_compile': True},
[36m(FullyAsyncTaskRunner pid=14109)[0m                        'rollout': {'_target_': 'verl.workers.config.RolloutConfig',
[36m(FullyAsyncTaskRunner pid=14109)[0m                                    'agent': {'_target_': 'verl.workers.config.AgentLoopConfig',
[36m(FullyAsyncTaskRunner pid=14109)[0m                                              'agent_loop_config_path': None,
[36m(FullyAsyncTaskRunner pid=14109)[0m                                              'custom_async_server': {'_target_': 'verl.workers.config.CustomAsyncServerConfig',
[36m(FullyAsyncTaskRunner pid=14109)[0m                                                                      'name': None,
[36m(FullyAsyncTaskRunner pid=14109)[0m                                                                      'path': None},
[36m(FullyAsyncTaskRunner pid=14109)[0m                                              'default_agent_loop': 'single_turn_agent',
[36m(FullyAsyncTaskRunner pid=14109)[0m                                              'num_workers': 8},
[36m(FullyAsyncTaskRunner pid=14109)[0m                                    'calculate_log_probs': True,
[36m(FullyAsyncTaskRunner pid=14109)[0m                                    'checkpoint_engine': {'_target_': 'verl.workers.config.CheckpointEngineConfig',
[36m(FullyAsyncTaskRunner pid=14109)[0m                                                          'backend': 'nccl',
[36m(FullyAsyncTaskRunner pid=14109)[0m                                                          'custom_backend_module': None,
[36m(FullyAsyncTaskRunner pid=14109)[0m                                                          'engine_kwargs': {},
[36m(FullyAsyncTaskRunner pid=14109)[0m                                                          'update_weights_bucket_megabytes': 2048},
[36m(FullyAsyncTaskRunner pid=14109)[0m                                    'cudagraph_capture_sizes': None,
[36m(FullyAsyncTaskRunner pid=14109)[0m                                    'data_parallel_size': 1,
[36m(FullyAsyncTaskRunner pid=14109)[0m                                    'disable_log_stats': True,
[36m(FullyAsyncTaskRunner pid=14109)[0m                                    'disaggregation': {'bootstrap_port': None,
[36m(FullyAsyncTaskRunner pid=14109)[0m                                                       'decode_replicas': 1,
[36m(FullyAsyncTaskRunner pid=14109)[0m                                                       'decode_tensor_model_parallel_size': None,
[36m(FullyAsyncTaskRunner pid=14109)[0m                                                       'enabled': False,
[36m(FullyAsyncTaskRunner pid=14109)[0m                                                       'ib_device': None,
[36m(FullyAsyncTaskRunner pid=14109)[0m                                                       'prefill_replicas': 1,
[36m(FullyAsyncTaskRunner pid=14109)[0m                                                       'transfer_backend': 'nixl'},
[36m(FullyAsyncTaskRunner pid=14109)[0m                                    'do_sample': True,
[36m(FullyAsyncTaskRunner pid=14109)[0m                                    'dtype': 'bfloat16',
[36m(FullyAsyncTaskRunner pid=14109)[0m                                    'enable_chunked_prefill': True,
[36m(FullyAsyncTaskRunner pid=14109)[0m                                    'enable_prefix_caching': True,
[36m(FullyAsyncTaskRunner pid=14109)[0m                                    'enable_rollout_routing_replay': False,
[36m(FullyAsyncTaskRunner pid=14109)[0m                                    'enforce_eager': False,
[36m(FullyAsyncTaskRunner pid=14109)[0m                                    'engine_kwargs': {'sglang': {},
[36m(FullyAsyncTaskRunner pid=14109)[0m                                                      'trtllm': {},
[36m(FullyAsyncTaskRunner pid=14109)[0m                                                      'vllm': {}},
[36m(FullyAsyncTaskRunner pid=14109)[0m                                    'expert_parallel_size': 1,
[36m(FullyAsyncTaskRunner pid=14109)[0m                                    'free_cache_engine': True,
[36m(FullyAsyncTaskRunner pid=14109)[0m                                    'full_determinism': False,
[36m(FullyAsyncTaskRunner pid=14109)[0m                                    'gpu_memory_utilization': 0.8,
[36m(FullyAsyncTaskRunner pid=14109)[0m                                    'ignore_eos': False,
[36m(FullyAsyncTaskRunner pid=14109)[0m                                    'layered_summon': False,
[36m(FullyAsyncTaskRunner pid=14109)[0m                                    'load_format': 'dummy',
[36m(FullyAsyncTaskRunner pid=14109)[0m                                    'log_prob_max_token_len_per_gpu': 24576,
[36m(FullyAsyncTaskRunner pid=14109)[0m                                    'log_prob_micro_batch_size': None,
[36m(FullyAsyncTaskRunner pid=14109)[0m                                    'log_prob_micro_batch_size_per_gpu': None,
[36m(FullyAsyncTaskRunner pid=14109)[0m                                    'log_prob_use_dynamic_bsz': True,
[36m(FullyAsyncTaskRunner pid=14109)[0m                                    'logprobs_mode': 'processed_logprobs',
[36m(FullyAsyncTaskRunner pid=14109)[0m                                    'max_model_len': None,
[36m(FullyAsyncTaskRunner pid=14109)[0m                                    'max_num_batched_tokens': 8192,
[36m(FullyAsyncTaskRunner pid=14109)[0m                                    'max_num_seqs': 1024,
[36m(FullyAsyncTaskRunner pid=14109)[0m                                    'mode': 'async',
[36m(FullyAsyncTaskRunner pid=14109)[0m                                    'moe_load_balance_metrics_interval': 0,
[36m(FullyAsyncTaskRunner pid=14109)[0m                                    'mtp': {'_target_': 'verl.workers.config.MtpConfig',
[36m(FullyAsyncTaskRunner pid=14109)[0m                                            'detach_encoder': False,
[36m(FullyAsyncTaskRunner pid=14109)[0m                                            'enable': False,
[36m(FullyAsyncTaskRunner pid=14109)[0m                                            'enable_rollout': False,
[36m(FullyAsyncTaskRunner pid=14109)[0m                                            'enable_train': False,
[36m(FullyAsyncTaskRunner pid=14109)[0m                                            'method': 'mtp',
[36m(FullyAsyncTaskRunner pid=14109)[0m                                            'mtp_loss_scaling_factor': 0.1,
[36m(FullyAsyncTaskRunner pid=14109)[0m                                            'num_speculative_tokens': 1,
[36m(FullyAsyncTaskRunner pid=14109)[0m                                            'speculative_algorithm': 'EAGLE',
[36m(FullyAsyncTaskRunner pid=14109)[0m                                            'speculative_eagle_topk': 1,
[36m(FullyAsyncTaskRunner pid=14109)[0m                                            'speculative_num_draft_tokens': 4,
[36m(FullyAsyncTaskRunner pid=14109)[0m                                            'speculative_num_steps': 3},
[36m(FullyAsyncTaskRunner pid=14109)[0m                                    'multi_stage_wake_up': False,
[36m(FullyAsyncTaskRunner pid=14109)[0m                                    'multi_turn': {'_target_': 'verl.workers.config.MultiTurnConfig',
[36m(FullyAsyncTaskRunner pid=14109)[0m                                                   'enable': False,
[36m(FullyAsyncTaskRunner pid=14109)[0m                                                   'format': 'hermes',
[36m(FullyAsyncTaskRunner pid=14109)[0m                                                   'function_tool_path': None,
[36m(FullyAsyncTaskRunner pid=14109)[0m                                                   'max_assistant_turns': None,
[36m(FullyAsyncTaskRunner pid=14109)[0m                                                   'max_parallel_calls': 1,
[36m(FullyAsyncTaskRunner pid=14109)[0m                                                   'max_tool_response_length': 256,
[36m(FullyAsyncTaskRunner pid=14109)[0m                                                   'max_user_turns': None,
[36m(FullyAsyncTaskRunner pid=14109)[0m                                                   'num_repeat_rollouts': None,
[36m(FullyAsyncTaskRunner pid=14109)[0m                                                   'tokenization_sanity_check_mode': 'strict',
[36m(FullyAsyncTaskRunner pid=14109)[0m                                                   'tool_config_path': None,
[36m(FullyAsyncTaskRunner pid=14109)[0m                                                   'tool_response_truncate_side': 'middle',
[36m(FullyAsyncTaskRunner pid=14109)[0m                                                   'use_inference_chat_template': False},
[36m(FullyAsyncTaskRunner pid=14109)[0m                                    'n': 8,
[36m(FullyAsyncTaskRunner pid=14109)[0m                                    'n_gpus_per_node': 1,
[36m(FullyAsyncTaskRunner pid=14109)[0m                                    'name': 'vllm',
[36m(FullyAsyncTaskRunner pid=14109)[0m                                    'nnodes': 1,
[36m(FullyAsyncTaskRunner pid=14109)[0m                                    'over_sample_rate': 0,
[36m(FullyAsyncTaskRunner pid=14109)[0m                                    'pipeline_model_parallel_size': 1,
[36m(FullyAsyncTaskRunner pid=14109)[0m                                    'profiler': {'_target_': 'verl.utils.profiler.ProfilerConfig',
[36m(FullyAsyncTaskRunner pid=14109)[0m                                                 'all_ranks': False,
[36m(FullyAsyncTaskRunner pid=14109)[0m                                                 'enable': False,
[36m(FullyAsyncTaskRunner pid=14109)[0m                                                 'ranks': [],
[36m(FullyAsyncTaskRunner pid=14109)[0m                                                 'save_path': 'outputs/profile',
[36m(FullyAsyncTaskRunner pid=14109)[0m                                                 'tool': None,
[36m(FullyAsyncTaskRunner pid=14109)[0m                                                 'tool_config': {'npu': {'_target_': 'verl.utils.profiler.config.NPUToolConfig',
[36m(FullyAsyncTaskRunner pid=14109)[0m                                                                         'analysis': True,
[36m(FullyAsyncTaskRunner pid=14109)[0m                                                                         'contents': [],
[36m(FullyAsyncTaskRunner pid=14109)[0m                                                                         'discrete': False,
[36m(FullyAsyncTaskRunner pid=14109)[0m                                                                         'level': 'level0',
[36m(FullyAsyncTaskRunner pid=14109)[0m                                                                         'profile_token_end': None,
[36m(FullyAsyncTaskRunner pid=14109)[0m                                                                         'profile_token_start': None},
[36m(FullyAsyncTaskRunner pid=14109)[0m                                                                 'precision_debugger': {'_target_': 'verl.utils.profiler.config.PrecisionDebuggerToolConfig',
[36m(FullyAsyncTaskRunner pid=14109)[0m                                                                                        'config_path': None,
[36m(FullyAsyncTaskRunner pid=14109)[0m                                                                                        'stages': None,
[36m(FullyAsyncTaskRunner pid=14109)[0m                                                                                        'steps': None,
[36m(FullyAsyncTaskRunner pid=14109)[0m                                                                                        'strict': False},
[36m(FullyAsyncTaskRunner pid=14109)[0m                                                                 'torch': {'_target_': 'verl.utils.profiler.config.TorchProfilerToolConfig',
[36m(FullyAsyncTaskRunner pid=14109)[0m                                                                           'contents': [],
[36m(FullyAsyncTaskRunner pid=14109)[0m                                                                           'discrete': False,
[36m(FullyAsyncTaskRunner pid=14109)[0m                                                                           'profile_token_end': None,
[36m(FullyAsyncTaskRunner pid=14109)[0m                                                                           'profile_token_start': None}}},
[36m(FullyAsyncTaskRunner pid=14109)[0m                                    'prometheus': {'_target_': 'verl.workers.config.PrometheusConfig',
[36m(FullyAsyncTaskRunner pid=14109)[0m                                                   'enable': False,
[36m(FullyAsyncTaskRunner pid=14109)[0m                                                   'file': '/tmp/ray/session_latest/metrics/prometheus/prometheus.yml',
[36m(FullyAsyncTaskRunner pid=14109)[0m                                                   'port': 9090,
[36m(FullyAsyncTaskRunner pid=14109)[0m                                                   'served_model_name': '/workspace/models/DeepSeek-R1-Distill-Qwen-1.5B'},
[36m(FullyAsyncTaskRunner pid=14109)[0m                                    'prompt_length': 2048,
[36m(FullyAsyncTaskRunner pid=14109)[0m                                    'qat': {'_target_': 'verl.workers.config.QATEngineConfig',
[36m(FullyAsyncTaskRunner pid=14109)[0m                                            'activation_observer': 'static_minmax',
[36m(FullyAsyncTaskRunner pid=14109)[0m                                            'enable': False,
[36m(FullyAsyncTaskRunner pid=14109)[0m                                            'group_size': 16,
[36m(FullyAsyncTaskRunner pid=14109)[0m                                            'ignore_patterns': ['lm_head',
[36m(FullyAsyncTaskRunner pid=14109)[0m                                                                'embed_tokens',
[36m(FullyAsyncTaskRunner pid=14109)[0m                                                                're:.*mlp.gate$'],
[36m(FullyAsyncTaskRunner pid=14109)[0m                                            'mode': 'w4a16',
[36m(FullyAsyncTaskRunner pid=14109)[0m                                            'quantization_config_path': None},
[36m(FullyAsyncTaskRunner pid=14109)[0m                                    'quantization': None,
[36m(FullyAsyncTaskRunner pid=14109)[0m                                    'quantization_config_file': None,
[36m(FullyAsyncTaskRunner pid=14109)[0m                                    'response_length': 8192,
[36m(FullyAsyncTaskRunner pid=14109)[0m                                    'scheduling_policy': 'fcfs',
[36m(FullyAsyncTaskRunner pid=14109)[0m                                    'seed': 42,
[36m(FullyAsyncTaskRunner pid=14109)[0m                                    'skip_tokenizer_init': True,
[36m(FullyAsyncTaskRunner pid=14109)[0m                                    'standalone_gpu_memory_utilization': None,
[36m(FullyAsyncTaskRunner pid=14109)[0m                                    'temperature': 1.0,
[36m(FullyAsyncTaskRunner pid=14109)[0m                                    'tensor_model_parallel_size': 1,
[36m(FullyAsyncTaskRunner pid=14109)[0m                                    'top_k': -1,
[36m(FullyAsyncTaskRunner pid=14109)[0m                                    'top_p': 1.0,
[36m(FullyAsyncTaskRunner pid=14109)[0m                                    'trace': {'_target_': 'verl.workers.config.TraceConfig',
[36m(FullyAsyncTaskRunner pid=14109)[0m                                              'backend': None,
[36m(FullyAsyncTaskRunner pid=14109)[0m                                              'experiment_name': 'r1distill1.5b-dapomath-s10000',
[36m(FullyAsyncTaskRunner pid=14109)[0m                                              'max_samples_per_step_per_worker': None,
[36m(FullyAsyncTaskRunner pid=14109)[0m                                              'project_name': 'async-longcot',
[36m(FullyAsyncTaskRunner pid=14109)[0m                                              'token2text': False},
[36m(FullyAsyncTaskRunner pid=14109)[0m                                    'val_kwargs': {'_target_': 'verl.workers.config.SamplingConfig',
[36m(FullyAsyncTaskRunner pid=14109)[0m                                                   'do_sample': False,
[36m(FullyAsyncTaskRunner pid=14109)[0m                                                   'n': 1,
[36m(FullyAsyncTaskRunner pid=14109)[0m                                                   'temperature': 0,
[36m(FullyAsyncTaskRunner pid=14109)[0m                                                   'top_k': -1,
[36m(FullyAsyncTaskRunner pid=14109)[0m                                                   'top_p': 1.0}}},
[36m(FullyAsyncTaskRunner pid=14109)[0m  'algorithm': {'_target_': 'verl.trainer.config.AlgoConfig',
[36m(FullyAsyncTaskRunner pid=14109)[0m                'adv_estimator': 'grpo',
[36m(FullyAsyncTaskRunner pid=14109)[0m                'filter_groups': {'_target_': 'verl.trainer.config.FilterGroupsConfig',
[36m(FullyAsyncTaskRunner pid=14109)[0m                                  'enable': False,
[36m(FullyAsyncTaskRunner pid=14109)[0m                                  'max_inflight_gen_batches': 1,
[36m(FullyAsyncTaskRunner pid=14109)[0m                                  'max_num_gen_batches': 0,
[36m(FullyAsyncTaskRunner pid=14109)[0m                                  'metric': None},
[36m(FullyAsyncTaskRunner pid=14109)[0m                'gamma': 1.0,
[36m(FullyAsyncTaskRunner pid=14109)[0m                'kl_ctrl': {'_target_': 'verl.trainer.config.KLControlConfig',
[36m(FullyAsyncTaskRunner pid=14109)[0m                            'horizon': 10000,
[36m(FullyAsyncTaskRunner pid=14109)[0m                            'kl_coef': 0.0,
[36m(FullyAsyncTaskRunner pid=14109)[0m                            'target_kl': 0.1,
[36m(FullyAsyncTaskRunner pid=14109)[0m                            'type': 'fixed'},
[36m(FullyAsyncTaskRunner pid=14109)[0m                'kl_penalty': 'kl',
[36m(FullyAsyncTaskRunner pid=14109)[0m                'lam': 1.0,
[36m(FullyAsyncTaskRunner pid=14109)[0m                'norm_adv_by_std_in_grpo': True,
[36m(FullyAsyncTaskRunner pid=14109)[0m                'pf_ppo': {'reweight_method': 'pow', 'weight_pow': 2.0},
[36m(FullyAsyncTaskRunner pid=14109)[0m                'rollout_correction': {'bypass_mode': True,
[36m(FullyAsyncTaskRunner pid=14109)[0m                                       'loss_type': 'ppo_clip',
[36m(FullyAsyncTaskRunner pid=14109)[0m                                       'rollout_is': None,
[36m(FullyAsyncTaskRunner pid=14109)[0m                                       'rollout_is_batch_normalize': False,
[36m(FullyAsyncTaskRunner pid=14109)[0m                                       'rollout_is_threshold': 2.0,
[36m(FullyAsyncTaskRunner pid=14109)[0m                                       'rollout_rs': None,
[36m(FullyAsyncTaskRunner pid=14109)[0m                                       'rollout_rs_threshold': None},
[36m(FullyAsyncTaskRunner pid=14109)[0m                'use_kl_in_reward': False,
[36m(FullyAsyncTaskRunner pid=14109)[0m                'use_pf_ppo': False},
[36m(FullyAsyncTaskRunner pid=14109)[0m  'async_training': {'concurrent_samples_per_replica': 16,
[36m(FullyAsyncTaskRunner pid=14109)[0m                     'dynamic_schedule_deactivate_ratio': 0.3,
[36m(FullyAsyncTaskRunner pid=14109)[0m                     'dynamic_schedule_enable_rebalance': True,
[36m(FullyAsyncTaskRunner pid=14109)[0m                     'dynamic_schedule_policy': 'default',
[36m(FullyAsyncTaskRunner pid=14109)[0m                     'partial_rollout': True,
[36m(FullyAsyncTaskRunner pid=14109)[0m                     'require_batches': 1,
[36m(FullyAsyncTaskRunner pid=14109)[0m                     'staleness_threshold': 10000,
[36m(FullyAsyncTaskRunner pid=14109)[0m                     'trigger_parameter_sync_step': 1,
[36m(FullyAsyncTaskRunner pid=14109)[0m                     'use_dynamic_resource_scheduling': False,
[36m(FullyAsyncTaskRunner pid=14109)[0m                     'use_trainer_do_validate': False},
[36m(FullyAsyncTaskRunner pid=14109)[0m  'critic': {'_target_': 'verl.workers.config.FSDPCriticConfig',
[36m(FullyAsyncTaskRunner pid=14109)[0m             'checkpoint': {'_target_': 'verl.trainer.config.CheckpointConfig',
[36m(FullyAsyncTaskRunner pid=14109)[0m                            'async_save': False,
[36m(FullyAsyncTaskRunner pid=14109)[0m                            'load_contents': ['model', 'optimizer', 'extra'],
[36m(FullyAsyncTaskRunner pid=14109)[0m                            'save_contents': ['model', 'optimizer', 'extra']},
[36m(FullyAsyncTaskRunner pid=14109)[0m             'cliprange_value': 0.5,
[36m(FullyAsyncTaskRunner pid=14109)[0m             'data_loader_seed': 42,
[36m(FullyAsyncTaskRunner pid=14109)[0m             'enable': None,
[36m(FullyAsyncTaskRunner pid=14109)[0m             'forward_max_token_len_per_gpu': 32768,
[36m(FullyAsyncTaskRunner pid=14109)[0m             'forward_micro_batch_size': None,
[36m(FullyAsyncTaskRunner pid=14109)[0m             'forward_micro_batch_size_per_gpu': None,
[36m(FullyAsyncTaskRunner pid=14109)[0m             'fsdp': {'_target_': 'verl.workers.config.FSDPEngineConfig',
[36m(FullyAsyncTaskRunner pid=14109)[0m                      'dtype': 'bfloat16',
[36m(FullyAsyncTaskRunner pid=14109)[0m                      'entropy_checkpointing': False,
[36m(FullyAsyncTaskRunner pid=14109)[0m                      'entropy_from_logits_chunk_size': 2048,
[36m(FullyAsyncTaskRunner pid=14109)[0m                      'entropy_from_logits_with_chunking': False,
[36m(FullyAsyncTaskRunner pid=14109)[0m                      'forward_only': False,
[36m(FullyAsyncTaskRunner pid=14109)[0m                      'forward_prefetch': False,
[36m(FullyAsyncTaskRunner pid=14109)[0m                      'fsdp_size': -1,
[36m(FullyAsyncTaskRunner pid=14109)[0m                      'full_determinism': False,
[36m(FullyAsyncTaskRunner pid=14109)[0m                      'model_dtype': 'fp32',
[36m(FullyAsyncTaskRunner pid=14109)[0m                      'offload_policy': False,
[36m(FullyAsyncTaskRunner pid=14109)[0m                      'optimizer_offload': False,
[36m(FullyAsyncTaskRunner pid=14109)[0m                      'param_offload': False,
[36m(FullyAsyncTaskRunner pid=14109)[0m                      'qat': {'_target_': 'verl.workers.config.QATEngineConfig',
[36m(FullyAsyncTaskRunner pid=14109)[0m                              'activation_observer': 'static_minmax',
[36m(FullyAsyncTaskRunner pid=14109)[0m                              'enable': False,
[36m(FullyAsyncTaskRunner pid=14109)[0m                              'group_size': 16,
[36m(FullyAsyncTaskRunner pid=14109)[0m                              'ignore_patterns': ['lm_head',
[36m(FullyAsyncTaskRunner pid=14109)[0m                                                  'embed_tokens',
[36m(FullyAsyncTaskRunner pid=14109)[0m                                                  're:.*mlp.gate$'],
[36m(FullyAsyncTaskRunner pid=14109)[0m                              'mode': 'w4a16',
[36m(FullyAsyncTaskRunner pid=14109)[0m                              'quantization_config_path': None},
[36m(FullyAsyncTaskRunner pid=14109)[0m                      'reshard_after_forward': True,
[36m(FullyAsyncTaskRunner pid=14109)[0m                      'seed': 42,
[36m(FullyAsyncTaskRunner pid=14109)[0m                      'strategy': 'fsdp',
[36m(FullyAsyncTaskRunner pid=14109)[0m                      'ulysses_sequence_parallel_size': 1,
[36m(FullyAsyncTaskRunner pid=14109)[0m                      'use_orig_params': False,
[36m(FullyAsyncTaskRunner pid=14109)[0m                      'use_torch_compile': True,
[36m(FullyAsyncTaskRunner pid=14109)[0m                      'wrap_policy': {'min_num_params': 0}},
[36m(FullyAsyncTaskRunner pid=14109)[0m             'grad_clip': 1.0,
[36m(FullyAsyncTaskRunner pid=14109)[0m             'loss_agg_mode': 'token-mean',
[36m(FullyAsyncTaskRunner pid=14109)[0m             'loss_scale_factor': None,
[36m(FullyAsyncTaskRunner pid=14109)[0m             'model': {'_target_': 'verl.workers.config.HFModelConfig',
[36m(FullyAsyncTaskRunner pid=14109)[0m                       'custom_chat_template': None,
[36m(FullyAsyncTaskRunner pid=14109)[0m                       'enable_activation_offload': False,
[36m(FullyAsyncTaskRunner pid=14109)[0m                       'enable_gradient_checkpointing': True,
[36m(FullyAsyncTaskRunner pid=14109)[0m                       'exclude_modules': None,
[36m(FullyAsyncTaskRunner pid=14109)[0m                       'external_lib': None,
[36m(FullyAsyncTaskRunner pid=14109)[0m                       'fused_kernel_options': {'impl_backend': 'torch'},
[36m(FullyAsyncTaskRunner pid=14109)[0m                       'hf_config_path': None,
[36m(FullyAsyncTaskRunner pid=14109)[0m                       'lora': {'a2a_experimental': False,
[36m(FullyAsyncTaskRunner pid=14109)[0m                                'adapter_path': None,
[36m(FullyAsyncTaskRunner pid=14109)[0m                                'alpha': 32,
[36m(FullyAsyncTaskRunner pid=14109)[0m                                'dropout': 0.0,
[36m(FullyAsyncTaskRunner pid=14109)[0m                                'dropout_position': 'pre',
[36m(FullyAsyncTaskRunner pid=14109)[0m                                'dtype': None,
[36m(FullyAsyncTaskRunner pid=14109)[0m                                'exclude_modules': [],
[36m(FullyAsyncTaskRunner pid=14109)[0m                                'freeze_language_model': True,
[36m(FullyAsyncTaskRunner pid=14109)[0m                                'freeze_vision_model': True,
[36m(FullyAsyncTaskRunner pid=14109)[0m                                'freeze_vision_projection': True,
[36m(FullyAsyncTaskRunner pid=14109)[0m                                'lora_A_init_method': 'xavier',
[36m(FullyAsyncTaskRunner pid=14109)[0m                                'lora_B_init_method': 'zero',
[36m(FullyAsyncTaskRunner pid=14109)[0m                                'merge': False,
[36m(FullyAsyncTaskRunner pid=14109)[0m                                'rank': 0,
[36m(FullyAsyncTaskRunner pid=14109)[0m                                'target_modules': ['linear_qkv',
[36m(FullyAsyncTaskRunner pid=14109)[0m                                                   'linear_proj',
[36m(FullyAsyncTaskRunner pid=14109)[0m                                                   'linear_fc1',
[36m(FullyAsyncTaskRunner pid=14109)[0m                                                   'linear_fc2'],
[36m(FullyAsyncTaskRunner pid=14109)[0m                                'type': 'lora'},
[36m(FullyAsyncTaskRunner pid=14109)[0m                       'lora_adapter_path': None,
[36m(FullyAsyncTaskRunner pid=14109)[0m                       'lora_alpha': 16,
[36m(FullyAsyncTaskRunner pid=14109)[0m                       'lora_rank': 0,
[36m(FullyAsyncTaskRunner pid=14109)[0m                       'mtp': {'_target_': 'verl.workers.config.MtpConfig',
[36m(FullyAsyncTaskRunner pid=14109)[0m                               'detach_encoder': False,
[36m(FullyAsyncTaskRunner pid=14109)[0m                               'enable': False,
[36m(FullyAsyncTaskRunner pid=14109)[0m                               'enable_rollout': False,
[36m(FullyAsyncTaskRunner pid=14109)[0m                               'enable_train': False,
[36m(FullyAsyncTaskRunner pid=14109)[0m                               'method': 'mtp',
[36m(FullyAsyncTaskRunner pid=14109)[0m                               'mtp_loss_scaling_factor': 0.1,
[36m(FullyAsyncTaskRunner pid=14109)[0m                               'num_speculative_tokens': 1,
[36m(FullyAsyncTaskRunner pid=14109)[0m                               'speculative_algorithm': 'EAGLE',
[36m(FullyAsyncTaskRunner pid=14109)[0m                               'speculative_eagle_topk': 1,
[36m(FullyAsyncTaskRunner pid=14109)[0m                               'speculative_num_draft_tokens': 4,
[36m(FullyAsyncTaskRunner pid=14109)[0m                               'speculative_num_steps': 3},
[36m(FullyAsyncTaskRunner pid=14109)[0m                       'override_config': {},
[36m(FullyAsyncTaskRunner pid=14109)[0m                       'path': '~/models/deepseek-llm-7b-chat',
[36m(FullyAsyncTaskRunner pid=14109)[0m                       'target_modules': 'all-linear',
[36m(FullyAsyncTaskRunner pid=14109)[0m                       'tiled_mlp': {'enabled': False, 'num_shards': 4},
[36m(FullyAsyncTaskRunner pid=14109)[0m                       'tokenizer_path': None,
[36m(FullyAsyncTaskRunner pid=14109)[0m                       'trust_remote_code': False,
[36m(FullyAsyncTaskRunner pid=14109)[0m                       'use_fused_kernels': False,
[36m(FullyAsyncTaskRunner pid=14109)[0m                       'use_liger': False,
[36m(FullyAsyncTaskRunner pid=14109)[0m                       'use_remove_padding': True,
[36m(FullyAsyncTaskRunner pid=14109)[0m                       'use_shm': False},
[36m(FullyAsyncTaskRunner pid=14109)[0m             'optim': {'_target_': 'verl.workers.config.FSDPOptimizerConfig',
[36m(FullyAsyncTaskRunner pid=14109)[0m                       'betas': [0.9, 0.999],
[36m(FullyAsyncTaskRunner pid=14109)[0m                       'clip_grad': 1.0,
[36m(FullyAsyncTaskRunner pid=14109)[0m                       'lr': 1e-05,
[36m(FullyAsyncTaskRunner pid=14109)[0m                       'lr_scheduler_type': 'constant',
[36m(FullyAsyncTaskRunner pid=14109)[0m                       'lr_warmup_steps': -1,
[36m(FullyAsyncTaskRunner pid=14109)[0m                       'lr_warmup_steps_ratio': 0.0,
[36m(FullyAsyncTaskRunner pid=14109)[0m                       'min_lr_ratio': 0.0,
[36m(FullyAsyncTaskRunner pid=14109)[0m                       'num_cycles': 0.5,
[36m(FullyAsyncTaskRunner pid=14109)[0m                       'optimizer': 'AdamW',
[36m(FullyAsyncTaskRunner pid=14109)[0m                       'optimizer_impl': 'torch.optim',
[36m(FullyAsyncTaskRunner pid=14109)[0m                       'override_optimizer_config': None,
[36m(FullyAsyncTaskRunner pid=14109)[0m                       'total_training_steps': -1,
[36m(FullyAsyncTaskRunner pid=14109)[0m                       'warmup_style': None,
[36m(FullyAsyncTaskRunner pid=14109)[0m                       'weight_decay': 0.01,
[36m(FullyAsyncTaskRunner pid=14109)[0m                       'zero_indexed_step': True},
[36m(FullyAsyncTaskRunner pid=14109)[0m             'ppo_epochs': 1,
[36m(FullyAsyncTaskRunner pid=14109)[0m             'ppo_max_token_len_per_gpu': 32768,
[36m(FullyAsyncTaskRunner pid=14109)[0m             'ppo_micro_batch_size': None,
[36m(FullyAsyncTaskRunner pid=14109)[0m             'ppo_micro_batch_size_per_gpu': None,
[36m(FullyAsyncTaskRunner pid=14109)[0m             'ppo_mini_batch_size': 64,
[36m(FullyAsyncTaskRunner pid=14109)[0m             'profiler': {'_target_': 'verl.utils.profiler.ProfilerConfig',
[36m(FullyAsyncTaskRunner pid=14109)[0m                          'all_ranks': False,
[36m(FullyAsyncTaskRunner pid=14109)[0m                          'enable': False,
[36m(FullyAsyncTaskRunner pid=14109)[0m                          'ranks': [],
[36m(FullyAsyncTaskRunner pid=14109)[0m                          'save_path': 'outputs/profile',
[36m(FullyAsyncTaskRunner pid=14109)[0m                          'tool': None,
[36m(FullyAsyncTaskRunner pid=14109)[0m                          'tool_config': {'npu': {'_target_': 'verl.utils.profiler.config.NPUToolConfig',
[36m(FullyAsyncTaskRunner pid=14109)[0m                                                  'analysis': True,
[36m(FullyAsyncTaskRunner pid=14109)[0m                                                  'contents': [],
[36m(FullyAsyncTaskRunner pid=14109)[0m                                                  'discrete': False,
[36m(FullyAsyncTaskRunner pid=14109)[0m                                                  'level': 'level0'},
[36m(FullyAsyncTaskRunner pid=14109)[0m                                          'nsys': {'_target_': 'verl.utils.profiler.config.NsightToolConfig',
[36m(FullyAsyncTaskRunner pid=14109)[0m                                                   'discrete': False},
[36m(FullyAsyncTaskRunner pid=14109)[0m                                          'precision_debugger': {'_target_': 'verl.utils.profiler.config.PrecisionDebuggerToolConfig',
[36m(FullyAsyncTaskRunner pid=14109)[0m                                                                 'config_path': None,
[36m(FullyAsyncTaskRunner pid=14109)[0m                                                                 'stages': None,
[36m(FullyAsyncTaskRunner pid=14109)[0m                                                                 'steps': None,
[36m(FullyAsyncTaskRunner pid=14109)[0m                                                                 'strict': False},
[36m(FullyAsyncTaskRunner pid=14109)[0m                                          'torch': {'_target_': 'verl.utils.profiler.config.TorchProfilerToolConfig',
[36m(FullyAsyncTaskRunner pid=14109)[0m                                                    'contents': [],
[36m(FullyAsyncTaskRunner pid=14109)[0m                                                    'discrete': False,
[36m(FullyAsyncTaskRunner pid=14109)[0m                                                    'schedule': {'_target_': 'verl.utils.profiler.config.TorchProfilerScheduleConfig',
[36m(FullyAsyncTaskRunner pid=14109)[0m                                                                 'active': 0,
[36m(FullyAsyncTaskRunner pid=14109)[0m                                                                 'repeat': 0,
[36m(FullyAsyncTaskRunner pid=14109)[0m                                                                 'skip_first': 0,
[36m(FullyAsyncTaskRunner pid=14109)[0m                                                                 'wait': 0,
[36m(FullyAsyncTaskRunner pid=14109)[0m                                                                 'warmup': 0}},
[36m(FullyAsyncTaskRunner pid=14109)[0m                                          'torch_memory': {'_target_': 'verl.utils.profiler.config.TorchMemoryToolConfig',
[36m(FullyAsyncTaskRunner pid=14109)[0m                                                           'stack_depth': 32,
[36m(FullyAsyncTaskRunner pid=14109)[0m                                                           'trace_alloc_max_entries': 100000}}},
[36m(FullyAsyncTaskRunner pid=14109)[0m             'rollout_n': 8,
[36m(FullyAsyncTaskRunner pid=14109)[0m             'shuffle': False,
[36m(FullyAsyncTaskRunner pid=14109)[0m             'strategy': 'fsdp',
[36m(FullyAsyncTaskRunner pid=14109)[0m             'ulysses_sequence_parallel_size': 1,
[36m(FullyAsyncTaskRunner pid=14109)[0m             'use_dynamic_bsz': True},
[36m(FullyAsyncTaskRunner pid=14109)[0m  'data': {'apply_chat_template_kwargs': {},
[36m(FullyAsyncTaskRunner pid=14109)[0m           'audio_key': 'audios',
[36m(FullyAsyncTaskRunner pid=14109)[0m           'continuous_token': {'enable': False, 'model_family': 'auto'},
[36m(FullyAsyncTaskRunner pid=14109)[0m           'custom_cls': {'name': None, 'path': None},
[36m(FullyAsyncTaskRunner pid=14109)[0m           'dataloader_num_workers': 8,
[36m(FullyAsyncTaskRunner pid=14109)[0m           'filter_overlong_prompts': False,
[36m(FullyAsyncTaskRunner pid=14109)[0m           'filter_overlong_prompts_workers': 1,
[36m(FullyAsyncTaskRunner pid=14109)[0m           'function_tool_path': None,
[36m(FullyAsyncTaskRunner pid=14109)[0m           'gen_batch_size': 1,
[36m(FullyAsyncTaskRunner pid=14109)[0m           'image_key': 'images',
[36m(FullyAsyncTaskRunner pid=14109)[0m           'image_patch_size': 14,
[36m(FullyAsyncTaskRunner pid=14109)[0m           'max_prompt_length': 2048,
[36m(FullyAsyncTaskRunner pid=14109)[0m           'max_response_length': 8192,
[36m(FullyAsyncTaskRunner pid=14109)[0m           'mm_processor_kwargs': {},
[36m(FullyAsyncTaskRunner pid=14109)[0m           'prompt_key': 'prompt',
[36m(FullyAsyncTaskRunner pid=14109)[0m           'return_full_prompt': False,
[36m(FullyAsyncTaskRunner pid=14109)[0m           'return_multi_modal_inputs': True,
[36m(FullyAsyncTaskRunner pid=14109)[0m           'return_raw_chat': True,
[36m(FullyAsyncTaskRunner pid=14109)[0m           'return_raw_input_ids': False,
[36m(FullyAsyncTaskRunner pid=14109)[0m           'reward_fn_key': 'data_source',
[36m(FullyAsyncTaskRunner pid=14109)[0m           'seed': None,
[36m(FullyAsyncTaskRunner pid=14109)[0m           'shuffle': True,
[36m(FullyAsyncTaskRunner pid=14109)[0m           'tokenizer': None,
[36m(FullyAsyncTaskRunner pid=14109)[0m           'tool_config_path': None,
[36m(FullyAsyncTaskRunner pid=14109)[0m           'train_batch_size': 0,
[36m(FullyAsyncTaskRunner pid=14109)[0m           'train_files': '/workspace/data/dapo_math/train.parquet',
[36m(FullyAsyncTaskRunner pid=14109)[0m           'train_max_samples': -1,
[36m(FullyAsyncTaskRunner pid=14109)[0m           'truncation': 'left',
[36m(FullyAsyncTaskRunner pid=14109)[0m           'trust_remote_code': False,
[36m(FullyAsyncTaskRunner pid=14109)[0m           'use_shm': False,
[36m(FullyAsyncTaskRunner pid=14109)[0m           'val_batch_size': None,
[36m(FullyAsyncTaskRunner pid=14109)[0m           'val_files': '/workspace/data/dapo_math/val.parquet',
[36m(FullyAsyncTaskRunner pid=14109)[0m           'val_max_samples': -1,
[36m(FullyAsyncTaskRunner pid=14109)[0m           'validation_shuffle': False,
[36m(FullyAsyncTaskRunner pid=14109)[0m           'video_key': 'videos'},
[36m(FullyAsyncTaskRunner pid=14109)[0m  'distillation': {'_target_': 'verl.workers.config.DistillationConfig',
[36m(FullyAsyncTaskRunner pid=14109)[0m                   'distillation_loss': {'_target_': 'verl.workers.config.DistillationLossConfig',
[36m(FullyAsyncTaskRunner pid=14109)[0m                                         'clip_ratio': 0.2,
[36m(FullyAsyncTaskRunner pid=14109)[0m                                         'clip_ratio_high': 0.2,
[36m(FullyAsyncTaskRunner pid=14109)[0m                                         'clip_ratio_low': 0.2,
[36m(FullyAsyncTaskRunner pid=14109)[0m                                         'distillation_loss_coef': 1.0,
[36m(FullyAsyncTaskRunner pid=14109)[0m                                         'log_prob_min_clamp': None,
[36m(FullyAsyncTaskRunner pid=14109)[0m                                         'loss_max_clamp': None,
[36m(FullyAsyncTaskRunner pid=14109)[0m                                         'loss_mode': 'k3',
[36m(FullyAsyncTaskRunner pid=14109)[0m                                         'policy_loss_mode': 'vanilla',
[36m(FullyAsyncTaskRunner pid=14109)[0m                                         'topk': 32,
[36m(FullyAsyncTaskRunner pid=14109)[0m                                         'use_policy_gradient': False,
[36m(FullyAsyncTaskRunner pid=14109)[0m                                         'use_task_rewards': True},
[36m(FullyAsyncTaskRunner pid=14109)[0m                   'enabled': False,
[36m(FullyAsyncTaskRunner pid=14109)[0m                   'n_gpus_per_node': 8,
[36m(FullyAsyncTaskRunner pid=14109)[0m                   'nnodes': 0,
[36m(FullyAsyncTaskRunner pid=14109)[0m                   'teacher_key': 'data_source',
[36m(FullyAsyncTaskRunner pid=14109)[0m                   'teacher_models': {'teacher_model': {'_target_': 'verl.workers.config.DistillationTeacherModelConfig',
[36m(FullyAsyncTaskRunner pid=14109)[0m                                                        'inference': {'_target_': 'verl.workers.config.RolloutConfig',
[36m(FullyAsyncTaskRunner pid=14109)[0m                                                                      'cudagraph_capture_sizes': None,
[36m(FullyAsyncTaskRunner pid=14109)[0m                                                                      'data_parallel_size': 1,
[36m(FullyAsyncTaskRunner pid=14109)[0m                                                                      'disable_log_stats': True,
[36m(FullyAsyncTaskRunner pid=14109)[0m                                                                      'dtype': 'bfloat16',
[36m(FullyAsyncTaskRunner pid=14109)[0m                                                                      'enable_chunked_prefill': True,
[36m(FullyAsyncTaskRunner pid=14109)[0m                                                                      'enable_prefix_caching': True,
[36m(FullyAsyncTaskRunner pid=14109)[0m                                                                      'enforce_eager': True,
[36m(FullyAsyncTaskRunner pid=14109)[0m                                                                      'engine_kwargs': {},
[36m(FullyAsyncTaskRunner pid=14109)[0m                                                                      'expert_parallel_size': 1,
[36m(FullyAsyncTaskRunner pid=14109)[0m                                                                      'free_cache_engine': True,
[36m(FullyAsyncTaskRunner pid=14109)[0m                                                                      'gpu_memory_utilization': 0.5,
[36m(FullyAsyncTaskRunner pid=14109)[0m                                                                      'limit_images': None,
[36m(FullyAsyncTaskRunner pid=14109)[0m                                                                      'load_format': 'auto',
[36m(FullyAsyncTaskRunner pid=14109)[0m                                                                      'max_model_len': None,
[36m(FullyAsyncTaskRunner pid=14109)[0m                                                                      'max_num_batched_tokens': 8192,
[36m(FullyAsyncTaskRunner pid=14109)[0m                                                                      'max_num_seqs': 1024,
[36m(FullyAsyncTaskRunner pid=14109)[0m                                                                      'name': 'vllm',
[36m(FullyAsyncTaskRunner pid=14109)[0m                                                                      'prompt_length': 2048,
[36m(FullyAsyncTaskRunner pid=14109)[0m                                                                      'response_length': 8192,
[36m(FullyAsyncTaskRunner pid=14109)[0m                                                                      'skip_tokenizer_init': True,
[36m(FullyAsyncTaskRunner pid=14109)[0m                                                                      'temperature': 1.0,
[36m(FullyAsyncTaskRunner pid=14109)[0m                                                                      'tensor_model_parallel_size': 2},
[36m(FullyAsyncTaskRunner pid=14109)[0m                                                        'key': None,
[36m(FullyAsyncTaskRunner pid=14109)[0m                                                        'model_path': None,
[36m(FullyAsyncTaskRunner pid=14109)[0m                                                        'num_replicas': 0}}},
[36m(FullyAsyncTaskRunner pid=14109)[0m  'global_profiler': {'_target_': 'verl.utils.profiler.ProfilerConfig',
[36m(FullyAsyncTaskRunner pid=14109)[0m                      'global_tool_config': {'nsys': {'_target_': 'verl.utils.profiler.config.NsightToolConfig',
[36m(FullyAsyncTaskRunner pid=14109)[0m                                                      'controller_nsight_options': {'cuda-graph-trace': 'graph',
[36m(FullyAsyncTaskRunner pid=14109)[0m                                                                                    'cuda-memory-usage': 'true',
[36m(FullyAsyncTaskRunner pid=14109)[0m                                                                                    'trace': 'cuda,nvtx,cublas,ucx'},
[36m(FullyAsyncTaskRunner pid=14109)[0m                                                      'discrete': False,
[36m(FullyAsyncTaskRunner pid=14109)[0m                                                      'worker_nsight_options': {'capture-range': 'cudaProfilerApi',
[36m(FullyAsyncTaskRunner pid=14109)[0m                                                                                'capture-range-end': None,
[36m(FullyAsyncTaskRunner pid=14109)[0m                                                                                'cuda-graph-trace': 'graph',
[36m(FullyAsyncTaskRunner pid=14109)[0m                                                                                'cuda-memory-usage': 'true',
[36m(FullyAsyncTaskRunner pid=14109)[0m                                                                                'kill': 'none',
[36m(FullyAsyncTaskRunner pid=14109)[0m                                                                                'trace': 'cuda,nvtx,cublas,ucx'}},
[36m(FullyAsyncTaskRunner pid=14109)[0m                                             'precision_debugger': {'_target_': 'verl.utils.profiler.config.PrecisionDebuggerToolConfig',
[36m(FullyAsyncTaskRunner pid=14109)[0m                                                                    'config_path': None,
[36m(FullyAsyncTaskRunner pid=14109)[0m                                                                    'stages': None,
[36m(FullyAsyncTaskRunner pid=14109)[0m                                                                    'steps': None,
[36m(FullyAsyncTaskRunner pid=14109)[0m                                                                    'strict': False},
[36m(FullyAsyncTaskRunner pid=14109)[0m                                             'torch_memory': {'context': 'all',
[36m(FullyAsyncTaskRunner pid=14109)[0m                                                              'kw_args': {},
[36m(FullyAsyncTaskRunner pid=14109)[0m                                                              'stack_depth': 32,
[36m(FullyAsyncTaskRunner pid=14109)[0m                                                              'stacks': 'all',
[36m(FullyAsyncTaskRunner pid=14109)[0m                                                              'trace_alloc_max_entries': 100000}},
[36m(FullyAsyncTaskRunner pid=14109)[0m                      'profile_continuous_steps': False,
[36m(FullyAsyncTaskRunner pid=14109)[0m                      'save_path': 'outputs/profile',
[36m(FullyAsyncTaskRunner pid=14109)[0m                      'steps': None,
[36m(FullyAsyncTaskRunner pid=14109)[0m                      'tool': None},
[36m(FullyAsyncTaskRunner pid=14109)[0m  'model_engine': 'dp',
[36m(FullyAsyncTaskRunner pid=14109)[0m  'ray_kwargs': {'ray_init': {'num_cpus': None}, 'timeline_json_file': None},
[36m(FullyAsyncTaskRunner pid=14109)[0m  'reward': {'_target_': 'verl.workers.config.RewardConfig',
[36m(FullyAsyncTaskRunner pid=14109)[0m             'custom_reward_function': {'name': 'compute_score', 'path': None},
[36m(FullyAsyncTaskRunner pid=14109)[0m             'num_workers': 8,
[36m(FullyAsyncTaskRunner pid=14109)[0m             'reward_manager': {'_target_': 'verl.workers.config.reward.RewardManagerConfig',
[36m(FullyAsyncTaskRunner pid=14109)[0m                                'module': {'_target_': 'verl.trainer.config.config.ModuleConfig',
[36m(FullyAsyncTaskRunner pid=14109)[0m                                           'name': 'custom_reward_manager',
[36m(FullyAsyncTaskRunner pid=14109)[0m                                           'path': None},
[36m(FullyAsyncTaskRunner pid=14109)[0m                                'name': 'naive',
[36m(FullyAsyncTaskRunner pid=14109)[0m                                'source': 'register'},
[36m(FullyAsyncTaskRunner pid=14109)[0m             'reward_model': {'_target_': 'verl.workers.config.RewardModelConfig',
[36m(FullyAsyncTaskRunner pid=14109)[0m                              'enable': False,
[36m(FullyAsyncTaskRunner pid=14109)[0m                              'enable_resource_pool': False,
[36m(FullyAsyncTaskRunner pid=14109)[0m                              'model_path': None,
[36m(FullyAsyncTaskRunner pid=14109)[0m                              'n_gpus_per_node': 8,
[36m(FullyAsyncTaskRunner pid=14109)[0m                              'nnodes': 0,
[36m(FullyAsyncTaskRunner pid=14109)[0m                              'rollout': {'_target_': 'verl.workers.config.RolloutConfig',
[36m(FullyAsyncTaskRunner pid=14109)[0m                                          'cudagraph_capture_sizes': None,
[36m(FullyAsyncTaskRunner pid=14109)[0m                                          'data_parallel_size': 1,
[36m(FullyAsyncTaskRunner pid=14109)[0m                                          'disable_log_stats': True,
[36m(FullyAsyncTaskRunner pid=14109)[0m                                          'disaggregation': {'bootstrap_port': None,
[36m(FullyAsyncTaskRunner pid=14109)[0m                                                             'decode_replicas': 1,
[36m(FullyAsyncTaskRunner pid=14109)[0m                                                             'decode_tensor_model_parallel_size': None,
[36m(FullyAsyncTaskRunner pid=14109)[0m                                                             'enabled': False,
[36m(FullyAsyncTaskRunner pid=14109)[0m                                                             'ib_device': None,
[36m(FullyAsyncTaskRunner pid=14109)[0m                                                             'prefill_replicas': 1,
[36m(FullyAsyncTaskRunner pid=14109)[0m                                                             'transfer_backend': 'nixl'},
[36m(FullyAsyncTaskRunner pid=14109)[0m                                          'do_sample': True,
[36m(FullyAsyncTaskRunner pid=14109)[0m                                          'dtype': 'bfloat16',
[36m(FullyAsyncTaskRunner pid=14109)[0m                                          'enable_chunked_prefill': True,
[36m(FullyAsyncTaskRunner pid=14109)[0m                                          'enable_prefix_caching': True,
[36m(FullyAsyncTaskRunner pid=14109)[0m                                          'enforce_eager': True,
[36m(FullyAsyncTaskRunner pid=14109)[0m                                          'engine_kwargs': {},
[36m(FullyAsyncTaskRunner pid=14109)[0m                                          'expert_parallel_size': 1,
[36m(FullyAsyncTaskRunner pid=14109)[0m                                          'free_cache_engine': True,
[36m(FullyAsyncTaskRunner pid=14109)[0m                                          'full_determinism': False,
[36m(FullyAsyncTaskRunner pid=14109)[0m                                          'gpu_memory_utilization': 0.5,
[36m(FullyAsyncTaskRunner pid=14109)[0m                                          'ignore_eos': False,
[36m(FullyAsyncTaskRunner pid=14109)[0m                                          'layered_summon': 
[36m(FullyAsyncTaskRunner pid=14109)[0m False
[36m(FullyAsyncTaskRunner pid=14109)[0m ,
[36m(FullyAsyncTaskRunner pid=14109)[0m                                          'limit_images': None,
[36m(FullyAsyncTaskRunner pid=14109)[0m                                          'load_format': 'auto',
[36m(FullyAsyncTaskRunner pid=14109)[0m                                          'max_model_len': None,
[36m(FullyAsyncTaskRunner pid=14109)[0m                                          'max_num_batched_tokens': 8192,
[36m(FullyAsyncTaskRunner pid=14109)[0m                                          'max_num_seqs': 1024,
[36m(FullyAsyncTaskRunner pid=14109)[0m                                          'mtp': None,
[36m(FullyAsyncTaskRunner pid=14109)[0m                                          'multi_stage_wake_up': False,
[36m(FullyAsyncTaskRunner pid=14109)[0m                                          'n': 1,
[36m(FullyAsyncTaskRunner pid=14109)[0m                                          'name': '???',
[36m(FullyAsyncTaskRunner pid=14109)[0m                                          'pipeline_model_parallel_size': 1,
[36m(FullyAsyncTaskRunner pid=14109)[0m                                          'prompt_length': 2048,
[36m(FullyAsyncTaskRunner pid=14109)[0m                                          'quantization': None,
[36m(FullyAsyncTaskRunner pid=14109)[0m                                          'quantization_config_file': None,
[36m(FullyAsyncTaskRunner pid=14109)[0m                                          'response_length': 2048,
[36m(FullyAsyncTaskRunner pid=14109)[0m                                          'scheduling_policy': 'fcfs',
[36m(FullyAsyncTaskRunner pid=14109)[0m                                          'seed': 42,
[36m(FullyAsyncTaskRunner pid=14109)[0m                                          'skip_tokenizer_init': False,
[36m(FullyAsyncTaskRunner pid=14109)[0m                                          'temperature': 1.0,
[36m(FullyAsyncTaskRunner pid=14109)[0m                                          'tensor_model_parallel_size': 2,
[36m(FullyAsyncTaskRunner pid=14109)[0m                                          'top_k': -1,
[36m(FullyAsyncTaskRunner pid=14109)[0m                                          'top_p': 1}},
[36m(FullyAsyncTaskRunner pid=14109)[0m             'sandbox_fusion': {'_target_': 'verl.workers.config.SandboxFusionConfig',
[36m(FullyAsyncTaskRunner pid=14109)[0m                                'max_concurrent': 64,
[36m(FullyAsyncTaskRunner pid=14109)[0m                                'memory_limit_mb': 1024,
[36m(FullyAsyncTaskRunner pid=14109)[0m                                'url': None}},
[36m(FullyAsyncTaskRunner pid=14109)[0m  'rollout': {'n': 4,
[36m(FullyAsyncTaskRunner pid=14109)[0m              'n_gpus_per_node': 1,
[36m(FullyAsyncTaskRunner pid=14109)[0m              'nnodes': 1,
[36m(FullyAsyncTaskRunner pid=14109)[0m              'total_rollout_steps': 65536},
[36m(FullyAsyncTaskRunner pid=14109)[0m  'skip': {'_target_': 'verl.utils.skip.SkipManagerConfig',
[36m(FullyAsyncTaskRunner pid=14109)[0m           'async_rollout': {'action': 'cache',
[36m(FullyAsyncTaskRunner pid=14109)[0m                             'dump_dir': '~/.verl/rollout_dump',
[36m(FullyAsyncTaskRunner pid=14109)[0m                             'enable': False,
[36m(FullyAsyncTaskRunner pid=14109)[0m                             'steps': []},
[36m(FullyAsyncTaskRunner pid=14109)[0m           'rollout': {'action': 'cache',
[36m(FullyAsyncTaskRunner pid=14109)[0m                       'dump_dir': '~/.verl/rollout_dump',
[36m(FullyAsyncTaskRunner pid=14109)[0m                       'enable': False,
[36m(FullyAsyncTaskRunner pid=14109)[0m                       'steps': []},
[36m(FullyAsyncTaskRunner pid=14109)[0m           'rollout_tq': {'action': 'cache',
[36m(FullyAsyncTaskRunner pid=14109)[0m                          'dump_dir': '~/.verl/rollout_dump',
[36m(FullyAsyncTaskRunner pid=14109)[0m                          'enable': False,
[36m(FullyAsyncTaskRunner pid=14109)[0m                          'steps': []}},
[36m(FullyAsyncTaskRunner pid=14109)[0m  'trainer': {'balance_batch': True,
[36m(FullyAsyncTaskRunner pid=14109)[0m              'critic_warmup': 0,
[36m(FullyAsyncTaskRunner pid=14109)[0m              'default_hdfs_dir': None,
[36m(FullyAsyncTaskRunner pid=14109)[0m              'default_local_dir': '/workspace/results/ckpts',
[36m(FullyAsyncTaskRunner pid=14109)[0m              'del_local_ckpt_after_load': False,
[36m(FullyAsyncTaskRunner pid=14109)[0m              'device': 'cuda',
[36m(FullyAsyncTaskRunner pid=14109)[0m              'esi_redundant_time': 0,
[36m(FullyAsyncTaskRunner pid=14109)[0m              'experiment_name': 'r1distill1.5b-dapomath-s10000',
[36m(FullyAsyncTaskRunner pid=14109)[0m              'log_val_generations': 0,
[36m(FullyAsyncTaskRunner pid=14109)[0m              'logger': ['console'],
[36m(FullyAsyncTaskRunner pid=14109)[0m              'max_actor_ckpt_to_keep': None,
[36m(FullyAsyncTaskRunner pid=14109)[0m              'max_critic_ckpt_to_keep': None,
[36m(FullyAsyncTaskRunner pid=14109)[0m              'n_gpus_per_node': 1,
[36m(FullyAsyncTaskRunner pid=14109)[0m              'nnodes': 1,
[36m(FullyAsyncTaskRunner pid=14109)[0m              'project_name': 'async-longcot',
[36m(FullyAsyncTaskRunner pid=14109)[0m              'ray_wait_register_center_timeout': 300,
[36m(FullyAsyncTaskRunner pid=14109)[0m              'resume_from_path': None,
[36m(FullyAsyncTaskRunner pid=14109)[0m              'resume_mode': 'disable',
[36m(FullyAsyncTaskRunner pid=14109)[0m              'rollout_data_dir': None,
[36m(FullyAsyncTaskRunner pid=14109)[0m              'save_freq': -1,
[36m(FullyAsyncTaskRunner pid=14109)[0m              'test_freq': -1,
[36m(FullyAsyncTaskRunner pid=14109)[0m              'total_epochs': 10,
[36m(FullyAsyncTaskRunner pid=14109)[0m              'total_training_steps': None,
[36m(FullyAsyncTaskRunner pid=14109)[0m              'use_v1': True,
[36m(FullyAsyncTaskRunner pid=14109)[0m              'v1': {'colocate_async': {'num_warmup_batches': 1},
[36m(FullyAsyncTaskRunner pid=14109)[0m                     'sampler': {'custom_sampler': {'name': None, 'path': None},
[36m(FullyAsyncTaskRunner pid=14109)[0m                                 'max_off_policy_strategy': 'drop',
[36m(FullyAsyncTaskRunner pid=14109)[0m                                 'max_off_policy_threshold': 8,
[36m(FullyAsyncTaskRunner pid=14109)[0m                                 'sampler_kwargs': {},
[36m(FullyAsyncTaskRunner pid=14109)[0m                                 'sync_refill_failed_groups': False},
[36m(FullyAsyncTaskRunner pid=14109)[0m                     'separate_async': {'num_warmup_batches': 1,
[36m(FullyAsyncTaskRunner pid=14109)[0m                                        'parameter_sync_step': 4},
[36m(FullyAsyncTaskRunner pid=14109)[0m                     'sync': {},
[36m(FullyAsyncTaskRunner pid=14109)[0m                     'trainer_mode': 'sync'},
[36m(FullyAsyncTaskRunner pid=14109)[0m              'val_before_train': False,
[36m(FullyAsyncTaskRunner pid=14109)[0m              'val_only': False,
[36m(FullyAsyncTaskRunner pid=14109)[0m              'validation_data_dir': None},
[36m(FullyAsyncTaskRunner pid=14109)[0m  'transfer_queue': {'backend': {'MooncakeStore': {'auto_init': False,
[36m(FullyAsyncTaskRunner pid=14109)[0m                                                   'device_name': '',
[36m(FullyAsyncTaskRunner pid=14109)[0m                                                   'global_segment_size': 4294967296,
[36m(FullyAsyncTaskRunner pid=14109)[0m                                                   'local_buffer_size': 1073741824,
[36m(FullyAsyncTaskRunner pid=14109)[0m                                                   'local_hostname': 'localhost',
[36m(FullyAsyncTaskRunner pid=14109)[0m                                                   'master_server_address': 'localhost:50124',
[36m(FullyAsyncTaskRunner pid=14109)[0m                                                   'metadata_server': 'localhost:50123',
[36m(FullyAsyncTaskRunner pid=14109)[0m                                                   'protocol': 'tcp'},
[36m(FullyAsyncTaskRunner pid=14109)[0m                                 'SimpleStorage': {'num_data_storage_units': 8,
[36m(FullyAsyncTaskRunner pid=14109)[0m                                                   'total_storage_size': 100000},
[36m(FullyAsyncTaskRunner pid=14109)[0m                                 'storage_backend': 'SimpleStorage'},
[36m(FullyAsyncTaskRunner pid=14109)[0m                     'enable': False,
[36m(FullyAsyncTaskRunner pid=14109)[0m                     'metrics': {'enabled': False, 'port': 0}}}
[36m(FullyAsyncTaskRunner pid=14109)[0m [ASYNC MAIN] Initializing model and tokenizer...
[36m(FullyAsyncTaskRunner pid=14109)[0m [ASYNC MAIN] Creating worker mapping and resource pools...
[36m(FullyAsyncTaskRunner pid=14109)[0m [ASYNC MAIN] Creating FullyAsyncTrainer first (needed for hybrid worker group injection)...
[36m(FullyAsyncTaskRunner pid=14109)[0m [ASYNC MAIN] Starting create trainer...
[36m(pid=15032)[0m WARNING:2026-07-26 02:58:32,696:Platform 'nvidia' (PlatformCUDA) is registered but not available. This may be due to this ray actor being a CPU-only actor.
[36m(pid=15032)[0m W0726 02:58:33.630000 15032 torch/utils/cpp_extension.py:140] No CUDA runtime is found, using CUDA_HOME='/usr/local/cuda'
[36m(FullyAsyncTrainer pid=15032)[0m colocated worker base class <class 'verl.single_controller.base.worker.Worker'>
[36m(FullyAsyncTrainer pid=15032)[0m /workspace/verl-src/verl/experimental/fully_async_policy/fully_async_trainer.py:92: UserWarning: Disabled critic as algorithm.adv_estimator != gae. If it is not intended, please set critic.enable=True
[36m(FullyAsyncTrainer pid=15032)[0m   self.use_critic = need_critic(self.config)
[36m(FullyAsyncTrainer pid=15032)[0m Using blocking ray.get inside async actor. This blocks the event loop. Please use `await` on object ref with asyncio.gather if you want to yield execution to the event loop instead.
[36m(WorkerDict pid=16205)[0m Flash Attention 2 only supports torch.float16 and torch.bfloat16 dtypes, but the current dype in Qwen2ForCausalLM is torch.float32. You should run training or inference using Automatic Mixed-Precision via the `with torch.autocast(device_type='torch_device'):` decorator, or load the model with the `dtype` argument. Example: `model = AutoModel.from_pretrained("openai/whisper-tiny", attn_implementation="flash_attention_2", dtype=torch.float16)`
[36m(WorkerDict pid=16205)[0m Flash Attention 2 only supports torch.float16 and torch.bfloat16 dtypes, but the current dype in Qwen2Model is torch.float32. You should run training or inference using Automatic Mixed-Precision via the `with torch.autocast(device_type='torch_device'):` decorator, or load the model with the `dtype` argument. Example: `model = AutoModel.from_pretrained("openai/whisper-tiny", attn_implementation="flash_attention_2", dtype=torch.float16)`
[36m(WorkerDict pid=16205)[0m Loading weights:   0%|          | 0/339 [00:00<?, ?it/s]
[36m(WorkerDict pid=16205)[0m Loading weights:   0%|          | 1/339 [00:00<02:19,  2.42it/s]
[36m(WorkerDict pid=16205)[0m Loading weights:  51%|█████     | 172/339 [00:00<00:00, 432.24it/s]
[36m(WorkerDict pid=16205)[0m Loading weights:  78%|███████▊  | 265/339 [00:00<00:00, 472.04it/s]
[36m(WorkerDict pid=16205)[0m Loading weights: 100%|██████████| 339/339 [00:00<00:00, 411.04it/s]
[36m(WorkerDict pid=16205)[0m Monkey patch state_dict in AutoModelForCausalLMWithValueHead. 
[36m(WorkerDict pid=16205)[0m Monkey patch _flash_attention_forward in transformers.integrations.flash_attention
[36m(WorkerDict pid=16205)[0m Skipping monkey patch for Qwen2ForCausalLM as use_fused_kernels is False or fused_kernels_backend is torch
[36m(WorkerDict pid=16205)[0m Qwen2ForCausalLM contains 1.78B parameters
[36m(WorkerDict pid=16205)[0m /usr/local/lib/python3.12/dist-packages/torch/distributed/fsdp/fully_sharded_data_parallel.py:478: UserWarning: FSDP is switching to use `NO_SHARD` instead of ShardingStrategy.FULL_SHARD since the world size is 1.
[36m(WorkerDict pid=16205)[0m   _init_core_state(
[36m(WorkerDict pid=16205)[0m Before FSDP, memory allocated (GB): 0.00, memory reserved (GB): 0.00, device memory used/total (GB): 0.51/79.18
[36m(WorkerDict pid=16205)[0m NCCL version 2.28.9+cuda13.0
[36m(WorkerDict pid=16205)[0m /workspace/verl-src/verl/workers/engine/fsdp/transformer_impl.py:459: FutureWarning: FSDP.state_dict_type() and FSDP.set_state_dict_type() are being deprecated. Please use APIs, get_state_dict() and set_state_dict(), which can support different parallelisms, FSDP1, FSDP2, DDP. API doc: https://pytorch.org/docs/stable/distributed.checkpoint.html#torch.distributed.checkpoint.state_dict.get_state_dict .Tutorial: https://pytorch.org/tutorials/recipes/distributed_checkpoint_recipe.html .
[36m(WorkerDict pid=16205)[0m   FSDP.set_state_dict_type(
[36m(WorkerDict pid=16205)[0m After FSDP, memory allocated (GB): 6.62, memory reserved (GB): 10.35, device memory used/total (GB): 11.50/79.18
[36m(WorkerDict pid=16205)[0m Total steps: -1, num_warmup_steps: 0
[36m(FullyAsyncTaskRunner pid=14109)[0m [ASYNC MAIN] FullyAsyncTrainer created and initialized successfully
[36m(FullyAsyncTaskRunner pid=14109)[0m [ASYNC MAIN] Injecting trainer's worker group into rollouter for hybrid replicas...
[36m(FullyAsyncTaskRunner pid=14109)[0m [ASYNC MAIN] Neither use_trainer_do_validate nor use_dynamic_resource_scheduling enabled, skipping hybrid worker group setup
[36m(FullyAsyncTaskRunner pid=14109)[0m [ASYNC MAIN] Creating FullyAsyncRollouter...
[36m(FullyAsyncTaskRunner pid=14109)[0m [ASYNC MAIN] Starting create rollouter...
[36m(pid=17027)[0m WARNING:2026-07-26 02:58:58,254:Platform 'nvidia' (PlatformCUDA) is registered but not available. This may be due to this ray actor being a CPU-only actor.
[36m(pid=17027)[0m W0726 02:58:59.175000 17027 torch/utils/cpp_extension.py:140] No CUDA runtime is found, using CUDA_HOME='/usr/local/cuda'
[36m(FullyAsyncRollouter pid=17027)[0m [FullyAsyncRollouter] Creating datasets...
[36m(FullyAsyncRollouter pid=17027)[0m Using dataset class: RLHFDataset
[36m(FullyAsyncRollouter pid=17027)[0m Generating train split: 0 examples [00:00, ? examples/s]Generating train split: 512 examples [00:00, 110524.12 examples/s]
[36m(FullyAsyncRollouter pid=17027)[0m dataset len: 512
[36m(FullyAsyncRollouter pid=17027)[0m Using dataset class: RLHFDataset
[36m(FullyAsyncRollouter pid=17027)[0m Generating train split: 0 examples [00:00, ? examples/s]
[36m(FullyAsyncRollouter pid=17027)[0m Generating train split: 64 examples [00:00, 25477.93 examples/s]
[36m(FullyAsyncRollouter pid=17027)[0m dataset len: 64
[36m(FullyAsyncRollouter pid=17027)[0m Size of train dataloader: 512, Size of val dataloader: 1
[36m(FullyAsyncRollouter pid=17027)[0m Total training steps: 5120
[36m(FullyAsyncRollouter pid=17027)[0m [FullyAsyncRollouter] Total rollout steps: 5120
[36m(FullyAsyncRollouter pid=17027)[0m WARNING 07-26 02:59:04 [nixl_utils.py:34] NIXL is not available
[36m(FullyAsyncRollouter pid=17027)[0m WARNING 07-26 02:59:04 [nixl_utils.py:44] NIXL agent config is not available
[36m(FullyAsyncRollouter pid=17027)[0m Using blocking ray.get inside async actor. This blocks the event loop. Please use `await` on object ref with asyncio.gather if you want to yield execution to the event loop instead.
[36m(CheckpointEngineWorker pid=18470)[0m WARNING 07-26 02:59:13 [nixl_utils.py:34] NIXL is not available
[36m(CheckpointEngineWorker pid=18470)[0m WARNING 07-26 02:59:13 [nixl_utils.py:44] NIXL agent config is not available
[36m(pid=19201)[0m WARNING 07-26 02:59:23 [nixl_utils.py:34] NIXL is not available
[36m(pid=19201)[0m WARNING 07-26 02:59:23 [nixl_utils.py:44] NIXL agent config is not available
[36m(vLLMHttpServer pid=19201)[0m ['serve',
[36m(vLLMHttpServer pid=19201)[0m  '/workspace/models/DeepSeek-R1-Distill-Qwen-1.5B',
[36m(vLLMHttpServer pid=19201)[0m  '--dtype',
[36m(vLLMHttpServer pid=19201)[0m  'bfloat16',
[36m(vLLMHttpServer pid=19201)[0m  '--load_format',
[36m(vLLMHttpServer pid=19201)[0m  'auto',
[36m(vLLMHttpServer pid=19201)[0m  '--distributed_executor_backend',
[36m(vLLMHttpServer pid=19201)[0m  'mp',
[36m(vLLMHttpServer pid=19201)[0m  '--worker_extension_cls',
[36m(vLLMHttpServer pid=19201)[0m  'verl.workers.rollout.vllm_rollout.utils.vLLMColocateWorkerExtension',
[36m(vLLMHttpServer pid=19201)[0m  '--max_model_len',
[36m(vLLMHttpServer pid=19201)[0m  '131072',
[36m(vLLMHttpServer pid=19201)[0m  '--max_num_seqs',
[36m(vLLMHttpServer pid=19201)[0m  '1024',
[36m(vLLMHttpServer pid=19201)[0m  '--enable_chunked_prefill',
[36m(vLLMHttpServer pid=19201)[0m  '--max_num_batched_tokens',
[36m(vLLMHttpServer pid=19201)[0m  '8192',
[36m(vLLMHttpServer pid=19201)[0m  '--enable_prefix_caching',
[36m(vLLMHttpServer pid=19201)[0m  '--enable_sleep_mode',
[36m(vLLMHttpServer pid=19201)[0m  '--logprobs_mode',
[36m(vLLMHttpServer pid=19201)[0m  'processed_logprobs',
[36m(vLLMHttpServer pid=19201)[0m  '--gpu_memory_utilization',
[36m(vLLMHttpServer pid=19201)[0m  '0.8',
[36m(vLLMHttpServer pid=19201)[0m  '--disable_log_stats',
[36m(vLLMHttpServer pid=19201)[0m  '--tensor_parallel_size',
[36m(vLLMHttpServer pid=19201)[0m  '1',
[36m(vLLMHttpServer pid=19201)[0m  '--seed',
[36m(vLLMHttpServer pid=19201)[0m  '42',
[36m(vLLMHttpServer pid=19201)[0m  '--override_generation_config',
[36m(vLLMHttpServer pid=19201)[0m  '{"temperature": 1.0, "top_k": -1, "top_p": 1.0, "repetition_penalty": 1.0, '
[36m(vLLMHttpServer pid=19201)[0m  '"max_new_tokens": 8192}',
[36m(vLLMHttpServer pid=19201)[0m  '--hf_overrides',
[36m(vLLMHttpServer pid=19201)[0m  '{}',
[36m(vLLMHttpServer pid=19201)[0m  '--scheduling_policy',
[36m(vLLMHttpServer pid=19201)[0m  'fcfs',
[36m(vLLMHttpServer pid=19201)[0m  '--compilation_config',
[36m(vLLMHttpServer pid=19201)[0m  '{"cudagraph_mode": "FULL_AND_PIECEWISE"}',
[36m(vLLMHttpServer pid=19201)[0m  '--mm_processor_cache_gb',
[36m(vLLMHttpServer pid=19201)[0m  '0']
[36m(vLLMHttpServer pid=19201)[0m WARNING 07-26 02:59:25 [envs.py:1830] Unknown vLLM environment variable detected: VLLM_USE_V1
[36m(vLLMHttpServer pid=19201)[0m WARNING 07-26 02:59:33 [system_utils.py:157] We must use the `spawn` multiprocessing start method. Overriding VLLM_WORKER_MULTIPROC_METHOD to 'spawn'. See https://docs.vllm.ai/en/latest/usage/troubleshooting.html#python-multiprocessing for more information. Reasons: In a Ray actor and can only be spawned; CUDA is initialized
[36m(vLLMHttpServer pid=19201)[0m WARNING 07-26 02:59:45 [nixl_utils.py:34] NIXL is not available
[36m(vLLMHttpServer pid=19201)[0m WARNING 07-26 02:59:45 [nixl_utils.py:44] NIXL agent config is not available
[36m(vLLMHttpServer pid=19201)[0m (Worker pid=20570) Loading safetensors checkpoint shards:   0% Completed | 0/1 [00:00<?, ?it/s]
[36m(vLLMHttpServer pid=19201)[0m (Worker pid=20570) Loading safetensors checkpoint shards: 100% Completed | 1/1 [00:00<00:00,  1.71it/s]
[36m(vLLMHttpServer pid=19201)[0m (Worker pid=20570) Loading safetensors checkpoint shards: 100% Completed | 1/1 [00:00<00:00,  1.71it/s]
[36m(vLLMHttpServer pid=19201)[0m (Worker pid=20570) 
[36m(vLLMHttpServer pid=19201)[0m (Worker pid=20570) 2026-07-26 03:00:11,000 - INFO - autotuner.py:457 - flashinfer.jit: [Autotuner]: Autotuning process starts ...
[36m(vLLMHttpServer pid=19201)[0m (Worker pid=20570) 2026-07-26 03:00:11,010 - INFO - autotuner.py:466 - flashinfer.jit: [Autotuner]: Autotuning process ends
[36m(vLLMHttpServer pid=19201)[0m (Worker pid=20570) Capturing CUDA graphs (mixed prefill-decode, PIECEWISE):   0%|          | 0/51 [00:00<?, ?it/s]
[36m(vLLMHttpServer pid=19201)[0m Capturing CUDA graphs (mixed prefill-decode, PIECEWISE):   8%|▊         | 4/51 [00:00<00:01, 37.30it/s]
[36m(vLLMHttpServer pid=19201)[0m Capturing CUDA graphs (mixed prefill-decode, PIECEWISE):  16%|█▌        | 8/51 [00:00<00:01, 33.63it/s]
[36m(vLLMHttpServer pid=19201)[0m Capturing CUDA graphs (mixed prefill-decode, PIECEWISE):  24%|██▎       | 12/51 [00:00<00:01, 32.68it/s]
[36m(vLLMHttpServer pid=19201)[0m Capturing CUDA graphs (mixed prefill-decode, PIECEWISE):  31%|███▏      | 16/51 [00:00<00:01, 33.14it/s]
[36m(vLLMHttpServer pid=19201)[0m Capturing CUDA graphs (mixed prefill-decode, PIECEWISE):  39%|███▉      | 20/51 [00:00<00:00, 33.36it/s]
[36m(vLLMHttpServer pid=19201)[0m Capturing CUDA graphs (mixed prefill-decode, PIECEWISE):  47%|████▋     | 24/51 [00:00<00:00, 30.33it/s]
[36m(vLLMHttpServer pid=19201)[0m Capturing CUDA graphs (mixed prefill-decode, PIECEWISE):  55%|█████▍    | 28/51 [00:00<00:00, 30.84it/s]
[36m(vLLMHttpServer pid=19201)[0m Capturing CUDA graphs (mixed prefill-decode, PIECEWISE):  63%|██████▎   | 32/51 [00:01<00:00, 30.80it/s]
[36m(vLLMHttpServer pid=19201)[0m Capturing CUDA graphs (mixed prefill-decode, PIECEWISE):  71%|███████   | 36/51 [00:01<00:00, 31.14it/s]
[36m(vLLMHttpServer pid=19201)[0m Capturing CUDA graphs (mixed prefill-decode, PIECEWISE):  78%|███████▊  | 40/51 [00:01<00:00, 30.05it/s]
[36m(vLLMHttpServer pid=19201)[0m Capturing CUDA graphs (mixed prefill-decode, PIECEWISE):  86%|████████▋ | 44/51 [00:01<00:00, 29.39it/s]
[36m(vLLMHttpServer pid=19201)[0m Capturing CUDA graphs (mixed prefill-decode, PIECEWISE):  92%|█████████▏| 47/51 [00:01<00:00, 29.06it/s]
[36m(vLLMHttpServer pid=19201)[0m Capturing CUDA graphs (mixed prefill-decode, PIECEWISE): 100%|██████████| 51/51 [00:01<00:00, 29.68it/s]Capturing CUDA graphs (mixed prefill-decode, PIECEWISE): 100%|██████████| 51/51 [00:01<00:00, 30.81it/s]
[36m(vLLMHttpServer pid=19201)[0m (Worker pid=20570) Capturing CUDA graphs (decode, FULL):   0%|          | 0/51 [00:00<?, ?it/s]
[36m(vLLMHttpServer pid=19201)[0m Capturing CUDA graphs (decode, FULL):  10%|▉         | 5/51 [00:00<00:00, 48.78it/s]
[36m(vLLMHttpServer pid=19201)[0m Capturing CUDA graphs (decode, FULL):  20%|█▉        | 10/51 [00:00<00:00, 49.01it/s]
[36m(vLLMHttpServer pid=19201)[0m Capturing CUDA graphs (decode, FULL):  29%|██▉       | 15/51 [00:00<00:00, 48.86it/s]
[36m(vLLMHttpServer pid=19201)[0m Capturing CUDA graphs (decode, FULL):  39%|███▉      | 20/51 [00:00<00:00, 48.87it/s]
[36m(vLLMHttpServer pid=19201)[0m Capturing CUDA graphs (decode, FULL):  49%|████▉     | 25/51 [00:00<00:00, 48.83it/s]
[36m(vLLMHttpServer pid=19201)[0m Capturing CUDA graphs (decode, FULL):  59%|█████▉    | 30/51 [00:00<00:00, 48.88it/s]
[36m(vLLMHttpServer pid=19201)[0m Capturing CUDA graphs (decode, FULL):  69%|██████▊   | 35/51 [00:00<00:00, 48.94it/s]
[36m(vLLMHttpServer pid=19201)[0m Capturing CUDA graphs (decode, FULL):  78%|███████▊  | 40/51 [00:00<00:00, 49.03it/s]
[36m(vLLMHttpServer pid=19201)[0m Capturing CUDA graphs (decode, FULL):  90%|█████████ | 46/51 [00:00<00:00, 49.55it/s]Capturing CUDA graphs (decode, FULL): 100%|██████████| 51/51 [00:01<00:00, 49.34it/s]
[36m(vLLMHttpServer pid=19201)[0m (EngineCore pid=20179) WARNING 07-26 03:00:16 [nixl_utils.py:34] NIXL is not available
[36m(vLLMHttpServer pid=19201)[0m (EngineCore pid=20179) WARNING 07-26 03:00:16 [nixl_utils.py:44] NIXL agent config is not available
[36m(vLLMHttpServer pid=19201)[0m WARNING 07-26 03:00:17 [api_router.py:30] LoRA dynamic loading & unloading is enabled in the API server. This should ONLY be used for local development!
[36m(vLLMHttpServer pid=19201)[0m WARNING 07-26 03:00:17 [model.py:1437] Default vLLM sampling parameters have been overridden by the model's `generation_config.json`: `{'repetition_penalty': 1.0, 'temperature': 1.0, 'top_k': -1, 'top_p': 1.0, 'max_tokens': 8192}`. If this is not intended, please relaunch vLLM instance with `--generation-config vllm`.
[36m(FullyAsyncRollouter pid=17027)[0m LLMServerManager: ['10.108.6.8:42549']
[36m(FullyAsyncRollouter pid=17027)[0m [FullyAsyncLLMServerManager] Created: 1 standalone replicas (rank 0+), 0 hybrid replicas registered (sleeping, rank 0--1)
[36m(FullyAsyncTaskRunner pid=14109)[0m [ASYNC MAIN] Rollouter created and initialized successfully
[36m(FullyAsyncTaskRunner pid=14109)[0m [ASYNC MAIN] Setting up rollouter reference on trainer
[36m(FullyAsyncRollouter pid=17027)[0m [FullyAsyncRollouter] required_samples : 64 max_required_samples: 640064 max_queue_size: 640064 total_train_steps: 80 total_rollout_steps: 5120 max_concurrent_samples: 16 
[36m(FullyAsyncTrainer pid=15032)[0m WARNING 07-26 03:00:20 [nixl_utils.py:34] NIXL is not available
[36m(FullyAsyncTrainer pid=15032)[0m WARNING 07-26 03:00:20 [nixl_utils.py:44] NIXL agent config is not available
[36m(FullyAsyncTaskRunner pid=14109)[0m total_train_steps 80
[36m(FullyAsyncTaskRunner pid=14109)[0m [ASYNC MAIN] Creating MessageQueue... max_queue_size 640064
[36m(FullyAsyncTrainer pid=15032)[0m [FullyAsyncTrainer] Checkpoint manager initialized (backend=nccl)
[36m(FullyAsyncTrainer pid=15032)[0m Training Progress:   0%|          | 0/80 [00:00<?, ?it/s]
[36m(FullyAsyncTaskRunner pid=14109)[0m [ASYNC MAIN] Param sync before fit..
[36m(FullyAsyncRollouter pid=17027)[0m [FullyAsyncRollouter] Resume mode is disabled, starting from scratch
[33m(raylet)[0m It looks like you're creating a detached actor in an anonymous namespace. In order to access this actor in the future, you will need to explicitly connect to this namespace with ray.init(namespace="84a64b54-6558-4e87-b9f4-ec2dde3f3a9b", ...)
[36m(WorkerDict pid=16205)[0m Using blocking ray.get inside async actor. This blocks the event loop. Please use `await` on object ref with asyncio.gather if you want to yield execution to the event loop instead.
[36m(MessageQueue pid=23826)[0m [MessageQueue] initialized with max_queue_size=640064
[36m(WorkerDict pid=16205)[0m /usr/local/lib/python3.12/dist-packages/torch/utils/_contextlib.py:124: UserWarning: When using ``NO_SHARD`` for ``ShardingStrategy``, full_state_dict will be returned.
[36m(WorkerDict pid=16205)[0m   return func(*args, **kwargs)
[36m(FullyAsyncTaskRunner pid=14109)[0m [ASYNC MAIN] All components initialized successfully
[36m(FullyAsyncTaskRunner pid=14109)[0m [ASYNC MAIN] Starting Rollouter and Trainer...
[36m(FullyAsyncTrainer pid=15032)[0m [FullyAsyncTrainer] _fit_update_weights, timing_s/param_sync: 2.6288 seconds self.current_param_version: 0
[36m(FullyAsyncTrainer pid=15032)[0m step:0 - fully_async/rollouter/active_time:81.3351469039917 - fully_async/rollouter/version_time:81.3351469039917 - fully_async/rollouter/idle_ratio:0 - fully_async/rollouter/step_generated_samples:0 - dynamic_resource/rollout_resource_utilization:0.0
[36m(FullyAsyncTrainer pid=15032)[0m [FullyAsyncTrainer] Starting FullyAsyncTrainer...
[36m(FullyAsyncTrainer pid=15032)[0m [FullyAsyncTrainer] Requesting 64 samples from queue
[36m(FullyAsyncRollouter pid=17027)[0m [FullyAsyncRollouter][RolloutResourceUtilization] raw active_count_history (timestamp, active_count, max_concurrent): [(1785034742.5489447, 0, 16), (1785034823.884085, 0, 16)]
[36m(FullyAsyncRollouter pid=17027)[0m [FullyAsyncRollouter][Public][reset_staleness] reset staleness_samples to: 0 idle_ratio: 0.0000 step_generated_samples(this_step): 0 rollout_resource_utilization: 0.0000 recent_history(last 10 steps): []
[36m(FullyAsyncRollouter pid=17027)[0m [FullyAsyncRollouter] Starting FullyAsyncRollouter...
[36m(FullyAsyncRollouter pid=17027)[0m [FullyAsyncRollouter] Start streaming mode, maximum concurrent samples: 16
[36m(vLLMHttpServer pid=19201)[0m (Worker pid=20570) WARNING 07-26 03:00:23 [layerwise.py:225] RotaryEmbedding: Failed to load weights
[36m(vLLMHttpServer pid=19201)[0m (EngineCore pid=20179) WARNING 07-26 03:00:23 [scheduler.py:1919] reset_connector called but no KV connector is configured.
[36m(GlobalRequestLoadBalancer pid=23186)[0m W0726 03:00:25.075000 23186 torch/utils/cpp_extension.py:140] No CUDA runtime is found, using CUDA_HOME='/usr/local/cuda'
[36m(AgentLoopWorker pid=23188)[0m Using dataset class: RLHFDataset
[36m(AgentLoopWorker pid=23188)[0m WARNING:2026-07-26 03:00:26,098:Platform 'nvidia' (PlatformCUDA) is registered but not available. This may be due to this ray actor being a CPU-only actor.
[36m(CheckpointEngineWorker pid=18470)[0m Using blocking ray.get inside async actor. This blocks the event loop. Please use `await` on object ref with asyncio.gather if you want to yield execution to the event loop instead.
[36m(GlobalRequestLoadBalancer pid=23186)[0m WARNING 07-26 03:00:27 [nixl_utils.py:34] NIXL is not available
[36m(GlobalRequestLoadBalancer pid=23186)[0m WARNING 07-26 03:00:27 [nixl_utils.py:44] NIXL agent config is not available
[36m(vLLMHttpServer pid=19201)[0m WARNING 07-26 03:00:30 [input_processor.py:274] Passing raw prompts to InputProcessor is deprecated and will be removed in v0.18. You should instead pass the outputs of Renderer.render_cmpl() or Renderer.render_chat().
[36m(AgentLoopWorker pid=23188)[0m W0726 03:00:28.585000 23188 torch/utils/cpp_extension.py:140] No CUDA runtime is found, using CUDA_HOME='/usr/local/cuda'[32m [repeated 8x across cluster] (Ray deduplicates logs by default. Set RAY_DEDUP_LOGS=0 to disable log deduplication, or see https://docs.ray.io/en/master/ray-observability/user-guides/configure-logging.html#log-deduplication for more options.)[0m
[36m(RewardLoopWorker pid=17704)[0m WARNING:2026-07-26 03:00:35,438:Platform 'nvidia' (PlatformCUDA) is registered but not available. This may be due to this ray actor being a CPU-only actor.[32m [repeated 8x across cluster][0m
[36m(RewardLoopWorker pid=17705)[0m WARNING:2026-07-26 03:00:40,866:Platform 'nvidia' (PlatformCUDA) is registered but not available. This may be due to this ray actor being a CPU-only actor.[32m [repeated 5x across cluster][0m
[36m(FullyAsyncTrainer pid=15032)[0m [FullyAsyncTrainer] sample collected 1/64. mq_len: 0
[36m(AgentLoopWorker pid=23199)[0m Using dataset class: RLHFDataset[32m [repeated 7x across cluster][0m
[36m(AgentLoopWorker pid=23190)[0m WARNING 07-26 03:00:30 [nixl_utils.py:34] NIXL is not available[32m [repeated 8x across cluster][0m
[36m(AgentLoopWorker pid=23190)[0m WARNING 07-26 03:00:30 [nixl_utils.py:44] NIXL agent config is not available[32m [repeated 8x across cluster][0m
[36m(FullyAsyncTrainer pid=15032)[0m [FullyAsyncTrainer] sample collected 2/64. mq_len: 0
[36m(FullyAsyncTrainer pid=15032)[0m [FullyAsyncTrainer] sample collected 3/64. mq_len: 0
[36m(FullyAsyncTrainer pid=15032)[0m [FullyAsyncTrainer] sample collected 4/64. mq_len: 0
[36m(FullyAsyncTrainer pid=15032)[0m [FullyAsyncTrainer] sample collected 5/64. mq_len: 0
[36m(FullyAsyncTrainer pid=15032)[0m [FullyAsyncTrainer] sample collected 6/64. mq_len: 0
[36m(FullyAsyncTrainer pid=15032)[0m [FullyAsyncTrainer] sample collected 7/64. mq_len: 0
[36m(FullyAsyncTrainer pid=15032)[0m [FullyAsyncTrainer] sample collected 8/64. mq_len: 0
[36m(FullyAsyncTrainer pid=15032)[0m [FullyAsyncTrainer] sample collected 9/64. mq_len: 0
[36m(FullyAsyncTrainer pid=15032)[0m [FullyAsyncTrainer] sample collected 10/64. mq_len: 0
[36m(FullyAsyncTrainer pid=15032)[0m [FullyAsyncTrainer] sample collected 11/64. mq_len: 0
[36m(FullyAsyncTrainer pid=15032)[0m [FullyAsyncTrainer] sample collected 12/64. mq_len: 0
[36m(FullyAsyncTrainer pid=15032)[0m [FullyAsyncTrainer] sample collected 13/64. mq_len: 0
[36m(FullyAsyncTrainer pid=15032)[0m [FullyAsyncTrainer] sample collected 14/64. mq_len: 0
[36m(FullyAsyncTrainer pid=15032)[0m [FullyAsyncTrainer] sample collected 15/64. mq_len: 0
[36m(FullyAsyncTrainer pid=15032)[0m [FullyAsyncTrainer] sample collected 16/64. mq_len: 0
[36m(FullyAsyncTrainer pid=15032)[0m [FullyAsyncTrainer] sample collected 17/64. mq_len: 0
[36m(FullyAsyncRollouter pid=17027)[0m [FullyAsyncRollouter][MonitorLoop][Statistics] {'count/dropped_stale_samples': 0,
[36m(FullyAsyncRollouter pid=17027)[0m  'count/staleness_samples': 34,
[36m(FullyAsyncRollouter pid=17027)[0m  'count/total_generated_samples': 17,
[36m(FullyAsyncRollouter pid=17027)[0m  'monitor/active_tasks_size': 16,
[36m(FullyAsyncRollouter pid=17027)[0m  'monitor/queue/mq_queue_size': 0,
[36m(FullyAsyncRollouter pid=17027)[0m  'monitor/queue/pending_queue_size': 128,
[36m(FullyAsyncRollouter pid=17027)[0m  'static/max_concurrent_samples': 16,
[36m(FullyAsyncRollouter pid=17027)[0m  'static/max_queue_size': 640064,
[36m(FullyAsyncRollouter pid=17027)[0m  'static/max_required_samples': 640064,
[36m(FullyAsyncRollouter pid=17027)[0m  'static/required_samples': 64,
[36m(FullyAsyncRollouter pid=17027)[0m  'static/staleness_threshold': 10000}
[36m(FullyAsyncTrainer pid=15032)[0m [FullyAsyncTrainer] sample collected 18/64. mq_len: 0
[36m(FullyAsyncTrainer pid=15032)[0m [FullyAsyncTrainer] sample collected 19/64. mq_len: 0
[36m(FullyAsyncTrainer pid=15032)[0m [FullyAsyncTrainer] sample collected 20/64. mq_len: 0
[36m(FullyAsyncTrainer pid=15032)[0m [FullyAsyncTrainer] sample collected 21/64. mq_len: 0
[36m(FullyAsyncTrainer pid=15032)[0m [FullyAsyncTrainer] sample collected 22/64. mq_len: 0
[36m(FullyAsyncTrainer pid=15032)[0m [FullyAsyncTrainer] sample collected 23/64. mq_len: 0
[36m(FullyAsyncTrainer pid=15032)[0m [FullyAsyncTrainer] sample collected 24/64. mq_len: 0
[36m(FullyAsyncTrainer pid=15032)[0m [FullyAsyncTrainer] sample collected 25/64. mq_len: 0
[36m(FullyAsyncTrainer pid=15032)[0m [FullyAsyncTrainer] sample collected 26/64. mq_len: 0
[36m(FullyAsyncTrainer pid=15032)[0m [FullyAsyncTrainer] sample collected 27/64. mq_len: 0
[36m(FullyAsyncTrainer pid=15032)[0m [FullyAsyncTrainer] sample collected 28/64. mq_len: 0
[36m(FullyAsyncTrainer pid=15032)[0m [FullyAsyncTrainer] sample collected 29/64. mq_len: 0
[36m(FullyAsyncTrainer pid=15032)[0m [FullyAsyncTrainer] sample collected 30/64. mq_len: 0
[36m(FullyAsyncTrainer pid=15032)[0m [FullyAsyncTrainer] sample collected 31/64. mq_len: 0
[36m(FullyAsyncTrainer pid=15032)[0m [FullyAsyncTrainer] sample collected 32/64. mq_len: 0
[36m(FullyAsyncTrainer pid=15032)[0m [FullyAsyncTrainer] sample collected 33/64. mq_len: 0
[36m(FullyAsyncRollouter pid=17027)[0m [FullyAsyncRollouter][MonitorLoop][Statistics] {'count/dropped_stale_samples': 0,
[36m(FullyAsyncRollouter pid=17027)[0m  'count/staleness_samples': 50,
[36m(FullyAsyncRollouter pid=17027)[0m  'count/total_generated_samples': 33,
[36m(FullyAsyncRollouter pid=17027)[0m  'monitor/active_tasks_size': 16,
[36m(FullyAsyncRollouter pid=17027)[0m  'monitor/queue/mq_queue_size': 0,
[36m(FullyAsyncRollouter pid=17027)[0m  'monitor/queue/pending_queue_size': 128,
[36m(FullyAsyncRollouter pid=17027)[0m  'static/max_concurrent_samples': 16,
[36m(FullyAsyncRollouter pid=17027)[0m  'static/max_queue_size': 640064,
[36m(FullyAsyncRollouter pid=17027)[0m  'static/max_required_samples': 640064,
[36m(FullyAsyncRollouter pid=17027)[0m  'static/required_samples': 64,
[36m(FullyAsyncRollouter pid=17027)[0m  'static/staleness_threshold': 10000}
[36m(FullyAsyncTrainer pid=15032)[0m [FullyAsyncTrainer] sample collected 34/64. mq_len: 0
[36m(FullyAsyncTrainer pid=15032)[0m [FullyAsyncTrainer] sample collected 35/64. mq_len: 0
[36m(FullyAsyncTrainer pid=15032)[0m [FullyAsyncTrainer] sample collected 36/64. mq_len: 0
[36m(FullyAsyncTrainer pid=15032)[0m [FullyAsyncTrainer] sample collected 37/64. mq_len: 0
[36m(FullyAsyncTrainer pid=15032)[0m [FullyAsyncTrainer] sample collected 38/64. mq_len: 0
[36m(FullyAsyncTrainer pid=15032)[0m [FullyAsyncTrainer] sample collected 39/64. mq_len: 0
[36m(FullyAsyncTrainer pid=15032)[0m [FullyAsyncTrainer] sample collected 40/64. mq_len: 0
[36m(FullyAsyncTrainer pid=15032)[0m [FullyAsyncTrainer] sample collected 41/64. mq_len: 0
[36m(FullyAsyncTrainer pid=15032)[0m [FullyAsyncTrainer] sample collected 42/64. mq_len: 0
[36m(FullyAsyncTrainer pid=15032)[0m [FullyAsyncTrainer] sample collected 43/64. mq_len: 0
[36m(FullyAsyncTrainer pid=15032)[0m [FullyAsyncTrainer] sample collected 44/64. mq_len: 0
[36m(FullyAsyncTrainer pid=15032)[0m [FullyAsyncTrainer] sample collected 45/64. mq_len: 0
[36m(FullyAsyncTrainer pid=15032)[0m [FullyAsyncTrainer] sample collected 46/64. mq_len: 0
[36m(FullyAsyncTrainer pid=15032)[0m [FullyAsyncTrainer] sample collected 47/64. mq_len: 0
[36m(FullyAsyncTrainer pid=15032)[0m [FullyAsyncTrainer] sample collected 48/64. mq_len: 0
[36m(FullyAsyncTrainer pid=15032)[0m [FullyAsyncTrainer] sample collected 49/64. mq_len: 0
[36m(FullyAsyncTrainer pid=15032)[0m [FullyAsyncTrainer] sample collected 50/64. mq_len: 0
[36m(FullyAsyncTrainer pid=15032)[0m [FullyAsyncTrainer] sample collected 51/64. mq_len: 0
[36m(FullyAsyncTrainer pid=15032)[0m [FullyAsyncTrainer] sample collected 52/64. mq_len: 0
[36m(FullyAsyncTrainer pid=15032)[0m [FullyAsyncTrainer] sample collected 53/64. mq_len: 0
[36m(FullyAsyncRollouter pid=17027)[0m [FullyAsyncRollouter][MonitorLoop][Statistics] {'count/dropped_stale_samples': 0,
[36m(FullyAsyncRollouter pid=17027)[0m  'count/staleness_samples': 70,
[36m(FullyAsyncRollouter pid=17027)[0m  'count/total_generated_samples': 53,
[36m(FullyAsyncRollouter pid=17027)[0m  'monitor/active_tasks_size': 16,
[36m(FullyAsyncRollouter pid=17027)[0m  'monitor/queue/mq_queue_size': 0,
[36m(FullyAsyncRollouter pid=17027)[0m  'monitor/queue/pending_queue_size': 128,
[36m(FullyAsyncRollouter pid=17027)[0m  'static/max_concurrent_samples': 16,
[36m(FullyAsyncRollouter pid=17027)[0m  'static/max_queue_size': 640064,
[36m(FullyAsyncRollouter pid=17027)[0m  'static/max_required_samples': 640064,
[36m(FullyAsyncRollouter pid=17027)[0m  'static/required_samples': 64,
[36m(FullyAsyncRollouter pid=17027)[0m  'static/staleness_threshold': 10000}
[36m(FullyAsyncTrainer pid=15032)[0m [FullyAsyncTrainer] sample collected 54/64. mq_len: 0
[36m(FullyAsyncTrainer pid=15032)[0m [FullyAsyncTrainer] sample collected 55/64. mq_len: 0
[36m(FullyAsyncTrainer pid=15032)[0m [FullyAsyncTrainer] sample collected 56/64. mq_len: 0
[36m(FullyAsyncTrainer pid=15032)[0m [FullyAsyncTrainer] sample collected 57/64. mq_len: 0
[36m(FullyAsyncTrainer pid=15032)[0m [FullyAsyncTrainer] sample collected 58/64. mq_len: 0
[36m(FullyAsyncTrainer pid=15032)[0m [FullyAsyncTrainer] sample collected 59/64. mq_len: 0
[36m(FullyAsyncTrainer pid=15032)[0m [FullyAsyncTrainer] sample collected 60/64. mq_len: 0
[36m(FullyAsyncTrainer pid=15032)[0m [FullyAsyncTrainer] sample collected 61/64. mq_len: 0
[36m(FullyAsyncTrainer pid=15032)[0m [FullyAsyncTrainer] sample collected 62/64. mq_len: 0
[36m(FullyAsyncTrainer pid=15032)[0m [FullyAsyncTrainer] sample collected 63/64. mq_len: 0
[36m(FullyAsyncTrainer pid=15032)[0m [FullyAsyncTrainer] sample collected 64/64. mq_len: 0
[36m(FullyAsyncTrainer pid=15032)[0m [FullyAsyncTrainer] Collected 64/64 samples. mq_len: 0
[36m(FullyAsyncTrainer pid=15032)[0m [FullyAsyncTrainer] Loop collection completed: 64/64 samples, total wait time: 232.22 seconds. mq_len: 0
[36m(FullyAsyncTrainer pid=15032)[0m [BatchUtils] Assembling batch from 64 RolloutSample objects
[36m(FullyAsyncTrainer pid=15032)[0m [BatchUtils] Batch assembly completed in 0.22s
[36m(FullyAsyncTrainer pid=15032)[0m W0726 03:04:16.622000 15032 torch/fx/_symbolic_trace.py:53] is_fx_tracing will return true for both fx.symbolic_trace and torch.export. Please use is_fx_tracing_symbolic_tracing() for specifically fx.symbolic_trace or torch.compiler.is_compiling() for specifically torch.export/compile.
[36m(RewardLoopWorker pid=17715)[0m WARNING:2026-07-26 03:00:44,747:Platform 'nvidia' (PlatformCUDA) is registered but not available. This may be due to this ray actor being a CPU-only actor.[32m [repeated 2x across cluster][0m
[36m(FullyAsyncRollouter pid=17027)[0m [FullyAsyncRollouter][MonitorLoop][Statistics] {'count/dropped_stale_samples': 0,
[36m(FullyAsyncRollouter pid=17027)[0m  'count/staleness_samples': 92,
[36m(FullyAsyncRollouter pid=17027)[0m  'count/total_generated_samples': 75,
[36m(FullyAsyncRollouter pid=17027)[0m  'monitor/active_tasks_size': 16,
[36m(FullyAsyncRollouter pid=17027)[0m  'monitor/queue/mq_queue_size': 11,
[36m(FullyAsyncRollouter pid=17027)[0m  'monitor/queue/pending_queue_size': 128,
[36m(FullyAsyncRollouter pid=17027)[0m  'static/max_concurrent_samples': 16,
[36m(FullyAsyncRollouter pid=17027)[0m  'static/max_queue_size': 640064,
[36m(FullyAsyncRollouter pid=17027)[0m  'static/max_required_samples': 640064,
[36m(FullyAsyncRollouter pid=17027)[0m  'static/required_samples': 64,
[36m(FullyAsyncRollouter pid=17027)[0m  'static/staleness_threshold': 10000}
[36m(MessageQueue pid=23826)[0m MessageQueue stats: produced=100, queue_size=36
[36m(FullyAsyncRollouter pid=17027)[0m [FullyAsyncRollouter][MonitorLoop][Statistics] {'count/dropped_stale_samples': 0,
[36m(FullyAsyncRollouter pid=17027)[0m  'count/staleness_samples': 124,
[36m(FullyAsyncRollouter pid=17027)[0m  'count/total_generated_samples': 107,
[36m(FullyAsyncRollouter pid=17027)[0m  'monitor/active_tasks_size': 16,
[36m(FullyAsyncRollouter pid=17027)[0m  'monitor/queue/mq_queue_size': 43,
[36m(FullyAsyncRollouter pid=17027)[0m  'monitor/queue/pending_queue_size': 128,
[36m(FullyAsyncRollouter pid=17027)[0m  'static/max_concurrent_samples': 16,
[36m(FullyAsyncRollouter pid=17027)[0m  'static/max_queue_size': 640064,
[36m(FullyAsyncRollouter pid=17027)[0m  'static/max_required_samples': 640064,
[36m(FullyAsyncRollouter pid=17027)[0m  'static/required_samples': 64,
[36m(FullyAsyncRollouter pid=17027)[0m  'static/staleness_threshold': 10000}
[36m(FullyAsyncTrainer pid=15032)[0m [FullyAsyncTrainer] global_steps: 1 local_trigger_step: 1 trigger_parameter_sync_step: 1 03:06:27.939
[36m(WorkerDict pid=16205)[0m /usr/local/lib/python3.12/dist-packages/torch/utils/_contextlib.py:124: UserWarning: When using ``NO_SHARD`` for ``ShardingStrategy``, full_state_dict will be returned.
[36m(WorkerDict pid=16205)[0m   return func(*args, **kwargs)
[36m(WorkerDict pid=16205)[0m [rank0]:W0726 03:04:19.964000 16205 torch/fx/_symbolic_trace.py:53] is_fx_tracing will return true for both fx.symbolic_trace and torch.export. Please use is_fx_tracing_symbolic_tracing() for specifically fx.symbolic_trace or torch.compiler.is_compiling() for specifically torch.export/compile.
[36m(vLLMHttpServer pid=19201)[0m (Worker pid=20570) WARNING 07-26 03:06:29 [layerwise.py:225] RotaryEmbedding: Failed to load weights
[36m(vLLMHttpServer pid=19201)[0m (EngineCore pid=20179) WARNING 07-26 03:06:29 [scheduler.py:1919] reset_connector called but no KV connector is configured.
[36m(FullyAsyncTrainer pid=15032)[0m [FullyAsyncTrainer] _fit_update_weights, timing_s/param_sync: 1.2450 seconds self.current_param_version: 1
[36m(FullyAsyncRollouter pid=17027)[0m [FullyAsyncRollouter][RolloutResourceUtilization] raw active_count_history (timestamp, active_count, max_concurrent): [(1785034823.8841934, 0, 16), (1785034824.1030438, 1, 16), (1785034824.108718, 2, 16), (1785034824.1117296, 3, 16), (1785034824.1144674, 4, 16), (1785034824.1167922, 5, 16), (1785034824.1193013, 6, 16), (1785034824.121982, 7, 16), (1785034824.124558, 8, 16), (1785034824.1271877, 9, 16), (1785034824.129628, 10, 16), (1785034824.1320522, 11, 16), (1785034824.134409, 12, 16), (1785034824.1365764, 13, 16), (1785034824.138702, 14, 16), (1785034824.1408665, 15, 16), (1785034824.1429744, 16, 16), (1785034862.5822334, 15, 16), (1785034862.582326, 16, 16), (1785034866.5053766, 15, 16), (1785034866.5054095, 16, 16), (1785034867.1181881, 15, 16), (1785034867.1182253, 16, 16), (1785034888.0159998, 15, 16), (1785034888.0160675, 16, 16), (1785034888.0411205, 15, 16), (1785034888.041141, 16, 16), (1785034888.0740936, 15, 16), (1785034888.0741143, 16, 16), (1785034888.077146, 15, 16), (1785034888.0771606, 16, 16), (1785034888.1212165, 15, 16), (1785034888.1212373, 16, 16), (1785034888.1326385, 15, 16), (1785034888.1326537, 16, 16), (1785034888.149215, 15, 16), (1785034888.1492314, 16, 16), (1785034888.1622639, 15, 16), (1785034888.162286, 16, 16), (1785034888.1647575, 15, 16), (1785034888.1647716, 16, 16), (1785034888.185175, 15, 16), (1785034888.1851904, 16, 16), (1785034888.214829, 15, 16), (1785034888.2148478, 16, 16), (1785034888.2509732, 15, 16), (1785034888.2509875, 16, 16), (1785034888.2721026, 15, 16), (1785034888.272118, 16, 16), (1785034897.4150617, 15, 16), (1785034897.415084, 16, 16), (1785034912.9716325, 15, 16), (1785034912.9716809, 16, 16), (1785034917.6564856, 15, 16), (1785034917.6565075, 16, 16), (1785034921.5457573, 15, 16), (1785034921.545789, 16, 16), (1785034923.5946345, 15, 16), (1785034923.5946822, 16, 16), (1785034929.0843282, 15, 16), (1785034929.084349, 16, 16), (1785034937.9249022, 15, 16), (1785034937.9249492, 16, 16), (1785034941.2224379, 15, 16), (1785034941.2224586, 16, 16), (1785034941.2820232, 15, 16), (1785034941.2820487, 16, 16), (1785034941.3501172, 15, 16), (1785034941.3501356, 16, 16), (1785034941.625112, 15, 16), (1785034941.625133, 16, 16), (1785034941.8061059, 15, 16), (1785034941.8061335, 16, 16), (1785034941.810105, 15, 16), (1785034941.810123, 16, 16), (1785034941.8239405, 15, 16), (1785034941.8239577, 16, 16), (1785034941.8814821, 15, 16), (1785034941.881504, 16, 16), (1785034941.885009, 15, 16), (1785034941.8850245, 16, 16), (1785034952.1806304, 15, 16), (1785034952.1806893, 16, 16), (1785034966.4942143, 15, 16), (1785034966.4942822, 16, 16), (1785034970.640234, 15, 16), (1785034970.6402621, 16, 16), (1785034976.2788587, 15, 16), (1785034976.2788873, 16, 16), (1785034980.6441808, 15, 16), (1785034980.6442397, 16, 16), (1785034983.4571946, 15, 16), (1785034983.4572246, 16, 16), (1785034988.9288232, 15, 16), (1785034988.9288528, 16, 16), (1785034991.028929, 15, 16), (1785034991.0289886, 16, 16), (1785034991.0701387, 15, 16), (1785034991.0701592, 16, 16), (1785034995.822789, 15, 16), (1785034995.82283, 16, 16), (1785035002.870464, 15, 16), (1785035002.8705394, 16, 16), (1785035002.8841302, 15, 16), (1785035002.8841505, 16, 16), (1785035002.9121454, 15, 16), (1785035002.9121666, 16, 16), (1785035002.9155655, 15, 16), (1785035002.9155803, 16, 16), (1785035002.9466558, 15, 16), (1785035002.9466722, 16, 16), (1785035002.9748218, 15, 16), (1785035002.974839, 16, 16), (1785035002.9788651, 15, 16), (1785035002.9788818, 16, 16), (1785035005.0448015, 15, 16), (1785035005.044836, 16, 16), (1785035011.83923, 15, 16), (1785035011.8392534, 16, 16), (1785035022.5297742, 15, 16), (1785035022.5298336, 16, 16), (1785035027.8455248, 15, 16), (1785035027.8455465, 16, 16), (1785035036.8202815, 15, 16), (1785035036.8203275, 16, 16), (1785035039.7668774, 15, 16), (1785035039.7668982, 16, 16), (1785035044.2499049, 15, 16), (1785035044.249925, 16, 16), (1785035046.0039399, 15, 16), (1785035046.0039606, 16, 16), (1785035048.230897, 15, 16), (1785035048.2309422, 16, 16), (1785035050.0303428, 15, 16), (1785035050.0303638, 16, 16), (1785035055.8810425, 15, 16), (1785035055.8810637, 16, 16), (1785035056.103422, 13, 16), (1785035056.1034415, 14, 16), (1785035056.1143134, 15, 16), (1785035056.1175296, 16, 16), (1785035056.1209435, 12, 16), (1785035056.120957, 13, 16), (1785035056.122135, 14, 16), (1785035056.1241367, 15, 16), (1785035056.126372, 16, 16), (1785035061.4778745, 15, 16), (1785035061.4779227, 16, 16), (1785035064.3023264, 15, 16), (1785035064.3023584, 16, 16), (1785035076.6091468, 15, 16), (1785035076.609191, 16, 16), (1785035082.56109, 15, 16), (1785035082.5611088, 16, 16), (1785035091.0762405, 15, 16), (1785035091.0762851, 16, 16), (1785035094.1860802, 15, 16), (1785035094.1861007, 16, 16), (1785035097.8308187, 15, 16), (1785035097.8308396, 16, 16), (1785035100.9917562, 15, 16), (1785035100.9917772, 16, 16), (1785035102.725005, 15, 16), (1785035102.7250605, 16, 16), (1785035103.3445652, 15, 16), (1785035103.3445857, 16, 16), (1785035110.4709496, 15, 16), (1785035110.4709697, 16, 16), (1785035113.022034, 15, 16), (1785035113.0220778, 16, 16), (1785035113.0256052, 15, 16), (1785035113.025619, 16, 16), (1785035113.0983298, 15, 16), (1785035113.098346, 16, 16), (1785035113.286577, 15, 16), (1785035113.286595, 16, 16), (1785035113.3686495, 15, 16), (1785035113.368666, 16, 16), (1785035113.495237, 15, 16), (1785035113.4952576, 16, 16), (1785035113.563329, 15, 16), (1785035113.5633469, 16, 16), (1785035118.6231833, 15, 16), (1785035118.6232028, 16, 16), (1785035118.6267946, 15, 16), (1785035118.6268277, 16, 16), (1785035120.8693013, 15, 16), (1785035120.8693209, 16, 16), (1785035123.2131312, 15, 16), (1785035123.2131865, 16, 16), (1785035132.3460102, 15, 16), (1785035132.3460305, 16, 16), (1785035136.8702724, 15, 16), (1785035136.8703184, 16, 16), (1785035144.0374525, 15, 16), (1785035144.0374734, 16, 16), (1785035145.8270993, 15, 16), (1785035145.8271236, 16, 16), (1785035146.8000882, 15, 16), (1785035146.8001091, 16, 16), (1785035148.708139, 15, 16), (1785035148.7081943, 16, 16), (1785035150.6202662, 15, 16), (1785035150.620286, 16, 16), (1785035155.2620041, 15, 16), (1785035155.262026, 16, 16), (1785035157.0552835, 15, 16), (1785035157.0553026, 16, 16), (1785035157.763081, 15, 16), (1785035157.763101, 16, 16), (1785035168.1563056, 15, 16), (1785035168.1563516, 16, 16), (1785035168.3023763, 15, 16), (1785035168.3023968, 16, 16), (1785035168.4503016, 15, 16), (1785035168.4503202, 16, 16), (1785035173.5280106, 15, 16), (1785035173.5280323, 16, 16), (1785035173.884477, 15, 16), (1785035173.8844981, 16, 16), (1785035174.5459661, 15, 16), (1785035174.5459867, 16, 16), (1785035176.790786, 15, 16), (1785035176.7908158, 16, 16), (1785035177.694583, 15, 16), (1785035177.6946054, 16, 16), (1785035179.9636261, 15, 16), (1785035179.9636726, 16, 16), (1785035195.8626604, 15, 16), (1785035195.8637729, 15, 16)]
[36m(FullyAsyncRollouter pid=17027)[0m [FullyAsyncRollouter][Public][reset_staleness] reset staleness_samples to: 60 idle_ratio: 0.0000 step_generated_samples(this_step): 109 rollout_resource_utilization: 0.9993 recent_history(last 10 steps): [(2, 109)]
[36m(FullyAsyncTrainer pid=15032)[0m 
[36m(FullyAsyncTrainer pid=15032)[0m step:1 - fully_async/rollouter/active_time:371.97950887680054 - fully_async/rollouter/version_time:371.97950887680054 - fully_async/rollouter/idle_ratio:0 - fully_async/rollouter/step_generated_samples:109 - dynamic_resource/rollout_resource_utilization:0.9993455972885622
[36m(FullyAsyncTrainer pid=15032)[0m [FullyAsyncTrainer] Requesting 64 samples from queue
[36m(FullyAsyncTrainer pid=15032)[0m [FullyAsyncTrainer] sample collected 1/64. mq_len: 44
[36m(FullyAsyncTrainer pid=15032)[0m [FullyAsyncTrainer] sample collected 2/64. mq_len: 43
[36m(FullyAsyncTrainer pid=15032)[0m [FullyAsyncTrainer] sample collected 3/64. mq_len: 42
[36m(FullyAsyncTrainer pid=15032)[0m [FullyAsyncTrainer] sample collected 4/64. mq_len: 41
[36m(FullyAsyncTrainer pid=15032)[0m [FullyAsyncTrainer] sample collected 5/64. mq_len: 40
[36m(FullyAsyncTrainer pid=15032)[0m [FullyAsyncTrainer] sample collected 6/64. mq_len: 39
[36m(FullyAsyncTrainer pid=15032)[0m [FullyAsyncTrainer] sample collected 7/64. mq_len: 38
[36m(FullyAsyncTrainer pid=15032)[0m [FullyAsyncTrainer] sample collected 8/64. mq_len: 37
[36m(FullyAsyncTrainer pid=15032)[0m [FullyAsyncTrainer] sample collected 9/64. mq_len: 36
[36m(FullyAsyncTrainer pid=15032)[0m [FullyAsyncTrainer] sample collected 10/64. mq_len: 35
[36m(FullyAsyncTrainer pid=15032)[0m [FullyAsyncTrainer] sample collected 11/64. mq_len: 34
[36m(FullyAsyncTrainer pid=15032)[0m [FullyAsyncTrainer] sample collected 12/64. mq_len: 33
[36m(FullyAsyncTrainer pid=15032)[0m [FullyAsyncTrainer] sample collected 13/64. mq_len: 32
[36m(FullyAsyncTrainer pid=15032)[0m [FullyAsyncTrainer] sample collected 14/64. mq_len: 31
[36m(FullyAsyncTrainer pid=15032)[0m Training Progress:   1%|▏         | 1/80 [06:14<8:13:21, 374.70s/it]
[36m(FullyAsyncTrainer pid=15032)[0m [FullyAsyncTrainer] sample collected 15/64. mq_len: 30
[36m(FullyAsyncTrainer pid=15032)[0m [FullyAsyncTrainer] sample collected 16/64. mq_len: 29
[36m(FullyAsyncTrainer pid=15032)[0m [FullyAsyncTrainer] sample collected 17/64. mq_len: 28
[36m(FullyAsyncTrainer pid=15032)[0m [FullyAsyncTrainer] sample collected 18/64. mq_len: 27
[36m(FullyAsyncTrainer pid=15032)[0m [FullyAsyncTrainer] sample collected 19/64. mq_len: 26
[36m(FullyAsyncTrainer pid=15032)[0m [FullyAsyncTrainer] sample collected 20/64. mq_len: 25
[36m(FullyAsyncTrainer pid=15032)[0m [FullyAsyncTrainer] sample collected 21/64. mq_len: 24
[36m(FullyAsyncTrainer pid=15032)[0m [FullyAsyncTrainer] sample collected 22/64. mq_len: 23
[36m(FullyAsyncTrainer pid=15032)[0m [FullyAsyncTrainer] sample collected 23/64. mq_len: 22
[36m(FullyAsyncTrainer pid=15032)[0m [FullyAsyncTrainer] sample collected 24/64. mq_len: 21
[36m(FullyAsyncTrainer pid=15032)[0m [FullyAsyncTrainer] sample collected 25/64. mq_len: 20
[36m(FullyAsyncTrainer pid=15032)[0m [FullyAsyncTrainer] sample collected 26/64. mq_len: 19
[36m(FullyAsyncTrainer pid=15032)[0m [FullyAsyncTrainer] sample collected 27/64. mq_len: 18
[36m(FullyAsyncTrainer pid=15032)[0m [FullyAsyncTrainer] sample collected 28/64. mq_len: 17
[36m(FullyAsyncTrainer pid=15032)[0m [FullyAsyncTrainer] sample collected 29/64. mq_len: 16
[36m(FullyAsyncTrainer pid=15032)[0m [FullyAsyncTrainer] sample collected 30/64. mq_len: 15
[36m(FullyAsyncTrainer pid=15032)[0m [FullyAsyncTrainer] sample collected 31/64. mq_len: 14
[36m(FullyAsyncTrainer pid=15032)[0m [FullyAsyncTrainer] sample collected 32/64. mq_len: 13
[36m(FullyAsyncTrainer pid=15032)[0m [FullyAsyncTrainer] sample collected 33/64. mq_len: 12
[36m(FullyAsyncTrainer pid=15032)[0m [FullyAsyncTrainer] sample collected 34/64. mq_len: 11
[36m(FullyAsyncTrainer pid=15032)[0m [FullyAsyncTrainer] sample collected 35/64. mq_len: 10
[36m(FullyAsyncTrainer pid=15032)[0m [FullyAsyncTrainer] sample collected 36/64. mq_len: 9
[36m(FullyAsyncTrainer pid=15032)[0m [FullyAsyncTrainer] sample collected 37/64. mq_len: 8
[36m(FullyAsyncTrainer pid=15032)[0m [FullyAsyncTrainer] sample collected 38/64. mq_len: 7
[36m(FullyAsyncTrainer pid=15032)[0m [FullyAsyncTrainer] sample collected 39/64. mq_len: 6
[36m(FullyAsyncTrainer pid=15032)[0m [FullyAsyncTrainer] sample collected 40/64. mq_len: 5
[36m(FullyAsyncTrainer pid=15032)[0m [FullyAsyncTrainer] sample collected 41/64. mq_len: 4
[36m(FullyAsyncTrainer pid=15032)[0m [FullyAsyncTrainer] sample collected 42/64. mq_len: 3
[36m(FullyAsyncTrainer pid=15032)[0m [FullyAsyncTrainer] sample collected 43/64. mq_len: 2
[36m(FullyAsyncTrainer pid=15032)[0m [FullyAsyncTrainer] sample collected 44/64. mq_len: 1
[36m(FullyAsyncTrainer pid=15032)[0m [FullyAsyncTrainer] sample collected 45/64. mq_len: 0
[36m(FullyAsyncTrainer pid=15032)[0m [FullyAsyncTrainer] sample collected 46/64. mq_len: 0
[36m(FullyAsyncTrainer pid=15032)[0m [FullyAsyncTrainer] sample collected 47/64. mq_len: 0
[36m(FullyAsyncTrainer pid=15032)[0m [FullyAsyncTrainer] sample collected 48/64. mq_len: 0
[36m(FullyAsyncTrainer pid=15032)[0m [FullyAsyncTrainer] sample collected 49/64. mq_len: 0
[36m(FullyAsyncTrainer pid=15032)[0m [FullyAsyncTrainer] sample collected 50/64. mq_len: 0
[36m(FullyAsyncTrainer pid=15032)[0m [FullyAsyncTrainer] sample collected 51/64. mq_len: 0
[36m(FullyAsyncTrainer pid=15032)[0m [FullyAsyncTrainer] sample collected 52/64. mq_len: 0
[36m(FullyAsyncTrainer pid=15032)[0m [FullyAsyncTrainer] sample collected 53/64. mq_len: 0
[36m(FullyAsyncTrainer pid=15032)[0m [FullyAsyncTrainer] sample collected 54/64. mq_len: 0
[36m(FullyAsyncTrainer pid=15032)[0m [FullyAsyncTrainer] sample collected 55/64. mq_len: 0
[36m(FullyAsyncTrainer pid=15032)[0m [FullyAsyncTrainer] sample collected 56/64. mq_len: 0
[36m(FullyAsyncTrainer pid=15032)[0m [FullyAsyncTrainer] sample collected 57/64. mq_len: 0
[36m(FullyAsyncTrainer pid=15032)[0m [FullyAsyncTrainer] sample collected 58/64. mq_len: 0
[36m(FullyAsyncTrainer pid=15032)[0m [FullyAsyncTrainer] sample collected 59/64. mq_len: 0
[36m(FullyAsyncTrainer pid=15032)[0m [FullyAsyncTrainer] sample collected 60/64. mq_len: 0
[36m(FullyAsyncRollouter pid=17027)[0m [FullyAsyncRollouter][MonitorLoop][Statistics] {'count/dropped_stale_samples': 0,
[36m(FullyAsyncRollouter pid=17027)[0m  'count/staleness_samples': 75,
[36m(FullyAsyncRollouter pid=17027)[0m  'count/total_generated_samples': 123,
[36m(FullyAsyncRollouter pid=17027)[0m  'monitor/active_tasks_size': 16,
[36m(FullyAsyncRollouter pid=17027)[0m  'monitor/queue/mq_queue_size': 0,
[36m(FullyAsyncRollouter pid=17027)[0m  'monitor/queue/pending_queue_size': 128,
[36m(FullyAsyncRollouter pid=17027)[0m  'static/max_concurrent_samples': 16,
[36m(FullyAsyncRollouter pid=17027)[0m  'static/max_queue_size': 640064,
[36m(FullyAsyncRollouter pid=17027)[0m  'static/max_required_samples': 640064,
[36m(FullyAsyncRollouter pid=17027)[0m  'static/required_samples': 64,
[36m(FullyAsyncRollouter pid=17027)[0m  'static/staleness_threshold': 10000}
[36m(FullyAsyncTrainer pid=15032)[0m [FullyAsyncTrainer] sample collected 61/64. mq_len: 0
[36m(FullyAsyncTrainer pid=15032)[0m [FullyAsyncTrainer] sample collected 62/64. mq_len: 0
[36m(FullyAsyncTrainer pid=15032)[0m [FullyAsyncTrainer] sample collected 63/64. mq_len: 0
[36m(FullyAsyncTrainer pid=15032)[0m [FullyAsyncTrainer] sample collected 64/64. mq_len: 0
[36m(FullyAsyncTrainer pid=15032)[0m [FullyAsyncTrainer] Collected 64/64 samples. mq_len: 0
[36m(FullyAsyncTrainer pid=15032)[0m [FullyAsyncTrainer] Loop collection completed: 64/64 samples, total wait time: 49.94 seconds. mq_len: 0
[36m(FullyAsyncTrainer pid=15032)[0m [BatchUtils] Assembling batch from 64 RolloutSample objects
[36m(FullyAsyncTrainer pid=15032)[0m [BatchUtils] Batch assembly completed in 0.22s
[36m(FullyAsyncRollouter pid=17027)[0m [FullyAsyncRollouter][MonitorLoop][Statistics] {'count/dropped_stale_samples': 0,
[36m(FullyAsyncRollouter pid=17027)[0m  'count/staleness_samples': 97,
[36m(FullyAsyncRollouter pid=17027)[0m  'count/total_generated_samples': 145,
[36m(FullyAsyncRollouter pid=17027)[0m  'monitor/active_tasks_size': 16,
[36m(FullyAsyncRollouter pid=17027)[0m  'monitor/queue/mq_queue_size': 17,
[36m(FullyAsyncRollouter pid=17027)[0m  'monitor/queue/pending_queue_size': 128,
[36m(FullyAsyncRollouter pid=17027)[0m  'static/max_concurrent_samples': 16,
[36m(FullyAsyncRollouter pid=17027)[0m  'static/max_queue_size': 640064,
[36m(FullyAsyncRollouter pid=17027)[0m  'static/max_required_samples': 640064,
[36m(FullyAsyncRollouter pid=17027)[0m  'static/required_samples': 64,
[36m(FullyAsyncRollouter pid=17027)[0m  'static/staleness_threshold': 10000}
[36m(FullyAsyncTrainer pid=15032)[0m [FullyAsyncTrainer] global_steps: 2 local_trigger_step: 1 trigger_parameter_sync_step: 1 03:09:14.573
[36m(vLLMHttpServer pid=19201)[0m (Worker pid=20570) WARNING 07-26 03:09:15 [layerwise.py:225] RotaryEmbedding: Failed to load weights
[36m(vLLMHttpServer pid=19201)[0m (EngineCore pid=20179) WARNING 07-26 03:09:15 [scheduler.py:1919] reset_connector called but no KV connector is configured.
[36m(FullyAsyncTrainer pid=15032)[0m [FullyAsyncTrainer] _fit_update_weights, timing_s/param_sync: 1.1511 seconds self.current_param_version: 2
[36m(FullyAsyncTrainer pid=15032)[0m step:2 - fully_async/rollouter/active_time:166.96577310562134 - fully_async/rollouter/version_time:166.96577310562134 - fully_async/rollouter/idle_ratio:0 - fully_async/rollouter/step_generated_samples:52 - dynamic_resource/rollout_resource_utilization:0.9999988666553286
[36m(FullyAsyncTrainer pid=15032)[0m aggregated metrics done. cost 0.0002 seconds.
[36m(FullyAsyncTrainer pid=15032)[0m step:2 - training/global_step:1.0 - training/epoch:0.0 - fully_async/count/stale_trajectory_processed:0.0 - fully_async/count/current_param_version:0.0 - fully_async/processing_time/avg:42.98144040558589 - fully_async/processing_time/max:61.95484578099786 - fully_async/processing_time/min:3.5306335860004765 - fully_async/processing_time/tp50:53.03997144599998 - fully_async/processing_time/tp99:61.89409308669041 - fully_async/processing_time/tp95:61.71267252769976 - fully_async/monitor/active_tasks_size:16.0 - fully_async/monitor/queue/pending_queue_size:128.0 - fully_async/monitor/queue/mq_queue_size:0.0 - fully_async/count/total_generated_samples:0.0 - fully_async/count/staleness_samples:17.0 - fully_async/count/dropped_stale_samples:0.0 - fully_async/static/max_required_samples:640064.0 - fully_async/static/required_samples:64.0 - fully_async/static/staleness_threshold:10000.0 - fully_async/static/max_queue_size:640064.0 - fully_async/static/max_concurrent_samples:16.0 - fully_async/partial/total_partial_num:0.0 - fully_async/partial/partial_ratio:0.0 - fully_async/partial/max_partial_span:0.0 - timing_s/agent_loop/tool_calls/max:0.0 - timing_s/agent_loop/tool_calls/min:0.0 - timing_s/agent_loop/tool_calls/mean:0.0 - fully_async/total_wait_time:232.2195439338684 - actor/pg_clipfrac:0.00026335482624218506 - actor/ppo_kl:0.000624474256406223 - actor/pg_clipfrac_lower:6.335479368392686e-07 - actor/pg_loss:0.05879546349024167 - actor/loss:0.05879545956850052 - actor/grad_norm:0.024848420172929764 - actor/lr:1e-06 - actor/perf/max_memory_allocated_gb:33.16529846191406 - actor/perf/max_memory_reserved_gb:71.103515625 - actor/perf/cpu_memory_used_gb:50.61276626586914 - perf/mfu/actor:0.31848872565260666 - dynamic_resource/train_compute_time_s:131.43804874700072 - dynamic_resource/train_allocated_time_s:371.9782793521881 - critic/score/mean:-0.5859375 - critic/score/max:1.0 - critic/score/min:-1.0 - critic/rewards/mean:-0.5859375 - critic/rewards/max:1.0 - critic/rewards/min:-1.0 - critic/advantages/mean:-0.058778394013643265 - critic/advantages/max:2.474870204925537 - critic/advantages/min:-2.474870204925537 - critic/returns/mean:-0.058778394013643265 - critic/returns/max:2.474870204925537 - critic/returns/min:-2.474870204925537 - response_length/mean:6194.048828125 - response_length/max:8192.0 - response_length/min:400.0 - response_length/clip_ratio:0.494140625 - response_length_non_aborted/mean:6194.048828125 - response_length_non_aborted/max:8192.0 - response_length_non_aborted/min:400.0 - response_length_non_aborted/clip_ratio:0.494140625 - response/aborted_ratio:0.0 - prompt_length/mean:147.671875 - prompt_length/max:335.0 - prompt_length/min:76.0 - prompt_length/clip_ratio:0.0 - num_turns/min:2.0 - num_turns/max:2.0 - num_turns/mean:2.0 - timing_s/start_profile:5.831003363709897e-06 - timing_s/gen:232.60634517699873 - timing_s/reward:2.2824002371635288e-05 - timing_s/adv:0.009423166000487981 - timing_s/update_actor:131.42860275699786 - timing_s/timing_s/param_sync:1.2449625720000768 - timing_s/step:371.97830088099727 - timing_s/stop_profile:6.7969995143357664e-06 - timing_per_token_ms/adv:2.9021494254128648e-06 - timing_per_token_ms/update_actor:0.04047741958003125 - timing_per_token_ms/gen:0.07334609082527196 - perf/total_num_tokens:3246961.0 - perf/time_per_step:371.97830088099727 - perf/throughput:4364.449475022957 - dynamic_resource/mq_size:45.0 - fully_async/trainer/idle_ratio:0.6253223497878544 - dynamic_resource/train_resource_utilization:0.3533487196507931 - dynamic_resource/rollout_resource_utilization:0.9999988666553286 - dynamic_resource/resource_utilization:0.6766737931530609
[36m(FullyAsyncTrainer pid=15032)[0m [FullyAsyncTrainer] Requesting 64 samples from queue
[36m(FullyAsyncTrainer pid=15032)[0m [FullyAsyncTrainer] sample collected 1/64. mq_len: 32
[36m(FullyAsyncTrainer pid=15032)[0m [FullyAsyncTrainer] sample collected 2/64. mq_len: 31
[36m(FullyAsyncTrainer pid=15032)[0m [FullyAsyncTrainer] sample collected 3/64. mq_len: 30
[36m(FullyAsyncTrainer pid=15032)[0m Training Progress:   2%|▎         | 2/80 [09:01<5:28:15, 252.50s/it]
[36m(FullyAsyncRollouter pid=17027)[0m [FullyAsyncRollouter][RolloutResourceUtilization] raw active_count_history (timestamp, active_count, max_concurrent): [(1785035195.8642051, 15, 16), (1785035195.8643339, 16, 16), (1785035196.7935526, 15, 16), (1785035196.7935727, 16, 16), (1785035206.596967, 15, 16), (1785035206.5970213, 16, 16), (1785035207.7101529, 15, 16), (1785035207.7101789, 16, 16), (1785035209.984487, 15, 16), (1785035209.9845088, 16, 16), (1785035210.695206, 15, 16), (1785035210.6952264, 16, 16), (1785035213.5301814, 15, 16), (1785035213.530202, 16, 16), (1785035216.4547818, 15, 16), (1785035216.4548013, 16, 16), (1785035217.669724, 15, 16), (1785035217.6697698, 16, 16), (1785035223.8950157, 15, 16), (1785035223.8950438, 16, 16), (1785035227.3560212, 15, 16), (1785035227.3560488, 16, 16), (1785035228.509083, 15, 16), (1785035228.5091472, 16, 16), (1785035230.2428238, 15, 16), (1785035230.2428544, 16, 16), (1785035230.2469084, 15, 16), (1785035230.246927, 16, 16), (1785035236.8292627, 15, 16), (1785035236.82929, 16, 16), (1785035238.5406754, 15, 16), (1785035238.5407271, 16, 16), (1785035241.9427085, 15, 16), (1785035241.9427366, 16, 16), (1785035242.8501763, 15, 16), (1785035242.8502038, 16, 16), (1785035245.7432122, 15, 16), (1785035245.743242, 16, 16), (1785035245.8517854, 15, 16), (1785035245.85182, 16, 16), (1785035251.0952044, 15, 16), (1785035251.0952613, 16, 16), (1785035260.1645594, 15, 16), (1785035260.1645877, 16, 16), (1785035267.3464255, 15, 16), (1785035267.3464863, 16, 16), (1785035268.1706614, 15, 16), (1785035268.1706872, 16, 16), (1785035274.2012506, 15, 16), (1785035274.201277, 16, 16), (1785035275.3392792, 15, 16), (1785035275.3393042, 16, 16), (1785035281.6799152, 15, 16), (1785035281.679973, 16, 16), (1785035284.8139646, 15, 16), (1785035284.8139918, 16, 16), (1785035285.3055062, 15, 16), (1785035285.3055327, 16, 16), (1785035286.4940007, 15, 16), (1785035286.4940283, 16, 16), (1785035288.4250112, 15, 16), (1785035288.4250379, 16, 16), (1785035288.544905, 15, 16), (1785035288.544931, 16, 16), (1785035296.2037847, 15, 16), (1785035296.2038558, 16, 16), (1785035299.7787044, 15, 16), (1785035299.7787304, 16, 16), (1785035300.8741906, 15, 16), (1785035300.8742194, 16, 16), (1785035302.9841862, 15, 16), (1785035302.9842162, 16, 16), (1785035303.2164307, 15, 16), (1785035303.216456, 16, 16), (1785035308.4208386, 15, 16), (1785035308.420904, 16, 16), (1785035312.9482677, 15, 16), (1785035312.948298, 16, 16), (1785035322.7847278, 15, 16), (1785035322.784784, 16, 16), (1785035328.7886202, 15, 16), (1785035328.7886484, 16, 16), (1785035328.8496327, 15, 16), (1785035328.849656, 16, 16), (1785035330.135478, 15, 16), (1785035330.1355066, 16, 16), (1785035338.2957306, 15, 16), (1785035338.2957904, 16, 16), (1785035338.3686867, 15, 16), (1785035338.3687046, 16, 16), (1785035342.0985794, 15, 16), (1785035342.0986066, 16, 16), (1785035342.1772974, 15, 16), (1785035342.1773221, 16, 16), (1785035343.6432137, 15, 16), (1785035343.6432397, 16, 16), (1785035345.443903, 15, 16), (1785035345.4439301, 16, 16), (1785035345.7166474, 15, 16), (1785035345.716675, 16, 16), (1785035345.8605537, 15, 16), (1785035345.8605802, 16, 16), (1785035353.8235872, 15, 16), (1785035353.8236446, 16, 16), (1785035362.828866, 15, 16), (1785035362.830046, 15, 16)]
[36m(FullyAsyncRollouter pid=17027)[0m [FullyAsyncRollouter][Public][reset_staleness] reset staleness_samples to: 48 idle_ratio: 0.0000 step_generated_samples(this_step): 52 rollout_resource_utilization: 1.0000 recent_history(last 10 steps): [(2, 109), (3, 52)]
[36m(FullyAsyncTrainer pid=15032)[0m [FullyAsyncTrainer] sample collected 4/64. mq_len: 29
[36m(FullyAsyncTrainer pid=15032)[0m [FullyAsyncTrainer] sample collected 5/64. mq_len: 28
[36m(FullyAsyncTrainer pid=15032)[0m [FullyAsyncTrainer] sample collected 6/64. mq_len: 27
[36m(FullyAsyncTrainer pid=15032)[0m [FullyAsyncTrainer] sample collected 7/64. mq_len: 26
[36m(FullyAsyncTrainer pid=15032)[0m [FullyAsyncTrainer] sample collected 8/64. mq_len: 25
[36m(FullyAsyncTrainer pid=15032)[0m [FullyAsyncTrainer] sample collected 9/64. mq_len: 24
[36m(FullyAsyncTrainer pid=15032)[0m [FullyAsyncTrainer] sample collected 10/64. mq_len: 23
[36m(FullyAsyncTrainer pid=15032)[0m [FullyAsyncTrainer] sample collected 11/64. mq_len: 22
[36m(FullyAsyncTrainer pid=15032)[0m [FullyAsyncTrainer] sample collected 12/64. mq_len: 21
[36m(FullyAsyncTrainer pid=15032)[0m [FullyAsyncTrainer] sample collected 13/64. mq_len: 20
[36m(FullyAsyncTrainer pid=15032)[0m [FullyAsyncTrainer] sample collected 14/64. mq_len: 19
[36m(FullyAsyncTrainer pid=15032)[0m [FullyAsyncTrainer] sample collected 15/64. mq_len: 18
[36m(FullyAsyncTrainer pid=15032)[0m [FullyAsyncTrainer] sample collected 16/64. mq_len: 17
[36m(FullyAsyncTrainer pid=15032)[0m [FullyAsyncTrainer] sample collected 17/64. mq_len: 16
[36m(FullyAsyncTrainer pid=15032)[0m [FullyAsyncTrainer] sample collected 18/64. mq_len: 15
[36m(FullyAsyncTrainer pid=15032)[0m [FullyAsyncTrainer] sample collected 19/64. mq_len: 14
[36m(FullyAsyncTrainer pid=15032)[0m [FullyAsyncTrainer] sample collected 20/64. mq_len: 13
[36m(FullyAsyncTrainer pid=15032)[0m [FullyAsyncTrainer] sample collected 21/64. mq_len: 12
[36m(FullyAsyncTrainer pid=15032)[0m [FullyAsyncTrainer] sample collected 22/64. mq_len: 11
[36m(FullyAsyncTrainer pid=15032)[0m [FullyAsyncTrainer] sample collected 23/64. mq_len: 10
[36m(FullyAsyncTrainer pid=15032)[0m [FullyAsyncTrainer] sample collected 24/64. mq_len: 9
[36m(FullyAsyncTrainer pid=15032)[0m [FullyAsyncTrainer] sample collected 25/64. mq_len: 8
[36m(FullyAsyncTrainer pid=15032)[0m [FullyAsyncTrainer] sample collected 26/64. mq_len: 7
[36m(FullyAsyncTrainer pid=15032)[0m [FullyAsyncTrainer] sample collected 27/64. mq_len: 6
[36m(FullyAsyncTrainer pid=15032)[0m [FullyAsyncTrainer] sample collected 28/64. mq_len: 5
[36m(FullyAsyncTrainer pid=15032)[0m [FullyAsyncTrainer] sample collected 29/64. mq_len: 4
[36m(FullyAsyncTrainer pid=15032)[0m [FullyAsyncTrainer] sample collected 30/64. mq_len: 3
[36m(FullyAsyncTrainer pid=15032)[0m [FullyAsyncTrainer] sample collected 31/64. mq_len: 2
[36m(FullyAsyncTrainer pid=15032)[0m [FullyAsyncTrainer] sample collected 32/64. mq_len: 1
[36m(FullyAsyncTrainer pid=15032)[0m [FullyAsyncTrainer] sample collected 33/64. mq_len: 0
[36m(FullyAsyncTrainer pid=15032)[0m [FullyAsyncTrainer] sample collected 34/64. mq_len: 0
[36m(FullyAsyncTrainer pid=15032)[0m [FullyAsyncTrainer] sample collected 35/64. mq_len: 0
[36m(FullyAsyncTrainer pid=15032)[0m [FullyAsyncTrainer] sample collected 36/64. mq_len: 0
[36m(FullyAsyncTrainer pid=15032)[0m [FullyAsyncTrainer] sample collected 37/64. mq_len: 0
[36m(FullyAsyncTrainer pid=15032)[0m [FullyAsyncTrainer] sample collected 38/64. mq_len: 0
[36m(FullyAsyncRollouter pid=17027)[0m [FullyAsyncRollouter][MonitorLoop][Statistics] {'count/dropped_stale_samples': 0,
[36m(FullyAsyncRollouter pid=17027)[0m  'count/staleness_samples': 54,
[36m(FullyAsyncRollouter pid=17027)[0m  'count/total_generated_samples': 166,
[36m(FullyAsyncRollouter pid=17027)[0m  'monitor/active_tasks_size': 16,
[36m(FullyAsyncRollouter pid=17027)[0m  'monitor/queue/mq_queue_size': 0,
[36m(FullyAsyncRollouter pid=17027)[0m  'monitor/queue/pending_queue_size': 128,
[36m(FullyAsyncRollouter pid=17027)[0m  'static/max_concurrent_samples': 16,
[36m(FullyAsyncRollouter pid=17027)[0m  'static/max_queue_size': 640064,
[36m(FullyAsyncRollouter pid=17027)[0m  'static/max_required_samples': 640064,
[36m(FullyAsyncRollouter pid=17027)[0m  'static/required_samples': 64,
[36m(FullyAsyncRollouter pid=17027)[0m  'static/staleness_threshold': 10000}
[36m(FullyAsyncTrainer pid=15032)[0m [FullyAsyncTrainer] sample collected 39/64. mq_len: 0
[36m(FullyAsyncTrainer pid=15032)[0m [FullyAsyncTrainer] sample collected 40/64. mq_len: 0
[36m(FullyAsyncTrainer pid=15032)[0m [FullyAsyncTrainer] sample collected 41/64. mq_len: 0
[36m(FullyAsyncTrainer pid=15032)[0m [FullyAsyncTrainer] sample collected 42/64. mq_len: 0
[36m(FullyAsyncTrainer pid=15032)[0m [FullyAsyncTrainer] sample collected 43/64. mq_len: 0
[36m(FullyAsyncTrainer pid=15032)[0m [FullyAsyncTrainer] sample collected 44/64. mq_len: 0
[36m(FullyAsyncTrainer pid=15032)[0m [FullyAsyncTrainer] sample collected 45/64. mq_len: 0
[36m(FullyAsyncTrainer pid=15032)[0m [FullyAsyncTrainer] sample collected 46/64. mq_len: 0
[36m(FullyAsyncTrainer pid=15032)[0m [FullyAsyncTrainer] sample collected 47/64. mq_len: 0
[36m(FullyAsyncTrainer pid=15032)[0m [FullyAsyncTrainer] sample collected 48/64. mq_len: 0
[36m(FullyAsyncTrainer pid=15032)[0m [FullyAsyncTrainer] sample collected 49/64. mq_len: 0
[36m(FullyAsyncTrainer pid=15032)[0m [FullyAsyncTrainer] sample collected 50/64. mq_len: 0
[36m(FullyAsyncTrainer pid=15032)[0m [FullyAsyncTrainer] sample collected 51/64. mq_len: 0
[36m(FullyAsyncTrainer pid=15032)[0m [FullyAsyncTrainer] sample collected 52/64. mq_len: 0
[36m(FullyAsyncTrainer pid=15032)[0m [FullyAsyncTrainer] sample collected 53/64. mq_len: 0
[36m(FullyAsyncTrainer pid=15032)[0m [FullyAsyncTrainer] sample collected 54/64. mq_len: 0
[36m(FullyAsyncTrainer pid=15032)[0m [FullyAsyncTrainer] sample collected 55/64. mq_len: 0
[36m(FullyAsyncTrainer pid=15032)[0m [FullyAsyncTrainer] sample collected 56/64. mq_len: 0
[36m(FullyAsyncTrainer pid=15032)[0m [FullyAsyncTrainer] sample collected 57/64. mq_len: 0
[36m(FullyAsyncTrainer pid=15032)[0m [FullyAsyncTrainer] sample collected 58/64. mq_len: 0
[36m(FullyAsyncRollouter pid=17027)[0m [FullyAsyncRollouter][MonitorLoop][Statistics] {'count/dropped_stale_samples': 0,
[36m(FullyAsyncRollouter pid=17027)[0m  'count/staleness_samples': 74,
[36m(FullyAsyncRollouter pid=17027)[0m  'count/total_generated_samples': 186,
[36m(FullyAsyncRollouter pid=17027)[0m  'monitor/active_tasks_size': 16,
[36m(FullyAsyncRollouter pid=17027)[0m  'monitor/queue/mq_queue_size': 0,
[36m(FullyAsyncRollouter pid=17027)[0m  'monitor/queue/pending_queue_size': 128,
[36m(FullyAsyncRollouter pid=17027)[0m  'static/max_concurrent_samples': 16,
[36m(FullyAsyncRollouter pid=17027)[0m  'static/max_queue_size': 640064,
[36m(FullyAsyncRollouter pid=17027)[0m  'static/max_required_samples': 640064,
[36m(FullyAsyncRollouter pid=17027)[0m  'static/required_samples': 64,
[36m(FullyAsyncRollouter pid=17027)[0m  'static/staleness_threshold': 10000}
[36m(FullyAsyncTrainer pid=15032)[0m [FullyAsyncTrainer] sample collected 59/64. mq_len: 0
[36m(FullyAsyncTrainer pid=15032)[0m [FullyAsyncTrainer] sample collected 60/64. mq_len: 0
[36m(FullyAsyncTrainer pid=15032)[0m [FullyAsyncTrainer] sample collected 61/64. mq_len: 0
[36m(FullyAsyncTrainer pid=15032)[0m [FullyAsyncTrainer] sample collected 62/64. mq_len: 0
[36m(FullyAsyncTrainer pid=15032)[0m [FullyAsyncTrainer] sample collected 63/64. mq_len: 0
[36m(FullyAsyncTrainer pid=15032)[0m [FullyAsyncTrainer] sample collected 64/64. mq_len: 0
[36m(FullyAsyncTrainer pid=15032)[0m [FullyAsyncTrainer] Collected 64/64 samples. mq_len: 0
[36m(FullyAsyncTrainer pid=15032)[0m [FullyAsyncTrainer] Loop collection completed: 64/64 samples, total wait time: 112.66 seconds. mq_len: 0
[36m(FullyAsyncTrainer pid=15032)[0m [BatchUtils] Assembling batch from 64 RolloutSample objects
[36m(FullyAsyncTrainer pid=15032)[0m [BatchUtils] Batch assembly completed in 0.24s
[36m(MessageQueue pid=23826)[0m MessageQueue stats: produced=200, queue_size=8
[36m(FullyAsyncRollouter pid=17027)[0m [FullyAsyncRollouter][MonitorLoop][Statistics] {'count/dropped_stale_samples': 0,
[36m(FullyAsyncRollouter pid=17027)[0m  'count/staleness_samples': 95,
[36m(FullyAsyncRollouter pid=17027)[0m  'count/total_generated_samples': 207,
[36m(FullyAsyncRollouter pid=17027)[0m  'monitor/active_tasks_size': 16,
[36m(FullyAsyncRollouter pid=17027)[0m  'monitor/queue/mq_queue_size': 15,
[36m(FullyAsyncRollouter pid=17027)[0m  'monitor/queue/pending_queue_size': 128,
[36m(FullyAsyncRollouter pid=17027)[0m  'static/max_concurrent_samples': 16,
[36m(FullyAsyncRollouter pid=17027)[0m  'static/max_queue_size': 640064,
[36m(FullyAsyncRollouter pid=17027)[0m  'static/max_required_samples': 640064,
[36m(FullyAsyncRollouter pid=17027)[0m  'static/required_samples': 64,
[36m(FullyAsyncRollouter pid=17027)[0m  'static/staleness_threshold': 10000}
[36m(FullyAsyncTrainer pid=15032)[0m [FullyAsyncTrainer] global_steps: 3 local_trigger_step: 1 trigger_parameter_sync_step: 1 03:13:16.313
[36m(vLLMHttpServer pid=19201)[0m (Worker pid=20570) WARNING 07-26 03:13:17 [layerwise.py:225] RotaryEmbedding: Failed to load weights
[36m(vLLMHttpServer pid=19201)[0m (EngineCore pid=20179) WARNING 07-26 03:13:17 [scheduler.py:1919] reset_connector called but no KV connector is configured.
[36m(FullyAsyncTrainer pid=15032)[0m [FullyAsyncTrainer] _fit_update_weights, timing_s/param_sync: 1.0084 seconds self.current_param_version: 3
[36m(FullyAsyncTrainer pid=15032)[0m step:3 - fully_async/rollouter/active_time:236.79861187934875 - fully_async/rollouter/version_time:236.79861187934875 - fully_async/rollouter/idle_ratio:0 - fully_async/rollouter/step_generated_samples:74 - dynamic_resource/rollout_resource_utilization:0.9999985681463894
[36m(FullyAsyncRollouter pid=17027)[0m [FullyAsyncRollouter][RolloutResourceUtilization] raw active_count_history (timestamp, active_count, max_concurrent): [(1785035362.8303456, 15, 16), (1785035362.8304296, 16, 16), (1785035381.197558, 15, 16), (1785035381.1976218, 16, 16), (1785035381.8822742, 15, 16), (1785035381.8823075, 16, 16), (1785035388.4864197, 15, 16), (1785035388.4864478, 16, 16), (1785035389.6277823, 15, 16), (1785035389.6278198, 16, 16), (1785035390.6764584, 15, 16), (1785035390.676485, 16, 16), (1785035394.4898584, 15, 16), (1785035394.4899209, 16, 16), (1785035405.504232, 15, 16), (1785035405.5042913, 16, 16), (1785035412.2024007, 15, 16), (1785035412.202427, 16, 16), (1785035414.432022, 15, 16), (1785035414.4320488, 16, 16), (1785035421.9391644, 15, 16), (1785035421.9392297, 16, 16), (1785035424.581852, 15, 16), (1785035424.5818784, 16, 16), (1785035424.605352, 15, 16), (1785035424.6053724, 16, 16), (1785035424.6125655, 14, 16), (1785035424.612581, 15, 16), (1785035424.6142917, 16, 16), (1785035424.6194768, 15, 16), (1785035424.6194901, 16, 16), (1785035427.272265, 15, 16), (1785035427.2722917, 16, 16), (1785035430.648312, 15, 16), (1785035430.6483393, 16, 16), (1785035434.7934973, 15, 16), (1785035434.7935557, 16, 16), (1785035437.911226, 15, 16), (1785035437.9112535, 16, 16), (1785035439.9914806, 15, 16), (1785035439.9915085, 16, 16), (1785035440.4466164, 15, 16), (1785035440.446642, 16, 16), (1785035441.2678518, 15, 16), (1785035441.2678807, 16, 16), (1785035445.2444224, 15, 16), (1785035445.244478, 16, 16), (1785035445.9782135, 15, 16), (1785035445.9782395, 16, 16), (1785035449.307337, 15, 16), (1785035449.3073635, 16, 16), (1785035462.593301, 15, 16), (1785035462.5933588, 16, 16), (1785035464.575579, 15, 16), (1785035464.575604, 16, 16), (1785035466.2491288, 15, 16), (1785035466.2491558, 16, 16), (1785035470.2655516, 15, 16), (1785035470.2655783, 16, 16), (1785035475.2623856, 15, 16), (1785035475.2624407, 16, 16), (1785035475.5305219, 15, 16), (1785035475.53055, 16, 16), (1785035475.6184251, 15, 16), (1785035475.618449, 16, 16), (1785035479.5986795, 15, 16), (1785035479.5987074, 16, 16), (1785035483.829325, 15, 16), (1785035483.8293502, 16, 16), (1785035489.4525943, 15, 16), (1785035489.4526513, 16, 16), (1785035493.2486572, 15, 16), (1785035493.2486851, 16, 16), (1785035495.4986844, 15, 16), (1785035495.49871, 16, 16), (1785035496.0626683, 15, 16), (1785035496.062695, 16, 16), (1785035502.536227, 15, 16), (1785035502.5362835, 16, 16), (1785035503.3168743, 15, 16), (1785035503.3169005, 16, 16), (1785035507.6155596, 15, 16), (1785035507.615585, 16, 16), (1785035521.966548, 15, 16), (1785035521.9666078, 16, 16), (1785035523.6474094, 15, 16), (1785035523.6474354, 16, 16), (1785035524.7772717, 15, 16), (1785035524.7772987, 16, 16), (1785035525.1049168, 15, 16), (1785035525.104944, 16, 16), (1785035528.5160308, 15, 16), (1785035528.516055, 16, 16), (1785035532.1103072, 15, 16), (1785035532.110372, 16, 16), (1785035532.2369285, 15, 16), (1785035532.236956, 16, 16), (1785035532.2575526, 15, 16), (1785035532.257572, 16, 16), (1785035533.831862, 15, 16), (1785035533.8318946, 16, 16), (1785035533.8608983, 15, 16), (1785035533.8609185, 16, 16), (1785035535.1135283, 15, 16), (1785035535.1135564, 16, 16), (1785035538.6328833, 15, 16), (1785035538.6329114, 16, 16), (1785035539.4479928, 15, 16), (1785035539.4480193, 16, 16), (1785035541.3049874, 15, 16), (1785035541.3050141, 16, 16), (1785035544.126535, 15, 16), (1785035544.1265922, 16, 16), (1785035546.4669192, 15, 16), (1785035546.466947, 16, 16), (1785035552.2515912, 15, 16), (1785035552.251618, 16, 16), (1785035554.4486506, 15, 16), (1785035554.4487069, 16, 16), (1785035565.2135954, 15, 16), (1785035565.2136612, 16, 16), (1785035565.9323392, 15, 16), (1785035565.9323773, 16, 16), (1785035569.8443594, 15, 16), (1785035569.8443985, 16, 16), (1785035573.3793614, 15, 16), (1785035573.3793983, 16, 16), (1785035574.8054595, 15, 16), (1785035574.805489, 16, 16), (1785035575.1694853, 15, 16), (1785035575.1695127, 16, 16), (1785035578.9687731, 15, 16), (1785035578.9688554, 16, 16), (1785035583.459753, 15, 16), (1785035583.459785, 16, 16), (1785035585.3196974, 15, 16), (1785035585.3197246, 16, 16), (1785035585.4582522, 15, 16), (1785035585.4582791, 16, 16), (1785035586.5276153, 15, 16), (1785035586.5276415, 16, 16), (1785035587.4334412, 15, 16), (1785035587.4334695, 16, 16), (1785035593.8565524, 15, 16), (1785035593.8566082, 16, 16), (1785035594.8417575, 15, 16), (1785035594.8417907, 16, 16), (1785035599.627927, 15, 16), (1785035599.6290095, 15, 16)]
[36m(FullyAsyncRollouter pid=17027)[0m [FullyAsyncRollouter][Public][reset_staleness] reset staleness_samples to: 58 idle_ratio: 0.0000 step_generated_samples(this_step): 74 rollout_resource_utilization: 1.0000 recent_history(last 10 steps): [(2, 109), (3, 52), (4, 74)]
[36m(FullyAsyncTrainer pid=15032)[0m aggregated metrics done. cost 0.0003 seconds.
[36m(FullyAsyncTrainer pid=15032)[0m step:3 - training/global_step:2.0 - training/epoch:0.0 - fully_async/count/stale_trajectory_processed:394.0 - fully_async/count/current_param_version:1.0 - fully_async/processing_time/avg:36.3215795000096 - fully_async/processing_time/max:70.80884872699971 - fully_async/processing_time/min:2.8055051900009857 - fully_async/processing_time/tp50:36.797033107499374 - fully_async/processing_time/tp99:70.76795604840929 - fully_async/processing_time/tp95:68.88685303449947 - fully_async/monitor/active_tasks_size:16.0 - fully_async/monitor/queue/pending_queue_size:128.0 - fully_async/monitor/queue/mq_queue_size:0.0 - fully_async/count/total_generated_samples:62.0 - fully_async/count/staleness_samples:77.0 - fully_async/count/dropped_stale_samples:0.0 - fully_async/static/max_required_samples:640064.0 - fully_async/static/required_samples:64.0 - fully_async/static/staleness_threshold:10000.0 - fully_async/static/max_queue_size:640064.0 - fully_async/static/max_concurrent_samples:16.0 - fully_async/partial/total_partial_num:86.0 - fully_async/partial/partial_ratio:0.16796875 - fully_async/partial/max_partial_span:1.0 - timing_s/agent_loop/tool_calls/max:0.0 - timing_s/agent_loop/tool_calls/min:0.0 - timing_s/agent_loop/tool_calls/mean:0.0 - fully_async/total_wait_time:49.942232847213745 - actor/pg_clipfrac:0.00024248998519058948 - actor/ppo_kl:0.0006605466170080905 - actor/pg_clipfrac_lower:1.467766888765206e-06 - actor/pg_loss:0.05067903607050539 - actor/loss:0.0506790354847908 - actor/grad_norm:0.027398884296417236 - actor/lr:1e-06 - actor/perf/max_memory_allocated_gb:40.14671182632446 - actor/perf/max_memory_reserved_gb:72.537109375 - actor/perf/cpu_memory_used_gb:50.9663200378418 - perf/mfu/actor:0.3232340901201666 - dynamic_resource/train_compute_time_s:108.41055868200783 - dynamic_resource/train_allocated_time_s:166.91772484779358 - critic/score/mean:-0.46875 - critic/score/max:1.0 - critic/score/min:-1.0 - critic/rewards/mean:-0.46875 - critic/rewards/max:1.0 - critic/rewards/min:-1.0 - critic/advantages/mean:-0.05067328363656998 - critic/advantages/max:2.474870204925537 - critic/advantages/min:-2.474870204925537 - critic/returns/mean:-0.05067328363656998 - critic/returns/max:2.474870204925537 - critic/returns/min:-2.474870204925537 - response_length/mean:5230.98046875 - response_length/max:8192.0 - response_length/min:475.0 - response_length/clip_ratio:0.345703125 - response_length_non_aborted/mean:5230.98046875 - response_length_non_aborted/max:8192.0 - response_length_non_aborted/min:475.0 - response_length_non_aborted/clip_ratio:0.345703125 - response/aborted_ratio:0.0 - prompt_length/mean:152.34375 - prompt_length/max:603.0 - prompt_length/min:74.0 - prompt_length/clip_ratio:0.0 - num_turns/min:2.0 - num_turns/max:2.0 - num_turns/mean:2.0 - timing_s/start_profile:6.4160012698266655e-06 - timing_s/gen:50.247875089000445 - timing_s/reward:2.365800173720345e-05 - timing_s/adv:0.008896827002899954 - timing_s/update_actor:108.4016381970032 - timing_s/timing_s/param_sync:1.1511404550001316 - timing_s/step:166.9177452949989 - timing_s/stop_profile:6.841000868007541e-06 - timing_per_token_ms/adv:3.227859689282062e-06 - timing_per_token_ms/update_actor:0.03932922131386755 - timing_per_token_ms/gen:0.018761374013819575 - perf/total_num_tokens:2756262.0 - perf/time_per_step:166.9177452949989 - perf/throughput:8256.348044747348 - dynamic_resource/mq_size:33.0 - fully_async/trainer/idle_ratio:0.30103375168527363 - dynamic_resource/train_resource_utilization:0.6494850009539946 - dynamic_resource/rollout_resource_utilization:0.9999985681463894 - dynamic_resource/resource_utilization:0.8247417845501921
[36m(FullyAsyncTrainer pid=15032)[0m [FullyAsyncTrainer] Requesting 64 samples from queue
[36m(FullyAsyncTrainer pid=15032)[0m [FullyAsyncTrainer] sample collected 1/64. mq_len: 42
[36m(FullyAsyncTrainer pid=15032)[0m [FullyAsyncTrainer] sample collected 2/64. mq_len: 41
[36m(FullyAsyncTrainer pid=15032)[0m [FullyAsyncTrainer] sample collected 3/64. mq_len: 40
[36m(FullyAsyncTrainer pid=15032)[0m [FullyAsyncTrainer] sample collected 4/64. mq_len: 39
[36m(FullyAsyncTrainer pid=15032)[0m [FullyAsyncTrainer] sample collected 5/64. mq_len: 38
[36m(FullyAsyncTrainer pid=15032)[0m [FullyAsyncTrainer] sample collected 6/64. mq_len: 37
[36m(FullyAsyncTrainer pid=15032)[0m [FullyAsyncTrainer] sample collected 7/64. mq_len: 36
[36m(FullyAsyncTrainer pid=15032)[0m [FullyAsyncTrainer] sample collected 8/64. mq_len: 35
[36m(FullyAsyncTrainer pid=15032)[0m [FullyAsyncTrainer] sample collected 9/64. mq_len: 34
[36m(FullyAsyncTrainer pid=15032)[0m [FullyAsyncTrainer] sample collected 10/64. mq_len: 33
[36m(FullyAsyncTrainer pid=15032)[0m [FullyAsyncTrainer] sample collected 11/64. mq_len: 32
[36m(FullyAsyncTrainer pid=15032)[0m [FullyAsyncTrainer] sample collected 12/64. mq_len: 31
[36m(FullyAsyncTrainer pid=15032)[0m [FullyAsyncTrainer] sample collected 13/64. mq_len: 30
[36m(FullyAsyncTrainer pid=15032)[0m [FullyAsyncTrainer] sample collected 14/64. mq_len: 29
[36m(FullyAsyncTrainer pid=15032)[0m [FullyAsyncTrainer] sample collected 15/64. mq_len: 28
[36m(FullyAsyncTrainer pid=15032)[0m [FullyAsyncTrainer] sample collected 16/64. mq_len: 27
[36m(FullyAsyncTrainer pid=15032)[0m [FullyAsyncTrainer] sample collected 17/64. mq_len: 26
[36m(FullyAsyncTrainer pid=15032)[0m [FullyAsyncTrainer] sample collected 18/64. mq_len: 25
[36m(FullyAsyncTrainer pid=15032)[0m [FullyAsyncTrainer] sample collected 19/64. mq_len: 24
[36m(FullyAsyncTrainer pid=15032)[0m Training Progress:   4%|▍         | 3/80 [12:58<5:14:49, 245.32s/it]
[36m(FullyAsyncTrainer pid=15032)[0m [FullyAsyncTrainer] sample collected 20/64. mq_len: 23
[36m(FullyAsyncTrainer pid=15032)[0m [FullyAsyncTrainer] sample collected 21/64. mq_len: 22
[36m(FullyAsyncTrainer pid=15032)[0m [FullyAsyncTrainer] sample collected 22/64. mq_len: 21
[36m(FullyAsyncTrainer pid=15032)[0m [FullyAsyncTrainer] sample collected 23/64. mq_len: 20
[36m(FullyAsyncTrainer pid=15032)[0m [FullyAsyncTrainer] sample collected 24/64. mq_len: 19
[36m(FullyAsyncTrainer pid=15032)[0m [FullyAsyncTrainer] sample collected 25/64. mq_len: 18
[36m(FullyAsyncTrainer pid=15032)[0m [FullyAsyncTrainer] sample collected 26/64. mq_len: 17
[36m(FullyAsyncTrainer pid=15032)[0m [FullyAsyncTrainer] sample collected 27/64. mq_len: 16
[36m(FullyAsyncTrainer pid=15032)[0m [FullyAsyncTrainer] sample collected 28/64. mq_len: 15
[36m(FullyAsyncTrainer pid=15032)[0m [FullyAsyncTrainer] sample collected 29/64. mq_len: 14
[36m(FullyAsyncTrainer pid=15032)[0m [FullyAsyncTrainer] sample collected 30/64. mq_len: 13
[36m(FullyAsyncTrainer pid=15032)[0m [FullyAsyncTrainer] sample collected 31/64. mq_len: 12
[36m(FullyAsyncTrainer pid=15032)[0m [FullyAsyncTrainer] sample collected 32/64. mq_len: 11
[36m(FullyAsyncTrainer pid=15032)[0m [FullyAsyncTrainer] sample collected 33/64. mq_len: 10
[36m(FullyAsyncTrainer pid=15032)[0m [FullyAsyncTrainer] sample collected 34/64. mq_len: 9
[36m(FullyAsyncTrainer pid=15032)[0m [FullyAsyncTrainer] sample collected 35/64. mq_len: 8
[36m(FullyAsyncTrainer pid=15032)[0m [FullyAsyncTrainer] sample collected 36/64. mq_len: 7
[36m(FullyAsyncTrainer pid=15032)[0m [FullyAsyncTrainer] sample collected 37/64. mq_len: 6
[36m(FullyAsyncTrainer pid=15032)[0m [FullyAsyncTrainer] sample collected 38/64. mq_len: 5
[36m(FullyAsyncTrainer pid=15032)[0m [FullyAsyncTrainer] sample collected 39/64. mq_len: 4
[36m(FullyAsyncTrainer pid=15032)[0m [FullyAsyncTrainer] sample collected 40/64. mq_len: 3
[36m(FullyAsyncTrainer pid=15032)[0m [FullyAsyncTrainer] sample collected 41/64. mq_len: 2
[36m(FullyAsyncTrainer pid=15032)[0m [FullyAsyncTrainer] sample collected 42/64. mq_len: 1
[36m(FullyAsyncTrainer pid=15032)[0m [FullyAsyncTrainer] sample collected 43/64. mq_len: 0
[36m(FullyAsyncTrainer pid=15032)[0m [FullyAsyncTrainer] sample collected 44/64. mq_len: 0
[36m(FullyAsyncRollouter pid=17027)[0m [FullyAsyncRollouter][MonitorLoop][Statistics] {'count/dropped_stale_samples': 0,
[36m(FullyAsyncRollouter pid=17027)[0m  'count/staleness_samples': 60,
[36m(FullyAsyncRollouter pid=17027)[0m  'count/total_generated_samples': 236,
[36m(FullyAsyncRollouter pid=17027)[0m  'monitor/active_tasks_size': 16,
[36m(FullyAsyncRollouter pid=17027)[0m  'monitor/queue/mq_queue_size': 0,
[36m(FullyAsyncRollouter pid=17027)[0m  'monitor/queue/pending_queue_size': 128,
[36m(FullyAsyncRollouter pid=17027)[0m  'static/max_concurrent_samples': 16,
[36m(FullyAsyncRollouter pid=17027)[0m  'static/max_queue_size': 640064,
[36m(FullyAsyncRollouter pid=17027)[0m  'static/max_required_samples': 640064,
[36m(FullyAsyncRollouter pid=17027)[0m  'static/required_samples': 64,
[36m(FullyAsyncRollouter pid=17027)[0m  'static/staleness_threshold': 10000}
[36m(FullyAsyncTrainer pid=15032)[0m [FullyAsyncTrainer] sample collected 45/64. mq_len: 0
[36m(FullyAsyncTrainer pid=15032)[0m [FullyAsyncTrainer] sample collected 46/64. mq_len: 0
[36m(FullyAsyncTrainer pid=15032)[0m [FullyAsyncTrainer] sample collected 47/64. mq_len: 0
[36m(FullyAsyncTrainer pid=15032)[0m [FullyAsyncTrainer] sample collected 48/64. mq_len: 0
[36m(FullyAsyncTrainer pid=15032)[0m [FullyAsyncTrainer] sample collected 49/64. mq_len: 0
[36m(FullyAsyncTrainer pid=15032)[0m [FullyAsyncTrainer] sample collected 50/64. mq_len: 0
[36m(FullyAsyncTrainer pid=15032)[0m [FullyAsyncTrainer] sample collected 51/64. mq_len: 0
[36m(FullyAsyncTrainer pid=15032)[0m [FullyAsyncTrainer] sample collected 52/64. mq_len: 0
[36m(FullyAsyncTrainer pid=15032)[0m [FullyAsyncTrainer] sample collected 53/64. mq_len: 0
[36m(FullyAsyncTrainer pid=15032)[0m [FullyAsyncTrainer] sample collected 54/64. mq_len: 0
[36m(FullyAsyncTrainer pid=15032)[0m [FullyAsyncTrainer] sample collected 55/64. mq_len: 0
[36m(FullyAsyncTrainer pid=15032)[0m [FullyAsyncTrainer] sample collected 56/64. mq_len: 0
[36m(FullyAsyncTrainer pid=15032)[0m [FullyAsyncTrainer] sample collected 57/64. mq_len: 0
[36m(FullyAsyncTrainer pid=15032)[0m [FullyAsyncTrainer] sample collected 58/64. mq_len: 0
[36m(FullyAsyncTrainer pid=15032)[0m [FullyAsyncTrainer] sample collected 59/64. mq_len: 0
[36m(FullyAsyncTrainer pid=15032)[0m [FullyAsyncTrainer] sample collected 60/64. mq_len: 0
[36m(FullyAsyncTrainer pid=15032)[0m [FullyAsyncTrainer] sample collected 61/64. mq_len: 0
[36m(FullyAsyncRollouter pid=17027)[0m [FullyAsyncRollouter][MonitorLoop][Statistics] {'count/dropped_stale_samples': 0,
[36m(FullyAsyncRollouter pid=17027)[0m  'count/staleness_samples': 77,
[36m(FullyAsyncRollouter pid=17027)[0m  'count/total_generated_samples': 253,
[36m(FullyAsyncRollouter pid=17027)[0m  'monitor/active_tasks_size': 16,
[36m(FullyAsyncRollouter pid=17027)[0m  'monitor/queue/mq_queue_size': 0,
[36m(FullyAsyncRollouter pid=17027)[0m  'monitor/queue/pending_queue_size': 128,
[36m(FullyAsyncRollouter pid=17027)[0m  'static/max_concurrent_samples': 16,
[36m(FullyAsyncRollouter pid=17027)[0m  'static/max_queue_size': 640064,
[36m(FullyAsyncRollouter pid=17027)[0m  'static/max_required_samples': 640064,
[36m(FullyAsyncRollouter pid=17027)[0m  'static/required_samples': 64,
[36m(FullyAsyncRollouter pid=17027)[0m  'static/staleness_threshold': 10000}
[36m(FullyAsyncTrainer pid=15032)[0m [FullyAsyncTrainer] sample collected 62/64. mq_len: 0
[36m(FullyAsyncTrainer pid=15032)[0m [FullyAsyncTrainer] sample collected 63/64. mq_len: 0
[36m(FullyAsyncTrainer pid=15032)[0m [FullyAsyncTrainer] sample collected 64/64. mq_len: 0
[36m(FullyAsyncTrainer pid=15032)[0m [FullyAsyncTrainer] Collected 64/64 samples. mq_len: 0
[36m(FullyAsyncTrainer pid=15032)[0m [FullyAsyncTrainer] Loop collection completed: 64/64 samples, total wait time: 75.88 seconds. mq_len: 0
[36m(FullyAsyncTrainer pid=15032)[0m [BatchUtils] Assembling batch from 64 RolloutSample objects
[36m(FullyAsyncTrainer pid=15032)[0m [BatchUtils] Batch assembly completed in 0.24s
[36m(FullyAsyncRollouter pid=17027)[0m [FullyAsyncRollouter][MonitorLoop][Statistics] {'count/dropped_stale_samples': 0,
[36m(FullyAsyncRollouter pid=17027)[0m  'count/staleness_samples': 96,
[36m(FullyAsyncRollouter pid=17027)[0m  'count/total_generated_samples': 272,
[36m(FullyAsyncRollouter pid=17027)[0m  'monitor/active_tasks_size': 16,
[36m(FullyAsyncRollouter pid=17027)[0m  'monitor/queue/mq_queue_size': 16,
[36m(FullyAsyncRollouter pid=17027)[0m  'monitor/queue/pending_queue_size': 128,
[36m(FullyAsyncRollouter pid=17027)[0m  'static/max_concurrent_samples': 16,
[36m(FullyAsyncRollouter pid=17027)[0m  'static/max_queue_size': 640064,
[36m(FullyAsyncRollouter pid=17027)[0m  'static/max_required_samples': 640064,
[36m(FullyAsyncRollouter pid=17027)[0m  'static/required_samples': 64,
[36m(FullyAsyncRollouter pid=17027)[0m  'static/staleness_threshold': 10000}
[36m(FullyAsyncTrainer pid=15032)[0m [FullyAsyncTrainer] global_steps: 4 local_trigger_step: 1 trigger_parameter_sync_step: 1 03:16:30.029
[36m(vLLMHttpServer pid=19201)[0m (Worker pid=20570) WARNING 07-26 03:16:31 [layerwise.py:225] RotaryEmbedding: Failed to load weights
[36m(vLLMHttpServer pid=19201)[0m (EngineCore pid=20179) WARNING 07-26 03:16:31 [scheduler.py:1919] reset_connector called but no KV connector is configured.
[36m(FullyAsyncRollouter pid=17027)[0m [FullyAsyncRollouter][MonitorLoop][Statistics] {'count/dropped_stale_samples': 0,
[36m(FullyAsyncRollouter pid=17027)[0m  'count/staleness_samples': 112,
[36m(FullyAsyncRollouter pid=17027)[0m  'count/total_generated_samples': 288,
[36m(FullyAsyncRollouter pid=17027)[0m  'monitor/active_tasks_size': 16,
[36m(FullyAsyncRollouter pid=17027)[0m  'monitor/queue/mq_queue_size': 32,
[36m(FullyAsyncRollouter pid=17027)[0m  'monitor/queue/pending_queue_size': 128,
[36m(FullyAsyncRollouter pid=17027)[0m  'static/max_concurrent_samples': 16,
[36m(FullyAsyncRollouter pid=17027)[0m  'static/max_queue_size': 640064,
[36m(FullyAsyncRollouter pid=17027)[0m  'static/max_required_samples': 640064,
[36m(FullyAsyncRollouter pid=17027)[0m  'static/required_samples': 64,
[36m(FullyAsyncRollouter pid=17027)[0m  'static/staleness_threshold': 10000}
[36m(FullyAsyncTrainer pid=15032)[0m [FullyAsyncTrainer] _fit_update_weights, timing_s/param_sync: 1.2190 seconds self.current_param_version: 4
[36m(FullyAsyncTrainer pid=15032)[0m step:4 - fully_async/rollouter/active_time:198.8868088722229 - fully_async/rollouter/version_time:198.8868088722229 - fully_async/rollouter/idle_ratio:0 - fully_async/rollouter/step_generated_samples:54 - dynamic_resource/rollout_resource_utilization:0.9999991258008545
[36m(FullyAsyncRollouter pid=17027)[0m [FullyAsyncRollouter][RolloutResourceUtilization] raw active_count_history (timestamp, active_count, max_concurrent): [(1785035599.6293793, 15, 16), (1785035599.6295033, 16, 16), (1785035603.618375, 15, 16), (1785035603.6184034, 16, 16), (1785035612.6659162, 15, 16), (1785035612.665986, 16, 16), (1785035612.9797692, 15, 16), (1785035612.979796, 16, 16), (1785035622.157386, 15, 16), (1785035622.1574147, 16, 16), (1785035630.886717, 15, 16), (1785035630.8867724, 16, 16), (1785035636.015164, 15, 16), (1785035636.0151896, 16, 16), (1785035637.172578, 15, 16), (1785035637.172606, 16, 16), (1785035640.4096951, 15, 16), (1785035640.4097214, 16, 16), (1785035643.1296148, 15, 16), (1785035643.1296704, 16, 16), (1785035644.4570208, 15, 16), (1785035644.4570537, 16, 16), (1785035644.9283526, 15, 16), (1785035644.9283805, 16, 16), (1785035648.421435, 15, 16), (1785035648.4214685, 16, 16), (1785035654.2842996, 15, 16), (1785035654.2843635, 16, 16), (1785035654.5069954, 15, 16), (1785035654.5070226, 16, 16), (1785035654.511007, 15, 16), (1785035654.5110214, 16, 16), (1785035654.5250099, 15, 16), (1785035654.525027, 16, 16), (1785035654.5579355, 15, 16), (1785035654.5579538, 16, 16), (1785035659.8687181, 15, 16), (1785035659.8687441, 16, 16), (1785035666.8825843, 15, 16), (1785035666.8826416, 16, 16), (1785035669.699956, 15, 16), (1785035669.6999836, 16, 16), (1785035675.5371385, 15, 16), (1785035675.5371659, 16, 16), (1785035684.5255966, 15, 16), (1785035684.5256476, 16, 16), (1785035684.5770555, 15, 16), (1785035684.5770738, 16, 16), (1785035689.9625874, 15, 16), (1785035689.9626098, 16, 16), (1785035691.637289, 15, 16), (1785035691.6373098, 16, 16), (1785035697.7357223, 15, 16), (1785035697.735768, 16, 16), (1785035698.9757524, 15, 16), (1785035698.9757733, 16, 16), (1785035699.6847079, 15, 16), (1785035699.684728, 16, 16), (1785035700.9145503, 15, 16), (1785035700.914571, 16, 16), (1785035703.1964726, 15, 16), (1785035703.1964948, 16, 16), (1785035710.2833543, 15, 16), (1785035710.2833996, 16, 16), (1785035710.3016586, 15, 16), (1785035710.3016748, 16, 16), (1785035710.3532736, 15, 16), (1785035710.35329, 16, 16), (1785035716.095126, 15, 16), (1785035716.0951467, 16, 16), (1785035724.1415448, 15, 16), (1785035724.1415892, 16, 16), (1785035727.446976, 15, 16), (1785035727.4469972, 16, 16), (1785035733.843993, 15, 16), (1785035733.8440132, 16, 16), (1785035743.3529756, 15, 16), (1785035743.3530283, 16, 16), (1785035743.5259686, 15, 16), (1785035743.5259883, 16, 16), (1785035747.2420287, 15, 16), (1785035747.2420495, 16, 16), (1785035748.581831, 15, 16), (1785035748.5818515, 16, 16), (1785035749.4432666, 15, 16), (1785035749.4432871, 16, 16), (1785035753.1602135, 15, 16), (1785035753.1602364, 16, 16), (1785035757.2756765, 15, 16), (1785035757.2757227, 16, 16), (1785035759.1159825, 15, 16), (1785035759.116003, 16, 16), (1785035760.9195817, 15, 16), (1785035760.9196033, 16, 16), (1785035763.2034686, 15, 16), (1785035763.20349, 16, 16), (1785035770.5468855, 15, 16), (1785035770.5469315, 16, 16), (1785035770.5567791, 15, 16), (1785035770.5567944, 16, 16), (1785035770.745462, 15, 16), (1785035770.7454798, 16, 16), (1785035776.7535815, 15, 16), (1785035776.7536023, 16, 16), (1785035784.4093955, 15, 16), (1785035784.409443, 16, 16), (1785035787.5139372, 15, 16), (1785035787.513959, 16, 16), (1785035798.5151913, 15, 16), (1785035798.5162687, 15, 16)]
[36m(FullyAsyncRollouter pid=17027)[0m [FullyAsyncRollouter][Public][reset_staleness] reset staleness_samples to: 48 idle_ratio: 0.0000 step_generated_samples(this_step): 54 rollout_resource_utilization: 1.0000 recent_history(last 10 steps): [(2, 109), (3, 52), (4, 74), (5, 54)]
[36m(FullyAsyncTrainer pid=15032)[0m aggregated metrics done. cost 0.0002 seconds.
[36m(FullyAsyncTrainer pid=15032)[0m step:4 - training/global_step:3.0 - training/epoch:0.0 - fully_async/count/stale_trajectory_processed:656.0 - fully_async/count/current_param_version:2.0 - fully_async/processing_time/avg:44.253296935086006 - fully_async/processing_time/max:84.23556832100076 - fully_async/processing_time/min:4.623537125000439 - fully_async/processing_time/tp50:50.06072589250107 - fully_async/processing_time/tp99:84.1624845037916 - fully_async/processing_time/tp95:80.86001591390122 - fully_async/monitor/active_tasks_size:16.0 - fully_async/monitor/queue/pending_queue_size:128.0 - fully_async/monitor/queue/mq_queue_size:0.0 - fully_async/count/total_generated_samples:128.0 - fully_async/count/staleness_samples:80.0 - fully_async/count/dropped_stale_samples:0.0 - fully_async/static/max_required_samples:640064.0 - fully_async/static/required_samples:64.0 - fully_async/static/staleness_threshold:10000.0 - fully_async/static/max_queue_size:640064.0 - fully_async/static/max_concurrent_samples:16.0 - fully_async/partial/total_partial_num:122.0 - fully_async/partial/partial_ratio:0.23828125 - fully_async/partial/max_partial_span:1.0 - timing_s/agent_loop/tool_calls/max:0.0 - timing_s/agent_loop/tool_calls/min:0.0 - timing_s/agent_loop/tool_calls/mean:0.0 - fully_async/total_wait_time:112.65510058403015 - actor/pg_clipfrac:0.00017273345912690276 - actor/ppo_kl:0.0006354154971550087 - actor/pg_clipfrac_lower:1.0156514763366431e-06 - actor/pg_loss:0.04780288646725239 - actor/loss:0.04780288413167 - actor/grad_norm:0.020975248888134956 - actor/lr:1e-06 - actor/perf/max_memory_allocated_gb:40.14671182632446 - actor/perf/max_memory_reserved_gb:73.01953125 - actor/perf/cpu_memory_used_gb:51.54923629760742 - perf/mfu/actor:0.323831574327824 - dynamic_resource/train_compute_time_s:120.4452839719961 - dynamic_resource/train_allocated_time_s:236.74969387054443 - critic/score/mean:-0.6171875 - critic/score/max:1.0 - critic/score/min:-1.0 - critic/rewards/mean:-0.6171875 - critic/rewards/max:1.0 - critic/rewards/min:-1.0 - critic/advantages/mean:-0.0478069931268692 - critic/advantages/max:2.474870204925537 - critic/advantages/min:-2.474870204925537 - critic/returns/mean:-0.0478069931268692 - critic/returns/max:2.474870204925537 - critic/returns/min:-2.474870204925537 - response_length/mean:5805.3984375 - response_length/max:8192.0 - response_length/min:615.0 - response_length/clip_ratio:0.43359375 - response_length_non_aborted/mean:5805.3984375 - response_length_non_aborted/max:8192.0 - response_length_non_aborted/min:615.0 - response_length_non_aborted/clip_ratio:0.43359375 - response/aborted_ratio:0.0 - prompt_length/mean:152.359375 - prompt_length/max:466.0 - prompt_length/min:82.0 - prompt_length/clip_ratio:0.0 - num_turns/min:2.0 - num_turns/max:2.0 - num_turns/mean:2.0 - timing_s/start_profile:5.623998731607571e-06 - timing_s/gen:112.98517989600077 - timing_s/reward:2.4533997930120677e-05 - timing_s/adv:0.00949299299827544 - timing_s/update_actor:120.4357664449999 - timing_s/timing_s/param_sync:1.0084080380001978 - timing_s/step:236.74971377899783 - timing_s/stop_profile:5.042002158006653e-06 - timing_per_token_ms/adv:3.1120771493691393e-06 - timing_per_token_ms/update_actor:0.039482320990685695 - timing_per_token_ms/gen:0.0380118921827881 - perf/total_num_tokens:3050372.0 - perf/time_per_step:236.74971377899783 - perf/throughput:6442.187302594745 - dynamic_resource/mq_size:43.0 - fully_async/trainer/idle_ratio:0.47723470534570817 - dynamic_resource/train_resource_utilization:0.5087452575032938 - dynamic_resource/rollout_resource_utilization:0.9999991258008545 - dynamic_resource/resource_utilization:0.7543721916520741
[36m(FullyAsyncTrainer pid=15032)[0m [FullyAsyncTrainer] Requesting 64 samples from queue
[36m(FullyAsyncTrainer pid=15032)[0m [FullyAsyncTrainer] sample collected 1/64. mq_len: 32
[36m(FullyAsyncTrainer pid=15032)[0m [FullyAsyncTrainer] sample collected 2/64. mq_len: 31
[36m(FullyAsyncTrainer pid=15032)[0m [FullyAsyncTrainer] sample collected 3/64. mq_len: 30
[36m(FullyAsyncTrainer pid=15032)[0m [FullyAsyncTrainer] sample collected 4/64. mq_len: 29
[36m(FullyAsyncTrainer pid=15032)[0m [FullyAsyncTrainer] sample collected 5/64. mq_len: 28
[36m(FullyAsyncTrainer pid=15032)[0m [FullyAsyncTrainer] sample collected 6/64. mq_len: 27
[36m(FullyAsyncTrainer pid=15032)[0m [FullyAsyncTrainer] sample collected 7/64. mq_len: 26
[36m(FullyAsyncTrainer pid=15032)[0m [FullyAsyncTrainer] sample collected 8/64. mq_len: 25
[36m(FullyAsyncTrainer pid=15032)[0m [FullyAsyncTrainer] sample collected 9/64. mq_len: 24
[36m(FullyAsyncTrainer pid=15032)[0m [FullyAsyncTrainer] sample collected 10/64. mq_len: 23
[36m(FullyAsyncTrainer pid=15032)[0m [FullyAsyncTrainer] sample collected 11/64. mq_len: 22
[36m(FullyAsyncTrainer pid=15032)[0m [FullyAsyncTrainer] sample collected 12/64. mq_len: 21
[36m(FullyAsyncTrainer pid=15032)[0m [FullyAsyncTrainer] sample collected 13/64. mq_len: 20
[36m(FullyAsyncTrainer pid=15032)[0m [FullyAsyncTrainer] sample collected 14/64. mq_len: 19
[36m(FullyAsyncTrainer pid=15032)[0m Training Progress:   5%|▌         | 4/80 [16:17<4:47:31, 227.00s/it]
[36m(FullyAsyncTrainer pid=15032)[0m [FullyAsyncTrainer] sample collected 15/64. mq_len: 18
[36m(FullyAsyncTrainer pid=15032)[0m [FullyAsyncTrainer] sample collected 16/64. mq_len: 17
[36m(FullyAsyncTrainer pid=15032)[0m [FullyAsyncTrainer] sample collected 17/64. mq_len: 16
[36m(FullyAsyncTrainer pid=15032)[0m [FullyAsyncTrainer] sample collected 18/64. mq_len: 15
[36m(FullyAsyncTrainer pid=15032)[0m [FullyAsyncTrainer] sample collected 19/64. mq_len: 14
[36m(FullyAsyncTrainer pid=15032)[0m [FullyAsyncTrainer] sample collected 20/64. mq_len: 13
[36m(FullyAsyncTrainer pid=15032)[0m [FullyAsyncTrainer] sample collected 21/64. mq_len: 12
[36m(FullyAsyncTrainer pid=15032)[0m [FullyAsyncTrainer] sample collected 22/64. mq_len: 11
[36m(FullyAsyncTrainer pid=15032)[0m [FullyAsyncTrainer] sample collected 23/64. mq_len: 10
[36m(FullyAsyncTrainer pid=15032)[0m [FullyAsyncTrainer] sample collected 24/64. mq_len: 9
[36m(FullyAsyncTrainer pid=15032)[0m [FullyAsyncTrainer] sample collected 25/64. mq_len: 8
[36m(FullyAsyncTrainer pid=15032)[0m [FullyAsyncTrainer] sample collected 26/64. mq_len: 7
[36m(FullyAsyncTrainer pid=15032)[0m [FullyAsyncTrainer] sample collected 27/64. mq_len: 6
[36m(FullyAsyncTrainer pid=15032)[0m [FullyAsyncTrainer] sample collected 28/64. mq_len: 5
[36m(FullyAsyncTrainer pid=15032)[0m [FullyAsyncTrainer] sample collected 29/64. mq_len: 4
[36m(FullyAsyncTrainer pid=15032)[0m [FullyAsyncTrainer] sample collected 30/64. mq_len: 3
[36m(FullyAsyncTrainer pid=15032)[0m [FullyAsyncTrainer] sample collected 31/64. mq_len: 2
[36m(FullyAsyncTrainer pid=15032)[0m [FullyAsyncTrainer] sample collected 32/64. mq_len: 1
[36m(FullyAsyncTrainer pid=15032)[0m [FullyAsyncTrainer] sample collected 33/64. mq_len: 0
[36m(FullyAsyncTrainer pid=15032)[0m [FullyAsyncTrainer] sample collected 34/64. mq_len: 0
[36m(FullyAsyncTrainer pid=15032)[0m [FullyAsyncTrainer] sample collected 35/64. mq_len: 0
[36m(FullyAsyncTrainer pid=15032)[0m [FullyAsyncTrainer] sample collected 36/64. mq_len: 0
[36m(FullyAsyncTrainer pid=15032)[0m [FullyAsyncTrainer] sample collected 37/64. mq_len: 0
[36m(FullyAsyncTrainer pid=15032)[0m [FullyAsyncTrainer] sample collected 38/64. mq_len: 0
[36m(FullyAsyncTrainer pid=15032)[0m [FullyAsyncTrainer] sample collected 39/64. mq_len: 0
[36m(FullyAsyncTrainer pid=15032)[0m [FullyAsyncTrainer] sample collected 40/64. mq_len: 0
[36m(FullyAsyncTrainer pid=15032)[0m [FullyAsyncTrainer] sample collected 41/64. mq_len: 0
[36m(FullyAsyncTrainer pid=15032)[0m [FullyAsyncTrainer] sample collected 42/64. mq_len: 0
[36m(FullyAsyncTrainer pid=15032)[0m [FullyAsyncTrainer] sample collected 43/64. mq_len: 0
[36m(FullyAsyncTrainer pid=15032)[0m [FullyAsyncTrainer] sample collected 44/64. mq_len: 0
[36m(MessageQueue pid=23826)[0m MessageQueue stats: produced=300, queue_size=1
[36m(FullyAsyncTrainer pid=15032)[0m [FullyAsyncTrainer] sample collected 45/64. mq_len: 0
[36m(FullyAsyncTrainer pid=15032)[0m [FullyAsyncTrainer] sample collected 46/64. mq_len: 0
[36m(FullyAsyncTrainer pid=15032)[0m [FullyAsyncTrainer] sample collected 47/64. mq_len: 0
[36m(FullyAsyncTrainer pid=15032)[0m [FullyAsyncTrainer] sample collected 48/64. mq_len: 0
[36m(FullyAsyncTrainer pid=15032)[0m [FullyAsyncTrainer] sample collected 49/64. mq_len: 0
[36m(FullyAsyncRollouter pid=17027)[0m [FullyAsyncRollouter][MonitorLoop][Statistics] {'count/dropped_stale_samples': 0,
[36m(FullyAsyncRollouter pid=17027)[0m  'count/staleness_samples': 65,
[36m(FullyAsyncRollouter pid=17027)[0m  'count/total_generated_samples': 305,
[36m(FullyAsyncRollouter pid=17027)[0m  'monitor/active_tasks_size': 16,
[36m(FullyAsyncRollouter pid=17027)[0m  'monitor/queue/mq_queue_size': 0,
[36m(FullyAsyncRollouter pid=17027)[0m  'monitor/queue/pending_queue_size': 128,
[36m(FullyAsyncRollouter pid=17027)[0m  'static/max_concurrent_samples': 16,
[36m(FullyAsyncRollouter pid=17027)[0m  'static/max_queue_size': 640064,
[36m(FullyAsyncRollouter pid=17027)[0m  'static/max_required_samples': 640064,
[36m(FullyAsyncRollouter pid=17027)[0m  'static/required_samples': 64,
[36m(FullyAsyncRollouter pid=17027)[0m  'static/staleness_threshold': 10000}
[36m(FullyAsyncTrainer pid=15032)[0m [FullyAsyncTrainer] sample collected 50/64. mq_len: 0
[36m(FullyAsyncTrainer pid=15032)[0m [FullyAsyncTrainer] sample collected 51/64. mq_len: 0
[36m(FullyAsyncTrainer pid=15032)[0m [FullyAsyncTrainer] sample collected 52/64. mq_len: 0
[36m(FullyAsyncTrainer pid=15032)[0m [FullyAsyncTrainer] sample collected 53/64. mq_len: 0
[36m(FullyAsyncTrainer pid=15032)[0m [FullyAsyncTrainer] sample collected 54/64. mq_len: 0
[36m(FullyAsyncTrainer pid=15032)[0m [FullyAsyncTrainer] sample collected 55/64. mq_len: 0
[36m(FullyAsyncTrainer pid=15032)[0m [FullyAsyncTrainer] sample collected 56/64. mq_len: 0
[36m(FullyAsyncTrainer pid=15032)[0m [FullyAsyncTrainer] sample collected 57/64. mq_len: 0
[36m(FullyAsyncTrainer pid=15032)[0m [FullyAsyncTrainer] sample collected 58/64. mq_len: 0
[36m(FullyAsyncTrainer pid=15032)[0m [FullyAsyncTrainer] sample collected 59/64. mq_len: 0
[36m(FullyAsyncTrainer pid=15032)[0m [FullyAsyncTrainer] sample collected 60/64. mq_len: 0
[36m(FullyAsyncTrainer pid=15032)[0m [FullyAsyncTrainer] sample collected 61/64. mq_len: 0
[36m(FullyAsyncTrainer pid=15032)[0m [FullyAsyncTrainer] sample collected 62/64. mq_len: 0
[36m(FullyAsyncTrainer pid=15032)[0m [FullyAsyncTrainer] sample collected 63/64. mq_len: 0
[36m(FullyAsyncTrainer pid=15032)[0m [FullyAsyncTrainer] sample collected 64/64. mq_len: 0
[36m(FullyAsyncTrainer pid=15032)[0m [FullyAsyncTrainer] Collected 64/64 samples. mq_len: 0
[36m(FullyAsyncTrainer pid=15032)[0m [FullyAsyncTrainer] Loop collection completed: 64/64 samples, total wait time: 115.22 seconds. mq_len: 0
[36m(FullyAsyncTrainer pid=15032)[0m [BatchUtils] Assembling batch from 64 RolloutSample objects
[36m(FullyAsyncTrainer pid=15032)[0m [BatchUtils] Batch assembly completed in 0.23s
[36m(FullyAsyncRollouter pid=17027)[0m [FullyAsyncRollouter][MonitorLoop][Statistics] {'count/dropped_stale_samples': 0,
[36m(FullyAsyncRollouter pid=17027)[0m  'count/staleness_samples': 83,
[36m(FullyAsyncRollouter pid=17027)[0m  'count/total_generated_samples': 323,
[36m(FullyAsyncRollouter pid=17027)[0m  'monitor/active_tasks_size': 16,
[36m(FullyAsyncRollouter pid=17027)[0m  'monitor/queue/mq_queue_size': 3,
[36m(FullyAsyncRollouter pid=17027)[0m  'monitor/queue/pending_queue_size': 128,
[36m(FullyAsyncRollouter pid=17027)[0m  'static/max_concurrent_samples': 16,
[36m(FullyAsyncRollouter pid=17027)[0m  'static/max_queue_size': 640064,
[36m(FullyAsyncRollouter pid=17027)[0m  'static/max_required_samples': 640064,
[36m(FullyAsyncRollouter pid=17027)[0m  'static/required_samples': 64,
[36m(FullyAsyncRollouter pid=17027)[0m  'static/staleness_threshold': 10000}
[36m(FullyAsyncRollouter pid=17027)[0m [FullyAsyncRollouter][MonitorLoop][Statistics] {'count/dropped_stale_samples': 0,
[36m(FullyAsyncRollouter pid=17027)[0m  'count/staleness_samples': 105,
[36m(FullyAsyncRollouter pid=17027)[0m  'count/total_generated_samples': 345,
[36m(FullyAsyncRollouter pid=17027)[0m  'monitor/active_tasks_size': 16,
[36m(FullyAsyncRollouter pid=17027)[0m  'monitor/queue/mq_queue_size': 25,
[36m(FullyAsyncRollouter pid=17027)[0m  'monitor/queue/pending_queue_size': 128,
[36m(FullyAsyncRollouter pid=17027)[0m  'static/max_concurrent_samples': 16,
[36m(FullyAsyncRollouter pid=17027)[0m  'static/max_queue_size': 640064,
[36m(FullyAsyncRollouter pid=17027)[0m  'static/max_required_samples': 640064,
[36m(FullyAsyncRollouter pid=17027)[0m  'static/required_samples': 64,
[36m(FullyAsyncRollouter pid=17027)[0m  'static/staleness_threshold': 10000}
[36m(FullyAsyncTrainer pid=15032)[0m [FullyAsyncTrainer] global_steps: 5 local_trigger_step: 1 trigger_parameter_sync_step: 1 03:20:47.075
[36m(vLLMHttpServer pid=19201)[0m (Worker pid=20570) WARNING 07-26 03:20:48 [layerwise.py:225] RotaryEmbedding: Failed to load weights
[36m(vLLMHttpServer pid=19201)[0m (EngineCore pid=20179) WARNING 07-26 03:20:48 [scheduler.py:1919] reset_connector called but no KV connector is configured.
[36m(FullyAsyncTrainer pid=15032)[0m [FullyAsyncTrainer] _fit_update_weights, timing_s/param_sync: 1.1115 seconds self.current_param_version: 5
[36m(FullyAsyncTrainer pid=15032)[0m step:5 - fully_async/rollouter/active_time:257.38795280456543 - fully_async/rollouter/version_time:257.38795280456543 - fully_async/rollouter/idle_ratio:0 - fully_async/rollouter/step_generated_samples:70 - dynamic_resource/rollout_resource_utilization:0.9999991765190519
[36m(FullyAsyncTrainer pid=15032)[0m aggregated metrics done. cost 0.0003 seconds.
[36m(FullyAsyncTrainer pid=15032)[0m step:5 - training/global_step:4.0 - training/epoch:0.0 - fully_async/count/stale_trajectory_processed:1023.0 - fully_async/count/current_param_version:3.0 - fully_async/processing_time/avg:37.59132263893949 - fully_async/processing_time/max:71.17903120400297 - fully_async/processing_time/min:4.109931756000151 - fully_async/processing_time/tp50:40.80315950499971 - fully_async/processing_time/tp99:70.72421531219007 - fully_async/processing_time/tp95:68.4620505255989 - fully_async/monitor/active_tasks_size:16.0 - fully_async/monitor/queue/pending_queue_size:128.0 - fully_async/monitor/queue/mq_queue_size:0.0 - fully_async/count/total_generated_samples:192.0 - fully_async/count/staleness_samples:80.0 - fully_async/count/dropped_stale_samples:0.0 - fully_async/static/max_required_samples:640064.0 - fully_async/static/required_samples:64.0 - fully_async/static/staleness_threshold:10000.0 - fully_async/static/max_queue_size:640064.0 - fully_async/static/max_concurrent_samples:16.0 - fully_async/partial/total_partial_num:97.0 - fully_async/partial/partial_ratio:0.189453125 - fully_async/partial/max_partial_span:1.0 - timing_s/agent_loop/tool_calls/max:0.0 - timing_s/agent_loop/tool_calls/min:0.0 - timing_s/agent_loop/tool_calls/mean:0.0 - fully_async/total_wait_time:75.87717175483704 - actor/pg_clipfrac:0.00029285746292108514 - actor/ppo_kl:0.0006756734262542183 - actor/pg_clipfrac_lower:1.0870285916745946e-06 - actor/pg_loss:0.08961062100570416 - actor/loss:0.08961062133312225 - actor/grad_norm:0.028104349970817566 - actor/lr:1e-06 - actor/perf/max_memory_allocated_gb:40.14671182632446 - actor/perf/max_memory_reserved_gb:73.01953125 - actor/perf/cpu_memory_used_gb:51.84870147705078 - perf/mfu/actor:0.3221280919228373 - dynamic_resource/train_compute_time_s:114.13357102800364 - dynamic_resource/train_allocated_time_s:198.8526508808136 - critic/score/mean:-0.5078125 - critic/score/max:1.0 - critic/score/min:-1.0 - critic/rewards/mean:-0.5078125 - critic/rewards/max:1.0 - critic/rewards/min:-1.0 - critic/advantages/mean:-0.08958262205123901 - critic/advantages/max:2.474870204925537 - critic/advantages/min:-2.474870204925537 - critic/returns/mean:-0.08958262205123901 - critic/returns/max:2.474870204925537 - critic/returns/min:-2.474870204925537 - response_length/mean:5485.7734375 - response_length/max:8192.0 - response_length/min:700.0 - response_length/clip_ratio:0.380859375 - response_length_non_aborted/mean:5485.7734375 - response_length_non_aborted/max:8192.0 - response_length_non_aborted/min:700.0 - response_length_non_aborted/clip_ratio:0.380859375 - response/aborted_ratio:0.0 - prompt_length/mean:149.375 - prompt_length/max:411.0 - prompt_length/min:80.0 - prompt_length/clip_ratio:0.0 - num_turns/min:2.0 - num_turns/max:2.0 - num_turns/mean:2.0 - timing_s/start_profile:5.8589976106304675e-06 - timing_s/gen:76.22937832499883 - timing_s/reward:1.808700108085759e-05 - timing_s/adv:0.009745901999849593 - timing_s/update_actor:114.12380703900271 - timing_s/timing_s/param_sync:1.2189862100021855 - timing_s/step:198.85267146099795 - timing_s/stop_profile:4.98500230605714e-06 - timing_per_token_ms/adv:3.377899456345286e-06 - timing_per_token_ms/update_actor:0.039554958151544195 - timing_per_token_ms/gen:0.02714029411481931 - perf/total_num_tokens:2885196.0 - perf/time_per_step:198.85267146099795 - perf/throughput:7254.607088760909 - dynamic_resource/mq_size:33.0 - fully_async/trainer/idle_ratio:0.3833460107170354 - dynamic_resource/train_resource_utilization:0.5739605206289753 - dynamic_resource/rollout_resource_utilization:0.9999991765190519 - dynamic_resource/resource_utilization:0.7869798485740136
[36m(FullyAsyncTrainer pid=15032)[0m [FullyAsyncTrainer] Requesting 64 samples from queue
[36m(FullyAsyncTrainer pid=15032)[0m [FullyAsyncTrainer] sample collected 1/64. mq_len: 38
[36m(FullyAsyncTrainer pid=15032)[0m [FullyAsyncTrainer] sample collected 2/64. mq_len: 37
[36m(FullyAsyncTrainer pid=15032)[0m [FullyAsyncTrainer] sample collected 3/64. mq_len: 36
[36m(FullyAsyncTrainer pid=15032)[0m Training Progress:   6%|▋         | 5/80 [20:34<4:57:26, 237.95s/it]
[36m(FullyAsyncRollouter pid=17027)[0m [FullyAsyncRollouter][RolloutResourceUtilization] raw active_count_history (timestamp, active_count, max_concurrent): [(1785035798.5165312, 15, 16), (1785035798.5166466, 16, 16), (1785035819.2112675, 15, 16), (1785035819.2113223, 16, 16), (1785035820.0491865, 15, 16), (1785035820.0492072, 16, 16), (1785035827.9359806, 15, 16), (1785035827.9360025, 16, 16), (1785035828.1196957, 15, 16), (1785035828.1197152, 16, 16), (1785035832.4558728, 15, 16), (1785035832.4559233, 16, 16), (1785035833.2435453, 15, 16), (1785035833.2435677, 16, 16), (1785035837.9288676, 15, 16), (1785035837.9288878, 16, 16), (1785035841.5895646, 15, 16), (1785035841.5895865, 16, 16), (1785035843.0193422, 15, 16), (1785035843.0193896, 16, 16), (1785035844.4157317, 15, 16), (1785035844.4157631, 16, 16), (1785035845.1312628, 15, 16), (1785035845.1312892, 16, 16), (1785035845.4181194, 15, 16), (1785035845.4181461, 16, 16), (1785035853.3530996, 15, 16), (1785035853.353154, 16, 16), (1785035853.837137, 15, 16), (1785035853.8371618, 16, 16), (1785035859.9007556, 15, 16), (1785035859.9007838, 16, 16), (1785035860.0415127, 15, 16), (1785035860.0415382, 16, 16), (1785035876.403332, 15, 16), (1785035876.4033883, 16, 16), (1785035880.4906533, 15, 16), (1785035880.490682, 16, 16), (1785035881.1815593, 15, 16), (1785035881.1815872, 16, 16), (1785035882.3695717, 15, 16), (1785035882.369598, 16, 16), (1785035887.4082658, 15, 16), (1785035887.4083261, 16, 16), (1785035887.4669232, 15, 16), (1785035887.4669533, 16, 16), (1785035891.9647572, 15, 16), (1785035891.9647834, 16, 16), (1785035893.0943692, 15, 16), (1785035893.0943956, 16, 16), (1785035897.2545838, 15, 16), (1785035897.2546115, 16, 16), (1785035902.0525334, 15, 16), (1785035902.0526052, 16, 16), (1785035903.0587878, 15, 16), (1785035903.0588279, 16, 16), (1785035905.1244643, 15, 16), (1785035905.124493, 16, 16), (1785035905.6769183, 15, 16), (1785035905.6769464, 16, 16), (1785035910.9649653, 15, 16), (1785035910.9649901, 16, 16), (1785035913.7873523, 15, 16), (1785035913.7874084, 16, 16), (1785035914.1619682, 15, 16), (1785035914.161994, 16, 16), (1785035920.8080368, 15, 16), (1785035920.8080635, 16, 16), (1785035920.9945726, 15, 16), (1785035920.9945998, 16, 16), (1785035937.689465, 15, 16), (1785035937.6895232, 16, 16), (1785035940.1193213, 15, 16), (1785035940.119348, 16, 16), (1785035944.0789537, 15, 16), (1785035944.0789814, 16, 16), (1785035947.8989322, 15, 16), (1785035947.8989966, 16, 16), (1785035949.0327225, 15, 16), (1785035949.0327501, 16, 16), (1785035949.154162, 15, 16), (1785035949.1541815, 16, 16), (1785035953.360082, 15, 16), (1785035953.3601012, 16, 16), (1785035954.2758646, 15, 16), (1785035954.275885, 16, 16), (1785035958.0722156, 15, 16), (1785035958.0722737, 16, 16), (1785035962.1930945, 15, 16), (1785035962.1931238, 16, 16), (1785035962.8309104, 15, 16), (1785035962.8309352, 16, 16), (1785035964.9766848, 15, 16), (1785035964.9767122, 16, 16), (1785035966.2902544, 15, 16), (1785035966.2902808, 16, 16), (1785035970.16504, 15, 16), (1785035970.1650891, 16, 16), (1785035972.0982323, 15, 16), (1785035972.0982528, 16, 16), (1785035972.8682518, 15, 16), (1785035972.8682728, 16, 16), (1785035973.1477234, 15, 16), (1785035973.147744, 16, 16), (1785035975.5132368, 15, 16), (1785035975.5132585, 16, 16), (1785035980.068354, 15, 16), (1785035980.0683763, 16, 16), (1785035995.7899802, 15, 16), (1785035995.790043, 16, 16), (1785035998.15697, 15, 16), (1785035998.15699, 16, 16), (1785036005.7089572, 15, 16), (1785036005.708978, 16, 16), (1785036007.3962219, 15, 16), (1785036007.3962665, 16, 16), (1785036009.4751077, 15, 16), (1785036009.4751282, 16, 16), (1785036011.560844, 15, 16), (1785036011.5608647, 16, 16), (1785036017.3562555, 15, 16), (1785036017.3562756, 16, 16), (1785036017.8129637, 15, 16), (1785036017.8130095, 16, 16), (1785036022.474915, 15, 16), (1785036022.4749339, 16, 16), (1785036025.5663757, 15, 16), (1785036025.566397, 16, 16), (1785036027.2591937, 15, 16), (1785036027.2592173, 16, 16), (1785036032.6790226, 15, 16), (1785036032.6790767, 16, 16), (1785036034.2030947, 15, 16), (1785036034.2031174, 16, 16), (1785036035.3986871, 15, 16), (1785036035.398708, 16, 16), (1785036038.2960534, 15, 16), (1785036038.2960753, 16, 16), (1785036043.3120122, 15, 16), (1785036043.3120568, 16, 16), (1785036055.903463, 15, 16), (1785036055.9045343, 15, 16)]
[36m(FullyAsyncRollouter pid=17027)[0m [FullyAsyncRollouter][Public][reset_staleness] reset staleness_samples to: 54 idle_ratio: 0.0000 step_generated_samples(this_step): 70 rollout_resource_utilization: 1.0000 recent_history(last 10 steps): [(2, 109), (3, 52), (4, 74), (5, 54), (6, 70)]
[36m(FullyAsyncTrainer pid=15032)[0m [FullyAsyncTrainer] sample collected 4/64. mq_len: 35
[36m(FullyAsyncTrainer pid=15032)[0m [FullyAsyncTrainer] sample collected 5/64. mq_len: 34
[36m(FullyAsyncTrainer pid=15032)[0m [FullyAsyncTrainer] sample collected 6/64. mq_len: 33
[36m(FullyAsyncTrainer pid=15032)[0m [FullyAsyncTrainer] sample collected 7/64. mq_len: 32
[36m(FullyAsyncTrainer pid=15032)[0m [FullyAsyncTrainer] sample collected 8/64. mq_len: 31
[36m(FullyAsyncTrainer pid=15032)[0m [FullyAsyncTrainer] sample collected 9/64. mq_len: 30
[36m(FullyAsyncTrainer pid=15032)[0m [FullyAsyncTrainer] sample collected 10/64. mq_len: 29
[36m(FullyAsyncTrainer pid=15032)[0m [FullyAsyncTrainer] sample collected 11/64. mq_len: 28
[36m(FullyAsyncTrainer pid=15032)[0m [FullyAsyncTrainer] sample collected 12/64. mq_len: 27
[36m(FullyAsyncTrainer pid=15032)[0m [FullyAsyncTrainer] sample collected 13/64. mq_len: 26
[36m(FullyAsyncTrainer pid=15032)[0m [FullyAsyncTrainer] sample collected 14/64. mq_len: 25
[36m(FullyAsyncTrainer pid=15032)[0m [FullyAsyncTrainer] sample collected 15/64. mq_len: 24
[36m(FullyAsyncTrainer pid=15032)[0m [FullyAsyncTrainer] sample collected 16/64. mq_len: 23
[36m(FullyAsyncTrainer pid=15032)[0m [FullyAsyncTrainer] sample collected 17/64. mq_len: 22
[36m(FullyAsyncTrainer pid=15032)[0m [FullyAsyncTrainer] sample collected 18/64. mq_len: 21
[36m(FullyAsyncTrainer pid=15032)[0m [FullyAsyncTrainer] sample collected 19/64. mq_len: 20
[36m(FullyAsyncTrainer pid=15032)[0m [FullyAsyncTrainer] sample collected 20/64. mq_len: 19
[36m(FullyAsyncTrainer pid=15032)[0m [FullyAsyncTrainer] sample collected 21/64. mq_len: 18
[36m(FullyAsyncTrainer pid=15032)[0m [FullyAsyncTrainer] sample collected 22/64. mq_len: 17
[36m(FullyAsyncTrainer pid=15032)[0m [FullyAsyncTrainer] sample collected 23/64. mq_len: 16
[36m(FullyAsyncTrainer pid=15032)[0m [FullyAsyncTrainer] sample collected 24/64. mq_len: 15
[36m(FullyAsyncTrainer pid=15032)[0m [FullyAsyncTrainer] sample collected 25/64. mq_len: 14
[36m(FullyAsyncTrainer pid=15032)[0m [FullyAsyncTrainer] sample collected 26/64. mq_len: 13
[36m(FullyAsyncTrainer pid=15032)[0m [FullyAsyncTrainer] sample collected 27/64. mq_len: 12
[36m(FullyAsyncTrainer pid=15032)[0m [FullyAsyncTrainer] sample collected 28/64. mq_len: 11
[36m(FullyAsyncTrainer pid=15032)[0m [FullyAsyncTrainer] sample collected 29/64. mq_len: 10
[36m(FullyAsyncTrainer pid=15032)[0m [FullyAsyncTrainer] sample collected 30/64. mq_len: 9
[36m(FullyAsyncTrainer pid=15032)[0m [FullyAsyncTrainer] sample collected 31/64. mq_len: 8
[36m(FullyAsyncTrainer pid=15032)[0m [FullyAsyncTrainer] sample collected 32/64. mq_len: 7
[36m(FullyAsyncTrainer pid=15032)[0m [FullyAsyncTrainer] sample collected 33/64. mq_len: 6
[36m(FullyAsyncTrainer pid=15032)[0m [FullyAsyncTrainer] sample collected 34/64. mq_len: 5
[36m(FullyAsyncTrainer pid=15032)[0m [FullyAsyncTrainer] sample collected 35/64. mq_len: 4
[36m(FullyAsyncTrainer pid=15032)[0m [FullyAsyncTrainer] sample collected 36/64. mq_len: 3
[36m(FullyAsyncTrainer pid=15032)[0m [FullyAsyncTrainer] sample collected 37/64. mq_len: 2
[36m(FullyAsyncTrainer pid=15032)[0m [FullyAsyncTrainer] sample collected 38/64. mq_len: 1
[36m(FullyAsyncTrainer pid=15032)[0m [FullyAsyncTrainer] sample collected 39/64. mq_len: 0
[36m(FullyAsyncRollouter pid=17027)[0m [FullyAsyncRollouter][MonitorLoop][Statistics] {'count/dropped_stale_samples': 0,
[36m(FullyAsyncRollouter pid=17027)[0m  'count/staleness_samples': 55,
[36m(FullyAsyncRollouter pid=17027)[0m  'count/total_generated_samples': 359,
[36m(FullyAsyncRollouter pid=17027)[0m  'monitor/active_tasks_size': 16,
[36m(FullyAsyncRollouter pid=17027)[0m  'monitor/queue/mq_queue_size': 0,
[36m(FullyAsyncRollouter pid=17027)[0m  'monitor/queue/pending_queue_size': 128,
[36m(FullyAsyncRollouter pid=17027)[0m  'static/max_concurrent_samples': 16,
[36m(FullyAsyncRollouter pid=17027)[0m  'static/max_queue_size': 640064,
[36m(FullyAsyncRollouter pid=17027)[0m  'static/max_required_samples': 640064,
[36m(FullyAsyncRollouter pid=17027)[0m  'static/required_samples': 64,
[36m(FullyAsyncRollouter pid=17027)[0m  'static/staleness_threshold': 10000}
[36m(FullyAsyncTrainer pid=15032)[0m [FullyAsyncTrainer] sample collected 40/64. mq_len: 0
[36m(FullyAsyncTrainer pid=15032)[0m [FullyAsyncTrainer] sample collected 41/64. mq_len: 0
[36m(FullyAsyncTrainer pid=15032)[0m [FullyAsyncTrainer] sample collected 42/64. mq_len: 0
[36m(FullyAsyncTrainer pid=15032)[0m [FullyAsyncTrainer] sample collected 43/64. mq_len: 0
[36m(FullyAsyncTrainer pid=15032)[0m [FullyAsyncTrainer] sample collected 44/64. mq_len: 0
[36m(FullyAsyncTrainer pid=15032)[0m [FullyAsyncTrainer] sample collected 45/64. mq_len: 0
[36m(FullyAsyncTrainer pid=15032)[0m [FullyAsyncTrainer] sample collected 46/64. mq_len: 0
[36m(FullyAsyncTrainer pid=15032)[0m [FullyAsyncTrainer] sample collected 47/64. mq_len: 0
[36m(FullyAsyncTrainer pid=15032)[0m [FullyAsyncTrainer] sample collected 48/64. mq_len: 0
[36m(FullyAsyncTrainer pid=15032)[0m [FullyAsyncTrainer] sample collected 49/64. mq_len: 0
[36m(FullyAsyncTrainer pid=15032)[0m [FullyAsyncTrainer] sample collected 50/64. mq_len: 0
[36m(FullyAsyncTrainer pid=15032)[0m [FullyAsyncTrainer] sample collected 51/64. mq_len: 0
[36m(FullyAsyncTrainer pid=15032)[0m [FullyAsyncTrainer] sample collected 52/64. mq_len: 0
[36m(FullyAsyncTrainer pid=15032)[0m [FullyAsyncTrainer] sample collected 53/64. mq_len: 0
[36m(FullyAsyncTrainer pid=15032)[0m [FullyAsyncTrainer] sample collected 54/64. mq_len: 0
[36m(FullyAsyncTrainer pid=15032)[0m [FullyAsyncTrainer] sample collected 55/64. mq_len: 0
[36m(FullyAsyncRollouter pid=17027)[0m [FullyAsyncRollouter][MonitorLoop][Statistics] {'count/dropped_stale_samples': 0,
[36m(FullyAsyncRollouter pid=17027)[0m  'count/staleness_samples': 71,
[36m(FullyAsyncRollouter pid=17027)[0m  'count/total_generated_samples': 375,
[36m(FullyAsyncRollouter pid=17027)[0m  'monitor/active_tasks_size': 16,
[36m(FullyAsyncRollouter pid=17027)[0m  'monitor/queue/mq_queue_size': 0,
[36m(FullyAsyncRollouter pid=17027)[0m  'monitor/queue/pending_queue_size': 128,
[36m(FullyAsyncRollouter pid=17027)[0m  'static/max_concurrent_samples': 16,
[36m(FullyAsyncRollouter pid=17027)[0m  'static/max_queue_size': 640064,
[36m(FullyAsyncRollouter pid=17027)[0m  'static/max_required_samples': 640064,
[36m(FullyAsyncRollouter pid=17027)[0m  'static/required_samples': 64,
[36m(FullyAsyncRollouter pid=17027)[0m  'static/staleness_threshold': 10000}
[36m(FullyAsyncTrainer pid=15032)[0m [FullyAsyncTrainer] sample collected 56/64. mq_len: 0
[36m(FullyAsyncTrainer pid=15032)[0m [FullyAsyncTrainer] sample collected 57/64. mq_len: 0
[36m(FullyAsyncTrainer pid=15032)[0m [FullyAsyncTrainer] sample collected 58/64. mq_len: 0
[36m(FullyAsyncTrainer pid=15032)[0m [FullyAsyncTrainer] sample collected 59/64. mq_len: 0
[36m(FullyAsyncTrainer pid=15032)[0m [FullyAsyncTrainer] sample collected 60/64. mq_len: 0
[36m(FullyAsyncTrainer pid=15032)[0m [FullyAsyncTrainer] sample collected 61/64. mq_len: 0
[36m(FullyAsyncTrainer pid=15032)[0m [FullyAsyncTrainer] sample collected 62/64. mq_len: 0
[36m(FullyAsyncTrainer pid=15032)[0m [FullyAsyncTrainer] sample collected 63/64. mq_len: 0
[36m(FullyAsyncTrainer pid=15032)[0m [FullyAsyncTrainer] sample collected 64/64. mq_len: 0
[36m(FullyAsyncTrainer pid=15032)[0m [FullyAsyncTrainer] Collected 64/64 samples. mq_len: 0
[36m(FullyAsyncTrainer pid=15032)[0m [FullyAsyncTrainer] Loop collection completed: 64/64 samples, total wait time: 109.47 seconds. mq_len: 0
[36m(FullyAsyncTrainer pid=15032)[0m [BatchUtils] Assembling batch from 64 RolloutSample objects
[36m(FullyAsyncTrainer pid=15032)[0m [BatchUtils] Batch assembly completed in 0.22s
[36m(FullyAsyncRollouter pid=17027)[0m [FullyAsyncRollouter][MonitorLoop][Statistics] {'count/dropped_stale_samples': 0,
[36m(FullyAsyncRollouter pid=17027)[0m  'count/staleness_samples': 89,
[36m(FullyAsyncRollouter pid=17027)[0m  'count/total_generated_samples': 393,
[36m(FullyAsyncRollouter pid=17027)[0m  'monitor/active_tasks_size': 16,
[36m(FullyAsyncRollouter pid=17027)[0m  'monitor/queue/mq_queue_size': 9,
[36m(FullyAsyncRollouter pid=17027)[0m  'monitor/queue/pending_queue_size': 128,
[36m(FullyAsyncRollouter pid=17027)[0m  'static/max_concurrent_samples': 16,
[36m(FullyAsyncRollouter pid=17027)[0m  'static/max_queue_size': 640064,
[36m(FullyAsyncRollouter pid=17027)[0m  'static/max_required_samples': 640064,
[36m(FullyAsyncRollouter pid=17027)[0m  'static/required_samples': 64,
[36m(FullyAsyncRollouter pid=17027)[0m  'static/staleness_threshold': 10000}
[36m(MessageQueue pid=23826)[0m MessageQueue stats: produced=400, queue_size=16
[36m(FullyAsyncRollouter pid=17027)[0m [FullyAsyncRollouter][MonitorLoop][Statistics] {'count/dropped_stale_samples': 0,
[36m(FullyAsyncRollouter pid=17027)[0m  'count/staleness_samples': 112,
[36m(FullyAsyncRollouter pid=17027)[0m  'count/total_generated_samples': 416,
[36m(FullyAsyncRollouter pid=17027)[0m  'monitor/active_tasks_size': 16,
[36m(FullyAsyncRollouter pid=17027)[0m  'monitor/queue/mq_queue_size': 32,
[36m(FullyAsyncRollouter pid=17027)[0m  'monitor/queue/pending_queue_size': 128,
[36m(FullyAsyncRollouter pid=17027)[0m  'static/max_concurrent_samples': 16,
[36m(FullyAsyncRollouter pid=17027)[0m  'static/max_queue_size': 640064,
[36m(FullyAsyncRollouter pid=17027)[0m  'static/max_required_samples': 640064,
[36m(FullyAsyncRollouter pid=17027)[0m  'static/required_samples': 64,
[36m(FullyAsyncRollouter pid=17027)[0m  'static/staleness_threshold': 10000}
[36m(FullyAsyncTrainer pid=15032)[0m [FullyAsyncTrainer] global_steps: 6 local_trigger_step: 1 trigger_parameter_sync_step: 1 03:25:04.277
[36m(vLLMHttpServer pid=19201)[0m (Worker pid=20570) WARNING 07-26 03:25:05 [layerwise.py:225] RotaryEmbedding: Failed to load weights
[36m(vLLMHttpServer pid=19201)[0m (EngineCore pid=20179) WARNING 07-26 03:25:05 [scheduler.py:1919] reset_connector called but no KV connector is configured.
[36m(FullyAsyncTrainer pid=15032)[0m [FullyAsyncTrainer] _fit_update_weights, timing_s/param_sync: 0.9655 seconds self.current_param_version: 6
[36m(FullyAsyncTrainer pid=15032)[0m step:6 - fully_async/rollouter/active_time:252.71352219581604 - fully_async/rollouter/version_time:252.71352219581604 - fully_async/rollouter/idle_ratio:0 - fully_async/rollouter/step_generated_samples:68 - dynamic_resource/rollout_resource_utilization:0.9999991438337861
[36m(FullyAsyncRollouter pid=17027)[0m [FullyAsyncRollouter][RolloutResourceUtilization] raw active_count_history (timestamp, active_count, max_concurrent): [(1785036055.904864, 15, 16), (1785036055.9049816, 16, 16), (1785036076.4983456, 15, 16), (1785036076.4983957, 16, 16), (1785036088.0568976, 15, 16), (1785036088.056942, 16, 16), (1785036090.3756406, 15, 16), (1785036090.3756618, 16, 16), (1785036090.8871057, 15, 16), (1785036090.887127, 16, 16), (1785036092.734036, 15, 16), (1785036092.7340617, 16, 16), (1785036095.1943946, 15, 16), (1785036095.1944144, 16, 16), (1785036102.9112725, 15, 16), (1785036102.911319, 16, 16), (1785036103.5905566, 15, 16), (1785036103.5905762, 16, 16), (1785036108.2890832, 15, 16), (1785036108.2891366, 16, 16), (1785036113.6795993, 15, 16), (1785036113.6796587, 16, 16), (1785036118.8905573, 15, 16), (1785036118.8905797, 16, 16), (1785036120.9000463, 15, 16), (1785036120.900075, 16, 16), (1785036120.9031, 15, 16), (1785036120.9031153, 16, 16), (1785036120.9213755, 15, 16), (1785036120.9213912, 16, 16), (1785036120.9355464, 15, 16), (1785036120.9355628, 16, 16), (1785036125.677217, 15, 16), (1785036125.6772645, 16, 16), (1785036135.9151227, 15, 16), (1785036135.9151697, 16, 16), (1785036143.8762515, 15, 16), (1785036143.8762734, 16, 16), (1785036154.0678854, 15, 16), (1785036154.0679367, 16, 16), (1785036155.6770992, 15, 16), (1785036155.677122, 16, 16), (1785036155.9951031, 15, 16), (1785036155.995125, 16, 16), (1785036156.206629, 15, 16), (1785036156.2066507, 16, 16), (1785036158.0912304, 15, 16), (1785036158.0912528, 16, 16), (1785036159.617032, 15, 16), (1785036159.6170602, 16, 16), (1785036165.4025528, 15, 16), (1785036165.4026005, 16, 16), (1785036169.1420114, 15, 16), (1785036169.142033, 16, 16), (1785036173.4859378, 15, 16), (1785036173.4859607, 16, 16), (1785036178.4843187, 15, 16), (1785036178.484365, 16, 16), (1785036181.3310165, 15, 16), (1785036181.3310728, 16, 16), (1785036181.334799, 15, 16), (1785036181.3348246, 16, 16), (1785036181.3708465, 15, 16), (1785036181.3708704, 16, 16), (1785036181.435074, 15, 16), (1785036181.4350967, 16, 16), (1785036185.1306078, 15, 16), (1785036185.1306338, 16, 16), (1785036204.2354972, 15, 16), (1785036204.235557, 16, 16), (1785036214.3329928, 15, 16), (1785036214.3330457, 16, 16), (1785036216.1638465, 15, 16), (1785036216.1638722, 16, 16), (1785036216.6690466, 15, 16), (1785036216.6690717, 16, 16), (1785036216.7855692, 15, 16), (1785036216.7855985, 16, 16), (1785036218.9252057, 15, 16), (1785036218.9252348, 16, 16), (1785036220.483133, 15, 16), (1785036220.4831595, 16, 16), (1785036226.7063382, 15, 16), (1785036226.7064133, 16, 16), (1785036230.6400309, 15, 16), (1785036230.640062, 16, 16), (1785036234.9263263, 15, 16), (1785036234.9263535, 16, 16), (1785036239.0451636, 15, 16), (1785036239.0452297, 16, 16), (1785036241.946266, 15, 16), (1785036241.9462922, 16, 16), (1785036242.008996, 15, 16), (1785036242.0090227, 16, 16), (1785036242.4753196, 15, 16), (1785036242.475346, 16, 16), (1785036242.497174, 15, 16), (1785036242.4971938, 16, 16), (1785036242.7310462, 15, 16), (1785036242.7310865, 16, 16), (1785036245.3769479, 15, 16), (1785036245.376975, 16, 16), (1785036259.0903, 15, 16), (1785036259.090358, 16, 16), (1785036261.6445537, 15, 16), (1785036261.6445806, 16, 16), (1785036263.479934, 15, 16), (1785036263.4799626, 16, 16), (1785036265.0194464, 15, 16), (1785036265.0194836, 16, 16), (1785036271.9042182, 15, 16), (1785036271.9042768, 16, 16), (1785036276.4191852, 15, 16), (1785036276.4192133, 16, 16), (1785036277.3474598, 15, 16), (1785036277.347488, 16, 16), (1785036283.3495255, 15, 16), (1785036283.3495877, 16, 16), (1785036287.0852942, 15, 16), (1785036287.0853202, 16, 16), (1785036287.5052524, 15, 16), (1785036287.505278, 16, 16), (1785036288.3356204, 15, 16), (1785036288.3356514, 16, 16), (1785036291.8079853, 15, 16), (1785036291.8080115, 16, 16), (1785036297.336308, 15, 16), (1785036297.33637, 16, 16), (1785036301.4804115, 15, 16), (1785036301.4804423, 16, 16), (1785036301.5435429, 15, 16), (1785036301.5435681, 16, 16), (1785036301.6054933, 15, 16), (1785036301.6055157, 16, 16), (1785036301.7392547, 15, 16), (1785036301.7392836, 16, 16), (1785036308.6173944, 15, 16), (1785036308.618481, 15, 16)]
[36m(FullyAsyncRollouter pid=17027)[0m [FullyAsyncRollouter][Public][reset_staleness] reset staleness_samples to: 58 idle_ratio: 0.0000 step_generated_samples(this_step): 68 rollout_resource_utilization: 1.0000 recent_history(last 10 steps): [(2, 109), (3, 52), (4, 74), (5, 54), (6, 70), (7, 68)]
[36m(FullyAsyncTrainer pid=15032)[0m aggregated metrics done. cost 0.0002 seconds.
[36m(FullyAsyncTrainer pid=15032)[0m step:6 - training/global_step:5.0 - training/epoch:0.0 - fully_async/count/stale_trajectory_processed:1296.0 - fully_async/count/current_param_version:4.0 - fully_async/processing_time/avg:49.158373288941405 - fully_async/processing_time/max:85.15666247300032 - fully_async/processing_time/min:3.8140598600002704 - fully_async/processing_time/tp50:54.689644460000636 - fully_async/processing_time/tp99:84.71489006100833 - fully_async/processing_time/tp95:84.3873759645523 - fully_async/monitor/active_tasks_size:16.0 - fully_async/monitor/queue/pending_queue_size:128.0 - fully_async/monitor/queue/mq_queue_size:0.0 - fully_async/count/total_generated_samples:256.0 - fully_async/count/staleness_samples:80.0 - fully_async/count/dropped_stale_samples:0.0 - fully_async/static/max_required_samples:640064.0 - fully_async/static/required_samples:64.0 - fully_async/static/staleness_threshold:10000.0 - fully_async/static/max_queue_size:640064.0 - fully_async/static/max_concurrent_samples:16.0 - fully_async/partial/total_partial_num:111.0 - fully_async/partial/partial_ratio:0.216796875 - fully_async/partial/max_partial_span:1.0 - timing_s/agent_loop/tool_calls/max:0.0 - timing_s/agent_loop/tool_calls/min:0.0 - timing_s/agent_loop/tool_calls/mean:0.0 - fully_async/total_wait_time:115.22492599487305 - actor/pg_clipfrac:0.00022498315962259178 - actor/ppo_kl:0.0006560655639238094 - actor/pg_clipfrac_lower:1.222067754390403e-06 - actor/pg_loss:0.03175760083468049 - actor/loss:0.031757600605487823 - actor/grad_norm:0.024475961923599243 - actor/lr:1e-06 - actor/perf/max_memory_allocated_gb:40.14671182632446 - actor/perf/max_memory_reserved_gb:73.09765625 - actor/perf/cpu_memory_used_gb:51.06837844848633 - perf/mfu/actor:0.3233693311611273 - dynamic_resource/train_compute_time_s:132.93737307099946 - dynamic_resource/train_allocated_time_s:257.33724546432495 - critic/score/mean:-0.6171875 - critic/score/max:1.0 - critic/score/min:-1.0 - critic/rewards/mean:-0.6171875 - critic/rewards/max:1.0 - critic/rewards/min:-1.0 - critic/advantages/mean:-0.03174128755927086 - critic/advantages/max:2.474870204925537 - critic/advantages/min:-2.474870204925537 - critic/returns/mean:-0.03174128755927086 - critic/returns/max:2.474870204925537 - critic/returns/min:-2.474870204925537 - response_length/mean:6362.3203125 - response_length/max:8192.0 - response_length/min:487.0 - response_length/clip_ratio:0.513671875 - response_length_non_aborted/mean:6362.3203125 - response_length_non_aborted/max:8192.0 - response_length_non_aborted/min:487.0 - response_length_non_aborted/clip_ratio:0.513671875 - response/aborted_ratio:0.0 - prompt_length/mean:149.109375 - prompt_length/max:268.0 - prompt_length/min:88.0 - prompt_length/clip_ratio:0.0 - num_turns/min:2.0 - num_turns/max:2.0 - num_turns/mean:2.0 - timing_s/start_profile:5.948997568339109e-06 - timing_s/gen:115.56770776100166 - timing_s/reward:1.893900116556324e-05 - timing_s/adv:0.009167595999315381 - timing_s/update_actor:132.92818653599898 - timing_s/timing_s/param_sync:1.1115412159997504 - timing_s/step:257.3372667939984 - timing_s/stop_profile:4.608002200257033e-06 - timing_per_token_ms/adv:2.749850922990997e-06 - timing_per_token_ms/update_actor:0.039872251838413635 - timing_per_token_ms/gen:0.03547733659011786 - perf/total_num_tokens:3333852.0 - perf/time_per_step:257.3372667939984 - perf/throughput:6477.592696802808 - dynamic_resource/mq_size:39.0 - fully_async/trainer/idle_ratio:0.44909044539404 - dynamic_resource/train_resource_utilization:0.5165881558696825 - dynamic_resource/rollout_resource_utilization:0.9999991438337861 - dynamic_resource/resource_utilization:0.7582936498517343
[36m(FullyAsyncTrainer pid=15032)[0m Training Progress:   8%|▊         | 6/80 [24:47<4:59:39, 242.97s/it]
[36m(FullyAsyncTrainer pid=15032)[0m [FullyAsyncTrainer] Requesting 64 samples from queue
[36m(FullyAsyncTrainer pid=15032)[0m [FullyAsyncTrainer] sample collected 1/64. mq_len: 42
[36m(FullyAsyncTrainer pid=15032)[0m [FullyAsyncTrainer] sample collected 2/64. mq_len: 41
[36m(FullyAsyncTrainer pid=15032)[0m [FullyAsyncTrainer] sample collected 3/64. mq_len: 40
[36m(FullyAsyncTrainer pid=15032)[0m [FullyAsyncTrainer] sample collected 4/64. mq_len: 39
[36m(FullyAsyncTrainer pid=15032)[0m [FullyAsyncTrainer] sample collected 5/64. mq_len: 38
[36m(FullyAsyncTrainer pid=15032)[0m [FullyAsyncTrainer] sample collected 6/64. mq_len: 37
[36m(FullyAsyncTrainer pid=15032)[0m [FullyAsyncTrainer] sample collected 7/64. mq_len: 36
[36m(FullyAsyncTrainer pid=15032)[0m [FullyAsyncTrainer] sample collected 8/64. mq_len: 35
[36m(FullyAsyncTrainer pid=15032)[0m [FullyAsyncTrainer] sample collected 9/64. mq_len: 34
[36m(FullyAsyncTrainer pid=15032)[0m [FullyAsyncTrainer] sample collected 10/64. mq_len: 33
[36m(FullyAsyncTrainer pid=15032)[0m [FullyAsyncTrainer] sample collected 11/64. mq_len: 32
[36m(FullyAsyncTrainer pid=15032)[0m [FullyAsyncTrainer] sample collected 12/64. mq_len: 31
[36m(FullyAsyncTrainer pid=15032)[0m [FullyAsyncTrainer] sample collected 13/64. mq_len: 30
[36m(FullyAsyncTrainer pid=15032)[0m [FullyAsyncTrainer] sample collected 14/64. mq_len: 29
[36m(FullyAsyncTrainer pid=15032)[0m [FullyAsyncTrainer] sample collected 15/64. mq_len: 28
[36m(FullyAsyncTrainer pid=15032)[0m [FullyAsyncTrainer] sample collected 16/64. mq_len: 27
[36m(FullyAsyncTrainer pid=15032)[0m [FullyAsyncTrainer] sample collected 17/64. mq_len: 26
[36m(FullyAsyncTrainer pid=15032)[0m [FullyAsyncTrainer] sample collected 18/64. mq_len: 25
[36m(FullyAsyncTrainer pid=15032)[0m [FullyAsyncTrainer] sample collected 19/64. mq_len: 24
[36m(FullyAsyncTrainer pid=15032)[0m [FullyAsyncTrainer] sample collected 20/64. mq_len: 23
[36m(FullyAsyncTrainer pid=15032)[0m [FullyAsyncTrainer] sample collected 21/64. mq_len: 22
[36m(FullyAsyncTrainer pid=15032)[0m [FullyAsyncTrainer] sample collected 22/64. mq_len: 21
[36m(FullyAsyncTrainer pid=15032)[0m [FullyAsyncTrainer] sample collected 23/64. mq_len: 20
[36m(FullyAsyncTrainer pid=15032)[0m [FullyAsyncTrainer] sample collected 24/64. mq_len: 19
[36m(FullyAsyncTrainer pid=15032)[0m [FullyAsyncTrainer] sample collected 25/64. mq_len: 18
[36m(FullyAsyncTrainer pid=15032)[0m [FullyAsyncTrainer] sample collected 26/64. mq_len: 17
[36m(FullyAsyncTrainer pid=15032)[0m [FullyAsyncTrainer] sample collected 27/64. mq_len: 16
[36m(FullyAsyncTrainer pid=15032)[0m [FullyAsyncTrainer] sample collected 28/64. mq_len: 15
[36m(FullyAsyncTrainer pid=15032)[0m [FullyAsyncTrainer] sample collected 29/64. mq_len: 14
[36m(FullyAsyncTrainer pid=15032)[0m [FullyAsyncTrainer] sample collected 30/64. mq_len: 13
[36m(FullyAsyncTrainer pid=15032)[0m [FullyAsyncTrainer] sample collected 31/64. mq_len: 12
[36m(FullyAsyncTrainer pid=15032)[0m [FullyAsyncTrainer] sample collected 32/64. mq_len: 11
[36m(FullyAsyncTrainer pid=15032)[0m [FullyAsyncTrainer] sample collected 33/64. mq_len: 10
[36m(FullyAsyncTrainer pid=15032)[0m [FullyAsyncTrainer] sample collected 34/64. mq_len: 9
[36m(FullyAsyncTrainer pid=15032)[0m [FullyAsyncTrainer] sample collected 35/64. mq_len: 8
[36m(FullyAsyncTrainer pid=15032)[0m [FullyAsyncTrainer] sample collected 36/64. mq_len: 7
[36m(FullyAsyncTrainer pid=15032)[0m [FullyAsyncTrainer] sample collected 37/64. mq_len: 6
[36m(FullyAsyncTrainer pid=15032)[0m [FullyAsyncTrainer] sample collected 38/64. mq_len: 5
[36m(FullyAsyncTrainer pid=15032)[0m [FullyAsyncTrainer] sample collected 39/64. mq_len: 4
[36m(FullyAsyncTrainer pid=15032)[0m [FullyAsyncTrainer] sample collected 40/64. mq_len: 3
[36m(FullyAsyncTrainer pid=15032)[0m [FullyAsyncTrainer] sample collected 41/64. mq_len: 2
[36m(FullyAsyncTrainer pid=15032)[0m [FullyAsyncTrainer] sample collected 42/64. mq_len: 1
[36m(FullyAsyncTrainer pid=15032)[0m [FullyAsyncTrainer] sample collected 43/64. mq_len: 0
[36m(FullyAsyncTrainer pid=15032)[0m [FullyAsyncTrainer] sample collected 44/64. mq_len: 0
[36m(FullyAsyncTrainer pid=15032)[0m [FullyAsyncTrainer] sample collected 45/64. mq_len: 0
[36m(FullyAsyncTrainer pid=15032)[0m [FullyAsyncTrainer] sample collected 46/64. mq_len: 0
[36m(FullyAsyncTrainer pid=15032)[0m [FullyAsyncTrainer] sample collected 47/64. mq_len: 0
[36m(FullyAsyncTrainer pid=15032)[0m [FullyAsyncTrainer] sample collected 48/64. mq_len: 0
[36m(FullyAsyncRollouter pid=17027)[0m [FullyAsyncRollouter][MonitorLoop][Statistics] {'count/dropped_stale_samples': 0,
[36m(FullyAsyncRollouter pid=17027)[0m  'count/staleness_samples': 64,
[36m(FullyAsyncRollouter pid=17027)[0m  'count/total_generated_samples': 432,
[36m(FullyAsyncRollouter pid=17027)[0m  'monitor/active_tasks_size': 16,
[36m(FullyAsyncRollouter pid=17027)[0m  'monitor/queue/mq_queue_size': 0,
[36m(FullyAsyncRollouter pid=17027)[0m  'monitor/queue/pending_queue_size': 128,
[36m(FullyAsyncRollouter pid=17027)[0m  'static/max_concurrent_samples': 16,
[36m(FullyAsyncRollouter pid=17027)[0m  'static/max_queue_size': 640064,
[36m(FullyAsyncRollouter pid=17027)[0m  'static/max_required_samples': 640064,
[36m(FullyAsyncRollouter pid=17027)[0m  'static/required_samples': 64,
[36m(FullyAsyncRollouter pid=17027)[0m  'static/staleness_threshold': 10000}
[36m(FullyAsyncTrainer pid=15032)[0m [FullyAsyncTrainer] sample collected 49/64. mq_len: 0
[36m(FullyAsyncTrainer pid=15032)[0m [FullyAsyncTrainer] sample collected 50/64. mq_len: 0
[36m(FullyAsyncTrainer pid=15032)[0m [FullyAsyncTrainer] sample collected 51/64. mq_len: 0
[36m(FullyAsyncTrainer pid=15032)[0m [FullyAsyncTrainer] sample collected 52/64. mq_len: 0
[36m(FullyAsyncTrainer pid=15032)[0m [FullyAsyncTrainer] sample collected 53/64. mq_len: 0
[36m(FullyAsyncTrainer pid=15032)[0m [FullyAsyncTrainer] sample collected 54/64. mq_len: 0
[36m(FullyAsyncTrainer pid=15032)[0m [FullyAsyncTrainer] sample collected 55/64. mq_len: 0
[36m(FullyAsyncTrainer pid=15032)[0m [FullyAsyncTrainer] sample collected 56/64. mq_len: 0
[36m(FullyAsyncTrainer pid=15032)[0m [FullyAsyncTrainer] sample collected 57/64. mq_len: 0
[36m(FullyAsyncTrainer pid=15032)[0m [FullyAsyncTrainer] sample collected 58/64. mq_len: 0
[36m(FullyAsyncTrainer pid=15032)[0m [FullyAsyncTrainer] sample collected 59/64. mq_len: 0
[36m(FullyAsyncTrainer pid=15032)[0m [FullyAsyncTrainer] sample collected 60/64. mq_len: 0
[36m(FullyAsyncTrainer pid=15032)[0m [FullyAsyncTrainer] sample collected 61/64. mq_len: 0
[36m(FullyAsyncTrainer pid=15032)[0m [FullyAsyncTrainer] sample collected 62/64. mq_len: 0
[36m(FullyAsyncTrainer pid=15032)[0m [FullyAsyncTrainer] sample collected 63/64. mq_len: 0
[36m(FullyAsyncTrainer pid=15032)[0m [FullyAsyncTrainer] sample collected 64/64. mq_len: 0
[36m(FullyAsyncTrainer pid=15032)[0m [FullyAsyncTrainer] Collected 64/64 samples. mq_len: 0
[36m(FullyAsyncTrainer pid=15032)[0m [FullyAsyncTrainer] Loop collection completed: 64/64 samples, total wait time: 77.84 seconds. mq_len: 0
[36m(FullyAsyncTrainer pid=15032)[0m [BatchUtils] Assembling batch from 64 RolloutSample objects
[36m(FullyAsyncTrainer pid=15032)[0m [BatchUtils] Batch assembly completed in 0.23s
[36m(FullyAsyncRollouter pid=17027)[0m [FullyAsyncRollouter][MonitorLoop][Statistics] {'count/dropped_stale_samples': 0,
[36m(FullyAsyncRollouter pid=17027)[0m  'count/staleness_samples': 82,
[36m(FullyAsyncRollouter pid=17027)[0m  'count/total_generated_samples': 450,
[36m(FullyAsyncRollouter pid=17027)[0m  'monitor/active_tasks_size': 16,
[36m(FullyAsyncRollouter pid=17027)[0m  'monitor/queue/mq_queue_size': 2,
[36m(FullyAsyncRollouter pid=17027)[0m  'monitor/queue/pending_queue_size': 128,
[36m(FullyAsyncRollouter pid=17027)[0m  'static/max_concurrent_samples': 16,
[36m(FullyAsyncRollouter pid=17027)[0m  'static/max_queue_size': 640064,
[36m(FullyAsyncRollouter pid=17027)[0m  'static/max_required_samples': 640064,
[36m(FullyAsyncRollouter pid=17027)[0m  'static/required_samples': 64,
[36m(FullyAsyncRollouter pid=17027)[0m  'static/staleness_threshold': 10000}
[36m(FullyAsyncRollouter pid=17027)[0m [FullyAsyncRollouter][MonitorLoop][Statistics] {'count/dropped_stale_samples': 0,
[36m(FullyAsyncRollouter pid=17027)[0m  'count/staleness_samples': 100,
[36m(FullyAsyncRollouter pid=17027)[0m  'count/total_generated_samples': 468,
[36m(FullyAsyncRollouter pid=17027)[0m  'monitor/active_tasks_size': 16,
[36m(FullyAsyncRollouter pid=17027)[0m  'monitor/queue/mq_queue_size': 20,
[36m(FullyAsyncRollouter pid=17027)[0m  'monitor/queue/pending_queue_size': 128,
[36m(FullyAsyncRollouter pid=17027)[0m  'static/max_concurrent_samples': 16,
[36m(FullyAsyncRollouter pid=17027)[0m  'static/max_queue_size': 640064,
[36m(FullyAsyncRollouter pid=17027)[0m  'static/max_required_samples': 640064,
[36m(FullyAsyncRollouter pid=17027)[0m  'static/required_samples': 64,
[36m(FullyAsyncRollouter pid=17027)[0m  'static/staleness_threshold': 10000}
[36m(FullyAsyncTrainer pid=15032)[0m [FullyAsyncTrainer] global_steps: 7 local_trigger_step: 1 trigger_parameter_sync_step: 1 03:28:37.495
[36m(vLLMHttpServer pid=19201)[0m (Worker pid=20570) WARNING 07-26 03:28:38 [layerwise.py:225] RotaryEmbedding: Failed to load weights
[36m(vLLMHttpServer pid=19201)[0m (EngineCore pid=20179) WARNING 07-26 03:28:38 [scheduler.py:1919] reset_connector called but no KV connector is configured.
[36m(FullyAsyncTrainer pid=15032)[0m [FullyAsyncTrainer] _fit_update_weights, timing_s/param_sync: 1.1798 seconds self.current_param_version: 7
[36m(FullyAsyncTrainer pid=15032)[0m step:7 - fully_async/rollouter/active_time:216.9515779018402 - fully_async/rollouter/version_time:216.9515779018402 - fully_async/rollouter/idle_ratio:0 - fully_async/rollouter/step_generated_samples:58 - dynamic_resource/rollout_resource_utilization:0.9999990199444369
[36m(FullyAsyncTrainer pid=15032)[0m aggregated metrics done. cost 0.0003 seconds.
[36m(FullyAsyncTrainer pid=15032)[0m step:7 - training/global_step:6.0 - training/epoch:0.0 - fully_async/count/stale_trajectory_processed:1617.0 - fully_async/count/current_param_version:5.0 - fully_async/processing_time/avg:53.21084076001751 - fully_async/processing_time/max:86.6186290250007 - fully_async/processing_time/min:4.322518259999924 - fully_async/processing_time/tp50:59.234459550500105 - fully_async/processing_time/tp99:86.38136943937057 - fully_async/processing_time/tp95:85.6850927411504 - fully_async/monitor/active_tasks_size:16.0 - fully_async/monitor/queue/pending_queue_size:128.0 - fully_async/monitor/queue/mq_queue_size:0.0 - fully_async/count/total_generated_samples:320.0 - fully_async/count/staleness_samples:80.0 - fully_async/count/dropped_stale_samples:0.0 - fully_async/static/max_required_samples:640064.0 - fully_async/static/required_samples:64.0 - fully_async/static/staleness_threshold:10000.0 - fully_async/static/max_queue_size:640064.0 - fully_async/static/max_concurrent_samples:16.0 - fully_async/partial/total_partial_num:111.0 - fully_async/partial/partial_ratio:0.216796875 - fully_async/partial/max_partial_span:1.0 - timing_s/agent_loop/tool_calls/max:0.0 - timing_s/agent_loop/tool_calls/min:0.0 - timing_s/agent_loop/tool_calls/mean:0.0 - fully_async/total_wait_time:109.46835350990295 - actor/pg_clipfrac:0.00018093079789966866 - actor/ppo_kl:0.0006492031461159626 - actor/pg_clipfrac_lower:8.742189757667931e-07 - actor/pg_loss:0.03755827840177517 - actor/loss:0.03755827993154526 - actor/grad_norm:0.017939245328307152 - actor/lr:1e-06 - actor/perf/max_memory_allocated_gb:40.14671182632446 - actor/perf/max_memory_reserved_gb:73.09765625 - actor/perf/cpu_memory_used_gb:51.540618896484375 - perf/mfu/actor:0.32135448263454025 - dynamic_resource/train_compute_time_s:138.5426301160005 - dynamic_resource/train_allocated_time_s:252.68009853363037 - critic/score/mean:-0.765625 - critic/score/max:1.0 - critic/score/min:-1.0 - critic/rewards/mean:-0.765625 - critic/rewards/max:1.0 - critic/rewards/min:-1.0 - critic/advantages/mean:-0.0375659354031086 - critic/advantages/max:2.474870204925537 - critic/advantages/min:-2.474870204925537 - critic/returns/mean:-0.0375659354031086 - critic/returns/max:2.474870204925537 - critic/returns/min:-2.474870204925537 - response_length/mean:6583.46875 - response_length/max:8192.0 - response_length/min:589.0 - response_length/clip_ratio:0.59375 - response_length_non_aborted/mean:6583.46875 - response_length_non_aborted/max:8192.0 - response_length_non_aborted/min:589.0 - response_length_non_aborted/clip_ratio:0.59375 - response/aborted_ratio:0.0 - prompt_length/mean:150.671875 - prompt_length/max:339.0 - prompt_length/min:74.0 - prompt_length/clip_ratio:0.0 - num_turns/min:2.0 - num_turns/max:2.0 - num_turns/mean:2.0 - timing_s/start_profile:5.229001544648781e-06 - timing_s/gen:109.79336756900011 - timing_s/reward:1.7422000382794067e-05 - timing_s/adv:0.009927843002515147 - timing_s/update_actor:138.5326848509976 - timing_s/timing_s/param_sync:0.9655287890018371 - timing_s/step:252.6801202150018 - timing_s/stop_profile:4.410998371895403e-06 - timing_per_token_ms/adv:2.879405026426426e-06 - timing_per_token_ms/update_actor:0.04017909116645522 - timing_per_token_ms/gen:0.03257252053231108 - perf/total_num_tokens:3447880.0 - perf/time_per_step:252.6801202150018 - perf/throughput:6822.618251618389 - dynamic_resource/mq_size:43.0 - fully_async/trainer/idle_ratio:0.43451525777167804 - dynamic_resource/train_resource_utilization:0.5482926076093849 - dynamic_resource/rollout_resource_utilization:0.9999990199444369 - dynamic_resource/resource_utilization:0.7741458137769108
[36m(FullyAsyncTrainer pid=15032)[0m [FullyAsyncTrainer] Requesting 64 samples from queue
[36m(FullyAsyncTrainer pid=15032)[0m [FullyAsyncTrainer] sample collected 1/64. mq_len: 36
[36m(FullyAsyncTrainer pid=15032)[0m [FullyAsyncTrainer] sample collected 2/64. mq_len: 35
[36m(FullyAsyncTrainer pid=15032)[0m [FullyAsyncTrainer] sample collected 3/64. mq_len: 34
[36m(FullyAsyncTrainer pid=15032)[0m [FullyAsyncTrainer] sample collected 4/64. mq_len: 33
[36m(FullyAsyncTrainer pid=15032)[0m [FullyAsyncTrainer] sample collected 5/64. mq_len: 32
[36m(FullyAsyncTrainer pid=15032)[0m [FullyAsyncTrainer] sample collected 6/64. mq_len: 31
[36m(FullyAsyncTrainer pid=15032)[0m [FullyAsyncTrainer] sample collected 7/64. mq_len: 30
[36m(FullyAsyncTrainer pid=15032)[0m [FullyAsyncTrainer] sample collected 8/64. mq_len: 29
[36m(FullyAsyncTrainer pid=15032)[0m [FullyAsyncTrainer] sample collected 9/64. mq_len: 28
[36m(FullyAsyncTrainer pid=15032)[0m [FullyAsyncTrainer] sample collected 10/64. mq_len: 27
[36m(FullyAsyncTrainer pid=15032)[0m [FullyAsyncTrainer] sample collected 11/64. mq_len: 26
[36m(FullyAsyncTrainer pid=15032)[0m [FullyAsyncTrainer] sample collected 12/64. mq_len: 25
[36m(FullyAsyncTrainer pid=15032)[0m [FullyAsyncTrainer] sample collected 13/64. mq_len: 24
[36m(FullyAsyncTrainer pid=15032)[0m [FullyAsyncTrainer] sample collected 14/64. mq_len: 23
[36m(FullyAsyncTrainer pid=15032)[0m Training Progress:   9%|▉         | 7/80 [28:24<4:45:15, 234.46s/it]
[36m(FullyAsyncRollouter pid=17027)[0m [FullyAsyncRollouter][RolloutResourceUtilization] raw active_count_history (timestamp, active_count, max_concurrent): [(1785036308.6188316, 15, 16), (1785036308.6189783, 16, 16), (1785036320.1720152, 15, 16), (1785036320.172071, 16, 16), (1785036322.1732025, 15, 16), (1785036322.1732306, 16, 16), (1785036323.7437985, 15, 16), (1785036323.7438352, 16, 16), (1785036332.5374577, 15, 16), (1785036332.5375152, 16, 16), (1785036337.7111351, 15, 16), (1785036337.7111611, 16, 16), (1785036346.4686978, 15, 16), (1785036346.4687548, 16, 16), (1785036346.6259396, 15, 16), (1785036346.625965, 16, 16), (1785036351.3773232, 15, 16), (1785036351.3773491, 16, 16), (1785036351.7061272, 15, 16), (1785036351.7061572, 16, 16), (1785036358.956313, 15, 16), (1785036358.9563708, 16, 16), (1785036363.7963257, 15, 16), (1785036363.7963529, 16, 16), (1785036364.4723425, 15, 16), (1785036364.4723694, 16, 16), (1785036365.7711487, 15, 16), (1785036365.771177, 16, 16), (1785036367.1935446, 15, 16), (1785036367.1935709, 16, 16), (1785036367.2061336, 15, 16), (1785036367.2061493, 16, 16), (1785036367.2485857, 15, 16), (1785036367.2486022, 16, 16), (1785036369.1561654, 15, 16), (1785036369.156224, 16, 16), (1785036382.4073098, 15, 16), (1785036382.4073668, 16, 16), (1785036384.5242832, 15, 16), (1785036384.5243108, 16, 16), (1785036386.1350548, 15, 16), (1785036386.135083, 16, 16), (1785036386.4900434, 15, 16), (1785036386.4900687, 16, 16), (1785036387.09867, 15, 16), (1785036387.0986972, 16, 16), (1785036394.7037427, 15, 16), (1785036394.7037997, 16, 16), (1785036410.102639, 15, 16), (1785036410.1026947, 16, 16), (1785036415.239109, 15, 16), (1785036415.2391365, 16, 16), (1785036416.2456164, 15, 16), (1785036416.2456427, 16, 16), (1785036422.604709, 15, 16), (1785036422.6047645, 16, 16), (1785036428.6252868, 15, 16), (1785036428.6253154, 16, 16), (1785036429.649547, 15, 16), (1785036429.6495728, 16, 16), (1785036431.7467582, 15, 16), (1785036431.746784, 16, 16), (1785036431.8050566, 15, 16), (1785036431.8051038, 16, 16), (1785036431.8087971, 15, 16), (1785036431.8088243, 16, 16), (1785036432.6187315, 15, 16), (1785036432.618782, 16, 16), (1785036441.9239726, 15, 16), (1785036441.923999, 16, 16), (1785036445.7434835, 15, 16), (1785036445.7435434, 16, 16), (1785036448.3941333, 15, 16), (1785036448.3941598, 16, 16), (1785036450.426442, 15, 16), (1785036450.4264753, 16, 16), (1785036450.6395764, 15, 16), (1785036450.6396036, 16, 16), (1785036450.6980352, 15, 16), (1785036450.6980565, 16, 16), (1785036451.0011451, 15, 16), (1785036451.0011718, 16, 16), (1785036458.2981458, 15, 16), (1785036458.298206, 16, 16), (1785036471.810451, 15, 16), (1785036471.8105083, 16, 16), (1785036475.4108613, 15, 16), (1785036475.4108882, 16, 16), (1785036477.1690388, 15, 16), (1785036477.1690664, 16, 16), (1785036477.293041, 15, 16), (1785036477.293067, 16, 16), (1785036486.71028, 15, 16), (1785036486.710339, 16, 16), (1785036488.733167, 15, 16), (1785036488.7331924, 16, 16), (1785036489.5646274, 15, 16), (1785036489.564655, 16, 16), (1785036491.8047948, 15, 16), (1785036491.8048344, 16, 16), (1785036492.0237486, 15, 16), (1785036492.0237782, 16, 16), (1785036493.6622033, 15, 16), (1785036493.6622503, 16, 16), (1785036507.3791559, 15, 16), (1785036507.3792272, 16, 16), (1785036510.0031552, 15, 16), (1785036510.0031807, 16, 16), (1785036512.016726, 15, 16), (1785036512.0167565, 16, 16), (1785036512.2135303, 15, 16), (1785036512.2135565, 16, 16), (1785036512.519631, 15, 16), (1785036512.5196636, 16, 16), (1785036512.6047235, 15, 16), (1785036512.6047456, 16, 16), (1785036525.5692723, 15, 16), (1785036525.5704792, 15, 16)]
[36m(FullyAsyncRollouter pid=17027)[0m [FullyAsyncRollouter][Public][reset_staleness] reset staleness_samples to: 52 idle_ratio: 0.0000 step_generated_samples(this_step): 58 rollout_resource_utilization: 1.0000 recent_history(last 10 steps): [(2, 109), (3, 52), (4, 74), (5, 54), (6, 70), (7, 68), (8, 58)]
[36m(FullyAsyncTrainer pid=15032)[0m [FullyAsyncTrainer] sample collected 15/64. mq_len: 22
[36m(FullyAsyncTrainer pid=15032)[0m [FullyAsyncTrainer] sample collected 16/64. mq_len: 21
[36m(FullyAsyncTrainer pid=15032)[0m [FullyAsyncTrainer] sample collected 17/64. mq_len: 20
[36m(FullyAsyncTrainer pid=15032)[0m [FullyAsyncTrainer] sample collected 18/64. mq_len: 19
[36m(FullyAsyncTrainer pid=15032)[0m [FullyAsyncTrainer] sample collected 19/64. mq_len: 18
[36m(FullyAsyncTrainer pid=15032)[0m [FullyAsyncTrainer] sample collected 20/64. mq_len: 17
[36m(FullyAsyncTrainer pid=15032)[0m [FullyAsyncTrainer] sample collected 21/64. mq_len: 16
[36m(FullyAsyncTrainer pid=15032)[0m [FullyAsyncTrainer] sample collected 22/64. mq_len: 15
[36m(FullyAsyncTrainer pid=15032)[0m [FullyAsyncTrainer] sample collected 23/64. mq_len: 14
[36m(FullyAsyncTrainer pid=15032)[0m [FullyAsyncTrainer] sample collected 24/64. mq_len: 13
[36m(FullyAsyncTrainer pid=15032)[0m [FullyAsyncTrainer] sample collected 25/64. mq_len: 12
[36m(FullyAsyncTrainer pid=15032)[0m [FullyAsyncTrainer] sample collected 26/64. mq_len: 11
[36m(FullyAsyncTrainer pid=15032)[0m [FullyAsyncTrainer] sample collected 27/64. mq_len: 10
[36m(FullyAsyncTrainer pid=15032)[0m [FullyAsyncTrainer] sample collected 28/64. mq_len: 9
[36m(FullyAsyncTrainer pid=15032)[0m [FullyAsyncTrainer] sample collected 29/64. mq_len: 8
[36m(FullyAsyncTrainer pid=15032)[0m [FullyAsyncTrainer] sample collected 30/64. mq_len: 7
[36m(FullyAsyncTrainer pid=15032)[0m [FullyAsyncTrainer] sample collected 31/64. mq_len: 6
[36m(FullyAsyncTrainer pid=15032)[0m [FullyAsyncTrainer] sample collected 32/64. mq_len: 5
[36m(FullyAsyncTrainer pid=15032)[0m [FullyAsyncTrainer] sample collected 33/64. mq_len: 4
[36m(FullyAsyncTrainer pid=15032)[0m [FullyAsyncTrainer] sample collected 34/64. mq_len: 3
[36m(FullyAsyncTrainer pid=15032)[0m [FullyAsyncTrainer] sample collected 35/64. mq_len: 2
[36m(FullyAsyncTrainer pid=15032)[0m [FullyAsyncTrainer] sample collected 36/64. mq_len: 1
[36m(FullyAsyncTrainer pid=15032)[0m [FullyAsyncTrainer] sample collected 37/64. mq_len: 0
[36m(FullyAsyncTrainer pid=15032)[0m [FullyAsyncTrainer] sample collected 38/64. mq_len: 0
[36m(FullyAsyncTrainer pid=15032)[0m [FullyAsyncTrainer] sample collected 39/64. mq_len: 0
[36m(FullyAsyncTrainer pid=15032)[0m [FullyAsyncTrainer] sample collected 40/64. mq_len: 0
[36m(FullyAsyncTrainer pid=15032)[0m [FullyAsyncTrainer] sample collected 41/64. mq_len: 0
[36m(FullyAsyncRollouter pid=17027)[0m [FullyAsyncRollouter][MonitorLoop][Statistics] {'count/dropped_stale_samples': 0,
[36m(FullyAsyncRollouter pid=17027)[0m  'count/staleness_samples': 57,
[36m(FullyAsyncRollouter pid=17027)[0m  'count/total_generated_samples': 489,
[36m(FullyAsyncRollouter pid=17027)[0m  'monitor/active_tasks_size': 16,
[36m(FullyAsyncRollouter pid=17027)[0m  'monitor/queue/mq_queue_size': 0,
[36m(FullyAsyncRollouter pid=17027)[0m  'monitor/queue/pending_queue_size': 128,
[36m(FullyAsyncRollouter pid=17027)[0m  'static/max_concurrent_samples': 16,
[36m(FullyAsyncRollouter pid=17027)[0m  'static/max_queue_size': 640064,
[36m(FullyAsyncRollouter pid=17027)[0m  'static/max_required_samples': 640064,
[36m(FullyAsyncRollouter pid=17027)[0m  'static/required_samples': 64,
[36m(FullyAsyncRollouter pid=17027)[0m  'static/staleness_threshold': 10000}
[36m(FullyAsyncTrainer pid=15032)[0m [FullyAsyncTrainer] sample collected 42/64. mq_len: 0
[36m(FullyAsyncTrainer pid=15032)[0m [FullyAsyncTrainer] sample collected 43/64. mq_len: 0
[36m(FullyAsyncTrainer pid=15032)[0m [FullyAsyncTrainer] sample collected 44/64. mq_len: 0
[36m(FullyAsyncTrainer pid=15032)[0m [FullyAsyncTrainer] sample collected 45/64. mq_len: 0
[36m(FullyAsyncTrainer pid=15032)[0m [FullyAsyncTrainer] sample collected 46/64. mq_len: 0
[36m(FullyAsyncTrainer pid=15032)[0m [FullyAsyncTrainer] sample collected 47/64. mq_len: 0
[36m(FullyAsyncTrainer pid=15032)[0m [FullyAsyncTrainer] sample collected 48/64. mq_len: 0
[36m(FullyAsyncTrainer pid=15032)[0m [FullyAsyncTrainer] sample collected 49/64. mq_len: 0
[36m(FullyAsyncTrainer pid=15032)[0m [FullyAsyncTrainer] sample collected 50/64. mq_len: 0
[36m(FullyAsyncTrainer pid=15032)[0m [FullyAsyncTrainer] sample collected 51/64. mq_len: 0
[36m(FullyAsyncTrainer pid=15032)[0m [FullyAsyncTrainer] sample collected 52/64. mq_len: 0
[36m(MessageQueue pid=23826)[0m MessageQueue stats: produced=500, queue_size=1
[36m(FullyAsyncTrainer pid=15032)[0m [FullyAsyncTrainer] sample collected 53/64. mq_len: 0
[36m(FullyAsyncTrainer pid=15032)[0m [FullyAsyncTrainer] sample collected 54/64. mq_len: 0
[36m(FullyAsyncTrainer pid=15032)[0m [FullyAsyncTrainer] sample collected 55/64. mq_len: 0
[36m(FullyAsyncTrainer pid=15032)[0m [FullyAsyncTrainer] sample collected 56/64. mq_len: 0
[36m(FullyAsyncTrainer pid=15032)[0m [FullyAsyncTrainer] sample collected 57/64. mq_len: 0
[36m(FullyAsyncTrainer pid=15032)[0m [FullyAsyncTrainer] sample collected 58/64. mq_len: 0
[36m(FullyAsyncTrainer pid=15032)[0m [FullyAsyncTrainer] sample collected 59/64. mq_len: 0
[36m(FullyAsyncTrainer pid=15032)[0m [FullyAsyncTrainer] sample collected 60/64. mq_len: 0
[36m(FullyAsyncRollouter pid=17027)[0m [FullyAsyncRollouter][MonitorLoop][Statistics] {'count/dropped_stale_samples': 0,
[36m(FullyAsyncRollouter pid=17027)[0m  'count/staleness_samples': 76,
[36m(FullyAsyncRollouter pid=17027)[0m  'count/total_generated_samples': 508,
[36m(FullyAsyncRollouter pid=17027)[0m  'monitor/active_tasks_size': 16,
[36m(FullyAsyncRollouter pid=17027)[0m  'monitor/queue/mq_queue_size': 0,
[36m(FullyAsyncRollouter pid=17027)[0m  'monitor/queue/pending_queue_size': 128,
[36m(FullyAsyncRollouter pid=17027)[0m  'static/max_concurrent_samples': 16,
[36m(FullyAsyncRollouter pid=17027)[0m  'static/max_queue_size': 640064,
[36m(FullyAsyncRollouter pid=17027)[0m  'static/max_required_samples': 640064,
[36m(FullyAsyncRollouter pid=17027)[0m  'static/required_samples': 64,
[36m(FullyAsyncRollouter pid=17027)[0m  'static/staleness_threshold': 10000}
[36m(FullyAsyncTrainer pid=15032)[0m [FullyAsyncTrainer] sample collected 61/64. mq_len: 0
[36m(FullyAsyncTrainer pid=15032)[0m [FullyAsyncTrainer] sample collected 62/64. mq_len: 0
[36m(FullyAsyncTrainer pid=15032)[0m [FullyAsyncTrainer] sample collected 63/64. mq_len: 0
[36m(FullyAsyncTrainer pid=15032)[0m [FullyAsyncTrainer] sample collected 64/64. mq_len: 0
[36m(FullyAsyncTrainer pid=15032)[0m [FullyAsyncTrainer] Collected 64/64 samples. mq_len: 0
[36m(FullyAsyncTrainer pid=15032)[0m [FullyAsyncTrainer] Loop collection completed: 64/64 samples, total wait time: 89.31 seconds. mq_len: 0
[36m(FullyAsyncTrainer pid=15032)[0m [BatchUtils] Assembling batch from 64 RolloutSample objects
[36m(FullyAsyncTrainer pid=15032)[0m [BatchUtils] Batch assembly completed in 0.25s
[36m(FullyAsyncRollouter pid=17027)[0m [FullyAsyncRollouter][MonitorLoop][Statistics] {'count/dropped_stale_samples': 0,
[36m(FullyAsyncRollouter pid=17027)[0m  'count/staleness_samples': 95,
[36m(FullyAsyncRollouter pid=17027)[0m  'count/total_generated_samples': 527,
[36m(FullyAsyncRollouter pid=17027)[0m  'monitor/active_tasks_size': 16,
[36m(FullyAsyncRollouter pid=17027)[0m  'monitor/queue/mq_queue_size': 15,
[36m(FullyAsyncRollouter pid=17027)[0m  'monitor/queue/pending_queue_size': 128,
[36m(FullyAsyncRollouter pid=17027)[0m  'static/max_concurrent_samples': 16,
[36m(FullyAsyncRollouter pid=17027)[0m  'static/max_queue_size': 640064,
[36m(FullyAsyncRollouter pid=17027)[0m  'static/max_required_samples': 640064,
[36m(FullyAsyncRollouter pid=17027)[0m  'static/required_samples': 64,
[36m(FullyAsyncRollouter pid=17027)[0m  'static/staleness_threshold': 10000}
[36m(FullyAsyncRollouter pid=17027)[0m [FullyAsyncRollouter][MonitorLoop][Statistics] {'count/dropped_stale_samples': 0,
[36m(FullyAsyncRollouter pid=17027)[0m  'count/staleness_samples': 116,
[36m(FullyAsyncRollouter pid=17027)[0m  'count/total_generated_samples': 548,
[36m(FullyAsyncRollouter pid=17027)[0m  'monitor/active_tasks_size': 16,
[36m(FullyAsyncRollouter pid=17027)[0m  'monitor/queue/mq_queue_size': 36,
[36m(FullyAsyncRollouter pid=17027)[0m  'monitor/queue/pending_queue_size': 128,
[36m(FullyAsyncRollouter pid=17027)[0m  'static/max_concurrent_samples': 16,
[36m(FullyAsyncRollouter pid=17027)[0m  'static/max_queue_size': 640064,
[36m(FullyAsyncRollouter pid=17027)[0m  'static/max_required_samples': 640064,
[36m(FullyAsyncRollouter pid=17027)[0m  'static/required_samples': 64,
[36m(FullyAsyncRollouter pid=17027)[0m  'static/staleness_threshold': 10000}
[36m(FullyAsyncTrainer pid=15032)[0m [FullyAsyncTrainer] global_steps: 8 local_trigger_step: 1 trigger_parameter_sync_step: 1 03:32:19.458
[36m(vLLMHttpServer pid=19201)[0m (Worker pid=20570) WARNING 07-26 03:32:20 [layerwise.py:225] RotaryEmbedding: Failed to load weights
[36m(vLLMHttpServer pid=19201)[0m (EngineCore pid=20179) WARNING 07-26 03:32:20 [scheduler.py:1919] reset_connector called but no KV connector is configured.
[36m(FullyAsyncTrainer pid=15032)[0m [FullyAsyncTrainer] _fit_update_weights, timing_s/param_sync: 1.0696 seconds self.current_param_version: 8
[36m(FullyAsyncTrainer pid=15032)[0m step:8 - fully_async/rollouter/active_time:218.95929193496704 - fully_async/rollouter/version_time:218.95929193496704 - fully_async/rollouter/idle_ratio:0 - fully_async/rollouter/step_generated_samples:66 - dynamic_resource/rollout_resource_utilization:0.9999990049076382
[36m(FullyAsyncRollouter pid=17027)[0m [FullyAsyncRollouter][RolloutResourceUtilization] raw active_count_history (timestamp, active_count, max_concurrent): [(1785036525.5708249, 15, 16), (1785036525.5709193, 16, 16), (1785036530.4205217, 15, 16), (1785036530.4205494, 16, 16), (1785036531.7095668, 15, 16), (1785036531.7095985, 16, 16), (1785036533.2428055, 15, 16), (1785036533.242857, 16, 16), (1785036533.2794206, 15, 16), (1785036533.279443, 16, 16), (1785036543.8181598, 15, 16), (1785036543.8182273, 16, 16), (1785036547.6415813, 15, 16), (1785036547.6416068, 16, 16), (1785036552.481736, 15, 16), (1785036552.481768, 16, 16), (1785036553.2610376, 15, 16), (1785036553.2610655, 16, 16), (1785036563.778145, 15, 16), (1785036563.7782028, 16, 16), (1785036566.5095444, 15, 16), (1785036566.5095701, 16, 16), (1785036566.7210786, 15, 16), (1785036566.7211044, 16, 16), (1785036568.4194505, 15, 16), (1785036568.4194784, 16, 16), (1785036578.951527, 15, 16), (1785036578.9515827, 16, 16), (1785036578.9705677, 15, 16), (1785036578.970586, 16, 16), (1785036579.061581, 15, 16), (1785036579.0615983, 16, 16), (1785036583.210109, 15, 16), (1785036583.2101371, 16, 16), (1785036585.2123816, 15, 16), (1785036585.2124069, 16, 16), (1785036587.7219455, 15, 16), (1785036587.7219713, 16, 16), (1785036588.7202315, 15, 16), (1785036588.720258, 16, 16), (1785036589.388552, 15, 16), (1785036589.3886085, 16, 16), (1785036589.9286273, 15, 16), (1785036589.9286554, 16, 16), (1785036594.8644545, 15, 16), (1785036594.8644798, 16, 16), (1785036598.6450155, 15, 16), (1785036598.645043, 16, 16), (1785036600.1125586, 15, 16), (1785036600.1126134, 16, 16), (1785036605.4840503, 15, 16), (1785036605.484076, 16, 16), (1785036606.2567642, 15, 16), (1785036606.2567918, 16, 16), (1785036614.9114707, 15, 16), (1785036614.911534, 16, 16), (1785036616.0907073, 15, 16), (1785036616.090731, 16, 16), (1785036618.9832928, 15, 16), (1785036618.9833186, 16, 16), (1785036626.9025955, 15, 16), (1785036626.902647, 16, 16), (1785036628.4900723, 15, 16), (1785036628.4901, 16, 16), (1785036632.3558755, 15, 16), (1785036632.3559027, 16, 16), (1785036632.4325228, 15, 16), (1785036632.4325483, 16, 16), (1785036637.6272101, 15, 16), (1785036637.6272757, 16, 16), (1785036640.044065, 15, 16), (1785036640.0440915, 16, 16), (1785036642.8354425, 15, 16), (1785036642.8354704, 16, 16), (1785036643.8532681, 15, 16), (1785036643.8532944, 16, 16), (1785036644.6917605, 15, 16), (1785036644.6917925, 16, 16), (1785036645.7848055, 15, 16), (1785036645.7848434, 16, 16), (1785036651.379537, 15, 16), (1785036651.3795948, 16, 16), (1785036651.5869277, 15, 16), (1785036651.5869563, 16, 16), (1785036656.301767, 15, 16), (1785036656.3018005, 16, 16), (1785036662.598838, 15, 16), (1785036662.5988948, 16, 16), (1785036671.4910438, 15, 16), (1785036671.49107, 16, 16), (1785036674.1501977, 15, 16), (1785036674.1502619, 16, 16), (1785036675.6962602, 15, 16), (1785036675.6962929, 16, 16), (1785036685.1379867, 15, 16), (1785036685.1380446, 16, 16), (1785036688.7918482, 15, 16), (1785036688.7918794, 16, 16), (1785036689.0413816, 15, 16), (1785036689.041409, 16, 16), (1785036693.7139163, 15, 16), (1785036693.7139418, 16, 16), (1785036696.4512737, 15, 16), (1785036696.4513311, 16, 16), (1785036699.384745, 15, 16), (1785036699.3847709, 16, 16), (1785036700.501225, 15, 16), (1785036700.5012531, 16, 16), (1785036701.8764145, 15, 16), (1785036701.8764446, 16, 16), (1785036702.402617, 15, 16), (1785036702.4026434, 16, 16), (1785036708.4072647, 15, 16), (1785036708.407324, 16, 16), (1785036709.0331056, 15, 16), (1785036709.033132, 16, 16), (1785036710.131758, 15, 16), (1785036710.1317847, 16, 16), (1785036714.1429453, 15, 16), (1785036714.1429737, 16, 16), (1785036720.8187554, 15, 16), (1785036720.8188245, 16, 16), (1785036721.0336077, 15, 16), (1785036721.033632, 16, 16), (1785036723.820454, 15, 16), (1785036723.8204849, 16, 16), (1785036730.202917, 15, 16), (1785036730.2029448, 16, 16), (1785036732.9718983, 15, 16), (1785036732.9719608, 16, 16), (1785036733.6032548, 15, 16), (1785036733.6032808, 16, 16), (1785036744.5291028, 15, 16), (1785036744.530177, 15, 16)]
[36m(FullyAsyncRollouter pid=17027)[0m [FullyAsyncRollouter][Public][reset_staleness] reset staleness_samples to: 54 idle_ratio: 0.0000 step_generated_samples(this_step): 66 rollout_resource_utilization: 1.0000 recent_history(last 10 steps): [(2, 109), (3, 52), (4, 74), (5, 54), (6, 70), (7, 68), (8, 58), (9, 66)]
[36m(FullyAsyncTrainer pid=15032)[0m aggregated metrics done. cost 0.0002 seconds.
[36m(FullyAsyncTrainer pid=15032)[0m step:8 - training/global_step:7.0 - training/epoch:0.0 - fully_async/count/stale_trajectory_processed:1976.0 - fully_async/count/current_param_version:6.0 - fully_async/processing_time/avg:46.692566904167904 - fully_async/processing_time/max:76.2311794390007 - fully_async/processing_time/min:6.203894153000874 - fully_async/processing_time/tp50:56.513967286999105 - fully_async/processing_time/tp99:76.07478209882974 - fully_async/processing_time/tp95:73.38131140144833 - fully_async/monitor/active_tasks_size:16.0 - fully_async/monitor/queue/pending_queue_size:128.0 - fully_async/monitor/queue/mq_queue_size:0.0 - fully_async/count/total_generated_samples:384.0 - fully_async/count/staleness_samples:80.0 - fully_async/count/dropped_stale_samples:0.0 - fully_async/static/max_required_samples:640064.0 - fully_async/static/required_samples:64.0 - fully_async/static/staleness_threshold:10000.0 - fully_async/static/max_queue_size:640064.0 - fully_async/static/max_concurrent_samples:16.0 - fully_async/partial/total_partial_num:105.0 - fully_async/partial/partial_ratio:0.205078125 - fully_async/partial/max_partial_span:1.0 - timing_s/agent_loop/tool_calls/max:0.0 - timing_s/agent_loop/tool_calls/min:0.0 - timing_s/agent_loop/tool_calls/mean:0.0 - fully_async/total_wait_time:77.83789324760437 - actor/pg_clipfrac:0.0002272695080286375 - actor/ppo_kl:0.000619000133407207 - actor/pg_clipfrac_lower:9.497456250837379e-07 - actor/pg_loss:0.04907872538933589 - actor/loss:0.04907872527837753 - actor/grad_norm:0.02334798127412796 - actor/lr:1e-06 - actor/perf/max_memory_allocated_gb:40.14671182632446 - actor/perf/max_memory_reserved_gb:73.09765625 - actor/perf/cpu_memory_used_gb:51.706729888916016 - perf/mfu/actor:0.3221303291371878 - dynamic_resource/train_compute_time_s:130.65702265800064 - dynamic_resource/train_allocated_time_s:216.91394543647766 - critic/score/mean:-0.66796875 - critic/score/max:1.0 - critic/score/min:-1.0 - critic/rewards/mean:-0.66796875 - critic/rewards/max:1.0 - critic/rewards/min:-1.0 - critic/advantages/mean:-0.04906909540295601 - critic/advantages/max:2.474870204925537 - critic/advantages/min:-2.474870204925537 - critic/returns/mean:-0.04906909540295601 - critic/returns/max:2.474870204925537 - critic/returns/min:-2.474870204925537 - response_length/mean:6239.458984375 - response_length/max:8192.0 - response_length/min:847.0 - response_length/clip_ratio:0.48046875 - response_length_non_aborted/mean:6239.458984375 - response_length_non_aborted/max:8192.0 - response_length_non_aborted/min:847.0 - response_length_non_aborted/clip_ratio:0.48046875 - response/aborted_ratio:0.0 - prompt_length/mean:169.421875 - prompt_length/max:436.0 - prompt_length/min:80.0 - prompt_length/clip_ratio:0.0 - num_turns/min:2.0 - num_turns/max:2.0 - num_turns/mean:2.0 - timing_s/start_profile:6.002999725751579e-06 - timing_s/gen:78.17877211099767 - timing_s/reward:1.7570000636624172e-05 - timing_s/adv:0.009238449998520082 - timing_s/update_actor:130.64776663800149 - timing_s/timing_s/param_sync:1.1798372949997429 - timing_s/step:216.91396476799855 - timing_s/stop_profile:4.525998519966379e-06 - timing_per_token_ms/adv:2.8154443886977153e-06 - timing_per_token_ms/update_actor:0.03981528519781708 - timing_per_token_ms/gen:0.02447214007843781 - perf/total_num_tokens:3281347.0 - perf/time_per_step:216.91396476799855 - perf/throughput:7563.706199159611 - dynamic_resource/mq_size:37.0 - fully_async/trainer/idle_ratio:0.36041373451734277 - dynamic_resource/train_resource_utilization:0.6023449640136808 - dynamic_resource/rollout_resource_utilization:0.9999990049076382 - dynamic_resource/resource_utilization:0.8011719844606595
[36m(FullyAsyncTrainer pid=15032)[0m Training Progress:  10%|█         | 8/80 [32:03<4:35:26, 229.53s/it]
[36m(FullyAsyncTrainer pid=15032)[0m [FullyAsyncTrainer] Requesting 64 samples from queue
[36m(FullyAsyncTrainer pid=15032)[0m [FullyAsyncTrainer] sample collected 1/64. mq_len: 38
[36m(FullyAsyncTrainer pid=15032)[0m [FullyAsyncTrainer] sample collected 2/64. mq_len: 37
[36m(FullyAsyncTrainer pid=15032)[0m [FullyAsyncTrainer] sample collected 3/64. mq_len: 36
[36m(FullyAsyncTrainer pid=15032)[0m [FullyAsyncTrainer] sample collected 4/64. mq_len: 35
[36m(FullyAsyncTrainer pid=15032)[0m [FullyAsyncTrainer] sample collected 5/64. mq_len: 34
[36m(FullyAsyncTrainer pid=15032)[0m [FullyAsyncTrainer] sample collected 6/64. mq_len: 33
[36m(FullyAsyncTrainer pid=15032)[0m [FullyAsyncTrainer] sample collected 7/64. mq_len: 32
[36m(FullyAsyncTrainer pid=15032)[0m [FullyAsyncTrainer] sample collected 8/64. mq_len: 31
[36m(FullyAsyncTrainer pid=15032)[0m [FullyAsyncTrainer] sample collected 9/64. mq_len: 30
[36m(FullyAsyncTrainer pid=15032)[0m [FullyAsyncTrainer] sample collected 10/64. mq_len: 29
[36m(FullyAsyncTrainer pid=15032)[0m [FullyAsyncTrainer] sample collected 11/64. mq_len: 28
[36m(FullyAsyncTrainer pid=15032)[0m [FullyAsyncTrainer] sample collected 12/64. mq_len: 27
[36m(FullyAsyncTrainer pid=15032)[0m [FullyAsyncTrainer] sample collected 13/64. mq_len: 26
[36m(FullyAsyncTrainer pid=15032)[0m [FullyAsyncTrainer] sample collected 14/64. mq_len: 25
[36m(FullyAsyncTrainer pid=15032)[0m [FullyAsyncTrainer] sample collected 15/64. mq_len: 24
[36m(FullyAsyncTrainer pid=15032)[0m [FullyAsyncTrainer] sample collected 16/64. mq_len: 23
[36m(FullyAsyncTrainer pid=15032)[0m [FullyAsyncTrainer] sample collected 17/64. mq_len: 22
[36m(FullyAsyncTrainer pid=15032)[0m [FullyAsyncTrainer] sample collected 18/64. mq_len: 21
[36m(FullyAsyncTrainer pid=15032)[0m [FullyAsyncTrainer] sample collected 19/64. mq_len: 20
[36m(FullyAsyncTrainer pid=15032)[0m [FullyAsyncTrainer] sample collected 20/64. mq_len: 19
[36m(FullyAsyncTrainer pid=15032)[0m [FullyAsyncTrainer] sample collected 21/64. mq_len: 18
[36m(FullyAsyncTrainer pid=15032)[0m [FullyAsyncTrainer] sample collected 22/64. mq_len: 17
[36m(FullyAsyncTrainer pid=15032)[0m [FullyAsyncTrainer] sample collected 23/64. mq_len: 16
[36m(FullyAsyncTrainer pid=15032)[0m [FullyAsyncTrainer] sample collected 24/64. mq_len: 15
[36m(FullyAsyncTrainer pid=15032)[0m [FullyAsyncTrainer] sample collected 25/64. mq_len: 14
[36m(FullyAsyncTrainer pid=15032)[0m [FullyAsyncTrainer] sample collected 26/64. mq_len: 13
[36m(FullyAsyncTrainer pid=15032)[0m [FullyAsyncTrainer] sample collected 27/64. mq_len: 12
[36m(FullyAsyncTrainer pid=15032)[0m [FullyAsyncTrainer] sample collected 28/64. mq_len: 11
[36m(FullyAsyncTrainer pid=15032)[0m [FullyAsyncTrainer] sample collected 29/64. mq_len: 10
[36m(FullyAsyncTrainer pid=15032)[0m [FullyAsyncTrainer] sample collected 30/64. mq_len: 9
[36m(FullyAsyncTrainer pid=15032)[0m [FullyAsyncTrainer] sample collected 31/64. mq_len: 8
[36m(FullyAsyncTrainer pid=15032)[0m [FullyAsyncTrainer] sample collected 32/64. mq_len: 7
[36m(FullyAsyncTrainer pid=15032)[0m [FullyAsyncTrainer] sample collected 33/64. mq_len: 6
[36m(FullyAsyncTrainer pid=15032)[0m [FullyAsyncTrainer] sample collected 34/64. mq_len: 5
[36m(FullyAsyncTrainer pid=15032)[0m [FullyAsyncTrainer] sample collected 35/64. mq_len: 4
[36m(FullyAsyncTrainer pid=15032)[0m [FullyAsyncTrainer] sample collected 36/64. mq_len: 3
[36m(FullyAsyncTrainer pid=15032)[0m [FullyAsyncTrainer] sample collected 37/64. mq_len: 2
[36m(FullyAsyncTrainer pid=15032)[0m [FullyAsyncTrainer] sample collected 38/64. mq_len: 1
[36m(FullyAsyncTrainer pid=15032)[0m [FullyAsyncTrainer] sample collected 39/64. mq_len: 0
[36m(FullyAsyncTrainer pid=15032)[0m [FullyAsyncTrainer] sample collected 40/64. mq_len: 0
[36m(FullyAsyncTrainer pid=15032)[0m [FullyAsyncTrainer] sample collected 41/64. mq_len: 0
[36m(FullyAsyncTrainer pid=15032)[0m [FullyAsyncTrainer] sample collected 42/64. mq_len: 0
[36m(FullyAsyncTrainer pid=15032)[0m [FullyAsyncTrainer] sample collected 43/64. mq_len: 0
[36m(FullyAsyncTrainer pid=15032)[0m [FullyAsyncTrainer] sample collected 44/64. mq_len: 0
[36m(FullyAsyncTrainer pid=15032)[0m [FullyAsyncTrainer] sample collected 45/64. mq_len: 0
[36m(FullyAsyncTrainer pid=15032)[0m [FullyAsyncTrainer] sample collected 46/64. mq_len: 0
[36m(FullyAsyncTrainer pid=15032)[0m [FullyAsyncTrainer] sample collected 47/64. mq_len: 0
[36m(FullyAsyncTrainer pid=15032)[0m [FullyAsyncTrainer] sample collected 48/64. mq_len: 0
[36m(FullyAsyncTrainer pid=15032)[0m [FullyAsyncTrainer] sample collected 49/64. mq_len: 0
[36m(FullyAsyncTrainer pid=15032)[0m [FullyAsyncTrainer] sample collected 50/64. mq_len: 0
[36m(FullyAsyncRollouter pid=17027)[0m [FullyAsyncRollouter][MonitorLoop][Statistics] {'count/dropped_stale_samples': 0,
[36m(FullyAsyncRollouter pid=17027)[0m  'count/staleness_samples': 66,
[36m(FullyAsyncRollouter pid=17027)[0m  'count/total_generated_samples': 562,
[36m(FullyAsyncRollouter pid=17027)[0m  'monitor/active_tasks_size': 16,
[36m(FullyAsyncRollouter pid=17027)[0m  'monitor/queue/mq_queue_size': 0,
[36m(FullyAsyncRollouter pid=17027)[0m  'monitor/queue/pending_queue_size': 128,
[36m(FullyAsyncRollouter pid=17027)[0m  'static/max_concurrent_samples': 16,
[36m(FullyAsyncRollouter pid=17027)[0m  'static/max_queue_size': 640064,
[36m(FullyAsyncRollouter pid=17027)[0m  'static/max_required_samples': 640064,
[36m(FullyAsyncRollouter pid=17027)[0m  'static/required_samples': 64,
[36m(FullyAsyncRollouter pid=17027)[0m  'static/staleness_threshold': 10000}
[36m(FullyAsyncTrainer pid=15032)[0m [FullyAsyncTrainer] sample collected 51/64. mq_len: 0
[36m(FullyAsyncTrainer pid=15032)[0m [FullyAsyncTrainer] sample collected 52/64. mq_len: 0
[36m(FullyAsyncTrainer pid=15032)[0m [FullyAsyncTrainer] sample collected 53/64. mq_len: 0
[36m(FullyAsyncTrainer pid=15032)[0m [FullyAsyncTrainer] sample collected 54/64. mq_len: 0
[36m(FullyAsyncTrainer pid=15032)[0m [FullyAsyncTrainer] sample collected 55/64. mq_len: 0
[36m(FullyAsyncTrainer pid=15032)[0m [FullyAsyncTrainer] sample collected 56/64. mq_len: 0
[36m(FullyAsyncTrainer pid=15032)[0m [FullyAsyncTrainer] sample collected 57/64. mq_len: 0
[36m(FullyAsyncTrainer pid=15032)[0m [FullyAsyncTrainer] sample collected 58/64. mq_len: 0
[36m(FullyAsyncTrainer pid=15032)[0m [FullyAsyncTrainer] sample collected 59/64. mq_len: 0
[36m(FullyAsyncTrainer pid=15032)[0m [FullyAsyncTrainer] sample collected 60/64. mq_len: 0
[36m(FullyAsyncTrainer pid=15032)[0m [FullyAsyncTrainer] sample collected 61/64. mq_len: 0
[36m(FullyAsyncTrainer pid=15032)[0m [FullyAsyncTrainer] sample collected 62/64. mq_len: 0
[36m(FullyAsyncTrainer pid=15032)[0m [FullyAsyncTrainer] sample collected 63/64. mq_len: 0
[36m(FullyAsyncTrainer pid=15032)[0m [FullyAsyncTrainer] sample collected 64/64. mq_len: 0
[36m(FullyAsyncTrainer pid=15032)[0m [FullyAsyncTrainer] Collected 64/64 samples. mq_len: 0
[36m(FullyAsyncTrainer pid=15032)[0m [FullyAsyncTrainer] Loop collection completed: 64/64 samples, total wait time: 104.33 seconds. mq_len: 0
[36m(FullyAsyncTrainer pid=15032)[0m [BatchUtils] Assembling batch from 64 RolloutSample objects
[36m(FullyAsyncTrainer pid=15032)[0m [BatchUtils] Batch assembly completed in 0.22s
[36m(FullyAsyncRollouter pid=17027)[0m [FullyAsyncRollouter][MonitorLoop][Statistics] {'count/dropped_stale_samples': 0,
[36m(FullyAsyncRollouter pid=17027)[0m  'count/staleness_samples': 89,
[36m(FullyAsyncRollouter pid=17027)[0m  'count/total_generated_samples': 585,
[36m(FullyAsyncRollouter pid=17027)[0m  'monitor/active_tasks_size': 16,
[36m(FullyAsyncRollouter pid=17027)[0m  'monitor/queue/mq_queue_size': 9,
[36m(FullyAsyncRollouter pid=17027)[0m  'monitor/queue/pending_queue_size': 128,
[36m(FullyAsyncRollouter pid=17027)[0m  'static/max_concurrent_samples': 16,
[36m(FullyAsyncRollouter pid=17027)[0m  'static/max_queue_size': 640064,
[36m(FullyAsyncRollouter pid=17027)[0m  'static/max_required_samples': 640064,
[36m(FullyAsyncRollouter pid=17027)[0m  'static/required_samples': 64,
[36m(FullyAsyncRollouter pid=17027)[0m  'static/staleness_threshold': 10000}
[36m(MessageQueue pid=23826)[0m MessageQueue stats: produced=600, queue_size=24
[36m(FullyAsyncRollouter pid=17027)[0m [FullyAsyncRollouter][MonitorLoop][Statistics] {'count/dropped_stale_samples': 0,
[36m(FullyAsyncRollouter pid=17027)[0m  'count/staleness_samples': 110,
[36m(FullyAsyncRollouter pid=17027)[0m  'count/total_generated_samples': 606,
[36m(FullyAsyncRollouter pid=17027)[0m  'monitor/active_tasks_size': 16,
[36m(FullyAsyncRollouter pid=17027)[0m  'monitor/queue/mq_queue_size': 30,
[36m(FullyAsyncRollouter pid=17027)[0m  'monitor/queue/pending_queue_size': 128,
[36m(FullyAsyncRollouter pid=17027)[0m  'static/max_concurrent_samples': 16,
[36m(FullyAsyncRollouter pid=17027)[0m  'static/max_queue_size': 640064,
[36m(FullyAsyncRollouter pid=17027)[0m  'static/max_required_samples': 640064,
[36m(FullyAsyncRollouter pid=17027)[0m  'static/required_samples': 64,
[36m(FullyAsyncRollouter pid=17027)[0m  'static/staleness_threshold': 10000}
[36m(FullyAsyncTrainer pid=15032)[0m [FullyAsyncTrainer] global_steps: 9 local_trigger_step: 1 trigger_parameter_sync_step: 1 03:36:19.205
[36m(vLLMHttpServer pid=19201)[0m (Worker pid=20570) WARNING 07-26 03:36:20 [layerwise.py:225] RotaryEmbedding: Failed to load weights
[36m(vLLMHttpServer pid=19201)[0m (EngineCore pid=20179) WARNING 07-26 03:36:20 [scheduler.py:1919] reset_connector called but no KV connector is configured.
[36m(FullyAsyncTrainer pid=15032)[0m [FullyAsyncTrainer] _fit_update_weights, timing_s/param_sync: 1.0298 seconds self.current_param_version: 9
[36m(FullyAsyncTrainer pid=15032)[0m step:9 - fully_async/rollouter/active_time:238.2141489982605 - fully_async/rollouter/version_time:238.2141489982605 - fully_async/rollouter/idle_ratio:0 - fully_async/rollouter/step_generated_samples:67 - dynamic_resource/rollout_resource_utilization:0.9999990929099706
[36m(FullyAsyncTrainer pid=15032)[0m aggregated metrics done. cost 0.0003 seconds.
[36m(FullyAsyncTrainer pid=15032)[0m step:9 - training/global_step:8.0 - training/epoch:0.0 - fully_async/count/stale_trajectory_processed:2291.0 - fully_async/count/current_param_version:7.0 - fully_async/processing_time/avg:45.37125698670503 - fully_async/processing_time/max:76.03046076499959 - fully_async/processing_time/min:4.242720164002094 - fully_async/processing_time/tp50:54.340768707999814 - fully_async/processing_time/tp99:75.97350854396896 - fully_async/processing_time/tp95:74.11408532314981 - fully_async/monitor/active_tasks_size:16.0 - fully_async/monitor/queue/pending_queue_size:128.0 - fully_async/monitor/queue/mq_queue_size:0.0 - fully_async/count/total_generated_samples:448.0 - fully_async/count/staleness_samples:80.0 - fully_async/count/dropped_stale_samples:0.0 - fully_async/static/max_required_samples:640064.0 - fully_async/static/required_samples:64.0 - fully_async/static/staleness_threshold:10000.0 - fully_async/static/max_queue_size:640064.0 - fully_async/static/max_concurrent_samples:16.0 - fully_async/partial/total_partial_num:101.0 - fully_async/partial/partial_ratio:0.197265625 - fully_async/partial/max_partial_span:1.0 - timing_s/agent_loop/tool_calls/max:0.0 - timing_s/agent_loop/tool_calls/min:0.0 - timing_s/agent_loop/tool_calls/mean:0.0 - fully_async/total_wait_time:89.31293439865112 - actor/pg_clipfrac:0.0001886272355506204 - actor/ppo_kl:0.0006372413123230446 - actor/pg_clipfrac_lower:3.2920878028541097e-07 - actor/pg_loss:0.03052908755671524 - actor/loss:0.030529089272022247 - actor/grad_norm:0.021059466525912285 - actor/lr:1e-06 - actor/perf/max_memory_allocated_gb:40.14671182632446 - actor/perf/max_memory_reserved_gb:73.09765625 - actor/perf/cpu_memory_used_gb:50.94889450073242 - perf/mfu/actor:0.3219742124483838 - dynamic_resource/train_compute_time_s:124.1831626259991 - dynamic_resource/train_allocated_time_s:218.92711734771729 - critic/score/mean:-0.59375 - critic/score/max:1.0 - critic/score/min:-1.0 - critic/rewards/mean:-0.59375 - critic/rewards/max:1.0 - critic/rewards/min:-1.0 - critic/advantages/mean:-0.030524887144565582 - critic/advantages/max:2.474870204925537 - critic/advantages/min:-2.474870204925537 - critic/returns/mean:-0.030524887144565582 - critic/returns/max:2.474870204925537 - critic/returns/min:-2.474870204925537 - response_length/mean:5921.0234375 - response_length/max:8192.0 - response_length/min:692.0 - response_length/clip_ratio:0.46875 - response_length_non_aborted/mean:5921.0234375 - response_length_non_aborted/max:8192.0 - response_length_non_aborted/min:692.0 - response_length_non_aborted/clip_ratio:0.46875 - response/aborted_ratio:0.0 - prompt_length/mean:145.890625 - prompt_length/max:478.0 - prompt_length/min:75.0 - prompt_length/clip_ratio:0.0 - num_turns/min:2.0 - num_turns/max:2.0 - num_turns/mean:2.0 - timing_s/start_profile:5.011999746784568e-06 - timing_s/gen:89.6686473439986 - timing_s/reward:2.1094998373882845e-05 - timing_s/adv:0.014098432999162469 - timing_s/update_actor:124.16904309800157 - timing_s/timing_s/param_sync:1.0696416930004489 - timing_s/step:218.92713799399644 - timing_s/stop_profile:4.64899858343415e-06 - timing_per_token_ms/adv:4.538716333842778e-06 - timing_per_token_ms/update_actor:0.0399738087275378 - timing_per_token_ms/gen:0.029578345482397402 - perf/total_num_tokens:3106260.0 - perf/time_per_step:218.92713799399644 - perf/throughput:7094.278097412441 - dynamic_resource/mq_size:39.0 - fully_async/trainer/idle_ratio:0.4095821475839946 - dynamic_resource/train_resource_utilization:0.5672351791338924 - dynamic_resource/rollout_resource_utilization:0.9999990929099706 - dynamic_resource/resource_utilization:0.7836171360219315
[36m(FullyAsyncTrainer pid=15032)[0m [FullyAsyncTrainer] Requesting 64 samples from queue
[36m(FullyAsyncTrainer pid=15032)[0m [FullyAsyncTrainer] sample collected 1/64. mq_len: 41
[36m(FullyAsyncTrainer pid=15032)[0m [FullyAsyncTrainer] sample collected 2/64. mq_len: 40
[36m(FullyAsyncTrainer pid=15032)[0m [FullyAsyncTrainer] sample collected 3/64. mq_len: 39
[36m(FullyAsyncTrainer pid=15032)[0m [FullyAsyncTrainer] sample collected 4/64. mq_len: 38
[36m(FullyAsyncTrainer pid=15032)[0m [FullyAsyncTrainer] sample collected 5/64. mq_len: 37
[36m(FullyAsyncTrainer pid=15032)[0m [FullyAsyncTrainer] sample collected 6/64. mq_len: 36
[36m(FullyAsyncTrainer pid=15032)[0m [FullyAsyncTrainer] sample collected 7/64. mq_len: 35
[36m(FullyAsyncTrainer pid=15032)[0m [FullyAsyncTrainer] sample collected 8/64. mq_len: 34
[36m(FullyAsyncTrainer pid=15032)[0m [FullyAsyncTrainer] sample collected 9/64. mq_len: 33
[36m(FullyAsyncTrainer pid=15032)[0m [FullyAsyncTrainer] sample collected 10/64. mq_len: 32
[36m(FullyAsyncTrainer pid=15032)[0m [FullyAsyncTrainer] sample collected 11/64. mq_len: 31
[36m(FullyAsyncTrainer pid=15032)[0m Training Progress:  11%|█▏        | 9/80 [36:01<4:34:49, 232.24s/it]
[36m(FullyAsyncRollouter pid=17027)[0m [FullyAsyncRollouter][RolloutResourceUtilization] raw active_count_history (timestamp, active_count, max_concurrent): [(1785036744.5305128, 15, 16), (1785036744.5306518, 16, 16), (1785036745.97883, 15, 16), (1785036745.9788566, 16, 16), (1785036749.319321, 15, 16), (1785036749.3193467, 16, 16), (1785036759.902393, 15, 16), (1785036759.9024522, 16, 16), (1785036763.4234977, 15, 16), (1785036763.4235258, 16, 16), (1785036780.5618315, 15, 16), (1785036780.56189, 16, 16), (1785036788.343007, 15, 16), (1785036788.3430326, 16, 16), (1785036788.9893637, 15, 16), (1785036788.9893904, 16, 16), (1785036790.5347316, 15, 16), (1785036790.5347579, 16, 16), (1785036795.3446505, 15, 16), (1785036795.3447073, 16, 16), (1785036803.2159262, 15, 16), (1785036803.215954, 16, 16), (1785036803.4052472, 15, 16), (1785036803.4052744, 16, 16), (1785036806.922134, 15, 16), (1785036806.9222057, 16, 16), (1785036809.9788313, 15, 16), (1785036809.978859, 16, 16), (1785036810.0124943, 15, 16), (1785036810.0125136, 16, 16), (1785036810.073008, 15, 16), (1785036810.073026, 16, 16), (1785036811.7089276, 15, 16), (1785036811.7089539, 16, 16), (1785036812.9478633, 15, 16), (1785036812.9478884, 16, 16), (1785036816.171073, 15, 16), (1785036816.1711004, 16, 16), (1785036824.6469414, 15, 16), (1785036824.6470056, 16, 16), (1785036827.6800497, 15, 16), (1785036827.6800752, 16, 16), (1785036836.3464732, 15, 16), (1785036836.346539, 16, 16), (1785036838.1561875, 15, 16), (1785036838.156213, 16, 16), (1785036838.6412795, 15, 16), (1785036838.6413074, 16, 16), (1785036842.1522899, 15, 16), (1785036842.1523144, 16, 16), (1785036848.8847027, 15, 16), (1785036848.8847587, 16, 16), (1785036850.7072527, 15, 16), (1785036850.707279, 16, 16), (1785036857.4954958, 15, 16), (1785036857.4955225, 16, 16), (1785036861.622712, 15, 16), (1785036861.62277, 16, 16), (1785036863.6748402, 15, 16), (1785036863.6748676, 16, 16), (1785036868.1978915, 15, 16), (1785036868.1979187, 16, 16), (1785036868.3464165, 15, 16), (1785036868.346441, 16, 16), (1785036868.3805265, 15, 16), (1785036868.3805442, 16, 16), (1785036870.3076367, 15, 16), (1785036870.3076646, 16, 16), (1785036871.5671868, 15, 16), (1785036871.567212, 16, 16), (1785036874.8591986, 15, 16), (1785036874.859255, 16, 16), (1785036878.1688676, 15, 16), (1785036878.1688943, 16, 16), (1785036880.8789954, 15, 16), (1785036880.8790216, 16, 16), (1785036883.7026086, 15, 16), (1785036883.7026365, 16, 16), (1785036886.637901, 15, 16), (1785036886.637959, 16, 16), (1785036895.2244482, 15, 16), (1785036895.2244816, 16, 16), (1785036895.302276, 15, 16), (1785036895.3022954, 16, 16), (1785036896.2441895, 15, 16), (1785036896.244219, 16, 16), (1785036899.394778, 15, 16), (1785036899.394845, 16, 16), (1785036900.3888674, 15, 16), (1785036900.3888934, 16, 16), (1785036904.4227672, 15, 16), (1785036904.4227917, 16, 16), (1785036905.942735, 15, 16), (1785036905.942764, 16, 16), (1785036916.861692, 15, 16), (1785036916.8617473, 16, 16), (1785036921.0598876, 15, 16), (1785036921.0599155, 16, 16), (1785036921.118764, 15, 16), (1785036921.1187851, 16, 16), (1785036922.869511, 15, 16), (1785036922.8695374, 16, 16), (1785036923.7670507, 15, 16), (1785036923.7670777, 16, 16), (1785036923.9757016, 15, 16), (1785036923.975727, 16, 16), (1785036931.2167053, 15, 16), (1785036931.216762, 16, 16), (1785036933.9518464, 15, 16), (1785036933.9518764, 16, 16), (1785036936.719949, 15, 16), (1785036936.719978, 16, 16), (1785036949.877364, 15, 16), (1785036949.8774197, 16, 16), (1785036949.9593477, 15, 16), (1785036949.959372, 16, 16), (1785036951.4247262, 15, 16), (1785036951.4247506, 16, 16), (1785036955.4179945, 15, 16), (1785036955.4180195, 16, 16), (1785036956.693162, 15, 16), (1785036956.6931891, 16, 16), (1785036961.2185843, 15, 16), (1785036961.2186408, 16, 16), (1785036962.736043, 15, 16), (1785036962.7360709, 16, 16), (1785036966.7339935, 15, 16), (1785036966.7340198, 16, 16), (1785036974.1718915, 15, 16), (1785036974.171953, 16, 16), (1785036978.817852, 15, 16), (1785036978.8178794, 16, 16), (1785036978.8523324, 15, 16), (1785036978.852352, 16, 16), (1785036982.7436619, 15, 16), (1785036982.744727, 15, 16)]
[36m(FullyAsyncRollouter pid=17027)[0m [FullyAsyncRollouter][Public][reset_staleness] reset staleness_samples to: 57 idle_ratio: 0.0000 step_generated_samples(this_step): 67 rollout_resource_utilization: 1.0000 recent_history(last 10 steps): [(2, 109), (3, 52), (4, 74), (5, 54), (6, 70), (7, 68), (8, 58), (9, 66), (10, 67)]
[36m(FullyAsyncTrainer pid=15032)[0m [FullyAsyncTrainer] sample collected 12/64. mq_len: 30
[36m(FullyAsyncTrainer pid=15032)[0m [FullyAsyncTrainer] sample collected 13/64. mq_len: 29
[36m(FullyAsyncTrainer pid=15032)[0m [FullyAsyncTrainer] sample collected 14/64. mq_len: 28
[36m(FullyAsyncTrainer pid=15032)[0m [FullyAsyncTrainer] sample collected 15/64. mq_len: 27
[36m(FullyAsyncTrainer pid=15032)[0m [FullyAsyncTrainer] sample collected 16/64. mq_len: 26
[36m(FullyAsyncTrainer pid=15032)[0m [FullyAsyncTrainer] sample collected 17/64. mq_len: 25
[36m(FullyAsyncTrainer pid=15032)[0m [FullyAsyncTrainer] sample collected 18/64. mq_len: 24
[36m(FullyAsyncTrainer pid=15032)[0m [FullyAsyncTrainer] sample collected 19/64. mq_len: 23
[36m(FullyAsyncTrainer pid=15032)[0m [FullyAsyncTrainer] sample collected 20/64. mq_len: 22
[36m(FullyAsyncTrainer pid=15032)[0m [FullyAsyncTrainer] sample collected 21/64. mq_len: 21
[36m(FullyAsyncTrainer pid=15032)[0m [FullyAsyncTrainer] sample collected 22/64. mq_len: 20
[36m(FullyAsyncTrainer pid=15032)[0m [FullyAsyncTrainer] sample collected 23/64. mq_len: 19
[36m(FullyAsyncTrainer pid=15032)[0m [FullyAsyncTrainer] sample collected 24/64. mq_len: 18
[36m(FullyAsyncTrainer pid=15032)[0m [FullyAsyncTrainer] sample collected 25/64. mq_len: 17
[36m(FullyAsyncTrainer pid=15032)[0m [FullyAsyncTrainer] sample collected 26/64. mq_len: 16
[36m(FullyAsyncTrainer pid=15032)[0m [FullyAsyncTrainer] sample collected 27/64. mq_len: 15
[36m(FullyAsyncTrainer pid=15032)[0m [FullyAsyncTrainer] sample collected 28/64. mq_len: 14
[36m(FullyAsyncTrainer pid=15032)[0m [FullyAsyncTrainer] sample collected 29/64. mq_len: 13
[36m(FullyAsyncTrainer pid=15032)[0m [FullyAsyncTrainer] sample collected 30/64. mq_len: 12
[36m(FullyAsyncTrainer pid=15032)[0m [FullyAsyncTrainer] sample collected 31/64. mq_len: 11
[36m(FullyAsyncTrainer pid=15032)[0m [FullyAsyncTrainer] sample collected 32/64. mq_len: 10
[36m(FullyAsyncTrainer pid=15032)[0m [FullyAsyncTrainer] sample collected 33/64. mq_len: 9
[36m(FullyAsyncTrainer pid=15032)[0m [FullyAsyncTrainer] sample collected 34/64. mq_len: 8
[36m(FullyAsyncTrainer pid=15032)[0m [FullyAsyncTrainer] sample collected 35/64. mq_len: 7
[36m(FullyAsyncTrainer pid=15032)[0m [FullyAsyncTrainer] sample collected 36/64. mq_len: 6
[36m(FullyAsyncTrainer pid=15032)[0m [FullyAsyncTrainer] sample collected 37/64. mq_len: 5
[36m(FullyAsyncTrainer pid=15032)[0m [FullyAsyncTrainer] sample collected 38/64. mq_len: 4
[36m(FullyAsyncTrainer pid=15032)[0m [FullyAsyncTrainer] sample collected 39/64. mq_len: 3
[36m(FullyAsyncTrainer pid=15032)[0m [FullyAsyncTrainer] sample collected 40/64. mq_len: 2
[36m(FullyAsyncTrainer pid=15032)[0m [FullyAsyncTrainer] sample collected 41/64. mq_len: 1
[36m(FullyAsyncTrainer pid=15032)[0m [FullyAsyncTrainer] sample collected 42/64. mq_len: 0
[36m(FullyAsyncTrainer pid=15032)[0m [FullyAsyncTrainer] sample collected 43/64. mq_len: 0
[36m(FullyAsyncTrainer pid=15032)[0m [FullyAsyncTrainer] sample collected 44/64. mq_len: 0
[36m(FullyAsyncTrainer pid=15032)[0m [FullyAsyncTrainer] sample collected 45/64. mq_len: 0
[36m(FullyAsyncTrainer pid=15032)[0m [FullyAsyncTrainer] sample collected 46/64. mq_len: 0
[36m(FullyAsyncRollouter pid=17027)[0m [FullyAsyncRollouter][MonitorLoop][Statistics] {'count/dropped_stale_samples': 0,
[36m(FullyAsyncRollouter pid=17027)[0m  'count/staleness_samples': 62,
[36m(FullyAsyncRollouter pid=17027)[0m  'count/total_generated_samples': 622,
[36m(FullyAsyncRollouter pid=17027)[0m  'monitor/active_tasks_size': 16,
[36m(FullyAsyncRollouter pid=17027)[0m  'monitor/queue/mq_queue_size': 0,
[36m(FullyAsyncRollouter pid=17027)[0m  'monitor/queue/pending_queue_size': 128,
[36m(FullyAsyncRollouter pid=17027)[0m  'static/max_concurrent_samples': 16,
[36m(FullyAsyncRollouter pid=17027)[0m  'static/max_queue_size': 640064,
[36m(FullyAsyncRollouter pid=17027)[0m  'static/max_required_samples': 640064,
[36m(FullyAsyncRollouter pid=17027)[0m  'static/required_samples': 64,
[36m(FullyAsyncRollouter pid=17027)[0m  'static/staleness_threshold': 10000}
[36m(FullyAsyncTrainer pid=15032)[0m [FullyAsyncTrainer] sample collected 47/64. mq_len: 0
[36m(FullyAsyncTrainer pid=15032)[0m [FullyAsyncTrainer] sample collected 48/64. mq_len: 0
[36m(FullyAsyncTrainer pid=15032)[0m [FullyAsyncTrainer] sample collected 49/64. mq_len: 0
[36m(FullyAsyncTrainer pid=15032)[0m [FullyAsyncTrainer] sample collected 50/64. mq_len: 0
[36m(FullyAsyncTrainer pid=15032)[0m [FullyAsyncTrainer] sample collected 51/64. mq_len: 0
[36m(FullyAsyncTrainer pid=15032)[0m [FullyAsyncTrainer] sample collected 52/64. mq_len: 0
[36m(FullyAsyncTrainer pid=15032)[0m [FullyAsyncTrainer] sample collected 53/64. mq_len: 0
[36m(FullyAsyncTrainer pid=15032)[0m [FullyAsyncTrainer] sample collected 54/64. mq_len: 0
[36m(FullyAsyncTrainer pid=15032)[0m [FullyAsyncTrainer] sample collected 55/64. mq_len: 0
[36m(FullyAsyncTrainer pid=15032)[0m [FullyAsyncTrainer] sample collected 56/64. mq_len: 0
[36m(FullyAsyncTrainer pid=15032)[0m [FullyAsyncTrainer] sample collected 57/64. mq_len: 0
[36m(FullyAsyncTrainer pid=15032)[0m [FullyAsyncTrainer] sample collected 58/64. mq_len: 0
[36m(FullyAsyncTrainer pid=15032)[0m [FullyAsyncTrainer] sample collected 59/64. mq_len: 0
[36m(FullyAsyncTrainer pid=15032)[0m [FullyAsyncTrainer] sample collected 60/64. mq_len: 0
[36m(FullyAsyncTrainer pid=15032)[0m [FullyAsyncTrainer] sample collected 61/64. mq_len: 0
[36m(FullyAsyncTrainer pid=15032)[0m [FullyAsyncTrainer] sample collected 62/64. mq_len: 0
[36m(FullyAsyncTrainer pid=15032)[0m [FullyAsyncTrainer] sample collected 63/64. mq_len: 0
[36m(FullyAsyncTrainer pid=15032)[0m [FullyAsyncTrainer] sample collected 64/64. mq_len: 0
[36m(FullyAsyncTrainer pid=15032)[0m [FullyAsyncTrainer] Collected 64/64 samples. mq_len: 0
[36m(FullyAsyncTrainer pid=15032)[0m [FullyAsyncTrainer] Loop collection completed: 64/64 samples, total wait time: 84.30 seconds. mq_len: 0
[36m(FullyAsyncTrainer pid=15032)[0m [BatchUtils] Assembling batch from 64 RolloutSample objects
[36m(FullyAsyncTrainer pid=15032)[0m [BatchUtils] Batch assembly completed in 0.24s
[36m(FullyAsyncRollouter pid=17027)[0m [FullyAsyncRollouter][MonitorLoop][Statistics] {'count/dropped_stale_samples': 0,
[36m(FullyAsyncRollouter pid=17027)[0m  'count/staleness_samples': 80,
[36m(FullyAsyncRollouter pid=17027)[0m  'count/total_generated_samples': 640,
[36m(FullyAsyncRollouter pid=17027)[0m  'monitor/active_tasks_size': 16,
[36m(FullyAsyncRollouter pid=17027)[0m  'monitor/queue/mq_queue_size': 0,
[36m(FullyAsyncRollouter pid=17027)[0m  'monitor/queue/pending_queue_size': 128,
[36m(FullyAsyncRollouter pid=17027)[0m  'static/max_concurrent_samples': 16,
[36m(FullyAsyncRollouter pid=17027)[0m  'static/max_queue_size': 640064,
[36m(FullyAsyncRollouter pid=17027)[0m  'static/max_required_samples': 640064,
[36m(FullyAsyncRollouter pid=17027)[0m  'static/required_samples': 64,
[36m(FullyAsyncRollouter pid=17027)[0m  'static/staleness_threshold': 10000}
[36m(FullyAsyncRollouter pid=17027)[0m [FullyAsyncRollouter][MonitorLoop][Statistics] {'count/dropped_stale_samples': 0,
[36m(FullyAsyncRollouter pid=17027)[0m  'count/staleness_samples': 98,
[36m(FullyAsyncRollouter pid=17027)[0m  'count/total_generated_samples': 658,
[36m(FullyAsyncRollouter pid=17027)[0m  'monitor/active_tasks_size': 16,
[36m(FullyAsyncRollouter pid=17027)[0m  'monitor/queue/mq_queue_size': 18,
[36m(FullyAsyncRollouter pid=17027)[0m  'monitor/queue/pending_queue_size': 128,
[36m(FullyAsyncRollouter pid=17027)[0m  'static/max_concurrent_samples': 16,
[36m(FullyAsyncRollouter pid=17027)[0m  'static/max_queue_size': 640064,
[36m(FullyAsyncRollouter pid=17027)[0m  'static/max_required_samples': 640064,
[36m(FullyAsyncRollouter pid=17027)[0m  'static/required_samples': 64,
[36m(FullyAsyncRollouter pid=17027)[0m  'static/staleness_threshold': 10000}
[36m(FullyAsyncTrainer pid=15032)[0m [FullyAsyncTrainer] global_steps: 10 local_trigger_step: 1 trigger_parameter_sync_step: 1 03:39:52.436
[36m(vLLMHttpServer pid=19201)[0m (Worker pid=20570) WARNING 07-26 03:39:53 [layerwise.py:225] RotaryEmbedding: Failed to load weights
[36m(vLLMHttpServer pid=19201)[0m (EngineCore pid=20179) WARNING 07-26 03:39:53 [scheduler.py:1919] reset_connector called but no KV connector is configured.
[36m(FullyAsyncRollouter pid=17027)[0m [FullyAsyncRollouter][MonitorLoop][Statistics] {'count/dropped_stale_samples': 0,
[36m(FullyAsyncRollouter pid=17027)[0m  'count/staleness_samples': 116,
[36m(FullyAsyncRollouter pid=17027)[0m  'count/total_generated_samples': 676,
[36m(FullyAsyncRollouter pid=17027)[0m  'monitor/active_tasks_size': 16,
[36m(FullyAsyncRollouter pid=17027)[0m  'monitor/queue/mq_queue_size': 36,
[36m(FullyAsyncRollouter pid=17027)[0m  'monitor/queue/pending_queue_size': 128,
[36m(FullyAsyncRollouter pid=17027)[0m  'static/max_concurrent_samples': 16,
[36m(FullyAsyncRollouter pid=17027)[0m  'static/max_queue_size': 640064,
[36m(FullyAsyncRollouter pid=17027)[0m  'static/max_required_samples': 640064,
[36m(FullyAsyncRollouter pid=17027)[0m  'static/required_samples': 64,
[36m(FullyAsyncRollouter pid=17027)[0m  'static/staleness_threshold': 10000}
[36m(FullyAsyncTrainer pid=15032)[0m [FullyAsyncTrainer] _fit_update_weights, timing_s/param_sync: 1.0044 seconds self.current_param_version: 10
[36m(FullyAsyncTrainer pid=15032)[0m step:10 - fully_async/rollouter/active_time:220.43999528884888 - fully_async/rollouter/version_time:220.43999528884888 - fully_async/rollouter/idle_ratio:0 - fully_async/rollouter/step_generated_samples:59 - dynamic_resource/rollout_resource_utilization:0.9999991267099835
[36m(FullyAsyncTrainer pid=15032)[0m aggregated metrics done. cost 0.0002 seconds.
[36m(FullyAsyncTrainer pid=15032)[0m step:10 - training/global_step:9.0 - training/epoch:0.0 - fully_async/count/stale_trajectory_processed:2628.0 - fully_async/count/current_param_version:8.0 - fully_async/processing_time/avg:46.676286889146624 - fully_async/processing_time/max:83.0414191810014 - fully_async/processing_time/min:3.9745752470007574 - fully_async/processing_time/tp50:53.27307397050026 - fully_async/processing_time/tp99:82.28928535185311 - fully_async/processing_time/tp95:79.77132651255106 - fully_async/monitor/active_tasks_size:16.0 - fully_async/monitor/queue/pending_queue_size:128.0 - fully_async/monitor/queue/mq_queue_size:0.0 - fully_async/count/total_generated_samples:512.0 - fully_async/count/staleness_samples:80.0 - fully_async/count/dropped_stale_samples:0.0 - fully_async/static/max_required_samples:640064.0 - fully_async/static/required_samples:64.0 - fully_async/static/staleness_threshold:10000.0 - fully_async/static/max_queue_size:640064.0 - fully_async/static/max_concurrent_samples:16.0 - fully_async/partial/total_partial_num:95.0 - fully_async/partial/partial_ratio:0.185546875 - fully_async/partial/max_partial_span:1.0 - timing_s/agent_loop/tool_calls/max:0.0 - timing_s/agent_loop/tool_calls/min:0.0 - timing_s/agent_loop/tool_calls/mean:0.0 - fully_async/total_wait_time:104.32512712478638 - actor/pg_clipfrac:0.00027404128958640053 - actor/ppo_kl:0.00064435986987724 - actor/pg_clipfrac_lower:2.210392568328705e-06 - actor/pg_loss:0.04930064420841518 - actor/loss:0.04930064454674721 - actor/grad_norm:0.023113222792744637 - actor/lr:1e-06 - actor/perf/max_memory_allocated_gb:40.14671182632446 - actor/perf/max_memory_reserved_gb:73.09765625 - actor/perf/cpu_memory_used_gb:51.29359436035156 - perf/mfu/actor:0.3211564827014371 - dynamic_resource/train_compute_time_s:129.98392474299908 - dynamic_resource/train_allocated_time_s:238.18134880065918 - critic/score/mean:-0.67578125 - critic/score/max:1.0 - critic/score/min:-1.0 - critic/rewards/mean:-0.67578125 - critic/rewards/max:1.0 - critic/rewards/min:-1.0 - critic/advantages/mean:-0.04927621781826019 - critic/advantages/max:2.474870204925537 - critic/advantages/min:-1.6201833486557007 - critic/returns/mean:-0.04927621781826019 - critic/returns/max:2.474870204925537 - critic/returns/min:-1.6201833486557007 - response_length/mean:6217.85546875 - response_length/max:8192.0 - response_length/min:479.0 - response_length/clip_ratio:0.48046875 - response_length_non_aborted/mean:6217.85546875 - response_length_non_aborted/max:8192.0 - response_length_non_aborted/min:479.0 - response_length_non_aborted/clip_ratio:0.48046875 - response/aborted_ratio:0.0 - prompt_length/mean:145.796875 - prompt_length/max:292.0 - prompt_length/min:75.0 - prompt_length/clip_ratio:0.0 - num_turns/min:2.0 - num_turns/max:2.0 - num_turns/mean:2.0 - timing_s/start_profile:5.480000254465267e-06 - timing_s/gen:104.65493524900012 - timing_s/reward:1.8093000107910484e-05 - timing_s/adv:0.009138519999396522 - timing_s/update_actor:129.97476812999957 - timing_s/timing_s/param_sync:1.0298444769978232 - timing_s/step:238.18136922699705 - timing_s/stop_profile:4.931000148644671e-06 - timing_per_token_ms/adv:2.8047842511936143e-06 - timing_per_token_ms/update_actor:0.03989170924040635 - timing_per_token_ms/gen:0.03287374102461978 - perf/total_num_tokens:3258190.0 - perf/time_per_step:238.18136922699705 - perf/throughput:6839.724724427974 - dynamic_resource/mq_size:42.0 - fully_async/trainer/idle_ratio:0.43939177773917104 - dynamic_resource/train_resource_utilization:0.5457351106521207 - dynamic_resource/rollout_resource_utilization:0.9999991267099835 - dynamic_resource/resource_utilization:0.7728671186810521
[36m(FullyAsyncTrainer pid=15032)[0m [FullyAsyncTrainer] Requesting 64 samples from queue
[36m(FullyAsyncTrainer pid=15032)[0m [FullyAsyncTrainer] sample collected 1/64. mq_len: 36
[36m(FullyAsyncTrainer pid=15032)[0m [FullyAsyncTrainer] sample collected 2/64. mq_len: 35
[36m(FullyAsyncTrainer pid=15032)[0m [FullyAsyncTrainer] sample collected 3/64. mq_len: 34
[36m(FullyAsyncTrainer pid=15032)[0m [FullyAsyncTrainer] sample collected 4/64. mq_len: 33
[36m(FullyAsyncTrainer pid=15032)[0m [FullyAsyncTrainer] sample collected 5/64. mq_len: 32
[36m(FullyAsyncTrainer pid=15032)[0m Training Progress:  12%|█▎        | 10/80 [39:41<4:26:41, 228.60s/it]
[36m(FullyAsyncRollouter pid=17027)[0m [FullyAsyncRollouter][RolloutResourceUtilization] raw active_count_history (timestamp, active_count, max_concurrent): [(1785036982.7450607, 15, 16), (1785036982.7451553, 16, 16), (1785036998.193789, 15, 16), (1785036998.193858, 16, 16), (1785036998.6527274, 15, 16), (1785036998.6527534, 16, 16), (1785037003.4939451, 15, 16), (1785037003.4939718, 16, 16), (1785037006.2155194, 15, 16), (1785037006.2155473, 16, 16), (1785037009.858252, 15, 16), (1785037009.8583071, 16, 16), (1785037026.7740815, 15, 16), (1785037026.7741394, 16, 16), (1785037026.8865972, 15, 16), (1785037026.886621, 16, 16), (1785037027.916324, 15, 16), (1785037027.916351, 16, 16), (1785037031.7659392, 15, 16), (1785037031.7659655, 16, 16), (1785037033.185736, 15, 16), (1785037033.185763, 16, 16), (1785037038.0439975, 15, 16), (1785037038.0440552, 16, 16), (1785037039.936562, 15, 16), (1785037039.9365897, 16, 16), (1785037043.414915, 15, 16), (1785037043.414941, 16, 16), (1785037043.4271677, 15, 16), (1785037043.4271846, 16, 16), (1785037043.470148, 15, 16), (1785037043.4701655, 16, 16), (1785037043.5862412, 15, 16), (1785037043.5862644, 16, 16), (1785037059.034571, 15, 16), (1785037059.0346289, 16, 16), (1785037059.4359698, 15, 16), (1785037059.435995, 16, 16), (1785037064.205584, 15, 16), (1785037064.2056112, 16, 16), (1785037066.0372837, 15, 16), (1785037066.0373108, 16, 16), (1785037066.4918625, 15, 16), (1785037066.4918878, 16, 16), (1785037067.0852406, 15, 16), (1785037067.0852678, 16, 16), (1785037085.6737542, 15, 16), (1785037085.6738212, 16, 16), (1785037085.9568236, 15, 16), (1785037085.9568512, 16, 16), (1785037086.999584, 15, 16), (1785037086.9996116, 16, 16), (1785037088.2721446, 15, 16), (1785037088.2721722, 16, 16), (1785037091.2362518, 15, 16), (1785037091.2362783, 16, 16), (1785037093.45455, 15, 16), (1785037093.454576, 16, 16), (1785037098.0818202, 15, 16), (1785037098.0818765, 16, 16), (1785037099.5879726, 15, 16), (1785037099.587998, 16, 16), (1785037103.551928, 15, 16), (1785037103.5519552, 16, 16), (1785037103.6779277, 15, 16), (1785037103.677952, 16, 16), (1785037103.8550136, 15, 16), (1785037103.8550377, 16, 16), (1785037112.5125277, 15, 16), (1785037112.5125868, 16, 16), (1785037119.8741045, 15, 16), (1785037119.8741288, 16, 16), (1785037120.8358262, 15, 16), (1785037120.835855, 16, 16), (1785037122.534416, 15, 16), (1785037122.5344734, 16, 16), (1785037125.2810247, 15, 16), (1785037125.2810538, 16, 16), (1785037128.3252356, 15, 16), (1785037128.3252616, 16, 16), (1785037128.5290663, 15, 16), (1785037128.5290926, 16, 16), (1785037147.7251167, 15, 16), (1785037147.7251742, 16, 16), (1785037148.9712656, 15, 16), (1785037148.9712915, 16, 16), (1785037150.3064766, 15, 16), (1785037150.3065045, 16, 16), (1785037151.7630684, 15, 16), (1785037151.7630944, 16, 16), (1785037153.1721892, 15, 16), (1785037153.1722167, 16, 16), (1785037161.8175867, 15, 16), (1785037161.817646, 16, 16), (1785037163.0639174, 15, 16), (1785037163.0639448, 16, 16), (1785037167.2571676, 15, 16), (1785037167.2571955, 16, 16), (1785037167.9309828, 15, 16), (1785037167.9310126, 16, 16), (1785037167.9868674, 15, 16), (1785037167.9868898, 16, 16), (1785037175.506644, 15, 16), (1785037175.5066988, 16, 16), (1785037179.9921472, 15, 16), (1785037179.992175, 16, 16), (1785037182.0558376, 15, 16), (1785037182.0558624, 16, 16), (1785037182.8316615, 15, 16), (1785037182.8316917, 16, 16), (1785037184.6165204, 15, 16), (1785037184.6165464, 16, 16), (1785037186.2027917, 15, 16), (1785037186.2028584, 16, 16), (1785037189.0751145, 15, 16), (1785037189.0751421, 16, 16), (1785037189.165336, 15, 16), (1785037189.1653588, 16, 16), (1785037203.1840816, 15, 16), (1785037203.1851182, 15, 16)]
[36m(FullyAsyncRollouter pid=17027)[0m [FullyAsyncRollouter][Public][reset_staleness] reset staleness_samples to: 52 idle_ratio: 0.0000 step_generated_samples(this_step): 59 rollout_resource_utilization: 1.0000 recent_history(last 10 steps): [(2, 109), (3, 52), (4, 74), (5, 54), (6, 70), (7, 68), (8, 58), (9, 66), (10, 67), (11, 59)]
[36m(FullyAsyncTrainer pid=15032)[0m [FullyAsyncTrainer] sample collected 6/64. mq_len: 31
[36m(FullyAsyncTrainer pid=15032)[0m [FullyAsyncTrainer] sample collected 7/64. mq_len: 30
[36m(FullyAsyncTrainer pid=15032)[0m [FullyAsyncTrainer] sample collected 8/64. mq_len: 29
[36m(FullyAsyncTrainer pid=15032)[0m [FullyAsyncTrainer] sample collected 9/64. mq_len: 28
[36m(FullyAsyncTrainer pid=15032)[0m [FullyAsyncTrainer] sample collected 10/64. mq_len: 27
[36m(FullyAsyncTrainer pid=15032)[0m [FullyAsyncTrainer] sample collected 11/64. mq_len: 26
[36m(FullyAsyncTrainer pid=15032)[0m [FullyAsyncTrainer] sample collected 12/64. mq_len: 25
[36m(FullyAsyncTrainer pid=15032)[0m [FullyAsyncTrainer] sample collected 13/64. mq_len: 24
[36m(FullyAsyncTrainer pid=15032)[0m [FullyAsyncTrainer] sample collected 14/64. mq_len: 23
[36m(FullyAsyncTrainer pid=15032)[0m [FullyAsyncTrainer] sample collected 15/64. mq_len: 22
[36m(FullyAsyncTrainer pid=15032)[0m [FullyAsyncTrainer] sample collected 16/64. mq_len: 21
[36m(FullyAsyncTrainer pid=15032)[0m [FullyAsyncTrainer] sample collected 17/64. mq_len: 20
[36m(FullyAsyncTrainer pid=15032)[0m [FullyAsyncTrainer] sample collected 18/64. mq_len: 19
[36m(FullyAsyncTrainer pid=15032)[0m [FullyAsyncTrainer] sample collected 19/64. mq_len: 18
[36m(FullyAsyncTrainer pid=15032)[0m [FullyAsyncTrainer] sample collected 20/64. mq_len: 17
[36m(FullyAsyncTrainer pid=15032)[0m [FullyAsyncTrainer] sample collected 21/64. mq_len: 16
[36m(FullyAsyncTrainer pid=15032)[0m [FullyAsyncTrainer] sample collected 22/64. mq_len: 15
[36m(FullyAsyncTrainer pid=15032)[0m [FullyAsyncTrainer] sample collected 23/64. mq_len: 14
[36m(FullyAsyncTrainer pid=15032)[0m [FullyAsyncTrainer] sample collected 24/64. mq_len: 13
[36m(FullyAsyncTrainer pid=15032)[0m [FullyAsyncTrainer] sample collected 25/64. mq_len: 12
[36m(FullyAsyncTrainer pid=15032)[0m [FullyAsyncTrainer] sample collected 26/64. mq_len: 11
[36m(FullyAsyncTrainer pid=15032)[0m [FullyAsyncTrainer] sample collected 27/64. mq_len: 10
[36m(FullyAsyncTrainer pid=15032)[0m [FullyAsyncTrainer] sample collected 28/64. mq_len: 9
[36m(FullyAsyncTrainer pid=15032)[0m [FullyAsyncTrainer] sample collected 29/64. mq_len: 8
[36m(FullyAsyncTrainer pid=15032)[0m [FullyAsyncTrainer] sample collected 30/64. mq_len: 7
[36m(FullyAsyncTrainer pid=15032)[0m [FullyAsyncTrainer] sample collected 31/64. mq_len: 6
[36m(FullyAsyncTrainer pid=15032)[0m [FullyAsyncTrainer] sample collected 32/64. mq_len: 5
[36m(FullyAsyncTrainer pid=15032)[0m [FullyAsyncTrainer] sample collected 33/64. mq_len: 4
[36m(FullyAsyncTrainer pid=15032)[0m [FullyAsyncTrainer] sample collected 34/64. mq_len: 3
[36m(FullyAsyncTrainer pid=15032)[0m [FullyAsyncTrainer] sample collected 35/64. mq_len: 2
[36m(FullyAsyncTrainer pid=15032)[0m [FullyAsyncTrainer] sample collected 36/64. mq_len: 1
[36m(FullyAsyncTrainer pid=15032)[0m [FullyAsyncTrainer] sample collected 37/64. mq_len: 0
[36m(FullyAsyncTrainer pid=15032)[0m [FullyAsyncTrainer] sample collected 38/64. mq_len: 0
[36m(FullyAsyncTrainer pid=15032)[0m [FullyAsyncTrainer] sample collected 39/64. mq_len: 0
[36m(FullyAsyncTrainer pid=15032)[0m [FullyAsyncTrainer] sample collected 40/64. mq_len: 0
[36m(FullyAsyncTrainer pid=15032)[0m [FullyAsyncTrainer] sample collected 41/64. mq_len: 0
[36m(FullyAsyncTrainer pid=15032)[0m [FullyAsyncTrainer] sample collected 42/64. mq_len: 0
[36m(FullyAsyncTrainer pid=15032)[0m [FullyAsyncTrainer] sample collected 43/64. mq_len: 0
[36m(FullyAsyncTrainer pid=15032)[0m [FullyAsyncTrainer] sample collected 44/64. mq_len: 0
[36m(FullyAsyncTrainer pid=15032)[0m [FullyAsyncTrainer] sample collected 45/64. mq_len: 0
[36m(FullyAsyncTrainer pid=15032)[0m [FullyAsyncTrainer] sample collected 46/64. mq_len: 0
[36m(FullyAsyncTrainer pid=15032)[0m [FullyAsyncTrainer] sample collected 47/64. mq_len: 0
[36m(FullyAsyncTrainer pid=15032)[0m [FullyAsyncTrainer] sample collected 48/64. mq_len: 0
[36m(FullyAsyncTrainer pid=15032)[0m [FullyAsyncTrainer] sample collected 49/64. mq_len: 0
[36m(FullyAsyncTrainer pid=15032)[0m [FullyAsyncTrainer] sample collected 50/64. mq_len: 0
[36m(FullyAsyncTrainer pid=15032)[0m [FullyAsyncTrainer] sample collected 51/64. mq_len: 0
[36m(FullyAsyncTrainer pid=15032)[0m [FullyAsyncTrainer] sample collected 52/64. mq_len: 0
[36m(FullyAsyncTrainer pid=15032)[0m [FullyAsyncTrainer] sample collected 53/64. mq_len: 0
[36m(FullyAsyncTrainer pid=15032)[0m [FullyAsyncTrainer] sample collected 54/64. mq_len: 0
[36m(FullyAsyncTrainer pid=15032)[0m [FullyAsyncTrainer] sample collected 55/64. mq_len: 0
[36m(FullyAsyncTrainer pid=15032)[0m [FullyAsyncTrainer] sample collected 56/64. mq_len: 0
[36m(FullyAsyncTrainer pid=15032)[0m [FullyAsyncTrainer] sample collected 57/64. mq_len: 0
[36m(FullyAsyncTrainer pid=15032)[0m [FullyAsyncTrainer] sample collected 58/64. mq_len: 0
[36m(FullyAsyncTrainer pid=15032)[0m [FullyAsyncTrainer] sample collected 59/64. mq_len: 0
[36m(FullyAsyncTrainer pid=15032)[0m [FullyAsyncTrainer] sample collected 60/64. mq_len: 0
[36m(FullyAsyncTrainer pid=15032)[0m [FullyAsyncTrainer] sample collected 61/64. mq_len: 0
[36m(MessageQueue pid=23826)[0m MessageQueue stats: produced=700, queue_size=1
[36m(FullyAsyncRollouter pid=17027)[0m [FullyAsyncRollouter][MonitorLoop][Statistics] {'count/dropped_stale_samples': 0,
[36m(FullyAsyncRollouter pid=17027)[0m  'count/staleness_samples': 77,
[36m(FullyAsyncRollouter pid=17027)[0m  'count/total_generated_samples': 701,
[36m(FullyAsyncRollouter pid=17027)[0m  'monitor/active_tasks_size': 16,
[36m(FullyAsyncRollouter pid=17027)[0m  'monitor/queue/mq_queue_size': 0,
[36m(FullyAsyncRollouter pid=17027)[0m  'monitor/queue/pending_queue_size': 128,
[36m(FullyAsyncRollouter pid=17027)[0m  'static/max_concurrent_samples': 16,
[36m(FullyAsyncRollouter pid=17027)[0m  'static/max_queue_size': 640064,
[36m(FullyAsyncRollouter pid=17027)[0m  'static/max_required_samples': 640064,
[36m(FullyAsyncRollouter pid=17027)[0m  'static/required_samples': 64,
[36m(FullyAsyncRollouter pid=17027)[0m  'static/staleness_threshold': 10000}
[36m(FullyAsyncTrainer pid=15032)[0m [FullyAsyncTrainer] sample collected 62/64. mq_len: 0
[36m(FullyAsyncTrainer pid=15032)[0m [FullyAsyncTrainer] sample collected 63/64. mq_len: 0
[36m(FullyAsyncTrainer pid=15032)[0m [FullyAsyncTrainer] sample collected 64/64. mq_len: 0
[36m(FullyAsyncTrainer pid=15032)[0m [FullyAsyncTrainer] Collected 64/64 samples. mq_len: 0
[36m(FullyAsyncTrainer pid=15032)[0m [FullyAsyncTrainer] Loop collection completed: 64/64 samples, total wait time: 89.90 seconds. mq_len: 0
[36m(FullyAsyncTrainer pid=15032)[0m [BatchUtils] Assembling batch from 64 RolloutSample objects
[36m(FullyAsyncTrainer pid=15032)[0m [BatchUtils] Batch assembly completed in 0.25s
[36m(FullyAsyncRollouter pid=17027)[0m [FullyAsyncRollouter][MonitorLoop][Statistics] {'count/dropped_stale_samples': 0,
[36m(FullyAsyncRollouter pid=17027)[0m  'count/staleness_samples': 91,
[36m(FullyAsyncRollouter pid=17027)[0m  'count/total_generated_samples': 715,
[36m(FullyAsyncRollouter pid=17027)[0m  'monitor/active_tasks_size': 16,
[36m(FullyAsyncRollouter pid=17027)[0m  'monitor/queue/mq_queue_size': 11,
[36m(FullyAsyncRollouter pid=17027)[0m  'monitor/queue/pending_queue_size': 128,
[36m(FullyAsyncRollouter pid=17027)[0m  'static/max_concurrent_samples': 16,
[36m(FullyAsyncRollouter pid=17027)[0m  'static/max_queue_size': 640064,
[36m(FullyAsyncRollouter pid=17027)[0m  'static/max_required_samples': 640064,
[36m(FullyAsyncRollouter pid=17027)[0m  'static/required_samples': 64,
[36m(FullyAsyncRollouter pid=17027)[0m  'static/staleness_threshold': 10000}
[36m(FullyAsyncRollouter pid=17027)[0m [FullyAsyncRollouter][MonitorLoop][Statistics] {'count/dropped_stale_samples': 0,
[36m(FullyAsyncRollouter pid=17027)[0m  'count/staleness_samples': 114,
[36m(FullyAsyncRollouter pid=17027)[0m  'count/total_generated_samples': 738,
[36m(FullyAsyncRollouter pid=17027)[0m  'monitor/active_tasks_size': 16,
[36m(FullyAsyncRollouter pid=17027)[0m  'monitor/queue/mq_queue_size': 34,
[36m(FullyAsyncRollouter pid=17027)[0m  'monitor/queue/pending_queue_size': 128,
[36m(FullyAsyncRollouter pid=17027)[0m  'static/max_concurrent_samples': 16,
[36m(FullyAsyncRollouter pid=17027)[0m  'static/max_queue_size': 640064,
[36m(FullyAsyncRollouter pid=17027)[0m  'static/max_required_samples': 640064,
[36m(FullyAsyncRollouter pid=17027)[0m  'static/required_samples': 64,
[36m(FullyAsyncRollouter pid=17027)[0m  'static/staleness_threshold': 10000}
[36m(FullyAsyncTrainer pid=15032)[0m [FullyAsyncTrainer] global_steps: 11 local_trigger_step: 1 trigger_parameter_sync_step: 1 03:43:35.223
[36m(vLLMHttpServer pid=19201)[0m (Worker pid=20570) WARNING 07-26 03:43:36 [layerwise.py:225] RotaryEmbedding: Failed to load weights
[36m(vLLMHttpServer pid=19201)[0m (EngineCore pid=20179) WARNING 07-26 03:43:36 [scheduler.py:1919] reset_connector called but no KV connector is configured.
[36m(FullyAsyncTrainer pid=15032)[0m [FullyAsyncTrainer] _fit_update_weights, timing_s/param_sync: 1.0866 seconds self.current_param_version: 11
[36m(FullyAsyncTrainer pid=15032)[0m step:11 - fully_async/rollouter/active_time:236.21005606651306 - fully_async/rollouter/version_time:236.21005606651306 - fully_async/rollouter/idle_ratio:0 - fully_async/rollouter/step_generated_samples:70 - dynamic_resource/rollout_resource_utilization:0.9999991175761413
[36m(FullyAsyncTrainer pid=15032)[0m aggregated metrics done. cost 0.0003 seconds.
[36m(FullyAsyncTrainer pid=15032)[0m step:11 - training/global_step:10.0 - training/epoch:0.0 - fully_async/count/stale_trajectory_processed:2985.0 - fully_async/count/current_param_version:9.0 - fully_async/processing_time/avg:44.189546265955016 - fully_async/processing_time/max:77.13598880099744 - fully_async/processing_time/min:5.497437260000879 - fully_async/processing_time/tp50:49.35797585799992 - fully_async/processing_time/tp99:77.02031040287068 - fully_async/processing_time/tp95:76.28265270654974 - fully_async/monitor/active_tasks_size:16.0 - fully_async/monitor/queue/pending_queue_size:128.0 - fully_async/monitor/queue/mq_queue_size:0.0 - fully_async/count/total_generated_samples:576.0 - fully_async/count/staleness_samples:80.0 - fully_async/count/dropped_stale_samples:0.0 - fully_async/static/max_required_samples:640064.0 - fully_async/static/required_samples:64.0 - fully_async/static/staleness_threshold:10000.0 - fully_async/static/max_queue_size:640064.0 - fully_async/static/max_concurrent_samples:16.0 - fully_async/partial/total_partial_num:99.0 - fully_async/partial/partial_ratio:0.193359375 - fully_async/partial/max_partial_span:1.0 - timing_s/agent_loop/tool_calls/max:0.0 - timing_s/agent_loop/tool_calls/min:0.0 - timing_s/agent_loop/tool_calls/mean:0.0 - fully_async/total_wait_time:84.30434584617615 - actor/pg_clipfrac:0.00020620749612219717 - actor/ppo_kl:0.0006675474584719 - actor/pg_clipfrac_lower:1.6601116776867054e-06 - actor/pg_loss:0.0652005392639694 - actor/loss:0.06520053744316101 - actor/grad_norm:0.02425994537770748 - actor/lr:1e-06 - actor/perf/max_memory_allocated_gb:40.14671182632446 - actor/perf/max_memory_reserved_gb:73.09765625 - actor/perf/cpu_memory_used_gb:51.5084114074707 - perf/mfu/actor:0.32198000637567853 - dynamic_resource/train_compute_time_s:124.99876102800044 - dynamic_resource/train_allocated_time_s:220.40009760856628 - critic/score/mean:-0.58203125 - critic/score/max:1.0 - critic/score/min:-1.0 - critic/rewards/mean:-0.58203125 - critic/rewards/max:1.0 - critic/rewards/min:-1.0 - critic/advantages/mean:-0.065183125436306 - critic/advantages/max:2.474870204925537 - critic/advantages/min:-2.474870204925537 - critic/returns/mean:-0.065183125436306 - critic/returns/max:2.474870204925537 - critic/returns/min:-2.474870204925537 - response_length/mean:6001.173828125 - response_length/max:8192.0 - response_length/min:679.0 - response_length/clip_ratio:0.447265625 - response_length_non_aborted/mean:6001.173828125 - response_length_non_aborted/max:8192.0 - response_length_non_aborted/min:679.0 - response_length_non_aborted/clip_ratio:0.447265625 - response/aborted_ratio:0.0 - prompt_length/mean:144.40625 - prompt_length/max:313.0 - prompt_length/min:74.0 - prompt_length/clip_ratio:0.0 - num_turns/min:2.0 - num_turns/max:2.0 - num_turns/mean:2.0 - timing_s/start_profile:5.667003279086202e-06 - timing_s/gen:84.64948513100171 - timing_s/reward:2.1242001821519807e-05 - timing_s/adv:0.009145505999185843 - timing_s/update_actor:124.98959427999944 - timing_s/timing_s/param_sync:1.0043987979988742 - timing_s/step:220.4001165410009 - timing_s/stop_profile:4.624998837243766e-06 - timing_per_token_ms/adv:2.9065305760541965e-06 - timing_per_token_ms/update_actor:0.03972290625535293 - timing_per_token_ms/gen:0.02754978115642145 - perf/total_num_tokens:3146537.0 - perf/time_per_step:220.4001165410009 - perf/throughput:7138.238058541706 - dynamic_resource/mq_size:37.0 - fully_async/trainer/idle_ratio:0.38407187101125884 - dynamic_resource/train_resource_utilization:0.5671447625672109 - dynamic_resource/rollout_resource_utilization:0.9999991175761413 - dynamic_resource/resource_utilization:0.7835719400716761
[36m(FullyAsyncTrainer pid=15032)[0m [FullyAsyncTrainer] Requesting 64 samples from queue
[36m(FullyAsyncTrainer pid=15032)[0m [FullyAsyncTrainer] sample collected 1/64. mq_len: 42
[36m(FullyAsyncTrainer pid=15032)[0m [FullyAsyncTrainer] sample collected 2/64. mq_len: 41
[36m(FullyAsyncTrainer pid=15032)[0m [FullyAsyncTrainer] sample collected 3/64. mq_len: 40
[36m(FullyAsyncTrainer pid=15032)[0m [FullyAsyncTrainer] sample collected 4/64. mq_len: 39
[36m(FullyAsyncTrainer pid=15032)[0m [FullyAsyncTrainer] sample collected 5/64. mq_len: 38
[36m(FullyAsyncTrainer pid=15032)[0m [FullyAsyncTrainer] sample collected 6/64. mq_len: 37
[36m(FullyAsyncTrainer pid=15032)[0m Training Progress:  14%|█▍        | 11/80 [43:38<4:25:34, 230.93s/it]
[36m(FullyAsyncRollouter pid=17027)[0m [FullyAsyncRollouter][RolloutResourceUtilization] raw active_count_history (timestamp, active_count, max_concurrent): [(1785037203.1854277, 15, 16), (1785037203.1855636, 16, 16), (1785037204.5000267, 15, 16), (1785037204.5000541, 16, 16), (1785037204.9904382, 15, 16), (1785037204.9904637, 16, 16), (1785037207.1173396, 15, 16), (1785037207.1173668, 16, 16), (1785037211.1613834, 15, 16), (1785037211.1614106, 16, 16), (1785037218.3591092, 15, 16), (1785037218.359164, 16, 16), (1785037224.1226554, 15, 16), (1785037224.1226804, 16, 16), (1785037232.9690363, 15, 16), (1785037232.9690933, 16, 16), (1785037233.6674652, 15, 16), (1785037233.6674933, 16, 16), (1785037235.6784115, 15, 16), (1785037235.678438, 16, 16), (1785037235.9581954, 15, 16), (1785037235.9582276, 16, 16), (1785037240.3267932, 15, 16), (1785037240.326831, 16, 16), (1785037240.7119005, 15, 16), (1785037240.711927, 16, 16), (1785037241.925112, 15, 16), (1785037241.9251382, 16, 16), (1785037245.205973, 15, 16), (1785037245.2060297, 16, 16), (1785037255.3063097, 15, 16), (1785037255.3063781, 16, 16), (1785037255.3540647, 15, 16), (1785037255.3540835, 16, 16), (1785037255.3741517, 15, 16), (1785037255.3741667, 16, 16), (1785037256.9645236, 15, 16), (1785037256.9645488, 16, 16), (1785037257.500742, 15, 16), (1785037257.500768, 16, 16), (1785037262.6016738, 15, 16), (1785037262.6017, 16, 16), (1785037263.1160998, 15, 16), (1785037263.1161313, 16, 16), (1785037264.0267258, 15, 16), (1785037264.0267518, 16, 16), (1785037264.9471722, 15, 16), (1785037264.947198, 16, 16), (1785037264.9892545, 15, 16), (1785037264.9892747, 16, 16), (1785037282.5486944, 15, 16), (1785037282.54875, 16, 16), (1785037292.0710497, 15, 16), (1785037292.0710778, 16, 16), (1785037293.130538, 15, 16), (1785037293.130594, 16, 16), (1785037295.0325627, 15, 16), (1785037295.0325892, 16, 16), (1785037300.335213, 15, 16), (1785037300.3352387, 16, 16), (1785037305.0509734, 15, 16), (1785037305.051032, 16, 16), (1785037315.6279333, 15, 16), (1785037315.6279933, 16, 16), (1785037316.3954284, 15, 16), (1785037316.395455, 16, 16), (1785037316.4732285, 15, 16), (1785037316.4732504, 16, 16), (1785037317.6046307, 15, 16), (1785037317.6046574, 16, 16), (1785037318.2225025, 15, 16), (1785037318.2225306, 16, 16), (1785037323.7870617, 15, 16), (1785037323.7870872, 16, 16), (1785037323.96796, 15, 16), (1785037323.967987, 16, 16), (1785037325.451532, 15, 16), (1785037325.4515598, 16, 16), (1785037325.7590342, 15, 16), (1785037325.7590935, 16, 16), (1785037325.9993112, 15, 16), (1785037325.9993403, 16, 16), (1785037342.3110416, 15, 16), (1785037342.3111277, 16, 16), (1785037349.7171702, 15, 16), (1785037349.7171965, 16, 16), (1785037351.2037578, 15, 16), (1785037351.2037814, 16, 16), (1785037352.135365, 15, 16), (1785037352.1353917, 16, 16), (1785037353.8057706, 15, 16), (1785037353.805851, 16, 16), (1785037358.4769115, 15, 16), (1785037358.4769397, 16, 16), (1785037361.9978342, 15, 16), (1785037361.9978623, 16, 16), (1785037362.8109183, 15, 16), (1785037362.810945, 16, 16), (1785037363.0082054, 15, 16), (1785037363.0082316, 16, 16), (1785037370.6255, 15, 16), (1785037370.6255553, 16, 16), (1785037371.3919113, 15, 16), (1785037371.3919344, 16, 16), (1785037371.415834, 15, 16), (1785037371.4158523, 16, 16), (1785037371.420016, 15, 16), (1785037371.420035, 16, 16), (1785037372.7118745, 15, 16), (1785037372.7119, 16, 16), (1785037378.6446023, 15, 16), (1785037378.6446235, 16, 16), (1785037379.3017268, 15, 16), (1785037379.3017483, 16, 16), (1785037379.8588676, 15, 16), (1785037379.8588896, 16, 16), (1785037380.4078956, 15, 16), (1785037380.4079165, 16, 16), (1785037387.304443, 15, 16), (1785037387.304493, 16, 16), (1785037390.1229177, 15, 16), (1785037390.1229393, 16, 16), (1785037394.1769733, 15, 16), (1785037394.176994, 16, 16), (1785037399.0670514, 15, 16), (1785037399.0670974, 16, 16), (1785037400.161477, 15, 16), (1785037400.1614988, 16, 16), (1785037401.0842113, 15, 16), (1785037401.0842364, 16, 16), (1785037403.7751067, 15, 16), (1785037403.7751284, 16, 16), (1785037405.1237385, 15, 16), (1785037405.1237602, 16, 16), (1785037408.1862705, 15, 16), (1785037408.1862907, 16, 16), (1785037410.2811809, 15, 16), (1785037410.2812274, 16, 16), (1785037411.193609, 15, 16), (1785037411.193631, 16, 16), (1785037439.394586, 15, 16), (1785037439.3955445, 15, 16)]
[36m(FullyAsyncRollouter pid=17027)[0m [FullyAsyncRollouter][Public][reset_staleness] reset staleness_samples to: 58 idle_ratio: 0.0000 step_generated_samples(this_step): 70 rollout_resource_utilization: 1.0000 recent_history(last 10 steps): [(3, 52), (4, 74), (5, 54), (6, 70), (7, 68), (8, 58), (9, 66), (10, 67), (11, 59), (12, 70)]
[36m(FullyAsyncTrainer pid=15032)[0m [FullyAsyncTrainer] sample collected 7/64. mq_len: 36
[36m(FullyAsyncTrainer pid=15032)[0m [FullyAsyncTrainer] sample collected 8/64. mq_len: 35
[36m(FullyAsyncTrainer pid=15032)[0m [FullyAsyncTrainer] sample collected 9/64. mq_len: 34
[36m(FullyAsyncTrainer pid=15032)[0m [FullyAsyncTrainer] sample collected 10/64. mq_len: 33
[36m(FullyAsyncTrainer pid=15032)[0m [FullyAsyncTrainer] sample collected 11/64. mq_len: 32
[36m(FullyAsyncTrainer pid=15032)[0m [FullyAsyncTrainer] sample collected 12/64. mq_len: 31
[36m(FullyAsyncTrainer pid=15032)[0m [FullyAsyncTrainer] sample collected 13/64. mq_len: 30
[36m(FullyAsyncTrainer pid=15032)[0m [FullyAsyncTrainer] sample collected 14/64. mq_len: 29
[36m(FullyAsyncTrainer pid=15032)[0m [FullyAsyncTrainer] sample collected 15/64. mq_len: 28
[36m(FullyAsyncTrainer pid=15032)[0m [FullyAsyncTrainer] sample collected 16/64. mq_len: 27
[36m(FullyAsyncTrainer pid=15032)[0m [FullyAsyncTrainer] sample collected 17/64. mq_len: 26
[36m(FullyAsyncTrainer pid=15032)[0m [FullyAsyncTrainer] sample collected 18/64. mq_len: 25
[36m(FullyAsyncTrainer pid=15032)[0m [FullyAsyncTrainer] sample collected 19/64. mq_len: 24
[36m(FullyAsyncTrainer pid=15032)[0m [FullyAsyncTrainer] sample collected 20/64. mq_len: 23
[36m(FullyAsyncTrainer pid=15032)[0m [FullyAsyncTrainer] sample collected 21/64. mq_len: 22
[36m(FullyAsyncTrainer pid=15032)[0m [FullyAsyncTrainer] sample collected 22/64. mq_len: 21
[36m(FullyAsyncTrainer pid=15032)[0m [FullyAsyncTrainer] sample collected 23/64. mq_len: 20
[36m(FullyAsyncTrainer pid=15032)[0m [FullyAsyncTrainer] sample collected 24/64. mq_len: 19
[36m(FullyAsyncTrainer pid=15032)[0m [FullyAsyncTrainer] sample collected 25/64. mq_len: 18
[36m(FullyAsyncTrainer pid=15032)[0m [FullyAsyncTrainer] sample collected 26/64. mq_len: 17
[36m(FullyAsyncTrainer pid=15032)[0m [FullyAsyncTrainer] sample collected 27/64. mq_len: 16
[36m(FullyAsyncTrainer pid=15032)[0m [FullyAsyncTrainer] sample collected 28/64. mq_len: 15
[36m(FullyAsyncTrainer pid=15032)[0m [FullyAsyncTrainer] sample collected 29/64. mq_len: 14
[36m(FullyAsyncTrainer pid=15032)[0m [FullyAsyncTrainer] sample collected 30/64. mq_len: 13
[36m(FullyAsyncTrainer pid=15032)[0m [FullyAsyncTrainer] sample collected 31/64. mq_len: 12
[36m(FullyAsyncTrainer pid=15032)[0m [FullyAsyncTrainer] sample collected 32/64. mq_len: 11
[36m(FullyAsyncTrainer pid=15032)[0m [FullyAsyncTrainer] sample collected 33/64. mq_len: 10
[36m(FullyAsyncTrainer pid=15032)[0m [FullyAsyncTrainer] sample collected 34/64. mq_len: 9
[36m(FullyAsyncTrainer pid=15032)[0m [FullyAsyncTrainer] sample collected 35/64. mq_len: 8
[36m(FullyAsyncTrainer pid=15032)[0m [FullyAsyncTrainer] sample collected 36/64. mq_len: 7
[36m(FullyAsyncTrainer pid=15032)[0m [FullyAsyncTrainer] sample collected 37/64. mq_len: 6
[36m(FullyAsyncTrainer pid=15032)[0m [FullyAsyncTrainer] sample collected 38/64. mq_len: 5
[36m(FullyAsyncTrainer pid=15032)[0m [FullyAsyncTrainer] sample collected 39/64. mq_len: 4
[36m(FullyAsyncTrainer pid=15032)[0m [FullyAsyncTrainer] sample collected 40/64. mq_len: 3
[36m(FullyAsyncTrainer pid=15032)[0m [FullyAsyncTrainer] sample collected 41/64. mq_len: 2
[36m(FullyAsyncTrainer pid=15032)[0m [FullyAsyncTrainer] sample collected 42/64. mq_len: 1
[36m(FullyAsyncTrainer pid=15032)[0m [FullyAsyncTrainer] sample collected 43/64. mq_len: 0
[36m(FullyAsyncTrainer pid=15032)[0m [FullyAsyncTrainer] sample collected 44/64. mq_len: 0
[36m(FullyAsyncTrainer pid=15032)[0m [FullyAsyncTrainer] sample collected 45/64. mq_len: 0
[36m(FullyAsyncTrainer pid=15032)[0m [FullyAsyncTrainer] sample collected 46/64. mq_len: 0
[36m(FullyAsyncTrainer pid=15032)[0m [FullyAsyncTrainer] sample collected 47/64. mq_len: 0
[36m(FullyAsyncRollouter pid=17027)[0m [FullyAsyncRollouter][MonitorLoop][Statistics] {'count/dropped_stale_samples': 0,
[36m(FullyAsyncRollouter pid=17027)[0m  'count/staleness_samples': 63,
[36m(FullyAsyncRollouter pid=17027)[0m  'count/total_generated_samples': 751,
[36m(FullyAsyncRollouter pid=17027)[0m  'monitor/active_tasks_size': 16,
[36m(FullyAsyncRollouter pid=17027)[0m  'monitor/queue/mq_queue_size': 0,
[36m(FullyAsyncRollouter pid=17027)[0m  'monitor/queue/pending_queue_size': 128,
[36m(FullyAsyncRollouter pid=17027)[0m  'static/max_concurrent_samples': 16,
[36m(FullyAsyncRollouter pid=17027)[0m  'static/max_queue_size': 640064,
[36m(FullyAsyncRollouter pid=17027)[0m  'static/max_required_samples': 640064,
[36m(FullyAsyncRollouter pid=17027)[0m  'static/required_samples': 64,
[36m(FullyAsyncRollouter pid=17027)[0m  'static/staleness_threshold': 10000}
[36m(FullyAsyncTrainer pid=15032)[0m [FullyAsyncTrainer] sample collected 48/64. mq_len: 0
[36m(FullyAsyncTrainer pid=15032)[0m [FullyAsyncTrainer] sample collected 49/64. mq_len: 0
[36m(FullyAsyncTrainer pid=15032)[0m [FullyAsyncTrainer] sample collected 50/64. mq_len: 0
[36m(FullyAsyncTrainer pid=15032)[0m [FullyAsyncTrainer] sample collected 51/64. mq_len: 0
[36m(FullyAsyncTrainer pid=15032)[0m [FullyAsyncTrainer] sample collected 52/64. mq_len: 0
[36m(FullyAsyncTrainer pid=15032)[0m [FullyAsyncTrainer] sample collected 53/64. mq_len: 0
[36m(FullyAsyncTrainer pid=15032)[0m [FullyAsyncTrainer] sample collected 54/64. mq_len: 0
[36m(FullyAsyncTrainer pid=15032)[0m [FullyAsyncTrainer] sample collected 55/64. mq_len: 0
[36m(FullyAsyncTrainer pid=15032)[0m [FullyAsyncTrainer] sample collected 56/64. mq_len: 0
[36m(FullyAsyncTrainer pid=15032)[0m [FullyAsyncTrainer] sample collected 57/64. mq_len: 0
[36m(FullyAsyncTrainer pid=15032)[0m [FullyAsyncTrainer] sample collected 58/64. mq_len: 0
[36m(FullyAsyncTrainer pid=15032)[0m [FullyAsyncTrainer] sample collected 59/64. mq_len: 0
[36m(FullyAsyncTrainer pid=15032)[0m [FullyAsyncTrainer] sample collected 60/64. mq_len: 0
[36m(FullyAsyncTrainer pid=15032)[0m [FullyAsyncTrainer] sample collected 61/64. mq_len: 0
[36m(FullyAsyncTrainer pid=15032)[0m [FullyAsyncTrainer] sample collected 62/64. mq_len: 0
[36m(FullyAsyncTrainer pid=15032)[0m [FullyAsyncTrainer] sample collected 63/64. mq_len: 0
[36m(FullyAsyncTrainer pid=15032)[0m [FullyAsyncTrainer] sample collected 64/64. mq_len: 0
[36m(FullyAsyncTrainer pid=15032)[0m [FullyAsyncTrainer] Collected 64/64 samples. mq_len: 0
[36m(FullyAsyncTrainer pid=15032)[0m [FullyAsyncTrainer] Loop collection completed: 64/64 samples, total wait time: 60.53 seconds. mq_len: 0
[36m(FullyAsyncTrainer pid=15032)[0m [BatchUtils] Assembling batch from 64 RolloutSample objects
[36m(FullyAsyncTrainer pid=15032)[0m [BatchUtils] Batch assembly completed in 0.24s
[36m(FullyAsyncRollouter pid=17027)[0m [FullyAsyncRollouter][MonitorLoop][Statistics] {'count/dropped_stale_samples': 0,
[36m(FullyAsyncRollouter pid=17027)[0m  'count/staleness_samples': 87,
[36m(FullyAsyncRollouter pid=17027)[0m  'count/total_generated_samples': 775,
[36m(FullyAsyncRollouter pid=17027)[0m  'monitor/active_tasks_size': 16,
[36m(FullyAsyncRollouter pid=17027)[0m  'monitor/queue/mq_queue_size': 7,
[36m(FullyAsyncRollouter pid=17027)[0m  'monitor/queue/pending_queue_size': 128,
[36m(FullyAsyncRollouter pid=17027)[0m  'static/max_concurrent_samples': 16,
[36m(FullyAsyncRollouter pid=17027)[0m  'static/max_queue_size': 640064,
[36m(FullyAsyncRollouter pid=17027)[0m  'static/max_required_samples': 640064,
[36m(FullyAsyncRollouter pid=17027)[0m  'static/required_samples': 64,
[36m(FullyAsyncRollouter pid=17027)[0m  'static/staleness_threshold': 10000}
[36m(FullyAsyncRollouter pid=17027)[0m [FullyAsyncRollouter][MonitorLoop][Statistics] {'count/dropped_stale_samples': 0,
[36m(FullyAsyncRollouter pid=17027)[0m  'count/staleness_samples': 105,
[36m(FullyAsyncRollouter pid=17027)[0m  'count/total_generated_samples': 793,
[36m(FullyAsyncRollouter pid=17027)[0m  'monitor/active_tasks_size': 16,
[36m(FullyAsyncRollouter pid=17027)[0m  'monitor/queue/mq_queue_size': 25,
[36m(FullyAsyncRollouter pid=17027)[0m  'monitor/queue/pending_queue_size': 128,
[36m(FullyAsyncRollouter pid=17027)[0m  'static/max_concurrent_samples': 16,
[36m(FullyAsyncRollouter pid=17027)[0m  'static/max_queue_size': 640064,
[36m(FullyAsyncRollouter pid=17027)[0m  'static/max_required_samples': 640064,
[36m(FullyAsyncRollouter pid=17027)[0m  'static/required_samples': 64,
[36m(FullyAsyncRollouter pid=17027)[0m  'static/staleness_threshold': 10000}
[36m(MessageQueue pid=23826)[0m MessageQueue stats: produced=800, queue_size=32
[36m(FullyAsyncTrainer pid=15032)[0m [FullyAsyncTrainer] global_steps: 12 local_trigger_step: 1 trigger_parameter_sync_step: 1 03:47:01.943
[36m(vLLMHttpServer pid=19201)[0m (Worker pid=20570) WARNING 07-26 03:47:03 [layerwise.py:225] RotaryEmbedding: Failed to load weights
[36m(vLLMHttpServer pid=19201)[0m (EngineCore pid=20179) WARNING 07-26 03:47:03 [scheduler.py:1919] reset_connector called but no KV connector is configured.
[36m(FullyAsyncTrainer pid=15032)[0m [FullyAsyncTrainer] _fit_update_weights, timing_s/param_sync: 1.0973 seconds self.current_param_version: 12
[36m(FullyAsyncTrainer pid=15032)[0m step:12 - fully_async/rollouter/active_time:188.05434155464172 - fully_async/rollouter/version_time:188.05434155464172 - fully_async/rollouter/idle_ratio:0 - fully_async/rollouter/step_generated_samples:58 - dynamic_resource/rollout_resource_utilization:0.9999990579327006
[36m(FullyAsyncTrainer pid=15032)[0m aggregated metrics done. cost 0.0002 seconds.
[36m(FullyAsyncTrainer pid=15032)[0m step:12 - training/global_step:11.0 - training/epoch:0.0 - fully_async/count/stale_trajectory_processed:3299.0 - fully_async/count/current_param_version:10.0 - fully_async/processing_time/avg:44.651177297003876 - fully_async/processing_time/max:73.24010389599789 - fully_async/processing_time/min:2.946133577999717 - fully_async/processing_time/tp50:56.39629003399932 - fully_async/processing_time/tp99:73.16951736656901 - fully_async/processing_time/tp95:72.2663674866988 - fully_async/monitor/active_tasks_size:16.0 - fully_async/monitor/queue/pending_queue_size:128.0 - fully_async/monitor/queue/mq_queue_size:0.0 - fully_async/count/total_generated_samples:640.0 - fully_async/count/staleness_samples:80.0 - fully_async/count/dropped_stale_samples:0.0 - fully_async/static/max_required_samples:640064.0 - fully_async/static/required_samples:64.0 - fully_async/static/staleness_threshold:10000.0 - fully_async/static/max_queue_size:640064.0 - fully_async/static/max_concurrent_samples:16.0 - fully_async/partial/total_partial_num:102.0 - fully_async/partial/partial_ratio:0.19921875 - fully_async/partial/max_partial_span:1.0 - timing_s/agent_loop/tool_calls/max:0.0 - timing_s/agent_loop/tool_calls/min:0.0 - timing_s/agent_loop/tool_calls/mean:0.0 - fully_async/total_wait_time:89.90396642684937 - actor/pg_clipfrac:0.0002246437887527189 - actor/ppo_kl:0.0006553179417002707 - actor/pg_clipfrac_lower:9.93438983901537e-07 - actor/pg_loss:0.04206448962941067 - actor/loss:0.04206448793411255 - actor/grad_norm:0.025796547532081604 - actor/lr:1e-06 - actor/perf/max_memory_allocated_gb:40.14671182632446 - actor/perf/max_memory_reserved_gb:73.130859375 - actor/perf/cpu_memory_used_gb:51.84389877319336 - perf/mfu/actor:0.3247140929196889 - dynamic_resource/train_compute_time_s:121.72515643899897 - dynamic_resource/train_allocated_time_s:236.16469979286194 - critic/score/mean:-0.52734375 - critic/score/max:1.0 - critic/score/min:-1.0 - critic/rewards/mean:-0.52734375 - critic/rewards/max:1.0 - critic/rewards/min:-1.0 - critic/advantages/mean:-0.042051851749420166 - critic/advantages/max:2.474870204925537 - critic/advantages/min:-2.474870204925537 - critic/returns/mean:-0.042051851749420166 - critic/returns/max:2.474870204925537 - critic/returns/min:-2.474870204925537 - response_length/mean:5881.46484375 - response_length/max:8192.0 - response_length/min:488.0 - response_length/clip_ratio:0.46875 - response_length_non_aborted/mean:5881.46484375 - response_length_non_aborted/max:8192.0 - response_length_non_aborted/min:488.0 - response_length_non_aborted/clip_ratio:0.46875 - response/aborted_ratio:0.0 - prompt_length/mean:140.9375 - prompt_length/max:255.0 - prompt_length/min:76.0 - prompt_length/clip_ratio:0.0 - num_turns/min:2.0 - num_turns/max:2.0 - num_turns/mean:2.0 - timing_s/start_profile:8.164999599102885e-06 - timing_s/gen:90.2646044030007 - timing_s/reward:1.9756000256165862e-05 - timing_s/adv:0.009811259998969035 - timing_s/update_actor:121.71532542299974 - timing_s/timing_s/param_sync:1.0865518399987195 - timing_s/step:236.1647210969968 - timing_s/stop_profile:5.10199970449321e-06 - timing_per_token_ms/adv:3.181889234845494e-06 - timing_per_token_ms/update_actor:0.03947349104191049 - timing_per_token_ms/gen:0.029975194982582564 - perf/total_num_tokens:3083470.0 - perf/time_per_step:236.1647210969968 - perf/throughput:6528.218917874629 - dynamic_resource/mq_size:43.0 - fully_async/trainer/idle_ratio:0.38221036564528843 - dynamic_resource/train_resource_utilization:0.5154248562370374 - dynamic_resource/rollout_resource_utilization:0.9999990579327006 - dynamic_resource/resource_utilization:0.7577119570848689
[36m(FullyAsyncTrainer pid=15032)[0m [FullyAsyncTrainer] Requesting 64 samples from queue
[36m(FullyAsyncTrainer pid=15032)[0m [FullyAsyncTrainer] sample collected 1/64. mq_len: 36
[36m(FullyAsyncTrainer pid=15032)[0m [FullyAsyncTrainer] sample collected 2/64. mq_len: 35
[36m(FullyAsyncTrainer pid=15032)[0m [FullyAsyncTrainer] sample collected 3/64. mq_len: 34
[36m(FullyAsyncTrainer pid=15032)[0m [FullyAsyncTrainer] sample collected 4/64. mq_len: 33
[36m(FullyAsyncTrainer pid=15032)[0m [FullyAsyncTrainer] sample collected 5/64. mq_len: 32
[36m(FullyAsyncTrainer pid=15032)[0m Training Progress:  15%|█▌        | 12/80 [46:46<4:06:56, 217.89s/it]
[36m(FullyAsyncRollouter pid=17027)[0m [FullyAsyncRollouter][RolloutResourceUtilization] raw active_count_history (timestamp, active_count, max_concurrent): [(1785037439.3958542, 15, 16), (1785037439.395978, 16, 16), (1785037449.9857082, 15, 16), (1785037449.9857576, 16, 16), (1785037450.8821692, 15, 16), (1785037450.8821902, 16, 16), (1785037451.971268, 15, 16), (1785037451.9712892, 16, 16), (1785037452.8798835, 15, 16), (1785037452.8799126, 16, 16), (1785037463.0973682, 15, 16), (1785037463.0974255, 16, 16), (1785037467.210915, 15, 16), (1785037467.2109418, 16, 16), (1785037472.1941838, 15, 16), (1785037472.1942167, 16, 16), (1785037472.396006, 15, 16), (1785037472.3960392, 16, 16), (1785037478.312217, 15, 16), (1785037478.3122804, 16, 16), (1785037479.5846236, 15, 16), (1785037479.5846503, 16, 16), (1785037479.6905127, 15, 16), (1785037479.6905317, 16, 16), (1785037482.94216, 15, 16), (1785037482.9421816, 16, 16), (1785037482.9482734, 15, 16), (1785037482.9482887, 16, 16), (1785037482.963353, 15, 16), (1785037482.963369, 16, 16), (1785037482.9659257, 15, 16), (1785037482.9659407, 16, 16), (1785037483.030934, 15, 16), (1785037483.030953, 16, 16), (1785037483.0341156, 15, 16), (1785037483.0341306, 16, 16), (1785037486.8133152, 15, 16), (1785037486.8133357, 16, 16), (1785037493.716504, 15, 16), (1785037493.7165494, 16, 16), (1785037495.8708718, 15, 16), (1785037495.8708918, 16, 16), (1785037499.960607, 15, 16), (1785037499.9606276, 16, 16), (1785037503.5600536, 15, 16), (1785037503.5600753, 16, 16), (1785037503.5833268, 15, 16), (1785037503.583344, 16, 16), (1785037504.3785274, 15, 16), (1785037504.378574, 16, 16), (1785037508.628873, 15, 16), (1785037508.6288931, 16, 16), (1785037515.0840695, 15, 16), (1785037515.084116, 16, 16), (1785037523.174507, 15, 16), (1785037523.1745272, 16, 16), (1785037524.9472654, 15, 16), (1785037524.9472938, 16, 16), (1785037530.2220998, 15, 16), (1785037530.2221463, 16, 16), (1785037530.9596798, 15, 16), (1785037530.9597008, 16, 16), (1785037532.2554653, 15, 16), (1785037532.2554862, 16, 16), (1785037536.8235552, 15, 16), (1785037536.8235776, 16, 16), (1785037536.8944576, 15, 16), (1785037536.8944778, 16, 16), (1785037537.1555185, 15, 16), (1785037537.155538, 16, 16), (1785037541.877445, 15, 16), (1785037541.8774912, 16, 16), (1785037542.0074637, 15, 16), (1785037542.0074832, 16, 16), (1785037551.6300027, 15, 16), (1785037551.6300251, 16, 16), (1785037554.6897907, 15, 16), (1785037554.6898496, 16, 16), (1785037560.4477396, 15, 16), (1785037560.447759, 16, 16), (1785037560.7162554, 15, 16), (1785037560.7162764, 16, 16), (1785037565.451578, 15, 16), (1785037565.4516249, 16, 16), (1785037566.1639595, 15, 16), (1785037566.163982, 16, 16), (1785037577.9051867, 15, 16), (1785037577.9052317, 16, 16), (1785037585.7458186, 15, 16), (1785037585.7458408, 16, 16), (1785037587.4913733, 15, 16), (1785037587.491393, 16, 16), (1785037587.871089, 15, 16), (1785037587.8711116, 16, 16), (1785037593.28476, 15, 16), (1785037593.2848182, 16, 16), (1785037594.923255, 15, 16), (1785037594.9232783, 16, 16), (1785037600.218265, 15, 16), (1785037600.2182856, 16, 16), (1785037600.3059542, 15, 16), (1785037600.3059738, 16, 16), (1785037603.3953197, 15, 16), (1785037603.3953655, 16, 16), (1785037605.8778207, 15, 16), (1785037605.877843, 16, 16), (1785037605.960578, 15, 16), (1785037605.9605975, 16, 16), (1785037613.5537746, 15, 16), (1785037613.553838, 16, 16), (1785037615.0379653, 15, 16), (1785037615.0379863, 16, 16), (1785037616.2251315, 15, 16), (1785037616.2251525, 16, 16), (1785037621.102294, 15, 16), (1785037621.1023152, 16, 16), (1785037627.4491897, 15, 16), (1785037627.4502592, 15, 16)]
[36m(FullyAsyncRollouter pid=17027)[0m [FullyAsyncRollouter][Public][reset_staleness] reset staleness_samples to: 52 idle_ratio: 0.0000 step_generated_samples(this_step): 58 rollout_resource_utilization: 1.0000 recent_history(last 10 steps): [(4, 74), (5, 54), (6, 70), (7, 68), (8, 58), (9, 66), (10, 67), (11, 59), (12, 70), (13, 58)]
[36m(FullyAsyncTrainer pid=15032)[0m [FullyAsyncTrainer] sample collected 6/64. mq_len: 31
[36m(FullyAsyncTrainer pid=15032)[0m [FullyAsyncTrainer] sample collected 7/64. mq_len: 30
[36m(FullyAsyncTrainer pid=15032)[0m [FullyAsyncTrainer] sample collected 8/64. mq_len: 29
[36m(FullyAsyncTrainer pid=15032)[0m [FullyAsyncTrainer] sample collected 9/64. mq_len: 28
[36m(FullyAsyncTrainer pid=15032)[0m [FullyAsyncTrainer] sample collected 10/64. mq_len: 27
[36m(FullyAsyncTrainer pid=15032)[0m [FullyAsyncTrainer] sample collected 11/64. mq_len: 26
[36m(FullyAsyncTrainer pid=15032)[0m [FullyAsyncTrainer] sample collected 12/64. mq_len: 25
[36m(FullyAsyncTrainer pid=15032)[0m [FullyAsyncTrainer] sample collected 13/64. mq_len: 24
[36m(FullyAsyncTrainer pid=15032)[0m [FullyAsyncTrainer] sample collected 14/64. mq_len: 23
[36m(FullyAsyncTrainer pid=15032)[0m [FullyAsyncTrainer] sample collected 15/64. mq_len: 22
[36m(FullyAsyncTrainer pid=15032)[0m [FullyAsyncTrainer] sample collected 16/64. mq_len: 21
[36m(FullyAsyncTrainer pid=15032)[0m [FullyAsyncTrainer] sample collected 17/64. mq_len: 20
[36m(FullyAsyncTrainer pid=15032)[0m [FullyAsyncTrainer] sample collected 18/64. mq_len: 19
[36m(FullyAsyncTrainer pid=15032)[0m [FullyAsyncTrainer] sample collected 19/64. mq_len: 18
[36m(FullyAsyncTrainer pid=15032)[0m [FullyAsyncTrainer] sample collected 20/64. mq_len: 17
[36m(FullyAsyncTrainer pid=15032)[0m [FullyAsyncTrainer] sample collected 21/64. mq_len: 16
[36m(FullyAsyncTrainer pid=15032)[0m [FullyAsyncTrainer] sample collected 22/64. mq_len: 15
[36m(FullyAsyncTrainer pid=15032)[0m [FullyAsyncTrainer] sample collected 23/64. mq_len: 14
[36m(FullyAsyncTrainer pid=15032)[0m [FullyAsyncTrainer] sample collected 24/64. mq_len: 13
[36m(FullyAsyncTrainer pid=15032)[0m [FullyAsyncTrainer] sample collected 25/64. mq_len: 12
[36m(FullyAsyncTrainer pid=15032)[0m [FullyAsyncTrainer] sample collected 26/64. mq_len: 11
[36m(FullyAsyncTrainer pid=15032)[0m [FullyAsyncTrainer] sample collected 27/64. mq_len: 10
[36m(FullyAsyncTrainer pid=15032)[0m [FullyAsyncTrainer] sample collected 28/64. mq_len: 9
[36m(FullyAsyncTrainer pid=15032)[0m [FullyAsyncTrainer] sample collected 29/64. mq_len: 8
[36m(FullyAsyncTrainer pid=15032)[0m [FullyAsyncTrainer] sample collected 30/64. mq_len: 7
[36m(FullyAsyncTrainer pid=15032)[0m [FullyAsyncTrainer] sample collected 31/64. mq_len: 6
[36m(FullyAsyncTrainer pid=15032)[0m [FullyAsyncTrainer] sample collected 32/64. mq_len: 5
[36m(FullyAsyncTrainer pid=15032)[0m [FullyAsyncTrainer] sample collected 33/64. mq_len: 4
[36m(FullyAsyncTrainer pid=15032)[0m [FullyAsyncTrainer] sample collected 34/64. mq_len: 3
[36m(FullyAsyncTrainer pid=15032)[0m [FullyAsyncTrainer] sample collected 35/64. mq_len: 2
[36m(FullyAsyncTrainer pid=15032)[0m [FullyAsyncTrainer] sample collected 36/64. mq_len: 1
[36m(FullyAsyncTrainer pid=15032)[0m [FullyAsyncTrainer] sample collected 37/64. mq_len: 0
[36m(FullyAsyncTrainer pid=15032)[0m [FullyAsyncTrainer] sample collected 38/64. mq_len: 0
[36m(FullyAsyncTrainer pid=15032)[0m [FullyAsyncTrainer] sample collected 39/64. mq_len: 0
[36m(FullyAsyncTrainer pid=15032)[0m [FullyAsyncTrainer] sample collected 40/64. mq_len: 0
[36m(FullyAsyncRollouter pid=17027)[0m [FullyAsyncRollouter][MonitorLoop][Statistics] {'count/dropped_stale_samples': 0,
[36m(FullyAsyncRollouter pid=17027)[0m  'count/staleness_samples': 56,
[36m(FullyAsyncRollouter pid=17027)[0m  'count/total_generated_samples': 808,
[36m(FullyAsyncRollouter pid=17027)[0m  'monitor/active_tasks_size': 16,
[36m(FullyAsyncRollouter pid=17027)[0m  'monitor/queue/mq_queue_size': 0,
[36m(FullyAsyncRollouter pid=17027)[0m  'monitor/queue/pending_queue_size': 128,
[36m(FullyAsyncRollouter pid=17027)[0m  'static/max_concurrent_samples': 16,
[36m(FullyAsyncRollouter pid=17027)[0m  'static/max_queue_size': 640064,
[36m(FullyAsyncRollouter pid=17027)[0m  'static/max_required_samples': 640064,
[36m(FullyAsyncRollouter pid=17027)[0m  'static/required_samples': 64,
[36m(FullyAsyncRollouter pid=17027)[0m  'static/staleness_threshold': 10000}
[36m(FullyAsyncTrainer pid=15032)[0m [FullyAsyncTrainer] sample collected 41/64. mq_len: 0
[36m(FullyAsyncTrainer pid=15032)[0m [FullyAsyncTrainer] sample collected 42/64. mq_len: 0
[36m(FullyAsyncTrainer pid=15032)[0m [FullyAsyncTrainer] sample collected 43/64. mq_len: 0
[36m(FullyAsyncTrainer pid=15032)[0m [FullyAsyncTrainer] sample collected 44/64. mq_len: 0
[36m(FullyAsyncTrainer pid=15032)[0m [FullyAsyncTrainer] sample collected 45/64. mq_len: 0
[36m(FullyAsyncTrainer pid=15032)[0m [FullyAsyncTrainer] sample collected 46/64. mq_len: 0
[36m(FullyAsyncTrainer pid=15032)[0m [FullyAsyncTrainer] sample collected 47/64. mq_len: 0
[36m(FullyAsyncTrainer pid=15032)[0m [FullyAsyncTrainer] sample collected 48/64. mq_len: 0
[36m(FullyAsyncTrainer pid=15032)[0m [FullyAsyncTrainer] sample collected 49/64. mq_len: 0
[36m(FullyAsyncTrainer pid=15032)[0m [FullyAsyncTrainer] sample collected 50/64. mq_len: 0
[36m(FullyAsyncTrainer pid=15032)[0m [FullyAsyncTrainer] sample collected 51/64. mq_len: 0
[36m(FullyAsyncTrainer pid=15032)[0m [FullyAsyncTrainer] sample collected 52/64. mq_len: 0
[36m(FullyAsyncTrainer pid=15032)[0m [FullyAsyncTrainer] sample collected 53/64. mq_len: 0
[36m(FullyAsyncTrainer pid=15032)[0m [FullyAsyncTrainer] sample collected 54/64. mq_len: 0
[36m(FullyAsyncTrainer pid=15032)[0m [FullyAsyncTrainer] sample collected 55/64. mq_len: 0
[36m(FullyAsyncTrainer pid=15032)[0m [FullyAsyncTrainer] sample collected 56/64. mq_len: 0
[36m(FullyAsyncTrainer pid=15032)[0m [FullyAsyncTrainer] sample collected 57/64. mq_len: 0
[36m(FullyAsyncRollouter pid=17027)[0m [FullyAsyncRollouter][MonitorLoop][Statistics] {'count/dropped_stale_samples': 0,
[36m(FullyAsyncRollouter pid=17027)[0m  'count/staleness_samples': 73,
[36m(FullyAsyncRollouter pid=17027)[0m  'count/total_generated_samples': 825,
[36m(FullyAsyncRollouter pid=17027)[0m  'monitor/active_tasks_size': 16,
[36m(FullyAsyncRollouter pid=17027)[0m  'monitor/queue/mq_queue_size': 0,
[36m(FullyAsyncRollouter pid=17027)[0m  'monitor/queue/pending_queue_size': 128,
[36m(FullyAsyncRollouter pid=17027)[0m  'static/max_concurrent_samples': 16,
[36m(FullyAsyncRollouter pid=17027)[0m  'static/max_queue_size': 640064,
[36m(FullyAsyncRollouter pid=17027)[0m  'static/max_required_samples': 640064,
[36m(FullyAsyncRollouter pid=17027)[0m  'static/required_samples': 64,
[36m(FullyAsyncRollouter pid=17027)[0m  'static/staleness_threshold': 10000}
[36m(FullyAsyncTrainer pid=15032)[0m [FullyAsyncTrainer] sample collected 58/64. mq_len: 0
[36m(FullyAsyncTrainer pid=15032)[0m [FullyAsyncTrainer] sample collected 59/64. mq_len: 0
[36m(FullyAsyncTrainer pid=15032)[0m [FullyAsyncTrainer] sample collected 60/64. mq_len: 0
[36m(FullyAsyncTrainer pid=15032)[0m [FullyAsyncTrainer] sample collected 61/64. mq_len: 0
[36m(FullyAsyncTrainer pid=15032)[0m [FullyAsyncTrainer] sample collected 62/64. mq_len: 0
[36m(FullyAsyncTrainer pid=15032)[0m [FullyAsyncTrainer] sample collected 63/64. mq_len: 0
[36m(FullyAsyncTrainer pid=15032)[0m [FullyAsyncTrainer] sample collected 64/64. mq_len: 0
[36m(FullyAsyncTrainer pid=15032)[0m [FullyAsyncTrainer] Collected 64/64 samples. mq_len: 0
[36m(FullyAsyncTrainer pid=15032)[0m [FullyAsyncTrainer] Loop collection completed: 64/64 samples, total wait time: 114.34 seconds. mq_len: 0
[36m(FullyAsyncTrainer pid=15032)[0m [BatchUtils] Assembling batch from 64 RolloutSample objects
[36m(FullyAsyncTrainer pid=15032)[0m [BatchUtils] Batch assembly completed in 0.25s
[36m(FullyAsyncRollouter pid=17027)[0m [FullyAsyncRollouter][MonitorLoop][Statistics] {'count/dropped_stale_samples': 0,
[36m(FullyAsyncRollouter pid=17027)[0m  'count/staleness_samples': 90,
[36m(FullyAsyncRollouter pid=17027)[0m  'count/total_generated_samples': 842,
[36m(FullyAsyncRollouter pid=17027)[0m  'monitor/active_tasks_size': 16,
[36m(FullyAsyncRollouter pid=17027)[0m  'monitor/queue/mq_queue_size': 10,
[36m(FullyAsyncRollouter pid=17027)[0m  'monitor/queue/pending_queue_size': 128,
[36m(FullyAsyncRollouter pid=17027)[0m  'static/max_concurrent_samples': 16,
[36m(FullyAsyncRollouter pid=17027)[0m  'static/max_queue_size': 640064,
[36m(FullyAsyncRollouter pid=17027)[0m  'static/max_required_samples': 640064,
[36m(FullyAsyncRollouter pid=17027)[0m  'static/required_samples': 64,
[36m(FullyAsyncRollouter pid=17027)[0m  'static/staleness_threshold': 10000}
[36m(FullyAsyncRollouter pid=17027)[0m [FullyAsyncRollouter][MonitorLoop][Statistics] {'count/dropped_stale_samples': 0,
[36m(FullyAsyncRollouter pid=17027)[0m  'count/staleness_samples': 109,
[36m(FullyAsyncRollouter pid=17027)[0m  'count/total_generated_samples': 861,
[36m(FullyAsyncRollouter pid=17027)[0m  'monitor/active_tasks_size': 16,
[36m(FullyAsyncRollouter pid=17027)[0m  'monitor/queue/mq_queue_size': 29,
[36m(FullyAsyncRollouter pid=17027)[0m  'monitor/queue/pending_queue_size': 128,
[36m(FullyAsyncRollouter pid=17027)[0m  'static/max_concurrent_samples': 16,
[36m(FullyAsyncRollouter pid=17027)[0m  'static/max_queue_size': 640064,
[36m(FullyAsyncRollouter pid=17027)[0m  'static/max_required_samples': 640064,
[36m(FullyAsyncRollouter pid=17027)[0m  'static/required_samples': 64,
[36m(FullyAsyncRollouter pid=17027)[0m  'static/staleness_threshold': 10000}
[36m(FullyAsyncTrainer pid=15032)[0m [FullyAsyncTrainer] global_steps: 13 local_trigger_step: 1 trigger_parameter_sync_step: 1 03:51:13.733
[36m(vLLMHttpServer pid=19201)[0m (Worker pid=20570) WARNING 07-26 03:51:14 [layerwise.py:225] RotaryEmbedding: Failed to load weights
[36m(vLLMHttpServer pid=19201)[0m (EngineCore pid=20179) WARNING 07-26 03:51:14 [scheduler.py:1919] reset_connector called but no KV connector is configured.
[36m(FullyAsyncTrainer pid=15032)[0m [FullyAsyncTrainer] _fit_update_weights, timing_s/param_sync: 1.0439 seconds self.current_param_version: 13
[36m(FullyAsyncTrainer pid=15032)[0m step:13 - fully_async/rollouter/active_time:248.81425642967224 - fully_async/rollouter/version_time:248.81425642967224 - fully_async/rollouter/idle_ratio:0 - fully_async/rollouter/step_generated_samples:70 - dynamic_resource/rollout_resource_utilization:0.9999992200098056
[36m(FullyAsyncRollouter pid=17027)[0m [FullyAsyncRollouter][RolloutResourceUtilization] raw active_count_history (timestamp, active_count, max_concurrent): [(1785037627.4505343, 15, 16), (1785037627.4506521, 16, 16), (1785037641.2476432, 15, 16), (1785037641.2476926, 16, 16), (1785037644.4184647, 15, 16), (1785037644.418486, 16, 16), (1785037644.5672238, 15, 16), (1785037644.5672462, 16, 16), (1785037656.4520125, 15, 16), (1785037656.4520652, 16, 16), (1785037658.2325256, 15, 16), (1785037658.2325456, 16, 16), (1785037658.263179, 15, 16), (1785037658.2631962, 16, 16), (1785037668.7766705, 15, 16), (1785037668.7767186, 16, 16), (1785037670.8505683, 15, 16), (1785037670.8505902, 16, 16), (1785037674.6417403, 15, 16), (1785037674.6417596, 16, 16), (1785037682.377719, 15, 16), (1785037682.3777647, 16, 16), (1785037689.4001932, 15, 16), (1785037689.4002144, 16, 16), (1785037689.4030724, 15, 16), (1785037689.4030874, 16, 16), (1785037693.8755398, 15, 16), (1785037693.875589, 16, 16), (1785037693.8890514, 15, 16), (1785037693.8890684, 16, 16), (1785037693.903169, 15, 16), (1785037693.9031851, 16, 16), (1785037693.9212222, 15, 16), (1785037693.921238, 16, 16), (1785037695.0152235, 15, 16), (1785037695.0152433, 16, 16), (1785037706.5080423, 15, 16), (1785037706.5080895, 16, 16), (1785037709.2250392, 15, 16), (1785037709.2250612, 16, 16), (1785037709.2713664, 15, 16), (1785037709.2713933, 16, 16), (1785037719.7886925, 15, 16), (1785037719.7887418, 16, 16), (1785037722.1510425, 15, 16), (1785037722.1510646, 16, 16), (1785037722.166799, 15, 16), (1785037722.1668303, 16, 16), (1785037731.7146616, 15, 16), (1785037731.7147067, 16, 16), (1785037733.1573753, 15, 16), (1785037733.1573946, 16, 16), (1785037735.1584399, 15, 16), (1785037735.158461, 16, 16), (1785037741.8212216, 15, 16), (1785037741.821266, 16, 16), (1785037745.7732708, 15, 16), (1785037745.773294, 16, 16), (1785037747.5261366, 15, 16), (1785037747.5261557, 16, 16), (1785037747.5391731, 15, 16), (1785037747.5391912, 16, 16), (1785037752.1215756, 15, 16), (1785037752.1216204, 16, 16), (1785037752.8704789, 15, 16), (1785037752.8705, 16, 16), (1785037752.8827162, 15, 16), (1785037752.882731, 16, 16), (1785037753.482041, 15, 16), (1785037753.4820623, 16, 16), (1785037768.461105, 15, 16), (1785037768.4611497, 16, 16), (1785037768.547093, 15, 16), (1785037768.547115, 16, 16), (1785037777.8807995, 15, 16), (1785037777.88083, 16, 16), (1785037779.8174355, 15, 16), (1785037779.8174822, 16, 16), (1785037782.9818618, 15, 16), (1785037782.9818833, 16, 16), (1785037783.0539324, 15, 16), (1785037783.0539532, 16, 16), (1785037792.0322895, 15, 16), (1785037792.0323365, 16, 16), (1785037794.0302684, 15, 16), (1785037794.0302887, 16, 16), (1785037794.6323395, 15, 16), (1785037794.6323602, 16, 16), (1785037795.1714122, 15, 16), (1785037795.171433, 16, 16), (1785037802.013592, 15, 16), (1785037802.013614, 16, 16), (1785037804.2236147, 15, 16), (1785037804.223664, 16, 16), (1785037807.7805858, 15, 16), (1785037807.7806067, 16, 16), (1785037812.8206794, 15, 16), (1785037812.8207014, 16, 16), (1785037813.042958, 15, 16), (1785037813.0429795, 16, 16), (1785037813.705238, 15, 16), (1785037813.7052581, 16, 16), (1785037827.899687, 15, 16), (1785037827.8997343, 16, 16), (1785037828.1368468, 15, 16), (1785037828.1368668, 16, 16), (1785037836.3305242, 15, 16), (1785037836.330546, 16, 16), (1785037837.9003682, 15, 16), (1785037837.9004076, 16, 16), (1785037838.148759, 15, 16), (1785037838.1487813, 16, 16), (1785037841.0102298, 15, 16), (1785037841.0102506, 16, 16), (1785037850.1653216, 15, 16), (1785037850.1653671, 16, 16), (1785037852.5044134, 15, 16), (1785037852.504437, 16, 16), (1785037852.5192103, 15, 16), (1785037852.519228, 16, 16), (1785037853.06807, 15, 16), (1785037853.0680914, 16, 16), (1785037853.420564, 15, 16), (1785037853.420585, 16, 16), (1785037858.763598, 15, 16), (1785037858.763618, 16, 16), (1785037860.8013563, 15, 16), (1785037860.8014026, 16, 16), (1785037863.7244823, 15, 16), (1785037863.724506, 16, 16), (1785037864.710082, 15, 16), (1785037864.710103, 16, 16), (1785037865.5478315, 15, 16), (1785037865.5478547, 16, 16), (1785037867.4518883, 15, 16), (1785037867.4519143, 16, 16), (1785037867.7185993, 15, 16), (1785037867.7186263, 16, 16), (1785037868.820874, 15, 16), (1785037868.820902, 16, 16), (1785037876.2637887, 15, 16), (1785037876.264846, 15, 16)]
[36m(FullyAsyncRollouter pid=17027)[0m [FullyAsyncRollouter][Public][reset_staleness] reset staleness_samples to: 58 idle_ratio: 0.0000 step_generated_samples(this_step): 70 rollout_resource_utilization: 1.0000 recent_history(last 10 steps): [(5, 54), (6, 70), (7, 68), (8, 58), (9, 66), (10, 67), (11, 59), (12, 70), (13, 58), (14, 70)]
[36m(FullyAsyncTrainer pid=15032)[0m aggregated metrics done. cost 0.0003 seconds.
[36m(FullyAsyncTrainer pid=15032)[0m step:13 - training/global_step:12.0 - training/epoch:0.0 - fully_async/count/stale_trajectory_processed:3648.0 - fully_async/count/current_param_version:11.0 - fully_async/processing_time/avg:42.68957091567975 - fully_async/processing_time/max:79.36261576099787 - fully_async/processing_time/min:4.056825732001016 - fully_async/processing_time/tp50:48.19712293450175 - fully_async/processing_time/tp99:78.84071884084045 - fully_async/processing_time/tp95:77.00990382269993 - fully_async/monitor/active_tasks_size:16.0 - fully_async/monitor/queue/pending_queue_size:128.0 - fully_async/monitor/queue/mq_queue_size:0.0 - fully_async/count/total_generated_samples:704.0 - fully_async/count/staleness_samples:80.0 - fully_async/count/dropped_stale_samples:0.0 - fully_async/static/max_required_samples:640064.0 - fully_async/static/required_samples:64.0 - fully_async/static/staleness_threshold:10000.0 - fully_async/static/max_queue_size:640064.0 - fully_async/static/max_concurrent_samples:16.0 - fully_async/partial/total_partial_num:115.0 - fully_async/partial/partial_ratio:0.224609375 - fully_async/partial/max_partial_span:1.0 - timing_s/agent_loop/tool_calls/max:0.0 - timing_s/agent_loop/tool_calls/min:0.0 - timing_s/agent_loop/tool_calls/mean:0.0 - fully_async/total_wait_time:60.53477072715759 - actor/pg_clipfrac:0.0002615375729698327 - actor/ppo_kl:0.000603081267597865 - actor/pg_clipfrac_lower:3.3816321510746473e-07 - actor/pg_loss:0.04980690914783281 - actor/loss:0.04980690777301788 - actor/grad_norm:0.027787508442997932 - actor/lr:1e-06 - actor/perf/max_memory_allocated_gb:40.14671182632446 - actor/perf/max_memory_reserved_gb:73.130859375 - actor/perf/cpu_memory_used_gb:51.323482513427734 - perf/mfu/actor:0.3209458189803645 - dynamic_resource/train_compute_time_s:121.63142230399535 - dynamic_resource/train_allocated_time_s:188.02087235450745 - critic/score/mean:-0.55078125 - critic/score/max:1.0 - critic/score/min:-1.0 - critic/rewards/mean:-0.55078125 - critic/rewards/max:1.0 - critic/rewards/min:-1.0 - critic/advantages/mean:-0.049785029143095016 - critic/advantages/max:2.474870204925537 - critic/advantages/min:-2.474870204925537 - critic/returns/mean:-0.049785029143095016 - critic/returns/max:2.474870204925537 - critic/returns/min:-2.474870204925537 - response_length/mean:5750.9921875 - response_length/max:8192.0 - response_length/min:503.0 - response_length/clip_ratio:0.427734375 - response_length_non_aborted/mean:5750.9921875 - response_length_non_aborted/max:8192.0 - response_length_non_aborted/min:503.0 - response_length_non_aborted/clip_ratio:0.427734375 - response/aborted_ratio:0.0 - prompt_length/mean:169.015625 - prompt_length/max:478.0 - prompt_length/min:79.0 - prompt_length/clip_ratio:0.0 - num_turns/min:2.0 - num_turns/max:2.0 - num_turns/mean:2.0 - timing_s/start_profile:5.448000592878088e-06 - timing_s/gen:60.88007411799845 - timing_s/reward:2.1183997887419537e-05 - timing_s/adv:0.009963849999621743 - timing_s/update_actor:121.62143726999784 - timing_s/timing_s/param_sync:1.097333896002965 - timing_s/step:188.02089634100048 - timing_s/stop_profile:6.161000783322379e-06 - timing_per_token_ms/adv:3.287266697422322e-06 - timing_per_token_ms/update_actor:0.04012526286982236 - timing_per_token_ms/gen:0.020675805301937862 - perf/total_num_tokens:3031044.0 - perf/time_per_step:188.02089634100048 - perf/throughput:8060.391315502521 - dynamic_resource/mq_size:37.0 - fully_async/trainer/idle_ratio:0.3237941915114822 - dynamic_resource/train_resource_utilization:0.6469038292443571 - dynamic_resource/rollout_resource_utilization:0.9999992200098056 - dynamic_resource/resource_utilization:0.8234515246270813
[36m(FullyAsyncTrainer pid=15032)[0m [FullyAsyncTrainer] Requesting 64 samples from queue
[36m(FullyAsyncTrainer pid=15032)[0m [FullyAsyncTrainer] sample collected 1/64. mq_len: 42
[36m(FullyAsyncTrainer pid=15032)[0m [FullyAsyncTrainer] sample collected 2/64. mq_len: 41
[36m(FullyAsyncTrainer pid=15032)[0m [FullyAsyncTrainer] sample collected 3/64. mq_len: 40
[36m(FullyAsyncTrainer pid=15032)[0m [FullyAsyncTrainer] sample collected 4/64. mq_len: 39
[36m(FullyAsyncTrainer pid=15032)[0m [FullyAsyncTrainer] sample collected 5/64. mq_len: 38
[36m(FullyAsyncTrainer pid=15032)[0m [FullyAsyncTrainer] sample collected 6/64. mq_len: 37
[36m(FullyAsyncTrainer pid=15032)[0m [FullyAsyncTrainer] sample collected 7/64. mq_len: 36
[36m(FullyAsyncTrainer pid=15032)[0m [FullyAsyncTrainer] sample collected 8/64. mq_len: 35
[36m(FullyAsyncTrainer pid=15032)[0m [FullyAsyncTrainer] sample collected 9/64. mq_len: 34
[36m(FullyAsyncTrainer pid=15032)[0m [FullyAsyncTrainer] sample collected 10/64. mq_len: 33
[36m(FullyAsyncTrainer pid=15032)[0m [FullyAsyncTrainer] sample collected 11/64. mq_len: 32
[36m(FullyAsyncTrainer pid=15032)[0m [FullyAsyncTrainer] sample collected 12/64. mq_len: 31
[36m(FullyAsyncTrainer pid=15032)[0m [FullyAsyncTrainer] sample collected 13/64. mq_len: 30
[36m(FullyAsyncTrainer pid=15032)[0m Training Progress:  16%|█▋        | 13/80 [50:55<4:13:46, 227.26s/it]
[36m(FullyAsyncTrainer pid=15032)[0m [FullyAsyncTrainer] sample collected 14/64. mq_len: 29
[36m(FullyAsyncTrainer pid=15032)[0m [FullyAsyncTrainer] sample collected 15/64. mq_len: 28
[36m(FullyAsyncTrainer pid=15032)[0m [FullyAsyncTrainer] sample collected 16/64. mq_len: 27
[36m(FullyAsyncTrainer pid=15032)[0m [FullyAsyncTrainer] sample collected 17/64. mq_len: 26
[36m(FullyAsyncTrainer pid=15032)[0m [FullyAsyncTrainer] sample collected 18/64. mq_len: 25
[36m(FullyAsyncTrainer pid=15032)[0m [FullyAsyncTrainer] sample collected 19/64. mq_len: 24
[36m(FullyAsyncTrainer pid=15032)[0m [FullyAsyncTrainer] sample collected 20/64. mq_len: 23
[36m(FullyAsyncTrainer pid=15032)[0m [FullyAsyncTrainer] sample collected 21/64. mq_len: 22
[36m(FullyAsyncTrainer pid=15032)[0m [FullyAsyncTrainer] sample collected 22/64. mq_len: 21
[36m(FullyAsyncTrainer pid=15032)[0m [FullyAsyncTrainer] sample collected 23/64. mq_len: 20
[36m(FullyAsyncTrainer pid=15032)[0m [FullyAsyncTrainer] sample collected 24/64. mq_len: 19
[36m(FullyAsyncTrainer pid=15032)[0m [FullyAsyncTrainer] sample collected 25/64. mq_len: 18
[36m(FullyAsyncTrainer pid=15032)[0m [FullyAsyncTrainer] sample collected 26/64. mq_len: 17
[36m(FullyAsyncTrainer pid=15032)[0m [FullyAsyncTrainer] sample collected 27/64. mq_len: 16
[36m(FullyAsyncTrainer pid=15032)[0m [FullyAsyncTrainer] sample collected 28/64. mq_len: 15
[36m(FullyAsyncTrainer pid=15032)[0m [FullyAsyncTrainer] sample collected 29/64. mq_len: 14
[36m(FullyAsyncTrainer pid=15032)[0m [FullyAsyncTrainer] sample collected 30/64. mq_len: 13
[36m(FullyAsyncTrainer pid=15032)[0m [FullyAsyncTrainer] sample collected 31/64. mq_len: 12
[36m(FullyAsyncTrainer pid=15032)[0m [FullyAsyncTrainer] sample collected 32/64. mq_len: 11
[36m(FullyAsyncTrainer pid=15032)[0m [FullyAsyncTrainer] sample collected 33/64. mq_len: 10
[36m(FullyAsyncTrainer pid=15032)[0m [FullyAsyncTrainer] sample collected 34/64. mq_len: 9
[36m(FullyAsyncTrainer pid=15032)[0m [FullyAsyncTrainer] sample collected 35/64. mq_len: 8
[36m(FullyAsyncTrainer pid=15032)[0m [FullyAsyncTrainer] sample collected 36/64. mq_len: 7
[36m(FullyAsyncTrainer pid=15032)[0m [FullyAsyncTrainer] sample collected 37/64. mq_len: 6
[36m(FullyAsyncTrainer pid=15032)[0m [FullyAsyncTrainer] sample collected 38/64. mq_len: 5
[36m(FullyAsyncTrainer pid=15032)[0m [FullyAsyncTrainer] sample collected 39/64. mq_len: 4
[36m(FullyAsyncTrainer pid=15032)[0m [FullyAsyncTrainer] sample collected 40/64. mq_len: 3
[36m(FullyAsyncTrainer pid=15032)[0m [FullyAsyncTrainer] sample collected 41/64. mq_len: 2
[36m(FullyAsyncTrainer pid=15032)[0m [FullyAsyncTrainer] sample collected 42/64. mq_len: 1
[36m(FullyAsyncTrainer pid=15032)[0m [FullyAsyncTrainer] sample collected 43/64. mq_len: 0
[36m(FullyAsyncTrainer pid=15032)[0m [FullyAsyncTrainer] sample collected 44/64. mq_len: 0
[36m(FullyAsyncTrainer pid=15032)[0m [FullyAsyncTrainer] sample collected 45/64. mq_len: 0
[36m(FullyAsyncTrainer pid=15032)[0m [FullyAsyncTrainer] sample collected 46/64. mq_len: 0
[36m(FullyAsyncTrainer pid=15032)[0m [FullyAsyncTrainer] sample collected 47/64. mq_len: 0
[36m(FullyAsyncTrainer pid=15032)[0m [FullyAsyncTrainer] sample collected 48/64. mq_len: 0
[36m(FullyAsyncRollouter pid=17027)[0m [FullyAsyncRollouter][MonitorLoop][Statistics] {'count/dropped_stale_samples': 0,
[36m(FullyAsyncRollouter pid=17027)[0m  'count/staleness_samples': 64,
[36m(FullyAsyncRollouter pid=17027)[0m  'count/total_generated_samples': 880,
[36m(FullyAsyncRollouter pid=17027)[0m  'monitor/active_tasks_size': 16,
[36m(FullyAsyncRollouter pid=17027)[0m  'monitor/queue/mq_queue_size': 0,
[36m(FullyAsyncRollouter pid=17027)[0m  'monitor/queue/pending_queue_size': 128,
[36m(FullyAsyncRollouter pid=17027)[0m  'static/max_concurrent_samples': 16,
[36m(FullyAsyncRollouter pid=17027)[0m  'static/max_queue_size': 640064,
[36m(FullyAsyncRollouter pid=17027)[0m  'static/max_required_samples': 640064,
[36m(FullyAsyncRollouter pid=17027)[0m  'static/required_samples': 64,
[36m(FullyAsyncRollouter pid=17027)[0m  'static/staleness_threshold': 10000}
[36m(FullyAsyncTrainer pid=15032)[0m [FullyAsyncTrainer] sample collected 49/64. mq_len: 0
[36m(FullyAsyncTrainer pid=15032)[0m [FullyAsyncTrainer] sample collected 50/64. mq_len: 0
[36m(FullyAsyncTrainer pid=15032)[0m [FullyAsyncTrainer] sample collected 51/64. mq_len: 0
[36m(FullyAsyncTrainer pid=15032)[0m [FullyAsyncTrainer] sample collected 52/64. mq_len: 0
[36m(FullyAsyncTrainer pid=15032)[0m [FullyAsyncTrainer] sample collected 53/64. mq_len: 0
[36m(FullyAsyncTrainer pid=15032)[0m [FullyAsyncTrainer] sample collected 54/64. mq_len: 0
[36m(FullyAsyncTrainer pid=15032)[0m [FullyAsyncTrainer] sample collected 55/64. mq_len: 0
[36m(FullyAsyncTrainer pid=15032)[0m [FullyAsyncTrainer] sample collected 56/64. mq_len: 0
[36m(FullyAsyncTrainer pid=15032)[0m [FullyAsyncTrainer] sample collected 57/64. mq_len: 0
[36m(FullyAsyncTrainer pid=15032)[0m [FullyAsyncTrainer] sample collected 58/64. mq_len: 0
[36m(FullyAsyncTrainer pid=15032)[0m [FullyAsyncTrainer] sample collected 59/64. mq_len: 0
[36m(FullyAsyncTrainer pid=15032)[0m [FullyAsyncTrainer] sample collected 60/64. mq_len: 0
[36m(FullyAsyncTrainer pid=15032)[0m [FullyAsyncTrainer] sample collected 61/64. mq_len: 0
[36m(FullyAsyncTrainer pid=15032)[0m [FullyAsyncTrainer] sample collected 62/64. mq_len: 0
[36m(FullyAsyncTrainer pid=15032)[0m [FullyAsyncTrainer] sample collected 63/64. mq_len: 0
[36m(FullyAsyncTrainer pid=15032)[0m [FullyAsyncTrainer] sample collected 64/64. mq_len: 0
[36m(FullyAsyncTrainer pid=15032)[0m [FullyAsyncTrainer] Collected 64/64 samples. mq_len: 0
[36m(FullyAsyncTrainer pid=15032)[0m [FullyAsyncTrainer] Loop collection completed: 64/64 samples, total wait time: 94.97 seconds. mq_len: 0
[36m(FullyAsyncTrainer pid=15032)[0m [BatchUtils] Assembling batch from 64 RolloutSample objects
[36m(FullyAsyncTrainer pid=15032)[0m [BatchUtils] Batch assembly completed in 0.25s
[36m(MessageQueue pid=23826)[0m MessageQueue stats: produced=900, queue_size=4
[36m(FullyAsyncRollouter pid=17027)[0m [FullyAsyncRollouter][MonitorLoop][Statistics] {'count/dropped_stale_samples': 0,
[36m(FullyAsyncRollouter pid=17027)[0m  'count/staleness_samples': 89,
[36m(FullyAsyncRollouter pid=17027)[0m  'count/total_generated_samples': 905,
[36m(FullyAsyncRollouter pid=17027)[0m  'monitor/active_tasks_size': 16,
[36m(FullyAsyncRollouter pid=17027)[0m  'monitor/queue/mq_queue_size': 9,
[36m(FullyAsyncRollouter pid=17027)[0m  'monitor/queue/pending_queue_size': 128,
[36m(FullyAsyncRollouter pid=17027)[0m  'static/max_concurrent_samples': 16,
[36m(FullyAsyncRollouter pid=17027)[0m  'static/max_queue_size': 640064,
[36m(FullyAsyncRollouter pid=17027)[0m  'static/max_required_samples': 640064,
[36m(FullyAsyncRollouter pid=17027)[0m  'static/required_samples': 64,
[36m(FullyAsyncRollouter pid=17027)[0m  'static/staleness_threshold': 10000}
[36m(FullyAsyncRollouter pid=17027)[0m [FullyAsyncRollouter][MonitorLoop][Statistics] {'count/dropped_stale_samples': 0,
[36m(FullyAsyncRollouter pid=17027)[0m  'count/staleness_samples': 105,
[36m(FullyAsyncRollouter pid=17027)[0m  'count/total_generated_samples': 921,
[36m(FullyAsyncRollouter pid=17027)[0m  'monitor/active_tasks_size': 16,
[36m(FullyAsyncRollouter pid=17027)[0m  'monitor/queue/mq_queue_size': 25,
[36m(FullyAsyncRollouter pid=17027)[0m  'monitor/queue/pending_queue_size': 128,
[36m(FullyAsyncRollouter pid=17027)[0m  'static/max_concurrent_samples': 16,
[36m(FullyAsyncRollouter pid=17027)[0m  'static/max_queue_size': 640064,
[36m(FullyAsyncRollouter pid=17027)[0m  'static/max_required_samples': 640064,
[36m(FullyAsyncRollouter pid=17027)[0m  'static/required_samples': 64,
[36m(FullyAsyncRollouter pid=17027)[0m  'static/staleness_threshold': 10000}
[36m(FullyAsyncTrainer pid=15032)[0m [FullyAsyncTrainer] global_steps: 14 local_trigger_step: 1 trigger_parameter_sync_step: 1 03:54:58.093
[36m(vLLMHttpServer pid=19201)[0m (Worker pid=20570) WARNING 07-26 03:54:59 [layerwise.py:225] RotaryEmbedding: Failed to load weights
[36m(vLLMHttpServer pid=19201)[0m (EngineCore pid=20179) WARNING 07-26 03:54:59 [scheduler.py:1919] reset_connector called but no KV connector is configured.
[36m(FullyAsyncTrainer pid=15032)[0m [FullyAsyncTrainer] _fit_update_weights, timing_s/param_sync: 1.1749 seconds self.current_param_version: 14
[36m(FullyAsyncTrainer pid=15032)[0m step:14 - fully_async/rollouter/active_time:233.01210498809814 - fully_async/rollouter/version_time:233.01210498809814 - fully_async/rollouter/idle_ratio:0 - fully_async/rollouter/step_generated_samples:63 - dynamic_resource/rollout_resource_utilization:0.9999991223483393
[36m(FullyAsyncTrainer pid=15032)[0m aggregated metrics done. cost 0.0003 seconds.
[36m(FullyAsyncTrainer pid=15032)[0m step:14 - training/global_step:13.0 - training/epoch:0.0 - fully_async/count/stale_trajectory_processed:3953.0 - fully_async/count/current_param_version:12.0 - fully_async/processing_time/avg:49.209284251812576 - fully_async/processing_time/max:83.4272152170015 - fully_async/processing_time/min:3.80627984399689 - fully_async/processing_time/tp50:54.0454791355005 - fully_async/processing_time/tp99:83.36332995973174 - fully_async/processing_time/tp95:81.18182747334995 - fully_async/monitor/active_tasks_size:16.0 - fully_async/monitor/queue/pending_queue_size:128.0 - fully_async/monitor/queue/mq_queue_size:0.0 - fully_async/count/total_generated_samples:768.0 - fully_async/count/staleness_samples:80.0 - fully_async/count/dropped_stale_samples:0.0 - fully_async/static/max_required_samples:640064.0 - fully_async/static/required_samples:64.0 - fully_async/static/staleness_threshold:10000.0 - fully_async/static/max_queue_size:640064.0 - fully_async/static/max_concurrent_samples:16.0 - fully_async/partial/total_partial_num:111.0 - fully_async/partial/partial_ratio:0.216796875 - fully_async/partial/max_partial_span:1.0 - timing_s/agent_loop/tool_calls/max:0.0 - timing_s/agent_loop/tool_calls/min:0.0 - timing_s/agent_loop/tool_calls/mean:0.0 - fully_async/total_wait_time:114.33751940727234 - actor/pg_clipfrac:0.00026453983950044924 - actor/ppo_kl:0.0006329272497775188 - actor/pg_clipfrac_lower:6.271462350721575e-07 - actor/pg_loss:0.05585375602095155 - actor/loss:0.05585375428199768 - actor/grad_norm:0.025186702609062195 - actor/lr:1e-06 - actor/perf/max_memory_allocated_gb:40.14671182632446 - actor/perf/max_memory_reserved_gb:73.130859375 - actor/perf/cpu_memory_used_gb:51.64484786987305 - perf/mfu/actor:0.32199805211813687 - dynamic_resource/train_compute_time_s:131.5451767650011 - dynamic_resource/train_allocated_time_s:248.77756786346436 - critic/score/mean:-0.57421875 - critic/score/max:1.0 - critic/score/min:-1.0 - critic/rewards/mean:-0.57421875 - critic/rewards/max:1.0 - critic/rewards/min:-1.0 - critic/advantages/mean:-0.055853333324193954 - critic/advantages/max:2.474870204925537 - critic/advantages/min:-2.474870204925537 - critic/returns/mean:-0.055853333324193954 - critic/returns/max:2.474870204925537 - critic/returns/min:-2.474870204925537 - response_length/mean:6295.84765625 - response_length/max:8192.0 - response_length/min:724.0 - response_length/clip_ratio:0.521484375 - response_length_non_aborted/mean:6295.84765625 - response_length_non_aborted/max:8192.0 - response_length_non_aborted/min:724.0 - response_length_non_aborted/clip_ratio:0.521484375 - response/aborted_ratio:0.0 - prompt_length/mean:144.84375 - prompt_length/max:436.0 - prompt_length/min:85.0 - prompt_length/clip_ratio:0.0 - num_turns/min:2.0 - num_turns/max:2.0 - num_turns/mean:2.0 - timing_s/start_profile:5.342000804375857e-06 - timing_s/gen:114.69765426400045 - timing_s/reward:1.693800004431978e-05 - timing_s/adv:0.009502642002189532 - timing_s/update_actor:131.53565718499885 - timing_s/timing_s/param_sync:1.0438861369984807 - timing_s/step:248.77758878299937 - timing_s/stop_profile:4.818000888917595e-06 - timing_per_token_ms/adv:2.881654544497519e-06 - timing_per_token_ms/update_actor:0.0398878884633646 - timing_per_token_ms/gen:0.035582000743297586 - perf/total_num_tokens:3297634.0 - perf/time_per_step:248.77758878299937 - perf/throughput:6627.674976937772 - dynamic_resource/mq_size:43.0 - fully_async/trainer/idle_ratio:0.46104496319420274 - dynamic_resource/train_resource_utilization:0.5287662303909834 - dynamic_resource/rollout_resource_utilization:0.9999991223483393 - dynamic_resource/resource_utilization:0.7643826763696613
[36m(FullyAsyncTrainer pid=15032)[0m [FullyAsyncTrainer] Requesting 64 samples from queue
[36m(FullyAsyncTrainer pid=15032)[0m [FullyAsyncTrainer] sample collected 1/64. mq_len: 41
[36m(FullyAsyncTrainer pid=15032)[0m [FullyAsyncTrainer] sample collected 2/64. mq_len: 40
[36m(FullyAsyncTrainer pid=15032)[0m [FullyAsyncTrainer] sample collected 3/64. mq_len: 39
[36m(FullyAsyncTrainer pid=15032)[0m [FullyAsyncTrainer] sample collected 4/64. mq_len: 38
[36m(FullyAsyncTrainer pid=15032)[0m [FullyAsyncTrainer] sample collected 5/64. mq_len: 37
[36m(FullyAsyncTrainer pid=15032)[0m [FullyAsyncTrainer] sample collected 6/64. mq_len: 36
[36m(FullyAsyncTrainer pid=15032)[0m [FullyAsyncTrainer] sample collected 7/64. mq_len: 35
[36m(FullyAsyncTrainer pid=15032)[0m [FullyAsyncTrainer] sample collected 8/64. mq_len: 34
[36m(FullyAsyncTrainer pid=15032)[0m [FullyAsyncTrainer] sample collected 9/64. mq_len: 33
[36m(FullyAsyncTrainer pid=15032)[0m [FullyAsyncTrainer] sample collected 10/64. mq_len: 32
[36m(FullyAsyncTrainer pid=15032)[0m [FullyAsyncTrainer] sample collected 11/64. mq_len: 31
[36m(FullyAsyncTrainer pid=15032)[0m [FullyAsyncTrainer] sample collected 12/64. mq_len: 30
[36m(FullyAsyncTrainer pid=15032)[0m [FullyAsyncTrainer] sample collected 13/64. mq_len: 29
[36m(FullyAsyncTrainer pid=15032)[0m [FullyAsyncTrainer] sample collected 14/64. mq_len: 28
[36m(FullyAsyncTrainer pid=15032)[0m [FullyAsyncTrainer] sample collected 15/64. mq_len: 27
[36m(FullyAsyncTrainer pid=15032)[0m [FullyAsyncTrainer] sample collected 16/64. mq_len: 26
[36m(FullyAsyncTrainer pid=15032)[0m Training Progress:  18%|█▊        | 14/80 [54:48<4:11:53, 228.99s/it]
[36m(FullyAsyncRollouter pid=17027)[0m [FullyAsyncRollouter][RolloutResourceUtilization] raw active_count_history (timestamp, active_count, max_concurrent): [(1785037876.2651854, 15, 16), (1785037876.26528, 16, 16), (1785037883.5170765, 15, 16), (1785037883.5171025, 16, 16), (1785037885.3371549, 15, 16), (1785037885.337193, 16, 16), (1785037910.6225028, 15, 16), (1785037910.6225605, 16, 16), (1785037911.088117, 15, 16), (1785037911.0881429, 16, 16), (1785037918.1797957, 15, 16), (1785037918.1798706, 16, 16), (1785037921.64763, 15, 16), (1785037921.647703, 16, 16), (1785037925.0875535, 15, 16), (1785037925.08758, 16, 16), (1785037927.4993296, 15, 16), (1785037927.4993582, 16, 16), (1785037928.0085769, 15, 16), (1785037928.0086, 16, 16), (1785037928.7659667, 15, 16), (1785037928.7659893, 16, 16), (1785037929.5390012, 15, 16), (1785037929.5390246, 16, 16), (1785037937.2080698, 15, 16), (1785037937.2081232, 16, 16), (1785037940.1243765, 15, 16), (1785037940.1244047, 16, 16), (1785037940.2056432, 15, 16), (1785037940.2056677, 16, 16), (1785037940.2151284, 15, 16), (1785037940.2151434, 16, 16), (1785037940.2175958, 15, 16), (1785037940.2176123, 16, 16), (1785037940.2568388, 15, 16), (1785037940.256854, 16, 16), (1785037947.3916698, 15, 16), (1785037947.391721, 16, 16), (1785037964.4777372, 15, 16), (1785037964.477796, 16, 16), (1785037966.904875, 15, 16), (1785037966.9048994, 16, 16), (1785037971.2899315, 15, 16), (1785037971.2899559, 16, 16), (1785037973.3246934, 15, 16), (1785037973.324723, 16, 16), (1785037975.9480808, 15, 16), (1785037975.948132, 16, 16), (1785037976.3510523, 15, 16), (1785037976.3510752, 16, 16), (1785037978.4133477, 15, 16), (1785037978.4133706, 16, 16), (1785037978.8691645, 15, 16), (1785037978.8691874, 16, 16), (1785037980.8254986, 15, 16), (1785037980.825522, 16, 16), (1785037981.4371173, 15, 16), (1785037981.4371405, 16, 16), (1785037982.0558283, 15, 16), (1785037982.0558515, 16, 16), (1785037985.4428864, 15, 16), (1785037985.4429114, 16, 16), (1785037990.76949, 15, 16), (1785037990.7695425, 16, 16), (1785037993.863563, 15, 16), (1785037993.8635876, 16, 16), (1785037994.0166473, 15, 16), (1785037994.0166693, 16, 16), (1785037994.0805585, 15, 16), (1785037994.0805807, 16, 16), (1785037996.391336, 15, 16), (1785037996.3913605, 16, 16), (1785038001.6201377, 15, 16), (1785038001.6201928, 16, 16), (1785038025.9075472, 15, 16), (1785038025.9075975, 16, 16), (1785038031.3321457, 15, 16), (1785038031.3321743, 16, 16), (1785038033.9706664, 15, 16), (1785038033.9706895, 16, 16), (1785038036.1564422, 15, 16), (1785038036.156499, 16, 16), (1785038037.1316392, 15, 16), (1785038037.131661, 16, 16), (1785038037.6248877, 15, 16), (1785038037.6249104, 16, 16), (1785038039.9288194, 15, 16), (1785038039.9288437, 16, 16), (1785038042.700886, 15, 16), (1785038042.7009106, 16, 16), (1785038043.440636, 15, 16), (1785038043.4406607, 16, 16), (1785038044.2440903, 15, 16), (1785038044.244118, 16, 16), (1785038046.558434, 15, 16), (1785038046.5584867, 16, 16), (1785038047.366629, 15, 16), (1785038047.3666537, 16, 16), (1785038052.4979308, 15, 16), (1785038052.4979541, 16, 16), (1785038056.4238265, 15, 16), (1785038056.4238544, 16, 16), (1785038056.4414074, 15, 16), (1785038056.4414256, 16, 16), (1785038056.5269346, 15, 16), (1785038056.5269525, 16, 16), (1785038058.1096091, 15, 16), (1785038058.1096675, 16, 16), (1785038063.514314, 15, 16), (1785038063.5143483, 16, 16), (1785038073.4792738, 15, 16), (1785038073.4793265, 16, 16), (1785038078.9937525, 15, 16), (1785038078.993777, 16, 16), (1785038090.6391983, 15, 16), (1785038090.6392512, 16, 16), (1785038092.171934, 15, 16), (1785038092.171958, 16, 16), (1785038093.263356, 15, 16), (1785038093.2633798, 16, 16), (1785038096.4470468, 15, 16), (1785038096.4470723, 16, 16), (1785038097.2517848, 15, 16), (1785038097.2518256, 16, 16), (1785038097.3188462, 15, 16), (1785038097.318867, 16, 16), (1785038109.2762022, 15, 16), (1785038109.2773762, 15, 16)]
[36m(FullyAsyncRollouter pid=17027)[0m [FullyAsyncRollouter][Public][reset_staleness] reset staleness_samples to: 57 idle_ratio: 0.0000 step_generated_samples(this_step): 63 rollout_resource_utilization: 1.0000 recent_history(last 10 steps): [(6, 70), (7, 68), (8, 58), (9, 66), (10, 67), (11, 59), (12, 70), (13, 58), (14, 70), (15, 63)]
[36m(FullyAsyncTrainer pid=15032)[0m [FullyAsyncTrainer] sample collected 17/64. mq_len: 25
[36m(FullyAsyncTrainer pid=15032)[0m [FullyAsyncTrainer] sample collected 18/64. mq_len: 24
[36m(FullyAsyncTrainer pid=15032)[0m [FullyAsyncTrainer] sample collected 19/64. mq_len: 23
[36m(FullyAsyncTrainer pid=15032)[0m [FullyAsyncTrainer] sample collected 20/64. mq_len: 22
[36m(FullyAsyncTrainer pid=15032)[0m [FullyAsyncTrainer] sample collected 21/64. mq_len: 21
[36m(FullyAsyncTrainer pid=15032)[0m [FullyAsyncTrainer] sample collected 22/64. mq_len: 20
[36m(FullyAsyncTrainer pid=15032)[0m [FullyAsyncTrainer] sample collected 23/64. mq_len: 19
[36m(FullyAsyncTrainer pid=15032)[0m [FullyAsyncTrainer] sample collected 24/64. mq_len: 18
[36m(FullyAsyncTrainer pid=15032)[0m [FullyAsyncTrainer] sample collected 25/64. mq_len: 17
[36m(FullyAsyncTrainer pid=15032)[0m [FullyAsyncTrainer] sample collected 26/64. mq_len: 16
[36m(FullyAsyncTrainer pid=15032)[0m [FullyAsyncTrainer] sample collected 27/64. mq_len: 15
[36m(FullyAsyncTrainer pid=15032)[0m 
[36m(FullyAsyncTrainer pid=15032)[0m [FullyAsyncTrainer] sample collected 28/64. mq_len: 14
[36m(FullyAsyncTrainer pid=15032)[0m [FullyAsyncTrainer] sample collected 29/64. mq_len: 13
[36m(FullyAsyncTrainer pid=15032)[0m [FullyAsyncTrainer] sample collected 30/64. mq_len: 12
[36m(FullyAsyncTrainer pid=15032)[0m [FullyAsyncTrainer] sample collected 31/64. mq_len: 11
[36m(FullyAsyncTrainer pid=15032)[0m [FullyAsyncTrainer] sample collected 32/64. mq_len: 10
[36m(FullyAsyncTrainer pid=15032)[0m [FullyAsyncTrainer] sample collected 33/64. mq_len: 9
[36m(FullyAsyncTrainer pid=15032)[0m [FullyAsyncTrainer] sample collected 34/64. mq_len: 8
[36m(FullyAsyncTrainer pid=15032)[0m [FullyAsyncTrainer] sample collected 35/64. mq_len: 7
[36m(FullyAsyncTrainer pid=15032)[0m [FullyAsyncTrainer] sample collected 36/64. mq_len: 6
[36m(FullyAsyncTrainer pid=15032)[0m [FullyAsyncTrainer] sample collected 37/64. mq_len: 5
[36m(FullyAsyncTrainer pid=15032)[0m [FullyAsyncTrainer] sample collected 38/64. mq_len: 4
[36m(FullyAsyncTrainer pid=15032)[0m [FullyAsyncTrainer] sample collected 39/64. mq_len: 3
[36m(FullyAsyncTrainer pid=15032)[0m [FullyAsyncTrainer] sample collected 40/64. mq_len: 2
[36m(FullyAsyncTrainer pid=15032)[0m [FullyAsyncTrainer] sample collected 41/64. mq_len: 1
[36m(FullyAsyncTrainer pid=15032)[0m [FullyAsyncTrainer] sample collected 42/64. mq_len: 0
[36m(FullyAsyncRollouter pid=17027)[0m [FullyAsyncRollouter][MonitorLoop][Statistics] {'count/dropped_stale_samples': 0,
[36m(FullyAsyncRollouter pid=17027)[0m  'count/staleness_samples': 58,
[36m(FullyAsyncRollouter pid=17027)[0m  'count/total_generated_samples': 938,
[36m(FullyAsyncRollouter pid=17027)[0m  'monitor/active_tasks_size': 16,
[36m(FullyAsyncRollouter pid=17027)[0m  'monitor/queue/mq_queue_size': 0,
[36m(FullyAsyncRollouter pid=17027)[0m  'monitor/queue/pending_queue_size': 128,
[36m(FullyAsyncRollouter pid=17027)[0m  'static/max_concurrent_samples': 16,
[36m(FullyAsyncRollouter pid=17027)[0m  'static/max_queue_size': 640064,
[36m(FullyAsyncRollouter pid=17027)[0m  'static/max_required_samples': 640064,
[36m(FullyAsyncRollouter pid=17027)[0m  'static/required_samples': 64,
[36m(FullyAsyncRollouter pid=17027)[0m  'static/staleness_threshold': 10000}
[36m(FullyAsyncTrainer pid=15032)[0m [FullyAsyncTrainer] sample collected 43/64. mq_len: 0
[36m(FullyAsyncTrainer pid=15032)[0m [FullyAsyncTrainer] sample collected 44/64. mq_len: 0
[36m(FullyAsyncTrainer pid=15032)[0m [FullyAsyncTrainer] sample collected 45/64. mq_len: 0
[36m(FullyAsyncTrainer pid=15032)[0m [FullyAsyncTrainer] sample collected 46/64. mq_len: 0
[36m(FullyAsyncTrainer pid=15032)[0m [FullyAsyncTrainer] sample collected 47/64. mq_len: 0
[36m(FullyAsyncTrainer pid=15032)[0m [FullyAsyncTrainer] sample collected 48/64. mq_len: 0
[36m(FullyAsyncTrainer pid=15032)[0m [FullyAsyncTrainer] sample collected 49/64. mq_len: 0
[36m(FullyAsyncTrainer pid=15032)[0m [FullyAsyncTrainer] sample collected 50/64. mq_len: 0
[36m(FullyAsyncTrainer pid=15032)[0m [FullyAsyncTrainer] sample collected 51/64. mq_len: 0
[36m(FullyAsyncTrainer pid=15032)[0m [FullyAsyncTrainer] sample collected 52/64. mq_len: 0
[36m(FullyAsyncTrainer pid=15032)[0m [FullyAsyncTrainer] sample collected 53/64. mq_len: 0
[36m(FullyAsyncTrainer pid=15032)[0m [FullyAsyncTrainer] sample collected 54/64. mq_len: 0
[36m(FullyAsyncTrainer pid=15032)[0m [FullyAsyncTrainer] sample collected 55/64. mq_len: 0
[36m(FullyAsyncTrainer pid=15032)[0m [FullyAsyncTrainer] sample collected 56/64. mq_len: 0
[36m(FullyAsyncTrainer pid=15032)[0m [FullyAsyncTrainer] sample collected 57/64. mq_len: 0
[36m(FullyAsyncTrainer pid=15032)[0m [FullyAsyncTrainer] sample collected 58/64. mq_len: 0
[36m(FullyAsyncTrainer pid=15032)[0m [FullyAsyncTrainer] sample collected 59/64. mq_len: 0
[36m(FullyAsyncTrainer pid=15032)[0m [FullyAsyncTrainer] sample collected 60/64. mq_len: 0
[36m(FullyAsyncRollouter pid=17027)[0m [FullyAsyncRollouter][MonitorLoop][Statistics] {'count/dropped_stale_samples': 0,
[36m(FullyAsyncRollouter pid=17027)[0m  'count/staleness_samples': 76,
[36m(FullyAsyncRollouter pid=17027)[0m  'count/total_generated_samples': 956,
[36m(FullyAsyncRollouter pid=17027)[0m  'monitor/active_tasks_size': 16,
[36m(FullyAsyncRollouter pid=17027)[0m  'monitor/queue/mq_queue_size': 0,
[36m(FullyAsyncRollouter pid=17027)[0m  'monitor/queue/pending_queue_size': 128,
[36m(FullyAsyncRollouter pid=17027)[0m  'static/max_concurrent_samples': 16,
[36m(FullyAsyncRollouter pid=17027)[0m  'static/max_queue_size': 640064,
[36m(FullyAsyncRollouter pid=17027)[0m  'static/max_required_samples': 640064,
[36m(FullyAsyncRollouter pid=17027)[0m  'static/required_samples': 64,
[36m(FullyAsyncRollouter pid=17027)[0m  'static/staleness_threshold': 10000}
[36m(FullyAsyncTrainer pid=15032)[0m [FullyAsyncTrainer] sample collected 61/64. mq_len: 0
[36m(FullyAsyncTrainer pid=15032)[0m [FullyAsyncTrainer] sample collected 62/64. mq_len: 0
[36m(FullyAsyncTrainer pid=15032)[0m [FullyAsyncTrainer] sample collected 63/64. mq_len: 0
[36m(FullyAsyncTrainer pid=15032)[0m [FullyAsyncTrainer] sample collected 64/64. mq_len: 0
[36m(FullyAsyncTrainer pid=15032)[0m [FullyAsyncTrainer] Collected 64/64 samples. mq_len: 0
[36m(FullyAsyncTrainer pid=15032)[0m [FullyAsyncTrainer] Loop collection completed: 64/64 samples, total wait time: 81.20 seconds. mq_len: 0
[36m(FullyAsyncTrainer pid=15032)[0m [BatchUtils] Assembling batch from 64 RolloutSample objects
[36m(FullyAsyncTrainer pid=15032)[0m [BatchUtils] Batch assembly completed in 0.23s
[36m(FullyAsyncRollouter pid=17027)[0m [FullyAsyncRollouter][MonitorLoop][Statistics] {'count/dropped_stale_samples': 0,
[36m(FullyAsyncRollouter pid=17027)[0m  'count/staleness_samples': 99,
[36m(FullyAsyncRollouter pid=17027)[0m  'count/total_generated_samples': 979,
[36m(FullyAsyncRollouter pid=17027)[0m  'monitor/active_tasks_size': 16,
[36m(FullyAsyncRollouter pid=17027)[0m  'monitor/queue/mq_queue_size': 19,
[36m(FullyAsyncRollouter pid=17027)[0m  'monitor/queue/pending_queue_size': 128,
[36m(FullyAsyncRollouter pid=17027)[0m  'static/max_concurrent_samples': 16,
[36m(FullyAsyncRollouter pid=17027)[0m  'static/max_queue_size': 640064,
[36m(FullyAsyncRollouter pid=17027)[0m  'static/max_required_samples': 640064,
[36m(FullyAsyncRollouter pid=17027)[0m  'static/required_samples': 64,
[36m(FullyAsyncRollouter pid=17027)[0m  'static/staleness_threshold': 10000}
[36m(FullyAsyncRollouter pid=17027)[0m [FullyAsyncRollouter][MonitorLoop][Statistics] {'count/dropped_stale_samples': 0,
[36m(FullyAsyncRollouter pid=17027)[0m  'count/staleness_samples': 118,
[36m(FullyAsyncRollouter pid=17027)[0m  'count/total_generated_samples': 998,
[36m(FullyAsyncRollouter pid=17027)[0m  'monitor/active_tasks_size': 16,
[36m(FullyAsyncRollouter pid=17027)[0m  'monitor/queue/mq_queue_size': 38,
[36m(FullyAsyncRollouter pid=17027)[0m  'monitor/queue/pending_queue_size': 128,
[36m(FullyAsyncRollouter pid=17027)[0m  'static/max_concurrent_samples': 16,
[36m(FullyAsyncRollouter pid=17027)[0m  'static/max_queue_size': 640064,
[36m(FullyAsyncRollouter pid=17027)[0m  'static/max_required_samples': 640064,
[36m(FullyAsyncRollouter pid=17027)[0m  'static/required_samples': 64,
[36m(FullyAsyncRollouter pid=17027)[0m  'static/staleness_threshold': 10000}
[36m(FullyAsyncTrainer pid=15032)[0m [FullyAsyncTrainer] global_steps: 15 local_trigger_step: 1 trigger_parameter_sync_step: 1 03:58:38.831
[36m(vLLMHttpServer pid=19201)[0m (Worker pid=20570) WARNING 07-26 03:58:39 [layerwise.py:225] RotaryEmbedding: Failed to load weights
[36m(vLLMHttpServer pid=19201)[0m (EngineCore pid=20179) WARNING 07-26 03:58:39 [scheduler.py:1919] reset_connector called but no KV connector is configured.
[36m(FullyAsyncTrainer pid=15032)[0m [FullyAsyncTrainer] _fit_update_weights, timing_s/param_sync: 1.2053 seconds self.current_param_version: 15
[36m(FullyAsyncTrainer pid=15032)[0m step:15 - fully_async/rollouter/active_time:220.89527249336243 - fully_async/rollouter/version_time:220.89527249336243 - fully_async/rollouter/idle_ratio:0 - fully_async/rollouter/step_generated_samples:62 - dynamic_resource/rollout_resource_utilization:0.9999991303312787
[36m(FullyAsyncTrainer pid=15032)[0m aggregated metrics done. cost 0.0003 seconds.
[36m(FullyAsyncTrainer pid=15032)[0m step:15 - training/global_step:14.0 - training/epoch:0.0 - fully_async/count/stale_trajectory_processed:4304.0 - fully_async/count/current_param_version:13.0 - fully_async/processing_time/avg:45.281249822564476 - fully_async/processing_time/max:76.34641266100152 - fully_async/processing_time/min:6.502197855003033 - fully_async/processing_time/tp50:53.89520456349783 - fully_async/processing_time/tp99:75.61162663493204 - fully_async/processing_time/tp95:74.78284598650134 - fully_async/monitor/active_tasks_size:16.0 - fully_async/monitor/queue/pending_queue_size:128.0 - fully_async/monitor/queue/mq_queue_size:0.0 - fully_async/count/total_generated_samples:832.0 - fully_async/count/staleness_samples:80.0 - fully_async/count/dropped_stale_samples:0.0 - fully_async/static/max_required_samples:640064.0 - fully_async/static/required_samples:64.0 - fully_async/static/staleness_threshold:10000.0 - fully_async/static/max_queue_size:640064.0 - fully_async/static/max_concurrent_samples:16.0 - fully_async/partial/total_partial_num:113.0 - fully_async/partial/partial_ratio:0.220703125 - fully_async/partial/max_partial_span:1.0 - timing_s/agent_loop/tool_calls/max:0.0 - timing_s/agent_loop/tool_calls/min:0.0 - timing_s/agent_loop/tool_calls/mean:0.0 - fully_async/total_wait_time:94.96588516235352 - actor/pg_clipfrac:0.000260486181007134 - actor/ppo_kl:0.0006358801728380898 - actor/pg_clipfrac_lower:3.155559590175891e-07 - actor/pg_loss:0.05352580985345412 - actor/loss:0.053525812923908234 - actor/grad_norm:0.026559188961982727 - actor/lr:1e-06 - actor/perf/max_memory_allocated_gb:40.14671182632446 - actor/perf/max_memory_reserved_gb:73.130859375 - actor/perf/cpu_memory_used_gb:51.980716705322266 - perf/mfu/actor:0.32150679902485396 - dynamic_resource/train_compute_time_s:126.4432845040028 - dynamic_resource/train_allocated_time_s:232.9514284133911 - critic/score/mean:-0.62109375 - critic/score/max:1.0 - critic/score/min:-1.0 - critic/rewards/mean:-0.62109375 - critic/rewards/max:1.0 - critic/rewards/min:-1.0 - critic/advantages/mean:-0.053506799042224884 - critic/advantages/max:2.474870204925537 - critic/advantages/min:-2.474870204925537 - critic/returns/mean:-0.053506799042224884 - critic/returns/max:2.474870204925537 - critic/returns/min:-2.474870204925537 - response_length/mean:6049.05078125 - response_length/max:8192.0 - response_length/min:868.0 - response_length/clip_ratio:0.458984375 - response_length_non_aborted/mean:6049.05078125 - response_length_non_aborted/max:8192.0 - response_length_non_aborted/min:868.0 - response_length_non_aborted/clip_ratio:0.458984375 - response/aborted_ratio:0.0 - prompt_length/mean:152.171875 - prompt_length/max:339.0 - prompt_length/min:79.0 - prompt_length/clip_ratio:0.0 - num_turns/min:2.0 - num_turns/max:2.0 - num_turns/mean:2.0 - timing_s/start_profile:5.840000085299835e-06 - timing_s/gen:95.32164019799893 - timing_s/reward:1.7039001249941066e-05 - timing_s/adv:0.009182589001284214 - timing_s/update_actor:126.43408487600027 - timing_s/timing_s/param_sync:1.1748621639999328 - timing_s/step:232.95144871799857 - timing_s/stop_profile:5.1630013331305236e-06 - timing_per_token_ms/adv:2.892130332565533e-06 - timing_per_token_ms/update_actor:0.039821432919289565 - timing_per_token_ms/gen:0.03077756911692593 - perf/total_num_tokens:3175026.0 - perf/time_per_step:232.95144871799857 - perf/throughput:6814.780542196919 - dynamic_resource/mq_size:42.0 - fully_async/trainer/idle_ratio:0.40919101693757387 - dynamic_resource/train_resource_utilization:0.5427881913633043 - dynamic_resource/rollout_resource_utilization:0.9999991303312787 - dynamic_resource/resource_utilization:0.7713936608472916
[36m(FullyAsyncTrainer pid=15032)[0m [FullyAsyncTrainer] Requesting 64 samples from queue
[36m(FullyAsyncTrainer pid=15032)[0m [FullyAsyncTrainer] sample collected 1/64. mq_len: 39
[36m(FullyAsyncTrainer pid=15032)[0m [FullyAsyncTrainer] sample collected 2/64. mq_len: 38
[36m(FullyAsyncTrainer pid=15032)[0m [FullyAsyncTrainer] sample collected 3/64. mq_len: 37
[36m(FullyAsyncTrainer pid=15032)[0m [FullyAsyncTrainer] sample collected 4/64. mq_len: 36
[36m(FullyAsyncTrainer pid=15032)[0m [FullyAsyncTrainer] sample collected 5/64. mq_len: 35
[36m(FullyAsyncTrainer pid=15032)[0m [FullyAsyncTrainer] sample collected 6/64. mq_len: 34
[36m(FullyAsyncTrainer pid=15032)[0m [FullyAsyncTrainer] sample collected 7/64. mq_len: 33
[36m(FullyAsyncTrainer pid=15032)[0m Training Progress:  19%|█▉        | 15/80 [58:28<4:05:25, 226.55s/it]
[36m(FullyAsyncRollouter pid=17027)[0m [FullyAsyncRollouter][RolloutResourceUtilization] raw active_count_history (timestamp, active_count, max_concurrent): [(1785038109.2776804, 15, 16), (1785038109.2778344, 16, 16), (1785038121.52737, 15, 16), (1785038121.527423, 16, 16), (1785038123.5988588, 15, 16), (1785038123.5988853, 16, 16), (1785038128.1642816, 15, 16), (1785038128.1643069, 16, 16), (1785038134.1118455, 15, 16), (1785038134.1118996, 16, 16), (1785038137.7074735, 15, 16), (1785038137.707498, 16, 16), (1785038139.2046847, 15, 16), (1785038139.2047079, 16, 16), (1785038139.2076197, 15, 16), (1785038139.2076342, 16, 16), (1785038141.4102986, 15, 16), (1785038141.4103236, 16, 16), (1785038159.8413398, 15, 16), (1785038159.8413928, 16, 16), (1785038164.737486, 15, 16), (1785038164.7375085, 16, 16), (1785038168.9242804, 15, 16), (1785038168.9243164, 16, 16), (1785038169.061984, 15, 16), (1785038169.0620105, 16, 16), (1785038169.0657134, 15, 16), (1785038169.0657308, 16, 16), (1785038169.111085, 15, 16), (1785038169.1111007, 16, 16), (1785038169.14358, 15, 16), (1785038169.1435957, 16, 16), (1785038171.771151, 15, 16), (1785038171.7712035, 16, 16), (1785038174.659856, 15, 16), (1785038174.6598787, 16, 16), (1785038181.481617, 15, 16), (1785038181.4816403, 16, 16), (1785038184.8865633, 15, 16), (1785038184.886621, 16, 16), (1785038185.0426195, 15, 16), (1785038185.042642, 16, 16), (1785038188.3874044, 15, 16), (1785038188.3874285, 16, 16), (1785038190.5074706, 15, 16), (1785038190.5074925, 16, 16), (1785038193.2830815, 15, 16), (1785038193.2831051, 16, 16), (1785038197.4444547, 15, 16), (1785038197.4445055, 16, 16), (1785038199.4954274, 15, 16), (1785038199.4954507, 16, 16), (1785038211.8864741, 15, 16), (1785038211.8865244, 16, 16), (1785038215.489432, 15, 16), (1785038215.4894557, 16, 16), (1785038217.7379117, 15, 16), (1785038217.7379344, 16, 16), (1785038227.0491235, 15, 16), (1785038227.0491788, 16, 16), (1785038227.2241201, 15, 16), (1785038227.2241416, 16, 16), (1785038227.232159, 15, 16), (1785038227.2321749, 16, 16), (1785038227.329219, 15, 16), (1785038227.3292382, 16, 16), (1785038230.1762726, 15, 16), (1785038230.1762958, 16, 16), (1785038232.1390483, 15, 16), (1785038232.1390724, 16, 16), (1785038233.1056685, 15, 16), (1785038233.1056926, 16, 16), (1785038236.0775094, 15, 16), (1785038236.0775342, 16, 16), (1785038238.517275, 15, 16), (1785038238.5173266, 16, 16), (1785038240.6610603, 15, 16), (1785038240.661091, 16, 16), (1785038243.711274, 15, 16), (1785038243.711304, 16, 16), (1785038244.2073429, 15, 16), (1785038244.207367, 16, 16), (1785038247.211493, 15, 16), (1785038247.2115166, 16, 16), (1785038249.2868965, 15, 16), (1785038249.2869496, 16, 16), (1785038251.0803568, 15, 16), (1785038251.0803788, 16, 16), (1785038258.527454, 15, 16), (1785038258.5274818, 16, 16), (1785038266.2704828, 15, 16), (1785038266.2705364, 16, 16), (1785038267.6220708, 15, 16), (1785038267.622096, 16, 16), (1785038273.0329537, 15, 16), (1785038273.0329776, 16, 16), (1785038282.2933986, 15, 16), (1785038282.2934518, 16, 16), (1785038282.5886977, 15, 16), (1785038282.5887241, 16, 16), (1785038283.1963804, 15, 16), (1785038283.1964014, 16, 16), (1785038284.405027, 15, 16), (1785038284.4050498, 16, 16), (1785038288.7165558, 15, 16), (1785038288.7165773, 16, 16), (1785038291.7259638, 15, 16), (1785038291.7259898, 16, 16), (1785038294.7206368, 15, 16), (1785038294.7206926, 16, 16), (1785038297.2668948, 15, 16), (1785038297.266922, 16, 16), (1785038297.3233218, 15, 16), (1785038297.3233418, 16, 16), (1785038299.7673886, 15, 16), (1785038299.7674115, 16, 16), (1785038300.7922466, 15, 16), (1785038300.7922719, 16, 16), (1785038300.8518195, 15, 16), (1785038300.8518417, 16, 16), (1785038305.8549743, 15, 16), (1785038305.8550267, 16, 16), (1785038316.2196562, 15, 16), (1785038316.2197087, 16, 16), (1785038330.1719782, 15, 16), (1785038330.173023, 15, 16)]
[36m(FullyAsyncRollouter pid=17027)[0m [FullyAsyncRollouter][Public][reset_staleness] reset staleness_samples to: 55 idle_ratio: 0.0000 step_generated_samples(this_step): 62 rollout_resource_utilization: 1.0000 recent_history(last 10 steps): [(7, 68), (8, 58), (9, 66), (10, 67), (11, 59), (12, 70), (13, 58), (14, 70), (15, 63), (16, 62)]
[36m(MessageQueue pid=23826)[0m MessageQueue stats: produced=1000, queue_size=40
[36m(FullyAsyncTrainer pid=15032)[0m [FullyAsyncTrainer] sample collected 8/64. mq_len: 32
[36m(FullyAsyncTrainer pid=15032)[0m [FullyAsyncTrainer] sample collected 9/64. mq_len: 31
[36m(FullyAsyncTrainer pid=15032)[0m [FullyAsyncTrainer] sample collected 10/64. mq_len: 30
[36m(FullyAsyncTrainer pid=15032)[0m [FullyAsyncTrainer] sample collected 11/64. mq_len: 29
[36m(FullyAsyncTrainer pid=15032)[0m [FullyAsyncTrainer] sample collected 12/64. mq_len: 28
[36m(FullyAsyncTrainer pid=15032)[0m [FullyAsyncTrainer] sample collected 13/64. mq_len: 27
[36m(FullyAsyncTrainer pid=15032)[0m [FullyAsyncTrainer] sample collected 14/64. mq_len: 26
[36m(FullyAsyncTrainer pid=15032)[0m [FullyAsyncTrainer] sample collected 15/64. mq_len: 25
[36m(FullyAsyncTrainer pid=15032)[0m [FullyAsyncTrainer] sample collected 16/64. mq_len: 24
[36m(FullyAsyncTrainer pid=15032)[0m [FullyAsyncTrainer] sample collected 17/64. mq_len: 23
[36m(FullyAsyncTrainer pid=15032)[0m [FullyAsyncTrainer] sample collected 18/64. mq_len: 22
[36m(FullyAsyncTrainer pid=15032)[0m [FullyAsyncTrainer] sample collected 19/64. mq_len: 21
[36m(FullyAsyncTrainer pid=15032)[0m [FullyAsyncTrainer] sample collected 20/64. mq_len: 20
[36m(FullyAsyncTrainer pid=15032)[0m [FullyAsyncTrainer] sample collected 21/64. mq_len: 19
[36m(FullyAsyncTrainer pid=15032)[0m [FullyAsyncTrainer] sample collected 22/64. mq_len: 18
[36m(FullyAsyncTrainer pid=15032)[0m [FullyAsyncTrainer] sample collected 23/64. mq_len: 17
[36m(FullyAsyncTrainer pid=15032)[0m [FullyAsyncTrainer] sample collected 24/64. mq_len: 16
[36m(FullyAsyncTrainer pid=15032)[0m [FullyAsyncTrainer] sample collected 25/64. mq_len: 15
[36m(FullyAsyncTrainer pid=15032)[0m [FullyAsyncTrainer] sample collected 26/64. mq_len: 14
[36m(FullyAsyncTrainer pid=15032)[0m [FullyAsyncTrainer] sample collected 27/64. mq_len: 13
[36m(FullyAsyncTrainer pid=15032)[0m [FullyAsyncTrainer] sample collected 28/64. mq_len: 12
[36m(FullyAsyncTrainer pid=15032)[0m [FullyAsyncTrainer] sample collected 29/64. mq_len: 11
[36m(FullyAsyncTrainer pid=15032)[0m [FullyAsyncTrainer] sample collected 30/64. mq_len: 10
[36m(FullyAsyncTrainer pid=15032)[0m [FullyAsyncTrainer] sample collected 31/64. mq_len: 9
[36m(FullyAsyncTrainer pid=15032)[0m [FullyAsyncTrainer] sample collected 32/64. mq_len: 8
[36m(FullyAsyncTrainer pid=15032)[0m [FullyAsyncTrainer] sample collected 33/64. mq_len: 7
[36m(FullyAsyncTrainer pid=15032)[0m [FullyAsyncTrainer] sample collected 34/64. mq_len: 6
[36m(FullyAsyncTrainer pid=15032)[0m [FullyAsyncTrainer] sample collected 35/64. mq_len: 5
[36m(FullyAsyncTrainer pid=15032)[0m [FullyAsyncTrainer] sample collected 36/64. mq_len: 4
[36m(FullyAsyncTrainer pid=15032)[0m [FullyAsyncTrainer] sample collected 37/64. mq_len: 3
[36m(FullyAsyncTrainer pid=15032)[0m [FullyAsyncTrainer] sample collected 38/64. mq_len: 2
[36m(FullyAsyncTrainer pid=15032)[0m [FullyAsyncTrainer] sample collected 39/64. mq_len: 1
[36m(FullyAsyncTrainer pid=15032)[0m [FullyAsyncTrainer] sample collected 40/64. mq_len: 0
[36m(FullyAsyncTrainer pid=15032)[0m [FullyAsyncTrainer] sample collected 41/64. mq_len: 0
[36m(FullyAsyncTrainer pid=15032)[0m [FullyAsyncTrainer] sample collected 42/64. mq_len: 0
[36m(FullyAsyncTrainer pid=15032)[0m [FullyAsyncTrainer] sample collected 43/64. mq_len: 0
[36m(FullyAsyncTrainer pid=15032)[0m [FullyAsyncTrainer] sample collected 44/64. mq_len: 0
[36m(FullyAsyncTrainer pid=15032)[0m [FullyAsyncTrainer] sample collected 45/64. mq_len: 0
[36m(FullyAsyncTrainer pid=15032)[0m [FullyAsyncTrainer] sample collected 46/64. mq_len: 0
[36m(FullyAsyncTrainer pid=15032)[0m [FullyAsyncTrainer] sample collected 47/64. mq_len: 0
[36m(FullyAsyncTrainer pid=15032)[0m [FullyAsyncTrainer] sample collected 48/64. mq_len: 0
[36m(FullyAsyncTrainer pid=15032)[0m [FullyAsyncTrainer] sample collected 49/64. mq_len: 0
[36m(FullyAsyncTrainer pid=15032)[0m [FullyAsyncTrainer] sample collected 50/64. mq_len: 0
[36m(FullyAsyncTrainer pid=15032)[0m [FullyAsyncTrainer] sample collected 51/64. mq_len: 0
[36m(FullyAsyncTrainer pid=15032)[0m [FullyAsyncTrainer] sample collected 52/64. mq_len: 0
[36m(FullyAsyncTrainer pid=15032)[0m [FullyAsyncTrainer] sample collected 53/64. mq_len: 0
[36m(FullyAsyncTrainer pid=15032)[0m [FullyAsyncTrainer] sample collected 54/64. mq_len: 0
[36m(FullyAsyncRollouter pid=17027)[0m [FullyAsyncRollouter][MonitorLoop][Statistics] {'count/dropped_stale_samples': 0,
[36m(FullyAsyncRollouter pid=17027)[0m  'count/staleness_samples': 70,
[36m(FullyAsyncRollouter pid=17027)[0m  'count/total_generated_samples': 1014,
[36m(FullyAsyncRollouter pid=17027)[0m  'monitor/active_tasks_size': 16,
[36m(FullyAsyncRollouter pid=17027)[0m  'monitor/queue/mq_queue_size': 0,
[36m(FullyAsyncRollouter pid=17027)[0m  'monitor/queue/pending_queue_size': 128,
[36m(FullyAsyncRollouter pid=17027)[0m  'static/max_concurrent_samples': 16,
[36m(FullyAsyncRollouter pid=17027)[0m  'static/max_queue_size': 640064,
[36m(FullyAsyncRollouter pid=17027)[0m  'static/max_required_samples': 640064,
[36m(FullyAsyncRollouter pid=17027)[0m  'static/required_samples': 64,
[36m(FullyAsyncRollouter pid=17027)[0m  'static/staleness_threshold': 10000}
[36m(FullyAsyncTrainer pid=15032)[0m [FullyAsyncTrainer] sample collected 55/64. mq_len: 0
[36m(FullyAsyncTrainer pid=15032)[0m [FullyAsyncTrainer] sample collected 56/64. mq_len: 0
[36m(FullyAsyncTrainer pid=15032)[0m [FullyAsyncTrainer] sample collected 57/64. mq_len: 0
[36m(FullyAsyncTrainer pid=15032)[0m [FullyAsyncTrainer] sample collected 58/64. mq_len: 0
[36m(FullyAsyncTrainer pid=15032)[0m [FullyAsyncTrainer] sample collected 59/64. mq_len: 0
[36m(FullyAsyncTrainer pid=15032)[0m [FullyAsyncTrainer] sample collected 60/64. mq_len: 0
[36m(FullyAsyncTrainer pid=15032)[0m [FullyAsyncTrainer] sample collected 61/64. mq_len: 0
[36m(FullyAsyncTrainer pid=15032)[0m [FullyAsyncTrainer] sample collected 62/64. mq_len: 0
[36m(FullyAsyncTrainer pid=15032)[0m [FullyAsyncTrainer] sample collected 63/64. mq_len: 0
[36m(FullyAsyncTrainer pid=15032)[0m [FullyAsyncTrainer] sample collected 64/64. mq_len: 0
[36m(FullyAsyncTrainer pid=15032)[0m [FullyAsyncTrainer] Collected 64/64 samples. mq_len: 0
[36m(FullyAsyncTrainer pid=15032)[0m [FullyAsyncTrainer] Loop collection completed: 64/64 samples, total wait time: 81.17 seconds. mq_len: 0
[36m(FullyAsyncTrainer pid=15032)[0m [BatchUtils] Assembling batch from 64 RolloutSample objects
[36m(FullyAsyncTrainer pid=15032)[0m [BatchUtils] Batch assembly completed in 0.75s
[36m(FullyAsyncRollouter pid=17027)[0m [FullyAsyncRollouter][MonitorLoop][Statistics] {'count/dropped_stale_samples': 0,
[36m(FullyAsyncRollouter pid=17027)[0m  'count/staleness_samples': 93,
[36m(FullyAsyncRollouter pid=17027)[0m  'count/total_generated_samples': 1037,
[36m(FullyAsyncRollouter pid=17027)[0m  'monitor/active_tasks_size': 16,
[36m(FullyAsyncRollouter pid=17027)[0m  'monitor/queue/mq_queue_size': 13,
[36m(FullyAsyncRollouter pid=17027)[0m  'monitor/queue/pending_queue_size': 128,
[36m(FullyAsyncRollouter pid=17027)[0m  'static/max_concurrent_samples': 16,
[36m(FullyAsyncRollouter pid=17027)[0m  'static/max_queue_size': 640064,
[36m(FullyAsyncRollouter pid=17027)[0m  'static/max_required_samples': 640064,
[36m(FullyAsyncRollouter pid=17027)[0m  'static/required_samples': 64,
[36m(FullyAsyncRollouter pid=17027)[0m  'static/staleness_threshold': 10000}
[36m(FullyAsyncRollouter pid=17027)[0m [FullyAsyncRollouter][MonitorLoop][Statistics] {'count/dropped_stale_samples': 0,
[36m(FullyAsyncRollouter pid=17027)[0m  'count/staleness_samples': 116,
[36m(FullyAsyncRollouter pid=17027)[0m  'count/total_generated_samples': 1060,
[36m(FullyAsyncRollouter pid=17027)[0m  'monitor/active_tasks_size': 16,
[36m(FullyAsyncRollouter pid=17027)[0m  'monitor/queue/mq_queue_size': 36,
[36m(FullyAsyncRollouter pid=17027)[0m  'monitor/queue/pending_queue_size': 128,
[36m(FullyAsyncRollouter pid=17027)[0m  'static/max_concurrent_samples': 16,
[36m(FullyAsyncRollouter pid=17027)[0m  'static/max_queue_size': 640064,
[36m(FullyAsyncRollouter pid=17027)[0m  'static/max_required_samples': 640064,
[36m(FullyAsyncRollouter pid=17027)[0m  'static/required_samples': 64,
[36m(FullyAsyncRollouter pid=17027)[0m  'static/staleness_threshold': 10000}
[36m(FullyAsyncTrainer pid=15032)[0m [FullyAsyncTrainer] global_steps: 16 local_trigger_step: 1 trigger_parameter_sync_step: 1 04:02:10.277
[36m(vLLMHttpServer pid=19201)[0m (Worker pid=20570) WARNING 07-26 04:02:11 [layerwise.py:225] RotaryEmbedding: Failed to load weights
[36m(vLLMHttpServer pid=19201)[0m (EngineCore pid=20179) WARNING 07-26 04:02:11 [scheduler.py:1919] reset_connector called but no KV connector is configured.
[36m(FullyAsyncTrainer pid=15032)[0m [FullyAsyncTrainer] _fit_update_weights, timing_s/param_sync: 1.1773 seconds self.current_param_version: 16
[36m(FullyAsyncTrainer pid=15032)[0m step:16 - fully_async/rollouter/active_time:207.8470277786255 - fully_async/rollouter/version_time:207.8470277786255 - fully_async/rollouter/idle_ratio:0 - fully_async/rollouter/step_generated_samples:64 - dynamic_resource/rollout_resource_utilization:0.9999990863456316
[36m(FullyAsyncTrainer pid=15032)[0m aggregated metrics done. cost 0.0003 seconds.
[36m(FullyAsyncTrainer pid=15032)[0m step:16 - training/global_step:15.0 - training/epoch:0.0 - fully_async/count/stale_trajectory_processed:4640.0 - fully_async/count/current_param_version:14.0 - fully_async/processing_time/avg:47.827369094371086 - fully_async/processing_time/max:86.30212117599876 - fully_async/processing_time/min:6.084544577999623 - fully_async/processing_time/tp50:53.757777348500895 - fully_async/processing_time/tp99:85.57300445499068 - fully_async/processing_time/tp95:81.1153931635492 - fully_async/monitor/active_tasks_size:16.0 - fully_async/monitor/queue/pending_queue_size:128.0 - fully_async/monitor/queue/mq_queue_size:0.0 - fully_async/count/total_generated_samples:896.0 - fully_async/count/staleness_samples:80.0 - fully_async/count/dropped_stale_samples:0.0 - fully_async/static/max_required_samples:640064.0 - fully_async/static/required_samples:64.0 - fully_async/static/staleness_threshold:10000.0 - fully_async/static/max_queue_size:640064.0 - fully_async/static/max_concurrent_samples:16.0 - fully_async/partial/total_partial_num:120.0 - fully_async/partial/partial_ratio:0.234375 - fully_async/partial/max_partial_span:1.0 - timing_s/agent_loop/tool_calls/max:0.0 - timing_s/agent_loop/tool_calls/min:0.0 - timing_s/agent_loop/tool_calls/mean:0.0 - fully_async/total_wait_time:81.19765496253967 - actor/pg_clipfrac:0.0002653556624257665 - actor/ppo_kl:0.0006439710660384717 - actor/pg_clipfrac_lower:2.5310911785874684e-06 - actor/pg_loss:0.059179236108320765 - actor/loss:0.05917923524975777 - actor/grad_norm:0.024515340104699135 - actor/lr:1e-06 - actor/perf/max_memory_allocated_gb:40.14671182632446 - actor/perf/max_memory_reserved_gb:73.130859375 - actor/perf/cpu_memory_used_gb:52.33684158325195 - perf/mfu/actor:0.32375236740861524 - dynamic_resource/train_compute_time_s:127.98367422999945 - dynamic_resource/train_allocated_time_s:220.86066222190857 - critic/score/mean:-0.4921875 - critic/score/max:1.0 - critic/score/min:-1.0 - critic/rewards/mean:-0.4921875 - critic/rewards/max:1.0 - critic/rewards/min:-1.0 - critic/advantages/mean:-0.05916067957878113 - critic/advantages/max:2.474870204925537 - critic/advantages/min:-2.474870204925537 - critic/returns/mean:-0.05916067957878113 - critic/returns/max:2.474870204925537 - critic/returns/min:-2.474870204925537 - response_length/mean:6151.60546875 - response_length/max:8192.0 - response_length/min:459.0 - response_length/clip_ratio:0.498046875 - response_length_non_aborted/mean:6151.60546875 - response_length_non_aborted/max:8192.0 - response_length_non_aborted/min:459.0 - response_length_non_aborted/clip_ratio:0.498046875 - response/aborted_ratio:0.0 - prompt_length/mean:151.03125 - prompt_length/max:411.0 - prompt_length/min:74.0 - prompt_length/clip_ratio:0.0 - num_turns/min:2.0 - num_turns/max:2.0 - num_turns/mean:2.0 - timing_s/start_profile:5.579000571742654e-06 - timing_s/gen:81.5328524760007 - timing_s/reward:2.0888997823931277e-05 - timing_s/adv:0.009219747000315692 - timing_s/update_actor:127.97443359400131 - timing_s/timing_s/param_sync:1.2053264119967935 - timing_s/step:220.86068472700208 - timing_s/stop_profile:5.8010009524878114e-06 - timing_per_token_ms/adv:2.8571087250548326e-06 - timing_per_token_ms/update_actor:0.03965801564759334 - timing_per_token_ms/gen:0.025886551616670413 - perf/total_num_tokens:3226950.0 - perf/time_per_step:220.86068472700208 - perf/throughput:7305.397074152686 - dynamic_resource/mq_size:40.0 - fully_async/trainer/idle_ratio:0.36915964729884143 - dynamic_resource/train_resource_utilization:0.57947700121178 - dynamic_resource/rollout_resource_utilization:0.9999990863456316 - dynamic_resource/resource_utilization:0.7897380437787058
[36m(FullyAsyncTrainer pid=15032)[0m Training Progress:  20%|██        | 16/80 [1:01:56<3:55:38, 220.92s/it]
[36m(FullyAsyncRollouter pid=17027)[0m [FullyAsyncRollouter][RolloutResourceUtilization] raw active_count_history (timestamp, active_count, max_concurrent): [(1785038330.1733057, 15, 16), (1785038330.1734354, 16, 16), (1785038341.1451092, 15, 16), (1785038341.145167, 16, 16), (1785038343.2474654, 15, 16), (1785038343.2474906, 16, 16), (1785038346.0187154, 15, 16), (1785038346.0187376, 16, 16), (1785038348.725727, 15, 16), (1785038348.7257497, 16, 16), (1785038353.2444968, 15, 16), (1785038353.2445486, 16, 16), (1785038357.6751595, 15, 16), (1785038357.675185, 16, 16), (1785038359.0431411, 15, 16), (1785038359.043164, 16, 16), (1785038359.515339, 15, 16), (1785038359.5153615, 16, 16), (1785038360.8585405, 15, 16), (1785038360.8585627, 16, 16), (1785038368.6992495, 15, 16), (1785038368.6993048, 16, 16), (1785038374.4520805, 15, 16), (1785038374.4521048, 16, 16), (1785038376.6481156, 15, 16), (1785038376.6481402, 16, 16), (1785038377.8417485, 15, 16), (1785038377.8417716, 16, 16), (1785038377.9906938, 15, 16), (1785038377.9907217, 16, 16), (1785038383.450478, 15, 16), (1785038383.4505372, 16, 16), (1785038383.454351, 15, 16), (1785038383.4543693, 16, 16), (1785038386.7537134, 15, 16), (1785038386.7537363, 16, 16), (1785038387.2960026, 15, 16), (1785038387.2960262, 16, 16), (1785038389.3724113, 15, 16), (1785038389.3724341, 16, 16), (1785038399.739565, 15, 16), (1785038399.7396152, 16, 16), (1785038401.6668296, 15, 16), (1785038401.666858, 16, 16), (1785038402.4509408, 15, 16), (1785038402.4509642, 16, 16), (1785038411.0634112, 15, 16), (1785038411.0634723, 16, 16), (1785038411.379841, 15, 16), (1785038411.3798652, 16, 16), (1785038411.7950063, 15, 16), (1785038411.7950325, 16, 16), (1785038415.3852563, 15, 16), (1785038415.3852777, 16, 16), (1785038416.6612346, 15, 16), (1785038416.6612577, 16, 16), (1785038417.061483, 15, 16), (1785038417.0615053, 16, 16), (1785038425.5547585, 15, 16), (1785038425.5548255, 16, 16), (1785038431.1933253, 15, 16), (1785038431.1933486, 16, 16), (1785038433.1582441, 15, 16), (1785038433.1582677, 16, 16), (1785038433.6975505, 15, 16), (1785038433.697574, 16, 16), (1785038439.9145548, 15, 16), (1785038439.9146085, 16, 16), (1785038441.2974796, 15, 16), (1785038441.2975044, 16, 16), (1785038444.0934055, 15, 16), (1785038444.0934293, 16, 16), (1785038444.6826825, 15, 16), (1785038444.6827037, 16, 16), (1785038446.7253506, 15, 16), (1785038446.7253757, 16, 16), (1785038458.0750532, 15, 16), (1785038458.0751088, 16, 16), (1785038459.6883018, 15, 16), (1785038459.688326, 16, 16), (1785038468.658088, 15, 16), (1785038468.658144, 16, 16), (1785038469.7010484, 15, 16), (1785038469.7010772, 16, 16), (1785038470.0090969, 15, 16), (1785038470.009134, 16, 16), (1785038474.0189338, 15, 16), (1785038474.018957, 16, 16), (1785038475.6466575, 15, 16), (1785038475.6466815, 16, 16), (1785038475.934093, 15, 16), (1785038475.934116, 16, 16), (1785038483.076817, 15, 16), (1785038483.076875, 16, 16), (1785038487.565091, 15, 16), (1785038487.5651135, 16, 16), (1785038489.4186857, 15, 16), (1785038489.4187083, 16, 16), (1785038489.9890323, 15, 16), (1785038489.9890554, 16, 16), (1785038496.6629236, 15, 16), (1785038496.6629725, 16, 16), (1785038496.666615, 15, 16), (1785038496.6666296, 16, 16), (1785038497.2640452, 15, 16), (1785038497.2640686, 16, 16), (1785038499.722874, 15, 16), (1785038499.7228966, 16, 16), (1785038499.8577752, 15, 16), (1785038499.857804, 16, 16), (1785038500.3500981, 15, 16), (1785038500.350124, 16, 16), (1785038502.5663195, 15, 16), (1785038502.5663416, 16, 16), (1785038506.8135765, 15, 16), (1785038506.8136268, 16, 16), (1785038513.5216491, 15, 16), (1785038513.521673, 16, 16), (1785038513.5477023, 15, 16), (1785038513.547718, 16, 16), (1785038515.0326233, 15, 16), (1785038515.0326464, 16, 16), (1785038522.8486428, 15, 16), (1785038522.848699, 16, 16), (1785038527.4908776, 15, 16), (1785038527.490901, 16, 16), (1785038529.3986514, 15, 16), (1785038529.3986764, 16, 16), (1785038538.0194266, 15, 16), (1785038538.020392, 15, 16)]
[36m(FullyAsyncRollouter pid=17027)[0m [FullyAsyncRollouter][Public][reset_staleness] reset staleness_samples to: 55 idle_ratio: 0.0000 step_generated_samples(this_step): 64 rollout_resource_utilization: 1.0000 recent_history(last 10 steps): [(8, 58), (9, 66), (10, 67), (11, 59), (12, 70), (13, 58), (14, 70), (15, 63), (16, 62), (17, 64)]
[36m(FullyAsyncTrainer pid=15032)[0m [FullyAsyncTrainer] Requesting 64 samples from queue
[36m(FullyAsyncTrainer pid=15032)[0m [FullyAsyncTrainer] sample collected 1/64. mq_len: 39
[36m(FullyAsyncTrainer pid=15032)[0m [FullyAsyncTrainer] sample collected 2/64. mq_len: 38
[36m(FullyAsyncTrainer pid=15032)[0m [FullyAsyncTrainer] sample collected 3/64. mq_len: 37
[36m(FullyAsyncTrainer pid=15032)[0m [FullyAsyncTrainer] sample collected 4/64. mq_len: 36
[36m(FullyAsyncTrainer pid=15032)[0m [FullyAsyncTrainer] sample collected 5/64. mq_len: 35
[36m(FullyAsyncTrainer pid=15032)[0m [FullyAsyncTrainer] sample collected 6/64. mq_len: 34
[36m(FullyAsyncTrainer pid=15032)[0m [FullyAsyncTrainer] sample collected 7/64. mq_len: 33
[36m(FullyAsyncTrainer pid=15032)[0m [FullyAsyncTrainer] sample collected 8/64. mq_len: 32
[36m(FullyAsyncTrainer pid=15032)[0m [FullyAsyncTrainer] sample collected 9/64. mq_len: 31
[36m(FullyAsyncTrainer pid=15032)[0m [FullyAsyncTrainer] sample collected 10/64. mq_len: 30
[36m(FullyAsyncTrainer pid=15032)[0m [FullyAsyncTrainer] sample collected 11/64. mq_len: 29
[36m(FullyAsyncTrainer pid=15032)[0m [FullyAsyncTrainer] sample collected 12/64. mq_len: 28
[36m(FullyAsyncTrainer pid=15032)[0m [FullyAsyncTrainer] sample collected 13/64. mq_len: 27
[36m(FullyAsyncTrainer pid=15032)[0m [FullyAsyncTrainer] sample collected 14/64. mq_len: 26
[36m(FullyAsyncTrainer pid=15032)[0m [FullyAsyncTrainer] sample collected 15/64. mq_len: 25
[36m(FullyAsyncTrainer pid=15032)[0m [FullyAsyncTrainer] sample collected 16/64. mq_len: 24
[36m(FullyAsyncTrainer pid=15032)[0m [FullyAsyncTrainer] sample collected 17/64. mq_len: 23
[36m(FullyAsyncTrainer pid=15032)[0m [FullyAsyncTrainer] sample collected 18/64. mq_len: 22
[36m(FullyAsyncTrainer pid=15032)[0m [FullyAsyncTrainer] sample collected 19/64. mq_len: 21
[36m(FullyAsyncTrainer pid=15032)[0m [FullyAsyncTrainer] sample collected 20/64. mq_len: 20
[36m(FullyAsyncTrainer pid=15032)[0m [FullyAsyncTrainer] sample collected 21/64. mq_len: 19
[36m(FullyAsyncTrainer pid=15032)[0m [FullyAsyncTrainer] sample collected 22/64. mq_len: 18
[36m(FullyAsyncTrainer pid=15032)[0m [FullyAsyncTrainer] sample collected 23/64. mq_len: 17
[36m(FullyAsyncTrainer pid=15032)[0m [FullyAsyncTrainer] sample collected 24/64. mq_len: 16
[36m(FullyAsyncTrainer pid=15032)[0m [FullyAsyncTrainer] sample collected 25/64. mq_len: 15
[36m(FullyAsyncTrainer pid=15032)[0m [FullyAsyncTrainer] sample collected 26/64. mq_len: 14
[36m(FullyAsyncTrainer pid=15032)[0m [FullyAsyncTrainer] sample collected 27/64. mq_len: 13
[36m(FullyAsyncTrainer pid=15032)[0m [FullyAsyncTrainer] sample collected 28/64. mq_len: 12
[36m(FullyAsyncTrainer pid=15032)[0m [FullyAsyncTrainer] sample collected 29/64. mq_len: 11
[36m(FullyAsyncTrainer pid=15032)[0m [FullyAsyncTrainer] sample collected 30/64. mq_len: 10
[36m(FullyAsyncTrainer pid=15032)[0m [FullyAsyncTrainer] sample collected 31/64. mq_len: 9
[36m(FullyAsyncTrainer pid=15032)[0m [FullyAsyncTrainer] sample collected 32/64. mq_len: 8
[36m(FullyAsyncTrainer pid=15032)[0m [FullyAsyncTrainer] sample collected 33/64. mq_len: 7
[36m(FullyAsyncTrainer pid=15032)[0m [FullyAsyncTrainer] sample collected 34/64. mq_len: 6
[36m(FullyAsyncTrainer pid=15032)[0m [FullyAsyncTrainer] sample collected 35/64. mq_len: 5
[36m(FullyAsyncTrainer pid=15032)[0m [FullyAsyncTrainer] sample collected 36/64. mq_len: 4
[36m(FullyAsyncTrainer pid=15032)[0m [FullyAsyncTrainer] sample collected 37/64. mq_len: 3
[36m(FullyAsyncTrainer pid=15032)[0m [FullyAsyncTrainer] sample collected 38/64. mq_len: 2
[36m(FullyAsyncTrainer pid=15032)[0m [FullyAsyncTrainer] sample collected 39/64. mq_len: 1
[36m(FullyAsyncTrainer pid=15032)[0m [FullyAsyncTrainer] sample collected 40/64. mq_len: 0
[36m(FullyAsyncTrainer pid=15032)[0m [FullyAsyncTrainer] sample collected 41/64. mq_len: 0
[36m(FullyAsyncTrainer pid=15032)[0m [FullyAsyncTrainer] sample collected 42/64. mq_len: 0
[36m(FullyAsyncTrainer pid=15032)[0m [FullyAsyncTrainer] sample collected 43/64. mq_len: 0
[36m(FullyAsyncTrainer pid=15032)[0m [FullyAsyncTrainer] sample collected 44/64. mq_len: 0
[36m(FullyAsyncTrainer pid=15032)[0m [FullyAsyncTrainer] sample collected 45/64. mq_len: 0
[36m(FullyAsyncTrainer pid=15032)[0m [FullyAsyncTrainer] sample collected 46/64. mq_len: 0
[36m(FullyAsyncTrainer pid=15032)[0m [FullyAsyncTrainer] sample collected 47/64. mq_len: 0
[36m(FullyAsyncTrainer pid=15032)[0m [FullyAsyncTrainer] sample collected 48/64. mq_len: 0
[36m(FullyAsyncTrainer pid=15032)[0m [FullyAsyncTrainer] sample collected 49/64. mq_len: 0
[36m(FullyAsyncRollouter pid=17027)[0m [FullyAsyncRollouter][MonitorLoop][Statistics] {'count/dropped_stale_samples': 0,
[36m(FullyAsyncRollouter pid=17027)[0m  'count/staleness_samples': 65,
[36m(FullyAsyncRollouter pid=17027)[0m  'count/total_generated_samples': 1073,
[36m(FullyAsyncRollouter pid=17027)[0m  'monitor/active_tasks_size': 16,
[36m(FullyAsyncRollouter pid=17027)[0m  'monitor/queue/mq_queue_size': 0,
[36m(FullyAsyncRollouter pid=17027)[0m  'monitor/queue/pending_queue_size': 128,
[36m(FullyAsyncRollouter pid=17027)[0m  'static/max_concurrent_samples': 16,
[36m(FullyAsyncRollouter pid=17027)[0m  'static/max_queue_size': 640064,
[36m(FullyAsyncRollouter pid=17027)[0m  'static/max_required_samples': 640064,
[36m(FullyAsyncRollouter pid=17027)[0m  'static/required_samples': 64,
[36m(FullyAsyncRollouter pid=17027)[0m  'static/staleness_threshold': 10000}
[36m(FullyAsyncTrainer pid=15032)[0m [FullyAsyncTrainer] sample collected 50/64. mq_len: 0
[36m(FullyAsyncTrainer pid=15032)[0m [FullyAsyncTrainer] sample collected 51/64. mq_len: 0
[36m(FullyAsyncTrainer pid=15032)[0m [FullyAsyncTrainer] sample collected 52/64. mq_len: 0
[36m(FullyAsyncTrainer pid=15032)[0m [FullyAsyncTrainer] sample collected 53/64. mq_len: 0
[36m(FullyAsyncTrainer pid=15032)[0m [FullyAsyncTrainer] sample collected 54/64. mq_len: 0
[36m(FullyAsyncTrainer pid=15032)[0m [FullyAsyncTrainer] sample collected 55/64. mq_len: 0
[36m(FullyAsyncTrainer pid=15032)[0m [FullyAsyncTrainer] sample collected 56/64. mq_len: 0
[36m(FullyAsyncTrainer pid=15032)[0m [FullyAsyncTrainer] sample collected 57/64. mq_len: 0
[36m(FullyAsyncTrainer pid=15032)[0m [FullyAsyncTrainer] sample collected 58/64. mq_len: 0
[36m(FullyAsyncTrainer pid=15032)[0m [FullyAsyncTrainer] sample collected 59/64. mq_len: 0
[36m(FullyAsyncTrainer pid=15032)[0m [FullyAsyncTrainer] sample collected 60/64. mq_len: 0
[36m(FullyAsyncTrainer pid=15032)[0m [FullyAsyncTrainer] sample collected 61/64. mq_len: 0
[36m(FullyAsyncTrainer pid=15032)[0m [FullyAsyncTrainer] sample collected 62/64. mq_len: 0
[36m(FullyAsyncTrainer pid=15032)[0m [FullyAsyncTrainer] sample collected 63/64. mq_len: 0
[36m(FullyAsyncTrainer pid=15032)[0m [FullyAsyncTrainer] sample collected 64/64. mq_len: 0
[36m(FullyAsyncTrainer pid=15032)[0m [FullyAsyncTrainer] Collected 64/64 samples. mq_len: 0
[36m(FullyAsyncTrainer pid=15032)[0m [FullyAsyncTrainer] Loop collection completed: 64/64 samples, total wait time: 92.29 seconds. mq_len: 0
[36m(FullyAsyncTrainer pid=15032)[0m [BatchUtils] Assembling batch from 64 RolloutSample objects
[36m(FullyAsyncTrainer pid=15032)[0m [BatchUtils] Batch assembly completed in 0.23s
[36m(FullyAsyncRollouter pid=17027)[0m [FullyAsyncRollouter][MonitorLoop][Statistics] {'count/dropped_stale_samples': 0,
[36m(FullyAsyncRollouter pid=17027)[0m  'count/staleness_samples': 84,
[36m(FullyAsyncRollouter pid=17027)[0m  'count/total_generated_samples': 1092,
[36m(FullyAsyncRollouter pid=17027)[0m  'monitor/active_tasks_size': 16,
[36m(FullyAsyncRollouter pid=17027)[0m  'monitor/queue/mq_queue_size': 4,
[36m(FullyAsyncRollouter pid=17027)[0m  'monitor/queue/pending_queue_size': 128,
[36m(FullyAsyncRollouter pid=17027)[0m  'static/max_concurrent_samples': 16,
[36m(FullyAsyncRollouter pid=17027)[0m  'static/max_queue_size': 640064,
[36m(FullyAsyncRollouter pid=17027)[0m  'static/max_required_samples': 640064,
[36m(FullyAsyncRollouter pid=17027)[0m  'static/required_samples': 64,
[36m(FullyAsyncRollouter pid=17027)[0m  'static/staleness_threshold': 10000}
[36m(MessageQueue pid=23826)[0m MessageQueue stats: produced=1100, queue_size=12
[36m(FullyAsyncRollouter pid=17027)[0m [FullyAsyncRollouter][MonitorLoop][Statistics] {'count/dropped_stale_samples': 0,
[36m(FullyAsyncRollouter pid=17027)[0m  'count/staleness_samples': 110,
[36m(FullyAsyncRollouter pid=17027)[0m  'count/total_generated_samples': 1118,
[36m(FullyAsyncRollouter pid=17027)[0m  'monitor/active_tasks_size': 16,
[36m(FullyAsyncRollouter pid=17027)[0m  'monitor/queue/mq_queue_size': 30,
[36m(FullyAsyncRollouter pid=17027)[0m  'monitor/queue/pending_queue_size': 128,
[36m(FullyAsyncRollouter pid=17027)[0m  'static/max_concurrent_samples': 16,
[36m(FullyAsyncRollouter pid=17027)[0m  'static/max_queue_size': 640064,
[36m(FullyAsyncRollouter pid=17027)[0m  'static/max_required_samples': 640064,
[36m(FullyAsyncRollouter pid=17027)[0m  'static/required_samples': 64,
[36m(FullyAsyncRollouter pid=17027)[0m  'static/staleness_threshold': 10000}
[36m(FullyAsyncTrainer pid=15032)[0m [FullyAsyncTrainer] global_steps: 17 local_trigger_step: 1 trigger_parameter_sync_step: 1 04:05:53.640
[36m(vLLMHttpServer pid=19201)[0m (Worker pid=20570) WARNING 07-26 04:05:54 [layerwise.py:225] RotaryEmbedding: Failed to load weights
[36m(vLLMHttpServer pid=19201)[0m (EngineCore pid=20179) WARNING 07-26 04:05:54 [scheduler.py:1919] reset_connector called but no KV connector is configured.
[36m(FullyAsyncTrainer pid=15032)[0m [FullyAsyncTrainer] _fit_update_weights, timing_s/param_sync: 1.1612 seconds self.current_param_version: 17
[36m(FullyAsyncTrainer pid=15032)[0m step:17 - fully_async/rollouter/active_time:234.44666814804077 - fully_async/rollouter/version_time:234.44666814804077 - fully_async/rollouter/idle_ratio:0 - fully_async/rollouter/step_generated_samples:65 - dynamic_resource/rollout_resource_utilization:0.9999990922527099
[36m(FullyAsyncTrainer pid=15032)[0m aggregated metrics done. cost 0.0003 seconds.
[36m(FullyAsyncTrainer pid=15032)[0m step:17 - training/global_step:16.0 - training/epoch:0.0 - fully_async/count/stale_trajectory_processed:4983.0 - fully_async/count/current_param_version:15.0 - fully_async/processing_time/avg:42.42693566139649 - fully_async/processing_time/max:77.53375669700108 - fully_async/processing_time/min:3.432652383002278 - fully_async/processing_time/tp50:48.80282683099904 - fully_async/processing_time/tp99:77.38072979726043 - fully_async/processing_time/tp95:76.8018418862006 - fully_async/monitor/active_tasks_size:16.0 - fully_async/monitor/queue/pending_queue_size:128.0 - fully_async/monitor/queue/mq_queue_size:0.0 - fully_async/count/total_generated_samples:960.0 - fully_async/count/staleness_samples:80.0 - fully_async/count/dropped_stale_samples:0.0 - fully_async/static/max_required_samples:640064.0 - fully_async/static/required_samples:64.0 - fully_async/static/staleness_threshold:10000.0 - fully_async/static/max_queue_size:640064.0 - fully_async/static/max_concurrent_samples:16.0 - fully_async/partial/total_partial_num:97.0 - fully_async/partial/partial_ratio:0.189453125 - fully_async/partial/max_partial_span:1.0 - timing_s/agent_loop/tool_calls/max:0.0 - timing_s/agent_loop/tool_calls/min:0.0 - timing_s/agent_loop/tool_calls/mean:0.0 - fully_async/total_wait_time:81.1748456954956 - actor/pg_clipfrac:0.00019726867745315549 - actor/ppo_kl:0.0006065863068573383 - actor/pg_clipfrac_lower:3.454596644885777e-07 - actor/pg_loss:0.05510916300772806 - actor/loss:0.05510915815830231 - actor/grad_norm:0.024632014334201813 - actor/lr:1e-06 - actor/perf/max_memory_allocated_gb:40.14671182632446 - actor/perf/max_memory_reserved_gb:73.130859375 - actor/perf/cpu_memory_used_gb:51.31562805175781 - perf/mfu/actor:0.3249868740050303 - dynamic_resource/train_compute_time_s:118.03079389900086 - dynamic_resource/train_allocated_time_s:207.8133933544159 - critic/score/mean:-0.484375 - critic/score/max:1.0 - critic/score/min:-1.0 - critic/rewards/mean:-0.484375 - critic/rewards/max:1.0 - critic/rewards/min:-1.0 - critic/advantages/mean:-0.055114977061748505 - critic/advantages/max:2.474870204925537 - critic/advantages/min:-2.474870204925537 - critic/returns/mean:-0.055114977061748505 - critic/returns/max:2.474870204925537 - critic/returns/min:-2.474870204925537 - response_length/mean:5684.515625 - response_length/max:8192.0 - response_length/min:527.0 - response_length/clip_ratio:0.4375 - response_length_non_aborted/mean:5684.515625 - response_length_non_aborted/max:8192.0 - response_length_non_aborted/min:527.0 - response_length_non_aborted/clip_ratio:0.4375 - response/aborted_ratio:0.0 - prompt_length/mean:169.90625 - prompt_length/max:603.0 - prompt_length/min:74.0 - prompt_length/clip_ratio:0.0 - num_turns/min:2.0 - num_turns/max:2.0 - num_turns/mean:2.0 - timing_s/start_profile:6.549998943228275e-06 - timing_s/gen:82.03676281599837 - timing_s/reward:1.761900057317689e-05 - timing_s/adv:0.009299042998463847 - timing_s/update_actor:118.02147723700182 - timing_s/timing_s/param_sync:1.1773406729989802 - timing_s/step:207.81341419399905 - timing_s/stop_profile:4.207002348266542e-06 - timing_per_token_ms/adv:3.102303480029734e-06 - timing_per_token_ms/update_actor:0.03937377637796544 - timing_per_token_ms/gen:0.028186755555799324 - perf/total_num_tokens:2997464.0 - perf/time_per_step:207.81341419399905 - perf/throughput:7211.911732516439 - dynamic_resource/mq_size:40.0 - fully_async/trainer/idle_ratio:0.39476163333428993 - dynamic_resource/train_resource_utilization:0.5679652884436804 - dynamic_resource/rollout_resource_utilization:0.9999990922527099 - dynamic_resource/resource_utilization:0.7839821903481952
[36m(FullyAsyncTrainer pid=15032)[0m [FullyAsyncTrainer] Requesting 64 samples from queue
[36m(FullyAsyncTrainer pid=15032)[0m [FullyAsyncTrainer] sample collected 1/64. mq_len: 40
[36m(FullyAsyncTrainer pid=15032)[0m [FullyAsyncTrainer] sample collected 2/64. mq_len: 39
[36m(FullyAsyncTrainer pid=15032)[0m [FullyAsyncTrainer] sample collected 3/64. mq_len: 38
[36m(FullyAsyncTrainer pid=15032)[0m [FullyAsyncTrainer] sample collected 4/64. mq_len: 37
[36m(FullyAsyncTrainer pid=15032)[0m [FullyAsyncTrainer] sample collected 5/64. mq_len: 36
[36m(FullyAsyncTrainer pid=15032)[0m [FullyAsyncTrainer] sample collected 6/64. mq_len: 35
[36m(FullyAsyncTrainer pid=15032)[0m [FullyAsyncTrainer] sample collected 7/64. mq_len: 34
[36m(FullyAsyncTrainer pid=15032)[0m [FullyAsyncTrainer] sample collected 8/64. mq_len: 33
[36m(FullyAsyncTrainer pid=15032)[0m [FullyAsyncTrainer] sample collected 9/64. mq_len: 32
[36m(FullyAsyncTrainer pid=15032)[0m [FullyAsyncTrainer] sample collected 10/64. mq_len: 31
[36m(FullyAsyncTrainer pid=15032)[0m [FullyAsyncTrainer] sample collected 11/64. mq_len: 30
[36m(FullyAsyncTrainer pid=15032)[0m [FullyAsyncTrainer] sample collected 12/64. mq_len: 29
[36m(FullyAsyncTrainer pid=15032)[0m [FullyAsyncTrainer] sample collected 13/64. mq_len: 28
[36m(FullyAsyncTrainer pid=15032)[0m [FullyAsyncTrainer] sample collected 14/64. mq_len: 27
[36m(FullyAsyncTrainer pid=15032)[0m Training Progress:  21%|██▏       | 17/80 [1:05:51<3:56:14, 224.99s/it]
[36m(FullyAsyncRollouter pid=17027)[0m [FullyAsyncRollouter][RolloutResourceUtilization] raw active_count_history (timestamp, active_count, max_concurrent): [(1785038538.0206938, 15, 16), (1785038538.0208335, 16, 16), (1785038543.5436535, 15, 16), (1785038543.5436766, 16, 16), (1785038543.9930267, 15, 16), (1785038543.9930513, 16, 16), (1785038560.8846493, 15, 16), (1785038560.884703, 16, 16), (1785038562.9083517, 15, 16), (1785038562.9083786, 16, 16), (1785038564.2758613, 15, 16), (1785038564.2758884, 16, 16), (1785038568.7206674, 15, 16), (1785038568.7206912, 16, 16), (1785038572.3792808, 15, 16), (1785038572.379336, 16, 16), (1785038576.4882798, 15, 16), (1785038576.4883049, 16, 16), (1785038579.5655992, 15, 16), (1785038579.5656233, 16, 16), (1785038585.031438, 15, 16), (1785038585.031491, 16, 16), (1785038592.0720677, 15, 16), (1785038592.0720925, 16, 16), (1785038593.1639025, 15, 16), (1785038593.1639268, 16, 16), (1785038593.182482, 15, 16), (1785038593.1824996, 16, 16), (1785038597.378442, 15, 16), (1785038597.378497, 16, 16), (1785038597.4028478, 15, 16), (1785038597.402873, 16, 16), (1785038597.4773722, 15, 16), (1785038597.4773924, 16, 16), (1785038600.6160707, 15, 16), (1785038600.616096, 16, 16), (1785038602.0567727, 15, 16), (1785038602.0567982, 16, 16), (1785038605.3830252, 15, 16), (1785038605.3830507, 16, 16), (1785038609.6222513, 15, 16), (1785038609.622315, 16, 16), (1785038612.4497523, 15, 16), (1785038612.4497776, 16, 16), (1785038620.372847, 15, 16), (1785038620.3729012, 16, 16), (1785038627.369959, 15, 16), (1785038627.369992, 16, 16), (1785038630.345295, 15, 16), (1785038630.3453197, 16, 16), (1785038633.622309, 15, 16), (1785038633.622365, 16, 16), (1785038636.1095665, 15, 16), (1785038636.1095915, 16, 16), (1785038637.0174882, 15, 16), (1785038637.0175145, 16, 16), (1785038638.9070868, 15, 16), (1785038638.9071171, 16, 16), (1785038646.2476146, 15, 16), (1785038646.2476692, 16, 16), (1785038646.8554015, 15, 16), (1785038646.8554273, 16, 16), (1785038646.9624264, 15, 16), (1785038646.9624512, 16, 16), (1785038647.21348, 15, 16), (1785038647.213506, 16, 16), (1785038649.5041962, 15, 16), (1785038649.5042224, 16, 16), (1785038650.9826398, 15, 16), (1785038650.982665, 16, 16), (1785038651.0351157, 15, 16), (1785038651.0351381, 16, 16), (1785038659.8070252, 15, 16), (1785038659.8070786, 16, 16), (1785038662.984965, 15, 16), (1785038662.984993, 16, 16), (1785038664.3870597, 15, 16), (1785038664.3870902, 16, 16), (1785038669.5723693, 15, 16), (1785038669.5723937, 16, 16), (1785038669.990149, 15, 16), (1785038669.9902036, 16, 16), (1785038670.765387, 15, 16), (1785038670.7654145, 16, 16), (1785038674.6744928, 15, 16), (1785038674.6745207, 16, 16), (1785038681.8479881, 15, 16), (1785038681.8480575, 16, 16), (1785038682.869237, 15, 16), (1785038682.8692706, 16, 16), (1785038688.504583, 15, 16), (1785038688.5046062, 16, 16), (1785038688.6721435, 15, 16), (1785038688.6721663, 16, 16), (1785038689.8161504, 15, 16), (1785038689.8161752, 16, 16), (1785038692.0797427, 15, 16), (1785038692.0797968, 16, 16), (1785038693.04349, 15, 16), (1785038693.0435174, 16, 16), (1785038695.5298824, 15, 16), (1785038695.529908, 16, 16), (1785038703.3043404, 15, 16), (1785038703.3043933, 16, 16), (1785038703.9015453, 15, 16), (1785038703.9015698, 16, 16), (1785038707.4860532, 15, 16), (1785038707.4860826, 16, 16), (1785038708.603216, 15, 16), (1785038708.6032484, 16, 16), (1785038718.5714145, 15, 16), (1785038718.5714767, 16, 16), (1785038723.215464, 15, 16), (1785038723.2154918, 16, 16), (1785038730.2290184, 15, 16), (1785038730.2290807, 16, 16), (1785038730.9232986, 15, 16), (1785038730.9233274, 16, 16), (1785038735.5217068, 15, 16), (1785038735.5217316, 16, 16), (1785038744.6960247, 15, 16), (1785038744.6960883, 16, 16), (1785038745.972369, 15, 16), (1785038745.9723969, 16, 16), (1785038752.640032, 15, 16), (1785038752.6400619, 16, 16), (1785038752.7935762, 15, 16), (1785038752.7936022, 16, 16), (1785038753.7632818, 15, 16), (1785038753.7633207, 16, 16), (1785038772.4663405, 15, 16), (1785038772.4674242, 15, 16)]
[36m(FullyAsyncRollouter pid=17027)[0m [FullyAsyncRollouter][Public][reset_staleness] reset staleness_samples to: 56 idle_ratio: 0.0000 step_generated_samples(this_step): 65 rollout_resource_utilization: 1.0000 recent_history(last 10 steps): [(9, 66), (10, 67), (11, 59), (12, 70), (13, 58), (14, 70), (15, 63), (16, 62), (17, 64), (18, 65)]
[36m(FullyAsyncTrainer pid=15032)[0m [FullyAsyncTrainer] sample collected 15/64. mq_len: 26
[36m(FullyAsyncTrainer pid=15032)[0m [FullyAsyncTrainer] sample collected 16/64. mq_len: 25
[36m(FullyAsyncTrainer pid=15032)[0m [FullyAsyncTrainer] sample collected 17/64. mq_len: 24
[36m(FullyAsyncTrainer pid=15032)[0m [FullyAsyncTrainer] sample collected 18/64. mq_len: 23
[36m(FullyAsyncTrainer pid=15032)[0m [FullyAsyncTrainer] sample collected 19/64. mq_len: 22
[36m(FullyAsyncTrainer pid=15032)[0m [FullyAsyncTrainer] sample collected 20/64. mq_len: 21
[36m(FullyAsyncTrainer pid=15032)[0m [FullyAsyncTrainer] sample collected 21/64. mq_len: 20
[36m(FullyAsyncTrainer pid=15032)[0m [FullyAsyncTrainer] sample collected 22/64. mq_len: 19
[36m(FullyAsyncTrainer pid=15032)[0m [FullyAsyncTrainer] sample collected 23/64. mq_len: 18
[36m(FullyAsyncTrainer pid=15032)[0m [FullyAsyncTrainer] sample collected 24/64. mq_len: 17
[36m(FullyAsyncTrainer pid=15032)[0m [FullyAsyncTrainer] sample collected 25/64. mq_len: 16
[36m(FullyAsyncTrainer pid=15032)[0m [FullyAsyncTrainer] sample collected 26/64. mq_len: 15
[36m(FullyAsyncTrainer pid=15032)[0m [FullyAsyncTrainer] sample collected 27/64. mq_len: 14
[36m(FullyAsyncTrainer pid=15032)[0m [FullyAsyncTrainer] sample collected 28/64. mq_len: 13
[36m(FullyAsyncTrainer pid=15032)[0m [FullyAsyncTrainer] sample collected 29/64. mq_len: 12
[36m(FullyAsyncTrainer pid=15032)[0m [FullyAsyncTrainer] sample collected 30/64. mq_len: 11
[36m(FullyAsyncTrainer pid=15032)[0m [FullyAsyncTrainer] sample collected 31/64. mq_len: 10
[36m(FullyAsyncTrainer pid=15032)[0m [FullyAsyncTrainer] sample collected 32/64. mq_len: 9
[36m(FullyAsyncTrainer pid=15032)[0m [FullyAsyncTrainer] sample collected 33/64. mq_len: 8
[36m(FullyAsyncTrainer pid=15032)[0m [FullyAsyncTrainer] sample collected 34/64. mq_len: 7
[36m(FullyAsyncTrainer pid=15032)[0m [FullyAsyncTrainer] sample collected 35/64. mq_len: 6
[36m(FullyAsyncTrainer pid=15032)[0m [FullyAsyncTrainer] sample collected 36/64. mq_len: 5
[36m(FullyAsyncTrainer pid=15032)[0m [FullyAsyncTrainer] sample collected 37/64. mq_len: 4
[36m(FullyAsyncTrainer pid=15032)[0m [FullyAsyncTrainer] sample collected 38/64. mq_len: 3
[36m(FullyAsyncTrainer pid=15032)[0m [FullyAsyncTrainer] sample collected 39/64. mq_len: 2
[36m(FullyAsyncTrainer pid=15032)[0m [FullyAsyncTrainer] sample collected 40/64. mq_len: 1
[36m(FullyAsyncTrainer pid=15032)[0m [FullyAsyncTrainer] sample collected 41/64. mq_len: 0
[36m(FullyAsyncTrainer pid=15032)[0m [FullyAsyncTrainer] sample collected 42/64. mq_len: 0
[36m(FullyAsyncTrainer pid=15032)[0m [FullyAsyncTrainer] sample collected 43/64. mq_len: 0
[36m(FullyAsyncTrainer pid=15032)[0m [FullyAsyncTrainer] sample collected 44/64. mq_len: 0
[36m(FullyAsyncRollouter pid=17027)[0m [FullyAsyncRollouter][MonitorLoop][Statistics] {'count/dropped_stale_samples': 0,
[36m(FullyAsyncRollouter pid=17027)[0m  'count/staleness_samples': 60,
[36m(FullyAsyncRollouter pid=17027)[0m  'count/total_generated_samples': 1132,
[36m(FullyAsyncRollouter pid=17027)[0m  'monitor/active_tasks_size': 16,
[36m(FullyAsyncRollouter pid=17027)[0m  'monitor/queue/mq_queue_size': 0,
[36m(FullyAsyncRollouter pid=17027)[0m  'monitor/queue/pending_queue_size': 128,
[36m(FullyAsyncRollouter pid=17027)[0m  'static/max_concurrent_samples': 16,
[36m(FullyAsyncRollouter pid=17027)[0m  'static/max_queue_size': 640064,
[36m(FullyAsyncRollouter pid=17027)[0m  'static/max_required_samples': 640064,
[36m(FullyAsyncRollouter pid=17027)[0m  'static/required_samples': 64,
[36m(FullyAsyncRollouter pid=17027)[0m  'static/staleness_threshold': 10000}
[36m(FullyAsyncTrainer pid=15032)[0m [FullyAsyncTrainer] sample collected 45/64. mq_len: 0
[36m(FullyAsyncTrainer pid=15032)[0m [FullyAsyncTrainer] sample collected 46/64. mq_len: 0
[36m(FullyAsyncTrainer pid=15032)[0m [FullyAsyncTrainer] sample collected 47/64. mq_len: 0
[36m(FullyAsyncTrainer pid=15032)[0m [FullyAsyncTrainer] sample collected 48/64. mq_len: 0
[36m(FullyAsyncTrainer pid=15032)[0m [FullyAsyncTrainer] sample collected 49/64. mq_len: 0
[36m(FullyAsyncTrainer pid=15032)[0m [FullyAsyncTrainer] sample collected 50/64. mq_len: 0
[36m(FullyAsyncTrainer pid=15032)[0m [FullyAsyncTrainer] sample collected 51/64. mq_len: 0
[36m(FullyAsyncTrainer pid=15032)[0m [FullyAsyncTrainer] sample collected 52/64. mq_len: 0
[36m(FullyAsyncTrainer pid=15032)[0m [FullyAsyncTrainer] sample collected 53/64. mq_len: 0
[36m(FullyAsyncTrainer pid=15032)[0m [FullyAsyncTrainer] sample collected 54/64. mq_len: 0
[36m(FullyAsyncTrainer pid=15032)[0m [FullyAsyncTrainer] sample collected 55/64. mq_len: 0
[36m(FullyAsyncTrainer pid=15032)[0m [FullyAsyncTrainer] sample collected 56/64. mq_len: 0
[36m(FullyAsyncTrainer pid=15032)[0m [FullyAsyncTrainer] sample collected 57/64. mq_len: 0
[36m(FullyAsyncTrainer pid=15032)[0m [FullyAsyncTrainer] sample collected 58/64. mq_len: 0
[36m(FullyAsyncTrainer pid=15032)[0m [FullyAsyncTrainer] sample collected 59/64. mq_len: 0
[36m(FullyAsyncTrainer pid=15032)[0m [FullyAsyncTrainer] sample collected 60/64. mq_len: 0
[36m(FullyAsyncTrainer pid=15032)[0m [FullyAsyncTrainer] sample collected 61/64. mq_len: 0
[36m(FullyAsyncTrainer pid=15032)[0m [FullyAsyncTrainer] sample collected 62/64. mq_len: 0
[36m(FullyAsyncTrainer pid=15032)[0m [FullyAsyncTrainer] sample collected 63/64. mq_len: 0
[36m(FullyAsyncTrainer pid=15032)[0m [FullyAsyncTrainer] sample collected 64/64. mq_len: 0
[36m(FullyAsyncTrainer pid=15032)[0m [FullyAsyncTrainer] Collected 64/64 samples. mq_len: 0
[36m(FullyAsyncTrainer pid=15032)[0m [FullyAsyncTrainer] Loop collection completed: 64/64 samples, total wait time: 66.57 seconds. mq_len: 0
[36m(FullyAsyncTrainer pid=15032)[0m [BatchUtils] Assembling batch from 64 RolloutSample objects
[36m(FullyAsyncTrainer pid=15032)[0m [BatchUtils] Batch assembly completed in 0.25s
[36m(FullyAsyncRollouter pid=17027)[0m [FullyAsyncRollouter][MonitorLoop][Statistics] {'count/dropped_stale_samples': 0,
[36m(FullyAsyncRollouter pid=17027)[0m  'count/staleness_samples': 83,
[36m(FullyAsyncRollouter pid=17027)[0m  'count/total_generated_samples': 1155,
[36m(FullyAsyncRollouter pid=17027)[0m  'monitor/active_tasks_size': 16,
[36m(FullyAsyncRollouter pid=17027)[0m  'monitor/queue/mq_queue_size': 3,
[36m(FullyAsyncRollouter pid=17027)[0m  'monitor/queue/pending_queue_size': 128,
[36m(FullyAsyncRollouter pid=17027)[0m  'static/max_concurrent_samples': 16,
[36m(FullyAsyncRollouter pid=17027)[0m  'static/max_queue_size': 640064,
[36m(FullyAsyncRollouter pid=17027)[0m  'static/max_required_samples': 640064,
[36m(FullyAsyncRollouter pid=17027)[0m  'static/required_samples': 64,
[36m(FullyAsyncRollouter pid=17027)[0m  'static/staleness_threshold': 10000}
[36m(FullyAsyncRollouter pid=17027)[0m [FullyAsyncRollouter][MonitorLoop][Statistics] {'count/dropped_stale_samples': 0,
[36m(FullyAsyncRollouter pid=17027)[0m  'count/staleness_samples': 103,
[36m(FullyAsyncRollouter pid=17027)[0m  'count/total_generated_samples': 1175,
[36m(FullyAsyncRollouter pid=17027)[0m  'monitor/active_tasks_size': 16,
[36m(FullyAsyncRollouter pid=17027)[0m  'monitor/queue/mq_queue_size': 23,
[36m(FullyAsyncRollouter pid=17027)[0m  'monitor/queue/pending_queue_size': 128,
[36m(FullyAsyncRollouter pid=17027)[0m  'static/max_concurrent_samples': 16,
[36m(FullyAsyncRollouter pid=17027)[0m  'static/max_queue_size': 640064,
[36m(FullyAsyncRollouter pid=17027)[0m  'static/max_required_samples': 640064,
[36m(FullyAsyncRollouter pid=17027)[0m  'static/required_samples': 64,
[36m(FullyAsyncRollouter pid=17027)[0m  'static/staleness_threshold': 10000}
[36m(FullyAsyncTrainer pid=15032)[0m [FullyAsyncTrainer] global_steps: 18 local_trigger_step: 1 trigger_parameter_sync_step: 1 04:09:19.739
[36m(vLLMHttpServer pid=19201)[0m (Worker pid=20570) WARNING 07-26 04:09:21 [layerwise.py:225] RotaryEmbedding: Failed to load weights
[36m(vLLMHttpServer pid=19201)[0m (EngineCore pid=20179) WARNING 07-26 04:09:21 [scheduler.py:1919] reset_connector called but no KV connector is configured.
[36m(FullyAsyncTrainer pid=15032)[0m [FullyAsyncTrainer] _fit_update_weights, timing_s/param_sync: 1.5290 seconds self.current_param_version: 18
[36m(FullyAsyncTrainer pid=15032)[0m step:18 - fully_async/rollouter/active_time:192.20804142951965 - fully_async/rollouter/version_time:192.20804142951965 - fully_async/rollouter/idle_ratio:0 - fully_async/rollouter/step_generated_samples:62 - dynamic_resource/rollout_resource_utilization:0.9999989897562891
[36m(FullyAsyncTrainer pid=15032)[0m aggregated metrics done. cost 0.0004 seconds.
[36m(FullyAsyncTrainer pid=15032)[0m step:18 - training/global_step:17.0 - training/epoch:0.0 - fully_async/count/stale_trajectory_processed:5322.0 - fully_async/count/current_param_version:16.0 - fully_async/processing_time/avg:43.583741417244184 - fully_async/processing_time/max:79.60288829300043 - fully_async/processing_time/min:3.0349089699993783 - fully_async/processing_time/tp50:50.76796299200032 - fully_async/processing_time/tp99:79.55197573802084 - fully_async/processing_time/tp95:76.53043363914894 - fully_async/monitor/active_tasks_size:16.0 - fully_async/monitor/queue/pending_queue_size:128.0 - fully_async/monitor/queue/mq_queue_size:0.0 - fully_async/count/total_generated_samples:1024.0 - fully_async/count/staleness_samples:80.0 - fully_async/count/dropped_stale_samples:0.0 - fully_async/static/max_required_samples:640064.0 - fully_async/static/required_samples:64.0 - fully_async/static/staleness_threshold:10000.0 - fully_async/static/max_queue_size:640064.0 - fully_async/static/max_concurrent_samples:16.0 - fully_async/partial/total_partial_num:101.0 - fully_async/partial/partial_ratio:0.197265625 - fully_async/partial/max_partial_span:1.0 - timing_s/agent_loop/tool_calls/max:0.0 - timing_s/agent_loop/tool_calls/min:0.0 - timing_s/agent_loop/tool_calls/mean:0.0 - fully_async/total_wait_time:92.28854537010193 - actor/pg_clipfrac:0.0002773784785064876 - actor/ppo_kl:0.000592412902372575 - actor/pg_clipfrac_lower:1.6678696406343656e-06 - actor/pg_loss:0.05246397735027131 - actor/loss:0.05246397852897644 - actor/grad_norm:0.026087550446391106 - actor/lr:1e-06 - actor/perf/max_memory_allocated_gb:40.323824882507324 - actor/perf/max_memory_reserved_gb:73.130859375 - actor/perf/cpu_memory_used_gb:51.68073654174805 - perf/mfu/actor:0.32069616806189194 - dynamic_resource/train_compute_time_s:122.95474945099704 - dynamic_resource/train_allocated_time_s:234.40880751609802 - critic/score/mean:-0.5078125 - critic/score/max:1.0 - critic/score/min:-1.0 - critic/rewards/mean:-0.5078125 - critic/rewards/max:1.0 - critic/rewards/min:-1.0 - critic/advantages/mean:-0.05245377495884895 - critic/advantages/max:2.474870204925537 - critic/advantages/min:-2.474870204925537 - critic/returns/mean:-0.05245377495884895 - critic/returns/max:2.474870204925537 - critic/returns/min:-2.474870204925537 - response_length/mean:5865.38671875 - response_length/max:8192.0 - response_length/min:498.0 - response_length/clip_ratio:0.453125 - response_length_non_aborted/mean:5865.38671875 - response_length_non_aborted/max:8192.0 - response_length_non_aborted/min:498.0 - response_length_non_aborted/clip_ratio:0.453125 - response/aborted_ratio:0.0 - prompt_length/mean:152.734375 - prompt_length/max:466.0 - prompt_length/min:85.0 - prompt_length/clip_ratio:0.0 - num_turns/min:2.0 - num_turns/max:2.0 - num_turns/mean:2.0 - timing_s/start_profile:6.057001883164048e-06 - timing_s/gen:92.62419624299946 - timing_s/reward:1.9827999494737014e-05 - timing_s/adv:0.009264950000215322 - timing_s/update_actor:122.94546467299733 - timing_s/timing_s/param_sync:1.1611587180013885 - timing_s/step:234.40882976600187 - timing_s/stop_profile:4.850000550504774e-06 - timing_per_token_ms/adv:3.0068530006754733e-06 - timing_per_token_ms/update_actor:0.03990080241802178 - timing_per_token_ms/gen:0.03084308707366224 - perf/total_num_tokens:3081278.0 - perf/time_per_step:234.40882976600187 - perf/throughput:6572.444397840899 - dynamic_resource/mq_size:41.0 - fully_async/trainer/idle_ratio:0.3951395360638137 - dynamic_resource/train_resource_utilization:0.524531269767042 - dynamic_resource/rollout_resource_utilization:0.9999989897562891 - dynamic_resource/resource_utilization:0.7622651297616656
[36m(FullyAsyncTrainer pid=15032)[0m [FullyAsyncTrainer] Requesting 64 samples from queue
[36m(FullyAsyncTrainer pid=15032)[0m [FullyAsyncTrainer] sample collected 1/64. mq_len: 38
[36m(FullyAsyncTrainer pid=15032)[0m [FullyAsyncTrainer] sample collected 2/64. mq_len: 37
[36m(FullyAsyncTrainer pid=15032)[0m [FullyAsyncTrainer] sample collected 3/64. mq_len: 36
[36m(FullyAsyncTrainer pid=15032)[0m [FullyAsyncTrainer] sample collected 4/64. mq_len: 35
[36m(FullyAsyncTrainer pid=15032)[0m [FullyAsyncTrainer] sample collected 5/64. mq_len: 34
[36m(FullyAsyncTrainer pid=15032)[0m [FullyAsyncTrainer] sample collected 6/64. mq_len: 33
[36m(FullyAsyncTrainer pid=15032)[0m [FullyAsyncTrainer] sample collected 7/64. mq_len: 32
[36m(FullyAsyncTrainer pid=15032)[0m [FullyAsyncTrainer] sample collected 8/64. mq_len: 31
[36m(FullyAsyncTrainer pid=15032)[0m Training Progress:  22%|██▎       | 18/80 [1:09:03<3:42:18, 215.14s/it]
[36m(FullyAsyncRollouter pid=17027)[0m [FullyAsyncRollouter][RolloutResourceUtilization] raw active_count_history (timestamp, active_count, max_concurrent): [(1785038772.4677489, 15, 16), (1785038772.4678638, 16, 16), (1785038773.536156, 15, 16), (1785038773.5361834, 16, 16), (1785038776.4057002, 15, 16), (1785038776.4057293, 16, 16), (1785038780.7788832, 15, 16), (1785038780.7789075, 16, 16), (1785038782.5832143, 15, 16), (1785038782.5832732, 16, 16), (1785038783.5009382, 15, 16), (1785038783.5009618, 16, 16), (1785038787.7538328, 15, 16), (1785038787.7538571, 16, 16), (1785038788.9297998, 15, 16), (1785038788.929841, 16, 16), (1785038789.9362972, 15, 16), (1785038789.936324, 16, 16), (1785038800.4081426, 15, 16), (1785038800.408198, 16, 16), (1785038802.0996134, 15, 16), (1785038802.0996401, 16, 16), (1785038802.4868655, 15, 16), (1785038802.4868886, 16, 16), (1785038805.3471303, 15, 16), (1785038805.3471606, 16, 16), (1785038805.5405738, 15, 16), (1785038805.540601, 16, 16), (1785038806.3873618, 15, 16), (1785038806.3873906, 16, 16), (1785038808.5736115, 15, 16), (1785038808.5736396, 16, 16), (1785038813.7279906, 15, 16), (1785038813.7280507, 16, 16), (1785038813.794547, 15, 16), (1785038813.7945702, 16, 16), (1785038827.6788957, 15, 16), (1785038827.6789548, 16, 16), (1785038829.0322094, 15, 16), (1785038829.0322382, 16, 16), (1785038837.9879124, 15, 16), (1785038837.9879673, 16, 16), (1785038838.4243183, 15, 16), (1785038838.4243433, 16, 16), (1785038838.8831344, 15, 16), (1785038838.8831573, 16, 16), (1785038839.074011, 15, 16), (1785038839.0740323, 16, 16), (1785038839.5360973, 15, 16), (1785038839.5361242, 16, 16), (1785038841.5554526, 15, 16), (1785038841.5554829, 16, 16), (1785038845.67528, 15, 16), (1785038845.675304, 16, 16), (1785038854.2588356, 15, 16), (1785038854.2588887, 16, 16), (1785038857.38808, 15, 16), (1785038857.3881056, 16, 16), (1785038859.523633, 15, 16), (1785038859.5236588, 16, 16), (1785038860.0161698, 15, 16), (1785038860.0161948, 16, 16), (1785038863.9855046, 15, 16), (1785038863.9855282, 16, 16), (1785038865.9998183, 15, 16), (1785038865.999873, 16, 16), (1785038870.9286616, 15, 16), (1785038870.928685, 16, 16), (1785038870.9675515, 15, 16), (1785038870.9675722, 16, 16), (1785038878.3321836, 15, 16), (1785038878.332236, 16, 16), (1785038878.9063885, 15, 16), (1785038878.9064124, 16, 16), (1785038885.2390049, 15, 16), (1785038885.2390318, 16, 16), (1785038885.6132853, 15, 16), (1785038885.6133213, 16, 16), (1785038887.0491567, 15, 16), (1785038887.0491848, 16, 16), (1785038892.8275402, 15, 16), (1785038892.8276024, 16, 16), (1785038894.38944, 15, 16), (1785038894.3894682, 16, 16), (1785038897.386494, 15, 16), (1785038897.386519, 16, 16), (1785038897.4164705, 15, 16), (1785038897.416488, 16, 16), (1785038900.4741485, 15, 16), (1785038900.474177, 16, 16), (1785038903.7339497, 15, 16), (1785038903.7340143, 16, 16), (1785038912.7427099, 15, 16), (1785038912.7427433, 16, 16), (1785038915.5069551, 15, 16), (1785038915.507009, 16, 16), (1785038917.5583022, 15, 16), (1785038917.5583239, 16, 16), (1785038925.0793383, 15, 16), (1785038925.0793605, 16, 16), (1785038930.6352816, 15, 16), (1785038930.6353362, 16, 16), (1785038930.701673, 15, 16), (1785038930.701691, 16, 16), (1785038937.532428, 15, 16), (1785038937.532457, 16, 16), (1785038940.2602832, 15, 16), (1785038940.2603123, 16, 16), (1785038941.5581243, 15, 16), (1785038941.5581868, 16, 16), (1785038944.7233312, 15, 16), (1785038944.7233543, 16, 16), (1785038944.8454833, 15, 16), (1785038944.8455067, 16, 16), (1785038945.9146712, 15, 16), (1785038945.9146957, 16, 16), (1785038951.1232586, 15, 16), (1785038951.1232827, 16, 16), (1785038952.745832, 15, 16), (1785038952.745885, 16, 16), (1785038955.2130332, 15, 16), (1785038955.213057, 16, 16), (1785038958.2819, 15, 16), (1785038958.2819285, 16, 16), (1785038964.6748857, 15, 16), (1785038964.675856, 15, 16)]
[36m(FullyAsyncRollouter pid=17027)[0m [FullyAsyncRollouter][Public][reset_staleness] reset staleness_samples to: 54 idle_ratio: 0.0000 step_generated_samples(this_step): 62 rollout_resource_utilization: 1.0000 recent_history(last 10 steps): [(10, 67), (11, 59), (12, 70), (13, 58), (14, 70), (15, 63), (16, 62), (17, 64), (18, 65), (19, 62)]
[36m(FullyAsyncTrainer pid=15032)[0m [FullyAsyncTrainer] sample collected 9/64. mq_len: 30
[36m(FullyAsyncTrainer pid=15032)[0m [FullyAsyncTrainer] sample collected 10/64. mq_len: 29
[36m(FullyAsyncTrainer pid=15032)[0m [FullyAsyncTrainer] sample collected 11/64. mq_len: 28
[36m(FullyAsyncTrainer pid=15032)[0m [FullyAsyncTrainer] sample collected 12/64. mq_len: 27
[36m(FullyAsyncTrainer pid=15032)[0m [FullyAsyncTrainer] sample collected 13/64. mq_len: 26
[36m(FullyAsyncTrainer pid=15032)[0m [FullyAsyncTrainer] sample collected 14/64. mq_len: 25
[36m(FullyAsyncTrainer pid=15032)[0m [FullyAsyncTrainer] sample collected 15/64. mq_len: 24
[36m(FullyAsyncTrainer pid=15032)[0m [FullyAsyncTrainer] sample collected 16/64. mq_len: 23
[36m(FullyAsyncTrainer pid=15032)[0m [FullyAsyncTrainer] sample collected 17/64. mq_len: 22
[36m(FullyAsyncTrainer pid=15032)[0m [FullyAsyncTrainer] sample collected 18/64. mq_len: 21
[36m(FullyAsyncTrainer pid=15032)[0m [FullyAsyncTrainer] sample collected 19/64. mq_len: 20
[36m(FullyAsyncTrainer pid=15032)[0m [FullyAsyncTrainer] sample collected 20/64. mq_len: 19
[36m(FullyAsyncTrainer pid=15032)[0m [FullyAsyncTrainer] sample collected 21/64. mq_len: 18
[36m(FullyAsyncTrainer pid=15032)[0m [FullyAsyncTrainer] sample collected 22/64. mq_len: 17
[36m(FullyAsyncTrainer pid=15032)[0m [FullyAsyncTrainer] sample collected 23/64. mq_len: 16
[36m(FullyAsyncTrainer pid=15032)[0m [FullyAsyncTrainer] sample collected 24/64. mq_len: 15
[36m(FullyAsyncTrainer pid=15032)[0m [FullyAsyncTrainer] sample collected 25/64. mq_len: 14
[36m(FullyAsyncTrainer pid=15032)[0m [FullyAsyncTrainer] sample collected 26/64. mq_len: 13
[36m(FullyAsyncTrainer pid=15032)[0m [FullyAsyncTrainer] sample collected 27/64. mq_len: 12
[36m(FullyAsyncTrainer pid=15032)[0m [FullyAsyncTrainer] sample collected 28/64. mq_len: 11
[36m(FullyAsyncTrainer pid=15032)[0m [FullyAsyncTrainer] sample collected 29/64. mq_len: 10
[36m(FullyAsyncTrainer pid=15032)[0m [FullyAsyncTrainer] sample collected 30/64. mq_len: 9
[36m(FullyAsyncTrainer pid=15032)[0m [FullyAsyncTrainer] sample collected 31/64. mq_len: 8
[36m(FullyAsyncTrainer pid=15032)[0m [FullyAsyncTrainer] sample collected 32/64. mq_len: 7
[36m(FullyAsyncTrainer pid=15032)[0m [FullyAsyncTrainer] sample collected 33/64. mq_len: 6
[36m(FullyAsyncTrainer pid=15032)[0m [FullyAsyncTrainer] sample collected 34/64. mq_len: 5
[36m(FullyAsyncTrainer pid=15032)[0m [FullyAsyncTrainer] sample collected 35/64. mq_len: 4
[36m(FullyAsyncTrainer pid=15032)[0m [FullyAsyncTrainer] sample collected 36/64. mq_len: 3
[36m(FullyAsyncTrainer pid=15032)[0m [FullyAsyncTrainer] sample collected 37/64. mq_len: 2
[36m(FullyAsyncTrainer pid=15032)[0m [FullyAsyncTrainer] sample collected 38/64. mq_len: 1
[36m(FullyAsyncTrainer pid=15032)[0m [FullyAsyncTrainer] sample collected 39/64. mq_len: 0
[36m(FullyAsyncRollouter pid=17027)[0m [FullyAsyncRollouter][MonitorLoop][Statistics] {'count/dropped_stale_samples': 0,
[36m(FullyAsyncRollouter pid=17027)[0m  'count/staleness_samples': 55,
[36m(FullyAsyncRollouter pid=17027)[0m  'count/total_generated_samples': 1191,
[36m(FullyAsyncRollouter pid=17027)[0m  'monitor/active_tasks_size': 16,
[36m(FullyAsyncRollouter pid=17027)[0m  'monitor/queue/mq_queue_size': 0,
[36m(FullyAsyncRollouter pid=17027)[0m  'monitor/queue/pending_queue_size': 128,
[36m(FullyAsyncRollouter pid=17027)[0m  'static/max_concurrent_samples': 16,
[36m(FullyAsyncRollouter pid=17027)[0m  'static/max_queue_size': 640064,
[36m(FullyAsyncRollouter pid=17027)[0m  'static/max_required_samples': 640064,
[36m(FullyAsyncRollouter pid=17027)[0m  'static/required_samples': 64,
[36m(FullyAsyncRollouter pid=17027)[0m  'static/staleness_threshold': 10000}
[36m(FullyAsyncTrainer pid=15032)[0m [FullyAsyncTrainer] sample collected 40/64. mq_len: 0
[36m(FullyAsyncTrainer pid=15032)[0m [FullyAsyncTrainer] sample collected 41/64. mq_len: 0
[36m(FullyAsyncTrainer pid=15032)[0m [FullyAsyncTrainer] sample collected 42/64. mq_len: 0
[36m(FullyAsyncTrainer pid=15032)[0m [FullyAsyncTrainer] sample collected 43/64. mq_len: 0
[36m(FullyAsyncTrainer pid=15032)[0m [FullyAsyncTrainer] sample collected 44/64. mq_len: 0
[36m(FullyAsyncTrainer pid=15032)[0m [FullyAsyncTrainer] sample collected 45/64. mq_len: 0
[36m(FullyAsyncTrainer pid=15032)[0m [FullyAsyncTrainer] sample collected 46/64. mq_len: 0
[36m(FullyAsyncTrainer pid=15032)[0m [FullyAsyncTrainer] sample collected 47/64. mq_len: 0
[36m(FullyAsyncTrainer pid=15032)[0m [FullyAsyncTrainer] sample collected 48/64. mq_len: 0
[36m(MessageQueue pid=23826)[0m MessageQueue stats: produced=1200, queue_size=1
[36m(FullyAsyncTrainer pid=15032)[0m [FullyAsyncTrainer] sample collected 49/64. mq_len: 0
[36m(FullyAsyncTrainer pid=15032)[0m [FullyAsyncTrainer] sample collected 50/64. mq_len: 0
[36m(FullyAsyncTrainer pid=15032)[0m [FullyAsyncTrainer] sample collected 51/64. mq_len: 0
[36m(FullyAsyncTrainer pid=15032)[0m [FullyAsyncTrainer] sample collected 52/64. mq_len: 0
[36m(FullyAsyncTrainer pid=15032)[0m [FullyAsyncTrainer] sample collected 53/64. mq_len: 0
[36m(FullyAsyncTrainer pid=15032)[0m [FullyAsyncTrainer] sample collected 54/64. mq_len: 0
[36m(FullyAsyncTrainer pid=15032)[0m [FullyAsyncTrainer] sample collected 55/64. mq_len: 0
[36m(FullyAsyncTrainer pid=15032)[0m [FullyAsyncTrainer] sample collected 56/64. mq_len: 0
[36m(FullyAsyncRollouter pid=17027)[0m [FullyAsyncRollouter][MonitorLoop][Statistics] {'count/dropped_stale_samples': 0,
[36m(FullyAsyncRollouter pid=17027)[0m  'count/staleness_samples': 72,
[36m(FullyAsyncRollouter pid=17027)[0m  'count/total_generated_samples': 1208,
[36m(FullyAsyncRollouter pid=17027)[0m  'monitor/active_tasks_size': 16,
[36m(FullyAsyncRollouter pid=17027)[0m  'monitor/queue/mq_queue_size': 0,
[36m(FullyAsyncRollouter pid=17027)[0m  'monitor/queue/pending_queue_size': 128,
[36m(FullyAsyncRollouter pid=17027)[0m  'static/max_concurrent_samples': 16,
[36m(FullyAsyncRollouter pid=17027)[0m  'static/max_queue_size': 640064,
[36m(FullyAsyncRollouter pid=17027)[0m  'static/max_required_samples': 640064,
[36m(FullyAsyncRollouter pid=17027)[0m  'static/required_samples': 64,
[36m(FullyAsyncRollouter pid=17027)[0m  'static/staleness_threshold': 10000}
[36m(FullyAsyncTrainer pid=15032)[0m [FullyAsyncTrainer] sample collected 57/64. mq_len: 0
[36m(FullyAsyncTrainer pid=15032)[0m [FullyAsyncTrainer] sample collected 58/64. mq_len: 0
[36m(FullyAsyncTrainer pid=15032)[0m [FullyAsyncTrainer] sample collected 59/64. mq_len: 0
[36m(FullyAsyncTrainer pid=15032)[0m [FullyAsyncTrainer] sample collected 60/64. mq_len: 0
[36m(FullyAsyncTrainer pid=15032)[0m [FullyAsyncTrainer] sample collected 61/64. mq_len: 0
[36m(FullyAsyncTrainer pid=15032)[0m [FullyAsyncTrainer] sample collected 62/64. mq_len: 0
[36m(FullyAsyncTrainer pid=15032)[0m [FullyAsyncTrainer] sample collected 63/64. mq_len: 0
[36m(FullyAsyncTrainer pid=15032)[0m [FullyAsyncTrainer] sample collected 64/64. mq_len: 0
[36m(FullyAsyncTrainer pid=15032)[0m [FullyAsyncTrainer] Collected 64/64 samples. mq_len: 0
[36m(FullyAsyncTrainer pid=15032)[0m [FullyAsyncTrainer] Loop collection completed: 64/64 samples, total wait time: 116.52 seconds. mq_len: 0
[36m(FullyAsyncTrainer pid=15032)[0m [BatchUtils] Assembling batch from 64 RolloutSample objects
[36m(FullyAsyncTrainer pid=15032)[0m [BatchUtils] Batch assembly completed in 0.25s
[36m(FullyAsyncRollouter pid=17027)[0m [FullyAsyncRollouter][MonitorLoop][Statistics] {'count/dropped_stale_samples': 0,
[36m(FullyAsyncRollouter pid=17027)[0m  'count/staleness_samples': 90,
[36m(FullyAsyncRollouter pid=17027)[0m  'count/total_generated_samples': 1226,
[36m(FullyAsyncRollouter pid=17027)[0m  'monitor/active_tasks_size': 16,
[36m(FullyAsyncRollouter pid=17027)[0m  'monitor/queue/mq_queue_size': 10,
[36m(FullyAsyncRollouter pid=17027)[0m  'monitor/queue/pending_queue_size': 128,
[36m(FullyAsyncRollouter pid=17027)[0m  'static/max_concurrent_samples': 16,
[36m(FullyAsyncRollouter pid=17027)[0m  'static/max_queue_size': 640064,
[36m(FullyAsyncRollouter pid=17027)[0m  'static/max_required_samples': 640064,
[36m(FullyAsyncRollouter pid=17027)[0m  'static/required_samples': 64,
[36m(FullyAsyncRollouter pid=17027)[0m  'static/staleness_threshold': 10000}
[36m(FullyAsyncRollouter pid=17027)[0m [FullyAsyncRollouter][MonitorLoop][Statistics] {'count/dropped_stale_samples': 0,
[36m(FullyAsyncRollouter pid=17027)[0m  'count/staleness_samples': 110,
[36m(FullyAsyncRollouter pid=17027)[0m  'count/total_generated_samples': 1246,
[36m(FullyAsyncRollouter pid=17027)[0m  'monitor/active_tasks_size': 16,
[36m(FullyAsyncRollouter pid=17027)[0m  'monitor/queue/mq_queue_size': 30,
[36m(FullyAsyncRollouter pid=17027)[0m  'monitor/queue/pending_queue_size': 128,
[36m(FullyAsyncRollouter pid=17027)[0m  'static/max_concurrent_samples': 16,
[36m(FullyAsyncRollouter pid=17027)[0m  'static/max_queue_size': 640064,
[36m(FullyAsyncRollouter pid=17027)[0m  'static/max_required_samples': 640064,
[36m(FullyAsyncRollouter pid=17027)[0m  'static/required_samples': 64,
[36m(FullyAsyncRollouter pid=17027)[0m  'static/staleness_threshold': 10000}
[36m(FullyAsyncTrainer pid=15032)[0m [FullyAsyncTrainer] global_steps: 19 local_trigger_step: 1 trigger_parameter_sync_step: 1 04:13:30.764
[36m(vLLMHttpServer pid=19201)[0m (Worker pid=20570) WARNING 07-26 04:13:32 [layerwise.py:225] RotaryEmbedding: Failed to load weights
[36m(vLLMHttpServer pid=19201)[0m (EngineCore pid=20179) WARNING 07-26 04:13:32 [scheduler.py:1919] reset_connector called but no KV connector is configured.
[36m(FullyAsyncTrainer pid=15032)[0m [FullyAsyncTrainer] _fit_update_weights, timing_s/param_sync: 1.6410 seconds self.current_param_version: 19
[36m(FullyAsyncTrainer pid=15032)[0m step:19 - fully_async/rollouter/active_time:265.2063434123993 - fully_async/rollouter/version_time:265.2063434123993 - fully_async/rollouter/idle_ratio:0 - fully_async/rollouter/step_generated_samples:69 - dynamic_resource/rollout_resource_utilization:0.9999991907381458
[36m(FullyAsyncTrainer pid=15032)[0m aggregated metrics done. cost 0.0003 seconds.
[36m(FullyAsyncTrainer pid=15032)[0m step:19 - training/global_step:18.0 - training/epoch:0.0 - fully_async/count/stale_trajectory_processed:5659.0 - fully_async/count/current_param_version:17.0 - fully_async/processing_time/avg:42.97932714331249 - fully_async/processing_time/max:80.81201585699819 - fully_async/processing_time/min:2.754163221001363 - fully_async/processing_time/tp50:48.96403377549905 - fully_async/processing_time/tp99:80.41667189804306 - fully_async/processing_time/tp95:78.99896907609872 - fully_async/monitor/active_tasks_size:16.0 - fully_async/monitor/queue/pending_queue_size:128.0 - fully_async/monitor/queue/mq_queue_size:0.0 - fully_async/count/total_generated_samples:1088.0 - fully_async/count/staleness_samples:80.0 - fully_async/count/dropped_stale_samples:0.0 - fully_async/static/max_required_samples:640064.0 - fully_async/static/required_samples:64.0 - fully_async/static/staleness_threshold:10000.0 - fully_async/static/max_queue_size:640064.0 - fully_async/static/max_concurrent_samples:16.0 - fully_async/partial/total_partial_num:103.0 - fully_async/partial/partial_ratio:0.201171875 - fully_async/partial/max_partial_span:1.0 - timing_s/agent_loop/tool_calls/max:0.0 - timing_s/agent_loop/tool_calls/min:0.0 - timing_s/agent_loop/tool_calls/mean:0.0 - fully_async/total_wait_time:66.56723093986511 - actor/pg_clipfrac:0.00023221094251493922 - actor/ppo_kl:0.0007016850025393068 - actor/pg_clipfrac_lower:9.898948483169078e-07 - actor/pg_loss:0.05327992632993528 - actor/loss:0.05327992886304855 - actor/grad_norm:0.023806491866707802 - actor/lr:1e-06 - actor/perf/max_memory_allocated_gb:40.323824882507324 - actor/perf/max_memory_reserved_gb:73.130859375 - actor/perf/cpu_memory_used_gb:52.02455520629883 - perf/mfu/actor:0.32359341087942683 - dynamic_resource/train_compute_time_s:120.30845049299387 - dynamic_resource/train_allocated_time_s:192.16698932647705 - critic/score/mean:-0.53125 - critic/score/max:1.0 - critic/score/min:-1.0 - critic/rewards/mean:-0.53125 - critic/rewards/max:1.0 - critic/rewards/min:-1.0 - critic/advantages/mean:-0.053286440670490265 - critic/advantages/max:2.474870204925537 - critic/advantages/min:-2.474870204925537 - critic/returns/mean:-0.053286440670490265 - critic/returns/max:2.474870204925537 - critic/returns/min:-2.474870204925537 - response_length/mean:5794.310546875 - response_length/max:8192.0 - response_length/min:417.0 - response_length/clip_ratio:0.421875 - response_length_non_aborted/mean:5794.310546875 - response_length_non_aborted/max:8192.0 - response_length_non_aborted/min:417.0 - response_length_non_aborted/clip_ratio:0.421875 - response/aborted_ratio:0.0 - prompt_length/mean:158.65625 - prompt_length/max:603.0 - prompt_length/min:76.0 - prompt_length/clip_ratio:0.0 - num_turns/min:2.0 - num_turns/max:2.0 - num_turns/mean:2.0 - timing_s/start_profile:5.906997103011236e-06 - timing_s/gen:66.91970350799966 - timing_s/reward:1.8523998733144253e-05 - timing_s/adv:0.009538417998555815 - timing_s/update_actor:120.29889355099658 - timing_s/timing_s/param_sync:1.5289813470008085 - timing_s/step:192.16700955300257 - timing_s/stop_profile:4.814002750208601e-06 - timing_per_token_ms/adv:3.1294853959556716e-06 - timing_per_token_ms/update_actor:0.03946918981475445 - timing_per_token_ms/gen:0.02255704882517086 - perf/total_num_tokens:3047919.0 - perf/time_per_step:192.16700955300257 - perf/throughput:7930.390880020792 - dynamic_resource/mq_size:39.0 - fully_async/trainer/idle_ratio:0.34823721128647833 - dynamic_resource/train_resource_utilization:0.6260620042737881 - dynamic_resource/rollout_resource_utilization:0.9999991907381458 - dynamic_resource/resource_utilization:0.813030597505967
[36m(FullyAsyncTrainer pid=15032)[0m [FullyAsyncTrainer] Requesting 64 samples from queue
[36m(FullyAsyncTrainer pid=15032)[0m [FullyAsyncTrainer] sample collected 1/64. mq_len: 43
[36m(FullyAsyncTrainer pid=15032)[0m [FullyAsyncTrainer] sample collected 2/64. mq_len: 42
[36m(FullyAsyncTrainer pid=15032)[0m [FullyAsyncTrainer] sample collected 3/64. mq_len: 41
[36m(FullyAsyncTrainer pid=15032)[0m Training Progress:  24%|██▍       | 19/80 [1:13:28<3:54:00, 230.18s/it]
[36m(FullyAsyncRollouter pid=17027)[0m [FullyAsyncRollouter][RolloutResourceUtilization] raw active_count_history (timestamp, active_count, max_concurrent): [(1785038964.676171, 15, 16), (1785038964.6762977, 16, 16), (1785038979.928357, 15, 16), (1785038979.9284098, 16, 16), (1785038986.3337338, 15, 16), (1785038986.3337617, 16, 16), (1785038992.5828018, 15, 16), (1785038992.5828645, 16, 16), (1785038995.2237651, 15, 16), (1785038995.2237885, 16, 16), (1785039002.6073372, 15, 16), (1785039002.607386, 16, 16), (1785039009.3540044, 15, 16), (1785039009.3540275, 16, 16), (1785039009.6130126, 15, 16), (1785039009.6130373, 16, 16), (1785039010.6330006, 15, 16), (1785039010.6330256, 16, 16), (1785039017.925482, 15, 16), (1785039017.925532, 16, 16), (1785039022.0360966, 15, 16), (1785039022.0361207, 16, 16), (1785039026.3644674, 15, 16), (1785039026.3644927, 16, 16), (1785039026.5275881, 15, 16), (1785039026.5276105, 16, 16), (1785039027.941387, 15, 16), (1785039027.9414403, 16, 16), (1785039028.0972018, 15, 16), (1785039028.097222, 16, 16), (1785039029.825692, 15, 16), (1785039029.8257143, 16, 16), (1785039029.899628, 15, 16), (1785039029.8996484, 16, 16), (1785039031.034477, 15, 16), (1785039031.0345001, 16, 16), (1785039038.1881876, 15, 16), (1785039038.188256, 16, 16), (1785039050.5476806, 15, 16), (1785039050.5477374, 16, 16), (1785039056.2227266, 15, 16), (1785039056.2227504, 16, 16), (1785039059.0085654, 15, 16), (1785039059.0085883, 16, 16), (1785039073.7430851, 15, 16), (1785039073.743139, 16, 16), (1785039073.8260283, 15, 16), (1785039073.826052, 16, 16), (1785039074.6609185, 15, 16), (1785039074.6609426, 16, 16), (1785039081.228322, 15, 16), (1785039081.2283447, 16, 16), (1785039085.3887033, 15, 16), (1785039085.3887734, 16, 16), (1785039089.6132338, 15, 16), (1785039089.6132572, 16, 16), (1785039089.8747804, 15, 16), (1785039089.8748047, 16, 16), (1785039091.439806, 15, 16), (1785039091.4398391, 16, 16), (1785039091.4568446, 15, 16), (1785039091.4568617, 16, 16), (1785039093.2293396, 15, 16), (1785039093.229362, 16, 16), (1785039093.2325034, 15, 16), (1785039093.2325199, 16, 16), (1785039094.4512336, 15, 16), (1785039094.4512577, 16, 16), (1785039095.8303308, 15, 16), (1785039095.8303826, 16, 16), (1785039100.6535175, 15, 16), (1785039100.653541, 16, 16), (1785039109.952625, 15, 16), (1785039109.9526763, 16, 16), (1785039112.0067399, 15, 16), (1785039112.0067627, 16, 16), (1785039125.2851803, 15, 16), (1785039125.2852547, 16, 16), (1785039130.9167175, 15, 16), (1785039130.9167414, 16, 16), (1785039131.022476, 15, 16), (1785039131.0224988, 16, 16), (1785039132.3602138, 15, 16), (1785039132.36024, 16, 16), (1785039138.8515205, 15, 16), (1785039138.8515794, 16, 16), (1785039143.545336, 15, 16), (1785039143.5453632, 16, 16), (1785039148.013644, 15, 16), (1785039148.0136695, 16, 16), (1785039148.1158323, 15, 16), (1785039148.1158543, 16, 16), (1785039149.9642239, 15, 16), (1785039149.964286, 16, 16), (1785039150.0125985, 15, 16), (1785039150.0126164, 16, 16), (1785039151.7661703, 15, 16), (1785039151.7661953, 16, 16), (1785039152.0820467, 15, 16), (1785039152.0820694, 16, 16), (1785039153.6389663, 15, 16), (1785039153.6389914, 16, 16), (1785039155.0221872, 15, 16), (1785039155.0222092, 16, 16), (1785039158.6058915, 15, 16), (1785039158.6059165, 16, 16), (1785039159.971914, 15, 16), (1785039159.9719586, 16, 16), (1785039165.6670754, 15, 16), (1785039165.667107, 16, 16), (1785039166.3841236, 15, 16), (1785039166.3841486, 16, 16), (1785039171.8208025, 15, 16), (1785039171.8208678, 16, 16), (1785039180.2508397, 15, 16), (1785039180.2508667, 16, 16), (1785039183.6615417, 15, 16), (1785039183.6615932, 16, 16), (1785039183.6666656, 15, 16), (1785039183.66668, 16, 16), (1785039184.6052032, 15, 16), (1785039184.605227, 16, 16), (1785039188.0354202, 15, 16), (1785039188.0354517, 16, 16), (1785039191.0717642, 15, 16), (1785039191.0717866, 16, 16), (1785039197.155616, 15, 16), (1785039197.1556687, 16, 16), (1785039201.8364303, 15, 16), (1785039201.8364635, 16, 16), (1785039206.1131337, 15, 16), (1785039206.1131606, 16, 16), (1785039208.9139864, 15, 16), (1785039208.9140508, 16, 16), (1785039210.0886042, 15, 16), (1785039210.0886278, 16, 16), (1785039210.5933607, 15, 16), (1785039210.593385, 16, 16), (1785039229.8815358, 15, 16), (1785039229.8825731, 15, 16)]
[36m(FullyAsyncRollouter pid=17027)[0m [FullyAsyncRollouter][Public][reset_staleness] reset staleness_samples to: 59 idle_ratio: 0.0000 step_generated_samples(this_step): 69 rollout_resource_utilization: 1.0000 recent_history(last 10 steps): [(11, 59), (12, 70), (13, 58), (14, 70), (15, 63), (16, 62), (17, 64), (18, 65), (19, 62), (20, 69)]
[36m(FullyAsyncTrainer pid=15032)[0m [FullyAsyncTrainer] sample collected 4/64. mq_len: 40
[36m(FullyAsyncTrainer pid=15032)[0m [FullyAsyncTrainer] sample collected 5/64. mq_len: 39
[36m(FullyAsyncTrainer pid=15032)[0m [FullyAsyncTrainer] sample collected 6/64. mq_len: 38
[36m(FullyAsyncTrainer pid=15032)[0m [FullyAsyncTrainer] sample collected 7/64. mq_len: 37
[36m(FullyAsyncTrainer pid=15032)[0m [FullyAsyncTrainer] sample collected 8/64. mq_len: 36
[36m(FullyAsyncTrainer pid=15032)[0m [FullyAsyncTrainer] sample collected 9/64. mq_len: 35
[36m(FullyAsyncTrainer pid=15032)[0m [FullyAsyncTrainer] sample collected 10/64. mq_len: 34
[36m(FullyAsyncTrainer pid=15032)[0m [FullyAsyncTrainer] sample collected 11/64. mq_len: 33
[36m(FullyAsyncTrainer pid=15032)[0m [FullyAsyncTrainer] sample collected 12/64. mq_len: 32
[36m(FullyAsyncTrainer pid=15032)[0m [FullyAsyncTrainer] sample collected 13/64. mq_len: 31
[36m(FullyAsyncTrainer pid=15032)[0m [FullyAsyncTrainer] sample collected 14/64. mq_len: 30
[36m(FullyAsyncTrainer pid=15032)[0m [FullyAsyncTrainer] sample collected 15/64. mq_len: 29
[36m(FullyAsyncTrainer pid=15032)[0m [FullyAsyncTrainer] sample collected 16/64. mq_len: 28
[36m(FullyAsyncTrainer pid=15032)[0m [FullyAsyncTrainer] sample collected 17/64. mq_len: 27
[36m(FullyAsyncTrainer pid=15032)[0m [FullyAsyncTrainer] sample collected 18/64. mq_len: 26
[36m(FullyAsyncTrainer pid=15032)[0m [FullyAsyncTrainer] sample collected 19/64. mq_len: 25
[36m(FullyAsyncTrainer pid=15032)[0m [FullyAsyncTrainer] sample collected 20/64. mq_len: 24
[36m(FullyAsyncTrainer pid=15032)[0m [FullyAsyncTrainer] sample collected 21/64. mq_len: 23
[36m(FullyAsyncTrainer pid=15032)[0m [FullyAsyncTrainer] sample collected 22/64. mq_len: 22
[36m(FullyAsyncTrainer pid=15032)[0m [FullyAsyncTrainer] sample collected 23/64. mq_len: 21
[36m(FullyAsyncTrainer pid=15032)[0m [FullyAsyncTrainer] sample collected 24/64. mq_len: 20
[36m(FullyAsyncTrainer pid=15032)[0m [FullyAsyncTrainer] sample collected 25/64. mq_len: 19
[36m(FullyAsyncTrainer pid=15032)[0m [FullyAsyncTrainer] sample collected 26/64. mq_len: 18
[36m(FullyAsyncTrainer pid=15032)[0m [FullyAsyncTrainer] sample collected 27/64. mq_len: 17
[36m(FullyAsyncTrainer pid=15032)[0m [FullyAsyncTrainer] sample collected 28/64. mq_len: 16
[36m(FullyAsyncTrainer pid=15032)[0m [FullyAsyncTrainer] sample collected 29/64. mq_len: 15
[36m(FullyAsyncTrainer pid=15032)[0m [FullyAsyncTrainer] sample collected 30/64. mq_len: 14
[36m(FullyAsyncTrainer pid=15032)[0m [FullyAsyncTrainer] sample collected 31/64. mq_len: 13
[36m(FullyAsyncTrainer pid=15032)[0m [FullyAsyncTrainer] sample collected 32/64. mq_len: 12
[36m(FullyAsyncTrainer pid=15032)[0m [FullyAsyncTrainer] sample collected 33/64. mq_len: 11
[36m(FullyAsyncTrainer pid=15032)[0m [FullyAsyncTrainer] sample collected 34/64. mq_len: 10
[36m(FullyAsyncTrainer pid=15032)[0m [FullyAsyncTrainer] sample collected 35/64. mq_len: 9
[36m(FullyAsyncTrainer pid=15032)[0m [FullyAsyncTrainer] sample collected 36/64. mq_len: 8
[36m(FullyAsyncTrainer pid=15032)[0m [FullyAsyncTrainer] sample collected 37/64. mq_len: 7
[36m(FullyAsyncTrainer pid=15032)[0m [FullyAsyncTrainer] sample collected 38/64. mq_len: 6
[36m(FullyAsyncTrainer pid=15032)[0m [FullyAsyncTrainer] sample collected 39/64. mq_len: 5
[36m(FullyAsyncTrainer pid=15032)[0m [FullyAsyncTrainer] sample collected 40/64. mq_len: 4
[36m(FullyAsyncTrainer pid=15032)[0m [FullyAsyncTrainer] sample collected 41/64. mq_len: 3
[36m(FullyAsyncTrainer pid=15032)[0m [FullyAsyncTrainer] sample collected 42/64. mq_len: 2
[36m(FullyAsyncTrainer pid=15032)[0m [FullyAsyncTrainer] sample collected 43/64. mq_len: 1
[36m(FullyAsyncTrainer pid=15032)[0m [FullyAsyncTrainer] sample collected 44/64. mq_len: 0
[36m(FullyAsyncTrainer pid=15032)[0m [FullyAsyncTrainer] sample collected 45/64. mq_len: 0
[36m(FullyAsyncRollouter pid=17027)[0m [FullyAsyncRollouter][MonitorLoop][Statistics] {'count/dropped_stale_samples': 0,
[36m(FullyAsyncRollouter pid=17027)[0m  'count/staleness_samples': 61,
[36m(FullyAsyncRollouter pid=17027)[0m  'count/total_generated_samples': 1261,
[36m(FullyAsyncRollouter pid=17027)[0m  'monitor/active_tasks_size': 16,
[36m(FullyAsyncRollouter pid=17027)[0m  'monitor/queue/mq_queue_size': 0,
[36m(FullyAsyncRollouter pid=17027)[0m  'monitor/queue/pending_queue_size': 128,
[36m(FullyAsyncRollouter pid=17027)[0m  'static/max_concurrent_samples': 16,
[36m(FullyAsyncRollouter pid=17027)[0m  'static/max_queue_size': 640064,
[36m(FullyAsyncRollouter pid=17027)[0m  'static/max_required_samples': 640064,
[36m(FullyAsyncRollouter pid=17027)[0m  'static/required_samples': 64,
[36m(FullyAsyncRollouter pid=17027)[0m  'static/staleness_threshold': 10000}
[36m(FullyAsyncTrainer pid=15032)[0m [FullyAsyncTrainer] sample collected 46/64. mq_len: 0
[36m(FullyAsyncTrainer pid=15032)[0m [FullyAsyncTrainer] sample collected 47/64. mq_len: 0
[36m(FullyAsyncTrainer pid=15032)[0m [FullyAsyncTrainer] sample collected 48/64. mq_len: 0
[36m(FullyAsyncTrainer pid=15032)[0m [FullyAsyncTrainer] sample collected 49/64. mq_len: 0
[36m(FullyAsyncTrainer pid=15032)[0m [FullyAsyncTrainer] sample collected 50/64. mq_len: 0
[36m(FullyAsyncTrainer pid=15032)[0m [FullyAsyncTrainer] sample collected 51/64. mq_len: 0
[36m(FullyAsyncTrainer pid=15032)[0m [FullyAsyncTrainer] sample collected 52/64. mq_len: 0
[36m(FullyAsyncTrainer pid=15032)[0m [FullyAsyncTrainer] sample collected 53/64. mq_len: 0
[36m(FullyAsyncTrainer pid=15032)[0m [FullyAsyncTrainer] sample collected 54/64. mq_len: 0
[36m(FullyAsyncTrainer pid=15032)[0m [FullyAsyncTrainer] sample collected 55/64. mq_len: 0
[36m(FullyAsyncTrainer pid=15032)[0m [FullyAsyncTrainer] sample collected 56/64. mq_len: 0
[36m(FullyAsyncTrainer pid=15032)[0m [FullyAsyncTrainer] sample collected 57/64. mq_len: 0
[36m(FullyAsyncTrainer pid=15032)[0m [FullyAsyncTrainer] sample collected 58/64. mq_len: 0
[36m(FullyAsyncTrainer pid=15032)[0m [FullyAsyncTrainer] sample collected 59/64. mq_len: 0
[36m(FullyAsyncTrainer pid=15032)[0m [FullyAsyncTrainer] sample collected 60/64. mq_len: 0
[36m(FullyAsyncTrainer pid=15032)[0m [FullyAsyncTrainer] sample collected 61/64. mq_len: 0
[36m(FullyAsyncTrainer pid=15032)[0m [FullyAsyncTrainer] sample collected 62/64. mq_len: 0
[36m(FullyAsyncTrainer pid=15032)[0m [FullyAsyncTrainer] sample collected 63/64. mq_len: 0
[36m(FullyAsyncTrainer pid=15032)[0m [FullyAsyncTrainer] sample collected 64/64. mq_len: 0
[36m(FullyAsyncTrainer pid=15032)[0m [FullyAsyncTrainer] Collected 64/64 samples. mq_len: 0
[36m(FullyAsyncTrainer pid=15032)[0m [FullyAsyncTrainer] Loop collection completed: 64/64 samples, total wait time: 77.71 seconds. mq_len: 0
[36m(FullyAsyncTrainer pid=15032)[0m [BatchUtils] Assembling batch from 64 RolloutSample objects
[36m(FullyAsyncTrainer pid=15032)[0m [BatchUtils] Batch assembly completed in 0.21s
[36m(FullyAsyncRollouter pid=17027)[0m [FullyAsyncRollouter][MonitorLoop][Statistics] {'count/dropped_stale_samples': 0,
[36m(FullyAsyncRollouter pid=17027)[0m  'count/staleness_samples': 80,
[36m(FullyAsyncRollouter pid=17027)[0m  'count/total_generated_samples': 1280,
[36m(FullyAsyncRollouter pid=17027)[0m  'monitor/active_tasks_size': 16,
[36m(FullyAsyncRollouter pid=17027)[0m  'monitor/queue/mq_queue_size': 0,
[36m(FullyAsyncRollouter pid=17027)[0m  'monitor/queue/pending_queue_size': 128,
[36m(FullyAsyncRollouter pid=17027)[0m  'static/max_concurrent_samples': 16,
[36m(FullyAsyncRollouter pid=17027)[0m  'static/max_queue_size': 640064,
[36m(FullyAsyncRollouter pid=17027)[0m  'static/max_required_samples': 640064,
[36m(FullyAsyncRollouter pid=17027)[0m  'static/required_samples': 64,
[36m(FullyAsyncRollouter pid=17027)[0m  'static/staleness_threshold': 10000}
[36m(MessageQueue pid=23826)[0m MessageQueue stats: produced=1300, queue_size=20
[36m(FullyAsyncRollouter pid=17027)[0m [FullyAsyncRollouter][MonitorLoop][Statistics] {'count/dropped_stale_samples': 0,
[36m(FullyAsyncRollouter pid=17027)[0m  'count/staleness_samples': 104,
[36m(FullyAsyncRollouter pid=17027)[0m  'count/total_generated_samples': 1304,
[36m(FullyAsyncRollouter pid=17027)[0m  'monitor/active_tasks_size': 16,
[36m(FullyAsyncRollouter pid=17027)[0m  'monitor/queue/mq_queue_size': 24,
[36m(FullyAsyncRollouter pid=17027)[0m  'monitor/queue/pending_queue_size': 128,
[36m(FullyAsyncRollouter pid=17027)[0m  'static/max_concurrent_samples': 16,
[36m(FullyAsyncRollouter pid=17027)[0m  'static/max_queue_size': 640064,
[36m(FullyAsyncRollouter pid=17027)[0m  'static/max_required_samples': 640064,
[36m(FullyAsyncRollouter pid=17027)[0m  'static/required_samples': 64,
[36m(FullyAsyncRollouter pid=17027)[0m  'static/staleness_threshold': 10000}
[36m(FullyAsyncTrainer pid=15032)[0m [FullyAsyncTrainer] global_steps: 20 local_trigger_step: 1 trigger_parameter_sync_step: 1 04:17:15.607
[36m(vLLMHttpServer pid=19201)[0m (Worker pid=20570) WARNING 07-26 04:17:16 [layerwise.py:225] RotaryEmbedding: Failed to load weights
[36m(vLLMHttpServer pid=19201)[0m (EngineCore pid=20179) WARNING 07-26 04:17:16 [scheduler.py:1919] reset_connector called but no KV connector is configured.
[36m(FullyAsyncTrainer pid=15032)[0m [FullyAsyncTrainer] _fit_update_weights, timing_s/param_sync: 1.2090 seconds self.current_param_version: 20
[36m(FullyAsyncTrainer pid=15032)[0m step:20 - fully_async/rollouter/active_time:224.38464498519897 - fully_async/rollouter/version_time:224.38464498519897 - fully_async/rollouter/idle_ratio:0 - fully_async/rollouter/step_generated_samples:58 - dynamic_resource/rollout_resource_utilization:0.999999174071429
[36m(FullyAsyncTrainer pid=15032)[0m aggregated metrics done. cost 0.0003 seconds.
[36m(FullyAsyncTrainer pid=15032)[0m step:20 - training/global_step:19.0 - training/epoch:0.0 - fully_async/count/stale_trajectory_processed:5977.0 - fully_async/count/current_param_version:18.0 - fully_async/processing_time/avg:47.73022983123251 - fully_async/processing_time/max:82.12223884799823 - fully_async/processing_time/min:5.283722019998095 - fully_async/processing_time/tp50:57.066084133501136 - fully_async/processing_time/tp99:81.71586409977903 - fully_async/processing_time/tp95:80.24332626024916 - fully_async/monitor/active_tasks_size:16.0 - fully_async/monitor/queue/pending_queue_size:128.0 - fully_async/monitor/queue/mq_queue_size:0.0 - fully_async/count/total_generated_samples:1152.0 - fully_async/count/staleness_samples:80.0 - fully_async/count/dropped_stale_samples:0.0 - fully_async/static/max_required_samples:640064.0 - fully_async/static/required_samples:64.0 - fully_async/static/staleness_threshold:10000.0 - fully_async/static/max_queue_size:640064.0 - fully_async/static/max_concurrent_samples:16.0 - fully_async/partial/total_partial_num:114.0 - fully_async/partial/partial_ratio:0.22265625 - fully_async/partial/max_partial_span:1.0 - timing_s/agent_loop/tool_calls/max:0.0 - timing_s/agent_loop/tool_calls/min:0.0 - timing_s/agent_loop/tool_calls/mean:0.0 - fully_async/total_wait_time:116.5196123123169 - actor/pg_clipfrac:0.00020144901186301323 - actor/ppo_kl:0.0006751031059296049 - actor/pg_clipfrac_lower:9.482961801875075e-07 - actor/pg_loss:0.052778138080611825 - actor/loss:0.05277813598513603 - actor/grad_norm:0.02359323762357235 - actor/lr:1e-06 - actor/perf/max_memory_allocated_gb:40.323824882507324 - actor/perf/max_memory_reserved_gb:73.130859375 - actor/perf/cpu_memory_used_gb:51.606868743896484 - perf/mfu/actor:0.32416786648458445 - dynamic_resource/train_compute_time_s:129.1690989969975 - dynamic_resource/train_allocated_time_s:265.1710283756256 - critic/score/mean:-0.5234375 - critic/score/max:1.0 - critic/score/min:-1.0 - critic/rewards/mean:-0.5234375 - critic/rewards/max:1.0 - critic/rewards/min:-1.0 - critic/advantages/mean:-0.052757035940885544 - critic/advantages/max:2.474870204925537 - critic/advantages/min:-2.474870204925537 - critic/returns/mean:-0.052757035940885544 - critic/returns/max:2.474870204925537 - critic/returns/min:-2.474870204925537 - response_length/mean:6185.890625 - response_length/max:8192.0 - response_length/min:740.0 - response_length/clip_ratio:0.505859375 - response_length_non_aborted/mean:6185.890625 - response_length_non_aborted/max:8192.0 - response_length_non_aborted/min:740.0 - response_length_non_aborted/clip_ratio:0.505859375 - response/aborted_ratio:0.0 - prompt_length/mean:156.28125 - prompt_length/max:411.0 - prompt_length/min:79.0 - prompt_length/clip_ratio:0.0 - num_turns/min:2.0 - num_turns/max:2.0 - num_turns/mean:2.0 - timing_s/start_profile:5.598001735052094e-06 - timing_s/gen:116.88071719599975 - timing_s/reward:1.7972000932786614e-05 - timing_s/adv:0.009661666997999419 - timing_s/update_actor:129.15941935799856 - timing_s/timing_s/param_sync:1.6409764060008456 - timing_s/step:265.17104903699874 - timing_s/stop_profile:4.82700124848634e-06 - timing_per_token_ms/adv:2.9753913528979556e-06 - timing_per_token_ms/update_actor:0.039775726029750796 - timing_per_token_ms/gen:0.036903764487985435 - perf/total_num_tokens:3247192.0 - perf/time_per_step:265.17104903699874 - perf/throughput:6122.82527031623 - dynamic_resource/mq_size:44.0 - fully_async/trainer/idle_ratio:0.44077480411404807 - dynamic_resource/train_resource_utilization:0.48711618229282644 - dynamic_resource/rollout_resource_utilization:0.999999174071429 - dynamic_resource/resource_utilization:0.7435576781821277
[36m(FullyAsyncTrainer pid=15032)[0m Training Progress:  25%|██▌       | 20/80 [1:17:13<3:48:26, 228.44s/it]
[36m(FullyAsyncRollouter pid=17027)[0m [FullyAsyncRollouter][RolloutResourceUtilization] raw active_count_history (timestamp, active_count, max_concurrent): [(1785039229.8829267, 15, 16), (1785039229.8830647, 16, 16), (1785039231.5925255, 15, 16), (1785039231.5925498, 16, 16), (1785039244.431633, 15, 16), (1785039244.4316895, 16, 16), (1785039251.5222461, 15, 16), (1785039251.5222716, 16, 16), (1785039254.431724, 15, 16), (1785039254.4317687, 16, 16), (1785039259.2690063, 15, 16), (1785039259.2690306, 16, 16), (1785039260.1235924, 15, 16), (1785039260.1236148, 16, 16), (1785039262.9321544, 15, 16), (1785039262.932179, 16, 16), (1785039263.4314518, 15, 16), (1785039263.431478, 16, 16), (1785039266.5265923, 15, 16), (1785039266.5266466, 16, 16), (1785039269.1141393, 15, 16), (1785039269.1141624, 16, 16), (1785039271.2005923, 15, 16), (1785039271.2006154, 16, 16), (1785039273.0107036, 15, 16), (1785039273.0107286, 16, 16), (1785039273.2136538, 15, 16), (1785039273.2136753, 16, 16), (1785039273.36918, 15, 16), (1785039273.3692105, 16, 16), (1785039273.3826878, 15, 16), (1785039273.3827035, 16, 16), (1785039273.4197035, 15, 16), (1785039273.4197206, 16, 16), (1785039275.087073, 15, 16), (1785039275.087096, 16, 16), (1785039286.3402944, 15, 16), (1785039286.3403506, 16, 16), (1785039300.9970224, 15, 16), (1785039300.9970758, 16, 16), (1785039307.6213799, 15, 16), (1785039307.6214042, 16, 16), (1785039313.2834287, 15, 16), (1785039313.283501, 16, 16), (1785039314.3232965, 15, 16), (1785039314.3233187, 16, 16), (1785039315.4355483, 15, 16), (1785039315.4355695, 16, 16), (1785039315.8063633, 15, 16), (1785039315.8063862, 16, 16), (1785039317.458855, 15, 16), (1785039317.4588773, 16, 16), (1785039319.022365, 15, 16), (1785039319.0223913, 16, 16), (1785039319.851544, 15, 16), (1785039319.851567, 16, 16), (1785039328.3101573, 15, 16), (1785039328.3102126, 16, 16), (1785039329.425518, 15, 16), (1785039329.4255419, 16, 16), (1785039332.0540102, 15, 16), (1785039332.054034, 16, 16), (1785039332.3638341, 15, 16), (1785039332.363859, 16, 16), (1785039332.4674742, 15, 16), (1785039332.4674945, 16, 16), (1785039332.4705875, 15, 16), (1785039332.470602, 16, 16), (1785039334.4979331, 15, 16), (1785039334.4979568, 16, 16), (1785039344.4654548, 15, 16), (1785039344.4655135, 16, 16), (1785039359.1409867, 15, 16), (1785039359.1410396, 16, 16), (1785039363.8669407, 15, 16), (1785039363.8669639, 16, 16), (1785039370.7860966, 15, 16), (1785039370.7861507, 16, 16), (1785039373.52583, 15, 16), (1785039373.5258527, 16, 16), (1785039374.933072, 15, 16), (1785039374.9330947, 16, 16), (1785039375.3359122, 15, 16), (1785039375.3359363, 16, 16), (1785039377.071063, 15, 16), (1785039377.0710845, 16, 16), (1785039378.573266, 15, 16), (1785039378.5732896, 16, 16), (1785039379.3478537, 15, 16), (1785039379.3478777, 16, 16), (1785039387.4586148, 15, 16), (1785039387.4586704, 16, 16), (1785039391.8046577, 15, 16), (1785039391.8046827, 16, 16), (1785039392.1972582, 15, 16), (1785039392.1972823, 16, 16), (1785039392.2654479, 15, 16), (1785039392.2654686, 16, 16), (1785039392.2848673, 15, 16), (1785039392.284887, 16, 16), (1785039394.1966872, 15, 16), (1785039394.196709, 16, 16), (1785039403.9978857, 15, 16), (1785039403.9979382, 16, 16), (1785039406.873366, 15, 16), (1785039406.873389, 16, 16), (1785039409.5189514, 15, 16), (1785039409.518975, 16, 16), (1785039417.723148, 15, 16), (1785039417.72321, 16, 16), (1785039429.7926543, 15, 16), (1785039429.7927096, 16, 16), (1785039432.4572573, 15, 16), (1785039432.45728, 16, 16), (1785039433.74952, 15, 16), (1785039433.749546, 16, 16), (1785039454.2665796, 15, 16), (1785039454.2676353, 15, 16)]
[36m(FullyAsyncRollouter pid=17027)[0m [FullyAsyncRollouter][Public][reset_staleness] reset staleness_samples to: 53 idle_ratio: 0.0000 step_generated_samples(this_step): 58 rollout_resource_utilization: 1.0000 recent_history(last 10 steps): [(12, 70), (13, 58), (14, 70), (15, 63), (16, 62), (17, 64), (18, 65), (19, 62), (20, 69), (21, 58)]
[36m(FullyAsyncTrainer pid=15032)[0m [FullyAsyncTrainer] Requesting 64 samples from queue
[36m(FullyAsyncTrainer pid=15032)[0m [FullyAsyncTrainer] sample collected 1/64. mq_len: 37
[36m(FullyAsyncTrainer pid=15032)[0m [FullyAsyncTrainer] sample collected 2/64. mq_len: 36
[36m(FullyAsyncTrainer pid=15032)[0m [FullyAsyncTrainer] sample collected 3/64. mq_len: 35
[36m(FullyAsyncTrainer pid=15032)[0m [FullyAsyncTrainer] sample collected 4/64. mq_len: 34
[36m(FullyAsyncTrainer pid=15032)[0m [FullyAsyncTrainer] sample collected 5/64. mq_len: 33
[36m(FullyAsyncTrainer pid=15032)[0m [FullyAsyncTrainer] sample collected 6/64. mq_len: 32
[36m(FullyAsyncTrainer pid=15032)[0m [FullyAsyncTrainer] sample collected 7/64. mq_len: 31
[36m(FullyAsyncTrainer pid=15032)[0m [FullyAsyncTrainer] sample collected 8/64. mq_len: 30
[36m(FullyAsyncTrainer pid=15032)[0m [FullyAsyncTrainer] sample collected 9/64. mq_len: 29
[36m(FullyAsyncTrainer pid=15032)[0m [FullyAsyncTrainer] sample collected 10/64. mq_len: 28
[36m(FullyAsyncTrainer pid=15032)[0m [FullyAsyncTrainer] sample collected 11/64. mq_len: 27
[36m(FullyAsyncTrainer pid=15032)[0m [FullyAsyncTrainer] sample collected 12/64. mq_len: 26
[36m(FullyAsyncTrainer pid=15032)[0m [FullyAsyncTrainer] sample collected 13/64. mq_len: 25
[36m(FullyAsyncTrainer pid=15032)[0m [FullyAsyncTrainer] sample collected 14/64. mq_len: 24
[36m(FullyAsyncTrainer pid=15032)[0m [FullyAsyncTrainer] sample collected 15/64. mq_len: 23
[36m(FullyAsyncTrainer pid=15032)[0m [FullyAsyncTrainer] sample collected 16/64. mq_len: 22
[36m(FullyAsyncTrainer pid=15032)[0m [FullyAsyncTrainer] sample collected 17/64. mq_len: 21
[36m(FullyAsyncTrainer pid=15032)[0m [FullyAsyncTrainer] sample collected 18/64. mq_len: 20
[36m(FullyAsyncTrainer pid=15032)[0m [FullyAsyncTrainer] sample collected 19/64. mq_len: 19
[36m(FullyAsyncTrainer pid=15032)[0m [FullyAsyncTrainer] sample collected 20/64. mq_len: 18
[36m(FullyAsyncTrainer pid=15032)[0m [FullyAsyncTrainer] sample collected 21/64. mq_len: 17
[36m(FullyAsyncTrainer pid=15032)[0m [FullyAsyncTrainer] sample collected 22/64. mq_len: 16
[36m(FullyAsyncTrainer pid=15032)[0m [FullyAsyncTrainer] sample collected 23/64. mq_len: 15
[36m(FullyAsyncTrainer pid=15032)[0m [FullyAsyncTrainer] sample collected 24/64. mq_len: 14
[36m(FullyAsyncTrainer pid=15032)[0m [FullyAsyncTrainer] sample collected 25/64. mq_len: 13
[36m(FullyAsyncTrainer pid=15032)[0m [FullyAsyncTrainer] sample collected 26/64. mq_len: 12
[36m(FullyAsyncTrainer pid=15032)[0m [FullyAsyncTrainer] sample collected 27/64. mq_len: 11
[36m(FullyAsyncTrainer pid=15032)[0m [FullyAsyncTrainer] sample collected 28/64. mq_len: 10
[36m(FullyAsyncTrainer pid=15032)[0m [FullyAsyncTrainer] sample collected 29/64. mq_len: 9
[36m(FullyAsyncTrainer pid=15032)[0m [FullyAsyncTrainer] sample collected 30/64. mq_len: 8
[36m(FullyAsyncTrainer pid=15032)[0m [FullyAsyncTrainer] sample collected 31/64. mq_len: 7
[36m(FullyAsyncTrainer pid=15032)[0m [FullyAsyncTrainer] sample collected 32/64. mq_len: 6
[36m(FullyAsyncTrainer pid=15032)[0m [FullyAsyncTrainer] sample collected 33/64. mq_len: 5
[36m(FullyAsyncTrainer pid=15032)[0m [FullyAsyncTrainer] sample collected 34/64. mq_len: 4
[36m(FullyAsyncTrainer pid=15032)[0m [FullyAsyncTrainer] sample collected 35/64. mq_len: 3
[36m(FullyAsyncTrainer pid=15032)[0m [FullyAsyncTrainer] sample collected 36/64. mq_len: 2
[36m(FullyAsyncTrainer pid=15032)[0m [FullyAsyncTrainer] sample collected 37/64. mq_len: 1
[36m(FullyAsyncTrainer pid=15032)[0m [FullyAsyncTrainer] sample collected 38/64. mq_len: 0
[36m(FullyAsyncTrainer pid=15032)[0m [FullyAsyncTrainer] sample collected 39/64. mq_len: 0
[36m(FullyAsyncTrainer pid=15032)[0m [FullyAsyncTrainer] sample collected 40/64. mq_len: 0
[36m(FullyAsyncTrainer pid=15032)[0m [FullyAsyncTrainer] sample collected 41/64. mq_len: 0
[36m(FullyAsyncRollouter pid=17027)[0m [FullyAsyncRollouter][MonitorLoop][Statistics] {'count/dropped_stale_samples': 0,
[36m(FullyAsyncRollouter pid=17027)[0m  'count/staleness_samples': 57,
[36m(FullyAsyncRollouter pid=17027)[0m  'count/total_generated_samples': 1321,
[36m(FullyAsyncRollouter pid=17027)[0m  'monitor/active_tasks_size': 16,
[36m(FullyAsyncRollouter pid=17027)[0m  'monitor/queue/mq_queue_size': 0,
[36m(FullyAsyncRollouter pid=17027)[0m  'monitor/queue/pending_queue_size': 128,
[36m(FullyAsyncRollouter pid=17027)[0m  'static/max_concurrent_samples': 16,
[36m(FullyAsyncRollouter pid=17027)[0m  'static/max_queue_size': 640064,
[36m(FullyAsyncRollouter pid=17027)[0m  'static/max_required_samples': 640064,
[36m(FullyAsyncRollouter pid=17027)[0m  'static/required_samples': 64,
[36m(FullyAsyncRollouter pid=17027)[0m  'static/staleness_threshold': 10000}
[36m(FullyAsyncTrainer pid=15032)[0m [FullyAsyncTrainer] sample collected 42/64. mq_len: 0
[36m(FullyAsyncTrainer pid=15032)[0m [FullyAsyncTrainer] sample collected 43/64. mq_len: 0
[36m(FullyAsyncTrainer pid=15032)[0m [FullyAsyncTrainer] sample collected 44/64. mq_len: 0
[36m(FullyAsyncTrainer pid=15032)[0m [FullyAsyncTrainer] sample collected 45/64. mq_len: 0
[36m(FullyAsyncTrainer pid=15032)[0m [FullyAsyncTrainer] sample collected 46/64. mq_len: 0
[36m(FullyAsyncTrainer pid=15032)[0m [FullyAsyncTrainer] sample collected 47/64. mq_len: 0
[36m(FullyAsyncTrainer pid=15032)[0m [FullyAsyncTrainer] sample collected 48/64. mq_len: 0
[36m(FullyAsyncTrainer pid=15032)[0m [FullyAsyncTrainer] sample collected 49/64. mq_len: 0
[36m(FullyAsyncTrainer pid=15032)[0m [FullyAsyncTrainer] sample collected 50/64. mq_len: 0
[36m(FullyAsyncTrainer pid=15032)[0m [FullyAsyncTrainer] sample collected 51/64. mq_len: 0
[36m(FullyAsyncTrainer pid=15032)[0m [FullyAsyncTrainer] sample collected 52/64. mq_len: 0
[36m(FullyAsyncTrainer pid=15032)[0m [FullyAsyncTrainer] sample collected 53/64. mq_len: 0
[36m(FullyAsyncTrainer pid=15032)[0m [FullyAsyncTrainer] sample collected 54/64. mq_len: 0
[36m(FullyAsyncTrainer pid=15032)[0m [FullyAsyncTrainer] sample collected 55/64. mq_len: 0
[36m(FullyAsyncTrainer pid=15032)[0m [FullyAsyncTrainer] sample collected 56/64. mq_len: 0
[36m(FullyAsyncTrainer pid=15032)[0m [FullyAsyncTrainer] sample collected 57/64. mq_len: 0
[36m(FullyAsyncTrainer pid=15032)[0m [FullyAsyncTrainer] sample collected 58/64. mq_len: 0
[36m(FullyAsyncTrainer pid=15032)[0m [FullyAsyncTrainer] sample collected 59/64. mq_len: 0
[36m(FullyAsyncTrainer pid=15032)[0m [FullyAsyncTrainer] sample collected 60/64. mq_len: 0
[36m(FullyAsyncTrainer pid=15032)[0m [FullyAsyncTrainer] sample collected 61/64. mq_len: 0
[36m(FullyAsyncTrainer pid=15032)[0m [FullyAsyncTrainer] sample collected 62/64. mq_len: 0
[36m(FullyAsyncTrainer pid=15032)[0m [FullyAsyncTrainer] sample collected 63/64. mq_len: 0
[36m(FullyAsyncRollouter pid=17027)[0m [FullyAsyncRollouter][MonitorLoop][Statistics] {'count/dropped_stale_samples': 0,
[36m(FullyAsyncRollouter pid=17027)[0m  'count/staleness_samples': 79,
[36m(FullyAsyncRollouter pid=17027)[0m  'count/total_generated_samples': 1343,
[36m(FullyAsyncRollouter pid=17027)[0m  'monitor/active_tasks_size': 16,
[36m(FullyAsyncRollouter pid=17027)[0m  'monitor/queue/mq_queue_size': 0,
[36m(FullyAsyncRollouter pid=17027)[0m  'monitor/queue/pending_queue_size': 128,
[36m(FullyAsyncRollouter pid=17027)[0m  'static/max_concurrent_samples': 16,
[36m(FullyAsyncRollouter pid=17027)[0m  'static/max_queue_size': 640064,
[36m(FullyAsyncRollouter pid=17027)[0m  'static/max_required_samples': 640064,
[36m(FullyAsyncRollouter pid=17027)[0m  'static/required_samples': 64,
[36m(FullyAsyncRollouter pid=17027)[0m  'static/staleness_threshold': 10000}
[36m(FullyAsyncTrainer pid=15032)[0m [FullyAsyncTrainer] sample collected 64/64. mq_len: 0
[36m(FullyAsyncTrainer pid=15032)[0m [FullyAsyncTrainer] Collected 64/64 samples. mq_len: 0
[36m(FullyAsyncTrainer pid=15032)[0m [FullyAsyncTrainer] Loop collection completed: 64/64 samples, total wait time: 77.67 seconds. mq_len: 0
[36m(FullyAsyncTrainer pid=15032)[0m [BatchUtils] Assembling batch from 64 RolloutSample objects
[36m(FullyAsyncTrainer pid=15032)[0m [BatchUtils] Batch assembly completed in 0.23s
[36m(FullyAsyncRollouter pid=17027)[0m [FullyAsyncRollouter][MonitorLoop][Statistics] {'count/dropped_stale_samples': 0,
[36m(FullyAsyncRollouter pid=17027)[0m  'count/staleness_samples': 106,
[36m(FullyAsyncRollouter pid=17027)[0m  'count/total_generated_samples': 1370,
[36m(FullyAsyncRollouter pid=17027)[0m  'monitor/active_tasks_size': 16,
[36m(FullyAsyncRollouter pid=17027)[0m  'monitor/queue/mq_queue_size': 26,
[36m(FullyAsyncRollouter pid=17027)[0m  'monitor/queue/pending_queue_size': 128,
[36m(FullyAsyncRollouter pid=17027)[0m  'static/max_concurrent_samples': 16,
[36m(FullyAsyncRollouter pid=17027)[0m  'static/max_queue_size': 640064,
[36m(FullyAsyncRollouter pid=17027)[0m  'static/max_required_samples': 640064,
[36m(FullyAsyncRollouter pid=17027)[0m  'static/required_samples': 64,
[36m(FullyAsyncRollouter pid=17027)[0m  'static/staleness_threshold': 10000}
[36m(FullyAsyncTrainer pid=15032)[0m [FullyAsyncTrainer] global_steps: 21 local_trigger_step: 1 trigger_parameter_sync_step: 1 04:21:01.189
[36m(vLLMHttpServer pid=19201)[0m (Worker pid=20570) WARNING 07-26 04:21:02 [layerwise.py:225] RotaryEmbedding: Failed to load weights
[36m(vLLMHttpServer pid=19201)[0m (EngineCore pid=20179) WARNING 07-26 04:21:02 [scheduler.py:1919] reset_connector called but no KV connector is configured.
[36m(FullyAsyncRollouter pid=17027)[0m [FullyAsyncRollouter][MonitorLoop][Statistics] {'count/dropped_stale_samples': 0,
[36m(FullyAsyncRollouter pid=17027)[0m  'count/staleness_samples': 120,
[36m(FullyAsyncRollouter pid=17027)[0m  'count/total_generated_samples': 1384,
[36m(FullyAsyncRollouter pid=17027)[0m  'monitor/active_tasks_size': 16,
[36m(FullyAsyncRollouter pid=17027)[0m  'monitor/queue/mq_queue_size': 40,
[36m(FullyAsyncRollouter pid=17027)[0m  'monitor/queue/pending_queue_size': 128,
[36m(FullyAsyncRollouter pid=17027)[0m  'static/max_concurrent_samples': 16,
[36m(FullyAsyncRollouter pid=17027)[0m  'static/max_queue_size': 640064,
[36m(FullyAsyncRollouter pid=17027)[0m  'static/max_required_samples': 640064,
[36m(FullyAsyncRollouter pid=17027)[0m  'static/required_samples': 64,
[36m(FullyAsyncRollouter pid=17027)[0m  'static/staleness_threshold': 10000}
[36m(FullyAsyncTrainer pid=15032)[0m [FullyAsyncTrainer] _fit_update_weights, timing_s/param_sync: 1.6468 seconds self.current_param_version: 21
[36m(FullyAsyncTrainer pid=15032)[0m step:21 - fully_async/rollouter/active_time:229.37190127372742 - fully_async/rollouter/version_time:229.37190127372742 - fully_async/rollouter/idle_ratio:0 - fully_async/rollouter/step_generated_samples:67 - dynamic_resource/rollout_resource_utilization:0.999999082043822
[36m(FullyAsyncRollouter pid=17027)[0m [FullyAsyncRollouter][RolloutResourceUtilization] raw active_count_history (timestamp, active_count, max_concurrent): [(1785039454.267926, 15, 16), (1785039454.2680528, 16, 16), (1785039454.7208714, 15, 16), (1785039454.7208948, 16, 16), (1785039456.7106662, 15, 16), (1785039456.710691, 16, 16), (1785039459.3092253, 15, 16), (1785039459.3092492, 16, 16), (1785039464.7866037, 15, 16), (1785039464.7866583, 16, 16), (1785039469.2203767, 15, 16), (1785039469.2204008, 16, 16), (1785039469.5957313, 15, 16), (1785039469.595756, 16, 16), (1785039469.61569, 15, 16), (1785039469.6157072, 16, 16), (1785039469.6985726, 15, 16), (1785039469.6985972, 16, 16), (1785039471.7964318, 15, 16), (1785039471.796454, 16, 16), (1785039475.4348412, 15, 16), (1785039475.4348946, 16, 16), (1785039477.427451, 15, 16), (1785039477.4274743, 16, 16), (1785039481.0836012, 15, 16), (1785039481.0836258, 16, 16), (1785039487.0492332, 15, 16), (1785039487.0492914, 16, 16), (1785039489.6887567, 15, 16), (1785039489.6887796, 16, 16), (1785039494.887233, 15, 16), (1785039494.8872557, 16, 16), (1785039497.0903153, 15, 16), (1785039497.090365, 16, 16), (1785039497.0942328, 15, 16), (1785039497.0942476, 16, 16), (1785039509.796896, 15, 16), (1785039509.7969484, 16, 16), (1785039510.2630353, 15, 16), (1785039510.2630594, 16, 16), (1785039512.615326, 15, 16), (1785039512.6153486, 16, 16), (1785039515.6762679, 15, 16), (1785039515.6762924, 16, 16), (1785039520.5817897, 15, 16), (1785039520.5818522, 16, 16), (1785039525.4898028, 15, 16), (1785039525.4898355, 16, 16), (1785039525.5037956, 15, 16), (1785039525.5038242, 16, 16), (1785039525.5827632, 15, 16), (1785039525.5827827, 16, 16), (1785039531.9724762, 15, 16), (1785039531.9725356, 16, 16), (1785039534.058663, 15, 16), (1785039534.0586858, 16, 16), (1785039538.1556058, 15, 16), (1785039538.1556294, 16, 16), (1785039543.6186504, 15, 16), (1785039543.6187024, 16, 16), (1785039544.526571, 15, 16), (1785039544.5265949, 16, 16), (1785039546.1920185, 15, 16), (1785039546.1920424, 16, 16), (1785039549.3771744, 15, 16), (1785039549.3771973, 16, 16), (1785039550.5791109, 15, 16), (1785039550.5791366, 16, 16), (1785039552.3955574, 15, 16), (1785039552.3955812, 16, 16), (1785039552.4658568, 15, 16), (1785039552.4658773, 16, 16), (1785039555.2472959, 15, 16), (1785039555.2473526, 16, 16), (1785039560.4082816, 15, 16), (1785039560.4083066, 16, 16), (1785039565.1441505, 15, 16), (1785039565.144177, 16, 16), (1785039565.3262393, 15, 16), (1785039565.326296, 16, 16), (1785039567.0286996, 15, 16), (1785039567.0287282, 16, 16), (1785039569.6917908, 15, 16), (1785039569.6918352, 16, 16), (1785039573.980727, 15, 16), (1785039573.98075, 16, 16), (1785039578.115633, 15, 16), (1785039578.1156888, 16, 16), (1785039579.611266, 15, 16), (1785039579.6112902, 16, 16), (1785039583.3272572, 15, 16), (1785039583.32728, 16, 16), (1785039584.3690913, 15, 16), (1785039584.369117, 16, 16), (1785039593.3731256, 15, 16), (1785039593.373183, 16, 16), (1785039595.9400163, 15, 16), (1785039595.9400382, 16, 16), (1785039596.0395257, 15, 16), (1785039596.0395484, 16, 16), (1785039600.7098541, 15, 16), (1785039600.7098787, 16, 16), (1785039601.43313, 15, 16), (1785039601.4331543, 16, 16), (1785039602.8286498, 15, 16), (1785039602.8286734, 16, 16), (1785039605.4828515, 15, 16), (1785039605.4829054, 16, 16), (1785039613.9152644, 15, 16), (1785039613.915297, 16, 16), (1785039619.535983, 15, 16), (1785039619.5360355, 16, 16), (1785039619.614557, 15, 16), (1785039619.6145804, 16, 16), (1785039622.1003914, 15, 16), (1785039622.1004148, 16, 16), (1785039624.1131802, 15, 16), (1785039624.1132085, 16, 16), (1785039626.5004437, 15, 16), (1785039626.5004683, 16, 16), (1785039636.1511528, 15, 16), (1785039636.151215, 16, 16), (1785039638.2210333, 15, 16), (1785039638.2210557, 16, 16), (1785039642.953697, 15, 16), (1785039642.953726, 16, 16), (1785039644.2835066, 15, 16), (1785039644.2835321, 16, 16), (1785039656.548594, 15, 16), (1785039656.5486734, 16, 16), (1785039659.2606137, 15, 16), (1785039659.260638, 16, 16), (1785039659.4281297, 15, 16), (1785039659.4281523, 16, 16), (1785039683.6387868, 15, 16), (1785039683.639886, 15, 16)]
[36m(FullyAsyncRollouter pid=17027)[0m [FullyAsyncRollouter][Public][reset_staleness] reset staleness_samples to: 56 idle_ratio: 0.0000 step_generated_samples(this_step): 67 rollout_resource_utilization: 1.0000 recent_history(last 10 steps): [(13, 58), (14, 70), (15, 63), (16, 62), (17, 64), (18, 65), (19, 62), (20, 69), (21, 58), (22, 67)]
[36m(FullyAsyncTrainer pid=15032)[0m aggregated metrics done. cost 0.0003 seconds.
[36m(FullyAsyncTrainer pid=15032)[0m 
[36m(FullyAsyncTrainer pid=15032)[0m step:21 - training/global_step:20.0 - training/epoch:0.0 - fully_async/count/stale_trajectory_processed:6335.0 - fully_async/count/current_param_version:19.0 - fully_async/processing_time/avg:46.45034063138476 - fully_async/processing_time/max:79.81103455799894 - fully_async/processing_time/min:5.798850430997845 - fully_async/processing_time/tp50:56.30465453750003 - fully_async/processing_time/tp99:79.74068896424097 - fully_async/processing_time/tp95:77.10039222364884 - fully_async/monitor/active_tasks_size:16.0 - fully_async/monitor/queue/pending_queue_size:128.0 - fully_async/monitor/queue/mq_queue_size:0.0 - fully_async/count/total_generated_samples:1216.0 - fully_async/count/staleness_samples:80.0 - fully_async/count/dropped_stale_samples:0.0 - fully_async/static/max_required_samples:640064.0 - fully_async/static/required_samples:64.0 - fully_async/static/staleness_threshold:10000.0 - fully_async/static/max_queue_size:640064.0 - fully_async/static/max_concurrent_samples:16.0 - fully_async/partial/total_partial_num:114.0 - fully_async/partial/partial_ratio:0.22265625 - fully_async/partial/max_partial_span:1.0 - timing_s/agent_loop/tool_calls/max:0.0 - timing_s/agent_loop/tool_calls/min:0.0 - timing_s/agent_loop/tool_calls/mean:0.0 - fully_async/total_wait_time:77.70711350440979 - actor/pg_clipfrac:0.00026610562871120727 - actor/ppo_kl:0.000604192233339955 - actor/pg_clipfrac_lower:9.624086557708394e-07 - actor/pg_loss:0.06217283532714646 - actor/loss:0.06217283010482788 - actor/grad_norm:0.026704076677560806 - actor/lr:1e-06 - actor/perf/max_memory_allocated_gb:40.323824882507324 - actor/perf/max_memory_reserved_gb:73.130859375 - actor/perf/cpu_memory_used_gb:51.851829528808594 - perf/mfu/actor:0.32123994987820587 - dynamic_resource/train_compute_time_s:127.66369660900091 - dynamic_resource/train_allocated_time_s:224.35092782974243 - critic/score/mean:-0.5390625 - critic/score/max:1.0 - critic/score/min:-1.0 - critic/rewards/mean:-0.5390625 - critic/rewards/max:1.0 - critic/rewards/min:-1.0 - critic/advantages/mean:-0.06216730922460556 - critic/advantages/max:2.474870204925537 - critic/advantages/min:-2.474870204925537 - critic/returns/mean:-0.06216730922460556 - critic/returns/max:2.474870204925537 - critic/returns/min:-2.474870204925537 - response_length/mean:6098.208984375 - response_length/max:8192.0 - response_length/min:755.0 - response_length/clip_ratio:0.48828125 - response_length_non_aborted/mean:6098.208984375 - response_length_non_aborted/max:8192.0 - response_length_non_aborted/min:755.0 - response_length_non_aborted/clip_ratio:0.48828125 - response/aborted_ratio:0.0 - prompt_length/mean:137.84375 - prompt_length/max:302.0 - prompt_length/min:75.0 - prompt_length/clip_ratio:0.0 - num_turns/min:2.0 - num_turns/max:2.0 - num_turns/mean:2.0 - timing_s/start_profile:5.366000550566241e-06 - timing_s/gen:78.02405311799885 - timing_s/reward:1.6467001842102036e-05 - timing_s/adv:0.009071317999769235 - timing_s/update_actor:127.6546088239993 - timing_s/timing_s/param_sync:1.2089784140007396 - timing_s/step:224.35094811300223 - timing_s/stop_profile:4.900000931229442e-06 - timing_per_token_ms/adv:2.8411270274601025e-06 - timing_per_token_ms/update_actor:0.0399812859960303 - timing_per_token_ms/gen:0.02498942380239038 - perf/total_num_tokens:3192859.0 - perf/time_per_step:224.35094811300223 - perf/throughput:7115.768903262679 - dynamic_resource/mq_size:38.0 - fully_async/trainer/idle_ratio:0.34777679245063536 - dynamic_resource/train_resource_utilization:0.5690357416568544 - dynamic_resource/rollout_resource_utilization:0.999999082043822 - dynamic_resource/resource_utilization:0.7845174118503382
[36m(FullyAsyncTrainer pid=15032)[0m Training Progress:  26%|██▋       | 21/80 [1:21:02<3:44:54, 228.72s/it]
[36m(FullyAsyncTrainer pid=15032)[0m [FullyAsyncTrainer] Requesting 64 samples from queue
[36m(FullyAsyncTrainer pid=15032)[0m [FullyAsyncTrainer] sample collected 1/64. mq_len: 40
[36m(FullyAsyncTrainer pid=15032)[0m [FullyAsyncTrainer] sample collected 2/64. mq_len: 39
[36m(FullyAsyncTrainer pid=15032)[0m [FullyAsyncTrainer] sample collected 3/64. mq_len: 38
[36m(FullyAsyncTrainer pid=15032)[0m [FullyAsyncTrainer] sample collected 4/64. mq_len: 37
[36m(FullyAsyncTrainer pid=15032)[0m [FullyAsyncTrainer] sample collected 5/64. mq_len: 36
[36m(FullyAsyncTrainer pid=15032)[0m [FullyAsyncTrainer] sample collected 6/64. mq_len: 35
[36m(FullyAsyncTrainer pid=15032)[0m [FullyAsyncTrainer] sample collected 7/64. mq_len: 34
[36m(FullyAsyncTrainer pid=15032)[0m [FullyAsyncTrainer] sample collected 8/64. mq_len: 33
[36m(FullyAsyncTrainer pid=15032)[0m [FullyAsyncTrainer] sample collected 9/64. mq_len: 32
[36m(FullyAsyncTrainer pid=15032)[0m [FullyAsyncTrainer] sample collected 10/64. mq_len: 31
[36m(FullyAsyncTrainer pid=15032)[0m [FullyAsyncTrainer] sample collected 11/64. mq_len: 30
[36m(FullyAsyncTrainer pid=15032)[0m [FullyAsyncTrainer] sample collected 12/64. mq_len: 29
[36m(FullyAsyncTrainer pid=15032)[0m [FullyAsyncTrainer] sample collected 13/64. mq_len: 28
[36m(FullyAsyncTrainer pid=15032)[0m [FullyAsyncTrainer] sample collected 14/64. mq_len: 27
[36m(FullyAsyncTrainer pid=15032)[0m [FullyAsyncTrainer] sample collected 15/64. mq_len: 26
[36m(FullyAsyncTrainer pid=15032)[0m [FullyAsyncTrainer] sample collected 16/64. mq_len: 25
[36m(FullyAsyncTrainer pid=15032)[0m [FullyAsyncTrainer] sample collected 17/64. mq_len: 24
[36m(FullyAsyncTrainer pid=15032)[0m [FullyAsyncTrainer] sample collected 18/64. mq_len: 24
[36m(FullyAsyncTrainer pid=15032)[0m [FullyAsyncTrainer] sample collected 19/64. mq_len: 23
[36m(FullyAsyncTrainer pid=15032)[0m [FullyAsyncTrainer] sample collected 20/64. mq_len: 22
[36m(FullyAsyncTrainer pid=15032)[0m [FullyAsyncTrainer] sample collected 21/64. mq_len: 21
[36m(FullyAsyncTrainer pid=15032)[0m [FullyAsyncTrainer] sample collected 22/64. mq_len: 20
[36m(FullyAsyncTrainer pid=15032)[0m [FullyAsyncTrainer] sample collected 23/64. mq_len: 19
[36m(FullyAsyncTrainer pid=15032)[0m [FullyAsyncTrainer] sample collected 24/64. mq_len: 18
[36m(FullyAsyncTrainer pid=15032)[0m [FullyAsyncTrainer] sample collected 25/64. mq_len: 17
[36m(FullyAsyncTrainer pid=15032)[0m [FullyAsyncTrainer] sample collected 26/64. mq_len: 16
[36m(FullyAsyncTrainer pid=15032)[0m [FullyAsyncTrainer] sample collected 27/64. mq_len: 15
[36m(FullyAsyncTrainer pid=15032)[0m [FullyAsyncTrainer] sample collected 28/64. mq_len: 14
[36m(FullyAsyncTrainer pid=15032)[0m [FullyAsyncTrainer] sample collected 29/64. mq_len: 13
[36m(FullyAsyncTrainer pid=15032)[0m [FullyAsyncTrainer] sample collected 30/64. mq_len: 12
[36m(FullyAsyncTrainer pid=15032)[0m [FullyAsyncTrainer] sample collected 31/64. mq_len: 11
[36m(FullyAsyncTrainer pid=15032)[0m [FullyAsyncTrainer] sample collected 32/64. mq_len: 10
[36m(FullyAsyncTrainer pid=15032)[0m [FullyAsyncTrainer] sample collected 33/64. mq_len: 9
[36m(FullyAsyncTrainer pid=15032)[0m [FullyAsyncTrainer] sample collected 34/64. mq_len: 8
[36m(FullyAsyncTrainer pid=15032)[0m [FullyAsyncTrainer] sample collected 35/64. mq_len: 7
[36m(FullyAsyncTrainer pid=15032)[0m [FullyAsyncTrainer] sample collected 36/64. mq_len: 6
[36m(FullyAsyncTrainer pid=15032)[0m [FullyAsyncTrainer] sample collected 37/64. mq_len: 5
[36m(FullyAsyncTrainer pid=15032)[0m [FullyAsyncTrainer] sample collected 38/64. mq_len: 4
[36m(FullyAsyncTrainer pid=15032)[0m [FullyAsyncTrainer] sample collected 39/64. mq_len: 3
[36m(FullyAsyncTrainer pid=15032)[0m [FullyAsyncTrainer] sample collected 40/64. mq_len: 2
[36m(FullyAsyncTrainer pid=15032)[0m [FullyAsyncTrainer] sample collected 41/64. mq_len: 1
[36m(FullyAsyncTrainer pid=15032)[0m [FullyAsyncTrainer] sample collected 42/64. mq_len: 0
[36m(FullyAsyncTrainer pid=15032)[0m [FullyAsyncTrainer] sample collected 43/64. mq_len: 0
[36m(FullyAsyncTrainer pid=15032)[0m [FullyAsyncTrainer] sample collected 44/64. mq_len: 0
[36m(FullyAsyncTrainer pid=15032)[0m [FullyAsyncTrainer] sample collected 45/64. mq_len: 0
[36m(FullyAsyncTrainer pid=15032)[0m [FullyAsyncTrainer] sample collected 46/64. mq_len: 0
[36m(FullyAsyncTrainer pid=15032)[0m [FullyAsyncTrainer] sample collected 47/64. mq_len: 0
[36m(FullyAsyncTrainer pid=15032)[0m [FullyAsyncTrainer] sample collected 48/64. mq_len: 0
[36m(FullyAsyncTrainer pid=15032)[0m [FullyAsyncTrainer] sample collected 49/64. mq_len: 0
[36m(FullyAsyncTrainer pid=15032)[0m [FullyAsyncTrainer] sample collected 50/64. mq_len: 0
[36m(FullyAsyncTrainer pid=15032)[0m [FullyAsyncTrainer] sample collected 51/64. mq_len: 0
[36m(FullyAsyncTrainer pid=15032)[0m [FullyAsyncTrainer] sample collected 52/64. mq_len: 0
[36m(FullyAsyncTrainer pid=15032)[0m [FullyAsyncTrainer] sample collected 53/64. mq_len: 0
[36m(FullyAsyncTrainer pid=15032)[0m [FullyAsyncTrainer] sample collected 54/64. mq_len: 0
[36m(FullyAsyncTrainer pid=15032)[0m [FullyAsyncTrainer] sample collected 55/64. mq_len: 0
[36m(FullyAsyncTrainer pid=15032)[0m [FullyAsyncTrainer] sample collected 56/64. mq_len: 0
[36m(MessageQueue pid=23826)[0m MessageQueue stats: produced=1400, queue_size=1
[36m(FullyAsyncTrainer pid=15032)[0m [FullyAsyncTrainer] sample collected 57/64. mq_len: 0
[36m(FullyAsyncTrainer pid=15032)[0m [FullyAsyncTrainer] sample collected 58/64. mq_len: 0
[36m(FullyAsyncRollouter pid=17027)[0m [FullyAsyncRollouter][MonitorLoop][Statistics] {'count/dropped_stale_samples': 0,
[36m(FullyAsyncRollouter pid=17027)[0m  'count/staleness_samples': 74,
[36m(FullyAsyncRollouter pid=17027)[0m  'count/total_generated_samples': 1402,
[36m(FullyAsyncRollouter pid=17027)[0m  'monitor/active_tasks_size': 16,
[36m(FullyAsyncRollouter pid=17027)[0m  'monitor/queue/mq_queue_size': 0,
[36m(FullyAsyncRollouter pid=17027)[0m  'monitor/queue/pending_queue_size': 128,
[36m(FullyAsyncRollouter pid=17027)[0m  'static/max_concurrent_samples': 16,
[36m(FullyAsyncRollouter pid=17027)[0m  'static/max_queue_size': 640064,
[36m(FullyAsyncRollouter pid=17027)[0m  'static/max_required_samples': 640064,
[36m(FullyAsyncRollouter pid=17027)[0m  'static/required_samples': 64,
[36m(FullyAsyncRollouter pid=17027)[0m  'static/staleness_threshold': 10000}
[36m(FullyAsyncTrainer pid=15032)[0m [FullyAsyncTrainer] sample collected 59/64. mq_len: 0
[36m(FullyAsyncTrainer pid=15032)[0m [FullyAsyncTrainer] sample collected 60/64. mq_len: 0
[36m(FullyAsyncTrainer pid=15032)[0m [FullyAsyncTrainer] sample collected 61/64. mq_len: 0
[36m(FullyAsyncTrainer pid=15032)[0m [FullyAsyncTrainer] sample collected 62/64. mq_len: 0
[36m(FullyAsyncTrainer pid=15032)[0m [FullyAsyncTrainer] sample collected 63/64. mq_len: 0
[36m(FullyAsyncTrainer pid=15032)[0m [FullyAsyncTrainer] sample collected 64/64. mq_len: 0
[36m(FullyAsyncTrainer pid=15032)[0m [FullyAsyncTrainer] Collected 64/64 samples. mq_len: 0
[36m(FullyAsyncTrainer pid=15032)[0m [FullyAsyncTrainer] Loop collection completed: 64/64 samples, total wait time: 78.98 seconds. mq_len: 0
[36m(FullyAsyncTrainer pid=15032)[0m [BatchUtils] Assembling batch from 64 RolloutSample objects
[36m(FullyAsyncTrainer pid=15032)[0m [BatchUtils] Batch assembly completed in 0.25s
[36m(FullyAsyncRollouter pid=17027)[0m [FullyAsyncRollouter][MonitorLoop][Statistics] {'count/dropped_stale_samples': 0,
[36m(FullyAsyncRollouter pid=17027)[0m  'count/staleness_samples': 97,
[36m(FullyAsyncRollouter pid=17027)[0m  'count/total_generated_samples': 1425,
[36m(FullyAsyncRollouter pid=17027)[0m  'monitor/active_tasks_size': 16,
[36m(FullyAsyncRollouter pid=17027)[0m  'monitor/queue/mq_queue_size': 17,
[36m(FullyAsyncRollouter pid=17027)[0m  'monitor/queue/pending_queue_size': 128,
[36m(FullyAsyncRollouter pid=17027)[0m  'static/max_concurrent_samples': 16,
[36m(FullyAsyncRollouter pid=17027)[0m  'static/max_queue_size': 640064,
[36m(FullyAsyncRollouter pid=17027)[0m  'static/max_required_samples': 640064,
[36m(FullyAsyncRollouter pid=17027)[0m  'static/required_samples': 64,
[36m(FullyAsyncRollouter pid=17027)[0m  'static/staleness_threshold': 10000}
[36m(FullyAsyncRollouter pid=17027)[0m [FullyAsyncRollouter][MonitorLoop][Statistics] {'count/dropped_stale_samples': 0,
[36m(FullyAsyncRollouter pid=17027)[0m  'count/staleness_samples': 119,
[36m(FullyAsyncRollouter pid=17027)[0m  'count/total_generated_samples': 1447,
[36m(FullyAsyncRollouter pid=17027)[0m  'monitor/active_tasks_size': 16,
[36m(FullyAsyncRollouter pid=17027)[0m  'monitor/queue/mq_queue_size': 39,
[36m(FullyAsyncRollouter pid=17027)[0m  'monitor/queue/pending_queue_size': 128,
[36m(FullyAsyncRollouter pid=17027)[0m  'static/max_concurrent_samples': 16,
[36m(FullyAsyncRollouter pid=17027)[0m  'static/max_queue_size': 640064,
[36m(FullyAsyncRollouter pid=17027)[0m  'static/max_required_samples': 640064,
[36m(FullyAsyncRollouter pid=17027)[0m  'static/required_samples': 64,
[36m(FullyAsyncRollouter pid=17027)[0m  'static/staleness_threshold': 10000}
[36m(FullyAsyncTrainer pid=15032)[0m [FullyAsyncTrainer] global_steps: 22 local_trigger_step: 1 trigger_parameter_sync_step: 1 04:24:45.431
[36m(vLLMHttpServer pid=19201)[0m (Worker pid=20570) WARNING 07-26 04:24:46 [layerwise.py:225] RotaryEmbedding: Failed to load weights
[36m(vLLMHttpServer pid=19201)[0m (EngineCore pid=20179) WARNING 07-26 04:24:46 [scheduler.py:1919] reset_connector called but no KV connector is configured.
[36m(FullyAsyncTrainer pid=15032)[0m [FullyAsyncTrainer] _fit_update_weights, timing_s/param_sync: 1.0291 seconds self.current_param_version: 22
[36m(FullyAsyncTrainer pid=15032)[0m step:22 - fully_async/rollouter/active_time:205.71218395233154 - fully_async/rollouter/version_time:205.71218395233154 - fully_async/rollouter/idle_ratio:0 - fully_async/rollouter/step_generated_samples:65 - dynamic_resource/rollout_resource_utilization:0.9999990145682487
[36m(FullyAsyncTrainer pid=15032)[0m aggregated metrics done. cost 0.0003 seconds.
[36m(FullyAsyncTrainer pid=15032)[0m step:22 - training/global_step:21.0 - training/epoch:0.0 - fully_async/count/stale_trajectory_processed:6660.0 - fully_async/count/current_param_version:20.0 - fully_async/processing_time/avg:45.73063403291602 - fully_async/processing_time/max:77.53866994300188 - fully_async/processing_time/min:3.3105058500004816 - fully_async/processing_time/tp50:55.45791788649694 - fully_async/processing_time/tp99:77.34807766791022 - fully_async/processing_time/tp95:77.21440259319971 - fully_async/monitor/active_tasks_size:16.0 - fully_async/monitor/queue/pending_queue_size:128.0 - fully_async/monitor/queue/mq_queue_size:0.0 - fully_async/count/total_generated_samples:1280.0 - fully_async/count/staleness_samples:80.0 - fully_async/count/dropped_stale_samples:0.0 - fully_async/static/max_required_samples:640064.0 - fully_async/static/required_samples:64.0 - fully_async/static/staleness_threshold:10000.0 - fully_async/static/max_queue_size:640064.0 - fully_async/static/max_concurrent_samples:16.0 - fully_async/partial/total_partial_num:99.0 - fully_async/partial/partial_ratio:0.193359375 - fully_async/partial/max_partial_span:1.0 - timing_s/agent_loop/tool_calls/max:0.0 - timing_s/agent_loop/tool_calls/min:0.0 - timing_s/agent_loop/tool_calls/mean:0.0 - fully_async/total_wait_time:77.66843128204346 - actor/pg_clipfrac:0.0002919416258395579 - actor/ppo_kl:0.0006562255223274626 - actor/pg_clipfrac_lower:6.358301713286588e-07 - actor/pg_loss:0.06778242663494893 - actor/loss:0.0677824318408966 - actor/grad_norm:0.025028906762599945 - actor/lr:1e-06 - actor/perf/max_memory_allocated_gb:40.323824882507324 - actor/perf/max_memory_reserved_gb:73.130859375 - actor/perf/cpu_memory_used_gb:52.16286849975586 - perf/mfu/actor:0.32210290173823714 - dynamic_resource/train_compute_time_s:128.87634391100073 - dynamic_resource/train_allocated_time_s:229.33352828025818 - critic/score/mean:-0.5703125 - critic/score/max:1.0 - critic/score/min:-1.0 - critic/rewards/mean:-0.5703125 - critic/rewards/max:1.0 - critic/rewards/min:-1.0 - critic/advantages/mean:-0.06775883585214615 - critic/advantages/max:2.474870204925537 - critic/advantages/min:-2.474870204925537 - critic/returns/mean:-0.06775883585214615 - critic/returns/max:2.474870204925537 - critic/returns/min:-2.474870204925537 - response_length/mean:6164.345703125 - response_length/max:8192.0 - response_length/min:520.0 - response_length/clip_ratio:0.478515625 - response_length_non_aborted/mean:6164.345703125 - response_length_non_aborted/max:8192.0 - response_length_non_aborted/min:520.0 - response_length_non_aborted/clip_ratio:0.478515625 - response/aborted_ratio:0.0 - prompt_length/mean:157.859375 - prompt_length/max:436.0 - prompt_length/min:85.0 - prompt_length/clip_ratio:0.0 - num_turns/min:2.0 - num_turns/max:2.0 - num_turns/mean:2.0 - timing_s/start_profile:5.210000381339341e-06 - timing_s/gen:78.0036886730013 - timing_s/reward:1.7472000763518736e-05 - timing_s/adv:0.009286442000302486 - timing_s/update_actor:128.86703999699967 - timing_s/timing_s/param_sync:1.646831269001268 - timing_s/step:229.33354949299974 - timing_s/stop_profile:4.800000169780105e-06 - timing_per_token_ms/adv:2.8688696123758015e-06 - timing_per_token_ms/update_actor:0.03981102074100792 - timing_per_token_ms/gen:0.024714862172999435 - perf/total_num_tokens:3236969.0 - perf/time_per_step:229.33354949299974 - perf/throughput:7057.338551546743 - dynamic_resource/mq_size:41.0 - fully_async/trainer/idle_ratio:0.3401320428059843 - dynamic_resource/train_resource_utilization:0.5619603242379229 - dynamic_resource/rollout_resource_utilization:0.9999990145682487 - dynamic_resource/resource_utilization:0.7809796694030857
[36m(FullyAsyncTrainer pid=15032)[0m [FullyAsyncTrainer] Requesting 64 samples from queue
[36m(FullyAsyncTrainer pid=15032)[0m [FullyAsyncTrainer] sample collected 1/64. mq_len: 41
[36m(FullyAsyncTrainer pid=15032)[0m [FullyAsyncTrainer] sample collected 2/64. mq_len: 40
[36m(FullyAsyncTrainer pid=15032)[0m Training Progress:  28%|██▊       | 22/80 [1:24:28<3:34:25, 221.81s/it]
[36m(FullyAsyncRollouter pid=17027)[0m [FullyAsyncRollouter][RolloutResourceUtilization] raw active_count_history (timestamp, active_count, max_concurrent): [(1785039683.640191, 15, 16), (1785039683.6403253, 16, 16), (1785039683.7303374, 15, 16), (1785039683.730364, 16, 16), (1785039684.130218, 15, 16), (1785039684.130246, 16, 16), (1785039689.6378608, 15, 16), (1785039689.6378882, 16, 16), (1785039698.7964194, 15, 16), (1785039698.7964892, 16, 16), (1785039703.5706677, 15, 16), (1785039703.570697, 16, 16), (1785039703.8009267, 15, 16), (1785039703.800951, 16, 16), (1785039704.5950527, 15, 16), (1785039704.5951207, 16, 16), (1785039707.9960015, 15, 16), (1785039707.996025, 16, 16), (1785039712.0388017, 15, 16), (1785039712.0388846, 16, 16), (1785039714.5512297, 15, 16), (1785039714.5512528, 16, 16), (1785039716.1211662, 15, 16), (1785039716.121192, 16, 16), (1785039720.7420106, 15, 16), (1785039720.7420366, 16, 16), (1785039727.026658, 15, 16), (1785039727.026707, 16, 16), (1785039727.8875847, 15, 16), (1785039727.8876104, 16, 16), (1785039729.3814826, 15, 16), (1785039729.3815043, 16, 16), (1785039729.488973, 15, 16), (1785039729.4889936, 16, 16), (1785039729.5459695, 15, 16), (1785039729.5459886, 16, 16), (1785039746.0600488, 15, 16), (1785039746.060114, 16, 16), (1785039746.5827358, 15, 16), (1785039746.582759, 16, 16), (1785039751.3223817, 15, 16), (1785039751.3224049, 16, 16), (1785039757.2008393, 15, 16), (1785039757.2008886, 16, 16), (1785039759.6288035, 15, 16), (1785039759.6288364, 16, 16), (1785039762.6526985, 15, 16), (1785039762.6527188, 16, 16), (1785039763.4182508, 15, 16), (1785039763.418272, 16, 16), (1785039766.721146, 15, 16), (1785039766.7211788, 16, 16), (1785039770.585191, 15, 16), (1785039770.5852406, 16, 16), (1785039772.7326448, 15, 16), (1785039772.732667, 16, 16), (1785039774.0296392, 15, 16), (1785039774.029671, 16, 16), (1785039777.7664425, 15, 16), (1785039777.7664633, 16, 16), (1785039784.8491173, 15, 16), (1785039784.8491647, 16, 16), (1785039786.9130163, 15, 16), (1785039786.913037, 16, 16), (1785039786.9660158, 15, 16), (1785039786.9660397, 16, 16), (1785039786.9784281, 15, 16), (1785039786.9784455, 16, 16), (1785039793.0302303, 15, 16), (1785039793.0302525, 16, 16), (1785039801.7821217, 15, 16), (1785039801.7821703, 16, 16), (1785039802.2861755, 15, 16), (1785039802.2861974, 16, 16), (1785039804.897, 15, 16), (1785039804.897023, 16, 16), (1785039807.9270897, 15, 16), (1785039807.9271157, 16, 16), (1785039810.24058, 15, 16), (1785039810.2406018, 16, 16), (1785039810.833074, 15, 16), (1785039810.8330967, 16, 16), (1785039816.630692, 15, 16), (1785039816.6307435, 16, 16), (1785039819.4600575, 15, 16), (1785039819.460079, 16, 16), (1785039819.967634, 15, 16), (1785039819.967655, 16, 16), (1785039821.3664527, 15, 16), (1785039821.3664756, 16, 16), (1785039827.997822, 15, 16), (1785039827.9978726, 16, 16), (1785039829.766219, 15, 16), (1785039829.7662427, 16, 16), (1785039831.326916, 15, 16), (1785039831.3269382, 16, 16), (1785039843.099275, 15, 16), (1785039843.0993247, 16, 16), (1785039845.4176476, 15, 16), (1785039845.4176695, 16, 16), (1785039850.359958, 15, 16), (1785039850.3599796, 16, 16), (1785039851.7747707, 15, 16), (1785039851.7747962, 16, 16), (1785039853.3986502, 15, 16), (1785039853.3986976, 16, 16), (1785039859.43999, 15, 16), (1785039859.4400115, 16, 16), (1785039859.9734645, 15, 16), (1785039859.9734921, 16, 16), (1785039862.015299, 15, 16), (1785039862.0153213, 16, 16), (1785039862.161463, 15, 16), (1785039862.1614826, 16, 16), (1785039865.0862334, 15, 16), (1785039865.086282, 16, 16), (1785039866.9702907, 15, 16), (1785039866.9703119, 16, 16), (1785039868.2579625, 15, 16), (1785039868.2579863, 16, 16), (1785039871.6869419, 15, 16), (1785039871.6869626, 16, 16), (1785039871.8539443, 15, 16), (1785039871.8539648, 16, 16), (1785039872.7975767, 15, 16), (1785039872.7976065, 16, 16), (1785039883.1978357, 15, 16), (1785039883.1978843, 16, 16), (1785039884.8725557, 15, 16), (1785039884.8726308, 16, 16), (1785039889.3513834, 15, 16), (1785039889.3524554, 15, 16)]
[36m(FullyAsyncRollouter pid=17027)[0m [FullyAsyncRollouter][Public][reset_staleness] reset staleness_samples to: 57 idle_ratio: 0.0000 step_generated_samples(this_step): 65 rollout_resource_utilization: 1.0000 recent_history(last 10 steps): [(14, 70), (15, 63), (16, 62), (17, 64), (18, 65), (19, 62), (20, 69), (21, 58), (22, 67), (23, 65)]
[36m(FullyAsyncTrainer pid=15032)[0m [FullyAsyncTrainer] sample collected 3/64. mq_len: 39
[36m(FullyAsyncTrainer pid=15032)[0m [FullyAsyncTrainer] sample collected 4/64. mq_len: 38
[36m(FullyAsyncTrainer pid=15032)[0m [FullyAsyncTrainer] sample collected 5/64. mq_len: 37
[36m(FullyAsyncTrainer pid=15032)[0m [FullyAsyncTrainer] sample collected 6/64. mq_len: 36
[36m(FullyAsyncTrainer pid=15032)[0m [FullyAsyncTrainer] sample collected 7/64. mq_len: 35
[36m(FullyAsyncTrainer pid=15032)[0m [FullyAsyncTrainer] sample collected 8/64. mq_len: 34
[36m(FullyAsyncTrainer pid=15032)[0m [FullyAsyncTrainer] sample collected 9/64. mq_len: 33
[36m(FullyAsyncTrainer pid=15032)[0m [FullyAsyncTrainer] sample collected 10/64. mq_len: 32
[36m(FullyAsyncTrainer pid=15032)[0m [FullyAsyncTrainer] sample collected 11/64. mq_len: 31
[36m(FullyAsyncTrainer pid=15032)[0m [FullyAsyncTrainer] sample collected 12/64. mq_len: 30
[36m(FullyAsyncTrainer pid=15032)[0m [FullyAsyncTrainer] sample collected 13/64. mq_len: 29
[36m(FullyAsyncTrainer pid=15032)[0m [FullyAsyncTrainer] sample collected 14/64. mq_len: 28
[36m(FullyAsyncTrainer pid=15032)[0m [FullyAsyncTrainer] sample collected 15/64. mq_len: 27
[36m(FullyAsyncTrainer pid=15032)[0m [FullyAsyncTrainer] sample collected 16/64. mq_len: 26
[36m(FullyAsyncTrainer pid=15032)[0m [FullyAsyncTrainer] sample collected 17/64. mq_len: 25
[36m(FullyAsyncTrainer pid=15032)[0m [FullyAsyncTrainer] sample collected 18/64. mq_len: 24
[36m(FullyAsyncTrainer pid=15032)[0m [FullyAsyncTrainer] sample collected 19/64. mq_len: 23
[36m(FullyAsyncTrainer pid=15032)[0m [FullyAsyncTrainer] sample collected 20/64. mq_len: 22
[36m(FullyAsyncTrainer pid=15032)[0m [FullyAsyncTrainer] sample collected 21/64. mq_len: 21
[36m(FullyAsyncTrainer pid=15032)[0m [FullyAsyncTrainer] sample collected 22/64. mq_len: 20
[36m(FullyAsyncTrainer pid=15032)[0m [FullyAsyncTrainer] sample collected 23/64. mq_len: 19
[36m(FullyAsyncTrainer pid=15032)[0m [FullyAsyncTrainer] sample collected 24/64. mq_len: 18
[36m(FullyAsyncTrainer pid=15032)[0m [FullyAsyncTrainer] sample collected 25/64. mq_len: 17
[36m(FullyAsyncTrainer pid=15032)[0m [FullyAsyncTrainer] sample collected 26/64. mq_len: 16
[36m(FullyAsyncTrainer pid=15032)[0m [FullyAsyncTrainer] sample collected 27/64. mq_len: 15
[36m(FullyAsyncTrainer pid=15032)[0m [FullyAsyncTrainer] sample collected 28/64. mq_len: 14
[36m(FullyAsyncTrainer pid=15032)[0m [FullyAsyncTrainer] sample collected 29/64. mq_len: 13
[36m(FullyAsyncTrainer pid=15032)[0m [FullyAsyncTrainer] sample collected 30/64. mq_len: 12
[36m(FullyAsyncTrainer pid=15032)[0m [FullyAsyncTrainer] sample collected 31/64. mq_len: 11
[36m(FullyAsyncTrainer pid=15032)[0m [FullyAsyncTrainer] sample collected 32/64. mq_len: 10
[36m(FullyAsyncTrainer pid=15032)[0m [FullyAsyncTrainer] sample collected 33/64. mq_len: 9
[36m(FullyAsyncTrainer pid=15032)[0m [FullyAsyncTrainer] sample collected 34/64. mq_len: 8
[36m(FullyAsyncTrainer pid=15032)[0m [FullyAsyncTrainer] sample collected 35/64. mq_len: 7
[36m(FullyAsyncTrainer pid=15032)[0m [FullyAsyncTrainer] sample collected 36/64. mq_len: 6
[36m(FullyAsyncTrainer pid=15032)[0m [FullyAsyncTrainer] sample collected 37/64. mq_len: 5
[36m(FullyAsyncTrainer pid=15032)[0m [FullyAsyncTrainer] sample collected 38/64. mq_len: 4
[36m(FullyAsyncTrainer pid=15032)[0m [FullyAsyncTrainer] sample collected 39/64. mq_len: 3
[36m(FullyAsyncTrainer pid=15032)[0m [FullyAsyncTrainer] sample collected 40/64. mq_len: 2
[36m(FullyAsyncTrainer pid=15032)[0m [FullyAsyncTrainer] sample collected 41/64. mq_len: 1
[36m(FullyAsyncTrainer pid=15032)[0m [FullyAsyncTrainer] sample collected 42/64. mq_len: 0
[36m(FullyAsyncTrainer pid=15032)[0m [FullyAsyncTrainer] sample collected 43/64. mq_len: 0
[36m(FullyAsyncTrainer pid=15032)[0m [FullyAsyncTrainer] sample collected 44/64. mq_len: 0
[36m(FullyAsyncTrainer pid=15032)[0m [FullyAsyncTrainer] sample collected 45/64. mq_len: 0
[36m(FullyAsyncTrainer pid=15032)[0m [FullyAsyncTrainer] sample collected 46/64. mq_len: 0
[36m(FullyAsyncTrainer pid=15032)[0m [FullyAsyncTrainer] sample collected 47/64. mq_len: 0
[36m(FullyAsyncTrainer pid=15032)[0m [FullyAsyncTrainer] sample collected 48/64. mq_len: 0
[36m(FullyAsyncTrainer pid=15032)[0m [FullyAsyncTrainer] sample collected 49/64. mq_len: 0
[36m(FullyAsyncTrainer pid=15032)[0m [FullyAsyncTrainer] sample collected 50/64. mq_len: 0
[36m(FullyAsyncTrainer pid=15032)[0m [FullyAsyncTrainer] sample collected 51/64. mq_len: 0
[36m(FullyAsyncTrainer pid=15032)[0m [FullyAsyncTrainer] sample collected 52/64. mq_len: 0
[36m(FullyAsyncTrainer pid=15032)[0m 
[36m(FullyAsyncTrainer pid=15032)[0m [FullyAsyncTrainer] sample collected 53/64. mq_len: 0
[36m(FullyAsyncTrainer pid=15032)[0m [FullyAsyncTrainer] sample collected 54/64. mq_len: 0
[36m(FullyAsyncTrainer pid=15032)[0m [FullyAsyncTrainer] sample collected 55/64. mq_len: 0
[36m(FullyAsyncTrainer pid=15032)[0m [FullyAsyncTrainer] sample collected 56/64. mq_len: 0
[36m(FullyAsyncRollouter pid=17027)[0m [FullyAsyncRollouter][MonitorLoop][Statistics] {'count/dropped_stale_samples': 0,
[36m(FullyAsyncRollouter pid=17027)[0m  'count/staleness_samples': 72,
[36m(FullyAsyncRollouter pid=17027)[0m  'count/total_generated_samples': 1464,
[36m(FullyAsyncRollouter pid=17027)[0m  'monitor/active_tasks_size': 16,
[36m(FullyAsyncRollouter pid=17027)[0m  'monitor/queue/mq_queue_size': 0,
[36m(FullyAsyncRollouter pid=17027)[0m  'monitor/queue/pending_queue_size': 128,
[36m(FullyAsyncRollouter pid=17027)[0m  'static/max_concurrent_samples': 16,
[36m(FullyAsyncRollouter pid=17027)[0m  'static/max_queue_size': 640064,
[36m(FullyAsyncRollouter pid=17027)[0m  'static/max_required_samples': 640064,
[36m(FullyAsyncRollouter pid=17027)[0m  'static/required_samples': 64,
[36m(FullyAsyncRollouter pid=17027)[0m  'static/staleness_threshold': 10000}
[36m(FullyAsyncTrainer pid=15032)[0m [FullyAsyncTrainer] sample collected 57/64. mq_len: 0
[36m(FullyAsyncTrainer pid=15032)[0m [FullyAsyncTrainer] sample collected 58/64. mq_len: 0
[36m(FullyAsyncTrainer pid=15032)[0m [FullyAsyncTrainer] sample collected 59/64. mq_len: 0
[36m(FullyAsyncTrainer pid=15032)[0m [FullyAsyncTrainer] sample collected 60/64. mq_len: 0
[36m(FullyAsyncTrainer pid=15032)[0m [FullyAsyncTrainer] sample collected 61/64. mq_len: 0
[36m(FullyAsyncTrainer pid=15032)[0m [FullyAsyncTrainer] sample collected 62/64. mq_len: 0
[36m(FullyAsyncTrainer pid=15032)[0m [FullyAsyncTrainer] sample collected 63/64. mq_len: 0
[36m(FullyAsyncTrainer pid=15032)[0m [FullyAsyncTrainer] sample collected 64/64. mq_len: 0
[36m(FullyAsyncTrainer pid=15032)[0m [FullyAsyncTrainer] Collected 64/64 samples. mq_len: 0
[36m(FullyAsyncTrainer pid=15032)[0m [FullyAsyncTrainer] Loop collection completed: 64/64 samples, total wait time: 87.20 seconds. mq_len: 0
[36m(FullyAsyncTrainer pid=15032)[0m [BatchUtils] Assembling batch from 64 RolloutSample objects
[36m(FullyAsyncTrainer pid=15032)[0m [BatchUtils] Batch assembly completed in 0.22s
[36m(FullyAsyncRollouter pid=17027)[0m [FullyAsyncRollouter][MonitorLoop][Statistics] {'count/dropped_stale_samples': 0,
[36m(FullyAsyncRollouter pid=17027)[0m  'count/staleness_samples': 95,
[36m(FullyAsyncRollouter pid=17027)[0m  'count/total_generated_samples': 1487,
[36m(FullyAsyncRollouter pid=17027)[0m  'monitor/active_tasks_size': 16,
[36m(FullyAsyncRollouter pid=17027)[0m  'monitor/queue/mq_queue_size': 15,
[36m(FullyAsyncRollouter pid=17027)[0m  'monitor/queue/pending_queue_size': 128,
[36m(FullyAsyncRollouter pid=17027)[0m  'static/max_concurrent_samples': 16,
[36m(FullyAsyncRollouter pid=17027)[0m  'static/max_queue_size': 640064,
[36m(FullyAsyncRollouter pid=17027)[0m  'static/max_required_samples': 640064,
[36m(FullyAsyncRollouter pid=17027)[0m  'static/required_samples': 64,
[36m(FullyAsyncRollouter pid=17027)[0m  'static/staleness_threshold': 10000}
[36m(MessageQueue pid=23826)[0m MessageQueue stats: produced=1500, queue_size=28
[36m(vLLMHttpServer pid=19201)[0m (Worker pid=20570) WARNING 07-26 04:27:59 [multiproc_executor.py:884] WorkerProc was terminated
Traceback (most recent call last):
  File "<frozen runpy>", line 198, in _run_module_as_main
  File "<frozen runpy>", line 88, in _run_code
  File "/workspace/verl-src/verl/experimental/fully_async_policy/fully_async_main.py", line 243, in <module>
    main()
  File "/usr/local/lib/python3.12/dist-packages/hydra/main.py", line 94, in decorated_main
    _run_hydra(
  File "/usr/local/lib/python3.12/dist-packages/hydra/_internal/utils.py", line 394, in _run_hydra
    _run_app(
  File "/usr/local/lib/python3.12/dist-packages/hydra/_internal/utils.py", line 457, in _run_app
    run_and_report(
  File "/usr/local/lib/python3.12/dist-packages/hydra/_internal/utils.py", line 220, in run_and_report
    return func()
           ^^^^^^
  File "/usr/local/lib/python3.12/dist-packages/hydra/_internal/utils.py", line 458, in <lambda>
    lambda: hydra.run(
            ^^^^^^^^^^
  File "/usr/local/lib/python3.12/dist-packages/hydra/_internal/hydra.py", line 119, in run
    ret = run_job(
          ^^^^^^^^
  File "/usr/local/lib/python3.12/dist-packages/hydra/core/utils.py", line 186, in run_job
    ret.return_value = task_function(task_cfg)
                       ^^^^^^^^^^^^^^^^^^^^^^^
  File "/workspace/verl-src/verl/experimental/fully_async_policy/fully_async_main.py", line 238, in main
    run_ppo(config, task_runner_class=FullyAsyncTaskRunner)
  File "/workspace/verl-src/verl/trainer/main_ppo.py", line 94, in run_ppo
    ray.get(runner.run.remote(config))
  File "/usr/local/lib/python3.12/dist-packages/ray/_private/auto_init_hook.py", line 22, in auto_init_wrapper
    return fn(*args, **kwargs)
           ^^^^^^^^^^^^^^^^^^^
  File "/usr/local/lib/python3.12/dist-packages/ray/_private/client_mode_hook.py", line 107, in wrapper
    return func(*args, **kwargs)
           ^^^^^^^^^^^^^^^^^^^^^
  File "/usr/local/lib/python3.12/dist-packages/ray/_private/worker.py", line 2980, in get
    values, debugger_breakpoint = worker.get_objects(
                                  ^^^^^^^^^^^^^^^^^^^
  File "/usr/local/lib/python3.12/dist-packages/ray/_private/worker.py", line 993, in get_objects
    ] = self.core_worker.get_objects(
        ^^^^^^^^^^^^^^^^^^^^^^^^^^^^^
  File "python/ray/_raylet.pyx", line 3012, in ray._raylet.CoreWorker.get_objects
  File "python/ray/includes/common.pxi", line 104, in ray._raylet.check_status
KeyboardInterrupt
